update,environment_steps,mean_episode_return,all_hit_rate,all_sync_rate,hit_fraction,target_coverage_rate,complete_group_rate,coordinated_group_rate,mean_sync_spread_s,trust_mean,trust_std,guided_action_fraction,actor_update_fraction,completed_episodes,policy_loss,value_loss,entropy,approx_kl,importance_ratio,actor_grad_norm,critic_grad_norm,adaptive_kl_coef,actor_lr,wall_time_s
1,1024,442548.00583179295,1.0,1.0,1.0,1.0,1.0,1.0,0.04375000000000018,0.7708589281098738,0.02093051668301925,0.1952699994273607,0.8047300005726393,1,-0.018282123922836034,0.8777355968952179,2.7610503315925596,0.23806720445753937,0.8671246290206909,1.0903057500720024,4.813087124377489,0.029192926025390625,0.0002999978442511331,25.375560998916626
2,2048,684572.2868563086,1.0,1.0,1.0,1.0,1.0,1.0,0.037499999999999645,0.7373795200973676,0.0385398271759556,0.21989039730975216,0.7801096026902479,1,-0.0017354003051877954,0.6428332209587098,2.75646253824234,-0.030116821995195164,1.0589685708284378,4.0702046155929565,1.5985341757535934,0.28986133239404993,0.0002999913770667033,50.92299461364746
3,3072,573912.2413528804,1.0,1.0,1.0,1.0,1.0,1.0,0.04375000000000018,0.7124333017266794,0.05383230218187488,0.2727124316382336,0.7272875683617663,1,0.006819298700429499,0.4511119171977043,2.7415907740592957,-0.038622369769502486,1.0375982701778412,3.6759893894195557,0.7729077316820622,0.8392482826463576,0.0002999805986332205,76.03385472297668
4,4096,508182.1585479304,1.0,1.0,1.0,1.0,1.0,1.0,0.03750000000000009,0.6897132445953054,0.06908786525886053,0.29697525206232817,0.7030247479376719,2,0.016818206198513506,0.41879360377788544,2.7272509574890136,-0.2366315284219458,1.2867418229579926,2.7125043511390685,0.9548021793365479,0.10203299857502475,0.0002999655092615288,102.75807166099548
5,5120,442502.9968570098,1.0,1.0,1.0,1.0,1.0,1.0,0.037499999999999645,0.6687467885942255,0.08331769013176323,0.29128941617233844,0.7087105838276616,1,0.003555019327905029,0.38745635002851486,2.717722988128662,0.005225175966202205,1.0021443694829941,2.5391869753599168,2.8230480521917345,0.21883009987107865,0.00029994610938679735,128.8803071975708
6,6144,816296.8131531999,1.0,1.0,1.0,1.0,1.0,1.0,0.03750000000000009,0.650832818667954,0.09551953007480277,0.3356188101669091,0.6643811898330909,1,0.00033810301683843134,0.578844091296196,2.701760482788086,0.026402925837218878,0.9894999712705612,2.201546770334244,2.0807221293449403,0.8076061604554579,0.00029992239956850794,153.7784242630005
7,7168,508113.04571837187,1.0,1.0,1.0,1.0,1.0,1.0,0.03750000000000031,0.6343342246870172,0.10522825466652479,0.36054802180903117,0.6394519781909688,2,0.0008318987442180514,0.3404266029596329,2.6830439448356627,-0.022579774165910383,1.015988326072693,1.638795417547226,0.8579661607742309,0.09818605521490914,0.0002998943804904386,178.958402633667
8,8192,442641.94489498436,1.0,1.0,1.0,1.0,1.0,1.0,0.03125,0.6198355622201109,0.11634722352693432,0.3792090262678498,0.6207909737321502,1,0.0040685283835046,0.2971910789608955,2.666121006011963,0.01588210358476285,0.990157100558281,1.9853967398405075,1.4216672375798225,0.23397729240862689,0.0002998620529606442,204.88925790786743
9,9216,882266.7778685801,1.0,1.0,1.0,1.0,1.0,1.0,0.04062499999999991,0.6088289004478598,0.12577418570844184,0.3980771816592712,0.6019228183407288,2,-0.0005164009169675409,0.5589382618665695,2.649670195579529,0.019313411243719235,0.9960382521152497,1.5099725037813188,1.662086595594883,0.6294972016655989,0.0002998254179114328,230.7679796218872
10,10240,442695.6361873448,1.0,1.0,1.0,1.0,1.0,1.0,0.03750000000000009,0.5967990046490574,0.1324995329855261,0.39414325286901464,0.6058567471309854,1,-0.0005275100396829657,0.25662711933255195,2.6334032297134398,-0.021351035964949684,1.0156270265579224,1.2746980339288712,0.5023347035050392,0.0765321638526285,0.0002997844763993392,257.3616771697998
11,11264,816399.2494989783,1.0,1.0,1.0,1.0,1.0,1.0,0.04999999999999982,0.5887326333466956,0.139809743455551,0.42944337557221524,0.5705566244277848,1,0.007132004387676716,0.42582034766674043,2.6177857637405397,0.022490217393207557,0.9853783488273621,2.6182212084531784,1.2739378795027734,0.30396014385167547,0.000299739229605094,282.80078077316284
12,12288,508207.16108213365,1.0,1.0,1.0,1.0,1.0,1.0,0.03125000000000022,0.5797723646935471,0.14670613891419998,0.42691616168342544,0.5730838383165745,2,0.0016524599166586995,0.29296381324529647,2.6035522341728212,0.010980757213462575,0.9944396257400513,1.586109885573387,0.9654929518699646,0.5867127949619424,0.00029968967883358983,307.7773401737213
13,13312,442645.98185002804,1.0,1.0,1.0,1.0,1.0,1.0,0.024999999999999467,0.5754613788773784,0.15374335228578617,0.43161729574773056,0.5683827042522694,1,-0.0010846975957974792,0.2553698651492596,2.5918344855308533,-0.013302300998198225,1.0117547154426574,1.4066950112581253,1.4798951596021652,0.10871906541221706,0.0002996358255138437,333.155535697937
14,14336,816140.2665812522,1.0,1.0,1.0,1.0,1.0,1.0,0.03750000000000053,0.5729743044746451,0.1631544655335931,0.45362426035502956,0.5463757396449704,1,0.012951785302720963,0.43430656343698504,2.579630935192108,0.02289444238960925,0.9824388593435287,3.852652907371521,1.1118524819612503,0.43046721000000016,0.00029957767119895577,359.65234994888306
15,15360,508571.66567875445,1.0,1.0,1.0,1.0,1.0,1.0,0.046875,0.5650095642380211,0.166455481320537,0.4412171507607192,0.5587828492392808,2,0.00126315935049206,0.24575593322515488,2.564496111869812,-0.01602793099035239,1.016345077753067,1.3993224442005157,0.7178017571568489,0.0523347633027361,0.0002995152175660644,388.9263348579407
16,16384,816553.2638725191,1.0,1.0,1.0,1.0,1.0,1.0,0.02499999999999991,0.5600632368601717,0.17090896490106608,0.4710893942241433,0.5289106057758567,1,0.006332115922123194,0.42982114404439925,2.5559073805809023,0.023829693543098975,0.9831557393074035,3.0952453136444094,1.4601308301091194,0.31178424954588635,0.000299448466416298,415.46338653564453
17,17408,508183.9401654899,1.0,1.0,1.0,1.0,1.0,1.0,0.025000000000000133,0.5539997347756744,0.1749283616625799,0.46663071322637184,0.5333692867736282,2,-0.0024098774360027165,0.339100094139576,2.5435165762901306,0.0047939620975223475,0.9997912645339966,1.21625746935606,1.2236406996846199,0.07925137297318904,0.00029937741967472306,448.6600263118744
18,18432,442676.43932328373,1.0,1.0,1.0,1.0,1.0,1.0,0.03750000000000009,0.548991784581981,0.17851989069880705,0.4493363737356019,0.550663626264398,1,0.002502009435556829,0.21447259932756424,2.5262709259986877,0.003294672760132533,0.9976563543081284,2.2024379163980483,0.6593924276530743,0.16997036355734543,0.0002993020793902885,482.558531999588
19,19456,816203.0947605371,1.0,1.0,1.0,1.0,1.0,1.0,0.03750000000000009,0.5435916649868427,0.1821205253178309,0.47527472527472525,0.5247252747252747,1,0.01056498452089727,0.5203136518597603,2.5108173847198487,0.004853445783365909,1.0120058834552765,3.6545136481523515,1.6675367429852486,0.31381059609000017,0.0002992224477357666,510.74045872688293
20,20480,508421.2728761025,1.0,1.0,1.0,1.0,1.0,1.0,0.031249999999999778,0.5344627455580876,0.18208738062725313,0.4749730571189079,0.5250269428810921,2,-0.0025786028360016643,0.29620619863271713,2.495872902870178,-0.0006720516099713413,1.0021478146314622,1.3100861683487892,1.9974893644452094,0.04710128697246249,0.00029913852700769053,537.1297137737274
21,21504,530675.3189337552,1.0,1.0,1.0,1.0,1.0,1.0,0.02499999999999991,0.5307141010316536,0.18675717862510374,0.4760337502244031,0.5239662497755969,1,-0.0015309550683014095,0.28896224945783616,2.4896896719932555,0.021200060205751638,0.9897868484258652,1.3247972667217254,1.508254961669445,0.1539675306399438,0.00029905031962628787,572.2815539836884
22,22528,727939.094018802,1.0,1.0,1.0,1.0,1.0,1.0,0.03125,0.5273786137804111,0.18909218077358086,0.5195683684973426,0.48043163150265744,1,-0.0013186598545871675,0.3269983544945717,2.480567991733551,0.014667345740394234,0.9927903801202774,1.9269560158252717,1.409272162616253,0.2446030030036697,0.00029895782813541097,604.4865231513977
23,23552,508413.12948048115,1.0,1.0,1.0,1.0,1.0,1.0,0.02187500000000009,0.5260463376631074,0.19158034339835672,0.48317802250998426,0.5168219774900157,2,-0.0015530215750914067,0.20796494334936141,2.46921706199646,0.011604666235654685,0.9953098386526108,1.5156870275735854,0.5973719134926796,0.3497332583484472,0.00029886105520246346,631.064733505249
24,24576,772727.7267558635,1.0,1.0,1.0,1.0,1.0,1.0,0.031249999999999556,0.5212159548094504,0.19279098273998022,0.49133699958606825,0.5086630004139318,1,0.0023525928845629096,0.3407769680023193,2.461342120170593,5.2992046328967366e-05,0.9979161143302917,3.0719325214624407,0.6604956891387701,0.40503924277038106,0.0002987600036183236,656.4231350421906
25,25600,552154.3726512045,1.0,1.0,1.0,1.0,1.0,1.0,0.046875,0.5200998650558142,0.19412883254624655,0.5200135455469015,0.47998645445309857,2,-0.0050787021609721705,0.24165627285838126,2.4495861530303955,0.004523907397892729,1.0023620843887329,1.2375561088323592,1.0933874674141406,0.06754913047177007,0.0002986546762972634,682.3837993144989
26,26624,442564.91068133106,1.0,1.0,1.0,1.0,1.0,1.0,0.03125,0.519663689959692,0.19812910999205488,0.49805919456574477,0.5019408054342552,1,0.0005852328380569815,0.21394699513912202,2.4414253711700438,0.013757697191715657,0.9894583821296692,1.6360281586647034,1.1380606174468995,0.13038531510789278,0.00029854507627686487,708.2807769775391
27,27648,816259.5248787701,1.0,1.0,1.0,1.0,1.0,1.0,0.03750000000000009,0.518761004730232,0.19921722820387736,0.5032799604994005,0.49672003950059956,1,0.004725866520311683,0.362166465818882,2.4312697052955627,0.009245747182736486,0.9892887741327285,3.289703643321991,0.48050590604543686,0.31381059609000017,0.00029843120671793226,733.770055770874
28,28672,508384.8011478055,1.0,1.0,1.0,1.0,1.0,1.0,0.04062499999999991,0.5162204563473365,0.2002978747040168,0.48714060414897487,0.5128593958510251,2,-0.0039921226678416135,0.22771686911582947,2.417509114742279,0.0037583058284227588,0.9912559986114502,1.5762488663196563,0.5367765802890062,0.06461081889226679,0.000298313070904401,760.5792322158813
29,29696,596667.3774920702,1.0,1.0,1.0,1.0,1.0,1.0,0.031250000000000444,0.5124312634573365,0.19972657234264415,0.5051762312249417,0.49482376877505835,1,0.004671115032397211,0.25548679009079933,2.408777618408203,0.00823035800899644,1.0069525212049484,2.4875373780727386,0.6379287771880626,0.20785616636392418,0.0002981906722432429,786.6888229846954
30,30720,727993.3601382077,1.0,1.0,1.0,1.0,1.0,1.0,0.031249999999999778,0.5118069662584588,0.20129731817819707,0.5073232700642655,0.4926767299357346,2,-0.004470433562528342,0.33688215762376783,2.3987876415252685,0.01587626562681983,0.9833850204944611,1.9118554621934891,0.7871773391962051,0.12079160642156532,0.00029806401426436807,813.4006223678589
31,31744,442670.37870948017,1.0,1.0,1.0,1.0,1.0,1.0,0.031249999999999556,0.5103388305137262,0.1980622414251218,0.5007683988843986,0.49923160111560133,1,-6.236473564058542e-05,0.23139062374830247,2.3877519488334658,-0.0046934470789537054,1.0071504682302475,2.42787866294384,1.257296547293663,0.15543700371042107,0.00029793310062052294,839.7161118984222
32,32768,816399.5907137468,1.0,1.0,1.0,1.0,1.0,1.0,0.037499999999999645,0.5106574062614384,0.2011532678897449,0.521505018945689,0.478494981054311,1,-0.004675229865824804,0.35894494503736496,2.3760547041893005,0.023034592536698602,0.9775912046432496,1.745908683538437,0.28504428192973136,0.5162849793054367,0.00029779793508718486,865.5167365074158
33,33792,508276.6908380389,1.0,1.0,1.0,1.0,1.0,1.0,0.03750000000000009,0.5084870528432004,0.20205755606410375,0.501031459515214,0.49896854048478595,2,-0.005717258621007204,0.22710273861885072,2.3627990007400514,-0.010628835473102161,1.0171649158000946,1.3793336361646653,0.6753393620252609,0.08610178408685368,0.0002976585215624535,892.1236090660095
34,34816,442469.1639996767,1.0,1.0,1.0,1.0,1.0,1.0,0.03750000000000009,0.5073399473566899,0.20309008765155526,0.5104626244800202,0.48953737551997983,1,-0.0023100038524717093,0.20579181164503096,2.3523080348968506,0.006650695791278444,0.9993214517831802,1.9647567719221115,0.8490731328725815,0.15198554356148272,0.0002975148640669382,918.5471584796906
35,35840,882261.9482640624,1.0,1.0,1.0,1.0,1.0,1.0,0.028124999999999956,0.5075239071907055,0.20283967944235512,0.5339468302658487,0.46605316973415134,2,0.0010908767813816666,0.40308718383312225,2.3423840284347532,0.0017942065956634834,1.0079198986291886,2.8023844450712203,1.5491580829024314,0.21730885851315473,0.00029736696674364203,944.4611322879791
36,36864,442424.26097750664,1.0,1.0,1.0,1.0,1.0,1.0,0.04375000000000018,0.5073232531091274,0.20315655076604913,0.5183404229085753,0.4816595770914247,1,-0.0029022369184531272,0.2269704185426235,2.330504834651947,0.013462206010377679,0.9857752025127411,1.6155228555202483,1.6956906393170357,0.28414092677354397,0.0002972148338578425,970.2199759483337
37,37888,442412.88952201605,1.0,1.0,1.0,1.0,1.0,1.0,0.02499999999999991,0.5056973950402192,0.20418553298265135,0.5350110835832572,0.4649889164167427,1,-0.0017921606544405223,0.20227493196725846,2.3194767355918886,-0.009758040309018723,1.5665323466062546,1.8651522412896155,0.8816444650292397,0.2193828640793541,0.0002970584697969682,995.9953951835632
38,38912,882179.0047453642,1.0,1.0,1.0,1.0,1.0,1.0,0.03437499999999982,0.503945624469645,0.20310093641859653,0.5233127975357043,0.4766872024642957,2,-0.00466487294761464,0.4286963939666748,2.3062366962432863,0.026643206159396637,0.9759343951940537,1.9670737117528916,1.8938768304884435,0.29616686650712803,0.0002968978790704727,1021.4305610656738
39,39936,442593.3757891506,1.0,1.0,1.0,1.0,1.0,1.0,0.03750000000000009,0.5029352824694845,0.2026882211327001,0.5162938171569491,0.4837061828430509,1,0.005411536165047437,0.3156524822115898,2.293577778339386,0.02109000317851597,0.9769019573926926,3.459334969520569,1.357952466607094,0.9,0.0002967330663097041,1049.413402080536
40,40960,816560.6050744206,1.0,1.0,1.0,1.0,1.0,1.0,0.03750000000000009,0.5054136887949413,0.20322348919093627,0.5230261068411357,0.47697389315886424,1,0.0008069651201367378,0.45832078009843824,2.2824636816978456,-0.018746426362479293,1.021084576845169,2.7094144970178604,2.184219980239868,0.13508517176729928,0.0002965640362677718,1074.7920603752136
41,41984,508060.15630428493,1.0,1.0,1.0,1.0,1.0,1.0,0.03750000000000009,0.5051735121587806,0.20202180442071482,0.5222144358794674,0.4777855641205326,2,-0.0019589834730140863,0.22204257771372796,2.2723727226257324,0.015930447936285605,1.0104244977235795,1.678400182723999,0.6817559115588665,0.17662982614673434,0.0002963907938194092,1100.3090960979462
42,43008,442659.8710910231,1.0,1.0,1.0,1.0,1.0,1.0,0.04375000000000018,0.5050786680479178,0.20204844594075358,0.5109463482982077,0.48905365170179227,1,-0.0031653460413508584,0.18059285804629327,2.2615212917327883,0.024051333427494898,2.288408887386322,1.3395063072443008,0.22532158941030503,0.23467082859311664,0.00029621334396083315,1126.4098682403564
43,44032,816300.8640259951,1.0,1.0,1.0,1.0,1.0,1.0,0.018750000000000266,0.5045419550601526,0.2026853728446925,0.5269356749599275,0.47306432504007245,1,0.001366601511836052,0.33174718767404554,2.252568006515503,-0.003415931009159645,1.4765117466449738,2.852806121110916,0.883602349460125,0.20131934403594212,0.00029603169180959993,1152.7599260807037
44,45056,508430.52780020237,1.0,1.0,1.0,1.0,1.0,1.0,0.025000000000000133,0.5021018054993045,0.2019228333354182,0.5241458408789086,0.4758541591210914,2,0.00173270960804075,0.25093476101756096,2.2415940284729006,-0.03307477553928351,4282.279427656531,3.7345918297767637,1.4103241100907327,0.23315550556563147,0.0002958458426044576,1179.1783242225647
45,46080,530662.8290038481,1.0,1.0,1.0,1.0,1.0,1.0,0.03125,0.502372889281317,0.20101322266100888,0.5213947068355038,0.4786052931644962,1,0.004794117226265371,0.2112637512385845,2.2288790702819825,-0.04042205133509395,35743.06219275296,2.192376184463501,0.4574930652976036,0.10801046473876827,0.000295655801705195,1204.71391248703
46,47104,794030.4096068144,1.0,1.0,1.0,1.0,1.0,1.0,0.050000000000000044,0.5014468697526453,0.20223054526660128,0.5282092614302462,0.4717907385697538,2,0.0055812625912949445,0.33676529079675677,2.2168827056884766,0.0117512752057092,0.9996414512395859,3.115285137295723,1.126782776415348,0.3860832788738571,0.0002954615745924871,1229.9143679141998
47,48128,442562.7817096412,1.0,1.0,1.0,1.0,1.0,1.0,0.03125,0.503550914153856,0.20439162473098524,0.5166934475986431,0.4833065524013569,1,-0.0008134114323183894,0.1883355811238289,2.2048693537712096,-0.004986319922795518,1.0014670252799989,1.448608124256134,0.20261672213673593,0.09658171489473535,0.0002952631668677369,1256.7926278114319
48,49152,816504.4651145935,1.0,1.0,1.0,1.0,1.0,1.0,0.043749999999999734,0.5023276423425505,0.20381339408509452,0.5240227752543023,0.47597722474569765,1,0.0060204052249901,0.3408137485384941,2.197793114185333,0.011290286070767885,0.9971570491790771,3.6808172464370728,0.8974086463451385,0.38359025114428413,0.00029506058425291404,1282.3232052326202
49,50176,508285.7105188854,1.0,1.0,1.0,1.0,1.0,1.0,0.03750000000000009,0.5041850760674147,0.20489407863857675,0.5243440887805504,0.4756559112194496,2,0.0008529266226105392,0.2246647410094738,2.188463842868805,-0.010503621756161551,1.0069308906793595,1.7357706338167191,0.5074006389826536,0.057574838848985684,0.0002948538325903896,1308.879156589508
50,51200,640793.9346387237,1.0,1.0,1.0,1.0,1.0,1.0,0.018750000000000266,0.5057431713119995,0.2061714516284926,0.5102763187942453,0.4897236812057547,1,0.00922909441869706,0.27016358226537707,2.182814908027649,0.018513568963314464,0.9951370745897293,3.5726367861032484,1.2546651519834995,0.43046721000000016,0.00029464291784276784,1334.8608355522156
51,52224,684084.91241166,1.0,1.0,1.0,1.0,1.0,1.0,0.03750000000000009,0.5060150212967682,0.20586867152961036,0.5350758492984831,0.464924150701517,2,-0.0016250748187303544,0.3032955527305603,2.1742364287376406,-0.006528651514073819,1.002077615261078,1.459947767853737,0.792628987506032,0.0523347633027361,0.000294427846092714,1361.3260519504547
52,53248,442549.08937624097,1.0,1.0,1.0,1.0,1.0,1.0,0.050000000000000266,0.5067971176624151,0.2072562028244508,0.5252969908942894,0.47470300910571067,1,-0.002993033835082315,0.20262015983462334,2.1685518980026246,0.021206714300547026,0.9885188221931458,1.369547152519226,1.1571639828383922,0.1900833711604245,0.000294208623542779,1386.9032275676727
53,54272,816445.5499166427,1.0,1.0,1.0,1.0,1.0,1.0,0.03750000000000053,0.506989862650086,0.20683058390540765,0.531824798200344,0.46817520179965594,1,-0.0038549830904230477,0.3304659426212311,2.162565457820892,0.021162342045322368,0.9917933642864227,1.5263564974069594,0.8001078266650439,0.1385707775759495,0.0002939852565152205,1412.5434074401855
54,55296,508076.7282991931,1.0,1.0,1.0,1.0,1.0,1.0,0.025000000000000133,0.5069609158684183,0.2076730586027802,0.5410434660487325,0.45895653395126745,2,-0.0005364530137740075,0.27292497679591177,2.1592090368270873,0.008741770720274872,0.9959703385829926,2.329197010397911,1.8574697569012641,0.2201427027033029,0.00029375775145182065,1438.1413991451263
55,56320,442635.256977126,1.0,1.0,1.0,1.0,1.0,1.0,0.018750000000000266,0.5048697524666015,0.20719509667697614,0.5076941148831199,0.49230588511688006,1,-0.002019725600257516,0.22452495396137237,2.1517974376678466,0.0077221734306852086,0.9932422369718552,1.5636286616325379,1.79882942289114,0.09326220222625266,0.0002935261149137004,1464.4800996780396
56,57344,816361.973408848,1.0,1.0,1.0,1.0,1.0,1.0,0.025000000000000355,0.5006385472648225,0.2076660767142846,0.5183919048270204,0.48160809517297964,1,0.013756644050590693,0.3497838586568832,2.1440484642982485,0.009833519909527666,1.0163713335990905,3.874172878265381,1.3517321463674308,0.31381059609000017,0.00029329035358112996,1490.4436538219452
57,58368,508241.92355182767,1.0,1.0,1.0,1.0,1.0,1.0,0.03125000000000022,0.5024028281287796,0.20773620691823344,0.5242131546093699,0.47578684539063015,2,-0.0005694552091881633,0.21717446446418762,2.1334562420845034,0.01902223703945092,0.9849239945411682,2.0568807035684586,0.4415793612599373,0.7478104038456802,0.00029305047425333647,1515.87233376503
58,59392,442716.3895288408,1.0,1.0,1.0,1.0,1.0,1.0,0.03125,0.5004307683166459,0.20716170284722468,0.5168174437485502,0.4831825562514498,1,-0.0010203834855929018,0.21731830015778542,2.1238798022270204,-0.01226307098997922,1.016958898305893,2.026816928386688,1.7338075935840607,0.1539675306399438,0.00029280648384830767,1541.1697804927826
59,60416,882205.8891305178,1.0,1.0,1.0,1.0,1.0,1.0,0.03750000000000009,0.5009910044159487,0.20602261328500016,0.5341521664960764,0.46584783350392356,2,0.003606022952590138,0.3786505788564682,2.1133351922035217,0.009745921539277402,0.9926472097635269,2.5646738201379775,1.2140911504626275,0.29719264864945877,0.00029255838940259264,1566.4875373840332
60,61440,442601.60931801796,1.0,1.0,1.0,1.0,1.0,1.0,0.050000000000000266,0.5009222883222165,0.20486227116563696,0.5197886083382267,0.48021139166177335,1,-0.004353064153110609,0.195613481849432,2.099990224838257,0.012452118111141375,0.9852461457252503,1.150111848115921,0.5396394699811935,0.11513852126697853,0.00029230619807109863,1593.412288427353
61,62464,816425.1080429554,1.0,1.0,1.0,1.0,1.0,1.0,0.031250000000000444,0.5000993657540743,0.20493178056682673,0.5398768945661526,0.4601231054338474,1,0.009771287417970597,0.3233906090259552,2.0901033759117125,0.01295094514621351,1.0330079287290572,3.7272485196590424,0.6083001101389527,0.34867844010000015,0.0002920499171268849,1618.8127944469452
62,63488,508282.7691576909,1.0,1.0,1.0,1.0,1.0,1.0,0.025000000000000133,0.502600953225854,0.2063338853311316,0.5309757191363956,0.4690242808636043,2,-0.002134063025005162,0.22698116526007653,2.0809701442718507,0.007488822889551749,0.9858987718820572,1.8066244632005692,0.3681372169405222,0.12157665459056936,0.00029178955396095294,1644.0180144309998
63,64512,442632.2368162349,1.0,1.0,1.0,1.0,1.0,1.0,0.02499999999999991,0.5029373507057211,0.20665575168938485,0.5150828663407655,0.48491713365923456,1,-0.001173397625098005,0.18397768437862397,2.072978746891022,0.007935584103211667,0.9890133500099182,1.7677584066987038,0.25180644504725935,0.10429814604138518,0.000291525116082033,1669.4265432357788
64,65536,882043.7829624116,1.0,1.0,1.0,1.0,1.0,1.0,0.02187500000000009,0.502533255246522,0.2059962779467509,0.5425717096798608,0.45742829032013926,2,0.003700593626126647,0.3941065728664398,2.0648759841918944,0.012775177989003895,0.997747540473938,2.73233677148819,1.3428099781274796,0.20131934403594226,0.0002912566111163681,1694.740775346756
65,66560,442558.3183725551,1.0,1.0,1.0,1.0,1.0,1.0,0.03125,0.5033256725742818,0.20587932082910224,0.5103985128383873,0.4896014871616126,1,0.0022186082205735147,0.1932370074093342,2.055879092216492,0.003556917535443532,1.0023730516433715,2.889782565832138,1.003460768610239,0.31982922574160705,0.0002909840468074937,1721.1685554981232
66,67584,816563.6673130691,1.0,1.0,1.0,1.0,1.0,1.0,0.04375000000000018,0.5069436396866281,0.20675871242416943,0.5290044910179641,0.4709955089820359,1,-0.0017145232995972037,0.31474475413560865,2.043445515632629,0.00771136087199249,0.9915879756212235,2.62133047580719,0.3543787844479084,0.3763717499136634,0.0002907074310160144,1748.333601474762
67,68608,508127.0534468889,1.0,1.0,1.0,1.0,1.0,1.0,0.025000000000000133,0.5068666769793022,0.20648327465434477,0.5270552232577549,0.4729447767422451,2,-0.004155609684676165,0.2394522801041603,2.033999168872833,0.008475484154566481,0.9816392511129379,1.6449790120124816,1.0783721446990966,0.11810944319184317,0.00029042677171937757,1773.4661586284637
68,69632,442608.7495536357,1.0,1.0,1.0,1.0,1.0,1.0,0.04375000000000018,0.510881606402525,0.20774690145455244,0.5093333333333333,0.49066666666666664,1,-0.0009929672931320965,0.17689509987831115,2.02761173248291,0.008403755094918742,1.0010332643985749,2.2912286937236788,0.2540514599531889,0.18763647353269472,0.00029014207701164274,1799.3005440235138
69,70656,816252.284599103,1.0,1.0,1.0,1.0,1.0,1.0,0.05624999999999991,0.5118994197214055,0.20881678006534402,0.5294075963718821,0.47059240362811794,1,5.0187739543616774e-05,0.3128273352980614,2.0187795519828797,0.02084646791447615,0.990121579170227,3.4943858444690705,0.3086708694696426,0.24534297336466848,0.00028985335510324874,1824.5847420692444
70,71680,508291.6833065972,1.0,1.0,1.0,1.0,1.0,1.0,0.02187500000000009,0.5120442289976024,0.2089459405351601,0.5106110969061621,0.48938890309383787,2,-0.0056747184600681065,0.23856753408908843,2.0093297600746154,0.015180663364838675,0.9823239833116532,1.9354227602481842,1.10907683968544,0.19557797266183918,0.00028956061432077644,1850.8443140983582
71,72704,442470.07393527776,1.0,1.0,1.0,1.0,1.0,1.0,0.03750000000000053,0.51005752607129,0.21000396987630535,0.5192730931270829,0.4807269068729171,1,-0.006668455398175866,0.18295369446277618,2.001082694530487,0.019760252539466738,0.987290233373642,1.8186306565999986,0.2808721950277686,0.17602017539565526,0.00028926386310670893,1877.1936917304993
72,73728,816263.401571624,1.0,1.0,1.0,1.0,1.0,1.0,0.050000000000000266,0.5057193145943581,0.20807741933973986,0.5312941508900819,0.4687058491099181,1,0.001252301799831912,0.3291096732020378,1.9919334709644319,0.005338074036239057,0.997685220837593,4.076768082380295,0.8045551545917988,0.3775103456636475,0.000288963110019188,1902.0844712257385
73,74752,508387.54965668917,1.0,1.0,1.0,1.0,1.0,1.0,0.02187500000000009,0.5077288219921459,0.20930765960488162,0.5245861131702496,0.47541388682975044,2,-0.0029996391269378362,0.2569549046456814,1.9831831276416778,0.011192493518756553,1.021409422159195,1.9989776611328125,1.6219902262091637,0.2006244756098345,0.00028865836373176705,1927.4616541862488
74,75776,530648.9004653394,1.0,1.0,1.0,1.0,1.0,1.0,0.03750000000000009,0.5073366369606956,0.2082781016956302,0.5171814092953523,0.48281859070464767,1,-0.004847378440899774,0.2050232246518135,1.9744542717933655,0.012338911843628963,1.3827307611703872,2.6966253876686097,0.5846181647852063,0.17488357300379404,0.00028834963303316145,1953.0208554267883
75,76800,794015.6536172442,1.0,1.0,1.0,1.0,1.0,1.0,0.025000000000000133,0.5074643883042145,0.20839801573402325,0.5379889105349918,0.46201108946500824,2,0.005680785886943341,0.35399738848209383,1.966891872882843,0.01764154277416945,1.001554974913597,5.018577998876571,0.9369798813015222,0.514502983975028,0.00028803692682699463,1978.8930416107178
76,77824,442507.4179416895,1.0,1.0,1.0,1.0,1.0,1.0,0.03750000000000009,0.5069875635281578,0.20965305812077864,0.5152577194996677,0.48474228050033236,1,-0.0030545514164259657,0.1893554963171482,1.9580595672130585,0.006354434342000825,1.0038460940122604,2.0970471858978272,0.6037802956998348,0.1453108392821586,0.0002877202541315415,2004.474603176117
77,78848,640570.2198848277,1.0,1.0,1.0,1.0,1.0,1.0,0.031250000000000444,0.5076067721907787,0.21030041123516313,0.5129321064411838,0.4870678935588162,1,-0.0007104978663846851,0.24992861822247506,1.9488804519176484,0.017932595966930177,1.0046909928321839,4.016280698776245,0.5123481821268797,0.2850005068342024,0.00028739962407946826,2031.1377363204956
78,79872,683972.8400229067,1.0,1.0,1.0,1.0,1.0,1.0,0.031249999999999778,0.5085118769015694,0.20955418866265643,0.5296359967112639,0.47036400328873607,2,0.0034414093708619474,0.2784277364611626,1.9405369699001311,0.0034174855110607138,1.014836421608925,3.4005776703357697,0.674299817532301,0.2716623935168644,0.00028707504591756925,2056.4848461151123
79,80896,442528.2647859454,1.0,1.0,1.0,1.0,1.0,1.0,0.031250000000000444,0.5069168171752059,0.21055180181580668,0.5029528745329637,0.4970471254670363,1,-0.0053521074005402625,0.18978531733155252,1.9315266370773316,0.01604588960302338,0.9823614716529846,2.5532307386398316,0.3306815754622221,0.14437253407299594,0.0002867465290065001,2083.378833293915
80,81920,750544.5633317158,1.0,1.0,1.0,1.0,1.0,1.0,0.04375000000000018,0.5040520404838869,0.2069778808625188,0.5135152124717124,0.48648478752828767,1,-5.905064754188061e-05,0.30389987081289294,1.9253018617630004,-0.0030723682038431566,9.004416039586067,6.158391618728638,0.5573819942772389,0.34403963522757436,0.00028641408282050764,2109.561913728714
81,82944,574045.3000942438,1.0,1.0,1.0,1.0,1.0,1.0,0.040625000000000355,0.5032112397471515,0.20621658219104225,0.5265066357241279,0.4734933642758721,2,-0.0009650079358834773,0.2364762991666794,1.9197614789009094,0.01016187888496332,1.0071022450923919,2.9206014037132264,0.51001503393054,0.1799388050155855,0.000286077716947157,2135.3456902503967
82,83968,442588.4203630332,1.0,1.0,1.0,1.0,1.0,1.0,0.05624999999999991,0.5026953897450418,0.20556552423815544,0.5132654269809309,0.48673457301906903,1,0.0029187274747528138,0.18209011629223823,1.9121294379234315,0.01344195491290443,1.3184913277626038,3.4752421259880064,0.24521060176193715,0.14116675915415797,0.0002857374410870549,2162.5366048812866
83,84992,882445.9781674072,1.0,1.0,1.0,1.0,1.0,1.0,0.03750000000000009,0.5043622375991375,0.20529591783297602,0.5296768869421697,0.47032311305783026,2,0.009237665054388344,0.37284252792596817,1.9084228038787843,-0.07753529318891425,1266503.9505452872,3.983206558227539,0.7157098561525345,0.0882848884637611,0.0002853932650535698,2189.2764234542847
84,86016,442606.2512654066,1.0,1.0,1.0,1.0,1.0,1.0,0.02499999999999991,0.5037060813982447,0.20459220885267623,0.5028604786923526,0.4971395213076474,1,0.001905936561524868,0.185061214864254,1.9057132124900817,0.013875990235188151,3.7924212723970414,3.2951418310403824,0.3320679202675819,0.10224605043367649,0.0002850451987725492,2215.210288286209
85,87040,816537.6025089398,1.0,1.0,1.0,1.0,1.0,1.0,0.03125,0.502998994016834,0.20556042654321133,0.5313480627601666,0.4686519372398335,1,0.009818866610294208,0.329194013774395,1.9003738343715668,-0.017765625625195014,458.11141013801097,4.366150885820389,0.48223664686083795,0.21928703204162747,0.00028469325228203313,2241.4555382728577
86,88064,508321.8479598537,1.0,1.0,1.0,1.0,1.0,1.0,0.02187500000000031,0.5036953033676836,0.20514325593832194,0.5044164630708513,0.49558353692914864,2,-0.0024685901269549506,0.21378891989588739,1.893075168132782,0.01724175998886972,0.9827511698007584,1.6900141924619674,0.23572390358895062,0.21239072296231498,0.00028433743573196463,2268.3117644786835
87,89088,442592.1413971782,1.0,1.0,1.0,1.0,1.0,1.0,0.03750000000000009,0.50597897458977,0.2063508439623633,0.5128797083839611,0.48712029161603887,1,-0.003302459482802078,0.17457018047571182,1.8845969140529633,0.01910422647117137,0.9827459484338761,1.9152104705572128,0.1915519367903471,0.12541459800201737,0.0002839777593838972,2295.5116720199585
88,90112,882039.3434434086,1.0,1.0,1.0,1.0,1.0,1.0,0.050000000000000266,0.50567789218144,0.20528140847585397,0.5329435574544636,0.4670564425455363,2,0.008491961361141876,0.36429013311862946,1.8778168737888337,0.0024054879114414176,1.8013634622097014,4.142459642887116,0.6614142760634423,0.1452473637965475,0.0002836142336106989,2320.550879240036
89,91136,442384.68530108035,1.0,1.0,1.0,1.0,1.0,1.0,0.031250000000000444,0.5098798504888297,0.20756874639877274,0.5074720582694964,0.49252794173050357,1,-0.00026532566407695414,0.179910097271204,1.8710835039615632,0.012145912196069775,0.9885000646114349,2.4829824447631834,0.2968547048047185,0.18991734088956527,0.00028324686889625287,2345.9063353538513
90,92160,486584.6016702801,1.0,1.0,1.0,1.0,1.0,1.0,0.025000000000000355,0.509646194419183,0.20766091879973048,0.5174120234604106,0.48258797653958946,1,0.005947098915930838,0.19950946271419526,1.8629125356674194,0.009529096494676304,0.996289286017418,3.305875563621521,0.49333416670560837,0.30171524938393496,0.0002828756758351554,2371.518837928772
91,93184,772050.6431958266,1.0,1.0,1.0,1.0,1.0,1.0,0.02499999999999991,0.5084188969927125,0.20798118717912886,0.5374507227332457,0.46254927726675427,1,0.006858723796904087,0.31404660642147064,1.855915182828903,0.009563806831847942,1.0041594207286835,4.177178567647934,0.9524011217057705,0.31954986762282794,0.0002825006651324101,2397.077283143997
92,94208,508256.895233009,1.0,1.0,1.0,1.0,1.0,1.0,0.04062499999999991,0.5094518164356966,0.2090043859295715,0.5112540192926045,0.4887459807073955,2,0.0007056370639475062,0.23227837011218072,1.8472459495067597,0.013000461389893036,0.9816873371601105,2.306469517946243,0.8437780439853668,0.15041720165880038,0.0002821218476031193,2424.1546833515167
93,95232,442560.0724746436,1.0,1.0,1.0,1.0,1.0,1.0,0.037499999999999645,0.5076239054381906,0.20638612854784447,0.5004937662017035,0.4995062337982965,1,0.00096367466612719,0.21637132540345191,1.838390290737152,0.005797137723245216,1.0930403977632523,2.1855415374040605,0.7643341585993767,0.10620565135816026,0.00028173923417217203,2449.6274304389954
94,96256,882262.9237734824,1.0,1.0,1.0,1.0,1.0,1.0,0.03750000000000009,0.5084875894780554,0.20558157853639214,0.5314450634270756,0.46855493657292435,2,0.004379676876123994,0.3591734692454338,1.8321653842926025,0.024538248385796557,0.9873918712139129,5.345146298408508,0.7151528779417277,0.31748646129430536,0.0002813528358739291,2474.878657102585
95,97280,442602.00102455914,1.0,1.0,1.0,1.0,1.0,1.0,0.03125,0.509610871472425,0.20481610104373024,0.495076778806705,0.504923221193295,1,-0.002540474641136825,0.17390596345067025,1.8255779802799226,0.012582182297675848,0.9837516725063324,2.4866430163383484,0.38824662007391453,0.15185279022903628,0.00028096266385190487,2500.350909471512
96,98304,816432.2291963547,1.0,1.0,1.0,1.0,1.0,1.0,0.043749999999999734,0.508126430732689,0.2048032751881097,0.5182337867139759,0.48176621328602404,1,0.004170602979138493,0.3251320466399193,1.8182481348514556,0.007408659551548924,1.0286799788475036,5.5084756731987,0.45141262263059617,0.36186507976837445,0.0002805687293584457,2525.391763687134
97,99328,508351.55062778294,1.0,1.0,1.0,1.0,1.0,1.0,0.03125000000000022,0.506436341431385,0.2033573170671639,0.5187685827552032,0.48123141724479684,2,-0.0015253569930791856,0.2107413448393345,1.8129687905311584,0.015069505496006408,0.9802012205123901,2.820737385749817,0.17300058715045452,0.17307894587146624,0.0002801710437544056,2551.1726830005646
98,100352,552680.9419410676,1.0,1.0,1.0,1.0,1.0,1.0,0.02499999999999991,0.504386063111818,0.2027848780715819,0.5202514380596572,0.47974856194034277,1,0.006883604216272943,0.2134535104036331,1.8080208480358124,-0.00988030094101584,30.237347427010537,2.8659173250198364,0.41588066704571247,0.08017969524125554,0.0002797696185088186,2578.4725222587585
99,101376,771925.6377847269,1.0,1.0,1.0,1.0,1.0,1.0,0.021874999999999867,0.5072812613076225,0.2040969481693181,0.5386254241300402,0.4613745758699598,2,0.00503058594185859,0.3081286534667015,1.804563981294632,-0.014526098069694359,14486.410753297805,4.289723438024521,0.43362613059580324,0.1719613356690214,0.00027936446519856786,2603.461526632309
100,102400,442611.63839308545,1.0,1.0,1.0,1.0,1.0,1.0,0.03750000000000009,0.5096833225729458,0.20415815875206966,0.518207444054536,0.48179255594546394,1,-0.0034733755863271655,0.17764792516827582,1.7985042989253999,0.016167316817069777,0.9845736026763916,1.5830785870552062,0.39828684404492376,0.10154144909920045,0.00027895559550805194,2628.980280160904
101,103424,750516.3984541148,1.0,1.0,1.0,1.0,1.0,1.0,0.025000000000000355,0.5086638767000404,0.203577878236993,0.5109040192722201,0.4890959807277799,1,0.004543864447623491,0.29524321407079696,1.7934105157852174,0.02647833660568453,0.9887694478034973,3.235389006137848,0.24439751897007228,0.27318915183181147,0.00027854302122884764,2654.1864857673645
102,104448,574000.7754943371,1.0,1.0,1.0,1.0,1.0,1.0,0.02499999999999991,0.5074180132535314,0.20420148813694305,0.5371671056482294,0.46283289435177055,2,-0.006036272854544222,0.2871460452675819,1.7884870707988738,0.017241457265144124,0.983493584394455,2.5008300483226775,1.022259172797203,0.19915489168539058,0.0002781267542593702,2679.1885006427765
103,105472,442707.66349121183,1.0,1.0,1.0,1.0,1.0,1.0,0.03750000000000009,0.5077014277826348,0.20516922190038742,0.5061868543535021,0.4938131456464979,1,-0.00035006902762688694,0.18239516764879227,1.782184636592865,0.01189913286915525,1.0575728863477707,2.793578472733498,0.16289749899879097,0.1898343801448717,0.00027770680660453,2705.315367937088
104,106496,882260.221623227,1.0,1.0,1.0,1.0,1.0,1.0,0.043749999999999956,0.508852883246371,0.20532881285772353,0.5335518973214286,0.46644810267857145,2,0.005396189854945987,0.3542345553636551,1.7761667251586915,0.009690792461609287,1.580101627111435,3.9142986059188845,0.3328314870595932,0.33509272495296305,0.00027728319037538616,2731.486186504364
105,107520,442457.8684973903,1.0,1.0,1.0,1.0,1.0,1.0,0.012499999999999734,0.508315474686573,0.20406175049387562,0.5184376516254245,0.48156234837457546,1,-0.003705231018830091,0.2505850546061993,1.771044421195984,0.013595366128331898,0.9848210722208023,2.1603103995323183,1.9523836076259613,0.17808201284172767,0.0002768559177887978,2756.9150235652924
106,108544,640628.3736873977,1.0,1.0,1.0,1.0,1.0,1.0,0.03750000000000009,0.5104143319250564,0.2049518275119159,0.5138054493597912,0.4861945506402088,1,0.0015815907740034164,0.22916404232382775,1.766372263431549,0.014375378738698551,0.9880498945713043,3.7288995742797852,0.3379181414842606,0.4715214407108686,0.0002764250011670711,2782.329591035843
107,109568,683958.8825979009,1.0,1.0,1.0,1.0,1.0,1.0,0.028125000000000178,0.5106281633572685,0.20580656487064097,0.5348837209302325,0.46511627906976744,2,0.005902553291525692,0.3078076675534248,1.7605181753635406,-0.008800980639085165,18816.275350287557,3.2423466444015503,0.6456696070730686,0.10786898137206741,0.00027599045293760435,2808.603944301605
108,110592,442600.07753549516,1.0,1.0,1.0,1.0,1.0,1.0,0.03750000000000009,0.5096007394897657,0.20534973736008555,0.516382471046965,0.483617528953035,1,-0.0025568211451172827,0.17420259565114976,1.7536853909492494,0.018232185246620587,0.9855209350585937,2.097487509250641,0.27056290190666915,0.17412772296290938,0.00027555228563252933,2834.5121092796326
109,111616,816509.4722545147,1.0,1.0,1.0,1.0,1.0,1.0,0.03750000000000009,0.5076523594300582,0.20549024336074562,0.5212820843544435,0.47871791564555655,1,0.0034419289091601967,0.33973598331212995,1.744195568561554,-0.014361030282652986,32286.305010926724,3.816330683231354,0.9695312395691872,0.20166386630566974,0.0002751105118883501,2861.2203691005707
110,112640,508284.4795510024,1.0,1.0,1.0,1.0,1.0,1.0,0.04375000000000018,0.5079501393224636,0.20573908132636634,0.5159158002823772,0.4840841997176229,2,-0.0020130294375121593,0.2065698139369488,1.737055730819702,0.019185908316941624,0.9824583560228348,2.390932875871658,0.24202333576977253,0.2679311169333786,0.00027466514444557817,2886.93905711174
111,113664,442693.60762637854,1.0,1.0,1.0,1.0,1.0,1.0,0.031249999999999556,0.5071138967641381,0.20589810020772323,0.5029133070449061,0.4970866929550939,1,-0.0051365394843742255,0.19092105627059935,1.7313058614730834,0.017000928387203684,0.9821886271238327,1.9920009434223176,0.6204864501953125,0.15821064523799075,0.0002742161961483657,2913.6133999824524
112,114688,882009.6377698183,1.0,1.0,1.0,1.0,1.0,1.0,0.03750000000000009,0.5074127054729163,0.20552962147217546,0.5300090936647469,0.4699909063352531,2,0.004762443481013179,0.3545346766710281,1.7298606753349304,0.015052267597169955,0.9853015601634979,4.32924183011055,0.601312862150371,0.46545165834297564,0.0002737636799441344,2939.01988196373
113,115712,442542.50215218216,1.0,1.0,1.0,1.0,1.0,1.0,0.04999999999999982,0.5050203935664818,0.20406587934321507,0.5128504672897196,0.4871495327102804,1,-0.00810133659397252,0.16473283544182776,1.7247783899307252,0.009879129844753504,0.9925947993993759,1.843226820230484,0.13464189898222684,0.16229295817298695,0.0002733076088832027,2964.583814382553
114,116736,684596.6436723769,1.0,1.0,1.0,1.0,1.0,1.0,0.04375000000000018,0.5024629330825804,0.2047089438916349,0.5118303297781047,0.4881696702218953,1,0.003838596516288817,0.2755150109529495,1.7173811793327332,0.01622990261504633,0.9849477916955948,4.252920949459076,0.5987370654940605,0.38674399177344687,0.0002728479961184089,2990.8502752780914
115,117760,640048.063484177,1.0,1.0,1.0,1.0,1.0,1.0,0.04062499999999991,0.5025225231264809,0.20384437560485427,0.5182686095757663,0.48173139042423374,2,-0.004162498610094189,0.24027468860149384,1.711382007598877,0.011996486364295645,0.9957785487174988,2.1544601678848267,0.22273446284234524,0.14983254641068083,0.00027238485490473226,3016.2235839366913
116,118784,442773.87202465534,1.0,1.0,1.0,1.0,1.0,1.0,0.037499999999999645,0.4978491648750782,0.19981389478487743,0.5112606350442084,0.48873936495579157,1,-0.0036562765832059085,0.18842529281973838,1.7049602448940278,0.018895117679687767,0.9922204196453095,1.8222961008548737,0.4629623921588063,0.12136436259265147,0.00027191819859891065,3042.7257421016693
117,119808,816251.8597341895,1.0,1.0,1.0,1.0,1.0,1.0,0.018749999999999822,0.4982964421612196,0.20003952131344774,0.5419483384330748,0.45805166156692523,1,0.007359615666791797,0.320221072435379,1.7005748927593232,0.009756659635480735,1.0074343830347061,5.970819473266602,0.367009861022234,0.48201863445498616,0.00027144804065905504,3068.2122807502747
118,120832,508231.17574465275,1.0,1.0,1.0,1.0,1.0,1.0,0.028125000000000178,0.4987121815322363,0.20114466506521458,0.5324303203959364,0.46756967960406354,2,-0.0008319361135363579,0.20798364877700806,1.6950858592987061,0.010696650874667802,0.9936755150556564,2.691945767402649,0.29552344270050523,0.18674389506766303,0.0002709743946442617,3094.141808271408
119,121856,486749.281119179,1.0,1.0,1.0,1.0,1.0,1.0,0.03125,0.4979330263299917,0.20190047646759324,0.5181167782137087,0.4818832217862912,1,-0.002511971304193139,0.19792233854532243,1.6889399707317352,0.018871310640532334,0.9824670910835266,3.1300099074840544,0.38528526984155176,0.3403407487608159,0.00027049727421422107,3121.1560497283936
120,122880,838016.7573451549,1.0,1.0,1.0,1.0,1.0,1.0,0.04062499999999991,0.49929453044514877,0.20208229559751148,0.5454135338345865,0.45458646616541354,2,-0.004522020881995559,0.3375174254179001,1.6843503415584564,0.016210438661832118,0.9817429959774018,2.6160755336284636,0.7303420003503561,0.22329756526197134,0.00027001669312882385,3147.237983226776
121,123904,442537.1016693413,1.0,1.0,1.0,1.0,1.0,1.0,0.03750000000000053,0.4983304478936402,0.20191710311443445,0.5136585947751402,0.48634140522485986,1,-0.0040014347760006785,0.17967892810702324,1.6802429914474488,0.01795512071514686,0.9850834339857102,2.0482669830322267,0.24894742909818887,0.14650553256837942,0.000269532665247764,3172.928778409958
122,124928,596542.9929915853,1.0,1.0,1.0,1.0,1.0,1.0,0.04375000000000018,0.5012548413902886,0.20259370295605517,0.5175504575655008,0.48244954243449917,1,-0.004247538209892809,0.22077889516949653,1.6746846258640289,0.023153891684651207,0.975987109541893,3.2270971715450285,0.29086944460868835,0.24030569979528438,0.00026904520453013934,3198.7868926525116
123,125952,661961.2060692012,1.0,1.0,1.0,1.0,1.0,1.0,0.03125,0.501701622744495,0.20190970054051308,0.5516228870724545,0.44837711292754545,1,-0.001670530065894127,0.25837949886918066,1.6683307111263275,0.016399741145075742,0.9935859382152558,3.786197763681412,0.9204578250646591,0.31421031206909494,0.00026855432503404867,3224.273560523987
124,126976,508400.5682929382,1.0,1.0,1.0,1.0,1.0,1.0,0.018750000000000266,0.502584014336341,0.20291174145678192,0.5141604238991412,0.48583957610085876,2,-0.00483578396087978,0.2126897655427456,1.6632880687713623,0.005273736193433942,1.0120332390069962,1.655207744240761,0.20528990905731917,0.07986804551570242,0.0002680600409161866,3250.485339641571
125,128000,640676.9151581749,1.0,1.0,1.0,1.0,1.0,1.0,0.04375000000000018,0.5008529365494853,0.2031820327587828,0.5046890866734365,0.4953109133265635,1,-0.0041877188254147765,0.2580689564347267,1.6603980779647827,0.029521694096864604,0.9754407376050949,3.8551680386066436,0.7696794211864472,0.26528221235569016,0.000267562366431435,3278.199466943741
126,129024,683859.7419262007,1.0,1.0,1.0,1.0,1.0,1.0,0.031250000000000444,0.5031990886488424,0.20480349402236944,0.5620385232744783,0.43796147672552166,2,-0.002224074280820787,0.2900617182254791,1.6561221957206727,0.01564812310230228,0.9929058194160462,3.622031307220459,0.5495579149574041,0.23496974036086724,0.0002670613159324522,3302.972337245941
127,130048,442514.9944661632,1.0,1.0,1.0,1.0,1.0,1.0,0.04375000000000018,0.5039398189142278,0.20330212286716975,0.5102620216478382,0.4897379783521618,1,-0.005403216520790011,0.19110886380076408,1.6514885246753692,0.016433407178773528,0.9849101394414902,2.143260645866394,0.5989675708115101,0.154163646650765,0.00026655690386925894,3329.1918540000916
128,131072,816595.0881220102,1.0,1.0,1.0,1.0,1.0,1.0,0.03750000000000009,0.502444724402535,0.2046064140214113,0.5202768929184024,0.47972310708159766,1,0.003131829807534814,0.33548774719238283,1.6480651915073394,0.023280099933784014,0.98998803794384,5.413203966617584,0.42294969856739045,0.4535454923520443,0.0002660491447888215,3355.6338844299316
129,132096,507947.48044897243,1.0,1.0,1.0,1.0,1.0,1.0,0.03750000000000031,0.5028813448600367,0.2051474356016809,0.5325160711616086,0.4674839288383914,2,-0.0059238339075818654,0.2206720881164074,1.6413363635540008,0.011644454131107962,0.9958741337060928,2.6973835706710814,0.5753717139363289,0.19523646270086087,0.0002655380533346323,3382.1301760673523
130,133120,442558.91390571,1.0,1.0,1.0,1.0,1.0,1.0,0.031250000000000444,0.5003924321506692,0.20550065621513347,0.5137297039159503,0.48627029608404965,1,-0.004816342168487609,0.1819415308535099,1.6324080884456635,0.019049751376403946,0.985241049528122,2.1054805636405947,0.10580787174403668,0.1423273813089276,0.0002650236442462877,3408.9318466186523
131,134144,816475.2681351602,1.0,1.0,1.0,1.0,1.0,1.0,0.05624999999999991,0.502957888343505,0.20375517896898138,0.5242612653035061,0.4757387346964938,1,-0.0027888083073776214,0.29977820068597794,1.6265507340431213,0.02302164352339977,0.9783050328493118,4.225038158893585,0.5550393618643283,0.28364477193824167,0.00026450593235906273,3434.4682097434998
132,135168,508249.4992889017,1.0,1.0,1.0,1.0,1.0,1.0,0.04062499999999991,0.5021231629833539,0.20299642409909693,0.5220976678263111,0.47790233217368894,2,-0.004044124038773589,0.21737708449363707,1.6230870723724364,0.0166149359196901,0.9831603735685348,3.319845461845398,0.24699572734534742,0.16483469436991063,0.0002639849326034833,3460.051620721817
133,136192,442629.0993413031,1.0,1.0,1.0,1.0,1.0,1.0,0.03125,0.49924767949328874,0.20145897039206354,0.5112917795844625,0.48870822041553746,1,-0.005634081990956474,0.1754525139927864,1.622017639875412,0.021765237425243084,0.986403888463974,3.142656058073044,0.5752145580947399,0.1802467382934973,0.0002634606600048958,3486.4126834869385
134,137216,882117.108875379,1.0,1.0,1.0,1.0,1.0,1.0,0.03125,0.5027658087145712,0.20130975810673066,0.5386352050105601,0.46136479498943994,2,-0.002486370917176828,0.3361683964729309,1.6207718789577483,0.02023668687858171,1.845145556330681,6.109278964996338,0.7315942972898484,0.17457819872580443,0.0002629331296830333,3511.6553061008453
135,138240,442515.936731264,1.0,1.0,1.0,1.0,1.0,1.0,0.031250000000000444,0.5048248216115105,0.20224369970635717,0.5186531585220501,0.4813468414779499,1,-0.0038074739422881976,0.17052185758948327,1.6173776626586913,0.019397789885484573,1.9301895588636397,2.809125253558159,0.2207079597748816,0.15463002084840044,0.0002624023568515801,3538.116593360901
136,139264,574544.9215958416,1.0,1.0,1.0,1.0,1.0,1.0,0.050000000000000266,0.5037063891798108,0.20183425119597645,0.5324529712221253,0.4675470287778747,1,0.017237146431580187,0.2161623567342758,1.6121067762374879,-0.03554994230113846,6.340867295861244,6.260661447048188,0.44610858932137487,0.1450571036575503,0.00026186835681773254,3563.233507156372
137,140288,750014.8091859668,1.0,1.0,1.0,1.0,1.0,1.0,0.034375000000000044,0.5039617954143618,0.20274484359123554,0.5346069066862601,0.4653930933137399,2,0.009283213200978935,0.30920840203762057,1.6070661783218383,-0.02894786258812889,9.132874467968941,5.379599136114121,0.8144159711897373,0.09071788779466258,0.0002613311449817578,3589.1916081905365
138,141312,442574.53705894947,1.0,1.0,1.0,1.0,1.0,1.0,0.03750000000000053,0.5002118661641491,0.20141277569213814,0.5087896424753534,0.49121035752464665,1,-0.00295060285134241,0.17592284083366394,1.602882695198059,0.024788074346100954,0.9843401104211807,3.530080097913742,0.45020813420414924,0.223200023182793,0.00026079073683654957,3614.557243824005
139,142336,706489.7379727364,1.0,1.0,1.0,1.0,1.0,1.0,0.050000000000000266,0.5021083109279159,0.20233136460818182,0.5272329753713587,0.47276702462864123,1,0.0056683012749999765,0.266293116658926,1.5978320240974426,0.0067609451662354655,3.9941160827875137,6.2636607646942135,0.2843105509877205,0.3545903198816139,0.0002602471479671814,3639.891319990158
140,143360,618034.7775498293,1.0,1.0,1.0,1.0,1.0,1.0,0.03125,0.5015417135595557,0.2033652765709556,0.5332029835614455,0.4667970164385546,2,-0.00021597868908429518,0.25028089210391047,1.5928515076637269,0.007378364350010091,3.98309645652771,3.0111850559711457,0.17064769584685563,0.12363799961088116,0.0002597003940504571,3664.907840490341
141,144384,442742.310308069,1.0,1.0,1.0,1.0,1.0,1.0,0.03750000000000009,0.5027462979917229,0.20282993079014774,0.5076861988768506,0.4923138011231494,1,-0.0047393254179041834,0.21044363975524902,1.5880106210708618,0.01880572543002231,0.9916521787643433,2.4226610600948333,0.912168774008751,0.09013210171633236,0.00025915049085445884,3690.3677818775177
142,145408,816302.9053341448,1.0,1.0,1.0,1.0,1.0,1.0,0.04375000000000018,0.5043346697756542,0.20390612137725522,0.5258863059727079,0.47411369402729203,1,0.0042114149080589415,0.333249594271183,1.5848298490047454,0.021152925563085213,1.2510573625564576,4.471667993068695,0.3897277366369963,0.5966242431984866,0.0002585974542380922,3717.3736526966095
143,146432,508466.19600716606,1.0,1.0,1.0,1.0,1.0,1.0,0.03125000000000022,0.5040466017825662,0.2027939462877222,0.522012202416557,0.477987797583443,2,-0.004061722801998258,0.2158095583319664,1.5823211312294005,-0.03098717328037598,25417.31454102993,2.6948860734701157,0.2757234714925289,0.07253557953570225,0.00025804130015062883,3742.7804760932922
144,147456,596612.8314766884,1.0,1.0,1.0,1.0,1.0,1.0,0.03125,0.5045820057089151,0.20169680174219698,0.5102565672647112,0.4897434327352887,1,0.007845412753522397,0.2089653380215168,1.5761421144008636,0.014837731645746066,65.44842202663422,5.184308177232742,0.3034506119787693,0.2880870483747531,0.0002574820446312466,3768.1620223522186
145,148480,728054.4910421371,1.0,1.0,1.0,1.0,1.0,1.0,0.028124999999999956,0.5041097050626974,0.20138101362906957,0.5341808935706502,0.4658191064293498,2,0.010066251275566174,0.300683818757534,1.5712446212768554,-0.042331491333609784,915104.4624023438,3.6220240592956543,0.2802241537719965,0.08007466751777316,0.0002569197038085669,3793.6533250808716
146,149504,442488.55941694975,1.0,1.0,1.0,1.0,1.0,1.0,0.03750000000000009,0.5040180954365958,0.20345812751154066,0.5183185733349509,0.48168142666504915,1,5.6051748106256125e-05,0.1793470002710819,1.5669827938079834,0.024310783660170497,0.9997826933860778,3.5411163210868835,0.09777984730899333,0.19701371009404112,0.00025635429390018965,3819.5557141304016
147,150528,816529.5651700795,1.0,1.0,1.0,1.0,1.0,1.0,0.043749999999999734,0.5043638656273245,0.2020745086140668,0.5197979160088412,0.4802020839911588,1,0.00554650304839015,0.33304708302021024,1.560745894908905,0.0034424557705113657,16963.89296968877,5.04540913105011,0.969876890257001,0.3477655676391385,0.0002557858312122255,3846.292083978653
148,151552,508242.5031826347,1.0,1.0,1.0,1.0,1.0,1.0,0.034375000000000044,0.5041825686270516,0.20274552677768543,0.5114267269205939,0.48857327307940607,2,0.009304220421472564,0.21405062079429626,1.5566007673740387,-0.0165628730484876,36181.6434335649,2.0921853095293046,0.2679095854982734,0.04228017429535683,0.0002552143321388255,3872.478348016739
149,152576,442566.53894637525,1.0,1.0,1.0,1.0,1.0,1.0,0.043749999999999734,0.5074914207697038,0.20507342001916107,0.5269651255115129,0.47303487448848713,1,-0.0019836493680486455,0.21492115780711174,1.552307677268982,0.021091682325973693,1.0017681688070297,1.9732297271490098,1.099564980342984,0.09362257544874474,0.00025463981316170846,3897.8599605560303
150,153600,816215.202575326,1.0,1.0,1.0,1.0,1.0,1.0,0.043749999999999734,0.507949922851288,0.20406172324324967,0.5371375517783173,0.4628624482216826,1,-0.004426551272626966,0.32586349844932555,1.548953753709793,0.02174969723536662,0.9965195089578629,2.6883170694112777,0.6242499835789204,0.1382079864418232,0.00025406229084968564,3923.4009232521057
151,154624,508236.2626186302,1.0,1.0,1.0,1.0,1.0,1.0,0.04999999999999982,0.5020073464987449,0.20003520356949164,0.5169085255247473,0.48309147447525264,2,-0.004769804442184977,0.21465971320867538,1.5473842859268188,0.017111656575589364,1.0013319939374923,2.07471159696579,0.19223048575222493,0.07344939052262896,0.00025348178185818253,3949.2779064178467
152,155648,442619.8193505667,1.0,1.0,1.0,1.0,1.0,1.0,0.03750000000000009,0.50158692782563,0.19897714160979477,0.5193511837318863,0.4806488162681138,1,-0.00152088173199445,0.17809273526072503,1.5443849503993987,0.020791232022060457,0.9864111304283142,3.0550821244716646,0.500956179946661,0.2400958023161811,0.00025289830292875916,3975.7646791934967
153,156672,882158.3636234812,1.0,1.0,1.0,1.0,1.0,1.0,0.04062499999999991,0.5040491627567026,0.199431556410469,0.532969757064948,0.4670302429350521,2,0.001592900010291487,0.40655060708522794,1.5392805278301238,0.02106335464696072,0.9982705742120743,4.044103610515594,1.6563731491565705,0.47848782479517615,0.0002523118708886267,4001.651116371155
154,157696,442421.2992334487,1.0,1.0,1.0,1.0,1.0,1.0,0.043749999999999734,0.502705000406072,0.19958022549751783,0.5246369616482561,0.4753630383517438,1,-0.005600897164549678,0.17279025241732598,1.533902007341385,0.009028901311568926,0.9888407945632934,1.6251435071229934,0.3274537526071072,0.1094626666006499,0.0002517225026501625,4026.9376780986786
155,158720,750744.5643262565,1.0,1.0,1.0,1.0,1.0,1.0,0.03750000000000009,0.5001510875041415,0.19858495774707866,0.5113955119214586,0.4886044880785414,1,0.003891322039999068,0.2970871955156326,1.5253847002983094,0.02250694828319617,0.9946966975927353,4.86645097732544,0.2923332002013922,0.35781817349532186,0.00025113021521042225,4052.949315547943
156,159744,574127.0967792198,1.0,1.0,1.0,1.0,1.0,1.0,0.04687500000000022,0.49966978710058474,0.19792164370511822,0.5265432098765432,0.4734567901234568,2,-0.00044970737071707844,0.26615413650870323,1.5188613533973694,0.019003936412764523,0.9834651499986649,3.312757122516632,0.9897400051355362,0.2347645036302807,0.0002505350256506498,4078.6246025562286
157,160768,442647.13685421646,1.0,1.0,1.0,1.0,1.0,1.0,0.02499999999999991,0.49955227767721083,0.19716706380132337,0.5225367797901647,0.4774632202098353,1,-0.004150887473952025,0.18044601529836654,1.5135016798973084,0.015168712254027272,0.9810185313224793,2.350726395845413,0.28302454575896263,0.1540289908318272,0.0002499369511357845,4104.627940416336
158,161792,816268.2173611671,1.0,1.0,1.0,1.0,1.0,1.0,0.04375000000000018,0.4998626341979112,0.1989812244691003,0.5420771179285111,0.4579228820714889,1,0.01964140443596989,0.3122470647096634,1.509544950723648,-0.0034745816059324587,6.8777974337339405,5.429965794086456,0.32630970887839794,0.17838676854990693,0.0002493360089139663,4130.240257740021
159,162816,508269.0797511637,1.0,1.0,1.0,1.0,1.0,1.0,0.034375000000000044,0.500773021297849,0.19968009277053814,0.5126196133838546,0.4873803866161454,2,-0.004096817807294428,0.2231101907789707,1.5054007172584534,0.016835221941774316,0.9922444611787796,1.9882677286863326,0.21544613540172577,0.1036660336541022,0.0002487322163160382,4156.604862213135
160,163840,442696.3425241858,1.0,1.0,1.0,1.0,1.0,1.0,0.03750000000000009,0.5038610979693059,0.20074308758636056,0.5039152193111569,0.4960847806888431,1,-0.0033650205587036908,0.1778998553752899,1.5009819984436035,0.024615557728365454,0.9794642597436904,2.2818935573101045,0.5311435274779797,0.15303439053102702,0.0002481255907550464,4182.823868751526
161,164864,882049.1475726664,1.0,1.0,1.0,1.0,1.0,1.0,0.03750000000000009,0.5049618886870034,0.20113361953456985,0.5606667151903341,0.43933328480966594,2,-0.0003007676685228944,0.33819243162870405,1.4981240332126617,0.021830847768157913,0.9832529813051224,3.489376837015152,0.7848042659461498,0.3334987035750796,0.0002475161497257384,4207.972523927689
162,165888,442612.46536498144,1.0,1.0,1.0,1.0,1.0,1.0,0.03750000000000053,0.5045831654601225,0.20207189985404733,0.5109264210159247,0.48907357898407533,1,-0.005589399533346295,0.17937372624874115,1.4923636734485626,0.01139432602696439,0.9806733757257462,2.1415857851505278,0.1621618801727891,0.14356025646658155,0.000246903910804058,4233.370536804199
163,166912,816470.6391724944,1.0,1.0,1.0,1.0,1.0,1.0,0.03125,0.5073637704783674,0.20288955218654703,0.537034634842392,0.462965365157608,1,0.0030230268836021422,0.3175781801342964,1.485385036468506,0.023365150140123903,0.9792724072933197,4.847712469100952,0.3700386255979538,0.3128522892820225,0.0002462888916466389,4258.267005681992
164,167936,508129.4983237386,1.0,1.0,1.0,1.0,1.0,1.0,0.034375000000000044,0.5081788118049373,0.20428515348425746,0.5177944517106078,0.48220554828939216,2,-0.001676731719635427,0.2152860715985298,1.4816003918647767,0.01798928449237409,0.984794893860817,3.363242322206497,0.2390608372166753,0.41565633367081833,0.000245671109990295,4283.943382024765
165,168960,442678.6662056893,1.0,1.0,1.0,1.0,1.0,1.0,0.03750000000000009,0.5094175432745198,0.20597312044074353,0.5111964171465131,0.4888035828534869,1,-0.004284214862855152,0.18318943083286285,1.4777455866336822,0.010877603131528146,0.9878821611404419,2.0646280497312546,0.38928593173623083,0.17892642227410627,0.00024505058365150947,4310.990301370621
166,169984,816206.0384785831,1.0,1.0,1.0,1.0,1.0,1.0,0.025000000000000355,0.5071069954017842,0.2056095946953073,0.5290588405378054,0.4709411594621946,1,0.005877192574553191,0.300725919008255,1.4734742641448975,0.013903637567226035,0.9974218040704728,5.416075444221496,0.37325592041015626,0.315838165669247,0.00024442733052592035,4336.483007907867
167,171008,508248.012541729,1.0,1.0,1.0,1.0,1.0,1.0,0.03125,0.5078419069473343,0.2060788091047608,0.5079619879285989,0.4920380120714011,2,-0.004623433121014387,0.21976548284292222,1.4675323367118835,0.014919979846821274,0.982185360789299,2.3598315536975862,0.2133372139185667,0.15106441554128727,0.00024380136858780492,4362.394941806793
168,172032,442699.57556818426,1.0,1.0,1.0,1.0,1.0,1.0,0.03750000000000009,0.5089010185035627,0.20856542207144962,0.5073119163681212,0.49268808363187877,1,-0.002528999396599829,0.1842489533126354,1.4592515289783479,0.019983892020329085,0.9808891087770462,2.6467802196741106,0.1328438578173518,0.1806341041342739,0.00024317271588956098,4388.298159599304
169,173056,816086.7378224283,1.0,1.0,1.0,1.0,1.0,1.0,0.018750000000000266,0.5073352703200973,0.20840883527626936,0.5457314751351763,0.4542685248648237,1,0.0016187574539799244,0.41306445002555847,1.453712409734726,0.013129424243773169,0.9865723639726639,5.346360194683075,1.00310516692698,0.31885253939564795,0.00024254139056118643,4414.167006969452
170,174080,508479.9963901825,1.0,1.0,1.0,1.0,1.0,1.0,0.03437500000000049,0.5076255331418353,0.20845584329790187,0.5169396322355585,0.48306036776444156,2,-0.0031425262801349162,0.1892453610897064,1.4489368617534637,0.013091752400589175,0.9836224645376206,2.6456960797309876,0.5688889222219586,0.11117700605839836,0.00024190741080975636,4441.225701808929
171,175104,816666.9762946963,1.0,1.0,1.0,1.0,1.0,1.0,0.03125,0.5079476952377001,0.20640428475526051,0.4999699030879432,0.5000300969120568,1,0.007476154738105834,0.3167431801557541,1.4437537014484405,0.019886693099819698,0.9909369260072708,7.0783139824867245,1.1100627519190311,0.3270798988376957,0.00024127079491889785,4466.607025146484
172,176128,507879.65568998456,1.0,1.0,1.0,1.0,1.0,1.0,0.046875,0.5081934236303105,0.20784781297053792,0.5510757102972573,0.4489242897027427,2,-0.004176382068544626,0.2211601637303829,1.4395894467830659,0.01371639639707034,1.0012904703617096,4.295477211475372,0.27100317887961867,0.19007618152465597,0.00024063156124826295,4491.857372760773
173,177152,442486.9466855284,1.0,1.0,1.0,1.0,1.0,1.0,0.03125,0.5087753338343269,0.20831936301898304,0.4944272626480714,0.5055727373519285,1,-0.005466553433507215,0.17737956568598748,1.4366187930107117,0.007888641539447749,3.963308420777321,2.412043738365173,0.17190979085862637,0.07247222258951744,0.00023998972823299894,4517.601128578186
174,178176,816620.8929672427,1.0,1.0,1.0,1.0,1.0,1.0,0.03750000000000053,0.508353810213344,0.2087085501275526,0.5222459566676838,0.47775404333231614,1,-0.00020143096335232258,0.31606789380311967,1.4353554725646973,0.02253775960605615,0.9770021051168442,5.940500712394714,0.40144193582236765,0.394835961298327,0.00023934531438321683,4543.920790672302
175,179200,507981.2035025386,1.0,1.0,1.0,1.0,1.0,1.0,0.031249999999999778,0.5069609038415945,0.2072863628552361,0.5258703172149849,0.4741296827850151,2,-0.004688955980236642,0.20900245904922485,1.4332201659679413,0.013235186576018253,0.9839073151350022,3.3747669398784637,0.23896363265812398,0.2590518742078323,0.0002386983382834574,4570.04646897316
176,180224,442602.22542522475,1.0,1.0,1.0,1.0,1.0,1.0,0.031249999999999556,0.500089948594044,0.2028730545493499,0.49698212716085555,0.5030178728391445,1,-0.00516320820315741,0.18520462661981582,1.4302258729934691,0.014599134273516334,0.9821234911680221,2.4329477846622467,0.1596936723217368,0.15296754120098294,0.00023804881859215533,4596.111225605011
177,181248,816465.2218645692,1.0,1.0,1.0,1.0,1.0,1.0,0.04375000000000018,0.5006437368780837,0.2036122146531036,0.5261249595338298,0.4738750404661703,1,-0.0019721176999155433,0.32219521552324293,1.426758098602295,0.02273161306849465,0.9829408705234528,6.3689960718154905,0.1463614322245121,0.3333530228243201,0.00023739677404110117,4621.738396167755
178,182272,508153.6624048054,1.0,1.0,1.0,1.0,1.0,1.0,0.03125,0.5025130820838595,0.20564054618940183,0.5462017946434687,0.45379820535653126,2,3.6540679866448043e-05,0.220133163779974,1.423823708295822,0.01878004515690912,0.9945683389902115,4.521957731246948,0.4025738578289747,0.5381157963009429,0.00023674222343490097,4647.536987066269
179,183296,442812.3854816407,1.0,1.0,1.0,1.0,1.0,1.0,0.031249999999999556,0.5011445719229244,0.20127718034442382,0.4969130652427832,0.5030869347572168,1,0.00032314464915543794,0.17420803084969522,1.4200001239776612,-0.07062788945177471,1154.035745382309,2.526447260379791,0.12914000116288663,0.0654223182966089,0.00023608518565043394,4674.411523342133
180,184320,882035.4187093959,1.0,1.0,1.0,1.0,1.0,1.0,0.04062500000000013,0.5024798546899366,0.20263117556430024,0.5336349477119335,0.46636505228806646,2,0.005006359238177538,0.3563828945159912,1.4173535883426667,0.01970800771598884,1.5560516238212585,8.28861507177353,0.8379801422357559,0.3960304147810292,0.0002354256796363083,4700.911864757538
181,185344,442629.1572998613,1.0,1.0,1.0,1.0,1.0,1.0,0.031250000000000444,0.4999173450920861,0.20179653917674478,0.5123231401186673,0.48767685988133275,1,-0.0022413830854929985,0.1759985528886318,1.4158889830112458,0.01432046324517131,0.985007929801941,2.6122838735580443,0.14323024749755858,0.20713090088700797,0.0002347637244123146,4727.709785938263
182,186368,706467.8559859507,1.0,1.0,1.0,1.0,1.0,1.0,0.043749999999999734,0.5014930222158401,0.20215420800525621,0.5149781434816149,0.4850218565183852,1,-0.005453897386905738,0.25464443638920786,1.415725427865982,0.027246563840653604,0.9690774142742157,3.4227637529373167,0.2863641679286957,0.3397464601799149,0.00023409933906887718,4755.0428857803345
183,187392,617891.4765950367,1.0,1.0,1.0,1.0,1.0,1.0,0.03125,0.5017738842607324,0.20304866512436723,0.5436014481347395,0.4563985518652605,2,-0.004065918654669076,0.2562970757484436,1.4131352722644805,0.015028452021680927,0.995894405245781,4.591381418704986,0.3218757502734661,0.22290765252404218,0.00023343254276650375,4781.031255245209
184,188416,442641.06400999427,1.0,1.0,1.0,1.0,1.0,1.0,0.018749999999999822,0.5020897546008428,0.20131007475048965,0.5093124856288802,0.4906875143711198,1,-0.0015408501611091196,0.27858917266130445,1.4098740816116333,0.018967615570730213,0.9846099734306335,3.6851726770401,1.707515798509121,0.2398860881741848,0.00023276335473523284,4806.697162151337
185,189440,816500.0408184528,1.0,1.0,1.0,1.0,1.0,1.0,0.03125,0.5052524236632321,0.2023395925072153,0.5187588333547475,0.48124116664525246,1,-0.0021620805840939284,0.30558123588562014,1.406249737739563,0.019931620523191106,0.9831364095211029,5.219144213199615,0.7474980056285858,0.28684193081709813,0.00023209179427407893,4833.141683578491
186,190464,508069.6846207902,1.0,1.0,1.0,1.0,1.0,1.0,0.028124999999999956,0.5053402625846057,0.20353786420029385,0.5448079658605974,0.45519203413940257,2,-0.004035817249678076,0.2224383145570755,1.4032258152961732,0.0199361206298428,0.9820674806833267,4.473087131977081,0.21728417724370958,0.23234196396184947,0.00023141788075047625,4859.417516946793
187,191488,442533.7413510531,1.0,1.0,1.0,1.0,1.0,1.0,0.03750000000000009,0.5067725697466441,0.2061127234041297,0.506217554026319,0.49378244597368104,1,-0.005977852339856327,0.19542379602789878,1.4007355570793152,0.01277181467097437,0.9853464245796204,3.189234644174576,0.5846506386995316,0.11112844110286434,0.00023074163359971994,4885.445411205292
188,192512,772409.8536342978,1.0,1.0,1.0,1.0,1.0,1.0,0.03750000000000009,0.5099007839942138,0.20831072098173173,0.5165754959467476,0.4834245040532525,1,0.006490813731215894,0.30145241469144823,1.398284947872162,0.02477571608973559,0.9886417835950851,7.894653725624084,0.218511363863945,0.6727099217793657,0.0002300630723244057,4911.390743732452
189,193536,552162.7251364067,1.0,1.0,1.0,1.0,1.0,1.0,0.03125,0.5070481959145312,0.20475216832737841,0.5108952303852121,0.4891047696147878,2,-0.0009486706519965082,0.23416811898350715,1.3953457176685333,0.0010259965441396623,9.49661630988121,3.6033315658569336,0.20127413049340248,0.11218905596682974,0.00022938221649386733,4937.840636968613
190,194560,442630.997982353,1.0,1.0,1.0,1.0,1.0,1.0,0.04999999999999982,0.5080347864503569,0.20464259385173528,0.5116869318852556,0.4883130681147444,1,-0.0022138258791528642,0.17389993667602538,1.3930782496929168,0.019946588399051546,0.9861791402101516,2.985343572497368,0.11237199623137713,0.2044645544995472,0.0002286990857436123,4964.79424405098
191,195584,882216.5190247744,1.0,1.0,1.0,1.0,1.0,1.0,0.04999999999999982,0.5092262253161983,0.20305657234211427,0.5058742225293711,0.4941257774706289,2,-0.0005049027153290808,0.3533291921019554,1.391052508354187,0.022363511637563897,0.9822730660438538,6.041477692127228,0.5289330571889878,0.5030594782768234,0.0002280136997747556,4990.7599885463715
192,196608,442693.1671073288,1.0,1.0,1.0,1.0,1.0,1.0,0.02499999999999991,0.5088765152379935,0.20404486188517465,0.5031553812041617,0.4968446187958383,1,-0.0011639344156719744,0.23505138605833054,1.3874943137168885,0.003465021484323838,24376.916009679437,3.600305163860321,0.7603542927652598,0.10357548549335871,0.00022732607835345138,5016.446940898895
193,197632,816418.3990381286,1.0,1.0,1.0,1.0,1.0,1.0,0.03750000000000009,0.5107951467971793,0.20545852814084045,0.5167798509922858,0.4832201490077141,1,0.0016572115477174521,0.3421142712235451,1.385112315416336,-0.08555158550614561,3543107.2542298585,8.666840744018554,0.9169996693730355,0.28242953648100017,0.00022663624131032305,5041.99450135231
194,198656,508278.0710289031,1.0,1.0,1.0,1.0,1.0,1.0,0.04375000000000018,0.5107159475505754,0.20425797267664644,0.508081384293592,0.49191861570640805,2,-0.0019570601580198854,0.20884349569678307,1.3822850286960602,0.016967089228151107,0.994991022348404,2.7465635895729066,0.43307720459997656,0.16677181699666577,0.0002259442085398913,5067.22959446907
195,199680,486718.5780595243,1.0,1.0,1.0,1.0,1.0,1.0,0.03750000000000009,0.5102787280382504,0.20403080225791023,0.5198075004401667,0.48019249955983334,1,-0.0037104736897163094,0.1886697843670845,1.3774207770824431,0.020390084908897245,0.9846004605293274,2.538825237751007,0.20618620943278074,0.1500946352969992,0.00022525000000000043,5094.526731967926
196,200704,838044.8859828115,1.0,1.0,1.0,1.0,1.0,1.0,0.03750000000000009,0.5127230134822132,0.20483361274956666,0.5201180450586627,0.47988195494133734,2,0.0033029023092240096,0.33101440966129303,1.3737394988536835,-0.005769972956040181,7261.671880796552,4.893965411186218,0.31854133009910585,0.15896684353206086,0.0002245536357112428,5119.810311555862
197,201728,442756.96363348514,1.0,1.0,1.0,1.0,1.0,1.0,0.04375000000000018,0.5097967465819874,0.20384999343409968,0.5029843253193507,0.4970156746806493,1,-0.003460647928295657,0.17528775036334993,1.37364661693573,0.014884409049516156,0.9962083280086518,1.8211492776870728,0.10934271980077029,0.1158868289348724,0.00022385513575638122,5145.528265476227
198,202752,816288.1748823822,1.0,1.0,1.0,1.0,1.0,1.0,0.050000000000000266,0.5093923970570632,0.2030521445718987,0.5135247896530144,0.4864752103469856,1,-0.007365131960250437,0.31675281226634977,1.3746360659599304,0.027260336869135447,0.9850629776716232,3.3277113676071166,0.3965073939412832,0.15644721906207776,0.00022315452027977,5170.852482795715
199,203776,508440.22186308354,1.0,1.0,1.0,1.0,1.0,1.0,0.03125,0.5095622034381283,0.20441974264076102,0.5255373098285439,0.47446269017145615,2,-0.0032030560600105674,0.21740402057766914,1.3738830387592316,0.020427759207347056,0.9900220274925232,1.918780294060707,0.47128677517175677,0.10264502042662922,0.00022245180948677405,5196.046815872192
200,204800,596647.6700901389,1.0,1.0,1.0,1.0,1.0,1.0,0.04375000000000018,0.507070865421656,0.20383335658760304,0.5067889686802245,0.4932110313197755,1,-0.0011301149846985937,0.2208854153752327,1.3733571767807007,0.017926726055538376,1.000536894798279,3.8109233021736144,0.29999342672526835,0.22368816003993572,0.0002217470236431859,5222.221887350082
201,205824,728005.1382155269,1.0,1.0,1.0,1.0,1.0,1.0,0.028124999999999956,0.5073523674408714,0.20348049915789357,0.5368613138686131,0.46313868613138687,2,-0.0031263033335562794,0.29346008598804474,1.3695300042629241,0.013830142771250697,1.0084065318107605,2.1584971368312837,0.21121909003704786,0.09629041816242462,0.00022104018307464145,5249.017853021622
202,206848,442626.838386029,1.0,1.0,1.0,1.0,1.0,1.0,0.03750000000000053,0.5047779941459786,0.20390477741132954,0.512567481279387,0.487432518720613,1,-0.003288168890867382,0.17967860251665116,1.3632437109947204,0.022893055800716943,0.9839042633771896,2.183025026321411,0.1466434122994542,0.1279316902966428,0.00022033130816603378,5274.894107103348
203,207872,816434.0306893587,1.0,1.0,1.0,1.0,1.0,1.0,0.05624999999999991,0.5065294836312978,0.20642771007863966,0.5308999868230333,0.46910001317696665,1,-0.0035190344555303455,0.3220543786883354,1.35905921459198,0.02463835153747169,0.9940068453550339,4.3349905729293825,0.19264024533331395,0.2294599908024163,0.0002196204193609251,5300.272589445114
204,208896,508483.55894719064,1.0,1.0,1.0,1.0,1.0,1.0,0.028125000000000178,0.5060608963919654,0.2051998648556309,0.5057928821816885,0.49420711781831145,2,-0.004464933653071057,0.21439419835805892,1.3568742513656615,0.019444082317809076,0.9875316888093948,2.421181631088257,0.4931235034018755,0.15054869996546535,0.00021890753716095746,5326.516061782837
205,209920,816649.6276854724,1.0,1.0,1.0,1.0,1.0,1.0,0.03125,0.5075086974288466,0.2042042281657809,0.5181450395507518,0.48185496044924825,1,-0.0025000123714562505,0.31165158599615095,1.3553996503353118,0.023222728970821782,0.9805249541997909,3.7149763822555544,0.33776352033019064,0.22224375460651913,0.00021819268212526114,5352.914165019989
206,210944,508166.4831406884,1.0,1.0,1.0,1.0,1.0,1.0,0.03437499999999982,0.508295325191767,0.20591565221673178,0.5225950480313896,0.4774049519686105,2,-0.004530453030019999,0.24068190678954124,1.3532674074172975,0.02104069555337589,0.993008816242218,3.566341632604599,0.8848205395042896,0.21872119109600585,0.00021747587486986204,5379.714832305908
207,211968,442629.1839480102,1.0,1.0,1.0,1.0,1.0,1.0,0.03125,0.509185459832387,0.2051433262377361,0.5094216251560364,0.4905783748439636,1,-0.0024924997123889625,0.16393577083945274,1.350289523601532,0.012450565773201739,2.968305364251137,2.1079673647880552,0.19481730982661247,0.09415230089897451,0.00021675713606708694,5406.037747144699
208,212992,816254.3983269632,1.0,1.0,1.0,1.0,1.0,1.0,0.02499999999999991,0.5064871773594121,0.20558183056637497,0.5364450127877238,0.4635549872122762,1,0.0047407919424586,0.3312639519572258,1.348737907409668,0.02321347469872097,0.9904221385717392,8.233805620670319,0.34016532823443413,0.6924841328520057,0.0002160364864449674,5432.112630367279
209,214016,508428.5099742636,1.0,1.0,1.0,1.0,1.0,1.0,0.03750000000000031,0.5068565569200068,0.20538694517061112,0.5088290242873501,0.4911709757126499,2,-0.0027024416893254967,0.1983800634741783,1.345379364490509,0.0038030740351536084,1.004819282889366,2.1953034102916718,0.20084890704602004,0.15841815785608981,0.00021531394678664205,5458.723025083542
210,215040,530620.3034062386,1.0,1.0,1.0,1.0,1.0,1.0,0.043749999999999734,0.5098460802339921,0.20642920434062947,0.5183926186718465,0.48160738132815345,1,0.005109930003527552,0.21397226601839064,1.3412660360336304,0.011027547652556535,1.017572635412216,7.074397957324981,0.23860193155705928,0.31070810342687044,0.00021458953792975695,5485.039655208588
211,216064,793986.0348540917,1.0,1.0,1.0,1.0,1.0,1.0,0.034375000000000266,0.5080380256498327,0.20679238795946275,0.5438210765731615,0.4561789234268385,2,-0.00145839168690145,0.32104993760585787,1.3395701110363007,0.019839692022131317,0.9873633265495301,3.524146521091461,0.630122147500515,0.24768453778991917,0.00021386328076586494,5512.025969743729
212,217088,442620.13289031386,1.0,1.0,1.0,1.0,1.0,1.0,0.03750000000000009,0.5102479595357474,0.20722391563058926,0.4978785236849753,0.5021214763150247,1,-0.003418659199087415,0.16867259740829468,1.3377890706062316,0.01894265874189447,0.9840299218893052,2.9095404863357546,0.09589045206084848,0.16250582524396598,0.000213135196239823,5539.410291194916
213,218112,816453.3292715847,1.0,1.0,1.0,1.0,1.0,1.0,0.03125,0.5103377997747002,0.20823098619659844,0.5099843382928739,0.49001566170712607,1,0.005463140248320997,0.33591827750205994,1.3348323583602906,0.008817663617651428,1.0559035271406174,6.563156032562256,0.5543882939964533,0.34852612845265984,0.00021240530534918814,5564.964560985565
214,219136,508171.580448851,1.0,1.0,1.0,1.0,1.0,1.0,0.034375000000000044,0.5102818529481495,0.2084437933591293,0.5256314755874585,0.47436852441254146,2,0.006906027055811137,0.22127117738127708,1.3313032686710358,0.009114947755745017,1.3138670206069947,5.42777202129364,0.11009408570826054,0.2460851822760056,0.0002116736291436121,5590.282351493835
215,220160,442788.5899861939,1.0,1.0,1.0,1.0,1.0,1.0,0.03125,0.5058506442791753,0.20720154812114638,0.5057871670974267,0.49421283290257334,1,-0.004692079877713695,0.19565562084317206,1.3280490219593049,0.012801024132493288,0.9915362268686294,2.506670892238617,0.2014111217111349,0.1307797553539427,0.00021094018872423395,5616.2106347084045
216,221184,882114.8674440533,1.0,1.0,1.0,1.0,1.0,1.0,0.046875000000000444,0.5069663194950886,0.206731046845819,0.5286529921759358,0.4713470078240643,2,-0.002237631194293499,0.33610558062791823,1.324466347694397,0.024652999711074396,0.9835160732269287,6.083470869064331,0.2572786170989275,0.23834610413256058,0.00021020500524307183,5642.059747457504
217,222208,442701.1778244227,1.0,1.0,1.0,1.0,1.0,1.0,0.03750000000000053,0.5036397069497355,0.20547783685985638,0.49974488349679685,0.5002551165032031,1,-0.0037433873862028123,0.178196332603693,1.3228471994400024,0.017574571252812386,0.9837050348520279,2.846179348230362,0.13957630861550568,0.1900003378894682,0.0002094680999024128,5668.955893754959
218,223232,816445.8636962473,1.0,1.0,1.0,1.0,1.0,1.0,0.04375000000000018,0.50483944817305,0.20512760601862423,0.5154205300190702,0.4845794699809298,1,0.0018170577241107821,0.31344238221645354,1.321005940437317,0.01177654659344426,1.1618676990270616,6.329474472999573,0.32211113795638086,0.22359044733898287,0.00020872949395420133,5694.236250400543
219,224256,508481.3165824637,1.0,1.0,1.0,1.0,1.0,1.0,0.03750000000000009,0.5032884220787028,0.20293625964758652,0.5089026915113871,0.4910973084886128,2,-0.0030470433295704423,0.20976514294743537,1.3178463578224182,0.021378203098793448,0.9848941802978516,3.8390724658966064,0.13329223524779082,0.16299743611011852,0.00020798920869942653,5719.878412723541
220,225280,442434.13804733753,1.0,1.0,1.0,1.0,1.0,1.0,0.031250000000000444,0.5038007807817523,0.20436541766788424,0.5339761547983582,0.4660238452016418,1,-0.004547657691000495,0.17691728994250297,1.3142478346824646,0.0049103935521460414,7.26023707985878,3.3529823899269102,0.16714548878371716,0.06214764194303247,0.00020724726548750785,5745.161505460739
221,226304,816138.9574854374,1.0,1.0,1.0,1.0,1.0,1.0,0.04375000000000018,0.5050673771565865,0.20541503123148497,0.5363575717144763,0.46364242828552366,1,0.023217736277729273,0.31567899584770204,1.309426587820053,0.03859237926192323,1.0327440053224564,13.299602544307708,0.4157027114182711,0.81,0.00020650368571567917,5770.827231884003
222,227328,508426.4595544338,1.0,1.0,1.0,1.0,1.0,1.0,0.04687500000000022,0.5044610305680255,0.20404479743794793,0.5100551699590674,0.48994483004093253,2,-0.0044979078229516745,0.18003332763910293,1.3074144423007965,-0.09851464268560883,162468.57277833222,2.3207004934549333,0.1773316916078329,0.0984770902183612,0.000205758490828372,5797.382795333862
223,228352,750611.9285254776,1.0,1.0,1.0,1.0,1.0,1.0,0.018749999999999822,0.5059620730363646,0.20687131510859189,0.5194446151010629,0.4805553848989372,1,0.0003356577828526497,0.3185330152511597,1.3065595149993896,0.02022811781537408,0.9906543105840683,4.895531582832336,0.5854092802852392,0.21460523876828225,0.00020501170231659684,5823.7048461437225
224,229376,574026.7415120155,1.0,1.0,1.0,1.0,1.0,1.0,0.03750000000000009,0.5079140374961577,0.20895105890401244,0.5368028652876252,0.46319713471237484,2,-0.005393406446091831,0.31899546682834623,1.3041890799999236,0.017916256922261665,0.9988380461931229,2.48760424554348,0.9813932210206986,0.14080249715586998,0.00020426334171732332,5849.217194318771
225,230400,442662.38478013873,1.0,1.0,1.0,1.0,1.0,1.0,0.03125,0.5087384242709632,0.2094275680197425,0.5080855503390714,0.4919144496609285,1,-0.0062615850009024145,0.18591901808977127,1.3001344740390777,0.018735653488516156,0.9888249665498734,2.252066135406494,0.41343304738402364,0.10264502042662922,0.00020351343061285942,5875.192086696625
226,231424,816303.3027919233,1.0,1.0,1.0,1.0,1.0,1.0,0.03125,0.5121442637322514,0.20978525368726886,0.5283526490066225,0.47164735099337746,1,0.0009926507249474526,0.3156256228685379,1.2959696471691131,0.020472454448308763,0.9877059400081635,5.027801185846329,0.75331093929708,0.3355322400599036,0.0002027619906302287,5901.307199239731
227,232448,508206.95368009247,1.0,1.0,1.0,1.0,1.0,1.0,0.03125,0.5109064627717103,0.20910857954676584,0.5131822999470058,0.4868177000529942,2,-0.005311913631157949,0.20422336533665658,1.2944659173488617,0.015059129252998276,0.982709738612175,2.8493014693260195,0.14563398566097022,0.1981284324329725,0.00020200904344054677,5926.622988700867
228,233472,442629.7687934339,1.0,1.0,1.0,1.0,1.0,1.0,0.018749999999999822,0.5079469050363083,0.2068768265704198,0.4975810786597384,0.5024189213402616,1,-0.006555892492178828,0.16648423671722412,1.2938907265663147,0.017769324285565123,0.9798731625080108,2.0637432634830475,0.25307111963629725,0.14443562724363698,0.00020125461075839624,5953.242586612701
229,234496,816210.681715393,1.0,1.0,1.0,1.0,1.0,1.0,0.018750000000000266,0.5083557308591675,0.20513283715867847,0.5252701036908128,0.47472989630918716,1,0.0005889395950362086,0.30249804705381395,1.292408812046051,0.02275478510565914,0.9890267521142959,7.286460971832275,0.3155255220830441,0.3147599325136026,0.0002004987143412005,5978.8939073085785
230,235520,508224.68520393595,1.0,1.0,1.0,1.0,1.0,1.0,0.043749999999999956,0.5091198600998121,0.20651162273818116,0.5134158926728586,0.48658410732714136,2,-0.006178848707349971,0.2137688107788563,1.2914546847343444,0.012797288687685881,0.9942939281463623,3.098048323392868,0.11326279230415821,0.12194444697202696,0.00019974137598859627,6005.667443037033
231,236544,442742.1761535108,1.0,1.0,1.0,1.0,1.0,1.0,0.03125,0.5053763335261794,0.2057214254276507,0.5104544669085882,0.4895455330914118,1,-0.00044055081671103837,0.18305782303214074,1.2895152032375337,0.015480342143586423,1.040534347295761,3.212714982032776,0.3762680422514677,0.12915267613028047,0.00019898261754180494,6031.683269739151
232,237568,881996.8948361203,1.0,1.0,1.0,1.0,1.0,1.0,0.031250000000000444,0.5049093432083415,0.20589985691152748,0.5431771739953076,0.4568228260046924,2,-0.002181893796660006,0.338049541413784,1.2869960486888885,0.023623366495545993,0.9801656693220139,4.6836170017719265,0.4566508898511529,0.3474749509864715,0.00019822246088300257,6056.983416557312
233,238592,442507.30481401086,1.0,1.0,1.0,1.0,1.0,1.0,0.043749999999999734,0.5043404504762952,0.207052945472747,0.5145215893567737,0.4854784106432262,1,-0.004257550789043307,0.1841459132730961,1.2837067544460297,0.013558206829102004,0.9895849823951721,2.4929212749004366,0.17931155171245336,0.16619619188448131,0.00019746092793468886,6083.365626335144
234,239616,816629.9774462134,1.0,1.0,1.0,1.0,1.0,1.0,0.03750000000000009,0.5038903688457372,0.2075844472912476,0.5263382514327521,0.4736617485672479,1,0.0021592194912955164,0.3132015407085419,1.280179625749588,0.02068237386908427,0.9876625686883926,6.080836963653565,0.17670482769608498,0.26828254137426494,0.00019669804065905504,6109.126205444336
235,240640,508188.8970952295,1.0,1.0,1.0,1.0,1.0,1.0,0.03750000000000031,0.5032736492638389,0.20599880505180393,0.5281321337451322,0.4718678662548677,2,-0.005839456495596096,0.19969045743346214,1.2787831544876098,0.016080351290092665,0.9872578382492065,4.23786980509758,0.1646084187552333,0.12831870786343266,0.0001959338210573503,6135.236396551132
236,241664,442667.8989779055,1.0,1.0,1.0,1.0,1.0,1.0,0.03125,0.5037633417579647,0.20722220987096576,0.5139994105511347,0.4860005894488653,1,0.0007757373037748039,0.18076429516077042,1.278706532716751,0.01932168092829234,0.9850979387760163,4.215995609760284,0.2716107230633497,0.2071387356179135,0.00019516829116924747,6160.72004032135
237,242688,772218.2186762504,1.0,1.0,1.0,1.0,1.0,1.0,0.018749999999999822,0.5048053563263014,0.20693908462637822,0.517908105022831,0.4820918949771689,1,-0.005576319759711623,0.3029059171676636,1.277298128604889,0.01699778197170292,0.993327122926712,5.019082534313202,0.4680558804422617,0.2752050419887989,0.00019440147307220722,6186.329403877258
238,243712,552277.3550389111,1.0,1.0,1.0,1.0,1.0,1.0,0.03125,0.5019073266018937,0.2042503435327234,0.5175167439464193,0.4824832560535806,2,-0.007580370351206511,0.22201432809233665,1.2755717158317565,0.01189487483924021,0.9952890396118164,2.6062344670295716,0.2593182995915413,0.10662007194256604,0.00019363338888084153,6213.511335849762
239,244736,442685.2972205579,1.0,1.0,1.0,1.0,1.0,1.0,0.02499999999999991,0.5043313074716035,0.2026877099300148,0.5091962860015377,0.49080371399846234,1,-0.00514064219314605,0.1576156385242939,1.2739953756332398,0.018877603574986218,0.9862600654363632,3.438438206911087,0.23292570598423482,0.1274901247197658,0.00019286406074627577,6240.771526813507
240,245760,816058.6383065581,1.0,1.0,1.0,1.0,1.0,1.0,0.037499999999999645,0.5056623599488084,0.20449084058631753,0.5344114040465971,0.4655885959534028,1,0.010575508838519454,0.3151784732937813,1.2712086200714112,0.003113241154263502,4.082017469406128,9.961514222621918,0.485422744974494,0.4557133005111211,0.00019209351085551008,6266.459810972214
241,246784,508600.88944634795,1.0,1.0,1.0,1.0,1.0,1.0,0.03437499999999982,0.5079782324806559,0.20563754997587866,0.5142549453040866,0.4857450546959134,2,-0.0003733162593562156,0.18942796215415,1.2679254591464997,0.013990457723080874,0.9797304540872573,3.8242052614688875,0.1590723605826497,0.26909414681881194,0.0001913217614307792,6292.515563488007
242,247808,816508.1076008677,1.0,1.0,1.0,1.0,1.0,1.0,0.025000000000000355,0.5100072469769475,0.20728100495153867,0.5288239815526518,0.4711760184473482,1,0.006700020469725132,0.3563010200858116,1.2633446991443633,0.004044404658286371,2.3573306143283843,9.696526479721069,0.7642990320920944,0.2850005068342021,0.00019054883472891201,6318.89080619812
243,248832,508358.4981343001,1.0,1.0,1.0,1.0,1.0,1.0,0.03125000000000022,0.5105586557997375,0.2071173309857781,0.49879189641286165,0.5012081035871383,2,-0.004438730364199728,0.202070252597332,1.2602017283439637,0.015740235190728313,0.9891023606061935,3.8676530003547667,0.1229599779471755,0.16828994928052798,0.00018977475304068913,6345.874695777893
244,249856,640748.4963173717,1.0,1.0,1.0,1.0,1.0,1.0,0.03125,0.5071561647638994,0.20346548834387063,0.5175642666046295,0.4824357333953705,1,0.007527651474811136,0.22998786047101022,1.2580830514431,0.018393551174822064,0.9872206509113312,10.44835057258606,0.22301955334842205,0.6791559837921599,0.00018899953869020052,6371.352035045624
245,250880,684021.1256018579,1.0,1.0,1.0,1.0,1.0,1.0,0.03750000000000031,0.5082429925308765,0.20496067684811126,0.5184148497348262,0.48158515026517384,2,-0.005025345314061269,0.280323988199234,1.2559892892837525,0.00852190960818131,0.9987135410308838,4.805129885673523,0.22824429627507925,0.1726323387306456,0.00018822321403420158,6397.351003646851
246,251904,442589.0333979279,1.0,1.0,1.0,1.0,1.0,1.0,0.03125,0.507735372932022,0.20551673508708296,0.5091155820402383,0.4908844179597616,1,-0.006922137178480625,0.17867480888962745,1.2516825735569,0.019790151390525514,0.9817837923765182,3.758474326133728,0.251192893460393,0.12584897493464067,0.00018744580146146803,6425.148544549942
247,252928,816440.4166427702,1.0,1.0,1.0,1.0,1.0,1.0,0.02499999999999991,0.506948679484411,0.20482953453306044,0.52874318375928,0.4712568162407201,1,0.0018397078849375248,0.3137363985180855,1.247286355495453,0.01829738642844636,0.9925086051225662,9.464885497093201,0.6608537100255489,0.33322000928812084,0.0001866673233921507,6451.692728281021
248,253952,508261.39311950654,1.0,1.0,1.0,1.0,1.0,1.0,0.03125,0.5056534865663824,0.20409410097518327,0.5257804503582395,0.4742195496417605,2,-0.0016528880049008876,0.1909141220152378,1.2447983980178834,0.014007429495380452,1.0754558354616166,4.840083247423172,0.19402379114180804,0.14344028771443149,0.00018588780227712885,6478.645349264145
249,254976,596775.0303301513,1.0,1.0,1.0,1.0,1.0,1.0,0.050000000000000266,0.5065390072618559,0.2042275687144444,0.5076693284310909,0.4923306715689091,1,-0.0029666600050404666,0.22821694165468215,1.2428266763687135,0.026021693811238998,0.9721060276031495,7.553734493255615,0.49715914092957975,0.2614199243595514,0.00018510726059736238,6504.429627656937
250,256000,727909.830482252,1.0,1.0,1.0,1.0,1.0,1.0,0.03749999999999987,0.5086296850804779,0.20486940756659244,0.5476153244722439,0.4523846755277561,2,-0.0029946719179861246,0.2788336493074894,1.2421110212802886,0.0115530762872325,11.050705271959306,8.089049077033996,0.18294629380106925,0.11074906209564929,0.00018432572086324387,6529.918186664581
251,257024,442601.9045869112,1.0,1.0,1.0,1.0,1.0,1.0,0.02499999999999991,0.5094450630131059,0.20569893279621562,0.5082635009310987,0.4917364990689013,1,-0.0010899846442043782,0.17067597880959512,1.2417798340320587,0.019979360678699987,0.9939932227134705,6.665538084506989,0.12714198483154177,0.2681653487086738,0.0001835432056139491,6556.413440704346
252,258048,816507.250452745,1.0,1.0,1.0,1.0,1.0,1.0,0.03750000000000009,0.5103171032582049,0.2070259215493555,0.5191500190863978,0.48084998091360226,1,0.017363353073596953,0.3311402752995491,1.240815931558609,-0.04361267613401174,12450.675385433435,9.480569684505463,0.5594286702573299,0.16770908422383757,0.0001827597374167874,6583.681222677231
253,259072,508264.25562993437,1.0,1.0,1.0,1.0,1.0,1.0,0.031250000000000444,0.5098556890375556,0.20753260609899674,0.5289597727125976,0.47104022728740236,2,0.008808489760849626,0.2082130268216133,1.2396075010299683,0.014499163609897803,1.114204928278923,6.901108205318451,0.2565459731966257,0.2960374932561966,0.00018197533886655037,6610.190229415894
254,260096,442770.7765008956,1.0,1.0,1.0,1.0,1.0,1.0,0.012500000000000178,0.5063597438877141,0.20504235472739024,0.5044146313496158,0.4955853686503841,1,0.00573158519109711,0.1719099536538124,1.2373852014541626,0.010301595809481067,1.7148133993148804,6.567722153663635,0.3509505443274975,0.23224925555929107,0.00018119003258486058,6636.361006259918
255,261120,882131.0758194439,1.0,1.0,1.0,1.0,1.0,1.0,0.04375000000000018,0.5056883167077746,0.20354041850265284,0.5093003886729595,0.49069961132704054,2,0.00945579880499281,0.31441004723310473,1.234997671842575,0.011682553646498218,9.794758400321006,9.986185431480408,0.41370941400527955,0.5623632509916657,0.00018040384121951905,6661.873824834824
256,262144,442627.09248469025,1.0,1.0,1.0,1.0,1.0,1.0,0.025000000000000355,0.506697517416208,0.20792139381115046,0.517776990314198,0.482223009685802,1,0.0017888935166411103,0.19883158951997756,1.2334099948406219,-0.024173023677242965,627639.5683425486,3.5521449863910677,0.5982672274112701,0.075966936355826,0.0001796167874438521,6688.156430244446
257,263168,816352.6135619432,1.0,1.0,1.0,1.0,1.0,1.0,0.04375000000000018,0.5080509010611934,0.20711370718918462,0.531500339443313,0.468499660556687,1,0.009598786302376539,0.3029513850808144,1.2333700358867645,0.024084517151908447,1.8367825120687484,12.060010182857514,0.2597738018259406,0.24832530813492557,0.0001788288939560576,6713.538663387299
258,264192,508328.7616074085,1.0,1.0,1.0,1.0,1.0,1.0,0.04375000000000018,0.5080688640126867,0.20722180260095266,0.5092218841209712,0.49077811587902875,2,-0.0026917852694168685,0.1916042946279049,1.2325965464115143,0.01638343177725421,0.9784424543380738,4.219335949420929,0.1598793024197221,0.18102914963036076,0.00017804018347855008,6739.986455917358
259,265216,684732.0338398218,1.0,1.0,1.0,1.0,1.0,1.0,0.037499999999999645,0.506262593949405,0.2070631178203552,0.518800070171335,0.481199929828665,1,0.010933146486058832,0.2822186008095741,1.231714129447937,-0.00919557790221499,66605.87223784029,10.008086454868316,1.0329012721776962,0.20965666814733716,0.0001772506787573058,6766.251980304718
260,266240,640057.1459773183,1.0,1.0,1.0,1.0,1.0,1.0,0.03125000000000022,0.506341079362385,0.2065814041339199,0.5110758351973447,0.4889241648026553,2,-0.0020441093016415834,0.2606044478714466,1.229650866985321,0.02332692154546465,0.9876863718032837,3.3035298764705656,0.14797100871801377,0.1698219011993431,0.00017646040256120646,6791.743429899216
261,267264,442605.50478474796,1.0,1.0,1.0,1.0,1.0,1.0,0.018749999999999822,0.5070007097654077,0.20630858257468154,0.49731420813411253,0.5026857918658875,1,-0.0044758687086869035,0.1702266164124012,1.2251770853996278,0.014454258944522813,0.9845166891813278,2.873865333199501,0.1599702090024948,0.12380016597432113,0.0001756693776813826,6818.564239263535
262,268288,816385.0590171441,1.0,1.0,1.0,1.0,1.0,1.0,0.03125,0.5098687248370255,0.2069891050013369,0.5135679742074154,0.48643202579258465,1,0.005502108565997333,0.30008951425552366,1.220500898361206,0.01006672840978129,1.0102359503507614,9.79885573387146,0.17365901581943036,0.2950156982171113,0.00017487762693055655,6844.640317201614
263,269312,508170.4242824875,1.0,1.0,1.0,1.0,1.0,1.0,0.03125,0.5102190393191387,0.2061823220239727,0.5066693478115155,0.4933306521884845,2,-0.003007906291168183,0.20029869452118873,1.2180920898914338,0.016264052855132948,0.9857776165008545,4.60947425365448,0.1282755384221673,0.3174864612943047,0.00017408517314238428,6871.7528121471405
264,270336,442615.29929339886,1.0,1.0,1.0,1.0,1.0,1.0,0.050000000000000266,0.5102212710711855,0.20636920147293872,0.5116556370357122,0.48834436296428785,1,-0.0025410047499462964,0.17114371433854103,1.2148164629936218,0.015634438129873952,0.9822234332561492,5.43844695687294,0.1414188163354993,0.1687253224767066,0.00017329203917079694,6898.521037578583
265,271360,816153.1902697831,1.0,1.0,1.0,1.0,1.0,1.0,0.03125,0.5090502882927955,0.20837820326579226,0.5538193182644088,0.4461806817355912,1,0.000372437306214124,0.3590305641293526,1.2131897449493407,0.020678450533662927,0.9880792528390885,10.751299560070038,1.086344364285469,0.3736148087597644,0.0001724982478893419,6925.924781084061
266,272384,508138.7794384584,1.0,1.0,1.0,1.0,1.0,1.0,0.034375000000000266,0.5086930946756212,0.20872639985270466,0.5237249948794975,0.47627500512050247,2,-0.002762715774588287,0.2117214985191822,1.2120366513729095,0.016899389858214063,0.9819515615701675,4.846642208099365,0.35971974916756155,0.24512867602728142,0.00017170382219052282,6952.5472157001495
267,273408,442690.0989090502,1.0,1.0,1.0,1.0,1.0,1.0,0.03125,0.5093252476338704,0.20781036184878274,0.5149409312022237,0.4850590687977762,1,-0.002994654327630997,0.18490132912993432,1.2113039195537567,0.014472465493626218,0.9852973848581315,3.0145036041736604,0.3852864369750023,0.17869880482388817,0.00017090878498513974,6979.480038642883
268,274432,816170.5977277905,1.0,1.0,1.0,1.0,1.0,1.0,0.03750000000000053,0.5062986978800905,0.20648184755713092,0.5289648622981956,0.4710351377018044,1,0.009255947452038527,0.3144508540630341,1.2115022718906403,-0.013902272728053689,1.646204987168312,13.97355625629425,0.1697256337851286,0.4258391114485077,0.00017011315920162815,7006.682318687439
269,275456,508495.2024356425,1.0,1.0,1.0,1.0,1.0,1.0,0.040625000000000355,0.5034099634497116,0.20424472692479867,0.5078683003309913,0.49213169966900877,2,0.003110344265587628,0.19012848734855653,1.2101255655288696,0.009441321772319156,1.225213223695755,3.7272278904914855,0.1311187682673335,0.14848091711343575,0.00016931696778539783,7033.772378921509
270,276480,816631.522454124,1.0,1.0,1.0,1.0,1.0,1.0,0.02499999999999991,0.5047228376982185,0.20216709177891168,0.5213405379151236,0.4786594620848765,1,-0.002144847484305501,0.29413131326437,1.2095194876194,-0.06823790598424373,333160.7027896255,9.166653680801392,0.1830224573612213,0.28242953648100017,0.00016852023369817113,7060.377044677734
271,277504,508187.72679656744,1.0,1.0,1.0,1.0,1.0,1.0,0.0281250000000004,0.5039014409574303,0.20284391565207133,0.5145559431177891,0.4854440568822109,2,0.011652616085484624,0.2164597898721695,1.2100909233093262,0.018462026114387874,0.9966261118650437,6.33058311343193,0.0884882878512144,0.4559124547146352,0.0001677229799173207,7094.698779821396
272,278528,442685.19470500946,1.0,1.0,1.0,1.0,1.0,1.0,0.050000000000000266,0.5034714793004664,0.20499712713542964,0.5162062722653741,0.4837937277346259,1,-0.004537378647364676,0.1914365105330944,1.2095563292503357,0.01006958829332998,0.9904870986938477,3.942324328422546,0.5118411809206009,0.15896684353206092,0.00016692522943520684,7125.150733709335
273,279552,816160.6314948499,1.0,1.0,1.0,1.0,1.0,1.0,0.031249999999999556,0.504704696829845,0.2038826867929571,0.5317055123936367,0.4682944876063633,1,0.004164428799413145,0.31284664273262025,1.2074684500694275,-0.022915331185549774,6111.793699795007,4.855572032928467,0.7662113681435585,0.1841054815143504,0.0001661270052585145,7160.287045478821
274,280576,508335.97704039514,1.0,1.0,1.0,1.0,1.0,1.0,0.03125,0.5032539930915271,0.20215659219278911,0.5240896705474363,0.4759103294525638,2,-0.0028160349349491296,0.2272084139287472,1.205723387002945,0.016172742353901003,0.9943183541297913,1.882712385058403,1.170006300508976,0.10871244577940879,0.00016532833040758968,7184.5334379673
275,281600,442667.5201945156,1.0,1.0,1.0,1.0,1.0,1.0,0.03750000000000009,0.5022046898601091,0.2029878481775192,0.5261227146322702,0.4738772853677297,1,-0.0034685728838667273,0.17488076239824296,1.2051730394363402,0.0196416836468583,0.9881519496440887,2.4061631858348846,0.27761700078845025,0.12999206451927328,0.0001645292279157756,7219.574974536896
276,282624,816016.0150046796,1.0,1.0,1.0,1.0,1.0,1.0,0.050000000000000266,0.5007955507259284,0.2017394911055887,0.5347506764592191,0.4652493235407808,1,-0.00638512319419533,0.3006015881896019,1.204559051990509,0.0242799386513032,0.9788741439580917,3.2385645508766174,0.2575999602675438,0.28784630316744625,0.00016372972082874838,7254.975395441055
277,283648,508593.1569106877,1.0,1.0,1.0,1.0,1.0,1.0,0.034375000000000044,0.5010642940348207,0.20217960057324982,0.5278791334093501,0.47212086659064995,2,-0.003397873032372445,0.18214599713683127,1.2017353415489196,0.008103285930231397,0.9898477822542191,1.9405136913061143,0.13903900813311337,0.0903292199792792,0.00016292983220385246,7288.27285194397
278,284672,816534.4025940895,1.0,1.0,1.0,1.0,1.0,1.0,0.04375000000000018,0.5043224637950448,0.20276098846111532,0.5297266297075129,0.4702733702924871,1,-0.0037840538774617017,0.29788900464773177,1.1996772527694701,0.024637972806429785,0.9781129628419876,4.773279905319214,0.29935756884515285,0.2700261618469207,0.00016212958510943563,7318.40186715126
279,285696,508375.51346008666,1.0,1.0,1.0,1.0,1.0,1.0,0.03750000000000009,0.50581793990803,0.2026201131688637,0.5224930576982413,0.4775069423017587,2,-0.004757359565701336,0.20495454221963882,1.1979981184005737,0.01115420745802409,0.990188068151474,2.4764963537454605,0.25759342331439256,0.11623740851725241,0.00016132900262418376,7350.826870203018
280,286720,442546.68425386027,1.0,1.0,1.0,1.0,1.0,1.0,0.03750000000000009,0.5067196440911318,0.20390858061522996,0.5078983092681723,0.49210169073182775,1,-0.004682627145666629,0.1906605117022991,1.195932972431183,0.023075781841125485,0.985165587067604,2.5497644752264024,0.6456522528082133,0.11439504559225397,0.00016052810783645513,7385.25274181366
281,287744,816105.9989190772,1.0,1.0,1.0,1.0,1.0,1.0,0.03125,0.5024722624046525,0.20185268230850734,0.5431763285024155,0.4568236714975845,1,0.003134501096792519,0.29544515907764435,1.1948912858963012,0.02053457632044351,0.9837615579366684,6.056390714645386,0.15814877394586802,0.37394143174008293,0.00015972692384361476,7409.38432097435
282,288768,508454.3121552691,1.0,1.0,1.0,1.0,1.0,1.0,0.0281250000000004,0.5030885563603096,0.20212313888710468,0.5065491783758037,0.49345082162419623,2,-0.004337872943870025,0.19573646113276483,1.1933600544929504,0.012025575693431568,0.9819880872964859,2.6163651049137115,0.6468211337924004,0.17885502758284327,0.00015892547375136808,7435.662742853165
283,289792,442431.46266135573,1.0,1.0,1.0,1.0,1.0,1.0,0.056250000000000355,0.5020814130280413,0.20290766426108928,0.5328410415856977,0.4671589584143024,1,-0.007386050513014197,0.1726897895336151,1.189896470308304,0.018424630614130598,0.9817265838384628,2.064825767278671,0.18432317525148392,0.14487257234210307,0.00015812378067309472,7470.1991629600525
284,290816,882157.794039987,1.0,1.0,1.0,1.0,1.0,1.0,0.028125000000000178,0.5015740221568519,0.2034787139034811,0.5378258105530833,0.46217418944691674,2,0.00971636176109314,0.3570327028632164,1.1874248683452606,0.02160806469232953,0.9940030246973037,8.599082106351853,0.19449813421815634,0.7290000000000001,0.000157321867729182,7502.795068740845
285,291840,442519.59601433855,1.0,1.0,1.0,1.0,1.0,1.0,0.050000000000000266,0.5038210651903451,0.20594852022263802,0.5264112172126194,0.47358878278738065,1,-0.004069733730284497,0.18031112477183342,1.1860020160675049,0.007231171910821172,0.9868760615587234,2.244113177061081,0.11481016566976905,0.1853020188851842,0.00015651975804635785,7534.343913555145
286,292864,816594.6836552173,1.0,1.0,1.0,1.0,1.0,1.0,0.031250000000000444,0.5049796282671701,0.2048894062483272,0.5095501773159957,0.4904498226840042,1,-0.004766578006092459,0.30764247924089433,1.1834806680679322,0.02050308848181947,0.980402535200119,4.274763131141663,0.2485784187912941,0.17947449692296333,0.00015571747475702418,7564.86271739006
287,293888,508120.59726698324,1.0,1.0,1.0,1.0,1.0,1.0,0.034375000000000266,0.5046433031313583,0.20552575686158114,0.5182901767365392,0.48170982326346073,2,-0.007379856170155108,0.21964980140328408,1.1809941828250885,0.021807819392153528,1.0048613905906678,2.3610561728477477,0.17827086262404918,0.10597789568804063,0.00015491504099858958,7591.964516162872
288,294912,442585.304809168,1.0,1.0,1.0,1.0,1.0,1.0,0.050000000000000266,0.5042127687952191,0.20657253096777145,0.5105520448312865,0.4894479551687135,1,-0.005257856257958338,0.1790322929620743,1.1755699574947358,0.022627071942407893,0.9875630259513855,2.5416715115308763,0.22974366117268802,0.14080249715587004,0.00015411247991280208,7622.1323158741
289,295936,816295.8448704034,1.0,1.0,1.0,1.0,1.0,1.0,0.03125,0.5053270896868318,0.20780789001304736,0.5229549248747913,0.47704507512520866,1,0.004424957581795752,0.32202188670635223,1.1702804386615753,0.015961961259992385,0.9786021649837494,8.077932488918304,0.7428650110960007,0.6213560001109328,0.00015330981464508174,7651.5093376636505
290,296960,508292.2229865566,1.0,1.0,1.0,1.0,1.0,1.0,0.04375000000000018,0.504622603200537,0.20632521653546368,0.5097864201466369,0.4902135798533631,2,-0.0058854381320998074,0.19217414483428003,1.1670241951942444,0.009232728260929912,0.9852390110492706,2.501184844970703,0.10024486053735018,0.175489287101019,0.00015250706834385325,7678.808595895767
291,297984,442626.3188460022,1.0,1.0,1.0,1.0,1.0,1.0,0.018750000000000266,0.5033938336013083,0.20525530028816663,0.5200745281884842,0.4799254718115158,1,-0.0049512451165355745,0.16586419939994812,1.1650148570537566,0.0172658451222266,0.9755616128444672,2.1745481461286547,0.12094542626291513,0.12793169029664286,0.00015170426415987812,7705.6218230724335
292,299008,882062.9341980722,1.0,1.0,1.0,1.0,1.0,1.0,0.03749999999999987,0.5022307723137496,0.20520173429775218,0.5339319888120123,0.46606801118798763,2,-0.001207212620647624,0.34103820472955704,1.1652147829532624,0.018662149064002254,0.9857746988534928,7.399012327194214,0.20179851166903973,0.2787938888249359,0.0001509014252455873,7731.035825014114
293,300032,442552.65851631016,1.0,1.0,1.0,1.0,1.0,1.0,0.025000000000000355,0.5014584577287076,0.20505843307301866,0.5269994757383352,0.47300052426166483,1,-0.0036655460018664597,0.2249741278588772,1.1634002923965454,0.014646764454424522,0.9776246070861816,2.7588160932064056,1.0707420073449612,0.18291667045804044,0.00015009857475441332,7757.127370834351
294,301056,816568.1984725744,1.0,1.0,1.0,1.0,1.0,1.0,0.04375000000000018,0.5035984572987091,0.20695081409533447,0.5325243932949713,0.46747560670502875,1,0.008254760433919728,0.30849802792072295,1.1592711627483367,0.012619002219738995,0.9886602550745011,8.799746108055114,0.36402501314878466,0.6561000000000001,0.0001492957358401225,7784.014674663544
295,302080,507992.81255685084,1.0,1.0,1.0,1.0,1.0,1.0,0.034375000000000044,0.5048090282479168,0.2055152117743561,0.5292346114294109,0.4707653885705891,2,-0.004588638513814658,0.18899585753679277,1.1564594686031342,0.008570589206051471,0.9945836514234543,4.140516710281372,0.1637891514226794,0.22876792454961012,0.00014849293165614737,7810.40541100502
296,303104,442632.4715218302,1.0,1.0,1.0,1.0,1.0,1.0,0.03750000000000009,0.5059088019160407,0.20601187066133528,0.512983974733887,0.487016025266113,1,-0.00441799052641727,0.1874103493988514,1.1529719650745391,0.015293333700527123,0.9801979005336762,2.4240318775177,0.6657053835690021,0.10941898913151243,0.00014769018535491885,7837.298251628876
297,304128,816384.1424686434,1.0,1.0,1.0,1.0,1.0,1.0,0.04375000000000018,0.5040859547541265,0.20376829111683586,0.5234359147784917,0.4765640852215083,1,-0.0009108205791562796,0.30702939033508303,1.1479223728179933,0.02607372039961371,0.9919108748435974,9.138303911685943,0.4376119188964367,0.32709227064210056,0.00014688752008719852,7862.698183774948
298,305152,508267.0203179568,1.0,1.0,1.0,1.0,1.0,1.0,0.03750000000000031,0.5069226643961156,0.2036693991724445,0.518686513767329,0.48131348623267106,2,-0.00547004357795231,0.18944941088557243,1.145845353603363,0.01232324616966406,0.9837147265672683,3.5849948585033418,0.1517282485961914,0.12672224744028296,0.00014608495900141102,7889.412158489227
299,306176,442663.3410318736,1.0,1.0,1.0,1.0,1.0,1.0,0.04375000000000018,0.5051115507907221,0.2035901464131641,0.5074219213870087,0.49257807861299135,1,-0.005340305989375338,0.1659404829144478,1.14670991897583,0.017942952975561387,0.9789026975631714,3.5393351018428802,0.1260027158074081,0.13637443075137065,0.00014528252524297641,7916.109597682953
300,307200,882062.4366573859,1.0,1.0,1.0,1.0,1.0,1.0,0.03750000000000009,0.5055582069734692,0.2033299401167248,0.5236371694489584,0.4763628305510415,2,-0.0036256594699807464,0.3239309549331665,1.147931170463562,0.021018418169367205,0.9896624714136124,7.639178061485291,0.18702213428914546,0.27178111444852193,0.00014448024195364275,7942.4092745780945
301,308224,442562.8082510941,1.0,1.0,1.0,1.0,1.0,1.0,0.037499999999999645,0.5021141070030501,0.20241821908851812,0.5132748572437746,0.48672514275622536,1,-0.004359553044196218,0.17451541125774384,1.1474296510219575,0.014567387818859079,0.9805864185094834,2.995421898365021,0.1538958940654993,0.17831558918967527,0.0001436781322708186,7969.370021820068
302,309248,750607.5047561154,1.0,1.0,1.0,1.0,1.0,1.0,0.03125,0.5027832723495638,0.2019203362860316,0.5171651415586809,0.4828348584413192,1,-0.0008134066592901945,0.2868349373340607,1.1454138338565827,0.022137569066173236,0.9870862811803818,6.742409288883209,0.5461333464831114,0.31982922574160705,0.00014287621932690585,7995.835897445679
303,310272,574258.4612880088,1.0,1.0,1.0,1.0,1.0,1.0,0.034375000000000266,0.49940416458731496,0.20083725168120323,0.5220909324428461,0.47790906755715384,2,-0.005260015020030551,0.2192678838968277,1.1439711689949035,0.013499522819426213,0.9856614619493484,3.3051402032375337,0.3787893071770668,0.16997036355734543,0.00014207452624863252,8022.344758749008
304,311296,486800.18353912234,1.0,1.0,1.0,1.0,1.0,1.0,0.03125,0.5005610527782458,0.20103074758618555,0.4974492687903866,0.5025507312096135,1,-0.008031004946678877,0.19198936149477958,1.143313503265381,0.022507772655180024,0.971123194694519,3.568458104133606,0.4215846501290798,0.1529733272016109,0.00014127307615638586,8048.512795209885
305,312320,837971.3878084198,1.0,1.0,1.0,1.0,1.0,1.0,0.04062499999999991,0.4986372436794526,0.20083184045698318,0.5284304511278195,0.47156954887218044,2,-0.0015716262394562363,0.3221553057432175,1.1417624950408936,0.013750203590589382,1.0022875159978866,7.235216450691223,0.6222348026931286,0.20001937914586723,0.00014047189216354546,8074.379757404327
306,313344,442413.95367819443,1.0,1.0,1.0,1.0,1.0,1.0,0.03750000000000009,0.49827779562231117,0.1997549702297936,0.5129231889333818,0.48707681106661815,1,-0.0040551971178501844,0.1532778613269329,1.1399063885211944,0.014655245190267863,0.9793478846549988,2.8521276354789733,0.09865754265338182,0.11810944319184317,0.00013967099737581683,8100.307111263275
307,314368,684716.152827844,1.0,1.0,1.0,1.0,1.0,1.0,0.018750000000000266,0.4999146867662758,0.20001261742943394,0.5189013585351447,0.48109864146485526,1,0.004364592139609158,0.2476916179060936,1.1386323690414428,0.012328893794372676,1.0022647291421891,10.713628232479095,0.14385757111012937,0.5212124264797074,0.00013887041489056494,8126.776494979858
308,315392,639946.5720111728,1.0,1.0,1.0,1.0,1.0,1.0,0.03125,0.5007091758796379,0.20116764730500047,0.5530332080681034,0.44696679193189665,2,-0.00391042202245444,0.2685214191675186,1.1370313465595245,0.013787719685004784,0.9892242938280106,4.072034633159637,0.15844607185572385,0.249294287826722,0.0001380701677961481,8152.390285491943
309,316416,442636.17534532025,1.0,1.0,1.0,1.0,1.0,1.0,0.018750000000000266,0.4994656899074088,0.20093920808462945,0.524043463183447,0.475956536816553,1,-0.007040579034946859,0.16604841873049736,1.1335997581481934,0.01462778024628796,0.9770131319761276,2.78024782538414,0.1460547547787428,0.14720578401880108,0.0001372702791712522,8179.414950370789
310,317440,816517.3627690971,1.0,1.0,1.0,1.0,1.0,1.0,0.03750000000000009,0.4972575084684981,0.19943220442560644,0.53159757330637,0.4684024266936299,1,-0.0044245471595786515,0.3256761536002159,1.1297775626182556,0.022436021374790373,0.979060685634613,6.7626167893409725,0.25400599017739295,0.268282541374265,0.00013647077208422495,8205.941127300262
311,318464,508151.12158288434,1.0,1.0,1.0,1.0,1.0,1.0,0.03749999999999987,0.49499808058010447,0.19904221563916166,0.5265716793841583,0.4734283206158417,2,-0.0064827484311535954,0.20507103949785233,1.1283694565296174,0.01662668472412392,0.9857182145118714,3.7469517052173615,0.19759978223592042,0.17602017539565526,0.00013567166959241086,8232.918269395828
312,319488,442644.80013401806,1.0,1.0,1.0,1.0,1.0,1.0,0.03750000000000009,0.4980909527577625,0.1999119276676029,0.5307846844717561,0.4692153155282439,1,-0.006034213601378724,0.1679315112531185,1.127573812007904,0.01854213864884664,0.9763279646635056,3.1112109899520872,0.37108988538384435,0.14257634207048075,0.00013487299474148606,8259.899512767792
313,320512,816214.664788723,1.0,1.0,1.0,1.0,1.0,1.0,0.02499999999999991,0.5015076935794639,0.20105917600776146,0.528988634728816,0.471011365271184,1,0.0006234825123101473,0.30496895462274554,1.1258197844028472,0.01715193825380402,0.9959609508514404,13.585057401657105,0.3360246803611517,0.6990932327104582,0.00013407477056479373,8286.205571651459
314,321536,508468.7834011018,1.0,1.0,1.0,1.0,1.0,1.0,0.04375000000000018,0.5017759934511858,0.2016493182027062,0.5247384287994326,0.4752615712005675,2,-0.004157588968519121,0.20754324719309808,1.1245198547840118,0.009538080888117155,0.9889419078826904,4.015976268053055,0.13657311238348485,0.27084304207327653,0.00013327702008267988,8312.844511508942
315,322560,684670.6345994528,1.0,1.0,1.0,1.0,1.0,1.0,0.03125,0.500277414722345,0.19946889987954836,0.5170666988300567,0.4829333011699433,1,-0.0018128311028704047,0.2495524190366268,1.1232841908931732,0.019865508964940482,0.9797071009874344,8.344785726070404,0.29398607574403285,0.32385846852554434,0.0001324797663018294,8339.497478246689
316,323584,640075.7324447632,1.0,1.0,1.0,1.0,1.0,1.0,0.028124999999999734,0.5015653889218487,0.2009911760366168,0.5286312353650748,0.47136876463492516,2,-0.0059384679654613136,0.23830792680382729,1.1221171736717224,0.014323181994751416,0.9928234845399857,5.315718358755111,0.22432673033326864,0.15490050153451548,0.00013168303221460274,8365.907204389572
317,324608,442553.77851239964,1.0,1.0,1.0,1.0,1.0,1.0,0.018749999999999822,0.5030220201826583,0.20302974666744988,0.5301646436726355,0.4698353563273645,1,-0.005479648185428232,0.25313943848013876,1.1209652304649353,0.021419856112255543,0.9823460698127746,3.58638014793396,0.8413102190941573,0.13941045138106395,0.00013088684079837242,8393.61792063713
318,325632,816372.6863825917,1.0,1.0,1.0,1.0,1.0,1.0,0.037499999999999645,0.504971448583917,0.20446919449945591,0.5369150080688542,0.4630849919311458,1,0.0012636723811738193,0.2986616224050522,1.1208587408065795,0.015549057089237461,1.0042127192020416,12.283510375022889,0.18865336421877146,0.3691277734140082,0.00013009121501486083,8421.11061835289
319,326656,508243.2877009362,1.0,1.0,1.0,1.0,1.0,1.0,0.028124999999999956,0.5056180198463707,0.20622623695561831,0.528605910365973,0.471394089634027,2,-0.006573541590478271,0.2193838693201542,1.1191957652568818,0.008315428889162636,1.0994471549987792,3.4142597198486326,0.1906439892947674,0.11583620660842442,0.00012929617780947774,8448.104886054993
320,327680,442538.9540962428,1.0,1.0,1.0,1.0,1.0,1.0,0.03750000000000053,0.5071243067692925,0.20970540255425416,0.5141288252714709,0.48587117472852914,1,-0.005953667382709682,0.18806522861123084,1.114288067817688,0.01517854202301554,1.3461205124855042,4.356447768211365,0.19880963042378424,0.11219329952035208,0.00012850175211065866,8475.090090990067
321,328704,816234.9175043479,1.0,1.0,1.0,1.0,1.0,1.0,0.050000000000000266,0.5085483998238789,0.20827438096509443,0.5198940890224703,0.4801059109775297,1,0.010159115202259272,0.28669530600309373,1.1113227367401124,0.006120337849909774,1.0319969356060028,15.977394795417785,0.40979701429605486,0.6561000000000001,0.0001277079608292036,8501.504235744476
322,329728,508427.68107999116,1.0,1.0,1.0,1.0,1.0,1.0,0.04062499999999991,0.5109772756040389,0.20681002332526655,0.5101501501501502,0.48984984984984986,2,-0.0019992646644823252,0.1894727550446987,1.1103069126605987,-0.011027967089672065,1.3282685846090316,5.1655499815940855,0.1391504244878888,0.07976644307687257,0.00012691482685761626,8528.335688591003
323,330752,816631.4851957932,1.0,1.0,1.0,1.0,1.0,1.0,0.04375000000000018,0.5108308613030984,0.20659879491464356,0.5104890877214195,0.4895109122785805,1,-0.002345702168531716,0.2956527963280678,1.110315591096878,0.030018136911570893,0.9674333602190017,6.773745846748352,0.1584116818383336,0.2943830435778906,0.000126122373069444,8555.784590482712
324,331776,508038.6602871716,1.0,1.0,1.0,1.0,1.0,1.0,0.046875,0.5116859164807732,0.2063058522960445,0.5271101573676681,0.4728898426323319,2,-0.0037278392584994434,0.21154321655631064,1.109668892621994,0.01927818625811144,0.9821998685598373,4.721756899356842,0.5350192479789257,0.21460523876828225,0.00012533062231861796,8583.288844585419
325,332800,442319.10743655264,1.0,1.0,1.0,1.0,1.0,1.0,0.04999999999999982,0.5143465643765667,0.20761107425895203,0.5091423309655354,0.4908576690344646,1,-0.005470281362067908,0.1653072379529476,1.1085208058357239,0.01807805864806556,0.9852538526058197,5.0939090847969055,0.3379945319145918,0.15644721906207776,0.00012453959743879416,8609.245121717453
326,333824,816629.0228201151,1.0,1.0,1.0,1.0,1.0,1.0,0.04375000000000018,0.5092952978474139,0.2039577913390371,0.5105477536628367,0.48945224633716333,1,-0.001856790133751929,0.3264400541782379,1.1076010167598724,0.01861631379540012,0.9816491186618805,10.667629194259643,0.3280643470585346,0.2525452421321679,0.0001237493212426948,8635.697170495987
327,334848,508109.93320439756,1.0,1.0,1.0,1.0,1.0,1.0,0.0437500000000004,0.5093373373065206,0.20451658785954469,0.5222415593456318,0.47775844065436823,2,-0.003069048305042088,0.2092181347310543,1.1068122267723084,0.020147730155132226,0.985635495185852,5.008955132961273,0.18794752974063159,0.1841054815143504,0.0001229598165214505,8662.654370546341
328,335872,442658.1024571955,1.0,1.0,1.0,1.0,1.0,1.0,0.03750000000000053,0.5082870220315512,0.2045162949377438,0.5134108572430316,0.4865891427569684,1,-0.004655417299363762,0.16890588775277138,1.1050374627113342,0.02048539454212204,0.9856444358825683,4.901599323749542,0.18272188119590282,0.14912544002662384,0.0001221711060439431,8688.11209154129
329,336896,816266.4616603255,1.0,1.0,1.0,1.0,1.0,1.0,0.03125,0.507818035651604,0.20527145519770112,0.5516950344633563,0.4483049655366437,1,0.0007447945419698954,0.3127724140882492,1.1029821574687957,0.010816040626985268,1.0603742837905883,12.199931883811951,0.20585287529975177,0.3249801612981832,0.00012138321255614854,8715.176511526108
330,337920,508366.6699380651,1.0,1.0,1.0,1.0,1.0,1.0,0.04375000000000018,0.5052557132933966,0.20326481337984584,0.5095830016532974,0.4904169983467026,2,-0.0059595478000119325,0.23904266431927682,1.101358664035797,0.009856305128475374,4.8006898164749146,4.096858942508698,0.7715358890593051,0.12590397300544107,0.00012059615878048166,8741.374118804932
331,338944,596760.0642448664,1.0,1.0,1.0,1.0,1.0,1.0,0.05624999999999991,0.5043317022509525,0.20377374944497656,0.510244014732965,0.489755985267035,1,0.0004026865120977163,0.24401805698871612,1.0994209587574004,0.020825571489616074,0.988572433590889,12.215532970428466,0.6682587195187807,0.3387345749222971,0.00011980996741514009,8768.797904253006
332,339968,727979.0366632417,1.0,1.0,1.0,1.0,1.0,1.0,0.03750000000000053,0.5030787214057211,0.20386415763585147,0.5346587043616298,0.46534129563837023,2,-0.003197967546293512,0.2963740140199661,1.0988978624343873,0.01651558679944811,0.9901375293731689,5.384296178817749,0.23649101555347443,0.20001937914586723,0.00011902466113345025,8794.94021320343
333,340992,442688.7625913974,1.0,1.0,1.0,1.0,1.0,1.0,0.031249999999999556,0.5032417318624057,0.20316235661958199,0.5070438536696206,0.4929561463303795,1,-0.007227821892593056,0.1656663939356804,1.09885413646698,0.01737029717522052,0.9742777675390244,5.57268226146698,0.1416499525308609,0.14581412739733723,0.00011824026258321325,8821.732547283173
334,342016,816365.7033425048,1.0,1.0,1.0,1.0,1.0,1.0,0.03750000000000009,0.5070693613506985,0.20022630179029408,0.5218686526743399,0.4781313473256601,1,-0.0002766062039881945,0.2746211066842079,1.0984354436397552,0.02095680642191189,0.9927787512540818,10.489477348327636,0.16222684644162655,0.31776401553403893,0.0001174567943860515,8848.916744232178
335,343040,508369.9160823971,1.0,1.0,1.0,1.0,1.0,1.0,0.046875000000000444,0.5067429234670959,0.20038394702177786,0.5234616813173207,0.4765383186826792,2,-0.004483008850365877,0.2052847310900688,1.097774761915207,0.015656863658576593,0.9806028544902802,4.861035048961639,0.13681348226964474,0.20848497059188295,0.00011667427913675681,8875.542495965958
336,344064,596757.8510222733,1.0,1.0,1.0,1.0,1.0,1.0,0.02499999999999991,0.5072546982196953,0.20013077237268512,0.5068620070646824,0.4931379929353176,1,-0.00698279314674437,0.20513000339269638,1.0964709222316742,0.0249304466791175,0.9729269832372666,7.827084541320801,0.15549617856740952,0.18763647353269466,0.00011589273940263826,8902.642051696777
337,345088,728039.5437985957,1.0,1.0,1.0,1.0,1.0,1.0,0.04062500000000013,0.5058551399320902,0.19956477758374758,0.5234860106654978,0.4765139893345022,2,-0.004815282940398902,0.27936975210905074,1.095724231004715,0.02076138726642749,0.9889883249998093,6.7711212754249575,0.20561896525323392,0.18466243542720145,0.00011511219772287183,8929.594920873642
338,346112,442656.75680629164,1.0,1.0,1.0,1.0,1.0,1.0,0.043749999999999734,0.5078613545099,0.19946515737703593,0.5107058348242627,0.48929416517573726,1,-0.003536977822659537,0.16495647951960563,1.0946212470531465,0.018698104972402783,0.9743002742528916,5.710164213180542,0.1000388590618968,0.13461891542642987,0.00011433267660784991,8956.748695850372
339,347136,816364.6359775066,1.0,1.0,1.0,1.0,1.0,1.0,0.025000000000000355,0.50612764317432,0.20086110415179495,0.5265480717001629,0.47345192829983707,1,-0.004047538386657834,0.3175698533654213,1.0946406483650208,0.02443398974528934,0.9883905738592148,10.748332071304322,0.2097230777144432,0.3312130140423024,0.00011355419853853266,8984.018108129501
340,348160,508287.6011855304,1.0,1.0,1.0,1.0,1.0,1.0,0.0281250000000004,0.5087806007174827,0.2022941247749708,0.5118308766485647,0.4881691233514352,2,-0.003308532922528684,0.1956934206187725,1.094284212589264,0.011134758389954147,0.9937692821025849,6.676553547382355,0.3275837920606136,0.1154868370770894,0.0001127767859657991,9010.854076862335
341,349184,486707.15578846354,1.0,1.0,1.0,1.0,1.0,1.0,0.03750000000000009,0.5094079808625643,0.2052889813721576,0.514080009289903,0.48591999071009695,1,-0.004760449018795044,0.18895727396011353,1.0939440429210663,0.024038502106816483,0.972801348567009,5.829900372028351,0.08499686559662223,0.23386084508110605,0.00011200046130980012,9037.282183647156
342,350208,772035.2602596283,1.0,1.0,1.0,1.0,1.0,1.0,0.0625,0.5090950963014846,0.20575861777983878,0.5392232709268142,0.46077672907318584,1,-0.0027669677976518868,0.30006846189498904,1.094362300634384,0.0234804195183,0.9821193993091584,11.444651460647583,0.27850789334625004,0.46606215514030536,0.0001112252469593115,9062.980952739716
343,351232,508566.67099339515,1.0,1.0,1.0,1.0,1.0,1.0,0.0437500000000004,0.5083640787456407,0.2061653892980557,0.5,0.5,2,-0.0030023477622307835,0.18902201876044272,1.0939117610454558,0.012120237794460387,0.9830600202083588,6.043764615058899,0.24048802070319653,0.180562028048851,0.00011045116527108863,9088.906340837479
344,352256,816561.5541675687,1.0,1.0,1.0,1.0,1.0,1.0,0.031250000000000444,0.5070172714617712,0.20369616382844927,0.5278768537638445,0.4721231462361554,1,0.011486874031834304,0.281815417855978,1.0931476354599,0.003206494746737132,1.0593120068311692,17.580135917663576,0.1864308312535286,0.5904900000000002,0.00010967823856922143,9117.224553823471
345,353280,508150.79137691855,1.0,1.0,1.0,1.0,1.0,1.0,0.03437499999999982,0.5087764089513703,0.2054056938556761,0.5150632997088891,0.48493670029111097,2,-0.0022113530430942774,0.21355054825544356,1.0926152348518372,0.013742208144648415,0.9824186533689498,7.845040106773377,0.16055038794875146,0.22876792454961012,0.00010890648914449058,9143.085322380066
346,354304,442570.55353969336,1.0,1.0,1.0,1.0,1.0,1.0,0.050000000000000266,0.5084512055355381,0.20545683951358115,0.4992441192477475,0.5007558807522525,1,-0.0013208188116550445,0.17347010970115662,1.0911126673221587,0.01256537632987582,1.0078196376562119,9.254438316822052,0.20084989927709102,0.22157345299131267,0.00010813593925372492,9168.85621213913
347,355328,816236.5444242731,1.0,1.0,1.0,1.0,1.0,1.0,0.03750000000000009,0.5104569790538092,0.2069811591453145,0.5392874920002845,0.4607125079997156,1,0.0006922431290149689,0.3167756587266922,1.0895168900489807,0.019770390948918325,0.9815844297409058,14.773729801177979,0.5237364955246449,0.35767539794713704,0.00010736661111915916,9194.489631175995
348,356352,508411.65855038166,1.0,1.0,1.0,1.0,1.0,1.0,0.03125,0.5112415945890041,0.20709709470161647,0.510978405115213,0.4890215948847871,2,-0.0034344322280958294,0.19394162744283677,1.0885920464992522,0.01435500955512481,0.9805713474750519,5.438169062137604,0.19944094717502595,0.19008337116042448,0.0001065985269277935,9220.079331159592
349,357376,508575.4662935734,1.0,1.0,1.0,1.0,1.0,1.0,0.04375000000000018,0.5095514957298748,0.20636121493007317,0.5113615256021299,0.4886384743978701,1,-0.0016878909897059201,0.1841163970530033,1.0874564170837402,0.018083145462980198,1.0021152824163437,10.339864873886109,0.1690596215426922,0.2761582222715256,0.00010583170883075319,9246.21025133133
350,358400,816023.3581900336,1.0,1.0,1.0,1.0,1.0,1.0,0.03125,0.5080312524526843,0.2056207171640199,0.5336312849162012,0.4663687150837989,2,-0.004900213703513146,0.3257307276129723,1.0862113952636718,0.020746785041533024,0.9850200593471528,8.327231407165527,0.7518939346075058,0.20131934403594215,0.00010506617894265036,9273.04501247406
351,359424,442646.52387058735,1.0,1.0,1.0,1.0,1.0,1.0,0.03750000000000009,0.5066529457728745,0.20608735716168303,0.5099474045277841,0.49005259547221586,1,-0.004484927165322006,0.17386626154184343,1.085293358564377,0.01645261294560202,0.9771376341581345,4.2188501238822935,0.19637329149991273,0.18118740963234795,0.0001043019593409456,9300.388087511063
352,360448,816466.5989659503,1.0,1.0,1.0,1.0,1.0,1.0,0.025000000000000355,0.5066781371715666,0.20605788607569248,0.5190454633641596,0.48095453663584037,1,0.0047831755131483075,0.30682784765958787,1.0849625408649444,-0.02930283911616227,16521.86154489815,13.587917459011077,0.1229346627369523,0.18885595950816156,0.00010353907206531179,9326.37003827095
353,361472,507962.8143201396,1.0,1.0,1.0,1.0,1.0,1.0,0.034375000000000044,0.5086766977192096,0.20783131505357363,0.5297614568440063,0.47023854315599367,2,-0.0019127208972349763,0.209175805747509,1.0841852128505707,0.017542204047493605,0.9953216195106507,9.998898339271545,0.11306637022644281,0.13549382996891882,0.00010277753911699807,9352.336078166962
354,362496,442683.2476983145,1.0,1.0,1.0,1.0,1.0,1.0,0.02499999999999991,0.5077679881821321,0.20889360950176888,0.5035636280032187,0.49643637199678126,1,-0.006414821196813136,0.1878381095826626,1.0836880564689637,0.021974726487640962,0.9797481030225754,4.995698046684265,0.49344231858849524,0.10975000227482425,0.00010201738245819564,9379.218847990036
355,363520,816368.6602504738,1.0,1.0,1.0,1.0,1.0,1.0,0.031249999999999556,0.5085609581630169,0.20921162602729576,0.5234085550690468,0.4765914449309532,1,0.008789023198187352,0.3139491856098175,1.0827096581459046,0.01797917796084434,0.9960433334112168,20.846292126178742,0.18215826377272606,0.7264838032328275,0.00010125862401140433,9404.947419166565
356,364544,508051.875969857,1.0,1.0,1.0,1.0,1.0,1.0,0.034375000000000044,0.508517035608375,0.2093575952066752,0.5323710464869454,0.46762895351305456,2,-0.0019094609771855176,0.19395113587379456,1.0822482347488402,-0.0026127840647193422,37.59803386330604,7.16527304649353,0.2081391006708145,0.10904132149540818,0.00010050128565880009,9431.693370103836
357,365568,442711.1310174884,1.0,1.0,1.0,1.0,1.0,1.0,0.03750000000000009,0.5089229352120326,0.20905447519437279,0.4911367795059469,0.5088632204940531,1,-0.006520463526248932,0.17444941103458406,1.0822582602500916,0.01980566862146411,0.9806927919387818,4.356623005867005,0.1919287208467722,0.11923668505522883,9.974538924160438e-05,9457.957562446594
358,366592,816230.1650133729,1.0,1.0,1.0,1.0,1.0,1.0,0.04375000000000018,0.507315661902129,0.20783575914903196,0.527597749448045,0.472402250551955,1,0.004186783451586962,0.3018782392144203,1.0827071607112884,0.012591975427541247,0.9882777869701386,21.9609557390213,0.3095579169690609,0.5261869014324886,9.899095655945381e-05,9483.770378351212
359,367616,508391.3698361963,1.0,1.0,1.0,1.0,1.0,1.0,0.02499999999999991,0.5073592686907842,0.2076097655041841,0.5213784690454407,0.47862153095455934,2,-0.003571439109509811,0.20218726024031639,1.0822754383087159,0.010971958315809615,0.9796834051609039,6.747906994819641,0.15926741175353526,0.18347002799253262,9.823800936977188e-05,9508.999428033829
360,368640,750687.9252199829,1.0,1.0,1.0,1.0,1.0,1.0,0.03750000000000009,0.5079486009087917,0.20650354613716945,0.5355554237589704,0.4644445762410296,1,-6.0171991935931143e-05,0.2623018465936184,1.0809230208396912,0.015859151461295618,1.0119081437587738,16.710824596881867,0.15599053408950567,0.26655017985641516,9.748656938714112e-05,9534.543921470642
361,369664,574103.8090919852,1.0,1.0,1.0,1.0,1.0,1.0,0.034375000000000266,0.508756955521354,0.20532958425034817,0.5214775430250455,0.47852245697495455,2,-0.0038945403008256107,0.22412201389670372,1.0805435478687286,0.014079905643890722,0.9882958263158799,4.801330780982971,0.13795165084302424,0.14165569413307313,9.673665828267725e-05,9559.837055921555
362,370688,442481.9572607577,1.0,1.0,1.0,1.0,1.0,1.0,0.05000000000000071,0.5108693268262979,0.20768073348029867,0.5071734674864915,0.4928265325135085,1,-0.0043610005872324106,0.17879185155034066,1.080159842967987,0.015887763318021286,0.9883236676454544,4.093688499927521,0.1597132680937648,0.11474111224778924,9.598829768340373e-05,9586.376105546951
363,371712,816424.0549330488,1.0,1.0,1.0,1.0,1.0,1.0,0.02499999999999991,0.5088662992124527,0.20678058650540893,0.5268234672304439,0.473176532769556,1,-0.0014078392705414444,0.3134524792432785,1.0801718413829804,0.023074389539756268,0.981981298327446,14.516073966026307,0.22319194599986075,0.38111332146298355,9.524150917162852e-05,9612.8875477314
364,372736,508253.4336462915,1.0,1.0,1.0,1.0,1.0,1.0,0.04062500000000013,0.5097931262196076,0.20796736317754513,0.5160206718346253,0.4839793281653747,2,-0.004252839321270585,0.2126528099179268,1.0798641562461853,0.013367966233219165,0.9876312136650085,7.739117240905761,0.430686486326158,0.1476511093656033,9.449631428432138e-05,9638.791336536407
365,373760,596769.3138024658,1.0,1.0,1.0,1.0,1.0,1.0,0.03750000000000009,0.5106712946367166,0.20881403384317,0.4946588559614059,0.5053411440385941,1,-0.00014963769353926182,0.22570236623287201,1.0793176233768462,0.02191157225930942,0.9978251308202744,14.784163558483124,0.21226423550397158,0.4413816743195564,9.37527345124927e-05,9664.654461860657
366,374784,727978.7330799103,1.0,1.0,1.0,1.0,1.0,1.0,0.025000000000000133,0.5099641538584552,0.20927992785407498,0.5518510174964332,0.4481489825035669,2,-0.0031154035474173724,0.28080043867230414,1.0790152072906494,0.015593016176802399,0.9776101499795914,7.229405403137207,0.16294925659894943,0.23456831838205935,9.301079130057405e-05,9689.922425985336
367,375808,442605.054593727,1.0,1.0,1.0,1.0,1.0,1.0,0.04375000000000018,0.5134011765443103,0.20936665503561605,0.5021586931155193,0.49784130688448075,1,-0.0032590286224149167,0.16814547255635262,1.0785399973392487,0.01904173067448891,0.9787210315465927,6.670579838752746,0.12033804040402174,0.18698883253392007,9.227050604579923e-05,9717.68340754509
368,376832,816479.2628363073,1.0,1.0,1.0,1.0,1.0,1.0,0.03750000000000009,0.5144938278354596,0.21059070725174217,0.5103269666558757,0.4896730333441243,1,0.006305194133892656,0.3211840704083443,1.0784995257854462,0.009081976569364335,1.016754788160324,16.6958829164505,0.5025636501610279,0.44559424096603645,9.15319000975878e-05,9742.404700756073
369,377856,508349.9832429532,1.0,1.0,1.0,1.0,1.0,1.0,0.028124999999999956,0.5130177573140593,0.21013890615207848,0.502452349909977,0.497547650090023,2,0.004707425425294787,0.21840485855937003,1.0783218920230866,0.017036395619023904,0.9943763703107834,15.568218612670899,0.41828699335455893,0.4315808468266143,9.079499475692871e-05,9776.466916799545
370,378880,486655.1303792354,1.0,1.0,1.0,1.0,1.0,1.0,0.031250000000000444,0.5120477320975475,0.21054875178286656,0.5122111422941422,0.4877888577058578,1,0.00037250199820846317,0.1857241600751877,1.077800416946411,0.017757690304213015,0.9741019248962403,18.657883501052858,0.20799920111894607,0.5733993920459568,9.005981127576663e-05,9811.427965164185
371,379904,838123.5528502166,1.0,1.0,1.0,1.0,1.0,1.0,0.034375000000000044,0.509331154513073,0.20894010238311864,0.5350296024809699,0.4649703975190302,2,-0.0012757942778989673,0.3149703130125999,1.077226185798645,0.013837387132676859,1.0076709002256394,11.008386015892029,0.16277790870517492,0.22214667285874734,8.932637085638846e-05,9839.064604997635
372,380928,442480.6980046183,1.0,1.0,1.0,1.0,1.0,1.0,0.03750000000000009,0.5095678993506763,0.20723229262454457,0.5133070478068014,0.48669295219319864,1,-0.0041589856264181435,0.1579249918460846,1.077744370698929,0.017402721227025707,0.9888348013162613,5.425404894351959,0.11324164476245642,0.1619449245140268,8.859469465081243e-05,9871.048256635666
373,381952,816511.3013880849,1.0,1.0,1.0,1.0,1.0,1.0,0.018749999999999822,0.5098216424521371,0.2085017650914574,0.50532355753905,0.49467644246094994,1,0.004607387259602547,0.29454259425401685,1.0786655485630035,0.02333833609565724,0.9785650432109833,20.460856485366822,0.15275438614189624,0.6535498108988789,8.786480376017762e-05,9897.374379873276
374,382976,508315.92384884064,1.0,1.0,1.0,1.0,1.0,1.0,0.034375000000000044,0.5101028834754028,0.20711858739329203,0.5168091168091168,0.4831908831908832,2,-0.0014714494813233615,0.2084931179881096,1.078948187828064,0.006948546014493839,1.0321910679340363,14.239891898632049,0.25625656023621557,0.18458177015941557,8.71367192341356e-05,9923.432790994644
375,384000,442635.3260963112,1.0,1.0,1.0,1.0,1.0,1.0,0.04375000000000018,0.5115760484854823,0.2099198688384653,0.510119760479042,0.4898802395209581,1,0.0014274865039624273,0.17617598101496695,1.078715020418167,0.009481196090015586,258.4880593925715,15.404849922657013,0.2286608774214983,0.19549253920862336,8.641046207024362e-05,9949.136060237885
376,385024,816011.0258349329,1.0,1.0,1.0,1.0,1.0,1.0,0.03750000000000009,0.5137928638218268,0.21041168425045773,0.5336531022744855,0.46634689772551446,1,0.002557865111157298,0.3009709507226944,1.0781054079532624,-0.015724786256775047,25825.702070835232,21.884341263771056,0.16334223616868257,0.2264072637021808,8.568605321335849e-05,9975.081944942474
377,386048,508349.9399535619,1.0,1.0,1.0,1.0,1.0,1.0,0.034375000000000044,0.5119353496644321,0.21122137542249053,0.5047303108489987,0.49526968915100134,2,-0.002785444783512503,0.2032574698328972,1.0773151099681855,0.015556921352064457,1.0700661450624467,5.6487186551094055,0.14386271350085736,0.13369122514350076,8.496351355503314e-05,10002.173616170883
378,387072,486610.4345908165,1.0,1.0,1.0,1.0,1.0,1.0,0.04375000000000018,0.5087154014382106,0.21060498378584813,0.5166808717886278,0.48331912821137224,1,-0.006659346865490079,0.18856402710080147,1.076294058561325,0.028784475230153594,0.9545860022306443,7.27422086596489,0.14790476188063623,0.18048315394372605,8.424286393291361e-05,10029.273631572723
379,388096,838030.8634830415,1.0,1.0,1.0,1.0,1.0,1.0,0.03125,0.5098506838387211,0.21134340289335377,0.5482616473516373,0.45173835264836276,2,-0.000952696951571852,0.3371895760297775,1.0761973023414613,0.02055575823502114,2.4479596972465516,14.448207592964172,0.1609098084270954,0.5395283314594184,8.352412513013856e-05,10055.037617444992
380,389120,442537.8941603303,1.0,1.0,1.0,1.0,1.0,1.0,0.03750000000000053,0.5094478700250293,0.21122303264976006,0.5182919792267744,0.4817080207732256,1,-0.005808502924628556,0.1772921033203602,1.0754892170429229,-0.01363430441087594,48366.47275155783,5.320280289649963,0.09250648487359285,0.08098030814279991,8.280731787473942e-05,10081.045790672302
381,390144,816584.5829555988,1.0,1.0,1.0,1.0,1.0,1.0,0.018750000000000266,0.5087534300329419,0.21191508144765314,0.5243333954876003,0.4756666045123998,1,0.0007329741027206182,0.3110607847571373,1.0740362703800201,0.02468097520642676,0.9844365596771241,14.618687343597411,0.1985425803810358,0.4034648994348537,8.209246283904313e-05,10106.75503230095
382,391168,508042.9849788882,1.0,1.0,1.0,1.0,1.0,1.0,0.04999999999999982,0.5068778672854607,0.2107222396034728,0.5383185587646554,0.4616814412353446,2,-0.0014946554496418686,0.2075805298984051,1.073107945919037,0.01126626863196396,0.9947619438171387,9.382798612117767,0.16543010361492633,0.2605176143889781,8.137958063907543e-05,10133.901499032974
383,392192,442585.83911732957,1.0,1.0,1.0,1.0,1.0,1.0,0.031250000000000444,0.5039455926904739,0.20845027743486105,0.5068566340160285,0.4931433659839715,1,-0.0010254218708723784,0.16489004716277122,1.0722685039043427,0.013843251250403199,0.9998765289783478,9.867644727230072,0.09322926020249725,0.11214429062187928,8.06686918339668e-05,10159.271460533142
384,393216,816393.9783874229,1.0,1.0,1.0,1.0,1.0,1.0,0.03750000000000009,0.5037631689823787,0.20894063353717893,0.5162992651970608,0.48370073480293924,1,0.00047426897508557887,0.3234465390443802,1.0727813959121704,0.024717537509107324,0.9654262155294419,18.73386459350586,0.24111266806721687,0.36658402800148066,7.995981692535909e-05,10184.973292827606
385,394240,508202.3700559139,1.0,1.0,1.0,1.0,1.0,1.0,0.028125000000000178,0.5026223662081055,0.20873712409111103,0.5209600634752711,0.4790399365247289,2,-0.004943574010394513,0.20869224444031714,1.07266047000885,0.015783731500502007,1.007715290784836,7.031974220275879,0.12521123886108398,0.21646420269459432,7.925297635681462e-05,10210.704577922821
386,395264,442602.4919067025,1.0,1.0,1.0,1.0,1.0,1.0,0.03750000000000053,0.5047853421483255,0.20901442905684484,0.513570313438213,0.486429686561787,1,-0.004423454555217176,0.1687624365091324,1.0718271851539611,0.01656809485246984,0.986057385802269,6.483377385139465,0.15020713098347188,0.14202216338792337,7.854819051322653e-05,10236.767143249512
387,396288,882231.506978184,1.0,1.0,1.0,1.0,1.0,1.0,0.046875,0.5033276922347931,0.20867751007327326,0.5301694448271111,0.46983055517288885,2,0.007333040019148029,0.37972026467323305,1.0714726269245147,0.013290177019112902,0.9898497879505157,28.490773105621336,1.2422706812620163,0.41782556016333383,7.784547972023055e-05,10264.212803602219
388,397312,442606.5014066547,1.0,1.0,1.0,1.0,1.0,1.0,0.031250000000000444,0.5067132570332987,0.21030387226963132,0.5283416203568295,0.47165837964317053,1,-0.0023601890075951814,0.17729178592562675,1.071447229385376,0.012716035117157354,0.9885292738676071,9.011217105388642,0.1707466533407569,0.19984467016688612,7.714486424361941e-05,10290.715406417847
389,398336,816521.8417546868,1.0,1.0,1.0,1.0,1.0,1.0,0.025000000000000355,0.505454408473555,0.2087772802367107,0.5228252599543495,0.4771747400456505,1,-0.002303326828405261,0.300224144756794,1.0713995039463042,0.019718178803092457,0.976349487900734,15.901591062545776,0.2019784402102232,0.2655141283954004,7.644636428875782e-05,10316.970348119736
390,399360,508241.3877418339,1.0,1.0,1.0,1.0,1.0,1.0,0.03437499999999982,0.5031569684244772,0.2088051423590873,0.532558592481984,0.467441407518016,2,0.0006619853083975613,0.22177539467811586,1.0712760031223296,0.015063754215930281,1.008179634809494,14.660142517089843,0.09553230106830597,0.20830286725519354,7.575000000000019e-05,10343.23766207695
391,400384,442625.6701872945,1.0,1.0,1.0,1.0,1.0,1.0,0.018749999999999822,0.505703685057841,0.20961961163218606,0.5253893430395609,0.4746106569604392,1,-0.0034064052801113577,0.1786256104707718,1.0710173726081849,0.017953432242895286,0.9744483411312104,10.160601472854614,0.2665906514972448,0.11070068407696733,7.505579146010932e-05,10370.540494680405
392,401408,816107.0928677619,1.0,1.0,1.0,1.0,1.0,1.0,0.03750000000000009,0.5054672271379327,0.21222234415828276,0.5371598956392099,0.46284010436079015,1,0.0014471287257038056,0.32366628348827364,1.0706051349639893,0.021912912763669468,0.9909481525421142,18.407994532585143,0.15962432753294706,0.3256785717915365,7.436375868967762e-05,10397.87070941925
393,402432,508350.78317122906,1.0,1.0,1.0,1.0,1.0,1.0,0.046875,0.5053724299702638,0.21201888990590284,0.5204880152812866,0.4795119847187134,2,-0.0025364742265082895,0.2113582521677017,1.0704832971096039,0.010569779554246494,11.23755368590355,10.721348297595977,0.20798478703945875,0.14019394615588746,7.367392164654925e-05,10424.550455331802
394,403456,442514.6857931912,1.0,1.0,1.0,1.0,1.0,1.0,0.04375000000000018,0.5033167098458188,0.20993332946586116,0.5062691036117523,0.4937308963882478,1,0.0037426301103550942,0.16426956057548522,1.070193111896515,0.008042969720636428,1.0363973468542098,15.630826306343078,0.13752943221479655,0.24746819518905983,7.298630022524505e-05,10451.173080682755
395,404480,882102.7920130193,1.0,1.0,1.0,1.0,1.0,1.0,0.04375000000000018,0.5024868317822588,0.2077269078736308,0.5343814281516309,0.4656185718483691,2,0.007693778362590819,0.33107580691576005,1.0697326183319091,0.009368840995865569,1.0031336456537248,21.40103590488434,0.3471107821911573,0.39947603830038764,7.230091425638832e-05,10478.145884275436
396,405504,442374.95092251897,1.0,1.0,1.0,1.0,1.0,1.0,0.04375000000000018,0.5015336196067643,0.2049142855731468,0.5318590704647677,0.4681409295352324,1,-0.0011794721707701684,0.15530308336019516,1.06955743432045,0.004951323041129463,2.247173035144806,15.65570089817047,0.1542450597509742,0.13928868189190705,7.16177835061333e-05,10503.585108757019
397,406528,706725.8494705409,1.0,1.0,1.0,1.0,1.0,1.0,0.050000000000000266,0.5009970394174474,0.20527929005900883,0.5128070788217487,0.48719292117825125,1,0.004271423432510346,0.26225355863571165,1.0698064863681793,0.018985663317518588,0.9910708218812943,19.738890767097473,0.1855877848342061,0.4553152530530182,7.093692767559497e-05,10529.484014511108
398,407552,618082.4251947328,1.0,1.0,1.0,1.0,1.0,1.0,0.03750000000000009,0.5018782768264494,0.2044867547311396,0.5316671400170406,0.46833285998295937,2,-0.002018589642830193,0.23885108530521393,1.069759339094162,0.012574750029097892,0.997659119963646,9.066320514678955,0.1877654317766428,0.17639845798695908,7.02583664002807e-05,10555.617121696472
399,408576,442558.539820686,1.0,1.0,1.0,1.0,1.0,1.0,0.04375000000000018,0.49893140788380697,0.20409865431639931,0.5326923076923077,0.4673076923076923,1,-0.0030268610687926413,0.17600954174995423,1.0698284327983856,0.015844340462848817,0.9847683995962143,6.3950917482376095,0.09816863080486656,0.12859447587249317,6.958211924952442e-05,10581.434376001358
400,409600,816404.0128920451,1.0,1.0,1.0,1.0,1.0,1.0,0.025000000000000355,0.5007289425942367,0.2040452079608619,0.5427983265821104,0.45720167341788964,1,0.0007612143992446363,0.3130862355232239,1.070499324798584,0.02198116407301711,1.0005332976579666,15.677980256080627,0.35017157457768916,0.5189597367210417,6.89082057259217e-05,10607.523824214935
401,410624,508137.62843063474,1.0,1.0,1.0,1.0,1.0,1.0,0.025000000000000355,0.5010511676819895,0.20484695661562216,0.5215127432173198,0.47848725678268017,2,-0.0026003627222962677,0.21929332613945007,1.0708526968955994,0.009051935853141124,0.9923713952302933,6.546955800056457,0.16902156174182892,0.1628550643271396,6.823664526476785e-05,10632.900723934174
402,411648,442481.27277899906,1.0,1.0,1.0,1.0,1.0,1.0,0.04999999999999982,0.5020232689423698,0.20375952144316206,0.5191202817075431,0.4808797182924569,1,-0.00633479797252221,0.16201894506812095,1.0711790323257446,0.016339974736524376,0.999511256814003,12.021405720710755,0.10447541456669569,0.10684920770503628,6.756745723349689e-05,10658.511628866196
403,412672,816365.9338950813,1.0,1.0,1.0,1.0,1.0,1.0,0.02499999999999991,0.500165429214217,0.20412227671743233,0.5237902682302197,0.4762097317697803,1,0.0024371787847485395,0.30700540691614153,1.0713111579418182,0.017519394957445346,0.9813816696405411,25.88666377067566,0.1598969602957368,0.4243692966397804,6.690066093112352e-05,10685.169266462326
404,413696,508363.56988318264,1.0,1.0,1.0,1.0,1.0,1.0,0.04687500000000022,0.5027502023527018,0.2058938453305113,0.5281398653240255,0.47186013467597454,2,-0.004257338342722505,0.22300965934991837,1.0712257027626038,0.012691973603058248,1.0065431147813797,11.689018976688384,0.5671843834221363,0.20297451903798738,6.623627558768609e-05,10711.594230651855
405,414720,442580.9421301186,1.0,1.0,1.0,1.0,1.0,1.0,0.012499999999999734,0.49933555592058687,0.20532766228696922,0.5179803406801392,0.4820196593198608,1,-0.0054290110245347025,0.19342728406190873,1.0709699928760528,0.017024327062679222,1.0055568307638167,7.007418084144592,0.7321449927985668,0.14796842437869281,6.557432036369238e-05,10736.968313455582
406,415744,882098.1291244626,1.0,1.0,1.0,1.0,1.0,1.0,0.028124999999999956,0.4991359278470022,0.20516063794804698,0.5251131221719457,0.4748868778280543,2,0.0059106419794261456,0.3417563021183014,1.0706782817840577,0.01619311322336898,0.9848888337612152,24.663681077957154,0.2232641026377678,0.290212871604848,6.491481434956673e-05,10762.298785448074
407,416768,442218.69385550916,1.0,1.0,1.0,1.0,1.0,1.0,0.04375000000000018,0.5014963245310122,0.20419004783912695,0.5307003204080298,0.46929967959197016,1,-0.0045159630011767146,0.1549650400876999,1.070597267150879,0.011583167330449128,1.0073011368513107,4.684246194362641,0.255233595892787,0.13880791682869684,6.425777656509968e-05,10787.983544588089
408,417792,486761.98506203294,1.0,1.0,1.0,1.0,1.0,1.0,0.03750000000000009,0.5009306614505011,0.20304367971900392,0.5153890160183067,0.4846109839816934,1,-0.0022272626403719185,0.18647842407226561,1.0705270051956177,0.02062240169758988,0.9828458219766617,11.849798083305359,0.3513213969767094,0.1844205453183987,6.360322595889948e-05,10814.05368590355
409,418816,838079.9774801135,1.0,1.0,1.0,1.0,1.0,1.0,0.03749999999999987,0.5004466419678566,0.20243546361250805,0.5466743615639879,0.45332563843601215,2,-0.004176224395632744,0.3424080744385719,1.0704416275024413,0.0239957519123557,0.979287040233612,12.081333267688752,0.3527341715991497,0.24896773617983825,6.295118140784529e-05,10840.792105197906
410,419840,442664.76241891086,1.0,1.0,1.0,1.0,1.0,1.0,0.031250000000000444,0.5035463332254227,0.20242185033641785,0.5145118733509235,0.48548812664907653,1,-0.0033442109706811607,0.17405358105897903,1.0702188432216644,0.013986866407701082,1.0008404523134231,7.772519785165787,0.2038484901189804,0.1814974796751021,6.230166171654328e-05,10866.71659564972
411,420864,816400.4396431446,1.0,1.0,1.0,1.0,1.0,1.0,0.04375000000000018,0.505026915054908,0.20173368420282187,0.5386151797603196,0.4613848202396804,1,-0.000791273859795183,0.29560100138187406,1.0698825299739838,-0.03849583841314015,440.1991176337004,25.9511580824852,0.11158424150198698,0.18917915291082615,6.165468561678388e-05,10892.420284509659
412,421888,508094.8847983647,1.0,1.0,1.0,1.0,1.0,1.0,0.034375000000000044,0.506412204614483,0.20324915232009008,0.5223661183059153,0.4776338816940847,2,0.012070246948860585,0.20687667950987815,1.0695747137069702,-0.005529667976367225,7.835402357578277,19.651672768592835,0.09185091760009527,0.43046721000000016,6.101027176700173e-05,10918.440081119537
413,422912,442590.6307669468,1.0,1.0,1.0,1.0,1.0,1.0,0.01874999999999938,0.5071143479393265,0.20404492053092818,0.5029843619434164,0.4970156380565835,1,0.014987235167063772,0.17351225838065149,1.0695475399494172,-0.031321967920550975,39892.27671754956,4.6835433602333065,0.12067612167447805,0.0523347633027361,6.0368438751737756e-05,10945.581512212753
414,423936,816302.9543385208,1.0,1.0,1.0,1.0,1.0,1.0,0.04375000000000018,0.5063368719136994,0.20333977216853152,0.5368630409436939,0.46313695905630614,1,0.007334495964460075,0.31055012345314026,1.0704818367958069,0.019253534340838874,1.0521867543458938,19.59754343032837,0.41774835139513017,0.31178424954588624,5.972920508110289e-05,10978.932116508484
415,424960,508247.00875523686,1.0,1.0,1.0,1.0,1.0,1.0,0.03125000000000022,0.5042149656690896,0.20390591121343896,0.5192822185970636,0.48071778140293636,2,-0.0018047598714474589,0.21297846138477325,1.0701853275299071,0.01662831496236361,0.9901415437459946,8.57235633134842,0.24220326207578183,0.14912544002662384,5.909258919024437e-05,11013.160086631775
416,425984,442601.4517817795,1.0,1.0,1.0,1.0,1.0,1.0,0.04999999999999982,0.5040237020316418,0.20409803028628534,0.5138997298108676,0.4861002701891324,1,-0.005429445835761726,0.1688634179532528,1.0693174004554749,0.020324376927845833,0.9788529127836227,7.4861728072166445,0.15272336825728416,0.12079160642156532,5.8458609438814235e-05,11042.174395799637
417,427008,882156.043220818,1.0,1.0,1.0,1.0,1.0,1.0,0.034375000000000266,0.5040331088924758,0.20551747009718735,0.5304702326562171,0.46952976734378293,2,0.0042875518556684256,0.3636506497859955,1.0690954566001891,0.02295214949698874,0.9783478558063508,28.073553967475892,0.551580885797739,0.9,5.782728411043972e-05,11069.63076710701
418,428032,442468.3911149949,1.0,1.0,1.0,1.0,1.0,1.0,0.03125,0.5048415874276223,0.20534919946327135,0.517503805175038,0.4824961948249619,1,-0.007278489787131548,0.16446509063243867,1.0689044535160064,-0.0783291080760572,549388.3898576975,5.879491031169891,0.2589644532650709,0.10941898913151243,5.7198631412195766e-05,11095.462196350098
419,429056,816646.5633393675,1.0,1.0,1.0,1.0,1.0,1.0,0.04375000000000018,0.5021013512247148,0.20325255010318852,0.5030778515389258,0.49692214846107424,1,0.007612992101348937,0.3016266986727715,1.0678601920604707,-0.009256150251894723,3.269495117664337,15.166531431674958,0.10855326466262341,0.38742048900000015,5.657266947408036e-05,11121.129996061325
420,430080,508095.1150817573,1.0,1.0,1.0,1.0,1.0,1.0,0.04062500000000013,0.500628475966604,0.20247832840680322,0.5203072026568878,0.47969279734311215,2,0.006734598625916988,0.20392180010676383,1.0671723663806916,-0.020158851342551642,5.104593539237976,9.296033883094788,0.1616449248045683,0.04710128697246249,5.594941634849126e-05,11147.80338048935
421,431104,442596.24164777994,1.0,1.0,1.0,1.0,1.0,1.0,0.04999999999999982,0.5029713982379704,0.20385285351088517,0.5105823269161784,0.4894176730838216,1,-0.004847902775509283,0.16841856390237808,1.0664220869541168,0.02659517770902454,0.9464860767126083,8.597999739646912,0.13075851313769818,0.1158868289348724,5.5328890009705735e-05,11173.87454533577
422,432128,816296.2904636562,1.0,1.0,1.0,1.0,1.0,1.0,0.03125,0.5069106125246641,0.20840102901620333,0.5479775202941789,0.45202247970582116,1,0.003653333429247141,0.30720366090536116,1.0656809568405152,-0.008652939450805341,9416.911583963036,9.417214250564575,0.16813950128853322,0.1656949333629154,5.471110835336183e-05,11199.884303808212
423,433152,508205.61797471344,1.0,1.0,1.0,1.0,1.0,1.0,0.03750000000000009,0.5080995629685054,0.20847288455172597,0.527583013626141,0.472416986373859,2,-0.004199213301762939,0.2124943882226944,1.065112578868866,0.019158252157176925,0.9880106836557389,5.262849235534668,0.09812026526778936,0.12079160642156535,5.409608919594267e-05,11225.301052093506
424,434176,442538.0999119133,1.0,1.0,1.0,1.0,1.0,1.0,0.03750000000000053,0.5099922793543062,0.2086563086736773,0.5101072353013681,0.4898927646986318,1,-0.003933589174994268,0.17701309323310851,1.0648625850677491,0.022230995861648582,0.9481737464666367,5.943244278430939,0.5090763352811336,0.08805708108132115,5.348385027426223e-05,11251.87644124031
425,435200,816209.4843007326,1.0,1.0,1.0,1.0,1.0,1.0,0.03125,0.5134790908052694,0.21085908348157226,0.5256447406548826,0.47435525934511735,1,0.004923031950602308,0.32694387137889863,1.0645652115345001,0.02362506086139895,0.9949993252754211,20.926223981380463,0.6142127543687821,0.31982922574160716,5.28744092449542e-05,11278.386040210724
426,436224,508254.71225186065,1.0,1.0,1.0,1.0,1.0,1.0,0.04062500000000013,0.5140016920830557,0.21009963438264956,0.5081585081585082,0.49184149184149184,2,-0.003655057935975492,0.21363190561532974,1.0641374588012695,0.012877185575368965,0.9935567408800126,9.289313399791718,0.15574619118124247,0.18885595950816164,5.226778368396241e-05,11305.207746267319
427,437248,442731.21993495524,1.0,1.0,1.0,1.0,1.0,1.0,0.03125,0.5113699158335883,0.2081995259582488,0.5054426078442665,0.49455739215573347,1,-0.004747289372608066,0.17000139132142067,1.0639363348484039,0.017181559866991058,0.999012416601181,7.758100128173828,0.13050209749490022,0.15297332720161094,5.1663991086034276e-05,11331.139378070831
428,438272,882033.0648624673,1.0,1.0,1.0,1.0,1.0,1.0,0.03750000000000031,0.5096829254247537,0.20772204571663586,0.5337531117293893,0.4662468882706106,2,-0.007753340032650158,0.3292863205075264,1.063796192407608,0.02700396678272199,0.9527127385139466,8.298402881622314,0.23485379256308078,0.1858625925499573,5.106304886421611e-05,11356.535463809967
429,439296,442494.9557733983,1.0,1.0,1.0,1.0,1.0,1.0,0.050000000000000266,0.5092195372125956,0.2058660635100013,0.5005744693717119,0.4994255306282881,1,-0.004359870497137308,0.16007665023207665,1.0634481549263,0.01477368945079922,0.9994641989469528,8.133104288578034,0.12586245108395816,0.12194444697202701,5.0464974349350825e-05,11383.11380815506
430,440320,750590.9914974421,1.0,1.0,1.0,1.0,1.0,1.0,0.031250000000000444,0.5059483107220721,0.20377536422648668,0.5030504714364947,0.49694952856350527,1,-0.0021740303840488196,0.27652516663074495,1.0633466839790344,0.024114394450986065,0.9566115140914917,16.135481441020964,0.2647584617137909,0.300029068718801,4.986978478957841e-05,11408.768283128738
431,441344,574017.852758877,1.0,1.0,1.0,1.0,1.0,1.0,0.03750000000000009,0.5055435386437519,0.20358638235431353,0.542929659173314,0.457070340826686,2,-0.0034888297435827554,0.21372268423438073,1.0637202203273772,0.010470952490411346,1.0355154991149902,10.401753687858582,0.15894289165735245,0.10461366766552725,4.9277497349838135e-05,11434.81878042221
432,442368,442613.75711780787,1.0,1.0,1.0,1.0,1.0,1.0,0.04375000000000018,0.5069407109016739,0.2037588296525572,0.5295575221238938,0.4704424778761062,1,-0.001780448737554252,0.1681013822555542,1.064606887102127,0.017982724228380674,0.9628107964992523,6.443321913480759,0.08162344004958869,0.123108290284801,4.868812911137397e-05,11460.784614801407
433,443392,816358.8891829476,1.0,1.0,1.0,1.0,1.0,1.0,0.02499999999999991,0.5091626576477839,0.20520701980058292,0.5134713267729895,0.48652867322701054,1,0.0036967770545743408,0.29939773082733157,1.065332818031311,0.020835149883800596,1.0038752555847168,24.60193967819214,0.11060662642121315,0.4024238120613976,4.8101697071241494e-05,11486.505132198334
434,444416,508245.51583209634,1.0,1.0,1.0,1.0,1.0,1.0,0.034375000000000044,0.5097300092480453,0.20539399099366742,0.527315296566077,0.472684703433923,2,-0.0023150500725023448,0.21543640717864038,1.0656616747379304,0.014233576814175742,1.003696671128273,7.278562408685684,0.3362496692687273,0.19247806179514906,4.7518218141818114e-05,11512.329625368118
435,445440,442729.99968235195,1.0,1.0,1.0,1.0,1.0,1.0,0.03125,0.5077827243313585,0.20580752297849664,0.5073865940559643,0.4926134059440357,1,-0.003875956044066697,0.19202794134616852,1.0652385473251342,0.02289344155509978,0.9601049304008484,7.335116815567017,0.42323652654886246,0.1403165070486637,4.6937709150315017e-05,11538.033145189285
436,446464,882022.6704688966,1.0,1.0,1.0,1.0,1.0,1.0,0.03437499999999982,0.5072325707009925,0.20357897983151355,0.5382743362831859,0.46172566371681417,2,-0.0048453669995069506,0.30886572450399397,1.064697277545929,0.024195759742201516,0.9783634692430496,12.062443256378174,0.22628938630223275,0.1704845560641264,4.636018683829215e-05,11563.618996620178
437,447488,442515.29943446815,1.0,1.0,1.0,1.0,1.0,1.0,0.04375000000000018,0.5074409869027934,0.20403849416598663,0.5005086469989827,0.49949135300101727,1,-0.005091215355787426,0.17841894403100014,1.0644648194313049,0.015166982308422483,0.9859160542488098,10.172118937969207,0.4659279230982065,0.09060248295927542,4.5785667861175105e-05,11590.13668680191
438,448512,816596.5427574038,1.0,1.0,1.0,1.0,1.0,1.0,0.03750000000000009,0.5062068320528506,0.20425128829789582,0.5179112788467487,0.48208872115325124,1,0.00728041585534811,0.3358587741851807,1.064318722486496,0.020763754439763814,0.9741832047700882,21.859310066699983,0.20379156731069087,0.6093968446648727,4.521416878777508e-05,11616.60337638855
439,449536,508064.18927345425,1.0,1.0,1.0,1.0,1.0,1.0,0.04062500000000013,0.5071358087666857,0.20510860584177618,0.51796875,0.48203125,2,-0.0021173211978748442,0.20568321272730827,1.064123910665512,0.0061734055009892595,1.0516575574874878,9.166961514949799,0.2520552761852741,0.13941045138106403,4.464570609981094e-05,11642.327915668488
440,450560,442521.45301118493,1.0,1.0,1.0,1.0,1.0,1.0,0.043749999999999734,0.5063781113496677,0.20446441478973923,0.49347037484885126,0.5065296251511487,1,-0.004191774304490537,0.1651054173707962,1.063732272386551,0.02090753452013421,0.9632539212703705,5.096026116609574,0.12126880735158921,0.10163021905679569,4.4080296191433676e-05,11668.352608680725
441,451584,816439.4130516704,1.0,1.0,1.0,1.0,1.0,1.0,0.03125,0.4993001684203426,0.19965987121977907,0.5349615914910381,0.465038408508962,1,-0.00017602266743779182,0.31448068767786025,1.0636962413787843,0.027246549840712665,0.9629991114139557,20.204369521141054,0.4138310320675373,0.30380886700741444,4.351795536875403e-05,11694.769228458405
442,452608,508146.3661689274,1.0,1.0,1.0,1.0,1.0,1.0,0.0437500000000004,0.5006299268878254,0.19909997996737314,0.5281998631074607,0.47180013689253936,2,-0.004231708956649527,0.20693404302001,1.0635657250881194,0.012215688852668194,0.9981305480003357,7.266735053062439,0.08831236287951469,0.17939609787920816,4.295869984937176e-05,11722.1832883358
443,453632,442655.6098145582,1.0,1.0,1.0,1.0,1.0,1.0,0.031249999999999556,0.5014364824128547,0.20007713387726558,0.5244405182567726,0.4755594817432273,1,-0.00572520696441643,0.1771244376897812,1.0627673387527465,0.01582750122414365,0.9963248759508133,7.666392803192139,0.2760877925902605,0.14531083928215863,4.24025457619084e-05,11748.819018363953
444,454656,816216.8896450456,1.0,1.0,1.0,1.0,1.0,1.0,0.03750000000000009,0.5020447304128284,0.1997794317735835,0.5482478232712096,0.45175217672879037,1,0.0037418086198158563,0.30889459848403933,1.0621833741664886,0.022175960476356237,0.9990561246871948,25.942480158805846,0.23057030476629733,0.586420795955149,4.184950914554173e-05,11775.15438246727
445,455680,508247.48122900724,1.0,1.0,1.0,1.0,1.0,1.0,0.04062500000000013,0.5037816278262625,0.2003892559266752,0.5387594397469825,0.4612405602530175,2,-0.0029645734306541272,0.2052477516233921,1.061848872900009,0.008930341948125874,1.014625182747841,7.451332712173462,0.741913004219532,0.14906029822598865,4.1299605949543504e-05,11801.515409946442
446,456704,486760.02903698385,1.0,1.0,1.0,1.0,1.0,1.0,0.03750000000000009,0.5043889104464364,0.20156304981220224,0.5060074734119,0.49399252658810006,1,-0.007304879184812307,0.19208708181977271,1.0615250051021576,0.025167714494225724,0.9570521831512451,12.841021037101745,0.2564986314624548,0.12073884156305081,4.075285203281922e-05,11829.613323450089
447,457728,837937.2488111854,1.0,1.0,1.0,1.0,1.0,1.0,0.03125,0.5047602000611887,0.2030167707599531,0.5456328964921918,0.45436710350780823,2,-0.0023639413178898395,0.3198249161243439,1.0616525411605835,0.02946264828084507,0.9645595848560333,13.523208069801331,0.13974986895918845,0.3300698081229902,4.0209263163451054e-05,11855.579738855362
448,458752,442492.7589740865,1.0,1.0,1.0,1.0,1.0,1.0,0.03125,0.5049886021769486,0.20318076152961165,0.5169131293779561,0.4830868706220439,1,-0.004073992976918817,0.17988499253988266,1.0620393097400664,0.011256519493395966,0.9906187236309052,7.675934255123138,0.19484971649944782,0.14208422940793894,3.96688550182428e-05,11881.352622032166
449,459776,574622.6212306023,1.0,1.0,1.0,1.0,1.0,1.0,0.03125,0.5067575181720094,0.20363155297260097,0.5171005303907822,0.4828994696092178,1,-0.0027261757175438108,0.21208736002445222,1.0625701725482941,0.02195588804628166,0.9714664161205292,19.899659156799316,0.24403651133179666,0.3096356717048169,3.913164318226805e-05,11906.861176252365
450,460800,750066.2045474946,1.0,1.0,1.0,1.0,1.0,1.0,0.034375000000000044,0.5036746018483951,0.20229976159231183,0.5094634979365306,0.4905365020634695,2,-0.004517897276673466,0.31180389821529386,1.062691992521286,0.010446026675900378,1.010879358649254,5.963820743560791,0.33058306612074373,0.11995920334372366,3.8597643148420476e-05,11932.114334821701
451,461824,442685.89121234417,1.0,1.0,1.0,1.0,1.0,1.0,0.03125,0.5008874755039839,0.19887690706694186,0.5183802412406663,0.4816197587593337,1,-0.0033815421047620475,0.15109009370207788,1.0626156747341156,0.028336075029647523,0.9279192566871644,9.492684090137482,0.33610357344150543,0.3279384721409045,3.8066870316967296e-05,11959.390966176987
452,462848,816361.9897871315,1.0,1.0,1.0,1.0,1.0,1.0,0.03125,0.5009504977910542,0.19674623974192296,0.5276853047082003,0.4723146952917997,1,-0.005714767519384623,0.2917125403881073,1.0627187728881835,0.017596786744369552,1.0023687958717347,12.434908294677735,0.2726593382656574,0.23906714619071937,3.753933999510483e-05,11984.568262815475
453,463872,508327.6099169031,1.0,1.0,1.0,1.0,1.0,1.0,0.03750000000000031,0.5023339904298044,0.1988937101245676,0.518951536865925,0.48104846313407507,2,-0.003576250543119386,0.21783086210489272,1.0625233888626098,0.022209012466631796,0.9554233878850937,11.712745928764344,0.1291906379163265,0.29046658262172403,3.7015067396517245e-05,12010.189268827438
454,464896,442606.8345001191,1.0,1.0,1.0,1.0,1.0,1.0,0.031250000000000444,0.4991644781986787,0.19808810558688628,0.5257459095283927,0.4742540904716073,1,-0.0038780721079092473,0.17083680704236032,1.0622064232826234,0.013466946475673503,1.0319522678852082,11.50960043668747,0.11092403484508395,0.13892926602156452,3.649406764093788e-05,12035.6902987957
455,465920,816070.0581493378,1.0,1.0,1.0,1.0,1.0,1.0,0.03125,0.49912824117289223,0.199016241531478,0.5431518276960412,0.45684817230395874,1,0.01533811865374446,0.3009251981973648,1.0619703233242035,0.00878345259110631,1.054435995221138,20.015157723426817,0.22035432569682598,0.2207122211594026,3.5976355753712895e-05,12061.193495750427
456,466944,508120.27190339565,1.0,1.0,1.0,1.0,1.0,1.0,0.03125,0.49997959663824004,0.19925096905597786,0.5402203284140511,0.45977967158594885,2,-0.0035558615461923184,0.21376802325248717,1.0619317948818208,0.022384292173270405,0.9765578150749207,10.082496929168702,0.15302872024476527,0.1787768991391161,3.546194666536833e-05,12088.036467313766
457,467968,442620.2912469804,1.0,1.0,1.0,1.0,1.0,1.0,0.018750000000000266,0.5038967228546909,0.20249360625734103,0.5095461845000893,0.4904538154999108,1,-0.005163981288205832,0.17811838760972024,1.0622256338596343,0.022033883095256536,0.9588282197713852,11.009293222427369,0.12427132688462734,0.13032835947241564,3.495085521117912e-05,12114.215061426163
458,468992,816275.3587099314,1.0,1.0,1.0,1.0,1.0,1.0,0.04375000000000018,0.5024429800964513,0.1999995903452064,0.5183515322296584,0.48164846777034165,1,-0.0016485020401887595,0.2810147553682327,1.0622535526752472,0.02005337702412504,0.9810605853796005,20.53885684013367,0.1412728253751993,0.3155742297335692,3.4443096130741675e-05,12139.508221626282
459,470016,508167.7866252363,1.0,1.0,1.0,1.0,1.0,1.0,0.034375000000000266,0.5056440325899973,0.20114796279982172,0.5270856990181016,0.47291430098189835,2,-0.005350748728960753,0.20515054911375047,1.0623944461345673,0.01165324156149472,1.0030655354261397,10.572895896434783,0.09703210685402155,0.13584435822130864,3.3938684067548354e-05,12165.201014757156
460,471040,442586.0400238931,1.0,1.0,1.0,1.0,1.0,1.0,0.04375000000000018,0.5063572609834563,0.20191113657229404,0.50357335895742,0.49642664104258005,1,-0.005075493117328733,0.16962258219718934,1.0628234207630158,0.029013356196779562,0.954479506611824,10.86744291782379,0.0907939619384706,0.24757634285833502,3.343763356856557e-05,12192.213867425919
461,472064,816216.4156737775,1.0,1.0,1.0,1.0,1.0,1.0,0.04375000000000062,0.5048120334131105,0.20179534910046126,0.5230253778157969,0.476974622184203,1,-0.0012605963740497828,0.312465737760067,1.0632365345954895,0.01911154817223597,1.0083792120218278,19.68002505302429,0.14699632711708546,0.23979036953751956,3.2939959083814e-05,12218.418223619461
462,473088,508270.5507260561,1.0,1.0,1.0,1.0,1.0,1.0,0.025000000000000133,0.5045046807779957,0.20334428351175232,0.5196814709309854,0.4803185290690146,2,-0.006534311338327825,0.22331138849258422,1.0634847819805144,0.01496621492758834,1.0061085253953934,9.276837229728699,0.21895549222826957,0.11469099039965003,3.244567496595187e-05,12244.604791879654
463,474112,486776.5730365515,1.0,1.0,1.0,1.0,1.0,1.0,0.018749999999999822,0.5065548234667432,0.20381516200286742,0.5029169526424159,0.4970830473575841,1,0.004313582030590624,0.18949091508984567,1.0639327347278595,0.015091370557654794,0.978749442100525,18.61677508354187,0.18185588400810956,0.3374179505949999,3.195479546986121e-05,12270.539992332458
464,475136,837958.9059842527,1.0,1.0,1.0,1.0,1.0,1.0,0.03125,0.5062948665149014,0.204419702899758,0.53443079063297,0.4655692093670299,2,-0.004977600183337927,0.30773338228464125,1.0640646398067475,0.013060754046829359,1.0315631836652757,15.474694228172302,0.1792270042002201,0.10588532820768311,3.146733475223652e-05,12297.023981809616
465,476160,442517.98772120476,1.0,1.0,1.0,1.0,1.0,1.0,0.03750000000000009,0.5067308730859481,0.2054011498962795,0.5115421227986673,0.4884578772013327,1,-0.00621589498477988,0.1723703719675541,1.0644183993339538,0.026750106024421648,0.9365424871444702,7.745675474405289,0.1309442738071084,0.4341960239816305,3.098330687117669e-05,12323.447283029556
466,477184,816641.814650327,1.0,1.0,1.0,1.0,1.0,1.0,0.043749999999999734,0.5032452825364596,0.20270183644584394,0.5134348274398011,0.48656517256019893,1,-0.002762165362946689,0.30424526780843736,1.0649963080883027,0.010012045027930228,1.021025088429451,18.943276906013487,0.13445997834205628,0.168216435932819,3.05027257857794e-05,12350.097336769104
467,478208,508105.9149224013,1.0,1.0,1.0,1.0,1.0,1.0,0.050000000000000044,0.5053061645607934,0.2038428076463148,0.5183278848160255,0.4816721151839744,2,-0.0056317713897442445,0.20908102095127107,1.0649428129196168,0.02283417272941115,0.9681699693202972,5.21015173792839,0.17443076260387896,0.1362553131055834,3.0025605355738808e-05,12375.927693843842
468,479232,442530.85572193563,1.0,1.0,1.0,1.0,1.0,1.0,0.03750000000000009,0.5064009034578029,0.20458277860085416,0.5003349777696571,0.49966502223034287,1,-0.006406646530376747,0.1676461160182953,1.0648013651371002,0.02575610669981465,0.9500702649354935,12.17345849275589,0.07851781044155359,0.11036680361552255,2.9551959340945454e-05,12402.117322683334
469,480256,816347.0004532337,1.0,1.0,1.0,1.0,1.0,1.0,0.050000000000000266,0.5082334624585564,0.20539646471883563,0.5330381471389646,0.4669618528610354,1,-0.0068845768924802545,0.31321939677000044,1.0645982921123505,0.030930515691480955,0.9664111763238907,25.02893046140671,0.13738157600164413,0.3017152493839348,2.908180140108986e-05,12428.535946846008
470,481280,508305.32640373707,1.0,1.0,1.0,1.0,1.0,1.0,0.03125,0.5075653787483313,0.2065911506236742,0.5152471746953722,0.4847528253046278,2,-0.005492189768119715,0.2107640564441681,1.0646327197551728,0.011960596846758875,0.9957460522651672,6.099164068698883,0.1164701847359538,0.10520160250957288,2.861514509526821e-05,12454.605702877045
471,482304,486659.7162515819,1.0,1.0,1.0,1.0,1.0,1.0,0.03750000000000009,0.509323916333729,0.2071514150722809,0.49749158944696925,0.5025084105530307,1,0.001391429326031357,0.1856637068092823,1.064786010980606,0.02186548752637485,0.9593002140522003,12.153024458885193,0.12491711806505919,0.3144850022210059,2.8152003881591613e-05,12481.309539556503
472,483328,838011.8263420127,1.0,1.0,1.0,1.0,1.0,1.0,0.04062500000000013,0.5082698830571031,0.20652844400764644,0.5440813579600688,0.4559186420399312,2,-0.00304476365854498,0.31466651409864427,1.0647577702999116,0.009893745112006158,1.0236655056476593,15.609446001052856,0.12702928707003594,0.1096541400092654,2.7692391116797862e-05,12506.812255382538
473,484352,442582.4135774616,1.0,1.0,1.0,1.0,1.0,1.0,0.02499999999999991,0.5082664994611246,0.20717780530587934,0.5163972827360037,0.48360271726399623,1,5.5402255384251475e-05,0.1767086274921894,1.0649307727813722,0.029787731352509405,0.9234083712100982,7.101323843002319,0.1172806203365326,0.40468545708794457,2.7236320055866116e-05,12533.556010961533
474,485376,816529.4629606158,1.0,1.0,1.0,1.0,1.0,1.0,0.04375000000000018,0.5065696797204354,0.20797585251966716,0.5263625404479412,0.4736374595520589,1,-0.0007100552553310991,0.2860691025853157,1.0649698793888092,0.009053372831693097,1.0713339567184448,16.98677158355713,0.1247053412720561,0.14110509390858003,2.678380385163484e-05,12559.015936374664
475,486400,508063.5489992276,1.0,1.0,1.0,1.0,1.0,1.0,0.021874999999999867,0.5084386990402645,0.20567635404733098,0.5318026240730177,0.4681973759269823,2,-0.0019368990324437618,0.2228877902030945,1.065076744556427,0.027728408593362276,0.9454373776912689,10.763192760944367,0.7471229627728462,0.25716403364838714,2.6334855554422337e-05,12583.904300451279
476,487424,442618.03742036223,1.0,1.0,1.0,1.0,1.0,1.0,0.03750000000000009,0.5072447805556926,0.20499782630471095,0.5107174490699734,0.4892825509300266,1,-0.0052315511682536455,0.171873539686203,1.0652821779251098,0.010190994903882533,1.0106567561626434,8.274454045295716,0.18253732547163964,0.09963061566927062,2.5889488111650466e-05,12610.661592006683
477,488448,816289.9223233163,1.0,1.0,1.0,1.0,1.0,1.0,0.04375000000000018,0.5112000150284283,0.20709574452259621,0.5188974733764878,0.4811025266235122,1,-0.0014920355752110481,0.2941499248147011,1.0652451038360595,0.028642750607005496,0.9640497148036957,23.768805050849913,0.145650914311409,0.3309237126368303,2.544771436747118e-05,12637.109417915344
478,489472,508210.13979807124,1.0,1.0,1.0,1.0,1.0,1.0,0.034375000000000044,0.5123052670894952,0.2071393719470462,0.5160334496608942,0.4839665503391058,2,-0.005614956092904322,0.211089625954628,1.065311884880066,0.009147158534010557,1.0126103967428208,12.903324902057648,0.2514851361513138,0.09346263077059164,2.5009547062396198e-05,12661.95181775093
479,490496,442625.4029059857,1.0,1.0,1.0,1.0,1.0,1.0,0.02499999999999991,0.512299179997288,0.20900400897552382,0.5032342294225862,0.4967657705774138,1,-0.007969539333134889,0.18671274855732917,1.0652163207530976,0.02876798603175059,0.947133195400238,11.397747707366943,0.5338426649570465,0.17033564457940326,2.4574998832929434e-05,12686.77505326271
480,491520,816119.2131456882,1.0,1.0,1.0,1.0,1.0,1.0,0.04375000000000018,0.5108196635707883,0.2085567037442298,0.5417439703153989,0.4582560296846011,1,-0.001980752684175968,0.3116567865014076,1.0648203551769257,0.02181899848083759,0.977537888288498,19.279980516433717,0.2050275456160307,0.33946254484095995,2.414408221120278e-05,12709.471492052078
481,492544,508490.4001414068,1.0,1.0,1.0,1.0,1.0,1.0,0.04375000000000018,0.5095207000219444,0.20790566339661923,0.51092318534179,0.48907681465821,2,-0.005141282774275169,0.187082539498806,1.0648210942745209,0.005104728474229425,1.0298762381076814,6.307344853878021,0.15884441789239645,0.05661278540543902,2.371680962461439e-05,12732.532302856445
482,493568,816640.3096214533,1.0,1.0,1.0,1.0,1.0,1.0,0.03750000000000009,0.5076524347581051,0.20550115517653475,0.5099022004889976,0.49009779951100246,1,0.005804726481437683,0.3039471969008446,1.064956384897232,0.032842892052752856,0.9308818876743317,26.399460422992707,0.12598665617406368,0.9,2.32931933954706e-05,12755.431847333908
483,494592,507925.70423881337,1.0,1.0,1.0,1.0,1.0,1.0,0.03750000000000009,0.5092851531030801,0.20827132319065178,0.5258162490508732,0.4741837509491268,2,-0.004435865010600537,0.21599855199456214,1.064993977546692,-0.0018573385369300866,1.0451627612113952,17.231835651397706,0.09490234777331352,0.12157665459056936,2.287324574063037e-05,12778.289786815643
484,495616,442639.27435454726,1.0,1.0,1.0,1.0,1.0,1.0,0.043749999999999734,0.5066445295245936,0.20816746542344594,0.5051439737915973,0.4948560262084028,1,-0.0031795573187991975,0.17755670771002768,1.065021014213562,0.028080482779181893,0.9334892272949219,6.624288558959961,0.08314556442201138,0.6730293634611123,2.2456978771152926e-05,12802.840285778046
485,496640,816407.189824814,1.0,1.0,1.0,1.0,1.0,1.0,0.04375000000000018,0.5062389568659065,0.2088653299802588,0.5327745399777356,0.46722546002226445,1,-0.004529130982700735,0.32039582878351214,1.0650075674057007,0.008299137635398779,1.0321078509092332,21.420850896835326,0.1741323921829462,0.21120374573380502,2.2044404491948648e-05,12826.437316894531
486,497664,507849.72325102985,1.0,1.0,1.0,1.0,1.0,1.0,0.04062500000000013,0.5047419498575363,0.2100887121047071,0.5541201957795073,0.44587980422049267,2,-0.005709037580527365,0.21585272923111914,1.064974296092987,0.023074047318987566,0.9756428301334381,15.419110631942749,0.13200785480439664,0.15396753063994387,2.1635534801432694e-05,12849.837980031967
487,498688,442665.86558514833,1.0,1.0,1.0,1.0,1.0,1.0,0.04375000000000018,0.5085293647673674,0.2125238960634541,0.5088087010706396,0.4911912989293605,1,-0.007213205413427204,0.1814824439585209,1.0650930523872375,0.021341152663808316,0.9556036204099655,7.605345857143402,0.10373992789536715,0.11224232983651909,2.123038149118197e-05,12873.150728464127
488,499712,816465.3727958575,1.0,1.0,1.0,1.0,1.0,1.0,0.050000000000000266,0.506339209481504,0.21044524368210846,0.5106659729448492,0.4893340270551509,1,0.0030259575461968778,0.3014345571398735,1.065295696258545,0.014396344951278728,0.9992821931838989,28.221682500839233,0.1351880168542266,0.29719264864945877,2.082895624559496e-05,12896.604507923126
489,500736,508056.59211552143,1.0,1.0,1.0,1.0,1.0,1.0,0.018750000000000044,0.506296623744986,0.20958169194764267,0.5187196341811946,0.4812803658188054,2,-0.004443067905958742,0.20858938470482827,1.0652633011341095,0.011403375276748307,1.0084418773651123,18.399135088920595,0.14460977632552385,0.1279316902966428,2.04312706415549e-05,12920.807874202728
490,501760,442599.36878692545,1.0,1.0,1.0,1.0,1.0,1.0,0.03750000000000009,0.5085575999909857,0.2091935919496409,0.5027656820054137,0.49723431799458634,1,-0.006243996671400964,0.16791564971208572,1.0652542948722838,0.024866571187787657,0.9609265863895416,11.300091361999511,0.14270105445757508,0.10362466914028068,2.0037336148095746e-05,12945.185784101486
491,502784,816328.2849031091,1.0,1.0,1.0,1.0,1.0,1.0,0.04375000000000018,0.5082953326323592,0.2100377884461603,0.5262833253375369,0.47371667466246314,1,0.0013762624002993107,0.31726212352514266,1.0654785990715028,0.023695518847431884,0.9748947322368622,31.101127910614014,0.21038990020751952,0.338734574922297,1.9647164126071478e-05,12968.633249998093
492,503808,508018.6785290837,1.0,1.0,1.0,1.0,1.0,1.0,0.04375000000000018,0.5062215843874566,0.20762792664006727,0.5404142096936574,0.4595857903063426,2,-0.0032512318139197305,0.18191325217485427,1.0654444098472595,0.01094257136489345,0.9967327803373337,9.766168081760407,0.25912735238671303,0.09566864898539294,1.9260765827828594e-05,12991.116916418076
493,504832,442540.0951642096,1.0,1.0,1.0,1.0,1.0,1.0,0.018750000000000266,0.5066256014810866,0.20925644773597646,0.5113223540808912,0.4886776459191087,1,0.007235747849335894,0.1815384194254875,1.0652266442775726,0.030239713961104097,0.9283271044492721,17.295930004119874,0.16801248639822006,0.81,1.8878152396881316e-05,13012.345354795456
494,505856,816418.7674552351,1.0,1.0,1.0,1.0,1.0,1.0,0.02499999999999991,0.5061106436401211,0.20809735273902347,0.5224147051044697,0.4775852948955303,1,-0.005231596453813836,0.29169991314411164,1.0651119470596313,-0.0031117906759395297,1.0833042681217193,16.26385986804962,0.14712110236287118,0.12157665459056936,1.84993348675905e-05,13033.1224091053
495,506880,508172.7293803692,1.0,1.0,1.0,1.0,1.0,1.0,0.028124999999999956,0.5069318688050442,0.20782759597438694,0.5295061150838736,0.4704938849161264,2,-0.0038438338320702314,0.20827776342630386,1.0650720834732055,0.027961393494999952,0.9547388017177582,13.613773596286773,0.10620218701660633,0.332360179486969,1.8124324164845186e-05,13053.96433186531
496,507904,442756.1099431962,1.0,1.0,1.0,1.0,1.0,1.0,0.03750000000000053,0.5086533906988071,0.20813712600194226,0.5092465753424658,0.49075342465753424,1,-0.003972786830854602,0.16739048063755035,1.0651421129703522,0.01054945392889941,0.988711541891098,9.381653368473053,0.10401444174349309,0.1158868289348724,1.7753131103747725e-05,13074.98324227333
497,508928,882090.5617689565,1.0,1.0,1.0,1.0,1.0,1.0,0.025000000000000133,0.5084659924561137,0.2073534141861427,0.5388383981823346,0.4611616018176654,2,0.004767229000572115,0.32916039824485777,1.0653926134109497,0.01838935966037205,0.9714220255613327,26.583456563949586,0.13668808229267598,0.5314410000000002,1.7385766389301712e-05,13095.543031930923
498,509952,442703.99841713905,1.0,1.0,1.0,1.0,1.0,1.0,0.04375000000000018,0.5068853483104155,0.20579846610580027,0.5032572367303008,0.4967427632696992,1,-0.005296565755270421,0.1641431823372841,1.065459942817688,-0.01377411857190829,1.0957282960414887,8.993535530567168,0.22111994214355946,0.06461081889226679,1.7022240616103384e-05,13116.584068059921
499,510976,816391.1337484121,1.0,1.0,1.0,1.0,1.0,1.0,0.018750000000000266,0.5066765307708547,0.20501794240246643,0.5256039297490075,0.4743960702509925,1,0.002515604323707521,0.30802402943372725,1.0655785024166107,0.01617975744537805,0.9885745227336884,30.534319376945497,0.18561293594539166,0.2851250567406367,1.666256426803597e-05,13137.278556585312
500,512000,508223.4146726802,1.0,1.0,1.0,1.0,1.0,1.0,0.02499999999999991,0.5084385086269607,0.20586241459811938,0.5325693209510637,0.4674306790489363,2,-0.003976960174622945,0.19592305794358253,1.065383356809616,0.01243282101860448,0.9955805569887162,8.870352017879487,0.0893438084051013,0.13637443075137065,1.630674771796748e-05,13158.072664260864
501,513024,530793.6753093302,1.0,1.0,1.0,1.0,1.0,1.0,0.018749999999999822,0.5088606347910469,0.20409149865253765,0.5162761530129412,0.4837238469870589,1,-0.0015871769632212819,0.1935960404574871,1.0650823414325714,0.02438910766031501,0.964766401052475,22.863210248947144,0.13227140828967093,0.37281360006655956,1.5954801227451343e-05,13179.14640545845
502,514048,794047.8433512636,1.0,1.0,1.0,1.0,1.0,1.0,0.034375000000000044,0.5087415204119174,0.20433852075108225,0.5506365740740741,0.44936342592592593,2,-0.0033877263893373312,0.30342296957969667,1.0650007545948028,0.013299182841616287,0.9947303652763366,17.338685035705566,0.12627921234816314,0.1981284324329725,1.5606734946430712e-05,13199.507534742355
503,515072,442545.10616126657,1.0,1.0,1.0,1.0,1.0,1.0,0.03750000000000009,0.5106324143250849,0.20392868927174743,0.49281867145421904,0.507181328545781,1,-0.005305785918608308,0.16464635953307152,1.0650225818157195,0.013980335993372428,0.9909239411354065,9.223843932151794,0.10000575622543692,0.0852877935310952,1.5262558912945657e-05,13220.640909671783
504,516096,816445.1762279943,1.0,1.0,1.0,1.0,1.0,1.0,0.02499999999999991,0.5115405402048414,0.20597774110902164,0.5245740498034076,0.4754259501965924,1,-0.001007362618111074,0.3163475215435028,1.0650480389595032,0.021734436937881442,0.9724872082471847,24.064179801940917,0.7008092686533928,0.2509144999424422,1.4922283052843502e-05,13242.057515621185
505,517120,508088.1951314509,1.0,1.0,1.0,1.0,1.0,1.0,0.043749999999999956,0.5125562992038171,0.20464474153861398,0.5156129933636047,0.4843870066363954,2,-0.005284273292636499,0.1887769602239132,1.0651005804538727,0.012399206795881667,0.9988095134496688,9.73612401485443,0.20496021062135697,0.1200116274875203,1.4585917179492863e-05,13263.472724676132
506,518144,442722.71225094795,1.0,1.0,1.0,1.0,1.0,1.0,0.03125,0.5103210157455099,0.20427059967222422,0.5042329252945887,0.49576707470541126,1,-0.007190112210810185,0.17137821167707443,1.065305584669113,0.02442452183085564,0.9620694398880005,7.806257450580597,0.10968948397785425,0.09720941826489145,1.4253470993500407e-05,13284.735006332397
507,519168,816152.1284624413,1.0,1.0,1.0,1.0,1.0,1.0,0.04375000000000018,0.5100119538916458,0.20315290788619655,0.5335738477396554,0.46642615226034456,1,0.005951565166469663,0.2856069400906563,1.0654305517673492,-0.0009675069013020732,1.013004332780838,35.1600857257843,0.14345104098320008,0.34747495098647135,1.3924954082431223e-05,13305.68391752243
508,520192,508161.7547391057,1.0,1.0,1.0,1.0,1.0,1.0,0.03750000000000009,0.5116823134419526,0.20491828134187576,0.5198294531672983,0.48017054683270166,2,-0.003895645000739023,0.2099110811948776,1.0653079152107239,0.007437176891074415,1.0147068500518799,9.590284311771393,0.12311910223215819,0.08832347041128062,1.3600375920532208e-05,13326.958149671555
509,521216,442747.75667342544,1.0,1.0,1.0,1.0,1.0,1.0,0.025000000000000355,0.5132920128312093,0.2048616058745962,0.4975101596932059,0.5024898403067941,1,-0.005649346276186407,0.17149689868092538,1.0651457488536835,0.02592519002082838,0.9585882961750031,10.68030380010605,0.08983660135418177,0.10731301654970596,1.3279745868458995e-05,13348.214147806168
510,522240,882122.1113161296,1.0,1.0,1.0,1.0,1.0,1.0,0.050000000000000266,0.5121357667576564,0.2038388521743771,0.5166501346181097,0.48334986538189034,2,-0.0009584740386344492,0.32356092929840086,1.0650997936725617,0.025303225885256353,0.9725708156824112,31.846731090545653,0.1263181736692786,0.440050438489138,1.2963073173005811e-05,13369.433918237686
511,523264,442581.0191614628,1.0,1.0,1.0,1.0,1.0,1.0,0.03125,0.5108488918027002,0.2063559772728168,0.5093548958271853,0.4906451041728147,1,-0.0037706075760070234,0.18852237313985826,1.0651510596275329,0.004866915106048397,1.023379385471344,10.141291558742523,0.1509046798571944,0.08154223466334781,1.2650366966838978e-05,13391.323556184769
512,524288,816490.8105406463,1.0,1.0,1.0,1.0,1.0,1.0,0.03125,0.511624740795239,0.20497159644070945,0.5216296487603306,0.4783703512396694,1,0.0024943257070844994,0.301400700211525,1.0653578877449035,0.0051096347165128005,1.0061719715595245,34.01610178947449,0.8082159489393235,0.43046721000000016,1.2341636268233358e-05,13412.448927879333
513,525312,508096.1078347564,1.0,1.0,1.0,1.0,1.0,1.0,0.031249999999999778,0.5130983436672452,0.2055864861064965,0.5298218435321457,0.4701781564678544,2,-0.004075209540314972,0.2096271261572838,1.0653306722640992,0.007644085815558377,1.010975706577301,14.744091796875,0.5490848332643509,0.12157665459056936,1.2036889980812433e-05,13433.122861862183
514,526336,442764.05180082005,1.0,1.0,1.0,1.0,1.0,1.0,0.03125,0.5149767707646503,0.2070461154542557,0.5043429216018048,0.49565707839819517,1,-0.005694841034710407,0.1798373505473137,1.065267312526703,0.023385484874564356,0.9711375892162323,10.699678385257721,0.2473590314388275,0.08862938119652508,1.1736136893291464e-05,13454.240500211716
515,527360,882114.3419837467,1.0,1.0,1.0,1.0,1.0,1.0,0.034375000000000044,0.5112598560973678,0.20593948238897247,0.5399008949042231,0.46009910509577695,2,0.0022996354615315794,0.3392920583486557,1.0651939511299133,0.018725036901953374,0.9789388477802277,38.13380136489868,0.20172548070549964,0.3520062428896749,1.143938567922395e-05,13475.215703010559
516,528384,442521.3975686133,1.0,1.0,1.0,1.0,1.0,1.0,0.02499999999999991,0.5102309703637778,0.20617148678376407,0.5009880274322911,0.49901197256770896,1,-0.004775241651805118,0.16934266090393066,1.0651445150375367,0.006089166004822744,1.0186166316270828,11.344412243366241,0.07920915186405182,0.08052773761437687,1.1146644896751658e-05,13496.579508543015
517,529408,816607.5713172676,1.0,1.0,1.0,1.0,1.0,1.0,0.03750000000000009,0.5093361788924194,0.20401048236357686,0.5212312256628964,0.47876877433710363,1,-0.002966127381660044,0.28650769889354705,1.0651055812835692,0.021649388273752557,0.9685582607984543,25.357556176185607,0.23296900615096092,0.2632339306515284,1.0857922988357604e-05,13518.02923130989
518,530432,507870.4741430939,1.0,1.0,1.0,1.0,1.0,1.0,0.028124999999999956,0.5072297129147634,0.20339394127167845,0.5343625107750176,0.4656374892249824,2,-0.006428631290327757,0.212775556743145,1.065051257610321,0.014495226495137103,0.9925385028123855,17.435070300102232,0.09346729721873999,0.125903973005441,1.0573228280622822e-05,13538.877695083618
519,531456,442626.06789788604,1.0,1.0,1.0,1.0,1.0,1.0,0.03750000000000009,0.5067257625097786,0.2042174819475159,0.5195835969402427,0.4804164030597573,1,-0.007288978551514447,0.17045016810297967,1.0649750173091888,0.02518390888249735,0.9593851536512374,10.101778423786163,0.0937305860221386,0.08260559668886987,1.0292568983985948e-05,13560.061832904816
520,532480,816504.0373421907,1.0,1.0,1.0,1.0,1.0,1.0,0.03125,0.5049801335027456,0.20670596032991562,0.5089469618949537,0.49105303810504636,1,0.009020642598625273,0.3109205514192581,1.064931058883667,0.015125743591932661,0.9861115872859955,40.48672194480896,0.12541896160691976,0.5314410000000002,1.0015953192506733e-05,13580.597810029984
521,533504,508244.54699373245,1.0,1.0,1.0,1.0,1.0,1.0,0.034375000000000266,0.5055383249918692,0.20626632203596568,0.508637981235846,0.491362018764154,2,-0.0014701895997859538,0.2159181997179985,1.064864057302475,0.00537230902847492,1.0119841277599335,13.83148945569992,0.5176350630819797,0.13508517176729928,9.743388883632312e-06,13601.436125040054
522,534528,486712.6018860638,1.0,1.0,1.0,1.0,1.0,1.0,0.03750000000000009,0.5058849080282979,0.20709936431831766,0.507809324740173,0.49219067525982696,1,-0.0004617175902239978,0.18819477409124374,1.0647584974765778,0.019910080428839728,0.9694835126399994,19.642552399635314,0.1580411283299327,0.26494473922010153,9.47488391796744e-06,13622.174652338028
523,535552,838053.1194755435,1.0,1.0,1.0,1.0,1.0,1.0,0.046875,0.506024902273272,0.20796765567230305,0.5331074611475289,0.4668925388524711,2,-0.005148001317866147,0.3335768222808838,1.0646920442581176,0.018256897989907726,0.9874327927827835,17.944909358024596,0.22610590122640134,0.15644721906207776,9.210446039047521e-06,13643.085210084915
524,536576,442598.2133408785,1.0,1.0,1.0,1.0,1.0,1.0,0.03750000000000053,0.5043718217799296,0.20706936781448176,0.5024208131598903,0.49757918684010966,1,-0.006542550485755782,0.16962565928697587,1.0647043943405152,0.020843271176945843,0.9655970275402069,20.17629384994507,0.07559620626270772,0.10264502042662922,8.950082873115475e-06,13664.139094352722
525,537600,816510.0760167539,1.0,1.0,1.0,1.0,1.0,1.0,0.04375000000000018,0.5023768249046052,0.20580581150204907,0.5351213282247765,0.4648786717752235,1,0.0058869451400823895,0.29887017905712127,1.064682275056839,0.01139437799897891,0.9888204097747803,37.704925298690796,0.15002484656870366,0.43046721000000016,8.693801928901776e-06,13685.140750169754
526,538624,508058.41385348886,1.0,1.0,1.0,1.0,1.0,1.0,0.03750000000000053,0.5023459321402375,0.2051430686776333,0.5188477951635846,0.48115220483641535,2,-0.0058319916715845466,0.2431635893881321,1.0646389067173003,0.00741847645577991,1.004194724559784,11.311122870445251,1.0238494284451007,0.10941898913151243,8.441610597407774e-06,13706.075027942657
527,539648,442612.88162717223,1.0,1.0,1.0,1.0,1.0,1.0,0.050000000000000266,0.5004726607458897,0.20355489888716144,0.5172980910425844,0.48270190895741555,1,-0.0020217103301547468,0.16458640098571778,1.0645564019680023,0.024520246032800064,0.9495352178812027,12.037751948833465,0.1426421508193016,0.32709227064210067,8.193516151692738e-06,13727.40324640274
528,540672,816350.385742262,1.0,1.0,1.0,1.0,1.0,1.0,0.03125,0.4992577574177611,0.2036964383253863,0.5294117647058824,0.47058823529411764,1,-0.00454715306404978,0.3126900866627693,1.0645231902599335,0.021860222252844164,0.9873796880245209,30.932101821899415,0.15321749728173018,0.28971707233718114,7.949525746663938e-06,13748.226203680038
529,541696,508118.4035991058,1.0,1.0,1.0,1.0,1.0,1.0,0.034375000000000044,0.4993683108399887,0.20500915304811929,0.5364687954561197,0.4635312045438803,2,-0.0042356381862191485,0.2150250867009163,1.0645495712757111,0.011524268025008588,0.9904368847608567,9.585643935203553,0.13337101303040982,0.1710750340443821,7.709646418870417e-06,13768.984891176224
530,542720,442669.88303507864,1.0,1.0,1.0,1.0,1.0,1.0,0.043749999999999734,0.5045194713964674,0.20393214182895109,0.5049239554804499,0.4950760445195501,1,-0.003193185152485967,0.14861750230193138,1.064681351184845,0.018463782667133354,0.9639481574296951,8.794281792640685,0.10361648090183735,0.1122423298365191,7.473885086299966e-06,13790.105383634567
531,543744,816190.2722138986,1.0,1.0,1.0,1.0,1.0,1.0,0.03750000000000009,0.5029873629912518,0.20266365214032026,0.5289154888952985,0.47108451110470145,1,0.004247148346621543,0.3098738953471184,1.0648186564445496,0.01843392204067982,0.9759807348251343,46.31505928039551,0.16038652025163175,0.5503567567582571,7.2422485481796695e-06,13811.02963232994
532,544768,508321.88282779977,1.0,1.0,1.0,1.0,1.0,1.0,0.03125,0.5019493498467866,0.20326059308481131,0.5148813261333668,0.48511867386663315,2,-0.00465474899392575,0.20816897749900817,1.0648411989212037,-0.0026946944130664895,1.0325799584388733,9.858626914024352,0.12178640495985746,0.0669105333179846,7.014743484779869e-06,13832.369240283966
533,545792,442658.9988601208,1.0,1.0,1.0,1.0,1.0,1.0,0.03750000000000009,0.5033411260693155,0.20527739910143525,0.5159254628802762,0.48407453711972376,1,0.0014012860221555457,0.18162788525223733,1.0648349463939666,0.02145217656253102,0.9682730227708817,26.27793159484863,0.1468033004552126,0.3280817866440088,6.791376457221377e-06,13853.633232593536
534,546816,882020.5343286097,1.0,1.0,1.0,1.0,1.0,1.0,0.04062499999999991,0.5031341419941004,0.20448124234185605,0.5216033693994626,0.4783966306005374,2,-0.005517801269888878,0.3217452362179756,1.064832442998886,0.014123881479516954,0.9932967185974121,21.365000748634337,0.1309669515118003,0.15692050149829084,6.572153907286312e-06,13874.610300540924
535,547840,442585.34317519516,1.0,1.0,1.0,1.0,1.0,1.0,0.031250000000000444,0.5027776630591405,0.2056071210753014,0.5154094511300265,0.4845905488699736,1,-0.007753057789523154,0.17564645856618882,1.0648115634918214,0.021511525488789117,0.9725790798664093,15.580441868305206,0.08075430737808346,0.10295554103302862,6.357082157232452e-06,13896.099113225937
536,548864,816464.0198293924,1.0,1.0,1.0,1.0,1.0,1.0,0.018749999999999822,0.5043318486266083,0.20440592318133957,0.5480237025460702,0.4519762974539298,1,0.006466691941022873,0.30755368173122405,1.0647933959960938,0.024988283622105457,0.9719225913286209,35.58787851333618,0.1511392116546631,0.6561000000000001,6.1461674096106925e-06,13917.371037006378
537,549888,508165.8242635727,1.0,1.0,1.0,1.0,1.0,1.0,0.03749999999999987,0.502984359641233,0.20339775066006344,0.509131193769303,0.49086880623069695,2,-0.003935414738953114,0.21862375736236572,1.0648019433021545,-0.00803657542000522,1.0370086520910262,10.908466398715973,0.1194060692563653,0.07976644307687257,5.939415747086271e-06,13938.812173843384
538,550912,442651.6340188682,1.0,1.0,1.0,1.0,1.0,1.0,0.050000000000000266,0.5028697710758229,0.20402258245226326,0.5115606936416185,0.4884393063583815,1,-0.0043993586819851774,0.17487578541040422,1.0648036777973175,0.02693958731263164,0.9647168725728988,10.9612264752388,0.1169860266149044,0.3576753979471371,5.736833132263391e-06,13960.216229200363
539,551936,816207.394979775,1.0,1.0,1.0,1.0,1.0,1.0,0.03125,0.5048247446172358,0.2044366822215797,0.5360418458010892,0.46395815419891084,1,0.0036103167338296773,0.2978696033358574,1.0647898972034455,0.021068583742868442,0.9771518558263779,41.26832418441772,0.24676874913275243,1.0,5.538425407513174e-06,13981.841081857681
540,552960,508216.13586913794,1.0,1.0,1.0,1.0,1.0,1.0,0.03125000000000022,0.5040522806432062,0.20512705514977514,0.5219920266649238,0.47800797333507616,2,-0.0015207043848931789,0.21648102924227713,1.064780205488205,-0.014019305654649239,1.0493589878082275,14.061818301677704,0.19156626984477043,0.12157665459056936,5.344198294805254e-06,14002.806416034698
541,553984,442693.37692626566,1.0,1.0,1.0,1.0,1.0,1.0,0.031250000000000444,0.504711618847983,0.20400379459164675,0.5177350552211769,0.4822649447788231,1,-0.0029630369506776335,0.16640111282467843,1.0648264765739441,0.021687788532854045,0.9770172268152237,19.238636720180512,0.12309508714824915,0.24229057084600045,5.1541573955426325e-06,14024.343924760818
542,555008,816059.7206635848,1.0,1.0,1.0,1.0,1.0,1.0,0.04999999999999982,0.5062899486063822,0.20370691693954143,0.5393369996944699,0.4606630003055301,1,-0.006840312224812806,0.2908792123198509,1.064840817451477,0.022906023682332233,0.9781353205442429,25.658422112464905,0.09150927197188138,0.15896684353206092,4.968308190400308e-06,14045.422332763672
543,556032,508359.3409501426,1.0,1.0,1.0,1.0,1.0,1.0,0.034375000000000044,0.5069069186875411,0.2046595145368852,0.5210379981464319,0.47896200185356813,2,-0.0052984014269895855,0.20843642950057983,1.0648277401924133,0.02183205901173917,0.9680667161941529,14.767888736724853,0.1057406410574913,0.126722247440283,4.786656039167059e-06,14066.532826662064
544,557056,618688.8706511706,1.0,1.0,1.0,1.0,1.0,1.0,0.02499999999999991,0.5060991029964077,0.20403493841918782,0.5138183536081257,0.48618164639187433,1,0.004293266125023365,0.22433122098445893,1.064785897731781,0.025863559270504766,0.9652830511331558,46.84542961120606,0.19712651893496513,0.7290000000000001,4.609206180590974e-06,14088.074806928635
545,558080,705997.7243555263,1.0,1.0,1.0,1.0,1.0,1.0,0.03750000000000009,0.5045084927649428,0.203197319686998,0.5404682274247492,0.45953177257525085,2,-0.0030468535056570544,0.2861566379666328,1.0647558331489564,-0.00789737992699493,1.0169697999954224,15.115399098396301,0.31541747897863387,0.08862938119652508,4.435963732228368e-06,14108.895726919174
546,559104,442739.2395026982,1.0,1.0,1.0,1.0,1.0,1.0,0.03750000000000009,0.505087793920211,0.2035482598251799,0.5117679866146124,0.48823201338538763,1,-0.005839494061365258,0.16975050196051597,1.0647000133991242,0.023368355378104978,0.9631121724843978,14.333480417728424,0.13922576252371072,0.08722460550456017,4.26693369029606e-06,14130.21155667305
547,560128,816363.7164591849,1.0,1.0,1.0,1.0,1.0,1.0,0.03125,0.5044782092342418,0.20366344462654662,0.5052213164454625,0.49477868355453747,1,0.005157435871660709,0.30225334167480467,1.0646670639514924,0.033368545768986735,0.9585433661937713,39.97403178215027,0.25314479544758794,1.0,4.102120929527502e-06,14151.242550849915
548,561152,508240.899734959,1.0,1.0,1.0,1.0,1.0,1.0,0.03750000000000009,0.5036454814340507,0.20109921253085367,0.518,0.482,2,-0.001594980526715517,0.1925122894346714,1.0646528840065002,-0.022115352624396324,1.0392926454544067,19.061406707763673,0.0960790554061532,0.12157665459056936,3.94153020303198e-06,14172.367323875427
549,562176,552774.60710904,1.0,1.0,1.0,1.0,1.0,1.0,0.03750000000000009,0.5017476734774271,0.20119628834361233,0.522545204852369,0.47745479514763106,1,-0.000676113460212946,0.21669817790389062,1.0646131813526154,0.025985204657848017,0.9843648165464401,27.84637632369995,0.20412859842181205,0.545153784403501,3.7851661421577014e-06,14193.790879011154
550,563200,705966.5047786236,1.0,1.0,1.0,1.0,1.0,1.0,0.031249999999999556,0.5055429716593597,0.2048017967665026,0.5553472384969924,0.4446527615030076,1,-0.001800459693185985,0.2766217850148678,1.064614188671112,0.006172910102304563,0.9994189471006394,13.480024981498719,0.16155533418059348,0.15396753063994387,3.6330332563581274e-06,14214.425188302994
551,564224,508357.790593721,1.0,1.0,1.0,1.0,1.0,1.0,0.03125,0.5023592136845242,0.20331258023691062,0.5261893024402268,0.47381069755977323,2,-0.0059847219090443105,0.20228956863284112,1.0646446883678435,0.019758766456417297,0.9742289245128631,16.903959095478058,0.12842271458357574,0.08182465845082242,3.485135933061966e-06,14235.740678548813
552,565248,530712.9086697884,1.0,1.0,1.0,1.0,1.0,1.0,0.04375000000000018,0.5010074628890946,0.2024610684652067,0.5163037080635668,0.4836962919364332,1,0.003681524214334786,0.20890906527638436,1.0646789729595185,0.03075562857639582,0.9627222955226898,36.14125843048096,0.16360220685601234,1.0,3.341478437546647e-06,14257.193004369736
553,566272,794118.0930659473,1.0,1.0,1.0,1.0,1.0,1.0,0.03750000000000009,0.5004492043561292,0.20148509751241417,0.5312065610230747,0.4687934389769252,2,0.0007251460046973079,0.28522050827741624,1.064675396680832,-0.016674776662192414,1.0237352460622788,28.846356678009034,0.15350280925631524,0.12157665459056936,3.2020649128152946e-06,14278.366096496582
554,567296,442527.5764566809,1.0,1.0,1.0,1.0,1.0,1.0,0.025000000000000355,0.5040458906760799,0.2037481731195387,0.5301446456788623,0.46985535432113773,1,-0.007918363605858758,0.1706591308116913,1.0646464824676514,0.020316745105724364,0.9824102729558944,13.76974242925644,0.10198836121708155,0.07976644307687257,3.0668993794772105e-06,14300.237595319748
555,568320,816417.5775601864,1.0,1.0,1.0,1.0,1.0,1.0,0.043749999999999734,0.5034186605294584,0.20409176675822557,0.5300619215660164,0.4699380784339836,1,0.0023822908289730547,0.30534576028585436,1.064663565158844,0.0345286252149549,0.9657286107540131,41.902108550071716,0.16844547241926194,1.0,2.935985735632038e-06,14321.41745352745
556,569344,508191.4213536531,1.0,1.0,1.0,1.0,1.0,1.0,0.043749999999999956,0.504354027633884,0.20437039893190415,0.5075828122921379,0.4924171877078622,2,-0.00039568315260112285,0.2039614163339138,1.0646637201309204,-0.011750852620968111,1.0213482797145843,20.1406587600708,0.19696153216063977,0.12157665459056936,2.8093277567572083e-06,14342.601109981537
557,570368,530793.9211968593,1.0,1.0,1.0,1.0,1.0,1.0,0.02499999999999991,0.5072176841587255,0.204733472176176,0.5192915162454874,0.48070848375451264,1,-0.0019115530303679407,0.19830235317349434,1.064623886346817,0.026306811506547588,0.9787787586450577,23.351287508010863,0.22616402357816695,0.49854026923045347,2.6869290955991443e-06,14364.23201918602
558,571392,794071.5274208337,1.0,1.0,1.0,1.0,1.0,1.0,0.04062500000000013,0.5062695700542738,0.20449970107887536,0.5319838639965423,0.4680161360034577,2,-0.003421539545524865,0.3185590639710426,1.0646099030971528,0.005512279750985805,0.9970178812742233,22.817072296142577,0.22623013369739056,0.11405002269625467,2.5687932820678646e-06,14385.889221191406
559,572416,442470.29639692605,1.0,1.0,1.0,1.0,1.0,1.0,0.04375000000000018,0.5050505645413629,0.20434437675112072,0.5153973815231422,0.4846026184768578,1,-0.004860661238490138,0.1715664766728878,1.064591747522354,0.021685594615414416,0.9672706931829452,9.747735965251923,0.12176423873752355,0.06734539790191142,2.4549237231352375e-06,14408.083432912827
560,573440,706586.8521110862,1.0,1.0,1.0,1.0,1.0,1.0,0.025000000000000355,0.5047965164730679,0.20618907171166018,0.5141015310233682,0.48589846897663175,1,-0.003132170846220106,0.2662776581943035,1.0645752131938935,0.03082764627179131,0.9597550570964813,33.285546493530276,0.19328265003859996,0.9172612612637614,2.34532370273669e-06,14428.300724983215
561,574464,618136.2676948607,1.0,1.0,1.0,1.0,1.0,1.0,0.02187500000000031,0.5041918211438946,0.20560653743491716,0.5250237998096016,0.4749762001903985,2,-0.0026666550314985217,0.24427091106772422,1.0645710110664368,0.0013264482639780083,1.0038731008768083,17.08725563287735,0.19862455297261478,0.13767599448144976,2.239996381676482e-06,14448.360075473785
562,575488,442616.212239027,1.0,1.0,1.0,1.0,1.0,1.0,0.03125,0.5030875906653702,0.20694990261607563,0.5165083135391924,0.4834916864608076,1,-0.005611607874743641,0.17746468707919122,1.0645573556423187,0.017965292878540894,0.9822563081979752,14.737436211109161,0.20151717960834503,0.06585000136489454,2.1389447975366027e-06,14468.61301112175
563,576512,882286.1935995091,1.0,1.0,1.0,1.0,1.0,1.0,0.03125,0.5033444060200518,0.2056118589127021,0.5186306160882432,0.4813693839117568,2,0.0003183835477102548,0.32708409428596497,1.0645506501197814,0.03463130358496116,0.9644369781017303,38.813256525993346,0.1747487008571625,1.0,2.0421718645891336e-06,14488.017967700958
564,577536,442579.1256051101,1.0,1.0,1.0,1.0,1.0,1.0,0.04999999999999982,0.4992161569771375,0.20341904937201344,0.5134818288393904,0.48651817116060964,1,-0.0018989466945640743,0.16611736491322518,1.0645390331745148,-0.005422807624091419,1.0151300013065339,17.264880776405334,0.14095946811139584,0.12157665459056936,1.9496803737122124e-06,14506.560851812363
565,578560,816527.8383939862,1.0,1.0,1.0,1.0,1.0,1.0,0.03750000000000009,0.5007798319717327,0.2038853343320325,0.531072016200481,0.46892798379951905,1,0.005031456606229767,0.29832112342119216,1.0645006239414214,0.030757869330946618,0.9729706794023514,43.38471970558167,0.12286057714372874,1.0,1.8614729923095352e-06,14524.407450914383
566,579584,507948.847066693,1.0,1.0,1.0,1.0,1.0,1.0,0.03750000000000031,0.503315048800505,0.20536710474065267,0.5400316336521804,0.4599683663478195,2,-0.001318474853906082,0.20163265019655227,1.064484167098999,-0.01228768882296194,1.0186005651950836,26.006340909004212,0.14629271477460862,0.12157665459056936,1.7775522642334245e-06,14541.751598596573
567,580608,442314.55473054945,1.0,1.0,1.0,1.0,1.0,1.0,0.03750000000000009,0.5031385122290248,0.20609899156495612,0.5174430063727744,0.48255699362722554,1,-0.006600137532223016,0.1717144578695297,1.0644480168819428,0.022153880505608826,0.9788086384534835,14.019571995735168,0.08382186722010374,0.07976644307687257,1.6979206097115335e-06,14559.267804384232
568,581632,486550.60771656036,1.0,1.0,1.0,1.0,1.0,1.0,0.043749999999999734,0.5029225900873765,0.20747168705458302,0.5088400172488141,0.49115998275118583,1,-0.0051428920589387415,0.19229477494955063,1.064413207769394,0.01806149722730015,0.97690349817276,27.72980135679245,0.19349507801234722,0.10429814604138517,1.622580325276936e-06,14576.865047216415
569,582656,772046.4624029696,1.0,1.0,1.0,1.0,1.0,1.0,0.025000000000000355,0.5033576939738952,0.2078429454277907,0.5426500077124788,0.4573499922875212,1,-0.005111240921542049,0.28679097443819046,1.064393126964569,0.026503605068089707,0.9729441493749619,30.854971766471863,0.2572826325893402,0.7794606238647155,1.551533583701984e-06,14594.254761219025
570,583680,508324.2941258997,1.0,1.0,1.0,1.0,1.0,1.0,0.04062500000000013,0.5053975403876277,0.20858401714762848,0.520715572395801,0.47928442760419904,2,-0.004086276434827596,0.20356942862272262,1.0643842458724975,0.004983497510132296,0.9973586231470108,27.709521436691283,0.1852581985294819,0.14443562724363698,1.4847824339356176e-06,14611.835994958878
571,584704,530685.9907801077,1.0,1.0,1.0,1.0,1.0,1.0,0.025000000000000355,0.50635181269265,0.20559065678886118,0.5157501334757074,0.4842498665242926,1,-0.005578848865116015,0.17263128086924553,1.0643682062625885,0.020741823391600932,0.979129895567894,28.328157138824462,0.1373118009418249,0.17270778190046776,1.4223288010442444e-06,14629.459777832031
572,585728,793997.3152893856,1.0,1.0,1.0,1.0,1.0,1.0,0.034375000000000044,0.5068370863425077,0.20577181613651874,0.5444691907943578,0.45553080920564215,2,-0.005880123656243086,0.29786973595619204,1.0643494069576263,0.018996135780616895,0.9834409356117249,23.720326352119447,0.14076724424958229,0.12390839503330481,1.3641744861562841e-06,14646.857080936432
573,586752,442513.0953498543,1.0,1.0,1.0,1.0,1.0,1.0,0.03125,0.5062625423689852,0.2067213869705271,0.5156562291805463,0.4843437708194537,1,-0.005045774334575981,0.17628515511751175,1.0643296480178832,0.012918537069566938,0.9835699260234833,20.662201035022736,0.10067355483770371,0.04800465099500813,1.3103211664101697e-06,14664.405208587646
574,587776,750541.4318011105,1.0,1.0,1.0,1.0,1.0,1.0,0.04375000000000018,0.507507257531493,0.20658376355132516,0.5342216076927911,0.46577839230720885,1,-0.005963638867251575,0.26176332458853724,1.0643004715442657,0.030056070710762127,0.9675785034894944,42.767111992836,0.1207250764593482,0.8072042258142529,1.2607703949060127e-06,14681.748947620392
575,588800,574084.2583220676,1.0,1.0,1.0,1.0,1.0,1.0,0.03750000000000009,0.508328201244506,0.20481223606057852,0.5137356846764561,0.48626431532354386,2,-0.003125847812043503,0.22023400962352752,1.0642841279506683,0.002098965805661024,0.9994306057691574,28.314506196975707,0.21393890548497438,0.09813718934586738,1.2155236006608076e-06,14698.847877979279
576,589824,442510.59159428626,1.0,1.0,1.0,1.0,1.0,1.0,0.03750000000000009,0.5072167281200113,0.20473801503158218,0.5105308535533932,0.4894691464466067,1,-0.006527067837305367,0.17424902990460395,1.064264053106308,0.014991659597801998,0.9856917530298233,18.33851500749588,0.35407455191016196,0.046938713438841394,1.1745820885671845e-06,14715.3767182827
577,590848,816411.4092872143,1.0,1.0,1.0,1.0,1.0,1.0,0.03750000000000009,0.507967270149923,0.2044204278446958,0.5135853318275427,0.4864146681724573,1,-0.0070327471010386946,0.3156635209918022,1.064247739315033,0.031424162349860826,0.9711542904376984,49.73982939720154,0.2202477425336838,0.6393170852404737,1.1379470393558157e-06,14731.43288064003
578,591872,508316.4858989343,1.0,1.0,1.0,1.0,1.0,1.0,0.04062500000000013,0.510062361801263,0.20633558039262195,0.5249467218252476,0.4750532781747524,2,-0.0027526594582013785,0.2117791511118412,1.0642296612262725,0.00570119824690174,0.995037180185318,16.791134858131407,0.1331314817070961,0.1462552427195693,1.1056195095613903e-06,14747.66513133049
579,592896,530628.2643578947,1.0,1.0,1.0,1.0,1.0,1.0,0.03750000000000009,0.508209926833816,0.20738980260022816,0.49993996157540826,0.5000600384245918,1,-0.006276480585802347,0.20095086693763733,1.0642168164253234,0.02455079149064261,0.9790708810091019,32.62782416343689,0.06777529669925571,0.4372089325094849,1.0776004314920739e-06,14764.094144582748
580,593920,727987.1832807958,1.0,1.0,1.0,1.0,1.0,1.0,0.04375000000000018,0.5100422560645347,0.20826645786397155,0.5313163064833006,0.4686836935166994,1,-0.004258851902341121,0.28894691467285155,1.0642053306102752,0.007966138236067266,0.991512992978096,28.9701758146286,0.13791916761547326,0.12348071615400666,1.0538906132026367e-06,14779.901843309402
581,594944,508387.4685363248,1.0,1.0,1.0,1.0,1.0,1.0,0.04062500000000013,0.5095517408326683,0.20794778582490225,0.5148714810281517,0.4851285189718482,2,-0.005841267248615623,0.1962990015745163,1.064187341928482,0.013134199244534805,0.9850970894098282,22.899678385257722,0.45618793815374375,0.04783895943445547,1.0344907384712003e-06,14796.488939762115
582,595968,552677.00458318,1.0,1.0,1.0,1.0,1.0,1.0,0.03125,0.5087788070164323,0.20764183407490389,0.5105024465926722,0.48949755340732787,1,-0.008444191119633616,0.22037075459957123,1.0641587674617767,0.026304969951428347,0.9728904128074646,34.84195489883423,0.4029552087187767,0.3217672405789566,1.019401366779486e-06,14813.064764738083
583,596992,772038.5640872419,1.0,1.0,1.0,1.0,1.0,1.0,0.03750000000000009,0.5095614386138244,0.20663112668748038,0.5328304597701149,0.46716954022988505,2,-0.003537648101337254,0.2869434803724289,1.064142292737961,0.012439839648399875,0.98952057659626,20.85242602825165,0.5581536218523979,0.12465922168928004,1.0086229332966646e-06,14829.341737508774
584,598016,442650.466940552,1.0,1.0,1.0,1.0,1.0,1.0,0.03125,0.5104869485299737,0.2070968052091415,0.5075656559800568,0.4924343440199432,1,-0.004454222996719182,0.1749095119535923,1.0641285300254821,0.013312777439679202,0.9841140538454056,16.344906902313234,0.20438615828752518,0.05366170736135587,1.0021557488668096e-06,14845.748743772507
585,599040,816361.373277545,1.0,1.0,1.0,1.0,1.0,1.0,0.04999999999999982,0.5071692206616921,0.20443915835158968,0.5172180501995806,0.48278194980041944,1,-0.008585957693867385,0.2945836469531059,1.0641134619712829,0.02867573026779411,0.9726675927639008,53.365528440475465,0.1758253611624241,0.5413970027737343,1e-06,14862.01223063469
