episode,step,time,case,defender_id,target_id,defender_pos_x,defender_pos_y,defender_pos_z,defender_vx,defender_vy,defender_vz,defender_speed,defender_pitch,defender_yaw,load_y,load_z,load_norm,dist_to_target,tgo
1,535,26.75,case1,4,24,872.4529967804604,155.68801559142196,50.16975151492319,35.325770669250645,4.170301796075402,1.9512326443591563,35.62455332041725,0.05479955237748862,0.11750880648362542,0.013024596924745854,-0.14582235087129297,0.4196858565519583,2.240676579495416,0.1766413575512493
1,535,26.75,case1,12,24,873.5029571854263,154.60650056754048,50.101442526909665,35.22720187390797,5.01677641181024,1.68597952082442,35.62255359145103,0.04734667865870589,0.14146079129834235,0.011730220421022716,0.17500506958996204,0.2255006354398873,1.5791388034203084,0.1538705085205295
1,566,28.3,case1,17,21,-775.0245217223531,352.09210293614404,48.361740196610214,-36.616745502064326,9.25808435942059,2.6590376683407557,37.86249672817088,0.07028665645546273,2.89394524253001,0.012854156543481637,0.3118639877255693,0.3335039726845548,2.957556840234212,0.18606552585706276
1,567,28.35,case1,1,21,-774.3608371033887,351.71321591508706,49.00788344295932,-36.45251401969575,10.87414013658713,4.285347819769887,38.28050297478674,0.11218110871927942,2.851687272893615,0.019157398487765383,-0.41084328888982063,0.41312722233555227,1.6869096458621369,0.14648614773695495
1,567,28.35,case1,9,21,-776.9369397620842,350.0090673273779,49.27215544100966,-36.41903212018343,9.787892543717401,0.3573499209359554,37.71308048919239,0.009475631901589293,2.8790391413561593,0.014119433757198192,-0.31100280186435353,0.5647552233787122,2.2857993038267215,0.11474064868194196
1,570,28.5,case1,7,27,-661.7867676740532,-614.0685967591942,52.952419634613044,-28.18736422258856,-22.250210496567036,1.2655594673929165,35.93328554034428,0.035226983382152105,-2.4733681870824,0.015625959311238724,-0.8354766282665094,0.8519309350845523,1.498496300769859,0.10681719380027539
1,570,28.5,case1,15,27,-663.3171367796024,-612.949191367279,53.678628605583654,-28.362219345830958,-22.281174134387435,1.881628445089093,36.116571440729146,0.05212235332882936,-2.4756981244217466,0.016292037332065492,0.23694468372620026,0.647910882215331,1.4012155821161303,0.0911231975949023
1,584,29.2,case1,14,26,-519.59259572224,-623.2876063136799,47.475474092917764,-25.469314746215755,-22.46244556112665,2.726818498912351,34.068797944077694,0.0801242926604408,-2.418844685007423,0.014942300019753284,-0.6181774935334434,1.023066247780979,1.7873870456449084,0.15706018700630586
1,585,29.25,case1,6,26,-519.490994885287,-620.9952257495747,49.26877357908723,-27.134033174855016,-21.771421021284645,4.206159094653168,35.04200770432113,0.12032202413628935,-2.465410796638643,0.02827157867757806,-0.44023100395323356,0.45195030645537804,1.7407992506325014,0.14228553848498407
1,603,30.15,case1,11,23,376.06882923758695,945.31941866363,53.25878933020722,19.320669214379915,33.58770243053641,1.1775465959866764,38.76607575496221,0.030380370774833465,1.0487888742476752,0.007666840701766728,-0.17377741108494324,0.28038520333888584,1.949472129896322,0.14482058543178217
1,603,30.15,case1,19,23,376.4774411188548,945.6952979837671,53.89511943409245,17.7481123708015,34.70298473604319,0.9775719524080311,38.990361491511955,0.02507477137852013,1.0980473872976342,0.01211625906935886,0.3053484968406058,0.37001256402042004,1.3136682832946696,0.12947358467189513
1,604,30.2,case1,3,23,375.6521843369099,944.5480039314306,53.17635950177075,20.371104326747798,33.98016025814108,1.9495750027391832,39.666535333344896,0.049168921640183105,1.030744592524767,0.01736107961047992,0.3699813516825026,0.5307120278506062,1.2163686501613866,0.1145114464902944
1,626,31.3,case1,0,20,-807.6726037991394,-567.2228751735092,54.798789048564316,-34.064757422202135,-14.466597176719207,3.5954997858073323,37.18356829053226,0.0968472555898862,-2.739993677271004,0.004087719701823641,0.03967705425362242,0.36128483969932806,1.4280890866956557,0.12931924734303524
1,626,31.3,case1,8,20,-806.8845173896264,-566.8422698787573,53.239042012503916,-35.39384757390112,-14.03495767918935,1.1055873981605786,38.09103315264832,0.02902894980683838,-2.7640754856927856,0.015533475421823996,0.49473936066589874,0.5793786102523002,2.1945302842422056,0.15198485011481602
1,627,31.35,case1,16,20,-806.9641517674648,-566.6010771317755,55.29471297478162,-36.35261627973641,-12.135319469392202,5.235377680084953,38.680587747074085,0.1357656642555873,-2.819401957840795,0.020736034047508185,0.01619192677903239,0.37884038363553035,1.4943661345095731,0.10220686643508099
1,661,33.05,case1,10,22,734.8086761549384,-883.1925980045378,64.15717720779007,22.285567058116015,-28.714882234754775,2.9827168271122515,36.47036551130739,0.08187611866981602,-0.9108005457156434,0.006373121242188287,0.011727393686099763,0.16137842410405137,1.8002695839807739,0.13996092865169268
1,661,33.05,case1,18,22,734.1311873198924,-884.0887342237803,64.4577240390205,21.80331983395012,-29.510214935089646,2.0412957983312654,36.74784932255214,0.05557732185821662,-0.9344761225696268,0.010183348130263893,-0.27061882638843304,0.3093470334128501,1.6288731787957877,0.13216701394850272
1,662,33.1,case1,2,22,734.6216036889177,-883.7133549849985,64.22486666737481,23.906879017786416,-28.071968505131757,2.3455592989339875,36.94693395329308,0.06352726623031112,-0.8653577881673585,0.01080973842607043,0.6745838148075878,0.8299449892665124,0.08545534193059982,0.08947294733283567
1,662,33.1,case1,13,25,815.3629171171921,-210.2515588799945,44.12312542205669,30.435368510589495,-14.16901567505628,3.4086918579780243,33.744508319992136,0.10118729957833049,-0.4357052024084132,0.011006898681426323,0.25220423478438725,0.30552212878480994,1.9049357049929392,0.15787740202078968
1,663,33.15,case1,5,25,815.7073563912584,-209.0521368085166,43.789385078689946,31.048815398627845,-14.171502035686997,2.017208123922995,34.189611524859,0.05903490014545136,-0.4281853337662269,0.019083618366835305,-0.11220739048207828,0.11866641416865802,0.8861126522778346,0.08936048531801499
2,535,26.75,case1,4,24,872.2313442725837,154.7972120949487,50.762883931819104,35.31646853036714,4.042743415768714,2.6100311411331822,35.64279711722747,0.07329305244706959,0.11397579305769735,0.012538439702650662,-0.5833626467290409,0.7233391049386465,2.606732256443102,0.18598877751821624
2,535,26.75,case1,12,24,873.202005497357,155.1851586594449,50.3584245502551,35.25143363704908,4.140212527014913,2.766302173494995,35.60136740282893,0.0777805352242115,0.11691245887555748,0.011314432654277182,0.27917573060280043,0.4104603296308309,1.5400781547510551,0.15746306834067847
2,567,28.35,case1,1,21,-774.072643590274,352.03705333805806,48.08411192356675,-36.145292592905484,12.551169600916737,1.5738898465864668,38.29479291270437,0.041110896660918994,2.8073768136566137,0.022367791760975485,-0.5072153086131245,0.6830240063147003,1.847778399820121,0.15186357205833417
2,567,28.35,case1,9,21,-776.2888550934042,351.7655905504565,48.37844123972798,-36.25621490536375,10.283478792602422,0.6863652909576822,37.69262729837834,0.018210543479680565,2.8652177530090066,0.012681418788103945,0.04971283030432247,0.412229429682929,0.40553547443665694,0.09919046692773371
2,567,28.35,case1,17,21,-776.3905152955225,353.3520711936753,47.99145946508274,-35.77491715474203,12.440697772727908,0.7751688701233227,37.884251942967296,0.020462934622427348,2.806924432910798,0.013950265174985203,0.32148941781930984,0.3615234301635942,1.663516613799171,0.08838046772539211
2,570,28.5,case1,7,27,-662.630542830695,-613.064447131827,53.603729170950864,-27.541713634164264,-22.868019462901554,3.0031710221920696,35.92368773178065,0.0836963106537748,-2.4486443204538033,0.011850320525761123,0.05326168432511566,0.19280989684250893,1.0936637504555975,0.10168507120873818
2,570,28.5,case1,15,27,-662.6211852612838,-613.743867630289,54.01479043517175,-27.83564247012612,-22.864310703721664,2.6737167802170356,36.12130198514201,0.07408825919788434,-2.4539360129213756,0.0167553372974149,-0.4507809208490699,0.45506582458674305,1.7409498500756537,0.09474108768672977
2,584,29.2,case1,14,26,-519.8935214312454,-623.1699276845231,48.158175847088074,-24.02299523641374,-23.933112950952033,3.0200059083508197,34.04436269543401,0.088824714271003,-2.3580687494600676,0.014103636682983147,-0.266466307153159,0.27931532609626386,1.4115720099306739,0.14994589961735785
2,585,29.25,case1,6,26,-519.791120760444,-620.774071281708,48.57327047561788,-26.313492238239167,-22.858851390966624,3.964194604403704,35.080504550929035,0.1132446750791615,-2.4263350097788474,0.030552169850353226,0.6010254086592925,0.6950687725344601,1.4979107082241274,0.140560300976181
2,603,30.15,case1,11,23,375.59842167499784,945.3414650869645,55.56757198907193,18.578437801752703,33.94838872990168,2.345107506330695,38.77049106893486,0.060523862241108534,1.070062764564222,0.009531685236804638,-0.39355087296453456,0.5839874050358655,2.027522569478316,0.14675418904832777
2,603,30.15,case1,19,23,375.8600397468731,946.0600851077139,53.88392548233789,16.542111233267217,35.19147274620445,2.446401102340198,38.962367439032334,0.06283015086217648,1.1313861207587652,0.011117928291502958,0.5700638692244603,0.6939287158276928,1.0492780066967478,0.12642554757368135
2,604,30.2,case1,3,23,375.3417051133642,944.510345328244,54.77626130960089,18.407625391380602,35.12891898972724,1.5207081926793453,39.68871596995173,0.03832526437898658,1.0881319727812033,0.019008812003466023,0.3657996554091432,0.3924272500594896,0.6964339879219307,0.11389630359227713
2,626,31.3,case1,0,20,-807.5267907120456,-567.4083077321392,55.149631898440454,-34.480294478566776,-13.609470894240873,3.0442612802160487,37.193762005101,0.08194036925555104,-2.765661099742048,0.0037877771646743497,0.20402666607086367,0.240881045419004,1.547616455817452,0.13041152344634346
2,626,31.3,case1,8,20,-806.8408387411109,-566.3602464610118,54.910150828117345,-35.26918249151674,-14.210311186784104,2.0742464987341225,38.080843953130326,0.05449652230763401,-2.7585800570073586,0.02027932356650504,0.7332169346355011,0.8146025460014976,2.5411433383434403,0.15885778201713205
2,627,31.35,case1,16,20,-807.0897292918758,-566.1934831864331,54.186352537856244,-36.330293458180336,-12.269243120768511,5.22803863390657,38.700864815552194,0.13550269870286408,-2.815904832569307,0.023394433194982505,-0.008189308024665942,0.6419672330761933,1.2252694838002955,0.10423240006711301
2,661,33.05,case1,10,22,734.7644507540633,-883.2286084896086,64.68226727642391,22.836432193873677,-28.13818260386233,4.032255667477596,36.46257041627203,0.11081280863776201,-0.8890332015305628,0.00547721058992033,0.1968117554381799,0.5461562184542308,1.8376393248920697,0.13941832298244786
2,661,33.05,case1,18,22,735.0373652159326,-883.4218454580835,64.15906545340894,21.631639099883962,-29.700563576268884,-0.21317284025862335,36.74366244069095,-0.005801654543241541,-0.9413126666254855,0.013562721158040403,-0.6131555493649323,0.6140100486104925,1.5000956696152927,0.1307321077939617
2,662,33.1,case1,2,22,734.5582091368575,-883.8064955276641,63.561517488620474,21.781291113913568,-29.84861293125049,0.7084131844565718,36.95762689552152,0.019169428132595666,-0.94039772833303,0.011757285630108014,0.07945767296693593,0.24352435202627856,0.619521459656901,0.0906486824506831
2,662,33.1,case1,5,25,814.5833409893528,-209.4203041246404,43.798994480242825,30.86880484781893,-14.192394919649285,2.943970914323083,34.1024068216951,0.0864349505344414,-0.43094473449391435,0.01989686884173894,-0.011174598369478095,0.03994012844076395,2.4331038808245293,0.1829423197918441
2,662,33.1,case1,13,25,815.9711115186419,-209.59982106254725,44.56992127350977,31.104099371768434,-13.143097363797024,1.9065790848171156,33.820719239095965,0.05640300983869064,-0.3997952880856165,0.01295594817234828,0.02899128828435596,0.08288098932997884,1.3997236393980033,0.14471527580727553
3,535,26.75,case1,4,24,872.0875807699794,154.589165422232,50.91040773081495,35.346952521468154,3.376190960724399,2.7011749549580015,35.610420723371035,0.07592642674599252,0.0952268659757431,0.012680005155998587,0.1915248921626855,0.22002934133631322,2.8339392092456768,0.19133730753104378
3,535,26.75,case1,12,24,872.95085393903,154.3587343880834,50.62067824684077,35.23690432182566,4.638759106486442,2.673173097261096,35.64131544487981,0.07507258553217774,0.1308922358084812,0.012455888801222356,0.07958778814803946,0.1907945208624986,2.148441004306662,0.16984438489678244
3,567,28.35,case1,1,21,-774.8890355233395,349.2467144035816,48.993633001151295,-36.94997673851647,10.034911303282707,1.434893531392833,38.315259953288745,0.03745842115911181,2.8764078382573164,0.024340428220314292,-0.45215576455536893,0.6009887215677474,2.825024302042696,0.16459341314309764
3,567,28.35,case1,9,21,-776.2837166912533,351.9549721448174,49.67190858602912,-36.14775039846952,9.320689293645207,5.270924803285948,37.70036811571766,0.1402705008834044,2.889239721519082,0.012400342248488757,-0.28195951410647757,0.2875483613328058,1.432231428080408,0.1002651943898227
3,567,28.35,case1,17,21,-776.4498139826907,353.9254414460392,48.275263645461514,-35.26407579850951,13.305608084293379,3.5134733653026466,37.85417735870809,0.09294978570522087,2.7807953474803666,0.013451248185409242,-0.08126615685679281,0.2575913874759306,2.2014314607583767,0.08695651329790466
3,570,28.5,case1,7,27,-662.5713221743423,-612.9650862354905,52.83910610424816,-28.03019335777479,-22.09238197173618,4.1006368318047075,35.92464757357669,0.1143948345589623,-2.4741107295897278,0.011359869599091835,-0.15138097709775045,0.325352343854827,0.33556201199107993,0.10215563208803885
3,570,28.5,case1,15,27,-663.3187185824685,-613.0126010116762,51.06141806740883,-28.730143669114913,-21.71297718413237,2.848859008273463,36.12465267785501,0.07894387985284311,-2.4944178995258928,0.01648468782413051,-0.4491274371777152,0.8067266528068293,1.7057656011242501,0.09857631723559412
3,584,29.2,case1,14,26,-520.4901990620327,-622.5992893415915,48.60934519628049,-25.872778940905565,-22.110936295872293,1.1033665344222054,34.05160219012274,0.032408451668900794,-2.434432779809178,0.014557022051447717,-0.061384128452000114,0.34014312865604235,1.41396079599403,0.14939834207218755
3,585,29.25,case1,6,26,-520.0958207030869,-620.7140886381525,47.86292347049391,-26.106153371102174,-22.99809534337534,4.4840870935539305,35.07920566833104,0.1281781969716939,-2.4194052608575993,0.031035919992372984,0.41377165925932125,0.9650002346975861,1.48820069237916,0.13811612446966087
3,603,30.15,case1,11,23,376.0402507022455,945.1484088981508,55.160601571435855,20.505105583304367,32.77417375201862,2.8525906709616544,38.76523047327364,0.07365289377278852,1.0117309651738362,0.008919693813824374,-0.15710332636357396,0.44450727951744323,1.8955747957075977,0.14524248254445316
3,603,30.15,case1,19,23,374.6759865324904,946.6281205375008,53.76835689949535,17.265705659922254,34.91830260040217,1.3356238889802263,38.97661272610973,0.03427402553093776,1.1115904912942396,0.012171403353341066,-0.29517971082889705,0.48750269089340736,1.7154517340346105,0.1299356901795571
3,604,30.2,case1,3,23,375.3850524263041,944.5402879688753,54.44242727288077,20.760547193090353,33.773836367159745,1.3719784748610964,39.66805601044367,0.034593380483964195,1.0196430054842782,0.018628536515786373,-0.09184676671877168,0.3008834657113538,0.4899493315103966,0.11226977165754069
3,626,31.3,case1,0,20,-808.2429806877733,-566.2944505572023,53.352216514244795,-34.459072467942185,-13.679316958275,3.019163962799334,37.19767114793758,0.08125478526612019,-2.7636985906203004,0.00418568645213176,-0.04303917390135964,0.33002784943474966,2.2364745272733537,0.13785879762640857
3,626,31.3,case1,8,20,-806.6258903299004,-567.7186552864371,53.22354444262596,-35.150519091010516,-14.643121996585919,0.22600052375972335,38.07927376422944,0.005935035735257887,-2.7468725034780164,0.016841457806885753,-0.1950759912399743,0.5308809307511075,1.9047496766606988,0.1458946354173542
3,627,31.35,case1,16,20,-806.7326210391803,-567.6033066870883,54.48371963063097,-35.197569842211045,-16.015031314121643,0.6299722816644293,38.67488869880929,0.01628964334500943,-2.7145852870886884,0.01973752339986489,0.7391891175162323,0.7394680570955944,0.563725199962825,0.09243497334827125
3,661,33.05,case1,10,22,735.0405404408343,-883.1857642889888,64.89873556587723,22.790649279894055,-28.3602800743275,2.4108928591126144,36.462742421155774,0.06616762229155454,-0.8938570823327161,0.006295476016360455,0.40499004816288575,0.4714608285586321,1.8390677692743354,0.13692832268935498
3,661,33.05,case1,18,22,734.5234346988514,-883.9473468181416,64.48362521805643,20.90608404032951,-30.140205914676265,2.3192558035607522,36.754255671456015,0.06314364609632343,-0.9643598368439152,0.01404104320822591,-0.0324989851925265,0.1614995692099107,1.3844619328788257,0.1273886460006212
3,662,33.1,case1,2,22,734.618094510102,-883.9224326386768,63.423645241147305,24.007672529489387,-27.94252808787987,2.9708895612584363,36.959158553873344,0.08046985872095724,-0.8609966516012231,0.010971045463807009,0.592392576767008,0.6615466161004432,0.783585562138239,0.08913057453280235
3,662,33.1,case1,5,25,815.2023578181626,-210.56510585012524,44.671085612525665,30.865309077109437,-14.292514029591894,2.514372158537665,34.10667572577552,0.07378776132152533,-0.43366203112812823,0.019422747169624645,0.4314709854203753,0.7756988636754041,2.3706116634687255,0.16261539358087407
3,662,33.1,case1,13,25,816.617480401993,-211.15910372151873,43.72715488839463,30.429405960160263,-14.42036272616342,3.1344899502312518,33.81893900598393,0.09281767075079358,-0.44254688988771324,0.011749060832995503,0.342409004778273,0.3703171276686674,1.7819836439624632,0.12074720034305346
4,535,26.75,case1,4,24,872.485629950298,154.92175797339533,50.33366595704284,34.75173092231484,6.036659978653707,5.009593757477892,35.626115356712894,0.14108334006812084,0.17199195985984814,0.010157357849695339,0.08593166294043522,0.3235801598673148,2.3025092558809006,0.17860325558190662
4,535,26.75,case1,12,24,873.2859298413117,156.26461007864495,49.92808025708367,35.099312023573965,5.549459557622639,2.4542419057409144,35.61995942223668,0.06895538198867603,0.1568093213094658,0.012496736334842867,-0.23710605459721476,0.26156530327498473,1.6100389617132547,0.1532046408373818
4,567,28.35,case1,1,21,-774.3750567275137,351.0621223494966,48.666027920582685,-36.71834309560278,10.837678418057845,0.9381034751945414,38.29584874774039,0.024498668959757386,2.8545848185702476,0.023036549195984895,0.02779558456084885,0.5493935365166313,1.7232687016018198,0.1517437535053316
4,567,28.35,case1,9,21,-776.4734090012375,351.7221877526079,47.40970638599654,-36.187884658829944,10.343218121545284,2.2314092080169834,37.70310788574684,0.059218299336362475,2.863195339935022,0.01009336553234239,-0.31809886551027255,0.3424335232102365,1.069219501102787,0.09970153435722635
4,567,28.35,case1,17,21,-777.0779388684388,351.44343986562944,48.15126570469826,-36.21827414250468,10.85413978512661,2.0355315190734213,37.864483634427565,0.05378425992877815,2.85042319530853,0.016421139208504517,-0.4310038648271877,0.6509556831541254,1.2471490974787245,0.08536967147132707
4,570,28.5,case1,7,27,-661.5050610955351,-614.4122727309009,50.73571599731343,-27.30385689871212,-23.29392751581973,1.7162359015610933,35.93122773198016,0.047782646560096405,-2.4352802806777385,0.013075194726023247,-0.03058941796474246,0.38583091101503025,2.611578369572371,0.12411211581737462
4,570,28.5,case1,15,27,-661.9272199852012,-614.5318362986416,52.51522726986689,-26.45338113248324,-24.428553596199436,2.809093497372773,36.11684662895961,0.07785656064225494,-2.3959681291921857,0.013467729626091574,-0.38766226002746795,0.7392714468219946,1.8097047160994097,0.09757419395290948
4,584,29.2,case1,14,26,-521.3811043847147,-622.2212857239939,48.351130669612054,-25.992598019777656,-21.320161534339864,5.350455271697107,34.04103128993782,0.15783111418780432,-2.4546316768759207,0.01399092762446816,0.18094962316889462,0.48734254674747907,1.5478280494282275,0.14212999744007085
4,585,29.25,case1,6,26,-519.4115251059462,-621.8542270749181,49.32485341612499,-25.167007098682788,-24.172137245449054,3.6843343190049334,35.08909780390731,0.10519330065853477,-2.376355663778127,0.030520355346877682,-0.11977506726443488,0.13807516144475526,1.3980060508565875,0.12672834941437758
4,603,30.15,case1,11,23,375.8046905062064,945.3228220190996,55.66194444276437,18.92402243179713,33.672385975203426,3.2144537482287627,38.75926876453862,0.08302917333120967,1.058783575703842,0.007841386447324801,-0.13018544038643534,0.22963901823577798,2.042255826816725,0.14524847720725004
4,603,30.15,case1,19,23,375.6703456321903,946.0845625104158,55.092860707944176,17.54813904227384,34.686271103275075,2.8275182517679265,38.97524145352985,0.07261030958378174,1.102431728298683,0.00887680753927383,-0.09613888891533076,0.15547354276184397,1.1920635724127817,0.12673647120810402
4,604,30.2,case1,3,23,374.1459473129101,945.19909801149,55.277653517857225,17.743778082935574,35.39063398157225,2.489562550161314,39.66782771926448,0.0628015178011425,1.106053862158305,0.017570899760628502,-0.3450760801964255,0.5928185152327611,1.7159862013342086,0.1165396587864679
4,626,31.3,case1,0,20,-807.5614504626151,-568.1299410879554,53.779003334097645,-34.38659812616111,-14.164119139205559,0.5115933571916099,37.193038722895956,0.013755517391819298,-2.750862988994567,0.004665517660687255,-0.2440837094236348,0.33918257476446817,0.7415866238366849,0.11886740061444862
4,626,31.3,case1,8,20,-806.7360126843648,-567.6488844787675,52.65422959793876,-34.580994837404695,-15.898426282515814,1.9700161906316316,38.111495982138386,0.05171391183550108,-2.71066471359302,0.020762272559358034,-0.24108920556770677,0.2898125900795944,2.181813236892374,0.14841672256320065
4,627,31.35,case1,16,20,-807.0909446132835,-566.8921422359124,54.42836112420706,-36.32637188748249,-13.14108570125496,2.277155894952173,38.697272085837284,0.05887939999384442,-2.794488213645525,0.02363767491320254,0.01260986662937072,0.17901956837689134,0.7593840424816459,0.09317851947747438
4,661,33.05,case1,10,22,734.624776560515,-883.3850260231327,65.55332014631115,22.043325031346438,-28.792573830071493,3.8071248047329744,36.46113938807337,0.10460663097254135,-0.9173916479362489,0.007255161166357805,-0.2670003437926991,0.27278351241776105,2.1602902568346,0.1410965915529972
4,661,33.05,case1,18,22,735.5210142825617,-883.0748794521252,63.818191597855645,24.512989788992574,-27.363422492907656,-0.3887408787409848,36.73955196231199,-0.010581188721083285,-0.840289570793713,0.011545626757751353,0.1297711083935341,0.3230403728804659,1.7987113081965709,0.132137687351506
4,662,33.1,case1,2,22,734.0351117169087,-884.3242008571209,63.20438186015253,21.119803727731924,-30.286218688061314,1.5330191793495636,36.9547195865866,0.0414956257961793,-0.9618575628240504,0.012548867104200737,0.04942473007020565,0.1429420544432849,1.2970831551097688,0.09379881511597706
4,662,33.1,case1,5,25,814.714629045641,-209.76571265812478,43.58154073147312,31.02084096898113,-12.686434041482013,1.0813700345369774,33.532186690749626,0.03225431034719945,-0.3882107394169621,0.009922676579586166,0.5704787062830738,0.6236702288508938,2.323758026535858,0.1803578757083237
4,663,33.15,case1,13,25,814.7932958134119,-210.31491412961608,44.43557094064985,30.425231972168955,-15.873712042366531,2.687370307350042,34.42225201425803,0.0781502546311679,-0.4808789605460218,0.025724523334054186,-0.5571056934509718,0.5628119218205875,1.6988984790387331,0.1103554067581585
5,535,26.75,case1,4,24,872.3594843044426,154.2810573053015,49.478260700654076,34.904631713747136,6.4752552963949395,3.3601575099317422,35.65884048475727,0.0943707128593618,0.18342753248766014,0.012703243804457115,0.6684999498619063,0.7791252738552069,2.832003928891228,0.18968432890327352
5,535,26.75,case1,12,24,873.2572171646716,155.51142808503513,49.1506891545504,35.45567844377542,3.1125028988442454,-0.054764588078524926,35.59207506403388,-0.0015386742579455099,0.08756127285701783,0.012822076393701143,-0.3813082078452228,0.5178410847377477,1.8985382284832184,0.15917940903174543
5,567,28.35,case1,1,21,-774.0256841889644,352.23565449744126,47.62361069604171,-36.98316715626056,9.826682096239148,-1.532694105231638,38.29709499620916,-0.04003184971338293,2.881886538658374,0.023203740453044505,0.5000853424388662,0.7767690578963949,2.0338776831207603,0.15320378113457417
5,567,28.35,case1,9,21,-776.6479336835271,350.9048639538293,46.978132749388436,-36.10224441071635,10.403546867708192,3.2136068962066444,37.708528321893546,0.08532578152356213,2.861025036745449,0.014580318949738979,-0.4811390762395723,0.8518533166627406,1.7673805149113582,0.11084225834942918
5,567,28.35,case1,17,21,-776.8563267692847,351.93090052382064,48.9261337505985,-36.01061552634082,11.408785285208511,2.586585621036753,37.86311182991809,0.06836737890605792,2.8347794528964743,0.014456629597295347,0.3173050710693357,0.40179161269819547,1.1561322311587563,0.08412746618883118
5,570,28.5,case1,7,27,-662.2239664856966,-613.3577520841178,53.11278270442381,-29.032673998437975,-21.15176771965853,0.9049145414660243,35.932051256410645,0.02518671192091225,-2.5119611749518844,0.012669102821710397,-0.5595127218574734,0.8091759608270875,0.8316602970439788,0.10481678709351963
5,570,28.5,case1,15,27,-662.6441839475555,-613.5413586787598,53.564052373583,-26.897328908311863,-23.845929377915358,3.494179057889102,36.11514831185145,0.09690264833999433,-2.4162562506910588,0.016922952489446332,0.15006041906545425,0.2987397542312225,1.257611239812247,0.09281958257017026
5,584,29.2,case1,14,26,-519.2627072698974,-623.5972029321352,48.341330207692835,-25.165514609318265,-22.71724274880442,3.090211916713385,34.04299712642991,0.0908989167014477,-2.407280555467147,0.014141933726811494,-0.33216683739933206,0.34769259437328587,1.93556800423144,0.15746212687746433
5,585,29.25,case1,6,26,-518.9535044038364,-621.5736307881831,47.695051376160684,-25.160380386934865,-24.360556443370847,2.1622630864744763,35.087844520589236,0.061663348404766685,-2.3723443140386142,0.02820478121757861,-0.17295058976157987,0.21229643051649355,1.1094050457145699,0.13956018602854656
5,603,30.15,case1,11,23,375.6822769814599,945.5274642834601,54.00218395694345,18.570332130097828,33.88471504283738,3.1099555588969117,38.76471298145708,0.08031276674276475,1.0694556895892224,0.007055519886081583,-0.1283079071841315,0.1830799975502003,1.5211715977697802,0.1405521730241196
5,603,30.15,case1,19,23,376.54844176714886,945.6721282901016,54.53610669818729,19.04985895707293,33.8857070873456,2.863925179760028,38.978716481292956,0.07354034474383231,1.0586501618778,0.010074413622358346,-0.03376175083265487,0.3332837291326687,1.250437591224379,0.1279052341466901
5,604,30.2,case1,3,23,376.1718568756246,944.0095923977852,55.170551766770025,20.166256831769402,34.12876615163074,2.0001313514327035,39.69195282498162,0.050412707436711356,1.0371042356154063,0.018646347023212616,0.658229069127319,0.7828539507937612,1.444785000982166,0.11963587673382399
5,626,31.3,case1,0,20,-807.5276519954497,-567.5033846720004,55.00114180866288,-34.82273292491609,-12.943418851481093,1.5557747326207323,37.18299685264183,0.04185324379609849,-2.7857230867163554,0.004266156551801297,-0.4524926050843681,0.6093366026968213,1.3916784336603054,0.12858437128476546
5,626,31.3,case1,8,20,-806.6832986989194,-566.9319380518211,54.706008549969056,-35.095820504731506,-14.648162681787271,2.1634294084036227,38.09154386025307,0.056826108578046035,-2.746197053170851,0.019386791039608945,0.2035801005773369,0.20793152654344968,2.15168731973895,0.15285685747612598
5,627,31.35,case1,16,20,-806.5497620106413,-567.6931412618811,53.9445636248579,-35.26487658618964,-15.66934652728224,3.030522238091504,38.70819042872974,0.07837170211419252,-2.7234614342572745,0.021535708110712273,0.21635779712076222,0.3340237528464294,0.4022665930192408,0.09557983229877581
5,661,33.05,case1,10,22,734.9889471147296,-883.0835657064354,64.1720374483108,23.398666756015178,-27.86954230632757,2.4287419095471496,36.470642736129875,0.06664375758280391,-0.872383717725343,0.00537925413389971,0.4747701653423302,0.7777166213075724,1.833966499671764,0.1395554281694959
5,661,33.05,case1,18,22,733.3680891293388,-884.5836481079212,64.77950864840052,21.611088020302923,-29.690912195747426,1.566877459742411,36.75655720290888,0.04264143651954415,-0.9416103005664048,0.012619576762051617,0.2471453728800605,0.7232156168136893,2.278587867416557,0.14011800599042826
5,662,33.1,case1,2,22,735.5370366873158,-883.0860064918782,63.3817634488288,22.041922289581027,-29.645295398279117,0.07803611008237771,36.94179160660233,0.0021124088660833228,-0.9314541985581459,0.01355265220135411,-0.15929932684766218,0.2179342068235751,1.3440034447207774,0.09532246692765552
5,662,33.1,case1,5,25,815.6364798728265,-209.85619241972603,43.484806084674574,30.448171963444157,-14.766071848835322,1.8357777034148546,33.88949886818613,0.05419604156225271,-0.45154141988475016,0.014967870524993737,0.13984859869829125,0.23298208060665715,1.4515840803315474,0.15106622405063405
5,662,33.1,case1,13,25,816.5046827447688,-209.07850185474115,43.90676356214158,31.369189143362842,-13.07880363827198,1.6029884750532237,34.02426640166843,0.04713054088408697,-0.39501677035656135,0.016543762376561588,0.2706312607771111,0.29071456660300676,0.6644254463464827,0.13188617689876939
6,535,26.75,case1,4,24,872.7100582080668,154.19789673741542,49.526989368973844,35.36567976247873,3.5856447020844726,2.8012161477767274,35.65718672159021,0.07864068304175197,0.10104241689171696,0.014228518874251526,-0.03372928198244718,0.41543336470621534,2.5800972058098566,0.1801975665760986
6,535,26.75,case1,12,24,873.6003615053904,153.89378779157911,51.183990971406885,35.549715052948876,0.7681924934403102,1.9021409497661776,35.60885423943904,0.05344307652716,0.02160560098199958,0.012889557966476738,-0.17941761922490765,0.470611701507475,2.176610487214164,0.15676940688464128
6,567,28.35,case1,1,21,-774.5071641828313,350.8007826230228,48.915166325455964,-36.240012521673954,11.923650448557929,3.3560906374195394,38.29850247669034,0.08774235436138791,2.8237300673101053,0.02198330142093715,-0.5620022530540614,0.6073566038717747,1.8113745151478424,0.15149757974151523
6,567,28.35,case1,9,21,-776.2508995494597,352.15631324823886,48.929082567010255,-35.70946607258943,11.838857185436563,2.6117088675384768,37.71134484283685,0.06931073791821919,2.821463506248299,0.011385796167104247,-0.4089295761018751,0.42109345785001445,0.8062823580032712,0.09693175840331433
6,567,28.35,case1,17,21,-776.6989874113597,352.56549458400525,49.131126878306695,-36.23163241656721,10.233980953192022,3.962954917301664,37.85723927330289,0.10487369780211035,2.866304405093014,0.014893121084780345,0.21223619753168102,0.34639542101181753,1.388778494889892,0.0829462717832437
6,570,28.5,case1,7,27,-662.6980003596877,-612.9149893637673,51.87652804420779,-28.99020795708842,-21.103979116621115,2.1818748656237137,35.924513495373226,0.060772388519418546,-2.5123409732304207,0.012640568215914505,-0.6056845825908292,0.6139228598666724,0.7046754318456419,0.10354369765470364
6,570,28.5,case1,15,27,-663.5969313255457,-612.5190504550815,52.97653327056278,-27.448736623834385,-23.334467337335138,2.5762101165961733,36.11879520037511,0.07138664198590461,-2.4370342701441867,0.0164585014754149,0.45605311404618165,0.5667194285481391,1.2129231331832016,0.09291561863548593
6,584,29.2,case1,14,26,-520.6024583250462,-622.672002300722,47.305127391502886,-23.905820828245584,-24.197776367266783,0.9834319767699212,34.02921963615047,0.028903657816995346,-2.350125256886556,0.014169608349980345,0.2910561859678546,0.5596396769121919,1.4835667333765683,0.14902729095720113
6,585,29.25,case1,6,26,-519.780257257925,-620.9317931381688,47.38898593809288,-26.38601008761459,-23.060095613953504,2.2640922239582673,35.115746491666165,0.0645198820032268,-2.423356749209256,0.031166826484204012,-0.09990539412648332,0.38951069537450517,1.3931400812512387,0.1392659240009867
6,603,30.15,case1,11,23,375.9272302034363,945.1350335228676,54.718978893266524,18.28689991661313,34.10157692175576,2.225441411701726,38.75926787992218,0.05744860841932765,1.078572600277153,0.006856769405507478,0.06610124377176699,0.06647706600189651,1.7986623260745591,0.1466667438161602
6,603,30.15,case1,19,23,375.0206283701403,946.1831548263913,54.96074182819083,18.544745436425895,34.28070667911633,0.6774768111359598,38.98119301087483,0.01738045628510371,1.074914357571307,0.013917244476836059,-0.5442310475819733,0.8750768475965175,1.510362196368908,0.13291772322939394
6,604,30.2,case1,3,23,375.94935124243995,943.955057604818,55.26870662664511,19.302152949149736,34.49115151466149,3.3555386098370894,39.66701754155224,0.08469387803119478,1.0605925920098596,0.018394449317125496,0.19020400840370172,0.2649563242762446,1.4649453311165082,0.12267729516509003
6,626,31.3,case1,0,20,-807.1530558922317,-568.4646773410175,53.5508107844017,-35.07059286915491,-11.848271765756746,3.4138285417253096,37.17502190102308,0.09196080567491445,-2.8157910174414846,0.006212218312630406,-0.3716294503319846,0.5553494020908462,1.165247241796659,0.12627172654531704
6,626,31.3,case1,8,20,-806.350043720652,-567.2908987106281,56.0017338712513,-35.196829878665696,-14.522579366891641,1.9220878750393604,38.12370085359991,0.05043852127237302,-2.750262699908526,0.021589097660280162,-0.39887522251989277,0.8851755576837366,2.82346320466249,0.16097231311209756
6,627,31.35,case1,16,20,-806.8427682173361,-566.8942490399943,53.804440742202715,-35.68191764633144,-14.740086607971259,2.8322927048999893,38.7103510975592,0.07323172621836055,-2.7498471498107993,0.024409482761367257,0.29621648370062076,0.6091120597927259,0.5284020248979058,0.0994645469755378
6,661,33.05,case1,10,22,734.5337145288545,-883.4625352133551,64.40195273774683,22.30204224746783,-28.743811676736588,2.516953346760318,36.468107330451176,0.06907284384586908,-0.9109303304604611,0.006158007893619722,0.32037704992845417,0.3587408117236079,1.7162757622961908,0.13819921354078132
6,661,33.05,case1,18,22,734.7824474850097,-883.6731638609202,62.987069509699246,21.32706743489655,-29.92091207115475,-0.5028885755979101,36.74721324756295,-0.013685507809303254,-0.9515436975915825,0.011738727774898603,0.2387589926972527,0.24748924109120526,1.8771757905333026,0.13384939890927197
6,662,33.1,case1,2,22,734.4163146178664,-883.8623328826776,64.82140372069392,21.85246365023568,-29.745251140436686,1.8562583882425496,36.95613383724605,0.050249839887871836,-0.9371893066220868,0.011698194258090966,0.12593604654606208,0.46347544344988184,0.715715194030787,0.0908350705649471
6,663,33.15,case1,5,25,813.6595028155732,-209.00908233028264,43.22562620785934,31.35017245286347,-13.635486032151412,1.2085790631474735,34.208485139058034,0.035337157529466506,-0.41026082903216055,0.02253020530434864,0.010904363893683267,0.10023853094646648,1.2632620177357583,0.14807578204778538
6,663,33.15,case1,13,25,815.5773374305762,-209.09373035633084,44.01262180525487,31.291922869876068,-12.569514552455013,-0.6385113317642065,33.72810148376933,-0.018932268611500564,-0.3819586282531409,0.011759741269933026,0.36367586232131943,0.4225360970701959,0.8746927191287298,0.0940894467679043
7,535,26.75,case1,4,24,872.3431336287629,154.4147296559793,50.18749002614768,35.23880255749189,5.058731264485865,2.0593668167667016,35.659570375681525,0.05778289621165069,0.14258158178797356,0.011876988847738,0.34251758896419954,0.361890632361655,2.636058414137773,0.18617023538950006
7,535,26.75,case1,12,24,873.4831395251757,153.10512716359685,49.87105197567265,35.35743853917736,1.3481471561059233,3.9573343452217253,35.6037421618303,0.11137953526695914,0.03811063403954487,0.014706179208713243,0.14137070412292044,0.7605766474317752,2.83098425184358,0.17064989844680498
7,567,28.35,case1,1,21,-774.2814530979742,351.31915858185846,48.86659151289664,-36.34632256646956,12.034368480301652,0.2603007624068288,38.2877127197805,0.006798598013593624,2.8218509378530636,0.02113943233020953,-0.23798892903811963,0.6039661239903156,1.7710449998368518,0.15206354920991927
7,567,28.35,case1,9,21,-776.3859032759324,351.4415594764838,48.783219670549144,-36.24170437393329,9.818941015714364,3.32718435597135,37.69539619550739,0.08838001712070512,2.877014828240862,0.009757168115854557,0.4157292157083562,0.5994376916586378,0.7747575919491269,0.10036135955281152
7,567,28.35,case1,17,21,-777.3437396129144,350.1264382718291,47.8296783182599,-36.35013631401565,10.594233253774908,-1.2090308243036738,37.88181547678286,-0.03192128362521776,2.857998590362692,0.017069431374731416,-0.8218308081026058,0.9623619963114551,2.2631397892848177,0.1046674149517548
7,570,28.5,case1,7,27,-662.4010372733974,-613.339611142101,52.527304894086555,-27.20910429688464,-23.44910261305925,0.6953930357857521,35.926025962674295,0.019357455984380514,-2.430281592190531,0.01193468887167902,-0.1705517177142561,0.17101404566784503,0.5334080277225116,0.100015059596643
7,570,28.5,case1,15,27,-663.1901284621946,-613.1348301776178,52.229758747520464,-26.495079655591283,-24.44582628420426,2.306216816993515,36.123486884305656,0.06388603478495043,-2.3964008621207302,0.016651509233475085,0.012564308637525695,0.026310122065229685,0.821269355639014,0.08785508935137457
7,584,29.2,case1,14,26,-520.7630626491047,-621.6768582863848,48.4707355282869,-24.45763140563389,-23.366649847254404,3.8171115499959254,34.04036427013018,0.11237120331586342,-2.3790028281258113,0.013878614958169073,0.7005935715664124,0.701141623079552,2.132877089718479,0.1665208325675451
7,585,29.25,case1,6,26,-518.7757123337967,-621.5226589763186,48.128899317045736,-26.163076884119338,-23.22421949921795,2.5953164174853858,35.08000328818491,0.07405044416957303,-2.415630744353078,0.029183413390517582,0.016348422757469755,0.08572623309659357,1.2393763985890762,0.14335038507184672
7,603,30.15,case1,11,23,376.34463432305756,945.1038846490028,54.80872111108255,19.452634710950058,33.431020558929944,2.5072486511290153,38.75983009002805,0.06473197877034507,1.0438115541749662,0.009780981024614504,-0.18158207809530055,0.518920145646781,1.821102339800063,0.14376835894161405
7,603,30.15,case1,19,23,375.0671771633353,946.4768324633184,53.37243416847153,19.87653321878314,33.50441196001884,1.640703721220192,38.991205447957995,0.04209124256403798,1.0353539438099777,0.010185310896235315,-0.2777576475555716,0.2886847072266295,1.6235407466718375,0.12966429737552493
7,604,30.2,case1,3,23,376.7291897549926,943.7969907322133,54.7209271147049,20.407895662983528,34.01493369127884,1.3136298024544009,39.68908593897338,0.033104056993139584,1.0303998390481486,0.01989108934049042,0.0970347528525613,0.10161725581955722,1.726904876175124,0.12144415248302982
7,626,31.3,case1,0,20,-807.3736215471781,-568.0248814950431,54.470338329027065,-34.41084223567785,-13.6881376106646,3.336705324383124,37.18339383433105,0.08985731246230298,-2.7629966963004082,0.003990727367905373,0.10855309498086863,0.17587724197027316,0.9294730447745727,0.12371236737681514
7,626,31.3,case1,8,20,-806.0791812538431,-568.4215138360188,53.73086825870934,-34.98257623531921,-15.065891555987282,1.039941172103111,38.103060324311535,0.027296241173304293,-2.734930599630409,0.017020761504954494,-0.1637866041974261,0.20017871996056052,2.1191835373485146,0.15011982763238998
7,627,31.35,case1,16,20,-806.8065952082583,-567.1692242358182,53.352113040177294,-36.11737667082067,-13.700336699586982,2.4418296585943335,38.70564113079102,0.06312910053418788,-2.779032874391847,0.023322118607066723,0.3106184878135815,0.556103210479198,0.7217895332988781,0.09813939871653649
7,661,33.05,case1,10,22,734.8007901952849,-883.2854671015511,64.11334468836934,22.16088466640113,-28.953137624402157,-0.011085351141737719,36.4607886692007,-0.0003040348746456197,-0.9175085160636974,0.005309514823596692,0.482174096502491,0.6244590255719049,1.7230356787658463,0.1380326359091595
7,661,33.05,case1,18,22,734.0475925022356,-884.1079310317529,65.3927934642964,22.342530669095858,-29.127320251385168,1.8696645519828206,36.75710961519122,0.050887345014063716,-0.916463148513339,0.011883813386561515,0.6634243099870818,0.73539215823391,2.0356111920614524,0.13618366375593108
7,662,33.1,case1,2,22,734.2651833023448,-884.0239754295952,64.38389851616196,23.01263007349008,-28.531175024419536,4.735212660104014,36.95986106724118,0.12847081215604794,-0.8920570049486265,0.01234687509361387,0.4504805301825555,0.4680216144181935,0.5456178095613057,0.08969834981449701
7,662,33.1,case1,5,25,816.7217344623961,-209.40150061582904,44.181660070605126,30.70943830197157,-13.850654596307796,2.1489188368673027,33.75689686177128,0.063701734421003,-0.4237041008628711,0.011086262560954272,0.17150905093439986,0.18260372940357353,0.605322154789267,0.12350663106032128
7,662,33.1,case1,13,25,816.7306485652352,-209.14600608884152,42.69248661168998,31.553486493204453,-13.063134890511801,-0.041108283852483246,34.15069095839122,-0.0012037324173038736,-0.392516550601904,0.018846903977719615,0.29326320521063515,0.2954481675934789,1.0365047814168904,0.1286208425905192
8,535,26.75,case1,4,24,872.4246355988712,156.12356149482977,49.73358490549615,35.45063823461101,3.6686223661784725,-0.4635838536648436,35.64297197620125,-0.013006685449178008,0.10311830841272729,0.01280516324008648,0.06458678893562317,0.6788253237441357,2.4073099713582704,0.17775102611475477
8,535,26.75,case1,12,24,873.5127801202802,154.98663835224195,50.700003791508,34.994398957121405,5.758512092857334,3.1090902136320016,35.60105141495496,0.08744280776246541,0.16309362598619148,0.010689246262382764,0.13237515147397483,0.6871884693469946,1.358563883476947,0.15003711037148232
8,567,28.35,case1,1,21,-774.8089913558072,350.0235723033118,48.85479025249419,-36.82146800364476,10.352882622208325,1.8220819727619868,38.292592850943414,0.04760111859966583,2.8675046134544098,0.021181848203416977,-0.26765232386006205,0.49564185320335935,2.1488770518082676,0.15426804722911386
8,567,28.35,case1,9,21,-776.697934404441,351.40312448552635,48.53549163616315,-36.139966526013936,10.077253198950805,3.3425307060191423,37.667236745716465,0.08885528669496164,2.8696603286526505,0.008236746209699405,-0.3356899197680386,0.3857240679077828,0.9266419578086289,0.0936559010390947
8,567,28.35,case1,17,21,-777.4325921066563,350.4337665430348,47.10384607426848,-36.569209587238376,9.913116713217207,-1.0883739668492074,37.90463732443497,-0.02871742492096887,2.8768761215414007,0.018537870178840756,-0.48001358511137027,0.4949574721239815,2.3813326664362244,0.10104244946512467
8,570,28.5,case1,7,27,-662.4761863166904,-613.0268354404848,51.0401469995349,-27.047714412634146,-23.639042159664385,1.2698424663318644,35.94434126622864,0.035335374412494125,-2.4233431454640977,0.013321058422041942,-0.1335968104963628,0.4566233589127867,1.5210390264131621,0.11353776486187186
8,570,28.5,case1,15,27,-663.3997067612867,-612.7146023178481,52.17001174666,-27.34779993642997,-23.49257144644488,1.9526218064524659,36.105620150446796,0.05410722403849975,-2.431879705167177,0.014746824631695923,0.2657678802041406,0.3348797913348704,0.9782086162947731,0.09298135611253543
8,584,29.2,case1,14,26,-520.9669712548169,-621.7480444027653,47.29033325024966,-26.14083469584923,-21.807493021062815,0.16249108024089043,34.04315487452031,0.004773109244298224,-2.446324877903197,0.01423540019001432,0.03378965504340786,0.16814743735676613,2.183816760763465,0.16354743498551
8,585,29.25,case1,6,26,-519.7258851363699,-620.6897686093702,47.018606654665504,-26.26746685759581,-23.013124403509693,3.3711062255197666,35.08486948971089,0.09623279391011096,-2.4221357483091284,0.029704712484769285,0.2716170303428566,0.4145690325129029,1.7935920489629193,0.1482901263950185
8,603,30.15,case1,11,23,375.91516761446377,945.2982863399939,54.766947532911196,17.326336516517753,34.47089785175876,3.6534640360662296,38.75296808313955,0.09441593565488038,1.1050416255506235,0.005367954454589006,0.42375830398224995,0.519666274807997,1.652774036165639,0.14285145450866332
8,603,30.15,case1,19,23,376.2233116494785,945.6637856364755,55.12828512161311,19.614364261947127,33.45952952944636,3.881791199389008,38.97860572991158,0.09975309150453901,1.0405770552462759,0.010238103108977936,0.16308643616664711,0.1720514956215795,1.4093626164973778,0.13072235828963388
8,604,30.2,case1,3,23,377.50317673014246,943.2956029463286,53.46694685214477,20.1623258293085,34.166645632434815,1.4637612427199655,39.69913920471408,0.03687971926666165,1.037675271416809,0.018999219005996187,0.26899144025313165,0.3041873726643246,2.718566361441042,0.13593613768140653
8,626,31.3,case1,0,20,-807.6093812985334,-567.7271220492333,53.65542372078244,-34.45955853835611,-13.95853168947171,1.0602558039035308,37.19443404535265,0.028509627148679703,-2.7567232844150062,0.004492798788216222,0.18832700424047055,0.18891089633145028,0.9840142002871015,0.12361213059413295
8,626,31.3,case1,8,20,-806.6349245612953,-567.5364043968356,53.325735775906416,-35.188559353686635,-14.495740798328399,1.6910471588313873,38.09489271770746,0.044404981906174076,-2.750831712742674,0.017304581849683687,-0.2063991906828986,0.20924796730168055,1.9241695839011907,0.14765197972782404
8,627,31.35,case1,16,20,-806.6947690407144,-567.6041841871915,54.15016339772401,-35.981642305848375,-14.142824893922056,1.9735842262687284,38.711666377260684,0.05100375017131444,-2.76708618994586,0.023062324535641172,-0.153521913433409,0.4305153873125577,0.34153312564554084,0.09275124499815944
8,661,33.05,case1,10,22,734.523360815044,-883.6030960830119,63.61594920178787,22.000923604527312,-28.99990253374458,2.3003776284075967,36.473644233229706,0.06311147340321943,-0.9217789350384025,0.006468482970559367,0.5263807971277635,0.7313023444476513,1.7254969139621554,0.13725185696484937
8,661,33.05,case1,18,22,734.6661845216545,-883.7567420488193,64.63698142367876,22.29371543368503,-29.11671371037314,2.4614625743029634,36.75393262134886,0.06702157116393456,-0.9173433213264786,0.013251633823700624,0.5189102934113252,0.6822370393554303,1.4505576380861884,0.1291104354359554
8,662,33.1,case1,2,22,735.4277674146675,-883.1788624032957,64.57747320812427,21.608821586367725,-29.898400780417866,2.0774072558354066,36.948222697236204,0.056254487802387704,-0.9449699567877538,0.013697791490314732,-0.16977021200242495,0.30864391796735174,1.040125235530526,0.09136280871080994
8,662,33.1,case1,5,25,815.6041706583115,-209.53944175601865,42.840643435265555,30.254957925754855,-14.280367370155698,-1.509725098870898,33.48985878127832,-0.04509535032563107,-0.44099849737262625,0.011969897053155652,-0.15224345322339677,0.6706008406135366,1.628438368042815,0.15687913786744104
8,663,33.15,case1,13,25,815.1758508104383,-210.40141929653834,43.12793960471562,31.123586058067,-14.927659044758931,0.01637260474318529,34.518297781505126,0.00047431670764095,-0.4472153888617902,0.02805092812963962,0.4943638091807412,0.614415864656698,1.6077080439257263,0.09970533831619445
9,535,26.75,case1,4,24,872.5809700004928,154.50709895176092,49.55142032065946,35.402596907742485,3.7407385699654996,1.2027818835525126,35.61998985289478,0.03377346757350393,0.10527221415753435,0.011903875362449386,0.14504731046534136,0.18507319076546644,2.5217919659819166,0.18091404732580177
9,535,26.75,case1,12,24,873.2535470256464,154.9559473675438,51.89845345730128,35.066622333002876,5.87182078567769,2.2349001467865963,35.62500610316691,0.06277525041125885,0.16590838134156508,0.011097028958517227,0.233233480923018,0.25821256763354766,2.1692175673540786,0.16122862894282422
9,567,28.35,case1,1,21,-774.8194697175801,350.2283632823232,48.061621827350045,-37.11535762136142,9.312723017882194,1.1146318290152863,38.28209745407895,0.029120384011614955,2.89575494977839,0.022007099768299048,-0.4384261063916884,0.4616917398524618,1.9146241664321668,0.15102069515849567
9,567,28.35,case1,9,21,-776.5953571484567,351.1138978987831,47.68658932297314,-35.821437863370726,11.69201359549593,1.8327433628976582,37.72582061070159,0.048599738907600554,2.826097640728824,0.010867970979181178,-0.2576394254878098,0.41565022672041374,1.1583269093094246,0.10317577000589341
9,567,28.35,case1,17,21,-777.2446055847458,350.71772470541146,49.06631871771458,-36.35941159658202,9.346104503305106,4.80798267432215,37.84802740477957,0.1273780797945911,2.8899919036622705,0.0139368205951945,0.1179478913847758,0.14786945078182853,1.8909765240221172,0.09312445405380397
9,570,28.5,case1,7,27,-663.7474545982,-611.5491344740199,52.00608519552913,-27.953925003814504,-22.565158580982,0.8417404839745773,35.93489713281663,0.02342618305076156,-2.4624606090808316,0.01479626528145568,0.7888122265873708,0.8761633014558319,1.8567173312392533,0.1162410944395677
9,570,28.5,case1,15,27,-662.6471013911419,-613.6273641615759,53.26501455147224,-27.476097819099103,-23.323930248019675,2.3121399240770524,36.11492301816108,0.06406554809279094,-2.4377487364643935,0.01593802636046374,-0.3631565841085227,0.4360336618553502,1.0932870180017062,0.09052166381903709
9,584,29.2,case1,14,26,-520.2733521203037,-622.744601626526,48.452385839514136,-23.540484927474978,-24.284331392310786,3.86981099509358,34.04201255698603,0.11392377244746257,-2.340642177635273,0.01409013662765829,0.4929239690245599,0.5337743842306693,1.3843224917205215,0.15036913439783525
9,585,29.25,case1,6,26,-519.6411708550982,-621.0266712571707,48.70666185199791,-24.50617491164166,-24.8111910166746,3.7778475065470523,35.07734226318484,0.1079098104302194,-2.350009808381041,0.029571720894060988,0.21845081208812345,0.22641783345197106,1.341603895804331,0.1381190607022329
9,603,30.15,case1,11,23,375.8979078315948,945.3685377688349,53.201274066702965,18.276939321666116,34.176950861414646,0.2668118367280933,38.75798846312376,0.0068841019548952975,1.0797181680949766,0.006792572404814041,0.2542669558966399,0.4129277330995229,1.9685930241300327,0.14549582408692277
9,603,30.15,case1,19,23,375.46624122716685,946.128219963381,54.219628058462916,17.844876426241456,34.60960445132677,1.915495621130111,38.98632399213466,0.04915229064685679,1.0947429940771158,0.009778646106741003,-0.22006478938279483,0.48560824608816866,1.099271690575806,0.12811699610132196
9,604,30.2,case1,3,23,375.95480276209463,944.1818397280542,53.91697445502845,20.3773466970477,34.0354499281003,0.8373578503168412,39.678070497308596,0.021105361424571336,1.0313262749157972,0.01986513029914362,0.16393885347571055,0.20332944640924625,0.981273466934102,0.11649902427543947
9,626,31.3,case1,0,20,-807.2626512049333,-568.0195738144308,52.99686357169706,-33.98579918811069,-15.058551283541634,0.36841892573079665,37.17432239757001,0.009910737660382592,-2.7245052476581626,0.00448560537436776,-0.030687074179156393,0.032690309116133576,1.4937623010692826,0.13123741644067788
9,626,31.3,case1,8,20,-806.3586426473261,-567.2937427505528,53.354160457702314,-34.972118119286485,-15.066397404497984,1.6479911550293154,38.11510529103448,0.04325070204274948,-2.7348097665480644,0.019962679000673063,-0.28092289962283823,0.2845379248489978,2.246916984869292,0.15686364126600322
9,627,31.35,case1,16,20,-806.3482366231591,-567.6612325538547,54.14075553915516,-35.899897891086184,-14.366241080626727,1.49661313817956,38.69665879972679,0.03868516147037052,-2.7609354369090413,0.023279092455696752,-0.5471969202827216,0.5786573217201795,0.44854190252441095,0.10044963865726472
9,661,33.05,case1,10,22,734.7224120846764,-883.4377624071141,63.83110257384556,21.31504197683968,-29.587100178898247,0.7902034580780403,36.47398981432874,0.02166654349820466,-0.9464988743250815,0.007021592351923506,-0.6230571293642985,0.6338817332648352,1.6749607012697116,0.13651911370273984
9,661,33.05,case1,18,22,734.7456219153067,-883.8005299778614,63.44306309795002,22.810505470730014,-28.75836016142724,1.6582340008570178,36.743872672952804,0.045144871168305636,-0.9002288587789272,0.011676430204390057,0.17529413695192103,0.37391022566157656,1.5384698383470605,0.1295425954871594
9,662,33.1,case1,2,22,735.4591046470712,-883.3044122274661,62.93427574210471,23.082278934758737,-28.805406325052605,1.470594388381541,36.94192309867648,0.039818800714807964,-0.8952524888780365,0.012587082394400071,-0.017373399747578455,0.1837054688357576,1.5370496963184472,0.09481670372590952
9,662,33.1,case1,5,25,816.2924888570044,-210.85167642090096,44.1552159350121,30.458625171499634,-13.804282714413304,3.1841284603417344,33.59203391653026,0.09493072012712542,-0.4255236746982182,0.010042154772335958,0.2679765320174554,0.26852645653062107,1.6772231485363112,0.13064560593452645
9,662,33.1,case1,13,25,815.8051611938546,-209.79674370827883,43.083297401500694,30.9893813150629,-14.516873964904468,2.8590049095745016,34.34028673549861,0.08335160686674621,-0.4380878832145577,0.023326413840714114,0.0718946895940242,0.17147857706959424,1.3849597680359778,0.14685958197431467
10,535,26.75,case1,4,24,872.1020865187029,155.24082934848474,50.69807447216414,35.033882469364556,5.767531399836034,2.975067618780154,35.62988025045352,0.08359656497378165,0.1631637171548018,0.012358921515777667,0.493324934859264,0.5070888052920144,2.6218068050694057,0.1873325265666396
10,535,26.75,case1,12,24,872.8243968742505,156.60188674071054,50.94307038205818,35.115925291826144,5.122439789703004,2.965744293611139,35.61127964164352,0.083377607748398,0.144850625370042,0.012620120132619515,-0.31866175233907623,0.39969251152922247,2.170311592774468,0.1652764422874675
10,566,28.3,case1,17,21,-775.0737331298842,352.1100062552897,47.85440567961888,-36.16332284533413,11.148775679808734,1.0678881452380888,37.85791203256329,0.02821153504669243,2.842548195589493,0.013667076264516088,-0.6222527050609509,0.6975874968432544,2.9613125401806006,0.1857347906826673
10,567,28.35,case1,1,21,-774.4461628736219,351.0882351297508,48.77462352562741,-37.172281575978026,8.8255854136338,2.7888206153867987,38.307270796572645,0.07286580134387166,2.908484958342648,0.017710856588464323,-0.1307749451072694,0.4236828031120391,1.6768749475339937,0.14930605965881222
10,567,28.35,case1,9,21,-776.5881727308068,351.74589377175033,47.08322060580349,-36.28571133357418,9.917011146558657,2.5525210812638552,37.702988222881466,0.06775258679365515,2.8748043678268718,0.011277797223984679,0.08542438220972423,0.5552388275591268,1.4061734033331275,0.0999019329480112
10,570,28.5,case1,7,27,-663.2403151427576,-612.3678759919229,52.745671180126514,-27.236104859021886,-23.20899232874777,3.163016578096161,35.923076241892474,0.08816388372015202,-2.435857138852468,0.010855661936835168,0.46261495127234437,0.46400292071074484,0.8860950840920415,0.10201056765494161
10,570,28.5,case1,15,27,-664.0679615288383,-612.0134451585816,52.3713494693054,-29.46642246474186,-20.906010925736982,-0.262842980673835,36.130325657682185,-0.0072749219492301825,-2.524528651469215,0.016175513323012515,-0.4361847954527787,0.45525362966047245,1.767989853437409,0.09768615777309342
10,584,29.2,case1,14,26,-520.3413592850852,-623.3631166038732,47.87341972954165,-25.473822773855392,-22.424927048961763,2.7484093303484425,34.04918139562531,0.08080672009484212,-2.419761660219026,0.0139493487330726,0.026577382451990317,0.05928155003154345,0.9647108506957607,0.1371429944237379
10,585,29.25,case1,6,26,-519.142000932536,-622.1834304535182,47.92871902827181,-27.270533509803695,-22.055036150823902,0.5215509906298256,35.07675345523446,0.014869398071809054,-2.4615392450888542,0.030616337427943043,-0.11306537994262031,0.30227877313262863,0.6938574768439607,0.12348290471513894
10,603,30.15,case1,11,23,376.2548059936669,945.085142426642,54.585905017105844,18.653286289724686,33.717355573759164,4.1599261256179485,38.75706569987385,0.10754052493721716,1.065480429332018,0.0075395417929482395,0.11133284216990971,0.5513828273816394,1.8021240850633682,0.1449483770239726
10,603,30.15,case1,19,23,375.07609724437054,946.285471001729,54.871609662244495,15.818787846259177,35.50477959644596,2.829133248673621,38.972136431762536,0.0726576541898309,1.1516577978319098,0.008942825081802969,0.5281239598944987,0.5798862572663565,1.3882195455055435,0.12909611772247503
10,604,30.2,case1,3,23,376.2402804660714,944.1487439564842,53.39162012063195,20.10519982600021,34.116967163045,2.7503453865004377,39.69572909259551,0.06934122950590652,1.0382800786829443,0.017798367903530555,-0.1211235123724691,0.5444524659849093,1.4207910494354312,0.11831307982107463
10,626,31.3,case1,0,20,-807.8772756539537,-566.6613711572764,53.57200066412318,-34.360134545157024,-14.006803158789033,2.3639504117378403,37.18060841674745,0.06362311175757608,-2.75451153227008,0.003913118922762391,0.47548692333387854,0.475908897591818,1.837822727351805,0.1363334014699223
10,626,31.3,case1,8,20,-806.8662252131047,-566.4776619665446,53.540491247793916,-35.22492179255223,-14.429658778416918,1.8310559193830838,38.10987973653123,0.04806525658729641,-2.752800692973742,0.01963849254325305,-0.3635063032577527,0.44292574299488746,2.382317445147406,0.15707525637413725
10,627,31.35,case1,16,20,-806.524445357514,-567.564641399609,54.01674564695054,-35.34975385459095,-15.585719740307814,2.1453755137106767,38.692665887715954,0.05547501704765204,-2.7263316935825124,0.02343775674123664,0.22010146824558427,0.4736605051792262,0.2714872959332934,0.09741352465575889
10,661,33.05,case1,10,22,734.7046043175623,-883.3629978724812,61.967249106634256,21.254215322198263,-29.62576815373459,1.251504823691699,36.48279145001004,0.03431070809184042,-0.9484723548000183,0.011158518608248257,0.18005183015206344,0.7246348436640795,2.8405003238963764,0.15286165675576185
10,661,33.05,case1,18,22,734.3035894631855,-883.958867378851,63.67101088427095,20.387663234531907,-30.464283731825926,2.642781064577285,36.752056911323564,0.07197050066081488,-0.9810200588277669,0.013424080174207324,0.12791464289176877,0.18455022054247675,1.6368669061862497,0.13275315261716786
10,662,33.1,case1,2,22,735.5288287097128,-882.9802402276183,64.26212263304976,24.13806804532317,-27.960799699568756,0.22255156587370414,36.93916861543487,0.0060248489777614935,-0.858641471503459,0.011269983305408598,-0.014277825848981879,0.4341118860822442,1.1513970300495617,0.09399111181715011
10,663,33.15,case1,5,25,813.3948759313272,-211.27733309030702,43.8805132791764,28.347004626017707,-18.380170082657887,-0.08171708190819761,33.784463903048355,-0.002418779289309705,-0.5752489294476437,0.01579065822739964,0.1289164959702831,0.5850167617230722,2.842820739918452,0.1517579163957149
10,663,33.15,case1,13,25,814.0294883754387,-210.28854813328232,41.549856138502875,30.5863046755021,-14.748606530230939,3.8427756244422007,34.17324030269912,0.1126881926448883,-0.44930356949474076,0.018426247575089347,0.24571622327351142,0.6625472142549942,2.581024679512842,0.14818721785427888
11,535,26.75,case1,4,24,872.0667606953284,156.00039987612197,50.73959445276278,35.203002783941024,5.174714756220397,1.621816895939776,35.61824487335613,0.04554906732412484,0.1459511572085035,0.010732926343808421,0.31920021404207727,0.3765690461536422,2.6631558026660915,0.18641012673006419
11,535,26.75,case1,12,24,873.1724145713087,154.36717924861023,49.51449002830317,35.52736560909106,2.7481379302796425,-0.17801862230245932,35.633939718136055,-0.004995781106602237,0.07719898083228077,0.012720197945104319,0.25637830005630224,0.49485058448662056,2.1493734150254684,0.16589418682771478
11,567,28.35,case1,1,21,-774.6943778261225,350.0483827348192,47.03946957993065,-37.26327760048557,8.853157447178752,0.3872138946543077,38.3024828035416,0.010109540220755947,2.9083333674781815,0.024011420394878653,-0.35346005664533514,0.44783480552144167,2.4669605406231327,0.15991362461565778
11,567,28.35,case1,9,21,-776.5298817076299,350.9731988135077,48.8424065239735,-35.96478458890764,11.05629093073219,2.412460770580937,37.703146641110884,0.06402940323556117,2.8433425777583894,0.011863760461793146,-0.3905969209409852,0.4416524698313263,1.1726806392026496,0.10437006746569212
11,567,28.35,case1,17,21,-776.8148066220306,351.9540196309856,49.93844513162836,-36.4846861484868,9.994762698535066,1.677152898542817,37.866085704739845,0.04430618354472496,2.874208415473573,0.015511584924203136,0.5028185302986091,0.5644758789202641,1.8841789017582613,0.09214855902015442
11,570,28.5,case1,7,27,-662.0289397626258,-613.6241185117015,53.24388470319078,-25.449905034611298,-25.281759290233037,1.9558583606559967,35.92617988329633,0.05446796167026826,-2.3595088921720015,0.011444775729953076,0.17862232977903697,0.39818869961540415,1.167676227897745,0.10464554116940156
11,570,28.5,case1,15,27,-662.3603820993045,-614.0723516814463,52.43887673475043,-27.024880545906946,-23.942050989712563,1.013193115804922,36.11914360009731,0.028055095971356452,-2.416607742865664,0.017094196938513752,-0.062455311493013754,0.23138455054046075,1.2686350861473912,0.09090521378275812
11,584,29.2,case1,14,26,-520.2525108617097,-622.4313680165583,48.59781626163575,-24.9002904961404,-23.2172433822756,1.0640343083294148,34.06166505139322,0.031243553057649573,-2.391158070152413,0.014355190612328322,-0.006330454896186943,0.03177255556494817,1.669515104983549,0.15791642522557262
11,585,29.25,case1,6,26,-519.6958041171243,-620.7686029739313,48.15211193545994,-25.755608547316907,-23.705043900305586,1.8931219657614162,35.055162083996805,0.054030369834909026,-2.3976292653866786,0.02963284156039286,0.17096417316725424,0.28901047766734067,1.411878492527502,0.14273952557508374
11,603,30.15,case1,11,23,376.54641250726354,944.7251373318301,55.75218478304999,20.59970057810053,32.61778239661903,3.530465757151488,38.739276978836415,0.09126063730995507,1.0075020713259004,0.008394159556815738,0.4809163834022788,0.6486431789691202,2.553159374698893,0.15364552879008053
11,603,30.15,case1,19,23,376.7126003235603,945.3637169565509,54.307818690930425,19.40383500756812,33.77037494305438,1.9202475262610017,38.99531237671411,0.0492629579748165,1.0492765661288452,0.011557215006576764,0.4859089014155452,0.5014442188859928,1.5895304301384703,0.13462320163809902
11,604,30.2,case1,3,23,375.84126212291136,944.2008657773608,54.012371779350154,19.211693711965633,34.58471711868036,2.916014156602436,39.66982445162857,0.0735734684210726,1.0637428536903717,0.01692894041280819,0.37333413023855966,0.5081765663315052,0.8872202720489286,0.1171483243166851
11,626,31.3,case1,0,20,-806.8919185036776,-569.6686121417584,54.226332990358394,-33.31994722945147,-16.026826284134938,3.9078647190995484,37.17996033857557,0.10530124293082611,-2.6932619172219976,0.0039026120199397237,-0.12336409700071596,0.25136768728158143,1.803959024217252,0.12229464837644936
11,626,31.3,case1,8,20,-806.9279613480819,-567.096737129973,53.23401646418081,-34.570128951731135,-15.915958380933363,2.0399768608429922,38.11263638894189,0.05355053792885808,-2.7101268996935826,0.01928172568236127,-0.032002787954217654,0.17982300572531984,1.9984625024690883,0.14798804248021505
11,627,31.35,case1,16,20,-807.1497163533123,-566.7561521660904,53.0111550348756,-36.51280491730313,-12.737446083797872,2.0690452111125808,38.72606878773421,0.05345316211437727,-2.8059438212127468,0.025055470509548775,-0.02663362506491959,0.3158980680142422,1.2820254122174453,0.09900622135209039
11,661,33.05,case1,10,22,734.6340052508996,-883.4545468931622,63.22627361661103,22.75756742677198,-28.494655939775104,-0.49476572987566003,36.47049609530549,-0.013566607541656677,-0.8968724453109782,0.006034724525174675,0.2254846374231537,0.28331710889569883,1.945406433778984,0.13994459779250557
11,661,33.05,case1,13,25,817.8369743034089,-210.51360512304527,43.08431777892313,30.660642440382723,-13.782443894628502,1.6429663918932575,33.656055816605594,0.048835776937988636,-0.4224512104949265,0.011047800684081191,0.39911498921116845,0.462125983810538,1.5733293286393286,0.15163709092853753
11,661,33.05,case1,18,22,735.1558448755194,-883.3888168143986,63.59746366048898,23.28732442971764,-28.287743216941138,2.8025502928075268,36.74711122722763,0.07633999423855542,-0.8820502595646021,0.013199670400886125,-0.29547298469268135,0.46500779000063275,1.626156154278217,0.13142621820134798
11,662,33.1,case1,2,22,734.2785174198139,-883.9836087348161,64.92247399560557,20.72952644642357,-30.495453666986677,2.384544835670323,36.950940652730715,0.06457759842360891,-0.9737852168856226,0.01262028481165964,-0.0867945504125964,0.14924898956405838,0.8892040951785655,0.09104399314237795
11,662,33.1,case1,5,25,817.8862773503273,-208.86474624290508,43.868162369612904,30.412025458474346,-15.491834842534882,3.151260251374972,34.27562808246065,0.09206882166092241,-0.47113797001896135,0.024301945065712986,-0.32866368551401703,0.39752259985582633,1.0598804555820496,0.09800212270525735
12,535,26.75,case1,4,24,872.3447564350263,155.0658141369956,50.5331903817103,34.96811119763937,6.20997653780903,3.0902772514313748,35.64943790330115,0.0867940926897411,0.17575730829772981,0.011302054681643558,0.29545588009750073,0.3262035005323064,2.4026869185607644,0.18146787022114313
12,535,26.75,case1,12,24,873.1623166585883,156.2462929978787,49.1449788598359,34.96662989188771,6.154158374876951,-2.5415400318759738,35.59491953963307,-0.07146257347623472,0.17421666062083518,0.012642215200329668,-0.5417084482803395,0.7561739270283823,2.070280844483559,0.15923636770691518
12,567,28.35,case1,1,21,-774.515226701257,351.0042965548928,47.389065533197055,-36.49269183995866,11.581850603451695,1.3340996803476697,38.30973300721324,0.034831082591919874,2.8342731235678302,0.02283805335310888,-0.015521536927099677,0.06641328622024648,1.832351513204418,0.1517120560745381
12,567,28.35,case1,9,21,-776.268884149121,351.8045117300604,49.57503895887574,-35.82249639239792,11.424084432752203,3.082446213320217,37.726150447243164,0.08179700750840883,2.832880493749698,0.013460917191492644,-0.44578025588207937,0.5971604871217585,1.3262803049423293,0.10264591663641154
12,567,28.35,case1,17,21,-777.0002276186749,352.14247241685683,47.81085223943176,-36.353255782408276,10.116036118107141,2.7696315361374526,37.836017913755356,0.07326645684590143,2.870188499442271,0.014915201914668557,0.055664217367281776,0.14795154786243297,1.26178849561417,0.08018509706200057
12,570,28.5,case1,7,27,-662.137264229769,-613.505897282272,53.4668341793786,-26.13298336393711,-24.586615592027304,1.7875254668434477,35.92533553169056,0.04977723476319139,-2.386673613202108,0.011864929599309874,-0.18520724909646635,0.5625371962564985,1.2067833499538476,0.10506483302058232
12,570,28.5,case1,15,27,-662.7363342878245,-613.5855637506119,53.15817354132671,-28.151191004532198,-22.587274751869412,1.4715790103317294,36.122570236262824,0.04074976807581879,-2.4654168249029125,0.017204637968103082,-0.041173880758514865,0.23841717868689288,1.0103586655060839,0.0890466438539066
12,584,29.2,case1,14,26,-519.1293150358316,-623.6007658969903,47.91425883419451,-25.37298601367518,-22.55767579560599,2.5050564581627035,34.04280341582355,0.07365206367729091,-2.4148642256349557,0.014286755203480604,-0.5216942975845079,0.6674941980611765,2.0725666122117445,0.1614859194205651
12,585,29.25,case1,6,26,-519.0050070180204,-621.1616146047328,48.82099919507034,-24.676138705473218,-24.83213086297101,2.368488373065222,35.08783666430314,0.06755305990652137,-2.3530436702860036,0.03066322398919188,0.23297193738451602,0.3484952118948557,1.5235600213796239,0.14695454183758716
12,603,30.15,case1,11,23,374.8839658211605,945.7650701006652,53.78132296887448,17.25843237507698,34.717165524130635,0.8136573461866219,38.77882293664924,0.020983541988800543,1.109459180739892,0.008521481694871212,-0.2090463144592724,0.20966424866884292,1.869465755115762,0.14517045626460298
12,603,30.15,case1,19,23,375.81431473784517,945.965365789646,54.061283060628945,16.14324614013585,35.37212065566603,2.465122203539884,38.959827298107875,0.06331573339305058,1.1426467196563725,0.008569205423937411,-0.10321954985009058,0.20916973438886577,1.0702742843836348,0.1285002115093502
12,604,30.2,case1,3,23,375.73266034330527,944.388589927446,54.00951848751958,20.59313551344509,33.6903293155098,3.6423221279352243,39.65327262845097,0.09198392131249106,1.0221474985330492,0.01682466743581254,-0.22570806788877731,0.2368972079717166,0.6911217113006104,0.11323746025893891
12,626,31.3,case1,0,20,-807.469631447578,-568.1863026534995,53.58435496517587,-34.98292978607646,-12.126659334887679,3.3301947406307635,37.17460746332769,0.08970276435300792,-2.8079097775193675,0.003767603219781928,-0.6751174719534446,0.6842110767698665,0.9043860779710683,0.1212527136195052
12,626,31.3,case1,8,20,-806.2401627417972,-568.1892777883542,53.97387245195692,-35.454131376068894,-13.565651139263563,3.460727589704692,38.11822343596169,0.0909145098926349,-2.776153519417306,0.018673798936678747,-0.620904195621475,0.6226563235858701,1.936316210865794,0.14776815355744385
12,627,31.35,case1,16,20,-807.287299911453,-565.9688669587918,54.404306349662534,-35.78573336565229,-14.429133827681731,3.23175629730993,38.72031591167499,0.08356130985770825,-2.758322864297985,0.024438922576951422,0.4249323387537695,0.43318063947844215,1.5497385884289163,0.10640173261664117
12,661,33.05,case1,10,22,735.1079183903228,-883.0992515110107,64.21306466126133,22.160724347316616,-28.927397098773923,1.0972636645939202,36.456768837316666,0.030102212294512324,-0.9170826738683556,0.006217842495670634,-0.48517214776207285,0.5582596117736448,1.7834140846482276,0.1377703218122892
12,661,33.05,case1,18,22,735.1061651359005,-883.428746847617,63.77930200819044,21.907846162563033,-29.38125125214337,2.7753021930922985,36.754781333686196,0.07558054041877985,-0.930091244432208,0.01387585194302519,-0.20004553703308403,0.35738520039134425,1.5402971964336138,0.13064923628947006
12,662,33.1,case1,2,22,734.848368864854,-883.601175763809,64.53088875076355,24.277395726143887,-27.76173293892774,2.110886134605639,36.93997291944602,0.057174829159012897,-0.8522544763886403,0.010143564069788356,0.34412792450910834,0.45525859936285734,0.44663435564596043,0.08807864130557248
12,662,33.1,case1,5,25,815.4159414363022,-208.45032935669477,42.08235571631283,31.118538708093983,-13.301647283434203,2.132354044071762,33.90935277396644,0.06292546853769108,-0.40394474634385025,0.015737482142926827,-0.23793015336518392,0.38906347643291345,2.4399801856380168,0.1768141557869452
12,662,33.1,case1,13,25,815.4124818168156,-209.71195072593463,43.430256131460766,30.557354078479847,-14.468769610461498,3.622001919623872,34.00317750187418,0.1067219844707868,-0.44222008289126885,0.016328647985434527,-0.32768303107877006,0.6664429772804835,1.640243269700199,0.15820755539747774
13,535,26.75,case1,12,24,873.1004322948536,154.72227091688438,49.89430320643712,35.26529748283463,4.882571532441294,1.2766565807772494,35.62457807957128,0.035844073524955174,0.1375779496169825,0.009557376916837926,0.15875787392676405,0.3482990628486596,1.8845052511368252,0.16426863330585015
13,536,26.8,case1,4,24,874.1072515343907,153.62872897774474,48.69456710061448,35.6176912473353,1.4364643638994465,0.3108423902434168,35.648001103159075,0.008719881055818357,0.04030823622509135,0.014263241556014761,0.335422666118516,0.523530680026416,2.7994621472278967,0.10017863506976266
13,567,28.35,case1,1,21,-774.0648438996483,351.92334545181546,48.474745027256326,-36.79261686880536,10.368601332602351,2.218278001927505,38.29001576054755,0.05796604424671768,2.8669044654124685,0.019520146596342148,-0.307751194023024,0.33285260650752624,1.8390128163983732,0.15253118866802212
13,567,28.35,case1,9,21,-776.6107546212971,350.5901378795565,48.78783629053543,-35.95431766709438,10.427328339313837,4.3782438209175805,37.69099566418477,0.11642436933473428,2.8593204485956836,0.009571186152472337,-0.7303349008153299,0.783905376224049,1.4853958767294506,0.10823770615711066
13,567,28.35,case1,17,21,-777.0032298801632,351.2581234353385,48.366561166789886,-36.26500226882554,10.344117673755413,3.5144486921263898,37.87482685922154,0.09292482567069903,2.8637343851960004,0.014635001556531978,0.030809109059518253,0.22436813782686457,1.2367336686483261,0.08906909939892825
13,570,28.5,case1,7,27,-662.1773834240092,-613.5395449265291,50.89843154416372,-25.997978188748885,-24.795538808127684,0.008086350711500486,35.92650386660379,0.00022508036990748367,-2.3798631570907873,0.012191555788891794,-0.05865271881023207,0.1093447155371964,1.8287492365881166,0.11298888072412179
13,570,28.5,case1,15,27,-663.009949860684,-613.2007020290184,53.74108218948392,-28.310919973237596,-22.32371712480192,2.02671849484871,36.11044341816643,0.05615505840990345,-2.4738912225969254,0.01738015567391176,-0.6420594092113979,0.7974747020351504,1.353784493033528,0.09267123136054504
13,584,29.2,case1,14,26,-520.8453356350714,-621.8527618454726,48.009683274623676,-24.692751703695585,-23.32511784194668,2.338351183119714,34.04792204080387,0.06873233878289575,-2.3846685612266776,0.014275162523188313,0.6280371803428899,0.7117106648229266,1.9257687845073435,0.16134467331212493
13,585,29.25,case1,6,26,-519.4628063778068,-620.9740068566779,47.681561301956364,-25.331818285050918,-24.038686481788684,3.280369289459502,35.075921770807376,0.09365883843197871,-2.382380898797267,0.029507415093447675,0.509501376983881,0.5428436642790658,1.2966305992542317,0.14287887303922728
13,603,30.15,case1,11,23,375.41542990912455,945.7091472857179,52.39450607329133,17.84031315860165,34.43063994533228,-0.8044730559675555,38.78650432224931,-0.020742543334592897,1.0927326069220964,0.0088472774570581,-0.07979428059583848,0.1776625074302092,2.47774816144276,0.14844734225254422
13,603,30.15,case1,19,23,377.04101141627126,945.4197984923202,54.27543174369146,19.388568097746262,33.7632103664136,1.7405909778580289,38.97307537364538,0.04467623154357492,1.0495248824046242,0.0135967891502702,0.25151872496650807,0.42846570322872596,1.6681680337950016,0.13163504918909594
13,604,30.2,case1,3,23,375.5657100181469,944.5924554058998,54.58673500964454,19.383568928232727,34.570400612162,1.7946820664741183,39.67437745700168,0.04525073363973345,1.0597764808877563,0.019361096839467413,-0.3749298248779672,0.3757737606088537,0.48111245519384505,0.10944600076054214
13,626,31.3,case1,0,20,-807.1504419102432,-568.7972006014601,53.60319110099546,-34.513756114592894,-13.65740593103911,2.25708372065313,37.18626796042886,0.06073402979494824,-2.764790828599881,0.004446820565221159,0.007486664910883317,0.1330920019755363,1.2107899100969293,0.12300394496225323
13,626,31.3,case1,8,20,-806.5736382452609,-567.2872105034,54.222754211159405,-34.61493333602438,-15.796085945949107,2.485121741537248,38.12985406659045,0.06522145340987996,-2.7134811232793536,0.018662927440284617,0.5824360521878678,0.6231549642638978,1.932980807300433,0.15010129623712715
13,627,31.35,case1,16,20,-806.3946608118179,-567.991664234462,54.992122737804195,-35.37599930541864,-15.399442439257557,2.986313358057342,38.6978322618916,0.0772468424708787,-2.7310238451906828,0.02320838348773615,-0.07646772789537654,0.39090109453522015,1.2014046660608424,0.0979292856283052
13,661,33.05,case1,5,25,817.9688839474627,-209.61126015589323,43.25965894354725,30.451475619896833,-14.421439598982008,0.7470017558808196,33.70205185384929,0.022166689949864073,-0.44229526971801963,0.011668972024411183,-0.11261568321545617,0.12895553522718864,1.3315265599293178,0.15268630943920264
13,661,33.05,case1,10,22,734.0468938387488,-883.9186521416053,63.788977146463964,20.77186280989491,-29.780341746277692,3.4847378508035853,36.475778771768645,0.09568159373512324,-0.9617485045329958,0.009273634306904784,0.22430463272818035,0.512466684122637,1.8289159940884474,0.1387163472401934
13,661,33.05,case1,13,25,817.737850070538,-209.21061965032106,43.61952483075916,31.20593172633843,-13.861280281878495,1.685387210696756,34.187509356659326,0.04931832307743938,-0.4180096263738717,0.024455253092069074,-0.6475010269504214,0.6774126613144396,1.607770822459446,0.16075088964810452
13,661,33.05,case1,18,22,734.4965555301306,-883.8587412782406,64.3358034276834,24.269493118033576,-27.558961804325786,1.3041725684554308,36.74514305356394,0.03549983558035889,-0.8487815387356702,0.010906135582045756,0.2520834453530787,0.47296345880818225,1.444999847627159,0.13014276874819505
13,662,33.1,case1,2,22,734.9565100020598,-883.4416282595462,65.49974796745735,20.85049240873183,-30.45744269473879,1.820171587842078,36.95553914907843,0.04927294656200724,-0.970495920657447,0.013005476500129027,-0.10849601074190346,0.13089227935667358,1.400875675173104,0.09576781683968048
14,535,26.75,case1,12,24,872.9146250267695,155.528556648246,49.564617052593725,35.349807414428376,4.239736341207268,0.8422497402898067,35.613110410425364,0.02365219620422375,0.11936644309834583,0.010672824800174863,0.0778114486541299,0.20646494936727233,1.9565548528544723,0.166266077852743
14,536,26.8,case1,4,24,874.0007233416959,153.6452745584055,48.95207598502119,35.462067282695855,3.565151041143655,0.049446922972959204,35.64086086091085,0.001387366568624363,0.10019754866307214,0.01215622141209447,0.14691361179703455,0.3461040009576424,2.586619479254429,0.10016772534351015
14,567,28.35,case1,1,21,-774.5678594905544,350.13851704636755,47.46386225295623,-37.118939463850964,9.168331569633681,2.1759604723546078,38.29632847505128,0.05684965311551293,2.8994406869797014,0.021658931971687126,0.18751308710734313,0.4131567803869248,2.2814405114668683,0.1598031764816949
14,567,28.35,case1,9,21,-776.3725447710306,351.1867642980344,47.979098143013836,-35.99568178178058,11.16076787834357,-0.19245683417515252,37.686720289811596,-0.005106776849159874,2.840933593654197,0.01236814612561183,-0.08200158342046054,0.21005207926530803,0.8415195162323765,0.10520139694184621
14,567,28.35,case1,17,21,-776.8893433171036,351.4204324676076,47.940316859381504,-36.133536164176355,11.314210070282849,1.4482297728517692,37.89117515619309,0.038230078667941814,2.838141098682755,0.014383550379945055,-0.20894176074786663,0.20955003388181245,1.1264804205589296,0.09065449635684023
14,570,28.5,case1,7,27,-663.9323226591006,-611.6726399696008,52.08642458486224,-27.987835408741955,-22.431644528394592,2.057502053126582,35.92674382425584,0.05730072335683644,-2.4659509199055925,0.015275821856485157,0.4533673226609181,0.7516415015553095,1.8877968807667926,0.11093249003632233
14,570,28.5,case1,15,27,-662.8292076811306,-613.7013808591652,52.334871265415856,-28.12621601816669,-22.65477601553321,0.6999199354273432,36.12219251001472,0.0193776648458614,-2.4635262516566794,0.015451658297907586,-0.07653406583821454,0.21732814451519886,0.9668605802056047,0.085014120288397
14,584,29.2,case1,14,26,-520.2259530954087,-622.6967365605204,48.344351953601596,-24.480042048627585,-23.41835162691978,3.433308926996945,34.05112717389584,0.1009996827563619,-2.378356331522074,0.014193349176826506,0.20485027633276778,0.7263116163105668,1.431553756712257,0.15233392097212267
14,585,29.25,case1,6,26,-519.5780180527635,-621.0349146219997,48.20179504689115,-26.015772590101758,-23.47556882898352,1.2693435504073116,35.06471143975369,0.03620793941879568,-2.4074757160719322,0.0303818173088203,0.29880065720619514,0.30248592659429385,1.1740998925019959,0.13835923504377037
14,603,30.15,case1,11,23,375.04396335846377,945.5414974995316,55.50198732122314,17.56664727208982,34.39835400210994,3.3454466794441844,38.768877568502006,0.08639952307782478,1.0986390576545486,0.006251099245630254,0.47828844766473544,0.47976689459515753,2.1007598439223787,0.1480090792642569
14,603,30.15,case1,19,23,375.35936802443604,946.1256155737818,54.28410927330893,18.612430981524238,34.20837516664734,1.4409466721371595,38.97065364984325,0.03698360366716066,1.0725019515149816,0.01064465046845384,-0.3384522727334883,0.4726212012445456,1.1701070303385315,0.12943500317154114
14,604,30.2,case1,3,23,374.35516429184173,945.0003044461431,53.826934716126416,17.61277608512408,35.45331578779764,2.660237486947615,39.676496131349374,0.06709853326020145,1.1097217480586745,0.016944722040561244,-0.035148092927686725,0.3528690142065974,1.2827023428351831,0.11696725204660927
14,626,31.3,case1,0,20,-807.0114365089386,-569.1020505550911,54.47423664241769,-34.7477482156014,-13.0272313837222,2.4132015302606713,37.18787847142559,0.06493778373210993,-2.7829020731515923,0.004226419540999172,-0.6339009369190225,0.65846995798165,1.3942234045794695,0.12291763493444681
14,626,31.3,case1,8,20,-806.3410345351228,-568.1870184027516,53.54065506291462,-35.096357220658334,-14.815194687519783,-0.011410204720914266,38.095201981114926,-0.00029951816234428724,-2.7421561709276854,0.019939393642502717,-0.2854607803123785,0.35676795354962276,1.923185090341686,0.14625986971686777
14,627,31.35,case1,16,20,-806.9941796764367,-566.7477324093747,54.09179755878367,-35.96113716255735,-14.11701851770887,2.5714998892248446,38.71829295738491,0.06646455594015772,-2.76751371881547,0.02555430067359512,0.45901153539352024,0.5463043710860721,0.6876103124055742,0.09776129101629764
14,661,33.05,case1,10,22,734.9170210827107,-883.2423556064626,63.37054033284481,22.820325962890344,-28.414076967549416,1.191218068279685,36.46294074065592,0.03267509532052651,-0.8941470143934693,0.0051265477929674655,-0.11372851021563732,0.2749076622787247,1.9199747798311937,0.13981020936447933
14,661,33.05,case1,18,22,734.2556799800524,-884.0961050698538,63.76912634045717,23.003549042318216,-28.627754152427837,1.1230155800977681,36.74197518298834,0.030569682339544355,-0.893900498651107,0.011703671890806426,0.3141216107435014,0.31463013492746533,1.5754256471153207,0.1310344624423626
14,662,33.1,case1,2,22,735.1296854331151,-883.3444431691354,64.47707115158569,22.889361618237732,-28.840751893057014,3.1337684045197225,36.95311014597408,0.0849058926179556,-0.8999414983417459,0.011840107124542622,0.08298597530347987,0.1331646933849652,0.6889778179307118,0.08992430622105811
14,663,33.15,case1,5,25,813.2572384760838,-209.13929133370598,44.085228388958946,30.30262518984673,-15.196108697184826,1.4534749610179272,33.93056737508667,0.0428498536502083,-0.46482954246340996,0.016400640613180632,0.1483537772053668,0.22308273306365237,1.7298784002286056,0.15872369357450167
14,663,33.15,case1,13,25,814.2458359821167,-208.69712643100797,43.06161100191402,31.29733307325175,-13.136168820724679,1.9989850880957536,34.00114601255472,0.05882561876316672,-0.39739137105452,0.015971435622001144,0.24391628676528354,0.4053738442731574,0.8096029299218261,0.13526969295849367
15,535,26.75,case1,4,24,872.3256944252281,155.55214836198888,51.062827173175286,35.070112256248066,5.480976053824694,3.170878378912921,35.63717640136909,0.08909452353166576,0.1550321200783133,0.012165070737507805,0.265448372818607,0.2879623688794305,2.446049359285596,0.18016971244301513
15,535,26.75,case1,12,24,873.3921755606029,155.18571542772597,50.1111579932695,35.47759081304328,3.0430704473584522,-0.2605732429271455,35.60881388168172,-0.0073177267118656256,0.08556500789132282,0.013506223886187722,0.09542942402569654,0.2744050003734162,1.3887192701436495,0.1523983401459028
15,567,28.35,case1,1,21,-774.7022250522913,349.9654116239754,47.81822410292742,-36.66010872764086,11.094336004344704,-0.1367160933556965,38.302304820858126,-0.0035694035725531773,2.8477275812882614,0.02182655952464261,-0.27816983185910504,0.2790550181161325,2.2364291135610834,0.15828983640736383
15,567,28.35,case1,9,21,-776.4369796892441,350.9864251306407,49.61899438814112,-36.31122608671375,8.96537980887756,4.81667813846722,37.71052324388325,0.12807756713247448,2.8995301745480333,0.008758044031059967,-0.05615182726557902,0.35035194296617644,1.6381416241420548,0.10766959440044425
15,567,28.35,case1,17,21,-777.4249438279495,349.85965186114123,48.78106141230272,-36.47078432980436,8.864472005793056,4.872106752109169,37.847515080603905,0.1290881144659908,2.9031593700405294,0.0163255927342043,-0.6391825518610819,0.6706625682110078,2.515887371144541,0.10649223379032793
15,570,28.5,case1,7,27,-662.8056062669924,-612.5456486131247,52.75481902770422,-27.0576255031861,-23.635260617016158,0.3388925464996716,35.92847743034785,0.009432561471666044,-2.4236039394473545,0.012463321211755037,0.1270936298957685,0.27159105294127117,0.4567104491980886,0.10602571896471814
15,570,28.5,case1,15,27,-663.1291241048079,-612.8488802941317,53.3170848713329,-26.201046739669533,-24.594609206555468,3.5838491428109447,36.11417487574591,0.09940023864482082,-2.387809443346826,0.016239962112389587,0.36757110464651754,0.3702615075620469,0.9938745951313552,0.09437602325534233
15,584,29.2,case1,14,26,-520.3525774696568,-622.3970462936946,49.19308304238626,-25.070241999192593,-22.864991271312856,2.8252806737714655,34.04859865869489,0.08307340203976442,-2.402166873944432,0.014476649706381782,0.11305621857031106,0.18957560765298517,1.8942959917045035,0.15805614045111974
15,585,29.25,case1,6,26,-519.3667478633541,-621.1494713462224,47.84715521343164,-26.75300489284321,-22.576395997895194,2.2491355029525306,35.07813475031009,0.06416189024517487,-2.440660778956674,0.029999442749473148,-0.08102086762754454,0.1257864742717057,1.133542017489865,0.13966307761282482
15,603,30.15,case1,11,23,376.11100125400054,944.9960324375099,54.59897966954262,18.398701236372624,33.92653731380641,3.4250496596802336,38.74600761964611,0.0885130172399581,1.0738762935353423,0.004771324195455982,0.2253900060178324,0.3161160403039056,1.8967868869100553,0.14841580881340266
15,603,30.15,case1,19,23,376.27330354353916,945.5396380962837,52.972930363783064,17.40613418792827,34.86270733647935,1.419896612530027,38.99228098723452,0.03642286550716095,1.1077276005942713,0.011188285968013719,-0.0753131811977707,0.2793488356475415,1.9683747896500363,0.13999906800377043
15,604,30.2,case1,3,23,375.2758408548254,944.4485185482446,54.15032906801734,18.410205446204046,34.900265075675165,3.8201804959322176,39.64288014190359,0.09651462787147753,1.0853844437110267,0.015564804839384407,-0.17545653098139857,0.2710414292929845,0.6186874136997913,0.1162063602944555
15,626,31.3,case1,0,20,-807.7600567230892,-567.2565256058789,53.95172774256639,-34.14905379727856,-14.653369573542468,1.5849073629072636,37.19396518868677,0.04262485559823815,-2.7362541391860904,0.004293192740887918,-0.09099219160964983,0.09179102408455643,1.2140942022506886,0.12709759384720012
15,626,31.3,case1,8,20,-807.0737536328053,-566.0621157314298,55.209923948733994,-35.733310531441205,-12.483368014630116,4.13692436820617,38.07647701341808,0.10886266733819258,-2.8054986128315487,0.01832443550327687,0.19660038721782164,0.4398027226189513,2.7841488145564988,0.15891852855371263
15,627,31.35,case1,16,20,-806.946801758816,-566.8774939969538,53.79903745633059,-36.815812042588114,-11.79849286216128,1.168752275678257,38.67782868848185,0.03022222948003819,-2.831460232911301,0.02180789111334555,0.431612242765929,0.5705214440455659,0.598795320537061,0.09639418551328838
15,661,33.05,case1,10,22,734.5765717039181,-883.3638731561549,64.74068975015902,22.275490474462767,-28.796947339394777,2.1411956879726435,36.469800807242564,0.05874525450421728,-0.9124012234604194,0.0065402252314262785,0.256571228106678,0.2587166294610371,1.8321933077884223,0.13989144644691143
15,661,33.05,case1,18,22,735.2773165768391,-883.2471787364693,64.00820815339257,22.904839362812112,-28.682518546468437,1.614163656067602,36.741312724415586,0.04394735093972919,-0.8969313391766478,0.011830318921936893,0.15867849611242807,0.18015083250142205,1.6187439457995123,0.1315131194876741
15,662,33.1,case1,2,22,735.4499315339469,-883.0711473216268,64.42349449222007,23.328818583988472,-28.50294950692981,2.8875695057981896,36.9457705938048,0.07823676058245047,-0.8848940168904981,0.011319427637946498,-0.4003400249046354,0.4383994129972135,1.0627563610788098,0.09275501572959434
15,662,33.1,case1,13,25,814.6714241476018,-208.87551992409644,45.02858782331243,31.396241965178678,-12.31088794850803,3.8349157720748743,33.94095683088023,0.11322964791344077,-0.3736891708657267,0.015649279053474567,0.0010830277843782155,0.3270152874176437,2.7705256933410447,0.1878320739679744
15,663,33.15,case1,5,25,815.2801560087477,-209.7770029201008,42.709318560251624,31.3607264128491,-13.061758190987446,0.26361773201850686,33.97313913211485,0.007759670854239968,-0.394649524452849,0.013610252970169894,0.08882768046856257,0.47525252882088365,1.288425779389101,0.10151620610384716
16,535,26.75,case1,4,24,872.2691594243605,154.05893005663827,50.51274599997291,35.34648075094477,2.931620437694254,3.227422387736471,35.61438410441038,0.09074581125400427,0.08275012994532674,0.011282069819833164,-0.6244114190069965,0.6497468113978645,2.8715985633636207,0.19024731833774788
16,535,26.75,case1,12,24,872.8490041093916,155.78851565920866,50.948930554322345,35.32585225333686,4.170529233322389,2.102883700578218,35.63328880932462,0.05904889259698072,0.11751488736042247,0.013360820575590229,-0.3710910531825717,0.45356073962433524,1.918759033115511,0.16504840506919918
16,567,28.35,case1,1,21,-774.2813430117332,351.32789113079644,48.76360532090911,-36.513411389992704,11.005323613533541,3.4964409434207093,38.29584126826667,0.09142812290809678,2.848847396039497,0.02054022672201635,-0.05146836963564888,0.0597099431903485,1.7387783041886067,0.15135834579596882
16,567,28.35,case1,9,21,-776.2024405337207,352.16932544624603,48.07255988555437,-36.03050037322108,11.10408792093149,-0.5069252238264326,37.70616261147523,-0.013444499799167885,2.842642989420321,0.011906498594820642,0.024707656678102125,0.05717392906566965,0.537898468701169,0.0980689171450839
16,567,28.35,case1,17,21,-777.13869412072,350.8834778130665,48.44684822897684,-36.9347194439538,7.967165501524799,2.5338286944210613,37.86911029302032,0.06696019896633518,2.929138552989621,0.015067619875922159,-0.08157267536124557,0.20833400932919977,1.552143023659389,0.0909594095895726
16,570,28.5,case1,7,27,-662.5462786190077,-613.1088954085152,52.43020778157194,-26.263151959006056,-24.46253869145506,1.4276358765527908,35.91945286677958,0.03975595126060423,-2.3916766597411883,0.011663908823112974,-0.07405456506996225,0.18311349910997538,0.3178257915476623,0.10072094621065357
16,570,28.5,case1,15,27,-662.8992398668036,-613.3523210112321,52.9847737920223,-27.234082398143837,-23.552017820785668,2.898215712344856,36.12191082729119,0.08032062125704557,-2.42856927966005,0.017097153196620477,-0.280730394642284,0.38392596502106696,0.7981008821625688,0.08834366761080023
16,585,29.25,case1,6,26,-519.683449086207,-620.7262346941374,48.43860145672347,-25.577277074285355,-23.98492578458928,1.0500184605184348,35.0795710662837,0.029936948668757398,-2.388311782118858,0.03565545347580691,0.6972543470423587,0.7872319076538883,1.5067876881745677,0.14417689858689695
16,603,30.15,case1,11,23,375.93257349426983,945.4176246558626,53.925856704227826,19.684007329426098,33.35469648624421,1.517043343153469,38.75948068201351,0.0391499297405781,1.0376568889387479,0.008228048061635318,-0.01605256368235991,0.15939661056604107,1.5725056332985263,0.14059937330022398
16,603,30.15,case1,19,23,375.7579668300898,946.1155231552099,54.038050668329156,20.33568087024582,33.18808907628519,2.2764603206571468,38.989376047629285,0.05841990691831039,1.0210615616148007,0.011703016914801101,-0.4770378065869858,0.6255308098817816,0.9809700873781535,0.12532305860007367
16,604,30.2,case1,3,23,375.33657766107245,944.7667344462576,53.205703915694144,18.390700788977657,35.143730191689585,0.31766020052391974,39.66611343828602,0.00800843764464794,1.0886832328780842,0.01797516429958946,0.2307749429018826,0.3107150129431415,1.141532248595168,0.11224910276968227
16,626,31.3,case1,0,20,-807.5547269285127,-568.0605290408575,53.82980289310059,-34.20420665974358,-14.511585816940489,1.3917291743167874,37.18132308349879,0.037439613464517206,-2.740346256638663,0.004418150199527425,0.22676770216278877,0.25985561373991434,0.7519217908068588,0.11993068051180161
16,626,31.3,case1,8,20,-806.811095901961,-566.9284651043347,55.316987439015314,-35.46099984367499,-13.88267963969802,1.40473732447704,38.10753981618838,0.03687080461137808,-2.768442650584991,0.02177283644463491,0.22320438727315783,0.732094073324428,2.31354122432655,0.1519446316464509
16,627,31.35,case1,16,20,-807.4765524147662,-565.491881443101,54.135923002979524,-36.665290595466836,-12.121952041027933,2.659574634151747,38.70863718822498,0.06876169777115743,-2.8222941071220267,0.0239736558225001,0.45480435351611276,0.5236351940272267,2.0174633500890113,0.1115051928087807
16,661,33.05,case1,10,22,733.9563797159508,-884.0571485733523,62.79025243152738,21.079209819215244,-29.726132498710648,1.808681556780991,36.48626274239719,0.04959190114461956,-0.9539798925044389,0.008805269416911095,0.1974416092640688,0.5277759710621255,2.303931215856677,0.14378544716543382
16,661,33.05,case1,18,22,734.5082873245228,-883.9754105454901,64.10138588836412,22.1089379434817,-29.308343540603953,1.4242484518466647,36.7397961580542,0.03877553950865618,-0.9245129162409018,0.011814262507513653,0.21321486107809015,0.31885529673329416,1.3655554130397056,0.12762705616695996
16,662,33.1,case1,2,22,735.5170073970838,-883.1368130119769,64.62974242656043,22.928134325676304,-28.85547365867516,2.6469535148827106,36.950562467068096,0.07169640787454237,-0.8993657810504128,0.012484781248518505,-0.2966190173738651,0.30639449907954847,1.1511675403090695,0.09092045644276268
16,663,33.15,case1,5,25,813.5461099617088,-210.22777153053423,43.42606586677681,30.49911134319777,-13.795563496970686,4.784195697522444,33.814226198390486,0.1419610431969874,-0.42478715636056136,0.012458554839986988,0.6150222447724488,0.6620985124165115,1.9001537441181784,0.14829631846120167
16,663,33.15,case1,13,25,813.8077743547008,-210.00525907956558,42.56394544273608,30.658946856137945,-14.911010027361984,1.653707821074525,34.132740761929206,0.04846828694220024,-0.45266892329592545,0.02036572059990775,0.3030694192264632,0.3037590122589676,1.8343191288829879,0.14307431933129244
17,535,26.75,case1,4,24,872.0480400316511,155.3080511031049,50.84930034695933,35.37502156237453,3.098558463746877,2.7548490935627523,35.61716452246056,0.07742343696374307,0.08736872074262401,0.013002885107141099,-0.46538949339527824,0.4979980131926136,2.687339377295207,0.188630332849293
17,535,26.75,case1,12,24,872.996008294031,155.08838290741141,49.82348285514815,35.170815529424985,4.569017710582134,3.4087147901677994,35.62978423124624,0.0958169208945311,0.12918585747611075,0.013288706315640709,0.06570953031977378,0.3544353356908684,1.8573762734911274,0.1651570276411876
17,567,28.35,case1,1,21,-774.5696482588263,350.6715302654992,48.13610896181123,-36.94873227585429,9.630598004250654,3.169290337096576,38.31450947034357,0.08281237896907466,2.8866181063292893,0.022540986186526342,-0.19237753780571543,0.33765414931425347,1.7435845886364256,0.1511991807595974
17,567,28.35,case1,9,21,-776.5447440266025,351.7664984293639,47.03309399391319,-36.283504349188384,10.08843172087124,1.624675858232157,37.69494281848131,0.043113987574548526,2.870398130156537,0.012009321277422203,-0.4275196298905719,0.5746630264265339,1.4289537439608626,0.10080091927587921
17,567,28.35,case1,17,21,-777.0674803299172,351.76609130929535,47.99158773893735,-36.911095716628,8.276861941768969,1.8699799896732008,37.87389940007439,0.049393926147227596,2.9210038271808183,0.013127854325933223,0.027624560095431544,0.3340409771724919,1.2170876498815364,0.08092213512945916
17,570,28.5,case1,7,27,-662.3125396195395,-613.3177944426428,53.285866081675806,-27.775522508516588,-22.775711580607403,0.8877143572624471,35.93049854099182,0.024708944473594497,-2.4547796726982734,0.012218560588670276,-0.01667936696344327,0.5581674032853314,0.9135294422173007,0.10365903776976189
17,570,28.5,case1,15,27,-662.8778660754218,-613.4154636579668,52.98265266779759,-26.349178584888755,-24.425600246617204,3.699704336691722,36.11892816356602,0.10261114886822736,-2.3940609055755577,0.016685962248420113,0.006724748811007902,0.24477787246622817,0.8308352107709688,0.08746330041294807
17,584,29.2,case1,14,26,-520.6198405843768,-622.7329867382873,48.01504825742687,-24.4278922700553,-23.635411779752687,2.1146955185462506,34.05622627203518,0.06213421304068454,-2.3726812611777657,0.01419956696647832,-0.02036170944648083,0.028836768331205947,1.1648616115364263,0.14441544370034284
17,585,29.25,case1,6,26,-519.5860357582146,-621.7209999277866,47.03385902847314,-25.529163624515476,-23.734343041501095,3.747020296126077,35.058485364865895,0.10708366244031217,-2.3926114488496113,0.029678604182955468,0.14028239341833862,0.17518588289196446,1.117044006650011,0.12843810990158994
17,603,30.15,case1,11,23,375.24197732533895,945.7356487937773,54.44674332160057,17.574518285338776,34.42128597519991,2.917166528719327,38.75820534679697,0.07533702369878027,1.0987275433445236,0.005566077392247366,0.31728287602271354,0.6573670601715139,1.5213437015032523,0.13985269851151672
17,603,30.15,case1,19,23,376.54412967878267,945.5727890325503,55.23825267056809,19.823268005820545,33.36277784039971,3.6785293061924578,38.9816428272972,0.09450629863315288,1.0346722642566812,0.009983031997133473,-0.025062517389834144,0.3455753837691962,1.5728245595477865,0.1306726913394316
17,604,30.2,case1,3,23,376.0101142261694,944.1906981625442,54.82032493543764,19.734694053619645,34.262978896094765,3.26019505676285,39.674157130711,0.08226703792796715,1.0482279783949373,0.017757183716016058,-0.2992875377110429,0.3383027997139223,1.0528684757559783,0.1153235028901638
17,626,31.3,case1,0,20,-807.4040240057171,-568.4473468988326,53.97692326250562,-33.89867032147385,-15.00415577915629,2.964949216144647,37.18918477277336,0.0798108172416434,-2.7248946777054313,0.0036222614830218906,0.17463163537271156,0.19020736807806224,0.7737620003218683,0.11866191925755537
17,626,31.3,case1,8,20,-806.8040788303038,-567.2592855566758,54.18057578908484,-35.458081508458264,-13.919072982054045,0.679541058037042,38.09826653523457,0.017837480724317428,-2.767525067330566,0.020139920968376055,-0.37271327353287653,0.703677279235827,1.764953702228881,0.14508631860095614
17,627,31.35,case1,16,20,-806.5789360132118,-568.0553087862222,54.354571161014526,-36.21207746152643,-13.090885933358003,3.8167438467723622,38.694358531853915,0.09879890554625555,-2.794704433148533,0.023497963876141142,-0.07225962439941372,0.12395176182544826,0.8209798057792803,0.09131586932377109
17,661,33.05,case1,10,22,734.1627296836903,-883.6573384900184,64.52758206095899,22.080029752720638,-28.813278704645196,3.5302393830745573,36.47184302574247,0.09694533989437638,-0.9169355153345737,0.005551682985306858,0.22306283528749268,0.4657386865991947,1.8482621798242547,0.14059332240662153
17,661,33.05,case1,13,25,816.3311526475493,-209.9865529325949,44.48084246682358,30.78981438760246,-14.334766926304441,3.594250796885888,34.15284543995416,0.10543539546961377,-0.43572498056115017,0.01930187055648441,0.4213569679939905,0.4747615810515858,2.9057687283302864,0.19398651624257476
17,661,33.05,case1,18,22,734.9512956319998,-883.3798457038934,64.95013474798468,21.781818961853745,-29.557218617602317,1.4513959500359548,36.744841269210696,0.03950959033665593,-0.9357078515144329,0.014003044075323151,-0.2610762359640349,0.3247007555057923,1.719679190469495,0.133667659087105
17,662,33.1,case1,2,22,735.1674710078858,-883.2977786762573,63.84404576909772,22.08078804779189,-29.624366887767298,0.35726655088814974,36.94985728931759,0.00966910684002427,-0.9302720900848228,0.01222152452417041,-0.14685267028146828,0.16268873402660136,0.7405797198177717,0.09169633005228431
17,662,33.1,case1,5,25,817.7018148273673,-211.54735842168657,43.52974584778461,29.675661323697206,-15.534255381188308,4.219630874152607,33.76037988472372,0.12531539337759606,-0.48224516664038025,0.013474155739160795,0.2020245112820073,0.35222004652042016,2.236852557369456,0.09093019342631815
18,535,26.75,case1,4,24,872.2775168134152,154.64334208869877,50.48172386728888,35.39300838259937,3.821698159225003,2.0185196533414205,35.65592294110332,0.05664134335577454,0.1075621549142078,0.01339314908604166,0.26694111404303067,0.46541875186406484,2.592888282924762,0.1856975785860221
18,535,26.75,case1,12,24,873.2010143474682,154.21894062409137,52.295695119509716,35.301739365325545,3.9887771584433267,2.3605079601674825,35.60470675721271,0.06634630151099517,0.11251375256138978,0.013960095870522979,-0.3198707569250756,0.7012503596606219,2.778167806790654,0.17081184031939287
18,567,28.35,case1,1,21,-774.3090283314832,351.3849752440197,48.79883985491958,-36.937466083936684,9.54360050089475,2.991653718969417,38.26756724952443,0.07825711657392304,2.8887502789966497,0.0213135633173587,0.10301732348442547,0.4152312484276201,1.7083365498436385,0.15026037271247078
18,567,28.35,case1,9,21,-776.4397118109606,351.20978084116155,48.07064201768108,-35.771939495504434,11.883855116181168,1.0975018145220543,37.71023969594061,0.029107659250134255,2.820851951841262,0.012428198287042667,-0.3100229340323293,0.3140956552886203,0.8359025181056751,0.10349789924651498
18,567,28.35,case1,17,21,-776.9594902734998,351.25176169503203,49.015097731788714,-36.62876899978096,9.065375395551758,3.158872728784498,37.865897934926195,0.08351969359235765,2.8989746130994964,0.012981045049139352,-0.02305102411248411,0.25382293355595753,1.3940186672998818,0.09003578024618808
18,570,28.5,case1,7,27,-661.9893208281705,-613.8086285483153,51.51623412835444,-26.453762428980077,-24.302153917156485,0.4076891349784058,35.92439898025939,0.011348774037909029,-2.398560409791195,0.012567320395022171,-0.45171475523069393,0.5199285359481465,1.5195950089047547,0.1080263441312359
18,570,28.5,case1,15,27,-662.2212885603166,-614.1881732842742,52.36476656673223,-26.428738070884812,-24.36622688243307,3.5074930543895646,36.117775624091685,0.09726594841586066,-2.3967768352680596,0.016374303949073202,0.17007339242669917,0.2982216981009206,1.4121301358270928,0.09330575730604314
18,584,29.2,case1,14,26,-520.7305422654514,-622.037551013398,47.81986887405323,-26.64526573438563,-21.17956202830624,-0.009873694862018056,34.03739313250571,-0.00029008376058814347,-2.4699866852561083,0.01455809918455357,-0.14452817139093932,0.17662555232582092,1.7956970632730365,0.15795942045289485
18,585,29.25,case1,6,26,-519.7953191786671,-620.8171495202422,46.33580716631813,-26.96146249728145,-22.44934788885185,0.2558175855135159,35.08502705234911,0.007291425253793984,-2.4472602856038708,0.029991159811184956,-0.1298297438079195,0.3233706060532017,2.1660431655889196,0.1487663768498632
18,603,30.15,case1,11,23,376.23157480676355,945.1365597011802,55.523478195707725,20.090925806718804,32.983474404984165,3.356280121047158,38.76621595985687,0.08668597550016653,1.0236972117582837,0.0073283485878075875,-0.3020769280160511,0.3726665611428568,2.0652975287611746,0.14503014732146421
18,603,30.15,case1,19,23,376.1379268798022,945.9074968212759,54.575875687584805,18.744474903305775,34.05057668740292,2.886785758887253,38.976026531229195,0.07413356118294089,1.067577603914258,0.009215672034849149,-0.33967141072053597,0.40545829806213046,0.9906489138040356,0.12554026373101246
18,604,30.2,case1,3,23,375.18875547150543,944.7844349779747,53.79336999787162,17.84521981188335,35.438137550768275,0.30761288292309613,39.678811586126756,0.0077526506487439854,1.1043049718322901,0.018159348030796614,0.1966095453389396,0.3108867581344892,0.6557286920985562,0.11032001874643188
18,626,31.3,case1,0,20,-807.6156387856394,-567.6956293129318,53.400273288121646,-34.999652552087895,-12.302897554431956,2.4743261808309915,37.18143699550713,0.06659656833102531,-2.8035689414478626,0.004027503682198015,-0.19126351560906993,0.27605759016267567,1.1457996539501214,0.12491055715796406
18,626,31.3,case1,8,20,-806.390813129323,-567.4071355402365,54.997751257947634,-34.04797241179745,-16.889689916531005,3.0593933790669894,38.129856263549804,0.0803225050973452,-2.6811054808826023,0.02127566486404956,0.08967096800947413,0.1780142616718936,2.199964230828223,0.15350219292958006
18,627,31.35,case1,16,20,-807.1100362042653,-566.429116202719,53.8147672806683,-36.22927329651542,-13.132396396270435,3.772798380686523,38.720202560468266,0.09759230694008868,-2.7938431133488257,0.02374868442647757,0.14103141626695695,0.48907726333634505,1.037169649229382,0.1010053294282321
18,661,33.05,case1,10,22,734.0892216287774,-883.7567482534299,64.24979579864615,20.980004843504513,-29.8298916627053,0.8496643632748914,36.47882905703563,0.023294092222033748,-0.9578446289709034,0.006397806644606015,-0.09729708804448783,0.2894060382338787,1.8241544982974924,0.13997889947797698
18,661,33.05,case1,18,22,734.261752545518,-883.9911145504525,64.14562944558661,22.052912033075785,-29.375419502139582,0.8524321760921618,36.741976548358124,0.023202580450049824,-0.9268302859140606,0.011597613364023747,-0.19114945465575445,0.2615281035482355,1.5531021143801385,0.1317982353387184
18,662,33.1,case1,2,22,734.132874574263,-884.0839363475843,64.45378617620743,21.746272842991758,-29.767385347956996,2.5909398852696657,36.95552167815639,0.07016724555778317,-0.939866230060449,0.011973760688424788,-0.05768373743009647,0.27998249664656943,0.6987535130895263,0.09111914032243851
18,662,33.1,case1,5,25,814.8905835408523,-209.7497539899388,43.717447585243185,30.71339770784119,-13.006002671544667,2.150050022792681,33.42292056886654,0.06437305995856486,-0.40056849258189353,0.010704933851779801,0.33708110946667547,0.4092285539040654,2.1473967638197493,0.17534292068549803
18,663,33.15,case1,13,25,814.5068320926337,-209.07913443761507,43.08357347958912,31.694252143042544,-13.939337142629563,0.2316546175684039,34.62491014781829,0.0066904533416990535,-0.41434472296367625,0.02989467453661982,0.3256710003232184,0.3601561526129337,0.6192725456222743,0.12307606821542828
19,535,26.75,case1,4,24,872.0612622982715,155.44606349170127,49.49772867017215,35.224798214973454,4.513259338262838,2.968752715725617,35.636630197412636,0.08340287192581855,0.12743301712531266,0.012999805359532147,-0.3452167660656617,0.3522257453720765,2.776238100173912,0.1905688648818725
19,535,26.75,case1,12,24,872.9845857512871,155.73801475975114,49.502017139420495,34.9828847283424,6.183349744628361,2.4534325574846547,35.609765083401115,0.06895237142601672,0.1749466204922097,0.010715929854255159,0.4194224782721075,0.6248228839416567,1.9242187092339402,0.1642533774091996
19,567,28.35,case1,1,21,-774.4673781359772,350.5934533527654,49.21427944958204,-36.936057261833874,9.480588992960564,3.4198408255996813,38.286410186583886,0.08944178261716978,2.8903408983088887,0.019237403627307803,-0.0832067544895114,0.1997739450586317,2.0745744396269554,0.1548693730621007
19,567,28.35,case1,9,21,-776.519364290411,350.7720812656842,48.98403574290104,-36.32644757814035,9.597777093617399,3.1726507256892575,37.70668152215682,0.08423987694951254,2.8832860950570214,0.011039586544746209,-0.5553975268804617,0.5722666804487184,1.3805858609386452,0.10721433263546473
19,567,28.35,case1,17,21,-777.4564051846186,350.1931432783622,47.179204816088706,-36.56843281094232,9.845605494652185,-0.10750713432729844,37.87080384133217,-0.0028387905145359146,2.8785913384095196,0.016188782249025653,-0.30576824620735443,0.5012935379655219,2.5066154268867393,0.10517827627792568
19,570,28.5,case1,7,27,-663.0894868736034,-612.3738578854944,52.652212495292126,-28.074651279413857,-22.118655933126036,3.622904239908976,35.92417598053233,0.1010203716934433,-2.4743033595398645,0.011661200355459018,-0.02269031723298434,0.34041229902558046,0.7426266218223571,0.10400527068639233
19,570,28.5,case1,15,27,-663.5121493397673,-612.6278057070537,52.0295352109954,-27.05495703149574,-23.93294343923036,-0.44744622923361277,36.12418427825791,-0.012386651221590926,-2.417348620131288,0.017230087298838164,0.32026492584018185,0.6144422998715483,1.1497577006133421,0.09346535361758257
19,584,29.2,case1,14,26,-520.3534489563983,-622.3460117997181,48.83666822226628,-25.99410378479664,-21.750644174707546,3.3028375748718526,34.054260961522914,0.0971401988564961,-2.4448396080244126,0.014286129655909844,-0.16152258139569617,0.5922317342652046,1.7638700044865687,0.15756180974678546
19,585,29.25,case1,6,26,-519.010167397093,-621.7388390349307,47.44126841184845,-27.25768641305363,-21.72786851833134,3.689648748977312,35.052749490348006,0.10545524479757386,-2.468605308247743,0.029115425565455644,-0.10230129277098321,0.3925337605522172,1.0949561059348412,0.13644827218575067
19,603,30.15,case1,11,23,375.8214358879964,945.4046561317202,53.47675868913761,18.531196162158,33.931438768570395,2.725705762479201,38.7579313174637,0.07038449900205998,1.0709241967567602,0.00661950828353252,0.15122081894553144,0.16943199684646093,1.7982351021338845,0.1443033363295288
19,603,30.15,case1,19,23,375.7904528072165,945.934787959892,54.7808289243954,18.384127869443315,34.19652504192974,3.555668468527429,38.987450041281875,0.09132723610775914,1.077521363664766,0.008926296673289213,-0.1072101012429604,0.39494584578755837,1.1100328887891484,0.12828710551336597
19,604,30.2,case1,3,23,376.18593660061237,943.9914248496351,54.83533263668408,19.157647788914982,34.59860708652163,3.1793617565848766,39.67603082858539,0.0802190685361035,1.0651080365874714,0.019274207395476816,0.27748511506185736,0.4266239668295154,1.2939939143383952,0.11938227236081561
19,626,31.3,case1,0,20,-807.3523859029514,-567.8807902558066,55.03110819413107,-33.80806641393166,-15.39229639619328,1.663387976049934,37.184338135241106,0.044748496947423395,-2.714352643755989,0.004002255639650522,0.3434620944967024,0.39877496813316493,1.310047280346542,0.12790493294911132
19,626,31.3,case1,8,20,-806.8504786334797,-566.7968518853489,53.48093235837777,-35.43202140974001,-13.752634657154314,2.4799930846118388,38.088232656467,0.06515788745402147,-2.771350815538458,0.01945440251850918,-0.029209119562061014,0.05592933912958069,2.1616020320958587,0.1524741391279336
19,627,31.35,case1,16,20,-806.8291538946379,-566.9535887281218,53.73071538942966,-35.66325536749491,-14.997135868765016,1.1000676909889806,38.70390182653567,0.028426484344058568,-2.7435221524159954,0.023736399482475162,0.5813045697167383,0.6057746838484648,0.5159089129326457,0.09901441801045241
19,661,33.05,case1,10,22,734.19499435922,-883.8323307810206,62.90450093148425,20.57496401353705,-30.054598917739707,2.0128079360613302,36.47820521972013,0.05520640912439438,-0.9704902669120905,0.008290925747151819,-0.2065039613080621,0.27719000666105187,2.1608607751042257,0.14257818115843612
19,661,33.05,case1,18,22,735.8975381741507,-882.788151174679,64.19374272764846,23.386865301628127,-28.185142602617212,2.8350805198208375,36.7339817297313,0.07725551402448873,-0.8781714240828575,0.01158647243274331,-0.31750529473173317,0.607003585619828,2.059953557414103,0.13491495206855095
19,662,33.1,case1,2,22,734.6278873623612,-883.8721126767789,62.43767100395931,20.885230689087013,-30.4599367010303,1.3998224357466411,36.958897543335546,0.0378841747160068,-0.9697579230118974,0.014902953926024934,0.056583647724919806,0.38479595410337175,1.7370658677845403,0.09975345656942285
19,662,33.1,case1,5,25,814.7412835477847,-209.10580723026933,43.8483025030899,31.081634299668874,-12.810557104618349,3.0613075447575238,33.757220974965186,0.0908107678510214,-0.39094362931487386,0.009777792074722074,0.6092195829938907,0.6516630338471083,2.3011797088343124,0.18213805962524116
19,662,33.1,case1,13,25,814.8295806530053,-208.5606283526077,43.529356078922056,31.406109049282023,-12.91801106716054,3.632287071909735,34.15277741149963,0.10655560161787477,-0.3902281171396945,0.01916911341713636,0.447753865732463,0.4525981928452517,2.349702246196173,0.1830659699813116
20,535,26.75,case1,4,24,872.1983232102966,156.76924988467732,50.221272926464984,35.17514323275898,4.500355311836729,3.376076965629856,35.62220929498539,0.09491695416442557,0.1272500368817778,0.012641670539762648,-0.3799073120473321,0.6298980773317794,2.7433666776565966,0.18356193362310033
20,535,26.75,case1,12,24,873.3268061826411,155.41901514012915,49.799026654978135,35.211701619597,4.398452382018833,3.050785234534121,35.61625478418062,0.0857621975554611,0.12427081687702796,0.011446531597029803,-0.01959117794933729,0.5104572019997535,1.4950484016484562,0.1546161390003766
20,567,28.35,case1,1,21,-774.503506603126,350.7540032762464,49.10579045969921,-37.06607160539283,8.726713078747471,3.8426458264623,38.27290310862921,0.10057066172464323,2.9103669008982247,0.021143460143149873,0.08528318913088484,0.10116231058860542,1.912072597263914,0.15171018145914825
20,567,28.35,case1,9,21,-776.5865753817286,351.1617337921844,47.66655468524459,-36.149109249996876,10.678890979338357,0.7729299354243252,37.70138237255869,0.02050280497830641,2.8543500678276983,0.011415852381669186,-0.2839074575923254,0.29390086791458175,1.1364741579531659,0.10215616689832496
20,567,28.35,case1,17,21,-777.0748118728062,351.4113073483699,47.80484421631406,-36.22302115984585,11.051324081298981,0.9529292482747894,37.88333538706375,0.02515696571626251,2.8454716261066775,0.01575023964815092,0.06589280763887823,0.18368850695137187,1.340611616332515,0.08726313205036347
20,570,28.5,case1,7,27,-662.996303984942,-612.4700001303572,52.726844231464746,-26.875049421867054,-23.717009422395623,2.38506660310554,35.922880731798905,0.06644295606720814,-2.41853525879678,0.012478451430922206,0.5828573413363263,0.5994667808738865,0.6295502481698708,0.1041076736475214
20,570,28.5,case1,15,27,-663.0045423176068,-613.0697823405253,52.94723115510822,-27.24762496742224,-23.247536237711046,4.637815447263297,36.11634449403558,0.1287687682386538,-2.4352466735268945,0.01683626779140508,0.32366426375026436,0.352279320736781,0.6906679397190257,0.09099234582751128
20,584,29.2,case1,14,26,-519.9122310348184,-622.9871455097472,49.284670749680785,-24.51660096475919,-23.52358503153476,2.3190143726247356,34.055845361134665,0.06814719333972698,-2.3768620733838137,0.014279225680575762,-0.2616022439373186,0.4615293497930915,1.8634600922585949,0.15522975984345666
20,585,29.25,case1,6,26,-520.0096638005123,-620.6233174871955,48.41443251964646,-26.26886785307313,-23.003380333503387,3.159531600572742,35.0598283650255,0.09024071251972629,-2.4223720892928675,0.030515094367208,0.4844128170233787,0.5594230101736047,1.6032496083322159,0.14104285621556062
20,603,30.15,case1,11,23,375.38711789051166,945.6512706279237,54.21904981530323,19.25893841145263,33.56912330050186,2.178609038960521,38.76259905172849,0.05623352713922693,1.049932130985803,0.007643521570968402,-0.052530607261469214,0.2702188300743227,1.51058670396961,0.14033862894531077
20,603,30.15,case1,19,23,375.8416404665535,945.9924126294277,54.248908364585795,19.79777127088066,33.35493325709092,3.7793694639569435,38.97161728006919,0.09713013906745603,1.0351340662525612,0.01066330253252146,-0.29401386267199003,0.4737190298598906,0.9881708836444681,0.12677191643791064
20,604,30.2,case1,3,23,376.30458209806295,943.9608702000687,54.60238072530767,17.996075480452152,35.08773905307117,4.459108025893271,39.684906563341336,0.11260061147005516,1.0968916660130108,0.016444436357988285,0.3918131540387259,0.4451727655375486,1.3078168298592983,0.11965920293464669
20,626,31.3,case1,0,20,-807.7464947387236,-567.5914716303453,53.95817870695509,-34.58521038146712,-13.105179794591697,3.812911405089445,37.180919945073676,0.10273081860072063,-2.7793858678666075,0.004124257039022919,-0.19079735527571218,0.4437112488476339,0.9146500689459108,0.12157139783532589
20,626,31.3,case1,8,20,-806.8476380729882,-566.7643030521717,54.44819245677658,-35.45171413314063,-13.908296516211806,0.9518717404551206,38.09423587330594,0.024989891488545156,-2.7677273813194874,0.020335544731785497,0.7581510756895666,0.9006023098709723,2.1116261021252942,0.15145384976355725
20,627,31.35,case1,16,20,-806.7431760047592,-567.4760130492144,54.15861711484911,-36.93026313637593,-11.514774196866767,1.6269251374102602,38.71797057607143,0.04203227243824981,-2.83934765460258,0.024124941576083792,-0.4145871848038039,0.5642537258594038,0.2646007456669534,0.09266706385069957
20,661,33.05,case1,10,22,733.4359201750294,-884.3484813287663,64.28009565212331,20.99923695834352,-29.660706147861138,3.0972814628940935,36.47353279410723,0.08502099633640618,-0.9547335840188789,0.006222388966950224,-0.03996629235468452,0.04764810179036328,2.1866026597389103,0.14246634358623272
20,661,33.05,case1,18,22,733.9063588604547,-884.2830064437118,64.48769340846476,20.43892731844563,-30.404547622457617,3.0134810879645593,36.75958833178789,0.08207019657570286,-0.9789502948649436,0.014198416962387935,-0.35434258318507605,0.4366050192327835,1.7656950400196207,0.1325042066542738
20,662,33.1,case1,2,22,734.2913534245786,-883.9967555549662,64.81595915606225,22.722773299082583,-28.65621788707514,5.272060896647939,36.94993743013633,0.14316979093310955,-0.9003727153491811,0.011823446164168225,0.4544745195647336,0.8675713367106938,0.8002641090615823,0.08986921978632421
20,662,33.1,case1,5,25,815.5127636232047,-211.13090161221555,43.048653655532284,30.688150517423903,-14.590657940105062,0.13613142587948585,33.980412196886725,0.004006184187286769,-0.4438148147651622,0.018856649219497368,0.3279421020943961,0.5183271686462719,2.3509767038390326,0.15416175140364496
20,662,33.1,case1,13,25,817.3655569911721,-209.29492980904914,42.778883991003816,31.177384261991026,-13.38334976678769,-0.0679242787529539,33.92857135376711,-0.0020019800839033612,-0.4054773141535727,0.011724258495648369,0.46605045628552405,0.560309273561505,0.9496377693156716,0.11003622373842739
