episode,step,time,case,defender_id,target_id,defender_pos_x,defender_pos_y,defender_pos_z,defender_vx,defender_vy,defender_vz,defender_speed,defender_pitch,defender_yaw,load_y,load_z,load_norm,dist_to_target,tgo
1,535,26.75,case1,4,24,872.1582715566257,155.1463637754582,50.576143097735375,35.43279229805325,3.232549935090071,1.906172007053028,35.63096463527623,0.05352317688688251,0.09097861272299541,0.012341258681893676,-0.04503870461922427,0.25043920548236387,2.570959277558387,0.1861846392305885
1,535,26.75,case1,12,24,873.0031547244404,155.50341291556035,51.195880527377454,35.25640748108611,4.8080159403358715,1.6424936126430474,35.62062704420687,0.04612709971065195,0.13553673633684996,0.011822145068693996,0.5674450692014084,0.7178081793642406,1.858375124655833,0.16220686254021807
1,567,28.35,case1,1,21,-774.8101474522099,349.77653060564813,48.5173668306407,-36.79339184091595,10.584577324657033,1.3960167746521932,38.31104048620886,0.03644708889898931,2.8614802370330286,0.024994775376507423,-0.3317612620943712,0.3385050472411453,2.300852029534917,0.15767599597548115
1,567,28.35,case1,9,21,-776.5902061844397,350.8361370748356,49.17691074557964,-35.905948029697186,11.431270676180413,1.48935917027418,37.7111289133791,0.03950416391234443,2.833371680476214,0.012816758327534301,-0.42500519153656435,0.4522464493947397,1.4739653292676511,0.10670707809838406
1,567,28.35,case1,17,21,-776.5700972272318,353.18436145806874,48.732690617048725,-36.433342162923736,10.21684712077025,1.3314807107659,37.86218729990397,0.035173755008630854,2.8681892008997116,0.015394633702183493,0.5660665984384563,0.5961047070536527,1.6036477194290812,0.08389597281771934
1,570,28.5,case1,7,27,-662.7329347795683,-612.9175545774578,52.759205512369306,-26.960110363693172,-23.737431110648156,-0.8945897364337694,35.932067535167185,-0.024899268021247114,-2.4196758541517727,0.012533840754967395,0.27942444170739383,0.3224190728179964,0.3296507905288467,0.10009486185467843
1,570,28.5,case1,15,27,-663.5837842433803,-612.7689388072507,51.671694002025866,-27.934181447020745,-22.829687116019198,1.8491789704248949,36.12385042869977,0.05121235705812631,-2.456411321049999,0.016754711038555803,-0.15947482139614674,0.21709809721941623,1.3915240468849,0.09204624751193297
1,584,29.2,case1,14,26,-520.6479459462998,-622.4066611140138,49.02306118263839,-25.750002057206697,-22.227573177703952,1.7767459575819795,34.06294822111141,0.05218434440265155,-2.4294812359971187,0.014519513468531062,0.2695625274270166,0.4062890855355687,1.683340209963556,0.15177100942220473
1,585,29.25,case1,6,26,-519.0096446535428,-622.056282854651,48.84019389775106,-24.790403744684237,-24.734289427373472,1.40822463033288,35.047571783377656,0.040191196000863044,-2.357327547051522,0.028191308919753397,0.27249170907554626,0.4136137314521569,1.1587757071744436,0.12949423212003464
1,603,30.15,case1,11,23,375.7506750824752,945.2786717198748,54.283703571219846,18.035136311546353,34.27643367321642,1.5599601274201766,38.763043259393385,0.04025436014871156,1.086434735412026,0.007654343751394013,0.309514116313505,0.3196219437811513,1.6801675898915929,0.14512580220809254
1,603,30.15,case1,19,23,375.6430312544821,945.9054909928414,54.110666411120405,17.093263877360847,35.03166398304864,0.9208476594654043,38.99032074520879,0.02361953603441472,1.1168451701608215,0.010024207151046505,0.5587771535459733,0.5639378626405294,1.1844237346561266,0.1313355769779162
1,604,30.2,case1,3,23,376.386663698812,943.8139763939707,54.52404068140251,20.73834100220529,33.53450831493067,4.280610379355633,39.6606311178699,0.10814162562770077,1.0169441977063833,0.01736777823838442,0.2862851756297324,0.41012746485849394,1.457301873015689,0.12172789008427835
1,626,31.3,case1,0,20,-807.5865506086905,-567.4245147078062,54.24616295317819,-33.292558095897974,-16.26934194358417,3.15158327936539,37.18895520195189,0.0848469072066697,-2.687043570158785,0.003991604805902173,0.42727283019209844,0.4546145075536186,1.1272321987769869,0.12813237314437448
1,626,31.3,case1,8,20,-806.5860917413471,-567.4353127708389,53.22300239629197,-34.568699170230126,-15.73992878378234,2.9060137091669804,38.09442526299977,0.0763586693061015,-2.71432082602095,0.01781181602520949,0.19785392239969515,0.2810547427463864,2.0524719481942073,0.15093894760804885
1,627,31.35,case1,16,20,-807.040992208239,-566.3237744142743,54.376213754361274,-36.02496531847134,-13.6660715017268,3.551091619249152,38.69327962548114,0.0919047344070475,-2.779013727383574,0.023285570088609542,0.44133994116821057,0.5900075949650087,1.1310600924445011,0.10367256897842177
1,661,33.05,case1,5,25,816.8975036481863,-208.93751828028292,44.41157821902837,30.083064725540634,-14.787499841477329,2.8168772579570214,33.6391993413808,0.08383611248092207,-0.4568693213273455,0.0121550804281617,-0.41633925552408085,0.4404239501133039,2.558613047650418,0.188556828879421
1,661,33.05,case1,10,22,734.4315245081533,-883.5155614016696,64.61538287364135,22.773341272234823,-28.393268645219266,2.2427173182732396,36.46686932039749,0.06153896758408681,-0.8947954858653215,0.005157929838656731,0.4143164283974881,0.4866093153725929,1.7716796264145334,0.13894425812269362
1,661,33.05,case1,18,22,734.9233916353859,-883.4633120901525,64.59851954357661,21.514192205635045,-29.540327814464685,3.897841683928529,36.75166123374581,0.10625877218556776,-0.9413291080721451,0.013492533059490514,-0.42865831379595565,0.4320671442775968,1.5450954467914082,0.1311315609209955
1,662,33.1,case1,2,22,735.7098908211968,-882.8652204713051,64.43750214533317,23.494308456449396,-28.452805595909552,1.848746629973704,36.945399446037264,0.05006087554871746,-0.8805626336037424,0.01214532726046302,0.01232190700353994,0.5383078290054898,1.3888009028353254,0.09570247162739424
1,662,33.1,case1,13,25,817.28042875375,-210.83747914759854,41.619441996076525,31.058885181647526,-14.435664988926089,1.702439480228791,34.29199720901529,0.04966580308201111,-0.43507985026940577,0.023659030308227202,0.1205978146695093,0.37863559341951164,2.489887191110932,0.11918161099783804
2,535,26.75,case1,4,24,872.2083163738769,155.19454845314252,50.11616237657967,35.27514668176401,4.962512324613397,0.013365630358772163,35.62250244763808,0.0003752019020003671,0.1397629376836445,0.012963894161267723,0.1362207734243263,0.630811239350531,2.5237931061705567,0.18516222548111508
2,535,26.75,case1,12,24,872.9796826076353,155.8044743591812,50.53947385963274,35.02840483576653,4.479294498253269,4.705462005059235,35.62575749680967,0.13246741031527184,0.127185800669909,0.01229621976412007,0.08441758010799716,0.3614461135553963,1.716568691712907,0.1609034451651725
2,567,28.35,case1,1,21,-774.7782652675269,349.72474593103544,49.157964161736786,-36.31948012188706,11.923335946843295,2.699523448896265,38.32176931297113,0.07050199244438987,2.824387602359866,0.023422382112967505,-0.6186997639851693,0.6714997916984244,2.5019900180674224,0.16034993846625806
2,567,28.35,case1,9,21,-776.7998640413637,350.99140386993423,47.94264746773967,-36.66693974526434,8.461863304850846,2.149373125577757,37.692007185951006,0.05705559045654522,2.91478702595638,0.010487504158785816,-0.09077075624848407,0.16905481977481604,1.266167023872931,0.09803796618923971
2,567,28.35,case1,17,21,-776.7992507122767,352.26701084315283,49.646324710936064,-35.97093679758078,11.677086441074794,2.1662757674618907,37.880805067323685,0.05721785049885435,2.8276994363202657,0.017655051037677415,0.2229406593952882,0.4223203954232554,1.6877839761520261,0.08671436964434902
2,570,28.5,case1,7,27,-663.0479456536011,-612.40324512958,52.965779465512796,-25.881413206126528,-24.76721830815017,2.75270007833075,35.92826199513513,0.0766917231048958,-2.3781894619074406,0.012452040610904238,0.6135662647359359,0.6183093146115878,0.8025273533900487,0.10507309938488303
2,570,28.5,case1,15,27,-663.1119910802738,-613.0297374500365,53.162422019895956,-28.20609151918041,-22.467548171396185,1.9375139352480113,36.11271631810143,0.05367762018469826,-2.468959217337685,0.016849191414734475,0.0009603235269695087,0.0244756086055552,0.8925287770710889,0.09051624797578828
2,584,29.2,case1,14,26,-521.6028514741995,-621.6483349726327,47.91234986415611,-25.720722592873326,-22.288957431133525,1.192308121027595,34.05546641468731,0.03501792694245082,-2.427553811011921,0.014296518072261196,0.39115871640887373,0.4326110962368682,2.149901876208752,0.15540777944037948
2,585,29.25,case1,6,26,-519.2327875388387,-621.9898012112985,47.674682116135834,-25.80106708719045,-23.711980904315112,1.2673291763823815,35.065071288757096,0.03615008332233616,-2.398362118992729,0.029123745010195403,-0.2280065511346063,0.3602834865499311,0.7154373477864425,0.1257641434574319
2,603,30.15,case1,11,23,375.2995225565934,945.4717955042961,56.25389466439619,18.074405133881232,33.986063649104885,4.414811708027306,38.74567338067588,0.11419135479224198,1.082019391922924,0.006842217921422097,0.1389286115803512,0.3677830205912261,2.501201494555975,0.15007387195210115
2,603,30.15,case1,19,23,376.0616794583381,945.7639744059484,54.320798587471764,17.664640787265586,34.76388495090729,0.7262760137314743,39.00121418457593,0.0186229585702627,1.100664338079287,0.013518058420697615,0.6660843221022885,0.6991331135018786,1.134018373554962,0.1300891387558683
2,604,30.2,case1,3,23,376.8955005082066,943.5110046595984,55.51227944338582,19.738245181886207,34.22806343944602,3.574478567254283,39.672856548309646,0.0902211935950379,1.0477090470105308,0.01795200492880653,0.3848266785306597,0.4176857285361652,2.333571430011463,0.1304166066240547
2,626,31.3,case1,0,20,-807.291232942683,-568.5553230695416,53.990507825243384,-33.15592026579675,-16.504708976936424,3.2459065942179284,37.1787086476067,0.08741681574214256,-2.6797140407615445,0.00435237745381537,0.3365673783259113,0.33738152744443156,0.8956415424274391,0.12020466624298602
2,626,31.3,case1,8,20,-806.913744043786,-566.5938891392509,53.710719787927026,-35.655162886738964,-13.376565705772459,1.435406030571606,38.10883809608129,0.037674873515613626,-2.7826774191582953,0.021322054774684938,0.645698933372229,0.6792598910929085,2.2251660558495225,0.15324028220519045
2,627,31.35,case1,16,20,-806.7060474076247,-567.1140223608517,55.494517900917245,-35.78829645438675,-14.246146618335242,3.8085456609790267,38.707362046901856,0.0985527721404658,-2.7627536013658447,0.024575542542693077,0.6193843384935175,0.6220709268005987,1.4824751711364517,0.10284132034579993
2,661,33.05,case1,10,22,734.1499274877709,-883.7513255444434,64.7555274499466,22.20248410665414,-28.927312770451316,0.8460018471627777,36.47540875372267,0.023195839213877217,-0.9161721862615029,0.004087495924587922,0.4028612861708706,0.40743184901213364,1.850060332794971,0.1395595000631401
2,661,33.05,case1,18,22,733.9927726746203,-884.3348556148783,62.50723276761279,22.026192635214386,-29.418794620686278,0.4647352769319281,36.753702096731935,0.012644921065976316,-0.9281203074570686,0.013932871415460539,0.47517785350068703,0.7289161757491024,2.397633890893104,0.1399074514486251
2,662,33.1,case1,2,22,734.6202838486734,-883.8573825055412,64.00510188058567,22.5486523152009,-29.2369720781179,1.1863626112912387,36.941165571404625,0.03212044387546996,-0.9138411228166154,0.010821556696101683,0.2592950934562147,0.3811022512497247,0.25322268532014713,0.08685265239704187
2,662,33.1,case1,5,25,816.3352096685368,-209.20258644318162,43.28278862785437,30.36010087189889,-15.069882972840738,2.9587342212667678,34.02339204075757,0.08707174549030146,-0.46074044368607475,0.018088933506349554,0.029890773964489248,0.22866240615580563,0.801259190433806,0.13619510628082002
2,662,33.1,case1,13,25,817.0175128262346,-210.14791772642207,44.29060970894211,30.796486942957895,-14.068363742278315,1.564502823082793,33.893806742475256,0.04617536578804327,-0.42850859693986176,0.015457976924153087,0.6268369198934206,0.6307120516731034,0.9668529519421916,0.11019257806110748
3,535,26.75,case1,4,24,872.4891123752789,154.93417981853764,50.30138330651204,35.25387039591285,5.131303257807633,1.167351102167969,35.64447165565988,0.03275570720998263,0.1445378989456904,0.01293002194001128,0.10326514827594743,0.12310616103055702,2.296680675426483,0.17850024648158244
3,535,26.75,case1,12,24,873.467625672327,154.9507042678887,50.062389528484594,35.411861629737416,2.4733042847560505,2.8069887438022016,35.60893657463662,0.07891007777337244,0.06973071063059286,0.012992665214486238,0.05895729650055759,0.21611244468686863,1.4239391195012991,0.15194006970543417
3,567,28.35,case1,1,21,-774.4488228347665,351.1779573268422,47.5701412735929,-37.07813931692406,9.026232775492925,3.3073401984668926,38.304044075149655,0.08645206255602492,2.9027993424887426,0.020236785583539897,-0.03864227357545488,0.28681961089900704,1.7324531474313971,0.15070205115354987
3,567,28.35,case1,9,21,-776.3978312481792,351.97087757628697,47.28432809226414,-36.245354527166505,10.276250632256781,1.2315996351641565,37.69408295101877,0.032679369776618054,2.8653236720105277,0.011001746351309802,0.07543624652341915,0.10391705694544105,1.1514748129491066,0.09971090731977372
3,567,28.35,case1,17,21,-776.8052120904593,352.28993471301396,48.19253056921357,-36.535431350668226,9.903621743478068,-1.0971647726404028,37.869819621376664,-0.028976064074849935,2.8768847504119583,0.01662403796549942,0.061620453539277364,0.5567742163279017,1.044547155852931,0.08141734311111642
3,570,28.5,case1,7,27,-662.6378050851893,-612.8956084131938,53.2488087149984,-27.421951294767307,-22.809315519439256,4.237295211412025,35.91911688762097,0.11824303061426679,-2.4477656590696046,0.009655216471135994,0.3489772329095344,0.3619329678717825,0.7197873165224022,0.10254669561836663
3,570,28.5,case1,15,27,-664.2169850116411,-611.8034355488479,52.532286100720995,-26.910455826613255,-24.022532033755205,1.9135923243779807,36.12362819115511,0.05299823230020918,-2.4128343032941415,0.019696041933292087,0.6272471424728526,0.7326012003089879,1.9913490032557584,0.10439329081256876
3,584,29.2,case1,14,26,-521.9023900558324,-622.349993763754,48.2682825741021,-26.810250937063017,-20.83352876353247,2.1676665157325115,34.022408118365924,0.06375609101095439,-2.4809886111611443,0.014539029436435192,0.09167774367488388,0.0995280212688799,1.572312238818783,0.13145987123326075
3,585,29.25,case1,6,26,-520.5540484361647,-621.216781415518,47.936049386846676,-27.59201407103681,-21.524149770344913,2.914052199847545,35.115523120921445,0.08308027147026363,-2.4791127601774066,0.03047559491128839,-0.10513105149612931,0.13008223892320747,1.2004404874305454,0.11796836302595765
3,603,30.15,case1,11,23,375.40705467021917,945.6860236639634,53.74519731834522,17.128834528258245,34.71006052677962,1.895997573484703,38.75280739337237,0.04894496487752986,1.1123756711094621,0.005144793372369114,0.6238815890762583,0.6606335477811982,1.6044147703937952,0.14080533377637833
3,603,30.15,case1,19,23,376.78750775336187,945.4253261825232,54.140655206701716,18.98428128260897,34.02132026550349,1.6366874279621002,38.9939984377343,0.041985137150914675,1.061823216509023,0.010726607243294361,0.006543340747148768,0.22463236881862705,1.5757914026987807,0.13315016242352085
3,604,30.2,case1,3,23,375.1345763225425,944.7237846141788,54.51965070558488,18.523293050992173,34.87650802699154,3.618123389170264,39.65569334243194,0.09136549628747902,1.0825708767005098,0.01528229745449056,0.09468878681234083,0.42854926354529155,0.5297309828974218,0.11096667637463627
3,626,31.3,case1,0,20,-807.8172293373497,-567.3855396884073,54.497319114545014,-34.42784950202432,-13.823671032827585,2.565722790961723,37.18808459167981,0.06904799448448935,-2.7597715935984484,0.004129250264508335,0.3526980880854448,0.37084500216196775,1.1207631286893416,0.12304432471686286
3,626,31.3,case1,8,20,-806.9429663744478,-567.0036872228917,53.479770225729744,-35.53623255332907,-13.421912417406348,2.8083714150114902,38.09013661080077,0.07379658675112861,-2.7804599835290125,0.01900065455081659,0.04380011445811541,0.30857916658701273,1.9557006673045179,0.14734509215473943
3,627,31.35,case1,16,20,-806.9540578562796,-567.2105860182662,53.75700561598957,-35.74836431184819,-14.838924554683203,0.8776493445434822,38.71575262453487,0.022670992322920438,-2.7481424719453496,0.0237639764265608,0.2015389582801859,0.2587244978320288,0.46146257482193187,0.09251077561967319
3,661,33.05,case1,10,22,733.2483725733624,-884.3882475591746,64.19762927754937,21.799314119106004,-29.149057568148454,2.3936239729436006,36.47748742578822,0.065666394689693,-0.9286684271946353,0.005274719871933936,0.3168575375500425,0.542613577863011,2.362669445780345,0.1465050165709051
3,661,33.05,case1,18,22,734.9986250821934,-883.2994583853105,65.58021000105408,22.52893232346868,-28.73150625399663,4.09327292535202,36.73972137211031,0.11164452498348536,-0.9058139470987687,0.010158720265775138,0.001780510810585112,0.13940565931998067,2.103248139680135,0.1365874546458077
3,662,33.1,case1,2,22,735.0169925260479,-883.443064987514,64.17381697976944,21.671165220808152,-29.83286500095496,2.45372346997282,36.954837234925876,0.0664467817264258,-0.9425585355488278,0.012668103894332844,-0.37290574843655605,0.45167991029265453,0.46601910894879117,0.08957615224151957
3,662,33.1,case1,5,25,815.0431581108608,-210.52393422862926,43.45606349279694,30.068176654256984,-15.527272338831464,2.381193985211951,33.924349933212504,0.07024905775354946,-0.4766830952753093,0.016498121069046256,0.2041286206289688,0.2540284015889795,2.264082364854198,0.16594629655778984
3,662,33.1,case1,13,25,815.7907938169283,-210.26118734429463,44.140539783004,30.487686666084954,-15.028964901044088,0.8946027981111997,34.002487238620915,0.02631295861178383,-0.45799329644415215,0.017525782239121185,0.15387840247355797,0.7300603978336774,1.559970964294223,0.14454765860217408
4,535,26.75,case1,4,24,872.1265038419773,155.14672070037028,50.29951601800945,35.437847864677046,3.7936034491260853,1.1804662714984375,35.659865241295606,0.03310954684113125,0.10664336169359877,0.013896154301413177,-0.3959929130128443,0.4078254561152688,2.5983761702576964,0.187221265892681
4,535,26.75,case1,12,24,873.0276034550268,155.97830063450098,50.62259182140784,34.95492162905779,3.827384176950052,5.496039933016235,35.59075541031475,0.1550436691165282,0.10906039646587594,0.011994577450155476,0.10005110696033306,0.39176146570998904,1.7063589330583537,0.15923032659344
4,567,28.35,case1,1,21,-774.6762479124982,350.8712269410324,46.94724665845815,-36.89403576203811,10.270070906473242,0.028585455377494462,38.296802064438666,0.0007464189303261486,2.8700991524792943,0.023180211094994307,0.11689012302068305,0.20715591729384186,2.0425564149464748,0.15139505132371012
4,567,28.35,case1,9,21,-776.8127354406367,350.55952976314614,47.46455484937573,-36.957729543864,7.237557463064446,2.1159727893563525,37.71913774085848,0.056127587168361526,2.9482066407797154,0.010392256308529451,0.6291666931339664,0.6825007484563967,1.7555924364944027,0.10666349588439011
4,567,28.35,case1,17,21,-777.0893664001901,351.8801070686857,47.33951836366679,-36.84938367107102,8.720575498331813,-0.10143312728884774,37.86734480577179,-0.0026786469742957177,2.9092132820382903,0.012862519653652753,-0.1428548377972765,0.14577926130718188,1.5399763958061838,0.08314352696129532
4,570,28.5,case1,7,27,-662.9356701620724,-612.4858788544841,53.11596289511495,-26.96578543803361,-23.64717741055923,2.2040392675808116,35.933276678721725,0.061375522426446005,-2.4216691092697937,0.012619434586647502,0.36561059760676484,0.4350892815793987,0.7882218319609153,0.10523045959600665
4,570,28.5,case1,15,27,-663.3302760439915,-612.8090467089995,52.29536053084165,-27.324682925737864,-23.579871475469563,1.2540844333291499,36.114005088852885,0.03473269198275821,-2.4296275627192863,0.01699786900565263,-0.2523190825553452,0.25983058510960383,0.8649937204395554,0.09146584488773017
4,584,29.2,case1,14,26,-520.5184832236371,-623.8079836330597,47.980742515002916,-25.94967142641464,-21.88928849437396,2.348609275569898,34.03002150246317,0.069070710354131,-2.440867622838187,0.014071232170141949,-0.5946649222825648,0.6400241815308744,0.6893995123290881,0.12454528599245139
4,585,29.25,case1,6,26,-518.9482256598329,-622.7616300531372,48.41097418622283,-25.492601457539955,-24.129522039639493,1.4787922994121603,35.1325118600879,0.04210428569238998,-2.383656771871425,0.03178101035444786,-0.5977702719590449,0.6084865755666221,1.128308226208996,0.11789728227352818
4,603,30.15,case1,11,23,375.26817029517366,945.5730405542029,55.96202469900575,18.72153930588906,33.57558852691138,4.7374728230345236,38.73318767748664,0.12261745841345065,1.0621416594270712,0.004027168279732659,-0.19784218629726957,0.2010839130395277,2.2479535496397287,0.14627084019818098
4,603,30.15,case1,19,23,376.96295663668633,945.2346203943206,54.128123720107155,21.791865294355627,32.2314533932247,2.702451035124668,39.000707973627904,0.06934792897361265,0.9762875310588309,0.01084863063696685,-0.1611755489895911,0.16323878995939622,1.8171886607336452,0.13562732510973904
4,604,30.2,case1,3,23,376.0636007446865,944.19536197498,54.453039027076805,18.680908162212347,34.929549784127786,2.2092499493461872,39.67279374112138,0.05571559644454919,1.0796848057595174,0.017999729200398808,0.017609117390199464,0.12819708805448987,0.9548212299817168,0.11519420378005263
4,626,31.3,case1,0,20,-807.7684712762208,-567.1159431349646,54.9723282136977,-33.933592787725495,-14.55640912167489,4.398424951709063,37.18499573828902,0.11856251741842791,-2.736366286861542,0.0036304887377249136,0.6687725101881123,0.6806665240306606,1.573917023159096,0.1294136487921937
4,626,31.3,case1,8,20,-806.7864157078684,-566.8834265042693,54.3720021905833,-35.333470340864345,-13.858378216858528,3.220888033694546,38.0904567162936,0.08466001863047103,-2.7678139465701626,0.01866554894841172,0.3010511718394298,0.34765970115431194,2.051421961023409,0.15073088096511048
4,627,31.35,case1,16,20,-807.1421599144305,-566.6851900265107,53.30890917515507,-36.37397097391441,-13.178485355218795,1.2431661265161844,38.70766981732434,0.03212231452284672,-2.793997692978319,0.02370102078987287,-0.2500218681603381,0.47673793138732234,1.0957161599027074,0.09809780932166973
4,661,33.05,case1,10,22,735.0625459157499,-883.1183582619357,62.46783243915176,21.952332370948607,-29.096786328809127,1.12714978692557,36.466400121634415,0.030914193256878674,-0.9244475594286281,0.0067963482875643124,0.03874051088941127,0.1553487583389383,2.5138387110601568,0.14759018998408507
4,661,33.05,case1,18,22,734.7023198902168,-883.6905240284354,63.53909682395709,22.595716899462772,-28.970885857797946,-0.4417651241304564,36.74335050061606,-0.012023284807712916,-0.9084038145092668,0.01333891343789056,0.1853646044141313,0.5938326534226498,1.5912024314251,0.13162006477877305
4,662,33.1,case1,2,22,734.2956205419023,-883.8535062579464,65.22211025035055,22.593528001998063,-29.24704901468967,-0.20373156812239074,36.95806935158519,-0.005512533623478024,-0.9130461291427568,0.012123156223558338,-0.149470895214395,0.7820037701333569,1.1216558732943962,0.09629196220213079
4,663,33.15,case1,5,25,813.0024928502828,-208.61931670995472,44.075137029783185,29.92563508966229,-15.848480899813241,2.4446399923757203,33.9513511814139,0.07206656779451451,-0.487042712758166,0.015063080370169337,0.09006435746552792,0.2873722214673827,1.9666280093416653,0.16911283178397055
4,663,33.15,case1,13,25,812.9083325252981,-210.39970364931753,44.64832664711106,29.212904239050143,-17.03114140578096,3.5290672399359155,33.998645079585295,0.10398754045303081,-0.5278261735337393,0.021621364771149707,0.3518535303434999,0.4836146302300262,2.7262024962882463,0.16552524353639153
5,535,26.75,case1,4,24,872.4782128101696,154.75381446125212,48.75498096696315,35.34276117171635,4.721286865761426,0.4707336424370886,35.65982202804599,0.013201056209353659,0.132799465227233,0.013111515976599509,0.07081141318251247,0.3303498009691002,2.882147710665563,0.18662839163132572
5,535,26.75,case1,12,24,873.1879832494479,156.56999221769078,50.71615373384814,35.08635274809319,5.422630948200175,2.463263934834956,35.588266953824316,0.0692710051132775,0.15333780573103195,0.01061578047480642,-0.37239233177627096,0.4043886786628214,1.7992798384485136,0.1549091816096879
5,567,28.35,case1,1,21,-774.3769499879837,351.11220236314796,49.00035793781306,-36.34117824984185,11.77393263819526,2.327294609944611,38.27170007403663,0.06084734468748173,2.8282806547420294,0.02040822891330167,-0.47520903597444647,0.4847691042219852,1.8019443239494435,0.1516848245183876
5,567,28.35,case1,9,21,-776.51816101841,351.06893734657143,48.566468472158014,-36.45990217200773,9.217163591171397,2.607619539900659,37.69721807671836,0.06922801421745652,2.8939778511970884,0.011314515872552318,-0.4398394678555868,0.48636553642238967,0.9953565209781695,0.10207617087999557
5,567,28.35,case1,17,21,-777.093146124417,350.9880035048374,49.01454593766339,-36.489083804370686,9.78357151692021,2.765928114281418,37.87904258085798,0.07308505691135092,2.8796308806176345,0.014831449400226541,-0.27376419695046705,0.29575726558338816,1.6132654303219975,0.09188568052671929
5,570,28.5,case1,7,27,-662.5617711406285,-613.1451666457765,52.80809331555111,-26.817818172787582,-23.716740187251226,3.004095733384667,35.92636535795979,0.08371588758227423,-2.4174831262624377,0.012656310319599427,0.012396007584057539,0.3158258001735143,0.4244988888582045,0.0993104253801454
5,570,28.5,case1,15,27,-663.4222519124723,-612.7341445868152,53.061262736027345,-29.854387042449133,-20.33096832296417,-0.4461562551373584,36.122454983482584,-0.01235153036614362,-2.5437295140401313,0.01778485947269323,-0.6806989812344444,0.8021202062987964,1.0572758840151053,0.09013554436568895
5,584,29.2,case1,14,26,-519.7347343751125,-622.7058314414007,47.848777142923986,-23.87426566279942,-24.24202683708737,0.8749833542228344,34.03559933331797,0.02571071991663473,-2.348551465467683,0.014870490655376897,0.22771013900290182,0.2858398989209041,1.807311192246589,0.1631514029325794
5,585,29.25,case1,6,26,-519.62254632872,-620.1023085206052,49.46028000890546,-26.995730888626426,-22.269671385451357,2.6357273968569364,35.09493993067479,0.07517355731645886,-2.4518324296397953,0.02980490527282798,-0.00934381611336832,0.28472615599444534,2.522649650866178,0.16241726779608454
5,603,30.15,case1,11,23,375.62257235234836,945.6847085818342,52.85516347756707,18.61121347140095,33.959683139818644,1.699490801247486,38.76242529587724,0.04385782730416628,1.0694603208247733,0.0061204507148348705,0.08850906705250078,0.15130750695758072,2.060820876414373,0.14382568236608906
5,603,30.15,case1,19,23,376.97028915539806,945.397206403806,55.04195355690746,18.980367194275235,34.01057278154845,1.809772818148027,38.990366469319454,0.046432579447200334,1.0617765114949835,0.012465300007540092,0.1305185446599115,0.5142917356639294,1.7650110790450573,0.1328588960904645
5,604,30.2,case1,3,23,377.0663881159056,943.642533615288,55.13933592861849,20.84392977240199,33.61041329491313,3.0849996744840884,39.66921367009014,0.07784671032173314,1.0156829742633675,0.01827132443339038,0.12269416399293875,0.21209251464478215,2.1923959226200673,0.12493522631844584
5,626,31.3,case1,0,20,-807.6152252197676,-567.9570847793203,53.674821714282864,-34.624576067670795,-13.445972901654102,1.6314726053423119,37.17952605937736,0.04389503604075454,-2.7711816232389626,0.004170127594411716,-0.15989687178563586,0.1690744583055836,0.8321057576734093,0.12023568739851762
5,626,31.3,case1,8,20,-806.6276955358682,-567.2241820130208,54.47771831229167,-34.53434338797685,-15.91923711184405,2.8382753018079745,38.13264730058308,0.07450053338999627,-2.7096550263643904,0.020478601568252517,0.13754877061970333,0.14019283021652384,1.9548646516308175,0.14973388141213456
5,627,31.35,case1,16,20,-806.5457802109211,-568.1484723951534,53.215856632297175,-35.68088742137168,-14.792956642995392,2.460818911474782,38.70417190863555,0.0636231126019821,-2.7485718858808976,0.02166529459807635,0.1543923700750783,0.2538872149051751,1.17427282176366,0.09526391756107679
5,661,33.05,case1,10,22,735.3099644375818,-882.7230928577272,65.15075131872082,23.928374049604408,-27.1482373048429,4.442780083585212,36.46000779331988,0.1221570997470984,-0.8483547307568187,0.005053160607915904,0.05678259256766274,0.05850856484821006,2.299845075671492,0.1439906362022905
5,661,33.05,case1,18,22,733.9831585692333,-884.1265580233808,64.68971287200576,19.224309318731198,-31.061815981865806,4.088004724417876,36.75761504097365,0.11144573091950236,-1.016592034549825,0.0139666998575508,-0.20914923123528828,0.21845283735955673,1.7886884454282985,0.13332876159756402
5,662,33.1,case1,2,22,733.6581337036566,-884.4686259560867,64.07093980673135,21.394385956099253,-29.971836970561373,3.1432093635865455,36.958226782839354,0.0851504851473649,-0.9508577341043802,0.011152708689914158,-0.046826974200793126,0.35541538302387643,1.2485357118716691,0.09541043933840522
5,663,33.15,case1,5,25,815.6307019237524,-208.83390474297877,43.266952800430225,30.641576596373724,-14.247301377398506,-0.7629157531287187,33.80050078469595,-0.022573054510170748,-0.4352299874589477,0.012860835841984863,-0.07847532276685679,0.585100865347111,0.8020551072168609,0.09497113449116831
5,663,33.15,case1,13,25,815.1259957175021,-209.90572360377337,44.77097356798689,31.09645156403081,-13.615397643724487,3.5776378058626395,34.13455500135882,0.10500270239301393,-0.41269921794111236,0.01964314896632865,0.31024002074104284,0.4189482911561543,1.6268126351745524,0.10469371310321901
6,535,26.75,case1,4,24,872.1785562465243,154.47802660723858,51.50902105024748,35.166276770053656,5.202391128421731,2.1554643111417584,35.614293783784376,0.060559459555910286,0.14687167002413667,0.011728491048754579,0.06835556660740075,0.5858539612665772,2.962042558903211,0.19145568041031505
6,535,26.75,case1,12,24,873.0656490568929,154.1303442924529,51.575513166189836,35.35736518223997,2.546596233176279,3.632588925973062,35.63459172363569,0.10211734862973812,0.07190033428648457,0.013867528551634681,0.1415141561149239,0.15685587851332028,2.486948303532547,0.16984039380161867
6,567,28.35,case1,1,21,-774.7897654064611,350.13516488643324,48.170389680699856,-36.91803134911943,9.783343566455228,2.9094283093108944,38.302997573569684,0.07603147313071343,2.8825452714195894,0.021520894543923322,-0.27781567361604936,0.38933221875830426,1.9976142670710946,0.15292062623149857
6,567,28.35,case1,9,21,-776.2669156791194,352.58260492423665,47.99446406328581,-35.98325132435558,11.226148189232203,1.0414004562938126,37.70815951420472,0.02762088889806793,2.8391792255177553,0.012381304330409855,0.5417493663702034,0.6499837745966339,0.9246647669195432,0.09415679324706236
6,567,28.35,case1,17,21,-777.5611547591614,350.05087547168534,47.45879042387849,-37.0681616471571,7.757843608124465,0.5460103185468091,37.87520128812315,0.014416536781774417,2.9352844948873638,0.019181932798542852,-0.3786984811487444,0.43957716074097286,2.558854650438096,0.10288164950687953
6,570,28.5,case1,7,27,-663.5923646228126,-612.1145167327188,51.269723008059856,-26.607951671182256,-23.990487020314823,2.6667046037177125,35.92544882184986,0.07429718130291697,-2.4078785673018768,0.013962451101865616,0.793959127473225,0.8851226967786019,1.8193230094956452,0.11171966020484138
6,570,28.5,case1,15,27,-663.1047996012403,-613.3791841574899,51.38041025158723,-28.451358141569845,-22.24717685161344,0.5995821825941824,36.12168540863676,0.01659971600342012,-2.47796303064209,0.016073650668444364,-0.29608057774574104,0.34711185880512174,1.427908715734738,0.0910835117743837
6,584,29.2,case1,14,26,-519.6917332724186,-623.4078231498436,49.97259928991762,-25.568621252470443,-22.085317138814055,4.29243846088844,34.057901488711714,0.12636962703706828,-2.4291605508930294,0.014738487431709135,-0.22918382874104987,0.3246094732791372,2.3780692770990326,0.15623941926665094
6,585,29.25,case1,6,26,-519.3568835124688,-621.7589724258097,47.2085137159841,-26.42193155536497,-23.043983410434077,-0.08743463337261406,35.05925389040482,-0.002493912856239356,-2.424377035462516,0.028891846237511155,0.4355087321076444,0.43666080454431433,1.0305775359260723,0.12959149553282584
6,603,30.15,case1,11,23,376.16144070134567,945.1705748074538,54.83329068542372,20.636275388326478,32.73375362413816,2.0839664289913875,38.75174066162435,0.05380331764077762,1.0083032370975862,0.007128552834965947,0.2756165360379709,0.5052999995087947,1.760985753373601,0.14324438221850605
6,603,30.15,case1,19,23,377.15424877097405,945.3101084431127,53.71623733859798,18.02572550207773,34.43345017769887,3.1841101017978044,38.9965104612797,0.08174215463591723,1.088530177427162,0.011486053863648033,0.5550498134194524,0.6739901717007679,1.943408030136719,0.136465583890458
6,604,30.2,case1,3,23,374.8729313490878,944.9355324169201,53.339349179195516,19.080776630221862,34.71962935744784,1.9078446012109112,39.66318911224039,0.04811970781730536,1.0682853027350874,0.013215385754123244,0.037464296131697744,0.29512391514719777,1.178866629963784,0.1136727409367965
6,626,31.3,case1,0,20,-807.893056250912,-567.0316029808338,53.516328316256754,-34.120689559214775,-14.224048656334707,4.03135465593341,37.18597634237941,0.10862410431733745,-2.746624376885641,0.004028406519398938,0.2141811330176238,0.2164457902355426,1.5141402554941636,0.12991191971686158
6,626,31.3,case1,8,20,-806.3978685056414,-567.9363063472259,52.93654736463927,-35.15534071398757,-14.683719549542316,0.5529180936143857,38.10269437906471,0.014511769042541273,-2.7459375204086256,0.016078968038987455,-0.006526340431137229,0.145533086189849,2.1770632645520696,0.15035801645554386
6,627,31.35,case1,16,20,-806.3992763416538,-568.2957007028238,53.953310462062646,-34.72745599836827,-16.98469691078231,1.5930321496779576,38.691263622420635,0.041184557733731794,-2.6867146671386193,0.01810941018603256,0.4866984565281417,0.4873597135813147,1.0150324282231278,0.09385861178373126
6,661,33.05,case1,10,22,734.112352167209,-883.5951587524859,65.51587915152481,22.096883654122294,-28.840155942942573,3.2664330823546943,36.47871224589163,0.08966363598398627,-0.9170172772234163,0.00636427812553827,-0.08397367426647093,0.45684799251392433,2.2896939223239414,0.14552392115919827
6,661,33.05,case1,18,22,734.3995989929518,-883.8785377185555,64.09561846424181,22.636182309923207,-28.8255873210002,2.608147082603957,36.74389289627847,0.07104152585645757,-0.9050951248438611,0.011327811610018688,0.11130912364427153,0.25634288564000635,1.510771891165412,0.13166569035687328
6,662,33.1,case1,2,22,735.3750776247155,-883.1658355341442,63.3234877508591,24.685085840106826,-27.400348658529804,1.9659943400312845,36.93233953173659,0.053257498737862535,-0.8374819589834382,0.010439730993593101,-0.07770765177992583,0.10180337501715182,1.240794346790818,0.0947398587383988
6,662,33.1,case1,5,25,817.7750341401367,-208.8959446473791,43.756378362293205,30.69532932834264,-13.96391062334802,0.4983326350093584,33.72598965022937,0.014776460980976944,-0.4269376282947024,0.01327838559770069,-0.5383638525430615,0.607658870728867,0.9334062381080609,0.10098077066402644
6,662,33.1,case1,13,25,816.8840313691917,-210.24665763842805,43.13975092002306,31.341316573091092,-13.459599122463732,2.4000843592183365,34.193556966240074,0.07024889311418765,-0.40563569659109794,0.024555182041875328,0.7027880249380514,0.7075148645226813,0.9777584180947678,0.11474837418042004
7,535,26.75,case1,4,24,872.4770052055337,154.3674704309715,50.18596402283135,35.42997181258644,3.404382326014548,1.3550091330886733,35.61893838133169,0.03805099846741086,0.09579354562954656,0.011549854869295198,0.2448206682050226,0.676401188298709,2.5411195718274273,0.18269769361835206
7,535,26.75,case1,12,24,873.1801721141699,154.72244616932852,51.15893446914524,35.59984926917309,1.015636037749441,1.284584645856794,35.637493490162726,0.0360536856186812,0.02852148661903401,0.015605606814773298,-0.2946105764191267,0.6499595211934958,1.9020327469882257,0.1607343243426497
7,567,28.35,case1,1,21,-774.5773039723903,350.6741707425742,48.41173734988812,-37.27440602455332,8.605221100821206,1.433227558709188,38.28165769545931,0.03744776682638504,2.9147063099845085,0.023094353159512086,-0.38129419833853156,0.44545354687246086,1.7313586008887547,0.15047993946524071
7,567,28.35,case1,9,21,-776.5219298308382,351.43682524507915,47.35889393511157,-36.282095170867414,10.052312549268892,2.1807847602692068,37.712003921121614,0.05785961472167112,2.8713124088486537,0.011858388031259217,-0.3383543370243012,0.3512044969050726,1.1912799924205613,0.10218606774115378
7,567,28.35,case1,17,21,-776.8524987646365,352.41796861783706,47.927508618311165,-35.872597375285906,12.078392868645565,1.1988353093397228,37.87041091456015,0.03166154261006884,2.8168129289512835,0.014690400608134896,-0.406877221774783,0.5038790808937027,1.2048561025480897,0.08047328637937701
7,570,28.5,case1,7,27,-662.58799424135,-613.0217445595472,53.07786981987247,-27.05675978793754,-23.45187561579008,2.924679773274758,35.92509529419297,0.08150069074042193,-2.4274453128875875,0.011854987906596483,0.07763300283537333,0.2969498311719551,0.5762550923922409,0.10122905177039715
7,570,28.5,case1,15,27,-662.5747602522537,-613.7952327478034,52.616116720171846,-26.393924006614647,-24.598150790037344,1.7001421717479934,36.11922936830906,0.04708767704166528,-2.3913966543122798,0.01549033958031936,0.25047675640158457,0.4252609849442042,0.9840831344211916,0.08851191168085754
7,584,29.2,case1,14,26,-520.6515931496289,-622.1956389617565,47.650371046522714,-25.550557628577398,-22.52207452556337,0.6135011781500276,34.06539622200036,0.018010486156726783,-2.4191094179393584,0.014874506618171269,-0.20930698871930464,0.4554399106287478,1.7114175807598542,0.15671725527270652
7,585,29.25,case1,6,26,-518.4354465121581,-622.3916221470115,47.46704486481375,-25.80430102289815,-23.58335983718578,2.54332124206255,35.050039877735614,0.07262640667834169,-2.401133769627798,0.02881211863824848,-0.22500966306266024,0.5582926484195875,1.5182822377347656,0.13798004640015132
7,603,30.15,case1,11,23,375.4641950529381,945.6051961236064,54.20251396834164,16.820771362727772,34.61370056186809,4.819120057414467,38.78492663331471,0.1245743527135049,1.1184460696039444,0.005678562273241657,0.36473152593684255,0.6538996916058418,1.509170127159268,0.1405734943328797
7,603,30.15,case1,19,23,375.1878134753503,946.3244944695061,55.55733898940778,19.04903925206768,33.721415970332245,4.102304543914812,38.94648500239807,0.10552758157203776,1.056589831413968,0.00971794392647093,0.2706907034112235,0.29391612506838805,1.6523142284296242,0.12876121451815542
7,604,30.2,case1,3,23,375.4538296095843,944.5496664058604,55.183235145645554,18.868995937972578,34.7446890238765,3.3777135795067585,39.68175112187332,0.08522319882111906,1.073284824352564,0.018820922644016816,0.15587950464298125,0.18656899100789143,0.9818408466754701,0.11246080942705412
7,626,31.3,case1,0,20,-807.2479923777347,-568.4412922650899,54.29633496102606,-34.19428084520408,-14.420088295820408,2.444284483950068,37.190890223526864,0.0657700734486829,-2.74251151284019,0.0044448158281183625,-0.39166272350362863,0.6056650909209634,0.9276551576529736,0.12213203780287482
7,626,31.3,case1,8,20,-806.4383527755036,-567.5896478006463,54.215746879004456,-35.186321350955765,-14.580293052288054,0.17996239099738584,38.08798422292126,0.004724930034491216,-2.748756726624936,0.020063814244223828,0.5913520108086492,0.5968165541400144,1.8994484797278153,0.14929719453406814
7,627,31.35,case1,16,20,-807.1815753433355,-566.230465925203,54.04536921882781,-35.54545605697667,-15.118859052718673,2.503913961651062,38.70825403556435,0.06473202017838431,-2.739435135775787,0.02635144765551392,0.37570702521371063,0.6092302727940222,1.2230406902221582,0.10378671368806051
7,661,33.05,case1,10,22,735.3388991638479,-882.713290502233,64.84944453049133,22.968318718764024,-28.042122392353544,4.052895156925314,36.47369260422491,0.11134826016304485,-0.8845380583790377,0.006984987352428326,-0.13086054326894364,0.20416043102562978,2.2049375335807038,0.14363053651840424
7,661,33.05,case1,18,22,734.7149495681501,-883.5913743971959,64.69729438434096,21.44393491950754,-29.798884247231435,1.503782167469144,36.7433967947871,0.040938030172528145,-0.9470222151830733,0.011406236491808577,-0.41802961961024615,0.43935787789725705,1.5647856103103717,0.13204906179509457
7,662,33.1,case1,2,22,735.0692548734486,-883.2278152875516,65.54819805382685,22.09493314057958,-29.539919497372406,2.1157253204243145,36.949549496975045,0.05729117655568121,-0.9285965624369314,0.01213746623396796,-0.08053626851359158,0.2620785714244127,1.524878220964516,0.09923022829876833
7,662,33.1,case1,5,25,817.1136773078731,-210.0783646701781,42.9467286798638,30.38509266983109,-15.119108006112823,1.1143012383322328,33.957075119987536,0.03282088683214125,-0.4617122045749609,0.01665848984426472,-0.13567559209959898,0.14639679590129565,0.9672997397722427,0.1094505297526378
7,662,33.1,case1,13,25,817.45216599693,-211.2351903416008,43.93493258050396,30.380618896046165,-15.164361666874294,1.0297880743005863,33.97058040052503,0.03031875956420375,-0.4629641036404815,0.018431831409839203,0.09248754679014798,0.12020636949746959,1.886407337532831,0.09587350369732611
8,535,26.75,case1,4,24,872.2999845305986,155.7277679291749,50.66090130800348,35.043041612463185,5.763529576683635,2.743094911099742,35.619623921729364,0.07708710155694662,0.16301063628654847,0.010952321280979074,0.05019530314560766,0.06437800272672474,2.396875068650474,0.18016879271927908
8,535,26.75,case1,12,24,873.3820634920588,154.1663749923531,49.862652896392305,35.51610201514557,1.9363055144160781,2.1057170320781258,35.63112158794007,0.05913214584342888,0.054465168523089635,0.012748232300393738,-0.45589646555740887,0.509801075774173,2.0187345226740345,0.1608306327903941
8,567,28.35,case1,1,21,-773.817388926747,352.15374612253544,47.19821893924966,-36.60741993570748,11.257574154398315,1.3605508714318262,38.323455857539315,0.035509241121923114,2.843249628249727,0.020623329274088303,0.2525778733091074,0.29371117065068764,2.3772939262464714,0.16109114329217453
8,567,28.35,case1,9,21,-775.8368973907458,352.60667658259706,48.98034030374721,-35.43201123174599,12.803066442131339,0.9466276208938862,37.686098685070114,0.025121390332829792,2.794849734039567,0.012009685068690632,-0.0505790067447619,0.4561043174683017,1.0572701291967574,0.104933993000407
8,567,28.35,case1,17,21,-776.6959224630698,351.400874666069,49.19549235001299,-36.83635537663907,8.248811967529269,3.062118168537739,37.8726358204415,0.08094140381154877,2.921295673111559,0.014456883226549293,0.392239901855463,0.4193386901200681,1.2644627061413207,0.09419855836907651
8,570,28.5,case1,7,27,-661.5148016608287,-614.3158648082293,53.33188390702491,-27.149104811393762,-23.4749447309355,1.466765634240758,35.92072276007695,0.04084476686034493,-2.428644822503311,0.013408842666578668,-0.5536640962465555,0.6064590686951904,1.9599558224791216,0.11223633984130388
8,570,28.5,case1,15,27,-663.1339903363468,-613.1399306992197,53.295714414035864,-27.509164634222376,-23.36175926911835,1.6298587668485578,36.127307879509395,0.045129633099913975,-2.4375425866356037,0.0167581615477308,0.11772281346275862,0.18148476696664845,1.0320382585040653,0.08871647755415281
8,584,29.2,case1,14,26,-519.8346321016973,-622.8258743376863,45.869006418743986,-25.73350570818688,-22.246419312664138,-1.4497547022572257,34.04729470846222,-0.042593491386091926,-2.428744959392016,0.01495932516369003,0.10620009841508005,0.10750595775736754,2.805168902751255,0.17218960303684824
8,585,29.25,case1,6,26,-518.8294370973091,-621.4681350661864,47.8423416017062,-24.986115183006092,-24.50412097024499,2.373705172317062,35.076949307314806,0.06772312471225213,-2.3659333601551134,0.02909688290097763,0.2975737285280004,0.4434998956402741,1.234334487875041,0.14379156546551775
8,603,30.15,case1,11,23,376.1764657253894,945.4308978730315,54.013144390780305,19.515260490217756,33.31961244145996,3.3039111648945263,38.75510023513888,0.08535460574576094,1.0409587101085696,0.006289226241324943,-0.2632753648709368,0.665734513191375,1.5044908200296507,0.13800164149680352
8,603,30.15,case1,19,23,375.39512437755775,946.3831564760914,54.79540811056981,17.124174902143988,34.95290315333585,2.197771431413249,38.984266110707146,0.05640576294363359,1.1152440654927585,0.012034072719253807,-0.3836302381796104,0.4316046571882767,1.0549472520194771,0.12290924439787512
8,604,30.2,case1,3,23,375.28746524426685,944.804093014697,53.71592837808336,18.35021569927145,35.16332776560389,1.6687514397865284,39.69854867786564,0.04204796726903631,1.0898166931782898,0.017621449394584043,0.337204437632355,0.7868616249776906,0.6690395963337299,0.1093060158861377
8,626,31.3,case1,0,20,-807.4921575822266,-567.7488245969934,53.85434768036737,-33.92406500671548,-15.015266011254456,2.819936107798888,37.20554313030061,0.07586619616501522,-2.724897879775976,0.004222259293280828,0.19213902380945033,0.1922837200805492,0.9656028789556893,0.1256838682624579
8,626,31.3,case1,8,20,-806.6921326140083,-566.9673029666861,54.65419496582,-35.43210364072651,-13.637108803933554,2.7935855818050963,38.06847547959304,0.07344919719308862,-2.7741883061958377,0.018401979628950786,0.32039251389625245,0.32171834946311706,2.108381421306138,0.1517423018871841
8,627,31.35,case1,16,20,-806.7225439364057,-567.2274186362527,54.72169510275042,-36.11164862438687,-13.819199717134683,1.5297792681213134,38.695757801113174,0.039543818683493825,-2.776106035948213,0.022766640142356714,0.010749084036293266,0.5156998546806768,0.7093480157021606,0.09743668994814252
8,661,33.05,case1,10,22,733.8612007725309,-883.9519323930331,64.0531165133237,20.63575028135466,-30.07455547086599,0.42377487706409794,36.47591892730127,0.011618196974218915,-0.9694241432983054,0.006841267779448301,-0.32310682397435664,0.3275420316443019,1.9273591667021044,0.1407017657164595
8,661,33.05,case1,18,22,734.622554184478,-883.775922552352,63.85133300143707,22.686121290875494,-28.868010126279852,1.4293258511109166,36.743231761291284,0.03891020233571,-0.9047389959031763,0.01175651785887143,0.41487372348066887,0.4162806020275369,1.4652990976597575,0.130341773080998
8,662,33.1,case1,2,22,734.7781188724038,-883.6344247360996,64.3160679417203,22.789631684902933,-29.05818377128967,1.2179018619326887,36.94900054622416,0.032967671336115015,-0.9057170928789812,0.01182844482744082,0.3325847533243643,0.3971691903372764,0.23406126810254574,0.08854681097998984
8,663,33.15,case1,5,25,814.3474087020203,-210.03255549537036,44.400696909019345,30.066693394331956,-15.006051425868174,2.2969877609807616,33.681801968402176,0.06824967285548526,-0.4629210859619354,0.01111420351166323,0.21740368388369502,0.3041786403484618,1.5377870596671384,0.12525993436204755
8,663,33.15,case1,13,25,814.1421063108949,-209.18858493546006,44.08116703164506,31.21734573239108,-14.083175733859921,0.9476125973367026,34.26012964016698,0.027662868637452997,-0.4237957542760239,0.023701464058987397,-0.06226609776365907,0.42241289323136766,0.9662806322204571,0.1327114957974181
9,535,26.75,case1,4,24,872.0645876066944,155.6402401965402,50.59676670668742,35.09722344289024,6.042004044620801,1.654639243865193,35.65191071040537,0.04642763309114547,0.17047949356410835,0.011674130627917525,0.1259499438148096,0.5204305653893486,2.622971285093151,0.18693026090987697
9,535,26.75,case1,12,24,873.2670076843251,154.867578900893,49.99068505839547,35.210993862792535,4.776612058094368,2.0443364335210727,35.59226633712116,0.05746928727034177,0.13483375218483287,0.011093424645110752,0.03782295681229972,0.08230475782606413,1.6509779260949171,0.15858601762203683
9,567,28.35,case1,1,21,-774.6196202509005,350.35731151933413,48.31407864491914,-36.76364341230282,10.532173015464029,1.9614568117276496,38.29281209573016,0.05124501044420693,2.862582084929875,0.02332694010860289,-0.3606512537346227,0.3747450081928573,1.9204256069314736,0.1539077469483421
9,567,28.35,case1,9,21,-776.573341177073,349.9652977534757,49.9176165936638,-36.57410406122841,8.396798991637622,3.6953221293352083,37.70711772102298,0.09815820253210156,2.9159201829058268,0.012990070303903893,-0.19404410708206546,0.3504605849867767,2.534184133852288,0.12381416620953771
9,567,28.35,case1,17,21,-776.9485702269436,351.7354254155303,47.63013893208791,-36.34192847548712,10.53608163141283,1.3745698185719253,37.86336255072106,0.03631140602188697,2.8594133491258416,0.014391702786657249,0.3036681090613138,0.31644407258551016,1.2548946697527572,0.08668379104486276
9,570,28.5,case1,7,27,-662.6195136033358,-612.8111001738563,53.54674563332447,-28.51955665358617,-21.727325948838104,2.4177540174293592,35.93448676540352,0.06733314200932015,-2.4905571995038422,0.012803842499842039,-0.43379478383537795,0.5641421118485321,1.007263482854857,0.10620296249040241
9,570,28.5,case1,15,27,-662.5237801481896,-613.8205079632303,52.514466165464356,-26.686624739948634,-24.330635428245987,-0.3462972227141766,36.114757123917045,-0.009588948043261759,-2.4023419437798683,0.016313598641666857,0.2711968242837553,0.7529551890743773,1.0049473747927342,0.08956046541270009
9,584,29.2,case1,14,26,-520.9665890993356,-621.9620385285879,48.27502555459779,-25.428063367313346,-22.54918485566803,2.0585625974353405,34.04834539643228,0.06049688433997657,-2.4161277048849525,0.01423079703412403,-0.26504317687809664,0.26720788325673217,1.79872114523679,0.15597906193878092
9,585,29.25,case1,6,26,-518.9265952730493,-621.8282985534723,47.42042407898903,-24.61894106184846,-24.978207632618627,0.03555786219527448,35.07141827623371,0.0010138702691479314,-2.348950922835748,0.027496581559969202,-0.003921465465827778,0.30426198008559074,1.139598093985255,0.13593609189860525
9,603,30.15,case1,11,23,376.02286144120745,945.2345819981441,54.00711394236659,19.12857087151537,33.69371369746024,1.504771191484473,38.774126716816305,0.03881839000618073,1.054450915622801,0.007910176424807206,-0.28885800755327595,0.3163264935784584,1.7088492950888972,0.1440265094090793
9,603,30.15,case1,19,23,376.15586482519933,945.8290350314204,53.193213672780175,18.69587076009642,34.201570868875564,-0.28011302141826755,38.97898788683095,-0.007186318773432777,1.0705381393965576,0.012393719909683795,-0.11007335451591083,0.12747525377903432,1.613477430260464,0.1317927959698239
9,604,30.2,case1,3,23,374.74053451280406,944.8869496675554,54.24555825776891,18.415191014639003,35.00159011613009,3.1070344660891145,39.672209844382024,0.078397939607319,1.0864682735958788,0.01658699210056734,-0.27624510099980326,0.42485671070211006,0.8120607148729114,0.1127259538606318
9,626,31.3,case1,0,20,-807.3902485392629,-567.582199047057,54.2435868027511,-34.188537583852224,-14.622331905231409,0.24049079811107565,37.18503097071724,0.006467453929205249,-2.737439918020631,0.004238332247148235,0.18102225551530599,0.18107565095069006,1.12001187564602,0.12969905797113268
9,626,31.3,case1,8,20,-806.5506792356597,-566.7554318949076,55.50660817326686,-34.7178861938412,-15.647902651978786,1.0853320017936794,38.09680334002358,0.02849264955532138,-2.7181435599834662,0.018437895515779543,0.5158059411603706,0.5163959928619978,2.672618060008025,0.16157222681582112
9,627,31.35,case1,16,20,-806.56856819734,-567.360409789846,54.39016846091387,-35.29082609823193,-15.69319589490534,2.00197353049747,38.67462607586962,0.05178766761208594,-2.7231699522949735,0.023449042467612723,0.1822059516835697,0.2679207282751234,0.3671930434823103,0.09872980194071039
9,661,33.05,case1,10,22,733.9412598186527,-883.8917783686298,64.9257631927359,21.64652379486638,-29.238753813165964,2.6101406404112897,36.473134648825706,0.07162460009227731,-0.9335084414837066,0.006153848970910688,0.2707853872094366,0.3674668892071255,1.9951949441514245,0.14081647039038217
9,661,33.05,case1,18,22,734.7381726403704,-883.7010745749756,63.77888366263282,22.706548086372067,-28.831261535486885,1.9295261657849052,36.74985767252468,0.05252846980765539,-0.9036826374688601,0.012785943180179253,0.16031434867657732,0.24887723455559327,1.471655838493516,0.13023383236710054
9,662,33.1,case1,2,22,734.7014312731867,-883.761352238147,63.72034211348642,22.928113381048803,-28.9497922088729,1.0937570699505947,36.94570552417716,0.029608770035227366,-0.9009550958445848,0.011167230755922904,0.39136407566113796,0.40858066028559425,0.4631828245303413,0.08849327760066304
9,662,33.1,case1,5,25,817.7757736142079,-209.8477644117599,44.32240933478418,29.38474109874973,-16.222746099011424,0.06179638313049476,33.56552277600499,0.0018410682429419569,-0.5044392127413202,0.013247400378608358,-0.20559206033281563,0.34752432058872956,1.1022012104377148,0.0906237011234094
9,662,33.1,case1,13,25,816.5411177883282,-209.89882870684832,43.52690975520701,31.171242074123846,-14.506260062869124,0.9911212800603507,34.39564267239397,0.028819304210688533,-0.43556446412569993,0.027548092303790992,0.08320299523762997,0.1491540100658647,0.6807665724849907,0.12361190055057845
10,535,26.75,case1,12,24,873.0034230243178,155.16791371674367,49.93300279813506,35.31848827237959,4.596479515969711,0.6543500717497656,35.62234427719971,0.018370123849624838,0.12941633482552664,0.011373163547029138,-0.015278528400044483,0.10427979270166514,1.797929107337058,0.16387113758336178
10,536,26.8,case1,4,24,874.1204082346,153.56685914558454,49.08126656290032,35.45083055296033,3.4257445190594584,1.3650912175790333,35.64211815306272,0.03830931627159907,0.09633457198031728,0.012947693349369108,0.2232268906801311,0.48689766274530094,2.647636789110593,0.09840569762355161
10,566,28.3,case1,17,21,-775.0402575284155,352.3006951971104,48.00860786827811,-36.624126471314824,9.171183217646671,2.4551015416368305,37.834703183430086,0.06493582803323528,2.8962246585690794,0.01216443125284837,-0.1075381885058798,0.4138906953143398,2.9348277955727937,0.18493406262330012
10,567,28.35,case1,1,21,-774.9203510541594,349.5153679551352,48.70209407040294,-37.401074344691274,7.505845738281588,3.592158916852107,38.31555412711558,0.09388986000362608,2.943538240590744,0.022648336115245808,-0.3885136094737921,0.39446230061083243,2.5107671583587043,0.1576098564094839
10,567,28.35,case1,9,21,-776.5367027446458,351.7124914685244,48.414962755482954,-36.139805954526445,10.811392432909566,0.18254140290352783,37.72273985453566,0.004839047111082048,2.8509115535437983,0.011445515899629184,0.1283661129911785,0.411740058046951,0.6601084637900895,0.09383276400786202
10,570,28.5,case1,7,27,-661.869941265053,-613.8515355800861,53.79479362258304,-26.548769275901567,-23.943545957582504,3.552077198225132,35.92697865824611,0.09903114457127467,-2.4077452088312854,0.0137399545221882,-0.5302641451275802,0.5845090516304746,1.7408584214535743,0.10871282263717957
10,570,28.5,case1,15,27,-662.9703413891309,-613.4108532881631,52.53793382059977,-28.895646419626438,-21.643653945148106,1.2656305287577576,36.12489389244928,0.03504202919370762,-2.498713788751808,0.01562800491526198,-0.3174465167319335,0.3488828227060754,0.7565940016703632,0.08599350964683267
10,584,29.2,case1,14,26,-520.1350918623042,-622.2856570177571,47.85617816759262,-25.156133086939406,-22.950729203527562,-0.16735708164140922,34.05282677332729,-0.004914650888614508,-2.40200626675925,0.014747984115268398,0.12323192973996192,0.1386890828857875,1.819540491336558,0.16364618837779824
10,585,29.25,case1,6,26,-518.173202971477,-622.0916980512899,47.28712691899102,-24.62465023192164,-24.92132159709738,1.3873495582235753,35.06237881244132,0.039578370695892914,-2.3502067618522413,0.026879666852721504,-0.11420651913101379,0.1443608748234891,1.8152504476157925,0.14895791106320677
10,603,30.15,case1,11,23,377.0446898979735,944.7510376170923,53.599276424911004,18.729113617091073,33.94097141136144,1.4991016294359665,38.79454269512837,0.03865169828255841,1.0665612410990732,0.009028890918846807,0.5359051388725058,0.614498649982726,2.4152965296067155,0.1512619145696322
10,603,30.15,case1,19,23,376.3529450326196,945.7478994005983,54.67586711610964,19.59355999400641,33.61001847952764,1.9811498333269189,38.95466454861354,0.05087978291931544,1.0429946188029895,0.009888005664007818,-0.09447489624191505,0.3030187062127422,1.1659222355283934,0.127429879580035
10,604,30.2,case1,3,23,375.9422283743461,944.2965591790629,54.30923271859363,18.12343388519935,35.16935264546706,2.9454683508445694,39.67389576406934,0.07431034607818336,1.094968797082834,0.018717311796215132,0.2551744958998028,0.27584902521325294,0.793634281920411,0.11378643483042486
10,626,31.3,case1,0,20,-807.5874038683666,-567.8296179533028,53.27680917192891,-34.85195284708151,-12.531290789258914,3.3730637087350566,37.18964136534989,0.09082382711225978,-2.7964286120099584,0.0038317131537312834,-0.12385434873913834,0.3517140953024528,1.1716584643039731,0.12471304020665748
10,626,31.3,case1,8,20,-806.5465302453098,-567.6422499208156,53.42970812077121,-35.3103681227637,-14.292442915512577,0.2507848102598829,38.094079782550594,0.006583348993415675,-2.7569842630208536,0.01895963345372709,-0.13720429205322313,0.39142516557878265,1.9114280948770093,0.14766185410155142
10,627,31.35,case1,16,20,-806.6571413767003,-567.6387908714828,53.84195239898882,-36.237756617859006,-13.524781786443889,1.5384535909693255,38.70996727611217,0.03975355673539127,-2.7843803855160085,0.023256008955926107,0.18374318681261198,0.6569664702551925,0.39039173384409287,0.09372004397704428
10,661,33.05,case1,10,22,734.1536582159513,-883.8050326809326,62.67896989029746,22.46345087774017,-28.69445683921535,1.4805916118855895,36.471504358271595,0.04060700578774179,-0.9066006338598144,0.007456334007967556,0.22137664941346225,0.4518798944606394,2.3442215921948266,0.14595029466911336
10,661,33.05,case1,18,22,733.9913858578376,-884.2328996549317,63.68834205805931,22.270682487548957,-29.110990227397263,2.6022157282992806,36.74512997905229,0.07087730408118825,-0.9177473395297728,0.011973124764503804,0.4878067969138259,0.5457988894275201,1.7750137132377608,0.13408138836253577
10,662,33.1,case1,2,22,735.2019440201967,-883.3068133179636,63.5062595177034,22.20144875773813,-29.50493090084379,1.339861743447449,36.94916107163453,0.036270256790699534,-0.9257190308466534,0.013539407127591139,0.19171972112499613,0.23705890151044426,0.9542330674735117,0.09288884546288363
10,662,33.1,case1,5,25,815.7086586358661,-209.88032627327127,43.178481246610204,30.395704174189962,-14.72243427045946,2.164251787827292,33.84276715775443,0.06399387093202306,-0.45105673354808967,0.012621533507641896,0.28700497715645057,0.2880580484302396,1.4597309664837648,0.1499727548719068
10,662,33.1,case1,13,25,815.3867605960411,-211.00652565018873,44.015902594148336,29.8407806889034,-16.098562769658646,3.5157848769912645,34.088072087948156,0.10332200927322364,-0.4947320904866038,0.02227495455915303,0.44627146693415665,0.4475183266018554,2.298255625790681,0.1543031892004599
11,535,26.75,case1,4,24,871.9800193792644,155.60294386968442,51.00766756198737,35.232282863126365,2.988630142581357,4.413442852068979,35.63318879478754,0.1241765289134778,0.0846238855583348,0.015059863162690411,-0.6503021945160383,0.6601451168617832,2.7671247926492666,0.1894221112838879
11,535,26.75,case1,12,24,873.0596605287253,154.86322407880047,50.700934092888815,35.31601024140731,2.5705356214468167,3.8244979562167707,35.615376136851616,0.10759079192984143,0.07265856184654079,0.012881625036276344,-0.5148084569904267,0.5307982289673013,1.8110400972707137,0.1625561381307026
11,567,28.35,case1,1,21,-774.6126204526815,350.23081503614804,48.31907741892576,-37.02595833906015,9.227728222641682,3.163687973275216,38.2894434625133,0.082719897041453,2.897345219638017,0.02353193519952923,-0.5048508729264808,0.5088132820608587,2.0213966502083647,0.1552255460268291
11,567,28.35,case1,9,21,-776.6646132964238,350.6967340566743,46.34368297203769,-36.003017329040176,11.222820972506561,0.9401798518634294,37.7233734643384,0.02492558660114773,2.8394195501376234,0.016245653865422115,-0.6342496905388931,0.801328260934309,2.3765367676163924,0.1200590732345146
11,567,28.35,case1,17,21,-776.6123688963427,352.68942391135664,48.473979794220455,-36.552666668011284,9.696109921499287,1.8715322552560874,37.86310369125865,0.049449067967610255,2.8823001764933,0.011478042276644628,0.08586289335588632,0.2487504125046011,1.1604358935447403,0.08378764999643226
11,570,28.5,case1,7,27,-662.8908249616844,-612.8053945559687,52.776439525334744,-27.35081437816049,-23.09833436585777,2.8967488265885044,35.91644820120579,0.0807401251849772,-2.4402881022903955,0.011664398527731445,0.1876328335830008,0.1880892275110993,0.4515080303456859,0.09887997569756153
11,570,28.5,case1,15,27,-663.8823201912862,-612.3192612994725,52.675851598295836,-28.33980453401787,-22.32933571023127,1.8772050513511485,36.128488109681086,0.05198254458145243,-2.4742646416671685,0.017525522038732085,0.21478041646133125,0.48142580093115106,1.4723021984517346,0.093080394177779
11,584,29.2,case1,14,26,-520.5197782400564,-621.9716830994288,48.88010251967257,-25.86290051689463,-21.74934745033466,4.169279729370808,34.04859220472866,0.1227589622591535,-2.442377431018369,0.01420775242270329,-0.2794404040761822,0.2835396476885476,2.0274397240761273,0.16298168330551058
11,585,29.25,case1,6,26,-520.0078603407954,-620.1345546030072,48.25221609981867,-26.16268546260856,-23.34538090759266,0.8425040524588366,35.074246013483894,0.024022899662570662,-2.4130391535758102,0.03052111929949985,0.6586788836433691,0.6783443638073502,2.054340920061797,0.15355580702154878
11,603,30.15,case1,11,23,376.48300713608245,944.9743193520274,53.81422539999228,20.10287626136276,33.0141465509914,2.8123252804790524,38.75524067727126,0.07263016103722267,1.0238459679905578,0.006854899768296952,0.16041451899937145,0.3351161909554527,2.011421800698394,0.14731944353126047
11,603,30.15,case1,19,23,376.0745225208411,945.8476427115635,53.4755557666692,17.87543971620177,34.60776831356721,1.929007535828863,38.999359517386885,0.049482734938975356,1.0940239885833276,0.010467424525991323,0.6174445820509011,0.7801880788869007,1.405522489845992,0.13105443397918842
11,604,30.2,case1,3,23,375.2294507221371,944.7455697331006,52.514641500348944,19.800073650244553,34.36891876364817,0.4497208575379711,39.66696033712516,0.011337659567794131,1.0481327121748294,0.01796444635780576,0.029318510379226337,0.14814449856411577,1.8353449224094596,0.11975938100639802
11,626,31.3,case1,0,20,-807.2471373647153,-568.3362089877257,54.503095136369076,-33.72158262852386,-15.021114053406924,4.482516065897209,37.18698633472263,0.12083374230870711,-2.722533027839354,0.003782953612971023,-0.11603980613246534,0.42040660717657846,0.9861010148441766,0.12302852061787245
11,626,31.3,case1,8,20,-806.6611272815568,-567.1637514638064,53.97286863482943,-34.71698673915018,-14.75136063565518,5.266907704935218,38.08690228440471,0.13873116954271406,-2.7398039537085492,0.018216665217757378,0.017868724808404318,0.39381058947230885,1.9419813432157127,0.15001849714799376
11,627,31.35,case1,16,20,-806.9015658543389,-567.158088377355,52.71933758857808,-36.62478225962853,-12.46522144481704,-0.8104609441227176,38.69642448825829,-0.020945609796921373,-2.8135410153842986,0.023423833620186532,0.14733253370067592,0.15696204188977197,1.3528143081544441,0.09966583437269834
11,661,33.05,case1,10,22,735.5801325303914,-882.5907233875218,64.6596545250713,22.249329179415355,-28.674211473422055,3.485003397449513,36.460777573122975,0.09572839760590951,-0.9109022693821204,0.007786093859501407,-0.4688565999070572,0.6483051551753863,2.2686716250715713,0.1441129031935024
11,661,33.05,case1,13,25,816.7563935328111,-210.48610300627482,43.46206226728679,30.359098471537223,-14.791272980223948,2.36905253153818,33.853641255811525,0.07003649523731227,-0.4533637977589086,0.015202032441643304,0.1884393611257781,0.18970834283542762,2.4645925097864025,0.18072132508900793
11,661,33.05,case1,18,22,735.014392450663,-883.5222157416605,63.24143801725343,22.86854579389083,-28.731507926492284,0.764245467070417,36.729470532411824,0.020808920282479278,-0.8985361282710149,0.011579295449263038,-0.2702537860752385,0.29120572539495304,1.7337073717299325,0.13220872227964534
11,662,33.1,case1,2,22,734.1178400817404,-884.0770563081389,64.95491793058065,21.069195134286836,-30.282739554718773,2.2242002104073326,36.95811636327751,0.06021803151714956,-0.9629288754276335,0.012209787700150765,-0.3831694861464463,0.4873859817668708,1.0202947267035534,0.09271858603453369
11,662,33.1,case1,5,25,817.8736375113668,-208.79996475729658,43.238821796254896,31.715788962727373,-12.290163413449408,-1.7240339645485212,34.05747611565582,-0.05064295193334806,-0.36969238103043756,0.017289963606079654,0.3033119550498926,0.5082215184584655,1.1403926688147572,0.09983852521173331
12,535,26.75,case1,4,24,872.1567417888103,155.71936548480105,50.60748967302036,34.85552794219365,6.88481952090066,2.795244349653878,35.638770446505156,0.0785133209729435,0.1950141088366425,0.01151701566504392,0.1471415552256552,0.36576476750451364,2.5339572003048882,0.18399273606473215
12,535,26.75,case1,12,24,873.1833046662688,155.88988229093607,50.5393131960276,35.04950168950711,5.934183256564127,1.8317913179999008,35.59547104672093,0.051484100156746086,0.16771813383047526,0.01107252950896428,0.05132000437341688,0.17737639548718995,1.5281266581612012,0.15522536865521808
12,567,28.35,case1,1,21,-774.7568693328913,350.61193055279557,48.421187245987916,-37.076496171500374,8.86082156651988,3.617566117305521,38.29187265990086,0.09461457135907518,2.907005186676211,0.02197005126620584,0.44540940662488837,0.4461475487408207,1.6442532686551037,0.14692406875894695
12,567,28.35,case1,9,21,-776.430395531613,352.0162242653552,48.86878836401638,-36.34201942805496,8.168420066327926,5.708968648287825,37.68365408922344,0.15208279577373246,2.9205017398978037,0.010551142053319036,0.4561504043549604,0.5552924271337906,0.811347091608097,0.09250911570320994
12,567,28.35,case1,17,21,-777.1688501037106,351.6293028005542,48.826946915940596,-36.1586262710722,10.910753704696557,2.8920212044393683,37.87947447975683,0.07642234335854771,2.8485339620279952,0.016477637861408566,-0.34877621194063524,0.35370853952075754,1.3904857931446732,0.08028724257650638
12,570,28.5,case1,7,27,-663.068442958363,-612.599646667159,52.386313674639325,-26.88982882221384,-23.630492581816256,2.990174060747358,35.92219668479089,0.08333671863815804,-2.4206205542662356,0.01227326701247153,0.010907115715278554,0.33276983811036875,0.6267424755841016,0.10065797358651712
12,570,28.5,case1,15,27,-662.8932118843894,-613.5020314534833,52.32223352384771,-27.814069756208752,-23.033051719574555,0.862066029438699,36.12322114317818,0.02386686043710531,-2.4499461578688417,0.017779711766047198,-0.5146020087071226,0.7137362588482753,0.8204234953377572,0.08665278232709443
12,584,29.2,case1,14,26,-520.2918877958685,-622.8118302876043,48.20646671246894,-24.894075576491865,-23.13170580837017,2.06770737670446,34.0450617007629,0.06077182915858748,-2.3928743582726786,0.014572040192026285,0.4361782070916955,0.4370182629719251,1.290543533047643,0.14873936508967506
12,585,29.25,case1,6,26,-519.3755677893929,-621.3405568898913,48.5682967595589,-26.018173358601786,-23.518090340874323,1.0418172430157526,35.0874806928002,0.029696357885988293,-2.4066214569366937,0.03099869844762667,0.12949343699063634,0.30844807742213753,1.0876162555346953,0.13556010510447858
12,603,30.15,case1,11,23,375.33446742726767,945.6466295726144,54.412089574193,17.109533048624904,34.71660681838422,1.749175291415439,38.74323843362048,0.0451632372790988,1.1128977292219682,0.005318037937423548,0.4136551182423701,0.5152516995059871,1.5323233304028057,0.14086649397248635
12,603,30.15,case1,19,23,376.2734981144499,945.6845094113165,54.313905191327954,17.69543414161357,34.62932939983374,2.947500795214727,39.000084680422994,0.0756489121263678,1.0983909999210415,0.012125330957341777,0.1579708134486827,0.46294209912500317,1.199213371006798,0.13026117502845996
12,604,30.2,case1,3,23,376.72982044300016,943.8107194751766,53.72256436047381,20.048648908071424,34.18574366353009,1.8464355129025027,39.6739551465569,0.04655706037007165,1.0403905123827115,0.019140583869213235,0.1370761733595628,0.13874753929238698,1.7668108804365332,0.1227615775965487
12,626,31.3,case1,0,20,-807.7848534806295,-567.2595417607547,53.69377234148376,-34.936410618768576,-12.43210130159776,2.69934256886674,37.180591442316924,0.07266478090705873,-2.7997163074530538,0.0038980859675430955,-0.5918404158416642,0.5985697423743916,1.2680779102698883,0.12649886181016626
12,626,31.3,case1,8,20,-806.4603455039588,-567.3302546738278,55.332898140924044,-35.40256874900593,-13.633676352914534,3.680599215581208,38.115165164404694,0.0967159266876375,-2.7739931042654966,0.019944976347050853,-0.22335297446410107,0.27367822314168194,2.333995776030259,0.15344794198552955
12,627,31.35,case1,16,20,-807.015881969024,-566.6122135957493,53.84035152867908,-35.81888406255252,-14.601894687462442,1.5355588287222204,38.71131262133576,0.03967733723014191,-2.7545010759312145,0.02411495327915234,0.16822931602561653,0.29326802646173433,0.8310687031766401,0.10018212830611631
12,661,33.05,case1,10,22,734.0860118051951,-883.9435417102236,63.66620010682063,21.51583860494386,-29.414234040939807,1.4756878430748444,36.47336191934291,0.04047037806889374,-0.9392556490362945,0.006224871208825848,0.5128720241732911,0.5594209214939545,1.819397081472123,0.1379419002800488
12,661,33.05,case1,18,22,733.715711972375,-884.5951706409282,63.14689577599175,22.79360871685925,-28.827516373525807,0.30411872061208683,36.75141884062991,0.00827511429806508,-0.9017584820097925,0.011118910001889177,0.31075430552579325,0.41149628113731507,2.167740314506712,0.13643344180796418
12,662,33.1,case1,2,22,735.0130844654681,-883.6199320228606,63.07085767050867,23.062563992934177,-28.84878631099714,1.0204724272275638,36.94828404027029,0.02762245217455059,-0.89640349154536,0.008884112280889958,0.6428801574011517,0.797268432123816,1.1653813916262667,0.09146787970038078
12,662,33.1,case1,5,25,815.1454438912444,-209.92682736500407,43.72585139325619,30.899599009855113,-14.035727755143498,2.5347961621069084,34.032514808191536,0.07455063724756211,-0.426371466941215,0.01597448129568199,-0.010296180465231619,0.038193055606272897,1.9347443554006165,0.16456146656464338
12,662,33.1,case1,13,25,816.2815818199243,-210.32011014701786,41.98988828390407,30.52673011496499,-14.71953671469147,-0.24584782866484375,33.891096968996436,-0.00725411706440708,-0.44929444840456656,0.014639195854547487,0.11232880366697132,0.19322301886883766,2.024122644166374,0.14013564161918501
13,535,26.75,case1,12,24,872.7720544375819,155.56425356544307,49.93879092823208,35.25436421354373,4.730608325009914,1.5639851992429565,35.60470335404155,0.043940503565902886,0.1333882699072874,0.011622495906899493,0.05823323451826193,0.3452655922320578,1.9645620250203908,0.16873416927893298
13,536,26.8,case1,4,24,873.6755938563956,154.55526821500823,50.5402796380784,35.32600510678958,3.72882703042979,3.0240801766056427,35.65074822135332,0.08492720773549982,0.10516530954611673,0.012779351331402096,-0.39281678262303843,0.43992913562482794,1.4399250212080166,0.08523721227387568
13,566,28.3,case1,17,21,-775.1649295597746,351.8453546092764,48.051581036889495,-35.98300962545169,11.680111878674415,1.2712040992757134,37.852581881104435,0.03358933804635211,2.8277219056747875,0.013890746835394105,-0.3266071044694892,0.3271300041034826,2.9087943136107524,0.185236152911564
13,567,28.35,case1,1,21,-774.4325745609817,351.5795768194265,47.5994877723718,-36.81250363637155,10.167544578347696,3.042356409883027,38.31181696624832,0.07949409035458313,2.872112894510689,0.020467914975860303,0.33668272242124314,0.873964154826298,1.634338800351078,0.14769150536212872
13,567,28.35,case1,9,21,-776.6612545579223,351.40753647436975,47.281236436872305,-35.725866688606615,11.926345108327045,2.0637787810145287,37.72047774289151,0.054739757559618435,2.8193956938892377,0.01141548389690068,-0.39179027317447224,0.4014134739158824,1.33750132449719,0.10071836895298174
13,570,28.5,case1,7,27,-662.2205289706445,-613.3223908379864,50.99907031200157,-25.577548614849807,-25.20510340157349,-1.1711144486834444,35.92881489391115,-0.03260118455178503,-2.3635284619499464,0.014161669077018397,0.12422004404977371,0.2116933244366598,1.6521550340112774,0.11305233841025392
13,570,28.5,case1,15,27,-662.6542819518028,-613.6563944089739,51.881847795221276,-27.110882360277305,-23.696296363826317,2.806471044022909,36.116349253987764,0.07778480333214986,-2.423300340722447,0.015547573847741351,-0.2175761179579557,0.5613467149551802,1.0818140822417521,0.09237740659103816
13,584,29.2,case1,14,26,-520.7226407535046,-621.6882021799614,47.07912439581848,-24.86491018935331,-23.21608095156877,1.744908180475682,34.06310141535399,0.05124818762091723,-2.3904738034391793,0.014292610235301328,0.4894178298839143,0.4983092635945724,2.363284031952311,0.17108908768873654
13,585,29.25,case1,6,26,-518.8786954376985,-621.5303353446927,47.46736545302172,-26.618376083775107,-22.764440274309674,1.1004530166619075,35.04238409671613,0.031408649818727596,-2.434078668377678,0.028334871683571277,-0.29970075073171115,0.3042147556397138,1.2744419767507777,0.14272396783362892
13,603,30.15,case1,11,23,375.9006366029262,945.4181468959284,54.347524046454225,19.229329374493147,33.62790559818534,1.9014548217451739,38.784258063708634,0.049046119806596955,1.0513502463962008,0.008734777112901953,0.17478168082713635,0.48569514113072976,1.5025086526578888,0.14001123156625905
13,603,30.15,case1,19,23,375.73179212499065,946.2212439826513,54.5735198786655,17.020621949239104,34.97396900860602,2.328450608456186,38.96539184956151,0.059792510771314596,1.117873160644465,0.010590086424239236,0.12907635496641928,0.32932592025002594,0.8492735442817722,0.12249768196582671
13,604,30.2,case1,3,23,374.8929670963966,944.9741754404525,54.431639867669695,18.37943091891867,34.97685903928759,3.5665230302569353,39.67246193120425,0.09002074589171784,1.0869777951748796,0.017433827831544953,-0.1618662340375407,0.35968767600313967,0.6634099725286084,0.10853838657356689
13,626,31.3,case1,0,20,-807.8325578555856,-567.2595266526945,53.76477368118881,-35.26907238695333,-11.650210818088611,1.7398436623041567,37.18416242315164,0.04680700098831965,-2.8225532019133475,0.0045544379101757956,0.11998995641228963,0.15771622736318125,1.2317700554085191,0.12477255698317029
13,626,31.3,case1,8,20,-807.0045271532769,-566.6533585036451,54.472023656232174,-35.12516261299968,-14.50963337063186,2.6894322363072285,38.099075512320674,0.07064924291299897,-2.7498583248064943,0.019900111881445724,0.054582296373760525,0.2805227130926972,2.1119236599375575,0.1500213909268912
13,627,31.35,case1,16,20,-806.813410209023,-566.9689143859968,55.35934693830075,-36.13156050501592,-12.939916115616414,5.106397497916393,38.71700387444181,0.1322757038812372,-2.797690559645994,0.022787903992502627,0.10559093897434818,0.22137650264700268,1.3896896591580732,0.10057503151660256
13,661,33.05,case1,10,22,734.32343301709,-883.592671307406,63.74914273178066,22.56919104731031,-28.563969952763554,2.159184322427035,36.4682168597614,0.059241937425004366,-0.9021039811437072,0.005866361593870215,-0.11299419401928194,0.19210588501814277,1.8197459088886776,0.1404505275345854
13,661,33.05,case1,18,22,734.806927353866,-883.6049537422986,62.44402868935774,22.492048327930522,-29.05565558462063,-0.20210949941185308,36.744580657395055,-0.005500417066211469,-0.9120473777280467,0.012551586032647473,-0.13766482572227604,0.20788450954434118,2.3041495050216083,0.139722975545769
13,662,33.1,case1,2,22,734.6633006762773,-883.6451706855685,64.05400893005604,20.431931957802004,-30.669096612313986,2.6775529056725627,36.948973194209,0.07252980780464278,-0.9831128094341022,0.01247495301903588,-0.4793668556089683,0.5690653289546292,0.1234033632283723,0.0904613881521028
13,662,33.1,case1,5,25,814.0656582511051,-209.2979627112564,43.751661578106706,30.450174789878083,-14.74182239036935,1.0934319835300899,33.8486346198178,0.03230919814230389,-0.45087064361521056,0.014554646227518626,0.3993777128742615,0.41675440280266357,2.9506461247403126,0.19955488845592922
13,662,33.1,case1,13,25,814.6131599154203,-208.9835384454738,43.50745878050755,30.660459482548916,-14.421117894816366,3.543505156976538,34.067416189296424,0.1042029717336566,-0.43964674196976106,0.018083071228652284,-0.028001913762353142,0.12567278011084124,2.4429065818887397,0.1855023167070263
14,535,26.75,case1,4,24,872.2150362392232,155.8760766751093,50.617128080485095,35.28705243730578,4.910038099739649,0.37346974410124767,35.6289773008407,0.010482382936036146,0.1382578681296877,0.012488364124382402,0.06382766612514423,0.07004728116186124,2.488272615870754,0.18245282614148997
14,535,26.75,case1,12,24,873.4426314695055,154.27209886862786,49.19527539946437,35.357365092398865,3.991683477728878,1.6752104042221754,35.621385896143536,0.0470455731842709,0.11241939242208807,0.01346155558611748,0.09358453663992378,0.21381221394348773,2.1893944077044725,0.16253874867501253
14,567,28.35,case1,1,21,-774.2623297846235,351.3329075832157,47.950963787448394,-36.60366723941566,11.073428290752252,2.1180178940759036,38.30059097825945,0.055328099076848346,2.847823364547505,0.02052864015263512,-0.39636479573060657,0.446656787134235,1.7300432966403445,0.15261312509162006
14,567,28.35,case1,9,21,-776.2561601266503,352.144822781983,48.06301535453886,-36.4734333602677,9.089353848334891,2.608406462400802,37.67932428718996,0.06928187797436483,2.8973625750168046,0.008061772666550554,-0.04912048842025654,0.0959340030028789,0.5589711509749241,0.09724767554531868
14,567,28.35,case1,17,21,-777.1168593447293,350.83612904199174,48.62525698270295,-36.07940456195413,11.478828309390558,1.313601148127087,37.88419830058415,0.034681069473199884,2.833564594175966,0.019331554428525147,-0.8082233199671635,0.8186235999865462,1.5895805910746674,0.09445876854396441
14,570,28.5,case1,7,27,-663.1546792776585,-612.5789422848142,52.04532769072138,-27.759690831398554,-22.737268206151658,1.846933567850369,35.930418368526695,0.05142572704147712,-2.4553283641926105,0.012513433600086412,0.07841167147894954,0.2714357704436481,0.855941519381042,0.10062822923639368
14,570,28.5,case1,15,27,-663.4469369144829,-612.9537432998518,52.04940028024206,-28.028525489165062,-22.74474389995144,1.3545920814764503,36.12141381339264,0.037509876839411774,-2.4598874488345652,0.017005983118602828,0.16699628461961094,0.5626052382643092,1.0759851763601835,0.08730315882882328
14,584,29.2,case1,14,26,-520.4256267371547,-622.9382337315734,47.55928832908918,-25.92676358242369,-21.940718014572617,2.369556131780623,34.04712870589151,0.06965266346894049,-2.439275322642811,0.01462202501864911,-0.05151394180873761,0.12785912190019644,1.254056629931423,0.14512142252884108
14,585,29.25,case1,6,26,-519.2954539300176,-621.527660255733,49.37791585520206,-25.02626365388946,-24.313013097505575,3.6032628301739127,35.07734284943458,0.10290488990181443,-2.370649523286244,0.02900758097979809,0.17967642208057283,0.22026541841383374,1.5865701705755177,0.13595441404409916
14,603,30.15,case1,11,23,375.8903190156181,945.3598725855496,53.984310982069594,18.9215021258906,33.75481197111535,2.370110543511927,38.768905038624716,0.06117246214165086,1.059883944919903,0.007368203749343889,0.1470457298445846,0.31037562198288754,1.6184364270417615,0.14240505073786433
14,603,30.15,case1,19,23,375.47137206644106,946.2274289953974,53.37645126563964,17.219430414577634,34.96926618056068,0.42801611917821863,38.98129755161651,0.010980258403054124,1.1132342065660468,0.012185276916056063,0.059775775449897456,0.45473879445205895,1.4497098718932686,0.12897934876832856
14,604,30.2,case1,3,23,374.9311538102396,944.9076811574603,53.91158175259326,17.163184462377995,35.705118456439806,1.6275130865613703,39.6494537632606,0.0410590893990271,1.122713637459255,0.01738851614290606,0.38576884587760557,0.5343804488121024,0.7336989263854612,0.11045639711620235
14,626,31.3,case1,0,20,-807.2706578363558,-568.5122408144165,54.0775584730046,-34.84641570561368,-12.542099730765342,3.2907102241506543,37.18071713891804,0.08862178756711672,-2.7961033793862335,0.0036835919501654146,-0.34317142025673575,0.4032858512783881,0.89922445637643,0.12107336378846846
14,626,31.3,case1,8,20,-806.9277376209133,-566.6001920198161,52.956506369889446,-35.43992525093388,-13.859733584975245,2.059502650993491,38.10934357880914,0.054068274358126917,-2.76880225438452,0.021057671291153567,0.0949769557586555,0.5578965475412226,2.469776486355261,0.15647889343877974
14,627,31.35,case1,16,20,-806.8913352235503,-567.0267121716788,53.45838408143282,-36.01962242931764,-13.55146994753196,4.230383079501824,38.716297326691766,0.10948481009052684,-2.781748747511948,0.022244042302497838,-0.567339684015739,0.9271870211303919,0.7001420213133903,0.09792150739262968
14,661,33.05,case1,10,22,734.0584702241625,-883.8540389549746,64.90497945626355,22.329336847146127,-28.654642783688764,3.2683970500872968,36.47424099787607,0.08972871978203752,-0.9088320216277281,0.0044493284702963026,0.22074087359325958,0.3676371120793766,1.9121620936404822,0.13922379740097338
14,661,33.05,case1,18,22,735.5417311988009,-883.1382925916056,64.52352757957706,21.972837077704064,-29.420970200021582,1.292965915949595,36.74330983476709,0.03519641839834049,-0.9293189486180331,0.013633090631910438,-0.420880601569268,0.43900526296067666,1.7060189619056216,0.13064060354589438
14,662,33.1,case1,2,22,734.5789136598095,-883.8799577857694,64.03839503824399,20.94040998185688,-30.178799050928454,4.053046272870685,36.95521433376625,0.1098956126479638,-0.9641907976203449,0.01314446005097698,-0.43230758773088296,0.43722900235786244,0.25430126273163145,0.08697815982155241
14,662,33.1,case1,5,25,817.262211510529,-210.1536317913406,44.562123493472626,30.41739798213533,-14.687223377078771,2.460358940524092,33.86718170512623,0.07271134224637281,-0.4498385908743336,0.011620316927999266,0.40771567242127843,0.5876776788115845,1.1945073319614912,0.10382022861872056
14,662,33.1,case1,13,25,817.1570553284486,-211.48858605875992,44.885072153791796,31.096795405460053,-13.87248697031938,0.4016399572280544,34.05316275892688,0.011794771389928349,-0.4196114934559929,0.019275114142243796,0.48132430696108575,0.5245832586208066,2.41059399189426,0.11168973293797328
15,535,26.75,case1,4,24,871.9741134680906,154.85693070122778,50.83505056958854,35.39083279719657,3.7740421940561637,1.9723986755973208,35.64610493584312,0.055361071191610545,0.10623748435056932,0.013202883584863599,-0.223366939512889,0.24042749486758314,2.8432648390133823,0.19278049683001633
15,535,26.75,case1,12,24,873.1264627795942,154.064707856202,49.63280682914082,35.40962034084685,3.2221457031560434,1.9075528464757403,35.60705258059672,0.05359799065202299,0.09074641629067011,0.011464623217559991,0.217845650385016,0.21825251454699207,2.3260274417042512,0.1699855688181848
15,567,28.35,case1,1,21,-774.0803718274924,352.0547966252144,47.373607622285675,-36.824627419277306,10.185078383846015,2.17495691463597,38.26904027845747,0.05686396799067671,2.87175502235635,0.018458156138742115,-0.017705788015727808,0.5625439698334368,2.052276302277019,0.1544938943200922
15,567,28.35,case1,9,21,-776.6648091798711,350.0059462179533,47.29848220260364,-36.65660350255431,8.116020897920949,3.462526777345504,37.70365323470395,0.09196489050277644,2.923700901119102,0.009322066271114147,-0.16375307984230364,0.29380789132266044,2.1939315371505828,0.12127288472195273
15,567,28.35,case1,17,21,-776.9212509604931,351.29627619258326,46.75071432529115,-36.472987519427626,10.239894525375542,0.03354738394500708,37.88318075228252,0.0008855483532122965,2.867885986466272,0.013591310910444087,-0.290512643127554,0.3155617330551542,1.9292250068333254,0.10048628250751919
15,570,28.5,case1,7,27,-662.7866868548377,-612.788634904,52.51266341079249,-27.66583089504077,-22.919331973785933,0.5311748570804381,35.93015619178955,0.014784077320998523,-2.4497523979501126,0.012557031256020696,-0.2855366475983005,0.3240849500510328,0.2874881084069302,0.10147281087943963
15,570,28.5,case1,15,27,-663.3767068022999,-612.8584131762719,52.41334178826115,-28.471893244797876,-22.118524369008377,2.117644960689573,36.11595555132272,0.058668259671054525,-2.4811248843197067,0.016798312969806325,-0.3822648656866804,0.42706046820313776,0.8852473314523753,0.08879495994897468
15,584,29.2,case1,14,26,-520.0360813732939,-622.122004679828,48.766094919703114,-24.57549533386672,-23.48577872380781,1.8368306732605553,34.042777796337354,0.05398276008651848,-2.3788640917090538,0.01422873950366506,0.24444075780302665,0.4061049821594157,2.0792205906632306,0.16923534849024632
15,585,29.25,case1,6,26,-518.8281869079766,-620.9736104889405,48.67736045466296,-25.188426128881837,-24.306988462356756,2.3626473974278284,35.08373699713094,0.06739409932154193,-2.3740010791730137,0.029399817300872617,0.3388071154237299,0.34340774563989185,1.6883780866248956,0.15385587410235096
15,603,30.15,case1,11,23,376.6578747610971,944.8778567424424,54.12413830440983,19.327672442363397,33.45650623184296,3.041559519039313,38.757551723354496,0.07855733943488949,1.0469386814401642,0.007070227203405814,0.25413402516567496,0.3337293312448141,2.0640070131495842,0.1480048689078872
15,603,30.15,case1,19,23,376.0969218223086,945.8088855497454,54.10638926381664,20.879689693806185,32.92284585683134,0.31700141541974947,38.986865877109054,0.008131069306769718,1.0056081670570962,0.013070402640386957,-0.7604195852863683,0.7782832526851982,1.1236239527094112,0.12837249996894312
15,604,30.2,case1,3,23,375.70649194710217,944.3687837916536,54.635478680794726,20.908583308376336,33.61968827275003,2.245593974068885,39.6546969199939,0.056659010978280085,1.0144186248180644,0.018360557219266986,-0.011290536917689359,0.40492690702667233,0.7153950093692989,0.11304920192551335
15,626,31.3,case1,0,20,-807.9990061969461,-566.4421186628508,54.66842380768772,-34.937772426343216,-11.53804863906423,5.228249936854517,37.163276307594025,0.14115147926840976,-2.82262355063569,0.0034648687726774896,-0.2210255218053451,0.568576567641105,2.025161255740649,0.13491060238756625
15,626,31.3,case1,8,20,-807.0452498252433,-566.1695078697823,53.594737754766626,-35.66939526785808,-13.259596850462872,2.1435747076036282,38.11453239826745,0.05627004182011405,-2.7856866747619025,0.019190944313512513,0.2261924534182187,0.28279870980868027,2.540812993642099,0.15800576536922667
15,627,31.35,case1,16,20,-806.7670670600957,-566.9763698154178,53.975090732668804,-35.70199556629327,-14.949083273244511,0.8886678555244384,38.71559516116814,0.022955759982078047,-2.7450545663327923,0.023716216547659496,-0.09286543895797059,0.41489023934690644,0.3734377186477636,0.09940594286214452
15,661,33.05,case1,10,22,734.7087073018608,-883.4722761962878,64.24891396227042,21.759635738583867,-29.222635950596427,1.5010668653498198,36.46501612657258,0.041176208878558246,-0.9307500365233196,0.0056680514681750945,-0.2868519931596414,0.29904389130899667,1.6008187750359377,0.1352240160567983
15,661,33.05,case1,18,22,734.6807233009177,-883.8189964281842,64.18297061231341,22.650252013308968,-28.705751491790426,3.7143508687836246,36.75391798640342,0.10123281621900765,-0.9027684237567698,0.011446992162810216,-0.13950385218812608,0.23594047824170777,1.341759216246843,0.12764729401134045
15,662,33.1,case1,2,22,735.2134422790618,-883.4218199787416,63.43315282553799,24.011234461042616,-28.069543386944094,0.8076322998538776,36.94713677981643,0.02186087208491781,-0.8631643720838286,0.01114965115265532,0.05668357218589726,0.2727124554175455,0.9786917166875321,0.0898232341933324
15,662,33.1,case1,5,25,814.8033303668724,-208.4489284088166,43.01772955412676,30.927989057913436,-13.588742878564613,2.172189884132584,33.8513345243416,0.06421263399326688,-0.41397656093070223,0.012328877111335427,0.13231682753764246,0.13824936967366375,2.4955150282068397,0.18750283689178945
15,662,33.1,case1,13,25,814.579270177549,-209.48312812655644,43.943571904843424,30.667283735411353,-14.79479196990995,-0.8800182087750005,34.06086600761809,-0.025839511675555666,-0.449492389215846,0.02057134955183951,-0.18266235390434854,0.35966119157475385,2.450943823879426,0.18288952243513953
16,535,26.75,case1,4,24,872.2826667121584,154.76706892686886,49.47053270101348,35.34544265673969,4.349652125833113,1.1205584446676413,35.629698868283384,0.031455310836697295,0.12244555605195577,0.013795587154441397,0.6792156008943127,0.7158023047139263,2.7086688257063245,0.18760029155042354
16,535,26.75,case1,12,24,872.9469739600684,155.9307911023047,50.65038311937776,35.2953292926714,4.03146618062037,2.597375427911611,35.619648349711596,0.07298451573545212,0.11372808125228291,0.012677946305372329,0.10817035949074422,0.11267627629269687,1.7791438306686649,0.1618304761344535
16,567,28.35,case1,1,21,-774.5505137664645,350.9726016595738,47.45971203371875,-36.6672612169806,10.506544042307661,3.41126784119105,38.295068365934334,0.08919674422585995,2.8625321085240043,0.020862414474684822,0.04349351977662133,0.34388222030280147,1.785666139657425,0.15108442906883043
16,567,28.35,case1,9,21,-776.4859521160287,351.4124694849309,48.04056821805612,-36.38090545159272,9.738301083521531,1.745309116499907,37.702133804112236,0.0463086010017972,2.8800480255182555,0.011827187194491185,-0.5694791265677176,0.5697714062617018,0.7548904708800889,0.09917291922488908
16,567,28.35,case1,17,21,-776.876783783304,351.9932493082681,48.90869331561357,-35.84795262970688,12.226246892245724,-0.09972576795870192,37.87567512323248,-0.0026329796857878897,2.8129056877707863,0.01464118803586327,-0.4619238088255292,0.5951330891262806,1.1729507539408646,0.08359718534190139
16,570,28.5,case1,7,27,-662.9191075135093,-612.5946169209142,53.12573186115894,-26.446413111152403,-24.107933955596465,3.2070252829473773,35.928961259944586,0.08937912783751019,-2.402418278232903,0.011581450705018106,0.3934433815970248,0.40627000183501455,0.7472698365695457,0.10316365904558997
16,570,28.5,case1,15,27,-662.1583829740603,-614.1683951002827,53.43679949418687,-26.716748769687825,-24.14291265712942,2.815503397580087,36.11913559007442,0.07802962257163214,-2.406757985618358,0.01606191091423028,0.0634826319323612,0.425497252569648,1.6551679972914262,0.09605306987768958
16,584,29.2,case1,14,26,-520.1695780884745,-622.9394461860103,48.48403808361228,-26.812310494501826,-20.89853679606082,1.7710729286682796,34.04093908206033,0.05205123496759801,-2.479515797975139,0.014340190078897636,-0.5635118014347547,0.6136236690568156,1.3359727285347902,0.1483536535546965
16,585,29.25,case1,6,26,-519.0976609880462,-621.741539492514,47.59127298982015,-26.16506627069132,-23.317384702967864,1.6937093368073868,35.08817142077165,0.048288858698972474,-2.4136804064167436,0.03088853702066524,-0.2688565738302566,0.40082955728660113,0.9526343344467064,0.13363717852050197
16,603,30.15,case1,11,23,376.05564604186566,945.1658222182078,53.194215097892794,19.382982988769836,33.43497763718578,3.28202130321577,38.786201450732655,0.08471957906427413,1.0454207839812522,0.0065252915850972735,-0.1762441045112727,0.37967866219131635,2.112218808387073,0.14939666635546597
16,603,30.15,case1,19,23,375.90519423552524,945.9195618769036,53.52692940440057,18.973857341254593,34.02080022915072,0.816634408499536,38.96266164413319,0.020960945086497415,1.0620503878233798,0.011097640869738057,0.4263051539210932,0.4581972238513771,1.350854089799155,0.13036078127593484
16,604,30.2,case1,3,23,375.0030828119393,944.6151352506166,54.57690068575472,20.1358549842564,34.04149373041176,3.2092608549459283,39.680918671066,0.08096510741026779,1.0366434923571213,0.018294182859080958,-0.468784162340708,0.590397318266044,0.7081941626008417,0.1149219013092329
16,626,31.3,case1,0,20,-807.9962886931368,-566.8438271859646,51.69938330865418,-34.54466082486593,-13.681339896881969,1.6294271266505298,37.190962418847214,0.04382647720460583,-2.7644979073350986,0.0053208347075777256,0.5166812798232506,0.7191502345197301,2.887042389253106,0.14681838839583855
16,626,31.3,case1,8,20,-806.527791942041,-567.6722788827573,53.62962479235464,-34.82571056979248,-15.423529052385819,0.040350350085570225,38.08827894866735,0.0010593904147661714,-2.724677433927971,0.01823592427601724,-0.0080417590965908,0.5444163835654372,1.8518210954350278,0.14716978846573542
16,627,31.35,case1,16,20,-806.7792417410803,-566.8658502735617,55.13884991024273,-36.58708007600264,-11.740864930685335,4.473008480961666,38.68423635900263,0.11588793541131394,-2.8310717641061443,0.020343825031907868,0.2060026083374171,0.2745772572828951,1.207584961801666,0.10135635660654205
16,661,33.05,case1,10,22,734.140368116572,-883.6001964405558,65.02245358051279,21.894513539960098,-29.063939684495356,2.6281331329355293,36.482727377485276,0.07210018917541959,-0.9251723422539603,0.005713681557071636,0.2192838025774532,0.2237762908300244,2.0345949215530394,0.1430294432749944
16,661,33.05,case1,18,22,735.6215300696438,-882.9260146051424,63.838629274172426,22.59340452391325,-28.965176879611775,0.16206862502385422,36.735128499674495,0.004411830239922813,-0.9083578719455627,0.010603952344097608,-0.022709701059643927,0.2029489085898951,1.939221129899813,0.13540898556670505
16,662,33.1,case1,2,22,735.4520134201684,-883.0383532098206,64.55757073416632,22.543485887589224,-29.204860549922962,1.901073239636472,36.942478465404065,0.05148309968724724,-0.9134204603190481,0.01225474732869948,-0.26591228295478986,0.30884628729008196,1.1228747081769705,0.09424159025939857
16,662,33.1,case1,5,25,815.0389463041258,-210.7383241137075,43.71149920032934,30.147424477572052,-15.02624369458372,2.0223714869112004,33.745298763398125,0.05996639929015124,-0.4623871780273599,0.011161876513157181,0.2257939919625673,0.3807306324516844,2.3720073600707194,0.1665060789322644
16,662,33.1,case1,13,25,814.9105423068854,-210.6455440458583,43.78556798107974,30.942782212137537,-14.383396374989436,2.0278862300801457,34.1826006159564,0.05935995490949876,-0.4351248742225853,0.020125230718792277,0.7544179035176255,0.7896097340230698,2.434869360712286,0.1692764214252495
17,535,26.75,case1,12,24,873.1694998959837,155.07639783825607,49.89407923921432,35.41501346171198,3.4435111139626655,1.5250458597505694,35.61469797933948,0.042833784593560194,0.09692839163620309,0.012002717343720933,-0.14113956775926947,0.1485624195503699,1.68268579380621,0.1599455304021238
17,536,26.8,case1,4,24,874.1706786033427,153.64000608575245,49.796973146464424,35.30041970292715,4.983868601561807,-0.16948523135048926,35.65090886196433,-0.00475404064531043,0.14025738481234218,0.010763355991239213,0.4502696184318694,0.4971745660753716,2.3988085118440248,0.0908056968561479
17,567,28.35,case1,1,21,-774.6556259985533,350.6225108434898,49.172844545725894,-36.78798502888699,10.068889688890367,3.352818890984248,38.288115343646744,0.08768043861980292,2.8744349836689778,0.020667281931036948,-0.30337747211180444,0.4688616065066181,1.9132002728084274,0.15021897419274946
17,567,28.35,case1,9,21,-776.7700621251655,350.60950136797555,48.61167536478721,-35.94098244281852,11.0275467066502,3.067052055136384,37.719594558150504,0.08140177237591964,2.8438873625393932,0.010373969081472206,-0.42927942715439277,0.466982346351183,1.508330498906645,0.10509373994331522
17,567,28.35,case1,17,21,-777.4980878755431,350.33890326419015,47.44220605840593,-36.544604488900134,9.898831977780388,0.3685710372168489,37.86331782060233,0.009734404679190938,2.8770702389082885,0.01608172849627081,-0.5904221613519903,0.5912747429508669,2.3338747088576395,0.0998403631914805
17,570,28.5,case1,7,27,-661.9719010142828,-613.808343297921,51.71392573203052,-25.997322908904017,-24.783708380982553,0.10152819165425178,35.918008122905576,0.0028266691880481296,-2.3800889153319127,0.01301882019392708,-0.09696186919189217,0.2207898874060484,1.39949701688156,0.10656410217596371
17,570,28.5,case1,15,27,-663.6473485432012,-612.5150184091967,52.47644114378479,-26.85902449986202,-24.072320435077213,2.064505763095385,36.126804346068006,0.057177243402528555,-2.410854899822511,0.017157417962764675,0.5758080472862043,0.7202154133596811,1.1858689810021894,0.09292749916736653
17,584,29.2,case1,14,26,-520.78753801547,-621.8866485281446,47.179893720336366,-25.853202767405477,-22.152270853202147,1.0577926723296327,34.062150880762744,0.0310597757702957,-2.433136254039897,0.014384269029052987,-0.07315317583521175,0.5342781324546115,2.1324479232066684,0.1639647318723337
17,585,29.25,case1,6,26,-519.7713223536246,-620.7990209266018,47.21836859570242,-26.837020049480902,-22.4596887295685,1.984316897814454,35.051401919413976,0.05664190975723723,-2.4447578235072753,0.028786624288077472,-0.05604993010761167,0.11621954620622785,1.5921908441853225,0.1432518320209286
17,603,30.15,case1,11,23,375.96019846327664,945.3313086801401,54.00932153797487,18.239966322182145,34.2141472623084,0.004368500447628292,38.77246785291156,0.00011267016774489246,1.0810114747573198,0.008082809240403608,-0.3693903790342673,0.37295860539001996,1.6252219035082192,0.14228935587361535
17,603,30.15,case1,19,23,375.90883047685486,946.0471930798076,53.83295914128674,17.772987477559095,34.475830108405184,3.7068931341851328,38.964124553868245,0.09528015430241399,1.0948097741958425,0.008961818476163433,0.21731809704947963,0.41577752487749414,1.069494041571884,0.12649763354722926
17,604,30.2,case1,3,23,376.70256862030806,943.9303804719235,53.940280967200714,19.27530922816852,34.58465987515472,2.5927579773145597,39.67818844718826,0.0653912585344328,1.0623375893623825,0.01940617465386594,0.26332082936209483,0.2640730192576822,1.6075895799482605,0.11958861234162148
17,626,31.3,case1,0,20,-807.69430002672,-567.108208813347,55.57858392570707,-34.979095234411396,-12.34145938465584,2.742038610140618,37.19364863657011,0.0737902489493697,-2.8024043647798234,0.004309701613241148,0.010554069389518389,0.051877090739639614,1.9864112764266453,0.13350850051091742
17,626,31.3,case1,8,20,-806.4259227258223,-567.9365384029096,53.51002971295012,-35.4553754045419,-13.820290528111933,1.0557786516834178,38.068343067695565,0.027737326019265412,-2.7699154468715994,0.014633895524870787,0.05897026706118175,0.21296188980211853,1.8968456476851383,0.14704725966870014
17,627,31.35,case1,16,20,-806.750214545651,-567.5220474155026,53.57880936006229,-35.89426178929946,-14.354376489019614,1.524015407435073,38.688096060020605,0.03940255501536517,-2.761166212727382,0.02263832977349874,0.2160504742699659,0.21862208943882264,0.5249075653142999,0.09384212224301434
17,661,33.05,case1,10,22,733.8827166470036,-883.896901761953,65.06495361381,21.60737120931543,-29.308092928541015,2.079483450583433,36.47145531928222,0.05704767702785835,-0.9355057290260461,0.0056126547878781775,0.16278603127075067,0.16710053023232704,2.0914462940561975,0.14238638159358494
17,661,33.05,case1,18,22,734.9044968758997,-883.6352234338896,62.35714783911009,21.9469556433172,-29.450318452796562,1.0008998399169913,36.742236179503394,0.02724449506796854,-0.9303616765920516,0.014455522300882326,-0.17182566475946692,0.48054787599510895,2.3275590973185887,0.13919246024083431
17,662,33.1,case1,2,22,735.0403418100929,-883.5389146084926,62.5718445789153,23.007736594926506,-28.901206854292358,-0.6116629675814143,36.94603946896103,-0.016556332459674576,-0.8984488511654076,0.012151000533012627,-0.09859808963019237,0.3036037578170212,1.652710544683724,0.09747054401685715
17,662,33.1,case1,5,25,816.818536393812,-210.61473845664776,43.14898435987625,30.53223163962937,-14.591057914516355,0.00016133007221487644,33.8395647133172,4.767498446928836e-06,-0.445803934204389,0.01320937250347453,0.2623600048088307,0.29994110307736804,1.3074898052300847,0.11542580883654091
17,662,33.1,case1,13,25,817.1889240673592,-210.44479099712294,43.45896629865583,30.863181754086884,-14.035921168248265,3.4145094915666983,34.07641333965593,0.10036999026282882,-0.42682087606620317,0.0195778957718445,-0.22702197739379495,0.23523111571749084,1.0546136355644182,0.10394729768779346
18,535,26.75,case1,4,24,872.1955950113448,156.40550799830513,49.82244930255482,35.38006755830589,4.210669069202649,0.9731777163732537,35.643035635426365,0.0273068399869983,0.11845529670023344,0.014103537619676013,-0.5223387642991987,0.5275593969572202,2.671361872240712,0.18403394958365418
18,535,26.75,case1,12,24,873.2890976744739,156.11490727192756,48.77796170736214,35.23899407441991,5.02538274096426,0.49472091008704594,35.59895958941862,0.013897508277735143,0.14165344995365328,0.012829041239207195,-0.015173963496658116,0.12565303483027757,2.19699650978452,0.16010341958891544
18,567,28.35,case1,1,21,-774.3841899780185,351.07164491470763,47.68080062161715,-36.4406880277679,11.794246195867379,1.5373136095634372,38.33264040475151,0.04011531655936321,2.828576864409964,0.023984713109351567,-0.3440801260024966,0.3669378815046929,1.7845782686414604,0.15287118801484587
18,567,28.35,case1,9,21,-776.3213533256967,351.9911173988105,48.083406672102825,-35.71938394080691,11.372656819054917,3.8503473687705116,37.68337680058634,0.10235490998235913,2.833351802493412,0.010114473401181844,0.16215692415194694,0.33442350918401814,0.520869183276651,0.097084350288659
18,567,28.35,case1,17,21,-776.3867343822626,353.53492940751494,49.00071489736376,-35.133394051665334,13.460938944583189,4.187441292762154,37.85613450208194,0.11084142672138333,2.7757064411908945,0.013044465536178931,0.05152215100621782,0.3367246870764209,1.9376453922985124,0.08740655515091786
18,570,28.5,case1,7,27,-662.232443382827,-613.3887247748322,53.53560926671829,-28.219403415036126,-22.174272626927333,1.777782606495834,35.9331825285461,0.04949488302264238,-2.4755821334559642,0.01225714838803288,-0.042799895621957296,0.22313004299117184,1.1744477081971572,0.10558842138196274
18,570,28.5,case1,15,27,-662.8483665422473,-613.6242414571616,51.75949359598884,-27.640801352708127,-23.210454197359272,1.3082828016946473,36.11717994745428,0.03623120847237983,-2.4430987037046363,0.016841812483790304,0.06774018650967822,0.16839528525997977,1.1796108999248311,0.08915915628442124
18,584,29.2,case1,14,26,-521.22858781392,-622.0933396828707,46.83574695576818,-24.44068120327709,-23.700661781980354,-0.06909958769676396,34.04516179043751,-0.0020296462552986012,-2.371565086371738,0.013971318875628577,0.4919686875436434,0.4954882862998554,2.11065036539632,0.1552154074882853
18,585,29.25,case1,6,26,-519.568224296107,-621.4552903169817,48.68219855282304,-24.96878917185843,-24.245439390514886,4.2496725493710885,35.061966298608006,0.12150336687794652,-2.370891412620098,0.02769313773883466,0.3848499469353882,0.4713165769634546,1.0023185439525477,0.12935358962308913
18,603,30.15,case1,11,23,376.23845111900044,945.0232565161361,54.36150552811533,18.716689674475372,33.816964214944704,3.042505329406115,38.770586528513185,0.07855534423875116,1.0652925845377226,0.0069033890396482875,0.44137523549610974,0.4435511430337641,1.8566400247896246,0.14686799142109536
18,603,30.15,case1,19,23,375.7915371022,945.8511326269671,54.7332557437918,18.705255238331166,34.09416237667734,2.527211329810597,38.970312788119614,0.0648951949490675,1.0690016039133932,0.01178440347489807,-0.4681075295476155,0.5242334729487393,1.167748453600097,0.13034382703061917
18,604,30.2,case1,3,23,375.46645624180843,944.487165447393,53.29978518426038,19.648911359926586,34.36790018753993,2.6618816173179836,39.67767501600332,0.0671380673348767,1.0514284543686698,0.015716683953270295,0.45071344525535634,0.6638120519592507,1.1255422929125498,0.1170315149771051
18,626,31.3,case1,0,20,-807.4302326139878,-568.4022296299968,53.36623875022264,-34.295296845396365,-13.862066095219504,3.9621776724183504,37.202461128934715,0.10670548356687826,-2.757473166908306,0.003852664480645296,-0.4747271197804178,0.5895770070374999,1.0582911233710248,0.12127845144105963
18,626,31.3,case1,8,20,-807.3346157690652,-565.9478156001705,53.89227790574999,-35.65818599789776,-13.244970997720184,1.9354220751262605,38.08781096361415,0.05083663031343368,-2.785944400125438,0.021661806688306823,0.6320225789360547,0.799644867552443,2.587636930286024,0.15577161516224242
18,627,31.35,case1,16,20,-806.6646665991219,-568.0593451504562,54.16133302540097,-35.61153268235726,-14.702352711007933,3.617362431458812,38.696585717424874,0.0936168294799435,-2.750054852497055,0.023113540650975047,-0.31348853031215995,0.3166878841103203,0.7723136442596414,0.08911631337773906
18,661,33.05,case1,10,22,733.2261303236504,-884.4155823088564,63.58845525077878,21.432708833097493,-29.42638351908764,2.3545959640681584,36.48036700871819,0.0645890950625061,-0.9412957535511274,0.0051495633534279035,-0.13497577263356375,0.13653664422951475,2.468379708580909,0.14809359699724917
18,661,33.05,case1,18,22,734.3362182517137,-883.8189777877534,64.1669888580232,19.33137564245642,-30.975738421108936,4.192229046825033,36.75286709011645,0.11431416932753981,-1.0128580028334646,0.013636517733203082,-0.3458020711917627,0.3512740503938646,1.5919729560955285,0.13321218100190843
18,662,33.1,case1,2,22,734.3798314150189,-883.7658306027312,65.3118490735214,20.90533441863121,-30.297017116952443,3.2528888961723217,36.95299094133731,0.08814184114304474,-0.9668045696280214,0.011551610469233536,-0.3965096339671197,0.39779419321497916,1.1769527543781444,0.0953927773133928
18,662,33.1,case1,13,25,814.9002085238079,-209.87613941527664,43.975281297630154,30.336490030185253,-15.092893713713858,1.5194760148272144,33.917648435064415,0.044813977271694935,-0.46165855513648324,0.014742919306652717,0.551715571770606,0.6166552643390899,2.184020909938159,0.17185413595496207
18,663,33.15,case1,5,25,815.5206524760848,-210.22462041651445,41.73600978383329,30.976014420291595,-14.012475903177226,-1.3079850521035774,34.02313588133465,-0.03845346467856666,-0.42481921902683506,0.015684350481865804,0.6063464464966354,0.7194328256678667,2.3403812256328855,0.10465496289833078
19,535,26.75,case1,4,24,871.9519122872841,155.75242720067178,49.69589496143204,35.09889904340746,6.323735032770746,-0.48017333769561105,35.66725256111318,-0.013462989406952161,0.17825667079319008,0.011867753878017716,-0.015901317546625826,0.15904591055279121,2.8219064693840243,0.19110510089455254
19,535,26.75,case1,12,24,873.1148947201042,155.1802300723676,50.81464719161394,35.36453828797032,2.133960867661634,3.270630644429812,35.57950789595485,0.09205451812953218,0.0602687494453955,0.01156039734398088,-0.45150040422974747,0.4800944896402174,1.675876299011473,0.15944340847561472
19,567,28.35,case1,1,21,-774.1319100603966,351.53568608994823,49.41967591254989,-36.380712995963705,11.700913180404353,2.2567635861545776,38.28264135654482,0.05898424553178472,2.8304171863977783,0.0210226242946538,-0.14356710797803496,0.1459508585118722,2.0998665492712596,0.15516103728956182
19,567,28.35,case1,9,21,-776.9620892746083,349.41291930357045,47.13248629426384,-37.044981844897166,6.902157905547931,1.4539178748005903,37.7105335526898,0.03856424660112901,2.9573865178183345,0.013575493739372073,-0.436306829616726,0.5613067826311936,2.863174609249355,0.1273065549322195
19,567,28.35,case1,17,21,-776.8785428481797,351.87508912796466,48.274037766644085,-35.75364376220476,12.495218077264417,0.2984284830791731,37.87535579545823,0.007879307395198173,2.8053802971835258,0.01249368812098654,-0.30389707779182695,0.391530647142604,0.9906763259265717,0.08411950757256088
19,570,28.5,case1,7,27,-663.2833737478098,-612.1531335054822,53.395127624941516,-28.27383517401867,-21.788852873948432,4.0594908388858055,35.92552478226511,0.11323925694966808,-2.4850143953360893,0.010757173581162606,0.039057981047434936,0.26365628614045933,1.3304132053038464,0.10642128196228898
19,570,28.5,case1,15,27,-663.9637295654314,-612.0456496512592,53.56996324292252,-28.252930433929034,-22.327055969943185,2.780486798717859,36.117261984088074,0.07706123082193726,-2.4728213013685347,0.01723687621844509,0.15693802955599878,0.31083558906850245,1.9434215022551153,0.10113575379958926
19,584,29.2,case1,14,26,-520.0635903655159,-623.2779364565827,49.13466544039755,-23.71458249558175,-24.31024303984135,2.2535538544070453,34.03597867801982,0.06625940411158353,-2.3437919463998353,0.013855523829225037,0.23516757991923776,0.28204237763302664,1.5613446899787256,0.14562109290672662
19,585,29.25,case1,6,26,-519.0493931187979,-621.8250079227148,48.918031088386016,-25.144566051129537,-24.30432462745489,2.9987733293789014,35.09903188091262,0.0855417797891134,-2.373184973859989,0.0283222955403305,-0.15140367445984734,0.19370188779601277,1.2317591000229111,0.13277199329080774
19,603,30.15,case1,11,23,375.15393106515427,945.7974257622269,53.36770012179295,19.286131043487902,33.521836739075354,2.7577578936000555,38.77207265013728,0.07118754081026121,1.048713793670714,0.005776928467228691,-0.23674841739645383,0.48765584122483363,1.8593469209345261,0.14343133839589142
19,603,30.15,case1,19,23,376.8734267012448,945.4943162527153,53.7834646888389,19.23285503589178,33.80873114855925,2.5097715098781332,38.97732632876432,0.06443512939962787,1.0535792718178247,0.013033443062887956,0.32358296496829564,0.32639607616473654,1.6466488873374685,0.13216270645463016
19,604,30.2,case1,3,23,375.0255925065292,944.7168207931373,54.53203400484626,18.223653166993856,35.21056273716105,1.604140194565615,39.67944718342558,0.04043850388479603,1.0931979427866858,0.018883551765543044,-0.38293807072564306,0.4609145170452701,0.6252410795661402,0.11253296276805225
19,626,31.3,case1,0,20,-807.8071967140912,-566.9659830396179,54.11232635866357,-34.37790237182714,-13.949694936428203,2.4494006764900327,37.18109363615167,0.06592532871384203,-2.7561177233628875,0.004576539946218038,0.3687057572686391,0.47278284485065614,1.465744370940883,0.13062090564884282
19,626,31.3,case1,8,20,-806.5520989956257,-567.2285701934835,54.659024481907366,-35.3488737769171,-13.821370473682135,3.193492007765931,38.088995133382745,0.08394144803916709,-2.768869854702866,0.019539052657659955,-0.38884667183012234,0.3903042854981776,2.0509823391467337,0.151143585158989
19,627,31.35,case1,16,20,-807.167868554936,-566.1040385006421,54.121685801237675,-36.1670111293976,-13.645722619957963,1.3198097568360387,38.67816357648127,0.03412949048067128,-2.7808092660920303,0.024054730898063145,0.2923568177862966,0.3277284292696836,1.33236646211106,0.10552498832574664
19,661,33.05,case1,10,22,734.5450353108342,-883.5626972214226,64.0118976594969,22.385181655273186,-28.761154757960586,1.3089365605380903,36.46935282768877,0.03589912212057904,-0.909419737901487,0.005751416235398279,0.6169502687436706,0.6781815608325482,1.6402582915208241,0.13634068417429443
19,661,33.05,case1,18,22,734.1088937751103,-884.268930567379,63.68222477014766,22.087323425445284,-29.223505048699902,3.011998983174743,36.75507096043018,0.08203984613416285,-0.9235892215644133,0.01336071657274763,0.5889775321444639,0.7623722232068604,1.6610587123569596,0.1310779500619756
19,662,33.1,case1,2,22,734.5740487585606,-883.8764382546403,64.29164539909465,22.17723529615117,-29.481477548084523,2.2411514844217733,36.959573100553946,0.06067513799605951,-0.9258612389409016,0.011910300004769421,0.1791880153236118,0.247992258835019,0.25536725921855585,0.08679792567177991
19,663,33.15,case1,5,25,814.463034283608,-210.83335245970338,43.0884356731298,30.91132900155161,-13.808012328365562,1.059184172319387,33.87171882578965,0.031275556839050894,-0.42010414444923994,0.013040725378841449,0.4290673374106732,0.5197636660674204,2.050521119145303,0.12409679470312285
19,663,33.15,case1,13,25,815.6370056872809,-209.2098913843646,43.77843749874259,31.629001620345935,-12.290529981459443,2.8281988347387372,34.05069132005717,0.08315428213493278,-0.3706265903263789,0.013948375672666316,0.5970962047426742,0.6132692228794071,0.8651071739384659,0.09017984029731893
20,535,26.75,case1,4,24,872.0003313849811,156.84713137198176,50.69266638416856,35.27325528577182,4.624891784815962,1.786558306709275,35.61999372627345,0.050177106230166774,0.13037240168433495,0.01395859552789656,-0.3524676214401738,0.36719595824682716,2.963900612612542,0.18893724956870123
20,535,26.75,case1,12,24,873.0934091529042,155.64198421589015,50.60639215989858,35.155573135298766,5.6346041870389065,1.0282560878860774,35.619101580447136,0.028872119595218702,0.15892462612623645,0.012091761921901168,0.07854598532888163,0.28793521669519345,1.6000638328356558,0.15840092516049134
20,567,28.35,case1,1,21,-774.4102231201938,351.66117265030323,48.46144737279596,-36.0446273835415,12.78344023276746,2.0392513383952156,38.29869519218944,0.05327116632355302,2.8007760639978043,0.019353225286456745,-0.41720125518031254,0.5371081832148699,1.4957241566986028,0.14549208733634175
20,567,28.35,case1,9,21,-776.6909092038452,351.15195531012824,48.9754386281301,-36.07600103374691,10.113249220152353,4.161331676329662,37.697113174568756,0.11061403448136707,2.8682763268964804,0.010758249013028706,0.21185207606666304,0.22440346786498108,1.2269848697701775,0.09768983510338534
20,567,28.35,case1,17,21,-777.5075682593363,350.52727813153865,47.943035060522064,-36.562351989273765,9.65564138505337,2.0092109540326235,37.86916849103121,0.0530815670774762,2.8834002193167465,0.013916507711045098,0.06783856570604496,0.08054479177611384,2.08613596971826,0.09325998414826177
20,570,28.5,case1,7,27,-662.5668622875291,-613.049509545573,52.96999146312121,-27.49304129562606,-22.939272552624704,2.8563198059962134,35.91985673357742,0.07960328621991807,-2.4462449513006983,0.01087509166803697,0.1656444930219492,0.25857485614327613,0.4878878300883528,0.10104155629819837
20,570,28.5,case1,15,27,-663.9355717189875,-611.8740071730703,53.94121723000298,-29.42535753417973,-20.4939923987481,4.364708874415409,36.12348369153581,0.12112340992848927,-2.5332371472669166,0.017955416742511207,0.20518310542085288,0.25690101426907946,2.210723648933891,0.10600782144931634
20,584,29.2,case1,14,26,-521.0456863475423,-622.0755007712719,46.92593470785193,-25.533446265163033,-22.476601586865563,1.019759136978625,34.032255372926834,0.02996897471089407,-2.419779594345586,0.01456028644557368,0.09067964306273016,0.13757989222068723,2.074079907043841,0.15742285386063884
20,585,29.25,case1,6,26,-519.347486487401,-621.2963869369911,46.8488637986287,-25.50688207041314,-23.94222639527369,3.050707020254502,35.11606542652428,0.0869846176669965,-2.3878256734357333,0.03002238421819342,0.17983516882643474,0.6021434410177223,1.5436996859271934,0.14265937812563853
20,603,30.15,case1,11,23,375.4012547254181,945.7525971102226,54.31218715698241,17.733373774110134,34.313240842224445,3.300997970366709,38.765546947117386,0.08525612475729046,1.0937925338518466,0.006961592925414882,-0.06320452046076985,0.22480411949923196,1.4111828319808983,0.13772093936424715
20,603,30.15,case1,19,23,376.0963721651153,945.9977190050042,54.65785050027568,19.001837123884552,33.974035074431214,1.957676298861906,38.97611281044385,0.0502487353086744,1.060837478861652,0.011660061164507556,0.17870860308720068,0.5536631234782892,0.9262414786585471,0.12378793134944763
20,604,30.2,case1,3,23,376.54416094030154,944.0348508931951,53.35408061011426,21.67369854272587,33.23420036852276,1.1465416678491962,39.693523910736246,0.028888872743851032,0.9929108553447599,0.018825650309110934,-0.1710713657834189,0.41510776855386744,1.675432427884816,0.11864805533244341
20,626,31.3,case1,0,20,-807.3455556911371,-568.3604205449074,53.26866897060427,-33.88918477598365,-15.176185843958056,2.022269422482117,37.18713534501174,0.05440772646097832,-2.720554788493408,0.0044726795682086965,0.11473754087131133,0.12026437733551834,1.1876067053259003,0.12402102861646305
20,626,31.3,case1,8,20,-806.5105791484904,-567.5676094316044,53.495312742541486,-34.48030232804747,-16.227849563488952,0.06770891796561371,38.108252840905166,0.0017767530270358205,-2.7017067404980155,0.021420644367855658,-0.08478333762840698,0.5208387515936406,1.9493217215946776,0.14930726279556003
20,627,31.35,case1,16,20,-806.9192713337969,-566.9180036247396,53.80521919262919,-36.32058474846877,-13.320013748465168,1.332855808434668,38.70896727292115,0.03443954768874639,-2.7900880117059543,0.024397680761403445,-0.2562507994485169,0.31630120000332823,0.5515793022135139,0.09690464330326788
20,661,33.05,case1,10,22,734.6596259876483,-883.4307906610575,64.45657289689505,21.71360658338077,-29.236757452182406,1.9677760013109304,36.47109594688533,0.0539806092363437,-0.9319953653360641,0.007287252397416017,-0.048248619128432424,0.20388352139691657,1.675613159573258,0.1368307243810813
20,661,33.05,case1,18,22,735.4334588197651,-883.1569427277611,64.75009331348998,22.12966099234734,-29.18245672106354,2.956172318108162,36.74338893851947,0.0805415862010066,-0.9219912041825132,0.013240705193675404,-0.4190556286181898,0.7033061032165302,1.744474017928522,0.13147118151401482
20,662,33.1,case1,2,22,734.5795316337892,-883.894469150785,64.03350688125686,22.63536237913827,-29.10841533052252,2.3827347697353742,36.95046546488978,0.06452934152857744,-0.909849836467354,0.012149848756184875,0.21935676233757417,0.2762671816364537,0.2692458234049659,0.08683234485896173
20,663,33.15,case1,5,25,815.0089383765237,-210.18074664321438,43.64152889375179,30.908665119444777,-13.096958759872292,3.0142071819384313,33.704025770810034,0.0895513100546295,-0.40079527971510903,0.00858811278999483,0.5480262940402316,0.5539379004019572,1.315976483317769,0.10544637018635883
20,663,33.15,case1,13,25,814.6549639792466,-210.1764167367208,43.45350200571582,31.677327205939573,-12.8047818669699,2.035073413253289,34.22801515382058,0.05949145263319581,-0.38414369121124986,0.020694660427774122,0.2779063087234583,0.4275490916810108,1.32213803102304,0.11554749884442839
