0.000000000 2073.631103516 0.000000000 2070.505859375 0.000000000 2102.956542969 0.000000000 2084.143066406 0.000000000 2024.561157227 0.000000000 2036.940795898 0.000000000 2020.700317383 0.000000000 2091.260742188 0.000000000 2082.938720703 0.000000000 2067.250732422 0.000000000 2096.678955078 0.000000000 2075.026855469 0.000000000 2025.962158203 0.000000000 2032.591430664 0.000000000 2010.464233398 0.000000000 2093.935791016 0.000000000 2088.907470703 0.000000000 2072.432373047 0.000000000 2098.430175781 0.000000000 2075.326416016
75.568984985 2071.830566406 84.376350403 2068.366943359 95.413551331 2100.494384766 75.587913513 2082.399658203 90.153770447 2021.941772461 98.178421021 2035.660522461 86.718971252 2018.115356445 85.898132324 2088.088623047 102.034889221 2081.496582031 75.614746094 2064.962646484 82.151992798 2094.042724609 68.972831726 2073.158935547 75.565658569 2023.117919922 99.768661499 2031.335083008 85.974639893 2007.865478516 79.148078918 2090.660400391 78.936553955 2087.161621094 88.982925415 2070.347412109 95.231918335 2095.967773438 76.719078064 2073.616210938
75.491645813 2070.017822266 84.019920349 2066.211914062 94.963417053 2098.024658203 75.309875488 2080.640136719 89.722908020 2019.307861328 97.746520996 2034.363159180 86.316726685 2015.516723633 85.491790771 2084.908447266 101.573333740 2080.038574219 75.399147034 2062.660156250 81.892356873 2091.399414062 68.730995178 2071.274658203 75.301521301 2020.260620117 99.323936462 2030.061523438 85.575706482 2005.253051758 78.790069580 2087.376464844 78.654258728 2085.400634766 88.594306946 2068.246337891 94.782295227 2093.497314453 76.433662415 2071.889892578
75.403831482 2068.194824219 83.548767090 2064.040527344 94.369895935 2095.546386719 74.939910889 2078.863769531 89.158752441 2016.658203125 97.157272339 2033.047851562 85.790824890 2012.904418945 84.968421936 2081.720214844 100.945854187 2078.564697266 75.123367310 2060.343017578 81.562011719 2088.750244141 68.412094116 2069.373535156 74.965988159 2017.389038086 98.716506958 2028.770874023 85.054573059 2002.626464844 78.332565308 2084.083251953 78.278968811 2083.624755859 88.078399658 2066.128173828 94.189514160 2091.018554688 76.053184509 2070.146728516
75.299728394 2066.361328125 82.975944519 2061.852294922 93.649818420 2093.058593750 74.488136292 2077.070556641 88.476921082 2013.992309570 96.429176331 2031.715087891 85.155601501 2010.277709961 84.341575623 2078.522216797 100.172050476 2077.073486328 74.791130066 2058.011474609 81.163414001 2086.093505859 68.024452209 2067.455078125 74.563926697 2014.502929688 97.965606689 2027.462890625 84.425407410 1999.984619141 77.786849976 2080.779296875 77.821960449 2081.833740234 87.449874878 2063.992431641 93.470397949 2088.530029297 75.588142395 2068.386230469
75.173675537 2064.517333984 82.313972473 2059.645996094 92.819404602 2090.560058594 73.964195251 2075.259277344 87.692428589 2011.308471680 95.580047607 2030.362915039 84.424835205 2007.634765625 83.624221802 2075.313720703 99.270820618 2075.563720703 74.405075073 2055.664550781 80.699600220 2083.428955078 67.575981140 2065.517822266 74.100883484 2011.601196289 97.089752197 2026.136352539 83.701812744 1997.326293945 77.163719177 2077.462402344 77.295051575 2080.026367188 86.722785950 2061.837646484 92.641136169 2086.031250000 75.048553467 2066.606933594
75.019454956 2062.662109375 81.574684143 2057.421142578 91.894027710 2088.049804688 73.377220154 2073.427978516 86.819458008 2008.605957031 94.626785278 2028.990478516 83.611579895 2004.975219727 82.828651428 2072.093505859 98.260131836 2074.034179688 73.967872620 2053.301025391 80.173896790 2080.755371094 67.074172974 2063.560302734 73.581604004 2008.683105469 96.106544495 2024.790405273 82.896652222 1994.650390625 76.473373413 2074.132080078 76.708488464 2078.201660156 85.910438538 2059.662109375 91.717071533 2083.520263672 74.443893433 2064.807617188
74.830596924 2060.795166016 80.769157410 2055.176269531 90.888046265 2085.526855469 72.735755920 2071.576171875 85.871315002 2005.883056641 93.585243225 2027.596435547 82.728034973 2002.297607422 81.966346741 2068.860839844 97.156791687 2072.483398438 73.482635498 2050.920898438 79.589393616 2078.072509766 66.526031494 2061.581298828 73.011497498 2005.746948242 95.032455444 2023.423950195 82.021965027 1991.955566406 75.725349426 2070.786865234 76.073287964 2076.359375000 85.025314331 2057.465332031 90.712562561 2080.997070312 73.783050537 2062.986328125
74.601387024 2058.915527344 79.907669067 2052.910400391 89.814758301 2082.990966797 72.047737122 2069.702392578 84.860267639 2003.139038086 92.470062256 2026.180175781 81.785476685 1999.601318359 81.047920227 2065.614746094 95.976341248 2070.910156250 72.949768066 2048.522705078 78.949562073 2075.379150391 65.938064575 2059.579589844 72.395439148 2002.792602539 93.882713318 2022.036132812 81.088897705 1989.240722656 74.928482056 2067.426025391 75.399246216 2074.498291016 84.078941345 2055.245849609 89.640861511 2078.460693359 73.074264526 2061.142822266
74.326507568 2057.023193359 78.999618530 2050.623046875 88.686309814 2080.441162109 71.320457458 2067.805908203 83.797561646 2000.372924805 91.294624329 2024.740478516 80.794235229 1996.885620117 80.083091736 2062.354492188 94.732978821 2069.313720703 72.370094299 2046.105590820 78.258216858 2072.675292969 65.316261292 2057.554199219 71.738723755 1999.818603516 92.671234131 2020.626342773 80.107643127 1986.505493164 74.090850830 2064.047851562 74.694549561 2072.618164062 83.081909180 2053.002685547 88.514106750 2075.910644531 72.325111389 2059.275634766
74.001922607 2055.116455078 78.053573608 2048.313720703 87.513687134 2077.877197266 70.560569763 2065.886230469 82.693359375 1997.583984375 90.071052551 2023.276733398 79.763687134 1994.149902344 79.080688477 2059.080322266 93.439537048 2067.693115234 71.744590759 2043.669067383 77.519363403 2069.959960938 64.666091919 2055.504638672 71.044151306 1996.824340820 91.410606384 2019.193847656 79.087440491 1983.748657227 73.219841003 2060.652832031 73.967308044 2070.718994141 82.043800354 2050.735351562 87.343269348 2073.346679688 71.542488098 2057.384033203
73.624382019 2053.194824219 77.077255249 2045.981567383 86.306770325 2075.298583984 69.774108887 2063.942138672 81.556816101 1994.771606445 88.810211182 2021.788330078 78.702270508 1991.393432617 78.048660278 2055.791259766 92.107521057 2066.047607422 71.075065613 2041.211914062 76.737022400 2067.232666016 63.992523193 2053.429687500 70.313400269 1993.809204102 90.112106323 2017.738281250 78.036628723 1980.970092773 72.322090149 2057.239257812 73.220092773 2068.800292969 80.973258972 2048.442626953 86.138214111 2070.767822266 70.732666016 2055.467285156
73.190063477 2051.257324219 76.077575684 2043.626342773 85.074363708 2072.705078125 68.966506958 2061.973876953 80.396080017 1991.935058594 87.521759033 2020.274780273 77.617500305 1988.616088867 76.994117737 2052.486816406 90.747138977 2064.376953125 70.363609314 2038.733520508 75.916297913 2064.492919922 63.300048828 2051.328613281 69.548171997 1990.772216797 88.785728455 2016.259033203 76.962631226 1978.168945312 71.403572083 2053.806884766 72.454612732 2066.861572266 79.878013611 2046.124267578 84.907722473 2068.174316406 69.901260376 2053.524902344
72.697074890 2049.302978516 75.060668945 2041.247680664 83.824211121 2070.096435547 68.142608643 2059.980224609 79.218345642 1989.073852539 86.214195251 2018.735473633 76.516044617 1985.817260742 75.923355103 2049.167236328 89.367378235 2062.679931641 69.617118835 2036.232788086 75.062889099 2061.740722656 62.592693329 2049.201416016 68.752326965 1987.712768555 87.440299988 2014.755981445 75.872039795 1975.344482422 70.469604492 2050.355468750 71.672805786 2064.902832031 78.764900208 2043.779418945 83.659530640 2065.565429688 69.053314209 2051.555908203
72.144638062 2047.330566406 74.031982422 2038.845214844 82.563140869 2067.472412109 67.306747437 2057.960937500 78.029937744 1986.187622070 84.894981384 2017.170410156 75.403778076 1982.996826172 74.841934204 2045.831787109 87.976081848 2060.956542969 68.841827393 2033.709594727 74.182304382 2058.975341797 61.874057770 2047.046997070 67.931838989 1984.630126953 86.083511353 2013.228637695 74.770645142 1972.496948242 69.524902344 2046.884155273 70.876327515 2062.923828125 77.639945984 2041.407958984 82.400459290 2062.941650391 68.193283081 2049.560546875
71.535820007 2045.339233398 72.996269226 2036.418579102 81.297058105 2064.833251953 66.462730408 2055.915527344 76.836364746 1983.276245117 83.570571899 2015.578735352 74.285827637 1980.154663086 73.754722595 2042.480712891 86.580062866 2059.206298828 68.043380737 2031.162963867 73.279548645 2056.196533203 61.147338867 2044.865112305 67.092079163 1981.523925781 84.722023010 2011.676879883 73.663513184 1969.625732422 68.573608398 2043.392944336 70.066238403 2060.924072266 76.508422852 2039.009399414 81.136398315 2060.302490234 67.325126648 2047.537353516
70.878570557 2043.328002930 71.957679749 2033.967895508 80.031097412 2062.178710938 65.613922119 2053.844238281 75.642387390 1980.339111328 82.246520996 2013.960693359 73.166633606 1977.290283203 72.665946960 2039.113647461 85.185157776 2057.428955078 67.226860046 2028.592651367 72.356010437 2053.403808594 60.415359497 2042.655151367 66.237838745 1978.393554688 83.361587524 2010.100830078 72.555038452 1966.730712891 67.619354248 2039.881713867 69.243530273 2058.903320312 75.374916077 2036.583374023 79.872474670 2057.648437500 66.452308655 2045.486694336
70.180267334 2041.295898438 70.919822693 2031.492797852 78.769638062 2059.508544922 64.763267517 2051.746093750 74.452117920 1977.376342773 80.927597046 2012.315673828 72.050033569 1974.404052734 71.579246521 2035.730224609 83.796356201 2055.624023438 66.396759033 2025.998291016 71.417106628 2050.597167969 59.680606842 2040.417358398 65.373367310 1975.238647461 82.007080078 2008.500000000 71.449012756 1963.811523438 66.665283203 2036.349731445 68.409439087 2056.861816406 74.243370056 2034.129394531 78.613067627 2054.978759766 65.577865601 2043.408081055
69.447624207 2039.242553711 69.885795593 2028.993164062 77.516395569 2056.822753906 63.913307190 2049.621582031 73.269020081 1974.387817383 79.617813110 2010.644287109 70.939300537 1971.495605469 70.497756958 2032.329956055 82.417869568 2053.791748047 65.557098389 2023.379272461 70.467597961 2047.776123047 58.945251465 2038.150878906 64.502403259 1972.058837891 80.662643433 2006.874633789 70.348678589 1960.868286133 65.714126587 2032.797363281 67.564666748 2054.798828125 73.117164612 2031.647827148 77.361877441 2052.293701172 64.704429626 2041.301269531
68.686782837 2037.167114258 68.858230591 2026.469360352 76.274513245 2054.121093750 63.066265106 2047.470092773 72.096054077 1971.373168945 78.320549011 2008.945556641 69.837226868 1968.565185547 69.424125671 2028.912963867 81.053230286 2051.931884766 64.711395264 2020.735839844 69.511680603 2044.939941406 58.211189270 2035.855957031 63.628231049 1968.854125977 79.331726074 2005.224731445 69.256790161 1957.900756836 64.768234253 2029.224365234 66.711936951 2052.714355469 71.999168396 2029.138061523 76.122039795 2049.592773438 63.834270477 2039.166137695
67.903244019 2035.069335938 67.839378357 2023.921020508 75.046577454 2051.403076172 62.224033356 2045.291992188 70.935684204 1968.332519531 77.038619995 2007.220214844 68.746147156 1965.612670898 68.360588074 2025.477905273 79.705352783 2050.044189453 63.862754822 2018.067260742 68.553016663 2042.088134766 57.480056763 2033.531982422 62.753715515 1965.624023438 78.017196655 2003.550292969 68.175659180 1954.908935547 63.829593658 2025.630493164 65.854644775 2050.608398438 70.891815186 2026.600219727 74.896156311 2046.875854492 62.969333649 2037.002685547
67.101982117 2032.948364258 66.831123352 2021.348388672 73.834739685 2048.667724609 61.388233185 2043.086669922 69.789939880 1965.266113281 75.774322510 2005.468017578 67.668014526 1962.638305664 67.309005737 2022.024536133 78.376625061 2048.128662109 63.013874054 2015.373657227 67.594772339 2039.219848633 56.753265381 2031.179199219 61.881336212 1962.368652344 76.721397400 2001.851562500 67.107215881 1951.893066406 62.899890900 2022.016235352 64.995765686 2048.480224609 69.797119141 2024.034301758 73.686355591 2044.141723633 62.111282349 2034.810302734
66.287406921 2030.804321289 65.835029602 2018.751586914 72.640731812 2045.914550781 60.560237885 2040.854492188 68.660507202 1962.173583984 74.529525757 2003.689086914 66.604415894 1959.642211914 66.270896912 2018.551635742 77.068969727 2046.185424805 62.167087555 2012.655151367 66.639686584 2036.334350586 56.032020569 2028.797363281 61.013221741 1959.087890625 75.446205139 2000.128540039 66.053047180 1948.853149414 61.980548859 2018.381103516 64.137870789 2046.330688477 68.716735840 2021.440307617 72.494361877 2041.389892578 61.261516571 2032.589477539
65.463439941 2028.636596680 64.852386475 2016.130493164 71.465942383 2043.142578125 59.741191864 2038.595336914 67.548721313 1959.055175781 73.305686951 2001.883300781 65.556671143 1956.624511719 65.247512817 2015.058471680 75.783905029 2044.214599609 61.324413300 2009.911376953 65.690086365 2033.430786133 55.317348480 2026.386230469 60.151195526 1955.781372070 74.193130493 1998.381347656 65.014450073 1945.789306641 61.072734833 2014.725463867 63.283184052 2044.159179688 67.652038574 2018.817993164 71.321556091 2038.619262695 60.421211243 2030.339843750
64.633522034 2026.444946289 63.884243011 2013.485717773 70.311424255 2040.350708008 58.932064056 2036.309570312 66.455635071 1955.911254883 72.103973389 2000.051025391 64.525802612 1953.585327148 64.239845276 2011.543945312 74.522598267 2042.216064453 60.487575531 2007.142456055 64.747962952 2030.508300781 54.610111237 2023.946166992 59.296810150 1952.449462891 72.963294983 1996.610351562 63.992450714 1942.701538086 60.177406311 2011.049316406 62.433624268 2041.965942383 66.604103088 2016.167968750 70.169006348 2035.828857422 59.591339111 2028.061645508
63.800697327 2024.229370117 62.931423187 2010.816894531 69.177993774 2037.537841797 58.133628845 2033.996826172 65.382064819 1952.741699219 70.925239563 1998.192382812 63.512626648 1950.525146484 63.248676300 2008.007446289 73.285911560 2040.190185547 59.658042908 2004.348266602 63.814971924 2027.565307617 53.911026001 2021.476928711 58.451362610 1949.091918945 71.757568359 1994.815551758 62.987850189 1939.590209961 59.295337677 2007.352905273 61.590816498 2039.750854492 65.573776245 2013.489868164 69.037521362 2033.017578125 58.772693634 2025.754638672
62.967597961 2021.989501953 61.994571686 2008.124633789 68.066223145 2034.703002930 57.346527100 2031.657348633 64.328613281 1949.546752930 69.770095825 1996.307495117 62.517749786 1947.443969727 62.274593353 2004.447998047 72.074462891 2038.136718750 58.837043762 2001.528930664 62.892509460 2024.601440430 53.220687866 2018.978393555 57.615943909 1945.708862305 70.576545715 1992.997558594 62.001258850 1936.455444336 58.427127838 2003.635864258 60.756141663 2037.514404297 64.561698914 2010.783935547 67.927665710 2030.184326172 57.965915680 2023.418945312
62.136516571 2019.725585938 61.074172974 2005.409057617 66.976516724 2031.845092773 56.571258545 2029.291381836 63.295700073 1946.326782227 68.638946533 1994.396728516 61.541606903 1944.342407227 61.318027496 2000.864990234 70.888641357 2036.056274414 58.025615692 1998.684692383 61.981719971 2021.615112305 52.539573669 2016.451049805 56.791446686 1942.300537109 69.420600891 1991.156372070 61.033107758 1933.297241211 57.573242188 1999.898193359 59.930751801 2035.256225586 63.568347931 2008.050537109 66.839843750 2027.328125000 57.171504974 2021.054809570
61.309421539 2017.437500000 60.170566559 2002.670410156 65.909095764 2028.963256836 55.808212280 2026.898925781 62.283580780 1943.081909180 67.532020569 1992.460205078 60.584495544 1941.220214844 60.379276276 1997.257568359 69.728645325 2033.948852539 57.224601746 1995.815429688 61.083541870 2018.605712891 51.868072510 2013.894775391 55.978591919 1938.867187500 68.289947510 1989.292114258 60.083694458 1930.116333008 56.734004974 1996.139526367 59.115608215 2032.976928711 62.594036102 2005.289672852 65.774276733 2024.448120117 56.389854431 2018.662475586
60.488006592 2015.125000000 59.283981323 1999.908813477 64.864051819 2026.056762695 55.057674408 2024.480590820 61.292385101 1939.812255859 66.449386597 1990.498046875 59.646572113 1938.078369141 59.458507538 1993.625610352 68.594520569 2031.814697266 56.434696198 1992.921508789 60.198719025 2015.572265625 51.206481934 2011.309570312 55.177963257 1935.408569336 67.184623718 1987.405517578 59.153182983 1926.912719727 55.909648895 1992.359741211 58.311496735 2030.676391602 61.638950348 2002.501342773 64.731048584 2021.543457031 55.621238708 2016.241699219
59.673702240 2012.788208008 58.414535522 1997.124633789 63.841354370 2023.124633789 54.319850922 2022.035888672 60.322135925 1936.518432617 65.390998840 1988.510620117 58.727897644 1934.916625977 58.555793762 1989.968261719 67.486198425 2029.653930664 55.656455994 1990.002807617 59.327842712 2012.514160156 50.555019379 2008.695556641 54.390003204 1931.925048828 66.104560852 1985.496582031 58.241638184 1923.686645508 55.100303650 1988.558471680 57.519042969 2028.355102539 60.703163147 1999.686157227 63.710144043 2018.613281250 54.865852356 2013.792724609
58.867725372 2010.427246094 57.562263489 1994.318359375 62.840888977 2020.166503906 53.594863892 2019.565307617 59.372756958 1933.200439453 64.356712341 1986.497802734 57.828441620 1931.735717773 57.671127319 1986.285278320 66.403472900 2027.467041016 54.890304565 1987.059936523 58.471355438 2009.430419922 50.151557922 2006.062377930 53.615055084 1928.416870117 65.049560547 1983.565673828 57.349025726 1920.438476562 54.306015015 1984.734985352 56.738754272 2026.012817383 59.786666870 1996.843994141 62.711433411 2015.657226562 54.123813629 2011.315917969
58.071083069 2008.042236328 56.727130890 1991.489990234 61.862445831 2017.181518555 52.882778168 2017.069335938 58.444084167 1929.858642578 63.346263885 1984.460571289 56.948097229 1928.535888672 56.804420471 1982.575927734 65.346061707 2025.254028320 54.136573792 1984.092529297 57.629577637 2006.320800781 50.085586548 2003.423339844 52.853351593 1924.884033203 64.019332886 1981.612792969 56.475250244 1917.168457031 53.526775360 1980.888916016 55.971012115 2023.650146484 58.889358521 1993.975463867 61.734714508 2012.674072266 53.395175934 2008.811157227
57.284606934 2005.633178711 55.909027100 1988.639892578 60.905765533 2014.169189453 52.183597565 2014.547607422 57.535903931 1926.493408203 62.359355927 1982.398925781 56.086692810 1925.317382812 55.955532074 1978.840209961 64.313613892 2023.015380859 53.395496368 1981.101440430 56.802734375 2003.184448242 50.019470215 2000.778808594 52.105056763 1921.326904297 63.013549805 1979.638549805 55.620143890 1913.877197266 52.762504578 1977.020019531 55.216094971 2021.267211914 58.011077881 1991.080566406 60.779720306 2009.663818359 52.679931641 2006.279052734
56.508979797 2003.200317383 55.107807159 1985.768554688 59.970516205 2011.129150391 51.497283936 2012.000854492 56.647937775 1923.104980469 61.395610809 1980.313110352 55.244007111 1922.080810547 55.124259949 1975.077880859 63.305713654 2020.751220703 52.667224884 1978.086425781 55.990951538 2000.020996094 49.953224182 1998.129028320 51.370250702 1917.745971680 62.031806946 1977.643188477 54.783485413 1910.564575195 52.013084412 1973.127319336 54.474205017 2018.864257812 57.151615143 1988.159545898 59.846126556 2006.625732422 51.978027344 2003.719482422
55.744743347 2000.743652344 54.323268890 1982.876220703 59.056335449 2008.060913086 50.823757172 2009.429199219 55.779872894 1919.693847656 60.454612732 1978.203247070 54.419769287 1918.826416016 54.310375214 1971.288574219 62.321903229 2018.462036133 51.951847076 1975.047851562 55.194278717 1996.830078125 49.886852264 1995.473999023 50.648960114 1914.141235352 61.073650360 1975.627563477 53.965023041 1907.231201172 51.278358459 1969.210937500 53.745456696 2016.441772461 56.310707092 1985.212890625 58.933567047 2003.559570312 51.289371490 2001.132690430
54.992321014 1998.263305664 53.555183411 1979.963012695 58.162826538 2004.963989258 50.170829773 2006.833129883 54.931350708 1916.260253906 59.535907745 1976.070312500 53.613685608 1915.554809570 53.513603210 1967.472045898 61.361682892 2016.147827148 51.249393463 1971.986083984 54.412700653 1993.611206055 49.820358276 1992.814331055 49.941150665 1910.512817383 60.138599396 1973.591796875 53.164455414 1903.877441406 50.558135986 1965.269775391 53.029907227 2013.999755859 55.488059998 1982.240478516 58.041645050 2000.464721680 50.613834381 1998.519042969
54.252037048 1995.759765625 52.803287506 1977.029663086 57.289562225 2001.838134766 50.105869293 2004.234863281 54.101993561 1912.804687500 58.639019012 1973.913818359 52.825420380 1912.265747070 52.733654022 1963.628417969 60.424526215 2013.809326172 50.559837341 1968.901367188 53.646152496 1990.364135742 49.753749847 1990.150146484 49.246749878 1906.861206055 59.226139069 1971.536254883 52.381465912 1900.503662109 49.852203369 1961.303955078 52.327556610 2011.538696289 54.683349609 1979.243164062 57.169933319 1997.341064453 49.951267242 1995.878662109
53.524120331 1993.233032227 52.067298889 1974.076416016 56.436092377 1998.683349609 50.040859222 2001.634277344 53.291400909 1909.327270508 57.763442993 1971.734863281 52.054630280 1908.960571289 51.970203400 1959.757080078 59.509895325 2011.446655273 49.883113861 1965.793945312 52.894515991 1987.088623047 49.687038422 1987.481445312 48.565647125 1903.186645508 58.335735321 1969.461425781 51.615707397 1897.110229492 49.160320282 1957.312988281 51.638355255 2009.058593750 53.896224976 1976.220947266 56.317985535 1994.188354492 49.830810547 1993.232421875
52.808727264 1990.683349609 51.346916199 1971.103271484 55.601955414 1995.499023438 49.975803375 1999.032104492 52.499160767 1905.828369141 56.908660889 1969.533203125 51.300945282 1905.639038086 51.222923279 1955.858642578 58.617229462 2009.060180664 49.219127655 1962.664062500 52.157634735 1983.784179688 49.620223999 1984.808837891 47.897701263 1899.489379883 57.466842651 1967.367431641 50.866825104 1893.697509766 48.832778931 1953.311279297 50.962223053 2006.560424805 53.126327515 1973.174072266 55.485343933 1991.006225586 49.764572144 1990.582763672
52.105945587 1988.110961914 50.641819000 1968.111206055 54.786689758 1992.285400391 49.910709381 1996.428466797 51.724838257 1902.308837891 56.074157715 1967.309570312 50.563980103 1902.301391602 50.491466522 1951.932617188 57.745956421 2006.650146484 48.988197327 1959.527954102 51.435321808 1980.451049805 49.553314209 1982.132690430 47.394401550 1895.776000977 56.618907928 1965.255004883 50.134445190 1890.265747070 48.732673645 1949.306884766 50.299034119 2004.043701172 52.373275757 1970.102905273 54.671535492 1987.794555664 49.698249817 1987.929931641
51.415802002 1985.515747070 49.951686859 1965.099975586 53.989814758 1989.041870117 49.845584869 1993.823364258 50.968006134 1898.768554688 55.259399414 1965.064086914 49.843334198 1898.947753906 49.775474548 1947.979125977 56.895515442 2004.217285156 48.909786224 1956.391357422 50.727359772 1977.088867188 49.486320496 1979.452758789 47.301570892 1892.062988281 55.791370392 1963.124023438 49.418190002 1886.815429688 48.632511139 1945.300415039 50.038070679 2001.522705078 51.636688232 1967.007812500 53.876087189 1984.553344727 49.631855011 1985.274169922
50.738277435 1982.898803711 49.276184082 1962.070190430 53.210857391 1985.768798828 49.780437469 1991.217407227 50.228225708 1895.208129883 54.463855743 1962.797241211 49.138599396 1895.577270508 49.074596405 1943.998168945 56.065334320 2001.761596680 48.831375122 1953.254882812 50.033519745 1973.697509766 49.419242859 1976.769653320 47.208755493 1888.350219727 54.983669281 1960.975341797 48.717678070 1883.347045898 48.532283783 1941.291503906 49.975112915 1999.004516602 50.916168213 1963.888916016 53.098522186 1981.282104492 49.565395355 1982.615722656
50.073314667 1980.259887695 48.975879669 1959.035034180 52.449337006 1982.466064453 49.715270996 1988.610839844 49.505058289 1891.627929688 53.687000275 1960.509399414 48.449344635 1892.189208984 48.499858856 1939.994384766 55.254848480 1999.283447266 48.752967834 1950.118652344 49.353546143 1970.277099609 49.352092743 1974.083618164 47.115962982 1884.638427734 54.195255280 1958.808959961 48.032516479 1879.860839844 48.431999207 1937.280029297 49.912231445 1996.489257812 50.211326599 1960.746948242 52.338367462 1977.981445312 49.498870850 1979.954956055
49.439994812 1977.599853516 48.900066376 1956.002441406 51.704780579 1979.133178711 49.650096893 1986.003906250 48.798065186 1888.028320312 52.928310394 1958.201049805 47.775150299 1888.782836914 48.399673462 1935.986938477 54.463489532 1996.783447266 48.674575806 1946.983032227 49.171161652 1966.846557617 49.284870148 1971.394775391 47.023197174 1880.927856445 53.425575256 1956.625610352 47.362319946 1876.357543945 48.331653595 1933.266235352 49.849426270 1993.977172852 49.521762848 1957.581909180 51.595149994 1974.650756836 49.432296753 1977.291870117
49.373497009 1974.939697266 48.824321747 1952.973022461 50.976722717 1975.770751953 49.584915161 1983.396606445 48.106815338 1884.409545898 52.187267303 1955.872070312 47.133934021 1885.357299805 48.299396515 1931.975952148 53.690711975 1994.261596680 48.596206665 1943.848266602 49.085247040 1963.409912109 49.217590332 1968.703613281 46.930469513 1877.218872070 52.674091339 1954.425292969 46.821018219 1872.840576172 48.231246948 1929.249877930 49.786701202 1991.468139648 48.859870911 1954.395019531 50.868396759 1971.290161133 49.365676880 1974.627075195
49.307010651 1972.280395508 48.748661041 1949.946411133 50.264701843 1972.378417969 49.519737244 1980.789550781 47.430885315 1880.772216797 51.463363647 1953.523315430 47.048282623 1881.931274414 48.199039459 1927.961547852 52.935970306 1991.718505859 48.517860413 1940.714477539 48.999179840 1959.967407227 49.150253296 1966.010131836 46.837791443 1873.511596680 51.940269470 1952.208740234 46.733184814 1869.327392578 48.130779266 1925.231201172 49.724060059 1988.962402344 48.780189514 1951.207519531 50.157653809 1967.899780273 49.299015045 1971.960693359
49.240539551 1969.621582031 48.673084259 1946.923461914 49.568264008 1968.956298828 49.454570770 1978.182861328 46.928066254 1877.122680664 50.756103516 1951.155029297 46.962574005 1878.503051758 48.098606110 1923.944091797 52.198734283 1989.154663086 48.439552307 1937.582153320 48.912971497 1956.518798828 49.082870483 1963.314697266 46.745162964 1869.806518555 51.223587036 1949.976196289 46.645427704 1865.817016602 48.030258179 1921.210205078 49.661495209 1986.459838867 48.700508118 1948.020385742 49.462467194 1964.479614258 49.232322693 1969.292846680
49.174091339 1966.963745117 48.597602844 1943.904174805 49.137863159 1965.514648438 49.389419556 1975.576782227 46.836917877 1873.476562500 50.064998627 1948.767456055 46.876773834 1875.070922852 47.998100281 1919.923950195 51.478477478 1986.570190430 48.361286163 1934.451416016 48.826618195 1953.064697266 49.015445709 1960.617675781 46.652595520 1866.103881836 50.523536682 1947.728149414 46.557723999 1862.308959961 47.929679871 1917.187255859 49.598999023 1983.960083008 48.620838165 1944.833496094 49.025985718 1961.039428711 49.165599823 1966.623901367
49.107673645 1964.306884766 48.522220612 1940.888793945 49.051670074 1962.066772461 49.324287415 1972.971435547 46.745864868 1869.834594727 49.389564514 1946.361206055 46.790851593 1871.633911133 47.897525787 1915.901000977 50.774696350 1983.965576172 48.283069611 1931.322753906 48.740131378 1949.605102539 48.947982788 1957.919311523 46.560100555 1862.403930664 49.839618683 1945.464843750 46.470054626 1858.802124023 47.829051971 1913.161987305 49.536560059 1981.462402344 48.541179657 1941.647216797 48.939826965 1957.593139648 49.098861694 1963.954467773
49.041294098 1961.651733398 48.446945190 1937.877807617 48.965328217 1958.613159180 49.259189606 1970.367553711 46.654918671 1866.196777344 48.729347229 1943.936401367 46.704769135 1868.190795898 47.796890259 1911.875732422 50.086894989 1981.341186523 48.204906464 1928.196411133 48.653511047 1946.140380859 48.880496979 1955.219848633 46.467681885 1858.707153320 49.171348572 1943.186645508 46.382396698 1855.295898438 47.728374481 1909.135009766 49.474163055 1978.966430664 48.461551666 1938.462036133 48.853523254 1954.140869141 49.032108307 1961.284423828
48.974960327 1958.998413086 48.371784210 1934.871215820 48.878845215 1955.153686523 49.194126129 1967.765014648 46.564083099 1862.563110352 48.537731171 1941.509155273 46.618511200 1864.740356445 47.696197510 1907.847778320 49.467487335 1978.699340820 48.126808167 1925.072265625 48.566764832 1942.670410156 48.812988281 1952.519531250 46.375347137 1855.013793945 48.522346497 1940.893920898 46.294723511 1851.788940430 47.627647400 1905.106079102 49.411781311 1976.471313477 48.381950378 1935.277954102 48.767074585 1950.682983398 48.965351105 1958.614013672
48.908679962 1956.347167969 48.296733856 1931.869262695 48.792224884 1951.688964844 49.129104614 1965.164184570 46.473358154 1858.934326172 48.477104187 1939.084228516 46.532043457 1861.281738281 47.595447540 1903.817993164 49.401493073 1976.059692383 48.048782349 1921.951293945 48.479896545 1939.195800781 48.745464325 1949.818603516 46.283107758 1851.324218750 48.465103149 1938.604248047 46.207008362 1848.280273438 47.526878357 1901.075195312 49.349403381 1973.976074219 48.302387238 1932.095458984 48.680488586 1947.219604492 48.898593903 1955.943847656
48.842453003 1953.698120117 48.221794128 1928.871582031 48.705474854 1948.219116211 49.064132690 1962.565185547 46.382743835 1855.309692383 48.416542053 1936.661743164 46.445350647 1857.813842773 47.494647980 1899.785888672 49.335563660 1973.422363281 47.970832825 1918.833251953 48.392913818 1935.716674805 48.677932739 1947.117309570 46.190967560 1847.638671875 48.407928467 1936.317138672 46.119220734 1844.768798828 47.426063538 1897.042480469 49.286998749 1971.479980469 48.222869873 1928.914672852 48.593772888 1943.750854492 48.831844330 1953.273803711
48.776298523 1951.051879883 48.146949768 1925.877929688 48.618606567 1944.744140625 48.999214172 1959.968505859 46.292221069 1851.688842773 48.356044769 1934.241943359 46.358406067 1854.336303711 47.393806458 1895.752197266 49.269699097 1970.787963867 47.892967224 1915.718750000 48.305828094 1932.233154297 48.610401154 1944.416015625 46.098937988 1843.957519531 48.350803375 1934.032226562 46.031330109 1841.253295898 47.325214386 1893.008544922 49.224552155 1968.981933594 48.143405914 1925.736206055 48.506931305 1940.277221680 48.765110016 1950.604370117
48.710212708 1948.408447266 48.072185516 1922.887329102 48.531616211 1941.264648438 48.934360504 1957.374389648 46.201778412 1848.071166992 48.295623779 1931.825073242 46.271198273 1850.847900391 47.292926788 1891.717041016 49.203910828 1968.156616211 47.815196991 1912.607788086 48.218639374 1928.745483398 48.542877197 1941.715087891 46.007015228 1840.280517578 48.293716431 1931.748657227 45.943313599 1837.732543945 47.224330902 1888.973144531 49.162029266 1966.481201172 48.063999176 1922.559936523 48.419967651 1936.798706055 48.698394775 1947.935791016
48.644207001 1945.768066406 47.997482300 1919.899414062 48.444519043 1937.780761719 48.869575500 1954.783081055 46.111396790 1844.455932617 48.235282898 1929.411376953 46.183704376 1847.348266602 47.192020416 1887.680664062 49.138206482 1965.528320312 47.737522125 1909.500732422 48.131359100 1925.254516602 48.475360870 1939.014526367 45.915195465 1836.607666016 48.236640930 1929.465698242 45.855140686 1834.205688477 47.123420715 1884.936889648 49.099411011 1963.976562500 47.984661102 1919.386474609 48.332897186 1933.315917969 48.631710052 1945.268310547
48.578285217 1943.131469727 47.922828674 1916.913085938 48.357318878 1934.292724609 48.804862976 1952.194580078 46.021053314 1840.842163086 48.175029755 1927.001220703 46.095920563 1843.836791992 47.091083527 1883.643310547 49.072589874 1962.903686523 47.659954071 1906.398071289 48.043998718 1921.759887695 48.407867432 1936.314819336 45.823474884 1832.939086914 48.179557800 1927.182250977 45.766788483 1830.671508789 47.022487640 1880.899536133 49.036674500 1961.466918945 47.905399323 1916.215820312 48.245719910 1929.828735352 48.565059662 1942.602416992
48.512454987 1940.498291016 47.848194122 1913.927856445 48.270023346 1930.800903320 48.740234375 1949.609497070 45.930721283 1837.228881836 48.114871979 1924.594848633 46.007827759 1840.313110352 46.990135193 1879.605468750 49.007064819 1960.282470703 47.582496643 1903.299926758 47.956562042 1918.262451172 48.340400696 1933.616088867 45.731849670 1829.273803711 48.122432709 1924.897216797 45.678234100 1827.129394531 46.921535492 1876.861572266 48.973789215 1958.951538086 47.826213837 1913.048583984 48.158443451 1926.337768555 48.498447418 1939.937866211
48.446716309 1937.868652344 47.773559570 1910.942260742 48.182640076 1927.305541992 48.675697327 1947.027832031 45.840377808 1833.615234375 48.054805756 1922.192260742 45.919414520 1836.776611328 46.889171600 1875.566894531 48.941623688 1957.664794922 47.505157471 1900.206298828 47.869056702 1914.762329102 48.272968292 1930.918701172 45.640293121 1825.611694336 48.065242767 1922.609741211 45.589458466 1823.578369141 46.820571899 1872.822998047 48.910724640 1956.428955078 47.747119904 1909.884643555 48.071079254 1922.843017578 48.431884766 1937.275390625
48.381065369 1935.242675781 47.698898315 1907.955932617 48.095176697 1923.806884766 48.611251831 1944.450073242 45.749992371 1829.999633789 47.994827271 1919.793090820 45.830673218 1833.227050781 46.788200378 1871.527954102 48.876262665 1955.050659180 47.427921295 1897.116821289 47.781494141 1911.259765625 48.205574036 1928.222900391 45.548789978 1821.951538086 48.007965088 1920.318603516 45.500442505 1820.017822266 46.719600677 1868.784057617 48.847457886 1953.898437500 47.668117523 1906.724731445 47.983631134 1919.345214844 48.365375519 1934.615112305
48.315498352 1932.619873047 47.624179840 1904.967041016 48.007640839 1920.305664062 48.546901703 1941.876098633 45.659523010 1826.380859375 47.934928894 1917.397216797 45.741600037 1829.663940430 46.687232971 1867.489379883 48.810974121 1952.438964844 47.350788116 1894.031494141 47.693881989 1907.755249023 48.138221741 1925.529052734 45.457317352 1818.292724609 47.950572968 1918.022827148 45.411174774 1816.447021484 46.618625641 1864.745117188 48.783966064 1951.358642578 47.589221954 1903.568725586 47.896110535 1915.844238281 48.298927307 1931.957275391
48.250003815 1930.000244141 47.549377441 1901.974975586 47.920047760 1916.801879883 48.482646942 1939.305908203 45.568943024 1822.757812500 47.875106812 1915.004150391 45.652187347 1826.087646484 46.586265564 1863.450683594 48.745735168 1949.829467773 47.273738861 1890.949707031 47.606224060 1904.249023438 48.070926666 1922.837036133 45.365844727 1814.633789062 47.893035889 1915.721313477 45.321640015 1812.865600586 46.517654419 1860.706176758 48.720226288 1948.809082031 47.510433197 1900.417358398 47.808525085 1912.340942383 48.232547760 1929.302001953
48.184570312 1927.382690430 47.474464417 1898.978515625 47.832401276 1913.295898438 48.418487549 1936.739624023 45.478221893 1819.129028320 47.815345764 1912.613891602 45.562427521 1822.497070312 46.485305786 1859.412231445 48.680534363 1947.221313477 47.196762085 1887.870483398 47.518527985 1900.741088867 48.003688812 1920.147705078 45.274349213 1810.973999023 47.835327148 1913.413208008 45.231819153 1809.272827148 46.416683197 1856.667236328 48.656219482 1946.248779297 47.431758881 1897.270385742 47.720886230 1908.835449219 48.166244507 1926.649780273
48.119178772 1924.767333984 47.399410248 1895.976440430 47.744705200 1909.788330078 48.354404449 1934.176147461 45.387332916 1815.493408203 47.755634308 1910.225463867 45.472316742 1818.892700195 46.384357452 1855.374389648 48.615356445 1944.614257812 47.119831085 1884.793334961 47.430797577 1897.232055664 47.936519623 1917.460693359 45.182796478 1807.312011719 47.777427673 1911.097167969 45.141712189 1805.668457031 46.315719604 1852.628906250 48.591930389 1943.677246094 47.353210449 1894.128417969 47.633197784 1905.327880859 48.100017548 1924.000732422
48.053813934 1922.152465820 47.324184418 1892.967285156 47.656974792 1906.278808594 48.290386200 1931.615356445 45.296249390 1811.849975586 47.695949554 1907.837890625 45.381855011 1815.274291992 46.283420563 1851.336791992 48.550174713 1942.006958008 47.042926788 1881.717163086 47.343040466 1893.721557617 47.869419098 1914.776733398 45.091152191 1803.646118164 47.719303131 1908.772094727 45.051303864 1802.052124023 46.214763641 1848.590576172 48.527339935 1941.093627930 47.274772644 1890.990844727 47.545467377 1901.818725586 48.033878326 1921.355102539
47.988441467 1919.537597656 47.248748779 1889.949951172 47.569210052 1902.768432617 48.226409912 1929.056274414 45.204944611 1808.197753906 47.636264801 1905.450683594 45.291042328 1811.641845703 46.182491302 1847.299560547 48.484970093 1939.398803711 46.966030121 1878.641113281 47.255260468 1890.210449219 47.802398682 1912.095947266 44.999389648 1799.975585938 47.660930634 1906.437377930 44.960586548 1798.423461914 46.113819122 1844.552734375 48.462432861 1938.497314453 47.196437836 1887.857543945 47.457706451 1898.308349609 47.967834473 1918.713378906
47.923038483 1916.921630859 47.173080444 1886.923217773 47.481422424 1899.256835938 48.162452698 1926.498168945 45.113395691 1804.535888672 47.576557159 1903.062255859 45.199878693 1807.994995117 46.081573486 1843.262939453 48.419719696 1936.788818359 46.889114380 1875.564575195 47.167461395 1886.698486328 47.735458374 1909.418334961 44.907482147 1796.299438477 47.602291107 1904.091552734 44.869556427 1794.782226562 46.012878418 1840.515258789 48.397205353 1935.888183594 47.118190765 1884.727661133 47.369918823 1894.796752930 47.901889801 1916.075561523
47.857582092 1914.303344727 47.097148895 1883.885986328 47.393615723 1895.744628906 48.098491669 1923.939697266 45.021583557 1800.863281250 47.516803741 1900.671997070 45.108367920 1804.334716797 45.980667114 1839.226684570 48.354393005 1934.175903320 46.812152863 1872.486206055 47.079650879 1883.186035156 47.668613434 1906.744506836 44.815402985 1792.616088867 47.543357849 1901.734252930 44.778209686 1791.128417969 45.911949158 1836.478027344 48.331645966 1933.265747070 47.040023804 1881.600952148 47.282108307 1891.284423828 47.836040497 1913.441528320
47.792045593 1911.681762695 47.020931244 1880.837280273 47.305789948 1892.231567383 48.034503937 1921.380126953 44.929489136 1797.179565430 47.456966400 1898.278686523 45.016513824 1800.660644531 45.879768372 1835.190673828 48.288970947 1931.558837891 46.735126495 1869.405029297 46.991825104 1879.672973633 47.603408813 1904.074829102 44.723125458 1788.925048828 47.484111786 1899.364379883 44.686542511 1787.461791992 45.811023712 1832.440917969 48.265735626 1930.629516602 46.961906433 1878.476318359 47.194282532 1887.771362305 47.770282745 1910.811157227
47.726390839 1909.055541992 46.944408417 1877.776245117 47.217952728 1888.718139648 47.970470428 1918.818603516 44.837097168 1793.483764648 47.397026062 1895.881225586 44.924316406 1796.972534180 45.778873444 1831.154907227 48.223426819 1928.937133789 46.657997131 1866.319946289 46.903987885 1876.159423828 47.535224915 1901.408935547 44.630622864 1785.224853516 47.424533844 1896.981323242 44.594554901 1783.782104492 45.710102081 1828.404052734 48.199481964 1927.979125977 46.883815765 1875.352661133 47.106445312 1884.257690430 47.704608917 1908.184326172
47.660594940 1906.423828125 46.867546082 1874.701904297 47.130111694 1885.204467773 47.906352997 1916.254150391 44.744392395 1789.775756836 47.336956024 1893.478027344 44.831787109 1793.271484375 45.677982330 1827.119262695 48.157741547 1926.309692383 46.580741882 1863.229614258 46.816146851 1872.645874023 47.468681335 1898.747192383 44.537879944 1781.515258789 47.364608765 1894.584350586 44.502243042 1780.089721680 45.609184265 1824.367309570 48.132869720 1925.314819336 46.805725098 1872.228881836 47.018600464 1880.744140625 47.639019012 1905.560791016
47.594631195 1903.785278320 46.790332794 1871.613281250 47.042263031 1881.690551758 47.842132568 1913.685302734 44.651367188 1786.054687500 47.276718140 1891.068725586 44.738925934 1789.557006836 45.577091217 1823.083618164 48.091884613 1923.675415039 46.503326416 1860.133056641 46.728302002 1869.131958008 47.402233124 1896.089233398 44.444873810 1777.794799805 47.304321289 1892.172851562 44.409610748 1776.384277344 45.508266449 1820.330688477 48.065895081 1922.635864258 46.727619171 1869.104736328 46.930751801 1877.230102539 47.573493958 1902.939697266
47.528469086 1901.138916016 46.712749481 1868.510009766 46.954410553 1878.176269531 47.777778625 1911.111083984 44.558006287 1782.320312500 47.216289520 1888.651611328 44.645736694 1785.829467773 45.476200104 1819.047973633 48.025825500 1921.033203125 46.425720215 1857.028930664 46.640449524 1865.618041992 47.335861206 1893.434448242 44.351589203 1774.063598633 47.243659973 1889.746337891 44.316661835 1772.666381836 45.407348633 1816.293945312 47.998565674 1919.942626953 46.649463654 1865.978515625 46.842899323 1873.715942383 47.508014679 1900.320556641
47.462093353 1898.483642578 46.634780884 1865.391113281 46.866558075 1874.662475586 47.713264465 1908.530639648 44.464302063 1778.572143555 47.155647278 1886.225830078 44.552227020 1782.088989258 45.375305176 1815.012207031 47.959545135 1918.381835938 46.347896576 1853.915893555 46.552600861 1862.104003906 47.269550323 1890.781982422 44.258014679 1770.320434570 47.182617188 1887.304809570 44.223400116 1768.935913086 45.306430817 1812.257202148 47.930870056 1917.234741211 46.571231842 1862.849243164 46.755050659 1870.202026367 47.442554474 1897.702270508
47.398036957 1895.818847656 46.556419373 1862.256591797 46.778709412 1871.148437500 47.648571014 1905.942749023 44.370250702 1774.809936523 47.094760895 1883.790405273 44.458404541 1778.336181641 45.274410248 1810.976440430 47.893020630 1915.720947266 46.269824982 1850.792846680 46.464752197 1858.590087891 47.203289032 1888.131591797 44.164131165 1766.565185547 47.121185303 1884.847290039 44.129833221 1765.193359375 45.205509186 1808.220336914 47.862804413 1914.512207031 46.492885590 1859.715209961 46.667201996 1866.687988281 47.377094269 1895.083740234
47.328578949 1893.143188477 46.477653503 1859.106079102 46.690864563 1867.634643555 47.583663940 1903.346679688 44.275840759 1771.033569336 47.033615112 1881.344604492 44.364288330 1774.571411133 45.173507690 1806.940307617 47.826229095 1913.049194336 46.191474915 1847.658935547 46.376903534 1855.076049805 47.137050629 1885.481933594 44.069931030 1762.797241211 47.059356689 1882.374389648 44.035968781 1761.438720703 45.104583740 1804.183471680 47.794376373 1911.775024414 46.414398193 1856.575927734 46.579357147 1863.174316406 47.311599731 1892.463989258
47.261394501 1890.455688477 46.398475647 1855.939086914 46.603019714 1864.120849609 47.518520355 1900.740722656 44.181072235 1767.242797852 46.972190857 1878.887451172 44.269882202 1770.795288086 45.072597504 1802.903930664 47.759151459 1910.365966797 46.112827301 1844.513183594 46.289054871 1851.562133789 47.070816040 1882.832519531 43.975406647 1759.016235352 46.997131348 1879.885131836 43.941814423 1757.672729492 45.003654480 1800.146118164 47.725585938 1909.023193359 46.335746765 1853.429809570 46.491516113 1859.660644531 47.246051788 1889.842163086
47.193901062 1887.755981445 46.318874359 1852.755004883 46.515178680 1860.607177734 47.453117371 1898.124633789 44.085941315 1763.437744141 46.910469055 1876.418701172 44.175205231 1767.008178711 44.971683502 1798.867309570 47.691768646 1907.670898438 46.033863068 1841.354492188 46.201210022 1848.048339844 47.004558563 1880.182250977 43.880550385 1755.222167969 46.934501648 1877.380126953 43.847377777 1753.895141602 44.902717590 1796.108764648 47.656436920 1906.257446289 46.256893158 1850.275634766 46.403675079 1856.147094727 47.180419922 1887.216674805
47.126087189 1885.043579102 46.238853455 1849.553955078 46.427337646 1857.093383789 47.387435913 1895.497314453 43.990447998 1759.618041992 46.848426819 1873.937011719 44.080261230 1763.210449219 44.870758057 1794.830322266 47.624073029 1904.962890625 45.954940796 1838.182617188 46.113361359 1844.534545898 46.938255310 1877.530151367 43.785350800 1751.414184570 46.871467590 1874.858764648 43.752666473 1750.106567383 44.801776886 1792.071044922 47.586936951 1903.477539062 46.177814484 1847.112670898 46.315837860 1852.633544922 47.114669800 1884.586791992
47.057941437 1882.317749023 46.158409119 1846.336303711 46.339496613 1853.579956055 47.321456909 1892.858154297 43.894599915 1755.784057617 46.786045074 1871.441894531 43.985065460 1759.402587891 44.769832611 1790.793212891 47.556041718 1902.241577148 45.874912262 1834.996582031 46.025516510 1841.020629883 46.871875763 1874.874877930 43.689811707 1747.592407227 46.808032990 1872.321289062 43.657691956 1746.307617188 44.700828552 1788.033081055 47.517097473 1900.683837891 46.098476410 1843.939086914 46.228004456 1849.120239258 47.048774719 1881.950927734
46.989444733 1879.577880859 46.077541351 1843.101806641 46.251659393 1850.066528320 47.255153656 1890.206176758 43.798385620 1751.935546875 46.723312378 1868.932617188 43.889629364 1755.585205078 44.668895721 1786.755859375 47.487670898 1899.506713867 45.794898987 1831.796020508 45.938659668 1837.506835938 46.805393219 1872.215820312 43.593921661 1743.756958008 46.744190216 1869.767578125 43.562461853 1742.498535156 44.599876404 1783.994995117 47.446922302 1897.876831055 46.018863678 1840.754638672 46.140171051 1845.606811523 46.982707977 1879.308471680
46.920593262 1876.823730469 45.996250153 1839.849975586 46.163822174 1846.552978516 47.188518524 1887.540771484 43.701812744 1748.072509766 46.660213470 1866.408569336 43.793968201 1751.758666992 44.567951202 1782.718139648 47.418941498 1896.757690430 45.714500427 1828.580078125 45.849826813 1833.993164062 46.738773346 1869.550903320 43.497680664 1739.907348633 46.679943085 1867.197753906 43.466991425 1738.679565430 44.498916626 1779.956787109 47.376419067 1895.056762695 45.938953400 1837.557983398 46.052337646 1842.093505859 46.916439056 1876.657592773
46.851371765 1874.054931641 45.914543152 1836.581665039 46.075988770 1843.039428711 47.121540070 1884.861572266 43.604885101 1744.195312500 46.596733093 1863.869384766 43.698085785 1747.923461914 44.467002869 1778.680175781 47.349853516 1893.994140625 45.633708954 1825.348266602 45.761981964 1830.479248047 46.671993256 1866.879638672 43.401992798 1736.043701172 46.615299225 1864.611938477 43.371280670 1734.851318359 44.397956848 1775.918334961 47.305599213 1892.223999023 45.858718872 1834.348754883 45.964508057 1838.580322266 46.849937439 1873.997436523
46.781780243 1871.271118164 45.832420349 1833.296875000 45.988151550 1839.526123047 47.054203033 1882.168212891 43.507614136 1740.304443359 46.532871246 1861.314819336 43.602005005 1744.080322266 44.366050720 1774.641967773 47.280399323 1891.215942383 45.552509308 1822.100341797 45.674140930 1826.965576172 46.606472015 1864.200805664 43.304149628 1732.166137695 46.550258636 1862.010253906 43.276603699 1731.013916016 44.296989441 1771.879516602 47.234466553 1889.378784180 45.778148651 1831.125854492 45.876678467 1835.067016602 46.783184052 1871.327270508
46.713138580 1868.472900391 45.749885559 1829.995483398 45.900318146 1836.012817383 46.986503601 1879.460205078 43.409999847 1736.400024414 46.468612671 1858.744506836 43.505733490 1740.229248047 44.265090942 1770.603881836 47.210578918 1888.423095703 45.470897675 1818.835937500 45.586296082 1823.451904297 46.537826538 1861.513061523 43.206851959 1728.274169922 46.484825134 1859.392944336 43.179195404 1727.167846680 44.196022034 1767.840942383 47.163032532 1886.521362305 45.697216034 1827.888671875 45.788848877 1831.553833008 46.716152191 1868.646118164
46.641498566 1865.659912109 45.666950226 1826.677978516 45.812480927 1832.499389648 46.918434143 1876.737426758 43.312053680 1732.481933594 46.403953552 1856.158081055 43.409275055 1736.371093750 44.164131165 1766.565307617 47.140392303 1885.615722656 45.388874054 1815.555053711 45.498455048 1819.938232422 46.470394135 1858.815795898 43.109207153 1724.368286133 46.418998718 1856.760009766 43.082836151 1723.313598633 44.095050812 1763.802001953 47.091308594 1883.652221680 45.615909576 1824.636230469 45.701019287 1828.040771484 46.648838043 1865.953491211
46.570808411 1862.832275391 45.583614349 1823.344482422 45.724647522 1828.985961914 46.849983215 1873.999389648 43.213779449 1728.551147461 46.338893890 1853.555664062 43.312641144 1732.505615234 44.063163757 1762.526611328 47.069839478 1882.793579102 45.306434631 1812.257446289 45.410614014 1816.424560547 46.402690887 1856.107788086 43.011211395 1720.448364258 46.352790833 1854.111694336 42.986278534 1719.451171875 43.994079590 1759.763061523 47.019298553 1880.771850586 45.534214020 1821.368530273 45.613189697 1824.527587891 46.581214905 1863.248535156
46.499755859 1859.990234375 45.499889374 1819.995483398 45.636814117 1825.472534180 46.781154633 1871.246215820 43.115192413 1724.607910156 46.273426056 1850.937011719 43.215839386 1728.633544922 43.962196350 1758.487915039 46.998920441 1879.956787109 45.223579407 1808.943237305 45.322772980 1812.910888672 46.334705353 1853.388305664 42.912876129 1716.515014648 46.286201477 1851.447998047 42.889530182 1715.581054688 43.893104553 1755.724243164 46.947010040 1877.880249023 45.452125549 1818.085083008 45.525360107 1821.014404297 46.513271332 1860.530883789
46.428344727 1857.133789062 45.415782928 1816.631347656 45.548976898 1821.959106445 46.711936951 1868.477539062 43.016307831 1720.652221680 46.207553864 1848.302246094 43.118877411 1724.755004883 43.861225128 1754.449218750 46.927635193 1877.105468750 45.140312195 1805.612548828 45.234928131 1809.397094727 46.266414642 1850.656616211 42.814208984 1712.568359375 46.219238281 1848.769409180 42.792598724 1711.703979492 43.792129517 1751.685058594 46.874450684 1874.978027344 45.369636536 1814.785522461 45.437526703 1817.500976562 46.444995880 1857.799804688
46.356582642 1854.263305664 45.331310272 1813.252563477 45.461139679 1818.445556641 46.642330170 1865.693237305 42.917129517 1716.685058594 46.141269684 1845.650878906 43.021759033 1720.870117188 43.760253906 1750.410278320 46.855995178 1874.239868164 45.056636810 1802.265502930 45.147087097 1805.883544922 46.197803497 1847.912109375 42.715213776 1708.608520508 46.151908875 1846.076416016 42.695491791 1707.819580078 43.691150665 1747.646118164 46.801624298 1872.064941406 45.286735535 1811.469360352 45.349697113 1813.987792969 46.376365662 1855.054687500
46.284469604 1851.378784180 45.246475220 1809.859008789 45.373302460 1814.932006836 46.572326660 1862.893066406 42.817665100 1712.706665039 46.074584961 1842.983398438 42.924484253 1716.979370117 43.659282684 1746.371337891 46.784000397 1871.360107422 44.972560883 1798.902465820 45.059246063 1802.369750977 46.128864288 1845.154418945 42.615905762 1704.636108398 46.084224701 1843.368896484 42.598213196 1703.928588867 43.590175629 1743.607055664 46.728534698 1869.141479492 45.203411102 1808.136474609 45.261863708 1810.474487305 46.307376862 1852.295043945
46.212013245 1848.480468750 45.161293030 1806.451660156 45.285465240 1811.418579102 46.501937866 1860.077392578 42.717926025 1708.717163086 46.007495880 1840.299682617 42.827056885 1713.082275391 43.558311462 1742.332397461 46.711658478 1868.466308594 44.888088226 1795.523559570 44.971405029 1798.856201172 46.059574127 1842.383056641 42.516284943 1700.651489258 46.016185760 1840.647460938 42.500774384 1700.031005859 43.489559174 1739.567871094 46.655189514 1866.207641602 45.119670868 1804.786865234 45.174030304 1806.961181641 46.238014221 1849.520507812
46.139221191 1845.568969727 45.075767517 1803.030761719 45.197624207 1807.905029297 46.431159973 1857.246459961 42.617912292 1704.716430664 45.940013885 1837.600585938 42.729480743 1709.179321289 43.457336426 1738.293457031 46.638977051 1865.559082031 44.803222656 1792.128906250 44.883567810 1795.342529297 45.989933014 1839.597290039 42.416366577 1696.654541016 45.947807312 1837.912353516 42.403175354 1696.127075195 43.388221741 1735.528930664 46.581588745 1863.263671875 45.035511017 1801.420532227 45.086196899 1803.447753906 46.168273926 1846.730957031
46.066101074 1842.644042969 44.989902496 1799.596191406 45.109786987 1804.391479492 46.360000610 1854.400024414 42.517631531 1700.705322266 45.872142792 1834.885742188 42.631763458 1705.270751953 43.356365204 1734.254516602 46.565963745 1862.638549805 44.717971802 1788.718994141 44.795726776 1791.828979492 45.919921875 1836.796752930 42.316158295 1692.646240234 45.879096985 1835.163940430 42.305427551 1692.217041016 43.287246704 1731.489990234 46.507740021 1860.309570312 44.950931549 1798.037231445 44.998359680 1799.934326172 46.098152161 1843.926025391
45.993289948 1839.706298828 44.903713226 1796.148559570 45.021945953 1800.877807617 46.288467407 1851.538574219 42.417102814 1696.684082031 45.803886414 1832.155517578 42.533908844 1701.356323242 43.255390167 1730.215698242 46.492633820 1859.705444336 44.633285522 1785.294067383 44.709396362 1788.315429688 45.849536896 1833.981567383 42.215667725 1688.626708984 45.810062408 1832.402587891 42.207527161 1688.301147461 43.186271667 1727.450927734 46.433643341 1857.345703125 44.865928650 1794.637207031 44.910522461 1796.420776367 46.027648926 1841.106079102
45.918895721 1836.755859375 44.817203522 1792.688232422 44.934104919 1797.364379883 46.216564178 1848.662475586 42.316326141 1692.653076172 45.735256195 1829.410278320 42.435913086 1697.436401367 43.154418945 1726.176757812 46.418991089 1856.759643555 44.546360016 1781.854492188 44.620048523 1784.802001953 45.778778076 1831.151123047 42.114910126 1684.596313477 45.740711212 1829.628540039 42.109485626 1684.379516602 43.085296631 1723.411987305 46.359302521 1854.372070312 44.780513763 1791.220458984 44.822685242 1792.907470703 45.956760406 1838.270507812
45.844825745 1833.793212891 44.730388641 1789.215454102 44.846263885 1793.850585938 46.144294739 1845.771850586 42.215320587 1688.612792969 45.666252136 1826.650146484 42.337779999 1693.511352539 43.053443909 1722.137817383 46.345031738 1853.801269531 44.460010529 1778.400390625 44.532207489 1781.288330078 45.707637787 1828.305541992 42.013889313 1680.555541992 45.671047211 1826.841918945 42.011302948 1680.452148438 42.984321594 1719.372924805 46.284717560 1851.388916016 44.694683075 1787.787353516 44.734848022 1789.393798828 45.885498047 1835.419921875
45.770454407 1830.818237305 44.643264771 1785.730590820 44.758422852 1790.337036133 46.071666718 1842.866699219 42.114089966 1684.563476562 45.596881866 1823.875244141 42.239513397 1689.580444336 42.952472687 1718.098999023 46.270771027 1850.830932617 44.373310089 1774.932373047 44.444366455 1777.774536133 45.636116028 1825.444580078 41.912616730 1676.504638672 45.601078033 1824.043090820 41.912979126 1676.519165039 42.883350372 1715.334106445 46.209896088 1848.395751953 44.608459473 1784.338378906 44.647006989 1785.880371094 45.813858032 1832.554321289
45.695785522 1827.831420898 44.555843353 1782.233642578 44.670581818 1786.823242188 45.998687744 1839.947387695 42.012645721 1680.505737305 45.527149200 1821.085937500 42.141113281 1685.644409180 42.851501465 1714.060058594 46.196208954 1847.848388672 44.286270142 1771.450805664 44.356525421 1774.260986328 45.564262390 1822.568603516 41.811103821 1672.444335938 45.530811310 1821.232421875 41.815193176 1672.581054688 42.782375336 1711.295166016 46.134830475 1845.393310547 44.521846771 1780.873779297 44.559165955 1782.366577148 45.741844177 1829.673706055
45.620826721 1824.833007812 44.468132019 1778.725341797 44.582736969 1783.309448242 45.925365448 1837.014648438 41.910987854 1676.439575195 45.457065582 1818.282714844 42.042583466 1681.703369141 42.750526428 1710.020996094 46.121353149 1844.854003906 44.198894501 1767.955688477 44.268684387 1770.747314453 45.491939545 1819.677490234 41.709362030 1668.374511719 45.460254669 1818.410278320 41.715938568 1668.637695312 42.681404114 1707.256103516 46.059528351 1842.381103516 44.434856415 1777.394287109 44.471324921 1778.853027344 45.669460297 1826.778320312
45.545585632 1821.823486328 44.380142212 1775.205810547 44.494895935 1779.795654297 45.851718903 1834.068725586 41.809135437 1672.365356445 45.386646271 1815.465698242 41.943923950 1677.756835938 42.649555206 1705.982055664 46.046207428 1841.848266602 44.111190796 1764.447509766 44.180843353 1767.233764648 45.419296265 1816.771972656 41.607398987 1664.296020508 45.389415741 1815.576538086 41.617225647 1664.688964844 42.580429077 1703.217163086 45.983993530 1839.359619141 44.347492218 1773.899658203 44.383483887 1775.339355469 45.596706390 1823.868164062
45.470069885 1818.802856445 44.291877747 1771.675170898 44.407051086 1776.281982422 45.777748108 1831.109863281 41.707084656 1668.283325195 45.315887451 1812.635498047 41.845138550 1673.805419922 42.548580170 1701.943115234 45.970779419 1838.831298828 44.023170471 1760.926757812 44.093002319 1763.720092773 45.346282959 1813.851318359 41.505229950 1660.209228516 45.318294525 1812.731689453 41.518386841 1660.735473633 42.479454041 1699.178222656 45.908222198 1836.328979492 44.259765625 1770.390625000 44.295642853 1771.825683594 45.523590088 1820.943481445
45.394283295 1815.771362305 44.203342438 1768.133789062 44.319206238 1772.768188477 45.703464508 1828.138549805 41.604846954 1664.193969727 45.244796753 1809.791992188 41.746223450 1669.848999023 42.447605133 1697.904174805 45.895076752 1835.803100586 43.934837341 1757.393432617 44.005161285 1760.206420898 45.272903442 1810.916015625 41.403465271 1656.114379883 45.246891022 1809.875610352 41.419422150 1656.776977539 42.378482819 1695.139160156 45.832221985 1833.288940430 44.171684265 1766.867309570 44.207801819 1768.312133789 45.450111389 1818.004394531
45.318233490 1812.729370117 44.114543915 1764.581665039 44.231361389 1769.254394531 45.628875732 1825.155029297 41.502429962 1660.097167969 45.173809052 1806.935546875 41.647186279 1665.887329102 42.346633911 1693.865478516 45.819103241 1832.764160156 43.846202850 1753.848144531 43.917320251 1756.692749023 45.199157715 1807.966308594 41.300296783 1652.011840820 45.175216675 1807.008666992 41.320335388 1652.813476562 42.277507782 1691.100341797 45.755985260 1830.239501953 44.083255768 1763.330200195 44.119960785 1764.798339844 45.376274109 1815.050903320
45.242183685 1809.676879883 44.025478363 1761.019042969 44.143516541 1765.740600586 45.553993225 1822.159667969 41.399837494 1655.993408203 45.101665497 1804.066528320 41.548019409 1661.920898438 42.245658875 1689.826416016 45.742866516 1829.714599609 43.757270813 1750.290771484 43.829475403 1753.179077148 45.125061035 1805.002441406 41.197547913 1647.901855469 45.103271484 1804.130859375 41.221126556 1648.844970703 42.176532745 1687.061279297 45.679515839 1827.180541992 43.994495392 1759.779785156 44.032115936 1761.284790039 45.302085876 1812.083496094
45.165359497 1806.614501953 43.936157227 1757.446289062 44.055671692 1762.226806641 45.478816986 1819.152709961 41.297073364 1651.883056641 45.029632568 1801.185424805 41.448734283 1657.949462891 42.144687653 1685.787475586 45.666378021 1826.655029297 43.668045044 1746.721801758 43.741634369 1749.665405273 45.050613403 1802.024536133 41.094615936 1643.784790039 45.031063080 1801.242431641 41.121795654 1644.871948242 42.075557709 1683.022338867 45.602813721 1824.112426758 43.905410767 1756.216430664 43.944274902 1757.770996094 45.227554321 1809.102172852
45.088546753 1803.541870117 43.846576691 1753.863037109 43.967826843 1758.713012695 45.403362274 1816.134399414 41.194141388 1647.765625000 44.957294464 1798.291870117 41.349327087 1653.973144531 42.043712616 1681.748535156 45.589633942 1823.585449219 43.578536987 1743.141357422 43.653789520 1746.151611328 44.975822449 1799.032836914 40.991512299 1639.660522461 44.958595276 1798.343750000 41.022350311 1640.894165039 41.974582672 1678.983276367 45.525871277 1821.034912109 43.816013336 1752.640625000 43.856433868 1754.257202148 45.152690887 1806.107666016
45.011493683 1800.459594727 43.756744385 1750.269653320 43.879981995 1755.199218750 45.327621460 1813.104858398 41.091045380 1643.641723633 44.884658813 1795.386230469 41.249801636 1649.991943359 41.942741394 1677.709594727 45.512645721 1820.505859375 43.488742828 1739.549682617 43.565948486 1742.637939453 44.900691986 1796.027709961 40.888240814 1635.529541016 44.885868073 1795.434814453 40.922790527 1636.911621094 41.873603821 1674.944213867 45.448699951 1817.947875977 43.726310730 1749.052490234 43.768589020 1750.743530273 45.077495575 1803.099853516
44.934196472 1797.367797852 43.666656494 1746.666137695 43.792137146 1751.685424805 45.251609802 1810.064331055 40.987781525 1639.511230469 44.811729431 1792.469116211 41.150154114 1646.006347656 41.841766357 1673.670776367 45.435413361 1817.416503906 43.398674011 1735.947021484 43.479949951 1739.124267578 44.825229645 1793.009277344 40.784805298 1631.392211914 44.812885284 1792.515380859 40.823104858 1632.924316406 41.772628784 1670.905273438 45.371288300 1814.851562500 43.636314392 1745.452392578 43.680744171 1747.229980469 45.001979828 1800.079101562
44.856655121 1794.266235352 43.576316833 1743.052612305 43.704292297 1748.171630859 45.175334930 1807.013427734 40.884365082 1635.374633789 44.738510132 1789.540283203 41.050395966 1642.015747070 41.740795135 1669.631835938 45.357944489 1814.317749023 43.308341980 1732.333740234 43.390262604 1735.610473633 44.749443054 1789.977783203 40.681213379 1627.248657227 44.739803314 1789.585693359 40.723308563 1628.932373047 41.671653748 1666.866210938 45.293647766 1811.745971680 43.546028137 1741.841186523 43.592903137 1743.716186523 44.926151276 1797.046020508
44.778881073 1791.155273438 43.485729218 1739.429321289 43.616443634 1744.657714844 45.098793030 1803.951782227 40.780796051 1631.231689453 44.665004730 1786.600097656 40.950519562 1638.020751953 41.639823914 1665.593017578 45.280239105 1811.209594727 43.218879700 1728.710083008 43.302417755 1732.096679688 44.673328400 1786.933227539 40.577472687 1623.098876953 44.666141510 1786.645751953 40.623390198 1624.935668945 41.570674896 1662.826904297 45.215774536 1808.630981445 43.455463409 1738.218505859 43.505058289 1740.202392578 44.850013733 1794.000610352
44.700874329 1788.034912109 43.394897461 1735.795898438 43.528598785 1741.144042969 45.021995544 1800.879760742 40.677074432 1627.083007812 44.591217041 1783.648681641 40.850528717 1634.021240234 41.538852692 1661.554077148 45.202304840 1808.092163086 43.126918793 1725.076782227 43.214576721 1728.583129883 44.596900940 1783.876098633 40.473583221 1618.943237305 44.592380524 1783.695190430 40.523361206 1620.934570312 41.469699860 1658.788085938 45.137664795 1805.506591797 43.364616394 1734.584716797 43.417217255 1736.688720703 44.773582458 1790.943359375
44.622638702 1784.905517578 43.303821564 1732.152954102 43.440753937 1737.630249023 44.944942474 1797.797607422 40.573207855 1622.928344727 44.517143250 1780.685791016 40.750427246 1630.016967773 41.437881470 1657.515136719 45.124145508 1804.965698242 43.035831451 1721.433349609 43.126731873 1725.069335938 44.520164490 1780.806640625 40.369548798 1614.781982422 44.518356323 1780.734252930 40.423217773 1616.928710938 41.368721008 1654.748779297 45.059322357 1802.373046875 43.273498535 1730.939941406 43.329372406 1733.174926758 44.696865082 1787.874633789
44.544174194 1781.767089844 43.212509155 1728.500244141 43.352909088 1734.116455078 44.867633820 1794.705200195 40.469196320 1618.767822266 44.442790985 1777.711791992 40.650211334 1626.008544922 41.336910248 1653.476440430 45.045761108 1801.830444336 42.944499969 1717.780029297 43.038887024 1721.555541992 44.443134308 1777.725341797 40.265369415 1610.614746094 44.444068909 1777.762695312 40.323463440 1612.918579102 41.267745972 1650.709716797 44.980743408 1799.229736328 43.182109833 1727.284301758 43.241531372 1729.661132812 44.619865417 1784.794555664
44.465595245 1778.619384766 43.120952606 1724.838012695 43.265064240 1730.602539062 44.790069580 1791.602783203 40.365039825 1614.601440430 44.368164062 1774.726562500 40.549888611 1621.995483398 41.235942841 1649.437622070 44.967155457 1798.686279297 42.852920532 1714.116699219 42.951042175 1718.041870117 44.366668701 1774.632690430 40.161052704 1606.442138672 44.369514465 1774.780517578 40.222599030 1608.903930664 41.166767120 1646.670776367 44.901920319 1796.076782227 43.090454102 1723.618164062 43.153686523 1726.147460938 44.542587280 1781.703613281
44.386558533 1775.462402344 43.029148102 1721.166015625 43.177223206 1727.088867188 44.712261200 1788.490478516 40.260742188 1610.429809570 44.293270111 1771.730834961 40.449462891 1617.978515625 41.134971619 1645.398925781 44.888336182 1795.533325195 42.761093140 1710.443725586 42.863201141 1714.527954102 44.288219452 1771.528808594 40.056594849 1602.263671875 44.294692993 1771.787719727 40.122123718 1604.885009766 41.065792084 1642.631835938 44.822853088 1792.914062500 42.998535156 1719.941528320 43.065845490 1722.633789062 44.465038300 1778.601440430
44.307411194 1772.296508789 42.937103271 1717.484130859 43.089378357 1723.575073242 44.634204865 1785.368164062 40.156307220 1606.252319336 44.218105316 1768.724243164 40.348934174 1613.957275391 41.034000397 1641.360107422 44.809299469 1792.372070312 42.669025421 1706.761108398 42.775356293 1711.014282227 44.210342407 1768.413574219 39.951999664 1598.080078125 44.219608307 1768.784301758 40.021549225 1600.861938477 40.964817047 1638.592651367 44.743537903 1789.741577148 42.906360626 1716.254516602 42.978004456 1719.120239258 44.387222290 1775.489013672
44.228042603 1769.121826172 42.844810486 1713.792480469 43.001533508 1720.061279297 44.555904388 1782.236083984 40.051734924 1602.069335938 44.142681122 1765.707275391 40.248302460 1609.932128906 40.933032990 1637.321289062 44.730052948 1789.202026367 42.576725006 1703.068969727 42.687511444 1707.500488281 44.132198334 1765.287963867 39.847274780 1593.890991211 44.144256592 1765.770141602 39.920875549 1596.835083008 40.863842010 1634.553588867 44.663982391 1786.559082031 42.813938141 1712.557495117 42.890159607 1715.606445312 44.309143066 1772.365844727
44.148452759 1765.937988281 42.752269745 1710.090698242 42.913688660 1716.547607422 44.477355957 1779.094238281 39.947021484 1597.880859375 44.066993713 1762.679809570 40.147575378 1605.903076172 40.832065582 1633.282470703 44.650588989 1786.023559570 42.484188080 1699.367431641 42.599670410 1703.986694336 44.053794861 1762.151733398 39.742424011 1589.696777344 44.068626404 1762.745239258 39.820106506 1592.804321289 40.763111115 1630.514648438 44.584182739 1783.367309570 42.721267700 1708.850585938 42.802318573 1712.092773438 44.230808258 1769.232299805
44.068637848 1762.745483398 42.659481049 1706.379150391 42.825847626 1713.033935547 44.398563385 1775.942626953 39.842174530 1593.687011719 43.991046906 1759.641845703 40.046752930 1601.870117188 40.731151581 1629.243896484 44.570911407 1782.836303711 42.391414642 1695.656494141 42.511825562 1700.473022461 43.975128174 1759.005249023 39.637443542 1585.497802734 43.992721558 1759.708984375 39.719245911 1588.769775391 40.661888123 1626.475585938 44.504135132 1780.165405273 42.628356934 1705.134277344 42.714477539 1708.579101562 44.152214050 1766.088500977
43.988594055 1759.543823242 42.566444397 1702.657836914 42.738006592 1709.520141602 44.319526672 1772.781127930 39.737194061 1589.487915039 43.914836884 1756.593383789 39.945842743 1597.833618164 40.630126953 1625.205200195 44.491016388 1779.640625000 42.298412323 1691.936401367 42.423984528 1696.959350586 43.896209717 1755.848388672 39.532337189 1581.293579102 43.916534424 1756.661376953 39.618293762 1584.731811523 40.560913086 1622.436645508 44.423851013 1776.953979492 42.535213470 1701.408447266 42.626636505 1705.065429688 44.073364258 1762.934570312
43.908325195 1756.333007812 42.473167419 1698.926635742 42.650165558 1706.006469727 44.240245819 1769.609863281 39.632083893 1585.283325195 43.838359833 1753.534423828 39.844841003 1593.793457031 40.529159546 1621.166503906 44.410907745 1776.436279297 42.205173492 1688.207031250 42.336193085 1693.445678711 43.817035675 1752.681640625 39.427650452 1577.084472656 43.840053558 1753.602172852 39.517257690 1580.690307617 40.459938049 1618.397460938 44.343318939 1773.732666016 42.441825867 1697.673095703 42.538795471 1701.551757812 43.994266510 1759.770751953
43.827827454 1753.113037109 42.379646301 1695.185791016 42.562324524 1702.493041992 44.160720825 1766.428833008 39.526844025 1581.073852539 43.761615753 1750.464599609 39.743755341 1589.750122070 40.428192139 1617.127685547 44.330577850 1773.223144531 42.111701965 1684.468139648 42.248298645 1689.932006836 43.737613678 1749.504516602 39.321769714 1572.870727539 43.763278961 1750.531250000 39.416137695 1576.645629883 40.358963013 1614.358642578 44.262538910 1770.501586914 42.348209381 1693.928222656 42.450958252 1698.038330078 43.914920807 1756.596801758
43.747097015 1749.883911133 42.285873413 1691.435058594 42.474483490 1698.979248047 44.080951691 1763.237915039 39.421478271 1576.859130859 43.684604645 1747.384155273 39.642589569 1585.703491211 40.327224731 1613.088989258 44.250022888 1770.000854492 42.017986298 1680.719482422 42.160457611 1686.418334961 43.657939911 1746.317504883 39.216304779 1568.652099609 43.686210632 1747.448486328 39.314941406 1572.597656250 40.257987976 1610.319458008 44.181510925 1767.260498047 42.254360199 1690.174194336 42.363117218 1694.524658203 43.835334778 1753.413452148
43.666175842 1746.645629883 42.191848755 1687.673950195 42.386646271 1695.465942383 44.000938416 1760.037597656 39.315994263 1572.639770508 43.607322693 1744.293090820 39.541339874 1581.653686523 40.226257324 1609.050292969 44.169242859 1766.769653320 41.924034119 1676.961425781 42.072612762 1682.904663086 43.578018188 1743.120727539 39.110721588 1564.428955078 43.608844757 1744.353881836 39.213665009 1568.546752930 40.157009125 1606.280395508 44.100231171 1764.009155273 42.160282135 1686.411254883 42.275279999 1691.011230469 43.755508423 1750.220214844
43.584945679 1743.397949219 42.097576141 1683.902954102 42.298805237 1691.952148438 43.920681000 1756.827270508 39.210384369 1568.415527344 43.529769897 1741.190795898 39.440017700 1577.600708008 40.125289917 1605.011596680 44.088226318 1763.529174805 41.829841614 1673.193847656 41.984771729 1679.390869141 43.497856140 1739.914184570 39.005027771 1560.201049805 43.531185150 1741.247436523 39.112319946 1564.492797852 40.056034088 1602.241333008 44.018703461 1760.748168945 42.065975189 1682.638916016 42.187442780 1687.497680664 43.675437927 1747.017578125
43.503520966 1740.140747070 42.003044128 1680.121826172 42.210968018 1688.438720703 43.840171814 1753.606933594 39.104660034 1564.186401367 43.451946259 1738.077636719 39.338623047 1573.545166016 40.024322510 1600.972778320 44.006977081 1760.279052734 41.736412048 1669.416381836 41.896930695 1675.877319336 43.417446136 1736.697753906 38.899223328 1555.968872070 43.453231812 1738.129150391 39.010906219 1560.436157227 39.955059052 1598.202270508 43.936923981 1757.477050781 41.971431732 1678.857177734 42.099605560 1683.984130859 43.595127106 1743.804931641
43.421855927 1736.874267578 41.908260345 1676.330444336 42.123130798 1684.925292969 43.759414673 1750.376708984 38.998821259 1559.952758789 43.373847961 1734.953857422 39.237163544 1569.486572266 39.923355103 1596.934204102 43.925491333 1757.019653320 41.640727997 1665.629028320 41.809089661 1672.363647461 43.336795807 1733.471679688 38.793312073 1551.732543945 43.374977112 1734.999145508 38.909423828 1556.377075195 39.854084015 1594.163208008 43.854904175 1754.196289062 41.876659393 1675.066406250 42.011768341 1680.470703125 43.514579773 1740.583129883
43.339958191 1733.598266602 41.813228607 1672.529052734 42.035293579 1681.411743164 43.678405762 1747.136230469 38.892864227 1555.714721680 43.295471191 1731.818847656 39.135639191 1565.425537109 39.822387695 1592.895507812 43.843765259 1753.750610352 41.545806885 1661.832275391 41.721248627 1668.849975586 43.255901337 1730.236083984 38.687294006 1547.491821289 43.296424866 1731.857055664 38.808422089 1552.315429688 39.753105164 1590.124267578 43.772640228 1750.905639648 41.781658173 1671.266479492 41.923931122 1676.957275391 43.433795929 1737.351806641
43.257831573 1730.313232422 41.717945099 1668.717651367 41.947456360 1677.898193359 43.597145081 1743.885864258 38.786800385 1551.472045898 43.216941833 1728.672729492 39.034057617 1561.362182617 39.721416473 1588.856689453 43.761802673 1750.472045898 41.450645447 1658.025756836 41.633407593 1665.336425781 43.174762726 1726.990478516 38.581169128 1543.246826172 43.217582703 1728.703247070 38.706291199 1548.251708984 39.652130127 1586.085205078 43.690135956 1747.605468750 41.686424255 1667.457031250 41.836097717 1673.443847656 43.352775574 1734.111083984
43.175476074 1727.018920898 41.622406006 1664.896240234 41.859622955 1674.384887695 43.515636444 1740.625366211 38.680629730 1547.225219727 43.137882233 1725.515258789 38.932418823 1557.296752930 39.620449066 1584.817871094 43.679603577 1747.184204102 41.355239868 1654.209594727 41.545570374 1661.822753906 43.094539642 1723.735351562 38.474948883 1538.998168945 43.138439178 1725.537475586 38.604640961 1544.185668945 39.551151276 1582.046020508 43.607391357 1744.295654297 41.590965271 1663.638427734 41.748260498 1669.930419922 43.271518707 1730.860839844
43.092887878 1723.715332031 41.526618958 1661.064819336 41.771785736 1670.871582031 43.433872223 1737.354980469 38.574356079 1542.974243164 43.058670044 1722.346679688 38.830726624 1553.229003906 39.519477844 1580.779296875 43.597160339 1743.886352539 41.259586334 1650.383544922 41.457729340 1658.309326172 43.011760712 1720.470336914 38.368633270 1534.745361328 43.058994293 1722.359741211 38.502941132 1540.117797852 39.450176239 1578.007080078 43.524402618 1740.976196289 41.495273590 1659.810913086 41.660427094 1666.417236328 43.190021515 1727.600952148
43.010063171 1720.402587891 41.430583954 1657.223388672 41.683948517 1667.358032227 43.351856232 1734.074340820 38.467987061 1538.719360352 42.979175568 1719.166992188 38.728988647 1549.159545898 39.418510437 1576.740356445 43.514472961 1740.578979492 41.163684845 1646.547485352 41.369888306 1654.795654297 42.929885864 1717.195434570 38.262222290 1530.488891602 42.979248047 1719.170043945 38.401195526 1536.047851562 39.349201202 1573.967895508 43.441173553 1737.646850586 41.399356842 1655.974243164 41.572593689 1662.903808594 43.108280182 1724.331298828
42.927009583 1717.080322266 41.334304810 1653.372192383 41.596111298 1663.844482422 43.269584656 1730.783325195 38.361515045 1534.460693359 42.899398804 1715.975952148 38.627208710 1545.088256836 39.317539215 1572.701538086 43.431541443 1737.261596680 41.067539215 1642.701660156 41.282051086 1651.281982422 42.847759247 1713.910400391 38.155723572 1526.228881836 42.899200439 1715.968139648 38.299404144 1531.976074219 39.248222351 1569.928955078 43.357696533 1734.307861328 41.303207397 1652.128295898 41.484760284 1659.390380859 43.026298523 1721.051879883
42.843746185 1713.749145508 41.237781525 1649.511230469 41.508277893 1660.331176758 43.187057495 1727.482177734 38.254959106 1530.198242188 42.819332123 1712.773315430 38.525386810 1541.015625000 39.216567993 1568.662719727 43.348358154 1733.934204102 40.971145630 1638.845825195 41.194213867 1647.768554688 42.765388489 1710.615478516 38.049133301 1521.965332031 42.818859100 1712.754394531 38.197578430 1527.903198242 39.147247314 1565.889892578 43.273979187 1730.959106445 41.206829071 1648.273071289 41.396923065 1655.876953125 42.944065094 1717.762695312
42.760227203 1710.409057617 41.141014099 1645.640625000 41.420440674 1656.817626953 43.104270935 1724.170776367 38.148315430 1525.932495117 42.738975525 1709.558959961 38.423534393 1536.941284180 39.115596771 1564.623779297 43.264934540 1730.597412109 40.874504089 1634.980102539 41.107723236 1644.255126953 42.682762146 1707.310424805 37.942462921 1517.698486328 42.738216400 1709.528808594 38.095714569 1523.828491211 39.046268463 1561.850585938 43.190021515 1727.600830078 41.110218048 1644.408813477 41.309089661 1652.363769531 42.861583710 1714.463378906
42.676498413 1707.059936523 41.044006348 1641.760375977 41.332603455 1653.304199219 43.021221161 1720.848876953 38.041591644 1521.663574219 42.658325195 1706.332885742 38.321647644 1532.865844727 39.014625549 1560.584960938 43.181259155 1727.250366211 40.777614594 1631.104736328 41.018539429 1640.741577148 42.599884033 1703.995361328 37.835712433 1513.428344727 42.657276154 1706.291137695 37.993820190 1519.752685547 38.945293427 1557.811645508 43.105819702 1724.232788086 41.013381958 1640.535400391 41.221256256 1648.850341797 42.778858185 1711.154174805
42.592540741 1703.701782227 40.946758270 1637.870483398 41.244770050 1649.790649414 42.937911987 1717.516479492 37.934787750 1517.391601562 42.577373505 1703.094848633 38.219734192 1528.789306641 38.913654327 1556.546142578 43.097339630 1723.893676758 40.680488586 1627.219482422 40.930702209 1637.228027344 42.516754150 1700.670043945 37.728881836 1509.155273438 42.576042175 1703.041748047 37.891895294 1515.675781250 38.844314575 1553.772583008 43.021381378 1720.855224609 40.916316986 1636.652709961 41.133422852 1645.336914062 42.695880890 1707.835205078
42.508361816 1700.334472656 40.849277496 1633.971191406 41.156932831 1646.277221680 42.854343414 1714.173583984 37.827915192 1513.116699219 42.496128082 1699.845092773 38.117794037 1524.711914062 38.812683105 1552.507202148 43.013175964 1720.527099609 40.583118439 1623.324829102 40.842864990 1633.714599609 42.433364868 1697.334594727 37.621978760 1504.879150391 42.494510651 1699.780395508 37.789951324 1511.598022461 38.743339539 1549.733520508 42.936702728 1717.468139648 40.819026947 1632.760986328 41.045589447 1641.823486328 42.612644196 1704.505737305
42.423946381 1696.957885742 40.751564026 1630.062744141 41.069095612 1642.763793945 42.770507812 1710.820312500 37.720977783 1508.838989258 42.414588928 1696.583618164 38.015838623 1520.633666992 38.711708069 1548.468261719 42.928768158 1717.150878906 40.485515594 1619.420532227 40.755027771 1630.201171875 42.349723816 1693.989135742 37.515010834 1500.600463867 42.412681580 1696.507324219 37.687988281 1507.519531250 38.642360687 1545.694458008 42.851787567 1714.071533203 40.721508026 1628.860351562 40.957756042 1638.310302734 42.529151917 1701.166259766
42.339302063 1693.571899414 40.653625488 1626.145019531 40.981258392 1639.250488281 42.686412811 1707.456420898 37.613971710 1504.558837891 42.332759857 1693.310424805 37.913864136 1516.554687500 38.610736847 1544.429443359 42.844127655 1713.765014648 40.387680054 1615.507324219 40.667190552 1626.687622070 42.265827179 1690.633056641 37.408363342 1496.319213867 42.330547333 1693.221801758 37.586009979 1503.440185547 38.541385651 1541.655395508 42.766639709 1710.665527344 40.623767853 1624.950561523 40.869922638 1634.796875000 42.445404053 1697.816040039
42.254421234 1690.176757812 40.555458069 1622.218261719 40.893421173 1635.736938477 42.602058411 1704.082275391 37.506912231 1500.276611328 42.250633240 1690.025390625 37.811878204 1512.475219727 38.509761810 1540.390502930 42.759250641 1710.369995117 40.289611816 1611.584350586 40.579353333 1623.174072266 42.181678772 1687.267211914 37.300891876 1492.035766602 42.248332977 1689.924438477 37.484020233 1499.360839844 38.440406799 1537.616333008 42.681262970 1707.250488281 40.525802612 1621.032104492 40.782085419 1631.283447266 42.361389160 1694.455566406
42.169307709 1686.772338867 40.457065582 1618.282714844 40.805583954 1632.223388672 42.517444611 1700.697753906 37.399799347 1495.991943359 42.168209076 1686.728393555 37.709880829 1508.395385742 38.408790588 1536.351562500 42.674140930 1706.965576172 40.192234039 1607.652343750 40.491516113 1619.660644531 42.097278595 1683.891235352 37.193748474 1487.749877930 42.165378571 1686.615234375 37.382019043 1495.280883789 38.339431763 1533.577148438 42.595653534 1703.826171875 40.427612305 1617.104492188 40.694252014 1627.770019531 42.277114868 1691.084594727
42.083965302 1683.358642578 40.358459473 1614.338378906 40.717746735 1628.709960938 42.432575226 1697.302978516 37.292636871 1491.705444336 42.085479736 1683.419311523 37.607879639 1504.315185547 38.307815552 1532.312622070 42.588798523 1703.552001953 40.092784882 1603.711425781 40.403678894 1616.147216797 42.012630463 1680.505004883 37.086559296 1483.462158203 42.082344055 1683.293823242 37.280559540 1491.200683594 38.238452911 1529.538085938 42.509822845 1700.392822266 40.329208374 1613.168334961 40.606418610 1624.256713867 42.192577362 1687.703125000
41.998397827 1679.935913086 40.259639740 1610.385620117 40.629909515 1625.196411133 42.347454071 1693.898071289 37.185432434 1487.417236328 42.002449036 1680.098022461 37.505874634 1500.234863281 38.206840515 1528.273559570 42.503231049 1700.129150391 39.994041443 1599.761718750 40.315841675 1612.633666992 41.927730560 1677.109008789 36.979324341 1479.173095703 41.999004364 1679.960205078 37.178012848 1487.120361328 38.137477875 1525.499023438 42.423763275 1696.950439453 40.230587006 1609.223388672 40.518581390 1620.743286133 42.107776642 1684.311035156
41.915561676 1676.504150391 40.160610199 1606.424560547 40.542072296 1621.682983398 42.262081146 1690.483154297 37.078186035 1483.127441406 41.919120789 1676.764892578 37.403873444 1496.154907227 38.105865479 1524.234741211 42.417430878 1696.697265625 39.895088196 1595.803588867 40.228004456 1609.120239258 41.842582703 1673.703247070 36.872051239 1474.881835938 41.915363312 1676.614379883 37.076007843 1483.040283203 38.036735535 1521.459960938 42.337482452 1693.499267578 40.131752014 1605.270141602 40.430747986 1617.229858398 42.022716522 1680.908691406
41.826572418 1673.062988281 40.061374664 1602.454956055 40.454235077 1618.169433594 42.176456451 1687.058227539 36.970905304 1478.836303711 41.835491180 1673.419799805 37.301876068 1492.075073242 38.004894257 1520.195922852 42.331401825 1693.256103516 39.795921326 1591.836791992 40.140167236 1605.606689453 41.758449554 1670.287475586 36.764739990 1470.589721680 41.831409454 1673.256347656 36.974010468 1478.960449219 37.935523987 1517.420898438 42.250980377 1690.039184570 40.032699585 1601.307983398 40.342910767 1613.716552734 41.937397003 1677.495971680
41.740318298 1669.612670898 39.961933136 1598.477294922 40.366397858 1614.655883789 42.090579987 1683.623046875 36.863594055 1474.543945312 41.751564026 1670.062500000 37.199882507 1487.995361328 37.903919220 1516.156738281 42.245140076 1689.805664062 39.696548462 1587.861938477 40.052330017 1602.093261719 41.671543121 1666.861694336 36.657405853 1466.296142578 41.747150421 1669.885986328 36.872020721 1474.880981445 37.834545135 1513.381835938 42.164257050 1686.570312500 39.933441162 1597.337524414 40.255073547 1610.203125000 41.851825714 1674.072998047
41.653831482 1666.153320312 39.862289429 1594.491577148 40.278560638 1611.142333984 42.004451752 1680.177978516 36.756259918 1470.250366211 41.667339325 1666.693481445 37.097904205 1483.916137695 37.802944183 1512.117797852 42.158653259 1686.346191406 39.596977234 1583.879150391 39.964492798 1598.579711914 41.585651398 1663.426025391 36.550041199 1462.001708984 41.662582397 1666.503417969 36.770042419 1470.801757812 37.733570099 1509.342773438 42.077312469 1683.092651367 39.833972931 1593.358886719 40.167240143 1606.689453125 41.765998840 1670.639892578
41.567123413 1662.684936523 39.762447357 1590.497924805 40.190723419 1607.628784180 41.918067932 1676.722534180 36.648899078 1465.955932617 41.582817078 1663.312500000 36.995937347 1479.837524414 37.701969147 1508.078735352 42.071941376 1682.877563477 39.497207642 1579.888305664 39.878398895 1595.066284180 41.499515533 1659.980590820 36.442661285 1457.706420898 41.577701569 1663.107910156 36.668083191 1466.723266602 37.632591248 1505.303710938 41.990150452 1679.605957031 39.734298706 1589.371948242 40.079402924 1603.176025391 41.679916382 1667.196777344
41.480194092 1659.207763672 39.662414551 1586.496459961 40.102886200 1604.115356445 41.831428528 1673.257202148 36.541522980 1461.660888672 41.498004913 1659.920043945 36.893974304 1475.759155273 37.600994110 1504.039794922 41.985000610 1679.400024414 39.397239685 1575.889526367 39.788822174 1591.552856445 41.413135529 1656.525390625 36.335262299 1453.410522461 41.492515564 1659.700683594 36.566123962 1462.644897461 37.531616211 1501.264648438 41.902774811 1676.110839844 39.634422302 1585.376831055 39.991569519 1599.662719727 41.593589783 1663.743408203
41.393043518 1655.721801758 39.562191010 1582.487548828 40.015045166 1600.601806641 41.744541168 1669.781738281 36.434127808 1457.365234375 41.412902832 1656.516113281 36.792015076 1471.680541992 37.500019073 1500.000854492 41.897838593 1675.913574219 39.297077179 1571.882934570 39.700984955 1588.039306641 41.326499939 1653.059936523 36.227855682 1449.114257812 41.407028198 1656.281250000 36.464168549 1458.566772461 37.430637360 1497.225585938 41.815185547 1672.607421875 39.534347534 1581.373901367 39.903732300 1596.149291992 41.507007599 1660.280395508
41.305675507 1652.226928711 39.461780548 1578.471191406 39.927207947 1597.088256836 41.657405853 1666.296142578 36.326728821 1453.069213867 41.327510834 1653.100463867 36.690063477 1467.602416992 37.399044037 1495.961669922 41.810455322 1672.418212891 39.196723938 1567.868896484 39.613147736 1584.525878906 41.239620209 1649.584838867 36.120445251 1444.817749023 41.321239471 1652.849609375 36.362220764 1454.488647461 37.329662323 1493.186401367 41.727382660 1669.095214844 39.434078217 1577.363037109 39.815898895 1592.635986328 41.420181274 1656.807128906
41.218086243 1648.723632812 39.361179352 1574.447143555 39.839370728 1593.574829102 41.570018768 1662.800781250 36.219322205 1448.772949219 41.241825104 1649.673095703 36.588119507 1463.524780273 37.298069000 1491.922729492 41.722850800 1668.914184570 39.096179962 1563.847290039 39.525310516 1581.012451172 41.152496338 1646.099975586 36.013031006 1440.521240234 41.235160828 1649.406372070 36.260276794 1450.411010742 37.228683472 1489.147460938 41.639373779 1665.574951172 39.333614349 1573.344482422 39.728061676 1589.122558594 41.333106995 1653.324340820
41.130283356 1645.211425781 39.260395050 1570.415893555 39.751533508 1590.061279297 41.482383728 1659.295410156 36.111911774 1444.476440430 41.155849457 1646.234008789 36.486183167 1459.447387695 37.197093964 1487.883789062 41.635028839 1665.401123047 38.995452881 1559.818237305 39.437477112 1577.499023438 41.065135956 1642.605346680 35.905620575 1436.224853516 41.148784637 1645.951538086 36.158344269 1446.333862305 37.127708435 1485.108276367 41.551155090 1662.046142578 39.232955933 1569.318359375 39.640228271 1585.609130859 41.245792389 1649.831542969
41.043365479 1641.690795898 39.159423828 1566.376953125 39.663696289 1586.547851562 41.394504547 1655.780151367 36.004505157 1440.180175781 41.069576263 1642.783081055 36.384258270 1455.370361328 37.096118927 1483.844848633 41.546989441 1661.879638672 38.894546509 1555.781982422 39.349639893 1573.985595703 40.977535248 1639.101562500 35.798217773 1431.928710938 41.062129974 1642.485229492 36.056419373 1442.256958008 37.026729584 1481.069213867 41.462726593 1658.509155273 39.132114410 1565.284667969 39.552394867 1582.095825195 41.158237457 1646.329589844
40.954032898 1638.161376953 39.058273315 1562.330810547 39.575859070 1583.034423828 41.306381226 1652.255249023 35.897106171 1435.884277344 40.983062744 1639.320312500 36.282341003 1451.293701172 36.995143890 1479.805786133 41.458736420 1658.349487305 38.793468475 1551.738647461 39.261802673 1570.472167969 40.889698029 1635.588012695 35.690826416 1427.633056641 40.975189209 1639.007446289 35.954505920 1438.180175781 36.925754547 1477.030273438 41.374095917 1654.963989258 39.031089783 1561.243530273 39.464561462 1578.582641602 41.070446014 1642.817871094
40.865585327 1634.623413086 38.956935883 1558.277709961 39.488021851 1579.520874023 41.218025208 1648.721069336 35.789718628 1431.588745117 40.896152496 1635.846069336 36.180435181 1447.217407227 36.894168854 1475.766845703 41.370273590 1654.810913086 38.692214966 1547.688720703 39.173965454 1566.958618164 40.801628113 1632.065185547 35.583450317 1423.338012695 40.887966156 1635.518676758 35.852600098 1434.103881836 36.824779510 1472.991088867 41.285263062 1651.410522461 38.929882050 1557.195312500 39.376728058 1575.069213867 40.982418060 1639.296752930
40.776927948 1631.077148438 38.855422974 1554.216918945 39.400188446 1576.007446289 41.129440308 1645.177612305 35.682350159 1427.293945312 40.808998108 1632.359741211 36.078544617 1443.141845703 36.793193817 1471.727905273 41.281600952 1651.264038086 38.591674805 1543.631713867 39.086132050 1563.445190430 40.713321686 1628.532836914 35.476093292 1419.043823242 40.800464630 1632.018432617 35.751235962 1430.028198242 36.723800659 1468.952148438 41.196231842 1647.849243164 38.828498840 1553.140014648 39.288898468 1571.555908203 40.894157410 1635.766235352
40.688056946 1627.522216797 38.753734589 1550.149414062 39.312351227 1572.494018555 41.040622711 1641.624755859 35.575000763 1422.999877930 40.721549988 1628.862060547 35.976661682 1439.066406250 36.692218781 1467.688720703 41.192722321 1647.708862305 38.489196777 1539.567871094 38.998294830 1559.931762695 40.624774933 1624.990966797 35.369247437 1414.750488281 40.712680817 1628.507202148 35.648815155 1425.952636719 36.622825623 1464.912963867 41.106998444 1644.279907227 38.726947784 1549.078002930 39.201065063 1568.042602539 40.805664062 1632.226440430
40.598979950 1623.959228516 38.651874542 1546.074951172 39.224514008 1568.980590820 40.951572418 1638.062744141 35.467655182 1418.706176758 40.633808136 1625.352294922 35.874790192 1434.991577148 36.591243744 1463.649780273 41.103645325 1644.145874023 38.387435913 1535.497436523 38.910457611 1556.418457031 40.535995483 1621.439819336 35.261436462 1410.457519531 40.624618530 1624.984741211 35.546939850 1421.877685547 36.521850586 1460.874023438 41.017574310 1640.702880859 38.625236511 1545.009521484 39.113231659 1564.529296875 40.716941833 1628.677734375
40.509696960 1620.387939453 38.549842834 1541.993652344 39.136676788 1565.467163086 40.862293243 1634.491699219 35.360321045 1414.412841797 40.545772552 1621.830932617 35.772926331 1430.917114258 36.490268707 1459.610839844 41.014377594 1640.575073242 38.285507202 1531.420288086 38.822620392 1552.904907227 40.446975708 1617.879028320 35.154121399 1406.164794922 40.536277771 1621.451049805 35.445068359 1417.802734375 36.420871735 1456.834960938 40.927959442 1637.118408203 38.523357391 1540.934326172 39.025398254 1561.015991211 40.627986908 1625.119506836
40.420215607 1616.808715820 38.447650909 1537.906005859 39.048843384 1561.953735352 40.772785187 1630.911499023 35.252994537 1410.119750977 40.457443237 1618.297851562 35.671070099 1426.842895508 36.389293671 1455.571777344 40.924919128 1636.996826172 38.183414459 1527.336669922 38.734931946 1549.391357422 40.358955383 1614.308837891 35.046813965 1401.872558594 40.447654724 1617.906250000 35.343204498 1413.728149414 36.319896698 1452.795776367 40.838157654 1633.526367188 38.421325684 1536.853027344 38.937564850 1557.502685547 40.538806915 1621.552246094
40.330532074 1613.221435547 38.345294952 1533.811889648 38.961006165 1558.440307617 40.683055878 1627.322387695 35.145679474 1405.827392578 40.368827820 1614.753051758 35.569221497 1422.769042969 36.288318634 1451.532836914 40.835277557 1633.411132812 38.081161499 1523.246459961 38.646945953 1545.877807617 40.268218994 1610.728759766 34.939521790 1397.580810547 40.358757019 1614.350219727 35.241344452 1409.653930664 36.218921661 1448.756835938 40.748165131 1629.926635742 38.319133759 1532.765258789 38.849731445 1553.989257812 40.449398041 1617.975830078
40.240653992 1609.626098633 38.242786407 1529.711547852 38.873172760 1554.926757812 40.593097687 1623.723999023 35.038383484 1401.535400391 40.279918671 1611.196655273 35.467380524 1418.695190430 36.187343597 1447.493774414 40.745449066 1629.818115234 37.978752136 1519.150146484 38.559108734 1542.364257812 40.178478241 1607.139160156 34.832241058 1393.289550781 40.269580841 1610.783325195 35.139492035 1405.579833984 36.117942810 1444.717651367 40.657985687 1626.319335938 38.216785431 1528.671508789 38.761898041 1550.475952148 40.359756470 1614.390258789
40.150882721 1606.023071289 38.140125275 1525.604980469 38.785335541 1551.413330078 40.502918243 1620.116699219 34.931098938 1397.243896484 40.190723419 1607.629028320 35.365535736 1414.621459961 36.086368561 1443.454833984 40.655437469 1626.217529297 37.876190186 1515.047607422 38.471271515 1538.850830078 40.088504791 1603.540283203 34.724975586 1388.999023438 40.180137634 1607.205444336 35.037643433 1401.505737305 36.016967773 1440.678833008 40.567623138 1622.704956055 38.114284515 1524.571411133 38.674064636 1546.962646484 40.269878387 1610.795166016
40.060310364 1602.412353516 38.037315369 1521.492553711 38.697498322 1547.900024414 40.412513733 1616.500732422 34.823833466 1392.953369141 40.101242065 1604.049804688 35.263698578 1410.547851562 35.985393524 1439.415771484 40.565246582 1622.609863281 37.773479462 1510.939208984 38.383434296 1535.337280273 39.998298645 1599.932006836 34.617725372 1384.709106445 40.090423584 1603.617065430 34.935798645 1397.431884766 35.915992737 1436.639526367 40.477077484 1619.083129883 38.011634827 1520.465087891 38.586231232 1543.449340820 40.179767609 1607.190673828
39.969852448 1598.794067383 37.934364319 1517.374633789 38.609664917 1544.386596680 40.321887970 1612.875488281 34.716579437 1388.663208008 40.011478424 1600.459106445 35.161857605 1406.474365234 35.884422302 1435.376831055 40.474876404 1618.994995117 37.670623779 1506.824951172 38.295597076 1531.823852539 39.907867432 1596.314697266 34.510490417 1380.419555664 40.000446320 1600.017944336 34.833953857 1393.358154297 35.815013885 1432.600585938 40.386348724 1615.453857422 37.908828735 1516.353149414 38.498401642 1539.936035156 40.089420319 1603.576782227
39.879207611 1595.168212891 37.831275940 1513.251098633 38.521827698 1540.873291016 40.231040955 1609.241699219 34.609344482 1384.373779297 39.921436310 1596.857421875 35.060016632 1402.400634766 35.783443451 1431.337646484 40.384326935 1615.373046875 37.567623138 1502.704956055 38.207759857 1528.310424805 39.817207336 1592.688476562 34.403266907 1376.130737305 39.910209656 1596.408447266 34.732105255 1389.284179688 35.714038849 1428.561523438 40.295433044 1611.817260742 37.805873871 1512.234985352 38.410568237 1536.422729492 39.998844147 1599.953857422
39.788372040 1591.534667969 37.728050232 1509.122070312 38.433994293 1537.359741211 40.139980316 1605.599243164 34.502124786 1380.084960938 39.831108093 1593.244384766 34.958171844 1398.326904297 35.682468414 1427.298828125 40.293601990 1611.744140625 37.464488983 1498.579589844 38.119922638 1524.796997070 39.726329803 1589.053100586 34.296062469 1371.842407227 39.819709778 1592.788574219 34.630260468 1385.210449219 35.613063812 1424.522583008 40.204334259 1608.173339844 37.702774048 1508.110961914 38.322734833 1532.909423828 39.908039093 1596.321655273
39.697349548 1587.893920898 37.624698639 1504.987915039 38.346157074 1533.846313477 40.048702240 1601.947998047 34.394916534 1375.796630859 39.740505219 1589.620361328 34.856323242 1394.252929688 35.581493378 1423.259643555 40.202705383 1608.108154297 37.361217499 1494.448608398 38.032085419 1521.283447266 39.635223389 1585.408935547 34.188865662 1367.554687500 39.728946686 1589.157958984 34.528408051 1381.136352539 35.512084961 1420.483398438 40.113056183 1604.522338867 37.599533081 1503.981323242 38.234901428 1529.395996094 39.817008972 1592.680297852
39.606140137 1584.245605469 37.521221161 1500.848876953 38.258323669 1530.332763672 39.957210541 1598.288330078 34.287719727 1371.508911133 39.649623871 1585.984741211 34.754474640 1390.178955078 35.480518341 1419.220825195 40.111637115 1604.465454102 37.257812500 1490.312500000 37.944248199 1517.770019531 39.543895721 1581.755859375 34.081680298 1363.267211914 39.637916565 1585.516845703 34.426555634 1377.062255859 35.411109924 1416.444335938 40.021598816 1600.864013672 37.496154785 1499.846191406 38.147071838 1525.882812500 39.725749969 1589.030029297
39.514751434 1580.590209961 37.417621613 1496.704956055 38.170486450 1526.819458008 39.865509033 1594.620239258 34.180534363 1367.221435547 39.558467865 1582.338745117 34.652618408 1386.104736328 35.379543304 1415.181762695 40.020404816 1600.816162109 37.154281616 1486.171386719 37.856410980 1514.256469727 39.452342987 1578.093750000 33.974506378 1358.980346680 39.546836853 1581.864990234 34.324703217 1372.988159180 35.310394287 1412.405273438 39.929962158 1597.198608398 37.392646790 1495.705810547 38.059238434 1522.369628906 39.634273529 1585.370971680
39.423187256 1576.927368164 37.313903809 1492.556152344 38.082649231 1523.306030273 39.773597717 1590.943847656 34.073356628 1362.934326172 39.467037201 1578.681518555 34.550758362 1382.030395508 35.278568268 1411.142700195 39.929004669 1597.160156250 37.050624847 1482.024902344 37.768573761 1510.742919922 39.360572815 1574.422973633 33.867343903 1354.693725586 39.455070496 1578.202880859 34.223415375 1368.913940430 35.209156036 1408.366210938 39.838150024 1593.525878906 37.289005280 1491.560302734 37.971408844 1518.856201172 39.542579651 1581.703247070
39.331443787 1573.257690430 37.210071564 1488.402832031 37.994815826 1519.792724609 39.681476593 1587.259155273 33.966182709 1358.647338867 39.375347137 1575.013916016 34.448894501 1377.955688477 35.177593231 1407.103637695 39.837436676 1593.497436523 36.947547913 1477.873901367 37.680736542 1507.229492188 39.268585205 1570.743408203 33.760181427 1350.407348633 39.363250732 1574.529907227 34.120986938 1364.839355469 35.108181000 1404.327148438 39.746158600 1589.846435547 37.185237885 1487.409545898 37.883575439 1515.343017578 39.450675964 1578.027099609
39.239528656 1569.581176758 37.106124878 1484.244995117 37.906978607 1516.279296875 39.589153290 1583.566162109 33.859012604 1354.360473633 39.283397675 1571.335937500 34.347023010 1373.880981445 35.076618195 1403.064697266 39.745704651 1589.828247070 36.842941284 1473.717773438 37.592899323 1503.715942383 39.176387787 1567.055419922 33.653026581 1346.121093750 39.271163940 1570.846557617 34.019123077 1360.764892578 35.007202148 1400.288085938 39.653995514 1586.160034180 37.081348419 1483.253906250 37.795742035 1511.829711914 39.358566284 1574.342529297
39.150203705 1565.897949219 37.002075195 1480.082885742 37.819145203 1512.765625000 39.496631622 1579.865234375 33.751842499 1350.073608398 39.191188812 1567.647583008 34.245147705 1369.805908203 34.975639343 1399.025634766 39.653808594 1586.152465820 36.738925934 1469.557128906 37.506492615 1500.202636719 39.083969116 1563.358886719 33.545871735 1341.834838867 39.178817749 1567.152709961 33.917251587 1356.690185547 34.906227112 1396.249023438 39.561668396 1582.466796875 36.977336884 1479.093505859 37.707912445 1508.316406250 39.266246796 1570.649902344
39.055194855 1562.207763672 36.897914886 1475.916625977 37.731307983 1509.252441406 39.403907776 1576.156250000 33.644668579 1345.786865234 39.098724365 1563.948974609 34.143268585 1365.730712891 34.874664307 1394.986694336 39.561752319 1582.470092773 36.634796143 1465.391723633 37.417228699 1496.689208984 38.991344452 1559.653930664 33.438976288 1337.548828125 39.086212158 1563.448486328 33.815380096 1352.615112305 34.805248260 1392.209960938 39.469169617 1578.766723633 36.873210907 1474.928466797 37.620079041 1504.803100586 39.173728943 1566.949218750
38.962783813 1558.511352539 36.793659210 1471.746215820 37.643474579 1505.738891602 39.310974121 1572.439086914 33.537490845 1341.499633789 39.006004333 1560.240234375 34.041381836 1361.655273438 34.773689270 1390.947509766 39.469528198 1578.781250000 36.530559540 1461.222290039 37.329391479 1493.175781250 38.899597168 1555.940551758 33.331562042 1333.262573242 38.993350983 1559.734008789 33.713504791 1348.540039062 34.704273224 1388.171020508 39.376506805 1575.060302734 36.768978119 1470.759033203 37.532245636 1501.289916992 39.081012726 1563.240478516
38.870212555 1554.808471680 36.689300537 1467.572021484 37.555637360 1502.225463867 39.217845917 1568.713745117 33.430309296 1337.212402344 38.913028717 1556.521118164 33.939491272 1357.579589844 34.672714233 1386.908569336 39.377143860 1575.085815430 36.426219940 1457.048706055 37.241558075 1489.662353516 38.805480957 1552.219238281 33.224399567 1328.975952148 38.900238037 1556.009521484 33.611621857 1344.464843750 34.603298187 1384.131958008 39.283676147 1571.347167969 36.664634705 1466.585449219 37.444416046 1497.776489258 38.988090515 1559.523681641
38.777484894 1551.099365234 36.584850311 1463.393920898 37.467800140 1498.711914062 39.124511719 1564.980590820 33.323120117 1332.924804688 38.819805145 1552.792236328 33.837596893 1353.504028320 34.571739197 1382.869506836 39.284599304 1571.384033203 36.321781158 1452.871093750 37.153720856 1486.148681641 38.712249756 1548.489868164 33.117237091 1324.689453125 38.806877136 1552.275024414 33.509738922 1340.389526367 34.502319336 1380.092895508 39.190681458 1567.627319336 36.560192108 1462.407592773 37.356582642 1494.263305664 38.894973755 1555.798950195
38.684604645 1547.384277344 36.480304718 1459.212158203 37.379966736 1495.198608398 39.030982971 1561.239257812 33.215923309 1328.636962891 38.726333618 1549.053344727 33.735698700 1349.427856445 34.470764160 1378.830566406 39.191890717 1567.675537109 36.217243195 1448.689697266 37.065883636 1482.635498047 38.618820190 1544.752807617 33.010063171 1320.402587891 38.713272095 1548.530883789 33.407852173 1336.313964844 34.401344299 1376.053710938 39.097522736 1563.901000977 36.455646515 1458.225952148 37.268753052 1490.750000000 38.801654816 1552.066162109
38.591571808 1543.662841797 36.375671387 1455.026855469 37.292129517 1491.685302734 38.937255859 1557.490356445 33.108718872 1324.348754883 38.632614136 1545.304443359 33.633796692 1345.351806641 34.369789124 1374.791503906 39.099021912 1563.960815430 36.112617493 1444.504760742 36.978046417 1479.121948242 38.525203705 1541.008056641 32.902881622 1316.115356445 38.619422913 1544.776855469 33.305961609 1332.238403320 34.300369263 1372.014770508 39.004207611 1560.168457031 36.351009369 1454.040527344 37.180919647 1487.236816406 38.708141327 1548.325683594
38.498394012 1539.935791016 36.270950317 1450.837890625 37.204292297 1488.171752930 38.843338013 1553.733520508 33.001502991 1320.060058594 38.538642883 1541.545776367 33.531890869 1341.275634766 34.268810272 1370.752563477 39.005989075 1560.239624023 36.007907867 1440.316284180 36.890213013 1475.608520508 38.431396484 1537.255981445 32.795692444 1311.827758789 38.525333405 1541.013183594 33.204067230 1328.162719727 34.199390411 1367.975708008 38.910739899 1556.429687500 36.246284485 1449.851440430 37.093090057 1483.723510742 38.614437103 1544.577514648
38.405071259 1536.202880859 36.166145325 1446.645751953 37.116458893 1484.658203125 38.749225616 1549.968872070 32.894283295 1315.771362305 38.444538116 1537.777343750 33.429981232 1337.199218750 34.167835236 1366.713378906 38.912803650 1556.512084961 35.903114319 1436.124633789 36.802375793 1472.095092773 38.337409973 1533.496459961 32.688495636 1307.539794922 38.430995941 1537.239868164 33.102172852 1324.086914062 34.098415375 1363.936523438 38.817115784 1552.684692383 36.141475677 1445.659057617 37.005256653 1480.210327148 38.520538330 1540.821411133
38.311603546 1532.464111328 36.061264038 1442.450561523 37.028621674 1481.144775391 38.654922485 1546.197021484 32.787052155 1311.482055664 38.349971771 1533.998779297 33.328071594 1333.122924805 34.066860199 1362.674438477 38.819458008 1552.778442383 35.798248291 1431.929931641 36.714538574 1468.581665039 38.243240356 1529.729492188 32.581287384 1303.251586914 38.336410522 1533.456420898 33.000274658 1320.010864258 33.997440338 1359.897583008 38.723346710 1548.933715820 36.036586761 1441.463500977 36.917423248 1476.696899414 38.426441193 1537.057861328
38.218959808 1528.719970703 35.956302643 1438.252197266 36.940784454 1477.631347656 38.560432434 1542.417358398 32.679809570 1307.192382812 38.255271912 1530.210815430 33.226161957 1329.046386719 33.965885162 1358.635498047 38.725959778 1549.038452148 35.693302155 1427.732177734 36.626705170 1465.068115234 38.148887634 1525.955566406 32.474075317 1298.963012695 38.241577148 1529.663085938 32.898372650 1315.934936523 33.896461487 1355.858642578 38.629428864 1545.177124023 35.931621552 1437.264892578 36.829593658 1473.183715820 38.332160950 1533.286499023
38.124256134 1524.970214844 35.851268768 1434.050781250 36.852947235 1474.117919922 38.465763092 1538.630493164 32.572563171 1302.902465820 38.160327911 1526.413085938 33.124248505 1324.969848633 33.864910126 1354.596435547 38.632305145 1545.292236328 35.588291168 1423.531616211 36.538867950 1461.554687500 38.054355621 1522.174072266 32.366851807 1294.674072266 38.146492004 1525.859741211 32.796470642 1311.858764648 33.795486450 1351.819458008 38.535369873 1541.414672852 35.826587677 1433.063476562 36.741764069 1469.670410156 38.237689972 1529.507690430
38.030376434 1521.215087891 35.746166229 1429.846679688 36.765110016 1470.604248047 38.370910645 1534.836425781 32.465301514 1298.612182617 38.065143585 1522.605834961 33.022335052 1320.893310547 33.763935089 1350.557373047 38.538497925 1541.539794922 35.483207703 1419.328247070 36.451034546 1458.041381836 37.959644318 1518.385620117 32.259620667 1290.384765625 38.051158905 1522.046508789 32.695217133 1307.782592773 33.694511414 1347.780395508 38.441173553 1537.646972656 35.721485138 1428.859375000 36.653930664 1466.157226562 38.143039703 1525.721435547
37.936363220 1517.454589844 35.640998840 1425.639892578 36.677272797 1467.091064453 38.275886536 1531.035400391 32.358036041 1294.321533203 37.969718933 1518.788818359 32.920417786 1316.816650391 33.662960052 1346.518310547 38.444538116 1537.781494141 35.378063202 1415.122558594 36.363338470 1454.527832031 37.864753723 1514.590087891 32.152381897 1286.095336914 37.955577850 1518.223144531 32.592658997 1303.706420898 33.593532562 1343.741333008 38.346843719 1533.873779297 35.616321564 1424.652954102 36.566101074 1462.644042969 38.048202515 1521.928100586
37.842216492 1513.688720703 35.535766602 1421.430664062 36.589439392 1463.577514648 38.180683136 1527.227294922 32.250762939 1290.030517578 37.874057770 1514.962280273 32.818504333 1312.740112305 33.561981201 1342.479370117 38.350425720 1534.017089844 35.273540497 1410.914428711 36.275360107 1451.014526367 37.769683838 1510.787353516 32.045135498 1281.805297852 37.859756470 1514.390258789 32.490753174 1299.630126953 33.492557526 1339.702392578 38.252388000 1530.095581055 35.511104584 1420.444091797 36.478271484 1459.130859375 37.953186035 1518.127441406
37.747936249 1509.917358398 35.430480957 1417.219238281 36.501602173 1460.064086914 38.085300446 1523.412109375 32.143482208 1285.739257812 37.778152466 1511.126098633 32.716587067 1308.663452148 33.461006165 1338.440185547 38.256168365 1530.246704102 35.167598724 1406.703979492 36.187526703 1447.500976562 37.674434662 1506.977416992 31.937879562 1277.515136719 37.763698578 1510.547973633 32.388847351 1295.553833008 33.391582489 1335.663330078 38.157798767 1526.312011719 35.405830383 1416.233154297 36.390441895 1455.617553711 37.857990265 1514.319580078
37.653522491 1506.140869141 35.325141907 1413.005615234 36.413764954 1456.550659180 37.989742279 1519.589721680 32.036197662 1281.447875977 37.682014465 1507.280639648 32.614673615 1304.587036133 33.360031128 1334.401245117 38.161766052 1526.470581055 35.062286377 1402.491455078 36.099689484 1443.987670898 37.579006195 1503.160278320 31.830617905 1273.224731445 37.667404175 1506.696166992 32.286941528 1291.477661133 33.290607452 1331.624267578 38.063087463 1522.523437500 35.300510406 1412.020385742 36.302612305 1452.104492188 37.762619019 1510.504760742
37.558975220 1502.358764648 35.219753265 1408.790039062 36.325927734 1453.037109375 37.894004822 1515.760253906 31.928903580 1277.156127930 37.585643768 1503.425781250 32.512760162 1300.510253906 33.259056091 1330.362182617 38.067214966 1522.688598633 34.956924438 1398.276977539 36.011856079 1440.474121094 37.483402252 1499.336303711 31.723350525 1268.934082031 37.570880890 1502.835205078 32.185031891 1287.401367188 33.189628601 1327.585205078 37.968246460 1518.729736328 35.195144653 1407.805786133 36.214782715 1448.591186523 37.667068481 1506.682739258
37.464294434 1498.571899414 35.114322662 1404.572875977 36.238094330 1449.523803711 37.798095703 1511.923828125 31.821603775 1272.864013672 37.489040375 1499.561645508 32.410846710 1296.433837891 33.158077240 1326.323120117 37.972526550 1518.901123047 34.851516724 1394.060668945 35.924018860 1436.960815430 37.388736725 1495.505126953 31.616245270 1264.643066406 37.474124908 1498.965087891 32.083126068 1283.325073242 33.088653564 1323.546142578 37.873283386 1514.931274414 35.089736938 1403.589599609 36.126953125 1445.078125000 37.571342468 1502.853759766
37.369487762 1494.779541016 35.008850098 1400.354003906 36.150257111 1446.010375977 37.702018738 1508.080688477 31.714298248 1268.571899414 37.392215729 1495.688598633 32.308933258 1292.357299805 33.057102203 1322.284057617 37.877704620 1515.108276367 34.746074677 1389.842895508 35.836181641 1433.447387695 37.291679382 1491.667236328 31.508798599 1260.351928711 37.377132416 1495.085327148 31.981222153 1279.248901367 32.987678528 1319.507202148 37.778194427 1511.127807617 34.984294891 1399.371704102 36.039123535 1441.564941406 37.475440979 1499.017822266
37.274753571 1490.982299805 34.903347015 1396.134033203 36.062423706 1442.496826172 37.605777740 1504.231079102 31.606988907 1264.279541016 37.295166016 1491.806762695 32.207019806 1288.280761719 32.956127167 1318.244995117 37.782752991 1511.310302734 34.640590668 1385.623779297 35.748344421 1429.933837891 37.195564270 1487.822509766 31.401515961 1256.060668945 37.279911041 1491.196533203 31.879318237 1275.172729492 32.886699677 1315.468017578 37.682991028 1507.319702148 34.878814697 1395.152587891 35.951293945 1438.051635742 37.379371643 1495.175048828
37.179492950 1487.179687500 34.797817230 1391.912597656 35.974586487 1438.983398438 37.509372711 1500.374877930 31.499675751 1259.986938477 37.197898865 1487.916015625 32.105110168 1284.204467773 32.855148315 1314.205932617 37.687675476 1507.506958008 34.535079956 1381.403198242 35.660511017 1426.420410156 37.099285126 1483.971313477 31.294229507 1251.769042969 37.182460785 1487.298583984 31.777414322 1271.096557617 32.785724640 1311.428955078 37.587669373 1503.506835938 34.773307800 1390.932250977 35.863464355 1434.538574219 37.283130646 1491.325195312
37.084300995 1483.372070312 34.692256927 1387.690307617 35.886753082 1435.470092773 37.412811279 1496.512451172 31.392356873 1255.694213867 37.100414276 1484.016601562 32.003200531 1280.127929688 32.754173279 1310.166870117 37.592475891 1503.698974609 34.429538727 1377.181640625 35.572673798 1422.906982422 37.002841949 1480.113769531 31.186939240 1247.477539062 37.084789276 1483.391601562 31.675510406 1267.020385742 32.684749603 1307.390014648 37.492233276 1499.689208984 34.667770386 1386.710815430 35.775634766 1431.025390625 37.186729431 1487.469116211
36.988983154 1479.559326172 34.586677551 1383.467163086 35.798919678 1431.956787109 37.316093445 1492.643798828 31.285037994 1251.401611328 37.002712250 1480.108398438 31.901290894 1276.051635742 32.653194427 1306.127685547 37.497158051 1499.886352539 34.323978424 1372.958984375 35.484840393 1419.393554688 36.906242371 1476.249755859 31.079647064 1243.185913086 36.986896515 1479.475708008 31.573606491 1262.944335938 32.584075928 1303.350830078 37.396686554 1495.867431641 34.562213898 1382.488525391 35.687805176 1427.512207031 37.090167999 1483.606811523
36.893547058 1475.741943359 34.481079102 1379.243286133 35.711086273 1428.443481445 37.219223022 1488.769042969 31.177715302 1247.108764648 36.904800415 1476.192016602 31.799381256 1271.975219727 32.552219391 1302.088745117 37.401721954 1496.068725586 34.218395233 1368.735717773 35.397003174 1415.880249023 36.809490204 1472.379638672 30.972352982 1238.894165039 36.888786316 1475.551513672 31.471704483 1258.868041992 32.482795715 1299.311889648 37.301036835 1492.041381836 34.456634521 1378.265380859 35.599979401 1423.999145508 36.993450165 1479.738159180
36.797992706 1471.919677734 34.375473022 1375.018920898 35.623252869 1424.930175781 37.122207642 1484.888427734 31.070392609 1242.815673828 36.806674957 1472.267089844 31.697473526 1267.898925781 32.451244354 1298.049682617 37.306167603 1492.246704102 34.112796783 1364.511840820 35.309169769 1412.366821289 36.712581635 1468.503295898 30.865055084 1234.602294922 36.790458679 1471.618286133 31.369802475 1254.792114258 32.381820679 1295.272949219 37.205280304 1488.211181641 34.351043701 1374.041625977 35.512149811 1420.485961914 36.896583557 1475.863281250
36.702320099 1468.092773438 34.269855499 1370.794189453 35.535419464 1421.416870117 37.025047302 1481.001831055 30.963066101 1238.522705078 36.708339691 1468.333496094 31.595567703 1263.822631836 32.350265503 1294.010620117 37.210502625 1488.419921875 34.007186890 1360.287475586 35.221332550 1408.853393555 36.615531921 1464.621337891 30.757757187 1230.310302734 36.691917419 1467.676757812 31.267900467 1250.715942383 32.280845642 1291.233764648 37.109420776 1484.376708984 34.245441437 1369.817504883 35.424320221 1416.972900391 36.799568176 1471.982788086
36.606536865 1464.261474609 34.164230347 1366.569335938 35.447586060 1417.903564453 36.927742004 1477.109497070 30.855737686 1234.229492188 36.609794617 1464.391723633 31.493663788 1259.746459961 32.249290466 1289.971557617 37.114723206 1484.588867188 33.901569366 1356.062744141 35.134880066 1405.340087891 36.518333435 1460.733398438 30.650459290 1226.018432617 36.593364716 1463.726684570 31.166606903 1246.640136719 32.179870605 1287.194824219 37.013465881 1480.538574219 34.139827728 1365.593139648 35.336490631 1413.459594727 36.702407837 1468.096313477
36.510643005 1460.425781250 34.058609009 1362.344360352 35.359752655 1414.390136719 36.830299377 1473.211914062 30.748407364 1229.936279297 36.511043549 1460.441772461 31.391759872 1255.670410156 32.148311615 1285.932495117 37.018833160 1480.753295898 33.795948029 1351.837890625 35.045669556 1401.826782227 36.420993805 1456.839843750 30.543159485 1221.726318359 36.494209290 1459.768432617 31.064100266 1242.564086914 32.078895569 1283.155883789 36.917411804 1476.696533203 34.034210205 1361.368530273 35.248661041 1409.946533203 36.605106354 1464.204223633
36.414646149 1456.585693359 33.952991486 1358.119506836 35.271923065 1410.876831055 36.732727051 1469.308959961 30.641077042 1225.643066406 36.412078857 1456.483276367 31.289859772 1251.594360352 32.047336578 1281.893432617 36.922836304 1476.913330078 33.690326691 1347.613159180 34.957836151 1398.313476562 36.323516846 1452.940673828 30.435857773 1217.434326172 36.395053864 1455.802124023 30.962200165 1238.488037109 31.977920532 1279.116821289 36.821266174 1472.850463867 33.928596497 1357.143676758 35.160831451 1406.433227539 36.507667542 1460.306518555
36.318546295 1452.741821289 33.847381592 1353.895263672 35.184089661 1407.363769531 36.635017395 1465.400756836 30.533744812 1221.349731445 36.312908173 1452.516479492 31.187959671 1247.518432617 31.946357727 1277.854370117 36.826740265 1473.069458008 33.585285187 1343.388671875 34.870006561 1394.800292969 36.225906372 1449.036132812 30.328556061 1213.142333984 36.295700073 1451.827880859 30.860301971 1234.412109375 31.876945496 1275.077880859 36.725021362 1469.000854492 33.822982788 1352.919311523 35.073001862 1402.920166016 36.410091400 1456.403808594
36.224819183 1448.894287109 33.741783142 1349.671264648 35.096260071 1403.850463867 36.537181854 1461.487304688 30.426410675 1217.056518555 36.213531494 1448.541137695 31.086063385 1243.442626953 31.845380783 1273.815185547 36.730541229 1469.221679688 33.479110718 1339.164306641 34.782173157 1391.286987305 36.128158569 1445.126464844 30.221254349 1208.850097656 36.196147919 1447.845947266 30.758401871 1230.336059570 31.775970459 1271.038818359 36.628688812 1465.147705078 33.717372894 1348.694824219 34.985172272 1399.406982422 36.312385559 1452.495483398
36.126064301 1445.042480469 33.636199951 1345.447875977 35.008430481 1400.337158203 36.439220428 1457.568725586 30.319078445 1212.763061523 36.113945007 1444.557861328 30.984169006 1239.366699219 31.744403839 1269.776123047 36.634246826 1465.369873047 33.373523712 1334.940917969 34.694343567 1387.773681641 36.030281067 1441.211181641 30.113950729 1204.557983398 36.096397400 1443.856079102 30.656505585 1226.260131836 31.674997330 1266.999877930 36.532264709 1461.290649414 33.611778259 1344.471191406 34.897342682 1395.893676758 36.214553833 1448.582275391
36.029682159 1441.187255859 33.530635834 1341.225463867 34.920600891 1396.823974609 36.341129303 1453.645141602 30.211744308 1208.469848633 36.014160156 1440.566406250 30.882278442 1235.291015625 31.643426895 1265.737060547 36.537864685 1461.514648438 33.267951965 1330.718017578 34.606513977 1384.260498047 35.932270050 1437.290893555 30.006647110 1200.265991211 35.996452332 1439.858032227 30.554607391 1222.184204102 31.574022293 1262.960937500 36.435756683 1457.430297852 33.506195068 1340.247802734 34.809513092 1392.380493164 36.116596222 1444.663818359
35.933212280 1437.328369141 33.425094604 1337.003784180 34.832771301 1393.310791016 36.242912292 1449.716552734 30.104412079 1204.176391602 35.914176941 1436.567138672 30.780389786 1231.215576172 31.542451859 1261.698120117 36.441394806 1457.655883789 33.162399292 1326.495971680 34.518684387 1380.747314453 35.835342407 1433.365478516 29.899341583 1195.973510742 35.896316528 1435.852661133 30.452711105 1218.108520508 31.473049164 1258.922119141 36.339172363 1453.566894531 33.400630951 1336.025146484 34.721683502 1388.867431641 36.018520355 1440.740844727
35.836654663 1433.466064453 33.319583893 1332.783325195 34.744941711 1389.797607422 36.144573212 1445.782958984 29.997079849 1199.883300781 35.813995361 1432.559814453 30.678501129 1227.140136719 31.441474915 1257.658935547 36.344841003 1453.793701172 33.056877136 1322.275146484 34.430854797 1377.234130859 35.735881805 1429.435302734 29.792076111 1191.681396484 35.795989990 1431.839599609 30.350814819 1214.032592773 31.372076035 1254.883056641 36.242504120 1449.700195312 33.295089722 1331.803588867 34.633853912 1385.354125977 35.920330048 1436.813232422
35.740013123 1429.600463867 33.214099884 1328.564086914 34.657108307 1386.284423828 36.046112061 1441.844604492 29.889747620 1195.589843750 35.713626862 1428.545166016 30.576616287 1223.064697266 31.340497971 1253.619995117 36.248207092 1449.928222656 32.951381683 1318.055175781 34.343025208 1373.720947266 35.637500763 1425.500000000 29.684726715 1187.389160156 35.695480347 1427.819091797 30.248920441 1209.956787109 31.271104813 1250.844116211 36.145763397 1445.830566406 33.189571381 1327.582885742 34.546024323 1381.840942383 35.822021484 1432.880859375
35.643291473 1425.731689453 33.108654022 1324.346191406 34.569278717 1382.771118164 35.947536469 1437.901489258 29.782415390 1191.296630859 35.613224030 1424.522705078 30.474731445 1218.989257812 31.239521027 1249.580932617 36.151493073 1446.059692383 32.845916748 1313.836791992 34.255195618 1370.207763672 35.539005280 1421.560180664 29.577419281 1183.096801758 35.594787598 1423.791503906 30.147024155 1205.880981445 31.170131683 1246.805297852 36.048946381 1441.958007812 33.084083557 1323.363403320 34.458194733 1378.327758789 35.723598480 1428.943969727
35.546493530 1421.859741211 33.003246307 1320.129760742 34.481449127 1379.258056641 35.848846436 1433.953857422 29.675083160 1187.003295898 35.512325287 1420.493041992 30.372850418 1214.913940430 31.138545990 1245.541748047 36.054706573 1442.188232422 32.740493774 1309.619750977 34.167366028 1366.694702148 35.440395355 1417.615966797 29.470111847 1178.804443359 35.493919373 1419.756835938 30.045129776 1201.805297852 31.069160461 1242.766357422 35.952060699 1438.082397461 32.978630066 1319.145141602 34.370365143 1374.814697266 35.625068665 1425.002807617
35.449623108 1417.984985352 32.897880554 1315.915283203 34.393619537 1375.744750977 35.750049591 1430.001953125 29.567749023 1182.710083008 35.411396027 1416.455932617 30.270967484 1210.838745117 31.037567139 1241.502685547 35.957843781 1438.313842773 32.635108948 1305.404418945 34.079536438 1363.181518555 35.341674805 1413.666992188 29.362804413 1174.512084961 35.392875671 1415.715209961 29.943237305 1197.729492188 30.968187332 1238.727539062 35.855106354 1434.204345703 32.873210907 1314.928466797 34.282535553 1371.301391602 35.526432037 1421.057128906
35.352684021 1414.107299805 32.792560577 1311.702270508 34.305789948 1372.231567383 35.651149750 1426.045898438 29.460416794 1178.416625977 35.310291290 1412.411743164 30.169088364 1206.763549805 30.936590195 1237.463623047 35.860908508 1434.436401367 32.529766083 1301.190673828 33.991889954 1359.668334961 35.242847443 1409.713745117 29.255495071 1170.219726562 35.291664124 1411.666625977 29.841344833 1193.653686523 30.867216110 1234.688598633 35.758087158 1430.323486328 32.767837524 1310.713500977 34.194705963 1367.788330078 35.427684784 1417.107421875
35.256481171 1410.227294922 32.687259674 1307.490356445 34.217960358 1368.718383789 35.552146912 1422.085815430 29.353086472 1174.123535156 35.209014893 1408.360717773 30.067209244 1202.688476562 30.835613251 1233.424560547 35.763912201 1430.556396484 32.424446106 1296.977783203 33.903881073 1356.155273438 35.143909454 1405.756469727 29.148187637 1165.927612305 35.190280914 1407.611328125 29.739454269 1189.578125000 30.766244888 1230.649780273 35.660999298 1426.440063477 32.662479401 1306.499145508 34.106880188 1364.275146484 35.328834534 1413.153442383
35.158615112 1406.344604492 32.581981659 1303.279296875 34.130126953 1365.205078125 35.453044891 1418.121826172 29.245754242 1169.830078125 35.107574463 1404.302856445 29.965332031 1198.613281250 30.734638214 1229.385620117 35.666847229 1426.673828125 32.319141388 1292.765625000 33.816051483 1352.642089844 35.044872284 1401.794921875 29.040878296 1161.635131836 35.088733673 1403.549316406 29.638139725 1185.502563477 30.665273666 1226.611083984 35.563850403 1422.553955078 32.557140350 1302.285644531 34.019050598 1360.761962891 35.229881287 1409.195312500
35.061489105 1402.459594727 32.476726532 1299.068969727 34.042297363 1361.692016602 35.353847504 1414.154052734 29.138423920 1165.536987305 35.005970001 1400.238769531 29.863452911 1194.538208008 30.633661270 1225.346435547 35.569725037 1422.788940430 32.213859558 1288.554199219 33.728221893 1349.129028320 34.945732117 1397.829345703 28.933570862 1157.342895508 34.987022400 1399.480834961 29.535675049 1181.427001953 30.564302444 1222.572143555 35.466644287 1418.665893555 32.451820374 1298.072753906 33.931221008 1357.249023438 35.130825043 1405.233032227
34.964305878 1398.572265625 32.371498108 1294.859985352 33.954467773 1358.178710938 35.254562378 1410.182495117 29.031095505 1161.243896484 34.904209137 1396.168334961 29.761575699 1190.462890625 30.532684326 1221.307373047 35.472541809 1418.901733398 32.108596802 1284.343750000 33.640396118 1345.615844727 34.846496582 1393.859741211 28.826263428 1153.050537109 34.885150909 1395.405883789 29.433786392 1177.351318359 30.463331223 1218.533203125 35.369384766 1414.775512695 32.346523285 1293.860839844 33.843395233 1353.735717773 35.031669617 1401.266845703
34.867065430 1394.682739258 32.266296387 1290.651855469 33.866638184 1354.665405273 35.155185699 1406.207519531 28.923767090 1156.950561523 34.802299500 1392.092041016 29.659694672 1186.387817383 30.431707382 1217.268310547 35.375305176 1415.012207031 32.003360748 1280.134399414 33.552566528 1342.102539062 34.747165680 1389.886596680 28.718957901 1148.758300781 34.783123016 1391.325073242 29.331897736 1173.275878906 30.362360001 1214.494506836 35.272071838 1410.882934570 32.241249084 1289.649902344 33.755565643 1350.222656250 34.932418823 1397.296752930
34.769775391 1390.790893555 32.161121368 1286.444946289 33.778804779 1351.152343750 35.055728912 1402.229003906 28.816440582 1152.657714844 34.700248718 1388.010009766 29.557815552 1182.312622070 30.330730438 1213.229248047 35.278011322 1411.120483398 31.898670197 1275.925781250 33.464736938 1338.589477539 34.647747040 1385.909912109 28.611652374 1144.466186523 34.680950165 1387.237915039 29.230010986 1169.200317383 30.261390686 1210.455688477 35.174709320 1406.988281250 32.135997772 1285.439941406 33.667736053 1346.709594727 34.833072662 1393.322998047
34.672431946 1386.897338867 32.055973053 1282.239013672 33.690975189 1347.639038086 34.956184387 1398.247314453 28.709114075 1148.364501953 34.598049164 1383.921997070 29.455934525 1178.237426758 30.229753494 1209.190307617 35.180667877 1407.226684570 31.792951584 1271.718017578 33.376907349 1335.076293945 34.548244476 1381.929687500 28.504346848 1140.173950195 34.578628540 1383.145019531 29.128126144 1165.125000000 30.160419464 1206.416870117 35.077301025 1403.092041016 32.030773163 1281.230834961 33.579910278 1343.196289062 34.733638763 1389.345458984
34.575042725 1383.001831055 31.950849533 1278.034057617 33.603145599 1344.125732422 34.856559753 1394.262329102 28.601787567 1144.071533203 34.495712280 1379.828491211 29.354053497 1174.162109375 30.128776550 1205.151123047 35.083274841 1403.331054688 31.687778473 1267.511230469 33.289077759 1331.563110352 34.448657990 1377.946289062 28.397041321 1135.881591797 34.476169586 1379.046630859 29.026243210 1161.049682617 30.059450150 1202.378051758 34.979846954 1399.193847656 31.925575256 1277.022949219 33.492080688 1339.683349609 34.634113312 1385.364624023
34.477611542 1379.104370117 31.845748901 1273.829956055 33.515312195 1340.612548828 34.756862640 1390.274536133 28.494462967 1139.778442383 34.393238068 1375.729614258 29.252170563 1170.086791992 30.027801514 1201.112060547 34.985839844 1399.433593750 31.582624435 1263.304931641 33.201248169 1328.049926758 34.349014282 1373.959594727 28.289735794 1131.589477539 34.373569489 1374.942871094 28.924360275 1156.974487305 29.958478928 1198.339111328 34.882354736 1395.294189453 31.820398331 1272.816040039 33.404254913 1336.170166016 34.534507751 1381.380249023
34.380138397 1375.205566406 31.740665436 1269.626586914 33.427482605 1337.099243164 34.657089233 1386.283569336 28.387140274 1135.485595703 34.290630341 1371.625366211 29.150285721 1166.011474609 29.926824570 1197.072875977 34.888362885 1395.534545898 31.477489471 1259.099609375 33.113414764 1324.536621094 34.249248505 1369.969970703 28.182430267 1127.297241211 34.270839691 1370.833740234 28.822481155 1152.899169922 29.857761383 1194.300292969 34.784824371 1391.393066406 31.715246201 1268.609863281 33.316425323 1332.657104492 34.434818268 1377.392700195
34.282714844 1371.305175781 31.635599136 1265.423950195 33.339649200 1333.586059570 34.557247162 1382.289794922 28.279815674 1131.192626953 34.187889099 1367.515502930 29.048398972 1161.935913086 29.825847626 1193.033813477 34.790847778 1391.634033203 31.372369766 1254.894775391 33.025585175 1321.023437500 34.149433136 1365.977416992 28.075126648 1123.005126953 34.167980194 1366.719238281 28.720603943 1148.824096680 29.756536484 1190.261474609 34.687259674 1387.490356445 31.610113144 1264.404541016 33.228599548 1329.144042969 34.335056305 1373.402221680
34.185081482 1367.403320312 31.530548096 1261.221923828 33.251819611 1330.072753906 34.457336426 1378.293334961 28.172492981 1126.899780273 34.085014343 1363.400512695 28.946512222 1157.860473633 29.724870682 1188.994873047 34.693298340 1387.732055664 31.267265320 1250.690673828 32.937751770 1317.510131836 34.049549103 1361.981933594 27.967823029 1118.712890625 34.064994812 1362.599731445 28.618726730 1144.749145508 29.655565262 1186.222656250 34.589660645 1383.586547852 31.505001068 1260.200073242 33.140769958 1325.630859375 34.235218048 1369.408691406
34.087505341 1363.500122070 31.425508499 1257.020263672 33.163986206 1326.559448242 34.357357025 1374.294311523 28.065170288 1122.606811523 33.982009888 1359.280517578 28.844623566 1153.784912109 29.623893738 1184.955810547 34.595718384 1383.828613281 31.162172318 1246.486938477 32.849922180 1313.996826172 33.949596405 1357.983886719 27.861268997 1114.420898438 33.961887360 1358.475463867 28.516851425 1140.674072266 29.554594040 1182.183837891 34.492038727 1379.681518555 31.399904251 1255.996215820 33.052940369 1322.117675781 34.135314941 1365.412719727
33.989898682 1359.595947266 31.320478439 1252.819213867 33.076156616 1323.046264648 34.257320404 1370.292846680 27.957847595 1118.313842773 33.878879547 1355.155151367 28.742731094 1149.709228516 29.522916794 1180.916748047 34.498107910 1379.924316406 31.057088852 1242.283569336 32.763477325 1310.483642578 33.849582672 1353.983276367 27.753221512 1110.128906250 33.858654022 1354.346313477 28.414979935 1136.599121094 29.453620911 1178.144775391 34.394390106 1375.775634766 31.294822693 1251.792968750 32.965114594 1318.604614258 34.035343170 1361.413818359
33.892269135 1355.690795898 31.215454102 1248.618164062 32.988327026 1319.533081055 34.157226562 1366.289062500 27.850526810 1114.020996094 33.775623322 1351.024902344 28.640840530 1145.633666992 29.421939850 1176.877563477 34.400474548 1376.019042969 30.952013016 1238.080566406 32.674259186 1306.970336914 33.749507904 1349.980346680 27.645925522 1105.836914062 33.755306244 1350.212280273 28.313108444 1132.524291992 29.352647781 1174.105834961 34.296722412 1371.869018555 31.189752579 1247.590209961 32.877285004 1315.091430664 33.935310364 1357.412353516
33.794616699 1351.784790039 31.110433578 1244.417358398 32.900497437 1316.019897461 34.057079315 1362.283203125 27.743206024 1109.728393555 33.672248840 1346.889892578 28.538946152 1141.557861328 29.320962906 1172.838500977 34.302814484 1372.112670898 30.846942902 1233.877807617 32.586425781 1303.457031250 33.649379730 1345.975219727 27.538629532 1101.545166016 33.651844025 1346.073730469 28.211236954 1128.449462891 29.251674652 1170.067016602 34.199035645 1367.961303711 31.084693909 1243.387817383 32.789455414 1311.578247070 33.835216522 1353.408569336
33.696945190 1347.877929688 31.005411148 1240.216430664 32.812667847 1312.506591797 33.956878662 1358.275024414 27.635885239 1105.435424805 33.568759918 1342.750366211 28.437053680 1137.482177734 29.219985962 1168.799438477 34.205139160 1368.205566406 30.741874695 1229.674804688 32.498592377 1299.943725586 33.549194336 1341.967773438 27.431335449 1097.253295898 33.548320770 1341.930786133 28.109920502 1124.374755859 29.150701523 1166.028076172 34.101333618 1364.053344727 30.979639053 1239.185546875 32.701625824 1308.064941406 33.735061646 1349.402465820
33.599254608 1343.970336914 30.900384903 1236.015380859 32.724838257 1308.993408203 33.856632233 1354.265380859 27.528564453 1101.142578125 33.465160370 1338.606445312 28.335161209 1133.406372070 29.119009018 1164.760375977 34.107444763 1364.297851562 30.636808395 1225.472290039 32.410762787 1296.430419922 33.448963165 1337.958618164 27.324043274 1092.961791992 33.444591522 1337.783569336 28.007499695 1120.299926758 29.049726486 1161.989013672 34.003620148 1360.144775391 30.874588013 1234.983520508 32.613796234 1304.551757812 33.634857178 1345.394287109
33.501548767 1340.062011719 30.795356750 1231.814208984 32.637008667 1305.480224609 33.756336212 1350.253417969 27.421243668 1096.849853516 33.361450195 1334.458129883 28.233266830 1129.330566406 29.018032074 1160.721435547 34.009735107 1360.389282227 30.531740189 1221.269531250 32.322929382 1292.916992188 33.348686218 1333.947387695 27.216751099 1088.670043945 33.340805054 1333.632202148 27.905630112 1116.225219727 28.948753357 1157.950073242 33.905895233 1356.235839844 30.769536972 1230.781494141 32.525970459 1301.038818359 33.534603119 1341.384033203
33.403835297 1336.153442383 30.690322876 1227.613037109 32.549179077 1301.967163086 33.656002045 1346.240112305 27.313922882 1092.556762695 33.257640839 1330.305664062 28.131372452 1125.255004883 28.917055130 1156.682250977 33.912017822 1356.480712891 30.426668167 1217.066772461 32.235095978 1289.403808594 33.248363495 1329.934570312 27.109458923 1084.378295898 33.236919403 1329.476928711 27.803760529 1112.150390625 28.847778320 1153.911010742 33.808166504 1352.326660156 30.664480209 1226.579223633 32.438159943 1297.525634766 33.434299469 1337.371948242
33.306106567 1332.244384766 30.585279465 1223.411132812 32.461349487 1298.453857422 33.555625916 1342.225097656 27.206600189 1088.263916016 33.153728485 1326.149169922 28.029478073 1121.179199219 28.816080093 1152.643188477 33.814292908 1352.571655273 30.321592331 1212.863647461 32.147258759 1285.890258789 33.148002625 1325.920166016 27.002166748 1080.086669922 33.132942200 1325.317626953 27.701890945 1108.075561523 28.746803284 1149.872192383 33.710433960 1348.417236328 30.559419632 1222.376708984 32.350311279 1294.012451172 33.333953857 1333.358154297
33.210552216 1328.335205078 30.480226517 1219.208984375 32.373519897 1294.940795898 33.455215454 1338.208740234 27.099279404 1083.971191406 33.049716949 1321.988769531 27.927585602 1117.103393555 28.715103149 1148.604125977 33.716560364 1348.662475586 30.217147827 1208.660522461 32.059425354 1282.377197266 33.047607422 1321.904296875 26.894874573 1075.794921875 33.028865814 1321.154663086 27.600019455 1104.000732422 28.645830154 1145.833129883 33.612701416 1344.508056641 30.454349518 1218.173950195 32.262485504 1290.499511719 33.233570099 1329.342773438
33.110645294 1324.425781250 30.375164032 1215.006469727 32.285686493 1291.427612305 33.354774475 1334.190917969 26.991956711 1079.678222656 32.945610046 1317.824340820 27.825691223 1113.027709961 28.614126205 1144.565063477 33.618824005 1344.753051758 30.111421585 1204.456787109 31.971591949 1278.863769531 32.947177887 1317.887207031 26.787580490 1071.503173828 32.924701691 1316.988037109 27.498149872 1099.926025391 28.544855118 1141.794189453 33.514968872 1340.598754883 30.349271774 1213.970825195 32.174655914 1286.986328125 33.133148193 1325.325927734
33.012912750 1320.516479492 30.270090103 1210.803588867 32.197856903 1287.914306641 33.254299164 1330.171997070 26.884635925 1075.385498047 32.841415405 1313.656616211 27.723798752 1108.952026367 28.513149261 1140.526000977 33.521091461 1340.843627930 30.006324768 1200.252929688 31.883756638 1275.350341797 32.846717834 1313.868652344 26.680286407 1067.211425781 32.820453644 1312.818237305 27.396280289 1095.851196289 28.443880081 1137.755249023 33.417247772 1336.689819336 30.244182587 1209.767211914 32.086830139 1283.473144531 33.032695770 1321.307739258
32.915184021 1316.607299805 30.165006638 1206.600219727 32.110027313 1284.401000977 33.153800964 1326.152099609 26.777313232 1071.092529297 32.737136841 1309.485473633 27.621906281 1104.876220703 28.412172318 1136.486938477 33.423362732 1336.934448242 29.901220322 1196.048706055 31.795923233 1271.836914062 32.747165680 1309.849365234 26.572988510 1062.919433594 32.716125488 1308.645019531 27.294410706 1091.776367188 28.342906952 1133.716186523 33.319530487 1332.781250000 30.139081955 1205.563232422 31.999002457 1279.959960938 32.932212830 1317.288574219
32.817462921 1312.698608398 30.059909821 1202.396484375 32.022197723 1280.887817383 33.053279877 1322.131225586 26.669988632 1066.799560547 32.632881165 1305.311157227 27.520013809 1100.800537109 28.311195374 1132.447753906 33.325637817 1333.025512695 29.796104431 1191.844238281 31.708087921 1268.323608398 32.645721436 1305.828857422 26.465692520 1058.627807617 32.611717224 1304.468627930 27.192541122 1087.701538086 28.241931915 1129.677246094 33.221828461 1328.873291016 30.033971786 1201.358764648 31.911174774 1276.446899414 32.831707001 1313.268310547
32.719753265 1308.790161133 29.954801559 1198.192016602 31.934364319 1277.374633789 32.952739716 1318.109619141 26.562664032 1062.506591797 32.528347015 1301.133911133 27.418123245 1096.724975586 28.210218430 1128.408691406 33.227920532 1329.116943359 29.690980911 1187.639282227 31.620559692 1264.810180664 32.545188904 1301.807617188 26.358392715 1054.335693359 32.507232666 1300.289306641 27.090669632 1083.626831055 28.140958786 1125.638305664 33.124141693 1324.965698242 29.928850174 1197.153930664 31.823347092 1272.933959961 32.731178284 1309.247192383
32.622055054 1304.882202148 29.849681854 1193.987182617 31.846532822 1273.861328125 32.852188110 1314.087524414 26.455339432 1058.213623047 32.423847198 1296.953857422 27.316232681 1092.649291992 28.109241486 1124.369628906 33.130218506 1325.208740234 29.585844040 1183.433715820 31.532417297 1261.296752930 32.444641113 1297.785644531 26.251092911 1050.043701172 32.402683258 1296.107299805 26.988800049 1079.552001953 28.039983749 1121.599365234 33.026473999 1321.058959961 29.823717117 1192.948608398 31.735519409 1269.420776367 32.630634308 1305.225463867
32.524372101 1300.974975586 29.744552612 1189.782104492 31.758701324 1270.348022461 32.751621246 1310.064941406 26.348011017 1053.920410156 32.319278717 1292.771118164 27.214344025 1088.573730469 28.008264542 1120.330688477 33.032531738 1321.301147461 29.480697632 1179.227905273 31.444581985 1257.783325195 32.344078064 1293.763183594 26.143793106 1045.751586914 32.298069000 1291.922729492 26.886928558 1075.477172852 27.939010620 1117.560424805 32.928829193 1317.153320312 29.718570709 1188.742797852 31.647691727 1265.907714844 32.530078888 1301.203247070
32.426712036 1297.068481445 29.639413834 1185.576538086 31.670867920 1266.834716797 32.651046753 1306.041870117 26.240682602 1049.627319336 32.214645386 1288.585815430 27.112457275 1084.498291016 27.907287598 1116.291625977 32.934860229 1317.394287109 29.375541687 1175.021606445 31.356746674 1254.269897461 32.243507385 1289.740356445 26.036638260 1041.459594727 32.193389893 1287.735595703 26.785058975 1071.402343750 27.838037491 1113.521484375 32.831207275 1313.248413086 29.613412857 1184.536621094 31.559864044 1262.394531250 32.429512024 1297.180541992
32.329074860 1293.162963867 29.534263611 1181.370605469 31.583036423 1263.321533203 32.550468445 1302.018676758 26.133352280 1045.333984375 32.109951019 1284.397949219 27.010570526 1080.422729492 27.806312561 1112.252441406 32.837207794 1313.488281250 29.270376205 1170.815063477 31.268911362 1250.756469727 32.142929077 1285.717041016 25.929189682 1037.167602539 32.088657379 1283.546264648 26.683187485 1067.327392578 27.737064362 1109.482421875 32.733615875 1309.344604492 29.508241653 1180.329711914 31.472036362 1258.881591797 32.328933716 1293.157470703
32.232147217 1289.258666992 29.429107666 1177.164306641 31.495203018 1259.808105469 32.449890137 1297.995605469 26.026020050 1041.040893555 32.005199432 1280.208007812 26.908685684 1076.347534180 27.705335617 1108.213256836 32.739582062 1309.583251953 29.165203094 1166.608154297 31.181074142 1247.242919922 32.042346954 1281.693847656 25.821886063 1032.875488281 31.983869553 1279.354858398 26.581850052 1063.252685547 27.636091232 1105.443603516 32.636054993 1305.442138672 29.403059006 1176.122436523 31.384208679 1255.368286133 32.228355408 1289.134277344
32.133884430 1285.355346680 29.323944092 1172.957641602 31.407371521 1256.294799805 32.349315643 1293.972656250 25.918685913 1036.747558594 31.900394440 1276.015747070 26.806802750 1072.272094727 27.604358673 1104.174316406 32.641979218 1305.679199219 29.060020447 1162.400756836 31.093238831 1243.729614258 31.941766739 1277.670654297 25.714582443 1028.583251953 31.879032135 1275.161376953 26.479446411 1059.177856445 27.535118103 1101.404663086 32.538524628 1301.541015625 29.297868729 1171.914672852 31.296380997 1251.855224609 32.127777100 1285.111083984
32.036331177 1281.453369141 29.218774796 1168.751098633 31.319538116 1252.781494141 32.248744965 1289.949707031 25.811351776 1032.454101562 31.795537949 1271.821533203 26.704919815 1068.196899414 27.503381729 1100.135131836 32.544406891 1301.776245117 28.954832077 1158.193359375 31.005401611 1240.216064453 31.841190338 1273.647460938 25.607276917 1024.291137695 31.774147034 1270.965942383 26.377573013 1055.103027344 27.434146881 1097.365722656 32.441032410 1297.641357422 29.192668915 1167.706787109 31.208553314 1248.342163086 32.027198792 1281.087890625
31.938816071 1277.552734375 29.113597870 1164.543945312 31.231706619 1249.268188477 32.148181915 1285.927368164 25.704015732 1028.160644531 31.690633774 1267.625366211 26.603038788 1064.121582031 27.402404785 1096.096313477 32.446868896 1297.874755859 28.849639893 1153.985595703 30.917566299 1236.702636719 31.740619659 1269.624755859 25.499969482 1019.998779297 31.669219971 1266.768798828 26.275701523 1051.027954102 27.333173752 1093.327026367 32.343582153 1293.743408203 29.087459564 1163.498291016 31.120725632 1244.828979492 31.926626205 1277.065063477
31.841339111 1273.653564453 29.008415222 1160.336669922 31.143873215 1245.754882812 32.047634125 1281.905273438 25.596679688 1023.867309570 31.585685730 1263.427368164 26.501157761 1060.046264648 27.301427841 1092.057006836 32.349365234 1293.974487305 28.744441986 1149.777709961 30.829730988 1233.189086914 31.640060425 1265.602416992 25.392663956 1015.706604004 31.564254761 1262.570068359 26.173830032 1046.953125000 27.232202530 1089.288085938 32.246173859 1289.846801758 28.982242584 1159.289672852 31.032897949 1241.315795898 31.826063156 1273.042480469
31.743902206 1269.756103516 28.903230667 1156.129272461 31.056039810 1242.241699219 31.947101593 1277.884033203 25.489343643 1019.573852539 31.480697632 1259.228027344 26.399276733 1055.971069336 27.200452805 1088.018066406 32.251899719 1290.076049805 28.639240265 1145.569580078 30.741893768 1229.675781250 31.539512634 1261.580566406 25.285356522 1011.414245605 31.459255219 1258.370361328 26.071958542 1042.878295898 27.131504059 1085.249145508 32.148811340 1285.952270508 28.877017975 1155.080688477 30.945070267 1237.802734375 31.725511551 1269.020507812
31.646480560 1265.859130859 28.798044205 1151.921752930 30.968208313 1238.728393555 31.846588135 1273.863525391 25.382007599 1015.280273438 31.375675201 1255.026977539 26.297393799 1051.895751953 27.099475861 1083.979125977 32.154449463 1286.177856445 28.534603119 1141.361450195 30.654058456 1226.162353516 31.438983917 1257.559326172 25.178047180 1007.121887207 31.354223251 1254.168945312 25.970087051 1038.803466797 27.030260086 1081.210327148 32.051464081 1282.058593750 28.771785736 1150.871459961 30.857242584 1234.289794922 31.624975204 1264.999023438
31.549076080 1261.963012695 28.692855835 1147.714355469 30.880376816 1235.215087891 31.746097565 1269.843872070 25.274671555 1010.986877441 31.270618439 1250.824829102 26.195514679 1047.820556641 26.998500824 1079.940063477 32.057018280 1282.280639648 28.428825378 1137.153076172 30.566223145 1222.648925781 31.338474274 1253.539062500 25.070739746 1002.829650879 31.249160767 1249.966430664 25.868215561 1034.728637695 26.929288864 1077.171630859 31.954137802 1278.165527344 28.666549683 1146.662109375 30.769414902 1230.776611328 31.524457932 1260.978271484
31.451690674 1258.067626953 28.587665558 1143.506591797 30.792543411 1231.701660156 31.645633698 1265.825317383 25.167333603 1006.693298340 31.165536880 1246.621582031 26.093633652 1043.745361328 26.897525787 1075.901123047 31.959604263 1278.384277344 28.323612213 1132.944580078 30.478385925 1219.135498047 31.238044739 1249.519653320 24.963430405 998.537292480 31.144073486 1245.762939453 25.766345978 1030.653686523 26.828319550 1073.132690430 31.856832504 1274.273315430 28.561307907 1142.452392578 30.681587219 1227.263549805 31.423961639 1256.958496094
31.354322433 1254.172973633 28.482473373 1139.299072266 30.704711914 1228.188598633 31.545198441 1261.807983398 25.059995651 1002.399780273 31.060430527 1242.417114258 25.991754532 1039.670166016 26.796552658 1071.861938477 31.862209320 1274.488403320 28.218397141 1128.735961914 30.391920090 1215.622070312 31.137531281 1245.501220703 24.856121063 994.244934082 31.038961411 1241.558471680 25.664476395 1026.579101562 26.727348328 1069.093994141 31.759548187 1270.381958008 28.456062317 1138.242553711 30.593759537 1223.750488281 31.323492050 1252.939819336
31.257089615 1250.279052734 28.377281189 1135.091186523 30.616880417 1224.675170898 31.444795609 1257.791748047 24.952655792 998.106262207 30.955307007 1238.212402344 25.889875412 1035.595092773 26.695577621 1067.822998047 31.764835358 1270.593505859 28.113180161 1124.527099609 30.302717209 1212.108642578 31.037103653 1241.484130859 24.748809814 989.952392578 30.933832169 1237.353271484 25.562608719 1022.504394531 26.626377106 1065.055053711 31.662286758 1266.491455078 28.350812912 1134.032592773 30.505931854 1220.237182617 31.223051071 1248.921997070
31.159648895 1246.385864258 28.272087097 1130.883544922 30.529047012 1221.161865234 31.344427109 1253.777099609 24.845315933 993.812561035 30.850170135 1234.006835938 25.787994385 1031.519775391 26.594602585 1063.784057617 31.667482376 1266.699218750 28.007959366 1120.318481445 30.214881897 1208.595214844 30.936712265 1237.468505859 24.641498566 985.659851074 30.828689575 1233.147705078 25.460742950 1018.429687500 26.525405884 1061.016235352 31.565044403 1262.601684570 28.245561600 1129.822509766 30.418104172 1216.724121094 31.122644424 1244.905761719
31.062341690 1242.493652344 28.166893005 1126.675781250 30.441215515 1217.648559570 31.244100571 1249.764038086 24.737976074 989.518981934 30.745019913 1229.800903320 25.686115265 1027.444580078 26.493629456 1059.745117188 31.570150375 1262.805908203 27.902736664 1116.109375000 30.127046585 1205.081909180 30.836357117 1233.454223633 24.534185410 981.367370605 30.723537445 1228.941528320 25.358877182 1014.355102539 26.424436569 1056.977416992 31.467823029 1258.712890625 28.140308380 1125.612304688 30.330276489 1213.211059570 31.022272110 1240.890869141
30.965051651 1238.602050781 28.061700821 1122.468017578 30.353384018 1214.135375977 31.143814087 1245.752685547 24.630636215 985.225524902 30.639863968 1225.594604492 25.584236145 1023.369445801 26.392665863 1055.706176758 31.472839355 1258.913574219 27.797512054 1111.900512695 30.039213181 1201.568481445 30.736043930 1229.441772461 24.426872253 977.074890137 30.618381500 1224.735229492 25.257011414 1010.280517578 26.323465347 1052.938598633 31.370622635 1254.824829102 28.035051346 1121.402099609 30.242448807 1209.697875977 30.921937943 1236.877563477
30.867778778 1234.711303711 27.956508636 1118.260375977 30.265550613 1210.622070312 31.043575287 1241.742919922 24.523298264 980.932006836 30.534706116 1221.388305664 25.482357025 1019.294250488 26.291681290 1051.667358398 31.375551224 1255.021972656 27.692287445 1107.691406250 29.951377869 1198.055175781 30.635772705 1225.430908203 24.319559097 972.782409668 30.513223648 1220.529052734 25.155147552 1006.205871582 26.222494125 1048.899780273 31.273439407 1250.937500000 27.929792404 1117.191650391 30.154619217 1206.184814453 30.821647644 1232.865844727
30.770523071 1230.821044922 27.851318359 1114.052734375 30.177719116 1207.108886719 30.943384171 1237.735351562 24.415958405 976.638427734 30.429548264 1217.181884766 25.380477905 1015.219055176 26.190708160 1047.628295898 31.278282166 1251.131347656 27.587060928 1103.482421875 29.863542557 1194.541748047 30.535549164 1221.421997070 24.212320328 968.489868164 30.408260345 1216.322875977 25.053762436 1002.131469727 26.121524811 1044.860961914 31.176275253 1247.051025391 27.824533463 1112.981323242 30.066791534 1202.671630859 30.721401215 1228.856201172
30.673278809 1226.931152344 27.746131897 1109.845214844 30.089887619 1203.595581055 30.843246460 1233.729858398 24.308620453 972.344848633 30.324398041 1212.975952148 25.278598785 1011.143920898 26.089733124 1043.589355469 31.181032181 1247.241210938 27.481834412 1099.273559570 29.775709152 1191.028442383 30.435375214 1217.415039062 24.104928970 964.197326660 30.302925110 1212.117065430 24.951421738 998.056823730 26.020553589 1040.822143555 31.079126358 1243.165039062 27.719274521 1108.770996094 29.978963852 1199.158569336 30.621204376 1224.848144531
30.576047897 1223.041870117 27.640947342 1105.637939453 30.002056122 1200.082275391 30.743127823 1229.725219727 24.201282501 968.051269531 30.219255447 1208.770141602 25.176721573 1007.068847656 25.988759995 1039.550415039 31.083799362 1243.351928711 27.376611710 1095.064453125 29.687875748 1187.514892578 30.335218430 1213.408813477 23.997613907 959.904541016 30.197790146 1207.911621094 24.849559784 993.982360840 25.919584274 1036.783325195 30.981990814 1239.279663086 27.614015579 1104.560546875 29.891134262 1195.645385742 30.521024704 1220.840942383
30.478828430 1219.153198242 27.535764694 1101.430664062 29.914226532 1196.569091797 30.643033981 1225.721435547 24.093944550 963.757812500 30.114124298 1204.564941406 25.074846268 1002.993774414 25.887784958 1035.511352539 30.986581802 1239.463256836 27.271389008 1090.855468750 29.600040436 1184.001708984 30.235080719 1209.403320312 23.890296936 955.611877441 30.092670441 1203.706787109 24.747697830 989.907897949 25.818613052 1032.744628906 30.884866714 1235.394653320 27.508758545 1100.350341797 29.803306580 1192.132324219 30.420864105 1216.834716797
30.381614685 1215.264526367 27.430585861 1097.223510742 29.826395035 1193.055786133 30.542961121 1221.718505859 23.986606598 959.464172363 30.009012222 1200.360351562 24.972969055 998.918823242 25.786811829 1031.472412109 30.889377594 1235.575073242 27.166168213 1086.646850586 29.512207031 1180.488403320 30.134963989 1205.398681641 23.782979965 951.319091797 29.987569809 1199.502807617 24.645835876 985.833496094 25.717641830 1028.705566406 30.787752151 1231.510131836 27.403503418 1096.140258789 29.715476990 1188.619140625 30.320722580 1212.828979492
30.284406662 1211.376342773 27.325408936 1093.016357422 29.738565445 1189.542724609 30.442913055 1217.716552734 23.879268646 955.170776367 29.903917313 1196.156860352 24.871095657 994.843811035 25.685836792 1027.433471680 30.792181015 1231.687377930 27.060951233 1082.438110352 29.424373627 1176.974975586 30.034868240 1201.394653320 23.675661087 947.026489258 29.882492065 1195.299682617 24.543973923 981.759033203 25.616672516 1024.666870117 30.690643311 1227.625854492 27.298252106 1091.930175781 29.627649307 1185.105957031 30.220602036 1208.823974609
30.189207077 1207.488037109 27.220232010 1088.809204102 29.650735855 1186.029541016 30.342889786 1213.715576172 23.771930695 950.877319336 29.798849106 1191.953857422 24.769222260 990.768920898 25.584861755 1023.394531250 30.694992065 1227.799560547 26.955734253 1078.229370117 29.336542130 1173.461669922 29.934793472 1197.391723633 23.568342209 942.733764648 29.777444839 1191.097656250 24.442111969 977.684570312 25.515703201 1020.628112793 30.593540192 1223.741577148 27.193004608 1087.720092773 29.539819717 1181.592773438 30.120502472 1204.820068359
30.089994431 1203.599731445 27.115056992 1084.602294922 29.562908173 1182.516235352 30.242889404 1209.715576172 23.664592743 946.583740234 29.693824768 1187.752319336 24.667348862 986.693908691 25.483886719 1019.355407715 30.597806931 1223.912231445 26.851047516 1074.020751953 29.249011993 1169.948364258 29.834739685 1193.389648438 23.461021423 938.440917969 29.672426224 1186.897216797 24.340251923 973.610107422 25.414731979 1016.589233398 30.496438980 1219.857421875 27.087760925 1083.510498047 29.451992035 1178.079589844 30.020420074 1200.816772461
29.992784500 1199.711425781 27.009883881 1080.395263672 29.475078583 1179.003173828 30.142913818 1205.716552734 23.557256699 942.290283203 29.588796616 1183.551757812 24.565477371 982.619079590 25.382911682 1015.316406250 30.500623703 1220.025024414 26.745307922 1069.812255859 29.160877228 1166.435058594 29.734704971 1189.388183594 23.353700638 934.147949219 29.567445755 1182.697875977 24.238391876 969.535644531 25.313762665 1012.550415039 30.399337769 1215.973632812 26.982519150 1079.300781250 29.364164352 1174.566528320 29.920358658 1196.814453125
29.895572662 1195.822998047 26.904710770 1076.188476562 29.387250900 1175.490112305 30.042963028 1201.718505859 23.449920654 937.996887207 29.483823776 1179.352905273 24.463607788 978.544311523 25.281936646 1011.277404785 30.403436661 1216.137451172 26.640094757 1065.603759766 29.073043823 1162.921752930 29.635730743 1185.387695312 23.246376038 929.855102539 29.462503433 1178.500244141 24.136529922 965.461181641 25.212793350 1008.511657715 30.302236557 1212.089355469 26.877281189 1075.091186523 29.276334763 1171.053466797 29.820316315 1192.812744141
29.798357010 1191.934204102 26.799539566 1071.981689453 29.299423218 1171.976928711 29.943029404 1197.721069336 23.342584610 933.703369141 29.378889084 1175.155639648 24.361738205 974.469543457 25.180959702 1007.238342285 30.306247711 1212.249877930 26.534885406 1061.395507812 28.985210419 1159.408325195 29.534690857 1181.387695312 23.139051437 925.562072754 29.357604980 1174.304199219 24.034667969 961.386779785 25.111822128 1004.472900391 30.205129623 1208.205200195 26.772047043 1070.881835938 29.188507080 1167.540161133 29.720291138 1188.811645508
29.701137543 1188.045532227 26.694370270 1067.774780273 29.211597443 1168.463989258 29.843116760 1193.724609375 23.235246658 929.409851074 29.274000168 1170.960083008 24.259870529 970.394836426 25.079984665 1003.199401855 30.209054947 1208.362182617 26.429679871 1057.187133789 28.897378922 1155.895263672 29.434705734 1177.388183594 23.031724930 921.269042969 29.252752304 1170.110107422 23.932806015 957.312255859 25.010852814 1000.434143066 30.108018875 1204.320678711 26.666814804 1066.672485352 29.100679398 1164.027221680 29.620283127 1184.811279297
29.603910446 1184.156372070 26.589200974 1063.567993164 29.123769760 1164.950805664 29.743217468 1189.728637695 23.127910614 925.116455078 29.169160843 1166.766479492 24.158002853 966.320190430 24.979007721 999.160400391 30.111854553 1204.474121094 26.324476242 1052.979003906 28.809547424 1152.381835938 29.334732056 1173.389282227 22.924398422 916.975952148 29.147953033 1165.918090820 23.830944061 953.237854004 24.909883499 996.395324707 30.010902405 1200.436157227 26.561586380 1062.463500977 29.012851715 1160.514038086 29.520288467 1180.811645508
29.506679535 1180.267211914 26.484033585 1059.361328125 29.035943985 1161.437744141 29.643333435 1185.733276367 23.020570755 920.822875977 29.064373016 1162.574829102 24.056137085 962.245483398 24.878032684 995.121276855 30.014648438 1200.585937500 26.219274521 1048.770996094 28.721715927 1148.868652344 29.234771729 1169.390869141 22.817071915 912.682922363 29.043207169 1161.728149414 23.729084015 949.163391113 24.808912277 992.356567383 29.913778305 1196.551025391 26.456361771 1058.254394531 28.925024033 1157.000976562 29.420309067 1176.812377930
29.409440994 1176.377685547 26.378868103 1055.154663086 28.948116302 1157.924682617 29.543458939 1181.738281250 22.913230896 916.529235840 28.959644318 1158.385864258 23.954271317 958.170898438 24.777055740 991.082275391 29.917434692 1196.697387695 26.114076614 1044.562988281 28.633884430 1145.355346680 29.134819031 1165.392822266 22.709745407 908.389831543 28.938522339 1157.540893555 23.627223969 945.088928223 24.707942963 988.317749023 29.816646576 1192.665893555 26.351140976 1054.045654297 28.837196350 1153.487915039 29.320341110 1172.813598633
29.312198639 1172.487915039 26.273700714 1050.947998047 28.860288620 1154.411621094 29.443593979 1177.743774414 22.805891037 912.235534668 28.854978561 1154.199218750 23.852407455 954.096252441 24.676080704 987.043212891 29.820207596 1192.808349609 26.008880615 1040.355224609 28.546052933 1141.842041016 29.034873962 1161.395019531 22.602418900 904.096801758 28.833898544 1153.356079102 23.525833130 941.014526367 24.606973648 984.278869629 29.719507217 1188.780273438 26.245925903 1049.837036133 28.749368668 1149.974853516 29.220384598 1168.815429688
29.215538025 1168.597900391 26.168535233 1046.741455078 28.772460938 1150.898437500 29.343734741 1173.749389648 22.698551178 907.942016602 28.750383377 1150.015380859 23.750543594 950.021728516 24.575105667 983.004211426 29.722969055 1188.918701172 25.903686523 1036.147460938 28.458221436 1138.328857422 28.934934616 1157.397460938 22.495094299 899.803771973 28.729343414 1149.173706055 23.423503876 936.940124512 24.506002426 980.240173340 29.622360229 1184.894287109 26.140716553 1045.628662109 28.661542892 1146.461669922 29.120431900 1164.817260742
29.117691040 1164.707641602 26.063367844 1042.534667969 28.684633255 1147.385253906 29.243879318 1169.755004883 22.591211319 903.648437500 28.645858765 1145.834350586 23.648683548 945.947387695 24.474128723 978.965087891 29.625719070 1185.028686523 25.798496246 1031.939819336 28.370389938 1134.815551758 28.834999084 1153.400024414 22.387874603 895.510864258 28.624858856 1144.994384766 23.321643829 932.865722656 24.405298233 976.201354980 29.525205612 1181.008300781 26.035511017 1041.420410156 28.573715210 1142.948486328 29.020484924 1160.819213867
29.020427704 1160.817138672 25.958202362 1038.328125000 28.596803665 1143.872192383 29.144021988 1165.760864258 22.483871460 899.354858398 28.541412354 1141.656494141 23.546823502 941.872924805 24.373153687 974.926208496 29.528453827 1181.138183594 25.693307877 1027.732421875 28.282558441 1131.302368164 28.735061646 1149.402465820 22.280448914 891.217956543 28.520448685 1140.817871094 23.219783783 928.791442871 24.304063797 972.162475586 29.428045273 1177.121826172 25.930309296 1037.212402344 28.485885620 1139.435424805 28.920539856 1156.821655273
28.923158646 1156.926269531 25.853034973 1034.121459961 28.508975983 1140.359008789 29.044164658 1161.766601562 22.376531601 895.061218262 28.437047958 1137.481933594 23.444963455 937.798522949 24.272178650 970.887084961 29.431177139 1177.247070312 25.588127136 1023.525085449 28.194726944 1127.789184570 28.635124207 1145.404907227 22.173130035 886.925109863 28.416120529 1136.644775391 23.117925644 924.717041016 24.203092575 968.123657227 29.330877304 1173.235107422 25.825111389 1033.004516602 28.398057938 1135.922363281 28.820596695 1152.823852539
28.825883865 1153.035400391 25.747869492 1029.914794922 28.421146393 1136.845825195 28.944301605 1157.771972656 22.269191742 890.767639160 28.332765579 1133.310668945 23.343105316 933.724243164 24.171201706 966.848144531 29.333887100 1173.355590820 25.482948303 1019.317932129 28.106904984 1124.275878906 28.535181046 1141.407348633 22.065811157 882.632385254 28.311874390 1132.474975586 23.016065598 920.642700195 24.102123260 964.084899902 29.233701706 1169.348022461 25.719915390 1028.796630859 28.310230255 1132.409301758 28.720651627 1148.826171875
28.728607178 1149.144287109 25.642705917 1025.708129883 28.333316803 1133.332641602 28.844432831 1153.777221680 22.161849976 886.473999023 28.228523254 1129.140991211 23.241245270 929.649841309 24.070226669 962.809082031 29.236587524 1169.463500977 25.377777100 1015.111083984 28.019063950 1120.762573242 28.435234070 1137.409301758 21.958492279 878.339660645 28.207666397 1128.306640625 22.914207458 916.568298340 24.001152039 960.046142578 29.136522293 1165.460815430 25.614723206 1024.588989258 28.222402573 1128.896118164 28.620704651 1144.828247070
28.631326675 1145.253051758 25.537542343 1021.501708984 28.245487213 1129.819458008 28.744558334 1149.782348633 22.054508209 882.180419922 28.124319077 1124.972778320 23.139387131 925.575439453 23.969251633 958.770080566 29.139278412 1165.571044922 25.272611618 1010.904479980 27.931230545 1117.249267578 28.335283279 1133.411376953 21.851175308 874.047058105 28.103498459 1124.139892578 22.812347412 912.493896484 23.900182724 956.007324219 29.039335251 1161.573486328 25.509532928 1020.381347656 28.134574890 1125.382934570 28.520753860 1140.830200195
28.534042358 1141.361694336 25.432378769 1017.295166016 28.157657623 1126.306274414 28.644672394 1145.786865234 21.947164536 877.886596680 28.020154953 1120.806152344 23.037527084 921.501037598 23.868276596 954.730957031 29.041959763 1161.678466797 25.167949677 1006.698059082 27.843397141 1113.735839844 28.235322952 1129.412841797 21.743856430 869.754333496 27.999374390 1119.974975586 22.710489273 908.419494629 23.799211502 951.968383789 28.942146301 1157.685791016 25.404344559 1016.173706055 28.046747208 1121.869750977 28.420799255 1136.831909180
28.436756134 1137.470214844 25.327215195 1013.088623047 28.069828033 1122.793090820 28.544773102 1141.790893555 21.839820862 873.592834473 27.916028976 1116.641113281 22.935667038 917.426574707 23.767301559 950.692016602 28.944631577 1157.785278320 25.062295914 1002.491821289 27.755563736 1110.222656250 28.135841370 1125.414428711 21.636539459 865.461669922 27.895294189 1115.811645508 22.608629227 904.345214844 23.698242188 947.929626465 28.844951630 1153.798095703 25.299156189 1011.966308594 27.958919525 1118.356811523 28.320835114 1132.833496094
28.339468002 1133.578735352 25.222053528 1008.882141113 27.981998444 1119.279907227 28.444860458 1137.794311523 21.732475281 869.299011230 27.811941147 1112.477661133 22.833808899 913.352355957 23.666324615 946.653015137 28.847297668 1153.891967773 24.957143784 998.285827637 27.667730331 1106.709228516 28.035385132 1121.415405273 21.529222488 861.168884277 27.791257858 1111.650268555 22.506771088 900.270874023 23.597270966 943.890869141 28.747753143 1149.910156250 25.193969727 1007.758789062 27.871093750 1114.843750000 28.220865250 1128.834594727
28.242208481 1129.687133789 25.116891861 1004.675659180 27.894168854 1115.766723633 28.344932556 1133.797363281 21.625129700 865.005249023 27.707889557 1108.315673828 22.731950760 909.278076172 23.565349579 942.614074707 28.749958038 1149.998413086 24.851995468 994.079895020 27.579896927 1103.195922852 27.935401917 1117.416137695 21.421905518 856.876220703 27.687263489 1107.490478516 22.404914856 896.196594238 23.496301651 939.852111816 28.650550842 1146.021972656 25.088785172 1003.551452637 27.783267975 1111.330688477 28.120885849 1124.835327148
28.144887924 1125.795532227 25.011732101 1000.469238281 27.806339264 1112.253662109 28.244993210 1129.799682617 21.517784119 860.711303711 27.603872299 1104.154785156 22.630094528 905.203735352 23.464374542 938.575012207 28.652612686 1146.104492188 24.746849060 989.873962402 27.492063522 1099.682495117 27.835411072 1113.416381836 21.314586639 852.583435059 27.583309174 1103.332275391 22.303058624 892.122253418 23.395330429 935.813293457 28.553344727 1142.133789062 24.983600616 999.344055176 27.695442200 1107.817749023 28.020898819 1120.835937500
28.047595978 1121.903808594 24.906576157 996.263000488 27.718511581 1108.740478516 28.145038605 1125.801513672 21.410436630 856.417419434 27.499887466 1099.995483398 22.528236389 901.129455566 23.363399506 934.535888672 28.555263519 1142.210571289 24.641704559 985.668151855 27.404230118 1096.169189453 27.735412598 1109.416503906 21.207269669 848.290771484 27.479391098 1099.175659180 22.201202393 888.048095703 23.294361115 931.774353027 28.456136703 1138.245483398 24.878416061 995.136596680 27.607627869 1104.304565430 27.920902252 1116.836059570
27.950302124 1118.012084961 24.801422119 992.056823730 27.630681992 1105.227294922 28.045070648 1121.802856445 21.303089142 852.123535156 27.395931244 1095.837280273 22.426378250 897.055175781 23.262422562 930.496887207 28.457908630 1138.316406250 24.536560059 981.462341309 27.316396713 1092.655761719 27.635406494 1105.416259766 21.099952698 843.998107910 27.375644684 1095.020385742 22.099346161 883.973876953 23.193391800 927.735595703 28.358924866 1134.357055664 24.773229599 990.929199219 27.519790649 1100.791625977 27.820894241 1112.835693359
27.853010178 1114.120483398 24.696268082 987.850708008 27.542854309 1101.714233398 27.945095062 1117.803833008 21.195741653 847.829650879 27.291999817 1091.679931641 22.324520111 892.980773926 23.161447525 926.457946777 28.360549927 1134.422119141 24.431415558 977.256530762 27.228563309 1089.142456055 27.535390854 1101.415649414 20.992635727 839.705505371 27.271656036 1090.866210938 21.997943878 879.899658203 23.092422485 923.696899414 28.261713028 1130.468505859 24.668043137 986.721740723 27.431966782 1097.278686523 27.720876694 1108.835083008
27.755716324 1110.228637695 24.591117859 983.644653320 27.455024719 1098.201049805 27.845108032 1113.804321289 21.088394165 843.535705566 27.188087463 1087.523437500 22.222660065 888.906433105 23.060472488 922.418884277 28.263191223 1130.527587891 24.326269150 973.050720215 27.140727997 1085.629028320 27.435367584 1097.414672852 20.885318756 835.412719727 27.167827606 1086.713012695 21.895637512 875.825500488 22.991453171 919.658081055 28.164501190 1126.579956055 24.562854767 982.514160156 27.344142914 1093.765625000 27.620847702 1104.833862305
27.658424377 1106.336914062 24.485971451 979.438842773 27.367197037 1094.687866211 27.745113373 1109.804443359 20.981044769 839.241760254 27.084188461 1083.367553711 22.120798111 884.831970215 22.959495544 918.379882812 28.165832520 1126.633300781 24.221124649 968.844970703 27.052894592 1082.115844727 27.335338593 1093.413574219 20.777999878 831.120056152 27.064018250 1082.560791016 21.793783188 871.751342773 22.890483856 915.619323730 28.067287445 1122.691406250 24.457664490 978.306640625 27.256319046 1090.252807617 27.520805359 1100.832275391
27.561132431 1102.445312500 24.380826950 975.233093262 27.279367447 1091.174682617 27.645111084 1105.804443359 20.873695374 834.947814941 26.980300903 1079.212036133 22.018936157 880.757507324 22.858520508 914.340820312 28.068473816 1122.738891602 24.115976334 964.639099121 26.965063095 1078.602539062 27.235305786 1089.412231445 20.670682907 826.827331543 26.960224152 1078.408935547 21.691930771 867.677246094 22.789512634 911.580627441 27.970075607 1118.803100586 24.352472305 974.098999023 27.168497086 1086.739868164 27.420753479 1096.830200195
27.463838577 1098.553588867 24.275686264 971.027526855 27.191537857 1087.661499023 27.545101166 1101.804077148 20.766347885 830.653930664 26.876495361 1075.056884766 21.917074203 876.682983398 22.757545471 910.301818848 27.971117020 1118.844604492 24.010828018 960.433105469 26.878404617 1075.089355469 27.135271072 1085.410888672 20.563468933 822.534545898 26.856439590 1074.257568359 21.590078354 863.603149414 22.688543320 907.541809082 27.872865677 1114.914672852 24.247280121 969.891235352 27.080675125 1083.227050781 27.320692062 1092.827636719
27.366544724 1094.661743164 24.170549393 966.821960449 27.103710175 1084.148315430 27.445085526 1097.803344727 20.658998489 826.359863281 26.772550583 1070.901977539 21.815212250 872.608459473 22.656568527 906.262756348 27.873762131 1114.950561523 23.905677795 956.227111816 26.789398193 1071.576049805 27.035230637 1081.409179688 20.456041336 818.241638184 26.752658844 1070.106323242 21.488229752 859.529113770 22.587574005 903.502929688 27.775657654 1111.026245117 24.142084122 965.683288574 26.992853165 1079.714111328 27.220617294 1088.824707031
27.269252777 1090.770141602 24.065414429 962.616577148 27.015880585 1080.635253906 27.345064163 1093.802490234 20.551649094 822.065979004 26.668680191 1066.747192383 21.713350296 868.533935547 22.555593491 902.223693848 27.776411057 1111.056396484 23.800527573 952.021118164 26.701566696 1068.062622070 26.935186386 1077.407470703 20.348720551 813.948852539 26.648876190 1065.955078125 21.386379242 855.455200195 22.486604691 899.464172363 27.678451538 1107.138061523 24.036886215 961.475402832 26.905031204 1076.201171875 27.120536804 1084.821411133
27.173738480 1086.878540039 23.960281372 958.411193848 26.928050995 1077.122070312 27.245038986 1089.801635742 20.444297791 817.771972656 26.564809799 1062.592407227 21.611488342 864.459472656 22.454618454 898.184692383 27.679061890 1107.162475586 23.695373535 947.814941406 26.613735199 1064.549316406 26.835140228 1073.405639648 20.241397858 809.655883789 26.545093536 1061.803710938 21.284530640 851.381164551 22.385635376 895.425415039 27.581249237 1103.250000000 23.931688309 957.267456055 26.817209244 1072.688354492 27.020446777 1080.817871094
27.074668884 1082.986694336 23.855148315 954.205871582 26.840221405 1073.608886719 27.145008087 1085.800292969 20.336946487 813.477783203 26.460935593 1058.437500000 21.509626389 860.385009766 22.353643417 894.145690918 27.581714630 1103.268554688 23.590217590 943.608642578 26.525903702 1061.036132812 26.735092163 1069.403686523 20.134071350 805.362854004 26.441303253 1057.652221680 21.182683945 847.307250977 22.284667969 891.386657715 27.484048843 1099.361938477 23.826488495 953.059509277 26.729387283 1069.175415039 26.920349121 1076.813964844
26.977375031 1079.095092773 23.750017166 950.000732422 26.752391815 1070.095703125 27.044973373 1081.798950195 20.229595184 809.183776855 26.357055664 1054.282226562 21.407766342 856.310729980 22.252668381 890.106689453 27.484371185 1099.374877930 23.485475540 939.402465820 26.438072205 1057.522827148 26.635536194 1065.401611328 20.026744843 801.069763184 26.337505341 1053.500122070 21.080837250 843.233520508 22.183698654 887.347961426 27.386852264 1095.473999023 23.721286774 948.851501465 26.641565323 1065.662597656 26.820245743 1072.809814453
26.880083084 1075.203247070 23.644886017 945.795471191 26.664562225 1066.582519531 26.944938660 1077.797485352 20.122241974 804.889648438 26.253168106 1050.126831055 21.305906296 852.236267090 22.151691437 886.067810059 27.387031555 1095.481323242 23.379898071 935.195922852 26.350240707 1054.009643555 26.534982681 1061.399291992 19.919414520 796.776489258 26.233695984 1049.347778320 20.978988647 839.159484863 22.082731247 883.309326172 27.289659500 1091.586303711 23.616081238 944.643249512 26.553743362 1062.149780273 26.720138550 1068.805541992
26.782791138 1071.311645508 23.539754868 941.590209961 26.576732635 1063.069213867 26.844898224 1073.796020508 20.014890671 800.595581055 26.149269104 1045.970703125 21.204048157 848.161926270 22.050716400 882.028686523 27.289697647 1091.587890625 23.274734497 930.989379883 26.262409210 1050.496337891 26.434921265 1057.396972656 19.812080383 792.483215332 26.129869461 1045.194702148 20.877140045 835.085632324 21.981761932 879.270568848 27.192468643 1087.698730469 23.510875702 940.435058594 26.465921402 1058.636840820 26.620025635 1064.801025391
26.685499191 1067.420043945 23.434625626 937.384948730 26.488901138 1059.556152344 26.744857788 1069.794433594 19.907537460 796.301513672 26.045358658 1041.814331055 21.102190018 844.087646484 21.949741364 877.989685059 27.192367554 1087.694580078 23.169567108 926.782714844 26.174579620 1046.983276367 26.334856033 1053.394287109 19.704744339 788.189819336 26.026027679 1041.041137695 20.775289536 831.011596680 21.880794525 875.231811523 27.095281601 1083.811279297 23.405664444 936.226562500 26.378099442 1055.124023438 26.519908905 1060.796386719
26.588209152 1063.528320312 23.329496384 933.179809570 26.401071548 1056.042968750 26.644815445 1065.792480469 19.800182343 792.007263184 25.941434860 1037.657348633 21.000331879 840.013366699 21.848766327 873.950683594 27.095041275 1083.801635742 23.064399719 922.575988770 26.086748123 1043.469970703 26.234785080 1049.391357422 19.597406387 783.896179199 25.922164917 1036.886596680 20.673439026 826.937561035 21.779855728 871.193054199 26.998096466 1079.923828125 23.300449371 932.017944336 26.290275574 1051.611083984 26.419790268 1056.791503906
26.490919113 1059.636840820 23.224369049 928.974731445 26.313240051 1052.529541016 26.544769287 1061.790771484 19.692827225 787.713073730 25.837499619 1033.500000000 20.898477554 835.939086914 21.747831345 869.911682129 26.997722626 1079.908935547 22.959230423 918.369262695 25.998920441 1039.956909180 26.134710312 1045.388427734 19.490066528 779.602661133 25.818283081 1032.731323242 20.571588516 822.863464355 21.678859711 867.154479980 26.900913239 1076.036376953 23.195232391 927.809265137 26.202453613 1048.098144531 26.319669724 1052.786865234
26.393632889 1055.745239258 23.119241714 924.769714355 26.225408554 1049.016479492 26.444725037 1057.789062500 19.585470200 783.418762207 25.733551025 1029.341918945 20.796625137 831.864990234 21.646818161 865.872680664 26.900411606 1076.016479492 22.854059219 914.162475586 25.911092758 1036.443725586 26.034631729 1041.385375977 19.382724762 775.308959961 25.714380264 1028.575073242 20.470146179 818.789428711 21.577892303 863.115722656 26.803730011 1072.149169922 23.090011597 923.600524902 26.114629745 1044.585205078 26.219549179 1048.781982422
26.296344757 1051.853759766 23.014116287 920.564697266 26.137578964 1045.503173828 26.344678879 1053.787231445 19.478113174 779.124633789 25.629587173 1025.183471680 20.694770813 827.790832520 21.545843124 861.833740234 26.803104401 1072.124145508 22.748886108 909.955444336 25.823265076 1032.930541992 25.934551239 1037.382080078 19.275381088 771.015319824 25.610454559 1024.418090820 20.367883682 814.715332031 21.476926804 859.077087402 26.706548691 1068.261962891 22.984786987 919.391540527 26.026805878 1041.072265625 26.119428635 1044.777221680
26.199617386 1047.962402344 22.908990860 916.359680176 26.049747467 1041.989868164 26.244632721 1049.785400391 19.370758057 774.830322266 25.525611877 1021.024536133 20.592918396 823.716735840 21.444868088 857.794677734 26.705804825 1068.232177734 22.643711090 905.748352051 25.735719681 1029.417602539 25.834466934 1033.378784180 19.168037415 766.721557617 25.506504059 1020.260192871 20.266027451 810.641113281 21.375961304 855.038330078 26.609369278 1064.374755859 22.879562378 915.182556152 25.938980103 1037.559326172 26.019306183 1040.772338867
26.101776123 1044.071044922 22.803865433 912.154541016 25.961915970 1038.476684570 26.144588470 1045.783569336 19.263399124 770.535949707 25.421623230 1016.864929199 20.491065979 819.642578125 21.343893051 853.755676270 26.608509064 1064.340454102 22.538532257 901.541259766 25.647613525 1025.904541016 25.734382629 1029.375366211 19.060691833 762.427612305 25.402530670 1016.101257324 20.164173126 806.566894531 21.274995804 850.999755859 26.512189865 1060.487670898 22.774335861 910.973388672 25.851156235 1034.046142578 25.919185638 1036.767456055
26.004493713 1040.179687500 22.698738098 907.949584961 25.874084473 1034.963378906 26.044546127 1041.781860352 19.156044006 766.241699219 25.317619324 1012.704772949 20.389213562 815.568542480 21.242919922 849.716735840 26.511220932 1060.448730469 22.433351517 897.334106445 25.559787750 1022.391601562 25.634298325 1025.371948242 18.953346252 758.133850098 25.298536301 1011.941467285 20.062316895 802.492675781 21.174030304 846.961242676 26.415010452 1056.600341797 22.669109344 906.764343262 25.763330460 1030.533325195 25.819063187 1032.762573242
25.907213211 1036.288452148 22.593608856 903.744384766 25.786252975 1031.450195312 25.944503784 1037.780029297 19.048686981 761.947448730 25.213598251 1008.543945312 20.287361145 811.494445801 21.141944885 845.677734375 26.413936615 1056.557495117 22.328166962 893.126647949 25.471963882 1018.878662109 25.534214020 1021.368530273 18.845998764 753.839965820 25.194520950 1007.780883789 19.960460663 798.418334961 21.073064804 842.922668457 26.317831039 1052.713256836 22.563882828 902.555297852 25.675504684 1027.020263672 25.718940735 1028.757568359
25.809936523 1032.397460938 22.488479614 899.539062500 25.698421478 1027.936889648 25.844461441 1033.778442383 18.941331863 757.653320312 25.109561920 1004.382568359 20.185506821 807.420288086 21.040969849 841.638793945 26.316658020 1052.666381836 22.222978592 888.919128418 25.384140015 1015.365600586 25.434129715 1017.365173340 18.738851547 749.546142578 25.090488434 1003.619567871 19.858606339 794.344238281 20.972101212 838.883972168 26.220651627 1048.826171875 22.458654404 898.346252441 25.587677002 1023.507141113 25.618820190 1024.752807617
25.712663651 1028.506591797 22.383344650 895.333740234 25.610588074 1024.423461914 25.744422913 1029.776977539 18.833976746 753.359130859 25.005508423 1000.220336914 20.083654404 803.346130371 20.939994812 837.599792480 26.219387054 1048.775512695 22.117788315 884.711486816 25.296316147 1011.852722168 25.334047318 1013.361877441 18.631307602 745.252319336 24.986440659 999.457580566 19.756750107 790.270019531 20.871137619 834.845458984 26.123474121 1044.938964844 22.353427887 894.137023926 25.499851227 1019.994018555 25.518699646 1020.747924805
25.615394592 1024.615722656 22.278207779 891.128356934 25.522754669 1020.910217285 25.644386292 1025.775512695 18.726621628 749.064880371 24.901439667 996.057556152 19.981801987 799.272033691 20.839019775 833.560729980 26.122119904 1044.884765625 22.012594223 880.503845215 25.208492279 1008.339721680 25.233966827 1009.358703613 18.523962021 740.958435059 24.882381439 995.295288086 19.654895782 786.195861816 20.770174026 830.807006836 26.026294708 1041.051757812 22.248201370 889.928039551 25.412025452 1016.480957031 25.418581009 1016.743225098
25.518125534 1020.725036621 22.173067093 886.922607422 25.434923172 1017.396911621 25.544353485 1021.774169922 18.619268417 744.770751953 24.797351837 991.894042969 19.879947662 795.197937012 20.738044739 829.521850586 26.024860382 1040.994384766 21.907400131 876.296020508 25.120668411 1004.826721191 25.134418488 1005.355651855 18.416616440 736.664672852 24.778387070 991.132446289 19.553043365 782.121704102 20.669210434 826.768432617 25.929115295 1037.164672852 22.142974854 885.718933105 25.324197769 1012.967956543 25.318464279 1012.738647461
25.420862198 1016.834472656 22.067922592 882.716857910 25.347089767 1013.883605957 25.444320679 1017.772827148 18.511913300 740.476562500 24.693248749 987.729980469 19.778095245 791.123779297 20.637069702 825.482788086 25.927604675 1037.104248047 21.802640915 872.088134766 25.032844543 1001.313781738 25.033809662 1001.352478027 18.309270859 732.370788574 24.674230576 986.969177246 19.451190948 778.047729492 20.568248749 822.729980469 25.831937790 1033.277587891 22.037752151 881.510070801 25.236371994 1009.454895020 25.218349457 1008.734069824
25.323600769 1012.943969727 21.962772369 878.510925293 25.259256363 1010.370178223 25.344289780 1013.771545410 18.404560089 736.182495117 24.589134216 983.565429688 19.676240921 787.049621582 20.536094666 821.443786621 25.830354691 1033.214111328 21.697004318 867.880310059 24.945018768 997.800720215 24.933734894 997.349304199 18.201925278 728.077026367 24.570140839 982.805664062 19.349338531 773.973510742 20.467287064 818.691467285 25.734764099 1029.390502930 21.932529449 877.301208496 25.148544312 1005.941772461 25.118234634 1004.729370117
25.226451874 1009.053710938 21.857616425 874.304687500 25.171422958 1006.856872559 25.244262695 1009.770446777 18.297206879 731.888366699 24.485008240 979.400329590 19.574390411 782.975524902 20.435119629 817.404724121 25.733108521 1029.324462891 21.591800690 863.671997070 24.857192993 994.287658691 24.833660126 993.346313477 18.094579697 723.783142090 24.466043472 978.641723633 19.247486115 769.899475098 20.366325378 814.653015137 25.637590408 1025.503540039 21.827306747 873.092285156 25.060718536 1002.428710938 25.018123627 1000.724853516
25.129085541 1005.163391113 21.752458572 870.098266602 25.083591461 1003.343688965 25.144237518 1005.769531250 18.189855576 727.594238281 24.380922318 975.234924316 19.472537994 778.901489258 20.334144592 813.365905762 25.635866165 1025.434570312 21.486593246 859.463684082 24.769365311 990.774597168 24.733589172 989.343566895 17.987232208 719.489379883 24.361938477 974.477478027 19.145635605 765.825378418 20.265363693 810.614624023 25.540418625 1021.616821289 21.722087860 868.883422852 24.972892761 998.915771484 24.918012619 996.720458984
25.031835556 1001.273437500 21.647294998 865.891784668 24.995758057 999.830383301 25.044216156 1001.768676758 18.082504272 723.300170898 24.276735306 971.069335938 19.370685577 774.827453613 20.233169556 809.326782227 25.538623810 1021.544921875 21.381383896 855.255310059 24.681537628 987.261535645 24.633518219 985.340759277 17.879884720 715.195312500 24.257829666 970.313110352 19.043783188 761.751342773 20.164403915 806.576110840 25.443248749 1017.729980469 21.616868973 864.674621582 24.885068893 995.402709961 24.817901611 992.716125488
24.934585571 997.383422852 21.542129517 861.685241699 24.907924652 996.317016602 24.944200516 997.767944336 17.975154877 719.006225586 24.172592163 966.903686523 19.268833160 770.753295898 20.132194519 805.287780762 25.441383362 1017.655334473 21.276170731 851.046875000 24.593770981 983.748413086 24.533447266 981.337890625 17.772535324 710.901428223 24.153718948 966.148803711 18.942323685 757.677368164 20.063442230 802.537719727 25.346082687 1013.843261719 21.511651993 860.466064453 24.797245026 991.889831543 24.717794418 988.711730957
24.837335587 993.493408203 21.436958313 857.478393555 24.820093155 992.803710938 24.844184875 993.767456055 17.867803574 714.712158203 24.068445206 962.737792969 19.166982651 766.679260254 20.031219482 801.248840332 25.344141006 1013.765625000 21.170957565 846.838317871 24.505880356 980.235168457 24.433378220 977.335144043 17.665187836 706.607482910 24.049608231 961.984313965 18.840087891 753.603576660 19.962482452 798.499267578 25.248916626 1009.956604004 21.406436920 856.257507324 24.709421158 988.376770020 24.617689133 984.707519531
24.740087509 989.603515625 21.331783295 853.271301270 24.732261658 989.290466309 24.744173050 989.766845703 17.760452271 710.418090820 23.964294434 958.571777344 19.065132141 762.605346680 19.930246353 797.209899902 25.246898651 1009.876037598 21.065742493 842.629699707 24.418050766 976.722045898 24.333309174 973.332397461 17.557838440 702.313476562 23.945497513 957.819946289 18.738243103 749.529785156 19.861520767 794.460876465 25.151754379 1006.070129395 21.301223755 852.048950195 24.621597290 984.863952637 24.517587662 980.703430176
24.642837524 985.713500977 21.226604462 849.064208984 24.644430161 985.777221680 24.644163132 985.766540527 17.653102875 706.124145508 23.860143661 954.405700684 18.963281631 758.531250000 19.829273224 793.170898438 25.149656296 1005.986206055 20.960525513 838.421081543 24.330219269 973.208923340 24.233242035 969.329650879 17.450487137 698.019470215 23.841392517 953.655639648 18.636398315 745.456054688 19.760560989 790.422302246 25.054595947 1002.183776855 21.196016312 847.840698242 24.533773422 981.350952148 24.417486191 976.699462891
24.545587540 981.823486328 21.121421814 844.856872559 24.556596756 982.263854980 24.544157028 981.766235352 17.545753479 701.830200195 23.755989075 950.239562988 18.861433029 754.457336426 19.728298187 789.131896973 25.052412033 1002.096435547 20.855308533 834.212402344 24.242389679 969.695495605 24.133174896 965.327026367 17.343135834 693.725463867 23.737289429 949.491638184 18.534555435 741.382263184 19.659597397 786.383911133 24.957437515 998.297424316 21.090808868 843.632446289 24.445949554 977.837951660 24.317388535 972.695495605
24.448337555 977.933532715 21.016235352 840.649475098 24.468767166 978.750732422 24.444152832 977.766113281 17.438404083 697.536254883 23.651832581 946.073242188 18.759584427 750.383422852 19.627325058 785.093078613 24.955167770 998.206726074 20.750095367 830.003784180 24.154558182 966.182250977 24.033109665 961.324401855 17.235786438 689.431518555 23.633192062 945.327636719 18.432714462 737.308593750 19.558635712 782.345336914 24.860280991 994.411193848 20.985609055 839.424377441 24.358125687 974.325012207 24.217290878 968.691650391
24.351085663 974.043395996 20.911048889 836.442016602 24.380935669 975.237426758 24.344148636 973.765930176 17.331054688 693.242126465 23.547676086 941.906982422 18.657733917 746.309326172 19.526353836 781.054138184 24.857923508 994.316894531 20.644882202 825.795410156 24.066726685 962.669067383 23.933044434 957.321777344 17.128435135 685.137390137 23.529098511 941.163879395 18.330873489 733.234924316 19.457672119 778.306884766 24.763124466 990.524902344 20.880411148 835.216491699 24.270301819 970.812072754 24.117193222 964.687683105
24.253831863 970.153259277 20.805860519 832.234375000 24.293104172 971.724243164 24.244148254 969.765930176 17.223703384 688.948059082 23.443517685 937.740722656 18.555883408 742.235351562 19.425380707 777.015258789 24.760677338 990.427001953 20.539674759 821.586975098 23.978893280 959.155822754 23.832979202 953.319152832 17.021085739 680.843444824 23.425010681 937.000366211 18.229032516 729.161315918 19.356708527 774.268371582 24.665969849 986.638793945 20.775217056 831.008789062 24.182476044 967.299133301 24.017097473 960.683776855
24.158220291 966.263122559 20.700672150 828.026855469 24.205274582 968.210998535 24.144149780 965.765930176 17.116350174 684.653991699 23.339359283 933.574340820 18.454032898 738.161376953 19.324409485 772.976379395 24.663429260 986.537231445 20.434471130 817.378784180 23.891061783 955.642456055 23.732913971 949.316467285 16.913928986 676.549499512 23.320930481 932.837158203 18.127191544 725.087646484 19.255744934 770.229797363 24.568813324 982.752563477 20.670024872 826.801025391 24.094650269 963.786010742 23.916999817 956.679931641
24.059318542 962.372741699 20.595485687 823.819458008 24.117444992 964.697875977 24.044153214 961.766113281 17.008995056 680.359802246 23.235198975 929.407958984 18.352182388 734.087341309 19.223436356 768.937561035 24.566181183 982.647277832 20.329271317 813.170898438 23.803228378 952.129211426 23.633258820 945.313964844 16.806390762 672.255554199 23.216854095 928.674194336 18.025350571 721.013977051 19.154794693 766.191162109 24.471658707 978.866333008 20.564834595 822.593444824 24.006824493 960.273010254 23.816904068 952.676269531
23.962055206 958.482238770 20.490301132 819.611999512 24.029617310 961.184753418 23.944154739 957.766235352 16.901639938 676.065551758 23.131036758 925.241455078 18.250331879 730.013244629 19.122465134 764.898620605 24.468931198 978.757263184 20.224077225 808.963134766 23.715394974 948.615844727 23.532773972 941.311035156 16.699045181 667.961791992 23.112779617 924.511230469 17.923509598 716.940368652 19.053813934 762.152526855 24.374502182 974.980102539 20.459646225 818.385864258 23.918998718 956.760009766 23.716810226 948.672485352
23.864789963 954.591613770 20.385118484 815.404724121 23.941787720 957.671630859 23.844156265 953.766296387 16.794284821 671.771423340 23.026874542 921.074951172 18.148479462 725.939208984 19.021493912 760.859802246 24.371679306 974.867126465 20.119220734 804.755615234 23.627561569 945.102478027 23.432697296 937.307922363 16.591699600 663.668029785 23.008707047 920.348327637 17.821668625 712.866760254 18.952848434 758.113952637 24.277345657 971.093750000 20.354457855 814.178344727 23.831172943 953.246948242 23.616716385 944.668579102
23.767522812 950.700927734 20.279941559 811.197753906 23.853961945 954.158508301 23.744157791 949.766357422 16.686925888 667.477050781 22.922712326 916.908447266 18.046628952 721.865112305 18.920522690 756.820922852 24.274423599 970.976928711 20.013708115 800.548339844 23.539730072 941.589172363 23.332616806 933.304748535 16.484355927 659.374206543 22.904638290 916.185424805 17.719827652 708.793090820 18.851882935 754.075317383 24.180187225 967.207458496 20.249269485 809.970825195 23.743345261 949.733825684 23.516620636 940.664916992
23.670255661 946.810180664 20.174768448 806.990722656 23.766134262 950.645446777 23.644157410 945.766357422 16.579568863 663.182678223 22.818552017 912.742065430 17.944776535 717.791076660 18.819551468 752.782104492 24.177165985 967.086608887 19.908531189 796.341247559 23.451910019 938.075866699 23.232532501 929.301330566 16.377012253 655.080505371 22.800571442 912.022827148 17.617986679 704.719482422 18.750915527 750.036621094 24.083028793 963.321166992 20.144083023 805.763366699 23.655519485 946.220886230 23.416526794 936.661071777
23.572988510 942.919494629 20.069599152 802.783935547 23.678308487 947.132324219 23.544155121 941.766174316 16.472209930 658.888366699 22.714395523 908.575866699 17.842926025 713.717041016 18.718580246 748.743225098 24.079902649 963.196105957 19.803358078 792.134277344 23.364063263 934.562561035 23.132448196 925.297851562 16.269672394 650.786804199 22.696510315 907.860412598 17.516147614 700.645935059 18.649950027 745.997924805 23.985870361 959.434753418 20.038896561 801.555786133 23.567693710 942.707763672 23.316431046 932.657165527
23.475719452 939.028747559 19.964431763 798.577331543 23.590482712 943.619323730 23.444150925 937.765991211 16.364850998 654.593933105 22.610244751 904.409790039 17.741075516 709.643005371 18.617609024 744.704406738 23.982637405 959.305480957 19.698188782 787.927673340 23.276229858 931.049255371 23.032358170 921.294311523 16.162332535 646.493225098 22.592453003 903.698120117 17.414665222 696.572387695 18.548984528 741.959289551 23.888711929 955.548461914 19.933712006 797.348510742 23.479866028 939.194763184 23.216335297 928.653381348
23.378452301 935.138122559 19.859270096 794.370788574 23.502656937 940.106262207 23.344144821 933.765869141 16.257490158 650.299621582 22.506099701 900.244018555 17.639225006 705.569030762 18.516637802 740.665466309 23.885368347 955.414733887 19.593025208 783.721008301 23.188396454 927.535827637 22.932268143 917.290771484 16.054994583 642.199768066 22.488399506 899.536071777 17.312471390 692.498840332 18.448017120 737.920715332 23.791555405 951.662292480 19.828527451 793.141113281 23.392038345 935.681518555 23.116239548 924.649597168
23.281183243 931.247314453 19.754110336 790.164489746 23.414833069 936.593322754 23.244138718 929.765563965 16.150129318 646.005249023 22.401958466 896.078308105 17.537376404 701.495056152 18.415664673 736.626708984 23.788095474 951.523803711 19.487861633 779.514404297 23.100563049 924.022521973 22.832176208 913.287109375 15.947659492 637.906433105 22.384349823 895.373962402 17.210632324 688.425292969 18.347051620 733.882080078 23.694400787 947.776000977 19.723344803 788.933715820 23.304212570 932.168518066 23.016141891 920.645690918
23.184480667 927.356689453 19.648954391 785.958190918 23.327007294 933.080383301 23.144128799 925.765136719 16.042768478 641.710754395 22.297821045 891.912841797 17.435529709 697.421081543 18.314693451 732.587707520 23.690818787 947.632751465 19.382703781 775.308227539 23.012729645 920.509216309 22.732084274 909.283325195 15.840326309 633.613037109 22.280300140 891.211975098 17.108795166 684.351745605 18.246086121 729.843383789 23.597248077 943.889831543 19.618160248 784.726501465 23.216384888 928.655395508 22.916044235 916.641723633
23.086648941 923.466064453 19.543802261 781.752136230 23.239183426 929.567321777 23.044118881 921.764770508 15.935406685 637.416198730 22.193687439 887.747558594 17.333681107 693.347290039 18.213720322 728.548889160 23.593540192 943.741577148 19.277545929 771.101806641 22.924896240 916.995788574 22.631990433 905.279602051 15.732994080 629.319702148 22.176250458 887.050048828 17.006958008 680.278320312 18.145120621 725.804809570 23.500095367 940.003845215 19.512977600 780.519104004 23.128555298 925.142272949 22.815944672 912.637756348
22.989383698 919.575317383 19.438652039 777.546020508 23.151359558 926.054443359 22.944105148 917.764221191 15.828044891 633.121826172 22.089559555 883.582336426 17.231834412 689.273437500 18.112747192 724.509948730 23.496259689 939.850341797 19.172388077 766.895507812 22.837062836 913.482543945 22.531894684 901.275695801 15.625662804 625.026550293 22.072391510 882.887939453 16.905122757 676.204895020 18.044155121 721.766174316 23.402942657 936.117675781 19.407793045 776.311645508 23.040756226 921.629150391 22.715843201 908.633666992
22.892116547 915.684631348 19.333505630 773.340209961 23.063537598 922.541442871 22.844091415 913.763671875 15.720683098 628.827392578 21.985435486 879.417297363 17.129989624 685.199584961 18.011775970 720.471008301 23.398977280 935.959045410 19.067232132 762.689331055 22.749229431 909.969116211 22.431798935 897.271911621 15.518331528 620.733337402 21.968143463 878.725708008 16.803289413 672.131591797 17.943189621 717.727600098 23.305791855 932.231567383 19.302606583 772.104248047 22.952899933 918.115966797 22.615739822 904.629638672
22.794851303 911.794067383 19.228359222 769.134399414 22.975713730 919.028564453 22.744075775 909.763000488 15.613321304 624.532836914 21.881315231 875.252624512 17.028144836 681.125854492 17.910802841 716.432067871 23.301696777 932.067871094 18.962076187 758.483093262 22.661396027 906.455810547 22.331701279 893.268066406 15.411002159 616.440063477 21.864086151 874.563415527 16.701457977 668.058349609 17.842226028 713.689025879 23.208644867 928.345825195 19.197418213 767.896728516 22.865070343 914.602905273 22.515636444 900.625427246
22.697587967 907.903503418 19.123216629 764.928588867 22.887891769 915.515686035 22.644058228 905.762390137 15.505958557 620.238342285 21.777437210 871.088134766 16.926301956 677.052062988 17.809827805 712.393127441 23.204414368 928.176635742 18.856922150 754.276794434 22.573562622 902.942504883 22.231603622 889.264221191 15.303671837 612.146850586 21.760023117 870.400939941 16.599628448 663.985107422 17.741262436 709.650451660 23.111497879 924.459899902 19.092226028 763.688964844 22.777242661 911.089721680 22.415531158 896.621276855
22.600324631 904.013061523 19.018074036 760.723022461 22.800069809 912.002746582 22.544040680 901.761596680 15.398597717 615.943969727 21.673089981 866.923522949 16.824459076 672.978332520 17.708854675 708.354187012 23.107133865 924.285461426 18.751766205 750.070678711 22.485729218 899.429199219 22.131935120 885.260314941 15.196341515 607.853759766 21.655956268 866.238159180 16.497797012 659.911926270 17.640298843 705.612060547 23.014350891 920.574096680 18.987031937 759.481323242 22.689413071 907.576599121 22.315423965 892.617004395
22.503063202 900.122558594 18.912933350 756.517333984 22.712247849 908.489929199 22.444021225 897.760925293 15.291235924 611.649414062 21.568981171 862.759216309 16.722618103 668.904724121 17.607879639 704.315185547 23.009853363 920.394226074 18.646610260 745.864440918 22.397895813 895.915893555 22.031408310 881.256286621 15.089165688 603.560424805 21.551883698 862.075317383 16.395965576 655.838684082 17.539337158 701.573425293 22.917207718 916.688354492 18.881835938 755.273437500 22.601585388 904.063476562 22.215314865 888.612548828
22.405803680 896.232238770 18.807790756 752.311706543 22.624425888 904.976989746 22.344003677 893.760070801 15.183874130 607.354980469 21.464878082 858.595153809 16.620777130 664.831115723 17.506906509 700.276245117 22.912574768 916.503051758 18.541452408 741.658203125 22.310064316 892.402526855 21.931306839 877.252258301 14.981678963 599.267150879 21.447809219 857.912475586 16.294134140 651.765319824 17.438375473 697.534973145 22.820062637 912.802612305 18.776636124 751.065490723 22.513755798 900.550170898 22.115205765 884.608154297
22.308546066 892.341735840 18.702650070 748.106018066 22.536603928 901.464111328 22.243982315 889.759338379 15.076513290 603.060485840 21.360780716 854.431274414 16.518938065 660.757507324 17.405931473 696.237243652 22.815296173 912.611755371 18.436592102 737.451904297 22.223251343 888.889343262 21.831207275 873.248352051 14.874344826 594.973693848 21.343730927 853.749206543 16.192300797 647.692016602 17.337413788 693.496520996 22.722921371 908.916809082 18.671430588 746.857299805 22.425928116 897.037109375 22.015092850 880.603759766
22.211441040 888.451477051 18.597511292 743.900390625 22.448781967 897.951232910 22.143959045 885.758300781 14.969151497 598.766052246 21.256689072 850.267517090 16.417100906 656.684020996 17.304956436 692.198303223 22.718015671 908.720642090 18.331136703 733.245422363 22.134403229 885.376037598 21.731105804 869.244140625 14.767008781 590.680358887 21.239648819 849.585937500 16.090467453 643.618713379 17.236452103 689.458068848 22.625782013 905.031188965 18.566223145 742.648864746 22.338098526 893.523925781 21.914979935 876.599121094
22.114028931 884.561218262 18.492374420 739.695068359 22.360960007 894.438415527 22.043931961 881.757324219 14.861788750 594.471557617 21.152599335 846.104003906 16.315263748 652.610534668 17.204006195 688.159301758 22.620738983 904.829528809 18.225973129 729.039001465 22.046571732 881.862854004 21.631006241 865.240295410 14.659672737 586.386962891 21.135564804 845.422546387 15.988633156 639.545349121 17.135490417 685.419555664 22.528644562 901.145751953 18.461011887 738.440551758 22.250270844 890.010803223 21.814867020 872.594665527
22.016771317 880.670837402 18.387241364 735.489624023 22.273138046 890.925537109 21.943901062 877.756042480 14.754425049 590.177062988 21.048509598 841.940429688 16.213428497 648.537170410 17.103008270 684.120300293 22.523464203 900.938598633 18.120809555 724.832458496 21.958740234 878.349670410 21.530908585 861.236328125 14.552336693 582.093566895 21.031478882 841.259155273 15.887123108 635.471923828 17.034530640 681.381164551 22.431507111 897.260253906 18.355800629 734.231994629 22.162441254 886.497741699 21.714754105 868.590087891
21.919515610 876.780578613 18.282112122 731.284423828 22.185314178 887.412597656 21.843868256 873.754821777 14.647060394 585.882446289 20.944425583 837.776977539 16.111595154 644.463867188 17.002033234 680.081359863 22.426191330 897.047668457 18.015645981 720.625793457 21.870908737 874.836364746 21.430812836 857.232543945 14.445001602 577.800048828 20.927391052 837.095642090 15.784966469 631.398681641 16.933570862 677.342834473 22.334371567 893.374877930 18.250587463 730.023498535 22.074613571 882.984558105 21.614639282 864.585571289
21.822259903 872.890441895 18.176984787 727.079406738 22.097492218 883.899719238 21.743835449 869.753356934 14.539695740 581.587768555 20.840341568 833.613708496 16.009763718 640.390563965 16.901060104 676.042419434 22.328922272 893.156921387 17.910480499 716.419250488 21.783079147 871.323181152 21.330717087 853.228637695 14.337666512 573.506591797 20.823307037 832.932312012 15.683134079 627.325378418 16.832611084 673.304443359 22.237236023 889.489440918 18.145376205 725.815063477 21.986785889 879.471496582 21.514524460 860.580932617
21.725008011 869.000244141 18.071861267 722.874450684 22.009670258 880.386718750 21.643800735 865.752014160 14.432330132 577.293273926 20.736263275 829.450500488 15.907933235 636.317321777 16.800085068 672.003417969 22.231655121 889.266174316 17.805313110 712.212463379 21.695247650 867.809875488 21.230621338 849.224731445 14.230332375 569.213317871 20.719223022 828.768920898 15.581302643 623.252075195 16.731653214 669.266113281 22.140102386 885.604064941 18.040166855 721.606628418 21.898958206 875.958251953 21.414409637 856.576354980
21.627756119 865.110168457 17.966739655 718.669616699 21.921846390 876.873840332 21.543767929 861.750732422 14.324964523 572.998657227 20.632184982 825.287414551 15.806103706 632.244140625 16.699110031 667.964416504 22.134391785 885.375610352 17.700141907 708.005737305 21.607418060 864.296691895 21.130527496 845.221069336 14.122999191 564.919982910 20.615140915 824.605651855 15.479471207 619.178833008 16.630697250 665.227844238 22.042966843 881.718688965 17.934957504 717.398315430 21.811130524 872.445251465 21.314296722 852.571899414
21.530508041 861.220214844 17.861618042 714.464721680 21.834024429 873.360961914 21.443735123 857.749389648 14.217598915 568.703979492 20.528106689 821.124328613 15.704275131 628.170959473 16.598134995 663.925415039 22.037132263 881.485229492 17.594970703 703.798828125 21.519586563 860.783508301 21.030435562 841.217468262 14.015666962 560.626770020 20.511062622 820.442504883 15.377639771 615.105590820 16.529762268 661.189575195 21.945833206 877.833312988 17.829750061 713.190002441 21.723304749 868.932189941 21.214185715 848.567443848
21.433259964 857.330322266 17.756496429 710.259826660 21.746200562 869.847961426 21.343700409 853.747924805 14.110234261 564.409362793 20.424026489 816.961120605 15.602448463 624.097961426 16.497161865 659.886474609 21.939874649 877.594970703 17.489795685 699.591796875 21.431756973 857.270202637 20.930347443 837.213867188 13.908334732 556.333374023 20.406984329 816.279418945 15.275808334 611.032287598 16.428783417 657.151306152 21.848701477 873.947998047 17.724542618 708.981689453 21.635477066 865.419067383 21.114074707 844.562927246
21.336015701 853.440551758 17.651376724 706.055053711 21.658376694 866.335083008 21.243665695 849.746582031 14.002869606 560.114807129 20.319940567 812.797607422 15.500622749 620.024963379 16.396186829 655.847473145 21.842622757 873.704833984 17.384618759 695.384826660 21.343925476 853.757019043 20.830263138 833.210510254 13.801001549 552.040100098 20.302907944 812.116271973 15.173977852 606.959167480 16.327825546 653.113037109 21.751569748 870.062744141 17.619337082 704.773498535 21.547651291 861.906127930 21.013965607 840.558532715
21.238803864 849.550781250 17.546255112 701.850158691 21.570552826 862.822143555 21.143629074 845.745056152 13.895506859 555.820251465 20.215852737 808.634155273 15.398798943 615.951904297 16.295211792 651.808471680 21.745372772 869.814880371 17.279441833 691.177612305 21.256093979 850.243774414 20.730180740 829.207214355 13.693666458 547.746582031 20.198833466 807.953308105 15.072148323 602.885925293 16.226869583 649.074768066 21.654441833 866.177673340 17.514131546 700.565246582 21.459825516 858.393005371 20.913858414 836.554260254
21.141530991 845.661193848 17.441129684 697.645141602 21.482728958 859.309265137 21.043592453 841.743713379 13.788146019 551.525878906 20.111761093 804.470458984 15.296976089 611.879089355 16.194238663 647.769531250 21.648128510 865.925109863 17.174263000 686.970520020 21.168262482 846.730529785 20.630519867 825.204040527 13.586331367 543.453308105 20.094760895 803.790405273 14.970320702 598.812866211 16.125911713 645.036499023 21.557317734 862.292663574 17.408927917 696.357055664 21.372001648 854.880126953 20.813751221 832.550048828
21.044292450 841.771728516 17.336002350 693.440124512 21.394905090 855.796203613 20.943555832 837.742187500 13.680787086 547.231506348 20.007665634 800.306640625 15.195153236 607.806152344 16.093263626 643.730529785 21.550886154 862.035461426 17.069084167 682.763427734 21.080747604 843.217224121 20.530023575 821.200927734 13.478995323 539.159790039 19.990690231 799.627624512 14.868494034 594.739807129 16.024955750 640.998229980 21.460195541 858.407836914 17.303726196 692.149047852 21.284175873 851.367004395 20.713644028 828.545654297
20.947057724 837.882385254 17.230873108 689.234924316 21.307081223 852.283203125 20.843517303 833.740600586 13.573429108 542.937133789 19.903562546 796.142517090 15.093330383 603.733276367 15.992289543 639.691528320 21.453645706 858.145874023 16.963905334 678.556213379 20.992601395 839.703979492 20.429944992 817.197814941 13.371657372 534.866333008 19.886619568 795.464721680 14.766669273 590.666809082 15.923999786 636.959960938 21.363077164 854.523071289 17.198524475 687.940979004 21.196352005 847.854064941 20.613534927 824.541381836
20.849826813 833.993103027 17.125740051 685.029663086 21.219257355 848.770263672 20.743476868 829.739013672 13.466072083 538.642883301 19.799453735 791.978210449 14.991507530 599.660278320 15.891315460 635.652648926 21.356407166 854.256347656 16.858728409 674.349182129 20.904769897 836.190795898 20.329868317 813.194641113 13.264514923 530.572753906 19.782548904 791.301940918 14.664846420 586.593872070 15.823043823 632.921752930 21.265960693 850.638488770 17.093326569 683.733093262 21.108528137 844.341064453 20.513425827 820.537109375
20.752597809 830.104003906 17.020605087 680.824157715 21.131433487 845.257385254 20.643434525 825.737426758 13.358716011 534.348632812 19.695337296 787.813537598 14.889684677 595.587402344 15.790342331 631.613708496 21.259170532 850.366882324 16.753828049 670.142028809 20.816938400 832.677551270 20.229789734 809.191650391 13.156982422 526.279296875 19.678476334 787.139099121 14.563024521 582.520996094 15.722086906 628.883483887 21.168846130 846.753845215 16.988128662 679.525146484 21.020704269 840.828186035 20.413316727 816.532775879
20.655372620 826.214904785 16.915466309 676.618591309 21.043609619 841.744384766 20.543392181 821.735717773 13.251362801 530.054565430 19.591215134 783.648620605 14.787862778 591.514587402 15.689369202 627.574768066 21.161935806 846.477416992 16.648372650 665.934936523 20.729106903 829.164367676 20.129709244 805.188476562 13.049643517 521.985839844 19.574405670 782.976196289 14.461204529 578.448181152 15.621129990 624.845214844 21.071733475 842.869384766 16.882930756 675.317199707 20.932882309 837.315307617 20.313205719 812.528259277
20.558145523 822.325805664 16.810329437 672.413208008 20.955785751 838.231384277 20.443347931 817.733886719 13.144010544 525.760375977 19.487089157 779.483581543 14.686040878 587.441589355 15.588396072 623.535827637 21.064701080 842.587951660 16.543197632 661.727905273 20.641277313 825.651123047 20.029630661 801.185241699 12.942302704 517.692138672 19.470335007 778.813354492 14.359683037 574.375488281 15.520173073 620.806884766 20.974622726 838.984863281 16.777736664 671.109558105 20.845058441 833.802368164 20.213090897 808.523620605
20.460922241 818.436828613 16.705190659 668.207641602 20.867959976 834.718444824 20.343303680 813.732177734 13.036659241 521.466430664 19.382957458 775.318298340 14.584217072 583.368652344 15.487423897 619.496948242 20.967466354 838.698608398 16.438022614 657.520874023 20.553445816 822.137939453 19.929552078 797.182067871 12.834962845 513.398559570 19.366493225 774.650573730 14.257570267 570.302795410 15.419215202 616.768554688 20.877511978 835.100463867 16.672544479 666.901794434 20.757236481 830.289428711 20.112976074 804.519042969
20.363695145 814.547851562 16.600051880 664.002136230 20.780136108 831.205444336 20.243261337 809.730468750 12.929309845 517.172424316 19.278942108 771.153076172 14.482393265 579.295776367 15.386451721 615.458007812 20.870235443 834.809387207 16.332847595 653.313903809 20.465616226 818.624694824 19.829473495 793.179016113 12.727622986 509.104888916 19.262191772 770.487731934 14.155756950 566.230285645 15.318256378 612.730285645 20.780405045 831.216125488 16.567356110 662.694274902 20.669412613 826.776550293 20.012861252 800.514526367
20.266468048 810.658813477 16.494911194 659.796447754 20.692312241 827.692504883 20.143218994 805.728698730 12.821959496 512.878356934 19.174690247 766.987548828 14.380568504 575.222717285 15.285480499 611.419250488 20.773006439 830.920349121 16.227674484 649.106933594 20.377786636 815.111511230 19.729393005 789.175720215 12.620284081 504.811309814 19.158121109 766.324768066 14.053944588 562.157775879 15.217297554 608.691894531 20.683296204 827.331909180 16.462165833 658.486694336 20.581590652 823.263671875 19.912748337 796.509826660
20.170669556 806.769653320 16.389768600 655.590698242 20.604486465 824.179504395 20.043178558 801.727111816 12.714609146 508.584320068 19.070549011 762.821899414 14.278744698 571.149780273 15.184509277 607.380432129 20.675777435 827.031005859 16.122501373 644.900024414 20.289957047 811.598388672 19.629312515 785.172607422 12.512945175 500.517791748 19.054052353 762.161987305 13.952135086 558.085388184 15.116338730 604.653564453 20.586189270 823.447448730 16.356979370 654.279113770 20.493768692 819.750732422 19.812631607 792.505371094
20.072010040 802.880371094 16.284626007 651.385070801 20.516662598 820.666442871 19.943134308 797.725341797 12.607259750 504.290313721 18.966403961 758.656066895 14.176921844 567.076843262 15.083539009 603.341552734 20.578548431 823.141906738 16.017330170 640.693237305 20.202129364 808.085144043 19.529232025 781.169189453 12.405607224 496.224304199 18.949981689 757.999206543 13.850327492 554.013122559 15.015378952 600.615173340 20.489080429 819.563293457 16.251794815 650.071838379 20.405946732 816.237792969 19.712514877 788.500610352
19.974777222 798.991088867 16.179481506 647.179260254 20.428836823 817.153503418 19.843090057 793.723632812 12.499908447 499.996337891 18.862253189 754.490173340 14.075098038 563.003967285 14.982568741 599.302734375 20.481319427 819.252746582 15.912161827 636.486450195 20.114299774 804.571960449 19.429147720 777.165954590 12.298269272 491.930786133 18.845911026 753.836547852 13.748521805 549.940856934 14.914419174 596.576782227 20.391971588 815.678833008 16.146612167 645.864440918 20.318124771 812.725036621 19.612396240 784.495849609
19.877544403 795.101745605 16.074335098 642.973388672 20.341009140 813.640441895 19.743041992 789.721618652 12.392557144 495.702301025 18.758100510 750.324035645 13.973276138 558.931091309 14.881598473 595.263916016 20.384092331 815.363708496 15.806996346 632.279907227 20.026470184 801.058898926 19.329061508 773.162414551 12.190932274 487.637359619 18.741842270 749.673767090 13.646718025 545.868774414 14.813458443 592.538330078 20.294860840 811.794433594 16.041429520 641.657165527 20.230302811 809.212219238 19.512275696 780.490966797
19.780313492 791.212463379 15.969186783 638.767517090 20.253183365 810.127319336 19.642992020 785.719665527 12.285204887 491.408172607 18.653945923 746.157836914 13.871454239 554.858154297 14.780628204 591.225158691 20.286865234 811.474609375 15.701832771 628.073303223 19.938749313 797.545776367 19.228975296 769.158996582 12.083596230 483.343780518 18.637775421 745.510986328 13.544916153 541.796630859 14.712498665 588.499938965 20.197750092 807.909973145 15.936246872 637.449829102 20.142480850 805.699279785 19.412151337 776.486022949
19.683082581 787.323303223 15.864037514 634.561462402 20.165353775 806.614196777 19.542938232 781.717590332 12.177853584 487.114166260 18.549787521 741.991516113 13.769631386 550.785278320 14.679658890 587.186340332 20.189640045 807.585571289 15.596672058 623.866821289 19.850812912 794.032531738 19.129339218 765.155517578 11.976259232 479.050384521 18.533710480 741.348327637 13.443117142 537.724731445 14.611537933 584.461486816 20.100639343 804.025512695 15.831063271 633.242492676 20.054658890 802.186340332 19.312026978 772.481079102
19.585853577 783.434082031 15.758888245 630.355529785 20.077526093 803.101135254 19.442882538 777.715332031 12.070501328 482.820068359 18.445629120 737.825195312 13.667810440 546.712402344 14.578689575 583.147583008 20.092414856 803.696594238 15.491515160 619.660644531 19.762985229 790.519409180 19.028795242 761.151794434 11.868922234 474.756866455 18.429649353 737.185974121 13.341320992 533.652832031 14.510576248 580.423095703 20.003524780 800.140991211 15.725877762 629.035156250 19.966835022 798.673339844 19.211900711 768.476074219
19.488624573 779.545043945 15.653738976 626.149536133 19.989696503 799.587890625 19.342823029 773.712890625 11.963150978 478.526000977 18.341470718 733.658752441 13.565990448 542.639587402 14.477720261 579.108825684 19.995187759 799.807495117 15.386361122 615.454406738 19.675155640 787.006286621 18.928703308 757.148071289 11.761585236 470.463409424 18.325592041 733.023620605 13.239527702 529.581054688 14.409615517 576.384582520 19.906412125 796.256530762 15.620689392 624.827575684 19.879011154 795.160400391 19.111772537 764.470825195
19.391399384 775.655944824 15.548587799 621.943542480 19.901866913 796.074645996 19.242759705 769.710388184 11.855800629 474.232116699 18.237310410 729.492431641 13.464172363 538.566955566 14.376751900 575.070068359 19.897960663 795.918334961 15.281211853 611.248474121 19.587326050 783.493041992 18.828607559 753.144348145 11.654250145 466.170043945 18.221536636 728.861511230 13.137736320 525.509460449 14.308653831 572.346130371 19.809295654 792.371765137 15.515496254 620.619873047 19.791185379 791.647399902 19.011642456 760.465698242
19.294176102 771.767028809 15.443436623 617.737426758 19.814037323 792.561462402 19.142694473 765.707702637 11.748451233 469.938079834 18.133148193 725.325988770 13.362355232 534.494201660 14.275782585 571.031372070 19.800731659 792.029235840 15.176064491 607.042602539 19.499496460 779.979858398 18.728511810 749.140380859 11.546915054 461.876678467 18.117490768 724.699645996 13.035946846 521.437866211 14.207691193 568.307678223 19.712181091 788.487243652 15.410300255 616.412048340 19.703359604 788.134338379 18.911510468 756.460327148
19.197498322 767.878234863 15.338285446 613.531372070 19.726205826 789.048217773 19.042627335 761.705017090 11.641102791 465.644073486 18.028987885 721.159545898 13.260540009 530.421630859 14.174814224 566.992614746 19.703502655 788.140136719 15.071153641 602.836730957 19.411666870 776.466674805 18.628412247 745.136474609 11.439772606 457.583251953 18.013446808 720.537902832 12.934158325 517.366333008 14.106727600 564.269165039 19.615066528 784.602600098 15.305101395 612.203918457 19.615531921 784.621276855 18.811378479 752.455078125
19.099733353 763.989379883 15.233133316 609.325378418 19.638376236 785.534973145 18.942556381 757.702270508 11.533754349 461.350189209 17.924831390 716.993286133 13.158726692 526.349060059 14.073845863 562.953857422 19.606273651 784.250915527 14.965776443 598.631042480 19.323835373 772.953369141 18.528310776 741.132507324 11.332247734 453.289886475 17.909408569 716.376342773 12.832625389 513.294860840 14.005764008 560.230590820 19.517950058 780.718017578 15.199899673 607.995971680 19.527706146 781.108215332 18.711244583 748.449951172
19.002513885 760.100585938 15.127983093 605.119262695 19.550544739 782.021728516 18.842481613 753.699279785 11.426405907 457.056243896 17.820676804 712.827087402 13.056913376 522.276611328 13.972877502 558.915100098 19.509044647 780.361755371 14.860632896 594.425292969 19.236005783 769.440246582 18.428209305 737.128356934 11.224913597 448.996582031 17.805372238 712.214965820 12.730586052 509.223419189 13.904800415 556.192077637 19.420835495 776.833435059 15.094696999 603.787841797 19.439878464 777.595092773 18.611112595 744.444580078
18.905296326 756.211853027 15.022832870 600.913269043 19.462713242 778.508483887 18.742404938 749.696105957 11.319056511 452.762176514 17.716527939 708.661193848 12.955102921 518.204101562 13.871909142 554.876342773 19.411817551 776.472717285 14.755489349 590.219665527 19.148174286 765.927001953 18.328105927 733.124145508 11.117577553 444.703063965 17.701337814 708.053527832 12.628802299 505.152069092 13.803988457 552.153564453 19.323722839 772.948913574 14.989493370 599.579772949 19.352050781 774.082031250 18.510982513 740.439208984
18.808078766 752.323120117 14.917683601 596.707336426 19.374881744 774.995239258 18.642324448 745.692932129 11.211705208 448.468231201 17.612380981 704.495300293 12.853292465 514.131652832 13.770940781 550.837707520 19.314590454 772.583679199 14.650343895 586.013732910 19.060344696 762.413757324 18.228000641 729.119995117 11.010239601 440.409637451 17.597301483 703.892150879 12.527021408 501.080841064 13.702875137 548.115051270 19.226612091 769.064392090 14.884288788 595.371582031 19.264223099 770.568969727 18.410850525 736.434020996
18.710863113 748.434509277 14.812536240 592.501525879 19.287048340 771.481994629 18.542240143 741.689514160 11.104351044 444.174011230 17.508239746 700.329589844 12.751482964 510.059356689 13.669972420 546.798889160 19.217365265 768.694580078 14.545198441 581.808044434 18.972513199 758.900451660 18.127893448 725.115722656 10.902899742 436.115966797 17.493270874 699.730834961 12.425241470 497.009643555 13.601911545 544.076477051 19.129501343 765.180114746 14.779082298 591.163391113 19.176395416 767.055786133 18.310718536 732.428710938
18.613649368 744.545959473 14.707391739 588.295654297 19.199216843 767.968627930 18.442150116 737.686096191 10.996994972 439.879730225 17.404102325 696.164062500 12.649674416 505.986968994 13.569004059 542.760131836 19.120141983 764.805603027 14.440052032 577.602111816 18.884681702 755.387207031 18.027784348 721.111450195 10.795557976 431.822296143 17.389242172 695.569702148 12.323462486 492.938476562 13.500948906 540.037902832 19.032392502 761.295654297 14.673875809 586.955017090 19.088567734 763.542663574 18.210588455 728.423583984
18.516439438 740.657592773 14.602247238 584.089843750 19.111385345 764.455383301 18.342058182 733.682434082 10.889636040 435.585449219 17.299966812 691.998596191 12.547865868 501.914642334 13.468035698 538.721374512 19.022918701 760.916687012 14.334906578 573.396240234 18.796941757 751.874084473 17.927675247 717.107055664 10.688214302 427.528564453 17.285213470 691.408569336 12.221682549 488.867279053 13.399986267 535.999450684 18.935285568 757.411376953 14.568669319 582.746704102 19.000740051 760.029602051 18.110460281 724.418457031
18.419231415 736.769287109 14.497102737 579.884155273 19.023551941 760.942077637 18.241964340 729.678527832 10.782275200 431.290985107 17.195831299 687.833190918 12.446058273 497.842346191 13.367067337 534.682678223 18.925697327 757.027893066 14.229758263 569.190368652 18.709018707 748.360778809 17.827566147 713.102600098 10.580869675 423.234771729 17.181188583 687.247497559 12.119901657 484.796051025 13.299023628 531.960937500 18.838180542 753.527221680 14.463464737 578.538574219 18.912912369 756.516479492 18.010332108 720.413269043
18.322025299 732.880981445 14.391959190 575.678344727 18.935718536 757.428771973 18.141866684 725.674621582 10.674910545 426.996429443 17.091695786 683.667785645 12.344250679 493.770080566 13.266098976 530.643920898 18.828474045 753.138916016 14.124608994 564.984375000 18.621187210 744.847473145 17.727455139 709.098205566 10.473524094 418.940979004 17.077165604 683.086486816 12.018117905 480.724761963 13.198061943 527.922485352 18.741075516 749.643005371 14.358260155 574.330444336 18.825092316 753.003356934 17.910207748 716.408264160
18.225034714 728.992858887 14.286815643 571.472656250 18.847887039 753.915405273 18.041767120 721.670654297 10.567543030 422.701721191 16.987564087 679.502624512 12.242444992 489.697845459 13.165130615 526.605224609 18.731250763 749.250061035 14.019457817 560.778320312 18.533355713 741.334228516 17.627758026 705.093750000 10.366177559 414.647064209 16.973142624 678.925720215 11.916332245 476.653350830 13.097099304 523.883972168 18.643970490 745.758728027 14.253055573 570.122253418 18.737257004 749.490234375 17.810081482 712.403259277
18.127620697 725.104797363 14.181673050 567.266967773 18.760053635 750.402221680 17.941669464 717.666748047 10.460173607 418.406982422 16.883436203 675.337402344 12.140642166 485.625671387 13.064161301 522.566467285 18.634027481 745.361083984 13.914304733 556.572204590 18.445524216 737.820983887 17.527233124 701.089355469 10.258829117 410.353179932 16.869119644 674.764831543 11.814543724 472.581756592 12.996136665 519.845458984 18.546867371 741.874633789 14.147849083 565.914001465 18.649431229 745.977294922 17.709957123 708.398254395
18.030424118 721.216918945 14.076533318 563.061279297 18.672222137 746.888977051 17.841571808 713.662841797 10.352803230 414.112121582 16.779424667 671.172241211 12.038841248 481.553649902 12.963191986 518.527709961 18.536806107 741.472167969 13.809150696 552.365966797 18.357694626 734.307739258 17.427124023 697.084899902 10.151477814 406.059143066 16.765094757 670.603759766 11.712752342 468.510101318 12.895174980 515.807067871 18.449764252 737.990539551 14.042641640 561.705627441 18.561605453 742.464233398 17.609832764 704.393249512
17.933227539 717.329162598 13.971395493 558.855834961 18.584388733 743.375549316 17.741477966 709.659057617 10.245429993 409.817230225 16.675180435 667.007263184 11.937042236 477.481750488 12.862222672 514.488891602 18.439582825 737.583312988 13.703995705 548.159851074 18.269863129 730.794494629 17.327014923 693.080505371 10.044125557 401.765075684 16.661266327 666.442810059 11.610960007 464.438446045 12.794214249 511.768524170 18.352663040 734.106506348 13.937433243 557.497375488 18.473779678 738.951171875 17.509706497 700.388244629
17.836034775 713.441406250 13.866256714 554.650207520 18.496557236 739.862365723 17.641382217 705.655273438 10.138056755 405.522247314 16.571054459 662.842163086 11.835245132 473.409790039 12.761273384 510.450103760 18.342361450 733.694396973 13.598838806 543.953491211 18.182033539 727.281372070 17.226905823 689.076232910 9.936772346 397.470916748 16.557039261 662.281494141 11.509165764 460.366638184 12.693252563 507.730102539 18.255559921 730.222473145 13.832224846 553.288940430 18.385955811 735.438232422 17.409582138 696.383239746
17.738843918 709.553771973 13.761120796 550.444885254 18.408725739 736.348999023 17.541290283 701.651611328 10.030682564 401.227264404 16.466932297 658.677307129 11.733448982 469.337982178 12.660282135 506.411254883 18.245138168 729.805541992 13.493679047 539.747192383 18.094203949 723.768188477 17.126798630 685.071899414 9.829419136 393.176696777 16.453008652 658.120361328 11.407370567 456.294799805 12.592292786 503.691741943 18.158458710 726.338439941 13.727017403 549.080688477 18.298130035 731.925292969 17.309453964 692.378173828
17.641653061 705.666137695 13.655984879 546.239379883 18.320894241 732.835693359 17.441202164 697.648132324 9.923308372 396.932281494 16.362813950 654.512451172 11.631654739 465.266143799 12.559310913 502.372436523 18.147912979 725.916503906 13.388705254 535.540588379 18.006374359 720.254943848 17.026693344 681.067749023 9.722065926 388.882568359 16.348976135 653.958984375 11.305788040 452.222991943 12.491333008 499.653320312 18.061357498 722.454345703 13.621808052 544.872314453 18.210306168 728.412231445 17.209327698 688.373107910
17.544462204 701.778503418 13.550851822 542.033996582 18.233062744 729.322570801 17.341115952 693.644653320 9.815933228 392.637268066 16.258699417 650.347961426 11.529861450 461.194427490 12.458339691 498.333526611 18.050685883 722.027465820 13.283349037 531.333923340 17.918546677 716.741882324 16.926589966 677.063598633 9.614920616 384.588531494 16.244941711 649.797607422 11.203778267 448.151092529 12.390375137 495.614990234 17.964254379 718.570190430 13.516597748 540.663879395 18.122482300 724.899353027 17.109197617 684.368041992
17.447273254 697.890869141 13.445719719 537.828796387 18.145231247 725.809265137 17.241033554 689.641418457 9.708557129 388.342224121 16.154590607 646.183654785 11.428068161 457.122772217 12.357367516 494.294708252 17.953460693 718.138366699 13.178179741 527.127197266 17.830717087 713.228698730 16.826490402 673.059631348 9.507365227 380.294555664 16.140903473 645.636230469 11.101979256 444.079193115 12.289417267 491.576690674 17.867149353 714.685974121 13.411387444 536.455505371 18.034660339 721.386413574 17.009067535 680.362792969
17.350084305 694.003356934 13.340587616 533.623474121 18.057401657 722.296020508 17.140953064 685.638122559 9.601179123 384.047180176 16.050487518 642.019470215 11.326275826 453.051086426 12.256396294 490.255920410 17.856231689 714.249267578 13.073008537 522.920288086 17.742889404 709.715515137 16.726390839 669.055664062 9.400016785 376.000640869 16.036863327 641.474548340 11.000178337 440.007141113 12.188460350 487.538452148 17.770044327 710.801757812 13.306176186 532.246948242 17.946836472 717.873413086 16.908937454 676.357543945
17.252990723 690.115966797 13.235459328 529.418395996 17.969570160 718.782897949 17.040876389 681.635070801 9.493800163 379.752014160 15.946386337 637.855468750 11.224484444 448.979370117 12.155424118 486.216979980 17.759002686 710.360168457 12.967835426 518.713439941 17.655120850 706.202453613 16.626295090 665.051818848 9.292671204 371.706817627 15.932820320 637.312805176 10.898376465 435.935028076 12.087503433 483.500152588 17.672939301 706.917602539 13.200965881 528.038635254 17.859014511 714.360595703 16.808805466 672.352233887
17.155712128 686.228515625 13.130331993 525.213256836 17.881740570 715.269653320 16.940803528 677.632080078 9.386420250 375.456817627 15.842288971 633.691589355 11.122694016 444.907775879 12.054451942 482.178039551 17.661773682 706.471008301 12.862662315 514.506469727 17.567232132 702.689270020 16.526199341 661.047912598 9.185328484 367.413177490 15.828774452 633.151000977 10.796573639 431.862945557 11.986548424 479.461944580 17.575832367 703.033264160 13.095755577 523.830200195 17.771192551 710.847656250 16.708671570 668.346862793
17.058525085 682.341003418 13.025204659 521.008239746 17.793910980 711.756469727 16.840732574 673.629272461 9.279038429 371.161529541 15.738194466 629.527770996 11.020904541 440.836120605 11.953479767 478.139190674 17.564542770 702.581787109 12.757488251 510.299591064 17.479402542 699.176147461 16.426103592 657.044128418 9.077988625 363.119476318 15.724724770 628.989013672 10.694770813 427.790771484 11.885593414 475.423767090 17.478727341 699.149169922 12.990547180 519.621948242 17.683370590 707.334838867 16.608539581 664.341613770
16.961336136 678.453430176 12.920076370 516.803100586 17.706079483 708.243225098 16.740667343 669.626647949 9.171657562 366.866333008 15.634101868 625.364135742 10.919115067 436.764648438 11.852507591 474.100311279 17.467309952 698.692443848 12.652314186 506.092529297 17.391574860 695.662963867 16.326009750 653.040283203 8.970648766 358.825958252 15.620671272 624.826904297 10.592967033 423.718688965 11.784638405 471.385559082 17.381622314 695.264953613 12.885337830 515.413513184 17.595546722 703.821899414 16.508407593 660.336181641
16.864147186 674.565856934 12.814948082 512.597839355 17.618249893 704.729980469 16.640607834 665.624267578 9.064274788 362.571014404 15.530012131 621.200378418 10.817326546 432.693054199 11.751536369 470.061401367 17.370077133 694.803100586 12.547141075 501.885589600 17.303745270 692.149780273 16.225915909 649.036621094 8.863310814 354.532440186 15.516612053 620.664489746 10.491163254 419.646545410 11.683684349 467.347381592 17.284521103 691.380920410 12.780128479 511.205108643 17.507724762 700.308959961 16.408273697 656.330993652
16.766954422 670.678161621 12.709818840 508.392791748 17.530418396 701.216796875 16.540550232 661.622009277 8.956893921 358.275695801 15.425920486 617.036804199 10.715538025 428.621551514 11.650564194 466.022583008 17.272842407 690.913696289 12.441967964 497.678710938 17.215915680 688.636657715 16.126224518 645.032958984 8.755972862 350.238861084 15.412546158 616.501770020 10.389360428 415.574462891 11.582731247 463.309295654 17.187423706 687.496948242 12.674920082 506.996795654 17.419900894 696.796142578 16.308141708 652.325622559
16.669763565 666.790527344 12.604689598 504.187530518 17.442588806 697.703552246 16.440498352 657.619873047 8.849513054 353.980590820 15.321827888 612.873046875 10.613750458 424.549987793 11.549592018 461.983703613 17.175607681 687.024291992 12.336797714 493.471893311 17.128086090 685.123413086 16.025733948 641.029357910 8.648634911 345.945465088 15.308475494 612.338989258 10.287557602 411.502288818 11.481779099 459.271179199 17.090330124 683.613220215 12.569709778 502.788391113 17.332078934 693.283081055 16.208007812 648.320251465
16.572570801 662.902893066 12.499559402 499.982391357 17.354759216 694.190368652 16.340446472 653.617858887 8.742135048 349.685394287 15.217729568 608.709106445 10.511962891 420.478546143 11.448620796 457.944824219 17.078372955 683.135009766 12.231630325 489.265289307 17.040256500 681.610290527 15.925642967 637.025634766 8.541297913 341.651947021 15.204401016 608.176025391 10.185757637 407.430328369 11.380827904 455.233154297 16.993240356 679.729675293 12.464500427 498.580047607 17.244255066 689.770263672 16.107873917 644.314941406
16.475376129 659.015075684 12.394429207 495.777130127 17.266929626 690.677185059 16.240398407 649.615966797 8.634757996 345.390411377 15.113630295 604.545166016 10.410177231 416.407073975 11.347649574 453.905975342 16.981138229 679.245544434 12.126465797 485.058563232 16.952426910 678.097045898 15.825551033 633.022033691 8.433960915 337.358489990 15.100325584 604.012939453 10.083962440 403.358489990 11.279877663 451.195129395 16.896154404 675.846252441 12.359291077 494.371643066 17.156433105 686.257263184 16.007740021 640.309570312
16.378181458 655.127197266 12.289299965 491.572052002 17.179100037 687.164062500 16.140350342 645.614074707 8.527383804 341.095428467 15.009527206 600.381042480 10.308392525 412.335754395 11.246677399 449.867095947 16.883901596 675.356018066 12.021303177 480.852172852 16.864597321 674.583923340 15.725459099 629.018371582 8.326623917 333.065002441 14.996250153 599.849914551 9.982168198 399.286743164 11.178946495 447.157135010 16.799076080 671.963012695 12.254080772 490.163299561 17.068609238 682.744445801 15.907606125 636.304260254
16.281013489 651.239379883 12.184168816 487.366760254 17.091272354 683.650878906 16.040304184 641.612182617 8.420012474 336.800476074 14.905421257 596.216796875 10.206610680 408.264434814 11.145707130 445.828277588 16.786663055 671.466491699 11.916143417 476.645721436 16.776769638 671.070739746 15.625366211 625.014587402 8.219285965 328.771423340 14.892174721 595.686950684 9.880377769 395.215118408 11.077982903 443.119323730 16.701999664 668.080017090 12.148873329 485.954925537 16.980785370 679.231384277 15.807474136 632.298950195
16.183786392 647.351501465 12.079035759 483.161407471 17.003442764 680.137756348 15.940256119 637.610229492 8.312644005 332.505737305 14.801310539 592.052368164 10.104827881 404.193145752 11.044735909 441.789459229 16.689422607 667.576965332 11.810988426 472.439544678 16.688940048 667.557678223 15.525272369 621.010864258 8.111948967 324.477935791 14.788097382 591.523864746 9.778772354 391.143585205 10.977039337 439.081542969 16.604928970 664.197204590 12.043665886 481.746551514 16.892963409 675.718505859 15.707342148 628.293640137
16.086589813 643.463562012 11.973899841 478.956054688 16.915615082 676.624572754 15.840208054 633.608337402 8.205279350 328.211181641 14.697196007 587.887878418 10.003044128 400.121765137 10.943765640 437.750671387 16.592184067 663.687377930 11.705965042 468.233459473 16.601110458 664.044433594 15.425175667 617.007080078 8.004610062 320.184448242 14.684020042 587.360839844 9.676803589 387.072174072 10.876097679 435.043914795 16.507860184 660.314392090 11.938458443 477.538360596 16.805139542 672.205505371 15.607212067 624.288452148
15.989397049 639.575866699 11.868762016 474.750457764 16.827787399 673.111450195 15.740157127 629.606323242 8.097916603 323.916656494 14.593075752 583.723022461 9.901257515 396.050354004 10.842795372 433.711791992 16.494943619 659.797790527 11.600687027 464.027435303 16.513360977 660.531372070 15.325078964 613.003173828 7.897269726 315.890777588 14.579939842 583.197631836 9.575019836 383.000823975 10.775156975 431.006286621 16.410793304 656.431762695 11.833251953 473.330017090 16.717315674 668.692626953 15.507081985 620.283325195
15.892205238 635.688171387 11.763622284 470.544952393 16.739957809 669.598388672 15.640104294 625.604187012 7.990556240 319.622253418 14.488948822 579.557983398 9.799468040 391.978729248 10.741825104 429.673065186 16.397705078 655.908203125 11.495538712 459.821594238 16.425455093 657.018188477 15.224979401 608.999206543 7.790078163 311.597198486 14.475858688 579.034362793 9.473238945 378.929565430 10.674218178 426.968750000 16.313728333 652.549072266 11.728045464 469.121856689 16.629489899 665.179565430 15.406952858 616.278076172
15.795018196 631.800659180 11.658480644 466.339263916 16.652130127 666.085327148 15.540047646 621.601989746 7.883196831 315.327850342 14.384818077 575.392700195 9.697673798 387.906921387 10.640855789 425.634246826 16.300466537 652.018615723 11.390395164 455.615783691 16.337629318 653.505187988 15.124877930 604.995117188 7.682587147 307.303466797 14.371774673 574.870910645 9.371459961 374.858398438 10.573279381 422.931182861 16.216667175 648.666625977 11.622840881 464.913604736 16.541666031 661.666687012 15.306823730 612.272949219
15.697834969 627.913391113 11.553337097 462.133422852 16.564302444 662.572082520 15.439990044 617.599609375 7.775838852 311.033477783 14.280881882 571.227294922 9.595873833 383.835021973 10.539886475 421.595458984 16.203227997 648.129150391 11.285253525 451.410095215 16.249801636 649.992004395 15.024772644 600.990905762 7.575243473 303.009674072 14.267685890 570.707397461 9.269682884 370.787353516 10.472341537 418.893646240 16.119611740 644.784484863 11.517637253 460.705413818 16.453842163 658.153625488 15.206694603 608.267761230
15.600658417 624.026306152 11.448190689 457.927642822 16.476474762 659.059020996 15.339931488 613.597229004 7.668482304 306.739379883 14.176548958 567.062011719 9.494070053 379.762756348 10.438918114 417.556732178 16.105991364 644.239624023 11.180115700 447.204620361 16.161975861 646.479064941 14.924662590 596.986511230 7.467897892 298.715972900 14.163592339 566.543762207 9.167909622 366.716369629 10.371403694 414.856140137 16.022558212 640.902343750 11.412433624 456.497375488 16.366016388 654.640686035 15.106564522 604.262573242
15.503484726 620.139404297 11.343042374 453.721649170 16.388647079 655.545837402 15.239871025 609.594848633 7.561124802 302.445037842 14.072412491 562.896545410 9.392261505 375.690460205 10.337949753 413.517974854 16.008756638 640.350280762 11.074977875 442.999114990 16.074150085 642.965881348 14.824546814 592.981872559 7.360550880 294.422058105 14.059548378 562.379821777 9.066141129 362.645660400 10.270464897 410.818572998 15.925510406 637.020446777 11.307229996 452.289184570 16.278192520 651.127624512 15.006435394 600.257385254
15.406312943 616.252563477 11.237893105 449.515716553 16.300817490 652.032775879 15.139809608 605.592407227 7.453767300 298.150756836 13.968276024 558.731018066 9.290450096 371.618011475 10.236981392 409.479248047 15.911520958 636.460754395 10.969841003 438.793670654 15.986323357 639.452941895 14.724424362 588.977050781 7.253201485 290.128082275 13.955395699 558.215881348 8.964376450 358.575073242 10.169526100 406.781066895 15.828464508 633.138549805 11.202028275 448.081115723 16.190368652 647.614746094 14.906305313 596.252197266
15.309173584 612.365783691 11.132743835 445.309722900 16.212989807 648.519653320 15.039743423 601.589721680 7.346409798 293.856445312 13.864142418 554.565673828 9.188636780 367.545471191 10.136013985 405.440551758 15.814287186 632.571472168 10.864702225 434.588073730 15.898497581 635.939941406 14.624750137 584.971923828 7.145849705 285.834045410 13.851294518 554.051696777 8.862612724 354.504547119 10.068587303 402.743438721 15.731418610 629.256774902 11.096826553 443.873077393 16.102542877 644.101684570 14.806174278 592.246948242
15.211977005 608.479125977 11.027593613 441.103820801 16.125162125 645.006469727 14.939674377 597.586914062 7.239052773 289.562133789 13.760009766 550.400451660 9.086821556 363.472808838 10.035048485 401.401885986 15.717055321 628.682250977 10.759562492 430.382537842 15.810671806 632.426879883 14.524161339 580.966430664 7.038496017 281.539886475 13.747195244 549.887817383 8.760850906 350.434051514 9.967648506 398.705963135 15.634371758 625.374938965 10.991628647 439.665191650 16.014719009 640.588745117 14.706042290 588.241638184
15.114809990 604.592468262 10.922443390 436.897735596 16.037334442 641.493347168 14.839601517 593.583984375 7.131696701 285.267822266 13.655881882 546.235290527 8.985006332 359.400238037 9.934082985 397.363311768 15.619824409 624.793029785 10.654417038 426.176666260 15.722846985 628.913879395 14.424018860 576.960693359 6.931140423 277.245574951 13.643100739 545.724060059 8.659090042 346.363586426 9.866708755 394.668365479 15.537323952 621.492980957 10.886434555 435.457366943 15.926893234 637.075744629 14.605908394 584.236267090
15.017642021 600.705688477 10.817290306 432.691589355 15.949505806 637.980224609 14.739523888 589.580993652 7.024342537 280.973693848 13.551757812 542.070251465 8.883190155 355.327636719 9.833119392 393.324768066 15.522594452 620.903747559 10.549267769 421.970642090 15.635021210 625.400817871 14.323871613 572.954895020 6.823781967 272.951263428 13.539010048 541.560302734 8.557330132 342.293212891 9.765768051 390.630737305 15.440274239 617.610961914 10.781241417 431.249572754 15.839068413 633.562744141 14.505772591 580.230895996
14.920472145 596.818847656 10.712135315 428.485473633 15.861678123 634.467102051 14.639443398 585.577697754 6.916989803 276.679626465 13.447638512 537.905517578 8.781374931 351.254974365 9.732155800 389.286254883 15.425364494 617.014526367 10.444111824 417.764526367 15.547195435 621.887756348 14.223720551 568.948852539 6.716423035 268.656921387 13.434921265 537.396850586 8.455571175 338.222839355 9.664827347 386.593109131 15.343222618 613.728820801 10.676050186 427.042053223 15.751243591 630.049743652 14.405632973 576.225341797
14.823302269 592.932067871 10.606976509 424.278991699 15.773850441 630.954040527 14.539357185 581.574218750 6.809637547 272.385467529 13.343523979 533.740966797 8.679561615 347.182434082 9.631194115 385.247833252 15.328133583 613.125366211 10.338950157 413.558013916 15.459369659 618.374816895 14.123566628 564.942565918 6.609063148 264.362487793 13.330835342 533.233398438 8.353815079 334.152587891 9.563884735 382.555419922 15.246167183 609.846679688 10.570860863 422.834381104 15.663419724 626.536804199 14.305492401 572.219665527
14.726130486 589.045227051 10.501814842 420.072570801 15.686022758 627.440917969 14.439266205 577.570617676 6.702284813 268.091400146 13.239414215 529.576599121 8.577749252 343.109954834 9.530233383 381.209350586 15.230903625 609.236206055 10.233783722 409.351379395 15.371626854 614.861755371 14.023411751 560.936401367 6.501703262 260.068176270 13.226752281 529.070129395 8.252218246 330.082489014 9.462942123 378.517669678 15.149109840 605.964416504 10.465671539 418.626892090 15.575595856 623.023864746 14.205349922 568.213989258
14.628956795 585.158264160 10.396650314 415.865997314 15.598195076 623.927856445 14.339170456 573.566833496 6.594931126 263.797210693 13.135310173 525.412353516 8.475937843 339.037506104 9.429273605 377.170959473 15.133676529 605.347045898 10.128609657 405.144378662 15.283718109 611.348754883 13.923257828 556.930358887 6.394342899 255.773712158 13.122672081 524.906860352 8.150313377 326.012542725 9.361997604 374.479858398 15.052049637 602.082031250 10.360480309 414.419219971 15.487772942 619.510925293 14.105206490 564.208251953
14.531781197 581.271240234 10.291483879 411.659423828 15.510367393 620.414611816 14.239067078 569.562744141 6.487574577 259.502929688 13.031209946 521.248352051 8.374127388 334.965118408 9.328315735 373.132659912 15.036452293 601.458068848 10.023550034 400.937194824 15.195892334 607.835632324 13.823104858 552.924255371 6.286982536 251.479278564 13.018596649 520.743835449 8.048563957 321.942596436 9.261050224 370.442016602 14.954986572 598.199401855 10.255285263 410.211456299 15.399950027 615.997924805 14.005059242 560.202392578
14.434603691 577.384155273 10.186315536 407.452636719 15.422540665 616.901611328 14.138957024 565.558349609 6.380215168 255.208633423 12.927112579 517.084472656 8.272319794 330.892791748 9.227357864 369.094299316 14.939232826 597.569274902 9.918242455 396.729736328 15.108065605 604.322631836 13.722951889 548.918151855 6.179622650 247.184921265 12.914525986 516.581054688 7.946813107 317.872558594 9.160101891 366.404083252 14.857919693 594.316833496 10.150087357 406.003509521 15.312127113 612.485046387 13.904908180 556.196350098
14.337457657 573.496948242 10.081146240 403.245849609 15.334712982 613.388549805 14.038842201 561.553710938 6.272851944 250.914108276 12.823019981 512.920715332 8.170513153 326.820526123 9.126400948 365.056030273 14.842018127 593.680664062 9.813055038 392.522125244 15.020238876 600.809631348 13.622800827 544.912048340 6.072261810 242.890457153 12.810458183 512.418273926 7.845064163 313.802581787 9.059151649 362.366058350 14.760849953 590.433959961 10.044887543 401.795440674 15.224304199 608.972167969 13.804756165 552.190246582
14.240243912 569.609680176 9.975976944 399.039062500 15.246886253 609.875427246 13.938724518 557.549011230 6.165486336 246.619445801 12.718931198 508.757232666 8.068707466 322.748291016 9.025444031 361.017791748 14.744809151 589.792358398 9.707866669 388.314636230 14.932412148 597.296447754 13.522649765 540.906066895 5.965053082 238.596008301 12.706394196 508.255798340 7.743318081 309.732757568 8.958200455 358.328033447 14.663780212 586.551147461 9.939684868 397.587463379 15.136481285 605.459228516 13.704601288 548.184082031
14.143064499 565.722656250 9.870809555 394.832336426 15.159060478 606.362426758 13.838604927 553.544128418 6.058118820 242.324737549 12.614847183 504.593841553 7.966902733 318.676147461 8.924489021 356.979553223 14.647604942 585.904296875 9.602679253 384.107116699 14.844585419 593.783325195 13.422497749 536.899841309 5.857535839 234.301437378 12.602334023 504.093292236 7.641574860 305.663024902 8.857248306 354.289916992 14.566708565 582.668334961 9.834483147 393.379302979 15.048658371 601.946350098 13.604446411 544.177795410
14.045887947 561.835571289 9.765644073 390.625793457 15.071234703 602.849426270 13.738484383 549.539367676 5.950749874 238.029998779 12.510766029 500.430633545 7.865100861 314.604034424 8.823533058 352.941345215 14.550405502 582.016235352 9.497492790 379.899749756 14.756757736 590.270385742 13.322346687 532.893920898 5.750168324 230.006744385 12.498273849 499.930999756 7.539833546 301.593383789 8.756295204 350.251770020 14.469635010 578.785400391 9.729281425 389.171295166 14.960835457 598.433471680 13.504288673 540.171569824
13.948713303 557.948547363 9.660479546 386.419189453 14.983408928 599.336303711 13.638363838 545.534484863 5.843379974 233.735229492 12.406689644 496.267669678 7.763301849 310.532043457 8.722579002 348.903106689 14.453210831 578.128417969 9.392310143 375.692413330 14.668930054 586.757141113 13.222196579 528.887817383 5.642798424 225.711929321 12.394212723 495.768585205 7.438092232 297.523651123 8.655340195 346.213562012 14.372559547 574.902343750 9.624078751 384.963104248 14.873013496 594.920532227 13.404129982 536.165222168
13.851539612 554.061584473 9.555315971 382.212646484 14.895582199 595.823303223 13.538244247 541.529724121 5.736011028 229.440460205 12.302615166 492.104614258 7.661505222 306.460174561 8.621623993 344.864959717 14.356022835 574.240844727 9.287133217 371.485382080 14.581102371 583.244079590 13.122350693 524.881958008 5.535427094 221.417114258 12.290150642 491.605987549 7.336353302 293.454101562 8.554385185 342.175415039 14.275485039 571.019348145 9.518876076 380.755096436 14.785190582 591.407592773 13.303969383 532.158752441
13.754368782 550.174743652 9.450151443 378.006042480 14.807756424 592.310302734 13.438128471 537.525146484 5.628642559 225.145645142 12.198543549 487.941772461 7.559713364 302.388549805 8.520669937 340.826782227 14.258842468 570.353698730 9.181962967 367.278503418 14.493274689 579.731018066 13.021903038 520.876098633 5.428053856 217.122131348 12.186088562 487.443603516 7.234614372 289.384582520 8.453520775 338.137207031 14.178413391 567.136535645 9.413674355 376.546966553 14.697390556 587.894714355 13.203805923 528.152282715
13.657197952 546.287841797 9.344987869 373.799468994 14.719929695 588.797180176 13.338015556 533.520629883 5.521274090 220.850936890 12.094474792 483.778930664 7.457928181 298.317138672 8.419714928 336.788604736 14.161667824 566.466674805 9.076798439 363.071868896 14.405447006 576.217895508 12.921759605 516.870361328 5.320678234 212.827163696 12.082026482 483.281036377 7.132872581 285.314910889 8.352472305 334.098907471 14.081344604 563.253723145 9.308472633 372.338836670 14.609544754 584.381774902 13.103641510 524.145629883
13.560029030 542.401184082 9.239827156 369.593109131 14.632103920 585.284179688 13.237907410 529.516235352 5.413906097 216.556289673 11.990407944 479.616302490 7.356147289 294.245880127 8.318758965 332.750396729 14.064499855 562.579956055 8.971636772 358.865509033 14.317619324 572.704711914 12.821619034 512.864746094 5.213301182 208.532104492 11.977961540 479.118530273 7.031125546 281.245025635 8.251514435 330.060607910 13.984278679 559.371154785 9.203271866 368.130889893 14.521720886 580.868774414 13.003473282 520.138916016
13.462863922 538.514587402 9.134668350 365.386749268 14.544277191 581.771057129 13.137803078 525.512023926 5.306538105 212.261520386 11.886340141 475.453582764 7.254371643 290.174865723 8.217802048 328.712097168 13.967335701 558.693359375 8.866475105 354.658996582 14.229893684 569.191711426 12.721481323 508.859191895 5.105924129 204.236953735 11.873895645 474.955810547 6.929376602 277.175048828 8.150557518 326.022277832 13.887214661 555.488525391 9.098070145 363.922790527 14.433897018 577.355957031 12.903302193 516.132080078
13.365732193 534.628112793 9.029513359 361.180572510 14.456451416 578.257995605 13.037701607 521.508056641 5.199169636 207.966827393 11.782439232 471.290954590 7.152599335 286.103973389 8.116844177 324.673767090 13.870176315 554.807006836 8.761312485 350.452575684 14.141964912 565.678527832 12.621347427 504.853881836 4.998548031 199.941970825 11.769831657 470.793243408 6.827624798 273.104980469 8.049600601 321.984039307 13.790152550 551.606079102 8.992866516 359.714660645 14.346073151 573.842895508 12.803126335 512.125061035
13.268546104 530.741821289 8.924360275 356.974395752 14.368625641 574.744995117 12.937602043 517.504150391 5.091801643 203.672058105 11.678203583 467.128173828 7.050827980 282.033142090 8.015887260 320.635467529 13.773019791 550.920776367 8.656148911 346.245941162 14.054137230 562.165466309 12.521217346 500.848754883 4.891173840 195.646987915 11.665770531 466.630889893 6.725994587 269.034851074 7.948644638 317.945770264 13.693090439 547.723571777 8.887660980 355.506408691 14.258248329 570.329956055 12.702945709 508.117858887
13.171392441 526.855651855 8.819211960 352.768493652 14.280799866 571.231994629 12.837507248 513.500305176 4.984434605 199.377380371 11.574131012 462.965179443 6.949058533 277.962341309 7.914928436 316.597137451 13.675865173 547.034545898 8.550986290 342.039489746 13.966310501 558.652404785 12.421090126 496.843566895 4.783802509 191.352050781 11.561709404 462.468353271 6.624113083 264.964538574 7.847689152 313.907592773 13.596027374 543.841003418 8.782454491 351.298156738 14.170424461 566.817016602 12.602761269 504.110412598
13.074242592 522.969726562 8.714068413 348.562744141 14.192974091 567.718994141 12.737416267 509.496643066 4.877069473 195.082717896 11.470054626 458.802185059 6.847292900 273.891754150 7.813969135 312.558746338 13.578715324 543.148620605 8.445827484 337.833099365 13.878483772 555.139404297 12.320965767 492.838623047 4.676435947 187.057388306 11.457692146 458.305908203 6.522351265 260.894042969 7.746735096 309.869415283 13.498962402 539.958557129 8.677248955 347.089935303 14.082599640 563.303955078 12.502573013 500.102966309
12.977096558 519.083923340 8.608929634 344.357208252 14.105149269 564.205993652 12.637328148 505.493103027 4.769705296 190.788253784 11.365974426 454.638977051 6.745529652 269.821197510 7.713008881 308.520324707 13.481567383 539.262695312 8.340780258 333.626892090 13.790657997 551.626281738 12.220847130 488.833862305 4.569072247 182.762908936 11.353581429 454.143280029 6.420586109 256.823455811 7.645781040 305.831237793 13.401897430 536.075927734 8.572045326 342.881805420 13.994774818 559.790893555 12.402381897 496.095275879
12.879953384 515.198120117 8.503798485 340.151977539 14.017324448 560.692993164 12.537242889 501.489746094 4.662342548 186.493759155 11.261889458 450.475555420 6.643768787 265.750701904 7.612048149 304.481933594 13.384422302 535.376892090 8.235519409 329.420837402 13.702831268 548.113220215 12.120731354 484.829284668 4.461712360 178.468551636 11.249512672 449.980438232 6.318819046 252.752731323 7.544827461 301.793090820 13.304832458 532.193298340 8.466842651 338.673736572 13.906949043 556.277954102 12.302189827 492.087615967
12.782814026 511.312530518 8.398675919 335.947021484 13.929499626 557.180053711 12.437159538 497.486358643 4.554980278 182.199203491 11.157801628 446.312072754 6.542012215 261.680480957 7.511086941 300.443450928 13.287281990 531.491210938 8.130373955 325.214935303 13.615005493 544.600280762 12.020617485 480.824707031 4.354356766 174.174255371 11.145440102 445.817626953 6.217050552 248.681991577 7.443875313 297.754974365 13.207766533 528.310668945 8.361643791 334.465759277 13.819124222 552.764953613 12.201996803 488.079864502
12.685677528 507.427124023 8.293561935 331.742431641 13.841674805 553.666931152 12.337079048 493.483184814 4.447618008 177.904754639 11.053709984 442.148437500 6.440259457 257.610412598 7.410125732 296.405029297 13.190143585 527.605773926 8.025230408 321.009216309 13.527180672 541.087219238 11.920506477 476.820251465 4.247002602 169.880126953 11.041364670 441.654602051 6.115281582 244.611251831 7.342923164 293.716918945 13.110702515 524.428161621 8.256445885 330.257843018 13.731298447 549.251892090 12.101805687 484.072235107
12.588545799 503.541839600 8.188451767 327.538116455 13.753849983 550.153991699 12.236998558 489.479949951 4.340254307 173.610244751 10.949614525 437.984497070 6.338510036 253.540374756 7.309163570 292.366577148 13.093008041 523.720336914 7.920093060 316.803741455 13.439354897 537.574218750 11.820397377 472.815917969 4.139737129 165.586135864 10.937285423 437.491333008 6.013514042 240.540527344 7.241971493 289.678863525 13.013640404 520.545654297 8.151249886 326.049987793 13.643473625 545.738952637 12.001616478 480.064666748
12.491419792 499.656768799 8.083344460 323.333801270 13.666026115 546.640991211 12.136918068 485.476776123 4.232889175 169.315643311 10.845514297 433.820587158 6.236762524 249.470458984 7.208200455 288.327941895 12.995873451 519.834899902 7.814958572 312.598327637 13.351530075 534.061218262 11.720290184 468.811614990 4.032300949 161.292114258 10.833202362 433.328094482 5.911748886 236.469909668 7.141020775 285.640777588 12.916582108 516.663208008 8.046056747 321.842285156 13.555648804 542.226013184 11.901430130 476.057250977
12.394329071 495.772003174 7.978237629 319.129547119 13.578201294 543.128112793 12.036837578 481.473541260 4.125523090 165.020858765 10.741413116 429.656555176 6.135016918 245.400680542 7.107236385 284.289428711 12.898741722 515.949707031 7.709826469 308.393066406 13.263705254 530.548278809 11.620483398 464.807464600 3.924952030 156.998031616 10.729116440 429.164642334 5.809984207 232.399353027 7.040070534 281.602813721 12.819524765 512.781005859 7.940869808 317.634826660 13.467824936 538.713012695 11.801245689 472.049865723
12.297182083 491.887268066 7.873127937 314.925109863 13.490377426 539.615112305 11.936758041 477.470306396 4.018155098 160.726165771 10.637310028 425.492462158 6.033275127 241.331024170 7.006271839 280.250885010 12.801610947 512.064392090 7.604694843 304.187774658 13.175881386 527.035217285 11.520079613 460.803131104 3.817605972 152.704223633 10.625030518 425.001281738 5.708220959 228.328842163 6.939120770 277.564819336 12.722469330 508.898712158 7.835689068 313.427581787 13.380000114 535.199951172 11.701063156 468.042510986
12.200071335 488.002868652 7.768014908 310.720642090 13.402553558 536.102111816 11.836680412 473.467193604 3.910786390 156.431488037 10.533204079 421.328125000 5.931537151 237.261489868 6.905306339 276.212280273 12.704478264 508.179138184 7.499561787 299.982482910 13.088150978 523.522277832 11.419972420 456.798828125 3.710260868 148.410461426 10.520946503 420.837799072 5.606461525 224.258453369 6.838171959 273.526885986 12.625414848 505.016632080 7.730514526 309.220581055 13.292176247 531.687011719 11.600883484 464.035278320
12.102965355 484.118652344 7.662897587 306.515899658 13.314731598 532.589294434 11.736602783 469.464111328 3.803417683 152.136642456 10.429095268 417.163818359 5.829803944 233.192138672 6.804339886 272.173583984 12.607345581 504.293792725 7.394426346 295.777038574 13.000234604 520.009399414 11.319860458 452.794403076 3.602914572 144.116577148 10.416866302 416.674621582 5.504704952 220.188171387 6.737224102 269.488952637 12.528364182 501.134552002 7.625346184 305.013824463 13.204352379 528.174072266 11.500704765 460.028198242
12.005864143 480.234619141 7.557773113 302.310882568 13.226909637 529.076354980 11.636526108 465.460998535 3.696050167 147.841995239 10.324985504 412.999450684 5.728075504 229.123062134 6.703372955 268.134887695 12.510209084 500.408416748 7.289287567 291.571472168 12.912411690 516.496520996 11.219745636 448.789855957 3.495568991 139.822753906 10.312787056 412.511505127 5.402950287 216.118026733 6.636276245 265.451019287 12.431315422 497.252655029 7.520187378 300.807495117 13.116528511 524.661193848 11.400527954 456.021148682
11.908764839 476.350585938 7.452641010 298.105621338 13.139087677 525.563537598 11.536450386 461.458007812 3.588685274 143.547378540 10.220874786 408.835052490 5.626350880 225.054092407 6.602405548 264.096282959 12.413070679 496.522796631 7.184145927 287.365844727 12.824587822 512.983520508 11.119629860 444.785156250 3.388225555 135.528976440 10.208709717 408.348449707 5.301198483 212.047943115 6.535327435 261.413116455 12.334267616 493.370666504 7.415040016 296.601593018 13.028704643 521.148193359 11.300352097 452.014038086
11.811667442 472.466735840 7.347500324 293.900024414 13.051266670 522.050659180 11.436376572 457.455078125 3.481323242 139.253005981 10.116766930 404.670654297 5.524627686 220.985061646 6.501437664 260.057525635 12.315927505 492.637084961 7.079002857 283.160095215 12.736764908 509.470581055 11.019512177 440.780456543 3.280885220 131.235412598 10.104632378 404.185241699 5.199537754 207.978088379 6.434378147 257.375122070 12.237221718 489.488922119 7.309902668 292.396118164 12.940880775 517.635253906 11.200177193 448.007049561
11.714569092 468.582733154 7.242351532 289.694091797 12.963445663 518.537841797 11.336303711 453.452148438 3.373963118 134.958541870 10.012661934 400.506439209 5.422905445 216.916244507 6.400469780 256.018798828 12.218778610 488.751098633 6.973855019 278.954223633 12.648941040 505.957641602 10.919394493 436.775817871 3.173547268 126.941864014 10.000556946 400.022247314 5.097710609 203.908447266 6.333428383 253.337142944 12.140179634 485.607147217 7.204770088 288.190795898 12.853056908 514.122314453 11.100004196 444.000213623
11.617471695 464.698913574 7.137193203 285.487731934 12.875623703 515.024963379 11.236232758 449.449249268 3.266603231 130.664077759 9.908555984 396.342254639 5.321181774 212.847259521 6.299501419 251.980056763 12.121626854 484.865142822 6.868705750 274.748260498 12.561117172 502.444763184 10.819274902 432.770935059 3.066210985 122.648422241 9.896482468 395.859344482 4.995974064 199.838943481 6.232477665 249.299072266 12.043141365 481.725677490 7.099643707 283.985778809 12.765233040 510.609375000 10.999834061 439.993347168
11.520374298 460.814971924 7.032024860 281.281036377 12.787801743 511.512145996 11.136160851 445.446441650 3.159243345 126.369796753 9.804451942 392.178131104 5.219455719 208.778244019 6.198533058 247.941314697 12.024472237 480.978912354 6.763555527 270.542236328 12.473294258 498.931823730 10.719155312 428.766204834 2.958874464 118.355049133 9.792409897 391.696441650 4.894243717 195.769760132 6.131525993 245.261062622 11.946105003 477.844238281 6.994524479 279.780975342 12.677409172 507.096405029 10.899667740 435.986724854
11.423316956 456.931091309 6.926847458 277.073913574 12.699980736 507.999206543 11.036087036 441.443511963 3.051884651 122.075416565 9.700350761 388.013946533 5.117728710 204.709213257 6.097564220 243.902603149 11.927312851 477.092498779 6.658457756 266.336181641 12.385470390 495.418792725 10.619033813 424.761352539 2.851538420 114.061561584 9.688339233 387.533508301 4.792519569 191.700805664 6.030573845 241.222946167 11.849073410 473.962921143 6.889411926 275.576477051 12.589585304 503.583404541 10.799503326 431.980163574
11.326182365 453.047271729 6.821662426 272.866485596 12.612159729 504.486358643 10.936010361 437.440429688 2.944527864 117.781135559 9.596249580 383.849945068 5.015998840 200.639892578 5.996595383 239.863815308 11.830151558 473.206085205 6.553250313 262.130004883 12.297646523 491.905883789 10.518908501 420.756408691 2.744202137 109.768119812 9.584273338 383.370910645 4.690800667 187.632019043 5.929621220 237.184890747 11.752041817 470.081695557 6.784306049 271.372192383 12.501761436 500.070434570 10.699343681 427.973754883
11.229085922 449.163482666 6.716472626 268.658905029 12.524338722 500.973602295 10.835932732 433.437347412 2.837172985 113.486915588 9.492149353 379.685974121 4.914266109 196.570663452 5.895626545 235.825027466 11.732988358 469.319580078 6.448097229 257.923919678 12.209822655 488.392974854 10.418782234 416.751342773 2.636863232 105.474548340 9.480212212 379.208496094 4.589086533 183.563491821 5.828676701 233.146713257 11.655014038 466.200622559 6.679203510 267.168151855 12.413937569 496.557525635 10.599186897 423.967498779
11.131989479 445.279541016 6.611277103 264.451080322 12.436518669 497.460815430 10.735852242 429.434112549 2.729822159 109.192886353 9.388110161 375.522094727 4.812529564 192.501129150 5.794657707 231.786331177 11.635824203 465.432922363 6.342946053 253.717864990 12.121998787 484.880004883 10.318652153 412.746093750 2.529522896 101.180923462 9.376154900 375.046173096 4.487376213 179.495025635 5.727714539 229.108551025 11.557990074 462.319580078 6.574101925 262.964080811 12.326114655 493.044616699 10.499032974 419.961303711
11.034889221 441.395538330 6.506077290 260.243103027 12.348699570 493.947937012 10.635768890 425.430816650 2.622477531 104.899093628 9.283950806 371.358032227 4.710786343 188.431472778 5.693688869 227.747589111 11.538657188 461.546264648 6.237795830 249.511825562 12.034174919 481.366973877 10.218519211 408.740814209 2.422179937 96.887184143 9.272096634 370.883880615 4.385669231 175.426742554 5.626760006 225.070434570 11.460969925 458.438812256 6.468996048 258.759887695 12.238289833 489.531616211 10.398880005 415.955291748
10.937785149 437.511413574 6.400874615 256.035003662 12.260879517 490.435211182 10.535683632 421.427368164 2.515140772 100.605674744 9.179848671 367.194000244 4.609038830 184.361572266 5.592720509 223.708831787 11.441487312 457.659454346 6.132644176 245.305801392 11.946455956 477.854034424 10.118743896 404.735443115 2.314888954 92.593391418 9.168039322 366.721679688 4.283966064 171.358657837 5.525805950 221.032226562 11.363953590 454.558135986 6.363888264 254.555557251 12.150465965 486.018585205 10.298730850 411.949249268
10.840679169 433.627136230 6.295669079 251.826736450 12.173060417 486.922424316 10.435594559 417.423736572 2.407811403 96.312438965 9.075744629 363.029724121 4.507285118 180.291397095 5.491752625 219.670089722 11.344314575 453.772583008 6.027489185 241.099548340 11.858526230 474.341064453 10.018250465 400.729980469 2.207485437 88.299400330 9.063981056 362.559173584 4.182262421 167.290466309 5.424851418 216.994049072 11.266939163 450.677490234 6.258777142 250.351058960 12.062642097 482.505706787 10.198583603 407.943267822
10.743571281 429.742919922 6.190465450 247.618576050 12.085240364 483.409667969 10.335502625 413.420043945 2.300489664 92.019584656 8.971636772 358.865478516 4.405524731 176.220977783 5.390784740 215.631362915 11.247142792 449.885772705 5.922329903 236.893142700 11.770702362 470.828125000 9.918112755 396.724456787 2.100132704 84.005302429 8.959920883 358.396789551 4.080559254 163.222396851 5.323898315 212.955932617 11.169925690 446.797119141 6.153662682 246.146514893 11.974819183 478.992767334 10.098438263 403.937500000
10.646459579 425.858367920 6.085264683 243.410568237 11.997420311 479.896820068 10.235404968 409.416198730 2.193175793 87.727066040 8.867531776 354.701263428 4.303759098 172.150360107 5.289816856 211.592636108 11.149969101 445.998748779 5.817163944 232.686523438 11.682877541 467.315185547 9.817974091 392.718933105 1.992776036 79.711051941 8.855896950 354.234436035 3.978857279 159.154266357 5.222946644 208.917846680 11.072915077 442.916595459 6.048543930 241.941741943 11.886995316 475.479827881 9.998295784 399.931823730
10.549345016 421.973815918 5.980068684 239.202743530 11.909599304 476.384094238 10.135304451 405.412170410 2.085867167 83.434661865 8.763426781 350.537109375 4.201989174 168.079528809 5.188849926 207.553970337 11.052794456 442.111755371 5.711994171 228.479766846 11.595053673 463.802215576 9.717834473 388.713348389 1.885418177 75.416732788 8.751799583 350.072021484 3.877154589 155.086166382 5.121996403 204.879867554 10.975904465 439.036163330 5.943421841 237.736862183 11.799172401 471.966949463 9.898156166 395.926208496
10.452278137 418.089172363 5.874875546 234.995025635 11.821778297 472.871093750 10.035202980 401.408172607 1.978564024 79.142570496 8.659326553 346.373077393 4.100215912 164.008575439 5.087883949 203.515289307 10.955620766 438.224853516 5.606823444 224.272964478 11.507229805 460.289093018 9.617693901 384.707794189 1.778059721 71.122390747 8.647738457 345.909576416 3.775450230 151.017990112 5.021047592 200.841873169 10.878893852 435.155761719 5.838293076 233.531738281 11.711348534 468.453887939 9.798018456 391.920776367
10.355109215 414.204437256 5.769688129 230.787536621 11.733956337 469.358215332 9.935101509 397.404113770 1.871264696 74.850570679 8.555231094 342.209289551 3.998437643 159.937515259 4.986918926 199.476806641 10.858448029 434.337951660 5.501655579 220.066238403 11.419405937 456.776184082 9.517551422 380.702148438 1.670701504 66.828018188 8.543676376 341.747100830 3.673806667 146.949829102 4.920101643 196.804046631 10.781881332 431.275299072 5.733161449 229.326446533 11.623524666 464.940948486 9.697884560 387.915435791
10.257990837 410.319610596 5.664505959 226.580245972 11.646135330 465.845428467 9.834999084 393.399963379 1.763965726 70.558586121 8.451139450 338.045532227 3.896655083 155.866210938 4.885955334 195.438217163 10.761278152 430.451110840 5.396490097 215.859634399 11.331581116 453.263244629 9.417407036 376.696258545 1.563345075 62.533790588 8.439613342 337.584503174 3.572037458 142.881500244 4.819158077 192.766296387 10.684872627 427.394836426 5.628025532 225.121047974 11.535701752 461.428070068 9.597752571 383.910064697
10.160871506 406.434814453 5.559331894 222.373260498 11.558313370 462.332550049 9.734893799 389.395751953 1.656666040 66.266632080 8.347053528 333.882080078 3.794868231 151.794754028 4.784993649 191.399765015 10.664113045 426.564483643 5.291326523 211.653060913 11.243756294 449.750274658 9.317259789 372.690338135 1.455992460 58.239665985 8.335552216 333.422058105 3.470325232 138.813034058 4.718216896 188.728668213 10.587864876 423.514556885 5.522887707 220.915481567 11.447879791 457.915161133 9.497621536 379.904815674
10.063749313 402.549987793 5.454164982 218.166595459 11.470491409 458.819641113 9.634786606 385.391510010 1.549364209 61.974563599 8.242969513 329.718780518 3.693076849 147.723037720 4.684032917 187.361328125 10.566953659 422.678131104 5.186164379 207.446563721 11.155932426 446.237304688 9.217108727 368.684387207 1.348644137 53.945724487 8.231498718 329.259918213 3.368605852 134.744216919 4.617278099 184.691131592 10.490859032 419.634368896 5.417748451 216.709915161 11.360057831 454.402343750 9.397492409 375.899749756
9.966627121 398.665069580 5.349006176 213.960250854 11.382668495 455.306701660 9.534677505 381.387023926 1.442057848 57.682331085 8.138887405 325.555541992 3.591281652 143.651229858 4.583073616 183.322982788 10.469798088 418.791900635 5.081004143 203.240158081 11.068107605 442.724243164 9.116955757 364.678161621 1.241300464 49.652050018 8.127454758 325.098205566 3.266880512 130.675170898 4.516342640 180.653747559 10.393856049 415.754211426 5.312607765 212.504318237 11.272236824 450.889404297 9.297363281 371.894439697
9.869505882 394.780273438 5.243855000 209.754165649 11.294845581 451.793792725 9.434567451 377.382690430 1.334745169 53.389816284 8.034808159 321.392364502 3.489483595 139.579330444 4.482115269 179.284622192 10.372647285 414.905853271 4.975878239 199.033798218 10.980282784 439.211303711 9.016798973 360.671997070 1.133962989 45.358539581 8.023421288 320.936889648 3.165148973 126.605926514 4.415410519 176.616424561 10.296853065 411.874145508 5.207464695 208.298568726 11.184416771 447.376647949 9.197232246 367.889312744
9.772384644 390.895355225 5.138710499 205.548446655 11.207021713 448.280914307 9.334453583 373.378173828 1.227424741 49.096981049 7.930728912 317.229217529 3.387684107 135.507369995 4.381158352 175.246322632 10.275500298 411.019989014 4.870687008 194.827453613 10.892457962 435.698333740 8.916640282 356.665649414 1.026632190 41.065277100 7.919399261 316.775970459 3.063410044 122.536392212 4.314482212 172.579254150 10.199852943 407.994140625 5.102316856 204.092666626 11.096597672 443.863922119 9.097102165 363.884124756
9.675262451 387.010559082 5.033573151 201.342926025 11.119195938 444.767883301 9.234335899 369.373413086 1.120100975 44.804046631 7.826648712 313.065979004 3.285881758 131.435256958 4.280202389 171.208068848 10.178354263 407.134246826 4.765530109 190.621215820 10.804738045 432.185424805 8.816476822 352.659027100 0.919305921 36.772270203 7.815387249 312.615509033 2.961660862 118.466407776 4.213558197 168.542297363 10.102855682 404.114257812 4.997164249 199.886611938 11.008779526 440.351196289 8.996970177 359.878845215
9.578142166 383.125701904 4.928442001 197.137695312 11.031370163 441.254821777 9.134214401 365.368591309 1.012776375 40.511074066 7.722570896 308.902923584 3.184077024 127.363105774 4.179245949 167.169845581 10.081212044 403.248474121 4.660369873 186.414794922 10.716808319 428.672393799 8.716311455 348.652435303 0.811981380 32.479232788 7.711387157 308.455535889 2.859900713 114.395996094 4.112637520 164.505493164 10.005859375 400.234405518 4.892008781 195.680389404 10.920962334 436.838562012 8.896834373 355.873382568
9.481087685 379.240875244 4.823320866 192.932815552 10.943543434 437.741760254 9.034090042 361.363586426 0.905449748 36.217952728 7.618496895 304.739837646 3.082272530 123.290931702 4.078289509 163.131576538 9.984070778 399.362823486 4.555202961 182.208114624 10.628982544 425.159393311 8.616398811 344.645782471 0.704655647 28.186201096 7.607398987 304.295928955 2.758130074 110.325241089 4.011719704 160.468765259 9.908861160 396.354400635 4.786850452 191.473968506 10.833146095 433.325897217 8.796692848 351.867706299
9.383904457 375.356262207 4.718210220 188.728378296 10.855715752 434.228546143 8.933964729 357.358581543 0.798120022 31.924846649 7.514425755 300.577026367 2.980469465 119.218742371 3.977336168 159.093353271 9.886934280 395.477447510 4.450033188 178.001281738 10.541156769 421.646240234 8.515976906 340.639099121 0.597329736 23.893232346 7.503421783 300.136840820 2.656351566 106.254074097 3.910804510 156.432189941 9.811861992 392.474487305 4.681685448 187.267379761 10.745330811 429.813140869 8.696545601 347.861846924
9.286786079 371.471405029 4.613108158 184.524322510 10.767887115 430.715454102 8.833840370 353.353576660 0.690785348 27.631433487 7.410353661 296.414093018 2.878667355 115.146682739 3.876379490 155.055191040 9.789802551 391.592071533 4.344865799 173.794601440 10.453330994 418.133209229 8.415808678 336.632324219 0.490019470 19.600347519 7.399454117 295.978118896 2.554567099 102.182708740 3.809890747 152.395645142 9.714860916 388.594451904 4.576517105 183.060668945 10.657514572 426.300537109 8.596390724 343.855621338
9.189668655 367.586730957 4.508012772 180.320510864 10.680058479 427.202270508 8.733716011 349.348663330 0.583445609 23.337841034 7.306276321 292.251037598 2.776868343 111.074775696 3.775426626 151.017059326 9.692677498 387.707031250 4.239700794 169.588027954 10.365504265 414.620086670 8.315641403 332.625640869 0.382685930 15.307476044 7.295494556 291.819793701 2.452779055 98.111190796 3.708976746 148.359100342 9.617856026 384.714233398 4.471345425 178.853820801 10.569700241 422.787963867 8.496227264 339.849090576
9.092553139 363.702117920 4.402920246 176.116790771 10.592228889 423.689117432 8.633593559 345.343750000 0.476101488 19.044094086 7.202191353 288.087677002 2.675070047 107.002807617 3.674475670 146.979064941 9.595557213 383.822296143 4.134539127 165.381576538 10.277677536 411.107086182 8.215476036 328.619018555 0.275365353 11.014619827 7.191540718 287.661651611 2.350991726 94.039680481 3.608061790 144.322494507 9.520846367 380.833862305 4.366166115 174.646652222 10.481886864 419.275451660 8.396055222 335.842193604
8.995435715 359.817413330 4.297823906 171.912994385 10.504398346 420.175933838 8.533473969 341.338989258 0.368757695 14.750307083 7.098100185 283.924041748 2.573274374 102.930984497 3.573527575 142.941101074 9.498439789 379.937622070 4.029382229 161.175308228 10.189849854 407.594055176 8.115310669 324.612457275 0.168051898 6.722031593 7.087594509 283.503784180 2.249207735 89.968315125 3.507146120 140.285781860 9.423828125 376.953125000 4.260976315 170.439041138 10.394073486 415.762939453 8.295878410 331.835144043
8.898319244 355.932739258 4.192726135 167.709075928 10.416567802 416.662750244 8.433358192 337.334289551 0.261412829 10.456503868 6.994039536 279.759948730 2.471482515 98.859245300 3.472581148 138.903244019 9.401324272 376.052917480 3.924230814 156.969253540 10.102022171 404.080932617 8.015144348 320.605834961 0.168051898 2.430984497 6.983652115 279.346099854 2.147462368 85.896942139 3.406230450 136.249221802 9.326805115 373.072174072 4.155776501 166.231079102 10.306260109 412.250488281 8.195696831 327.827880859
8.801204681 352.048217773 4.087629318 163.505172729 10.328737259 413.149536133 8.333247185 333.329925537 0.154071927 6.162880898 6.889888287 275.595581055 2.369694710 94.787773132 3.371635914 134.865478516 9.304207802 372.168365479 3.819085836 152.763412476 10.014193535 400.567718506 7.914981365 316.599304199 0.168051898 0.250354588 6.879715919 275.188690186 2.045640945 81.825637817 3.305314779 132.212615967 9.229776382 369.191070557 4.050566673 162.022598267 10.218448639 408.737915039 8.095514297 323.820648193
8.704095840 348.163787842 3.982534885 159.301361084 10.240905762 409.636169434 8.233140945 329.325653076 0.154071927 1.869882107 6.785775185 271.431091309 2.267911911 90.716514587 3.270689964 130.827621460 9.207093239 368.283721924 3.713949919 148.557968140 9.926363945 397.054534912 7.814823627 312.592987061 0.168051898 2.184406042 6.775784969 271.031463623 1.943856120 77.754272461 3.204400063 128.175994873 9.132742882 365.309692383 3.945347786 157.813888550 10.130637169 405.225433350 7.995329380 319.813262939
8.606992722 344.279663086 3.877444029 155.097732544 10.153074265 406.122955322 8.133036613 325.321441650 0.154071927 1.869882107 6.681663036 267.266571045 2.166134596 86.645393372 3.169743776 126.789710999 9.109978676 364.399169922 3.608820200 144.352798462 9.838534355 393.541290283 7.714670658 308.586791992 0.168051898 2.184406042 6.671861649 266.874542236 1.842072129 73.682884216 3.103512764 124.139472961 9.035705566 361.428222656 3.840121746 153.604843140 10.042826653 401.713012695 7.895141602 315.805664062
8.509955406 340.395812988 3.772357225 150.894271851 10.065242767 402.609741211 8.032934189 321.317321777 0.154071927 1.869882107 6.577548981 263.101928711 2.064365864 82.574569702 3.068797112 122.751869202 9.012861252 360.514495850 3.503695726 140.147811890 9.750703812 390.028137207 7.614521027 304.580810547 0.168051898 2.184406042 6.567940235 262.717529297 1.740287066 69.611450195 3.002573967 120.102966309 8.938669205 357.546813965 3.734890699 149.395599365 9.955015182 398.200622559 7.794950485 311.797973633
8.412798882 336.511962891 3.667273283 146.690917969 9.977412224 399.096496582 7.932833672 317.313385010 0.154071927 1.869882107 6.473434925 258.937377930 1.962609172 78.504356384 2.967850208 118.714042664 8.915740967 356.629608154 3.398575783 135.943054199 9.662991524 386.514953613 7.514375687 300.575042725 0.168051898 2.184406042 6.464020729 258.560791016 1.638503790 65.540153503 2.901661396 116.066474915 8.841633797 353.665374756 3.629659414 145.186386108 9.867204666 394.688201904 7.694756508 307.790283203
8.315705299 332.628234863 3.562188625 142.487533569 9.889581680 395.583282471 7.832735062 313.309417725 0.154071927 1.869882107 6.369316101 254.772583008 1.860861182 74.434478760 2.866901398 114.676048279 8.818617821 352.744689941 3.293477774 131.738510132 9.575043678 383.001770020 7.414234161 296.569396973 0.168051898 2.184406042 6.360101223 254.404037476 1.536723018 61.468925476 2.800747156 112.029853821 8.744601250 349.784027100 3.524426937 140.977111816 9.779393196 391.175750732 7.594559193 303.782348633
8.218615532 328.744628906 3.457098484 138.283981323 9.801751137 392.070068359 7.732636452 309.305450439 0.154071927 1.869882107 6.265193462 250.607696533 1.759121537 70.364837646 2.765950203 110.637954712 8.721492767 348.859680176 3.188357115 127.534286499 9.487213135 379.488525391 7.314097881 292.563903809 0.168051898 2.184406042 6.256178856 250.247146606 1.434945226 57.397811890 2.699832678 107.993270874 8.647571564 345.902862549 3.419195175 136.767852783 9.691580772 387.663208008 7.494358063 299.774261475
8.121527672 324.861114502 3.352001905 134.080032349 9.713921547 388.556915283 7.632538319 305.301483154 0.154071927 1.869882107 6.161065578 246.442611694 1.657387614 66.295486450 2.664996147 106.599853516 8.624367714 344.974670410 3.083259106 123.330329895 9.399382591 375.975311279 7.213964462 288.558532715 0.168051898 2.184406042 6.152322769 246.090103149 1.333168268 53.326736450 2.598917007 103.956649780 8.550546646 342.021789551 3.313963890 132.558547974 9.603767395 384.150695801 7.394154549 295.766113281
8.024438858 320.977569580 3.246901512 129.876037598 9.626091003 385.043609619 7.532435894 301.297515869 0.154071927 1.869882107 6.056933403 242.277313232 1.555661559 62.226467133 2.564038992 102.561561584 8.527240753 341.089660645 2.978168726 119.126716614 9.311552048 372.462005615 7.114063740 284.553405762 0.168051898 2.184406042 6.048322201 241.932861328 1.231394529 49.255786896 2.497998476 99.919944763 8.453520775 338.140838623 3.208732367 128.349304199 9.515954018 380.638122559 7.293951035 291.758056641
7.927347183 317.093872070 3.141793489 125.671745300 9.538261414 381.530395508 7.432328224 297.293151855 0.154071927 1.869882107 5.952800274 238.112030029 1.453940868 58.157619476 2.463079691 98.523178101 8.430114746 337.204589844 2.873081684 114.923255920 9.223720551 368.948791504 7.013701439 280.548095703 0.168051898 2.184406042 5.944388866 237.775573730 1.129626632 45.185054779 2.397079229 95.883163452 8.356495857 334.259857178 3.103496552 124.139846802 9.428139687 377.125549316 7.193748474 287.749969482
7.830250740 313.210021973 3.036678791 121.467178345 9.450431824 378.017272949 7.332214355 293.288574219 0.154071927 1.869882107 5.848662853 233.946533203 1.352226615 54.089054108 2.362118483 94.484794617 8.332990646 333.319610596 2.767994881 110.719795227 9.135890007 365.435607910 6.913565636 276.542602539 0.168051898 2.184406042 5.840456486 233.618286133 1.027865767 41.114673615 2.296157837 91.846336365 8.259471893 330.378875732 2.998257399 119.930282593 9.340324402 373.613006592 7.093547344 283.741882324
7.733151913 309.326080322 2.931556940 117.262298584 9.362602234 374.504058838 7.232094765 289.283782959 0.154071927 1.869882107 5.744527340 229.781082153 1.250521421 50.020858765 2.261155605 90.446258545 8.235867500 329.434692383 2.662913084 106.516525269 9.048060417 361.922393799 6.813429356 272.537170410 0.168051898 2.184406042 5.736522198 229.460906982 0.926115334 37.044639587 2.195232868 87.809310913 8.162450790 326.498016357 2.893018007 115.720733643 9.252509117 370.100341797 6.993346214 279.733856201
7.636049271 305.441955566 2.826429367 113.057174683 9.274772644 370.990905762 7.131968021 285.278686523 0.154071927 1.869882107 5.640397072 225.615905762 1.148820758 45.952819824 2.160192490 86.407707214 8.138743401 325.549713135 2.557834864 102.313423157 8.960230827 358.409240723 6.713292599 268.531677246 0.168051898 2.184406042 5.632584572 225.303390503 0.824379563 32.975177765 2.094304800 83.772178650 8.065432549 322.617279053 2.787777662 111.511116028 9.164691925 366.587677002 6.893143654 275.725708008
7.538975239 301.557647705 2.721300602 108.852043152 9.186943054 367.477691650 7.031837463 281.273468018 0.154071927 1.869882107 5.536273956 221.450988770 1.047128677 41.885154724 2.059230328 82.369171143 8.041620255 321.664794922 2.452753782 98.110183716 8.872402191 354.896087646 6.613152504 264.526092529 0.168051898 2.184406042 5.528643608 221.145751953 0.722658515 28.906324387 1.993375778 79.735015869 7.968416691 318.736663818 2.682533264 107.301338196 9.076875687 363.075012207 6.792943001 271.717681885
7.441831112 297.673187256 2.616175890 104.647033691 9.099113464 363.964599609 6.931702614 277.268127441 0.154071927 1.869882107 5.432157993 217.286376953 0.945442677 37.817718506 1.958268881 78.330780029 7.944498062 317.779907227 2.347667456 93.906654358 8.784574509 351.383026123 6.513010025 260.520416260 0.168051898 2.184406042 5.424701691 216.988113403 0.620961308 24.838045120 1.892445207 75.697814941 7.871407509 314.856262207 2.577284336 103.091339111 8.989058495 359.562377930 6.692742825 267.709747314
7.344718456 293.788757324 2.511059999 100.442367554 9.011283875 360.451416016 6.831565857 273.262603760 0.154071927 1.869882107 5.328051090 213.122070312 0.843760788 33.750400543 1.857307792 74.292350769 7.847379208 313.895141602 2.242578268 89.703102112 8.696748734 347.870025635 6.412865639 256.514587402 0.168051898 2.184406042 5.320760250 212.830490112 0.519255221 20.770210266 1.791512489 71.660522461 7.774404049 310.976135254 2.472036600 98.881454468 8.901241302 356.049682617 6.592544556 263.701721191
7.247605324 289.904205322 2.405948639 96.237953186 8.923454285 356.938201904 6.731429577 269.257202148 0.154071927 1.869882107 5.223946571 208.957794189 0.742085099 29.683393478 1.756348372 70.253890991 7.750263214 310.010528564 2.137484312 85.499366760 8.608922958 344.356964111 6.312720299 252.508834839 0.168051898 2.184406042 5.216823101 208.672897339 0.417580932 16.703250885 1.690578461 67.623092651 7.677406311 307.096221924 2.366788626 94.671531677 8.813423157 352.536987305 6.492349148 259.694000244
7.150491714 286.019653320 2.300837994 92.033546448 8.835625648 353.424957275 6.631291866 265.251708984 0.154071927 1.869882107 5.119852066 204.794021606 0.640422702 25.616909027 1.655390501 66.215629578 7.653151512 306.126037598 2.032384157 81.295394897 8.521182060 340.843963623 6.212574005 248.502990723 0.168051898 2.184406042 5.112885952 204.515380859 0.315932900 12.637322426 1.589643598 63.585735321 7.580413818 303.216522217 2.261542082 90.461669922 8.725606918 349.024200439 6.392156124 255.686294556
7.053377151 282.135070801 2.195723772 87.828941345 8.747796059 349.911804199 6.531156063 261.246276855 0.154071927 1.869882107 5.015769482 200.630752563 0.538777411 21.551069260 1.554433584 62.177326202 7.556046486 302.241851807 1.927273273 77.090942383 8.433278084 337.331115723 6.112426758 244.497070312 0.168051898 2.184406042 5.008945465 200.357788086 0.214324325 8.572962761 1.488709688 59.548385620 7.483426094 299.337036133 2.156299829 86.252006531 8.637789726 345.511596680 6.291968346 251.678771973
6.956261635 278.250488281 2.090601921 83.624092102 8.659967422 346.398712158 6.431020260 257.240814209 0.154071927 1.869882107 4.911701679 196.468017578 0.437153071 17.486125946 1.453477144 58.139083862 7.458945274 298.357849121 1.822152495 72.886123657 8.345456123 333.818237305 6.012277603 240.491134644 0.168051898 2.184406042 4.905005932 196.200195312 0.112790607 4.511606216 1.387776613 55.511070251 7.386443615 295.457763672 2.051064253 82.042602539 8.549973488 341.998962402 6.191785336 247.671447754
6.859145164 274.365844727 1.985471368 79.418907166 8.572139740 342.885528564 6.330884933 253.235412598 0.154071927 1.869882107 4.807648182 192.305877686 0.335569024 13.422762871 1.352521539 54.100875854 7.361849785 294.474060059 1.717028499 68.681175232 8.257635117 330.305389404 5.912127018 236.485092163 0.168051898 2.184406042 4.801059246 192.042312622 0.112790607 0.511319160 1.286844373 51.473735809 7.289469719 291.578826904 1.945833325 77.833358765 8.462157249 338.486267090 6.091609001 243.664398193
6.762030125 270.481201172 1.880336404 75.213439941 8.484312057 339.372436523 6.230751514 249.230087280 0.154071927 1.869882107 4.703609943 188.144363403 0.234072268 9.362898827 1.251566291 50.062641144 7.264759541 290.590393066 1.611917973 64.475921631 8.169814110 326.792541504 5.811973095 232.479003906 0.168051898 2.184406042 4.697097301 187.883895874 0.112790607 1.668669105 1.185914278 47.436553955 7.192503929 287.700134277 1.840607405 73.624259949 8.374341011 334.973663330 5.991439819 239.657638550
6.664918900 266.596771240 1.775199294 71.007972717 8.396484375 335.859405518 6.130620003 245.224822998 0.154071927 1.869882107 4.599627018 183.983596802 0.132844239 5.313761711 1.150612831 46.024517059 7.167671680 286.706878662 1.506767273 60.270690918 8.081994057 323.279754639 5.711817265 228.472702026 0.168051898 2.184406042 4.593122959 183.724899292 0.112790607 3.737322569 1.084990025 43.399593353 7.095545769 283.821807861 1.735390067 69.415565491 8.286524773 331.461029053 5.891278267 235.651153564
6.567840576 262.712646484 1.670056224 66.802268982 8.308657646 332.346343994 6.030489445 241.219512939 0.154071927 1.869882107 4.495584965 179.823364258 0.132844239 1.371047258 1.049660444 41.986434937 7.070583344 282.823364258 1.401632190 56.065284729 7.994174004 319.766967773 5.611830711 224.466339111 0.168051898 2.184406042 4.489139080 179.565567017 0.112790607 5.814680099 0.984072566 39.362899780 6.998594761 279.943847656 1.630181670 65.207260132 8.198709488 327.948364258 5.791121006 231.644760132
6.470719337 258.828735352 1.564912200 62.596508026 8.220829964 328.833190918 5.930360317 237.214462280 0.154071927 1.869882107 4.391600132 175.664001465 0.132844239 1.371047258 0.948710203 37.948421478 6.973495007 278.939758301 1.296488285 51.859508514 7.906354904 316.254241943 5.511494637 220.459838867 0.168051898 2.184406042 4.385147572 175.405929565 0.112790607 5.814680099 0.883162379 35.326538086 6.901648045 276.065917969 1.524980903 60.999202728 8.110893250 324.435729980 5.690964699 227.638595581
6.373629093 254.945190430 1.459769607 58.390789032 8.133003235 325.320190430 5.830231667 233.209213257 0.154071927 1.869882107 4.287635803 171.505447388 0.132844239 1.371047258 0.847762704 33.910491943 6.876406670 275.056274414 1.191331506 47.653244019 7.818534851 312.741455078 5.411325932 216.452987671 0.168051898 2.184406042 4.281147957 171.245895386 0.112790607 5.814680099 0.782261014 31.290456772 6.804704666 272.188201904 1.419786215 56.791465759 8.023077011 320.923095703 5.590811729 223.632446289
6.276547909 251.061859131 1.354633808 54.185386658 8.045175552 321.806945801 5.730103016 229.204055786 0.154071927 1.869882107 4.183686256 167.347427368 0.132844239 1.371047258 0.746817946 29.872722626 6.779320240 271.172790527 1.086163640 43.446586609 7.730714798 309.228576660 5.311151505 212.446029663 0.168051898 2.184406042 4.177147388 167.085891724 0.112790607 5.814680099 0.681370258 27.254793167 6.707763672 268.310485840 1.314601779 52.584114075 7.935260773 317.410369873 5.490659714 219.626312256
6.179471970 247.178894043 1.249508977 49.980400085 7.957347870 318.293884277 5.629975796 225.199005127 0.154071927 1.869882107 4.079752445 163.190139771 0.132844239 1.371047258 0.645876348 25.835048676 6.682236671 267.289459229 0.980990112 39.239650726 7.642893314 305.715698242 5.210969925 208.438766479 0.168051898 2.184406042 4.073143482 162.925735474 0.112790607 5.814680099 0.580494642 23.219789505 6.610828400 264.433105469 1.209421396 48.376873016 7.847444534 313.897735596 5.390508175 215.620346069
6.082400799 243.295989990 1.144393444 45.775741577 7.869520187 314.780761719 5.529852390 221.194091797 0.154071927 1.869882107 3.975838900 159.033554077 0.132844239 1.371047258 0.544941604 21.797670364 6.585155010 263.406188965 0.875809908 35.032371521 7.555070877 302.202819824 5.110777855 204.431076050 0.168051898 2.184406042 3.969133854 158.765396118 0.112790607 5.814680099 0.479646713 19.185821533 6.513897419 260.555877686 1.104248166 44.169902802 7.759628296 310.385101318 5.290352821 211.614089966
5.985336781 239.413497925 1.039292097 41.571670532 7.781691551 311.267669678 5.429731369 217.189239502 0.154071927 1.869882107 3.871952772 154.878158569 0.132844239 1.371047258 0.444019884 17.760808945 6.488077641 259.523101807 0.770629108 30.825134277 7.467246532 298.689849854 5.010577679 200.423126221 0.168051898 2.184406042 3.865125179 154.604995728 0.112790607 5.814680099 0.378847599 15.153880119 6.416966438 256.678680420 0.999085724 39.963432312 7.671812057 306.872467041 5.190192223 207.607711792
5.888277531 235.531112671 0.934208810 37.368350983 7.693862915 307.754516602 5.329614162 213.184585571 0.154071927 1.869882107 3.768093586 150.723770142 0.132844239 1.371047258 0.343123645 13.724965096 6.391005039 255.640197754 0.665454745 26.618204117 7.379507542 295.176849365 4.910367489 196.414733887 0.168051898 2.184406042 3.761118412 150.444717407 0.112790607 5.814680099 0.278151363 11.126026154 6.320037842 252.801513672 0.893932700 35.757320404 7.583995819 303.359832764 5.090027809 203.601104736
5.791222095 231.648880005 0.829147696 33.165916443 7.606033802 304.241333008 5.229498386 209.179870605 0.154071927 1.869882107 3.664257288 146.570343018 0.132844239 1.371047258 0.242285803 9.691435814 6.293934822 251.757369995 0.560288727 22.411582947 7.291593552 291.663696289 4.810147285 192.405868530 0.168051898 2.184406042 3.657105684 146.284271240 0.112790607 5.814680099 0.177722901 7.108941078 6.223109245 248.924377441 0.788782954 31.551321030 7.496179581 299.847167969 4.989860535 199.594360352
5.694171429 227.766891479 0.724103272 28.964141846 7.518204689 300.728179932 5.129384041 205.175399780 0.154071927 1.869882107 3.560441971 142.417739868 0.132844239 1.371047258 0.141621336 5.664881229 6.196864605 247.874557495 0.455139756 18.205610275 7.203764915 288.150634766 4.709917068 188.396713257 0.168051898 2.184406042 3.553117752 142.123474121 0.112790607 5.814680099 0.078584962 3.143425226 6.126180649 245.047195435 0.683641672 27.345672607 7.408363342 296.334533691 4.889690876 195.587707520
5.597169399 223.885009766 0.619081497 24.763261795 7.430375576 297.215057373 5.029273510 201.170928955 0.154071927 1.869882107 3.456639290 138.265640259 0.132844239 1.371047258 0.141621336 1.694608688 6.099790573 243.991653442 0.350036860 14.001502037 7.115935326 284.637451172 4.609677315 184.387069702 0.168051898 2.184406042 3.449064732 137.962615967 0.112790607 5.814680099 0.078584962 1.352325916 6.029254913 241.170211792 0.578504264 23.140192032 7.320547104 292.821899414 4.789517879 191.580703735
5.500081539 220.003295898 0.514087558 20.563550949 7.342547417 293.701965332 4.929162979 197.166503906 0.154071927 1.869882107 3.352848053 134.113967896 0.132844239 1.371047258 0.141621336 1.694608688 6.002712250 240.108520508 0.245051429 9.802108765 7.028104782 281.124237061 4.509428978 180.377136230 0.168051898 2.184406042 3.345041990 133.801727295 0.112790607 5.814680099 0.078584962 1.352325916 5.932335377 237.293457031 0.473367035 18.934717178 7.232731342 289.309295654 4.689340115 187.573562622
5.403040886 216.121612549 0.409129143 16.365161896 7.254720211 290.188812256 4.829048157 193.161956787 0.154071927 1.869882107 3.249072552 129.962936401 0.132844239 1.371047258 0.141621336 1.694608688 5.905631542 236.225265503 0.140479282 5.619145870 6.940273762 277.610992432 4.409176350 176.367095947 0.168051898 2.184406042 3.241021395 129.640930176 0.112790607 5.814680099 0.078584962 1.352325916 5.835422039 233.416915894 0.368237555 14.729471207 7.144916058 285.796661377 4.589155674 183.566268921
5.306004047 212.240158081 0.304207116 12.168250084 7.166893959 286.675842285 4.728930473 189.157272339 0.154071927 1.869882107 3.145307064 125.812362671 0.132844239 1.371047258 0.141621336 1.694608688 5.808549881 232.341979980 0.140479282 1.591462851 6.852441788 274.097717285 4.308922291 172.356948853 0.168051898 2.184406042 3.137000084 125.480056763 0.112790607 5.814680099 0.078584962 1.352325916 5.738513470 229.540481567 0.263124466 10.524970055 7.057101727 282.284118652 4.488961220 179.558502197
5.208971500 208.358901978 0.199348986 7.973972321 7.079069138 283.162689209 4.628808022 185.152313232 0.154071927 1.869882107 3.041541338 121.661582947 0.132844239 1.371047258 0.141621336 1.694608688 5.711471081 228.458816528 0.140479282 1.303861022 6.764609814 270.584350586 4.208683491 168.346603394 0.168051898 2.184406042 3.032976389 121.319023132 0.112790607 5.814680099 0.078584962 1.352325916 5.641608715 225.664337158 0.158046752 6.321887970 6.969287872 278.771484375 4.388759613 175.550384521
5.111938477 204.477554321 0.094678134 3.787145138 6.991245747 279.649810791 4.528677464 181.147079468 0.154071927 1.869882107 2.937775850 117.510963440 0.132844239 1.371047258 0.141621336 1.694608688 5.614394665 224.575805664 0.140479282 3.282381535 6.676777363 267.071044922 4.108408451 164.336349487 0.168051898 2.184406042 2.928944588 117.157737732 0.112790607 5.814680099 0.078584962 1.352325916 5.544712543 221.788497925 0.158046752 2.125617027 6.881477356 275.258941650 4.288547516 171.541900635
5.014899731 200.595962524 0.094678134 0.570070863 6.903424740 276.136932373 4.428541660 177.141693115 0.154071927 1.869882107 2.834001541 113.360023499 0.132844239 1.371047258 0.141621336 1.694608688 5.517319202 220.692794800 0.140479282 5.454802036 6.588944912 263.557769775 4.008152008 160.326110840 0.168051898 2.184406042 2.824898005 112.995872498 0.112790607 5.814680099 0.078584962 1.352325916 5.447823048 217.912918091 0.158046752 0.378800452 6.793661118 271.746429443 4.188327789 167.533142090
4.917858124 196.714309692 0.094678134 0.570070863 6.815605164 272.624206543 4.328400612 173.136062622 0.154071927 1.869882107 2.730218172 109.208679199 0.132844239 1.371047258 0.141621336 1.694608688 5.420243263 216.809692383 0.140479282 5.454802036 6.501112461 260.044494629 3.907895565 156.315887451 0.168051898 2.184406042 2.720840454 108.833572388 0.112790607 5.814680099 0.078584962 1.352325916 5.350940228 214.037612915 0.158046752 0.378800452 6.705846786 268.233886719 4.088102341 163.524139404
4.820811749 192.832504272 0.094678134 0.570070863 6.727787971 269.111480713 4.228256702 169.130294800 0.154071927 1.869882107 2.626417398 105.056663513 0.132844239 1.371047258 0.141621336 1.694608688 5.323164940 212.926589966 0.140479282 5.454802036 6.413280487 256.531158447 3.807639360 152.305618286 0.168051898 2.184406042 2.616779566 104.671134949 0.112790607 5.814680099 0.078584962 1.352325916 5.254061699 210.162475586 0.158046752 0.378800452 6.618032455 264.721282959 3.987871408 159.514877319
4.723758221 188.950332642 0.094678134 0.570070863 6.639971733 265.598907471 4.128109932 165.124450684 0.154071927 1.869882107 2.522598028 100.903877258 0.132844239 1.371047258 0.141621336 1.694608688 5.226088524 209.043548584 0.140479282 5.454802036 6.325448513 253.017913818 3.707385302 148.295394897 0.168051898 2.184406042 2.512714386 100.508537292 0.112790607 5.814680099 0.078584962 1.352325916 5.157188416 206.287521362 0.158046752 0.378800452 6.530217171 261.208679199 3.887636185 155.505462646
4.626740932 185.068008423 0.094678134 0.570070863 6.552156448 262.086273193 4.027962208 161.118438721 0.154071927 1.869882107 2.418756962 96.750259399 0.132844239 1.371047258 0.141621336 1.694608688 5.129011154 205.160415649 0.140479282 5.454802036 6.237712383 249.504730225 3.607135296 144.285354614 0.168051898 2.184406042 2.408638000 96.345466614 0.112790607 5.814680099 0.078584962 1.352325916 5.060320854 202.412857056 0.158046752 0.378800452 6.442401409 257.696105957 3.787396908 151.495819092
4.529635429 181.185440063 0.094678134 0.570070863 6.464341640 258.573699951 3.927817583 157.112686157 0.154071927 1.869882107 2.314886808 92.595451355 0.132844239 1.371047258 0.141621336 1.694608688 5.031931877 201.277267456 0.140479282 5.454802036 6.149785995 245.991470337 3.506892443 140.275695801 0.168051898 2.184406042 2.304555893 92.182228088 0.112790607 5.814680099 0.078584962 1.352325916 4.963460922 198.538406372 0.158046752 0.378800452 6.354585171 254.183471680 3.687153816 147.486114502
4.432564735 177.302597046 0.094678134 0.570070863 6.376527786 255.061126709 3.827674627 153.106994629 0.154071927 1.869882107 2.211022615 88.439926147 0.132844239 1.371047258 0.141621336 1.694608688 4.934852123 197.394104004 0.140479282 5.454802036 6.061955452 242.478256226 3.406657934 136.266357422 0.168051898 2.184406042 2.200475693 88.018997192 0.112790607 5.814680099 0.078584962 1.352325916 4.866606712 194.664276123 0.158046752 0.378800452 6.266768932 250.670745850 3.586909294 143.476425171
4.335487843 173.419509888 0.094678134 0.570070863 6.288713455 251.548553467 3.727532625 149.101272583 0.154071927 1.869882107 2.107093096 84.283676147 0.132844239 1.371047258 0.141621336 1.694608688 4.837774754 193.510986328 0.140479282 5.454802036 5.974124908 238.965042114 3.306429386 132.257110596 0.168051898 2.184406042 2.096404314 83.856155396 0.112790607 5.814680099 0.078584962 1.352325916 4.769756794 190.790252686 0.158046752 0.378800452 6.178952217 247.158111572 3.486662149 139.466430664
4.238400459 169.535995483 0.094678134 0.570070863 6.200899124 248.036026001 3.627390146 145.095657349 0.154071927 1.869882107 2.003167391 80.126708984 0.132844239 1.371047258 0.141621336 1.694608688 4.740705490 189.628204346 0.140479282 5.454802036 5.886295319 235.451843262 3.206202984 128.248138428 0.168051898 2.184406042 1.992338419 79.693534851 0.112790607 5.814680099 0.078584962 1.352325916 4.672913074 186.916473389 0.158046752 0.378800452 6.091135025 243.645431519 3.386413574 135.456558228
4.141303062 165.652084351 0.094678134 0.570070863 6.113083363 244.523391724 3.527251482 141.090103149 0.154071927 1.869882107 1.899221420 75.968849182 0.132844239 1.371047258 0.141621336 1.694608688 4.643642902 185.745681763 0.140479282 5.454802036 5.798465729 231.938674927 3.105973959 124.238983154 0.168051898 2.184406042 1.888277411 75.531082153 0.112790607 5.814680099 0.078584962 1.352325916 4.576073647 183.042922974 0.158046752 0.378800452 6.003317833 240.132781982 3.286167622 131.446762085
4.044201374 161.768066406 0.094678134 0.570070863 6.025267601 241.010620117 3.427114248 137.084579468 0.154071927 1.869882107 1.795254707 71.810188293 0.132844239 1.371047258 0.141621336 1.694608688 4.546581268 181.863265991 0.140479282 5.454802036 5.710636616 228.425430298 3.005744457 120.229774475 0.168051898 2.184406042 1.784226418 71.369033813 0.112790607 5.814680099 0.078584962 1.352325916 4.479238033 179.169509888 0.158046752 0.378800452 5.915500164 236.619964600 3.185925961 127.436996460
3.947094917 157.883819580 0.094678134 0.570070863 5.937450886 237.498001099 3.326979637 133.079162598 0.154071927 1.869882107 1.691265941 67.650611877 0.132844239 1.371047258 0.141621336 1.694608688 4.449521065 177.980819702 0.140479282 5.454802036 5.622808456 224.912368774 2.905511618 116.220466614 0.168051898 2.184406042 1.680191755 67.207649231 0.112790607 5.814680099 0.078584962 1.352325916 4.382400036 175.296051025 0.158046752 0.378800452 5.827681541 233.107238770 3.085691690 123.427650452
3.849984646 153.999420166 0.094678134 0.570070863 5.849633217 233.985275269 3.226848125 129.073913574 0.154071927 1.869882107 1.587248564 63.489925385 0.132844239 1.371047258 0.141621336 1.694608688 4.352460861 174.098464966 0.140479282 5.454802036 5.534981251 221.399200439 2.805278063 112.211082458 0.168051898 2.184406042 1.576165676 63.046642303 0.112790607 5.814680099 0.078584962 1.352325916 4.285561085 171.422454834 0.158046752 0.378800452 5.739861488 229.594406128 2.985463142 119.418510437
3.752872705 150.114913940 0.094678134 0.570070863 5.761814594 230.472564697 3.126721621 125.068893433 0.154071927 1.869882107 1.483214140 59.328552246 0.132844239 1.371047258 0.141621336 1.694608688 4.255402565 170.216110229 0.140479282 5.454802036 5.447154045 217.886138916 2.705129385 108.201957703 0.168051898 2.184406042 1.472155452 58.886238098 0.112790607 5.814680099 0.078584962 1.352325916 4.188723087 167.548919678 0.158046752 0.378800452 5.652039528 226.081558228 2.885241270 115.409652710
3.655782938 146.230377197 0.094678134 0.570070863 5.673995018 226.959808350 3.026596785 121.063812256 0.154071927 1.869882107 1.379155517 55.166236877 0.132844239 1.371047258 0.141621336 1.694608688 4.158346176 166.333847046 0.140479282 5.454802036 5.359328270 214.373107910 2.604823351 104.192848206 0.168051898 2.184406042 1.368167162 54.726680756 0.112790607 5.814680099 0.078584962 1.352325916 4.091883659 163.675399780 0.158046752 0.378800452 5.564217091 222.568679810 2.785022497 111.400848389
3.558641195 142.345672607 0.094678134 0.570070863 5.586174488 223.446960449 2.926475763 117.059005737 0.154071927 1.869882107 1.275083542 51.003349304 0.132844239 1.371047258 0.141621336 1.694608688 4.061287403 162.451477051 0.140479282 5.454802036 5.271502495 210.860092163 2.504601002 100.184013367 0.168051898 2.184406042 1.264202952 50.568103790 0.112790607 5.814680099 0.078584962 1.352325916 3.995040655 159.801635742 0.158046752 0.378800452 5.476392746 219.055664062 2.684805393 107.392204285
3.461525440 138.460998535 0.094678134 0.570070863 5.498352528 219.934143066 2.826359034 113.054420471 0.154071927 1.869882107 1.171008110 46.840339661 0.132844239 1.371047258 0.141621336 1.694608688 3.964227200 158.569076538 0.140479282 5.454802036 5.183677673 207.347106934 2.404383898 96.175399780 0.168051898 2.184406042 1.160262704 46.410526276 0.112790607 5.814680099 0.078584962 1.352325916 3.898193359 155.927734375 0.158046752 0.378800452 5.388567448 215.542724609 2.584586143 103.383476257
3.364412308 134.576461792 0.094678134 0.570070863 5.410529613 216.421173096 2.726249695 109.049949646 0.154071927 1.869882107 1.066923022 42.676910400 0.132844239 1.371047258 0.141621336 1.694608688 3.867166281 154.686584473 0.140479282 5.454802036 5.095910072 203.834243774 2.304171562 92.166809082 0.168051898 2.184406042 1.056349635 42.254058838 0.112790607 5.814680099 0.078584962 1.352325916 3.801338434 152.053482056 0.158046752 0.378800452 5.300741673 212.029678345 2.484365463 99.374557495
3.267301321 130.692047119 0.094678134 0.570070863 5.322705746 212.908264160 2.626146317 105.045883179 0.154071927 1.869882107 0.962831318 38.513240814 0.132844239 1.371047258 0.141621336 1.694608688 3.770099401 150.803955078 0.140479282 5.454802036 5.008033276 200.321289062 2.203968763 88.158790588 0.168051898 2.184406042 0.952465534 38.098556519 0.112790607 5.814680099 0.078584962 1.352325916 3.704479933 148.179183960 0.158046752 0.378800452 5.212914944 208.516601562 2.384140253 95.365669250
3.170197248 126.807853699 0.094678134 0.570070863 5.234881878 209.395263672 2.526048660 101.041893005 0.154071927 1.869882107 0.858725965 34.349010468 0.132844239 1.371047258 0.141621336 1.694608688 3.673027992 146.921096802 0.140479282 5.454802036 4.920212746 196.808486938 2.103776217 84.150985718 0.168051898 2.184406042 0.848610997 33.944458008 0.112790607 5.814680099 0.078584962 1.352325916 3.607615471 144.304611206 0.158046752 0.378800452 5.125088215 205.003570557 2.283915520 91.356590271
3.073103666 122.924171448 0.094678134 0.570070863 5.147056580 205.882232666 2.425960779 97.038475037 0.154071927 1.869882107 0.754617333 30.184658051 0.132844239 1.371047258 0.141621336 1.694608688 3.575952768 143.038085938 0.140479282 5.454802036 4.832393169 193.295684814 2.003595591 80.143844604 0.168051898 2.184406042 0.744789481 29.791635513 0.112790607 5.814680099 0.078584962 1.352325916 3.510745764 140.429840088 0.158046752 0.378800452 5.037260532 201.490417480 2.183690548 87.347663879
2.976017952 119.040718079 0.094678134 0.570070863 5.059231281 202.369232178 2.325882196 93.035263062 0.154071927 1.869882107 0.650515556 26.020708084 0.132844239 1.371047258 0.141621336 1.694608688 3.478875160 139.155029297 0.140479282 5.454802036 4.744574547 189.782943726 1.903431058 76.137207031 0.168051898 2.184406042 0.640993118 25.639797211 0.112790607 5.814680099 0.078584962 1.352325916 3.413864613 136.554626465 0.158046752 0.378800452 4.949432850 197.977279663 2.083461761 83.338447571
2.878941059 115.157638550 0.094678134 0.570070863 4.971405506 198.856216431 2.225807428 89.032302856 0.154071927 1.869882107 0.546414614 21.856649399 0.132844239 1.371047258 0.141621336 1.694608688 3.381793022 135.271682739 0.140479282 5.454802036 4.656756401 186.270263672 1.803284764 72.131408691 0.168051898 2.184406042 0.537216425 21.488740921 0.112790607 5.814680099 0.078584962 1.352325916 3.316972494 132.678863525 0.158046752 0.378800452 4.861605167 194.464172363 1.983227611 79.329154968
2.781870842 111.274841309 0.094678134 0.570070863 4.883579254 195.343170166 2.125737906 85.029449463 0.154071927 1.869882107 0.442324877 17.693046570 0.132844239 1.371047258 0.141621336 1.694608688 3.284708023 131.388290405 0.140479282 5.454802036 4.568939209 182.757583618 1.703159928 68.126365662 0.168051898 2.184406042 0.433476925 17.339139938 0.112790607 5.814680099 0.078584962 1.352325916 3.220068216 128.802719116 0.158046752 0.378800452 4.773777962 190.951171875 1.882992506 75.319671631
2.684832811 107.392257690 0.094678134 0.570070863 4.795752048 191.830062866 2.025672197 81.026901245 0.154071927 1.869882107 0.338261366 13.530500412 0.132844239 1.371047258 0.141621336 1.694608688 3.187626362 127.505043030 0.140479282 5.454802036 4.481122494 179.244934082 1.603060603 64.122459412 0.168051898 2.184406042 0.329798937 13.192028999 0.112790607 5.814680099 0.078584962 1.352325916 3.123159885 124.926406860 0.158046752 0.378800452 4.685951233 187.438018799 1.782756567 71.310310364
2.587740421 103.509658813 0.094678134 0.570070863 4.707924366 188.316986084 1.925614595 77.024551392 0.154071927 1.869882107 0.234255791 9.370297432 0.132844239 1.371047258 0.141621336 1.694608688 3.090548038 123.621978760 0.140479282 5.454802036 4.393305779 175.732238770 1.502989531 60.119525909 0.168051898 2.184406042 0.226234362 9.049356461 0.112790607 5.814680099 0.078584962 1.352325916 3.026244640 121.049842834 0.158046752 0.378800452 4.598124504 183.924942017 1.682519197 67.300704956
2.490679026 99.627189636 0.094678134 0.570070863 4.620095730 184.803863525 1.825567722 73.022743225 0.154071927 1.869882107 0.130391493 5.215706348 0.132844239 1.371047258 0.141621336 1.694608688 2.993472099 119.738914490 0.140479282 5.454802036 4.305489063 172.219573975 1.402946115 56.117866516 0.168051898 2.184406042 0.123019397 4.920856476 0.112790607 5.814680099 0.078584962 1.352325916 2.929322243 117.172904968 0.158046752 0.378800452 4.510298252 180.411956787 1.582283735 63.291358948
2.393622398 95.744918823 0.094678134 0.570070863 4.532267094 181.290634155 1.725524902 69.020957947 0.154071927 1.869882107 0.130391493 1.127344608 0.132844239 1.371047258 0.141621336 1.694608688 2.896402836 115.856163025 0.140479282 5.454802036 4.217672348 168.706863403 1.302932501 52.117275238 0.168051898 2.184406042 0.123019397 0.983228207 0.112790607 5.814680099 0.078584962 1.352325916 2.832387686 113.295562744 0.158046752 0.378800452 4.422472954 176.898864746 1.482048869 59.281917572
2.296568155 91.862754822 0.094678134 0.570070863 4.444438457 177.777557373 1.625482678 65.019340515 0.154071927 1.869882107 0.130391493 1.127344608 0.132844239 1.371047258 0.141621336 1.694608688 2.799334288 111.973373413 0.140479282 5.454802036 4.129855633 165.194229126 1.202986717 48.118244171 0.168051898 2.184406042 0.123019397 0.983228207 0.112790607 5.814680099 0.078584962 1.352325916 2.735444546 109.417808533 0.158046752 0.378800452 4.334648132 173.385894775 1.381818771 55.272762299
2.199516058 87.980667114 0.094678134 0.570070863 4.356609821 174.264389038 1.525446415 61.017795563 0.154071927 1.869882107 0.130391493 1.127344608 0.132844239 1.371047258 0.141621336 1.694608688 2.702262163 108.090461731 0.140479282 5.454802036 4.042038441 161.681564331 1.103011608 44.120380402 0.168051898 2.184406042 0.123019397 0.983228207 0.112790607 5.814680099 0.078584962 1.352325916 2.638493299 105.539741516 0.158046752 0.378800452 4.246824265 169.872970581 1.281589508 51.263523102
2.102461100 84.098426819 0.094678134 0.570070863 4.268781662 170.751251221 1.425420165 57.016826630 0.154071927 1.869882107 0.130391493 1.127344608 0.132844239 1.371047258 0.141621336 1.694608688 2.605188847 104.207527161 0.140479282 5.454802036 3.954262495 158.168869019 1.003111482 40.124500275 0.168051898 2.184406042 0.123019397 0.983228207 0.112790607 5.814680099 0.078584962 1.352325916 2.541540623 101.661636353 0.158046752 0.378800452 4.159000874 166.360031128 1.181359768 47.254444122
2.005399227 80.215988159 0.094678134 0.570070863 4.180953503 167.238143921 1.325397491 53.015865326 0.154071927 1.869882107 0.130391493 1.127344608 0.132844239 1.371047258 0.141621336 1.694608688 2.508116722 100.324653625 0.140479282 5.454802036 3.866405964 154.656234741 0.903262258 36.130443573 0.168051898 2.184406042 0.123019397 0.983228207 0.112790607 5.814680099 0.078584962 1.352325916 2.444590569 97.783630371 0.158046752 0.378800452 4.071177959 162.847152710 1.081131101 43.245193481
1.908336878 76.333480835 0.094678134 0.570070863 4.093125820 163.725051880 1.225374699 49.015029907 0.154071927 1.869882107 0.130391493 1.127344608 0.132844239 1.371047258 0.141621336 1.694608688 2.411051035 96.442070007 0.140479282 5.454802036 3.778590918 151.143646240 0.803458810 32.138378143 0.168051898 2.184406042 0.123019397 0.983228207 0.112790607 5.814680099 0.078584962 1.352325916 2.347643375 93.905761719 0.158046752 0.378800452 3.983355761 159.334259033 0.980900466 39.236057281
1.811270237 72.450805664 0.094678134 0.570070863 4.005299091 160.211944580 1.125355124 45.014156342 0.154071927 1.869882107 0.130391493 1.127344608 0.132844239 1.371047258 0.141621336 1.694608688 2.313993454 92.559715271 0.140479282 5.454802036 3.690777063 147.631088257 0.703697741 28.147888184 0.168051898 2.184406042 0.123019397 0.983228207 0.112790607 5.814680099 0.078584962 1.352325916 2.250704765 90.028190613 0.158046752 0.378800452 3.895534515 155.821411133 0.880669951 35.226783752
1.714215636 68.567878723 0.094678134 0.570070863 3.917472124 156.698898315 1.025348425 41.013954163 0.154071927 1.869882107 0.130391493 1.127344608 0.132844239 1.371047258 0.141621336 1.694608688 2.216943026 88.677711487 0.140479282 5.454802036 3.602965117 144.118621826 0.603984833 24.159423828 0.168051898 2.184406042 0.123019397 0.983228207 0.112790607 5.814680099 0.078584962 1.352325916 2.153780222 86.151214600 0.158046752 0.378800452 3.807713985 152.308593750 0.780444801 31.217773438
1.617121696 64.684875488 0.094678134 0.570070863 3.829645872 153.185867310 0.925365388 37.014583588 0.154071927 1.869882107 0.130391493 1.127344608 0.132844239 1.371047258 0.141621336 1.694608688 2.119897604 84.795898438 0.140479282 5.454802036 3.515154362 140.606170654 0.504336238 20.173421860 0.168051898 2.184406042 0.123019397 0.983228207 0.112790607 5.814680099 0.078584962 1.352325916 2.056862831 82.274513245 0.158046752 0.378800452 3.719894648 148.795791626 0.680228889 27.209115982
1.520046830 60.801876068 0.094678134 0.570070863 3.741820335 149.672790527 0.825401485 33.016071320 0.154071927 1.869882107 0.130391493 1.127344608 0.132844239 1.371047258 0.141621336 1.694608688 2.022855997 80.914230347 0.140479282 5.454802036 3.427344322 137.093704224 0.404804409 16.192159653 0.168051898 2.184406042 0.123019397 0.983228207 0.112790607 5.814680099 0.078584962 1.352325916 1.959957719 78.398330688 0.158046752 0.378800452 3.632076263 145.283020020 0.580027163 23.201078415
1.422970176 56.918830872 0.094678134 0.570070863 3.653995991 146.159820557 0.725464106 29.018583298 0.154071927 1.869882107 0.130391493 1.127344608 0.132844239 1.371047258 0.141621336 1.694608688 1.925815344 77.032653809 0.140479282 5.454802036 3.339534760 133.581390381 0.305477560 12.219075203 0.168051898 2.184406042 0.123019397 0.983228207 0.112790607 5.814680099 0.078584962 1.352325916 1.863058209 74.522331238 0.158046752 0.378800452 3.544258833 141.770355225 0.479841799 19.193695068
1.325894594 53.035793304 0.094678134 0.570070863 3.566172600 142.646835327 0.625573933 25.022989273 0.154071927 1.869882107 0.130391493 1.127344608 0.132844239 1.371047258 0.141621336 1.694608688 1.828774095 73.150970459 0.140479282 5.454802036 3.251724720 130.068969727 0.206643373 8.265773773 0.168051898 2.184406042 0.123019397 0.983228207 0.112790607 5.814680099 0.078584962 1.352325916 1.766168118 70.646728516 0.158046752 0.378800452 3.456442118 138.257644653 0.379685938 15.187439919
1.228826165 49.153091431 0.094678134 0.570070863 3.478350163 139.133987427 0.525743544 21.029727936 0.154071927 1.869882107 0.130391493 1.127344608 0.132844239 1.371047258 0.141621336 1.694608688 1.731734276 69.269432068 0.140479282 5.454802036 3.163914919 126.556594849 0.109616019 4.384638309 0.168051898 2.184406042 0.123019397 0.983228207 0.112790607 5.814680099 0.078584962 1.352325916 1.669284940 66.771438599 0.158046752 0.378800452 3.368625402 134.745040894 0.279578239 11.183144569
1.131771445 45.270889282 0.094678134 0.570070863 3.390529156 135.621170044 0.426000953 17.040046692 0.154071927 1.869882107 0.130391493 1.127344608 0.132844239 1.371047258 0.141621336 1.694608688 1.634698629 65.387977600 0.140479282 5.454802036 3.076105356 123.044204712 0.109616019 1.425098658 0.168051898 2.184406042 0.123019397 0.983228207 0.112790607 5.814680099 0.078584962 1.352325916 1.572412848 62.896545410 0.158046752 0.378800452 3.280809164 131.232376099 0.179603979 7.184147358
1.034737825 41.389518738 0.094678134 0.570070863 3.302709103 132.108352661 0.326417029 13.056674957 0.154071927 1.869882107 0.130391493 1.127344608 0.132844239 1.371047258 0.141621336 1.694608688 1.537666202 61.506694794 0.140479282 5.454802036 2.988296270 119.531852722 0.109616019 2.237905502 0.168051898 2.184406042 0.123019397 0.983228207 0.112790607 5.814680099 0.078584962 1.352325916 1.475545883 59.021831512 0.158046752 0.378800452 3.192994356 127.719802856 0.080234237 3.209373713
0.937733352 37.509346008 0.094678134 0.570070863 3.214890242 128.595626831 0.227198943 9.087933540 0.154071927 1.869882107 0.130391493 1.127344608 0.132844239 1.371047258 0.141621336 1.694608688 1.440642595 57.625698090 0.140479282 5.454802036 2.900487661 116.019569397 0.109616019 4.022236347 0.168051898 2.184406042 0.123019397 0.983228207 0.112790607 5.814680099 0.078584962 1.352325916 1.378685713 55.147426605 0.158046752 0.378800452 3.105181694 124.207290649 0.080234237 1.057312608
0.840762496 33.630519867 0.094678134 0.570070863 3.127073765 125.082946777 0.129213870 5.168520927 0.154071927 1.869882107 0.130391493 1.127344608 0.132844239 1.371047258 0.141621336 1.694608688 1.343627453 53.745105743 0.140479282 5.454802036 2.812708855 112.507232666 0.109616019 5.961676598 0.168051898 2.184406042 0.123019397 0.983228207 0.112790607 5.814680099 0.078584962 1.352325916 1.281829596 51.273216248 0.158046752 0.378800452 3.017371655 120.694869995 0.080234237 2.978998661
0.743846834 29.753524780 0.094678134 0.570070863 3.039259672 121.570320129 0.129213870 1.695191383 0.154071927 1.869882107 0.130391493 1.127344608 0.132844239 1.371047258 0.141621336 1.694608688 1.246614337 49.864532471 0.140479282 5.454802036 2.724875689 108.995018005 0.109616019 7.943363667 0.168051898 2.184406042 0.123019397 0.983228207 0.112790607 5.814680099 0.078584962 1.352325916 1.184982896 47.399265289 0.158046752 0.378800452 2.929564714 117.182556152 0.080234237 4.982256413
0.646974325 25.878999710 0.094678134 0.570070863 2.951448202 118.057914734 0.129213870 1.695191383 0.154071927 1.869882107 0.130391493 1.127344608 0.132844239 1.371047258 0.141621336 1.694608688 1.149598598 45.983985901 0.140479282 5.454802036 2.637071848 105.482879639 0.109616019 7.943363667 0.168051898 2.184406042 0.123019397 0.983228207 0.112790607 5.814680099 0.078584962 1.352325916 1.088150024 43.526004791 0.158046752 0.378800452 2.841760635 113.670394897 0.080234237 4.982256413
0.550202131 22.008058548 0.094678134 0.570070863 2.863639116 114.545555115 0.129213870 1.695191383 0.154071927 1.869882107 0.130391493 1.127344608 0.132844239 1.371047258 0.141621336 1.694608688 1.052580357 42.103172302 0.140479282 5.454802036 2.549270630 101.970825195 0.109616019 7.943363667 0.168051898 2.184406042 0.123019397 0.983228207 0.112790607 5.814680099 0.078584962 1.352325916 0.991324782 39.652969360 0.158046752 0.378800452 2.753959417 110.158363342 0.080234237 4.982256413
0.453575760 18.143030167 0.094678134 0.570070863 2.775833130 111.033317566 0.129213870 1.695191383 0.154071927 1.869882107 0.130391493 1.127344608 0.132844239 1.371047258 0.141621336 1.694608688 0.955565631 38.222625732 0.140479282 5.454802036 2.461470604 98.458808899 0.109616019 7.943363667 0.168051898 2.184406042 0.123019397 0.983228207 0.112790607 5.814680099 0.078584962 1.352325916 0.894502163 35.780071259 0.158046752 0.378800452 2.666158199 106.646308899 0.080234237 4.982256413
0.357209265 14.288345337 0.094678134 0.570070863 2.688029289 107.521194458 0.129213870 1.695191383 0.154071927 1.869882107 0.130391493 1.127344608 0.132844239 1.371047258 0.141621336 1.694608688 0.858560026 34.342391968 0.140479282 5.454802036 2.373672247 94.946884155 0.109616019 7.943363667 0.168051898 2.184406042 0.123019397 0.983228207 0.112790607 5.814680099 0.078584962 1.352325916 0.797689617 31.907554626 0.158046752 0.378800452 2.578358650 103.134361267 0.080234237 4.982256413
0.261383146 10.455289841 0.094678134 0.570070863 2.600229025 104.009162903 0.129213870 1.695191383 0.154071927 1.869882107 0.130391493 1.127344608 0.132844239 1.371047258 0.141621336 1.694608688 0.761568844 30.462736130 0.140479282 5.454802036 2.285876513 91.435050964 0.109616019 7.943363667 0.168051898 2.184406042 0.123019397 0.983228207 0.112790607 5.814680099 0.078584962 1.352325916 0.700895011 28.035781860 0.158046752 0.378800452 2.490561485 99.622459412 0.080234237 4.982256413
0.167019039 6.680776596 0.094678134 0.570070863 2.512429953 100.497245789 0.129213870 1.695191383 0.154071927 1.869882107 0.130391493 1.127344608 0.132844239 1.371047258 0.141621336 1.694608688 0.664597273 26.583869934 0.140479282 5.454802036 2.198082685 87.923324585 0.109616019 7.943363667 0.168051898 2.184406042 0.123019397 0.983228207 0.112790607 5.814680099 0.078584962 1.352325916 0.604129434 24.165170670 0.158046752 0.378800452 2.402765036 96.110633850 0.080234237 4.982256413
0.079509228 3.180395842 0.094678134 0.570070863 2.424632072 96.985328674 0.129213870 1.695191383 0.154071927 1.869882107 0.130391493 1.127344608 0.132844239 1.371047258 0.141621336 1.694608688 0.567650378 22.706045151 0.140479282 5.454802036 2.110288858 84.411605835 0.109616019 7.943363667 0.168051898 2.184406042 0.123019397 0.983228207 0.112790607 5.814680099 0.078584962 1.352325916 0.507395387 20.295852661 0.158046752 0.378800452 2.314970493 92.598838806 0.080234237 4.982256413
0.079509228 2.398167610 0.094678134 0.570070863 2.336834192 93.473350525 0.129213870 1.695191383 0.154071927 1.869882107 0.130391493 1.127344608 0.132844239 1.371047258 0.141621336 1.694608688 0.470733792 18.829374313 0.140479282 5.454802036 2.022497177 80.899841309 0.109616019 7.943363667 0.168051898 2.184406042 0.123019397 0.983228207 0.112790607 5.814680099 0.078584962 1.352325916 0.410715848 16.428623199 0.158046752 0.378800452 2.227176189 89.087020874 0.080234237 4.982256413
0.079509228 3.939110756 0.094678134 0.570070863 2.249035597 89.961425781 0.129213870 1.695191383 0.154071927 1.869882107 0.130391493 1.127344608 0.132844239 1.371047258 0.141621336 1.694608688 0.373854071 14.954118729 0.140479282 5.454802036 1.934708834 77.388336182 0.109616019 7.943363667 0.168051898 2.184406042 0.123019397 0.983228207 0.112790607 5.814680099 0.078584962 1.352325916 0.314136475 12.565458298 0.158046752 0.378800452 2.139380693 85.575233459 0.080234237 4.982256413
0.079509228 5.707781315 0.094678134 0.570070863 2.161237717 86.449501038 0.129213870 1.695191383 0.154071927 1.869882107 0.130391493 1.127344608 0.132844239 1.371047258 0.141621336 1.694608688 0.277010143 11.080396652 0.140479282 5.454802036 1.846921325 73.876823425 0.109616019 7.943363667 0.168051898 2.184406042 0.123019397 0.983228207 0.112790607 5.814680099 0.078584962 1.352325916 0.217793271 8.711705208 0.158046752 0.378800452 2.051585197 82.063423157 0.080234237 4.982256413
0.079509228 7.545697212 0.094678134 0.570070863 2.073441744 82.937644958 0.129213870 1.695191383 0.154071927 1.869882107 0.130391493 1.127344608 0.132844239 1.371047258 0.141621336 1.694608688 0.180217505 7.208720684 0.140479282 5.454802036 1.759132981 70.365318298 0.109616019 7.943363667 0.168051898 2.184406042 0.123019397 0.983228207 0.112790607 5.814680099 0.078584962 1.352325916 0.122225374 4.889022827 0.158046752 0.378800452 1.963787913 78.551498413 0.080234237 4.982256413
0.079509228 9.412372589 0.094678134 0.570070863 1.985645652 79.425796509 0.129213870 1.695191383 0.154071927 1.869882107 0.130391493 1.127344608 0.132844239 1.371047258 0.141621336 1.694608688 0.083592184 3.343687057 0.140479282 5.454802036 1.671361804 66.853889465 0.109616019 7.943363667 0.168051898 2.184406042 0.123019397 0.983228207 0.112790607 5.814680099 0.078584962 1.352325916 0.122225374 1.380288959 0.158046752 0.378800452 1.875990748 75.039649963 0.080234237 4.982256413
0.079509228 11.293634415 0.094678134 0.570070863 1.897850156 75.913986206 0.129213870 1.695191383 0.154071927 1.869882107 0.130391493 1.127344608 0.132844239 1.371047258 0.141621336 1.694608688 0.083592184 0.642534375 0.140479282 5.454802036 1.583560824 63.342407227 0.109616019 7.943363667 0.168051898 2.184406042 0.123019397 0.983228207 0.112790607 5.814680099 0.078584962 1.352325916 0.122225374 1.588043213 0.158046752 0.378800452 1.788193583 71.527732849 0.080234237 4.982256413
0.079509228 11.293634415 0.094678134 0.570070863 1.810053468 72.402145386 0.129213870 1.695191383 0.154071927 1.869882107 0.130391493 1.127344608 0.132844239 1.371047258 0.141621336 1.694608688 0.083592184 0.642534375 0.140479282 5.454802036 1.495773315 59.830921173 0.109616019 7.943363667 0.168051898 2.184406042 0.123019397 0.983228207 0.112790607 5.814680099 0.078584962 1.352325916 0.122225374 1.588043213 0.158046752 0.378800452 1.700395703 68.015853882 0.080234237 4.982256413
0.079509228 11.293634415 0.094678134 0.570070863 1.722254515 68.890220642 0.129213870 1.695191383 0.154071927 1.869882107 0.130391493 1.127344608 0.132844239 1.371047258 0.141621336 1.694608688 0.083592184 0.642534375 0.140479282 5.454802036 1.407983899 56.319374084 0.109616019 7.943363667 0.168051898 2.184406042 0.123019397 0.983228207 0.112790607 5.814680099 0.078584962 1.352325916 0.122225374 1.588043213 0.158046752 0.378800452 1.612597346 64.503913879 0.080234237 4.982256413
0.079509228 11.293634415 0.094678134 0.570070863 1.634452343 65.378097534 0.129213870 1.695191383 0.154071927 1.869882107 0.130391493 1.127344608 0.132844239 1.371047258 0.141621336 1.694608688 0.083592184 0.642534375 0.140479282 5.454802036 1.320192218 52.807670593 0.109616019 7.943363667 0.168051898 2.184406042 0.123019397 0.983228207 0.112790607 5.814680099 0.078584962 1.352325916 0.122225374 1.588043213 0.158046752 0.378800452 1.524798512 60.991954803 0.080234237 4.982256413
0.079509228 11.293634415 0.094678134 0.570070863 1.546646714 61.865837097 0.129213870 1.695191383 0.154071927 1.869882107 0.130391493 1.127344608 0.132844239 1.371047258 0.141621336 1.694608688 0.083592184 0.642534375 0.140479282 5.454802036 1.232396960 49.295879364 0.109616019 7.943363667 0.168051898 2.184406042 0.123019397 0.983228207 0.112790607 5.814680099 0.078584962 1.352325916 0.122225374 1.588043213 0.158046752 0.378800452 1.436999202 57.479969025 0.080234237 4.982256413
0.079509228 11.293634415 0.094678134 0.570070863 1.458837509 58.353519440 0.129213870 1.695191383 0.154071927 1.869882107 0.130391493 1.127344608 0.132844239 1.371047258 0.141621336 1.694608688 0.083592184 0.642534375 0.140479282 5.454802036 1.144598246 45.783912659 0.109616019 7.943363667 0.168051898 2.184406042 0.123019397 0.983228207 0.112790607 5.814680099 0.078584962 1.352325916 0.122225374 1.588043213 0.158046752 0.378800452 1.349198461 53.967948914 0.080234237 4.982256413
0.079509228 11.293634415 0.094678134 0.570070863 1.371026993 54.841049194 0.129213870 1.695191383 0.154071927 1.869882107 0.130391493 1.127344608 0.132844239 1.371047258 0.141621336 1.694608688 0.083592184 0.642534375 0.140479282 5.454802036 1.056796193 42.271842957 0.109616019 7.943363667 0.168051898 2.184406042 0.123019397 0.983228207 0.112790607 5.814680099 0.078584962 1.352325916 0.122225374 1.588043213 0.158046752 0.378800452 1.261396885 50.455856323 0.080234237 4.982256413
0.079509228 11.293634415 0.094678134 0.570070863 1.283215404 51.328643799 0.129213870 1.695191383 0.154071927 1.869882107 0.130391493 1.127344608 0.132844239 1.371047258 0.141621336 1.694608688 0.083592184 0.642534375 0.140479282 5.454802036 0.968991399 38.759666443 0.109616019 7.943363667 0.168051898 2.184406042 0.123019397 0.983228207 0.112790607 5.814680099 0.078584962 1.352325916 0.122225374 1.588043213 0.158046752 0.378800452 1.173595428 46.943805695 0.080234237 4.982256413
0.079509228 11.293634415 0.094678134 0.570070863 1.195401549 47.816040039 0.129213870 1.695191383 0.154071927 1.869882107 0.130391493 1.127344608 0.132844239 1.371047258 0.141621336 1.694608688 0.083592184 0.642534375 0.140479282 5.454802036 0.881186426 35.247428894 0.109616019 7.943363667 0.168051898 2.184406042 0.123019397 0.983228207 0.112790607 5.814680099 0.078584962 1.352325916 0.122225374 1.588043213 0.158046752 0.378800452 1.085794806 43.431789398 0.080234237 4.982256413
0.079509228 11.293634415 0.094678134 0.570070863 1.107585311 44.303401947 0.129213870 1.695191383 0.154071927 1.869882107 0.130391493 1.127344608 0.132844239 1.371047258 0.141621336 1.694608688 0.083592184 0.642534375 0.140479282 5.454802036 0.793383777 31.735338211 0.109616019 7.943363667 0.168051898 2.184406042 0.123019397 0.983228207 0.112790607 5.814680099 0.078584962 1.352325916 0.122225374 1.588043213 0.158046752 0.378800452 0.997994661 39.919795990 0.080234237 4.982256413
0.079509228 11.293634415 0.094678134 0.570070863 1.019767761 40.790702820 0.129213870 1.695191383 0.154071927 1.869882107 0.130391493 1.127344608 0.132844239 1.371047258 0.141621336 1.694608688 0.083592184 0.642534375 0.140479282 5.454802036 0.705586374 28.223453522 0.109616019 7.943363667 0.168051898 2.184406042 0.123019397 0.983228207 0.112790607 5.814680099 0.078584962 1.352325916 0.122225374 1.588043213 0.158046752 0.378800452 0.910193384 36.407726288 0.080234237 4.982256413
0.079509228 11.293634415 0.094678134 0.570070863 0.931949496 37.277984619 0.129213870 1.695191383 0.154071927 1.869882107 0.130391493 1.127344608 0.132844239 1.371047258 0.141621336 1.694608688 0.083592184 0.642534375 0.140479282 5.454802036 0.617796898 24.711894989 0.109616019 7.943363667 0.168051898 2.184406042 0.123019397 0.983228207 0.112790607 5.814680099 0.078584962 1.352325916 0.122225374 1.588043213 0.158046752 0.378800452 0.822391450 32.895645142 0.080234237 4.982256413
0.079509228 11.293634415 0.094678134 0.570070863 0.844132304 33.765304565 0.129213870 1.695191383 0.154071927 1.869882107 0.130391493 1.127344608 0.132844239 1.371047258 0.141621336 1.694608688 0.083592184 0.642534375 0.140479282 5.454802036 0.530025601 21.200681686 0.109616019 7.943363667 0.168051898 2.184406042 0.123019397 0.983228207 0.112790607 5.814680099 0.078584962 1.352325916 0.122225374 1.588043213 0.158046752 0.378800452 0.734587491 29.383533478 0.080234237 4.982256413
0.079509228 11.293634415 0.094678134 0.570070863 0.756318033 30.252702713 0.129213870 1.695191383 0.154071927 1.869882107 0.130391493 1.127344608 0.132844239 1.371047258 0.141621336 1.694608688 0.083592184 0.642534375 0.140479282 5.454802036 0.442252606 17.690111160 0.109616019 7.943363667 0.168051898 2.184406042 0.123019397 0.983228207 0.112790607 5.814680099 0.078584962 1.352325916 0.122225374 1.588043213 0.158046752 0.378800452 0.646782398 25.871295929 0.080234237 4.982256413
0.079509228 11.293634415 0.094678134 0.570070863 0.668508649 26.740331650 0.129213870 1.695191383 0.154071927 1.869882107 0.130391493 1.127344608 0.132844239 1.371047258 0.141621336 1.694608688 0.083592184 0.642534375 0.140479282 5.454802036 0.354519844 14.180787086 0.109616019 7.943363667 0.168051898 2.184406042 0.123019397 0.983228207 0.112790607 5.814680099 0.078584962 1.352325916 0.122225374 1.588043213 0.158046752 0.378800452 0.558977664 22.359115601 0.080234237 4.982256413
0.079509228 11.293634415 0.094678134 0.570070863 0.580705225 23.228199005 0.129213870 1.695191383 0.154071927 1.869882107 0.130391493 1.127344608 0.132844239 1.371047258 0.141621336 1.694608688 0.083592184 0.642534375 0.140479282 5.454802036 0.266849518 10.673975945 0.109616019 7.943363667 0.168051898 2.184406042 0.123019397 0.983228207 0.112790607 5.814680099 0.078584962 1.352325916 0.122225374 1.588043213 0.158046752 0.378800452 0.471171796 18.846868515 0.080234237 4.982256413
0.079509228 11.293634415 0.094678134 0.570070863 0.492910326 19.716402054 0.129213870 1.695191383 0.154071927 1.869882107 0.130391493 1.127344608 0.132844239 1.371047258 0.141621336 1.694608688 0.083592184 0.642534375 0.140479282 5.454802036 0.179315984 7.172604561 0.109616019 7.943363667 0.168051898 2.184406042 0.123019397 0.983228207 0.112790607 5.814680099 0.078584962 1.352325916 0.122225374 1.588043213 0.158046752 0.378800452 0.383364260 15.334534645 0.080234237 4.982256413
0.079509228 11.293634415 0.094678134 0.570070863 0.405127645 16.205081940 0.129213870 1.695191383 0.154071927 1.869882107 0.130391493 1.127344608 0.132844239 1.371047258 0.141621336 1.694608688 0.083592184 0.642534375 0.140479282 5.454802036 0.092291862 3.691693068 0.109616019 7.943363667 0.168051898 2.184406042 0.123019397 0.983228207 0.112790607 5.814680099 0.078584962 1.352325916 0.122225374 1.588043213 0.158046752 0.378800452 0.295555264 11.822188377 0.080234237 4.982256413
0.079509228 11.293634415 0.094678134 0.570070863 0.317364842 12.694595337 0.129213870 1.695191383 0.154071927 1.869882107 0.130391493 1.127344608 0.132844239 1.371047258 0.141621336 1.694608688 0.083592184 0.642534375 0.140479282 5.454802036 0.092291862 0.689674020 0.109616019 7.943363667 0.168051898 2.184406042 0.123019397 0.983228207 0.112790607 5.814680099 0.078584962 1.352325916 0.122225374 1.588043213 0.158046752 0.378800452 0.207748368 8.309976578 0.080234237 4.982256413
0.079509228 11.293634415 0.094678134 0.570070863 0.229637325 9.185521126 0.129213870 1.695191383 0.154071927 1.869882107 0.130391493 1.127344608 0.132844239 1.371047258 0.141621336 1.694608688 0.083592184 0.642534375 0.140479282 5.454802036 0.092291862 1.525464773 0.109616019 7.943363667 0.168051898 2.184406042 0.123019397 0.983228207 0.112790607 5.814680099 0.078584962 1.352325916 0.122225374 1.588043213 0.158046752 0.378800452 0.119952396 4.798078537 0.080234237 4.982256413
0.079509228 11.293634415 0.094678134 0.570070863 0.142001882 5.680099964 0.129213870 1.695191383 0.154071927 1.869882107 0.130391493 1.127344608 0.132844239 1.371047258 0.141621336 1.694608688 0.083592184 0.642534375 0.140479282 5.454802036 0.092291862 2.960269213 0.109616019 7.943363667 0.168051898 2.184406042 0.123019397 0.983228207 0.112790607 5.814680099 0.078584962 1.352325916 0.122225374 1.588043213 0.158046752 0.378800452 0.119952396 1.290979862 0.080234237 4.982256413
0.079509228 11.293634415 0.094678134 0.570070863 0.142001882 2.195515394 0.129213870 1.695191383 0.154071927 1.869882107 0.130391493 1.127344608 0.132844239 1.371047258 0.141621336 1.694608688 0.083592184 0.642534375 0.140479282 5.454802036 0.092291862 4.447955608 0.109616019 7.943363667 0.168051898 2.184406042 0.123019397 0.983228207 0.112790607 5.814680099 0.078584962 1.352325916 0.122225374 1.588043213 0.158046752 0.378800452 0.119952396 0.296635330 0.080234237 4.982256413
