episode,step,time,case,defender_id,target_id,defender_pos_x,defender_pos_y,defender_pos_z,defender_vx,defender_vy,defender_vz,defender_speed,defender_pitch,defender_yaw,load_y,load_z,load_norm,dist_to_target,tgo
1,497,24.85,case2,12,24,981.9057000109359,-80.3454829212634,54.484066957103195,38.73131351361461,9.502458671207945,3.0965517454225138,40.0,0.07749132503353974,0.2405908735828788,0.04256987076436791,0.27410513037793405,0.30100197139303025,2.003108263373738,0.15474395156507184
1,498,24.9,case2,4,24,982.807752702365,-78.32579722642554,56.35587167254932,38.543818202293046,10.119075812486182,1.388238672107004,39.87416235510149,0.03482253155534292,0.2567404549954024,-0.0008596728283997825,-0.13740293106170398,0.5125573502926098,2.4915795965176533,0.07812614391647281
1,522,26.1,case2,9,21,-806.7100951669029,434.85058888855576,52.15014907382874,-39.58985858346375,-1.9528922098451242,1.2295624029585044,39.65706134277604,0.031009849028073518,3.190880795120771,-0.009984719260303747,0.2759125304043199,0.2920733100760653,2.2397211703725177,0.15207878810810688
1,523,26.15,case2,1,21,-806.271656278203,432.5651992178771,51.45087940103006,-39.72946222234115,-4.3307569031445015,1.6776102555224255,40.0,0.04195256151164321,3.2501701358837107,0.1844041403614127,-0.018394475905013807,0.2873212499670509,2.776110920597704,0.13783341704497912
1,523,26.15,case2,17,21,-807.821121921643,433.00871152756406,52.4016556223099,-39.697194709495996,-4.725518982383737,1.3424613750474093,40.0,0.03356783805962542,3.260074228925452,0.20614108730295735,0.13168850979346436,0.3340604937407155,2.566230296159479,0.10003315142366456
1,525,26.25,case2,14,26,-775.2701489784022,-547.4856468464388,54.655584709774864,-22.000050893672707,-32.55861499136005,-0.41338821457559266,39.29677517679733,-0.01051984132431525,-2.1650308369471354,0.002252075064418291,0.14515056395529083,0.18670590702270626,2.4021735226620176,0.15043179898298148
1,526,26.3,case2,6,26,-773.6798499670673,-545.4598611901706,56.6708069391186,-23.42654610530213,-32.309364946066054,2.702198060481859,40.0,0.06760644042346108,-2.1981502961878703,0.29513275634388964,-0.0022353303619035148,0.3556021443492421,2.6667773477670016,0.15854802232996917
1,535,26.75,case2,5,25,835.7283491780531,-574.5299217446063,55.67603141200301,35.07633865527643,-16.407427757394043,3.4533003516590903,38.8777378764829,0.08894183976708821,-0.4375273910959938,-0.04093469197851951,-0.3281460560525473,0.43700850500045896,1.1111826197323482,0.0860354248402597
1,535,26.75,case2,13,25,834.423733632091,-576.3297259879974,55.495786577915766,36.19515260098501,-16.669009305297788,3.4720393101610614,40.0,0.08691035302041072,-0.43157735989304485,0.12445397214424901,0.4868567000282712,0.5492940360560088,1.9557416986185412,0.10369518561318991
1,551,27.55,case2,7,27,-843.6430853591327,-529.9673869368698,56.20778177641272,-20.596767588253364,-33.66947894003969,2.888647761644674,39.57530711275852,0.07305613326254391,-2.119799177949867,-0.011580458450578254,-0.25750894254102275,0.3314430200566771,1.730113373220851,0.11367169273020988
1,551,27.55,case2,15,27,-843.992259370926,-529.6114922590357,55.90817312614088,-21.685170942177855,-33.54019829044224,2.192820067023413,40.0,0.05484799743706693,-2.144737279393416,0.12200101506610922,-0.041004205664930626,0.21056724073310135,1.2365998626696346,0.10939654741147062
1,559,27.95,case2,11,23,710.4295560072925,799.0656096084919,58.321346134673554,14.23352265127633,37.10790798655429,4.479640904271349,39.99571458086725,0.11223852761657825,1.2045324861981115,-0.006840266927938749,-0.18521522765317694,0.20993634417509596,1.2506296534925432,0.12191423313105923
1,559,27.95,case2,19,23,710.1363011947429,799.7010656191065,57.657426217231574,13.05426231851583,37.808214209408995,0.3537988338325281,40.0,0.008845086178724985,1.238336310928465,0.09578474628735123,-0.40625170706202696,0.48399544594080324,1.3115770135349814,0.11386349536568614
1,562,28.1,case2,3,23,705.9179797540022,792.4748090360764,57.25034773577568,12.2723140431941,37.97425778528927,2.7103604338940386,40.0,0.06781096840610132,1.2582163608583934,0.6923137444404904,0.2301327264350943,0.7343008911849621,2.895633873442344,0.16950949493126977
1,583,29.15,case2,0,20,-993.9727461891379,-276.40249389519,58.54067503788807,-32.54730261196272,-20.891120218016226,2.4376794988273396,38.75187856888082,0.06294636838390913,-2.5709543391194996,-0.015885387008353735,-0.36961140493708533,0.5304028915464948,2.177616591011861,0.08832223875600731
1,583,29.15,case2,8,20,-993.2594829552523,-273.81147961089647,57.1040105713252,-33.55868436386433,-21.257426568316117,4.683643822834476,40.0,0.11736031940601564,-2.5769468454951103,0.2735656309719938,0.058041048129877815,0.5372728364456137,1.0325439923665372,0.11859526415349789
1,586,29.3,case2,16,20,-987.572080316442,-273.1207509221531,56.41209549417873,-34.671915657315566,-19.815257515972757,2.283382190453654,40.0,0.057115603375400226,-2.622387091838619,0.697070556676681,-0.1552975214480458,0.7155608394372786,0.8180941738866979,0.11409602302575453
1,1295,64.75,case2,18,22,305.6210420685608,-509.35499607867916,24.660936631599036,-31.77778509103806,24.26173607599934,-0.6266822278517326,39.98564984251667,-0.01567332002304514,2.4895193669155082,-0.014514000900937653,-0.3708035148634815,0.6732639354157003,2.888404797315254,0.08295260381509034
1,1303,65.15,case2,2,22,296.5532044812118,-501.52317151645667,25.00250918476822,-29.861632175763788,26.424384793221755,-3.167777154273899,40.0,-0.0792774447422509,2.4171862662494745,0.1302170603747825,-0.3956938797488231,0.4181398480633297,2.8920271953011008,0.0837312024220101
2,497,24.85,case2,12,24,981.2636071483176,-79.67680066086818,56.40577364684717,38.92764675551642,8.683362849091239,3.0393301414545033,40.0,0.07605655846025337,0.21947112046331602,0.05462035982333878,-0.07854043186109608,0.196517893710454,2.6493541794082356,0.1675215166908003
2,498,24.9,case2,4,24,982.5312481629919,-77.89121231482696,55.0170238146226,38.38080134431979,9.806112392839085,2.956040701666368,39.723845845071956,0.07448361726222533,0.2501439374063373,-0.008205206295074388,-0.39174429695395185,0.3942795735877155,2.3893498927332364,0.08552428995702567
2,522,26.1,case2,17,21,-806.4195569819805,435.69884525281327,51.668804194343785,-39.96919639595848,-0.8865245203267256,1.29515008248454,40.0,0.03238441229155621,3.163769211155473,0.08518078119402817,-0.05781601221003199,0.17361616556391413,2.151884963384871,0.15179565340200446
2,523,26.15,case2,1,21,-806.1267517185482,433.80097723611254,53.20153242160869,-39.9487906977118,0.1576586135785941,2.0172420657867827,40.0,0.05045245295349418,3.1376461562785702,0.207743603077312,-0.4262128870538162,0.47525201904796494,1.5858260880857933,0.122822035924342
2,526,26.3,case2,6,26,-774.155096875064,-544.8738693135246,56.56883230418535,-23.468216745169673,-32.12832897392804,4.1247157653338915,40.0,0.10330152140340398,-2.20166918259376,0.34030794442075,0.3228684053781279,0.6319407813843976,2.537388395354806,0.15828962564079602
2,535,26.75,case2,5,25,836.3098900957626,-574.0041557047464,54.466520078213044,36.824034102652895,-12.627562297170142,3.397109237244969,39.0769134954647,0.08704379380815727,-0.3303503072416616,-0.030660648810243548,0.03718011157840423,0.344421654883188,1.6557717645404757,0.08343889439723721
2,535,26.75,case2,13,25,835.4369344382523,-575.3345354933402,56.58473598898884,35.720705957214996,-17.663552316193456,3.468441363391024,40.0,0.0868200639241724,-0.45923036055422106,0.11000797367051528,-0.038401751796587946,0.36872119566560607,1.8790572409384894,0.08808877738882885
2,551,27.55,case2,7,27,-843.5117605345846,-530.2231927942363,54.00044291779107,-20.7015755718713,-33.86480559835786,0.36682188718072317,39.692755606903674,0.00924166395688095,-2.119483673759091,0.006537059167054864,-0.4049587358226886,0.5257853817327842,2.8419693394628567,0.1270056997256896
2,551,27.55,case2,15,27,-843.4818400107317,-529.9688050867317,56.53752452484426,-20.32674878064154,-34.36049964484752,2.4858294722529104,40.0,0.06218580858628457,-2.104996567266021,0.11496288678834732,-0.23245401027949655,0.26734995982072424,1.9201500840667847,0.11640367319057995
2,559,27.95,case2,11,23,709.7897330981128,799.1953748497128,56.97924627590383,14.550337712419218,37.25578499628105,0.5423622087044228,40.0,0.013559470719468399,1.1984608361627647,0.011742312469667202,-0.3398630586356272,0.3717782737354924,1.81435792201645,0.13146675686442683
2,559,27.95,case2,19,23,710.1398299773753,799.413930354087,58.070917139486106,11.828639735234793,38.20547860165241,0.6516800079062584,40.0,0.016292721012710627,1.270550288541492,0.0821704758860592,0.1320982853814589,0.16628670337862891,1.3441476203090146,0.1186335640195287
2,562,28.1,case2,3,23,706.797128244705,792.0850692985852,57.48610659159519,15.852169975062466,36.622267964773926,2.741932930985133,40.0,0.06860212041270253,1.1622904030132775,0.6959034372933605,-0.5249277196613304,0.8717058264372819,2.6896081078029628,0.1671055889542067
2,583,29.15,case2,0,20,-993.920863082352,-276.43683862425735,58.15247109528505,-32.268042594293696,-21.63975509179332,1.0466014272212112,38.866450157525435,0.026931401000535263,-2.5508546903908145,-0.01069625586891611,-0.11297122908286646,0.19174949751309786,1.98339748232187,0.08665107015629585
2,583,29.15,case2,8,20,-992.6620525180896,-274.71491363865334,55.788287032542485,-33.179243825213845,-22.32556278638896,0.8408480588154145,40.0,0.021022749957968878,-2.5493026388407705,0.2850706948048154,0.15475105908837822,0.3442754725850249,1.768313982050615,0.12768602872232712
2,586,29.3,case2,16,20,-987.2521399803595,-272.53375793294697,57.092515134253745,-34.404317198392384,-20.36383364071322,1.2873373939098394,40.0,0.03218899323026484,-2.6071520831248414,0.6987624030442716,0.22367749429599226,0.7341903128157525,1.1889491865852608,0.12579925582330703
2,745,37.25,case2,2,22,703.8123636603688,-1144.8554590975723,62.753756423388936,39.090567216445585,-8.409510513788527,1.0989484132704452,40.0,0.027477167720786847,-0.21189935643141403,0.3512366862078353,0.44647079556674013,0.6020339212638028,2.1506269498538995,0.08477434959215946
2,1315,65.75,case2,18,22,284.1685606968461,-488.20706976063815,24.715924670798305,-31.33882697734759,24.84852279783857,0.6548575793004995,40.0,0.01637217089393187,2.4711966472316793,0.030422238953667965,0.07478325623215558,0.47976387180085167,2.850887269745793,0.08352785217902994
2,1317,65.85,case2,10,22,281.56860119355406,-486.24214419930456,23.781221553748523,-29.669745122210074,26.704771277512133,-2.493336958738563,39.995691190313956,-0.06238058871675041,2.408740298227033,-0.006695037296672246,-0.06946353105846736,0.11404590144983807,2.583595572235477,0.0764828744890695
3,497,24.85,case2,4,24,980.8800651779947,-79.49128800554149,54.3403922779156,38.80685384973252,8.751078409521922,-0.6968088951275285,39.787420394899044,-0.017514192010524638,0.22179355666467357,-0.007472572573933139,-0.05766968972179162,0.38593349421184825,2.9578576845277493,0.1782546056127638
3,497,24.85,case2,12,24,981.3254588965303,-80.33897685536718,56.102261937150615,38.84002267729975,8.310805453286758,4.73108350639268,40.0,0.11855461059811076,0.21079652675611957,0.046321490230380395,-0.22344800959452357,0.298482572518728,2.528197154135936,0.16682149763195497
3,522,26.1,case2,9,21,-806.5687991957625,435.5807391359503,53.49388034907868,-39.44048432196778,1.7446539900779332,2.835328531687115,39.58073658964775,0.0716954578893866,3.097386366400806,-0.0006310697893820635,-0.7735757883950511,0.7738460671950609,2.0921515211792654,0.149927610779009
3,522,26.1,case2,17,21,-806.2817964978758,434.9137541816895,52.24852610037834,-39.963996580755115,-1.0073042580194889,1.3653993647169411,40.0,0.03414161659382512,3.166792611294405,0.16442596193282294,-0.3095346319901487,0.3782194881310671,2.49692208162594,0.16040117493241168
3,523,26.15,case2,1,21,-805.6253157108742,433.77383040999155,52.25892141907546,-39.95776712303383,-0.9943160865202564,1.5453744081883656,40.0,0.03864397769574188,3.1664716946403915,0.20468807541993708,0.1525037861887918,0.255348329280494,1.6043227962167832,0.1327529818841599
3,525,26.25,case2,14,26,-776.4887049047918,-546.8685970696708,54.600293430308035,-23.919201090836317,-31.13333666703157,1.964967420017305,39.30997239643304,0.050007326781728666,-2.2258959951018435,-0.012121424647108654,-0.13103035573657362,0.24651329281903395,1.5683102645230853,0.13689123407140116
3,526,26.3,case2,6,26,-774.6684937387218,-545.4776475124364,55.06508759476886,-24.057542920744698,-31.88271676474669,2.174166579512059,40.0,0.05438096389799683,-2.2172118549801842,0.29498441333990877,0.26446741151879744,0.42134433509146346,1.5159723935584741,0.13829020459059033
3,535,26.75,case2,5,25,834.6891082572903,-575.9348494644591,55.63150094070942,36.118747214484806,-14.169172697183205,2.812899513345236,38.90040821043699,0.07237344712102196,-0.37384578983418165,-0.046785921644289394,0.6238542326887333,0.6257863116628242,1.5863036937219084,0.10024629170350849
3,535,26.75,case2,13,25,835.3701408495067,-573.4835056223725,55.17741852518976,36.42215812764924,-16.48872244476684,1.2443590574897425,40.0,0.03111399633783289,-0.42510635377897527,0.157666512691966,-0.5298437603383059,0.5663585853771722,1.1390036416331382,0.1077088904922641
3,551,27.55,case2,7,27,-843.2893377811897,-530.3327391568737,55.489763606641446,-20.200019047393933,-33.981517308310416,1.2823487137937437,39.55285964774034,0.03242682031381274,-2.107118559886791,-0.015476719256271889,-0.18100079428557275,0.27323087584588274,2.2912099439295304,0.12054724977542894
3,551,27.55,case2,15,27,-843.4429938879933,-530.0805884263269,55.31783017457248,-21.79692199686631,-33.48630239058608,1.8872582411409466,40.0,0.04719897861356698,-2.147818402708554,0.127813112500103,-0.5816970876503071,0.606059367794642,2.077034487584116,0.1198925684087336
3,559,27.95,case2,11,23,710.1841561052914,798.822985814887,57.75918370223913,13.78886235088379,37.45781956703393,2.603656726972609,40.0,0.06513747025740571,1.2180736286248381,0.053983216006855544,-0.13553993670549946,0.18810887508399676,1.412317658131631,0.13031505913987743
3,559,27.95,case2,19,23,711.6656763099304,799.2701406142655,57.61843387270727,14.789009779060308,37.128747679613475,1.655682789200688,40.0,0.04140389838123836,1.1917416906560905,0.03593123597294791,-0.32140832494949834,0.5200102457115965,0.3302399870937691,0.10236690203535673
3,563,28.15,case2,3,23,706.8342237100682,793.8071058236657,58.113128158207914,12.653705955001909,37.88384881100757,2.1674235555309007,40.0,0.054212139502489085,1.2484340080978964,0.6115459309302346,0.06817057926618567,0.6906250822327031,1.2927075049129841,0.08006666560956477
3,583,29.15,case2,0,20,-993.8114567072996,-276.7926435894917,55.991027852248315,-31.18138414486761,-23.24978386516243,-0.03204203874465413,38.89514357421522,-0.0008238057357409815,-2.500894043114997,-0.003707750620512037,0.04766538280344165,0.21048219370947477,2.3942639578494083,0.0921282585273444
3,583,29.15,case2,8,20,-992.8232395833189,-274.45437838084354,58.065256678214865,-33.11498729868183,-22.195908905826048,3.277078585022558,40.0,0.0820188918957794,-2.5511011158800145,0.25033671863372864,0.1269312611732217,0.28868316122005555,1.3084801501021128,0.1212699742811068
3,586,29.3,case2,16,20,-987.1976046269356,-273.2596220917886,55.48648017529487,-34.63573447759092,-19.927529216812296,1.8054020358114065,40.0,0.04515038961068989,-2.619498429414965,0.6954991616053176,-0.010814040511081674,0.7484542886550325,1.7405387752077839,0.12692404711357927
3,743,37.15,case2,18,22,702.5304052947419,-1147.302386963242,63.332333390194236,39.34140155176232,-7.0515665288407705,1.5904507010047313,40.0,0.03977175180395915,-0.17735702978332268,0.050166001114291696,0.4006364056071882,0.411985198757861,2.400388875619321,0.09805103911675127
3,745,37.25,case2,2,22,703.467007195264,-1145.3537486527362,61.50600606105583,38.83164767588756,-9.568038387616443,-0.7455066658551001,40.0,-0.018638745819855064,-0.24158563582561068,0.3130414672732562,0.05956136455811739,0.41723414986145724,2.932778948732437,0.09581847774851755
4,497,24.85,case2,4,24,980.7100768723753,-79.94109480618773,55.42447319798736,38.259768580742296,10.522965114045467,0.7748707153382579,39.68807265752347,0.019525260371220612,0.26840335844428675,-0.014599970444142437,0.408856056924845,0.4972782284548376,2.957800405876085,0.18135612308818974
4,498,24.9,case2,12,24,982.9542148502694,-79.04117795380164,53.816352055242426,38.987568131080714,8.794350710304167,-1.6213965611508887,40.0,-0.0405460225903045,0.22185507892597753,0.07397752210591887,-0.011953280161420998,0.09484611962361295,2.2761514926049387,0.07547527706536517
4,523,26.15,case2,17,21,-808.3810090642648,433.5498043185093,52.083009401087416,-39.72473955869977,-3.5985102385717567,2.9992984273606145,40.0,0.0750529022339504,3.231932213208431,0.08437456277270008,-0.16843745908457072,0.34993380266781443,2.5610621728860226,0.08338615867024239
4,526,26.3,case2,6,26,-773.0522533869433,-545.6955677168985,54.78748963621453,-22.837997452779728,-32.62271820494224,3.7661823200366484,40.0,0.09429423054253361,-2.1815653839381914,0.326532669229994,-0.17029092552693298,0.5053933181584243,2.940434215289612,0.16732300686949134
4,526,26.3,case2,14,26,-775.7349688396691,-549.1518616365807,54.3690560660309,-22.25728023016146,-32.380773002078904,1.5398782850685704,39.322667872220016,0.03917008204818735,-2.172989273636699,-0.010818585571559763,-0.21788813469511034,0.26601694211245813,2.9741225550220443,0.07977150288929286
4,535,26.75,case2,5,25,835.5441650251453,-575.5734260332522,56.06999742758979,35.31093571063769,-16.174449777171933,2.82242468451029,38.94150854107707,0.07254217286331585,-0.4295345607473955,-0.04012592324304507,-0.2696021425797186,0.4478742389607737,1.6755031842891084,0.08146529103803563
4,535,26.75,case2,13,25,835.1006890587621,-575.5919704866342,57.0869915436717,36.39087034247877,-16.080439860473618,4.138116674356843,40.0,0.1036383455467421,-0.41608181678292555,0.09351987965900534,-0.14658209866644933,0.22064420106170843,2.3570801161720034,0.09885756549286633
4,551,27.55,case2,7,27,-844.1866748065448,-529.8462188190296,55.764576534582865,-21.33749638148597,-33.281375537051616,0.583371329630107,39.538323580754145,0.014755114665809617,-2.140906665824381,-0.014819374048707163,0.11811485614007797,0.14807565638551792,1.2666688362696472,0.10334633992783573
4,551,27.55,case2,15,27,-844.0684138923212,-529.5302387223503,56.42432857124935,-23.346112807035023,-32.44382170224725,1.5353990210970174,40.0,0.038394407893823965,-2.1945465271130375,0.16522366768882973,-0.3668703287159054,0.4154270664810227,1.187636543932462,0.10959984413160198
4,559,27.95,case2,11,23,709.7227486898939,798.9494122157022,58.09251814590056,12.500426294760754,37.950549968176354,1.8695185375395362,40.0,0.046754996211503384,1.2526014653796098,0.07153283977438443,0.16046380693937143,0.5265079428549821,1.831973599885008,0.13447227548668314
4,559,27.95,case2,19,23,711.460354841524,799.3587719742743,57.226817234251584,11.752759203369255,38.21288668773367,1.2837219706953487,40.0,0.03209856093555766,1.272418174347861,0.029649938880279694,0.385402565076845,0.4464829255834417,0.49027297308646073,0.10317379705249277
4,562,28.1,case2,3,23,706.3233657272025,792.4766316905209,57.35155527174444,15.40145920565612,36.81047756720047,2.7899454494920164,40.0,0.0698053134367135,1.1745302247103047,0.6950294953928069,0.05793141504936869,0.7234457594368591,2.616483558828623,0.16469503124936438
4,582,29.1,case2,0,20,-993.4250696657567,-273.8050241710717,56.897284091708926,-32.549381341477265,-21.022150145688112,2.032192895871788,38.80106738772523,0.052398639214763044,-2.5681375002560647,-0.015706870989698994,-0.05341528203045763,0.08311812815287113,2.6333392032623038,0.16519842608685306
4,583,29.15,case2,8,20,-992.5178747975407,-274.85327833252495,57.555371756581174,-33.72565293552391,-21.30084838242224,2.9755994793734075,40.0,0.07445876916152307,-2.578267150618529,0.27464931958360644,-0.02718131877232044,0.29846576822682325,1.2965764290850736,0.12431027781395743
4,586,29.3,case2,16,20,-986.8525913455168,-273.3804837939034,57.58224873285049,-32.73617079898406,-22.677059062510132,3.7542127930060563,40.0,0.09399366136442243,-2.535768109466645,0.6993310843863924,0.45558876737822707,0.8354602188752372,1.5945493136595086,0.12723649440814322
4,743,37.15,case2,18,22,702.6877883184561,-1147.3889094346405,62.50425012197539,38.991017388294466,-8.796903817283118,1.521527605792482,40.0,0.03804736905685898,-0.22189839926492133,0.10102846286530447,0.19851441487717544,0.22402371355638098,2.2237841579493383,0.09378283396726608
4,745,37.25,case2,2,22,703.5544313902648,-1145.7689452271454,62.147719789242366,39.27070217067404,-7.575709160246025,0.6485227379064402,40.0,0.016213778835920484,-0.1905690013823257,0.2517184846910412,0.5167790519548061,0.6331557175941089,2.9649186871391797,0.09098517405167994
5,497,24.85,case2,4,24,981.0553179568066,-80.23941459061501,56.188377418492,38.391234664550744,9.477914175928179,3.5375650629913347,39.701789918966625,0.08922174311924587,0.24203724883355943,-0.007708993454240425,0.2314524774791939,0.3883380308245444,2.789426237909042,0.17431609276454646
5,497,24.85,case2,12,24,981.417503265692,-79.17430734323,54.90581720148885,38.627757224210214,10.182963501930445,2.050274651315843,40.0,0.051279337099538545,0.25775376370288333,0.06510650234016101,-0.10682132792555504,0.24967627666450978,2.3666904855269384,0.16233582986578915
5,523,26.15,case2,9,21,-808.4002211910437,434.08828051122083,54.36981446082211,-39.307655973558084,-3.0397255665762866,2.6633177736248643,39.51487076049978,0.0674515276935323,3.21877069357126,-0.013767692941876174,0.13231518611667092,0.48717989561689434,2.9698063050626313,0.08348085952887084
5,523,26.15,case2,17,21,-807.4645172701421,433.3258919934578,52.72068460578987,-39.86175494942586,-2.658515445329656,1.9931853849722567,40.0,0.04985027880073444,3.2081874193200113,0.21443593955225748,-0.15700878748398894,0.26618614208941205,2.128678361962163,0.10161839328320713
5,525,26.25,case2,14,26,-776.0552505228642,-546.2065160482758,57.28789094749924,-25.261241321040956,-29.835305484377677,3.357329282692524,39.23706699459618,0.08567000104585722,-2.273365360836618,-0.009886663282873997,-0.029595143135423496,0.04517088124886471,2.680815103346864,0.15819105211511433
5,526,26.3,case2,6,26,-775.4543473597864,-544.0561301542434,55.53028326066391,-24.235470695904734,-31.683353546819152,2.967670496400383,40.0,0.07425999529811729,-2.223782829958511,0.28133529455865114,0.44724963035499854,0.5334458152150909,2.3476967357277614,0.1524044057965918
5,534,26.7,case2,5,25,834.2932931430154,-574.2710820882828,54.9213796048822,35.60818363675238,-16.516502110861474,0.36930210619986337,39.253967543834534,0.009408158649889071,-0.4343035302100012,-0.02734671888791484,-0.28637805542057365,0.3402042262609516,2.7787516665071466,0.1768315394213372
5,535,26.75,case2,13,25,836.1082065662077,-574.6104136219429,54.50157075796559,36.325778091353115,-16.741656994670556,-0.3934045380626757,40.0,-0.009835272015998993,-0.43186100456213644,0.09907762990813154,-0.46826604187091636,0.6833920025363733,1.39434158537044,0.0773638399256738
5,551,27.55,case2,7,27,-844.6037436447714,-529.8660663251676,57.52754617562074,-22.381154686310254,-32.36242977149629,3.4032615016674193,39.494621591506714,0.08627725024656004,-2.1758477637622082,-0.01900947913780927,-0.239078346026047,0.28183940835074994,1.811692055679785,0.09868500755355061
5,551,27.55,case2,15,27,-843.9216955455236,-530.1226596154718,56.77623508702928,-23.730261561279946,-32.157340601461435,1.6673726862461349,40.0,0.04169639826015722,-2.2065357336974416,0.17358891649104555,-0.4442236282686355,0.4776004212286192,1.7819999571134142,0.10856906486009281
5,559,27.95,case2,11,23,710.6276476031273,798.1317851727033,58.14750244313005,15.40029735525868,36.902252283303994,1.0269458549495254,40.0,0.02567646761523172,1.1754428931631287,0.10051735635872955,-0.013894811967613524,0.6852004300184799,1.6367537656575408,0.13949722058441688
5,559,27.95,case2,19,23,710.4853118958614,799.807657901949,58.048476077945914,13.052425773138026,37.75731350735554,2.00485863441504,40.0,0.050142475154289955,1.2379639317043076,0.00781711958998505,-0.2898539243851841,0.29008421231495746,1.0567586110139735,0.10601311599106018
5,562,28.1,case2,3,23,706.0008703614701,792.6439065872445,58.20595764212344,14.581883381986165,37.02460912176644,4.067799947706982,40.0,0.10187110562680725,1.1956089451539913,0.6938131667458959,-0.219197294101107,0.7926621726743583,2.8415213256983636,0.16581507868524786
5,583,29.15,case2,0,20,-993.8569489414673,-276.83265582793075,58.09675373476445,-32.68070666104604,-20.77115130601009,3.301388483633972,38.863459449235535,0.08505089552366281,-2.5754225371811836,-0.018736953626604363,-0.5064121379656118,0.5069104384499918,2.308718022888628,0.0888262479700367
5,583,29.15,case2,8,20,-992.6631452922223,-274.7371954725053,57.149845718966716,-32.997164984874836,-22.136853831736836,4.598565579968211,40.0,0.11521889973641461,-2.5506847363530802,0.27814820216940633,0.15316876403631993,0.31887557521569904,1.0891283143025854,0.12157494290056521
5,586,29.3,case2,16,20,-986.1442875352582,-273.51809330504676,58.059292136009454,-33.304745097772184,-21.84008810770423,3.715441483879901,40.0,0.09302012562426343,-2.5611753381519176,0.6995248929841443,0.07879034656320111,0.7039482588178437,2.4556632302551535,0.14533610684953036
5,744,37.2,case2,10,22,703.5949417364587,-1147.3944723815112,63.627142668112725,39.464652588537994,-6.278854083017445,1.7655558530322444,40.0,0.044153241115425394,-0.15777829250754924,0.05104734231799023,0.44227110353667004,0.4533553643877283,2.9199842265243467,0.08147576194151136
5,1299,64.95,case2,18,22,301.34908247212985,-505.24723990128643,25.770858489519437,-29.528917122823383,26.96186008815462,1.0493589186750616,40.0,0.026236983029179272,2.401605305429696,0.07463845189776282,-0.020537224254155245,0.6412387595167379,2.835961123126469,0.08257679365266354
5,1301,65.05,case2,2,22,298.30821323570666,-503.52078912506926,26.030221675754923,-30.910445325403373,25.345843907093595,-1.4180846164252607,39.99847994057833,-0.03546089409231751,2.454788956305638,-0.003098999840308046,-0.08624827834285251,0.08780454942413739,2.7803150840894495,0.07936259431392989
6,497,24.85,case2,12,24,981.3209035546065,-79.61079100647443,54.30009964200415,39.028038303262754,8.764046804663868,0.06090816625362035,40.0,0.001522704744771858,0.22089342200408119,0.08474138152147487,-0.32044713361046884,0.3314640476638045,2.550389676111852,0.16717763766615085
6,498,24.9,case2,4,24,982.6655257179884,-79.48231283614304,56.37938321957262,37.92285867647952,10.603004642129779,4.993936561703027,39.69264818602531,0.12614946969795485,0.2726322015823478,-0.02497728730328985,0.3632910075131688,0.404076869374161,1.842868054579,0.07602556049306443
6,523,26.15,case2,1,21,-806.0235170724667,432.7897071984427,53.25382554325745,-39.74358316253866,-4.368184162472929,1.1690015077382396,40.0,0.02922919949111721,3.2510624334984355,0.1543794183636165,0.012116235203821546,0.3161434558167388,2.536713989214118,0.13646090526748753
6,525,26.25,case2,14,26,-775.3611159679779,-546.872578063407,55.418714969921226,-24.894635229445306,-30.327903119342803,1.7699505802356585,39.27667623259202,0.04507892081669585,-2.258121542694442,-0.01221525319376487,-0.3052571526791724,0.3055432017373297,2.271871018781722,0.1567467867971815
6,526,26.3,case2,6,26,-773.9974722207515,-544.9773436271196,54.796745950154445,-24.19990319763863,-31.74486096574646,2.5745849161265695,40.0,0.06440914763583015,-2.2221389249859103,0.28451689388695,-0.06921988690647271,0.3050179472963075,2.393078198070209,0.15984414748603948
6,535,26.75,case2,5,25,835.4712926736318,-574.5074684147893,56.08634078285152,35.96154338016003,-14.68803118205011,2.101109455390013,38.90225601724838,0.05403625727504012,-0.3877585768704934,-0.041196067814209834,-0.30097666472077483,0.5705770404501598,1.2379345646998423,0.09371793368566432
6,535,26.75,case2,13,25,835.1148764060093,-574.6097542518037,55.10470632334231,36.60946520716638,-15.98238143348943,2.076184230680549,40.0,0.051927939997230464,-0.41162470290504166,0.11663176874930388,0.18449609934286199,0.2220506992973076,0.3284588427643023,0.0970090480255906
6,551,27.55,case2,7,27,-845.2634759947372,-529.3937407754594,55.21519281639153,-22.682319433489145,-32.2954157870317,2.1493556221909733,39.52342628531514,0.05440865449961118,-2.183090145769065,-0.01780723817104375,-0.06990649438797891,0.07625905449276917,0.976713553767585,0.08980345843355104
6,551,27.55,case2,15,27,-843.8151396780597,-529.9465561667968,56.274135505800615,-23.11754287249336,-32.57088543396149,2.1717812012692144,40.0,0.05432124125201701,-2.1880432741692477,0.1925832376310543,-0.5019407680138324,0.5575230754302796,1.5924536625867838,0.1110898045609687
6,559,27.95,case2,11,23,710.019478506479,798.9944330878255,57.293303012560806,14.687136105609374,37.136553042669874,2.272545076400626,40.0,0.0568442351152346,1.194183899560817,0.02056224879964704,-0.5416393495581401,0.5897402870425784,1.5475713870939556,0.13068993513371546
6,559,27.95,case2,19,23,709.1819169863065,800.0830662061619,59.5559740876134,13.11582271045378,37.432314111528925,5.176587184987618,40.0,0.12977867259414683,1.2337761531513738,0.06045751208514138,-0.4890044563591841,0.49630128213563857,2.975802247876167,0.13049927549976661
6,563,28.15,case2,3,23,707.1023986854628,794.0575455402999,59.193464205574806,14.972730702919703,36.958038545814325,3.1497177879849043,40.0,0.07882454622294681,1.185877220569985,0.6130637104673692,-0.2163985368323639,0.6655230694663775,2.301097394130109,0.08162583717347478
6,582,29.1,case2,0,20,-993.7472989335997,-273.37676073960574,56.02248308435062,-32.7346529684877,-20.948873946678937,0.007585255270681815,38.86403069854259,0.00019517417989080928,-2.5723077221021993,-0.0058371982345625665,-0.012037443188741503,0.09154026718839027,2.922637882846159,0.16668729900804877
6,583,29.15,case2,8,20,-992.560400843292,-274.852021242473,56.490734336761086,-33.916119802512775,-21.073012867298115,2.3716969107136725,40.0,0.059327219166367184,-2.5856387047492735,0.28494645030349935,-0.2600396580902591,0.4055975484047717,1.3834934138435244,0.1255117351276364
6,586,29.3,case2,16,20,-986.6699233794232,-274.2422981792199,57.77622051373623,-33.37317063286923,-21.488323386213104,4.948074368774352,40.0,0.12401953569503624,-2.56953162294827,0.6972445761858974,-0.09948080780053134,0.7421919022024249,2.1392224137234095,0.12856430988490591
6,1265,63.25,case2,10,22,340.4862028918319,-537.7046508424297,29.482815790501288,-32.622392622046924,23.142578248344783,0.4478522437785214,40.0,0.011196540030721115,2.5245806269812543,0.018087887222680777,0.055073323343668795,0.0707128213272728,2.9873823274028557,0.08233134419063184
6,1266,63.3,case2,2,22,339.2595070412078,-537.436672243828,27.839709713467006,-31.859068152819276,24.093660809931283,-2.120208765663902,40.0,-0.053030070738624396,2.4940987273338817,0.028054765051715627,-0.3265450997349596,0.3631570604123606,2.854705694289638,0.08231054318019729
6,1290,64.5,case2,18,22,310.22453009776467,-514.7988752161868,25.687177440878255,-32.44192895225729,23.357426757711703,-1.3970902314537437,40.0,-0.03493436105759489,2.5175850715653523,0.01637032035211188,-0.2503856456411526,0.3067504301113969,2.829938613180564,0.07771208362050591
7,497,24.85,case2,12,24,981.2682601514556,-79.32914680782464,54.20928857897433,38.41983712137205,10.483609539115696,3.74299967921514,40.0,0.09371209435654429,0.2663846139393282,0.060890079154483884,0.02261482466955267,0.4437540712578946,2.6717112290033618,0.16879659679359021
7,498,24.9,case2,4,24,982.7475661254626,-79.50929424146801,56.7077225611413,38.410236949401614,9.572785675055973,2.8592920051953885,39.68828641880005,0.07210619273662866,0.24424898048615087,-0.01104413374909153,0.12265250654017143,0.3112314923854921,2.12051396253473,0.07843354044692301
7,523,26.15,case2,1,21,-806.0319788177474,434.4204449421798,52.661691428347424,-39.93419200197564,1.4099964533107336,1.8089276245875043,40.0,0.04523861942138638,3.106299314868783,0.1538154951382919,-0.7177791507458745,0.7704731894980686,0.8628659016466061,0.11722000406116857
7,525,26.25,case2,14,26,-776.047721141079,-546.7218109307433,55.2642417909421,-24.021176012557316,-31.00012822698999,1.9525932506189385,39.266238265441764,0.049747542800115105,-2.230027321428128,-0.011065762466472779,-0.21033982282873687,0.5047859401197466,1.7313348886110498,0.14526877879420208
7,526,26.3,case2,6,26,-774.1403322340572,-545.3007147340896,54.09226917070768,-25.344786091046558,-30.870534563709807,2.1568295597685108,40.0,0.053946901845867284,-2.2582131206463956,0.3023148405439098,-0.307057525222144,0.43182922237760435,2.4047657170560077,0.15563328411341795
7,535,26.75,case2,5,25,836.2205783579778,-574.1765501720589,56.700549374224494,36.44056522011674,-14.40537145497396,2.101955617573944,39.240893691856854,0.053591085589513615,-0.3764579715889532,-0.002298429825884363,-0.09435337321579712,0.25174596598370386,2.1959823043207356,0.08816664043715315
7,535,26.75,case2,13,25,834.9480285577449,-577.2126166680714,54.180684732084536,36.75360779146136,-15.759048733140661,0.9081284809588254,40.0,0.022705162817995988,-0.4050642287184789,0.06802431005169512,0.05924121703811644,0.20329712803136893,2.8710329068968004,0.09724457034684786
7,551,27.55,case2,7,27,-844.0429042675263,-529.8534512773749,54.593242400390366,-20.947034720063254,-33.443613997491816,1.9508480304980853,39.510244099661854,0.04939583718234475,-2.130357831166617,-0.006256445534594562,0.025603089532030124,0.026357622854184793,1.9699268884381613,0.11376791316527589
7,551,27.55,case2,15,27,-843.0482664148635,-530.1025095352932,56.296444073729184,-20.682887580161356,-34.173533353307285,2.0947027227752035,40.0,0.052391532794892635,-2.1150534002186046,0.16618737481510276,-0.19551089427646318,0.28016627708794817,2.305491680116751,0.1258410846255848
7,559,27.95,case2,11,23,710.3446447285397,798.6391727625636,58.224807216902256,13.854810551272328,37.41001086341517,2.9215255924793624,40.0,0.07310323403903964,1.2161082818062863,0.04728780018958708,0.3195373922033659,0.32898750946874195,1.4734387874570194,0.1318779684257205
7,559,27.95,case2,19,23,710.833565109818,799.4867873880174,57.33987777972175,12.332265239790848,38.00875287702961,1.802758660592295,40.0,0.045084237913348764,1.2570542192567078,0.04374676672564883,0.20267631810226996,0.22132581910762822,0.695887073680556,0.10776873669228829
7,563,28.15,case2,3,23,705.8398090395151,794.9831998953626,57.940815390326954,14.24816669436036,37.286201460403454,2.5940174448001674,40.0,0.06489597796726981,1.205789618743862,0.6134430310699271,-0.3441506903246356,0.7083135176353124,2.4653991775363213,0.08016506269516904
7,583,29.15,case2,0,20,-993.7694432863779,-276.43874534519813,57.1188470421186,-32.47925824948331,-21.38435750615395,-0.6744431194387047,38.89277356925051,-0.01734196007295677,-2.559334685128322,-0.00804651759289681,-0.18750325136049248,0.38903531748415054,1.724038520758707,0.08827322234790523
7,583,29.15,case2,8,20,-993.1891137973868,-273.9585941571787,56.73866943378502,-32.0995324017636,-23.61292624693046,3.4712726261635134,40.0,0.08689111331959319,-2.5073611090284555,0.24098320254842076,0.38735551852027283,0.7536328403530432,1.0419471083664211,0.11906586416133816
7,586,29.3,case2,16,20,-986.4110870827512,-273.1130809121293,58.0352878893491,-34.7290315200266,-19.620242491285616,2.9900592409095945,40.0,0.07482127251032597,-2.6273423523463015,0.6984766285871606,-0.4169049551878207,0.8646801915865778,2.183964616906356,0.14244347742201854
7,743,37.15,case2,10,22,701.9475964622103,-1146.6696043735606,63.148922804762776,39.164149901132134,-7.981192582934964,1.5716002913449905,40.0,0.03930012300689836,-0.2010354159275745,0.05936852437890806,0.35063240486217556,0.3637295231249939,2.825983596057172,0.11675957689873646
7,1286,64.3,case2,2,22,315.92145019723307,-518.1039476775071,27.156248372265832,-32.121138218479494,23.73228530622674,-1.4766567496928098,39.9646018554323,-0.03695752955141022,2.5052742303250843,-0.009292518914738816,-0.37367219788095885,0.3738277712446479,2.8078246606910486,0.08067044809629208
7,1286,64.3,case2,18,22,315.08265070169966,-518.3462556766417,27.704044143049785,-32.74392627917819,22.950323726743356,-1.0573233476214012,40.0,-0.026436162826229043,2.5302607510527353,0.024756054547072897,-0.09400841578808546,0.09784807923441965,2.9379469251363823,0.08024979374048691
8,497,24.85,case2,4,24,981.0491215317829,-79.44915740913203,55.31821459002036,39.2076797922836,7.439611658838219,1.3035534095889467,39.928551536716384,0.03265295216055198,0.18751952383660672,0.0015318202031449433,-0.3318637048656731,0.3358942011933808,2.639252964393815,0.1719481506225585
8,497,24.85,case2,12,24,981.4698579375059,-78.98743819819879,55.273431435247566,38.606867160144304,10.083998123202802,2.7969250848411447,40.0,0.06998023138382534,0.2554889436341181,0.05649776034223098,-0.12477638747132853,0.21010136418458744,2.344657984492334,0.16048148020300865
8,522,26.1,case2,9,21,-806.6540962338968,434.17176134803714,52.28143425912324,-39.41811444908916,-2.8834732120574147,1.9948801511064012,39.573750281006,0.05043054965744939,3.2146135599882357,-0.011389029759780305,-0.23149844745457937,0.24389080785192446,2.778709810150065,0.16110178396631183
8,523,26.15,case2,1,21,-806.3490204070976,434.68498391348965,52.52661038012421,-39.88650191069858,-0.5921727823312826,2.952337501659485,40.0,0.07387561655060011,3.156438008569888,0.1469123275890189,-0.17917963238999163,0.2394779264538689,0.48649871269855643,0.10620179248570802
8,523,26.15,case2,17,21,-808.1115382054229,433.1118759455854,51.26892513021359,-39.939582945226604,-0.07368536367210121,2.1964254206652942,40.0,0.054938267247019265,3.1434375722052823,0.2078226359669868,-0.8535774269970058,0.9613319762851886,2.8995195686308333,0.10462050075601396
8,525,26.25,case2,14,26,-775.1329648799021,-546.7308103528978,55.54590585898875,-21.566037482224818,-32.73618278131,2.4578756319999244,39.27840104177412,0.06261666617738854,-2.1533210616769822,-0.006401576162562661,0.2861469765164584,0.3505582044083167,2.53200098259407,0.16181566171362685
8,526,26.3,case2,6,26,-774.0205267125054,-544.8224984542682,55.33197880721922,-24.479954328967338,-31.37127806902646,4.071209693382633,40.0,0.10195679388222027,-2.2334278579831937,0.268787640126477,-0.4007791803117267,0.4996352385402102,2.3933150181734244,0.1608255729324171
8,534,26.7,case2,5,25,834.1636808640108,-574.2157262436473,54.4502529418274,35.986334257098214,-15.277343243408634,1.073938889945814,39.109676738370794,0.027463123954660943,-0.4014740106643966,-0.03266807570523961,-0.42629094794645567,0.5489969981539006,2.992964633217999,0.18191453230711696
8,535,26.75,case2,13,25,835.366066966114,-575.6820377745319,55.240248895711545,36.76372405380844,-15.43200732663619,3.206515798506733,40.0,0.0802489998480977,-0.3974255000895689,0.0839109998673177,0.047307171559104355,0.09966021348610865,1.3407938085199516,0.08226230790384842
8,551,27.55,case2,7,27,-843.5178042886162,-530.062614145544,55.607245134735756,-20.567901041931876,-33.72535040628848,1.0441710325294529,39.516175250684604,0.026426965024206998,-2.1184377338250124,-0.011536677079491377,-0.3298432379349625,0.3549252822457664,1.926769526967076,0.11698343383438285
8,551,27.55,case2,15,27,-843.3419702112984,-529.9087954652206,56.98478092724333,-22.369651271731424,-33.081697466264465,2.2803496950414845,40.0,0.057039667329286566,-2.1653659287345404,0.1433550644064719,-0.6597104364179235,0.7488344546301074,2.1594205504361015,0.12322538304467592
8,559,27.95,case2,11,23,711.6791859578319,797.7143742644848,57.431280010045505,13.849581538161857,37.45484296167445,2.3073426130750425,40.0,0.057715602642501605,1.2166209760983961,0.0782604621947457,0.5386075707218546,0.5730479231531033,1.809467853183715,0.13911671827157696
8,559,27.95,case2,19,23,708.9332679626621,799.991884102122,59.11701179668945,13.272597633147889,37.58090925453388,3.3931418583736224,40.0,0.08493061335285791,1.2312967506864552,0.058658905829787965,-0.39257973643309596,0.4382995529922134,2.914964879450312,0.1347695586922473
8,563,28.15,case2,3,23,706.7010245442777,793.9793492680515,56.37541569899622,14.418689554961787,37.30913415494579,0.3604166004686002,40.0,0.009010536938465869,1.2020118790337124,0.6136841835917138,-0.3307234505914222,0.705708270726463,1.4564528197871747,0.0819015593354506
8,582,29.1,case2,0,20,-993.5108391941068,-273.73256854674656,56.37188854660703,-33.6777580169615,-19.307580457274813,1.8557176263639568,38.86409314614137,0.047767061058933455,-2.621034185753897,-0.017120101342438517,-0.01178260030326228,0.022960991459348254,2.7343398932081304,0.1658766991042248
8,583,29.15,case2,8,20,-991.889003047337,-275.93321112174516,56.994649584000456,-33.59491750321909,-21.62801522427563,1.900125103882802,40.0,0.04752101127065636,-2.5695965751505243,0.2582024236824117,-0.20519359218483116,0.3930319596127524,2.2329073460798936,0.1349094933671457
8,586,29.3,case2,16,20,-986.6052388886201,-274.01371068932735,56.52297046156836,-32.94333581755099,-22.573140464762186,2.278147223113151,40.0,0.05698451592387292,-2.540861212564993,0.6977198200011606,0.08036451812587657,0.7117380122430278,1.9008651378216221,0.13047584615187988
8,1277,63.85,case2,18,22,327.02343867874055,-526.6117539281839,27.436211873972827,-31.39795250700915,24.773144633191617,0.678146997757455,40.0,0.016954487206587848,2.473591968095709,0.04263118981871123,0.33251934212346745,0.4751901584950947,2.9795092673920722,0.08587356628051253
8,1281,64.05,case2,10,22,320.6715386500411,-523.3370681821068,27.557928274493754,-32.20733081335391,23.683546466235086,-1.3332174094525964,40.0,-0.03333660955302702,2.5075359654417517,0.00025653612882364264,-0.35141000685431506,0.4382987406968285,2.823474560212754,0.07800258711483425
9,497,24.85,case2,4,24,981.098431474698,-80.97488128839818,54.81101082058453,38.941212147109816,7.131186433545396,3.3909494659733412,39.733743364009634,0.08544574213224114,0.18112012039982622,-0.025356964876280367,-0.15324802336679688,0.19787939825450487,2.853038064752475,0.17724763793283327
9,497,24.85,case2,12,24,980.9908028078929,-79.13463171897864,56.24154376760985,38.41656734655151,10.014614408333264,4.886189881725434,40.0,0.12246059968935401,0.25500937155185244,0.0835974384114136,-0.33666993190700667,0.3535541849931084,2.917214351595881,0.1726172260976402
9,523,26.15,case2,1,21,-805.8996143579197,432.9303388662894,53.255295374055265,-39.823976580656485,-2.0207983160138774,3.1570973170491827,40.0,0.0790096104319734,3.1922924261264622,0.1783162808157823,-0.3892362085971836,0.4445394693981106,2.4298907958684763,0.13831616194250249
9,523,26.15,case2,17,21,-807.9876106798539,434.14914280023703,53.577598337502764,-39.93586950945753,-1.235524268075259,1.8973155527158045,40.0,0.047450693226067216,3.172520496625138,0.09107570287587058,-0.13293023537615198,0.20331384643767933,2.1881149185983966,0.08234557096391457
9,525,26.25,case2,14,26,-776.1950872118732,-546.6213290399445,55.77541236490773,-23.875078982245526,-31.108473880412692,2.2198090226956646,39.27701739788832,0.05654687149205642,-2.2253900332948904,-0.009396171625567419,0.34259372480551487,0.3428454865269213,1.6644675637316513,0.1435509116979743
9,526,26.3,case2,6,26,-773.9835831558885,-545.2196035355363,53.87820384990203,-24.327996786349342,-31.719932465507757,1.4122523666127256,40.0,0.03531364837735843,-2.2250653056440903,0.3188881920076717,-0.18517292888530978,0.36939824330583676,2.670486878627989,0.16065264529498674
9,534,26.7,case2,5,25,834.2400180454733,-574.152187640881,54.5197854692798,35.57649303723233,-15.859096295952886,2.602335612808847,39.03805762066346,0.06671097368347446,-0.4193345140998166,-0.040412149175016426,-0.16979864918521612,0.28760928187729434,2.9404994595576373,0.18112371637572316
9,535,26.75,case2,13,25,836.3237437245373,-573.511187417736,55.8610273728601,36.95623859224621,-15.30166884395627,0.3088036639516471,40.0,0.007720168286852232,-0.3925580381554311,0.11456680441616365,-0.06505475219933604,0.4141929759596526,1.9644913718620154,0.09172429961719006
9,551,27.55,case2,7,27,-844.8827557419903,-529.6294853840454,56.24283157724659,-21.287019434313073,-33.39889548023516,0.9406062348418754,39.617018512067744,0.023744710313538444,-2.13823225904507,-0.012639947344192506,0.15424505031959304,0.22055998604227925,0.7461725552553768,0.08958657303168567
9,551,27.55,case2,15,27,-843.5594594911506,-530.1150655368651,56.25143273186869,-20.831410669925816,-34.00378213271926,3.129717267016876,40.0,0.07832298571356862,-2.120443890559104,0.1870371475803831,0.06689446257123192,0.22801275291801895,1.8910685797225628,0.1136583786458378
9,559,27.95,case2,11,23,711.601676936439,797.9470456513272,57.12191329740609,15.219760834065243,36.868103375822116,3.0169245306350994,40.0,0.07549480617606735,1.1792903142006712,0.07135467042552458,0.2693613138397087,0.4490786355175162,1.6530225330669213,0.13507944473225905
9,559,27.95,case2,19,23,710.5891283019093,799.8567334302077,56.98631366081587,13.77495304427159,37.36354740137822,3.7704103507544,40.0,0.09440040350496996,1.2175836037356442,0.031043622530266803,-0.4227232972277606,0.45970496882760314,1.162576157758398,0.1065859786251766
9,563,28.15,case2,3,23,707.9727752463244,793.3004702096162,57.71544335070646,14.4733794678067,37.17272862489213,2.951191854318566,40.0,0.07384689706331488,1.1995004159477018,0.6149454404376676,0.12622913119830798,0.662937521146754,1.3082059305477791,0.0786377796959092
9,583,29.15,case2,0,20,-994.0930165738755,-275.6076208073317,58.35552338606428,-32.075207223416584,-20.86654962033968,5.806330158750761,38.703298068712854,0.15059010580691445,-2.56483037080361,-0.02538889912102658,-0.06504042859939979,0.15055683533600026,1.5136302011151337,0.08422489171028028
9,583,29.15,case2,8,20,-992.1863567993397,-274.7375912492469,56.48515675194836,-34.65142775507969,-19.879009526445383,2.0257183372786036,40.0,0.05066463086442472,-2.620747079952318,0.2910432866626159,-0.3129298568391917,0.46885877218957456,1.713119071757284,0.13552537212853702
9,586,29.3,case2,16,20,-987.1530570045577,-273.6128341719895,55.302592318227504,-33.63155651785923,-21.52574082009792,2.3581535853313076,40.0,0.05898804270799205,-2.572246880484637,0.6954138325892647,0.4048429590710677,0.8225797726950004,1.9700774484851074,0.1268694150093351
9,1271,63.55,case2,10,22,333.55440792646095,-532.5280582094655,27.08042074784058,-32.648944726128356,22.99399571790822,-2.307069395365871,40.0,-0.05770876080890083,2.528000040985847,0.014203249541479232,0.22802334400389218,0.27629283807934013,2.745167034767465,0.07945747093080843
9,1272,63.6,case2,18,22,332.6360879559755,-531.4606132307722,27.752799711673177,-32.553567588288665,22.807968681949433,-4.479040285366479,40.0,-0.11221134163012793,2.53044476567634,0.10457288624259067,0.20320121221209353,0.5028526954799142,2.875774485060856,0.08362645037402924
10,497,24.85,case2,4,24,981.3226114538412,-81.18490549569951,55.781357427287034,38.53301494298599,8.574974304766389,3.342254419666542,39.61684098372264,0.08446488320817994,0.21896772242344684,-0.019648564273931565,0.04710342869884161,0.20056537606241193,2.7537088561406304,0.17268301060126978
10,497,24.85,case2,12,24,981.5584925964399,-79.95533031472151,55.35809646077854,39.20583016467983,7.776340229650389,1.5592991153085185,40.0,0.038992357820869745,0.19580517707129103,0.06689311794656454,-0.23826319824102418,0.2529930373012785,2.1093251833383984,0.1597650042450728
10,523,26.15,case2,9,21,-808.5873902078977,433.7106530475427,52.11642068043534,-39.84196211649669,-0.3493874605737255,2.641615873996261,39.930967322564484,0.06620291623824141,3.150361762497101,0.012751571724658524,-0.43153401752026366,0.6571697203233305,2.626425357209069,0.08068084009151104
10,523,26.15,case2,17,21,-808.1794995051722,434.0291448095149,53.31233172062266,-39.77900973190548,-3.7925450695072356,1.8019396895360609,40.0,0.0450637428208902,3.2366457035161114,0.11399465636452258,-0.006213662187158575,0.1952911682086242,2.2686278158076365,0.0772442355797243
10,525,26.25,case2,14,26,-776.7554366750659,-546.2576781308815,55.753172961514906,-25.007141045085,-30.099979773111965,3.17885963920847,39.26157197816095,0.08105490804455778,-2.2640391872792867,-0.015190267307457846,0.10544710783221159,0.34948193412455403,1.5705950621540279,0.1402918478182284
10,526,26.3,case2,6,26,-773.4922138936051,-545.840113605504,54.89461637138554,-24.255277741950184,-31.565385033867816,3.9125400093199474,40.0,0.09797014706129825,-2.2259784927286113,0.32042279567094145,-0.22764478820175688,0.6474055873616268,2.466954694770642,0.1566479025339572
10,535,26.75,case2,5,25,835.574186872628,-574.109185947679,55.63937276039268,36.0154777742225,-14.679743795314025,1.6808100044580754,38.92858383595095,0.04319018351312682,-0.38703695571362906,-0.03172585869096026,-0.2687596112679064,0.29777830720455106,1.0311771042080458,0.09514885883030727
10,535,26.75,case2,13,25,834.7470633658407,-575.3314480898423,53.48967671934893,36.82971486819787,-15.606775118773527,-0.025944542325502837,40.0,-0.0006486136036161513,-0.40081563257208147,0.09320887301409501,0.1372792988041795,0.18759176940855013,1.7657586626102777,0.107705506501829
10,551,27.55,case2,7,27,-844.0845585590249,-529.9776190242736,56.49887289455361,-21.20203435185298,-33.28507066369514,3.2093270735049897,39.59446893202465,0.08114395144969165,-2.1379664795083366,-0.008066912523194702,-0.017300019895716723,0.09586784128220309,1.4784110734924372,0.10373581622004437
10,551,27.55,case2,15,27,-844.8634120931823,-529.2773038326775,54.8911829851595,-21.465180515922206,-33.50373711812554,4.09214180331169,40.0,0.10248284255693922,-2.140591906926308,0.1263607211659735,0.20489759933054835,0.5894499377805699,1.2057720484172654,0.10113671638509161
10,559,27.95,case2,11,23,710.1699931077475,798.5399058703396,58.42194671658133,13.74137749536564,37.5251506510262,1.742874966153959,40.0,0.043585672872597896,1.2197707733067098,0.05499944622091161,0.15072194573013833,0.4746719860334995,1.7333893004557577,0.13688226477917081
10,559,27.95,case2,19,23,710.6916793897309,799.4581830535409,58.25821717884468,13.804009953115798,37.45128044862016,2.6174227730882063,40.0,0.06548235668726031,1.2176608936571844,0.03557807584591244,0.11781399747350718,0.13726098858321026,0.9261327441317295,0.11022650964359115
10,562,28.1,case2,3,23,706.1319338734467,792.5021489931001,56.96177840131761,16.372209571726255,36.440367582436494,2.0125516630354956,40.0,0.05033504383420869,1.1485348933382309,0.6964300370204102,-0.6059080392756918,0.9237924821175815,2.7544929246096377,0.16771408044424313
10,582,29.1,case2,0,20,-992.7813995997449,-274.5433282907393,56.71549565984032,-32.9865060534289,-20.404918084922873,0.9051633934968784,38.79806160666072,0.023332235908116686,-2.5876205492655067,-0.013445034015103993,-0.16240227047252026,0.1765518552069723,2.9438249961151413,0.17305357686260306
10,583,29.15,case2,8,20,-992.506349367842,-274.4772179417619,58.84584717734166,-33.17471057704589,-21.96957161595107,4.09591273598891,40.0,0.10257761357535643,-2.5566619506390773,0.2572652586305354,-0.02550532871484415,0.5190221404912116,2.0926625534388594,0.13176182028987468
10,586,29.3,case2,16,20,-986.1818467780712,-274.77464282886535,56.212278327067594,-34.0970064409767,-20.577179891734247,3.738157228796155,40.0,0.09359050026111611,-2.598611411796543,0.6951684931914005,-0.6204538002577582,0.9472540571070313,2.723734117237083,0.14234573454199423
10,1283,64.15,case2,18,22,318.7219478098443,-521.6899048256203,26.336278264357574,-30.813479141373442,25.341154270731373,-2.8905714713766977,40.0,-0.07232733059626614,2.453338743102576,0.07177385647828582,-0.7119168263384075,0.7155283782439418,2.9734471120811126,0.0844019570209684
10,1285,64.25,case2,2,22,316.70577932256265,-519.1883044214236,25.541736643690225,-30.0766154926927,26.1677597884126,-3.2627516241133714,40.0,-0.08165951505158722,2.4255806410634513,0.05005842311660758,-0.6550861556684817,0.6594329443777874,2.6415880121037665,0.07661691005521439
10,1285,64.25,case2,10,22,317.09633214785083,-517.9277166192096,28.528730419490888,-30.71988015711331,25.358938750133593,-3.6349949930596654,40.0,-0.09100041973746355,2.4515014135125046,0.09648229429132837,0.11894368286226895,0.3794729654450944,2.9127751853864337,0.08288466031119726
11,497,24.85,case2,12,24,981.0627084007757,-80.14099196093707,54.61722806005304,39.33087028519451,7.032594760110258,1.9040098606030922,40.0,0.047618240176111125,0.17693614895816848,0.06724122938289846,-0.28652487037127533,0.3323701108278762,2.7044450030025295,0.1740687248203808
11,498,24.9,case2,4,24,982.6622214835897,-80.25009671405023,55.18814908885804,38.574827440039854,8.40494578504107,3.2964423801265816,39.61725581162615,0.08330355047678857,0.21453377242992108,-0.029215622043290167,-0.05259153407317413,0.17744009172899763,1.3171733957229794,0.07725614002821607
11,523,26.15,case2,1,21,-806.0545377907695,433.52302440865157,52.942946461041636,-39.827644038153316,-1.3682416943762967,3.4477072143558147,40.0,0.08629976219801706,3.1759332188171356,0.13955711213417923,-0.6366626778525779,0.6962404164365341,1.7501945166092265,0.12635554688338899
11,523,26.15,case2,17,21,-807.9954277363181,434.4043280588608,50.508049901923336,-39.97933935019351,0.2929143123732457,1.2516494428053748,40.0,0.03129634474580824,3.1342661425438334,0.079037470034957,-0.4670819040808078,0.5144389897601512,2.600304128913069,0.09247343365830925
11,525,26.25,case2,14,26,-775.775630998262,-547.068790094553,55.2201466652981,-22.85320398199758,-31.938758985781732,2.0105805162508763,39.324237968547735,0.05115057859639494,-2.1918705673410437,-0.009802756271489924,-0.0006987234386074404,0.04754938704168615,1.8400525654458446,0.14461870418000788
11,526,26.3,case2,6,26,-773.7048949452615,-545.742588315282,56.002840910325965,-22.44452491308867,-32.99225764858798,2.784643006729973,40.0,0.06967242935697299,-2.168175861404731,0.29797951543526513,0.2833516384248928,0.4140842734739052,2.3088100397716067,0.15159383205560656
11,535,26.75,case2,5,25,835.879506617773,-573.6816534568117,54.643074339156165,35.70138631981849,-15.390639326199885,3.2386291208658258,39.012170954826566,0.08311151451066513,-0.40702064307470326,-0.035667096407634186,-0.35330162667823106,0.3947554276223551,1.3738621033093859,0.0972772951185226
11,535,26.75,case2,13,25,835.4358394445754,-574.0508585916187,54.38212087685259,37.047662277944696,-14.933561197792109,2.111745650203118,40.0,0.05281819619448752,-0.383167770045892,0.09114599477290447,-0.1264365415856115,0.4486284994682717,0.9856264741253593,0.0994110477528012
11,551,27.55,case2,7,27,-843.2198319393593,-530.2065136503181,56.8741092832798,-20.431506001101873,-33.63141472183171,3.311498186087393,39.49030911377322,0.0839545592677546,-2.116721446211276,0.002787331369370531,-0.5877518938235485,0.5879601964984733,2.3585179366125266,0.12288661360520547
11,551,27.55,case2,15,27,-844.6342991368201,-529.3059004238752,55.49846636489159,-23.90784409323446,-32.01098007815932,1.9266928269138548,40.0,0.04818596557155404,-2.212287281704452,0.09736820803009705,-0.423475982190304,0.4651837301480578,0.7589081259426902,0.1018721835316649
11,559,27.95,case2,11,23,709.6290795016956,798.7359678420305,59.28840395181997,12.957699389512195,37.794080048635244,1.92497787218114,40.0,0.048143041925302874,1.2405053861208628,0.056872604406412994,0.04514372099712363,0.22120178880071534,2.516018657410072,0.14440349908709452
11,559,27.95,case2,19,23,711.4036114139437,799.251870339679,57.24758672778924,13.559169931694987,37.50506003610484,3.085349648190732,40.0,0.0772104327090734,1.223887757136875,0.01646160729772876,-0.17363778066147315,0.23029555691802395,0.5095217722376902,0.10660326455869021
11,563,28.15,case2,3,23,706.3016600822667,794.3567679064034,57.40435129306908,16.050601259402235,36.57282457596952,2.192419154047776,40.0,0.054837959520676285,1.1572391819434653,0.6163853204655965,-0.38753559116726044,0.7283849342712762,1.6214652575208781,0.07935713813202121
11,583,29.15,case2,0,20,-994.3877140401124,-274.904493178853,56.422612344687295,-32.64114146676686,-20.8875357846267,1.9072085972983768,38.799107103658415,0.04917580955960996,-2.5723402059114253,-0.015312591280801743,0.363326694038822,0.37837104545039496,1.0076700169229984,0.08496363797579803
11,583,29.15,case2,8,20,-991.7633679327363,-274.85037652165835,56.5764711469565,-33.20423123112656,-22.063968717178827,3.2650134451842168,40.0,0.08171624976595336,-2.555096625776402,0.2724411985214802,-0.056839264635410364,0.3401414785082027,2.0824818587901426,0.14369832788156361
11,586,29.3,case2,16,20,-987.3752813780283,-273.17483818515956,56.71545976351143,-34.823169655371586,-19.58046319557332,1.988043309388894,40.0,0.04972156742955028,-2.629368337283789,0.6983791839765707,-0.2572783561900729,0.771800474430401,0.8923218497474766,0.11749316201280266
11,1252,62.6,case2,10,22,355.9130743108066,-550.2190121771713,28.433352209932544,-32.53617115459471,23.061192194315662,-3.094992920145952,40.0,-0.07745223715997794,2.524994155532822,0.02536808024414597,-0.5847452427749514,0.6434426309871955,2.745265195365904,0.07884163792236162
11,1252,62.6,case2,18,22,355.13066609335374,-550.3310109825281,27.22830048647582,-33.967403511455515,20.669076610171192,-4.359446154367962,40.0,-0.10920307123865862,2.594948483553191,0.021894872078761167,-0.4166750106094065,0.5447914106140682,2.909846579095418,0.07651332875508181
11,1255,62.75,case2,2,22,352.4430088620519,-547.1256513012606,28.93291377519291,-32.00914806108725,23.90084504372018,-2.0405995686245997,40.0,-0.05103714316997951,2.5002146309278914,0.06755000541010006,-0.48832709406553876,0.5098824429664813,2.574360286747568,0.07550778821553768
12,497,24.85,case2,12,24,981.0361777091022,-80.30111118318281,56.21901824962492,38.98822343526443,8.616673218218516,2.3814650978616845,40.0,0.059571856021969245,0.2175106844533542,0.08143634599936395,0.04379196261967537,0.4738485757503194,2.827157998614365,0.17451219726993247
12,498,24.9,case2,4,24,982.5755945539127,-79.4309998241758,55.74025342892948,38.48726592515796,8.765445188572679,4.392191350271357,39.716419936911436,0.11081546761147447,0.22392965354622005,-0.032434259114530926,0.021810256371621012,0.039781212717126396,1.4410862108413593,0.07601608420991736
12,522,26.1,case2,9,21,-806.6174892600985,434.58834953954556,52.91619546270452,-39.354133916929605,-0.3323981543052333,3.6972748399951576,39.528827279936806,0.09367055359744798,3.1500387866149917,-0.020125624171548735,-0.38394450580802475,0.5149963850557074,2.4835760832213594,0.15773523257681943
12,523,26.15,case2,1,21,-806.2198817344779,433.01594923102175,52.56496362723095,-39.935836787588954,-1.8364581222411647,1.325277948323054,40.0,0.033138013338067256,3.1875454976288298,0.1761431469905535,-0.45005588391038576,0.5708574246581627,2.1546724078836834,0.13035775778924322
12,525,26.25,case2,14,26,-777.3495808261624,-545.6737177010971,55.83221635670717,-23.821804858137074,-31.1258024406785,1.9266163973393702,39.24290783081457,0.04911438252610109,-2.22404262647832,-0.0038506916721806617,0.6306190540842012,0.6401088500544236,1.9761675059453196,0.14334885363775762
12,527,26.35,case2,6,26,-773.8986436945522,-547.5850604565479,55.85120028665373,-24.595685308524875,-31.4502501705827,2.435986127172465,40.0,0.060937359922127815,-2.2344962512676267,0.31921160984923475,-0.669389303122004,0.7892376543955165,2.5483400552728086,0.08033941091501585
12,535,26.75,case2,5,25,835.2492243932871,-575.863940627604,55.934004990451164,35.901162127604096,-15.361957466086318,1.4427606256874774,39.07639616860022,0.03692993120205751,-0.40432088002066935,-0.028672483480913467,0.2600918169951484,0.3866579039069439,1.7117144844738872,0.0871785037781018
12,535,26.75,case2,13,25,835.0562812714747,-575.7689403930872,54.28013854743072,36.30753506687313,-16.665377921837703,2.0070067488930676,40.0,0.05019624567130214,-0.43031806209549517,0.11695499370208928,0.2118326262289129,0.35772176878747725,1.5152536696400838,0.09243267220111347
12,551,27.55,case2,7,27,-843.2967229937822,-530.2385304765191,54.98471297409955,-20.948804326252567,-33.472890916956864,2.3943058524275758,39.56032772302424,0.060559912858038877,-2.1300022556380234,-0.006388994481138851,0.0008901950637569406,0.42704936346277755,2.402756163554023,0.12462509924188948
12,551,27.55,case2,15,27,-843.7815667969462,-529.724393831546,55.675700335997035,-23.090846378028175,-32.569094029298256,2.4631134072615706,40.0,0.06161681717906386,-2.1875239518115714,0.10956690074558822,-0.7055338490795221,0.7147029419876204,1.5113780060201636,0.11480378417027537
12,559,27.95,case2,11,23,710.8809560118368,798.1837915274357,58.13959435418802,15.081463643754113,36.940866382217216,2.8145772850105537,40.0,0.07042262605773296,1.183189939076251,0.06354465221275825,-0.012207786512309901,0.34287120715912595,1.4804278969571985,0.1351244239626108
12,559,27.95,case2,19,23,711.1901169434148,799.209758499508,58.821708300954406,13.19582677825065,37.66995464408337,2.616232549125787,40.0,0.06545253720807515,1.2338532866352792,0.03277425827017248,0.06800701887482041,0.4453248589615554,1.1806387862075904,0.1106625364462926
12,563,28.15,case2,3,23,707.6946287580445,793.6034865560437,56.76412024635868,14.555654949408087,37.232865064611914,1.358921658585868,40.0,0.03397957995813386,1.198128369579663,0.6136890801357667,0.04627568747900557,0.6160003156986353,1.2558957153253305,0.0752981618036243
12,583,29.15,case2,0,20,-993.9133578676658,-275.53940638811895,57.883337729250535,-31.485938386687298,-22.328114311015746,3.3865655772759435,38.747617103316756,0.08751227319793148,-2.5247550458687624,-0.0175884077037318,0.05380643475696495,0.08366947854037297,1.0943034810099643,0.08704159947817978
12,583,29.15,case2,8,20,-991.0547510375925,-275.993869396486,56.97145067817084,-32.65008221964641,-23.027448073303955,1.9258157444626516,40.0,0.048164013041158776,-2.5273318872626898,0.28627418206655325,-0.15864345093350654,0.3273477135373099,2.9916846069051504,0.1545431691762214
12,586,29.3,case2,16,20,-986.1086762600198,-274.4111345526048,55.987898033941185,-33.76778415814819,-21.39305286996558,1.4401534472318658,40.0,0.036011619207790765,-2.576879767936265,0.6839228257471028,-0.45113986625865876,0.8423454655701441,2.647180442628874,0.14439470704992022
12,1321,66.05,case2,18,22,275.39336594089076,-483.08724344263646,25.04497272219358,-30.458531320645594,25.876909016166888,1.6320078303341736,40.0,0.040811523961244336,2.4373434253874073,0.025928459934274322,0.14574533987389357,0.15754191573711787,2.9455340790275546,0.07903349912348792
12,1338,66.9,case2,2,22,258.5220956966311,-464.36853604632154,23.104755021696143,-28.176864105729,28.361581438654788,-1.2980860779750625,40.0,-0.03245785077214163,2.352927391602587,0.17475052815205241,-0.16178363190913547,0.24147349368899618,2.665826005707834,0.07807306653931737
13,497,24.85,case2,12,24,981.342422637959,-79.14247255472809,54.082131727414506,38.47470523519184,10.26156619061879,3.794379577829708,40.0,0.09500233132363146,0.26064230317055814,0.05037985868444052,-0.08977659746757073,0.6916167100988843,2.701280149662005,0.16768709627778985
13,498,24.9,case2,4,24,982.4288309623972,-78.52325176605366,57.18442327535619,37.936742052421465,11.817118232437107,2.171015789898913,39.79389388375245,0.05458360557276343,0.30196932616275995,0.006626051126241214,0.05197196125972252,0.2390392870635682,2.7052097395108,0.09228721893239594
13,523,26.15,case2,1,21,-805.5330318887022,432.52879467183607,53.524351395622624,-39.752899649555545,-0.7621212566228515,4.373344331580883,40.0,0.10955261446946356,3.16076176861383,0.22787009580444265,-0.6259389894145806,0.7321862706697105,2.9805204917520176,0.1531583037177344
13,523,26.15,case2,9,21,-808.2008844774315,433.82202208691285,53.60532045400771,-39.483650081031186,-0.9678567073433753,2.860923312554898,39.59899307466774,0.07231037475076807,3.1661005934602224,-0.013356229278905365,-0.49055348644888014,0.509932133664729,2.516650966340053,0.08542306399795539
13,525,26.25,case2,14,26,-775.8702508903931,-546.7706499751672,55.27258694201636,-23.898170625244944,-30.99834640961183,3.247922690430326,39.275552716246104,0.08279033073673023,-2.227571075625069,-0.01743851947915039,-0.41464733487643174,0.41802768963048637,1.8590141148222894,0.1478859297258467
13,526,26.3,case2,6,26,-774.4085167755718,-544.8919634311922,54.527271846059634,-25.18689244176159,-30.915488967333424,3.1389474410729616,40.0,0.0785544517632536,-2.2544374793566564,0.30099363096191434,-0.15231953792579053,0.45698483646631866,2.241154259950665,0.15527178237882117
13,535,26.75,case2,5,25,835.687618675358,-574.453547594007,55.81122666273286,36.039697497159175,-13.343987474161276,6.390202389461969,38.95839426844489,0.1647708904770769,-0.3546068612180605,-0.05023299456547172,-0.039027185290109775,0.23964901386531515,1.1630745525662687,0.08668813650484855
13,535,26.75,case2,13,25,835.9590278250347,-573.6406303340419,54.36286238843309,36.979020369245546,-14.788405702116515,3.7222451988726926,40.0,0.09319095840867855,-0.3804317182554727,0.10822198127108762,-0.17897625884533447,0.210862415265414,1.556870293287347,0.09646668542964451
13,551,27.55,case2,7,27,-844.4386073425571,-529.1616446328462,56.42925276927129,-19.85372149694033,-33.89405961094546,3.2671901887228767,39.416393365168275,0.0829843318240286,-2.100678052112878,-0.020370293584217408,-0.0866221145073572,0.21354035403600827,0.7359896050762705,0.10481626152833469
13,551,27.55,case2,15,27,-843.3882707379903,-529.6126799219627,56.74748084456712,-21.616220916665988,-33.54280735370709,2.7602659498652566,40.0,0.06906153376810807,-2.1432507705689203,0.1870973998825895,-0.12863423299015955,0.316748274428343,1.9028489514887443,0.12328441535789265
13,559,27.95,case2,11,23,709.7739329404076,798.58750506777,58.538698338660346,12.758755496953887,37.70667843448556,3.9269020368797802,40.0,0.09833093418411003,1.244520910303307,0.1037784351523084,0.11174751703852909,0.21611374538591827,2.062463843932399,0.14121621621024144
13,559,27.95,case2,19,23,712.0178224527634,799.465984844848,56.61577812948158,13.809041637121789,37.53370109824145,0.2697988755904306,39.99426384497112,0.006745990450007179,1.2182555745985213,-0.007792816416205746,0.3281606498576169,0.37172690094317024,1.2329974673303832,0.09907333297949361
13,563,28.15,case2,3,23,706.3385004163948,793.8194220110375,58.09686228823014,14.638844323286158,37.067934069449926,3.416504163835605,40.0,0.0855167984643325,1.1946774814484036,0.6126109290011241,-0.2612710639756312,0.6805764309404614,1.3845664007386709,0.08795123978387094
13,583,29.15,case2,0,20,-994.2625156557159,-275.72123285609115,57.2010501659609,-33.39834680683068,-19.795106649150746,1.777561532131939,38.8645795253352,0.04575327677300915,-2.6065601629856867,-0.0164656803250467,-0.493741267948553,0.5065417359017959,1.1278594515335707,0.0781164495097837
13,583,29.15,case2,8,20,-992.5313862869451,-274.6626842441137,57.17773894727135,-33.75565612460602,-21.1546844258212,3.61040253174993,40.0,0.09038307109059174,-2.581771486884642,0.2650162267790275,-0.22282034428433092,0.395313691144681,1.2213976979669983,0.12564609534911703
13,586,29.3,case2,16,20,-987.1580393676351,-272.82266657970007,58.62472195475367,-34.55474874472516,-19.63355445318793,4.526906087232097,40.0,0.11341564212112192,-2.6248936976339725,0.6982559868726049,-0.20242115553199605,0.7691300882270911,2.0971133296748032,0.12994319874682214
13,745,37.25,case2,2,22,703.5593862724031,-1145.470935271894,61.82630430699567,39.1167443047654,-8.219156909618983,1.5250490781172568,40.0,0.03813546977242021,-0.20710581545339748,0.31016326925601445,0.4290601208793978,0.5348246795362837,2.83112878915018,0.09232439721194798
13,1285,64.25,case2,18,22,316.87590743504,-519.3747260065575,26.659142948536452,-28.8003231584059,27.63564245108818,-2.610105799963289,40.0,-0.06529904057384651,2.3768287682338234,0.11910697474357707,-0.6796736811327057,0.6926114154637444,2.819289749997126,0.08296296354628566
13,1286,64.3,case2,10,22,316.1122798910934,-517.8585881487993,27.628717344352854,-32.090053158548,23.809091241549684,-0.8259089426758343,39.96656681588333,-0.02066646706873538,2.503265969390198,-0.013700617984552368,-0.5510514236416744,0.5601669545637407,2.9341231735643944,0.08338859685679514
14,498,24.9,case2,4,24,982.5323149548119,-79.74813621177903,55.31144425064312,38.070043059358746,10.018095884677134,4.301360751558796,39.600405654627636,0.10883383367737151,0.2573154484700907,-0.0293706463873525,0.16203141374903218,0.22714366686749932,1.1901277943575608,0.0774951822669701
14,498,24.9,case2,12,24,982.6390553435426,-78.48926747792248,55.817280200126575,38.63809840253431,9.96397833010773,2.795798217543482,40.0,0.06995199060664943,0.252380921398804,0.07426993714084427,-0.08500140277362886,0.357652296024853,2.0598430170351896,0.07735263493088582
14,523,26.15,case2,1,21,-806.1239444659025,432.92479339979576,52.24366619981877,-39.7981836466983,-2.6824484144800387,2.984802996401868,40.0,0.07468949836779835,3.2088921417834517,0.1622338965447623,-0.32293516889262863,0.36664530029833536,2.2599592714137615,0.1333525259376933
14,523,26.15,case2,17,21,-808.1158564605025,433.71946510332333,52.130769175226504,-39.95276251156339,-0.7753603723175458,1.7820168314733849,40.0,0.04456517079799226,3.1609971454082957,0.13116277558759057,-0.5383844627394146,0.554145932025996,2.2451417395572295,0.0863824359686484
14,525,26.25,case2,14,26,-776.4729042467446,-546.6412480858423,55.08538809177698,-25.354821231600496,-29.81109933795419,3.3243371668282182,39.276199167212546,0.08474137790450625,-2.275589962412112,-0.016441969076364426,-0.21953226638752926,0.4475872991930869,1.4895623251680572,0.13952111109081317
14,526,26.3,case2,6,26,-774.0332452358191,-545.8471200884908,54.795064614603824,-22.962198928922064,-32.70582173019195,1.7511839713503181,40.0,0.04379359641189877,-2.1829188587513904,0.2870635505598912,0.4017809118647625,0.5140061469894339,1.9839098428209363,0.14496720193650647
14,534,26.7,case2,5,25,834.1489744009932,-575.15699626121,54.9768426288323,36.23401434232457,-14.440342407612865,2.3171698181143126,39.074244204781046,0.059336530968510555,-0.37923850972503403,-0.04189864742158181,0.16427892849777195,0.17201081294430315,2.6418335183015795,0.1719657583631778
14,534,26.7,case2,13,25,834.0434178038954,-574.8209697442331,54.65483436451802,35.70620702437504,-17.610610347801742,3.864347695325633,40.0,0.09675960575248753,-0.4581997876745926,0.10838685517194735,-0.14056285573751626,0.46883383028913433,2.8500422732736865,0.17513476792788632
14,551,27.55,case2,7,27,-842.6702034759551,-530.7730997424432,55.896530296665794,-18.98471716015776,-34.73123895736332,0.2653601219858042,39.5821785802525,0.006704080454115333,-2.07103921374902,0.014500635735800948,-0.46603471588259215,0.49835993797595257,2.987194100574466,0.13106300239562843
14,551,27.55,case2,15,27,-844.0218745584727,-529.914754496844,55.39659313090667,-23.028112694290208,-32.706193444691344,0.10457579786451887,40.0,0.0026143979248802614,-2.184262169487716,0.12314836846347313,-0.5359385195305627,0.5705992805921,1.539171229321955,0.108150718249306
14,559,27.95,case2,11,23,710.5609888367798,798.5384069513132,58.70082397989492,14.079455744903417,37.29849239161282,3.254441770888892,40.0,0.08145107591262903,1.2098526957001432,0.025948249643044194,0.17223079628171928,0.24622360766150714,1.6298209716447436,0.13222545854880371
14,559,27.95,case2,19,23,711.0781297113325,799.263189824966,57.88610620862786,14.534117858431175,37.125353882049616,3.2353542634176784,40.0,0.08097231027797934,1.1976496455534296,0.05167100936340803,-0.1649805077428607,0.21886149723558407,0.4563289163851876,0.10889788181147356
14,563,28.15,case2,3,23,707.0283499703285,793.6552113834962,57.518040642895926,17.100854052699034,36.09168604797642,2.225081769866333,40.0,0.055655772692791705,1.128313662682738,0.6174778217005483,-0.47233004369700393,0.7823355425695131,0.8816497384689413,0.08017680092787348
14,583,29.15,case2,0,20,-993.8058521990625,-276.2390268968675,58.0261007238906,-33.094177384331395,-20.17337702913736,1.951177551085787,38.80717474051905,0.05029999175665274,-2.5941625780735604,-0.015746401828283477,-0.25052928085607273,0.3144028767219949,1.74267275697968,0.08975528515000317
14,583,29.15,case2,8,20,-992.638238937464,-274.81066841926685,57.15025587774871,-33.02687353398067,-22.2634501891896,3.682989308146386,40.0,0.09220532940397766,-2.5484608128352715,0.2112859233821882,0.07958474182769129,0.28705328084930976,1.117828075937384,0.12155799986697043
14,586,29.3,case2,16,20,-987.042473660354,-273.8396513709541,56.18963461789333,-34.02731375792986,-20.92401695719992,2.0802482530235413,40.0,0.05202967796255137,-2.5902759909535886,0.6983762881924248,-0.34680905699176634,0.8673800077645554,1.5569259826641302,0.12264635664481974
14,1293,64.65,case2,18,22,308.5256970075994,-511.1393157816048,25.888669116379898,-29.574876643431928,26.919410976327686,-0.8197464323514825,40.0,-0.020495095602529222,2.4031640638349727,0.028013533970505253,-0.6842088183478388,0.6874854096640465,2.97999462513234,0.08669667858423359
14,1297,64.85,case2,10,22,302.38116850358205,-507.81565123066673,24.563923309395122,-30.418191694639653,25.923108675953905,-1.6510755896805265,40.0,-0.04128861987214375,2.43580894124356,0.06470194792128339,-0.472691011965881,0.5059348552992943,2.9361371791458586,0.08242707741998474
15,497,24.85,case2,12,24,980.924155579591,-80.01265712608286,54.70628916797955,39.10670388027005,8.398938208851142,-0.35149478626547326,40.0,-0.008787482750888028,0.2115561018316239,0.06991429322441027,-0.04648524478921544,0.3358356138770055,2.8063114399352194,0.17646544176863554
15,498,24.9,case2,4,24,982.2265097776914,-78.86753210977547,56.31187318987054,38.15181522276447,10.827329420797145,1.2628173971697647,39.67854300446296,0.031831579108331474,0.27652517633239976,-0.011234061789129075,0.10212041590141921,0.4589751815374546,1.8112903829534943,0.08825156462378161
15,523,26.15,case2,1,21,-806.2586473012087,433.3280427647654,51.11254848949648,-39.970418748321975,-0.6191953579592135,1.4079141282312349,40.0,0.035205124965282455,3.157082754835736,0.1746170310439649,-0.60963737764999,0.7943652784561844,2.2621181151298146,0.1312992923544512
15,523,26.15,case2,9,21,-808.402588227871,433.7712568856059,51.11601571729362,-39.49063257774271,-2.6208200009393146,0.12908626892404748,39.577713705220795,0.003261595623129375,3.2078610888607995,-0.011662170736686867,-0.1837990212140327,0.35510405033445164,2.755760434910592,0.0868162317266843
15,523,26.15,case2,17,21,-807.9337519226906,434.30913838993166,51.964089693050084,-39.92413972275611,0.37478029010082947,2.433640715471228,40.0,0.06087861569911108,3.132205618965137,0.15657564223174852,-0.32839173805068567,0.4611690831502023,1.7989379941841819,0.08065423483052572
15,525,26.25,case2,14,26,-775.591155664794,-546.8587344663202,56.41342391933956,-23.53075491514651,-31.358544230316955,2.235071400338545,39.26894787597508,0.05694779345239904,-2.214539173224743,-0.008954319162743595,-0.10580298577582678,0.424217368748159,2.2399833554494366,0.15230702005739993
15,526,26.3,case2,6,26,-775.0101745665902,-544.5826637081311,54.31342309814848,-24.628908297830634,-31.394171949914174,2.796934685735682,40.0,0.06998047199511513,-2.2360178896720893,0.28991664642773424,0.21112184040320842,0.46260206237778145,2.2551109244818797,0.1519531369539861
15,534,26.7,case2,5,25,834.0821588397879,-574.4195656401453,54.51483820173869,35.895229790234616,-15.435854300358653,1.902355214321603,39.119714659454054,0.04864825337035267,-0.4061193476240315,-0.04439862271837933,-0.07756261217066243,0.3115765326679465,2.967405264297603,0.18138779933198035
15,535,26.75,case2,13,25,836.3303130021847,-573.3041710420514,55.91416255321099,37.04221038290389,-14.967787177811767,1.959591015600244,40.0,0.04900939247842201,-0.3840133437012216,0.11358925897471871,-0.4916799224880126,0.5976714267506109,2.100264459064168,0.0952242213981463
15,551,27.55,case2,7,27,-844.3976177601727,-529.6590721300859,55.546423747862214,-21.283300560258798,-33.30480529516063,1.4104497566242875,39.54969414550299,0.03567028604577561,-2.139432393399084,-0.006574321979883969,0.3389646551871277,0.36311097903369166,1.0751399644321427,0.10142122024770664
15,551,27.55,case2,15,27,-843.5452427549116,-529.8908194242051,57.333643668405216,-21.1944381044089,-33.79704600346414,2.9249743380256374,40.0,0.07318968384534016,-2.1309109246299935,0.14688253524419118,-0.32724291543937867,0.3725505065592217,2.1851167281892665,0.11903813926616272
15,559,27.95,case2,11,23,710.2282628365426,798.4885870110718,57.45288823811151,13.631212088311532,37.43158958165363,3.6147141510925733,40.0,0.09049130388440055,1.2215599843661875,0.057813122027885654,0.07016204444464522,0.19049452478780368,1.58091753578081,0.13697509066411673
15,559,27.95,case2,19,23,710.532323292095,799.6874419084136,56.825714257662604,14.158959864124904,37.238999483531586,3.5750207036650687,40.0,0.08949493570574148,1.2074583226189646,0.03396284260333387,-0.11664583475079988,0.23578320190183172,1.26819622131963,0.11173352043549642
15,562,28.1,case2,3,23,706.9444653383698,791.9090584023114,57.64629521954479,15.480784034971155,36.76149604284199,2.989604380966748,40.0,0.07480986911212098,1.1722216768789004,0.6943633037686999,-0.3322996153008899,0.8126695346327429,2.8007449372681066,0.16926905905303896
15,583,29.15,case2,0,20,-995.4796357590145,-273.50382518376955,58.102226265092156,-33.8130667464392,-18.878238424998482,2.116061604582423,38.78387661831434,0.054587448642980346,-2.6323903308962167,-0.017824419268637787,-0.025530207974308633,0.10547503709008721,2.3029963869559418,0.08574534005701775
15,583,29.15,case2,8,20,-992.5659988172562,-274.2895577314442,57.41921426148984,-34.14471291589231,-20.75844889261927,1.7959341479604665,40.0,0.04491345221487736,-2.595344412198229,0.3149763023034337,-0.45854082187548045,0.5769381369230514,1.2822653582883763,0.1283028787688942
15,586,29.3,case2,16,20,-986.8848860934356,-273.08272849450594,57.309055329183195,-33.58177223744396,-21.532328681226964,2.9365617575744025,40.0,0.0734801500501759,-2.571435029206599,0.6963563341907997,0.10641029398678344,0.7484453683840646,1.440667711089176,0.12890575526151204
15,1294,64.7,case2,18,22,306.6667539331139,-510.6534832951841,25.672918117339545,-31.911990696850822,24.101351426999123,0.8658574688678062,40.0,0.021648127550304187,2.49474358599085,0.04154359161204937,0.012022235260533129,0.21214190576823838,2.950097508916729,0.08420536709211582
15,1296,64.8,case2,2,22,305.0359322147969,-507.64528685838445,25.023566905191363,-29.486085176640373,27.027860446229443,-0.2560090917424961,40.0,-0.006400270989689675,2.3996647540733322,0.02528340073673155,-0.024295453260107708,0.15153333947367453,2.630454514806216,0.07791972957796248
16,497,24.85,case2,4,24,981.5060938442738,-80.87346880315364,54.52568235743122,38.885779000865895,8.564803880270663,2.713245279634237,39.91016629831477,0.06803629006371692,0.21679392752082047,-0.012610714559404932,0.37458256928269734,0.4468381007555699,2.519126965329355,0.16725822597665568
16,497,24.85,case2,12,24,982.0327025439689,-80.87558121456752,54.44764357705227,38.69266420360315,9.434203725766839,3.724719705955602,40.0,0.09325309086657695,0.23915765087844906,0.0601165882946343,0.3012888634272233,0.5530944827125069,2.1171237240061385,0.15500445720938802
16,522,26.1,case2,9,21,-806.8442935956415,434.25447557177563,52.154837323268566,-39.39446654304699,-1.6522144443354108,3.1730400987068417,39.556566967436915,0.08030152885625835,3.183508355709023,-0.020089957831575408,-0.3651404851345411,0.5123020318760844,2.622098807188222,0.1572526886041283
16,523,26.15,case2,17,21,-807.8662797210334,432.66461246388985,52.60104183867992,-39.78082440408038,-3.1889265667122464,2.704950477151076,40.0,0.06767540855482057,3.2215840096749266,0.20403771193317474,-0.18656770106986056,0.2874618486583867,2.8876372756905546,0.10794331523279962
16,525,26.25,case2,14,26,-775.5370044064857,-547.7633108051514,55.508489582844504,-22.267821483254572,-32.30258510697951,3.029435701485392,39.35086223798892,0.07706149187799095,-2.174339544390584,-0.013430423199444392,-0.1271877765528433,0.4946576204989546,1.9717135573791649,0.13904107285838277
16,526,26.3,case2,6,26,-774.5715625205459,-545.5506036940608,56.04476741730748,-22.49726879734355,-33.02137562556185,1.8605505786250789,40.0,0.04653055313904342,-2.1688573761693664,0.3079725042768678,0.48361790119727455,0.5874469671469722,1.6425016159403583,0.1380240589602781
16,535,26.75,case2,5,25,834.8614798451492,-575.7113243833394,55.724288036355155,36.98653550256045,-12.260345420223478,2.762074300254137,39.0633963288586,0.07076653014894409,-0.3200828127026055,-0.04045044396692981,0.8226960852822417,0.8730375875927544,1.4197201914943534,0.09713115712190323
16,535,26.75,case2,13,25,835.2090882877962,-574.1747308628035,56.269536506972585,37.36403338617022,-14.119460989399336,2.1377161846202934,40.0,0.05346837747418215,-0.36130117183356136,0.11862980651216368,0.0666728446999987,0.32425664077932725,1.3306821193479954,0.1029718063732233
16,551,27.55,case2,7,27,-844.9707830842572,-528.942428086592,56.62163634016523,-21.929166695371254,-32.62321001828158,3.193473823149777,39.43805850836766,0.08106316942899386,-2.1626166485093776,0.0011352370207850203,-0.12036847983660584,0.18778863704527804,0.5888390236885646,0.09883516438575704
16,551,27.55,case2,15,27,-843.8999953863282,-529.3042881810929,54.744587929050994,-22.22622848731621,-33.25575856871051,0.22201182232207353,40.0,0.005550324055311592,-2.1599580522362105,0.19476576094248954,-0.07600141584041181,0.43816846361816175,1.7454608424668312,0.12034393238563583
16,559,27.95,case2,11,23,709.8314753603458,798.6100028375799,58.02989015939728,16.27253283860035,36.48043179631669,2.09350685954446,40.0,0.05236159515948539,1.1512221011369563,0.04509116912279315,-0.5958410858266263,0.6018123977323627,1.8523432385908334,0.14080756858401827
16,559,27.95,case2,19,23,710.7130424064637,798.9844437580382,58.9176876985176,14.417981678574545,37.03902913896882,4.498013423602421,40.0,0.11268868491587988,1.1995787521987813,0.06673424477255792,0.09607548659193424,0.13838888801027635,1.5000171626971863,0.12146616682984931
16,562,28.1,case2,3,23,707.0439655457343,792.0775052543042,57.624742491695166,13.212938932812374,37.74449382410531,0.8783112886940234,40.0,0.021959547069844907,1.2340656624951598,0.6947508441118215,0.21133423804001877,0.8586759015121274,2.6062377808337884,0.1643111227416186
16,583,29.15,case2,0,20,-994.8191060535123,-275.6584721873668,55.1117776334872,-32.62622303737144,-21.01803691352607,1.7514084723083454,38.84965555856995,0.04509698320273256,-2.569300720818181,-0.019239002601833075,-0.04070246988413445,0.38564056806928654,2.511932449398945,0.08636713786097112
16,583,29.15,case2,8,20,-992.638588563361,-274.7981318225159,58.92718642933055,-33.37585243367275,-21.581087463103234,4.50656612462189,40.0,0.11290386989025465,-2.5676057853759686,0.2619909529389882,-0.1877842944474732,0.3223776180384096,2.0723415519358936,0.12656821303532434
16,586,29.3,case2,16,20,-987.1742178163869,-272.0327213748204,57.6893556536798,-34.48850015547541,-20.069063901961044,2.788553590085096,40.0,0.06977043204376107,-2.614583847610861,0.6983885323989045,-0.08980059232688765,0.7096331398874304,1.747897080678537,0.13396984100165804
16,743,37.15,case2,18,22,702.2374882753737,-1147.6450086686696,62.72942605572933,39.384647851290715,-6.87080898101992,1.2812094193212813,40.0,0.03203571484160337,-0.1727158325140088,0.029462392060466365,0.5054727741969004,0.6870830005892299,2.723986930559114,0.10272848330465252
16,744,37.2,case2,10,22,703.6321269970622,-1147.6670659950196,62.77922459620854,39.135212691644355,-8.230615872434335,0.8319194313096334,40.0,0.02079948545766473,-0.20729126709289517,0.03324463523296552,0.5464066526755036,0.5657629289362763,2.9718927204495187,0.07855944213653833
16,745,37.25,case2,2,22,703.654701570785,-1144.2777366352793,63.27021279572429,39.10708905100642,-7.903541997012881,2.858252938091259,40.0,0.07151727300499112,-0.1994139555467521,0.31672689512945723,0.5875805465117074,0.6837577110640934,2.1468178458175853,0.09303370217557363
17,497,24.85,case2,12,24,981.2131474909786,-80.90555120652674,55.16995013492201,39.22745245655339,7.82145470271238,-0.17838190004059704,40.0,-0.004459562282736539,0.19680632821095267,0.05999982995023325,0.15715341927742554,0.4294389194389787,2.6822315843340814,0.17250759858573772
17,498,24.9,case2,4,24,982.2081381262205,-78.11757204721044,56.138688949487936,38.305103581197514,9.144084364230121,4.5281266500480255,39.64087751532884,0.11447860201798106,0.23433162628210083,-0.015034430443271612,-0.5502859196721032,0.5708922570828983,2.2599255206965836,0.09193639672866424
17,523,26.15,case2,17,21,-807.8762799222061,433.30968971452324,52.20101939561218,-39.967290857848276,-1.5288442244189193,0.527538455108577,40.0,0.013188843731276063,3.179826398094025,0.15166955329029413,-0.21697449050649636,0.3088380087172948,2.365063122313556,0.09691503725332573
17,525,26.25,case2,14,26,-775.5034857910716,-546.9557618276441,56.33203760083276,-21.484471611150536,-32.7781096274319,2.935569346511822,39.30145746084307,0.0747632803405464,-2.150994567322447,-0.006430389738460303,0.2830422049544839,0.33493306193465466,2.2549765121806047,0.15119866753787878
17,527,26.35,case2,6,26,-773.7924694371355,-547.7540132123138,55.39166113079116,-22.84071415235822,-32.792703582264004,1.7147503538512632,40.0,0.042881899920738195,-2.179181673516809,0.2888133512465739,-0.37208532720006726,0.5172589774647347,2.6687936084674067,0.08019639949645765
17,534,26.7,case2,5,25,834.1748714669415,-574.1579984761119,54.71112561999914,36.02975931187931,-14.526368316039473,3.09539944561156,38.971020390196124,0.07951199178329106,-0.38324211962771454,-0.04469491746671049,-0.25858643132560566,0.26324879528007145,2.9594102426298177,0.18209997602513373
17,535,26.75,case2,13,25,834.8130279396461,-576.2629170714048,57.09667703986904,35.28644823126141,-18.164732914829003,4.990896648442706,40.0,0.12509845158222233,-0.4754010170745221,0.0979959728465285,-0.5002586083617534,0.6660736252060796,2.733464143853492,0.10207231005190734
17,551,27.55,case2,7,27,-843.7846397204064,-530.0476249555894,56.403217351964194,-18.089751382410153,-35.15457307535717,1.986169462137283,39.585704267075556,0.05019498280577408,-2.046037788149672,-0.006750773641346232,0.3487562984575408,0.38617722857402065,1.7044487470352092,0.10733260013711053
17,551,27.55,case2,15,27,-843.8497454096163,-529.7599199540902,55.43035216111285,-21.95522305276398,-33.405786403089024,1.421835255778008,40.0,0.0355533710812755,-2.152236074095423,0.14865456377662734,-0.45392544956899716,0.48546162472278714,1.5541447812948432,0.11274946568559355
17,559,27.95,case2,11,23,710.5245998344026,798.789536996678,58.17806543330508,13.928343279521263,37.43893319173943,2.0802728071785053,40.0,0.05203029264825156,1.2146335102040242,0.054673577773334224,-0.035747505145735464,0.18315573315772835,1.2384752657638571,0.12634755504628828
17,559,27.95,case2,19,23,711.7284217769061,799.2592171419741,58.12967722767285,12.317184457352843,38.05076641566471,0.652795698567306,40.0,0.016320616988029425,1.2577370814279676,0.0481924054734762,0.1746879801165741,0.4060277683330268,0.5712103338603174,0.10193766594293971
17,562,28.1,case2,3,23,706.8516714472124,791.8429557115691,57.41244896118623,14.191469214702401,37.28030948960049,2.963228963100477,40.0,0.07414865055845563,1.2070646013102753,0.6945462423505767,0.021939486792141166,0.6956324763026157,2.884360006217093,0.17173341766322664
17,582,29.1,case2,0,20,-992.7621750949234,-274.7488642457418,57.43517830861199,-31.66667527522978,-22.329169473942834,2.354408493624007,38.81898210589452,0.06068820521142616,-2.5274310417113743,-0.011027220396757914,0.19749815860860598,0.24036047537087007,2.8654940248055714,0.16989687443863957
17,583,29.15,case2,8,20,-992.7196775634543,-274.55359267404845,57.84646746070222,-32.81015500471231,-22.555972113971254,3.83690637890781,40.0,0.0960703718015725,-2.539326199557142,0.24640654539810533,-0.17177738607029083,0.43660137797776094,1.2385629950560424,0.12187921137280866
17,586,29.3,case2,16,20,-987.49741454437,-272.46388069958886,57.00922570519631,-34.03012799724485,-20.829626194930594,2.8420170778152567,40.0,0.07111034217800827,-2.5923281671642218,0.6999802082971198,0.15138903915142074,0.7595292340351172,1.01954763716734,0.12092272346509125
17,743,37.15,case2,10,22,701.7606704503361,-1146.7877910583513,62.625828982404855,39.34915391516324,-7.054551176365241,1.3701802293264036,40.0,0.0342612081476243,-0.17739630506673226,0.04449612013172899,0.6198779715792582,0.6258823607720535,2.993180182814799,0.11990374436337817
17,1296,64.8,case2,2,22,304.7449524328597,-508.22480402131566,25.99717342877259,-30.388035859369914,26.009316785233995,-0.2876055892949475,40.0,-0.0071902016865867235,2.4336795524913395,0.012977894648164514,-0.529896772682422,0.5350767965209703,2.8201544159392116,0.08216163962957138
18,497,24.85,case2,4,24,981.275609702375,-80.3484583458853,54.46326607595517,38.83662599646456,6.816556312464614,4.386286754929015,39.67352354211476,0.1107860299422432,0.17374896401115597,-0.020446018953934428,-0.2836538979981009,0.5614596332103557,2.5807238909965147,0.17132218900080973
18,497,24.85,case2,12,24,981.3900848409723,-80.2416849610172,56.309142156157925,38.845681949057685,8.7267337654623,3.8544924048951006,40.0,0.09651206857918264,0.22098253989543576,0.07365331679544214,0.02613936611935047,0.13157698165483492,2.526079026176799,0.1654754094355146
18,525,26.25,case2,14,26,-775.0036757039009,-547.9264880383058,55.07776610324148,-23.509493982640134,-31.262267715356618,3.725803452187429,39.2925858323266,0.0949647201491551,-2.2155816967050326,-0.019349685068575952,-0.44632624597714093,0.44679143796215226,2.5586915506692596,0.15117738500528677
18,526,26.3,case2,6,26,-774.360542790648,-545.4780716370767,55.39518228542109,-25.663923480356452,-30.529077947049288,3.0558846996241993,40.0,0.07647162890136987,-2.269830488465076,0.276052119836919,-0.4801400642772067,0.5581341005355308,1.7320317551116153,0.14390581890687984
18,535,26.75,case2,5,25,836.3802970408525,-573.6658878518116,54.980120151270924,36.69604264588286,-12.524088963461079,3.354069567421417,38.919174360413194,0.0862874244547966,-0.32889673730518093,-0.048502935171912016,-0.03955825313913912,0.31305143755106146,1.7525457174766232,0.08604912590844938
18,535,26.75,case2,13,25,836.1309304244814,-573.7039454450039,54.237046739266184,36.239357533997925,-16.921366090304787,0.6134616214165581,40.0,0.015337141815667655,-0.43684616263897924,0.11872051303688108,-0.44212604879759543,0.46942135428867915,1.7104362316431212,0.09354109649840549
18,551,27.55,case2,7,27,-843.5726842264158,-530.2235605373518,57.169706691429745,-21.843604556689435,-32.741012801510536,3.2209801285171014,39.490400001595354,0.08165433095153386,-2.1591427255649966,-0.008578378874353277,-0.3359429049279035,0.44598086492636224,2.2470880526885804,0.1167938484695102
18,551,27.55,case2,15,27,-843.5293808574748,-529.9069141474803,54.863229221459335,-20.64232759926126,-34.228480444497485,1.5183668020046628,40.0,0.03796829185174401,-2.113473505690839,0.13447909201024133,-0.23088588169478153,0.270097244934249,2.1301046612461603,0.1208397880003526
18,559,27.95,case2,11,23,709.4298480608209,798.0951790897135,59.112880471169724,11.009214176158496,38.418380563611095,1.6808444583064883,40.0,0.04203348792417147,1.291713920460786,0.0864629312127589,0.26784124147296084,0.3069697151661702,2.8165071173357465,0.15795453694745437
18,559,27.95,case2,19,23,709.4602129942164,799.807158876136,57.95139833346028,12.639388832345713,37.95040291107696,-0.11299925529111488,40.0,-0.002824985139761347,1.249300624647847,0.011471896541824608,-0.1545434975174434,0.4590415878591383,2.011134304828002,0.12390834705028134
18,563,28.15,case2,3,23,707.0366441825746,793.8479817821859,57.89024719999506,16.142642602218682,36.44222253692284,3.3733523958263447,40.0,0.08443409756521034,1.1538077780649312,0.6146893264589247,-0.2051045423900699,0.6670647659436859,1.2094824781213838,0.07627975345754653
18,583,29.15,case2,0,20,-993.9612606571218,-276.1494843919458,56.98007206685772,-32.6108020507911,-20.853374418852916,2.558184037788784,38.79267895647254,0.06599291137444117,-2.5726610998333155,-0.019601381958339707,-0.5481282430157148,0.5936540002070175,1.462683591944468,0.08447071363432178
18,583,29.15,case2,8,20,-991.8987619384923,-275.38074794561214,57.228539704633555,-32.649230997094,-22.901445599767374,3.090550879583037,40.0,0.07734085270335951,-2.52990153610361,0.26949721749732536,-0.13807424200165092,0.33194856232302256,1.9690932461379622,0.1353426472264316
18,586,29.3,case2,16,20,-987.7973643948982,-273.0004470952724,55.1830007404291,-33.93931792765332,-21.122819695169177,1.3961327770106537,40.0,0.034910410093026305,-2.5848866742180605,0.6995970643341349,0.2302323820493996,0.738904320750991,1.7466096150585075,0.11795469085678437
18,743,37.15,case2,18,22,702.6805439124946,-1146.889446919323,63.24903516278029,38.9298785331731,-9.106918485058852,1.2363628508175046,40.0,0.030913994990963024,-0.22979898373909421,0.12159137706276998,-0.0352312989520238,0.46237445661210175,2.145330642183675,0.098287102062205
18,745,37.25,case2,2,22,703.7649208033816,-1145.6583632179947,61.580856655223606,39.070849878546184,-8.271826025386394,2.246237737606663,40.0,0.05618549993635183,-0.20863274509669336,0.2659228812364639,0.44622632253342875,0.672064579309536,2.8924243337947306,0.08946809225959418
19,497,24.85,case2,12,24,980.948996639738,-79.89185315212735,55.99002261627372,38.17847938566999,11.55239100541273,2.990982088885008,40.0,0.07484440845961304,0.29383040261391474,0.07928503313174869,-0.04202991804966115,0.5072065007517259,2.803133780195177,0.17426423914909656
19,498,24.9,case2,4,24,982.557451010739,-78.70247981131202,54.08844040690472,38.15356910947494,11.047345721743243,1.4474653341217454,39.74712365921191,0.036424911465059905,0.281841792351969,-0.025789548156528813,-0.05371936730448462,0.08937401506883735,2.0432638942403636,0.08347339923583232
19,523,26.15,case2,17,21,-807.8130859838366,432.73213454682036,52.69676129149472,-39.82458022328884,-3.3473697153075332,1.672700220563513,40.0,0.04182970285305681,3.225448403463744,0.1686841834930958,-0.3939139013089913,0.4317896143249852,2.8100523175422354,0.10712169770844067
19,525,26.25,case2,14,26,-776.7489741681765,-545.819941725535,56.50876802947407,-24.292498818115053,-30.311244385003945,5.220090550961561,39.19370332535307,0.13358390794911112,-2.2464117908021155,-0.018331227357516654,0.3028092663851549,0.351463265164574,2.183888545988585,0.14958366888179225
19,527,26.35,case2,6,26,-774.2008079864584,-547.3872463662502,54.64492865776073,-24.829482724538213,-31.13729759269659,3.737042447672925,40.0,0.09356250826561557,-2.2439617025344227,0.2974287439082389,-0.1884026452427045,0.41623419014537427,2.359665098934747,0.07717222615326755
19,535,26.75,case2,5,25,835.5318638477233,-575.4209789504082,55.61932556938343,36.11230481817517,-14.398919812737933,2.3699534182848923,38.94925070215466,0.0608848239736163,-0.37940773754814316,-0.038289424984283865,0.28227077099002695,0.3945617641466266,1.3205719385898553,0.08118210365991149
19,535,26.75,case2,13,25,835.5425031083497,-574.7060263456601,54.889400470109194,36.822812964510526,-15.599790811527548,0.8526265403191444,40.0,0.021317277993401544,-0.4007221653250528,0.1233601440684322,0.02292081521141534,0.14340126067161466,0.7670228399893042,0.08667407099284334
19,551,27.55,case2,7,27,-844.7046233034673,-529.6011146883596,56.92463370430243,-20.9620053660153,-33.31459269678897,4.243786651155153,39.58885551084197,0.1074028671861125,-2.1324201373142806,-0.02066036314018215,0.19874078552863417,0.24384300101590586,1.1595469841969719,0.0945262293323908
19,551,27.55,case2,15,27,-843.698126578221,-530.2338650466639,55.85606839557104,-21.424640324355153,-33.72465955466287,1.9058134468255536,40.0,0.047663381048907855,-2.1367546871098715,0.1714910741348594,-0.6595473995270006,0.6814810841031474,1.8638672606977278,0.11048454958411427
19,559,27.95,case2,11,23,710.2435218324708,798.597091630057,57.9660512436393,13.038291057597858,37.62643313108109,3.775512697587807,40.0,0.09452853343691474,1.237225575429872,0.04212292043942286,-0.004150876303752646,0.09049797567619966,1.5062108358251083,0.13364412709049373
19,559,27.95,case2,19,23,710.5691073672442,799.6759726918391,57.371427987920136,13.944399089981736,37.28455718723707,3.926261500583599,40.0,0.09831484305975484,1.2129032522086756,0.03146614929732387,-0.26474400701445033,0.2831457794527184,0.9400355200333086,0.10857047243790496
19,562,28.1,case2,3,23,707.6412017376928,791.8446062699772,58.12304703482912,16.494865139877934,36.19832727198728,4.195298169062804,40.0,0.1050757026255385,1.1432287016079823,0.6936359891266813,0.10934956791433487,0.8348109890575295,2.774185349636753,0.16404348208280947
19,583,29.15,case2,0,20,-994.7643698125031,-274.87034173379374,56.26999409890382,-33.81505467319409,-18.774953657142717,2.49669775871659,38.7580998899242,0.0644620793409236,-2.6347470066940284,-0.022146659002676632,-0.41031332385748753,0.4403260548941152,1.3709583501678337,0.07893446580230229
19,583,29.15,case2,8,20,-991.4155915809471,-275.7786116823768,55.66343103548137,-32.443724228440686,-23.39626653321572,0.1395367178231238,40.0,0.0034884250207445826,-2.51682328693366,0.3325429717266652,-0.14805119840125014,0.3731725038418042,2.9815247786242574,0.1510989699496948
19,586,29.3,case2,16,20,-987.2879125464177,-272.81713258750955,56.755142350577984,-34.488425473663405,-20.248643761417696,0.7354822708707699,40.0,0.01838809299060286,-2.610701901807633,0.7004749564476934,-0.39225193433907424,0.820294643593457,1.021851979299566,0.12233701665459487
19,1289,64.45,case2,10,22,311.8620112709029,-515.7476971512799,25.886700540719637,-29.93112864275267,26.445407233715077,-2.18356919147545,40.0,-0.05461637871448534,2.4179451760986073,0.03943420778169383,-0.692073922230531,0.6941753238973492,2.8963303442568327,0.08333638308780171
19,1290,64.5,case2,18,22,309.7308657481948,-513.8139707295857,28.11612861275884,-29.043157456699465,27.43603886688517,1.9387563643038024,40.0,0.048487906675338324,2.384641868147311,0.06813830919450202,-0.7238559550532635,0.7458214177521563,2.851281588776066,0.07512108247355677
19,1293,64.65,case2,2,22,308.3310241679649,-510.7550747997263,25.5058270141994,-31.225111022300226,24.99939561260732,-0.1505345454532659,40.0,-0.00376337251974908,2.4664748068421765,0.07230652281705688,-0.22535163831965724,0.23948416947132545,2.5790973096860372,0.07672684969940538
20,497,24.85,case2,4,24,980.7844640642163,-79.68964135119367,55.334770676302476,38.61361878289769,8.271735707211862,4.207086566015128,39.71313063074803,0.10613607144548143,0.21102867799079653,-0.025258202891900575,0.02204368428105745,0.03363222644695336,2.881027510071329,0.17914370910440672
20,497,24.85,case2,12,24,981.2773976706198,-80.51669383203351,56.047229160301676,38.94639971652633,9.02641202198944,1.3045440313926673,40.0,0.03261938511339616,0.22774405538644185,0.07975960266555387,0.06364298837929186,0.6143020266692992,2.5978679034038366,0.16930474116690103
20,523,26.15,case2,1,21,-806.398899466619,432.76178115896454,52.035816973465145,-39.72964685519887,-3.6561065341016015,2.861476152702596,40.0,0.07159806011724298,3.2333588364311447,0.14732294888890415,-0.26943606672642645,0.31887960655883263,2.4285123899308063,0.13053836684689551
20,523,26.15,case2,9,21,-808.7048326034044,433.6135769770815,53.224304864736894,-39.41323683735244,-1.5941051002216515,2.77085066502437,39.54266079155087,0.07012990986640097,3.1820165524845625,-0.015187766759499108,-0.15369144378187805,0.1726093034506331,2.869918087794814,0.08025401697524046
20,525,26.25,case2,14,26,-775.0834923504167,-547.4391794131757,56.18635911580234,-24.542482687788908,-30.642765032372683,0.6217833081888794,39.26447656332582,0.015836434180571016,-2.2460995698482806,-0.006984614121333422,-0.06248425893828992,0.49074751335417494,2.5139055578918734,0.15528167577346713
20,526,26.3,case2,6,26,-774.2408005242863,-545.187342411162,55.7036960423493,-26.246748967746427,-30.167685460625233,1.009416946996134,40.0,0.025238102874301453,-2.2868037162798958,0.29814555763010847,0.026701648290035115,0.3815625320399667,2.0146290862802845,0.15100049320898548
20,535,26.75,case2,5,25,835.3042557741342,-574.9149716343671,55.48264885418359,35.82641647153249,-15.244049246498733,1.4597645078096488,38.962084993486094,0.03747505405092416,-0.40229192594557117,-0.041838575011834,0.5227119364969143,0.5598166834620338,0.7929029523045191,0.09071209314764443
20,535,26.75,case2,13,25,834.9342129142642,-574.742851784697,54.282383098497924,36.755953226600646,-15.268747009635547,3.9831227899338506,40.0,0.09974337432661727,-0.39371886315824545,0.12407139434018113,0.2620459457625527,0.6692363663716036,0.8029064046209508,0.1029625674809271
20,551,27.55,case2,7,27,-844.5526683357499,-529.6624626094952,56.28227687322627,-21.74604729825969,-32.97758868072465,2.573150647458784,39.585768055549,0.06504777503446488,-2.1537644903890043,-0.012470354502979123,-0.0409675966239032,0.21842816370099274,0.9040008737887152,0.09670537012138031
20,551,27.55,case2,15,27,-844.5796361024035,-529.2145988447073,56.262949535623655,-20.866230884527717,-34.01883244829421,2.7054477500898826,40.0,0.06768786890661414,-2.1209908785136906,0.1335836540668632,-0.11437981495428744,0.176824426115567,0.5690668594567898,0.10075086960234889
20,559,27.95,case2,11,23,710.0020241792844,798.3950388468814,56.42446518336923,13.060015886250325,37.79829930269121,-0.851207891799797,40.0,-0.021281803733908738,1.2381194008780483,0.09896820204915238,0.37137798608281664,0.4065807388714878,2.203112473468319,0.14533141806059205
20,559,27.95,case2,19,23,710.4233846724595,799.6928379767577,57.74465823403788,12.502571366930527,37.89695936131337,2.711675865473581,39.99808752450072,0.06784717887543265,1.2521302750231373,-0.0038990326183156697,-0.34528792481939957,0.40068920383265944,1.028099677070077,0.10895622888578135
20,562,28.1,case2,3,23,706.3253490923069,792.2011225818551,56.76894602385597,15.97934654445141,36.64271260426053,1.4043137163381467,40.0,0.03511505900244404,1.1595739628343524,0.6962600317654619,-0.23819308171370507,0.7359034818462136,2.8964607761002763,0.17167097206920473
20,583,29.15,case2,0,20,-993.8994853736446,-276.58811081479143,56.76437344933213,-31.69713376620477,-22.05923607381869,3.9472956228667995,38.818801216516796,0.10186120557087996,-2.5335981501475,-0.021942189372226136,-0.2763993651656122,0.6943692412443943,1.9236876398683387,0.08616084829561188
20,583,29.15,case2,8,20,-993.496355206196,-273.18197236130203,57.02514337550391,-34.589793660529125,-20.019936242910948,1.6578079960598275,40.0,0.04145707418393443,-2.616921042526622,0.2563330050036555,-0.006801373262191518,0.2617555147258192,1.5628387290680625,0.12296560768901905
20,586,29.3,case2,16,20,-987.1552333526636,-272.5417783706245,57.66084825969783,-34.02455410276504,-20.87844038980522,2.5338597035678925,40.0,0.06338893517793981,-2.5912123268529013,0.69993771994167,0.14655790876543612,0.7426489604585361,1.4801097110307426,0.12852137216569134
20,1261,63.05,case2,10,22,346.00617387483027,-541.2027765000408,27.57781571665142,-31.92716752550514,24.032117287342555,-1.7644581280781138,40.0,-0.04412577123618765,2.4963550207558063,0.020615423797541804,-0.27139969409072884,0.2969284204615363,2.6518598306524916,0.07835245864686677
20,1263,63.15,case2,2,22,343.52838640447385,-539.8147491868875,27.1416962062242,-32.29322555317408,23.535507691673924,-1.7965135866399558,40.0,-0.044927952809558705,2.5117940296662593,0.027671240274302362,0.23704708032972313,0.2741191478198038,2.9467202371475643,0.08520670186204207
20,1264,63.2,case2,18,22,342.0297765666488,-538.837972719362,28.973050912538717,-33.081213301375136,22.19969846272921,3.578647045018414,40.0,0.08958595888467134,2.5505501015007077,0.09286088565922118,0.025339554140970458,0.24611227009159423,2.9822636070352764,0.08226522697014202
