70.542037964 -0.921801984 58.289627075 11.862409592 75.776268005 51.566898346 34.259109497 54.892799377 34.495086670 81.392791748 1.480640888 31.179815292 -6.951605797 30.445932388 -41.046764374 70.257110596 -38.339050293 33.057033539 -31.494447708 10.003860474 -89.302825928 12.682779312 -44.100711823 -15.950670242 -52.305755615 -56.196846008 -38.937633514 -64.344192505 -29.214946747 -81.820343018 -6.973088741 -67.216827393 17.108453751 -75.278388977 34.645507812 -31.715921402 33.303611755 -24.144565582 81.165245056 -33.845767975 1249.691528320 163.353088379 980.991882324 889.330383301 60.751548767 1437.823120117 -941.226867676 1118.519775391 -1246.911499023 -86.427032471 -1225.480468750 -840.646179199 195.505813599 -1391.240966797 991.209777832 -1119.872680664
71.326202393 -0.808814287 59.136608124 11.972449303 76.367813110 52.113372803 34.269897461 55.731040955 35.064392090 81.870727539 1.515817881 32.067035675 -6.912984848 31.281007767 -41.587207794 70.888816833 -38.866668701 33.696590424 -32.180007935 9.950955391 -89.831939697 13.382801056 -44.790626526 -16.430379868 -52.973663330 -56.205608368 -39.634948730 -64.793121338 -29.908832550 -82.250816345 -6.840991020 -68.055145264 17.226793289 -76.139083862 35.194778442 -32.337623596 33.895694733 -24.819147110 81.705894470 -34.492584229 1248.677124023 163.297210693 980.231445312 888.537902832 60.628471375 1436.711181641 -940.476196289 1117.746093750 -1245.856079102 -86.277000427 -1224.467163086 -839.858276367 195.436904907 -1390.205200195 990.523498535 -1118.982910156
72.125267029 -0.688535213 59.971836090 12.085362434 76.948814392 52.644725800 34.274982452 56.572528839 35.651679993 82.355743408 1.545993447 32.937950134 -6.877987385 32.130336761 -42.126293182 71.525291443 -39.402694702 34.353958130 -32.861534119 9.902613640 -90.345634460 14.074176788 -45.480430603 -16.904848099 -53.640922546 -56.207141876 -40.330825806 -65.233596802 -30.608739853 -82.676597595 -6.702313900 -68.901840210 17.348491669 -76.993843079 35.762008667 -32.972885132 34.480648041 -25.479290009 82.249732971 -35.138328552 1247.659667969 163.279220581 979.491027832 887.711364746 60.467658997 1435.603759766 -939.692993164 1116.993530273 -1244.788452148 -86.086830139 -1223.465942383 -839.031799316 195.406143188 -1389.170166016 989.870788574 -1118.074462891
72.930839539 -0.560230076 60.800373077 12.203803062 77.523605347 53.162231445 34.272533417 57.415367126 36.248771667 82.838500977 1.569618821 33.801795959 -6.848935127 32.986236572 -42.661922455 72.167167664 -39.937755585 35.020843506 -33.539871216 9.860811234 -90.847839355 14.764915466 -46.171264648 -17.372394562 -54.305599213 -56.199581146 -41.027935028 -65.665168762 -31.312578201 -83.094223022 -6.555921555 -69.752220154 17.475954056 -77.845596313 36.340892792 -33.611553192 35.066394806 -26.131076813 82.798690796 -35.782009125 1246.640991211 163.299224854 978.771545410 886.851318359 60.269363403 1434.502685547 -938.877197266 1116.262329102 -1243.710937500 -85.856315613 -1222.478515625 -838.167297363 195.413482666 -1388.137695312 989.252502441 -1117.148681641
73.738601685 -0.422782034 61.624610901 12.329924583 78.098083496 53.668857574 34.260963440 58.258682251 36.852569580 83.314392090 1.585119724 34.663364410 -6.827619553 33.845466614 -43.191677094 72.814384460 -40.467357635 35.694664001 -34.214767456 9.827441216 -91.339447021 15.458775520 -46.863857269 -17.831268311 -54.966835022 -56.181274414 -41.727233887 -66.086463928 -32.019622803 -83.501335144 -6.400536060 -70.604019165 17.611148834 -78.695693970 36.929153442 -34.248378754 35.657165527 -26.776506424 83.354179382 -36.422401428 1245.623046875 163.357223511 978.074157715 885.958374023 60.033901215 1433.409667969 -938.028991699 1115.553100586 -1242.623901367 -85.594093323 -1221.506469727 -837.265869141 195.458786011 -1387.109375000 988.669433594 -1116.207275391
74.546241760 -0.275005192 62.445678711 12.465456963 78.674987793 54.164939880 34.238845825 59.102333069 37.462039948 83.780586243 1.590999365 35.524616241 -6.815606594 34.706661224 -43.713512421 73.467094421 -40.988834381 36.374721527 -34.885704041 9.803694725 -91.820045471 16.157537460 -47.558662415 -18.279762268 -55.623615265 -56.151294708 -42.429065704 -66.495910645 -32.729610443 -83.896087646 -6.234897137 -71.456108093 17.755723953 -79.544723511 37.526565552 -34.880859375 36.255405426 -27.415948868 83.917434692 -37.058425903 1244.607543945 163.453155518 977.399963379 885.033386230 59.761661530 1432.326416016 -937.148864746 1114.866699219 -1241.526245117 -85.311424255 -1220.551757812 -836.328491211 195.541885376 -1386.086914062 988.122314453 -1115.251708984
75.352554321 -0.115771949 63.264064789 12.611844063 79.255744934 54.649761200 34.204914093 59.946369171 38.076953888 84.235145569 1.585893035 36.386348724 -6.814290047 35.569290161 -44.225700378 74.125549316 -41.500305176 37.060955048 -35.551933289 9.789958000 -92.288711548 16.862043381 -48.255954742 -18.716260910 -56.275024414 -56.109493256 -43.133544922 -66.892005920 -33.442398071 -84.276916504 -6.057831287 -72.307899475 17.911090851 -80.392936707 38.133663177 -35.507644653 36.862709045 -28.049148560 84.489585876 -37.689193726 1243.596191406 163.586853027 976.750183105 884.077331543 59.453094482 1431.254516602 -936.237487793 1114.204101562 -1240.416015625 -85.020957947 -1219.615844727 -835.356506348 195.662490845 -1385.072143555 987.611816406 -1114.283691406
76.156867981 0.055955123 64.079956055 12.770316124 79.841163635 55.122234344 34.158050537 60.790855408 38.697341919 84.676551819 1.568587542 37.248908997 -6.824904919 36.433162689 -44.726737976 74.790023804 -42.000244141 37.753498077 -36.212638855 9.785812378 -92.744346619 17.572710037 -48.955886841 -19.139274597 -56.920211792 -56.056488037 -43.840648651 -67.273353577 -34.157852173 -84.642471313 -5.868286610 -73.159049988 18.078453064 -81.240425110 38.751163483 -36.127861023 37.480205536 -28.675636292 85.071647644 -38.313961029 1242.590942383 163.758102417 976.125976562 883.091369629 59.108722687 1430.195678711 -935.295593262 1113.566406250 -1239.290771484 -84.736129761 -1218.700683594 -834.351074219 195.820266724 -1384.066528320 987.138549805 -1113.304687500
76.958824158 0.241102487 64.893371582 12.941922188 80.431739807 55.581211090 34.097305298 61.635837555 39.323261261 85.103530884 1.538029194 38.112445831 -6.848530769 37.298213959 -45.215270996 75.460731506 -42.487327576 38.452495575 -36.866981506 9.790067673 -93.185852051 18.289720535 -49.658496857 -19.547460556 -57.558395386 -55.993633270 -44.550285339 -67.638725281 -34.875797272 -84.991539001 -5.665351868 -74.009376526 18.258832932 -82.087188721 39.379779816 -36.740859985 38.108772278 -29.294914246 85.664489746 -38.932109833 1241.593505859 163.966567993 975.528625488 882.076721191 58.729125977 1429.151367188 -934.324279785 1112.954589844 -1238.150268555 -84.470520020 -1217.807495117 -833.313598633 196.014785767 -1383.072021484 986.703002930 -1112.316406250
77.758163452 0.440469772 65.704292297 13.127546310 81.027786255 56.025581360 34.021858215 62.481346130 39.954750061 85.514976501 1.493315339 38.977043152 -6.886096954 38.164447784 -45.690093994 76.137832642 -42.960376740 39.158050537 -37.514736176 9.800813675 -93.612205505 19.013113022 -50.363761902 -19.939615250 -58.189113617 -55.922924042 -45.262298584 -67.987030029 -35.596019745 -85.323104858 -5.448256969 -74.858741760 18.453083038 -82.933204651 40.020133972 -37.346130371 38.749095917 -29.906520844 86.268875122 -39.543113708 1240.605346680 164.211898804 974.959350586 881.034912109 58.314949036 1428.123168945 -933.324768066 1112.369995117 -1236.995605469 -84.236221313 -1216.938232422 -832.245300293 196.245544434 -1382.090209961 986.305786133 -1111.320800781
78.554740906 0.654730082 66.512664795 13.327923775 81.629455566 56.454319000 33.931045532 63.327384949 40.591773987 85.909927368 1.433688879 39.842723846 -6.938387394 39.031875610 -46.150123596 76.821418762 -43.418354034 39.870208740 -38.155452728 9.815618515 -94.022476196 19.742822647 -51.071571350 -20.314676285 -58.812152863 -55.846874237 -45.976467133 -68.317321777 -36.318248749 -85.636260986 -5.216368675 -75.707061768 18.661905289 -83.778457642 40.672740936 -37.943267822 39.401710510 -30.510063171 86.885406494 -40.146545410 1239.628417969 164.493621826 974.419372559 879.967407227 57.866912842 1427.112670898 -932.298278809 1111.813598633 -1235.829589844 -84.038391113 -1216.093994141 -831.147827148 196.511947632 -1381.122802734 985.946228027 -1110.319946289
79.348449707 0.884431064 67.318428040 13.543652534 82.236808777 56.866519928 33.824333191 64.173957825 41.234241486 86.287544250 1.358530164 40.709510803 -7.006047726 39.900497437 -46.594394684 77.511497498 -43.860321045 40.588920593 -38.788982391 9.831952095 -94.415832520 20.478704453 -51.781772614 -20.671728134 -59.427562714 -55.768089294 -46.692531586 -68.628784180 -37.042175293 -85.930259705 -4.969190121 -76.554298401 18.885860443 -84.622909546 41.337959290 -38.531982422 40.066993713 -31.105255127 87.514541626 -40.742095947 1238.664306641 164.811218262 973.909912109 878.875976562 57.385787964 1426.121215820 -931.246459961 1111.286743164 -1234.655395508 -83.877731323 -1215.276367188 -830.022521973 196.813323975 -1380.171508789 985.619628906 -1109.317260742
80.139221191 1.129999876 68.121536255 13.775199890 82.849838257 57.261405945 33.701301575 65.021064758 41.882007599 86.647148132 1.267347813 41.577392578 -7.089593887 40.770313263 -47.022068024 78.208015442 -44.285457611 41.314090729 -39.415424347 9.847460747 -94.791557312 21.220556259 -52.494148254 -21.009981155 -60.035610199 -55.688999176 -47.410186768 -68.920761108 -37.767456055 -86.204467773 -4.706349850 -77.400421143 19.125368118 -85.466560364 42.015853882 -39.112255096 40.745006561 -31.692073822 88.156402588 -41.329715729 1237.714599609 165.164047241 973.432006836 877.762390137 56.872425079 1425.150512695 -930.170776367 1110.790405273 -1233.475952148 -83.754707336 -1214.481445312 -828.874938965 197.145187378 -1379.236938477 985.320739746 -1108.316040039
80.927017212 1.391748786 68.921958923 14.022913933 83.468444824 57.638313293 33.561660767 65.868690491 42.534877777 86.988159180 1.159771800 42.446365356 -7.189420223 41.641323090 -47.432403564 78.910842896 -44.693069458 42.045551300 -40.035053253 9.859951019 -95.149040222 21.968124390 -53.208297729 -21.329072952 -60.636745453 -55.611869812 -48.128971100 -69.192970276 -38.493606567 -86.458686829 -4.427777767 -78.245452881 19.380548477 -86.309448242 42.706233978 -39.684314728 41.435565948 -32.270736694 88.810867310 -41.909603119 1236.781005859 165.551437378 972.986755371 876.628479004 56.327743530 1424.201782227 -929.072998047 1110.325805664 -1232.293579102 -83.669601440 -1213.702026367 -827.712280273 197.502593994 -1378.318969727 985.044250488 -1107.319091797
81.711845398 1.669881701 69.719688416 14.287030220 84.092498779 57.996715546 33.405223846 66.716835022 43.192619324 87.310150146 1.035547018 43.316413879 -7.305803299 42.513507843 -47.824790955 79.619819641 -45.082561493 42.783092499 -40.648258209 9.867383957 -95.487808228 22.721118927 -53.923633575 -21.629154205 -61.231521606 -55.538803101 -48.848270416 -69.445671082 -39.219993591 -86.693183899 -4.133683681 -79.089477539 19.651222229 -87.151641846 43.408695221 -40.248596191 42.138263702 -32.841674805 89.477554321 -42.482166290 1235.865112305 165.972625732 972.575073242 875.476074219 55.752738953 1423.276611328 -927.954833984 1109.893798828 -1231.110717773 -83.622558594 -1212.929443359 -826.541809082 197.880584717 -1377.416992188 984.784545898 -1106.328857422
82.493721008 1.964501977 70.514739990 14.567677498 84.721832275 58.336212158 33.231906891 67.565498352 43.854980469 87.612808228 0.894526899 44.187530518 -7.438911438 43.386867523 -48.198741913 80.334724426 -45.453475952 43.526470184 -41.255504608 9.867873192 -95.807487488 23.479225159 -54.639404297 -21.910892487 -61.820564270 -55.471775055 -49.567329407 -69.679603577 -39.945861816 -86.908737183 -3.824516535 -79.932655334 19.936967850 -87.993293762 44.122653961 -40.805744171 42.852512360 -33.405521393 90.155906677 -43.048011780 1234.967895508 166.425094604 972.197875977 874.307128906 55.148632050 1422.376342773 -926.818115234 1109.495361328 -1229.929199219 -83.613609314 -1212.153930664 -825.371459961 198.274185181 -1376.530273438 984.536071777 -1105.348022461
83.272735596 2.275545359 71.307182312 14.864815712 85.356246948 58.656517029 33.041736603 68.414695740 44.521694183 87.895935059 0.736673832 45.059700012 -7.588799953 44.261386871 -48.553874969 81.055313110 -45.805454254 44.275413513 -41.857284546 9.859690666 -96.107826233 24.242113113 -55.354740143 -22.175487518 -62.404529572 -55.412597656 -50.285316467 -69.896003723 -40.670402527 -87.106628418 -3.500932693 -80.775184631 20.237148285 -88.834602356 44.847373962 -41.356575012 43.577564240 -33.963088989 90.845191956 -43.607936859 1234.088867188 166.904861450 971.855834961 873.123596191 54.519966125 1421.499877930 -925.664672852 1109.131347656 -1228.751220703 -83.642700195 -1211.364379883 -824.209350586 198.678497314 -1375.658081055 984.293029785 -1104.378540039
84.049003601 2.602738619 72.097122192 15.178190231 85.995521545 58.957473755 32.834987640 69.264450073 45.192493439 88.159469604 0.562213659 45.932937622 -7.755259514 45.137077332 -48.889926910 81.781333923 -46.138259888 45.029632568 -42.453773499 9.841263771 -96.388671875 25.009450912 -56.068675995 -22.424671173 -62.983978271 -55.362960815 -51.001338959 -70.096649170 -41.392742157 -87.288635254 -3.163764477 -81.617347717 20.550945282 -89.675811768 45.581993103 -41.902080536 44.312553406 -34.515365601 91.544540405 -44.162899017 1233.227783203 167.408020020 971.548950195 871.927368164 53.871154785 1420.645751953 -924.496337891 1108.802490234 -1227.578369141 -83.709671021 -1210.550415039 -823.063903809 199.088577271 -1374.798950195 984.049560547 -1103.422729492
84.822700500 2.945635080 72.884696960 15.507368088 86.639434814 59.239055634 32.612144470 70.114830017 45.867111206 88.403465271 0.371595442 46.807262421 -7.937854290 46.013961792 -49.206741333 82.512504578 -46.451759338 45.788833618 -43.045536041 9.811176300 -96.649993896 25.780910492 -56.780208588 -22.660701752 -63.559520721 -55.324394226 -51.714488983 -70.283813477 -42.112022400 -87.457023621 -2.813999414 -82.459465027 20.877374649 -90.517234802 46.325527191 -42.443405151 45.056484222 -35.063484192 92.252952576 -44.714015961 1232.383911133 167.930755615 971.273437500 870.721313477 53.206516266 1419.812622070 -923.315002441 1108.509399414 -1226.412353516 -83.814323425 -1209.705932617 -821.940979004 199.499481201 -1373.951538086 983.799926758 -1102.482666016
85.594032288 3.303646803 73.670112610 15.851767540 87.287666321 59.501453400 32.373874664 70.965911865 46.545200348 88.628196716 0.165456146 47.682731628 -8.135958672 46.892089844 -49.504268646 83.248550415 -46.745929718 46.552726746 -43.633056641 9.768164635 -96.891853333 26.556169510 -57.488418579 -22.886159897 -64.131736755 -55.298282623 -52.423957825 -70.460060120 -42.827472687 -87.614379883 -2.452760935 -83.301918030 21.215312958 -91.359237671 47.076889038 -42.981842041 45.808269501 -35.608726501 92.969314575 -45.262546539 1231.556396484 168.469329834 971.025085449 869.507629395 52.530281067 1418.998535156 -922.122497559 1108.252807617 -1225.255004883 -83.956359863 -1208.831665039 -820.841857910 199.906234741 -1373.114501953 983.538452148 -1101.560302734
86.363265991 3.676069975 74.453605652 16.210691452 87.939811707 59.745059967 32.120998383 71.817817688 47.226371765 88.834106445 -0.055407926 48.559432983 -8.348782539 47.771541595 -49.782566071 83.989196777 -47.020839691 47.321022034 -44.216785431 9.711116791 -97.114402771 27.334930420 -58.192634583 -23.103582382 -64.701141357 -55.285850525 -53.129192352 -70.627922058 -43.538597107 -87.763229370 -2.081296444 -84.145141602 21.563507080 -92.202232361 47.834896088 -43.518802643 46.566707611 -36.152511597 93.692413330 -45.809883118 1230.744018555 169.020050049 970.798950195 868.288513184 51.846614838 1418.201293945 -920.920471191 1108.032958984 -1224.107788086 -84.135444641 -1207.928833008 -819.767700195 200.303833008 -1372.286254883 983.259704590 -1100.657836914
87.130706787 4.062105179 75.235458374 16.583337784 88.595428467 59.970439911 31.854450226 72.670722961 47.910198212 89.021820068 -0.290064245 49.437488556 -8.575401306 48.652435303 -50.041774750 84.734184265 -47.276657104 48.093456268 -44.797119141 9.639080048 -97.317893982 28.116918564 -58.892429352 -23.315456390 -65.268234253 -55.288185120 -53.829864502 -70.789886475 -44.245113373 -87.906028748 -1.700969100 -84.989631653 21.920587540 -93.046684265 48.598285675 -44.055839539 47.330539703 -36.696376801 94.420951843 -46.357551575 1229.945678711 169.579284668 970.589660645 867.065734863 51.159656525 1417.418945312 -919.710876465 1107.849365234 -1222.972290039 -84.351173401 -1206.998291016 -818.719787598 200.687240601 -1371.465087891 982.958496094 -1099.777465820
87.896682739 4.460870266 76.015991211 16.968824387 89.254058838 60.178321838 31.575288773 73.524803162 48.596237183 89.192123413 -0.537459552 50.317054749 -8.814763069 49.534923553 -50.282142639 85.483261108 -47.513645172 48.869762421 -45.374420166 9.551251411 -97.502647400 28.901870728 -59.587528229 -23.524234772 -65.833259583 -55.306232452 -54.525821686 -70.948371887 -44.946922302 -88.045219421 -1.313253284 -85.835914612 22.285060883 -93.893096924 49.365718842 -44.594596863 48.098411560 -37.241966248 95.153549194 -46.907176971 1229.159912109 170.143402100 970.390747070 865.840759277 50.473560333 1416.648925781 -918.495544434 1107.700073242 -1221.849853516 -84.603103638 -1206.041381836 -817.699401855 201.051391602 -1370.649536133 982.629943848 -1098.921386719
88.661590576 4.871416092 76.795570374 17.366195679 89.915191650 60.369598389 31.284667969 74.380302429 49.284049988 89.345924377 -0.796432078 51.198310852 -9.065707207 50.419178009 -50.504043579 86.236152649 -47.732192993 49.649662018 -45.948993683 9.446981430 -97.669136047 29.689517975 -60.277797699 -23.732303619 -66.396621704 -55.340782166 -55.217041016 -71.105781555 -45.644054413 -88.183189392 -0.919730723 -86.684577942 22.655328751 -94.742034912 50.135768890 -45.136814117 48.868892670 -37.791023254 95.888710022 -47.460479736 1228.385253906 170.708755493 970.195251465 864.615051270 49.792518616 1415.888793945 -917.276000977 1107.583007812 -1220.741943359 -84.890724182 -1205.059326172 -816.707763672 201.391189575 -1369.838134766 982.270812988 -1098.091430664
89.425842285 5.292734146 77.574592590 17.774435043 90.578346252 60.545333862 30.983833313 75.237472534 49.973205566 89.484321594 -1.065722704 52.081481934 -9.326974869 51.305408478 -50.707950592 86.992561340 -47.932785034 50.432872772 -46.521144867 9.325760841 -97.817878723 30.479600906 -60.963191986 -23.941986084 -66.958656311 -55.392467499 -55.903583527 -71.264427185 -46.336616516 -88.322235107 -0.522090316 -87.536231995 23.029680252 -95.594085693 50.906974792 -45.684253693 49.640506744 -38.345294952 96.624923706 -48.019176483 1227.620117188 171.271621704 969.994934082 863.390197754 49.120800018 1415.135864258 -916.053649902 1107.496093750 -1219.649780273 -85.213516235 -1204.053466797 -815.746154785 201.701644897 -1369.029663086 981.881652832 -1097.287963867
90.189872742 5.723760128 78.353492737 18.192464828 91.243011475 60.706779480 30.674116135 76.096618652 50.663276672 89.608551025 -1.343976617 52.966823578 -9.597207069 52.193870544 -50.894424438 87.752220154 -48.115989685 51.219120026 -47.091156006 9.187211037 -97.949501038 31.271873474 -61.643711090 -24.155521393 -67.519660950 -55.461780548 -56.585559845 -71.426559448 -47.024768829 -88.464622498 -0.122127391 -88.391532898 23.406297684 -96.449867249 51.677951813 -46.238483429 50.411869049 -38.906349182 97.360755920 -48.584808350 1226.862915039 171.828216553 969.781127930 862.168029785 48.462802887 1414.387451172 -914.829528809 1107.437011719 -1218.574707031 -85.570892334 -1203.025268555 -814.815734863 201.977798462 -1368.223022461 981.463073730 -1096.510986328
90.954177856 6.163375854 79.132728577 18.619155884 91.908706665 60.855369568 30.356941223 76.958076477 51.353851318 89.720046997 -1.629742622 53.854633331 -9.874948502 53.084842682 -51.064083099 88.514862061 -48.282440186 52.008144379 -47.659294128 9.031077385 -98.064674377 32.066108704 -62.319393158 -24.375051498 -68.079887390 -55.549079895 -57.263095856 -71.594337463 -47.708690643 -88.612518311 0.278253466 -89.251159668 23.783246994 -97.310035706 52.447418213 -46.800891876 51.181686401 -39.475563049 98.094863892 -49.158729553 1226.111694336 172.374588013 969.544555664 860.950866699 47.823059082 1413.640747070 -913.604614258 1107.403564453 -1217.517944336 -85.962242126 -1201.976196289 -813.917663574 202.214965820 -1367.417602539 981.015502930 -1095.760131836
91.719253540 6.610401154 79.912796021 19.053306580 92.574920654 60.992786407 30.033823013 77.822219849 52.044540405 89.820449829 -1.921470642 54.745235443 -10.158642769 53.978645325 -51.217609406 89.280235291 -48.432811737 52.799701691 -48.225822449 8.857215881 -98.164108276 32.862110138 -62.990268707 -24.602615356 -68.639572144 -55.654605865 -57.936340332 -71.769836426 -48.388565063 -88.767982483 0.677049518 -90.115806580 24.158498764 -98.175247192 53.214149475 -47.372695923 51.948734283 -40.054157257 98.825996399 -49.742115021 1225.364746094 172.906692505 969.276550293 859.741699219 47.206249237 1412.892944336 -912.379394531 1107.393188477 -1216.480590820 -86.386940002 -1200.907714844 -813.052978516 202.412017822 -1366.613769531 980.539123535 -1095.035278320
92.485641479 7.063587666 80.694221497 19.493652344 93.241180420 61.120941162 29.706378937 78.689445496 52.734962463 89.911636353 -2.217507362 55.638988495 -10.446630478 54.875629425 -51.355716705 90.048118591 -48.567832947 53.593582153 -48.790985107 8.665584564 -98.248535156 33.659690857 -63.656375885 -24.840124130 -69.198936462 -55.778480530 -58.605400085 -71.954994202 -49.064552307 -88.932991028 1.072335005 -90.986106873 24.530097961 -99.046096802 53.976997375 -47.954944611 52.711856842 -40.643165588 99.552947998 -50.335975647 1224.620361328 173.420257568 968.972106934 858.543640137 46.617214203 1412.141235352 -911.154418945 1107.403564453 -1215.463745117 -86.844299316 -1199.821166992 -812.222656250 202.569366455 -1365.812377930 980.034057617 -1094.336059570
93.253898621 7.521612167 81.477539062 19.938850403 93.907035828 61.241928101 29.376325607 79.560203552 53.424808502 89.995628357 -2.516091108 56.536289215 -10.737139702 55.776172638 -51.479148865 90.818305969 -48.688255310 54.389583588 -49.355041504 8.456227303 -98.318733215 34.458705902 -64.317718506 -25.089353561 -69.758171082 -55.920726776 -59.270366669 -72.151657104 -49.736774445 -89.109390259 1.462333560 -91.862594604 24.896251678 -99.923095703 54.734863281 -48.548522949 53.469944000 -41.243476868 100.274589539 -50.941150665 1223.876586914 173.910812378 968.631835938 857.358886719 46.060905457 1411.383300781 -909.929992676 1107.431884766 -1214.468505859 -87.333633423 -1198.718261719 -811.427612305 202.687423706 -1365.013793945 979.500366211 -1093.661987305
94.024635315 7.983077049 82.263343811 20.387475967 94.572235107 61.357868195 29.045497894 80.434951782 54.113922119 90.074501038 -2.815341234 57.437557220 -11.028283119 56.680694580 -51.588680267 91.590629578 -48.794841766 55.187545776 -49.918224335 8.229267120 -98.375480652 35.259033203 -64.974304199 -25.351942062 -70.317474365 -56.081268311 -59.931304932 -72.361511230 -50.405330658 -89.298889160 1.845411658 -92.745719910 25.255308151 -100.806655884 55.486686707 -49.154178619 54.221946716 -41.855831146 100.989830017 -51.558345795 1223.131591797 174.373748779 968.256530762 856.189819336 45.542350769 1410.616455078 -908.706054688 1107.475585938 -1213.495727539 -87.854202271 -1197.600341797 -810.668640137 202.766632080 -1364.218383789 978.937927246 -1093.012817383
94.798477173 8.446494102 83.052268982 20.838020325 95.236595154 61.470905304 28.715854645 81.314186096 54.802261353 90.150329590 -3.113250256 58.343231201 -11.318040848 57.589622498 -51.685100555 92.364936829 -48.888385773 55.987327576 -50.480773926 7.984891415 -98.419563293 36.060585022 -65.626075745 -25.629364014 -70.877044678 -56.259963989 -60.588230133 -72.586112976 -51.070266724 -89.503067017 2.220059633 -93.635810852 25.605743408 -101.697074890 56.231449127 -49.772533417 54.966835022 -42.480842590 101.697624207 -52.188133240 1222.383789062 174.804275513 967.847106934 855.038818359 45.063659668 1409.840942383 -907.482727051 1107.531738281 -1212.546630859 -88.405265808 -1196.468872070 -809.946350098 202.807327271 -1363.426025391 978.346435547 -1092.388183594
95.576103210 8.910278320 83.844963074 21.288871765 95.900054932 61.583202362 28.389333725 82.198364258 55.489860535 90.225227356 -3.407834291 59.253723145 -11.604419708 58.503349304 -51.769210815 93.141120911 -48.969688416 56.788833618 -51.042938232 7.723343849 -98.451782227 36.863311768 -66.272987366 -25.922933578 -71.437065125 -56.456596375 -61.241123199 -72.826843262 -51.731590271 -89.723335266 2.584879398 -94.533081055 25.946149826 -102.594535828 56.968158722 -50.404079437 55.703617096 -43.119003296 102.396949768 -52.830959320 1221.631958008 175.197540283 967.404541016 853.908081055 44.624752045 1409.057373047 -906.259765625 1107.597167969 -1211.622070312 -88.985954285 -1195.325195312 -809.261352539 202.809814453 -1362.636718750 977.725646973 -1091.787841797
96.358215332 9.372731209 84.642105103 21.738306046 96.562553406 61.696903229 28.067747116 83.087898254 56.176792145 90.301277161 -3.697248459 60.169387817 -11.885565758 59.422218323 -51.841831207 93.919097900 -49.039566040 57.591995239 -51.604942322 7.444919586 -98.472930908 37.667190552 -66.914932251 -26.233798981 -71.997741699 -56.670898438 -61.889926910 -73.084922791 -52.389255524 -89.960968018 2.938578129 -95.437652588 26.275228500 -103.499130249 57.695854187 -51.049221039 56.431331635 -43.770706177 103.086822510 -53.487178802 1220.875610352 175.550247192 966.929931641 852.799804688 44.225372314 1408.266601562 -905.036987305 1107.668701172 -1210.721557617 -89.593460083 -1194.170532227 -808.614196777 202.774291992 -1361.850463867 977.075195312 -1091.211669922
97.145500183 9.832107544 85.444396973 22.184551239 97.224067688 61.814140320 27.752782822 83.983108521 56.863140106 90.380554199 -3.979773998 61.090488434 -12.159755707 60.346481323 -51.903793335 94.698822021 -49.098850250 58.396774292 -52.167026520 7.150031090 -98.483825684 38.472229004 -67.551811218 -26.562931061 -72.559265137 -56.902458191 -62.534545898 -73.361427307 -53.043186188 -90.217041016 3.279962301 -96.349548340 26.591783524 -104.410835266 58.413581848 -51.708255768 57.149024963 -44.436252594 103.766273499 -54.157051086 1220.116088867 175.862533569 966.424438477 851.715881348 43.865169525 1407.469238281 -903.814025879 1107.742553711 -1209.844482422 -90.225105286 -1193.006347656 -808.005187988 202.700851440 -1361.066894531 976.394714355 -1090.659667969
97.938621521 10.286763191 86.252456665 22.625944138 97.884574890 61.937000275 27.446008682 84.884231567 57.548984528 90.465103149 -4.253822803 62.017211914 -12.425393105 61.276306152 -51.955955505 95.480278015 -49.148387909 59.203166962 -52.729431152 6.839180470 -98.485290527 39.278469086 -68.183471680 -26.911140442 -73.121826172 -57.150772095 -63.174846649 -73.657226562 -53.693252563 -90.492485046 3.607924700 -97.268707275 26.894704819 -105.329566956 59.120414734 -52.381416321 57.855770111 -45.115867615 104.434356689 -54.840747833 1219.354248047 176.134689331 965.889343262 850.658447266 43.543712616 1406.665283203 -902.590759277 1107.814697266 -1208.989990234 -90.878265381 -1191.833740234 -807.434692383 202.589492798 -1360.285888672 975.683715820 -1090.131958008
98.738136292 10.735149384 87.066848755 23.060918808 98.544044495 62.067527771 27.148874283 85.791397095 58.234405518 90.556930542 -4.517933369 62.949657440 -12.681016922 62.211784363 -51.999202728 96.263481140 -49.189060211 60.011203766 -53.292377472 6.512941360 -98.478157043 40.085983276 -68.809768677 -27.279069901 -73.685638428 -57.415256500 -63.810676575 -73.973045349 -54.339305878 -90.788055420 3.921433449 -98.194999695 27.182964325 -106.255165100 59.815437317 -53.068855286 58.550655365 -45.809700012 105.090148926 -55.538372040 1218.590698242 176.367080688 965.325927734 849.629150391 43.260578156 1405.854736328 -901.367065430 1107.880859375 -1208.157226562 -91.550460815 -1190.653930664 -806.902893066 202.440093994 -1359.507202148 974.941894531 -1089.628540039
99.544517517 11.175817490 87.888015747 23.488012314 99.202407837 62.207702637 26.862709045 86.704681396 58.919445038 90.658004761 -4.770766735 63.887844086 -12.925284386 63.152923584 -52.034458160 97.048477173 -49.221786499 60.820941925 -53.856090546 6.171941757 -98.463317871 40.894882202 -69.430526733 -27.667207718 -74.250877380 -57.695266724 -64.441856384 -74.309448242 -54.981151581 -91.104339600 4.219523430 -99.128211975 27.455598831 -107.187385559 60.497745514 -53.770656586 59.232776642 -46.517837524 105.732734680 -56.249973297 1217.825927734 176.560134888 964.735412598 848.629577637 43.015373230 1405.037597656 -900.143005371 1107.936035156 -1207.345214844 -92.239273071 -1189.467773438 -806.409973145 202.252426147 -1358.730834961 974.168762207 -1089.149902344
100.358139038 11.607414246 88.716331482 23.905857086 99.859565735 62.359416962 26.588739395 87.624046326 59.604106903 90.770202637 -5.011095524 64.831710815 -13.156967163 64.099655151 -52.062721252 97.835342407 -49.247550964 61.632480621 -54.420780182 5.816849709 -98.441696167 41.705310822 -70.045562744 -28.075899124 -74.817741394 -57.990119934 -65.068176270 -74.666847229 -55.618583679 -91.441787720 4.501284599 -100.068069458 27.711708069 -108.125930786 61.166442871 -54.486846924 59.901241302 -47.240303040 106.361213684 -56.975517273 1217.060058594 176.714263916 964.119079590 847.660949707 42.807769775 1404.213500977 -898.919128418 1107.974975586 -1206.552490234 -92.942375183 -1188.276489258 -805.956115723 202.026184082 -1357.956665039 973.364074707 -1088.696411133
101.179290771 12.028675079 89.552040100 24.313184738 100.515342712 62.524448395 26.328094482 88.549407959 60.288314819 90.895294189 -5.237792969 65.781112671 -13.374939919 65.051826477 -52.085063934 98.624198914 -49.267425537 62.445949554 -54.986640930 5.448364258 -98.414299011 42.517444611 -70.654693604 -28.505361557 -75.386405945 -58.299087524 -65.689437866 -75.045516968 -56.251377106 -91.800704956 4.765855312 -101.014251709 27.950439453 -109.070442200 61.820640564 -55.217388153 60.555164337 -47.977054596 106.974693298 -57.714923859 1216.293090820 176.829849243 963.478149414 846.724548340 42.637531281 1403.382202148 -897.696533203 1107.992309570 -1205.777832031 -93.657516479 -1187.080932617 -805.541259766 201.761001587 -1357.184570312 972.527526855 -1088.268554688
102.008132935 12.438423157 90.395301819 24.708808899 101.169509888 62.704448700 26.081811905 89.480575562 60.971908569 91.034965515 -5.449822426 66.735855103 -13.578165054 66.009223938 -52.102672577 99.415176392 -49.282577515 63.261501312 -55.553855896 5.067205429 -98.382232666 43.331493378 -71.257713318 -28.955686569 -75.957023621 -58.621433258 -66.305397034 -75.445602417 -56.879291534 -92.181259155 5.012417793 -101.966362000 28.170986176 -110.020500183 62.459461212 -55.962188721 61.193668365 -48.728000641 107.572303772 -58.468048096 1215.525146484 176.907180786 962.813903809 845.821350098 42.504520416 1402.543334961 -896.476867676 1107.982421875 -1205.019653320 -94.382476807 -1185.881958008 -805.165466309 201.456436157 -1356.414916992 971.658935547 -1087.867065430
102.844749451 12.835556984 91.246170044 25.091629028 101.821739197 62.900939941 25.850862503 90.417327881 61.654651642 91.190757751 -5.646226406 67.695655823 -13.765688896 66.971557617 -52.116870880 100.208427429 -49.294322968 64.079315186 -56.122589111 4.674111843 -98.346733093 44.147697449 -71.854423523 -29.426864624 -76.529747009 -58.956382751 -66.915840149 -75.867141724 -57.502067566 -92.583526611 5.240192413 -102.923973083 28.372579575 -110.975662231 63.082035065 -56.721092224 61.815891266 -49.492980957 108.153182983 -59.234680176 1214.755859375 176.946426392 962.127441406 844.952087402 42.408721924 1401.696411133 -895.262268066 1107.940551758 -1204.276611328 -95.115081787 -1184.680419922 -804.828674316 201.111999512 -1355.647705078 970.758361816 -1087.492553711
103.689117432 13.219046593 92.104614258 25.460615158 102.471656799 63.115268707 25.636142731 91.359344482 62.336238861 91.364082336 -5.826119900 68.660186768 -13.936629295 67.938507080 -52.129062653 101.004058838 -49.304054260 64.899513245 -56.692993164 4.269832134 -98.309097290 44.966232300 -72.444610596 -29.918785095 -77.104721069 -59.303165436 -67.520507812 -76.310073853 -58.119453430 -93.007446289 5.448435783 -103.886596680 28.554494858 -111.935394287 63.687515259 -57.493885040 62.420986176 -50.271789551 108.716491699 -60.014564514 1213.985229492 176.947723389 961.419860840 844.117431641 42.350219727 1400.841186523 -894.054870605 1107.862060547 -1203.546997070 -95.853157043 -1183.477172852 -804.530883789 200.727188110 -1354.883422852 969.825744629 -1087.145996094
104.541137695 13.587925911 92.970520020 25.814800262 103.118820190 63.348625183 25.438497543 92.306266785 63.016269684 91.556182861 -5.988676071 69.629074097 -14.090163231 68.909667969 -52.140754700 101.802101135 -49.313266754 65.722145081 -57.265220642 3.855125666 -98.270736694 45.787216187 -73.028068542 -30.431255341 -77.682060242 -59.660987854 -68.119163513 -76.774246216 -58.731178284 -93.452896118 5.636438847 -104.853698730 28.716039658 -112.899162292 64.275070190 -58.280288696 63.008121490 -51.064140320 109.261421204 -60.807373047 1213.212890625 176.911010742 960.692321777 843.317932129 42.329212189 1399.977172852 -892.857238770 1107.746093750 -1202.828857422 -96.594490051 -1182.272827148 -804.272033691 200.301528931 -1354.122436523 968.861572266 -1086.828247070
105.400634766 13.941278458 93.843696594 26.153276443 103.762733459 63.602016449 25.258716583 93.257690430 63.694286346 91.768135071 -6.133121014 70.601867676 -14.225519180 69.884605408 -52.153484344 102.602561951 -49.323482513 66.547241211 -57.839401245 3.430757761 -98.233093262 46.610744476 -73.604583740 -30.964004517 -78.261901855 -60.029052734 -68.711563110 -77.259414673 -59.336975098 -93.919654846 5.803527355 -105.824707031 28.856559753 -113.866363525 64.843879700 -59.079967499 63.576496124 -51.869705200 109.787170410 -61.612720490 1212.438842773 176.836166382 959.945678711 842.554016113 42.346000671 1399.104248047 -891.671569824 1107.593139648 -1202.120361328 -97.336807251 -1181.068237305 -804.051940918 199.834564209 -1353.365478516 967.866210938 -1086.540161133
106.267356873 14.278237343 94.723876953 26.475181580 104.402862549 63.876274109 25.097551346 94.213134766 64.369781494 92.000854492 -6.258724213 71.578094482 -14.341974258 70.862815857 -52.168796539 103.405456543 -49.336235046 67.374839783 -58.415664673 2.997500420 -98.197608948 47.436920166 -74.173934937 -31.516693115 -78.844337463 -60.406547546 -69.297454834 -77.765274048 -59.936573029 -94.407424927 5.949064732 -106.799003601 28.975442886 -114.836364746 65.393188477 -59.892520905 64.125343323 -52.688076019 110.293006897 -62.430160522 1211.662963867 176.722976685 959.180969238 841.825866699 42.400974274 1398.222045898 -890.500244141 1107.403564453 -1201.419433594 -98.077728271 -1179.864013672 -803.870544434 199.325881958 -1352.613281250 966.840454102 -1086.282836914
107.141006470 14.597972870 95.610748291 26.779693604 105.038619995 64.172050476 24.955718994 95.172103882 65.042190552 92.255104065 -6.364793301 72.557228088 -14.438839912 71.843780518 -52.188251495 104.210800171 -49.353080750 68.204971313 -58.994148254 2.556135178 -98.165779114 48.265842438 -74.735908508 -32.088928223 -79.429496765 -60.792648315 -69.876594543 -78.291458130 -60.529705048 -94.915863037 6.072455883 -107.775932312 29.072116852 -115.808479309 65.922256470 -60.717475891 64.653930664 -53.518787384 110.778236389 -63.259189606 1210.885131836 176.571105957 958.398925781 841.133789062 42.494606018 1397.330444336 -889.345520020 1107.178344727 -1200.723876953 -98.814704895 -1178.660766602 -803.727783203 198.775192261 -1351.866821289 965.785644531 -1086.057495117
108.021202087 14.899687767 96.503913879 27.066026688 105.669425964 64.489845276 24.833900452 96.134025574 65.710922241 92.531440735 -6.450669765 73.538681030 -14.515464783 72.826904297 -52.213436127 105.018592834 -49.375579834 69.037651062 -59.574977875 2.107456923 -98.139083862 49.097595215 -75.290298462 -32.680267334 -80.017478943 -61.186511993 -70.448722839 -78.837554932 -61.116100311 -95.444549561 6.173152924 -108.754798889 29.146062851 -116.782005310 66.430435181 -61.554309845 65.161621094 -54.361316681 111.242240906 -64.099235535 1210.105346680 176.380142212 957.600463867 840.477905273 42.627441406 1396.429565430 -888.209716797 1106.917968750 -1200.031127930 -99.544937134 -1177.459472656 -803.623535156 198.182312012 -1351.127197266 964.703857422 -1085.865112305
108.907524109 15.182614326 97.402938843 27.333419800 106.294670105 64.829978943 24.732751846 97.098281860 66.375350952 92.830314636 -6.515725613 74.521842957 -14.571227074 73.811569214 -52.245941162 105.828819275 -49.405311584 69.872886658 -60.158306122 1.652278185 -98.119041443 49.932258606 -75.836891174 -33.290222168 -80.608413696 -61.587272644 -71.013610840 -79.403083801 -61.695491791 -95.993041992 6.250662804 -109.734855652 29.196815491 -117.756179810 66.917167664 -62.402427673 65.647857666 -55.215068817 111.684516907 -64.949684143 1209.323852539 176.149627686 956.786254883 839.858276367 42.800067902 1395.519165039 -887.095031738 1106.623535156 -1199.338500977 -100.265335083 -1176.260498047 -803.557617188 197.547210693 -1350.395629883 963.597106934 -1085.707031250
109.799484253 15.446009636 98.307334900 27.581146240 106.913742065 65.192634583 24.652902603 98.064224243 67.034828186 93.151992798 -6.559362888 75.506034851 -14.605536461 74.797088623 -52.287364960 106.641448975 -49.443859100 70.710655212 -60.744297028 1.191441059 -98.107185364 50.769886017 -76.375488281 -33.918266296 -81.202445984 -61.994029999 -71.571022034 -79.987556458 -62.267623901 -96.560829163 6.304557323 -110.715347290 29.223978043 -118.730239868 67.382019043 -63.261203766 66.112213135 -56.079418182 112.104675293 -65.809875488 1208.540771484 175.879028320 955.957031250 839.274963379 43.013111115 1394.599731445 -886.003662109 1106.295898438 -1198.643188477 -100.972373962 -1175.064575195 -803.529907227 196.870025635 -1349.673583984 962.467773438 -1085.582275391
110.696548462 15.689158440 99.216560364 27.808502197 107.526016235 65.577873230 24.594947815 99.031127930 67.688705444 93.496612549 -6.581016541 76.490531921 -14.617835999 75.782737732 -52.339313507 107.456405640 -49.492813110 71.550910950 -61.333145142 0.725827575 -98.105072021 51.610511780 -76.905906677 -34.563850403 -81.799736023 -62.405830383 -72.120719910 -80.590415955 -62.832244873 -97.147384644 6.334478855 -111.695472717 29.227228165 -119.703384399 67.824707031 -64.129920959 66.554397583 -56.953659058 112.502471924 -66.679084778 1207.756469727 175.567810059 955.113342285 838.727966309 43.267204285 1393.671386719 -884.937744141 1105.936279297 -1197.941894531 -101.662033081 -1173.872558594 -803.539489746 196.151138306 -1348.962524414 961.318237305 -1085.488281250
111.598152161 15.911366463 100.130035400 28.014808655 108.130897522 65.985610962 24.559446335 99.998237610 68.336334229 93.864204407 -6.580156803 77.474571228 -14.607604980 76.767745972 -52.403385162 108.273590088 -49.553760529 72.393569946 -61.925071716 0.256375879 -98.114242554 52.454135895 -77.427978516 -35.226371765 -82.400482178 -62.821655273 -72.662513733 -81.211082458 -63.389144897 -97.752128601 6.340152264 -112.674430847 29.206323624 -120.674797058 68.245109558 -65.007797241 66.974304199 -57.836997986 112.877845764 -67.556526184 1206.971435547 175.215393066 954.255859375 838.217285156 43.562969208 1392.734863281 -883.899353027 1105.545776367 -1197.231201172 -102.329658508 -1172.684814453 -803.582458496 195.391647339 -1348.264892578 960.150512695 -1085.422363281
112.503654480 16.111965179 101.047111511 28.199415207 108.727783203 66.415695190 24.546926498 100.964744568 68.977066040 94.254661560 -6.556294441 78.457359314 -14.574363708 77.751304626 -52.481163025 109.092872620 -49.628265381 73.238517761 -62.520362854 -0.215895504 -98.136245728 53.300724030 -77.941642761 -35.905124664 -83.004943848 -63.240386963 -73.196311951 -81.848838806 -63.938201904 -98.374351501 6.321422577 -113.651420593 29.161144257 -121.643684387 68.643272400 -65.893974304 67.371971130 -58.728595734 113.230888367 -68.441345215 1206.186279297 174.821273804 953.385131836 837.742919922 43.900993347 1391.790649414 -882.890625000 1105.125854492 -1196.507446289 -102.969917297 -1171.501586914 -803.654907227 194.594009399 -1347.581298828 958.966430664 -1085.381713867
113.412399292 16.290317535 101.967132568 28.361696243 109.316108704 66.867843628 24.557865143 101.929801941 69.610260010 94.667808533 -6.508987904 79.438026428 -14.517679214 78.732559204 -52.574211121 109.914100647 -49.717876434 74.085617065 -63.119354248 -0.689857543 -98.172630310 54.150222778 -78.446937561 -36.599315643 -83.613410950 -63.660789490 -73.722099304 -82.502899170 -64.479393005 -99.013237000 6.278311729 -114.625671387 29.091745377 -122.609268188 69.019363403 -66.787582397 67.747573853 -59.627571106 113.561813354 -69.332664490 1205.401733398 174.384918213 952.501647949 837.304931641 44.281791687 1390.839721680 -881.913513184 1104.677978516 -1195.766845703 -103.576789856 -1170.322998047 -803.752502441 193.761489868 -1346.911499023 957.767639160 -1085.363281250
114.323654175 16.445817947 102.889358521 28.501070023 109.895317078 67.341712952 24.592685699 102.892509460 70.235305786 95.103355408 -6.437847614 80.415702820 -14.437175751 79.710632324 -52.684043884 110.737037659 -49.824100494 74.934661865 -63.722457886 -1.164239764 -98.224899292 55.002517700 -78.943969727 -37.308094025 -84.226257324 -64.081459045 -74.239967346 -83.172370911 -65.012786865 -99.667922974 6.211045742 -115.596405029 28.998386383 -123.570808411 69.373672485 -67.687698364 68.101409912 -60.533008575 113.870941162 -70.229614258 1204.618652344 173.905944824 951.605957031 836.903320312 44.705787659 1389.883178711 -880.969787598 1104.203491211 -1195.009521484 -104.148300171 -1169.148681641 -803.870849609 192.897262573 -1346.254394531 956.555664062 -1085.364013672
115.236686707 16.577903748 103.813049316 28.616991043 110.464874268 67.836898804 24.651756287 103.851951599 70.851600647 95.560958862 -6.342548370 81.389465332 -14.332536697 80.684600830 -52.812122345 111.561431885 -49.948379517 75.785400391 -64.330108643 -1.637752652 -98.294540405 55.857429504 -79.432929993 -38.030551910 -84.843864441 -64.500984192 -74.750068665 -83.856338501 -65.538513184 -100.337448120 6.120021343 -116.562896729 28.881488800 -124.527565002 69.706588745 -68.593399048 68.433868408 -61.444000244 114.158699036 -71.131271362 1203.838256836 173.384017944 950.698608398 836.538085938 45.173133850 1388.922607422 -880.060180664 1103.703613281 -1194.236450195 -104.684112549 -1167.978027344 -804.005310059 192.004394531 -1345.609130859 955.331726074 -1085.380615234
116.150680542 16.686061859 104.737403870 28.708965302 111.024269104 68.352928162 24.735357285 104.807189941 71.458572388 96.040206909 -6.222846031 82.358398438 -14.203530312 81.653541565 -52.959758759 112.386878967 -50.092025757 76.637451172 -64.942726135 -2.109138250 -98.382881165 56.714668274 -79.914093018 -38.765758514 -85.466606140 -64.917968750 -75.252639771 -84.553817749 -66.056808472 -101.020835876 6.005782604 -117.524429321 28.741619110 -125.478874207 70.018585205 -69.503761292 68.745429993 -62.359611511 114.425598145 -72.036758423 1203.061767578 172.818984985 949.780090332 836.209350586 45.683547974 1387.960327148 -879.185180664 1103.179443359 -1193.448242188 -105.184135437 -1166.810546875 -804.150695801 191.085800171 -1344.974487305 954.097045898 -1085.409423828
117.064834595 16.769838333 105.661598206 28.776559830 111.573020935 68.889266968 24.843667984 105.757308960 72.055679321 96.540634155 -6.078602791 83.321586609 -14.050031662 82.616554260 -53.128105164 113.212913513 -50.256191254 77.490364075 -65.560707092 -2.577179193 -98.491142273 57.573833466 -80.387794495 -39.512744904 -86.094810486 -65.331077576 -75.748001099 -85.263816833 -66.567970276 -101.717048645 5.868994236 -118.480339050 28.579460144 -126.424072266 70.310234070 -70.417869568 69.036651611 -63.278930664 114.672225952 -72.945167542 1202.290527344 172.210830688 948.850891113 835.917175293 46.236629486 1386.998779297 -878.345092773 1102.631958008 -1192.645385742 -105.648437500 -1165.645141602 -804.301452637 190.144393921 -1344.348876953 952.852783203 -1085.446899414
117.978279114 16.828849792 106.584777832 28.819412231 112.110687256 69.445381165 24.976757050 106.701408386 72.642387390 97.061721802 -5.909787178 84.278160095 -13.872019768 83.572761536 -53.318153381 114.038955688 -50.441871643 78.343589783 -66.184394836 -3.040701151 -98.620376587 58.434432983 -80.854469299 -40.270523071 -86.728775024 -65.739036560 -76.236557007 -85.985275269 -67.072402954 -102.425033569 5.710423946 -119.429992676 28.395795822 -127.362564087 70.582145691 -71.334785461 69.308158875 -64.201034546 114.899208069 -73.855621338 1201.526489258 171.559890747 947.911621094 835.661621094 46.831855774 1386.040283203 -877.540100098 1102.061889648 -1191.828125000 -106.077148438 -1164.480712891 -804.451293945 189.182983398 -1343.730834961 951.599792480 -1085.488769531
118.890159607 16.862796783 107.506088257 28.837244034 112.636833191 70.020652771 25.134592056 107.638626099 73.218208313 97.602920532 -5.716472149 85.227272034 -13.669579506 84.521331787 -53.530738831 114.864387512 -50.649902344 79.196495056 -66.814071655 -3.498574018 -98.771514893 59.295898438 -81.314628601 -41.038070679 -87.368705750 -66.140609741 -76.718803406 -86.717124939 -67.570579529 -103.143676758 5.530925274 -120.372817993 28.191486359 -128.293792725 70.835021973 -72.253593445 69.560661316 -65.125000000 115.107269287 -74.767242432 1200.771850586 170.867065430 946.962768555 835.442871094 47.468597412 1385.086791992 -876.770202637 1101.470092773 -1190.996704102 -106.470436096 -1163.316040039 -804.593078613 188.204406738 -1343.118408203 950.339172363 -1085.530517578
119.799636841 16.871498108 108.424690247 28.829893112 113.151062012 70.614479065 25.317037582 108.568153381 73.782669067 98.163650513 -5.498829842 86.168136597 -13.442894936 85.461471558 -53.766517639 115.688499451 -50.880966187 80.048400879 -67.449951172 -3.949708700 -98.945297241 60.157581329 -81.768890381 -41.814338684 -88.014755249 -66.534606934 -77.195343018 -87.458244324 -68.063110352 -103.871833801 5.331426144 -121.308258057 27.967470169 -129.217239380 71.069618225 -73.173370361 69.794898987 -66.049926758 115.297164917 -75.679138184 1200.029052734 170.133438110 946.004882812 835.261108398 48.146118164 1384.140869141 -876.035400391 1100.857299805 -1190.151000977 -106.828414917 -1162.149780273 -804.718750000 187.211486816 -1342.509399414 949.071777344 -1085.567138672
120.705886841 16.854885101 109.339767456 28.797317505 113.653015137 71.226219177 25.523862839 109.489212036 74.335350037 98.743309021 -5.257127762 87.100006104 -13.192244530 86.392448425 -54.026008606 116.510559082 -51.135593414 80.898574829 -68.092193604 -4.393048286 -99.142364502 61.018779755 -82.218009949 -42.598209381 -88.666992188 -66.919898987 -77.666908264 -88.207443237 -68.550727844 -104.608261108 5.112917423 -122.235816956 27.724737167 -130.132415771 71.286750793 -74.093200684 70.011703491 -66.974876404 115.469726562 -76.590446472 1199.300048828 169.360153198 945.038757324 835.115478516 48.862621307 1383.203613281 -875.335510254 1100.224243164 -1189.291015625 -107.151138306 -1160.980834961 -804.819152832 186.207183838 -1341.901367188 947.798706055 -1085.593139648
121.608139038 16.813009262 110.250556946 28.739582062 114.142387390 71.855186462 25.754705429 110.401092529 74.875862122 99.341232300 -4.991760731 88.022193909 -12.918033600 87.313591003 -54.309574127 117.329780579 -51.414161682 81.746253967 -68.740875244 -4.827563286 -99.363182068 61.878746033 -82.662887573 -43.388500214 -89.325401306 -67.295364380 -78.134399414 -88.963439941 -69.034339905 -105.351654053 4.876450539 -123.155021667 27.464342117 -131.038894653 71.487327576 -75.012130737 70.211967468 -67.898918152 115.625831604 -77.500251770 1198.585205078 168.550308228 944.065368652 835.002685547 49.614250183 1382.274780273 -874.670410156 1099.571411133 -1188.416992188 -107.438575745 -1159.808349609 -804.884094238 185.194564819 -1341.291503906 946.520996094 -1085.601928711
122.505638123 16.746110916 111.156311035 28.656951904 114.618980408 72.500595093 26.008998871 111.303138733 75.403953552 99.956649780 -4.703317642 88.934082031 -12.620858192 88.224266052 -54.617435455 118.145370483 -51.716922760 82.590644836 -69.396003723 -5.252250195 -99.608093262 62.736701965 -83.104614258 -44.183917999 -89.989921570 -67.659950256 -78.598922729 -89.724845886 -69.515037537 -106.100555420 4.623133659 -124.065422058 27.187387466 -131.936248779 71.672309875 -75.929191589 70.396675110 -68.821083069 115.766448975 -78.407653809 1197.883544922 167.707351685 943.085449219 834.919189453 50.397178650 1381.353637695 -874.039794922 1098.899169922 -1187.528930664 -107.690635681 -1158.632202148 -804.911132812 184.176895142 -1340.676757812 945.240112305 -1085.586425781
123.397651672 16.654628754 112.056312561 28.549877167 115.082717896 73.161590576 26.286012650 112.194755554 75.919487000 100.588699341 -4.392548084 89.835105896 -12.301473618 89.123947144 -54.949699402 118.956512451 -52.044006348 83.430938721 -70.057540894 -5.666121960 -99.877311707 63.591831207 -83.544296265 -44.983226776 -90.660415649 -68.012611389 -79.061569214 -90.490303040 -69.993942261 -106.853576660 4.354134083 -124.966613770 26.895030975 -132.824111938 71.842773438 -76.843376160 70.566886902 -69.740371704 115.892639160 -79.311676025 1197.194213867 166.834625244 942.099365234 834.861145020 51.207580566 1380.439086914 -873.443603516 1098.208007812 -1186.626831055 -107.907142639 -1157.452514648 -804.900268555 183.157806396 -1340.053344727 943.957946777 -1085.538696289
124.283470154 16.539159775 112.949867249 28.418968201 115.533615112 73.837242126 26.584877014 113.075416565 76.422416687 101.236434937 -4.060334206 90.724777222 -11.960766792 90.012138367 -55.306350708 119.762397766 -52.395427704 84.266311646 -70.725372314 -6.068210602 -100.170959473 64.443321228 -83.982963562 -45.785274506 -91.336669922 -68.352325439 -79.523376465 -91.258575439 -70.472076416 -107.609428406 4.070686340 -125.858215332 26.588497162 -133.702102661 71.999923706 -77.753601074 70.723815918 -70.655700684 116.005554199 -80.211303711 1196.515869141 165.935379028 941.107421875 834.824401855 52.041603088 1379.529663086 -872.881469727 1097.498168945 -1185.711059570 -108.087867737 -1156.269287109 -804.851379395 182.141326904 -1339.417236328 942.676757812 -1085.452880859
125.162445068 16.400434494 113.836326599 28.264966965 115.971771240 74.526588440 26.904603958 113.944648743 76.912796021 101.898872375 -3.707671404 91.602668762 -11.599734306 90.888435364 -55.687282562 120.562194824 -52.771102905 85.095962524 -71.399345398 -6.457561970 -100.489044189 65.290344238 -84.421562195 -46.588973999 -92.018417358 -68.678123474 -79.985290527 -92.028480530 -70.950401306 -108.366867065 3.774105310 -126.739868164 26.269083023 -134.569900513 72.145050049 -78.658775330 70.868759155 -71.565986633 116.106483459 -81.105499268 1195.846679688 165.012847900 940.109436035 834.804565430 52.895298004 1378.623657227 -872.353332520 1096.770141602 -1184.781738281 -108.232521057 -1155.082397461 -804.764282227 181.132156372 -1338.763671875 941.398742676 -1085.329345703
126.033943176 16.239297867 114.715095520 28.088727951 116.397369385 75.228622437 27.244104385 114.802047729 77.390762329 102.574966431 -3.335648537 92.468421936 -11.219468117 91.752471924 -56.092296600 121.355117798 -53.170871735 85.919075012 -72.079223633 -6.833235741 -100.831474304 66.132072449 -84.860961914 -47.393280029 -92.705337524 -68.989028931 -80.448181152 -92.798873901 -71.429786682 -109.124725342 3.465806723 -127.611236572 25.938182831 -135.427200317 72.279495239 -79.557937622 71.003051758 -72.470275879 116.196716309 -81.993362427 1195.185058594 164.070220947 939.105224609 834.796630859 53.764553070 1377.718872070 -871.859008789 1096.023803711 -1183.839233398 -108.340774536 -1153.892089844 -804.638854980 180.135726929 -1338.087280273 940.125488281 -1085.167968750
126.897377014 16.056697845 115.585594177 27.891199112 116.810661316 75.942314148 27.602199554 115.647270203 77.856536865 103.263648987 -2.945440531 93.321716309 -10.821141243 92.603958130 -56.521118164 122.140357971 -53.594490051 86.734863281 -72.764732361 -7.194302559 -101.198097229 66.967681885 -85.301986694 -48.197177887 -93.397033691 -69.284118652 -80.912857056 -93.568656921 -71.911033630 -109.881858826 3.147333860 -128.472076416 25.597314835 -136.273773193 72.404602051 -80.450279236 71.128028870 -73.367744446 116.277572632 -82.874122620 1194.528442383 163.110748291 938.094299316 834.794921875 54.644992828 1376.812622070 -871.398315430 1095.259643555 -1182.883911133 -108.412239075 -1152.698730469 -804.474853516 179.158050537 -1337.382446289 938.858398438 -1084.969116211
127.752204895 15.853657722 116.447296143 27.673412323 117.211982727 76.666595459 27.977626801 116.480010986 78.310432434 103.963790894 -2.538300991 94.162307739 -10.406004906 93.442642212 -56.973419189 122.917144775 -54.041656494 87.542549133 -73.455520630 -7.539844990 -101.588691711 67.796363831 -85.745368958 -48.999664307 -94.093055725 -69.562477112 -81.380043030 -94.336746216 -72.394874573 -110.637123108 2.820376873 -129.322204590 25.248136520 -137.109481812 72.521736145 -81.335128784 71.245079041 -74.257743835 116.350395203 -83.747184753 1193.874511719 162.137771606 937.076049805 834.793212891 55.531860352 1375.902099609 -870.971252441 1094.477539062 -1181.916137695 -108.446525574 -1151.502685547 -804.272094727 178.202911377 -1336.647094727 937.598449707 -1084.732788086
128.597915649 15.631282806 117.299720764 27.436470032 117.601737976 77.400367737 28.369041443 117.300025940 78.752838135 104.674232483 -2.115563393 94.989982605 -9.975390434 94.268333435 -57.448810577 123.684707642 -54.512020111 88.341354370 -74.151191711 -7.868958950 -102.002967834 68.617324829 -86.191825867 -49.799755096 -94.792884827 -69.823219299 -81.850440979 -95.102058411 -72.881996155 -111.389427185 2.486664295 -130.161575317 24.892337799 -137.934249878 72.632278442 -82.211990356 71.355575562 -75.139762878 116.416519165 -84.612091064 1193.219848633 161.154815674 936.049865723 834.784057617 56.419868469 1374.983398438 -870.577758789 1093.677612305 -1180.936523438 -108.443206787 -1150.304687500 -804.030456543 177.271575928 -1335.881958008 936.346557617 -1084.459472656
129.434036255 15.390747070 118.142395020 27.181549072 117.980430603 78.142456055 28.775001526 118.107116699 79.184257507 105.393722534 -1.678647757 95.804580688 -9.530710220 95.080871582 -57.946865082 124.442321777 -55.005180359 89.130538940 -74.851264954 -8.180757523 -102.440605164 69.429771423 -86.642013550 -50.596458435 -95.495941162 -70.065490723 -82.324684143 -95.863533020 -73.373031616 -112.137672424 2.147852182 -130.990234375 24.531543732 -138.748229980 72.737609863 -83.080482483 71.460884094 -76.013450623 116.477310181 -85.468528748 1192.561157227 160.165924072 935.015136719 834.759033203 57.302967072 1374.052490234 -870.217956543 1092.860107422 -1179.945800781 -108.401840210 -1149.105224609 -803.749816895 176.365081787 -1335.088012695 935.103393555 -1084.149047852
130.260147095 15.133308411 118.974929810 26.909902573 118.348686218 78.891639709 29.193962097 118.901123047 79.605308533 106.120956421 -1.229077578 96.605987549 -9.073481560 95.880165100 -58.467113495 125.189254761 -55.520709991 89.909378052 -75.555221558 -8.474375725 -102.901237488 70.232940674 -87.096542358 -51.388793945 -96.201599121 -70.288482666 -82.803367615 -96.620132446 -73.868560791 -112.880767822 1.805518389 -131.808441162 24.167291641 -139.551620483 72.839103699 -83.940383911 71.562393188 -76.878562927 116.534095764 -86.316307068 1191.894409180 159.175628662 933.971740723 834.708496094 58.173988342 1373.104980469 -869.891845703 1092.024780273 -1178.944458008 -108.321998596 -1147.905395508 -803.429992676 175.484237671 -1334.266113281 933.869750977 -1083.801879883
131.075897217 14.860321045 119.796989441 26.622877121 118.707252502 79.646575928 29.624242783 119.682029724 80.016784668 106.854499817 -0.768503845 97.394218445 -8.605347633 96.666229248 -59.009071350 125.924804688 -56.058143616 90.677162170 -76.262474060 -8.748975754 -103.384445190 71.026077271 -87.555992126 -52.175773621 -96.909164429 -70.491424561 -83.287040710 -97.370788574 -74.369125366 -113.617645264 1.461165667 -132.616561890 23.801050186 -140.344848633 72.938133240 -84.791572571 71.661476135 -77.734992981 116.588226318 -87.155357361 1191.214843750 158.188919067 932.920227051 834.622253418 59.024917603 1372.135864258 -869.599609375 1091.171875000 -1177.933471680 -108.203269958 -1146.705932617 -803.070983887 174.629791260 -1333.416870117 932.646545410 -1083.418090820
131.881027222 14.573239326 120.608337402 26.321924210 119.057098389 80.405838013 30.064008713 120.449958801 80.419677734 107.592781067 -0.298723161 98.169448853 -8.128091812 97.439247131 -59.572212219 126.648284912 -56.616992950 91.433181763 -76.972389221 -9.003753662 -103.889816284 71.808441162 -88.020889282 -52.956394196 -97.617912292 -70.673583984 -83.776206970 -98.114440918 -74.875205994 -114.347198486 1.116225958 -133.415069580 23.434213638 -141.128433228 73.036079407 -85.633995056 71.759498596 -78.582695007 116.641036987 -87.985694885 1190.516845703 157.211410522 931.861328125 834.497314453 59.848003387 1371.140869141 -869.341491699 1090.301269531 -1176.913940430 -108.045249939 -1145.507812500 -802.672668457 173.802459717 -1332.540893555 931.434570312 -1082.998046875
132.675369263 14.273643494 121.408828735 26.008607864 119.399208069 81.167999268 30.511295319 121.205207825 80.815002441 108.334274292 0.178341120 98.932006836 -7.643624306 98.199554443 -60.156002045 127.359016418 -57.196758270 92.176773071 -77.684280396 -9.237945557 -104.416885376 72.579307556 -88.491722107 -53.729663849 -98.327056885 -70.834289551 -84.271308899 -98.850036621 -75.387245178 -115.068374634 0.772067547 -134.204589844 23.068115234 -141.902969360 73.134307861 -86.467697144 71.857833862 -79.421699524 116.693878174 -88.807388306 1189.794067383 156.249481201 930.795898438 834.333312988 60.642017365 1370.121337891 -869.117858887 1089.412963867 -1175.886840820 -107.847610474 -1144.312011719 -802.235107422 173.002990723 -1331.639160156 930.235046387 -1082.542114258
133.458862305 13.963253021 122.198410034 25.684633255 119.734512329 81.931724548 30.964260101 121.948226929 81.203720093 109.077514648 0.660888255 99.682380676 -7.153732300 98.947654724 -60.759895325 128.056350708 -57.796916962 92.907257080 -78.397422791 -9.450837135 -104.965187073 73.337959290 -88.968955994 -54.494564056 -99.035804749 -70.972938538 -84.772766113 -99.576507568 -75.905624390 -115.780067444 0.430006325 -134.985824585 22.704030991 -142.669204712 73.234191895 -87.292755127 71.957862854 -80.252105713 116.748077393 -89.620582581 1189.040527344 155.309875488 929.725036621 834.130004883 61.405933380 1369.078613281 -868.928894043 1088.507202148 -1174.853515625 -107.610069275 -1143.119873047 -801.758361816 172.232192993 -1330.712402344 929.049011230 -1082.050659180
134.231567383 13.643945694 122.977165222 25.351860046 120.063934326 82.695716858 31.421180725 122.679672241 81.586776733 109.821083069 1.147238731 100.421257019 -6.660080433 99.684234619 -61.383319855 128.739669800 -58.416934967 93.623992920 -79.111045837 -9.641767502 -105.534210205 74.083694458 -89.452972412 -55.250072479 -99.743301392 -71.088989258 -85.280921936 -100.292785645 -76.430679321 -116.481201172 0.091316320 -135.759521484 22.343202591 -143.427886963 73.337120056 -88.109306335 72.060951233 -81.074050903 116.805000305 -90.425460815 1188.257446289 154.394119263 928.650207520 833.887268066 62.138858795 1368.013916016 -868.775146484 1087.583740234 -1173.815307617 -107.332412720 -1141.932373047 -801.242553711 171.490936279 -1329.761840820 927.877807617 -1081.524047852
134.993713379 13.317522049 123.745346069 25.012073517 120.388389587 83.458702087 31.880439758 123.400352478 81.965110779 110.563629150 1.635822773 101.149475098 -6.164223671 100.410148621 -62.025703430 129.408309937 -59.056262970 94.326347351 -79.824356079 -9.810144424 -106.123466492 74.815834045 -89.944129944 -55.995151520 -100.448707581 -71.181976318 -85.796073914 -100.997795105 -76.962684631 -117.170684814 -0.242763489 -136.526504517 21.986829758 -144.179885864 73.444473267 -88.917518616 72.168487549 -81.887695312 116.865989685 -91.222236633 1187.445922852 153.503555298 927.573059082 833.605041504 62.839958191 1366.928466797 -868.657043457 1086.642944336 -1172.773803711 -107.014541626 -1140.750976562 -800.687927246 170.780120850 -1328.788330078 926.722717285 -1080.963256836
135.745758057 12.985711098 124.503417969 24.666980743 120.708778381 84.219490051 32.340526581 124.111236572 82.339637756 111.303855896 2.125170946 101.868026733 -5.667615891 101.126396179 -62.686443329 130.061691284 -59.714332581 95.013679504 -80.536544800 -9.955444336 -106.732414246 75.533683777 -90.442726135 -56.728752136 -101.151145935 -71.251510620 -86.318466187 -101.690460205 -77.501846313 -117.847427368 -0.571018219 -137.287658691 21.636093140 -144.926086426 73.557632446 -89.717575073 72.281867981 -82.693237305 116.932426453 -92.011161804 1186.607055664 152.639480591 926.495239258 833.283386230 63.508426666 1365.823364258 -868.570739746 1085.685180664 -1171.730712891 -106.656433105 -1139.576782227 -800.094726562 170.100692749 -1327.793457031 925.585327148 -1080.368652344
136.488281250 12.650174141 125.251998901 24.318222046 121.026031494 84.976905823 32.800018311 124.813415527 82.711311340 112.040527344 2.613902807 102.578018188 -5.171622753 101.834083557 -63.364810944 130.699295044 -60.390434265 95.685485840 -81.246788025 -10.077223778 -107.360366821 76.236701965 -90.949012756 -57.449829102 -101.849754333 -71.297286987 -86.848289490 -102.369712830 -78.048332214 -118.510368347 -0.892248333 -138.043853760 21.292161942 -145.667388916 73.678009033 -90.509689331 72.402473450 -83.490882874 117.005691528 -92.792488098 1185.742187500 151.803176880 925.418518066 832.922363281 64.143447876 1364.700195312 -868.511657715 1084.710571289 -1170.687866211 -106.258224487 -1138.411254883 -799.463378906 169.453582764 -1326.778564453 924.466979980 -1079.741088867
137.222076416 12.312522888 125.991859436 23.967391968 121.341072083 85.729835510 33.257549286 125.508064270 83.081031799 112.772430420 3.100706816 103.280670166 -4.677539349 102.534431458 -64.059921265 131.320770264 -61.083702087 96.341392517 -81.954277039 -10.175123215 -108.006469727 76.924423218 -91.463180542 -58.157344818 -102.543701172 -71.319107056 -87.385673523 -103.034500122 -78.602233887 -119.158439636 -1.205261827 -138.796035767 20.956193924 -146.404754639 73.806991577 -91.294052124 72.531707764 -84.280845642 117.087173462 -93.566490173 1184.852783203 150.995910645 924.344543457 832.522155762 64.744216919 1363.560302734 -868.474609375 1083.719238281 -1169.647094727 -105.820144653 -1137.255981445 -798.794250488 168.839752197 -1325.745117188 923.369384766 -1079.081665039
137.947982788 11.974323273 126.723892212 23.616033554 121.654785156 86.477195740 33.711822510 126.196449280 83.449699402 113.498413086 3.584325552 103.977241516 -4.186610222 103.228721619 -64.770782471 131.925857544 -61.793155670 96.981117249 -82.658195496 -10.248872757 -108.669715881 77.596542358 -91.985389709 -58.850273132 -103.232162476 -71.316848755 -87.930702209 -103.683799744 -79.163612366 -119.790634155 -1.508873105 -139.545089722 20.629346848 -147.139129639 73.945999146 -92.070869446 72.670974731 -85.063323975 117.178268433 -94.333412170 1183.940063477 150.218978882 923.275146484 832.083129883 65.309936523 1362.405517578 -868.453918457 1082.710449219 -1168.610595703 -105.342575073 -1136.112304688 -798.087951660 168.260101318 -1324.694702148 922.294067383 -1078.391235352
138.666961670 11.637107849 127.449066162 23.265657425 121.968070984 87.217910767 34.161567688 126.879882812 83.818183899 114.217315674 4.063540936 104.669067383 -3.700037718 103.918281555 -65.496276855 132.514404297 -62.517684937 97.604507446 -83.357772827 -10.298296928 -109.348983765 78.252830505 -92.515724182 -59.527618408 -103.914733887 -71.290557861 -88.483406067 -104.316619873 -79.732460022 -120.405967712 -1.801903486 -140.291976929 20.312772751 -147.871459961 74.096412659 -92.840309143 72.821662903 -85.838500977 117.280380249 -95.093498230 1183.005981445 149.473617554 922.212036133 831.605529785 65.839828491 1361.237426758 -868.442993164 1081.683959961 -1167.580200195 -104.826026917 -1134.981689453 -797.345092773 167.715545654 -1323.629394531 921.242614746 -1077.671020508
139.380020142 11.302377701 128.168380737 22.917741776 122.281784058 87.950935364 34.605556488 127.559700012 84.187324524 114.928024292 4.537170887 105.357498169 -3.218989372 104.604476929 -66.235198975 133.086364746 -63.256076813 98.211524963 -84.052330017 -10.323318481 -110.043014526 78.893211365 -93.054237366 -60.188423157 -104.590637207 -71.240280151 -89.043769836 -104.932006836 -80.308731079 -121.003486633 -2.083178759 -141.037597656 20.007621765 -148.602676392 74.259620667 -93.602546692 72.985160828 -86.606544495 117.394897461 -95.846961975 1182.052001953 148.761093140 921.156799316 831.089904785 66.333168030 1360.057861328 -868.434570312 1080.638916016 -1166.558227539 -104.271148682 -1133.865844727 -796.566406250 167.206893921 -1322.550659180 920.216613770 -1076.922119141
140.088211060 10.971613884 128.882934570 22.573743820 122.596748352 88.675224304 35.042572021 128.237243652 84.557899475 115.629447937 5.004051685 106.043914795 -2.744614124 105.288688660 -66.986206055 133.641860962 -64.006988525 98.802253723 -84.741188049 -10.323949814 -110.750411987 79.517707825 -93.600952148 -60.831760406 -105.259170532 -71.166183472 -89.611724854 -105.529067993 -80.892341614 -121.582313538 -2.351528168 -141.782821655 19.715047836 -149.333724976 74.436973572 -94.357711792 73.162803650 -87.367599487 117.523208618 -96.594001770 1181.079956055 148.082565308 920.111267090 830.536621094 66.789299011 1358.868774414 -868.420227051 1079.574951172 -1165.546630859 -103.678703308 -1132.766113281 -795.752685547 166.734893799 -1321.460693359 919.217651367 -1076.145996094
140.792602539 10.646274567 129.593780518 22.235097885 122.913764954 89.389778137 35.471424103 128.913879395 84.930679321 116.320510864 5.463033199 106.729682922 -2.278049946 105.972274780 -67.747840881 134.181076050 -64.768951416 99.376899719 -85.423728943 -10.300292969 -111.469627380 80.126495361 -94.155822754 -61.456771851 -105.919715881 -71.068504333 -90.187187195 -106.106964111 -81.483146667 -122.141624451 -2.605792284 -142.528488159 19.436199188 -150.065444946 74.629798889 -95.105903625 73.355926514 -88.121765137 117.666656494 -97.334770203 1180.091918945 147.439132690 919.077087402 829.946411133 67.207611084 1357.672119141 -868.390747070 1078.492797852 -1164.547729492 -103.049583435 -1131.684204102 -794.904785156 166.300247192 -1320.361206055 918.247253418 -1075.343750000
141.494262695 10.327802658 130.302032471 21.903226852 123.233604431 90.093620300 35.890922546 129.590911865 85.306373596 117.000190735 5.912974834 107.416130066 -1.820426583 106.656593323 -68.518501282 134.704452515 -65.540336609 99.935920715 -86.099761963 -10.252601624 -112.198944092 80.719970703 -94.718795776 -62.062641144 -106.571792603 -70.947555542 -90.770027161 -106.664924622 -82.081001282 -122.680664062 -2.844834089 -143.275421143 19.172203064 -150.798706055 74.839332581 -95.847183228 73.565773010 -88.869102478 117.826538086 -98.069366455 1179.089599609 146.831802368 918.055908203 829.319824219 67.587615967 1356.469970703 -868.336364746 1077.394409180 -1163.563354492 -102.384780884 -1130.621459961 -794.023620605 165.903533936 -1319.254272461 917.306762695 -1074.517089844
142.194274902 10.017622948 131.008773804 21.579530716 123.557006836 90.785797119 36.299907684 130.269653320 85.685668945 117.667510986 6.352752209 108.104583740 -1.372856259 107.342956543 -69.296424866 135.212661743 -66.319351196 100.479988098 -86.768753052 -10.181142807 -112.936454773 81.298782349 -95.289787292 -62.648632050 -107.215003967 -70.803741455 -91.360092163 -107.202239990 -82.685722351 -123.198753357 -3.067549229 -144.024337769 18.924167633 -151.534255981 75.066787720 -96.581581116 73.793525696 -89.609657288 118.004104614 -98.797859192 1178.075073242 146.261520386 917.049438477 828.657714844 67.928871155 1355.264160156 -868.247680664 1076.281982422 -1162.595703125 -101.685371399 -1129.579345703 -793.110229492 165.545211792 -1318.141967773 916.397644043 -1073.667236328
142.893692017 9.717141151 131.715072632 21.265392303 123.884658813 91.465408325 36.697219849 130.951339722 86.069198608 118.321525574 6.781258583 108.796318054 -0.936433196 108.032676697 -70.079727173 135.706665039 -67.104072571 101.010063171 -87.430282593 -10.086264610 -113.680114746 81.863868713 -95.868675232 -63.214065552 -107.849006653 -70.637527466 -91.957214355 -107.718292236 -83.297103882 -123.695281982 -3.272874117 -144.775924683 18.693157196 -152.272827148 75.313247681 -97.309089661 74.040306091 -90.343421936 118.200515747 -99.520286560 1177.050292969 145.729034424 916.059265137 827.960815430 68.231071472 1354.056884766 -868.119873047 1075.157958984 -1161.646728516 -100.952499390 -1128.559448242 -792.165710449 165.225692749 -1317.026000977 915.520996094 -1072.795776367
143.593521118 9.427739143 132.421951294 20.962175369 124.217224121 92.131584167 37.081737518 131.637176514 86.457550049 118.961326599 7.197401524 109.492561340 -0.512240231 108.726966858 -70.866493225 136.187515259 -67.892539978 101.527221680 -88.084022522 -9.968388557 -114.427841187 82.416275024 -96.455337524 -63.758354187 -108.473571777 -70.449447632 -92.561210632 -108.212524414 -83.914947510 -124.169731140 -3.459797144 -145.530792236 18.480197906 -153.015045166 75.579742432 -98.029663086 74.307121277 -91.070365906 118.416847229 -100.236633301 1176.017211914 145.235061646 915.086975098 827.230041504 68.493995667 1352.849975586 -867.952819824 1074.025024414 -1160.717651367 -100.187889099 -1127.562866211 -791.191101074 164.945220947 -1315.908447266 914.677978516 -1071.904296875
144.294708252 9.150767326 133.130401611 20.671211243 124.555328369 92.783500671 37.452342987 132.328277588 86.851272583 119.586067200 7.600100517 110.194450378 -0.101349697 109.426986694 -71.654914856 136.656295776 -68.682899475 102.032562256 -88.729766846 -9.828024864 -115.177658081 82.957046509 -97.049636841 -64.280967712 -109.088584900 -70.240104675 -93.171875000 -108.684471130 -84.539016724 -124.621650696 -3.627371550 -146.289443970 18.286252975 -153.761474609 75.867156982 -98.743240356 74.594863892 -91.790412903 118.654060364 -100.946838379 1174.977661133 144.780136108 914.134155273 826.466308594 68.717529297 1351.645263672 -867.746337891 1072.885253906 -1159.807250977 -99.396316528 -1126.591064453 -790.187438965 164.703994751 -1314.791015625 913.869689941 -1070.994018555
144.998138428 8.887541771 133.841323853 20.393800735 124.899551392 93.420394897 37.807941437 133.025650024 87.250877380 120.194969177 7.988291740 110.903022766 0.295180291 110.133781433 -72.443260193 137.114074707 -69.473373413 102.527153015 -89.367393494 -9.665885925 -115.927680969 83.487243652 -97.651420593 -64.781463623 -109.694038391 -70.010276794 -93.789016724 -109.133735657 -85.169097900 -125.050674438 -3.774724245 -147.052322388 18.112218857 -154.512573242 76.176277161 -99.449699402 74.904312134 -92.503463745 118.913017273 -101.650794983 1173.933349609 144.364669800 913.202331543 825.670715332 68.901641846 1350.444702148 -867.500488281 1071.741333008 -1158.913574219 -98.582695007 -1125.645141602 -789.155883789 164.502059937 -1313.675537109 913.096862793 -1070.066528320
145.704605103 8.639331818 134.555496216 20.131204605 125.250442505 94.041542053 38.147491455 133.730209351 87.656822205 120.787292480 8.360949516 111.619224548 0.676327467 110.848312378 -73.229866028 137.561935425 -70.262268066 103.012084961 -89.996871948 -9.482863426 -116.676109314 84.007911682 -98.260528564 -65.259483337 -110.290016174 -69.760887146 -94.412437439 -109.560012817 -85.804977417 -125.456520081 -3.901068687 -147.819793701 17.958908081 -155.268737793 76.507736206 -100.148910522 75.236122131 -93.209373474 119.194435120 -102.348388672 1172.886352539 143.988967896 912.292846680 824.844238281 69.046417236 1349.250000000 -867.215332031 1070.595458984 -1158.033691406 -97.752113342 -1124.726196289 -788.097595215 164.339401245 -1312.563720703 912.360351562 -1069.123291016
146.414810181 8.407350540 135.273681641 19.884624481 125.608520508 94.646286011 38.469993591 134.442749023 88.069549561 121.362358093 8.717090607 112.343894958 1.041110873 111.571434021 -74.013130188 138.000946045 -71.047935486 103.488403320 -90.618316650 -9.279999733 -117.421226501 84.520050049 -98.876823425 -65.714729309 -110.876747131 -69.492988586 -95.041946411 -109.963066101 -86.446434021 -125.838973999 -4.005713463 -148.592102051 17.827049255 -156.030258179 76.862075806 -100.840728760 75.590812683 -93.907997131 119.498901367 -103.039436340 1171.838134766 143.653213501 911.407104492 823.987915039 69.152015686 1348.062622070 -866.891174316 1069.449951172 -1157.164550781 -96.909927368 -1123.835327148 -787.013610840 164.215911865 -1311.457031250 911.660827637 -1068.165527344
147.129333496 8.192741394 135.996444702 19.655202866 125.974243164 95.234001160 38.774517059 135.163940430 88.489433289 121.919555664 9.055782318 113.077735901 1.388597250 112.303848267 -74.791526794 138.432144165 -71.828826904 103.957145691 -91.231948853 -9.058477402 -118.161384583 85.024665833 -99.500167847 -66.146995544 -111.454574585 -69.207740784 -95.677360535 -110.342742920 -87.093276978 -126.197921753 -4.088064194 -149.369430542 17.717269897 -156.797317505 77.239669800 -101.524986267 75.968788147 -94.599174500 119.826873779 -103.723762512 1170.790161133 143.357482910 910.546447754 823.103027344 69.218658447 1346.884155273 -866.528320312 1068.307495117 -1156.301879883 -96.061889648 -1122.973388672 -785.904968262 164.131408691 -1310.357055664 910.998718262 -1067.194702148
147.848663330 7.996572018 136.724319458 19.444005966 126.348052979 95.804145813 39.060184479 135.894332886 88.916831970 122.458335876 9.376152039 113.821319580 1.717909932 113.046150208 -75.563621521 138.856552124 -72.603454590 104.419357300 -91.838119507 -8.819612503 -118.895034790 85.522758484 -100.130416870 -66.556144714 -112.023979187 -68.906379700 -96.318519592 -110.698959351 -87.745323181 -126.533294678 -4.147628784 -150.151885986 17.630098343 -157.570022583 77.640785217 -102.201507568 76.370307922 -95.282714844 120.178688049 -104.401168823 1169.744140625 143.101760864 909.711975098 822.190551758 69.246658325 1345.715942383 -866.127319336 1067.170654297 -1155.441650391 -95.214218140 -1122.141357422 -784.772827148 164.085647583 -1309.265014648 910.374511719 -1066.211914062
148.573165894 7.819820881 137.457656860 19.252014160 126.730354309 96.356201172 39.326206207 136.634323120 89.352043152 122.978179932 9.677391052 114.575096130 2.028235435 113.798789978 -76.328033447 139.275268555 -73.370422363 104.876060486 -92.437332153 -8.564847946 -119.620727539 86.015296936 -100.767463684 -66.942108154 -112.585571289 -68.590270996 -96.965278625 -111.031715393 -88.402435303 -126.845130920 -4.184016228 -150.939483643 17.565967560 -158.348419189 78.065582275 -102.870117188 76.795532227 -95.958457947 120.554534912 -105.071456909 1168.701171875 142.885940552 908.904907227 821.251708984 69.236358643 1344.559204102 -865.688842773 1066.041748047 -1154.578979492 -94.373596191 -1121.339843750 -783.618103027 164.078308105 -1308.182373047 909.788513184 -1065.218505859
149.303070068 7.663368702 138.196746826 19.080120087 127.121505737 96.889732361 39.571872711 137.384216309 89.795356750 123.478668213 9.958768845 115.339370728 2.318833590 114.562095642 -77.083518982 139.689300537 -74.128440857 105.328300476 -93.030250549 -8.295765877 -120.337127686 86.503280640 -101.411224365 -67.304908752 -113.140121460 -68.260864258 -97.617530823 -111.341079712 -89.064483643 -127.133522034 -4.196938038 -151.732208252 17.525199890 -159.132492065 78.514083862 -103.530654907 77.244499207 -96.626220703 120.954513550 -105.734413147 1167.662719727 142.709854126 908.126220703 820.287597656 69.188163757 1343.415161133 -865.213562012 1064.922973633 -1153.709472656 -93.547080994 -1120.569702148 -782.441955566 164.109039307 -1307.110107422 909.241088867 -1064.215454102
150.038513184 7.527993202 138.941711426 18.929111481 127.521835327 97.404327393 39.796558380 138.144165039 90.246986389 123.959411621 10.219635010 116.114318848 2.589044571 115.336242676 -77.828903198 140.099700928 -74.876304626 105.777084351 -93.617691040 -8.014087677 -121.042991638 86.987686157 -102.061630249 -67.644622803 -113.688529968 -67.919715881 -98.275199890 -111.627197266 -89.731399536 -127.398643494 -4.186201572 -152.529953003 17.508029938 -159.922134399 78.986228943 -104.182945251 77.717140198 -97.285827637 121.378585815 -106.389846802 1166.629760742 142.573242188 907.376953125 819.299377441 69.102508545 1342.284790039 -864.702148438 1063.816406250 -1152.829467773 -92.741813660 -1119.831665039 -781.245239258 164.177459717 -1306.049438477 908.732299805 -1063.204101562
150.779571533 7.414364815 139.692642212 18.799674988 127.931625366 97.899635315 39.999736786 138.914199829 90.707138062 124.420082092 10.459422112 116.900024414 2.838292360 116.121322632 -78.563117981 140.507522583 -75.612930298 106.223434448 -94.200630188 -7.721685886 -121.737190247 87.469474792 -102.718681335 -67.961425781 -114.231880188 -67.568504333 -98.938255310 -111.890281677 -90.403160095 -127.640739441 -4.151704788 -153.332580566 17.514595032 -160.717193604 79.481857300 -104.826820374 78.213294983 -97.937110901 121.826644897 -107.037567139 1165.603515625 142.475845337 906.657897949 818.288085938 68.979843140 1341.169067383 -864.155456543 1062.723999023 -1151.936035156 -91.964614868 -1119.126220703 -780.029113770 164.283157349 -1305.001464844 908.262390137 -1062.185302734
151.526168823 7.323045254 140.449462891 18.692392349 128.351104736 98.375358582 40.180961609 139.694274902 91.175956726 124.860412598 10.677652359 117.696434021 3.066084385 116.917282104 -79.285186768 140.913772583 -76.337295532 106.668334961 -94.780189514 -7.420578003 -122.418678284 87.949592590 -103.382392883 -68.255546570 -114.771354675 -67.209030151 -99.606735229 -112.130645752 -91.079788208 -127.860130310 -4.093430996 -154.139938354 17.544944763 -161.517517090 80.000717163 -105.462142944 78.732734680 -98.579910278 122.298469543 -107.677375793 1164.584716797 142.417343140 905.969909668 817.254943848 68.820640564 1340.068847656 -863.574218750 1061.647583008 -1151.027587891 -91.221717834 -1118.454101562 -778.794677734 164.425674438 -1303.967041016 907.831420898 -1061.160278320
152.278198242 7.254490376 141.212097168 18.607738495 128.780487061 98.831237793 40.339889526 140.484252930 91.653587341 125.280181885 10.873927116 118.503425598 3.272011757 117.724014282 -79.994209290 141.319442749 -77.048492432 107.112770081 -95.357612610 -7.112923622 -123.086517334 88.428962708 -104.052856445 -68.527320862 -115.308280945 -66.843215942 -100.280708313 -112.348648071 -91.761383057 -128.057220459 -4.011438370 -154.951782227 17.599054337 -162.322860718 80.542495728 -106.088752747 79.275131226 -99.214073181 122.793777466 -108.309104919 1163.574462891 142.397399902 905.313720703 816.200988770 68.625389099 1338.984741211 -862.959228516 1060.588623047 -1150.104736328 -90.516166687 -1117.815917969 -777.543029785 164.604553223 -1302.947265625 907.439453125 -1060.129882812
153.035476685 7.209052563 141.980346680 18.546089172 129.219940186 99.267059326 40.476249695 141.283889771 92.140098572 125.679244995 11.047932625 119.320762634 3.455747366 118.541275024 -80.689407349 141.725524902 -77.745681763 107.557670593 -95.934188843 -6.800898552 -123.739852905 88.908477783 -104.730224609 -68.777137756 -115.844032288 -66.472999573 -100.960357666 -112.544746399 -92.448120117 -128.232482910 -3.905855417 -155.767883301 17.676826477 -163.132980347 81.106811523 -106.706520081 79.840103149 -99.839447021 123.312210083 -108.932579041 1162.573486328 142.415634155 904.690002441 815.127258301 68.394554138 1337.917602539 -862.311340332 1059.548706055 -1149.169677734 -89.849098206 -1117.209350586 -776.276855469 164.819320679 -1301.942871094 907.084899902 -1059.095825195
153.797760010 7.186985970 142.753952026 18.507726669 129.669555664 99.682678223 40.589855194 142.092895508 92.635551453 126.057502747 11.199432373 120.148162842 3.617041588 119.368789673 -81.370033264 142.132934570 -78.428131104 108.003952026 -96.511238098 -6.486627579 -124.377914429 89.388992310 -105.414642334 -69.005599976 -116.380012512 -66.100265503 -101.645843506 -112.719589233 -93.140190125 -128.386581421 -3.776873112 -156.588012695 17.778097153 -163.947616577 81.693161011 -107.315368652 80.427154541 -100.455947876 123.853279114 -109.547691345 1161.582519531 142.471710205 904.099426270 814.034912109 68.128639221 1336.868041992 -861.631347656 1058.529052734 -1148.224487305 -89.221519470 -1116.627929688 -775.000915527 165.069442749 -1300.954833984 906.763244629 -1058.060302734
154.564727783 7.188454628 143.532623291 18.492837906 130.129470825 100.077995300 40.680599213 142.910903931 93.139999390 126.414947510 11.328264236 120.985260010 3.755718231 120.206192017 -82.035461426 142.542617798 -79.095161438 108.452499390 -97.090080261 -6.172183514 -125.000022888 89.871353149 -106.106193542 -69.213653564 -116.917633057 -65.726890564 -102.337318420 -112.874137878 -93.837760925 -128.520477295 -3.624737978 -157.411880493 17.902645111 -164.766494751 82.300811768 -107.915390015 81.035560608 -101.063659668 124.416267395 -110.154502869 1160.602416992 142.565246582 903.542541504 812.924987793 67.828102112 1335.836547852 -860.920104980 1057.531127930 -1147.271484375 -88.634368896 -1116.064575195 -773.719787598 165.353424072 -1299.983764648 906.469482422 -1057.025268555
155.336059570 7.213535786 144.316024780 18.501523972 130.599716187 100.452987671 40.748435974 143.737533569 93.653450012 126.751609802 11.434332848 121.831642151 3.871668816 121.053077698 -82.685104370 142.955429077 -79.746170044 108.904151917 -97.672019958 -5.859602451 -125.605552673 90.356346130 -106.804924011 -69.402549744 -117.458290100 -65.354690552 -103.034881592 -113.009658813 -94.540985107 -128.635437012 -3.449795723 -158.239212036 18.050144196 -165.589309692 82.928855896 -108.506813049 81.664405823 -101.662818909 125.000259399 -110.753219604 1159.633911133 142.695846558 903.019897461 811.798583984 67.493438721 1334.823730469 -860.178405762 1056.556030273 -1146.312866211 -88.088447571 -1115.511230469 -772.438476562 165.666992188 -1299.029052734 906.198120117 -1055.992797852
156.111373901 7.262230396 145.103759766 18.533815384 131.080352783 100.807701111 40.793384552 144.572311401 94.175926208 127.067619324 11.517607689 122.686851501 3.964849472 121.908981323 -83.318435669 143.372253418 -80.380615234 109.359733582 -98.258338928 -5.550875664 -126.193946838 90.844734192 -107.510848999 -69.573860168 -118.003356934 -64.985504150 -103.738655090 -113.127723694 -95.250015259 -128.733047485 -3.252616405 -159.069747925 18.220045090 -166.415802002 83.576240540 -109.090049744 82.312622070 -102.253799438 125.604187012 -111.344200134 1158.677490234 142.863143921 902.532043457 810.656799316 67.125099182 1333.830322266 -859.407043457 1055.604614258 -1145.351074219 -87.584365845 -1114.960083008 -771.162170410 166.005752563 -1298.090087891 905.943115234 -1054.964355469
156.890289307 7.334469318 145.895431519 18.589666367 131.571380615 101.142250061 40.815528870 145.414794922 94.707435608 127.363182068 11.578113556 123.550407410 4.035273552 122.773414612 -83.934989929 143.793869019 -80.998016357 109.820014954 -98.850227356 -5.247947693 -126.764724731 91.337249756 -108.223976135 -69.729484558 -118.554153442 -64.621116638 -104.448745728 -113.230178833 -95.965011597 -128.815124512 -3.033963919 -159.903259277 18.411592484 -167.245681763 84.241752625 -109.665626526 82.978996277 -102.837142944 126.226814270 -111.927963257 1157.734130859 143.066757202 902.079528809 809.500915527 66.723579407 1332.856567383 -858.606872559 1054.678100586 -1144.387451172 -87.122299194 -1114.403198242 -769.895385742 166.365173340 -1297.165649414 905.697998047 -1053.941406250
157.672424316 7.430120945 146.690643311 18.668970108 132.072845459 101.456848145 40.814994812 146.264450073 95.248001099 127.638595581 11.615931511 124.421798706 4.083008766 123.645866394 -84.534355164 144.221069336 -81.597953796 110.285743713 -99.448753357 -4.952690601 -127.317436218 91.834564209 -108.944213867 -69.871536255 -119.111885071 -64.263267517 -105.165199280 -113.319114685 -96.686058044 -128.883728027 -2.794773817 -160.739562988 18.623857498 -168.078765869 84.924057007 -110.234268188 83.662200928 -103.413558960 126.866775513 -112.505172729 1156.804443359 143.306289673 901.662719727 808.332092285 66.289329529 1331.903198242 -857.778564453 1053.777099609 -1143.423706055 -86.702278137 -1113.832885742 -768.642822266 166.740463257 -1296.254028320 905.455566406 -1052.925659180
158.457336426 7.548997879 147.488967896 18.771562576 132.584762573 101.751777649 40.791957855 147.120788574 95.797660828 127.894218445 11.631189346 125.300476074 4.108171463 124.525794983 -85.116172791 144.654571533 -82.180046082 110.757606506 -100.054855347 -4.666893959 -127.851707458 92.337326050 -109.671386719 -70.002349854 -119.677589417 -63.913665771 -105.887969971 -113.396797180 -97.413177490 -128.941116333 -2.536136389 -161.578460693 18.855747223 -168.914840698 85.621696472 -110.796829224 84.360755920 -103.983886719 127.522567749 -113.076683044 1155.889160156 143.581359863 901.282165527 807.151794434 65.822845459 1330.970703125 -856.922973633 1052.902587891 -1142.460937500 -86.324180603 -1113.242553711 -767.408874512 167.126602173 -1295.353271484 905.207885742 -1051.918457031
159.244644165 7.690862179 148.289962769 18.897226334 133.107177734 102.027442932 40.746639252 147.983291626 96.356483459 128.130538940 11.624058723 126.185913086 4.110921383 125.412651062 -85.680099487 145.095108032 -82.743965149 111.236274719 -100.669265747 -4.392253399 -128.367202759 92.846153259 -110.405265808 -70.124458313 -120.252182007 -63.573932648 -106.616973877 -113.465682983 -98.146347046 -128.989685059 -2.259285927 -162.419876099 19.106025696 -169.753799438 86.333076477 -111.354354858 85.073066711 -104.549186707 128.192550659 -113.643501282 1154.989135742 143.891555786 900.938232422 805.961547852 65.325325012 1330.059326172 -856.040832520 1052.055175781 -1141.500488281 -85.987785339 -1112.626831055 -766.197998047 167.518173218 -1294.461059570 904.946655273 -1050.921752930
160.033920288 7.855432034 149.093231201 19.045701981 133.640121460 102.284332275 40.679328918 148.851394653 96.924575806 128.348114014 11.594790459 127.077545166 4.091500282 126.305877686 -86.225852966 145.543304443 -83.289421082 111.722366333 -101.292587280 -4.130359173 -128.863616943 93.361595154 -111.145568848 -70.240531921 -120.836395264 -63.245628357 -107.352073669 -113.528366089 -98.885475159 -129.032012939 -1.965596914 -163.263717651 19.373306274 -170.595504761 87.056480408 -111.908088684 85.797393799 -105.110679626 128.874923706 -114.206825256 1154.103881836 144.233764648 900.626159668 804.764343262 64.801109314 1329.167358398 -855.132812500 1051.235839844 -1140.543090820 -85.692771912 -1111.982299805 -765.014221191 167.909301758 -1293.574584961 904.663085938 -1049.937255859
160.824783325 8.042252541 149.898330688 19.216550827 134.183593750 102.523208618 40.590557098 149.724609375 97.501983643 128.547744751 11.543873787 127.974800110 4.050387383 127.204902649 -86.753189087 145.999801636 -83.816162109 112.216461182 -101.925231934 -3.882684946 -129.340713501 93.884178162 -111.891983032 -70.353378296 -121.430801392 -62.930229187 -108.093116760 -113.587570190 -99.630485535 -129.070770264 -1.656589985 -164.110000610 19.656051636 -171.439941406 87.790031433 -112.459457397 86.531875610 -105.669792175 129.567733765 -114.768089294 1153.232788086 144.604095459 900.340820312 803.563110352 64.254623413 1328.292724609 -854.199829102 1050.444946289 -1139.589843750 -85.438781738 -1111.309936523 -763.859069824 168.293518066 -1292.690917969 904.348388672 -1048.967529297
161.616867065 8.250685692 150.704895020 19.409149170 134.737487793 102.745040894 40.481040955 150.602371216 98.088691711 128.730499268 11.472008705 128.877136230 3.988276720 128.109146118 -87.261871338 146.465148926 -84.323989868 112.719100952 -102.567443848 -3.650588036 -129.798309326 94.414382935 -112.644248962 -70.465675354 -122.035797119 -62.629116058 -108.839988708 -113.645904541 -100.381286621 -129.108535767 -1.333942652 -164.958740234 19.952562332 -172.287124634 88.531723022 -113.010116577 87.274467468 -106.228187561 130.268890381 -115.328887939 1152.374633789 144.998504639 900.076843262 802.360656738 63.690464020 1327.432495117 -853.242553711 1049.683471680 -1138.641357422 -85.225395203 -1110.611328125 -762.734252930 168.663757324 -1291.806640625 903.998901367 -1048.013671875
162.409820557 8.479938507 151.512557983 19.622713089 135.301651001 102.951057434 40.351696014 151.484191895 98.684677124 128.897583008 11.380084991 129.783996582 3.906054258 129.018081665 -87.751739502 146.939880371 -84.812744141 113.230789185 -103.219314575 -3.435296535 -130.236236572 94.952651978 -113.402130127 -70.580032349 -122.651618958 -62.343570709 -109.592582703 -113.705917358 -101.137847900 -129.147827148 -0.999509931 -165.810073853 20.260957718 -173.137130737 89.279563904 -113.561729431 88.023200989 -106.787513733 130.976333618 -115.890869141 1151.527709961 145.412887573 899.828247070 801.159851074 63.113433838 1326.583740234 -852.261840820 1048.951782227 -1137.698364258 -85.052177429 -1109.887817383 -761.641357422 169.012283325 -1290.918457031 903.614562988 -1047.075195312
163.203353882 8.729078293 152.320983887 19.856309891 135.875946045 103.142669678 40.203594208 152.369598389 99.289916992 129.050430298 11.269172668 130.694869995 3.804788589 129.931167603 -88.222633362 147.424468994 -85.282295227 113.751968384 -103.880783081 -3.237910748 -130.654403687 95.499389648 -114.165390015 -70.698921204 -123.278335571 -62.074771881 -110.350799561 -113.770042419 -101.900123596 -129.191055298 -0.655343652 -166.664169312 20.579151154 -173.990112305 90.031738281 -114.115791321 88.776229858 -107.349288940 131.688156128 -116.455513000 1150.690185547 145.842880249 899.589172363 799.963562012 62.528694153 1325.742797852 -851.258544922 1048.250732422 -1136.761230469 -84.918701172 -1109.140869141 -760.581848145 169.330932617 -1290.023071289 903.195312500 -1046.151733398
163.997192383 8.997046471 153.129898071 20.108888626 136.460235596 103.321495056 40.037979126 153.258178711 99.904365540 129.190612793 11.140518188 131.609283447 3.685724974 130.847915649 -88.674468994 147.919357300 -85.732574463 114.283073425 -104.551658630 -3.059402466 -131.052749634 96.054962158 -114.933807373 -70.824722290 -123.915863037 -61.823787689 -111.114540100 -113.840629578 -102.668060303 -129.240570068 -0.303713024 -167.521301270 20.904830933 -174.846267700 90.786529541 -114.673660278 89.531852722 -107.914855957 132.402572632 -117.024154663 1149.859497070 146.283859253 899.353332520 798.774475098 61.941871643 1324.905395508 -850.233520508 1047.580810547 -1135.830688477 -84.824523926 -1108.371826172 -759.557189941 169.612625122 -1289.118286133 902.740905762 -1045.242919922
164.791122437 9.282670975 153.939041138 20.379266739 137.054306030 103.489273071 39.856262207 154.149520874 100.527969360 129.319885254 10.995542526 132.526824951 3.550289392 131.767913818 -89.107185364 148.424926758 -86.163558960 114.824470520 -105.231613159 -2.900619030 -131.431289673 96.619705200 -115.707138062 -70.959709167 -124.564002991 -61.591575623 -111.883689880 -113.919944763 -103.441581726 -129.298568726 0.052941803 -168.381774902 21.235515594 -175.705902100 91.542327881 -115.236549377 90.288429260 -108.485420227 133.117874146 -117.597946167 1149.033203125 146.730789185 899.114685059 797.595031738 61.359222412 1324.066650391 -849.187866211 1046.942871094 -1134.906738281 -84.769233704 -1107.582641602 -758.568725586 169.857421875 -1288.204101562 902.251159668 -1044.348266602
165.584976196 9.584660530 154.748214722 20.666145325 137.657928467 103.647880554 39.660037994 155.043334961 101.160614014 129.440048218 10.835865021 133.447128296 3.400105953 132.690765381 -89.520774841 148.941543579 -86.575279236 115.376518250 -105.920234680 -2.762286901 -131.790069580 97.193939209 -116.485122681 -71.105995178 -125.222396851 -61.378990173 -112.658088684 -114.010108948 -104.220588684 -129.367218018 0.412367553 -169.245864868 21.568912506 -176.569213867 92.297584534 -115.805526733 91.044441223 -109.062065125 133.832489014 -118.177947998 1148.207885742 147.178100586 898.867309570 796.427551270 60.787761688 1323.221435547 -848.122558594 1046.337402344 -1133.990112305 -84.752449036 -1106.774658203 -757.617858887 170.065414429 -1287.280639648 901.725708008 -1043.467529297
166.378616333 9.901597977 155.557296753 20.968097687 138.270812988 103.799263000 39.451099396 155.939331055 101.802131653 129.552993774 10.663322449 134.369857788 3.237019539 133.616134644 -89.915298462 149.469512939 -86.967819214 115.939537048 -106.616996765 -2.645018816 -132.129257202 97.777938843 -117.267456055 -71.265586853 -125.890617371 -61.186767578 -113.437561035 -114.113151550 -105.004943848 -129.448532104 0.772478163 -170.113769531 21.902900696 -177.436370850 93.050834656 -116.381538391 91.798393250 -109.645736694 134.544876099 -118.765052795 1147.380004883 147.619491577 898.605712891 795.274597168 60.235313416 1322.364135742 -847.038818359 1045.765258789 -1133.081054688 -84.773811340 -1105.949829102 -756.705810547 170.236587524 -1286.347412109 901.164367676 -1042.600830078
167.171997070 10.231922150 156.366210938 21.283542633 138.892608643 103.945457458 39.231494904 156.837310791 102.452293396 129.660690308 10.480005264 135.294784546 3.063132286 134.543777466 -90.290885925 150.009140015 -87.341339111 116.513824463 -107.321327209 -2.549319029 -132.449020386 98.371994019 -118.053810120 -71.440330505 -126.568122864 -61.015548706 -114.221878052 -114.230957031 -105.794456482 -129.544403076 1.131331563 -170.985656738 22.235509872 -178.307525635 93.800666809 -116.965415955 92.548881531 -110.237251282 135.253524780 -119.360054016 1146.545654297 148.047851562 898.324951172 794.138732910 59.710384369 1321.489013672 -845.937988281 1045.227050781 -1132.179687500 -84.833000183 -1105.109130859 -755.832824707 170.370925903 -1285.404541016 900.566833496 -1041.748291016
167.965103149 10.573896408 157.174896240 21.610721588 139.522933960 104.088577271 39.003536224 157.737121582 103.110832214 129.765213013 10.288284302 136.221679688 2.880830288 135.473449707 -90.647735596 150.560684204 -87.696083069 117.099670410 -108.032562256 -2.475591898 -132.749679565 98.976371765 -118.843765259 -71.631851196 -127.254318237 -60.865871429 -115.010688782 -114.365211487 -106.588829041 -129.656524658 1.487121701 -171.861602783 22.564907074 -179.182708740 94.545700073 -117.557891846 93.294525146 -110.837348938 135.957046509 -119.963623047 1145.700683594 148.455184937 898.020690918 793.022644043 59.217575073 1320.593627930 -844.821411133 1044.723388672 -1131.286499023 -84.929740906 -1104.253295898 -754.998962402 170.468292236 -1284.451782227 899.932922363 -1040.909912109
168.758010864 10.925579071 157.983459473 21.947664261 140.161331177 104.230812073 38.769596100 158.638671875 103.777412415 129.868637085 10.090595245 137.150421143 2.692562580 136.404998779 -90.986129761 151.124420166 -88.032356262 117.697341919 -108.750022888 -2.424149990 -133.031585693 99.591346741 -119.636764526 -71.841552734 -127.948524475 -60.738185883 -115.803527832 -114.517402649 -107.387611389 -129.786422729 1.838157296 -172.741638184 22.889375687 -180.061904907 95.284614563 -118.159568787 94.033996582 -111.446632385 136.654052734 -120.576332092 1144.841308594 148.832794189 897.689392090 791.929382324 58.756950378 1319.677856445 -843.690734863 1044.255126953 -1130.401611328 -85.063796997 -1103.382934570 -754.203979492 170.528442383 -1283.489135742 899.262573242 -1040.086425781
169.550903320 11.284790039 158.792007446 22.292156219 140.807312012 104.374420166 38.531871796 159.541854858 104.451644897 129.973175049 9.889188766 138.080825806 2.500592470 137.338226318 -91.306449890 151.700561523 -88.350570679 118.307113647 -109.472969055 -2.395221949 -133.295211792 100.217208862 -120.432189941 -72.070632935 -128.650039673 -60.632850647 -116.599822998 -114.688781738 -108.190261841 -129.935379028 2.182843447 -173.625717163 23.207302094 -180.945053101 96.016098022 -118.770996094 94.765991211 -112.065635681 137.343170166 -121.198677063 1143.965698242 149.175964355 897.328002930 790.861999512 58.328590393 1318.741699219 -842.547668457 1043.822875977 -1129.525512695 -85.234970093 -1102.498657227 -753.447753906 170.551116943 -1282.516967773 898.555664062 -1039.278198242
170.343948364 11.649295807 159.600738525 22.641935349 141.460296631 104.521720886 38.292400360 160.446563721 105.133094788 130.081069946 9.686150551 139.012741089 2.307018518 138.272979736 -91.609169006 152.289398193 -88.651222229 118.929267883 -110.200645447 -2.388959646 -133.541076660 100.854240417 -121.229316711 -72.320060730 -129.358093262 -60.550148010 -117.398895264 -114.880409241 -108.996124268 -130.104461670 2.519669771 -174.513748169 23.517162323 -181.832015991 96.738868713 -119.392601013 95.489227295 -112.694801331 138.023117065 -121.831031799 1143.074218750 149.484527588 896.936157227 789.822998047 57.932628632 1317.784912109 -841.394653320 1043.425659180 -1128.658325195 -85.443099976 -1101.600708008 -752.729919434 170.535995483 -1281.535400391 897.812255859 -1038.485961914
171.137374878 12.017015457 160.409851074 22.994888306 142.119720459 104.675025940 38.053092957 161.352661133 105.821289062 130.194580078 9.483428001 139.945999146 2.113796711 139.209060669 -91.894905090 152.891113281 -88.934944153 119.564041138 -110.932289124 -2.405447006 -133.769897461 101.502738953 -122.027366638 -72.590621948 -130.071929932 -60.490283966 -118.199996948 -115.093162537 -109.804458618 -130.294601440 2.847204924 -175.405578613 23.817512512 -182.722579956 97.451690674 -120.024734497 96.202453613 -113.334465027 138.692565918 -122.473686218 1142.167114258 149.758285522 896.515197754 788.814514160 57.569297791 1316.807739258 -840.235229492 1043.059814453 -1127.800659180 -85.688072205 -1100.689575195 -752.050109863 170.482742310 -1280.544921875 897.032592773 -1037.710693359
171.931350708 12.386004448 161.219528198 23.349046707 142.785003662 104.836585999 37.815731049 162.259994507 106.515808105 130.315917969 9.282835960 140.880401611 1.922751665 140.146270752 -92.164527893 153.505828857 -89.202606201 120.211585999 -111.667205811 -2.444734097 -133.982589722 102.162910461 -122.825508118 -72.882919312 -130.790802002 -60.453392029 -119.002311707 -115.327713013 -110.614471436 -130.506500244 3.164088249 -176.300964355 24.106985092 -183.616516113 98.153320312 -120.667671204 96.904441833 -113.984901428 139.350296021 -123.126869202 1141.244628906 149.997009277 896.066528320 787.838378906 57.238914490 1315.810058594 -839.072631836 1042.720703125 -1126.952636719 -85.969787598 -1099.765380859 -751.408020020 170.390975952 -1279.546264648 896.216857910 -1036.953002930
172.726013184 12.754433632 162.029876709 23.702558517 143.455596924 105.008529663 37.581977844 163.168380737 107.216178894 130.447189331 9.086074829 141.815750122 1.735588908 141.084381104 -92.419128418 154.133575439 -89.455307007 120.871955872 -112.404579163 -2.506785870 -134.180282593 102.834884644 -123.622856140 -73.197380066 -131.513916016 -60.439559937 -119.804977417 -115.584602356 -111.425308228 -130.740737915 3.469021082 -177.199645996 24.384279251 -184.513488770 98.842582703 -121.321601868 97.594017029 -114.646308899 139.995101929 -123.790695190 1140.307006836 150.200393677 895.591857910 786.896545410 56.941871643 1314.792114258 -837.910034180 1042.404052734 -1126.114746094 -86.288169861 -1098.828247070 -750.803222656 170.260345459 -1278.540161133 895.365478516 -1036.214233398
173.521484375 13.120572090 162.841003418 24.053670883 144.130920410 105.192893982 37.353416443 164.077590942 107.921897888 130.590423584 8.894741058 142.751770020 1.553912640 142.023117065 -92.659988403 154.774337769 -89.694328308 121.545173645 -113.143615723 -2.591513872 -134.364257812 103.518768311 -124.418533325 -73.534301758 -132.240478516 -60.448802948 -120.607101440 -115.864189148 -112.236068726 -130.997695923 3.760769606 -178.101303101 24.648160934 -185.413162231 99.518318176 -121.986633301 98.270019531 -115.318778992 140.625808716 -124.465225220 1139.354492188 150.368118286 895.092102051 785.989562988 56.678623199 1313.754272461 -836.750549316 1042.105102539 -1125.287475586 -86.643180847 -1097.878295898 -750.235351562 170.090530396 -1277.527343750 894.479064941 -1035.495361328
174.317825317 13.482784271 163.652954102 24.400733948 144.810272217 105.391487122 37.131542206 164.987365723 108.632400513 130.747421265 8.710348129 143.688156128 1.379239321 142.962173462 -92.888549805 155.428039551 -89.921096802 122.231170654 -113.883544922 -2.698783636 -134.535949707 104.214607239 -125.211601257 -73.893836975 -132.969772339 -60.481136322 -121.407752991 -116.166709900 -113.045829773 -131.277679443 4.038161755 -179.005569458 24.897466660 -186.315124512 100.179405212 -122.662788391 98.931335449 -116.002334595 141.241287231 -125.150421143 1138.387695312 150.499755859 894.568298340 785.117614746 56.449668884 1312.697143555 -835.596801758 1041.818725586 -1124.471191406 -87.034782410 -1096.915527344 -749.704162598 169.881240845 -1276.508789062 893.558288574 -1034.797485352
175.115066528 13.839510918 164.465774536 24.742174149 145.492950439 105.605934143 36.917770386 165.897399902 109.347030640 130.919860840 8.534330368 144.624588013 1.213007331 143.901199341 -93.106384277 156.094512939 -90.137168884 122.929824829 -114.623664856 -2.828427315 -134.696929932 104.922386169 -126.001144409 -74.276023865 -133.700958252 -60.536476135 -122.205986023 -116.492286682 -113.853645325 -131.580810547 4.300086498 -179.912017822 25.131090164 -187.218933105 100.824768066 -123.350013733 99.576881409 -116.696922302 141.840469360 -125.846160889 1137.407104492 150.594924927 894.021240234 784.280761719 56.255531311 1311.621215820 -834.451293945 1041.540161133 -1123.666748047 -87.462951660 -1095.939941406 -749.209289551 169.632232666 -1275.485839844 892.604064941 -1034.122070312
175.913223267 14.189267159 165.279449463 25.076496124 146.178115845 105.837623596 36.713470459 166.807357788 110.065040588 131.109130859 8.368058205 145.560684204 1.056588650 144.839813232 -93.315155029 156.773544312 -90.344184875 123.640937805 -115.363250732 -2.980235577 -134.848800659 105.642013550 -126.786247253 -74.680801392 -134.433227539 -60.614700317 -123.000862122 -116.840927124 -114.658569336 -131.907165527 4.545497417 -180.820190430 25.348003387 -188.124084473 101.453384399 -124.048171997 100.205657959 -117.402404785 142.422363281 -126.552261353 1136.413452148 150.653182983 893.451721191 783.478942871 56.096752167 1310.527221680 -833.316406250 1041.264160156 -1122.874389648 -87.927650452 -1094.951416016 -748.750427246 169.343322754 -1274.459716797 891.617370605 -1033.470092773
176.712249756 14.530628204 166.093933105 25.402265549 146.864929199 106.087730408 36.519943237 167.716888428 110.785621643 131.316497803 8.212838173 146.496063232 0.911290467 145.777618408 -93.516601562 157.464874268 -90.543869019 124.364250183 -116.101593018 -3.153961420 -134.993270874 106.373359680 -127.565979004 -75.108039856 -135.165802002 -60.715637207 -123.791435242 -117.212554932 -115.459648132 -132.256668091 4.773413181 -181.729598999 25.547237396 -189.030059814 102.064308167 -124.757072449 100.816703796 -118.118576050 142.986022949 -127.268470764 1135.407470703 150.674087524 892.860229492 782.711914062 55.973873138 1309.415893555 -832.194519043 1040.985839844 -1122.093383789 -88.426277161 -1093.949829102 -748.327392578 169.014450073 -1273.431884766 890.599487305 -1032.843139648
177.512054443 14.862227440 166.909133911 25.718111038 147.552474976 106.357223511 36.338428497 168.625564575 111.507888794 131.542999268 8.069908142 147.430282593 0.778348029 146.714172363 -93.712547302 158.168167114 -90.738014221 125.099449158 -116.837997437 -3.349214554 -135.132095337 107.116218567 -128.339431763 -75.557502747 -135.897918701 -60.838966370 -124.576766968 -117.607025146 -116.255935669 -132.629226685 4.982924461 -182.639694214 25.727907181 -189.936294556 102.656639099 -125.476432800 101.409126282 -118.845176697 143.530593872 -127.994453430 1134.390136719 150.657226562 892.247436523 781.979431152 55.887428284 1308.288330078 -831.088073730 1040.700195312 -1121.321899414 -88.955894470 -1092.934936523 -747.940063477 168.645614624 -1272.403808594 889.551696777 -1032.242431641
178.312530518 15.182746887 167.724899292 26.022712708 148.239761353 106.646881104 36.170112610 169.532958984 112.230918884 131.789459229 7.940435410 148.362854004 0.658927202 147.648956299 -93.904876709 158.883026123 -90.928489685 125.846138000 -117.571807861 -3.565475464 -135.267120361 107.870323181 -129.105728149 -76.028930664 -136.628845215 -60.984210968 -125.355926514 -118.024101257 -117.046493530 -133.024642944 5.173198700 -183.549911499 25.889205933 -190.842178345 103.229576111 -126.205940247 101.982139587 -119.581863403 144.055297852 -128.729843140 1133.362182617 150.602172852 891.613769531 781.281188965 55.837936401 1307.145507812 -829.999511719 1040.402709961 -1120.558349609 -89.513595581 -1091.906616211 -747.588256836 168.236923218 -1271.377197266 888.475585938 -1031.669189453
179.113479614 15.490923882 168.541015625 26.314805984 148.925811768 106.957290649 36.016101837 170.438552856 112.953750610 132.056564331 7.825518608 149.293243408 0.554121554 148.581466675 -94.095527649 159.608993530 -91.117218018 126.603881836 -118.302391052 -3.802120209 -135.400192261 108.635360718 -129.863967896 -76.521995544 -137.357864380 -61.150775909 -126.128013611 -118.463523865 -117.830398560 -133.442657471 5.343484879 -184.459655762 26.030408859 -191.747116089 103.782402039 -126.945205688 102.535011292 -120.328262329 144.559463501 -129.474212646 1132.324951172 150.508560181 890.959472656 780.616882324 55.825881958 1305.988647461 -828.931518555 1040.089111328 -1119.800415039 -90.096443176 -1090.864624023 -747.271911621 167.788650513 -1270.353881836 887.372741699 -1031.124877930
179.914672852 15.785550117 169.357254028 26.593185425 149.609619141 107.288879395 35.877449036 171.341812134 113.675384521 132.344818115 7.726181507 150.220916748 0.464948535 149.511108398 -94.286529541 160.345550537 -91.306198120 127.372169495 -119.029151917 -4.058441162 -135.533279419 109.410919189 -130.613327026 -77.036323547 -138.084320068 -61.337978363 -126.892120361 -118.924964905 -118.606735229 -133.882980347 5.493118763 -185.368331909 26.150880814 -192.650497437 104.314491272 -127.693809509 103.067131042 -121.083946228 145.042495728 -130.227111816 1131.279541016 150.376052856 890.284912109 779.986083984 55.851703644 1304.819213867 -827.886901855 1039.755371094 -1119.045288086 -90.701446533 -1089.808837891 -746.991149902 167.301147461 -1269.335815430 886.244934082 -1030.610595703
180.715820312 16.065477371 170.173278809 26.856704712 150.290191650 107.641921997 35.755126953 172.242172241 114.394813538 132.654602051 7.643371582 151.145248413 0.392348200 150.437286377 -94.479949951 161.092117310 -91.497482300 128.150421143 -119.751533508 -4.333662033 -135.668395996 110.196556091 -131.352966309 -77.571517944 -138.807540894 -61.545040131 -127.647377014 -119.408065796 -119.374633789 -134.345275879 5.621525288 -186.275344849 26.250083923 -193.551681519 104.825309753 -128.451293945 103.577964783 -121.848457336 145.503936768 -130.988021851 1130.227294922 150.204360962 889.590270996 779.388549805 55.915786743 1303.638549805 -826.868591309 1039.398193359 -1118.290161133 -91.325431824 -1088.738891602 -746.745910645 166.774902344 -1268.324829102 885.094116211 -1030.127563477
181.516586304 16.329614639 170.988784790 27.104286194 150.966491699 108.016563416 35.650039673 173.139038086 115.111022949 132.986145020 7.577957153 152.065628052 0.337180495 151.359359741 -94.677925110 161.848022461 -91.693191528 128.937973022 -120.469017029 -4.626949787 -135.807617188 110.991722107 -132.082046509 -78.127151489 -139.526931763 -61.771114349 -128.392913818 -119.912437439 -120.133193970 -134.829193115 5.728225231 -187.180068970 26.327571869 -194.450073242 105.314437866 -129.217178345 104.067108154 -122.621307373 145.943420410 -131.756454468 1129.169555664 149.993270874 888.875610352 778.823913574 56.018455505 1302.448242188 -825.879821777 1039.014526367 -1117.531494141 -91.964981079 -1087.654663086 -746.536376953 166.210556030 -1267.322998047 883.922119141 -1029.676879883
182.316635132 16.576940536 171.803359985 27.334918976 151.637512207 108.412811279 35.563007355 174.031799316 115.823013306 133.339523315 7.530725479 152.981414795 0.300222516 152.276687622 -94.882659912 162.612518311 -91.895500183 129.734115601 -121.181098938 -4.937416077 -135.953063965 111.795822144 -132.799789429 -78.702781677 -140.241912842 -62.015281677 -129.127914429 -120.437652588 -120.881568909 -135.334304810 5.812834740 -188.081939697 26.382999420 -195.345046997 105.781562805 -129.990966797 104.534233093 -123.402015686 146.360656738 -132.531890869 1128.108032227 149.742645264 888.140991211 778.291992188 56.159957886 1301.250122070 -824.923645020 1038.602783203 -1116.765014648 -92.616271973 -1086.555908203 -746.362792969 165.608856201 -1266.332153320 882.730895996 -1029.259521484
183.115570068 16.806503296 172.616622925 27.547662735 152.302307129 108.830589294 35.494770050 174.919815063 116.529762268 133.714767456 7.502378941 153.891967773 0.282165617 153.188629150 -95.096366882 163.384796143 -92.106605530 130.538055420 -121.887298584 -5.264115810 -136.106933594 112.608177185 -133.505416870 -79.297920227 -140.951904297 -62.276557922 -129.851516724 -120.983283997 -121.618919373 -135.860214233 5.875068665 -188.980361938 26.416116714 -196.236053467 106.226463318 -130.772155762 104.979141235 -124.190063477 146.755523682 -133.313812256 1127.044067383 149.452438354 887.386535645 777.792541504 56.340450287 1300.045776367 -824.001708984 1038.164306641 -1115.986206055 -93.274887085 -1085.442382812 -746.225341797 164.970672607 -1265.354614258 881.522460938 -1028.876464844
183.912979126 17.017423630 173.428131104 27.741651535 152.959854126 109.269706726 35.445987701 175.802474976 117.230293274 134.111785889 7.493530750 154.796630859 0.283611983 154.094528198 -95.321105957 164.164031982 -92.328567505 131.348968506 -122.587150574 -5.606036186 -136.271270752 113.428100586 -134.198150635 -79.912094116 -141.656372070 -62.553871155 -130.562927246 -121.548843384 -122.344413757 -136.406463623 5.914736748 -189.874816895 26.426773071 -197.122543335 106.649040222 -131.560272217 105.401725769 -124.984970093 147.127944946 -134.101715088 1125.979614258 149.122680664 886.611999512 777.325439453 56.560005188 1298.837280273 -823.114379883 1037.700317383 -1115.189697266 -93.935615540 -1084.314086914 -746.124328613 164.296966553 -1264.392089844 880.298706055 -1028.528442383
184.708419800 17.208896637 174.237426758 27.916105270 153.609237671 109.729919434 35.417228699 176.679153442 117.923622131 134.530380249 7.504704952 155.694778442 0.305074364 154.993743896 -95.558738708 164.949356079 -92.563224792 132.166015625 -123.280212402 -5.962074757 -136.447921753 114.254829407 -134.877258301 -80.544784546 -142.354766846 -62.846042633 -131.261367798 -122.133865356 -123.057235718 -136.972579956 5.931746483 -190.764801025 26.414911270 -198.004028320 107.049293518 -132.354797363 105.801979065 -125.786247253 147.477996826 -134.895111084 1124.916503906 148.753540039 885.817504883 776.890625000 56.818595886 1297.626586914 -822.261901855 1037.211547852 -1114.369873047 -94.592201233 -1083.170898438 -746.060180664 163.588790894 -1263.446655273 879.061645508 -1028.216064453
185.501434326 17.380205154 175.044052124 28.070323944 154.249511719 110.210891724 35.408973694 177.549240112 118.608802795 134.970336914 7.536336899 156.585769653 0.346974492 155.885635376 -95.810890198 165.739868164 -92.812210083 132.988296509 -123.966041565 -6.331006050 -136.638549805 115.087554932 -135.542022705 -81.195472717 -143.046554565 -63.151756287 -131.946044922 -122.737831116 -123.756599426 -137.558090210 5.926096439 -191.649856567 26.380565643 -198.880035400 107.427307129 -133.155319214 106.180015564 -126.593437195 147.805816650 -135.693542480 1123.856567383 148.345275879 885.002807617 776.488098145 57.116100311 1296.415649414 -821.444091797 1036.698974609 -1113.520507812 -95.237281799 -1082.012573242 -746.033264160 162.847290039 -1262.520019531 877.813110352 -1027.939941406
186.291564941 17.530719757 175.847534180 28.203699112 154.879776001 110.712265015 35.421611786 178.412155151 119.284881592 135.431350708 7.588768959 157.469024658 0.409642160 156.769622803 -96.078987122 166.534606934 -93.076927185 133.814880371 -124.644233704 -6.711441994 -136.844604492 115.925422668 -136.191711426 -81.863616943 -143.731246948 -63.469501495 -132.616195679 -123.360221863 -124.441719055 -138.162445068 5.897871971 -192.529586792 26.323860168 -199.750213623 107.783279419 -133.961364746 106.536010742 -127.406105042 148.111663818 -136.496597290 1122.801635742 147.898239136 884.167846680 776.117980957 57.452297211 1295.206420898 -820.660888672 1036.163085938 -1112.636230469 -95.862510681 -1080.839355469 -746.043945312 162.073638916 -1261.614135742 876.554931641 -1027.700439453
187.078369141 17.659896851 176.647384644 28.315711975 155.499145508 111.233596802 35.455440521 179.267318726 119.950942993 135.913055420 7.662254333 158.343978882 0.493317038 157.645111084 -96.364219666 167.332580566 -93.358604431 134.644790649 -125.314414978 -7.101789474 -137.067321777 116.767524719 -136.825653076 -82.548660278 -144.408355713 -63.797550201 -133.271087646 -124.000480652 -125.111824036 -138.785140991 5.847241402 -193.403656006 26.244993210 -200.614196777 108.117485046 -134.772567749 106.870254517 -128.223876953 148.395843506 -137.303863525 1121.753906250 147.412948608 883.312500000 775.780334473 57.826877594 1294.001098633 -819.911865234 1035.604736328 -1111.717407227 -96.465736389 -1079.651000977 -746.088989258 161.269058228 -1260.730590820 875.289367676 -1027.494506836
187.861373901 17.767288208 177.443176270 28.405935287 156.106750488 111.774421692 35.510681152 180.114227295 120.606086731 136.415069580 7.756958485 159.210083008 0.598151803 158.511596680 -96.667594910 168.132781982 -93.658241272 135.477035522 -125.976257324 -7.500463963 -137.307800293 117.612907410 -137.443237305 -83.249923706 -145.077468872 -64.134185791 -133.910064697 -124.657928467 -125.766258240 -139.425491333 5.774449825 -194.271789551 26.144241333 -201.471755981 108.430374146 -135.588485718 107.183189392 -129.046295166 148.658874512 -138.114974976 1120.715209961 146.889968872 882.436706543 775.475524902 58.239440918 1292.801635742 -819.196594238 1035.024047852 -1110.765014648 -97.045425415 -1078.447265625 -746.163085938 160.434783936 -1259.870849609 874.018249512 -1027.318847656
188.640182495 17.852537155 178.234436035 28.474037170 156.701751709 112.334243774 35.587455750 180.952423096 121.249443054 136.936950684 7.872963428 160.066894531 0.724216044 159.368621826 -96.989921570 168.934173584 -93.976669312 136.310607910 -126.629455566 -7.905905724 -137.566909790 118.460601807 -138.044006348 -83.966567993 -145.738189697 -64.477729797 -134.532623291 -125.331726074 -126.404479980 -140.082641602 5.679809570 -195.133773804 26.021945953 -202.322692871 108.722518921 -136.408676147 107.475402832 -129.872940063 148.901351929 -138.929473877 1119.687622070 146.330001831 881.540283203 775.203735352 58.689506531 1291.610107422 -818.514648438 1034.421386719 -1109.781005859 -97.599937439 -1077.227294922 -746.260559082 159.572677612 -1259.035644531 872.743164062 -1027.169921875
189.414367676 17.915380478 179.020782471 28.519783020 157.283355713 112.912521362 35.685817719 181.781463623 121.880149841 137.478225708 8.010272026 160.914001465 0.871500909 160.215759277 -97.331855774 169.735702515 -94.314552307 137.144439697 -127.273780823 -8.316561699 -137.845367432 119.309600830 -138.627609253 -84.697662354 -146.390182495 -64.826515198 -135.138351440 -126.020896912 -127.026054382 -140.755630493 5.563726425 -195.989471436 25.878538132 -203.166870117 108.994628906 -137.232727051 107.747596741 -130.703384399 149.124008179 -139.746978760 1118.672973633 145.733825684 880.623229980 774.965454102 59.176525116 1290.428100586 -817.865600586 1033.797241211 -1108.767089844 -98.127616882 -1075.990478516 -746.375122070 158.686065674 -1258.224121094 871.465332031 -1027.043823242
190.183578491 17.955648422 179.801818848 28.543024063 157.850753784 113.508697510 35.805736542 182.601028442 122.497367859 138.038406372 8.168814659 161.751052856 1.039924264 161.052688599 -97.693862915 170.536315918 -94.672393799 137.977523804 -127.909049988 -8.730887413 -138.143768311 120.158889771 -139.193832397 -85.442123413 -147.033203125 -65.178894043 -135.726989746 -126.724327087 -127.630706787 -141.443328857 5.426757812 -196.838806152 25.714591980 -204.004241943 109.247512817 -138.060165405 108.000572205 -131.537170410 149.327697754 -140.567108154 1117.673339844 145.102325439 879.685546875 774.761047363 59.699893951 1289.257812500 -817.248962402 1033.151367188 -1107.725463867 -98.626907349 -1074.737182617 -746.499694824 157.778106689 -1257.434570312 870.185729980 -1026.936279297
190.947448730 17.973262787 180.577209473 28.543703079 158.403167725 114.122177124 35.947109222 183.410797119 123.100288391 138.616958618 8.348453522 162.577774048 1.229337573 161.879119873 -98.076301575 171.334960938 -95.050552368 138.808792114 -128.535186768 -9.147346497 -138.462554932 121.007438660 -139.742645264 -86.198791504 -147.667068481 -65.533256531 -136.298446655 -127.440780640 -128.218338013 -142.144470215 5.269587994 -197.681716919 25.530805588 -204.834777832 109.482055664 -138.890625000 108.235237122 -132.373931885 149.513305664 -141.389480591 1116.690307617 144.436416626 878.727355957 774.591064453 60.258960724 1288.100708008 -816.664245605 1032.484008789 -1106.658203125 -99.096374512 -1073.467407227 -746.626220703 156.851867676 -1256.665405273 868.905029297 -1026.842651367
191.705688477 17.968225479 181.346679688 28.521850586 158.939895630 114.752342224 36.109779358 184.210556030 123.688110352 139.213317871 8.548988342 163.393936157 1.439532995 162.694839478 -98.479393005 172.130584717 -95.449295044 139.637237549 -129.152145386 -9.564416885 -138.802017212 121.854232788 -140.274215698 -86.966362000 -148.291687012 -65.887992859 -136.852859497 -128.168914795 -128.789031982 -142.857681274 5.093005180 -198.518234253 25.327976227 -205.658554077 109.699249268 -139.723693848 108.452568054 -133.213256836 149.681854248 -142.213775635 1115.725585938 143.737075806 877.748779297 774.456054688 60.853031158 1286.958496094 -816.111206055 1031.795043945 -1105.567138672 -99.534721375 -1072.181274414 -746.745849609 155.910293579 -1255.914062500 867.623718262 -1026.757812500
192.458068848 17.940631866 182.109970093 28.477579117 159.460189819 115.398559570 36.293521881 185.000167847 124.260070801 139.826889038 8.770171165 164.199447632 1.670252800 163.499755859 -98.903251648 172.922149658 -95.868751526 140.461807251 -129.759963989 -9.980603218 -139.162384033 122.698249817 -140.788894653 -87.743438721 -148.906997681 -66.241554260 -137.390548706 -128.907226562 -129.343139648 -143.581451416 4.897881985 -199.348464966 25.106975555 -206.475677490 109.900169373 -140.559051514 108.653640747 -134.054824829 149.834365845 -143.039703369 1114.781127930 143.005340576 876.750061035 774.356628418 61.481399536 1285.832885742 -815.589416504 1031.084472656 -1104.454589844 -99.940803528 -1070.879150391 -746.849121094 154.956298828 -1255.178222656 866.342224121 -1026.675781250
193.204376221 17.890649796 182.866882324 28.411081314 159.963424683 116.060173035 36.498065948 185.779541016 124.815444946 140.457061768 9.011705399 164.994232178 1.921193719 164.293807983 -99.347900391 173.708633423 -96.308982849 141.281509399 -130.358703613 -10.394439697 -139.543777466 123.538467407 -141.287277222 -88.528511047 -149.513031006 -66.592407227 -137.912048340 -129.654144287 -129.881149292 -144.314117432 4.685160637 -200.172546387 24.868741989 -207.286315918 110.085960388 -141.396347046 108.839599609 -134.898315430 149.972015381 -143.866989136 1113.858154297 142.242263794 875.731811523 774.291931152 62.143333435 1284.724975586 -815.098693848 1030.351928711 -1103.322265625 -100.313606262 -1069.561401367 -746.926086426 153.992752075 -1254.454589844 865.060913086 -1026.590332031
193.944503784 17.818525314 183.617340088 28.322614670 160.448959351 116.736434937 36.723102570 186.548675537 125.353569031 141.103134155 9.273257256 165.778320312 2.192014217 165.077026367 -99.813278198 174.489013672 -96.769950867 142.095352173 -130.948532104 -10.804499626 -139.946228027 124.373886108 -141.770141602 -89.319946289 -150.109848022 -66.939102173 -138.418121338 -130.407913208 -130.403808594 -145.053924561 4.455842495 -200.990692139 24.614267349 -208.090713501 110.257873535 -142.235336304 109.011718750 -135.743453979 150.096023560 -144.695404053 1112.958251953 141.448898315 874.694458008 774.258300781 62.838088989 1283.636230469 -814.638854980 1029.597167969 -1102.172119141 -100.652236938 -1068.229370117 -746.966979980 153.022644043 -1253.739624023 863.780456543 -1026.494018555
194.678375244 17.724565506 184.361236572 28.212507248 160.916336060 117.426513672 36.968284607 187.307678223 125.873901367 141.764312744 9.554456711 166.551834106 2.482340813 165.849548340 -100.299263000 175.262298584 -97.251579285 142.902328491 -131.529586792 -11.209405899 -140.369735718 125.203514099 -142.238464355 -90.115997314 -150.697570801 -67.280220032 -138.909729004 -131.166656494 -130.912094116 -145.798919678 4.210984707 -201.803192139 24.344593048 -208.889205933 110.417304993 -143.075744629 109.171356201 -136.589981079 150.207717896 -145.524749756 1112.082641602 140.626358032 873.638488770 774.251892090 63.564926147 1282.567871094 -814.209899902 1028.820068359 -1101.006347656 -100.955902100 -1066.884887695 -746.970214844 152.049133301 -1253.029541016 862.501831055 -1026.379150391
195.406005859 17.609148026 185.098632812 28.081146240 161.365188599 118.129463196 37.233222961 188.056716919 126.376014709 142.439620972 9.854913712 167.314971924 2.791776657 166.611572266 -100.805679321 176.027526855 -97.753707886 143.701477051 -132.102096558 -11.607828140 -140.814178467 126.026359558 -142.693283081 -90.914962769 -151.276351929 -67.614410400 -139.387878418 -131.928588867 -131.406997681 -146.547256470 3.951700687 -202.610397339 24.060808182 -209.682144165 110.565765381 -143.917343140 109.320045471 -137.437667847 150.308609009 -146.354888916 1111.232543945 139.775802612 872.564086914 774.268737793 64.320388794 1281.519165039 -813.811828613 1028.020263672 -1099.826538086 -101.223915100 -1065.530151367 -746.935485840 151.075729370 -1252.319824219 861.226623535 -1026.237792969
196.127441406 17.472703934 185.829589844 27.928974152 161.795257568 118.844268799 37.517406464 188.796020508 126.859596252 143.128051758 10.174102783 168.068008423 3.119797230 167.363388062 -101.332305908 176.783706665 -98.276161194 144.491851807 -132.666320801 -11.998489380 -141.279464722 126.841445923 -143.135635376 -91.715225220 -151.846389771 -67.940383911 -139.853561401 -132.691955566 -131.889511108 -147.297149658 3.679171085 -203.412719727 23.764068604 -210.469985962 110.704971313 -144.759918213 109.459495544 -138.286346436 150.400314331 -147.185684204 1110.406494141 138.900848389 871.471557617 774.304260254 65.100280762 1280.488159180 -813.444763184 1027.197509766 -1098.634643555 -101.455696106 -1064.167236328 -746.862548828 150.106323242 -1251.605590820 859.957397461 -1026.062255859
196.842834473 17.315830231 186.554260254 27.756595612 162.206390381 119.569847107 37.820167542 189.525939941 127.324432373 143.828506470 10.511366844 168.811309814 3.465744495 168.105377197 -101.878868103 177.529907227 -98.818710327 145.272521973 -133.222564697 -12.380170822 -141.765396118 127.647827148 -143.566528320 -92.515197754 -152.407928467 -68.256912231 -140.307785034 -133.455108643 -132.360626221 -148.046905518 3.394658327 -204.210678101 23.455602646 -211.253280640 110.836822510 -145.603302002 109.591606140 -139.135787964 150.484680176 -148.016998291 1109.602294922 138.004989624 870.361999512 774.353637695 65.900299072 1279.472778320 -813.109008789 1026.351562500 -1097.432617188 -101.650749207 -1062.797973633 -746.751159668 149.145416260 -1250.881835938 858.696716309 -1025.849609375
197.552368164 17.139266968 187.272842407 27.564750671 162.598602295 120.305046082 38.140724182 190.246902466 127.770484924 144.539794922 10.865932465 169.545349121 3.828848839 168.837997437 -102.445068359 178.265197754 -99.381072998 146.042541504 -133.771102905 -12.751712799 -142.271789551 128.444534302 -143.986953735 -93.313369751 -152.961227417 -68.562835693 -140.751525879 -134.216461182 -132.821289062 -148.794860840 3.099523067 -205.004882812 23.136726379 -212.032623291 110.963348389 -146.447387695 109.718399048 -139.985931396 150.563644409 -148.848815918 1108.817871094 137.091720581 869.236328125 774.411560059 66.715972900 1278.470336914 -812.804809570 1025.482177734 -1096.222045898 -101.808677673 -1061.424560547 -746.601318359 148.198013306 -1250.143554688 857.446960449 -1025.600219727
198.256271362 16.943866730 187.985610962 27.354290009 162.972015381 121.048683167 38.478179932 190.959426880 128.197860718 145.260681152 11.236928940 170.270660400 4.208245277 169.561813354 -103.030570984 178.988616943 -99.962959290 146.800994873 -134.312332153 -13.112014771 -142.798355103 129.230606079 -144.397903442 -94.108283997 -153.506591797 -68.857048035 -141.185729980 -134.974441528 -133.272460938 -149.539443970 2.795248985 -205.796020508 22.808877945 -212.808776855 111.086563110 -147.292098999 109.841896057 -140.836700439 150.639160156 -149.681182861 1108.050170898 136.164520264 868.095336914 774.471984863 67.542564392 1277.477416992 -812.532592773 1024.589233398 -1095.004638672 -101.929161072 -1060.049072266 -746.413024902 147.269622803 -1249.386352539 856.210388184 -1025.314819336
198.954879761 16.730581284 188.692901611 27.126159668 163.326934814 121.799537659 38.831546783 191.664108276 128.606796265 145.989868164 11.623399734 170.987915039 4.602984428 170.277481079 -103.635009766 179.699295044 -100.564033508 147.546966553 -134.846572876 -13.460036278 -143.344863892 130.005126953 -144.800338745 -94.898513794 -154.044326782 -69.138526917 -141.611343384 -135.727584839 -133.715057373 -150.279174805 2.483460903 -206.584915161 22.473623276 -213.582534790 111.208465576 -148.137420654 109.964088440 -141.688110352 150.713150024 -150.514129639 1107.296020508 135.226974487 866.939758301 774.528442383 68.374961853 1276.490478516 -812.292907715 1023.672607422 -1093.782226562 -102.011947632 -1058.673583984 -746.186340332 146.365997314 -1248.606567383 854.989074707 -1024.993774414
199.648590088 16.500450134 189.395111084 26.881389618 163.663757324 122.556320190 39.199752808 192.361694336 128.997665405 146.726013184 12.024299622 171.697845459 5.012031078 170.985794067 -104.257980347 180.396316528 -101.183937073 148.279556274 -135.374267578 -13.794793129 -143.910964966 130.767135620 -145.195220947 -95.682716370 -154.574783325 -69.406280518 -142.029266357 -136.474487305 -134.149993896 -151.012573242 2.165938616 -207.372451782 22.132682800 -214.354843140 111.331024170 -148.983367920 110.086936951 -142.540130615 150.787536621 -151.347732544 1106.552001953 134.282882690 865.770385742 774.573791504 69.207595825 1275.505981445 -812.086364746 1022.732299805 -1092.556396484 -102.056869507 -1057.300170898 -745.921447754 145.492156982 -1247.802368164 853.785217285 -1024.638061523
200.337860107 16.254596710 190.092758179 26.621089935 163.983032227 123.317703247 39.581611633 193.053009033 129.371017456 147.467697144 12.438490868 172.401351929 5.434258938 171.687606812 -104.899047852 181.078781128 -101.822273254 148.997909546 -135.895782471 -14.115357399 -144.496337891 131.515716553 -145.583435059 -96.459579468 -155.098297119 -69.659400940 -142.440399170 -137.213806152 -134.578125000 -151.738281250 1.844588757 -208.159591675 21.787897110 -215.126678467 111.456176758 -149.829925537 110.212387085 -143.392776489 150.864181519 -152.182098389 1105.813964844 133.336257935 864.588256836 774.600524902 70.034385681 1274.519653320 -811.913513184 1021.768615723 -1091.328613281 -102.063835144 -1055.930664062 -745.618652344 144.649734497 -1246.975341797 852.600830078 -1024.248535156
201.023254395 15.994224548 190.786392212 26.346446991 164.285446167 124.082298279 39.975833893 193.739028931 129.727523804 148.213455200 12.864727974 173.099395752 5.868438721 172.383911133 -105.557754517 181.745864868 -102.478622437 149.701126099 -136.411560059 -14.420849800 -145.100585938 132.249984741 -145.965881348 -97.227859497 -155.615219116 -69.897003174 -142.845596313 -137.944213867 -135.000305176 -152.454986572 1.521279216 -208.947311401 21.441076279 -215.899017334 111.585853577 -150.677108765 110.342353821 -144.246078491 150.944992065 -153.017288208 1105.077758789 132.391540527 863.394775391 774.600708008 70.848785400 1273.527954102 -811.775207520 1020.781738281 -1090.100585938 -102.032783508 -1054.567260742 -745.278320312 143.840286255 -1246.127441406 851.438110352 -1023.826049805
201.705398560 15.720626831 191.476669312 26.058736801 164.571823120 124.848670959 40.381000519 194.420837402 130.068008423 148.961700439 13.301658630 173.793106079 6.313232899 173.075836182 -106.233604431 182.396697998 -103.152511597 150.388381958 -136.922027588 -14.710437775 -145.723297119 132.969024658 -146.343444824 -97.986373901 -156.125946045 -70.118270874 -143.245697021 -138.664535522 -135.417358398 -153.161468506 1.197836041 -209.736557007 21.093982697 -216.672866821 111.721931458 -151.524887085 110.478721619 -145.100006104 151.031799316 -153.853378296 1104.339233398 131.453567505 862.191711426 774.566589355 71.643997192 1272.527465820 -811.672058105 1019.772277832 -1088.873535156 -101.963745117 -1053.212036133 -744.900756836 143.065277100 -1245.260620117 850.298950195 -1023.371704102
202.385040283 15.435196877 192.164337158 25.759330750 164.843139648 125.615310669 40.795578003 195.099670410 130.393493652 149.710845947 13.747801781 174.483764648 6.767182827 173.764663696 -106.926055908 183.030502319 -103.843452454 151.058853149 -137.427627563 -14.983333588 -146.364013672 133.671981812 -146.716979980 -98.734016418 -156.630813599 -70.322418213 -143.641540527 -139.373641968 -135.830123901 -153.856582642 0.876048446 -210.528289795 20.748355865 -217.449218750 111.866264343 -152.373245239 110.623344421 -145.954544067 151.126449585 -154.690414429 1103.594360352 130.527572632 860.981567383 774.494262695 72.413604736 1271.515502930 -811.604858398 1018.740905762 -1087.648925781 -101.856781006 -1051.866943359 -744.486633301 142.326095581 -1244.376831055 849.185424805 -1022.886718750
203.062988281 15.139435768 192.850250244 25.449703217 165.100494385 126.380714417 41.217887878 195.776779175 130.705032349 150.459259033 14.201549530 175.172622681 7.228698254 174.451660156 -107.634536743 183.646499634 -104.550888062 151.711776733 -137.928787231 -15.238783836 -147.022232056 134.358001709 -147.087402344 -99.469810486 -157.130172729 -70.508697510 -144.034011841 -140.070510864 -136.239425659 -154.539306641 0.557664573 -211.323486328 20.405891418 -218.229064941 112.020660400 -153.222122192 110.778022766 -146.809631348 151.230728149 -155.528411865 1102.839355469 129.619064331 859.766540527 774.383544922 73.151672363 1270.489624023 -811.574401855 1017.688537598 -1086.427978516 -101.711982727 -1050.533447266 -744.036254883 141.624023438 -1243.478149414 848.099426270 -1022.372192383
203.740158081 14.834966660 193.535324097 25.131448746 165.344955444 127.143463135 41.646121979 196.453445435 131.003738403 151.205398560 14.661167145 175.861007690 7.696068764 175.138153076 -108.358428955 184.243972778 -105.274246216 152.346389771 -138.425903320 -15.476070404 -147.697387695 135.026290894 -147.455596924 -100.192840576 -157.624313354 -70.676414490 -144.423965454 -140.754226685 -136.646133423 -155.208709717 0.244401813 -212.123062134 20.068264008 -219.013381958 112.186882019 -154.071426392 110.944503784 -147.665206909 151.346374512 -156.367355347 1102.070922852 128.733154297 858.549072266 774.234497070 73.853462219 1269.448974609 -811.577453613 1016.616760254 -1085.212158203 -101.529510498 -1049.213134766 -743.550231934 140.960220337 -1242.566772461 847.042846680 -1021.829589844
204.417495728 14.523510933 194.220504761 24.806261063 165.577575684 127.902191162 42.078414917 197.130950928 131.290664673 151.947830200 15.124846458 176.550201416 8.167505264 175.825454712 -109.096954346 184.822341919 -106.012779236 152.962112427 -138.919403076 -15.694505692 -148.388778687 135.676223755 -147.822463989 -100.902297974 -158.113540649 -70.824882507 -144.812286377 -141.423980713 -137.051116943 -155.863937378 -0.062051319 -212.927932739 19.737129211 -219.803085327 112.366615295 -154.921035767 111.124481201 -148.521118164 151.475128174 -157.207199097 1101.286376953 127.874603271 857.331359863 774.047058105 74.517944336 1268.395751953 -811.610351562 1015.527587891 -1084.002441406 -101.309532166 -1047.907348633 -743.029113770 140.335754395 -1241.644775391 846.017456055 -1021.260253906
205.095916748 14.206884384 194.906753540 24.475923538 165.799453735 128.655609131 42.512947083 197.810592651 131.566925049 152.685134888 15.590843201 177.241546631 8.641286850 176.514877319 -109.849235535 185.381271362 -106.765602112 153.558547974 -139.409622192 -15.893428802 -149.095504761 136.307312012 -148.188903809 -101.597457886 -158.598083496 -70.953483582 -145.199829102 -142.078994751 -137.455200195 -156.504272461 -0.360035896 -213.738952637 19.414113998 -220.599075317 112.561485291 -155.770782471 111.319587708 -149.377212524 151.618621826 -158.047836304 1100.483886719 127.047889709 856.115844727 773.821533203 75.144172668 1267.332031250 -811.669250488 1014.422607422 -1082.800170898 -101.052268982 -1046.617309570 -742.473266602 139.751617432 -1240.714599609 845.024841309 -1020.665649414
205.776367188 13.886993408 195.595016479 24.142311096 166.011657715 129.402481079 42.947971344 198.493637085 131.833557129 153.416046143 16.057468414 177.936309814 9.115741730 177.207717896 -110.614273071 185.920516968 -107.531753540 154.135482788 -139.896881104 -16.072214127 -149.816619873 136.919281006 -148.555801392 -102.277671814 -159.078155518 -71.061614990 -145.587463379 -142.718658447 -137.859252930 -157.129013062 -0.647930086 -214.556900024 19.100816727 -221.402175903 112.773033142 -156.620452881 111.531349182 -150.233291626 151.778427124 -158.889129639 1099.662963867 126.256729126 854.904785156 773.558166504 75.731292725 1266.259643555 -811.750061035 1013.303161621 -1081.606445312 -100.757965088 -1045.343872070 -741.883239746 139.208633423 -1239.778442383 844.065795898 -1020.046813965
206.459732056 13.565811157 196.286193848 23.807367325 166.215225220 130.141677856 43.381782532 199.181365967 132.091629028 154.139312744 16.523078918 178.635818481 9.589248657 177.905288696 -111.391006470 186.440063477 -108.310165405 154.692840576 -140.381484985 -16.230264664 -150.551010132 137.511978149 -148.924026489 -102.942359924 -159.553878784 -71.148742676 -145.976028442 -143.342346191 -138.264099121 -157.737564087 -0.924159586 -215.382522583 18.798799515 -222.213165283 113.002639771 -157.469726562 111.761146545 -151.089050293 151.955963135 -159.730834961 1098.825561523 125.502502441 853.700439453 773.257385254 76.278549194 1265.181030273 -811.848205566 1012.170349121 -1080.422363281 -100.426895142 -1044.088256836 -741.259521484 138.707122803 -1238.838134766 843.141052246 -1019.404968262
207.146911621 13.245262146 196.981201172 23.472991943 166.411239624 130.872100830 43.812717438 199.875015259 132.342208862 154.853790283 16.986066818 179.341293335 10.060214043 178.608856201 -112.178321838 186.939971924 -109.099700928 155.230667114 -140.863647461 -16.367025375 -151.297531128 138.085418701 -149.294464111 -103.591018677 -160.025375366 -71.214378357 -146.366394043 -143.949539185 -138.670562744 -158.329406738 -1.187232256 -216.216400146 18.509546280 -223.032684326 113.251548767 -158.318252563 112.010223389 -151.944091797 152.152542114 -160.572601318 1097.973876953 124.786491394 852.505187988 772.919738770 76.785285950 1264.098266602 -811.958923340 1011.025024414 -1079.249023438 -100.059379578 -1042.851074219 -740.602539062 138.247192383 -1237.894897461 842.251220703 -1018.741027832
207.838790894 12.927227974 197.680953979 23.141033173 166.600799561 131.592819214 44.239166260 200.575790405 132.586364746 155.558486938 17.444869995 180.053985596 10.527091980 179.319641113 -112.975036621 187.420455933 -109.899200439 155.749191284 -141.343566895 -16.481987000 -152.054946899 138.639755249 -149.667938232 -104.223197937 -160.492660522 -71.258110046 -146.759368896 -144.539794922 -139.079452515 -158.904067993 -1.435744882 -217.059005737 18.234458923 -223.861236572 113.520812988 -159.165557861 112.279640198 -152.797988892 152.369293213 -161.414047241 1097.109863281 124.109878540 851.320922852 772.545593262 77.250953674 1263.013671875 -812.077026367 1009.867797852 -1078.087646484 -99.655769348 -1041.633056641 -739.912780762 137.828826904 -1236.950317383 841.396667480 -1018.055969238
208.536224365 12.613542557 198.386306763 22.813304901 166.785034180 132.302963257 44.659545898 201.284851074 132.825210571 156.252456665 17.897951126 180.775070190 10.988362312 180.038848877 -113.779945374 187.881866455 -110.707412720 156.248703003 -141.821365356 -16.574703217 -152.821990967 139.175231934 -150.045318604 -104.838485718 -160.955780029 -71.279609680 -147.155776978 -145.112655640 -139.491577148 -159.461074829 -1.668392301 -217.910675049 17.974855423 -224.699172974 113.811370850 -160.011154175 112.570320129 -153.650222778 152.607177734 -162.254653931 1096.235961914 123.473739624 850.149291992 772.135681152 77.675117493 1261.929321289 -812.196960449 1008.699340820 -1076.939453125 -99.216468811 -1040.434936523 -739.190551758 137.451858521 -1236.005249023 840.577514648 -1017.350646973
209.240066528 12.306003571 199.098144531 22.491579056 166.965042114 133.001831055 45.072303772 202.003280640 133.059875488 156.934951782 18.343805313 181.505645752 11.442528725 180.767578125 -114.591781616 188.324630737 -111.523056030 156.729644775 -142.297119141 -16.644798279 -153.597290039 139.692245483 -150.427413940 -105.436523438 -161.414657593 -71.278640747 -147.556411743 -145.667755127 -139.907699585 -160.000061035 -1.883974075 -218.771560669 17.731943130 -225.546707153 114.123962402 -160.854431152 112.883018494 -154.500228882 152.867034912 -163.093902588 1095.354492188 122.879035950 848.991821289 771.690429688 78.057418823 1260.847656250 -812.312500000 1007.520080566 -1075.805419922 -98.741943359 -1039.257446289 -738.436340332 137.116088867 -1235.061035156 839.794067383 -1016.625854492
209.951126099 12.006368637 199.817291260 22.177591324 167.141983032 133.688766479 45.475925446 202.732116699 133.291488647 157.605270386 18.780948639 182.246780396 11.888119698 181.506927490 -115.409233093 188.749313354 -112.344818115 157.192565918 -142.770858765 -16.691982269 -154.379486084 140.191299438 -150.815048218 -106.016967773 -161.869659424 -71.255142212 -147.962051392 -146.204742432 -140.328598022 -160.520660400 -2.081402540 -219.641708374 17.506834030 -226.403930664 114.459175110 -161.694808960 113.218330383 -155.347366333 153.149536133 -163.931182861 1094.467651367 122.326614380 847.849792480 771.210327148 78.397659302 1259.770874023 -812.416992188 1006.330627441 -1074.687011719 -98.232719421 -1038.100952148 -737.650512695 136.821197510 -1234.118164062 839.046264648 -1015.882324219
210.670150757 11.716354370 200.544494629 21.873041153 167.316955566 134.363265991 45.868927002 203.472290039 133.521118164 158.262802124 19.207929611 182.999435425 12.323688507 182.257812500 -116.230964661 189.156570435 -113.171302795 157.638122559 -143.242691040 -16.716068268 -155.167083740 140.673034668 -151.208999634 -106.579528809 -162.320724487 -71.209068298 -148.373443604 -146.723266602 -140.754989624 -161.022521973 -2.259703636 -220.521072388 17.300525665 -227.270767212 114.817474365 -162.531600952 113.576698303 -156.191009521 153.455184937 -164.765823364 1093.577392578 121.816856384 846.724304199 770.696044922 78.695938110 1258.700805664 -812.503295898 1005.131713867 -1073.585449219 -97.689422607 -1036.966186523 -736.833435059 136.566833496 -1233.177734375 838.334106445 -1015.120605469
211.397811890 11.437602043 201.280456543 21.579555511 167.491104126 135.024841309 46.249889374 204.224563599 133.749908447 158.907073975 19.623350143 183.764389038 12.747842789 183.021102905 -117.055557251 189.547195435 -114.001068115 158.067123413 -143.712615967 -16.716979980 -155.958572388 141.138198853 -151.610046387 -107.123908997 -162.767807007 -71.140510559 -148.791336060 -147.223037720 -141.187576294 -161.505310059 -2.418016195 -221.409423828 17.113904953 -228.147079468 115.199157715 -163.364120483 113.958450317 -157.030441284 153.784362793 -165.597152710 1092.685058594 121.349678040 845.616394043 770.147949219 78.952629089 1257.638427734 -812.563842773 1003.924377441 -1072.502197266 -97.112762451 -1035.853637695 -735.985534668 136.352645874 -1232.240112305 837.657592773 -1014.341308594
212.134628296 11.171661377 202.025711060 21.298667908 167.665496826 135.673141479 46.617477417 204.989547729 133.978927612 159.537612915 20.025886536 184.542266846 13.159259796 183.797378540 -117.881530762 189.922088623 -114.832588196 158.480484009 -144.180725098 -16.694759369 -156.752334595 141.587707520 -152.018920898 -107.649841309 -163.210952759 -71.049682617 -149.216430664 -147.703735352 -141.627029419 -161.968734741 -2.555590868 -222.306488037 16.947753906 -229.032577515 115.604400635 -164.191696167 114.363754272 -157.864974976 154.137313843 -166.424468994 1091.791748047 120.924880981 844.526916504 769.566589355 79.168167114 1256.584594727 -812.590820312 1002.710144043 -1071.438720703 -96.503578186 -1034.763916016 -735.107238770 136.178222656 -1231.306030273 837.016479492 -1013.544921875
212.880950928 10.919975281 202.780654907 21.031816483 167.841262817 136.307846069 46.970443726 205.767639160 134.209259033 160.154083252 20.414295197 185.333511353 13.556697845 184.587112427 -118.707328796 190.282348633 -115.664276123 158.879272461 -144.647415161 -16.649618149 -157.546676636 142.022598267 -152.436355591 -108.157066345 -163.650360107 -70.936912537 -149.649383545 -148.165084839 -142.074005127 -162.412506104 -2.671784163 -223.211898804 16.802745819 -229.926940918 116.033264160 -165.013595581 114.792678833 -158.693908691 154.514175415 -167.247024536 1090.898315430 120.542144775 843.456665039 768.952392578 79.343032837 1255.539794922 -812.579833984 1001.491210938 -1070.396606445 -95.862831116 -1033.697631836 -734.199035645 136.043212891 -1230.375854492 836.410766602 -1012.731811523
213.637023926 10.683872223 203.545501709 20.780328751 168.019454956 136.928695679 47.307636261 206.559036255 134.441970825 160.756118774 20.787424088 186.138381958 13.939000130 185.390563965 -119.531402588 190.629074097 -116.494522095 159.264648438 -145.112823486 -16.581832886 -158.339874268 142.444030762 -152.863037109 -108.645339966 -164.086303711 -70.802619934 -150.090820312 -148.606826782 -142.529098511 -162.836349487 -2.766053915 -224.125198364 16.679460526 -230.829711914 116.485710144 -165.829101562 115.245178223 -159.516494751 154.914932251 -168.064086914 1090.005737305 120.201080322 842.406433105 768.305847168 79.477745056 1254.504760742 -812.530883789 1000.269836426 -1069.377563477 -95.191658020 -1032.655517578 -733.261413574 135.947219849 -1229.450073242 835.840270996 -1011.902404785
214.402923584 10.464565277 204.320373535 20.545417786 168.201141357 137.535476685 47.628002167 207.363845825 134.678100586 161.343475342 21.144207001 186.956954956 14.305096626 186.207824707 -120.352279663 190.963439941 -117.321800232 159.637756348 -145.577194214 -16.491800308 -159.130355835 142.853134155 -153.299621582 -109.114433289 -164.519210815 -70.647338867 -150.541351318 -149.028701782 -142.992889404 -163.240005493 -2.837951422 -225.045867920 16.578380585 -231.740371704 116.961593628 -166.637496948 115.721130371 -160.332046509 155.339508057 -168.874908447 1089.114501953 119.901260376 841.376953125 767.627502441 79.572814941 1253.479858398 -812.443847656 999.048461914 -1068.382080078 -94.493194580 -1031.638061523 -732.294982910 135.889923096 -1228.528930664 835.304870605 -1011.056945801
215.178573608 10.263147354 205.105209351 20.328186035 168.387405396 138.127990723 47.930587769 208.181961060 134.918716431 161.915878296 21.483675003 187.789199829 14.654012680 187.038864136 -121.168571472 191.286544800 -118.144683838 159.999755859 -146.040893555 -16.380125046 -159.916564941 143.251007080 -153.746734619 -109.564132690 -164.949615479 -70.471740723 -151.001541138 -149.430450439 -143.465881348 -163.623229980 -2.887115717 -225.973327637 16.499900818 -232.658386230 117.460693359 -167.438079834 116.220314026 -161.139831543 155.787750244 -169.678771973 1088.225463867 119.642211914 840.368835449 766.917663574 79.628746033 1252.465454102 -812.318908691 997.829406738 -1067.408691406 -93.773246765 -1030.646240234 -731.300415039 135.871017456 -1227.612915039 834.804443359 -1010.195739746
215.963806152 10.080596924 205.899856567 20.129615784 168.579269409 138.706085205 48.214538574 209.013153076 135.164810181 162.473129272 21.804950714 188.634902954 14.984863281 187.883514404 -121.978958130 191.599533081 -118.961814880 160.351745605 -146.504440308 -16.247692108 -160.697082520 143.638763428 -154.204940796 -109.994239807 -165.378265381 -70.276725769 -151.471878052 -149.811904907 -143.948547363 -163.985855103 -2.913264513 -226.906967163 16.444341660 -233.583129883 117.982727051 -168.230148315 116.742446899 -161.939163208 156.259414673 -170.474929810 1087.338745117 119.423469543 839.382812500 766.176940918 79.646034241 1251.461547852 -812.156188965 996.614990234 -1066.455444336 -93.037727356 -1029.680786133 -730.278442383 135.890228271 -1226.702026367 834.338989258 -1009.319030762
216.758316040 9.917771339 206.704010010 19.950582504 168.777786255 139.269622803 48.479095459 209.857101440 135.417388916 163.015029907 22.107246399 189.493774414 15.296852112 188.741455078 -122.782234192 191.903549194 -119.771942139 160.694885254 -146.968490601 -16.095611572 -161.470611572 144.017547607 -154.674789429 -110.404594421 -165.806030273 -70.063362122 -151.952850342 -150.172882080 -144.441360474 -164.327728271 -2.916186810 -227.846145630 16.411945343 -234.513946533 118.527351379 -169.013015747 117.287185669 -162.729339600 156.754165649 -171.262680054 1086.454956055 119.244583130 838.419616699 765.405761719 79.625129700 1250.468383789 -811.956054688 995.407104492 -1065.520385742 -92.292556763 -1028.742675781 -729.230041504 135.947341919 -1225.796752930 833.908386230 -1008.426940918
217.561721802 9.775421143 207.517318726 19.791851044 168.983978271 139.818496704 48.723590851 210.713363647 135.677474976 163.541336060 22.389863968 190.365402222 15.589272499 189.612289429 -123.577346802 192.199768066 -120.573959351 161.030364990 -147.433822632 -15.925173759 -162.235961914 144.388504028 -155.156768799 -110.795089722 -166.233947754 -69.832832336 -152.444885254 -150.513290405 -144.944717407 -164.648742676 -2.895735979 -228.790161133 16.402893066 -235.450180054 119.094154358 -169.786026001 117.854133606 -163.509704590 157.271682739 -172.041305542 1085.574462891 119.105110168 837.479858398 764.604736328 79.566436768 1249.486083984 -811.718688965 994.207397461 -1064.600708008 -91.543380737 -1027.832763672 -728.156188965 136.042160034 -1224.897338867 833.512695312 -1007.519653320
218.373535156 9.654188156 208.339309692 19.654079437 169.198883057 140.352539062 48.947441101 211.581390381 135.945983887 164.051879883 22.652185440 191.249267578 15.861495972 190.495529175 -124.363365173 192.489410400 -121.366912842 161.359405518 -147.901321411 -15.737807274 -162.992141724 144.752853394 -155.651382446 -111.165672302 -166.663070679 -69.586418152 -152.948379517 -150.833084106 -145.458984375 -164.948913574 -2.851821899 -229.738342285 16.417308807 -236.391098022 119.682701111 -170.548507690 118.442863464 -164.279602051 157.811508179 -172.810119629 1084.697265625 119.004661560 836.564453125 763.774475098 79.470321655 1248.514526367 -811.444519043 993.017150879 -1063.693359375 -90.795715332 -1026.952148438 -727.058166504 136.174545288 -1224.003906250 833.151855469 -1006.597351074
219.193206787 9.554615974 209.169418335 19.537830353 169.423461914 140.871612549 49.150146484 212.460617065 136.223892212 164.546401978 22.893674850 192.144805908 16.112974167 191.390594482 -125.139503479 192.773696899 -122.149971008 161.683212280 -148.371948242 -15.535046577 -163.738265991 145.111785889 -156.159027100 -111.516357422 -167.094528198 -69.325477600 -153.463699341 -151.132324219 -145.984542847 -165.228286743 -2.784404516 -230.689956665 16.455261230 -237.336029053 120.292518616 -171.299835205 119.052902222 -165.038406372 158.373245239 -173.568450928 1083.823730469 118.942878723 835.674011230 762.915588379 79.337081909 1247.553833008 -811.133728027 991.837463379 -1062.795410156 -90.054962158 -1026.102050781 -725.937377930 136.344421387 -1223.116821289 832.826049805 -1005.660217285
220.020126343 9.477156639 210.007049561 19.443576813 169.658706665 141.375549316 49.331287384 213.350357056 136.512069702 165.024673462 23.113864899 193.051376343 16.343231201 192.296859741 -125.905090332 193.053848267 -122.922424316 162.003036499 -148.846664429 -15.318509102 -164.473541260 145.466537476 -156.680145264 -111.847259521 -167.529449463 -69.051414490 -153.991226196 -151.411163330 -146.521713257 -165.487075806 -2.693488121 -231.644287109 16.516778946 -238.284210205 120.923103333 -172.039398193 119.683753967 -165.785461426 158.956375122 -174.315658569 1082.954101562 118.919464111 834.809448242 762.028808594 79.166976929 1246.604003906 -810.786682129 990.669250488 -1061.904052734 -89.326393127 -1025.283569336 -724.795410156 136.551727295 -1222.236328125 832.535339355 -1004.708251953
220.853652954 9.422176361 210.851562500 19.371707916 169.905548096 141.864166260 49.490489960 214.249908447 136.811386108 165.486465454 23.312355042 193.968292236 16.551853180 193.213638306 -126.659545898 193.331130981 -123.683647156 162.320098877 -149.326461792 -15.089889526 -165.197341919 145.818313599 -157.215087891 -112.158576965 -167.968994141 -68.765716553 -154.531295776 -151.669845581 -147.070877075 -165.725555420 -2.579115868 -232.600631714 16.601846695 -239.234924316 121.573928833 -172.766586304 120.334892273 -166.520217896 159.560409546 -175.051086426 1082.088500977 118.934173584 833.971618652 761.115051270 78.960189819 1245.664916992 -810.403625488 989.513366699 -1061.016601562 -88.615119934 -1024.497924805 -723.633972168 136.796432495 -1221.362792969 832.279907227 -1003.741699219
221.693054199 9.389968872 211.702255249 19.322536469 170.164901733 142.337234497 49.627464294 215.158538818 137.122604370 165.931503296 23.488801956 194.894836426 16.738485336 194.140213013 -127.402397156 193.606750488 -124.433143616 162.635635376 -149.812362671 -14.850956917 -165.909088135 146.168365479 -157.764251709 -112.450637817 -168.414276123 -68.469909668 -155.084259033 -151.908752441 -147.632354736 -165.944137573 -2.441364765 -233.558242798 16.710414886 -240.187454224 122.244461060 -173.480834961 121.005790710 -167.242050171 160.184829712 -175.774124146 1081.227050781 118.986824036 833.161499023 760.175231934 78.716857910 1244.736450195 -809.984802246 988.370483398 -1060.130615234 -87.926094055 -1023.746215820 -722.454833984 137.078567505 -1220.496459961 832.059936523 -1002.760620117
222.537628174 9.380756378 212.558395386 19.296308517 170.437561035 142.794525146 49.741958618 216.075454712 137.446456909 166.359497070 23.642915726 195.830230713 16.902826309 195.075820923 -128.133224487 193.881927490 -125.170448303 162.950866699 -150.305389404 -14.603552818 -166.608276367 146.517883301 -158.327957153 -112.723854065 -168.866424561 -68.165603638 -155.650421143 -152.128372192 -148.206512451 -166.143341064 -2.280342579 -234.516418457 16.842401505 -241.141036987 122.934120178 -174.181579590 121.695877075 -167.950424194 160.829086304 -176.484176636 1080.369873047 119.077278137 832.379943848 759.210388184 78.437034607 1243.818847656 -809.530639648 987.241455078 -1059.244262695 -87.264091492 -1023.029418945 -721.259826660 137.398178101 -1219.637817383 831.875671387 -1001.765197754
223.386596680 9.394701958 213.419235229 19.293210983 170.724334717 143.235778809 49.833770752 216.999847412 137.783584595 166.770202637 23.774452209 196.773696899 17.044624329 196.019683838 -128.851715088 194.157882690 -125.895202637 163.266983032 -150.806518555 -14.349597931 -167.294479370 146.868072510 -158.906494141 -112.978729248 -169.326507568 -67.854492188 -156.230117798 -152.329269409 -148.793670654 -166.323745728 -2.096184254 -235.474426270 16.997695923 -242.094985962 123.642349243 -174.868270874 122.404602051 -168.644790649 161.492599487 -177.180648804 1079.517211914 119.205467224 831.628051758 758.221740723 78.120750427 1242.911865234 -809.041381836 986.126953125 -1058.356079102 -86.633705139 -1022.347778320 -720.051086426 137.755310059 -1218.787353516 831.726257324 -1000.755737305
224.239212036 9.431916237 214.284011841 19.313377380 171.025878906 143.660736084 49.902740479 217.930938721 138.134567261 167.163391113 23.883211136 197.724456787 17.163665771 196.971008301 -129.557556152 194.435821533 -126.607078552 163.585205078 -151.316757202 -14.091105461 -167.967330933 147.220123291 -159.500106812 -113.215881348 -169.795623779 -67.538345337 -156.823608398 -152.512130737 -149.394119263 -166.486068726 -1.889049649 -236.431579590 17.176164627 -243.048538208 124.368530273 -175.540405273 123.131340027 -169.324630737 162.174774170 -177.863006592 1078.669189453 119.371383667 830.906799316 757.210571289 77.767951965 1242.015625000 -808.517272949 985.027832031 -1057.465087891 -86.039329529 -1021.696472168 -718.833557129 138.150085449 -1217.945434570 831.607055664 -999.732910156
225.094696045 9.492461205 215.151947021 19.356889725 171.342803955 144.069183350 49.948741913 218.867889404 138.499862671 167.538848877 23.969022751 198.681686401 17.259769440 197.929000854 -130.250503540 194.716918945 -127.305801392 163.906692505 -151.837066650 -13.830192566 -168.626495361 147.575195312 -160.108886719 -113.436256409 -170.274795532 -67.219062805 -157.431076050 -152.677963257 -150.008087158 -166.631347656 -1.659121752 -237.387145996 17.377645493 -244.001007080 125.111877441 -176.197662354 123.875312805 -169.989624023 162.874816895 -178.530868530 1077.826171875 119.575065613 830.217285156 756.178466797 77.378555298 1241.130126953 -807.958801270 983.944824219 -1056.571166992 -85.485153198 -1021.070129395 -717.611816406 138.580566406 -1217.111572266 831.513122559 -998.696960449
225.952255249 9.576356888 216.022247314 19.423793793 171.675613403 144.460891724 49.971683502 219.809875488 138.879867554 167.896453857 24.031753540 199.644577026 17.332792282 198.892837524 -130.930358887 195.002365112 -127.991127014 164.232635498 -152.368331909 -13.569075584 -169.271667480 147.934448242 -160.732818604 -113.641059875 -170.765075684 -66.898658752 -158.052597046 -152.828018188 -150.635696411 -166.760818481 -1.406695604 -238.340484619 17.601860046 -244.951690674 125.871490479 -176.839797974 124.635643005 -170.639511108 163.591812134 -179.183975220 1076.988281250 119.816589355 829.560546875 755.126953125 76.952415466 1240.255493164 -807.366333008 982.878906250 -1055.674804688 -84.974273682 -1020.463195801 -716.390258789 139.043365479 -1216.284057617 831.438659668 -997.647949219
226.811096191 9.683584213 216.894134521 19.514089584 172.024688721 144.835754395 49.971500397 220.756057739 139.274887085 168.236175537 24.071296692 200.612289429 17.382614136 199.861679077 -131.596939087 195.293319702 -128.662826538 164.564163208 -152.911468506 -13.310031891 -169.902587891 148.299026489 -161.371795654 -113.831748962 -171.267425537 -66.579223633 -158.688140869 -152.963775635 -151.276962280 -166.875976562 -1.132226825 -239.290908813 17.848371506 -245.899902344 126.646362305 -177.466735840 125.411293030 -171.274230957 164.324737549 -179.822189331 1076.155883789 120.096092224 828.937561035 754.057861328 76.489356995 1239.391845703 -806.740356445 981.830871582 -1054.778320312 -84.506996155 -1019.869750977 -715.173095703 139.535064697 -1215.461181641 831.377502441 -996.585510254
227.670425415 9.814093590 217.766799927 19.627752304 172.390350342 145.193695068 49.948146820 221.705612183 139.685119629 168.558044434 24.087566376 201.584030151 17.409141541 200.834732056 -132.250061035 195.590942383 -129.320724487 164.902420044 -153.467208862 -13.055243492 -170.518997192 148.670043945 -162.025619507 -114.009994507 -171.782745361 -66.262802124 -159.337677002 -153.086898804 -151.931884766 -166.978469849 -0.836307704 -240.237808228 18.116592407 -246.845016479 127.435371399 -178.078491211 126.201156616 -171.893814087 165.072402954 -180.445495605 1075.329223633 120.413734436 828.349426270 752.972961426 75.989158630 1238.539428711 -806.081420898 980.801757812 -1053.882568359 -84.082962036 -1019.283996582 -713.964233398 140.052047729 -1214.640258789 831.322265625 -995.509216309
228.529464722 9.967803001 218.639465332 19.764719009 172.772781372 145.534759521 49.901603699 222.657684326 140.110763550 168.862243652 24.080501556 202.558944702 17.412303925 201.811141968 -132.889556885 195.896377563 -129.964614868 165.248535156 -154.036117554 -12.806767464 -171.120635986 149.048583984 -162.694030762 -114.177635193 -172.311706543 -65.951339722 -160.001083374 -153.199234009 -152.600433350 -167.070144653 -0.519649804 -241.180572510 18.405817032 -247.786392212 128.237289429 -178.675247192 127.003997803 -172.498397827 165.833557129 -181.054016113 1074.508789062 120.769706726 827.797058105 751.874328613 75.451591492 1237.698364258 -805.390136719 979.792663574 -1052.988281250 -83.701713562 -1018.700012207 -712.767639160 140.590530396 -1213.818481445 831.264709473 -994.418395996
229.387405396 10.144601822 219.511337280 19.924901962 173.172134399 145.859130859 49.831871033 223.611480713 140.551910400 169.149093628 24.050058365 203.536209106 17.392045975 202.790100098 -133.515274048 196.210754395 -130.594329834 165.603607178 -154.618545532 -12.566522598 -171.707290649 149.435729980 -163.376693726 -114.336654663 -172.854812622 -65.646697998 -160.678176880 -153.302749634 -153.282455444 -167.152923584 -0.183072746 -242.118667603 18.715223312 -248.723449707 129.050750732 -179.257293701 127.818466187 -173.088287354 166.606781006 -181.648040771 1073.694946289 121.164215088 827.281372070 750.764099121 74.876380920 1236.868896484 -804.667297363 978.804626465 -1052.096191406 -83.362678528 -1018.112182617 -711.587280273 141.146377563 -1212.992309570 831.195495605 -993.312805176
230.243499756 10.344351768 220.381607056 20.108186722 173.588470459 146.167129517 49.738967896 224.566131592 141.008636475 169.419052124 23.996215820 204.515014648 17.348335266 203.770782471 -134.127075195 196.535140991 -131.209701538 165.968688965 -155.214675903 -12.336286545 -172.278717041 149.832504272 -164.073242188 -114.489204407 -173.412353516 -65.350631714 -161.368743896 -153.399536133 -153.977783203 -167.228897095 0.172500148 -243.051528931 19.043884277 -249.655624390 129.874282837 -179.825073242 128.643066406 -173.663970947 167.390502930 -182.227966309 1072.888305664 121.597480774 826.803222656 749.644470215 74.263259888 1236.051635742 -803.913574219 977.838867188 -1051.206542969 -83.065261841 -1017.515075684 -710.427062988 141.714950562 -1212.157958984 831.104309082 -992.192504883
231.096969604 10.566886902 221.249542236 20.314426422 174.021804810 146.459213257 49.622924805 225.520843506 141.481048584 169.672698975 23.918968201 205.494537354 17.281158447 204.752334595 -134.724792480 196.870635986 -131.810562134 166.344818115 -155.824478149 -12.117693901 -172.834716797 150.239883423 -164.783218384 -114.637535095 -173.984436035 -65.064781189 -162.072479248 -153.491821289 -154.686172485 -167.300247192 0.546037436 -243.978652954 19.390754700 -250.582366943 130.706222534 -180.379287720 129.476135254 -174.226089478 168.182998657 -182.794433594 1072.087890625 122.067070007 826.362060547 748.518249512 73.614860535 1235.244262695 -803.130004883 976.896667480 -1050.319702148 -82.808845520 -1016.903686523 -709.291015625 142.290939331 -1211.310668945 830.980407715 -991.058654785
231.947036743 10.811901093 222.114334106 20.543333054 174.472152710 146.736038208 49.483943939 226.474746704 141.969177246 169.910842896 23.818475723 206.473907471 17.190666199 205.733947754 -135.308288574 197.218246460 -132.396743774 166.733001709 -156.447753906 -11.912234306 -173.375061035 150.658798218 -165.506088257 -114.784049988 -174.571014404 -64.790679932 -162.789016724 -153.581954956 -155.407318115 -167.369308472 0.936386049 -244.899551392 19.754665375 -251.503143311 131.544754028 -180.920776367 130.315856934 -174.775527954 168.982360840 -183.348281860 1071.291870117 122.569824219 825.953918457 747.389343262 72.934715271 1234.443969727 -802.317626953 975.979187012 -1049.435913086 -82.592834473 -1016.273498535 -708.183288574 142.868194580 -1210.445434570 830.817016602 -989.912902832
232.792968750 11.078936577 222.975265503 20.794462204 174.939346313 146.998565674 49.322395325 227.427047729 142.472991943 170.134521484 23.695079803 207.452316284 17.077196121 206.714752197 -135.877380371 197.578948975 -132.968093872 167.134170532 -157.084167480 -11.721254349 -173.899566650 151.090148926 -166.241256714 -114.931259155 -175.171829224 -64.529724121 -163.517898560 -153.672393799 -156.140792847 -167.438507080 1.342247844 -245.813735962 20.134294510 -252.417465210 132.387969971 -181.450607300 131.160293579 -175.313339233 169.786575317 -183.890533447 1070.498291016 123.102546692 825.574707031 746.261291504 72.226470947 1233.647216797 -801.477600098 975.087829590 -1048.554931641 -82.416648865 -1015.620788574 -707.108032227 143.439498901 -1209.557006836 830.613769531 -988.757385254
233.634048462 11.367407799 223.831588745 21.067243576 175.423126221 147.248001099 49.138809204 228.376892090 142.992401123 170.344985962 23.549297333 208.428909302 16.941255569 207.693908691 -136.431915283 197.953689575 -133.524475098 167.549194336 -157.733245850 -11.545960426 -174.408035278 151.534729004 -166.988006592 -115.081787109 -175.786529541 -64.283203125 -164.258590698 -153.765747070 -156.886138916 -167.510421753 1.762145996 -246.720764160 20.528139114 -253.324859619 133.234069824 -181.969772339 132.007644653 -175.840530396 170.593734741 -184.422180176 1069.704467773 123.661941528 825.219726562 745.137329102 71.494003296 1232.849487305 -800.611145020 974.223876953 -1047.676757812 -82.279800415 -1014.944946289 -706.067993164 143.996780396 -1208.640502930 830.370666504 -987.594299316
234.469573975 11.676619530 224.682586670 21.360986710 175.923217773 147.485717773 48.933864594 229.323455811 143.527206421 170.543685913 23.381788254 209.402832031 16.783510208 208.670578003 -136.971755981 198.343292236 -134.065719604 167.978897095 -158.394363403 -11.387431145 -174.900314331 151.993286133 -167.745620728 -115.238220215 -176.414611816 -64.052299500 -165.010498047 -153.864547729 -157.642807007 -167.587585449 2.194385767 -247.620269775 20.934463501 -254.224884033 134.081298828 -182.479370117 132.856170654 -176.358184814 171.402023315 -184.944259644 1068.907470703 124.244506836 824.884399414 744.020507812 70.741584778 1232.046264648 -799.719665527 973.388610840 -1046.801391602 -82.181838989 -1014.247558594 -705.064575195 144.531295776 -1207.691650391 830.087646484 -986.425964355
235.298843384 12.005779266 225.527557373 21.674903870 176.439270020 147.713272095 48.708381653 230.265914917 144.077239990 170.732192993 23.193376541 210.373275757 16.604774475 209.643890381 -137.496749878 198.748535156 -134.591735840 168.424011230 -159.066833496 -11.246622086 -175.376281738 152.466506958 -168.513381958 -115.402984619 -177.055450439 -63.838073730 -165.773071289 -153.971252441 -158.410308838 -167.672393799 2.637029409 -248.511947632 21.351289749 -255.117233276 134.927993774 -182.980407715 133.704177856 -176.867340088 172.209716797 -185.457778931 1068.104003906 124.846458435 824.563720703 742.913574219 69.974060059 1231.232055664 -798.804687500 972.583435059 -1045.928710938 -82.122406006 -1013.530395508 -704.099243164 145.040130615 -1206.710937500 829.764770508 -985.254699707
236.121185303 12.353997231 226.365814209 22.008102417 176.970901489 147.932373047 48.463329315 231.203491211 144.642288208 170.912170410 22.985036850 211.339385986 16.406032562 210.613021851 -138.006774902 199.170104980 -135.102432251 168.885208130 -159.749862671 -11.124374390 -175.835845947 152.954956055 -169.290527344 -115.578346252 -177.708343506 -63.641483307 -166.545700073 -154.088088989 -159.188064575 -167.767120361 3.088138580 -249.395553589 21.776638031 -256.001617432 135.772567749 -183.473968506 134.550094604 -177.369049072 173.015136719 -185.963775635 1067.290039062 125.463546753 824.252685547 741.819152832 69.197288513 1230.400878906 -797.867736816 971.809509277 -1045.058227539 -82.101226807 -1012.794799805 -703.172851562 145.521667480 -1205.700317383 829.402343750 -984.083007812
236.935928345 12.720285416 227.196670532 22.359596252 177.517730713 148.144805908 48.199859619 232.135345459 145.222076416 171.085403442 22.757944107 212.300338745 16.188463211 211.577133179 -138.501770020 199.608642578 -135.597778320 169.363067627 -160.442581177 -11.021426201 -176.279022217 153.459167480 -170.076339722 -115.766357422 -178.372482300 -63.463386536 -167.327743530 -154.217193604 -159.975494385 -167.873870850 3.545814753 -250.270919800 22.208572388 -256.877807617 136.613510132 -183.961090088 135.392395020 -177.864395142 173.816711426 -186.463272095 1066.461425781 126.090881348 823.946105957 740.739868164 68.418685913 1229.547485352 -796.910400391 971.068115234 -1044.190063477 -82.118110657 -1012.041320801 -702.285095215 145.974441528 -1204.661743164 829.000732422 -982.913208008
237.742416382 13.103552818 228.019470215 22.728281021 178.079315186 148.352416992 47.919372559 233.060775757 145.816314697 171.253707886 22.513526917 213.255401611 15.953497887 212.535461426 -138.981704712 200.064636230 -136.077774048 169.858093262 -161.144104004 -10.938420296 -176.705810547 153.979583740 -170.869949341 -115.968826294 -179.047027588 -63.304550171 -168.118438721 -154.360366821 -160.771865845 -167.994506836 4.008206844 -251.137908936 22.645210266 -257.745666504 137.449371338 -184.442840576 136.229629517 -178.354400635 174.612960815 -186.957305908 1065.613159180 126.722778320 823.638916016 739.678344727 67.646408081 1228.666015625 -795.934570312 970.360412598 -1043.323852539 -82.172966003 -1011.270202637 -701.435241699 146.397033691 -1203.597290039 828.560485840 -981.747741699
238.540008545 13.502573013 228.833572388 23.112924576 178.655197144 148.557159424 47.623504639 233.979141235 146.424652100 171.418975830 22.253473282 214.203887939 15.702841759 213.487335205 -139.446609497 200.538528442 -136.542480469 170.370712280 -161.853439331 -10.875915527 -177.116363525 154.516555786 -171.670410156 -116.187286377 -179.731079102 -63.165668488 -168.916915894 -154.519226074 -161.576354980 -168.130599976 4.473500252 -251.996459961 23.084709167 -258.605102539 138.278778076 -184.920242310 137.060409546 -178.840133667 175.402481079 -187.446899414 1064.740966797 127.352172852 823.325927734 738.637084961 66.889053345 1227.751464844 -794.941833496 969.687438965 -1042.459350586 -82.265785217 -1010.481567383 -700.622680664 146.788070679 -1202.509277344 828.082031250 -980.588867188
239.328155518 13.915940285 229.638397217 23.512098312 179.244812012 148.761047363 47.314174652 234.889892578 147.046630859 171.583160400 21.979755402 215.145217896 15.438477516 214.432128906 -139.896591187 201.030654907 -136.992065430 170.901260376 -162.569610596 -10.834391594 -177.510879517 155.070388794 -172.476669312 -116.423027039 -180.423645020 -63.047336578 -169.722229004 -154.695129395 -162.388015747 -168.283569336 4.939926147 -252.846588135 23.525274277 -259.456054688 139.100433350 -185.394348145 137.883468628 -179.322601318 176.183914185 -187.933044434 1063.840820312 127.970932007 823.002197266 737.618835449 66.152053833 1226.801879883 -793.934143066 969.050231934 -1041.596435547 -82.396659851 -1009.675415039 -699.846618652 147.146331787 -1201.400146484 827.566040039 -979.438659668
240.106369019 14.342034340 230.433456421 23.924161911 179.847488403 148.966156006 46.993404388 235.792572021 147.681701660 171.748275757 21.694456100 216.078872681 15.162504196 215.369338989 -140.331802368 201.541320801 -137.426742554 171.449996948 -163.291610718 -10.814260483 -177.889633179 155.641357422 -173.287673950 -116.677116394 -181.123764038 -62.950099945 -170.533309937 -154.889205933 -163.205856323 -168.454544067 5.405763626 -253.688354492 23.965167999 -260.298583984 139.913131714 -185.866134644 138.697555542 -179.802795410 176.956008911 -188.416702271 1062.908935547 128.570480347 822.662841797 736.625976562 65.437126160 1225.818725586 -792.913330078 968.449707031 -1040.735107422 -82.565734863 -1008.851623535 -699.106323242 147.470764160 -1200.271972656 827.013244629 -978.299316406
240.874298096 14.779020309 231.218414307 24.347249985 180.462509155 149.174560547 46.663143158 236.686752319 148.329254150 171.916366577 21.399591446 217.004440308 14.876951218 216.298507690 -140.752517700 202.070693970 -137.846771240 172.017150879 -164.018402100 -10.815873146 -178.252990723 156.229614258 -174.102249146 -116.950408936 -181.830413818 -62.874431610 -171.349075317 -155.102386475 -164.028762817 -168.644515991 5.869349480 -254.521850586 24.402709961 -261.132781982 140.715682983 -186.336563110 139.501495361 -180.281677246 177.717590332 -188.898788452 1061.944824219 129.145629883 822.303222656 735.660705566 64.745933533 1224.803466797 -791.881225586 967.886596680 -1039.875122070 -82.773269653 -1008.009826660 -698.400939941 147.760452271 -1199.127197266 826.424438477 -977.172729492
241.631683350 15.224973679 231.992950439 24.779407501 181.088958740 149.388381958 46.325302124 237.572128296 148.988449097 172.089492798 21.097118378 217.921524048 14.583786011 217.219253540 -141.159057617 202.618927002 -138.252548218 172.602859497 -164.749069214 -10.839545250 -178.601379395 156.835327148 -174.919235229 -117.243591309 -182.542617798 -62.820743561 -172.168380737 -155.335433960 -164.855621338 -168.854278564 6.329082012 -255.347244263 24.836286545 -261.958770752 141.507003784 -186.806579590 140.294204712 -180.760177612 178.467529297 -189.380249023 1060.950073242 129.694717407 821.918945312 734.725463867 64.080047607 1223.758056641 -790.839721680 967.361633301 -1039.016601562 -83.019554138 -1007.149780273 -697.729858398 148.014602661 -1197.967895508 825.800354004 -976.060729980
242.378280640 15.678020477 232.756866455 25.218732834 181.725814819 149.609756470 45.981727600 238.448394775 149.658401489 172.269760132 20.788930893 218.829803467 14.284912109 218.131225586 -141.551818848 203.186080933 -138.644470215 173.207214355 -165.482498169 -10.885519981 -178.935333252 157.458587646 -175.737426758 -117.557167053 -183.259353638 -62.789394379 -172.990020752 -155.588928223 -165.685241699 -169.084426880 6.783428192 -256.164733887 25.264352798 -262.776733398 142.286071777 -187.277069092 141.074645996 -181.239212036 179.204803467 -189.861907959 1059.926879883 130.216201782 821.506774902 733.822265625 63.440948486 1222.683837891 -789.791198730 966.874328613 -1038.159423828 -83.304946899 -1006.270996094 -697.092407227 148.232559204 -1196.796264648 825.141906738 -974.965148926
243.113952637 16.136341095 233.509979248 25.663375854 182.371932983 149.840789795 45.634201050 239.315307617 150.338058472 172.459243774 20.476852417 219.729003906 13.982162476 219.034164429 -141.931335449 203.772186279 -139.023086548 173.830215454 -166.217620850 -10.953987122 -179.255462646 158.099426270 -176.555603027 -117.891525269 -183.979568481 -62.780700684 -173.812789917 -155.863342285 -166.516448975 -169.335449219 7.230924129 -256.974609375 25.685440063 -263.586883545 143.051956177 -187.748901367 141.841873169 -181.719589233 179.928451538 -190.344619751 1058.876831055 130.708648682 821.067443848 732.951232910 62.830059052 1221.582641602 -788.739135742 966.421325684 -1037.304077148 -83.629844666 -1005.372985840 -696.487915039 148.413772583 -1195.614257812 824.449951172 -973.887573242
243.838638306 16.598165512 234.252212524 26.111545563 183.026092529 150.083297729 45.284461975 240.172668457 151.026306152 172.659774780 20.162656784 220.618911743 13.677317619 219.927810669 -142.298339844 204.377044678 -139.389129639 174.471710205 -166.953369141 -11.045091629 -179.562591553 158.757751465 -177.372543335 -118.246894836 -184.702178955 -62.794925690 -174.635482788 -156.158981323 -167.348022461 -169.607727051 7.670175552 -257.777069092 26.098148346 -264.389434814 143.803756714 -188.222885132 142.595001221 -182.202163696 180.637573242 -190.829162598 1057.802124023 131.170700073 820.601806641 732.112243652 62.248699188 1220.456420898 -787.686706543 965.998901367 -1036.450561523 -83.994659424 -1004.455261230 -695.915954590 148.557815552 -1194.423950195 823.725402832 -972.829650879
244.552291870 17.061782837 234.983520508 26.561511993 183.687118530 150.338943481 44.934188843 241.020324707 151.722030640 172.873016357 19.848056793 221.499282837 13.372096062 220.811935425 -142.653732300 205.000366211 -139.743515015 175.131439209 -167.688690186 -11.158930779 -179.857666016 159.433364868 -178.187057495 -118.623443604 -185.426223755 -62.832313538 -175.456878662 -156.476058960 -168.178756714 -169.901504517 8.099862099 -258.572418213 26.501155853 -265.184722900 144.540679932 -188.699813843 143.333221436 -182.687683105 181.331375122 -191.316284180 1056.704833984 131.601089478 820.110290527 731.305053711 61.698127747 1219.306884766 -786.636779785 965.603149414 -1035.599365234 -84.399826050 -1003.517211914 -695.376098633 148.664352417 -1193.227294922 822.969177246 -971.792724609
245.254928589 17.525541306 235.703948975 27.011604309 184.353759766 150.609100342 44.585021973 241.858108521 152.424057007 173.100372314 19.534708023 222.369918823 13.068159103 221.686340332 -142.998565674 205.641784668 -140.087295532 175.809005737 -168.422546387 -11.295560837 -180.141815186 160.125946045 -178.997924805 -119.021217346 -186.150588989 -62.893028259 -176.275772095 -156.814727783 -169.007431030 -170.216903687 8.518734932 -259.361022949 26.893213272 -265.972991943 145.261978149 -189.180419922 144.055786133 -183.176879883 182.009109497 -191.806701660 1055.587402344 131.998550415 819.593322754 730.529113770 61.179615021 1218.136352539 -785.592163086 965.229797363 -1034.750976562 -84.845741272 -1002.558227539 -694.868103027 148.733123779 -1192.026000977 822.182250977 -970.778198242
245.946716309 17.987848282 236.413574219 27.460210800 185.024719238 150.894927979 44.238525391 242.685958862 153.131149292 173.343063354 19.224210739 223.230728149 12.767108917 222.550872803 -143.334014893 206.300765991 -140.421615601 176.503921509 -169.153961182 -11.454991341 -180.416244507 160.835128784 -179.803955078 -119.440200806 -186.874145508 -62.977172852 -177.090927124 -157.174987793 -169.832855225 -170.554046631 8.925620079 -260.143127441 27.273145676 -266.754547119 145.966995239 -189.665420532 144.762039185 -183.670486450 182.670104980 -192.301101685 1054.452148438 132.361984253 819.051208496 729.783996582 60.694267273 1216.946899414 -784.555297852 964.874450684 -1033.906005859 -85.332763672 -1001.577697754 -694.391723633 148.763992310 -1190.821899414 821.365539551 -969.787231445
246.627838135 18.447166443 237.112640381 27.905778885 185.698730469 151.197387695 43.896228790 243.503860474 153.842102051 173.602096558 18.918098450 224.081649780 12.470484734 223.405502319 -143.661376953 206.976760864 -140.747756958 177.215621948 -169.881866455 -11.637175560 -180.682281494 161.560424805 -180.603988647 -119.880310059 -187.595809937 -63.084804535 -177.901184082 -157.556854248 -170.653808594 -170.912918091 9.319414139 -260.919128418 27.639854431 -267.529724121 146.655136108 -190.155471802 145.451370239 -184.169143677 183.313781738 -192.800109863 1053.301391602 132.690490723 818.484008789 729.068969727 60.243030548 1215.740356445 -783.528564453 964.532226562 -1033.065307617 -85.861213684 -1000.575134277 -693.946838379 148.756866455 -1189.616821289 820.519958496 -968.821044922
247.298599243 18.902029037 237.801376343 28.346826553 186.374496460 151.517257690 43.559574127 244.311859131 154.555633545 173.878295898 18.617837906 224.922698975 12.179751396 224.250213623 -143.982009888 207.669082642 -141.067092896 177.943466187 -170.605285645 -11.842010498 -180.941284180 162.301300049 -181.396850586 -120.341423035 -188.314514160 -63.215908051 -178.705322266 -157.960250854 -171.469131470 -171.293487549 9.699087143 -261.689392090 27.992311478 -268.298858643 147.325851440 -190.651229858 146.123229980 -184.673477173 183.939590454 -193.304351807 1052.137207031 132.983306885 817.891784668 728.383544922 59.826713562 1214.518798828 -782.514343262 964.198181152 -1032.229858398 -86.431282043 -999.549926758 -693.533447266 148.711746216 -1188.412231445 819.646362305 -967.880554199
247.959335327 19.351037979 238.480163574 28.781940460 187.050720215 151.855133057 43.229949951 245.110092163 155.270477295 174.172332764 18.324823380 225.753936768 11.896308899 225.085067749 -144.297409058 208.377029419 -141.381072998 178.686721802 -171.323196411 -12.069329262 -181.194747925 163.057144165 -182.181427002 -120.823348999 -189.029190063 -63.370410919 -179.502212524 -158.385025024 -172.277633667 -171.695632935 10.063677788 -262.454254150 28.329561234 -269.062286377 147.978683472 -191.153289795 146.777175903 -185.184097290 184.547088623 -193.814376831 1050.961669922 133.239807129 817.274414062 727.727111816 59.446002960 1213.283813477 -781.514831543 963.867126465 -1031.398437500 -87.040023804 -998.501586914 -693.151794434 148.628662109 -1187.209594727 818.745666504 -966.966735840
248.610458374 19.792867661 239.149353027 29.209779739 187.726089478 152.211456299 42.908668518 245.898712158 155.985397339 174.484725952 18.040382385 226.575454712 11.621481895 225.910156250 -144.609085083 209.099777222 -141.691207886 179.444564819 -172.034637451 -12.318788528 -181.444198608 163.827270508 -182.956573486 -121.325866699 -189.738800049 -63.548042297 -180.290664673 -158.831008911 -173.078170776 -172.119232178 10.412290573 -263.214080811 28.650711060 -269.820373535 148.613235474 -191.662200928 147.412780762 -185.701538086 185.135848999 -194.330718994 1049.776489258 133.459487915 816.631713867 727.099243164 59.101463318 1212.037109375 -780.532409668 963.533508301 -1030.569458008 -87.684318542 -997.429687500 -692.801940918 148.507705688 -1186.010498047 817.818725586 -966.080444336
249.252410889 20.226261139 239.809387207 29.629072189 188.399337769 152.586517334 42.596981049 246.677902222 156.699096680 174.815872192 17.765768051 227.387420654 11.356523514 226.725616455 -144.918670654 209.836425781 -141.999099731 180.216125488 -172.738693237 -12.589889526 -181.691238403 164.610870361 -183.721176147 -121.848716736 -190.442337036 -63.748355865 -181.069549561 -159.297988892 -173.869567871 -172.564086914 10.744095802 -263.969238281 28.954940796 -270.573455811 149.229110718 -192.178497314 148.029678345 -186.226333618 185.705520630 -194.853897095 1048.583618164 133.641952515 815.963378906 726.499450684 58.793571472 1210.780395508 -779.569274902 963.191772461 -1029.741699219 -88.360870361 -996.333862305 -692.484313965 148.349044800 -1184.816162109 816.866333008 -965.222412109
249.885696411 20.650033951 240.460723877 30.038623810 189.069152832 152.980545044 42.296058655 247.447906494 157.410339355 175.166046143 17.502157211 228.190002441 11.102611542 227.531600952 -145.227890015 210.585968018 -142.306442261 181.000366211 -173.434448242 -12.881990433 -181.937561035 165.407089233 -184.474151611 -122.391593933 -191.138809204 -63.970752716 -181.837738037 -159.785720825 -174.650711060 -173.029968262 11.058323860 -264.720153809 29.241483688 -271.321868896 149.826019287 -192.702682495 148.627563477 -186.758972168 186.255798340 -195.384353638 1047.384765625 133.786880493 815.269104004 725.927429199 58.522705078 1209.515014648 -778.627990723 962.836181641 -1028.913818359 -89.065795898 -995.213989258 -692.199218750 148.152862549 -1183.627929688 815.889343262 -964.393371582
250.510818481 21.063070297 241.103881836 30.437305450 189.734298706 153.393585205 42.007011414 248.208984375 158.117843628 175.535400391 17.250659943 228.983428955 10.860855103 228.328338623 -145.538497925 211.347290039 -142.615005493 181.796249390 -174.121139526 -13.194314003 -182.184936523 166.214950562 -185.214431763 -122.954162598 -191.827346802 -64.214477539 -182.594100952 -160.293899536 -175.420455933 -173.516601562 11.354267120 -265.467132568 29.509641647 -272.065979004 150.403701782 -193.235214233 149.206176758 -187.299911499 186.786407471 -195.922515869 1046.181396484 133.894058228 814.548522949 725.383056641 58.289165497 1208.242431641 -777.711120605 962.461181641 -1028.084228516 -89.795120239 -994.069885254 -691.947265625 147.919342041 -1182.447021484 814.888488770 -963.593933105
251.128341675 21.464323044 241.739395142 30.824062347 190.393524170 153.825683594 41.730884552 248.961441040 158.820419312 175.924041748 17.012319565 229.767929077 10.632292747 229.116058350 -145.852371216 212.119186401 -142.926666260 182.602554321 -174.798065186 -13.525962830 -182.435211182 167.033401489 -185.940948486 -123.536033630 -192.507125854 -64.478637695 -183.337539673 -160.822158813 -176.177703857 -174.023651123 11.631274223 -266.210601807 29.758768082 -272.806152344 150.961944580 -193.776519775 149.765304565 -187.849563599 187.297164917 -196.468780518 1044.975219727 133.963333130 813.801330566 724.866149902 58.093189240 1206.963989258 -776.821350098 962.061279297 -1027.251098633 -90.544746399 -992.901733398 -691.728881836 147.648742676 -1181.274536133 813.864562988 -962.824645996
251.738830566 21.852811813 242.367797852 31.197898865 191.045608521 154.276718140 41.468662262 249.705596924 159.516815186 176.331970215 16.788110733 230.543807983 10.417897224 229.895034790 -146.171463013 212.900344849 -143.243331909 183.417999268 -175.464599609 -13.875943184 -182.690322876 167.861251831 -186.652664185 -124.136779785 -193.177444458 -64.762229919 -184.066986084 -161.370117188 -176.921340942 -174.550781250 11.888748169 -266.950866699 29.988277435 -273.542724609 151.500579834 -194.326980591 150.304794312 -188.408325195 187.787887573 -197.023529053 1043.767456055 133.994628906 813.027160645 724.376708984 57.934947968 1205.680908203 -775.960754395 961.632873535 -1026.412109375 -91.310363770 -991.709716797 -691.544677734 147.341323853 -1180.111450195 812.818298340 -962.086181641
252.342910767 22.227603912 242.989685059 31.557878494 191.689346313 154.746582031 41.221263885 250.441802979 160.205841064 176.759140015 16.578941345 231.311325073 10.218575478 230.665542603 -146.497711182 213.689346313 -143.566940308 184.241180420 -176.120193481 -14.243177414 -182.952194214 168.697250366 -187.348571777 -124.755928040 -193.837661743 -65.064163208 -184.781372070 -161.937332153 -177.650299072 -175.097534180 12.126145363 -267.688293457 30.197635651 -274.276000977 152.019485474 -194.886993408 150.824508667 -188.976562500 188.258468628 -197.587066650 1042.559570312 133.987915039 812.225585938 723.914978027 57.814571381 1204.394287109 -775.129455566 961.176574707 -1025.564453125 -92.087379456 -990.494384766 -691.395385742 146.997360229 -1178.958862305 811.750488281 -961.379028320
252.941162109 22.587821960 243.605621338 31.903112411 192.323547363 155.235046387 40.989551544 251.170410156 160.886322021 177.205429077 16.385665894 232.070831299 10.035176277 231.427886963 -146.832839966 214.484817505 -143.899230957 185.070785522 -176.764373779 -14.626507759 -183.222564697 169.540191650 -188.027725220 -125.392944336 -194.487182617 -65.383232117 -185.479675293 -162.523315430 -178.363525391 -175.663467407 12.342972755 -268.423248291 30.386362076 -275.006286621 152.518569946 -195.456863403 151.324386597 -189.554611206 188.708847046 -198.159729004 1041.352905273 133.943191528 811.396301270 723.481201172 57.732139587 1203.105224609 -774.327148438 960.692810059 -1024.705200195 -92.870811462 -989.256835938 -691.281616211 146.617172241 -1177.817749023 810.661865234 -960.703674316
253.534179688 22.932632446 244.216186523 32.232765198 192.947067261 155.741851807 40.774333954 251.891784668 161.557067871 177.670669556 16.209077835 232.822616577 9.868489265 232.182403564 -147.178359985 215.285446167 -144.241714478 185.905517578 -177.396743774 -15.024697304 -183.502975464 170.388854980 -188.689178467 -126.047256470 -195.125503540 -65.718147278 -186.160919189 -163.127487183 -179.060043335 -176.248031616 12.538790703 -269.156036377 30.554029465 -275.733947754 152.997833252 -196.036941528 151.804412842 -190.142776489 189.139007568 -198.741775513 1040.148437500 133.860519409 810.539123535 723.075683594 57.687702179 1201.814697266 -773.553405762 960.181884766 -1023.831054688 -93.655235291 -987.999084473 -691.204162598 146.201080322 -1176.689086914 809.553283691 -960.060668945
254.122573853 23.261243820 244.821960449 32.546031952 193.558761597 156.266708374 40.576374054 252.606307983 162.216949463 178.154617310 16.049919128 233.567031860 9.719251633 232.929397583 -147.535583496 216.089904785 -144.595703125 186.744064331 -178.016952515 -15.436423302 -183.794754028 171.242019653 -189.332153320 -126.718231201 -195.752197266 -66.067535400 -186.824234009 -163.749252319 -179.738937378 -176.850646973 12.713212013 -269.886993408 30.700263977 -276.459228516 153.457305908 -196.627502441 152.264602661 -190.741378784 189.548980713 -199.333480835 1038.947631836 133.739990234 809.653930664 722.698913574 57.681282043 1200.523803711 -772.807617188 959.643920898 -1022.938110352 -94.434631348 -986.723083496 -691.163696289 145.749450684 -1175.573974609 808.425598145 -959.450500488
254.706954956 23.572896957 245.423492432 32.842159271 194.157531738 156.809219360 40.396385193 253.314376831 162.864837646 178.657012939 15.908879280 234.304443359 9.588150978 233.669219971 -147.905624390 216.896881104 -144.962326050 187.585174561 -178.624679565 -15.860276222 -184.099060059 172.098480225 -189.955932617 -127.405197144 -196.366836548 -66.429901123 -187.468872070 -164.387969971 -180.399429321 -177.470657349 12.865903854 -270.616394043 30.824750900 -277.182434082 153.897048950 -197.228851318 152.705078125 -191.350692749 189.938903809 -199.935089111 1037.751342773 133.581726074 808.740600586 722.351501465 57.712871552 1199.233398438 -772.089233398 959.078857422 -1022.022705078 -95.202438354 -985.430908203 -691.160705566 145.262649536 -1174.473266602 807.279724121 -958.873718262
255.287872314 23.866867065 246.021347046 33.120414734 194.742294312 157.369018555 40.235038757 254.016357422 163.499618530 179.177520752 15.786605835 235.035156250 9.475825310 234.402206421 -148.289413452 217.705139160 -145.342529297 188.427612305 -179.219696045 -16.294738770 -184.416900635 172.957092285 -190.559921265 -128.107437134 -196.969131470 -66.803642273 -188.094161987 -165.042922974 -181.040847778 -178.107391357 12.996587753 -271.344604492 30.927228928 -277.903869629 154.317245483 -197.841232300 153.125991821 -191.970977783 190.308929443 -200.546859741 1036.560668945 133.385879517 807.799377441 722.034118652 57.782447815 1197.944458008 -771.397705078 958.486633301 -1021.081176758 -95.951522827 -984.124572754 -691.195434570 144.741149902 -1173.388061523 806.116699219 -958.330871582
255.865890503 24.142452240 246.616027832 33.380111694 195.312011719 157.945632935 40.092956543 254.712631226 164.120239258 179.715789795 15.683697701 235.759506226 9.382872581 235.128662109 -148.687744141 218.513412476 -145.737121582 189.270156860 -179.801818848 -16.738180161 -184.749099731 173.816635132 -191.143646240 -128.824203491 -197.558776855 -67.187026978 -188.699569702 -165.713363647 -181.662582397 -178.760131836 13.105047226 -272.071868896 31.007501602 -278.623809814 154.718109131 -198.464935303 153.527557373 -192.602508545 190.659317017 -201.169036865 1035.376708984 133.152603149 806.830444336 721.747497559 57.889957428 1196.657836914 -770.732604980 957.866882324 -1020.110778809 -96.675003052 -982.805908203 -691.263061523 144.185409546 -1172.319335938 804.937683105 -957.822448730
256.441528320 24.398988724 247.208068848 33.620582581 195.865707397 158.538558960 39.970737457 255.403549194 164.725662231 180.271392822 15.600713730 236.477844238 9.309843063 235.848907471 -149.101257324 219.320449829 -146.146774292 190.111587524 -180.370956421 -17.188852310 -185.096343994 174.675964355 -191.706832886 -129.554580688 -198.135604858 -67.578201294 -189.284744263 -166.398391724 -182.264282227 -179.427947998 13.191123009 -272.798553467 31.065433502 -279.342590332 155.099914551 -199.100219727 153.910064697 -193.245574951 190.990356445 -201.801849365 1034.200683594 132.882141113 805.834228516 721.492492676 58.035331726 1195.374633789 -770.093383789 957.219360352 -1019.113281250 -97.371307373 -981.476196289 -691.358276367 143.596008301 -1171.268310547 803.743957520 -957.349121094
257.015319824 24.635835648 247.797897339 33.841205597 196.402420044 159.147277832 39.868919373 256.089477539 165.314895630 180.843872070 15.538166046 237.190475464 9.257242203 236.563278198 -149.530441284 220.125061035 -146.571990967 190.950729370 -180.927047729 -17.645063400 -185.459243774 175.533935547 -192.249389648 -130.297546387 -198.699462891 -67.975395203 -189.849517822 -167.096954346 -182.845748901 -180.109786987 13.254723549 -273.524932861 31.100952148 -280.060485840 155.463043213 -199.747360229 154.273895264 -193.900451660 191.302474976 -202.445602417 1033.033325195 132.574707031 804.811523438 721.269897461 58.218463898 1194.095581055 -769.479858398 956.543762207 -1018.090393066 -98.038917542 -980.136474609 -691.475769043 142.973571777 -1170.236083984 802.537048340 -956.911437988
257.587677002 24.852390289 248.386001587 34.041389465 196.921264648 159.771163940 39.788017273 256.770721436 165.886962891 181.432693481 15.496520042 237.897705078 9.225527763 237.272048950 -149.975723267 220.926040649 -147.013229370 191.786437988 -181.470077515 -18.105176926 -185.838272095 176.389419556 -192.771377563 -131.051971436 -199.250289917 -68.376876831 -190.393905640 -167.807891846 -183.406951904 -180.804473877 13.295823097 -274.251403809 31.114055634 -280.777862549 155.807937622 -200.406677246 154.619506836 -194.567428589 191.596160889 -203.100570679 1031.876098633 132.230590820 803.763183594 721.080627441 58.439231873 1192.822021484 -768.891845703 955.839782715 -1017.044128418 -98.676437378 -978.787536621 -691.609497070 142.318862915 -1169.223876953 801.318786621 -956.509216309
258.159088135 25.048084259 248.972747803 34.220588684 197.421401978 160.409591675 39.728481293 257.447601318 166.440979004 182.037277222 15.476191521 238.599838257 9.215106964 237.975540161 -150.437423706 221.722198486 -147.470825195 192.617538452 -182.000122070 -18.567607880 -186.233810425 177.241256714 -193.273010254 -131.816619873 -199.788101196 -68.780998230 -190.918090820 -168.529937744 -183.948043823 -181.510742188 13.314465523 -274.978332520 31.104812622 -281.495086670 156.135177612 -201.078430176 154.947463989 -195.246810913 191.871994019 -203.767044067 1030.729858398 131.850112915 802.690307617 720.925537109 58.697452545 1191.554931641 -768.329345703 955.106994629 -1015.976379395 -99.282546997 -977.429870605 -691.753234863 141.632720947 -1168.233032227 800.092712402 -956.137756348
258.729888916 25.222396851 249.558517456 34.378307343 197.902053833 161.061859131 39.690715790 258.120452881 166.976089478 182.656967163 15.477540016 239.297195435 9.226330757 238.674057007 -150.915786743 222.512405396 -147.945068359 193.442916870 -182.517272949 -19.030828476 -186.646194458 178.088378906 -193.754684448 -132.590255737 -200.312896729 -69.186180115 -191.422378540 -169.261764526 -184.469329834 -182.227249146 13.310767174 -275.706115723 31.073360443 -282.212585449 156.445602417 -201.762817383 155.258605957 -195.938781738 192.130844116 -204.445251465 1029.595825195 131.433654785 801.594787598 720.805541992 58.992904663 1190.295410156 -767.792480469 954.345214844 -1014.889221191 -99.855972290 -976.063659668 -691.900024414 140.916183472 -1167.265136719 798.862121582 -955.791931152
259.300445557 25.374862671 250.143646240 34.514102936 198.362579346 161.727233887 39.675071716 258.789550781 167.491561890 183.291107178 15.500867844 239.990081787 9.259491920 239.367904663 -151.410949707 223.295501709 -148.436157227 194.261459351 -183.021743774 -19.493381500 -187.075683594 178.929641724 -194.216873169 -133.371520996 -200.824890137 -69.590904236 -191.907226562 -170.001998901 -184.971206665 -182.952560425 13.284922600 -276.435241699 31.019918442 -282.930816650 156.740249634 -202.459915161 155.554000854 -196.643417358 192.373809814 -205.135299683 1028.475341797 130.981674194 800.478881836 720.721618652 59.325305939 1189.044799805 -767.281433105 953.554138184 -1013.784484863 -100.395675659 -974.689208984 -692.042419434 140.171447754 -1166.320800781 797.630432129 -955.466430664
259.871093750 25.505071640 250.728439331 34.627605438 198.802444458 162.404937744 39.681831360 259.455230713 167.986801147 183.938949585 15.546417236 240.678817749 9.314824104 240.057403564 -151.923049927 224.070343018 -148.944213867 195.072036743 -183.513870239 -19.953895569 -187.522460938 179.763961792 -194.660217285 -134.159027100 -201.324340820 -69.993774414 -192.373214722 -170.749130249 -185.454284668 -183.685165405 13.237260818 -277.166168213 30.944831848 -283.650329590 157.020431519 -203.169723511 155.834915161 -197.360733032 192.602188110 -205.837265015 1027.369628906 130.494689941 799.344909668 720.672119141 59.694290161 1187.804565430 -766.796630859 952.733581543 -1012.663818359 -100.900856018 -973.306823730 -692.172302246 139.403579712 -1165.398437500 796.400390625 -955.155517578
260.442077637 25.612693787 251.313156128 34.718517303 199.221313477 163.094116211 39.711208344 260.117828369 168.461349487 184.599670410 15.614360809 241.363769531 9.392490387 240.742919922 -152.452117920 224.835830688 -149.469329834 195.873580933 -183.994125366 -20.411081314 -187.986663818 180.590240479 -195.085510254 -134.951293945 -201.811706543 -70.393447876 -192.821105957 -171.501647949 -185.919250488 -184.423492432 13.168380737 -277.899475098 30.848709106 -284.371643066 157.287567139 -203.892135620 156.102813721 -198.090637207 192.817428589 -206.551116943 1026.280273438 129.973327637 798.195129395 720.653869629 60.099399567 1186.576171875 -766.338500977 951.883483887 -1011.528686523 -101.370880127 -971.916809082 -692.280883789 138.617797852 -1164.495971680 795.174865723 -954.853271484
261.013671875 25.697484970 251.898071289 34.786624908 199.618988037 163.793853760 39.763339996 260.777679443 168.914947510 185.272354126 15.704796791 242.045349121 9.492579460 241.424880981 -152.998138428 225.590835571 -150.011535645 196.664978027 -184.463043213 -20.863744736 -188.468383789 181.407379150 -195.493637085 -135.746765137 -202.287490845 -70.788688660 -193.251754761 -172.257888794 -186.366989136 -185.165847778 13.079133034 -278.635681152 30.732404709 -285.095397949 157.543273926 -204.626968384 156.359268188 -198.832916260 193.021118164 -207.276748657 1025.208496094 129.418304443 797.031372070 720.663513184 60.540077209 1185.361328125 -765.907592773 951.003845215 -1010.380310059 -101.805267334 -970.520019531 -692.358947754 137.819351196 -1163.611328125 793.956420898 -954.553771973
261.586120605 25.759294510 252.483413696 34.831817627 199.995452881 164.503158569 39.838279724 261.435180664 169.347473145 185.955978394 15.817748070 242.723968506 9.615107536 242.103698730 -153.561050415 226.334289551 -150.570816040 197.445175171 -184.921249390 -21.310766220 -188.967651367 182.214294434 -195.885681152 -136.543807983 -202.752273560 -71.178344727 -193.666213989 -173.016113281 -186.798553467 -185.910430908 12.970584869 -279.375488281 30.596982956 -285.822235107 157.789245605 -205.373916626 156.606002808 -199.587310791 193.214981079 -208.013977051 1024.156127930 128.830459595 795.855407715 720.697570801 61.015644073 1184.161743164 -765.504638672 950.094787598 -1009.219726562 -102.203620911 -969.117919922 -692.399230957 137.013534546 -1162.742065430 792.747619629 -954.251098633
262.159637451 25.798082352 253.069473267 34.854087830 200.350860596 165.220947266 39.936004639 262.090820312 169.759002686 186.649459839 15.953162193 243.400146484 9.760014534 242.779891968 -154.140716553 227.065124512 -151.147064209 198.213119507 -185.369445801 -21.751110077 -189.484436035 183.009918213 -196.262847900 -137.340713501 -203.206756592 -71.561325073 -194.065673828 -173.774520874 -187.215087891 -186.655410767 12.844007492 -280.119476318 30.443696976 -286.552886963 158.027328491 -206.132614136 156.844833374 -200.353424072 193.400833130 -208.762527466 1023.124633789 128.210800171 794.668457031 720.752258301 61.525272369 1182.979370117 -765.130371094 949.156738281 -1008.047973633 -102.565620422 -967.712646484 -692.401611328 136.205429077 -1161.885131836 791.551147461 -953.939697266
262.734527588 25.813922882 253.656539917 34.853538513 200.685440063 165.946197510 40.056388855 262.745117188 170.149703979 187.351715088 16.110904694 244.074447632 9.927161217 243.454055786 -154.736984253 227.782272339 -151.740158081 198.967742920 -185.808380127 -22.183807373 -190.018676758 183.793197632 -196.626327515 -138.135879517 -203.651641846 -71.936622620 -194.451278687 -174.531448364 -187.617752075 -187.399063110 12.700836182 -280.868377686 30.273965836 -287.288055420 158.259429932 -206.902633667 157.077667236 -201.130844116 193.580535889 -209.522064209 1022.115844727 127.560409546 793.471923828 720.823547363 62.067993164 1181.816162109 -764.785644531 948.190124512 -1006.866027832 -102.890991211 -966.306152344 -692.365966797 135.400039673 -1161.037719727 790.369567871 -953.614196777
263.311065674 25.807012558 254.244964600 34.830390930 200.999542236 166.677764893 40.199234009 263.398620605 170.519851685 188.061584473 16.290763855 244.747543335 10.116332054 244.126846313 -155.349609375 228.484725952 -152.349914551 199.708053589 -186.238845825 -22.607946396 -190.570251465 184.563064575 -196.977233887 -138.927795410 -204.087707520 -72.303276062 -194.824172974 -175.285293579 -188.007675171 -188.139739990 12.542650223 -281.622833252 30.089332581 -288.028442383 158.487564087 -207.683425903 157.306533813 -201.919021606 193.756103516 -210.292160034 1021.131591797 126.880599976 792.266723633 720.907104492 62.639125824 1180.672729492 -764.471374512 947.195678711 -1005.674804688 -103.179496765 -964.900512695 -692.292297363 134.602279663 -1160.196533203 789.205810547 -953.269836426
263.889709473 25.777666092 254.835159302 34.784976959 201.293624878 167.414581299 40.364074707 264.052032471 170.869842529 188.777893066 16.492284775 245.420135498 10.327071190 244.798995972 -155.978302002 229.171508789 -152.976074219 200.433059692 -186.661682129 -23.022672653 -191.138946533 185.318511963 -197.316741943 -139.715042114 -204.515792847 -72.660369873 -195.185470581 -176.034545898 -188.385955811 -188.875915527 12.371150017 -282.383483887 29.891468048 -288.774780273 158.713821411 -208.474426270 157.533493042 -202.717391968 193.929580688 -211.072341919 1020.172180176 126.174819946 791.053833008 720.998229980 63.232547760 1179.547851562 -764.188415527 946.174316406 -1004.475219727 -103.430923462 -963.497802734 -692.180725098 133.817031860 -1159.358642578 788.062683105 -952.902343750
264.470825195 25.726421356 255.427597046 34.717845917 201.568222046 168.155517578 40.550148010 264.706115723 171.200195312 189.499496460 16.714717865 246.093032837 10.558632851 245.471313477 -156.622711182 229.841659546 -153.618347168 201.141815186 -187.077758789 -23.427164078 -191.724548340 186.058547974 -197.645950317 -140.496276855 -204.936721802 -73.007026672 -195.536239624 -176.777832031 -188.753677368 -189.606170654 12.188147545 -283.150970459 29.682142258 -289.527740479 158.940368652 -209.274948120 157.760726929 -203.525268555 194.103118896 -211.862075806 1019.236267090 125.448547363 789.833923340 721.091796875 63.842163086 1178.440429688 -763.937683105 945.127075195 -1003.268188477 -103.645080566 -962.099731445 -692.031433105 133.048995972 -1158.521362305 786.943420410 -952.508056641
265.054901123 25.654109955 256.022827148 34.629821777 201.823944092 168.899459839 40.756435394 265.361602783 171.511459351 190.225158691 16.957078934 246.767044067 10.810038567 246.144653320 -157.282424927 230.494308472 -154.276351929 201.833419800 -187.487991333 -23.820631027 -192.326721191 186.782226562 -197.966018677 -141.270339966 -205.351379395 -73.342384338 -195.877639771 -177.513931274 -189.111984253 -190.329238892 11.995556831 -283.925933838 29.463226318 -290.287994385 159.169464111 -210.084304810 157.990509033 -204.341979980 194.278945923 -212.660781860 1018.322326660 124.707260132 788.607727051 721.181884766 64.461906433 1177.348510742 -763.720214844 944.055358887 -1002.054626465 -103.821777344 -960.707580566 -691.844543457 132.302856445 -1157.682250977 785.851196289 -952.083862305
265.642578125 25.561822891 256.621459961 34.521999359 202.061508179 169.645248413 40.981704712 266.019348145 171.804321289 190.953674316 17.218179703 247.443084717 11.080110550 246.819885254 -157.957000732 231.128616333 -154.949676514 202.507019043 -187.893310547 -24.202306747 -192.945098877 187.488662720 -198.278167725 -142.036224365 -205.760665894 -73.665611267 -196.210891724 -178.241775513 -189.462066650 -191.044067383 11.795381546 -284.708984375 29.236677170 -291.056182861 159.403442383 -210.901733398 158.225128174 -205.166748047 194.459365845 -213.467803955 1017.428222656 123.956352234 787.376037598 721.262207031 65.085762024 1176.270263672 -763.536926270 942.960754395 -1000.835632324 -103.960868835 -959.322387695 -691.620178223 131.583099365 -1156.839233398 784.788330078 -951.630371094
266.234436035 25.450862885 257.224121094 34.395652771 202.281692505 170.391708374 41.224555969 266.680236816 172.079544067 191.683776855 17.496662140 248.122039795 11.367501259 247.497955322 -158.645919800 231.743865967 -155.637847900 203.161865234 -188.294647217 -24.571430206 -193.579269409 188.177017212 -198.583633423 -142.793075562 -206.165466309 -73.975875854 -196.537200928 -178.960510254 -189.805160522 -191.749725342 11.589711189 -285.500640869 29.004535675 -291.832946777 159.644546509 -211.726486206 158.466842651 -205.998840332 194.646621704 -214.282501221 1016.551513672 123.200981140 786.139709473 721.325317383 65.707801819 1175.203491211 -763.388610840 941.845153809 -999.612243652 -104.062210083 -957.944885254 -691.358642578 130.894119263 -1155.990600586 783.756652832 -951.148803711
266.831146240 25.322692871 257.831604004 34.252231598 202.485351562 171.137649536 41.483428955 267.345153809 172.337997437 192.414169312 17.791017532 248.804855347 11.670717239 248.179809570 -159.348602295 232.339355469 -156.340316772 203.797271729 -188.692962646 -24.927240372 -194.228729248 188.846542358 -198.883697510 -143.540206909 -206.566711426 -74.272323608 -196.857864380 -179.669342041 -190.142532349 -192.445434570 11.380705833 -286.301513672 28.768917084 -292.618896484 159.894897461 -212.557815552 158.717803955 -206.837524414 194.842834473 -215.104232788 1015.689514160 122.446212769 784.899780273 721.363281250 66.322189331 1174.145874023 -763.276123047 940.710754395 -998.385620117 -104.125671387 -956.575805664 -691.059936523 130.240173340 -1155.135620117 782.757995605 -950.640747070
267.433441162 25.178915024 258.444580078 34.093307495 202.673492432 171.881805420 41.756633759 268.015075684 172.580673218 193.143463135 18.099618912 249.492538452 11.988146782 248.866470337 -160.064453125 232.914581299 -157.056518555 204.412658691 -189.089248657 -25.268968582 -194.892959595 189.496612549 -199.179626465 -144.276992798 -206.965316772 -74.554100037 -197.174118042 -180.367645264 -190.475448608 -193.130538940 11.170599937 -287.112121582 28.532007217 -293.414581299 160.156539917 -213.394989014 158.979995728 -207.682052612 195.050048828 -215.932373047 1014.839416504 121.697013855 783.657897949 721.367248535 66.923194885 1173.095581055 -763.200195312 939.559936523 -997.156982422 -104.151184082 -955.215759277 -690.724365234 129.625335693 -1154.273559570 781.794189453 -950.107788086
268.042053223 25.021230698 259.063812256 33.920551300 202.847213745 172.622802734 42.042385101 268.690979004 172.808700562 193.870223999 18.420726776 250.186065674 12.318067551 249.558898926 -160.792831421 233.469070435 -157.785827637 205.007553101 -189.484451294 -25.595829010 -195.571365356 190.126663208 -199.472702026 -145.002960205 -207.362152100 -74.820320129 -197.487274170 -181.054885864 -190.805191040 -193.804458618 10.961702347 -287.933013916 28.296073914 -294.220611572 160.431350708 -214.237319946 159.255340576 -208.531738281 195.270187378 -216.766296387 1013.998474121 120.958244324 782.416320801 721.333190918 67.505256653 1172.050659180 -763.161437988 938.394897461 -995.927734375 -104.138694763 -953.865295410 -690.351989746 129.052703857 -1153.405273438 780.866394043 -949.551330566
268.657714844 24.851419449 259.690124512 33.735713959 203.007736206 173.359405518 42.338771820 269.373840332 173.023315430 194.593078613 18.752494812 250.886428833 12.658649445 250.258132935 -161.533081055 234.002517700 -158.527618408 205.581573486 -189.879562378 -25.907009125 -196.263336182 190.736251831 -199.764221191 -145.717697144 -207.758087158 -75.070083618 -197.798599243 -181.730606079 -191.133056641 -194.466705322 10.756339073 -288.764617920 28.063409805 -295.037506104 160.721084595 -215.084045410 159.545547485 -209.385848999 195.505020142 -217.605346680 1013.163940430 120.234680176 781.176879883 721.261169434 68.062973022 1171.009521484 -763.157470703 937.218139648 -994.699279785 -104.088203430 -952.525146484 -689.942993164 128.523056030 -1152.533081055 779.974731445 -948.972167969
269.281250000 24.671344757 260.324218750 33.540630341 203.156295776 174.090515137 42.643795013 270.064575195 173.225769043 195.310821533 19.092973709 251.594604492 13.007962227 250.965133667 -162.284423828 234.514755249 -159.281143188 206.134536743 -190.275497437 -26.201671600 -196.968154907 191.325103760 -200.055465698 -146.420867920 -208.153945923 -75.302459717 -198.109405518 -182.394424438 -191.460327148 -195.116882324 10.556718826 -289.607391357 27.836196899 -295.865753174 161.027236938 -215.934402466 159.852157593 -210.243606567 195.756103516 -218.448791504 1012.333374023 119.531021118 779.941223145 721.151306152 68.591117859 1169.971069336 -763.185119629 936.031555176 -993.473144531 -103.999771118 -951.195861816 -689.497619629 128.036468506 -1151.658569336 779.119140625 -948.371154785
269.913330078 24.482933044 260.966918945 33.337196350 203.294174194 174.815170288 42.955352783 270.764251709 173.417373657 196.022415161 19.440111160 252.311584473 13.363970757 251.680923462 -163.046020508 235.005752563 -160.045532227 206.666366577 -190.673156738 -26.478948593 -197.684951782 191.893096924 -200.347717285 -147.112152100 -208.550476074 -75.516471863 -198.420959473 -183.045989990 -191.788284302 -195.754608154 10.364893913 -290.461639404 27.616470337 -296.705688477 161.351104736 -216.787521362 160.176452637 -211.104156494 196.024780273 -219.295852661 1011.504577637 118.851875305 778.710510254 721.003723145 69.084716797 1168.934570312 -763.241088867 934.837158203 -992.251037598 -103.873519897 -949.878295898 -689.016052246 127.592620850 -1150.782836914 778.299316406 -947.748779297
270.554718018 24.288192749 261.618896484 33.127391815 203.422653198 175.532608032 43.271236420 271.473754883 173.599456787 196.727005005 19.791753769 253.038345337 13.724538803 252.406478882 -163.816940308 235.475662231 -160.819869995 207.177185059 -191.073394775 -26.737941742 -198.412811279 192.440261841 -200.642288208 -147.791336060 -208.948364258 -75.711143494 -198.734573364 -183.684982300 -192.118225098 -196.379547119 10.182748795 -291.327514648 27.406106949 -297.557556152 161.693756104 -217.642532349 160.519500732 -211.966613770 196.312210083 -220.145645142 1010.675720215 118.201736450 777.485656738 720.818542480 69.539031982 1167.900024414 -763.321899414 933.636352539 -991.034667969 -103.709648132 -948.573303223 -688.498596191 127.191108704 -1149.906494141 777.514892578 -947.105590820
271.206054688 24.089214325 262.280883789 32.913276672 203.543060303 176.242218018 43.589138031 272.194091797 173.773361206 197.423873901 20.145650864 253.775894165 14.087434769 253.142807007 -164.596221924 235.924728394 -161.603179932 207.667205811 -191.476989746 -26.977731705 -199.150726318 192.966735840 -200.940460205 -148.458175659 -209.348190308 -75.885513306 -199.051544189 -184.311157227 -192.451446533 -196.991378784 10.011998177 -292.205047607 27.206823349 -298.421417236 162.056106567 -218.498474121 160.882202148 -212.830032349 196.619293213 -220.997268677 1009.845397949 117.585029602 776.267517090 720.595947266 69.950637817 1166.868041992 -763.423767090 932.430725098 -989.825927734 -103.508453369 -947.281738281 -687.945617676 126.831405640 -1149.030151367 776.765441895 -946.441955566
271.868041992 23.888160706 262.953521729 32.696990967 203.656723022 176.943527222 43.906726837 272.926177979 173.940444946 198.112472534 20.499515533 254.525146484 14.450382233 253.890869141 -165.382873535 236.353332520 -162.394470215 208.136764526 -191.884613037 -27.197404861 -199.897659302 193.472824097 -201.243530273 -149.112503052 -209.750381470 -76.038635254 -199.373138428 -184.924240112 -192.789230347 -197.589843750 9.854191780 -293.094116211 27.020179749 -299.297119141 162.438812256 -219.354400635 161.265228271 -213.693450928 196.946807861 -221.849807739 1009.012756348 117.006050110 775.056762695 720.336059570 70.319305420 1165.841308594 -763.542663574 931.221557617 -988.626586914 -103.270301819 -946.004638672 -687.357482910 126.512962341 -1148.154296875 776.050598145 -945.758117676
272.541229248 23.687276840 263.637420654 32.480758667 203.764953613 177.636184692 44.221786499 273.670837402 174.102081299 198.792388916 20.851173401 255.287002563 14.811226845 254.651535034 -166.175872803 236.761978149 -163.192687988 208.586364746 -192.296829224 -27.396066666 -200.652557373 193.958938599 -201.552780151 -149.754119873 -210.155303955 -76.169631958 -199.700653076 -185.523986816 -193.132843018 -198.174652100 9.710720062 -293.994445801 26.847576141 -300.184478760 162.842422485 -220.209320068 161.669143677 -214.555908203 197.295333862 -222.702255249 1008.177246094 116.468688965 773.854248047 720.039062500 70.644989014 1164.821655273 -763.674194336 930.009704590 -987.438720703 -102.995674133 -944.743103027 -686.734680176 126.235221863 -1147.279052734 775.369750977 -945.054321289
273.226165771 23.488883972 264.333099365 32.266872406 203.869094849 178.319915771 44.532238007 274.428863525 174.259643555 199.463287354 21.198577881 256.062225342 15.167924881 255.425598145 -166.974227905 237.151290894 -163.996826172 209.016586304 -192.714126587 -27.572881699 -201.414321899 194.425628662 -201.869537354 -150.382827759 -210.563140869 -76.277717590 -200.035385132 -186.110137939 -193.483581543 -198.745513916 9.582818031 -294.905670166 26.690269470 -301.083129883 163.267288208 -221.062271118 162.094299316 -215.416412354 197.665298462 -223.553634644 1007.338806152 115.974647522 772.660888672 719.705200195 70.928260803 1163.809936523 -763.813415527 928.795837402 -986.264282227 -102.685134888 -943.498352051 -686.077758789 125.997627258 -1146.404785156 774.722595215 -944.330627441
273.923187256 23.295236588 265.040924072 32.057579041 203.970474243 178.994583130 44.836143494 275.200714111 174.414520264 200.124893188 21.539812088 256.851348877 15.518570900 256.213623047 -167.776947021 237.521987915 -164.805831909 209.428131104 -193.136810303 -27.727094650 -202.181900024 194.873565674 -202.195053101 -150.998474121 -210.974014282 -76.362251282 -200.378601074 -186.682449341 -193.842681885 -199.302139282 9.471579552 -295.827331543 26.549369812 -301.992675781 163.713684082 -221.912231445 162.540954590 -216.273956299 198.056991577 -224.402954102 1006.498413086 115.523582458 771.477600098 719.334655762 71.169754028 1162.806518555 -763.955017090 927.580322266 -985.105285645 -102.339370728 -942.271728516 -685.387390137 125.799667358 -1145.531372070 774.108581543 -943.586975098
274.632537842 23.108415604 265.761169434 31.854938507 204.070419312 179.660064697 45.131732941 275.986785889 174.568069458 200.777023315 21.873111725 257.654754639 15.861398697 257.015991211 -168.583023071 237.874893188 -165.618713379 209.821823120 -193.565093994 -27.858076096 -202.954162598 195.303497314 -202.530639648 -151.600845337 -211.387893677 -76.422775269 -200.731536865 -187.240661621 -194.211364746 -199.844268799 9.377964020 -296.758850098 26.425867081 -302.912506104 164.181701660 -222.758239746 163.009246826 -217.127593994 198.470611572 -225.249221802 1005.656921387 115.115036011 770.305419922 718.927795410 71.370117188 1161.811523438 -764.092834473 926.363220215 -983.963745117 -101.959152222 -941.064575195 -684.664428711 125.640876770 -1144.658935547 773.527404785 -942.823425293
275.354309082 22.930316925 266.493927002 31.660842896 204.170303345 180.316268921 45.417366028 276.787200928 174.721679688 201.419540405 22.196844101 258.472595215 16.194778442 257.832824707 -169.391464233 238.210906982 -166.434402466 210.198547363 -193.999114990 -27.965347290 -203.730026245 195.716339111 -202.877502441 -152.189743042 -211.804763794 -76.459022522 -201.095428467 -187.784515381 -194.590835571 -200.371566772 9.302809715 -297.699554443 26.320623398 -303.842071533 164.671386719 -223.599304199 163.499176025 -217.976318359 198.906219482 -226.091445923 1004.814880371 114.748458862 769.145629883 718.484985352 71.530006409 1160.825073242 -764.219787598 925.144409180 -982.841674805 -101.545341492 -939.878295898 -683.909606934 125.520874023 -1143.787353516 772.978637695 -942.039733887
276.088439941 22.762664795 267.239166260 31.477012634 204.271484375 180.963211060 45.691551208 277.601898193 174.876770020 202.052307129 22.509513855 259.304840088 16.517213821 258.664184570 -170.201278687 238.531066895 -167.251892090 210.559356689 -194.438903809 -28.048616409 -204.508377075 196.113067627 -203.236892700 -152.764968872 -212.224517822 -76.470932007 -201.471435547 -188.313690186 -194.982254028 -200.883758545 9.246846199 -298.648803711 26.234395981 -304.780639648 165.182662964 -224.434463501 164.010696411 -218.819152832 199.363784790 -226.928619385 1003.972595215 114.423233032 767.999511719 718.006713867 71.650039673 1159.846923828 -764.328002930 923.923645020 -981.740905762 -101.098899841 -938.714416504 -683.124023438 125.439323425 -1142.916503906 772.462158203 -941.235839844
276.834747314 22.607017517 267.996673584 31.305011749 204.375335693 181.600875854 45.952938080 278.430694580 175.034759521 202.675262451 22.809761047 260.151336670 16.827339172 259.509887695 -171.011459351 238.836502075 -168.070114136 210.905395508 -194.884475708 -28.107782364 -205.288085938 196.494842529 -203.609970093 -153.326278687 -212.647140503 -76.458694458 -201.860687256 -188.827957153 -195.386672974 -201.380523682 9.210704803 -299.605834961 26.167844772 -305.727478027 165.715393066 -225.262756348 164.543670654 -219.655181885 199.843231201 -227.759765625 1003.130371094 114.138771057 766.868347168 717.493530273 71.730781555 1158.876831055 -764.408508301 922.700927734 -980.663452148 -100.620887756 -937.574401855 -682.308654785 125.395996094 -1142.046142578 771.977600098 -940.411376953
277.592926025 22.464780807 268.766174316 31.146247864 204.483276367 182.229278564 46.200309753 279.273254395 175.197052002 203.288314819 23.096347809 261.011810303 17.123916626 260.369628906 -171.820983887 239.128524780 -168.888000488 211.237991333 -195.335830688 -28.142944336 -206.067947388 196.862991333 -203.997848511 -153.873489380 -213.072952271 -76.422691345 -202.264221191 -189.326995850 -195.805130005 -201.861572266 9.194930077 -300.569824219 26.121543884 -306.681823730 166.269363403 -226.083236694 165.097915649 -220.483444214 200.344375610 -228.583923340 1002.288269043 113.894454956 765.753662109 716.946044922 71.772743225 1157.914672852 -764.451660156 921.476379395 -979.611083984 -100.112419128 -936.459838867 -681.464782715 125.390739441 -1141.176269531 771.524963379 -939.566223145
278.362487793 22.337221146 269.547241211 31.001993179 204.596710205 182.848480225 46.432556152 280.129089355 175.365112305 203.891418457 23.368156433 261.885833740 17.405818939 261.243011475 -172.628799438 239.408615112 -169.704421997 211.558639526 -195.793045044 -28.154399872 -206.846740723 197.219024658 -204.401565552 -154.406341553 -213.502044678 -76.363449097 -202.683013916 -189.810562134 -196.238555908 -202.326644897 9.199989319 -301.539978027 26.095991135 -307.642822266 166.844360352 -226.894989014 165.673187256 -221.303009033 200.867004395 -229.400146484 1001.446289062 113.689750671 764.657043457 716.365112305 71.776344299 1156.959838867 -764.456848145 920.251159668 -978.585510254 -99.574699402 -935.372192383 -680.593627930 125.423492432 -1140.306640625 771.104248047 -938.700073242
279.142944336 22.225461960 270.339324951 30.873386383 204.717071533 183.458496094 46.648693085 280.997711182 175.540405273 204.484527588 23.624176025 262.772827148 17.672027588 262.129516602 -173.434020996 239.678283691 -170.518463135 211.868911743 -196.256240845 -28.142604828 -207.623443604 197.564529419 -204.822052002 -154.924652100 -213.934677124 -76.281616211 -203.117935181 -190.278396606 -196.687789917 -202.775466919 9.226284027 -302.515441895 26.091615677 -308.609710693 167.440048218 -227.697113037 166.269180298 -222.112976074 201.410873413 -230.207473755 1000.604370117 113.524162292 763.579956055 715.751464844 71.741912842 1156.011962891 -764.424011230 919.026306152 -977.587707520 -99.010200500 -934.313049316 -679.696594238 125.494262695 -1139.437133789 770.715332031 -937.812622070
279.933624268 22.130500793 271.141845703 30.761436462 204.845840454 184.059371948 46.847827911 281.878387451 175.724365234 205.067535400 23.863489151 263.672210693 17.921621323 263.028564453 -174.235961914 239.939102173 -171.329376221 212.170379639 -196.725845337 -28.108247757 -208.397186279 197.901092529 -205.260192871 -155.428207397 -214.371231079 -76.177970886 -203.569778442 -190.730300903 -197.153549194 -203.207870483 9.274160385 -303.495361328 26.108791351 -309.581542969 168.056121826 -228.488708496 166.885574341 -222.912475586 201.975662231 -231.005004883 999.762329102 113.397285461 762.524047852 715.106201172 71.669692993 1155.070678711 -764.353149414 917.802856445 -976.617004395 -98.423995972 -933.283691406 -678.775024414 125.603157043 -1138.567626953 770.358581543 -936.903564453
280.733825684 22.053220749 271.954040527 30.667037964 204.984451294 184.651107788 47.029159546 282.770477295 175.918457031 205.640350342 24.085268021 264.583343506 18.153762817 263.939422607 -175.034072876 240.192642212 -172.136550903 212.464675903 -197.202102661 -28.052257538 -209.167282104 198.230361938 -205.716720581 -155.916885376 -214.812240601 -76.053550720 -204.039184570 -191.166122437 -197.636474609 -203.623687744 9.343912125 -304.478820801 26.147842407 -310.557495117 168.692199707 -229.268905640 167.522033691 -223.700607300 202.561050415 -231.791824341 998.919921875 113.308784485 761.490905762 714.430297852 71.559829712 1154.135498047 -764.244445801 916.582214355 -975.672119141 -97.821105957 -932.285705566 -677.830444336 125.750358582 -1137.698120117 770.033996582 -935.972778320
281.542755127 21.994392395 272.775146484 30.590984344 205.134368896 185.233688354 47.191967010 283.673156738 176.124084473 206.202850342 24.288759232 265.505401611 18.367691040 264.861389160 -175.827911377 240.440536499 -172.939514160 212.753448486 -197.685348511 -27.975793839 -209.933135986 198.554031372 -206.192276001 -156.390548706 -215.258331299 -75.909523010 -204.526748657 -191.585754395 -198.137115479 -204.022842407 9.435791969 -305.464965820 26.209049225 -311.536651611 169.347930908 -230.036834717 168.178161621 -224.476531982 203.166656494 -232.567016602 998.077026367 113.258438110 760.482238770 713.724975586 71.412361145 1153.206054688 -764.097900391 915.365783691 -974.751403809 -97.206504822 -931.320251465 -676.864318848 125.936111450 -1136.828491211 769.742065430 -935.019958496
282.359619141 21.954700470 273.604400635 30.533969879 205.297027588 185.807067871 47.335597992 284.585601807 176.342666626 206.754867554 24.473285675 266.437652588 18.562717438 265.793670654 -176.617172241 240.684402466 -173.737899780 213.038345337 -198.176040649 -27.880187988 -210.694274902 198.873779297 -206.687377930 -156.849151611 -215.710235596 -75.747184753 -205.032913208 -191.989181519 -198.655883789 -204.405364990 9.550012589 -306.452911377 26.292654037 -312.518127441 170.022857666 -230.791641235 168.853561401 -225.239379883 203.792098999 -233.329711914 997.233398438 113.246116638 759.499572754 712.991455078 71.227249146 1152.281860352 -763.913818359 914.155334473 -973.852905273 -96.585113525 -930.388610840 -675.878295898 126.160720825 -1135.958862305 769.483093262 -934.045043945
283.183532715 21.934740067 274.440887451 30.496612549 205.473831177 186.371124268 47.459465027 285.506988525 176.575500488 207.296203613 24.638223648 267.379241943 18.738214493 266.735473633 -177.401611328 240.925949097 -174.531417847 213.321105957 -198.674682617 -27.766902924 -211.450317383 199.191345215 -207.202484131 -157.292694092 -216.168762207 -75.567916870 -205.558044434 -192.376464844 -199.193130493 -204.771331787 9.686754227 -307.441741943 26.398859024 -313.501007080 170.716567993 -231.532501221 169.547790527 -225.988311768 204.436950684 -234.079025269 996.388793945 113.271789551 758.544372559 712.231018066 71.004371643 1151.362548828 -763.692443848 912.952514648 -972.974304199 -95.961845398 -929.491882324 -674.873901367 126.424537659 -1135.089477539 769.257507324 -933.047912598
284.013580322 21.935033798 275.283721924 30.479452133 205.666091919 186.925720215 47.563034058 286.436401367 176.823852539 207.826614380 24.783008575 268.329345703 18.893604279 267.685913086 -178.181045532 241.166839600 -175.319808960 213.603408813 -199.181854248 -27.637498856 -212.200927734 199.508468628 -207.737884521 -157.721252441 -216.634719849 -75.373138428 -206.102432251 -192.747726440 -199.749145508 -205.120910645 9.846160889 -308.430541992 26.527839661 -314.484375000 171.428604126 -232.258590698 170.260406494 -226.722518921 205.100769043 -234.814102173 995.543029785 113.335510254 757.618225098 711.445129395 70.743507385 1150.447875977 -763.434265137 911.759399414 -972.113159180 -95.341575623 -928.631103516 -673.852722168 126.727935791 -1134.220458984 769.065917969 -932.028686523
284.848815918 21.956039429 276.131988525 30.482965469 205.875091553 187.470672607 47.645812988 287.372924805 177.088851929 208.345855713 24.907119751 269.287048340 19.028358459 268.644165039 -178.955291748 241.408782959 -176.102890015 213.887008667 -199.698165894 -27.493614197 -212.945785522 199.826904297 -208.293838501 -158.134979248 -217.108932495 -75.164352417 -206.666259766 -193.103195190 -200.324111938 -205.454360962 10.028348923 -309.418395996 26.679737091 -315.467346191 172.158447266 -232.969085693 170.990905762 -227.441192627 205.783081055 -235.534072876 994.695922852 113.437446594 756.722473145 710.635192871 70.444374084 1149.537597656 -763.139648438 910.577941895 -971.266723633 -94.729217529 -927.807189941 -672.816223145 127.071311951 -1133.352294922 768.908874512 -930.987426758
285.688293457 21.998155594 276.984741211 30.507572174 206.101989746 188.005737305 47.707363129 288.315643311 177.371566772 208.853607178 25.010076523 270.251495361 19.141984940 269.609283447 -179.724227905 241.653488159 -176.880477905 214.173599243 -200.224182129 -27.336969376 -213.684661865 200.148376465 -208.870468140 -158.534072876 -217.592208862 -74.943092346 -207.249694824 -193.443161011 -200.918167114 -205.772003174 10.233401299 -310.404418945 26.854660034 -316.448974609 172.905609131 -233.663208008 171.738800049 -228.143554688 206.483367920 -236.238128662 993.847412109 113.577819824 755.858398438 709.802612305 70.106636047 1148.631469727 -762.809265137 909.410095215 -970.432006836 -94.129676819 -927.020935059 -671.766113281 127.455055237 -1132.485351562 768.786987305 -929.924560547
286.531066895 22.061729431 277.841033936 30.553638458 206.347793579 188.530639648 47.747268677 289.263610840 177.672851562 209.349609375 25.091434479 271.221740723 19.234033585 270.580383301 -180.487731934 241.902648926 -177.652404785 214.464904785 -200.760482788 -27.169359207 -214.417266846 200.474639893 -209.467864990 -158.918762207 -218.085342407 -74.710968018 -207.852783203 -193.767959595 -201.531387329 -206.074234009 10.461368561 -311.387725830 27.052684784 -317.428375244 173.669540405 -234.340209961 172.503540039 -228.828811646 207.201110840 -236.925445557 992.997436523 113.756950378 755.027160645 708.948913574 69.729888916 1147.729614258 -762.443847656 908.257995605 -969.606018066 -93.547904968 -926.273071289 -670.703796387 127.879524231 -1131.620361328 768.700927734 -928.840515137
287.376098633 22.147062302 278.699829102 30.621486664 206.613418579 189.045120239 47.765163422 290.215881348 177.993484497 209.833572388 25.150781631 272.196868896 19.304079056 271.556549072 -181.245712280 242.157958984 -178.418518066 214.762634277 -201.307617188 -26.992656708 -215.143386841 200.807388306 -210.086029053 -159.289398193 -218.589019775 -74.469665527 -208.475540161 -194.078002930 -202.163787842 -206.361465454 10.712265015 -312.367370605 27.273849487 -318.404571533 174.449645996 -234.999343872 173.284561157 -229.496246338 207.935714722 -237.595275879 992.146118164 113.975212097 754.229797363 708.075561523 69.313735962 1146.832031250 -762.044189453 907.123535156 -968.785827637 -92.988861084 -925.564208984 -669.630798340 128.345031738 -1130.757934570 768.651367188 -927.735961914
288.222412109 22.254411697 279.560211182 30.711397171 206.899581909 189.548873901 47.760696411 291.171478271 178.334045410 210.305206299 25.187738419 273.175933838 19.351734161 272.536865234 -181.998016357 242.421096802 -179.178649902 215.068435669 -201.866073608 -26.808832169 -215.862716675 201.148300171 -210.724868774 -159.646316528 -219.103927612 -74.220954895 -209.117935181 -194.373748779 -202.815353394 -206.634216309 10.986066818 -313.342468262 27.518154144 -319.376739502 175.245346069 -235.639907837 174.081253052 -230.145156860 208.686614990 -238.246871948 991.293640137 114.233009338 753.467346191 707.184020996 68.857727051 1145.938720703 -761.611145020 906.008789062 -967.968444824 -92.457511902 -924.894836426 -668.548706055 128.851791382 -1129.899047852 768.634521484 -926.611877441
289.069030762 22.383993149 280.421142578 30.823606491 207.206863403 190.041625977 47.733570099 292.129394531 178.694976807 210.764312744 25.201955795 274.158020020 19.376638412 273.520324707 -182.744522095 242.693710327 -179.932601929 215.383956909 -202.436279297 -26.619951248 -216.575027466 201.498992920 -211.384277344 -159.989898682 -219.630630493 -73.966728210 -209.779846191 -194.655654907 -203.485977173 -206.892959595 11.282703400 -314.312164307 27.785554886 -320.343902588 176.055847168 -236.261352539 174.892852783 -230.774978638 209.453002930 -238.879608154 990.440124512 114.530799866 752.740539551 706.275756836 68.361450195 1145.050170898 -761.145690918 904.915649414 -967.151123047 -91.958786011 -924.261108398 -667.461425781 129.398559570 -1129.043945312 768.646301270 -925.469909668
289.914947510 22.535984039 281.281646729 30.958316803 207.535690308 190.523117065 47.683506012 293.088745117 179.076583862 211.210693359 25.193119049 275.142120361 19.378469467 274.506072998 -183.485061646 242.977386475 -180.680191040 215.710784912 -203.018585205 -26.428201675 -217.280014038 201.861053467 -212.063903809 -160.320770264 -220.169631958 -73.708976746 -210.461029053 -194.924438477 -204.175460815 -207.138458252 11.601998329 -315.275573730 28.075895309 -321.305236816 176.880279541 -236.863311768 175.718505859 -231.385345459 210.233993530 -239.493087769 989.586120605 114.869026184 752.050231934 705.352172852 67.824516296 1144.166870117 -760.648925781 903.845825195 -966.331359863 -91.497505188 -923.658569336 -666.372863770 129.982177734 -1128.191528320 768.682250977 -924.311462402
290.759155273 22.710515976 282.140747070 31.115684509 207.886337280 190.993133545 47.610263824 294.048461914 179.479034424 211.644256592 25.160947800 276.127349854 19.356929779 275.493072510 -184.219421387 243.273666382 -181.421173096 216.050399780 -203.613235474 -26.235881805 -217.977371216 202.235946655 -212.763259888 -160.639755249 -220.721313477 -73.449859619 -211.161087036 -195.180999756 -204.883407593 -207.371612549 11.943602562 -316.231872559 28.388841629 -322.259857178 177.717620850 -237.445571899 176.557159424 -231.976043701 211.028549194 -240.087051392 988.732116699 115.248123169 751.396911621 704.414611816 67.246582031 1143.289184570 -760.121826172 902.801025391 -965.507446289 -91.077514648 -923.082214355 -665.286743164 130.599426270 -1127.340454102 768.737365723 -923.137939453
291.600646973 22.907680511 282.997436523 31.295822144 208.258926392 191.451553345 47.513652802 295.007629395 179.902374268 212.064941406 25.105194092 277.112731934 19.311769485 276.480407715 -184.947372437 243.583999634 -182.155273438 216.404235840 -204.220352173 -26.045364380 -218.666763306 202.625061035 -213.481735229 -160.947845459 -221.285980225 -73.191581726 -211.879470825 -195.426406860 -205.609329224 -207.593521118 12.307016373 -317.180236816 28.723905563 -323.206939697 178.566787720 -238.008117676 177.407760620 -232.547058105 211.835556030 -240.661453247 987.878784180 115.668495178 750.781127930 703.464538574 66.627403259 1142.417968750 -759.565612793 901.782897949 -964.679992676 -90.698356628 -922.526611328 -664.206665039 131.246917725 -1126.489257812 768.806396484 -921.950317383
292.438446045 23.127517700 283.850708008 31.498798370 208.653472900 191.898239136 47.393512726 295.965240479 180.346557617 212.472778320 25.025661469 278.097259521 19.242773056 277.467132568 -185.668655396 243.909729004 -182.882202148 216.773620605 -204.839950562 -25.858844757 -219.347839355 203.029663086 -214.218566895 -161.246261597 -221.863769531 -72.936256409 -212.615554810 -195.661926270 -206.352615356 -207.805450439 12.691603661 -318.119903564 29.080459595 -324.145721436 179.426620483 -238.551071167 178.269134521 -233.098495483 212.653808594 -241.216354370 987.027038574 116.130477905 750.203369141 702.503173828 65.966835022 1141.554199219 -758.981384277 900.792724609 -963.849243164 -90.359489441 -921.986083984 -663.135925293 131.920745850 -1125.637084961 768.883666992 -920.749328613
293.271606445 23.370019913 284.699615479 31.724630356 209.069885254 192.333175659 47.249748230 296.920349121 180.811447144 212.867843628 24.922199249 279.080017090 19.149784088 278.452239990 -186.382934570 244.252120972 -183.601623535 217.159729004 -205.471878052 -25.678339005 -220.020202637 203.450942993 -214.972900391 -161.536300659 -222.454681396 -72.685829163 -213.368606567 -195.888916016 -207.112594604 -208.008773804 13.096586227 -319.050262451 29.457729340 -325.075500488 180.295898438 -239.074691772 179.140045166 -233.630630493 213.482025146 -241.751983643 986.177795410 116.634315491 749.663940430 701.531799316 65.264877319 1140.698730469 -758.370300293 899.831848145 -963.015197754 -90.060317993 -921.454406738 -662.078125000 132.616882324 -1124.782348633 768.962768555 -919.535766602
294.099121094 23.635122299 285.543182373 31.973274231 209.507965088 192.756362915 47.082313538 297.871978760 181.296813965 213.250274658 24.794715881 280.059997559 19.032697678 279.434783936 -187.089889526 244.612304688 -184.313186646 217.563674927 -206.115829468 -25.505693436 -220.683486938 203.889892578 -215.743759155 -161.819503784 -223.058532715 -72.442115784 -214.137771606 -196.108901978 -207.888458252 -208.205047607 13.521063805 -319.970672607 29.854810715 -325.995605469 181.173294067 -239.579406738 180.019195557 -234.143875122 214.318862915 -242.268737793 985.332275391 117.180137634 749.163146973 700.551757812 64.521743774 1139.853149414 -757.733520508 898.901367188 -962.177734375 -89.800292969 -920.925109863 -661.036621094 133.331146240 -1123.923217773 769.036987305 -918.310180664
294.920074463 23.922697067 286.380493164 32.244632721 209.967453003 193.167922974 46.891235352 298.819152832 181.802429199 213.620269775 24.643186569 281.036285400 18.891475677 280.413818359 -187.789138794 244.991271973 -185.016494751 217.986404419 -206.771408081 -25.342596054 -221.337280273 204.347412109 -216.530090332 -162.097473145 -223.675033569 -72.206794739 -214.922119141 -196.323577881 -208.679336548 -208.395904541 13.964024544 -320.880615234 30.270690918 -326.905548096 182.057495117 -240.065765381 180.905227661 -234.638778687 215.162918091 -242.767120361 984.489929199 117.765205383 748.701232910 699.564208984 63.740531921 1139.017333984 -757.072143555 898.002258301 -961.336486816 -89.578903198 -920.391418457 -660.014953613 134.059112549 -1123.057739258 769.098876953 -917.073242188
295.733581543 24.232448578 287.210601807 32.538425446 210.448059082 193.567932129 46.676734924 299.761047363 182.327972412 213.978073120 24.467788696 282.007995605 18.726285934 281.388427734 -188.480270386 245.389892578 -185.711166382 218.428710938 -207.438079834 -25.190582275 -221.981155396 204.824234009 -217.330734253 -162.372055054 -224.303741455 -71.981430054 -215.720642090 -196.534744263 -209.484222412 -208.583175659 14.424359322 -321.779663086 30.704250336 -327.804809570 182.947036743 -240.534439087 181.796691895 -235.116027832 216.012695312 -243.247802734 983.649902344 118.386436462 748.278320312 698.570434570 62.925384521 1138.190185547 -756.387329102 897.135437012 -960.491210938 -89.395729065 -919.846435547 -659.016906738 134.796081543 -1122.183349609 769.140686035 -915.826049805
296.538757324 24.563915253 288.032653809 32.854217529 210.949401855 193.956604004 46.439247131 300.696777344 182.873077393 214.323944092 24.268918991 282.974273682 18.537521362 282.357818604 -189.162887573 245.808868408 -186.396774292 218.891265869 -208.115173340 -25.051048279 -222.614715576 205.320953369 -218.144409180 -162.645172119 -224.944137573 -71.767463684 -216.532180786 -196.744354248 -210.302047729 -208.768814087 14.900862694 -322.667449951 31.154270172 -328.693054199 183.840438843 -240.986297607 182.692108154 -235.576461792 216.866638184 -243.711578369 982.811340332 119.040405273 747.890869141 697.573120117 62.080387115 1137.370117188 -755.680053711 896.301513672 -959.641296387 -89.250442505 -919.283325195 -658.046264648 135.536941528 -1121.297363281 769.154296875 -914.569763184
297.334838867 24.916484833 288.845855713 33.191406250 211.470947266 194.334274292 46.179386139 301.625640869 183.437286377 214.658325195 24.047170639 283.934326172 18.325761795 283.321136475 -189.836547852 246.248794556 -187.072906494 219.374618530 -208.801971436 -24.925262451 -223.237548828 205.838043213 -218.969741821 -162.918991089 -225.595550537 -71.566207886 -217.355499268 -196.954574585 -211.131637573 -208.954956055 15.392231941 -323.543670654 31.619432449 -329.569854736 184.736129761 -241.422317505 183.589889526 -236.021087646 217.723083496 -244.159454346 981.973632812 119.723472595 747.535034180 696.574645996 61.209640503 1136.554809570 -754.951477051 895.501159668 -958.786376953 -89.142852783 -918.695495605 -657.106994629 136.276153564 -1120.396484375 769.131652832 -913.306274414
298.121093750 25.289411545 289.649475098 33.549255371 212.012054443 194.701446533 45.897926331 302.546905518 184.019973755 214.981811523 23.803293228 284.887451172 18.091758728 284.277648926 -190.500839233 246.710083008 -187.739135742 219.879119873 -209.497665405 -24.814380646 -223.849273682 206.375793457 -219.805221558 -163.195770264 -226.257263184 -71.378890991 -218.189270020 -197.167663574 -211.971694946 -209.143890381 15.897059441 -324.408050537 32.098308563 -330.434997559 185.632431030 -241.843688965 184.488342285 -236.451080322 218.580322266 -244.592559814 981.135681152 120.431976318 747.206542969 695.577209473 60.317287445 1135.742065430 -754.202453613 894.734863281 -957.926025391 -89.072868347 -918.082641602 -656.199401855 137.007598877 -1119.477661133 769.070861816 -912.037841797
298.896911621 25.681833267 290.442840576 33.926906586 212.571929932 195.058761597 45.595775604 303.459960938 184.620452881 215.295089722 23.538183212 285.832946777 17.836404800 285.226715088 -191.155319214 247.193054199 -188.395065308 220.405044556 -210.201354980 -24.719451904 -224.449539185 206.934402466 -220.649414062 -163.477645874 -226.928466797 -71.206642151 -219.032135010 -197.385742188 -212.820938110 -209.337707520 16.413824081 -325.260406494 32.589347839 -331.288269043 186.527755737 -242.251602173 185.385864258 -236.867660522 219.436645508 -245.012069702 980.296081543 121.162170410 746.900939941 694.582824707 59.407585144 1134.928833008 -753.434020996 894.003112793 -957.059753418 -89.040542603 -917.444885254 -655.322875977 137.724670410 -1118.537475586 768.971923828 -910.766723633
299.661712646 26.092790604 291.225433350 34.323406219 213.149749756 195.406967163 45.273948669 304.364196777 185.237945557 215.598983765 23.252862930 286.770172119 17.560720444 286.167663574 -191.799575806 247.697875977 -189.040298462 220.952529907 -210.912139893 -24.641429901 -225.037994385 207.513946533 -221.500915527 -163.766479492 -227.608306885 -71.050506592 -219.882827759 -197.610687256 -213.678161621 -209.538299561 16.940876007 -326.100677490 33.090881348 -332.129516602 187.420562744 -242.647262573 186.280914307 -237.272018433 220.290481567 -245.419204712 979.453125000 121.910194397 746.613281250 693.593383789 58.485004425 1134.111816406 -752.647033691 893.306091309 -956.187255859 -89.046005249 -916.782287598 -654.476745605 138.420242310 -1117.572753906 768.834777832 -909.495178223
300.415039062 26.521249771 291.996734619 34.737720490 213.744567871 195.746948242 44.933582306 305.259094238 185.871582031 215.894378662 22.948472977 287.698608398 17.265850067 287.099914551 -192.433212280 248.224594116 -189.674453735 221.521591187 -211.629028320 -24.581188202 -225.614303589 208.114364624 -222.358337402 -164.063903809 -228.295883179 -70.911453247 -220.740066528 -197.844192505 -214.542083740 -209.747344971 17.476421356 -326.928833008 33.601074219 -332.958679199 188.309417725 -243.031860352 187.172073364 -237.665328979 221.140365601 -245.815093994 978.604858398 122.671989441 746.338317871 692.610595703 57.554290771 1133.287353516 -751.842407227 892.644287109 -955.308227539 -89.089515686 -916.094604492 -653.660278320 139.087921143 -1116.581909180 768.659667969 -908.225402832
301.156494141 26.966093063 292.756286621 35.168724060 214.355392456 196.079650879 44.575920105 306.144165039 186.520492554 216.182281494 22.626270294 288.617736816 16.953054428 288.022949219 -193.055862427 248.773178101 -190.297195435 222.112152100 -212.351028442 -24.539525986 -226.178207397 208.735565186 -223.220336914 -164.371383667 -228.990234375 -70.790382385 -221.602584839 -198.087722778 -215.411514282 -209.966323853 18.018548965 -327.744842529 34.117984772 -333.775756836 189.192977905 -243.406570435 188.057968140 -238.048797607 221.984878540 -246.200897217 977.748962402 123.443229675 746.070251465 691.636291504 56.620597839 1132.451049805 -751.020935059 892.017761230 -954.422607422 -89.171401978 -915.381469727 -652.872558594 139.726242065 -1115.566528320 768.446655273 -906.959655762
301.885681152 27.426141739 293.503753662 35.615230560 214.981155396 196.406158447 44.202297211 307.018981934 187.183654785 216.463790894 22.287628174 289.527038574 16.623710632 288.936279297 -193.667144775 249.343490601 -190.908157349 222.724060059 -213.077087402 -24.517168045 -226.729431152 209.377288818 -224.085601807 -164.690185547 -229.690368652 -70.688125610 -222.469131470 -198.342544556 -216.285232544 -210.196517944 18.565410614 -328.548889160 34.639732361 -334.580841064 190.069976807 -243.772521973 188.937316895 -238.423553467 222.822708130 -246.577758789 976.882690430 124.219200134 745.802917480 690.672119141 55.689582825 1131.598632812 -750.183410645 891.426879883 -953.530334473 -89.292068481 -914.642333984 -652.112854004 140.333770752 -1114.528808594 768.196228027 -905.700195312
302.602325439 27.900144577 294.238769531 36.075977325 215.620742798 196.727676392 43.814182281 307.883178711 187.860061646 216.740081787 21.934040070 290.426147461 16.279325485 289.839477539 -194.266754150 249.935287476 -191.507064819 223.357040405 -213.806152344 -24.514774323 -227.267730713 210.039276123 -224.952850342 -165.021377563 -230.395248413 -70.605445862 -223.338455200 -198.609802246 -217.162017822 -210.439086914 19.115226746 -329.341033936 35.164512634 -335.373992920 190.939224243 -244.130920410 189.808944702 -238.790786743 223.652664185 -246.946838379 976.002990723 124.994720459 745.529602051 689.720153809 54.767498016 1130.725219727 -749.330688477 890.871704102 -952.631347656 -89.451980591 -913.876770020 -651.380371094 140.909255981 -1113.470458984 767.908691406 -904.448974609
303.306152344 28.386770248 294.961120605 36.549613953 216.272903442 197.045501709 43.413169861 308.736389160 188.548583984 217.012481689 21.567146301 291.314666748 15.921544075 290.732177734 -194.854354858 250.548278809 -192.093612671 224.010787964 -214.537155151 -24.532934189 -227.792922974 210.721160889 -225.820816040 -165.365905762 -231.103866577 -70.543052673 -224.209365845 -198.890441895 -218.040695190 -210.694976807 19.666276932 -330.121490479 35.690586090 -336.155426025 191.799682617 -244.482925415 190.671813965 -239.151672363 224.473678589 -247.309295654 975.106506348 125.764007568 745.243225098 688.782409668 53.861209869 1129.825805664 -748.463439941 890.352478027 -951.726013184 -89.651634216 -913.084106445 -650.674560547 141.451446533 -1112.393920898 767.584411621 -903.207641602
303.996948242 28.884597778 295.670562744 37.034698486 216.936325073 197.361083984 43.000991821 309.578399658 189.248001099 217.282424927 21.188743591 292.192291260 15.552175522 291.614074707 -195.429702759 251.182113647 -192.667541504 224.684921265 -215.269119263 -24.572185516 -228.304794312 211.422531128 -226.688247681 -165.724578857 -231.815170288 -70.501586914 -225.080627441 -199.185317993 -218.920074463 -210.965087891 20.216913223 -330.890472412 36.216281891 -336.925323486 192.650466919 -244.829772949 191.525009155 -239.507431030 225.284835815 -247.666336060 974.189697266 126.520606995 744.936340332 687.861328125 52.978107452 1128.895751953 -747.582580566 889.869384766 -950.814697266 -89.891532898 -912.263732910 -649.994995117 141.959365845 -1111.300781250 767.223754883 -901.977600098
304.674621582 29.392097473 296.366943359 37.529678345 217.609588623 197.676040649 42.579555511 310.408905029 189.957031250 217.551498413 20.800804138 293.058746338 15.173207283 292.484832764 -195.992507935 251.836349487 -193.228637695 225.378997803 -216.000900269 -24.632987976 -228.803207397 212.142929077 -227.553924561 -166.098114014 -232.528091431 -70.481628418 -225.951065063 -199.495178223 -219.798980713 -211.250152588 20.765575409 -331.648406982 36.740028381 -337.684051514 193.490783691 -245.172668457 192.367736816 -239.859298706 226.085281372 -248.019195557 973.248962402 127.257377625 744.601501465 686.959716797 52.119842529 1127.936767578 -746.688781738 889.422485352 -949.897888184 -90.172164917 -911.415100098 -649.341369629 142.432205200 -1110.193115234 766.827209473 -900.760009766
305.338989258 29.907615662 297.050109863 38.032871246 218.291168213 197.992126465 42.150695801 311.227783203 190.674301147 217.821487427 20.405223846 293.913879395 14.786548615 293.344299316 -196.542556763 252.510559082 -193.776687622 226.092575073 -216.731353760 -24.715724945 -229.288040161 212.881866455 -228.416641235 -166.487106323 -233.241561890 -70.483695984 -226.819503784 -199.820663452 -220.676284790 -211.550842285 21.310802460 -332.395690918 37.260345459 -338.432037354 194.319915771 -245.512847900 193.199279785 -240.208465576 226.874343872 -248.369064331 972.281311035 127.966957092 744.234130859 686.079528809 51.288002014 1126.950317383 -745.782836914 889.012084961 -948.976318359 -90.493995667 -910.537658691 -648.713562012 142.869415283 -1109.072021484 766.395019531 -899.555908203
305.990051270 30.429363251 297.720062256 38.542453766 218.979476929 198.311187744 41.716182709 312.034912109 191.398345947 218.094207764 20.003826141 294.757446289 14.394035339 294.192260742 -197.079681396 253.204238892 -194.311508179 226.825119019 -217.459320068 -24.820711136 -229.759185791 213.638809204 -229.275207520 -166.892059326 -233.954498291 -70.508239746 -227.684738159 -200.162322998 -221.550796509 -211.867721558 21.851224899 -333.132965088 37.775844574 -339.169860840 195.137298584 -245.851516724 194.019058228 -240.556167603 227.651382446 -248.717147827 971.288574219 128.647811890 743.834533691 685.220825195 50.484104156 1125.937988281 -744.865905762 888.637695312 -948.050903320 -90.857414246 -909.630981445 -648.111511230 143.270523071 -1107.938842773 765.927612305 -898.366088867
306.627868652 30.955617905 298.376800537 39.056674957 219.673004150 198.634902954 41.277725220 312.830200195 192.127822876 218.371307373 19.598369598 295.589447021 13.997432709 295.028625488 -197.603698730 253.916824341 -194.832977295 227.576095581 -218.183746338 -24.948179245 -230.216583252 214.413208008 -230.128433228 -167.313415527 -234.665756226 -70.555633545 -228.545654297 -200.520614624 -222.421401978 -212.201278687 22.385566711 -333.860809326 38.285236359 -339.898132324 195.942413330 -246.189880371 194.826538086 -240.903579712 228.415878296 -249.064636230 970.272644043 129.298477173 743.402893066 684.383300781 49.709598541 1124.901611328 -743.939941406 888.296081543 -947.122741699 -91.262741089 -908.694519043 -647.535339355 143.635192871 -1106.794799805 765.425354004 -897.191467285
307.252441406 31.484724045 299.020416260 39.573852539 220.370330811 198.964752197 40.836967468 313.613677979 192.861389160 218.654296875 19.190544128 296.409790039 13.598441124 295.853363037 -198.114624023 254.647628784 -195.341125488 228.344787598 -218.903533936 -25.098279953 -230.660324097 215.204376221 -230.975189209 -167.751541138 -235.374145508 -70.626144409 -229.401062012 -200.895965576 -223.286956787 -212.551956177 22.912639618 -334.579925537 38.787319183 -340.617523193 196.734802246 -246.529113770 195.621276855 -241.251907349 229.167373657 -249.412734985 969.235534668 129.917572021 742.939208984 683.566528320 48.965774536 1123.842773438 -743.006896973 887.983581543 -946.193176270 -91.710166931 -907.728088379 -646.985351562 143.963150024 -1105.640625000 764.888549805 -896.032775879
307.864013672 32.015094757 299.651031494 40.092369080 221.070053101 199.302062988 40.395481110 314.385467529 193.597778320 218.944503784 18.781969070 297.218597412 13.198690414 296.666595459 -198.612609863 255.395858765 -195.836120605 229.130416870 -219.617599487 -25.271068573 -231.090637207 216.011520386 -231.814285278 -168.206726074 -236.078552246 -70.719947815 -230.249816895 -201.288711548 -224.146316528 -212.920120239 23.431335449 -335.291076660 39.280963898 -341.328796387 197.514144897 -246.870391846 196.402923584 -241.602325439 229.905471802 -249.762588501 968.179138184 130.503906250 742.443359375 682.770202637 48.253620148 1122.762817383 -742.068481445 887.696228027 -945.263671875 -92.199752808 -906.731445312 -646.461853027 144.254180908 -1104.477539062 764.317504883 -894.890625000
308.462951660 32.545242310 300.269073486 40.610717773 221.770812988 199.647964478 39.954769135 315.145874023 194.335739136 219.243103027 18.374187469 298.016113281 12.799731255 297.468505859 -199.097930908 256.160644531 -196.318222046 229.932098389 -220.324905396 -25.466508865 -231.507888794 216.833801270 -232.644592285 -168.679183960 -236.777847290 -70.837135315 -231.090774536 -201.699111938 -224.998336792 -213.306045532 23.940622330 -335.995056152 39.765125275 -342.032684326 198.280090332 -247.214889526 197.171142578 -241.955963135 230.629837036 -250.115371704 967.105041504 131.056625366 741.915222168 681.993774414 47.573894501 1121.663085938 -741.126159668 887.429687500 -944.335876465 -92.731384277 -905.704406738 -645.965393066 144.508071899 -1103.306152344 763.712707520 -893.765869141
309.049713135 33.073776245 300.875000000 41.127479553 222.471298218 200.003463745 39.516239166 315.895294189 195.074020386 219.551147461 17.968662262 298.802703857 12.403032303 298.259490967 -199.570983887 256.940979004 -196.787902832 230.748886108 -221.024444580 -25.684465408 -231.912536621 217.670318604 -233.464965820 -169.169113159 -237.470962524 -70.977676392 -231.922790527 -202.127380371 -225.841873169 -213.709976196 24.439525604 -336.692626953 40.238807678 -342.730010986 199.032409668 -247.563720703 197.925674438 -242.313980103 231.340164185 -250.472198486 966.014465332 131.575027466 741.354492188 681.237121582 46.927185059 1120.544433594 -740.181335449 887.179199219 -943.411682129 -93.304733276 -904.647155762 -645.496520996 144.724670410 -1102.127441406 763.074401855 -892.659179688
309.624908447 33.599411011 301.469390869 41.641353607 223.170196533 200.369445801 39.081233978 316.634155273 195.811431885 219.869506836 17.566768646 299.578826904 12.009981155 299.039978027 -200.032287598 257.735870361 -197.245651245 231.579772949 -221.715255737 -25.924705505 -232.305160522 218.520111084 -234.274261475 -169.676574707 -238.156875610 -71.141464233 -232.744705200 -202.573654175 -226.675796509 -214.132095337 24.927129745 -337.384643555 40.701076508 -343.421569824 199.770828247 -247.918014526 198.666259766 -242.677474976 232.036209106 -250.834197998 964.908752441 132.058593750 740.760986328 680.500000000 46.313983917 1119.407836914 -739.235412598 886.939514160 -942.493530273 -93.919113159 -903.559753418 -645.055786133 144.903823853 -1100.942260742 762.403137207 -891.571289062
310.189178467 34.120956421 302.052886963 42.151111603 223.866226196 200.746612549 38.651008606 317.363067627 196.546752930 220.198974609 17.169805527 300.345001221 11.621884346 299.810485840 -200.482513428 258.544219971 -197.692169189 232.423721313 -222.396484375 -26.186887741 -232.686477661 219.382171631 -235.071380615 -170.201599121 -238.834655762 -71.328247070 -233.555374146 -203.038009644 -227.498931885 -214.572479248 25.402565002 -338.071929932 41.151046753 -344.108184814 200.495162964 -248.278869629 199.392700195 -243.047561646 232.717727661 -251.202468872 963.788757324 132.506912231 740.134460449 679.782470703 45.734710693 1118.254028320 -738.289611816 886.704772949 -941.582763672 -94.572547913 -902.442626953 -644.644104004 145.045379639 -1099.751464844 761.699279785 -890.503051758
310.743316650 34.637298584 302.626312256 42.655624390 224.558120728 201.135635376 38.226745605 318.082611084 197.278778076 220.540237427 16.779005051 301.101806641 11.239981651 300.571563721 -200.922424316 259.364929199 -198.128219604 233.279617310 -223.067367554 -26.470535278 -233.057266235 220.255493164 -235.855178833 -170.744171143 -239.503463745 -71.537635803 -234.353652954 -203.520462036 -228.310165405 -215.031173706 25.864997864 -338.755371094 41.587863922 -344.790740967 201.205245972 -248.647399902 200.104812622 -243.425323486 233.384490967 -251.578109741 962.655456543 132.919586182 739.474670410 679.084655762 45.189743042 1117.083862305 -737.345397949 886.468261719 -940.679504395 -95.261505127 -901.296386719 -644.262145996 145.149215698 -1098.556030273 760.963439941 -889.455322266
311.288146973 35.147399902 303.190399170 43.153831482 225.244628906 201.537017822 37.809577942 318.793518066 198.006332397 220.893890381 16.395532608 301.849914551 10.865448952 301.323913574 -201.352935791 260.196777344 -198.554763794 234.146316528 -223.727249146 -26.775003433 -233.418487549 221.138961792 -236.624588013 -171.304138184 -240.162506104 -71.769058228 -235.138427734 -204.020935059 -229.108352661 -215.508163452 26.313632965 -339.435821533 42.010707855 -345.470001221 201.900878906 -249.024658203 200.802429199 -243.811828613 234.036315918 -251.962158203 961.509826660 133.296310425 738.781494141 678.406799316 44.679439545 1115.898193359 -736.404479980 886.222534180 -939.783508301 -95.982482910 -900.121704102 -643.910827637 145.215209961 -1097.357055664 760.196166992 -888.428955078
311.824493408 35.650295258 303.746063232 43.644729614 225.924514771 201.951232910 37.400573730 319.496490479 198.728210449 221.260452271 16.020503998 302.589996338 10.499408722 302.068206787 -201.775146484 261.038543701 -198.972854614 235.022583008 -224.375534058 -27.099508286 -233.771209717 222.031463623 -237.378524780 -171.881332397 -240.811111450 -72.021781921 -235.908584595 -204.539291382 -229.892379761 -216.003311157 26.747701645 -340.114135742 42.418796539 -346.146911621 202.581939697 -249.411697388 201.485397339 -244.208114624 234.672988892 -252.355651855 960.352844238 133.636795044 738.054748535 677.749389648 44.204158783 1114.697631836 -735.468750000 885.959350586 -938.894409180 -96.732009888 -898.919677734 -643.590942383 145.243270874 -1096.155395508 759.398132324 -887.424926758
312.353302002 36.145072937 304.294189453 44.127388000 226.596542358 202.378677368 37.000766754 320.192260742 199.443283081 221.640396118 15.654987335 303.322784424 10.142935753 302.805114746 -202.190292358 261.888793945 -199.383804321 235.907089233 -225.011734009 -27.443159103 -234.116729736 222.931777954 -238.115966797 -172.475479126 -241.448669434 -72.294937134 -236.663070679 -205.075302124 -230.661163330 -216.516433716 27.166454315 -340.791198730 42.811355591 -346.822265625 203.248291016 -249.809539795 202.153564453 -244.615219116 235.294357300 -252.759613037 959.185363770 133.940704346 737.294494629 677.112792969 43.764251709 1113.483276367 -734.540893555 885.669616699 -938.011291504 -97.506637573 -897.691650391 -643.303466797 145.233367920 -1094.952514648 758.570190430 -886.444335938
312.875488281 36.630863190 304.835723877 44.600917816 227.259521484 202.819625854 36.611145020 320.881622314 200.150360107 222.034088135 15.300011635 304.049041748 9.797069550 303.535400391 -202.599899292 262.746063232 -199.789093018 236.798431396 -225.635437012 -27.804988861 -234.456512451 223.838607788 -238.835952759 -173.086242676 -242.074661255 -72.587577820 -237.400848389 -205.628692627 -231.413681030 -217.047271729 27.569168091 -341.467864990 43.187648773 -347.496917725 203.899780273 -250.219192505 202.806823730 -245.034103394 235.900222778 -253.175018311 958.008483887 134.207809448 736.500732422 676.497741699 43.360069275 1112.255859375 -733.624023438 885.344360352 -937.133239746 -98.302871704 -896.439514160 -643.049438477 145.185440063 -1093.749389648 757.713134766 -885.488220215
313.392059326 37.106845856 305.371612549 45.064460754 227.912261963 203.274353027 36.232677460 321.565399170 200.848297119 222.441879272 14.956569672 304.769500732 9.462810516 304.259857178 -203.005676270 263.608764648 -200.190444946 237.695037842 -226.246307373 -28.183958054 -234.792251587 224.750518799 -239.537597656 -173.713211060 -242.688629150 -72.898658752 -238.120971680 -206.199066162 -232.148956299 -217.595504761 27.955129623 -342.144989014 43.546936035 -348.171691895 204.536315918 -250.641601562 203.445037842 -245.465744019 236.490447998 -253.602798462 956.823364258 134.437805176 735.673645020 675.904968262 42.991970062 1111.016479492 -732.718811035 884.982849121 -936.258789062 -99.117179871 -895.165161133 -642.829650879 145.099533081 -1092.547607422 756.828125000 -884.557861328
313.903991699 37.572216034 305.902862549 45.517196655 228.553588867 203.743011475 35.866291046 322.244415283 201.535964966 222.863998413 14.625632286 305.485015869 9.141133308 304.979248047 -203.409240723 264.475402832 -200.589508057 238.595458984 -226.844039917 -28.578981400 -235.125549316 225.666198730 -240.220092773 -174.355911255 -243.290222168 -73.227081299 -238.822616577 -206.786026001 -232.866104126 -218.160705566 28.323644638 -342.823364258 43.888515472 -348.847381592 205.157775879 -251.077697754 204.068115234 -245.911041260 237.064865112 -254.043823242 955.631103516 134.630477905 734.813537598 675.335266113 42.660297394 1109.766357422 -731.825378418 884.585205078 -935.386352539 -99.945877075 -893.870605469 -642.644958496 144.975708008 -1091.348632812 755.916137695 -883.654296875
314.412292480 38.026191711 306.430480957 45.958320618 229.182373047 204.225692749 35.512908936 322.919525146 202.212219238 223.300643921 14.308145523 306.196350098 8.832993507 305.694396973 -203.812103271 265.344512939 -200.987777710 239.498352051 -227.428451538 -28.988924026 -235.457916260 226.584396362 -240.882736206 -175.013824463 -243.879089355 -73.571685791 -239.504989624 -207.389068604 -233.564346313 -218.742416382 28.674043655 -343.503845215 44.211692810 -349.524780273 205.764068604 -251.528320312 204.675949097 -246.370849609 237.623382568 -254.498931885 954.432983398 134.785583496 733.920776367 674.789489746 42.365394592 1108.506469727 -730.944152832 884.151306152 -934.514160156 -100.784904480 -892.557800293 -642.496032715 144.814147949 -1090.154052734 754.978576660 -882.778869629
314.917999268 38.468002319 306.955474854 46.387023926 229.797470093 204.722412109 35.173442841 323.591583252 202.875930786 223.751922607 14.005038261 306.904296875 8.539321899 306.406036377 -204.215667725 266.214752197 -201.386672974 240.402420044 -227.999404907 -29.412624359 -235.790725708 227.503952026 -241.524902344 -175.686370850 -244.455017090 -73.931282043 -240.167419434 -208.007644653 -234.242980957 -219.340118408 29.005670547 -344.187164307 44.515808105 -350.204650879 206.355133057 -251.994308472 205.268493652 -246.845977783 238.165863037 -254.968902588 953.230529785 134.902938843 732.996032715 674.268737793 42.107593536 1107.238403320 -730.075317383 883.681213379 -933.639953613 -101.629943848 -891.228698730 -642.383544922 144.615036011 -1088.965576172 754.016784668 -881.932800293
315.422210693 38.896869659 307.478881836 46.802516937 230.397796631 205.233093262 34.848781586 324.261413574 203.526000977 224.217849731 13.717217445 307.609710693 8.261032104 307.115020752 -204.621215820 267.084930420 -201.787475586 241.306457520 -228.556823730 -29.848884583 -236.125244141 228.423706055 -242.146087646 -176.372924805 -245.017868042 -74.304618835 -240.809326172 -208.641159058 -234.901351929 -219.953231812 29.317907333 -344.874145508 44.800231934 -350.887695312 206.930953979 -252.476379395 205.845733643 -247.337173462 238.692276001 -255.454421997 952.025085449 134.982391357 732.039978027 673.773986816 41.887187958 1105.963500977 -729.219360352 883.174804688 -932.760925293 -102.476341248 -889.885253906 -642.307983398 144.378723145 -1087.784912109 753.032287598 -881.117431641
315.925903320 39.312015533 308.001770020 47.203994751 230.982315063 205.757598877 34.539810181 324.929870605 204.161361694 224.698394775 13.445577621 308.313354492 7.999019146 307.822143555 -205.029937744 267.953765869 -202.191375732 242.209304810 -229.100753784 -30.296478271 -236.462677002 229.342620850 -242.745849609 -177.072814941 -245.567565918 -74.690406799 -241.430206299 -209.288986206 -235.538970947 -220.581146240 29.610168457 -345.565429688 45.064380646 -351.574584961 207.491516113 -252.975265503 206.407653809 -247.845123291 239.202606201 -255.956161499 950.818359375 135.023834229 731.053527832 673.306274414 41.704444885 1104.683349609 -728.376770020 882.632202148 -931.873657227 -103.318908691 -888.529602051 -642.269775391 144.105590820 -1086.614135742 752.026733398 -880.333923340
316.430206299 39.712650299 308.525146484 47.590648651 231.550018311 206.295684814 34.247402191 325.597808838 204.780975342 225.193420410 13.190993309 309.016052246 7.754162312 308.528137207 -205.442916870 268.820098877 -202.599502563 243.109832764 -229.631271362 -30.754146576 -236.804122925 230.259628296 -243.323867798 -177.785354614 -246.104141235 -75.087326050 -242.029647827 -209.950424194 -236.155380249 -221.223205566 29.881916046 -346.261749268 45.307708740 -352.266021729 208.036865234 -253.491561890 206.954315186 -248.370452881 239.696899414 -256.474670410 949.611999512 135.027252197 730.037902832 672.866821289 41.559581757 1103.399536133 -727.548217773 882.053466797 -930.974121094 -104.151794434 -887.163757324 -642.269348145 143.796173096 -1085.454956055 751.001892090 -879.583557129
316.936096191 40.097980499 309.049987793 47.961669922 232.099960327 206.847091675 33.972415924 326.266052246 205.383834839 225.702728271 12.954320908 309.718536377 7.527318954 309.233795166 -205.861221313 269.682830811 -203.012893677 244.006942749 -230.148574829 -31.220588684 -237.150634766 231.173736572 -243.879867554 -178.509857178 -246.627685547 -75.493988037 -242.607376099 -210.624816895 -236.750259399 -221.878723145 30.132656097 -346.963714600 45.529731750 -352.962554932 208.567123413 -254.025833130 207.485855103 -248.913681030 240.175247192 -257.010467529 948.407775879 134.992645264 728.994323730 672.456665039 41.452766418 1102.114013672 -726.734497070 881.438659668 -930.057617188 -104.968269348 -885.789672852 -642.306884766 143.451049805 -1084.309448242 749.959594727 -878.867553711
317.444610596 40.467193604 309.577331543 48.316230774 232.631271362 207.411437988 33.715694427 326.935363770 205.969039917 226.226058960 12.736393929 310.421539307 7.319321156 309.939849854 -206.285766602 270.540802002 -203.432510376 244.899597168 -230.652893066 -31.694444656 -237.503189087 232.083953857 -244.413742065 -179.245559692 -247.138397217 -75.908943176 -243.163131714 -211.311416626 -237.323318481 -222.546997070 30.361968994 -347.671905518 45.730041504 -353.664733887 209.082473755 -254.578536987 208.002426147 -249.475311279 240.637863159 -257.563964844 947.207702637 134.920120239 727.924255371 672.076904297 41.384098053 1100.828491211 -725.936340332 880.788024902 -929.119140625 -105.760696411 -884.409423828 -642.380676270 143.070968628 -1083.179565430 748.901794434 -878.187011719
317.956726074 40.819484711 310.108062744 48.653522491 233.143173218 207.988311768 33.478061676 327.606506348 206.535720825 226.763076782 12.538015366 311.125793457 7.130971432 310.646972656 -206.717453003 271.392974854 -203.859268188 245.786727905 -231.144592285 -32.174270630 -237.862701416 232.989288330 -244.925415039 -179.991714478 -247.636550903 -76.330627441 -243.696868896 -212.009445190 -237.874465942 -223.227218628 30.569507599 -348.386871338 45.908306122 -354.373107910 209.583114624 -255.150085449 208.504272461 -250.055740356 241.085006714 -258.135589600 946.013610840 134.809890747 726.829406738 671.728759766 41.353599548 1099.545043945 -725.154724121 880.101806641 -928.156188965 -106.523986816 -883.024536133 -642.486389160 142.656738281 -1082.067504883 747.830444336 -877.542968750
318.473388672 41.154045105 310.643127441 48.972736359 233.634979248 208.577224731 33.260303497 328.280212402 207.083099365 227.313385010 12.359947205 311.831970215 6.963027477 311.355804443 -207.157073975 272.238250732 -204.293975830 246.667312622 -231.624176025 -32.658618927 -238.230026245 233.888793945 -245.415054321 -180.747406006 -248.122604370 -76.757476807 -244.208618164 -212.718002319 -238.403732300 -223.918518066 30.755014420 -349.109130859 46.064289093 -355.088104248 210.069381714 -255.740844727 208.991714478 -250.655319214 241.516998291 -258.725616455 944.827514648 134.662246704 725.711547852 671.413085938 41.361217499 1098.265625000 -724.390502930 879.380310059 -927.169982910 -107.257225037 -881.636596680 -642.619262695 142.209289551 -1080.975097656 746.747741699 -876.936401367
318.995452881 41.470077515 311.183349609 49.273082733 234.106079102 209.177673340 33.063175201 328.957092285 207.610504150 227.876525879 12.202899933 312.540618896 6.816193104 312.066955566 -207.605361938 273.075561523 -204.737380981 247.540328979 -232.092254639 -33.146156311 -238.605972290 234.781494141 -245.882949829 -181.511688232 -248.597106934 -77.188049316 -244.698654175 -213.436126709 -238.911315918 -224.619888306 30.918321609 -349.839080811 46.197856903 -355.810241699 210.541625977 -256.351074219 209.465133667 -251.274322510 241.934265137 -259.334289551 943.651489258 134.477523804 724.572692871 671.131042480 41.406803131 1096.992309570 -723.644775391 878.624023438 -926.161621094 -107.959556580 -880.246704102 -642.774414062 141.729644775 -1079.904296875 745.655639648 -876.368164062
319.523681641 41.766811371 311.729431152 49.553798676 234.555999756 209.789062500 32.887359619 329.637786865 208.117340088 228.451980591 12.067514420 313.252380371 6.691102028 312.781005859 -208.062988281 273.903900146 -205.190200806 248.404754639 -232.549621582 -33.635654449 -238.991256714 235.666397095 -246.329574585 -182.283630371 -249.060821533 -77.620986938 -245.167373657 -214.162811279 -239.397628784 -225.330337524 31.059356689 -350.577239990 46.308956146 -356.539855957 211.000305176 -256.980987549 209.924942017 -251.912948608 242.337310791 -259.961883545 942.487426758 134.256240845 723.414794922 670.883422852 41.490135193 1095.727050781 -722.918640137 877.833374023 -925.132324219 -108.630172729 -878.855651855 -642.946228027 141.218887329 -1078.857177734 744.557189941 -875.837341309
320.058837891 42.043514252 312.282104492 49.814178467 234.984344482 210.410812378 32.733474731 330.322845459 208.603134155 229.039245605 11.954356194 313.967742920 6.588308811 313.498443604 -208.530532837 274.722229004 -205.653030396 249.259613037 -232.997177124 -34.125984192 -239.386550903 236.542572021 -246.755538940 -183.062210083 -249.514633179 -78.055038452 -245.615371704 -214.897018433 -239.863189697 -226.048797607 31.178140640 -351.323944092 46.397651672 -357.277435303 211.445968628 -257.630676270 210.371734619 -252.571319580 242.726776123 -260.608428955 941.337524414 133.998931885 722.240112305 670.671081543 41.610881805 1094.472045898 -722.213134766 877.009094238 -924.083312988 -109.268241882 -877.463684082 -643.128601074 140.678237915 -1077.835327148 743.456298828 -875.340087891
320.601470947 42.299507141 312.841918945 50.053573608 235.390869141 211.042327881 32.602058411 331.012725830 209.067535400 229.637725830 11.863898277 314.687164307 6.508275986 314.219757080 -209.008529663 275.529510498 -206.126449585 250.103881836 -233.435989380 -34.616096497 -239.792465210 237.409042358 -247.161605835 -183.846450806 -249.959518433 -78.489028931 -246.043334961 -215.637710571 -240.308715820 -226.774185181 31.274793625 -352.079620361 46.464084625 -358.023284912 211.879455566 -258.300048828 210.806320190 -253.249313354 243.103515625 -261.273895264 940.203552246 133.706268311 721.050842285 670.494689941 41.768634796 1093.229370117 -721.529418945 876.151855469 -923.016113281 -109.872894287 -876.070678711 -643.314819336 140.108963013 -1076.840698242 742.356872559 -874.872314453
321.152130127 42.534187317 313.409332275 50.271423340 235.775421143 211.682998657 32.493545532 331.707916260 209.510299683 230.246856689 11.796517372 315.411102295 6.451366901 314.945343018 -209.497436523 276.324768066 -206.610900879 250.936599731 -233.867172241 -35.104988098 -240.209548950 238.264831543 -247.548675537 -184.635360718 -250.396621704 -78.921829224 -246.452163696 -216.383834839 -240.735061646 -227.505447388 31.349531174 -352.844604492 46.508514404 -358.777832031 212.301727295 -258.988830566 211.229690552 -253.946670532 243.468597412 -261.958068848 939.087585449 133.378982544 719.849182129 670.354919434 41.962894440 1092.000732422 -720.868713379 875.262451172 -921.932312012 -110.443283081 -874.676269531 -643.497131348 139.514938354 -1075.873291016 741.262268066 -874.429504395
321.711212158 42.747058868 313.984802246 50.467262268 236.137985229 212.332183838 32.408275604 332.408752441 209.931274414 230.866043091 11.752486229 316.139923096 6.417840958 315.675598145 -209.997619629 277.107025146 -207.106842041 251.756790161 -234.291976929 -35.591712952 -240.638275146 239.109024048 -247.917770386 -185.427947998 -250.827117920 -79.352363586 -246.842864990 -217.134323120 -241.143218994 -228.241470337 31.402801514 -353.619232178 46.531414032 -359.541412354 212.713989258 -259.696594238 211.643035889 -254.662963867 243.823272705 -262.660583496 937.991455078 133.017898560 718.637268066 670.252197266 42.193080902 1090.788452148 -720.232238770 874.341918945 -920.833679199 -110.978546143 -873.279724121 -643.666870117 138.901000977 -1074.932373047 740.175781250 -874.006958008
322.279052734 42.937725067 314.568572998 50.640743256 236.478637695 212.989318848 32.346469879 333.115600586 210.330459595 231.494705200 11.731970787 316.873992920 6.407852173 316.410888672 -210.509399414 277.875305176 -207.614593506 252.563522339 -234.711654663 -36.075340271 -241.079071045 239.940673828 -248.270126343 -186.223251343 -251.252273560 -79.779548645 -247.216613770 -217.888137817 -241.534393311 -228.981140137 31.435323715 -354.403778076 46.533538818 -360.314331055 213.117584229 -260.422821045 212.047668457 -255.397644043 244.168930054 -263.380981445 936.916870117 132.623916626 717.417541504 670.184692383 42.458526611 1089.594116211 -719.621215820 873.391418457 -919.721984863 -111.477859497 -871.880432129 -643.814147949 138.272003174 -1074.016479492 739.100341797 -873.599792480
322.855865479 43.105915070 315.160919189 50.791645050 236.797637939 213.653762817 32.308250427 333.828796387 210.707992554 232.132217407 11.735035896 317.613677979 6.421451569 317.151580811 -211.033020020 278.628753662 -208.134445190 253.355911255 -235.127593994 -36.554946899 -241.532287598 240.758895874 -248.607101440 -187.020263672 -251.673416138 -80.202331543 -247.574813843 -218.644180298 -241.909927368 -229.723358154 31.448051453 -355.198486328 46.515850067 -361.096862793 213.513946533 -261.166809082 212.445053101 -256.150054932 244.507095337 -264.118682861 935.865600586 132.197982788 716.192016602 670.149047852 42.758502960 1088.419555664 -719.036804199 872.412048340 -918.599304199 -111.940452576 -870.478149414 -643.928527832 137.632675171 -1073.123901367 738.038879395 -873.202819824
323.441925049 43.251487732 315.762054443 50.919868469 237.095367432 214.324874878 32.293621063 334.548583984 211.064193726 232.777877808 11.761643410 318.359222412 6.458589554 317.897949219 -211.568664551 279.366485596 -208.666595459 254.133087158 -235.541152954 -37.029613495 -241.998214722 241.562820435 -248.930328369 -187.817993164 -252.091918945 -80.619644165 -247.919067383 -219.401336670 -242.271484375 -230.466934204 31.442138672 -356.003570557 46.479530334 -361.889312744 213.904678345 -261.927795410 212.836776733 -256.919464111 244.839355469 -264.873046875 934.839111328 131.741104126 714.962463379 670.141967773 43.092205048 1087.266601562 -718.480285645 871.405212402 -917.467712402 -112.365615845 -869.073486328 -644.004943848 136.987701416 -1072.252807617 736.994201660 -872.810791016
324.037292480 43.374431610 316.372161865 51.025444031 237.372360229 215.001968384 32.302494049 335.275268555 211.399505615 233.430984497 11.811661720 319.110992432 6.519124031 318.650299072 -212.116439819 280.087677002 -209.211227417 254.894241333 -235.953781128 -37.498405457 -242.477081299 242.351608276 -249.241546631 -188.615524292 -252.509155273 -81.030426025 -248.251129150 -220.158615112 -242.620803833 -231.210830688 31.418918610 -356.819213867 46.425907135 -362.691864014 214.291397095 -262.704925537 213.224472046 -257.704925537 245.167449951 -265.643310547 933.839050293 131.254364014 713.730224609 670.159606934 43.458770752 1086.136840820 -717.952819824 870.372314453 -916.329345703 -112.752723694 -867.667907715 -644.043334961 136.341751099 -1071.400634766 735.968811035 -872.418395996
324.642150879 43.474864960 316.991333008 51.108520508 237.629272461 215.684402466 32.334686279 336.009063721 211.714523315 234.090820312 11.884873390 319.869201660 6.602827072 319.408905029 -212.676406860 280.791625977 -209.768402100 255.638610840 -236.366928101 -37.960380554 -242.969055176 243.124511719 -249.542587280 -189.412170410 -252.926574707 -81.433563232 -248.572845459 -220.915237427 -242.959747314 -231.954193115 31.379865646 -357.645629883 46.356460571 -363.504821777 214.675888062 -263.497192383 213.609878540 -258.505493164 245.493118286 -266.428558350 932.866699219 130.738861084 712.496398926 670.197998047 43.856307983 1085.031372070 -717.455505371 869.315002441 -915.186340332 -113.101249695 -866.263061523 -644.043701172 135.699462891 -1070.565063477 734.965393066 -872.020385742
325.256591797 43.553012848 317.619750977 51.169361115 237.866882324 216.371520996 32.389869690 336.750244141 212.009933472 234.756698608 11.980930328 320.634185791 6.709342003 320.174102783 -213.248580933 281.477661133 -210.338180542 256.365509033 -236.782089233 -38.414554596 -243.474273682 243.880783081 -249.835327148 -190.207427979 -253.345596313 -81.827949524 -248.886138916 -221.670547485 -243.290252686 -232.696319580 31.326597214 -358.482940674 46.272800446 -364.328399658 215.059967041 -264.303527832 213.994842529 -259.320037842 245.818252563 -267.227844238 931.923156738 130.196380615 711.261718750 670.252807617 44.279556274 1083.949951172 -716.989501953 868.234863281 -914.040954590 -113.410789490 -864.860839844 -644.006103516 135.065460205 -1069.743164062 733.986572266 -871.611328125
325.880737305 43.609249115 318.257507324 51.208358765 238.086013794 217.062728882 32.467422485 337.498992920 212.286560059 235.427886963 12.099190712 321.406127930 6.838023663 320.946075439 -213.832901001 282.145111084 -210.920532227 257.074310303 -237.200714111 -38.859939575 -243.992767334 244.619796753 -250.121734619 -191.000900269 -253.767669678 -82.212432861 -249.192993164 -222.424087524 -243.614318848 -233.436706543 31.260850906 -359.331329346 46.176654816 -365.162750244 215.445510864 -265.122650146 214.381210327 -260.147369385 246.144744873 -268.040039062 931.007385254 129.631515503 710.026611328 670.319091797 44.723205566 1082.891967773 -716.555786133 867.133605957 -912.895324707 -113.681015015 -863.463195801 -643.930541992 134.444381714 -1068.932128906 733.034851074 -871.186218262
326.514648438 43.644229889 318.904754639 51.226184845 238.287643433 217.757446289 32.566452026 338.255554199 212.545318604 236.103775024 12.238762856 322.185333252 6.987974644 321.725189209 -214.429260254 282.793518066 -211.515396118 257.764495850 -237.624267578 -39.295497894 -244.524566650 245.340942383 -250.403823853 -191.792297363 -254.194168091 -82.585830688 -249.495422363 -223.175460815 -243.933990479 -234.174896240 31.184478760 -360.190856934 46.069858551 -366.008087158 215.834472656 -265.953369141 214.770965576 -260.986206055 246.474578857 -268.864013672 930.118164062 129.048858643 708.791381836 670.391601562 45.181919098 1081.856323242 -716.155273438 866.013000488 -911.751525879 -113.911758423 -862.072509766 -643.817321777 133.840911865 -1068.129028320 732.112915039 -870.740173340
327.158355713 43.658847809 319.561523438 51.223739624 238.472793579 218.455139160 32.685836792 339.020172119 212.787246704 236.783691406 12.398530960 322.972076416 7.158082008 322.511657715 -215.037567139 283.422393799 -212.122680664 258.435546875 -238.054153442 -39.720165253 -245.069641113 246.043716431 -250.683609009 -192.581405640 -254.626419067 -82.946952820 -249.795516968 -223.924377441 -244.251373291 -234.910552979 31.099433899 -361.061553955 45.954341888 -366.864471436 216.228820801 -266.794189453 215.166061401 -261.835144043 246.809753418 -269.698425293 929.253723145 128.452911377 707.556152344 670.464355469 45.650299072 1080.841308594 -715.788818359 864.874877930 -910.611633301 -114.102935791 -860.690856934 -643.666687012 133.259704590 -1067.330688477 731.223388672 -870.268737793
327.811981201 43.654205322 320.227935791 51.202121735 238.642593384 219.155319214 32.824264526 339.793090820 213.013442993 237.467086792 12.577195168 323.766601562 7.347047329 323.305786133 -215.657608032 284.031433105 -212.742248535 259.087127686 -238.491714478 -40.132843018 -245.627914429 246.727706909 -250.963165283 -193.368057251 -255.065689087 -83.294570923 -250.095352173 -224.670547485 -244.568542480 -235.643325806 31.007776260 -361.943450928 45.832149506 -367.731964111 216.630599976 -267.643646240 215.568527222 -262.692687988 247.152328491 -270.541931152 928.411987305 127.848152161 706.321105957 670.530639648 46.122886658 1079.845214844 -715.457275391 863.720947266 -909.477661133 -114.254585266 -859.320312500 -643.479003906 132.705474854 -1066.534301758 730.366699219 -869.771728516
328.475524902 43.631572723 320.904113770 51.162597656 238.798263550 219.857559204 32.980243683 340.574554443 213.225173950 238.153381348 12.773289680 324.569244385 7.553409100 324.107940674 -216.289230347 284.620300293 -213.373916626 259.718902588 -238.938201904 -40.532421112 -246.199264526 247.392532349 -251.244522095 -194.152084351 -255.513092041 -83.627464294 -250.396987915 -225.413711548 -244.887603760 -236.372894287 30.911661148 -362.836486816 45.705402374 -368.610595703 217.041625977 -268.500274658 215.980209351 -263.557373047 247.504180908 -271.393127441 927.590576172 127.239082336 705.086486816 670.583190918 46.594135284 1078.865966797 -715.161254883 862.553100586 -908.351440430 -114.366859436 -857.962951660 -643.254821777 132.182876587 -1065.737060547 729.542724609 -869.249755859
329.149139404 43.592365265 321.590148926 51.106575012 238.941162109 220.561416626 33.152141571 341.364837646 213.423828125 238.842041016 12.985198021 325.380279541 7.775557041 324.918334961 -216.932205200 285.188903809 -214.017517090 260.330688477 -239.394744873 -40.917785645 -246.783584595 248.037948608 -251.529663086 -194.933288574 -255.969650269 -83.944435120 -250.702468872 -226.153594971 -245.210571289 -237.098968506 30.813335419 -363.740600586 45.576332092 -369.500366211 217.463546753 -269.362670898 216.402709961 -264.427795410 247.866958618 -272.250671387 926.786865234 126.630180359 703.853271484 670.614257812 47.058395386 1077.901123047 -714.901367188 861.373107910 -907.234680176 -114.439994812 -856.620666504 -642.994567871 131.696456909 -1064.936279297 728.750976562 -868.703186035
329.832885742 43.538112640 322.286132812 51.035564423 239.072769165 221.266540527 33.338165283 342.164215088 213.610946655 239.532592773 13.211164474 326.200012207 8.011743546 325.737365723 -217.586318970 285.737121582 -214.672851562 260.922393799 -239.862350464 -41.287830353 -247.380706787 248.663803101 -251.820556641 -195.711486816 -256.436218262 -84.244316101 -251.013778687 -226.889923096 -245.539474487 -237.821197510 30.715131760 -364.655578613 45.447246552 -370.401092529 217.897720337 -270.229431152 216.837448120 -265.302581787 248.242095947 -273.113250732 925.997924805 126.026008606 702.622863770 670.616210938 47.509887695 1076.948486328 -714.678100586 860.182678223 -906.128967285 -114.474311829 -855.295532227 -642.698913574 131.250656128 -1064.130004883 727.990844727 -868.132263184
330.526824951 43.470458984 322.992187500 50.951194763 239.194763184 221.972579956 33.536388397 342.972900391 213.788284302 240.224533081 13.449291229 327.028686523 8.260082245 326.565277100 -218.251342773 286.264953613 -215.339691162 261.493988037 -240.341857910 -41.641471863 -247.990447998 249.269989014 -252.119140625 -196.486465454 -256.913482666 -84.525985718 -251.332870483 -227.622390747 -245.876251221 -238.539245605 30.619462967 -365.581207275 45.320537567 -371.312683105 218.345352173 -271.099243164 217.285598755 -266.180389404 248.630798340 -273.979583740 925.220581055 125.431198120 701.397644043 670.582153320 47.942745209 1076.005371094 -714.491882324 858.983642578 -905.035827637 -114.470214844 -853.989501953 -642.368591309 130.845428467 -1063.318603516 727.261779785 -867.537170410
331.231079102 43.391147614 323.708404541 50.855186462 239.308959961 222.679214478 33.744735718 343.791198730 213.957778931 240.917419434 13.697543144 327.866638184 8.518546104 327.402374268 -218.927047729 286.772521973 -216.017837524 262.045501709 -240.833923340 -41.977672577 -248.612640381 249.856521606 -252.427291870 -197.257965088 -257.401947021 -84.788421631 -251.661636353 -228.350692749 -246.222808838 -239.252761841 30.528539658 -366.517211914 45.198406219 -372.234863281 218.807434082 -271.970764160 217.748153687 -267.059936523 249.034118652 -274.848388672 924.451660156 124.850486755 700.180480957 670.510314941 48.351005554 1075.069213867 -714.343017578 857.777587891 -903.956604004 -114.428161621 -852.704406738 -642.004333496 130.480270386 -1062.502319336 726.563049316 -866.917785645
331.945678711 43.302021027 324.434875488 50.749366760 239.417327881 223.386215210 33.961002350 344.619323730 214.121459961 241.610870361 13.953742027 328.714111328 8.784969330 328.248962402 -219.613235474 287.260009766 -216.707077026 262.577117920 -241.339050293 -42.295463562 -249.247085571 250.423507690 -252.746856689 -198.025741577 -257.901947021 -85.030693054 -252.001922607 -229.074462891 -246.580978394 -239.961334229 30.444368362 -367.463195801 45.082847595 -373.167297363 219.284774780 -272.842742920 218.225952148 -267.939941406 249.452911377 -275.718444824 923.687744141 124.288734436 698.973999023 670.401000977 48.728691101 1074.137695312 -714.231811523 856.566223145 -902.892456055 -114.348670959 -851.442199707 -641.607116699 130.154663086 -1061.681518555 725.894104004 -866.273986816
332.670654297 43.205036163 325.171600342 50.635673523 239.521850586 224.093444824 34.182819366 345.457458496 214.281417847 242.304611206 14.215572357 329.571380615 9.057046890 329.105316162 -220.309692383 287.727722168 -217.407226562 263.089111328 -241.857604980 -42.593955994 -249.893615723 250.971115112 -253.079574585 -198.789459229 -258.413696289 -85.251976013 -252.355499268 -229.793304443 -246.952529907 -240.664550781 30.368751526 -368.418701172 44.975666046 -374.109588623 219.778045654 -273.713928223 218.719650269 -268.819152832 249.887878418 -276.588470459 922.925415039 123.750938416 697.780395508 670.254699707 49.069915771 1073.208740234 -714.158447266 855.351074219 -901.844421387 -114.232269287 -850.204833984 -641.177795410 129.868057251 -1060.855834961 725.254272461 -865.605468750
333.406005859 43.102260590 325.918609619 50.516155243 239.624496460 224.800796509 34.407699585 346.305816650 214.439697266 242.998367310 14.480580330 330.438629150 9.332338333 329.971679688 -221.016250610 288.176025391 -218.118103027 263.581787109 -242.389709473 -42.872352600 -250.552062988 251.499633789 -253.427139282 -199.548767090 -258.937164307 -85.451599121 -252.724044800 -230.506820679 -247.339096069 -241.361938477 30.303314209 -369.383270264 44.878494263 -375.061279297 220.287796021 -274.583099365 219.229782104 -269.696380615 250.339569092 -277.457275391 922.161560059 123.242156982 696.602111816 670.072021484 49.370212555 1072.281005859 -714.119506836 854.133911133 -900.813598633 -114.079536438 -848.993957520 -640.717529297 129.619979858 -1060.025268555 724.643188477 -864.911987305
334.151611328 42.995876312 326.675842285 50.392967224 239.727249146 225.508163452 34.633094788 347.164550781 214.598388672 243.691925049 14.746257782 331.316101074 9.608346939 330.848236084 -221.732666016 288.605468750 -218.839477539 264.055664062 -242.935394287 -43.129955292 -251.222167969 252.009521484 -253.791152954 -200.303253174 -259.472259521 -85.628997803 -253.109130859 -231.214523315 -247.742279053 -242.052993774 30.249513626 -370.356292725 44.792793274 -376.021789551 220.814422607 -275.449066162 219.756790161 -270.570434570 250.808471680 -278.323669434 921.393066406 122.767471313 695.441284180 669.853515625 49.630084991 1071.354736328 -714.110717773 852.916137695 -899.800781250 -113.891052246 -847.811279297 -640.227233887 129.409988403 -1059.189453125 724.060302734 -864.193176270
334.907379150 42.888191223 327.443145752 50.268402100 239.832061768 226.215484619 34.856674194 348.033660889 214.759536743 244.385070801 15.010309219 332.203887939 9.882785797 331.735107422 -222.458633423 289.016693115 -219.571029663 264.511413574 -243.494552612 -43.366195679 -251.903579712 252.501388550 -254.173065186 -201.052474976 -260.018798828 -85.783767700 -253.512191772 -231.915893555 -248.163452148 -242.737213135 30.208660126 -371.337127686 44.719882965 -376.990509033 221.358230591 -276.310668945 220.300979614 -271.440124512 251.294891357 -279.186492920 920.617309570 122.331878662 694.300170898 669.600097656 49.850078583 1070.429931641 -714.127685547 851.698852539 -898.806823730 -113.667419434 -846.657836914 -639.708007812 129.237777710 -1058.348144531 723.505493164 -863.448486328
335.673065186 42.781608582 328.220367432 50.144847870 239.940933228 226.922668457 35.076328278 348.913146973 214.925186157 245.077606201 15.270645142 333.101959229 10.153572083 332.632354736 -223.193847656 289.410583496 -220.312393188 264.949829102 -244.066940308 -43.580596924 -252.595886230 252.975967407 -254.574188232 -201.795913696 -260.576477051 -85.915626526 -253.934509277 -232.610397339 -248.603851318 -243.413986206 30.181924820 -372.325073242 44.660953522 -377.966766357 221.919494629 -277.166778564 220.862609863 -272.304351807 251.799133301 -280.044555664 919.834350586 121.935852051 693.181030273 669.312622070 50.030719757 1069.506225586 -714.165344238 850.483032227 -897.832397461 -113.409233093 -845.534729004 -639.160644531 129.103118896 -1057.500732422 722.978515625 -862.677612305
336.448394775 42.678382874 329.007263184 50.024539948 240.055831909 227.629653931 35.290122986 349.802764893 215.097381592 245.769317627 15.525360107 334.010223389 10.418807983 333.539794922 -223.937911987 289.788085938 -221.063186646 265.371856689 -244.652221680 -43.772815704 -253.298660278 253.434234619 -254.995651245 -202.533004761 -261.144866943 -86.024398804 -254.377136230 -233.297424316 -249.064544678 -244.082702637 30.170364380 -373.319366455 44.617069244 -378.949829102 222.498321533 -278.016204834 221.441802979 -273.161987305 252.321334839 -280.896759033 919.044616699 121.578941345 692.085998535 668.992065430 50.172485352 1068.583374023 -714.218444824 849.269409180 -896.878234863 -113.117095947 -844.442626953 -638.586181641 129.005935669 -1056.646972656 722.479370117 -861.880065918
337.233062744 42.580570221 329.803466797 49.909526825 240.178726196 228.336318970 35.496318817 350.702301025 215.278121948 246.459991455 15.772717476 334.928436279 10.676755905 334.457305908 -224.690460205 290.150360107 -221.822982788 265.778625488 -245.250000000 -43.942596436 -254.011383057 253.877227783 -255.438385010 -203.263122559 -261.723632812 -86.110046387 -254.840972900 -233.976348877 -249.546340942 -244.742736816 30.174928665 -374.319213867 44.589206696 -379.938934326 223.094833374 -278.857940674 222.038696289 -274.011932373 252.861648560 -281.741943359 918.248046875 121.260658264 691.017150879 668.639648438 50.275768280 1067.660766602 -714.281250000 848.058654785 -895.944946289 -112.791603088 -843.382202148 -637.985412598 128.946228027 -1055.786499023 722.008117676 -861.055480957
338.026580811 42.490024567 330.608612061 49.801651001 240.311569214 229.042526245 35.693305969 351.611389160 215.469375610 247.149322510 16.011123657 335.856323242 10.925827026 335.384521484 -225.451141357 290.498657227 -222.591384888 266.171417236 -245.859786987 -44.089794159 -254.733581543 254.306198120 -255.903137207 -203.985641479 -262.312286377 -86.172615051 -255.326705933 -234.646514893 -250.049911499 -245.393432617 30.196477890 -375.323822021 44.578239441 -380.933288574 223.709045410 -279.690826416 222.653305054 -274.853088379 253.420104980 -282.579071045 917.444519043 120.980529785 689.976623535 668.256469727 50.340854645 1066.737792969 -714.347839355 846.851684570 -895.033203125 -112.433372498 -842.354064941 -637.359252930 128.924133301 -1054.919067383 721.565002441 -860.203491211
338.828491211 42.408420563 331.422180176 49.702590942 240.456253052 229.748107910 35.879634857 352.529571533 215.673065186 247.837020874 16.239122391 336.793426514 11.164562225 336.321075439 -226.219543457 290.834350586 -223.367950439 266.551605225 -246.481109619 -44.214355469 -255.464706421 254.722564697 -256.390502930 -204.699890137 -262.910339355 -86.212234497 -255.834854126 -235.307250977 -250.575714111 -246.034149170 30.235795975 -376.332366943 44.584976196 -381.932006836 224.340957642 -280.513854980 223.285629272 -275.684417725 253.996734619 -283.406982422 916.633789062 120.738121033 688.966125488 667.843872070 50.367919922 1065.813720703 -714.411682129 845.649414062 -894.143554688 -112.043006897 -841.358581543 -636.708496094 128.939865112 -1054.044311523 721.150329590 -859.323913574
339.638183594 42.337268829 332.243652344 49.613857269 240.614624023 230.452819824 36.053966522 353.456298828 215.891006470 248.522720337 16.455377579 337.739349365 11.391626358 337.266479492 -226.995315552 291.159057617 -224.152236938 266.920745850 -247.113388062 -44.316303253 -256.204223633 255.127868652 -256.900878906 -205.405181885 -263.517333984 -86.229118347 -256.365722656 -235.957916260 -251.124053955 -246.664230347 30.293594360 -377.343963623 44.610141754 -382.934295654 224.990493774 -281.325927734 223.935607910 -276.504882812 254.591491699 -284.224639893 915.815490723 120.533119202 687.986755371 667.402954102 50.357009888 1064.888061523 -714.466491699 844.453186035 -893.276733398 -111.621116638 -840.395935059 -636.033752441 128.993728638 -1053.162231445 720.764526367 -858.416442871
340.455047607 42.277942657 333.072387695 49.536823273 240.788406372 231.156341553 36.215076447 354.390991211 216.124847412 249.206008911 16.658658981 338.693481445 11.605787277 338.220275879 -227.778045654 291.474426270 -224.943786621 267.280578613 -247.756072998 -44.395740509 -256.951568604 255.523864746 -257.434478760 -206.100860596 -264.132812500 -86.223541260 -256.919494629 -236.597854614 -251.695037842 -247.283050537 30.370521545 -378.357696533 44.654415131 -383.939239502 225.657531738 -282.126037598 224.603134155 -277.313415527 255.204269409 -285.031005859 914.989257812 120.365287781 687.039306641 666.934692383 50.308067322 1063.960205078 -714.505920410 843.264770508 -892.433227539 -111.168350220 -839.466430664 -635.335876465 129.086135864 -1052.272949219 720.408203125 -857.481140137
341.278320312 42.231685638 333.907714844 49.472740173 240.979141235 231.858261108 36.361835480 355.333038330 216.376098633 249.886352539 16.847831726 339.655242920 11.805905342 339.181823730 -228.567306519 291.782348633 -225.742111206 267.632995605 -248.408584595 -44.452835083 -257.706146240 255.912445068 -257.991363525 -206.786224365 -264.756347656 -86.195831299 -257.496185303 -237.226425171 -252.288635254 -247.889968872 30.467170715 -379.372680664 44.718406677 -384.945922852 226.341949463 -282.913177490 225.288070679 -278.109039307 255.834945679 -285.824981689 914.154602051 120.234542847 686.124450684 666.440185547 50.220932007 1063.029785156 -714.524047852 842.085632324 -891.613769531 -110.685348511 -838.570129395 -634.615417480 129.217483521 -1051.376342773 720.081909180 -856.517944336
342.107330322 42.199626923 334.748901367 49.422752380 241.188201904 232.558074951 36.493198395 356.281738281 216.646041870 250.563171387 17.021839142 340.624053955 11.990924835 340.150512695 -229.362609863 292.084777832 -226.546646118 267.979949951 -249.070373535 -44.487819672 -258.467224121 256.295623779 -258.571533203 -207.460617065 -265.387451172 -86.146354675 -258.095611572 -237.843002319 -252.904693604 -248.484420776 30.584074020 -380.388031006 44.802673340 -385.953460693 227.043502808 -283.686340332 225.990219116 -278.890747070 256.483337402 -286.605560303 913.311279297 120.140892029 685.242797852 665.920410156 50.095348358 1062.096313477 -714.515686035 840.917297363 -890.818359375 -110.173957825 -837.707153320 -633.872924805 129.388244629 -1050.472778320 719.786376953 -855.527160645
342.941223145 42.182807922 335.595184326 49.387897491 241.416824341 233.255203247 36.608200073 357.236358643 216.935806274 251.235824585 17.179700851 341.599182129 12.159855843 341.125671387 -230.163421631 292.383697510 -227.356765747 268.323486328 -249.740844727 -44.501033783 -259.234100342 256.675445557 -259.174774170 -208.123413086 -266.025604248 -86.075561523 -258.717590332 -238.446990967 -253.542938232 -249.065826416 30.721719742 -381.402740479 44.907733917 -386.960937500 227.761962891 -284.444549561 226.709320068 -279.657562256 257.149200439 -287.371734619 912.458984375 120.084480286 684.394653320 665.376220703 49.930980682 1061.159545898 -714.476318359 839.761596680 -890.045410156 -109.638000488 -836.877441406 -633.108947754 129.598937988 -1049.562744141 719.522460938 -854.509216309
343.779144287 42.182167053 336.445709229 49.369129181 241.666000366 233.949005127 36.705936432 358.196136475 217.246276855 251.903640747 17.320491791 342.579956055 12.311769485 342.106628418 -230.969116211 292.681182861 -228.171798706 268.665679932 -250.419418335 -44.493026733 -260.005920410 257.054046631 -259.800811768 -208.773986816 -266.670349121 -85.984100342 -259.361755371 -239.037841797 -254.202972412 -249.633682251 30.880538940 -382.415954590 45.034038544 -387.967376709 228.497024536 -285.186828613 227.445098877 -280.408538818 257.832305908 -288.122528076 911.597412109 120.065544128 683.580261230 664.808593750 49.727443695 1060.219604492 -714.402099609 838.620788574 -889.292968750 -109.081321716 -836.081054688 -632.323974609 129.850006104 -1048.646850586 719.290893555 -853.464660645
344.620269775 42.198566437 337.299652100 49.367328644 241.936599731 234.638778687 36.785552979 359.160278320 217.578186035 252.565872192 17.443342209 343.565643311 12.445793152 343.092651367 -231.779037476 292.979339600 -228.990997314 269.008666992 -251.105529785 -44.464530945 -260.781860352 257.433593750 -260.449218750 -209.411727905 -267.321228027 -85.872756958 -260.027618408 -239.615036011 -254.884323120 -250.187454224 31.060909271 -383.426666260 45.181995392 -388.971832275 229.248352051 -285.912322998 228.197219849 -281.142791748 258.532257080 -288.856964111 910.726562500 120.084411621 682.799743652 664.218261719 49.484298706 1059.276123047 -714.290954590 837.497314453 -888.558837891 -108.507812500 -835.317993164 -631.518493652 130.141891479 -1047.725708008 719.092529297 -852.394409180
345.463684082 42.232791901 338.156127930 49.383293152 242.229248047 235.323806763 36.846267700 360.128021240 217.932037354 253.221786499 17.547433853 344.555450439 12.561100960 344.082946777 -232.592498779 293.280303955 -229.813613892 269.354614258 -251.798583984 -44.416412354 -261.561004639 257.816284180 -261.119537354 -210.036087036 -267.977783203 -85.742439270 -260.714691162 -240.178039551 -255.586441040 -250.726684570 31.263154984 -384.433959961 45.351951599 -389.973358154 230.015533447 -286.620117188 228.965270996 -281.859405518 259.248687744 -289.574127197 909.846435547 120.141494751 682.053222656 663.605957031 49.201095581 1058.329589844 -714.143554688 836.393432617 -887.840332031 -107.921424866 -834.588256836 -630.692932129 130.474975586 -1046.800292969 718.928222656 -851.299377441
346.308441162 42.285564423 339.014221191 49.417762756 242.544448853 236.003311157 36.887332916 361.098480225 218.308227539 253.870620728 17.632003784 345.548614502 12.656919479 345.076782227 -233.408843994 293.586181641 -230.638900757 269.705627441 -252.498046875 -44.349678040 -262.342529297 258.204254150 -261.811279297 -210.646545410 -268.639587402 -85.594200134 -261.422363281 -240.726394653 -256.308715820 -251.250930786 31.487535477 -385.436889648 45.544197083 -390.971038818 230.798110962 -287.309417725 229.748840332 -282.557586670 259.981201172 -290.273223877 908.957153320 120.237251282 681.340698242 662.972412109 48.877372742 1057.380249023 -713.960754395 835.311523438 -887.134460449 -107.326271057 -833.891723633 -629.847534180 130.849578857 -1045.871826172 718.798889160 -850.181030273
347.153594971 42.357543945 339.873046875 49.471412659 242.882507324 236.676513672 36.908069611 362.070831299 218.706909180 254.511611938 17.696329117 346.544311523 12.732522964 346.073333740 -234.227401733 293.898986816 -231.466140747 270.063751221 -253.203369141 -44.265464783 -263.125549316 258.599517822 -262.523773193 -211.242568970 -269.306243896 -85.429153442 -262.149993896 -241.259674072 -257.050506592 -251.759811401 31.734249115 -386.434509277 45.758956909 -391.963897705 231.595596313 -287.979461670 230.547409058 -283.236541748 260.729248047 -290.953369141 908.059020996 120.372184753 680.662170410 662.318237305 48.512699127 1056.428588867 -713.743530273 834.253845215 -886.437744141 -106.726699829 -833.228515625 -628.982849121 131.265853882 -1044.941650391 718.705322266 -849.041198730
347.998199463 42.449317932 340.731597900 49.544853210 243.243606567 237.342620850 36.907840729 363.044158936 219.128158569 255.143997192 17.739744186 347.541687012 12.787234306 347.071777344 -235.047561646 294.220703125 -232.294647217 270.430938721 -253.914047241 -44.165031433 -263.909332275 259.004089355 -263.256469727 -211.823715210 -269.977386475 -85.248542786 -262.896942139 -241.777465820 -257.811126709 -252.252944946 32.003414154 -387.425903320 45.996379852 -392.950988770 232.407440186 -288.629547119 231.360443115 -283.895629883 261.492309570 -291.613891602 907.152404785 120.546813965 680.017578125 661.643920898 48.106681824 1055.475219727 -713.492858887 833.222595215 -885.746215820 -106.127388000 -832.598632812 -628.099060059 131.723876953 -1044.011230469 718.648315430 -847.882202148
348.841278076 42.561412811 341.588958740 49.638633728 243.627777100 238.000854492 36.886077881 364.017608643 219.571884155 255.767059326 17.761636734 348.539916992 12.820427895 348.071228027 -235.868652344 294.553192139 -233.123703003 270.809082031 -254.629653931 -44.049766541 -264.693023682 259.419830322 -264.008605957 -212.389541626 -270.652709961 -85.053703308 -263.662445068 -242.279403687 -258.589813232 -252.729995728 32.295085907 -388.410217285 46.256538391 -393.931457520 233.233016968 -289.259155273 232.187332153 -284.534271240 262.269775391 -292.254150391 906.238037109 120.761657715 679.406860352 660.950134277 47.659004211 1054.520996094 -713.210083008 832.219909668 -885.055725098 -105.533477783 -832.002075195 -627.196655273 132.223556519 -1043.082275391 718.628479004 -846.706176758
349.681823730 42.694305420 342.444122314 49.753253937 244.034927368 238.650436401 36.842262268 364.990264893 220.037887573 256.380065918 17.761445999 349.538116455 12.831538200 349.070861816 -236.690032959 294.898315430 -233.952606201 271.199951172 -255.349792480 -43.921195984 -265.475860596 259.848510742 -264.779571533 -212.939651489 -271.331909180 -84.846092224 -264.445770264 -242.765167236 -259.385803223 -253.190658569 32.609226227 -389.386505127 46.539436340 -394.904388428 234.071701050 -289.867797852 233.027450562 -285.152038574 263.061035156 -292.873687744 905.316589355 121.017181396 678.830017090 660.237304688 47.169437408 1053.566894531 -712.896240234 831.247253418 -884.361511230 -104.950668335 -831.438964844 -626.275878906 132.764633179 -1042.156494141 718.644348145 -845.515380859
350.518890381 42.848384857 343.296142578 49.889133453 244.464874268 239.290618896 36.775955200 365.961181641 220.525878906 256.982299805 17.738679886 350.535400391 12.820061684 350.069793701 -237.511032104 295.257720947 -234.780639648 271.605224609 -256.074066162 -43.781009674 -266.257049561 260.291778564 -265.568572998 -213.473678589 -272.014770508 -84.627304077 -265.246215820 -243.234436035 -260.198394775 -253.634658813 32.945724487 -390.354034424 46.844978333 -395.868927002 234.922790527 -290.455230713 233.880081177 -285.748565674 263.865356445 -293.472137451 904.389099121 121.313835144 678.287048340 659.505859375 46.637863159 1052.614257812 -712.552429199 830.305236816 -883.658508301 -104.385330200 -830.909423828 -625.337158203 133.346633911 -1041.236083984 718.692687988 -844.311706543
351.351440430 43.023986816 344.144042969 50.046634674 244.917312622 239.920669556 36.686786652 366.929473877 221.035446167 257.573150635 17.692918777 351.530853271 12.785562515 351.067077637 -238.330932617 295.632873535 -235.607040405 272.026306152 -256.802185059 -43.631099701 -267.035705566 260.750976562 -266.374908447 -213.991287231 -272.701110840 -84.399101257 -266.062957764 -243.686935425 -261.026794434 -254.061752319 33.304382324 -391.311950684 47.172992706 -396.824310303 235.785430908 -291.021240234 234.744415283 -286.323730469 264.681915283 -294.049316406 903.456726074 121.651947021 677.777893066 658.756286621 46.064315796 1051.664428711 -712.179504395 829.394470215 -882.941589355 -103.844459534 -830.413574219 -624.380798340 133.966873169 -1040.321899414 718.770141602 -843.096923828
352.178497314 43.221366882 344.986785889 50.226032257 245.391860962 240.539886475 36.574462891 367.894226074 221.566162109 258.151977539 17.623817444 352.523590088 12.727684021 352.061859131 -239.148941040 296.025115967 -236.430999756 272.464477539 -257.533935547 -43.473567963 -267.811035156 261.227386475 -267.197845459 -214.492187500 -273.390808105 -84.163436890 -266.895263672 -244.122436523 -261.870208740 -254.471740723 33.684825897 -392.259613037 47.523132324 -397.769805908 236.658752441 -291.565856934 235.619537354 -286.877532959 265.509796143 -294.605163574 902.520751953 122.031776428 677.302673340 657.988952637 45.448974609 1050.718872070 -711.778381348 828.515136719 -882.206054688 -103.335472107 -829.950073242 -623.407958984 134.621932983 -1039.414062500 718.873229980 -841.872436523
352.999145508 43.440685272 345.823486328 50.427532196 245.888107300 241.147583008 36.438777924 368.854492188 222.117477417 258.718200684 17.531114578 353.512695312 12.646153450 353.053222656 -239.964279175 296.435455322 -237.251678467 272.920776367 -258.269042969 -43.310779572 -268.582122803 261.721954346 -268.036621094 -214.976150513 -274.083770752 -83.922500610 -267.742340088 -244.540786743 -262.727844238 -254.864501953 34.086521149 -393.196411133 47.894878387 -398.704772949 237.541793823 -292.089202881 236.504501343 -287.410095215 266.347991943 -295.139801025 901.582824707 122.453445435 676.861389160 657.204284668 44.792232513 1049.779418945 -711.349975586 827.667480469 -881.451599121 -102.859657288 -829.514038086 -622.421203613 135.308425903 -1038.512817383 718.998168945 -840.639404297
353.812408447 43.682033539 346.653167725 50.651245117 246.405517578 241.743148804 36.279624939 369.809387207 222.688842773 259.271209717 17.414642334 354.497314453 12.540788651 354.040283203 -240.776123047 296.864898682 -238.068252563 273.396057129 -259.007354736 -43.145015717 -269.348114014 262.235473633 -268.890289307 -215.443237305 -274.779937744 -83.678413391 -268.603240967 -244.942062378 -263.598846436 -255.240142822 34.508792877 -394.121765137 48.287563324 -399.628692627 238.433532715 -292.591552734 237.398315430 -287.921630859 267.195495605 -295.653411865 900.644531250 122.916908264 676.454162598 656.402709961 44.094875336 1048.848144531 -710.894958496 826.851562500 -880.678710938 -102.417106628 -829.100097656 -621.422912598 136.023010254 -1037.617675781 719.141174316 -839.398925781
354.617370605 43.945407867 347.474945068 50.897197723 246.943542480 242.325973511 36.097000122 370.758117676 223.279647827 259.810546875 17.274339676 355.476562500 12.411515236 355.022216797 -241.583618164 297.314117432 -238.879882812 273.891052246 -259.748748779 -42.978404999 -270.108123779 262.768615723 -269.757843018 -215.893646240 -275.479370117 -83.433143616 -269.477050781 -245.326553345 -264.482208252 -255.598937988 34.950843811 -395.035308838 48.700401306 -400.541015625 239.332977295 -293.073211670 238.299926758 -288.412536621 268.051239014 -296.146301270 899.707885742 123.421981812 676.081237793 655.584594727 43.357788086 1047.927246094 -710.414184570 826.067321777 -879.887451172 -102.007835388 -828.701965332 -620.415405273 136.762344360 -1036.728149414 719.297973633 -838.151672363
355.413208008 44.230709076 348.287902832 51.165325165 247.501602173 242.895492554 35.891002655 371.699859619 223.889236450 260.335723877 17.110246658 356.449676514 12.258362770 355.998168945 -242.385925293 297.783691406 -239.685699463 274.406219482 -260.493011475 -42.812934875 -270.861358643 263.321807861 -270.638275146 -216.327835083 -276.181915283 -83.188560486 -270.362670898 -245.694732666 -265.376892090 -255.941421509 35.411781311 -395.936584473 49.132503510 -401.441436768 240.239044189 -293.534667969 239.208282471 -288.883209229 268.914123535 -296.618896484 898.774780273 123.968292236 675.742675781 654.750427246 42.581958771 1047.018798828 -709.908142090 825.314697266 -879.077819824 -101.631866455 -828.312744141 -619.400939941 137.523071289 -1035.843383789 719.463989258 -836.898376465
356.199096680 44.537750244 349.091308594 51.455474854 248.079086304 243.451171875 35.661830902 372.633941650 224.516937256 260.846252441 16.922506332 357.415893555 12.081458092 356.967437744 -243.182220459 298.274078369 -240.484878540 274.941986084 -261.240020752 -42.650463104 -271.606903076 263.895324707 -271.530395508 -216.746444702 -276.887603760 -82.946411133 -271.259033203 -246.047271729 -266.281921387 -256.268249512 35.890644073 -396.825317383 49.582908630 -402.329498291 241.150650024 -293.976409912 240.122314453 -289.334167480 269.783050537 -297.071685791 897.847473145 124.555297852 675.438842773 653.900634766 41.768463135 1046.124755859 -709.377502441 824.593566895 -878.249877930 -101.289268494 -827.924377441 -618.382080078 138.301651001 -1034.962524414 719.634277344 -835.639465332
356.974365234 44.866252899 349.884338379 51.767387390 248.675323486 243.992523193 35.409767151 373.559631348 225.162063599 261.341766357 16.711353302 358.374542236 11.881024361 357.929321289 -243.971649170 298.785491943 -241.276580811 275.498565674 -261.989471436 -42.492733002 -272.343963623 264.489379883 -272.433044434 -217.150390625 -277.596252441 -82.708320618 -272.165039062 -246.385070801 -267.196136475 -256.580322266 36.386390686 -397.701293945 50.050567627 -403.205047607 242.066711426 -294.399078369 241.040878296 -289.766052246 270.656890869 -297.505249023 896.927001953 125.180755615 675.169921875 653.035644531 40.919887543 1045.245605469 -708.822814941 823.903808594 -877.403564453 -100.980216980 -827.527954102 -617.361511230 139.094467163 -1034.084472656 719.803161621 -834.375366211
357.738281250 45.215797424 350.666351318 52.100669861 249.289642334 244.519088745 35.135250092 374.476379395 225.823913574 261.821868896 16.477167130 359.324981689 11.657433510 358.883148193 -244.753387451 299.318115234 -242.059997559 276.076049805 -262.741149902 -42.341373444 -273.071746826 265.103973389 -273.344940186 -217.540786743 -278.307708740 -82.475868225 -273.079528809 -246.709259033 -268.118408203 -256.878814697 36.897933960 -398.564361572 50.534385681 -404.067840576 242.986083984 -294.803344727 241.962875366 -290.179534912 271.534423828 -297.920257568 896.013916016 125.841308594 674.936218262 652.156005859 40.039863586 1044.380859375 -708.244384766 823.245239258 -876.539001465 -100.704933167 -827.113403320 -616.342590332 139.897735596 -1033.207641602 719.964355469 -833.106567383
358.490325928 45.585792542 351.436798096 52.454753876 249.921356201 245.030471802 34.838871002 375.383636475 226.501785278 262.286254883 16.220508575 360.266632080 11.411233902 359.828369141 -245.526626587 299.871978760 -242.834350586 276.674468994 -263.494720459 -42.197921753 -273.789489746 265.739013672 -274.264739990 -217.919052124 -279.021759033 -82.250518799 -274.001190186 -247.021224976 -269.047607422 -257.165039062 37.424129486 -399.414428711 51.033218384 -404.917785645 243.907623291 -295.190032959 242.887130737 -290.575439453 272.414459229 -298.317535400 895.108154297 126.533576965 674.735290527 651.262939453 39.131958008 1043.529418945 -707.642700195 822.617797852 -875.656250000 -100.463745117 -826.669921875 -615.329345703 140.707534790 -1032.329956055 720.110595703 -831.833435059
359.230010986 45.975521088 352.195129395 52.828929901 250.569702148 245.526382446 34.521358490 376.280914307 227.194869995 262.734710693 15.942079544 361.198944092 11.143122673 360.764404297 -246.290588379 300.447021484 -243.598861694 277.293701172 -264.249816895 -42.063831329 -274.496459961 266.394378662 -275.191070557 -218.286911011 -279.738128662 -82.033699036 -274.928802490 -247.322677612 -269.982452393 -257.440704346 37.963802338 -400.251525879 51.545864105 -405.754913330 244.830200195 -295.560119629 243.812484741 -290.954742432 273.295837402 -298.697998047 894.209838867 127.254173279 674.563598633 650.357604980 38.199684143 1042.689819336 -707.018127441 822.021301270 -874.755493164 -100.257049561 -826.189147949 -614.325500488 141.519622803 -1031.449218750 720.233764648 -830.556335449
359.956970215 46.384151459 352.940948486 53.222381592 251.233795166 246.006652832 34.183567047 377.167755127 227.902313232 263.167144775 15.642704964 362.121459961 10.853919029 361.690795898 -247.044525146 301.043060303 -244.352828979 277.933563232 -265.006042480 -41.940475464 -275.191955566 267.069763184 -276.122375488 -218.646347046 -280.456542969 -81.826744080 -275.860992432 -247.615539551 -270.921661377 -257.707733154 38.515731812 -401.075714111 52.071090698 -406.579193115 245.752593994 -295.914672852 244.737762451 -291.318481445 274.177307129 -299.062744141 893.318603516 127.999694824 674.417175293 649.440856934 37.246631622 1041.860717773 -706.370849609 821.455749512 -873.837097168 -100.085296631 -825.670776367 -613.331237793 142.329391479 -1030.562500000 720.324768066 -829.275756836
360.670928955 46.810771942 353.673950195 53.634201050 251.912658691 246.471252441 33.826431274 378.043792725 228.623199463 263.583618164 15.323313713 363.033752441 10.544549942 362.607116699 -247.787689209 301.659881592 -245.095504761 278.593780518 -265.762878418 -41.829158783 -275.875305176 267.764923096 -277.057342529 -218.999237061 -281.176605225 -81.630958557 -276.796508789 -247.901611328 -271.864044189 -257.967926025 39.078647614 -401.887176514 52.607608795 -407.390838623 246.673629761 -296.254974365 245.661727905 -291.668029785 275.057556152 -299.413024902 892.433837891 128.766723633 674.291748047 648.513366699 36.276550293 1041.040161133 -705.701171875 820.921020508 -872.901428223 -99.948974609 -825.114685059 -612.346923828 143.131622314 -1029.666259766 720.377807617 -827.992736816
361.371643066 47.254398346 354.393920898 54.063407898 252.605331421 246.920288086 33.450981140 378.908782959 229.356536865 263.984252930 14.984929085 363.935516357 10.216037750 363.512969971 -248.519378662 302.297180176 -245.826217651 279.274108887 -266.519897461 -41.731098175 -276.545806885 268.479400635 -277.994628906 -219.347290039 -281.897949219 -81.447578430 -277.734161377 -248.182632446 -272.808502197 -258.222961426 39.651237488 -402.686126709 53.154075623 -408.190032959 247.592117310 -296.582458496 246.583221436 -292.004730225 275.935424805 -299.750244141 891.554687500 129.551834106 674.182800293 647.575561523 35.293239594 1040.226074219 -705.009277344 820.417236328 -871.949035645 -99.848609924 -824.520874023 -611.372985840 143.920471191 -1028.756591797 720.392883301 -826.708679199
362.059020996 47.714000702 355.100708008 54.508960724 253.310729980 247.353912354 33.058307648 379.762481689 230.101348877 264.369293213 14.628654480 364.826446533 9.869486809 364.408142090 -249.238922119 302.954681396 -246.544311523 279.974121094 -267.276489258 -41.647457123 -277.202911377 269.212829590 -278.933105469 -219.692184448 -282.620056152 -81.277793884 -278.672912598 -248.460189819 -273.754028320 -258.474426270 40.232109070 -403.472900391 53.709079742 -408.977081299 248.507080078 -296.898590088 247.501220703 -292.330108643 276.809814453 -300.075866699 890.680053711 130.351516724 674.084960938 646.627685547 34.300567627 1039.415893555 -704.295349121 819.944396973 -870.980407715 -99.784751892 -823.889221191 -610.410034180 144.689208984 -1027.828857422 720.369934082 -825.424865723
362.733093262 48.188510895 355.794281006 54.969791412 254.027786255 247.772430420 32.649562836 380.604797363 230.856597900 264.739105225 14.255656242 365.706420898 9.506068230 365.292419434 -249.945632935 303.631896973 -247.249176025 280.693450928 -268.032043457 -41.579315186 -277.846038818 269.964752197 -279.871612549 -220.035461426 -283.342437744 -81.122734070 -279.611724854 -248.735809326 -274.699584961 -258.723815918 40.819789886 -404.247894287 54.271102905 -409.752349854 249.417709351 -297.204803467 248.414947510 -292.645568848 277.679870605 -300.391387939 889.808349609 131.162216187 673.992370605 645.669921875 33.302593231 1038.606323242 -703.559570312 819.502685547 -869.996337891 -99.757972717 -823.219848633 -609.458801270 145.430267334 -1026.878417969 720.308959961 -824.142211914
363.393829346 48.676837921 356.474639893 55.444793701 254.755386353 248.176254272 32.225955963 381.435668945 231.621261597 265.094116211 13.867163658 366.575347900 9.127013206 366.165740967 -250.638900757 304.328491211 -247.940185547 281.431640625 -268.785888672 -41.527683258 -278.474548340 270.734649658 -280.809082031 -220.378585815 -284.064514160 -80.983474731 -280.549591064 -249.010955811 -275.644256592 -258.972595215 41.412689209 -405.011718750 54.838520050 -410.516418457 250.323394775 -297.502655029 249.323730469 -292.952728271 278.544921875 -300.698303223 888.937622070 131.980178833 673.898315430 644.702331543 32.303642273 1037.793579102 -702.802124023 819.092224121 -868.997741699 -99.768806458 -822.512817383 -608.520202637 146.141067505 -1025.905029297 720.210083008 -822.861938477
364.041412354 49.177875519 357.141967773 55.932849884 255.492370605 248.565872192 31.788738251 382.255157471 232.394271851 265.434814453 13.464465141 367.433227539 8.733619690 367.028106689 -251.318115234 305.043975830 -248.616775513 282.188232422 -269.537322998 -41.493499756 -279.087982178 271.522033691 -281.744415283 -220.722976685 -284.785644531 -80.861038208 -281.485565186 -249.287002563 -276.587188721 -259.222137451 42.009277344 -405.764984131 55.409759521 -411.269927979 251.223632812 -297.793701172 250.227111816 -293.253082275 279.404479980 -300.998168945 888.065490723 132.801422119 673.794982910 643.725036621 31.308473587 1036.973144531 -702.023071289 818.713378906 -867.985534668 -99.817802429 -821.768432617 -607.595153809 146.820831299 -1024.909667969 720.073364258 -821.585144043
364.676086426 49.690490723 357.796417236 56.432811737 256.237548828 248.941940308 31.339218140 383.063385010 233.174530029 265.761871338 13.048916817 368.280181885 8.327252388 367.879547119 -251.982681274 305.777832031 -249.278381348 282.962738037 -270.285614014 -41.477615356 -279.685821533 272.326324463 -282.676666260 -221.069946289 -285.505157471 -80.756370544 -282.418762207 -249.565261841 -277.527435303 -259.473754883 42.608139038 -406.508575439 55.983371735 -412.013702393 252.118087769 -298.079467773 251.124694824 -293.548217773 280.258087158 -301.292633057 887.189025879 133.621597290 673.673339844 642.738708496 30.322458267 1036.139770508 -701.222717285 818.366394043 -866.960876465 -99.905441284 -820.986999512 -606.684631348 147.468795776 -1023.893432617 719.898864746 -820.312988281
365.298065186 50.213550568 358.438232422 56.943511963 256.989624023 249.305236816 30.878780365 383.860595703 233.960861206 266.076049805 12.621955872 369.116333008 7.909361362 368.720275879 -252.632049561 306.529602051 -249.924468994 283.754669189 -271.029937744 -41.480792999 -280.267547607 273.147033691 -283.604797363 -221.420730591 -286.222351074 -80.670356750 -283.348175049 -249.847000122 -278.464141846 -259.728698730 43.207977295 -407.243377686 56.558010101 -412.748626709 253.006484985 -298.361602783 252.016250610 -293.839752197 281.105438232 -301.583221436 886.304626465 134.435791016 673.523437500 641.744262695 29.351724625 1035.287475586 -700.401123047 818.051574707 -865.925048828 -100.032188416 -820.168762207 -605.789672852 148.084228516 -1022.857543945 719.686889648 -819.047058105
365.907745361 50.745880127 359.067810059 57.463760376 257.747253418 249.656753540 30.408895493 384.647064209 234.752059937 266.378356934 12.185123444 369.941986084 7.481503010 369.550567627 -253.265686035 307.298767090 -250.554534912 284.563446045 -271.769409180 -41.503707886 -280.832733154 273.983551025 -284.527801514 -221.776504517 -286.936431885 -80.603790283 -284.272949219 -250.133377075 -279.396423340 -259.988128662 43.807575226 -407.970489502 57.132419586 -413.475769043 253.888656616 -298.641693115 252.901565552 -294.129302979 281.946319580 -301.871612549 885.408325195 135.238433838 673.334899902 640.743957520 28.403244019 1034.409912109 -699.558593750 817.769470215 -864.879516602 -100.198410034 -819.314331055 -604.911376953 148.666351318 -1021.803344727 719.437683105 -817.788757324
366.505554199 51.286273956 359.685546875 57.992317200 258.508911133 249.997726440 29.931159973 385.423248291 235.546752930 266.669982910 11.740094185 370.757598877 7.045369148 370.370849609 -253.883056641 308.084777832 -251.168090820 285.388580322 -272.503204346 -41.546943665 -281.380920410 274.835296631 -285.444671631 -222.138351440 -287.646667480 -80.557388306 -285.192138672 -250.425521851 -280.323364258 -260.253173828 44.405792236 -408.691040039 57.705421448 -414.196289062 254.764495850 -298.921356201 253.780517578 -294.418457031 282.780609131 -302.159454346 884.495605469 136.023086548 673.106750488 639.738708496 27.481054306 1033.505004883 -698.695312500 817.520507812 -863.825866699 -100.404403687 -818.424072266 -604.050781250 149.214355469 -1020.732238770 719.151550293 -816.539855957
367.092071533 51.833465576 360.292022705 58.527877808 259.273193359 250.329345703 29.447168350 386.189758301 236.343688965 266.952056885 11.288558006 371.563720703 6.602669239 371.181640625 -254.483688354 308.887054443 -251.764663696 286.229522705 -273.230468750 -41.610973358 -281.911712646 275.701690674 -286.354461670 -222.507293701 -288.352264404 -80.531768799 -286.104766846 -250.724456787 -281.244079590 -260.524871826 45.001548767 -409.406219482 58.275890350 -414.911376953 255.633911133 -299.202239990 254.653045654 -294.708892822 283.608123779 -302.448364258 883.562011719 136.782531738 672.838806152 638.729858398 26.586277008 1032.573852539 -697.811706543 817.304504395 -862.765808105 -100.650375366 -817.498596191 -603.209106445 149.727447510 -1019.645935059 718.828979492 -815.302001953
367.667968750 52.386116028 360.887908936 59.069057465 260.038757324 250.652786255 28.958431244 386.947357178 237.141677856 267.225738525 10.832113266 372.361114502 6.155020714 371.983703613 -255.067123413 309.705047607 -252.343856812 287.085662842 -273.950378418 -41.696170807 -282.424713135 276.582153320 -287.256103516 -222.884246826 -289.052398682 -80.527473450 -287.009948730 -251.031158447 -282.157653809 -260.804260254 45.593791962 -410.117370605 58.842742920 -415.622283936 256.496856689 -299.485961914 255.519073486 -295.002227783 284.428802490 -302.739990234 882.605468750 137.511611938 672.531005859 637.719055176 25.720081329 1031.617431641 -696.908935547 817.118408203 -861.701171875 -100.936408997 -816.538696289 -602.387390137 150.204849243 -1018.546264648 718.470458984 -814.077087402
368.234069824 52.942855835 361.474060059 59.614448547 260.804351807 250.969207764 28.466375351 387.696929932 237.939575195 267.492187500 10.372278214 373.150634766 5.703962803 372.777923584 -255.633041382 310.538055420 -252.905334473 287.956298828 -274.662109375 -41.802803040 -282.919738770 277.475952148 -288.148620605 -223.270065308 -289.746276855 -80.544914246 -287.906677246 -251.346542358 -283.063171387 -261.092193604 46.181514740 -410.825714111 59.404918671 -416.330352783 257.353332520 -299.774169922 256.378570557 -295.300140381 285.242553711 -303.036010742 881.627685547 138.209121704 672.183410645 636.707885742 24.883697510 1030.637329102 -695.987670898 816.958740234 -860.634033203 -101.262489319 -815.545104980 -601.586853027 150.645797729 -1017.435119629 718.076721191 -812.867065430
368.791412354 53.502422333 362.051452637 60.162738800 261.568725586 251.279739380 27.972368240 388.439575195 238.736282349 267.752441406 9.910509109 373.933380127 5.250970840 373.565368652 -256.181213379 311.385314941 -253.448959351 288.840728760 -275.364959717 -41.931034088 -283.396606445 278.382354736 -289.031036377 -223.665542603 -290.432983398 -80.584411621 -288.794036865 -251.671432495 -283.959686279 -261.389587402 46.763721466 -411.532684326 59.961387634 -417.036865234 258.203277588 -300.068511963 257.231536865 -295.604248047 286.049316406 -303.338134766 880.630432129 138.873809814 671.796142578 635.698364258 24.078413010 1029.635131836 -695.048583984 816.821838379 -859.566406250 -101.628456116 -814.518737793 -600.808776855 151.049621582 -1016.314453125 717.648437500 -811.673767090
369.341156006 54.063621521 362.621307373 60.712688446 262.330749512 251.585525513 27.477735519 389.176422119 239.530792236 268.007720947 9.448216438 374.710418701 4.797475338 374.347106934 -256.711578369 312.245910645 -253.974624634 289.738037109 -276.058135986 -42.080921173 -283.855316162 279.300476074 -289.902313232 -224.071350098 -291.111755371 -80.646186829 -289.671020508 -252.006561279 -284.846282959 -261.697174072 47.339431763 -412.239593506 60.511135101 -417.743225098 259.046722412 -300.370635986 258.077911377 -295.916168213 286.849029541 -303.647949219 879.615783691 139.504425049 671.369445801 634.692138672 23.305530548 1028.612670898 -694.091979980 816.703674316 -858.500488281 -102.034034729 -813.460510254 -600.054260254 151.415695190 -1015.186401367 717.186523438 -810.499145508
369.884552002 54.625312805 363.184844971 61.263107300 263.089294434 251.887695312 26.983768463 389.908691406 240.322082520 268.259063721 8.986781120 375.483001709 4.344874859 375.124389648 -257.224090576 313.118988037 -254.482345581 290.647430420 -276.740997314 -42.252422333 -284.295898438 280.229492188 -290.761474609 -224.488082886 -291.781860352 -80.730339050 -290.536712646 -252.352600098 -285.721954346 -262.015686035 47.907684326 -412.947784424 61.053153992 -418.450744629 259.883544922 -300.682159424 258.917602539 -296.237579346 287.641540527 -303.967102051 878.585876465 140.099761963 670.903686523 633.691162109 22.566333771 1027.571655273 -693.118041992 816.599792480 -857.438354492 -102.478820801 -812.371643066 -599.324523926 151.743499756 -1014.053161621 716.691833496 -809.345092773
370.422973633 55.186408997 363.743469238 61.812870026 263.843322754 252.187408447 26.491739273 390.637664795 241.109207153 268.507659912 8.527556419 376.252380371 3.894542694 375.898406982 -257.718841553 314.003540039 -254.972244263 291.567871094 -277.412963867 -42.445396423 -284.718505859 281.168457031 -291.607574463 -224.916259766 -292.442718506 -80.836868286 -291.390106201 -252.710174561 -286.585815430 -262.345703125 48.467502594 -413.658660889 61.586437225 -419.160766602 260.713745117 -301.004638672 259.750610352 -296.569976807 288.426788330 -304.297210693 877.543090820 140.658676147 670.399230957 632.697021484 21.862052917 1026.514160156 -692.126770020 816.505371094 -856.382263184 -102.962272644 -811.253234863 -598.620727539 152.032623291 -1012.916870117 716.165405273 -808.213500977
370.957916260 55.745845795 364.298645020 62.360862732 264.591705322 252.485733032 26.002908707 391.364654541 241.891204834 268.754577637 8.071879387 377.019836426 3.447832823 376.670501709 -258.195983887 314.898590088 -255.444473267 292.498443604 -278.073455811 -42.659606934 -285.123321533 282.116424561 -292.439697266 -225.356353760 -293.093719482 -80.965675354 -292.230346680 -253.079772949 -287.436950684 -262.687866211 49.017929077 -414.373535156 62.109989166 -419.874633789 261.537170410 -301.339630127 260.576782227 -296.914947510 289.204620361 -304.639770508 876.489685059 141.180145264 669.856506348 631.711547852 21.193845749 1025.442260742 -691.118225098 816.414855957 -855.334411621 -103.483764648 -810.106628418 -597.944152832 152.282745361 -1011.779724121 715.608337402 -807.106140137
371.490844727 56.302570343 364.851898193 62.905994415 265.333465576 252.783798218 25.518526077 392.091033936 242.667144775 269.000976562 7.621073246 377.786682129 3.006083488 377.441986084 -258.655761719 315.803039551 -255.899291992 293.438049316 -278.722106934 -42.894744873 -285.510620117 283.072418213 -293.256927490 -225.808700562 -293.734375000 -81.116569519 -293.056518555 -253.461853027 -288.274475098 -263.042572021 49.557987213 -415.093658447 62.622806549 -420.593597412 262.353759766 -301.688568115 261.395996094 -297.273925781 289.974884033 -304.996307373 875.428039551 141.663269043 669.276062012 630.736328125 20.562770844 1024.358032227 -690.092407227 816.321899414 -854.296936035 -104.042526245 -808.933166504 -597.295837402 152.493667603 -1010.643920898 715.021789551 -806.024658203
372.023345947 56.855552673 365.404754639 63.447193146 266.067535400 253.082626343 25.039833069 392.818115234 243.436111450 269.247894287 7.176449299 378.554290771 2.570621729 378.214111328 -259.098480225 316.715728760 -256.337066650 294.385650635 -279.358551025 -43.150413513 -285.880737305 284.035400391 -294.058410645 -226.273635864 -294.364257812 -81.289260864 -293.867767334 -253.856811523 -289.097534180 -263.410278320 50.086719513 -415.820251465 63.123897552 -421.318847656 263.163299561 -302.052886963 262.208099365 -297.648315430 290.737335205 -305.368164062 874.360656738 142.107269287 668.658508301 629.773010254 19.969770432 1023.263793945 -689.049499512 816.219421387 -853.271972656 -104.637733459 -807.734313965 -596.676879883 152.665313721 -1009.511474609 714.406860352 -804.970703125
372.556915283 57.403755188 365.958740234 63.983379364 266.792968750 253.383270264 24.568067551 393.547302246 244.197174072 269.496398926 6.739309788 379.323883057 2.142763376 378.988281250 -259.524597168 317.635498047 -256.758209229 295.340057373 -279.982543945 -43.426158905 -286.234130859 285.004241943 -294.843383789 -226.751373291 -294.983032227 -81.483390808 -294.663299561 -254.264938354 -289.905334473 -263.791351318 50.603164673 -416.554534912 63.612277985 -422.051544189 263.965637207 -302.433868408 263.012908936 -298.039398193 291.491760254 -305.756652832 873.289733887 142.511550903 668.004394531 628.823181152 19.415662766 1022.161437988 -687.990295410 816.099304199 -852.261535645 -105.268447876 -806.511535645 -596.088378906 152.797683716 -1008.384460449 713.764831543 -803.945678711
373.093139648 57.946128845 366.515441895 64.513465881 267.508728027 253.686706543 24.104465485 394.279846191 244.949447632 269.747497559 6.310945034 380.096832275 1.723811150 379.765716553 -259.934631348 318.560943604 -257.163299561 296.299957275 -280.593963623 -43.721473694 -286.571350098 285.977722168 -295.611083984 -227.242080688 -295.590484619 -81.698532104 -295.442352295 -254.686492920 -290.697143555 -264.186065674 51.106372833 -417.297485352 64.086982727 -422.792724609 264.760528564 -302.832702637 263.810150146 -298.448364258 292.237915039 -306.162963867 872.217712402 142.875625610 667.314575195 627.888488770 18.901128769 1021.053222656 -686.916076660 815.952636719 -851.266967773 -105.932670593 -805.266479492 -595.531372070 152.890930176 -1007.264770508 713.096862793 -802.950866699
373.633544922 58.481613159 367.076354980 65.036354065 268.213928223 253.993865967 23.650259018 395.017089844 245.692031860 270.002197266 5.892639637 380.874328613 1.315060377 380.547637939 -260.329345703 319.490692139 -257.553039551 297.264007568 -281.192779541 -44.035758972 -286.893127441 286.954559326 -296.360900879 -227.745880127 -296.186523438 -81.934143066 -296.204284668 -255.121688843 -291.472229004 -264.594665527 51.595420837 -418.050140381 64.547065735 -423.543304443 265.547698975 -303.250488281 264.599578857 -298.876281738 292.975494385 -306.588165283 871.146789551 143.199218750 666.589721680 626.970336914 18.426710129 1019.941162109 -685.829895020 815.770446777 -850.287902832 -106.626533508 -804.000610352 -595.006652832 152.945266724 -1006.154235840 712.404296875 -801.987548828
374.179626465 59.009128571 367.642944336 65.550933838 268.907623291 254.305633545 23.206680298 395.760192871 246.424087524 270.261474609 5.485667229 381.657501221 0.917794049 381.335174561 -260.709625244 320.423126221 -257.928466797 298.230682373 -281.779083252 -44.368305206 -287.200347900 287.933380127 -297.092193604 -228.262817383 -296.771057129 -82.189544678 -296.948455811 -255.570632935 -292.230010986 -265.017303467 52.069412231 -418.813293457 64.991615295 -424.304138184 266.326843262 -303.688171387 265.380889893 -299.324096680 293.704162598 -307.033142090 870.078979492 143.482131958 665.830810547 626.070312500 17.992805481 1018.827209473 -684.734741211 815.548217773 -849.323852539 -107.346176147 -802.715637207 -594.515197754 152.961029053 -1005.054565430 711.688232422 -801.056640625
374.732757568 59.527599335 368.216644287 66.056098938 269.588928223 254.622863770 22.774955750 396.510284424 247.144775391 270.526153564 5.091278553 382.447448730 0.533270836 382.129394531 -261.076629639 321.356689453 -258.290649414 299.198425293 -282.353118896 -44.718303680 -287.494110107 288.912719727 -297.804504395 -228.792938232 -297.344238281 -82.463928223 -297.674377441 -256.033447266 -292.969940186 -265.454132080 52.527484894 -419.587768555 65.419769287 -425.075927734 267.097686768 -304.146545410 266.153747559 -299.792602539 294.423614502 -307.498748779 869.016357422 143.724380493 665.038696289 625.190002441 17.599676132 1017.713195801 -683.632995605 815.285888672 -848.373657227 -108.087699890 -801.413208008 -594.057678223 152.938598633 -1003.967285156 710.949890137 -800.159179688
375.294281006 60.035938263 368.798706055 66.550743103 270.257049561 254.946350098 22.356285095 397.268371582 247.853317261 270.797180176 4.710695744 383.245117188 0.162718266 382.931243896 -261.431457520 322.289855957 -258.640686035 300.165802002 -282.915161133 -45.084873199 -287.775512695 289.891204834 -298.497375488 -229.336212158 -297.906250000 -82.756393433 -298.381500244 -256.510162354 -293.691528320 -265.905212402 52.968818665 -420.374114990 65.830718994 -425.859283447 267.859832764 -304.626342773 266.917846680 -300.282501221 295.133483887 -307.985565186 867.960632324 143.926071167 664.214416504 624.330688477 17.247455597 1016.600952148 -682.527099609 814.983459473 -847.435974121 -108.847167969 -800.094787598 -593.634887695 152.878448486 -1002.893859863 710.190429688 -799.295837402
375.865447998 60.533054352 369.390380859 67.033760071 270.911163330 255.276840210 21.951839447 398.035369873 248.548934937 271.075347900 4.345103264 384.051300049 -0.192675307 383.741546631 -261.775238037 323.221099854 -258.979766846 301.131347656 -283.465667725 -45.467098236 -288.045654297 290.867492676 -299.170471191 -229.892562866 -298.457427979 -83.065971375 -299.069519043 -257.000762939 -294.394378662 -266.370605469 53.392654419 -421.172851562 66.223686218 -426.654693604 268.612945557 -305.128051758 267.672821045 -300.794281006 295.833435059 -308.494140625 866.913574219 144.087402344 663.359069824 623.493896484 16.936153412 1015.492004395 -681.419372559 814.641113281 -846.509033203 -109.620506287 -798.762084961 -593.247436523 152.781066895 -1001.835571289 709.410949707 -798.467285156
376.447326660 61.017864227 369.992675781 67.504035950 271.550506592 255.615020752 21.562757492 398.812072754 249.230911255 271.361419678 3.995638609 384.866760254 -0.531770825 384.560974121 -262.109100342 324.149078369 -259.308990479 302.093719482 -284.005187988 -45.864013672 -288.305694580 291.840362549 -299.823516846 -230.461944580 -298.998168945 -83.391654968 -299.738128662 -257.505279541 -295.078186035 -266.850341797 53.798286438 -421.984405518 66.597999573 -427.462463379 269.356689453 -305.652160645 268.418273926 -301.328399658 296.523132324 -309.024810791 865.876708984 144.208709717 662.473754883 622.680908203 16.665676117 1014.387817383 -680.312866211 814.259399414 -845.590637207 -110.403472900 -797.416625977 -592.895874023 152.647033691 -1000.793579102 708.612548828 -797.674072266
377.040893555 61.489295959 370.606567383 67.960502625 272.174377441 255.961502075 21.190134048 399.599090576 249.898559570 271.656127930 3.663378000 385.692016602 -0.853494465 385.390075684 -262.434204102 325.072448730 -259.629577637 303.051666260 -284.534332275 -46.274650574 -288.556762695 292.808624268 -300.456359863 -231.044235229 -299.529052734 -83.732376099 -300.387084961 -258.023651123 -295.742675781 -267.344329834 54.185073853 -422.809020996 66.953025818 -428.282897949 270.090698242 -306.198852539 269.153900146 -301.885101318 297.202209473 -309.577850342 864.851318359 144.290420532 661.559570312 621.893066406 16.435832977 1013.289794922 -679.210205078 813.838806152 -844.678527832 -111.191551208 -796.059875488 -592.580627441 152.476913452 -999.768920898 707.796264648 -796.916687012
377.646942139 61.946311951 371.232788086 68.402122498 272.782073975 256.316894531 20.834995270 400.396911621 250.551208496 271.960144043 3.349325418 386.527526855 -1.156846285 386.229309082 -262.751800537 325.989990234 -259.942749023 304.003997803 -285.053894043 -46.698009491 -288.800109863 293.771179199 -301.068939209 -231.639328003 -300.050720215 -84.087036133 -301.016265869 -258.555755615 -296.387756348 -267.852600098 54.552440643 -423.646820068 67.288215637 -429.116088867 270.814575195 -306.768371582 269.879333496 -302.464538574 297.870361328 -310.153381348 863.838684082 144.332977295 660.617797852 621.131652832 16.246356964 1012.199157715 -678.113952637 813.380004883 -843.769958496 -111.979888916 -794.693420410 -592.302124023 152.271301270 -998.762634277 706.963073730 -796.195434570
378.266082764 62.387908936 371.871917725 68.827888489 273.373046875 256.681701660 20.498306274 401.205932617 251.188278198 272.274078369 3.054405928 387.373565674 -1.440908074 387.078918457 -263.063140869 326.900634766 -260.249786377 304.949615479 -285.564727783 -47.133075714 -289.036987305 294.727020264 -301.661224365 -232.247100830 -300.564025879 -84.454513550 -301.625671387 -259.101562500 -297.013336182 -268.375030518 54.899875641 -424.497863770 67.603080750 -429.962097168 271.528015137 -307.360717773 270.594207764 -303.066711426 298.527282715 -310.751403809 862.839843750 144.336929321 659.649719238 620.397766113 16.096920013 1011.116882324 -677.026550293 812.883666992 -842.862365723 -112.763244629 -793.318786621 -592.060729980 152.030822754 -997.775512695 706.113952637 -795.510681152
378.898864746 62.813133240 372.524444580 69.236869812 273.946716309 257.056365967 20.180946350 402.026367188 251.809219360 272.598480225 2.779460192 388.230346680 -1.704847574 387.939086914 -263.369476318 327.803314209 -260.551910400 305.887573242 -286.067810059 -47.578811646 -289.268676758 295.675231934 -302.233337402 -232.867446899 -301.069854736 -84.833641052 -302.215270996 -259.660980225 -297.619415283 -268.911590576 55.226940155 -425.362152100 67.897216797 -430.820831299 272.230651855 -307.975830078 271.298217773 -303.691619873 299.172668457 -311.371765137 861.855773926 144.302810669 658.656555176 619.692626953 15.987144470 1010.044006348 -675.950073242 812.350585938 -841.953125000 -113.536003113 -791.937316895 -591.856750488 151.756103516 -996.808410645 705.249816895 -794.862670898
379.545593262 63.221096039 373.190643311 69.628196716 274.502563477 257.441375732 19.883720398 402.858306885 252.413497925 272.933929443 2.525240183 389.097839355 -1.947923183 388.809814453 -263.672027588 328.697082520 -260.850433350 306.816864014 -286.564270020 -48.034141541 -289.496459961 296.614990234 -302.785461426 -233.500259399 -301.569305420 -85.223190308 -302.785278320 -260.233886719 -298.206146240 -269.462188721 55.533264160 -426.239501953 68.170280457 -431.692138672 272.922180176 -308.613555908 271.990997314 -304.339050293 299.806213379 -312.014343262 860.887268066 144.231201172 657.639587402 619.017150879 15.916620255 1008.981384277 -674.886657715 811.781494141 -841.039916992 -114.292289734 -790.550537109 -591.690429688 151.447769165 -995.861999512 704.371582031 -794.251525879
380.206451416 63.610980988 373.870697021 70.001068115 275.040130615 257.837066650 19.607345581 403.701690674 253.000671387 273.280853271 2.292406559 389.976043701 -2.169486523 389.691040039 -263.972076416 329.581024170 -261.146575928 307.736663818 -287.055389404 -48.497936249 -289.721588135 297.545501709 -303.317901611 -234.145431519 -302.063537598 -85.621894836 -303.335876465 -260.820220947 -298.773712158 -270.026763916 55.818542480 -427.129699707 68.422012329 -432.575836182 273.602264404 -309.273651123 272.672271729 -305.008728027 300.427734375 -312.678802490 859.935058594 144.122695923 656.600158691 618.372436523 15.884912491 1007.929748535 -673.838012695 811.177246094 -840.120971680 -115.026145935 -789.159912109 -591.561950684 151.106430054 -994.937011719 703.480041504 -793.677490234
380.881500244 63.982036591 374.564605713 70.354766846 275.559020996 258.243713379 19.352453232 404.556427002 253.570312500 273.639678955 2.081528425 390.864746094 -2.368981361 390.582580566 -264.270812988 330.454406738 -261.441589355 308.646209717 -287.542541504 -48.969009399 -289.945312500 298.466033936 -303.830993652 -234.802902222 -302.553955078 -86.028373718 -303.867431641 -261.419921875 -299.322387695 -270.605224609 56.082527161 -428.032501221 68.652191162 -433.471588135 274.270660400 -309.955780029 273.341766357 -305.700408936 301.036926270 -313.364868164 858.999816895 143.977874756 655.539672852 617.759338379 15.891579628 1006.889709473 -672.805969238 810.538635254 -839.195007324 -115.731987000 -787.767028809 -591.471374512 150.732711792 -994.034118652 702.576232910 -793.140686035
381.570709229 64.333595276 375.272308350 70.688644409 276.058898926 258.661621094 19.119583130 405.422271729 254.122055054 274.010772705 1.893086672 391.763671875 -2.545940876 391.484161377 -264.569488525 331.316436768 -261.736694336 309.544769287 -288.027130127 -49.446098328 -290.168884277 299.375976562 -304.325225830 -235.472610474 -303.041961670 -86.441192627 -304.380310059 -262.032897949 -299.852630615 -271.197540283 56.325038910 -428.947601318 68.860671997 -434.379119873 274.927093506 -310.659606934 273.999237061 -306.413665771 301.633605957 -314.072052002 858.082092285 143.797317505 654.459350586 617.178649902 15.936173439 1005.861938477 -671.792114258 809.866638184 -838.260620117 -116.405097961 -786.373474121 -591.418884277 150.327285767 -993.153869629 701.660888672 -792.641296387
382.273864746 64.665054321 375.993591309 71.002143860 276.539489746 259.091003418 18.909194946 406.298889160 254.655593872 274.394439697 1.727476835 392.672515869 -2.699983835 392.395416260 -264.869201660 332.166442871 -262.033020020 310.431640625 -288.510711670 -49.927875519 -290.393493652 300.274749756 -304.801177979 -236.154541016 -303.529022217 -86.858833313 -304.875091553 -262.659149170 -300.364868164 -271.803680420 56.545955658 -429.874542236 69.047378540 -435.298004150 275.571350098 -311.384643555 274.644439697 -307.148040771 302.217651367 -314.799957275 857.182495117 143.581573486 653.360595703 616.631286621 16.018253326 1004.846984863 -670.797973633 809.162109375 -837.317382812 -117.041221619 -784.981140137 -591.399475098 149.890747070 -992.296997070 700.735046387 -792.179443359
382.990692139 64.975914001 376.728179932 71.294784546 277.000549316 259.531982422 18.721664429 407.185913086 255.170654297 274.790954590 1.585014701 393.590820312 -2.830808878 393.315948486 -265.171142578 333.003875732 -262.331756592 311.306304932 -288.994720459 -50.412944794 -290.620361328 301.161773682 -305.259643555 -236.848602295 -304.016571045 -87.279693604 -305.352508545 -263.298522949 -300.859893799 -272.423461914 56.745208740 -430.812988281 69.212280273 -436.227844238 276.203155518 -312.130432129 275.277160645 -307.903045654 302.788848877 -315.548065186 856.301513672 143.331222534 652.244750977 616.117858887 16.137384415 1003.845336914 -669.824829102 808.425842285 -836.365783691 -117.637107849 -783.591552734 -591.406799316 149.423782349 -991.464111328 699.800659180 -791.752929688
383.720886230 65.265731812 377.475646973 71.566169739 277.441986084 259.984741211 18.557296753 408.082824707 255.667053223 275.200531006 1.465940356 394.518127441 -2.938190937 394.245300293 -265.476409912 333.828155518 -262.634002686 312.168182373 -289.480651855 -50.899845123 -290.850585938 302.036590576 -305.701599121 -237.554550171 -304.506134033 -87.702140808 -305.813537598 -263.950744629 -301.338623047 -273.056610107 56.922779083 -431.762451172 69.355400085 -437.168212891 276.822509766 -312.896362305 275.897338867 -308.678131104 303.347198486 -316.315734863 855.439575195 143.046783447 651.113281250 615.639038086 16.293148041 1002.857482910 -668.874084473 807.658874512 -835.408203125 -118.191925049 -782.206359863 -591.434143066 148.927062988 -990.655883789 698.860290527 -791.357727051
384.463958740 65.534149170 378.235626221 71.815963745 277.863647461 260.449310303 18.416318893 408.989196777 256.144653320 275.623321533 1.370423913 395.453918457 -3.021974087 395.182891846 -265.786071777 334.638793945 -262.940887451 313.016754150 -289.970062256 -51.387142181 -291.085327148 302.898773193 -306.128326416 -238.272079468 -304.999145508 -88.124534607 -306.259368896 -264.615417480 -301.802276611 -273.702697754 57.078704834 -432.722473145 69.476799011 -438.118652344 277.429473877 -313.681640625 276.505035400 -309.472442627 303.892852783 -317.102203369 854.597229004 142.728775024 649.967529297 615.195434570 16.485134125 1001.883911133 -667.946838379 806.862060547 -834.446899414 -118.704971313 -780.826904297 -591.474426270 148.402770996 -989.871948242 697.916198730 -790.989562988
385.219451904 65.780868530 379.007568359 72.043907166 278.265594482 260.925781250 18.298894882 409.904418945 256.603363037 276.059478760 1.298570275 396.397674561 -3.082067728 396.128234863 -266.101196289 335.435333252 -263.253387451 313.851654053 -290.464447021 -51.873390198 -291.325683594 303.747985840 -306.541259766 -239.000839233 -305.497161865 -88.545249939 -306.691467285 -265.292144775 -302.252227783 -274.361267090 57.213153839 -433.692565918 69.576690674 -439.078643799 278.024291992 -314.485351562 277.100585938 -310.285125732 304.426116943 -317.906555176 853.774902344 142.377731323 648.808959961 614.787658691 16.712945938 1000.925109863 -667.044250488 806.036315918 -833.484252930 -119.175628662 -779.454711914 -591.520202637 147.854568481 -989.110778809 696.970520020 -790.643737793
385.986846924 66.005676270 379.790985107 72.249816895 278.647888184 261.414123535 18.205125809 410.827911377 257.043212891 276.509094238 1.250425220 397.348754883 -3.118440151 397.080688477 -266.422760010 336.217437744 -263.572570801 314.672485352 -290.965270996 -52.357139587 -291.572692871 304.583831787 -306.941986084 -239.740417480 -306.001586914 -88.962669373 -307.111450195 -265.980377197 -302.690124512 -275.031738281 57.326503754 -434.672180176 69.655487061 -440.047698975 278.607391357 -315.306518555 277.684356689 -311.115112305 304.947479248 -318.727813721 852.973205566 141.994155884 647.639160156 614.416198730 16.976200104 999.981506348 -666.167358398 805.182556152 -832.522766113 -119.603431702 -778.091369629 -591.563964844 147.286087036 -988.370544434 696.025451660 -790.315063477
386.765563965 66.208404541 380.585296631 72.433563232 279.010681152 261.914367676 18.135055542 411.759094238 257.464263916 276.972167969 1.225979686 398.306610107 -3.131113768 398.039703369 -266.751770020 336.984741211 -263.899414062 315.478912354 -291.474029541 -52.836933136 -291.827392578 305.406066895 -307.332427979 -240.490295410 -306.513854980 -89.375160217 -307.521148682 -266.679565430 -303.117828369 -275.713500977 57.419319153 -435.660766602 69.713775635 -441.025207520 279.179382324 -316.143981934 278.256958008 -311.961303711 305.457550049 -319.564849854 852.192626953 141.578552246 646.459655762 614.081542969 17.274513245 999.053649902 -665.317138672 804.301696777 -831.564880371 -119.988029480 -776.737609863 -591.598510742 146.701019287 -987.648925781 695.082946777 -789.997924805
387.555023193 66.388961792 381.389892578 72.595069885 279.354309082 262.426483154 18.088676453 412.697357178 257.866729736 277.448730469 1.225174904 399.270629883 -3.120160103 399.004638672 -267.089111328 337.736907959 -264.234832764 316.270599365 -291.992126465 -53.311302185 -292.090759277 306.214447021 -307.714477539 -241.249908447 -307.035308838 -89.781112671 -307.922515869 -267.388977051 -303.537261963 -276.405761719 57.492343903 -436.657714844 69.752326965 -442.010681152 279.740997314 -316.996551514 278.819152832 -312.822540283 305.957153320 -320.416564941 851.433715820 141.131439209 645.272094727 613.784118652 17.607505798 998.142150879 -664.494567871 803.394775391 -830.613098145 -120.329216003 -775.394409180 -591.616821289 146.103042603 -986.943359375 694.145019531 -789.686096191
388.354644775 66.547302246 382.204193115 72.734336853 279.679046631 262.950469971 18.065927505 413.642028809 258.250854492 277.938842773 1.247905612 400.240142822 -3.085696697 399.974914551 -267.435699463 338.473693848 -264.579742432 317.047332764 -292.520904541 -53.778774261 -292.363800049 307.008728027 -308.090118408 -242.018554688 -307.567260742 -90.178909302 -308.317565918 -268.107849121 -303.950469971 -277.107696533 57.546466827 -437.662445068 69.772033691 -443.003509521 280.293182373 -317.862915039 279.371826172 -313.697479248 306.447204590 -321.281677246 850.697082520 140.653366089 644.078369141 613.524353027 17.974788666 997.247497559 -663.700439453 802.462585449 -829.669189453 -120.627235413 -774.062927246 -591.612487793 145.496002197 -986.250854492 693.213867188 -789.372924805
389.163757324 66.683441162 383.027557373 72.851402283 279.985473633 263.486358643 18.066709518 414.592498779 258.617004395 278.442474365 1.294023395 401.214569092 -3.027884007 400.949920654 -267.792358398 339.194885254 -264.934997559 317.808868408 -293.061584473 -54.237884521 -292.647369385 307.788787842 -308.461425781 -242.795471191 -308.110839844 -90.566970825 -308.708435059 -268.835266113 -304.359558105 -277.818359375 57.582733154 -438.674377441 69.773971558 -444.003173828 280.836975098 -318.741760254 279.916137695 -314.584838867 306.928833008 -322.158905029 849.983459473 140.144897461 642.880371094 613.302185059 18.375959396 996.370422363 -662.935546875 801.506225586 -828.734191895 -120.882568359 -772.744689941 -591.579711914 144.883926392 -985.567993164 692.291870117 -789.050964355
389.981781006 66.797447205 383.859436035 72.946342468 280.274108887 264.034088135 18.090871811 415.548156738 258.965698242 278.959594727 1.363338947 402.193328857 -2.946922541 401.928985596 -268.159942627 339.900238037 -265.301422119 318.554992676 -293.615173340 -54.687194824 -292.942352295 308.554382324 -308.830627441 -243.579803467 -308.666900635 -90.943771362 -309.097290039 -269.570312500 -304.766693115 -278.536712646 57.602333069 -439.692962646 69.759323120 -445.009155273 281.373748779 -319.631622314 280.453338623 -315.483123779 307.403320312 -323.046844482 849.292175293 139.608352661 641.680969238 613.112976074 18.807306290 995.509887695 -662.200805664 800.526611328 -827.809143066 -121.095794678 -771.441467285 -591.513549805 144.271087646 -984.891052246 691.381774902 -788.712402344
390.808074951 66.889526367 384.699127197 73.019393921 280.545837402 264.593597412 18.138050079 416.508331299 259.297668457 279.490051270 1.455453515 403.175750732 -2.843220472 402.911590576 -268.539154053 340.589599609 -265.679748535 319.285583496 -294.182464600 -55.125316620 -293.249633789 309.305419922 -309.199859619 -244.370620728 -309.236206055 -91.307853699 -309.486328125 -270.311920166 -305.174194336 -279.261627197 57.606605530 -440.717651367 69.729431152 -446.020904541 281.904907227 -320.530975342 280.984954834 -316.390838623 307.872222900 -323.944061279 848.621520996 139.047073364 640.482788086 612.951721191 19.264541626 994.664306641 -661.496887207 799.524780273 -826.894775391 -121.267562866 -770.155456543 -591.410156250 143.662155151 -984.215820312 690.486633301 -788.349182129
391.641967773 66.960083008 385.545989990 73.070991516 280.801696777 265.164733887 18.207660675 417.472473145 259.613922119 280.033630371 1.569756508 404.161315918 -2.717395782 403.897125244 -268.930755615 341.262817383 -266.070770264 320.000488281 -294.764129639 -55.550907135 -293.569976807 310.041809082 -309.571441650 -245.166931152 -309.819213867 -91.657852173 -309.877929688 -271.058959961 -305.584320068 -279.991943359 57.597045898 -441.747955322 69.685783386 -447.038024902 282.432220459 -321.438110352 281.512664795 -317.306304932 308.337188721 -324.848968506 847.969543457 138.464401245 639.288269043 612.813232422 19.743246078 993.831665039 -660.824523926 798.501770020 -825.991699219 -121.398529053 -768.888671875 -591.270141602 143.062347412 -983.537597656 689.609985352 -787.953369141
392.482757568 67.009689331 386.399383545 73.101707458 281.042877197 265.747314453 18.298919678 418.439941406 259.915557861 280.589996338 1.705446959 405.149444580 -2.570254564 404.885040283 -269.335388184 341.919769287 -266.475128174 320.699615479 -295.360504150 -55.962696075 -293.904144287 310.763458252 -309.947540283 -245.967819214 -310.416198730 -91.992485046 -310.274291992 -271.810424805 -305.999359131 -280.726593018 57.575328827 -442.783325195 69.630035400 -448.059967041 282.957641602 -322.351257324 282.038452148 -318.227722168 308.800231934 -325.759826660 847.333679199 137.863632202 638.099914551 612.691894531 20.238813400 993.009582520 -660.184509277 797.458740234 -825.100585938 -121.489372253 -767.643066406 -591.094299316 142.477401733 -982.851562500 688.752319336 -787.524353027
393.329803467 67.039054871 387.258636475 73.112281799 281.270843506 266.341033936 18.410863876 419.410186768 260.204010010 281.158752441 1.861549735 406.139648438 -2.402774334 405.874847412 -269.753662109 342.560363770 -266.893463135 321.382843018 -295.971893311 -56.359481812 -294.252868652 311.470275879 -310.330322266 -246.772369385 -311.027313232 -92.310577393 -310.677551270 -272.565338135 -306.421417236 -281.464477539 57.543331146 -443.823303223 69.564048767 -449.086334229 283.482910156 -323.268707275 282.564086914 -319.153442383 309.263092041 -326.675109863 846.711303711 137.248123169 636.919860840 612.582336426 20.746355057 992.195068359 -659.577453613 796.396789551 -824.221740723 -121.540763855 -766.420776367 -590.883300781 141.913696289 -982.152465820 687.913513184 -787.062377930
394.182434082 67.049041748 388.123138428 73.103561401 281.487091064 266.945709229 18.542352676 420.382720947 260.480773926 281.739532471 2.036924839 407.131469727 -2.216095924 406.866149902 -270.186157227 343.184539795 -267.326354980 322.050170898 -296.598297119 -56.740146637 -294.616729736 312.162231445 -310.721801758 -247.579696655 -311.652435303 -92.611068726 -311.089782715 -273.322662354 -306.852569580 -282.204559326 57.503162384 -444.867370605 69.489906311 -450.116668701 284.009765625 -324.188995361 283.091247559 -320.081939697 309.727508545 -327.593322754 846.099182129 136.621307373 635.750549316 612.478820801 21.260591507 991.384887695 -659.004150391 795.317260742 -823.355529785 -121.553344727 -765.223632812 -590.638122559 141.378097534 -981.435302734 687.093505859 -786.567260742
395.040008545 67.040618896 388.992218018 73.076530457 281.693359375 267.561035156 18.692073822 421.357086182 260.747528076 282.331909180 2.230268002 408.124511719 -2.011520863 407.858520508 -270.633361816 343.792297363 -267.774353027 322.701599121 -297.239654541 -57.103668213 -294.996398926 312.839324951 -311.123962402 -248.388931274 -312.291351318 -92.892990112 -311.512908936 -274.081451416 -307.294769287 -282.945831299 57.457160950 -445.915130615 69.409919739 -451.150573730 284.539703369 -325.110626221 283.621459961 -321.011810303 310.195007324 -328.513153076 845.493774414 135.986846924 634.594238281 612.375915527 21.775699615 990.575073242 -658.465209961 794.221435547 -822.502197266 -121.527740479 -764.053649902 -590.359680176 140.874694824 -980.697814941 686.291931152 -786.038940430
395.901885986 67.014884949 389.865325928 73.032287598 281.891387939 268.186737061 18.858530045 422.332916260 261.006103516 282.935394287 2.440101862 409.118438721 -1.790521026 408.851654053 -271.095733643 344.383666992 -268.237945557 323.337158203 -297.895660400 -57.449115753 -295.392425537 313.501586914 -311.538574219 -249.199142456 -312.943695068 -93.155517578 -311.948791504 -274.840728760 -307.749816895 -283.687286377 57.407737732 -446.966064453 69.326461792 -452.187652588 285.074096680 -326.032287598 284.156158447 -321.941741943 310.666931152 -329.433258057 844.891052246 135.348648071 633.452453613 612.268127441 22.285161972 989.761413574 -657.961303711 793.110778809 -821.662048340 -121.464508057 -762.912719727 -590.049133301 140.403640747 -979.940307617 685.508666992 -785.477172852
396.767517090 66.973060608 390.741851807 72.972045898 282.083038330 268.822448730 19.040023804 423.309875488 261.258392334 283.549499512 2.664758682 410.113037109 -1.554757476 409.845367432 -271.573730469 344.958679199 -268.717559814 323.956878662 -298.566009521 -57.775646210 -295.805267334 314.149017334 -311.967437744 -250.009429932 -313.609008789 -93.397895813 -312.399139404 -275.599487305 -308.219421387 -284.427825928 57.357135773 -448.019805908 69.241744995 -453.227539062 285.614196777 -326.952728271 284.696533203 -322.870422363 311.144592285 -330.352508545 844.286376953 134.711105347 632.326843262 612.150329590 22.781644821 988.939208984 -657.493164062 791.986755371 -820.835266113 -121.364173889 -761.802612305 -589.707519531 139.964996338 -979.162963867 684.743652344 -784.881713867
397.636322021 66.916503906 391.621337891 72.897155762 282.270233154 269.467742920 19.234630585 424.287719727 261.506347656 284.173614502 2.902350903 411.108123779 -1.306105852 410.839416504 -272.067626953 345.517517090 -269.213562012 324.560974121 -299.250183105 -58.082511902 -296.235412598 314.781799316 -312.412109375 -250.818878174 -314.286682129 -93.619506836 -312.865539551 -276.356719971 -308.705108643 -285.166473389 57.307415009 -449.075958252 69.157821655 -454.269927979 286.161132812 -327.870697021 285.243713379 -323.796661377 311.629089355 -331.269653320 843.674682617 134.079193115 631.219238281 612.017761230 23.256967545 988.103637695 -657.061279297 790.851013184 -820.021972656 -121.227203369 -760.724975586 -589.336181641 139.558837891 -978.365783691 683.997009277 -784.252380371
398.507781982 66.846733093 392.503234863 72.809127808 282.454864502 270.122192383 19.440164566 425.266296387 261.751892090 284.807159424 3.150743961 412.103576660 -1.046686769 411.833801270 -272.577819824 346.060363770 -269.726318359 325.149627686 -299.947631836 -58.369052887 -296.683227539 315.400024414 -312.874023438 -251.626556396 -314.976104736 -93.819801331 -313.349334717 -277.111480713 -309.208282471 -285.902221680 57.260482788 -450.134124756 69.076568604 -455.314392090 286.715911865 -328.785003662 285.798767090 -324.719299316 312.121490479 -332.183563232 843.050292969 133.458663940 630.131469727 611.866088867 23.702285767 987.250061035 -656.666259766 789.705383301 -819.222412109 -121.054000854 -759.679870605 -588.935852051 139.185241699 -977.548889160 683.268859863 -783.588989258
399.381408691 66.765441895 393.387054443 72.709640503 282.638916016 270.785186768 19.654150009 426.245513916 261.997100830 285.449371338 3.407524347 413.099456787 -0.778897107 412.828521729 -273.104492188 346.587524414 -270.256134033 325.723052979 -300.657714844 -58.634689331 -297.149047852 316.003906250 -313.354400635 -252.431472778 -315.676513672 -93.998359680 -313.851745605 -277.862701416 -309.730010986 -286.633972168 57.218105316 -451.193878174 68.999732971 -456.360626221 287.279449463 -329.694488525 286.362548828 -325.637176514 312.622680664 -333.093139648 842.407226562 132.856048584 629.065612793 611.691406250 24.114645004 986.377563477 -656.308654785 788.551757812 -818.436645508 -120.844917297 -758.667114258 -588.507202148 138.844421387 -976.712219238 682.559631348 -782.891357422
400.256683350 66.674583435 394.272399902 72.600624084 282.824462891 271.456207275 19.874151230 427.225341797 262.244049072 286.099517822 3.670315981 414.095733643 -0.505096257 413.823608398 -273.647949219 347.099273682 -270.803222656 326.281646729 -301.379730225 -58.878932953 -297.633148193 316.593780518 -313.854156494 -253.232635498 -316.387176514 -94.154800415 -314.373626709 -278.609375000 -310.271209717 -287.360717773 57.181915283 -452.254791260 68.928947449 -457.408203125 287.852569580 -330.598083496 286.935913086 -326.549163818 313.133544922 -333.997283936 841.739624023 132.278686523 628.024108887 611.490356445 24.493806839 985.486328125 -655.989013672 787.392028809 -817.665039062 -120.600265503 -757.686645508 -588.050903320 138.536621094 -975.855895996 681.869689941 -782.159423828
401.133178711 66.576347351 395.158843994 72.484237671 283.013549805 272.134521484 20.097906113 428.205718994 262.494842529 286.756774902 3.936918974 415.092468262 -0.227468118 414.819122314 -274.208312988 347.596160889 -271.367797852 326.825775146 -302.112945557 -59.101352692 -298.135772705 317.169921875 -314.374084473 -254.029022217 -317.107269287 -94.288864136 -314.915649414 -279.350433350 -310.832489014 -288.081390381 57.153434753 -453.316436768 68.865715027 -458.456695557 288.436004639 -331.494628906 287.519592285 -327.454223633 313.654785156 -334.894927979 841.046264648 131.729263306 627.009399414 611.260192871 24.839550018 984.576538086 -655.707763672 786.228454590 -816.907653809 -120.320274353 -756.738159180 -587.567626953 138.262191772 -974.980102539 681.199645996 -781.393188477
402.010528564 66.472930908 396.046051025 72.362648010 283.208282471 272.819427490 20.323316574 429.186614990 262.751678467 287.420227051 4.205286980 416.089752197 0.051954579 415.815155029 -274.785766602 348.078613281 -271.950042725 327.355987549 -302.856536865 -59.301605225 -298.657073975 317.732818604 -314.914733887 -254.819656372 -317.835998535 -94.400329590 -315.478332520 -280.084869385 -311.414276123 -288.794982910 57.134082794 -454.378326416 68.811462402 -459.505706787 289.030364990 -332.383087158 288.114257812 -328.351257324 314.187133789 -335.785003662 840.327636719 131.208328247 626.024353027 610.998474121 25.151618958 983.648437500 -655.464965820 785.063232422 -816.164855957 -120.005149841 -755.821228027 -587.057739258 138.021575928 -974.085083008 680.550170898 -780.592651367
402.888305664 66.366386414 396.933685303 72.237907410 283.410888672 273.510101318 20.548421860 430.167999268 263.016784668 288.088897705 4.473510265 417.087524414 0.331276089 416.811706543 -275.380432129 348.547332764 -272.550079346 327.872833252 -303.609741211 -59.479400635 -299.197204590 318.282989502 -315.476440430 -255.603500366 -318.572479248 -94.489051819 -316.061981201 -280.811676025 -312.016845703 -289.500457764 57.125186920 -455.439971924 68.767509460 -460.554718018 289.636260986 -333.262329102 288.720458984 -329.239166260 314.731140137 -336.666412354 839.584167480 130.716293335 625.070800781 610.705810547 25.429702759 982.702148438 -655.256225586 783.899597168 -815.436889648 -119.655036926 -754.935424805 -586.521728516 137.815216064 -973.171142578 679.921936035 -779.758117676
403.766235352 66.258659363 397.821411133 72.111915588 283.623443604 274.205718994 20.771390915 431.149841309 263.292205811 288.761810303 4.739799500 418.085845947 0.608718276 417.808807373 -275.992248535 349.003112793 -273.167846680 328.377136230 -304.371734619 -59.634502411 -299.756042480 318.821136475 -316.059417725 -256.379577637 -319.315887451 -94.554946899 -316.666656494 -281.529876709 -312.640289307 -290.196838379 57.127986908 -456.500823975 68.735107422 -461.603240967 290.254150391 -334.131347656 289.338684082 -330.116912842 315.287322998 -337.538146973 838.816162109 130.253601074 624.149475098 610.383300781 25.673440933 981.737915039 -655.076660156 782.740417480 -814.724060059 -119.270065308 -754.080383301 -585.959838867 137.643661499 -972.238769531 679.315856934 -778.889770508
404.643981934 66.151573181 398.709014893 71.986480713 283.847869873 274.905395508 20.990495682 432.132019043 263.579864502 289.437927246 5.002467155 419.084716797 0.882603109 418.806488037 -276.621002197 349.447052002 -273.803100586 328.869934082 -305.141662598 -59.766742706 -300.333312988 319.348266602 -316.663726807 -257.146942139 -320.065368652 -94.597976685 -317.292419434 -282.238464355 -313.284545898 -290.883178711 57.143642426 -457.560302734 68.715423584 -462.650726318 290.884460449 -334.989013672 289.969360352 -330.983398438 315.856140137 -338.399078369 838.023986816 129.820724487 623.260742188 610.031982422 25.882417679 980.756103516 -654.921264648 781.588378906 -814.026855469 -118.850303650 -753.255615234 -585.372436523 137.507461548 -971.288513184 678.732849121 -777.988037109
405.521209717 66.046806335 399.596130371 71.863273621 284.085876465 275.608215332 21.204103470 433.114440918 263.881439209 290.116210938 5.259912014 420.084045410 1.151339889 419.804656982 -277.266326904 349.880340576 -274.455474854 329.352355957 -305.918670654 -59.875988007 -300.928588867 319.865447998 -317.289276123 -257.904663086 -320.820098877 -94.618148804 -317.939056396 -282.936584473 -313.949432373 -291.558593750 57.173240662 -458.617828369 68.709541321 -463.696594238 291.527496338 -335.834320068 290.612792969 -331.837646484 316.437927246 -339.248168945 837.208068848 129.418167114 622.404846191 609.652709961 26.056184769 979.757202148 -654.785034180 780.445922852 -813.345642090 -118.395835876 -752.460632324 -584.759582520 137.407180786 -970.320983887 678.173889160 -777.053527832
406.397583008 65.945976257 400.482543945 71.743888855 284.339050293 276.313171387 21.410659790 434.096984863 264.198425293 290.795562744 5.510612488 421.083801270 1.413413644 420.803344727 -277.927825928 350.304351807 -275.124450684 329.825744629 -306.701965332 -59.962162018 -301.541290283 320.373962402 -317.935974121 -258.651855469 -321.579193115 -94.615516663 -318.606323242 -283.623291016 -314.634643555 -292.222167969 57.217788696 -459.672790527 68.718505859 -464.740264893 292.183502197 -336.666198730 291.269287109 -332.678558350 317.032989502 -340.084381104 836.368774414 129.046463013 621.581787109 609.246459961 26.194263458 978.741699219 -654.662719727 779.315185547 -812.680908203 -117.906700134 -751.695129395 -584.121398926 137.343399048 -969.337097168 677.640014648 -776.086914062
407.272796631 65.850608826 401.367889404 71.629844666 284.608612061 277.019348145 21.608690262 435.079498291 264.532012939 291.474975586 5.753111839 422.083862305 1.667374492 421.802368164 -278.604949951 350.720642090 -275.809478760 330.291625977 -307.490692139 -60.025222778 -302.170684814 320.875305176 -318.603454590 -259.387634277 -322.341979980 -94.590202332 -319.293945312 -284.297760010 -315.339843750 -292.873138428 57.278228760 -460.724487305 68.743255615 -465.781097412 292.852661133 -337.483673096 291.938964844 -333.505157471 317.641510010 -340.906707764 835.506652832 128.706192017 620.791564941 608.814025879 26.296163559 977.710205078 -654.549133301 778.198242188 -812.033264160 -117.382942200 -750.958557129 -583.457885742 137.316696167 -968.337646484 677.132324219 -775.089050293
408.146484375 65.762153625 402.251892090 71.522575378 284.895782471 277.725677490 21.796789169 436.061767578 264.883270264 292.153289795 5.986022949 423.084106445 1.911839962 422.801696777 -279.297088623 351.130798340 -276.509826660 330.751556396 -308.284027100 -60.065181732 -302.816070557 321.371002197 -319.291473389 -260.111175537 -323.107635498 -94.542343140 -320.001434326 -284.959228516 -316.064544678 -293.510650635 57.355426788 -461.772308350 68.784683228 -466.818420410 293.535095215 -338.285736084 292.621978760 -334.316436768 318.263610840 -341.714111328 834.622192383 128.397964478 620.033874512 608.356079102 26.361385345 976.663391113 -654.439025879 777.096862793 -811.403381348 -116.824638367 -750.250671387 -582.769104004 137.327636719 -967.323791504 676.651916504 -774.060974121
409.018280029 65.681991577 403.134185791 71.423454285 285.201416016 278.431152344 21.973609924 437.043518066 265.253021240 292.829467773 6.208014965 424.084320068 2.145482302 423.801055908 -280.003509521 351.536560059 -277.224761963 331.207183838 -309.081207275 -60.082077026 -303.476501465 321.862670898 -319.999572754 -260.821716309 -323.875335693 -94.472076416 -320.728393555 -285.606872559 -316.808288574 -294.134002686 57.450180054 -462.815521240 68.843620300 -467.851593018 294.230773926 -339.071411133 293.318328857 -335.111480713 318.899414062 -342.505645752 833.715942383 128.122421265 619.308532715 607.873229980 26.389431000 975.602050781 -654.327392578 776.012512207 -810.790771484 -116.232917786 -749.571166992 -582.054870605 137.376724243 -966.296752930 676.199890137 -773.003967285
409.887756348 65.611457825 404.014434814 71.333816528 285.526275635 279.134674072 22.137880325 438.024475098 265.641906738 293.502380371 6.417815208 425.084259033 2.367029667 424.800292969 -280.723510742 351.939605713 -277.953399658 331.660247803 -309.881378174 -60.076042175 -304.151062012 322.352081299 -320.727325439 -261.518463135 -324.644317627 -94.379661560 -321.474243164 -286.239959717 -317.570526123 -294.742492676 57.563209534 -463.853424072 68.920799255 -468.879852295 294.939697266 -339.839843750 294.027984619 -335.889373779 319.548858643 -343.280364990 832.788757324 127.880195618 618.615173340 607.366088867 26.379816055 974.527160645 -654.209167480 774.946899414 -810.193420410 -115.610466003 -748.919677734 -581.314941406 137.464416504 -965.257873535 675.777404785 -771.919311523
410.754547119 65.551795959 404.892242432 71.254898071 285.870941162 279.835205078 22.288385391 439.004302979 266.050354004 294.170959473 6.614208698 426.083648682 2.575265884 425.799102783 -281.456176758 352.341796875 -278.694824219 332.112518311 -310.683898926 -60.047409058 -304.838684082 322.840942383 -321.474243164 -262.200714111 -325.413848877 -94.265464783 -322.238464355 -286.857849121 -318.350677490 -295.335388184 57.695156097 -464.885314941 69.016906738 -469.902526855 295.661712646 -340.590179443 294.750823975 -336.649261475 320.211883545 -344.037414551 831.841186523 127.671943665 617.953491211 606.835021973 26.332080841 973.439636230 -654.079772949 773.901611328 -809.608886719 -114.959869385 -748.296142578 -580.549255371 137.591125488 -964.208618164 675.385559082 -770.808654785
411.618133545 65.504196167 405.767120361 71.187896729 286.235809326 280.531677246 22.423982620 439.982574463 266.478698730 294.834167480 6.796041012 427.082122803 2.769034386 426.797149658 -282.200622559 352.744903564 -279.447998047 332.565795898 -311.487976074 -59.996585846 -305.538269043 323.331085205 -322.239776611 -262.867767334 -326.183197021 -94.129974365 -323.020446777 -287.459808350 -319.148101807 -295.912048340 57.846588135 -465.910430908 69.132522583 -470.918914795 296.396636963 -341.321655273 295.486724854 -337.390350342 320.888305664 -344.775970459 830.874206543 127.498336792 617.323181152 606.280395508 26.245800018 972.340637207 -653.934631348 772.878540039 -809.034240723 -114.283622742 -747.700317383 -579.757446289 137.757171631 -963.150695801 675.025390625 -769.673645020
412.478027344 65.469779968 406.638671875 71.133949280 286.621154785 281.223052979 22.543598175 440.958862305 266.927124023 295.490905762 6.962220192 428.079315186 2.947237968 427.794067383 -282.955780029 353.150817871 -280.211853027 333.021911621 -312.292816162 -59.924091339 -306.248565674 323.824340820 -323.023468018 -263.518920898 -326.951660156 -93.973762512 -323.819641113 -288.045196533 -319.962249756 -296.471893311 58.017982483 -466.928070068 69.268173218 -471.928283691 297.144256592 -342.033508301 296.235382080 -338.111968994 321.577972412 -345.495269775 829.888793945 127.360023499 616.723937988 605.702453613 26.120590210 971.231445312 -653.769592285 771.879272461 -808.466308594 -113.584220886 -747.132263184 -578.939270020 137.962768555 -962.085937500 674.697998047 -768.516113281
413.333709717 65.449615479 407.506347656 71.094116211 287.027130127 281.908325195 22.646228790 441.932678223 267.395599365 296.140228271 7.111718655 429.074768066 3.108842850 428.789398193 -283.720581055 353.561401367 -280.985168457 333.482727051 -313.097656250 -59.830528259 -306.968322754 324.322540283 -323.824676514 -264.153564453 -327.718505859 -93.797477722 -324.635375977 -288.613433838 -320.792419434 -297.014312744 58.209743500 -467.937561035 69.424285889 -472.929901123 297.904296875 -342.725158691 296.996551514 -338.813446045 322.280548096 -346.194702148 828.885864258 127.257637024 616.155456543 605.101440430 25.956130981 970.113342285 -653.580810547 770.905334473 -807.901428223 -112.864204407 -746.591857910 -578.094360352 138.208023071 -961.016174316 674.404296875 -767.337951660
414.184631348 65.444694519 408.369598389 71.069412231 287.453735352 282.586425781 22.730949402 442.903472900 267.884063721 296.781097412 7.243577480 430.068023682 3.252882004 429.782714844 -284.493865967 353.978485107 -281.766723633 333.950042725 -313.901794434 -59.716579437 -307.696197510 324.827514648 -324.642852783 -264.771026611 -328.483154297 -93.601799011 -325.467071533 -289.163909912 -321.638000488 -297.538696289 58.422180176 -468.938171387 69.601203918 -473.923156738 298.676361084 -343.396057129 297.769897461 -339.494262695 322.995788574 -346.873657227 827.866638184 127.191787720 615.617553711 604.477478027 25.752168655 968.987792969 -653.364807129 769.958190918 -807.335327148 -112.126274109 -746.079284668 -577.222351074 138.492965698 -959.943481445 674.145080566 -766.141296387
415.030151367 65.455940247 409.227874756 71.060775757 287.900909424 283.256439209 22.796913147 443.870758057 268.392395020 297.412567139 7.356909275 431.058593750 3.378459215 430.773529053 -285.274353027 354.403869629 -282.555175781 334.425659180 -314.704467773 -59.582996368 -308.430694580 325.341003418 -325.477416992 -265.370697021 -329.244934082 -93.387489319 -326.314056396 -289.696014404 -322.498321533 -298.044494629 58.655513763 -469.929260254 69.799194336 -474.907348633 299.460083008 -344.045745850 298.555023193 -340.153961182 323.723297119 -347.531646729 826.832458496 127.163055420 615.110107422 603.830627441 25.508525848 967.856506348 -653.118347168 769.039306641 -806.763122559 -111.373435974 -745.594604492 -576.322937012 138.817443848 -958.869873047 673.921264648 -764.928222656
415.869659424 65.484214783 410.080566406 71.069091797 288.368530273 283.917388916 22.843349457 444.833923340 268.920288086 298.033752441 7.450904369 432.045928955 3.484752417 431.761260986 -286.060729980 354.839355469 -283.349090576 334.911346436 -315.505065918 -59.430603027 -309.170318604 325.864746094 -326.327789307 -265.951995850 -330.003265381 -93.155334473 -327.175689697 -290.209228516 -323.372741699 -298.531188965 58.909889221 -470.910278320 70.018424988 -475.881866455 300.255065918 -344.673950195 299.351562500 -340.792236328 324.462707520 -348.168334961 825.784667969 127.171966553 614.632995605 603.160827637 25.225116730 966.721069336 -652.840454102 768.149780273 -806.179382324 -110.609169006 -745.138122559 -575.395629883 139.181243896 -957.797607422 673.733398438 -763.700805664
416.702545166 65.530281067 410.927062988 71.095146179 288.856323242 284.568328857 22.869579315 445.792388916 269.467437744 298.643707275 7.524832249 433.029449463 3.571020365 432.745452881 -286.851562500 355.286590576 -284.147064209 335.408691406 -316.302856445 -59.260299683 -309.913543701 326.400360107 -327.193359375 -266.514312744 -330.757537842 -92.906181335 -328.051330566 -290.702941895 -324.260589600 -298.998229980 59.185359955 -471.880615234 70.258987427 -476.846160889 301.060913086 -345.280364990 300.159088135 -341.408782959 325.213592529 -348.783416748 824.724914551 127.218986511 614.186218262 602.468139648 24.901956558 965.583312988 -652.531982422 767.289855957 -805.577697754 -109.837677002 -744.710144043 -574.440124512 139.583984375 -956.728820801 673.582153320 -762.461181641
417.528167725 65.594841003 411.766723633 71.139656067 289.364013672 285.208343506 22.875013351 446.745544434 270.033477783 299.241638184 7.578047752 434.008636475 3.636603594 433.725463867 -287.645568848 355.747039795 -284.947723389 335.919158936 -317.097229004 -59.073093414 -310.658905029 326.949188232 -328.073516846 -267.057067871 -331.507141113 -92.640960693 -328.940307617 -291.176666260 -325.161163330 -299.445129395 59.481891632 -472.839782715 70.520881653 -477.799713135 301.877166748 -345.864929199 300.977142334 -342.003509521 325.975524902 -349.376708984 823.654724121 127.304512024 613.769836426 601.752441406 24.539155960 964.445068359 -652.193786621 766.459594727 -804.950927734 -109.064140320 -744.310974121 -573.456115723 140.025207520 -955.665710449 673.467956543 -761.211608887
418.345825195 65.678504944 412.598907471 71.203269958 289.891235352 285.836578369 22.859148026 447.692871094 270.618011475 299.826721191 7.609992027 434.982940674 3.680929899 434.700805664 -288.441467285 356.221893311 -285.749694824 336.443939209 -317.887512207 -58.870124817 -311.405029297 327.512451172 -328.967651367 -267.579681396 -332.251556396 -92.360710144 -329.841979980 -291.629821777 -326.073852539 -299.871337891 59.799377441 -473.787353516 70.804031372 -478.742065430 302.703399658 -346.427551270 301.805297852 -342.576385498 326.748138428 -349.948211670 822.575927734 127.428848267 613.383911133 601.013610840 24.136940002 963.308349609 -651.826599121 765.658996582 -804.291625977 -108.294906616 -743.941162109 -572.443237305 140.504318237 -954.610473633 673.391235352 -759.953979492
419.154968262 65.781784058 413.423034668 71.286537170 290.437652588 286.452178955 22.821575165 448.633758545 271.220520020 300.398101807 7.620195866 435.951782227 3.703515291 435.670928955 -289.237945557 356.712280273 -286.551727295 336.984039307 -318.673126221 -58.652721405 -312.150543213 328.091033936 -329.875091553 -268.081573486 -332.990203857 -92.066612244 -330.755645752 -292.061950684 -326.997924805 -300.276397705 60.137641907 -474.723022461 71.108283997 -479.672912598 303.539184570 -346.968383789 302.643188477 -343.127471924 327.530944824 -350.497894287 821.490417480 127.592216492 613.028808594 600.251647949 23.695634842 962.175109863 -651.431091309 764.887695312 -803.592651367 -107.537513733 -743.601196289 -571.401306152 141.020645142 -953.565246582 673.351501465 -758.690429688
419.954895020 65.905105591 414.238403320 71.389915466 291.002777100 287.054290771 22.761978149 449.567687988 271.840545654 300.955078125 7.608280182 436.914611816 3.703965902 436.635253906 -290.033782959 357.218994141 -287.352539062 337.540313721 -319.453399658 -58.422443390 -312.894134521 328.685760498 -330.795196533 -268.562225342 -333.722534180 -91.760063171 -331.680603027 -292.472473145 -327.932678223 -300.659820557 60.496433258 -475.646484375 71.433425903 -480.591949463 304.384094238 -347.487579346 303.490325928 -343.656951904 328.323547363 -351.026000977 820.400146484 127.794738770 612.704772949 599.466308594 23.215675354 961.047363281 -651.007812500 764.145507812 -802.854431152 -106.793716431 -743.289001465 -570.330810547 141.573410034 -952.531982422 673.345275879 -757.422973633
420.745056152 66.048820496 415.044494629 71.513778687 291.586212158 287.642150879 22.680135727 450.494171143 272.477569580 301.496887207 7.573957443 437.871002197 3.681978941 437.593322754 -290.827789307 357.742767334 -288.150970459 338.113403320 -320.227813721 -58.180831909 -313.634582520 329.297241211 -331.727264404 -269.021148682 -334.448028564 -91.442420959 -332.616119385 -292.861053467 -328.877349854 -301.021209717 60.875446320 -476.557586670 71.779159546 -481.498931885 305.237640381 -347.985534668 304.346282959 -344.165252686 329.125488281 -351.532806396 819.307128906 128.036422729 612.412170410 598.657653809 22.697595596 959.927062988 -650.557128906 763.432006836 -802.078125000 -106.065467834 -742.999450684 -569.233093262 142.161773682 -951.512756348 673.368957520 -756.153015137
421.524871826 66.213172913 415.840728760 71.658409119 292.187408447 288.214965820 22.575912476 451.412689209 273.131042480 302.022796631 7.517029762 438.820434570 3.637340546 438.544677734 -291.618804932 358.284118652 -288.945770264 338.703857422 -320.995849609 -57.929420471 -314.370697021 329.925872803 -332.670410156 -269.458068848 -335.166290283 -91.115066528 -333.561340332 -293.227416992 -329.831115723 -301.360351562 61.274318695 -477.456237793 72.145156860 -482.393829346 306.099365234 -348.462799072 305.210510254 -344.652832031 329.936187744 -352.018890381 818.213562012 128.317169189 612.151489258 597.825500488 22.142024994 958.816284180 -650.079406738 762.746887207 -801.265136719 -105.354904175 -742.726806641 -568.109313965 142.783050537 -950.508361816 673.418579102 -754.881896973
422.293853760 66.398323059 416.626586914 71.823997498 292.805877686 288.771972656 22.449260712 452.322875977 273.800354004 302.532165527 7.437386036 439.762481689 3.569925308 439.488891602 -292.405700684 358.843475342 -289.735900879 339.311981201 -321.757110596 -57.669750214 -315.101287842 330.571990967 -333.623718262 -269.872833252 -335.876953125 -90.779388428 -334.515289307 -293.571472168 -330.793029785 -301.677185059 61.692581177 -478.342437744 72.530952454 -483.276580811 306.968688965 -348.920043945 306.082458496 -345.120391846 330.755126953 -352.484832764 817.121459961 128.636764526 611.923278809 596.969909668 21.549676895 957.716918945 -649.574768066 762.089660645 -800.417053223 -104.664154053 -742.464904785 -566.961181641 143.433563232 -949.518615723 673.489807129 -753.610473633
423.051574707 66.604331970 417.401611328 72.010658264 293.441070557 289.312438965 22.300214767 453.224395752 274.484985352 303.024291992 7.334999561 440.696807861 3.479691505 440.425567627 -293.187377930 359.421112061 -290.520202637 339.938079834 -322.511230469 -57.403377533 -315.825317383 331.235778809 -334.586120605 -270.265563965 -336.579772949 -90.436805725 -335.476989746 -293.893341064 -331.762084961 -301.971832275 62.129619598 -479.216369629 72.935943604 -484.147308350 307.845092773 -349.358032227 306.961639404 -345.568725586 331.581726074 -352.931427002 816.032958984 128.994903564 611.728210449 596.090942383 20.921339035 956.630859375 -649.043457031 761.460021973 -799.535583496 -103.995239258 -742.206848145 -565.791320801 144.109634399 -948.542968750 673.578125000 -752.339355469
423.797607422 66.831199646 418.165405273 72.218399048 294.092376709 289.835693359 22.128887177 454.116943359 275.184265137 303.498596191 7.209921837 441.623107910 3.366677284 441.354431152 -293.962738037 360.017181396 -291.297637939 340.582275391 -323.257904053 -57.131877899 -316.541687012 331.917297363 -335.556488037 -270.636535645 -337.274536133 -90.088745117 -336.445312500 -294.193359375 -332.737243652 -302.244628906 62.584732056 -480.078186035 73.359428406 -485.006225586 308.728027344 -349.777740479 307.847503662 -345.998748779 332.415405273 -353.359619141 814.950195312 129.391159058 611.566894531 595.188781738 20.257867813 955.559997559 -648.485473633 760.857604980 -798.622497559 -103.350013733 -741.944885254 -564.602294922 144.807601929 -947.580444336 673.678466797 -751.068969727
424.531646729 67.078819275 418.917663574 72.447174072 294.759246826 290.341033936 21.935464859 455.000335693 275.897552490 303.954467773 7.062281609 442.541168213 3.230997324 442.275268555 -294.730804443 360.631774902 -292.067230225 341.244598389 -323.996917725 -56.856815338 -317.249359131 332.616516113 -336.533660889 -270.986267090 -337.961059570 -89.736663818 -337.419158936 -294.472015381 -333.717376709 -302.496124268 63.057125092 -480.928253174 73.800613403 -485.853576660 309.617034912 -350.180175781 308.739532471 -346.411499023 333.255645752 -353.770385742 813.875305176 129.825027466 611.440063477 594.263610840 19.560173035 954.506103516 -647.900695801 760.282287598 -797.679382324 -102.730148315 -741.670288086 -563.397033691 145.523712158 -946.629882812 673.785400391 -749.799682617
425.253479004 67.347030640 419.658111572 72.696823120 295.440979004 290.827819824 21.720193863 455.874420166 276.624237061 304.391326904 6.892276287 443.450836182 3.072836637 443.187896729 -295.490570068 361.264831543 -292.827972412 341.925079346 -324.728118896 -56.579761505 -317.947418213 333.333343506 -337.516387939 -271.315551758 -338.639312744 -89.382019043 -338.397369385 -294.730133057 -334.701354980 -302.727050781 63.545940399 -481.766967773 74.258621216 -486.689819336 310.511627197 -350.566497803 309.637237549 -346.808135986 334.101928711 -354.164916992 812.810302734 130.295898438 611.345703125 593.316162109 18.829217911 953.470764160 -647.289062500 759.733825684 -796.708007812 -102.137168884 -741.373657227 -562.178771973 146.254135132 -945.689514160 673.893005371 -748.531677246
425.962921143 67.635589600 420.386596680 72.967163086 296.136901855 291.295501709 21.483383179 456.739166260 277.363525391 304.808746338 6.700165272 444.351989746 2.892443895 444.092193604 -296.240997314 361.916320801 -293.578887939 342.623535156 -325.451385498 -56.302265167 -318.634826660 334.067596436 -338.503326416 -271.625457764 -339.309234619 -89.026245117 -339.378662109 -294.968719482 -335.688018799 -302.938476562 64.050270081 -482.594909668 74.732528687 -487.515411377 311.411285400 -350.938018799 310.540130615 -347.189971924 334.953704834 -354.544494629 811.757141113 130.803070068 611.280517578 592.346984863 18.066007614 952.455627441 -646.650329590 759.212158203 -795.710021973 -101.572441101 -741.045104980 -560.951232910 146.994903564 -944.757385254 673.994812012 -747.265319824
426.659942627 67.944206238 421.103027344 73.257896423 296.846160889 291.743682861 21.225389481 457.594635010 278.114654541 305.206359863 6.486263275 445.244689941 2.690124512 444.988250732 -296.981201172 362.586090088 -294.319091797 343.339843750 -326.166687012 -56.025844574 -319.310760498 334.819091797 -339.493072510 -271.917236328 -339.970886230 -88.670776367 -340.361785889 -295.188995361 -336.676086426 -303.131561279 64.569168091 -483.412628174 75.221382141 -488.330963135 312.315643311 -351.296142578 311.447784424 -347.558410645 335.810485840 -354.910552979 810.717773438 131.345779419 611.241088867 591.356506348 17.271593094 951.462280273 -645.984313965 758.717224121 -794.686889648 -101.037216187 -740.675842285 -559.718811035 147.741760254 -943.831176758 674.083923340 -746.001464844
427.344604492 68.272521973 421.807434082 73.568710327 297.567871094 292.172058105 20.946617126 458.440948486 278.876678467 305.583923340 6.250936508 446.128997803 2.466236591 445.876068115 -297.710235596 363.273895264 -295.047637939 344.073822021 -326.873931885 -55.751998901 -319.974273682 335.587493896 -340.484191895 -272.192443848 -340.624298096 -88.317047119 -341.345397949 -295.392486572 -337.664337158 -303.307861328 65.101638794 -484.220886230 75.724143982 -489.137145996 313.224273682 -351.642517090 312.359741211 -347.915069580 336.671813965 -355.264678955 809.694030762 131.923202515 611.223754883 590.344970703 16.448816299 950.490661621 -645.290771484 758.249206543 -793.640380859 -100.532623291 -740.266052246 -558.483459473 148.490127563 -942.908508301 674.153381348 -744.741210938
428.016998291 68.620147705 422.499908447 73.899230957 298.301025391 292.580352783 20.647584915 459.278350830 279.648681641 305.941314697 5.994676113 447.005126953 2.221263647 446.755859375 -298.427154541 363.979553223 -295.763671875 344.825195312 -327.573181152 -55.482189178 -320.624481201 336.372558594 -341.475280762 -272.452667236 -341.269592285 -87.966423035 -342.328216553 -295.580688477 -338.651550293 -303.468811035 65.646659851 -485.020507812 76.239768982 -489.934814453 314.136688232 -351.978851318 313.275604248 -348.261749268 337.537200928 -355.608703613 808.686096191 132.531494141 611.224548340 589.312622070 15.602049828 949.539123535 -644.569396973 757.808227539 -792.572082520 -100.059700012 -739.815979004 -557.247314453 149.235107422 -941.986694336 674.196411133 -743.486389160
428.677368164 68.986526489 423.180694580 74.248916626 299.044616699 292.968475342 20.328968048 460.107177734 280.429687500 306.278411865 5.718144417 447.873321533 1.955866098 447.627899170 -299.131134033 364.702758789 -296.466339111 345.593658447 -328.264404297 -55.217834473 -321.260589600 337.173858643 -342.465026855 -272.699371338 -341.906890869 -87.620285034 -343.309082031 -295.755065918 -339.636535645 -303.615844727 66.203140259 -485.812438965 76.767143250 -490.724884033 315.052520752 -352.307189941 314.194915771 -348.600372314 338.406127930 -355.944580078 807.693298340 133.166503906 611.239196777 588.259765625 14.735717773 948.605712891 -643.820007324 757.394653320 -791.483459473 -99.619377136 -739.325927734 -556.012451172 149.971313477 -941.063171387 674.206848145 -742.239379883
429.326141357 69.371009827 423.850097656 74.617111206 299.797576904 293.336364746 19.991575241 460.927795410 281.218688965 306.595245361 5.422151566 448.733947754 1.670854568 448.492523193 -299.821258545 365.443237305 -297.154754639 346.378936768 -328.947723389 -54.960300446 -321.881774902 337.991088867 -343.452209473 -272.934051514 -342.536376953 -87.279945374 -344.286834717 -295.917022705 -340.618255615 -303.750427246 66.769958496 -486.597747803 77.305068970 -491.508392334 315.971343994 -352.629577637 315.117248535 -348.933135986 339.278106689 -356.274475098 806.714904785 133.824050903 611.263061523 587.187316895 13.854350090 947.687927246 -643.042358398 757.008911133 -790.376281738 -99.212516785 -738.796264648 -554.780883789 150.693099976 -940.135559082 674.179504395 -741.002258301
429.963714600 69.772811890 424.508544922 75.003028870 300.558776855 293.684112549 19.636329651 461.740722656 282.014617920 306.891967773 5.107637882 449.587524414 1.367172599 449.350158691 -300.496643066 366.200592041 -297.828094482 347.180664062 -329.623168945 -54.710926056 -322.487182617 338.823791504 -344.435577393 -273.158142090 -343.158203125 -86.946708679 -345.260375977 -296.068023682 -341.595611572 -303.873901367 67.345886230 -487.377624512 77.852310181 -492.286529541 316.892669678 -352.948303223 316.042053223 -349.262237549 340.152587891 -356.600616455 805.749633789 134.499801636 611.290832520 586.096374512 12.962648392 946.782897949 -642.236206055 756.651428223 -789.252014160 -98.839897156 -738.227539062 -553.554626465 151.394607544 -939.201965332 674.114501953 -739.777282715
430.590698242 70.191078186 425.156646729 75.405822754 301.327087402 294.011962891 19.264259338 462.546630859 282.816467285 307.168823242 4.775660038 450.434539795 1.045884132 450.201416016 -301.156494141 366.974487305 -298.485565186 347.998443604 -330.290863037 -54.470985413 -323.076049805 339.671539307 -345.414062500 -273.373107910 -343.772644043 -86.621818542 -346.228637695 -296.209442139 -342.567626953 -303.987701416 67.929634094 -488.153350830 78.407516479 -493.060577393 317.816009521 -353.265533447 316.968902588 -349.589874268 341.029052734 -356.925262451 804.796081543 135.189300537 611.316833496 584.987670898 12.065553665 945.887573242 -641.401550293 756.322875977 -788.112304688 -98.502197266 -737.620300293 -552.335693359 152.070022583 -938.261047363 674.012145996 -738.566650391
431.207763672 70.624893188 425.794982910 75.824539185 302.101348877 294.320190430 18.876482010 463.346191406 283.623107910 307.426177979 4.427381992 451.275665283 0.708162189 451.046875000 -301.799957275 367.764526367 -299.126373291 348.831878662 -330.950927734 -54.241710663 -323.647644043 340.533874512 -346.386474609 -273.580261230 -344.379882812 -86.306495667 -347.190582275 -296.342681885 -343.533294678 -304.093200684 68.519813538 -488.926422119 78.969238281 -493.831970215 318.740997314 -353.583374023 317.897369385 -349.918151855 341.907012939 -357.250518799 803.852355957 135.887863159 611.334411621 583.862243652 11.168299675 944.998718262 -640.538391113 756.023986816 -786.958801270 -98.200042725 -736.975158691 -551.125976562 152.714172363 -937.311889648 673.873046875 -737.372619629
431.815734863 71.073287964 426.424377441 76.258178711 302.880340576 294.609313965 18.474214554 464.140258789 284.433441162 307.664520264 4.064077854 452.111724854 0.355294198 451.887329102 -302.426239014 368.570220947 -299.749694824 349.680572510 -331.603515625 -54.024288177 -324.201202393 341.410308838 -347.351776123 -273.781005859 -344.980224609 -86.001914978 -348.145294189 -296.469024658 -344.491699219 -304.191680908 69.114959717 -489.698272705 79.535957336 -494.602142334 319.667175293 -353.903961182 318.827026367 -350.249237061 342.786010742 -357.578521729 802.916748047 136.590637207 611.336486816 582.721130371 10.276422501 944.112976074 -639.646789551 755.755432129 -785.793090820 -97.933967590 -736.293273926 -549.927978516 153.322555542 -936.353881836 673.697875977 -736.197387695
432.415527344 71.535232544 427.045684814 76.705711365 303.662811279 294.879913330 18.058771133 464.929748535 285.246307373 307.884429932 3.687129974 452.943603516 -0.011322363 452.723693848 -303.034545898 369.391174316 -300.354827881 350.544006348 -332.248779297 -53.819843292 -324.736022949 342.300323486 -348.308929443 -273.976684570 -345.573944092 -85.709197998 -349.091796875 -296.589843750 -345.441955566 -304.284545898 69.713523865 -490.470367432 80.106063843 -495.372589111 320.594177246 -354.229309082 319.757415771 -350.585113525 343.665588379 -357.911346436 801.987182617 137.292434692 611.315185547 581.565734863 9.395723343 943.227172852 -638.727111816 755.518127441 -784.616699219 -97.704452515 -735.575500488 -548.743896484 153.891342163 -935.387390137 673.487426758 -735.043151855
433.008087158 72.009666443 427.659912109 77.166007996 304.447448730 295.132690430 17.631565094 465.715728760 286.060516357 308.086639404 3.298039913 453.772277832 -0.390167207 453.556915283 -303.624084473 370.226837158 -300.940979004 351.421691895 -332.886901855 -53.629455566 -325.251403809 343.203369141 -349.257080078 -274.168640137 -346.161376953 -85.429443359 -350.029296875 -296.706542969 -346.383300781 -304.373138428 70.313880920 -491.244262695 80.677886963 -496.144805908 321.521606445 -354.561370850 320.688201904 -350.927764893 344.545288086 -358.251007080 801.061828613 137.987915039 611.262268066 580.397949219 8.532146454 942.338439941 -637.779785156 755.312927246 -783.431213379 -97.511894226 -734.822937012 -547.575683594 154.419677734 -934.414672852 673.242553711 -733.912048340
433.594604492 72.495452881 428.268188477 77.637901306 305.232849121 295.368530273 17.194129944 466.499420166 286.874816895 308.272003174 2.898429871 454.598907471 -0.779597878 454.388153076 -304.194152832 371.076660156 -301.507507324 352.313110352 -333.518035889 -53.454154968 -325.746734619 344.118835449 -350.195373535 -274.358245850 -346.742797852 -85.163696289 -350.957031250 -296.820434570 -347.314971924 -304.458831787 70.914482117 -492.021362305 81.249816895 -496.920257568 322.449035645 -354.902099609 321.618896484 -351.279144287 345.424652100 -358.599395752 800.138977051 138.671539307 611.170837402 579.220214844 7.691177845 941.443969727 -636.805480957 755.140319824 -782.238281250 -97.356628418 -734.036499023 -546.425170898 154.906860352 -933.438049316 672.964233398 -732.806152344
434.176300049 72.991424561 428.871673584 78.120178223 306.017608643 295.588439941 16.748088837 467.281921387 287.687896729 308.441558838 2.490027428 455.424621582 -1.177865148 455.218505859 -304.744079590 371.940093994 -302.053741455 353.217651367 -334.142395020 -53.294914246 -326.221405029 345.046112061 -351.123046875 -274.546783447 -347.318542480 -84.912956238 -351.874359131 -296.932861328 -348.236389160 -304.542938232 71.513778687 -492.803131104 81.820266724 -497.700317383 323.376037598 -355.253387451 322.549133301 -351.641113281 346.303253174 -358.958465576 799.217163086 139.337738037 611.040710449 578.034851074 6.877751827 940.541198730 -635.805664062 754.997619629 -781.039489746 -97.238914490 -733.217224121 -545.293884277 155.352294922 -932.460021973 672.653625488 -731.727661133
434.754486084 73.496315002 429.471710205 78.611518860 306.800384521 295.793487549 16.295148849 468.064514160 288.498565674 308.596282959 2.074647903 456.250579834 -1.583130598 456.049133301 -305.273345947 372.816406250 -302.579162598 354.134613037 -334.760162354 -53.152667999 -326.674987793 345.984466553 -352.039459229 -274.735595703 -347.888977051 -84.678199768 -352.780670166 -297.045166016 -349.146972656 -304.626800537 72.110275269 -493.590972900 82.387695312 -498.486419678 324.302185059 -355.616973877 323.478393555 -352.015441895 347.180541992 -359.329986572 798.295410156 139.981109619 610.871765137 576.844177246 6.096525669 939.628234863 -634.781616211 754.881774902 -779.836303711 -97.158973694 -732.366027832 -544.183349609 155.755493164 -931.483032227 672.311950684 -730.678466797
435.330566406 74.008804321 430.069732666 79.110549927 307.579864502 295.984680176 15.837098122 468.848297119 289.305603027 308.737182617 1.654185772 457.077880859 -1.993476629 456.881134033 -305.781524658 373.704742432 -303.083435059 355.063201904 -335.371490479 -53.028282166 -327.107147217 346.933074951 -352.944061279 -274.925964355 -348.454437256 -84.460365295 -353.675506592 -297.158660889 -350.046264648 -304.711730957 72.702499390 -494.386199951 82.950569153 -499.279876709 325.226989746 -355.994598389 324.406250000 -352.403869629 348.056060791 -359.715698242 797.372497559 140.597000122 610.664001465 575.650634766 5.351839542 938.703918457 -633.734924316 754.789916992 -778.630371094 -97.116935730 -731.483764648 -543.094787598 156.116119385 -930.509582520 671.940368652 -729.660400391
435.906036377 74.527496338 430.667114258 79.615829468 308.354827881 296.163085938 15.375794411 469.634490967 290.107940674 308.865356445 1.230610847 457.907684326 -2.406909943 457.715637207 -306.268341064 374.604217529 -303.566314697 356.002532959 -335.976562500 -52.922588348 -327.517791748 347.891052246 -353.836364746 -275.119110107 -349.015228271 -84.260353088 -354.558441162 -297.274566650 -350.933898926 -304.799011230 73.288993835 -495.190155029 83.507423401 -500.081939697 326.149963379 -356.387847900 325.332122803 -352.807922363 348.929199219 -360.117156982 796.447509766 141.181121826 610.417541504 574.456481934 4.646955490 937.768493652 -632.667541504 754.718750000 -777.423156738 -97.112884521 -730.571411133 -542.029418945 156.433959961 -929.542175293 671.539978027 -728.674072266
436.482238770 75.050949097 431.265319824 80.125839233 309.124053955 296.329803467 14.913135529 470.424255371 290.904418945 308.981842041 0.805925667 458.741119385 -2.821405649 458.553771973 -306.733764648 375.513854980 -304.027740479 356.951629639 -336.575500488 -52.836345673 -327.906829834 348.857482910 -354.715911865 -275.316253662 -349.571655273 -84.079010010 -355.429077148 -297.394195557 -351.809509277 -304.889892578 73.868347168 -496.003997803 84.056793213 -500.893829346 327.070495605 -356.798126221 326.255462646 -353.229003906 349.799377441 -360.535797119 795.520263672 141.729568481 610.132751465 573.264465332 3.982828856 936.823913574 -631.581115723 754.664855957 -776.216308594 -97.146842957 -729.629821777 -540.988403320 156.709289551 -928.582458496 671.111633301 -727.720092773
437.060638428 75.577644348 431.865753174 80.639015198 309.886505127 296.485900879 14.450963020 471.218780518 291.694091797 309.087799072 0.382066488 459.579315186 -3.235007048 459.396667480 -307.177764893 376.432617188 -304.467773438 357.909515381 -337.168426514 -52.770256042 -328.274414062 349.831359863 -355.582336426 -275.518615723 -350.124023438 -83.917167664 -356.287170410 -297.518676758 -352.672851562 -304.985565186 74.439193726 -496.828796387 84.597290039 -501.716583252 327.987945557 -357.226623535 327.175598145 -353.668365479 350.665924072 -360.972839355 794.591064453 142.238723755 609.809997559 572.077392578 3.360314608 935.872497559 -630.477111816 754.624572754 -775.011413574 -97.218765259 -728.659912109 -539.972656250 156.942489624 -927.631774902 670.656372070 -726.798767090
437.642669678 76.106025696 432.469848633 81.153739929 310.641143799 296.632659912 13.991068840 472.019195557 292.476043701 309.184356689 -0.039088197 460.423370361 -3.645817041 460.245391846 -307.600585938 377.359497070 -304.886596680 358.875152588 -337.755462646 -52.724960327 -328.620819092 350.811767578 -356.435394287 -275.727294922 -350.672546387 -83.775588989 -357.132476807 -297.649291992 -353.523742676 -305.087280273 75.000221252 -497.665527344 85.127586365 -502.551116943 328.901641846 -357.674438477 328.091857910 -354.127014160 351.528106689 -361.429229736 793.660766602 142.705322266 609.449890137 570.897460938 2.780162334 934.916381836 -629.356811523 754.593872070 -773.809997559 -97.328559875 -727.662475586 -538.983154297 157.134094238 -926.691101074 670.174926758 -725.910339355
438.229797363 76.634460449 433.079010010 81.668334961 311.387145996 296.771209717 13.535203934 472.826629639 293.249481201 309.272735596 -0.455712825 461.274291992 -4.051994324 461.100952148 -308.002441406 378.293365479 -305.284515381 359.847534180 -338.336700439 -52.701011658 -328.946319580 351.797637939 -357.274810791 -275.943420410 -351.217468262 -83.654998779 -357.964843750 -297.787109375 -354.362030029 -305.196136475 75.550186157 -498.514892578 85.646415710 -503.398132324 329.810852051 -358.142364502 329.003509521 -354.605773926 352.385223389 -361.905883789 792.731750488 143.128753662 609.052795410 569.726806641 2.243013144 933.957885742 -628.221618652 754.568237305 -772.613708496 -97.476051331 -726.638366699 -538.020751953 157.284698486 -925.761352539 669.668090820 -725.054931641
438.823455811 77.161361694 433.694702148 82.181167603 312.123718262 296.902923584 13.085082054 473.642150879 294.013732910 309.354278564 -0.866032541 462.133117676 -4.451750278 461.964385986 -308.383789062 379.233093262 -305.661987305 360.825531006 -338.912200928 -52.698886871 -329.251434326 352.787963867 -358.100372314 -276.168090820 -351.758972168 -83.556053162 -358.784118652 -297.933288574 -355.187622070 -305.313323975 76.087890625 -499.377471924 86.152572632 -504.258209229 330.714874268 -358.631103516 329.909851074 -355.105346680 353.236480713 -362.403411865 791.806579590 143.508651733 608.619384766 568.567199707 1.749393344 932.999328613 -627.072631836 754.542968750 -771.424194336 -97.661003113 -725.588500977 -537.086303711 157.394897461 -924.843322754 669.136657715 -724.232421875
439.425018311 77.685150146 434.318328857 82.690597534 312.850280762 297.028991699 12.642372131 474.466674805 294.768218994 309.430175781 -1.268324137 463.000762939 -4.843350887 462.836578369 -308.745086670 380.177612305 -306.019500732 361.808044434 -339.482025146 -52.718978882 -329.536651611 353.781707764 -358.911956787 -276.402343750 -352.297180176 -83.479339600 -359.590209961 -298.088928223 -356.000396729 -305.439910889 76.612220764 -500.253692627 86.644935608 -505.131713867 331.612945557 -359.141204834 330.810089111 -355.626251221 354.081115723 -362.922302246 790.887817383 143.844833374 608.150085449 567.420288086 1.299710035 932.043090820 -625.911071777 754.512512207 -770.243103027 -97.883102417 -724.513732910 -536.180541992 157.465362549 -923.937561035 668.581298828 -723.442871094
440.035827637 78.204269409 434.951171875 83.195053101 313.566223145 297.150726318 12.208704948 475.301208496 295.512451172 309.501739502 -1.660923481 463.878082275 -5.225122929 463.718353271 -309.086944580 381.125701904 -306.357666016 362.793975830 -340.046081543 -52.761562347 -329.802612305 354.777801514 -359.709442139 -276.647216797 -352.832183838 -83.425354004 -360.383087158 -298.255096436 -356.800415039 -305.577026367 77.122123718 -501.143859863 87.122451782 -506.018890381 332.504272461 -359.673034668 331.703460693 -356.168823242 354.918365479 -363.462890625 789.976989746 144.137664795 607.645568848 566.287475586 0.893757582 931.090515137 -624.738403320 754.470886230 -769.072204590 -98.141975403 -723.414978027 -535.304321289 157.496704102 -923.044555664 668.002441406 -722.686096191
440.657135010 78.717208862 435.594421387 83.692977905 314.271087646 297.269470215 11.785630226 476.146484375 296.246002197 309.570281982 -2.042255640 464.765747070 -5.595486641 464.610412598 -309.410125732 382.076141357 -306.677215576 363.782104492 -340.604431152 -52.826828003 -330.050079346 355.775146484 -360.492736816 -276.903656006 -353.364105225 -83.394515991 -361.162689209 -298.432800293 -357.587585449 -305.725677490 77.616615295 -502.048065186 87.584152222 -506.919860840 333.388122559 -360.226837158 332.589202881 -356.733337402 355.747436523 -364.025421143 789.075195312 144.387649536 607.106262207 565.170227051 0.531081080 930.142578125 -623.556030273 754.411376953 -767.913208008 -98.437126160 -722.293090820 -534.458251953 157.489547729 -922.164794922 667.400817871 -721.962036133
441.289978027 79.222518921 436.249145508 84.182907104 314.964477539 297.386474609 11.374609947 477.003082275 296.968566895 309.637054443 -2.410849810 465.664276123 -5.952967644 465.513244629 -309.715423584 383.027679443 -306.979064941 364.771209717 -341.157226562 -52.914859772 -330.279907227 356.772644043 -361.261779785 -277.172607422 -353.893005371 -83.387100220 -361.929046631 -298.623077393 -358.361999512 -305.886901855 78.094810486 -502.966369629 88.029144287 -507.834655762 334.263732910 -360.802764893 333.466613770 -357.319915771 356.567626953 -364.609893799 788.183471680 144.595428467 606.532897949 564.069641113 0.211147457 929.199951172 -622.365966797 754.326599121 -766.767944336 -98.767997742 -721.149108887 -533.643066406 157.444519043 -921.298583984 666.776733398 -721.270385742
441.935211182 79.718788147 436.916137695 84.663398743 315.646118164 297.503051758 10.977010727 477.871459961 297.679931641 309.703338623 -2.765341997 466.574066162 -6.296201706 466.427215576 -310.003845215 383.978973389 -307.264129639 365.760040283 -341.704650879 -53.025627136 -330.493041992 357.769012451 -362.016540527 -277.455047607 -354.418945312 -83.403305054 -362.682159424 -298.826904297 -359.123657227 -306.061706543 78.555870056 -503.898651123 88.456604004 -508.763092041 335.130371094 -361.400756836 334.334899902 -357.928527832 357.378143311 -365.216339111 787.302551270 144.761642456 605.925964355 562.986999512 -0.066626482 928.263305664 -621.170593262 754.208679199 -765.638366699 -99.133911133 -719.984008789 -532.859558105 157.362136841 -920.446166992 666.130676270 -720.611145020
442.593566895 80.204666138 437.596099854 85.133110046 316.315734863 297.620483398 10.594101906 478.751861572 298.379821777 309.770446777 -3.104476452 467.495269775 -6.623934746 467.352478027 -310.276519775 384.928649902 -307.533630371 366.747161865 -342.246948242 -53.159004211 -330.690673828 358.763061523 -362.756988525 -277.751770020 -354.941925049 -83.443176270 -363.422027588 -299.045227051 -359.872650146 -306.251068115 78.999038696 -504.844726562 88.865806580 -509.704956055 335.987304688 -362.020812988 335.193389893 -358.559082031 358.178314209 -365.844604492 786.433227539 144.887023926 605.286132812 561.923400879 -0.302849293 927.333129883 -619.972595215 754.052307129 -764.526367188 -99.534072876 -718.798889160 -532.108398438 157.242950439 -919.607788086 665.462951660 -719.984130859
443.265563965 80.678863525 438.289489746 85.590751648 316.973083496 297.740051270 10.227053642 479.644378662 299.068176270 309.839660645 -3.427106857 468.427917480 -6.935024738 468.289062500 -310.534759521 385.875213623 -307.788787842 367.731262207 -342.784393311 -53.314754486 -330.873962402 359.753479004 -363.483123779 -278.063659668 -355.462127686 -83.506629944 -364.148742676 -299.278930664 -360.608978271 -306.455871582 79.423622131 -505.804290771 89.256057739 -510.659973145 336.833801270 -362.662719727 336.041351318 -359.211456299 358.967407227 -366.494445801 785.575927734 144.972274780 604.614013672 560.879882812 -0.498133451 926.409729004 -618.774353027 753.857543945 -763.433959961 -99.967575073 -717.594970703 -531.390319824 157.087387085 -918.783691406 664.773864746 -719.389160156
443.951568604 81.140190125 438.996704102 86.035118103 317.618072510 297.863037109 9.876934052 480.548980713 299.744873047 309.912200928 -3.732196331 469.371978760 -7.228441238 469.236877441 -310.779754639 386.817382812 -308.030914307 368.710968018 -343.317413330 -53.492553711 -331.044219971 360.739074707 -364.195037842 -278.391510010 -355.979736328 -83.593475342 -364.862304688 -299.528900146 -361.332763672 -306.677093506 79.829002380 -506.777008057 89.626777649 -511.627746582 337.669250488 -363.326263428 336.878112793 -359.885345459 359.744750977 -367.165618896 784.731018066 145.018081665 603.910339355 559.857482910 -0.653077364 925.493469238 -617.578308105 753.624633789 -762.361999512 -100.430442810 -716.373413086 -530.705993652 156.895904541 -917.973999023 664.063781738 -718.826232910
444.651794434 81.587501526 439.717895508 86.465087891 318.250549316 297.990722656 9.544715881 481.465545654 300.409851074 309.989379883 -4.018813610 470.327178955 -7.503260136 470.195678711 -311.012786865 387.753845215 -308.261260986 369.685119629 -343.846557617 -53.691852570 -331.202667236 361.718719482 -364.892700195 -278.736022949 -356.495086670 -83.703216553 -365.562805176 -299.795959473 -362.044097900 -306.915527344 80.214614868 -507.762481689 89.977409363 -512.607788086 338.492919922 -364.011138916 337.703033447 -360.580505371 360.509704590 -367.857757568 783.898986816 145.025161743 603.175842285 558.857360840 -0.768250167 924.584411621 -616.387084961 753.353942871 -761.310180664 -100.916969299 -715.135681152 -530.056091309 156.668807983 -917.178955078 663.332824707 -718.295288086
445.366333008 82.019744873 440.453094482 86.879608154 318.870391846 298.124359131 9.231273651 482.393768311 301.063079834 310.072448730 -4.286127567 471.293212891 -7.758660316 471.165191650 -311.235229492 388.683563232 -308.481201172 370.652648926 -344.372528076 -53.911869049 -331.350616455 362.691436768 -365.576263428 -279.097930908 -357.008605957 -83.835075378 -366.250335693 -300.080841064 -362.743041992 -307.171997070 80.579956055 -508.760192871 90.307479858 -513.599670410 339.304199219 -364.716979980 338.515472412 -361.296539307 361.261627197 -368.570434570 783.079956055 144.994110107 602.411254883 557.880493164 -0.844179809 923.682800293 -615.203063965 753.045898438 -760.277954102 -101.421424866 -713.883117676 -529.441406250 156.406448364 -916.398742676 662.581237793 -717.796325684
446.095092773 82.435943604 441.202178955 87.277732849 319.477569580 298.265228271 8.937391281 483.333282471 301.704589844 310.162658691 -4.533402920 472.269744873 -7.993916035 472.144958496 -311.448455811 389.605590820 -308.692108154 371.612609863 -344.896057129 -54.151603699 -331.489471436 363.656433105 -366.245788574 -279.477874756 -357.520874023 -83.987998962 -366.924987793 -300.384307861 -363.429718018 -307.447235107 80.924568176 -509.769622803 90.616554260 -514.602844238 340.102508545 -365.443450928 339.314788818 -362.033111572 361.999969482 -369.303253174 782.274169922 144.925537109 601.617431641 556.927978516 -0.881343305 922.788635254 -614.028137207 752.700988770 -759.264587402 -101.938079834 -712.617309570 -528.862548828 156.109069824 -915.633666992 661.809204102 -717.329406738
446.837890625 82.835189819 441.965026855 87.658576965 320.071990967 298.414581299 8.663766861 484.283660889 302.334381104 310.261322021 -4.759993076 473.256225586 -8.208391190 473.134490967 -311.653869629 390.519134521 -308.895416260 372.564270020 -345.418121338 -54.409919739 -331.620605469 364.613037109 -366.901428223 -279.876373291 -358.032592773 -84.160736084 -367.586914062 -300.707000732 -364.104278564 -307.741943359 81.248039246 -510.790283203 90.904258728 -515.616699219 340.887176514 -366.190063477 340.100463867 -362.789733887 362.724121094 -370.055725098 781.481811523 144.819976807 600.795349121 556.000793457 -0.880159497 921.901977539 -612.864013672 752.319580078 -758.269042969 -102.461265564 -711.339965820 -528.320190430 155.776870728 -914.883850098 661.016906738 -716.894653320
447.594482422 83.216674805 442.741241455 88.021339417 320.653594971 298.573669434 8.411015511 485.244354248 302.952484131 310.369659424 -4.965332985 474.252105713 -8.401532173 474.133270264 -311.852935791 391.423583984 -309.092590332 373.507049561 -345.939727783 -54.685543060 -331.745483398 365.560729980 -367.543395996 -280.293975830 -358.544616699 -84.351867676 -368.236206055 -301.049499512 -364.766845703 -308.056732178 81.550018311 -511.821533203 91.170265198 -516.640686035 341.657714844 -366.956420898 340.871856689 -363.565979004 363.433563232 -370.827331543 780.703063965 144.677886963 599.945861816 555.100097656 -0.840983808 921.022827148 -611.711975098 751.902160645 -757.290100098 -102.985397339 -710.052917480 -527.815002441 155.410034180 -914.149658203 660.204528809 -716.492187500
448.364471436 83.579643250 443.530487061 88.365303040 321.222320557 298.743682861 8.179681778 486.214843750 303.558929443 310.488922119 -5.148932934 475.256866455 -8.572860718 475.140686035 -312.047088623 392.318450928 -309.285034180 374.440460205 -346.462005615 -54.977108002 -331.865509033 366.499114990 -368.171966553 -280.731109619 -359.057891846 -84.559867859 -368.873138428 -301.412292480 -365.417633057 -308.392181396 81.830169678 -512.862792969 91.414260864 -517.674072266 342.413543701 -367.742004395 341.628509521 -364.361419678 364.127716064 -371.617584229 779.937988281 144.499679565 599.070129395 554.226928711 -0.764104843 920.151245117 -610.573364258 751.449218750 -756.326477051 -103.504997253 -708.757995605 -527.347595215 155.008682251 -913.431457520 659.372253418 -716.122314453
449.147399902 83.923416138 444.332244873 88.689811707 321.778045654 298.925872803 7.970240116 487.194458008 304.153717041 310.620391846 -5.310369968 476.269805908 -8.721967697 476.156066895 -312.237792969 393.203338623 -309.474273682 375.364105225 -346.986175537 -55.283153534 -331.982116699 367.427917480 -368.787414551 -281.188171387 -359.573547363 -84.783096313 -369.497955322 -301.795837402 -366.056884766 -308.748687744 82.088218689 -513.913391113 91.636009216 -518.716369629 343.154113770 -368.546356201 342.369812012 -365.175476074 364.806152344 -372.425933838 779.186767578 144.285675049 598.169250488 553.382446289 -0.649742842 919.287231445 -609.449279785 750.961120605 -755.376953125 -104.014762878 -707.457275391 -526.918518066 154.572952271 -912.729614258 658.520202637 -715.785217285
449.942779541 84.247375488 445.146057129 88.994277954 322.320678711 299.121337891 7.783106327 488.182586670 304.736846924 310.765228271 -5.449283123 477.290252686 -8.848500252 477.178771973 -312.426483154 394.077941895 -309.661651611 376.277740479 -347.513427734 -55.602149963 -332.096679688 368.346954346 -369.390106201 -281.665496826 -360.092620850 -85.019821167 -370.110961914 -302.200469971 -366.684906006 -309.126708984 82.323898315 -514.972778320 91.835273743 -519.766845703 343.878936768 -369.368957520 343.095336914 -366.007720947 365.468322754 -373.251831055 778.449645996 144.036163330 597.244506836 552.567626953 -0.498049259 918.430786133 -608.340881348 750.438415527 -754.440307617 -104.509613037 -706.152893066 -526.528198242 154.102890015 -912.044494629 657.648559570 -715.481262207
450.750000000 84.550979614 445.971282959 89.278190613 322.850036621 299.331268311 7.618642330 489.178497314 305.308288574 310.924652100 -5.565361977 478.317565918 -8.952164650 478.208099365 -312.614593506 394.942077637 -309.848693848 377.181182861 -348.045074463 -55.932495117 -332.210662842 369.256103516 -369.980529785 -282.163269043 -360.616394043 -85.268249512 -370.712493896 -302.626464844 -367.302032471 -309.526519775 82.536994934 -516.040222168 92.011856079 -520.824890137 344.587554932 -370.209320068 343.804595947 -366.857574463 366.113830566 -374.094696045 777.726684570 143.751327515 596.297241211 551.783569336 -0.309107989 917.581970215 -607.249328613 749.881591797 -753.515197754 -104.984687805 -704.846984863 -526.177124023 153.598587036 -911.376647949 656.757629395 -715.210815430
451.568511963 84.833724976 446.807312012 89.541069031 323.365997314 299.556610107 7.477161407 490.181488037 305.867950439 311.099792480 -5.658344746 479.351013184 -9.032707214 479.243347168 -312.803558350 395.795593262 -310.036773682 378.074310303 -348.582305908 -56.272518158 -332.325439453 370.155334473 -370.559173584 -282.681762695 -361.145996094 -85.526512146 -371.303070068 -303.074096680 -367.908691406 -309.948364258 82.727302551 -517.115173340 92.165603638 -521.889770508 345.279449463 -371.066864014 344.497100830 -367.724548340 366.742187500 -374.954010010 777.018127441 143.431350708 595.328918457 551.031433105 -0.082937680 916.740722656 -606.175598145 749.291259766 -752.600646973 -105.435424805 -703.541931152 -525.865600586 153.060119629 -910.726623535 655.847656250 -714.974304199
452.397613525 85.095176697 447.653503418 89.782508850 323.868347168 299.798400879 7.358935833 491.190826416 306.415740967 311.291717529 -5.728008270 480.389831543 -9.089918137 480.283782959 -312.994781494 396.638427734 -310.227294922 378.957061768 -349.126403809 -56.620475769 -332.442382812 371.044677734 -371.126647949 -283.221099854 -361.682647705 -85.792694092 -371.883209229 -303.543457031 -368.505371094 -310.392364502 82.894660950 -518.196960449 92.296379089 -522.960937500 345.954223633 -371.941070557 345.172424316 -368.608123779 367.353027344 -375.829162598 776.324279785 143.076324463 594.341003418 550.312255859 0.180504665 915.907287598 -605.120971680 748.667968750 -751.695617676 -105.857543945 -702.240112305 -525.593750000 152.487548828 -910.095031738 654.919616699 -714.768737793
453.236663818 85.334930420 448.509185791 90.002136230 324.356903076 300.057464600 7.264201641 492.205810547 306.951568604 311.501403809 -5.774165154 481.433319092 -9.123621941 481.328643799 -313.189666748 397.470489502 -310.421691895 379.829345703 -349.678527832 -56.974555969 -332.562866211 371.924163818 -371.683593750 -283.781311035 -362.227447510 -86.064796448 -372.453460693 -304.034637451 -369.092651367 -310.858642578 83.038925171 -519.284851074 92.404067993 -524.037658691 346.611541748 -372.831329346 345.830261230 -369.507598877 367.946044922 -376.719482422 775.645446777 142.686279297 593.335083008 549.627014160 0.481319040 915.081665039 -604.086486816 748.012451172 -750.799316406 -106.247085571 -700.944763184 -525.355651855 151.881774902 -909.481689453 653.974487305 -714.590026855
454.084960938 85.552642822 449.373626709 90.199630737 324.831481934 300.334564209 7.193161964 493.225646973 307.475280762 311.729736328 -5.796657562 482.480743408 -9.133672714 482.377197266 -313.389648438 398.291778564 -310.621307373 380.691253662 -350.239807129 -57.332874298 -332.688323975 372.793884277 -372.230957031 -284.362213135 -362.781524658 -86.340774536 -373.014739990 -304.547393799 -369.671356201 -311.346954346 83.160026550 -520.378234863 92.488632202 -525.119262695 347.251220703 -373.736846924 346.470428467 -370.422271729 368.521087646 -377.624206543 774.981994629 142.261230469 592.312988281 548.976623535 0.819656849 914.264038086 -603.073364258 747.325561523 -749.911132812 -106.600402832 -699.658752441 -525.145385742 151.245346069 -908.884704590 653.012939453 -714.433898926
454.941772461 85.747993469 450.246154785 90.374710083 325.291870117 300.630310059 7.145992279 494.249603271 307.986724854 311.977539062 -5.795354843 483.531341553 -9.119949341 483.428710938 -313.596038818 399.102294922 -310.827545166 381.542724609 -350.811309814 -57.693477631 -332.820037842 373.653961182 -372.769775391 -284.963378906 -363.345855713 -86.618499756 -373.568023682 -305.081237793 -370.242431641 -311.856750488 83.258064270 -521.476379395 92.550193787 -526.205017090 347.873199463 -374.656799316 347.092864990 -371.351318359 369.078125000 -378.542510986 774.334289551 141.801162720 591.276306152 548.362121582 1.195713878 913.454711914 -602.082885742 746.608032227 -749.030578613 -106.914146423 -698.384399414 -524.956665039 150.580718994 -908.301635742 652.035400391 -714.295349121
455.806396484 85.920707703 451.125976562 90.527122498 325.738006592 300.945190430 7.122841358 495.276916504 308.485809326 312.245452881 -5.770150661 484.584350586 -9.082358360 484.482421875 -313.810211182 399.902069092 -311.041717529 382.383911133 -351.393981934 -58.054340363 -332.959411621 374.504547119 -373.301330566 -285.584167480 -363.921356201 -86.895805359 -374.114532471 -305.635467529 -370.807067871 -312.387329102 83.333274841 -522.578674316 92.589027405 -527.294311523 348.477539062 -375.590270996 347.697662354 -372.293792725 369.617248535 -379.473449707 773.702819824 141.306045532 590.227050781 547.784240723 1.609722853 912.653869629 -601.116210938 745.860839844 -748.157531738 -107.185302734 -697.123779297 -524.783264160 149.890213013 -907.729858398 651.042114258 -714.169067383
456.678039551 86.070556641 452.012390137 90.656654358 326.169769287 301.279571533 7.123836040 496.306823730 308.972412109 312.533966064 -5.720959187 485.639068604 -9.020823479 485.537597656 -314.033569336 400.691162109 -311.265197754 383.214782715 -351.988739014 -58.413383484 -333.107788086 375.345764160 -373.826965332 -286.223754883 -364.508758545 -87.170471191 -374.655609131 -306.209167480 -371.366577148 -312.937774658 83.386016846 -523.684265137 92.605499268 -528.386413574 349.064392090 -376.536285400 348.284942627 -373.248718262 370.138610840 -380.416046143 773.088195801 140.775802612 589.166931152 547.243835449 2.061944485 911.861816406 -600.174682617 745.085021973 -747.292785645 -107.414077759 -695.878784180 -524.618896484 149.176162720 -907.166320801 650.033142090 -714.048889160
457.555999756 86.197319031 452.904663086 90.763130188 326.587188721 301.633758545 7.149080276 497.338500977 309.446472168 312.843505859 -5.647716999 486.694702148 -8.935292244 486.593505859 -314.267364502 401.469543457 -311.499237061 384.035461426 -352.596221924 -58.768627167 -333.266448975 376.177764893 -374.348205566 -286.881195068 -365.108734131 -87.440414429 -375.192779541 -306.801361084 -371.922454834 -313.506958008 83.416755676 -524.792419434 92.600097656 -529.480468750 349.634094238 -377.493804932 348.855072021 -374.215057373 370.642547607 -381.369262695 772.490966797 140.210403442 588.098022461 546.741577148 2.552657843 911.079040527 -599.259582520 744.281738281 -746.437072754 -107.601150513 -694.651245117 -524.457275391 148.440887451 -906.607604980 649.008666992 -713.927795410
458.439514160 86.300842285 453.802032471 90.846405029 326.990356445 302.007781982 7.198657036 498.371246338 309.908020020 313.174316406 -5.550380230 487.750518799 -8.825731277 487.649353027 -314.512878418 402.237304688 -311.745178223 384.845977783 -353.216979980 -59.118209839 -333.436737061 377.000671387 -374.866668701 -287.555419922 -365.721649170 -87.703704834 -375.727539062 -307.410827637 -372.476165771 -314.093658447 83.426063538 -525.902526855 92.573394775 -530.575927734 350.187042236 -378.461639404 349.408416748 -375.191711426 371.129486084 -382.332031250 771.911865234 139.609817505 587.022216797 546.278137207 3.082149029 910.305969238 -598.372192383 743.452209473 -745.591003418 -107.747230530 -693.442871094 -524.292297363 147.686767578 -906.049804688 647.968750000 -713.797851562
459.327850342 86.380989075 454.703765869 90.906364441 327.379486084 302.401794434 7.272627354 499.404266357 310.357147217 313.526550293 -5.428925514 488.805755615 -8.692127228 488.704406738 -314.771392822 402.994445801 -312.004211426 385.646392822 -353.851409912 -59.460384369 -333.619903564 377.814605713 -375.383972168 -288.245208740 -366.347808838 -87.958557129 -376.261657715 -308.036315918 -373.029479980 -314.696563721 83.414596558 -527.013732910 92.526062012 -531.671936035 350.723754883 -379.438659668 349.945556641 -376.177459717 371.599914551 -383.303161621 771.350158691 138.975311279 585.941528320 545.853942871 3.649717093 909.542358398 -597.513793945 742.597717285 -744.754821777 -107.853027344 -692.255371094 -524.117980957 146.916442871 -905.488403320 646.914123535 -713.649963379
460.220184326 86.437713623 455.609069824 90.942993164 327.754974365 302.815673828 7.370979309 500.436767578 310.794036865 313.900238037 -5.283398628 489.859649658 -8.534536362 489.757965088 -315.044067383 403.740997314 -312.277557373 386.436737061 -354.499694824 -59.793529510 -333.817169189 378.619720459 -375.901977539 -288.949218750 -366.987243652 -88.203323364 -376.796844482 -308.676361084 -373.584045410 -315.314178467 83.383110046 -528.125305176 92.458847046 -532.767822266 351.245025635 -380.423461914 350.467224121 -377.171020508 372.054595947 -384.281402588 770.803771973 138.309158325 584.858032227 545.469421387 4.252183914 908.786010742 -596.685607910 741.719726562 -743.928894043 -107.919227600 -691.090759277 -523.928588867 146.132858276 -904.918457031 645.846008301 -713.474121094
461.115753174 86.471138000 456.517150879 90.956436157 328.117187500 303.249389648 7.493517876 501.467956543 311.218963623 314.295349121 -5.114021778 490.911499023 -8.353188515 490.809204102 -315.332031250 404.476898193 -312.566314697 387.217071533 -355.161834717 -60.116149902 -334.029724121 379.416107178 -376.422454834 -289.666046143 -367.639923096 -88.436523438 -377.334930420 -309.329467773 -374.141693115 -315.944915771 83.332458496 -529.236511230 92.372604370 -533.862854004 351.751708984 -381.414672852 350.974334717 -378.170898438 372.494384766 -385.265350342 770.270080566 137.613525391 583.774780273 545.121398926 4.886371613 908.034240723 -595.888854980 740.819702148 -743.113220215 -107.946487427 -689.951171875 -523.718872070 145.339508057 -904.334167480 644.766723633 -713.260192871
462.013702393 86.481513977 457.427276611 90.946952820 328.466827393 303.702667236 7.639887333 502.497070312 311.632476807 314.711639404 -4.921169281 491.960510254 -8.148464203 491.857452393 -315.636383057 405.202209473 -312.871551514 387.987396240 -355.837768555 -60.426853180 -334.258728027 380.203796387 -376.947326660 -290.394195557 -368.305633545 -88.656784058 -377.877868652 -309.994018555 -374.704345703 -316.587066650 83.263610840 -530.346618652 92.268287659 -534.956298828 352.244995117 -382.410675049 351.468048096 -379.175598145 372.920440674 -386.253509521 769.746520996 136.890457153 582.695007324 544.805541992 5.549039364 907.283874512 -595.124755859 739.899108887 -742.307922363 -107.935371399 -688.838989258 -523.483764648 144.540588379 -903.729064941 643.678161621 -713.005676270
462.913238525 86.469169617 458.338562012 90.914886475 328.804809570 304.175140381 7.809590816 503.523345947 312.035308838 315.148620605 -4.705348969 493.005981445 -7.920874119 492.901947021 -315.958068848 405.916900635 -313.194274902 388.747711182 -356.527282715 -60.724376678 -334.505218506 380.982910156 -377.478576660 -291.131958008 -368.983978271 -88.862899780 -378.427520752 -310.668212891 -375.273895264 -317.238830566 83.177711487 -531.454772949 92.147010803 -536.047363281 352.726104736 -383.409912109 351.949615479 -380.183471680 373.333923340 -387.244384766 769.229919434 136.141937256 581.621459961 544.517395020 6.236792088 906.531433105 -594.394348145 738.959716797 -741.512878418 -107.886398315 -687.756225586 -523.218811035 143.741317749 -903.096191406 642.582275391 -712.710388184
463.813507080 86.434555054 459.250244141 90.860679626 329.132232666 304.666259766 8.002005577 504.545959473 312.428344727 315.605682373 -4.467187405 494.047180176 -7.671047688 493.941986084 -316.298034668 406.620941162 -313.535400391 389.498077393 -357.229980469 -61.007553101 -334.770172119 381.753448486 -378.018188477 -291.877624512 -369.674530029 -89.053756714 -378.985931396 -311.350219727 -375.852264404 -317.898284912 83.076065063 -532.560180664 92.010063171 -537.135253906 353.196228027 -384.410827637 352.420166016 -381.193084717 373.735961914 -388.236541748 768.716857910 135.369949341 580.556762695 544.252258301 6.945959568 905.772827148 -593.698730469 738.002990723 -740.728027344 -107.799987793 -686.703796387 -522.922119141 142.947906494 -902.428588867 641.481262207 -712.374389648
464.713714600 86.378166199 460.161468506 90.784866333 329.450286865 305.175445557 8.216383934 505.564208984 312.812774658 316.082122803 -4.207427502 495.083404541 -7.399725914 494.976867676 -316.657012939 407.314270020 -313.895751953 390.238464355 -357.945434570 -61.275321960 -335.054565430 382.515441895 -378.567993164 -292.629455566 -370.376739502 -89.228363037 -379.554870605 -312.038177490 -376.441253662 -318.563537598 82.960235596 -533.662048340 91.858963013 -538.219238281 353.656524658 -385.412017822 352.880920410 -382.202972412 374.127746582 -389.228607178 768.203552246 134.576538086 579.503051758 544.005371094 7.672435760 905.003356934 -593.038696289 737.030761719 -739.953308105 -107.676452637 -685.681823730 -522.594543457 142.166290283 -901.721252441 640.377685547 -711.997863770
465.612976074 86.300598145 461.071472168 90.688011169 329.760345459 305.702056885 8.451854706 506.577331543 313.189758301 316.577117920 -3.926928997 496.113952637 -7.107767105 496.005920410 -317.035766602 407.996948242 -314.276031494 390.968841553 -358.673126221 -61.526710510 -335.359130859 383.268920898 -379.129608154 -293.385711670 -371.089965820 -89.385841370 -380.135894775 -312.730316162 -377.042388916 -319.232727051 82.831985474 -534.759521484 91.695434570 -539.298461914 354.108245850 -386.412078857 353.333099365 -383.211761475 374.510498047 -390.219268799 767.685729980 133.763992310 578.462585449 543.771606445 8.411488533 904.217895508 -592.415222168 736.044616699 -739.188537598 -107.516029358 -684.690185547 -522.236816406 141.398315430 -900.974975586 639.274047852 -711.581115723
466.510467529 86.202484131 461.979431152 90.570770264 330.063903809 306.245422363 8.707406044 507.584564209 313.560760498 317.089813232 -3.626683474 497.138153076 -6.796156883 497.028472900 -317.434875488 408.668945312 -314.676879883 391.689300537 -359.412445068 -61.760841370 -335.684631348 384.013885498 -379.704376221 -294.144836426 -371.813507080 -89.525398254 -380.730346680 -313.424957275 -377.656951904 -319.904113770 82.693031311 -535.851928711 91.521148682 -540.372314453 354.552551270 -387.409698486 353.777923584 -384.218170166 374.885345459 -391.207275391 767.158447266 132.934844971 577.437133789 543.546020508 9.157452583 903.410827637 -591.828979492 735.046264648 -738.433593750 -107.318847656 -683.728515625 -521.849426270 140.646087646 -900.190979004 638.172729492 -711.124694824
467.405334473 86.084541321 462.884490967 90.433853149 330.362457275 306.804718018 8.981855392 508.585205078 313.927185059 317.619232178 -3.307839870 498.155334473 -6.466036797 498.043853760 -317.854797363 409.330261230 -315.098785400 392.399810791 -360.162719727 -61.976909637 -336.031646729 384.750335693 -380.293487549 -294.905242920 -372.546600342 -89.646331787 -381.339263916 -314.120452881 -378.286010742 -320.576080322 82.545082092 -536.938476562 91.337783813 -541.440063477 354.990722656 -388.403594971 354.216613770 -385.220916748 375.253570557 -392.191436768 766.616210938 132.092178345 576.428527832 543.323486328 9.902981758 902.576843262 -591.280639648 734.037414551 -737.688354492 -107.084930420 -682.796325684 -521.432983398 139.911773682 -899.370788574 637.076049805 -710.629028320
468.296722412 85.947578430 463.785827637 90.278045654 330.657623291 307.379119873 9.273785591 509.578582764 314.290588379 318.164398193 -2.971775055 499.164916992 -6.118771553 499.051544189 -318.295928955 409.980957031 -315.542175293 393.100402832 -360.923217773 -62.174186707 -336.400695801 385.478302002 -380.897827148 -295.665405273 -373.288421631 -89.748023987 -381.963562012 -314.815216064 -378.930328369 -321.247039795 82.389831543 -538.018615723 91.147010803 -542.501098633 355.423950195 -389.392578125 354.650390625 -386.218780518 375.616363525 -393.170562744 766.052978516 131.239761353 575.438537598 543.098876953 10.639886856 901.710632324 -590.770751953 733.019714355 -736.952880859 -106.814231873 -681.893005371 -520.987792969 139.197525024 -898.516052246 635.986267090 -710.094726562
469.183746338 85.792503357 464.682617188 90.104263306 330.951019287 307.967742920 9.581521988 510.564117432 314.652587891 318.724151611 -2.620112419 500.166381836 -5.755970955 500.050994873 -318.758544922 410.621063232 -316.007354736 393.791137695 -361.693206787 -62.351997375 -336.792144775 386.197723389 -381.518127441 -296.423889160 -374.038177490 -89.829910278 -382.603851318 -315.507781982 -379.590576172 -321.915435791 82.228965759 -539.091735840 90.950469971 -543.554992676 355.853424072 -390.375488281 355.080444336 -387.210632324 375.974914551 -394.143585205 765.461975098 130.382278442 574.468811035 542.867004395 11.359375954 900.807250977 -590.299804688 731.994873047 -736.226989746 -106.506599426 -681.017822266 -520.514160156 138.505386353 -897.628479004 634.905456543 -709.522521973
470.065490723 85.620368958 465.573974609 89.913536072 331.244354248 308.569580078 9.903114319 511.541351318 315.014801025 319.297332764 -2.254739523 501.159362793 -5.379504204 501.041839600 -319.242858887 411.250732422 -316.494567871 394.472106934 -362.471923828 -62.509742737 -337.206268311 386.908691406 -382.154937744 -297.179321289 -374.794982910 -89.891502380 -383.260589600 -316.196685791 -380.267120361 -322.579833984 82.064147949 -540.157409668 90.749816895 -544.601196289 356.280303955 -391.351165771 355.507965088 -388.195343018 376.330474854 -395.109405518 764.836791992 129.526046753 573.520996094 542.622863770 12.059121132 899.867614746 -589.868103027 730.964416504 -735.510864258 -106.161811829 -680.170104980 -520.012084961 137.837219238 -896.709838867 633.835632324 -708.913146973
470.941101074 85.432441711 466.459014893 89.707115173 331.539337158 309.183563232 10.236641884 512.509826660 315.378967285 319.882720947 -1.877517223 502.143493652 -4.991215229 502.023773193 -319.748931885 411.870086670 -317.003875732 395.143432617 -363.258483887 -62.646862030 -337.643310547 387.611236572 -382.808685303 -297.930358887 -375.557983398 -89.932357788 -383.934143066 -316.880584717 -380.960296631 -323.238861084 81.897033691 -541.215209961 90.546669006 -545.639404297 356.705810547 -392.318572998 355.934112549 -389.171844482 376.684173584 -396.067077637 764.171264648 128.678192139 572.596740723 542.361633301 12.737359047 898.893249512 -589.476013184 729.930053711 -734.804565430 -105.779579163 -679.348999023 -519.481689453 137.194686890 -895.761840820 632.778625488 -708.267272949
471.809661865 85.230255127 467.336975098 89.486511230 331.837677002 309.808502197 10.580227852 513.469238281 315.746765137 320.478942871 -1.490272522 503.118499756 -4.592915535 502.996490479 -320.276794434 412.479278564 -317.535339355 395.805206299 -364.052124023 -62.762851715 -338.103271484 388.305419922 -383.479583740 -298.675750732 -376.326232910 -89.952079773 -384.624664307 -317.558197021 -381.670227051 -323.891204834 81.729225159 -542.264770508 90.342628479 -546.669311523 357.131011963 -393.276702881 356.359985352 -390.139190674 377.037170410 -397.015594482 763.465942383 127.841232300 571.697937012 542.078552246 13.392406464 897.885681152 -589.123657227 728.893371582 -734.108276367 -105.359565735 -678.553894043 -518.922790527 136.579345703 -894.786254883 631.736206055 -707.585815430
472.670410156 85.015335083 468.207031250 89.253219604 332.141204834 310.443115234 10.932032585 514.419189453 316.119964600 321.084472656 -1.094795108 504.084106445 -4.186380863 503.959747314 -320.826354980 413.078552246 -318.088928223 396.457611084 -364.851959229 -62.857238770 -338.586212158 388.991333008 -384.167785645 -299.414215088 -377.098846436 -89.950340271 -385.332183838 -318.228210449 -382.396911621 -324.535644531 81.562294006 -543.305847168 90.139259338 -547.690673828 357.556976318 -394.224578857 356.786682129 -391.096343994 377.390594482 -397.954101562 762.721984863 127.017364502 570.826293945 541.769348145 14.022663116 896.846496582 -588.811157227 727.855895996 -733.422302246 -104.901390076 -677.784118652 -518.335205078 135.992599487 -893.784667969 630.710144043 -706.869689941
473.522583008 84.789199829 469.068481445 89.008750916 332.451721191 311.085998535 11.290257454 515.359436035 316.500366211 321.697814941 -0.692838728 505.040100098 -3.773351192 504.913360596 -321.397491455 413.668090820 -318.664489746 397.100830078 -365.657104492 -62.929611206 -339.092041016 389.669067383 -384.873352051 -300.144622803 -377.874969482 -89.926872253 -386.056671143 -318.889434814 -383.140289307 -325.170928955 81.397781372 -544.338134766 89.938072205 -548.703247070 357.984802246 -395.161315918 357.215270996 -392.042480469 377.745544434 -398.881652832 761.940490723 126.208724976 569.983825684 541.430114746 14.626612663 895.777404785 -588.536132812 726.819885254 -732.747009277 -104.404655457 -677.038940430 -517.718688965 135.435684204 -892.758911133 629.702087402 -706.119689941
474.365509033 84.553375244 469.920715332 88.754615784 332.771057129 311.735656738 11.653141975 516.289794922 316.889709473 322.317230225 -0.286126405 505.986297607 -3.355538130 505.857177734 -321.989959717 414.248260498 -319.261779785 397.735137939 -366.466674805 -62.979579926 -339.620513916 390.338867188 -385.596191406 -300.865844727 -378.653686523 -89.881416321 -386.798004150 -319.540771484 -383.900177002 -325.795959473 81.237152100 -545.361450195 89.740539551 -549.706848145 358.415466309 -396.086029053 357.646759033 -392.976654053 378.103027344 -399.797515869 761.123352051 125.417816162 569.170593262 541.061706543 15.202506065 894.680725098 -588.294616699 725.787719727 -732.082885742 -103.868972778 -676.317932129 -517.072814941 134.909759521 -891.710510254 628.713562012 -705.336853027
475.198638916 84.309417725 470.763214111 88.492340088 333.100830078 312.390625000 12.018950462 517.210083008 317.289581299 322.941162109 0.123637877 506.922698975 -2.934634924 506.791107178 -322.603240967 414.819580078 -319.880310059 398.360992432 -367.279815674 -63.006816864 -340.171112061 391.001068115 -386.336242676 -301.576782227 -379.434112549 -89.813766479 -387.555999756 -320.181121826 -384.676330566 -326.409606934 81.081848145 -546.375610352 89.548103333 -550.701354980 358.849975586 -396.997924805 358.082122803 -393.898162842 378.464080811 -400.700927734 760.272399902 124.647064209 568.386413574 540.664733887 15.748786926 893.558654785 -588.082275391 724.761413574 -731.430603027 -103.293960571 -675.620605469 -516.397094727 134.415847778 -890.641174316 627.745971680 -704.522216797
476.021514893 84.058876038 471.595489502 88.223480225 333.442413330 313.049468994 12.385973930 518.120300293 317.701293945 323.568023682 0.534774423 507.849243164 -2.512311697 507.715240479 -323.236755371 415.382629395 -320.519439697 398.978942871 -368.095581055 -63.011020660 -340.743194580 391.656158447 -387.093292236 -302.276397705 -380.215301514 -89.723754883 -388.330352783 -320.809387207 -385.468536377 -327.010864258 80.933227539 -547.380554199 89.362121582 -551.686767578 359.289184570 -397.896240234 358.522247314 -394.806182861 378.829681396 -401.591125488 759.389404297 123.898612976 567.631103516 540.239807129 16.264099121 892.413391113 -587.894714355 723.742797852 -730.790771484 -102.679313660 -674.946594238 -515.691040039 133.954910278 -889.552612305 626.800781250 -703.676635742
476.833801270 83.803329468 472.417236328 87.949592590 333.797088623 313.710784912 12.752548218 519.020446777 318.126037598 324.196319580 0.945642769 508.766021729 -2.090200424 508.629608154 -323.889678955 415.938171387 -321.178314209 399.589630127 -368.913116455 -62.991947174 -341.335937500 392.304687500 -387.867156982 -302.963714600 -380.996368408 -89.611259460 -389.120819092 -321.424591064 -386.276397705 -327.598724365 80.792625427 -548.376159668 89.183921814 -552.662963867 359.734008789 -398.780334473 358.968048096 -395.700042725 379.200744629 -402.467468262 758.476257324 123.174415588 566.904174805 539.787231445 16.747264862 891.246887207 -587.727294922 722.733337402 -730.164245605 -102.024780273 -674.295715332 -514.954162598 133.527740479 -888.446289062 625.879272461 -702.801330566
477.635192871 83.544326782 473.228240967 87.672218323 334.165802002 314.373199463 13.117058754 519.910644531 318.564727783 324.824615479 1.354647279 509.673187256 -1.669890046 509.534332275 -324.561157227 416.486999512 -321.856109619 400.193847656 -369.731628418 -62.949451447 -341.948394775 392.947387695 -388.657562256 -303.637664795 -381.776397705 -89.476226807 -389.927032471 -322.025695801 -387.099548340 -328.172180176 80.661293030 -549.362304688 89.014770508 -553.629882812 360.185333252 -399.649536133 359.420410156 -396.579132080 379.578216553 -403.329406738 757.534667969 122.476173401 566.205139160 539.307250977 17.197261810 890.061218262 -587.575073242 721.734558105 -729.552062988 -101.330215454 -673.667724609 -514.185852051 133.135116577 -887.323913574 624.982666016 -701.897155762
478.425537109 83.283416748 474.028320312 87.392898560 334.549468994 315.035369873 13.477947235 520.791015625 319.018096924 325.451477051 1.760244846 510.570892334 -1.252917051 510.429687500 -325.250244141 417.030090332 -322.551757812 400.792449951 -370.550201416 -62.883392334 -342.579467773 393.585052490 -389.464202881 -304.297332764 -382.554504395 -89.318641663 -390.748626709 -322.611785889 -387.937622070 -328.730255127 80.540435791 -550.339050293 88.855880737 -554.587585449 360.643920898 -400.503265381 359.880065918 -397.442871094 379.962951660 -404.176330566 756.566345215 121.805412292 565.533569336 538.800048828 17.613203049 888.858093262 -587.432983398 720.747497559 -728.952941895 -100.597427368 -673.062622070 -513.385498047 132.777679443 -886.187072754 624.112060547 -700.965332031
479.204742432 83.022117615 474.817413330 87.113128662 334.948730469 315.695953369 13.833710670 521.661743164 319.486724854 326.075531006 2.160946369 511.459381104 -0.840765357 511.315856934 -325.955871582 417.568420410 -323.264160156 401.386444092 -371.367919922 -62.793762207 -343.227966309 394.218597412 -390.286773682 -304.941772461 -383.329803467 -89.138618469 -391.585205078 -323.181884766 -388.790191650 -329.272064209 80.431205750 -551.306335449 88.708412170 -555.536132812 361.110534668 -401.341003418 360.347839355 -398.290710449 380.355712891 -405.007781982 755.572937012 121.163497925 564.888916016 538.265563965 17.994329453 887.639404297 -587.295776367 719.773498535 -728.365051270 -99.828712463 -672.480590820 -512.552612305 132.456024170 -885.037292480 623.268615723 -700.006835938
479.972778320 82.761894226 475.595520020 86.834396362 335.364135742 316.353637695 14.182907104 522.523071289 319.971130371 326.695465088 2.555319309 512.338928223 -0.434863269 512.193176270 -326.676849365 418.103088379 -323.992095947 401.976837158 -372.183837891 -62.680713654 -343.892639160 394.848999023 -391.124877930 -305.570007324 -384.101470947 -88.936401367 -392.436279297 -323.735076904 -389.656738281 -329.796661377 80.334693909 -552.264221191 88.573471069 -556.475524902 361.585876465 -402.162261963 360.824432373 -399.122192383 380.757354736 -405.823303223 754.555969238 120.551635742 564.270812988 537.703674316 18.339979172 886.406738281 -587.157836914 718.813476562 -727.786254883 -99.026313782 -671.921752930 -511.686523438 132.170639038 -883.876037598 622.453247070 -699.022766113
480.729736328 82.504188538 476.362701416 86.558120728 335.796142578 317.007171631 14.524160385 523.375244141 320.471557617 327.309997559 2.941992521 513.209838867 -0.036578797 513.061889648 -327.412017822 418.635253906 -324.734283447 402.564788818 -372.997100830 -62.544513702 -344.572082520 395.477386475 -391.978149414 -306.181182861 -384.868591309 -88.712364197 -393.301452637 -324.270446777 -390.536773682 -330.303161621 80.251922607 -553.212707520 88.452102661 -557.405822754 362.070678711 -402.966674805 361.310516357 -399.936920166 381.168548584 -406.622497559 753.517089844 119.970916748 563.678833008 537.114196777 18.649599075 885.161865234 -587.013427734 717.868652344 -727.214294434 -98.192466736 -671.386413574 -510.786865234 131.921951294 -882.704956055 621.666992188 -698.014160156
481.475677490 82.250404358 477.119079590 86.285705566 336.244995117 317.655334473 14.856158257 524.218566895 320.988250732 327.917846680 3.319656849 514.072448730 0.352781832 513.922363281 -328.160034180 419.166198730 -325.489379883 403.151458740 -373.806732178 -62.385536194 -345.264862061 396.104858398 -392.846160889 -306.774322510 -385.630401611 -88.466926575 -394.180145264 -324.787109375 -391.429840088 -330.790710449 80.183868408 -554.151794434 88.345298767 -558.327209473 362.565521240 -403.753814697 361.806732178 -400.734497070 381.590057373 -407.404998779 752.457702637 119.422302246 563.112670898 536.496826172 18.922714233 883.906250000 -586.856750488 716.940185547 -726.647033691 -97.329956055 -670.875061035 -509.853149414 131.710327148 -881.525329590 620.910583496 -696.982116699
482.210815430 82.001892090 477.864837646 86.018493652 336.710906982 318.296844482 15.177651405 525.053405762 321.521331787 328.517822266 3.687064886 514.927124023 0.731972694 514.775024414 -328.919464111 419.697235107 -326.255920410 403.738220215 -374.611877441 -62.204288483 -345.969360352 396.732757568 -393.728485107 -307.348541260 -386.386047363 -88.200653076 -395.071899414 -325.284210205 -392.335327148 -331.258453369 80.131439209 -555.081726074 88.253982544 -559.239685059 363.071075439 -404.523437500 362.313751221 -401.514648438 382.022521973 -408.170532227 751.379333496 118.906669617 562.572265625 535.851318359 19.158931732 882.641479492 -586.681762695 716.029418945 -726.082397461 -96.441787720 -670.388305664 -508.885101318 131.536056519 -880.338806152 620.184936523 -695.927734375
482.935333252 81.759956360 478.600219727 85.757797241 337.194000244 318.930541992 15.487456322 525.880126953 322.070739746 329.108734131 4.043031693 515.774230957 1.099809289 515.620178223 -329.688873291 420.229766846 -327.032318115 404.326446533 -375.411743164 -62.001380920 -346.683959961 397.362365723 -394.624572754 -307.902954102 -387.134826660 -87.914184570 -395.976135254 -325.760864258 -393.252685547 -331.705566406 80.095497131 -556.002441406 88.179046631 -560.143493652 363.587860107 -405.275207520 362.832061768 -402.277069092 382.466583252 -408.918823242 750.283508301 118.424789429 562.057556152 535.177246094 19.357925415 881.368957520 -586.482543945 715.137756348 -725.517822266 -95.530975342 -669.926696777 -507.882568359 131.399398804 -879.146667480 619.490783691 -694.852050781
483.649505615 81.525863647 479.325469971 85.504875183 337.694305420 319.555206299 15.784447670 526.699096680 322.636505127 329.689422607 4.386430740 516.614196777 1.455166459 516.458374023 -330.466674805 420.765319824 -327.816925049 404.917633057 -376.205535889 -61.777519226 -347.406829834 397.995178223 -395.533935547 -308.436737061 -387.876098633 -87.608230591 -396.892242432 -326.216278076 -394.181274414 -332.131225586 80.076835632 -556.914123535 88.121299744 -561.038635254 364.116424561 -406.008972168 363.362243652 -403.021575928 382.922821045 -409.649658203 749.171569824 117.977355957 561.568542480 534.474243164 19.519435883 880.090148926 -586.253356934 714.266967773 -724.950439453 -94.600631714 -669.491027832 -506.845550537 131.300506592 -877.950378418 618.828796387 -693.756164551
484.353607178 81.300834656 480.040924072 85.260948181 338.211730957 320.169738770 16.067558289 527.510742188 323.218444824 330.258728027 4.716196537 517.447448730 1.796977282 517.289978027 -331.251129150 421.305511475 -328.607971191 405.513336182 -376.992523193 -61.533508301 -348.136108398 398.632690430 -396.455993652 -308.949005127 -388.609191895 -87.283592224 -397.819549561 -326.649658203 -395.120452881 -332.534698486 80.076179504 -557.816955566 88.081512451 -561.925415039 364.657257080 -406.724548340 363.904754639 -403.747985840 383.391754150 -410.362884521 748.044921875 117.564979553 561.105407715 533.741943359 19.643260956 878.806396484 -585.990722656 713.418457031 -724.376892090 -93.653991699 -669.082153320 -505.774200439 131.239532471 -876.751342773 618.199707031 -692.641235352
485.048004150 81.086059570 480.746917725 85.027198792 338.746246338 320.772949219 16.335781097 528.315429688 323.816375732 330.815582275 5.031315327 518.274475098 2.124229193 518.115417480 -332.040557861 421.851867676 -329.403747559 406.115112305 -377.772033691 -61.270210266 -348.869903564 399.276428223 -397.390075684 -309.438964844 -389.333526611 -86.941108704 -398.757415771 -327.060241699 -396.069488525 -332.915252686 80.094230652 -558.710998535 88.060394287 -562.803955078 365.210815430 -407.421813965 364.460144043 -404.456237793 383.873931885 -411.058319092 746.904968262 117.188209534 560.668518066 532.980041504 19.729248047 877.519042969 -585.695251465 712.592346191 -723.793640137 -92.694564819 -668.701354980 -504.669677734 131.216552734 -875.550964355 617.604248047 -691.508422852
485.733032227 80.882667542 481.443817139 84.804763794 339.297668457 321.363739014 16.588153839 529.113586426 324.430053711 331.358856201 5.330826759 519.095703125 2.435961008 518.935241699 -332.833343506 422.405853271 -330.202514648 406.724365234 -378.543395996 -60.988578796 -349.606414795 399.927734375 -398.335571289 -309.905883789 -390.048553467 -86.581680298 -399.705078125 -327.447387695 -397.027618408 -333.272277832 80.131599426 -559.596496582 88.058593750 -563.674438477 365.777557373 -408.100738525 365.028747559 -405.146240234 384.369812012 -411.735931396 745.753173828 116.847534180 560.258361816 532.188232422 19.777296066 876.229370117 -585.367309570 711.788391113 -723.196350098 -91.726165771 -668.349914551 -503.533721924 131.231582642 -874.350646973 617.042907715 -690.358886719
486.409118652 80.691772461 482.132019043 84.594757080 339.865753174 321.940979004 16.823768616 529.905700684 325.059204102 331.887542725 5.613820553 519.911560059 2.731260538 519.749816895 -333.627960205 422.968688965 -331.002777100 407.342315674 -379.305999756 -60.689624786 -350.343994141 400.587799072 -399.291748047 -310.349151611 -390.753723145 -86.206268311 -400.661804199 -327.810546875 -397.994140625 -333.605224609 80.188842773 -560.473571777 88.076721191 -564.537048340 366.357849121 -408.761322021 365.611053467 -405.817993164 384.879882812 -412.395721436 744.590759277 116.543373108 559.875366211 531.366333008 19.787347794 874.938720703 -585.007263184 711.006286621 -722.580383301 -90.753120422 -668.029052734 -502.368072510 131.284591675 -873.151794434 616.516296387 -689.194030762
487.076599121 80.514457703 482.811950684 84.398239136 340.450225830 322.503570557 17.041765213 530.692199707 325.703430176 332.400573730 5.879432201 520.722534180 3.009262085 520.559753418 -334.422973633 423.541473389 -331.803009033 407.970062256 -380.059265137 -60.374458313 -351.081085205 401.257568359 -400.257843018 -310.768280029 -391.448577881 -85.815902710 -401.626770020 -328.149291992 -398.968261719 -333.913757324 80.266479492 -561.342407227 88.115295410 -565.391967773 366.952087402 -409.403625488 366.207427979 -406.471588135 385.404479980 -413.037658691 743.419250488 116.276107788 559.520202637 530.514282227 19.759386063 873.648376465 -584.615234375 710.245666504 -721.940429688 -89.780326843 -667.739929199 -501.174560547 131.375534058 -871.955810547 616.025146484 -688.015075684
487.735870361 80.351760864 483.484008789 84.216262817 341.050750732 323.050537109 17.241329193 531.473388672 326.362365723 332.897003174 6.126843929 521.529113770 3.269145250 521.365417480 -335.217010498 424.125152588 -332.601867676 408.608520508 -380.802581787 -60.044281006 -351.816192627 401.937988281 -401.233093262 -311.162841797 -392.132598877 -85.411682129 -402.599273682 -328.463317871 -399.949188232 -334.197540283 80.364952087 -562.203308105 88.174812317 -566.239501953 367.560607910 -410.027770996 366.818176270 -407.107116699 385.944030762 -413.661895752 742.239929199 116.046043396 559.193725586 529.632080078 19.693441391 872.359558105 -584.191284180 709.505981445 -721.270996094 -88.813400269 -667.480285645 -499.955780029 131.504257202 -870.764221191 615.569885254 -686.823547363
488.387390137 80.204681396 484.148590088 84.049819946 341.666961670 323.580749512 17.421693802 532.249877930 327.035522461 333.375854492 6.355283737 522.331726074 3.510135174 522.167297363 -336.008758545 424.720520020 -333.397949219 409.258453369 -381.535461426 -59.700412750 -352.547943115 402.629699707 -402.216705322 -311.532623291 -392.805328369 -84.994804382 -403.578399658 -328.752471924 -400.936035156 -334.456542969 80.484634399 -563.056396484 88.255668640 -567.079772949 368.183776855 -410.633972168 367.443664551 -407.724822998 386.498870850 -414.268585205 741.054199219 115.853462219 558.896606445 528.719909668 19.589588165 871.073669434 -583.735290527 708.786804199 -720.566406250 -87.858711243 -667.246276855 -498.714263916 131.670562744 -869.578552246 615.151062012 -685.621032715
489.031524658 80.074203491 484.806152344 83.899894714 342.298370361 324.093292236 17.582141876 533.021911621 327.722381592 333.836181641 6.564025879 523.130859375 3.731501341 522.965942383 -336.796936035 425.328247070 -334.190063477 409.920471191 -382.257324219 -59.344314575 -353.274963379 403.333343506 -403.207733154 -311.877624512 -393.466278076 -84.566581726 -404.563262939 -329.016845703 -401.928009033 -334.690826416 80.625854492 -563.902099609 88.358230591 -567.913208008 368.821838379 -411.222534180 368.084197998 -408.324981689 387.069274902 -414.857910156 739.863525391 115.698577881 558.629882812 527.778259277 19.447942734 869.791992188 -583.247070312 708.087768555 -719.825927734 -86.919517517 -667.033752441 -497.452362061 131.874206543 -868.400390625 614.769287109 -684.409179688
489.668609619 79.961265564 485.457092285 83.767417908 342.944488525 324.587188721 17.722005844 533.790039062 328.422393799 334.277160645 6.752390385 523.926879883 3.932559252 523.761718750 -337.580322266 425.948883057 -334.976898193 410.595214844 -382.967742920 -58.977485657 -353.995971680 404.049346924 -404.205230713 -312.198028564 -394.115081787 -84.128372192 -405.552947998 -329.256683350 -402.924102783 -334.900665283 80.788864136 -564.740539551 88.482788086 -568.739929199 369.475097656 -411.793762207 368.740051270 -408.907897949 387.655578613 -415.430236816 738.669372559 115.581565857 558.394470215 526.807556152 19.268674850 868.515930176 -582.726379395 707.408569336 -719.050964355 -85.997856140 -666.838317871 -496.172149658 132.114822388 -867.231384277 614.425048828 -683.189880371
490.299072266 79.866775513 486.101776123 83.653305054 343.604705811 325.061523438 17.840669632 534.554504395 329.134918213 334.697998047 6.919749260 524.720336914 4.112674236 524.555053711 -338.357696533 426.582855225 -335.757293701 411.283020020 -383.666290283 -58.601398468 -354.709716797 404.778106689 -405.208190918 -312.494140625 -394.751373291 -83.681510925 -406.546478271 -329.472381592 -403.923492432 -335.086486816 80.973854065 -565.572265625 88.629547119 -569.560424805 370.143829346 -412.348144531 369.411529541 -409.474090576 388.258026123 -415.985992432 737.473205566 115.502548218 558.191284180 525.808776855 19.052011490 867.246826172 -582.172851562 706.749084473 -718.242675781 -85.095672607 -666.655151367 -494.875579834 132.392028809 -866.073181152 614.118713379 -681.965148926
490.923187256 79.791595459 486.740600586 83.558418274 344.278411865 325.515502930 17.937578201 535.315795898 329.859252930 335.097930908 7.065527439 525.511596680 4.271264076 525.346496582 -339.127899170 427.230560303 -336.530059814 411.984283447 -384.352569580 -58.217533112 -355.415008545 405.519897461 -406.215576172 -312.766448975 -395.374877930 -83.227340698 -407.542938232 -329.664428711 -404.925170898 -335.248809814 81.180946350 -566.397521973 88.798652649 -570.375000000 370.828277588 -412.886199951 370.098815918 -410.024017334 388.876831055 -416.525604248 736.276550293 115.461593628 558.021423340 524.782897949 18.798236847 865.986206055 -581.586242676 706.109252930 -717.402832031 -84.215255737 -666.478881836 -493.564453125 132.705261230 -864.927734375 613.848999023 -680.737487793
491.541259766 79.736549377 487.373840332 83.483589172 344.964904785 325.948333740 18.012241364 536.074279785 330.594726562 335.476318359 7.189210415 526.301086426 4.407805443 526.136413574 -339.889801025 427.892242432 -337.294036865 412.699249268 -385.026367188 -57.827346802 -356.110687256 406.274932861 -407.226379395 -313.015563965 -395.985412598 -82.767219543 -408.541290283 -329.833496094 -405.928222656 -335.388336182 81.410194397 -567.216796875 88.990188599 -571.184082031 371.528594971 -413.408599854 370.802154541 -410.558380127 389.512207031 -417.049743652 735.081054688 115.458702087 557.885864258 523.731445312 18.507707596 864.735656738 -580.966186523 705.489135742 -716.533264160 -83.358718872 -666.303710938 -492.240570068 133.053924561 -863.796813965 613.610656738 -679.510192871
492.153564453 79.702384949 488.001800537 83.429580688 345.663421631 326.359405518 18.064237595 536.830261230 331.340545654 335.832611084 7.290347099 527.089233398 4.521838188 526.925231934 -340.642242432 428.568115234 -338.048156738 413.428100586 -385.687591553 -57.432304382 -356.795562744 407.043273926 -408.239532471 -313.242218018 -396.582946777 -82.302474976 -409.540618896 -329.980316162 -406.931701660 -335.505737305 81.661567688 -568.030639648 89.204147339 -571.988220215 372.244812012 -413.916259766 371.521484375 -411.078094482 390.164031982 -417.559295654 733.888366699 115.493827820 557.784240723 522.656738281 18.180858612 863.496704102 -580.312316895 704.888977051 -715.635559082 -82.527816772 -666.123229980 -490.905792236 133.437240601 -862.682495117 613.398193359 -678.286437988
492.760314941 79.689788818 488.624786377 83.397094727 346.373138428 326.748168945 18.093217850 537.584228516 332.095855713 336.166412354 7.368557453 527.876464844 4.612971783 527.713378906 -341.384094238 429.258300781 -338.791259766 414.170989990 -386.336364746 -57.033828735 -357.468536377 407.825012207 -409.253967285 -313.447235107 -397.167633057 -81.834426880 -410.539916992 -330.105743408 -407.934692383 -335.601959229 81.934997559 -568.839538574 89.440460205 -572.787841797 372.976745605 -414.410339355 372.256683350 -411.584289551 390.832183838 -418.055419922 732.700256348 115.566841125 557.714050293 521.561218262 17.818212509 862.271057129 -579.624389648 704.309204102 -714.711181641 -81.724021912 -665.930236816 -489.562103271 133.851974487 -861.585815430 613.205871582 -677.069030762
493.361755371 79.699371338 489.243041992 83.386756897 347.093170166 327.114349365 18.098918915 538.336486816 332.859802246 336.477569580 7.423536777 528.663146973 4.680889606 528.501281738 -342.114288330 429.962890625 -339.522277832 414.927917480 -386.972869873 -56.633300781 -358.128509521 408.620117188 -410.268585205 -313.631622314 -397.739746094 -81.364334106 -411.538177490 -330.210754395 -408.936218262 -335.677917480 82.230216980 -569.644226074 89.698875427 -573.583557129 373.724121094 -414.892181396 373.007415771 -412.078338623 391.516235352 -418.539398193 731.518493652 115.677543640 557.672424316 520.446960449 17.420383453 861.060424805 -578.902221680 703.750183105 -713.761474609 -80.948554993 -665.716735840 -488.211822510 134.292510986 -860.506958008 613.027954102 -675.860839844
493.958038330 79.731636047 489.856750488 83.399101257 347.822509766 327.457824707 18.081155777 539.087402344 333.631439209 336.765991211 7.455058575 529.449768066 4.725354195 529.289306641 -342.831665039 430.681854248 -340.240142822 415.698944092 -387.597442627 -56.232067108 -358.774353027 409.428527832 -411.282257080 -313.796508789 -398.299621582 -80.893409729 -412.534393311 -330.296478271 -409.935333252 -335.734710693 82.546691895 -570.445373535 89.978851318 -574.376220703 374.486480713 -415.363342285 373.773254395 -412.561737061 392.215759277 -419.012786865 730.344970703 115.825653076 557.656372070 519.315795898 16.988094330 859.866699219 -578.145568848 703.212585449 -712.787658691 -80.202461243 -665.474060059 -486.857818604 134.753158569 -859.445617676 612.858337402 -674.663818359
494.549377441 79.786987305 490.466156006 83.434570312 348.560150146 327.778594971 18.039834976 539.837463379 334.409790039 337.031799316 7.462982655 530.236694336 4.746212482 530.078002930 -343.535156250 431.415161133 -340.943725586 416.483947754 -388.210510254 -55.831405640 -359.405090332 410.250061035 -412.293853760 -313.943176270 -398.847808838 -80.422828674 -413.527496338 -330.364135742 -410.931030273 -335.773559570 82.883682251 -571.243896484 90.279640198 -575.166503906 375.263305664 -415.825469971 374.553649902 -413.036163330 392.930145264 -419.477233887 729.181518555 116.010787964 557.662780762 518.169372559 16.522184372 858.691772461 -577.354553223 702.697143555 -711.790832520 -79.486663818 -665.193115234 -485.503509521 135.228210449 -858.401245117 612.691223145 -673.479919434
495.135925293 79.865707397 491.071472168 83.493469238 349.305023193 328.076782227 17.974952698 540.587097168 335.193847656 337.275238037 7.447255611 531.024414062 4.743399620 530.867736816 -344.223663330 432.162689209 -341.632019043 417.282836914 -388.812622070 -55.432563782 -360.019592285 411.084564209 -413.302124023 -314.073120117 -399.384796143 -79.953712463 -414.516418457 -330.415130615 -411.922241211 -335.795898438 83.240226746 -572.040649414 90.600250244 -575.955322266 376.053955078 -416.280334473 375.347900391 -413.503326416 393.658660889 -419.934509277 728.030273438 116.232482910 557.688415527 517.009155273 16.023603439 857.537597656 -576.529174805 702.204711914 -710.772277832 -78.801994324 -664.873657227 -484.151031494 135.711914062 -857.373107910 612.520874023 -672.311035156
495.717956543 79.967971802 491.672912598 83.576019287 350.056060791 328.352661133 17.886598587 541.336853027 335.982604980 337.496612549 7.407917023 531.813415527 4.716941833 531.658996582 -344.896179199 432.924285889 -342.304016113 418.095458984 -389.404357910 -55.036735535 -360.616912842 411.931793213 -414.305938721 -314.187774658 -399.911285400 -79.487113953 -415.500152588 -330.450897217 -412.908020020 -335.803100586 83.615211487 -572.836669922 90.939544678 -576.743713379 376.857635498 -416.729705811 376.155273438 -413.965087891 394.400482178 -420.386444092 726.893188477 116.490142822 557.729675293 515.836364746 15.493438721 856.406127930 -575.669799805 701.736206055 -709.733032227 -78.149238586 -664.516113281 -482.802398682 136.198562622 -856.360290527 612.341796875 -671.159057617
496.295684814 80.093818665 492.270751953 83.682304382 350.812225342 328.606597900 17.774961472 542.087097168 336.775085449 337.696350098 7.345101357 532.604248047 4.666963577 532.452331543 -345.551666260 433.699707031 -342.958648682 418.921508789 -389.986419678 -54.645080566 -361.196075439 412.791351318 -415.304168701 -314.288604736 -400.427947998 -79.024078369 -416.477661133 -330.472778320 -413.887390137 -335.796478271 84.007354736 -573.633056641 91.296195984 -577.532653809 377.673522949 -417.175506592 376.974884033 -414.423309326 395.154754639 -420.834960938 725.772399902 116.783088684 557.782836914 514.652099609 14.932897568 855.299377441 -574.776733398 701.292663574 -708.674255371 -77.529113770 -664.120788574 -481.459625244 136.682556152 -855.361816406 612.148925781 -670.026000977
496.869415283 80.243164062 492.865325928 83.812294006 351.572387695 328.838989258 17.640308380 542.838562012 337.570343018 337.874938965 7.259033680 533.397399902 4.593678474 533.248229980 -346.189086914 434.488677979 -343.595001221 419.760772705 -390.559478760 -54.258712769 -361.756103516 413.662963867 -416.295837402 -314.376983643 -400.935577393 -78.565589905 -417.448028564 -330.482177734 -414.859924316 -335.777435303 84.415252686 -574.430847168 91.668769836 -578.323242188 378.500671387 -417.619689941 377.805786133 -414.879943848 395.920410156 -421.281982422 724.669982910 117.110504150 557.843750000 513.457458496 14.348164558 854.216796875 -573.850769043 700.875244141 -707.597167969 -76.942314148 -663.688293457 -480.125213623 137.158432007 -854.376525879 611.937500000 -668.914001465
497.439605713 80.415832520 493.457000732 83.965835571 352.335540771 329.050384521 17.483243942 543.591796875 338.367340088 338.032958984 7.150283813 534.193420410 4.497651100 534.047241211 -346.807495117 435.290863037 -344.212127686 420.612854004 -391.124389648 -53.878734589 -362.296173096 414.546173096 -417.280029297 -314.454345703 -401.434967041 -78.112625122 -418.410491943 -330.480468750 -415.824829102 -335.747314453 84.837379456 -575.231384277 92.055702209 -579.116638184 379.338043213 -418.064300537 378.646911621 -415.337036133 396.696411133 -421.729614258 723.586853027 117.467475891 557.907836914 512.253234863 13.745424271 853.157409668 -572.892700195 700.484985352 -706.503051758 -76.389511108 -663.219238281 -478.801239014 137.621002197 -853.403198242 611.703369141 -667.825378418
498.006713867 80.611335754 494.046234131 84.142486572 353.100616455 329.241394043 17.304658890 544.347534180 339.165130615 338.170989990 7.019728184 534.992980957 4.379753590 534.850036621 -347.406005859 436.105834961 -344.809173584 421.477386475 -391.681884766 -53.506221771 -362.815460205 415.440490723 -418.256103516 -314.522247314 -401.926971436 -77.666114807 -419.364898682 -330.469085693 -416.781524658 -335.707550049 85.272117615 -576.035705566 92.455314636 -579.914062500 380.184600830 -418.511413574 379.497161865 -415.796630859 397.481597900 -422.179931641 722.523193359 117.848396301 557.970031738 511.040374756 13.130819321 852.119750977 -571.903625488 700.123107910 -705.393249512 -75.871337891 -662.714111328 -477.489440918 138.065246582 -852.440612793 611.442749023 -666.762817383
498.571380615 80.828918457 494.633636475 84.341506958 353.866485596 329.412597656 17.105686188 545.106506348 339.962768555 338.289733887 6.868504524 535.796691895 4.241127491 535.657165527 -347.983764648 436.933166504 -345.385253906 422.353851318 -392.232910156 -53.142253876 -363.313201904 416.345397949 -419.223480225 -314.582122803 -402.412536621 -77.227005005 -420.310729980 -330.449523926 -417.729583740 -335.659576416 85.717758179 -576.844970703 92.865859985 -580.716552734 381.039154053 -418.963104248 380.355407715 -416.260833740 398.274780273 -422.635009766 721.478881836 118.247627258 558.024536133 509.819732666 12.510414124 851.102294922 -570.884887695 699.790893555 -704.269042969 -75.388420105 -662.173583984 -476.191253662 138.486358643 -851.488037109 611.152648926 -665.729125977
499.134399414 81.067611694 495.219909668 84.561927795 354.632171631 329.564788818 16.887668610 545.869445801 340.759246826 338.389923096 6.697978020 536.605224609 4.083140850 536.469360352 -348.539978027 437.772338867 -345.939727783 423.241790771 -392.778320312 -52.787895203 -363.788726807 417.260345459 -420.181854248 -314.635498047 -402.892639160 -76.796218872 -421.247741699 -330.423217773 -418.668792725 -335.604858398 86.172523499 -577.660461426 93.285514832 -581.525329590 381.900543213 -419.421600342 381.220367432 -416.731842041 399.074645996 -423.097106934 720.453491211 118.659530640 558.064819336 508.592315674 11.889995575 850.102783203 -569.838012695 699.489501953 -703.131958008 -74.941337585 -661.598022461 -474.907928467 138.879730225 -850.544921875 610.831848145 -664.726867676
499.696624756 81.326255798 495.805877686 84.802581787 355.396484375 329.698730469 16.652126312 546.637207031 341.553588867 338.472351074 6.509703159 537.419372559 3.907356739 537.287231445 -349.073944092 438.622741699 -346.471862793 424.140594482 -393.319000244 -52.444217682 -364.241485596 418.184692383 -421.130981445 -314.683959961 -403.368194580 -76.374679565 -422.175750732 -330.391632080 -419.598968506 -335.544860840 86.634536743 -578.483215332 93.712348938 -582.341491699 382.767486572 -419.889007568 382.090850830 -417.211761475 399.879943848 -423.568328857 719.446411133 119.078544617 558.083251953 507.359558105 11.275206566 849.119018555 -568.765075684 699.220092773 -701.983581543 -74.530639648 -660.987976074 -473.640594482 139.241119385 -849.610961914 610.481506348 -663.756835938
500.259033203 81.603546143 496.392486572 85.062149048 356.158416748 329.815307617 16.400728226 547.410583496 342.344848633 338.537933350 6.305397987 538.239746094 3.715504169 538.111511230 -349.585144043 439.483825684 -346.981109619 425.049682617 -393.855926514 -52.112297058 -364.671020508 419.117797852 -422.070739746 -314.728942871 -403.840270996 -75.963340759 -423.094696045 -330.356231689 -420.520111084 -335.480957031 87.101852417 -579.314392090 94.144378662 -583.166076660 383.638854980 -420.367248535 382.965637207 -417.702545166 400.689453125 -424.050628662 718.456665039 119.499168396 558.071411133 506.123291016 10.671556473 848.148803711 -567.668090820 698.983886719 -700.825561523 -74.156845093 -660.343994141 -472.390319824 139.566711426 -848.685668945 610.102539062 -662.819519043
500.822723389 81.898086548 496.980743408 85.339187622 356.916809082 329.915649414 16.135274887 548.190429688 343.131988525 338.587707520 6.086923122 539.067016602 3.509455681 538.942810059 -350.073059082 440.354919434 -347.467102051 425.968414307 -394.390014648 -51.793235779 -365.076965332 420.059020996 -423.001129150 -314.771972656 -404.309936523 -75.563156128 -424.004669189 -330.318511963 -421.432373047 -335.414611816 87.572479248 -580.154968262 94.579566956 -584.000183105 384.513458252 -420.858062744 383.843566895 -418.205902100 401.501953125 -424.545715332 717.483337402 119.916015625 558.021545410 504.885620117 10.084416389 847.189880371 -566.549621582 698.780334473 -699.659484863 -73.820426941 -659.666564941 -471.158203125 139.853073120 -847.768859863 609.695800781 -661.914855957
501.388824463 82.208358765 497.571716309 85.632156372 357.670654297 330.000915527 15.857675552 548.977539062 343.914093018 338.622863770 5.856260777 539.902038574 3.291209936 539.781921387 -350.537414551 441.235351562 -347.929473877 426.896087646 -394.922180176 -51.488132477 -365.459136963 421.007629395 -423.922271729 -314.814575195 -404.778198242 -75.175102234 -424.905792236 -330.279876709 -422.335876465 -335.347229004 88.044372559 -581.005981445 95.015815735 -584.844726562 385.390136719 -421.362915039 384.723449707 -418.723266602 402.316253662 -425.055053711 716.525329590 120.323837280 557.933654785 503.648651123 9.519012451 846.240417480 -565.412292480 698.607177734 -698.487304688 -73.521774292 -658.956359863 -469.945373535 140.097106934 -846.860473633 609.262084961 -661.042846680
501.958496094 82.532791138 498.166503906 85.939407349 358.419006348 330.072387695 15.569952011 549.772644043 344.690399170 338.644592285 5.615509510 540.745361328 3.062880754 540.629394531 -350.978057861 442.124298096 -348.368164062 427.831939697 -395.453338623 -51.198108673 -365.817565918 421.962829590 -424.834320068 -314.858215332 -405.246154785 -74.800178528 -425.798278809 -330.241760254 -423.230926514 -335.280273438 88.515434265 -581.868286133 95.451011658 -585.700561523 386.267761230 -421.883117676 385.604156494 -419.255950928 403.131134033 -425.579895020 715.581420898 120.717552185 557.807861328 502.414184570 8.980419159 845.298706055 -564.258361816 698.461791992 -697.310729980 -73.261238098 -658.214111328 -468.752929688 140.299255371 -845.961547852 608.802062988 -660.203308105
502.532958984 82.869712830 498.766265869 86.259231567 359.161163330 330.131317139 15.274222374 550.576660156 345.460235596 338.654174805 5.366869450 541.597656250 2.826684713 541.485961914 -351.394989014 443.020935059 -348.783233643 428.775146484 -395.984405518 -50.924289703 -366.152343750 422.923858643 -425.737487793 -314.904418945 -405.714843750 -74.439430237 -426.682434082 -330.205627441 -424.117797852 -335.215087891 88.983718872 -582.742675781 95.883171082 -586.568420410 387.145172119 -422.419738770 386.484558105 -419.805023193 403.945434570 -426.121307373 714.650634766 121.092285156 557.644287109 501.183776855 8.473545074 844.363586426 -563.090209961 698.341613770 -696.131774902 -73.039093018 -657.440490723 -467.582061768 140.460174561 -845.072692871 608.316284180 -659.395874023
503.113372803 83.217399597 499.372131348 86.589843750 359.896575928 330.179107666 14.972699165 551.390319824 346.223175049 338.652862549 5.112634659 542.459716797 2.584933043 542.352233887 -351.788421631 443.924346924 -349.174865723 429.724792480 -396.516143799 -50.667804718 -366.463775635 423.889831543 -426.632049561 -314.954620361 -406.185333252 -74.093894958 -427.558593750 -330.172912598 -424.996887207 -335.153106689 89.447410583 -583.629638672 96.310440063 -587.448791504 388.021240234 -422.973602295 387.363464355 -420.371307373 404.758026123 -426.680145264 713.731872559 121.443397522 557.443115234 499.958923340 8.002743721 843.433715820 -561.909973145 698.243652344 -694.952331543 -72.855537415 -656.636352539 -466.433990479 140.580551147 -844.194580078 607.805236816 -658.620117188
503.700897217 83.574043274 499.985198975 86.929367065 360.624847412 330.217102051 14.667663574 552.214294434 346.978881836 338.642028809 4.855164528 543.332031250 2.340001106 543.228759766 -352.158660889 444.833618164 -349.543395996 430.679992676 -397.049346924 -50.429775238 -366.752288818 424.859893799 -427.518341064 -315.010375977 -406.658569336 -73.764663696 -428.427093506 -330.145019531 -425.868591309 -335.095794678 89.904823303 -584.529663086 96.731124878 -588.342163086 388.894897461 -423.545471191 388.239837646 -420.955566406 405.567749023 -427.257019043 712.824218750 121.766487122 557.204528809 498.740936279 7.572012424 842.507751465 -560.719787598 698.164855957 -693.774291992 -72.710662842 -655.802673340 -465.309997559 140.661056519 -843.327392578 607.269226074 -657.875671387
504.296661377 83.937782288 500.606536865 87.275878906 361.345703125 330.246704102 14.361449242 553.049255371 347.727264404 338.623016357 4.596864700 544.215148926 2.094309807 544.116149902 -352.506164551 445.747833252 -349.889312744 431.639862061 -397.584716797 -50.211288452 -367.018402100 425.833221436 -428.396667480 -315.073120117 -407.135498047 -73.452827454 -429.288360596 -330.123474121 -426.733367920 -335.044525146 90.354377747 -585.443115234 97.143630981 -589.248779297 389.765014648 -424.135864258 389.112548828 -421.558258057 406.373474121 -427.852478027 711.926879883 122.057418823 556.928833008 497.531219482 7.184687138 841.585021973 -559.521423340 698.101806641 -692.599670410 -72.604507446 -654.940490723 -464.211334229 140.702362061 -842.471496582 606.708618164 -657.161987305
504.901733398 84.306663513 501.237182617 87.627388000 362.059020996 330.269348145 14.056426048 553.895751953 348.468200684 338.597229004 4.340167522 545.109558105 1.850304127 545.014770508 -352.831542969 446.666076660 -350.213226318 432.603515625 -398.122833252 -50.013401031 -367.262817383 426.808959961 -429.267395020 -315.144378662 -407.616973877 -73.159477234 -430.142791748 -330.109680176 -427.591613770 -335.000762939 90.794616699 -586.370056152 97.546501160 -590.168762207 390.630554199 -424.745178223 389.980529785 -422.179840088 407.174133301 -428.466827393 711.039367676 122.312370300 556.616394043 496.331268311 6.840264320 840.666320801 -558.316528320 698.050781250 -691.430480957 -72.537002563 -654.050903320 -463.139343262 140.705062866 -841.626892090 606.123596191 -656.478698730
505.517120361 84.678672791 501.878112793 87.981803894 362.764739990 330.286529541 13.754789352 554.754272461 349.201751709 338.566009521 4.087311268 546.015563965 1.610232353 545.924865723 -353.135467529 447.587463379 -350.515869141 433.570068359 -398.664154053 -49.837089539 -367.486267090 427.786315918 -430.130828857 -315.225646973 -408.103759766 -72.885704041 -430.990814209 -330.105102539 -428.443847656 -334.965942383 91.224189758 -587.310668945 97.938369751 -591.102172852 391.490447998 -425.373657227 390.842773438 -422.820526123 407.968658447 -429.100311279 710.161254883 122.527786255 556.267578125 495.142517090 6.538149834 839.752197266 -557.106506348 698.007629395 -690.268554688 -72.507987976 -653.135131836 -462.095306396 140.669738770 -840.793579102 605.514160156 -655.825439453
506.143707275 85.051734924 502.530151367 88.337013245 363.462982178 330.299682617 13.458564758 555.625000000 349.928131104 338.530792236 3.840349674 546.933349609 1.376153827 546.846740723 -353.418762207 448.511108398 -350.798004150 434.538726807 -399.209075928 -49.683254242 -367.689575195 428.764587402 -430.987335205 -315.318359375 -408.596496582 -72.632537842 -431.832794189 -330.111236572 -429.290466309 -334.941528320 91.641845703 -588.264709473 98.317993164 -592.048828125 392.343719482 -426.021514893 391.698272705 -423.480499268 408.756011963 -429.752990723 709.292663574 122.701728821 555.882934570 493.966644287 6.277698040 838.843017578 -555.892700195 697.967773438 -689.115783691 -72.517219543 -652.194458008 -461.080566406 140.596847534 -839.971435547 604.880371094 -655.201721191
506.782318115 85.423751831 503.194091797 88.690887451 364.153808594 330.310333252 13.169616699 556.508178711 350.647460938 338.493011475 3.601160765 547.862976074 1.149950981 547.780334473 -353.682312012 449.436248779 -351.060577393 435.508636475 -399.757873535 -49.552680969 -367.873718262 429.743011475 -431.837219238 -315.424011230 -409.095672607 -72.400962830 -432.669006348 -330.129516602 -430.131958008 -334.928955078 92.046432495 -589.232116699 98.684234619 -593.008605957 393.189392090 -426.688751221 392.546020508 -424.159790039 409.535186768 -430.424926758 708.434326172 122.834869385 555.463012695 492.805267334 6.058249474 837.939025879 -554.676086426 697.925842285 -687.974060059 -72.564369202 -651.230346680 -460.096405029 140.486801147 -839.160461426 604.222167969 -654.607299805
507.433593750 85.792778015 503.870544434 89.041450500 364.837402344 330.320007324 12.889656067 557.403686523 351.360015869 338.454162598 3.371459007 548.804382324 0.933337927 548.725585938 -353.927093506 450.361999512 -351.304595947 436.479034424 -400.310791016 -49.446041107 -368.039672852 430.720886230 -432.680786133 -315.544006348 -409.601684570 -72.191886902 -433.499816895 -330.161407471 -430.968750000 -334.929718018 92.436889648 -590.212646484 99.036018372 -593.981140137 394.026458740 -427.375427246 393.385101318 -424.858428955 410.305206299 -431.116027832 707.586669922 122.927894592 555.008605957 491.660156250 5.879159451 837.040100098 -553.457824707 697.875915527 -686.845153809 -72.649024963 -650.244201660 -459.144042969 140.339889526 -838.360412598 603.539428711 -654.041931152
508.098022461 86.156990051 504.559936523 89.386848450 365.513977051 330.330291748 12.620251656 558.311523438 352.066162109 338.415710449 3.152802467 549.757385254 0.727871776 549.682250977 -354.154296875 451.287628174 -351.531219482 437.449218750 -400.867858887 -49.363857269 -368.188568115 431.697601318 -433.518280029 -315.679718018 -410.114807129 -72.006095886 -434.325622559 -330.208343506 -431.801086426 -334.945159912 92.812217712 -591.205810547 99.372375488 -594.966064453 394.854064941 -428.081390381 394.214569092 -425.576293945 411.065185547 -431.826141357 706.749877930 122.981506348 554.520446777 490.533050537 5.739825249 836.146301270 -552.238891602 697.811035156 -685.730773926 -72.770713806 -649.237487793 -458.224700928 140.156326294 -837.571228027 602.831909180 -653.505371094
508.775970459 86.514701843 505.262573242 89.725387573 366.183807373 330.342742920 12.362832069 559.231323242 352.766174316 338.379150391 2.946604729 550.721618652 0.534962595 550.650085449 -354.365081787 452.212402344 -351.741607666 438.418426514 -401.429168701 -49.306499481 -368.321624756 432.672546387 -434.349914551 -315.832550049 -410.635162354 -71.844276428 -435.146789551 -330.271697998 -432.629333496 -334.976745605 93.171493530 -592.211303711 99.692390442 -595.962890625 395.671203613 -428.806518555 395.033508301 -426.313232422 411.814117432 -432.555053711 705.924011230 122.996330261 553.999450684 489.425750732 5.639708519 835.257324219 -551.020690918 697.723449707 -684.632568359 -72.928863525 -648.211791992 -457.339477539 139.936233521 -836.792663574 602.099487305 -652.997619629
509.467590332 86.864311218 505.978576660 90.055473328 366.847106934 330.359039307 12.118700027 560.162780762 353.460449219 338.346069336 2.754144192 551.696716309 0.355883956 551.628601074 -354.560913086 453.135559082 -351.937255859 439.386016846 -401.994720459 -49.274188995 -368.440216064 433.645141602 -435.175933838 -316.003753662 -411.162841797 -71.706947327 -435.963623047 -330.352783203 -433.453887939 -335.025817871 93.513870239 -593.228698730 99.995216370 -596.971252441 396.477050781 -429.550659180 395.841064453 -427.069091797 412.551177979 -433.302551270 705.109191895 122.972953796 553.446594238 488.340026855 5.578348637 834.372924805 -549.804992676 697.604675293 -683.552124023 -73.122848511 -647.168640137 -456.489410400 139.679641724 -836.024719238 601.341857910 -652.518676758
510.172912598 87.204360962 506.708038330 90.375648499 367.504180908 330.380767822 11.889045715 561.105468750 354.149353027 338.318023682 2.576577663 552.682250977 0.191786319 552.617370605 -354.743286133 454.056396484 -352.119659424 440.351287842 -402.564483643 -49.266994476 -368.545806885 434.614837646 -435.996459961 -316.194549561 -411.697753906 -71.594482422 -436.776336670 -330.452941895 -434.275024414 -335.093658447 93.838523865 -594.257324219 100.280067444 -597.990417480 397.270751953 -430.313568115 396.636352539 -427.843627930 413.275451660 -434.068298340 704.305175781 122.911872864 552.862976074 487.277679443 5.555376053 833.492797852 -548.593933105 697.448181152 -682.491088867 -73.351982117 -646.109680176 -455.675506592 139.386489868 -835.267211914 600.558715820 -652.068542480
510.891845703 87.533477783 507.450744629 90.684532166 368.155242920 330.409637451 11.674950600 562.058898926 354.833251953 338.296661377 2.414953470 553.677612305 0.043710414 553.615844727 -354.914031982 454.974334717 -352.290618896 441.313690186 -403.138458252 -49.284835815 -368.640075684 435.581176758 -436.811584473 -316.406005859 -412.239807129 -71.507080078 -437.585144043 -330.573364258 -435.092956543 -335.181518555 94.144706726 -595.296752930 100.546203613 -599.019958496 398.051391602 -431.094970703 397.418518066 -428.636596680 413.986053467 -434.852020264 703.511840820 122.813491821 552.249755859 486.240417480 5.570519447 832.616455078 -547.389526367 697.254211426 -681.450805664 -73.615493774 -645.036437988 -454.898529053 139.056640625 -834.520202637 599.749877930 -651.647460938
511.624206543 87.850372314 508.206512451 90.980880737 368.800537109 330.447357178 11.477404594 563.022460938 355.512512207 338.283569336 2.270222425 554.682189941 -0.087400913 554.623352051 -355.074920654 455.888916016 -352.451934814 442.272827148 -403.716644287 -49.327529907 -368.724761963 436.543914795 -437.621368408 -316.639190674 -412.788909912 -71.444816589 -438.390167236 -330.715148926 -435.907867432 -335.290557861 94.431709290 -596.346313477 100.792930603 -600.059143066 398.818145752 -431.894592285 398.186706543 -429.447662354 414.682189941 -435.653320312 702.729064941 122.678123474 551.608215332 485.229888916 5.623609543 831.743713379 -546.193603516 697.023132324 -680.432067871 -73.909896851 -643.950500488 -454.159301758 138.689895630 -833.783752441 598.914978027 -651.255676270
512.369689941 88.153854370 508.975006104 91.263496399 369.440246582 330.495605469 11.297312737 563.995544434 356.187408447 338.280426025 2.143249750 555.695373535 -0.200690702 555.639221191 -355.227813721 456.799896240 -352.605438232 443.228485107 -404.299133301 -49.394611359 -368.801574707 437.502990723 -438.425811768 -316.894989014 -413.344909668 -71.407417297 -439.191467285 -330.879364014 -436.719818115 -335.421844482 94.698837280 -597.405456543 101.019592285 -601.107360840 399.570190430 -432.712097168 398.940155029 -430.276519775 415.363006592 -436.471832275 701.956481934 122.505973816 550.939636230 484.247680664 5.714581490 830.874023438 -545.008422852 696.755371094 -679.434814453 -74.230232239 -642.853393555 -453.458435059 138.286010742 -833.057922363 598.053894043 -650.893554688
513.127868652 88.442817688 509.755767822 91.531311035 370.074554443 330.556060791 11.135505676 564.977416992 356.858276367 338.288879395 2.034826279 556.716430664 -0.295377374 556.662780762 -355.374572754 457.707183838 -352.752990723 444.180603027 -404.885955811 -49.485324860 -368.872344971 438.458404541 -439.224914551 -317.174194336 -413.907684326 -71.394309998 -439.989044189 -331.066894531 -437.528900146 -335.576324463 94.945449829 -598.473449707 101.225555420 -602.163940430 400.306671143 -433.547149658 399.677978516 -431.122863770 416.027709961 -437.307128906 701.194030762 122.297134399 550.245361328 483.295257568 5.843472481 830.007141113 -543.836120605 696.451599121 -678.458557129 -74.571479797 -641.746582031 -452.796508789 137.844680786 -832.342956543 597.166320801 -650.561523438
513.898315430 88.716224670 510.548370361 91.783294678 370.703521729 330.630432129 10.992753983 565.967407227 357.525329590 338.310516357 1.945677876 557.744567871 -0.370744228 557.693298340 -355.517120361 458.610717773 -352.896545410 445.129180908 -405.477355957 -49.598674774 -368.938842773 439.410308838 -440.018615723 -317.477416992 -414.477111816 -71.404579163 -440.782867432 -331.278503418 -438.335021973 -335.754791260 95.170921326 -599.549621582 101.410232544 -603.228088379 401.026855469 -434.399353027 400.399414062 -431.986267090 416.675476074 -438.158782959 700.441528320 122.051612854 549.526733398 482.373962402 6.010416985 829.142700195 -542.679016113 696.112487793 -677.502441406 -74.928588867 -640.631530762 -452.173889160 137.365570068 -831.639099121 596.252258301 -650.260192871
514.680358887 88.973098755 511.352172852 92.018501282 371.327239990 330.720245361 10.869771004 566.964721680 358.188751221 338.347015381 1.876474380 558.779174805 -0.426131427 558.729919434 -355.657440186 459.510650635 -353.037994385 446.074340820 -406.073516846 -49.733467102 -369.002960205 440.358947754 -440.806823730 -317.805236816 -415.053283691 -71.437080383 -441.572875977 -331.514862061 -439.138183594 -335.958038330 95.374664307 -600.633361816 101.573051453 -604.299194336 401.729858398 -435.268341064 401.103637695 -432.866363525 417.305511475 -439.026367188 699.698730469 121.769309998 548.785095215 481.485015869 6.215641499 828.280456543 -541.539428711 695.738891602 -676.565368652 -75.296463013 -639.509643555 -451.591003418 136.848358154 -830.946838379 595.311645508 -649.990112305
515.473571777 89.212524414 512.166625977 92.236045837 371.945617676 330.827117920 10.767224312 567.968566895 358.848632812 338.399902344 1.827837944 559.819274902 -0.460927039 559.771972656 -355.797485352 460.407043457 -353.179321289 447.016265869 -406.674774170 -49.888359070 -369.066497803 441.304595947 -441.589447021 -318.158050537 -415.636260986 -71.490455627 -442.358917236 -331.776519775 -439.938232422 -336.186584473 95.556098938 -601.723876953 101.713478088 -605.376464844 402.414916992 -436.153686523 401.789886475 -433.762695312 417.917083740 -439.909362793 698.965698242 121.450057983 548.021911621 480.629486084 6.459455013 827.420227051 -540.419494629 695.331726074 -675.645996094 -75.669967651 -638.382202148 -451.048095703 136.292724609 -830.266662598 594.344604492 -649.751953125
516.277099609 89.433647156 512.990966797 92.435089111 372.558532715 330.952423096 10.685737610 568.978149414 359.504943848 338.470611572 1.800348997 560.864196777 -0.474560946 560.818542480 -355.939178467 461.300048828 -353.322387695 447.955078125 -407.281555176 -50.061862946 -369.131347656 442.247528076 -442.366363525 -318.536163330 -416.226165771 -71.563148499 -443.140899658 -332.063873291 -440.735015869 -336.440887451 95.714698792 -602.820434570 101.830993652 -606.459167480 403.081298828 -437.054901123 402.457397461 -434.674865723 418.509429932 -440.807250977 698.242370605 121.093589783 547.238464355 479.808380127 6.742237568 826.561889648 -539.321533203 694.892150879 -674.742614746 -76.043891907 -637.250610352 -450.545318604 135.698394775 -829.599182129 593.351379395 -649.546508789
517.090454102 89.635643005 513.824584961 92.614852905 373.165832520 331.097473145 10.625901222 569.992675781 360.157684326 338.560577393 1.794552326 561.913024902 -0.466498911 561.868774414 -356.084472656 462.189849854 -353.469207764 448.890991211 -407.894195557 -50.252391815 -369.199371338 443.188018799 -443.137451172 -318.939727783 -416.823211670 -71.653465271 -443.918579102 -332.377197266 -441.528320312 -336.721313477 95.849937439 -603.922302246 101.925132751 -607.546508789 403.728240967 -437.971557617 403.105438232 -435.602355957 419.081848145 -441.719482422 697.528869629 120.699592590 546.436096191 479.022521973 7.064425945 825.705383301 -538.247497559 694.421203613 -673.853576660 -76.412933350 -636.116027832 -450.082855225 135.065155029 -828.945068359 592.332275391 -649.374511719
517.912719727 89.817756653 514.666748047 92.774581909 373.767181396 331.263427734 10.588272095 571.011169434 360.806640625 338.671020508 1.810959339 562.964904785 -0.436240584 562.921936035 -356.235321045 463.076568604 -353.621582031 449.824188232 -408.513244629 -50.458236694 -369.272369385 444.126434326 -443.902587891 -319.368804932 -417.427673340 -71.759574890 -444.691833496 -332.716644287 -442.318023682 -337.028076172 95.961357117 -605.028686523 101.995445251 -608.637634277 404.354980469 -438.903076172 403.733306885 -436.544647217 419.633605957 -442.645507812 696.825378418 120.267715454 545.616149902 478.272583008 7.426499844 824.850769043 -537.199401855 693.920104980 -672.976989746 -76.771713257 -634.979736328 -449.660705566 134.392852783 -828.305358887 591.288024902 -649.236572266
518.743164062 89.979240417 515.516540527 92.913589478 374.362304688 331.451293945 10.573375702 572.032897949 361.451599121 338.803100586 1.850050449 564.019042969 -0.383316994 563.976989746 -356.393524170 463.960357666 -353.781433105 450.754791260 -409.139129639 -50.677593231 -369.352172852 445.063018799 -444.661621094 -319.823425293 -418.039825439 -71.879547119 -445.460418701 -333.082305908 -443.103820801 -337.361267090 96.048500061 -606.138793945 102.041534424 -609.731811523 404.960876465 -439.848907471 404.340270996 -437.501190186 420.164123535 -443.584686279 696.132202148 119.797576904 544.779785156 477.559173584 7.828960896 823.998229980 -536.179077148 693.390136719 -672.110839844 -77.114776611 -633.842895508 -449.278900146 133.681503296 -827.680847168 590.219665527 -649.129333496
519.580993652 90.119422913 516.373229980 93.031211853 374.950775146 331.661926270 10.581707001 573.056823730 362.092224121 338.957794189 1.912273884 565.074462891 -0.307291508 565.033142090 -356.560974121 464.841247559 -353.950500488 451.682891846 -409.772338867 -50.908546448 -369.440551758 445.997955322 -445.414398193 -320.303405762 -418.660003662 -72.011299133 -446.224182129 -333.474121094 -443.885559082 -337.720886230 96.110969543 -607.251831055 102.063034058 -610.828186035 405.545379639 -440.808380127 404.925842285 -438.471313477 420.672851562 -444.536315918 695.449707031 119.288772583 543.928283691 476.882781982 8.272313118 823.148071289 -535.188110352 692.832641602 -671.253234863 -77.436569214 -632.706665039 -448.937408447 132.932586670 -827.071105957 589.128540039 -649.049499512
520.425292969 90.237648010 517.235961914 93.126831055 375.532226562 331.895935059 10.613720894 574.082153320 362.728149414 339.135864258 1.998043180 566.130249023 -0.207762122 566.089477539 -356.739410400 465.719329834 -354.130615234 452.608612061 -410.413452148 -51.149066925 -369.539245605 446.931488037 -446.160797119 -320.808563232 -419.288543701 -72.152641296 -446.982879639 -333.891967773 -444.662933350 -338.106842041 96.148513794 -608.366882324 102.059715271 -611.925903320 406.108062744 -441.780639648 405.489593506 -439.454162598 421.159454346 -445.499511719 694.778503418 118.740951538 543.062744141 476.243804932 8.757039070 822.300842285 -534.227966309 692.248901367 -670.402465820 -77.731552124 -631.572326660 -448.635986328 132.148468018 -826.474243164 588.016418457 -648.993530273
521.275329590 90.333320618 518.103820801 93.199882507 376.106170654 332.153869629 10.669837952 575.107849121 363.358978271 339.338012695 2.107732534 567.185607910 -0.084366813 567.145080566 -356.930511475 466.594573975 -354.323364258 453.531921387 -411.062896729 -51.397006989 -369.649932861 447.863708496 -446.900665283 -321.338653564 -419.925811768 -72.301269531 -447.736328125 -334.335632324 -445.435760498 -338.518951416 96.161010742 -609.483215332 102.031517029 -613.024108887 406.648742676 -442.764862061 406.031341553 -440.448883057 421.623748779 -446.473358154 694.119140625 118.153785706 542.184326172 475.642547607 9.283577919 821.457031250 -533.299987793 691.640197754 -669.556945801 -77.994224548 -630.442321777 -448.369384766 131.331420898 -825.888427734 586.885070801 -648.957580566
522.130065918 90.405891418 518.976013184 93.249839783 376.672210693 332.436004639 10.750435829 576.132995605 363.984222412 339.564727783 2.241674185 568.239501953 0.063214093 568.199035645 -357.135864258 467.466918945 -354.530334473 454.452789307 -411.721191406 -51.650093079 -369.774169922 448.794677734 -447.634063721 -321.893066406 -420.572143555 -72.454734802 -448.484466553 -334.804534912 -446.203918457 -338.956695557 96.148521423 -610.599792480 101.978515625 -614.121826172 407.167297363 -443.760009766 406.550964355 -441.454498291 422.065673828 -447.456939697 693.472473145 117.527015686 541.294006348 475.079223633 9.852293968 820.617370605 -532.405273438 691.007873535 -668.715454102 -78.219223022 -629.318542480 -448.131958008 130.483764648 -825.311645508 585.735900879 -648.937500000
522.988708496 90.454856873 519.851562500 93.276229858 377.229888916 332.742553711 10.855841637 577.156616211 364.603424072 339.816375732 2.400150776 569.291015625 0.235250920 569.250305176 -357.356994629 468.336273193 -354.753021240 455.371154785 -412.388793945 -51.905918121 -369.913482666 449.724426270 -448.361114502 -322.470947266 -421.227844238 -72.610488892 -449.227416992 -335.297882080 -446.967437744 -339.419281006 96.111221313 -611.715820312 101.900917053 -615.218261719 407.663848877 -444.765106201 407.048583984 -442.470001221 422.485382080 -448.449218750 692.839355469 116.860496521 540.392944336 474.554046631 10.463454247 819.782836914 -531.544799805 690.353149414 -667.877624512 -78.403900146 -628.202941895 -447.917724609 129.608047485 -824.741821289 584.570068359 -648.928894043
523.850219727 90.479774475 520.729553223 93.278640747 377.778808594 333.073547363 10.986328125 578.177795410 365.216094971 340.093139648 2.583392143 570.339172363 0.431960106 570.298095703 -357.595214844 469.202423096 -354.992767334 456.286834717 -413.066101074 -52.162086487 -370.069274902 450.652862549 -449.082183838 -323.071258545 -421.893096924 -72.765975952 -449.965393066 -335.814575195 -447.726562500 -339.905578613 96.049415588 -612.830200195 101.799057007 -616.312438965 408.138549805 -445.779083252 407.524414062 -443.494354248 422.883056641 -449.449157715 692.220886230 116.154212952 539.482116699 474.067169189 11.117197990 818.954528809 -530.719299316 689.677307129 -667.043823242 -78.548774719 -627.097045898 -447.720306396 128.707244873 -824.177062988 583.388793945 -648.926879883
524.713745117 90.480262756 521.609069824 93.256721497 378.318572998 333.428924561 11.142107010 579.195434570 365.821777344 340.395080566 2.791567087 571.383056641 0.653497875 571.341308594 -357.851776123 470.065155029 -355.250793457 457.199615479 -413.753448486 -52.416389465 -370.242828369 451.579864502 -449.797760010 -323.692779541 -422.568084717 -72.918891907 -450.698822021 -336.353363037 -448.481597900 -340.414337158 95.963562012 -613.942199707 101.673408508 -617.403442383 408.591766357 -446.800781250 407.978759766 -444.526428223 423.259094238 -450.455657959 691.618286133 115.408279419 538.562561035 473.618713379 11.813510895 818.133605957 -529.929382324 688.981506348 -666.214172363 -78.654350281 -626.002197266 -447.532989502 127.784294128 -823.615051270 582.193176270 -648.926208496
525.578308105 90.456024170 522.489196777 93.210197449 378.848846436 333.808441162 11.323321342 580.208618164 366.419982910 340.722137451 3.024776936 572.421691895 0.899952233 572.379028320 -358.127777100 470.924163818 -355.528228760 458.109191895 -414.450958252 -52.666782379 -370.435333252 452.505218506 -450.508514404 -324.334014893 -423.252746582 -73.067100525 -451.428253174 -336.912719727 -449.233123779 -340.944030762 95.854232788 -615.050903320 101.524566650 -618.490478516 409.023956299 -447.829132080 408.412078857 -445.565093994 423.613922119 -451.467651367 691.030090332 114.624954224 537.635131836 473.208740234 12.549270630 817.319763184 -529.175598145 688.266906738 -665.388549805 -78.721115112 -624.919799805 -447.348602295 126.842185974 -823.053222656 580.984191895 -648.920898438
526.442871094 90.406921387 523.368896484 93.138961792 379.369293213 334.211822510 11.529898643 581.216430664 367.010284424 341.074188232 3.282916307 573.454162598 1.171206951 573.410461426 -358.424163818 471.779083252 -355.825988770 459.015289307 -415.158721924 -52.911380768 -370.647827148 453.428649902 -451.215240479 -324.993469238 -423.947021484 -73.208686829 -452.154449463 -337.490997314 -449.981750488 -341.492950439 95.722129822 -616.155456543 101.353233337 -619.572753906 409.435638428 -448.862884521 408.824920654 -446.609161377 423.948150635 -452.483947754 690.454833984 113.806602478 536.700988770 472.837310791 13.320766449 816.512329102 -528.458251953 687.534484863 -664.566650391 -78.749458313 -623.851013184 -447.159698486 125.883979797 -822.488769531 579.763061523 -648.904724121
527.306457520 90.333000183 524.247192383 93.043067932 379.879638672 334.638732910 11.761553764 582.217834473 367.592254639 341.450958252 3.565674067 574.479675293 1.466942072 574.434631348 -358.741790771 472.629547119 -356.144897461 459.917449951 -415.876586914 -53.148437500 -370.881256104 454.349822998 -451.918914795 -325.669311523 -424.650665283 -73.341873169 -452.878265381 -338.086364746 -450.728363037 -342.059234619 95.568046570 -617.255004883 101.160217285 -620.649414062 409.827514648 -449.900848389 409.218017578 -447.657409668 424.262451172 -453.503417969 689.890747070 112.955566406 535.761108398 472.504516602 14.124361992 815.710083008 -527.777709961 686.785217285 -663.748107910 -78.739654541 -622.797302246 -446.958435059 124.912887573 -821.918334961 578.531005859 -648.870544434
528.168090820 90.234420776 525.123168945 92.922706604 380.379669189 335.088684082 12.017820358 583.212097168 368.165557861 341.852111816 3.872564793 575.497314453 1.786665440 575.450805664 -359.081298828 473.475128174 -356.485687256 460.815307617 -416.604400635 -53.376350403 -371.136352539 455.268310547 -452.620727539 -326.359710693 -425.363311768 -73.465049744 -453.600799561 -338.696807861 -451.473968506 -342.640808105 95.392883301 -618.348876953 100.946418762 -621.719787598 410.200408936 -450.941741943 409.592163086 -448.708618164 424.557617188 -454.524810791 689.336242676 112.074699402 534.816894531 472.209045410 14.956464767 814.911621094 -527.134033203 686.020141602 -662.932495117 -78.691886902 -621.760192871 -446.736907959 123.932373047 -821.338317871 577.289855957 -648.810913086
529.026733398 90.111518860 525.995788574 92.778221130 380.869232178 335.561187744 12.298073769 584.198425293 368.729858398 342.277130127 4.202955723 576.506469727 2.129739761 576.458251953 -359.443237305 474.315338135 -356.848907471 461.708404541 -417.341918945 -53.593608856 -371.413848877 456.183715820 -453.321990967 -327.062591553 -426.084594727 -73.576728821 -454.323272705 -339.320129395 -452.219787598 -343.235412598 95.197647095 -619.436218262 100.712837219 -622.783081055 410.555328369 -451.984191895 409.948333740 -449.761413574 424.834594727 -455.546936035 688.789794922 111.166862488 533.870483398 471.947113037 15.813488960 814.115173340 -526.527404785 685.239990234 -662.119384766 -78.606201172 -620.741394043 -446.487091064 122.946197510 -820.744628906 576.041625977 -648.718078613
529.881469727 89.964759827 526.864196777 92.610084534 381.348327637 336.055511475 12.601561546 585.176025391 369.285034180 342.725372314 4.556087971 577.506408691 2.495403767 577.456298828 -359.828033447 475.149688721 -357.234954834 462.596221924 -418.088684082 -53.798831940 -371.714233398 457.095550537 -454.024200439 -327.775756836 -426.813934326 -73.675559998 -455.047149658 -339.953979492 -452.967193604 -343.840606689 94.983467102 -620.516296387 100.460586548 -623.838623047 410.893341064 -453.026855469 410.287689209 -450.814422607 425.094512939 -456.568420410 688.249389648 110.234848022 532.923706055 471.714508057 16.691806793 813.318603516 -525.957885742 684.445678711 -661.308410645 -78.482528687 -619.742492676 -446.203033447 121.958557129 -820.132751465 574.788879395 -648.586791992
530.731445312 89.794708252 527.727539062 92.418876648 381.817138672 336.570800781 12.927414894 586.144165039 369.831054688 343.195983887 4.931095123 578.496459961 2.882790565 578.444335938 -360.235961914 475.977722168 -357.644195557 463.478302002 -418.844299316 -53.990711212 -372.037963867 458.003295898 -454.729003906 -328.496887207 -427.550750732 -73.760284424 -455.773956299 -340.595886230 -453.717620850 -344.453887939 94.751564026 -621.588500977 100.190864563 -624.885742188 411.215728760 -454.068298340 410.611450195 -451.866210938 425.338562012 -457.587951660 687.712890625 109.281394958 531.978210449 471.506744385 17.587688446 812.519592285 -525.425476074 683.637939453 -660.499267578 -78.320693970 -618.763305664 -445.885101318 120.974182129 -819.497863770 573.533874512 -648.417053223
531.575744629 89.602058411 528.584899902 92.205284119 382.275939941 337.106018066 13.274665833 587.102355957 370.368103027 343.687927246 5.327017307 579.476135254 3.290941954 579.421875000 -360.667205811 476.798889160 -358.076843262 464.354095459 -419.608184814 -54.168025970 -372.385375977 458.906433105 -455.437866211 -329.223937988 -428.294372559 -73.829750061 -456.505004883 -341.243621826 -454.472412109 -345.072906494 94.503311157 -622.652038574 99.905021667 -625.923767090 411.523712158 -455.107147217 410.920867920 -452.915466309 425.567932129 -458.604217529 687.177795410 108.309295654 531.035400391 471.319030762 18.497224808 811.715393066 -524.930236816 682.817504883 -659.691711426 -78.120422363 -617.803405762 -445.533447266 119.998397827 -818.834777832 572.278869629 -648.208923340
532.413574219 89.387542725 529.435546875 91.970054626 382.725128174 337.660156250 13.642252922 588.049865723 370.896423340 344.200073242 5.742808342 580.444885254 3.718814373 580.388305664 -361.121856689 477.612670898 -358.532958984 465.223083496 -420.379760742 -54.329631805 -372.756622314 459.804412842 -456.152099609 -329.954895020 -429.044067383 -73.882888794 -457.241607666 -341.895050049 -455.232788086 -345.695526123 94.240234375 -623.706298828 99.604553223 -626.952087402 411.818542480 -456.142059326 411.217163086 -453.960845947 425.783874512 -459.616058350 686.641540527 107.321365356 530.096557617 471.146179199 19.416248322 810.902832031 -524.472167969 681.985046387 -658.885559082 -77.881355286 -616.862121582 -445.148132324 119.037139893 -818.138366699 571.026062012 -647.962646484
533.244079590 89.152008057 530.278747559 91.714019775 383.165313721 338.231994629 14.029027939 588.986328125 371.416473389 344.731170654 6.177338600 581.402221680 4.165283680 581.343261719 -361.599914551 478.418579102 -359.012603760 466.084747314 -421.158355713 -54.474449158 -373.151885986 460.696655273 -456.872863770 -330.687927246 -429.799072266 -73.918701172 -457.984802246 -342.548217773 -455.999725342 -346.319702148 93.964012146 -624.750549316 99.291091919 -627.970092773 412.101440430 -457.171844482 411.501586914 -455.001098633 425.987518311 -460.622253418 686.100891113 106.320579529 529.162963867 470.982604980 20.340213776 810.078430176 -524.051208496 681.141235352 -658.080810547 -77.603065491 -615.938720703 -444.729064941 118.093780518 -817.408081055 569.777648926 -647.678527832
534.066650391 88.896347046 531.113769531 91.438072205 383.597106934 338.820343018 14.433748245 589.911132812 371.928802490 345.279907227 6.629393578 582.347778320 4.629141808 582.286315918 -362.101226807 479.216094971 -359.515716553 466.938598633 -421.943237305 -54.601459503 -373.571166992 461.582641602 -457.601196289 -331.421356201 -430.558502197 -73.936286926 -458.735565186 -343.201324463 -456.774169922 -346.943572998 93.676391602 -625.784301758 98.966339111 -628.977172852 412.373596191 -458.195251465 411.775329590 -456.035095215 426.180114746 -461.621704102 685.552429199 105.310089111 528.235717773 470.822143555 21.264091492 809.238220215 -523.667358398 680.286804199 -657.277648926 -77.285102844 -615.032348633 -444.276000977 117.170318604 -816.645080566 568.536132812 -647.356933594
534.880432129 88.621528625 531.939880371 91.143180847 384.021362305 339.423858643 14.855074883 590.823913574 372.434143066 345.844818115 7.097664356 583.281188965 5.109090328 583.217102051 -362.625671387 480.004730225 -360.042114258 467.784088135 -422.733612061 -54.709705353 -374.014404297 462.461791992 -458.338012695 -332.153503418 -431.321472168 -73.934806824 -459.494689941 -343.852600098 -457.556884766 -347.565368652 93.379058838 -626.806945801 98.631958008 -629.972839355 412.636230469 -459.211242676 412.039611816 -457.061706543 426.362823486 -462.613372803 684.992187500 104.293357849 527.316040039 470.658233643 22.182228088 808.377929688 -523.320739746 679.422302246 -656.476196289 -76.926963806 -614.142272949 -443.788604736 116.268707275 -815.850830078 567.303527832 -646.998474121
535.684814453 88.328575134 532.756469727 90.830360413 384.438964844 340.041137695 15.291555405 591.724243164 372.933349609 346.424407959 7.580735683 584.202087402 5.603724957 584.135314941 -363.173004150 480.783966064 -360.591674805 468.620727539 -423.528686523 -54.798297882 -374.481506348 463.333526611 -459.084045410 -332.882843018 -432.087188721 -73.913513184 -460.262878418 -344.500396729 -458.348541260 -348.183380127 93.073692322 -627.817932129 98.289566040 -630.956665039 412.890625000 -460.218841553 412.295715332 -458.080017090 426.536956787 -463.596435547 684.415832520 103.274269104 526.405456543 470.483642578 23.088260651 807.492858887 -523.011291504 678.548461914 -655.676940918 -76.528175354 -613.267944336 -443.266479492 115.390914917 -815.026916504 566.081665039 -646.603515625
536.479064941 88.018600464 533.562866211 90.500717163 384.851104736 340.670776367 15.741604805 592.611755371 373.427490234 347.017028809 8.077064514 585.110168457 6.111516476 585.040649414 -363.742950439 481.553375244 -361.164062500 469.447998047 -424.327606201 -54.866394043 -374.972290039 464.197357178 -459.839996338 -333.607910156 -432.854644775 -73.871734619 -461.040679932 -345.143157959 -459.149627686 -348.796020508 92.761924744 -628.817016602 97.940788269 -631.928283691 413.138092041 -461.217224121 412.544952393 -459.089141846 426.703796387 -464.570098877 683.818237305 102.257217407 525.505554199 470.290740967 23.975059509 806.578491211 -522.739074707 677.665954590 -654.880432129 -76.088272095 -612.408813477 -442.709167480 114.538703918 -814.174865723 564.872070312 -646.172546387
537.262573242 87.692810059 534.358398438 90.155433655 385.259002686 341.311096191 16.203477859 593.486267090 373.917724609 347.620910645 8.584952354 586.005249023 6.630782127 585.932922363 -364.335113525 482.312500000 -361.759033203 470.265472412 -425.129486084 -54.913230896 -375.486541748 465.052673340 -460.606414795 -334.327209473 -433.622924805 -73.808830261 -461.828582764 -345.779357910 -459.960601807 -349.401733398 92.445373535 -629.803894043 97.587203979 -632.887512207 413.379943848 -462.205688477 412.788665771 -460.088439941 426.864624023 -465.533721924 683.193969727 101.247322083 524.618347168 470.071594238 24.838457108 805.633605957 -522.504150391 676.775451660 -654.087341309 -75.606849670 -611.564453125 -442.116180420 113.713508606 -813.296142578 563.675964355 -645.706054688
538.034667969 87.352500916 535.142517090 89.795799255 385.664123535 341.960479736 16.675386429 594.347412109 374.405548096 348.234100342 9.102657318 586.887145996 7.159794807 586.812011719 -364.949157715 483.060882568 -362.376190186 471.072692871 -425.933349609 -54.938110352 -376.023956299 465.899017334 -461.383789062 -335.039398193 -434.391052246 -73.724266052 -462.626983643 -346.407501221 -460.781799316 -349.999023438 92.125595093 -630.778503418 97.230331421 -633.834350586 413.617492676 -463.183624268 413.028106689 -461.077270508 427.020721436 -466.486816406 682.537292480 100.250457764 523.746276855 469.818328857 25.676816940 804.659790039 -522.306640625 675.877746582 -653.298522949 -75.083587646 -610.734802246 -441.486999512 112.916488647 -812.391845703 562.494567871 -645.204467773
538.794738770 86.999107361 535.914611816 89.423233032 386.068206787 342.617095947 17.155590057 595.195007324 374.892578125 348.854583740 9.628480911 587.755676270 7.696871758 587.677673340 -365.584625244 483.798156738 -363.015167236 471.869201660 -426.738311768 -54.940402985 -376.584197998 466.735870361 -462.172454834 -335.743041992 -435.158050537 -73.617576599 -463.436157227 -347.026153564 -461.613494873 -350.586425781 91.804107666 -631.740844727 96.871665955 -634.768798828 413.851989746 -464.150573730 413.264587402 -462.055206299 427.173400879 -467.428924561 681.846313477 99.270584106 522.890014648 469.530090332 26.488573074 803.658569336 -522.146606445 674.973571777 -652.515136719 -74.518272400 -609.919677734 -440.821197510 112.148590088 -811.463134766 561.328735352 -644.668273926
539.542053223 86.634117126 536.674011230 89.039207458 386.472808838 343.279174805 17.642396927 596.028991699 375.380371094 349.480407715 10.160766602 588.610778809 8.240369797 588.529907227 -366.241088867 484.523925781 -363.675537109 472.654602051 -427.543334961 -54.919574738 -377.166900635 467.562744141 -462.972808838 -336.436859131 -435.922882080 -73.488403320 -464.256317139 -347.633941650 -462.455841064 -351.162536621 91.482368469 -632.691101074 96.512634277 -635.691101074 414.084808350 -465.106079102 413.499420166 -463.021759033 427.323944092 -468.359741211 681.122314453 98.309776306 522.049682617 469.207092285 27.272127151 802.631835938 -522.021301270 674.064147949 -651.738220215 -73.910835266 -609.119262695 -440.118316650 111.410598755 -810.510925293 560.179565430 -644.097839355
540.276245117 86.258995056 537.420349121 88.645179749 386.879486084 343.945098877 18.134160995 596.849243164 375.870391846 350.109680176 10.697898865 589.452514648 8.788685799 589.368774414 -366.917938232 485.237945557 -364.356719971 473.428619385 -428.347686768 -54.875232697 -377.771575928 468.379302979 -463.785034180 -337.119506836 -436.684600830 -73.336456299 -465.087615967 -348.229461670 -463.308959961 -351.725982666 91.161773682 -633.629577637 96.154586792 -636.601501465 414.317169189 -466.049865723 413.733917236 -463.976684570 427.473632812 -469.279022217 680.366699219 97.370254517 521.225036621 468.849456787 28.026020050 801.581298828 -521.926940918 673.150634766 -650.969299316 -73.261360168 -608.333679199 -439.377899170 110.703224182 -809.536193848 559.047851562 -643.493652344
540.996887207 85.875198364 538.153198242 88.242584229 387.289611816 344.613311768 18.629297256 597.655944824 376.364044189 350.740722656 11.238322258 590.281005859 9.340276718 590.194335938 -367.614440918 485.940002441 -365.058013916 474.191040039 -429.150360107 -54.807018280 -378.397491455 469.185272217 -464.609313965 -337.789703369 -437.442169189 -73.161560059 -465.930114746 -348.811401367 -464.172821045 -352.275390625 90.843666077 -634.556457520 95.798851013 -637.500366211 414.550384521 -466.981689453 413.969299316 -464.919708252 427.623718262 -470.186584473 679.580932617 96.453865051 520.416015625 468.457122803 28.749116898 800.508544922 -521.859558105 672.233825684 -650.209838867 -72.570129395 -607.563415527 -438.599670410 110.027091980 -808.539794922 557.934448242 -642.856201172
541.703857422 85.484153748 538.872375488 87.832847595 387.704467773 345.282348633 19.126293182 598.449401855 376.862518311 351.371887207 11.780553818 591.096557617 9.893670082 591.007019043 -368.329772949 486.630126953 -365.778625488 474.941833496 -429.950408936 -54.714668274 -379.043853760 469.980468750 -465.445739746 -338.446105957 -438.194702148 -72.963645935 -466.783843994 -349.378417969 -465.047454834 -352.809448242 90.529342651 -635.472290039 95.446670532 -638.388122559 414.785705566 -467.901306152 414.206878662 -465.850646973 427.775451660 -471.082275391 678.766235352 95.562126160 519.622253418 468.029998779 29.440521240 799.414733887 -521.814819336 671.314270020 -649.461547852 -71.837638855 -606.808959961 -437.783386230 109.382774353 -807.522583008 556.840270996 -642.185913086
542.396972656 85.087242126 539.578002930 87.417327881 388.125274658 345.950836182 19.623714447 599.230041504 377.366912842 352.001647949 12.323184013 591.899597168 10.447468758 591.807312012 -369.062957764 487.308380127 -366.517547607 475.681030273 -430.746765137 -54.598033905 -379.709716797 470.764923096 -466.294372559 -339.087463379 -438.941223145 -72.742736816 -467.648651123 -349.929199219 -465.932678223 -353.326873779 90.220046997 -636.377380371 95.099281311 -639.265197754 415.024353027 -468.808654785 414.447875977 -466.769378662 427.930114746 -471.966064453 677.923706055 94.696250916 518.843750000 467.567901611 30.099517822 798.301086426 -521.788085938 670.392272949 -648.726379395 -71.064880371 -606.070922852 -436.928894043 108.770835876 -806.485473633 555.766174316 -641.483398438
543.076538086 84.685806274 540.270080566 86.997375488 388.553009033 346.617401123 20.120199203 599.998352051 377.878234863 352.628509521 12.864882469 592.690795898 11.000354767 592.595642090 -369.813018799 487.974914551 -367.273803711 476.408813477 -431.538574219 -54.457092285 -380.393981934 471.538696289 -467.155151367 -339.712524414 -439.680877686 -72.498985291 -468.524383545 -350.462493896 -466.828277588 -353.826385498 89.916976929 -637.272338867 94.757835388 -640.132263184 415.267639160 -469.703582764 414.693511963 -467.675781250 428.088897705 -472.837921143 677.054321289 93.857269287 518.080383301 467.070587158 30.725498199 797.168579102 -521.774230957 669.468017578 -648.006530762 -70.253128052 -605.350097656 -436.036163330 108.191825867 -805.429382324 554.713134766 -640.749206543
543.742675781 84.281143188 540.948974609 86.574256897 388.988677979 347.280639648 20.614465714 600.754943848 378.397399902 353.250976562 13.404394150 593.470764160 11.551083565 593.372863770 -370.578857422 488.630065918 -368.046325684 477.125427246 -432.324890137 -54.291954041 -381.095550537 472.302001953 -468.027954102 -340.320037842 -440.412872314 -72.232673645 -469.410858154 -350.977050781 -467.734039307 -354.306732178 89.621307373 -638.157653809 94.423484802 -640.989746094 415.516723633 -470.586059570 414.945037842 -468.569793701 428.253082275 -473.697875977 676.158935547 93.046043396 517.332275391 466.537902832 31.317932129 796.018188477 -521.767517090 668.541381836 -647.301452637 -69.405776978 -604.647399902 -435.105377197 107.646278381 -804.355285645 553.682128906 -639.984008789
544.395751953 83.874481201 541.614990234 86.149208069 389.433105469 347.939270020 21.105297089 601.500610352 378.925140381 353.867645264 13.940529823 594.240173340 12.098480225 594.139526367 -371.359283447 489.274200439 -368.833862305 477.831268311 -433.104919434 -54.102928162 -381.813171387 473.055145264 -468.912567139 -340.908752441 -441.136535645 -71.944244385 -470.307708740 -351.471679688 -468.649536133 -354.766784668 89.334182739 -639.033935547 94.097335815 -641.838378906 415.772857666 -471.456054688 415.203704834 -469.451446533 428.423889160 -474.545959473 675.238464355 92.263389587 516.599731445 465.969573975 31.876323700 794.850952148 -521.761718750 667.612365723 -646.610473633 -68.526046753 -603.963806152 -434.136840820 107.134750366 -803.264160156 552.674011230 -639.188598633
545.036254883 83.467010498 542.268554688 85.723396301 389.887115479 348.591949463 21.591531754 602.236083984 379.462188721 354.477111816 14.472164154 594.999938965 12.641429901 594.896545410 -372.153106689 489.907897949 -369.635192871 478.526885986 -433.877868652 -53.890495300 -382.545501709 473.798583984 -469.808715820 -341.477539062 -441.851135254 -71.634284973 -471.214538574 -351.945220947 -469.574340820 -355.205383301 89.056716919 -639.901855469 93.780471802 -642.678710938 416.037261963 -472.313537598 415.470672607 -470.320709229 428.602539062 -475.382232666 674.293884277 91.510078430 515.882934570 465.365447998 32.400203705 793.667724609 -521.749389648 666.680664062 -645.932617188 -67.617065430 -603.300476074 -433.131072998 106.657768250 -802.157226562 551.690002441 -638.363647461
545.664672852 83.059875488 542.910278320 85.297950745 390.351348877 349.237426758 22.072071075 602.962158203 380.009094238 355.078063965 14.998228073 595.750793457 13.178877831 595.644775391 -372.958984375 490.531799316 -370.448974609 479.212921143 -434.643005371 -53.655269623 -383.291046143 474.532958984 -470.716033936 -342.025177002 -442.556152344 -71.303497314 -472.130889893 -352.396545410 -470.507965088 -355.621490479 88.790008545 -640.761962891 93.473983765 -643.511535645 416.311157227 -473.158569336 415.747161865 -471.177612305 428.790252686 -476.206756592 673.325988770 90.786857605 515.182556152 464.725372314 32.889110565 792.469604492 -521.722473145 665.746337891 -645.266784668 -66.681854248 -602.658569336 -432.088806152 106.215858459 -801.035705566 550.731079102 -637.510192871
546.281616211 82.654182434 543.540710449 84.873970032 390.826416016 349.874359131 22.545852661 603.679809570 380.566406250 355.669097900 15.517695427 596.493713379 13.709811211 596.385131836 -373.775482178 491.146697998 -371.273742676 479.890228271 -435.399627686 -53.397972107 -384.048278809 475.259002686 -471.634094238 -342.550628662 -443.251037598 -70.952659607 -473.056182861 -352.824676514 -471.449829102 -356.014099121 88.535156250 -641.614990234 93.178916931 -644.337524414 416.595733643 -473.991149902 416.034423828 -472.022155762 428.988281250 -477.019653320 672.335937500 90.094482422 514.499023438 464.049255371 33.342597961 791.257690430 -521.671630859 664.809692383 -644.611511230 -65.723350525 -602.039733887 -431.011505127 105.809562683 -799.900817871 549.798400879 -636.629211426
546.887695312 82.251007080 544.160522461 84.452514648 391.312835693 350.501464844 23.011842728 604.389892578 381.134460449 356.248870850 16.029575348 597.229614258 14.233250618 597.118530273 -374.601074219 491.753631592 -372.107849121 480.559783936 -436.147155762 -53.119422913 -384.815368652 475.977752686 -472.562347412 -343.052886963 -443.935333252 -70.582618713 -473.989807129 -353.228698730 -472.399261475 -356.382324219 88.293220520 -642.461547852 92.896324158 -645.157287598 416.892150879 -474.811309814 416.333557129 -472.854400635 429.197875977 -477.820983887 671.324768066 89.433708191 513.833068848 463.337097168 33.760223389 790.033142090 -521.587158203 663.871520996 -643.965148926 -64.744453430 -601.445495605 -429.900695801 105.439376831 -798.754028320 548.893188477 -635.721862793
547.483703613 81.851402283 544.770507812 84.034622192 391.810974121 351.117462158 23.469039917 605.093383789 381.713562012 356.816131592 16.532901764 597.959533691 14.748244286 597.846008301 -375.433990479 492.353851318 -372.949493408 481.222839355 -436.885009766 -52.820499420 -385.590393066 476.690338135 -473.500274658 -343.531036377 -444.608612061 -70.194274902 -474.931152344 -353.607757568 -473.355590820 -356.725402832 88.065261841 -643.302307129 92.627265930 -645.971679688 417.201599121 -475.619049072 416.645782471 -473.674377441 429.420166016 -478.610870361 670.293640137 88.805305481 513.185485840 462.588958740 34.141559601 788.797302246 -521.464477539 662.932861328 -643.325866699 -63.748043060 -600.877258301 -428.757873535 105.105781555 -797.596923828 548.016540527 -634.789367676
548.070312500 81.456413269 545.371337891 83.621330261 392.321197510 351.721069336 23.916452408 605.791320801 382.303955078 357.369567871 17.026725769 598.684387207 15.253858566 598.568542480 -376.272552490 492.948669434 -373.796966553 481.880767822 -437.612701416 -52.502155304 -386.371368408 477.398101807 -474.447204590 -343.984283447 -445.270507812 -69.788574219 -475.879425049 -353.961181641 -474.318115234 -357.042694092 87.852333069 -644.138000488 92.372764587 -646.781311035 417.525177002 -476.414459229 416.972229004 -474.482116699 429.656433105 -479.389373779 669.243835449 88.210044861 512.557250977 461.805023193 34.486186981 787.551513672 -521.303466797 661.994262695 -642.691589355 -62.737220764 -600.336364746 -427.584716797 104.809226990 -796.431091309 547.169738770 -633.833068848
548.648437500 81.067062378 545.963867188 83.213638306 392.843658447 352.310974121 24.353103638 606.484619141 382.905731201 357.907897949 17.510114670 599.405334473 15.749174118 599.287170410 -377.115173340 493.539306641 -374.648529053 482.534759521 -438.329772949 -52.165378571 -387.156433105 478.102233887 -475.402526855 -344.411926270 -445.920715332 -69.366477966 -476.833984375 -354.288391113 -475.286071777 -357.333679199 87.655479431 -644.969238281 92.133865356 -647.586914062 417.864044189 -477.197540283 417.313964844 -475.277679443 429.907775879 -480.156555176 668.176818848 87.648674011 511.949279785 460.985626221 34.793724060 786.297180176 -521.104003906 661.056274414 -642.060058594 -61.715240479 -599.824096680 -426.382873535 104.550125122 -795.258239746 546.353881836 -632.854492188
549.218811035 80.684387207 546.549011230 82.812568665 393.378570557 352.885955811 24.778022766 607.174316406 383.518859863 358.429931641 17.982141495 600.123291016 16.233274460 600.002929688 -377.960296631 494.126953125 -375.502655029 483.186065674 -439.035827637 -51.811214447 -387.943908691 478.803894043 -476.365478516 -344.813354492 -446.558990479 -68.928993225 -477.793975830 -354.588897705 -476.258697510 -357.597930908 87.475723267 -645.796630859 91.911575317 -648.389160156 418.219238281 -477.968353271 417.672088623 -476.061126709 430.175384521 -480.912536621 667.093933105 87.121955872 511.362640381 460.131195068 35.063816071 785.036010742 -520.865905762 660.119567871 -641.428527832 -60.685459137 -599.341613770 -425.154052734 104.328804016 -794.080261230 545.570312500 -631.855224609
549.782409668 80.309440613 547.127624512 82.419143677 393.925933838 353.444763184 25.190233231 607.861511230 384.143310547 358.934478760 18.441881180 600.839355469 16.705249786 600.716918945 -378.806518555 494.712738037 -376.357849121 483.835815430 -439.730590820 -51.440742493 -388.732147217 479.504211426 -477.335327148 -345.188079834 -447.185180664 -68.477127075 -478.758666992 -354.862365723 -477.235168457 -357.835113525 87.314056396 -646.620910645 91.706916809 -649.188842773 418.591766357 -478.726928711 418.047576904 -476.832489014 430.460296631 -481.657318115 665.996948242 86.630615234 510.798492432 459.242370605 35.296146393 783.769653320 -520.589172363 659.184875488 -640.793762207 -59.651371002 -598.890075684 -423.900024414 104.145553589 -792.899108887 544.820007324 -630.836791992
550.340148926 79.943267822 547.700683594 82.034400940 394.485687256 353.986206055 25.588758469 608.547241211 384.778869629 359.420379639 18.888406754 601.554626465 17.164190292 601.430297852 -379.652496338 495.297729492 -377.212707520 484.485046387 -440.413848877 -51.055072784 -389.519622803 480.204162598 -478.311309814 -345.535705566 -447.799194336 -68.011917114 -479.727233887 -355.108551025 -478.214721680 -358.045074463 87.171463013 -647.442565918 91.520866394 -649.986450195 418.982543945 -479.473297119 418.441375732 -477.591857910 430.763549805 -482.390960693 664.887512207 86.175338745 510.258026123 458.319976807 35.490459442 782.499938965 -520.273620605 658.252990723 -640.151855469 -58.616737366 -598.470520020 -422.622589111 104.000572205 -791.716735840 544.104187012 -629.801086426
550.893005371 79.586944580 548.269165039 81.659393311 395.057647705 354.509094238 25.972618103 609.232482910 385.425292969 359.886535645 19.320787430 602.270202637 17.609172821 602.143981934 -380.496948242 495.882965088 -378.065887451 485.134796143 -441.085418701 -50.655353546 -390.304809570 480.904785156 -479.292663574 -345.855987549 -448.400909424 -67.534400940 -480.698883057 -355.327239990 -479.196563721 -358.227691650 87.048889160 -648.262207031 91.354400635 -650.782775879 419.392456055 -480.207580566 418.854370117 -478.339263916 431.086090088 -483.113555908 663.767395020 85.756767273 509.742492676 457.364929199 35.646556854 781.228637695 -519.919189453 657.324829102 -639.498229980 -57.585708618 -598.083923340 -421.323577881 103.893989563 -790.535156250 543.423889160 -628.749938965
551.441894531 79.241592407 548.834045410 81.295204163 395.641601562 355.012359619 26.340826035 609.918273926 386.082183838 360.332000732 19.738092422 602.987060547 18.039278030 602.859191895 -381.338531494 496.469390869 -378.916107178 485.786010742 -441.745208740 -50.242763519 -391.086364746 481.606933594 -480.278533936 -346.148681641 -448.990386963 -67.045646667 -481.672821045 -355.518463135 -480.179870605 -358.382965088 86.947212219 -649.080444336 91.208442688 -651.578247070 419.822296143 -480.929779053 419.287384033 -479.074798584 431.428802490 -483.825164795 662.638488770 85.375503540 509.253173828 456.378417969 35.764312744 779.957702637 -519.525878906 656.401367188 -638.827575684 -56.563022614 -597.731079102 -420.004852295 103.825828552 -789.356445312 542.780029297 -627.685119629
551.987854004 78.908325195 549.396301270 80.942939758 396.237182617 355.494934082 26.692403793 610.605590820 386.749145508 360.755798340 20.139387131 603.706237793 18.453584671 603.576843262 -382.176086426 497.057891846 -379.762054443 486.439575195 -442.393218994 -49.818527222 -391.862823486 482.311492920 -481.268188477 -346.413757324 -449.567657471 -66.546737671 -482.648254395 -355.682250977 -481.163909912 -358.511047363 86.867286682 -649.897705078 91.083854675 -652.373474121 420.272796631 -481.640045166 419.741088867 -479.798583984 431.792510986 -484.525787354 661.502807617 85.032043457 508.791320801 455.361816406 35.843681335 778.689147949 -519.093688965 655.483642578 -638.133728027 -55.554161072 -597.410156250 -418.669006348 103.796020508 -788.182739258 542.173522949 -626.608581543
552.531799316 78.588325500 549.956909180 80.603736877 396.843963623 355.955932617 27.026371002 611.295349121 387.425628662 361.157135010 20.523744583 604.428771973 18.851171494 604.297973633 -383.008361816 497.649322510 -380.602508545 487.096374512 -443.029449463 -49.383941650 -392.632904053 483.019195557 -482.260742188 -346.651275635 -450.132812500 -66.038787842 -483.624359131 -355.818817139 -482.147888184 -358.612121582 86.809867859 -650.714538574 90.981460571 -653.168945312 420.744506836 -482.338500977 420.216094971 -480.510711670 432.177825928 -485.215545654 660.362243652 84.726837158 508.358276367 454.316680908 35.884689331 777.424987793 -518.622680664 654.572631836 -637.410156250 -54.565464020 -597.117675781 -417.318786621 103.804420471 -787.016113281 541.605102539 -625.522277832
553.074768066 78.282775879 550.516906738 80.278755188 397.461456299 356.394439697 27.341766357 611.988525391 388.111022949 361.535278320 20.890245438 605.155517578 19.231126785 605.023620605 -383.834167480 498.244476318 -381.436218262 487.757110596 -443.654113770 -48.940376282 -393.395263672 483.730773926 -483.255340576 -346.861480713 -450.686065674 -65.522979736 -484.600341797 -355.928527832 -483.131042480 -358.686645508 86.775650024 -651.531250000 90.901992798 -653.965148926 421.238006592 -483.025268555 420.712951660 -481.211395264 432.585357666 -485.894561768 659.218933105 84.460220337 507.955230713 453.244689941 35.887466431 776.167236328 -518.113037109 653.669555664 -636.656188965 -53.599586487 -596.850158691 -415.957000732 103.850753784 -785.858581543 541.075500488 -624.428161621
553.617614746 77.992881775 551.077209473 79.969177246 398.089050293 356.809753418 27.637657166 612.685852051 388.804779053 361.889648438 21.237995148 605.887512207 19.592557907 605.754638672 -384.652313232 498.844085693 -382.262023926 488.422546387 -444.267517090 -48.489185333 -394.148620605 484.446899414 -484.251129150 -347.044830322 -451.227783203 -65.000442505 -485.575408936 -356.011932373 -484.112579346 -358.735198975 86.765220642 -652.348327637 90.846107483 -654.762512207 421.753692627 -483.700592041 421.232116699 -481.900817871 433.015625000 -486.562927246 658.074829102 84.232460022 507.583404541 452.147705078 35.852214813 774.917846680 -517.564819336 652.775573730 -635.872924805 -52.657970428 -596.603454590 -414.586120605 103.934684753 -784.712158203 540.585266113 -623.328125000
554.161315918 77.719879150 551.638793945 79.676200867 398.726165771 357.201202393 27.913154602 613.388183594 389.506164551 362.219726562 21.566131592 606.625427246 19.934604645 606.491821289 -385.461578369 499.448822021 -383.078704834 489.093353271 -444.870147705 -48.031650543 -394.891723633 485.168121338 -485.247283936 -347.201934814 -451.758483887 -64.472259521 -486.548767090 -356.069671631 -485.091796875 -358.758453369 86.779090881 -653.166198730 90.814369202 -655.561340332 422.291931152 -484.364685059 421.773895264 -482.579193115 433.468963623 -487.220825195 656.932006836 84.043693542 507.243927002 451.027770996 35.779232025 773.678833008 -516.978332520 651.891967773 -635.061584473 -51.742065430 -596.373046875 -413.208404541 104.055763245 -783.578857422 540.134887695 -622.224243164
554.706604004 77.465011597 552.202453613 79.401023865 399.372131348 357.568359375 28.167417526 614.096069336 390.214477539 362.525177002 21.873832703 607.370117188 20.256446838 607.236022949 -386.260833740 500.059326172 -383.885040283 489.770080566 -445.462707520 -47.569007874 -395.623291016 485.894989014 -486.243011475 -347.333496094 -452.278839111 -63.939445496 -487.519805908 -356.102569580 -486.068054199 -358.757232666 86.817665100 -653.985046387 90.807235718 -656.362060547 422.852966309 -485.017822266 422.338592529 -483.246795654 433.945709229 -487.868530273 655.792419434 83.893989563 506.937866211 449.886962891 35.668899536 772.452087402 -516.354003906 651.019897461 -634.223632812 -50.853370667 -596.153869629 -411.825836182 104.213462830 -782.460510254 539.724060059 -621.118530273
555.254211426 77.229492188 552.768920898 79.144851685 400.026275635 357.910797119 28.399667740 614.810241699 390.929077148 362.805755615 22.160331726 608.122192383 20.557308197 607.987915039 -387.048889160 500.676147461 -384.679901123 490.453277588 -446.045989990 -47.102447510 -396.342163086 486.627899170 -487.237548828 -347.440368652 -452.789703369 -63.402954102 -488.487823486 -356.111541748 -487.041168213 -358.732482910 86.881248474 -654.805358887 90.825065613 -657.164978027 423.436950684 -485.660339355 422.926330566 -483.903991699 434.446014404 -488.506256104 654.657958984 83.783294678 506.666107178 448.727478027 35.521675110 771.239501953 -515.692138672 650.160827637 -633.360473633 -49.993400574 -595.940246582 -410.440277100 104.407173157 -781.359008789 539.348449707 -620.014587402
555.804870605 77.014541626 553.338928223 78.908866882 400.687866211 358.228302002 28.609209061 615.531127930 391.649200439 363.061401367 22.424924850 608.882324219 20.836481094 608.748046875 -387.824615479 501.299774170 -385.462066650 491.143402100 -446.621002197 -46.633121490 -397.047088623 487.367248535 -488.230255127 -347.523590088 -453.292053223 -62.863723755 -489.452270508 -356.097564697 -488.010559082 -358.685211182 86.970046997 -655.627441406 90.868118286 -657.970336914 424.043731689 -486.292816162 423.536987305 -484.551269531 434.969726562 -489.134490967 653.530578613 83.711479187 506.429534912 447.551544189 35.338100433 770.042785645 -514.993408203 649.316101074 -632.473876953 -49.163681030 -595.725524902 -409.053436279 104.636207581 -780.276062012 539.003295898 -618.915344238
556.358947754 76.821304321 553.913024902 78.694190979 401.356231689 358.520751953 28.795425415 616.259216309 392.374206543 363.292114258 22.666978836 609.650878906 21.093318939 609.517028809 -388.586822510 501.930664062 -386.230468750 491.840881348 -447.188812256 -46.162170410 -397.736938477 488.113311768 -489.220489502 -347.584197998 -453.786926270 -62.322654724 -490.413024902 -356.061706543 -488.975830078 -358.616424561 87.084159851 -656.451538086 90.936561584 -658.778503418 424.672973633 -486.915924072 424.170196533 -485.189392090 435.516510010 -489.753936768 652.412048340 83.678306580 506.228881836 446.361358643 35.118766785 768.863708496 -514.258361816 648.487121582 -631.565551758 -48.365711212 -595.502380371 -407.667053223 104.897720337 -779.212890625 538.683593750 -617.823730469
556.916931152 76.650878906 554.491699219 78.501914978 402.030700684 358.788146973 28.957803726 616.994873047 393.103454590 363.498046875 22.885942459 610.428344727 21.327259064 610.295166016 -389.334411621 502.569152832 -386.983978271 492.546020508 -447.750579834 -45.690723419 -398.410614014 488.866394043 -490.207702637 -347.623413086 -454.275512695 -61.780635834 -491.369689941 -356.005187988 -489.936523438 -358.527313232 87.223495483 -657.278015137 91.030319214 -659.589721680 425.324096680 -487.530548096 424.825408936 -485.819152832 436.085723877 -490.365356445 651.304077148 83.683471680 506.063110352 445.159423828 34.864341736 767.703735352 -513.487854004 647.675415039 -630.637390137 -47.600940704 -595.262268066 -406.283142090 105.186782837 -778.169799805 538.384155273 -616.742065430
557.479064941 76.504257202 555.075195312 78.333023071 402.710571289 359.030731201 29.095928192 617.738342285 393.836242676 363.679534912 23.081359863 611.215087891 21.537824631 611.082946777 -390.066345215 503.215576172 -387.721496582 493.259124756 -448.307464600 -45.219905853 -399.067047119 489.626586914 -491.191436768 -347.642578125 -454.758972168 -61.238552094 -492.321899414 -355.929229736 -490.892364502 -358.419097900 87.387672424 -658.107238770 91.149055481 -660.404357910 425.996368408 -488.137725830 425.501861572 -486.441589355 436.676574707 -490.969818115 650.208312988 83.726585388 505.929382324 443.948120117 34.575546265 766.564514160 -512.682678223 646.882385254 -629.691467285 -46.870738983 -594.996154785 -404.904144287 105.498413086 -777.146789551 538.099426270 -615.672790527
558.045593262 76.382324219 555.663818359 78.188400269 403.395141602 359.248779297 29.209489822 618.489807129 394.571990967 363.836975098 23.252859116 612.011352539 21.724630356 611.880554199 -390.781555176 503.870208740 -388.442047119 493.980407715 -448.860778809 -44.750850677 -399.705200195 490.394073486 -492.171325684 -347.643218994 -455.238586426 -60.697303772 -493.269378662 -355.835266113 -491.843139648 -358.293151855 87.576034546 -658.939636230 91.292121887 -661.222717285 426.688873291 -488.738647461 426.198638916 -487.057891846 437.288177490 -491.568420410 649.126342773 83.807189941 505.824645996 442.729614258 34.253139496 765.447387695 -511.843841553 646.109619141 -628.729736328 -46.176380157 -594.694458008 -403.533142090 105.827545166 -776.143371582 537.823730469 -614.617919922
558.616455078 76.285820007 556.257690430 78.068809509 404.083740234 359.442840576 29.298286438 619.249572754 395.310058594 363.971008301 23.400165558 612.817321777 21.887380600 612.688171387 -391.479034424 504.533233643 -389.144592285 494.709991455 -449.411834717 -44.284717560 -400.324157715 491.168853760 -493.147094727 -347.626953125 -455.715637207 -60.157794952 -494.211883545 -355.724761963 -492.788696289 -358.150939941 87.787719727 -659.775634766 91.458671570 -662.045166016 427.400573730 -489.334594727 426.914703369 -487.669281006 437.919372559 -492.162445068 648.059631348 83.924774170 505.745513916 441.505737305 33.897933960 764.353637695 -510.972534180 645.358581543 -627.754394531 -45.519016266 -594.356079102 -402.172241211 106.169036865 -775.158752441 537.551269531 -613.579406738
559.191711426 76.215362549 556.856811523 77.974899292 404.775665283 359.613494873 29.362209320 620.017639160 396.049865723 364.082305908 23.523096085 613.633178711 22.025871277 613.506042480 -392.157836914 505.204803467 -389.828247070 495.448059082 -449.961914062 -43.822685242 -400.923004150 491.950988770 -494.118957520 -347.595581055 -456.191497803 -59.620956421 -495.149505615 -355.599365234 -493.729095459 -357.993957520 88.021659851 -660.615600586 91.647621155 -662.872192383 428.130340576 -489.926940918 427.648864746 -488.277191162 438.569000244 -492.753265381 647.009582520 84.078758240 505.688354492 440.277923584 33.510780334 763.284545898 -510.069946289 644.630737305 -626.767395020 -44.899677277 -593.981567383 -400.823303223 106.517692566 -774.191772461 537.276000977 -612.559204102
559.771240234 76.171394348 557.461242676 77.907173157 405.470245361 359.761535645 29.401254654 620.794128418 396.790893555 364.171691895 23.621561050 614.458984375 22.139991760 614.334228516 -392.817108154 505.885009766 -390.492095947 496.194580078 -450.512359619 -43.365955353 -401.500915527 492.740417480 -495.087036133 -347.550811768 -456.667541504 -59.087749481 -496.082366943 -355.460571289 -494.664581299 -357.823760986 88.276618958 -661.460144043 91.857711792 -663.704223633 428.876861572 -490.517211914 428.399841309 -488.883087158 439.235626221 -493.342376709 645.977600098 84.268501282 505.649200439 439.047485352 33.092578888 762.241394043 -509.137390137 643.927551270 -625.770935059 -44.319236755 -593.571472168 -399.488525391 106.868209839 -773.241088867 536.991943359 -611.559143066
560.354919434 76.154235840 558.070800781 77.865982056 406.166961670 359.887725830 29.415502548 621.579223633 397.532684326 364.239990234 23.695552826 615.294799805 22.229709625 615.172729492 -393.455993652 506.573913574 -391.135406494 496.949645996 -451.064483643 -42.915771484 -402.057189941 493.537048340 -496.051574707 -347.494415283 -457.145080566 -58.559165955 -497.010894775 -355.310028076 -495.595550537 -357.641876221 88.551208496 -662.309814453 92.087547302 -664.541748047 429.638702393 -491.106994629 429.166137695 -489.488555908 439.917816162 -493.931396484 644.964965820 84.493270874 505.623779297 437.815399170 32.648361206 761.223449707 -508.176269531 643.250427246 -624.766967773 -43.778430939 -593.126647949 -398.170196533 107.215187073 -772.305114746 536.693176270 -610.581115723
560.942687988 76.164031982 558.685424805 77.851554871 406.865234375 359.993041992 29.405347824 622.372802734 398.274780273 364.288177490 23.745384216 616.140625000 22.295324326 616.021606445 -394.073730469 507.271484375 -391.757385254 497.713226318 -451.619598389 -42.473392487 -402.591125488 494.340759277 -497.012969971 -347.428192139 -457.625518799 -58.036235809 -497.935546875 -355.149322510 -496.522583008 -357.449829102 88.843887329 -663.165222168 92.335540771 -665.385253906 430.414306641 -491.697967529 429.946228027 -490.095245361 440.613922119 -494.521972656 643.971923828 84.748420715 505.607238770 436.582489014 32.183406830 760.229553223 -507.188110352 642.600769043 -623.757507324 -43.277832031 -592.648010254 -396.870422363 107.553115845 -771.382263184 536.373901367 -609.627136230
561.534362793 76.200569153 559.305053711 77.863739014 407.564636230 360.078430176 29.371475220 623.174987793 399.016845703 364.317230225 23.771669388 616.996398926 22.337429047 616.880798340 -394.669708252 507.977783203 -392.357452393 498.485229492 -452.178924561 -42.040103912 -403.102203369 495.151428223 -497.971618652 -347.353912354 -458.110168457 -57.520030975 -498.856903076 -354.980102539 -497.446258545 -357.249206543 89.152976990 -664.026855469 92.599983215 -666.235412598 431.201995850 -492.291870117 430.738372803 -490.704895020 441.322174072 -495.115783691 642.998352051 85.029190063 505.594390869 435.349456787 31.703044891 759.258056641 -506.174407959 641.979797363 -622.744384766 -42.817867279 -592.136413574 -395.591094971 107.876411438 -770.470581055 536.028625488 -608.699279785
562.129882812 76.263343811 559.929504395 77.902091980 408.264709473 360.144989014 29.314825058 623.985839844 399.758605957 364.328216553 23.775289536 617.862121582 22.356893539 617.750183105 -395.243286133 508.692657471 -392.935028076 499.265563965 -452.743682861 -41.617214203 -403.589935303 495.968872070 -498.928009033 -347.273376465 -458.600341797 -57.011650085 -499.775573730 -354.803924561 -498.367218018 -357.041564941 89.476676941 -664.895385742 92.879020691 -667.092712402 431.999969482 -492.890472412 431.540771484 -491.319274902 442.040710449 -495.714691162 642.043762207 85.330718994 505.579315186 434.117095947 31.212682724 758.306884766 -505.136749268 641.388732910 -621.729492188 -42.398807526 -591.592773438 -394.334045410 108.179382324 -769.568420410 535.653198242 -607.799316406
562.729187012 76.351539612 560.558837891 77.965866089 408.965148926 360.193817139 29.236560822 624.805236816 400.499877930 364.322235107 23.757368088 618.737670898 22.354831696 618.629638672 -395.793975830 509.416076660 -393.489624023 500.054138184 -453.314910889 -41.206027985 -404.053955078 496.792907715 -499.882659912 -347.188323975 -459.097320557 -56.512226105 -500.692138672 -354.622406006 -499.286071777 -356.828399658 89.813034058 -665.771484375 93.170661926 -667.957763672 432.806304932 -493.495605469 432.351501465 -491.940185547 442.767517090 -496.320465088 641.107238770 85.648063660 505.555633545 432.886291504 30.717824936 757.373840332 -504.076751709 640.828674316 -620.714416504 -42.020801544 -591.018127441 -393.101104736 108.456336975 -768.674072266 535.248229980 -606.927185059
563.332458496 76.464149475 561.192993164 78.054092407 409.665679932 360.226165771 29.138057709 625.633300781 401.240478516 364.300476074 23.719253540 619.622924805 22.332584381 619.519104004 -396.321411133 510.147949219 -394.020904541 500.850830078 -453.893676758 -40.807868958 -404.493927002 497.623321533 -500.836059570 -347.100555420 -459.602203369 -56.022926331 -501.607208252 -354.437164307 -500.203521729 -356.611267090 90.159957886 -666.655761719 93.472755432 -668.831176758 433.619293213 -494.108947754 433.168762207 -492.569274902 443.500732422 -496.934661865 640.187622070 85.976142883 505.516510010 431.658416748 30.224107742 756.456054688 -502.996063232 640.300659180 -619.700744629 -41.683856964 -590.413635254 -391.893981934 108.701652527 -767.786010742 534.814025879 -606.082519531
563.939758301 76.599945068 561.832092285 78.165573120 410.366149902 360.243347168 29.020870209 626.470092773 401.980407715 364.264221191 23.662494659 620.517822266 22.291702271 620.418395996 -396.825225830 510.888122559 -394.528533936 501.655487061 -454.480804443 -40.424022675 -404.909729004 498.459960938 -501.788726807 -347.011779785 -460.116149902 -55.544937134 -502.521453857 -354.249725342 -501.120208740 -356.391693115 90.515213013 -667.548828125 93.783035278 -669.713500977 434.437194824 -494.731842041 433.990905762 -493.207946777 444.238647461 -497.558746338 639.283508301 86.309722900 505.454925537 430.435302734 29.737319946 755.550781250 -501.896240234 639.805603027 -618.689819336 -41.387893677 -589.780395508 -390.714447021 108.909889221 -766.903015137 534.351013184 -605.264770508
564.551391602 76.757545471 562.476379395 78.298950195 411.066406250 360.246826172 28.886743546 627.315612793 402.719635010 364.214782715 23.588846207 621.422241211 22.233938217 621.327514648 -397.305236816 511.636474609 -395.012359619 502.468017578 -455.077087402 -40.055767059 -405.301239014 499.302642822 -502.741119385 -346.923767090 -460.640045166 -55.079441071 -503.435455322 -354.061767578 -502.036834717 -356.171203613 90.876449585 -668.451354980 94.099067688 -670.605346680 435.258453369 -495.365631104 434.816253662 -493.857452393 444.979522705 -498.193908691 638.393066406 86.643394470 505.364257812 429.219512939 29.263433456 754.654785156 -500.778961182 639.344360352 -617.682983398 -41.132720947 -589.119750977 -389.564117432 109.077964783 -766.024719238 533.859191895 -604.473327637
565.167724609 76.935417175 563.125976562 78.452674866 411.766448975 360.238159180 28.737594604 628.169982910 403.458282471 364.153686523 23.500249863 622.336181641 22.161241531 622.246276855 -397.761291504 512.392883301 -395.472290039 503.288238525 -455.683105469 -39.704326630 -405.668457031 500.151214600 -503.693817139 -346.838256836 -461.174774170 -54.627639771 -504.349914551 -353.874816895 -502.954040527 -355.951385498 91.241271973 -669.363769531 94.418418884 -671.507263184 436.081481934 -496.011322021 435.643310547 -494.518890381 445.721801758 -498.841186523 637.514526367 86.971542358 505.238647461 428.014221191 28.808593750 753.764953613 -499.645782471 638.917663574 -616.681396484 -40.918079376 -588.432922363 -388.444641113 109.206413269 -765.151367188 533.338562012 -603.707519531
565.789123535 77.131896973 563.781372070 78.625076294 412.466247559 360.219085693 28.575519562 629.033203125 404.196472168 364.082519531 23.398845673 623.259521484 22.075759888 623.174560547 -398.193359375 513.157226562 -395.908294678 504.116027832 -456.299316406 -39.370872498 -406.011505127 501.005493164 -504.647277832 -346.757019043 -461.721008301 -54.190708160 -505.265441895 -353.690551758 -503.872528076 -355.733795166 91.607460022 -670.286682129 94.738822937 -672.419555664 436.904785156 -496.669891357 436.470550537 -495.193115234 446.463928223 -499.501464844 636.645812988 87.288322449 505.076232910 426.822296143 28.379074097 752.878173828 -498.498352051 638.526245117 -615.686035156 -40.743648529 -587.721435547 -387.357574463 109.295730591 -764.282897949 532.788940430 -602.966735840
566.416015625 77.345184326 564.442871094 78.814323425 413.165893555 360.191375732 28.402799606 629.905395508 404.934478760 364.002990723 23.286966324 624.192260742 21.979835510 624.112304688 -398.601531982 513.929443359 -396.320465088 504.951354980 -456.926025391 -39.056510925 -406.330566406 501.865417480 -505.601959229 -346.681823730 -462.279388428 -53.769802094 -506.182647705 -353.510589600 -504.792968750 -355.519989014 91.972930908 -671.220336914 95.058166504 -673.342651367 437.726928711 -497.342071533 437.296508789 -495.880950928 447.204345703 -500.175415039 635.784973145 87.587684631 504.877624512 425.646087646 27.981204987 751.991394043 -497.338165283 638.170593262 -614.697937012 -40.609066010 -586.986694336 -386.304443359 109.346359253 -763.419128418 532.210144043 -602.250305176
567.049072266 77.573318481 565.110900879 79.018409729 413.865570068 360.156829834 28.221897125 630.786621094 405.672546387 363.916748047 23.167135239 625.134216309 21.876007080 625.059387207 -398.985900879 514.709411621 -396.708984375 505.794097900 -457.563446045 -38.762279510 -406.625885010 502.730895996 -506.558349609 -346.614410400 -462.850250244 -53.366039276 -507.102172852 -353.336578369 -505.716003418 -355.311614990 92.335754395 -672.165039062 95.374473572 -674.276611328 438.546508789 -498.028533936 438.119812012 -496.582977295 447.941650391 -500.863677979 634.929992676 87.863395691 504.643463135 424.487792969 27.621221542 751.102050781 -496.166870117 637.851318359 -613.717834473 -40.513938904 -586.230346680 -385.286682129 109.358665466 -762.559692383 531.601806641 -601.557861328
567.688781738 77.814216614 565.785949707 79.235183716 414.565429688 360.117248535 28.035449982 631.676940918 406.410919189 363.825439453 23.042057037 626.085327148 21.766988754 626.015686035 -399.346771240 515.497070312 -397.074157715 506.644195557 -458.211608887 -38.489116669 -406.897888184 503.601928711 -507.516876221 -346.556549072 -463.433929443 -52.980495453 -508.024566650 -353.170196533 -506.642242432 -355.110260010 92.694107056 -673.120849609 95.685905457 -675.221618652 439.362121582 -498.729797363 438.939056396 -497.299774170 448.674346924 -501.566650391 634.079040527 88.109161377 504.374603271 423.349639893 27.300954819 750.209594727 -494.986999512 637.564941406 -612.746582031 -40.457847595 -585.453857422 -384.305633545 109.332916260 -761.704162598 530.963500977 -600.888854980
568.335693359 78.065589905 566.468566895 79.462318420 415.265655518 360.074432373 27.846023560 632.576354980 407.149993896 363.730804443 22.914352417 627.045532227 21.655422211 626.981079102 -399.684570312 516.292297363 -397.416442871 507.501617432 -458.870391846 -38.237888336 -407.147125244 504.478393555 -508.477905273 -346.509979248 -464.030517578 -52.614189148 -508.950439453 -353.013092041 -507.572357178 -354.917572021 93.046264648 -674.087768555 95.990707397 -676.177612305 440.172454834 -499.446258545 439.752868652 -498.031768799 449.401092529 -502.284759521 633.230712891 88.318763733 504.071990967 422.233856201 27.019941330 749.313964844 -493.800872803 637.307495117 -611.784912109 -40.440376282 -584.658691406 -383.362121582 109.269248962 -760.851989746 530.294860840 -600.243103027
568.990539551 78.324996948 567.159179688 79.697288513 415.966552734 360.030181885 27.655996323 633.484924316 407.890106201 363.634521484 22.786447525 628.014648438 21.543735504 627.955322266 -399.999938965 517.094970703 -397.736511230 508.366149902 -459.539611816 -38.009349823 -407.374267578 505.360290527 -509.441741943 -346.476409912 -464.640045166 -52.268081665 -509.880218506 -352.866973877 -508.506835938 -354.735198975 93.390586853 -675.065856934 96.287239075 -677.144531250 440.976135254 -500.178344727 440.559967041 -498.779266357 450.120422363 -503.018218994 632.384460449 88.488716125 503.736633301 421.142547607 26.777706146 748.415039062 -492.610687256 637.074768066 -610.833435059 -40.461101532 -583.845825195 -382.456665039 109.167701721 -760.002868652 529.595458984 -599.620483398
569.653808594 78.589927673 567.858459473 79.937522888 416.668365479 359.986358643 27.467567444 634.402526855 408.631622314 363.538330078 22.660573959 628.992431641 21.434171677 628.938293457 -400.293731689 517.904846191 -398.035156250 509.237701416 -460.218933105 -37.804176331 -407.580261230 506.247467041 -510.408630371 -346.457489014 -465.262390137 -51.943058014 -510.814331055 -352.733398438 -509.446136475 -354.564666748 93.725517273 -676.054870605 96.573905945 -678.122070312 441.771850586 -500.926239014 441.359008789 -499.542572021 450.831024170 -503.767242432 631.540527344 88.619430542 503.369659424 420.077819824 26.573814392 747.512268066 -491.418487549 636.861938477 -609.892761230 -40.519603729 -583.016357422 -381.589599609 109.028190613 -759.156311035 528.864807129 -599.020874023
570.326049805 78.858032227 568.566711426 80.180610657 417.371337891 359.944824219 27.282772064 635.328918457 409.374908447 363.443939209 22.538793564 629.978759766 21.328800201 629.929626465 -400.566864014 518.721740723 -398.313385010 510.116088867 -460.907989502 -37.622928619 -407.766113281 507.139892578 -511.378662109 -346.454772949 -465.897277832 -51.639919281 -511.753021240 -352.613983154 -510.390563965 -354.407562256 94.049537659 -677.054626465 96.849189758 -679.110046387 442.558319092 -501.690185547 442.148712158 -500.321838379 451.531494141 -504.531921387 630.698852539 88.711349487 502.972412109 419.041778564 26.407901764 746.605224609 -490.226287842 636.664062500 -608.963500977 -40.615470886 -582.171203613 -380.761138916 108.850540161 -758.312011719 528.102539062 -598.444519043
571.007751465 79.127113342 569.284362793 80.424308777 418.075775146 359.907470703 27.103504181 636.263916016 410.120361328 363.353149414 22.423017502 630.973144531 21.229534149 630.929016113 -400.820526123 519.545410156 -398.572357178 511.001098633 -461.606262207 -37.466091156 -407.932983398 508.037506104 -512.351806641 -346.469757080 -466.544372559 -51.359401703 -512.696533203 -352.510192871 -511.340423584 -354.265380859 94.361190796 -678.064758301 97.111618042 -680.108093262 443.334228516 -502.470306396 442.927764893 -501.117248535 452.220550537 -505.312316895 629.859252930 88.764816284 502.546173096 418.036407471 26.279718399 745.693176270 -489.036193848 636.475769043 -608.046264648 -40.748302460 -581.311340332 -379.971435547 108.634498596 -757.469848633 527.308288574 -597.891662598
571.699157715 79.395072937 570.011657715 80.666488647 418.781921387 359.876190186 26.931537628 637.207275391 410.868377686 363.267761230 22.315025330 631.975280762 21.138154984 631.935974121 -401.056030273 520.375732422 -398.813385010 511.892669678 -462.313262939 -37.334041595 -408.082153320 508.940307617 -513.328308105 -346.503784180 -467.203216553 -51.102146149 -513.644897461 -352.423461914 -512.295837402 -354.139495850 94.659042358 -679.085021973 97.359764099 -681.115783691 444.098297119 -503.266662598 443.694915771 -501.928833008 452.896820068 -506.108367920 629.021301270 88.780097961 502.092498779 417.063598633 26.189126968 744.775573730 -487.850463867 636.291320801 -607.141662598 -40.917705536 -580.437438965 -379.220458984 108.379730225 -756.629638672 526.481750488 -597.362609863
572.400451660 79.659919739 570.748718262 80.905120850 419.490112305 359.852966309 26.768529892 638.158447266 411.619354248 363.189605713 22.216474533 632.984680176 21.056325912 632.950073242 -401.274810791 521.212524414 -399.037963867 512.790588379 -463.028350830 -37.227073669 -408.215087891 509.848297119 -514.307800293 -346.558197021 -467.873352051 -50.868717194 -514.598144531 -352.355194092 -513.256774902 -354.031341553 94.941696167 -680.114868164 97.592216492 -682.132629395 444.849243164 -504.079345703 444.448852539 -502.756652832 453.559020996 -506.920074463 628.184509277 88.757354736 501.612609863 416.124542236 26.136116028 743.851806641 -486.671539307 636.104980469 -606.250305176 -41.123291016 -579.550170898 -378.508117676 108.085868835 -755.791442871 525.622802734 -596.857910156
573.111816406 79.919761658 571.495605469 81.138290405 420.200500488 359.839691162 26.616054535 639.117004395 412.373565674 363.120544434 22.128931046 634.000793457 20.985609055 633.970764160 -401.478515625 522.055603027 -399.247650146 513.694824219 -463.750915527 -37.145397186 -408.333374023 510.761474609 -515.290161133 -346.634216309 -468.554138184 -50.659587860 -515.556091309 -352.306671143 -514.223266602 -353.942169189 95.207778931 -681.153869629 97.807601929 -683.158020020 445.585815430 -504.908294678 445.188354492 -503.600708008 454.205841064 -507.747253418 627.348571777 88.696609497 501.107635498 415.219909668 26.120784760 742.921386719 -485.502227783 635.911071777 -605.372802734 -41.364669800 -578.650207520 -377.834320068 107.752510071 -754.955505371 524.731445312 -596.378295898
573.833190918 80.172760010 572.252258301 81.364135742 420.913177490 359.838226318 26.475597382 640.082458496 413.131256104 363.062255859 22.053869247 635.023071289 20.927476883 634.997436523 -401.668945312 522.904785156 -399.444305420 514.605224609 -464.480316162 -37.089141846 -408.438690186 511.679901123 -516.274963379 -346.732940674 -469.244964600 -50.475151062 -516.518554688 -352.279144287 -515.195068359 -353.873291016 95.455932617 -682.201477051 98.004570007 -684.191406250 446.306701660 -505.753387451 445.912139893 -504.460876465 454.835998535 -508.589721680 626.513061523 88.597801208 500.578643799 414.350189209 26.143346786 741.983825684 -484.345520020 635.704101562 -604.509948730 -41.641452789 -577.738037109 -377.198822021 107.379249573 -754.122070312 523.807617188 -595.924316406
574.564453125 80.417137146 573.018554688 81.580879211 421.628143311 359.850311279 26.348585129 641.054199219 413.892547607 363.016510010 21.992689133 636.050842285 20.883327484 636.029418945 -401.848052979 523.760009766 -399.629791260 515.521667480 -465.215881348 -37.058361053 -408.532928467 512.603637695 -517.261657715 -346.855468750 -469.945159912 -50.315715790 -517.485168457 -352.273712158 -516.171997070 -353.825805664 95.684799194 -683.257019043 98.181777954 -685.232177734 447.010711670 -506.614562988 446.618957520 -505.337005615 455.448211670 -509.447235107 625.677734375 88.460746765 500.026611328 413.515808105 26.204101562 741.038818359 -483.203826904 635.478759766 -603.662414551 -41.953227997 -576.814086914 -376.601501465 106.965705872 -753.291687012 522.851684570 -595.496948242
575.305419922 80.651145935 573.794250488 81.786773682 422.345275879 359.877624512 26.236377716 642.031494141 414.657440186 362.984924316 21.946731567 637.083435059 20.854496002 637.065979004 -402.017822266 524.621032715 -399.806213379 516.443969727 -465.956909180 -37.053035736 -408.617980957 513.532714844 -518.249755859 -347.002716064 -470.654052734 -50.181522369 -518.455505371 -352.291503906 -517.153625488 -353.800903320 95.893058777 -684.319885254 98.337913513 -686.279479980 447.696563721 -507.491546631 447.307617188 -506.228942871 456.041259766 -510.319488525 624.842285156 88.285171509 499.452545166 412.716918945 26.303426743 740.086242676 -482.079650879 635.230651855 -602.830444336 -42.298377991 -575.878784180 -376.042053223 106.511535645 -752.464965820 521.864135742 -595.097045898
576.055847168 80.873085022 574.578979492 81.980117798 423.064331055 359.921722412 26.140287399 643.013732910 415.425842285 362.968994141 21.917274475 638.120056152 20.842254639 638.106445312 -402.180419922 525.487670898 -399.975585938 517.371948242 -466.702758789 -37.073024750 -408.695831299 514.467041016 -519.238647461 -347.175537109 -471.370880127 -50.072643280 -519.429382324 -352.333496094 -518.139526367 -353.799560547 96.079391479 -685.389404297 98.471679688 -687.332580566 448.363098145 -508.384094238 447.976898193 -507.136383057 456.613952637 -511.206115723 624.006774902 88.070739746 498.857238770 411.953643799 26.441759109 739.126037598 -480.975738525 634.955749512 -602.013244629 -42.672828674 -574.932373047 -375.520294189 106.016456604 -751.642700195 520.845458984 -594.725585938
576.815368652 81.081253052 575.372375488 82.159217834 423.784881592 359.984039307 26.061582565 644.000183105 416.197509766 362.970153809 21.905550003 639.159973145 20.847827911 639.149902344 -402.337951660 526.359497070 -400.140075684 518.305358887 -467.452911377 -37.117950439 -408.768493652 515.406494141 -520.227600098 -347.374755859 -472.094879150 -49.988899231 -520.406127930 -352.400634766 -519.129150391 -353.822784424 96.242507935 -686.464660645 98.581809998 -688.390625000 449.009063721 -509.291900635 448.625610352 -508.058990479 457.165161133 -512.106628418 623.171203613 87.817062378 498.241516113 411.225952148 26.619575500 738.158264160 -479.894897461 634.651000977 -601.209472656 -43.072422028 -573.975280762 -375.035980225 105.480308533 -750.825927734 519.796691895 -594.383544922
577.583496094 81.273971558 576.174011230 82.322418213 424.506530762 360.065887451 26.001485825 644.989929199 416.972137451 362.989746094 21.912738800 640.202392578 20.872386932 640.195678711 -402.492645264 527.236206055 -400.301879883 519.243835449 -468.206756592 -37.187213898 -408.838073730 516.351013184 -521.215759277 -347.601104736 -472.825286865 -49.929851532 -521.385070801 -352.493835449 -520.122131348 -353.871459961 96.381134033 -687.544921875 98.667083740 -689.452758789 449.633392334 -510.214508057 449.252655029 -508.996398926 457.693695068 -513.020568848 622.335754395 87.523719788 497.606109619 410.533843994 26.837369919 737.183227539 -478.840179443 634.314086914 -600.417480469 -43.492855072 -573.007629395 -374.588958740 104.903030396 -750.015686035 518.718872070 -594.072082520
578.359680176 81.449569702 576.983215332 82.468063354 425.228698730 360.168457031 25.961175919 645.982177734 417.749237061 363.029052734 21.939971924 641.246337891 20.917055130 641.242736816 -402.646820068 528.117553711 -400.463287354 520.187072754 -468.963623047 -37.280021667 -408.906768799 517.300476074 -522.202453613 -347.855194092 -473.561340332 -49.894840240 -522.365478516 -352.613922119 -521.117797852 -353.946533203 96.494056702 -688.629272461 98.726303101 -690.517944336 450.234954834 -511.151458740 449.856933594 -509.948089600 458.198608398 -513.947265625 621.500854492 87.190269470 496.951599121 409.877136230 27.095636368 736.201354980 -477.813690186 633.946350098 -599.635131836 -43.929630280 -572.029663086 -374.179016113 104.284713745 -749.213439941 517.613830566 -593.792236328
579.143432617 81.606376648 577.799438477 82.594520569 425.950683594 360.292755127 25.941791534 646.976013184 418.528320312 363.089111328 21.988332748 642.290954590 20.982902527 642.290161133 -402.802703857 529.003112793 -400.626556396 521.134826660 -469.723022461 -37.395408630 -408.976654053 518.254699707 -523.186645508 -348.137634277 -474.302276611 -49.882999420 -523.346618652 -352.761688232 -522.115417480 -354.048828125 96.580078125 -689.716735840 98.758331299 -691.585205078 450.812774658 -512.102233887 450.437469482 -510.913604736 458.678924561 -514.886169434 620.666931152 86.816307068 496.278625488 409.255706787 27.394844055 735.213195801 -476.817474365 633.549011230 -598.859924316 -44.377975464 -571.041564941 -373.806060791 103.625625610 -748.420471191 516.483581543 -593.545288086
579.933898926 81.742744446 578.621826172 82.700164795 426.671752930 360.439697266 25.944417953 647.970520020 419.308746338 363.171020508 22.058849335 643.335266113 21.070940018 643.336975098 -402.962524414 529.892639160 -400.793823242 522.086730957 -470.484375000 -37.532245636 -409.049865723 519.213623047 -524.167419434 -348.449005127 -475.047424316 -49.893245697 -524.327453613 -352.937896729 -523.114135742 -354.179107666 96.638092041 -690.806335449 98.762107849 -692.653503418 451.365997314 -513.066223145 450.993408203 -511.892272949 459.133850098 -515.836608887 619.834716797 86.401451111 495.587677002 408.669403076 27.735410690 734.219604492 -475.853546143 633.123718262 -598.088928223 -44.832714081 -570.043457031 -373.469940186 102.926216125 -747.638488770 515.330261230 -593.332153320
580.730285645 81.857025146 579.449707031 82.783401489 427.391082764 360.610076904 25.970087051 648.964599609 420.089843750 363.275604248 22.152488708 644.378234863 21.182123184 644.382202148 -403.128387451 530.785888672 -400.967224121 523.042663574 -471.247253418 -37.689250946 -409.128417969 520.177124023 -525.143798828 -348.789764404 -475.796325684 -49.924339294 -525.307067871 -353.143218994 -524.113037109 -354.338226318 96.667030334 -691.897033691 98.736625671 -693.721679688 451.893798828 -514.042785645 451.523956299 -512.883483887 459.562683105 -516.797729492 619.005004883 85.945381165 494.879211426 408.118133545 28.117687225 733.221557617 -474.923828125 632.671936035 -597.318908691 -45.288116455 -569.035522461 -373.170623779 102.187126160 -746.869140625 514.155822754 -593.153747559
581.531799316 81.947586060 580.281982422 82.842636108 428.107849121 360.804534912 26.019762039 649.957153320 420.870788574 363.403656006 22.270145416 645.418762207 21.317331314 645.424682617 -403.302459717 531.682617188 -401.148834229 524.002319336 -472.011291504 -37.864978790 -409.214385986 521.145202637 -526.114685059 -349.160400391 -476.548431396 -49.974792480 -526.284484863 -353.378356934 -525.111083984 -354.526855469 96.665916443 -692.987670898 98.680984497 -694.788635254 452.395538330 -515.031188965 452.028442383 -513.886596680 459.964874268 -517.768859863 618.178771973 85.447868347 494.153686523 407.601684570 28.541927338 732.220214844 -474.029571533 632.195129395 -596.545898438 -45.737754822 -568.017883301 -372.908050537 101.409233093 -746.114257812 512.962890625 -593.008544922
582.337341309 82.012832642 581.117736816 82.876319885 428.821105957 361.023559570 26.094335556 650.947204590 421.650817871 363.555877686 22.412647247 646.455749512 21.477369308 646.463317871 -403.486694336 532.582397461 -401.340667725 524.965393066 -472.776214600 -38.057792664 -409.309722900 522.117675781 -527.078918457 -349.561309814 -477.303161621 -50.042900085 -527.258605957 -353.643920898 -526.107360840 -354.745697021 96.633865356 -694.077087402 98.594360352 -695.853149414 452.870697021 -516.030761719 452.506408691 -514.900756836 460.339965820 -518.749206543 617.357238770 84.908798218 493.411407471 407.119995117 29.008266449 731.216918945 -473.171356201 631.694458008 -595.765991211 -46.174346924 -566.990722656 -372.682281494 100.593795776 -745.375915527 511.753662109 -592.893737793
583.145935059 82.051185608 581.955932617 82.882926941 429.529907227 361.267578125 26.194620132 651.933410645 422.429016113 363.732788086 22.580732346 647.488098145 21.662960052 647.497009277 -403.683013916 533.484985352 -401.544525146 525.931579590 -473.541839600 -38.265853882 -409.416229248 523.094421387 -528.035339355 -349.992919922 -478.060150146 -50.126682281 -528.228210449 -353.940551758 -527.100585938 -354.995513916 96.570098877 -695.164184570 98.476058960 -696.914001465 453.318939209 -517.040527344 452.957489014 -515.925170898 460.687744141 -519.737731934 616.541687012 84.328201294 492.652801514 406.672973633 29.516702652 730.213195801 -472.349365234 631.170959473 -594.974731445 -46.589725494 -565.954162598 -372.493347168 99.743682861 -744.654357910 510.530303955 -592.806396484
583.956237793 82.061119080 582.795227051 82.861007690 430.233245850 361.536865234 26.321334839 652.914733887 423.204467773 363.934906006 22.775043488 648.514648438 21.874727249 648.524597168 -403.893035889 534.389953613 -401.762115479 526.900451660 -474.308044434 -38.487071991 -409.535614014 524.075073242 -528.982666016 -350.455566406 -478.819000244 -50.223873138 -529.192077637 -354.268829346 -528.089721680 -355.276947021 96.474029541 -696.247802734 98.325561523 -697.969970703 453.740112305 -518.059570312 453.381500244 -516.958862305 461.008117676 -520.733581543 615.733581543 83.706268311 491.878112793 406.260589600 30.067024231 729.210876465 -471.563781738 630.625549316 -594.168212891 -46.975032806 -564.908325195 -372.341369629 98.862182617 -743.949035645 509.294738770 -592.743591309
584.767089844 82.041152954 583.634399414 82.809127808 430.930114746 361.831604004 26.475090027 653.889892578 423.976226807 364.162567139 22.996124268 649.534118652 22.113189697 649.544860840 -404.118377686 535.296813965 -401.994934082 527.871582031 -475.074890137 -38.719066620 -409.669403076 525.059326172 -529.919555664 -350.949615479 -479.579498291 -50.331863403 -530.148925781 -354.629333496 -529.073425293 -355.590667725 96.345252991 -697.326599121 98.142555237 -699.019836426 454.134155273 -519.086853027 453.778442383 -518.000854492 461.301116943 -521.735717773 614.934509277 83.043365479 491.087677002 405.882904053 30.658687592 728.212280273 -470.814575195 630.059143066 -593.345092773 -47.326126099 -563.853454590 -372.226470947 97.952476501 -743.259155273 508.048614502 -592.702026367
585.577026367 81.989898682 584.472045898 82.725959778 431.619537354 362.151916504 26.656375885 654.857666016 424.743286133 364.416076660 23.244392395 650.545532227 22.378749847 650.556640625 -404.360351562 536.205017090 -402.244354248 528.844421387 -475.842498779 -38.959411621 -409.819030762 526.046813965 -530.844665527 -351.475433350 -480.341400146 -50.447975159 -531.097290039 -355.022644043 -530.050354004 -355.937377930 96.183563232 -698.399414062 97.926887512 -700.062377930 454.501159668 -520.121459961 454.148406982 -519.050109863 461.566955566 -522.743164062 614.146301270 82.340057373 490.281738281 405.539916992 31.291046143 727.219543457 -470.101562500 629.472534180 -592.505920410 -47.642768860 -562.790100098 -372.142974854 97.017646790 -742.583679199 506.793457031 -592.678222656
586.384521484 81.906013489 585.306640625 82.610252380 432.300445557 362.497741699 26.865564346 655.816955566 425.504669189 364.695617676 23.520151138 651.547607422 22.671686172 651.558898926 -404.620269775 537.113952637 -402.511596680 529.818359375 -476.610961914 -39.205806732 -409.985809326 527.037048340 -531.756591797 -352.033050537 -481.104614258 -50.569690704 -532.035766602 -355.449066162 -531.019042969 -356.317413330 95.988861084 -699.465026855 97.678535461 -701.096313477 454.841308594 -521.162170410 454.491546631 -520.105529785 461.805847168 -523.754760742 613.370788574 81.597129822 489.460632324 405.231781006 31.963348389 726.234863281 -469.424621582 628.866271973 -591.651000977 -47.924747467 -561.718566895 -372.084503174 96.060699463 -741.921325684 505.530700684 -592.668518066
587.188049316 81.788276672 586.136718750 82.460830688 432.971801758 362.869049072 27.102901459 656.766601562 426.259338379 365.001342773 23.823581696 652.539367676 22.992158890 652.550537109 -404.899139404 538.022888184 -402.797760010 530.792785645 -477.380462646 -39.456092834 -410.170806885 528.029479980 -532.653991699 -352.622344971 -481.869049072 -50.694625854 -532.963012695 -355.908630371 -531.978332520 -356.730957031 95.761215210 -700.522094727 97.397628784 -702.120422363 455.154876709 -522.208007812 454.808197021 -521.166137695 462.018157959 -524.769531250 612.609863281 80.815551758 488.624633789 404.958618164 32.674739838 725.260314941 -468.783447266 628.241088867 -590.780456543 -48.171836853 -560.638671875 -372.043884277 95.084587097 -741.270629883 504.261535645 -592.668884277
587.985961914 81.635551453 586.960510254 82.276641846 433.632598877 363.265655518 27.368520737 657.705505371 427.006225586 365.333312988 24.154752731 653.519653320 23.340221405 653.530456543 -405.197937012 538.931213379 -403.103790283 531.767028809 -478.151092529 -39.708213806 -410.375152588 529.023437500 -533.535766602 -353.242950439 -482.634521484 -50.820529938 -533.877746582 -356.401153564 -532.926818848 -357.177825928 95.500793457 -701.569396973 97.084396362 -703.133361816 455.442291260 -523.257873535 455.098693848 -522.230773926 462.204345703 -525.786376953 611.865600586 79.996604919 487.774047852 404.720672607 33.424270630 724.297973633 -468.177764893 627.597473145 -589.894653320 -48.383769989 -559.549987793 -372.013031006 94.092407227 -740.630004883 502.987152100 -592.674987793
588.776367188 81.446823120 587.776367188 82.056732178 434.281768799 363.687347412 27.662433624 658.632568359 427.744323730 365.691528320 24.513622284 654.487609863 23.715808868 654.497680664 -405.517456055 539.838134766 -403.430480957 532.740356445 -478.922973633 -39.960208893 -410.599670410 530.018371582 -534.400573730 -353.894378662 -483.400939941 -50.945270538 -534.778625488 -356.926239014 -533.863281250 -357.657684326 95.207885742 -702.605651855 96.739173889 -704.133972168 455.703979492 -524.310546875 455.363555908 -523.298278809 462.364898682 -526.804260254 611.139160156 79.142402649 486.909149170 404.518188477 34.209640503 723.348815918 -467.607330322 626.935791016 -588.993835449 -48.560218811 -558.451782227 -371.982666016 93.087173462 -739.997558594 501.708801270 -592.681884766
589.557617188 81.221221924 588.582519531 81.800292969 434.918334961 364.133819580 27.984491348 659.546752930 428.472534180 366.075836182 24.899993896 655.442199707 24.118711472 655.451354980 -405.858398438 540.742858887 -403.778503418 533.711975098 -479.696136475 -40.210201263 -410.845184326 531.013488770 -535.247497559 -354.575836182 -484.168060303 -51.066822052 -535.664611816 -357.483245850 -534.786560059 -358.169982910 94.882843018 -703.629638672 96.362373352 -705.121032715 455.940521240 -525.364990234 455.603332520 -524.367614746 462.500396729 -527.822143555 610.430114746 78.256256104 486.030334473 404.351501465 35.027267456 722.412536621 -467.071868896 626.256469727 -588.078308105 -48.700820923 -557.343383789 -371.942138672 92.071914673 -739.371093750 500.427642822 -592.684082031
590.327636719 80.958030701 589.377014160 81.506690979 435.541229248 364.604705811 28.334352493 660.447082520 429.189819336 366.486175537 25.313491821 656.382446289 24.548534393 656.390502930 -406.221313477 541.644592285 -404.148498535 534.681152344 -480.470611572 -40.456382751 -411.112396240 532.008117676 -536.075561523 -355.286560059 -484.935729980 -51.183246613 -536.534545898 -358.071441650 -535.695739746 -358.713867188 94.526115417 -704.640197754 95.954483032 -706.093322754 456.152557373 -526.420043945 455.818695068 -525.437683105 462.611572266 -528.838928223 609.737731934 77.341407776 485.137939453 404.220886230 35.873630524 721.488464355 -466.571105957 625.559814453 -587.148559570 -48.805156708 -556.224487305 -371.879669189 91.049652100 -738.747985840 499.144744873 -592.675231934
591.084899902 80.657752991 590.158325195 81.176155090 436.149505615 365.099609375 28.711511612 661.332641602 429.895111084 366.922302246 25.753585815 657.307678223 25.004739761 657.314270020 -406.606658936 542.542419434 -404.540924072 535.647033691 -481.246337891 -40.697013855 -411.401916504 533.001403809 -536.883850098 -356.025451660 -485.703582764 -51.292697906 -537.387451172 -358.689819336 -536.589782715 -359.288360596 94.138214111 -705.636108398 95.516044617 -707.049743652 456.340911865 -527.474609375 456.010375977 -526.507324219 462.699157715 -529.853637695 609.061218262 76.401115417 484.232635498 404.124816895 36.745239258 720.575805664 -466.104858398 624.846069336 -586.205139160 -48.872791290 -555.095397949 -371.782684326 90.023506165 -738.125183105 497.861175537 -592.648193359
591.827880859 80.320953369 590.924926758 80.809257507 436.742218018 365.618011475 29.115327835 662.202575684 430.587402344 367.383880615 26.219610214 658.216918945 25.486654282 658.221984863 -407.014831543 543.435607910 -404.956176758 536.608825684 -482.023254395 -40.930393219 -411.714202881 533.992614746 -537.671691895 -356.791442871 -486.471343994 -51.393409729 -538.222595215 -359.337249756 -537.468017578 -359.892242432 93.719673157 -706.616210938 95.047645569 -707.989074707 456.506378174 -528.527648926 456.179321289 -527.575500488 462.764007568 -530.865234375 608.399597168 75.438560486 483.314971924 404.059448242 37.638481140 719.673461914 -465.672943115 624.115417480 -585.248535156 -48.903263092 -553.956604004 -371.646728516 88.996719360 -737.499145508 496.578155518 -592.594665527
592.554992676 79.948249817 591.675292969 80.406623840 437.318511963 366.159149170 29.545030594 663.055969238 431.265777588 367.870391846 26.710796356 659.109619141 25.993499756 659.112915039 -407.446044922 544.323181152 -405.394561768 537.565612793 -482.801147461 -41.154880524 -412.049713135 534.980957031 -538.438415527 -357.583496094 -487.238616943 -51.483695984 -539.039123535 -360.012695312 -538.329711914 -360.524444580 93.271102905 -707.579284668 94.549888611 -708.910156250 456.650024414 -529.578063965 456.326477051 -528.641174316 462.807067871 -531.872802734 607.751464844 74.456825256 482.385314941 404.020568848 38.549678802 718.780151367 -465.275268555 623.367980957 -584.279479980 -48.896114349 -552.808593750 -371.471405029 87.972816467 -736.865539551 495.297241211 -592.505676270
593.264953613 79.540298462 592.408142090 79.968902588 437.877716064 366.722229004 29.999761581 663.892211914 431.929412842 368.381072998 27.226274490 659.984985352 26.524410248 659.986389160 -407.900604248 545.204223633 -405.856323242 538.516601562 -483.579833984 -41.368885040 -412.408782959 535.965515137 -539.182922363 -358.400878906 -488.004913330 -51.561946869 -539.835815430 -360.715606689 -539.173889160 -361.184234619 92.793106079 -708.524169922 94.023414612 -709.811889648 456.772949219 -530.624816895 456.453002930 -529.703247070 462.829406738 -532.875305176 607.115295410 73.458938599 481.443572998 404.003723145 39.475139618 717.894287109 -464.911804199 622.603942871 -583.298767090 -48.850868225 -551.652221680 -371.256347656 86.955726624 -736.219421387 494.019836426 -592.378784180
593.956298828 79.097793579 593.122009277 79.496788025 438.419189453 367.306243896 30.478574753 664.710632324 432.577575684 368.915130615 27.765113831 660.842590332 27.078447342 660.841918945 -408.378570557 546.077941895 -406.341644287 539.460876465 -484.359069824 -41.570854187 -412.791748047 536.945434570 -539.903869629 -359.243225098 -488.769775391 -51.626640320 -540.611267090 -361.445739746 -539.999206543 -361.871368408 92.286338806 -709.449645996 93.468887329 -710.692993164 456.876373291 -531.666870117 456.560089111 -530.760742188 462.832153320 -533.871887207 606.489257812 72.447807312 480.489440918 404.003906250 40.411109924 717.013671875 -464.582519531 621.823364258 -582.307189941 -48.767082214 -550.488708496 -371.001281738 85.949951172 -735.555114746 492.746948242 -592.214172363
594.627685547 78.621459961 593.815734863 78.991004944 438.942413330 367.910186768 30.980466843 665.510620117 433.209686279 369.471527100 28.326320648 661.681884766 27.654623032 661.679016113 -408.880035400 546.943298340 -406.850677490 540.397583008 -485.138427734 -41.759288788 -413.198852539 537.919799805 -540.599487305 -360.110565186 -489.532592773 -51.676322937 -541.363464355 -362.203460693 -540.804016113 -362.586120605 91.751457214 -710.354553223 92.886955261 -711.552368164 456.961395264 -532.703491211 456.648895264 -531.812927246 462.816314697 -534.861877441 605.871093750 71.426315308 479.522277832 404.015502930 41.353721619 716.135803223 -464.287567139 621.026306152 -581.305847168 -48.644325256 -549.319396973 -370.706054688 84.960708618 -734.866210938 491.479553223 -592.011901855
595.277954102 78.112045288 594.487976074 78.452316284 439.446960449 368.532867432 31.504388809 666.291809082 433.825225830 370.049194336 28.908868790 662.502502441 28.251916885 662.497375488 -409.405029297 547.799438477 -407.383422852 541.325805664 -485.917541504 -41.932746887 -413.630218506 538.887695312 -541.267150879 -361.003265381 -490.292694092 -51.709640503 -542.089416504 -362.989807129 -541.585693359 -363.329498291 91.189132690 -711.237487793 92.278305054 -712.388671875 457.029266357 -533.734130859 456.720642090 -532.859252930 462.783020020 -535.844787598 605.258178711 70.397315979 478.541290283 404.032135010 42.298873901 715.257507324 -464.027038574 620.212829590 -580.295715332 -48.482208252 -548.145690918 -370.370513916 83.993675232 -734.146484375 490.218566895 -591.772216797
595.905883789 77.570297241 595.137634277 77.881484985 439.932556152 369.173126221 32.049255371 667.053649902 434.423736572 370.646881104 29.511697769 663.304199219 28.869272232 663.296691895 -409.953521729 548.645446777 -407.940002441 542.244628906 -486.695922852 -42.089843750 -414.086059570 539.848327637 -541.904541016 -361.920989990 -491.049468994 -51.725322723 -542.089416504 -362.989807129 -541.585693359 -363.329498291 90.600059509 -712.097229004 91.643577576 -713.200500488 457.081115723 -534.758300781 456.776458740 -533.899230957 462.733337402 -536.820251465 604.647521973 69.363700867 477.545532227 404.046478271 43.242118835 714.375000000 -463.801177979 619.382995605 -579.278076172 -48.280387878 -546.969238281 -369.994659424 83.049819946 -733.396606445 488.964935303 -591.495239258
596.510314941 76.997009277 595.763488770 77.279296875 440.398895264 369.829620361 32.613956451 667.795959473 435.005004883 371.263244629 30.133726120 664.086608887 29.505620956 664.076660156 -410.525451660 549.480285645 -408.520324707 543.153137207 -487.473052979 -42.229263306 -414.566436768 540.800598145 -541.904541016 -361.920989990 -491.802093506 -51.722202301 -542.089416504 -362.989807129 -541.585693359 -363.329498291 89.984779358 -712.932434082 90.983337402 -713.986633301 457.118133545 -535.775695801 456.817504883 -534.932617188 462.668273926 -537.788024902 604.035400391 68.328506470 476.534179688 404.049926758 44.178470612 713.483825684 -463.610290527 618.536926270 -578.254272461 -48.038600922 -546.969238281 -369.994659424 82.130073547 -732.617370605 487.719848633 -591.181213379
597.090209961 76.392959595 596.364562988 76.646575928 440.845947266 370.501007080 33.197345734 668.518310547 435.568817139 371.896850586 30.773849487 664.849609375 30.159868240 664.837158203 -411.120697021 550.303039551 -409.124359131 544.050415039 -488.248260498 -42.349758148 -415.071472168 541.743591309 -541.904541016 -361.920989990 -492.550170898 -51.699226379 -542.089416504 -362.989807129 -541.585693359 -363.329498291 89.343704224 -713.741760254 90.297973633 -714.745727539 457.141448975 -536.786132812 456.845001221 -535.959167480 462.588897705 -538.747985840 603.417724609 67.294975281 475.506683350 404.032897949 45.102241516 712.578979492 -463.454742432 617.674743652 -577.225769043 -47.756645203 -546.969238281 -369.994659424 81.235397339 -731.809509277 486.484588623 -590.830444336
597.644409180 75.758972168 596.939758301 75.984130859 441.273712158 371.185760498 33.798255920 669.220642090 436.115295410 372.546020508 31.430946350 665.593078613 30.830907822 665.578063965 -411.739105225 551.112792969 -409.752044678 544.935485840 -489.020965576 -42.450168610 -415.601104736 542.676330566 -541.904541016 -361.920989990 -493.292846680 -51.655422211 -542.089416504 -362.989807129 -541.585693359 -363.329498291 88.677101135 -714.523925781 89.587760925 -715.476257324 457.152221680 -537.789672852 456.860076904 -536.978881836 462.496215820 -539.700134277 602.789489746 66.266784668 474.463317871 403.984802246 46.006885529 711.654663086 -463.334869385 616.796508789 -576.194091797 -47.434421539 -546.969238281 -369.994659424 80.366859436 -730.974060059 485.260589600 -590.443420410
598.171997070 75.095855713 597.488037109 75.292816162 441.682434082 371.882324219 34.415493011 669.902770996 436.644622803 373.208984375 32.103862762 666.316955566 31.517606735 666.299377441 -412.380462646 551.908569336 -410.403228760 545.807434082 -489.790374756 -42.529415131 -416.155395508 543.597900391 -541.904541016 -361.920989990 -494.029266357 -51.589939117 -542.089416504 -362.989807129 -541.585693359 -363.329498291 87.985076904 -715.277343750 88.852844238 -716.176879883 457.151611328 -538.786132812 456.863861084 -537.991821289 462.391296387 -540.644653320 602.145019531 65.248153687 473.405303955 403.898010254 46.885009766 710.705139160 -463.251220703 615.902465820 -575.161010742 -47.071933746 -546.969238281 -369.994659424 79.525627136 -730.112121582 484.049499512 -590.020568848
598.671997070 74.404464722 598.008483887 74.573478699 442.072448730 372.588958740 35.047817230 670.564575195 437.157287598 373.883758545 32.791416168 667.021301270 32.218799591 667.001098633 -413.044586182 552.689331055 -411.077789307 546.665222168 -490.555816650 -42.586521149 -416.734283447 544.507141113 -541.904541016 -361.920989990 -494.758544922 -51.502048492 -542.089416504 -362.989807129 -541.585693359 -363.329498291 87.267616272 -716.000488281 88.093688965 -716.846374512 457.140838623 -539.775756836 456.857604980 -538.997985840 462.275146484 -541.581542969 601.478149414 64.244064331 472.334197998 403.772003174 47.734657288 709.730407715 -463.204284668 614.992797852 -574.128234863 -46.669300079 -546.969238281 -369.994659424 78.712928772 -729.225036621 482.852996826 -589.562561035
598.671997070 74.404464722 598.500061035 73.827140808 442.444213867 373.304046631 35.694087982 671.206298828 437.653656006 374.568511963 33.492523193 667.706298828 32.933433533 667.683471680 -413.731170654 553.454101562 -411.775482178 547.507995605 -491.316467285 -42.620609283 -417.337677002 545.403198242 -541.904541016 -361.920989990 -495.479797363 -51.391139984 -542.089416504 -362.989807129 -541.585693359 -363.329498291 86.525627136 -716.692626953 87.311172485 -717.484191895 457.121032715 -540.758605957 456.842468262 -539.997558594 462.148803711 -542.511047363 600.782653809 63.260250092 471.251983643 403.606414795 48.554824829 708.731689453 -463.194427490 614.067810059 -573.097839355 -46.226764679 -546.969238281 -369.994659424 77.930068970 -728.314270020 481.672851562 -589.070129395
598.671997070 74.404464722 598.500061035 73.827140808 442.798095703 374.026092529 36.353302002 671.827941895 438.134277344 375.261413574 34.206233978 668.372192383 33.660572052 668.346740723 -414.439910889 554.201965332 -412.496124268 548.334716797 -492.071533203 -42.630912781 -417.965484619 546.284851074 -541.904541016 -361.920989990 -496.192138672 -51.256729126 -542.089416504 -362.989807129 -541.585693359 -363.329498291 85.759979248 -717.353210449 86.506088257 -718.089782715 457.093444824 -541.734924316 456.819641113 -540.990783691 462.013305664 -543.433471680 600.782653809 63.260250092 470.160980225 403.401031494 49.344425201 707.710327148 -463.218170166 613.127807617 -572.071655273 -45.744693756 -546.969238281 -369.994659424 77.178344727 -727.381347656 480.510894775 -588.544067383
598.671997070 74.404464722 598.500061035 73.827140808 443.134552002 374.753509521 37.024566650 672.429992676 438.599670410 375.960723877 34.931697845 669.019470215 34.399394989 668.991333008 -415.170318604 554.932006836 -413.239257812 549.144531250 -492.820159912 -42.616786957 -418.617340088 547.151306152 -541.904541016 -361.920989990 -496.894653320 -51.098464966 -542.089416504 -362.989807129 -541.585693359 -363.329498291 84.971473694 -717.981689453 85.679176331 -718.662719727 457.059265137 -542.704895020 456.790374756 -541.977844238 461.869781494 -544.349121094 600.782653809 63.260250092 469.063659668 403.155792236 50.102291107 706.667846680 -463.271942139 612.172668457 -571.051757812 -45.223583221 -546.969238281 -369.994659424 76.459030151 -726.428161621 479.368988037 -587.985412598
598.671997070 74.404464722 598.500061035 73.827140808 443.454101562 375.484863281 37.707084656 673.012817383 439.050415039 376.664733887 35.668170929 669.648620605 35.149173737 669.617797852 -415.921783447 555.643371582 -414.004394531 549.936584473 -493.562042236 -42.577693939 -419.292816162 548.001525879 -541.904541016 -361.920989990 -497.586547852 -50.916118622 -542.089416504 -362.989807129 -541.585693359 -363.329498291 84.160858154 -718.577636719 84.831069946 -719.202575684 457.019744873 -543.668884277 456.755920410 -542.959106445 461.719238281 -545.258239746 600.782653809 63.260250092 467.962432861 402.870727539 50.827198029 705.606018066 -463.351837158 611.202087402 -570.040161133 -44.664058685 -546.969238281 -369.994659424 75.773376465 -725.456420898 478.248962402 -587.395080566
598.671997070 74.404464722 598.500061035 73.827140808 443.757232666 376.218688965 38.400138855 673.576965332 439.487060547 377.371765137 36.414974213 670.260192871 35.909252167 670.226745605 -416.693603516 556.335388184 -414.790832520 550.710144043 -494.296295166 -42.513221741 -419.991241455 548.834777832 -541.904541016 -361.920989990 -498.266998291 -50.709583282 -542.089416504 -362.989807129 -541.585693359 -363.329498291 83.328758240 -719.140625000 83.962272644 -719.709167480 456.976196289 -544.627075195 456.717559814 -543.934753418 461.562805176 -546.161315918 600.782653809 63.260250092 466.859649658 402.546020508 51.517929077 704.526916504 -463.453704834 610.215454102 -569.039062500 -44.066864014 -546.969238281 -369.994659424 75.122550964 -724.468139648 477.152679443 -586.774353027
598.671997070 74.404464722 598.500061035 73.827140808 444.044555664 376.953552246 39.103080750 674.122863770 439.910278320 378.080139160 37.171497345 670.854919434 36.679050446 670.818786621 -417.484863281 557.007324219 -415.597808838 551.464538574 -495.022155762 -42.423069000 -420.711883545 549.650268555 -541.904541016 -361.920989990 -498.935272217 -50.478870392 -542.089416504 -362.989807129 -541.585693359 -363.329498291 82.475654602 -719.670532227 83.073150635 -720.182128906 456.929870605 -545.579833984 456.676574707 -544.905212402 461.401611328 -547.058654785 600.782653809 63.260250092 465.757568359 402.181884766 52.173313141 703.432495117 -463.572998047 609.211975098 -568.050415039 -43.432849884 -546.969238281 -369.994659424 74.507637024 -723.465270996 476.081878662 -586.124389648
598.671997070 74.404464722 598.500061035 73.827140808 444.316558838 377.688018799 39.815330505 674.651184082 440.320617676 378.788238525 37.937191010 671.433471680 37.458030701 671.394653320 -418.294708252 557.658569336 -416.424438477 552.199157715 -495.738891602 -42.307052612 -421.453887939 550.447204590 -541.904541016 -361.920989990 -499.590728760 -50.224102020 -542.089416504 -362.989807129 -541.585693359 -363.329498291 82.475654602 -719.670532227 83.073150635 -720.182128906 456.882110596 -546.527587891 456.634338379 -545.870788574 461.236846924 -547.950744629 600.782653809 63.260250092 464.658355713 401.778656006 52.792247772 702.324951172 -463.704711914 608.190612793 -567.076171875 -42.762966156 -546.969238281 -369.994659424 74.507637024 -723.465270996 475.038299561 -585.446472168
598.671997070 74.404464722 598.500061035 73.827140808 444.573852539 378.420684814 40.536346436 675.162536621 440.718750000 379.494445801 38.711551666 671.996520996 38.245712280 671.955017090 -419.122100830 558.288574219 -417.269714355 552.913452148 -496.445770264 -42.165103912 -422.216217041 551.225036621 -541.904541016 -361.920989990 -500.232757568 -49.945503235 -542.089416504 -362.989807129 -541.585693359 -363.329498291 82.475654602 -719.670532227 83.073150635 -720.182128906 456.834289551 -547.470520020 456.592193604 -546.831787109 461.069641113 -548.838012695 600.782653809 63.260250092 463.564117432 401.336791992 53.373809814 701.206359863 -463.843170166 607.150268555 -566.118408203 -42.058242798 -546.969238281 -369.994659424 74.507637024 -723.465270996 474.023529053 -584.741882324
598.671997070 74.404464722 598.500061035 73.827140808 444.816925049 379.150177002 41.265647888 675.657470703 441.105285645 380.197113037 39.494117737 672.544860840 39.041664124 672.500671387 -419.965881348 558.896789551 -418.132568359 553.606872559 -497.142181396 -41.997264862 -422.997802734 551.983093262 -541.904541016 -361.920989990 -500.860900879 -49.643398285 -542.089416504 -362.989807129 -541.585693359 -363.329498291 82.475654602 -719.670532227 83.073150635 -720.182128906 456.787811279 -548.409057617 456.551544189 -547.788635254 460.901214600 -549.720825195 600.782653809 63.260250092 462.476806641 400.856719971 53.917179108 700.078857422 -463.981903076 606.090698242 -565.178955078 -41.319793701 -546.969238281 -369.994659424 74.507637024 -723.465270996 473.039001465 -584.012084961
598.671997070 74.404464722 598.500061035 73.827140808 445.046325684 379.875000000 42.002796173 676.136657715 441.480834961 380.894622803 40.284473419 673.079162598 39.845481873 673.032287598 -420.824890137 559.482910156 -419.011810303 554.279174805 -497.827514648 -41.803688049 -423.797332764 552.721008301 -541.904541016 -361.920989990 -501.474731445 -49.318180084 -542.089416504 -362.989807129 -541.585693359 -363.329498291 82.475654602 -719.670532227 83.073150635 -720.182128906 456.744049072 -549.343505859 456.513793945 -548.741577148 460.732788086 -550.599731445 600.782653809 63.260250092 461.398437500 400.339050293 54.421630859 698.944580078 -464.113586426 605.011962891 -564.259521484 -40.548774719 -546.969238281 -369.994659424 74.507637024 -723.465270996 472.086120605 -583.258422852
598.671997070 74.404464722 598.500061035 73.827140808 445.262542725 380.593811035 42.747406006 676.600585938 441.845916748 381.585388184 41.082244873 673.600158691 40.656814575 673.550598145 -421.697814941 560.046630859 -419.906158447 554.929992676 -498.501312256 -41.584613800 -424.613494873 553.438476562 -541.904541016 -361.920989990 -502.073974609 -48.970321655 -542.089416504 -362.989807129 -541.585693359 -363.329498291 82.475654602 -719.670532227 83.073150635 -720.182128906 456.704498291 -550.274169922 456.480407715 -549.690979004 460.565612793 -551.475097656 600.782653809 63.260250092 460.330810547 399.784393311 54.886539459 697.805664062 -464.230102539 603.914367676 -563.361877441 -39.746387482 -546.969238281 -369.994659424 74.507637024 -723.465270996 471.166076660 -582.482299805
598.671997070 74.404464722 598.500061035 73.827140808 445.466064453 381.305084229 43.499145508 677.049865723 442.201080322 382.267700195 41.887100220 674.108642578 41.475353241 674.056274414 -422.583221436 560.587951660 -420.814208984 555.559387207 -499.163177490 -41.340373993 -425.444702148 554.135314941 -541.904541016 -361.920989990 -502.658508301 -48.600345612 -542.089416504 -362.989807129 -541.585693359 -363.329498291 82.475654602 -719.670532227 83.073150635 -720.182128906 456.670593262 -551.201416016 456.452850342 -550.637145996 460.400970459 -552.347351074 600.782653809 63.260250092 459.275756836 399.193420410 55.311378479 696.664367676 -464.322784424 602.798461914 -562.487487793 -38.913875580 -546.969238281 -369.994659424 74.507637024 -723.465270996 470.279968262 -581.684997559
598.671997070 74.404464722 598.500061035 73.827140808 445.657257080 382.007385254 44.257736206 677.484985352 442.546813965 382.939971924 42.698757172 674.605163574 42.300834656 674.550048828 -423.479614258 561.106872559 -421.734344482 556.167419434 -499.812835693 -41.071372986 -426.289276123 554.811584473 -541.904541016 -361.920989990 -503.228210449 -48.208820343 -542.089416504 -362.989807129 -541.585693359 -363.329498291 82.475654602 -719.670532227 83.073150635 -720.182128906 456.643829346 -552.125427246 456.432617188 -551.580383301 460.240173340 -553.216857910 600.782653809 63.260250092 458.235046387 398.566925049 55.695720673 695.522888184 -464.382873535 601.665405273 -561.635803223 -38.054645538 -546.969238281 -369.994659424 74.507637024 -723.465270996 469.428649902 -580.867980957
598.671997070 74.404464722 598.500061035 73.827140808 445.836456299 382.699188232 45.022964478 677.906372070 442.883575439 383.600463867 43.516983032 675.090515137 43.133049011 675.032592773 -424.385314941 561.603698730 -422.664916992 556.754455566 -500.450042725 -40.778156281 -427.145324707 555.467651367 -541.904541016 -361.920989990 -503.783142090 -47.796401978 -542.089416504 -362.989807129 -541.585693359 -363.329498291 82.475654602 -719.670532227 83.073150635 -720.182128906 456.625732422 -553.046447754 456.421234131 -552.520812988 460.084503174 -554.083984375 600.782653809 63.260250092 457.210327148 397.905700684 56.039337158 694.383239746 -464.405700684 600.517150879 -560.805297852 -37.172443390 -546.969238281 -369.994659424 74.507637024 -723.465270996 468.612976074 -580.032409668
598.671997070 74.404464722 598.500061035 73.827140808 446.003997803 383.378936768 45.794681549 678.314575195 443.211730957 384.247497559 44.341606140 675.565246582 43.971843719 675.504577637 -425.298675537 562.078796387 -423.604187012 557.320983887 -501.074737549 -40.461402893 -428.010955811 556.103759766 -541.904541016 -361.920989990 -504.323486328 -47.363815308 -542.089416504 -362.989807129 -541.585693359 -363.329498291 82.475654602 -719.670532227 83.073150635 -720.182128906 456.617858887 -553.964660645 456.420227051 -553.458740234 459.935363770 -554.949157715 600.782653809 63.260250092 456.203216553 397.210571289 56.342147827 693.247314453 -464.390777588 599.356079102 -559.994018555 -36.270984650 -546.969238281 -369.994659424 74.507637024 -723.465270996 467.833526611 -579.179565430
598.671997070 74.404464722 598.500061035 73.827140808 446.159973145 384.045074463 46.572807312 678.709716797 443.531646729 384.879302979 45.172512054 676.029968262 44.817123413 675.966491699 -426.218048096 562.532592773 -424.550445557 557.867370605 -501.686889648 -40.121871948 -428.884307861 556.720458984 -541.904541016 -361.920989990 -504.849487305 -46.911838531 -542.089416504 -362.989807129 -541.585693359 -363.329498291 82.475654602 -719.670532227 83.073150635 -720.182128906 456.621826172 -554.880187988 456.431243896 -554.394226074 459.794128418 -555.812622070 600.782653809 63.260250092 455.215240479 396.482513428 56.604194641 692.116699219 -464.337677002 598.184509277 -559.199707031 -35.353965759 -546.969238281 -369.994659424 74.507637024 -723.465270996 467.090881348 -578.310668945
598.671997070 74.404464722 598.500061035 73.827140808 446.304504395 384.695922852 47.357364655 679.092102051 443.843536377 385.494110107 46.009666443 676.485107422 45.668880463 676.418762207 -427.141845703 562.965515137 -425.502105713 558.394104004 -502.286621094 -39.760398865 -429.763549805 557.318115234 -541.904541016 -361.920989990 -505.361450195 -46.441261292 -542.089416504 -362.989807129 -541.585693359 -363.329498291 82.475654602 -719.670532227 83.073150635 -720.182128906 456.639221191 -555.793090820 456.455902100 -555.327331543 459.662231445 -556.674682617 600.782653809 63.260250092 454.247894287 395.722412109 56.825634003 690.992980957 -464.246185303 597.004821777 -558.419616699 -34.425155640 -546.969238281 -369.994659424 74.507637024 -723.465270996 466.385406494 -577.426757812
598.671997070 74.404464722 598.500061035 73.827140808 446.437438965 385.329803467 48.148475647 679.461608887 444.147613525 386.090026855 46.853126526 676.931091309 46.527183533 676.861877441 -428.068481445 563.378051758 -426.457489014 558.901794434 -502.874084473 -39.377872467 -430.646881104 557.897155762 -541.904541016 -361.920989990 -505.859832764 -45.952888489 -542.089416504 -362.989807129 -541.585693359 -363.329498291 82.475654602 -719.670532227 83.073150635 -720.182128906 456.671813965 -556.703308105 456.495910645 -556.258056641 459.541137695 -557.535400391 600.782653809 63.260250092 453.302520752 394.931243896 57.006702423 689.877563477 -464.116149902 595.819335938 -557.650756836 -33.488460541 -546.969238281 -369.994659424 74.507637024 -723.465270996 465.717437744 -576.528869629
598.671997070 74.404464722 598.500061035 73.827140808 446.558532715 385.944915771 48.946403503 679.818054199 444.443939209 386.665130615 47.703056335 677.368164062 47.392227173 677.295959473 -428.996429443 563.770568848 -427.415039062 559.390869141 -503.449554443 -38.975212097 -431.532592773 558.458007812 -541.904541016 -361.920989990 -506.345062256 -45.447513580 -542.089416504 -362.989807129 -541.585693359 -363.329498291 82.475654602 -719.670532227 83.073150635 -720.182128906 456.721405029 -557.610778809 456.553070068 -557.186279297 459.432403564 -558.395019531 600.782653809 63.260250092 452.380432129 394.110015869 57.147724152 688.771606445 -463.947479248 594.630493164 -556.889709473 -32.548011780 -546.969238281 -369.994659424 74.507637024 -723.465270996 465.087158203 -575.618041992
598.671997070 74.404464722 598.500061035 73.827140808 446.667205811 386.539398193 49.751598358 680.160827637 444.732452393 387.217346191 48.559768677 677.796203613 48.264331818 677.721008301 -429.924072266 564.143676758 -428.373077393 559.861816406 -504.013488770 -38.553363800 -432.418853760 559.001220703 -541.904541016 -361.920989990 -506.817749023 -44.925907135 -542.089416504 -362.989807129 -541.585693359 -363.329498291 82.475654602 -719.670532227 83.073150635 -720.182128906 456.789947510 -558.515197754 456.629333496 -558.111755371 459.337768555 -559.253601074 600.782653809 63.260250092 451.482849121 393.259704590 57.249080658 687.676269531 -463.740295410 593.440795898 -556.132934570 -31.608263016 -546.969238281 -369.994659424 74.507637024 -723.465270996 464.494781494 -574.695190430
598.671997070 74.404464722 598.500061035 73.827140808 446.762603760 387.111328125 50.564735413 680.488891602 445.013000488 387.744537354 49.423759460 678.214965820 49.144023895 678.136779785 -430.849945068 564.497680664 -429.330108643 560.315307617 -504.566314697 -38.113285065 -433.304016113 559.527221680 -541.904541016 -361.920989990 -507.278503418 -44.388824463 -542.089416504 -362.989807129 -541.585693359 -363.329498291 82.475654602 -719.670532227 83.073150635 -720.182128906 456.879577637 -559.416198730 456.726837158 -559.034179688 459.259063721 -560.110961914 600.782653809 63.260250092 450.610870361 392.381317139 57.311203003 686.592468262 -463.494842529 592.252868652 -555.376586914 -30.674034119 -546.969238281 -369.994659424 74.507637024 -723.465270996 463.940399170 -573.761108398
598.671997070 74.404464722 598.500061035 73.827140808 446.762603760 387.111328125 51.386848450 680.800476074 445.285156250 388.244293213 50.295795441 678.623901367 50.032073975 678.542602539 -431.772552490 564.833312988 -430.284606934 560.751770020 -505.108673096 -37.655944824 -434.186370850 560.036499023 -541.904541016 -361.920989990 -507.728027344 -43.837001801 -542.089416504 -362.989807129 -541.585693359 -363.329498291 82.475654602 -719.670532227 83.073150635 -720.182128906 456.992706299 -560.313293457 456.847991943 -559.953063965 459.198333740 -560.967041016 600.782653809 63.260250092 449.765594482 391.475860596 57.334552765 685.520996094 -463.211456299 591.069091797 -554.617065430 -29.750520706 -546.969238281 -369.994659424 74.507637024 -723.465270996 463.424041748 -572.816711426
598.671997070 74.404464722 598.500061035 73.827140808 446.762603760 387.111328125 51.386848450 680.800476074 445.285156250 388.244293213 51.176750183 679.021667480 50.929416656 678.937255859 -432.690490723 565.151000977 -431.235046387 561.171936035 -505.641204834 -37.182334900 -435.064392090 560.529602051 -541.904541016 -361.920989990 -508.167114258 -43.271156311 -542.089416504 -362.989807129 -541.585693359 -363.329498291 82.475654602 -719.670532227 83.073150635 -720.182128906 457.132202148 -561.205566406 456.995605469 -560.867553711 459.158111572 -561.821472168 600.782653809 63.260250092 449.765594482 391.475860596 57.319599152 684.462585449 -462.890533447 589.891784668 -553.851074219 -28.843210220 -546.969238281 -369.994659424 74.507637024 -723.465270996 462.945770264 -571.862670898
598.671997070 74.404464722 598.500061035 73.827140808 446.762603760 387.111328125 51.386848450 680.800476074 445.285156250 388.244293213 51.176750183 679.021667480 50.929416656 678.937255859 -433.602325439 565.451354980 -432.180023193 561.576293945 -506.164733887 -36.693454742 -435.936492920 561.007080078 -541.904541016 -361.920989990 -508.596557617 -42.692001343 -542.089416504 -362.989807129 -541.585693359 -363.329498291 82.475654602 -719.670532227 83.073150635 -720.182128906 457.301483154 -562.091979980 457.173126221 -561.776672363 459.141357422 -562.673706055 600.782653809 63.260250092 449.765594482 391.475860596 57.319599152 684.462585449 -462.532501221 588.722900391 -553.075683594 -27.957696915 -546.969238281 -369.994659424 74.507637024 -723.465270996 462.505615234 -570.899841309
598.671997070 74.404464722 598.500061035 73.827140808 446.762603760 387.111328125 51.386848450 680.800476074 445.285156250 388.244293213 51.176750183 679.021667480 50.929416656 678.937255859 -434.506774902 565.734985352 -433.118194580 561.965576172 -506.680175781 -36.190330505 -436.801177979 561.469543457 -541.904541016 -361.920989990 -509.017272949 -42.100246429 -542.089416504 -362.989807129 -541.585693359 -363.329498291 82.475654602 -719.670532227 83.073150635 -720.182128906 457.505004883 -562.970764160 457.384887695 -562.678833008 459.141357422 -562.673706055 600.782653809 63.260250092 449.765594482 391.475860596 57.319599152 684.462585449 -462.137847900 587.564270020 -552.288024902 -27.098646164 -546.969238281 -369.994659424 74.507637024 -723.465270996 462.103515625 -569.928894043
598.671997070 74.404464722 598.500061035 73.827140808 446.762603760 387.111328125 51.386848450 680.800476074 445.285156250 388.244293213 51.176750183 679.021667480 50.929416656 678.937255859 -435.402526855 566.002380371 -434.048217773 562.340393066 -507.188354492 -35.674011230 -437.657012939 561.917419434 -541.904541016 -361.920989990 -509.430114746 -41.496620178 -542.089416504 -362.989807129 -541.585693359 -363.329498291 82.475654602 -719.670532227 83.073150635 -720.182128906 457.505004883 -562.970764160 457.384887695 -562.678833008 459.141357422 -562.673706055 600.782653809 63.260250092 449.765594482 391.475860596 57.319599152 684.462585449 -461.707122803 586.417602539 -551.486083984 -26.270498276 -546.969238281 -369.994659424 74.507637024 -723.465270996 462.103515625 -569.928894043
598.671997070 74.404464722 598.500061035 73.827140808 446.762603760 387.111328125 51.386848450 680.800476074 445.285156250 388.244293213 51.176750183 679.021667480 50.929416656 678.937255859 -436.288330078 566.254150391 -434.968780518 562.701293945 -507.690155029 -35.145561218 -438.502593994 562.351440430 -541.904541016 -361.920989990 -509.835906982 -40.881847382 -542.089416504 -362.989807129 -541.585693359 -363.329498291 82.475654602 -719.670532227 83.073150635 -720.182128906 457.505004883 -562.970764160 457.384887695 -562.678833008 459.141357422 -562.673706055 600.782653809 63.260250092 449.765594482 391.475860596 57.319599152 684.462585449 -461.240875244 585.284423828 -550.668518066 -25.477415085 -546.969238281 -369.994659424 74.507637024 -723.465270996 462.103515625 -569.928894043
598.671997070 74.404464722 598.500061035 73.827140808 446.762603760 387.111328125 51.386848450 680.800476074 445.285156250 388.244293213 51.176750183 679.021667480 50.929416656 678.937255859 -437.163024902 566.490844727 -435.878631592 563.049011230 -508.186523438 -34.606063843 -439.336608887 562.772033691 -541.904541016 -361.920989990 -510.235473633 -40.256679535 -542.089416504 -362.989807129 -541.585693359 -363.329498291 82.475654602 -719.670532227 83.073150635 -720.182128906 457.505004883 -562.970764160 457.384887695 -562.678833008 459.141357422 -562.673706055 600.782653809 63.260250092 449.765594482 391.475860596 57.319599152 684.462585449 -460.739624023 584.166076660 -549.835632324 -24.722400665 -546.969238281 -369.994659424 74.507637024 -723.465270996 462.103515625 -569.928894043
598.671997070 74.404464722 598.500061035 73.827140808 446.762603760 387.111328125 51.386848450 680.800476074 445.285156250 388.244293213 51.176750183 679.021667480 50.929416656 678.937255859 -438.025421143 566.712890625 -436.776611328 563.383972168 -508.678375244 -34.056610107 -440.157714844 563.179687500 -541.904541016 -361.920989990 -510.629638672 -39.621860504 -542.089416504 -362.989807129 -541.585693359 -363.329498291 82.475654602 -719.670532227 83.073150635 -720.182128906 457.505004883 -562.970764160 457.384887695 -562.678833008 459.141357422 -562.673706055 600.782653809 63.260250092 449.765594482 391.475860596 57.319599152 684.462585449 -460.203979492 583.063903809 -548.989440918 -24.006681442 -546.969238281 -369.994659424 74.507637024 -723.465270996 462.103515625 -569.928894043
598.671997070 74.404464722 598.500061035 73.827140808 446.762603760 387.111328125 51.386848450 680.800476074 445.285156250 388.244293213 51.176750183 679.021667480 50.929416656 678.937255859 -438.874359131 566.920776367 -437.661468506 563.706848145 -509.166656494 -33.498252869 -440.964630127 563.574951172 -541.904541016 -361.920989990 -511.019287109 -38.978107452 -542.089416504 -362.989807129 -541.585693359 -363.329498291 82.475654602 -719.670532227 83.073150635 -720.182128906 457.505004883 -562.970764160 457.384887695 -562.678833008 459.141357422 -562.673706055 600.782653809 63.260250092 449.765594482 391.475860596 57.319599152 684.462585449 -459.634521484 581.979125977 -548.132263184 -23.331377029 -546.969238281 -369.994659424 74.507637024 -723.465270996 462.103515625 -569.928894043
598.671997070 74.404464722 598.500061035 73.827140808 446.762603760 387.111328125 51.386848450 680.800476074 445.285156250 388.244293213 51.176750183 679.021667480 50.929416656 678.937255859 -439.708740234 567.114990234 -438.532104492 564.018066406 -509.652435303 -32.932022095 -441.756103516 563.958312988 -541.904541016 -361.920989990 -511.405364990 -38.326122284 -542.089416504 -362.989807129 -541.585693359 -363.329498291 82.475654602 -719.670532227 83.073150635 -720.182128906 457.505004883 -562.970764160 457.384887695 -562.678833008 459.141357422 -562.673706055 600.782653809 63.260250092 449.765594482 391.475860596 57.319599152 684.462585449 -459.031829834 580.912780762 -547.266174316 -22.697504044 -546.969238281 -369.994659424 74.507637024 -723.465270996 462.103515625 -569.928894043
598.671997070 74.404464722 598.500061035 73.827140808 446.762603760 387.111328125 51.386848450 680.800476074 445.285156250 388.244293213 51.176750183 679.021667480 50.929416656 678.937255859 -440.527465820 567.295715332 -439.387298584 564.318237305 -510.136810303 -32.358932495 -442.530853271 564.330139160 -541.904541016 -361.920989990 -511.788848877 -37.666584015 -542.089416504 -362.989807129 -541.585693359 -363.329498291 82.475654602 -719.670532227 83.073150635 -720.182128906 457.505004883 -562.970764160 457.384887695 -562.678833008 459.141357422 -562.673706055 600.782653809 63.260250092 449.765594482 391.475860596 57.319599152 684.462585449 -458.396453857 579.865905762 -546.393615723 -22.105958939 -546.969238281 -369.994659424 74.507637024 -723.465270996 462.103515625 -569.928894043
598.671997070 74.404464722 598.500061035 73.827140808 446.762603760 387.111328125 51.386848450 680.800476074 445.285156250 388.244293213 51.176750183 679.021667480 50.929416656 678.937255859 -441.329406738 567.463378906 -440.225952148 564.607666016 -510.620910645 -31.779983521 -443.287658691 564.690795898 -541.904541016 -361.920989990 -512.170776367 -37.000164032 -542.089416504 -362.989807129 -541.585693359 -363.329498291 82.475654602 -719.670532227 83.073150635 -720.182128906 457.505004883 -562.970764160 457.384887695 -562.678833008 459.141357422 -562.673706055 600.782653809 63.260250092 449.765594482 391.475860596 57.319599152 684.462585449 -457.729064941 578.839477539 -545.516906738 -21.557521820 -546.969238281 -369.994659424 74.507637024 -723.465270996 462.103515625 -569.928894043
598.671997070 74.404464722 598.500061035 73.827140808 446.762603760 387.111328125 51.386848450 680.800476074 445.285156250 388.244293213 51.176750183 679.021667480 50.929416656 678.937255859 -442.113464355 567.618103027 -441.046875000 564.886779785 -511.105957031 -31.196174622 -444.025207520 565.040649414 -541.904541016 -361.920989990 -512.552185059 -36.327514648 -542.089416504 -362.989807129 -541.585693359 -363.329498291 82.475654602 -719.670532227 83.073150635 -720.182128906 457.505004883 -562.970764160 457.384887695 -562.678833008 459.141357422 -562.673706055 600.782653809 63.260250092 449.765594482 391.475860596 57.319599152 684.462585449 -457.030181885 577.834411621 -544.638549805 -21.052848816 -546.969238281 -369.994659424 74.507637024 -723.465270996 462.103515625 -569.928894043
598.671997070 74.404464722 598.500061035 73.827140808 446.762603760 387.111328125 51.386848450 680.800476074 445.285156250 388.244293213 51.176750183 679.021667480 50.929416656 678.937255859 -442.878479004 567.760009766 -441.848876953 565.155883789 -511.593139648 -30.608505249 -444.742218018 565.379943848 -541.904541016 -361.920989990 -512.934204102 -35.649303436 -542.089416504 -362.989807129 -541.585693359 -363.329498291 82.475654602 -719.670532227 83.073150635 -720.182128906 457.505004883 -562.970764160 457.384887695 -562.678833008 459.141357422 -562.673706055 600.782653809 63.260250092 449.765594482 391.475860596 57.319599152 684.462585449 -456.300476074 576.851501465 -543.760009766 -20.591955185 -546.969238281 -369.994659424 74.507637024 -723.465270996 462.103515625 -569.928894043
598.671997070 74.404464722 598.500061035 73.827140808 446.762603760 387.111328125 51.386848450 680.800476074 445.285156250 388.244293213 51.176750183 679.021667480 50.929416656 678.937255859 -443.623291016 567.889099121 -442.630706787 565.415283203 -512.083740234 -30.017969131 -445.437347412 565.708923340 -541.904541016 -361.920989990 -513.318054199 -34.966182709 -542.089416504 -362.989807129 -541.585693359 -363.329498291 82.475654602 -719.670532227 83.073150635 -720.182128906 457.505004883 -562.970764160 457.384887695 -562.678833008 459.141357422 -562.673706055 600.782653809 63.260250092 449.765594482 391.475860596 57.319599152 684.462585449 -455.540527344 575.891723633 -542.882568359 -20.174524307 -546.969238281 -369.994659424 74.507637024 -723.465270996 462.103515625 -569.928894043
598.671997070 74.404464722 598.500061035 73.827140808 446.762603760 387.111328125 51.386848450 680.800476074 445.285156250 388.244293213 51.176750183 679.021667480 50.929416656 678.937255859 -444.346649170 568.005187988 -443.391113281 565.665161133 -512.578979492 -29.425550461 -446.109100342 566.027709961 -541.904541016 -361.920989990 -513.704772949 -34.278793335 -542.089416504 -362.989807129 -541.585693359 -363.329498291 82.475654602 -719.670532227 83.073150635 -720.182128906 457.505004883 -562.970764160 457.384887695 -562.678833008 459.141357422 -562.673706055 600.782653809 63.260250092 449.765594482 391.475860596 57.319599152 684.462585449 -454.751068115 574.955810547 -542.007141113 -19.800134659 -546.969238281 -369.994659424 74.507637024 -723.465270996 462.103515625 -569.928894043
598.671997070 74.404464722 598.500061035 73.827140808 446.762603760 387.111328125 51.386848450 680.800476074 445.285156250 388.244293213 51.176750183 679.021667480 50.929416656 678.937255859 -445.047271729 568.107910156 -444.128692627 565.905578613 -513.080017090 -28.832225800 -446.756042480 566.336364746 -541.904541016 -361.920989990 -514.095397949 -33.587783813 -542.089416504 -362.989807129 -541.585693359 -363.329498291 82.475654602 -719.670532227 83.073150635 -720.182128906 457.505004883 -562.970764160 457.384887695 -562.678833008 459.141357422 -562.673706055 600.782653809 63.260250092 449.765594482 391.475860596 57.319599152 684.462585449 -453.932769775 574.044677734 -541.134521484 -19.468284607 -546.969238281 -369.994659424 74.507637024 -723.465270996 462.103515625 -569.928894043
598.671997070 74.404464722 598.500061035 73.827140808 446.762603760 387.111328125 51.386848450 680.800476074 445.285156250 388.244293213 51.176750183 679.021667480 50.929416656 678.937255859 -445.723754883 568.196655273 -444.841979980 566.136535645 -513.587890625 -28.238969803 -447.376495361 566.634887695 -541.904541016 -361.920989990 -514.490966797 -32.893783569 -542.089416504 -362.989807129 -541.585693359 -363.329498291 82.475654602 -719.670532227 83.073150635 -720.182128906 457.505004883 -562.970764160 457.384887695 -562.678833008 459.141357422 -562.673706055 600.782653809 63.260250092 449.765594482 391.475860596 57.319599152 684.462585449 -453.086364746 573.159179688 -540.265380859 -19.178422928 -546.969238281 -369.994659424 74.507637024 -723.465270996 462.103515625 -569.928894043
598.671997070 74.404464722 598.500061035 73.827140808 446.762603760 387.111328125 51.386848450 680.800476074 445.285156250 388.244293213 51.176750183 679.021667480 50.929416656 678.937255859 -446.374542236 568.270690918 -445.529327393 566.357788086 -514.103698730 -27.646753311 -447.968750000 566.923034668 -541.904541016 -361.920989990 -514.892395020 -32.197429657 -542.089416504 -362.989807129 -541.585693359 -363.329498291 82.475654602 -719.670532227 83.073150635 -720.182128906 457.505004883 -562.970764160 457.384887695 -562.678833008 459.141357422 -562.673706055 600.782653809 63.260250092 449.765594482 391.475860596 57.319599152 684.462585449 -452.212707520 572.300109863 -539.400329590 -18.929973602 -546.969238281 -369.994659424 74.507637024 -723.465270996 462.103515625 -569.928894043
598.671997070 74.404464722 598.500061035 73.827140808 446.762603760 387.111328125 51.386848450 680.800476074 445.285156250 388.244293213 51.176750183 679.021667480 50.929416656 678.937255859 -446.998016357 568.328552246 -446.189025879 566.569030762 -514.628417969 -27.056562424 -448.530914307 567.200622559 -541.904541016 -361.920989990 -515.300659180 -31.499351501 -542.089416504 -362.989807129 -541.585693359 -363.329498291 82.475654602 -719.670532227 83.073150635 -720.182128906 457.505004883 -562.970764160 457.384887695 -562.678833008 459.141357422 -562.673706055 600.782653809 63.260250092 449.765594482 391.475860596 57.319599152 684.462585449 -451.312683105 571.468444824 -538.539794922 -18.722354889 -546.969238281 -369.994659424 74.507637024 -723.465270996 462.103515625 -569.928894043
598.671997070 74.404464722 598.500061035 73.827140808 446.762603760 387.111328125 51.386848450 680.800476074 445.285156250 388.244293213 51.176750183 679.021667480 50.929416656 678.937255859 -447.592407227 568.368530273 -446.819122314 566.769653320 -515.163085938 -26.469377518 -449.061065674 567.467224121 -541.904541016 -361.920989990 -515.716674805 -30.800174713 -542.089416504 -362.989807129 -541.585693359 -363.329498291 82.475654602 -719.670532227 83.073150635 -720.182128906 457.505004883 -562.970764160 457.384887695 -562.678833008 459.141357422 -562.673706055 600.782653809 63.260250092 449.765594482 391.475860596 57.319599152 684.462585449 -450.387237549 570.665039062 -537.684082031 -18.555002213 -546.969238281 -369.994659424 74.507637024 -723.465270996 462.103515625 -569.928894043
598.671997070 74.404464722 598.500061035 73.827140808 446.762603760 387.111328125 51.386848450 680.800476074 445.285156250 388.244293213 51.176750183 679.021667480 50.929416656 678.937255859 -448.155670166 568.388061523 -447.418212891 566.959045410 -515.708618164 -25.886211395 -449.558319092 567.722961426 -541.904541016 -361.920989990 -516.141235352 -30.100530624 -542.089416504 -362.989807129 -541.585693359 -363.329498291 82.475654602 -719.670532227 83.073150635 -720.182128906 457.505004883 -562.970764160 457.384887695 -562.678833008 459.141357422 -562.673706055 600.782653809 63.260250092 449.765594482 391.475860596 57.319599152 684.462585449 -449.437500000 569.890869141 -536.833557129 -18.427381516 -546.969238281 -369.994659424 74.507637024 -723.465270996 462.103515625 -569.928894043
598.671997070 74.404464722 598.500061035 73.827140808 446.762603760 387.111328125 51.386848450 680.800476074 445.285156250 388.244293213 51.176750183 679.021667480 50.929416656 678.937255859 -448.155670166 568.388061523 -447.985626221 567.136291504 -516.265930176 -25.308099747 -449.558319092 567.722961426 -541.904541016 -361.920989990 -516.575256348 -29.401060104 -542.089416504 -362.989807129 -541.585693359 -363.329498291 82.475654602 -719.670532227 83.073150635 -720.182128906 457.505004883 -562.970764160 457.384887695 -562.678833008 459.141357422 -562.673706055 600.782653809 63.260250092 449.765594482 391.475860596 57.319599152 684.462585449 -448.464660645 569.146911621 -535.988403320 -18.338994980 -546.969238281 -369.994659424 74.507637024 -723.465270996 462.103515625 -569.928894043
598.671997070 74.404464722 598.500061035 73.827140808 446.762603760 387.111328125 51.386848450 680.800476074 445.285156250 388.244293213 51.176750183 679.021667480 50.929416656 678.937255859 -448.155670166 568.388061523 -447.985626221 567.136291504 -516.835937500 -24.736129761 -449.558319092 567.722961426 -541.904541016 -361.920989990 -517.019531250 -28.702411652 -542.089416504 -362.989807129 -541.585693359 -363.329498291 82.475654602 -719.670532227 83.073150635 -720.182128906 457.505004883 -562.970764160 457.384887695 -562.678833008 459.141357422 -562.673706055 600.782653809 63.260250092 449.765594482 391.475860596 57.319599152 684.462585449 -448.464660645 569.146911621 -535.148803711 -18.289400101 -546.969238281 -369.994659424 74.507637024 -723.465270996 462.103515625 -569.928894043
598.671997070 74.404464722 598.500061035 73.827140808 446.762603760 387.111328125 51.386848450 680.800476074 445.285156250 388.244293213 51.176750183 679.021667480 50.929416656 678.937255859 -448.155670166 568.388061523 -447.985626221 567.136291504 -517.419555664 -24.171449661 -449.558319092 567.722961426 -541.904541016 -361.920989990 -517.474914551 -28.005262375 -542.089416504 -362.989807129 -541.585693359 -363.329498291 82.475654602 -719.670532227 83.073150635 -720.182128906 457.505004883 -562.970764160 457.384887695 -562.678833008 459.141357422 -562.673706055 600.782653809 63.260250092 449.765594482 391.475860596 57.319599152 684.462585449 -448.464660645 569.146911621 -534.314941406 -18.278209686 -546.969238281 -369.994659424 74.507637024 -723.465270996 462.103515625 -569.928894043
598.671997070 74.404464722 598.500061035 73.827140808 446.762603760 387.111328125 51.386848450 680.800476074 445.285156250 388.244293213 51.176750183 679.021667480 50.929416656 678.937255859 -448.155670166 568.388061523 -447.985626221 567.136291504 -518.017761230 -23.615293503 -449.558319092 567.722961426 -541.904541016 -361.920989990 -517.942260742 -27.310310364 -542.089416504 -362.989807129 -541.585693359 -363.329498291 82.475654602 -719.670532227 83.073150635 -720.182128906 457.505004883 -562.970764160 457.384887695 -562.678833008 459.141357422 -562.673706055 600.782653809 63.260250092 449.765594482 391.475860596 57.319599152 684.462585449 -448.464660645 569.146911621 -533.486999512 -18.305103302 -546.969238281 -369.994659424 74.507637024 -723.465270996 462.103515625 -569.928894043
598.671997070 74.404464722 598.500061035 73.827140808 446.762603760 387.111328125 51.386848450 680.800476074 445.285156250 388.244293213 51.176750183 679.021667480 50.929416656 678.937255859 -448.155670166 568.388061523 -447.985626221 567.136291504 -518.631530762 -23.069021225 -449.558319092 567.722961426 -541.904541016 -361.920989990 -518.422424316 -26.618299484 -542.089416504 -362.989807129 -541.585693359 -363.329498291 82.475654602 -719.670532227 83.073150635 -720.182128906 457.505004883 -562.970764160 457.384887695 -562.678833008 459.141357422 -562.673706055 600.782653809 63.260250092 449.765594482 391.475860596 57.319599152 684.462585449 -448.464660645 569.146911621 -532.665039062 -18.369821548 -546.969238281 -369.994659424 74.507637024 -723.465270996 462.103515625 -569.928894043
598.671997070 74.404464722 598.500061035 73.827140808 446.762603760 387.111328125 51.386848450 680.800476074 445.285156250 388.244293213 51.176750183 679.021667480 50.929416656 678.937255859 -448.155670166 568.388061523 -447.985626221 567.136291504 -519.262023926 -22.534160614 -449.558319092 567.722961426 -541.904541016 -361.920989990 -518.916381836 -25.930030823 -542.089416504 -362.989807129 -541.585693359 -363.329498291 82.475654602 -719.670532227 83.073150635 -720.182128906 457.505004883 -562.970764160 457.384887695 -562.678833008 459.141357422 -562.673706055 600.782653809 63.260250092 449.765594482 391.475860596 57.319599152 684.462585449 -448.464660645 569.146911621 -531.849182129 -18.472177505 -546.969238281 -369.994659424 74.507637024 -723.465270996 462.103515625 -569.928894043
598.671997070 74.404464722 598.500061035 73.827140808 446.762603760 387.111328125 51.386848450 680.800476074 445.285156250 388.244293213 51.176750183 679.021667480 50.929416656 678.937255859 -448.155670166 568.388061523 -447.985626221 567.136291504 -519.910400391 -22.012477875 -449.558319092 567.722961426 -541.904541016 -361.920989990 -519.425170898 -25.246385574 -542.089416504 -362.989807129 -541.585693359 -363.329498291 82.475654602 -719.670532227 83.073150635 -720.182128906 457.505004883 -562.970764160 457.384887695 -562.678833008 459.141357422 -562.673706055 600.782653809 63.260250092 449.765594482 391.475860596 57.319599152 684.462585449 -448.464660645 569.146911621 -531.039550781 -18.612045288 -546.969238281 -369.994659424 74.507637024 -723.465270996 462.103515625 -569.928894043
598.671997070 74.404464722 598.500061035 73.827140808 446.762603760 387.111328125 51.386848450 680.800476074 445.285156250 388.244293213 51.176750183 679.021667480 50.929416656 678.937255859 -448.155670166 568.388061523 -447.985626221 567.136291504 -520.578247070 -21.506090164 -449.558319092 567.722961426 -541.904541016 -361.920989990 -519.949951172 -24.568363190 -542.089416504 -362.989807129 -541.585693359 -363.329498291 82.475654602 -719.670532227 83.073150635 -720.182128906 457.505004883 -562.970764160 457.384887695 -562.678833008 459.141357422 -562.673706055 600.782653809 63.260250092 449.765594482 391.475860596 57.319599152 684.462585449 -448.464660645 569.146911621 -530.236328125 -18.789371490 -546.969238281 -369.994659424 74.507637024 -723.465270996 462.103515625 -569.928894043
598.671997070 74.404464722 598.500061035 73.827140808 446.762603760 387.111328125 51.386848450 680.800476074 445.285156250 388.244293213 51.176750183 679.021667480 50.929416656 678.937255859 -448.155670166 568.388061523 -447.985626221 567.136291504 -520.578247070 -21.506090164 -449.558319092 567.722961426 -541.904541016 -361.920989990 -520.491699219 -23.897630692 -542.089416504 -362.989807129 -541.585693359 -363.329498291 82.475654602 -719.670532227 83.073150635 -720.182128906 457.505004883 -562.970764160 457.384887695 -562.678833008 459.141357422 -562.673706055 600.782653809 63.260250092 449.765594482 391.475860596 57.319599152 684.462585449 -448.464660645 569.146911621 -529.439697266 -19.004158020 -546.969238281 -369.994659424 74.507637024 -723.465270996 462.103515625 -569.928894043
