episode,step,time,case,defender_id,target_id,defender_pos_x,defender_pos_y,defender_pos_z,defender_vx,defender_vy,defender_vz,defender_speed,defender_pitch,defender_yaw,load_y,load_z,load_norm,dist_to_target,tgo
1,497,24.85,case2,12,24,980.8522648007186,-80.19781789310082,54.35776660471058,38.86986971100819,9.343539278797738,1.3533301130219293,40.0,0.033839710911432196,0.23590425375215862,0.06254668291040644,0.32297062312436614,0.3291828928632742,2.9847328616517994,0.18005371394294986
1,498,24.9,case2,4,24,982.2270420867875,-79.39418963520694,56.209701297269234,37.97279379610951,10.819074187233628,2.5862159034465884,39.56859799954957,0.065406937725771,0.27756189613743876,-0.013806936262398855,0.1339846153306066,0.32265638599280755,1.471775188792905,0.0866274340961288
1,522,26.1,case2,9,21,-806.7744003860768,435.17582285923294,54.16658997158672,-39.11854347803239,0.6945443993286116,5.254755525122851,39.47600906112672,0.13350890455606226,3.1238396554008316,-0.021366797877785264,-0.21692104378853064,0.34993392875330226,2.5110935598474167,0.15099810666619046
1,523,26.15,case2,1,21,-806.3405547017715,433.5587941721154,53.445449714478976,-39.927143730787414,-2.0937537850565078,1.199745218204501,40.0,0.029998129410967408,3.193984023344821,0.17714048272230712,-0.3255950812276651,0.5121027229493869,1.893582475028057,0.12122272406844888
1,523,26.15,case2,17,21,-807.9467919921957,433.52198304030503,51.91148619361798,-39.74004079131035,-3.993488981307697,2.1865963644813275,40.0,0.05469217121097062,3.241746736995499,0.18988974781321694,-0.13912334091450113,0.46520535033938515,2.298500510686185,0.09061384016189751
1,525,26.25,case2,14,26,-775.4683623207878,-546.8327800650143,55.86879650316169,-22.277651573717375,-32.3473123239499,1.2062870580259086,39.29500607824707,0.03070305167337172,-2.1738992779289346,-0.0030119939389068847,0.15235103934363456,0.44170677636634176,2.208361174326815,0.15374588659009994
1,526,26.3,case2,6,26,-773.3852303837368,-545.6106998328838,55.329722211715314,-24.733537033323227,-31.30439201794296,2.8787473331603186,40.0,0.07203095544300828,-2.2394702232965016,0.30558891228900775,-0.5027926258543345,0.5945214180908588,2.576362925710094,0.16119576939648708
1,535,26.75,case2,5,25,835.2143947237026,-574.2941415009618,56.02526555901341,35.9375726711536,-13.88955612307031,4.050689552020642,38.74063738036863,0.10475064823226232,-0.3688069055783727,-0.054619181889260335,-0.020309906155618007,0.06229770699832323,1.0827262704105036,0.10106587788057071
1,535,26.75,case2,13,25,834.9019480350689,-574.0112511004028,55.36107739107865,36.32971702902481,-16.649650502285446,1.7148757222407431,40.0,0.0428850370145782,-0.4297288447084396,0.12791401557634882,-0.1355714189791548,0.28718635504939355,0.5729037228187004,0.1091120969272974
1,551,27.55,case2,7,27,-843.7022642631413,-530.1164378602903,57.074481929056304,-19.685447880976866,-34.20696473122723,2.0511194257678973,39.52012633199498,0.05192395814105493,-2.092991787575716,-0.01813694998937312,-0.18557620092563837,0.31129886622295894,2.0540357025247284,0.11222089931288178
1,551,27.55,case2,15,27,-842.8965806711489,-530.2813828493476,56.2927313336783,-21.411712843868017,-33.7707201399402,1.0377930051674036,40.0,0.025947736735001132,-2.1358641221779227,0.17914211620214204,-0.6416585351457033,0.6679745989565196,2.5269901736899545,0.12910279229509014
1,559,27.95,case2,11,23,710.6145078090202,798.4329441717445,57.17237455071781,13.078054109142185,37.782987176899134,1.1875945051341295,40.0,0.029694226235473943,1.2375679136820184,0.059431128649533024,0.26403675033545426,0.2912049880478744,1.4323169250240695,0.1335819472971472
1,559,27.95,case2,19,23,710.7365120705834,799.5469674644099,58.70487465260382,14.086860087014083,37.3273508711218,2.8686669086968615,40.0,0.0717782919422462,1.2099345149932865,0.04915093320580975,-0.08764696355394563,0.33440853073628923,1.2228423750356925,0.10920135662852401
1,563,28.15,case2,3,23,706.801740124215,793.6429717534152,57.466276879763676,13.108906231198242,37.729689369446966,2.151073570729895,40.0,0.053802793032500906,1.23640151407163,0.6128727685222353,0.29819051857550816,0.6820689908929556,0.8358074267235337,0.08249804456785058
1,582,29.1,case2,0,20,-992.964157900075,-273.879238540561,57.461642680159535,-33.242075423860264,-19.56653178755243,3.9440716345817237,38.77422398627245,0.10189513728698196,-2.609592177936227,-0.02130999287419647,-0.08096523288965055,0.37447617625788204,2.9656414372542024,0.174297224130005
1,583,29.15,case2,8,20,-992.6706150438713,-273.90857088023904,57.190075086668195,-33.455237398174056,-21.923304724487856,0.34029485606553345,40.0,0.008507474025670278,-2.5614987837054306,0.28065955208138105,0.16077416368775344,0.6180740564398182,1.3492462114268728,0.12996937578215745
1,586,29.3,case2,16,20,-986.456270769059,-274.23437203367695,56.454174672132076,-34.63592852904958,-19.938738965194627,1.6730640777922239,40.0,0.04183880724943712,-2.619257729374244,0.6951439132293037,-0.33994297783680644,0.7752557464210279,2.14858142299009,0.13538095181769283
1,743,37.15,case2,18,22,702.5326140936102,-1146.7651293930967,63.83125834623865,38.866559872193804,-8.474863788698102,4.191325263468311,40.0,0.10497582967187184,-0.2146898242584157,0.09850598692576606,0.2934731195294287,0.3898974046653882,2.468220449582832,0.10405366637254274
1,1307,65.35,case2,10,22,290.45894806467066,-497.6776158764191,24.176925867568094,-29.124739362496918,27.359514706127076,-1.7906736474966256,40.0,-0.04478180733605074,2.387435945795774,0.047293847481851774,-0.6441698146399519,0.7102496330125434,2.798787372929067,0.07830331517800106
1,1310,65.5,case2,2,22,286.032906613308,-494.5002570138939,24.990042827579465,-30.35398418607949,25.963798126705317,-0.2391874360242234,39.94421584863849,-0.005988072625110424,2.43399097659264,-0.01988262403254662,-0.4711899769613652,0.4984699546094193,2.9395319167745884,0.07598393406432882
2,497,24.85,case2,4,24,980.9005014107504,-79.34471088760075,55.26482233635378,38.585879256546406,9.332196538080037,2.2613307005598497,39.76271603856338,0.05690133023955358,0.23729842541921306,-0.014608154476404251,-0.12287340368453492,0.17696572410127628,2.802201160097183,0.17565761546300612
2,497,24.85,case2,12,24,981.547341531915,-80.39339846594847,56.65502813873583,38.770156372350236,9.358863788903411,3.0473994559726583,40.0,0.07625887776580874,0.23686217046710276,0.046123796736213786,-0.005754004069874585,0.1746106087467663,2.5821386561359336,0.16362935990169353
2,522,26.1,case2,9,21,-806.7330398560434,434.3324411771823,53.091821691372786,-39.35907972803904,-2.963445123299355,3.0557094652954113,39.58859083591176,0.07726346830807981,3.2167433995854786,-0.014456138998864785,0.06047028472471874,0.11035556024990632,2.641722169158562,0.15671286334641227
2,523,26.15,case2,17,21,-808.1392520355781,434.0121116811998,51.91738454476203,-39.798577225564976,-3.3137994489380573,2.256542495269958,40.0,0.05644352791575625,3.224665297283592,0.1592528621771625,0.1004768457061808,0.25331561940715186,2.130584861423399,0.07919360696071485
2,525,26.25,case2,14,26,-775.6148575481992,-546.6752106208177,55.50701445576214,-23.385401016295166,-31.51706226080297,1.1501539397034521,39.26225984745765,0.02929832637744079,-2.209152440669166,-0.003427073586223621,-0.14298620072064877,0.15667627776357304,2.1120951696408516,0.15389862426373244
2,526,26.3,case2,6,26,-774.3079440057294,-544.3693957574152,54.59620505282313,-25.437647650854583,-30.869041121569673,0.16847025201047974,40.0,0.004211768752342474,-2.2600311181383157,0.33002590268713944,-0.19307808178019015,0.39225194634436594,2.64966565515004,0.1655176758098959
2,535,26.75,case2,5,25,835.7159688957136,-574.5527353758262,55.36634190341891,36.0302570894552,-14.692381910780396,0.6920594659537121,38.916891685345064,0.017783947196053137,-0.3871943646228611,-0.0356703628948063,-0.07994027139662285,0.44711377057740004,0.9549211221160494,0.08542382110154739
2,535,26.75,case2,13,25,835.2508846848366,-574.7980860664427,55.11934846957626,36.04198317574388,-17.26333308269988,1.718365396286408,40.0,0.042972359315352246,-0.4466893824160762,0.12216313768780063,-0.3716147633973108,0.47734442655130893,0.5426170706368562,0.09192631979101512
2,551,27.55,case2,7,27,-842.8863782817442,-530.3574655791538,56.453299210767774,-19.954929032717246,-34.132292167904986,2.3939751301154004,39.609893691597065,0.060475673628960336,-2.0998413381498366,0.01845973492065711,-0.5650709817192978,0.5922326114316141,2.5980480968416613,0.12858787801412844
2,551,27.55,case2,15,27,-844.1370737237155,-529.5085495883487,56.32893414294274,-21.529532233048656,-33.70201300439451,0.8084313686033622,40.0,0.020212160404099084,-2.1392722113352867,0.1181514632469226,-0.13578802798701872,0.4392326496203219,1.092905851250251,0.10694200505368676
2,559,27.95,case2,11,23,709.7830818113879,798.5897061166014,58.240936765431684,14.731818939552145,37.187935441684274,0.175978173009427,40.0,0.004399468517411144,1.19361753793126,0.06992873306894688,-0.10046775154856363,0.3397394321652399,1.9514880410841053,0.14180823246128504
2,559,27.95,case2,19,23,711.9858702213799,798.734141076053,57.49151155695696,15.338267211450939,36.856080149552625,2.523274650108837,40.0,0.06312377852305434,1.1764314294728073,0.03120555164217024,-0.026781279796855267,0.057969020367835536,0.9584079155928134,0.11232869681118889
2,562,28.1,case2,3,23,706.0811589964025,792.463796877594,57.547890033114605,13.67349278986855,37.57922418052471,0.9151529463863468,40.0,0.022880820080705303,1.2218297865231134,0.6939275786076223,-0.37069063664317653,0.9162195166815968,2.7919680218375618,0.1677740892162515
2,583,29.15,case2,0,20,-993.8707254526902,-276.7513256801647,56.05091151407066,-31.093442116339002,-23.232503062792738,2.265070984786373,38.88035349338942,0.05829047299399996,-2.4998966224030688,-0.016144730484742333,0.4523654576132774,0.5902432280993787,2.331150353340956,0.09106306754073377
2,583,29.15,case2,8,20,-993.0383951754985,-273.80694099963864,57.202204775912975,-34.510059923571895,-20.2118797441585,0.7319025065898019,40.0,0.018298583825035658,-2.6117685116991005,0.24817929039358536,-0.22599762283986702,0.3371956850298128,1.155586810903695,0.12329738297152726
2,586,29.3,case2,16,20,-987.3320944620369,-272.840703885063,56.293922416899754,-33.89905959413841,-21.02345755597679,2.9779172293896545,40.0,0.07451687403298694,-2.5864682208641145,0.6977231389660229,-0.10129410702446877,0.705907683196832,1.1222200493688579,0.12236571756708874
2,743,37.15,case2,18,22,702.46023367998,-1147.7438735766682,62.7697937157785,39.16327558759004,-8.138644551417277,0.017610115255688702,40.0,0.0004402528956140451,-0.2048968140705939,0.07701872444275959,0.31970775353782366,0.35368918980371095,2.563923125653641,0.09675340110109494
2,1292,64.6,case2,10,22,309.02097000743373,-511.3932429592919,23.847080033282573,-31.512203794286634,24.542838801587063,-2.151761043113144,40.0,-0.05382000475577621,2.4798904680184846,0.01868120486894776,0.1768017792046424,0.4368075162729295,2.784541938099156,0.0780615843394593
2,1296,64.8,case2,2,22,302.2926065728405,-508.78792337923323,26.127521451505864,-31.15394660023099,25.021305269873576,-1.8346372452756865,40.0,-0.045882027609221096,2.46493367406101,0.017597717099388312,-0.19615310189603066,0.2004771419244208,2.873765276938792,0.07638751689255814
3,497,24.85,case2,4,24,981.1853733821528,-80.7113656670303,55.425608361559625,39.08616189566894,7.379299158935712,1.3097039925026934,39.798208908938214,0.03291455922898065,0.18659934737050513,-0.0035487635968022044,-0.08640099089181452,0.1374014404217972,2.6364329367355572,0.1725748621666158
3,497,24.85,case2,12,24,981.4026485936624,-80.19930347146986,56.90335243281217,38.86893303597855,8.815613376870887,3.3898385557648907,40.0,0.08484773233949787,0.22303045648525177,0.07164595893140556,-0.034179936687069715,0.1849779350941566,2.8026055965798564,0.167389182292909
3,522,26.1,case2,9,21,-806.6312208973801,434.14814710003407,51.88158259916261,-39.376164020636516,-2.536520083344205,1.6729861785346771,39.49322865842759,0.04237402201579941,3.2059214248823116,-0.012546551496186317,0.015212500989812722,0.19058449727982818,2.8783509974738584,0.1634760298612635
3,523,26.15,case2,1,21,-806.1776899794158,432.80220366786864,52.394876405539094,-39.86066621569926,-2.9628389622558697,1.5326037075352825,40.0,0.038324473608788864,3.2157861070558815,0.16528839887529823,-0.09196543379348185,0.19361459716201723,2.367808666573245,0.1337634058292284
3,525,26.25,case2,14,26,-775.80733771369,-546.7091479081537,56.20567743125267,-22.945383609221576,-31.54307899951479,4.399411783312983,39.2531691177046,0.11231385483963983,-2.199695504642066,-0.016060873455086225,0.2696003475441257,0.4937258151946222,2.0405607162776627,0.14930978318413382
3,526,26.3,case2,6,26,-774.626291589507,-544.8378418917104,54.04948918449023,-23.89591055651683,-32.06505153194323,0.9043942330493235,40.0,0.022611782650262827,-2.2112390871505574,0.3030171740865919,0.24823464012742477,0.4043770044596122,2.382664842069328,0.1544052137116042
3,535,26.75,case2,5,25,835.4131442706079,-575.8818949790214,56.0969430731217,35.4857468062352,-15.080872430235532,5.002733972499766,38.880564384443716,0.1290269816593999,-0.40185704293360247,-0.05320605240468099,-0.33664696039872477,0.5501695146955529,1.8619638961966785,0.08280423566684182
3,535,26.75,case2,13,25,835.2799134334716,-575.5054872061874,55.972440513557565,35.749374392213866,-17.779360971783785,2.4241604733052045,40.0,0.060641171485146986,-0.46151212294094235,0.11136246282261318,-0.25888429181702255,0.33224997482541624,1.4694141153957037,0.08658929448931693
3,551,27.55,case2,7,27,-845.2062342845269,-529.2213986031138,56.23413152609854,-20.002233896003528,-33.982931345582735,2.6514373036644945,39.52162829950564,0.06713868845673243,-2.102788690491451,-0.008160255572706955,0.3457283251913168,0.3491112663536337,0.4063321676318343,0.0884578364752591
3,551,27.55,case2,15,27,-844.02263898245,-529.6933564220701,56.85999765804378,-22.29872215349547,-33.162764763018195,1.7314801742813226,40.0,0.04330053404541667,-2.162759308077309,0.19590678119281463,-0.5624366341787411,0.6402719022967348,1.5008528232593163,0.10910998947800188
3,559,27.95,case2,11,23,709.6007656520858,799.1909118385134,57.3033348719896,13.460910694707458,37.618437193103375,1.9123457892459537,40.0,0.04782687592544104,1.2271653386054138,0.04738608296642444,-0.09416818249359665,0.25503453442843654,1.8942915269726321,0.1332692136233003
3,559,27.95,case2,19,23,711.669188312866,799.3235272194564,58.26299365320756,13.986216014355758,37.46491262516277,0.8752620114557763,40.0,0.021883296818622854,1.213503683989405,0.04880192588101945,0.1784528512482721,0.3149331403041559,0.6339186332636982,0.10138731403370363
3,563,28.15,case2,3,23,705.7069189389597,794.2698477792786,56.454645583618635,13.616676017080566,37.41188039453948,3.8648854563279365,40.0,0.09677311296715876,1.2217336593320598,0.6108340086764884,-0.13814413187803773,0.754823335604115,1.9993005159818509,0.0948976146827627
3,582,29.1,case2,0,20,-992.9078276092697,-274.3206686849037,57.11481840377784,-32.898067708821,-20.34614103472291,3.0262534457999206,38.79956860452475,0.07807639046900773,-2.5877100430621893,-0.01876421409910268,-0.20943776978667333,0.2556731920322301,2.8379865916252403,0.17126716786869434
3,583,29.15,case2,8,20,-991.8684357861032,-275.6612818072348,57.991212652918435,-32.96172517303498,-22.28330499850933,4.1205572391026095,40.0,0.1031970016305025,-2.5471317702422622,0.25390382784982096,-0.24624232194698803,0.4407726928473655,2.2575326235224815,0.135672050909472
3,586,29.3,case2,16,20,-987.2504243665861,-273.3268060378025,57.34388295172759,-33.597083712054705,-21.224454725969093,4.556148332800055,40.0,0.11415145632148434,-2.578164823224975,0.6941485292504338,0.12099174353943729,0.7519762803259936,1.1296580806026744,0.11820874534407928
3,1287,64.35,case2,18,22,315.1188170996205,-517.0514636873078,26.932025600431935,-30.702712398646664,25.406977682402935,-3.4393220860901597,40.0,-0.08608935285650349,2.4502975505976985,0.04765372688540067,0.011464901826078816,0.6636529167582212,2.901243230774352,0.08463294908656119
3,1291,64.55,case2,2,22,310.49088324876897,-513.2153305812866,26.608299714331803,-29.989783318125546,26.24562814360761,-3.4321858748252976,40.0,-0.08591028579545991,2.4226763964773093,0.07885392762498919,-0.24209366816908634,0.33323888637188853,2.9316262785448113,0.08551104692479376
3,1291,64.55,case2,10,22,309.91824404233824,-513.1669397161813,24.66102618758125,-29.954582886121628,26.505639404558714,-0.4171856588777512,40.0,-0.010429830566117342,2.4172049321507054,0.053518464631853224,-0.04400894556081322,0.249403550163797,2.739865505099518,0.07973732376608725
4,497,24.85,case2,12,24,981.1159862570912,-79.82108317748451,55.06357571001775,38.79223767483938,9.264331199667646,3.0552354412772997,40.0,0.07645534987687601,0.23442819254572783,0.06725377816789274,0.34188190022059506,0.35229016297420035,2.5563014623607674,0.17054419452818922
4,498,24.9,case2,4,24,982.7708221680649,-79.48394808028797,53.53282981527274,38.50842051949503,9.369491724114479,3.29733497727605,39.768809939786784,0.08300788073618727,0.2386725434865602,-0.017126554833993474,0.06050109759404268,0.5812409439832866,2.2012648933461394,0.08579327569135616
4,523,26.15,case2,1,21,-805.8250125114132,433.910854036157,53.18210973550056,-39.58219437558775,-2.3076441374624492,5.284379523465806,40.0,0.13249682055323467,3.199826791730274,0.14677763278175887,-0.14179882281766187,0.4759121026348975,1.5704915896867835,0.12549110868421193
4,523,26.15,case2,9,21,-808.2082518278667,433.1901430154827,53.187462379354606,-39.34643099764385,-4.14319394384818,0.6251615045770529,39.56890844104111,0.015799968731752014,3.2465064015467466,-0.0011162316727883841,-0.12436604391861991,0.5370347768469561,2.7644302097951936,0.09315977381755801
4,523,26.15,case2,17,21,-808.0141948169759,433.60515100505495,52.93488513319862,-39.824557131645356,-2.6739532712435956,2.618133528206847,40.0,0.06550016373973946,3.20863535376209,0.1212337896285315,-0.5549818227586649,0.5764794194145961,2.2819681572259483,0.08748194012477052
4,525,26.25,case2,14,26,-777.1772283932058,-546.5453263494179,54.73371539857111,-23.217566956782562,-31.74672325800107,1.079746759838598,39.34559322310657,0.027446080824333495,-2.2022460111197764,-0.005369212916829768,0.3394590830230591,0.41428471143657963,1.377219372743476,0.12999976412176004
4,526,26.3,case2,6,26,-774.4333732400648,-545.2001526687257,56.828781305627466,-23.320575227372334,-32.36142145902894,2.9814714849498865,40.0,0.07460597798984335,-2.1952334357235466,0.33715806576974183,0.35914383160360064,0.587783171887427,2.3187769318728666,0.1491131112719501
4,535,26.75,case2,5,25,835.6464510285975,-575.1898340627594,56.8031041141397,35.54150380956254,-16.220388394044654,2.721774954385316,39.16257845955915,0.06955545168366387,-0.428145848924641,-0.02524778380740142,-0.08143282948646599,0.21490924443688522,2.080612126674315,0.08834505525554004
4,535,26.75,case2,13,25,835.5295218710364,-575.1978945479565,54.513789058933575,36.931222318888416,-15.344106641232745,-0.802003376124816,40.0,-0.020051428021518092,-0.3937777775525854,0.1096662468528719,-0.14167354282384279,0.19731989996761323,1.135017844466894,0.08302297617751442
4,551,27.55,case2,15,27,-843.2351117051136,-530.2329255227602,56.14392933319703,-21.08362089857333,-33.9511870056971,1.672671727932894,40.0,0.041828989913669304,-2.1265126573732487,0.11319331834703254,-0.4104501825378506,0.4651588999562185,2.2098811719871527,0.12087553095250476
4,559,27.95,case2,11,23,710.4934339613148,798.6147586553121,57.39948728109108,15.295349932671588,36.886945397391045,2.324979502493491,40.0,0.058157265924431024,1.1777206616323488,0.08845052120218212,-0.0762953811270131,0.12451648596442313,1.3137063965739308,0.13127095705006536
4,559,27.95,case2,19,23,712.0504877237395,799.2963465088338,57.526504682788,13.339218199613459,37.60991384511544,2.749479657334242,40.0,0.06879123463333052,1.2299646248632978,0.014464134820146145,0.5401478279780388,0.5403487715310356,0.6719679296816579,0.09859719372541806
4,563,28.15,case2,3,23,706.1343043434332,794.3953166195835,56.24108364920444,14.752391821168482,37.11006423289259,2.2825573783165947,40.0,0.05709494940469471,1.1924204206944065,0.6120044183879157,-0.26225044049803653,0.8088534043965898,1.9951566798533436,0.08694954153802048
4,582,29.1,case2,0,20,-992.8551289038662,-274.63692738848414,56.833965353623746,-32.77320792243833,-20.624511109875648,2.3785695885310703,38.79576277554345,0.06134851042520068,-2.579899934912493,-0.018107022421504606,-0.12942433474780865,0.5203156311005228,2.8302101673857325,0.17018274609934378
4,583,29.15,case2,8,20,-993.139470061197,-274.1848865370315,56.48563862947126,-33.866691491592235,-21.065025143938108,3.0515443792560615,40.0,0.0763628032982077,-2.585154763700422,0.23395197757934533,0.20794438694635628,0.38498972001003595,1.0678558216766372,0.1187195556040838
4,586,29.3,case2,16,20,-987.3328970887022,-272.6168187954489,56.879703965456,-34.14515251818926,-20.82155874933533,0.7558113240556218,40.0,0.018896407651323475,-2.594001729262127,0.7017227645028268,0.16007897050156,0.7740942541354271,1.0553681404398945,0.123073284951188
4,1305,65.25,case2,10,22,294.0829896184099,-498.80352229146587,26.801447329552985,-30.802400600661116,25.346252197335478,-2.963041812978378,40.0,-0.07414395891474548,2.4530636275217654,0.028655859998128877,0.07118545005014625,0.5060491245408453,2.874289287489137,0.0820083430692136
4,1306,65.3,case2,18,22,291.3346495886073,-497.9735828784829,26.694927712347095,-29.664997471508993,26.593261881990394,-3.575800258856945,40.0,-0.08951450291059493,2.4107409436271183,0.06716633017561392,-0.5574626217728389,0.9415051204324804,2.7338058538723806,0.07530595640906844
4,1308,65.4,case2,2,22,290.50170757314896,-496.4583013686598,25.634816480022412,-28.36107819363473,28.103485683046674,-2.4172993520304935,40.0,-0.060469328480486834,2.3607564792686264,0.08869692591738003,-0.6517382518667475,0.7190645207199812,2.8594001228242623,0.08309823226726287
5,497,24.85,case2,4,24,981.1935036856916,-79.21962353055456,54.38593657633383,39.082688474287366,7.594782589297445,1.5482919063295815,39.84387617669867,0.03886875420810615,0.19193388703777628,0.014815690641043263,-0.6370904777678904,0.7054360926768316,2.6963327065779183,0.17075568603663982
5,497,24.85,case2,12,24,981.8243287441809,-80.64735394441367,55.78838298174416,39.01230055569026,8.659842935344122,1.7457163823656794,40.0,0.043656775915013143,0.21843548334247942,0.05963918729799292,0.22683180332203884,0.23887547601568906,2.07695730367964,0.15618362577361983
5,523,26.15,case2,1,21,-806.3266008579877,433.0562137690722,52.43141668686799,-39.69321304206948,-3.25523676619898,3.721864048144616,40.0,0.09318138811794774,3.223419444419353,0.15140518921354032,0.01459011175972244,0.3184858707034305,2.1032180816915798,0.12653247013943686
5,523,26.15,case2,9,21,-808.5326939572224,433.4487653998011,52.259218916874566,-39.48989412580743,-1.673018932166534,2.566876911176193,39.608579720712,0.06485153150993199,3.1839330827722176,-0.01765165224481118,-0.33749434565588043,0.4560405870379686,2.7239725696296366,0.08541891701518223
5,523,26.15,case2,17,21,-807.869475280566,433.84711342823016,52.97071958951959,-39.800396393642174,-2.410491167971102,3.1808771177284054,40.0,0.07960597997556303,3.202083266276055,0.15145662226525614,0.029609979897886857,0.1601381154486179,2.027565550949881,0.08558049961899845
5,525,26.25,case2,14,26,-775.0647091352291,-547.5680605718262,55.17294100206927,-23.03495716742217,-31.741972705815712,1.5911988074770664,39.251675080264285,0.040549478343601564,-2.1985592238764977,-0.007418468155581079,-0.39972436126202904,0.479583606944314,2.465285674361328,0.1532855922826589
5,526,26.3,case2,6,26,-774.9278777808661,-544.7766891343863,54.514945397144636,-25.037059689060616,-30.87988403347556,4.42474905565474,40.0,0.1108455754753159,-2.2520811851590254,0.27780575683399167,0.11147329167429613,0.4937568235355623,2.043061398125276,0.14881005269392028
5,535,26.75,case2,5,25,835.6716557724185,-574.6137683107045,55.70951090552157,34.97417959048955,-17.18475302264788,2.48360308139082,39.04711588252217,0.0636482543108465,-0.4567080676094584,-0.037362079217441536,-0.3637708782191093,0.39939186009871597,1.093831285795625,0.08639873608921932
5,535,26.75,case2,13,25,835.6849631694266,-573.7407380563399,54.71733339333108,37.096266295351576,-14.71887391629997,2.6873365216190113,40.0,0.06723405593532022,-0.37772318323942317,0.12747817475742645,0.05261008209133014,0.2927344581006302,1.1718193640793324,0.09775441017904443
5,551,27.55,case2,7,27,-844.8510735433122,-529.0936083492813,55.33108721794647,-21.82268991577558,-32.88614487534869,0.6569661941332807,39.473534482014024,0.016643975161413832,-2.156661113158329,-0.012483171737246931,-0.19709002238025664,0.2215325709573206,0.7413185178752512,0.10080147233051137
5,551,27.55,case2,15,27,-843.9493606749265,-529.3999573514097,57.286297130672416,-20.66027003137529,-34.05257450364856,3.684482582957927,40.0,0.09224282059784691,-2.1161400402434087,0.17807582134812178,0.42399491250992777,0.647958641963423,1.7098837245691167,0.11406800812142534
5,559,27.95,case2,11,23,709.9813666419722,799.2138072279757,56.906954150317354,14.002297572725668,37.42301051664011,1.8029388067014043,39.997457941529554,0.045091613729001535,1.2127598614098443,-0.004694259194254575,-0.531677935644584,0.6202744976764711,1.6730425594355103,0.12829863026978683
5,559,27.95,case2,19,23,709.7823084170399,799.8715195320023,58.612868953395235,14.207343755895472,37.1801080445005,3.9737827319932153,40.0,0.09950870927429617,1.2057962250325698,0.07833793927175893,-0.42114129606130657,0.450263298521527,1.9226130206940464,0.11855294594010819
5,563,28.15,case2,3,23,706.9648546416181,793.89338374864,56.44687986901108,12.025946093377017,38.083476378937924,2.241750979495098,40.0,0.05607315405703946,1.2649273612416405,0.6139113732033195,0.08627042003420474,0.6302361613467733,1.3443383972838916,0.0790249696170248
5,583,29.15,case2,0,20,-993.7507098671059,-276.4822380795529,57.081836396938705,-31.87928717998285,-22.051516381663703,2.1761551887504207,38.823884108112196,0.05608136250973792,-2.5364458915694956,-0.01910542032935939,-0.24386857690301972,0.2446163902441462,1.769100920463038,0.08843744160280172
5,583,29.15,case2,8,20,-992.2831683128494,-274.7809935043715,57.9613303525314,-32.32801865242518,-22.813044759862365,5.870621670059012,40.0,0.1472976067298969,-2.5270687255267137,0.25699662045633026,0.007841756192218968,0.4575164213114038,1.6641586322483672,0.12968255797924708
5,586,29.3,case2,16,20,-986.8616466253591,-273.7577359715275,57.047807824092715,-33.48327313467247,-21.628598314004037,3.3277853236623267,40.0,0.08329090305738757,-2.5680681597179333,0.6990631247457972,-0.08009224180935574,0.7080939839123571,1.5378857688356178,0.12497503073685454
5,744,37.2,case2,10,22,703.4843173620362,-1147.163128178594,63.023830186823886,39.07300576915498,-8.254645711669724,2.271793198861585,40.0,0.05682540777693757,-0.2082006903823395,0.09722515049147655,0.27623165437947544,0.31032464912413454,2.667546190234783,0.08054463405000502
5,1315,65.75,case2,18,22,283.0162185520928,-489.0490327662305,22.96209305385941,-30.156791227646185,26.273480149462138,-0.5217122655078101,40.0,-0.013043176461757879,2.42490226591323,0.012315856416372697,-0.3913506730691366,0.5081731314222575,2.9689936426012644,0.08460826535377693
6,497,24.85,case2,4,24,981.0145665658517,-79.93003515136327,56.41099676724931,38.36102054577269,9.284832117383903,3.1731160883469673,39.59601836638785,0.08022327377429178,0.23747127496832138,-0.02280773885041949,0.25336808845270997,0.26818613640864625,2.877483468157883,0.1753103544363757
6,497,24.85,case2,12,24,981.1056260789092,-78.55766098939591,54.68322443472117,38.237999701226265,11.457947612195408,2.56336017079255,40.0,0.0641279484623819,0.29113400686515684,0.06742750807510739,0.05705288074322511,0.31111980616942897,2.9144074828333544,0.170796503681468
6,523,26.15,case2,9,21,-808.4465129970928,433.24989964506494,52.74917024164734,-39.41753732031552,-2.4829191178335406,2.594077998572846,39.580757653269465,0.06558587624528599,3.2044997553658647,-0.013684919399550452,-0.463977475871993,0.4643224251532844,2.8020365054291716,0.08931108450160116
6,523,26.15,case2,17,21,-807.7237197318805,433.0007796017413,53.268968235104616,-39.89851915108782,-1.2770675795773194,2.545047729900438,40.0,0.06366920121578509,3.1735896237480365,0.19621156495885017,-0.6290530029239034,0.6611837494733728,2.65572106480248,0.10609325454644339
6,525,26.25,case2,14,26,-774.928027609297,-547.8186976957624,54.84187457562817,-22.83719307804695,-32.05080153350361,0.19591463609052903,39.355173092856134,0.004978137049948242,-2.1898830133712925,-0.005619928222005792,-0.05639834084378639,0.05749192119425075,2.6731117529650006,0.15372787222641332
6,527,26.35,case2,6,26,-773.942921071235,-548.003347017664,55.75764095166609,-24.64646976949078,-31.410923432101015,2.4301063853800113,40.0,0.06079009369536843,-2.2361049865545977,0.2831483072306836,-0.6801361038840158,0.7367445379033685,2.934873035384938,0.07862331578385126
6,535,26.75,case2,5,25,835.661323869754,-574.3435794750447,55.122996727959446,36.72438640862546,-13.04286062929257,2.2582739589551912,39.03711787208272,0.05788171758485093,-0.3412601152773317,-0.04584431258147816,0.14164155319705324,0.1498752441141669,0.8507904408096617,0.08874460179361096
6,535,26.75,case2,13,25,835.4963852340703,-574.1959371079905,54.39359825524943,37.04244097091452,-14.744118214311122,3.23551309667144,40.0,0.08097629416303215,-0.3788096385378757,0.1156310477266911,0.09496239112230473,0.5891195343024261,0.9658249990832048,0.09632183664011387
6,551,27.55,case2,7,27,-843.7747063180389,-529.9455643662332,55.121022646952234,-19.851580863749646,-34.15891742170989,1.88324518061064,39.55329966796044,0.047630854335765416,-2.0972429691265813,-0.007423417072540398,-0.26038782548552897,0.2876112991089602,1.8464985361283968,0.11373110960594834
6,551,27.55,case2,15,27,-844.2724555824761,-529.3003337395603,56.36715951677401,-21.446303823772844,-33.74590501154673,1.126919362727967,40.0,0.02817671229618681,-2.136927087426365,0.13851272578955118,-0.025145687446605086,0.4604854409068062,0.894362888427091,0.10651813686952165
6,559,27.95,case2,11,23,710.6456750743985,798.6664886931533,57.65219533883123,13.398918452740906,37.467609534333555,4.080100498703007,40.0,0.10218022686588804,1.227355153080274,0.04165451124898434,-0.26333715342528036,0.2788947967216746,1.1352832695317994,0.1271865666965814
6,559,27.95,case2,19,23,710.9940606891164,799.5934217674285,57.663278965917016,12.540630684272996,37.789358130996234,3.833665881108979,40.0,0.0959889843797162,1.2503758311842785,0.03983487694584524,0.038302042466113836,0.40220192671601146,0.44985083638957213,0.10269568907156301
6,562,28.1,case2,3,23,707.1799030424045,792.2416676102631,56.476347554354994,14.708169599577044,37.19016524734564,0.7492368819021328,40.0,0.018732017503191364,1.1941878430476753,0.6950315684448051,0.23535606691833647,0.750297277951209,2.5546920121978087,0.16141457526770725
6,583,29.15,case2,0,20,-993.547137848855,-277.33207418404436,57.444757939581976,-31.978149728533104,-21.832325910561302,3.857677754403156,38.91187726623152,0.09930194431617068,-2.542554049703393,-0.014676319738476017,-0.5361988748017442,0.5420300761859234,2.6373493426912993,0.09644054046816182
6,583,29.15,case2,8,20,-992.4334633844946,-275.6651910288026,56.3618718618267,-33.38767757612755,-21.84109737089778,2.8687020945910913,40.0,0.07177917386053041,-2.5622940678444657,0.26247668041464733,-0.37855137557414387,0.46441976621402703,1.8192562593050647,0.12444756705371837
6,586,29.3,case2,16,20,-987.4748731563361,-273.1358399244491,56.19808558035364,-33.70575186236217,-21.49506637969182,1.372739132359716,40.0,0.03432521835856686,-2.573893675676,0.6974141505049903,0.07131948311971296,0.7036099314274636,1.0248604365619647,0.11649845501077247
6,745,37.25,case2,2,22,703.8843274187856,-1145.1057618352374,63.54651928311999,39.06686945190316,-8.188327468927348,2.594417948127444,40.0,0.06490601167472124,-0.20660689156564524,0.3119427498935449,0.38758125745282945,0.49903855431365945,2.424666759368159,0.08391065455558404
6,1287,64.35,case2,18,22,315.29644510839546,-516.9117422693553,25.90731672943253,-30.15898390392596,26.146915671176973,-2.602785194190052,40.0,-0.06511563564881022,2.427329109795442,0.05485633177262521,-0.24073688009343555,0.3119885901990648,2.809611767598082,0.08224171810427257
6,1289,64.45,case2,10,22,312.3934105367975,-515.2716890067632,25.0199407306847,-30.243707150270797,25.93786485603717,-3.541940784176258,40.0,-0.08866464560981493,2.432686496319775,0.014720858758827376,-0.1883543240339169,0.19894358455360842,2.846058479955356,0.08134734486819822
7,497,24.85,case2,4,24,980.965192583544,-80.05573085455073,54.76112459143845,38.29962105441046,10.323619996792157,1.9229920903824618,39.71317163523056,0.048440964947986664,0.2632913197610089,-0.012148971432398237,0.09119474755665072,0.12253421362638958,2.7586131394935403,0.17626417973243105
7,497,24.85,case2,12,24,981.3331194818674,-80.18019239161372,56.364508537203434,38.91536700963531,8.729088867815888,3.0654882226426476,40.0,0.07671242292180909,0.22065717493211168,0.06853965355460699,-0.19766439144022266,0.4057614307807614,2.5905329645379935,0.16699751169774987
7,522,26.1,case2,9,21,-806.3802002741028,434.4669763476043,53.30764093497835,-39.336494364866454,-2.750727180853851,2.563963995794307,39.51582215154315,0.06493010444420853,3.211407127448775,-0.012044135895006698,-0.15884911903537752,0.17551758387426222,2.8083211875238354,0.1635028042364434
7,523,26.15,case2,17,21,-807.9364203793814,433.15087105930473,52.30086346128425,-39.98762258046421,-0.5363945330350521,0.8380461009266776,40.0,0.020952685580173446,3.155005863220852,0.1881654915859825,-0.7410117743254945,0.7645718893035576,2.5195561815952114,0.10004003882071559
7,525,26.25,case2,14,26,-775.8056901117387,-546.6659574084633,55.04949533617517,-24.061222645426387,-31.0271245135985,0.4820714554469556,39.26649059520447,0.012277225665257413,-2.230412409780352,-0.009350657536291298,-0.07505616104483923,0.09258811280420526,2.0061284572726605,0.1512794482851624
7,526,26.3,case2,6,26,-773.7230150567888,-545.291529449975,54.11650223891224,-22.382181925371786,-33.1089765425529,1.6833313887176349,40.0,0.04209571623068221,-2.165243315799125,0.2967615667449019,-0.11119964621641708,0.38919090463634914,2.7088091152638984,0.16225885931396894
7,535,26.75,case2,5,25,835.6074733149911,-574.6993648366121,54.776561719954906,35.65628258420293,-15.603606394507686,1.6110200366957212,38.95431177415267,0.04136845340004588,-0.41250419149726325,-0.03579629857805222,0.12828606401357234,0.173182918848019,0.8528088293938277,0.08670358070760736
7,535,26.75,case2,13,25,835.1408526083555,-574.7432022685055,55.020327354444,37.6111323779634,-13.416789179152705,2.322173415032572,40.0,0.05808699507744688,-0.34265231208341024,0.11684835830684073,0.46852217167721943,0.5994837388209217,0.41536171688531914,0.09496759245564544
7,551,27.55,case2,7,27,-844.4884108224143,-529.3456076078674,56.59614537838401,-20.305624513947972,-33.59109395703749,3.7659869562603645,39.43174657413349,0.09565226360479497,-2.1145139012267276,-0.020374506415776386,-0.011495816354121585,0.12668358600366147,0.8760688487029993,0.10157342562674632
7,559,27.95,case2,11,23,709.6251015649474,798.8391174270749,58.340737594709395,13.497491471101405,37.64705697631499,0.7189054246824427,40.0,0.01797360333143759,1.226545239888197,0.06503453435191281,-0.35541185747310344,0.4603244876559295,2.021505175550125,0.1391468313190551
7,559,27.95,case2,19,23,710.9704735980168,799.318011510976,58.54351185830184,13.68803952441306,37.525219059098696,2.1202614331165908,40.0,0.05303138927854458,1.2210252615923647,0.03570771224959381,0.07659170109609244,0.45117486184268346,0.975688839041875,0.11010810149808596
7,563,28.15,case2,3,23,705.2719939130398,794.3596327438537,58.052677765630065,13.177442083919013,37.667884390990935,2.735965210287245,40.0,0.06845257640335778,1.2342709268619638,0.6125637527074305,-0.2490389379407213,0.714588026296001,2.3248897868025025,0.09929069823015857
7,583,29.15,case2,0,20,-994.5550785461036,-275.1511923137587,58.15947954441644,-33.050728493339854,-20.20858542562551,1.5532846644796068,38.77048196881461,0.04007431461392104,-2.592802768497963,-0.013692890154642558,0.15955775861286017,0.16468470163022073,1.33878294149803,0.07762460534044142
7,583,29.15,case2,8,20,-991.9748601748046,-275.553799908181,56.63615576981864,-32.711493047256745,-22.967488977673657,1.5661011077554803,40.0,0.03916253755193183,-2.529443332000907,0.28005729435008353,0.16494849455420785,0.3939632157572164,2.0385821525951795,0.13393273284574408
7,586,29.3,case2,16,20,-986.486259670867,-273.6444933901741,55.65345378734383,-32.96675954895358,-22.54354399956845,2.231902502574643,40.0,0.05582655626090045,-2.5418040554942007,0.6985735040510627,0.23489591105152557,0.7484660273121938,2.2030228873614512,0.1389781778602069
7,744,37.2,case2,10,22,703.667550716693,-1147.5112778353614,62.96213618489327,38.93559158530661,-9.041146051076732,1.5091010520507284,40.0,0.037736482053294454,-0.2281642003785649,0.04695274344811514,0.3038975562427773,0.33335679549863306,2.833268951883038,0.07660347202812877
7,745,37.25,case2,2,22,703.5409909996156,-1145.608992465803,62.4251316279509,39.05677678470513,-8.629967861011558,-0.3030542981489604,40.0,-0.007576429937588136,-0.21746537321201478,0.2876603296167084,0.40382647883612754,0.6101725805480136,2.8327422635693797,0.08992339335210764
8,497,24.85,case2,4,24,980.9293344153518,-79.95968023872861,54.18860852079041,38.51137688821587,8.746464302804325,4.185822372885573,39.71332139929607,0.10559710274225781,0.2233254536587569,-0.018721200654225403,-0.03585058090156584,0.49181265080191844,2.949808986558937,0.17955688072412418
8,497,24.85,case2,12,24,981.0803598260217,-79.34465480254853,55.60574177186175,38.71223463630611,10.032272278515965,0.8464055725846225,40.0,0.02116171871353809,0.25357163498454494,0.08588267843375968,-0.31431481732015903,0.6422974602785135,2.6439562965112633,0.17024314454582948
8,522,26.1,case2,9,21,-806.719976162502,433.9921208662459,52.216032798442995,-39.25283318683317,-3.0774601136491486,3.9598068273337765,39.571905994711095,0.10023386771375252,3.2198335752548157,-0.019180851053873894,-0.37202854127979257,0.4394255600057861,2.899419233051435,0.16223032185301062
8,523,26.15,case2,17,21,-808.1629983341674,433.2816790600277,53.3733638074855,-39.72625833335804,-2.2743093865809394,4.080675880955345,40.0,0.10219468685411873,3.1987797552085127,0.15950937250177552,-0.28573750477223436,0.35451191419686895,2.7285942044007556,0.09312614791219584
8,525,26.25,case2,14,26,-775.5578889143446,-547.2015212734459,55.81690498821537,-24.104809309768964,-30.971761525966187,1.745403381784402,39.28534430098314,0.044443497675939504,-2.2321544890598997,-0.008582223228567838,-0.4575291725891859,0.45993564773939616,2.010723452871875,0.14729124459397788
8,526,26.3,case2,6,26,-774.696446254016,-544.7556642460738,54.851070408678616,-24.60479089977048,-31.429719541474743,2.6032660875931457,40.0,0.06512768352135366,-2.2349928099927325,0.29332517149376147,-0.18100598502781304,0.3798511931864065,2.057271117144928,0.15131820869904772
8,535,26.75,case2,5,25,835.8722914573074,-573.4031147725632,55.349519056602254,36.212396816152705,-14.29595550526515,2.4088281276554975,39.006595338834835,0.06179369905867588,-0.37599890204021813,-0.03870298709086229,-0.04373316193050378,0.315132788094707,1.5303972959959786,0.10046600293601134
8,535,26.75,case2,13,25,834.8143092990066,-574.5902668452803,56.615790596126246,36.14258883771761,-16.812993357821547,3.3221267973300184,40.0,0.08314894862590114,-0.4354098442013889,0.10207452485531951,-0.2030769233172411,0.2855176346035686,1.5894085225735533,0.10879918538090291
8,551,27.55,case2,7,27,-843.5853467620964,-530.1984848458933,55.838166607403885,-20.45155197569821,-33.86663980630978,2.3539281491267223,39.63276734870103,0.05942845921535553,-2.114067466899426,0.02581886265199549,-0.11339760316523285,0.310706837687692,1.9231817735663597,0.1134899094611609
8,551,27.55,case2,15,27,-845.2033202060642,-528.7181845183561,56.889477504296764,-22.186565933666692,-33.144653559932664,3.0312097359146595,40.0,0.07585296131495117,-2.1606791600148076,0.12107926270407232,0.2680573789405311,0.3935795433169073,0.8999113356160546,0.09844045815797885
8,559,27.95,case2,11,23,709.5749465549554,798.8032354268873,57.8287165538712,12.953549223685318,37.674158771291914,3.586547557896027,40.0,0.08978426871709669,1.2396276802351618,0.06198975166759305,-0.3439798575456544,0.45702399672368715,1.980637279776329,0.1397279629301507
8,559,27.95,case2,19,23,709.668753441829,800.0759936670287,58.173308466698046,12.458734012255839,37.91122622549376,2.74205632533203,40.0,0.0686052125450248,1.2532854962579558,0.025918951784640966,-0.40104264190161404,0.49572626503228745,1.9164314300798193,0.11546028976260592
8,563,28.15,case2,3,23,706.084651942747,794.6074700240317,56.297324638750375,14.154107580310034,37.35119203486216,2.1330007453959334,40.0,0.053350323155089106,1.2085701127610122,0.6145870882279076,-0.23870209677441595,0.6806725324103859,2.1561687985986215,0.08405077688203784
8,583,29.15,case2,0,20,-994.2828942242105,-275.31034812398536,55.74543548021346,-32.93180125468051,-20.24677048406471,3.1285816171075793,38.78431734408992,0.08075389143697072,-2.5903552255710474,-0.015482321072469423,0.15300415107975168,0.29107693968802406,1.6421253457856437,0.09104280056325621
8,583,29.15,case2,8,20,-991.3399678995331,-275.6508770692095,56.964016119847905,-33.02806839579965,-22.477939323116864,1.9720400170018229,40.0,0.04932099404304495,-2.54402577367652,0.3110380041651445,-0.4475246042885693,0.5452442922496384,2.5956317087970615,0.14871933698620127
8,743,37.15,case2,18,22,702.2001181101054,-1147.9953782546818,62.90475585236368,39.20988246842141,-7.896509840682016,0.4798428373868202,40.0,0.01199635867050388,-0.19873251510552417,0.042853071773896134,0.4170601365332235,0.43724283925213214,2.9158558202505116,0.10232377867468083
8,1278,63.9,case2,10,22,326.38660368656537,-525.0568052415249,26.963670467270074,-30.380894121394928,26.015021518694184,0.4689645684587148,40.0,0.01172438281748403,2.43345508915383,0.0020965950748433266,-0.193066461610155,0.3254816562214006,2.9856803148650894,0.08629625130722361
8,1283,64.15,case2,2,22,317.8812894217913,-521.6047563868648,26.397719881506966,-32.364178298118226,23.497419666705287,-0.12122546101841744,39.99479295505921,-0.0030310357344469152,2.5136085397439643,-0.007149164512422523,-0.21098762678904964,0.3307143745926545,2.7849870305107673,0.07551376828968036
9,497,24.85,case2,12,24,980.8345885462339,-79.65401154799908,54.9749905547106,39.01376016581565,8.705351813736392,1.4640244271503378,40.0,0.036608787333813834,0.21953900246791058,0.06988763406673687,-0.5214662072610893,0.5402700129215964,2.8498834932158115,0.17745999285881373
9,498,24.9,case2,4,24,982.3159444493602,-79.05710525963039,55.15041930775112,37.952544725316166,10.681637138130908,4.15514683757093,39.64540664843277,0.10500060896446384,0.27435017882895374,-0.020342673297299198,0.5029515925990783,0.7170081152476716,1.3163887598537656,0.08246959139823952
9,522,26.1,case2,9,21,-806.5617712335476,434.7156084341461,53.41214316523198,-39.41771001982866,1.0083481861186017,2.84642163940071,39.53321066421241,0.07206312635818185,3.1160171363888276,-0.0076690140243591085,-0.6834585990970151,0.7201299735058249,2.5483301182614597,0.15897501176884388
9,523,26.15,case2,17,21,-807.9060921861936,433.2155451146969,52.63840659696122,-39.58165365568382,-1.3801554100366387,5.60248738736983,40.0,0.14052421819009345,3.1764470962827587,0.17454129644461275,-0.5802334729519074,0.705166264666879,2.4547944547872533,0.09786003656927146
9,525,26.25,case2,14,26,-775.4998567345762,-547.1802952468913,56.046698279168396,-22.403462635587417,-32.206962151060395,2.3803931662431315,39.30483202724438,0.06059943737744131,-2.178569435218015,-0.006439413573146913,-0.22604709930142336,0.3208733255990353,2.115434024766979,0.14799572961378452
9,526,26.3,case2,6,26,-773.0075395581996,-546.4252543024381,55.54194018864808,-23.74874419086124,-32.08135187634715,2.604613434472017,40.0,0.06516143879354597,-2.2080387178885355,0.29712643351008566,-0.3700727997158961,0.590768192731747,2.8427894793301736,0.15841160722176775
9,535,26.75,case2,5,25,836.5440021222631,-574.2786110029358,53.9913021577289,36.510983257611535,-13.755303149311825,2.00583660208781,39.067680295115196,0.05136519204670873,-0.36029900161826817,-0.03059525778379851,-0.10849685664217491,0.24243069036761203,2.017782598601468,0.07894852807061437
9,535,26.75,case2,13,25,835.8943755470947,-574.8838944467703,54.75337217404765,35.813672644656705,-17.422926637469846,3.7178594764610517,40.0,0.09308083808536033,-0.45277980090017367,0.09429916924726482,-0.3941151509242069,0.47664912151938843,1.1782129630277673,0.07785593193374
9,551,27.55,case2,7,27,-843.4624917551242,-530.1192149478103,56.546731975805145,-20.20669673650131,-34.045223059963675,2.293593563231708,39.65663094158294,0.057868611906545804,-2.106441318774016,0.023637990915773236,-0.37265217407742335,0.4162448923004175,2.023017194320308,0.11644907186489226
9,551,27.55,case2,15,27,-844.7966003005245,-528.9525129874911,55.51527662820893,-20.53859311138319,-34.202328948005324,2.892557266067563,40.0,0.07237710568912874,-2.111585425402079,0.08649630830531763,-0.28205475723235307,0.3536223261762114,0.5632315851242548,0.10211217149051928
9,559,27.95,case2,11,23,710.3770717262622,798.4403608249237,58.24206006445349,16.15702438676872,36.51019958412552,2.4404690722649445,40.0,0.061049642341689185,1.1541679956191395,0.08921477918617961,-0.5679051188291635,0.6095065661921755,1.5800484011873641,0.13627459465423705
9,559,27.95,case2,19,23,711.7691947698679,799.0986766687533,57.47183544043655,12.719860808319975,37.89106844686754,1.572282726409173,40.0,0.03931719707297844,1.246921339608388,0.01932429074468684,0.35359791410076313,0.4298050071282569,0.5633780378586042,0.1055826358579008
9,562,28.1,case2,3,23,707.2066704416375,792.0270580698577,56.65350906871984,13.406354940268118,37.5349621187387,3.375835594397257,40.0,0.08449639964067918,1.227748490910204,0.6936301382439941,0.21954148687225378,0.8425198152412969,2.6850821636006064,0.16552802488127444
9,582,29.1,case2,0,20,-992.9976180769519,-274.0846391223505,57.11751649690834,-31.554786245500292,-22.314227499509652,3.7179490736382226,38.8259247051922,0.09590640439050355,-2.5260786315402646,-0.020629854731604766,0.056413116196205454,0.1545080932022688,2.8440158107227576,0.17095659217894535
9,583,29.15,case2,8,20,-991.6628088057872,-275.8662070097897,56.57989944419677,-31.424529652312792,-24.633956387232516,2.3805732172820404,40.0,0.05954951939987863,-2.476740897570245,0.27527806597563975,0.2041607936964665,0.36636564006723266,2.459199378575389,0.1395549521107598
9,586,29.3,case2,16,20,-987.6997962276355,-273.0051183408804,56.14586447530705,-33.80672136576542,-21.35097502703126,1.1142063958656576,40.0,0.027858763337499683,-2.578289892758459,0.7001709441251942,0.0242600570085873,0.7007550340947325,0.9157400941003715,0.11276553016632389
9,743,37.15,case2,18,22,702.219352711713,-1147.6365898689523,62.0757844946959,38.82363530253096,-9.610450914068462,0.6038005667041065,40.0,0.015095587483335048,-0.24266320281872025,0.06752550387334766,0.06580209352937401,0.3036535735652581,2.819327656924669,0.10492364253332695
9,1309,65.45,case2,2,22,289.75696899864477,-495.30282674672674,24.115235299261983,-29.420241371804234,27.09883717244321,0.3200336329018877,40.0,0.00800092618524866,2.3972443478153904,0.03330652412375708,-0.7115274761499274,0.7343043749091933,2.8126690931833593,0.08216226961371709
9,1309,65.45,case2,10,22,287.9565978871456,-495.37686085368813,23.05315404063344,-30.711436085562326,25.491015241036873,-2.4432066128360987,39.986915647613536,-0.061138232532557166,2.448814729503191,0.003417355438944265,-0.28856748473362626,0.29415816628935443,2.991230848997142,0.07850248552867865
10,497,24.85,case2,4,24,980.7191845632067,-80.00895116186106,55.789265030397615,38.14608164888087,10.211803886395979,3.4887421801616476,39.643105400270265,0.08811774706620164,0.26156926670454933,-0.012506011621248515,0.26779356624312217,0.34321279013800293,2.9912375118876797,0.18141508940416234
10,497,24.85,case2,12,24,981.3362463625817,-80.39670685833427,55.143502484270265,39.32470421209365,7.248789772179911,1.0112791257035632,40.0,0.02528467220002245,0.18228550946798971,0.0767092124122912,0.11746187047752774,0.16614980093167897,2.4012808317103596,0.16699486250272214
10,523,26.15,case2,1,21,-806.1520497613933,433.28928156403236,53.5960229684628,-39.92769250074704,-1.1328689367285971,2.120372499817792,40.0,0.05303416985531058,3.1699580565350907,0.15653268055995084,0.029654667608325788,0.42337062735712033,2.2163694762634205,0.13005355711001348
10,523,26.15,case2,17,21,-808.1086166818108,433.6202940684742,52.08267272100038,-39.84075789823076,-1.4539607711562252,3.25576537399463,40.0,0.08148427610389172,3.178070770093137,0.12281452434853471,-0.336545942717124,0.49064812825393495,2.3114099624818563,0.08818216517612275
10,525,26.25,case2,14,26,-776.1629571410964,-546.567267520789,55.148777284252,-25.20872623584101,-29.817337138676038,4.354819486343385,39.287630689998146,0.11107278980619725,-2.272636265475338,-0.016581083471455475,-0.6614182129822829,0.707392509727661,1.746910964932906,0.1463373061317266
10,526,26.3,case2,6,26,-773.71735910093,-545.1369279611808,55.35249487678152,-27.08761533183936,-29.268819924945664,3.097947035603488,40.0,0.07752631233060199,-2.317510062619845,0.3387157735887881,-0.8241034551708663,0.901033623988692,2.459991876592918,0.16223878001905262
10,535,26.75,case2,5,25,835.6470883819038,-574.9191409697673,54.95394310397728,36.27516392330127,-14.581681313769081,2.172074218947651,39.1564918501558,0.05550011275912296,-0.38220714545944945,-0.04341782887038239,0.07766927712948588,0.1732566233550105,0.9380149058413754,0.08252091089084541
10,535,26.75,case2,13,25,835.3029951830031,-575.0379331911554,55.86415529445016,37.04750723608064,-14.865291598268117,2.550551566036585,40.0,0.06380707708833554,-0.3815830178273871,0.10732899954920767,0.3122447400933895,0.44939069911206536,1.1142887246530366,0.08950440184969269
10,551,27.55,case2,7,27,-843.7706375005007,-529.9778550794499,55.95951917811577,-19.636325951572005,-34.04929551361556,3.8445073795770393,39.49329131436785,0.09750023826519469,-2.093909406029221,-0.02168983279357611,-0.11694571741713856,0.28044104787459573,1.6302370529967969,0.11020676690457223
10,551,27.55,case2,15,27,-843.7081139431342,-529.8231980052826,55.62718289349313,-20.753762432384327,-34.10647662337231,2.4555238218169997,40.0,0.061426717900089856,-2.1174417848500173,0.14668099254220351,-0.09607926767695546,0.18093121745725133,1.6356899373735625,0.1137665463050723
10,559,27.95,case2,11,23,710.4466443903931,798.7778148215814,57.920791582598504,13.667011634861169,37.51994032420862,2.3381340937579846,40.0,0.05848669081039954,1.2214746736511723,0.060298890869730566,-0.003021524593177727,0.11061197370713435,1.2317632734904584,0.12739105794423178
10,559,27.95,case2,19,23,711.0893285659431,799.6515574483575,58.59737423416998,13.78373591741142,37.42043172184061,3.1176776469236307,40.0,0.07802107320629147,1.2178703863671247,0.03730006005170047,-0.06036742185861113,0.11195850491865586,0.9745542145518944,0.10153431676131915
10,562,28.1,case2,3,23,706.7116727318754,792.5081498030207,57.00303175533167,15.292136912423087,36.82059076980938,3.224072581989399,40.0,0.08068934434822343,1.1771576317079568,0.69343516358541,-0.1962767190666434,0.720976095360477,2.389777998297229,0.15954306997642007
10,583,29.15,case2,0,20,-994.2696567199024,-276.45860825581565,55.77458643226551,-32.1732507124671,-21.748315396507397,1.0134540045089377,38.847578727798215,0.026090918128576862,-2.5471734263930665,-0.016056800123948334,-0.18062904857329803,0.36564063699294463,2.2985757822449164,0.08514006877371481
10,583,29.15,case2,8,20,-992.3745978854397,-275.531767469618,56.013837325402136,-33.17662567898628,-22.168671982171315,2.8038350706345874,40.0,0.07015340594304371,-2.5525282061415546,0.2919744366183786,-0.2849486061687736,0.782411664166595,1.980951374139729,0.12829407355147388
10,586,29.3,case2,16,20,-987.1035002605566,-273.6176500677077,55.62637622103681,-33.41081213078242,-21.952921819644235,1.336733459650974,40.0,0.033424559803339006,-2.560270055386157,0.6972442147172523,-0.21916755335074384,0.7315323575674447,1.7582227453092327,0.12487513189765798
10,743,37.15,case2,18,22,702.6211372462417,-1148.120938059442,63.13231212739122,38.49755375206217,-10.368498478978264,3.1540573670544774,39.99394308487425,0.07894535310490151,-0.263086098925618,-0.002239448895958061,-0.04587117369943655,0.06305817702720835,2.6515932776766964,0.09105315068437271
10,744,37.2,case2,10,22,703.5830578384948,-1147.1349192344298,64.00158407813078,39.038885103383365,-8.6030577647373,1.3974430154483741,40.0,0.03494318604332177,-0.21690462917388248,0.07209626524840737,0.15769353525281168,0.2685472223275826,2.8818788421249204,0.08329186482708847
11,497,24.85,case2,4,24,980.7063435821502,-79.95400351845072,55.22763213530432,38.78145501852991,7.735788227425233,3.8518060191745604,39.732607295056525,0.09709568895927567,0.1968871670944652,-0.016391836311528844,0.023982148610404652,0.19321368649791593,2.9596766772737486,0.18181962074867572
11,497,24.85,case2,12,24,981.2937331784728,-80.54046611154743,53.648654715220594,38.807519488612236,9.621926027430764,1.1810887619614052,40.0,0.029531511317044245,0.24303865044919032,0.06727983461777505,0.051022921409079214,0.1688241437191212,2.9706061528480574,0.17450696881740696
11,523,26.15,case2,1,21,-805.992725867639,432.9224521552394,54.035992741840985,-39.797412425917166,-1.0375732625349443,3.884508453630512,40.0,0.09726600583538891,3.16765812392759,0.20235989775787758,-0.5172401774611424,0.6474952041361784,2.782839188190547,0.14041923783246038
11,523,26.15,case2,9,21,-808.3565033620986,433.9870908493015,53.4132712088514,-39.22623793852018,-2.3673463010475113,3.4055797221930604,39.44489884082219,0.08644527050586386,3.2018706341192607,-0.016587651356724093,-0.3624345498766819,0.4981610479845115,2.466921261682799,0.07728836285900126
11,523,26.15,case2,17,21,-807.8503512862228,433.83777087420066,53.10108640639385,-39.708480629630216,-1.1285893899444321,4.686454104670906,40.0,0.11743106338015334,3.170006877117899,0.15927382479581959,-0.2245391339027386,0.29071354875296235,2.058522781925275,0.08727307338550985
11,525,26.25,case2,14,26,-775.4559618693306,-546.8976196779217,56.26410495849088,-24.641797599513026,-30.30094816289237,3.696312858700207,39.23045216735398,0.09436046802854048,-2.253555571443002,-0.016512391306394956,-0.34471940922467464,0.3454618362253023,2.2920753620725716,0.1544670981315665
11,526,26.3,case2,6,26,-773.331871778233,-545.4611498246552,55.922365182966104,-24.51747901014173,-31.500788385330253,2.567791675721056,40.0,0.06423896467369737,-2.232173010404567,0.3152224042750222,-0.13475156598346197,0.3597086047117379,2.7220335894381864,0.16421812482071393
11,535,26.75,case2,5,25,836.008570444632,-574.1132309351385,55.60500044482077,35.748688367360046,-15.415833809101674,2.333074349679315,39.00076778651411,0.05985697830323808,-0.40713393345515975,-0.01954232948725118,-0.4439373470255509,0.6136447936636368,1.3633960717049602,0.08636588517034045
11,535,26.75,case2,13,25,835.767461541444,-574.1645892073115,53.87784063174123,37.302586671234174,-14.289414163444778,2.080786029510494,40.0,0.052043140597592824,-0.3658248496075339,0.11412847474223976,0.2983695420635305,0.4601154556210437,1.520396912427625,0.09483931457291725
11,551,27.55,case2,7,27,-844.0064123135296,-529.8966435041843,57.27834677367807,-23.007862471430343,-32.18947135389228,3.1433702408403064,39.69136654259091,0.07927833278573705,-2.191362180011112,0.01942064750192743,-0.7775328238610137,0.819207957777459,1.8719975331971523,0.11035638556152606
11,551,27.55,case2,15,27,-844.3861433872191,-529.6074769095766,56.72528689414757,-22.46199612711719,-33.03602774146175,2.019802230601152,40.0,0.050516538723719376,-2.1679211793093307,0.11311961761603913,-0.32112766790318936,0.4329535349755162,1.1558041073202296,0.10156513934428771
11,559,27.95,case2,11,23,709.6773593274495,798.6254370481379,57.982339113876314,14.86761047638123,37.1062836474923,1.4414827763261173,40.0,0.03604487401575898,1.1897070211192389,0.09207678330912052,-0.3872212380453476,0.3999147820514121,1.9726860858270476,0.14243805330450904
11,559,27.95,case2,19,23,711.1659826081475,799.3373052943341,57.45022303902811,13.246278675298985,37.69663707464748,1.8707363573290292,40.0,0.04678547503569294,1.2328823824403514,0.005723290158489633,-0.18056446851201313,0.25191574381141446,0.39199458984619895,0.10658979319623188
11,562,28.1,case2,3,23,706.4885757204772,792.5055120432302,55.720100918264066,14.031342012728075,37.443757012349074,1.0423541250513728,40.0,0.026061803298635125,1.2122613841073318,0.6931508561098033,-0.047768552440180995,0.7382073179965596,2.9892780977355247,0.16775095291107867
11,583,29.15,case2,0,20,-994.1856633561242,-275.1972448259465,58.2393721010798,-31.833691832904375,-21.892152806245083,2.5107294202842736,38.716327982211695,0.0648949080951899,-2.5391668893296098,-0.014441732530612626,0.20759257834479267,0.3098856782210693,1.2410157761224319,0.08543414761373262
11,583,29.15,case2,8,20,-992.375982314445,-274.3502137886222,56.0984107874783,-34.44680620618254,-20.244317905812583,1.8934451991277335,40.0,0.04735382557715039,-2.6102678783614355,0.2889618047239171,-0.043362430209355984,0.3121995267206227,1.7883561102869965,0.1360560760355914
11,586,29.3,case2,16,20,-986.2023150347632,-274.18006748154323,57.32964103978461,-34.51945466051559,-19.963972631093664,3.1380004342815493,40.0,0.0785307033799827,-2.617252088546557,0.6884792301801718,-0.6959656379692336,0.9789750271099208,2.3508629991868837,0.1409354017050255
11,745,37.25,case2,2,22,703.7488101292995,-1145.1409072607546,64.33229356059988,38.770114474524654,-9.479846659054656,2.6477784939576177,40.0,0.0662428987032452,-0.23980900655679555,0.34849415449147103,0.14001391170070654,0.4152862800056186,2.9249816205328654,0.0930616086668355
11,1314,65.7,case2,18,22,283.65992433471973,-489.4582120180545,22.301085952074256,-27.718444299188754,28.490626435895763,-4.469010060741409,40.0,-0.11195900259411656,2.342457675907307,0.05821411993537663,-0.48821201250220203,0.6059556970679986,2.7878343179724445,0.07564481201667995
11,1315,65.75,case2,10,22,281.38565281812356,-489.46571618278745,23.788436354210052,-29.684656792047882,26.69755006012294,-2.4621072124412144,40.0,-0.061591614500593674,2.4091246045132455,0.009400896006216172,-0.673975110645523,0.7130754908995973,2.853050722418238,0.07757903759199228
12,497,24.85,case2,4,24,980.7378098073978,-79.84753939778054,55.346256052643625,38.51777454840972,9.306065909042793,2.9733252792113514,39.73741916734862,0.07489431381429817,0.2370614986147303,-0.02206862640632738,-0.1088947114719296,0.2562041703538603,2.9251409448302774,0.18043057177111438
12,497,24.85,case2,12,24,981.2131748026609,-80.51497064921534,56.702665158275224,38.50592679666105,10.343126819506997,3.2114372367797945,40.0,0.08037243365346779,0.2624170345608476,0.07324120238187952,0.25757074848192985,0.37000096620957085,2.9119590129604687,0.1723738725016902
12,523,26.15,case2,1,21,-805.8305576621639,434.3469697497445,52.75393851809217,-39.651572149176445,-1.3071753551922238,5.103343873327846,40.0,0.12793228225289205,3.1745472642105885,0.18302783147294371,0.2996010182962888,0.3771496186248145,1.0512311902443487,0.12077408479092881
12,523,26.15,case2,17,21,-808.4588621335837,433.2038735258304,52.070939183046185,-39.94277029583551,-2.1324913655594786,-0.16607730108341875,40.0,-0.004151944456056397,3.194930684282406,0.11129667407358897,-0.5337735147339675,0.5578727820530676,2.848019196193874,0.09073262034130238
12,525,26.25,case2,14,26,-776.4766886323475,-546.5251694323752,55.426543818967374,-23.122082108272348,-31.49857289797826,3.439936891453635,39.225297212999195,0.08780969798334533,-2.204022486314269,-0.01372311172263161,0.06830165810917889,0.0951550238929909,1.5049346374355839,0.1402999010131768
12,526,26.3,case2,6,26,-773.8520409080676,-545.3980946583717,55.54609957194759,-24.591360185235068,-31.53649617362546,0.8452297503889966,40.0,0.021132316584628934,-2.2330824955406996,0.3224307129920266,0.06678102401861792,0.33325392349682537,2.221985291081616,0.15463494944024686
12,535,26.75,case2,5,25,835.8906346133542,-573.6901673237181,53.670341415803634,36.537556075700586,-13.645807777739652,-0.12818105155483675,39.002788416649935,-0.003286464570939409,-0.3574316695864139,-0.03366454027419329,0.0043152236307578,0.03638243701375158,1.8968641818112923,0.1019037815477323
12,535,26.75,case2,13,25,835.0299500877022,-574.4710714396091,56.563774331073006,36.46353770892117,-15.800965204788026,4.554109830379811,40.0,0.11410016006421683,-0.4089101116300815,0.08580111446939931,0.2243489186943241,0.24797585397711938,1.546596575267333,0.10443085416145037
12,551,27.55,case2,7,27,-843.7268035001152,-529.6915533009795,55.75302724993383,-20.60183337937724,-33.47895033590396,1.8950180663151592,39.355644419285106,0.048169738681281944,-2.1224383622830745,-0.012994429674999216,-0.49565363363414655,0.5471397460303602,1.5235404118265699,0.11549319870587882
12,551,27.55,case2,15,27,-843.4560314794945,-529.6282964343239,56.49202354871044,-22.024512290638175,-33.28369041384816,2.6677351432703933,40.0,0.06674291990767837,-2.155367090952755,0.15826694890874476,-0.3164545518901279,0.36856432020931285,1.7686141540815508,0.1214919082962547
12,559,27.95,case2,11,23,710.7160866071096,798.5143666062804,58.190977686491,13.644127077570026,37.45274272357885,3.3361442973186684,40.0,0.0835006062038002,1.2214371268779645,0.059703871974729913,0.368878321275421,0.37375142689393664,1.3021874187041327,0.12952650340556227
12,559,27.95,case2,19,23,710.4646215225497,799.7967690850664,58.01491700461384,13.271987074655478,37.691094356929284,1.7988233007251107,40.0,0.044985754063454945,1.2322294201597261,0.04236723325277767,0.008589410998619068,0.12276432690485076,1.0616229552787912,0.10665283170194158
12,563,28.15,case2,3,23,706.4098536736701,794.3550982500112,57.1322068441935,15.06638221636476,36.97504653558508,2.4186898523220717,40.0,0.0605041546767167,1.1838632167013958,0.6148762837599695,-0.08861733364598082,0.6370178996440587,1.5865346818949417,0.07716280231168159
12,583,29.15,case2,0,20,-993.9285859260383,-276.0210767469909,57.75042818394436,-32.48131681970048,-20.70630110345377,4.223490808888966,38.750802860604296,0.10920799975194036,-2.5740668140598606,-0.024493450723539124,-0.3574329486687774,0.43454975892517866,1.434901885056054,0.08495253979368407
12,583,29.15,case2,8,20,-992.0495968422038,-275.06979307677705,56.72921160153171,-32.60761555275251,-23.160531106094265,0.5772407188793932,40.0,0.01443151890580651,-2.5240007523114336,0.30694235587707114,0.20743601690876512,0.37857329472196016,1.7961788285436346,0.13412850087385805
12,586,29.3,case2,16,20,-986.0855338437136,-273.77917769316986,57.023736319512686,-34.022819530955964,-20.595505236666707,4.274683053798963,40.0,0.10707154276016138,-2.597253099289265,0.6972458280183484,-0.14825828222704046,0.717225871489378,2.2689039719423953,0.1444657278786715
12,745,37.25,case2,2,22,703.5520514310085,-1145.326979249528,63.33203396650191,39.22607732157155,-7.6785898380531705,1.5343128954148686,40.0,0.03836723474001031,-0.1933077934258933,0.3099730170510009,0.5007273547847743,0.6011826094557536,2.731030570707911,0.09091583343891012
12,1299,64.95,case2,10,22,302.0196205710788,-504.2867112065638,24.935397591115656,-30.03616253392051,26.34569634782269,-1.9321553209387543,40.0,-0.048322687068034303,2.4215561041053544,0.010788166317804998,0.06732825247470811,0.1496012755366585,2.7455896599692977,0.08030479068749603
12,1299,64.95,case2,18,22,300.0219056022088,-505.70959742731355,26.01675771845803,-29.718429589593047,26.606973220119652,-2.9805903429080036,40.0,-0.07458388800849841,2.4113791331269296,0.10130766095734221,-0.6856806191753617,0.8321335456899314,2.765783900454164,0.07922259485287327
13,498,24.9,case2,4,24,982.3359147032845,-80.08131042698868,56.53518214319727,38.558987298232765,9.019392047835124,2.0249034516427655,39.651546859691386,0.051089674064243154,0.22978021374246,0.0038076382967429986,0.3679301702673413,0.5549525676432414,1.6804317763502954,0.08884474933210144
13,498,24.9,case2,12,24,982.3259494713952,-77.54282083467805,53.72932374319224,38.91607763153052,9.098995927374379,1.657460373678542,40.0,0.04144837615243492,0.2296846180914562,0.12070470947370344,-0.4685766137926303,0.5561716903725628,2.9799481941941175,0.10243137304807712
13,523,26.15,case2,1,21,-806.1756608197423,433.10072912099537,52.555726323889644,-39.85454086598326,-1.744332004105336,2.927947783196342,40.0,0.07326421972298093,3.1853321983449576,0.12668330038458248,-0.5992409821234435,0.6376988430883629,2.0745758922398614,0.12991186190747953
13,523,26.15,case2,17,21,-808.1075810198472,433.24842475179577,52.78312388148353,-39.92551536138855,-1.3532892011774278,2.0302294120377224,40.0,0.050777552955657654,3.1754750289003906,0.09948421874028589,-0.36703976938265637,0.561597329621728,2.5728842266120884,0.09448098808907028
13,525,26.25,case2,14,26,-774.9915669982196,-547.6662306655655,55.464330491502764,-21.576345283238716,-32.82357076355473,2.039640001318636,39.33300909905828,0.0518789499861381,-2.15231629542591,-0.007916191527067287,-0.00915924498404272,0.22590278364065464,2.5131341873551833,0.1519527316730209
13,526,26.3,case2,6,26,-774.137815944421,-545.1928900205357,56.1520175156229,-24.960034795632723,-30.924265292888094,4.548239120349783,40.0,0.11395243297994476,-2.2498723297068057,0.3013985409777218,-0.12376361667777186,0.41589212059883146,2.202830353960404,0.15254710082868989
13,535,26.75,case2,5,25,835.7580731683923,-573.9708913971705,55.057728209017014,35.88132052784681,-15.066367093978407,1.050841278329381,38.93030757167014,0.026996163032559497,-0.3975382592319648,-0.03618022298314673,-0.3271522052349095,0.34203568803822143,1.0595060485491503,0.09325352722136615
13,535,26.75,case2,13,25,835.4381121098398,-573.6588757597223,53.972562831799756,37.552080015493985,-13.581564331592986,2.3199993139521173,40.0,0.05803255081210286,-0.3470356311042519,0.09910960123380376,-0.1200653385264097,0.29198202134727474,1.4689843945185672,0.10729727172418428
13,551,27.55,case2,7,27,-845.6562246600512,-528.6703155946363,57.33708277355895,-22.158304698761864,-32.801815637506586,1.0281407884151248,39.598063711764325,0.025967338992658698,-2.164903606945252,-0.0032789052897952706,0.28525528296850644,0.29012470761347076,1.474845092480838,0.09559574375139661
13,551,27.55,case2,15,27,-843.8459735419943,-529.7657815413917,54.12024703835223,-20.94523289658453,-34.07031490011327,-0.7147457694545394,40.0,-0.017869595248288603,-2.1220016740450705,0.1661603239764075,-0.005615792392289459,0.16632429542941685,2.3944794144718378,0.12094350636817738
13,559,27.95,case2,11,23,710.5438364473491,798.464893838611,57.73845124638232,14.645239453768653,37.211343296326135,0.9126288537746606,40.0,0.022817701289315213,1.1958459868063325,0.04362953317683636,0.2035198670096136,0.2660816996185655,1.3525693917925112,0.13305875186194868
13,559,27.95,case2,19,23,710.8365378205636,799.2450585422714,57.59463681249745,14.22928080554094,37.36019246288584,1.3204495042189408,40.0,0.03301723616849765,1.206891549841784,0.0649641647686927,0.02879516648824472,0.21242389084780083,0.6486905032885374,0.112713564067045
13,562,28.1,case2,3,23,707.9241429055066,791.7834484993588,57.122673251018234,13.98596178686778,37.350399942758045,3.0562226706007816,40.0,0.07648010294417501,1.2125054810348919,0.6938196541084835,0.3039438423788514,0.8299882027719647,2.7210519107716933,0.16368912579521638
13,583,29.15,case2,0,20,-994.8812689469636,-274.6243781032621,56.34936740698734,-31.565412355359655,-22.66467596723022,0.6791787874933548,38.86546124374206,0.017476014395403264,-2.5188731867916867,-0.0012124915115515136,0.5108860651947071,0.5869159881768534,1.4057666367370616,0.07841076454908867
13,583,29.15,case2,8,20,-992.6465006257512,-274.6223993279921,57.21135447620894,-32.93889103976651,-22.685491450987215,0.6308206540496881,40.0,0.015771170136463303,-2.5384810833912073,0.26689500738370603,-0.1121373947297142,0.29031360194777267,1.1094822968694016,0.12282874060623741
13,586,29.3,case2,16,20,-987.4871109311267,-273.2083820666014,56.598000332209736,-33.534348457891,-21.718242548323616,1.9404674995807847,40.0,0.048530735438728226,-2.5668770736067827,0.7007191910348346,-0.10934162004706498,0.7574961390808009,0.8153790884938159,0.11418099950941138
13,743,37.15,case2,10,22,701.8839195491908,-1146.8202193060724,61.901688611255196,39.016421914130994,-8.795584852756676,0.5970830063531882,40.0,0.01492762955019514,-0.2217264375808475,0.09116131597610022,0.31775101149719104,0.33262619667115423,2.9931444597582377,0.11928851521659975
13,1280,64.0,case2,18,22,323.6589624576598,-523.0397986754417,26.847315142397314,-30.273275093832893,25.949905781335534,-3.182955392858275,40.0,-0.07965810202629309,2.4329400224290914,0.01306781163595161,-0.28135992692719747,0.5816288763788185,2.602176931983115,0.07704302875930476
13,1282,64.1,case2,2,22,321.404588446287,-521.2005822412708,26.417538377713782,-28.022749618597388,28.476824431129753,-1.9483259819680212,40.0,-0.04872743002336376,2.3481578802827014,0.06021338948929508,-0.38001552054093524,0.4211755816233403,2.6986266334042885,0.07881194337488943
14,497,24.85,case2,12,24,980.8796830401059,-79.00186647733864,54.97834570806365,39.02251641558204,8.603503051926053,1.7952570376214572,40.0,0.04489650737500026,0.21700366704556942,0.07080531975614478,-0.6102947096695734,0.6159850846859698,2.9165853786531577,0.1761328598423492
14,498,24.9,case2,4,24,982.6102987484646,-79.27081784723015,53.79797989613019,38.707982677015295,8.908398941286807,1.7602108729509023,39.75884602121257,0.04428665735540578,0.2262048783444432,-0.020961801418467863,-0.3181795799267861,0.5793877742605865,1.9710627187861425,0.08501324607096465
14,522,26.1,case2,9,21,-806.5832175554162,433.978449284199,52.54392293290156,-39.33344771540871,-2.134071315540095,3.146127476351785,39.51673680427139,0.07969941091332242,3.1957954023156208,-0.013517345526149159,-0.43630909242161675,0.5066457658104142,2.964351289016954,0.1655761966648689
14,523,26.15,case2,1,21,-806.0200702730497,432.8574090040574,53.602650872900384,-39.731157845960794,-3.2313276643823747,3.315662489570629,40.0,0.08298678175577616,3.2227438558514927,0.19243976643691926,-0.12992364889356728,0.27136751613197824,2.610668998662884,0.13717834108839028
14,523,26.15,case2,17,21,-808.2380154319092,434.0597593812862,53.57339869211254,-39.82910443977094,-1.5611214686041106,3.3474377195225404,40.0,0.08378393226085926,3.180768095347615,0.13619067876739022,-0.01303057279683556,0.29419150375179787,2.4114427943493455,0.07891747622003249
14,525,26.25,case2,14,26,-776.3818826744842,-546.4158517792632,54.54755004392564,-24.240773698708637,-30.913503978182955,0.1679780205491504,39.28470509417788,0.004275927031144125,-2.235796625989129,-0.005708677483610856,-0.22884411622498357,0.2410782654373397,1.916911120713741,0.14664131819991888
14,527,26.35,case2,6,26,-773.7553293494785,-547.8779905064766,55.933769827692515,-25.196561777105018,-31.005532385427415,1.9468528729060024,40.0,0.04869055856547253,-2.253201594073047,0.29996732237986284,-0.47858155216047205,0.6999250241566498,2.8686867945032715,0.08446340402741995
14,535,26.75,case2,5,25,835.1980832733932,-576.2808703060848,53.44195599834053,36.36652159278551,-14.265664977922928,1.1091562194034104,39.08021644694298,0.028385338683600735,-0.373828914084789,-0.027502202677284704,0.5283652486932179,0.5933224277438311,2.435420862303693,0.09749015552625297
14,535,26.75,case2,13,25,834.8014677388443,-576.3024749927611,55.757973588849886,35.991843612430735,-17.15632516790203,3.201202916333198,40.0,0.08011574967622287,-0.4448121315519617,0.10111901163679564,0.35738505437704293,0.37169740441926946,1.9688115415223688,0.09459465522261594
14,551,27.55,case2,7,27,-843.7374631175486,-529.9508657573106,57.34177720956108,-19.470033550566434,-34.156655982254115,3.857023571394397,39.5048855862225,0.09778987438735945,-2.08888119924954,-0.01595772535408079,-0.0940828002900938,0.10490803956613988,2.0948144095679853,0.11349612299955188
14,551,27.55,case2,15,27,-843.7341936739015,-529.8478140911111,56.02136247097882,-22.40630599344508,-32.90140807172654,3.9312591654373312,40.0,0.09844039173113832,-2.168665757953281,0.1513075213468888,-0.6214192576881857,0.7413287478958319,1.5770683817278734,0.11344446398758198
14,559,27.95,case2,11,23,712.0452475197641,798.331841778389,55.554644274748824,14.086043348409467,37.4134693560677,1.3474767268165666,40.0,0.03369329279283832,1.21071423028977,0.021390036233743925,0.327347284795822,0.4045608775903256,2.512203123728837,0.13442996871044835
14,559,27.95,case2,19,23,711.4738853960058,799.2053637502262,56.832428510901245,15.23080727458462,36.91623261688843,2.283479612399216,40.0,0.057118042902230166,1.1794945117815399,0.08198828926852429,-0.04726800933188177,0.1233482193673902,0.9122554234923642,0.10908201988205343
14,562,28.1,case2,3,23,705.9642356327939,792.4419931782205,57.468456441859914,15.22835676009612,36.79022621354317,3.8179059107783058,40.0,0.09559317052685548,1.178344446721126,0.694901629887899,-0.08927708093742534,0.7066362994300099,2.8849358613616385,0.1702493580946165
14,583,29.15,case2,0,20,-993.9657272820767,-276.2927609814733,56.41162514029531,-31.365906645997832,-22.945661425280743,0.8946979621556757,38.873177930451654,0.02301784983113717,-2.5100058907305165,0.005618766459886633,0.19555930261512466,0.19573368800107688,1.76756179275147,0.08517169334984274
14,583,29.15,case2,8,20,-992.1344301808475,-274.983367403224,58.24862524177445,-31.888032136770413,-24.03896742191549,2.298140929617417,40.0,0.057485178409892396,-2.495628607600024,0.29638877752187043,0.2024664222697204,0.3606321927590745,1.956157104796248,0.13299235496683218
14,586,29.3,case2,16,20,-986.7469966218481,-273.6177373350924,56.9789518729133,-33.313766282064286,-22.098898222502946,1.3533933114406271,40.0,0.0338412917770007,-2.555885314314376,0.7004974779727845,-0.04669832402668034,0.7489958535641328,1.5878206574002836,0.12840725562805055
14,743,37.15,case2,10,22,701.8658058628693,-1146.6256076085958,62.05643775848466,39.247862826841676,-7.720400528878517,0.026061448763812726,40.0,0.0006515362651914542,-0.19422896381515223,0.0858754856774991,0.2409385737983087,0.338173139030163,2.96104488451932,0.12040926207192545
14,1282,64.1,case2,18,22,321.16157703484475,-521.464200426501,27.013038202913783,-30.62808202166181,25.715809338427963,-0.785965485233206,40.0,-0.019650401735162873,2.4431583640682137,0.03064577327187062,-0.21086419938563541,0.2136739524422769,2.7143569285759512,0.0797063459172075
14,1284,64.2,case2,2,22,319.37406177468785,-518.5790093068936,27.451887833426134,-31.18603830401672,25.0484236583019,0.08652823021313144,40.0,0.0021632074424373293,2.464907478614354,0.007299604097841627,-0.12591789051693153,0.13678578323947702,2.924841518494259,0.08334210936120187
15,497,24.85,case2,12,24,981.1608438615666,-80.53993596416812,55.08253396643208,39.01107247240962,8.772155295755443,1.0888140426877304,40.0,0.027223713663726522,0.22118424750625704,0.06934931302164989,-0.41757757668119344,0.45907026690997366,2.6116306323644323,0.1719830769780026
15,498,24.9,case2,4,24,982.7158675104092,-79.74293457574693,54.287402644761436,38.55176483254782,9.478220147402851,-0.6716453416086714,39.70549503949811,-0.016916484125118692,0.2410755571134977,-0.00617715953101356,0.05696856865930375,0.07274802644561748,1.6182649241930465,0.07703452370826691
15,523,26.15,case2,1,21,-806.0904754217048,432.46716609141134,53.30230582724172,-39.74391016006571,-3.815138729171255,2.4220490634591667,40.0,0.06058828911997835,3.2372924645170977,0.20056080101779702,0.016969314260959364,0.4181976678103943,2.8460161236004353,0.14086239819774513
15,523,26.15,case2,9,21,-808.4249069157855,433.6396919526484,52.586703596121936,-39.2928679223208,-3.6704461300319386,1.9065639895217386,39.509956094642206,0.0482740271836214,3.23473489261665,-0.012357765404774783,-0.07116801468067405,0.10813802003236724,2.520502582882648,0.08003068186262492
15,525,26.25,case2,14,26,-775.5533285919302,-547.1698817165455,55.27527921316284,-23.905330289278215,-30.845513197413766,4.281537088210896,39.25865586707006,0.10927705473375493,-2.230107560993315,-0.02086122131981795,-0.1431856613299871,0.3319381100145396,2.0176527171487875,0.14836434604903342
15,526,26.3,case2,6,26,-773.6056713501251,-545.6859540746856,55.86603528277445,-22.798537455432598,-32.83868197060946,1.359285226288578,40.0,0.0339886744018778,-2.1776586019660558,0.30291459493951356,0.2900588574750785,0.4251555928240583,2.386554821290097,0.15459998582738205
15,535,26.75,case2,5,25,835.5659137963836,-575.4605381130083,55.47139942003794,36.0321956831941,-14.710860625784669,2.0115228122883217,38.97146096988936,0.051638224401508406,-0.3876152017770801,-0.04491955502511315,0.10150837728360457,0.14840254810857437,1.3105287522934759,0.07972739600377782
15,535,26.75,case2,13,25,835.528423938044,-574.8360009104453,54.33979602594496,36.334557502007435,-16.656345243497068,-1.5382113842861054,40.0,-0.03846476892292599,-0.429830654721383,0.13417173241335098,-0.20900190492286744,0.420091252581226,1.0503452743687496,0.08718101517357538
15,551,27.55,case2,7,27,-843.8282355348844,-530.3402762272127,55.53250222914105,-19.89470719412962,-34.16510746921895,1.548711872740387,39.565799008590744,0.03915269401952348,-2.0981074247061025,-0.014759064394189792,-0.12425971025059832,0.15650355066265517,1.9128261791920613,0.10707747835787512
15,551,27.55,case2,15,27,-843.0323615078603,-530.5276234487233,56.95677799597947,-22.224225905586685,-33.22309483983083,1.5197868801433199,40.0,0.03800381943422277,-2.1603704777203774,0.18152343797719647,-0.41282318462331064,0.5407538972117426,2.7095933928762244,0.12662274628842532
15,559,27.95,case2,11,23,709.2999732303911,798.7555190125624,57.53202500898544,14.194568846757221,37.38773352217229,0.8195104207413785,40.0,0.020489194073211276,1.2079478066314553,0.07072094883731689,-0.5573830824671729,0.7922164486258695,2.257672381419914,0.14613510078846584
15,559,27.95,case2,19,23,710.5364963070589,799.419201657036,57.88097831297132,13.20154690904709,37.56782195007319,3.7918218755405944,40.0,0.09493809931884017,1.232869759420727,0.02749740880673468,0.2618101394337742,0.5920859174838722,0.9138119620986174,0.1127280236298811
15,562,28.1,case2,3,23,706.3543449041913,792.5425839704288,58.0809632816086,16.588946761747664,36.2137190868675,3.6569653038209253,40.0,0.09155197351086056,1.1412396259534965,0.6957748796877707,-0.5044495974577824,0.8993952890411464,2.6426979390514926,0.16327941369315938
15,583,29.15,case2,8,20,-992.43099841099,-274.9108659041459,56.78818598818224,-33.79607789494987,-21.36245906427263,1.212625929855332,40.0,0.030320293709311236,-2.5779048876368265,0.28337229114981877,0.0754937638251593,0.3472927624398216,1.3915389743310786,0.1268118544779328
15,586,29.3,case2,16,20,-986.9359393883935,-272.9693494310181,57.067334598579016,-33.854965886864036,-21.132334086764896,2.695503820184126,40.0,0.06743870217678744,-2.5835674575399983,0.8474272098677623,-0.05020126007940892,0.8782985998860426,1.3436403466187339,0.1286993332846582
15,1279,63.95,case2,18,22,323.9188397173774,-524.442199674361,28.14216637268175,-31.583604836448743,24.355823498874898,-3.0446292428972574,40.0,-0.07618942075978427,2.4846898689671955,0.03501093216226213,-0.3710766284486313,0.6622199292439189,2.671141205577841,0.07761217212131902
15,1281,64.05,case2,2,22,322.0080974024906,-522.8086775197315,27.064187580734533,-31.367030962098266,24.781953376741104,1.4014833055726637,40.0,0.03504425517278829,2.4729398487291054,0.043707856856521204,0.04030066280651182,0.15755606608540365,2.7515466577122543,0.07991154229284567
15,1282,64.1,case2,10,22,320.2529184045476,-522.1457609848278,26.614955495258542,-31.38296381856249,24.801402295525957,-0.005112560728394695,40.0,-0.00012781401855787135,2.472805261385431,0.09515142852949714,-0.3237143569788417,0.3468658960974178,2.62986378725376,0.07654045396470623
16,497,24.85,case2,12,24,981.7222440246218,-80.1291161983312,56.48076179518894,38.73420292071598,9.181043737784902,3.920454052999229,40.0,0.09816895341124983,0.2327318087442301,0.06359297145133967,0.10984650423067766,0.16747438767873332,2.2975379909528346,0.15736356616928687
16,498,24.9,case2,4,24,983.1047150444904,-78.478642824491,53.888761060299395,38.36404095429507,10.329106760728159,2.207553239173956,39.79149879209298,0.05550650974018239,0.2630026671327388,-0.02501968847461416,-0.06359153298427075,0.19898953859020704,2.6188816299434245,0.07575164933153399
16,522,26.1,case2,17,21,-806.3140908681094,434.36037611299867,52.42295638588902,-39.923894316846635,-0.5393737065030876,2.4066031209973584,40.0,0.06020143523807012,3.1551018791696235,0.13138939858383095,-0.5466819405278657,0.5697909461764349,2.8336083611167635,0.1660953928576731
16,523,26.15,case2,9,21,-808.6335702845,433.44076033190584,52.364916972988375,-39.22282232994714,-3.8582588366602377,2.7890041486362613,39.51068838831307,0.07064735197519767,3.2396449080602427,-0.013938340368689864,-0.05437928290260435,0.06532868306610676,2.8033022437333703,0.08172949771448838
16,525,26.25,case2,14,26,-775.3275755648968,-547.2227138984994,55.09407825421122,-23.434182129564018,-31.543302937090278,1.6098340532157303,39.32851914249402,0.040944433618787524,-2.209751459287168,-0.009665795166856578,-0.44006756570325123,0.5938524589527484,2.254484927173409,0.15226254047772522
16,526,26.3,case2,6,26,-774.4325104228284,-544.8127521717677,54.851593264866295,-25.4282914549537,-30.602563030304527,4.1091519390462,40.0,0.10291034833716171,-2.264108838306724,0.29594051325781523,-0.3372862962251182,0.6307245358973376,2.1743506841693243,0.15503025455797795
16,535,26.75,case2,5,25,835.3024420685198,-574.8619409819325,56.47950728395612,36.63264585497195,-13.110107148962074,2.742540707749663,39.0044507886821,0.07037159978056792,-0.3436779269368819,-0.0394782968956888,-0.2950365992584264,0.5312543391101382,1.5740359782001738,0.09584031144768441
16,535,26.75,case2,13,25,835.8727803502878,-573.5243943853545,54.98523715135382,37.16641502294745,-14.399959830628207,3.361361512589802,40.0,0.08413325757127729,-0.36963689320671067,0.09956283694943606,0.14008330212967662,0.3458248071982327,1.4137830645210079,0.0971046078945033
16,551,27.55,case2,7,27,-844.4785621182358,-529.8628841731278,55.12316831615394,-21.480149152396272,-33.31645806186214,1.4588515766236756,39.6675110552657,0.03678528344672539,-2.143458494374542,-0.017776347820661304,-0.16065202726049144,0.16339522691614364,1.4128129349689742,0.09971322475664954
16,559,27.95,case2,11,23,709.0217204672635,799.0711708956916,58.30295649204271,13.318554058947756,37.69333360206352,1.3523016462445583,40.0,0.03381398452461923,1.2311493095527208,0.07275939191840838,-0.2258743538692607,0.5176394266434092,2.5168322071152867,0.14513065206552297
16,559,27.95,case2,19,23,710.1831529720528,799.7846121812088,57.22446525053075,12.22980538577043,38.07829418516483,0.6894723882965381,40.0,0.017237663352768925,1.2600276695282826,0.024529222988544562,0.0035943015987690285,0.024832056204916058,1.3666426445181195,0.11207648653385689
16,563,28.15,case2,3,23,707.2081717899711,793.6873255599822,57.321824393596636,13.624353326139497,37.58101084817231,1.4299021204498696,40.0,0.03575517095155285,1.223000249136324,0.6113481202729315,0.035565859997795546,0.6574711966583742,0.9330623638398478,0.07649967866263917
16,582,29.1,case2,0,20,-993.6095528474372,-273.62608868436376,56.90213661597518,-33.16679315658064,-19.866693826581287,3.1479583376825713,38.78957764124678,0.08124409360426593,-2.6019135486071567,-0.021000414412716842,-0.2785206998211849,0.29939310614284853,2.594121947086133,0.16344640128269497
16,583,29.15,case2,8,20,-993.5301930518416,-273.7565979113437,57.95991765823904,-35.03454476924745,-19.24915316606641,1.4320527926412685,40.0,0.035808972195059435,-2.6391844660915935,0.23030657127200885,-0.18404782025650537,0.5110160569517516,1.2553769321010375,0.11437238848095214
16,586,29.3,case2,16,20,-987.7365326408128,-272.60628250337965,56.18033136475544,-35.11142794915279,-19.162123247096307,0.025691137451562103,40.0,0.0006422784804480143,-2.6420169048210114,0.6997222108094446,-0.25489287034549285,0.8316494250839768,1.0053701858241104,0.11592638562026399
16,744,37.2,case2,10,22,703.6446558752223,-1147.5416817191897,62.45303154165944,38.839425227457994,-9.461981099702818,-1.4035532300437845,40.0,-0.0350960351237799,-0.2389630656170329,0.10541562677755215,0.23312757810097823,0.38922742850735836,2.8661770437821414,0.07722140462803948
16,1290,64.5,case2,18,22,310.6702494080135,-514.4773828309764,26.39499830621708,-29.612999668303065,26.77290298673465,-2.506375133130933,40.0,-0.0627004531246671,2.4065208731404484,0.05536293284854493,-0.367601006579919,0.5178513119467155,2.650108142223807,0.07759248071127234
16,1293,64.65,case2,2,22,307.4748421958415,-510.72037949707357,23.618890968410213,-31.160305005010105,24.603484998206653,-4.848723956328141,39.99757750248017,-0.12152433504342651,2.473239099898668,-0.004938832864076457,-0.0424630392182625,0.04453258178777003,2.8898117068978504,0.07729481086289172
17,497,24.85,case2,12,24,980.9579255488156,-79.64798696813973,55.4159718753201,38.89523916210193,9.187961469960483,1.6558183926427084,40.0,0.04140729137538745,0.23197091617475046,0.074203625308734,-0.0754278234831538,0.16193596402900284,2.712637384884339,0.1738059052173331
17,498,24.9,case2,4,24,982.5884925705016,-79.71939013369334,55.891645734750995,38.221781962346654,10.019223299149557,3.0495983571189402,39.6306636587773,0.07702661927297705,0.25636576399077343,-0.02709484105646438,0.042310228690508545,0.2653566706541907,1.4403380538652704,0.07681224927341504
17,522,26.1,case2,17,21,-806.2024504655063,434.8919583096736,51.51974421025888,-39.96714066138288,-1.408978256877938,0.8015283057264944,40.0,0.02003954887499102,3.1768314766360333,0.09849017639384315,-0.013687353879872688,0.18754542718397646,2.7574460171771746,0.16451293715750198
17,523,26.15,case2,9,21,-808.4410839601967,433.229345999042,52.8919787397391,-39.91889162231395,-1.2553921234474228,1.3412537511421927,39.9611421178451,0.0335702544230839,3.173030863711086,0.01979240341297863,-0.182646938375373,0.20289454420071698,2.831748108564525,0.09088594267788042
17,525,26.25,case2,14,26,-776.2034117722083,-546.1510336059226,54.089654291154154,-24.614331619917657,-30.60985739305675,1.1967336460125617,39.29708465189304,0.030458206049458918,-2.2480510287443645,-0.01178183437885524,-0.2476850416416837,0.3994260282638479,2.4340012070012667,0.15737387411518547
17,526,26.3,case2,6,26,-773.0484932137883,-545.4772181982044,54.939911650184186,-22.052834567879568,-33.28505035453345,2.4037284409659203,40.0,0.06012943796583868,-2.155939847688278,0.31429550324483235,0.14050759269972862,0.37227947744113116,2.9735817127332282,0.16935379585192395
17,535,26.75,case2,5,25,835.5803867643873,-574.5788330162786,52.621565066635725,35.408001162112946,-16.302358160789463,0.17202263010821658,38.981059755785495,0.0044129941445961345,-0.43148082001248445,-0.03898647735763466,0.006027382823712735,0.42469117019334574,2.526892749292351,0.10957535283713782
17,535,26.75,case2,13,25,834.9262338881138,-574.5874539113219,54.3894041508633,36.702470774619215,-15.695582610854125,2.5646297089590946,40.0,0.06415975232154934,-0.404107803294272,0.10401063474696855,-0.11264006128917751,0.1770848655803654,0.6592081910630322,0.10378280121533834
17,551,27.55,case2,7,27,-843.9128302260021,-530.1095810588872,56.94787254853892,-21.354011289331552,-33.29130009539449,0.765841851360485,39.55870288479904,0.019360839526146992,-2.141122749856713,-0.012063259443963276,-0.4205051502538203,0.4207227386214015,1.85683768006048,0.10853108065777965
17,551,27.55,case2,15,27,-843.4521501243763,-530.1810228989043,56.02257563715692,-22.515666685874642,-32.92167747894011,3.034453107767874,40.0,0.07593427968939644,-2.170645998837557,0.1555334627730459,-0.38099487113257,0.4194973462676676,2.0035132593519416,0.11756261671941208
17,559,27.95,case2,11,23,710.9333707623035,798.3900724763066,56.8902210103894,13.057107871453866,37.59114996197622,4.051836444062433,40.0,0.1014699464480922,1.236488484066593,0.061523182925633815,0.2977123137733078,0.4728017943431374,1.4500030577260439,0.1324324501619979
17,559,27.95,case2,19,23,710.358182309543,799.9897053591249,56.58561663140651,12.73663741747017,37.81127627065717,2.8434932881821013,40.0,0.07114734099200168,1.245886279791003,0.03188541876329515,0.10527115489895228,0.5460475101616173,1.6251476102892766,0.10988676703502978
17,563,28.15,case2,3,23,706.1960609408471,794.2711464809443,57.89785461383359,15.153724330184007,36.98197818149069,1.642537277670083,40.0,0.0410749809375978,1.1819048307330398,0.6144165801722141,-0.37657089601015536,0.746436429924222,1.6978300872106513,0.08292016051133148
17,582,29.1,case2,0,20,-993.0332356981663,-275.01257471136273,56.65290177627957,-32.96259177690634,-20.15629936136239,3.5300198797517965,38.797807939976124,0.09111103730166897,-2.5927673415979227,-0.021838423638288675,-0.177124312458885,0.38666952847305414,2.6327931203485866,0.16366557547380373
17,583,29.15,case2,8,20,-993.0651825542163,-274.7431019436315,56.97286532381667,-33.97649693670103,-21.109139276696855,0.043530533651563744,40.0,0.0010882635560973556,-2.5856681694154324,0.24698575621833008,-0.16459515683971332,0.4686507166580007,0.7178250349035233,0.11272840754701019
17,586,29.3,case2,16,20,-987.2022784381079,-273.5063241537112,56.3863403324493,-33.407857694445575,-21.539061377759406,4.470333235094095,40.0,0.11199229042546256,-2.5689308230392993,0.6835541145933421,0.03170927711953403,0.9145594001472943,1.2144126605414756,0.11966877834221394
17,743,37.15,case2,18,22,702.641882052209,-1148.0644967507062,63.23814804986322,38.98103588195983,-8.876773911281312,1.2968139794723963,40.0,0.032426031566510624,-0.2239021674422301,0.012909677898638838,0.3156287520682691,0.32846260196390886,2.6199874745425054,0.09141917114603548
17,744,37.2,case2,10,22,703.7493839918858,-1147.4660993222963,63.65594138796613,39.21721869352595,-7.823592519235226,0.8950743193310413,40.0,0.022378725841643445,-0.19690879489298235,0.04140119191871103,0.11674696813450358,0.13125657827440926,2.9062769686462118,0.07794660616696192
17,745,37.25,case2,2,22,704.008806930638,-1145.4275590611592,61.93817329787131,39.07724587052287,-8.513212596326772,0.7028986160505689,40.0,0.017573369898398295,-0.21450436929857775,0.27501098802853513,0.21034627170289194,0.34704391607223595,2.4615774811705964,0.08049174241191814
18,497,24.85,case2,12,24,980.9632640763282,-78.5621360219193,55.198107572135406,38.68376236071835,9.23998916718041,4.264871605319284,40.0,0.10682484704933547,0.23446643999398267,0.06435645265934958,-0.17418437064037792,0.1923911273599518,2.978459962839786,0.17409152241247378
18,498,24.9,case2,4,24,982.5781899517468,-78.34698687652912,54.6853981819193,38.547571199505676,9.108484056772504,2.7494301072354657,39.70439639521058,0.06930296047907337,0.2320360245126627,-0.019675134311599642,-0.05303233938252411,0.42290425231791784,2.0814025043480857,0.08217872648322512
18,523,26.15,case2,1,21,-805.8740196812709,433.2768472658065,51.98879465373188,-39.96424038422282,-0.9244455733927673,1.4159416986192013,40.0,0.03540593936794775,3.1647203480733306,0.1735073143640574,-0.16657777640976623,0.24717150956604192,2.0076724387953755,0.13489176329745417
18,523,26.15,case2,17,21,-808.092737614894,433.22138970884015,51.68127463113226,-39.99147293960321,0.09344072509446964,0.8205857370669621,40.0,0.02051608263256664,3.1392561416239655,0.12130667688035804,-0.5544691588425473,0.6014896939652621,2.6678539093209377,0.09944751476140702
18,525,26.25,case2,14,26,-775.9040026626413,-547.1107060696681,55.63112408606346,-23.778580362977824,-31.30617873910711,0.7432857479255081,39.31984467195396,0.018904703961070315,-2.2203809098898892,-0.005400397366327447,-0.42132488732316564,0.5801481745561019,1.6817676597792994,0.1412242208046828
18,526,26.3,case2,6,26,-773.3269764932679,-546.2230819504234,55.03044705937277,-23.944704595372002,-31.952975906571663,2.3787502084964993,40.0,0.05950386331461657,-2.2138961787288363,0.3162549321066805,-0.46527925954917215,0.5625987584130746,2.5519870484667817,0.15457602323210495
18,535,26.75,case2,5,25,835.710573078962,-573.6485624311189,55.241827797262445,36.59636701905671,-12.846396385017687,4.20315532033723,39.01269657074958,0.10794766366595868,-0.3375914786519773,-0.04446773004139854,0.1298791609077417,0.5162556348484229,1.2278683871218745,0.09815692496502569
18,535,26.75,case2,13,25,834.4955308900913,-575.593845885562,55.39210206919153,36.95497370717139,-15.240822780067793,1.4308176993725268,40.0,0.03577807507312199,-0.39116379966391224,0.10376203790508645,0.1582678466668553,0.521915484330692,1.2229653855526292,0.1043306213719533
18,551,27.55,case2,7,27,-844.1999089513271,-529.7521922822029,56.63899297943886,-21.01266184474431,-33.178272501466736,3.6139737323652263,39.43843975262438,0.09176455239431285,-2.135360470036634,-0.019998660235055907,-0.13100835190680765,0.14283213676723333,1.3079635000244068,0.10361687509722327
18,551,27.55,case2,15,27,-844.6155726392141,-529.3233009282019,56.59211299825158,-23.602612665757874,-32.25008526485459,1.6878020499497461,40.0,0.04220758212633954,-2.202587713800057,0.13929982554461587,-0.15579178905293567,0.21718724550169163,0.7921381253566988,0.1005490931101947
18,559,27.95,case2,11,23,710.1008218891204,798.7777262576659,57.313033103377066,12.175364947759219,38.0031740522635,2.7421251507257005,40.0,0.06860693723715966,1.2607509122442908,0.051769879854447226,-0.1456274801364436,0.17246064907168301,1.5545927633656773,0.13268867081785818
18,559,27.95,case2,19,23,711.0070115967739,799.5165722486016,57.68707990325445,13.183416291429895,37.63093614909617,3.179650834527003,40.0,0.07957522553742048,1.2338235171233245,0.029259103549290472,-0.06986091051427602,0.08905592654836156,0.42375491362255197,0.10429708355931258
18,563,28.15,case2,3,23,705.8915560059963,794.0743289361629,57.4299656147161,13.09624547147903,37.68806128021488,2.8457672936368366,40.0,0.0712043354343621,1.2363588367135994,0.6113119384143575,-0.004846595190538122,0.6146662593057837,1.5696732432606182,0.08978079543296533
18,582,29.1,case2,0,20,-992.777097057786,-274.5687996959518,56.77317705416557,-32.89250951647956,-20.29286947872376,3.261158902713765,38.785988338070815,0.08418023692716327,-2.5888066738469058,-0.018930717281113223,-0.4256990590684344,0.52038127860209,2.9310353798690274,0.17299032603208045
18,583,29.15,case2,8,20,-991.8250129160313,-275.8050172460087,55.873268727558624,-32.59505731933338,-23.10023041783361,1.9853445525566316,40.0,0.04965401513674836,-2.5250492828168447,0.2704936906240325,-0.43582307666348946,0.5500310737100583,2.5706462767309635,0.14058243569761592
18,586,29.3,case2,16,20,-988.1855480280636,-272.21289647507035,56.9402005307852,-35.27148621883358,-18.511255676937772,3.640834132128526,40.0,0.09114700571715965,-2.658285118626073,0.6979370672168862,-0.405564822676336,0.8726651731702497,0.9243092451038966,0.10915052845941046
18,745,37.25,case2,2,22,703.7187141558481,-1145.65549712174,62.62343987777636,38.75702589506666,-9.882670900151197,0.47514171405721695,40.0,0.011878822212466505,-0.24967000019837118,0.3270763477766754,0.00048933951413202,0.36679199429331544,2.7328908460708647,0.08492490724595134
18,1281,64.05,case2,18,22,321.57619356254406,-523.3391693931633,26.87783646701146,-32.22617436136746,23.691443434983263,0.41861243770950834,39.99982552931043,0.010465547633679061,2.5076560028297075,-0.0003556996729315049,-0.1697915534684696,0.20963456889876234,2.9247815404481505,0.08316133272625285
18,1285,64.25,case2,10,22,315.9312345092147,-519.3824735890212,27.141396141461435,-29.50389869063654,27.009257641501875,0.14129298506369906,40.0,0.003532331972289564,2.400308511978562,0.0390333007145542,-0.5424221386901895,0.5698311650996031,2.6722269329394006,0.07648924683260094
19,497,24.85,case2,12,24,981.4044841672069,-81.43818668347203,55.56900625923756,39.144246794167614,7.990349789354967,1.9703434119599348,40.0,0.04927852732047489,0.20135948722379765,0.0793978720987883,0.39354419148555164,0.40185693082373825,2.7927015567904663,0.1714738134374501
19,498,24.9,case2,4,24,982.6124591313061,-79.96669224833069,56.32507616394577,37.93692144869723,11.29713183622647,3.087381969960271,39.70349007528357,0.0778395528591502,0.2894255221790175,-0.02242337486810646,0.7268458506060681,0.7587619182076173,1.6994960435894146,0.07949520393661547
19,522,26.1,case2,9,21,-806.5900288725519,434.6983385408107,53.59577750716641,-39.30368603614162,-1.6917090615181873,3.9661100985172686,39.53949474753031,0.10047653175751409,3.1846080981315246,-0.019107395235198183,-0.2375023551613685,0.24258002423740022,2.6089862286631824,0.15709655614604168
19,523,26.15,case2,1,21,-806.067449428117,433.4591230603498,53.16810394442084,-39.896985001955116,-1.6872426363353383,2.3203017131184493,40.0,0.05804012354097683,3.183857448006185,0.1971030954528088,-0.5888106454919115,0.6555433043589648,1.8833496567581975,0.12732747809359635
19,525,26.25,case2,14,26,-776.7030370215007,-546.2293578899221,55.62709082686731,-26.292238775759692,-29.16036362008375,1.380783468952488,39.2875958705187,0.03515277164977002,-2.3045184418374607,-0.008609115254168605,-0.488572233749353,0.4901996006149979,1.6079600673150203,0.14185909334834482
19,526,26.3,case2,6,26,-773.4318103052944,-545.9600507087126,55.421778204224836,-24.489258625205537,-31.39591174026201,3.817451765965623,40.0,0.09558176483952385,-2.2332314818093852,0.3087701803667769,-0.34428418678020095,0.615269439025318,2.449002179253616,0.1552677942510828
19,535,26.75,case2,5,25,835.5948348964885,-574.1390258295374,55.31278186421381,35.747729727309924,-15.094662540955799,3.071493325498568,38.92535278106949,0.07898938452093848,-0.3995434291197673,-0.04636751538950678,-0.49797467226827186,0.5746450989814261,0.8848529098841207,0.09372549080292013
19,535,26.75,case2,13,25,835.3493614851402,-573.7480867683588,54.64989483213279,37.43745725077754,-13.529171154578664,3.9240696306667417,40.0,0.09825978056311446,-0.3467772542329537,0.11816085497710153,0.21696897031481055,0.5268482276730593,0.9721306996684347,0.10400978432995012
19,551,27.55,case2,7,27,-844.1997995675536,-529.9549966240447,55.962643241648934,-21.16392837279592,-33.42297068767307,2.040758087466548,39.61276975079437,0.0515404981737327,-2.135281301638795,-0.009453885831745983,-0.4010949076345777,0.4013205437409067,1.3143374515517487,0.10137604135237539
19,551,27.55,case2,15,27,-843.9635433961349,-529.6644785151981,57.3413793845268,-19.58512572412028,-34.45712432289921,5.397169051147987,40.0,0.13534203521583654,-2.0876497231233806,0.1110846729672014,-0.08572655567034292,0.35189134273169553,1.8319297082586756,0.10970192087354307
19,559,27.95,case2,11,23,709.8239167516234,798.8212182228209,58.83575746679138,15.384759704894988,36.90235663844364,1.2350074298375802,40.0,0.030880093286003392,1.1758025465007855,0.06723031945633429,-0.07398928746357862,0.6556370000349574,2.076589150679687,0.1386481351203766
19,559,27.95,case2,19,23,710.6016791080515,799.4999007910667,57.7410723580964,14.152083497670718,37.36053008423796,1.9772011783595576,40.0,0.04945018058392948,1.2087003154816829,0.054462290522007906,-0.054941519570606334,0.14199846386730106,0.8290076297220863,0.11068437734437513
19,563,28.15,case2,3,23,706.4418500981703,793.8713313051489,56.96365295262197,14.455100919423277,37.125528455966375,3.570041214680699,40.0,0.08936994898209139,1.1994980988876975,0.6118475816849798,-0.04299818086942225,0.6416159312501825,1.1509458956286065,0.08531310049278355
19,583,29.15,case2,0,20,-994.1317919948309,-276.24723403043845,56.881369549748484,-32.99389856386193,-20.373429348973378,1.000067596053195,38.790128912865136,0.025784354052322347,-2.5884114336272637,-0.01224973462495483,0.17552805331790308,0.27672490177314135,1.606006328789098,0.08059264288496876
19,583,29.15,case2,8,20,-991.6662434734793,-276.03646878157724,56.822247196184954,-32.885717946741224,-22.59963347005512,2.7903623683217402,40.0,0.06981576185736564,-2.5394973158961003,0.2989762316348145,-0.2797503898721268,0.45481602431377094,2.49426787395622,0.1399504082864304
19,586,29.3,case2,16,20,-986.8769167352832,-273.5030545534593,57.148778739863246,-35.11505605171384,-18.98493430866703,2.5505112782719492,40.0,0.06380606784045185,-2.6459567322700246,0.6979956794688554,-0.6880867066261686,0.984319871078074,1.4546611193556787,0.12721017653173539
19,1282,64.1,case2,10,22,321.268970343098,-521.7604889150855,26.11006002926214,-31.445339273944818,24.710984692463736,-0.7469092818587814,40.0,-0.01867381732321022,2.4755460996606504,0.0406193406914797,-0.15349085885155814,0.517249393992861,2.947091953012754,0.08580994853913558
19,1284,64.2,case2,18,22,317.05962169270623,-520.0406442133783,24.80626318016709,-31.53125082648758,24.607633875420028,0.49454663117562525,40.0,0.01236398078652842,2.478904986137893,0.08390431555392773,-0.1666142091759921,0.7525846964581246,2.668483869461888,0.07510548741013903
19,1286,64.3,case2,2,22,316.5116858707723,-517.492281175413,26.6363892963935,-31.996777359781344,23.803105694144104,-3.1013542045352565,40.0,-0.0776117484577122,2.501992845184401,0.04647321937176387,0.018224714101125875,0.34667489884910074,2.627219819341002,0.07800484141594631
20,498,24.9,case2,4,24,982.5985839290354,-79.42915446582982,54.900044602016465,38.76216393202489,8.430455768519359,1.2393185296291587,39.68770398468542,0.031231840236251345,0.2141567152007309,-0.014038232880795986,0.06875645099912554,0.2499861517609496,1.3665719563193313,0.07647762847226239
20,498,24.9,case2,12,24,982.7147654772538,-78.48832528897762,54.18248961575473,38.701611448716854,10.093466225821487,0.5542660198398899,40.0,0.013857093962749745,0.25511933641526363,0.0824160302750406,-0.0802816101242887,0.13853643941852406,2.2294984001374227,0.08015120536283807
20,523,26.15,case2,1,21,-806.1017326222725,432.9703362221749,53.409780698693844,-39.759302830378914,-1.7822828939347515,4.002662379992995,40.0,0.10023431620077294,3.186389478624323,0.17627128870232694,-0.33765870268893894,0.47414266663153803,2.4159278983335004,0.13420894058817112
20,523,26.15,case2,17,21,-808.0068239772241,434.2471359982224,51.54959201880027,-39.9533358915102,-1.8124684192305842,0.6677644565670984,40.0,0.016694886934429942,3.1869262055622922,0.14257781223425806,-0.05274938870891477,0.23255256261084836,2.032974739999922,0.08084787191432904
20,525,26.25,case2,14,26,-774.9710062157725,-547.418569930412,55.45177094880163,-22.654801973690805,-32.129635422857994,1.9751920701486174,39.363116093455986,0.05019983422505235,-2.1849409906396904,-0.010320386269941084,-0.38868909558208553,0.3910409978843683,2.5416707338191333,0.1561311516358015
20,526,26.3,case2,6,26,-774.366689969713,-544.9787321705371,55.644584999165815,-24.748244919003632,-31.2254847829449,3.5346107988132514,40.0,0.08848067481099334,-2.2409876269209286,0.29100613046883655,-0.03981837834639734,0.3334670864591519,2.043245333422132,0.15166425865342653
20,535,26.75,case2,5,25,835.5807092592125,-574.1301613859617,55.47388721828209,36.01181984778518,-15.099536764931859,0.057145442354711855,39.04933347531614,0.0014634171102524522,-0.3970276280843038,-0.017472566209379987,-0.4790244909230449,0.4916661207072401,0.9403505970910931,0.09452189567026913
20,535,26.75,case2,13,25,835.2470274650749,-574.1027501822824,53.712391413062036,37.63534605917455,-13.383670255077291,2.1114207324770566,40.0,0.05281006190936089,-0.341667712171985,0.11174946427076797,0.12436495611604292,0.36434764599291064,1.432781487634801,0.10695787634258354
20,551,27.55,case2,7,27,-844.7322542824269,-529.4342687832844,55.16361467985441,-20.465244903275735,-33.83178148295281,1.9636755914532793,39.58878261692057,0.04962218014261846,-2.1148196429021318,-0.01713574590575238,0.3151360093234563,0.3806270235123799,1.0472876744630526,0.09878136457894685
20,551,27.55,case2,15,27,-843.4806348575265,-529.957226397056,56.16435571661302,-20.132610677353785,-34.55206222126239,0.9126793369593901,40.0,0.02281896369757222,-2.098379179661386,0.1861253973997664,-0.29534342788553897,0.46360849217300304,1.8521633292346478,0.11619833903622397
20,559,27.95,case2,11,23,710.5548492247287,798.9626257883092,57.0649960452344,13.349703995918064,37.65146646830547,2.037762500253124,40.0,0.05096612411449888,1.2300649355687294,0.008232316215608269,-0.02555751699975506,0.23645547860948996,1.2006554789552044,0.12377964676578168
20,559,27.95,case2,19,23,710.2473248122068,799.8876526229697,58.98900186828748,14.094574769957902,37.362171367171136,2.326179869271353,40.0,0.0581873259413265,1.2100616461910905,0.0703146267234128,-0.2567316510961355,0.28696514507588944,1.7950545580829689,0.11218019816742761
20,562,28.1,case2,3,23,706.1203997369082,792.4895679918695,56.38830595249588,14.360403653134936,37.283336819744086,1.9317356197326618,40.0,0.048312182278160073,1.2031398866537284,0.6920860881300126,-0.17344405405619262,0.8378613397611809,2.9120794313069434,0.16949294352491334
20,583,29.15,case2,0,20,-993.8616163024134,-275.4646349467404,58.309242010929204,-31.420448965445935,-22.378663720775307,3.1575115324529084,38.70425147442217,0.08167124662524991,-2.522704074425806,-0.016459162710522092,-0.1160476246188215,0.31611582055889154,1.3584905795341686,0.09095684116614708
20,583,29.15,case2,8,20,-992.123912742832,-274.3877567065863,58.110934964864256,-33.40378907230181,-21.658743985974894,3.8840294235711315,40.0,0.09725397321744474,-2.5663487863331262,0.2825897853353923,0.09731102544196593,0.3800726255469246,1.9031057442663208,0.13808029164527405
20,586,29.3,case2,16,20,-987.0205725740307,-273.3868280359626,57.27942269673252,-33.67259017271581,-21.35330072055548,3.192682163612299,40.0,0.07990204722260869,-2.576444254489829,0.697397929554692,-0.022579068806177632,0.7019192862496911,1.3265254979163559,0.12344112732230379
20,1264,63.2,case2,18,22,342.8037769826281,-538.2044591236207,27.68685038943494,-32.504444083108716,23.29867747319133,0.7954513487736696,40.0,0.019887594671796877,2.519690606856339,0.02909669005632037,0.42518894810698704,0.5377351840672487,2.828445679899893,0.08298366659372272
20,1268,63.4,case2,2,22,336.3185223226497,-535.6799330271206,26.886944619943026,-32.2365437829319,23.516113191748353,-2.792429996256614,40.0,-0.06986757888244942,2.5113501729053977,0.015938110940965748,-0.6147686752521548,0.6183665554624499,2.7691408773608948,0.078007567066187
