0.015346033 0.016562829 0.015013379 0.015093237 0.018677011 0.009534571 0.018813588 0.021592202 0.009222399 0.019692954 0.018746551 0.017677410 0.024073705 0.009259387 0.019164942 0.024164449 0.014146249 0.015326505 0.015077366 0.014677630
0.009067978 0.011241029 0.010259845 0.009178480 0.013835102 0.004725099 0.013370677 0.016371923 0.004846615 0.013393634 0.012778973 0.010805123 0.017727863 0.004607691 0.013592742 0.017958865 0.008139364 0.010366144 0.010315684 0.008855047
0.002784671 0.005678779 0.006757458 0.003039245 0.008731531 -0.000087340 0.007821871 0.010879629 0.000246201 0.007072783 0.008455145 0.003929203 0.011345583 -0.000142209 0.007987808 0.011708166 0.002127356 0.005163691 0.006807409 0.002807383
0.001202868 0.001761382 0.007140375 0.000997826 0.005100771 -0.002744355 0.004793085 0.008738182 -0.000847912 0.002685616 0.008539174 0.001600180 0.006871401 -0.002781609 0.004939248 0.009120099 0.000609543 0.001484137 0.007191882 0.000849836
0.001551165 0.002170224 0.007523816 0.001502339 0.005606172 -0.002460998 0.005003429 0.008966521 -0.000427829 0.002990271 0.008613523 0.001986072 0.007110650 -0.002496892 0.005144984 0.009168671 0.000936698 0.001973931 0.007576876 0.001441076
0.001895292 0.002579368 0.007890776 0.001999886 0.006122305 -0.002180150 0.005204770 0.009094803 0.000008422 0.003290273 0.008679071 0.002367899 0.007344073 -0.002216130 0.005344731 0.009205238 0.001259926 0.002477467 0.007962626 0.002032120
0.002235094 0.002989040 0.008166560 0.002490574 0.006648711 -0.001901882 0.005398504 0.009168156 0.000460471 0.003585520 0.008736634 0.002745517 0.007571562 -0.001938775 0.005538377 0.009232608 0.001579078 0.002994365 0.008269723 0.002525263
0.002570410 0.003399025 0.008378157 0.002941279 0.007184919 -0.001626271 0.005585289 0.009211191 0.000927928 0.003875908 0.008786955 0.003118780 0.007793013 -0.001664555 0.005725808 0.009252932 0.001894001 0.003524236 0.008461020 0.002967328
0.002901081 0.003808957 0.008524953 0.003358109 0.007681660 -0.001353393 0.005765409 0.009237128 0.001410391 0.004161332 0.008830716 0.003487540 0.008008317 -0.001393191 0.005906911 0.009267860 0.002204545 0.003942475 0.008587395 0.003378240
0.003226947 0.004176552 0.008625585 0.003750645 0.008040193 -0.001083325 0.005939008 0.009253102 0.001907444 0.004441685 0.008868538 0.003851649 0.008217368 -0.001124617 0.006081571 0.009278645 0.002510555 0.004300457 0.008674019 0.003768510
0.003547846 0.004506326 0.008695628 0.004126024 0.008321281 -0.000816146 0.006106143 0.009263027 0.002418654 0.004716862 0.008900983 0.004210958 0.008420059 -0.000858912 0.006249678 0.009286239 0.002814757 0.004622331 0.008735253 0.004144248
0.003863619 0.004808737 0.008745537 0.004488846 0.008558767 -0.000551933 0.006266703 0.009269102 0.002943575 0.004986753 0.008928562 0.004565317 0.008616281 -0.000596153 0.006411118 0.009291362 0.003198656 0.004920509 0.008779746 0.004509093
0.004174104 0.005091853 0.008781938 0.004841928 0.008770571 -0.000290764 0.006420577 0.009272611 0.003481745 0.005251251 0.008951734 0.004914578 0.008805925 -0.000336420 0.006565780 0.009294558 0.003610056 0.005202136 0.008812816 0.004865202
0.004479141 0.005360934 0.008808970 0.005186938 0.008965932 -0.000032719 0.006567655 0.009274323 0.004032690 0.005510247 0.008970916 0.005258588 0.008988883 -0.000079792 0.006713552 0.009296236 0.004030807 0.005471464 0.008837773 0.005213828
0.004778570 0.005619218 0.008829235 0.005524829 0.009149528 0.000222122 0.006707827 0.009274723 0.004486476 0.005763632 0.008986481 0.005597197 0.009165047 0.000173652 0.006854326 0.009296700 0.004418189 0.005731031 0.008856714 0.005555669
0.005072227 0.005868647 0.008844394 0.005856120 0.009323689 0.000473681 0.006840984 0.009274124 0.004867436 0.006011295 0.008998767 0.005930255 0.009334306 0.000423832 0.006987991 0.009296182 0.004766953 0.005982332 0.008870995 0.005891090
0.005359954 0.006110355 0.008855533 0.006181064 0.009489545 0.000721875 0.006967021 0.009272735 0.005206822 0.006253126 0.009008072 0.006257609 0.009496553 0.000670667 0.007114440 0.009294852 0.005086319 0.006226229 0.008881522 0.006220249
0.005641589 0.006344987 0.008863387 0.006499753 0.009647612 0.000966625 0.007085830 0.009270697 0.005519341 0.006489014 0.009014671 0.006579105 0.009651678 0.000914076 0.007233566 0.009292838 0.005384587 0.006463201 0.008888922 0.006543183
0.005916971 0.006572952 0.008868469 0.006812183 0.009798103 0.001207849 0.007197306 0.009268111 0.005813125 0.006718847 0.009018803 0.006894592 0.009799573 0.001153977 0.007345262 0.009290234 0.005667357 0.006693929 0.008893645 0.006859852
0.006185939 0.006794816 0.008871157 0.007118290 0.009941070 0.001445465 0.007301347 0.009265046 0.006092940 0.006942512 0.009020686 0.007203915 0.009940128 0.001390287 0.007449427 0.009287113 0.005938107 0.006918458 0.008896031 0.007170172
0.006448332 0.007010465 0.008871737 0.007417977 0.010076487 0.001679390 0.007397851 0.009261550 0.006361605 0.007159898 0.009020515 0.007506920 0.010073236 0.001622925 0.007545955 0.009283527 0.006198915 0.007136680 0.008896343 0.007474033
0.006703990 0.007219787 0.008870436 0.007711130 0.010204292 0.001909540 0.007486718 0.009257661 0.006620763 0.007370891 0.009018462 0.007803455 0.010198789 0.001851806 0.007634749 0.009279515 0.006450986 0.007348481 0.008894796 0.007771423
0.006952753 0.007422670 0.008867438 0.007997738 0.010324399 0.002135833 0.007567849 0.009253404 0.006871351 0.007575379 0.009014682 0.008093362 0.010316680 0.002076848 0.007715707 0.009275107 0.006694988 0.007553749 0.008891566 0.008062214
0.007194461 0.007619002 0.008862897 0.008277647 0.010436716 0.002358184 0.007641150 0.009248797 0.007113872 0.007773248 0.009009314 0.008376487 0.010426803 0.002297965 0.007788735 0.009270326 0.006931265 0.007752372 0.008886801 0.008346251
0.007428956 0.007808669 0.008856946 0.008550703 0.010541143 0.002576508 0.007706526 0.009243854 0.007348569 0.007964385 0.009002481 0.008652675 0.010529053 0.002515073 0.007853738 0.009265192 0.007159963 0.007944239 0.008880632 0.008623380
0.007656079 0.007991559 0.008849697 0.008816748 0.010637581 0.002790719 0.007763887 0.009238588 0.007575671 0.008148676 0.008994292 0.008921770 0.010623326 0.002728086 0.007910624 0.009259717 0.007381239 0.008129236 0.008873169 0.008893444
0.007875672 0.008167559 0.008841250 0.009075630 0.010725932 0.003000732 0.007813144 0.009233003 0.007795278 0.008326008 0.008984845 0.009183618 0.010709517 0.002936918 0.007959304 0.009253913 0.007595104 0.008307250 0.008864512 0.009156289
0.008087577 0.008336556 0.008831691 0.009327192 0.010806096 0.003206461 0.007854212 0.009227109 0.008007233 0.008496268 0.008974228 0.009438061 0.010787524 0.003141484 0.007999692 0.009247789 0.007801403 0.008478171 0.008854744 0.009411758
0.008291640 0.008498440 0.008821096 0.009571279 0.010877973 0.003407818 0.007887008 0.009220912 0.008211383 0.008659342 0.008962519 0.009684945 0.010857248 0.003341695 0.008031704 0.009241355 0.007999984 0.008641885 0.008843942 0.009659695
0.008487706 0.008653095 0.008809532 0.009807738 0.010941469 0.003604717 0.007911452 0.009214414 0.008407575 0.008815118 0.008949785 0.009924112 0.010918589 0.003537465 0.008055262 0.009234616 0.008190692 0.008798281 0.008832172 0.009899946
0.008675621 0.008800412 0.008797059 0.010036412 0.010996486 0.003797070 0.007927470 0.009207623 0.008595658 0.008963483 0.008936089 0.010155410 0.010971502 0.003728706 0.008070288 0.009227580 0.008373380 0.008947247 0.008819494 0.010132355
0.008855233 0.008940279 0.008783728 0.010257147 0.011042957 0.003984788 0.007934988 0.009200541 0.008775479 0.009104327 0.008921486 0.010378681 0.011015966 0.003915330 0.008076711 0.009220254 0.008547895 0.009088672 0.008805961 0.010356765
0.009026391 0.009072588 0.008769586 0.010469791 0.011080840 0.004167784 0.007933937 0.009193174 0.008946892 0.009237537 0.008906024 0.010593772 0.011051852 0.004097248 0.008074459 0.009212642 0.008714091 0.009222447 0.008791617 0.010573025
0.009188947 0.009197227 0.008754674 0.010674190 0.011110052 0.004345967 0.007924254 0.009185524 0.009109749 0.009363003 0.008889745 0.010800529 0.011079058 0.004274372 0.008063470 0.009204750 0.008871823 0.009348462 0.008776505 0.010780979
0.009342753 0.009314088 0.008739029 0.010870190 0.011130504 0.004519250 0.007905879 0.009177595 0.009263903 0.009480616 0.008872689 0.010998799 0.011097489 0.004446613 0.008043682 0.009196583 0.009020946 0.009466609 0.008760659 0.010980474
0.009487666 0.009423063 0.008722682 0.011057642 0.011142106 0.004687543 0.007878755 0.009169392 0.009409213 0.009590267 0.008854888 0.011188429 0.011107055 0.004613881 0.008015039 0.009188146 0.009161318 0.009576780 0.008744111 0.011171357
0.009623542 0.009524047 0.008705661 0.011236394 0.011144769 0.004850756 0.007842832 0.009160920 0.009545539 0.009691850 0.008836374 0.011369267 0.011107669 0.004776087 0.007977491 0.009179445 0.009292801 0.009678868 0.008726890 0.011353477
0.009750243 0.009616935 0.008687990 0.011406298 0.011138411 0.005008800 0.007798064 0.009152180 0.009672740 0.009785259 0.008817173 0.011541164 0.011099247 0.004933141 0.007930991 0.009170484 0.009415257 0.009772769 0.008709021 0.011526683
0.009867630 0.009701622 0.008669693 0.011567203 0.011122950 0.005161585 0.007744410 0.009143177 0.009790681 0.009870389 0.008797308 0.011703972 0.011081710 0.005084954 0.007875498 0.009161266 0.009528553 0.009858380 0.008690524 0.011690828
0.009975569 0.009778006 0.008650787 0.011718966 0.011098308 0.005309022 0.007681833 0.009133915 0.009899232 0.009947136 0.008776802 0.011857540 0.011054980 0.005231436 0.007810977 0.009151798 0.009632559 0.009935599 0.008671419 0.011845761
0.010073931 0.009845990 0.008631291 0.011861442 0.011064409 0.005451020 0.007610330 0.009124397 0.009998259 0.010015402 0.008755671 0.012001725 0.011018983 0.005372497 0.007737397 0.009142082 0.009727146 0.010004325 0.008651723 0.011991339
0.010162585 0.009905472 0.008611218 0.011994485 0.011021184 0.005587490 0.007530110 0.009114628 0.010087640 0.010075087 0.008733932 0.012136382 0.010973649 0.005508048 0.007654735 0.009132123 0.009812189 0.010064460 0.008631450 0.012127415
0.010241410 0.009956360 0.008590582 0.012117957 0.010968564 0.005718343 0.007441035 0.009104609 0.010167249 0.010126092 0.008711602 0.012261369 0.010918910 0.005638001 0.007562972 0.009121925 0.009887571 0.010115910 0.008610614 0.012253850
0.010310284 0.009998558 0.008569393 0.012231719 0.010906484 0.005843490 0.007409099 0.009094345 0.010236970 0.010168327 0.008688690 0.012376548 0.010854702 0.005762265 0.007529201 0.009111491 0.009953173 0.010158580 0.008589225 0.012370502
0.010369092 0.010031976 0.008547662 0.012335635 0.010834884 0.005962842 0.007404807 0.009083839 0.010296687 0.010201697 0.008665210 0.012481781 0.010780967 0.005880753 0.007523447 0.009100826 0.010008883 0.010192378 0.008567293 0.012477233
0.010417722 0.010056525 0.008525397 0.012429571 0.010753706 0.006076311 0.007397001 0.009073094 0.010346290 0.010226114 0.008641171 0.012576932 0.010697645 0.005993376 0.007514095 0.009089932 0.010054694 0.010217219 0.008544827 0.012573910
0.010456068 0.010072120 0.008502605 0.012513396 0.010662897 0.006183809 0.007389593 0.009062113 0.010385673 0.010241492 0.008616582 0.012661872 0.010604685 0.006100047 0.007505137 0.009078813 0.010090631 0.010233014 0.008521833 0.012660400
0.010484029 0.010078680 0.008479294 0.012586986 0.010562407 0.006285249 0.007382082 0.009050899 0.010414736 0.010247746 0.008591453 0.012736470 0.010502038 0.006200680 0.007496075 0.009067472 0.010116478 0.010239683 0.008498318 0.012736575
0.010501506 0.010076125 0.008455468 0.012650215 0.010452190 0.006380545 0.007374525 0.009039456 0.010433383 0.010244800 0.008565786 0.012800604 0.010389658 0.006295187 0.007486972 0.009055913 0.010132105 0.010237145 0.008474289 0.012802308
0.010508410 0.010064379 0.008431133 0.012702963 0.010332205 0.006469612 0.007366912 0.009027786 0.010441525 0.010232574 0.008539592 0.012854151 0.010267504 0.006383485 0.007477820 0.009044139 0.010137408 0.010225328 0.008449749 0.012857479
0.010504655 0.010043373 0.008406292 0.012745115 0.010202415 0.006552365 0.007359244 0.009015891 0.010439076 0.010210999 0.008512874 0.012896995 0.010135540 0.006465488 0.007468622 0.009032152 0.010132303 0.010204157 0.008424703 0.012901969
0.010490161 0.010013037 0.008380948 0.012776557 0.010168717 0.006628721 0.007351522 0.009003774 0.010425961 0.010180005 0.008485638 0.012929021 0.010101256 0.006541115 0.007459378 0.009019955 0.010116708 0.010173566 0.008399153 0.012935665
0.010464859 0.009973309 0.008355105 0.012797185 0.010166133 0.006698597 0.007343744 0.008991439 0.010402104 0.010139527 0.008457886 0.012950122 0.010098564 0.006610282 0.007450089 0.009007551 0.010090557 0.010133490 0.008373103 0.012958459
0.010428680 0.009930562 0.008328767 0.012806893 0.010162831 0.006761914 0.007335912 0.008978887 0.010367443 0.010095951 0.008429624 0.012960194 0.010095140 0.006672910 0.007440756 0.008994943 0.010053784 0.010090181 0.008346555 0.012970244
0.010381566 0.009978254 0.008301932 0.012805587 0.010159449 0.006818592 0.007328026 0.008966121 0.010321919 0.010142860 0.008400855 0.012959138 0.010091627 0.006728921 0.007431379 0.008982132 0.010006330 0.010135196 0.008319512 0.012970921
0.010323466 0.009970185 0.008274606 0.012793171 0.010155958 0.006868552 0.007320087 0.008953144 0.010265480 0.010134028 0.008371580 0.012946860 0.010088000 0.006778236 0.007421960 0.008969123 0.009948147 0.010125881 0.008291975 0.012960396
0.010254336 0.009995835 0.008246789 0.012769560 0.010152349 0.006911720 0.007312095 0.008939957 0.010198083 0.010158890 0.008341805 0.012923272 0.010084250 0.006820779 0.007412499 0.008955917 0.009879190 0.010149338 0.008263945 0.012938581
0.010174139 0.009993120 0.008218481 0.012734674 0.010148611 0.006948021 0.007304050 0.008926565 0.010119693 0.010155445 0.008311531 0.012888295 0.010080363 0.006856479 0.007402997 0.008942517 0.009799426 0.010145322 0.008235424 0.012905393
0.010082850 0.010012256 0.008189685 0.012688438 0.010144731 0.006977384 0.007295955 0.008912968 0.010030283 0.010173799 0.008280760 0.012841850 0.010076328 0.006885263 0.007393454 0.008928924 0.009708825 0.010162418 0.008206412 0.012860755
0.009980448 0.010012623 0.008160399 0.012630784 0.010140775 0.006999739 0.007287807 0.008899167 0.009930501 0.010173460 0.008249493 0.012783868 0.010072241 0.006907061 0.007383873 0.008915142 0.009607585 0.010161454 0.008176912 0.012804596
0.009866923 0.010027115 0.008130628 0.012561650 0.010136819 0.007015019 0.007279610 0.008885168 0.009820002 0.010187184 0.008217734 0.012714289 0.010068153 0.006921808 0.007374253 0.008901172 0.009495658 0.010174033 0.008146922 0.012736854
0.009742274 0.010029485 0.008100369 0.012480984 0.010132862 0.007023158 0.007271362 0.008870971 0.009698647 0.010188499 0.008185484 0.012633056 0.010064065 0.006929439 0.007364595 0.008887017 0.009372986 0.010174694 0.008116445 0.012657473
0.009606509 0.010041092 0.008069624 0.012388736 0.010128908 0.007024096 0.007263066 0.008856579 0.009566374 0.010198798 0.008152743 0.012540123 0.010059976 0.006929893 0.007354901 0.008872679 0.009239533 0.010183943 0.008085479 0.012566403
0.009459647 0.010044416 0.008038393 0.012284871 0.010124953 0.007017772 0.007254721 0.008841992 0.009423158 0.010200836 0.008119514 0.012435449 0.010055888 0.006923109 0.007345171 0.008858160 0.009095288 0.010185312 0.008054026 0.012463605
0.009301716 0.010053432 0.008006676 0.012169356 0.010121001 0.007004131 0.007246329 0.008827216 0.009268998 0.010208500 0.008085799 0.012319003 0.010051799 0.006909035 0.007335406 0.008843463 0.008940258 0.010192004 0.008022087 0.012349043
0.009132753 0.010056861 0.007974475 0.012042193 0.010117051 0.006983120 0.007237889 0.008812250 0.009103911 0.010210658 0.008051599 0.012190761 0.010047712 0.006887616 0.007325607 0.008828589 0.008774467 0.010193494 0.007989660 0.012222695
0.008952807 0.010063721 0.007941788 0.011903873 0.010113102 0.006954689 0.007229403 0.008797097 0.008927929 0.010216207 0.008016915 0.012050709 0.010043626 0.006858803 0.007315774 0.008813540 0.008597950 0.010198137 0.007956746 0.012084544
0.008761937 0.010066836 0.007908617 0.011754047 0.010109156 0.006918792 0.007220871 0.008781759 0.008741097 0.010218097 0.007981748 0.011898840 0.010039541 0.006822553 0.007305910 0.008798320 0.008410757 0.010199364 0.007923347 0.011934581
0.008560213 0.010071883 0.007874961 0.011592606 0.010105213 0.006875387 0.007212294 0.008766240 0.008543470 0.010221881 0.007946100 0.011735159 0.010035457 0.006778823 0.007296015 0.008782930 0.008212949 0.010202301 0.007889461 0.011772811
0.008430237 0.010074431 0.007840822 0.011419519 0.010101273 0.006824437 0.007203673 0.008750538 0.008416272 0.010223247 0.007909971 0.011559679 0.010031376 0.006727575 0.007286089 0.008767371 0.008087550 0.010203019 0.007855089 0.011599245
0.008438203 0.010077903 0.007806197 0.011234793 0.010097336 0.006765906 0.007195009 0.008734659 0.008424684 0.010225506 0.007873365 0.011372423 0.010027297 0.006668776 0.007276133 0.008751647 0.008100958 0.010204481 0.007820233 0.011413905
0.008415801 0.010079721 0.007771090 0.011038452 0.010093402 0.006699766 0.007186302 0.008718604 0.008403257 0.010226186 0.007836281 0.011173424 0.010023220 0.006602397 0.007266149 0.008735758 0.008083795 0.010204529 0.007784890 0.011216820
0.008399934 0.010081787 0.007735499 0.010830534 0.010089474 0.006625990 0.007177553 0.008702375 0.008388243 0.010227086 0.007798721 0.010962727 0.010019147 0.006528413 0.007256137 0.008719708 0.008073169 0.010204679 0.007749063 0.011008034
0.008382648 0.010082770 0.007699425 0.010611085 0.010085548 0.006544558 0.007168762 0.008685974 0.008371810 0.010226973 0.007760687 0.010740384 0.010015076 0.006446805 0.007246099 0.008703498 0.008061066 0.010203955 0.007712751 0.010787601
0.008365668 0.010083548 0.007662869 0.010380168 0.010081628 0.006455455 0.007159932 0.008669413 0.008355646 0.010226632 0.007722179 0.010506461 0.010011010 0.006357557 0.007236036 0.008687131 0.008049213 0.010202907 0.007675955 0.010555942
0.008348622 0.010083633 0.007625830 0.010158776 0.010077713 0.006358670 0.007151061 0.008652694 0.008339379 0.010225662 0.007683200 0.010281881 0.010006947 0.006260659 0.007225947 0.008670609 0.008037232 0.010201347 0.007638675 0.010333933
0.008331593 0.010083211 0.007588310 0.010176782 0.010073803 0.006254197 0.007142152 0.008635818 0.008323087 0.010224166 0.007643750 0.010296846 0.010002889 0.006156106 0.007215836 0.008653934 0.008025202 0.010199184 0.007600911 0.010349847
0.008314564 0.010082360 0.007550308 0.010163797 0.010069899 0.006142037 0.007133204 0.008618790 0.008306752 0.010222300 0.007603832 0.010280661 0.009998835 0.006043900 0.007205701 0.008637108 0.008013106 0.010196751 0.007562665 0.010334938
0.008297540 0.010080803 0.007511827 0.010154682 0.010066002 0.006022193 0.007124220 0.008601610 0.008290377 0.010219712 0.007563447 0.010268318 0.009994785 0.005924047 0.007195545 0.008620133 0.008000948 0.010193533 0.007523936 0.010323863
0.008280522 0.010078995 0.007472865 0.010145090 0.010062110 0.005894680 0.007115199 0.008584281 0.008273965 0.010216928 0.007522596 0.010255511 0.009990742 0.005796557 0.007185369 0.008603011 0.007988728 0.010190207 0.007484726 0.010312312
0.008263512 0.010076355 0.007433424 0.010135526 0.010058225 0.005759512 0.007106142 0.008566806 0.008257515 0.010213299 0.007481281 0.010242778 0.009986704 0.005661450 0.007175173 0.008585745 0.007976447 0.010186024 0.007445035 0.010300794
0.008246509 0.010073597 0.007393504 0.010125907 0.010054347 0.005616713 0.007097051 0.008549187 0.008241028 0.010209589 0.007439504 0.010230052 0.009982673 0.005518749 0.007164957 0.008568337 0.007964106 0.010182032 0.007404864 0.010289229
0.008229517 0.010069997 0.007353107 0.010116234 0.010050477 0.005466313 0.007087925 0.008531427 0.008224506 0.010204958 0.007397267 0.010217343 0.009978646 0.005368486 0.007154725 0.008550789 0.007951706 0.010177155 0.007364213 0.010277619
0.008212537 0.010066392 0.007312234 0.010106500 0.010046614 0.005308348 0.007078767 0.008513528 0.008207950 0.010200322 0.007354571 0.010204652 0.009974628 0.005210694 0.007144477 0.008533103 0.007939248 0.010172368 0.007323084 0.010265959
0.008195570 0.010061858 0.007270885 0.010096703 0.010042760 0.005142860 0.007069576 0.008495492 0.008191362 0.010194722 0.007311419 0.010192228 0.009970617 0.005045420 0.007134212 0.008515283 0.007926734 0.010166590 0.007281478 0.010254334
0.008178616 0.010057332 0.007229061 0.010086952 0.010038913 0.005130617 0.007060354 0.008477322 0.008174744 0.010189163 0.007267811 0.010180568 0.009966612 0.005034444 0.007123934 0.008497328 0.007914164 0.010160907 0.007239395 0.010242972
0.008161679 0.010051832 0.007186763 0.010077525 0.010035077 0.005134973 0.007051102 0.008459020 0.008158096 0.010182624 0.007223751 0.010169338 0.009962616 0.005040174 0.007113642 0.008479243 0.007901541 0.010154200 0.007196838 0.010231933
0.008144759 0.010046357 0.007143993 0.010068423 0.010031248 0.005138230 0.007041820 0.008440590 0.008141421 0.010176155 0.007179240 0.010158450 0.009958627 0.005044792 0.007103337 0.008461029 0.007888864 0.010147600 0.007153805 0.010221206
0.008127857 0.010039893 0.007100752 0.010059617 0.010027431 0.005141597 0.007032509 0.008422032 0.008124719 0.010168699 0.007134280 0.010147860 0.009954647 0.005049516 0.007093022 0.008442689 0.007876136 0.010139968 0.007110300 0.010210764
0.008110975 0.010033469 0.007057041 0.010051069 0.010023623 0.005144992 0.007023171 0.008403350 0.008107993 0.010161331 0.007088874 0.010137533 0.009950676 0.005054262 0.007082696 0.008424225 0.007863359 0.010132452 0.007066324 0.010200573
0.008094114 0.010026057 0.007012862 0.010042747 0.010019825 0.005148421 0.007013806 0.008384547 0.008091244 0.010152983 0.007043023 0.010127434 0.009946714 0.005059036 0.007072361 0.008405639 0.007850531 0.010123913 0.007021877 0.010190601
0.008077277 0.010018694 0.006968216 0.010034617 0.010016037 0.005151882 0.007004415 0.008365625 0.008074473 0.010144731 0.006996730 0.010117530 0.009942763 0.005063838 0.007062018 0.008386934 0.007837657 0.010115492 0.006976962 0.010180814
0.008060465 0.010010355 0.006923104 0.010026647 0.010012262 0.005155377 0.006994999 0.008346586 0.008057683 0.010135513 0.006949998 0.010107788 0.009938820 0.005068669 0.007051669 0.008368113 0.007824737 0.010106064 0.006931580 0.010171179
0.008043677 0.010002067 0.006877528 0.010018802 0.010008497 0.005158905 0.006985560 0.008327434 0.008040873 0.010126392 0.006902828 0.010098176 0.009934888 0.005073528 0.007041313 0.008349177 0.007811772 0.010096753 0.006885732 0.010161662
0.008026917 0.009992821 0.006831490 0.010011051 0.010004744 0.005162468 0.006976097 0.008308170 0.008024048 0.010116324 0.006855223 0.010088659 0.009930967 0.005078415 0.007030953 0.008330129 0.007798764 0.010086455 0.006839421 0.010152230
0.008010185 0.009983628 0.006784992 0.010003361 0.010001004 0.005166064 0.006966624 0.008288798 0.008007208 0.010106353 0.006807185 0.010079206 0.009927058 0.005083331 0.007020589 0.008310972 0.007785714 0.010076270 0.006792647 0.010142851
0.007993485 0.009973495 0.006738035 0.009995698 0.009997276 0.005169694 0.006957146 0.008269320 0.007990355 0.010095455 0.006758718 0.010069784 0.009923159 0.005088276 0.007010223 0.008291708 0.007772623 0.010065123 0.006745413 0.010133492
0.007976815 0.009963415 0.006690622 0.009988032 0.009993561 0.005173359 0.006947665 0.008249739 0.007973489 0.010084652 0.006709823 0.010060361 0.009919273 0.005093249 0.006999856 0.008272339 0.007759494 0.010054082 0.006697722 0.010124121
0.007960179 0.009952417 0.006642755 0.009980329 0.009989860 0.005177057 0.006938181 0.008230058 0.007956614 0.010072944 0.006660504 0.010050905 0.009915399 0.005098252 0.006989488 0.008252868 0.007746326 0.010042102 0.006649573 0.010114705
0.007943577 0.009941468 0.006594434 0.009972559 0.009986171 0.005180791 0.006928695 0.008210279 0.007939731 0.010061326 0.006610762 0.010041383 0.009911538 0.005103283 0.006979121 0.008233298 0.007733123 0.010030224 0.006600971 0.010105215
0.007927012 0.009929623 0.006545663 0.009964690 0.009982498 0.005184559 0.006919209 0.008190405 0.007922840 0.010048828 0.006560602 0.010031766 0.009907690 0.005108343 0.006968757 0.008213631 0.007719886 0.010017431 0.006551917 0.010095616
0.007910484 0.009917826 0.006496444 0.009956689 0.009978839 0.005188361 0.006909723 0.008170438 0.007905945 0.010036416 0.006510025 0.010022022 0.009903855 0.005113433 0.006958395 0.008193869 0.007706614 0.010004735 0.006502414 0.010085879
0.007893994 0.009905156 0.006446779 0.009948525 0.009975195 0.005192199 0.006900239 0.008150382 0.007889047 0.010023147 0.006459035 0.010012118 0.009900033 0.005118552 0.006948038 0.008174016 0.007693312 0.009991162 0.006452463 0.010075972
0.007877545 0.009892535 0.006396671 0.009940169 0.009971566 0.005196072 0.006890757 0.008130239 0.007872147 0.010009960 0.006407634 0.010002025 0.009896227 0.005124229 0.006937686 0.008154073 0.007679979 0.009977702 0.006402066 0.010065864
0.007861139 0.009879073 0.006346121 0.009931588 0.009967954 0.005199980 0.006881280 0.008110013 0.007855248 0.009995939 0.006355826 0.009991713 0.009892436 0.005130307 0.006927341 0.008134044 0.007666618 0.009963399 0.006351228 0.010055525
0.007844776 0.009865664 0.006295134 0.009922752 0.009964357 0.005203923 0.006871807 0.008089705 0.007838351 0.009981998 0.006303614 0.009981150 0.009888658 0.005136584 0.006917003 0.008113931 0.007653229 0.009949204 0.006299949 0.010044924
0.007828458 0.009851438 0.006243710 0.009913632 0.009960777 0.005207902 0.006862340 0.008069320 0.007821457 0.009967245 0.006250999 0.009970307 0.009884898 0.005142959 0.006906675 0.008093737 0.007639815 0.009934189 0.006248234 0.010034031
0.007812187 0.009837264 0.006191853 0.009904196 0.009957214 0.005211916 0.006852880 0.008048858 0.007804574 0.009952570 0.006197988 0.009959155 0.009881152 0.005149380 0.006896356 0.008073464 0.007626379 0.009919277 0.006196084 0.010022817
0.007795963 0.009822295 0.006139566 0.009894417 0.009953668 0.005215967 0.006843428 0.008028325 0.007787749 0.009937105 0.006144871 0.009947663 0.009877423 0.005155823 0.006886049 0.008053115 0.007612938 0.009903570 0.006143598 0.010011252
0.007779790 0.009807377 0.006086980 0.009884263 0.009950140 0.005220052 0.006833985 0.008007722 0.007770980 0.009921717 0.006091942 0.009935803 0.009873711 0.005162275 0.006875754 0.008032693 0.007599498 0.009887963 0.006090953 0.009999312
0.007763667 0.009791686 0.006034294 0.009873708 0.009946630 0.005224174 0.006824552 0.007987051 0.007754271 0.009905558 0.006038975 0.009923806 0.009870015 0.005168729 0.006865473 0.008012200 0.007586062 0.009871582 0.006038198 0.009987414
0.007747597 0.009776045 0.005981516 0.009863175 0.009943140 0.005228332 0.006815131 0.007966318 0.007737623 0.009889477 0.005985916 0.009911853 0.009866337 0.005175183 0.006855206 0.007991639 0.007572632 0.009855299 0.005985331 0.009975559
0.007731580 0.009759654 0.005928630 0.009852672 0.009939668 0.005232526 0.006805722 0.007945524 0.007721037 0.009872648 0.005932740 0.009899944 0.009862678 0.005181634 0.006844955 0.007971014 0.007559210 0.009838264 0.005932341 0.009963749
0.007715619 0.009743326 0.005875618 0.009842200 0.009936215 0.005236757 0.006796327 0.007924670 0.007704515 0.009855894 0.005879429 0.009888079 0.009859037 0.005188083 0.006834722 0.007950325 0.007545798 0.009821326 0.005879210 0.009951984
0.007699715 0.009726279 0.005822462 0.009831760 0.009932783 0.005241023 0.006786947 0.007903763 0.007688058 0.009838413 0.005825965 0.009876261 0.009855414 0.005194528 0.006824506 0.007929578 0.007532416 0.009803656 0.005825921 0.009940264
0.007683870 0.009709297 0.005769146 0.009821353 0.009929370 0.005245327 0.006777582 0.007882804 0.007671668 0.009821009 0.005772331 0.009864489 0.009851811 0.005200971 0.006814310 0.007908775 0.007519073 0.009786082 0.005772457 0.009928592
0.007668084 0.009691615 0.005715651 0.009810979 0.009925979 0.005249667 0.006768234 0.007861796 0.007655346 0.009802897 0.005718510 0.009852765 0.009848228 0.005207410 0.006804135 0.007887917 0.007505771 0.009767798 0.005718801 0.009916968
0.007652360 0.009674000 0.005661961 0.009800639 0.009922609 0.005254043 0.006758905 0.007840741 0.007639095 0.009784864 0.005664485 0.009841089 0.009844664 0.005213846 0.006793981 0.007867008 0.007492512 0.009749610 0.005664935 0.009905393
0.007636700 0.009655704 0.005608059 0.009790335 0.009919261 0.005258457 0.006749594 0.007819644 0.007622914 0.009766142 0.005610238 0.009829463 0.009841121 0.005220279 0.006783851 0.007846051 0.007479295 0.009730730 0.005610843 0.009893867
0.007621103 0.009637479 0.005553926 0.009780067 0.009915934 0.005262907 0.006740304 0.007798507 0.007606807 0.009747501 0.005555752 0.009817889 0.009837599 0.005226708 0.006773745 0.007825049 0.007466124 0.009711949 0.005556506 0.009882393
0.007605573 0.009618591 0.005499547 0.009769836 0.009912630 0.005267394 0.006731035 0.007777333 0.007590774 0.009728190 0.005501011 0.009806366 0.009834099 0.005233135 0.006763664 0.007804004 0.007452999 0.009692495 0.005501907 0.009870971
0.007590109 0.009599777 0.005444904 0.009759643 0.009909349 0.005271919 0.006721788 0.007756125 0.007574816 0.009708964 0.005445996 0.009794895 0.009830620 0.005239559 0.006753610 0.007782919 0.007439922 0.009673142 0.005447030 0.009859600
0.007574715 0.009580319 0.005389979 0.009749490 0.009906091 0.005276480 0.006712566 0.007734886 0.007558937 0.009689085 0.005390692 0.009783477 0.009827163 0.005245981 0.006743583 0.007761798 0.007426894 0.009653133 0.005391856 0.009848284
0.007559392 0.009560939 0.005334756 0.009739376 0.009902856 0.005281079 0.006703367 0.007713621 0.007543135 0.009669296 0.005335080 0.009772114 0.009823729 0.005252400 0.006733585 0.007740644 0.007413916 0.009633230 0.005336370 0.009837022
0.007544140 0.009540932 0.005279218 0.009729302 0.009899647 0.005285715 0.006694195 0.007692330 0.007527415 0.009648871 0.005279145 0.009760805 0.009820319 0.005258817 0.006723618 0.007719458 0.007400990 0.009612688 0.005280554 0.009825815
0.007528961 0.009521009 0.005223349 0.009719270 0.009896462 0.005290388 0.006685050 0.007671018 0.007511776 0.009628540 0.005222869 0.009749553 0.009816932 0.005265231 0.006713681 0.007698244 0.007388117 0.009592255 0.005224392 0.009814665
0.007513858 0.009500477 0.005167130 0.009709281 0.009893302 0.005295099 0.006675933 0.007649688 0.007496221 0.009607591 0.005166236 0.009738359 0.009813569 0.005271643 0.006703778 0.007677006 0.007375299 0.009571200 0.005167866 0.009803572
0.007498831 0.009480035 0.005110547 0.009699334 0.009890167 0.005299848 0.006666846 0.007628342 0.007480751 0.009586741 0.005109230 0.009727222 0.009810231 0.005278054 0.006693908 0.007655746 0.007362537 0.009550259 0.005110961 0.009792537
0.007483881 0.009458998 0.005053582 0.009689433 0.009887059 0.005304634 0.006657788 0.007606985 0.007465366 0.009565289 0.005051833 0.009716144 0.009806917 0.005284462 0.006684073 0.007634467 0.007349832 0.009528713 0.005053659 0.009781562
0.007469011 0.009438058 0.004996220 0.009679576 0.009883977 0.005309457 0.006648763 0.007585619 0.007450070 0.009543943 0.004994031 0.009705126 0.009803629 0.005290869 0.006674274 0.007613171 0.007337185 0.009507286 0.004995945 0.009770646
0.007454221 0.009416541 0.004938444 0.009669766 0.009880923 0.005314318 0.006639769 0.007564247 0.007434863 0.009522012 0.004935808 0.009694168 0.009800367 0.005297274 0.006664512 0.007591863 0.007324599 0.009485271 0.004937803 0.009759791
0.007439514 0.009395128 0.004880238 0.009660002 0.009877895 0.005319218 0.006630810 0.007542872 0.007419746 0.009500192 0.004877146 0.009683273 0.009797131 0.005303678 0.006654789 0.007570544 0.007312074 0.009463380 0.004879218 0.009748998
0.007424890 0.009373153 0.004821587 0.009650285 0.009874895 0.005324155 0.006621886 0.007521498 0.007404722 0.009477803 0.004818032 0.009672441 0.009793921 0.005310080 0.006645105 0.007549219 0.007299611 0.009440917 0.004820172 0.009738268
0.007410351 0.009351290 0.004762476 0.009640617 0.009871923 0.005329130 0.006612997 0.007500128 0.007389792 0.009455534 0.004758450 0.009661671 0.009790740 0.005316481 0.006635463 0.007527890 0.007287213 0.009418584 0.004760652 0.009727601
0.007395898 0.009328879 0.004702890 0.009631000 0.009868981 0.005334143 0.006604145 0.007478765 0.007374956 0.009432710 0.004698385 0.009650966 0.009787586 0.005322882 0.006625862 0.007506559 0.007274880 0.009395693 0.004700642 0.009716999
0.007381534 0.009306590 0.004642813 0.009621431 0.009866068 0.005339194 0.006595332 0.007457412 0.007360217 0.009410013 0.004637823 0.009640326 0.009784459 0.005329281 0.006616305 0.007485231 0.007262614 0.009372943 0.004640128 0.009706463
0.007367258 0.009283768 0.004582232 0.009611915 0.009863184 0.005344283 0.006586559 0.007436073 0.007345576 0.009386778 0.004576750 0.009629752 0.009781362 0.005335680 0.006606792 0.007463908 0.007250416 0.009349648 0.004579095 0.009695992
0.007353074 0.009261076 0.004521132 0.009602450 0.009860330 0.005349410 0.006577825 0.007414750 0.007331034 0.009363677 0.004515151 0.009619246 0.009778294 0.005342077 0.006597325 0.007442594 0.007238287 0.009326502 0.004517530 0.009685589
0.007338982 0.009237866 0.004459500 0.009593038 0.009857507 0.005354576 0.006569134 0.007393448 0.007316593 0.009340052 0.004453012 0.009608807 0.009775255 0.005348475 0.006587904 0.007421291 0.007226229 0.009302825 0.004455418 0.009675253
0.007324982 0.009214795 0.004397322 0.009583680 0.009854716 0.005359780 0.006560485 0.007372168 0.007302254 0.009316573 0.004390322 0.009598438 0.009772246 0.005354872 0.006578532 0.007400001 0.007214243 0.009279304 0.004392747 0.009664987
0.007311079 0.009191222 0.004334585 0.009574377 0.009851956 0.005365022 0.006551880 0.007350915 0.007288018 0.009292582 0.004327067 0.009588137 0.009769267 0.005361270 0.006569209 0.007378730 0.007202330 0.009255268 0.004329504 0.009654790
0.007297271 0.009167796 0.004271277 0.009565128 0.009849227 0.005370302 0.006543320 0.007329691 0.007273887 0.009268747 0.004263235 0.009577908 0.009766320 0.005367667 0.006559936 0.007357480 0.007190492 0.009231396 0.004265677 0.009644665
0.007283561 0.009143882 0.004207386 0.009555937 0.009846532 0.005375620 0.006534806 0.007308500 0.007259863 0.009244413 0.004198814 0.009567750 0.009763404 0.005374065 0.006550714 0.007336252 0.007178729 0.009207023 0.004201253 0.009634610
0.007269950 0.009120127 0.004142900 0.009546801 0.009843869 0.005380977 0.006526339 0.007287345 0.007245947 0.009220245 0.004133793 0.009557664 0.009760520 0.005380463 0.006541546 0.007315052 0.007167044 0.009182825 0.004136223 0.009624627
0.007256439 0.009095896 0.004077808 0.009537725 0.009841240 0.005386372 0.006517920 0.007266230 0.007232139 0.009195594 0.004068268 0.009547652 0.009757669 0.005386877 0.006532431 0.007293881 0.007155437 0.009158137 0.004070781 0.009614719
0.007243031 0.009071836 0.004012443 0.009528707 0.009838644 0.005391806 0.006509551 0.007245157 0.007218442 0.009171118 0.004002509 0.009537713 0.009754850 0.005393323 0.006523371 0.007272744 0.007143911 0.009133635 0.004005106 0.009604884
0.007229725 0.009047314 0.003946851 0.009519748 0.009836083 0.005397278 0.006501232 0.007224130 0.007204856 0.009146173 0.003936523 0.009527849 0.009752064 0.005399801 0.006514367 0.007251643 0.007132465 0.009108657 0.003939205 0.009595124
0.007216523 0.009022973 0.003881039 0.009510851 0.009833558 0.005402789 0.006492965 0.007203152 0.007191384 0.009121413 0.003870315 0.009518061 0.009749313 0.005406310 0.006505420 0.007230581 0.007121101 0.009083875 0.003873083 0.009585440
0.007203428 0.008998183 0.003815012 0.009502014 0.009831067 0.005408338 0.006484751 0.007182227 0.007178025 0.009096196 0.003803891 0.009508350 0.009746595 0.005412851 0.006496532 0.007209561 0.007109822 0.009058628 0.003806746 0.009575833
0.007190439 0.008973585 0.003748776 0.009493239 0.009828612 0.005413926 0.006476590 0.007161357 0.007164783 0.009071178 0.003737258 0.009498715 0.009743913 0.005419422 0.006487704 0.007188587 0.007098626 0.009033590 0.003740200 0.009566302
0.007177559 0.008948552 0.003682337 0.009484528 0.009826194 0.005419552 0.006468484 0.007140546 0.007151657 0.009045715 0.003670421 0.009489160 0.009741266 0.005426026 0.006478937 0.007167661 0.007087517 0.009008098 0.003673451 0.009556850
0.007164788 0.008923724 0.003615701 0.009475879 0.009823813 0.005425217 0.006460434 0.007119797 0.007138650 0.009020462 0.003603386 0.009479683 0.009738655 0.005432662 0.006470231 0.007146787 0.007076495 0.008982827 0.003606505 0.009547478
0.007152129 0.008898473 0.003548875 0.009467295 0.009821469 0.005430921 0.006452441 0.007099113 0.007125762 0.008994777 0.003536160 0.009470286 0.009736080 0.005439328 0.006461589 0.007125968 0.007065562 0.008957116 0.003539369 0.009538185
0.007139582 0.008873439 0.003481864 0.009458777 0.009819163 0.005436663 0.006444506 0.007078498 0.007112995 0.008969314 0.003468749 0.009460970 0.009733542 0.005446027 0.006453011 0.007105207 0.007054718 0.008931635 0.003472048 0.009528972
0.007127148 0.008847995 0.003414675 0.009450325 0.009816895 0.005442443 0.006436630 0.007057955 0.007100350 0.008943431 0.003401159 0.009451735 0.009731040 0.005452757 0.006444498 0.007084507 0.007043965 0.008905726 0.003404549 0.009519842
0.007114829 0.008822780 0.003347314 0.009441939 0.009814667 0.005448263 0.006428814 0.007037487 0.007087829 0.008917783 0.003333397 0.009442583 0.009728577 0.005459519 0.006436051 0.007063872 0.007033304 0.008880061 0.003336879 0.009510793
0.007102625 0.008797167 0.003279788 0.009433621 0.009812476 0.005454120 0.006421060 0.007017097 0.007075431 0.008891728 0.003265469 0.009433513 0.009726153 0.005466312 0.006427673 0.007043303 0.007022737 0.008853979 0.003269043 0.009501827
0.007090539 0.008771799 0.003212104 0.009425371 0.009810327 0.005460017 0.006413369 0.006996789 0.007063160 0.008865921 0.003197382 0.009424527 0.009723767 0.005473136 0.006419363 0.007022806 0.007012263 0.008828153 0.003201049 0.009492946
0.007078572 0.008746042 0.003144267 0.009417191 0.009808217 0.005465952 0.006405740 0.006976567 0.007051015 0.008839716 0.003129142 0.009415627 0.009721420 0.005479992 0.006411122 0.007002381 0.007001886 0.008801922 0.003132903 0.009484149
0.007066723 0.008720542 0.003076285 0.009409080 0.009806149 0.005471926 0.006398176 0.006956432 0.007038999 0.008813774 0.003060756 0.009406812 0.009719113 0.005486880 0.006402953 0.006982034 0.006991605 0.008775960 0.003064612 0.009475437
0.007054996 0.008694668 0.003008165 0.009401041 0.009804122 0.005477939 0.006390677 0.006936388 0.007027112 0.008787447 0.002992232 0.009398082 0.009716846 0.005493799 0.006394856 0.006961766 0.006981422 0.008749603 0.002996183 0.009466811
0.007043391 0.008669065 0.002939913 0.009393073 0.009802137 0.005483990 0.006383245 0.006916439 0.007015355 0.008761396 0.002923576 0.009389440 0.009714620 0.005500749 0.006386831 0.006941582 0.006971338 0.008723530 0.002927622 0.009458273
0.007031909 0.008643097 0.002871536 0.009385176 0.009800194 0.005490080 0.006375880 0.006896588 0.007003730 0.008734969 0.002854795 0.009380885 0.009712435 0.005507731 0.006378881 0.006921483 0.006961354 0.008697072 0.002858937 0.009449822
0.007020551 0.008617416 0.002803042 0.009377353 0.009798294 0.005496208 0.006368584 0.006876837 0.006992238 0.008708834 0.002785896 0.009372420 0.009710293 0.005514745 0.006371006 0.006901474 0.006951471 0.008670911 0.002790136 0.009441460
0.007009318 0.008591380 0.002734437 0.009369603 0.009796438 0.005502375 0.006361357 0.006857191 0.006980879 0.008682334 0.002716886 0.009364042 0.009708193 0.005521789 0.006363208 0.006881557 0.006941691 0.008644377 0.002721224 0.009433187
0.006998212 0.008565647 0.002665729 0.009361928 0.009794625 0.005508581 0.006354202 0.006837652 0.006969655 0.008656139 0.002647774 0.009355756 0.009706136 0.005528865 0.006355487 0.006861735 0.006932013 0.008618154 0.002652209 0.009425003
0.006987234 0.008539569 0.002596926 0.009354329 0.009792857 0.005514825 0.006347117 0.006818224 0.006958568 0.008629591 0.002578565 0.009347560 0.009704121 0.005535973 0.006347845 0.006842012 0.006922441 0.008591566 0.002583099 0.009416911
0.006976384 0.008513807 0.002528034 0.009346805 0.009791134 0.005521108 0.006340105 0.006798910 0.006947618 0.008603363 0.002509268 0.009339456 0.009702152 0.005543111 0.006340282 0.006822390 0.006912973 0.008565305 0.002513901 0.009408910
0.006965664 0.008487713 0.002459061 0.009339358 0.009789456 0.005527430 0.006333167 0.006779712 0.006936805 0.008576792 0.002439890 0.009331443 0.009700226 0.005550282 0.006332799 0.006802873 0.006903613 0.008538689 0.002444623 0.009401001
0.006955075 0.008461950 0.002390015 0.009331988 0.009787824 0.005533790 0.006326303 0.006760634 0.006926132 0.008550556 0.002370439 0.009323524 0.009698345 0.005557483 0.006325399 0.006783464 0.006894359 0.008512416 0.002375273 0.009393184
0.006944618 0.008435864 0.002320903 0.009324696 0.009786239 0.005540189 0.006319515 0.006741680 0.006915599 0.008523986 0.002300922 0.009315698 0.009696510 0.005564715 0.006318081 0.006764165 0.006885215 0.008485796 0.002305857 0.009385462
0.006934294 0.008410127 0.002251734 0.009317483 0.009784701 0.005546627 0.006312804 0.006722851 0.006905208 0.008497768 0.002231348 0.009307967 0.009694721 0.005571979 0.006310846 0.006744979 0.006876179 0.008459534 0.002236384 0.009377833
0.006924103 0.008384073 0.002182514 0.009310349 0.009783211 0.005553103 0.006306170 0.006704153 0.006894959 0.008471224 0.002161724 0.009300332 0.009692978 0.005579274 0.006303697 0.006725911 0.006867255 0.008432934 0.002166863 0.009370300
0.006914048 0.008358387 0.002113253 0.009303295 0.009781769 0.005559617 0.006299614 0.006685586 0.006884853 0.008445051 0.002092058 0.009292791 0.009691282 0.005586600 0.006296633 0.006706962 0.006858442 0.008406709 0.002097300 0.009362862
0.006904129 0.008332392 0.002043958 0.009296322 0.009780375 0.005566170 0.006293138 0.006667155 0.006874891 0.008418558 0.002022359 0.009285347 0.009689635 0.005593957 0.006289656 0.006688137 0.006849742 0.008380154 0.002027704 0.009355521
0.006894347 0.008306783 0.001974637 0.009289431 0.009779031 0.005572762 0.006286742 0.006648863 0.006865075 0.008392454 0.001952635 0.009278000 0.009688035 0.005601345 0.006282766 0.006669437 0.006841155 0.008353991 0.001958083 0.009348276
0.006884703 0.008280872 0.001905299 0.009282622 0.009777737 0.005579392 0.006280427 0.006630713 0.006855404 0.008366037 0.001882893 0.009270751 0.009686484 0.005608764 0.006275966 0.006650865 0.006832682 0.008327505 0.001888446 0.009341130
0.006875197 0.008255365 0.001835952 0.009275896 0.009776492 0.005586060 0.006274194 0.006612707 0.006845881 0.008340028 0.001813143 0.009263600 0.009684982 0.005616215 0.006269255 0.006632425 0.006824325 0.008301429 0.001818801 0.009334081
0.006865832 0.008229565 0.001766604 0.009269252 0.009775299 0.005592768 0.006268045 0.006594849 0.006836506 0.008313714 0.001743394 0.009256549 0.009683530 0.005623696 0.006262635 0.006614120 0.006816084 0.008275035 0.001749156 0.009327131
0.006856607 0.008204185 0.001697265 0.009262694 0.009774157 0.005599513 0.006261980 0.006577142 0.006827279 0.008287825 0.001673652 0.009249597 0.009682128 0.005631208 0.006256106 0.006595953 0.006807960 0.008249070 0.001679521 0.009320281
0.006847524 0.008178519 0.001627942 0.009256220 0.009773066 0.005606297 0.006256000 0.006559588 0.006818203 0.008261636 0.001603929 0.009242746 0.009680778 0.005638752 0.006249670 0.006577926 0.006799954 0.008222794 0.001609903 0.009313532
0.006838583 0.008153294 0.001558645 0.009249832 0.009772029 0.005613119 0.006250105 0.006542192 0.006809277 0.008235893 0.001534231 0.009235996 0.009679479 0.005646326 0.006243328 0.006560042 0.006792067 0.008196967 0.001540312 0.009306883
0.006829786 0.008127787 0.001489382 0.009243529 0.009771044 0.005619980 0.006244298 0.006524955 0.006800502 0.008209855 0.001464569 0.009229347 0.009678232 0.005653930 0.006237080 0.006542305 0.006784299 0.008170831 0.001470757 0.009300336
0.006821133 0.008102742 0.001420163 0.009237314 0.009770113 0.005626879 0.006238577 0.006507881 0.006791880 0.008184285 0.001394951 0.009222801 0.009677037 0.005661566 0.006230927 0.006524716 0.006776652 0.008145166 0.001401246 0.009293891
0.006812625 0.008077419 0.001350996 0.009231186 0.009769236 0.005633816 0.006232946 0.006490971 0.006783410 0.008158423 0.001325387 0.009216358 0.009675895 0.005669232 0.006224871 0.006507280 0.006769127 0.008119195 0.001331790 0.009287549
0.006804262 0.008052580 0.001281892 0.009225146 0.009768414 0.005640792 0.006227403 0.006474231 0.006775095 0.008133049 0.001255885 0.009210018 0.009674806 0.005676930 0.006218912 0.006489998 0.006761723 0.008093716 0.001262396 0.009281310
0.006796047 0.008027466 0.001212858 0.009219194 0.009767647 0.005647806 0.006221951 0.006457661 0.006766934 0.008107387 0.001186456 0.009203783 0.009673772 0.005684657 0.006213051 0.006472874 0.006754443 0.008067935 0.001193075 0.009275176
0.006787979 0.008002858 0.001143905 0.009213331 0.009766935 0.005654858 0.006216590 0.006441266 0.006758929 0.008082236 0.001117108 0.009197653 0.009672794 0.005692416 0.006207290 0.006455911 0.006747286 0.008042666 0.001123836 0.009269145
0.006780059 0.007977977 0.001075043 0.009207559 0.009766281 0.005661949 0.006211321 0.006425048 0.006751080 0.008056799 0.001047851 0.009191628 0.009671870 0.005700205 0.006201628 0.006439110 0.006740254 0.008017098 0.001054689 0.009263220
0.006772288 0.007953626 0.001006280 0.009201877 0.009765683 0.005669077 0.006206145 0.006409009 0.006743387 0.008031895 0.000978696 0.009185709 0.009671002 0.005708025 0.006196067 0.006422475 0.006733347 0.007992066 0.000985643 0.009257401
0.006764667 0.007929003 0.000937627 0.009196285 0.009765143 0.005676244 0.006201062 0.006393153 0.006735852 0.008006707 0.000909651 0.009179896 0.009670191 0.005715875 0.006190608 0.006406010 0.006726566 0.007966733 0.000916708 0.009251689
0.006757196 0.007904934 0.000869093 0.009190786 0.009764660 0.005683450 0.006196074 0.006377482 0.006728475 0.007982077 0.000840727 0.009174190 0.009669436 0.005723756 0.006185251 0.006389715 0.006719912 0.007941961 0.000847894 0.009246082
0.006749876 0.007880592 0.000800689 0.009185378 0.009764237 0.005690693 0.006191180 0.006361999 0.006721257 0.007957160 0.000771934 0.009168593 0.009668740 0.005731667 0.006179998 0.006373595 0.006713385 0.007916887 0.000779212 0.009240584
0.006742708 0.007856831 0.000732425 0.009180063 0.009763872 0.005697974 0.006186383 0.006346706 0.006714199 0.007932829 0.000703283 0.009163104 0.009668102 0.005739609 0.006174849 0.006357650 0.006706986 0.007892401 0.000710671 0.009235194
0.006735693 0.007832794 0.000664311 0.009174841 0.009763568 0.005705294 0.006181682 0.006331607 0.006707301 0.007908208 0.000634783 0.009157723 0.009667521 0.005747581 0.006169805 0.006341885 0.006700716 0.007867609 0.000642282 0.009229911
0.006728831 0.007809366 0.000596358 0.009169715 0.009763324 0.005712651 0.006177079 0.006316704 0.006700563 0.007884201 0.000566444 0.009152452 0.009667002 0.005755583 0.006164866 0.006326302 0.006694575 0.007843433 0.000574055 0.009224739
0.006722122 0.007785657 0.000528575 0.009164681 0.009763140 0.005720047 0.006172574 0.006301999 0.006693988 0.007859899 0.000498279 0.009147290 0.009666541 0.005763616 0.006160035 0.006310904 0.006688564 0.007818946 0.000506001 0.009219676
0.006715568 0.007762587 0.000460975 0.009159743 0.009763019 0.005727480 0.006168168 0.006287495 0.006687573 0.007836239 0.000430297 0.009142240 0.009666141 0.005771679 0.006155311 0.006295693 0.006682684 0.007795104 0.000438130 0.009214723
0.006709169 0.007739230 0.000393566 0.009154900 0.009762960 0.005734952 0.006163862 0.006273195 0.006681322 0.007812279 0.000362509 0.009137300 0.009665802 0.005779773 0.006150695 0.006280670 0.006676935 0.007770943 0.000370454 0.009209882
0.006702925 0.007716542 0.000326362 0.009150153 0.009762963 0.005742461 0.006159656 0.006259101 0.006675233 0.007788994 0.000294926 0.009132472 0.009665526 0.005787896 0.006146189 0.006265840 0.006671317 0.007747460 0.000302983 0.009205150
0.006696837 0.007693559 0.000259371 0.009145503 0.009763029 0.005750009 0.006155552 0.006245216 0.006669309 0.007765397 0.000227559 0.009127756 0.009665310 0.005796050 0.006141792 0.006251205 0.006665832 0.007723647 0.000235729 0.009200532
0.006690906 0.007671279 0.000192607 0.009140950 0.009763160 0.005757594 0.006151550 0.006231542 0.006663547 0.007742511 0.000160420 0.009123152 0.009665160 0.005804233 0.006137506 0.006236766 0.006660481 0.007700548 0.000168702 0.009196024
0.006685133 0.007648692 0.000126079 0.009136494 0.009763355 0.005765217 0.006147650 0.006218081 0.006657951 0.007719300 0.000093519 0.009118661 0.009665071 0.005812448 0.006133331 0.006222527 0.006655262 0.007677105 0.000101914 0.009191630
0.006679516 0.007626845 0.000059800 0.009132137 0.009763615 0.005772878 0.006143853 0.006204837 0.006652520 0.007696837 0.000026870 0.009114284 0.009665047 0.005820692 0.006129268 0.006208489 0.006650177 0.007654412 0.000035377 0.009187350
0.006674058 0.007604676 -0.000006219 0.009127879 0.009763941 0.005780578 0.006140161 0.006191810 0.006647254 0.007674034 -0.000039518 0.009110021 0.009665088 0.005828965 0.006125317 0.006194655 0.006645227 0.007631360 -0.000030898 0.009183183
0.006668759 0.007583286 -0.000071967 0.009123718 0.009764334 0.005788315 0.006136573 0.006179004 0.006642154 0.007652018 -0.000105632 0.009105872 0.009665194 0.005837270 0.006121481 0.006181028 0.006640412 0.007609099 -0.000096900 0.009179130
0.006663618 0.007561555 -0.000137430 0.009119659 0.009764793 0.005796089 0.006133091 0.006166422 0.006637221 0.007629643 -0.000171460 0.009101839 0.009665365 0.005845604 0.006117758 0.006167609 0.006635732 0.007586457 -0.000162615 0.009175193
0.006658637 0.007540646 -0.000202598 0.009115699 0.009765320 0.005803902 0.006129714 0.006154064 0.006632454 0.007608100 -0.000236990 0.009097921 0.009665604 0.005853968 0.006114151 0.006154401 0.006631188 0.007564652 -0.000228032 0.009171369
0.006653816 0.007519374 -0.000267458 0.009111839 0.009765916 0.005811752 0.006126444 0.006141934 0.006627854 0.007586173 -0.000302210 0.009094119 0.009665910 0.005862362 0.006110659 0.006141406 0.006626781 0.007542441 -0.000293140 0.009167662
0.006649156 0.007498972 -0.000331998 0.009108081 0.009766580 0.005819640 0.006123282 0.006130033 0.006623422 0.007565128 -0.000367108 0.009090433 0.009666284 0.005870786 0.006107283 0.006128626 0.006622510 0.007521115 -0.000357924 0.009164071
0.006644656 0.007478178 -0.000396205 0.009104425 0.009767313 0.005827566 0.006120227 0.006118364 0.006619158 0.007543669 -0.000431670 0.009086865 0.009666725 0.005879240 0.006104024 0.006116064 0.006618376 0.007499353 -0.000422374 0.009160597
0.006640317 0.007458307 -0.000460067 0.009100870 0.009768116 0.005835529 0.006117282 0.006106929 0.006615061 0.007523144 -0.000495884 0.009083414 0.009667236 0.005887724 0.006100883 0.006103722 0.006614380 0.007478532 -0.000486476 0.009157239
0.006636139 0.007438010 -0.000523571 0.009097419 0.009768991 0.005843530 0.006114445 0.006095730 0.006611134 0.007502172 -0.000559738 0.009080079 0.009667818 0.005896237 0.006097860 0.006091601 0.006610522 0.007457237 -0.000550217 0.009153998
0.006632124 0.007418694 -0.000586703 0.009094070 0.009769936 0.005851569 0.006111717 0.006084769 0.006607375 0.007482194 -0.000623218 0.009076864 0.009668468 0.005904780 0.006094955 0.006079704 0.006606802 0.007436944 -0.000613585 0.009150876
0.006628270 0.007398912 -0.000649452 0.009090823 0.009770953 0.005859646 0.006109101 0.006074048 0.006603785 0.007461726 -0.000686312 0.009073767 0.009669190 0.005913354 0.006092171 0.006068032 0.006603221 0.007416134 -0.000676566 0.009147872
0.006624579 0.007380177 -0.000711803 0.009087682 0.009772044 0.005867760 0.006106595 0.006063569 0.006600364 0.007442319 -0.000749005 0.009070789 0.009669985 0.005921956 0.006089506 0.006056588 0.006599778 0.007396393 -0.000739147 0.009144987
0.006621050 0.007360926 -0.000773743 0.009084644 0.009773207 0.005875912 0.006104201 0.006053334 0.006597113 0.007422372 -0.000811285 0.009067930 0.009670851 0.005930589 0.006086962 0.006045374 0.006596475 0.007376085 -0.000801314 0.009142220
0.006617685 0.007342796 -0.000835259 0.009081711 0.009774445 0.005884102 0.006101918 0.006043345 0.006594031 0.007403561 -0.000873137 0.009065192 0.009671790 0.005939251 0.006084539 0.006034391 0.006593312 0.007356921 -0.000863055 0.009139573
0.006614482 0.007324093 -0.000896336 0.009078884 0.009775756 0.005892329 0.006099748 0.006033603 0.006591120 0.007384150 -0.000934548 0.009062574 0.009672802 0.005947943 0.006082238 0.006023641 0.006590288 0.007337128 -0.000924355 0.009137047
0.006611443 0.007306593 -0.000956962 0.009076161 0.009777144 0.005900594 0.006097691 0.006024111 0.006588378 0.007365961 -0.000995505 0.009060076 0.009673889 0.005956665 0.006080059 0.006013127 0.006587404 0.007318567 -0.000985200 0.009134640
0.006608568 0.007288451 -0.001017121 0.009073545 0.009778607 0.005908897 0.006095748 0.006014870 0.006585808 0.007347100 -0.001055992 0.009057700 0.009675050 0.005965417 0.006078003 0.006002849 0.006584661 0.007299303 -0.001045576 0.009132355
0.006605856 0.007271607 -0.001076800 0.009071036 0.009780146 0.005917237 0.006093919 0.006005882 0.006583407 0.007329559 -0.001115995 0.009055445 0.009676288 0.005974198 0.006076071 0.005992811 0.006582058 0.007281370 -0.001105468 0.009130189
0.006603308 0.007254039 -0.001135984 0.009068633 0.009781763 0.005925615 0.006092205 0.005997148 0.006581177 0.007311261 -0.001175500 0.009053312 0.009677601 0.005983009 0.006074263 0.005983013 0.006579596 0.007262647 -0.001164864 0.009128147
0.006600925 0.007237878 -0.001194659 0.009066338 0.009783458 0.005934031 0.006090605 0.005988671 0.006579117 0.007294394 -0.001234493 0.009051302 0.009678992 0.005991850 0.006072579 0.005973457 0.006577275 0.007245368 -0.001223746 0.009126225
0.006598706 0.007220894 -0.001252809 0.009064149 0.009785231 0.005942484 0.006089122 0.005980452 0.006577229 0.007276670 -0.001292958 0.009049413 0.009680460 0.006000720 0.006071020 0.005964145 0.006575095 0.007227197 -0.001282102 0.009124426
0.006596651 0.007205443 -0.001310420 0.009062069 0.009787084 0.005950975 0.006087754 0.005972493 0.006575511 0.007260505 -0.001350881 0.009047648 0.009682006 0.006009620 0.006069588 0.005955078 0.006573057 0.007210601 -0.001339915 0.009122749
0.006594761 0.007189053 -0.001367477 0.009060098 0.009789016 0.005959504 0.006086503 0.005964794 0.006573965 0.007243362 -0.001408246 0.009046006 0.009683631 0.006018550 0.006068280 0.005946258 0.006571160 0.007192988 -0.001397172 0.009121195
0.006593036 0.007174340 -0.001423964 0.009058236 0.009791030 0.005968070 0.006085368 0.005957358 0.006572589 0.007227928 -0.001465037 0.009044488 0.009685337 0.006027509 0.006067100 0.005937687 0.006569405 0.007177103 -0.001453855 0.009119766
0.006591475 0.007158549 -0.001479866 0.009056482 0.009793124 0.005976674 0.006084351 0.005950186 0.006571385 0.007211373 -0.001521240 0.009043095 0.009687122 0.006036498 0.006066047 0.005929365 0.006567791 0.007160054 -0.001509950 0.009118459
0.006590079 0.007144606 -0.001535168 0.009054839 0.009795301 0.005985316 0.006083453 0.005943279 0.006570351 0.007196701 -0.001576839 0.009041825 0.009688987 0.006045517 0.006065120 0.005921295 0.006566320 0.007144912 -0.001565442 0.009117276
0.006588848 0.007129416 -0.001589852 0.009053305 0.009797559 0.005993996 0.006082672 0.005936639 0.006569489 0.007180736 -0.001631816 0.009040681 0.009690936 0.006054565 0.006064322 0.005913477 0.006564990 0.007128428 -0.001620313 0.009116218
0.006587781 0.007116276 -0.001643904 0.009051882 0.009799902 0.006002713 0.006082010 0.005930268 0.006568797 0.007166860 -0.001686158 0.009039661 0.009692966 0.006063643 0.006063653 0.005905914 0.006563802 0.007114062 -0.001674549 0.009115284
0.006586880 0.007101686 -0.001697306 0.009050569 0.009802328 0.006011468 0.006081467 0.005924165 0.006568277 0.007151482 -0.001739846 0.009038767 0.009695080 0.006072751 0.006063112 0.005898606 0.006562757 0.007098141 -0.001728132 0.009114476
0.006586144 0.007089384 -0.001750043 0.009049367 0.009804840 0.006020261 0.006081043 0.005918333 0.006567928 0.007138439 -0.001792866 0.009037999 0.009697278 0.006081889 0.006062700 0.005891555 0.006561853 0.007084588 -0.001781047 0.009113793
0.006585573 0.007075389 -0.001802099 0.009048277 0.009807438 0.006029092 0.006080740 0.005912772 0.006567750 0.007123643 -0.001845199 0.009037357 0.009699560 0.006091056 0.006062418 0.005884761 0.006561093 0.007069222 -0.001833276 0.009113236
0.006585167 0.007063966 -0.001853455 0.009047299 0.009810121 0.006037960 0.006080556 0.005907485 0.006567743 0.007111473 -0.001896829 0.009036842 0.009701927 0.006100254 0.006062265 0.005878227 0.006560474 0.007056524 -0.001884803 0.009112804
0.006584925 0.007050552 -0.001904095 0.009046433 0.009812891 0.006046867 0.006080493 0.005902471 0.006567906 0.007097245 -0.001947739 0.009036453 0.009704381 0.006109480 0.006062244 0.005871953 0.006559997 0.007041699 -0.001935611 0.009112500
0.006584849 0.007040054 -0.001954002 0.009045679 0.009815750 0.006055811 0.006080552 0.005897733 0.006568240 0.007085996 -0.001997912 0.009036192 0.009706921 0.006118737 0.006062353 0.005865941 0.006559663 0.007029904 -0.001985682 0.009112321
0.006584937 0.007027201 -0.002003159 0.009045038 0.009818697 0.006064794 0.006080731 0.005893270 0.006568746 0.007072315 -0.002047330 0.009036058 0.009709549 0.006128024 0.006062593 0.005860190 0.006559471 0.007015598 -0.002035000 0.009112270
0.006585190 0.007017682 -0.002051548 0.009044510 0.009821733 0.006073814 0.006081032 0.005889085 0.006569421 0.007062042 -0.002095976 0.009036051 0.009712266 0.006137341 0.006062964 0.005854704 0.006559421 0.007004760 -0.002083546 0.009112346
0.006585607 0.007005361 -0.002099151 0.009044097 0.009824859 0.006082872 0.006081454 0.005885178 0.006570267 0.007048877 -0.002143831 0.009036173 0.009715071 0.006146687 0.006063468 0.005849482 0.006559514 0.006990942 -0.002131303 0.009112549
0.006586189 0.006996883 -0.002145950 0.009043797 0.009828076 0.006091969 0.006082000 0.005881549 0.006571283 0.007039645 -0.002190878 0.009036423 0.009717966 0.006156064 0.006064103 0.005844525 0.006559749 0.006981127 -0.002178253 0.009112881
0.006586935 0.006985052 -0.002191927 0.009043611 0.009831385 0.006101103 0.006082668 0.005878200 0.006572469 0.007026952 -0.002237099 0.009036802 0.009720952 0.006165470 0.006064872 0.005839834 0.006560125 0.006967750 -0.002224377 0.009113341
0.006587846 0.006977692 -0.002237063 0.009043540 0.009834785 0.006110277 0.006083458 0.005875131 0.006573824 0.007018839 -0.002282475 0.009037309 0.009724029 0.006174907 0.006065773 0.005835410 0.006560644 0.006959040 -0.002269657 0.009113928
0.006588921 0.006966291 -0.002281341 0.009043583 0.009838279 0.006119488 0.006084372 0.005872344 0.006575350 0.007006558 -0.002326987 0.009037947 0.009727199 0.006184374 0.006066807 0.005831255 0.006561305 0.006946040 -0.002314075 0.009114645
0.006590160 0.006960142 -0.002324742 0.009043742 0.009841867 0.006128737 0.006085409 0.005869838 0.006577044 0.006999660 -0.002370617 0.009038714 0.009730461 0.006193871 0.006067975 0.005827368 0.006562107 0.006938532 -0.002357611 0.009115491
0.006591562 0.006949092 -0.002367245 0.009044017 0.009845549 0.006138025 0.006086570 0.005867615 0.006578908 0.006987707 -0.002413346 0.009039611 0.009733817 0.006203398 0.006069276 0.005823750 0.006563052 0.006925825 -0.002400248 0.009116467
0.006593129 0.006944272 -0.002408834 0.009044407 0.009849327 0.006147352 0.006087855 0.005865675 0.006580941 0.006982144 -0.002455154 0.009040637 0.009737267 0.006212955 0.006070712 0.005820403 0.006564137 0.006919642 -0.002441966 0.009117572
0.006594858 0.006933463 -0.002449488 0.009044914 0.009853201 0.006156716 0.006089264 0.005864019 0.006583143 0.006970408 -0.002496023 0.009041795 0.009740813 0.006222543 0.006072282 0.005817326 0.006565365 0.006907112 -0.002482745 0.009118807
0.006596751 0.006930120 -0.002489187 0.009045537 0.009857172 0.006166120 0.006090797 0.005862647 0.006585514 0.006966335 -0.002535932 0.009043083 0.009744455 0.006232162 0.006073987 0.005814521 0.006566733 0.006902411 -0.002522566 0.009120172
0.006598806 0.006919405 -0.002527912 0.009046276 0.009861241 0.006175562 0.006092456 0.005861560 0.006588052 0.006954663 -0.002574862 0.009044502 0.009748194 0.006241811 0.006075826 0.005811987 0.006568242 0.006889901 -0.002561409 0.009121667
0.006601025 0.006917731 -0.002565644 0.009047133 0.009865409 0.006185043 0.006094239 0.005860758 0.006590758 0.006952276 -0.002612794 0.009046052 0.009752030 0.006251490 0.006077800 0.005809726 0.006569893 0.006886884 -0.002599255 0.009123294
0.006603406 0.006906911 -0.002602363 0.009048108 0.009869676 0.006194563 0.006096147 0.005860242 0.006593632 0.006940463 -0.002649707 0.009047734 0.009755966 0.006261200 0.006079910 0.005807738 0.006571684 0.006874185 -0.002636084 0.009125051
0.006605950 0.006907158 -0.002638047 0.009049200 0.009874043 0.006204121 0.006098181 0.005860012 0.006596674 0.006940020 -0.002685581 0.009049548 0.009760001 0.006270940 0.006082156 0.005806023 0.006573617 0.006873116 -0.002671876 0.009126939
0.006608655 0.006895964 -0.002672678 0.009050410 0.009878512 0.006213719 0.006100340 0.005860067 0.006599882 0.006927790 -0.002720395 0.009051493 0.009764136 0.006280712 0.006084537 0.005804582 0.006575689 0.006859941 -0.002706609 0.009128959
0.006611522 0.006898461 -0.002706234 0.009051739 0.009883082 0.006223356 0.006102625 0.005860410 0.006603257 0.006929633 -0.002754130 0.009053572 0.009768371 0.006290514 0.006087054 0.005803416 0.006577902 0.006861173 -0.002740265 0.009131111
0.006614551 0.006886528 -0.002738696 0.009053187 0.009887756 0.006233032 0.006105036 0.005861039 0.006606798 0.006916608 -0.002786765 0.009055783 0.009772710 0.006300348 0.006089707 0.005802523 0.006580255 0.006847134 -0.002772821 0.009133396
0.006617741 0.006891720 -0.002770042 0.009054753 0.009892534 0.006242747 0.006107573 0.005861956 0.006610505 0.006921196 -0.002818278 0.009058127 0.009777150 0.006310212 0.006092498 0.005801905 0.006582747 0.006851136 -0.002804258 0.009135812
0.006621091 0.006878546 -0.002800251 0.009056439 0.009897416 0.006252502 0.006110237 0.005863159 0.006614378 0.006906859 -0.002848649 0.009060604 0.009781695 0.006320108 0.006095424 0.005801562 0.006585379 0.006835703 -0.002834555 0.009138361
0.006624603 0.006887037 -0.002829303 0.009058245 0.009902403 0.006262296 0.006113027 0.005864650 0.006618416 0.006914812 -0.002877858 0.009063215 0.009786344 0.006330035 0.006098487 0.005801494 0.006588150 0.006843113 -0.002863691 0.009141043
0.006628274 0.006871933 -0.002857177 0.009060170 0.009907497 0.006272130 0.006115943 0.005866427 0.006622620 0.006898452 -0.002905882 0.009065960 0.009791099 0.006339993 0.006101688 0.005801701 0.006591060 0.006825553 -0.002891644 0.009143858
0.006632105 0.006884546 -0.002883851 0.009062216 0.009912698 0.006282004 0.006118987 0.005868492 0.006626987 0.006910622 -0.002932701 0.009068838 0.009795960 0.006349983 0.006105026 0.005802184 0.006594109 0.006837246 -0.002918394 0.009146806
0.006636096 0.006866554 -0.002909305 0.009064382 0.009918007 0.006291918 0.006122157 0.005870845 0.006631519 0.006891251 -0.002958293 0.009071851 0.009800929 0.006360005 0.006108501 0.005802942 0.006597296 0.006816546 -0.002943919 0.009149889
0.006640247 0.006884433 -0.002933516 0.009066669 0.009923426 0.006301872 0.006125455 0.005873484 0.006636214 0.006908818 -0.002982637 0.009074998 0.009806005 0.006370058 0.006112114 0.005803975 0.006600622 0.006833735 -0.002968198 0.009153104
0.006644555 0.006862214 -0.002956465 0.009069078 0.009928954 0.006311865 0.006128879 0.005876411 0.006641073 0.006885053 -0.003005712 0.009078280 0.009811191 0.006380143 0.006115864 0.005805284 0.006604085 0.006808469 -0.002991210 0.009156454
0.006649023 0.006886959 -0.002978128 0.009071607 0.009934593 0.006321900 0.006132432 0.005879624 0.006646094 0.006909668 -0.003027497 0.009081697 0.009816486 0.006390260 0.006119752 0.005806868 0.006607686 0.006832854 -0.003012933 0.009159939
0.006653648 0.006858620 -0.002998485 0.009074259 0.009940344 0.006331974 0.006136111 0.005883125 0.006651279 0.006879556 -0.003047968 0.009085250 0.009821893 0.006400410 0.006123778 0.005808728 0.006611424 0.006801014 -0.003033346 0.009163558
0.006658432 0.006892493 -0.003017515 0.009077032 0.009946208 0.006342089 0.006139919 0.005886912 0.006656624 0.006913557 -0.003067107 0.009088938 0.009827412 0.006410591 0.006127942 0.005810863 0.006615299 0.006835000 -0.003052427 0.009167313
0.006663373 0.006855338 -0.003035196 0.009079928 0.009952186 0.006352245 0.006143854 0.005890985 0.006662132 0.006874312 -0.003084890 0.009092762 0.009833043 0.006420806 0.006132245 0.005813273 0.006619311 0.006793717 -0.003070155 0.009171202
0.006668470 0.006901576 -0.003051506 0.009082946 0.009958277 0.006362442 0.006147916 0.005895345 0.006667800 0.006921042 -0.003101296 0.009096722 0.009838788 0.006431052 0.006136686 0.005815958 0.006623460 0.006840745 -0.003086508 0.009175227
0.006673724 0.006851716 -0.003066425 0.009086088 0.009964486 0.006372680 0.006152107 0.005899990 0.006673629 0.006868648 -0.003116304 0.009100819 0.009844649 0.006441331 0.006141265 0.005818917 0.006627744 0.006785886 -0.003101466 0.009179387
0.006679135 0.006914997 -0.003079930 0.009089353 0.009970810 0.006382959 0.006156426 0.005904920 0.006679619 0.006932940 -0.003129892 0.009105053 0.009850624 0.006451644 0.006145983 0.005822151 0.006632164 0.006850935 -0.003115006 0.009183684
0.006684701 0.006846777 -0.003092001 0.009092741 0.009977252 0.006393280 0.006160873 0.005910136 0.006685768 0.006861554 -0.003142040 0.009109423 0.009856717 0.006461989 0.006150839 0.005825659 0.006636719 0.006776480 -0.003127107 0.009188117
0.006690423 0.006933932 -0.003102616 0.009096254 0.009983813 0.006403643 0.006165449 0.005915636 0.006692076 0.006950469 -0.003152725 0.009113930 0.009862928 0.006472368 0.006155835 0.005829441 0.006641409 0.006866822 -0.003137749 0.009192686
0.006696299 0.006839030 -0.003111755 0.009099890 0.009990494 0.006414047 0.006170152 0.005921420 0.006698543 0.006851489 -0.003161928 0.009118575 0.009869257 0.006482780 0.006160969 0.005833496 0.006646234 0.006763910 -0.003146910 0.009197392
0.006702329 0.006960141 -0.003119396 0.009103651 0.009997294 0.006424493 0.006174984 0.005927487 0.006705168 0.006975452 -0.003169626 0.009123357 0.009875705 0.006493226 0.006166243 0.005837824 0.006651193 0.006890292 -0.003154570 0.009202234
0.006708514 0.006826184 -0.003125520 0.009107537 0.010004218 0.006434981 0.006179945 0.005933837 0.006711951 0.006836083 -0.003175800 0.009128278 0.009882276 0.006503705 0.006171655 0.005842425 0.006656286 0.006745737 -0.003160707 0.009207215
0.006714852 0.006996295 -0.003130105 0.009111548 0.010011263 0.006445512 0.006185034 0.005940470 0.006718890 0.007010656 -0.003180429 0.009133336 0.009888967 0.006514219 0.006177207 0.005847298 0.006661512 0.006924202 -0.003165301 0.009212333
0.006721343 0.006804658 -0.003133131 0.009115684 0.010018433 0.006456085 0.006190252 0.005947385 0.006725987 0.006811636 -0.003183492 0.009138534 0.009895782 0.006524767 0.006182898 0.005852442 0.006666872 0.006718145 -0.003168333 0.009217588
0.006727987 0.007046456 -0.003134578 0.009119947 0.010025726 0.006466701 0.006195598 0.005954580 0.006733240 0.007060295 -0.003184970 0.009143869 0.009902721 0.006535349 0.006188728 0.005857857 0.006672364 0.006972911 -0.003169782 0.009222982
0.006734784 0.006768779 -0.003134428 0.009124335 0.010033146 0.006477360 0.006201073 0.005962056 0.006740648 0.006772283 -0.003184843 0.009149345 0.009909785 0.006545966 0.006194698 0.005863543 0.006677988 0.006675092 -0.003169628 0.009228514
0.006741732 0.007071259 -0.003132659 0.009128849 0.010040693 0.006488062 0.006206677 0.005969812 0.006748211 0.007083684 -0.003183091 0.009154960 0.009916975 0.006556618 0.006200807 0.005869499 0.006683745 0.006994506 -0.003167852 0.009234183
0.006748831 0.006768303 -0.003129255 0.009133491 0.010048368 0.006498808 0.006212410 0.005977847 0.006755929 0.006769405 -0.003179696 0.009160713 0.009924293 0.006567304 0.006207056 0.005875724 0.006689633 0.006669453 -0.003164436 0.009239993
0.006756081 0.007071834 -0.003124195 0.009138259 0.010056172 0.006509597 0.006218271 0.005986159 0.006763801 0.007081958 -0.003174639 0.009166608 0.009931738 0.006578026 0.006213444 0.005882218 0.006695652 0.006990113 -0.003159360 0.009245941
0.006763481 0.006802920 -0.003117462 0.009143155 0.010064106 0.006520431 0.006224262 0.005994750 0.006771827 0.006802715 -0.003167903 0.009172642 0.009939313 0.006588783 0.006219973 0.005888980 0.006701802 0.006700964 -0.003152607 0.009252029
0.006771031 0.007106022 -0.003109039 0.009148179 0.010072172 0.006531308 0.006230381 0.006003616 0.006780006 0.007114934 -0.003159468 0.009178816 0.009947019 0.006599577 0.006226641 0.005896009 0.006708083 0.007021403 -0.003144159 0.009258256
0.006778731 0.006798423 -0.003098908 0.009153330 0.010080370 0.006542230 0.006236630 0.006012759 0.006788336 0.006795535 -0.003149319 0.009185132 0.009954856 0.006610406 0.006233449 0.005903305 0.006714493 0.006690671 -0.003133998 0.009264623
0.006786579 0.007102776 -0.003087053 0.009158609 0.010088702 0.006553197 0.006243008 0.006022176 0.006796819 0.007109109 -0.003137439 0.009191588 0.009962826 0.006621271 0.006240396 0.005910866 0.006721033 0.007012559 -0.003122110 0.009271131
0.006794575 0.006846559 -0.003073458 0.009164018 0.010097168 0.006564209 0.006249514 0.006031867 0.006805453 0.006842705 -0.003123813 0.009198185 0.009970930 0.006632173 0.006247484 0.005918692 0.006727702 0.006736271 -0.003108477 0.009277779
0.006802720 0.007149910 -0.003058108 0.009169555 0.010105771 0.006575266 0.006256151 0.006041831 0.006814238 0.007155374 -0.003108424 0.009204924 0.009979170 0.006643111 0.006254711 0.005926783 0.006734500 0.007057379 -0.003093085 0.009284567
0.006811012 0.006833142 -0.003040988 0.009175222 0.010114511 0.006586368 0.006262916 0.006052067 0.006823172 0.006826145 -0.003091258 0.009211806 0.009987546 0.006654087 0.006262079 0.005935137 0.006741426 0.006716073 -0.003075919 0.009291496
0.006819450 0.007138162 -0.003022085 0.009181019 0.010123389 0.006597517 0.006269810 0.006062574 0.006832257 0.007140591 -0.003072302 0.009218829 0.009996059 0.006665100 0.006269586 0.005943753 0.006748480 0.007039051 -0.003056965 0.009298567
0.006828035 0.006901192 -0.003001386 0.009186946 0.010132406 0.006608711 0.006276834 0.006073351 0.006841491 0.006893815 -0.003051543 0.009225994 0.010004712 0.006676151 0.006277234 0.005952631 0.006755661 0.006782637 -0.003036211 0.009305780
0.006836766 0.007204343 -0.002978879 0.009193002 0.010141565 0.006619952 0.006283987 0.006084396 0.006850872 0.007206489 -0.003028970 0.009233303 0.010013505 0.006687239 0.006285022 0.005961770 0.006762970 0.007103985 -0.003013644 0.009313134
0.006845643 0.006872122 -0.002954553 0.009199190 0.010150865 0.006631239 0.006291269 0.006095709 0.006860402 0.006860884 -0.003004569 0.009240755 0.010022439 0.006698366 0.006292950 0.005971168 0.006770405 0.006745293 -0.002989253 0.009320631
0.006854664 0.007177669 -0.002928397 0.009205509 0.010160308 0.006642574 0.006298681 0.006107289 0.006870079 0.007176068 -0.002978332 0.009248350 0.010031515 0.006709531 0.006301019 0.005980825 0.006777966 0.007069238 -0.002963029 0.009328269
0.006863829 0.006967284 -0.002900402 0.009211959 0.010169897 0.006653956 0.006306223 0.006119135 0.006879903 0.006956547 -0.002950250 0.009256088 0.010040736 0.006720735 0.006309228 0.005990740 0.006785653 0.006840601 -0.002934961 0.009336051
0.006873139 0.007265373 -0.002870561 0.009218542 0.010179630 0.006665385 0.006313893 0.006131244 0.006889873 0.007264206 -0.002920314 0.009263971 0.010050101 0.006731978 0.006317577 0.006000911 0.006793466 0.007157023 -0.002905043 0.009343976
0.006882592 0.006934542 -0.002838866 0.009225256 0.010189512 0.006676862 0.006321693 0.006143617 0.006899989 0.006919626 -0.002888517 0.009271998 0.010059613 0.006743261 0.006326066 0.006011339 0.006801403 0.006798849 -0.002873266 0.009352044
0.006892188 0.007239621 -0.002805311 0.009232103 0.010199541 0.006688389 0.006329623 0.006156252 0.006910250 0.007234558 -0.002854854 0.009280169 0.010069272 0.006754583 0.006334696 0.006022021 0.006809465 0.007122795 -0.002839625 0.009360256
0.006901925 0.007020310 -0.002769893 0.009239083 0.010209721 0.006699963 0.006337682 0.006169148 0.006920655 0.007005483 -0.002819319 0.009288486 0.010079081 0.006765945 0.006343467 0.006032957 0.006817651 0.006883887 -0.002804115 0.009368611
0.006911805 0.007322697 -0.002732606 0.009246197 0.010220051 0.006711586 0.006345871 0.006182303 0.006931204 0.007317828 -0.002781911 0.009296948 0.010089040 0.006777348 0.006352378 0.006044146 0.006825961 0.007205407 -0.002766734 0.009377112
0.006921827 0.006993060 -0.002693451 0.009253443 0.010230534 0.006723260 0.006354189 0.006195716 0.006941896 0.006974068 -0.002742626 0.009305555 0.010099151 0.006788792 0.006361430 0.006055586 0.006834393 0.006847543 -0.002727478 0.009385756
0.006931989 0.007297873 -0.002652425 0.009260824 0.010241170 0.006734982 0.006362638 0.006209387 0.006952731 0.007288959 -0.002701464 0.009314309 0.010109414 0.006800276 0.006370622 0.006067276 0.006842949 0.007171706 -0.002686348 0.009394546
0.006942291 0.007094821 -0.002609529 0.009268340 0.010251962 0.006746755 0.006371215 0.006223313 0.006963708 0.007076453 -0.002658426 0.009323209 0.010119833 0.006811803 0.006379955 0.006079216 0.006851627 0.006949544 -0.002643344 0.009403481
0.006952733 0.007396180 -0.002564766 0.009275991 0.010262909 0.006758579 0.006379923 0.006237493 0.006974827 0.007387997 -0.002613514 0.009332255 0.010130407 0.006823371 0.006389429 0.006091403 0.006860428 0.007270538 -0.002598468 0.009412562
0.006963315 0.007068759 -0.002518140 0.009283775 0.010274015 0.006770453 0.006388760 0.006251926 0.006986087 0.007046077 -0.002566733 0.009341449 0.010141139 0.006834981 0.006399043 0.006103838 0.006869349 0.006913976 -0.002551724 0.009421788
0.006974035 0.007372553 -0.002469656 0.009291697 0.010285281 0.006782379 0.006397727 0.006266611 0.006997487 0.007360182 -0.002518086 0.009350789 0.010152030 0.006846635 0.006408799 0.006116519 0.006878392 0.007237631 -0.002503118 0.009431161
0.006984894 0.007163455 -0.002419320 0.009299755 0.010296707 0.006794356 0.006406824 0.006281546 0.007009027 0.007141071 -0.002467582 0.009360277 0.010163080 0.006858331 0.006418695 0.006129444 0.006887556 0.007008194 -0.002452656 0.009440681
0.006995891 0.007464079 -0.002367142 0.009307949 0.010308295 0.006806386 0.006416051 0.006296731 0.007020705 0.007452117 -0.002415229 0.009369913 0.010174293 0.006870070 0.006428732 0.006142613 0.006896840 0.007328972 -0.002400346 0.009450347
0.007007025 0.007138562 -0.002313131 0.009316280 0.010320047 0.006818468 0.006425408 0.006312162 0.007032523 0.007111717 -0.002361037 0.009379699 0.010185668 0.006881854 0.006438910 0.006156024 0.006906244 0.006973386 -0.002346200 0.009460161
0.007018296 0.007441633 -0.002257299 0.009324748 0.010331964 0.006830603 0.006434895 0.006327840 0.007044479 0.007425339 -0.002305018 0.009389632 0.010197208 0.006893682 0.006449230 0.006169675 0.006915767 0.007296847 -0.002290228 0.009470122
0.007029703 0.007256240 -0.002199660 0.009333354 0.010344048 0.006842791 0.006444512 0.006343762 0.007056572 0.007230561 -0.002247186 0.009399715 0.010208915 0.006905555 0.006459690 0.006183567 0.006925410 0.007092226 -0.002232445 0.009480231
0.007041246 0.007553797 -0.002140229 0.009342099 0.010356301 0.006855034 0.006454259 0.006359928 0.007068803 0.007538732 -0.002187557 0.009409947 0.010220789 0.006917472 0.006470292 0.006197697 0.006935171 0.007410388 -0.002172865 0.009490490
0.007052924 0.007231636 -0.002079024 0.009350982 0.010368722 0.006867331 0.006464137 0.006376335 0.007081170 0.007201301 -0.002126147 0.009420330 0.010232832 0.006929436 0.006481035 0.006212064 0.006945051 0.007057194 -0.002111507 0.009500896
0.007064738 0.007532906 -0.002016063 0.009360004 0.010381316 0.006879682 0.006474144 0.006392983 0.007093672 0.007513371 -0.002062975 0.009430862 0.010245047 0.006941446 0.006491920 0.006226667 0.006955048 0.007379416 -0.002048389 0.009511452
0.007076686 0.007334210 -0.001951367 0.009369167 0.010394082 0.006892089 0.006484283 0.006409869 0.007106310 0.007304393 -0.001998063 0.009441545 0.010257434 0.006953502 0.006502945 0.006241505 0.006965163 0.007159568 -0.001983531 0.009522157
0.007088767 0.007631832 -0.001884958 0.009378469 0.010407023 0.006904551 0.006494551 0.006426993 0.007119083 0.007612935 -0.001931434 0.009452380 0.010269995 0.006965605 0.006514113 0.006256577 0.006975396 0.007478466 -0.001916957 0.009533012
0.007100983 0.007312312 -0.001816862 0.009387910 0.010420140 0.006917071 0.006504950 0.006444352 0.007131990 0.007277749 -0.001863111 0.009463366 0.010282732 0.006977756 0.006525422 0.006271880 0.006985744 0.007126938 -0.001848691 0.009544018
0.007113331 0.007612390 -0.001747105 0.009397495 0.010433435 0.006929646 0.006515480 0.006461946 0.007145029 0.007588886 -0.001793122 0.009474504 0.010295645 0.006989954 0.006536873 0.006287414 0.006996210 0.007448548 -0.001778758 0.009555173
0.007125812 0.007445062 -0.001675713 0.009407219 0.010446909 0.006942279 0.006526140 0.006479772 0.007158203 0.007412274 -0.001721494 0.009485793 0.010308738 0.007002201 0.006548466 0.006303178 0.007006791 0.007261925 -0.001707188 0.009566480
0.007138425 0.007733916 -0.001602718 0.009417086 0.010460564 0.006954970 0.006536932 0.006497830 0.007171509 0.007712036 -0.001648257 0.009497236 0.010322012 0.007014497 0.006560200 0.006319170 0.007017489 0.007572111 -0.001634010 0.009577939
0.007151169 0.007418729 -0.001528151 0.009427095 0.010474402 0.006967719 0.006547854 0.006516117 0.007184946 0.007380785 -0.001573443 0.009508832 0.010335468 0.007026843 0.006572077 0.006335389 0.007028301 0.007223903 -0.001559255 0.009589549
0.007164045 0.007716359 -0.001452045 0.009437247 0.010488424 0.006980526 0.006558907 0.006534633 0.007198516 0.007689743 -0.001497085 0.009520582 0.010349108 0.007039238 0.006584096 0.006351833 0.007039228 0.007543684 -0.001482957 0.009601312
0.007177051 0.007536608 -0.001374435 0.009447543 0.010502633 0.006993393 0.006570091 0.006553375 0.007212216 0.007499792 -0.001419220 0.009532485 0.010362934 0.007051684 0.006596257 0.006368502 0.007050271 0.007342652 -0.001405152 0.009613227
0.007190188 0.007829675 -0.001295357 0.009457982 0.010517029 0.007006321 0.006581407 0.006572342 0.007226046 0.007804317 -0.001339883 0.009544543 0.010376948 0.007064182 0.006608561 0.006385394 0.007061427 0.007658233 -0.001325875 0.009625295
0.007203454 0.007518462 -0.001214852 0.009468567 0.010531615 0.007019308 0.006592854 0.006591532 0.007240006 0.007476636 -0.001259114 0.009556755 0.010391152 0.007076730 0.006621007 0.006402507 0.007072697 0.007312970 -0.001245166 0.009637518
0.007216850 0.007813979 -0.001132957 0.009479295 0.010546394 0.007032357 0.006604433 0.006610944 0.007254095 0.007783758 -0.001176951 0.009569123 0.010405546 0.007089332 0.006633596 0.006419840 0.007084080 0.007631278 -0.001163064 0.009649893
0.007230375 0.007653112 -0.001049716 0.009490170 0.010561365 0.007045467 0.006616143 0.006630576 0.007268314 0.007613183 -0.001093438 0.009581648 0.010420133 0.007101986 0.006646328 0.006437393 0.007095577 0.007449973 -0.001079610 0.009662423
0.007244028 0.007943085 -0.000965170 0.009501190 0.010576531 0.007058640 0.006627985 0.006650427 0.007282660 0.007914898 -0.001008617 0.009594328 0.010434916 0.007114693 0.006659203 0.006455163 0.007107187 0.007763129 -0.000994849 0.009675109
0.007257810 0.007637209 -0.000879364 0.009512357 0.010591894 0.007071876 0.006639959 0.006670495 0.007297134 0.007592146 -0.000922533 0.009607164 0.010449896 0.007127454 0.006672221 0.006473149 0.007118909 0.007422138 -0.000908824 0.009687949
0.007271719 0.007929618 -0.000792344 0.009523671 0.010607457 0.007085174 0.006652065 0.006690778 0.007311735 0.007896450 -0.000835231 0.009620158 0.010465074 0.007140270 0.006685382 0.006491350 0.007130744 0.007738021 -0.000821581 0.009700945
0.007285756 0.007758317 -0.000704157 0.009535133 0.010623220 0.007098537 0.006664303 0.006711275 0.007326463 0.007714542 -0.000746758 0.009633310 0.010480453 0.007153141 0.006698687 0.006509765 0.007142690 0.007544293 -0.000733167 0.009714097
0.007299919 0.008045790 -0.000614850 0.009546743 0.010639186 0.007111965 0.006676674 0.006731985 0.007341317 0.008014052 -0.000657164 0.009646620 0.010496034 0.007166068 0.006712135 0.006528392 0.007154749 0.007855639 -0.000643630 0.009727405
0.007314208 0.007744544 -0.000524474 0.009558502 0.010655357 0.007125458 0.006689177 0.006752905 0.007356296 0.007695514 -0.000566497 0.009660088 0.010511821 0.007179051 0.006725728 0.006547229 0.007166918 0.007518201 -0.000553019 0.009740871
0.007328624 0.008034443 -0.000433077 0.009570410 0.010671734 0.007139017 0.006701814 0.006774033 0.007371401 0.007997612 -0.000474807 0.009673716 0.010527814 0.007192091 0.006739464 0.006566276 0.007179199 0.007832278 -0.000461385 0.009754495
0.007343166 0.007895141 -0.000340711 0.009582467 0.010688320 0.007152643 0.006714583 0.006795369 0.007386630 0.007848884 -0.000382146 0.009687502 0.010544015 0.007205189 0.006753345 0.006585532 0.007191590 0.007672808 -0.000368779 0.009768276
0.007357833 0.008174560 -0.000247429 0.009594676 0.010705116 0.007166335 0.006727486 0.006816911 0.007401984 0.008140446 -0.000288565 0.009701449 0.010560427 0.007218345 0.006767370 0.006604994 0.007204092 0.007976428 -0.000275252 0.009782216
0.007372624 0.007880061 -0.000153281 0.009607036 0.010722126 0.007180097 0.006740522 0.006838656 0.007417461 0.007828239 -0.000194118 0.009715556 0.010577052 0.007231560 0.006781540 0.006624662 0.007216704 0.007644616 -0.000180856 0.009796315
0.007387541 0.008165881 -0.000058322 0.009619546 0.010739351 0.007193926 0.006753691 0.006860605 0.007433061 0.008126573 -0.000098857 0.009729825 0.010593891 0.007244835 0.006795855 0.006644534 0.007229425 0.007955372 -0.000085646 0.009810572
0.007402581 0.008006195 0.000037396 0.009632209 0.010756792 0.007207825 0.006766995 0.006882753 0.007448785 0.007955976 -0.000002835 0.009744256 0.010610948 0.007258170 0.006810315 0.006664609 0.007242257 0.007772293 0.000010326 0.009824991
0.007417745 0.008286545 0.000133819 0.009645026 0.010774451 0.007221794 0.006780433 0.006905101 0.007464630 0.008248993 0.000093892 0.009758848 0.010628224 0.007271566 0.006824920 0.006684885 0.007255198 0.008078020 0.000107005 0.009839569
0.007433033 0.007997571 0.000230892 0.009657996 0.010792333 0.007235834 0.006794006 0.006927646 0.007480597 0.007941882 0.000191271 0.009773603 0.010645721 0.007285025 0.006839672 0.006705362 0.007268249 0.007750601 0.000204338 0.009854309
0.007448444 0.008280303 0.000328561 0.009671119 0.010810438 0.007249946 0.006807712 0.006950387 0.007496686 0.008237456 0.000289249 0.009788521 0.010663441 0.007298545 0.006854569 0.006726038 0.007281408 0.008059047 0.000302270 0.009869209
0.007463977 0.008158426 0.000426773 0.009684398 0.010828768 0.007264130 0.006821554 0.006973322 0.007512895 0.008106267 0.000387769 0.009803602 0.010681388 0.007312130 0.006869612 0.006746911 0.007294676 0.007916916 0.000400748 0.009884273
0.007479633 0.008426323 0.000525474 0.009697832 0.010847325 0.007278387 0.006835531 0.006996450 0.007529225 0.008386749 0.000486779 0.009818849 0.010699562 0.007325778 0.006884801 0.006767980 0.007308053 0.008210146 0.000499717 0.009899498
0.007495411 0.008145303 0.000624609 0.009711422 0.010866113 0.007292718 0.006849644 0.007019768 0.007545675 0.008087170 0.000586225 0.009834260 0.010717966 0.007339491 0.006900138 0.006789245 0.007321537 0.007889505 0.000599123 0.009914885
0.007511311 0.008423140 0.000724126 0.009725168 0.010885133 0.007307123 0.006863893 0.007043275 0.007562244 0.008378189 0.000686053 0.009849836 0.010736603 0.007353269 0.006915621 0.006810703 0.007335131 0.008193894 0.000698913 0.009930437
0.007527332 0.008280219 0.000823971 0.009739072 0.010904388 0.007321604 0.006878277 0.007066970 0.007578932 0.008224306 0.000786209 0.009865577 0.010755475 0.007367114 0.006931252 0.006832353 0.007348831 0.008027104 0.000799034 0.009946153
0.007543474 0.008551731 0.000924092 0.009753134 0.010923879 0.007336161 0.006892798 0.007090850 0.007595739 0.008509170 0.000886642 0.009881486 0.010774584 0.007381025 0.006947031 0.006854195 0.007362640 0.008325662 0.000899433 0.009962033
0.007559737 0.008277575 0.001024438 0.009767354 0.010943610 0.007350795 0.006907456 0.007114915 0.007612664 0.008216018 0.000987299 0.009897562 0.010793933 0.007395005 0.006962958 0.006876227 0.007376556 0.008010694 0.001000059 0.009978078
0.007576121 0.008551400 0.001124956 0.009781734 0.010963582 0.007365508 0.006922251 0.007139162 0.007629707 0.008503383 0.001088129 0.009913805 0.010813524 0.007409053 0.006979033 0.006898446 0.007390580 0.008311936 0.001100860 0.009994289
0.007592625 0.008439409 0.001225598 0.009796273 0.010983800 0.007380298 0.006937184 0.007163590 0.007646867 0.008381772 0.001189083 0.009930216 0.010833359 0.007423171 0.006995257 0.006920854 0.007404710 0.008178703 0.001201786 0.010010665
0.007609249 0.008704961 0.001326314 0.009810974 0.011004263 0.007395168 0.006952254 0.007188197 0.007664145 0.008661040 0.001290110 0.009946795 0.010853441 0.007437360 0.007011630 0.006943447 0.007418948 0.008472217 0.001302788 0.010027208
0.007625992 0.008440353 0.001427055 0.009825835 0.011024974 0.007410119 0.006967463 0.007212982 0.007681538 0.008377007 0.001391163 0.009963544 0.010873773 0.007451619 0.007028152 0.006966225 0.007433292 0.008165561 0.001403818 0.010043919
0.007642855 0.008708160 0.001527775 0.009840859 0.011045937 0.007425151 0.006982810 0.007237942 0.007699048 0.008658728 0.001492193 0.009980463 0.010894358 0.007465951 0.007044824 0.006989187 0.007447744 0.008461722 0.001504828 0.010060797
0.007659837 0.008565756 0.001628428 0.009856045 0.011067155 0.007440265 0.006998296 0.007263076 0.007716673 0.008504277 0.001593156 0.009997552 0.010915197 0.007480356 0.007061647 0.007012331 0.007462302 0.008292760 0.001605773 0.010077844
0.007676937 0.008827480 0.001728969 0.009871394 0.011088629 0.007455462 0.007013922 0.007288383 0.007734414 0.008780099 0.001694007 0.010014812 0.010936293 0.007494834 0.007078620 0.007035656 0.007476966 0.008583371 0.001706606 0.010095060
0.007694156 0.008569654 0.001829354 0.009886908 0.011110363 0.007470743 0.007029688 0.007313861 0.007752270 0.008502393 0.001794701 0.010032245 0.010957649 0.007509388 0.007095745 0.007059161 0.007491737 0.008282254 0.001807287 0.010112444
0.007711494 0.008833598 0.001929542 0.009902587 0.011132358 0.007486109 0.007045594 0.007339507 0.007770241 0.008780642 0.001895197 0.010049849 0.010979267 0.007524017 0.007113020 0.007082845 0.007506614 0.008575497 0.001907771 0.010129999
0.007728950 0.008757368 0.002029493 0.009918431 0.011154617 0.007501561 0.007061640 0.007365321 0.007788325 0.008696168 0.001995455 0.010067626 0.011001151 0.007538722 0.007130448 0.007106706 0.007521598 0.008480589 0.002008018 0.010147724
0.007746523 0.008980105 0.002129165 0.009934441 0.011177143 0.007517100 0.007077828 0.007391301 0.007806523 0.008931206 0.002095434 0.010085576 0.011023303 0.007553506 0.007148028 0.007130743 0.007536687 0.008728538 0.002107990 0.010165621
0.007764214 0.008732141 0.002228524 0.009950619 0.011199940 0.007532727 0.007094157 0.007417445 0.007824835 0.008662920 0.002195097 0.010103700 0.011045726 0.007568367 0.007165762 0.007154955 0.007551882 0.008435995 0.002207648 0.010183688
0.007782023 0.008989908 0.002327531 0.009966964 0.011223009 0.007548442 0.007110629 0.007443751 0.007843260 0.008935398 0.002294408 0.010121999 0.011068422 0.007583308 0.007183648 0.007179341 0.007567184 0.008724089 0.002306956 0.010201928
0.007799949 0.008910428 0.002426153 0.009983478 0.011246353 0.007564247 0.007127244 0.007470218 0.007861797 0.008846982 0.002393333 0.010140473 0.011091395 0.007598330 0.007201688 0.007203900 0.007582591 0.008624271 0.002405879 0.010220341
0.007817991 0.009143922 0.002524356 0.010000161 0.011269976 0.007580142 0.007144001 0.007496843 0.007880447 0.009094335 0.002491838 0.010159123 0.011114648 0.007613434 0.007219883 0.007228631 0.007598104 0.008886464 0.002504385 0.010238927
0.007836150 0.008907256 0.002622108 0.010017014 0.011293880 0.007596130 0.007160902 0.007523626 0.007899208 0.008836908 0.002589891 0.010177949 0.011138182 0.007628619 0.007238232 0.007253531 0.007613723 0.008603896 0.002602441 0.010257687
0.007854426 0.009157776 0.002719381 0.010034038 0.011318067 0.007612210 0.007177948 0.007550564 0.007918081 0.009102568 0.002687463 0.010196952 0.011162003 0.007643888 0.007256737 0.007278601 0.007629447 0.008885842 0.002700018 0.010276621
0.007872818 0.009056015 0.002816146 0.010051233 0.011342542 0.007628384 0.007195138 0.007577656 0.007937065 0.008989660 0.002784525 0.010216133 0.011186111 0.007659242 0.007275398 0.007303839 0.007645277 0.008758779 0.002797088 0.010295731
0.007891326 0.009297949 0.002912375 0.010068600 0.011367306 0.007644653 0.007212474 0.007604900 0.007956161 0.009246949 0.002881051 0.010235492 0.011210510 0.007674681 0.007294215 0.007329244 0.007661213 0.009032795 0.002893622 0.010315016
0.007909951 0.009071750 0.003008044 0.010086141 0.011392363 0.007661018 0.007229956 0.007632295 0.007975367 0.008999536 0.002977015 0.010255029 0.011235204 0.007690207 0.007313189 0.007354815 0.007677254 0.008759349 0.002989597 0.010334477
0.007928691 0.009315679 0.003103128 0.010103854 0.011417717 0.007677480 0.007247584 0.007659838 0.007994683 0.009259053 0.003072393 0.010274746 0.011260195 0.007705821 0.007332321 0.007380550 0.007693402 0.009035842 0.003084989 0.010354115
0.007947546 0.009230711 0.003197607 0.010121743 0.011443368 0.007694039 0.007265359 0.007687528 0.008014108 0.009163583 0.003167164 0.010294644 0.011285487 0.007721523 0.007351611 0.007406448 0.007709654 0.008926746 0.003179774 0.010373930
0.007966517 0.009464827 0.003291459 0.010139807 0.011469322 0.007710699 0.007283282 0.007715364 0.008033643 0.009413513 0.003261306 0.010314723 0.011311082 0.007737315 0.007371060 0.007432509 0.007726013 0.009194137 0.003273933 0.010393922
0.007985604 0.009250843 0.003384664 0.010158047 0.011495582 0.007727459 0.007301354 0.007743342 0.008053288 0.009177871 0.003354801 0.010334982 0.011336984 0.007753199 0.007390668 0.007458732 0.007742477 0.008931526 0.003367446 0.010414093
0.008004805 0.009486854 0.003477206 0.010176464 0.011522149 0.007744320 0.007319574 0.007771463 0.008073041 0.009429939 0.003447631 0.010355423 0.011363196 0.007769174 0.007410436 0.007485115 0.007759046 0.009201323 0.003460296 0.010434443
0.008024122 0.009393467 0.003569068 0.010195059 0.011549028 0.007761284 0.007337945 0.007799723 0.008092903 0.009324620 0.003539779 0.010376046 0.011389722 0.007785243 0.007430365 0.007511656 0.007775722 0.009080445 0.003552467 0.010454972
0.008043553 0.009620655 0.003660235 0.010213832 0.011576222 0.007778352 0.007356465 0.007828122 0.008112873 0.009568105 0.003631230 0.010396853 0.011416566 0.007801407 0.007450455 0.007538356 0.007792503 0.009342144 0.003643942 0.010475682
0.008063098 0.009417719 0.003750693 0.010232785 0.011603734 0.007795525 0.007375137 0.007856657 0.008132950 0.009343045 0.003721972 0.010417844 0.011443729 0.007817665 0.007470707 0.007565213 0.007809390 0.009089176 0.003734709 0.010496573
0.008082759 0.009646709 0.003840430 0.010251917 0.011631567 0.007812804 0.007393960 0.007885326 0.008153136 0.009588586 0.003811991 0.010439019 0.011471215 0.007834021 0.007491122 0.007592225 0.007826383 0.009353216 0.003824755 0.010517644
0.008102533 0.009587417 0.003929436 0.010271230 0.011659725 0.007830190 0.007412937 0.007914128 0.008173428 0.009519647 0.003901277 0.010460379 0.011499029 0.007850476 0.007511700 0.007619393 0.007843482 0.009271218 0.003914069 0.010538897
0.008122423 0.009804573 0.004017699 0.010290725 0.011688210 0.007847686 0.007432066 0.007943061 0.008193827 0.009753604 0.003989819 0.010481924 0.011527172 0.007867029 0.007532442 0.007646714 0.007860688 0.009524241 0.004002641 0.010560332
0.008142426 0.009616774 0.004105212 0.010310402 0.011717028 0.007865292 0.007451349 0.007972124 0.008214333 0.009543250 0.004077609 0.010503655 0.011555650 0.007883683 0.007553349 0.007674187 0.007877999 0.009284968 0.004090463 0.010581950
0.008162542 0.009835585 0.004191966 0.010330263 0.011746180 0.007883009 0.007470787 0.008001314 0.008234945 0.009779131 0.004164639 0.010525574 0.011584466 0.007900439 0.007574421 0.007701813 0.007895417 0.009540222 0.004177527 0.010603751
0.008182773 0.009738739 0.004277955 0.010350307 0.011775672 0.007900838 0.007490380 0.008030629 0.008255662 0.009668138 0.004250904 0.010547679 0.011613623 0.007917298 0.007595659 0.007729589 0.007912940 0.009410438 0.004263825 0.010625737
0.008203118 0.009949938 0.004363174 0.010370537 0.011805505 0.007918781 0.007510130 0.008060067 0.008276486 0.009896675 0.004336395 0.010569973 0.011643126 0.007934261 0.007617065 0.007757514 0.007930570 0.009658853 0.004349353 0.010647906
0.008223576 0.009776684 0.004447618 0.010390951 0.011835684 0.007936839 0.007530037 0.008089628 0.008297415 0.009700835 0.004421111 0.010592454 0.011672976 0.007951330 0.007638638 0.007785588 0.007948307 0.009433691 0.004434105 0.010670261
0.008244148 0.009988953 0.004531282 0.010411552 0.011866212 0.007955014 0.007550102 0.008119308 0.008318448 0.009930720 0.004505046 0.010615125 0.011703179 0.007968507 0.007660380 0.007813809 0.007966151 0.009683792 0.004518080 0.010692799
0.008264833 0.009965053 0.004614166 0.010432341 0.011897094 0.007973307 0.007570325 0.008149106 0.008339587 0.009899397 0.004588198 0.010637986 0.011733739 0.007985792 0.007682291 0.007842177 0.007984101 0.009641705 0.004601271 0.010715526
0.008285631 0.010132761 0.004696264 0.010453317 0.011928331 0.007991719 0.007590709 0.008179020 0.008360829 0.010081423 0.004670565 0.010661036 0.011764658 0.008003186 0.007704372 0.007870689 0.008002157 0.009840119 0.004683679 0.010738437
0.008306543 0.009970383 0.004777578 0.010474482 0.011959930 0.008010251 0.007611252 0.008209048 0.008382176 0.009895549 0.004752145 0.010684277 0.011795941 0.008020693 0.007726624 0.007899346 0.008020322 0.009623293 0.004765302 0.010761536
0.008327568 0.010172488 0.004858106 0.010495837 0.011991893 0.008028906 0.007631958 0.008239188 0.008403626 0.010115842 0.004832938 0.010707710 0.011827592 0.008038311 0.007749048 0.007928146 0.008038593 0.009864764 0.004846139 0.010784822
0.008348706 0.010144196 0.004937848 0.010517381 0.012024224 0.008047684 0.007652825 0.008269439 0.008425180 0.010078914 0.004912945 0.010731334 0.011859615 0.008056044 0.007771644 0.007957089 0.008056972 0.009815331 0.004926190 0.010808295
0.008369956 0.010322443 0.005016804 0.010539117 0.012056926 0.008066587 0.007673855 0.008299797 0.008446837 0.010274391 0.004992164 0.010755151 0.011892014 0.008073892 0.007794414 0.007986172 0.008075459 0.010031091 0.005005455 0.010831957
0.008391320 0.010177579 0.005094977 0.010561045 0.012090005 0.008085617 0.007695050 0.008330260 0.008468595 0.010105606 0.005070598 0.010779160 0.011924792 0.008091857 0.007817359 0.008015395 0.008094053 0.009830252 0.005083937 0.010855807
0.008412796 0.010367518 0.005172367 0.010583165 0.012123464 0.008104774 0.007716410 0.008360829 0.008490457 0.010314336 0.005148249 0.010803362 0.011957956 0.008109940 0.007840478 0.008044757 0.008112755 0.010061219 0.005161636 0.010879846
0.008434384 0.010309108 0.005248976 0.010605479 0.012157307 0.008124061 0.007737936 0.008391499 0.008512421 0.010242410 0.005225118 0.010827758 0.011991506 0.008128144 0.007863773 0.008074258 0.008131566 0.009970319 0.005238554 0.010904076
0.008456086 0.010488888 0.005324809 0.010627987 0.012191537 0.008143478 0.007759628 0.008422268 0.008534485 0.010441292 0.005301209 0.010852349 0.012025449 0.008146469 0.007887245 0.008103894 0.008150483 0.010192079 0.005314696 0.010928494
0.008477899 0.010357508 0.005399866 0.010650690 0.012226160 0.008163028 0.007781488 0.008453134 0.008556652 0.010285509 0.005376524 0.010877134 0.012059789 0.008164916 0.007910896 0.008133667 0.008169510 0.010003154 0.005390062 0.010953103
0.008499825 0.010538338 0.005474153 0.010673588 0.012261179 0.008182712 0.007803518 0.008484097 0.008578920 0.010485765 0.005451066 0.010902115 0.012094530 0.008183489 0.007934725 0.008163574 0.008188646 0.010226691 0.005464658 0.010977902
0.008521863 0.010527379 0.005547672 0.010696683 0.012296598 0.008202531 0.007825717 0.008515152 0.008601287 0.010466729 0.005524841 0.010927292 0.012129677 0.008202188 0.007958733 0.008193614 0.008207890 0.010195391 0.005538486 0.011002893
0.008544013 0.010679900 0.005620427 0.010719975 0.012332423 0.008222488 0.007848088 0.008546298 0.008623756 0.010636945 0.005597851 0.010952664 0.012165233 0.008221013 0.007982924 0.008223787 0.008227244 0.010386986 0.005611551 0.011028075
0.008566275 0.010567605 0.005692423 0.010743464 0.012368655 0.008242583 0.007870630 0.008577533 0.008646324 0.010499832 0.005670100 0.010978232 0.012201203 0.008239970 0.008007294 0.008254092 0.008246707 0.010215568 0.005683856 0.011053449
0.008588649 0.010734828 0.005763664 0.010767153 0.012405301 0.008262819 0.007893346 0.008608854 0.008668992 0.010687149 0.005741594 0.011003998 0.012237592 0.008259056 0.008031849 0.008284526 0.008266279 0.010427373 0.005755407 0.011079013
0.008611135 0.010701298 0.005834155 0.010791040 0.012442365 0.008283196 0.007916235 0.008640259 0.008691759 0.010640644 0.005812336 0.011029961 0.012274404 0.008278276 0.008056586 0.008315090 0.008285962 0.010361905 0.005826208 0.011104771
0.008633733 0.010856426 0.005903901 0.010815128 0.012479851 0.008303718 0.007939300 0.008671745 0.008714625 0.010816213 0.005882333 0.011056121 0.012311644 0.008297630 0.008081508 0.008345781 0.008305755 0.010562711 0.005896263 0.011130721
0.008656442 0.010760359 0.005972906 0.010839416 0.012517762 0.008324385 0.007962542 0.008703310 0.008737588 0.010694864 0.005951588 0.011082480 0.012349317 0.008317119 0.008106615 0.008376599 0.008325657 0.010405893 0.005965579 0.011156864
0.008679262 0.010916082 0.006041176 0.010863905 0.012556106 0.008345199 0.007985961 0.008734952 0.008760651 0.010871386 0.006020107 0.011109036 0.012387427 0.008336747 0.008131910 0.008407542 0.008345669 0.010608124 0.006034159 0.011183199
0.008702194 0.010909618 0.006108715 0.010888596 0.012594884 0.008366161 0.008009558 0.008766668 0.008783810 0.010855179 0.006087895 0.011135792 0.012425978 0.008356513 0.008157392 0.008438610 0.008365793 0.010576910 0.006102009 0.011209728
0.008725237 0.011049096 0.006175530 0.010913490 0.012634102 0.008387274 0.008033334 0.008798455 0.008807067 0.011015822 0.006154957 0.011162746 0.012464977 0.008376422 0.008183063 0.008469801 0.008386028 0.010764145 0.006169135 0.011236450
0.008748392 0.010974643 0.006241624 0.010938588 0.012673765 0.008408540 0.008057293 0.008830310 0.008830420 0.010915701 0.006221299 0.011189899 0.012504427 0.008396474 0.008208923 0.008501114 0.008406374 0.010627326 0.006235541 0.011263366
0.008771656 0.011114408 0.006307004 0.010963889 0.012713878 0.008429960 0.008081432 0.008862232 0.008853870 0.011077008 0.006286925 0.011217251 0.012544333 0.008416670 0.008234974 0.008532548 0.008426831 0.010815736 0.006301234 0.011290475
0.008795032 0.011085900 0.006371676 0.010989394 0.012754444 0.008451536 0.008105755 0.008894217 0.008877415 0.011031820 0.006351842 0.011244804 0.012584701 0.008437013 0.008261218 0.008564101 0.008447400 0.010745823 0.006366217 0.011317777
0.008818518 0.011216042 0.006435643 0.011015105 0.012795470 0.008473270 0.008130263 0.008926263 0.008901056 0.011183892 0.006416054 0.011272556 0.012625536 0.008457506 0.008287653 0.008595772 0.008468081 0.010925765 0.006430497 0.011345274
0.008842116 0.011165044 0.006498912 0.011041021 0.012836958 0.008495163 0.008154956 0.008958366 0.008924792 0.011108943 0.006479567 0.011300508 0.012666842 0.008478148 0.008314284 0.008627559 0.008488875 0.010815935 0.006494079 0.011372964
0.008865823 0.011292907 0.006561487 0.011067144 0.012878915 0.008517219 0.008179836 0.008990523 0.008948622 0.011259132 0.006542386 0.011328659 0.012708625 0.008498943 0.008341108 0.008659462 0.008509780 0.010994600 0.006556969 0.011400848
0.008889641 0.011303620 0.006623375 0.011093473 0.012921345 0.008539437 0.008204903 0.009022733 0.008972547 0.011260383 0.006604517 0.011357011 0.012750890 0.008519893 0.008368129 0.008691479 0.008530799 0.010980596 0.006619170 0.011428925
0.008913568 0.011413404 0.006684579 0.011120009 0.012964254 0.008561822 0.008230161 0.009054991 0.008996564 0.011392900 0.006665964 0.011385564 0.012793642 0.008540998 0.008395348 0.008723608 0.008551931 0.011142609 0.006680690 0.011457196
0.008937606 0.011379270 0.006745106 0.011146754 0.013007645 0.008584373 0.008255608 0.009087295 0.009020675 0.011332272 0.006726732 0.011414316 0.012836886 0.008562262 0.008422764 0.008755849 0.008573175 0.011042763 0.006741532 0.011485661
0.008961753 0.011488716 0.006804959 0.011173707 0.013051526 0.008607094 0.008281249 0.009119642 0.009044878 0.011464871 0.006786827 0.011443269 0.012880627 0.008583687 0.008450381 0.008788198 0.008594534 0.011205454 0.006801702 0.011514320
0.008986010 0.011484227 0.006864145 0.011200867 0.013095899 0.008629986 0.008307081 0.009152028 0.009069173 0.011442314 0.006846254 0.011472421 0.012924871 0.008605274 0.008478197 0.008820657 0.008616006 0.011155252 0.006861204 0.011543172
0.009010375 0.011583962 0.006922667 0.011228237 0.013140770 0.008653052 0.008333108 0.009184449 0.009093559 0.011565633 0.006905016 0.011501774 0.012969624 0.008627025 0.008506216 0.008853220 0.008637593 0.011309518 0.006920044 0.011572217
0.009034851 0.011575808 0.006980531 0.011255817 0.013186145 0.008676294 0.008359331 0.009216903 0.009118036 0.011534709 0.006963120 0.011531327 0.013014891 0.008648943 0.008534437 0.008885890 0.008659294 0.011244048 0.006978227 0.011601455
0.009059434 0.011670440 0.007037741 0.011283606 0.013232027 0.008699713 0.008385750 0.009249385 0.009142604 0.011653369 0.007020569 0.011561080 0.013060677 0.008671030 0.008562863 0.008918663 0.008681109 0.011394411 0.007035756 0.011630884
0.009084126 0.011690668 0.007094302 0.011311606 0.013278425 0.008723312 0.008412369 0.009281893 0.009167260 0.011660354 0.007077369 0.011591032 0.013106988 0.008693288 0.008591493 0.008951537 0.008703040 0.011380064 0.007092637 0.011660507
0.009108927 0.011769594 0.007150217 0.011339816 0.013325340 0.008747093 0.008439186 0.009314422 0.009192005 0.011763763 0.007133523 0.011621184 0.013153830 0.008715719 0.008620330 0.008984512 0.008725085 0.011516237 0.007148873 0.011690321
0.009133835 0.011775851 0.007205491 0.011368237 0.013372780 0.008771058 0.008466206 0.009346970 0.009216839 0.011742683 0.007189035 0.011651535 0.013201207 0.008738325 0.008649374 0.009017584 0.008747246 0.011453310 0.007204469 0.011720328
0.009158852 0.011853738 0.007260129 0.011396869 0.013420749 0.008795209 0.008493426 0.009379532 0.009241760 0.011845519 0.007243910 0.011682085 0.013249126 0.008761109 0.008678626 0.009050753 0.008769522 0.011589605 0.007259430 0.011750524
0.009183975 0.011888491 0.007314134 0.011425712 0.013469254 0.008819549 0.008520851 0.009412103 0.009266768 0.011869656 0.007298151 0.011712833 0.013297593 0.008784072 0.008708089 0.009084016 0.008791915 0.011595754 0.007313759 0.011780911
0.009209205 0.011946961 0.007367510 0.011454768 0.013518298 0.008844079 0.008548481 0.009444682 0.009291862 0.011953556 0.007351764 0.011743780 0.013346613 0.008807217 0.008737762 0.009117371 0.008814424 0.011714332 0.007367460 0.011811488
0.009234543 0.011978916 0.007420260 0.011484033 0.013567887 0.008868803 0.008576318 0.009477261 0.009317041 0.011957855 0.007404751 0.011774925 0.013396193 0.008830547 0.008767648 0.009150817 0.008837049 0.011675403 0.007420536 0.011842255
0.009259987 0.012035859 0.007472389 0.011513512 0.013618029 0.008893722 0.008604362 0.009509839 0.009342305 0.012040719 0.007457116 0.011806266 0.013446338 0.008854063 0.008797746 0.009184352 0.008859791 0.011793703 0.007472992 0.011873210
0.009285537 0.012078999 0.007523900 0.011543201 0.013668725 0.008918838 0.008632615 0.009542410 0.009367653 0.012067220 0.007508862 0.011837804 0.013497054 0.008877769 0.008828059 0.009217973 0.008882650 0.011792908 0.007524831 0.011904352
0.009311192 0.012122098 0.007574796 0.011573103 0.013719984 0.008944155 0.008661079 0.009574970 0.009393084 0.012136749 0.007559993 0.011869539 0.013548346 0.008901667 0.008858587 0.009251678 0.008905626 0.011898995 0.007576057 0.011935682
0.009336953 0.012173016 0.007625080 0.011603217 0.013771812 0.008969673 0.008689755 0.009607514 0.009418597 0.012159557 0.007610512 0.011901467 0.013600222 0.008925758 0.008889331 0.009285466 0.008928719 0.011877188 0.007626671 0.011967198
0.009362819 0.012214203 0.007674756 0.011633542 0.013824211 0.008995397 0.008718644 0.009640039 0.009444191 0.012227694 0.007660421 0.011933591 0.013652686 0.008950046 0.008920293 0.009319332 0.008951930 0.011982700 0.007676679 0.011998899
0.009388788 0.012264520 0.007723826 0.011664080 0.013877188 0.009021328 0.008747748 0.009672537 0.009469866 0.012274534 0.007709725 0.011965909 0.013705745 0.008974533 0.008951475 0.009353277 0.008975259 0.012021425 0.007726082 0.012030785
0.009414862 0.012291496 0.007772292 0.011694828 0.013930749 0.009047468 0.008777069 0.009705007 0.009495620 0.012320222 0.007758425 0.011998420 0.013759406 0.008999222 0.008982875 0.009387297 0.008998705 0.012092631 0.007774883 0.012062853
0.009441040 0.012368122 0.007820158 0.011725788 0.013984901 0.009073822 0.008806608 0.009737440 0.009521453 0.012368424 0.007806524 0.012031122 0.013813674 0.009024114 0.009014498 0.009421388 0.009022270 0.012094783 0.007823085 0.012095104
0.009467319 0.012387314 0.007867427 0.011756959 0.014039647 0.009100390 0.008836364 0.009769834 0.009547363 0.012415648 0.007854025 0.012064015 0.013868555 0.009049213 0.009046342 0.009455550 0.009045953 0.012181620 0.007870691 0.012127535
0.009493701 0.012443975 0.007914100 0.011788342 0.014094993 0.009127175 0.008866343 0.009802181 0.009573350 0.012467920 0.007900930 0.012097099 0.013924057 0.009074523 0.009078410 0.009489777 0.009069755 0.012224100 0.007917703 0.012160147
0.009520185 0.012449744 0.007960180 0.011819934 0.014150945 0.009154180 0.008896543 0.009834478 0.009599412 0.012496128 0.007947242 0.012130371 0.013980184 0.009100044 0.009110703 0.009524071 0.009093676 0.012283973 0.007964123 0.012192937
0.009546771 0.012555380 0.008005668 0.011851737 0.014207510 0.009181407 0.008926965 0.009866717 0.009625548 0.012573102 0.007992961 0.012163831 0.014036942 0.009125780 0.009143220 0.009558425 0.009117715 0.012313439 0.008009953 0.012225903
0.009573457 0.012549030 0.008050567 0.011883750 0.014264692 0.009208861 0.008957613 0.009898894 0.009651758 0.012595927 0.008038091 0.012197477 0.014094340 0.009151733 0.009175965 0.009592838 0.009141874 0.012378351 0.008055196 0.012259044
0.009600243 0.012627424 0.008094880 0.011915972 0.014322496 0.009236542 0.008988488 0.009931003 0.009678040 0.012663197 0.008082634 0.012231308 0.014152383 0.009177908 0.009208937 0.009627306 0.009166151 0.012424986 0.008099853 0.012292359
0.009627127 0.012598163 0.008138606 0.011948401 0.014380929 0.009264454 0.009019590 0.009963037 0.009704392 0.012663707 0.008126590 0.012265322 0.014211075 0.009204306 0.009242138 0.009661827 0.009190548 0.012469184 0.008143926 0.012325847
0.009654111 0.012733218 0.008181749 0.011981039 0.014439996 0.009292600 0.009050922 0.009994989 0.009730815 0.012769886 0.008169962 0.012299518 0.014270426 0.009230929 0.009275569 0.009696397 0.009215064 0.012526374 0.008187416 0.012359504
0.009681192 0.012700128 0.008224308 0.012013885 0.014499702 0.009320982 0.009082483 0.010026854 0.009757305 0.012767178 0.008212752 0.012333894 0.014330439 0.009257782 0.009309230 0.009731012 0.009239701 0.012568411 0.008230326 0.012393329
0.009708370 0.012806742 0.008266288 0.012046937 0.014560054 0.009349603 0.009114277 0.010058626 0.009783864 0.012857474 0.008254959 0.012368448 0.014391123 0.009284867 0.009343123 0.009765670 0.009264456 0.012629264 0.008272656 0.012427321
0.009735645 0.012755374 0.008307686 0.012080193 0.014621056 0.009378466 0.009146304 0.010090296 0.009810487 0.012837116 0.008296586 0.012403180 0.014452483 0.009312186 0.009377250 0.009800366 0.009289331 0.012655190 0.008314408 0.012461477
0.009763015 0.012914409 0.008348507 0.012113656 0.014682713 0.009407574 0.009178566 0.010121859 0.009837175 0.012966938 0.008337634 0.012438086 0.014514525 0.009339744 0.009411610 0.009835098 0.009314326 0.012734512 0.008355584 0.012495794
0.009790478 0.012858583 0.008388749 0.012147321 0.014745032 0.009436931 0.009211063 0.010153307 0.009863926 0.012942764 0.008378103 0.012473164 0.014577257 0.009367543 0.009446204 0.009869860 0.009339441 0.012757770 0.008396183 0.012530272
0.009818036 0.012934739 0.008428414 0.012181190 0.014808017 0.009466538 0.009243799 0.010184632 0.009890738 0.013014775 0.008417996 0.012508413 0.014640683 0.009395587 0.009481034 0.009904651 0.009364675 0.012819353 0.008436208 0.012564907
0.009845686 0.012867349 0.008467504 0.012215259 0.014871675 0.009496399 0.009276774 0.010215827 0.009917609 0.012975506 0.008457311 0.012543830 0.014704810 0.009423878 0.009516101 0.009939464 0.009390029 0.012822636 0.008475658 0.012599697
0.009873428 0.013061451 0.008506019 0.012249528 0.014936008 0.009526517 0.009309988 0.010246885 0.009944540 0.013140348 0.008496052 0.012579414 0.014769646 0.009452419 0.009551406 0.009974295 0.009415503 0.012935474 0.008514534 0.012634639
0.009901261 0.012971823 0.008543958 0.012283998 0.015001024 0.009556896 0.009343445 0.010277797 0.009971526 0.013083707 0.008534215 0.012615160 0.014835195 0.009481215 0.009586949 0.010009143 0.009441096 0.012929472 0.008552838 0.012669730
0.009929182 0.013125204 0.008581323 0.012318663 0.015066728 0.009587538 0.009377146 0.010308554 0.009998568 0.013218442 0.008571805 0.012651067 0.014901464 0.009510268 0.009622730 0.010043999 0.009466810 0.013029336 0.008590569 0.012704968
0.009957192 0.013017578 0.008618114 0.012353525 0.015133124 0.009618447 0.009411090 0.010339150 0.010025663 0.013144495 0.008608820 0.012687133 0.014968459 0.009539581 0.009658753 0.010078860 0.009492642 0.013007739 0.008627729 0.012740348
0.009985290 0.013222332 0.008654332 0.012388580 0.015200216 0.009649625 0.009445281 0.010369575 0.010052809 0.013322470 0.008645261 0.012723354 0.015036187 0.009569158 0.009695015 0.010113724 0.009518594 0.013136789 0.008664316 0.012775869
0.010013473 0.013105375 0.008689975 0.012423828 0.015268010 0.009681077 0.009479718 0.010399820 0.010080005 0.013239904 0.008681127 0.012759726 0.015104652 0.009599003 0.009731519 0.010148582 0.009544667 0.013108044 0.008700333 0.012811528
0.010041741 0.013217725 0.008725045 0.012459267 0.015336511 0.009712804 0.009514404 0.010429876 0.010107248 0.013344751 0.008716419 0.012796248 0.015173862 0.009629118 0.009768265 0.010183431 0.009570858 0.013195944 0.008735778 0.012847318
0.010070092 0.013068684 0.008759542 0.012494895 0.015405723 0.009744812 0.009549339 0.010459733 0.010134537 0.013230820 0.008751137 0.012832916 0.015243822 0.009659508 0.009805255 0.010218265 0.009597167 0.013138115 0.008770651 0.012883240
0.010098525 0.013327798 0.008793466 0.012530709 0.015475649 0.009777103 0.009584526 0.010489382 0.010161869 0.013460523 0.008785281 0.012869727 0.015314537 0.009690177 0.009842487 0.010253079 0.009623596 0.013312753 0.008804954 0.012919287
0.010127039 0.013171352 0.008826815 0.012566707 0.015546296 0.009809680 0.009619964 0.010518813 0.010189244 0.013339937 0.008818851 0.012906675 0.015386013 0.009721126 0.009879963 0.010287868 0.009650143 0.013249773 0.008838684 0.012955457
0.010155631 0.013408137 0.008859590 0.012602888 0.015617667 0.009842548 0.009655656 0.010548016 0.010216656 0.013551852 0.008851845 0.012943760 0.015458257 0.009752361 0.009917685 0.010322625 0.009676808 0.013414085 0.008871842 0.012991744
0.010184302 0.013238391 0.008891790 0.012639248 0.015689764 0.009875709 0.009691603 0.010576979 0.010244107 0.013418731 0.008884263 0.012980975 0.015531273 0.009783885 0.009955651 0.010357344 0.009703592 0.013340320 0.008904429 0.013028146
0.010213048 0.013400237 0.008923416 0.012675785 0.015762592 0.009909167 0.009727806 0.010605694 0.010271592 0.013568804 0.008916106 0.013018318 0.015605066 0.009815702 0.009993862 0.010392019 0.009730494 0.013465053 0.008936442 0.013064655
0.010241869 0.013201160 0.008954465 0.012712497 0.015836155 0.009942926 0.009764265 0.010634148 0.010299110 0.013407119 0.008947372 0.013055783 0.015679643 0.009847816 0.010032320 0.010426644 0.009757512 0.013365091 0.008967882 0.013101271
0.010270762 0.013506670 0.008984938 0.012749380 0.015910456 0.009976991 0.009800984 0.010662330 0.010326657 0.013683094 0.008978061 0.013093366 0.015755005 0.009880231 0.010071024 0.010461212 0.009784648 0.013583648 0.008998748 0.013137986
0.010299726 0.013298569 0.009014835 0.012786433 0.015985498 0.010011363 0.009837960 0.010690229 0.010354232 0.013513192 0.009008173 0.013131063 0.015831161 0.009912950 0.010109975 0.010495717 0.009811901 0.013477178 0.009029038 0.013174796
0.010328759 0.013494630 0.009044153 0.012823651 0.016061282 0.010046046 0.009875197 0.010717832 0.010381832 0.013695476 0.009037705 0.013168870 0.015908115 0.009945978 0.010149172 0.010530150 0.009839269 0.013629675 0.009058754 0.013211695
0.010357860 0.013258040 0.009072891 0.012861030 0.016137812 0.010081047 0.009912696 0.010745127 0.010409454 0.013497883 0.009066657 0.013206781 0.015985869 0.009979319 0.010188616 0.010564506 0.009866754 0.013498181 0.009087893 0.013248680
0.010387025 0.013596728 0.009101051 0.012898569 0.016215092 0.010116367 0.009950455 0.010772102 0.010437096 0.013807053 0.009095028 0.013244791 0.016064430 0.010012976 0.010228307 0.010598776 0.009894352 0.013750623 0.009116454 0.013285742
0.010416253 0.013349865 0.009128628 0.012936262 0.016293118 0.010152010 0.009988479 0.010798743 0.010464754 0.013600030 0.009122817 0.013282894 0.016143799 0.010046955 0.010268245 0.010632953 0.009922067 0.013614143 0.009144437 0.013322878
0.010445543 0.013518301 0.009155624 0.012974109 0.016371896 0.010187982 0.010026767 0.010825037 0.010492425 0.013760339 0.009150022 0.013321086 0.016223980 0.010081259 0.010308430 0.010667028 0.009949895 0.013757151 0.009171840 0.013360080
0.010474891 0.013234430 0.009182036 0.013012101 0.016451428 0.010224286 0.010065319 0.010850971 0.010520108 0.013517126 0.009176643 0.013359359 0.016304979 0.010115893 0.010348861 0.010700993 0.009977835 0.013587372 0.009198661 0.013397343
0.010504296 0.013614045 0.009207862 0.013050238 0.016531710 0.010260925 0.010104137 0.010876530 0.010547798 0.013867525 0.009202678 0.013397708 0.016386796 0.010150861 0.010389540 0.010734841 0.010005889 0.013880696 0.009224900 0.013434659
0.010533755 0.013318281 0.009233103 0.013088513 0.016612744 0.010297904 0.010143222 0.010901701 0.010575493 0.013613295 0.009228124 0.013436127 0.016469436 0.010186167 0.010430465 0.010768563 0.010034055 0.013701711 0.009250556 0.013472022
0.010563266 0.013638667 0.009257755 0.013126923 0.016694531 0.010335227 0.010182573 0.010926466 0.010603189 0.013909698 0.009252982 0.013474609 0.016552899 0.010221817 0.010471635 0.010802147 0.010062332 0.013955257 0.009275625 0.013509426
0.010592826 0.013324616 0.009281818 0.013165463 0.016777070 0.010372899 0.010222194 0.010950814 0.010630883 0.013634454 0.009277249 0.013513147 0.016637187 0.010257814 0.010513052 0.010835586 0.010090720 0.013758857 0.009300109 0.013546862
0.010622432 0.013620159 0.009305290 0.013204128 0.016860357 0.010410924 0.010262081 0.010974727 0.010658571 0.013908016 0.009300924 0.013551734 0.016722303 0.010294164 0.010554714 0.010868871 0.010119217 0.013998323 0.009324004 0.013584323
0.010652084 0.013278414 0.009328168 0.013242912 0.016944392 0.010449306 0.010302238 0.010998189 0.010686250 0.013605512 0.009324004 0.013590364 0.016808247 0.010330870 0.010596620 0.010901990 0.010147822 0.013777615 0.009347307 0.013621802
0.010681776 0.013700618 0.009350452 0.013281812 0.017029170 0.010488049 0.010342664 0.011021183 0.010713916 0.013994205 0.009346487 0.013629028 0.016895019 0.010367938 0.010638771 0.010934935 0.010176536 0.014111931 0.009370020 0.013659289
0.010711507 0.013342864 0.009372139 0.013320820 0.017114691 0.010527159 0.010383361 0.011043694 0.010741566 0.013677062 0.009368373 0.013667718 0.016982619 0.010405374 0.010681163 0.010967693 0.010205355 0.013878546 0.009392138 0.013696777
0.010741273 0.013478776 0.009393227 0.013359932 0.017200949 0.010566640 0.010424327 0.011065703 0.010769195 0.013807698 0.009389658 0.013706425 0.017071046 0.010443181 0.010723798 0.011000255 0.010234280 0.014006997 0.009413661 0.013734257
0.010771072 0.013067964 0.009413715 0.013399141 0.017287938 0.010606496 0.010465563 0.011087192 0.010796800 0.013439532 0.009410341 0.013745143 0.017159758 0.010481365 0.010766674 0.011032609 0.010263311 0.013725388 0.009434585 0.013771719
0.010800899 0.013556036 0.009433599 0.013438440 0.017375654 0.010646733 0.010507071 0.011108144 0.010824376 0.013893012 0.009430420 0.013783862 0.017248912 0.010519930 0.010809788 0.011064744 0.010292443 0.014121745 0.009454909 0.013809154
0.010830753 0.013127734 0.009452878 0.013477824 0.017464088 0.010687353 0.010548849 0.011128539 0.010851920 0.013509243 0.009449892 0.013822571 0.017338613 0.010558884 0.010853142 0.011096646 0.010321680 0.013826288 0.009474630 0.013846553
0.010860630 0.013626295 0.009471551 0.013517286 0.017553234 0.010728364 0.010590898 0.011148359 0.010879426 0.013972727 0.009468754 0.013861264 0.017428914 0.010598228 0.010896733 0.011128305 0.010351015 0.014231912 0.009493748 0.013883905
0.010890526 0.013179672 0.009489613 0.013556818 0.017643083 0.010769769 0.010633217 0.011167582 0.010906891 0.013572766 0.009487005 0.013899928 0.017519839 0.010637972 0.010940560 0.011159707 0.010380451 0.013921937 0.009512258 0.013921199
0.010920438 0.013432320 0.009507062 0.013596412 0.017733624 0.010811574 0.010675807 0.011186191 0.010934309 0.013812868 0.009504641 0.013938555 0.017611396 0.010678118 0.010984620 0.011190840 0.010409984 0.014144187 0.009530158 0.013958425
0.010950361 0.012938171 0.009523897 0.013636062 0.017824845 0.010853783 0.010718668 0.011204162 0.010961677 0.013367869 0.009521662 0.013977132 0.017703582 0.010718673 0.011028912 0.011221689 0.010439613 0.013791643 0.009547447 0.013995572
0.010980293 0.013482267 0.009540115 0.013675759 0.017916739 0.010896402 0.010761798 0.011221475 0.010988989 0.013877003 0.009538063 0.014015649 0.017796388 0.010759641 0.011073434 0.011252242 0.010469338 0.014242025 0.009564121 0.014032627
0.011010230 0.012967286 0.009555712 0.013715586 0.018009285 0.010939436 0.010805198 0.011238107 0.011016241 0.013413439 0.009553841 0.014054096 0.017889801 0.010801031 0.011118184 0.011282483 0.010499155 0.013872734 0.009580179 0.014069579
0.011040166 0.013397099 0.009570687 0.013756165 0.018102473 0.010982891 0.010848867 0.011254038 0.011043427 0.013818657 0.009568996 0.014092460 0.017983809 0.010842846 0.011163159 0.011312398 0.010529065 0.014237136 0.009595617 0.014106415
0.011070099 0.012847161 0.009585036 0.013796977 0.018196281 0.011026770 0.010892804 0.011269243 0.011070542 0.013322654 0.009583523 0.014130729 0.018078391 0.010885092 0.011208357 0.011341971 0.010559064 0.013837596 0.009610432 0.014143121
0.011100024 0.013322336 0.009598757 0.013837844 0.018290697 0.011071080 0.010937009 0.011283698 0.011097580 0.013771138 0.009597418 0.014168890 0.018173527 0.010927777 0.011253776 0.011371188 0.010589152 0.014240920 0.009624622 0.014179686
0.011129935 0.012738781 0.009611847 0.013878699 0.018385693 0.011115827 0.010981481 0.011297379 0.011124537 0.013244059 0.009610680 0.014206930 0.018269194 0.010970905 0.011299413 0.011400031 0.010619325 0.013812524 0.009638183 0.014216093
0.011159831 0.013152358 0.009624301 0.013919516 0.018481253 0.011161015 0.011026217 0.011310261 0.011151406 0.013638206 0.009623306 0.014244835 0.018365370 0.011014483 0.011345264 0.011428485 0.010649582 0.014171401 0.009651113 0.014252330
0.011189704 0.012526238 0.009636120 0.013960271 0.018577350 0.011206652 0.011071218 0.011322319 0.011178182 0.013072545 0.009635292 0.014282592 0.018462028 0.011058518 0.011391326 0.011456531 0.010679921 0.013706243 0.009663410 0.014288381
0.011219550 0.013153137 0.009647297 0.014000954 0.018673956 0.011252741 0.011116483 0.011333525 0.011204858 0.013666292 0.009646635 0.014320184 0.018559139 0.011103014 0.011437597 0.011484153 0.010710340 0.014238264 0.009675068 0.014324230
0.011249365 0.012501750 0.009657830 0.014041548 0.018771045 0.011299290 0.011162009 0.011343854 0.011231429 0.013077148 0.009657331 0.014357598 0.018656673 0.011147981 0.011484071 0.011511332 0.010741215 0.013752720 0.009686085 0.014359863
0.011279143 0.012650562 0.009667716 0.014082040 0.018868582 0.011346304 0.011207795 0.011353279 0.011257888 0.013229510 0.009667378 0.014394819 0.018754596 0.011193423 0.011530746 0.011538050 0.010773851 0.013907006 0.009696458 0.014395260
0.011308880 0.011924727 0.009676952 0.014122414 0.018966533 0.011393788 0.011253839 0.011361769 0.011284228 0.012567873 0.009676771 0.014431829 0.018852871 0.011239347 0.011577617 0.011564287 0.010807130 0.013353828 0.009706185 0.014430407
0.011338568 0.012614952 0.009685534 0.014162656 0.019064862 0.011441750 0.011300140 0.011369296 0.011310444 0.013225707 0.009685508 0.014468610 0.018951459 0.011285761 0.011624681 0.011590024 0.010840672 0.013950571 0.009715260 0.014465284
0.011368204 0.011857473 0.009693459 0.014202749 0.019163527 0.011490195 0.011346695 0.011375831 0.011336528 0.012534260 0.009693585 0.014505148 0.019050319 0.011332671 0.011671931 0.011615240 0.010874350 0.013371311 0.009723682 0.014499873
0.011397781 0.012563058 0.009700722 0.014242679 0.019262485 0.011539130 0.011393501 0.011381343 0.011362473 0.013207292 0.009700998 0.014541422 0.019149406 0.011380084 0.011719365 0.011639914 0.010908116 0.013982671 0.009731445 0.014534155
0.011427294 0.011771667 0.009707321 0.014282427 0.019361686 0.011588559 0.011440558 0.011385799 0.011388271 0.012483871 0.009707743 0.014577415 0.019248670 0.011428008 0.011766976 0.011664025 0.010941953 0.013375350 0.009738548 0.014568111
0.011456735 0.012268661 0.009713253 0.014321975 0.019461080 0.011638491 0.011487861 0.011389170 0.011413917 0.012963540 0.009713817 0.014613106 0.019348059 0.011476450 0.011814759 0.011687550 0.010975853 0.013820039 0.009744985 0.014601720
0.011486099 0.011420575 0.009718512 0.014361307 0.019560611 0.011688933 0.011535408 0.011391420 0.011439401 0.012185553 0.009719217 0.014648477 0.019447515 0.011525417 0.011862708 0.011710467 0.011009808 0.013162874 0.009750754 0.014634961
0.011515380 0.012171212 0.009723095 0.014400403 0.019660216 0.011739889 0.011583196 0.011392516 0.011464717 0.012903805 0.009723937 0.014683505 0.019546980 0.011574916 0.011910819 0.011732751 0.011043813 0.013818994 0.009755849 0.014667811
0.011544570 0.011283800 0.009726999 0.014439245 0.019759832 0.011791368 0.011631222 0.011392424 0.011489854 0.012088628 0.009727974 0.014718169 0.019646386 0.011624957 0.011959083 0.011754379 0.011077867 0.013128923 0.009760269 0.014700249
0.011573665 0.011455444 0.009730219 0.014477810 0.019859385 0.011843376 0.011679482 0.011391109 0.011514809 0.012265888 0.009731324 0.014752448 0.019745663 0.011675544 0.012007494 0.011775325 0.011111960 0.013312071 0.009764008 0.014732249
0.011602654 0.010474126 0.009732752 0.014516079 0.019958800 0.011895919 0.011727971 0.011388533 0.011539567 0.011359215 0.009733984 0.014786318 0.019844735 0.011726690 0.012056047 0.011795565 0.011146092 0.012536566 0.009767063 0.014763789
0.011631533 0.011290244 0.009734592 0.014554031 0.020057993 0.011949006 0.011776688 0.011384659 0.011564127 0.012143942 0.009735948 0.014819754 0.019943522 0.011778398 0.012104732 0.011815071 0.011180254 0.013260004 0.009769429 0.014794842
0.011660292 0.010263016 0.009735738 0.014591643 0.020156875 0.012002643 0.011825626 0.011379449 0.011588471 0.011193640 0.009737212 0.014852732 0.020041933 0.011830680 0.012153544 0.011833817 0.011214445 0.012445495 0.009771103 0.014825384
0.011688925 0.011097074 0.009736184 0.014628891 0.020255350 0.012056837 0.011874781 0.011372862 0.011612601 0.011996173 0.009737774 0.014885227 0.020139877 0.011883543 0.012202472 0.011851774 0.011248654 0.013185960 0.009772080 0.014855386
0.011717423 0.010022126 0.009735925 0.014665753 0.020353308 0.012111596 0.011924149 0.011364861 0.011636495 0.011000510 0.009737627 0.014917213 0.020237248 0.011936995 0.012251510 0.011868914 0.011282884 0.012330818 0.009772357 0.014884820
0.011745782 0.010639348 0.009734957 0.014702203 0.020446310 0.012166927 0.011973724 0.011355403 0.011660158 0.011600018 0.009736767 0.014948659 0.020331781 0.011991045 0.012300648 0.011885206 0.011317117 0.012893031 0.009771927 0.014913658
0.011773985 0.009495203 0.009733278 0.014738214 0.020534819 0.012222838 0.012023502 0.011344446 0.011683561 0.010537632 0.009735190 0.014979539 0.020422509 0.012045704 0.012349878 0.011901489 0.011351363 0.011976596 0.009770788 0.014941869
0.011802036 0.010341937 0.009730881 0.014773763 0.020618742 0.012279335 0.012073475 0.011331946 0.011706720 0.011355157 0.009732893 0.015009823 0.020508884 0.012100977 0.012399185 0.011917414 0.011385598 0.012735046 0.009768936 0.014969422
0.011829908 0.009143391 0.009727762 0.014808820 0.020697735 0.012336429 0.012123640 0.011317858 0.011729590 0.010240831 0.009729869 0.015039480 0.020590436 0.012156878 0.012448569 0.011932625 0.011419836 0.011771630 0.009766364 0.014996286
0.011857619 0.009395944 0.009723917 0.014843356 0.020771362 0.012394127 0.012173985 0.011302138 0.011752208 0.010498357 0.009726115 0.015068478 0.020666707 0.012213411 0.012498006 0.011946927 0.011454047 0.012033125 0.009763070 0.015022425
0.011885121 0.008091798 0.009719341 0.014877344 0.020839140 0.012452436 0.012224512 0.011284738 0.011774496 0.009280998 0.009721625 0.015096786 0.020737208 0.012270590 0.012547500 0.011960203 0.011488252 0.010973211 0.009759049 0.015047807
0.011912459 0.009048533 0.009714031 0.014910750 0.020900555 0.012511362 0.012275203 0.011265610 0.011796535 0.010207403 0.009716395 0.015124366 0.020801432 0.012328421 0.012597021 0.011972377 0.011522411 0.011836953 0.009754295 0.015072393
0.011939548 0.007689737 0.009707979 0.014943548 0.020955060 0.012570919 0.012326065 0.011244707 0.011818191 0.008937838 0.009710421 0.015151187 0.020858832 0.012386919 0.012646580 0.011983392 0.011556558 0.010729657 0.009748804 0.015096151
0.011966480 0.008671076 0.009701184 0.014975698 0.021002071 0.012631111 0.012377067 0.011221977 0.011839616 0.009888628 0.009703698 0.015177206 0.020908833 0.012446087 0.012696133 0.011993198 0.011590637 0.011616422 0.009742571 0.015119035
0.011993105 0.007258060 0.009693638 0.015007174 0.021040972 0.012691949 0.012428233 0.011197369 0.011860576 0.008567264 0.009696219 0.015202394 0.020950824 0.012505944 0.012745710 0.012001751 0.011624697 0.010462053 0.009735593 0.015141014
0.012019604 0.007861481 0.009685338 0.015037933 0.021071119 0.012753439 0.012479513 0.011170829 0.011881362 0.009159634 0.009687982 0.015226700 0.020984169 0.012566489 0.012795236 0.012009008 0.011658665 0.011028067 0.009727863 0.015162036
0.012045702 0.006362059 0.009676280 0.015067948 0.021091821 0.012815596 0.012530953 0.011142304 0.011901546 0.007750588 0.009678979 0.015249451 0.021008184 0.012627749 0.012844780 0.012014926 0.011692606 0.009791337 0.009719376 0.015182071
0.012071755 0.007409133 0.009666457 0.015096959 0.021102360 0.012878418 0.012582465 0.011111739 0.011921683 0.008764225 0.009669208 0.015270697 0.021022160 0.012689712 0.012894212 0.012019462 0.011726432 0.010739725 0.009710128 0.015201057
0.012097239 0.005846976 0.009655865 0.015124901 0.021101970 0.012941928 0.012634148 0.011079076 0.011940984 0.007293597 0.009658663 0.015290595 0.021025337 0.012752419 0.012943675 0.012022572 0.011760220 0.009446951 0.009700115 0.015218973
0.012122856 0.006412270 0.009644499 0.015151761 0.021089867 0.013006120 0.012685839 0.011044257 0.011960496 0.007849554 0.009647337 0.015309149 0.021016940 0.012815843 0.012992931 0.012024211 0.011793879 0.009984985 0.009689331 0.015235737
0.012147601 0.004745722 0.009632355 0.015177564 0.021065194 0.013071021 0.012737741 0.011007224 0.011978751 0.006275288 0.009635227 0.015326398 0.020996129 0.012880046 0.013042269 0.012024334 0.011827467 0.008595378 0.009677771 0.015251342
0.012172843 0.005856025 0.009619425 0.015202265 0.021027101 0.013136620 0.012789538 0.010967914 0.011997735 0.007352633 0.009622327 0.015342268 0.020962056 0.012944973 0.013091242 0.012022894 0.011860939 0.009608418 0.009665429 0.015265684
0.012196640 0.004118994 0.009605707 0.015225884 0.020974642 0.013202952 0.012841647 0.010926264 0.012014673 0.005708696 0.009608632 0.015356790 0.020913791 0.013010723 0.013140435 0.012019844 0.011894264 0.008155050 0.009652301 0.015278777
0.012221680 0.004984033 0.009591194 0.015248328 0.020906903 0.013269995 0.012894103 0.010882212 0.012033367 0.006552639 0.009594137 0.015369837 0.020850427 0.013077195 0.013188975 0.012015136 0.011927556 0.008958973 0.009638381 0.015290475
0.012244163 0.003152723 0.009575882 0.015269636 0.020822827 0.013337799 0.012947675 0.010835723 0.012048512 0.004814863 0.009578836 0.015381471 0.020770930 0.013144548 0.013238047 0.012008742 0.011960511 0.007418418 0.009623665 0.015300841
0.012269388 0.004196408 0.009559765 0.015289661 0.020721465 0.013406325 0.013000791 0.010787165 0.012067439 0.005830946 0.009562724 0.015391493 0.020674352 0.013212604 0.013285919 0.012000939 0.011993689 0.008381647 0.009608148 0.015309658
0.012289871 0.002277446 0.009542839 0.015308488 0.020601619 0.013475644 0.013055038 0.010736239 0.012079900 0.004005812 0.009545796 0.015400040 0.020559521 0.013281628 0.013335002 0.011991696 0.012026070 0.006760264 0.009591823 0.015317071
0.012316118 0.002876235 0.009525097 0.015325887 0.020462343 0.013545694 0.013107782 0.010682757 0.012100163 0.004596020 0.009528046 0.015406793 0.020425497 0.013351298 0.013381797 0.011980909 0.012059334 0.007339151 0.009574684 0.015322739
0.012333264 0.000829816 0.009506535 0.015342046 0.020302240 0.013616570 0.013162619 0.010626556 0.012108214 0.002642956 0.009509468 0.015412034 0.020270910 0.013422074 0.013431256 0.011968451 0.012090725 0.005597420 0.009556729 0.015325276
0.012362291 0.002070828 0.009487147 0.015356046 0.020120457 0.013688186 0.013214224 0.010567479 0.012132093 0.003851400 0.009490060 0.015414467 0.020094909 0.013493373 0.013476201 0.011954192 0.012124587 0.006743918 0.009537951 0.015323485
0.012373411 -0.000064159 0.009466927 0.015367632 0.019915266 0.013760662 0.013270234 0.010505371 0.012132303 0.001809504 0.009469812 0.015413917 0.019895812 0.013566008 0.013526918 0.011938003 0.012154094 0.004919950 0.009518344 0.015318383
0.012408894 0.001079350 0.009445872 0.015375810 0.019686107 0.013833895 0.013319458 0.010440078 0.012164499 0.002924820 0.009448721 0.015409253 0.019673035 0.013638922 0.013568453 0.011919750 0.012189746 0.005983819 0.009497903 0.015308962
0.012408480 -0.001157922 0.009423975 0.015381135 0.019430637 0.013908001 0.013378173 0.010371446 0.012149895 0.000779907 0.009426781 0.015401360 0.019424319 0.013713571 0.013622455 0.011899303 0.012215399 0.004063823 0.009476623 0.015296195
0.012458079 -0.000519381 0.009401230 0.015382247 0.019149011 0.013982923 0.013422455 0.010299325 0.012200595 0.001408648 0.009403987 0.015388462 0.019149743 0.013788023 0.013657281 0.011876530 0.012255715 0.004685574 0.009454499 0.015278209
0.012434632 -0.002903972 0.009377634 0.015380439 0.018837644 0.014058659 0.013487416 0.010223567 0.012158183 -0.000885525 0.009380333 0.015372376 0.018845890 0.013864931 0.013719147 0.011851305 0.012273674 0.002624293 0.009431524 0.015256938
0.012514366 -0.001557322 0.009353179 0.015373358 0.018498342 0.014135395 0.013521155 0.010144024 0.012248409 0.000428099 0.009355814 0.015350000 0.018514374 0.013940727 0.013740087 0.011823500 0.012325153 0.003878399 0.009407694 0.015229109
0.012443448 -0.004047088 0.009327861 0.015363643 0.018124877 0.014212676 0.013600423 0.010060558 0.012146907 -0.001972831 0.009330424 0.015324924 0.018149296 0.014020302 0.013820145 0.011792990 0.012325202 0.001717325 0.009383003 0.015198528
0.012586800 -0.002697239 0.009301675 0.015347023 0.017722823 0.014291488 0.013611013 0.009973031 0.012317501 -0.000655663 0.009304157 0.015291542 0.017755808 0.014097024 0.013811157 0.011759656 0.012400403 0.002977281 0.009357447 0.015159283
0.012415365 -0.005299585 0.009274616 0.015328767 0.017280068 0.014370003 0.013722972 0.009881312 0.012091170 -0.003171280 0.009277008 0.015256869 0.017322468 0.014179985 0.013932826 0.011723381 0.012358655 0.000708654 0.009331018 0.015118792
0.012645298 -0.004933814 0.009246676 0.015300880 0.016810870 0.014451493 0.013681356 0.009785275 0.012367852 -0.002809057 0.009248972 0.015210478 0.016862603 0.014256764 0.013857252 0.011684053 0.012472592 0.001092426 0.009303711 0.015066069
0.012464601 -0.007730024 0.009217852 0.015273800 0.016289674 0.014530341 0.013868070 0.009684803 0.012130381 -0.005523250 0.009220043 0.015166067 0.016352084 0.014344412 0.014073892 0.011641565 0.012425365 -0.001366313 0.009275522 0.015015559
0.012700506 -0.006265428 0.009188138 0.015232210 0.015751008 0.014615957 0.013705493 0.009579787 0.012413684 -0.004093126 0.009190216 0.015103795 0.015823359 0.014419490 0.013845857 0.011595817 0.012543171 0.000008077 0.009246445 0.014946387
0.012511883 -0.009187594 0.009157528 0.015196836 0.015137845 0.014692675 0.014018551 0.009470128 0.012166738 -0.006936934 0.009159485 0.015050543 0.015222549 0.014514150 0.014220862 0.011546719 0.012490703 -0.002573288 0.009216475 0.014886845
0.012718774 -0.007686162 0.009126019 0.015137743 0.014532929 0.014785870 0.013820734 0.009355733 0.012411770 -0.005470978 0.009127844 0.014967830 0.014627686 0.014583911 0.013948192 0.011494185 0.012600815 -0.001162908 0.009185606 0.014796494
0.012511710 -0.010740737 0.009093602 0.015096376 0.013803863 0.014853768 0.014143220 0.009236526 0.012144710 -0.008451585 0.009095289 0.014908866 0.013913516 0.014689486 0.014333851 0.011438140 0.012533215 -0.003874076 0.009153833 0.014731240
0.012770665 -0.009200373 0.009060275 0.015013224 0.013150435 0.014962441 0.013934103 0.009112439 0.012451977 -0.006947840 0.009061812 0.014797733 0.013268948 0.014746007 0.014047693 0.011378518 0.012669877 -0.002425728 0.009121149 0.014611414
0.012554835 -0.012394267 0.009026031 0.014971954 0.012255685 0.015017156 0.014217027 0.008983419 0.012174482 -0.010072980 0.009027411 0.014740914 0.012393637 0.014865555 0.014380817 0.011315266 0.012596355 -0.005274466 0.009087551 0.014548719
0.012779008 -0.012024418 0.008990866 0.014852440 0.011609656 0.015140973 0.013983479 0.008849429 0.012436891 -0.009715619 0.008992080 0.014586291 0.011751984 0.014923091 0.014067438 0.011248340 0.012721493 -0.004887482 0.009053033 0.014383725
0.012542992 -0.015455622 0.008954774 0.014825480 0.010433054 0.015194495 0.014339517 0.008710443 0.012137400 -0.013087735 0.008955811 0.014549536 0.010604263 0.015043191 0.014489316 0.011177710 0.012631313 -0.007975663 0.009017590 0.014342364
0.012826855 -0.013820679 0.008917749 0.014645051 0.009951951 0.015323735 0.014093137 0.008566455 0.012470520 -0.011492271 0.008918601 0.014321307 0.010114789 0.015104743 0.014160661 0.011103362 0.012788535 -0.006431344 0.008981215 0.014100824
0.012581129 -0.017410969 0.008879788 0.014664059 0.008201289 0.015375995 0.014433731 0.008417477 0.012159532 -0.015031347 0.008880444 0.014344032 0.008414908 0.015225397 0.014561326 0.011025292 0.012691672 -0.009680289 0.008943904 0.014122005
0.012832224 -0.015730547 0.008840884 0.014371502 0.008317303 0.015507746 0.014167553 0.008263535 0.012450942 -0.013392283 0.008841336 0.013979522 0.008488690 0.015298239 0.014209862 0.010943515 0.012836661 -0.008092108 0.008905653 0.013738642
0.012566471 -0.019488482 0.008801034 0.014505750 0.005217188 0.015552552 0.014537632 0.008104680 0.012117996 -0.017108133 0.008801269 0.014147370 0.005493743 0.015413616 0.014644482 0.010858064 0.012723436 -0.011511943 0.008866455 0.013911759
0.012875176 -0.017759556 0.008760231 0.013990529 0.007104738 0.015700292 0.014253354 0.007940979 0.012477010 -0.015422668 0.008760242 0.013511980 0.007254747 0.015490964 0.014271512 0.010768983 0.012900922 -0.009877089 0.008826307 0.013246494
0.012598715 -0.021694336 0.008718471 0.014390337 0.002718149 0.015743481 0.014617011 0.007772523 0.012131453 -0.019325919 0.008718247 0.014010120 0.003055105 0.015606718 0.014695627 0.010676029 0.012780219 -0.013478855 0.008785202 0.013764693
0.012864120 -0.020767134 0.008675749 0.013690847 0.004140935 0.015895301 0.014308491 0.007599151 0.012436389 -0.018434530 0.008675279 0.013150387 0.004393292 0.015691549 0.014294562 0.010578771 0.012939290 -0.012584973 0.008743136 0.012865996
0.012564643 -0.024953878 0.008632061 0.014076320 -0.001170100 0.015933845 0.014725455 0.007420273 0.012065739 -0.022605399 0.008631335 0.013629849 -0.000692386 0.015804881 0.014781753 0.010477082 0.012799568 -0.016449831 0.008700103 0.013364553
0.012901245 -0.023116879 0.008587402 0.013309202 0.001023576 0.016096229 0.014398452 0.007235416 0.012453717 -0.020817583 0.008586409 0.012694542 0.001377700 0.015896842 0.014358433 0.010370828 0.013000236 -0.014709813 0.008656101 0.012388502
0.012589895 -0.027504105 0.008541767 0.013761710 -0.005951470 0.016131107 0.014771340 0.007044431 0.012069174 -0.025203520 0.008540496 0.013255737 -0.004621422 0.016008779 0.014789139 0.010259876 0.012852111 -0.018786075 0.008611123 0.012972203
0.012893728 -0.025608236 0.008495151 0.012933034 -0.004184596 0.016300235 0.014412165 0.006847161 0.012416387 -0.023359941 0.008493592 0.012251074 -0.003032134 0.016109182 0.014329070 0.010144086 0.013038214 -0.016990066 0.008565164 0.011925102
0.012560986 -0.030207459 0.008447551 0.013330367 -0.012751950 0.016329356 0.014870917 0.006643448 0.012008280 -0.027974591 0.008445692 0.012744019 -0.011329022 0.016217839 0.014861580 0.010023314 0.012872796 -0.021292342 0.008518221 0.012437657
0.012924043 -0.029297253 0.008398962 0.012419296 -0.010175311 0.016512817 0.014490383 0.006433128 0.012423953 -0.027116276 0.008396792 0.011647807 -0.009008337 0.016326014 0.014375891 0.009897411 0.013094863 -0.020424210 0.008470289 0.011296999
0.012578249 -0.034202874 0.008349380 0.012944208 -0.021020608 0.016538918 0.014926821 0.006216034 0.012000659 -0.032061968 0.008346887 0.012295456 -0.019602027 0.016434094 0.014879310 0.009766228 0.012920124 -0.025057737 0.008421363 0.011970583
0.012884228 -0.032180011 0.008298798 0.011967687 -0.019573623 0.016724624 0.014515922 0.005991995 0.012346813 -0.030100426 0.008295974 0.011125435 -0.018590815 0.016551081 0.014358379 0.009629604 0.013113895 -0.023141282 0.008371440 0.010754366
0.012510906 -0.037327182 0.008247217 0.012375510 -0.033718780 0.016742680 0.014997577 0.005760835 0.011893772 -0.035310417 0.008244047 0.011630777 -0.032766659 0.016653938 0.014914132 0.009487380 0.012916492 -0.028040064 0.008320515 0.011280053
0.012905849 -0.035231002 0.008194630 0.011299452 -0.030578725 0.016949572 0.014559243 0.005522374 0.012342697 -0.033280008 0.008191104 0.010350667 -0.030510249 0.016781198 0.014360845 0.009339390 0.013165728 -0.026054725 0.008268584 0.009951484
0.012517089 -0.040634274 0.008141033 0.011884849 -0.050436221 0.016964765 0.015014627 0.005276428 0.011872290 -0.038772050 0.008137139 0.011069147 -0.050859928 0.016883858 0.014882434 0.009185460 0.012957632 -0.031238509 0.008215642 0.010698662
0.012889203 -0.038819134 0.008086424 0.010733269 -0.047392637 0.017173504 0.014538529 0.005022807 0.012293034 -0.037029486 0.008082149 0.009704240 -0.050129153 0.017018819 0.014285753 0.009025415 0.013196155 -0.029524475 0.008161686 0.009283407
0.012477492 -0.044523481 0.008030798 0.011237257 -0.076638587 0.017181162 0.015075516 0.004761317 0.011797493 -0.042854659 0.008026130 0.010325312 -0.082291387 0.017116996 0.014902873 0.008859072 0.012970452 -0.035047963 0.008106714 0.009929784
0.012877656 -0.042406160 0.007974152 0.009983112 -0.070873983 0.017410597 0.014570306 0.004491759 0.012249249 -0.040815409 0.007969080 0.008846700 -0.084148377 0.017263329 0.014271697 0.008686242 0.013228910 -0.033047371 0.008050720 0.008398519
0.012444071 -0.048412494 0.007916483 0.010625781 -0.121361211 0.017414860 0.015058611 0.004213929 0.011729557 -0.046977770 0.007910995 0.009633569 -0.148749128 0.017361069 0.014828130 0.008506731 0.012986815 -0.038917430 0.007993702 0.009217218
0.012837206 -0.046988245 0.007857788 0.009283622 -0.112295464 0.017642356 0.014510091 0.003927617 0.012171314 -0.045648180 0.007851870 0.008056538 -0.174323544 0.017514765 0.014147329 0.008320341 0.013244411 -0.037596792 0.007935655 0.007585446
0.012376447 -0.053380944 0.007798063 0.009793016 -0.349261850 0.017636448 0.015092454 0.003632609 0.011622014 -0.052243520 0.007791704 0.008684145 -0.442997575 0.017605834 0.014813405 0.008126862 0.012981164 -0.043917041 0.007876579 0.008239317
0.012820706 -0.050938908 0.007737306 0.008322917 -0.349261850 0.017892484 0.014510568 0.003328683 0.012121435 -0.049894147 0.007730492 0.006965993 -0.442997575 0.017775210 0.014093259 0.007926084 0.013272898 -0.041612390 0.007816467 0.006463721
0.012337517 -0.057664786 0.007675514 0.009068646 -0.349261850 0.017882474 0.015053721 0.003015614 0.011547226 -0.056868389 0.007668233 0.007873297 -0.442997575 0.017865481 0.014710296 0.007717785 0.012993157 -0.048330292 0.007755320 0.007407685
0.012738465 -0.055109140 0.007612684 0.007499725 -0.349261850 0.018142641 0.014425943 0.002693170 0.011994722 -0.054412190 0.007604924 0.006044852 -0.442997575 0.018042652 0.013937405 0.007501739 0.013261450 -0.045918986 0.007693132 0.005519520
0.012221246 -0.062190678 0.007548815 0.008160730 -0.349261850 0.018124947 0.015057136 0.002361111 0.011383770 -0.061794315 0.007540562 0.006852493 -0.442997575 0.018128926 0.014656380 0.007277711 0.012954580 -0.053069375 0.007629902 0.006360870
0.012710610 -0.060319185 0.007483904 0.006460874 -0.349261850 0.018402744 0.014391858 0.002019193 0.011931418 -0.060049418 0.007475145 0.004879205 -0.442997575 0.018319137 0.013839412 0.007045458 0.013281341 -0.051349062 0.007565628 0.004325038
0.012169598 -0.067851305 0.007417948 0.007293583 -0.349261850 0.018378509 0.014962208 0.001667166 0.011293991 -0.067950435 0.007408671 0.005889366 -0.442997575 0.018402671 0.014483553 0.006804731 0.012957125 -0.059056737 0.007500308 0.005376542
0.012611641 -0.065048784 0.007350947 0.005476544 -0.349261850 0.018663619 0.014242920 0.001304770 0.011785671 -0.065266155 0.007341139 0.003785661 -0.442997575 0.018602928 0.013604873 0.006555269 0.013256547 -0.056418553 0.007433938 0.003207600
0.012034916 -0.072991230 0.007282899 0.006176286 -0.349261850 0.018629661 0.014931982 0.000931742 0.011109609 -0.073647097 0.007272545 0.004639022 -0.442997575 0.018680943 0.014386112 0.006296807 0.012904085 -0.064648494 0.007366519 0.004097421
0.012559050 -0.070034884 0.007213801 0.004195191 -0.349261850 0.018942125 0.014171057 0.000547808 0.011693751 -0.070816390 0.007202889 0.002354396 -0.442997575 0.018898789 0.013458607 0.006029068 0.013258699 -0.061862804 0.007298047 0.001744064
0.011955364 -0.078418203 0.007143653 0.005199099 -0.349261850 0.018902456 0.014839900 0.000152689 0.010987821 -0.079718143 0.007132170 0.003563581 -0.442997575 0.018975245 0.014213384 0.005751764 0.012886363 -0.070667081 0.007228523 0.003002319
0.012413648 -0.076444089 0.007072455 0.003086357 -0.349261850 0.019209236 0.014027664 -0.000253902 0.011494972 -0.077856801 0.007060386 0.001132418 -0.442997575 0.019197989 0.013226614 0.005464601 0.013201314 -0.068907611 0.007157943 0.000499250
0.011767980 -0.085407987 0.007000205 0.003982494 -0.349261850 0.019155726 0.014760112 -0.000672261 0.010743878 -0.087452024 0.006987537 0.002216043 -0.442997575 0.019264521 0.014053052 0.005167272 0.012795355 -0.078484111 0.007086308 0.001628473
0.012331844 -0.081962645 0.006926902 0.001690419 -0.349261850 0.019503264 0.013899765 -0.001102691 0.011369560 -0.084008671 0.006913622 -0.000413385 -0.442997575 0.019512044 0.013010199 0.004859459 0.013182221 -0.075276084 0.007013617 -0.001076999
0.011655797 -0.091454141 0.006852547 0.002878052 -0.349261850 0.019442864 0.014611131 -0.001545505 0.010584970 -0.094252065 0.006838641 0.001010236 -0.442997575 0.019575709 0.013808357 0.004540835 0.012753643 -0.085575089 0.006939869 0.000404195
0.012181735 -0.087652043 0.006777138 0.000429939 -0.349261850 0.019799024 0.013691946 -0.002001022 0.011166065 -0.090413637 0.006762593 -0.001792927 -0.442997575 0.019833175 0.012697833 0.004211059 0.013117673 -0.081993744 0.006865064 -0.002479145
0.011464995 -0.097728007 0.006700677 0.001396699 -0.349261850 0.019728851 0.014521502 -0.002469575 0.010337450 -0.101386994 0.006685478 -0.000626643 -0.442997575 0.019891769 0.013630575 0.003869778 0.012657131 -0.093115032 0.006789201 -0.001263103
0.012060738 -0.093684420 0.006623164 -0.001288741 -0.349261850 0.020098127 0.013554513 -0.002951502 0.010996123 -0.097070940 0.006607298 -0.003691804 -0.442997575 0.020162715 0.012459995 0.003516627 0.013069865 -0.089072824 0.006712283 -0.004414191
0.011309176 -0.104803324 0.006544599 0.000144116 -0.349261850 0.020015815 0.014333740 -0.003447153 0.010129347 -0.108670287 0.006528052 -0.001985722 -0.442997575 0.020214371 0.013324759 0.003151227 0.012583021 -0.101143993 0.006634307 -0.002640251
0.011841272 -0.101107441 0.006464983 -0.002734550 -0.349261850 0.020413928 0.013294663 -0.003956888 0.010714146 -0.104383431 0.006447741 -0.005265952 -0.442997575 0.020506622 0.012068846 0.002773183 0.012956180 -0.097151071 0.006555275 -0.006012119
0.011040151 -0.112987913 0.006384318 -0.001329069 -0.349261850 0.020321643 0.014202599 -0.004481078 0.009794212 -0.116628058 0.006366367 -0.003589645 -0.442997575 0.020553656 0.013079205 0.002382089 0.012429632 -0.110312745 0.006475189 -0.004268064
0.011691935 -0.108150288 0.006302604 -0.004459107 -0.349261850 0.020721780 0.013099171 -0.005020103 0.010512191 -0.111007817 0.006283931 -0.007148948 -0.442997575 0.020854719 0.011746772 0.001977520 0.012886559 -0.104937717 0.006394049 -0.007926503
0.010853716 -0.120735504 0.006219844 -0.002860320 -0.349261850 0.020613207 0.013970425 -0.005574357 0.009551648 -0.123948976 0.006200434 -0.005248075 -0.442997575 0.020891607 0.012709991 0.001559035 0.012332045 -0.119064637 0.006311857 -0.005949976
0.011472370 -0.115250044 0.006136040 -0.006268922 -0.349261850 0.021058744 0.012785389 -0.006144246 0.010230743 -0.117560633 0.006115878 -0.009116855 -0.442997575 0.021224225 0.011281935 0.001126176 0.012768584 -0.112855650 0.006228614 -0.009926931
0.010587246 -0.128575414 0.006051193 -0.004578723 -0.349261850 0.020939557 0.013772038 -0.006730185 0.009219592 -0.131267980 0.006030267 -0.007108469 -0.442997575 0.021256559 0.012374419 0.000678468 0.012177292 -0.128073961 0.006144323 -0.007838791
0.011272091 -0.122933306 0.005965307 -0.008329025 -0.349261850 0.021386512 0.012510571 -0.007332607 0.009971275 -0.124672092 0.005943602 -0.011356452 -0.442997575 0.021597600 0.010855472 0.000215416 0.012661680 -0.121585213 0.006058987 -0.012206527
0.010344422 -0.137031779 0.005878384 -0.006310910 -0.349261850 0.021250011 0.013422652 -0.007951954 0.008913858 -0.139229104 0.005855886 -0.008966297 -0.442997575 0.021619599 0.011855925 -0.000263497 0.012037855 -0.138057485 0.005972607 -0.009723642
0.010985246 -0.129326448 0.005790427 -0.010434934 -0.349261850 0.021742320 0.012059041 -0.008588687 0.009614130 -0.130450383 0.005767123 -0.013629432 -0.442997575 0.021993617 0.010217718 -0.000758807 0.012495133 -0.129071191 0.005885187 -0.014520888
0.010002958 -0.144247055 0.005701441 -0.008463701 -0.349261850 0.021593135 0.013135685 -0.009243275 0.008498169 -0.146003887 0.005677315 -0.011286807 -0.442997575 0.022009965 0.011402809 -0.001271072 0.011827922 -0.147047490 0.005796729 -0.012086485
0.010764112 -0.134997994 0.005611428 -0.013104619 -0.349261850 0.022079216 0.011679837 -0.009916209 0.009330992 -0.135715634 0.005586468 -0.016522503 -0.442997575 0.022389093 0.009654961 -0.001800877 0.012371710 -0.136144996 0.005707820 -0.017476052
0.009738658 -0.150779694 0.005520393 -0.010507786 -0.349261850 0.021907730 0.012765517 -0.010607990 0.008168013 -0.152465835 0.005494584 -0.013449804 -0.442997575 0.022391446 0.010844793 -0.002348830 0.011671868 -0.155991763 0.005618525 -0.014286916
0.010448384 -0.139484718 0.005428340 -0.015690794 -0.349261850 0.022454305 0.011202752 -0.011319144 0.008941337 -0.140327439 0.005401669 -0.019285640 -0.442997575 0.022814518 0.008970467 -0.002915564 0.012182840 -0.142566144 0.005528340 -0.020301607
0.009366608 -0.156158954 0.005335274 -0.013426805 -0.349261850 0.022265049 0.012307150 -0.012050205 0.007717969 -0.158579096 0.005307726 -0.016575772 -0.442997575 0.022808546 0.010175048 -0.003501744 0.011438577 -0.164869741 0.005437104 -0.017486859
0.010194526 -0.142102152 0.005241200 -0.019470351 -0.349261850 0.022818150 0.010621777 -0.012801732 0.008620736 -0.144158378 0.005212762 -0.023361184 -0.442997575 0.023243723 0.008156153 -0.004108062 0.012035734 -0.148050576 0.005344767 -0.024488699
0.009067020 -0.159687951 0.005146124 -0.016319035 -0.349261850 0.022603035 0.011841287 -0.013574301 0.007347624 -0.164393559 0.005116782 -0.019602336 -0.442997575 0.023222212 0.009486298 -0.004735244 0.011257006 -0.173823863 0.005251317 -0.020588269
0.009829350 -0.141823247 0.005050051 -0.023312205 -0.349261850 0.023187503 0.010031176 -0.014368509 0.008174983 -0.147138223 0.005019792 -0.027429635 -0.442997575 0.023684036 0.007319141 -0.005384048 0.011811720 -0.152319789 0.005156757 -0.028682703
0.008640422 -0.160293832 0.004953980 -0.020323951 -0.349261850 0.022945561 0.011178629 -0.015184973 0.006836203 -0.170153931 0.004921989 -0.023797484 -0.442997575 0.023646249 0.008557632 -0.006055267 0.010984503 -0.183492973 0.005061490 -0.024913069
0.009547368 -0.137024045 0.004857463 -0.029911963 -0.349261850 0.023545057 0.009208786 -0.016024336 0.007821368 -0.149359658 0.004824689 -0.034552213 -0.442997575 0.024125472 0.006202918 -0.006749735 0.011645899 -0.155332133 0.004965949 -0.036036313
0.008310428 -0.156492576 0.004760809 -0.026205231 -0.349261850 0.023270205 0.010552915 -0.016887259 0.006430395 -0.176001370 0.004727337 -0.029978238 -0.442997575 0.024066629 0.007658336 -0.007468325 0.010782718 -0.196117267 0.004870193 -0.031287991
0.009187620 -0.126601532 0.004663958 -0.038202506 -0.349261850 0.023922132 0.008428793 -0.017774433 0.007379921 -0.147684723 0.004629748 -0.043393761 -0.442997575 0.024586454 0.005120127 -0.008211954 0.011426827 -0.158347517 0.004774161 -0.045214325
0.007891710 -0.148385137 0.004566810 -0.035073906 -0.349261850 0.023616748 0.009817425 -0.018686574 0.005925605 -0.177345544 0.004531812 -0.039301705 -0.442997575 0.024509583 0.006617135 -0.008981587 0.010518067 -0.219982356 0.004677763 -0.040979419
0.008886362 -0.110814527 0.004469266 -0.051032111 -0.349261850 0.024248846 0.007518104 -0.019624421 0.007002053 -0.135796711 0.004433432 -0.057088807 -0.442997575 0.025026372 0.003870731 -0.009778237 0.011250585 -0.169744387 0.004580904 -0.059551992
0.007540565 -0.137448564 0.004371234 -0.046905160 -0.349261850 0.023897100 0.008869848 -0.020588752 0.005493458 -0.172964782 0.004334514 -0.051479999 -0.442997575 0.024918159 0.005313525 -0.010602969 0.010304865 -0.293497950 0.004483493 -0.053785626
0.008452143 -0.090966798 0.004272623 -0.070292033 -0.349261850 0.024615472 0.006355346 -0.021580366 0.006476049 -0.114138737 0.004234970 -0.077523924 -0.442997575 0.025500089 0.002313220 -0.011456910 0.010983987 -0.249744192 0.004385441 -0.081697039
0.007028103 -0.127215207 0.004173348 -0.068244897 -0.349261850 0.024225097 0.007901384 -0.022600103 0.004889952 -0.171004280 0.004134716 -0.074538410 -0.442997575 0.025368612 0.003965678 -0.012341243 0.009980345 -0.689345181 0.004286662 -0.078641035
0.008119586 -0.070201673 0.004073326 -0.106384061 -0.349261850 0.024972452 0.005166209 -0.023648834 0.006073409 -0.088759832 0.004033671 -0.118889570 -0.442997575 0.025978172 0.000702697 -0.013257222 0.010797695 -1.000000000 0.004187074 -0.125145301
0.006628772 -0.131407753 0.003972478 -0.104408994 -0.349261850 0.024538571 0.006729268 -0.024727469 0.004420510 -0.235503748 0.003931758 -0.115362376 -0.442997575 0.025820294 0.002359998 -0.014206172 0.009746307 -1.000000000 0.004086601 -0.120842718
0.007741514 -0.058689892 0.003870731 -0.166536331 -0.349261850 0.025270330 0.003732558 -0.025836958 0.005627385 -0.163901821 0.003828905 -0.190652728 -0.442997575 0.026431121 -0.001213357 -0.015189494 0.010581844 -1.000000000 0.003985167 -0.203061804
0.006176611 -0.151065469 0.003768014 -0.185343251 -0.349261850 0.024775790 0.005395028 -0.026978292 0.003897742 -0.498451233 0.003725041 -0.216589272 -0.442997575 0.026232935 0.000540504 -0.016208671 0.009474580 -1.000000000 0.003882704 -0.242662847
0.007257254 -0.067248203 0.003664260 -0.550072134 -0.349261850 0.025605496 0.002102694 -0.028152509 0.005067011 -0.479093969 0.003620103 -0.843818069 -0.442997575 0.026921278 -0.003384244 -0.017265283 0.010291100 -1.000000000 0.003779146 -1.000000000
0.005601835 -0.282813877 0.003559409 -1.000000000 -0.349261850 0.025057433 0.003809397 -0.029360695 0.003243386 -1.000000000 0.003514031 1.000000000 -0.442997575 0.026690790 -0.001600090 -0.018361000 0.009113913 -1.000000000 0.003674432 1.000000000
0.006836892 -0.244763240 0.003453403 -1.000000000 -0.349261850 0.025915038 0.000167834 -0.030603994 0.004578883 -1.000000000 0.003406769 1.000000000 -0.442997575 0.027410235 -0.005939353 -0.019497607 0.010047195 -0.878262937 0.003568507 1.000000000
0.005099442 -1.000000000 0.003346190 -1.000000000 -0.349261850 0.025304947 0.002048818 -0.031883597 0.002669687 -1.000000000 0.003298269 1.000000000 -0.442997575 0.027141785 -0.003979651 -0.020677002 0.008808611 -0.644881427 0.003461319 1.000000000
0.006296067 -1.000000000 0.003237723 -1.000000000 -0.349261850 0.026175676 -0.001981825 -0.033200767 0.003960337 -1.000000000 0.003188484 1.000000000 -0.442997575 0.027885454 -0.008782640 -0.021901213 0.009717856 -0.644881427 0.003352823 1.000000000
0.004457461 -1.000000000 0.003127960 -1.000000000 -0.349261850 0.025489405 -0.000173267 -0.034576692 0.001946140 -1.000000000 0.003077376 1.000000000 -0.442997575 0.027568750 -0.006934320 -0.023172406 0.008401630 -0.644881427 0.003242979 1.000000000
0.005805536 -1.000000000 0.003016866 -1.000000000 -0.349261850 0.026459927 -0.004697943 -0.036062650 0.003398591 -1.000000000 0.002964910 1.000000000 -0.442997575 0.028397905 -0.012322742 -0.024492906 0.009426288 -0.644881427 0.003131751 1.000000000
0.003871802 -1.000000000 0.002904409 -1.000000000 -0.349261850 0.025701148 -0.002620924 -0.037634987 0.001285348 -1.000000000 0.002851059 1.000000000 -0.442997575 0.028038805 -0.010203007 -0.025865201 0.008038872 -0.644881427 0.003019111 1.000000000
0.005165840 -1.000000000 0.002790566 -1.000000000 -0.349261850 0.026666291 -0.007694738 -0.039282147 0.002675601 -1.000000000 0.002735801 1.000000000 -0.442997575 0.028884055 -0.016245935 -0.027291972 0.009028490 -0.644881427 0.002905037 1.000000000
0.003112682 -1.000000000 0.002675318 -1.000000000 -0.349261850 0.025813485 -0.005510346 -0.040999025 0.000438690 -1.000000000 0.002619120 1.000000000 -0.442997575 0.028466813 -0.014045085 -0.028776105 0.007549303 -0.644881427 0.002789512 1.000000000
0.004592105 -1.000000000 0.002558653 -1.000000000 -0.349261850 0.026906572 -0.011245749 -0.042783938 0.002026107 -1.000000000 0.002501007 1.000000000 -0.442997575 0.029424777 -0.020876911 -0.030320717 0.008680763 -0.644881427 0.002672527 1.000000000
0.002427344 -1.000000000 0.002440567 -1.000000000 -0.349261850 0.025965529 -0.009092016 -0.044637006 -0.000326765 -1.000000000 0.002381460 1.000000000 -0.442997575 0.028958226 -0.018763205 -0.031929184 0.007118039 -0.644881427 0.002554077 1.000000000
0.003908854 -1.000000000 0.002321060 -1.000000000 -0.349261850 0.027080309 -0.015673798 -0.046559252 0.001258820 -1.000000000 0.002260484 1.000000000 -0.442997575 0.029958244 -0.026601069 -0.033605166 0.008255552 -0.644881427 0.002434168 1.000000000
0.001612921 -1.000000000 0.002200142 -1.000000000 -0.349261850 0.026031151 -0.013281560 -0.048552092 -0.001230069 -1.000000000 0.002138091 1.000000000 -0.442997575 0.029429676 -0.024282960 -0.035352651 0.006593298 -0.644881427 0.002312811 1.000000000
0.003227917 -1.000000000 0.002077828 -1.000000000 -0.349261850 0.027279310 -0.021647966 -0.050616995 0.000494919 -1.000000000 0.002014299 1.000000000 -0.442997575 0.030556744 -0.034209199 -0.037175983 0.007834850 -0.644881427 0.002190024 1.000000000
0.000797868 -1.000000000 0.001954291 -1.000000000 -0.349261850 0.026124178 -0.019134020 -0.052755225 -0.002133261 -1.000000000 0.001889507 1.000000000 -0.442997575 0.029973669 -0.031837236 -0.039079927 0.006072003 -0.644881427 0.002066505 1.000000000
0.002388133 -1.000000000 0.001830093 -1.000000000 -0.349261850 0.027356399 -0.028978355 -0.054967657 -0.000440205 -1.000000000 0.001764046 1.000000000 -0.442997575 0.031128855 -0.043507196 -0.041069705 0.007301182 -0.644881427 0.001942309 1.000000000
-0.000205074 -1.000000000 0.001705253 -1.000000000 -0.349261850 0.026058789 -0.026375493 -0.057254519 -0.003237135 -1.000000000 0.001637935 1.000000000 -0.442997575 0.030466923 -0.041149106 -0.043151081 0.005413834 -0.644881427 0.001817456 1.000000000
0.001605793 -1.000000000 0.001579791 -1.000000000 -0.349261850 0.027516110 -0.038174879 -0.059615120 -0.001313090 -1.000000000 0.001511192 1.000000000 -0.442997575 0.031833984 -0.055121019 -0.045330428 0.006813743 -0.644881427 0.001691963 1.000000000
-0.001146155 -1.000000000 0.001453725 -1.000000000 -0.349261850 0.026090272 -0.035253990 -0.062047508 -0.004274802 -1.000000000 0.001383839 1.000000000 -0.442997575 0.031094916 -0.052565154 -0.047614828 0.004807703 -0.644881427 0.001565852 1.000000000
0.000713377 -1.000000000 0.001327076 -1.000000000 -0.349261850 0.027666233 -0.049726326 -0.064548016 -0.002305332 -1.000000000 0.001255895 1.000000000 -0.442997575 0.032569487 -0.069680184 -0.050012175 0.006249594 -0.644881427 0.001439141 1.000000000
-0.002221323 -1.000000000 0.001199865 -1.000000000 -0.349261850 0.026061684 -0.046595827 -0.067110665 -0.005456766 -1.000000000 0.001127381 1.000000000 -0.442997575 0.031717818 -0.067130081 -0.052531324 0.004105994 -0.644881427 0.001311850 1.000000000
-0.000245960 -1.000000000 0.001072112 -1.000000000 -0.349261850 0.027599312 -0.064845055 -0.069726370 -0.003371352 -1.000000000 0.000998318 1.000000000 -0.442997575 0.033208486 -0.088674106 -0.055182260 0.005641378 -0.644881427 0.001184001 1.000000000
-0.003381846 -1.000000000 0.000943839 -1.000000000 -0.349261850 0.025734866 -0.061194364 -0.072381862 -0.006731649 -1.000000000 0.000868728 1.000000000 -0.442997575 0.032188959 -0.085935697 -0.057976287 0.003346584 -0.644881427 0.001055615 1.000000000
-0.001286903 -1.000000000 0.000815066 -1.000000000 -0.349261850 0.027521564 -0.085236944 -0.075058229 -0.004527819 -1.000000000 0.000738633 1.000000000 -0.442997575 0.033920929 -0.114243425 -0.060926307 0.004979040 -0.644881427 0.000926713 1.000000000
-0.004646851 -1.000000000 0.000685817 -1.000000000 -0.349261850 0.025380032 -0.080814689 -0.077728964 -0.008120818 -1.000000000 0.000608055 1.000000000 -0.442997575 0.032729451 -0.111388244 -0.064047135 0.002515960 -0.644881427 0.000797318 1.000000000
-0.002400162 -1.000000000 0.000556114 -1.000000000 -0.349261850 0.027275434 -0.114566676 -0.080357209 -0.005766211 -1.000000000 0.000477018 1.000000000 -0.442997575 0.034606833 -0.150947541 -0.067355894 0.004270418 -0.644881427 0.000667451 1.000000000
-0.006007905 -1.000000000 0.000425979 -1.000000000 -0.349261850 0.024793010 -0.107196771 -0.082891941 -0.009616866 -1.000000000 0.000345543 1.000000000 -0.442997575 0.033202041 -0.145358846 -0.070872582 0.001621707 -0.644881427 0.000537136 1.000000000
-0.003630150 -1.000000000 0.000295436 -1.000000000 -0.349261850 0.026608594 -0.160476029 -0.085517876 -0.007135725 -1.000000000 0.000213656 1.000000000 -0.442997575 0.035099119 -0.205661163 -0.074620731 0.003483745 -0.644881427 0.000406396 1.000000000
-0.007520560 -1.000000000 0.000164509 -1.000000000 -0.349261850 0.023643916 -0.139505312 -0.088230744 -0.011280296 -1.000000000 0.000081380 1.000000000 -0.442997575 0.033376537 -0.185714737 -0.078628324 0.000623056 -0.644881427 0.000275254 1.000000000
-0.004910499 -1.000000000 0.000033222 -1.000000000 -0.349261850 0.025747484 -0.251102418 -0.091028579 -0.008568211 -1.000000000 -0.000051261 1.000000000 -0.442997575 0.035593331 -0.336122036 -0.082929052 0.002669786 -0.644881427 0.000143734 1.000000000
-0.009110234 -1.000000000 -0.000098401 -1.000000000 -0.349261850 0.022224398 -0.001091680 -0.093911551 -0.013035299 -1.000000000 -0.000184241 1.000000000 -0.442997575 0.033510301 -0.198914394 -0.087563962 -0.000421455 -0.644881427 0.000011861 1.000000000
-0.006417884 -1.000000000 -0.000230335 -1.000000000 -0.349261850 0.024400799 -0.001091680 -0.096883133 -0.010254102 -1.000000000 -0.000317536 1.000000000 -0.442997575 0.035915248 -0.198914394 -0.092583865 0.001698815 -0.644881427 -0.000120340 1.000000000
-0.010993107 -1.000000000 -0.000362555 -1.000000000 -0.349261850 0.019737802 -0.001091680 -0.099953689 -0.015111545 -1.000000000 -0.000451120 1.000000000 -0.442997575 0.033066060 -0.198914394 -0.098052680 -0.001674343 -0.644881427 -0.000252844 1.000000000
-0.007935655 -1.000000000 -0.000495035 -1.000000000 -0.349261850 0.021652361 -0.001091680 -0.102670796 -0.011967275 -1.000000000 -0.000584967 1.000000000 -0.442997575 0.035447139 -0.198914394 -0.104052447 0.000734939 -0.644881427 -0.000385626 1.000000000
-0.012915958 -1.000000000 -0.000627749 -1.000000000 -0.349261850 0.015771281 -0.001091680 -0.105194673 -0.017247397 -1.000000000 -0.000719051 1.000000000 -0.442997575 0.031783927 -0.198914394 -0.110690854 -0.002939306 -0.644881427 -0.000518660 1.000000000
-0.009608749 -1.000000000 -0.000760671 -1.000000000 -0.349261850 0.017830474 -0.001091680 -0.111705847 -0.013867229 -1.000000000 -0.000853345 1.000000000 -0.442997575 0.034558345 -0.198914394 -0.118113175 -0.000327863 -0.644881427 -0.000651920 1.000000000
-0.015064385 -1.000000000 -0.000893775 -1.000000000 -0.349261850 0.010193795 -0.001091680 -0.120574087 -0.019644143 -1.000000000 -0.000987822 1.000000000 -0.442997575 0.029745618 -0.198914394 -0.126521707 -0.004355276 -0.644881427 -0.000785379 1.000000000
-0.011534056 -1.000000000 -0.001027034 -1.000000000 -0.349261850 0.011911655 -0.001091680 -0.129548952 -0.016062234 -1.000000000 -0.001122455 1.000000000 -0.442997575 0.032672703 -0.198914394 -0.136209488 -0.001558010 -0.644881427 -0.000919009 1.000000000
-0.017570721 -1.000000000 -0.001160419 -1.000000000 -0.349261850 0.001686022 -0.001091680 -0.138895974 -0.022444239 -1.000000000 -0.001257216 1.000000000 -0.442997575 0.026201688 -0.198914394 -0.147267595 -0.006028494 -0.644881427 -0.001052785 1.000000000
-0.013545075 -1.000000000 -0.001293905 -1.000000000 -0.349261850 0.002082675 -0.001091680 -0.149226278 -0.018387819 -1.000000000 -0.001392077 1.000000000 -0.442997575 0.028805252 -0.198914394 -0.158061787 -0.002903845 -0.644881427 -0.001186678 1.000000000
-0.020247621 -1.000000000 -0.001427462 -1.000000000 -0.349261850 -0.012471245 -0.001091680 -0.161850259 -0.025491262 -1.000000000 -0.001527011 1.000000000 -0.442997575 0.019600905 -0.198914394 -0.167566881 -0.007997289 -0.644881427 -0.001320660 1.000000000
-0.015801255 -1.000000000 -0.001561063 -1.000000000 -0.349261850 -0.013836351 -0.001091680 -0.179551572 -0.021099154 -1.000000000 -0.001661987 1.000000000 -0.442997575 0.022189671 -0.198914394 -0.172981158 -0.004622934 -0.644881427 -0.001454703 1.000000000
-0.024367180 -1.000000000 -0.001694679 -1.000000000 -0.349261850 -0.036318202 -0.001091680 -0.208399191 -0.029083300 -1.000000000 -0.001796978 1.000000000 -0.442997575 0.008086149 -0.198914394 -0.164501458 -0.011148813 -0.644881427 -0.001588779 1.000000000
-0.019278040 -1.000000000 -0.001828282 -1.000000000 -0.349261850 -0.042785171 -0.001091680 -0.248042911 -0.024160415 -1.000000000 -0.001931955 1.000000000 -0.442997575 0.009481506 -0.198914394 -1.000000000 -0.007336556 -0.644881427 -0.001722859 1.000000000
-0.029105669 -1.000000000 -0.001961842 -1.000000000 -0.349261850 -0.081614271 -0.001091680 -0.335085452 -0.034586318 -1.000000000 -0.002066887 1.000000000 -0.442997575 -0.014274053 -0.198914394 -1.000000000 -0.014890032 -0.644881427 -0.001856913 1.000000000
-0.023131389 -1.000000000 -0.002095330 -1.000000000 -0.349261850 -0.102371082 -0.001091680 -0.537033319 -0.028953239 -1.000000000 -0.002201746 1.000000000 -0.442997575 -0.017647818 -0.198914394 -1.000000000 -0.010493163 -0.644881427 -0.001990914 1.000000000
-0.034595955 -1.000000000 -0.002228717 -1.000000000 -0.349261850 -0.184185654 -0.001091680 -1.000000000 -0.041253358 -1.000000000 -0.002336502 1.000000000 -0.442997575 -0.066322029 -0.198914394 -1.000000000 -0.019447980 -0.644881427 -0.002124830 1.000000000
-0.027500208 -1.000000000 -0.002361973 -1.000000000 -0.349261850 -0.257735491 -0.001091680 -1.000000000 -0.034879502 -1.000000000 -0.002471123 1.000000000 -0.442997575 -0.077301815 -0.198914394 -1.000000000 -0.014400997 -0.644881427 -0.002258632 1.000000000
-0.041187875 -1.000000000 -0.002495068 -1.000000000 -0.349261850 -0.500288010 -0.001091680 -1.000000000 -0.049858391 -1.000000000 -0.002605580 1.000000000 -0.442997575 -0.235440999 -0.198914394 -1.000000000 -0.025357749 -0.644881427 -0.002392290 1.000000000
-0.032285903 -1.000000000 -0.002627972 -1.000000000 -0.349261850 -0.359088033 -0.001091680 -1.000000000 -0.042429041 -1.000000000 -0.002739843 1.000000000 -0.442997575 1.000000000 -0.198914394 -1.000000000 -0.019350715 -0.644881427 -0.002525774 1.000000000
-0.049166460 -1.000000000 -0.002760654 -1.000000000 -0.349261850 -0.359088033 -0.001091680 -1.000000000 -0.061496139 -1.000000000 -0.002873881 1.000000000 -0.442997575 1.000000000 -0.198914394 -1.000000000 -0.033351198 -0.644881427 -0.002659053 1.000000000
-0.037619445 -1.000000000 -0.002893083 -1.000000000 -0.349261850 -0.359088033 -0.001091680 -1.000000000 -0.053037088 -1.000000000 -0.003007662 1.000000000 -0.442997575 1.000000000 -0.198914394 -1.000000000 -0.026226033 -0.644881427 -0.002792096 1.000000000
-0.059529360 -1.000000000 -0.003025230 -1.000000000 -0.349261850 -0.359088033 -0.001091680 -1.000000000 -0.084834754 -1.000000000 -0.003141155 1.000000000 -0.442997575 1.000000000 -0.198914394 -1.000000000 -0.047819756 -0.644881427 -0.002924873 1.000000000
-0.043141376 -1.000000000 -0.003157064 -1.000000000 -0.349261850 -0.359088033 -0.001091680 -1.000000000 -0.082470022 -1.000000000 -0.003274329 1.000000000 -0.442997575 1.000000000 -0.198914394 -1.000000000 -0.042064194 -0.644881427 -0.003057353 1.000000000
-0.083587974 -1.000000000 -0.003288552 -1.000000000 -0.349261850 -0.359088033 -0.001091680 -1.000000000 -0.131822214 -1.000000000 -0.003407153 1.000000000 -0.442997575 1.000000000 -0.198914394 -1.000000000 -0.079109393 -0.644881427 -0.003189505 1.000000000
-0.069070116 -1.000000000 -0.003419664 -1.000000000 -0.349261850 -0.359088033 -0.001091680 -1.000000000 -0.133286417 -1.000000000 -0.003539595 1.000000000 -0.442997575 1.000000000 -0.198914394 -1.000000000 -0.078236878 -0.644881427 -0.003321296 1.000000000
-0.141587690 -1.000000000 -0.003550368 -1.000000000 -0.349261850 -0.359088033 -0.001091680 -1.000000000 -0.216347545 -1.000000000 -0.003671623 1.000000000 -0.442997575 1.000000000 -0.198914394 -1.000000000 -0.144609734 -0.644881427 -0.003452696 1.000000000
-0.122573487 -1.000000000 -0.003680633 -1.000000000 -0.349261850 -0.359088033 -0.001091680 -1.000000000 -0.261428893 -1.000000000 -0.003803205 1.000000000 -0.442997575 1.000000000 -0.198914394 -1.000000000 -0.186063781 -0.644881427 -0.003583673 1.000000000
-0.536886215 -1.000000000 -0.003810428 -1.000000000 -0.349261850 -0.359088033 -0.001091680 -1.000000000 -0.695308089 -1.000000000 -0.003934310 1.000000000 -0.442997575 1.000000000 -0.198914394 -1.000000000 -0.904763401 -0.644881427 -0.003714195 1.000000000
1.000000000 -1.000000000 -0.003939721 -1.000000000 -0.349261850 -0.359088033 -0.001091680 -1.000000000 -1.000000000 -1.000000000 -0.004064905 1.000000000 -0.442997575 1.000000000 -0.198914394 -1.000000000 1.000000000 -0.644881427 -0.003844230 1.000000000
1.000000000 -1.000000000 -0.004068480 -1.000000000 -0.349261850 -0.359088033 -0.001091680 -1.000000000 -1.000000000 -1.000000000 -0.004194959 1.000000000 -0.442997575 1.000000000 -0.198914394 -1.000000000 1.000000000 -0.644881427 -0.003973747 1.000000000
1.000000000 -1.000000000 -0.004196673 -1.000000000 -0.349261850 -0.359088033 -0.001091680 -1.000000000 -1.000000000 -1.000000000 -0.004324439 1.000000000 -0.442997575 1.000000000 -0.198914394 -1.000000000 1.000000000 -0.644881427 -0.004102713 1.000000000
1.000000000 -1.000000000 -0.004324269 -1.000000000 -0.349261850 -0.359088033 -0.001091680 -1.000000000 -1.000000000 -1.000000000 -0.004453313 1.000000000 -0.442997575 1.000000000 -0.198914394 -1.000000000 1.000000000 -0.644881427 -0.004231097 1.000000000
1.000000000 -1.000000000 -0.004451235 -1.000000000 -0.349261850 -0.359088033 -0.001091680 -1.000000000 -1.000000000 -1.000000000 -0.004581548 1.000000000 -0.442997575 1.000000000 -0.198914394 -1.000000000 1.000000000 -0.644881427 -0.004358866 1.000000000
1.000000000 -1.000000000 -0.004577540 -1.000000000 -0.349261850 -0.359088033 -0.001091680 -1.000000000 -1.000000000 -1.000000000 -0.004709113 1.000000000 -0.442997575 1.000000000 -0.198914394 -1.000000000 1.000000000 -0.644881427 -0.004485989 1.000000000
1.000000000 -1.000000000 -0.004703152 -1.000000000 -0.349261850 -0.359088033 -0.001091680 -1.000000000 -1.000000000 -1.000000000 -0.004835976 1.000000000 -0.442997575 1.000000000 -0.198914394 -1.000000000 1.000000000 -0.644881427 -0.004612432 1.000000000
1.000000000 -1.000000000 -0.004828040 -1.000000000 -0.349261850 -0.359088033 -0.001091680 -1.000000000 -1.000000000 -1.000000000 -0.004962103 1.000000000 -0.442997575 1.000000000 -0.198914394 -1.000000000 1.000000000 -0.644881427 -0.004738165 1.000000000
1.000000000 -1.000000000 -0.004952170 -1.000000000 -0.349261850 -0.359088033 -0.001091680 -1.000000000 -1.000000000 -1.000000000 -0.005087464 1.000000000 -0.442997575 1.000000000 -0.198914394 -1.000000000 1.000000000 -0.644881427 -0.004863155 1.000000000
1.000000000 -1.000000000 -0.005075512 -1.000000000 -0.349261850 -0.359088033 -0.001091680 -1.000000000 -1.000000000 -1.000000000 -0.005212025 1.000000000 -0.442997575 1.000000000 -0.198914394 -1.000000000 1.000000000 -0.644881427 -0.004987370 1.000000000
1.000000000 -1.000000000 -0.005198034 -1.000000000 -0.349261850 -0.359088033 -0.001091680 -1.000000000 -1.000000000 -1.000000000 -0.005335756 1.000000000 -0.442997575 1.000000000 -0.198914394 -1.000000000 1.000000000 -0.644881427 -0.005110778 1.000000000
1.000000000 -1.000000000 -0.005319703 -1.000000000 -0.349261850 -0.359088033 -0.001091680 -1.000000000 -1.000000000 -1.000000000 -0.005458623 1.000000000 -0.442997575 1.000000000 -0.198914394 -1.000000000 1.000000000 -0.644881427 -0.005233347 1.000000000
1.000000000 -1.000000000 -0.005440490 -1.000000000 -0.349261850 -0.359088033 -0.001091680 -1.000000000 -1.000000000 -1.000000000 -0.005580595 1.000000000 -0.442997575 1.000000000 -0.198914394 -1.000000000 1.000000000 -0.644881427 -0.005355047 1.000000000
1.000000000 -1.000000000 -0.005560362 -1.000000000 -0.349261850 -0.359088033 -0.001091680 -1.000000000 -1.000000000 -1.000000000 -0.005701640 1.000000000 -0.442997575 1.000000000 -0.198914394 -1.000000000 1.000000000 -0.644881427 -0.005475843 1.000000000
1.000000000 -1.000000000 -0.005679287 -1.000000000 -0.349261850 -0.359088033 -0.001091680 -1.000000000 -1.000000000 -1.000000000 -0.005821726 1.000000000 -0.442997575 1.000000000 -0.198914394 -1.000000000 1.000000000 -0.644881427 -0.005595705 1.000000000
1.000000000 -1.000000000 -0.005797235 -1.000000000 -0.349261850 -0.359088033 -0.001091680 -1.000000000 -1.000000000 -1.000000000 -0.005940823 1.000000000 -0.442997575 1.000000000 -0.198914394 -1.000000000 1.000000000 -0.644881427 -0.005714603 1.000000000
1.000000000 -1.000000000 -0.005914175 -1.000000000 -0.349261850 -0.359088033 -0.001091680 -1.000000000 -1.000000000 -1.000000000 -0.006058899 1.000000000 -0.442997575 1.000000000 -0.198914394 -1.000000000 1.000000000 -0.644881427 -0.005832503 1.000000000
1.000000000 -1.000000000 -0.006030076 -1.000000000 -0.349261850 -0.359088033 -0.001091680 -1.000000000 -1.000000000 -1.000000000 -0.006175922 1.000000000 -0.442997575 1.000000000 -0.198914394 -1.000000000 1.000000000 -0.644881427 -0.005949376 1.000000000
1.000000000 -1.000000000 -0.006144906 -1.000000000 -0.349261850 -0.359088033 -0.001091680 -1.000000000 -1.000000000 -1.000000000 -0.006291862 1.000000000 -0.442997575 1.000000000 -0.198914394 -1.000000000 1.000000000 -0.644881427 -0.006065189 1.000000000
1.000000000 -1.000000000 -0.006258637 -1.000000000 -0.349261850 -0.359088033 -0.001091680 -1.000000000 -1.000000000 -1.000000000 -0.006406688 1.000000000 -0.442997575 1.000000000 -0.198914394 -1.000000000 1.000000000 -0.644881427 -0.006179913 1.000000000
1.000000000 -1.000000000 -0.006371237 -1.000000000 -0.349261850 -0.359088033 -0.001091680 -1.000000000 -1.000000000 -1.000000000 -0.006520370 1.000000000 -0.442997575 1.000000000 -0.198914394 -1.000000000 1.000000000 -0.644881427 -0.006293518 1.000000000
1.000000000 -1.000000000 -0.006482676 -1.000000000 -0.349261850 -0.359088033 -0.001091680 -1.000000000 -1.000000000 -1.000000000 -0.006632876 1.000000000 -0.442997575 1.000000000 -0.198914394 -1.000000000 1.000000000 -0.644881427 -0.006405971 1.000000000
1.000000000 -1.000000000 -0.006592925 -1.000000000 -0.349261850 -0.359088033 -0.001091680 -1.000000000 -1.000000000 -1.000000000 -0.006744178 1.000000000 -0.442997575 1.000000000 -0.198914394 -1.000000000 1.000000000 -0.644881427 -0.006517244 1.000000000
1.000000000 -1.000000000 -0.006701954 -1.000000000 -0.349261850 -0.359088033 -0.001091680 -1.000000000 -1.000000000 -1.000000000 -0.006854245 1.000000000 -0.442997575 1.000000000 -0.198914394 -1.000000000 1.000000000 -0.644881427 -0.006627306 1.000000000
1.000000000 -1.000000000 -0.006809733 -1.000000000 -0.349261850 -0.359088033 -0.001091680 -1.000000000 -1.000000000 -1.000000000 -0.006963048 1.000000000 -0.442997575 1.000000000 -0.198914394 -1.000000000 1.000000000 -0.644881427 -0.006736128 1.000000000
1.000000000 -1.000000000 -0.006916235 -1.000000000 -0.349261850 -0.359088033 -0.001091680 -1.000000000 -1.000000000 -1.000000000 -0.007070558 1.000000000 -0.442997575 1.000000000 -0.198914394 -1.000000000 1.000000000 -0.644881427 -0.006843681 1.000000000
1.000000000 -1.000000000 -0.007021429 -1.000000000 -0.349261850 -0.359088033 -0.001091680 -1.000000000 -1.000000000 -1.000000000 -0.007176746 1.000000000 -0.442997575 1.000000000 -0.198914394 -1.000000000 1.000000000 -0.644881427 -0.006949935 1.000000000
1.000000000 -1.000000000 -0.007125289 -1.000000000 -0.349261850 -0.359088033 -0.001091680 -1.000000000 -1.000000000 -1.000000000 -0.007281583 1.000000000 -0.442997575 1.000000000 -0.198914394 -1.000000000 1.000000000 -0.644881427 -0.007054863 1.000000000
1.000000000 -1.000000000 -0.007227786 -1.000000000 -0.349261850 -0.359088033 -0.001091680 -1.000000000 -1.000000000 -1.000000000 -0.007385041 1.000000000 -0.442997575 1.000000000 -0.198914394 -1.000000000 1.000000000 -0.644881427 -0.007158434 1.000000000
1.000000000 -1.000000000 -0.007328892 -1.000000000 -0.349261850 -0.359088033 -0.001091680 -1.000000000 -1.000000000 -1.000000000 -0.007487093 1.000000000 -0.442997575 1.000000000 -0.198914394 -1.000000000 1.000000000 -0.644881427 -0.007260623 1.000000000
1.000000000 -1.000000000 -0.007428580 -1.000000000 -0.349261850 -0.359088033 -0.001091680 -1.000000000 -1.000000000 -1.000000000 -0.007587710 1.000000000 -0.442997575 1.000000000 -0.198914394 -1.000000000 1.000000000 -0.644881427 -0.007361400 1.000000000
1.000000000 -1.000000000 -0.007526823 -1.000000000 -0.349261850 -0.359088033 -0.001091680 -1.000000000 -1.000000000 -1.000000000 -0.007686867 1.000000000 -0.442997575 1.000000000 -0.198914394 -1.000000000 1.000000000 -0.644881427 -0.007460740 1.000000000
1.000000000 -1.000000000 -0.007623595 -1.000000000 -0.349261850 -0.359088033 -0.001091680 -1.000000000 -1.000000000 -1.000000000 -0.007784536 1.000000000 -0.442997575 1.000000000 -0.198914394 -1.000000000 1.000000000 -0.644881427 -0.007558614 1.000000000
1.000000000 -1.000000000 -0.007718870 -1.000000000 -0.349261850 -0.359088033 -0.001091680 -1.000000000 -1.000000000 -1.000000000 -0.007880691 1.000000000 -0.442997575 1.000000000 -0.198914394 -1.000000000 1.000000000 -0.644881427 -0.007654997 1.000000000
1.000000000 -1.000000000 -0.007812621 -1.000000000 -0.349261850 -0.359088033 -0.001091680 -1.000000000 -1.000000000 -1.000000000 -0.007975306 1.000000000 -0.442997575 1.000000000 -0.198914394 -1.000000000 1.000000000 -0.644881427 -0.007749861 1.000000000
1.000000000 -1.000000000 -0.007904825 -1.000000000 -0.349261850 -0.359088033 -0.001091680 -1.000000000 -1.000000000 -1.000000000 -0.008068357 1.000000000 -0.442997575 1.000000000 -0.198914394 -1.000000000 1.000000000 -0.644881427 -0.007843183 1.000000000
1.000000000 -1.000000000 -0.007995455 -1.000000000 -0.349261850 -0.359088033 -0.001091680 -1.000000000 -1.000000000 -1.000000000 -0.008159817 1.000000000 -0.442997575 1.000000000 -0.198914394 -1.000000000 1.000000000 -0.644881427 -0.007934936 1.000000000
1.000000000 -1.000000000 -0.008084487 -1.000000000 -0.349261850 -0.359088033 -0.001091680 -1.000000000 -1.000000000 -1.000000000 -0.008249664 1.000000000 -0.442997575 1.000000000 -0.198914394 -1.000000000 1.000000000 -0.644881427 -0.008025096 1.000000000
1.000000000 -1.000000000 -0.008171898 -1.000000000 -0.349261850 -0.359088033 -0.001091680 -1.000000000 -1.000000000 -1.000000000 -0.008337871 1.000000000 -0.442997575 1.000000000 -0.198914394 -1.000000000 1.000000000 -0.644881427 -0.008113638 1.000000000
1.000000000 -1.000000000 -0.008257665 -1.000000000 -0.349261850 -0.359088033 -0.001091680 -1.000000000 -1.000000000 -1.000000000 -0.008424418 1.000000000 -0.442997575 1.000000000 -0.198914394 -1.000000000 1.000000000 -0.644881427 -0.008200540 1.000000000
1.000000000 -1.000000000 -0.008341764 -1.000000000 -0.349261850 -0.359088033 -0.001091680 -1.000000000 -1.000000000 -1.000000000 -0.008509279 1.000000000 -0.442997575 1.000000000 -0.198914394 -1.000000000 1.000000000 -0.644881427 -0.008285778 1.000000000
1.000000000 -1.000000000 -0.008424174 -1.000000000 -0.349261850 -0.359088033 -0.001091680 -1.000000000 -1.000000000 -1.000000000 -0.008592433 1.000000000 -0.442997575 1.000000000 -0.198914394 -1.000000000 1.000000000 -0.644881427 -0.008369328 1.000000000
1.000000000 -1.000000000 -0.008504871 -1.000000000 -0.349261850 -0.359088033 -0.001091680 -1.000000000 -1.000000000 -1.000000000 -0.008673859 1.000000000 -0.442997575 1.000000000 -0.198914394 -1.000000000 1.000000000 -0.644881427 -0.008451168 1.000000000
1.000000000 -1.000000000 -0.008583836 -1.000000000 -0.349261850 -0.359088033 -0.001091680 -1.000000000 -1.000000000 -1.000000000 -0.008753534 1.000000000 -0.442997575 1.000000000 -0.198914394 -1.000000000 1.000000000 -0.644881427 -0.008531278 1.000000000
1.000000000 -1.000000000 -0.008661047 -1.000000000 -0.349261850 -0.359088033 -0.001091680 -1.000000000 -1.000000000 -1.000000000 -0.008831439 1.000000000 -0.442997575 1.000000000 -0.198914394 -1.000000000 1.000000000 -0.644881427 -0.008609635 1.000000000
1.000000000 -1.000000000 -0.008736484 -1.000000000 -0.349261850 -0.359088033 -0.001091680 -1.000000000 -1.000000000 -1.000000000 -0.008907552 1.000000000 -0.442997575 1.000000000 -0.198914394 -1.000000000 1.000000000 -0.644881427 -0.008686219 1.000000000
1.000000000 -1.000000000 -0.008810126 -1.000000000 -0.349261850 -0.359088033 -0.001091680 -1.000000000 -1.000000000 -1.000000000 -0.008981854 1.000000000 -0.442997575 1.000000000 -0.198914394 -1.000000000 1.000000000 -0.644881427 -0.008761010 1.000000000
1.000000000 -1.000000000 -0.008881956 -1.000000000 -0.349261850 -0.359088033 -0.001091680 -1.000000000 -1.000000000 -1.000000000 -0.009054326 1.000000000 -0.442997575 1.000000000 -0.198914394 -1.000000000 1.000000000 -0.644881427 -0.008833990 1.000000000
1.000000000 -1.000000000 -0.008951955 -1.000000000 -0.349261850 -0.359088033 -0.001091680 -1.000000000 -1.000000000 -1.000000000 -0.009124949 1.000000000 -0.442997575 1.000000000 -0.198914394 -1.000000000 1.000000000 -0.644881427 -0.008905137 1.000000000
1.000000000 -1.000000000 -0.009020105 -1.000000000 -0.349261850 -0.359088033 -0.001091680 -1.000000000 -1.000000000 -1.000000000 -0.009193706 1.000000000 -0.442997575 1.000000000 -0.198914394 -1.000000000 1.000000000 -0.644881427 -0.008974434 1.000000000
1.000000000 -1.000000000 -0.009086387 -1.000000000 -0.349261850 -0.359088033 -0.001091680 -1.000000000 -1.000000000 -1.000000000 -0.009260579 1.000000000 -0.442997575 1.000000000 -0.198914394 -1.000000000 1.000000000 -0.644881427 -0.009041864 1.000000000
1.000000000 -1.000000000 -0.009150787 -1.000000000 -0.349261850 -0.359088033 -0.001091680 -1.000000000 -1.000000000 -1.000000000 -0.009325552 1.000000000 -0.442997575 1.000000000 -0.198914394 -1.000000000 1.000000000 -0.644881427 -0.009107410 1.000000000
1.000000000 -1.000000000 -0.009213286 -1.000000000 -0.349261850 -0.359088033 -0.001091680 -1.000000000 -1.000000000 -1.000000000 -0.009388609 1.000000000 -0.442997575 1.000000000 -0.198914394 -1.000000000 1.000000000 -0.644881427 -0.009171054 1.000000000
1.000000000 -1.000000000 -0.009273872 -1.000000000 -0.349261850 -0.359088033 -0.001091680 -1.000000000 -1.000000000 -1.000000000 -0.009449732 1.000000000 -0.442997575 1.000000000 -0.198914394 -1.000000000 1.000000000 -0.644881427 -0.009232781 1.000000000
1.000000000 -1.000000000 -0.009332526 -1.000000000 -0.349261850 -0.359088033 -0.001091680 -1.000000000 -1.000000000 -1.000000000 -0.009508911 1.000000000 -0.442997575 1.000000000 -0.198914394 -1.000000000 1.000000000 -0.644881427 -0.009292576 1.000000000
1.000000000 -1.000000000 -0.009389237 -1.000000000 -0.349261850 -0.359088033 -0.001091680 -1.000000000 -1.000000000 -1.000000000 -0.009566127 1.000000000 -0.442997575 1.000000000 -0.198914394 -1.000000000 1.000000000 -0.644881427 -0.009350424 1.000000000
1.000000000 -1.000000000 -0.009443988 -1.000000000 -0.349261850 -0.359088033 -0.001091680 -1.000000000 -1.000000000 -1.000000000 -0.009621370 1.000000000 -0.442997575 1.000000000 -0.198914394 -1.000000000 1.000000000 -0.644881427 -0.009406310 1.000000000
1.000000000 -1.000000000 -0.009496770 -1.000000000 -0.349261850 -0.359088033 -0.001091680 -1.000000000 -1.000000000 -1.000000000 -0.009674625 1.000000000 -0.442997575 1.000000000 -0.198914394 -1.000000000 1.000000000 -0.644881427 -0.009460222 1.000000000
1.000000000 -1.000000000 -0.009547568 -1.000000000 -0.349261850 -0.359088033 -0.001091680 -1.000000000 -1.000000000 -1.000000000 -0.009725879 1.000000000 -0.442997575 1.000000000 -0.198914394 -1.000000000 1.000000000 -0.644881427 -0.009512146 1.000000000
1.000000000 -1.000000000 -0.009596370 -1.000000000 -0.349261850 -0.359088033 -0.001091680 -1.000000000 -1.000000000 -1.000000000 -0.009775123 1.000000000 -0.442997575 1.000000000 -0.198914394 -1.000000000 1.000000000 -0.644881427 -0.009562070 1.000000000
1.000000000 -1.000000000 -0.009643166 -1.000000000 -0.349261850 -0.359088033 -0.001091680 -1.000000000 -1.000000000 -1.000000000 -0.009822344 1.000000000 -0.442997575 1.000000000 -0.198914394 -1.000000000 1.000000000 -0.644881427 -0.009609984 1.000000000
1.000000000 -1.000000000 -0.009687945 -1.000000000 -0.349261850 -0.359088033 -0.001091680 -1.000000000 -1.000000000 -1.000000000 -0.009867534 1.000000000 -0.442997575 1.000000000 -0.198914394 -1.000000000 1.000000000 -0.644881427 -0.009655876 1.000000000
1.000000000 -1.000000000 -0.009730699 -1.000000000 -0.349261850 -0.359088033 -0.001091680 -1.000000000 -1.000000000 -1.000000000 -0.009910680 1.000000000 -0.442997575 1.000000000 -0.198914394 -1.000000000 1.000000000 -0.644881427 -0.009699736 1.000000000
1.000000000 -1.000000000 -0.009771415 -1.000000000 -0.349261850 -0.359088033 -0.001091680 -1.000000000 -1.000000000 -1.000000000 -0.009951776 1.000000000 -0.442997575 1.000000000 -0.198914394 -1.000000000 1.000000000 -0.644881427 -0.009741554 1.000000000
1.000000000 -1.000000000 -0.009810087 -1.000000000 -0.349261850 -0.359088033 -0.001091680 -1.000000000 -1.000000000 -1.000000000 -0.009990812 1.000000000 -0.442997575 1.000000000 -0.198914394 -1.000000000 1.000000000 -0.644881427 -0.009781322 1.000000000
1.000000000 -1.000000000 -0.009846707 -1.000000000 -0.349261850 -0.359088033 -0.001091680 -1.000000000 -1.000000000 -1.000000000 -0.010027781 1.000000000 -0.442997575 1.000000000 -0.198914394 -1.000000000 1.000000000 -0.644881427 -0.009819030 1.000000000
1.000000000 -1.000000000 -0.009881267 -1.000000000 -0.349261850 -0.359088033 -0.001091680 -1.000000000 -1.000000000 -1.000000000 -0.010062675 1.000000000 -0.442997575 1.000000000 -0.198914394 -1.000000000 1.000000000 -0.644881427 -0.009854672 1.000000000
1.000000000 -1.000000000 -0.009913761 -1.000000000 -0.349261850 -0.359088033 -0.001091680 -1.000000000 -1.000000000 -1.000000000 -0.010095489 1.000000000 -0.442997575 1.000000000 -0.198914394 -1.000000000 1.000000000 -0.644881427 -0.009888240 1.000000000
1.000000000 -1.000000000 -0.009944183 -1.000000000 -0.349261850 -0.359088033 -0.001091680 -1.000000000 -1.000000000 -1.000000000 -0.010126216 1.000000000 -0.442997575 1.000000000 -0.198914394 -1.000000000 1.000000000 -0.644881427 -0.009919729 1.000000000
1.000000000 -1.000000000 -0.009972528 -1.000000000 -0.349261850 -0.359088033 -0.001091680 -1.000000000 -1.000000000 -1.000000000 -0.010154853 1.000000000 -0.442997575 1.000000000 -0.198914394 -1.000000000 1.000000000 -0.644881427 -0.009949132 1.000000000
1.000000000 -1.000000000 -0.009998789 -1.000000000 -0.349261850 -0.359088033 -0.001091680 -1.000000000 -1.000000000 -1.000000000 -0.010181393 1.000000000 -0.442997575 1.000000000 -0.198914394 -1.000000000 1.000000000 -0.644881427 -0.009976445 1.000000000
1.000000000 -1.000000000 -0.010022964 -1.000000000 -0.349261850 -0.359088033 -0.001091680 -1.000000000 -1.000000000 -1.000000000 -0.010205832 1.000000000 -0.442997575 1.000000000 -0.198914394 -1.000000000 1.000000000 -0.644881427 -0.010001662 1.000000000
1.000000000 -1.000000000 -0.010045051 -1.000000000 -0.349261850 -0.359088033 -0.001091680 -1.000000000 -1.000000000 -1.000000000 -0.010228170 1.000000000 -0.442997575 1.000000000 -0.198914394 -1.000000000 1.000000000 -0.644881427 -0.010024781 1.000000000
1.000000000 -1.000000000 -0.010065043 -1.000000000 -0.349261850 -0.359088033 -0.001091680 -1.000000000 -1.000000000 -1.000000000 -0.010248402 1.000000000 -0.442997575 1.000000000 -0.198914394 -1.000000000 1.000000000 -0.644881427 -0.010045798 1.000000000
1.000000000 -1.000000000 -0.010082942 -1.000000000 -0.349261850 -0.359088033 -0.001091680 -1.000000000 -1.000000000 -1.000000000 -0.010266527 1.000000000 -0.442997575 1.000000000 -0.198914394 -1.000000000 1.000000000 -0.644881427 -0.010064711 1.000000000
1.000000000 -1.000000000 -0.010098743 -1.000000000 -0.349261850 -0.359088033 -0.001091680 -1.000000000 -1.000000000 -1.000000000 -0.010282543 1.000000000 -0.442997575 1.000000000 -0.198914394 -1.000000000 1.000000000 -0.644881427 -0.010081517 1.000000000
1.000000000 -1.000000000 -0.010112448 -1.000000000 -0.349261850 -0.359088033 -0.001091680 -1.000000000 -1.000000000 -1.000000000 -0.010296449 1.000000000 -0.442997575 1.000000000 -0.198914394 -1.000000000 1.000000000 -0.644881427 -0.010096216 1.000000000
1.000000000 -1.000000000 -0.010124055 -1.000000000 -0.349261850 -0.359088033 -0.001091680 -1.000000000 -1.000000000 -1.000000000 -0.010308246 1.000000000 -0.442997575 1.000000000 -0.198914394 -1.000000000 1.000000000 -0.644881427 -0.010108805 1.000000000
1.000000000 -1.000000000 -0.010133564 -1.000000000 -0.349261850 -0.359088033 -0.001091680 -1.000000000 -1.000000000 -1.000000000 -0.010317934 1.000000000 -0.442997575 1.000000000 -0.198914394 -1.000000000 1.000000000 -0.644881427 -0.010119287 1.000000000
1.000000000 -1.000000000 -0.010140975 -1.000000000 -0.349261850 -0.359088033 -0.001091680 -1.000000000 -1.000000000 -1.000000000 -0.010325514 1.000000000 -0.442997575 1.000000000 -0.198914394 -1.000000000 1.000000000 -0.644881427 -0.010127661 1.000000000
1.000000000 -1.000000000 -0.010146291 -1.000000000 -0.349261850 -0.359088033 -0.001091680 -1.000000000 -1.000000000 -1.000000000 -0.010330988 1.000000000 -0.442997575 1.000000000 -0.198914394 -1.000000000 1.000000000 -0.644881427 -0.010133928 1.000000000
1.000000000 -1.000000000 -0.010149513 -1.000000000 -0.349261850 -0.359088033 -0.001091680 -1.000000000 -1.000000000 -1.000000000 -0.010334359 1.000000000 -0.442997575 1.000000000 -0.198914394 -1.000000000 1.000000000 -0.644881427 -0.010138089 1.000000000
1.000000000 -1.000000000 -0.010150645 -1.000000000 -0.349261850 -0.359088033 -0.001091680 -1.000000000 -1.000000000 -1.000000000 -0.010335628 1.000000000 -0.442997575 1.000000000 -0.198914394 -1.000000000 1.000000000 -0.644881427 -0.010140147 1.000000000
1.000000000 -1.000000000 -0.010149688 -1.000000000 -0.349261850 -0.359088033 -0.001091680 -1.000000000 -1.000000000 -1.000000000 -0.010334799 1.000000000 -0.442997575 1.000000000 -0.198914394 -1.000000000 1.000000000 -0.644881427 -0.010140104 1.000000000
1.000000000 -1.000000000 -0.010146647 -1.000000000 -0.349261850 -0.359088033 -0.001091680 -1.000000000 -1.000000000 -1.000000000 -0.010331877 1.000000000 -0.442997575 1.000000000 -0.198914394 -1.000000000 1.000000000 -0.644881427 -0.010137964 1.000000000
1.000000000 -1.000000000 -0.010141524 -1.000000000 -0.349261850 -0.359088033 -0.001091680 -1.000000000 -1.000000000 -1.000000000 -0.010326865 1.000000000 -0.442997575 1.000000000 -0.198914394 -1.000000000 1.000000000 -0.644881427 -0.010133731 1.000000000
1.000000000 -1.000000000 -0.010134325 -1.000000000 -0.349261850 -0.359088033 -0.001091680 -1.000000000 -1.000000000 -1.000000000 -0.010319769 1.000000000 -0.442997575 1.000000000 -0.198914394 -1.000000000 1.000000000 -0.644881427 -0.010127408 1.000000000
1.000000000 -1.000000000 -0.010125056 -1.000000000 -0.349261850 -0.359088033 -0.001091680 -1.000000000 -1.000000000 -1.000000000 -0.010310594 1.000000000 -0.442997575 1.000000000 -0.198914394 -1.000000000 1.000000000 -0.644881427 -0.010119002 1.000000000
1.000000000 -1.000000000 -0.010113721 -1.000000000 -0.349261850 -0.359088033 -0.001091680 -1.000000000 -1.000000000 -1.000000000 -0.010299345 1.000000000 -0.442997575 1.000000000 -0.198914394 -1.000000000 1.000000000 -0.644881427 -0.010108516 1.000000000
1.000000000 -1.000000000 -0.010100327 -1.000000000 -0.349261850 -0.359088033 -0.001091680 -1.000000000 -1.000000000 -1.000000000 -0.010286031 1.000000000 -0.442997575 1.000000000 -0.198914394 -1.000000000 1.000000000 -0.644881427 -0.010095957 1.000000000
1.000000000 -1.000000000 -0.010084879 -1.000000000 -0.349261850 -0.359088033 -0.001091680 -1.000000000 -1.000000000 -1.000000000 -0.010270656 1.000000000 -0.442997575 1.000000000 -0.198914394 -1.000000000 1.000000000 -0.644881427 -0.010081330 1.000000000
1.000000000 -1.000000000 -0.010067385 -1.000000000 -0.349261850 -0.359088033 -0.001091680 -1.000000000 -1.000000000 -1.000000000 -0.010253229 1.000000000 -0.442997575 1.000000000 -0.198914394 -1.000000000 1.000000000 -0.644881427 -0.010064643 1.000000000
1.000000000 -1.000000000 -0.010047852 -1.000000000 -0.349261850 -0.359088033 -0.001091680 -1.000000000 -1.000000000 -1.000000000 -0.010233757 1.000000000 -0.442997575 1.000000000 -0.198914394 -1.000000000 1.000000000 -0.644881427 -0.010045903 1.000000000
1.000000000 -1.000000000 -0.010026287 -1.000000000 -0.349261850 -0.359088033 -0.001091680 -1.000000000 -1.000000000 -1.000000000 -0.010212248 1.000000000 -0.442997575 1.000000000 -0.198914394 -1.000000000 1.000000000 -0.644881427 -0.010025117 1.000000000
1.000000000 -1.000000000 -0.010002701 -1.000000000 -0.349261850 -0.359088033 -0.001091680 -1.000000000 -1.000000000 -1.000000000 -0.010188712 1.000000000 -0.442997575 1.000000000 -0.198914394 -1.000000000 1.000000000 -0.644881427 -0.010002293 1.000000000
1.000000000 -1.000000000 -0.009977099 -1.000000000 -0.349261850 -0.359088033 -0.001091680 -1.000000000 -1.000000000 -1.000000000 -0.010163156 1.000000000 -0.442997575 1.000000000 -0.198914394 -1.000000000 1.000000000 -0.644881427 -0.009977438 1.000000000
1.000000000 -1.000000000 -0.009949493 -1.000000000 -0.349261850 -0.359088033 -0.001091680 -1.000000000 -1.000000000 -1.000000000 -0.010135591 1.000000000 -0.442997575 1.000000000 -0.198914394 -1.000000000 1.000000000 -0.644881427 -0.009950564 1.000000000
1.000000000 -1.000000000 -0.009919889 -1.000000000 -0.349261850 -0.359088033 -0.001091680 -1.000000000 -1.000000000 -1.000000000 -0.010106026 1.000000000 -0.442997575 1.000000000 -0.198914394 -1.000000000 1.000000000 -0.644881427 -0.009921677 1.000000000
1.000000000 -1.000000000 -0.009888300 -1.000000000 -0.349261850 -0.359088033 -0.001091680 -1.000000000 -1.000000000 -1.000000000 -0.010074471 1.000000000 -0.442997575 1.000000000 -0.198914394 -1.000000000 1.000000000 -0.644881427 -0.009890788 1.000000000
1.000000000 -1.000000000 -0.009854733 -1.000000000 -0.349261850 -0.359088033 -0.001091680 -1.000000000 -1.000000000 -1.000000000 -0.010040936 1.000000000 -0.442997575 1.000000000 -0.198914394 -1.000000000 1.000000000 -0.644881427 -0.009857906 1.000000000
1.000000000 -1.000000000 -0.009819200 -1.000000000 -0.349261850 -0.359088033 -0.001091680 -1.000000000 -1.000000000 -1.000000000 -0.010005432 1.000000000 -0.442997575 1.000000000 -0.198914394 -1.000000000 1.000000000 -0.644881427 -0.009823041 1.000000000
1.000000000 -1.000000000 -0.009781711 -1.000000000 -0.349261850 -0.359088033 -0.001091680 -1.000000000 -1.000000000 -1.000000000 -0.009967971 1.000000000 -0.442997575 1.000000000 -0.198914394 -1.000000000 1.000000000 -0.644881427 -0.009786204 1.000000000
1.000000000 -1.000000000 -0.009742276 -1.000000000 -0.349261850 -0.359088033 -0.001091680 -1.000000000 -1.000000000 -1.000000000 -0.009928563 1.000000000 -0.442997575 1.000000000 -0.198914394 -1.000000000 1.000000000 -0.644881427 -0.009747404 1.000000000
1.000000000 -1.000000000 -0.009700907 -1.000000000 -0.349261850 -0.359088033 -0.001091680 -1.000000000 -1.000000000 -1.000000000 -0.009887218 1.000000000 -0.442997575 1.000000000 -0.198914394 -1.000000000 1.000000000 -0.644881427 -0.009706654 1.000000000
1.000000000 -1.000000000 -0.009657615 -1.000000000 -0.349261850 -0.359088033 -0.001091680 -1.000000000 -1.000000000 -1.000000000 -0.009843951 1.000000000 -0.442997575 1.000000000 -0.198914394 -1.000000000 1.000000000 -0.644881427 -0.009663963 1.000000000
1.000000000 -1.000000000 -0.009612411 -1.000000000 -0.349261850 -0.359088033 -0.001091680 -1.000000000 -1.000000000 -1.000000000 -0.009798772 1.000000000 -0.442997575 1.000000000 -0.198914394 -1.000000000 1.000000000 -0.644881427 -0.009619343 1.000000000
1.000000000 -1.000000000 -0.009565308 -1.000000000 -0.349261850 -0.359088033 -0.001091680 -1.000000000 -1.000000000 -1.000000000 -0.009751693 1.000000000 -0.442997575 1.000000000 -0.198914394 -1.000000000 1.000000000 -0.644881427 -0.009572806 1.000000000
1.000000000 -1.000000000 -0.009516316 -1.000000000 -0.349261850 -0.359088033 -0.001091680 -1.000000000 -1.000000000 -1.000000000 -0.009702727 1.000000000 -0.442997575 1.000000000 -0.198914394 -1.000000000 1.000000000 -0.644881427 -0.009524363 1.000000000
1.000000000 -1.000000000 -0.009465449 -1.000000000 -0.349261850 -0.359088033 -0.001091680 -1.000000000 -1.000000000 -1.000000000 -0.009651886 1.000000000 -0.442997575 1.000000000 -0.198914394 -1.000000000 1.000000000 -0.644881427 -0.009474027 1.000000000
1.000000000 -1.000000000 -0.009412716 -1.000000000 -0.349261850 -0.359088033 -0.001091680 -1.000000000 -1.000000000 -1.000000000 -0.009599184 1.000000000 -0.442997575 1.000000000 -0.198914394 -1.000000000 1.000000000 -0.644881427 -0.009421809 1.000000000
1.000000000 -1.000000000 -0.009358132 -1.000000000 -0.349261850 -0.359088033 -0.001091680 -1.000000000 -1.000000000 -1.000000000 -0.009544631 1.000000000 -0.442997575 1.000000000 -0.198914394 -1.000000000 1.000000000 -0.644881427 -0.009367720 1.000000000
1.000000000 -1.000000000 -0.009301710 -1.000000000 -0.349261850 -0.359088033 -0.001091680 -1.000000000 -1.000000000 -1.000000000 -0.009488243 1.000000000 -0.442997575 1.000000000 -0.198914394 -1.000000000 1.000000000 -0.644881427 -0.009311775 1.000000000
1.000000000 -1.000000000 -0.009243459 -1.000000000 -0.349261850 -0.359088033 -0.001091680 -1.000000000 -1.000000000 -1.000000000 -0.009430030 1.000000000 -0.442997575 1.000000000 -0.198914394 -1.000000000 1.000000000 -0.644881427 -0.009253983 1.000000000
1.000000000 -1.000000000 -0.009183395 -1.000000000 -0.349261850 -0.359088033 -0.001091680 -1.000000000 -1.000000000 -1.000000000 -0.009370007 1.000000000 -0.442997575 1.000000000 -0.198914394 -1.000000000 1.000000000 -0.644881427 -0.009194359 1.000000000
1.000000000 -1.000000000 -0.009121529 -1.000000000 -0.349261850 -0.359088033 -0.001091680 -1.000000000 -1.000000000 -1.000000000 -0.009308186 1.000000000 -0.442997575 1.000000000 -0.198914394 -1.000000000 1.000000000 -0.644881427 -0.009132914 1.000000000
1.000000000 -1.000000000 -0.009057873 -1.000000000 -0.349261850 -0.359088033 -0.001091680 -1.000000000 -1.000000000 -1.000000000 -0.009244581 1.000000000 -0.442997575 1.000000000 -0.198914394 -1.000000000 1.000000000 -0.644881427 -0.009069662 1.000000000
1.000000000 -1.000000000 -0.008992441 -1.000000000 -0.349261850 -0.359088033 -0.001091680 -1.000000000 -1.000000000 -1.000000000 -0.009179205 1.000000000 -0.442997575 1.000000000 -0.198914394 -1.000000000 1.000000000 -0.644881427 -0.009004612 1.000000000
1.000000000 -1.000000000 -0.008925244 -1.000000000 -0.349261850 -0.359088033 -0.001091680 -1.000000000 -1.000000000 -1.000000000 -0.009112070 1.000000000 -0.442997575 1.000000000 -0.198914394 -1.000000000 1.000000000 -0.644881427 -0.008937781 1.000000000
1.000000000 -1.000000000 -0.008856297 -1.000000000 -0.349261850 -0.359088033 -0.001091680 -1.000000000 -1.000000000 -1.000000000 -0.009043190 1.000000000 -0.442997575 1.000000000 -0.198914394 -1.000000000 1.000000000 -0.644881427 -0.008869179 1.000000000
1.000000000 -1.000000000 -0.008785610 -1.000000000 -0.349261850 -0.359088033 -0.001091680 -1.000000000 -1.000000000 -1.000000000 -0.008972578 1.000000000 -0.442997575 1.000000000 -0.198914394 -1.000000000 1.000000000 -0.644881427 -0.008798817 1.000000000
1.000000000 -1.000000000 -0.008713197 -1.000000000 -0.349261850 -0.359088033 -0.001091680 -1.000000000 -1.000000000 -1.000000000 -0.008900247 1.000000000 -0.442997575 1.000000000 -0.198914394 -1.000000000 1.000000000 -0.644881427 -0.008726710 1.000000000
1.000000000 -1.000000000 -0.008639070 -1.000000000 -0.349261850 -0.359088033 -0.001091680 -1.000000000 -1.000000000 -1.000000000 -0.008826209 1.000000000 -0.442997575 1.000000000 -0.198914394 -1.000000000 1.000000000 -0.644881427 -0.008652870 1.000000000
1.000000000 -1.000000000 -0.008563241 -1.000000000 -0.349261850 -0.359088033 -0.001091680 -1.000000000 -1.000000000 -1.000000000 -0.008750479 1.000000000 -0.442997575 1.000000000 -0.198914394 -1.000000000 1.000000000 -0.644881427 -0.008577307 1.000000000
1.000000000 -1.000000000 -0.008485722 -1.000000000 -0.349261850 -0.359088033 -0.001091680 -1.000000000 -1.000000000 -1.000000000 -0.008673066 1.000000000 -0.442997575 1.000000000 -0.198914394 -1.000000000 1.000000000 -0.644881427 -0.008500034 1.000000000
1.000000000 -1.000000000 -0.008406526 -1.000000000 -0.349261850 -0.359088033 -0.001091680 -1.000000000 -1.000000000 -1.000000000 -0.008593987 1.000000000 -0.442997575 1.000000000 -0.198914394 -1.000000000 1.000000000 -0.644881427 -0.008421063 1.000000000
1.000000000 -1.000000000 -0.008325664 -1.000000000 -0.349261850 -0.359088033 -0.001091680 -1.000000000 -1.000000000 -1.000000000 -0.008513251 1.000000000 -0.442997575 1.000000000 -0.198914394 -1.000000000 1.000000000 -0.644881427 -0.008340407 1.000000000
1.000000000 -1.000000000 -0.008243148 -1.000000000 -0.349261850 -0.359088033 -0.001091680 -1.000000000 -1.000000000 -1.000000000 -0.008430872 1.000000000 -0.442997575 1.000000000 -0.198914394 -1.000000000 1.000000000 -0.644881427 -0.008258076 1.000000000
1.000000000 -1.000000000 -0.008158990 -1.000000000 -0.349261850 -0.359088033 -0.001091680 -1.000000000 -1.000000000 -1.000000000 -0.008346861 1.000000000 -0.442997575 1.000000000 -0.198914394 -1.000000000 1.000000000 -0.644881427 -0.008174082 1.000000000
1.000000000 -1.000000000 -0.008073200 -1.000000000 -0.349261850 -0.359088033 -0.001091680 -1.000000000 -1.000000000 -1.000000000 -0.008261231 1.000000000 -0.442997575 1.000000000 -0.198914394 -1.000000000 1.000000000 -0.644881427 -0.008088436 1.000000000
1.000000000 -1.000000000 -0.007985791 -1.000000000 -0.349261850 -0.359088033 -0.001091680 -1.000000000 -1.000000000 -1.000000000 -0.008173992 1.000000000 -0.442997575 1.000000000 -0.198914394 -1.000000000 1.000000000 -0.644881427 -0.008001149 1.000000000
1.000000000 -1.000000000 -0.007896773 -1.000000000 -0.349261850 -0.359088033 -0.001091680 -1.000000000 -1.000000000 -1.000000000 -0.008085157 1.000000000 -0.442997575 1.000000000 -0.198914394 -1.000000000 1.000000000 -0.644881427 -0.007912232 1.000000000
1.000000000 -1.000000000 -0.007806156 -1.000000000 -0.349261850 -0.359088033 -0.001091680 -1.000000000 -1.000000000 -1.000000000 -0.007994736 1.000000000 -0.442997575 1.000000000 -0.198914394 -1.000000000 1.000000000 -0.644881427 -0.007821694 1.000000000
1.000000000 -1.000000000 -0.007713950 -1.000000000 -0.349261850 -0.359088033 -0.001091680 -1.000000000 -1.000000000 -1.000000000 -0.007902741 1.000000000 -0.442997575 1.000000000 -0.198914394 -1.000000000 1.000000000 -0.644881427 -0.007729547 1.000000000
1.000000000 -1.000000000 -0.007620167 -1.000000000 -0.349261850 -0.359088033 -0.001091680 -1.000000000 -1.000000000 -1.000000000 -0.007809180 1.000000000 -0.442997575 1.000000000 -0.198914394 -1.000000000 1.000000000 -0.644881427 -0.007635799 1.000000000
1.000000000 -1.000000000 -0.007524814 -1.000000000 -0.349261850 -0.359088033 -0.001091680 -1.000000000 -1.000000000 -1.000000000 -0.007714067 1.000000000 -0.442997575 1.000000000 -0.198914394 -1.000000000 1.000000000 -0.644881427 -0.007540461 1.000000000
1.000000000 -1.000000000 -0.007427903 -1.000000000 -0.349261850 -0.359088033 -0.001091680 -1.000000000 -1.000000000 -1.000000000 -0.007617409 1.000000000 -0.442997575 1.000000000 -0.198914394 -1.000000000 1.000000000 -0.644881427 -0.007443542 1.000000000
1.000000000 -1.000000000 -0.007329442 -1.000000000 -0.349261850 -0.359088033 -0.001091680 -1.000000000 -1.000000000 -1.000000000 -0.007519217 1.000000000 -0.442997575 1.000000000 -0.198914394 -1.000000000 1.000000000 -0.644881427 -0.007345051 1.000000000
1.000000000 -1.000000000 -0.007229439 -1.000000000 -0.349261850 -0.359088033 -0.001091680 -1.000000000 -1.000000000 -1.000000000 -0.007419500 1.000000000 -0.442997575 1.000000000 -0.198914394 -1.000000000 1.000000000 -0.644881427 -0.007244995 1.000000000
1.000000000 -1.000000000 -0.007127902 -1.000000000 -0.349261850 -0.359088033 -0.001091680 -1.000000000 -1.000000000 -1.000000000 -0.007318266 1.000000000 -0.442997575 1.000000000 -0.198914394 -1.000000000 1.000000000 -0.644881427 -0.007143384 1.000000000
1.000000000 -1.000000000 -0.007024841 -1.000000000 -0.349261850 -0.359088033 -0.001091680 -1.000000000 -1.000000000 -1.000000000 -0.007215525 1.000000000 -0.442997575 1.000000000 -0.198914394 -1.000000000 1.000000000 -0.644881427 -0.007040225 1.000000000
1.000000000 -1.000000000 -0.006920262 -1.000000000 -0.349261850 -0.359088033 -0.001091680 -1.000000000 -1.000000000 -1.000000000 -0.007111283 1.000000000 -0.442997575 1.000000000 -0.198914394 -1.000000000 1.000000000 -0.644881427 -0.006935525 1.000000000
1.000000000 -1.000000000 -0.006814172 -1.000000000 -0.349261850 -0.359088033 -0.001091680 -1.000000000 -1.000000000 -1.000000000 -0.007005550 1.000000000 -0.442997575 1.000000000 -0.198914394 -1.000000000 1.000000000 -0.644881427 -0.006829291 1.000000000
1.000000000 -1.000000000 -0.006706578 -1.000000000 -0.349261850 -0.359088033 -0.001091680 -1.000000000 -1.000000000 -1.000000000 -0.006898331 1.000000000 -0.442997575 1.000000000 -0.198914394 -1.000000000 1.000000000 -0.644881427 -0.006721529 1.000000000
1.000000000 -1.000000000 -0.006597487 -1.000000000 -0.349261850 -0.359088033 -0.001091680 -1.000000000 -1.000000000 -1.000000000 -0.006789635 1.000000000 -0.442997575 1.000000000 -0.198914394 -1.000000000 1.000000000 -0.644881427 -0.006612245 1.000000000
1.000000000 -1.000000000 -0.006486903 -1.000000000 -0.349261850 -0.359088033 -0.001091680 -1.000000000 -1.000000000 -1.000000000 -0.006679466 1.000000000 -0.442997575 1.000000000 -0.198914394 -1.000000000 1.000000000 -0.644881427 -0.006501446 1.000000000
1.000000000 -1.000000000 -0.006374832 -1.000000000 -0.349261850 -0.359088033 -0.001091680 -1.000000000 -1.000000000 -1.000000000 -0.006567831 1.000000000 -0.442997575 1.000000000 -0.198914394 -1.000000000 1.000000000 -0.644881427 -0.006389135 1.000000000
1.000000000 -1.000000000 -0.006261279 -1.000000000 -0.349261850 -0.359088033 -0.001091680 -1.000000000 -1.000000000 -1.000000000 -0.006454736 1.000000000 -0.442997575 1.000000000 -0.198914394 -1.000000000 1.000000000 -0.644881427 -0.006275319 1.000000000
1.000000000 -1.000000000 -0.006146248 -1.000000000 -0.349261850 -0.359088033 -0.001091680 -1.000000000 -1.000000000 -1.000000000 -0.006340183 1.000000000 -0.442997575 1.000000000 -0.198914394 -1.000000000 1.000000000 -0.644881427 -0.006159998 1.000000000
1.000000000 -1.000000000 -0.006029742 -1.000000000 -0.349261850 -0.359088033 -0.001091680 -1.000000000 -1.000000000 -1.000000000 -0.006224180 1.000000000 -0.442997575 1.000000000 -0.198914394 -1.000000000 1.000000000 -0.644881427 -0.006043179 1.000000000
1.000000000 -1.000000000 -0.005911765 -1.000000000 -0.349261850 -0.359088033 -0.001091680 -1.000000000 -1.000000000 -1.000000000 -0.006106727 1.000000000 -0.442997575 1.000000000 -0.198914394 -1.000000000 1.000000000 -0.644881427 -0.005924863 1.000000000
1.000000000 -1.000000000 -0.005792319 -1.000000000 -0.349261850 -0.359088033 -0.001091680 -1.000000000 -1.000000000 -1.000000000 -0.005987830 1.000000000 -0.442997575 1.000000000 -0.198914394 -1.000000000 1.000000000 -0.644881427 -0.005805053 1.000000000
1.000000000 -1.000000000 -0.005671407 -1.000000000 -0.349261850 -0.359088033 -0.001091680 -1.000000000 -1.000000000 -1.000000000 -0.005867491 1.000000000 -0.442997575 1.000000000 -0.198914394 -1.000000000 1.000000000 -0.644881427 -0.005683750 1.000000000
1.000000000 -1.000000000 -0.005549029 -1.000000000 -0.349261850 -0.359088033 -0.001091680 -1.000000000 -1.000000000 -1.000000000 -0.005745710 1.000000000 -0.442997575 1.000000000 -0.198914394 -1.000000000 1.000000000 -0.644881427 -0.005560955 1.000000000
1.000000000 -1.000000000 -0.005425185 -1.000000000 -0.349261850 -0.359088033 -0.001091680 -1.000000000 -1.000000000 -1.000000000 -0.005622491 1.000000000 -0.442997575 1.000000000 -0.198914394 -1.000000000 1.000000000 -0.644881427 -0.005436670 1.000000000
1.000000000 -1.000000000 -0.005299878 -1.000000000 -0.349261850 -0.359088033 -0.001091680 -1.000000000 -1.000000000 -1.000000000 -0.005497833 1.000000000 -0.442997575 1.000000000 -0.198914394 -1.000000000 1.000000000 -0.644881427 -0.005310893 1.000000000
1.000000000 -1.000000000 -0.005173105 -1.000000000 -0.349261850 -0.359088033 -0.001091680 -1.000000000 -1.000000000 -1.000000000 -0.005371736 1.000000000 -0.442997575 1.000000000 -0.198914394 -1.000000000 1.000000000 -0.644881427 -0.005183623 1.000000000
1.000000000 -1.000000000 -0.005044866 -1.000000000 -0.349261850 -0.359088033 -0.001091680 -1.000000000 -1.000000000 -1.000000000 -0.005244201 1.000000000 -0.442997575 1.000000000 -0.198914394 -1.000000000 1.000000000 -0.644881427 -0.005054860 1.000000000
1.000000000 -1.000000000 -0.004915158 -1.000000000 -0.349261850 -0.359088033 -0.001091680 -1.000000000 -1.000000000 -1.000000000 -0.005115226 1.000000000 -0.442997575 1.000000000 -0.198914394 -1.000000000 1.000000000 -0.644881427 -0.004924601 1.000000000
1.000000000 -1.000000000 -0.004783980 -1.000000000 -0.349261850 -0.359088033 -0.001091680 -1.000000000 -1.000000000 -1.000000000 -0.004984808 1.000000000 -0.442997575 1.000000000 -0.198914394 -1.000000000 1.000000000 -0.644881427 -0.004792843 1.000000000
1.000000000 -1.000000000 -0.004651328 -1.000000000 -0.349261850 -0.359088033 -0.001091680 -1.000000000 -1.000000000 -1.000000000 -0.004852946 1.000000000 -0.442997575 1.000000000 -0.198914394 -1.000000000 1.000000000 -0.644881427 -0.004659582 1.000000000
1.000000000 -1.000000000 -0.004517197 -1.000000000 -0.349261850 -0.359088033 -0.001091680 -1.000000000 -1.000000000 -1.000000000 -0.004719636 1.000000000 -0.442997575 1.000000000 -0.198914394 -1.000000000 1.000000000 -0.644881427 -0.004524814 1.000000000
1.000000000 -1.000000000 -0.004381584 -1.000000000 -0.349261850 -0.359088033 -0.001091680 -1.000000000 -1.000000000 -1.000000000 -0.004584874 1.000000000 -0.442997575 1.000000000 -0.198914394 -1.000000000 1.000000000 -0.644881427 -0.004388534 1.000000000
1.000000000 -1.000000000 -0.004244482 -1.000000000 -0.349261850 -0.359088033 -0.001091680 -1.000000000 -1.000000000 -1.000000000 -0.004448655 1.000000000 -0.442997575 1.000000000 -0.198914394 -1.000000000 1.000000000 -0.644881427 -0.004250737 1.000000000
1.000000000 -1.000000000 -0.004105886 -1.000000000 -0.349261850 -0.359088033 -0.001091680 -1.000000000 -1.000000000 -1.000000000 -0.004310974 1.000000000 -0.442997575 1.000000000 -0.198914394 -1.000000000 1.000000000 -0.644881427 -0.004111414 1.000000000
1.000000000 -1.000000000 -0.003965788 -1.000000000 -0.349261850 -0.359088033 -0.001091680 -1.000000000 -1.000000000 -1.000000000 -0.004171824 1.000000000 -0.442997575 1.000000000 -0.198914394 -1.000000000 1.000000000 -0.644881427 -0.003970559 1.000000000
1.000000000 -1.000000000 -0.003824181 -1.000000000 -0.349261850 -0.359088033 -0.001091680 -1.000000000 -1.000000000 -1.000000000 -0.004031198 1.000000000 -0.442997575 1.000000000 -0.198914394 -1.000000000 1.000000000 -0.644881427 -0.003828164 1.000000000
1.000000000 -1.000000000 -0.003681056 -1.000000000 -0.349261850 -0.359088033 -0.001091680 -1.000000000 -1.000000000 -1.000000000 -0.003889089 1.000000000 -0.442997575 1.000000000 -0.198914394 -1.000000000 1.000000000 -0.644881427 -0.003684219 1.000000000
1.000000000 -1.000000000 -0.003536403 -1.000000000 -0.349261850 -0.359088033 -0.001091680 -1.000000000 -1.000000000 -1.000000000 -0.003745486 1.000000000 -0.442997575 1.000000000 -0.198914394 -1.000000000 1.000000000 -0.644881427 -0.003538714 1.000000000
1.000000000 -1.000000000 -0.003390212 -1.000000000 -0.349261850 -0.359088033 -0.001091680 -1.000000000 -1.000000000 -1.000000000 -0.003600382 1.000000000 -0.442997575 1.000000000 -0.198914394 -1.000000000 1.000000000 -0.644881427 -0.003391638 1.000000000
1.000000000 -1.000000000 -0.003242472 -1.000000000 -0.349261850 -0.359088033 -0.001091680 -1.000000000 -1.000000000 -1.000000000 -0.003453766 1.000000000 -0.442997575 1.000000000 -0.198914394 -1.000000000 1.000000000 -0.644881427 -0.003242980 1.000000000
1.000000000 -1.000000000 -0.003093171 -1.000000000 -0.349261850 -0.359088033 -0.001091680 -1.000000000 -1.000000000 -1.000000000 -0.003305625 1.000000000 -0.442997575 1.000000000 -0.198914394 -1.000000000 1.000000000 -0.644881427 -0.003092728 1.000000000
1.000000000 -1.000000000 -0.002942295 -1.000000000 -0.349261850 -0.359088033 -0.001091680 -1.000000000 -1.000000000 -1.000000000 -0.003155948 1.000000000 -0.442997575 1.000000000 -0.198914394 -1.000000000 1.000000000 -0.644881427 -0.002940866 1.000000000
1.000000000 -1.000000000 -0.002789831 -1.000000000 -0.349261850 -0.359088033 -0.001091680 -1.000000000 -1.000000000 -1.000000000 -0.003004722 1.000000000 -0.442997575 1.000000000 -0.198914394 -1.000000000 1.000000000 -0.644881427 -0.002787381 1.000000000
1.000000000 -1.000000000 -0.002635764 -1.000000000 -0.349261850 -0.359088033 -0.001091680 -1.000000000 -1.000000000 -1.000000000 -0.002851932 1.000000000 -0.442997575 1.000000000 -0.198914394 -1.000000000 1.000000000 -0.644881427 -0.002632257 1.000000000
1.000000000 -1.000000000 -0.002480078 -1.000000000 -0.349261850 -0.359088033 -0.001091680 -1.000000000 -1.000000000 -1.000000000 -0.002697564 1.000000000 -0.442997575 1.000000000 -0.198914394 -1.000000000 1.000000000 -0.644881427 -0.002475478 1.000000000
1.000000000 -1.000000000 -0.002322756 -1.000000000 -0.349261850 -0.359088033 -0.001091680 -1.000000000 -1.000000000 -1.000000000 -0.002541601 1.000000000 -0.442997575 1.000000000 -0.198914394 -1.000000000 1.000000000 -0.644881427 -0.002317026 1.000000000
1.000000000 -1.000000000 -0.002163780 -1.000000000 -0.349261850 -0.359088033 -0.001091680 -1.000000000 -1.000000000 -1.000000000 -0.002384027 1.000000000 -0.442997575 1.000000000 -0.198914394 -1.000000000 1.000000000 -0.644881427 -0.002156882 1.000000000
1.000000000 -1.000000000 -0.002003131 -1.000000000 -0.349261850 -0.359088033 -0.001091680 -1.000000000 -1.000000000 -1.000000000 -0.002224823 1.000000000 -0.442997575 1.000000000 -0.198914394 -1.000000000 1.000000000 -0.644881427 -0.001995027 1.000000000
1.000000000 -1.000000000 -0.001840790 -1.000000000 -0.349261850 -0.359088033 -0.001091680 -1.000000000 -1.000000000 -1.000000000 -0.002063970 1.000000000 -0.442997575 1.000000000 -0.198914394 -1.000000000 1.000000000 -0.644881427 -0.001831440 1.000000000
1.000000000 -1.000000000 -0.001676735 -1.000000000 -0.349261850 -0.359088033 -0.001091680 -1.000000000 -1.000000000 -1.000000000 -0.001901449 1.000000000 -0.442997575 1.000000000 -0.198914394 -1.000000000 1.000000000 -0.644881427 -0.001666100 1.000000000
1.000000000 -1.000000000 -0.001510944 -1.000000000 -0.349261850 -0.359088033 -0.001091680 -1.000000000 -1.000000000 -1.000000000 -0.001737237 1.000000000 -0.442997575 1.000000000 -0.198914394 -1.000000000 1.000000000 -0.644881427 -0.001498983 1.000000000
1.000000000 -1.000000000 -0.001343393 -1.000000000 -0.349261850 -0.359088033 -0.001091680 -1.000000000 -1.000000000 -1.000000000 -0.001571313 1.000000000 -0.442997575 1.000000000 -0.198914394 -1.000000000 1.000000000 -0.644881427 -0.001330064 1.000000000
1.000000000 -1.000000000 -0.001174060 -1.000000000 -0.349261850 -0.359088033 -0.001091680 -1.000000000 -1.000000000 -1.000000000 -0.001403654 1.000000000 -0.442997575 1.000000000 -0.198914394 -1.000000000 1.000000000 -0.644881427 -0.001159320 1.000000000
1.000000000 -1.000000000 -0.001002917 -1.000000000 -0.349261850 -0.359088033 -0.001091680 -1.000000000 -1.000000000 -1.000000000 -0.001234233 1.000000000 -0.442997575 1.000000000 -0.198914394 -1.000000000 1.000000000 -0.644881427 -0.000986723 1.000000000
1.000000000 -1.000000000 -0.000829938 -1.000000000 -0.349261850 -0.359088033 -0.001091680 -1.000000000 -1.000000000 -1.000000000 -0.001063027 1.000000000 -0.442997575 1.000000000 -0.198914394 -1.000000000 1.000000000 -0.644881427 -0.000812246 1.000000000
1.000000000 -1.000000000 -0.000655095 -1.000000000 -0.349261850 -0.359088033 -0.001091680 -1.000000000 -1.000000000 -1.000000000 -0.000890007 1.000000000 -0.442997575 1.000000000 -0.198914394 -1.000000000 1.000000000 -0.644881427 -0.000635860 1.000000000
1.000000000 -1.000000000 -0.000478360 -1.000000000 -0.349261850 -0.359088033 -0.001091680 -1.000000000 -1.000000000 -1.000000000 -0.000715146 1.000000000 -0.442997575 1.000000000 -0.198914394 -1.000000000 1.000000000 -0.644881427 -0.000457534 1.000000000
1.000000000 -1.000000000 -0.000299700 -1.000000000 -0.349261850 -0.359088033 -0.001091680 -1.000000000 -1.000000000 -1.000000000 -0.000538414 1.000000000 -0.442997575 1.000000000 -0.198914394 -1.000000000 1.000000000 -0.644881427 -0.000277237 1.000000000
1.000000000 -1.000000000 -0.000119085 -1.000000000 -0.349261850 -0.359088033 -0.001091680 -1.000000000 -1.000000000 -1.000000000 -0.000359780 1.000000000 -0.442997575 1.000000000 -0.198914394 -1.000000000 1.000000000 -0.644881427 -0.000094935 1.000000000
1.000000000 -1.000000000 0.000063518 -1.000000000 -0.349261850 -0.359088033 -0.001091680 -1.000000000 -1.000000000 -1.000000000 -0.000179212 1.000000000 -0.442997575 1.000000000 -0.198914394 -1.000000000 1.000000000 -0.644881427 0.000089404 1.000000000
1.000000000 -1.000000000 0.000248145 -1.000000000 -0.349261850 -0.359088033 -0.001091680 -1.000000000 -1.000000000 -1.000000000 0.000003323 1.000000000 -0.442997575 1.000000000 -0.198914394 -1.000000000 1.000000000 -0.644881427 0.000275818 1.000000000
1.000000000 -1.000000000 0.000434831 -1.000000000 -0.349261850 -0.359088033 -0.001091680 -1.000000000 -1.000000000 -1.000000000 0.000187860 1.000000000 -0.442997575 1.000000000 -0.198914394 -1.000000000 1.000000000 -0.644881427 0.000464343 1.000000000
1.000000000 -1.000000000 0.000623613 -1.000000000 -0.349261850 -0.359088033 -0.001091680 -1.000000000 -1.000000000 -1.000000000 0.000374436 1.000000000 -0.442997575 1.000000000 -0.198914394 -1.000000000 1.000000000 -0.644881427 0.000655018 1.000000000
1.000000000 -1.000000000 0.000814531 -1.000000000 -0.349261850 -0.359088033 -0.001091680 -1.000000000 -1.000000000 -1.000000000 0.000563087 1.000000000 -0.442997575 1.000000000 -0.198914394 -1.000000000 1.000000000 -0.644881427 0.000847883 1.000000000
1.000000000 -1.000000000 0.001007624 -1.000000000 -0.349261850 -0.359088033 -0.001091680 -1.000000000 -1.000000000 -1.000000000 0.000753853 1.000000000 -0.442997575 1.000000000 -0.198914394 -1.000000000 1.000000000 -0.644881427 0.001042980 1.000000000
1.000000000 -1.000000000 0.001202935 -1.000000000 -0.349261850 -0.359088033 -0.001091680 -1.000000000 -1.000000000 -1.000000000 0.000946775 1.000000000 -0.442997575 1.000000000 -0.198914394 -1.000000000 1.000000000 -0.644881427 0.001240351 1.000000000
1.000000000 -1.000000000 0.001400507 -1.000000000 -0.349261850 -0.359088033 -0.001091680 -1.000000000 -1.000000000 -1.000000000 0.001141895 1.000000000 -0.442997575 1.000000000 -0.198914394 -1.000000000 1.000000000 -0.644881427 0.001440043 1.000000000
1.000000000 -1.000000000 0.001600384 -1.000000000 -0.349261850 -0.359088033 -0.001091680 -1.000000000 -1.000000000 -1.000000000 0.001339257 1.000000000 -0.442997575 1.000000000 -0.198914394 -1.000000000 1.000000000 -0.644881427 0.001642101 1.000000000
1.000000000 -1.000000000 0.001802615 -1.000000000 -0.349261850 -0.359088033 -0.001091680 -1.000000000 -1.000000000 -1.000000000 0.001538906 1.000000000 -0.442997575 1.000000000 -0.198914394 -1.000000000 1.000000000 -0.644881427 0.001846573 1.000000000
1.000000000 -1.000000000 0.002007246 -1.000000000 -0.349261850 -0.359088033 -0.001091680 -1.000000000 -1.000000000 -1.000000000 0.001740889 1.000000000 -0.442997575 1.000000000 -0.198914394 -1.000000000 1.000000000 -0.644881427 0.002053511 1.000000000
1.000000000 -1.000000000 0.002214329 -1.000000000 -0.349261850 -0.359088033 -0.001091680 -1.000000000 -1.000000000 -1.000000000 0.001945255 1.000000000 -0.442997575 1.000000000 -0.198914394 -1.000000000 1.000000000 -0.644881427 0.002262964 1.000000000
1.000000000 -1.000000000 0.002423914 -1.000000000 -0.349261850 -0.359088033 -0.001091680 -1.000000000 -1.000000000 -1.000000000 0.002152054 1.000000000 -0.442997575 1.000000000 -0.198914394 -1.000000000 1.000000000 -0.644881427 0.002474988 1.000000000
1.000000000 -1.000000000 0.002636057 -1.000000000 -0.349261850 -0.359088033 -0.001091680 -1.000000000 -1.000000000 -1.000000000 0.002361339 1.000000000 -0.442997575 1.000000000 -0.198914394 -1.000000000 1.000000000 -0.644881427 0.002689638 1.000000000
1.000000000 -1.000000000 0.002850811 -1.000000000 -0.349261850 -0.359088033 -0.001091680 -1.000000000 -1.000000000 -1.000000000 0.002573164 1.000000000 -0.442997575 1.000000000 -0.198914394 -1.000000000 1.000000000 -0.644881427 0.002906970 1.000000000
1.000000000 -1.000000000 0.003068236 -1.000000000 -0.349261850 -0.359088033 -0.001091680 -1.000000000 -1.000000000 -1.000000000 0.002787585 1.000000000 -0.442997575 1.000000000 -0.198914394 -1.000000000 1.000000000 -0.644881427 0.003127045 1.000000000
1.000000000 -1.000000000 0.003288389 -1.000000000 -0.349261850 -0.359088033 -0.001091680 -1.000000000 -1.000000000 -1.000000000 0.003004660 1.000000000 -0.442997575 1.000000000 -0.198914394 -1.000000000 1.000000000 -0.644881427 0.003349924 1.000000000
1.000000000 -1.000000000 0.003511334 -1.000000000 -0.349261850 -0.359088033 -0.001091680 -1.000000000 -1.000000000 -1.000000000 0.003224449 1.000000000 -0.442997575 1.000000000 -0.198914394 -1.000000000 1.000000000 -0.644881427 0.003575671 1.000000000
1.000000000 -1.000000000 0.003737132 -1.000000000 -0.349261850 -0.359088033 -0.001091680 -1.000000000 -1.000000000 -1.000000000 0.003447013 1.000000000 -0.442997575 1.000000000 -0.198914394 -1.000000000 1.000000000 -0.644881427 0.003804350 1.000000000
1.000000000 -1.000000000 0.003965850 -1.000000000 -0.349261850 -0.359088033 -0.001091680 -1.000000000 -1.000000000 -1.000000000 0.003672418 1.000000000 -0.442997575 1.000000000 -0.198914394 -1.000000000 1.000000000 -0.644881427 0.004036031 1.000000000
1.000000000 -1.000000000 0.004197556 -1.000000000 -0.349261850 -0.359088033 -0.001091680 -1.000000000 -1.000000000 -1.000000000 0.003900728 1.000000000 -0.442997575 1.000000000 -0.198914394 -1.000000000 1.000000000 -0.644881427 0.004270782 1.000000000
1.000000000 -1.000000000 0.004432320 -1.000000000 -0.349261850 -0.359088033 -0.001091680 -1.000000000 -1.000000000 -1.000000000 0.004132013 1.000000000 -0.442997575 1.000000000 -0.198914394 -1.000000000 1.000000000 -0.644881427 0.004508677 1.000000000
1.000000000 -1.000000000 0.004670213 -1.000000000 -0.349261850 -0.359088033 -0.001091680 -1.000000000 -1.000000000 -1.000000000 0.004366343 1.000000000 -0.442997575 1.000000000 -0.198914394 -1.000000000 1.000000000 -0.644881427 0.004749791 1.000000000
1.000000000 -1.000000000 0.004911311 -1.000000000 -0.349261850 -0.359088033 -0.001091680 -1.000000000 -1.000000000 -1.000000000 0.004603791 1.000000000 -0.442997575 1.000000000 -0.198914394 -1.000000000 1.000000000 -0.644881427 0.004994200 1.000000000
1.000000000 -1.000000000 0.005155691 -1.000000000 -0.349261850 -0.359088033 -0.001091680 -1.000000000 -1.000000000 -1.000000000 0.004844433 1.000000000 -0.442997575 1.000000000 -0.198914394 -1.000000000 1.000000000 -0.644881427 0.005241985 1.000000000
1.000000000 -1.000000000 0.005403432 -1.000000000 -0.349261850 -0.359088033 -0.001091680 -1.000000000 -1.000000000 -1.000000000 0.005088346 1.000000000 -0.442997575 1.000000000 -0.198914394 -1.000000000 1.000000000 -0.644881427 0.005493227 1.000000000
1.000000000 -1.000000000 0.005654617 -1.000000000 -0.349261850 -0.359088033 -0.001091680 -1.000000000 -1.000000000 -1.000000000 0.005335610 1.000000000 -0.442997575 1.000000000 -0.198914394 -1.000000000 1.000000000 -0.644881427 0.005748012 1.000000000
1.000000000 -1.000000000 0.005909329 -1.000000000 -0.349261850 -0.359088033 -0.001091680 -1.000000000 -1.000000000 -1.000000000 0.005586308 1.000000000 -0.442997575 1.000000000 -0.198914394 -1.000000000 1.000000000 -0.644881427 0.006006427 1.000000000
1.000000000 -1.000000000 0.006167657 -1.000000000 -0.349261850 -0.359088033 -0.001091680 -1.000000000 -1.000000000 -1.000000000 0.005840527 1.000000000 -0.442997575 1.000000000 -0.198914394 -1.000000000 1.000000000 -0.644881427 0.006268562 1.000000000
1.000000000 -1.000000000 0.006429690 -1.000000000 -0.349261850 -0.359088033 -0.001091680 -1.000000000 -1.000000000 -1.000000000 0.006098354 1.000000000 -0.442997575 1.000000000 -0.198914394 -1.000000000 1.000000000 -0.644881427 0.006534512 1.000000000
1.000000000 -1.000000000 0.006695522 -1.000000000 -0.349261850 -0.359088033 -0.001091680 -1.000000000 -1.000000000 -1.000000000 0.006359879 1.000000000 -0.442997575 1.000000000 -0.198914394 -1.000000000 1.000000000 -0.644881427 0.006804373 1.000000000
1.000000000 -1.000000000 0.006965247 -1.000000000 -0.349261850 -0.359088033 -0.001091680 -1.000000000 -1.000000000 -1.000000000 0.006625198 1.000000000 -0.442997575 1.000000000 -0.198914394 -1.000000000 1.000000000 -0.644881427 0.007078242 1.000000000
1.000000000 -1.000000000 0.007238967 -1.000000000 -0.349261850 -0.359088033 -0.001091680 -1.000000000 -1.000000000 -1.000000000 0.006894407 1.000000000 -0.442997575 1.000000000 -0.198914394 -1.000000000 1.000000000 -0.644881427 0.007356224 1.000000000
1.000000000 -1.000000000 0.007516781 -1.000000000 -0.349261850 -0.359088033 -0.001091680 -1.000000000 -1.000000000 -1.000000000 0.007167606 1.000000000 -0.442997575 1.000000000 -0.198914394 -1.000000000 1.000000000 -0.644881427 0.007638423 1.000000000
1.000000000 -1.000000000 0.007798796 -1.000000000 -0.349261850 -0.359088033 -0.001091680 -1.000000000 -1.000000000 -1.000000000 0.007444897 1.000000000 -0.442997575 1.000000000 -0.198914394 -1.000000000 1.000000000 -0.644881427 0.007924949 1.000000000
1.000000000 -1.000000000 0.008085119 -1.000000000 -0.349261850 -0.359088033 -0.001091680 -1.000000000 -1.000000000 -1.000000000 0.007726388 1.000000000 -0.442997575 1.000000000 -0.198914394 -1.000000000 1.000000000 -0.644881427 0.008215914 1.000000000
1.000000000 -1.000000000 0.008375862 -1.000000000 -0.349261850 -0.359088033 -0.001091680 -1.000000000 -1.000000000 -1.000000000 0.008012187 1.000000000 -0.442997575 1.000000000 -0.198914394 -1.000000000 1.000000000 -0.644881427 0.008511432 1.000000000
1.000000000 -1.000000000 0.008671139 -1.000000000 -0.349261850 -0.359088033 -0.001091680 -1.000000000 -1.000000000 -1.000000000 0.008302407 1.000000000 -0.442997575 1.000000000 -0.198914394 -1.000000000 1.000000000 -0.644881427 0.008811625 1.000000000
1.000000000 -1.000000000 0.008971071 -1.000000000 -0.349261850 -0.359088033 -0.001091680 -1.000000000 -1.000000000 -1.000000000 0.008597165 1.000000000 -0.442997575 1.000000000 -0.198914394 -1.000000000 1.000000000 -0.644881427 0.009116614 1.000000000
1.000000000 -1.000000000 0.009275777 -1.000000000 -0.349261850 -0.359088033 -0.001091680 -1.000000000 -1.000000000 -1.000000000 0.008896582 1.000000000 -0.442997575 1.000000000 -0.198914394 -1.000000000 1.000000000 -0.644881427 0.009426526 1.000000000
1.000000000 -1.000000000 0.009585386 -1.000000000 -0.349261850 -0.359088033 -0.001091680 -1.000000000 -1.000000000 -1.000000000 0.009200779 1.000000000 -0.442997575 1.000000000 -0.198914394 -1.000000000 1.000000000 -0.644881427 0.009741493 1.000000000
1.000000000 -1.000000000 0.009900025 -1.000000000 -0.349261850 -0.359088033 -0.001091680 -1.000000000 -1.000000000 -1.000000000 0.009509885 1.000000000 -0.442997575 1.000000000 -0.198914394 -1.000000000 1.000000000 -0.644881427 0.010061647 1.000000000
1.000000000 -1.000000000 0.010219830 -1.000000000 -0.349261850 -0.359088033 -0.001091680 -1.000000000 -1.000000000 -1.000000000 0.009824031 1.000000000 -0.442997575 1.000000000 -0.198914394 -1.000000000 1.000000000 -0.644881427 0.010387127 1.000000000
1.000000000 -1.000000000 0.010544936 -1.000000000 -0.349261850 -0.359088033 -0.001091680 -1.000000000 -1.000000000 -1.000000000 0.010143352 1.000000000 -0.442997575 1.000000000 -0.198914394 -1.000000000 1.000000000 -0.644881427 0.010718078 1.000000000
1.000000000 -1.000000000 0.010875486 -1.000000000 -0.349261850 -0.359088033 -0.001091680 -1.000000000 -1.000000000 -1.000000000 0.010467988 1.000000000 -0.442997575 1.000000000 -0.198914394 -1.000000000 1.000000000 -0.644881427 0.011054645 1.000000000
1.000000000 -1.000000000 0.011211625 -1.000000000 -0.349261850 -0.359088033 -0.001091680 -1.000000000 -1.000000000 -1.000000000 0.010798081 1.000000000 -0.442997575 1.000000000 -0.198914394 -1.000000000 1.000000000 -0.644881427 0.011396981 1.000000000
1.000000000 -1.000000000 0.011553505 -1.000000000 -0.349261850 -0.359088033 -0.001091680 -1.000000000 -1.000000000 -1.000000000 0.011133780 1.000000000 -0.442997575 1.000000000 -0.198914394 -1.000000000 1.000000000 -0.644881427 0.011745241 1.000000000
1.000000000 -1.000000000 0.011901278 -1.000000000 -0.349261850 -0.359088033 -0.001091680 -1.000000000 -1.000000000 -1.000000000 0.011475238 1.000000000 -0.442997575 1.000000000 -0.198914394 -1.000000000 1.000000000 -0.644881427 0.012099585 1.000000000
1.000000000 -1.000000000 0.012255105 -1.000000000 -0.349261850 -0.359088033 -0.001091680 -1.000000000 -1.000000000 -1.000000000 0.011822610 1.000000000 -0.442997575 1.000000000 -0.198914394 -1.000000000 1.000000000 -0.644881427 0.012460181 1.000000000
1.000000000 -1.000000000 0.012615150 -1.000000000 -0.349261850 -0.359088033 -0.001091680 -1.000000000 -1.000000000 -1.000000000 0.012176059 1.000000000 -0.442997575 1.000000000 -0.198914394 -1.000000000 1.000000000 -0.644881427 0.012827195 1.000000000
1.000000000 -1.000000000 0.012981581 -1.000000000 -0.349261850 -0.359088033 -0.001091680 -1.000000000 -1.000000000 -1.000000000 0.012535751 1.000000000 -0.442997575 1.000000000 -0.198914394 -1.000000000 1.000000000 -0.644881427 0.013200806 1.000000000
1.000000000 -1.000000000 0.013354571 -1.000000000 -0.349261850 -0.359088033 -0.001091680 -1.000000000 -1.000000000 -1.000000000 0.012901857 1.000000000 -0.442997575 1.000000000 -0.198914394 -1.000000000 1.000000000 -0.644881427 0.013581195 1.000000000
1.000000000 -1.000000000 0.013734299 -1.000000000 -0.349261850 -0.359088033 -0.001091680 -1.000000000 -1.000000000 -1.000000000 0.013274554 1.000000000 -0.442997575 1.000000000 -0.198914394 -1.000000000 1.000000000 -0.644881427 0.013968544 1.000000000
1.000000000 -1.000000000 0.014120949 -1.000000000 -0.349261850 -0.359088033 -0.001091680 -1.000000000 -1.000000000 -1.000000000 0.013654022 1.000000000 -0.442997575 1.000000000 -0.198914394 -1.000000000 1.000000000 -0.644881427 0.014363048 1.000000000
1.000000000 -1.000000000 0.014514711 -1.000000000 -0.349261850 -0.359088033 -0.001091680 -1.000000000 -1.000000000 -1.000000000 0.014040450 1.000000000 -0.442997575 1.000000000 -0.198914394 -1.000000000 1.000000000 -0.644881427 0.014764902 1.000000000
1.000000000 -1.000000000 0.014915778 -1.000000000 -0.349261850 -0.359088033 -0.001091680 -1.000000000 -1.000000000 -1.000000000 0.014434028 1.000000000 -0.442997575 1.000000000 -0.198914394 -1.000000000 1.000000000 -0.644881427 0.015174308 1.000000000
1.000000000 -1.000000000 0.015324350 -1.000000000 -0.349261850 -0.359088033 -0.001091680 -1.000000000 -1.000000000 -1.000000000 0.014834956 1.000000000 -0.442997575 1.000000000 -0.198914394 -1.000000000 1.000000000 -0.644881427 0.015591476 1.000000000
1.000000000 -1.000000000 0.015740635 -1.000000000 -0.349261850 -0.359088033 -0.001091680 -1.000000000 -1.000000000 -1.000000000 0.015243436 1.000000000 -0.442997575 1.000000000 -0.198914394 -1.000000000 1.000000000 -0.644881427 0.016016619 1.000000000
1.000000000 -1.000000000 0.016164841 -1.000000000 -0.349261850 -0.359088033 -0.001091680 -1.000000000 -1.000000000 -1.000000000 0.015659679 1.000000000 -0.442997575 1.000000000 -0.198914394 -1.000000000 1.000000000 -0.644881427 0.016449956 1.000000000
1.000000000 -1.000000000 0.016597189 -1.000000000 -0.349261850 -0.359088033 -0.001091680 -1.000000000 -1.000000000 -1.000000000 0.016083898 1.000000000 -0.442997575 1.000000000 -0.198914394 -1.000000000 1.000000000 -0.644881427 0.016891718 1.000000000
1.000000000 -1.000000000 0.017037900 -1.000000000 -0.349261850 -0.359088033 -0.001091680 -1.000000000 -1.000000000 -1.000000000 0.016516317 1.000000000 -0.442997575 1.000000000 -0.198914394 -1.000000000 1.000000000 -0.644881427 0.017342132 1.000000000
1.000000000 -1.000000000 0.017487204 -1.000000000 -0.349261850 -0.359088033 -0.001091680 -1.000000000 -1.000000000 -1.000000000 0.016957162 1.000000000 -0.442997575 1.000000000 -0.198914394 -1.000000000 1.000000000 -0.644881427 0.017801441 1.000000000
1.000000000 -1.000000000 0.017945336 -1.000000000 -0.349261850 -0.359088033 -0.001091680 -1.000000000 -1.000000000 -1.000000000 0.017406669 1.000000000 -0.442997575 1.000000000 -0.198914394 -1.000000000 1.000000000 -0.644881427 0.018269891 1.000000000
1.000000000 -1.000000000 0.018412542 -1.000000000 -0.349261850 -0.359088033 -0.001091680 -1.000000000 -1.000000000 -1.000000000 0.017865077 1.000000000 -0.442997575 1.000000000 -0.198914394 -1.000000000 1.000000000 -0.644881427 0.018747734 1.000000000
1.000000000 -1.000000000 0.018889066 -1.000000000 -0.349261850 -0.359088033 -0.001091680 -1.000000000 -1.000000000 -1.000000000 0.018332634 1.000000000 -0.442997575 1.000000000 -0.198914394 -1.000000000 1.000000000 -0.644881427 0.019235229 1.000000000
1.000000000 -1.000000000 0.019375168 -1.000000000 -0.349261850 -0.359088033 -0.001091680 -1.000000000 -1.000000000 -1.000000000 0.018809596 1.000000000 -0.442997575 1.000000000 -0.198914394 -1.000000000 1.000000000 -0.644881427 0.019732643 1.000000000
1.000000000 -1.000000000 0.019871105 -1.000000000 -0.349261850 -0.359088033 -0.001091680 -1.000000000 -1.000000000 -1.000000000 0.019296223 1.000000000 -0.442997575 1.000000000 -0.198914394 -1.000000000 1.000000000 -0.644881427 0.020240249 1.000000000
1.000000000 -1.000000000 0.020377150 -1.000000000 -0.349261850 -0.359088033 -0.001091680 -1.000000000 -1.000000000 -1.000000000 0.019792782 1.000000000 -0.442997575 1.000000000 -0.198914394 -1.000000000 1.000000000 -0.644881427 0.020758329 1.000000000
1.000000000 -1.000000000 0.020893579 -1.000000000 -0.349261850 -0.359088033 -0.001091680 -1.000000000 -1.000000000 -1.000000000 0.020299552 1.000000000 -0.442997575 1.000000000 -0.198914394 -1.000000000 1.000000000 -0.644881427 0.021287169 1.000000000
1.000000000 -1.000000000 0.021420673 -1.000000000 -0.349261850 -0.359088033 -0.001091680 -1.000000000 -1.000000000 -1.000000000 0.020816810 1.000000000 -0.442997575 1.000000000 -0.198914394 -1.000000000 1.000000000 -0.644881427 0.021827066 1.000000000
1.000000000 -1.000000000 0.021958720 -1.000000000 -0.349261850 -0.359088033 -0.001091680 -1.000000000 -1.000000000 -1.000000000 0.021344852 1.000000000 -0.442997575 1.000000000 -0.198914394 -1.000000000 1.000000000 -0.644881427 0.022378322 1.000000000
1.000000000 -1.000000000 0.022508021 -1.000000000 -0.349261850 -0.359088033 -0.001091680 -1.000000000 -1.000000000 -1.000000000 0.021883970 1.000000000 -0.442997575 1.000000000 -0.198914394 -1.000000000 1.000000000 -0.644881427 0.022941247 1.000000000
1.000000000 -1.000000000 0.023068877 -1.000000000 -0.349261850 -0.359088033 -0.001091680 -1.000000000 -1.000000000 -1.000000000 0.022434471 1.000000000 -0.442997575 1.000000000 -0.198914394 -1.000000000 1.000000000 -0.644881427 0.023516160 1.000000000
1.000000000 -1.000000000 0.023641601 -1.000000000 -0.349261850 -0.359088033 -0.001091680 -1.000000000 -1.000000000 -1.000000000 0.022996670 1.000000000 -0.442997575 1.000000000 -0.198914394 -1.000000000 1.000000000 -0.644881427 0.024103381 1.000000000
1.000000000 -1.000000000 0.024226511 -1.000000000 -0.349261850 -0.359088033 -0.001091680 -1.000000000 -1.000000000 -1.000000000 0.023570882 1.000000000 -0.442997575 1.000000000 -0.198914394 -1.000000000 1.000000000 -0.644881427 0.024703247 1.000000000
1.000000000 -1.000000000 0.024823930 -1.000000000 -0.349261850 -0.359088033 -0.001091680 -1.000000000 -1.000000000 -1.000000000 0.024157438 1.000000000 -0.442997575 1.000000000 -0.198914394 -1.000000000 1.000000000 -0.644881427 0.025316097 1.000000000
1.000000000 -1.000000000 0.025434192 -1.000000000 -0.349261850 -0.359088033 -0.001091680 -1.000000000 -1.000000000 -1.000000000 0.024756672 1.000000000 -0.442997575 1.000000000 -0.198914394 -1.000000000 1.000000000 -0.644881427 0.025942279 1.000000000
1.000000000 -1.000000000 0.026057636 -1.000000000 -0.349261850 -0.359088033 -0.001091680 -1.000000000 -1.000000000 -1.000000000 0.025368927 1.000000000 -0.442997575 1.000000000 -0.198914394 -1.000000000 1.000000000 -0.644881427 0.026582144 1.000000000
1.000000000 -1.000000000 0.026694609 -1.000000000 -0.349261850 -0.359088033 -0.001091680 -1.000000000 -1.000000000 -1.000000000 0.025994552 1.000000000 -0.442997575 1.000000000 -0.198914394 -1.000000000 1.000000000 -0.644881427 0.027236056 1.000000000
1.000000000 -1.000000000 0.027345460 -1.000000000 -0.349261850 -0.359088033 -0.001091680 -1.000000000 -1.000000000 -1.000000000 0.026633907 1.000000000 -0.442997575 1.000000000 -0.198914394 -1.000000000 1.000000000 -0.644881427 0.027904384 1.000000000
1.000000000 -1.000000000 0.028010551 -1.000000000 -0.349261850 -0.359088033 -0.001091680 -1.000000000 -1.000000000 -1.000000000 0.027287355 1.000000000 -0.442997575 1.000000000 -0.198914394 -1.000000000 1.000000000 -0.644881427 0.028587500 1.000000000
1.000000000 -1.000000000 0.028690245 -1.000000000 -0.349261850 -0.359088033 -0.001091680 -1.000000000 -1.000000000 -1.000000000 0.027955268 1.000000000 -0.442997575 1.000000000 -0.198914394 -1.000000000 1.000000000 -0.644881427 0.029285787 1.000000000
1.000000000 -1.000000000 0.029384913 -1.000000000 -0.349261850 -0.359088033 -0.001091680 -1.000000000 -1.000000000 -1.000000000 0.028638022 1.000000000 -0.442997575 1.000000000 -0.198914394 -1.000000000 1.000000000 -0.644881427 0.029999631 1.000000000
1.000000000 -1.000000000 0.030094931 -1.000000000 -0.349261850 -0.359088033 -0.001091680 -1.000000000 -1.000000000 -1.000000000 0.029336007 1.000000000 -0.442997575 1.000000000 -0.198914394 -1.000000000 1.000000000 -0.644881427 0.030729424 1.000000000
1.000000000 -1.000000000 0.030820681 -1.000000000 -0.349261850 -0.359088033 -0.001091680 -1.000000000 -1.000000000 -1.000000000 0.030049613 1.000000000 -0.442997575 1.000000000 -0.198914394 -1.000000000 1.000000000 -0.644881427 0.031475566 1.000000000
1.000000000 -1.000000000 0.031562544 -1.000000000 -0.349261850 -0.359088033 -0.001091680 -1.000000000 -1.000000000 -1.000000000 0.030779235 1.000000000 -0.442997575 1.000000000 -0.198914394 -1.000000000 1.000000000 -0.644881427 0.032238457 1.000000000
1.000000000 -1.000000000 0.032320913 -1.000000000 -0.349261850 -0.359088033 -0.001091680 -1.000000000 -1.000000000 -1.000000000 0.031525277 1.000000000 -0.442997575 1.000000000 -0.198914394 -1.000000000 1.000000000 -0.644881427 0.033018503 1.000000000
1.000000000 -1.000000000 0.033096179 -1.000000000 -0.349261850 -0.359088033 -0.001091680 -1.000000000 -1.000000000 -1.000000000 0.032288145 1.000000000 -0.442997575 1.000000000 -0.198914394 -1.000000000 1.000000000 -0.644881427 0.033816110 1.000000000
1.000000000 -1.000000000 0.033888731 -1.000000000 -0.349261850 -0.359088033 -0.001091680 -1.000000000 -1.000000000 -1.000000000 0.033068251 1.000000000 -0.442997575 1.000000000 -0.198914394 -1.000000000 1.000000000 -0.644881427 0.034631688 1.000000000
1.000000000 -1.000000000 0.034698967 -1.000000000 -0.349261850 -0.359088033 -0.001091680 -1.000000000 -1.000000000 -1.000000000 0.033866007 1.000000000 -0.442997575 1.000000000 -0.198914394 -1.000000000 1.000000000 -0.644881427 0.035465647 1.000000000
1.000000000 -1.000000000 0.035527281 -1.000000000 -0.349261850 -0.359088033 -0.001091680 -1.000000000 -1.000000000 -1.000000000 0.034681831 1.000000000 -0.442997575 1.000000000 -0.198914394 -1.000000000 1.000000000 -0.644881427 0.036318395 1.000000000
1.000000000 -1.000000000 0.036374062 -1.000000000 -0.349261850 -0.359088033 -0.001091680 -1.000000000 -1.000000000 -1.000000000 0.035516139 1.000000000 -0.442997575 1.000000000 -0.198914394 -1.000000000 1.000000000 -0.644881427 0.037190340 1.000000000
1.000000000 -1.000000000 0.037239697 -1.000000000 -0.349261850 -0.359088033 -0.001091680 -1.000000000 -1.000000000 -1.000000000 0.036369346 1.000000000 -0.442997575 1.000000000 -0.198914394 -1.000000000 1.000000000 -0.644881427 0.038081884 1.000000000
1.000000000 -1.000000000 0.038124576 -1.000000000 -0.349261850 -0.359088033 -0.001091680 -1.000000000 -1.000000000 -1.000000000 0.037241869 1.000000000 -0.442997575 1.000000000 -0.198914394 -1.000000000 1.000000000 -0.644881427 0.038993426 1.000000000
1.000000000 -1.000000000 0.039029066 -1.000000000 -0.349261850 -0.359088033 -0.001091680 -1.000000000 -1.000000000 -1.000000000 0.038134113 1.000000000 -0.442997575 1.000000000 -0.198914394 -1.000000000 1.000000000 -0.644881427 0.039925344 1.000000000
1.000000000 -1.000000000 0.039953541 -1.000000000 -0.349261850 -0.359088033 -0.001091680 -1.000000000 -1.000000000 -1.000000000 0.039046492 1.000000000 -0.442997575 1.000000000 -0.198914394 -1.000000000 1.000000000 -0.644881427 0.040878020 1.000000000
1.000000000 -1.000000000 0.040898349 -1.000000000 -0.349261850 -0.359088033 -0.001091680 -1.000000000 -1.000000000 -1.000000000 0.039979395 1.000000000 -0.442997575 1.000000000 -0.198914394 -1.000000000 1.000000000 -0.644881427 0.041851815 1.000000000
1.000000000 -1.000000000 0.041863829 -1.000000000 -0.349261850 -0.359088033 -0.001091680 -1.000000000 -1.000000000 -1.000000000 0.040933214 1.000000000 -0.442997575 1.000000000 -0.198914394 -1.000000000 1.000000000 -0.644881427 0.042847071 1.000000000
1.000000000 -1.000000000 0.042850301 -1.000000000 -0.349261850 -0.359088033 -0.001091680 -1.000000000 -1.000000000 -1.000000000 0.041908320 1.000000000 -0.442997575 1.000000000 -0.198914394 -1.000000000 1.000000000 -0.644881427 0.043864109 1.000000000
1.000000000 -1.000000000 0.043858059 -1.000000000 -0.349261850 -0.359088033 -0.001091680 -1.000000000 -1.000000000 -1.000000000 0.042905066 1.000000000 -0.442997575 1.000000000 -0.198914394 -1.000000000 1.000000000 -0.644881427 0.044903222 1.000000000
1.000000000 -1.000000000 0.044887368 -1.000000000 -0.349261850 -0.359088033 -0.001091680 -1.000000000 -1.000000000 -1.000000000 0.043923795 1.000000000 -0.442997575 1.000000000 -0.198914394 -1.000000000 1.000000000 -0.644881427 0.045964673 1.000000000
1.000000000 -1.000000000 0.045938462 -1.000000000 -0.349261850 -0.359088033 -0.001091680 -1.000000000 -1.000000000 -1.000000000 0.044964809 1.000000000 -0.442997575 1.000000000 -0.198914394 -1.000000000 1.000000000 -0.644881427 0.047048684 1.000000000
1.000000000 -1.000000000 0.047011536 -1.000000000 -0.349261850 -0.359088033 -0.001091680 -1.000000000 -1.000000000 -1.000000000 0.046028391 1.000000000 -0.442997575 1.000000000 -0.198914394 -1.000000000 1.000000000 -0.644881427 0.048155431 1.000000000
1.000000000 -1.000000000 0.048106737 -1.000000000 -0.349261850 -0.359088033 -0.001091680 -1.000000000 -1.000000000 -1.000000000 0.047114782 1.000000000 -0.442997575 1.000000000 -0.198914394 -1.000000000 1.000000000 -0.644881427 0.049285043 1.000000000
1.000000000 -1.000000000 0.049224153 -1.000000000 -0.349261850 -0.359088033 -0.001091680 -1.000000000 -1.000000000 -1.000000000 0.048224177 1.000000000 -0.442997575 1.000000000 -0.198914394 -1.000000000 1.000000000 -0.644881427 0.050437585 1.000000000
1.000000000 -1.000000000 0.050363820 -1.000000000 -0.349261850 -0.359088033 -0.001091680 -1.000000000 -1.000000000 -1.000000000 0.049356733 1.000000000 -0.442997575 1.000000000 -0.198914394 -1.000000000 1.000000000 -0.644881427 0.051613037 1.000000000
1.000000000 -1.000000000 0.051525682 -1.000000000 -0.349261850 -0.359088033 -0.001091680 -1.000000000 -1.000000000 -1.000000000 0.050512530 1.000000000 -0.442997575 1.000000000 -0.198914394 -1.000000000 1.000000000 -0.644881427 0.052811310 1.000000000
1.000000000 -1.000000000 0.052709617 -1.000000000 -0.349261850 -0.359088033 -0.001091680 -1.000000000 -1.000000000 -1.000000000 0.051691592 1.000000000 -0.442997575 1.000000000 -0.198914394 -1.000000000 1.000000000 -0.644881427 0.054032210 1.000000000
1.000000000 -1.000000000 0.053915381 -1.000000000 -0.349261850 -0.359088033 -0.001091680 -1.000000000 -1.000000000 -1.000000000 0.052922692 1.000000000 -0.442997575 1.000000000 -0.198914394 -1.000000000 1.000000000 -0.644881427 0.055275429 1.000000000
1.000000000 -1.000000000 0.055142634 -1.000000000 -0.349261850 -0.359088033 -0.001091680 -1.000000000 -1.000000000 -1.000000000 0.054206677 1.000000000 -0.442997575 1.000000000 -0.198914394 -1.000000000 1.000000000 -0.644881427 0.056540515 1.000000000
1.000000000 -1.000000000 0.056390882 -1.000000000 -0.349261850 -0.359088033 -0.001091680 -1.000000000 -1.000000000 -1.000000000 0.055529322 1.000000000 -0.442997575 1.000000000 -0.198914394 -1.000000000 1.000000000 -0.644881427 0.057826880 1.000000000
1.000000000 -1.000000000 0.057659488 -1.000000000 -0.349261850 -0.359088033 -0.001091680 -1.000000000 -1.000000000 -1.000000000 0.056885067 1.000000000 -0.442997575 1.000000000 -0.198914394 -1.000000000 1.000000000 -0.644881427 0.059133738 1.000000000
1.000000000 -1.000000000 0.058947627 -1.000000000 -0.349261850 -0.359088033 -0.001091680 -1.000000000 -1.000000000 -1.000000000 0.058271058 1.000000000 -0.442997575 1.000000000 -0.198914394 -1.000000000 1.000000000 -0.644881427 0.060460102 1.000000000
1.000000000 -1.000000000 0.060254265 -1.000000000 -0.349261850 -0.359088033 -0.001091680 -1.000000000 -1.000000000 -1.000000000 0.059685051 1.000000000 -0.442997575 1.000000000 -0.198914394 -1.000000000 1.000000000 -0.644881427 0.061804742 1.000000000
1.000000000 -1.000000000 0.061578121 -1.000000000 -0.349261850 -0.359088033 -0.001091680 -1.000000000 -1.000000000 -1.000000000 0.061124679 1.000000000 -0.442997575 1.000000000 -0.198914394 -1.000000000 1.000000000 -0.644881427 0.063166134 1.000000000
1.000000000 -1.000000000 0.062917635 -1.000000000 -0.349261850 -0.359088033 -0.001091680 -1.000000000 -1.000000000 -1.000000000 0.062587135 1.000000000 -0.442997575 1.000000000 -0.198914394 -1.000000000 1.000000000 -0.644881427 0.064542443 1.000000000
1.000000000 -1.000000000 0.064270914 -1.000000000 -0.349261850 -0.359088033 -0.001091680 -1.000000000 -1.000000000 -1.000000000 0.064069033 1.000000000 -0.442997575 1.000000000 -0.198914394 -1.000000000 1.000000000 -0.644881427 0.065931424 1.000000000
1.000000000 -1.000000000 0.065635674 -1.000000000 -0.349261850 -0.359088033 -0.001091680 -1.000000000 -1.000000000 -1.000000000 0.065566264 1.000000000 -0.442997575 1.000000000 -0.198914394 -1.000000000 1.000000000 -0.644881427 0.067330398 1.000000000
1.000000000 -1.000000000 0.067009181 -1.000000000 -0.349261850 -0.359088033 -0.001091680 -1.000000000 -1.000000000 -1.000000000 0.067073874 1.000000000 -0.442997575 1.000000000 -0.198914394 -1.000000000 1.000000000 -0.644881427 0.068736151 1.000000000
1.000000000 -1.000000000 0.068388179 -1.000000000 -0.349261850 -0.359088033 -0.001091680 -1.000000000 -1.000000000 -1.000000000 0.068585925 1.000000000 -0.442997575 1.000000000 -0.198914394 -1.000000000 1.000000000 -0.644881427 0.070144840 1.000000000
1.000000000 -1.000000000 0.069768786 -1.000000000 -0.349261850 -0.359088033 -0.001091680 -1.000000000 -1.000000000 -1.000000000 0.070092022 1.000000000 -0.442997575 1.000000000 -0.198914394 -1.000000000 1.000000000 -0.644881427 0.071551889 1.000000000
1.000000000 -1.000000000 0.071146399 -1.000000000 -0.349261850 -0.359088033 -0.001091680 -1.000000000 -1.000000000 -1.000000000 0.071533367 1.000000000 -0.442997575 1.000000000 -0.198914394 -1.000000000 1.000000000 -0.644881427 0.072951861 1.000000000
1.000000000 -1.000000000 0.072504222 -1.000000000 -0.349261850 -0.359088033 -0.001091680 -1.000000000 -1.000000000 -1.000000000 0.072898008 1.000000000 -0.442997575 1.000000000 -0.198914394 -1.000000000 1.000000000 -0.644881427 0.074338265 1.000000000
1.000000000 -1.000000000 0.073816217 -1.000000000 -0.349261850 -0.359088033 -0.001091680 -1.000000000 -1.000000000 -1.000000000 0.074164957 1.000000000 -0.442997575 1.000000000 -0.198914394 -1.000000000 1.000000000 -0.644881427 0.075698078 1.000000000
1.000000000 -1.000000000 0.075050682 -1.000000000 -0.349261850 -0.359088033 -0.001091680 -1.000000000 -1.000000000 -1.000000000 0.075312704 1.000000000 -0.442997575 1.000000000 -0.198914394 -1.000000000 1.000000000 -0.644881427 0.076991647 1.000000000
1.000000000 -1.000000000 0.076160416 -1.000000000 -0.349261850 -0.359088033 -0.001091680 -1.000000000 -1.000000000 -1.000000000 0.076320678 1.000000000 -0.442997575 1.000000000 -0.198914394 -1.000000000 1.000000000 -0.644881427 0.078210190 1.000000000
1.000000000 -1.000000000 0.077128202 -1.000000000 -0.349261850 -0.359088033 -0.001091680 -1.000000000 -1.000000000 -1.000000000 0.077167608 1.000000000 -0.442997575 1.000000000 -0.198914394 -1.000000000 1.000000000 -0.644881427 0.079343393 1.000000000
1.000000000 -1.000000000 0.077935383 -1.000000000 -0.349261850 -0.359088033 -0.001091680 -1.000000000 -1.000000000 -1.000000000 0.077829905 1.000000000 -0.442997575 1.000000000 -0.198914394 -1.000000000 1.000000000 -0.644881427 0.080379099 1.000000000
1.000000000 -1.000000000 0.078560799 -1.000000000 -0.349261850 -0.359088033 -0.001091680 -1.000000000 -1.000000000 -1.000000000 0.078280143 1.000000000 -0.442997575 1.000000000 -0.198914394 -1.000000000 1.000000000 -0.644881427 0.081302807 1.000000000
1.000000000 -1.000000000 0.078979634 -1.000000000 -0.349261850 -0.359088033 -0.001091680 -1.000000000 -1.000000000 -1.000000000 0.078485407 1.000000000 -0.442997575 1.000000000 -0.198914394 -1.000000000 1.000000000 -0.644881427 0.082097150 1.000000000
1.000000000 -1.000000000 0.079162069 -1.000000000 -0.349261850 -0.359088033 -0.001091680 -1.000000000 -1.000000000 -1.000000000 0.078405261 1.000000000 -0.442997575 1.000000000 -0.198914394 -1.000000000 1.000000000 -0.644881427 0.082512304 1.000000000
1.000000000 -1.000000000 0.078980803 -1.000000000 -0.349261850 -0.359088033 -0.001091680 -1.000000000 -1.000000000 -1.000000000 0.077865325 1.000000000 -0.442997575 1.000000000 -0.198914394 -1.000000000 1.000000000 -0.644881427 0.082425117 1.000000000
1.000000000 -1.000000000 0.078262426 -1.000000000 -0.349261850 -0.359088033 -0.001091680 -1.000000000 -1.000000000 -1.000000000 0.076662064 1.000000000 -0.442997575 1.000000000 -0.198914394 -1.000000000 1.000000000 -0.644881427 0.081746221 1.000000000
1.000000000 -1.000000000 0.076816864 -1.000000000 -0.349261850 -0.359088033 -0.001091680 -1.000000000 -1.000000000 -1.000000000 0.074578665 1.000000000 -0.442997575 1.000000000 -0.198914394 -1.000000000 1.000000000 -0.644881427 0.080307089 1.000000000
1.000000000 -1.000000000 0.074408777 -1.000000000 -0.349261850 -0.359088033 -0.001091680 -1.000000000 -1.000000000 -1.000000000 0.071330249 1.000000000 -0.442997575 1.000000000 -0.198914394 -1.000000000 1.000000000 -0.644881427 0.077869661 1.000000000
1.000000000 -1.000000000 0.070724376 -1.000000000 -0.349261850 -0.359088033 -0.001091680 -1.000000000 -1.000000000 -1.000000000 0.066523410 1.000000000 -0.442997575 1.000000000 -0.198914394 -1.000000000 1.000000000 -0.644881427 0.074105278 1.000000000
1.000000000 -1.000000000 0.065328196 -1.000000000 -0.349261850 -0.359088033 -0.001091680 -1.000000000 -1.000000000 -1.000000000 0.059598703 1.000000000 -0.442997575 1.000000000 -0.198914394 -1.000000000 1.000000000 -0.644881427 0.068551317 1.000000000
1.000000000 -1.000000000 0.057595521 -1.000000000 -0.349261850 -0.359088033 -0.001091680 -1.000000000 -1.000000000 -1.000000000 0.049973078 1.000000000 -0.442997575 1.000000000 -0.198914394 -1.000000000 1.000000000 -0.644881427 0.060619857 1.000000000
1.000000000 -1.000000000 0.046728775 -1.000000000 -0.349261850 -0.359088033 -0.001091680 -1.000000000 -1.000000000 -1.000000000 0.037855610 1.000000000 -0.442997575 1.000000000 -0.198914394 -1.000000000 1.000000000 -0.644881427 0.049902745 1.000000000
1.000000000 -1.000000000 0.032203399 -1.000000000 -0.349261850 -0.359088033 -0.001091680 -1.000000000 -1.000000000 -1.000000000 0.022555554 1.000000000 -0.442997575 1.000000000 -0.198914394 -1.000000000 1.000000000 -0.644881427 0.035905439 1.000000000
1.000000000 -1.000000000 0.013117517 -1.000000000 -0.349261850 -0.359088033 -0.001091680 -1.000000000 -1.000000000 -1.000000000 0.002958872 1.000000000 -0.442997575 1.000000000 -0.198914394 -1.000000000 1.000000000 -0.644881427 0.017895319 1.000000000
1.000000000 -1.000000000 -0.011674915 -1.000000000 -0.349261850 -0.359088033 -0.001091680 -1.000000000 -1.000000000 -1.000000000 -0.022946870 1.000000000 -0.442997575 1.000000000 -0.198914394 -1.000000000 1.000000000 -0.644881427 -0.005212034 1.000000000
1.000000000 -1.000000000 -0.044892054 -1.000000000 -0.349261850 -0.359088033 -0.001091680 -1.000000000 -1.000000000 -1.000000000 -0.059342787 1.000000000 -0.442997575 1.000000000 -0.198914394 -1.000000000 1.000000000 -0.644881427 -0.035757832 1.000000000
1.000000000 -1.000000000 -0.093317762 -1.000000000 -0.349261850 -0.359088033 -0.001091680 -1.000000000 -1.000000000 -1.000000000 -0.116548210 1.000000000 -0.442997575 1.000000000 -0.198914394 -1.000000000 1.000000000 -0.644881427 -0.080330320 1.000000000
1.000000000 -1.000000000 -0.178503036 -1.000000000 -0.349261850 -0.359088033 -0.001091680 -1.000000000 -1.000000000 -1.000000000 -0.226249933 1.000000000 -0.442997575 1.000000000 -0.198914394 -1.000000000 1.000000000 -0.644881427 -0.165417105 1.000000000
1.000000000 -1.000000000 -0.403731465 -1.000000000 -0.349261850 -0.359088033 -0.001091680 -1.000000000 -1.000000000 -1.000000000 -0.519029796 1.000000000 -0.442997575 1.000000000 -0.198914394 -1.000000000 1.000000000 -0.644881427 -0.472838223 1.000000000
1.000000000 -1.000000000 -1.000000000 -1.000000000 -0.349261850 -0.359088033 -0.001091680 -1.000000000 -1.000000000 -1.000000000 -1.000000000 1.000000000 -0.442997575 1.000000000 -0.198914394 -1.000000000 1.000000000 -0.644881427 0.211787626 1.000000000
