case,episode,seed,defender_id,target_index,hit_time_s,terminal_abs_ny_g,hit_distance_m
case1,1,89001,4,4,26.750000000000245,0.052833157290236576,2.510537060172212
case1,1,89001,12,4,26.750000000000245,0.036298908765711374,1.5018470541517976
case1,1,89001,1,1,28.350000000000268,0.03698756962965005,1.931983951366372
case1,1,89001,9,1,28.350000000000268,0.40885209379292065,1.8130836993487358
case1,1,89001,17,1,28.350000000000268,0.1228303167709538,2.5411700815748426
case1,1,89001,7,7,28.50000000000027,0.5195467746832609,0.39947468826118576
case1,1,89001,15,7,28.50000000000027,0.44407121219852236,0.8754212020055546
case1,1,89001,14,6,29.20000000000028,0.23318128284868123,1.509643348779218
case1,1,89001,6,6,29.25000000000028,0.49479168456031064,0.8874379211499304
case1,1,89001,11,3,30.150000000000293,0.400234965296778,2.8150110223932208
case1,1,89001,19,3,30.150000000000293,0.18368619289835714,2.0637040791322088
case1,1,89001,3,3,30.200000000000294,0.1259927706143948,0.8288849583688066
case1,1,89001,0,0,31.30000000000031,0.4356372377359512,1.1850080211789469
case1,1,89001,8,0,31.30000000000031,0.5550782802071939,1.9829350933982335
case1,1,89001,16,0,31.35000000000031,0.47699047306165987,0.83312753517464
case1,1,89001,5,5,33.10000000000026,0.18366521009684944,1.1863491457075763
case1,1,89001,13,5,33.10000000000026,0.450164378974668,1.7746489589404197
case1,1,89001,2,2,35.950000000000095,0.3836792828195828,2.5667911420500817
case1,2,89002,4,4,26.750000000000245,0.04069223935415317,2.690839058926578
case1,2,89002,12,4,26.750000000000245,0.16514364440913995,1.3378884292285076
case1,2,89002,7,7,28.50000000000027,0.23196450470991367,0.2933775997162513
case1,2,89002,15,7,28.50000000000027,0.19910371293391083,0.7962442863486104
case1,2,89002,14,6,29.20000000000028,0.12910777979754906,1.8390503032619605
case1,2,89002,6,6,29.25000000000028,0.26288717371804754,0.7226871458628094
case1,2,89002,1,1,29.600000000000286,0.684605864679857,2.6766968526273733
case1,2,89002,17,1,29.600000000000286,0.19783955616311275,1.8894585607794248
case1,2,89002,0,0,31.30000000000031,0.05403508923825412,0.8467529413658145
case1,2,89002,8,0,31.30000000000031,0.17366013601980118,2.731294518071563
case1,2,89002,16,0,31.35000000000031,0.5675814002992341,0.6634563046279027
case1,2,89002,19,3,31.450000000000312,0.21034820068404458,2.6889016793142715
case1,2,89002,3,3,31.500000000000313,0.21307931025011434,1.6473082532678565
case1,2,89002,5,5,33.05000000000026,0.031682611940677174,2.8192609584013226
case1,2,89002,10,2,33.05000000000026,0.17753441062521935,1.9113549750306833
case1,2,89002,13,5,33.05000000000026,0.16643402014820208,1.1060966594143193
case1,2,89002,18,2,33.05000000000026,0.09738766188321973,1.6520064238730223
case1,2,89002,2,2,33.10000000000026,0.15735031677523476,0.25380109823886443
case1,3,89003,12,4,27.70000000000026,0.21604867494703484,2.2795712487850164
case1,3,89003,1,1,28.350000000000268,0.7123965421097288,1.791278510369968
case1,3,89003,9,1,28.350000000000268,0.32389180451391275,1.2612304173955031
case1,3,89003,17,1,28.350000000000268,0.001708740514997975,1.6900108615485392
case1,3,89003,14,6,29.20000000000028,0.25018876122809075,1.625305220460614
case1,3,89003,6,6,29.25000000000028,0.5554348837058051,1.3353598015972807
case1,3,89003,7,7,29.85000000000029,0.19268441969500294,2.32486731920747
case1,3,89003,11,3,30.150000000000293,0.02925344702970656,1.9135810534881155
case1,3,89003,19,3,30.150000000000293,0.06077432689709636,0.9212482565347736
case1,3,89003,3,3,30.200000000000294,0.31633537255434163,0.6652172275358289
case1,3,89003,0,0,31.30000000000031,0.18975835888875933,1.880518394561095
case1,3,89003,8,0,31.30000000000031,0.26281879249274337,2.731440813760094
case1,3,89003,16,0,31.35000000000031,0.097298260630411,0.9923139609965848
case1,3,89003,5,5,33.05000000000026,0.17470213107051605,1.229656259471477
case1,3,89003,10,2,33.05000000000026,0.3025325319107654,1.7593451752323868
case1,3,89003,13,5,33.05000000000026,0.4977707798560015,1.3112554633048104
case1,3,89003,18,2,33.05000000000026,0.17883494304827977,2.0312280775818357
case1,3,89003,2,2,33.10000000000026,0.22353514691285462,0.8868730268311068
case1,4,89004,4,4,26.750000000000245,0.17302428960396546,2.339873480438329
case1,4,89004,12,4,26.750000000000245,0.5364220481247803,2.384031127566881
case1,4,89004,17,1,28.300000000000267,0.013361025091258416,2.9326126926412717
case1,4,89004,1,1,28.350000000000268,0.15407147253574208,2.647436034676092
case1,4,89004,9,1,28.350000000000268,0.6200419031294571,2.438533686520171
case1,4,89004,7,7,28.50000000000027,0.2987901776395908,0.41613107318331005
case1,4,89004,15,7,28.50000000000027,0.1480442705314677,0.8662855057238188
case1,4,89004,14,6,29.20000000000028,0.29682288069381557,1.4803400304968168
case1,4,89004,6,6,29.25000000000028,0.003292161522807785,1.6611315849198542
case1,4,89004,11,3,30.150000000000293,0.2291094423178411,1.8789671127065566
case1,4,89004,19,3,30.150000000000293,0.48795156103122084,1.97541675377028
case1,4,89004,3,3,30.200000000000294,0.08294940119037658,1.2246293625730416
case1,4,89004,0,0,31.30000000000031,0.1973082236946211,0.8655478545303653
case1,4,89004,8,0,31.30000000000031,0.3672486964863212,2.0088075729835504
case1,4,89004,16,0,31.35000000000031,0.165518850421699,0.7129700491247397
case1,4,89004,10,2,33.35000000000024,0.2539062666419421,2.5736811442113057
case1,4,89004,18,2,33.35000000000024,0.4146759639420631,2.082874717954664
case1,4,89004,5,5,34.45000000000018,0.26670427952246156,2.0283166443786143
case1,5,89005,4,4,26.750000000000245,0.4521400485873542,2.4769998852121304
case1,5,89005,12,4,26.750000000000245,0.0874967502540911,1.601887792561089
case1,5,89005,17,1,28.300000000000267,0.582508360216888,2.932604531994657
case1,5,89005,1,1,28.350000000000268,0.486775418917336,1.8313397275386136
case1,5,89005,9,1,28.350000000000268,0.19269595174339446,1.163829339819014
case1,5,89005,14,6,29.20000000000028,0.6466385384460999,2.3037190477554907
case1,5,89005,6,6,29.25000000000028,0.22223544073340723,1.9932764628079909
case1,5,89005,7,7,29.85000000000029,0.47842250139971987,2.0587517964621256
case1,5,89005,11,3,30.150000000000293,0.5861580470034644,1.6759456503630537
case1,5,89005,19,3,30.150000000000293,0.24435486801870743,1.2790683595673467
case1,5,89005,3,3,30.200000000000294,0.334209350778513,0.5772151087204058
case1,5,89005,0,0,31.30000000000031,0.5480846199353436,1.27930407785742
case1,5,89005,8,0,31.30000000000031,0.24699603535393239,2.0889473094980864
case1,5,89005,16,0,31.35000000000031,0.22720360064535847,0.30438577694015784
case1,5,89005,5,5,33.10000000000026,0.2202696956010289,2.367108637827556
case1,5,89005,13,5,33.10000000000026,0.40756984996661827,0.5453062935106978
case1,5,89005,18,2,34.95000000000015,0.05407731530092405,2.6616021959829137
case1,5,89005,2,2,35.00000000000015,0.33514572048462377,0.5931677535708165
case1,6,89006,4,4,26.750000000000245,0.38634774582714304,2.8514091135285002
case1,6,89006,12,4,26.750000000000245,0.5651810706673356,1.9963203107947076
case1,6,89006,7,7,28.50000000000027,0.5262412629467603,0.5843020644355861
case1,6,89006,15,7,28.50000000000027,0.257293477511076,0.9729117770942981
case1,6,89006,14,6,29.20000000000028,0.12039547248029137,1.00406504218757
case1,6,89006,6,6,29.25000000000028,0.31229987010465377,1.7856702174610446
case1,6,89006,1,1,29.600000000000286,0.8469436499760439,2.8708980679736302
case1,6,89006,11,3,30.350000000000296,0.3710568441181399,0.9781464485363163
case1,6,89006,19,3,30.350000000000296,0.6392375222097957,0.5419288494679769
case1,6,89006,0,0,31.30000000000031,0.15639553529799508,1.5735236487157445
case1,6,89006,8,0,31.30000000000031,0.052703959087956165,1.9904146857061902
case1,6,89006,16,0,31.35000000000031,0.01785349139892703,1.579777964388595
case1,6,89006,5,5,33.05000000000026,0.5203280733017692,2.9856579373002083
case1,6,89006,10,2,33.05000000000026,0.09012884967330104,2.2181479097667567
case1,6,89006,18,2,33.05000000000026,0.26953156699460507,1.6372965502244823
case1,6,89006,2,2,33.10000000000026,0.38981240757597707,1.1301763521772628
case1,6,89006,13,5,33.10000000000026,0.3018471458905583,2.2926722083253495
case1,7,89007,12,4,26.750000000000245,0.06989690360153744,1.9852628818271523
case1,7,89007,4,4,26.800000000000246,0.40396305294853657,2.734348270267715
case1,7,89007,1,1,28.350000000000268,0.11312990297464794,1.5627286692586138
case1,7,89007,9,1,28.350000000000268,0.08501926362170756,1.357590060113918
case1,7,89007,17,1,28.350000000000268,0.1171117869747027,1.608712633961564
case1,7,89007,7,7,28.50000000000027,0.26535875291546723,1.324106758246024
case1,7,89007,15,7,28.50000000000027,0.262728842336339,0.7496263961049628
case1,7,89007,14,6,29.20000000000028,0.2472693125533154,1.9730143005361158
case1,7,89007,6,6,29.25000000000028,0.3474100166259441,1.419876245107165
case1,7,89007,11,3,30.150000000000293,0.2637721841318008,1.6986320798796792
case1,7,89007,19,3,30.150000000000293,0.04410902798127836,1.714004692801271
case1,7,89007,3,3,30.200000000000294,0.22816296572951422,0.9174544949364593
case1,7,89007,0,0,32.800000000000274,0.0911379523736715,1.9270113212275841
case1,7,89007,10,2,33.05000000000026,0.14279127625226937,1.7180123112819006
case1,7,89007,18,2,33.05000000000026,0.20513855222724334,1.4173935592501685
case1,7,89007,2,2,33.10000000000026,0.48034586972915255,0.7419088912289573
case1,7,89007,5,5,33.10000000000026,0.02374150518237103,2.6972679590316213
case1,7,89007,13,5,33.10000000000026,0.40405824777797816,2.121455337003026
case1,8,89008,7,7,28.50000000000027,0.0753131047768659,0.4316653333016917
case1,8,89008,15,7,28.50000000000027,0.5634609378236072,1.2400640610169595
case1,8,89008,9,1,28.650000000000272,0.17136149967523864,2.203464493695293
case1,8,89008,17,1,28.650000000000272,0.7512289864170504,1.5558331501274834
case1,8,89008,14,6,29.20000000000028,0.11705492513630333,1.5825620375158589
case1,8,89008,6,6,29.25000000000028,0.0035189964827723463,0.9855550106230924
case1,8,89008,11,3,30.150000000000293,0.17224868052779724,2.791700700623838
case1,8,89008,19,3,30.150000000000293,0.431737929870914,1.301533621504346
case1,8,89008,3,3,30.200000000000294,0.6562641727320253,0.9362458926752473
case1,8,89008,0,0,31.30000000000031,0.3816084988445214,1.333217171240356
case1,8,89008,8,0,31.30000000000031,0.26161425813400635,2.3041804693142747
case1,8,89008,16,0,31.35000000000031,0.26893564404121484,0.6242161682821172
case1,8,89008,10,2,33.05000000000026,0.14191335679534922,2.2548057364237795
case1,8,89008,18,2,33.05000000000026,0.1613149916912049,2.014912361742413
case1,8,89008,2,2,33.10000000000026,0.354764577266232,1.2664196428299255
case1,8,89008,5,5,33.10000000000026,0.02357410664305626,2.9827504543755734
case1,8,89008,13,5,33.10000000000026,0.4059114714953195,1.5041121186005548
case1,8,89008,4,4,34.25000000000019,0.2896324677367781,1.0691814543497782
case1,9,89009,4,4,26.750000000000245,0.15156207707666025,2.721508909201502
case1,9,89009,12,4,26.750000000000245,0.5151465065107816,1.541488683933109
case1,9,89009,7,7,28.50000000000027,0.7366277668945235,1.9649313905781465
case1,9,89009,15,7,28.50000000000027,0.09953410064241319,0.7354408844576757
case1,9,89009,9,1,28.650000000000272,0.1045073892968878,0.5315777225023999
case1,9,89009,17,1,28.650000000000272,0.023856047539118352,1.6182552892897908
case1,9,89009,6,6,30.050000000000292,0.25315617724067935,1.6547311650147414
case1,9,89009,11,3,30.150000000000293,0.08993402834583517,1.7551156857744892
case1,9,89009,19,3,30.150000000000293,0.23706301478859063,1.2838937599168438
case1,9,89009,3,3,30.200000000000294,0.45782767704250715,1.002352975056207
case1,9,89009,0,0,31.30000000000031,0.1425684880419279,1.5613121811340847
case1,9,89009,8,0,31.30000000000031,0.2683505562410761,2.077579946554419
case1,9,89009,16,0,31.35000000000031,0.4285689065400823,0.9782095140384759
case1,9,89009,5,5,33.05000000000026,0.13945604983433163,1.7961902720398835
case1,9,89009,10,2,33.05000000000026,0.084289148558189,1.8481566053714626
case1,9,89009,18,2,33.05000000000026,0.19422430946130623,1.8705822958521634
case1,9,89009,2,2,33.10000000000026,0.004824837913837227,0.6138838242914925
case1,9,89009,13,5,33.10000000000026,0.05044623194861504,2.2584279516245145
case1,10,89010,4,4,26.750000000000245,0.2720499990923213,2.834554293820647
case1,10,89010,12,4,26.750000000000245,0.3408781739486764,1.7633465188210145
case1,10,89010,1,1,28.350000000000268,0.3335061946144323,2.2586799549655794
case1,10,89010,9,1,28.350000000000268,0.10556443094550613,0.8404581005262464
case1,10,89010,17,1,28.350000000000268,0.24500490835791366,2.209620428893631
case1,10,89010,14,6,29.20000000000028,0.0008338809790692792,1.849875374707936
case1,10,89010,6,6,29.25000000000028,0.10748659478816455,1.152366348770801
case1,10,89010,15,7,29.350000000000282,0.6352208572108214,0.7761760985728461
case1,10,89010,11,3,30.400000000000297,0.2439079587713314,2.0644586834494483
case1,10,89010,3,3,30.450000000000298,0.27303087545133,0.9376981019047624
case1,10,89010,0,0,31.30000000000031,0.057873864319745505,0.8803421586948704
case1,10,89010,8,0,31.30000000000031,0.195152536566114,2.0822378263525003
case1,10,89010,16,0,31.35000000000031,0.17889420051305177,1.216743436766231
case1,10,89010,10,2,33.05000000000026,0.44639145225281573,1.852607872761532
case1,10,89010,18,2,33.05000000000026,0.24029405801108863,1.4484058559554822
case1,10,89010,2,2,33.10000000000026,0.17697598106030285,1.1772190768595219
case1,10,89010,5,5,33.10000000000026,0.13163677297704146,1.4286479431473758
case1,10,89010,13,5,33.10000000000026,0.3100967937809711,0.9547189352910435
case1,11,89011,12,4,27.70000000000026,0.08785939531068043,2.7483587512439724
case1,11,89011,7,7,28.50000000000027,0.49685396035611257,1.3239847785993535
case1,11,89011,15,7,28.50000000000027,0.034255946021739925,1.0934980744296325
case1,11,89011,9,1,28.700000000000273,0.4773384295354609,2.7479083452433617
case1,11,89011,1,1,28.750000000000274,0.2095250478216146,1.9185392920447577
case1,11,89011,14,6,29.20000000000028,0.10066954939045067,1.4620027852653195
case1,11,89011,6,6,29.25000000000028,0.09227047562096055,2.065997406253231
case1,11,89011,11,3,30.150000000000293,0.27495370110077333,2.052790292140454
case1,11,89011,19,3,30.150000000000293,0.33500703321247416,1.5433000789303633
case1,11,89011,3,3,30.200000000000294,0.4165844533460577,0.602520930140771
case1,11,89011,0,0,31.30000000000031,0.5450069634684934,1.7987446020700524
case1,11,89011,8,0,31.30000000000031,0.329578608931402,2.1006560398877445
case1,11,89011,16,0,31.35000000000031,0.21931485442194004,1.2976736407325304
case1,11,89011,10,2,33.05000000000026,0.5027817674491376,2.2196743726362134
case1,11,89011,18,2,33.05000000000026,0.16412825229758557,1.9204803625759304
case1,11,89011,2,2,33.10000000000026,0.3324932536710815,0.7646726156566555
case1,11,89011,5,5,33.10000000000026,0.46988402831432274,0.6718953319064414
case1,11,89011,13,5,33.10000000000026,0.011520081574172586,1.2977685791989917
case1,12,89012,4,4,26.750000000000245,0.5004588306435781,2.7446512896676745
case1,12,89012,12,4,26.750000000000245,0.3080410769149389,1.642320794763769
case1,12,89012,7,7,28.50000000000027,0.21393434565733288,0.5949190479676428
case1,12,89012,15,7,28.50000000000027,0.4705804581041032,1.162177285758309
case1,12,89012,9,1,28.700000000000273,0.23478816871987182,2.653437903999924
case1,12,89012,1,1,28.750000000000274,0.21207205647672656,1.2787148646673512
case1,12,89012,14,6,29.20000000000028,0.04211931949001263,1.8503185395247317
case1,12,89012,6,6,29.25000000000028,0.1639137416363024,0.8946343569667545
case1,12,89012,11,3,30.150000000000293,0.4574709792270947,2.0037436344408794
case1,12,89012,19,3,30.150000000000293,0.17183546436667752,1.790973849285598
case1,12,89012,3,3,30.200000000000294,0.050197521557635044,1.5460845600286153
case1,12,89012,0,0,31.30000000000031,0.2060175123442892,1.1337406006867283
case1,12,89012,8,0,31.30000000000031,0.034213701082631054,1.8615780366301733
case1,12,89012,16,0,31.35000000000031,0.27584709943445684,0.5507304704023851
case1,12,89012,5,5,33.10000000000026,0.5186248533483615,0.8778565711528463
case1,12,89012,13,5,33.10000000000026,0.392916398750702,0.6125833573523041
case1,12,89012,18,2,34.95000000000015,0.3786699444730509,2.0964458944701057
case1,12,89012,2,2,35.00000000000015,0.27613568289779966,1.1920389196657315
case1,13,89013,4,4,26.750000000000245,0.19949599048515515,2.409496121787873
case1,13,89013,12,4,26.750000000000245,0.27107758212674415,1.602347047515687
case1,13,89013,7,7,28.50000000000027,0.208307406086608,0.32747414396206775
case1,13,89013,15,7,28.50000000000027,0.38871820019562014,0.8823591844681491
case1,13,89013,9,1,28.700000000000273,0.06722225695431347,2.751174514484984
case1,13,89013,1,1,28.750000000000274,0.2398416837988369,2.953373926831601
case1,13,89013,14,6,29.20000000000028,0.25190780237581306,2.629443922268698
case1,13,89013,6,6,29.25000000000028,0.0160271335170101,1.2190838505548027
case1,13,89013,11,3,30.150000000000293,0.015948661096551797,1.8567655105447125
case1,13,89013,19,3,30.150000000000293,0.6634632948112851,1.4436204929683338
case1,13,89013,3,3,30.200000000000294,0.40775333368886857,1.8348527289630006
case1,13,89013,0,0,31.30000000000031,0.38280453449162877,1.8917620177015149
case1,13,89013,8,0,31.30000000000031,0.012466142717451167,2.0593205866167055
case1,13,89013,16,0,31.35000000000031,0.11972971247278158,0.6062120036058161
case1,13,89013,10,2,33.05000000000026,0.051829182759221104,1.975478525607807
case1,13,89013,18,2,33.05000000000026,0.24789838289232158,1.6704446867601102
case1,13,89013,2,2,33.10000000000026,0.3725441208028824,1.1367403279803614
case1,13,89013,13,5,37.10000000000003,0.45767241395607616,0.5471700668936219
case1,14,89014,1,1,28.350000000000268,0.08662774955001087,2.1892223632749945
case1,14,89014,9,1,28.350000000000268,0.165337743891873,0.7521639546363509
case1,14,89014,17,1,28.350000000000268,0.001478121899394974,1.4985127398025044
case1,14,89014,14,6,29.20000000000028,0.15805656231954637,1.8978838313503597
case1,14,89014,6,6,29.25000000000028,0.828717716688545,0.9876791883979776
case1,14,89014,7,7,29.85000000000029,0.09689701313507623,2.5257645205326744
case1,14,89014,11,3,30.150000000000293,0.253376907973394,1.5241156210524343
case1,14,89014,19,3,30.150000000000293,0.03365753123395804,1.6681804783393652
case1,14,89014,3,3,30.200000000000294,0.3207830786694773,0.9115767386339223
case1,14,89014,0,0,31.30000000000031,0.3330273614708451,0.7145679679448607
case1,14,89014,8,0,31.30000000000031,0.5329551991427935,2.0379806750651492
case1,14,89014,16,0,31.35000000000031,0.29463070429612653,1.7741461412671966
case1,14,89014,10,2,33.05000000000026,0.18978025115742508,2.8081903721588923
case1,14,89014,18,2,33.05000000000026,0.2579013034195955,2.4667620070709497
case1,14,89014,2,2,33.10000000000026,0.1736446961516997,0.7453666246879856
case1,14,89014,5,5,33.10000000000026,0.5940160131376532,2.478431444206487
case1,14,89014,13,5,33.10000000000026,0.035121743265362465,0.902258482039186
case1,14,89014,4,4,34.000000000000206,0.004956534149813646,0.6761818621332903
case1,15,89015,12,4,27.70000000000026,0.000719675360215416,2.3529918451233214
case1,15,89015,7,7,28.50000000000027,0.06502679036342204,1.722142609203239
case1,15,89015,15,7,28.50000000000027,0.20827517199129117,0.8050487850710639
case1,15,89015,9,1,28.650000000000272,0.18712439291788913,0.8176756763474572
case1,15,89015,17,1,28.650000000000272,0.1281081506307435,1.140507382749698
case1,15,89015,14,6,29.20000000000028,0.4755564383197802,2.637312158127999
case1,15,89015,6,6,29.25000000000028,0.26146835800913754,1.3046966622253007
case1,15,89015,11,3,30.150000000000293,0.09896390653810613,1.5672757953003909
case1,15,89015,19,3,30.150000000000293,0.08006683822625431,1.14530827731355
case1,15,89015,3,3,30.200000000000294,0.14963554480810007,1.0514652501487716
case1,15,89015,0,0,31.30000000000031,0.33176463442530224,1.605421463071411
case1,15,89015,8,0,31.30000000000031,0.005385829992147345,1.9773748924178784
case1,15,89015,16,0,31.35000000000031,0.6912983243656421,0.552437818335966
case1,15,89015,10,2,33.05000000000026,0.1374737111190781,1.8388736262249865
case1,15,89015,18,2,33.05000000000026,0.06322208108118249,2.144084581797989
case1,15,89015,2,2,33.10000000000026,0.16514698513699638,1.155232993864892
case1,15,89015,13,5,33.10000000000026,0.03501645226019351,1.9627431547637293
case1,15,89015,5,5,33.150000000000254,0.40049684394987356,1.9290688781251273
case1,16,89016,4,4,26.750000000000245,0.0683803174238225,2.753823943135528
case1,16,89016,7,7,28.50000000000027,0.30411101886168646,1.8070409554472857
case1,16,89016,15,7,28.50000000000027,0.005695096872786326,1.1511695629749574
case1,16,89016,9,1,28.700000000000273,0.03387033482416049,2.8973176437858252
case1,16,89016,1,1,28.750000000000274,0.8411382622743926,1.261829791394335
case1,16,89016,14,6,29.20000000000028,0.46204375371690076,1.9932200336252153
case1,16,89016,6,6,29.25000000000028,0.046284824881198755,0.7165814406591132
case1,16,89016,11,3,30.150000000000293,0.17165228229350388,1.4929424461684284
case1,16,89016,19,3,30.150000000000293,0.02369158071131225,1.1940434344598274
case1,16,89016,3,3,30.200000000000294,0.2046957227717075,0.4632140511524574
case1,16,89016,0,0,32.05000000000032,0.1359811088446018,1.9020471494879676
case1,16,89016,16,0,32.100000000000314,0.38238033434024854,1.2521551546836422
case1,16,89016,10,2,33.05000000000026,0.08605450510712243,1.7009309507126562
case1,16,89016,18,2,33.05000000000026,0.07631086625478198,1.5846048498917775
case1,16,89016,2,2,33.10000000000026,0.019659246858192952,0.38043779701236896
case1,16,89016,13,5,33.10000000000026,0.09634589289098144,2.855068037667853
case1,16,89016,5,5,33.150000000000254,0.4579756094559528,1.2871570353674595
case1,17,89017,4,4,26.750000000000245,0.2283150407029964,2.663128396300917
case1,17,89017,12,4,26.750000000000245,0.3282196213853853,1.903074047647521
case1,17,89017,1,1,28.350000000000268,0.3744031619346735,2.1597508160766368
case1,17,89017,9,1,28.350000000000268,0.40041469551487907,0.8578344529830305
case1,17,89017,17,1,28.350000000000268,0.30926551727847557,1.2355072580448452
case1,17,89017,15,7,29.350000000000282,0.1587115726248632,1.506574849941609
case1,17,89017,6,6,30.050000000000292,0.10073022031619372,1.5545413081897634
case1,17,89017,11,3,30.150000000000293,0.17036806604904836,1.8273215686683788
case1,17,89017,19,3,30.150000000000293,0.06058194774749362,1.0060568393448115
case1,17,89017,3,3,30.200000000000294,0.5150706257578889,1.038460994448264
case1,17,89017,0,0,31.30000000000031,0.2415241192001692,1.059036269689839
case1,17,89017,8,0,31.30000000000031,0.369073808289894,1.9606511479072746
case1,17,89017,16,0,31.35000000000031,0.25321694145088647,1.2354639843237614
case1,17,89017,10,2,33.05000000000026,0.3726249871429907,1.8257197029370167
case1,17,89017,18,2,33.05000000000026,0.1452187637272191,1.6611399880963802
case1,17,89017,2,2,33.10000000000026,0.22924991385268884,0.8871065930026824
case1,17,89017,5,5,33.150000000000254,0.24061386871788135,0.9071637297600648
case1,17,89017,13,5,33.150000000000254,0.031859210732257975,2.324835080169498
case1,18,89018,1,1,28.350000000000268,0.44551738119140516,2.6080979556435024
case1,18,89018,9,1,28.350000000000268,0.33515705855945904,0.7393713350576642
case1,18,89018,17,1,28.350000000000268,0.20938174786994532,1.4061612832010282
case1,18,89018,7,7,28.50000000000027,0.03698753365367424,0.502352927455579
case1,18,89018,15,7,28.50000000000027,0.005106680678089892,0.7816064104753355
case1,18,89018,14,6,29.20000000000028,0.1801183479415285,1.8159207108009212
case1,18,89018,6,6,29.25000000000028,0.4410347402908936,2.2580316725351124
case1,18,89018,11,3,30.150000000000293,0.735721218232051,1.7014009866302922
case1,18,89018,19,3,30.150000000000293,0.16985905071896176,2.0401989939108245
case1,18,89018,3,3,30.200000000000294,0.01725545212979869,1.2754627350565346
case1,18,89018,0,0,31.30000000000031,0.003827386094534063,1.5175042066065567
case1,18,89018,8,0,31.30000000000031,0.794974003226821,2.0728100563645686
case1,18,89018,16,0,31.35000000000031,0.05104212992019261,1.2668874558783445
case1,18,89018,5,5,33.10000000000026,0.36445381029212526,2.603385542113048
case1,18,89018,13,5,33.10000000000026,0.6413335102523018,1.2914783717682585
case1,18,89018,4,4,33.500000000000234,0.27185587645098364,0.8661862223125891
case1,18,89018,18,2,34.95000000000015,0.19956415220460885,1.9203030889132333
case1,18,89018,2,2,35.00000000000015,0.6975636268448665,1.6689515346780326
case1,19,89019,4,4,26.750000000000245,0.14397430511857431,2.732843637438901
case1,19,89019,12,4,26.750000000000245,0.0924405448597618,1.7822484231598266
case1,19,89019,1,1,28.350000000000268,0.4224577086668127,1.6420905729230544
case1,19,89019,9,1,28.350000000000268,0.3032006208498828,1.0562198066282409
case1,19,89019,17,1,28.350000000000268,0.32203761042191914,1.3252906514574032
case1,19,89019,14,6,29.20000000000028,0.5703282867211292,2.6792824031380174
case1,19,89019,6,6,29.25000000000028,0.3323986012790495,1.8205556524768938
case1,19,89019,7,7,29.85000000000029,0.07689752491542762,2.1810131700265876
case1,19,89019,11,3,30.150000000000293,0.30705482377721105,2.244505232487824
case1,19,89019,19,3,30.150000000000293,0.33124493938277455,1.39052468964725
case1,19,89019,3,3,30.200000000000294,0.18758738983103615,0.48290388275631324
case1,19,89019,0,0,31.30000000000031,0.6685939976782851,1.1339736524610426
case1,19,89019,8,0,31.30000000000031,0.020178331944087496,2.0840229961351207
case1,19,89019,16,0,31.35000000000031,0.20834396862846027,0.697984393666166
case1,19,89019,5,5,33.150000000000254,0.023996813682763712,0.9878550526541586
case1,19,89019,13,5,33.150000000000254,0.09070657002395616,1.5374016535698742
case1,19,89019,2,2,33.40000000000024,0.021941414513644425,1.6354568606539555
case1,19,89019,10,2,33.40000000000024,0.4197846190403176,1.3729985969690268
case1,20,89020,4,4,26.750000000000245,0.4423741898269341,2.4201308902889167
case1,20,89020,12,4,26.750000000000245,0.31686838896315195,1.5915871928504808
case1,20,89020,1,1,28.350000000000268,0.13508096196099062,1.9600731554830169
case1,20,89020,9,1,28.350000000000268,0.10953204509872055,1.0458427257410658
case1,20,89020,17,1,28.350000000000268,0.1902417131915953,1.2093425259748976
case1,20,89020,7,7,28.50000000000027,0.01664845824998673,0.5512712025109028
case1,20,89020,15,7,28.50000000000027,0.14788828635041523,0.8352754891863631
case1,20,89020,14,6,29.20000000000028,0.18890847660629959,2.022061416252779
case1,20,89020,6,6,29.25000000000028,0.5010220996757062,1.5598162538030398
case1,20,89020,11,3,30.150000000000293,0.037158522336464245,1.6584661863926278
case1,20,89020,19,3,30.150000000000293,0.03647073149468402,1.5704824103644022
case1,20,89020,3,3,30.200000000000294,0.006057906428436677,0.6250648855303311
case1,20,89020,0,0,31.30000000000031,0.22383973171754604,0.7842024821338793
case1,20,89020,8,0,31.30000000000031,0.2877567419691542,2.1702850941856453
case1,20,89020,16,0,31.35000000000031,0.6618740127935858,0.3798296703938433
case1,20,89020,5,5,33.10000000000026,0.27573315229648243,1.1171331904670516
case1,20,89020,13,5,33.10000000000026,0.1695649522553476,0.2904609856152721
case1,20,89020,10,2,34.700000000000166,0.4200363980868683,1.520779167906139
case1,21,89021,1,1,28.350000000000268,0.277445294426266,2.112573572470723
case1,21,89021,9,1,28.350000000000268,0.4757896360454225,0.905196229785229
case1,21,89021,17,1,28.350000000000268,0.3547021425093868,1.956069921556153
case1,21,89021,7,7,28.50000000000027,0.39473916689578603,1.164573570741824
case1,21,89021,15,7,28.50000000000027,0.043628201356976704,0.8884443118820865
case1,21,89021,14,6,29.20000000000028,0.16344673628141612,1.342434061873463
case1,21,89021,6,6,29.25000000000028,0.04319137094561837,1.9332523769690764
case1,21,89021,11,3,30.350000000000296,0.4426439197627208,1.286134213519031
case1,21,89021,19,3,30.350000000000296,0.06770216872139145,0.7521743790335539
case1,21,89021,0,0,31.30000000000031,0.313318142283867,1.1481716574909246
case1,21,89021,8,0,31.30000000000031,0.06808135536966015,1.9853132289290223
case1,21,89021,16,0,31.35000000000031,0.18215009430695428,0.7835562152687003
case1,21,89021,10,2,33.05000000000026,0.09460712518582343,1.9793571010187325
case1,21,89021,18,2,33.05000000000026,0.0794715952261224,1.820390157754578
case1,21,89021,2,2,33.10000000000026,0.10830355884465226,0.6313357818688237
case1,21,89021,13,5,33.150000000000254,0.054430689748379835,2.326921433968905
case1,21,89021,5,5,33.20000000000025,0.07561180406898682,1.8513762172688397
case1,21,89021,4,4,33.80000000000022,0.2049291977239548,0.786837333485817
case1,22,89022,4,4,26.750000000000245,0.13973393019010158,2.6520106451743373
case1,22,89022,12,4,26.750000000000245,0.014921293238087385,2.035940972863062
case1,22,89022,1,1,28.350000000000268,0.34301442936214743,2.110922898841185
case1,22,89022,9,1,28.350000000000268,0.2652207670051119,1.7010953524285668
case1,22,89022,17,1,28.350000000000268,0.3341888645976961,1.1329591232136167
case1,22,89022,14,6,29.80000000000029,0.465017306979565,0.9690021853404512
case1,22,89022,7,7,29.85000000000029,0.10947355388892638,2.0421490212370688
case1,22,89022,11,3,30.150000000000293,0.2302281485761498,2.4700922021628533
case1,22,89022,19,3,30.150000000000293,0.40509457093253387,1.2434839376699796
case1,22,89022,3,3,30.200000000000294,0.604241610428448,0.9172689580024854
case1,22,89022,0,0,31.30000000000031,0.013488649550580628,1.656355310138788
case1,22,89022,8,0,31.30000000000031,0.09248040736912927,1.913223902806981
case1,22,89022,16,0,31.35000000000031,0.17138019965040052,0.48795185551163894
case1,22,89022,10,2,33.05000000000026,0.35085392476277355,1.8717132372458078
case1,22,89022,18,2,33.05000000000026,0.202347263064951,2.1912551293876215
case1,22,89022,2,2,33.10000000000026,0.37516192355864775,0.4248125251826005
case1,22,89022,5,5,33.150000000000254,0.11873078393273548,0.7596861527211336
case1,22,89022,13,5,33.150000000000254,0.18565218860019794,1.3021989336345732
case1,23,89023,4,4,26.750000000000245,0.14998201598343788,2.427395510806751
case1,23,89023,12,4,26.750000000000245,0.21226562235001895,1.696171314939287
case1,23,89023,9,1,28.650000000000272,0.3479228993306216,0.42829274748276763
case1,23,89023,17,1,28.650000000000272,0.10708660146980821,1.649759485712783
case1,23,89023,14,6,29.20000000000028,0.15972813974755246,1.7969789600291146
case1,23,89023,6,6,29.25000000000028,0.3300988638613218,2.222866566029778
case1,23,89023,15,7,29.350000000000282,0.24362789161454118,1.0287528118913858
case1,23,89023,11,3,30.150000000000293,0.12259979949910046,1.8370670154019706
case1,23,89023,19,3,30.150000000000293,0.7798001411780708,1.6806334443703361
case1,23,89023,3,3,30.200000000000294,0.037985559977476685,0.6969077241401114
case1,23,89023,0,0,31.30000000000031,0.17139375322084494,1.3164605097526825
case1,23,89023,8,0,31.30000000000031,0.44221153122232837,2.1117290723739104
case1,23,89023,16,0,31.35000000000031,0.525706972775139,0.5756871221829063
case1,23,89023,10,2,33.05000000000026,0.14502160852178272,1.790946204227563
case1,23,89023,18,2,33.05000000000026,0.18452287421287902,1.5273414299208752
case1,23,89023,2,2,33.10000000000026,0.05590770368680362,1.1775760710917498
case1,23,89023,5,5,33.10000000000026,0.8367539696302798,2.731922479836659
case1,23,89023,13,5,33.150000000000254,0.3820541266070877,1.1872655988681946
case1,24,89024,4,4,26.750000000000245,0.10269828346393961,2.628820499192235
case1,24,89024,12,4,26.750000000000245,0.07087385485555342,1.6653847109664546
case1,24,89024,17,1,28.300000000000267,0.053421083629845045,2.9765011477268346
case1,24,89024,1,1,28.350000000000268,0.11100657836011707,1.7803057949502368
case1,24,89024,9,1,28.350000000000268,0.21161755268339047,1.157584853071716
case1,24,89024,14,6,29.20000000000028,0.09617168427303657,2.081850878184556
case1,24,89024,6,6,29.25000000000028,0.3024102567232863,1.6267628811675607
case1,24,89024,11,3,30.150000000000293,0.34907514750569835,2.2686239428000743
case1,24,89024,19,3,30.150000000000293,0.009318554945665303,1.3938677929323204
case1,24,89024,3,3,30.200000000000294,0.16584876007809096,0.6452600424670496
case1,24,89024,0,0,31.30000000000031,0.3810635301498894,1.5829204104019792
case1,24,89024,8,0,31.30000000000031,0.6251434425488159,2.5350643648264413
case1,24,89024,16,0,31.35000000000031,0.3400588567417608,1.359586484723957
case1,24,89024,10,2,33.05000000000026,0.05651547389143147,2.203537480553686
case1,24,89024,18,2,33.05000000000026,0.14429656458449877,1.639086721771201
case1,24,89024,2,2,33.10000000000026,0.33548893993370216,0.4925452901793051
case1,24,89024,5,5,33.10000000000026,0.4160502688619462,0.7619897473583493
case1,24,89024,13,5,33.10000000000026,0.12145067592009892,1.2386055505928242
case1,25,89025,12,4,27.70000000000026,0.1520693034174833,2.616257625761872
case1,25,89025,1,1,28.350000000000268,0.23321903564630844,1.9500252703433185
case1,25,89025,9,1,28.350000000000268,0.08706317029873362,0.7933047223211785
case1,25,89025,17,1,28.350000000000268,0.5656411242861765,1.3004840178305992
case1,25,89025,7,7,28.50000000000027,0.20654879274120994,1.5152039821639163
case1,25,89025,15,7,28.50000000000027,0.3710043694812665,0.9924483913699922
case1,25,89025,14,6,29.20000000000028,0.24401762261018964,2.28909958697361
case1,25,89025,6,6,29.25000000000028,0.14904845607576506,1.1435101617257992
case1,25,89025,11,3,30.150000000000293,0.16637015870182192,2.4640388800654045
case1,25,89025,19,3,30.150000000000293,0.24302391583423083,1.6651574064904486
case1,25,89025,3,3,30.200000000000294,0.054435448372208595,0.5846558536418633
case1,25,89025,0,0,31.30000000000031,0.1458951018270646,1.1004168330215347
case1,25,89025,8,0,31.30000000000031,0.10040407509510904,2.0931685388107306
case1,25,89025,16,0,31.35000000000031,0.0549122104092481,1.3805171580770144
case1,25,89025,5,5,33.05000000000026,0.5255912500961921,1.9498275333535213
case1,25,89025,13,5,33.05000000000026,0.24328156355841016,1.5098557229035376
case1,25,89025,10,2,33.35000000000024,0.24653092652699327,2.600308950602262
case1,25,89025,18,2,33.35000000000024,0.21918618387191235,1.9629451831888436
case1,26,89026,4,4,26.750000000000245,0.23433735219498578,2.6475694031553427
case1,26,89026,12,4,26.750000000000245,0.14377506951955477,1.8486060836416067
case1,26,89026,1,1,28.350000000000268,0.08210166185233736,2.545918578127015
case1,26,89026,9,1,28.350000000000268,0.04540175807467062,0.7208542028729513
case1,26,89026,17,1,28.350000000000268,0.12917305079752625,1.3615433465414732
case1,26,89026,7,7,28.50000000000027,0.30484512620238413,0.2311785572262634
case1,26,89026,15,7,28.50000000000027,0.07395724496323403,0.9618343997819707
case1,26,89026,14,6,29.20000000000028,0.4832176138707559,2.2689102281338713
case1,26,89026,6,6,29.25000000000028,0.37802569580550194,1.943731408051253
case1,26,89026,11,3,30.150000000000293,0.1746479253081399,2.5920730324505326
case1,26,89026,19,3,30.150000000000293,0.22304953839581257,1.9241342494161113
case1,26,89026,3,3,30.200000000000294,0.29752089105933854,0.7804633094090991
case1,26,89026,8,0,32.100000000000314,0.4377590589521255,1.7962113567292954
case1,26,89026,16,0,32.100000000000314,0.02447496034658911,2.13979513367323
case1,26,89026,10,2,33.05000000000026,0.05512669834504785,2.462091694431616
case1,26,89026,18,2,33.05000000000026,0.012132585456511358,1.48488637411752
case1,26,89026,2,2,33.10000000000026,0.0192352497698684,0.9800917341927061
case1,27,89027,4,4,26.750000000000245,0.2583854655340536,2.939560052155247
case1,27,89027,12,4,26.750000000000245,0.34537178039037864,2.495804781118811
case1,27,89027,7,7,28.50000000000027,0.14088939751005614,0.6234306665046999
case1,27,89027,15,7,28.50000000000027,0.017982516726509273,0.7742238176460512
case1,27,89027,17,1,29.600000000000286,0.2467612392759047,1.6287095731037506
case1,27,89027,1,1,29.650000000000286,0.38662972008310814,2.2759474929105465
case1,27,89027,6,6,30.050000000000292,0.17007305095232417,1.380878724826021
case1,27,89027,11,3,30.150000000000293,0.0242184971278096,2.1911559557200357
case1,27,89027,19,3,30.150000000000293,0.17228967016486296,1.046177421752203
case1,27,89027,3,3,30.200000000000294,0.27217121402889344,0.5254885025826781
case1,27,89027,0,0,31.30000000000031,0.06040651983739975,1.5494687313464286
case1,27,89027,8,0,31.30000000000031,0.3725695080143809,1.9581572141551105
case1,27,89027,16,0,31.35000000000031,0.19095611388242623,1.0904343252238962
case1,27,89027,5,5,33.05000000000026,0.769928936455961,2.383170575221727
case1,27,89027,10,2,33.05000000000026,0.19091523888348363,1.7741680061273115
case1,27,89027,18,2,33.05000000000026,0.34711994972905247,1.6601718837550878
case1,27,89027,2,2,33.10000000000026,0.018328034380080155,0.26007965188929605
case1,27,89027,13,5,33.10000000000026,0.053439505977321944,2.627982776343122
case1,28,89028,4,4,26.750000000000245,0.36971697317395796,2.6375924159220014
case1,28,89028,12,4,26.750000000000245,0.10280296388567878,2.4288608775677254
case1,28,89028,1,1,28.350000000000268,0.12766558943638748,2.3654152450805013
case1,28,89028,9,1,28.350000000000268,0.12603825917706293,1.2900632808814239
case1,28,89028,17,1,28.350000000000268,0.4518060139618008,1.104640168982866
case1,28,89028,7,7,28.50000000000027,0.23829619473344368,2.022439975376571
case1,28,89028,15,7,28.50000000000027,0.2168703584605331,0.9921954565597505
case1,28,89028,14,6,29.20000000000028,0.5722048941331677,1.9891260161674014
case1,28,89028,6,6,29.25000000000028,0.1179550860416648,0.8604921549064197
case1,28,89028,11,3,30.350000000000296,0.2613385823987514,0.25091710930735195
case1,28,89028,19,3,30.350000000000296,0.21609433792851263,0.9797498157377322
case1,28,89028,0,0,31.30000000000031,0.07970402754283956,1.7616957435177318
case1,28,89028,8,0,31.30000000000031,0.21919762032293078,2.1951331735440096
case1,28,89028,16,0,31.35000000000031,0.28545141070556507,0.7404126398723497
case1,28,89028,10,2,33.05000000000026,0.44257426040132797,1.868165490116169
case1,28,89028,18,2,33.05000000000026,0.557761168136377,1.402860016460661
case1,28,89028,2,2,33.10000000000026,0.23001598677277452,0.751568003869091
case1,28,89028,13,5,34.80000000000016,0.1321694405526237,2.74357333929783
case1,29,89029,12,4,27.70000000000026,0.3390761915004461,2.535616124796936
case1,29,89029,1,1,28.350000000000268,0.1396051283805011,1.7316087772286226
case1,29,89029,9,1,28.350000000000268,0.34426560790895155,1.319781643230675
case1,29,89029,17,1,28.350000000000268,0.02611083304492015,1.428410492171781
case1,29,89029,7,7,28.50000000000027,0.6215557116735912,0.7437201392094029
case1,29,89029,15,7,28.50000000000027,0.370334354407425,0.9866052742954342
case1,29,89029,14,6,29.20000000000028,0.47507408297406195,2.3839793455726412
case1,29,89029,6,6,29.25000000000028,0.35664219280109355,1.74163983612996
case1,29,89029,11,3,30.150000000000293,0.24466273103175806,2.425492335793727
case1,29,89029,19,3,30.150000000000293,0.06117062402493731,1.083293213252724
case1,29,89029,3,3,30.200000000000294,0.19358932939519302,1.2073851778361109
case1,29,89029,0,0,31.30000000000031,0.3008846687450346,1.9260574987257595
case1,29,89029,8,0,31.30000000000031,0.15612962048924828,2.056263854749129
case1,29,89029,16,0,31.35000000000031,0.33875432635722114,2.2956993029100885
case1,29,89029,10,2,33.05000000000026,0.3101349666877056,2.447091325477936
case1,29,89029,18,2,33.05000000000026,0.23685157527192077,1.4356583905204763
case1,29,89029,2,2,33.10000000000026,0.35602675856214133,1.2716689012550808
case1,29,89029,5,5,34.40000000000018,0.16923174055583876,1.507873420005212
case1,30,89030,4,4,26.750000000000245,0.010381673480136105,2.7049991223535237
case1,30,89030,12,4,26.750000000000245,0.4663334756355443,2.065665480115822
case1,30,89030,1,1,28.350000000000268,0.16273147181320968,2.3345160816706243
case1,30,89030,9,1,28.350000000000268,0.2987790447553921,1.3540844270688632
case1,30,89030,17,1,28.350000000000268,0.08539000616927289,1.3837885941352726
case1,30,89030,7,7,28.50000000000027,0.026321662096439657,1.6225476010694013
case1,30,89030,15,7,28.50000000000027,0.001893193346167804,1.7723352623596236
case1,30,89030,19,3,30.150000000000293,0.45439920179691945,1.4843000232148167
case1,30,89030,3,3,30.200000000000294,0.12766144898164744,1.3469635205497588
case1,30,89030,0,0,31.30000000000031,0.34805267118873984,1.3525933497733897
case1,30,89030,8,0,31.30000000000031,0.11820552244468238,1.797434949623873
case1,30,89030,16,0,31.35000000000031,0.2156641182937556,0.571368255859469
case1,30,89030,10,2,33.05000000000026,0.39265342366840916,1.715052383478612
case1,30,89030,18,2,33.05000000000026,0.10270401046332131,1.5942551277007397
case1,30,89030,2,2,33.10000000000026,0.034517290748052376,0.25554888012269394
case1,30,89030,5,5,34.550000000000175,0.24360141742949795,2.5004114400961135
case1,31,89031,4,4,26.750000000000245,0.34615855300883935,2.6338344712910153
case1,31,89031,12,4,26.750000000000245,0.07036877738569744,1.6156668456645282
case1,31,89031,17,1,28.300000000000267,0.14166924300764694,2.933601991714624
case1,31,89031,1,1,28.350000000000268,0.3416497295214199,1.4471825765299895
case1,31,89031,9,1,28.350000000000268,0.1413066192495041,1.0071148403134316
case1,31,89031,7,7,28.50000000000027,0.29075768195232155,0.47392776834501754
case1,31,89031,15,7,28.50000000000027,0.0022738937481764365,1.7641570194022165
case1,31,89031,14,6,29.20000000000028,0.17395513085516348,1.940698288901254
case1,31,89031,6,6,29.25000000000028,0.18829884260668597,0.9529705305013129
case1,31,89031,11,3,30.150000000000293,0.7349884706606943,2.548358354579605
case1,31,89031,19,3,30.150000000000293,0.08012844763206337,1.51808556372341
case1,31,89031,3,3,30.200000000000294,0.07859337001940919,0.7699769155805158
case1,31,89031,0,0,31.30000000000031,0.007037482161303316,1.6224826486925126
case1,31,89031,8,0,31.30000000000031,0.07345289513944298,2.1188962936033757
case1,31,89031,16,0,31.35000000000031,0.1451987839856704,0.35421543969586816
case1,31,89031,13,5,33.05000000000026,0.2840970483298564,2.73593254050246
case1,31,89031,5,5,33.10000000000026,0.48339844599197196,2.7206039203893098
case1,31,89031,18,2,35.9000000000001,0.11821046261780613,1.884022705970591
case1,32,89032,4,4,26.750000000000245,0.4881813244072186,2.5711372701398747
case1,32,89032,12,4,26.750000000000245,0.37267213534354604,2.714517920797322
case1,32,89032,7,7,28.50000000000027,0.18447418779116426,0.6532633158652746
case1,32,89032,15,7,28.50000000000027,0.19805195575509305,1.121751054051959
case1,32,89032,17,1,28.60000000000027,0.22921455544327501,2.7440427427127205
case1,32,89032,14,6,29.20000000000028,0.03892103399745067,1.5901317962142063
case1,32,89032,6,6,29.25000000000028,0.19490586720804778,1.8904998193741684
case1,32,89032,11,3,30.150000000000293,0.10750286149967131,1.9597726435709928
case1,32,89032,19,3,30.150000000000293,0.046633915004296644,1.1510007826034632
case1,32,89032,3,3,30.200000000000294,0.20913665100041628,0.7843623446862579
case1,32,89032,0,0,31.30000000000031,0.20832916920602423,0.7269331785705836
case1,32,89032,8,0,31.30000000000031,0.462391644317134,2.7226767114854398
case1,32,89032,16,0,31.35000000000031,0.024605060062242057,1.6771313819245932
case1,32,89032,5,5,33.10000000000026,0.11140362127468512,2.4981019882350792
case1,32,89032,13,5,33.150000000000254,0.13889786864745837,0.8778567304658268
case1,32,89032,2,2,33.40000000000024,0.0995217421674891,1.8686386259664916
case1,32,89032,10,2,33.40000000000024,0.45637859859845353,1.4448137344957916
case1,33,89033,17,1,28.300000000000267,0.4595719967766191,2.886446475352277
case1,33,89033,1,1,28.350000000000268,0.3000182557969351,2.1758438230891213
case1,33,89033,9,1,28.350000000000268,0.19583898141013645,0.8968235942847781
case1,33,89033,7,7,28.50000000000027,0.4147350406157257,0.6449018853876778
case1,33,89033,15,7,28.50000000000027,0.02594915273549603,0.9319253546647369
case1,33,89033,14,6,29.20000000000028,0.15268625351579893,1.672303925965097
case1,33,89033,6,6,29.25000000000028,0.15851232499504375,1.1297086570277632
case1,33,89033,11,3,30.150000000000293,0.17114757913733242,1.805085083225412
case1,33,89033,19,3,30.150000000000293,0.22223796863444817,1.6139269526716515
case1,33,89033,3,3,30.200000000000294,0.4324604383048844,1.4487569009777763
case1,33,89033,0,0,31.30000000000031,0.199294949710272,1.4113306139637636
case1,33,89033,8,0,31.30000000000031,0.05082945220298879,2.27377396462165
case1,33,89033,16,0,31.35000000000031,0.1168295920932024,1.917359894783083
case1,33,89033,5,5,33.05000000000026,0.15849347124098775,2.090386118610427
case1,33,89033,13,5,33.05000000000026,0.1050109404837159,0.4541799034166577
case1,33,89033,4,4,33.80000000000022,0.37205382296486184,1.22545389631479
case1,33,89033,18,2,34.95000000000015,0.22378358824371775,1.7107279290090793
case1,33,89033,2,2,35.00000000000015,0.5416837200636326,0.13738445080046444
case1,34,89034,4,4,26.750000000000245,0.13080583078506536,2.5218910805637145
case1,34,89034,12,4,26.750000000000245,0.27566380569994436,2.2394565009791423
case1,34,89034,17,1,28.300000000000267,0.4606245401487081,2.9796121385111647
case1,34,89034,1,1,28.350000000000268,0.15496091304655524,1.591963712409497
case1,34,89034,9,1,28.350000000000268,0.07114378509455821,0.8678686502348656
case1,34,89034,7,7,28.50000000000027,0.1332737518542411,1.2055580971786681
case1,34,89034,15,7,28.50000000000027,0.6503769674817862,1.742224344109907
case1,34,89034,14,6,29.80000000000029,0.08935743814826022,1.221900226802749
case1,34,89034,11,3,30.400000000000297,0.4087543939456576,1.677195273320765
case1,34,89034,3,3,30.450000000000298,0.6287752350635779,2.595992868379741
case1,34,89034,0,0,31.30000000000031,0.31855221241005305,1.444178260032861
case1,34,89034,8,0,31.30000000000031,0.38986019444941833,2.2610714694878977
case1,34,89034,16,0,31.35000000000031,0.22981673173336326,1.2625706988423542
case1,34,89034,10,2,33.05000000000026,0.6035728687586029,1.9578384183158535
case1,34,89034,13,5,33.05000000000026,0.3967029205406756,2.474265185854239
case1,34,89034,18,2,33.05000000000026,0.1555508789209991,1.8303958856850915
case1,34,89034,2,2,33.10000000000026,0.023349103516973474,0.4565972951153507
case1,34,89034,5,5,33.10000000000026,0.5762522416262104,1.071659240713486
case1,35,89035,1,1,28.350000000000268,0.24105281677524862,1.697725421094179
case1,35,89035,9,1,28.350000000000268,0.7280793793780563,1.3644210653515751
case1,35,89035,17,1,28.350000000000268,0.5609695913275259,1.724570097244929
case1,35,89035,7,7,28.50000000000027,0.23306047939797545,1.116340492295545
case1,35,89035,15,7,28.50000000000027,0.402436104859906,1.0924046909639167
case1,35,89035,14,6,29.20000000000028,0.5277966892467657,1.7519337893728182
case1,35,89035,6,6,29.25000000000028,0.2399460798536236,1.2646972924470696
case1,35,89035,0,0,31.30000000000031,0.20649297681117162,1.5694332177433066
case1,35,89035,8,0,31.30000000000031,0.7741670322490141,1.8508155301914377
case1,35,89035,16,0,31.35000000000031,0.07663967205296168,1.354001815818203
case1,35,89035,3,3,31.500000000000313,0.19056294317482156,1.82604123959606
case1,35,89035,19,3,31.500000000000313,0.014862311162667702,2.00079155616056
case1,35,89035,10,2,33.05000000000026,0.34451010108091684,1.9471749981941067
case1,35,89035,18,2,33.05000000000026,0.02268639844102832,1.5484145865508798
case1,35,89035,2,2,33.10000000000026,0.03195674529249859,0.9990062481794032
case1,35,89035,5,5,33.10000000000026,0.27812660353097063,2.5002707034812257
case1,35,89035,13,5,33.10000000000026,0.22301008621043267,1.9062030317092922
case1,35,89035,4,4,33.70000000000022,0.49142726024676253,2.1785419031540076
case1,36,89036,1,1,28.350000000000268,0.02450701194159491,1.6584589608010523
case1,36,89036,9,1,28.350000000000268,0.6794642447689548,0.6984755047499484
case1,36,89036,17,1,28.350000000000268,0.07054183594456859,1.4440479082839237
case1,36,89036,7,7,28.50000000000027,0.0582543547255934,1.646663963856477
case1,36,89036,15,7,28.50000000000027,0.30818352788722003,1.6742029105216425
case1,36,89036,14,6,29.20000000000028,0.07312811994134547,1.594387464400409
case1,36,89036,6,6,29.25000000000028,0.4697612795919212,1.7908239724814683
case1,36,89036,11,3,30.150000000000293,0.011956631932147549,1.7594663765411418
case1,36,89036,19,3,30.150000000000293,0.35495746643893317,1.8115168687047627
case1,36,89036,3,3,30.200000000000294,0.24551536725508993,0.9350706522484341
case1,36,89036,0,0,31.30000000000031,0.31536577087816886,0.9966544381682775
case1,36,89036,8,0,31.30000000000031,0.25921439138925917,2.0711580140685246
case1,36,89036,16,0,31.35000000000031,0.04567025764740612,1.8627172982662255
case1,36,89036,5,5,33.05000000000026,0.12293453296250781,2.4527485796210913
case1,36,89036,10,2,33.05000000000026,0.13290134409876542,1.7288241601385228
case1,36,89036,18,2,33.05000000000026,0.04247068105245283,1.485940976252907
case1,36,89036,2,2,33.10000000000026,0.04967523315361211,0.7795770751721037
case1,36,89036,13,5,33.10000000000026,0.5008151022046597,2.133242449606876
case1,37,89037,4,4,26.750000000000245,0.2615385205803814,2.686430247226237
case1,37,89037,12,4,26.750000000000245,0.700426393172726,2.127199219531219
case1,37,89037,1,1,28.350000000000268,0.25695680885343664,1.4089125333591703
case1,37,89037,9,1,28.350000000000268,0.46643657635515046,1.7194519406610123
case1,37,89037,17,1,28.350000000000268,0.06200965879453474,1.8542348939999929
case1,37,89037,7,7,28.50000000000027,0.18326490876698678,0.7503251096319589
case1,37,89037,15,7,28.50000000000027,0.32286542225251164,1.5865039405908803
case1,37,89037,14,6,29.20000000000028,0.5662717220126947,1.295994698584202
case1,37,89037,6,6,29.25000000000028,0.3322412884472044,1.46798542428349
case1,37,89037,19,3,31.450000000000312,0.03695116855541303,2.7630235366202327
case1,37,89037,3,3,31.500000000000313,0.20395001695715131,1.8394139534065144
case1,37,89037,0,0,31.650000000000315,0.7323959329326454,2.9588287069890464
case1,37,89037,8,0,31.700000000000315,0.2885359669581087,0.8935326352563803
case1,37,89037,10,2,33.05000000000026,0.11431271043401475,2.2422987751562737
case1,37,89037,18,2,33.05000000000026,0.1266122561761192,1.813477852409863
case1,37,89037,2,2,33.10000000000026,0.04208608328894392,1.1458110972326763
case1,37,89037,5,5,33.150000000000254,0.12443358044438341,1.0717337077224225
case1,37,89037,13,5,33.150000000000254,0.44073686750499874,0.49688302233435966
case1,38,89038,4,4,26.750000000000245,0.3140335422459122,2.5689933195277987
case1,38,89038,12,4,26.750000000000245,0.0893363836066145,1.988712418383876
case1,38,89038,1,1,28.350000000000268,0.05113310857270953,2.1222584953491443
case1,38,89038,9,1,28.350000000000268,0.5281720632568326,1.5613016450496306
case1,38,89038,17,1,28.350000000000268,0.22557159646518338,1.4630777038114988
case1,38,89038,14,6,29.20000000000028,0.3146693362534144,1.9049367580231915
case1,38,89038,6,6,29.25000000000028,0.27850447822891655,1.2242852689713806
case1,38,89038,7,7,29.85000000000029,0.10774114750450056,2.6309528872077577
case1,38,89038,11,3,30.150000000000293,0.3163344360795771,1.6755003341169756
case1,38,89038,19,3,30.150000000000293,0.06815570544313254,2.079060455698994
case1,38,89038,3,3,30.200000000000294,0.06540461402157768,0.9392644911484289
case1,38,89038,0,0,31.30000000000031,0.024458670633329377,1.486386645069652
case1,38,89038,8,0,31.30000000000031,0.16644543850871205,2.372652692151329
case1,38,89038,16,0,31.35000000000031,0.060210617038546105,0.5721074602440928
case1,38,89038,5,5,33.10000000000026,0.1425423174458148,2.102475707441239
case1,38,89038,13,5,33.10000000000026,0.1943150260768079,1.6510684270458684
case1,38,89038,18,2,34.95000000000015,0.19986545487075125,2.083121039554822
case1,38,89038,2,2,35.00000000000015,0.1251923293659229,0.9877221932865529
case1,39,89039,4,4,26.750000000000245,0.06472701189426075,2.599950560302919
case1,39,89039,12,4,26.750000000000245,0.2900313768570061,1.489788731464741
case1,39,89039,7,7,28.50000000000027,0.028409640561992355,0.7435136751252939
case1,39,89039,15,7,28.50000000000027,0.068302510366746,1.3090888895518744
case1,39,89039,14,6,29.20000000000028,0.13253437214214864,2.4068508674948133
case1,39,89039,6,6,29.25000000000028,0.07301097176628737,1.7092869213434578
case1,39,89039,1,1,29.600000000000286,0.13275546180411044,2.5973334335838354
case1,39,89039,17,1,29.600000000000286,0.2995175723689633,0.9340719745006547
case1,39,89039,11,3,30.150000000000293,0.37819534971567387,1.6644383720332743
case1,39,89039,19,3,30.150000000000293,0.7806248079044933,2.23859889482094
case1,39,89039,3,3,30.200000000000294,0.09487532885606255,1.361751226392964
case1,39,89039,0,0,31.30000000000031,0.5073645711314764,1.3835255143404024
case1,39,89039,8,0,31.30000000000031,0.40546331880449454,2.2185744524733093
case1,39,89039,16,0,31.35000000000031,0.2550259145128209,0.7734404688889897
case1,39,89039,5,5,33.10000000000026,0.048504619452571146,0.983535158871869
case1,39,89039,13,5,33.10000000000026,0.07479885226384173,2.296967718578125
case1,39,89039,18,2,34.95000000000015,0.426886042200536,1.8897141360704068
case1,39,89039,2,2,35.00000000000015,0.198848556858286,1.2030262411529504
case1,40,89040,4,4,26.750000000000245,0.45213349756877014,2.7740797214033837
case1,40,89040,12,4,26.750000000000245,0.33105508315619103,1.5768453169979197
case1,40,89040,1,1,28.350000000000268,0.28002974974341677,1.720982055999632
case1,40,89040,9,1,28.350000000000268,0.6303266162452875,0.717038949661694
case1,40,89040,17,1,28.350000000000268,0.6410864034810668,2.302417115574178
case1,40,89040,14,6,29.20000000000028,0.4033751974656948,2.0168846854885847
case1,40,89040,6,6,29.25000000000028,0.16211362061835743,1.308940234715882
case1,40,89040,15,7,29.350000000000282,0.29194166341233396,1.521218457348822
case1,40,89040,11,3,30.150000000000293,0.3523701676931612,1.4412545118242557
case1,40,89040,19,3,30.150000000000293,0.07878360208199053,0.8787455812146185
case1,40,89040,3,3,30.200000000000294,0.26505362842229707,0.8571976942516208
case1,40,89040,0,0,31.700000000000315,0.1930985669417593,1.4182632491101281
case1,40,89040,8,0,31.700000000000315,0.04653300324330545,0.21559814242868952
case1,40,89040,10,2,33.05000000000026,0.1885408631446749,1.7751320594651374
case1,40,89040,18,2,33.05000000000026,0.022074915875101964,1.736769141565642
case1,40,89040,2,2,33.10000000000026,0.252807530330715,0.7112716201373755
case1,40,89040,5,5,33.10000000000026,0.4020845525363339,1.749658658564436
case1,40,89040,13,5,33.10000000000026,0.18470238234664735,1.8331219203096742
case1,41,89041,4,4,26.750000000000245,0.21740728752342767,2.573572177031982
case1,41,89041,12,4,26.750000000000245,0.4630738888220951,2.1987968741260557
case1,41,89041,1,1,28.350000000000268,0.0593530128754034,2.5544598968902132
case1,41,89041,9,1,28.350000000000268,0.22175035486654462,2.1199413322677456
case1,41,89041,17,1,28.350000000000268,0.47448277448544773,1.8408218545301234
case1,41,89041,7,7,28.50000000000027,0.3435985181622089,1.1458299136194046
case1,41,89041,15,7,28.50000000000027,0.45822115922808526,0.787601735437583
case1,41,89041,14,6,29.20000000000028,0.3323888661632971,2.003571982783947
case1,41,89041,6,6,29.25000000000028,0.13014767964725657,1.198460452895787
case1,41,89041,11,3,30.400000000000297,0.6759093522406473,2.0063438805373495
case1,41,89041,3,3,30.450000000000298,0.5873425147635368,1.0848546586133103
case1,41,89041,0,0,31.30000000000031,0.22973511550908488,1.0534498498246674
case1,41,89041,8,0,31.30000000000031,0.2824939170258334,2.1282718904071305
case1,41,89041,16,0,31.35000000000031,0.1663075117155963,2.052556670801455
case1,41,89041,5,5,33.150000000000254,0.421527883662851,1.7105461594666471
case1,41,89041,18,2,34.95000000000015,0.4839624362685223,2.293504270394074
case1,41,89041,2,2,35.00000000000015,0.4952799999108404,0.9793396099759647
case1,42,89042,4,4,26.750000000000245,0.1903185211614906,2.5607228881453166
case1,42,89042,12,4,26.750000000000245,0.29437786603578464,1.5431146802910034
case1,42,89042,7,7,28.50000000000027,0.16472615742451038,0.5167250776967516
case1,42,89042,15,7,28.50000000000027,0.1408557095913722,0.8458674145634267
case1,42,89042,14,6,29.20000000000028,0.5873524361424571,2.0904685001975234
case1,42,89042,6,6,29.25000000000028,0.6606669324388551,1.3817768008961404
case1,42,89042,1,1,29.600000000000286,0.26437363367788524,2.9903574723483204
case1,42,89042,17,1,29.600000000000286,0.21342139008490285,0.6121754636254221
case1,42,89042,11,3,30.400000000000297,0.25356064633258324,2.047202161354133
case1,42,89042,3,3,30.450000000000298,0.1490735697718319,1.7551988759747799
case1,42,89042,0,0,31.30000000000031,0.05618076591800203,0.8311975596153955
case1,42,89042,8,0,31.30000000000031,0.2506258118579766,1.8707250512911724
case1,42,89042,16,0,31.35000000000031,0.5088123035763414,1.0694114544458453
case1,42,89042,10,2,33.05000000000026,0.0507288678372792,1.8556006141498531
case1,42,89042,18,2,33.05000000000026,0.23445878364959488,1.5951137256847208
case1,42,89042,2,2,33.10000000000026,0.2791474145350524,1.0294033935892117
case1,42,89042,5,5,33.10000000000026,0.5194113878407526,1.691471802836845
case1,42,89042,13,5,33.10000000000026,0.33110609228132026,2.162635028530264
case1,43,89043,4,4,26.750000000000245,0.28557072827939545,2.480090537004135
case1,43,89043,12,4,26.750000000000245,0.3072870960150419,1.5205790138414934
case1,43,89043,1,1,28.350000000000268,0.1660559404929227,2.6952073951187128
case1,43,89043,9,1,28.350000000000268,0.12971181560460218,0.7148305432676362
case1,43,89043,17,1,28.350000000000268,0.4731924261743399,1.0389515100508961
case1,43,89043,15,7,29.350000000000282,0.38733172465631377,0.5072901134673331
case1,43,89043,6,6,30.050000000000292,0.24567853316748928,1.5356420445984071
case1,43,89043,11,3,30.150000000000293,0.4348003675230416,1.7244760680774918
case1,43,89043,19,3,30.150000000000293,0.1515227081937826,1.064006161215118
case1,43,89043,3,3,30.200000000000294,0.05106267215840912,0.9173187881184327
case1,43,89043,0,0,31.30000000000031,0.27293388799733387,1.45984547112385
case1,43,89043,8,0,31.30000000000031,0.08023086339876867,2.0778963824793117
case1,43,89043,16,0,31.35000000000031,0.09904340998288994,0.6113540439100915
case1,43,89043,10,2,33.05000000000026,0.7312014360479528,2.221488085081679
case1,43,89043,18,2,33.05000000000026,0.10936642120074663,1.619487307220219
case1,43,89043,2,2,33.10000000000026,0.10697554765546052,0.6095577616235581
case1,43,89043,5,5,33.10000000000026,0.5138324580046357,1.1767714759648908
case1,43,89043,13,5,33.10000000000026,0.09907060175112109,1.7483532032825062
case1,44,89044,4,4,26.750000000000245,0.28709200583411276,2.7166176591230133
case1,44,89044,12,4,26.750000000000245,0.5864239208360417,1.7992515850624184
case1,44,89044,1,1,28.350000000000268,0.6224124309352832,1.9949699234668101
case1,44,89044,9,1,28.350000000000268,0.6265007410591735,1.145525994954526
case1,44,89044,17,1,28.350000000000268,0.38784360499572335,1.376447120564999
case1,44,89044,7,7,28.50000000000027,0.07354748144335488,0.6169818152034644
case1,44,89044,15,7,28.50000000000027,0.030861675217703194,1.0242902049408762
case1,44,89044,14,6,29.80000000000029,0.023439347229533475,1.9299839274179662
case1,44,89044,11,3,30.150000000000293,0.16912411463172214,1.9558830030886876
case1,44,89044,19,3,30.150000000000293,0.705717079087879,1.6717423301773904
case1,44,89044,3,3,30.200000000000294,0.4234123997573703,1.748635224912742
case1,44,89044,0,0,31.30000000000031,0.17639316682148404,0.9106063067014956
case1,44,89044,8,0,31.30000000000031,0.3630781229581562,2.0891670301802323
case1,44,89044,16,0,31.35000000000031,0.027397489357752852,1.1918688180290227
case1,44,89044,5,5,33.05000000000026,0.2946410726626508,2.1685813224073143
case1,44,89044,13,5,33.10000000000026,0.39072608808153025,2.3821911572299506
case1,44,89044,18,2,34.95000000000015,0.15069605965419236,2.0190442760530867
case1,44,89044,2,2,35.00000000000015,0.09143878169265571,0.9800995211059887
case1,45,89045,4,4,26.750000000000245,0.18515429007818573,2.6278504263840845
case1,45,89045,12,4,26.750000000000245,0.1481692455106248,1.8306321025873837
case1,45,89045,1,1,28.350000000000268,0.16287107492312475,1.852187218423781
case1,45,89045,9,1,28.350000000000268,0.5084495963074748,0.7355380996994535
case1,45,89045,17,1,28.350000000000268,0.026740782937095448,1.474456572977233
case1,45,89045,7,7,28.50000000000027,0.27329017999782457,1.703983191814774
case1,45,89045,15,7,28.50000000000027,0.10591459834677747,0.772256874530295
case1,45,89045,14,6,29.20000000000028,0.03176422238333387,2.1989387132768186
case1,45,89045,6,6,29.25000000000028,0.22144980171568598,1.27451388512169
case1,45,89045,11,3,30.150000000000293,0.29026836535055234,2.3728530994184807
case1,45,89045,19,3,30.150000000000293,0.30622067378172263,1.5527801448207936
case1,45,89045,3,3,30.200000000000294,0.10336656855034476,0.5698470367197682
case1,45,89045,8,0,32.100000000000314,0.14947834330790166,1.498244730659316
case1,45,89045,16,0,32.100000000000314,0.038969962858084684,2.664275428721753
case1,45,89045,10,2,33.05000000000026,0.17968924798627667,1.7950321470281556
case1,45,89045,18,2,33.05000000000026,0.06179205776691005,1.791050285055187
case1,45,89045,2,2,33.10000000000026,0.06290257135424604,2.8905562080196576
case1,45,89045,5,5,34.45000000000018,0.3835120300283024,2.4307911592497256
case1,46,89046,4,4,26.750000000000245,0.7558127763293115,2.5895420873311594
case1,46,89046,1,1,28.350000000000268,0.19465948046871262,1.570618850577627
case1,46,89046,9,1,28.350000000000268,0.20935944437009887,1.0894865209334903
case1,46,89046,17,1,28.350000000000268,0.33947835291118944,1.8057436605616901
case1,46,89046,14,6,29.20000000000028,0.2212145304914517,1.5322248370924103
case1,46,89046,6,6,29.25000000000028,0.17702459390688433,1.5399383350579179
case1,46,89046,15,7,29.350000000000282,0.028980416573268858,2.028387211626901
case1,46,89046,19,3,30.150000000000293,0.26950276302048753,2.217406183137758
case1,46,89046,3,3,30.200000000000294,0.6295942365002101,2.305548986436495
case1,46,89046,0,0,31.30000000000031,0.49307079148428734,0.8607099365605863
case1,46,89046,8,0,31.30000000000031,0.3440731805372013,1.7369045287509792
case1,46,89046,16,0,31.35000000000031,0.126647622357065,1.2507538671019671
case1,46,89046,10,2,33.05000000000026,0.4998988603473811,1.590173081324459
case1,46,89046,18,2,33.05000000000026,0.1808627790246649,1.3144705114324
case1,46,89046,2,2,33.10000000000026,0.09486023841912493,0.29947501089186473
case1,46,89046,5,5,34.60000000000017,0.062416617242284034,2.678788926415996
case1,47,89047,12,4,26.750000000000245,0.3206109076993984,1.8184009798403327
case1,47,89047,4,4,26.800000000000246,0.07074700984564337,2.5536060749622997
case1,47,89047,1,1,28.350000000000268,0.03411175927442184,1.7819145951290354
case1,47,89047,9,1,28.350000000000268,0.41995615045937734,1.4322985753439692
case1,47,89047,17,1,28.350000000000268,0.23670837835511838,1.9288686857190869
case1,47,89047,7,7,28.50000000000027,0.015275518102720514,0.6703394999386658
case1,47,89047,15,7,28.50000000000027,0.4733721056795013,1.6442523329031236
case1,47,89047,6,6,30.00000000000029,0.1710054495122289,2.661979353284644
case1,47,89047,11,3,30.150000000000293,0.2844025328257408,1.9698087037767795
case1,47,89047,19,3,30.150000000000293,0.07999333899604133,2.099668461742022
case1,47,89047,3,3,30.200000000000294,0.219308401133539,1.4368761785504658
case1,47,89047,0,0,32.05000000000032,0.07529907299359359,2.686351538369019
case1,47,89047,16,0,32.100000000000314,0.2792838061499498,0.9971248189686172
case1,47,89047,10,2,33.05000000000026,0.16092742414879022,2.6000785152870596
case1,47,89047,18,2,33.05000000000026,0.460543659879284,2.419581266029873
case1,47,89047,2,2,33.10000000000026,0.017520866270859498,0.35454915426246136
case1,47,89047,5,5,33.150000000000254,0.29739235092791727,0.8937764714403498
case1,47,89047,13,5,33.150000000000254,0.35870483966336125,0.44798159689928596
case1,48,89048,4,4,26.750000000000245,0.3131075610451589,2.9212636859435333
case1,48,89048,12,4,26.750000000000245,0.15850910158748283,2.070055914154267
case1,48,89048,1,1,28.350000000000268,0.2645606825458994,2.1605036955090267
case1,48,89048,9,1,28.350000000000268,0.16247059629559182,1.1765939101989324
case1,48,89048,17,1,28.350000000000268,0.2588627047967988,1.0889055725977883
case1,48,89048,7,7,28.50000000000027,0.18523293859087284,0.2730461022457775
case1,48,89048,15,7,28.50000000000027,0.6070978656885806,1.7354545151510483
case1,48,89048,6,6,30.050000000000292,0.8295005084235662,1.6556527315092882
case1,48,89048,11,3,30.150000000000293,0.40275151187127706,1.8234623695896965
case1,48,89048,19,3,30.150000000000293,0.35012032449468655,1.6342137985475533
case1,48,89048,3,3,30.200000000000294,0.3178883856760928,0.6227367715599191
case1,48,89048,0,0,31.30000000000031,0.3739462762768656,1.0129387174235351
case1,48,89048,8,0,31.30000000000031,0.13196399074231538,1.949987863954631
case1,48,89048,16,0,31.35000000000031,0.21315298753046164,1.0153621146065668
case1,48,89048,5,5,33.10000000000026,0.325848452201351,1.9120511303246934
case1,48,89048,13,5,33.150000000000254,0.26163206168699,1.6602966785888487
case1,48,89048,18,2,34.95000000000015,0.2226493493721702,1.90666417253632
case1,48,89048,2,2,35.00000000000015,0.4955726609771631,0.7882219669503822
case1,49,89049,4,4,26.750000000000245,0.24252979146945983,2.6441453264616017
case1,49,89049,12,4,26.750000000000245,0.2659094798690891,1.7115628420259723
case1,49,89049,1,1,28.350000000000268,0.36300359450280323,2.809363806032453
case1,49,89049,9,1,28.350000000000268,0.266989344071896,0.6661619512706206
case1,49,89049,17,1,28.350000000000268,0.053344970926831964,1.539870163461741
case1,49,89049,7,7,28.50000000000027,0.40023654146997995,1.268986725649797
case1,49,89049,15,7,28.50000000000027,0.47713099553725563,1.6176051623163847
case1,49,89049,14,6,29.20000000000028,0.2567026523611222,1.5951886404272508
case1,49,89049,6,6,29.25000000000028,0.30325312777004326,1.0137811354711124
case1,49,89049,11,3,30.150000000000293,0.01009222384408115,2.099269497720673
case1,49,89049,19,3,30.150000000000293,0.6729662373730358,1.5685041194176221
case1,49,89049,3,3,30.200000000000294,0.12260960485227598,1.4846015165805913
case1,49,89049,0,0,32.05000000000032,0.09437134496259371,2.210093689803939
case1,49,89049,16,0,32.100000000000314,0.24641320534523542,1.2705818185871256
case1,49,89049,5,5,33.10000000000026,0.025173472506028582,1.2620276083061812
case1,49,89049,13,5,33.10000000000026,0.5381336483453576,1.7180383761744158
case1,49,89049,10,2,33.35000000000024,0.19656872740788353,2.930212018149936
case1,49,89049,2,2,33.40000000000024,0.11505768142352343,1.660757009721129
case1,50,89050,4,4,26.750000000000245,0.07617447408886505,2.4346774605742256
case1,50,89050,12,4,26.750000000000245,0.07525088852478273,1.6101859062190973
case1,50,89050,17,1,28.300000000000267,0.6112587629110144,2.982112554996871
case1,50,89050,1,1,28.350000000000268,0.34819429931216006,1.3876952384268462
case1,50,89050,9,1,28.350000000000268,0.3780627466238058,1.8094528905428793
case1,50,89050,14,6,29.20000000000028,0.6381487210172271,1.313385837607596
case1,50,89050,6,6,29.25000000000028,0.17746028078225407,1.42496113328239
case1,50,89050,7,7,29.85000000000029,0.258839257173399,2.62921500156477
case1,50,89050,0,0,31.30000000000031,0.5591737004402038,0.8510168971770465
case1,50,89050,8,0,31.30000000000031,0.28751135127303074,1.8584278020106593
case1,50,89050,16,0,31.35000000000031,0.42179157019699237,1.8704040260093808
case1,50,89050,3,3,31.500000000000313,0.15766958040394335,1.857766827930663
case1,50,89050,19,3,31.500000000000313,0.6030818096642979,2.1259376791557245
case1,50,89050,10,2,33.05000000000026,0.5015011186622069,1.993586465459061
case1,50,89050,18,2,33.05000000000026,0.1288157382433171,1.9152868763837134
case1,50,89050,2,2,33.10000000000026,0.06796392239887389,1.1433274793444663
case1,50,89050,5,5,33.150000000000254,0.09156326018990474,1.1892923996926765
case1,50,89050,13,5,33.150000000000254,0.23740637073100707,0.9489337106898774
case1,51,89051,4,4,26.750000000000245,0.15815176397817596,2.4293556074765723
case1,51,89051,12,4,26.750000000000245,0.16276507099277487,1.5180836265546238
case1,51,89051,1,1,28.350000000000268,0.3469088554750497,1.6544502970985362
case1,51,89051,9,1,28.350000000000268,0.1935864511032007,0.7080892550026948
case1,51,89051,17,1,28.350000000000268,0.21056807284960324,1.5569267180529922
case1,51,89051,7,7,28.50000000000027,0.1624687438009262,0.9839215860777804
case1,51,89051,15,7,28.50000000000027,0.16761635630739424,1.4268489923774896
case1,51,89051,14,6,29.20000000000028,0.24812171222227206,1.2427666490586902
case1,51,89051,6,6,29.25000000000028,0.6549500625850925,1.397589765692097
case1,51,89051,0,0,31.30000000000031,0.0887949730239041,0.8687464762159055
case1,51,89051,8,0,31.30000000000031,0.028869257025176898,2.109424543955137
case1,51,89051,16,0,31.35000000000031,0.049958110535147204,0.9321490793535805
case1,51,89051,19,3,31.450000000000312,0.16058909968056465,2.9190112450613266
case1,51,89051,3,3,31.500000000000313,0.08533193131327474,1.8140760941141136
case1,51,89051,5,5,33.10000000000026,0.08059360730204501,2.3210113339041314
case1,51,89051,13,5,33.10000000000026,0.09754744758384523,1.6873759359987572
case1,51,89051,10,2,33.35000000000024,0.5136912179200165,2.382034416073
case1,51,89051,18,2,33.35000000000024,0.43544569894292384,2.089788816588727
case1,52,89052,4,4,26.750000000000245,0.32630078328536327,2.263232725870822
case1,52,89052,12,4,26.750000000000245,0.34820186869104275,1.4065703977829305
case1,52,89052,7,7,28.50000000000027,0.8162559602362995,1.8455439026742726
case1,52,89052,15,7,28.50000000000027,0.5266674706263934,1.215345102016336
case1,52,89052,9,1,28.650000000000272,0.044140769191103185,1.070213913718716
case1,52,89052,17,1,28.650000000000272,0.3057808407790591,1.0333757264326549
case1,52,89052,14,6,29.20000000000028,0.4260493946169019,1.5973519526386093
case1,52,89052,6,6,29.25000000000028,0.5928844371619609,1.0630198359422705
case1,52,89052,11,3,30.150000000000293,0.44030994691573466,2.03419566448938
case1,52,89052,19,3,30.150000000000293,0.1473917203816413,1.0548972176758324
case1,52,89052,3,3,30.200000000000294,0.05940798052470825,1.8224238710307228
case1,52,89052,0,0,31.30000000000031,0.11778862778301574,1.7573071772896953
case1,52,89052,8,0,31.30000000000031,0.4428720667586728,2.0658279087017735
case1,52,89052,16,0,31.35000000000031,0.4766296356271822,1.006156175074882
case1,52,89052,10,2,33.05000000000026,0.13005637158896777,1.768381804694534
case1,52,89052,18,2,33.05000000000026,0.2663201178225799,1.836348059794401
case1,52,89052,2,2,33.10000000000026,0.09391627585369106,0.7862723724418457
case1,53,89053,4,4,26.750000000000245,0.37906681924120694,2.4836405960401065
case1,53,89053,12,4,26.750000000000245,0.051575739835489465,1.5021901899615981
case1,53,89053,7,7,28.50000000000027,0.5537710298340671,1.906758223925389
case1,53,89053,15,7,28.50000000000027,0.014786455261522752,1.1397713601437847
case1,53,89053,9,1,28.650000000000272,0.3478382748343918,1.6890485853139565
case1,53,89053,17,1,28.650000000000272,0.20639166164875405,1.582694644745976
case1,53,89053,14,6,29.20000000000028,0.3747856402175862,1.6260767014392354
case1,53,89053,6,6,29.25000000000028,0.10289212750992438,1.4661042080800468
case1,53,89053,11,3,30.350000000000296,0.01953466631010725,0.5319513959672525
case1,53,89053,19,3,30.350000000000296,0.5935524146709439,1.1992464116448494
case1,53,89053,0,0,31.30000000000031,0.3218677916782705,1.214506231368431
case1,53,89053,8,0,31.30000000000031,0.014781414257560771,1.8987157117409754
case1,53,89053,16,0,31.35000000000031,0.12657104047854634,0.657225583065974
case1,53,89053,5,5,33.05000000000026,0.33644094921913614,2.753356720669589
case1,53,89053,10,2,33.05000000000026,0.13759517362615048,2.023640245002471
case1,53,89053,13,5,33.05000000000026,0.22290581085841382,2.4090812956579084
case1,53,89053,18,2,33.05000000000026,0.37015319889885734,1.5119925988291747
case1,53,89053,2,2,33.10000000000026,0.1747517241956183,1.4866316840844047
case1,54,89054,12,4,26.750000000000245,0.3179419211768877,2.0347204902830107
case1,54,89054,4,4,26.800000000000246,0.0681359177664452,1.6231580289518304
case1,54,89054,1,1,28.350000000000268,0.2625300279700624,1.6905712616845314
case1,54,89054,9,1,28.350000000000268,0.31155204341389775,0.5916321095733019
case1,54,89054,17,1,28.350000000000268,0.4426175358213013,1.0525745034312295
case1,54,89054,7,7,28.50000000000027,0.34029023940474,0.7855098271147885
case1,54,89054,15,7,28.50000000000027,0.2664469039555615,1.3040346076469866
case1,54,89054,14,6,29.20000000000028,0.21443858089080126,1.8719161038201864
case1,54,89054,6,6,29.25000000000028,0.043900711098602024,1.2205317466297567
case1,54,89054,11,3,30.150000000000293,0.09711269141284937,1.9634087957512347
case1,54,89054,19,3,30.150000000000293,0.00876508758715605,1.403649584454304
case1,54,89054,3,3,30.200000000000294,0.7244475132095796,0.7449921290597541
case1,54,89054,0,0,31.650000000000315,0.22695222244600544,2.917773987543891
case1,54,89054,8,0,31.700000000000315,0.27968391764553924,0.8930853873466007
case1,54,89054,10,2,33.05000000000026,0.3939885124000642,1.7338722301563678
case1,54,89054,18,2,33.05000000000026,0.002519538392031201,1.8737248203328316
case1,54,89054,2,2,33.10000000000026,0.40307617408206364,0.5133209898402256
case1,54,89054,5,5,34.45000000000018,0.20406466765029058,2.6559004717719867
case1,55,89055,4,4,26.750000000000245,0.3468900561060067,2.505580282001414
case1,55,89055,12,4,26.750000000000245,0.557314232524796,1.59287845207856
case1,55,89055,7,7,28.50000000000027,0.08226144430288423,1.1498459039361686
case1,55,89055,15,7,28.50000000000027,0.09083107319734304,1.7778020486464918
case1,55,89055,9,1,28.700000000000273,0.19407936892767153,2.6794938038454648
case1,55,89055,1,1,28.750000000000274,0.13124702538338037,1.0717736036214125
case1,55,89055,14,6,29.80000000000029,0.5027727282256339,1.2144568083129403
case1,55,89055,11,3,30.150000000000293,0.24729092708809855,2.757684217199478
case1,55,89055,19,3,30.150000000000293,0.21131000303730194,1.6657440018941596
case1,55,89055,3,3,30.200000000000294,0.09063403291751504,1.672349129507325
case1,55,89055,0,0,31.30000000000031,0.12605812251036957,1.116207010916557
case1,55,89055,8,0,31.30000000000031,0.06971622594083507,2.1330187768553484
case1,55,89055,16,0,31.35000000000031,0.5643273244614417,0.8038359605800078
case1,55,89055,10,2,33.05000000000026,0.070957337826311,1.971770245828716
case1,55,89055,18,2,33.05000000000026,0.44653414967260324,1.774917333178247
case1,55,89055,2,2,33.10000000000026,0.20660681159601457,0.3882454499335401
case1,55,89055,5,5,33.10000000000026,0.49250151076938675,2.7869727150926473
case1,55,89055,13,5,33.10000000000026,0.143762934938646,1.585993876681562
case1,56,89056,4,4,26.750000000000245,0.6280904694466288,2.783164533826245
case1,56,89056,12,4,26.750000000000245,0.5007380818002491,1.5806615027739515
case1,56,89056,9,1,28.350000000000268,0.2722068491409325,1.1584115244133537
case1,56,89056,17,1,28.350000000000268,0.07401196327848325,1.188741583172191
case1,56,89056,7,7,28.50000000000027,0.11297868814114759,0.49657589162571514
case1,56,89056,15,7,28.50000000000027,0.19968480666269248,2.2259960844486906
case1,56,89056,14,6,29.20000000000028,0.24069023273861886,2.057420487887595
case1,56,89056,6,6,29.25000000000028,0.238376174317332,0.885471096315493
case1,56,89056,11,3,30.150000000000293,0.16848391498994422,2.180030821256479
case1,56,89056,19,3,30.150000000000293,0.1728728583485473,1.5155148736447734
case1,56,89056,3,3,30.200000000000294,0.22327294551875668,1.1867469139171407
case1,56,89056,8,0,32.100000000000314,0.33918675208635674,0.9958068177306238
case1,56,89056,16,0,32.100000000000314,0.08492251505487455,2.302130029664339
case1,56,89056,5,5,33.10000000000026,0.05520415894547537,2.070648371872805
case1,56,89056,13,5,33.10000000000026,0.24243561036660616,2.301129278360959
case1,56,89056,10,2,33.35000000000024,0.17015793976603022,2.456210129828955
case1,56,89056,18,2,33.35000000000024,0.3094263208908933,2.086536752480804
case1,57,89057,4,4,26.750000000000245,0.21922929106701916,2.6067498611144697
case1,57,89057,12,4,26.750000000000245,0.6883276654803092,1.9841705826587122
case1,57,89057,7,7,28.50000000000027,0.20477764677149243,0.529905259671178
case1,57,89057,15,7,28.50000000000027,0.056600638920396934,1.5077737755324063
case1,57,89057,14,6,29.20000000000028,0.016674507305756286,1.563099721894151
case1,57,89057,6,6,29.25000000000028,0.4627429099087961,1.0307050014081662
case1,57,89057,17,1,29.600000000000286,0.2681358271670451,2.6032102597541433
case1,57,89057,1,1,29.650000000000286,0.0076277267918432035,1.8608931683963112
case1,57,89057,11,3,30.150000000000293,0.19651488369387793,1.806685053864151
case1,57,89057,19,3,30.150000000000293,0.014423687253672546,1.0483935048269637
case1,57,89057,3,3,30.200000000000294,0.16285375543138314,1.6043851647990932
case1,57,89057,0,0,31.30000000000031,0.4191269784059897,1.3864945749129272
case1,57,89057,8,0,31.30000000000031,0.014860826489339368,2.2614093106869935
case1,57,89057,16,0,31.35000000000031,0.22094880151564333,0.8529285790222779
case1,57,89057,13,5,33.10000000000026,0.24109783614934932,2.2246469671815277
case1,57,89057,5,5,33.150000000000254,0.5407846871399282,2.854939873807659
case1,57,89057,18,2,34.95000000000015,0.36703306821615944,1.8616984053112327
case1,57,89057,2,2,35.00000000000015,0.32049123791958095,1.305399861948839
case1,58,89058,12,4,26.750000000000245,0.01896001675082712,2.571682640899847
case1,58,89058,4,4,26.800000000000246,0.4080366104218831,1.537208672892274
case1,58,89058,1,1,28.350000000000268,0.32099224512733937,2.0782193101764865
case1,58,89058,9,1,28.350000000000268,0.11962719329343735,1.264416745301226
case1,58,89058,17,1,28.350000000000268,0.5534849822530947,1.0591583683464854
case1,58,89058,7,7,28.50000000000027,0.17455425236860128,0.6527457940124486
case1,58,89058,15,7,28.50000000000027,0.04891892515186955,0.7912118658374548
case1,58,89058,14,6,29.80000000000029,0.16194106473446124,1.1491630906272956
case1,58,89058,11,3,30.150000000000293,0.45773449673925964,2.491632633178628
case1,58,89058,19,3,30.150000000000293,0.036752039551446236,1.6467438721927459
case1,58,89058,3,3,30.200000000000294,0.1410872858950658,1.8562043364371312
case1,58,89058,0,0,31.650000000000315,0.15459808782545234,2.8733356902792
case1,58,89058,8,0,31.700000000000315,0.8181991023991636,1.8557744094964774
case1,58,89058,10,2,33.05000000000026,0.577131904670378,2.2361429298441844
case1,58,89058,18,2,33.05000000000026,0.30484493736193435,1.6126971449241878
case1,58,89058,2,2,33.10000000000026,0.161797753870793,0.12301111167201559
case1,58,89058,5,5,33.150000000000254,0.5370369346832886,1.6036676149898976
case1,58,89058,13,5,33.150000000000254,0.29223706043207265,0.8546535378346559
case1,59,89059,12,4,26.750000000000245,0.2498222588394377,1.839125090285427
case1,59,89059,4,4,26.800000000000246,0.11549083811930957,2.140942783295929
case1,59,89059,1,1,28.350000000000268,0.17835961526579266,1.9208835758217833
case1,59,89059,9,1,28.350000000000268,0.40719558311537557,1.3230298041002788
case1,59,89059,17,1,28.350000000000268,0.07344567819495956,1.4734810023627718
case1,59,89059,7,7,28.50000000000027,0.5948844172009479,1.6567021623956153
case1,59,89059,15,7,28.50000000000027,0.6443528843992268,1.9438333889673896
case1,59,89059,6,6,30.050000000000292,0.22984222663997944,0.7796556903541793
case1,59,89059,11,3,30.150000000000293,0.30946511212485783,1.5264579218265402
case1,59,89059,19,3,30.150000000000293,0.3391754671105819,1.1223643323100994
case1,59,89059,3,3,30.200000000000294,0.3750119955429947,2.2935569177358026
case1,59,89059,0,0,31.30000000000031,0.1642185462299473,0.799042649919456
case1,59,89059,8,0,31.30000000000031,0.1709492812984953,1.8627423714400402
case1,59,89059,16,0,31.35000000000031,0.520999358139691,0.7714622443775632
case1,59,89059,10,2,33.05000000000026,0.030429134986628636,1.9345807962534323
case1,59,89059,18,2,33.05000000000026,0.01886819012838603,1.4679586992689393
case1,59,89059,2,2,33.10000000000026,0.35154250628337047,0.6667656208816571
case1,59,89059,5,5,34.550000000000175,0.4935760064752619,1.4752471380040892
case1,60,89060,4,4,26.750000000000245,0.312726029855226,2.7751815904305297
case1,60,89060,12,4,26.750000000000245,0.13507774343650555,2.199812996042671
case1,60,89060,1,1,28.350000000000268,0.2077595188427478,2.1044581534997233
case1,60,89060,9,1,28.350000000000268,0.37301771666656747,0.6147197495398186
case1,60,89060,17,1,28.350000000000268,0.28907541666011805,1.1390487192233287
case1,60,89060,14,6,29.20000000000028,0.2680798448314812,1.946604952322339
case1,60,89060,6,6,29.25000000000028,0.1396985263687363,1.777550617055244
case1,60,89060,7,7,29.85000000000029,0.19576200867625904,2.3086173473332305
case1,60,89060,0,0,31.30000000000031,0.11674251885060585,1.687230828856348
case1,60,89060,8,0,31.30000000000031,0.34515643062384527,2.0810777645669134
case1,60,89060,16,0,31.35000000000031,0.08628789875356371,1.3537460911744406
case1,60,89060,19,3,31.450000000000312,0.6157589310801499,2.7108769686866467
case1,60,89060,3,3,31.500000000000313,0.15857742849897397,1.8599852373479
case1,60,89060,10,2,33.05000000000026,0.12096043983910806,2.2228464805453547
case1,60,89060,18,2,33.05000000000026,0.2010374246651303,2.2846409412187785
case1,60,89060,2,2,33.10000000000026,0.5051321277441322,1.1559041849686809
case1,60,89060,5,5,33.10000000000026,0.22288925011050575,2.799991376547835
case1,60,89060,13,5,33.150000000000254,0.17409608587968933,2.044322751625652
case1,61,89061,4,4,26.750000000000245,0.06959368018886716,2.3832942443461165
case1,61,89061,12,4,26.750000000000245,0.0072332537156894194,1.718746804307038
case1,61,89061,7,7,28.50000000000027,0.2637223592718847,1.0997617212003332
case1,61,89061,15,7,28.50000000000027,0.5385268577089802,1.2366982355031948
case1,61,89061,14,6,29.20000000000028,0.15790113924178234,1.615341027647767
case1,61,89061,6,6,29.25000000000028,0.016148732585802433,1.165304795549904
case1,61,89061,11,3,30.150000000000293,0.5239525850755589,1.8126812993804258
case1,61,89061,19,3,30.150000000000293,0.01689949498807508,0.868851532874044
case1,61,89061,3,3,30.200000000000294,0.026586107865938957,0.31345100544099486
case1,61,89061,17,1,31.050000000000306,0.1161826386357844,0.9819087150522611
case1,61,89061,0,0,31.30000000000031,0.724886649442359,1.6459482312776432
case1,61,89061,8,0,31.30000000000031,0.41849882148855094,1.9479416316371685
case1,61,89061,16,0,31.35000000000031,0.5787282627451121,1.4386900536939697
case1,61,89061,10,2,33.05000000000026,0.13162715748817597,2.489747925788789
case1,61,89061,18,2,33.05000000000026,0.31236682331570015,2.7913234727566962
case1,61,89061,2,2,33.10000000000026,0.10069704181044087,0.3254440188390111
case1,61,89061,5,5,33.150000000000254,0.20618792410670359,2.786239543047069
case1,61,89061,13,5,33.150000000000254,0.23178123636980055,2.9214009433333086
case1,62,89062,4,4,26.750000000000245,0.1407591266892097,2.726039095258489
case1,62,89062,12,4,26.750000000000245,0.06219856090348283,2.010269592444166
case1,62,89062,1,1,28.350000000000268,0.1633901891275074,1.9987365465991627
case1,62,89062,9,1,28.350000000000268,0.6248533250913544,0.7971102708679391
case1,62,89062,17,1,28.350000000000268,0.048291372979427094,1.2504060882432684
case1,62,89062,7,7,28.50000000000027,0.31656714162540056,0.33528780503114447
case1,62,89062,15,7,28.50000000000027,0.0334216179739843,1.0343053045844064
case1,62,89062,14,6,29.20000000000028,0.48017382188388313,2.1271423133776812
case1,62,89062,6,6,29.25000000000028,0.0664904120405139,1.9831692152594627
case1,62,89062,11,3,30.400000000000297,0.34225086936104654,1.3669654404718599
case1,62,89062,3,3,30.450000000000298,0.060962846858443026,0.9094887357893227
case1,62,89062,0,0,31.30000000000031,0.2067851176321541,1.9706956806917217
case1,62,89062,8,0,31.30000000000031,0.8383151256940885,2.2133547830915568
case1,62,89062,16,0,31.35000000000031,0.11063880301211679,0.7517345953428078
case1,62,89062,5,5,33.10000000000026,0.2508052067227338,1.8733873701556836
case1,62,89062,13,5,33.10000000000026,0.1064709367517406,2.708182699663573
case1,62,89062,18,2,34.95000000000015,0.31266659596634405,2.1208778839087876
case1,62,89062,2,2,35.00000000000015,0.04281029132333378,0.6294004208376247
case1,63,89063,4,4,26.750000000000245,0.1519951981812373,2.4437270319440363
case1,63,89063,12,4,26.750000000000245,0.30956344240793293,2.2623494597108684
case1,63,89063,1,1,28.350000000000268,0.1582363320235035,1.60569212229304
case1,63,89063,9,1,28.350000000000268,0.2347960602569722,0.9597845036673044
case1,63,89063,17,1,28.350000000000268,0.25606972785276827,1.8628419325153303
case1,63,89063,7,7,29.85000000000029,0.5798395230709993,2.1141636425664543
case1,63,89063,6,6,30.050000000000292,0.08090916255520977,2.2943562202498744
case1,63,89063,11,3,30.150000000000293,0.36112884215289476,2.4607952606815493
case1,63,89063,19,3,30.150000000000293,0.10070946222702601,1.9208357450128122
case1,63,89063,3,3,30.200000000000294,0.048650290795672124,0.8439929851732426
case1,63,89063,0,0,31.30000000000031,0.37994560208333555,1.2211794854338025
case1,63,89063,8,0,31.30000000000031,0.17542620065656728,1.9898788939043
case1,63,89063,16,0,31.35000000000031,0.5358120488440399,0.5236732185453861
case1,63,89063,10,2,33.05000000000026,0.10015452573181585,1.8585980977586436
case1,63,89063,18,2,33.05000000000026,0.09186218680315206,2.4405349363587105
case1,63,89063,2,2,33.10000000000026,0.005604175345085699,1.7551745127731964
case1,63,89063,5,5,33.10000000000026,0.45014398996361704,1.1678244926359025
case1,63,89063,13,5,33.10000000000026,0.39532532031877754,1.7999803839319428
case1,64,89064,4,4,26.750000000000245,0.08699157084085765,2.460353488610589
case1,64,89064,12,4,26.750000000000245,0.8135696650543169,2.3407512873588527
case1,64,89064,17,1,28.300000000000267,0.34783388154840883,2.9782595426298806
case1,64,89064,1,1,28.350000000000268,0.034518493475896,1.7127391268523222
case1,64,89064,9,1,28.350000000000268,0.41972973925737006,0.5459867318237546
case1,64,89064,7,7,28.50000000000027,0.5535740308432456,0.9652314872621637
case1,64,89064,15,7,28.50000000000027,0.14461329454857538,1.1719537807176537
case1,64,89064,11,3,30.150000000000293,0.26435748628674394,2.2571809049274063
case1,64,89064,19,3,30.150000000000293,0.3409894933985309,1.182279232475516
case1,64,89064,3,3,30.200000000000294,0.2703583775148535,0.7037041483264421
case1,64,89064,0,0,31.30000000000031,0.5898173267934363,1.4483997695459594
case1,64,89064,8,0,31.30000000000031,0.07041264186400054,2.061172428343398
case1,64,89064,16,0,31.35000000000031,0.44516146122711786,0.6406896057554721
case1,64,89064,10,2,33.05000000000026,0.0867419867234055,2.023831128780963
case1,64,89064,18,2,33.05000000000026,0.6465094271489928,1.3196365349025694
case1,64,89064,2,2,33.10000000000026,0.10176523300390594,1.0677792506945667
case1,64,89064,5,5,33.10000000000026,0.08167035564098066,0.9070987277465827
case1,64,89064,13,5,33.10000000000026,0.21102168760819295,1.374645171277576
case1,65,89065,4,4,26.750000000000245,0.5206560289197675,2.611317638242374
case1,65,89065,12,4,26.750000000000245,0.05791043000388871,1.7237120244754323
case1,65,89065,1,1,28.350000000000268,0.14995301289801377,2.376615926730081
case1,65,89065,9,1,28.350000000000268,0.5711316859131399,1.619093648303045
case1,65,89065,17,1,28.350000000000268,0.7998361836558743,1.2190528299813668
case1,65,89065,14,6,29.20000000000028,0.21341332384577558,1.9118898284002779
case1,65,89065,6,6,29.25000000000028,0.45571747687262953,1.4024528882336789
case1,65,89065,11,3,30.150000000000293,0.06301171630909294,2.153573321356538
case1,65,89065,19,3,30.150000000000293,0.4187905629782252,1.2398670716627187
case1,65,89065,3,3,30.200000000000294,0.17953345227608586,0.9960717312066991
case1,65,89065,0,0,31.30000000000031,0.3201422587941914,1.9146530138939797
case1,65,89065,8,0,31.30000000000031,0.38373041116017514,2.166305160908041
case1,65,89065,16,0,31.35000000000031,0.09243070579635851,0.7362548804953678
case1,65,89065,5,5,33.05000000000026,0.1389767401230977,2.792694125483536
case1,65,89065,10,2,33.05000000000026,0.3951620484823446,1.8919258735244746
case1,65,89065,13,5,33.05000000000026,0.14359199128702388,2.6023805346207656
case1,65,89065,18,2,33.05000000000026,0.02372535485862745,1.4370426373094403
case1,65,89065,2,2,33.10000000000026,0.044404668805272496,1.330218815190764
case1,66,89066,12,4,26.750000000000245,0.023082723301113967,1.9367628713702332
case1,66,89066,4,4,26.800000000000246,0.23173871388236345,2.1825429598981914
case1,66,89066,1,1,28.350000000000268,0.06436242774895518,1.764917026265532
case1,66,89066,9,1,28.350000000000268,0.4278386205926592,0.5807354692564662
case1,66,89066,17,1,28.350000000000268,0.6894019076586959,2.055621025579752
case1,66,89066,7,7,28.50000000000027,0.14565397482776127,0.6190972090139811
case1,66,89066,15,7,28.50000000000027,0.07041843355430938,0.9208528015931552
case1,66,89066,14,6,29.80000000000029,0.24378770950424805,1.844915671696636
case1,66,89066,11,3,30.400000000000297,0.006926657554066573,1.792719798679522
case1,66,89066,3,3,30.450000000000298,0.02032840270107139,1.347691839076587
case1,66,89066,0,0,31.30000000000031,0.03214331983439156,1.1489352271083486
case1,66,89066,8,0,31.30000000000031,0.09488724867011183,2.0191091947638586
case1,66,89066,16,0,31.35000000000031,0.17066966422080831,1.0264942834361852
case1,66,89066,10,2,33.05000000000026,0.5224287888355031,2.012949362737826
case1,66,89066,18,2,33.05000000000026,0.13848123990673927,2.0012670516717823
case1,66,89066,2,2,33.10000000000026,0.01674499100253843,0.3175588120856226
case1,66,89066,5,5,33.150000000000254,0.00619087668803453,1.1935888505887073
case1,67,89067,12,4,27.75000000000026,0.0627568516922831,2.2520981737171644
case1,67,89067,17,1,28.300000000000267,0.24925360756122764,2.9350245846496694
case1,67,89067,1,1,28.350000000000268,0.1537256370291929,1.5502493437328155
case1,67,89067,9,1,28.350000000000268,0.4061213952042449,1.1301257317445137
case1,67,89067,7,7,28.50000000000027,0.1925507460752848,0.952772774386876
case1,67,89067,15,7,28.50000000000027,0.5137455696601974,2.0320323249074805
case1,67,89067,14,6,29.20000000000028,0.09355509797557565,1.2212483298211336
case1,67,89067,6,6,29.25000000000028,0.1339822536716182,1.8663092566845871
case1,67,89067,0,0,31.30000000000031,0.24161474386997123,1.2579332518487525
case1,67,89067,8,0,31.30000000000031,0.835128801469192,2.353496251496931
case1,67,89067,16,0,31.35000000000031,0.2961185641051146,0.6193555942787792
case1,67,89067,19,3,31.450000000000312,0.41050991741661447,2.7018112829567396
case1,67,89067,3,3,31.500000000000313,0.30725010169916367,2.0822548530029295
case1,67,89067,10,2,33.05000000000026,0.06172865994224211,1.744555813891756
case1,67,89067,18,2,33.05000000000026,0.027924522120837264,2.0125142129005815
case1,67,89067,2,2,33.10000000000026,0.14802803044984192,0.4898039201024851
case1,67,89067,5,5,33.150000000000254,0.25231215994639544,2.142790258331465
case1,67,89067,13,5,33.150000000000254,0.2077925949629363,1.4742709217158008
case1,68,89068,4,4,26.750000000000245,0.11584258958145205,2.7545204951403504
case1,68,89068,12,4,26.750000000000245,0.1784754351447229,1.7537274047960263
case1,68,89068,1,1,28.350000000000268,0.18599668277397624,1.8394100577695711
case1,68,89068,9,1,28.350000000000268,0.6604076065435032,0.9371699159264383
case1,68,89068,17,1,28.350000000000268,0.20849689482412614,1.2722671490995814
case1,68,89068,7,7,28.50000000000027,0.04682014178642713,0.3367356739166437
case1,68,89068,15,7,28.50000000000027,0.19999174335596293,0.7657156584772021
case1,68,89068,14,6,29.20000000000028,0.47124124799151135,2.5403003833652464
case1,68,89068,6,6,29.25000000000028,0.026611188756983456,1.438010666868126
case1,68,89068,11,3,30.400000000000297,0.028331242453236344,2.3540099820367266
case1,68,89068,3,3,30.450000000000298,0.2881713222269645,1.3634300312671435
case1,68,89068,0,0,31.30000000000031,0.8897798612214595,1.2084317185782323
case1,68,89068,8,0,31.30000000000031,0.7057951694874742,2.0174729319546745
case1,68,89068,16,0,31.35000000000031,0.04777584401453144,1.1181375095152584
case1,68,89068,10,2,33.05000000000026,0.38893479277959925,1.9577452169775842
case1,68,89068,18,2,33.05000000000026,0.03331240139494257,1.8965547551112771
case1,68,89068,2,2,33.10000000000026,0.16539511247540137,1.6705082009232646
case1,68,89068,5,5,34.550000000000175,0.23020962836172265,1.8507263924602624
case1,69,89069,12,4,27.70000000000026,0.40818380652354425,2.8690501083851285
case1,69,89069,1,1,28.350000000000268,0.656095388018636,1.711971100133527
case1,69,89069,9,1,28.350000000000268,0.6366553150816401,2.118040628726455
case1,69,89069,17,1,28.350000000000268,0.11956190687995413,1.3447270030369205
case1,69,89069,7,7,28.50000000000027,0.40939005179983423,1.0864093884727586
case1,69,89069,15,7,28.50000000000027,0.6526039281386016,1.207574205251976
case1,69,89069,14,6,29.20000000000028,0.08197916825775661,2.3266852616604887
case1,69,89069,6,6,29.25000000000028,0.0525102603502339,1.6231987460484134
case1,69,89069,11,3,30.150000000000293,0.17194541413524633,2.9769578926498776
case1,69,89069,19,3,30.150000000000293,0.0685260574752235,1.441953134359424
case1,69,89069,3,3,30.200000000000294,0.18610452089512378,0.944103006643728
case1,69,89069,0,0,31.30000000000031,0.1566541687068267,2.316723713758325
case1,69,89069,8,0,31.30000000000031,0.03165874605103547,1.8717436060961756
case1,69,89069,16,0,31.35000000000031,0.3118548669678529,0.9731938751895521
case1,69,89069,10,2,33.05000000000026,0.13035082478526663,1.849252544309575
case1,69,89069,18,2,33.05000000000026,0.01751309052523553,1.4256963282915187
case1,69,89069,2,2,33.10000000000026,0.30139529077837224,0.8856189294332841
case1,69,89069,5,5,34.40000000000018,0.19357969011114196,2.5253444540917878
case1,70,89070,12,4,26.750000000000245,0.048892131900543506,1.754786314247223
case1,70,89070,4,4,26.800000000000246,0.022685988181180783,2.327750836095671
case1,70,89070,1,1,28.750000000000274,0.12983063964359381,1.0862914431579975
case1,70,89070,9,1,28.750000000000274,0.06538991615135256,1.8934251440294683
case1,70,89070,14,6,29.20000000000028,0.08997951641565796,1.422307551541236
case1,70,89070,6,6,29.25000000000028,0.4226017068769189,0.9892968336612011
case1,70,89070,7,7,29.85000000000029,0.24381579195939962,2.0859175425808485
case1,70,89070,11,3,30.150000000000293,0.12246822488541881,1.5191442181664958
case1,70,89070,19,3,30.150000000000293,0.41984891735352486,1.2686863032592326
case1,70,89070,3,3,30.200000000000294,0.049546766956120064,1.6359089414179415
case1,70,89070,0,0,31.30000000000031,0.10275747700790921,1.2093824211742334
case1,70,89070,8,0,31.30000000000031,0.1746310576624635,1.801781239627
case1,70,89070,16,0,31.35000000000031,0.0291439671916372,1.048641806554339
case1,70,89070,10,2,33.05000000000026,0.5523152434016148,2.0044027941024862
case1,70,89070,18,2,33.05000000000026,0.3031447084524441,1.4861923263266412
case1,70,89070,2,2,33.10000000000026,0.2969623537171041,1.6190290224986241
case1,70,89070,5,5,33.150000000000254,0.3337993344682559,1.8808620019204823
case1,70,89070,13,5,33.150000000000254,0.33761352835366165,1.1331961329562374
case1,71,89071,4,4,26.750000000000245,0.18606535134176655,2.7492333686314008
case1,71,89071,12,4,26.750000000000245,0.350970204313838,2.4946761559300716
case1,71,89071,1,1,28.350000000000268,0.010369194202526216,2.264584769514883
case1,71,89071,9,1,28.350000000000268,0.08564603679046429,0.7384114578053249
case1,71,89071,17,1,28.350000000000268,0.3323805837444024,1.5886910216058272
case1,71,89071,14,6,29.80000000000029,0.3403512575199502,1.4555989505002536
case1,71,89071,7,7,29.85000000000029,0.007687184158501448,2.2032910166360082
case1,71,89071,11,3,30.150000000000293,0.13200828475528123,2.1399358349574227
case1,71,89071,19,3,30.150000000000293,0.408697837153161,1.3291440106999073
case1,71,89071,3,3,30.200000000000294,0.3211349157316642,0.5844987952300236
case1,71,89071,0,0,31.30000000000031,0.2888303190731184,0.8835339058567255
case1,71,89071,8,0,31.30000000000031,0.21917334759486,1.9072078216898474
case1,71,89071,16,0,31.35000000000031,0.5892382411120909,1.9817223253710279
case1,71,89071,10,2,33.05000000000026,0.2516485152236805,1.704197036864141
case1,71,89071,18,2,33.05000000000026,0.7279313803895757,2.056195706980539
case1,71,89071,2,2,33.10000000000026,0.06436267495476197,1.0719007856754015
case1,71,89071,5,5,33.10000000000026,0.18884517407385712,0.5120787330231225
case1,71,89071,13,5,33.10000000000026,0.3736989988412541,1.9416324244530971
case1,72,89072,4,4,26.750000000000245,0.3738772821953952,2.4349806713920747
case1,72,89072,12,4,26.750000000000245,0.30943584189467876,1.752065844755167
case1,72,89072,7,7,28.50000000000027,0.44429549289725806,1.6104423193966493
case1,72,89072,15,7,28.50000000000027,0.1892070538350034,0.7190382411512054
case1,72,89072,14,6,29.20000000000028,0.1288730713861239,1.5223612122793801
case1,72,89072,6,6,29.25000000000028,0.6303267813374489,1.284505214569663
case1,72,89072,17,1,29.600000000000286,0.09875176261602978,1.7830743052854159
case1,72,89072,1,1,29.650000000000286,0.26021221626983926,1.7328345775469531
case1,72,89072,19,3,30.150000000000293,0.07565247633126226,2.1061778046393167
case1,72,89072,3,3,30.200000000000294,0.13607116931771848,1.4131767826668429
case1,72,89072,0,0,31.650000000000315,0.13026782939414622,2.693314628587515
case1,72,89072,8,0,31.700000000000315,0.48438806012388913,0.7158150604052224
case1,72,89072,10,2,33.05000000000026,0.1436819587493584,1.7300620962441686
case1,72,89072,18,2,33.05000000000026,0.3098084346549218,1.7270433129212683
case1,72,89072,2,2,33.10000000000026,0.3731930604517863,0.23890838988406285
case1,72,89072,5,5,33.150000000000254,0.16397057907938137,2.6363660029651315
case1,72,89072,13,5,33.150000000000254,0.20807257687422714,1.8715832424719492
case1,73,89073,12,4,27.70000000000026,0.04602996024185926,1.531677663248379
case1,73,89073,7,7,28.50000000000027,0.44290821118045465,0.5312764547930358
case1,73,89073,15,7,28.50000000000027,0.37387019533826005,1.2373701354869246
case1,73,89073,14,6,29.20000000000028,0.032266200207785006,2.6638282253474395
case1,73,89073,6,6,29.25000000000028,0.05849499971878644,1.8528813946633016
case1,73,89073,1,1,29.600000000000286,0.6715617863356295,2.6745772588110786
case1,73,89073,17,1,29.600000000000286,0.0020497779358708,1.3591608976170078
case1,73,89073,11,3,30.150000000000293,0.10728981143924005,1.5989389770395206
case1,73,89073,19,3,30.150000000000293,0.27393539275323175,1.4478825859945657
case1,73,89073,3,3,30.200000000000294,0.685509577055638,1.8058352509356814
case1,73,89073,0,0,31.30000000000031,0.14629683324952733,0.927302443667777
case1,73,89073,8,0,31.30000000000031,0.15256040279516497,2.1475031296669513
case1,73,89073,16,0,31.35000000000031,0.03527525067368997,0.9340267961149883
case1,73,89073,10,2,33.05000000000026,0.3633071979987501,2.0714545798825803
case1,73,89073,18,2,33.05000000000026,0.15920375350341212,1.8068256892443895
case1,73,89073,2,2,33.10000000000026,0.16306511152142306,1.282493914258392
case1,73,89073,13,5,33.10000000000026,0.24554447206184016,2.585322196731142
case1,73,89073,5,5,33.150000000000254,0.3319698110949416,1.9848465909159256
case1,74,89074,4,4,26.750000000000245,0.26559417075663444,2.6835996482953286
case1,74,89074,12,4,26.750000000000245,0.33813776253935,1.8096839305965922
case1,74,89074,1,1,28.350000000000268,0.5948373056154965,1.5834241510348863
case1,74,89074,9,1,28.350000000000268,0.1667676224771632,1.0555449855605827
case1,74,89074,17,1,28.350000000000268,0.20691376347798435,1.3822846444380081
case1,74,89074,7,7,28.50000000000027,0.5001404829957514,1.3632713255365692
case1,74,89074,15,7,28.50000000000027,0.41387596986829944,1.4148402247016678
case1,74,89074,14,6,29.80000000000029,0.06272628342392575,1.8711994340071652
case1,74,89074,11,3,30.150000000000293,0.322414031507576,1.620877288066032
case1,74,89074,19,3,30.150000000000293,0.1799993950809924,1.3635860541196314
case1,74,89074,3,3,30.200000000000294,0.02607835776375131,0.7920779719378161
case1,74,89074,0,0,31.700000000000315,0.3510324599200571,1.7825824441543983
case1,74,89074,8,0,31.700000000000315,0.5077991497441948,0.954806959878387
case1,74,89074,10,2,33.05000000000026,0.08704147324492811,1.7524985499369883
case1,74,89074,18,2,33.05000000000026,0.21198151530529039,2.2445391310055243
case1,74,89074,2,2,33.10000000000026,0.09773347151430978,1.140243239630592
case1,74,89074,5,5,33.10000000000026,0.12693931325920485,1.357229657553695
case1,74,89074,13,5,33.10000000000026,0.8498446623853745,2.7219021762688005
case1,75,89075,4,4,26.750000000000245,0.051147074054352926,2.7304447532698872
case1,75,89075,12,4,26.750000000000245,0.06573427559141992,2.4310454547454614
case1,75,89075,7,7,28.50000000000027,0.2213491726761121,0.520300820830661
case1,75,89075,15,7,28.50000000000027,0.1500360863594006,1.3396695581534293
case1,75,89075,14,6,29.20000000000028,0.03343923312027272,1.416441212720275
case1,75,89075,6,6,29.25000000000028,0.21630633806539443,1.0263760364776815
case1,75,89075,11,3,30.150000000000293,0.7072695578352669,2.188458467794558
case1,75,89075,19,3,30.150000000000293,0.1426736019797854,1.3743140972632866
case1,75,89075,3,3,30.200000000000294,0.29588272838396956,0.7439260359993415
case1,75,89075,1,1,30.6500000000003,0.4295338547471144,0.44154575506949706
case1,75,89075,0,0,31.30000000000031,0.21582122224399886,1.451624141787103
case1,75,89075,8,0,31.30000000000031,0.15435281779194657,2.2589001389044365
case1,75,89075,16,0,31.35000000000031,0.23331439082488303,1.4560464527631203
case1,75,89075,5,5,33.05000000000026,0.7801160381259009,2.9849804155828936
case1,75,89075,10,2,33.05000000000026,0.2733404812910726,2.021566468617944
case1,75,89075,18,2,33.05000000000026,0.14169397061934005,1.7280063440432198
case1,75,89075,2,2,33.10000000000026,0.18395270046804385,1.3662800268973385
case1,75,89075,13,5,33.10000000000026,0.09701842232347083,2.060397267658686
case1,76,89076,4,4,26.750000000000245,0.13559286082274824,2.6192264264708234
case1,76,89076,12,4,26.750000000000245,0.5314555795800324,2.178623284021477
case1,76,89076,7,7,28.50000000000027,0.24580736605009956,0.6821536719261551
case1,76,89076,15,7,28.50000000000027,0.20562153379892706,0.9342708049279801
case1,76,89076,14,6,29.20000000000028,0.6250209320045501,1.33749834228304
case1,76,89076,6,6,29.25000000000028,0.05284525578939139,1.2931650796719154
case1,76,89076,1,1,29.600000000000286,0.42381528627545023,2.825086769909979
case1,76,89076,17,1,29.600000000000286,0.4084806870795342,0.6666810442014087
case1,76,89076,11,3,30.350000000000296,0.05402524047977128,1.0094283432133206
case1,76,89076,19,3,30.350000000000296,0.1402514019419896,0.7455159886446694
case1,76,89076,0,0,31.30000000000031,0.19409122617785265,1.8544072019875333
case1,76,89076,8,0,31.30000000000031,0.09395683935262986,1.9788185272412193
case1,76,89076,16,0,31.35000000000031,0.2718775455982616,1.0971074351441097
case1,76,89076,5,5,33.05000000000026,0.026155010354559666,1.076383839740723
case1,76,89076,10,2,33.05000000000026,0.009152672613854163,1.726616193809457
case1,76,89076,13,5,33.05000000000026,0.4525357524267968,1.0094883509686388
case1,76,89076,18,2,33.05000000000026,0.14220517640165692,1.807727575739863
case1,76,89076,2,2,33.10000000000026,0.21137914834960747,0.6647450462717871
case1,77,89077,12,4,27.70000000000026,0.13682710780988633,1.814682063599502
case1,77,89077,1,1,28.350000000000268,0.08993014378062464,1.6507341595522746
case1,77,89077,9,1,28.350000000000268,0.5677130705924954,2.5240755760597215
case1,77,89077,17,1,28.350000000000268,0.014644723634238105,2.03288949496652
case1,77,89077,7,7,28.50000000000027,0.5066999720860563,1.8303740070693975
case1,77,89077,15,7,28.50000000000027,0.10963401265604683,1.6865557973648522
case1,77,89077,14,6,29.20000000000028,0.7437011678295979,2.4911135659408417
case1,77,89077,6,6,29.25000000000028,0.4127305403981226,1.585004899117286
case1,77,89077,11,3,30.150000000000293,0.04851844438279826,1.5399057560735108
case1,77,89077,19,3,30.150000000000293,0.13591230904444618,1.0872856665616828
case1,77,89077,3,3,30.200000000000294,0.1945894515386469,1.5730500307522246
case1,77,89077,8,0,32.100000000000314,0.10399486958786058,1.9367721719238862
case1,77,89077,16,0,32.100000000000314,0.3095885733400727,2.879887982033593
case1,77,89077,10,2,33.05000000000026,0.237329390439256,2.349199693246493
case1,77,89077,13,5,33.05000000000026,0.3259018028562474,2.852020666355258
case1,77,89077,18,2,33.05000000000026,0.16465601336960461,1.5360589018785462
case1,77,89077,2,2,33.10000000000026,0.02433227689374806,0.9791228879106667
case1,77,89077,5,5,33.10000000000026,0.40161120095893743,1.0270101142603423
case1,78,89078,4,4,26.750000000000245,0.3305151910349789,2.601707967430867
case1,78,89078,12,4,26.750000000000245,0.1976366374622956,2.3154266793190073
case1,78,89078,7,7,28.50000000000027,0.028311331079070856,0.41939764404949603
case1,78,89078,15,7,28.50000000000027,0.11447903735854173,0.6553011763318501
case1,78,89078,1,1,28.750000000000274,0.18893794170786657,2.0480861905275805
case1,78,89078,9,1,28.750000000000274,0.146446480299845,1.9167027863260508
case1,78,89078,14,6,29.20000000000028,0.3000325131137195,2.269317612976324
case1,78,89078,6,6,29.25000000000028,0.4614719048341082,1.551553472050935
case1,78,89078,11,3,30.150000000000293,0.5131124063482911,1.6864388867973408
case1,78,89078,19,3,30.150000000000293,0.006875620151642198,1.3236544818535818
case1,78,89078,3,3,30.200000000000294,0.015292961791524534,1.1757019669533404
case1,78,89078,8,0,32.100000000000314,0.23340375073741265,1.413780211595088
case1,78,89078,16,0,32.100000000000314,0.654286164805645,2.0955461990026905
case1,78,89078,10,2,33.05000000000026,0.2323181210047652,2.013154527317072
case1,78,89078,18,2,33.05000000000026,0.07328616481876249,1.4295018560364638
case1,78,89078,2,2,33.10000000000026,0.19362448215988154,0.6459519896428189
case1,78,89078,13,5,33.10000000000026,0.032369011224140015,2.821156602999889
case1,78,89078,5,5,33.150000000000254,0.006512860567546297,2.516295659994403
case1,79,89079,4,4,26.750000000000245,0.22437910374496692,2.2590631802856422
case1,79,89079,12,4,26.750000000000245,0.18000807380996703,1.52483782303737
case1,79,89079,7,7,28.50000000000027,0.031719200459831065,0.5292772630455671
case1,79,89079,15,7,28.50000000000027,0.4673712077709281,1.015363303069131
case1,79,89079,14,6,29.20000000000028,0.5988747835677517,1.656733728228467
case1,79,89079,6,6,29.25000000000028,0.08829536040628425,1.6095608571521858
case1,79,89079,1,1,29.600000000000286,0.6080718327800175,2.8929897958043944
case1,79,89079,17,1,29.600000000000286,0.2717401651775665,1.7169861898736007
case1,79,89079,0,0,31.30000000000031,0.049037356849634006,1.4577976527571497
case1,79,89079,8,0,31.30000000000031,0.27370839026464866,2.865454716370069
case1,79,89079,16,0,31.35000000000031,0.18579444936297793,1.761849153579434
case1,79,89079,19,3,31.450000000000312,0.16618087360519593,2.5190764329884896
case1,79,89079,3,3,31.500000000000313,0.4598897557884085,1.8056332539954838
case1,79,89079,10,2,33.05000000000026,0.40759526910530747,2.3229410363352962
case1,79,89079,18,2,33.05000000000026,0.07576690958353621,1.4838310780395307
case1,79,89079,2,2,33.10000000000026,0.048986583174183335,1.511748861349016
case1,79,89079,5,5,33.150000000000254,0.26948109438626333,1.7333464048011706
case1,79,89079,13,5,33.150000000000254,0.09015193290473697,1.4901516892879616
case1,80,89080,12,4,27.70000000000026,0.32800244103153625,2.557097289846155
case1,80,89080,7,7,28.50000000000027,0.469067021776561,1.1315606740649786
case1,80,89080,15,7,28.50000000000027,0.1410994222452533,1.3305574942072695
case1,80,89080,17,1,28.60000000000027,0.3130112904683,2.808113749228385
case1,80,89080,9,1,28.650000000000272,0.3082665255848717,1.2705023286290382
case1,80,89080,14,6,29.20000000000028,0.025755236237870655,1.9663635785830187
case1,80,89080,6,6,29.25000000000028,0.4982264725369762,2.083704050232097
case1,80,89080,11,3,30.150000000000293,0.46426533274660087,1.7605991972191382
case1,80,89080,19,3,30.150000000000293,0.5095317479798598,1.4731057020703322
case1,80,89080,3,3,30.200000000000294,0.12761626310833557,0.6099955976846536
case1,80,89080,0,0,31.30000000000031,0.6261440347432708,1.4139951600043132
case1,80,89080,8,0,31.30000000000031,0.08313668059141158,1.8870154914435844
case1,80,89080,16,0,31.35000000000031,0.10410551294220588,0.4500510776448224
case1,80,89080,10,2,33.05000000000026,0.11190503884282516,1.760244117228327
case1,80,89080,18,2,33.05000000000026,0.5519041697574794,1.9034559814901102
case1,80,89080,2,2,33.10000000000026,0.581840973464545,1.378609890371359
case1,80,89080,5,5,33.10000000000026,0.5387885612275343,1.4188975220241231
case1,80,89080,13,5,33.10000000000026,0.1862317324937664,0.9818847267852245
case1,81,89081,4,4,26.750000000000245,0.11947799677997256,2.7990959374787514
case1,81,89081,12,4,26.750000000000245,0.577508537215535,1.719942368419061
case1,81,89081,1,1,28.350000000000268,0.0015346512124219946,1.7306769489864424
case1,81,89081,9,1,28.350000000000268,0.2539310193094999,0.8016736335206736
case1,81,89081,17,1,28.350000000000268,0.10037352417552847,1.2574094879675348
case1,81,89081,7,7,28.50000000000027,0.2907114534506156,1.3503423052549566
case1,81,89081,15,7,28.50000000000027,0.4044764733674525,0.6889638999240366
case1,81,89081,14,6,29.20000000000028,0.4935250485755095,2.28026485834011
case1,81,89081,6,6,29.25000000000028,0.12141441398415084,1.3259336182469645
case1,81,89081,11,3,30.350000000000296,0.4347288092666086,0.6475005287968151
case1,81,89081,19,3,30.350000000000296,0.587081943254313,0.6020789406313934
case1,81,89081,0,0,31.700000000000315,0.15656436747131017,2.144880753383593
case1,81,89081,8,0,31.700000000000315,0.04868513186802595,0.38475388386609827
case1,81,89081,5,5,33.05000000000026,0.730205908301428,1.9178463770741212
case1,81,89081,10,2,33.05000000000026,0.5499448864583221,1.7466496133917544
case1,81,89081,13,5,33.05000000000026,0.3691784145250054,1.3922381442165812
case1,81,89081,18,2,33.05000000000026,0.1497747605687505,1.9242133734062399
case1,81,89081,2,2,33.10000000000026,0.40063104471622024,0.9927461993477523
case1,82,89082,4,4,26.750000000000245,0.00011938868782515599,2.6648793528092565
case1,82,89082,12,4,26.750000000000245,0.3970819545129135,2.355536063055639
case1,82,89082,7,7,28.50000000000027,0.6138014220314314,1.7010906248628708
case1,82,89082,15,7,28.50000000000027,0.06389068589539648,0.8581889013686275
case1,82,89082,1,1,28.750000000000274,0.2855143095327844,1.276135803021761
case1,82,89082,9,1,28.750000000000274,0.26483574931423565,1.4421706592549774
case1,82,89082,14,6,29.20000000000028,0.467298626086683,1.5549651251045638
case1,82,89082,6,6,29.25000000000028,0.12142969425211708,0.833691716716857
case1,82,89082,11,3,30.150000000000293,0.38298826077100456,1.9048061585023641
case1,82,89082,19,3,30.150000000000293,0.10248584198764016,1.8316925872828027
case1,82,89082,3,3,30.200000000000294,0.13211122771136402,0.6361197368894903
case1,82,89082,0,0,31.700000000000315,0.3679675354589121,1.347523101180398
case1,82,89082,8,0,31.700000000000315,0.11254458677957566,0.5683033083916141
case1,82,89082,10,2,33.05000000000026,0.3483054160979715,2.020612859020717
case1,82,89082,18,2,33.05000000000026,0.2597453451972328,1.6336586284776748
case1,82,89082,2,2,33.10000000000026,0.3578538459365094,1.016957724876003
case1,82,89082,5,5,33.10000000000026,0.18554495336533203,2.7295354696996785
case1,82,89082,13,5,33.10000000000026,0.416857666667579,2.585643783889234
case1,83,89083,1,1,28.350000000000268,0.13262545373565748,2.232723845036473
case1,83,89083,9,1,28.350000000000268,0.5511823803952126,1.182250207803899
case1,83,89083,17,1,28.350000000000268,0.1624891007173294,1.3473798326423427
case1,83,89083,7,7,28.50000000000027,0.10789937849487058,1.691322053884086
case1,83,89083,15,7,28.50000000000027,0.172280742868412,1.1261878694380925
case1,83,89083,14,6,29.20000000000028,0.14400411969967974,1.6265124010055672
case1,83,89083,6,6,29.25000000000028,0.26975340487077487,1.909659504082654
case1,83,89083,11,3,30.150000000000293,0.10670109612388434,1.7469494262887293
case1,83,89083,19,3,30.150000000000293,0.13229323530909343,1.4376832365500236
case1,83,89083,3,3,30.200000000000294,0.4355335804335829,1.2820813667366782
case1,83,89083,0,0,31.30000000000031,0.019256448088500966,1.3700077261957324
case1,83,89083,8,0,31.30000000000031,0.2681168197863209,1.9463267712330827
case1,83,89083,16,0,31.35000000000031,0.43860830281499347,0.576536612898738
case1,83,89083,10,2,33.05000000000026,0.17212510049717217,2.0720953038105168
case1,83,89083,18,2,33.05000000000026,0.31642122300323966,1.5778882006748058
case1,83,89083,2,2,33.10000000000026,0.6068915397078091,0.9683801785144224
case1,83,89083,5,5,33.10000000000026,0.28966828553965285,2.2146692058720543
case1,83,89083,13,5,33.10000000000026,0.14666852935863334,1.609233493624971
case1,84,89084,4,4,26.750000000000245,0.12567910085525796,2.584035966787847
case1,84,89084,12,4,26.750000000000245,0.1030864330845499,2.2325432854933256
case1,84,89084,7,7,28.50000000000027,0.4167292345175488,0.9679576381761067
case1,84,89084,15,7,28.50000000000027,0.22818411338701017,0.8586392230838518
case1,84,89084,9,1,28.650000000000272,0.5134107894127303,1.0302218079149055
case1,84,89084,17,1,28.650000000000272,0.2629433390051664,1.4235609172242247
case1,84,89084,14,6,29.80000000000029,0.8487904658177832,2.1544386896499317
case1,84,89084,11,3,30.150000000000293,0.4928301545227875,1.752634949310528
case1,84,89084,19,3,30.150000000000293,0.04677409029659402,1.753333680236003
case1,84,89084,3,3,30.200000000000294,0.4497742646537256,1.3610423172825494
case1,84,89084,0,0,31.30000000000031,0.208693626847055,1.7842091879279667
case1,84,89084,8,0,31.30000000000031,0.247359307044266,1.7816728863961473
case1,84,89084,16,0,31.35000000000031,0.15822702465938862,0.6474406301437351
case1,84,89084,10,2,33.05000000000026,0.28213045903003914,1.8520161270271651
case1,84,89084,13,5,33.05000000000026,0.03531873452646539,2.7016251433937213
case1,84,89084,18,2,33.05000000000026,0.11692672467343398,1.6486508390818357
case1,84,89084,2,2,33.10000000000026,0.05936908435776872,1.0050102475949152
case1,84,89084,5,5,33.10000000000026,0.5477451004165057,1.2399066464332504
case1,85,89085,4,4,26.750000000000245,0.6932293527384847,2.6744811276678178
case1,85,89085,12,4,26.750000000000245,0.014712400458320285,2.3664114566616647
case1,85,89085,1,1,28.350000000000268,0.20864900300625688,1.5771808887558216
case1,85,89085,9,1,28.350000000000268,0.3656724080150906,0.6426514951260742
case1,85,89085,17,1,28.350000000000268,0.22909096748334212,1.4962010589694166
case1,85,89085,7,7,28.50000000000027,0.23254568725250624,0.5459060779077846
case1,85,89085,15,7,28.50000000000027,0.24933474355861285,1.2512855301399295
case1,85,89085,14,6,29.20000000000028,0.35270824760281716,1.7904118681824943
case1,85,89085,6,6,29.25000000000028,0.3239268509289832,2.2057138502773452
case1,85,89085,0,0,31.30000000000031,0.1636943237268001,1.386546524799798
case1,85,89085,8,0,31.30000000000031,0.2568618499542702,2.1072555448213532
case1,85,89085,16,0,31.35000000000031,0.4058485738181294,0.5908625880710567
case1,85,89085,19,3,32.15000000000031,0.08347637723342374,2.1984791276540903
case1,85,89085,5,5,33.05000000000026,0.35243139077200497,2.023674775678979
case1,85,89085,10,2,33.05000000000026,0.20947504591540148,1.94838884462389
case1,85,89085,13,5,33.05000000000026,0.689130446272842,2.836174552467326
case1,85,89085,18,2,33.05000000000026,0.1901084651235221,1.446024494989859
case1,85,89085,2,2,33.10000000000026,0.3996821530384327,1.3172356924844832
case1,86,89086,1,1,28.350000000000268,0.20240644240754124,1.8537614547141559
case1,86,89086,9,1,28.350000000000268,0.44594672124687185,1.697341090355752
case1,86,89086,17,1,28.350000000000268,0.28539939044696233,2.4124078155613597
case1,86,89086,7,7,28.50000000000027,0.6800152749301841,1.740955978442474
case1,86,89086,15,7,28.50000000000027,0.034155232142125874,0.8977926192847893
case1,86,89086,14,6,29.20000000000028,0.3312973668349942,2.246192048247872
case1,86,89086,6,6,29.25000000000028,0.07429585468169883,1.678251068466071
case1,86,89086,11,3,30.150000000000293,0.30735545523079544,1.5717372123985582
case1,86,89086,19,3,30.150000000000293,0.3847953337562781,2.3356875913018023
case1,86,89086,3,3,30.200000000000294,0.2755396695821378,0.6973494237037998
case1,86,89086,0,0,31.700000000000315,0.18118294061437434,1.9553856079375809
case1,86,89086,8,0,31.700000000000315,0.10729822124476812,0.3207968696889248
case1,86,89086,10,2,33.05000000000026,0.0550819296027629,2.160559632589161
case1,86,89086,18,2,33.05000000000026,0.12790781351854758,1.4729934557688087
case1,86,89086,2,2,33.10000000000026,0.15101288299867116,1.6427242371091735
case1,86,89086,5,5,33.10000000000026,0.0057669006876687745,0.9209835086939635
case1,86,89086,13,5,33.10000000000026,0.5288597227856495,1.793956210226121
case1,86,89086,4,4,33.95000000000021,0.7423398860098385,1.2922784919968808
case1,87,89087,4,4,26.750000000000245,0.3094115623528676,2.8077852700185004
case1,87,89087,12,4,26.750000000000245,0.5371881440694011,1.747169887282269
case1,87,89087,1,1,28.350000000000268,0.5283473565460814,2.325878527779758
case1,87,89087,9,1,28.350000000000268,0.2986228727591543,0.5740201597720958
case1,87,89087,17,1,28.350000000000268,0.42687732723793304,1.7125896815744048
case1,87,89087,7,7,28.50000000000027,0.008858476542875526,0.7250651537533058
case1,87,89087,15,7,28.50000000000027,0.08066220838733121,0.838745144170493
case1,87,89087,14,6,29.20000000000028,0.35228918878935656,1.6145529420671751
case1,87,89087,6,6,29.25000000000028,0.15758172863247247,1.3438871866066253
case1,87,89087,11,3,30.150000000000293,0.45826220091746833,1.7915729910182385
case1,87,89087,19,3,30.150000000000293,0.2956436072312133,1.2599916201233
case1,87,89087,3,3,30.200000000000294,0.1644911642645826,1.0579628723444183
case1,87,89087,0,0,31.30000000000031,0.09953074251330238,1.1606930562324254
case1,87,89087,8,0,31.30000000000031,0.012419893987571123,1.9132080016041513
case1,87,89087,16,0,31.35000000000031,0.2812841531405477,1.6918556816488275
case1,87,89087,5,5,34.45000000000018,0.2466928071914223,1.2486600043321319
case1,87,89087,18,2,34.95000000000015,0.251083053933776,1.9688439751580395
case1,87,89087,2,2,35.00000000000015,0.21415226333242857,1.4605134298216798
case1,88,89088,4,4,26.750000000000245,0.25302181224251846,2.263851345305297
case1,88,89088,12,4,26.750000000000245,0.5297535768024724,1.7562422983810342
case1,88,89088,1,1,28.350000000000268,0.5487701460235019,2.395881337350478
case1,88,89088,9,1,28.350000000000268,0.537106743765392,1.5984913991187661
case1,88,89088,17,1,28.350000000000268,0.14190108002786164,1.4402113747954075
case1,88,89088,14,6,29.20000000000028,0.8346737928976078,2.993569819552337
case1,88,89088,6,6,29.25000000000028,0.2668624637877929,1.3873155282501723
case1,88,89088,15,7,29.350000000000282,0.054132007582061936,0.5714748300533811
case1,88,89088,11,3,30.150000000000293,0.01428232892469361,2.146810806135422
case1,88,89088,19,3,30.150000000000293,0.37526481707140685,1.3239391210605471
case1,88,89088,3,3,30.200000000000294,0.4363337972332508,0.9785527190244863
case1,88,89088,0,0,31.30000000000031,0.4333254281967473,1.8810723108529435
case1,88,89088,8,0,31.30000000000031,0.0008443131378526592,1.7507040750237335
case1,88,89088,16,0,31.35000000000031,0.32287453597118954,2.2465824028481167
case1,88,89088,10,2,33.05000000000026,0.2236148950678896,1.7884206704788927
case1,88,89088,18,2,33.05000000000026,0.6793999537629634,1.744680267114578
case1,88,89088,2,2,33.10000000000026,0.12201479906509632,0.5851676188463851
case1,88,89088,13,5,35.15000000000014,0.1884184654003963,1.3208113057297843
case1,89,89089,4,4,26.750000000000245,0.20865126914970308,2.801425222450651
case1,89,89089,12,4,26.750000000000245,0.4697724402079001,1.8790213751131604
case1,89,89089,1,1,28.350000000000268,0.13954114056468475,1.581143435354851
case1,89,89089,9,1,28.350000000000268,0.16969633559011435,0.7194808207891444
case1,89,89089,17,1,28.350000000000268,0.18627175089008485,1.8427970157764924
case1,89,89089,14,6,29.20000000000028,0.20914972852096234,1.4591659128440069
case1,89,89089,6,6,29.25000000000028,0.14524699692992368,1.4614009404774189
case1,89,89089,7,7,29.85000000000029,0.0838222989158976,2.643775998986303
case1,89,89089,11,3,30.150000000000293,0.059543353656249465,2.3385965413486143
case1,89,89089,19,3,30.150000000000293,0.1606135490278213,1.1347926855108603
case1,89,89089,3,3,30.200000000000294,0.36897905439095807,1.7006177062660208
case1,89,89089,0,0,31.30000000000031,0.17928411812172262,1.2823022153010284
case1,89,89089,8,0,31.30000000000031,0.34832761042206617,2.2116662385736867
case1,89,89089,16,0,31.35000000000031,0.017614291964176992,0.9781287833999062
case1,89,89089,5,5,33.150000000000254,0.031333773510379775,0.9156327497606451
case1,89,89089,13,5,33.150000000000254,0.32676165164047527,1.6745016542349052
case1,89,89089,10,2,33.35000000000024,0.036698203928951845,2.8962173564103635
case1,89,89089,2,2,33.40000000000024,0.02937459465710693,1.9733723789459559
case1,90,89090,4,4,26.750000000000245,0.16895038987660982,2.6056048841841037
case1,90,89090,12,4,26.750000000000245,0.5691269083728684,1.5345758511549012
case1,90,89090,1,1,28.350000000000268,0.03962661355078398,2.6378952966733853
case1,90,89090,9,1,28.350000000000268,0.04382997392073948,0.3655663028622265
case1,90,89090,17,1,28.350000000000268,0.7556102734010498,1.6704417514135892
case1,90,89090,7,7,28.50000000000027,0.4037237736111339,0.8490782146465519
case1,90,89090,15,7,28.50000000000027,0.3007848728963216,0.8190371560276613
case1,90,89090,14,6,29.20000000000028,0.763081001898098,1.649791523878837
case1,90,89090,6,6,29.25000000000028,0.6566569459700066,1.6226392183434828
case1,90,89090,11,3,30.350000000000296,0.0011166316186553282,0.35538710594966527
case1,90,89090,19,3,30.350000000000296,0.37600091976364947,1.1916229606126882
case1,90,89090,16,0,32.100000000000314,0.18902619497252446,1.8630633158789065
case1,90,89090,10,2,33.05000000000026,0.4032495194557705,2.216876969239935
case1,90,89090,18,2,33.05000000000026,0.4714497571893557,1.819925787798986
case1,90,89090,2,2,33.10000000000026,0.10777108992314019,1.600877380301322
case1,90,89090,5,5,33.10000000000026,0.4464690632678961,2.503714937149166
case1,90,89090,13,5,33.10000000000026,0.32946519968791127,1.3936479829450337
case1,91,89091,1,1,28.350000000000268,0.08201243223464494,2.0507592184613146
case1,91,89091,9,1,28.350000000000268,0.23715530305202268,1.7808022401795909
case1,91,89091,17,1,28.350000000000268,0.5938800151061283,1.172305249946446
case1,91,89091,7,7,28.50000000000027,0.09237642029676904,1.3360139211117
case1,91,89091,15,7,28.50000000000027,0.13202087577974336,1.0717502769156013
case1,91,89091,14,6,29.20000000000028,0.011940969919899985,1.7800763874607606
case1,91,89091,6,6,29.25000000000028,0.15752561293659628,2.5193622972714955
case1,91,89091,11,3,30.150000000000293,0.09140444334988593,1.8264603131290449
case1,91,89091,19,3,30.150000000000293,0.327349221874652,1.0284272388421776
case1,91,89091,3,3,30.200000000000294,0.05252094780995459,0.8809729898558539
case1,91,89091,0,0,31.30000000000031,0.0607860120131313,0.9934163939107857
case1,91,89091,8,0,31.30000000000031,0.3618486829758185,1.953476450306559
case1,91,89091,16,0,31.35000000000031,0.051219160609886155,2.221883154728906
case1,91,89091,5,5,33.10000000000026,0.03611734077092972,1.909499480894177
case1,91,89091,13,5,33.10000000000026,0.00242908863936378,2.1245509509486804
case1,91,89091,10,2,33.35000000000024,0.4084835972641344,2.39431659963099
case1,91,89091,18,2,33.35000000000024,0.37980443695993504,1.9554175605888902
case1,91,89091,4,4,34.30000000000019,0.6381631725397735,1.6748853294317383
case1,92,89092,12,4,26.750000000000245,0.004740030788574434,1.542786752914893
case1,92,89092,7,7,28.50000000000027,0.27050457796647565,1.3784373255415967
case1,92,89092,15,7,28.50000000000027,0.4704415653084585,1.549416299936193
case1,92,89092,9,1,28.650000000000272,0.20804542624574268,1.4355968112405764
case1,92,89092,17,1,28.650000000000272,0.1076257393038812,1.7317143705851183
case1,92,89092,14,6,29.20000000000028,0.2595626342690416,1.5302684997250304
case1,92,89092,6,6,29.25000000000028,0.15953753368009313,1.0577666549209759
case1,92,89092,11,3,30.150000000000293,0.35256156386364124,1.8781866901107427
case1,92,89092,19,3,30.150000000000293,0.08534962752025194,1.7440872994005006
case1,92,89092,3,3,30.200000000000294,0.16807523042768477,1.48956692473543
case1,92,89092,0,0,31.30000000000031,0.09965035583309226,1.0926935257946175
case1,92,89092,8,0,31.30000000000031,0.11501823585836599,2.039312027444025
case1,92,89092,16,0,31.35000000000031,0.3426314277414605,1.2022321801469908
case1,92,89092,13,5,33.10000000000026,0.15805421139444228,1.5582895965911943
case1,92,89092,10,2,33.35000000000024,0.43985072639959555,2.438574277951613
case1,92,89092,18,2,33.35000000000024,0.44919758261857445,1.890267434322598
case1,93,89093,4,4,26.750000000000245,0.359355524705867,2.4291917726413925
case1,93,89093,12,4,26.750000000000245,0.4648998387653096,2.0325815839604666
case1,93,89093,1,1,28.350000000000268,0.07546351945810276,1.8455575913549402
case1,93,89093,9,1,28.350000000000268,0.1463858686813989,0.7439785194161576
case1,93,89093,17,1,28.350000000000268,0.008522310373406061,1.5656051413109788
case1,93,89093,14,6,29.20000000000028,0.28926826078924606,2.400063440272552
case1,93,89093,6,6,29.25000000000028,0.23615417035514677,1.435612441054311
case1,93,89093,7,7,29.85000000000029,0.19409353589282805,2.5663286466807254
case1,93,89093,0,0,31.30000000000031,0.2841607829627034,1.0244273235365748
case1,93,89093,8,0,31.30000000000031,0.06524864872866212,2.050897201600703
case1,93,89093,16,0,31.35000000000031,0.39503232887501005,0.9309604001260177
case1,93,89093,19,3,31.450000000000312,0.11938657501541552,2.8002247062611545
case1,93,89093,3,3,31.500000000000313,0.2174552224807441,1.9752500132256587
case1,93,89093,10,2,33.05000000000026,0.26051619516389757,1.7067258802930487
case1,93,89093,18,2,33.05000000000026,0.12174606609091163,1.5950172176693362
case1,93,89093,2,2,33.10000000000026,0.1692286141531425,0.3354072444758351
case1,93,89093,5,5,33.150000000000254,0.24937179903686116,2.2998004141337227
case1,93,89093,13,5,33.150000000000254,0.07933413791014432,0.7043930411711308
case1,94,89094,4,4,26.750000000000245,0.20983737033330413,2.89291073157513
case1,94,89094,12,4,26.750000000000245,0.1888314649328323,1.9117958445247136
case1,94,89094,1,1,28.350000000000268,0.40993528423166553,1.8092145745207313
case1,94,89094,9,1,28.350000000000268,0.41999837900041503,0.5816537914148041
case1,94,89094,17,1,28.350000000000268,0.5460146422637169,1.8462712067092861
case1,94,89094,14,6,29.20000000000028,0.019452774039839582,1.7695056750978786
case1,94,89094,6,6,29.25000000000028,0.15811979457573092,0.660777595205044
case1,94,89094,15,7,29.350000000000282,0.18295117077603074,1.4506963264609318
case1,94,89094,11,3,30.150000000000293,0.40165389734076495,1.8049299123399989
case1,94,89094,19,3,30.150000000000293,0.43898921812607117,1.3089855052174628
case1,94,89094,3,3,30.200000000000294,0.34582116319997064,0.6126203441640653
case1,94,89094,0,0,31.30000000000031,0.2613494247043302,1.9143247205271652
case1,94,89094,8,0,31.30000000000031,0.01054257452297827,2.3033474104337426
case1,94,89094,16,0,31.35000000000031,0.5511073764875305,0.8830920546751005
case1,94,89094,5,5,33.10000000000026,0.37993955034774185,1.457109022043403
case1,94,89094,13,5,33.10000000000026,0.5845207701758675,2.2440975472676623
case1,94,89094,2,2,33.40000000000024,0.48088548452817814,2.213091546850728
case1,94,89094,10,2,33.40000000000024,0.7672029244106346,0.7158574117710564
case1,95,89095,4,4,26.750000000000245,0.3797390523052384,2.7117985153802997
case1,95,89095,12,4,26.750000000000245,0.14757957328889043,1.889018894918522
case1,95,89095,1,1,28.350000000000268,0.46490998472347145,1.610323136309894
case1,95,89095,9,1,28.350000000000268,0.32779619698388285,1.442257747887019
case1,95,89095,17,1,28.350000000000268,0.013315309435842304,1.5866565017009506
case1,95,89095,7,7,28.50000000000027,0.43664970364660677,1.1343762052821436
case1,95,89095,15,7,28.50000000000027,0.3125643655519661,1.4022393965345987
case1,95,89095,6,6,30.050000000000292,0.27145230740925297,2.489897696209781
case1,95,89095,11,3,30.150000000000293,0.2930552896270133,1.831139981849144
case1,95,89095,19,3,30.150000000000293,0.4075205128800539,1.7675068015188935
case1,95,89095,3,3,30.200000000000294,0.3540874252700277,0.7576180419419151
case1,95,89095,0,0,31.30000000000031,0.003606684320739434,1.3700474273307581
case1,95,89095,8,0,31.30000000000031,0.2092613862961391,1.8660444260009117
case1,95,89095,16,0,31.35000000000031,0.881183854714718,1.1408187538426273
case1,95,89095,10,2,33.05000000000026,0.09046063958665215,2.1650853540277133
case1,95,89095,18,2,33.05000000000026,0.2696126806552045,1.6986532861226884
case1,95,89095,2,2,33.10000000000026,0.17185707503293407,1.0921372794983717
case1,95,89095,13,5,37.40000000000001,0.2317495324141941,2.668164345635109
case1,96,89096,4,4,26.750000000000245,0.1350045693564603,2.7783067744893986
case1,96,89096,12,4,26.750000000000245,0.02863068789942838,1.5749063450944865
case1,96,89096,1,1,28.350000000000268,0.6076042199210774,2.305233003541527
case1,96,89096,9,1,28.350000000000268,0.3438473843038623,0.8125521284460269
case1,96,89096,17,1,28.350000000000268,0.26558294777862373,1.2875232260259666
case1,96,89096,14,6,29.20000000000028,0.2547731283825835,1.410153524322001
case1,96,89096,6,6,29.25000000000028,0.4800671344256926,2.5998389495810548
case1,96,89096,15,7,29.350000000000282,0.4300200602735746,1.549933976744047
case1,96,89096,11,3,30.150000000000293,0.2129249556441152,1.668061678952232
case1,96,89096,19,3,30.150000000000293,0.0762925171837768,1.4393050979708089
case1,96,89096,3,3,30.200000000000294,0.6551063564349321,0.847260826917138
case1,96,89096,0,0,31.30000000000031,0.3131470166862444,0.6590770774771612
case1,96,89096,8,0,31.30000000000031,0.08785382789042104,1.749713312449151
case1,96,89096,16,0,31.35000000000031,0.14197693890899604,1.299465792002835
case1,96,89096,5,5,33.05000000000026,0.28308570801503674,1.780817531922853
case1,96,89096,13,5,33.05000000000026,0.45633997466385057,2.9660867696446553
case1,96,89096,10,2,33.35000000000024,0.17636209322426014,2.4488138708958935
case1,96,89096,18,2,33.35000000000024,0.3316763266268448,1.9007866052427236
case1,97,89097,4,4,26.750000000000245,0.5063338269331853,2.95515355189388
case1,97,89097,12,4,26.750000000000245,0.16555266857182963,1.6409914782668873
case1,97,89097,1,1,28.350000000000268,0.5672390146210893,1.9432261443955987
case1,97,89097,9,1,28.350000000000268,0.014484873945121102,0.5983875935873981
case1,97,89097,17,1,28.350000000000268,0.11353417427468401,2.2057963415139574
case1,97,89097,7,7,28.50000000000027,0.24945429896056023,0.28605014665269085
case1,97,89097,15,7,28.50000000000027,0.34995641597239013,1.2175845712895503
case1,97,89097,14,6,29.20000000000028,0.2176239135336721,1.2638122171602661
case1,97,89097,6,6,29.25000000000028,0.1919799589882511,1.0428818013467873
case1,97,89097,11,3,30.350000000000296,0.2763838792521429,0.6836681750991825
case1,97,89097,19,3,30.350000000000296,0.22419785215070334,0.6660784617606553
case1,97,89097,0,0,31.650000000000315,0.0171547405517104,2.6683526621479947
case1,97,89097,8,0,31.700000000000315,0.1786337197311461,1.5973360706796345
case1,97,89097,10,2,33.05000000000026,0.29198037552957545,1.8775512474393334
case1,97,89097,18,2,33.05000000000026,0.3007621835412516,1.4442917885450122
case1,97,89097,2,2,33.10000000000026,0.19115580867897214,0.9656964416459827
case1,97,89097,5,5,33.10000000000026,0.10547214221545495,2.5975604996228427
case1,97,89097,13,5,33.10000000000026,0.32155217504176337,1.6179147733889794
case1,98,89098,7,7,28.50000000000027,0.35157053973045177,0.5546198649157522
case1,98,89098,15,7,28.50000000000027,0.29045934547169316,1.442963449471539
case1,98,89098,9,1,28.700000000000273,0.0800811821836582,2.992455328744938
case1,98,89098,1,1,28.750000000000274,0.1159026410096516,1.2627358420023422
case1,98,89098,14,6,29.20000000000028,0.3320732404626399,2.073875369447293
case1,98,89098,6,6,29.25000000000028,0.2248096961952166,1.3690424438331632
case1,98,89098,11,3,30.150000000000293,0.19313802002353034,1.5173394298968048
case1,98,89098,19,3,30.150000000000293,0.27262565131003014,1.256425857758002
case1,98,89098,3,3,30.200000000000294,0.0484910396042183,1.987581798782346
case1,98,89098,0,0,31.30000000000031,0.0062277929465334725,1.0747889328705866
case1,98,89098,8,0,31.30000000000031,0.06889537948931088,2.003088408828328
case1,98,89098,16,0,31.35000000000031,0.22594657328135334,1.2409642779033436
case1,98,89098,10,2,33.05000000000026,0.2772986621613701,1.810234214021887
case1,98,89098,18,2,33.05000000000026,0.23291037952830593,1.624997629160629
case1,98,89098,2,2,33.10000000000026,0.19096233064473345,1.173669418471798
case1,98,89098,5,5,33.10000000000026,0.5610023064913735,1.5748918238661642
case1,98,89098,13,5,33.10000000000026,0.5030578050896014,1.0705673358835244
case1,98,89098,4,4,33.650000000000226,0.1515529055679922,1.2470013651143144
case1,99,89099,4,4,26.750000000000245,0.07683663115263772,2.7460519370998826
case1,99,89099,12,4,26.750000000000245,0.025277154115770056,2.0586297108805387
case1,99,89099,1,1,28.350000000000268,0.6623726747229763,2.2504723421299606
case1,99,89099,9,1,28.350000000000268,0.35676415613369267,1.3295788292566673
case1,99,89099,17,1,28.350000000000268,0.2704162393560906,1.13683882495443
case1,99,89099,7,7,28.50000000000027,0.02655127890439754,0.7832813290115331
case1,99,89099,15,7,28.50000000000027,0.2668974240160971,0.6857293411433046
case1,99,89099,14,6,29.20000000000028,0.09503679248236549,2.019090032368149
case1,99,89099,6,6,29.25000000000028,0.7953097200153794,2.8046997610337288
case1,99,89099,11,3,30.150000000000293,0.2365700056188767,1.9496441590054334
case1,99,89099,19,3,30.150000000000293,0.16979526783766202,1.112194384114465
case1,99,89099,3,3,30.200000000000294,0.06206115629756209,1.6535241216562944
case1,99,89099,0,0,31.650000000000315,0.13608087073523728,2.665902304359841
case1,99,89099,8,0,31.700000000000315,0.42744473852386383,0.8186604760282641
case1,99,89099,5,5,33.10000000000026,0.3883250140570036,1.745471449124163
case1,99,89099,13,5,33.10000000000026,0.7520686448627159,2.3639625208132005
case1,99,89099,2,2,33.40000000000024,0.14181638743016364,1.3632608048147696
case1,99,89099,10,2,33.40000000000024,0.27893935459723784,2.0310924620286808
case1,100,89100,4,4,26.750000000000245,0.04123674238838396,2.7091427507685335
case1,100,89100,12,4,26.750000000000245,0.35130867113350833,2.2690906103393966
case1,100,89100,1,1,28.350000000000268,0.449636530178991,1.9741943246603315
case1,100,89100,9,1,28.350000000000268,0.20859377826800057,2.085467578390127
case1,100,89100,17,1,28.350000000000268,0.30813688215920987,1.3290161368747222
case1,100,89100,7,7,28.50000000000027,0.365147240982841,0.9800765699468975
case1,100,89100,15,7,28.50000000000027,0.26071870811525916,2.091030379366807
case1,100,89100,14,6,29.20000000000028,0.5583750204389935,2.254376382856872
case1,100,89100,6,6,29.25000000000028,0.13184926568652686,1.341943106133606
case1,100,89100,11,3,30.350000000000296,0.43437663646341856,0.8252567754682458
case1,100,89100,19,3,30.350000000000296,0.0202386557278684,1.6033676795126373
case1,100,89100,0,0,31.700000000000315,0.20337411017472404,1.484101883384171
case1,100,89100,8,0,31.700000000000315,0.31360542955060333,1.6228009141779538
case1,100,89100,5,5,33.05000000000026,0.30962570156822644,2.968784850178322
case1,100,89100,10,2,33.05000000000026,0.39372314210636766,2.033501080557299
case1,100,89100,13,5,33.05000000000026,0.5070627574326266,2.508978329367132
case1,100,89100,18,2,33.05000000000026,0.2751864419900868,1.7120975804895504
case1,100,89100,2,2,33.10000000000026,0.4042745159626834,1.9109291153913017
