update,environment_steps,mean_episode_return,all_hit_rate,all_sync_rate,hit_fraction,target_coverage_rate,complete_group_rate,coordinated_group_rate,mean_sync_spread_s,trust_mean,trust_std,guided_action_fraction,actor_update_fraction,completed_episodes,policy_loss,value_loss,entropy,approx_kl,importance_ratio,actor_grad_norm,critic_grad_norm,adaptive_kl_coef,actor_lr,wall_time_s
1,1024,442548.03048533946,1.0,1.0,1.0,1.0,1.0,1.0,0.04375000000000018,0.7708589236731421,0.020930523886483227,0.1952699994273607,0.8047300005726393,1,-0.018413593963487074,0.9124282538890839,2.757853364944458,0.32080548740070935,0.8270473778247833,1.1081463396549225,7.00357328094542,0.0656840835571289,0.0002999978442511331,25.489078760147095
2,2048,684571.6457546055,1.0,1.0,1.0,1.0,1.0,1.0,0.037499999999999645,0.7373795684045085,0.03853970147398624,0.21989039730975216,0.7801096026902479,1,0.0044565892312675714,0.6372213140130043,2.751134514808655,-0.005850636864676595,1.0484208405017852,5.25158502459526,2.7601454198360442,0.43046721000000016,0.0002999913770667033,49.94953656196594
3,3072,573911.0768485554,1.0,1.0,1.0,1.0,1.0,1.0,0.04375000000000018,0.7124327035469915,0.053831889315481156,0.2727124316382336,0.7272875683617663,1,-0.0011684734374284745,0.3837901823222637,2.736276125907898,-0.018878509984483587,1.0212014198303223,1.6074412792921067,1.789924008399248,0.2692117453844449,0.0002999805986332205,74.78796935081482
4,4096,508181.44420642406,1.0,1.0,1.0,1.0,1.0,1.0,0.03750000000000009,0.6897099408011701,0.06908733119045884,0.29697525206232817,0.7030247479376719,2,-0.001027153414906934,0.308845654129982,2.7254072189331056,-0.019840579234434143,1.0399839013814927,4.487370517849922,1.2790901117026805,0.43046721000000016,0.0002999655092615288,99.9159767627716
5,5120,442503.7875841614,1.0,1.0,1.0,1.0,1.0,1.0,0.037499999999999645,0.6687398577296908,0.08331768905152877,0.29128941617233844,0.7087105838276616,1,-0.0015602952509652824,0.24025750793516637,2.7100250005722044,-0.017817498990070922,1.0169709891080856,1.09637501090765,0.7411796428263188,0.0523347633027361,0.00029994610938679735,125.99584889411926
6,6144,816296.855286479,1.0,1.0,1.0,1.0,1.0,1.0,0.03750000000000009,0.6508490583001119,0.0955326967681969,0.3356188101669091,0.6643811898330909,1,0.003073444310575724,0.40208817422389986,2.697727382183075,0.0253474546775438,0.9901338040828704,1.7175551176071167,2.9272037193179132,0.23095129595991576,0.00029992239956850794,151.47726130485535
7,7168,508113.47991243005,1.0,1.0,1.0,1.0,1.0,1.0,0.03750000000000031,0.6343458637050013,0.10523816252871396,0.36054802180903117,0.6394519781909688,2,0.0026598930824548008,0.23470494598150254,2.688875949382782,0.02220269806284545,0.9904656112194061,2.0559933722019195,1.726446944475174,0.9172612612637616,0.0002998943804904386,176.56860899925232
8,8192,442642.5677071512,1.0,1.0,1.0,1.0,1.0,1.0,0.03125,0.6198465715556984,0.11635767138703665,0.3792090262678498,0.6207909737321502,1,-6.896436680108309e-05,0.2075872641056776,2.677152490615845,-0.028593765543083283,1.0271659791469574,2.0545072942972182,2.0045922964811327,0.11151755552997432,0.0002998620529606442,202.1226704120636
9,9216,882268.8203694932,1.0,1.0,1.0,1.0,1.0,1.0,0.04062499999999991,0.6088377014704561,0.1257824429787244,0.3980771816592712,0.6019228183407288,2,0.010204503452405334,0.3002588786184788,2.66219676733017,0.018928531631883884,0.9905520886182785,2.988615208864212,2.2011231929063797,0.43046721000000016,0.0002998254179114328,227.85061144828796
10,10240,442695.4008204639,1.0,1.0,1.0,1.0,1.0,1.0,0.03750000000000009,0.5968434019928388,0.1325374942932714,0.39414325286901464,0.6058567471309854,1,0.00124459161888808,0.11486526876688004,2.6455748081207275,-0.01863452703758466,1.0102437674999236,0.9816126629710198,1.0337078422307968,0.0523347633027361,0.0002997844763993392,253.8973560333252
11,11264,816398.9231647626,1.0,1.0,1.0,1.0,1.0,1.0,0.04999999999999982,0.5887690768666813,0.13984326201987807,0.42944337557221524,0.5705566244277848,1,-0.000816070893779397,0.22018647640943528,2.633749282360077,0.02148201444646043,0.9945922702550888,1.5962753161787986,1.0738433815538884,0.1539675306399438,0.000299739229605094,280.23240089416504
12,12288,508206.80077590793,1.0,1.0,1.0,1.0,1.0,1.0,0.03125000000000022,0.5798017035739516,0.14673297352889167,0.42691616168342544,0.5730838383165745,2,0.00016465493245050312,0.1516263298690319,2.6286356806755067,0.011508868474091116,0.9946666032075882,1.0463583290576934,1.1443072147667408,0.08052773761437687,0.00029968967883358983,306.5481834411621
13,13312,442645.71901497245,1.0,1.0,1.0,1.0,1.0,1.0,0.024999999999999467,0.5754846448475474,0.15376776377927776,0.43161729574773056,0.5683827042522694,1,0.0020988355856388806,0.11116735413670539,2.623263084888458,0.010376646627033548,0.9919085383415223,1.9382751047611237,1.2779333867132663,0.19189753544496427,0.0002996358255138437,342.09262919425964
14,14336,816139.6141614318,1.0,1.0,1.0,1.0,1.0,1.0,0.03750000000000053,0.5729923698147733,0.16317771580053506,0.4532544378698225,0.5467455621301776,1,-0.0020643220050260425,0.22326818481087685,2.6121302366256716,0.010754297621746423,0.9965572834014893,1.5033335223793984,2.8599582076072694,0.1354938299689189,0.00029957767119895577,374.02197456359863
15,15360,508571.6215543151,1.0,1.0,1.0,1.0,1.0,1.0,0.046875,0.5650229986329686,0.16647498346146153,0.4412171507607192,0.5587828492392808,2,0.005599243380129337,0.13340106718242167,2.599920892715454,0.005334157125011174,1.0009611129760743,3.481069248914719,1.9213588148355485,0.3228816903257014,0.0002995152175660644,404.0162582397461
16,16384,816552.096421957,1.0,1.0,1.0,1.0,1.0,1.0,0.02499999999999991,0.5600734435216476,0.17092468931722804,0.4710893942241433,0.5289106057758567,1,-0.00282598385529127,0.1498167622834444,2.5856268763542176,0.008568479583755284,1.001228603720665,0.960471761226654,0.8947450399398804,0.0598306290784133,0.000299448466416298,429.57924604415894
17,17408,508183.81125718355,1.0,1.0,1.0,1.0,1.0,1.0,0.025000000000000133,0.5540059041672825,0.17494162075301617,0.46663071322637184,0.5333692867736282,2,0.006584083940833807,0.09073394164443016,2.5746874094009398,0.02363230462074415,0.9867770463228226,2.9474631667137148,1.0405307307839393,0.35644085517620205,0.00029937741967472306,452.89201736450195
18,18432,442675.1738979146,1.0,1.0,1.0,1.0,1.0,1.0,0.03750000000000009,0.5489947263627016,0.1785300210535109,0.4490440273636204,0.5509559726363796,1,-0.0005586641957052052,0.06819856036454439,2.5599193930625916,-0.00014617817115887278,0.9983455866575242,1.0823799446225166,0.5154080130159855,0.0594442890695806,0.0002993020793902885,480.09630727767944
19,19456,816202.4582038373,1.0,1.0,1.0,1.0,1.0,1.0,0.03750000000000009,0.5435917105633558,0.18212859689073052,0.47527472527472525,0.5247252747252747,1,0.006009233277291059,0.10094984769821166,2.5470630407333372,0.034164544947437966,0.9820860981941223,2.132282704114914,0.6857466958463192,0.3541392353326829,0.0002992224477357666,505.0857684612274
20,20480,508420.2745867111,1.0,1.0,1.0,1.0,1.0,1.0,0.031249999999999778,0.5344598542377144,0.18209355960104193,0.4749730571189079,0.5250269428810921,2,-0.002826759219169617,0.05459691621363163,2.53292338848114,-5.887047774884024e-05,0.9955915093421936,1.0185394987463952,0.5432397559285164,0.043055063491009946,0.00029913852700769053,530.789386510849
21,21504,530673.5062246174,1.0,1.0,1.0,1.0,1.0,1.0,0.03125,0.5307183099971207,0.1867514288968427,0.4760622381807301,0.5239377618192699,1,-0.0014955659979023039,0.07595207169651985,2.528054404258728,0.017548441602907437,0.9959631085395813,0.8036033347249031,1.5582618817687035,0.05066675677052487,0.00029905031962628787,564.8355040550232
22,22528,727937.7012413144,1.0,1.0,1.0,1.0,1.0,1.0,0.03750000000000009,0.5274010395430302,0.1890823951479864,0.5195715206185567,0.4804284793814433,1,1.9422126933932303e-05,0.06756504001095891,2.528605341911316,0.02023748790916171,0.9871315240859986,1.5148588448762894,0.4337664104998112,0.13415426840338984,0.00029895782813541097,597.4616177082062
23,23552,508412.1570211351,1.0,1.0,1.0,1.0,1.0,1.0,0.025000000000000133,0.5260756991038301,0.19158191990921672,0.48317802250998426,0.5168219774900157,2,-0.006079697073437274,0.04923789445310831,2.5225287795066835,0.020131057444257118,0.9786835253238678,0.9761776819825172,0.3491265490651131,0.14669769249910677,0.00029886105520246346,628.6199412345886
24,24576,772726.7369330795,1.0,1.0,1.0,1.0,1.0,1.0,0.031249999999999556,0.5212396005823421,0.19279268564791366,0.49133699958606825,0.5086630004139318,1,-0.000303585221990943,0.08565147519111634,2.5173412680625917,0.014933644640319432,0.9850635945796966,1.775198256969452,0.7878590852022171,0.23305365728637192,0.0002987600036183236,657.8280427455902
25,25600,552154.6773981899,1.0,1.0,1.0,1.0,1.0,1.0,0.046875,0.5201163376947309,0.19413021528312024,0.5200460517404849,0.4799539482595151,2,0.0013331315480172635,0.07481820937246084,2.505665671825409,0.008077884698336858,0.9956296801567077,1.7925103932619095,0.8398111566901207,0.2221466728587475,0.0002986546762972634,683.0104584693909
26,26624,442563.8274650455,1.0,1.0,1.0,1.0,1.0,1.0,0.03125,0.5196757628384135,0.1981293315752219,0.49805919456574477,0.5019408054342552,1,-0.005336732906289399,0.04560932880267501,2.4934302806854247,0.013901590703180134,0.9834352135658264,1.2502479046583175,0.4607214812189341,0.08606417262865901,0.00029854507627686487,712.3082420825958
27,27648,816258.4484433085,1.0,1.0,1.0,1.0,1.0,1.0,0.03750000000000009,0.5187676223204292,0.1992158181296478,0.5032799604994005,0.49672003950059956,1,0.001453389145899564,0.07959208898246288,2.483741748332977,0.03299133421820795,0.967503446340561,2.2677113115787506,0.8426378890872002,0.520984747580867,0.00029843120671793226,737.6299576759338
28,28672,508383.3846539948,1.0,1.0,1.0,1.0,1.0,1.0,0.04062499999999991,0.5162183423475154,0.20029288891934946,0.48714060414897487,0.5128593958510251,2,-0.006286044197622687,0.04412835538387298,2.4697982907295226,0.008877778554293714,0.9861680567264557,1.4002091810107231,0.5306553620845079,0.1634905341921501,0.000298313070904401,762.8944325447083
29,29696,596665.4491760284,1.0,1.0,1.0,1.0,1.0,1.0,0.031250000000000444,0.5124230922833588,0.19971981394851931,0.5051762312249417,0.49482376877505835,1,-0.0034181070514023304,0.06794374361634255,2.4567242860794067,0.01569816804204267,0.9696506977081298,1.288014468550682,1.8881992861628532,0.1038927505295701,0.0002981906722432429,788.7124123573303
30,30720,727992.076707676,1.0,1.0,1.0,1.0,1.0,1.0,0.031249999999999778,0.5117881842690719,0.2012878224600228,0.5073232700642655,0.4926767299357346,2,-0.005728659592568875,0.055279451236128804,2.4480000495910645,0.02662990652575763,0.9735470890998841,2.4399406611919403,0.6868124954402447,0.4260252101403185,0.00029806401426436807,814.466445684433
31,31744,442667.63825244457,1.0,1.0,1.0,1.0,1.0,1.0,0.031249999999999556,0.5103230626711931,0.1980576372006733,0.5007683988843986,0.49923160111560133,1,-0.003094732132740319,0.028728148341178893,2.434616804122925,0.008352774388016826,0.9828838646411896,1.4274151921272278,0.5233616352081298,0.10828989236623573,0.00029793310062052294,840.0716857910156
32,32768,816397.7948002368,1.0,1.0,1.0,1.0,1.0,1.0,0.043749999999999734,0.510664872535862,0.20114820823779883,0.5215396888711608,0.47846031112883924,1,-0.0077627058955840765,0.09639357589185238,2.422182047367096,0.01551457108355001,0.9990655362606049,1.30474833548069,1.144412173330784,0.06992287175714072,0.00029779793508718486,864.4402706623077
33,33792,508274.0029876679,1.0,1.0,1.0,1.0,1.0,1.0,0.03750000000000009,0.5084853767456134,0.2020531779425301,0.5013537906137184,0.49864620938628157,2,-0.014006948075257241,0.07326827738434076,2.416505444049835,0.008047277686166154,2.028286802768707,1.468676808476448,1.5985369600355626,0.04937071064947417,0.0002976585215624535,890.1607518196106
34,34816,442466.25221703947,1.0,1.0,1.0,1.0,1.0,1.0,0.03750000000000009,0.5073310847918238,0.20308366606715922,0.5101474851884533,0.4898525148115467,1,-0.006953288830118254,0.04848651774227619,2.4148494482040403,0.019165278713872174,1.0247034072875976,1.3028214275836945,0.6610324703156948,0.0885519669541518,0.0002975148640669382,915.7664468288422
35,35840,882258.7638331652,1.0,1.0,1.0,1.0,1.0,1.0,0.028124999999999956,0.5075406248379972,0.2028669779463462,0.5339514589582766,0.4660485410417235,2,0.006286570918746293,0.07277893275022507,2.4082047581672668,0.02616354655133577,0.986922413110733,2.476859873533249,0.6480813164263963,0.3216266844308374,0.00029736696674364203,940.6802871227264
36,36864,442420.1135917902,1.0,1.0,1.0,1.0,1.0,1.0,0.04375000000000018,0.5073234741205368,0.20317460314651228,0.5183404229085753,0.4816595770914247,1,-0.0026338851545006036,0.034989668428897856,2.394674289226532,0.011722180695498175,0.9944251120090485,1.7390144914388657,0.4206926755607128,0.13625531310558348,0.0002972148338578425,965.8956158161163
37,37888,442410.6983015537,1.0,1.0,1.0,1.0,1.0,1.0,0.02499999999999991,0.5056781153186802,0.2041905874861232,0.5350110835832572,0.4649889164167427,1,-0.002985520870424807,0.04075611839070916,2.3811790108680726,0.01475414723261359,1.0527597188949585,1.4654863014817239,0.6336665019392967,0.0791821500483199,0.0002970584697969682,990.9199991226196
38,38912,882177.1708351374,1.0,1.0,1.0,1.0,1.0,1.0,0.03125,0.5039305577570914,0.20309189842297978,0.5233127975357043,0.4766872024642957,2,-0.003998446092009544,0.06031596790999174,2.371619987487793,0.0005088989267074239,46.10369389653206,2.431129661202431,0.6948437556624413,0.05031760035536097,0.0002968978790704727,1015.7076089382172
39,39936,442590.27755340934,1.0,1.0,1.0,1.0,1.0,1.0,0.03750000000000009,0.5029191370105149,0.20267455545852117,0.5165873994480653,0.4834126005519347,1,-0.004451810824684798,0.02688691159710288,2.3643315076828,0.023981114775785083,0.9801118850708008,1.8208551391959191,0.38330337442457674,0.20306322223938045,0.0002967330663097041,1040.646378993988
40,40960,816558.4040959328,1.0,1.0,1.0,1.0,1.0,1.0,0.04375000000000018,0.5054186660149341,0.2032360428064762,0.5230593317240503,0.47694066827594966,1,-0.0063780983677133914,0.056796159408986566,2.356320691108704,0.00622494268573579,126.25995168089867,1.9039492473006248,0.8617916949093342,0.14337762933351625,0.0002965640362677718,1066.8257281780243
41,41984,508058.83781829476,1.0,1.0,1.0,1.0,1.0,1.0,0.03750000000000009,0.5051735247016194,0.20203488942609898,0.5222144358794674,0.4777855641205326,2,0.003878057631663978,0.059129992872476576,2.34882138967514,-0.01556177497758764,303.5605064034462,2.3878370076417923,1.6657852731645106,0.039852246267708245,0.0002963907938194092,1093.0025177001953
42,43008,442658.0275724828,1.0,1.0,1.0,1.0,1.0,1.0,0.04375000000000018,0.5051001572815708,0.20208294789980918,0.5110047288224648,0.48899527117753516,1,-0.0028651656582951547,0.039164111390709876,2.3450066208839417,0.01856042958180195,1.605136078596115,1.4730602562427522,0.5074317783117295,0.05789841276293983,0.00029621334396083315,1118.8370203971863
43,44032,816298.479122594,1.0,1.0,1.0,1.0,1.0,1.0,0.018750000000000266,0.504567687138035,0.2027260972459211,0.5269724003345414,0.4730275996654586,1,0.00609690566197969,0.08950549997389316,2.3421430468559263,-0.006417420945112972,89684.58007924557,2.593710207939148,0.9255330838263035,0.08278312326558997,0.00029603169180959993,1143.8990263938904
44,45056,508428.6361351609,1.0,1.0,1.0,1.0,1.0,1.0,0.028125000000000178,0.5021323221698683,0.20196086566295748,0.5241458408789086,0.4758541591210914,2,-0.0032752532279118896,0.04087342005223036,2.3367733359336853,0.017735794445258923,12108.771377331019,1.8776220679283142,0.39749409928917884,0.13151474511946912,0.0002958458426044576,1169.5670425891876
45,46080,530659.673812598,1.0,1.0,1.0,1.0,1.0,1.0,0.03750000000000009,0.5024205554447562,0.20108405578322966,0.5214259992797984,0.4785740007202017,1,-0.003068222024012357,0.05951929055154324,2.3285530686378477,0.01387019005716903,75.56074367463589,1.2759939104318618,0.7188517615199089,0.11648721276839297,0.000295655801705195,1195.5932109355927
46,47104,794028.782444492,1.0,1.0,1.0,1.0,1.0,1.0,0.050000000000000044,0.5014782567255475,0.20228876511586555,0.5285756154747948,0.47142438452520513,2,-0.009911028284113855,0.08390507400035858,2.3211645007133486,-0.0262760337211148,165769.51523833274,2.408222122490406,1.3507713779807091,0.06662134475398526,0.0002954615745924871,1220.9107332229614
47,48128,442559.5496697724,1.0,1.0,1.0,1.0,1.0,1.0,0.03750000000000009,0.5036264228129264,0.2044308046995629,0.5167549550621987,0.48324504493780135,1,0.01628680657595396,0.03894170019775629,2.315725290775299,0.033562375933515715,2.5241710990667343,3.881859090924263,0.5226443722844124,0.81,0.0002952631668677369,1247.155217885971
48,49152,816501.6271881461,1.0,1.0,1.0,1.0,1.0,1.0,0.043749999999999734,0.502381717241511,0.20384349334471313,0.5240563019833653,0.47594369801663466,1,0.003928466700017452,0.05669248513877392,2.3046867847442627,-0.06553091618983035,730246.5541807979,4.144980239868164,0.6349269062280655,0.34867844010000015,0.00029506058425291404,1272.230942249298
49,50176,508282.9997882359,1.0,1.0,1.0,1.0,1.0,1.0,0.04375000000000018,0.5042466352333709,0.2049173452713454,0.5237362073389787,0.4762637926610213,2,-0.0008217434660764411,0.038731072656810285,2.2914099216461183,0.0023333682984162606,1.027535006403923,1.4193943351507188,0.544134771451354,0.04710128697246249,0.0002948538325903896,1298.3480274677277
50,51200,640791.6811535954,1.0,1.0,1.0,1.0,1.0,1.0,0.018750000000000266,0.5057884531431411,0.2061897871375927,0.5099908654944051,0.4900091345055949,1,0.00022581499069929123,0.05909079909324646,2.288927638530731,0.005141716649722383,0.9801699042320251,0.8743523143231868,1.3183596283197403,0.00785516721127895,0.00029464291784276784,1323.6563053131104
51,52224,684083.1615971662,1.0,1.0,1.0,1.0,1.0,1.0,0.03750000000000009,0.5060456778847435,0.20588349246238302,0.5350758492984831,0.464924150701517,2,-0.0025731697212904693,0.05585434064269066,2.2919012904167175,0.017123380331644,0.9680123090744018,1.2853467658162117,0.6183667905628681,0.012479238193850235,0.000294427846092714,1348.7835659980774
52,53248,442546.12721148133,1.0,1.0,1.0,1.0,1.0,1.0,0.056250000000000355,0.5068346478277426,0.20725991088610488,0.5253286696417803,0.47467133035821973,1,-0.0008706850465387106,0.03044808921404183,2.2962095379829406,0.019028297764254985,0.9424683272838592,1.5010882958769798,0.4400301668792963,0.009097364643316822,0.000294208623542779,1375.3675615787506
53,54272,816442.7050316869,1.0,1.0,1.0,1.0,1.0,1.0,0.04375000000000062,0.5070381038192535,0.20682159410527118,0.5315643197458974,0.4684356802541027,1,-0.0005105992546305061,0.07600987963378429,2.2999232053756713,0.02588684833528223,0.9397587656974793,1.258660154044628,0.6128908038139343,0.05036158920217641,0.0002939852565152205,1401.3109304904938
54,55296,508072.6838749349,1.0,1.0,1.0,1.0,1.0,1.0,0.028125000000000178,0.5069974956434513,0.20768006673785994,0.5410434660487325,0.45895653395126745,2,0.001095625082962215,0.03373807780444622,2.3070332646369933,0.02038850148603011,0.978000345826149,1.5582307815551757,0.5791770957410336,0.10801046473876834,0.00029375775145182065,1427.737958431244
55,56320,442630.28912740946,1.0,1.0,1.0,1.0,1.0,1.0,0.012500000000000178,0.50491582288452,0.20721720281158182,0.5077239353891336,0.49227606461086637,1,-0.0026488562434678897,0.026340046478435398,2.3086961030960085,0.01594936783889942,0.9633603304624557,1.1673286080360412,0.23985335361212493,0.09415230089897447,0.0002935261149137004,1453.3627994060516
56,57344,816358.7095138729,1.0,1.0,1.0,1.0,1.0,1.0,0.03125,0.5006686145419875,0.20767805296187855,0.5184273504273504,0.48157264957264956,1,-0.0009232903365045785,0.0662823250517249,2.3058936953544618,0.01635493631296967,0.9620839953422546,2.0716039419174193,0.5318049781024456,0.12115702388378688,0.00029329035358112996,1478.6935074329376
57,58368,508237.713735342,1.0,1.0,1.0,1.0,1.0,1.0,0.03125000000000022,0.502422018257936,0.20774642213629474,0.524541691306919,0.47545830869308103,2,0.006311578047461808,0.040529146511107686,2.2986662864685057,0.01513122444952868,1.0184511870145798,3.1198258966207506,0.4259739093482494,0.23386084508110608,0.00029305047425333647,1505.4199702739716
58,59392,442711.86745265126,1.0,1.0,1.0,1.0,1.0,1.0,0.03750000000000009,0.5004575631222693,0.20716503822840635,0.517137389085426,0.48286261091457405,1,-0.0021229060948826373,0.03708837237209082,2.2900455594062805,0.007488920857397585,0.9744851529598236,1.259088897705078,0.5732954233884812,0.059444289069580575,0.00029280648384830767,1531.7570667266846
59,60416,882202.2536510378,1.0,1.0,1.0,1.0,1.0,1.0,0.04062500000000013,0.501008891483256,0.20603758794451213,0.5345298212092261,0.46547017879077385,2,0.00507246945053339,0.05943284500390291,2.284198987483978,0.034132955106585074,0.9660135746002197,3.691766548156738,0.5884567655622959,0.32385846852554434,0.00029255838940259264,1556.9476354122162
60,61440,442596.4857710898,1.0,1.0,1.0,1.0,1.0,1.0,0.050000000000000266,0.5009554376297185,0.20487049608297245,0.5197604087145458,0.48023959128545424,1,-0.0058899581403238695,0.0502455816604197,2.277526557445526,0.001735135249165598,1.0326644092798234,1.3174890995025634,0.6637411959469318,0.06667958672316363,0.00029230619807109863,1582.6395390033722
61,62464,816420.4843697604,1.0,1.0,1.0,1.0,1.0,1.0,0.031250000000000444,0.5001326735276834,0.20492244593687667,0.5395207202436119,0.4604792797563882,1,0.013456201250664889,0.06534829437732696,2.270739936828613,0.03390519464976407,0.9875069320201874,4.359507513046265,0.5149244084954262,0.8173734709621419,0.0002920499171268849,1608.324735879898
62,63488,508278.45325444406,1.0,1.0,1.0,1.0,1.0,1.0,0.03125000000000022,0.5026379893019735,0.20632888094593888,0.531296047152284,0.46870395284771604,2,-0.0016921107890084386,0.04247539089992643,2.2624815106391907,-0.000776638627405557,1.0276394993066789,1.5995548099279404,0.6147349998354912,0.11041503572295458,0.00029178955396095294,1634.8712840080261
63,64512,442627.2141446993,1.0,1.0,1.0,1.0,1.0,1.0,0.02499999999999991,0.5029519389508503,0.20664770161411816,0.5150828663407655,0.48491713365923456,1,-0.002792249771300703,0.02879262682981789,2.252820301055908,0.016148164424461875,0.9895591378211975,1.337590965628624,0.47633162029087545,0.1604139267477733,0.000291525116082033,1661.5589609146118
64,65536,882040.0694035888,1.0,1.0,1.0,1.0,1.0,1.0,0.025000000000000133,0.5025460151051442,0.2059861061231711,0.5429155313351499,0.45708446866485014,2,-0.0013731453567743302,0.05426034200936556,2.2436554551124575,0.02225871899505418,0.9813991039991379,3.2933835953474047,0.5250249862670898,0.4719336560049031,0.0002912566111163681,1687.0918736457825
65,66560,442554.38332601637,1.0,1.0,1.0,1.0,1.0,1.0,0.03125,0.5033256458584633,0.20586705077666545,0.5103985128383873,0.4896014871616126,1,-0.004621009505353868,0.029472292773425578,2.2338739156723024,0.01892137268813272,0.9857008516788482,1.6157294020056725,0.46338257305324076,0.45709191946244343,0.0002909840468074937,1713.113270521164
66,67584,816560.0338869095,1.0,1.0,1.0,1.0,1.0,1.0,0.04375000000000018,0.5069289970750551,0.2067493802837828,0.5290044910179641,0.4709955089820359,1,-0.002549426443874836,0.07599840462207794,2.2220595598220827,0.019068781382819998,1.0570329308509827,2.2459340512752535,0.8865858495235444,0.537901078929119,0.0002907074310160144,1738.3370673656464
67,68608,508124.6318772286,1.0,1.0,1.0,1.0,1.0,1.0,0.025000000000000133,0.5068432492993352,0.2064677086348526,0.5270552232577549,0.4729447767422451,2,-0.005371469678357244,0.026819418603554367,2.211088705062866,0.005934463347681529,1.0171544909477235,1.7238533526659012,0.3882960621267557,0.13672723715512283,0.00029042677171937757,1763.8276336193085
68,69632,442604.4358754754,1.0,1.0,1.0,1.0,1.0,1.0,0.050000000000000266,0.5108788817448324,0.20775071699796935,0.5093635178380941,0.4906364821619059,1,-0.0011319296900182962,0.03273174604400993,2.20183607339859,0.011598695534898429,1.2650680273771286,2.0461976885795594,0.3431710846722126,0.5430348311350656,0.00029014207701164274,1790.5563519001007
69,70656,816248.9399706163,1.0,1.0,1.0,1.0,1.0,1.0,0.05624999999999991,0.5118914218721422,0.2088160417523391,0.5294075963718821,0.47059240362811794,1,0.03305519258137792,0.04729516450315714,2.1928224086761476,0.009665013123201404,2.0418033599853516,3.2506628334522247,0.5055954936891794,0.2264072637021812,0.00028985335510324874,1815.7446463108063
70,71680,508288.12793616205,1.0,1.0,1.0,1.0,1.0,1.0,0.025000000000000133,0.5120405302914481,0.20893870092854055,0.5109321058688148,0.4890678941311853,2,0.03568133544176817,0.02362793041393161,2.1838873505592344,-0.11020325933615105,2831.654925689101,3.336337795853615,0.2502135794609785,0.1274344337773891,0.00028956061432077644,1841.1587688922882
71,72704,442466.93287709355,1.0,1.0,1.0,1.0,1.0,1.0,0.03750000000000053,0.5100442317177347,0.20999441342929523,0.5187071621706596,0.4812928378293404,1,-0.006236317614093423,0.030200143437832595,2.1759618520736694,0.018310328004979226,0.9668621867895126,1.3927441909909248,0.4531940408051014,0.15237873657245132,0.00028926386310670893,1866.4708003997803
72,73728,816260.792847205,1.0,1.0,1.0,1.0,1.0,1.0,0.050000000000000266,0.5057007906106545,0.20806605248442742,0.5312235094659509,0.4687764905340492,1,0.002684086747467518,0.0722455382347107,2.1676305532455444,0.0014979542467113305,1343.1024289131165,3.596805268526077,1.0250488061457872,0.31381059609000017,0.000288963110019188,1892.5825428962708
73,74752,508386.0756379962,1.0,1.0,1.0,1.0,1.0,1.0,0.02187500000000009,0.507704680509264,0.20929687845231473,0.5245861131702496,0.47541388682975044,2,0.0009282249957323074,0.03361759027466178,2.1568554759025576,0.007373743706132174,6.569962695240974,1.452082099020481,0.4051752779632807,0.19941610769218146,0.00028865836373176705,1918.7934575080872
74,75776,530646.8038012832,1.0,1.0,1.0,1.0,1.0,1.0,0.03750000000000009,0.5073099636165826,0.20826594934275638,0.5171814092953523,0.48281859070464767,1,0.004742338508367539,0.04433494620025158,2.143736684322357,0.017133231256694793,1.0149714946746826,2.009241943061352,0.541855090111494,0.2649447392201016,0.00028834963303316145,1945.15935921669
75,76800,794013.7216508687,1.0,1.0,1.0,1.0,1.0,1.0,0.028125000000000178,0.5074491480178941,0.20838264403081913,0.538029224428625,0.46197077557137506,2,-0.0014127900998573751,0.050866545736789705,2.1326140999794005,0.01839932283575312,1.0993715316057204,2.7054348587989807,0.400930430740118,0.3849188265998597,0.00028803692682699463,1970.6557385921478
76,77824,442504.78740155697,1.0,1.0,1.0,1.0,1.0,1.0,0.04375000000000018,0.5069914304389648,0.20967296834349533,0.515288856659415,0.48471114334058496,1,9.267539717257023e-05,0.03044727947562933,2.119106614589691,0.01695539233946377,0.9980681121349335,2.6829630076885223,0.25136178098618983,0.3728136000665597,0.0002877202541315415,1996.9277329444885
77,78848,640567.5314678103,1.0,1.0,1.0,1.0,1.0,1.0,0.031250000000000444,0.5076022827180292,0.21031616358531172,0.5129321064411838,0.4870678935588162,1,-0.005442911922000348,0.04921043710783124,2.1088523149490355,0.017545553076437237,0.9622899234294892,1.700195848941803,0.5488487869501114,0.19812843243297262,0.00028739962407946826,2022.691168308258
78,79872,683970.6957631558,1.0,1.0,1.0,1.0,1.0,1.0,0.03437499999999982,0.5085085908349416,0.20955418677268078,0.5299745851397817,0.47002541486021826,2,0.004584026127122343,0.04161397675052285,2.0993621230125425,0.027448522535856966,0.9642163246870041,2.8741234689950943,0.6619199335575103,0.8884145159489087,0.00028707504591756925,2047.4489409923553
79,80896,442525.1410950124,1.0,1.0,1.0,1.0,1.0,1.0,0.031250000000000444,0.5069074036578127,0.21054895469936596,0.5026515608051103,0.49734843919488975,1,0.003263963758945465,0.04954502359032631,2.086271333694458,0.005479793907072405,730.9912634670734,2.638805976510048,0.42317273281514645,0.3048611174300674,0.0002867465290065001,2073.6750543117523
80,81920,750541.6874205321,1.0,1.0,1.0,1.0,1.0,1.0,0.03750000000000009,0.5040570977858356,0.20696214239197364,0.5135169118571609,0.4864830881428392,1,0.01081170905381441,0.07822178117930889,2.0754963159561157,-0.015840595215559007,2346418.7658693613,3.9555026233196258,0.7007239453494549,0.2353807522474362,0.00028641408282050764,2098.9096920490265
81,82944,574043.9556832924,1.0,1.0,1.0,1.0,1.0,1.0,0.040625000000000355,0.5032132112833198,0.2062008968394525,0.5261440278482848,0.47385597215171515,2,0.0019664352061226965,0.044742367882281545,2.066901171207428,0.014568366962814138,1.008736354112625,1.742391699552536,0.4888996459543705,0.20518048380800158,0.000286077716947157,2125.0966987609863
82,83968,442586.51874342,1.0,1.0,1.0,1.0,1.0,1.0,0.05624999999999991,0.5026840213385635,0.20555397927113536,0.5132654269809309,0.48673457301906903,1,-0.0007635269284946844,0.02744537955150008,2.0592262387275695,0.012652695621977905,0.9717034757137298,1.4341962769627572,0.31958796717226506,0.08692354340526182,0.0002857374410870549,2150.227451324463
83,84992,882443.7737268447,1.0,1.0,1.0,1.0,1.0,1.0,0.04375000000000018,0.5043673674648386,0.20528735734364265,0.5296806551964954,0.4703193448035045,2,-0.005874412506818772,0.04940588548779488,2.059044694900513,0.02377918238865,0.9749451249837875,1.2111768022179603,0.7869925417006016,0.0950508947136538,0.0002853932650535698,2175.247006416321
84,86016,442604.89237326384,1.0,1.0,1.0,1.0,1.0,1.0,0.02499999999999991,0.5037049318696585,0.2045823398069161,0.5028604786923526,0.4971395213076474,1,-0.004541669320315122,0.03270563501864672,2.0610233664512636,0.020518496443549594,0.9659695059061051,1.4051599711179734,0.411524635925889,0.08418990422919816,0.0002850451987725492,2200.872264623642
85,87040,816535.545051951,1.0,1.0,1.0,1.0,1.0,1.0,0.03750000000000009,0.502968586953368,0.20553328246629793,0.5313140368852459,0.4686859631147541,1,0.004394449410028756,0.05926047582179308,2.0586837410926817,0.028744997825529507,0.9970732629299164,3.370175749063492,0.4736381612718105,0.4586750699813314,0.00028469325228203313,2227.083690881729
86,88064,508321.77442249656,1.0,1.0,1.0,1.0,1.0,1.0,0.02187500000000031,0.5036728046338187,0.20511218086882219,0.5044164630708513,0.49558353692914864,2,-0.0002739942981861532,0.03227630727924406,2.0530270457267763,0.010089159918987178,0.9826488941907883,1.9728734344244003,0.32286784797906876,0.14393709712246408,0.00028433743573196463,2252.893457889557
87,89088,442590.88845157623,1.0,1.0,1.0,1.0,1.0,1.0,0.04375000000000018,0.5059788483357253,0.20631638911662387,0.5128501124005104,0.48714988759948963,1,0.011365529731847346,0.02804915523156524,2.0479843378067017,0.02970197788263107,1.1741865038871766,2.532623532414436,0.442414827644825,0.7841837890184844,0.0002839777593838972,2278.0739958286285
88,90112,882038.0418100879,1.0,1.0,1.0,1.0,1.0,1.0,0.05312500000000031,0.5056861131572608,0.2052708097424796,0.532983508245877,0.46701649175412296,2,0.028100997535511853,0.04715094026178122,2.0418365955352784,-0.0834568712157548,3779.773270946741,1.7064219206571578,0.4395234651863575,0.0953384416530242,0.0002836142336106989,2302.532572746277
89,91136,442383.33369484544,1.0,1.0,1.0,1.0,1.0,1.0,0.031250000000000444,0.5098816755527713,0.20755677458978442,0.5074720582694964,0.49252794173050357,1,0.00027934510144405066,0.02644155123271048,2.0396084427833556,0.004437459843942148,0.9779949456453323,1.2034034162759781,0.28553606048226354,0.012878809766725412,0.00028324686889625287,2328.1159999370575
90,92160,486582.6581724882,1.0,1.0,1.0,1.0,1.0,1.0,0.031250000000000444,0.5096656489561182,0.20767387344540536,0.5174436365858129,0.48255636341418706,1,-0.0036337878089398147,0.02835811940021813,2.0413419604301453,0.012337467653213353,0.9690514773130416,1.5032720059156417,0.4124057099223137,0.00684432754123832,0.0002828756758351554,2353.861751794815
91,93184,772049.4185067229,1.0,1.0,1.0,1.0,1.0,1.0,0.02499999999999991,0.5084291352826111,0.20799060478428036,0.5374507227332457,0.46254927726675427,1,-0.0037794583244249226,0.046105040796101095,2.0424633026123047,0.04072438830870802,0.9848212569952011,1.4547376751899719,0.5106473416090012,0.1726323387306457,0.0002825006651324101,2380.9336853027344
92,94208,508255.9070992172,1.0,1.0,1.0,1.0,1.0,1.0,0.03750000000000009,0.5094552456350685,0.2090122591648511,0.5112854478811651,0.4887145521188348,2,-0.005483925971202552,0.026221056189388036,2.037887954711914,0.013088142878957676,0.970312911272049,1.2750605642795563,0.5606638923287391,0.06688130508824042,0.0002821218476031193,2406.16823554039
93,95232,442557.8794347346,1.0,1.0,1.0,1.0,1.0,1.0,0.037499999999999645,0.5076199641816357,0.20639045957718824,0.5004937662017035,0.4995062337982965,1,-0.002492773870471865,0.02513912059366703,2.031673848628998,0.019539700119791982,0.9806847304105759,1.3612679257988929,0.8376240238547326,0.10796328300935124,0.00028173923417217203,2431.5646471977234
94,96256,882260.2887172848,1.0,1.0,1.0,1.0,1.0,1.0,0.03750000000000009,0.5084730333182054,0.20558037289032627,0.5314450634270756,0.46855493657292435,2,0.008836266444995999,0.04368982659652829,2.02533016204834,0.031680086940170146,0.9586679518222809,3.795531687140465,0.706209572404623,1.0,0.0002813528358739291,2456.6136541366577
95,97280,442598.4846069664,1.0,1.0,1.0,1.0,1.0,1.0,0.03125,0.5095887626691413,0.20481222238509833,0.495076778806705,0.504923221193295,1,-0.008291490911506116,0.030810529086738824,2.017055106163025,0.004709891642430364,1.003098714351654,1.6061803996562958,0.35944362469017505,0.1853020188851842,0.00028096266385190487,2481.92604136467
96,98304,816429.3049891293,1.0,1.0,1.0,1.0,1.0,1.0,0.043749999999999734,0.5080970671912519,0.20479846642964294,0.5182337867139759,0.48176621328602404,1,0.02345297751016915,0.06428807806223631,2.0061852097511292,0.024860387409086603,1.0548954337835312,5.862259709835053,0.6586881048977375,1.0,0.0002805687293584457,2507.5649874210358
97,99328,508350.2466028631,1.0,1.0,1.0,1.0,1.0,1.0,0.03125000000000022,0.5064145273718005,0.2033503770495078,0.5187685827552032,0.48123141724479684,2,0.018790673860348762,0.027204098366200923,1.998566859960556,0.0094050434015859,1.047095263004303,4.910478889942169,0.43214888628572223,0.47829690000000014,0.0002801710437544056,2534.233240365982
98,100352,552678.0268193334,1.0,1.0,1.0,1.0,1.0,1.0,0.02499999999999991,0.504359975737618,0.20277771684076878,0.5202514380596572,0.47974856194034277,1,0.009055275854188949,0.030711360182613133,1.9887094914913177,-0.017013893565327853,32.91844043433666,1.6767024964094162,0.3253740955144167,0.11964966461530886,0.0002797696185088186,2559.574826002121
99,101376,771922.9071602747,1.0,1.0,1.0,1.0,1.0,1.0,0.03125,0.5072907062402496,0.20411567879281145,0.5385951065509077,0.46140489344909236,2,0.01342372251674533,0.03948513986542821,1.9781192064285278,0.01981553128538218,5.9046704232692715,3.6175774931907654,0.5038202323019505,0.23467082859311666,0.00027936446519856786,2584.542231321335
100,102400,442609.76961642504,1.0,1.0,1.0,1.0,1.0,1.0,0.03750000000000009,0.5096857751726425,0.20417182361107292,0.5179198067077029,0.48208019329229707,1,-0.0016113654244691133,0.02733640461228788,1.9729225039482117,0.01841471810380888,0.9675943285226822,2.243453949689865,0.5032492585480213,0.2078561663639242,0.00027895559550805194,2610.73561668396
101,103424,750514.6086930335,1.0,1.0,1.0,1.0,1.0,1.0,0.025000000000000355,0.5086556325449919,0.20358426495121715,0.5108716323296355,0.4891283676703645,1,-0.007138587505323812,0.05154970567673445,1.9673528850078583,0.017950932528155893,0.9686546951532364,1.5854679748415947,0.3913747251033783,0.1841054815143504,0.00027854302122884764,2636.764875650406
102,104448,573999.6631219834,1.0,1.0,1.0,1.0,1.0,1.0,0.03125,0.5073750995011783,0.20418969588152253,0.537127807447509,0.462872192552491,2,-0.0023799163289368154,0.03165846634656191,1.9600815773010254,0.02604494879122594,0.9635029882192612,2.6824069425463675,0.719255019724369,0.3019790160539133,0.0002781267542593702,2663.0704634189606
103,105472,442705.710507147,1.0,1.0,1.0,1.0,1.0,1.0,0.03750000000000009,0.5076598132623331,0.2051566336458596,0.5061868543535021,0.4938131456464979,1,-0.007364227384096011,0.02510960721410811,1.9530526101589203,0.013917305406532587,0.9774760514497757,1.2863514333963395,0.36869348101317884,0.11699285806734595,0.00027770680660453,2689.903745174408
104,106496,882258.8192539513,1.0,1.0,1.0,1.0,1.0,1.0,0.043749999999999956,0.5088248082206042,0.20530480791876607,0.5338681548657133,0.46613184513428674,2,0.017140828259289264,0.04759347941726446,1.9472936272621155,0.03431994246233314,0.9749615222215653,6.38586839735508,0.5551796548068524,1.0,0.00027728319037538616,2715.5487422943115
105,107520,442457.0990149556,1.0,1.0,1.0,1.0,1.0,1.0,0.012499999999999734,0.5082857881989594,0.20403884227795713,0.5181344007763222,0.48186559922367783,1,-0.004094667499884963,0.02350732181221247,1.9398107647895813,0.00535751364353958,0.9640557408332825,2.093646028637886,0.4533236127346754,0.2058911320946491,0.0002768559177887978,2741.322442293167
106,108544,640626.959635973,1.0,1.0,1.0,1.0,1.0,1.0,0.03750000000000009,0.5103848453328593,0.20492998984970048,0.5141088658292372,0.4858911341707628,1,0.019803601747844367,0.03056625695899129,1.9306415915489197,0.027577448069200018,1.01303773522377,6.169824248552322,0.39801025316119193,0.8857350000000003,0.0002764250011670711,2767.8905985355377
107,109568,683957.9256235994,1.0,1.0,1.0,1.0,1.0,1.0,0.028125000000000178,0.5106015491666918,0.20578658421066268,0.5348837209302325,0.46511627906976744,2,0.019195263239089398,0.03540625339373946,1.9230137467384338,0.013190144043385033,1.0721815139055253,7.211189913749695,0.3636500988155603,0.6561000000000001,0.00027599045293760435,2792.612636566162
108,110592,442599.407310918,1.0,1.0,1.0,1.0,1.0,1.0,0.03750000000000009,0.509570621386076,0.20532974784267957,0.51667345632311,0.48332654367688993,1,0.0009442752052564174,0.04503564117476344,1.912282359600067,0.01301613276447704,1.1015218108892442,3.275759643316269,0.3632335964590311,0.28242953648100017,0.00027555228563252933,2818.303734779358
109,111616,816507.814137321,1.0,1.0,1.0,1.0,1.0,1.0,0.03750000000000009,0.507631141451052,0.2054703744315852,0.5212820843544435,0.47871791564555655,1,-0.0023448332445695995,0.05739995986223221,1.9003259539604187,0.017925855821582105,0.959196937084198,2.9942319095134735,0.5164844553917647,0.25015772549499865,0.0002751105118883501,2843.286516427994
110,112640,508282.94419409335,1.0,1.0,1.0,1.0,1.0,1.0,0.04375000000000018,0.5079281259503069,0.20572050962299482,0.5159158002823772,0.4840841997176229,2,0.01656128321774304,0.029128944175317882,1.8930956363677978,0.00952016280580068,3.0029778599739076,4.518148857355118,0.3634499229490757,0.2649447392201015,0.00027466514444557817,2868.452998161316
111,113664,442692.3153439164,1.0,1.0,1.0,1.0,1.0,1.0,0.031249999999999556,0.5070911300029033,0.20587994681536195,0.5029133070449061,0.4970866929550939,1,0.009050753293558955,0.030004130490124226,1.887669426202774,0.025108172609208078,1.115895876288414,3.7906232833862306,0.4104474440217018,0.7128126418515917,0.0002742161961483657,2894.8281903266907
112,114688,882008.6038890779,1.0,1.0,1.0,1.0,1.0,1.0,0.03750000000000009,0.507390360950018,0.20551253680163767,0.5300090936647469,0.4699909063352531,2,0.0320996318012476,0.05677918829023838,1.8852037489414215,0.02147556870114258,1.1050128936767578,11.050546240806579,0.4580852009356022,0.81,0.0002737636799441344,2919.58673119545
113,115712,442541.8896069154,1.0,1.0,1.0,1.0,1.0,1.0,0.04999999999999982,0.5049709978992876,0.20402860965548478,0.5128205128205128,0.48717948717948717,1,0.027198009588755668,0.02141847596503794,1.880438905954361,0.01605055510645137,9.403104186058044,5.698178631067276,0.294255206733942,0.7290000000000001,0.0002733076088832027,2945.8614196777344
114,116736,684593.3917032033,1.0,1.0,1.0,1.0,1.0,1.0,0.04375000000000018,0.5024207856364995,0.2046760055812603,0.5118303297781047,0.4881696702218953,1,0.00634199365740642,0.03789795460179448,1.8718801140785217,-0.019379180435182518,1468074.5655142546,3.6825209736824034,0.446825148165226,0.20262775765094898,0.0002728479961184089,2970.970373392105
115,117760,640046.788236171,1.0,1.0,1.0,1.0,1.0,1.0,0.04062499999999991,0.5024657847976576,0.20380165844106973,0.5182686095757663,0.48173139042423374,2,0.007036485883872956,0.03940641926601529,1.865179753303528,0.011577384317430628,1.010409677028656,2.556086081266403,0.5532346602529288,0.23845026529809138,0.00027238485490473226,2996.1235892772675
116,118784,442772.31729772687,1.0,1.0,1.0,1.0,1.0,1.0,0.03125,0.4978138720182034,0.19979057331299838,0.5113459399332592,0.48865406006674084,1,0.010174639546312392,0.0614099950529635,1.856080138683319,0.016325878655030747,1.346962183713913,2.3285126209259035,0.3965222593396902,0.2078561663639242,0.00027191819859891065,3022.1429765224457
117,119808,816250.5686715245,1.0,1.0,1.0,1.0,1.0,1.0,0.018749999999999822,0.4982648321141535,0.2000201012044124,0.5419483384330748,0.45805166156692523,1,0.030360391829162836,0.05373883992433548,1.8482165694236756,-0.004667381808722837,26491.51087062061,6.6432633101940155,0.34651790633797647,0.31381059609000017,0.00027144804065905504,3047.50461101532
118,120832,508230.33327611536,1.0,1.0,1.0,1.0,1.0,1.0,0.025000000000000133,0.49866588150177,0.2011180019793765,0.532460767076903,0.46753923292309696,2,0.009875519084744155,0.02666775886900723,1.8406512439250946,0.01254442921033574,1.0072785884141922,4.437609314918518,0.3545177273452282,0.4486862423074082,0.0002709743946442617,3072.735920190811
119,121856,486748.2986410968,1.0,1.0,1.0,1.0,1.0,1.0,0.03125,0.4978898750402719,0.201876935629036,0.5184052619432264,0.4815947380567736,1,0.0003814212512224913,0.023279057629406453,1.8319342017173768,0.00792508404146608,1.001849725842476,2.241706669330597,0.3142664398998022,0.1140500226962547,0.00027049727421422107,3099.4319031238556
120,122880,838016.018989481,1.0,1.0,1.0,1.0,1.0,1.0,0.04062499999999991,0.499256554267382,0.20206301703438773,0.5454135338345865,0.45458646616541354,2,-0.0015933130867779254,0.047617495711892846,1.8292203009128571,0.0242088803528425,0.9575672507286072,2.8006325155496596,0.4135245569050312,0.2525452421321679,0.00027001669312882385,3125.3036024570465
121,123904,442536.5495137572,1.0,1.0,1.0,1.0,1.0,1.0,0.03750000000000053,0.4982975255125618,0.20190237007030337,0.5136585947751402,0.48634140522485986,1,0.0008600508794188499,0.032279522810131314,1.8263686537742614,0.0090394775168118,0.981940895318985,2.6453119665384293,0.4240046747028828,0.08805708108132113,0.000269532665247764,3150.609015226364
122,124928,596542.142071601,1.0,1.0,1.0,1.0,1.0,1.0,0.04375000000000018,0.5012265407142953,0.20258101568324502,0.5175504575655008,0.48244954243449917,1,-0.00019113197922706603,0.04308177232742309,1.8224845588207246,0.022872765668109807,0.9587946236133575,2.1956579759716988,0.6834903456270695,0.23691053758637554,0.00026904520453013934,3175.4519703388214
123,125952,661960.5102995634,1.0,1.0,1.0,1.0,1.0,1.0,0.03125,0.5016778281014505,0.2018986103583987,0.5520196809777002,0.44798031902229984,1,-0.0024340674630366267,0.04763992968946695,1.8187581121921539,0.018540679524099345,0.994787847995758,5.612562817335129,0.2838698957115412,0.15297332720161083,0.00026855432503404867,3200.138652563095
124,126976,508400.16495444626,1.0,1.0,1.0,1.0,1.0,1.0,0.018750000000000266,0.5025653947689895,0.20290344441987127,0.5141604238991412,0.48583957610085876,2,0.001104599889367819,0.039645268395543096,1.8145673990249633,0.01740743217906,0.9994697272777557,3.501922109723091,0.33928700238466264,0.16201569710815242,0.0002680600409161866,3225.5226221084595
125,128000,640676.0694191381,1.0,1.0,1.0,1.0,1.0,1.0,0.04375000000000018,0.5008358126286968,0.2031756461312928,0.5046890866734365,0.4953109133265635,1,-0.0018536829040385783,0.04143367875367403,1.8131657481193542,0.017222445452205547,0.9824906945228576,2.382505786418915,0.3011878333985806,0.1435029734780894,0.000267562366431435,3251.6837368011475
126,129024,683859.4227932841,1.0,1.0,1.0,1.0,1.0,1.0,0.031250000000000444,0.5031844374898382,0.20479821951289473,0.5624398073836276,0.4375601926163724,2,-0.003819525148719549,0.05692976880818605,1.810698676109314,0.020643172659519492,0.971154460310936,3.1217892825603486,0.6753982432186604,0.23164996732431434,0.0002670613159324522,3278.1654708385468
127,130048,442514.73123883083,1.0,1.0,1.0,1.0,1.0,1.0,0.03750000000000009,0.5038991438066709,0.20327761626930232,0.5102909865152591,0.48970901348474094,1,0.00022574057802557946,0.029294860549271107,1.8065779268741609,0.01446234649190945,0.9779967814683914,1.986275091767311,0.7731840342283249,0.13461891542642987,0.00026655690386925894,3303.5597553253174
128,131072,816594.5514846295,1.0,1.0,1.0,1.0,1.0,1.0,0.03125,0.5023892011732871,0.2045516814856704,0.5202450229709035,0.4797549770290965,1,0.01720559229142964,0.0827661082148552,1.8051500082015992,-0.023571383824913285,962654.4945216269,5.08168925344944,0.9232703760266304,0.2138645131057212,0.0002660491447888215,3329.1224241256714
129,132096,507946.8307314329,1.0,1.0,1.0,1.0,1.0,1.0,0.03750000000000031,0.5028364529697834,0.20510256701342397,0.5328898191059949,0.4671101808940051,2,0.013675602152943611,0.02924474128521979,1.800365948677063,0.0011781941469740432,688815.9332003802,4.852422219514847,0.25610896609723566,0.2752050419887991,0.0002655380533346323,3354.281726360321
130,133120,442558.3142963946,1.0,1.0,1.0,1.0,1.0,1.0,0.031250000000000444,0.5003556884604803,0.20546457007673793,0.5137297039159503,0.48627029608404965,1,0.008800623938441277,0.03379029054194689,1.7916293025016785,0.01994270915518177,0.9780873656272888,2.9592056214809417,0.2579196017235518,0.29147262167299004,0.0002650236442462877,3380.77552986145
131,134144,816473.7967070937,1.0,1.0,1.0,1.0,1.0,1.0,0.05624999999999991,0.5029281963520579,0.20372653893472845,0.5242612653035061,0.4757387346964938,1,0.023428428964689375,0.06752716042101384,1.7826734781265259,-0.00930801458030459,444284.8894314527,5.1805554836988446,0.29441188275814056,0.31381059609000017,0.00026450593235906273,3407.0140421390533
132,135168,508248.98929443955,1.0,1.0,1.0,1.0,1.0,1.0,0.04062499999999991,0.5020999427590173,0.2029753948075138,0.5224197912640124,0.4775802087359876,2,-0.005443043913692236,0.026068233698606492,1.7767362892627716,0.011867211649141752,0.9715177178382873,1.5905931174755097,0.3896925337612629,0.11964966461530886,0.0002639849326034833,3432.0740389823914
133,136192,442628.8266313672,1.0,1.0,1.0,1.0,1.0,1.0,0.03750000000000009,0.49921218326354644,0.20144645206554365,0.5113212092014935,0.48867879079850657,1,-0.004779933509416879,0.027460346417501568,1.7751435577869414,0.01542778790504915,0.9919104427099228,1.2392366215586663,0.3488080628216267,0.08584209550731287,0.0002634606600048958,3457.3621978759766
134,137216,882116.3745138347,1.0,1.0,1.0,1.0,1.0,1.0,0.03125,0.5027383610581133,0.20130169552334673,0.5386352050105601,0.46136479498943994,2,0.001521423738449812,0.06001891270279884,1.7765535891056061,0.024581204372363174,0.9705836117267609,2.9624757707118987,0.5059692900627851,0.1385707775759494,0.0002629331296830333,3482.258472919464
135,138240,442515.62584489584,1.0,1.0,1.0,1.0,1.0,1.0,0.025000000000000355,0.5047751790384527,0.2022163121109858,0.5186222513557,0.4813777486443001,1,-0.00011534090153872967,0.039709202386438845,1.77461496591568,0.01684896636405462,0.965103143453598,1.6566099762916564,0.49892639741301537,0.1491254400266238,0.0002624023568515801,3508.1972918510437
136,139264,574543.7709096074,1.0,1.0,1.0,1.0,1.0,1.0,0.050000000000000266,0.5036671146260852,0.20181357600727176,0.5324529712221253,0.4675470287778747,1,-0.002847267733886838,0.03389461925253272,1.771075564622879,0.023495801923848703,0.9765553683042526,1.98936567902565,0.3404763486236334,0.16048403027070773,0.00026186835681773254,3533.4030623435974
137,140288,750014.0316583589,1.0,1.0,1.0,1.0,1.0,1.0,0.034375000000000044,0.5039299357992364,0.2027288160421292,0.5346069066862601,0.4653930933137399,2,0.0021596717881038783,0.03344867331907153,1.766528558731079,0.021182267140944334,0.970592987537384,4.306722548604012,0.2671491414308548,0.28784630316744625,0.0002613311449817578,3558.561639547348
138,141312,442573.71283362433,1.0,1.0,1.0,1.0,1.0,1.0,0.03750000000000053,0.5001873398373496,0.2014023566457939,0.5087896424753534,0.49121035752464665,1,-0.0055389703484252095,0.028574783680960537,1.7604620933532715,0.009066118056992423,0.9794955134391785,2.0001125901937487,0.20342837497591973,0.07316666818321615,0.00026079073683654957,3585.010134935379
139,142336,706488.9181991965,1.0,1.0,1.0,1.0,1.0,1.0,0.050000000000000266,0.5020901747684069,0.202325447074784,0.5272329753713587,0.47276702462864123,1,0.006468459218740463,0.03556123580783606,1.756217497587204,0.028815991480058846,0.9716200709342957,3.699619382619858,0.268951515480876,0.40503924277038095,0.0002602471479671814,3611.260803937912
140,143360,618034.1310876496,1.0,1.0,1.0,1.0,1.0,1.0,0.03125,0.5015273252755758,0.20336441657802212,0.5332367849384504,0.4667632150615496,2,0.0011597306351177395,0.032473199628293516,1.7513613402843475,0.015153475213184909,0.9820884168148041,4.296960666775703,0.42038033753633497,0.19065840932042336,0.0002597003940504571,3636.294013738632
141,144384,442741.3810136914,1.0,1.0,1.0,1.0,1.0,1.0,0.03125,0.5027118873478388,0.2028131254842628,0.5077141236528644,0.49228587634713555,1,0.018917729333043098,0.019654608983546495,1.7455198228359223,0.0154907267997066,5.561970293521881,3.495322024822235,0.19409538954496383,0.34867844010000015,0.00025915049085445884,3661.7481594085693
142,145408,816276.4793727696,1.0,1.0,1.0,1.0,1.0,1.0,0.04375000000000018,0.5043068552060092,0.20389338361991144,0.5289325255901399,0.47106747440986,1,0.0025554515945259483,0.0501630712300539,1.7393434405326844,0.016074348840912567,0.9712012112140656,3.4234357595443727,0.37872831150889397,0.2501577254949987,0.0002585974542380922,3686.7856092453003
143,146432,508465.756561026,1.0,1.0,1.0,1.0,1.0,1.0,0.03125000000000022,0.5059627741973477,0.20423730691318562,0.5217131235793755,0.47828687642062445,2,0.011140387132763862,0.018866349407471717,1.7362280428409576,0.02137497872196441,0.972546923160553,5.715655088424683,0.20284178368747235,0.6057264271150011,0.00025804130015062883,3712.2150406837463
144,147456,596612.8020080924,1.0,1.0,1.0,1.0,1.0,1.0,0.03125,0.5062210929323673,0.2028356808681745,0.5096442348906987,0.49035576510930134,1,0.012403803784400225,0.023773056315258147,1.7301444351673125,0.01154198645277731,1.0051933854818345,4.553526282310486,0.3136071048676968,0.3168056186007075,0.0002574820446312466,3738.9270119667053
145,148480,728053.4673021138,1.0,1.0,1.0,1.0,1.0,1.0,0.028124999999999956,0.5055106787162849,0.20242297742611745,0.5330185252451871,0.46698147475481294,2,0.02927159544778988,0.03590030558407307,1.7236819326877595,-0.0026711159747037526,3464.145818865299,2.8504309833049772,0.30447877533733847,0.09941696001774925,0.0002569197038085669,3764.455315351486
146,149504,442487.21090349555,1.0,1.0,1.0,1.0,1.0,1.0,0.03750000000000009,0.505202402049094,0.2043815959320374,0.5174087104209633,0.48259128957903674,1,-0.006475832452997566,0.023719741497188807,1.7224901735782623,0.01734980557164949,0.9555647969245911,2.099372813105583,0.2336183413863182,0.05283424864879268,0.00025635429390018965,3790.1096589565277
147,150528,816529.1275516748,1.0,1.0,1.0,1.0,1.0,1.0,0.043749999999999734,0.5053527702609546,0.20295550079970381,0.5188530284848102,0.4811469715151898,1,-0.005083519464824349,0.04220191026106477,1.720181828737259,0.028125970533092293,0.9439347296953201,2.119446176290512,0.45366228818893434,0.09629041816242467,0.0002557858312122255,3815.9005444049835
148,151552,508240.1218160987,1.0,1.0,1.0,1.0,1.0,1.0,0.03750000000000009,0.5050282577209265,0.20360907801925998,0.510458360232408,0.489541639767592,2,-0.005528260907158256,0.02295816536061466,1.7179633140563966,0.018209431681834688,0.9643013000488281,2.347355331480503,0.23756366409361362,0.1036246691402807,0.0002552143321388255,3841.8359727859497
149,152576,442565.6124765277,1.0,1.0,1.0,1.0,1.0,1.0,0.043749999999999734,0.5081842149802178,0.2058064135398071,0.526354363891773,0.47364563610822696,1,-0.0064533560303971175,0.022323125693947076,1.716579294204712,0.019940796751341416,0.9517334550619125,1.8229034021496773,0.18493220768868923,0.10198221813440726,0.00025463981316170846,3868.4701857566833
150,153600,816207.2922660112,1.0,1.0,1.0,1.0,1.0,1.0,0.043749999999999734,0.5085090105974581,0.2046883548710438,0.5353520925582059,0.464647907441794,1,0.009106502262875437,0.05919050797820091,1.7137051701545716,0.024904153106861317,1.0643731117248536,3.4953162640333177,0.3833467349410057,0.40503924277038117,0.00025406229084968564,3894.6195092201233
151,154624,508234.5463715978,1.0,1.0,1.0,1.0,1.0,1.0,0.04999999999999982,0.5024456992965833,0.20041130209157187,0.5162606892977455,0.48373931070225445,2,0.0001328288810327649,0.03290331503376365,1.711456936597824,0.012109985359544505,0.9632043987512589,2.8039495766162874,0.1911230631172657,0.15692050149829084,0.00025348178185818253,3919.9071440696716
152,155648,442618.2746497132,1.0,1.0,1.0,1.0,1.0,1.0,0.03750000000000009,0.5019239164729563,0.19933382316481552,0.5190530144910251,0.4809469855089749,1,-0.006108416061033494,0.017691437713801862,1.7067124545574188,0.016314320826493933,0.9773214101791382,3.1612083464860916,0.16178568731993437,0.1250909823551298,0.00025289830292875916,3945.1701452732086
153,156672,882157.3258283511,1.0,1.0,1.0,1.0,1.0,1.0,0.043749999999999956,0.5042822690149606,0.1997124824151839,0.5322237960339944,0.46777620396600567,2,-0.002728081401437521,0.03673801952973008,1.7019181430339814,0.025033079606792796,0.9642318665981293,6.7976381301879885,0.31060451790690424,0.623235719566805,0.0002523118708886267,3971.876616716385
154,157696,442419.83004035056,1.0,1.0,1.0,1.0,1.0,1.0,0.043749999999999734,0.502867347238918,0.19984596485874886,0.5249472508377808,0.4750527491622192,1,-0.0068392715213121845,0.02960062581114471,1.6976369500160218,-0.023019138448128817,1034217.6190735847,4.000728985667228,0.28652529045939445,0.11548683707708945,0.0002517225026501625,3996.960065126419
155,158720,750741.9020120874,1.0,1.0,1.0,1.0,1.0,1.0,0.03125,0.500259616746065,0.1987040297739712,0.5113669569282917,0.48863304307170824,1,7.157213985919952e-05,0.03935045041143894,1.6939264774322509,0.018316492928052243,0.9616580873727798,3.866795340180397,0.3574238810688257,0.15343610045771375,0.00025113021521042225,4022.892119407654
156,159744,574125.8960403875,1.0,1.0,1.0,1.0,1.0,1.0,0.04687500000000022,0.4997176552605639,0.1980519374615122,0.5265432098765432,0.4734567901234568,2,0.00060705894138664,0.031370272673666474,1.6898596465587616,0.018639354947480768,0.9994057476520538,4.504499417543411,0.1932635735720396,0.22291608401092725,0.0002505350256506498,4048.1969995498657
157,160768,442645.2661337741,1.0,1.0,1.0,1.0,1.0,1.0,0.02499999999999991,0.49955996338528375,0.1972763161789254,0.5231229119043432,0.47687708809565676,1,-0.0027373768389225006,0.019808232178911568,1.6838792145252228,0.018350625200382976,0.9798578143119812,4.051225793361664,0.16869217846542597,0.26655017985641516,0.0002499369511357845,4074.571610927582
158,161792,816266.3753956929,1.0,1.0,1.0,1.0,1.0,1.0,0.04375000000000018,0.49982857126446134,0.19906432269874316,0.5417253025612159,0.45827469743878413,1,0.014165322191547602,0.06934916470199823,1.6799476981163024,-0.010198371955150488,389.60208509862423,2.8236869394779207,0.6285250715911388,0.0444530578154424,0.0002493360089139663,4099.794237136841
159,162816,508267.29981935024,1.0,1.0,1.0,1.0,1.0,1.0,0.034375000000000044,0.500700983107002,0.19973104913210263,0.5132618328944833,0.48673816710551665,2,-0.00016869971295818686,0.02858533593825996,1.6782861292362212,0.02782439931545889,0.9815811723470688,2.7114298567175865,0.21186104081571103,0.2690941468188121,0.0002487322163160382,4125.169706821442
160,163840,442694.27653800696,1.0,1.0,1.0,1.0,1.0,1.0,0.050000000000000266,0.5036981403585223,0.20074041657454028,0.50426796962383,0.49573203037617003,1,0.0030871915281750263,0.027091918513178825,1.6766708374023438,0.01751711212350813,0.9732648700475692,2.4420345187187196,0.3316770110279322,0.3217672405789567,0.0002481255907550464,4150.418527126312
161,164864,882044.2919247895,1.0,1.0,1.0,1.0,1.0,1.0,0.04062499999999991,0.5047742822021348,0.20113192630944576,0.5319241982507289,0.46807580174927116,2,0.035901434277184306,0.049706517811864616,1.673060989379883,-0.012797793833478366,59422.42024285793,5.145026576519013,0.3231765553355217,0.09087657261148518,0.0002475161497257384,4175.990228891373
162,165888,442609.8880963437,1.0,1.0,1.0,1.0,1.0,1.0,0.03750000000000053,0.5043118257665815,0.20209183767271213,0.5238537974315765,0.4761462025684235,1,-0.00022028280654922127,0.02154027996584773,1.6679607450962066,0.023223636934950064,0.9997566610574722,1.887353965640068,0.2098572175949812,0.16299743611011852,0.000246903910804058,4203.073814630508
163,166912,816471.3432274908,1.0,1.0,1.0,1.0,1.0,1.0,0.03125,0.5070866106627003,0.2028998337731603,0.5266601878846777,0.47333981211532233,1,0.005247356789186597,0.047818997595459226,1.662454891204834,0.015119915945869356,16.133099311590193,3.746332147717476,0.3314899694174528,0.15787136600882098,0.0002462888916466389,4229.436097860336
164,167936,508128.4392468631,1.0,1.0,1.0,1.0,1.0,1.0,0.03125000000000022,0.5079060573385872,0.20428426475143815,0.5137311583729094,0.48626884162709066,2,0.0007755261845886708,0.03229898223653436,1.6598796665668487,0.017941170392851546,1.0083505392074585,3.176945738494396,0.28994306214153764,0.12385426868192673,0.000245671109990295,4255.38144659996
165,168960,442676.38010816276,1.0,1.0,1.0,1.0,1.0,1.0,0.04375000000000018,0.5091679981641951,0.20595049525257025,0.5110516519311308,0.4889483480688692,1,0.001882201712578535,0.02860872051678598,1.6601584792137145,0.02081375040454142,0.9663391023874283,2.851217010617256,0.3156635966151953,0.299898008359309,0.00024505058365150947,4281.634746313095
166,169984,816203.4463641346,1.0,1.0,1.0,1.0,1.0,1.0,0.025000000000000355,0.5068538937381639,0.2055766898205605,0.5294202689027034,0.4705797310972965,1,0.021956444391980766,0.04368544584140181,1.6582008302211761,-0.04844157323891096,1627665.226892647,7.314967671036721,0.32655053995549677,0.34732316505391114,0.00024442733052592035,4308.432153463364
167,171008,508245.7821569741,1.0,1.0,1.0,1.0,1.0,1.0,0.03125,0.5075886980352288,0.20603719409287474,0.5082830358289456,0.4917169641710543,2,0.030612026806920767,0.02496560849249363,1.6503733456134797,-0.004349906184700903,1053.968978741765,1.6763278797268868,0.3649131406098604,0.042226388469062674,0.00024380136858780492,4334.686459064484
168,172032,442697.58777532727,1.0,1.0,1.0,1.0,1.0,1.0,0.03750000000000009,0.508645853604473,0.2085270412417923,0.5073119163681212,0.49268808363187877,1,0.00043530198745429517,0.021757924230769277,1.6445933759212494,0.006440724685272237,1.0358558744192123,1.5268321931362152,0.2668950494378805,0.009660043251293054,0.00024317271588956098,4360.27991271019
169,173056,816085.0136739314,1.0,1.0,1.0,1.0,1.0,1.0,0.018750000000000266,0.5070888312223197,0.20835753891279932,0.5461122534460437,0.4538877465539563,1,0.00027298227651044725,0.04099067533388734,1.64430473446846,0.01579347759046268,0.9524924844503403,2.598273530602455,0.3768220659345388,0.007700614568265649,0.00024254139056118643,4385.448000907898
170,174080,508478.0323008001,1.0,1.0,1.0,1.0,1.0,1.0,0.03437500000000049,0.5073812292629899,0.208400739206542,0.5169396322355585,0.48306036776444156,2,-0.002494738157838583,0.017167513072490693,1.6467153549194335,0.006240692536287895,0.9979098200798034,1.2034857138991355,0.21449140943586825,0.001426939426156285,0.00024190741080975636,4410.9703023433685
171,175104,816664.8133496344,1.0,1.0,1.0,1.0,1.0,1.0,0.03125,0.5076935627727128,0.20630667225046473,0.5005718413290796,0.4994281586709204,1,-0.0030485189345199615,0.03791625592857599,1.6476869642734528,0.007506125111824913,1.0119322866201401,1.3526333838701248,0.333652039244771,0.00029379417388180647,0.00024127079491889785,4437.5742881298065
172,176128,507878.0917096585,1.0,1.0,1.0,1.0,1.0,1.0,0.046875,0.5079472066049285,0.207752672935714,0.5510757102972573,0.4489242897027427,2,-0.006682581675704569,0.027950040344148875,1.645959347486496,0.05583971517553625,0.9268979907035828,1.4522990435361862,0.35292293801903724,0.03087616170536038,0.00024063156124826295,4463.247718811035
173,177152,442484.89502462186,1.0,1.0,1.0,1.0,1.0,1.0,0.03125,0.5085371629789488,0.20822869658503054,0.49501079535507964,0.5049892046449204,1,-0.002956986567005515,0.02597195580601692,1.6478452324867248,0.024149403303324313,0.9824183881282806,1.4080102890729904,0.28459499441087244,0.11395040453373907,0.00023998972823299894,4488.458955287933
174,178176,816619.1131982207,1.0,1.0,1.0,1.0,1.0,1.0,0.03750000000000053,0.5081263140385793,0.20862579326144068,0.5228562709795544,0.47714372902044555,1,-0.0061279634246602654,0.04971025474369526,1.6510261237621306,0.017686140028829733,0.9607719331979752,1.664289078116417,0.36965514812618494,0.08175318786335004,0.00023934531438321683,4513.713426828384
175,179200,507980.2040554341,1.0,1.0,1.0,1.0,1.0,1.0,0.031249999999999778,0.5067425457479076,0.20720703433893817,0.5262383160373887,0.4737616839626113,2,0.021961057651787998,0.017336247395724057,1.6525794684886932,0.014513935336146843,34.90019437670708,3.8270944148302077,0.2402043603360653,0.3607736711576574,0.0002386983382834574,4538.776086330414
176,180224,442599.54952090234,1.0,1.0,1.0,1.0,1.0,1.0,0.031249999999999556,0.49987979914774405,0.20278598725076766,0.49698212716085555,0.5030178728391445,1,-0.0006941133062355221,0.024795538000762462,1.6492336988449097,0.014742566305175942,0.9622403651475906,1.9864382237195968,0.23652730211615564,0.23295185349704142,0.00023804881859215533,4565.3690276145935
177,181248,816463.1115100919,1.0,1.0,1.0,1.0,1.0,1.0,0.04375000000000018,0.5004387580419903,0.2035316369637056,0.5264486888960829,0.4735513111039171,1,0.009884031605906785,0.05334995836019516,1.644272369146347,0.02631939684626996,0.9603638082742691,5.1639629930257795,0.3107862794771791,1.0,0.00023739677404110117,4590.782873868942
178,182272,508152.74977985024,1.0,1.0,1.0,1.0,1.0,1.0,0.028124999999999956,0.5023034790846869,0.20555223033609127,0.5461643835616439,0.4538356164383562,2,-0.006021164823323488,0.02509173988364637,1.6371040225028992,0.000882778335874157,1.1170758128166198,3.1705756783485413,0.20135358814150095,0.1500946352969992,0.00023674222343490097,4617.243629693985
179,183296,442810.952678442,1.0,1.0,1.0,1.0,1.0,1.0,0.031249999999999556,0.5009485076180039,0.20119032876989312,0.4969130652427832,0.5030869347572168,1,-0.00024406439624726772,0.03218728117644787,1.632729995250702,0.01652738537835141,0.99650259912014,2.2833733931183815,0.3278075732290745,0.0984770902183612,0.00023608518565043394,4643.214497089386
180,184320,882034.1306814663,1.0,1.0,1.0,1.0,1.0,1.0,0.04062500000000013,0.5022932092468458,0.20255322812325402,0.5340057850626715,0.4659942149373285,2,0.012705956026911736,0.044538299180567266,1.632138055562973,0.03353953608533651,0.9672314494848251,8.2518031001091,0.3126955572515726,0.6623618480502538,0.0002354256796363083,4668.705105066299
181,185344,442627.84797703475,1.0,1.0,1.0,1.0,1.0,1.0,0.03750000000000053,0.49975292742084215,0.20171483519921457,0.5122953157984823,0.48770468420151764,1,-0.004487433261238039,0.0210897131357342,1.629093837738037,0.010527008914134762,0.9627046793699264,2.8531777799129485,0.33032628446817397,0.23095129595991576,0.0002347637244123146,4694.401710510254
182,186368,706466.646305602,1.0,1.0,1.0,1.0,1.0,1.0,0.043749999999999734,0.5013366598652338,0.20207958024694964,0.5149781434816149,0.4850218565183852,1,-0.006197752291336655,0.036241421848535536,1.6262634634971618,0.018185086513090188,0.9619115233421326,2.897073471546173,0.3739132735878229,0.16836349475477858,0.00023409933906887718,4719.477800607681
183,187392,617890.5276388824,1.0,1.0,1.0,1.0,1.0,1.0,0.03125,0.5016254482825913,0.20297972848311194,0.5436014481347395,0.4563985518652605,2,0.010085441032424569,0.03135331207886338,1.6253436625003814,0.016926237337833605,1.021679198741913,7.683889293670655,0.25672089755535127,0.550356756758257,0.00023343254276650375,4744.875304222107
184,188416,442640.43841925263,1.0,1.0,1.0,1.0,1.0,1.0,0.018749999999999822,0.5019497887255621,0.20124804664292612,0.5093124856288802,0.4906875143711198,1,-0.007569597591646016,0.01689414195716381,1.621049016714096,0.012436732786421345,0.9740052342414856,3.6195038318634034,0.2995820015668869,0.17270778190046784,0.00023276335473523284,4770.543696880341
185,189440,816498.8748014569,1.0,1.0,1.0,1.0,1.0,1.0,0.03750000000000009,0.5050907107672252,0.2022566913788624,0.5190158036746756,0.4809841963253244,1,0.022592065436765552,0.03872678950428963,1.6165059030056,0.024693311537501473,1.0194479912519454,7.55380597114563,0.36051777135580776,1.0,0.00023209179427407893,4796.811582565308
186,190464,508069.02872312814,1.0,1.0,1.0,1.0,1.0,1.0,0.03125,0.5051970898136833,0.20345578244933932,0.5448079658605974,0.45519203413940257,2,0.005066839908249676,0.03185764378868043,1.6129277646541595,0.007998801493513863,1.0126423090696335,8.861130541563034,0.430795032531023,0.3812798742493502,0.00023141788075047625,4822.0658078193665
187,191488,442533.1391233504,1.0,1.0,1.0,1.0,1.0,1.0,0.03750000000000009,0.5066396117326836,0.2060397440511074,0.506217554026319,0.49378244597368104,1,0.0033794200979173185,0.03146256962791085,1.6089553713798523,0.008196325981918795,19.08070009946823,3.164144438505173,0.5287832282483578,0.19941610769218146,0.00023074163359971994,4847.089876174927
188,192512,772410.3255037963,1.0,1.0,1.0,1.0,1.0,1.0,0.03750000000000009,0.5097771785350236,0.20824467260894075,0.5169050286693468,0.48309497133065316,1,0.030124760896433143,0.04938717084005475,1.6059579968452453,-0.02921523502334864,158129.86196514367,4.504781931638718,0.6048946388065815,0.23095129595991576,0.0002300630723244057,4872.143427610397
189,193536,552162.775199905,1.0,1.0,1.0,1.0,1.0,1.0,0.03125,0.5069376026446056,0.2046924651132116,0.5108952303852121,0.4891047696147878,2,0.011806882359087468,0.0255200304556638,1.6023184478282928,0.021010881296023465,0.9853157281875611,3.942266061902046,0.3121412083506584,0.7549475401347833,0.00022938221649386733,4897.704013586044
190,194560,442630.9506908059,1.0,1.0,1.0,1.0,1.0,1.0,0.04999999999999982,0.5079319967583775,0.204590194893473,0.5116869318852556,0.4883130681147444,1,-0.0036606059060432018,0.024205322097986936,1.5965209007263184,0.0004825680794414922,1.8228842526674272,3.435310944914818,0.21116418819874525,0.15543700371042107,0.0002286990857436123,4924.125095844269
191,195584,882216.4683812112,1.0,1.0,1.0,1.0,1.0,1.0,0.04687499999999978,0.5091038045250766,0.20298763365837535,0.5062189054726368,0.4937810945273632,2,0.026541485404595732,0.03895680885761976,1.5920455932617188,0.012962984694770441,1.3119937121868133,8.53522111773491,0.5166707962751389,0.2222437546065192,0.0002280136997747556,4949.0584926605225
192,196608,442695.66242706776,1.0,1.0,1.0,1.0,1.0,1.0,0.03125,0.5087365988822812,0.20396000444129747,0.5034110289937465,0.49658897100625354,1,-0.004228194081224501,0.01878403015434742,1.5883413791656493,0.020299521417588194,0.9568990409374237,2.027394786477089,0.22548984587192536,0.29527360797960794,0.00022732607835345138,4974.256870985031
193,197632,816420.315664757,1.0,1.0,1.0,1.0,1.0,1.0,0.03750000000000009,0.5106949316731102,0.20538167255391698,0.5167776386050498,0.48322236139495023,1,-0.0011343762278556823,0.039221630152314904,1.58443341255188,0.017723171219338953,0.9619449824094772,4.653057664632797,0.3004129085689783,0.35307112837115434,0.00022663624131032305,4999.157103061676
194,198656,508278.6053570956,1.0,1.0,1.0,1.0,1.0,1.0,0.04062500000000013,0.510627718666868,0.20418219704079935,0.508081384293592,0.49191861570640805,2,-0.0001925970835145563,0.018891168758273125,1.5798284888267518,0.01565643912063024,0.947521311044693,4.332734620571136,0.132362119294703,0.3077707257120024,0.0002259442085398913,5024.213599681854
195,199680,486719.0714737326,1.0,1.0,1.0,1.0,1.0,1.0,0.03125,0.5101739915628831,0.20397399018854226,0.5198051757525967,0.48019482424740334,1,0.0049732302781194445,0.02306886506266892,1.5750218451023101,0.012744779066161694,0.996274995803833,3.4003626346588134,0.15431540012359618,0.24145428723683854,0.00022525000000000043,5051.1062915325165
196,200704,838044.5939327776,1.0,1.0,1.0,1.0,1.0,1.0,0.03750000000000009,0.5126266637603871,0.20477979010633365,0.5201180450586627,0.47988195494133734,2,-0.009844757406972349,0.03236900037154555,1.5703454852104186,0.02370968541353058,0.9510504364967346,3.9549306273460387,0.18797905258834363,0.32596328776973205,0.0002245536357112428,5076.712200641632
197,201728,442756.53712178767,1.0,1.0,1.0,1.0,1.0,1.0,0.04375000000000018,0.5097097321047321,0.20379971298855618,0.5032632342277013,0.49673676577229875,1,-0.0004975051386281848,0.024444739427417518,1.5678742289543153,0.014083003400763605,1.0146312296390534,4.694377121329308,0.16768586356192827,0.21047476057299552,0.00022385513575638122,5102.446978330612
198,202752,816287.3819519281,1.0,1.0,1.0,1.0,1.0,1.0,0.050000000000000266,0.5093135446229253,0.203006375954733,0.5134909596662031,0.48650904033379694,1,0.0036480854032561183,0.048405303806066516,1.565625047683716,0.02221542668268155,0.9865397363901138,7.487226581573486,0.4148067530244589,0.5662655184954712,0.00022315452027977,5127.286135435104
199,203776,508440.139659971,1.0,1.0,1.0,1.0,1.0,1.0,0.028124999999999956,0.5094861036775921,0.20437625977472706,0.525505584062783,0.47449441593721703,2,0.03493411855306476,0.03020224184729159,1.5626336753368377,-0.005614471880393879,3349.305297958851,8.082875373959542,0.28124108351767063,0.22876792454961012,0.00022245180948677405,5152.859191417694
200,204800,596646.9756919742,1.0,1.0,1.0,1.0,1.0,1.0,0.04375000000000018,0.5070019594065485,0.2037956552306008,0.5067889686802245,0.4932110313197755,1,0.01757252754177898,0.02973967483267188,1.5589494168758393,0.008007531061664519,1.2544701188802718,5.753209894895553,0.22843647664412856,0.36343585626900066,0.0002217470236431859,5178.583277225494
201,205824,728001.8342471533,1.0,1.0,1.0,1.0,1.0,1.0,0.03437499999999982,0.5072793659513237,0.2034574742555887,0.5330361058324806,0.4669638941675194,2,0.035041432548314336,0.033868339657783506,1.5540080845355988,-0.05733763363209761,1150582.5622543036,4.227561593055725,0.3255432114005089,0.25418658283290013,0.00022104018307464145,5204.874256134033
202,206848,442625.1894426942,1.0,1.0,1.0,1.0,1.0,1.0,0.03750000000000053,0.5047190485115507,0.2038635386445517,0.5045280390107977,0.4954719609892024,1,0.019339532498270272,0.022989177657291294,1.5486907958984375,0.02012890015780222,1.0168217062950133,4.462491190433502,0.2676580912433565,0.6154818138647574,0.00022033130816603378,5230.3941831588745
203,207872,816434.7918712497,1.0,1.0,1.0,1.0,1.0,1.0,0.05624999999999991,0.5065027016734824,0.20638702609727566,0.5186915887850467,0.48130841121495327,1,-0.005544702860061079,0.04013238660991192,1.541570818424225,0.019607399885557885,0.971987196803093,3.4678928315639497,0.3117959160357714,0.5451537844035009,0.0002196204193609251,5255.787026166916
204,208896,508479.5021607727,1.0,1.0,1.0,1.0,1.0,1.0,0.028125000000000178,0.5060260852271713,0.20516100726421785,0.5132032829784703,0.48679671702152966,2,-0.0009166523232124746,0.016649351734668017,1.5358715951442719,0.014865743493830408,0.9846678465604782,3.9943205565214157,0.13312517181038858,0.357675397947137,0.00021890753716095746,5281.266685962677
205,209920,816651.2094474211,1.0,1.0,1.0,1.0,1.0,1.0,0.025000000000000355,0.5074731519699714,0.2041697821984687,0.5139634477350865,0.48603655226491344,1,-0.005413231381680816,0.03205056097358465,1.5326103925704957,0.019981394825107655,0.9677221268415451,2.6093752056360247,0.22244905419647693,0.23467082859311658,0.00021819268212526114,5307.084055185318
206,210944,508164.7603858784,1.0,1.0,1.0,1.0,1.0,1.0,0.03437499999999982,0.5082711474956609,0.20589254631282156,0.5349813748730105,0.4650186251269895,2,-0.009842065814882516,0.020536135928705335,1.5288344025611877,0.019679138080320513,0.9526517212390899,3.415266129374504,0.21850015446543694,0.2806058245912976,0.00021747587486986204,5332.686815738678
207,211968,442627.77507826686,1.0,1.0,1.0,1.0,1.0,1.0,0.03125,0.5091669758960728,0.20512682027686163,0.49800867859478093,0.5019913214052191,1,-0.007010093866847455,0.019859459856525062,1.5247472047805786,0.015125645836410162,0.9671009182929993,2.6609063714742662,0.24362552110105754,0.16569493336291538,0.00021675713606708694,5358.893035173416
208,212992,816256.6543730348,1.0,1.0,1.0,1.0,1.0,1.0,0.02499999999999991,0.5064806684811017,0.20557658565400797,0.5341328413284133,0.46586715867158673,1,0.01636925960192457,0.04421115070581436,1.5215553522109986,0.027974340484375658,0.9977748394012451,8.971669727563858,0.27182087413966655,1.0,0.0002160364864449674,5384.093792915344
209,214016,508425.6859599352,1.0,1.0,1.0,1.0,1.0,1.0,0.03750000000000031,0.5068617506986361,0.20537753243871731,0.5126395173453997,0.4873604826546003,2,0.006181777268648147,0.02492575659416616,1.5176442563533783,0.016083190925045444,0.985611954331398,6.805066648125648,0.244314469024539,0.6457008150000002,0.00021531394678664205,5409.612803697586
210,215040,530619.8786400035,1.0,1.0,1.0,1.0,1.0,1.0,0.03125,0.5098218872879354,0.20640449423022642,0.5115898058252427,0.4884101941747573,1,-0.004244527593255043,0.03365129558369517,1.5128921926021577,0.011627174120059003,1.0066041439771651,4.971855521202087,0.3297159593552351,0.45591245471463504,0.00021458953792975695,5435.890836954117
211,216064,793986.1898755636,1.0,1.0,1.0,1.0,1.0,1.0,0.03750000000000009,0.5080190826968096,0.20676934285674312,0.5430413348502086,0.45695866514979144,2,0.012404312193393708,0.05243025477975607,1.5107152223587037,0.013636376171719977,1.051342561841011,8.801204472780228,0.33824446313083173,0.6623618480502537,0.00021386328076586494,5461.264010429382
212,217088,442617.67445257306,1.0,1.0,1.0,1.0,1.0,1.0,0.03750000000000009,0.510227885759185,0.20720037386855175,0.5054925893635571,0.4945074106364429,1,-0.0029470315668731926,0.02613725163973868,1.5077356040477752,0.012388425669185032,0.9729709923267365,2.951031708717346,0.25023776218295096,0.3464269439398736,0.000213135196239823,5487.408509731293
213,218112,772452.8619706035,1.0,1.0,1.0,1.0,1.0,1.0,0.03125,0.510259222259558,0.20823385732451644,0.515524729370584,0.484475270629416,1,0.021763638919219376,0.0467648072168231,1.5059311985969543,0.020577390088536696,1.0321672469377519,6.753610682487488,0.23728125225752592,1.0,0.00021240530534918814,5513.389470815659
214,219136,552194.8552014977,1.0,1.0,1.0,1.0,1.0,1.0,0.034375000000000044,0.5081590035352808,0.20711881661696582,0.5170630122262528,0.48293698777374716,2,0.010275917360559106,0.02755908858962357,1.5035082638263702,0.010006573156222488,1.104576575756073,5.390422695875168,0.21514482870697976,0.47829690000000014,0.0002116736291436121,5539.480854988098
215,220160,442785.5345544461,1.0,1.0,1.0,1.0,1.0,1.0,0.03125,0.504033367585107,0.20633768218578355,0.4931168174411418,0.5068831825588582,1,0.0006184489233419299,0.04358258983120322,1.499270111322403,0.012836082213956957,0.983396029472351,3.0627209186553954,0.16542140897363425,0.22876792454961012,0.00021094018872423395,5564.895264863968
216,221184,882114.5592508577,1.0,1.0,1.0,1.0,1.0,1.0,0.046875000000000444,0.5054140468472884,0.20591585776875881,0.5443716078099669,0.45562839219003315,2,0.010827996162697672,0.043349898606538775,1.4976336658000946,0.02868494648962496,0.9812922567129135,6.129957318305969,0.19874441139400006,0.9232227207971363,0.00021020500524307183,5590.092045307159
217,222208,442699.09892718494,1.0,1.0,1.0,1.0,1.0,1.0,0.03750000000000053,0.5023183193100911,0.20468749480753212,0.5075684562616929,0.49243154373830716,1,0.009716465399833396,0.025131254363805054,1.496559166908264,0.012421448215060592,1.0004693865776062,6.291633880138397,0.260412909835577,0.32190785815242345,0.0002094680999024128,5615.970786571503
218,223232,816420.2438138016,1.0,1.0,1.0,1.0,1.0,1.0,0.04375000000000018,0.5037184420759502,0.2044214305757685,0.5312833511205977,0.46871664887940234,1,0.039976183138787744,0.036489997804164884,1.4936528086662293,-0.012452237231755347,35429.809677004814,7.66683396100998,0.3377381145954132,0.38742048900000015,0.00020872949395420133,5641.067746400833
219,224256,508477.438757956,1.0,1.0,1.0,1.0,1.0,1.0,0.03750000000000009,0.5043860469670192,0.20345193111896215,0.5165206063477025,0.4834793936522975,2,0.005906297173351049,0.019983534701168537,1.490457421541214,0.01864533578263865,0.9978555589914322,5.706069052219391,0.24248667173087596,0.3377129294182482,0.00020798920869942653,5667.897032260895
220,225280,442431.91124401987,1.0,1.0,1.0,1.0,1.0,1.0,0.031250000000000444,0.5047715654112948,0.20488737864483456,0.5055052446413447,0.4944947553586553,1,-0.0010512145992834121,0.02711638561449945,1.4880492091178894,0.01747740802971265,0.9988058000802994,4.830327600240707,0.2102585533633828,0.21806151376140034,0.00020724726548750785,5693.078545093536
221,226304,816140.5089170188,1.0,1.0,1.0,1.0,1.0,1.0,0.04375000000000018,0.5059260638208571,0.2059227783611334,0.5453872353028284,0.4546127646971716,1,0.04283502232283354,0.03936985014006496,1.4850713849067687,-0.014330342358509541,1638.2179254770278,15.799845159053802,0.3995531413704157,0.47829690000000014,0.00020650368571567917,5718.096388578415
222,227328,508422.296852082,1.0,1.0,1.0,1.0,1.0,1.0,0.04062500000000013,0.5052544954255083,0.2045443885370041,0.516657758774274,0.483342241225726,2,0.04342027101665735,0.021266354015097022,1.482292151451111,-0.0007178548414977115,248569.7912359625,5.967480993270874,0.2221630673855543,0.43046721000000016,0.000205758490828372,5743.515956878662
223,228352,728612.309613362,1.0,1.0,1.0,1.0,1.0,1.0,0.012500000000000178,0.5066614059096046,0.2073560965661786,0.5288195936406604,0.4711804063593395,1,0.024088088399730624,0.033769728150218725,1.4784997999668121,0.00878821552366844,2.770507997274399,2.730990481376648,0.3481447085738182,0.3692890883188545,0.00020501170231659684,5769.114056348801
224,229376,596024.9610450268,1.0,1.0,1.0,1.0,1.0,1.0,0.03750000000000009,0.5085267498309325,0.20940746777226224,0.5302165642376353,0.46978343576236464,2,0.00873661944642663,0.030317137576639654,1.4762499451637268,0.02311152534693406,0.9699466109275818,5.638579499721527,0.23522620219737292,1.0,0.00020426334171732332,5795.167864322662
225,230400,442660.3995112479,1.0,1.0,1.0,1.0,1.0,1.0,0.03125,0.5092816383576871,0.20983857558929636,0.5026372225120269,0.4973627774879731,1,-0.006230634078383446,0.025244232406839727,1.473663991689682,0.006957763214281165,0.9951868921518325,3.3632821649312974,0.23253123015165328,0.22876792454961012,0.00020351343061285942,5821.858874082565
226,231424,816305.4100525491,1.0,1.0,1.0,1.0,1.0,1.0,0.03125,0.5126143799286277,0.21017113283730443,0.5283538896162061,0.47164611038379384,1,0.01397558064199984,0.04141277261078358,1.4673029899597168,0.025688304904804227,0.9731891363859176,8.453296357393265,0.2581769831478596,0.81,0.0002027619906302287,5846.607951164246
227,232448,508204.6370691415,1.0,1.0,1.0,1.0,1.0,1.0,0.03125,0.5113283931211443,0.20946369606887077,0.504874328536375,0.4951256714636249,2,-0.0038570683798752727,0.019221541355364025,1.4644515752792358,0.008981008663330136,0.9649579286575317,4.88354172706604,0.2659383434802294,0.28242953648100017,0.00020200904344054677,5871.914860725403
228,233472,442627.8175302744,1.0,1.0,1.0,1.0,1.0,1.0,0.018749999999999822,0.5083115849658617,0.207188267171842,0.5074359433793227,0.4925640566206773,1,-0.0052733833552338185,0.024731417745351793,1.4629201889038086,0.01679084344586921,0.9599341720342636,2.0105400383472443,0.2105333175510168,0.18236498188585404,0.00020125461075839624,5897.596056938171
229,234496,816213.3364078165,1.0,1.0,1.0,1.0,1.0,1.0,0.018750000000000266,0.5086115134235096,0.20538088927182388,0.5425054308472121,0.45749456915278786,1,0.0007263175735715777,0.04695536699146032,1.459207409620285,0.019960767782154543,0.9896949350833892,7.735855233669281,0.3168770905584097,0.5961256632452282,0.0002004987143412005,5923.141913890839
230,235520,508221.92800937966,1.0,1.0,1.0,1.0,1.0,1.0,0.04062499999999991,0.509356057509219,0.20675176490624644,0.5088467002453829,0.4911532997546171,2,-0.005233618384227157,0.02215174804441631,1.4561360776424408,0.01362267285057861,0.9748305529356003,3.611607676744461,0.2238195940852165,0.28512505674063665,0.00019974137598859627,5948.867179632187
231,236544,442741.0332949683,1.0,1.0,1.0,1.0,1.0,1.0,0.03125,0.5055819217396902,0.20595194500035455,0.5127584816542826,0.48724151834571744,1,-0.007178902707528323,0.02393404715694487,1.454288947582245,0.018470552809159414,0.9657485634088516,2.677253910899162,0.23551005758345128,0.31178424954588624,0.00019898261754180494,5975.058715105057
232,237568,881997.2058396786,1.0,1.0,1.0,1.0,1.0,1.0,0.03125000000000022,0.50507579553696,0.20611115203503722,0.5342465753424658,0.4657534246575342,2,-0.0015919523313641549,0.0549824982881546,1.4511899828910828,0.019122352761047522,1.0094916969537735,4.973102658987045,0.28948783576488496,0.5032983600898554,0.00019822246088300257,6000.028660535812
233,238592,442504.32445317507,1.0,1.0,1.0,1.0,1.0,1.0,0.043749999999999734,0.5044504441620833,0.20722803829274491,0.5107204371325058,0.4892795628674942,1,-0.007328154501738027,0.028911482729017734,1.4473475694656373,0.012840725453047952,0.9858955174684525,3.913205844163895,0.20105323661118746,0.19498809677890988,0.00019746092793468886,6025.924505710602
234,239616,816631.6986485571,1.0,1.0,1.0,1.0,1.0,1.0,0.03750000000000009,0.5039944659914413,0.2077453528172653,0.5236297198538368,0.4763702801461632,1,0.012928722845390438,0.05720042642205954,1.4448139727115632,0.02255088161988219,1.0592891961336135,5.416400730609894,0.3624320089817047,0.5904900000000002,0.00019669804065905504,6051.480052471161
235,240640,508184.6194889881,1.0,1.0,1.0,1.0,1.0,1.0,0.03750000000000031,0.5033526199606955,0.20615061341137655,0.5112261360580801,0.48877386394191985,2,0.01114451726898551,0.022557378467172384,1.4416246235370636,0.009872785222728452,1.2987020909786224,5.066742026805878,0.3202885191887617,0.5230176601500003,0.0001959338210573503,6076.565126657486
236,241664,442667.6952341199,1.0,1.0,1.0,1.0,1.0,1.0,0.03750000000000009,0.5038427795888365,0.20736323440712007,0.5212803584060363,0.4787196415939637,1,0.00421810164116323,0.028310643089935184,1.4391447603702545,0.01444382012228651,0.984276807308197,4.928733107447624,0.2526155110448599,0.33771292941824826,0.00019516829116924747,6102.88755440712
237,242688,816187.541699551,1.0,1.0,1.0,1.0,1.0,1.0,0.018749999999999822,0.50490179033915,0.20709202924352646,0.5412790697674419,0.45872093023255817,1,-0.0006854268256574869,0.05627557598054409,1.4358431041240691,0.0022054820115995355,51.56774543821812,6.298757159709931,0.7218429006636142,0.23845026529809144,0.00019440147307220722,6128.246255397797
238,243712,508270.53406594694,1.0,1.0,1.0,1.0,1.0,1.0,0.03125000000000022,0.5044301571746896,0.20620280195049462,0.5089101239669421,0.49108987603305787,2,0.032320826407521965,0.026991011295467614,1.4343683838844299,0.040793700682927536,0.9699340730905532,8.137417924404144,0.2363026522099972,1.0,0.00019363338888084153,6154.3023982048035
239,244736,442683.4286368638,1.0,1.0,1.0,1.0,1.0,1.0,0.02499999999999991,0.5064976232159497,0.20445559220733106,0.512862972381572,0.48713702761842803,1,-0.00043393219821155073,0.021361334482207894,1.4310018181800843,-0.014140293593976172,1.2639476656913757,4.312940406799316,0.1917856488376856,0.1853020188851842,0.00019286406074627577,6179.797010421753
240,245760,816060.8031368852,1.0,1.0,1.0,1.0,1.0,1.0,0.037499999999999645,0.5075124217137131,0.20601498308095328,0.5340221967087638,0.4659778032912361,1,0.0023872922640293835,0.047777443937957284,1.4272887647151946,0.02823795385068646,0.9773578524589539,9.836967265605926,0.3231847513467073,0.6154818138647574,0.00019209351085551008,6204.489631414413
241,246784,508597.61430298164,1.0,1.0,1.0,1.0,1.0,1.0,0.031249999999999778,0.5095337072498319,0.20702987817906343,0.5112044023373234,0.48879559766267655,2,-0.0059206245699897405,0.03169172490015626,1.4239300191402435,0.015001326365680967,0.9806980043649673,4.552434349060059,0.24229420833289622,0.32709227064210056,0.0001913217614307792,6229.744858503342
242,247808,816509.5861289501,1.0,1.0,1.0,1.0,1.0,1.0,0.025000000000000355,0.5113187188209083,0.20851569905995504,0.513885334015869,0.48611466598413106,1,0.008672457374632358,0.043404622841626404,1.4190730214118958,0.018817058301263057,1.183379116654396,6.34978511929512,0.2580972373485565,0.6457008150000003,0.00019054883472891201,6256.021126031876
243,248832,508355.1313999742,1.0,1.0,1.0,1.0,1.0,1.0,0.03125000000000022,0.5116603444056851,0.20827154486260516,0.5186058050111635,0.4813941949888365,2,-0.001761166052892804,0.032815004652366045,1.4148545861244202,0.016096412035710016,0.9839259326457978,5.556170392036438,0.3016316331923008,0.30883669814197373,0.00018977475304068913,6282.134509801865
244,249856,640748.2985934615,1.0,1.0,1.0,1.0,1.0,1.0,0.03750000000000009,0.5080325208181805,0.20444829637588763,0.498837479655894,0.501162520344106,1,0.02816703333519399,0.04702554820105433,1.4120919704437256,0.03347971817014676,0.9646785974502563,11.046015095710754,0.38383972495794294,1.0,0.00018899953869020052,6307.831140995026
245,250880,684019.2675339878,1.0,1.0,1.0,1.0,1.0,1.0,0.03750000000000031,0.5089565423495472,0.20580930661091598,0.5315102823026461,0.46848971769735387,2,0.007707796338945627,0.037733913492411376,1.4098891913890839,0.011812222938910821,1.0141965001821518,12.062398970127106,0.2985044062137604,0.38742048900000015,0.00018822321403420158,6333.121498584747
246,251904,442586.66405795515,1.0,1.0,1.0,1.0,1.0,1.0,0.03125,0.5083034751980633,0.20625535027450387,0.5072865655790902,0.4927134344209098,1,0.009122167457826435,0.023743756767362355,1.4066882014274598,0.012120101350157685,1.1963179618120194,3.5947916388511656,0.2895238149911165,0.22514195294549885,0.00018744580146146803,6358.883150339127
247,252928,816441.4856228083,1.0,1.0,1.0,1.0,1.0,1.0,0.02499999999999991,0.5073743442905847,0.20553832125211738,0.5187348251197585,0.4812651748802415,1,0.02454797048121691,0.040913247503340244,1.4031466662883758,0.03040228837619736,0.9748409032821655,14.111811268329621,0.35106665566563605,0.81,0.0001866673233921507,6385.793248653412
248,253952,508258.5360108316,1.0,1.0,1.0,1.0,1.0,1.0,0.03125,0.5059736135847054,0.20472463253846376,0.5064685538619188,0.4935314461380812,2,-0.0030083783669397233,0.03502826802432537,1.4011755645275117,-0.012290558251875661,184063.0437877387,4.596705198287964,0.24296804890036583,0.2251419529454988,0.00018588780227712885,6413.694433927536
249,254976,596776.6123834439,1.0,1.0,1.0,1.0,1.0,1.0,0.04375000000000018,0.5067351663869321,0.2047870539281938,0.5156178226917777,0.4843821773082223,1,0.0009228940005414187,0.03686860604211688,1.3995443046092988,0.01897272744311813,1.1492088109254837,2.9267998814582823,0.3006294570863247,0.13294407179478762,0.00018510726059736238,6440.3359270095825
250,256000,727909.3816823177,1.0,1.0,1.0,1.0,1.0,1.0,0.03437499999999982,0.508747009972357,0.205374853297517,0.5421620775969962,0.45783792240300375,2,0.01347975037060678,0.036255916208028795,1.3988625228404998,0.034524389785301327,1.0181449890136718,10.067691457271575,0.2850600752979517,0.9,0.00018432572086324387,6464.959241867065
251,257024,442599.66355857253,1.0,1.0,1.0,1.0,1.0,1.0,0.02499999999999991,0.5094895584863758,0.20614005478639166,0.5027932960893855,0.4972067039106145,1,0.024003447336144745,0.02092074095271528,1.3962117671966552,0.0009048409526925205,870.3551310151815,7.765887600183487,0.28657352104783057,0.46325504721296046,0.0001835432056139491,6489.907909154892
252,258048,816510.049353987,1.0,1.0,1.0,1.0,1.0,1.0,0.03750000000000009,0.5103027104869147,0.2074155070550097,0.5248172863044169,0.47518271369558307,1,0.023724375665187834,0.04987805299460888,1.3942800104618072,0.016734210984635123,1.0811373740434647,11.827193367481232,0.4467392034828663,0.6561000000000001,0.0001827597374167874,6514.930853128433
253,259072,508261.4421380758,1.0,1.0,1.0,1.0,1.0,1.0,0.031250000000000444,0.5097976258781267,0.20791408961220892,0.5274725274725275,0.4725274725274725,2,0.00024396474473178386,0.023988322354853153,1.3924499809741975,0.014977625962301566,0.9610859841108322,5.453033185005188,0.2965846125036478,0.34867844010000015,0.00018197533886655037,6541.409713983536
254,260096,442769.9386348836,1.0,1.0,1.0,1.0,1.0,1.0,0.018750000000000266,0.5062496190245894,0.20535000541293616,0.4976781516940893,0.5023218483059106,1,0.007302185316802934,0.018652252247557045,1.3893561661243439,0.02100705377087948,0.982040074467659,4.991163742542267,0.16241936832666398,0.6948825708194409,0.00018119003258486058,6566.585892677307
255,261120,882130.3386026062,1.0,1.0,1.0,1.0,1.0,1.0,0.04375000000000018,0.5055350933552166,0.20381210154919166,0.532481954469739,0.46751804553026094,2,0.013343488425016403,0.036264505423605445,1.3858732879161835,0.006249486912994229,1.3446397066116333,4.113682866096497,0.36307965144515036,0.24229057084600053,0.00018040384121951905,6591.5357670784
256,262144,442626.1725224033,1.0,1.0,1.0,1.0,1.0,1.0,0.025000000000000355,0.5065084293133597,0.20818323331896016,0.5026576895818569,0.49734231041814314,1,-0.0017959956545382737,0.025119596789591015,1.383348971605301,0.01958518175976165,0.9640879213809967,3.7688977003097532,0.27621503099799155,0.2384502652980915,0.0001796167874438521,6617.012115478516
257,263168,816355.0728421956,1.0,1.0,1.0,1.0,1.0,1.0,0.04375000000000018,0.5078407566395421,0.20732681725103894,0.5228182003119278,0.4771817996880722,1,0.013725943770259619,0.050529555045068265,1.382789433002472,0.028581741459882792,0.9766788512468338,8.406140160560607,0.5866380222141743,0.8660673598496844,0.0001788288939560576,6641.9687695503235
258,264192,508325.66523929685,1.0,1.0,1.0,1.0,1.0,1.0,0.04375000000000018,0.5078429810049726,0.20740061971723506,0.5134278254382693,0.4865721745617307,2,0.005784537538420409,0.02588003675919026,1.3812928020954132,0.010927367641758678,0.990363484621048,9.10231414437294,0.18041221871972085,0.36690450450550477,0.00017804018347855008,6668.603857040405
259,265216,684732.6421393901,1.0,1.0,1.0,1.0,1.0,1.0,0.037499999999999645,0.5060214187828527,0.20721689682996955,0.5074216923796167,0.49257830762038335,1,0.012187235057353973,0.033104791399091484,1.378966325521469,0.0019377443147426733,1515.3456687659025,4.723194450139999,0.25542207099497316,0.28242953648100017,0.0001772506787573058,6695.272757530212
260,266240,640054.6141541842,1.0,1.0,1.0,1.0,1.0,1.0,0.03125000000000022,0.5060801182136567,0.20673314181184277,0.5233246678220682,0.47667533217793184,2,0.009486244805157185,0.03517780480906367,1.3749643385410308,0.021279668791022388,0.974122267961502,10.449100297689437,0.23925367929041386,0.33236017948696905,0.00017646040256120646,6720.926918506622
261,267264,442604.15238503367,1.0,1.0,1.0,1.0,1.0,1.0,0.018749999999999822,0.5067307377388909,0.20643285072300493,0.5110678236231627,0.4889321763768373,1,0.00153941314201802,0.023187537165358662,1.3714506387710572,0.021683297192625517,0.9679305106401443,6.9802377969026566,0.20307461377233266,1.0,0.0001756693776813826,6747.781260251999
262,268288,816388.5725761354,1.0,1.0,1.0,1.0,1.0,1.0,0.03125,0.5095888006855753,0.20709265937894586,0.5129151291512916,0.4870848708487085,1,0.005508908489719033,0.04837900847196579,1.3689409077167511,0.002189644431319948,8.81460436284542,8.24947898387909,0.1788180273026228,0.5147278302366227,0.00017487762693055655,6774.954093456268
263,269312,508188.37295072526,1.0,1.0,1.0,1.0,1.0,1.0,0.03125,0.507837305736406,0.20463102674065858,0.5146241397564849,0.4853758602435151,2,0.012662049825303256,0.02691630506888032,1.3671024441719055,0.008097473130997023,1.0086514979600907,5.954259252548217,0.21617442965507508,0.49063840596315106,0.00017408517314238428,6800.384083986282
264,270336,442613.4722457379,1.0,1.0,1.0,1.0,1.0,1.0,0.050000000000000266,0.5081503790728839,0.20508318500839381,0.49478328265665056,0.5052167173433494,1,0.0010381960775703192,0.03901106212288141,1.3648967742919922,0.01462179954158387,3.1645084828138352,4.114277929067612,0.2568269670009613,0.4276875851109553,0.00017329203917079694,6826.867985963821
265,271360,816159.0711427182,1.0,1.0,1.0,1.0,1.0,1.0,0.03125,0.5072440649128375,0.20727086951487667,0.5545150987224158,0.4454849012775842,1,0.010140592232346535,0.05141473226249218,1.3623701691627503,0.015608266908997947,0.997316175699234,7.845320188999176,0.5672713734209538,0.45296852408087007,0.0001724982478893419,6852.911078214645
266,272384,508135.45942766964,1.0,1.0,1.0,1.0,1.0,1.0,0.034375000000000266,0.5071558874541875,0.20772550863050765,0.5342447026657553,0.4657552973342447,2,0.014215271640568971,0.03854607883840799,1.36097292304039,0.022262795761987596,0.9684873968362808,7.812978261709214,0.32572017312049867,0.47829690000000014,0.00017170382219052282,6878.11842417717
267,273408,442688.47277215123,1.0,1.0,1.0,1.0,1.0,1.0,0.03125,0.5079963745079457,0.20698331505978373,0.49646745425063704,0.503532545749363,1,0.00021327435970306397,0.024668159894645214,1.3598386645317078,0.01764234451971678,0.9797490537166595,5.124959921836853,0.1409646265208721,0.34315188682441516,0.00017090878498513974,6904.914692878723
268,274432,816172.5507541522,1.0,1.0,1.0,1.0,1.0,1.0,0.03750000000000053,0.5051528201177946,0.20579945648493908,0.539033999708157,0.460966000291843,1,0.0104100153548643,0.05291855689138174,1.3592852830886841,0.018157233392201988,0.9801465541124343,11.668472445011139,0.2475308384746313,0.5539336324782816,0.00017011315920162815,6929.820029258728
269,275456,508493.2519041449,1.0,1.0,1.0,1.0,1.0,1.0,0.04375000000000018,0.5024374613234392,0.20372034201889042,0.5048295123938089,0.4951704876061911,2,-0.0020167321432381867,0.05350751951336861,1.357837337255478,0.009652992946023887,0.9857963144779205,2.682324987649918,0.32447429560124874,0.2146052387682822,0.00016931696778539783,6955.20277094841
270,276480,816635.1231839992,1.0,1.0,1.0,1.0,1.0,1.0,0.02499999999999991,0.5038992035200504,0.2016404439685355,0.505907300817934,0.49409269918206605,1,0.0094920126022771,0.06075001861900091,1.355173510313034,0.015454097922124177,1.1431504398584367,6.78445588350296,0.38878900110721587,0.42090873688694647,0.00016852023369817113,6982.122186899185
271,277504,508182.52974021435,1.0,1.0,1.0,1.0,1.0,1.0,0.03437500000000049,0.5032007298223826,0.2023769579690372,0.5435659540137152,0.4564340459862848,2,-0.0022475278470665216,0.024322437588125467,1.3537867844104767,0.015270418570220023,0.9565720409154892,4.271544399857521,0.18296315521001816,0.18118740963234795,0.0001677229799173207,7008.613446712494
272,278528,442683.4634439498,1.0,1.0,1.0,1.0,1.0,1.0,0.04375000000000018,0.5028482070445155,0.204528586976339,0.5333450128474655,0.46665498715253445,1,4.559566732496023e-05,0.02475449941121042,1.353604245185852,0.02123191056164373,0.9699277877807617,4.133249586820602,0.16917428486049174,0.32498016129818313,0.00016692522943520684,7036.061513185501
273,279552,816166.6793601215,1.0,1.0,1.0,1.0,1.0,1.0,0.031249999999999556,0.5041681516455873,0.2035153161179159,0.5454612546125461,0.45453874538745387,1,0.01777185299433768,0.0491742443293333,1.352867180109024,0.013070048599858098,1.4594698011875153,9.028111708164214,0.224622106179595,0.47213989877040385,0.0001661270052585145,7062.659366130829
274,280576,508334.10970039666,1.0,1.0,1.0,1.0,1.0,1.0,0.028124999999999956,0.5028175018912148,0.2018919767342864,0.5149239838659634,0.4850760161340366,2,-0.0038900933577679098,0.029860832402482627,1.3518358886241912,0.0026700932554245328,0.993763530254364,3.206197130680084,0.199072128161788,0.07873962879456207,0.00016532833040758968,7087.844295978546
275,281600,442665.8722228706,1.0,1.0,1.0,1.0,1.0,1.0,0.03750000000000009,0.5018508210979334,0.2027665785302438,0.5121590438435596,0.48784095615644046,1,0.0012000949122011662,0.02494701510295272,1.3526557326316833,0.02653463227901618,1.037567874789238,5.319814866781234,0.18922578543424606,0.261534169163818,0.0001645292279157756,7113.283252477646
276,282624,816021.4952732176,1.0,1.0,1.0,1.0,1.0,1.0,0.050000000000000266,0.5005248966257805,0.2015508832134288,0.5306909315237508,0.4693090684762492,1,0.022923656040802598,0.048446775693446395,1.3522553145885468,0.01748364084985212,1.020819365978241,13.426341271400451,0.24424648098647594,0.6561000000000001,0.00016372972082874838,7146.175934314728
277,283648,508585.69374156743,1.0,1.0,1.0,1.0,1.0,1.0,0.034375000000000044,0.5008357461484125,0.20202864972785442,0.515766023077802,0.4842339769221981,2,0.002758913906291127,0.027113541634753345,1.3501821041107178,0.017297281535635988,0.9824870228767395,5.282316637039185,0.14579593148082495,0.30883669814197373,0.00016292983220385246,7178.559672117233
278,284672,816540.1406600326,1.0,1.0,1.0,1.0,1.0,1.0,0.04375000000000018,0.5041557412643308,0.20264202224068792,0.5271825522985948,0.4728174477014052,1,0.00641682418063283,0.04902095217257738,1.3488341152668,0.014800613016770514,1.0043750822544097,7.380163705348968,0.24106663446873428,0.3634358562690006,0.00016212958510943563,7205.363250494003
279,285696,508368.7166507952,1.0,1.0,1.0,1.0,1.0,1.0,0.03750000000000031,0.5056731833610433,0.202522112585365,0.5024423421752303,0.4975576578247697,2,0.005538105126470327,0.02897733086720109,1.3468995153903962,0.017491500065181853,0.9731457829475403,8.804551869630814,0.37299441173672676,0.3520062428896749,0.00016132900262418376,7236.773133277893
280,286720,442544.57686473057,1.0,1.0,1.0,1.0,1.0,1.0,0.03750000000000009,0.5066210585904783,0.20383662360337448,0.5225842280636801,0.4774157719363199,1,0.020467084646224976,0.027358626108616592,1.3450799524784087,-0.008684962549313013,91184.00688968897,5.5696573138237,0.22910069599747657,0.3019790160539134,0.00016052810783645513,7269.365998983383
281,287744,816111.2515083924,1.0,1.0,1.0,1.0,1.0,1.0,0.03125,0.5024139427217992,0.20180261369384847,0.5233398584550519,0.47666014154494807,1,0.0416866256040521,0.050377773400396106,1.3446081519126891,-0.011187005530102568,441.6354507476091,7.54283492565155,0.38355663008987906,0.23315550556563164,0.00015972692384361476,7294.688655138016
282,288768,508446.0417884141,1.0,1.0,1.0,1.0,1.0,1.0,0.03125000000000022,0.5030660637246055,0.20209602746854366,0.5130502299468435,0.48694977005315654,2,0.006171831930987537,0.021283987909555435,1.3419886648654937,0.023547472854862583,0.9820970743894577,3.6391241550445557,0.19514497965574265,0.6272862498561058,0.00015892547375136808,7319.332465648651
283,289792,442429.6013927758,1.0,1.0,1.0,1.0,1.0,1.0,0.050000000000000266,0.5020668961424395,0.20289638895872625,0.5236090420364014,0.4763909579635987,1,0.0025155254872515796,0.032621568301692605,1.3387237191200256,0.016954811846317242,1.0381564974784852,4.952322408556938,0.18485790342092515,0.4500436030782013,0.00015812378067309472,7342.554000616074
284,290816,882160.258781366,1.0,1.0,1.0,1.0,1.0,1.0,0.03125000000000022,0.5015986378738931,0.2034816712633116,0.5312941508900819,0.4687058491099181,2,0.0008631607051938772,0.05238927891477942,1.3377405762672425,0.019250909444989618,0.9695541232824325,9.229490196704864,0.2621593542397022,0.9807531343643177,0.000157321867729182,7370.2175352573395
285,291840,442516.57879031263,1.0,1.0,1.0,1.0,1.0,1.0,0.056250000000000355,0.5038849145383968,0.2059492097338254,0.5222725899063161,0.4777274100936839,1,0.011952339904382825,0.033257124945521355,1.335371232032776,0.013017606254551239,1.016835206747055,4.3136594772338865,0.3010420136153698,0.6332730981728446,0.00015651975804635785,7398.680015802383
286,292864,816601.9908875078,1.0,1.0,1.0,1.0,1.0,1.0,0.031250000000000444,0.5050617916254565,0.20490580898882801,0.525489952865294,0.474510047134706,1,0.0174996770452708,0.0556147332303226,1.3304627120494843,0.01758635763914853,1.0388148218393325,8.154805159568786,0.3530507504940033,1.0,0.00015571747475702418,7423.557224750519
287,293888,508112.8065487994,1.0,1.0,1.0,1.0,1.0,1.0,0.034375000000000266,0.5047369820832656,0.2055465037224104,0.5278064205678147,0.4721935794321853,2,0.002350612310692668,0.03244131519459188,1.327366441488266,0.01777816173577378,0.9759257078170777,6.8213845014572145,0.22532736286520957,0.7971615000000003,0.00015491504099858958,7450.768119335175
288,294912,442583.0082598403,1.0,1.0,1.0,1.0,1.0,1.0,0.050000000000000266,0.5043167582971402,0.20660678129851662,0.5168713485155598,0.48312865148444023,1,-0.0018355800944846123,0.0355535825714469,1.3237764716148377,0.010129103330779609,1.035450130701065,4.905687543749809,0.28145518638193606,0.27795302832777635,0.00015411247991280208,7481.128189325333
289,295936,816303.2236151397,1.0,1.0,1.0,1.0,1.0,1.0,0.03125,0.5054435536609561,0.20784555879001035,0.5329590351424413,0.46704096485755875,1,0.022108308784663678,0.03925254121422768,1.3191291332244872,0.01638660471560467,0.9860454857349396,10.572033071517945,0.2633500907570124,0.81,0.00015330981464508174,7507.7080681324005
290,296960,508281.64760837704,1.0,1.0,1.0,1.0,1.0,1.0,0.04375000000000018,0.5047382724133221,0.20636832732284333,0.5179096840220033,0.4820903159779967,2,-0.0009668621234595776,0.02258480559103191,1.3158614456653595,0.015025107753764911,0.9840186357498169,4.825408872961998,0.15274454262107612,0.7720917453549343,0.00015250706834385325,7543.276243209839
291,297984,442659.33480222523,1.0,1.0,1.0,1.0,1.0,1.0,0.02499999999999991,0.49901122362672473,0.2020666092252561,0.5229190018288007,0.47708099817119937,1,-0.001411162642762065,0.034749418357387186,1.3137534976005554,-0.005558949716146344,1.2659588426351547,4.126730012893677,0.2530152417719364,0.15896684353206098,0.00015170426415987812,7578.34219288826
292,299008,882074.9238404296,1.0,1.0,1.0,1.0,1.0,1.0,0.03749999999999987,0.4985136769450248,0.20236308108641848,0.5456352127189754,0.4543647872810246,2,0.01668384587392211,0.05571650378406048,1.3139801800251008,0.024273888986975578,0.9985064417123795,12.418877440690995,0.41628842130303384,0.7174453500000003,0.0001509014252455873,7606.6373727321625
293,300032,442541.15618538484,1.0,1.0,1.0,1.0,1.0,1.0,0.025000000000000355,0.4983324776336418,0.20253906791021004,0.5221646181627542,0.4778353818372459,1,-0.0027203939389437437,0.02207353450357914,1.3126511216163634,0.010687109709286524,0.9644556432962418,3.7019221395254136,0.286067683622241,0.3431518868244152,0.00015009857475441332,7633.048974275589
294,301056,816574.7636788785,1.0,1.0,1.0,1.0,1.0,1.0,0.04375000000000018,0.500991446183108,0.20473970392595256,0.5260007482229705,0.47399925177702956,1,0.0008113047573715448,0.04505795119330287,1.30881826877594,0.023359195137612688,0.973233163356781,6.890571796894074,0.250767607241869,0.5065693941273723,0.0001492957358401225,7660.408141613007
295,302080,507985.703698206,1.0,1.0,1.0,1.0,1.0,1.0,0.03750000000000009,0.5026688825204595,0.20353278465607139,0.5577674555776746,0.44223254442232546,2,0.010694076912477613,0.024870726512745023,1.306178230047226,0.014668098856403234,0.9849038928747177,9.22422958612442,0.1594009032472968,0.47829690000000014,0.00014849293165614737,7685.955179452896
296,303104,442629.4025354497,1.0,1.0,1.0,1.0,1.0,1.0,0.03750000000000009,0.5041652234929709,0.20412673831800512,0.5211135805357352,0.4788864194642648,1,0.0013717818015720694,0.021004541777074337,1.3047556221485137,0.0134655162112594,0.9703771114349365,5.008224636316299,0.2016768168658018,0.3431518868244153,0.00014769018535491885,7711.522125244141
297,304128,816391.5399396599,1.0,1.0,1.0,1.0,1.0,1.0,0.04375000000000018,0.502691994457362,0.2020468377281548,0.5217362000404394,0.47826379995956053,1,0.007774330407846719,0.07319090031087398,1.3030573070049285,0.02171279495199343,0.9847378969192505,12.393271017074586,0.28447644114494325,0.8309004487174227,0.00014688752008719852,7736.479535579681
298,305152,508259.22839719057,1.0,1.0,1.0,1.0,1.0,1.0,0.040625000000000355,0.5058209687841825,0.20209311204177813,0.5221766440199974,0.4778233559800026,2,-0.002280056441668421,0.030973197799175976,1.3014319956302642,0.00598221735141351,1.0045785665512086,6.678509765863419,0.2171719465404749,0.19008337116042454,0.00014608495900141102,7762.986576795578
299,306176,442660.5832647737,1.0,1.0,1.0,1.0,1.0,1.0,0.04375000000000018,0.5042758011168677,0.20210946015514855,0.504334402090013,0.49566559790998693,1,0.0054528973356354985,0.030405251821503044,1.3018928825855256,0.017023169676093096,0.9746446460485458,6.575006058812141,0.28877392821013925,0.3728136000665597,0.00014528252524297641,7789.152994155884
300,307200,882067.2518246695,1.0,1.0,1.0,1.0,1.0,1.0,0.04062500000000013,0.5049742949828003,0.20193481302480526,0.5485705843244442,0.4514294156755559,2,0.008965113945305348,0.04837618647143245,1.3023897409439087,0.023217581852342482,1.0114138692617416,17.24184695482254,0.20646140519529582,0.6561000000000001,0.00014448024195364275,7815.570016622543
301,308224,442558.2714936137,1.0,1.0,1.0,1.0,1.0,1.0,0.03125,0.5017417815944575,0.20122543151945801,0.5120084765716977,0.4879915234283023,1,0.014246702659875154,0.03000878873281181,1.3009352207183837,0.013170011596344722,0.9973423987627029,9.751601421833039,0.21700578667223452,0.7290000000000001,0.0001436781322708186,7842.045852184296
302,309248,750611.1138443835,1.0,1.0,1.0,1.0,1.0,1.0,0.03125,0.5025548363852963,0.20083114648107758,0.5316385911179173,0.4683614088820827,1,0.019458902534097433,0.04197995560243726,1.2986843526363372,0.019029059383105108,1.0165958017110825,12.432528233528137,0.22490748018026352,0.8716961002500004,0.00014287621932690585,7870.50515460968
303,310272,574251.6374234902,1.0,1.0,1.0,1.0,1.0,1.0,0.034375000000000266,0.4993159382050454,0.19981292248646493,0.5335479716677398,0.4664520283322601,2,0.0037121559493243695,0.04347658790647983,1.2965071260929109,0.006742387666328398,1.0171831369400024,3.979201835393906,0.29225325509905814,0.22157345299131273,0.00014207452624863252,7896.838581562042
304,311296,486798.60294780135,1.0,1.0,1.0,1.0,1.0,1.0,0.03125,0.5004955650257645,0.19994343518552393,0.5282687514162702,0.4717312485837299,1,-0.005874413484707475,0.038577575050294396,1.2942122995853425,0.0173748883330866,0.9535934031009674,3.47917203605175,0.30351636558771133,0.161527047230667,0.00014127307615638586,7923.236980676651
305,312320,815991.7519748211,1.0,1.0,1.0,1.0,1.0,1.0,0.03125,0.5001542282881697,0.20010347703574008,0.5444600718862322,0.45553992811376776,1,0.005103620840236545,0.03900768058374524,1.2924624264240265,0.027372210693099853,0.9707239389419555,15.924711918830871,0.20563970543444157,0.48286178722863515,0.00014047189216354546,7949.528151988983
306,313344,464393.1008270718,1.0,1.0,1.0,1.0,1.0,1.0,0.03749999999999987,0.49856839053409924,0.19973198641291334,0.5263926052055461,0.4736073947944539,2,0.010079886193852871,0.027524065086618067,1.290545916557312,0.011166912575507837,2.270390260219574,4.564518439769745,0.15595634523779153,0.22729071791895117,0.00013967099737581683,7975.483863592148
307,314368,684718.8880077004,1.0,1.0,1.0,1.0,1.0,1.0,0.018750000000000266,0.5002841342817564,0.20001616626811028,0.5246713435123505,0.4753286564876496,1,0.023025434603914617,0.032627254538238046,1.2888942241668702,-0.058371507987737915,622898.5143253952,8.766054332256317,0.1430159728974104,0.25418658283290013,0.00013887041489056494,8002.716823577881
308,315392,639942.9311352968,1.0,1.0,1.0,1.0,1.0,1.0,0.03125,0.5011436275934493,0.20119913792556546,0.5493618330001537,0.4506381669998462,2,0.021329380141105504,0.03666240386664867,1.2867720663547515,-0.013400027967360995,275099.56749892235,4.2340627074241635,0.2575741719454527,0.0523347633027361,0.0001380701677961481,8028.889625310898
309,316416,442633.19890288264,1.0,1.0,1.0,1.0,1.0,1.0,0.025000000000000355,0.4999603718420211,0.20095214588254914,0.5284087624992775,0.4715912375007225,1,-0.003105431725271046,0.02341429074294865,1.285570853948593,0.018913361159033214,1.0056258350610734,3.0501318156719206,0.1444069728255272,0.06158701225597753,0.0001372702791712522,8054.505244016647
310,317440,816523.7638246119,1.0,1.0,1.0,1.0,1.0,1.0,0.04375000000000018,0.497793896859074,0.1993555624637642,0.5367267229431775,0.4632732770568225,1,0.01761876130476594,0.08957629501819611,1.2834682703018188,-0.020534845921693544,660811.1060019344,4.714703589677811,0.40639076866209506,0.3302140540549542,0.00013647077208422495,8081.539211273193
311,318464,508143.42738091573,1.0,1.0,1.0,1.0,1.0,1.0,0.03749999999999987,0.4955727810185552,0.19892735869004258,0.5222929936305732,0.47770700636942676,2,0.017848771973513068,0.03346554050222039,1.283538031578064,-0.005811380048712888,432673.6406107962,3.647402411699295,0.3347768925130367,0.11331357570489692,0.00013567166959241086,8107.674932956696
312,319488,442641.3279992789,1.0,1.0,1.0,1.0,1.0,1.0,0.03750000000000009,0.4986830537992543,0.19980235498602797,0.517903568896242,0.482096431103758,1,0.0009317067917436362,0.020822485163807868,1.2839544653892516,0.019477699657421854,0.9868423283100128,3.2900645941495896,0.2650886423885822,0.22224375460651913,0.00013487299474148606,8133.279065608978
313,320512,816221.7017116547,1.0,1.0,1.0,1.0,1.0,1.0,0.02499999999999991,0.5021072021678947,0.20100334243314538,0.5492725578728589,0.4507274421271411,1,0.006610912969335914,0.049301880318671464,1.283087384700775,0.019532879591686304,0.9915461510419845,8.611459052562713,0.2595318052917719,0.6643656179541179,0.00013407477056479373,8159.052876472473
314,321536,508459.46395534277,1.0,1.0,1.0,1.0,1.0,1.0,0.04375000000000018,0.5023794206626189,0.2016115441982539,0.5185580457725601,0.4814419542274398,2,0.001892941544065252,0.02466429742053151,1.281737732887268,0.012875025055104673,0.9887454360723495,4.590658634901047,0.1246522331610322,0.3474749509864717,0.00013327702008267988,8185.1492483615875
315,322560,684672.6318106949,1.0,1.0,1.0,1.0,1.0,1.0,0.03125,0.5008773554356225,0.19940190837319566,0.5101107366393838,0.4898892633606163,1,0.005435694474726915,0.034540813975036146,1.2806509912014008,0.019104056713471707,0.9846322625875473,6.172786730527878,0.17178996037691832,0.9348535793502077,0.0001324797663018294,8213.753706932068
316,323584,640071.6453226805,1.0,1.0,1.0,1.0,1.0,1.0,0.02499999999999969,0.5021440169378806,0.20090450794286083,0.5374110953058322,0.46258890469416786,2,0.005641040438786149,0.03359414800070226,1.2786399126052856,-0.008896304786467368,1.4550133645534515,4.071187961101532,0.2453870989382267,0.17323025561563418,0.00013168303221460274,8239.380236387253
317,324608,442550.6192247085,1.0,1.0,1.0,1.0,1.0,1.0,0.018749999999999822,0.5036024078765476,0.20295865430134474,0.5057084485037856,0.4942915514962144,1,-0.004675822844728827,0.022544238390401004,1.2758857786655426,0.018646498425927405,0.9766584753990173,2.9825027108192446,0.2118919041007757,0.12428324137074814,0.00013088684079837242,8265.766559362411
318,325632,816379.5392937958,1.0,1.0,1.0,1.0,1.0,1.0,0.037499999999999645,0.5055560173883691,0.2043874666462959,0.5316667783660612,0.46833322163393876,1,0.012238734832499177,0.04814844448119402,1.2745332181453706,0.01522036269539968,0.9934669762849808,6.187112760543823,0.2584720619022846,0.296166866507128,0.00013009121501486083,8291.78197836876
319,326656,508235.64017759264,1.0,1.0,1.0,1.0,1.0,1.0,0.028124999999999956,0.5062092234390386,0.20613730029349855,0.5113889252519963,0.4886110747480037,2,-0.004139133263379335,0.02425641971640289,1.271741271018982,0.011345095937817361,0.9796950221061707,3.1005256146192552,0.2419073950499296,0.10326700102301035,0.00012929617780947774,8317.888760566711
320,327680,442535.9793598354,1.0,1.0,1.0,1.0,1.0,1.0,0.03750000000000053,0.5076939342373092,0.20962787790876872,0.50178923988154,0.49821076011846,1,-0.0015820872038602829,0.032596589997410774,1.2681846797466279,0.022747837586509556,0.9624910444021225,2.9014125049114226,0.21588055994361638,0.16669896680790905,0.00012850175211065866,8344.12210059166
321,328704,816242.9006695747,1.0,1.0,1.0,1.0,1.0,1.0,0.04375000000000018,0.5090833481607342,0.20818126107967289,0.5217453301012406,0.4782546698987594,1,0.019246026314795016,0.04187791245058179,1.2675200343132018,0.012552885026302363,1.0024004340171815,9.421861004829406,0.21377880610525607,0.34867844010000015,0.0001277079608292036,8371.440366268158
322,329728,508420.2481387794,1.0,1.0,1.0,1.0,1.0,1.0,0.04062499999999991,0.511508535142992,0.20672903158357245,0.516537140791614,0.48346285920838605,2,-0.005487992591224611,0.02640889324247837,1.2652361392974854,0.01249824071026584,0.9681039601564407,5.87148579955101,0.2345217125490308,0.16677181699666577,0.00012691482685761626,8397.940469741821
323,330752,816638.7635021694,1.0,1.0,1.0,1.0,1.0,1.0,0.04375000000000018,0.5113762025531219,0.20655102197857494,0.5071118611378977,0.4928881388621022,1,-0.0034783745650202036,0.046422356460243466,1.262601411342621,0.026248928147477278,0.9564084857702255,5.496473830938339,0.2413173669949174,0.4103212092431716,0.000126122373069444,8424.687158823013
324,331776,508028.1861832142,1.0,1.0,1.0,1.0,1.0,1.0,0.046875,0.5122210116016307,0.20626456812120408,0.5186301959939694,0.4813698040060306,2,-0.005161591980140656,0.02520779534243047,1.2603348076343537,0.012521857408053982,0.9703986555337906,2.9665642231702805,0.15599940530955791,0.2180615137614004,0.00012533062231861796,8449.617978334427
325,332800,442321.20288293064,1.0,1.0,1.0,1.0,1.0,1.0,0.043749999999999734,0.5147315081067527,0.20758343576008453,0.516078121917538,0.483921878082462,1,-0.004733432456851006,0.030917018279433252,1.2591957926750184,0.017854670191837306,0.9859920501708984,3.3758415281772614,0.12501749452203512,0.15896684353206092,0.00012453959743879416,8475.63780450821
326,333824,816637.1146148918,1.0,1.0,1.0,1.0,1.0,1.0,0.050000000000000266,0.5096847082866318,0.2039147231827791,0.5161798569870318,0.4838201430129681,1,0.008198001608252525,0.057228753343224525,1.2572441518306732,0.01866076891030808,1.0677536934614182,5.884290623664856,0.36766432970762253,0.5811307335000002,0.0001237493212426948,8501.498034954071
327,334848,508102.7068453729,1.0,1.0,1.0,1.0,1.0,1.0,0.040625000000000355,0.509721782543161,0.2044803989690569,0.5301802431186251,0.4698197568813749,2,-0.008599902596324682,0.028925143368542194,1.2552054166793822,0.01602533259145762,0.9773378282785415,4.566289097070694,0.22450997326523064,0.25015772549499865,0.0001229598165214505,8527.171482563019
328,335872,442656.26040899754,1.0,1.0,1.0,1.0,1.0,1.0,0.03750000000000053,0.5086768357110356,0.2044895438620674,0.507625781569567,0.492374218430433,1,-0.003609807009343058,0.028753950167447327,1.2541161954402924,0.019703096465197235,0.9679743975400925,4.555088102817535,0.18762134462594987,0.36928908831885443,0.0001221711060439431,8553.975334882736
329,336896,816274.7671110034,1.0,1.0,1.0,1.0,1.0,1.0,0.03125,0.5082129477968274,0.20526453768785782,0.5271198318149964,0.4728801681850035,1,0.005696918582543731,0.058409588783979415,1.252305555343628,0.017961571200958204,0.9864697933197022,11.768663763999939,0.25588896945118905,0.3576753979471369,0.00012138321255614854,8581.383559942245
330,337920,508354.7867658809,1.0,1.0,1.0,1.0,1.0,1.0,0.04375000000000018,0.5056257033070367,0.20323879435407075,0.515572209595184,0.48442779040481604,2,0.0025461286888457833,0.025357320439070463,1.251398628950119,0.019786104527331892,0.9711466401815414,5.271925967931748,0.2165384804829955,0.38491882659985943,0.00012059615878048166,8607.364995002747
331,338944,596762.7438142002,1.0,1.0,1.0,1.0,1.0,1.0,0.050000000000000266,0.5047249259632308,0.20373256873913384,0.5148571756997529,0.48514282430024713,1,-0.00326983779668808,0.03077044999226928,1.2507429361343383,0.021190260139670514,0.9724841713905334,7.064172691106796,0.15250659193843602,0.3409360768784266,0.00011980996741514009,8635.18993139267
332,339968,727979.2488165945,1.0,1.0,1.0,1.0,1.0,1.0,0.03437500000000049,0.5033810250444206,0.2037719193588013,0.5378386559709399,0.46216134402906006,2,-0.0037660865113139153,0.06184270326048136,1.2504768252372742,0.015118013555289078,0.9809122562408448,7.43739894926548,0.3245806448161602,0.19812843243297246,0.00011902466113345025,8662.335120677948
333,340992,442688.002304608,1.0,1.0,1.0,1.0,1.0,1.0,0.037499999999999645,0.5035254208981915,0.20306308222825195,0.5033229196251066,0.4966770803748935,1,-0.0020758419414050877,0.02467171000316739,1.2503550946712494,0.020910661951090502,0.9695759057998657,6.1279327988624575,0.22188979536294937,0.29248214516836474,0.00011824026258321325,8689.263140678406
334,342016,816373.671913635,1.0,1.0,1.0,1.0,1.0,1.0,0.03750000000000009,0.5073847686385015,0.20013454183362747,0.5126163810551883,0.48738361894481175,1,0.011798292212188245,0.042345506604760885,1.2502321600914001,0.007196731861514605,1.9155525594949723,9.67447088956833,0.4230188861489296,0.38742048900000015,0.0001174567943860515,8715.78117775917
335,343040,508360.75424375385,1.0,1.0,1.0,1.0,1.0,1.0,0.040625000000000355,0.5070437418871917,0.2003051045399654,0.4935411750093156,0.5064588249906844,2,0.005433424422517419,0.01996825330425054,1.2493202447891236,0.02366544821364016,0.9629847049713135,9.046567583084107,0.13853206783533095,0.6253943137374968,0.00011667427913675681,8741.524295568466
336,344064,596759.8820966184,1.0,1.0,1.0,1.0,1.0,1.0,0.02499999999999991,0.507561179833532,0.20006728220394343,0.5082706766917293,0.4917293233082707,1,0.0009902154095470905,0.03111647763289511,1.24853196144104,0.010493402195427581,0.9928200155496597,10.66233845949173,0.23445355482399463,0.44157456536683587,0.00011589273940263826,8767.080552339554
337,345088,728039.8117191792,1.0,1.0,1.0,1.0,1.0,1.0,0.04062500000000013,0.5061716073307911,0.19951721209379666,0.5460930640913082,0.45390693590869186,2,0.009659286867827178,0.03562548691406846,1.2478101432323456,0.021695714197186432,0.9774765998125077,9.252278590202332,0.20689160153269767,0.7920140465017689,0.00011511219772287183,8793.697739839554
338,346112,442655.05949799716,1.0,1.0,1.0,1.0,1.0,1.0,0.043749999999999734,0.5082056474921595,0.199449180824696,0.5080510186414267,0.49194898135857335,1,0.005018159653991461,0.02401808211579919,1.246475625038147,0.008768641469524852,0.9952460110187531,5.9569197535514835,0.16273427475243807,0.3068424691905841,0.00011433267660784991,8819.464850187302
339,347136,816374.0311899483,1.0,1.0,1.0,1.0,1.0,1.0,0.025000000000000355,0.5064633756616235,0.20084342296154473,0.5270315988903174,0.47296840110968263,1,0.003650234400993213,0.055362310633063315,1.2453391134738923,-0.04753365086830534,198.10594897568225,11.656504154205322,0.21217492334544658,0.3553658063795634,0.00011355419853853266,8845.50270986557
340,348160,508279.92193704844,1.0,1.0,1.0,1.0,1.0,1.0,0.0281250000000004,0.5091172067074294,0.20226751013137131,0.5231238243497438,0.4768761756502562,2,0.0019015819649212061,0.019127412559464575,1.2446322917938233,0.017460776423789605,0.9778429567813873,11.358392918109894,0.1688371602445841,0.3441899862036245,0.0001127767859657991,8872.120320796967
341,349184,442705.49956217967,1.0,1.0,1.0,1.0,1.0,1.0,0.03750000000000009,0.5097363701226129,0.20527095340430326,0.517243381328379,0.482756618671621,1,-3.9736717008054255e-05,0.021816279366612436,1.2442644476890563,0.01893080830713103,0.9963821768760681,7.645197534561158,0.14307815246284009,0.3000290687188008,0.00011200046130980012,8898.145611524582
342,350208,816043.7210136354,1.0,1.0,1.0,1.0,1.0,1.0,0.05624999999999991,0.5093935861728826,0.20571089291571845,0.5226939970717424,0.4773060029282577,1,0.009568164777010679,0.04620350627228618,1.243162214756012,0.009107307725241754,1.3037639528512954,8.92832043170929,0.22969609275460243,0.261534169163818,0.0001112252469593115,8923.823307991028
343,351232,508559.146068234,1.0,1.0,1.0,1.0,1.0,1.0,0.04375000000000018,0.5086434517859802,0.20610342291042943,0.4941910376008699,0.5058089623991301,2,0.015412679372821004,0.02160153412260115,1.2416027426719665,0.02481471126779198,0.9811593025922776,8.050921609997749,0.19824684858322145,1.0,0.00011045116527108863,8949.659255981445
344,352256,816569.925850302,1.0,1.0,1.0,1.0,1.0,1.0,0.031250000000000444,0.507290871796133,0.2036500835960602,0.5146581836327345,0.4853418163672655,1,0.000709791574627161,0.044423569738864896,1.2397606194019317,0.013927451916704924,0.9803066611289978,7.7782530128955845,0.15687841698527336,0.5811307335000002,0.00010967823856922143,8975.116250514984
345,353280,508144.9564962089,1.0,1.0,1.0,1.0,1.0,1.0,0.03437499999999982,0.5090478179640266,0.2053669603949485,0.5200407608695652,0.47995923913043476,2,0.004455281980335712,0.024598361784592272,1.2385316014289856,0.012920033697467304,0.9798507153987884,9.218918550014497,0.13552814573049546,0.5065693941273723,0.00010890648914449058,9001.264940738678
346,354304,442569.5073212385,1.0,1.0,1.0,1.0,1.0,1.0,0.04375000000000018,0.5087016818639191,0.20539521688364343,0.523219252630306,0.47678074736969406,1,-0.0007520420243963599,0.027484051999635994,1.2376662015914917,0.01326672564423852,0.9832195311784744,7.687482225894928,0.1574911145493388,0.24229057084600045,0.00010813593925372492,9028.337752342224
347,355328,816245.0117633343,1.0,1.0,1.0,1.0,1.0,1.0,0.03750000000000009,0.5107018777702854,0.20693101376365383,0.5343300503082264,0.46566994969177355,1,0.0030486580915749075,0.04706182610243559,1.2373018741607666,0.024135893885947758,0.9778809458017349,10.93991823196411,0.15964572839438915,0.7242926808429526,0.00010736661111915916,9054.970826625824
348,356352,508405.2872660011,1.0,1.0,1.0,1.0,1.0,1.0,0.034375000000000044,0.5114963143116178,0.2070496438748721,0.5108005082592122,0.4891994917407878,2,-0.004851525975391268,0.021025111665949225,1.235639852285385,0.00888718118083176,0.9691977471113205,5.012210649251938,0.1387718661688268,0.20456164612705602,0.0001065985269277935,9081.300019741058
349,357376,486577.2836602032,1.0,1.0,1.0,1.0,1.0,1.0,0.04375000000000018,0.5098040150319537,0.2063293022766712,0.4994739122361825,0.5005260877638176,1,0.010940599068999291,0.028275745268911124,1.2338856697082519,0.021486178716586757,1.0079278558492661,17.434637439250945,0.16927277781069278,0.44578897297418824,0.00010583170883075319,9108.16558790207
350,358400,838026.4156951122,1.0,1.0,1.0,1.0,1.0,1.0,0.03125,0.5083185532147978,0.20563028945361783,0.5408064395915629,0.45919356040843706,2,0.012864765478298068,0.03832965986803174,1.2327188014984132,-0.006553748660977021,105073.41696142852,10.543042278289795,0.19938062876462936,0.2832839392622424,0.00010506617894265036,9134.247210741043
351,359424,442644.1720061451,1.0,1.0,1.0,1.0,1.0,1.0,0.03750000000000009,0.5069402033223506,0.20608986072550073,0.5045451946715453,0.49545480532845465,1,0.010596963902935385,0.021327842120081188,1.2308119595050813,0.004073342737181918,237.0325839936733,7.566608673334121,0.12287646178156138,0.3000290687188008,0.0001043019593409456,9162.768764972687
352,360448,816474.3563689664,1.0,1.0,1.0,1.0,1.0,1.0,0.025000000000000355,0.5069682500678558,0.20604751120414336,0.5150831507025913,0.4849168492974088,1,0.025054846052080394,0.046931388694792985,1.2290926933288575,0.02138553452106464,1.0354807555675507,13.979392099380494,0.27874097116291524,0.5230176601500003,0.00010353907206531179,9189.558194875717
353,361472,507955.780702997,1.0,1.0,1.0,1.0,1.0,1.0,0.034375000000000044,0.508945719156566,0.207830657589402,0.5289318628191569,0.471068137180843,2,0.024739697284530848,0.031463561672717334,1.2277892053127288,0.006096713625947814,1.674585822224617,10.480030858516693,0.2050866335630417,0.5539336324782819,0.00010277753911699807,9216.321671962738
354,362496,442681.6275037974,1.0,1.0,1.0,1.0,1.0,1.0,0.02499999999999991,0.5080070379665719,0.2088839914723966,0.5183354408552707,0.4816645591447293,1,0.0055848967749625444,0.021719646640121937,1.2269728124141692,0.02406021876928368,0.9775763273239135,11.846065855026245,0.16007494945079087,0.9935427720753809,0.00010201738245819564,9242.851520061493
355,363520,816376.5384404734,1.0,1.0,1.0,1.0,1.0,1.0,0.024999999999999467,0.508763822234217,0.2091781691967896,0.5351725063766949,0.46482749362330517,1,0.036872351355850694,0.05692081395536661,1.2261789858341217,0.02992867780407309,0.9861509770154953,25.83430528640747,0.26430093850940467,1.0,0.00010125862401140433,9268.960017204285
356,364544,508046.4797451496,1.0,1.0,1.0,1.0,1.0,1.0,0.04062499999999991,0.5086853703706271,0.2093447683192062,0.5181424412412128,0.48185755875878716,2,-0.0013260664884001017,0.022767415130510928,1.2250490009784698,0.008917819064299514,0.9862664729356766,8.118764412403106,0.11735384613275528,0.31381059609000017,0.00010050128565880009,9295.75889492035
357,365568,442709.28144830465,1.0,1.0,1.0,1.0,1.0,1.0,0.03750000000000009,0.5090924387389637,0.20905407942060986,0.5090919487648673,0.49090805123513265,1,-0.0017639865982346237,0.022138363867998122,1.224422925710678,0.021224559132551234,0.9720402598381043,6.726848536729813,0.1710169343277812,0.46325504721296046,9.974538924160438e-05,9322.714080810547
358,366592,816238.9615785778,1.0,1.0,1.0,1.0,1.0,1.0,0.050000000000000266,0.5074455834377337,0.20783470680875177,0.5246913580246914,0.47530864197530864,1,0.04298978422302753,0.051815273426473143,1.2249665677547454,-0.03735120306172348,8630.739395976067,19.173878383636474,0.2584294967353344,0.42364430472150016,9.899095655945381e-05,9348.384150505066
359,367616,508383.5479988679,1.0,1.0,1.0,1.0,1.0,1.0,0.021874999999999867,0.5074753582579457,0.20760675368658119,0.49902104747919723,0.5009789525208027,2,0.01308522573672235,0.024328540172427894,1.2248257160186768,0.018900256435665598,0.9728303581476212,15.249640130996704,0.21753239445388317,0.8309004487174226,9.823800936977188e-05,9373.795053720474
360,368640,750693.6659222245,1.0,1.0,1.0,1.0,1.0,1.0,0.03750000000000009,0.5080510784316298,0.20649274360618977,0.5041708572442761,0.4958291427557238,1,0.0029553398955613373,0.03802471049129963,1.2245535612106324,0.015195909003278007,0.9737590432167054,12.025924026966095,0.22417178768664597,0.35767539794713715,9.748656938714112e-05,9400.009541034698
361,369664,574099.6279067621,1.0,1.0,1.0,1.0,1.0,1.0,0.034375000000000266,0.5088680511570391,0.20532810625866185,0.5275049115913556,0.4724950884086444,2,-0.001115689380094409,0.03377115549519658,1.2239374041557312,0.00886015188622764,1.0215897858142853,8.72879554629326,0.2509758483618498,0.1539675306399439,9.673665828267725e-05,9425.507348537445
362,370688,442481.84461236,1.0,1.0,1.0,1.0,1.0,1.0,0.05000000000000071,0.5109106509162654,0.2076684158113573,0.5118604073522106,0.4881395926477894,1,0.0006425636820495129,0.040182027500122786,1.2229924201965332,0.019903740736924646,0.9863504737615585,10.760920917987823,0.37023217156529425,0.22368816003993583,9.598829768340373e-05,9451.207888841629
363,371712,816431.9776939638,1.0,1.0,1.0,1.0,1.0,1.0,0.02499999999999991,0.5089202091724125,0.2067760189837494,0.5248254971684446,0.4751745028315554,1,0.016329581453464925,0.05967210941016674,1.2227733433246613,0.024823611635610376,0.983581617474556,22.262672781944275,0.2981335584074259,0.5904900000000002,9.524150917162852e-05,9477.539473295212
364,372736,508246.95380473137,1.0,1.0,1.0,1.0,1.0,1.0,0.04062500000000013,0.5098493729859507,0.20797490606415983,0.5114063512637719,0.4885936487362281,2,-0.0013766834046691657,0.02681296207010746,1.222138375043869,0.019092764032856736,0.9708457380533219,7.278076088428497,0.15736553091555833,0.31381059609000017,9.449631428432138e-05,9503.855787277222
365,373760,596771.6105106771,1.0,1.0,1.0,1.0,1.0,1.0,0.04375000000000018,0.5107332453125261,0.2087836011695729,0.4984513020534588,0.5015486979465412,1,0.0047706408658996224,0.03250443721190095,1.2214242815971375,0.018929646666677513,0.9866633385419845,13.087573850154877,0.1864076007157564,0.4103212092431716,9.37527345124927e-05,9529.110686540604
366,374784,727978.6312341541,1.0,1.0,1.0,1.0,1.0,1.0,0.02187500000000009,0.5100232720580856,0.20924525305842814,0.5328670276774969,0.467132972322503,2,-0.0010098043596372009,0.03819635920226574,1.2208798229694366,0.014621637555721812,0.9828577309846878,13.252285754680633,0.17171688210219144,0.2943830435778906,9.301079130057405e-05,9553.911623477936
367,375808,442603.4523601681,1.0,1.0,1.0,1.0,1.0,1.0,0.04375000000000018,0.5134689985582614,0.2093420786793275,0.5053092182030339,0.4946907817969662,1,0.0007603361736983061,0.025809646351262927,1.220285314321518,0.01999993872787691,0.9632268458604812,6.86086753308773,0.14442627131938934,0.3520062428896749,9.227050604579923e-05,9579.169426679611
368,376832,816487.6445672214,1.0,1.0,1.0,1.0,1.0,1.0,0.03750000000000009,0.514570695098205,0.210579244864903,0.5163267940113577,0.4836732059886422,1,0.005825427593663335,0.04310112223029137,1.2193312525749207,0.02148333452641964,0.9718835651874542,18.016701793670656,0.24533775709569455,0.6313631053304198,9.15319000975878e-05,9604.689383029938
369,377856,508342.7465055436,1.0,1.0,1.0,1.0,1.0,1.0,0.028124999999999956,0.5130985089683939,0.21013525424703383,0.4941454907822621,0.5058545092177379,2,-0.003261776058934629,0.01895350837148726,1.2187628984451293,0.01506546268677944,0.9713935434818268,8.509793895483018,0.1562542336061597,0.4076716716727832,9.079499475692871e-05,9631.545934915543
370,378880,486654.1253486946,1.0,1.0,1.0,1.0,1.0,1.0,0.03750000000000009,0.5121344287284624,0.2105494272708906,0.5087750716332379,0.4912249283667622,1,0.015674891555681823,0.031357486918568614,1.217662900686264,0.024489166788848847,1.0061385780572891,9.356769323348999,0.24983657505363227,1.0,9.005981127576663e-05,9657.067486763
371,379904,838127.0053940713,1.0,1.0,1.0,1.0,1.0,1.0,0.04062500000000013,0.5093944740491139,0.20892228055118936,0.5266497461928934,0.4733502538071066,2,0.01293744808062911,0.04148936765268445,1.2163886964321136,0.009617415938154749,1.0005334585905075,13.508576798439027,0.18235256895422935,0.9,8.932637085638846e-05,9682.350825548172
372,380928,442480.6291781254,1.0,1.0,1.0,1.0,1.0,1.0,0.03125,0.5096267908866813,0.20723334343771505,0.5141378673073369,0.4858621326926631,1,-0.0027518996503204107,0.0260035315528512,1.215958845615387,-0.00997786477594067,20719.07174411714,10.16564862728119,0.10478978492319584,0.4169295424916645,8.859469465081243e-05,9707.946699619293
373,381952,816520.4132747799,1.0,1.0,1.0,1.0,1.0,1.0,0.018749999999999822,0.5099007189887815,0.20851432346579254,0.5251016776817489,0.47489832231825113,1,0.006026255991309881,0.04718212857842445,1.215788233280182,0.031639372878410746,0.9601544886827469,17.187153148651124,0.19224135130643843,0.7598540911910585,8.786480376017762e-05,9733.778908967972
374,382976,508305.5410078764,1.0,1.0,1.0,1.0,1.0,1.0,0.034375000000000044,0.5101945050825903,0.20713389817394554,0.5041285569105691,0.4958714430894309,2,0.007743969801231288,0.021192317735403775,1.215906035900116,0.01919428028186928,0.9867241203784942,17.9679372549057,0.13484816057607532,0.7359576089447263,8.71367192341356e-05,9768.70474910736
375,384000,442666.91484232247,1.0,1.0,1.0,1.0,1.0,1.0,0.04375000000000018,0.5073035061511135,0.2065913853735924,0.5151246602859506,0.4848753397140494,1,0.009458425920456648,0.03376710913144052,1.216016125679016,-0.09776897504346635,2152739.302619594,5.230274137854576,0.2517531100660563,0.0894752640159743,8.641046207024362e-05,9802.846273183823
376,385024,816020.5920015126,1.0,1.0,1.0,1.0,1.0,1.0,0.03750000000000009,0.5101546119759662,0.20747247533558755,0.5420776818742293,0.45792231812577067,1,0.03933797352365218,0.05457542147487402,1.2152359306812286,-0.03223375101584054,2767.4064668893816,19.47771544456482,0.18417025096714496,0.38742048900000015,8.568605321335849e-05,9835.165701389313
377,386048,508343.1040827371,1.0,1.0,1.0,1.0,1.0,1.0,0.03125,0.5088299446792199,0.20854915242435396,0.5106605866403746,0.48933941335962533,2,0.020310535142198206,0.02353904009796679,1.2147015452384948,0.013771449602643138,0.9971573531627655,17.518340873718262,0.12804661523550748,0.6561000000000001,8.496351355503314e-05,9869.555357456207
378,387072,486609.18655848503,1.0,1.0,1.0,1.0,1.0,1.0,0.04375000000000018,0.5061071168695483,0.20805776385931873,0.5017648490749756,0.49823515092502435,1,-0.0006802064832299948,0.031002818420529366,1.2139498233795165,0.011796419194714414,0.9773317873477936,4.569347721338272,0.13921992033720015,0.1853020188851842,8.424286393291361e-05,9895.439361810684
379,388096,772040.0020214021,1.0,1.0,1.0,1.0,1.0,1.0,0.03750000000000009,0.5080441129450232,0.20803225760443522,0.5385569247461831,0.46144307525381695,1,0.0006936017889529467,0.04918218245729804,1.2137923896312715,0.023485184172875505,0.9792668730020523,15.927403604984283,0.29954989105463026,0.6838686820719525,8.352412513013856e-05,9921.720439910889
380,389120,508529.70855230093,1.0,1.0,1.0,1.0,1.0,1.0,0.034375000000000266,0.5084880060216445,0.20898719540712699,0.5142675232968686,0.48573247670313136,2,0.001484395080478862,0.025305887265130878,1.213579922914505,0.013988740071890594,0.9723884016275406,9.977101960778237,0.2083578873425722,0.23845026529809132,8.280731787473942e-05,9947.691413879395
381,390144,816592.6924378872,1.0,1.0,1.0,1.0,1.0,1.0,0.025000000000000355,0.5080269799804407,0.20999164068235085,0.5294627919945474,0.4705372080054526,1,0.007110704062506556,0.05079983631148934,1.21376331448555,0.02388584220350971,0.9779303580522537,9.552121531963348,0.22535150619223715,0.866067359849684,8.209246283904313e-05,9973.968076944351
382,391168,508036.3851217963,1.0,1.0,1.0,1.0,1.0,1.0,0.04999999999999982,0.5063445900186379,0.2089609992383813,0.5242878668293033,0.4757121331706967,2,0.014907791232690214,0.028109271172434093,1.2131892561912536,-0.0004324421119925148,1.7191925793886185,9.272409427165986,0.22511876188218594,0.21665344086545546,8.137958063907543e-05,10000.502516269684
383,392192,442581.873445645,1.0,1.0,1.0,1.0,1.0,1.0,0.031250000000000444,0.5035822997584039,0.20684735289929262,0.5019293558919561,0.4980706441080439,1,0.00031439591257367285,0.028179903887212275,1.2118668794631957,0.01547923846041499,1.0108571648597717,8.203186529874802,0.1499627221375704,0.125903973005441,8.06686918339668e-05,10027.090493440628
384,393216,816402.4811902195,1.0,1.0,1.0,1.0,1.0,1.0,0.03750000000000009,0.5034810417591694,0.20757545874479635,0.5326853947543603,0.4673146052456397,1,0.015665768273174764,0.05278409644961357,1.2107615292072296,0.02024332215276665,0.9844947785139084,14.062054812908173,0.21241397093981504,0.81,7.995981692535909e-05,10052.25938987732
385,394240,508193.4777356833,1.0,1.0,1.0,1.0,1.0,1.0,0.028125000000000178,0.5024709223522025,0.20754051599633047,0.5080607709148809,0.4919392290851191,2,0.005536207836121321,0.03261269889771938,1.210054761171341,0.01424209781617094,0.9910483568906784,8.631610631942749,0.17456086296588183,0.38742048900000015,7.925297635681462e-05,10077.560780525208
386,395264,442626.18523050845,1.0,1.0,1.0,1.0,1.0,1.0,0.03750000000000053,0.5001656417978382,0.20453658000046143,0.5151030561478323,0.48489694385216775,1,-0.002661745296791196,0.040152068715542555,1.208798098564148,0.009297308954774808,0.9864765465259552,4.2953859090805055,0.21707686074078084,0.12157665459056936,7.854819051322653e-05,10103.222195625305
387,396288,882235.7381034242,1.0,1.0,1.0,1.0,1.0,1.0,0.046875,0.4994667931967913,0.20454246249008956,0.5450475272076043,0.45495247279239565,2,0.0035232299007475374,0.046135172434151175,1.2084441900253295,0.027112609388891686,0.9890562534332276,15.810350334644317,0.2503104528412223,0.545153784403501,7.784547972023055e-05,10129.156032562256
388,397312,442604.52361018956,1.0,1.0,1.0,1.0,1.0,1.0,0.031250000000000444,0.5035136715901766,0.20664707693896653,0.5313834454518865,0.46861655454811346,1,-0.0022935796296224,0.02861198466271162,1.2082313418388366,0.009911915998003451,0.9732514381408691,4.4180701047182085,0.18589129187166692,0.1900833711604245,7.714486424361941e-05,10156.028917312622
389,398336,816530.6724463925,1.0,1.0,1.0,1.0,1.0,1.0,0.025000000000000355,0.5028476867594397,0.20545253009108597,0.5305864509605662,0.4694135490394338,1,0.016798635001759977,0.04372651819139719,1.20744908452034,0.035825529530355026,0.9686682343482971,15.184179890155793,0.24509499929845333,1.0,7.644636428875782e-05,10181.361452817917
390,399360,508235.39117047936,1.0,1.0,1.0,1.0,1.0,1.0,0.031249999999999778,0.5010266400321466,0.20565337165913505,0.5317181190569232,0.4682818809430767,2,0.007011948246508836,0.022310434048995374,1.2070173144340515,0.014229458874808643,0.9825549811124802,12.399087297916413,0.1626457054167986,1.0,7.575000000000019e-05,10206.948280334473
391,400384,442626.0257267803,1.0,1.0,1.0,1.0,1.0,1.0,0.018749999999999822,0.5040390588435145,0.20663941032425812,0.5230337749134741,0.47696622508652586,1,-0.0007859541103243828,0.023190827574580908,1.20622678399086,0.009350821653072217,0.9765833348035813,12.438236582279206,0.14483504313975573,0.25418658283290013,7.505579146010932e-05,10232.065386772156
392,401408,816117.4042615592,1.0,1.0,1.0,1.0,1.0,1.0,0.03750000000000009,0.5042111621149232,0.20944803060382966,0.5343432093265018,0.4656567906734982,1,0.011239639529958368,0.04772394821047783,1.2053333044052124,0.02439213717509787,0.9722622126340866,14.036735069751739,0.21452739834785461,0.81,7.436375868967762e-05,10257.036879777908
393,402432,508345.72338242084,1.0,1.0,1.0,1.0,1.0,1.0,0.04062499999999991,0.5044288844702137,0.20942165994384368,0.5079110012360939,0.49208899876390605,2,-2.6171770878136157e-05,0.024205807223916055,1.2050806641578675,0.011396131106016583,0.9743960976600647,8.34063025712967,0.16161363944411278,0.38127987424935017,7.367392164654925e-05,10283.307088375092
394,403456,442514.5378346145,1.0,1.0,1.0,1.0,1.0,1.0,0.04375000000000018,0.5026859570309609,0.20768902332933814,0.5075790655604766,0.49242093443952345,1,-0.002500752732157707,0.0264295965898782,1.2051913499832154,0.015465672327547964,0.9713006466627121,4.6879157543182375,0.13705071210861205,0.20262775765094893,7.298630022524505e-05,10309.726073503494
395,404480,882117.2602631748,1.0,1.0,1.0,1.0,1.0,1.0,0.04062500000000013,0.5021147673583732,0.2057404915867033,0.5447733783883053,0.4552266216116947,2,0.005321770650334656,0.0436731806024909,1.2050600349903107,0.02848087663111585,0.9714608877897263,13.58320324420929,0.17846016697585582,0.9,7.230091425638832e-05,10334.761913776398
396,405504,442363.603036657,1.0,1.0,1.0,1.0,1.0,1.0,0.04375000000000018,0.5013976848584416,0.20324447499973652,0.5136181909045477,0.48638180909545226,1,0.003393062925897539,0.02409442076459527,1.2048928797245027,-0.014996407725108084,2.7841883659362794,16.318171662092208,0.1274051159620285,0.16677181699666577,7.16177835061333e-05,10361.1039249897
397,406528,684731.713196829,1.0,1.0,1.0,1.0,1.0,1.0,0.04375000000000018,0.5010247784549604,0.20384752428436775,0.5155387743247168,0.48446122567528316,1,0.005249415244907141,0.040767650585621595,1.2045042932033538,0.022950128172419683,0.9720692276954651,12.503532373905182,0.15452305749058723,0.6730293634611123,7.093692767559497e-05,10388.639192819595
398,407552,640080.0560901538,1.0,1.0,1.0,1.0,1.0,1.0,0.03750000000000009,0.5020676273342453,0.20318147273650225,0.5455192540394335,0.4544807459605666,2,0.0006021727109327913,0.038073125388473274,1.2041408836841583,0.014259232351898632,0.9965405881404876,12.302546727657319,0.25663609206676485,0.28512505674063676,7.02583664002807e-05,10415.287372350693
399,408576,442558.4546175301,1.0,1.0,1.0,1.0,1.0,1.0,0.04375000000000018,0.49928188135166307,0.20296635277111758,0.5168269230769231,0.4831730769230769,1,0.00262571033090353,0.028941400209441782,1.2036378860473633,0.01445261953690533,1.066803017258644,3.9573397040367126,0.16179489493370056,0.15152714527930075,6.958211924952442e-05,10442.470142364502
400,409600,816412.8574655801,1.0,1.0,1.0,1.0,1.0,1.0,0.025000000000000355,0.5012085130649938,0.2031176464807878,0.5228325612177366,0.4771674387822634,1,-0.0045680992770940065,0.04814521763473749,1.2034763932228087,0.024352017784732994,0.9800011038780212,9.378978848457336,0.23060144633054733,0.1656949333629154,6.89082057259217e-05,10468.951359033585
401,410624,508132.6420882046,1.0,1.0,1.0,1.0,1.0,1.0,0.02187500000000031,0.5016174617648985,0.20401772491031872,0.5257802832393785,0.47421971676062147,2,0.004657124821096659,0.03187596136704087,1.203834867477417,0.020336125902117176,0.9888305544853211,9.36472949385643,0.18381346091628076,0.11887705945978357,6.823664526476785e-05,10494.736552715302
402,411648,442480.6873420775,1.0,1.0,1.0,1.0,1.0,1.0,0.04999999999999982,0.5026881987150752,0.20300979777998346,0.5288812009637364,0.4711187990362637,1,-0.004907943363650702,0.025412712153047322,1.2040538132190703,0.0218597934186306,0.9912550926208497,6.846266633272171,0.15119141563773156,0.26323393065152856,6.756745723349689e-05,10521.22935295105
403,412672,816374.725035727,1.0,1.0,1.0,1.0,1.0,1.0,0.03125,0.5008631142163111,0.20339001157735848,0.539794479145678,0.460205520854322,1,0.008052410889649763,0.05090096779167652,1.2042323708534242,0.01891166142801808,0.9802277743816376,17.925367879867554,0.22561510577797889,0.6561000000000001,6.690066093112352e-05,10546.716506004333
404,413696,508358.5219286531,1.0,1.0,1.0,1.0,1.0,1.0,0.050000000000000266,0.5035060765839272,0.20519006423073158,0.5178781681849166,0.48212183181508333,2,-0.001090157125145197,0.023363525653257965,1.20435129404068,0.013226988798023054,0.9789532393217086,9.328746366500855,0.14360581776127218,0.3812798742493502,6.623627558768609e-05,10572.688505649567
405,414720,442580.22655683756,1.0,1.0,1.0,1.0,1.0,1.0,0.012499999999999734,0.5001436084106687,0.2046634651723857,0.5184077171988521,0.4815922828011478,1,0.007740545691922307,0.02303165839985013,1.2046413660049438,0.010823699875859915,0.9925024449825287,11.84191620349884,0.18792424649000167,0.2692117453844449,6.557432036369238e-05,10599.113459825516
406,415744,816108.8879279792,1.0,1.0,1.0,1.0,1.0,1.0,0.03125,0.4994600789402771,0.20457508667114893,0.5377103365384616,0.46228966346153844,1,0.001109685655683279,0.052801320888102056,1.2044032037258148,0.004013230755624875,1.012938106060028,18.238240671157836,0.2711941715329885,0.31381059609000017,6.491481434956673e-05,10624.225429534912
407,416768,508212.13203852624,1.0,1.0,1.0,1.0,1.0,1.0,0.03750000000000009,0.5009352208499875,0.20409670532477187,0.5174517779818921,0.4825482220181079,2,-0.0035370402503758667,0.028613348910585045,1.2043234527111053,0.011775615314252263,2.4931227445602415,5.889043211936951,0.19673448726534842,0.18236498188585407,6.425777656509968e-05,10649.60408782959
408,417792,486763.2653133981,1.0,1.0,1.0,1.0,1.0,1.0,0.03125,0.5005721928089713,0.2029109396857884,0.5083204666323554,0.49167953336764453,1,0.0026541497791185975,0.026102433912456036,1.2048031449317933,0.02207841565196702,0.9653799533843994,9.397313034534454,0.2020187795162201,0.5961256632452284,6.360322595889948e-05,10674.909302711487
409,418816,838083.4174880311,1.0,1.0,1.0,1.0,1.0,1.0,0.03749999999999987,0.5002975777511668,0.20239650252623506,0.527641454965358,0.47235854503464203,2,0.011033140099607408,0.05699300467967987,1.2049448370933533,0.018154217101903215,0.9796860814094543,19.332390570640563,0.2641068585216999,0.9,6.295118140784529e-05,10699.424974441528
410,419840,442665.2493636608,1.0,1.0,1.0,1.0,1.0,1.0,0.031250000000000444,0.5035153131500569,0.20239388902856487,0.5109543473273687,0.48904565267263134,1,-0.00044852159917354586,0.02387550435960293,1.2045754790306091,0.010179838058894575,0.9816975980997086,8.178529340028764,0.1544911446981132,0.22876792454961012,6.230166171654328e-05,10725.1026263237
411,420864,816408.2203862965,1.0,1.0,1.0,1.0,1.0,1.0,0.050000000000000266,0.5052004586195622,0.2016523127915016,0.5155617492866149,0.4844382507133851,1,0.005681006005033851,0.048449124582111834,1.2040470004081727,0.026848853072081624,0.9670585334300995,17.384832906723023,0.2082147305831313,0.6838686820719527,6.165468561678388e-05,10751.749659538269
412,421888,508088.2556576971,1.0,1.0,1.0,1.0,1.0,1.0,0.03750000000000009,0.506706468143333,0.20318369476188247,0.548373498208389,0.45162650179161107,2,-0.003314782620873302,0.02684308267198503,1.203504741191864,0.01437678052276432,0.9716719657182693,10.131794863939286,0.18730716593563557,0.2649447392201015,6.101027176700173e-05,10776.65178513527
413,422912,442590.07341167703,1.0,1.0,1.0,1.0,1.0,1.0,0.01874999999999938,0.5075100712319555,0.2039822014392749,0.517906171660499,0.48209382833950104,1,-0.0002571329241618514,0.02512074648402631,1.2032610118389129,0.016710722937620735,0.97754165828228,12.366491729021073,0.13979016803205013,0.25661255106657305,6.0368438751737756e-05,10802.113951921463
414,423936,816312.4965463504,1.0,1.0,1.0,1.0,1.0,1.0,0.04375000000000018,0.5068215558066052,0.20329608947663255,0.5338983050847458,0.4661016949152542,1,0.023585562687367202,0.05011840537190437,1.2030232787132262,0.02655664343148203,1.0012670367956162,32.7628914475441,0.20906856171786786,0.81,5.972920508110289e-05,10827.27718448639
415,424960,508241.54327842593,1.0,1.0,1.0,1.0,1.0,1.0,0.028125000000000178,0.5047570663766723,0.20387428385765624,0.5152864157119477,0.4847135842880524,2,0.005299079557880759,0.02677346938289702,1.2028060138225556,0.009372001705359184,0.9805846065282822,8.571112513542175,0.10254584895446897,0.22876792454961012,5.909258919024437e-05,10852.523658037186
416,425984,442600.4994969368,1.0,1.0,1.0,1.0,1.0,1.0,0.04999999999999982,0.5046247304231598,0.20406060415006938,0.5002701891323926,0.4997298108676073,1,-0.0038010676042176785,0.026942319888621568,1.202745532989502,0.016785597272226484,0.9789522737264633,12.905334371328355,0.11887611476704478,0.13294407179478762,5.8458609438814235e-05,10878.300297498703
417,427008,882162.4080880135,1.0,1.0,1.0,1.0,1.0,1.0,0.03125000000000022,0.5046478037884154,0.20543136777267307,0.5362991074566027,0.4637008925433973,2,0.011843714863061905,0.04909432148560881,1.2029088616371155,0.023685973959830166,0.9823990374803543,29.1644296169281,0.18833758849650623,0.6561000000000001,5.782728411043972e-05,10903.755687475204
418,428032,442467.5868361443,1.0,1.0,1.0,1.0,1.0,1.0,0.03125,0.5055082768146958,0.2052590312955872,0.5218264840182648,0.4781735159817352,1,0.015337954158894718,0.02829969087615609,1.2027907192707061,-0.0017746203365039293,88.95865645110607,6.513681200146675,0.16409542970359325,0.13508517176729928,5.7198631412195766e-05,10929.174674987793
419,429056,816655.8499536365,1.0,1.0,1.0,1.0,1.0,1.0,0.04375000000000018,0.5028060681606148,0.20317368263902894,0.5018951928283497,0.49810480717165034,1,0.003969071712344885,0.04319181535393,1.2019610285758973,0.023872479214337262,0.9827880263328552,17.762856698036195,0.1961887177079916,0.8177306766052514,5.657266947408036e-05,10955.000692367554
420,430080,508089.57267664373,1.0,1.0,1.0,1.0,1.0,1.0,0.04062500000000013,0.5013604246093578,0.20242171305832626,0.521663657825302,0.47833634217469795,2,0.006308374973013997,0.022763409023173153,1.2012717425823212,0.015261071648708047,0.9671435981988907,19.360582649707794,0.15013102665543557,0.5280093643345123,5.594941634849126e-05,10988.420225381851
421,431104,442596.66277718544,1.0,1.0,1.0,1.0,1.0,1.0,0.04999999999999982,0.503704289974156,0.20380813431019765,0.5020327633624297,0.49796723663757025,1,-0.00022396588465198875,0.031037519220262766,1.200739586353302,0.007791672620798806,1.0073552936315537,14.546378111839294,0.17227488998323678,0.16306866866911313,5.5328890009705735e-05,11022.088045358658
422,432128,816306.479147017,1.0,1.0,1.0,1.0,1.0,1.0,0.03125,0.5076574676771917,0.20834266635709725,0.5363982025578984,0.4636017974421016,1,-0.000654123374260962,0.06021936908364296,1.2004034519195557,0.028068434984729152,0.9644293040037155,17.606661403179167,0.2419197242707014,0.7312053629209122,5.471110835336183e-05,11055.21063709259
423,433152,508198.98450666666,1.0,1.0,1.0,1.0,1.0,1.0,0.04062500000000013,0.5088414875849877,0.20842676687303796,0.5131081170770558,0.48689188292294416,2,0.006605653697624803,0.02705657174810767,1.1998714983463288,0.012463446548002821,0.9987928092479705,19.955018496513368,0.15135567560791968,0.464656481374893,5.409608919594267e-05,11081.596964120865
424,434176,442538.7118834108,1.0,1.0,1.0,1.0,1.0,1.0,0.03750000000000053,0.5107065969232646,0.2085928836177998,0.5170097374584001,0.4829902625415999,1,-0.0014115666155703366,0.021923093358054757,1.1996381103992462,0.009140355761926955,0.9843640476465225,9.60828041434288,0.15429438278079033,0.16201569710815247,5.348385027426223e-05,11107.503448724747
425,435200,816217.4373690337,1.0,1.0,1.0,1.0,1.0,1.0,0.02499999999999991,0.5141668808133987,0.21079006063424904,0.5365184757505773,0.4634815242494226,1,7.782187312841416e-05,0.0485468422062695,1.200109499692917,0.024555657218161286,0.9627150118350982,24.456236815452577,0.1958686478435993,0.597929056158706,5.28744092449542e-05,11133.596523046494
426,436224,508248.9621508904,1.0,1.0,1.0,1.0,1.0,1.0,0.04062500000000013,0.5146761829341051,0.21007626758016854,0.5118243243243243,0.48817567567567566,2,-0.001172346156090498,0.02840868472121656,1.2000783801078796,0.018476775566394488,0.9731525629758835,13.224397134780883,0.13535590842366219,0.579124918310786,5.226778368396241e-05,11158.961291790009
427,437248,442733.1016250402,1.0,1.0,1.0,1.0,1.0,1.0,0.03125,0.5120469539640988,0.2081837943772079,0.5041755457006277,0.4958244542993722,1,-0.00325084614160005,0.02228762460872531,1.1995391547679901,0.014170067619346582,0.9821653455495835,11.695329916477203,0.08965166844427586,0.2243648590440498,5.1663991086034276e-05,11184.48624253273
428,438272,882037.3235072866,1.0,1.0,1.0,1.0,1.0,1.0,0.0437500000000004,0.5103470398028201,0.2076830199118453,0.5287701317715959,0.4712298682284041,2,-0.007928631920367479,0.05059937238693237,1.1990025162696838,0.024468067931800164,0.9637673169374465,17.307888388633728,0.2439962513744831,0.6036357180920962,5.106304886421611e-05,11210.071806907654
429,439296,442495.38401041925,1.0,1.0,1.0,1.0,1.0,1.0,0.04375000000000018,0.5098535241673569,0.2058134570533131,0.5100374894183094,0.48996251058169066,1,0.006258991081267595,0.0292359852232039,1.1988152623176576,0.009269238686863445,1.0003372758626938,12.111930358409882,0.17575448099523783,0.2557268340961895,5.0464974349350825e-05,11236.400044441223
430,440320,750599.6591755524,1.0,1.0,1.0,1.0,1.0,1.0,0.031250000000000444,0.5065808198121231,0.20372014748205183,0.522711906079046,0.47728809392095395,1,0.04022419890388847,0.04182919450104237,1.1986243903636933,0.00837721130079796,1.141370877623558,20.09441931247711,0.14722745520994068,0.31381059609000017,4.986978478957841e-05,11261.988305091858
431,441344,574014.5934853256,1.0,1.0,1.0,1.0,1.0,1.0,0.03750000000000009,0.506179234274712,0.2035462560203072,0.53146140976213,0.4685385902378701,2,-0.0011468009557574987,0.029318755958229303,1.198718249797821,0.019703056730787694,0.9981926918029785,12.498101353645325,0.16522292010486125,0.30883669814197373,4.9277497349838135e-05,11287.008609056473
432,442368,442613.6037788987,1.0,1.0,1.0,1.0,1.0,1.0,0.04375000000000018,0.5075914013372768,0.20371957085046816,0.5082895746061714,0.49171042539382853,1,0.004199633747339249,0.02522771814838052,1.1992281675338745,0.015151129017353427,0.9881898999214173,20.868116199970245,0.13279369222000242,0.17947449692296333,4.868812911137397e-05,11312.517211198807
433,443392,816369.5562357157,1.0,1.0,1.0,1.0,1.0,1.0,0.02499999999999991,0.5098003483487696,0.2051771701777099,0.5290139320979305,0.47098606790206954,1,0.008862903236877172,0.049203372839838264,1.1991081178188323,0.019091596719568747,0.9891375482082367,22.113502168655394,0.19136615730822087,0.5904900000000002,4.8101697071241494e-05,11338.286306858063
434,444416,508240.2262233645,1.0,1.0,1.0,1.0,1.0,1.0,0.03750000000000009,0.5103728513239383,0.20537183302829382,0.5321717567214826,0.46782824327851735,2,-0.0006671233859378844,0.024649110483005644,1.1989759743213653,0.012839796755475419,0.9841323375701905,17.29328155517578,0.10359029769897461,0.4169295424916645,4.7518218141818114e-05,11363.898106336594
435,445440,442728.4769361168,1.0,1.0,1.0,1.0,1.0,1.0,0.03125,0.5084100972867198,0.20578567061089792,0.5013614506691385,0.4986385493308615,1,0.012854095781221986,0.022160646971315145,1.1986289083957673,-0.0070404103566772845,2.1266206413507462,18.149545037746428,0.15288389176130296,0.23845026529809132,4.6937709150315017e-05,11389.867175102234
436,446464,882028.1432049125,1.0,1.0,1.0,1.0,1.0,1.0,0.03749999999999987,0.507797105424032,0.20354442806791942,0.517584605175846,0.48241539482415396,2,0.015438880957663059,0.036767658032476905,1.1980197072029113,0.017221904658231323,0.9850370198488235,25.83879725933075,0.19517303425818683,0.43046721000000016,4.636018683829215e-05,11415.892137289047
437,447488,442517.4064386189,1.0,1.0,1.0,1.0,1.0,1.0,0.03750000000000009,0.5079660694599257,0.20401332613907022,0.5199545264165619,0.480045473583438,1,-0.0026324027916416527,0.022319623036310077,1.1975162267684936,0.014436139120211511,0.9828986495733261,11.876674890518188,0.10854573994874954,0.2779530283277763,4.5785667861175105e-05,11441.340505838394
438,448512,816608.1219906919,1.0,1.0,1.0,1.0,1.0,1.0,0.03125,0.5067121219918322,0.20422194359361276,0.523093050502559,0.47690694949744095,1,0.00415060892701149,0.0576338505372405,1.1974293410778045,0.023327198977783327,0.9693283289670944,22.401599884033203,0.19211083613336086,0.2991241615382721,4.521416878777508e-05,11467.789219141006
439,449536,508059.59722372144,1.0,1.0,1.0,1.0,1.0,1.0,0.04062500000000013,0.5076346264118485,0.20508617000892518,0.539240145413073,0.4607598545869271,2,-0.0026483973953872917,0.025074576400220393,1.1970962703227996,0.022355928585966467,0.9845900446176529,12.296065038442611,0.20417420081794263,0.6623618480502537,4.464570609981094e-05,11493.003447771072
440,450560,442522.9994705692,1.0,1.0,1.0,1.0,1.0,1.0,0.043749999999999734,0.5068649097619786,0.20445275038972438,0.4989117291414752,0.5010882708585248,1,2.0238792058080434e-05,0.029599319258704782,1.1964604616165162,0.009365542138274919,0.9882909655570984,12.094641935825347,0.20539143458008766,0.23095129595991576,4.4080296191433676e-05,11518.462076187134
441,451584,816449.0547927506,1.0,1.0,1.0,1.0,1.0,1.0,0.02499999999999991,0.49977293416450896,0.19965401580296568,0.5253549695740365,0.4746450304259635,1,-0.00525056169135496,0.06365741919726134,1.1964649736881257,0.022018759329114967,0.9689596682786942,11.16757799386978,0.19760030917823315,0.34093607687842664,4.351795536875403e-05,11544.873425006866
442,452608,508139.86205851287,1.0,1.0,1.0,1.0,1.0,1.0,0.0437500000000004,0.5010764916512007,0.19908155643287942,0.5242805137715503,0.4757194862284498,2,0.0014169257250614465,0.03005625349469483,1.19651500582695,0.01535630982752707,1.0404132068157197,12.800586235523223,0.16904547736048697,0.4457889729741882,4.295869984937176e-05,11570.509070158005
443,453632,442656.4686755724,1.0,1.0,1.0,1.0,1.0,1.0,0.031249999999999556,0.5018709709066724,0.2000629489983423,0.5184334511189634,0.4815665488810365,1,-0.00027274680323898794,0.023122505564242602,1.196200430393219,0.011312225512534723,0.9961129337549209,11.705900275707245,0.11186484005302191,0.17270778190046784,4.24025457619084e-05,11596.667813539505
444,454656,816227.2030911967,1.0,1.0,1.0,1.0,1.0,1.0,0.03750000000000009,0.5024753831496357,0.19976588040797294,0.5253799827932321,0.474620017206768,1,0.005819456651806831,0.04911882001906633,1.1959115147590638,0.02858543474921369,0.9802284121513367,20.755948734283447,0.1277308588847518,0.8604749655090613,4.184950914554173e-05,11621.418300151825
445,455680,508238.8154617399,1.0,1.0,1.0,1.0,1.0,1.0,0.043749999999999956,0.5042017322211895,0.2003898279217959,0.5140374764961422,0.4859625235038579,2,7.954556494951248e-05,0.021943472605198622,1.1957591414451598,0.00821491412391424,0.9772946566343308,12.28329132795334,0.11878372821956873,0.3280817866440087,4.1299605949543504e-05,11646.253617048264
446,456704,486759.6277044192,1.0,1.0,1.0,1.0,1.0,1.0,0.03750000000000009,0.5048002927119987,0.20156965161458515,0.5135321496293742,0.48646785037062573,1,-0.0014086554292589426,0.027630720008164644,1.1952142000198365,0.022325572878263956,0.9758412897586822,13.632917952537536,0.14286155682057142,0.48432253548855186,4.075285203281922e-05,11671.540378808975
447,457728,837960.6470288262,1.0,1.0,1.0,1.0,1.0,1.0,0.031249999999999778,0.5051348165345995,0.20300999730438013,0.5574401256380055,0.4425598743619945,2,-0.006128198723308742,0.04813784621655941,1.1949114203453064,0.017049314406607508,0.9664732992649079,16.67865184545517,0.23421692717820405,0.28598761398063505,4.0209263163451054e-05,11697.490638494492
448,458752,442471.70174206514,1.0,1.0,1.0,1.0,1.0,1.0,0.03750000000000009,0.5053190088298116,0.20316621682933875,0.5032926245210728,0.4967073754789272,1,-0.0027075440157204866,0.02335547604598105,1.1947888433933258,0.016828297348068587,0.9902740448713303,8.7551891207695,0.14174020420759917,0.3077707257120024,3.96688550182428e-05,11723.544575214386
449,459776,574626.2006566226,1.0,1.0,1.0,1.0,1.0,1.0,0.03125,0.5070150360951909,0.20355892779974852,0.5139083328261002,0.4860916671738998,1,-0.0021114816889166834,0.035849126242101195,1.194504153728485,0.02069626254268524,0.9645822316408157,13.414130747318268,0.1686645614914596,0.4543388395642008,3.913164318226805e-05,11748.954567193985
450,460800,750066.4228400588,1.0,1.0,1.0,1.0,1.0,1.0,0.03437499999999982,0.503927445077913,0.2022370109556216,0.523945267958951,0.47605473204104903,2,-0.00017586132744327188,0.044632560573518276,1.1945427417755128,-0.00023940242489501885,1.561702874302864,15.357365906238556,0.22950272411108016,0.15590723005407076,3.8597643148420476e-05,11774.366217851639
451,461824,442685.2980438471,1.0,1.0,1.0,1.0,1.0,1.0,0.03125,0.5011627785045845,0.19884062234244962,0.5198161975875933,0.48018380241240666,1,-0.005243584292475134,0.020781950373202563,1.1945551455020904,0.018299946731566763,0.9966624081134796,8.569974678754807,0.09357652086764574,0.15343610045771375,3.8066870316967296e-05,11800.423307180405
452,462848,816374.599735707,1.0,1.0,1.0,1.0,1.0,1.0,0.03125,0.5012268971993835,0.19672673820229244,0.5207952931629134,0.4792047068370866,1,0.0122050984762609,0.04754296224564314,1.194493865966797,0.01905560362734704,0.9916191250085831,24.264845371246338,0.17933263257145882,0.7174453500000002,3.753933999510483e-05,11826.470789432526
453,463872,508319.5986661203,1.0,1.0,1.0,1.0,1.0,1.0,0.03750000000000031,0.5026142432693591,0.19887854132279437,0.5301432990341519,0.46985670096584814,2,0.005041817435994744,0.02976614567451179,1.1943771839141846,0.016245866655513374,0.9761143296957016,20.731570267677306,0.18397347163408995,0.6253943137374967,3.7015067396517245e-05,11852.540011882782
454,464896,442607.20075136423,1.0,1.0,1.0,1.0,1.0,1.0,0.031250000000000444,0.49943320602636837,0.19806216635313628,0.5320019249278152,0.46799807507218477,1,-0.0008588116616010666,0.024387752171605825,1.1942862510681151,0.010397964727900444,0.9810823976993561,17.63278373479843,0.16122924918308854,0.23845026529809138,3.649406764093788e-05,11877.729675769806
455,465920,816084.0122354925,1.0,1.0,1.0,1.0,1.0,1.0,0.04375000000000018,0.49934520118002845,0.19892138687035132,0.535229330114665,0.46477066988533494,1,0.014949011476710438,0.05141311632469296,1.1940644562244416,0.027366623936596567,0.9797764360904694,38.29152884483337,0.13903640136122702,1.0,3.5976355753712895e-05,11902.97623515129
456,466944,508113.6369403377,1.0,1.0,1.0,1.0,1.0,1.0,0.03437499999999982,0.500197933434874,0.1991702385438432,0.5295876503720186,0.47041234962798134,2,0.0023940983694046734,0.03040317865088582,1.1939618408679962,0.006398041556426648,1.000510761141777,12.967743873596191,0.14258149322122335,0.28242953648100017,3.546194666536833e-05,11928.396970510483
457,467968,442620.29972192645,1.0,1.0,1.0,1.0,1.0,1.0,0.018750000000000266,0.504109907062812,0.20242540390631536,0.5148397073692975,0.4851602926307024,1,-0.008057864429429174,0.025478692119941117,1.1940714716911316,0.0151347219309244,0.975815412402153,12.305313014984131,0.14241620451211928,0.25015772549499865,3.495085521117912e-05,11954.435767173767
458,468992,816285.3383843303,1.0,1.0,1.0,1.0,1.0,1.0,0.04375000000000018,0.5026520997570336,0.19995114683997878,0.5027725135116164,0.4972274864883835,1,-0.0033942093374207615,0.045383003260940316,1.193850302696228,0.02233622454680493,0.9736839205026626,14.308992075920106,0.17302106842398643,0.3692890883188545,3.4443096130741675e-05,11981.24432849884
459,470016,508162.4644765705,1.0,1.0,1.0,1.0,1.0,1.0,0.03125000000000022,0.5058366123130366,0.20111075163462208,0.5289544235924933,0.4710455764075067,2,-0.003381484776036814,0.03175379429012537,1.1937258422374726,0.012448414430656385,0.9724607348442078,17.713682758808137,0.21069481782615185,0.14307015917885482,3.3938684067548354e-05,12006.504205703735
460,471040,442586.4003622532,1.0,1.0,1.0,1.0,1.0,1.0,0.050000000000000266,0.5065743361974964,0.20187606100233335,0.5124324324324324,0.4875675675675676,1,-0.00687267659814097,0.02373487241566181,1.193364405632019,0.018140061621207116,0.9725892603397369,11.116154211759568,0.16237092558294536,0.10264502042662922,3.343763356856557e-05,12031.945125341415
461,472064,816227.7651410699,1.0,1.0,1.0,1.0,1.0,1.0,0.05000000000000071,0.5049868169962849,0.20175979828201743,0.5405098345522971,0.4594901654477029,1,-0.001046605547890067,0.05969186760485172,1.1932936906814575,0.027554652770498934,0.9858383238315582,31.64960460662842,0.24899153485894204,0.51140411531764,3.2939959083814e-05,12057.438337087631
462,473088,508265.4821097143,1.0,1.0,1.0,1.0,1.0,1.0,0.02187500000000009,0.5046647009275326,0.20330909311819562,0.5230609328309731,0.4769390671690269,2,-0.005519807303790003,0.025001088716089727,1.193199223279953,0.016018338686058085,0.9774389088153839,14.266139125823974,0.12382662743330002,0.27178111444852193,3.244567496595187e-05,12082.822615623474
463,474112,486777.5026404187,1.0,1.0,1.0,1.0,1.0,1.0,0.018749999999999822,0.5067327326859907,0.2037916382648061,0.5054888507718697,0.4945111492281304,1,-0.005655794916674495,0.02410802775993943,1.1931520581245423,0.02286462218837144,0.9593240529298782,15.262975084781647,0.11787093281745911,0.4457889729741882,3.195479546986121e-05,12109.398131132126
464,475136,837965.2766562551,1.0,1.0,1.0,1.0,1.0,1.0,0.03125,0.5064817433007018,0.20441015966713166,0.5415603494935437,0.45843965050645635,2,-0.0029268473997944968,0.042819003388285634,1.193140721321106,0.015829772570369015,0.9964059591293335,18.785478675365447,0.14673483446240426,0.47974383861241054,3.146733475223652e-05,12134.229745149612
465,476160,442515.6946348101,1.0,1.0,1.0,1.0,1.0,1.0,0.03750000000000009,0.50692417357881,0.20540398873187196,0.5061875297477392,0.4938124702522608,1,8.911211043596267e-05,0.027428322890773415,1.1929714858531952,0.01754900826630177,0.9815899401903152,23.068686056137086,0.13572290260344744,0.7744274689581551,3.098330687117669e-05,12159.476367473602
466,477184,816651.4663984589,1.0,1.0,1.0,1.0,1.0,1.0,0.043749999999999734,0.5034378990504333,0.20271529085399628,0.5226434488179454,0.47735655118205456,1,-0.003984349430538714,0.04987195301800966,1.192745667695999,0.010971131651941413,0.9862388700246811,19.323836708068846,0.15667273849248886,0.4500436030782012,3.05027257857794e-05,12184.455547571182
467,478208,508101.2239976898,1.0,1.0,1.0,1.0,1.0,1.0,0.050000000000000044,0.5054796227704499,0.203837902722774,0.5234173239338312,0.4765826760661688,2,-0.002483953582122922,0.02456352850422263,1.1925152480602264,0.014808426071442327,0.9724534720182418,11.253001099824905,0.14115186613053082,0.2905935212931311,3.0025605355738808e-05,12209.612330198288
468,479232,442531.96856857836,1.0,1.0,1.0,1.0,1.0,1.0,0.03750000000000009,0.5065750732892169,0.20459005966314026,0.5176320116937694,0.48236798830623057,1,0.0010263255331665277,0.027046542381867766,1.1926314413547516,0.012420292622718421,0.9720499962568283,8.596136260032655,0.1256928825750947,0.1876364735326947,2.9551959340945454e-05,12235.36837387085
469,480256,816356.9389661998,1.0,1.0,1.0,1.0,1.0,1.0,0.050000000000000266,0.5084141506544265,0.20541619949756568,0.5437822427368992,0.4562177572631007,1,0.00970161692239344,0.048645812552422285,1.1925144135951995,0.025597619973595442,0.9749320656061172,35.653973770141604,0.2066465999931097,0.9,2.908180140108986e-05,12260.773411989212
470,481280,508301.68187217414,1.0,1.0,1.0,1.0,1.0,1.0,0.028124999999999956,0.5077704434081556,0.20663248361801323,0.5116868309368467,0.48831316906315325,2,-0.001268521638121456,0.02551001210231334,1.1924572169780732,0.00832839884947183,1.0088143795728683,14.866776180267333,0.14907239526510238,0.28242953648100017,2.861514509526821e-05,12286.291859388351
471,482304,486663.5851171613,1.0,1.0,1.0,1.0,1.0,1.0,0.03750000000000009,0.509533359716273,0.2072086334548137,0.5077585698271284,0.49224143017287153,1,-0.0033881616895087064,0.02763960212469101,1.1923785865306855,0.017785405793932795,0.9870749622583389,11.474763333797455,0.12093133758753538,0.25015772549499865,2.8152003881591613e-05,12311.61086010933
472,483328,838020.2645045668,1.0,1.0,1.0,1.0,1.0,1.0,0.04062500000000013,0.5084789631668802,0.206530358312666,0.5340654415060511,0.4659345584939489,2,-0.008008116621931549,0.04056562976911664,1.1924781799316406,0.01753146647063737,0.9885222464799881,17.273035967350005,0.15559565629810096,0.33236017948696905,2.7692391116797862e-05,12336.556132793427
473,484352,442583.17737755785,1.0,1.0,1.0,1.0,1.0,1.0,0.02499999999999991,0.5084663799725964,0.20718875072307874,0.5130592644647458,0.48694073553525413,1,-0.0034721149830147626,0.02773182247765362,1.1925969898700715,0.01788954749846141,0.9726085871458053,12.210051834583282,0.16024039061740042,0.3576753979471371,2.7236320055866116e-05,12362.449401378632
474,485376,816534.9876100793,1.0,1.0,1.0,1.0,1.0,1.0,0.04375000000000018,0.506755835230105,0.20798997993126447,0.5244064577397911,0.47559354226020895,1,-0.004872165923006833,0.046564143151044846,1.1925673127174377,0.012976344592516398,0.966827729344368,23.089318466186523,0.16853510029613972,0.3464269439398737,2.678380385163484e-05,12387.694034337997
475,486400,508059.8158109896,1.0,1.0,1.0,1.0,1.0,1.0,0.021874999999999867,0.5086068897328353,0.2056840058917754,0.5355253752680486,0.4644746247319514,2,-0.004235651670023799,0.019266616040840744,1.192484325170517,0.01700906909738853,0.9982444137334824,8.551951551437378,0.15446273442357777,0.2485424000443731,2.6334855554422337e-05,12413.418863534927
476,487424,442619.1594647616,1.0,1.0,1.0,1.0,1.0,1.0,0.03750000000000009,0.5073645461518446,0.2049396636446652,0.514407179971658,0.485592820028342,1,0.0021682358346879482,0.020019952207803726,1.1928226351737976,0.020627356790482044,0.9846010684967041,22.724534237384795,0.12514388673007487,0.7312053629209124,2.5889488111650466e-05,12438.155059576035
477,488448,816296.6097895801,1.0,1.0,1.0,1.0,1.0,1.0,0.04375000000000018,0.5113222271761556,0.20705278605903563,0.5355878064023332,0.46441219359766683,1,-0.002600978291593492,0.05890018958598375,1.1928131818771361,0.010568952772860029,0.9710578829050064,23.644953298568726,0.24950438253581525,0.38243331800402725,2.544771436747118e-05,12462.867587566376
478,489472,508209.5850913264,1.0,1.0,1.0,1.0,1.0,1.0,0.03750000000000009,0.5124183237632775,0.20711469714055436,0.5115481061105979,0.48845189388940213,2,-0.005595261557027697,0.02548616761341691,1.1927738666534424,0.015039626390161232,0.9867923349142075,17.13504058122635,0.18430444374680519,0.3048611174300674,2.5009547062396198e-05,12488.700506687164
479,490496,442624.89023284614,1.0,1.0,1.0,1.0,1.0,1.0,0.02499999999999991,0.5124550820991169,0.20899985637575627,0.5061127596439169,0.4938872403560831,1,-0.004405685071833432,0.023925884580239653,1.1928547978401185,0.01732428105120789,0.9851980715990066,18.130781733989714,0.12621496338397264,0.3645353184933431,2.4574998832929434e-05,12513.788270950317
480,491520,816125.5494130552,1.0,1.0,1.0,1.0,1.0,1.0,0.04375000000000018,0.5109799237968561,0.2085475959639188,0.5405345376471459,0.45946546235285407,1,-0.0034290119539946316,0.05752390269190073,1.192766922712326,0.017464294555556138,0.9897804439067841,40.63524112701416,0.2584921933710575,0.39230125374572705,2.414408221120278e-05,12538.52744960785
481,492544,508487.6973038204,1.0,1.0,1.0,1.0,1.0,1.0,0.04375000000000018,0.5096818634436306,0.20789917498049157,0.5049132097675787,0.4950867902324213,2,-0.004847470484673977,0.0245354191865772,1.1928275406360627,0.014889180625758058,0.9854839026927948,8.15528347492218,0.1364533307030797,0.18763647353269466,2.371680962461439e-05,12563.871886730194
482,493568,816645.991645962,1.0,1.0,1.0,1.0,1.0,1.0,0.04375000000000018,0.5078229940711494,0.20548452174147663,0.5202830476422864,0.47971695235771367,1,0.002627143682911992,0.05110709667205811,1.193075531721115,0.01734626855187571,0.9914447486400604,23.709937286376952,0.2060034740716219,0.4543388395642008,2.32931933954706e-05,12590.333925247192
483,494592,507924.42727313656,1.0,1.0,1.0,1.0,1.0,1.0,0.034375000000000044,0.5094444094796481,0.20824798241784898,0.5221131156276166,0.47788688437238336,2,-0.0035096970153972507,0.029943844489753246,1.1931211531162262,0.01717181743273386,0.985234409570694,27.997536861896513,0.15005976483225822,0.39604539464022437,2.287324574063037e-05,12616.06698012352
484,495616,442638.6410572231,1.0,1.0,1.0,1.0,1.0,1.0,0.04999999999999982,0.5067635254273466,0.2081074414150244,0.499367816091954,0.500632183908046,1,-0.0048021326772868635,0.026347048673778774,1.1929635643959045,0.015826572163686593,0.9629530876874923,10.912347459793091,0.12758622067049147,0.3507912676216592,2.2456978771152926e-05,12641.564306974411
485,496640,816414.3752846196,1.0,1.0,1.0,1.0,1.0,1.0,0.04375000000000018,0.506338515957646,0.2088421794835048,0.5383208101927475,0.46167918980725253,1,-0.006017058767611161,0.056191160902380945,1.192764902114868,0.011362833858026316,0.9745958179235459,27.166131210327148,0.20281816273927689,0.3057833799875545,2.2044404491948648e-05,12667.156605243683
486,497664,507847.1803138554,1.0,1.0,1.0,1.0,1.0,1.0,0.04375000000000018,0.5048276183108368,0.21006588406571017,0.5240547063555913,0.4759452936444087,2,-0.0016555710346437991,0.031237477064132692,1.1926203846931458,0.019138642126184234,0.9816047817468643,20.398019587993623,0.17956665046513082,0.2665501798564152,2.1635534801432694e-05,12691.406604766846
487,498688,442666.79892775416,1.0,1.0,1.0,1.0,1.0,1.0,0.04375000000000018,0.5086327650742855,0.21249671936234402,0.4994901427600272,0.5005098572399728,1,-0.0035137424012646077,0.027981688175350426,1.1926655769348145,0.01796969431207742,0.9749936193227768,15.9921790599823,0.1222886722534895,0.3872512538362887,2.123038149118197e-05,12714.455332756042
488,499712,816471.9236035608,1.0,1.0,1.0,1.0,1.0,1.0,0.050000000000000266,0.50645036629134,0.21044496469928356,0.5195327709279689,0.48046722907203115,1,0.0003228044603019953,0.046478444896638396,1.1927325189113618,0.015301056892122489,0.9936622679233551,30.600003170967103,0.1448498424142599,0.6152129556900137,2.082895624559496e-05,12736.742775440216
489,500736,508050.47564309835,1.0,1.0,1.0,1.0,1.0,1.0,0.018750000000000044,0.5063882720120583,0.2096004454857552,0.505586592178771,0.49441340782122906,2,-0.003760534431785345,0.02946846545673907,1.1926581978797912,0.012446947826339283,0.9898225605487824,14.65776377916336,0.10911792796105146,0.2383461041325605,2.04312706415549e-05,12759.312627315521
490,501760,442600.85464819707,1.0,1.0,1.0,1.0,1.0,1.0,0.03750000000000009,0.5086484720725186,0.20921861794924773,0.5208308814875838,0.47916911851241617,1,-0.006983208889141679,0.021574562462046743,1.1927140414714814,0.018266974540745197,0.9747582197189331,11.350923633575439,0.10399149674922228,0.23456831838205947,2.0037336148095746e-05,12782.673401594162
491,502784,816334.632532239,1.0,1.0,1.0,1.0,1.0,1.0,0.03750000000000009,0.5084069369721906,0.21006338405693087,0.5279677242888403,0.47203227571115974,1,-0.0013956949580460787,0.053245610930025576,1.1928347647190094,0.021691739212334936,0.9602788001298904,27.01317024230957,0.14082430619746447,0.8519678682326737,1.9647164126071478e-05,12805.221540212631
492,503808,507980.6996962428,1.0,1.0,1.0,1.0,1.0,1.0,0.046875,0.5063201266501065,0.207668022158921,0.5213719153936546,0.4786280846063455,2,-0.007446496142074465,0.029318374954164027,1.192885273694992,-0.026556119014760383,4.743515592813492,12.388352984189988,0.15132676661014557,0.10357940323838745,1.9260765827828594e-05,12827.712596416473
493,504832,442532.7010947764,1.0,1.0,1.0,1.0,1.0,1.0,0.018750000000000266,0.5067155721328007,0.20929733452806953,0.5188907725841608,0.48110922741583917,1,-0.0034029045840725304,0.026753039145842195,1.1930610120296479,0.02424283513750023,0.9784046202898026,16.53050352334976,0.14996228870004416,0.37620734112135246,1.8878152396881316e-05,12851.044060707092
494,505856,816465.6151529625,1.0,1.0,1.0,1.0,1.0,1.0,0.02499999999999991,0.506198511650756,0.2081417639898351,0.5128787387270486,0.4871212612729514,1,0.009699221653863787,0.05532644912600517,1.1931521773338318,0.009387970475938801,0.9976712137460708,36.013183212280275,0.20246565118432044,0.5811307335000002,1.84993348675905e-05,12874.338419914246
495,506880,508133.29458656907,1.0,1.0,1.0,1.0,1.0,1.0,0.028124999999999956,0.5070059593111275,0.20786887955241745,0.512539184952978,0.48746081504702193,2,-0.004931679181754589,0.031000254955142737,1.193088948726654,0.010823108044775154,0.9957311898469925,21.01159954071045,0.17240324430167675,0.24619272554590296,1.8124324164845186e-05,12897.624323606491
496,507904,442743.2573053539,1.0,1.0,1.0,1.0,1.0,1.0,0.04375000000000062,0.5087623207868598,0.20818974483123143,0.5098755565703847,0.49012444342961525,1,0.006728971353732049,0.023894591676071286,1.1930601179599762,0.006087057870157153,1.0280450850725174,33.846997797489166,0.15365816336125135,0.28971707233718097,1.7753131103747725e-05,12922.284581661224
497,508928,882108.1521393433,1.0,1.0,1.0,1.0,1.0,1.0,0.025000000000000133,0.5085813517449005,0.20739881685177156,0.5286515657175318,0.4713484342824682,2,0.007041742093861103,0.0486879444681108,1.1930249273777007,0.01637691701830164,0.9854497760534286,28.96879470348358,0.1869200050830841,0.5682267947973777,1.7385766389301712e-05,12945.65684890747
498,509952,442694.4567450434,1.0,1.0,1.0,1.0,1.0,1.0,0.04375000000000018,0.5069531217853895,0.205827697153842,0.5054092325120363,0.49459076748796377,1,-0.0013730487669818103,0.02111281268298626,1.1929462432861329,0.006068756598540404,0.9839241057634354,16.162066066265105,0.08066481379792094,0.21665344086545543,1.7022240616103384e-05,12969.643415689468
499,510976,816439.1518608183,1.0,1.0,1.0,1.0,1.0,1.0,0.018750000000000266,0.506747023447369,0.20505449367713582,0.5207577057619959,0.4792422942380041,1,0.006184974079951644,0.05514677176252007,1.1928115367889405,0.011381706324425523,1.0170313835144043,35.55131359100342,0.20629869420081376,0.3441899862036244,1.666256426803597e-05,12992.203830242157
500,512000,508183.7717003152,1.0,1.0,1.0,1.0,1.0,1.0,0.021874999999999867,0.5084928670675642,0.20589250210265336,0.5208137505035585,0.4791862494964415,2,-0.003735206089913845,0.02515366128645837,1.1926909685134888,0.016147114697676556,0.9885311007499695,17.775298535823822,0.1914153814315796,0.20001937914586718,1.630674771796748e-05,13013.020300865173
501,513024,486792.03703068197,1.0,1.0,1.0,1.0,1.0,1.0,0.018749999999999822,0.5089193043398681,0.20411885846248887,0.49701619778346123,0.5029838022165388,1,-0.00763293425552547,0.023736556014046072,1.1926221787929534,0.019679449226573453,0.9758500635623932,11.324240708351136,0.085530028026551,0.2952736079796078,1.5954801227451343e-05,13034.172456741333
502,514048,838088.6445939168,1.0,1.0,1.0,1.0,1.0,1.0,0.03749999999999987,0.5064562521064995,0.20255860115180135,0.5229162225538265,0.47708377744617353,2,-0.0012994145276024938,0.057178760319948195,1.192533951997757,0.010212752283408122,0.9876334697008133,35.30338078737259,0.24801766872406006,0.1876364735326946,1.5606734946430712e-05,13054.955886363983
503,515072,442536.8618250266,1.0,1.0,1.0,1.0,1.0,1.0,0.03750000000000009,0.5086855253023154,0.2024242046507183,0.511968880909635,0.48803111909036506,1,-0.008020837616641074,0.02965395445935428,1.1924598574638368,0.01275339730635352,0.973281767964363,13.669200599193573,0.1473936816677451,0.08974594361761991,1.5262558912945657e-05,13075.938448190689
504,516096,816492.5108313374,1.0,1.0,1.0,1.0,1.0,1.0,0.02499999999999991,0.5098692380296109,0.20454679165562362,0.5295517396617145,0.4704482603382854,1,0.007070495560765266,0.041315275244414806,1.192420732975006,0.014010476341360345,0.9874972492456436,28.15495773553848,0.18017393071204424,0.3960453946402243,1.4922283052843502e-05,13096.781185388565
505,517120,508049.2417748384,1.0,1.0,1.0,1.0,1.0,1.0,0.046875,0.5111287984876434,0.20336134695224453,0.5204248948456548,0.4795751051543452,2,0.0004956272197887302,0.022590634878724813,1.1923493206501008,0.013075877675606052,0.9906094998121262,17.803763937950134,0.16066339276731015,0.41945593962627503,1.4585917179492863e-05,13117.596625089645
506,518144,442712.52541041374,1.0,1.0,1.0,1.0,1.0,1.0,0.03125,0.5091105084227547,0.20316740671385436,0.48936048507035806,0.5106395149296419,1,-0.00975637735100463,0.024473926378414036,1.1922735393047332,0.013669150619089354,0.9831905722618103,13.10434353351593,0.11542958002537489,0.16250582524396598,1.4253470993500407e-05,13138.764827251434
507,519168,816203.553969875,1.0,1.0,1.0,1.0,1.0,1.0,0.03750000000000009,0.5090058585547425,0.20215788923358033,0.5236447520184544,0.47635524798154555,1,-0.003179897274821997,0.05283937444910407,1.1922282993793487,0.024135472882778685,0.9742284476757049,34.46345596313476,0.2052555862814188,0.6558133987642276,1.3924954082431223e-05,13159.41861796379
508,520192,508123.2056482136,1.0,1.0,1.0,1.0,1.0,1.0,0.03750000000000009,0.5108601863516113,0.2040336938025073,0.5263339545799682,0.47366604542003177,2,-0.0018181785941123962,0.031932756584137675,1.1921510577201844,0.004179898894859946,1.01753271818161,20.927458107471466,0.16788017936050892,0.2025392446716095,1.3600375920532208e-05,13180.358686447144
509,521216,442736.752165854,1.0,1.0,1.0,1.0,1.0,1.0,0.031250000000000444,0.5126112437910395,0.20412881774493521,0.5167124542124543,0.4832875457875458,1,-0.007511219102889299,0.023247887659817935,1.1921255350112916,0.018559388288951338,0.9510289460420609,9.7600929915905,0.11798261804506183,0.1993289976435645,1.3279745868458995e-05,13201.399074792862
510,522240,882139.9185087755,1.0,1.0,1.0,1.0,1.0,1.0,0.04687500000000022,0.5115879315753695,0.20317890798093932,0.5466524973432518,0.4533475026567481,2,0.0030332056572660803,0.048492198903113605,1.1920368194580078,0.013535347325118607,1.0007570266723633,44.037065076828,0.16785841323435308,0.43046721000000016,1.2963073173005811e-05,13221.866364717484
511,523264,442572.24668094516,1.0,1.0,1.0,1.0,1.0,1.0,0.03125,0.510431889584166,0.20578114091668084,0.503511774774243,0.496488225225757,1,-0.009204269479960203,0.027787225693464278,1.1919555962085724,0.01210871216949414,0.9871681362390519,11.819853150844574,0.18578177262097598,0.16677181699666577,1.2650366966838978e-05,13242.84923863411
512,524288,816537.8372112275,1.0,1.0,1.0,1.0,1.0,1.0,0.03750000000000009,0.5112971933752435,0.20445443869853364,0.5222130680017745,0.4777869319982255,1,0.002877682913094759,0.041132090426981446,1.1919212818145752,0.011675006590251402,0.9925427079200745,32.12612056732178,0.1403740257024765,0.38742048900000015,1.2341636268233358e-05,13263.430522441864
513,525312,508060.05611638725,1.0,1.0,1.0,1.0,1.0,1.0,0.03437499999999982,0.5128466264590748,0.2051073056831901,0.5195141234816358,0.4804858765183641,2,-0.005468133557587862,0.024154534004628657,1.191859209537506,0.014114760193894682,0.9847118407487869,17.808589577674866,0.16369580887258053,0.22514195294549885,1.2036889980812433e-05,13283.303741455078
514,526336,442752.8073010564,1.0,1.0,1.0,1.0,1.0,1.0,0.03125,0.5148347056307934,0.2066441452195375,0.5124083474337281,0.48759165256627185,1,-0.00571771694230847,0.026416342705488205,1.1917424261569978,0.015302004620956922,0.9620888233184814,16.49173048734665,0.12739019095897675,0.14537434250760028,1.1736136893291464e-05,13303.895743846893
515,527360,816187.9428656936,1.0,1.0,1.0,1.0,1.0,1.0,0.03125,0.511480458740665,0.2054906433169141,0.5291043692843663,0.4708956307156336,1,0.013323909090831875,0.04658046243712306,1.1917043149471283,0.01125035521726545,0.9979478746652604,47.90631101131439,0.21582321040332317,0.38742048900000015,1.143938567922395e-05,13324.121215105057
516,528384,508456.70077112317,1.0,1.0,1.0,1.0,1.0,1.0,0.034375000000000044,0.5091452461467255,0.20513748177698424,0.5154572271386431,0.48454277286135694,2,-0.0107806540094316,0.023338313307613136,1.1916710674762725,0.018080830614986533,0.9792917609214783,17.500782108306886,0.13512050583958626,0.2058911320946491,1.1146644896751658e-05,13344.448324918747
517,529408,706644.465944875,1.0,1.0,1.0,1.0,1.0,1.0,0.03750000000000009,0.5084764289213235,0.20309752776317905,0.5144945188794153,0.48550548112058467,1,-0.006536231888458133,0.034264170285314324,1.1916748762130738,0.021022595975824742,0.9763661116361618,20.360800743103027,0.15303388964384795,0.24619272554590302,1.0857922988357604e-05,13365.115527153015
518,530432,617851.7693251544,1.0,1.0,1.0,1.0,1.0,1.0,0.03125,0.5065534449815808,0.20264231325391358,0.5313523444364566,0.46864765556354343,2,-0.012302541118697264,0.03296700967475772,1.1915918707847595,0.0038716839976387974,1.021367120742798,20.39262150526047,0.15174794904887676,0.084481498293522,1.0573228280622822e-05,13385.150918722153
519,531456,442608.35830652714,1.0,1.0,1.0,1.0,1.0,1.0,0.04375000000000018,0.5061935872760979,0.20356051164702657,0.5193236714975845,0.4806763285024155,1,-0.010498226853087544,0.02510379278101027,1.1915668606758119,0.02405905458847073,0.9613225162029266,10.33793933391571,0.12482434306293726,0.13857077757594946,1.0292568983985948e-05,13406.122146844864
520,532480,816552.4745309502,1.0,1.0,1.0,1.0,1.0,1.0,0.03125,0.504583366517531,0.2061182027381965,0.5212967644084934,0.47870323559150657,1,-0.009452923340722919,0.0527847034856677,1.191796863079071,0.024162158179652237,0.9726742684841156,26.190673446655275,0.15727697126567364,0.2761582222715256,1.0015953192506733e-05,13426.66979765892
521,533504,508206.98987199366,1.0,1.0,1.0,1.0,1.0,1.0,0.034375000000000266,0.5053038878705983,0.2057403505520177,0.5202426480284847,0.47975735197151526,2,-0.0055040453094989065,0.02156618805602193,1.1918302774429321,0.017261943984848926,0.9800177693367005,26.036575984954833,0.15881051812320948,0.24072604540606157,9.743388883632312e-06,13447.193505525589
522,534528,442705.97676339746,1.0,1.0,1.0,1.0,1.0,1.0,0.03750000000000009,0.5057527547994318,0.20663921107275843,0.5077119332019019,0.4922880667980981,1,-0.009936766666942275,0.028847184823825957,1.191788649559021,0.014323893622955098,0.9955351561307907,14.920201134681701,0.16669211257249117,0.10362466914028068,9.47488391796744e-06,13468.035953044891
523,535552,882071.7244754881,1.0,1.0,1.0,1.0,1.0,1.0,0.050000000000000044,0.5059703590623746,0.20754528798629684,0.5508337022281246,0.44916629777187544,2,-0.002523390622809529,0.044894685968756676,1.1918310165405273,0.02098469946225521,0.9876499086618423,34.60255870819092,0.167257965169847,0.30486111743006733,9.210446039047521e-06,13488.525144815445
524,536576,442587.0581665635,1.0,1.0,1.0,1.0,1.0,1.0,0.04375000000000062,0.5043709028017304,0.20666885810712893,0.5043747083527765,0.4956252916472235,1,-0.008856474002823234,0.025016523199155927,1.1918189644813537,0.016344654348490906,0.9813602477312088,27.182791233062744,0.12087025353685021,0.1968490719864052,8.950082873115475e-06,13508.82013630867
525,537600,816556.9086863995,1.0,1.0,1.0,1.0,1.0,1.0,0.03750000000000009,0.5024345715883654,0.2054310040268249,0.5228840125391849,0.47711598746081507,1,-0.006440043990733102,0.05095872962847352,1.1918401896953583,0.018139665332079558,0.9647847056388855,25.828390407562257,0.20517821349203585,0.31776401553403866,8.693801928901776e-06,13529.395962953568
526,538624,508020.37009393424,1.0,1.0,1.0,1.0,1.0,1.0,0.040625000000000355,0.5024471892369419,0.20483369416167552,0.5368191721132898,0.4631808278867102,2,-0.0029735932126641273,0.02183285290375352,1.191846001148224,0.0118256412666625,0.9911016374826431,36.210934329032895,0.15081891492009164,0.276993653140802,8.441610597407774e-06,13549.754880189896
527,539648,442604.2903537601,1.0,1.0,1.0,1.0,1.0,1.0,0.056250000000000355,0.5005985870870768,0.20325230759238225,0.5182661811347351,0.4817338188652649,1,-0.011456950928550213,0.02146842344664037,1.1917767226696014,0.015150638848508891,0.9962500125169754,19.495057249069212,0.09739039111882448,0.17885502758284322,8.193516151692738e-06,13570.486459493637
528,540672,816400.134365961,1.0,1.0,1.0,1.0,1.0,1.0,0.03125,0.49941024708399084,0.2034423454906168,0.5178975382568197,0.48210246174318033,1,-0.01138190901838243,0.058249867614358665,1.1917777955532074,0.02441504948176032,0.9700506746768951,32.75298140048981,0.220658852532506,0.3564408551762017,7.949525746663938e-06,13591.00999212265
529,541696,508083.040781755,1.0,1.0,1.0,1.0,1.0,1.0,0.034375000000000044,0.4995441032392061,0.2048013135597847,0.5266096543925366,0.4733903456074634,2,-0.012743349897209554,0.024905994674190877,1.1917637944221497,0.0147515060822478,0.9849846690893174,22.269720554351807,0.10867207143455744,0.21047476057299536,7.709646418870417e-06,13611.535150527954
530,542720,442692.1523054838,1.0,1.0,1.0,1.0,1.0,1.0,0.03125,0.5001477508217878,0.20061128508125173,0.5128897054601825,0.4871102945398174,1,-0.005022752983495593,0.030067295429762452,1.191743928194046,0.010548200611126468,0.9573884844779968,6.855769109725952,0.1698220806196332,0.073388011197013,7.473885086299966e-06,13632.180857419968
531,543744,816238.3566904217,1.0,1.0,1.0,1.0,1.0,1.0,0.03750000000000009,0.4993180570796329,0.1994562664573865,0.5426066049077152,0.4573933950922848,1,-0.008017143211327493,0.05325310006737709,1.1917988061904907,0.02368208100087941,0.9862009972333908,27.19064486026764,0.19984844587743283,0.2961668665071277,7.2422485481796695e-06,13652.85000705719
532,544768,508285.44034418464,1.0,1.0,1.0,1.0,1.0,1.0,0.03125,0.49886928437609546,0.20053325041572934,0.5161310930811985,0.4838689069188015,2,-0.010493903153110296,0.025477363169193266,1.1918209731578826,0.014242137612967554,0.9795627951622009,13.752653670310973,0.13530319705605506,0.15739521570341447,7.014743484779869e-06,13674.143166780472
533,545792,442648.8156581968,1.0,1.0,1.0,1.0,1.0,1.0,0.03125,0.500798879761806,0.20276998358010154,0.5330991784736279,0.4669008215263722,1,-0.008183591742999851,0.03187103541567922,1.191843444108963,0.020390790804100157,0.9631469339132309,17.513060009479524,0.15941647216677665,0.20911567707159576,6.791376457221377e-06,13694.886501550674
534,546816,882040.3296358138,1.0,1.0,1.0,1.0,1.0,1.0,0.04062499999999991,0.5010698489398079,0.20219728338045984,0.5417907196282042,0.4582092803717958,2,-0.011983675824012607,0.04425216075032949,1.1918820202350617,0.021196447563210086,0.9710712194442749,29.195137476921083,0.21072765588760375,0.30870179038501644,6.572153907286312e-06,13715.473567008972
535,547840,442576.2759784907,1.0,1.0,1.0,1.0,1.0,1.0,0.031250000000000444,0.50112905671607,0.2033421727416721,0.5070149691810978,0.49298503081890227,1,-0.009745153016410768,0.02785879699513316,1.1918875694274902,0.014401591557238191,0.9821718156337738,15.091006731987,0.14334933990612625,0.16405678818400354,6.357082157232452e-06,13736.248802185059
536,548864,816507.8951854706,1.0,1.0,1.0,1.0,1.0,1.0,0.018749999999999822,0.5030464554620906,0.20245247660007293,0.524025849382558,0.4759741506174419,1,-0.0035008883802220224,0.045100619364529845,1.19189395904541,0.018912100908372052,0.9756843000650406,37.134429240226744,0.17032017949968575,0.5362787342982606,6.1461674096106925e-06,13756.770440340042
537,549888,508131.70235954225,1.0,1.0,1.0,1.0,1.0,1.0,0.03749999999999987,0.502009749666269,0.20183869833420742,0.5285831509846827,0.4714168490153173,2,-0.003999867150560022,0.044506172696128485,1.1919006407260895,0.006423022341714102,0.9899483352899552,7.156387603282928,0.23018746729940176,0.12268337302550487,5.939415747086271e-06,13777.217545747757
538,550912,442641.39636975527,1.0,1.0,1.0,1.0,1.0,1.0,0.050000000000000266,0.5021697207442746,0.20263706506284052,0.5032440721953522,0.4967559278046479,1,-0.008336307795252651,0.021934675937518477,1.1919499158859252,0.01827152526215059,0.9678405880928039,13.079102540016175,0.11594031155109405,0.08049256104203376,5.736833132263391e-06,13797.693859815598
539,551936,816255.9270012379,1.0,1.0,1.0,1.0,1.0,1.0,0.03125,0.5043365012952066,0.2032544789534536,0.5320494798987911,0.4679505201012089,1,-0.005862944514956325,0.056631325371563436,1.19200399518013,0.017137479525575827,0.9847160547971725,47.49964818954468,0.22807135358452796,0.35521057351984686,5.538425407513174e-06,13817.804176568985
540,552960,508179.43360887095,1.0,1.0,1.0,1.0,1.0,1.0,0.034375000000000266,0.5037868019703673,0.20406549219926398,0.5296779345222252,0.47032206547777483,2,-0.009890366718173027,0.027181736705824733,1.1919772028923035,0.0148208422355804,0.9839442789554596,15.51582055091858,0.1239997249096632,0.18877346240196097,5.344198294805254e-06,13838.104310750961
541,553984,442683.42865327,1.0,1.0,1.0,1.0,1.0,1.0,0.031250000000000444,0.5046268406614958,0.20298452447258494,0.5165079179571086,0.48349208204289135,1,-0.009447234158869833,0.023425857722759246,1.1919860541820526,0.01487031016857827,0.9731851547956467,17.03099352121353,0.1055471720173955,0.09028976186912449,5.1541573955426325e-06,13858.775475263596
542,555008,816109.403326571,1.0,1.0,1.0,1.0,1.0,1.0,0.04999999999999982,0.5063661046151714,0.2027809133134277,0.5360670457946722,0.46393295420532776,1,-0.0058468966744840145,0.05495969001203775,1.1920047581195832,0.01601581245462569,0.9868660777807235,37.175964736938475,0.1829270638525486,0.26563016243413234,4.968308190400308e-06,13878.85766363144
543,556032,508345.7890025005,1.0,1.0,1.0,1.0,1.0,1.0,0.03125000000000022,0.5049352255706506,0.20249276568096528,0.5104579207920792,0.4895420792079208,2,-0.005199800035916269,0.037378274463117124,1.1919734954833985,0.012345821149203573,0.9794757813215256,8.163546234369278,0.191768504306674,0.12705008323874198,4.786656039167059e-06,13899.21195936203
544,557056,486689.671944879,1.0,1.0,1.0,1.0,1.0,1.0,0.02499999999999991,0.5045576562232299,0.20192005294738363,0.513720409845719,0.486279590154281,1,-0.009584522619843484,0.02722936379723251,1.1919000089168548,0.021493185602085418,0.9651832014322281,16.206441962718962,0.11833722647279502,0.13892926602156436,4.609206180590974e-06,13919.629619121552
545,558080,838006.5573906079,1.0,1.0,1.0,1.0,1.0,1.0,0.03750000000000009,0.5033293552618601,0.20131661721790992,0.5424714743828771,0.4575285256171228,2,-0.010729789640754462,0.03968128226697445,1.1918717741966247,0.02444314143765496,0.9693873882293701,29.952071738243102,0.17002316284924746,0.20509085573268387,4.435963732228368e-06,13939.92696070671
546,559104,442728.89648906514,1.0,1.0,1.0,1.0,1.0,1.0,0.03750000000000009,0.5042304279807703,0.20189534184166535,0.5142777467930842,0.4857222532069158,1,-0.010650756442919374,0.023549749189987777,1.1918860018253326,0.013294728319080207,0.9704273164272308,19.803421878814696,0.09476557690650225,0.09809432051528993,4.26693369029606e-06,13960.569279432297
547,560128,816408.0080679655,1.0,1.0,1.0,1.0,1.0,1.0,0.03750000000000009,0.5038707973108515,0.202137021042448,0.5079133832196543,0.49208661678034565,1,0.00029696347191929815,0.05247603775933385,1.1918981790542602,0.025021899071830944,0.9676287740468978,39.412120532989505,0.16468361765146255,0.7290000000000001,4.102120929527502e-06,13980.54912018776
548,561152,508206.044694677,1.0,1.0,1.0,1.0,1.0,1.0,0.04062499999999991,0.5032913898444578,0.19991473644255062,0.51928627656783,0.48071372343217006,2,-0.0074717951472848656,0.022457450162619352,1.191903293132782,0.0031324954634641246,0.9947199702262879,16.093361842632294,0.15696766451001168,0.16677181699666577,3.94153020303198e-06,14000.59802865982
549,562176,552778.3835984021,1.0,1.0,1.0,1.0,1.0,1.0,0.03750000000000009,0.5016211910862649,0.20015591027136204,0.5196581196581197,0.48034188034188036,1,-0.0036192395724356174,0.032469190284609796,1.1919364213943482,0.022879538139943634,0.9680915474891663,23.23827714920044,0.11997203435748816,0.605726427115001,3.7851661421577014e-06,14021.174395561218
550,563200,706000.7136443853,1.0,1.0,1.0,1.0,1.0,1.0,0.03125,0.505556884447946,0.20391607114215404,0.5534421684891422,0.44655783151085787,1,-0.005748154036700726,0.047554326429963115,1.191915798187256,0.00904014575438481,0.984340563416481,18.019423627853392,0.17883701473474503,0.21120374573380493,3.6330332563581274e-06,14041.70628619194
551,564224,508323.2303120643,1.0,1.0,1.0,1.0,1.0,1.0,0.028124999999999956,0.5025208594269863,0.2026063406070347,0.5280160270456395,0.4719839729543605,2,-0.007113428600132465,0.027526355674490334,1.1919232726097106,0.01618216827237262,0.9847575038671493,18.45374200344086,0.11529167648404837,0.18707054972753173,3.485135933061966e-06,14062.376522541046
552,565248,486713.06746307574,1.0,1.0,1.0,1.0,1.0,1.0,0.04375000000000018,0.5013063524813945,0.20176832186875363,0.5143762469193757,0.48562375308062433,1,-0.006722236424684525,0.027134183794260025,1.1918936669826508,0.0198345441951858,0.9755554527044297,23.59116177558899,0.1568135330453515,0.22368816003993572,3.341478437546647e-06,14083.019966602325
553,566272,838124.5724577755,1.0,1.0,1.0,1.0,1.0,1.0,0.03750000000000009,0.5008702644979097,0.2008434603846382,0.5360630580357143,0.4639369419642857,2,-0.009919618885032833,0.044958685617893936,1.1918937921524049,0.01846158255212913,0.9777342766523361,28.032731306552886,0.20325008779764175,0.17831558918967522,3.2020649128152946e-06,14103.26904630661
554,567296,442520.83606666327,1.0,1.0,1.0,1.0,1.0,1.0,0.031250000000000444,0.5046036486910859,0.20308254929506334,0.5308169219547776,0.46918307804522247,1,-0.014949271455407143,0.02647899053990841,1.1919055223464965,0.01669012190850765,0.9811591476202011,19.77093126773834,0.09613013863563538,0.10529357226061133,3.0668993794772105e-06,14123.514951944351
555,568320,816460.059961725,1.0,1.0,1.0,1.0,1.0,1.0,0.043749999999999734,0.5040511400872049,0.20349512327508235,0.5296274471289203,0.4703725528710797,1,-0.0029582419898360967,0.05574171356856823,1.1918877184391021,0.02872229171388412,0.9649374932050705,36.930260467529294,0.1931425167247653,0.9,2.935985735632038e-06,14143.814629793167
556,569344,508160.9559855312,1.0,1.0,1.0,1.0,1.0,1.0,0.04375000000000018,0.5050664023813605,0.20382209765880693,0.5022300310852817,0.4977699689147182,2,-0.0021245311945676804,0.022872171131893992,1.191871440410614,0.005263345379239582,0.9991026669740677,19.075961112976074,0.1515352612361312,0.22876792454961012,2.8093277567572083e-06,14164.174602031708
557,570368,486791.64337905124,1.0,1.0,1.0,1.0,1.0,1.0,0.02499999999999991,0.5079737893465884,0.2042530863322401,0.525951362305787,0.474048637694213,1,-0.007796359225176274,0.023699518339708448,1.1918343305587769,0.016747049929636403,0.9738661885261536,17.905917835235595,0.10562870744615793,0.12157665459056936,2.6869290955991443e-06,14184.881586790085
558,571392,838080.1167067289,1.0,1.0,1.0,1.0,1.0,1.0,0.03750000000000009,0.5070526600367696,0.20404318545752245,0.5258178666859248,0.47418213331407527,2,-0.008817880880087614,0.04381676316261292,1.1917952060699464,0.021380110699351463,0.9763706862926483,38.67838869094849,0.1225102374330163,0.490638405963151,2.5687932820678646e-06,14205.19706916809
559,572416,442465.35851694643,1.0,1.0,1.0,1.0,1.0,1.0,0.04375000000000018,0.5058846376318957,0.20398480666439306,0.516043766904352,0.4839562330956479,1,-0.0050711919902823865,0.02658687150105834,1.1917863488197327,0.008577277065353429,0.9860559314489364,25.498088943958283,0.11429772954434156,0.12471369981835456,2.4549237231352375e-06,14225.672255039215
560,573440,640605.2079651207,1.0,1.0,1.0,1.0,1.0,1.0,0.025000000000000355,0.5056427898420105,0.20588743888045347,0.5180426630601832,0.4819573369398168,1,-0.009884053166024387,0.03838415807113051,1.1917539060115814,0.026389290076009785,0.9783487319946289,37.71235589981079,0.16211478020995856,0.5592204000998395,2.34532370273669e-06,14246.269927978516
561,574464,684125.8899453282,1.0,1.0,1.0,1.0,1.0,1.0,0.02187500000000031,0.5050518420132595,0.20533008372553374,0.5368514960197639,0.46314850398023605,2,-0.006140207219868898,0.03635396771132946,1.19174684882164,0.01019509288646816,0.9892096310853958,25.97619699239731,0.16753625441342593,0.175489287101019,2.239996381676482e-06,14266.70341038704
562,575488,442609.78121733665,1.0,1.0,1.0,1.0,1.0,1.0,0.02499999999999991,0.503915936894451,0.20668196773851286,0.5152900659105754,0.48470993408942464,1,-0.00813961389940232,0.029597341222688554,1.1917299687862397,0.0152179429970829,0.9862525224685669,15.994299721717834,0.13295608963817357,0.07554238380326465,2.1389447975366027e-06,14287.70998454094
563,576512,882305.0725817904,1.0,1.0,1.0,1.0,1.0,1.0,0.02499999999999991,0.5041544885011501,0.20538651657408966,0.5253883919564194,0.4746116080435806,2,-0.010089577175676823,0.04348811935633421,1.1917298018932343,0.024705893884107866,0.9646593987941742,37.58674589395523,0.19112260304391385,0.2469375051183547,2.0421718645891336e-06,14308.440002202988
564,577536,442568.3887339039,1.0,1.0,1.0,1.0,1.0,1.0,0.04999999999999982,0.500045478710861,0.2032453639442022,0.5194021101992966,0.4805978898007034,1,-0.008229599753394722,0.024515852285549044,1.1917282223701477,0.013468240834623658,0.9826802730560302,25.43029898405075,0.08633468765765429,0.09566864898539297,1.9496803737122124e-06,14329.316598415375
565,578560,750563.3130501807,1.0,1.0,1.0,1.0,1.0,1.0,0.03750000000000009,0.5016102247118852,0.2037326905421566,0.5116061400224635,0.4883938599775365,1,-0.012654097960330546,0.044570218212902545,1.1917375326156616,0.023959744861975097,0.9657193958759308,38.795594227314,0.16196347549557685,0.34747495098647174,1.8614729923095352e-06,14349.830406188965
566,579584,573919.8971935213,1.0,1.0,1.0,1.0,1.0,1.0,0.04375000000000018,0.5040828893896913,0.20519504331876162,0.5359632324779778,0.4640367675220222,2,-0.007997473189607262,0.03402665574103594,1.1917422235012054,0.009333677988098543,0.9856620281934738,34.91568219661713,0.13156356289982796,0.10904132149540824,1.7775522642334245e-06,14369.925261974335
567,580608,442313.2907704115,1.0,1.0,1.0,1.0,1.0,1.0,0.03750000000000009,0.503865071502766,0.20596079987822768,0.5310426384600223,0.46895736153997764,1,-0.008491082093678414,0.030524692684412002,1.1917404532432556,0.016307635693936184,0.9791055500507355,18.85771999359131,0.15520117841660977,0.07040807015826214,1.6979206097115335e-06,14390.298916816711
568,581632,442545.37506716326,1.0,1.0,1.0,1.0,1.0,1.0,0.043749999999999734,0.5036829277189079,0.20737524841915625,0.523457702253417,0.4765422977465829,1,-0.010894734828616493,0.026024283142760396,1.1917306780815125,0.0177369302185973,0.9779321283102036,31.059551465511323,0.139563343860209,0.09206166027462831,1.622580325276936e-06,14410.381582260132
569,582656,816088.3807248175,1.0,1.0,1.0,1.0,1.0,1.0,0.025000000000000355,0.5040999531635324,0.2077289942013955,0.5335758678187055,0.4664241321812945,1,-0.00868226601742208,0.04792032381519675,1.1917208433151245,0.023429029313683715,0.9748856395483017,34.56780138015747,0.2082525385543704,0.2476845377899193,1.551533583701984e-06,14429.344049692154
570,583680,508290.94789756835,1.0,1.0,1.0,1.0,1.0,1.0,0.04062500000000013,0.506087571804702,0.20845226745854015,0.5112526003908466,0.48874739960915337,2,-0.004692304215859621,0.030252395290881397,1.1917072772979735,0.008734691031392572,0.9849237889051438,36.03013733625412,0.11149784587323666,0.07772603244613074,1.4847824339356176e-06,14448.64845919609
571,584704,486685.56012492627,1.0,1.0,1.0,1.0,1.0,1.0,0.025000000000000355,0.5070414736035753,0.20548389584509424,0.5099698242707532,0.4900301757292468,1,-0.007103656139224768,0.027681704284623264,1.1916873574256897,0.024491782411689655,0.9686512887477875,25.604091668128966,0.12842991352081298,0.5227891926789903,1.4223288010442444e-06,14467.729387044907
572,585728,838003.6897529364,1.0,1.0,1.0,1.0,1.0,1.0,0.034375000000000044,0.5075062898492577,0.2056815159918654,0.5394413407821229,0.4605586592178771,2,-0.007503350876504555,0.0407299836166203,1.191673070192337,0.010134175928673272,0.9854962319135666,33.02536677122116,0.1395092722028494,0.14765110936560352,1.3641744861562841e-06,14486.35804772377
573,586752,442507.9922724487,1.0,1.0,1.0,1.0,1.0,1.0,0.03125,0.5069208031072305,0.20664817699041618,0.5141420870934529,0.4858579129065472,1,-0.008081960259005427,0.029175394121557473,1.191662210226059,0.01397411705411571,0.9770583242177964,25.702497518062593,0.17088829446583986,0.07722413773894972,1.3103211664101697e-06,14504.34833908081
574,587776,684569.3741408885,1.0,1.0,1.0,1.0,1.0,1.0,0.04375000000000018,0.5081561335095726,0.20653885947488762,0.5196644920782851,0.4803355079217148,1,-0.010215366911143064,0.03970368206501007,1.1916628301143646,0.023482805606505508,0.9771870404481888,33.83495334386826,0.16865408681333066,0.34627561580355626,1.2607703949060127e-06,14521.351891756058
575,588800,640063.9050285742,1.0,1.0,1.0,1.0,1.0,1.0,0.034375000000000044,0.5089522933969052,0.20477747805405105,0.519891822646075,0.48010817735392497,2,-0.00893473660107702,0.03286662753671408,1.1916537702083587,0.008976215512734597,0.9940065234899521,26.838403856754304,0.1942742269486189,0.10866495740674587,1.2155236006608076e-06,14538.178497552872
576,589824,442506.16169269383,1.0,1.0,1.0,1.0,1.0,1.0,0.03750000000000009,0.5078017747334957,0.204719823087516,0.514563704661617,0.4854362953383829,1,-0.010168103082105518,0.026741227880120278,1.191631931066513,0.015537265391559174,0.9812528043985367,22.560581582784653,0.11562962206080556,0.0701650515594761,1.1745820885671845e-06,14554.541126966476
577,590848,816450.6056017131,1.0,1.0,1.0,1.0,1.0,1.0,0.03750000000000009,0.5085374729148875,0.20441443559788947,0.5308351317768623,0.4691648682231378,1,-0.01369177249725908,0.05582014378160238,1.1916200280189515,0.026738839719349983,0.9685017824172973,44.75705716609955,0.185515321418643,0.2831601936029421,1.1379470393558157e-06,14570.916152238846
578,591872,508284.12095995527,1.0,1.0,1.0,1.0,1.0,1.0,0.04062500000000013,0.5106226369642333,0.20633951810884896,0.5225884448969204,0.47741155510307964,2,-0.0051143560092896225,0.02387539902701974,1.1916058719158173,0.008853794013123206,0.9858195811510087,22.409294098615646,0.14688507597893477,0.0888586691434991,1.1056195095613903e-06,14587.645164251328
579,592896,442621.6364827305,1.0,1.0,1.0,1.0,1.0,1.0,0.03750000000000009,0.5087677013255962,0.20738572063973984,0.5082793376529877,0.4917206623470122,1,-0.00955767217092216,0.024710495001636447,1.191585510969162,0.02074510880171232,0.9722548097372055,28.631397318840026,0.12148232217878104,0.1434402877144318,1.0776004314920739e-06,14604.516749382019
580,593920,816030.5304392278,1.0,1.0,1.0,1.0,1.0,1.0,0.04375000000000018,0.510575289528323,0.20825134660129,0.5391505791505792,0.4608494208494209,1,-0.012392446119338273,0.05116218188777566,1.1915694713592528,0.020215424367859215,0.9759313195943833,34.72205266952515,0.14519138298928738,0.11434507491486803,1.0538906132026367e-06,14620.881805896759
581,594944,508355.0647575557,1.0,1.0,1.0,1.0,1.0,1.0,0.04062500000000013,0.5100827188376936,0.20794966455478736,0.5237858651099242,0.47621413489007575,2,-0.006393278576433658,0.020843563601374626,1.191563504934311,0.008925710611313776,0.9877175122499466,29.067762517929076,0.18099781312048435,0.02906498385638227,1.0344907384712003e-06,14637.584511518478
582,595968,552681.6907510757,1.0,1.0,1.0,1.0,1.0,1.0,0.02499999999999991,0.5092968922341627,0.20765601926687555,0.5042191585452817,0.49578084145471835,1,-0.009961870638653636,0.02875152095220983,1.1915560722351075,0.03429623154718797,0.9553474515676499,25.645606255531312,0.1758377520367503,0.6597873198291049,1.019401366779486e-06,14654.503566741943
583,596992,772040.4982272983,1.0,1.0,1.0,1.0,1.0,1.0,0.03750000000000009,0.5100680160751155,0.206642575121863,0.5220216606498195,0.4779783393501805,2,-0.008124974020756782,0.03932040138170123,1.1915478467941285,0.009436843660958516,0.9842281192541122,36.08836890459061,0.13890414778143167,0.2300536134757721,1.0086229332966646e-06,14671.110246181488
584,598016,442642.1368801594,1.0,1.0,1.0,1.0,1.0,1.0,0.03125,0.5109749345007921,0.20711212231998752,0.4938257290277697,0.5061742709722302,1,-0.007519716880051419,0.025308393174782395,1.19153932929039,0.011364640413819415,0.9833302050828934,28.699672734737398,0.11432903576642275,0.09903053714333403,1.0021557488668096e-06,14687.581860780716
585,599040,816401.1629823446,1.0,1.0,1.0,1.0,1.0,1.0,0.04999999999999982,0.50761732175894,0.20448692287577178,0.5192090019308876,0.48079099806911246,1,-0.009560520178638399,0.04494103919714689,1.1915417432785034,0.022479980525676523,0.9692298114299774,41.736323952674866,0.1578931249678135,0.32371699887565153,1e-06,14704.084806203842
