update,environment_steps,mean_episode_return,all_hit_rate,all_sync_rate,hit_fraction,target_coverage_rate,complete_group_rate,coordinated_group_rate,mean_sync_spread_s,trust_mean,trust_std,guided_action_fraction,actor_update_fraction,completed_episodes,policy_loss,value_loss,entropy,approx_kl,importance_ratio,actor_grad_norm,critic_grad_norm,adaptive_kl_coef,actor_lr,wall_time_s
1,1024,442548.0219934061,1.0,1.0,1.0,1.0,1.0,1.0,0.04375000000000018,0.7708589243730024,0.020930521112671147,0.1952699994273607,0.8047300005726393,1,-0.015559172944631428,1.0940860092639924,2.75939484834671,0.19323162264335375,0.8885147571563721,1.1273469239473344,8.160985726118088,0.029192926025390625,0.0002999978442511331,27.02906560897827
2,2048,684572.0725199133,1.0,1.0,1.0,1.0,1.0,1.0,0.037499999999999645,0.7373796849337925,0.03853967407727476,0.21989039730975216,0.7801096026902479,1,0.010785580007359385,0.4068323314189911,2.7566360354423525,-0.028985599892246583,1.0897747665643691,4.2773848354816435,1.6989955946803093,0.26087519915464497,0.0002999913770667033,53.58874034881592
3,3072,573910.4634449705,1.0,1.0,1.0,1.0,1.0,1.0,0.04375000000000018,0.7124327375312204,0.05383171898643239,0.272734693877551,0.727265306122449,1,-0.0016905288677662611,0.20210537128150463,2.743447709083557,0.0028483921164363935,1.004511770606041,1.3297932714223861,1.0115348637104034,0.14919969469268582,0.0002999805986332205,80.12846302986145
4,4096,508180.2338152155,1.0,1.0,1.0,1.0,1.0,1.0,0.03750000000000009,0.6897244381430311,0.06909893573307747,0.29697525206232817,0.7030247479376719,2,-0.0006257040426135063,0.17644313909113407,2.731000554561615,-0.013830638208464929,1.0228333920240402,2.0309112280607224,1.5745057746767999,0.2133256531142576,0.0002999655092615288,107.8301613330841
5,5120,442504.63572747074,1.0,1.0,1.0,1.0,1.0,1.0,0.037499999999999645,0.6687446858210337,0.08333081147490355,0.29128941617233844,0.7087105838276616,1,-0.0025664049200713633,0.12346474118530751,2.716148924827576,0.016750221752722005,0.9969660341739655,1.838737389445305,1.2839890390634536,0.4117674396049209,0.00029994610938679735,134.1949906349182
6,6144,816296.4257814884,1.0,1.0,1.0,1.0,1.0,1.0,0.03750000000000009,0.650854419392241,0.09554528578322195,0.3356188101669091,0.6643811898330909,1,-0.0017825271410401911,0.19617721140384675,2.6983235359191893,-0.001331600059491489,1.000769817829132,0.9608484238386155,1.6971573814749719,0.07630133786997499,0.00029992239956850794,160.16110491752625
7,7168,508112.9634130001,1.0,1.0,1.0,1.0,1.0,1.0,0.03750000000000031,0.6343547197974602,0.10524798526848735,0.36054802180903117,0.6394519781909688,2,0.0014941225294023753,0.11816761735826731,2.6844287395477293,0.01364968695187918,0.993472957611084,1.7775227278470993,2.013771153986454,0.27273904226363666,0.0002998943804904386,186.8021900653839
8,8192,442641.9811581075,1.0,1.0,1.0,1.0,1.0,1.0,0.03125,0.6198505764107577,0.11636716438309164,0.37950285009108536,0.6204971499089146,1,-0.003749345545656979,0.12993923164904117,2.6676908850669863,0.013924430526471455,0.9873872518539428,1.0491634219884873,3.4751929491758347,0.21397100357441887,0.0002998620529606442,214.12264800071716
9,9216,882267.283251889,1.0,1.0,1.0,1.0,1.0,1.0,0.03750000000000009,0.6088417098550855,0.12579434580739735,0.3981176470588235,0.6018823529411764,2,-0.0022189651848748327,0.15896490029990673,2.6551576972007753,0.015826071818618725,0.9889657318592071,2.223493459820747,2.32486207485199,0.3059356400094813,0.0002998254179114328,240.3526656627655
10,10240,442693.8111253232,1.0,1.0,1.0,1.0,1.0,1.0,0.03750000000000009,0.5968637164930082,0.1325605871698689,0.39418782156386045,0.6058121784361395,1,-0.007852448266930878,0.05468289572745562,2.6416349530220034,0.006224580022426851,0.9928048849105835,0.9530300319194793,0.8406963050365448,0.06998826141072567,0.0002997844763993392,266.7170464992523
11,11264,816398.2335425019,1.0,1.0,1.0,1.0,1.0,1.0,0.04999999999999982,0.5887830013294038,0.1398625285192961,0.4294055201698514,0.5705944798301487,1,-0.0015479294350370764,0.09166188277304173,2.628367471694946,0.02915033574598893,0.9826830148696899,2.6939618051052094,0.9477144375443458,0.7061168348959158,0.000299739229605094,293.7094271183014
12,12288,508205.77848445624,1.0,1.0,1.0,1.0,1.0,1.0,0.03125000000000022,0.5798400846698916,0.14678236427872862,0.42694459243473626,0.5730554075652637,2,-0.009643568051978945,0.061765088234096766,2.614612007141113,-0.003080553788678525,1.0055924147367477,1.7753415316343308,0.45686098113656043,0.11776038756752656,0.00029968967883358983,326.240113735199
13,13312,442644.2830426097,1.0,1.0,1.0,1.0,1.0,1.0,0.024999999999999467,0.5755143507760858,0.15381054177265158,0.43161729574773056,0.5683827042522694,1,-0.010615670215338468,0.04325909148901701,2.6015562057495116,0.02382311150828418,0.9887754708528519,1.3722320318222045,0.48746193647384645,0.1287709838050903,0.0002996358255138437,353.3366403579712
14,14336,816139.330473572,1.0,1.0,1.0,1.0,1.0,1.0,0.04375000000000062,0.5730337716409587,0.16324655693275889,0.453287965086175,0.546712034913825,1,-0.0018983086105436088,0.07959136869758368,2.589309370517731,0.02191050656752793,0.9830769717693328,3.0419582545757295,0.5034616991877556,0.4209343665309492,0.00029957767119895577,378.88457441329956
15,15360,508570.2943696007,1.0,1.0,1.0,1.0,1.0,1.0,0.046875,0.5650581266132676,0.16653820565378583,0.4412493516971129,0.5587506483028871,2,-0.00559303374029696,0.037109721824526785,2.57409063577652,0.005697221879295,1.0046665132045747,2.061280381679535,0.48895803913474084,0.07799998793634097,0.0002995152175660644,412.91962790489197
16,16384,816551.0196016729,1.0,1.0,1.0,1.0,1.0,1.0,0.02499999999999991,0.5601211736131223,0.17097304992718643,0.4711189074050871,0.5288810925949129,1,-0.010299593617673963,0.06559956558048725,2.564056372642517,0.019351237221491104,0.9773737102746963,1.8549382120370865,0.6920255608856678,0.06908731931479498,0.000299448466416298,438.82267785072327
17,17408,508183.091427505,1.0,1.0,1.0,1.0,1.0,1.0,0.025000000000000133,0.5540432315697412,0.17498076662362408,0.46663071322637184,0.5333692867736282,2,-0.004018938797526061,0.036528126895427705,2.5538482427597047,0.023129515067138583,0.9896114468574524,3.303420388698578,0.5701036613434554,0.4182162973849535,0.00029937741967472306,465.54139733314514
18,18432,442674.1576330662,1.0,1.0,1.0,1.0,1.0,1.0,0.03750000000000009,0.5490304402791656,0.17856725240251145,0.4493363737356019,0.550663626264398,1,-0.011536091763991863,0.03162019588053226,2.5390906810760496,0.005658206224292073,0.9987324595451355,1.798808091878891,0.6685744039714336,0.11811663501923252,0.0002993020793902885,500.955450296402
19,19456,816201.7122995555,1.0,1.0,1.0,1.0,1.0,1.0,0.04375000000000018,0.5436469146661735,0.1821797247923174,0.4749475815197744,0.5250524184802255,1,-0.009119458124041557,0.061545714549720285,2.5231074929237365,0.022240441400312293,0.984150829911232,3.091023977100849,0.602841479331255,0.28600502811365996,0.0002992224477357666,530.731362581253
20,20480,508419.35286901146,1.0,1.0,1.0,1.0,1.0,1.0,0.031249999999999778,0.5345028568605557,0.18213489786719633,0.4749730571189079,0.5250269428810921,2,-0.00990740820998326,0.029024144634604454,2.509333622455597,0.009237336307066978,0.9857132107019424,1.341074788570404,0.6082660503685474,0.08077626752137639,0.00029913852700769053,558.8456778526306
21,21504,530672.7805687338,1.0,1.0,1.0,1.0,1.0,1.0,0.03125,0.5307505876376787,0.18678431377998309,0.4760622381807301,0.5239377618192699,1,-0.01035374566563405,0.037272377964109184,2.5006131887435914,0.021339687035516874,0.9689115822315216,1.3570235684514045,0.5974440997466445,0.052997309120775056,0.00029905031962628787,585.6723253726959
22,22528,727936.6831499338,1.0,1.0,1.0,1.0,1.0,1.0,0.03750000000000009,0.5274238033496716,0.189108919078994,0.5199742268041238,0.4800257731958763,1,-0.0021187220176216216,0.039445158559829,2.494817781448364,0.024553343411830752,1.408703762292862,5.469378405809403,0.49164110645651815,0.4331020095405317,0.00029895782813541097,611.0156397819519
23,23552,508410.9678387493,1.0,1.0,1.0,1.0,1.0,1.0,0.025000000000000133,0.5260879641472641,0.19160345771340595,0.48317802250998426,0.5168219774900157,2,0.0004813040373846889,0.02650720183737576,2.4852732181549073,0.004923963394432152,1.105474802851677,3.1058948755264284,0.38933653216809033,0.1337577945851514,0.00029886105520246346,637.7182557582855
24,24576,772724.8958658101,1.0,1.0,1.0,1.0,1.0,1.0,0.037499999999999645,0.5212939718609555,0.19282144669569323,0.49139511502750016,0.5086048849724999,1,0.018950915336608885,0.03748647598549724,2.4730262398719787,0.010778433835795288,7.445463708043098,2.6283519864082336,0.48770821951329707,0.29149036979479276,0.0002987600036183236,670.593103647232
25,25600,552153.0797453001,1.0,1.0,1.0,1.0,1.0,1.0,0.046875,0.520155899814775,0.19415057768485353,0.5200135455469015,0.47998645445309857,2,-0.0007687630539294332,0.034659445425495504,2.456104838848114,0.003538993666139467,0.9980015218257904,1.3094770327210425,0.8092381022870541,0.043751140746936854,0.0002986546762972634,699.8296356201172
26,26624,442562.2462158324,1.0,1.0,1.0,1.0,1.0,1.0,0.03125,0.5197039320436059,0.1981433263621157,0.49805919456574477,0.5019408054342552,1,-0.002116166437917855,0.029267710540443657,2.449671995639801,0.009382079784576369,0.9958762794733047,1.0708705589175225,0.5503397449851036,0.011120952961505134,0.00029854507627686487,730.6916134357452
27,27648,816257.0104107112,1.0,1.0,1.0,1.0,1.0,1.0,0.03750000000000009,0.5187840425633481,0.199222558867395,0.5033154627539503,0.49668453724604966,1,0.0033648555283434687,0.04614418279379606,2.4488802671432497,0.06901816782536248,0.9920560598373414,1.865672567486763,0.7143996745347977,0.4207504916496403,0.00029843120671793226,758.7270331382751
28,28672,508382.2423215974,1.0,1.0,1.0,1.0,1.0,1.0,0.043749999999999956,0.5162436885635412,0.20031008511876047,0.48714060414897487,0.5128593958510251,2,-0.0025291866739280524,0.024356777779757977,2.4392981052398683,0.004657228404727887,0.9924535602331161,1.0698901191353798,0.5902340151369572,0.0568371524356673,0.000298313070904401,785.2667763233185
29,29696,596663.8925994635,1.0,1.0,1.0,1.0,1.0,1.0,0.025000000000000355,0.5124698854967281,0.19975683049841472,0.5051170028128553,0.4948829971871447,1,-0.0024601159850135444,0.028210140578448773,2.4336618900299074,0.008293645793344417,1.0051993995904922,1.2370017617940903,0.46010911986231806,0.016052490617305463,0.0002981906722432429,813.1098489761353
30,30720,727991.6044290513,1.0,1.0,1.0,1.0,1.0,1.0,0.03437499999999982,0.5118362703584227,0.2013403466223553,0.5073600836882612,0.49263991631173876,2,-0.011959424335509538,0.03094191523268819,2.4324254035949706,0.03680917700071325,0.973691874742508,1.4234405398368835,0.2516103945672512,0.6748116064045566,0.00029806401426436807,839.2897572517395
31,31744,442667.28067355603,1.0,1.0,1.0,1.0,1.0,1.0,0.031249999999999556,0.5103593258947319,0.19809883234596798,0.5007683988843986,0.49923160111560133,1,-0.005305964709259569,0.015867436002008618,2.414015221595764,0.0046113436001459,0.9967440664768219,1.1118022978305817,0.27728952169418336,0.12504395303391866,0.00029793310062052294,866.1374640464783
32,32768,816397.4547875449,1.0,1.0,1.0,1.0,1.0,1.0,0.043749999999999734,0.510690838514783,0.20118162653417873,0.5212072862651244,0.4787927137348757,1,-0.008153085806407034,0.04617137536406517,2.394094681739807,0.017405939387919876,0.9707258969545365,1.4322307422757148,0.5647792920470238,0.0911570417617267,0.00029779793508718486,893.4398310184479
33,33792,508273.7868307829,1.0,1.0,1.0,1.0,1.0,1.0,0.03750000000000009,0.5085027485603023,0.20207845574183,0.5013537906137184,0.49864620938628157,2,-0.009397524048108608,0.023552277171984316,2.384699833393097,0.017180485219754082,1.0086368411779403,1.7960245981812477,0.37930683195590975,0.04844458943089381,0.0002976585215624535,920.4833886623383
34,34816,442466.6529523432,1.0,1.0,1.0,1.0,1.0,1.0,0.03750000000000009,0.5073413607162575,0.2031019085675769,0.5101474851884533,0.4898525148115467,1,-0.01071174507960677,0.023095645057037473,2.3804776549339293,0.02637665555726838,0.9678800165653229,1.7025297716259957,0.24147695675492287,0.17878778508155307,0.0002975148640669382,947.3216788768768
35,35840,882258.9461408854,1.0,1.0,1.0,1.0,1.0,1.0,0.028124999999999956,0.5075466693896419,0.20288095266803868,0.5339514589582766,0.4660485410417235,2,-0.007510501265642233,0.04236943563446403,2.372392809391022,0.014865525868658469,1.0537657588720322,1.8888850152492522,0.42449582889676096,0.11544341853920365,0.00029736696674364203,973.4650554656982
36,36864,442420.47772943974,1.0,1.0,1.0,1.0,1.0,1.0,0.04375000000000018,0.5073250768731266,0.20318350181550643,0.5183404229085753,0.4816595770914247,1,-0.007313577644526959,0.022978384280577302,2.364664685726166,0.016305963540937496,0.9761479526758194,1.5648672699928283,0.4849335938692093,0.09202704868783941,0.0002972148338578425,1000.5238409042358
37,37888,442410.59800705314,1.0,1.0,1.0,1.0,1.0,1.0,0.02499999999999991,0.5056769542573971,0.20419570676793278,0.5350110835832572,0.4649889164167427,1,-0.005546820908784866,0.02665691450238228,2.3582464337348936,0.01644151198629924,0.982738447189331,2.407224640250206,0.32961642295122145,0.12032942918805978,0.0002970584697969682,1028.316998243332
38,38912,882177.2739636302,1.0,1.0,1.0,1.0,1.0,1.0,0.03125,0.5039225795907079,0.2030939261901148,0.5233127975357043,0.4766872024642957,2,-0.004518700204789639,0.06366175562143325,2.3508058905601503,-0.007855047035860707,42.82605828642845,3.6260532289743423,0.4945225715637207,0.1032281766659689,0.0002968978790704727,1054.2526860237122
39,39936,442590.3295221776,1.0,1.0,1.0,1.0,1.0,1.0,0.03750000000000009,0.5029082397523974,0.2026746298908827,0.5165873994480653,0.4834126005519347,1,0.004899695867788978,0.026851477241143583,2.3417153120040894,0.016750047532956547,3.591837555170059,2.047062227129936,0.32765809148550035,0.2024630978301971,0.0002967330663097041,1080.446832895279
40,40960,816558.6178001314,1.0,1.0,1.0,1.0,1.0,1.0,0.04375000000000018,0.5054052838232642,0.20323323113313102,0.5230593317240503,0.47694066827594966,1,-0.0003880109274177812,0.03610314792022109,2.3297312378883364,0.02982811943627821,0.9927713960409165,2.6563915073871613,0.4471039943397045,0.48246940300519636,0.0002965640362677718,1106.5577318668365
41,41984,508058.6960962117,1.0,1.0,1.0,1.0,1.0,1.0,0.03750000000000009,0.5051566488679102,0.20202741613652817,0.5222144358794674,0.4777855641205326,2,-0.013030332082416862,0.022661635000258685,2.3174686431884766,-0.015054101860711544,15.880383622646331,2.5970753848552706,0.3339150957763195,0.06517446217742329,0.0002963907938194092,1133.2127254009247
42,43008,442657.8566312045,1.0,1.0,1.0,1.0,1.0,1.0,0.04375000000000018,0.5050808804244797,0.20207316702439537,0.5110047288224648,0.48899527117753516,1,-0.004049776960164309,0.026276381872594356,2.3102961659431456,-0.006729508303607723,175.55822278261184,1.551932619512081,0.5431715652346611,0.01656647382885132,0.00029621334396083315,1159.9100253582
43,44032,816298.8852643669,1.0,1.0,1.0,1.0,1.0,1.0,0.018750000000000266,0.5045439007170266,0.20271172300516196,0.5269724003345414,0.4730275996654586,1,-0.008108725771307945,0.05257998835295439,2.3079858660697936,0.010022129924851342,1105.8329474002123,3.2542306005954744,0.5802176594734192,0.1480421029270214,0.00029603169180959993,1185.846075296402
44,45056,508428.9280694723,1.0,1.0,1.0,1.0,1.0,1.0,0.028125000000000178,0.5021065362759891,0.20194078841902452,0.5241458408789086,0.4758541591210914,2,-0.0055386391934007405,0.0363158605992794,2.3037422776222227,0.005950844759217056,1712.5006870478392,2.0379423201084137,0.4161278925836086,0.03386728463257445,0.0002958458426044576,1212.1412017345428
45,46080,530661.1172009408,1.0,1.0,1.0,1.0,1.0,1.0,0.03750000000000009,0.5023943950128343,0.20106601111069058,0.5211259152562717,0.4788740847437282,1,0.0089102391153574,0.03672341648489237,2.3016101717948914,0.030020477604964846,23976.053792381288,3.391684424877167,0.5381835911422967,0.27238178023329934,0.000295655801705195,1238.9147143363953
46,47104,794029.700537473,1.0,1.0,1.0,1.0,1.0,1.0,0.050000000000000044,0.5014606265009128,0.20227068187094827,0.5285756154747948,0.47142438452520513,2,0.0017832106386777014,0.06819959562271834,2.2933635354042052,0.015045996785511662,6.8173664808273315,3.2569679260253905,0.49479555562138555,0.189273351692891,0.0002954615745924871,1265.7291526794434
47,48128,442560.71187874675,1.0,1.0,1.0,1.0,1.0,1.0,0.03750000000000009,0.5036091625847681,0.20441314739727143,0.5167549550621987,0.48324504493780135,1,0.013839351339265704,0.033180789276957515,2.2850207686424255,-0.001054394874863407,18074.976605308057,3.794513764977455,0.4232020381838083,0.2192045886866137,0.0002952631668677369,1292.0297210216522
48,49152,816502.521901682,1.0,1.0,1.0,1.0,1.0,1.0,0.043749999999999734,0.5023665774445891,0.20382617739722628,0.5240227752543023,0.47597722474569765,1,-0.002645617653615773,0.06252832617610693,2.274176907539368,0.017596887076251115,0.9846979379653931,1.2437987685203553,0.5024709701538086,0.14154058156668625,0.00029506058425291404,1318.357459306717
49,50176,508284.05026873946,1.0,1.0,1.0,1.0,1.0,1.0,0.03750000000000009,0.5042071933915933,0.20490003842644702,0.5240233497979344,0.47597665020206553,2,-0.002293735707644373,0.04048443390056491,2.2650787949562075,0.015430657067958454,1.0004122763872147,1.5527651831507683,0.4045085195451975,0.1110423356809177,0.0002948538325903896,1344.8723289966583
50,51200,640792.4978288114,1.0,1.0,1.0,1.0,1.0,1.0,0.018750000000000266,0.5057526299752921,0.20617209242621815,0.5105617720940854,0.48943822790591457,1,-0.0015343205803219461,0.04595559574663639,2.2609214305877687,0.021604052811235164,0.9834355354309082,2.2387127012014387,0.3977518787607551,0.10755018997300818,0.00029464291784276784,1371.3870005607605
51,52224,684083.9727715924,1.0,1.0,1.0,1.0,1.0,1.0,0.03750000000000009,0.5060134636470945,0.20586472544610313,0.5354319492913611,0.464568050708639,2,-0.004936056141741574,0.050703424587845804,2.2561477780342103,0.014645718679709674,0.9990033566951751,1.5422110825777053,0.36682339012622833,0.08573487076416818,0.000294427846092714,1398.6628260612488
52,53248,442547.8237668872,1.0,1.0,1.0,1.0,1.0,1.0,0.056250000000000355,0.5068052701841852,0.2072425878807405,0.5253286696417803,0.47467133035821973,1,-0.0020803289546165614,0.026618779683485628,2.2525183081626894,0.02526357667391561,0.9790685057640076,1.708048290014267,0.27487022094428537,0.17086134545167614,0.000294208623542779,1426.5246336460114
53,54272,816444.7914165258,1.0,1.0,1.0,1.0,1.0,1.0,0.03750000000000053,0.5069918983881065,0.20681348155278856,0.5315291470919077,0.46847085290809237,1,0.0006961188744753599,0.05689298361539841,2.2484485387802122,-0.016075147869878403,1.0512653827667235,3.020721119642258,0.5337107226252555,0.2968214274528231,0.0002939852565152205,1453.8411703109741
54,55296,508074.61785758287,1.0,1.0,1.0,1.0,1.0,1.0,0.028125000000000178,0.5069613312551075,0.20767105239396214,0.5410434660487325,0.45895653395126745,2,-0.003901584167033434,0.02971779555082321,2.243136668205261,0.013598280876753733,0.9945292830467224,2.4919006526470184,0.4629458677023649,0.12777189174383421,0.00029375775145182065,1480.4973075389862
55,56320,442633.40350702405,1.0,1.0,1.0,1.0,1.0,1.0,0.012500000000000178,0.5048796350682976,0.20721477287493792,0.5077239353891336,0.49227606461086637,1,-0.0027130334754474463,0.025761708756908773,2.2365409255027773,0.014186366193960432,0.9959280163049697,1.7239809870719909,0.23787203915417193,0.10024043377919893,0.0002935261149137004,1508.363690853119
56,57344,816361.0869396031,1.0,1.0,1.0,1.0,1.0,1.0,0.025000000000000355,0.5006380070813634,0.20767971039064959,0.5180500478599754,0.4819499521400246,1,-0.005169525556266308,0.05685040280222893,2.229691505432129,0.012244767923358291,1.0008294850587844,2.777232992649078,0.39257542341947554,0.15924858327513866,0.00029329035358112996,1534.5938947200775
57,58368,508240.6512851417,1.0,1.0,1.0,1.0,1.0,1.0,0.03125000000000022,0.5023920466247968,0.20774330744803968,0.524541691306919,0.47545830869308103,2,-0.0012702144333161414,0.039362230151891706,2.22057728767395,0.02222370629892607,0.9781428456306458,1.8259877651929854,0.4949297312647104,0.21157806586080752,0.00029305047425333647,1560.431260585785
58,59392,442714.70226226747,1.0,1.0,1.0,1.0,1.0,1.0,0.03125,0.5004114616598077,0.20716323391855207,0.5171073996752493,0.4828926003247506,1,0.0003770680166780949,0.03209766373038292,2.212718152999878,0.01754903726875503,0.9799873471260071,1.8076006755232812,0.3945968568325043,0.20492419434367073,0.00029280648384830767,1586.3548407554626
59,60416,882204.3128819913,1.0,1.0,1.0,1.0,1.0,1.0,0.03750000000000009,0.5009595176118424,0.2060149795828606,0.5344933469805527,0.46550665301944727,2,0.0022477411897853018,0.06181405354291201,2.2056042551994324,0.0204416302641941,0.993360835313797,3.68763028383255,0.5861723087728024,0.669868578960941,0.00029255838940259264,1613.8899328708649
60,61440,442598.7489564419,1.0,1.0,1.0,1.0,1.0,1.0,0.050000000000000266,0.500908125796336,0.2048451473178247,0.5197604087145458,0.48023959128545424,1,-0.0058997069019824265,0.03641867395490408,2.19348486661911,0.005632984505611694,0.9946084767580032,1.4327800646424294,0.3570506773889065,0.1241280000692118,0.00029230619807109863,1640.5781428813934
61,62464,816422.5875941869,1.0,1.0,1.0,1.0,1.0,1.0,0.031250000000000444,0.5000955492085418,0.20490284758789953,0.5395512014298007,0.46044879857019927,1,-0.007354611437767744,0.0564680578187108,2.1796630382537843,0.02433129087363466,0.977287095785141,2.02247759103775,0.3120304085314274,0.20360095211352466,0.0002920499171268849,1666.8911864757538
62,63488,508280.32378225774,1.0,1.0,1.0,1.0,1.0,1.0,0.028125000000000178,0.502597623601378,0.2063147202106879,0.531296047152284,0.46870395284771604,2,-0.003924643574282527,0.03154131090268493,2.1726635575294493,0.018128629132533658,0.9786329329013824,1.8350519627332686,0.3281871072947979,0.10820189359216369,0.00029178955396095294,1693.3201580047607
63,64512,442629.71911080927,1.0,1.0,1.0,1.0,1.0,1.0,0.02499999999999991,0.5029206583479067,0.20663419688155124,0.5150828663407655,0.48491713365923456,1,-0.005576486815698445,0.024269505869597197,2.1674646615982054,0.0193145758613106,0.9942678391933442,2.1309458792209623,0.444389920681715,0.15719861447325756,0.000291525116082033,1720.1273303031921
64,65536,882041.8742811978,1.0,1.0,1.0,1.0,1.0,1.0,0.02187500000000009,0.5025064186559118,0.20597394771214259,0.5429501248770151,0.45704987512298495,2,0.0005831901915371418,0.04938066080212593,2.160294532775879,0.029930813451051107,0.967322114109993,3.93332445025444,0.647910712659359,0.5709559133376743,0.0002912566111163681,1748.4236018657684
65,66560,442555.5923297182,1.0,1.0,1.0,1.0,1.0,1.0,0.03125,0.5032913573411294,0.2058539791273967,0.5106889740908562,0.4893110259091437,1,-0.002827558293938637,0.025696010421961547,2.1526536464691164,0.010986565992217655,1.0661293536424636,2.2270877420902253,0.23011565059423447,0.268758023258409,0.0002909840468074937,1775.0696024894714
66,67584,816561.4900757372,1.0,1.0,1.0,1.0,1.0,1.0,0.04375000000000018,0.506900233509308,0.20673807324523516,0.5290044910179641,0.4709955089820359,1,-0.009102328564040363,0.06481580454856158,2.143475317955017,0.011043341724315337,3.2513188242912294,1.9903533518314362,0.3839964225888252,0.09371012831410158,0.0002907074310160144,1801.264090538025
67,68608,508125.65854961425,1.0,1.0,1.0,1.0,1.0,1.0,0.025000000000000133,0.5068210509343576,0.20645860663667207,0.5270552232577549,0.4729447767422451,2,-0.0017988821491599083,0.0297718932852149,2.1400865077972413,0.02262876455684155,0.9698523670434952,2.0259992867708205,0.3871679686009884,0.09222482278032307,0.00029042677171937757,1827.836974143982
68,69632,442605.2272425741,1.0,1.0,1.0,1.0,1.0,1.0,0.050000000000000266,0.5108594090668875,0.2077428432775876,0.5093635178380941,0.4906364821619059,1,-0.002024700562469661,0.03946776036173105,2.1395309448242186,0.012908825882378405,25.287051948904992,1.8730072617530822,0.32244950644671916,0.10852922479120425,0.00029014207701164274,1855.3339140415192
69,70656,816250.1660954282,1.0,1.0,1.0,1.0,1.0,1.0,0.05624999999999991,0.5118715775414697,0.20880840627360936,0.5294075963718821,0.47059240362811794,1,0.007208466157317161,0.05882762111723423,2.1338875532150268,0.015039797881369355,1.2712799102067946,4.279402831196785,0.5445692196488381,0.3192901942960633,0.00028985335510324874,1881.3327360153198
70,71680,508289.53036884964,1.0,1.0,1.0,1.0,1.0,1.0,0.025000000000000133,0.5120216645114855,0.2089337427213627,0.5109633701975325,0.48903662980246754,2,-0.003581923618912697,0.033994421316310766,2.122531807422638,0.018461192168594744,0.9921124368906021,1.7697412431240083,0.22787816785275936,0.16968390014689422,0.00028956061432077644,1907.6468756198883
71,72704,442467.5082766861,1.0,1.0,1.0,1.0,1.0,1.0,0.03750000000000053,0.510028069384125,0.20999001892916214,0.5187071621706596,0.4812928378293404,1,-0.004056844802107662,0.03712225598283112,2.1125630497932435,0.013995243959941495,1.0770126461982727,2.152916657924652,0.31968534290790557,0.1479127940332581,0.00028926386310670893,1935.4750201702118
72,73728,816261.4027202614,1.0,1.0,1.0,1.0,1.0,1.0,0.050000000000000266,0.5056838567796897,0.2080601824975968,0.5312235094659509,0.4687764905340492,1,0.0033644114155322313,0.06855031400918961,2.1038612365722655,0.01992792872655782,0.9878446131944656,3.5462422490119936,0.4989746481180191,0.48350627150952213,0.000288963110019188,1961.536583185196
73,74752,508385.8686505109,1.0,1.0,1.0,1.0,1.0,1.0,0.02187500000000009,0.5076888848088879,0.2092914919627919,0.5245861131702496,0.47541388682975044,2,-0.000895705260336399,0.025855757389217617,2.0920166254043577,0.012619367377340396,0.9973089098930359,2.074931487441063,0.20754421092569827,0.20813359571420653,0.00028865836373176705,1988.6208746433258
74,75776,530647.3735471219,1.0,1.0,1.0,1.0,1.0,1.0,0.03750000000000009,0.5072943457603951,0.20826083455846323,0.5171814092953523,0.48281859070464767,1,-0.0012156676268205047,0.0300836852286011,2.0814388394355774,0.017365367195543893,0.9741746544837951,2.567023199796677,0.30700374096632005,0.181429243715084,0.00028834963303316145,2014.8340089321136
75,76800,794014.0079689268,1.0,1.0,1.0,1.0,1.0,1.0,0.028125000000000178,0.5074351602493958,0.20837779122310152,0.538029224428625,0.46197077557137506,2,-0.0001716147060506046,0.03875914746895433,2.0733304142951967,0.014181693552064712,0.9874955147504807,4.5212741017341616,0.2679650507867336,0.320256107540935,0.00028803692682699463,2041.9873218536377
76,77824,442505.32907152176,1.0,1.0,1.0,1.0,1.0,1.0,0.04375000000000018,0.506978241472314,0.2096683934015777,0.5155910079767948,0.4844089920232052,1,-0.0074362560349982235,0.028880296926945447,2.063795971870422,0.013308044083605041,0.9911268651485443,2.565502706170082,0.33714989982545374,0.16749960001480663,0.0002877202541315415,2069.158378839493
77,78848,640568.5820717542,1.0,1.0,1.0,1.0,1.0,1.0,0.031250000000000444,0.5075902576914738,0.2103114022324218,0.5129321064411838,0.4870678935588162,1,-0.007439509592950344,0.0407866264693439,2.0545124411582947,0.022268535989868353,0.9650710076093674,3.0077094048261643,0.3344362359493971,0.20028634859580494,0.00028739962407946826,2096.8672659397125
78,79872,683971.9585126936,1.0,1.0,1.0,1.0,1.0,1.0,0.031249999999999778,0.5084909983605955,0.20955915412272388,0.5300097167202332,0.4699902832797668,2,-0.006797725742217153,0.033902492932975294,2.0457196950912477,0.02264969793255922,0.9607099384069443,3.0878656625747682,0.31812269538640975,0.399151415190387,0.00028707504591756925,2124.4562056064606
79,80896,442525.4876602739,1.0,1.0,1.0,1.0,1.0,1.0,0.031250000000000444,0.5068934382205246,0.21055184479654088,0.5026515608051103,0.49734843919488975,1,-0.007618511328473687,0.03138356963172555,2.036407709121704,0.010713834909134246,1.006398817896843,2.2363971799612044,0.23527565486729146,0.12525794353106245,0.0002867465290065001,2151.0080013275146
80,81920,750542.5185463056,1.0,1.0,1.0,1.0,1.0,1.0,0.04375000000000018,0.5040384718012615,0.20697976940581317,0.5134540424996856,0.4865459575003144,1,0.011622556415386499,0.055682822316885,2.0284804463386537,0.035998370447443404,0.9833845138549805,5.873783200979233,0.41955527365207673,1.0,0.00028641408282050764,2177.2100715637207
81,82944,574044.5807076828,1.0,1.0,1.0,1.0,1.0,1.0,0.040625000000000355,0.5031921184033533,0.20621631611663452,0.5261440278482848,0.47385597215171515,2,0.0014617024979088455,0.02979530906304717,2.0194042325019836,0.010849626660769007,0.9895775973796844,3.240756368637085,0.29183036983013155,0.42364430472150016,0.000286077716947157,2204.1310851573944
82,83968,442587.2026618067,1.0,1.0,1.0,1.0,1.0,1.0,0.05624999999999991,0.5026754562643717,0.20556261572398712,0.5132654269809309,0.48673457301906903,1,-0.007907352119218558,0.023193840077146886,2.0076509594917296,0.013291986650900344,0.9708514600992203,2.2205005913972853,0.23958902545273303,0.18236498188585404,0.0002857374410870549,2231.0619184970856
83,84992,882444.545062582,1.0,1.0,1.0,1.0,1.0,1.0,0.04062500000000013,0.5043533614099601,0.20530138938937792,0.5297105129507365,0.4702894870492636,2,0.009115876723080873,0.051940906420350076,2.0010230898857118,0.024141894407970543,1.0113009095191956,5.096915191411972,0.3259276647120714,0.8941884948678427,0.0002853932650535698,2257.2787539958954
84,86016,442604.3499175608,1.0,1.0,1.0,1.0,1.0,1.0,0.02499999999999991,0.5036915081440853,0.20459454426887047,0.5028604786923526,0.4971395213076474,1,-0.00353765650652349,0.022922480246052146,1.9938471972942353,0.011056799722700305,0.993600708246231,3.365043717622757,0.2300882026553154,0.3464269439398736,0.0002850451987725492,2283.77623295784
85,87040,816536.1291651353,1.0,1.0,1.0,1.0,1.0,1.0,0.03125,0.5029793356097032,0.20555922545952915,0.5313480627601666,0.4686519372398335,1,0.002031243313103914,0.04579463042318821,1.9832320868968965,0.01677879881297901,1.002852126955986,6.196910774707794,0.3833632618188858,0.5032983600898555,0.00028469325228203313,2310.8210151195526
86,88064,508321.30744449794,1.0,1.0,1.0,1.0,1.0,1.0,0.02187500000000031,0.5036789789966178,0.2051346360345682,0.5044164630708513,0.49558353692914864,2,-0.006151111121289432,0.021318042697384954,1.9744479954242706,0.013893756199308615,0.9904552727937699,3.190842515230179,0.14220813568681479,0.21665344086545546,0.00028433743573196463,2338.9483745098114
87,89088,442590.55822102726,1.0,1.0,1.0,1.0,1.0,1.0,0.03750000000000009,0.5059579910593127,0.20634025376652604,0.5128797083839611,0.48712029161603887,1,-0.008075198088772596,0.02200824674218893,1.9666148722171783,0.020650520307106835,0.9679566055536271,3.11132375895977,0.2243505023419857,0.3497332583484472,0.0002839777593838972,2365.067944288254
88,90112,882038.0820180774,1.0,1.0,1.0,1.0,1.0,1.0,0.056250000000000355,0.5056744504455322,0.20529862808405291,0.5329484968888223,0.46705150311117777,2,0.00598317882977426,0.04175934987142682,1.9597569108009338,0.024191518874173878,0.9819890171289444,6.088666689395905,0.3928782053291798,0.6859375142176513,0.0002836142336106989,2391.3158571720123
89,91136,442381.0305964649,1.0,1.0,1.0,1.0,1.0,1.0,0.031250000000000444,0.5098717401576471,0.20757928235760398,0.5074720582694964,0.49252794173050357,1,0.00030424506403505804,0.02499263728968799,1.9522702634334563,-0.0028192646536063124,6.635187047719955,2.875906613469124,0.2422820024192333,0.12710560621361552,0.00028324686889625287,2417.383229494095
90,92160,486582.42695610225,1.0,1.0,1.0,1.0,1.0,1.0,0.025000000000000355,0.5096400424465057,0.20770626394318936,0.5174141512892583,0.4825858487107418,1,0.018913042964413762,0.024626914458349348,1.9417493641376495,-0.0024725033994904776,570.3932847350836,3.6460800647735594,0.24046335592865944,0.2726033037385204,0.0002828756758351554,2445.101133108139
91,93184,772049.2769896798,1.0,1.0,1.0,1.0,1.0,1.0,0.03125,0.5084345242705067,0.20803815290052025,0.5374922696351268,0.46250773036487325,1,-0.001067065936513245,0.044194668717682364,1.9320081055164338,0.022999659100514158,0.967759320139885,4.261206787824631,0.31006314270198343,0.4024238120613973,0.0002825006651324101,2471.117262840271
92,94208,508256.3063246682,1.0,1.0,1.0,1.0,1.0,1.0,0.03750000000000009,0.5094554275865399,0.20905210711792457,0.5113168724279835,0.4886831275720165,2,-0.004783198004588485,0.023153702169656752,1.9235791504383086,0.011754607437846776,0.9880932182073593,2.3602321803569795,0.2076714426279068,0.15590723005407073,0.0002821218476031193,2497.125941514969
93,95232,442558.4201530069,1.0,1.0,1.0,1.0,1.0,1.0,0.037499999999999645,0.5076208405047693,0.20642329997957917,0.5004937662017035,0.4995062337982965,1,-0.009246643539518118,0.019675179617479444,1.9154660165309907,0.014020883219883063,1.0082687556743621,2.1131164535880087,0.1620298407971859,0.07456994482244887,0.00028173923417217203,2523.0007026195526
94,96256,882261.5977514237,1.0,1.0,1.0,1.0,1.0,1.0,0.03750000000000009,0.5084770416442386,0.20561097973134032,0.5314450634270756,0.46855493657292435,2,-0.004222149698762223,0.04436018597334623,1.910916942358017,0.019847132648693578,1.019948959350586,2.402292233705521,0.4990631423890591,0.08154223466334784,0.0002813528358739291,2549.3227524757385
95,97280,442600.74484692514,1.0,1.0,1.0,1.0,1.0,1.0,0.03125,0.509595566381223,0.20483839585746047,0.495076778806705,0.504923221193295,1,-0.007843197887996211,0.023769618989899755,1.909821730852127,0.007072597256242275,132.2390597343445,1.4223778426647187,0.2078741755336523,0.025588817266215855,0.00028096266385190487,2577.6301674842834
96,98304,816431.2340679169,1.0,1.0,1.0,1.0,1.0,1.0,0.043749999999999734,0.5081078796730603,0.20482107665135849,0.5179052500164268,0.48209474998357316,1,-0.003980155428871512,0.056229551509022715,1.911136382818222,0.025367246426820422,1.081510654091835,3.3844776481389998,0.3381093930453062,0.1274901247197658,0.0002805687293584457,2604.5333030223846
97,99328,508352.1209387332,1.0,1.0,1.0,1.0,1.0,1.0,0.03125000000000022,0.5064251192415815,0.20336985920539338,0.5187685827552032,0.48123141724479684,2,-0.008267613756470383,0.024126242171041666,1.9130635857582092,0.0044099406760388146,20527.38217591345,1.7753458350896836,0.2177597615867853,0.06001162805084724,0.0002801710437544056,2630.9277427196503
98,100352,552680.8286548331,1.0,1.0,1.0,1.0,1.0,1.0,0.02499999999999991,0.5043739303507073,0.20279418428411894,0.5202514380596572,0.47974856194034277,1,0.0003292476758360863,0.032796685583889484,1.914217209815979,0.011428213720282443,65203.3842354387,4.274821463227272,0.18879547975957395,0.4413816743195565,0.0002797696185088186,2657.3793778419495
99,101376,771925.0964391828,1.0,1.0,1.0,1.0,1.0,1.0,0.021874999999999867,0.5072675441822068,0.2041038339091047,0.5386254241300402,0.4613745758699598,2,0.021304969536140562,0.04644798533990979,1.9110944151878357,0.011267918020837885,1.1373535364866256,3.820198857784271,0.40233184322714804,0.2077653694821335,0.00027936446519856786,2684.35076880455
100,102400,442610.9506985545,1.0,1.0,1.0,1.0,1.0,1.0,0.03750000000000009,0.5096692421976288,0.20416277936608143,0.518207444054536,0.48179255594546394,1,-0.001311474945396185,0.023291392484679818,1.9076785326004029,0.009045190452326712,0.9852692663669587,1.3377633571624756,0.30015041269361975,0.06519897444404742,0.00027895559550805194,2711.5602419376373
101,103424,750515.8429954052,1.0,1.0,1.0,1.0,1.0,1.0,0.025000000000000355,0.5086424873299713,0.20357593598303095,0.5108716323296355,0.4891283676703645,1,-0.0002399070654064417,0.04520200854167342,1.9070215106010437,0.03238308629075579,1.1423401921987533,1.909919187426567,0.46448373682796956,0.401034816869433,0.00027854302122884764,2739.1758468151093
102,104448,574000.2356958613,1.0,1.0,1.0,1.0,1.0,1.0,0.028124999999999956,0.5073822880158276,0.20419723480501567,0.5371671056482294,0.46283289435177055,2,-0.0011966620106250048,0.030246131168678404,1.9049364864826202,0.013090453907905442,1.0273649781942367,3.8806236401200294,0.31843269653618334,0.28772056455107636,0.0002781267542593702,2766.533841609955
103,105472,442706.5850530192,1.0,1.0,1.0,1.0,1.0,1.0,0.03750000000000009,0.5076681425728304,0.2051644756272803,0.5064706550119197,0.4935293449880804,1,-0.004714484000578523,0.026580781582742928,1.8993089556694032,0.009697854686795715,1.007864248752594,1.870707693696022,0.21698934994637967,0.08126078568221216,0.00027770680660453,2794.398858308792
104,106496,882259.7275568247,1.0,1.0,1.0,1.0,1.0,1.0,0.043749999999999956,0.5088306359970448,0.2053155298788901,0.5339006696428571,0.46609933035714285,2,0.004560232069343329,0.059295913018286225,1.8970917582511901,0.03237015023368983,0.9798320144414902,4.047929763793945,0.49281815737485885,0.749745020898273,0.00027728319037538616,2820.8864946365356
105,107520,442456.36796954274,1.0,1.0,1.0,1.0,1.0,1.0,0.012499999999999734,0.508289497418224,0.20404571550953943,0.5184376516254245,0.48156234837457546,1,0.00481659104116261,0.025617411965504287,1.8936403810977935,0.00041263566886049483,8692.773878732323,2.2726236537098883,0.24976043216884136,0.15436585113507176,0.0002768559177887978,2847.6540677547455
106,108544,640626.955198044,1.0,1.0,1.0,1.0,1.0,1.0,0.03750000000000009,0.5103823934928668,0.20493601945874296,0.5141088658292372,0.4858911341707628,1,-0.0003184429835528135,0.04244760740548372,1.8884422063827515,0.018939018466787694,1.0587064921855927,3.3634514689445494,0.42679427973926065,0.2768726552391237,0.0002764250011670711,2874.267410993576
107,109568,683958.0285388157,1.0,1.0,1.0,1.0,1.0,1.0,0.028125000000000178,0.5105975667231013,0.20579143585522316,0.5348837209302325,0.46511627906976744,2,0.016223374218679965,0.03987772129476071,1.8836802303791047,0.01694256353762693,27.034084621071816,6.906093350052833,0.39649988412857057,0.35628515270771666,0.00027599045293760435,2900.025911808014
108,110592,442599.2284437418,1.0,1.0,1.0,1.0,1.0,1.0,0.03750000000000009,0.5095693517167419,0.2053342930900125,0.516382471046965,0.483617528953035,1,0.00042316196486353875,0.036181077267974614,1.8747871220111847,0.01689470517793925,0.9993381291627884,2.858064407110214,0.2975355438888073,0.4658585672884386,0.00027555228563252933,2926.8716402053833
109,111616,816508.4279667065,1.0,1.0,1.0,1.0,1.0,1.0,0.03750000000000009,0.5076233287629017,0.20547625792511934,0.5212820843544435,0.47871791564555655,1,0.0033052189042791723,0.04987845635041595,1.8626623332500458,0.011067973840551026,21864.551243311165,3.50951934158802,0.40637130476534367,0.29603749325619716,0.0002751105118883501,2952.9486544132233
110,112640,508283.5739108175,1.0,1.0,1.0,1.0,1.0,1.0,0.04375000000000018,0.5079231412941616,0.20572515428160817,0.5159158002823772,0.4840841997176229,2,-6.656395271420479e-05,0.024224954657256603,1.8560643434524535,0.01523525809738081,1.0981493532657622,2.06022914648056,0.2571247698739171,0.12541459800201737,0.00027466514444557817,2979.5149219036102
111,113664,442692.0070028752,1.0,1.0,1.0,1.0,1.0,1.0,0.031249999999999556,0.5070883577431202,0.2058842580883929,0.5029133070449061,0.4970866929550939,1,0.02009973516687751,0.02265494237653911,1.8520128011703492,-0.010040175954848251,6433.935590615869,3.4360506415367125,0.3112310357391834,0.2988628884702624,0.0002742161961483657,3005.8133413791656
112,114688,882008.2387493253,1.0,1.0,1.0,1.0,1.0,1.0,0.03750000000000009,0.507387554905191,0.2055160142793178,0.5300090936647469,0.4699909063352531,2,-0.0024878861382603644,0.06702649146318436,1.8474479854106902,0.007250173702194174,0.9873253792524338,1.8380022004246712,0.5560001999139785,0.08440770706202905,0.0002737636799441344,3032.008905649185
113,115712,442541.79700638354,1.0,1.0,1.0,1.0,1.0,1.0,0.04999999999999982,0.504994381699871,0.2040534914924456,0.5125584112149533,0.48744158878504673,1,-0.0002787226112559438,0.035217704344540836,1.8476023852825165,0.004168261787371641,1.0225020170211792,1.1262870989739895,0.530104510486126,0.01407682667525688,0.0002733076088832027,3060.2654621601105
114,116736,684595.4903417677,1.0,1.0,1.0,1.0,1.0,1.0,0.04375000000000018,0.5024545766439219,0.2046959063268159,0.5118303297781047,0.4881696702218953,1,-0.0016735660843551158,0.042221422167494894,1.8531750559806823,0.007235195852555476,1.0180785238742829,1.6367270052433014,0.28174998611211777,0.0028982937804687943,0.0002728479961184089,3086.937210083008
115,117760,640048.3003362268,1.0,1.0,1.0,1.0,1.0,1.0,0.04062499999999991,0.5025219111283235,0.20383751174171744,0.5182686095757663,0.48173139042423374,2,-0.0022494751261547207,0.03754960410296917,1.8571487843990326,0.027174497439701285,1.003535622358322,1.4550173357129097,0.2546199604868889,0.024066752265408067,0.00027238485490473226,3112.993110179901
116,118784,442773.66178810596,1.0,1.0,1.0,1.0,1.0,1.0,0.037499999999999645,0.49784655047899723,0.19980534077491033,0.5112606350442084,0.48873936495579157,1,-0.00019426122307777404,0.05717513598501682,1.858665907382965,0.01211720081370812,0.9970337480306626,1.263800100982189,0.404899350553751,0.01699290421730565,0.00027191819859891065,3139.944071531296
117,119808,816252.5569505338,1.0,1.0,1.0,1.0,1.0,1.0,0.018749999999999822,0.4982938941779945,0.2000297227324831,0.5419483384330748,0.45805166156692523,1,0.0011989690363407135,0.05783993937075138,1.860216534137726,0.0357022568232435,0.9851057767868042,2.490327274799347,0.36013948880136015,0.3919585941905005,0.00027144804065905504,3167.7323241233826
118,120832,508231.77019041777,1.0,1.0,1.0,1.0,1.0,1.0,0.025000000000000133,0.49870031025093564,0.20112396509827807,0.532460767076903,0.46753923292309696,2,-0.0013200614601373672,0.030876691127195953,1.8571406781673432,0.00027066311189880563,1.0067783087491988,1.344614741206169,0.16158893071115016,0.06536764694060854,0.0002709743946442617,3194.707184791565
119,121856,486748.8987499997,1.0,1.0,1.0,1.0,1.0,1.0,0.03125,0.49792424524142503,0.20188330701507595,0.5184052619432264,0.4815947380567736,1,0.010593487205915153,0.023363042087294162,1.8542815625667572,0.037765014307700205,0.992519223690033,4.50800239443779,0.18932920712977647,0.4396660719185749,0.00027049727421422107,3222.1165590286255
120,122880,838018.6422907598,1.0,1.0,1.0,1.0,1.0,1.0,0.03749999999999987,0.49927012732323,0.202054778085497,0.5454477106984438,0.4545522893015563,2,-0.0021679820260033012,0.041206660214811563,1.8511223495006561,0.009380480311381879,1.001040756702423,1.6227614790201188,0.3835980545729399,0.10058149476769197,0.00027001669312882385,3248.615650177002
121,123904,442537.44225379825,1.0,1.0,1.0,1.0,1.0,1.0,0.03750000000000053,0.49834002347670003,0.20191709126856477,0.5136585947751402,0.48634140522485986,1,-0.004726098198443651,0.029330227663740514,1.8512684047222137,0.020735943058062388,0.987104406952858,1.3888301394879818,0.2683351069688797,0.05939236684537444,0.000269532665247764,3277.026243686676
122,124928,596543.3528308682,1.0,1.0,1.0,1.0,1.0,1.0,0.04375000000000018,0.5012643400094643,0.20259583724566646,0.5172370565375455,0.4827629434624546,1,-0.0037240588339045645,0.03522074976935983,1.851465094089508,0.021985734839436867,0.9605820596218109,2.3959323287010195,0.2794663043692708,0.15979041532015525,0.00026904520453013934,3304.44890999794
123,125952,661961.5890068114,1.0,1.0,1.0,1.0,1.0,1.0,0.03125,0.5017111837401581,0.20191068656286532,0.5520196809777002,0.44798031902229984,1,-0.01004622895270586,0.04624534528702497,1.8471978724002838,0.010321100426384877,0.9827040940523147,2.425359082221985,0.23372243121266364,0.1253598137027165,0.00026855432503404867,3331.1635904312134
124,126976,508400.781356439,1.0,1.0,1.0,1.0,1.0,1.0,0.02187500000000031,0.5026104774884634,0.2029119918887493,0.5141308320136435,0.48586916798635643,2,0.012983459373936057,0.03290554545819759,1.8428219318389893,0.021097022121650606,1.022238403558731,5.0337743878364565,0.24906144179403783,0.5532080324594179,0.0002680600409161866,3358.5830466747284
125,128000,640677.5346170664,1.0,1.0,1.0,1.0,1.0,1.0,0.04375000000000018,0.5008805475354526,0.2031843515475115,0.5046890866734365,0.4953109133265635,1,0.0007007239037193358,0.03487387048080563,1.838349163532257,-0.014297619539913597,1.6711701899766922,3.6783792436122895,0.2838076390326023,0.1537658479173459,0.000267562366431435,3385.853346347809
126,129024,683860.2952454612,1.0,1.0,1.0,1.0,1.0,1.0,0.031250000000000444,0.5032166201426583,0.20481169244580014,0.5624749217558783,0.4375250782441217,2,-0.0006248580873943865,0.03818144034594297,1.8337270379066468,0.019195989865439335,0.9898297727108002,5.275307619571686,0.30516539961099626,0.3015834524576663,0.0002670613159324522,3411.8545892238617
127,130048,442516.38044489175,1.0,1.0,1.0,1.0,1.0,1.0,0.03125,0.5039106615336862,0.2032939192782547,0.5103199479567094,0.48968005204329057,1,-0.0047307149041444065,0.030002548219636084,1.8286403000354767,0.009077254001874913,0.9924537777900696,2.058726170659065,0.1918267197906971,0.17525941293818606,0.00026655690386925894,3438.2278258800507
128,131072,816596.5411574543,1.0,1.0,1.0,1.0,1.0,1.0,0.025000000000000355,0.5023993073685233,0.2045683296892596,0.5202744089182898,0.47972559108171015,1,0.01384354867041111,0.061245514266192916,1.8247513949871064,-0.02860160829002949,26.215379390120507,5.244379779696464,0.6322806157171726,0.12178471142279265,0.0002660491447888215,3465.4400260448456
129,132096,507948.1051654741,1.0,1.0,1.0,1.0,1.0,1.0,0.03750000000000031,0.50284568323474,0.205114302579498,0.5332635670503812,0.46673643294961875,2,-0.006348372297361493,0.020715594617649914,1.819509083032608,0.022238927555037646,0.9983267396688461,2.7590909242630004,0.1997837569564581,0.2427052080871514,0.0002655380533346323,3491.8140861988068
130,133120,442559.0937885642,1.0,1.0,1.0,1.0,1.0,1.0,0.031250000000000444,0.5003725585972063,0.20546922215367708,0.5134312320916905,0.48656876790830944,1,-0.0026932491455227137,0.030799475871026515,1.8139524519443513,0.014968670259163552,1.0524837702512742,4.730419236421585,0.15438312608748675,0.10447663377774552,0.0002650236442462877,3519.3591504096985
131,134144,816475.353518568,1.0,1.0,1.0,1.0,1.0,1.0,0.05624999999999991,0.5029453582798382,0.20373321200201,0.5239407730273701,0.47605922697263,1,-0.005830461578443647,0.041376703418791294,1.8100601792335511,0.018583108338272435,1.1105257093906402,4.690927812457085,0.3411630649119616,0.1366078113469623,0.00026450593235906273,3546.479518890381
132,135168,508250.1310308352,1.0,1.0,1.0,1.0,1.0,1.0,0.04062499999999991,0.502115129152093,0.20297929276137736,0.5220976678263111,0.47790233217368894,2,-0.0072718020353931935,0.02521398072130978,1.8058503210544585,0.020078668289538727,1.0224334299564362,3.5130586832761765,0.22711428850889206,0.24502159756138836,0.0002639849326034833,3573.3260011672974
133,136192,442629.5646793246,1.0,1.0,1.0,1.0,1.0,1.0,0.03750000000000009,0.4992256090699779,0.2014492898045008,0.5113212092014935,0.48867879079850657,1,-0.003815774735994637,0.021589804720133544,1.8026234567165376,0.014509550344984579,0.9933412224054337,2.833500477671623,0.2492970684543252,0.14238958071419147,0.0002634606600048958,3599.6707825660706
134,137216,882117.0152751356,1.0,1.0,1.0,1.0,1.0,1.0,0.03125,0.5027490666038757,0.20130288230079169,0.5386352050105601,0.46136479498943994,2,-0.0069883116171695295,0.060135168768465516,1.7994747579097747,0.007288510562986827,117.22757267057895,5.040655809640884,0.2984045810997486,0.2262095059546859,0.0002629331296830333,3625.9129407405853
135,138240,442516.13127461076,1.0,1.0,1.0,1.0,1.0,1.0,0.031250000000000444,0.5048114927725111,0.20223771002782315,0.5186531585220501,0.4813468414779499,1,-0.006101364316418767,0.028964811097830535,1.7950000166893005,0.010714086644258458,0.9996236056089401,2.801659169793129,0.27277530133724215,0.09737577490379204,0.0002624023568515801,3654.105973005295
136,139264,574544.2252081037,1.0,1.0,1.0,1.0,1.0,1.0,0.050000000000000266,0.5036977359946632,0.20183185046428034,0.5324529712221253,0.4675470287778747,1,-0.003661800338886678,0.028726273961365224,1.7912874698638916,0.022664922033385083,0.9838123679161072,4.004826080799103,0.2851240195333958,0.29109082044738466,0.00026186835681773254,3680.0361557006836
137,140288,750014.0618423373,1.0,1.0,1.0,1.0,1.0,1.0,0.034375000000000044,0.5039546841992518,0.2027429604798816,0.5346069066862601,0.4653930933137399,2,-0.0015212838537991048,0.03307946724817157,1.7860859751701355,0.02225274900640728,2.8083023726940155,4.790368402004242,0.27148974910378454,0.34255268955345364,0.0002613311449817578,3706.2015795707703
138,141312,442573.08743131906,1.0,1.0,1.0,1.0,1.0,1.0,0.04375000000000062,0.5002240480193244,0.2014079539400116,0.5087604680168676,0.49123953198313236,1,0.0006430706824176013,0.026288984576240182,1.7810345947742463,0.01013205941413613,8.15012612938881,5.265545529127121,0.19912701807916164,0.2418674933272546,0.00026079073683654957,3732.5374643802643
139,142336,706488.9327178448,1.0,1.0,1.0,1.0,1.0,1.0,0.050000000000000266,0.5021177573304723,0.20232690610655507,0.5272329753713587,0.47276702462864123,1,-0.007253431365825236,0.0407054778188467,1.7745858788490296,0.012216984894179638,37.88995740711689,3.0919941782951357,0.20259229112416505,0.21083495071061073,0.0002602471479671814,3760.2815701961517
140,143360,618034.3420825973,1.0,1.0,1.0,1.0,1.0,1.0,0.03125,0.5015490982182856,0.20336317041047317,0.5332367849384504,0.4667632150615496,2,0.014181073737563565,0.04115806287154555,1.7692921221256257,0.007202530679883412,21.853402298688888,7.247582632303238,0.2763787847012281,0.16540560389775633,0.0002597003940504571,3786.9377970695496
141,144384,442741.26836018264,1.0,1.0,1.0,1.0,1.0,1.0,0.03750000000000009,0.5027514591580231,0.20282871421212828,0.5076861988768506,0.4923138011231494,1,-0.0038814745261333884,0.019127030577510595,1.7655044853687287,0.01803101352994816,0.9749745041131973,2.056384262442589,0.14892671797424556,0.21627512981575564,0.00025915049085445884,3813.60196518898
142,145408,816275.950908035,1.0,1.0,1.0,1.0,1.0,1.0,0.050000000000000266,0.5043654091914754,0.20390354996651164,0.5289693593314764,0.4710306406685237,1,-0.009578419796889647,0.056581443175673485,1.7635227143764496,0.018542047442736374,0.9873344480991364,4.1096416503191,0.3056795172393322,0.13964902758626424,0.0002585974542380922,3839.665125131607
143,146432,508465.7596299164,1.0,1.0,1.0,1.0,1.0,1.0,0.028125000000000178,0.5059946873439394,0.2042461117475434,0.5217417309647706,0.4782582690352294,2,0.0022678402834571897,0.038990067038685086,1.7620374977588653,0.011797111371508073,1.8955811858177185,4.3117451608181,0.21832425370812417,0.17970310241033013,0.00025804130015062883,3867.010242700577
144,147456,596612.0727596134,1.0,1.0,1.0,1.0,1.0,1.0,0.03125,0.5062426232013688,0.20284051329091404,0.5093380687036924,0.49066193129630764,1,-0.0076209585648030044,0.03619687240570783,1.757853227853775,0.01018397589191693,258.1796246409416,2.037176176905632,0.4008190058171749,0.05639273768660805,0.0002574820446312466,3894.3606326580048
145,148480,728054.1179676652,1.0,1.0,1.0,1.0,1.0,1.0,0.028124999999999956,0.5055179203952053,0.20242889502885297,0.5330911732655285,0.4669088267344715,2,-0.007637112008524127,0.040241075400263074,1.7538994014263154,0.027347425277716653,1.0113811194896698,4.123200726509094,0.3438262179493904,0.1685779476126113,0.0002569197038085669,3921.1269204616547
146,149504,442488.02589187026,1.0,1.0,1.0,1.0,1.0,1.0,0.03750000000000009,0.5052120093281622,0.2043855987588992,0.5174087104209633,0.48259128957903674,1,-0.004174399038311094,0.03192451437935233,1.7512975692749024,0.016489662466928668,4.718397241830826,2.795355385541916,0.2414052851498127,0.1493153884286563,0.00025635429390018965,3948.2871811389923
147,150528,816529.4598218352,1.0,1.0,1.0,1.0,1.0,1.0,0.043749999999999734,0.5053620800489467,0.2029662841049773,0.5188506473002842,0.4811493526997158,1,0.002552604302763939,0.05883940374478698,1.7458946764469148,0.015515114435961052,13729.047812330722,4.612711709737778,0.3750229515135288,0.29285469405129083,0.0002557858312122255,3975.754544019699
148,151552,508241.4226934789,1.0,1.0,1.0,1.0,1.0,1.0,0.034375000000000044,0.5050131416988356,0.20360124037012126,0.510458360232408,0.489541639767592,2,-0.000723304518032819,0.0313437026925385,1.7418702065944671,0.01845031609991854,75.2325729727745,3.2192679792642593,0.40555541068315504,0.21010723847277135,0.0002552143321388255,4003.500339984894
149,152576,442565.4705636278,1.0,1.0,1.0,1.0,1.0,1.0,0.043749999999999734,0.5081729056964537,0.20579861506124167,0.5266597447016429,0.47334025529835705,1,-0.005002035247161985,0.023223053151741623,1.7363737523555756,0.017107901569118632,0.9737073957920075,2.7179153621196748,0.2245781473815441,0.1860993348686802,0.00025463981316170846,4030.0611159801483
150,153600,816207.2942211628,1.0,1.0,1.0,1.0,1.0,1.0,0.043749999999999734,0.508495768129397,0.20467937123899316,0.5353903292621955,0.46460967073780446,1,-0.004370465641841292,0.06261170636862516,1.7307171106338501,0.006238173930314517,6630.109878343344,4.792978376150131,0.29931084215641024,0.1596508447423907,0.00025406229084968564,4056.897624015808
151,154624,508234.66220749076,1.0,1.0,1.0,1.0,1.0,1.0,0.043749999999999956,0.5024385661949254,0.2004076920202095,0.5162941367023,0.48370586329770004,2,0.005163096915930509,0.03477623090147972,1.727525669336319,0.021328641898727428,5.720753598213196,3.973190462589264,0.3083220336586237,0.31312579221801057,0.00025348178185818253,4083.0297253131866
152,155648,442617.86703788117,1.0,1.0,1.0,1.0,1.0,1.0,0.03750000000000009,0.5019418271242,0.19935093681922111,0.5190839694656488,0.48091603053435117,1,-0.006135084456764162,0.01943080103956163,1.7224401175975799,0.01292605626466945,0.9964288860559464,3.140128868818283,0.2114614374935627,0.13479038615512678,0.00025289830292875916,4109.487713813782
153,156672,882157.2963453345,1.0,1.0,1.0,1.0,1.0,1.0,0.04062499999999991,0.5043079793914992,0.19974476124594928,0.5319073588781075,0.46809264112189247,2,-0.006498678564094007,0.04681194070726633,1.7170606315135957,0.022505964306554826,1.1908106595277785,4.583110189437866,0.4099439926445484,0.2686242660325003,0.0002523118708886267,4136.481156349182
154,157696,442419.7586180242,1.0,1.0,1.0,1.0,1.0,1.0,0.043749999999999734,0.5028846399727069,0.19987403736800663,0.5249472508377808,0.4750527491622192,1,-0.002720665920060128,0.02738992851227522,1.7140941619873047,0.013299144319396295,0.9839282751083374,2.286602610349655,0.1908412855118513,0.11563393833730817,0.0002517225026501625,4163.184857845306
155,158720,750742.2884583175,1.0,1.0,1.0,1.0,1.0,1.0,0.03125,0.5003019710256918,0.19875019426070498,0.5109604255567897,0.4890395744432104,1,-0.006994070101063699,0.0550769092515111,1.7104566156864167,0.020552278974018946,0.9682609140872955,4.270068192481995,0.4837201625108719,0.1707017106219928,0.00025113021521042225,4189.093206882477
156,159744,574126.4319706559,1.0,1.0,1.0,1.0,1.0,1.0,0.04687500000000022,0.4997552982040195,0.19809523512595495,0.5262002743484225,0.4737997256515775,2,-0.008837373461574316,0.02950180694460869,1.706025058031082,0.019059492695728507,0.9660068392753601,3.319248041510582,0.2507546808570623,0.1119973923390895,0.0002505350256506498,4214.829406261444
157,160768,442645.72714764625,1.0,1.0,1.0,1.0,1.0,1.0,0.02499999999999991,0.4995849503149848,0.19730318552132037,0.522829845847254,0.47717015415274605,1,-0.004450554936192929,0.022394644375890494,1.7011169373989106,0.019318305305724294,0.9686984628438949,3.6969364628195764,0.20724915601313115,0.16271281690025588,0.0002499369511357845,4241.8178544044495
158,161792,816267.4496614635,1.0,1.0,1.0,1.0,1.0,1.0,0.04375000000000018,0.4998438254504679,0.19908633170325343,0.5417253025612159,0.45827469743878413,1,0.0022881994489580395,0.05093664564192295,1.6982017040252686,0.0030320842629052436,7.760574015974998,7.718896001577377,0.22764590121805667,0.38774451479054417,0.0002493360089139663,4268.454341650009
159,162816,508268.0821117461,1.0,1.0,1.0,1.0,1.0,1.0,0.034375000000000044,0.5007121803910088,0.1997502382539974,0.5132618328944833,0.48673816710551665,2,-0.00873674072790891,0.02537896786816418,1.6942964851856233,0.009686016817220278,145.55899498462676,2.3781220376491548,0.2625412754714489,0.09855945322680933,0.0002487322163160382,4294.5902898311615
160,163840,442695.1192597449,1.0,1.0,1.0,1.0,1.0,1.0,0.04375000000000018,0.5036785708763507,0.20076010880320935,0.5042971509300683,0.49570284906993173,1,-0.0036670438246801497,0.026498405961319804,1.6904592335224151,0.027177263155977106,0.9447034686803818,3.050044059753418,0.1516563106328249,0.21824389325961996,0.0002481255907550464,4321.0350086688995
161,164864,882046.014905706,1.0,1.0,1.0,1.0,1.0,1.0,0.03749999999999987,0.5047379206840262,0.20114440703471675,0.5319195452557937,0.4680804547442064,2,0.00045301951467990875,0.04567602146416903,1.6883376598358155,-0.004534923507788902,743.6181709647178,5.596787369251251,0.2671492926776409,0.18722700939986214,0.0002475161497257384,4346.627720117569
162,165888,442610.3326199651,1.0,1.0,1.0,1.0,1.0,1.0,0.031250000000000444,0.5043046473061692,0.20208347112410494,0.5235355648535565,0.4764644351464435,1,-0.0021711667766794564,0.026766085298731923,1.6837175846099854,0.0158110826841761,1.0089994370937347,2.653870624303818,0.266145371645689,0.12089263255950365,0.000246903910804058,4374.848987579346
163,166912,816472.6192803383,1.0,1.0,1.0,1.0,1.0,1.0,0.02499999999999991,0.507048959809882,0.20284922176117787,0.5266260689297746,0.47337393107022546,1,0.019170239754021167,0.047501270473003385,1.677265065908432,-0.08272981817993133,166480.08745188414,6.356806015968322,0.38694792464375494,0.15556700612236649,0.0002462888916466389,4400.972019195557
164,167936,508125.82776764035,1.0,1.0,1.0,1.0,1.0,1.0,0.034375000000000044,0.5078712942063652,0.20424278025054965,0.523776705720193,0.47622329427980703,2,0.019630350125953554,0.026512277591973544,1.6733352959156036,0.020584822409803926,10.849245890974998,7.634827822446823,0.2578347776085138,0.5904900000000002,0.000245671109990295,4426.973706245422
165,168960,442675.31025741994,1.0,1.0,1.0,1.0,1.0,1.0,0.03750000000000009,0.5091124164805817,0.20593092390819873,0.5104984586750422,0.4895015413249578,1,0.003406668291427195,0.03173907184973359,1.6683287978172303,0.0022368259995165117,115.4665370196104,3.8614361226558684,0.3876438535749912,0.22514195294549885,0.00024505058365150947,4453.096714258194
166,169984,816207.8874180317,1.0,1.0,1.0,1.0,1.0,1.0,0.025000000000000355,0.5067944151943105,0.20559034111104216,0.5401054075518014,0.4598945924481987,1,0.02284296602010727,0.048087732307612895,1.6619206428527833,-0.008877929622965519,2427.497374510765,6.3182071328163145,0.3165415856987238,0.31381059609000017,0.00024442733052592035,4480.264945745468
167,171008,508243.6378761716,1.0,1.0,1.0,1.0,1.0,1.0,0.03125,0.5075366590938564,0.20605230950608533,0.5054316384907116,0.4945683615092884,2,0.0015368820226285607,0.028484458336606622,1.653905802965164,0.004656083682855261,1.0192808777093887,1.5430613905191422,0.148002658970654,0.0523347633027361,0.00024380136858780492,4507.957423210144
168,172032,442696.62923413515,1.0,1.0,1.0,1.0,1.0,1.0,0.04375000000000018,0.5086296922510218,0.20855693863726577,0.5088687889110772,0.4911312110889228,1,9.491178207099438e-05,0.027013349765911698,1.6515033662319183,0.007356216310719699,1.0126131147146225,1.5781385481357575,0.20819290578365326,0.01077526366430583,0.00024317271588956098,4534.894881486893
169,173056,816088.4375199378,1.0,1.0,1.0,1.0,1.0,1.0,0.025000000000000355,0.5071007354078241,0.20841388740861627,0.540655662888872,0.459344337111128,1,0.0008108329609967768,0.047898749634623525,1.6559101521968842,0.008020037446657113,0.9699755877256393,2.3792893558740618,0.2707112360745668,0.0027389274499534117,0.00024254139056118643,4561.235918045044
170,174080,508476.2039081212,1.0,1.0,1.0,1.0,1.0,1.0,0.03437500000000049,0.5073940928960582,0.20845967960651707,0.49970407196969696,0.500295928030303,2,-0.0024148786731529983,0.02586254505440593,1.6565573751926421,0.015956977878522592,0.9983998507261276,1.4632767111063003,0.2398749902844429,0.0032750512715940547,0.00024190741080975636,4588.612251996994
171,175104,816667.9488545954,1.0,1.0,1.0,1.0,1.0,1.0,0.03125,0.5077286155679498,0.20638240476912031,0.4949786517529617,0.5050213482470383,1,-0.004670960176736116,0.04534318465739488,1.6591029286384582,0.029766453982422236,0.9941162198781968,1.9402990251779557,0.4010236993432045,0.010878103267670101,0.00024127079491889785,4616.215291023254
172,176128,463879.90721292794,1.0,1.0,1.0,1.0,1.0,1.0,0.043749999999999734,0.5079609486047997,0.20645455518382794,0.5617045734460957,0.43829542655390424,1,-0.0015184688614681362,0.02538810670375824,1.6631051063537599,0.037777694636692075,0.907806608080864,2.4035789370536804,0.22339421398937703,0.18291667045804036,0.00024063156124826295,4642.15105676651
173,177152,486482.09611738846,1.0,1.0,1.0,1.0,1.0,1.0,0.04375000000000018,0.5085935481408163,0.20836054571208576,0.5113915177006659,0.488608482299334,2,-0.004109237459488213,0.030531365144997834,1.6635388731956482,0.01088291003841646,0.9905983656644821,2.267994260787964,0.20548512525856494,0.09566864898539292,0.00023998972823299894,4669.936449289322
174,178176,816621.4094795585,1.0,1.0,1.0,1.0,1.0,1.0,0.03750000000000053,0.5082209509502218,0.20880983881164078,0.5247241021888909,0.47527589781110907,1,-0.006795031478395686,0.06968048065900803,1.6637196302413941,0.02093049034395058,1.0087635338306427,2.1169806718826294,0.2730523832142353,0.2118426770226925,0.00023934531438321683,4696.446420907974
175,179200,507978.1795501765,1.0,1.0,1.0,1.0,1.0,1.0,0.031249999999999778,0.5068886473288043,0.2074216524819574,0.5218128224023582,0.47818717759764184,2,-0.008770775015000254,0.03066735779866576,1.6619229197502137,0.013760451359920545,1.0288667500019073,2.088025149703026,0.338061286509037,0.09119132613688954,0.0002386983382834574,4722.969151258469
176,180224,442600.5245256834,1.0,1.0,1.0,1.0,1.0,1.0,0.04374999999999929,0.5000926026302428,0.2030459155077183,0.5183752417794971,0.4816247582205029,1,-0.005877903522923588,0.03932861564680934,1.6607901632785798,0.012582804268329006,1.0215547263622284,2.120767521858215,0.32133285999298095,0.05888231360752039,0.00023804881859215533,4750.018030643463
177,181248,816465.1047739268,1.0,1.0,1.0,1.0,1.0,1.0,0.04375000000000018,0.5006728961489185,0.20384944046739858,0.5348942500485091,0.46510574995149084,1,-0.0016873090527951718,0.06896279919892549,1.6593761503696443,0.023113430338976927,1.1187220573425294,5.0741266965866085,0.3235822606831789,0.3507912676216589,0.00023739677404110117,4776.866973400116
178,182272,508145.9167664051,1.0,1.0,1.0,1.0,1.0,1.0,0.034375000000000044,0.5025682346616059,0.2059300857110238,0.5399122205458785,0.4600877794541215,2,-0.0029692779760807754,0.0301915324293077,1.6554962754249574,0.018587529916037494,0.9890309810638428,3.82953936457634,0.20803747288882732,0.20385558665836948,0.00023674222343490097,4803.684496641159
179,183296,442788.98597307503,1.0,1.0,1.0,1.0,1.0,1.0,0.018749999999999822,0.5054093393592358,0.20401784436908232,0.5096472970692468,0.4903527029307532,1,-0.0028876602242235093,0.02879830598831177,1.6508806884288787,0.01442834314809005,1.0496421694755553,2.512881261110306,0.2634268723428249,0.0975034951463795,0.00023608518565043394,4830.370309829712
180,184320,882034.9696092419,1.0,1.0,1.0,1.0,1.0,1.0,0.04062500000000013,0.5061554440626783,0.2052833473141869,0.540680857375955,0.4593191426240451,2,-0.004113059607334435,0.0595101660117507,1.6461459219455719,0.025587685458594932,0.9783580422401428,3.893763339519501,0.3397355765104294,0.32385846852554423,0.0002354256796363083,4857.210237026215
181,185344,442625.03910975903,1.0,1.0,1.0,1.0,1.0,1.0,0.03750000000000053,0.503048277041689,0.20429001211463313,0.5100119801471846,0.4899880198528153,1,-0.0034584357403218747,0.02849621349014342,1.6413490056991578,0.014441539171289718,1.0084142148494721,2.7759880423545837,0.259610927850008,0.15490050153451543,0.0002347637244123146,4883.892201423645
182,186368,706467.1588193253,1.0,1.0,1.0,1.0,1.0,1.0,0.037499999999999645,0.5041904445592464,0.20460129794198362,0.5306096229202801,0.4693903770797199,1,-0.006890151766128838,0.037499919254332784,1.6381607949733734,0.02711100134208282,0.9832516521215439,3.914561241865158,0.228300023637712,0.31367351560739376,0.00023409933906887718,4909.948881387711
183,187392,617888.3746643513,1.0,1.0,1.0,1.0,1.0,1.0,0.03125,0.5040528105950779,0.20522953585219386,0.5363163699385537,0.46368363006144636,2,-0.006429198395926506,0.036547427019104364,1.634624707698822,0.006207699849504067,1.5407968252897262,3.5666565358638764,0.22616318371146918,0.09843407291040218,0.00023343254276650375,4937.125739812851
184,188416,442637.4023311734,1.0,1.0,1.0,1.0,1.0,1.0,0.018749999999999822,0.5039904119421182,0.20349931295559556,0.5151759025063233,0.4848240974936767,1,-0.005021151807159186,0.01938305436633527,1.6310693442821502,0.01994690884454191,0.9648696154356002,2.568285283446312,0.13501659408211708,0.11959739858613866,0.00023276335473523284,4965.441235542297
185,189440,816500.6027290374,1.0,1.0,1.0,1.0,1.0,1.0,0.03125,0.5068382829571527,0.2043348895592925,0.5327942497753818,0.46720575022461813,1,-0.003581703919917345,0.05424058325588703,1.624759441614151,0.010207692214203323,1.1837608993053437,5.355058258771896,0.3916349120438099,0.15637887892137298,0.00023209179427407893,4993.447646856308
186,190464,508066.37167808414,1.0,1.0,1.0,1.0,1.0,1.0,0.028125000000000178,0.5066576531795232,0.20541907116600974,0.535246368555967,0.46475363144403303,2,-0.003458268922986463,0.03930460968986153,1.6206738591194152,0.01741810358213657,1.5277213990688323,5.137832015752792,0.3483052529394627,0.1656225535844317,0.00023141788075047625,5020.400317668915
187,191488,442530.4075535685,1.0,1.0,1.0,1.0,1.0,1.0,0.03750000000000009,0.5078486974987207,0.20792653262132,0.5165399010020524,0.4834600989979476,1,-0.004437743360176683,0.028290467290207743,1.6183851480484008,0.023540949929044163,0.9824317961931228,4.274617075920105,0.15600185990333557,0.24449615416517773,0.00023074163359971994,5047.257749795914
188,192512,772408.8921442926,1.0,1.0,1.0,1.0,1.0,1.0,0.03750000000000009,0.5107662530540642,0.20996527757856887,0.5128070059919668,0.4871929940080332,1,0.004064084542915225,0.059028500504791734,1.6151265561580659,0.0007123853573205885,2.5671974241733553,5.010505867004395,0.2742596447467804,0.23305365728637167,0.0002300630723244057,5075.5377242565155
189,193536,552158.2527332753,1.0,1.0,1.0,1.0,1.0,1.0,0.034375000000000266,0.5077556603233487,0.20616666761615474,0.5148628563707607,0.48513714362923926,2,0.004064647993072867,0.037029890716075896,1.6116602003574372,0.013262925797877223,44.09599037766456,4.962708026170731,0.24855727534741162,0.4570919194624431,0.00022938221649386733,5102.793970584869
190,194560,442627.25379014015,1.0,1.0,1.0,1.0,1.0,1.0,0.04999999999999982,0.5085864577533287,0.20597369402393328,0.5039253881116817,0.4960746118883183,1,0.001140332588693127,0.03486701976507902,1.6093628764152528,0.003100997762338942,68.93756277561188,3.582267677783966,0.31456954665482045,0.14116675915415786,0.0002286990857436123,5129.831427812576
191,195584,882215.4669210166,1.0,1.0,1.0,1.0,1.0,1.0,0.04687499999999978,0.5096075866192782,0.20421195168284834,0.5287817013337018,0.4712182986662981,2,0.007249091239646077,0.06249553468078375,1.6069080889225007,-0.050134883198912836,2503.1077125668526,5.031151020526886,0.6544028736650944,0.10899368946143331,0.0002280136997747556,5156.612841367722
192,196608,442692.9644729793,1.0,1.0,1.0,1.0,1.0,1.0,0.02499999999999991,0.5091198145467153,0.20511374214687678,0.510205241912559,0.489794758087441,1,0.0007677058631088585,0.02446045174729079,1.6042060494422912,0.015536645270620042,2.4322501868009567,3.325565826892853,0.27269379012286665,0.21377109162462968,0.00022732607835345138,5184.543532848358
193,197632,816420.6686285026,1.0,1.0,1.0,1.0,1.0,1.0,0.03125,0.5109965062819475,0.2064916924349478,0.5267386722866175,0.47326132771338253,1,0.012715644901618361,0.039071578066796064,1.6001284956932067,-0.050595793622591326,21397.03982489407,3.5436289817094804,0.2412080980837345,0.11003393015925987,0.00022663624131032305,5211.151947259903
194,198656,508274.04753668606,1.0,1.0,1.0,1.0,1.0,1.0,0.046875,0.5108198913969052,0.2052079867762335,0.5019670050761421,0.4980329949238579,2,-0.004611873719841242,0.02144947098568082,1.5957876324653626,0.014000553530347659,1.0132265567779541,2.701455666124821,0.20223116595298052,0.047365998920991456,0.0002259442085398913,5237.313506364822
195,199680,486715.68792152405,1.0,1.0,1.0,1.0,1.0,1.0,0.03750000000000009,0.5102917527122818,0.204984326546522,0.5238821734538199,0.47611782654618,1,0.0001181477913632989,0.026637353282421828,1.5939155876636506,0.022907686865904962,1.0015040725469588,3.0408204793930054,0.16187291834503412,0.12743443377738878,0.00022525000000000043,5264.066921710968
196,200704,838068.8657309376,1.0,1.0,1.0,1.0,1.0,1.0,0.04062500000000013,0.5103808814102009,0.2038337237397068,0.5214002267573696,0.47859977324263037,2,-0.005538931465707719,0.0515768276527524,1.5899082362651824,0.018289146696722013,1.0158098995685578,2.6011097848415377,0.2566453840583563,0.0752487588012103,0.0002245536357112428,5291.784187555313
197,201728,442754.09729371965,1.0,1.0,1.0,1.0,1.0,1.0,0.04375000000000018,0.5077420574972845,0.20301372607831125,0.5074751757224144,0.49252482427758565,1,-0.0021649896749295293,0.0231575102545321,1.5852247416973113,0.012144634365348317,0.9531921565532684,1.4839250981807708,0.1404464215040207,0.023613857854440447,0.00022385513575638122,5318.314811944962
198,202752,816290.6053618938,1.0,1.0,1.0,1.0,1.0,1.0,0.050000000000000266,0.5075698995525597,0.20237601166932254,0.5262207404320345,0.47377925956796557,1,0.005136422626674175,0.04898504875600338,1.5837388038635254,0.03052327435429101,3.45959849357605,6.349314737319946,0.17840466983616352,0.4341960239816301,0.00022315452027977,5344.529398202896
199,203776,508437.7888419777,1.0,1.0,1.0,1.0,1.0,1.0,0.03125,0.5079563411588365,0.20384825274338672,0.5097292724196277,0.49027072758037227,2,0.0008240016817580908,0.029300323128700255,1.5816811501979828,0.011713418060130354,1.0140273600816727,2.987102147936821,0.32759527377784253,0.12262978179502498,0.00022245180948677405,5371.693534374237
200,204800,596646.965557456,1.0,1.0,1.0,1.0,1.0,1.0,0.04375000000000018,0.5056458788372895,0.20338339201658964,0.5190010857763301,0.4809989142236699,1,-0.005087032960727811,0.031110588833689688,1.5795024931430817,0.018133580738753884,0.9990183919668197,2.3779696971178055,0.22047654148191215,0.08939711092857322,0.0002217470236431859,5397.576911211014
201,205824,728001.031974148,1.0,1.0,1.0,1.0,1.0,1.0,0.03750000000000009,0.5060796856545805,0.20310611639473306,0.5435290680689454,0.45647093193105465,2,-0.0023841790156438948,0.03519609160721302,1.5786495804786682,0.02317659353707171,1.0719312757253647,4.139302173256874,0.256025393307209,0.10689590256523174,0.00022104018307464145,5424.225142240524
202,206848,442625.36629268527,1.0,1.0,1.0,1.0,1.0,1.0,0.03750000000000053,0.5036369024536655,0.20356557479412557,0.5047889940210135,0.4952110059789865,1,-0.005144559778273106,0.023974735755473375,1.576780867576599,0.014586331811335462,1.000996932387352,2.264356768131256,0.22245862763375043,0.09468144225861554,0.00022033130816603378,5450.287587404251
203,207872,816435.0211225748,1.0,1.0,1.0,1.0,1.0,1.0,0.05624999999999991,0.5055420631783114,0.20613270809897982,0.5160589706463078,0.48394102935369226,1,0.000321908900514245,0.04282167926430702,1.5730902194976806,0.02022630990505294,1.0262089788913726,7.516133320331574,0.25318168066442015,0.2785503734422225,0.0002196204193609251,5477.06694817543
204,208896,508479.03868320584,1.0,1.0,1.0,1.0,1.0,1.0,0.028125000000000178,0.5051887253404315,0.20493832445790275,0.5116569525395503,0.48834304746044965,2,-0.003598444047383964,0.022095340257510542,1.5701172709465028,0.011577052245183638,1.0161890417337418,2.253030788898468,0.2311762399971485,0.10620565135816012,0.00021890753716095746,5502.917308330536
205,209920,816649.8569936007,1.0,1.0,1.0,1.0,1.0,1.0,0.03125,0.5067262597899613,0.20398241249022014,0.5172517794667632,0.4827482205332368,1,-0.007709436397999525,0.04181299619376659,1.569723230600357,0.017110694006443782,0.9981229424476623,1.9975216746330262,0.2458116441965103,0.06968152785608886,0.00021819268212526114,5529.250751018524
206,210944,508162.8137258664,1.0,1.0,1.0,1.0,1.0,1.0,0.03749999999999987,0.5075925253386349,0.20571968003335955,0.5155763239875389,0.48442367601246106,2,0.012572449573781341,0.023862827895209195,1.5682117998600007,4.7315599472597115e-05,13274.593802008032,5.19083571434021,0.18433149047195913,0.16605102611545094,0.00021747587486986204,5556.36682009697
207,211968,442624.67012253404,1.0,1.0,1.0,1.0,1.0,1.0,0.03750000000000009,0.5085939951183914,0.20498835354319497,0.5068362858161931,0.49316371418380694,1,-0.0034311667550355196,0.025306941755115987,1.5641829133033753,-6.079665702207748e-05,14781.978365832567,2.5968466341495513,0.15756902769207953,0.05789841276293981,0.00021675713606708694,5583.3474316596985
208,212992,816254.7707677782,1.0,1.0,1.0,1.0,1.0,1.0,0.03125,0.5059743132365947,0.20547224562030483,0.5494287133631396,0.4505712866368604,1,-0.0006434941431507468,0.049276501312851904,1.561849558353424,0.02308237731732099,1.1533485382795334,4.786858186125755,0.31653724908828734,0.17307894587146597,0.0002160364864449674,5609.0647711753845
209,214016,508424.3879136592,1.0,1.0,1.0,1.0,1.0,1.0,0.03750000000000031,0.5064189927161651,0.20527874100866833,0.5110708898944193,0.4889291101055807,2,-0.00025077098980545997,0.024227113462984562,1.5577734172344209,0.01595703547433196,1.012007087469101,5.618935436010361,0.13733389414846897,0.20367752690457594,0.00021531394678664205,5635.147715330124
210,215040,530617.708753176,1.0,1.0,1.0,1.0,1.0,1.0,0.03750000000000009,0.5094610793733801,0.20636681478626184,0.511863583955337,0.4881364160446629,1,-0.0017359569785185159,0.03249833583831787,1.555328893661499,0.012010680712428367,0.9927480459213257,1.8813625857234002,0.193433802947402,0.057524549515255805,0.00021458953792975695,5661.499086141586
211,216064,793985.5820926791,1.0,1.0,1.0,1.0,1.0,1.0,0.03750000000000009,0.5077239611090758,0.20675501074694655,0.5210103155339806,0.4789896844660194,2,-0.004198804823681712,0.0368346749804914,1.5560975313186645,0.029972622237153336,0.9714840769767761,5.351022496819496,0.25307511910796165,0.4776703768583915,0.00021386328076586494,5688.792437076569
212,217088,442615.5618875623,1.0,1.0,1.0,1.0,1.0,1.0,0.03750000000000009,0.5099671781342014,0.20720852021065633,0.515517842613042,0.48448215738695805,1,-0.0018797441967763006,0.02515789452008903,1.5543653905391692,0.004391439310998701,1.078683975338936,2.760116469860077,0.1655152221210301,0.07966195667415604,0.000213135196239823,5715.001751899719
213,218112,772450.5461969078,1.0,1.0,1.0,1.0,1.0,1.0,0.03125,0.5100610587356108,0.20820553572687367,0.5381971465629053,0.4618028534370947,1,-0.005026083020493388,0.05325207524001598,1.5535888195037841,0.017928752567697614,0.9961844503879547,3.8107751071453095,0.3820429094135761,0.07839931466087068,0.00021240530534918814,5740.9159145355225
214,219136,552190.1001149788,1.0,1.0,1.0,1.0,1.0,1.0,0.04062500000000013,0.5080073374948817,0.20714352840052394,0.5136189387315893,0.4863810612684108,2,-0.0017641438316786662,0.02989211492240429,1.5503572285175324,0.018690547562557037,1.0069188356399537,4.225821660459042,0.20703916065394878,0.12655625342991414,0.0002116736291436121,5766.765092849731
215,220160,442782.186364579,1.0,1.0,1.0,1.0,1.0,1.0,0.03125,0.5039379463165967,0.20641639395656175,0.5110436688585399,0.48895633114146014,1,-0.0018651924649020657,0.03794904248788953,1.5453473448753356,0.009986000936521888,1.0300799906253815,2.313296636939049,0.2061405537649989,0.05361483599247394,0.00021094018872423395,5794.117755651474
216,221184,882114.0694499984,1.0,1.0,1.0,1.0,1.0,1.0,0.046875000000000444,0.5053265266387849,0.20598753276588855,0.5250581518291394,0.47494184817086066,2,0.0027463081758469345,0.0547649959102273,1.5464283227920532,0.031136235324637294,0.9677751898765564,4.803448513150215,0.24342987537384034,0.24041071733633174,0.00021020500524307183,5820.85470032692
217,222208,442696.9427764006,1.0,1.0,1.0,1.0,1.0,1.0,0.03750000000000053,0.5022326531751276,0.2047478234953006,0.502749588978967,0.49725041102103296,1,-0.003385993116535246,0.02536528487689793,1.5471165299415588,0.010763165266582919,0.9859038949012756,2.8845663011074065,0.15007574614137412,0.09314003767128244,0.0002094680999024128,5847.649871587753
218,223232,816447.2936190069,1.0,1.0,1.0,1.0,1.0,1.0,0.04375000000000018,0.50364302647074,0.20448667567905848,0.5412729658792651,0.4587270341207349,1,-0.004661449044942856,0.05360868126153946,1.5447211027145387,0.02084398529446716,0.9498913645744324,3.3416077107191087,0.3137025758624077,0.08249739126677337,0.00020872949395420133,5874.018838405609
219,224256,508473.2695768848,1.0,1.0,1.0,1.0,1.0,1.0,0.04062499999999991,0.5022867602911227,0.20252594496454301,0.5230869539446388,0.4769130460553613,2,-0.00525358299491927,0.028267574869096278,1.540260797739029,0.015969352630100797,0.953899210691452,2.3733637392520905,0.20918411053717137,0.05918736975147717,0.00020798920869942653,5901.654599189758
220,225280,442426.0469726026,1.0,1.0,1.0,1.0,1.0,1.0,0.04375000000000018,0.5029924614372956,0.20396762560230985,0.5226042142344576,0.4773957857655424,1,-0.005866247085214127,0.0325668616220355,1.5398171842098236,0.016999054465961727,1.010823830962181,2.6888832300901413,0.2107145145535469,0.08598899899402912,0.00020724726548750785,5928.126034498215
221,226304,816145.1457768083,1.0,1.0,1.0,1.0,1.0,1.0,0.04375000000000018,0.5044025233405671,0.20502700168079224,0.519164020382542,0.4808359796174581,1,-0.0010924601228907704,0.05193640552461147,1.5378870248794556,0.026202155777749536,1.0840753346681595,8.955898803472518,0.23462019860744476,0.28561299758991143,0.00020650368571567917,5954.834769487381
222,227328,508415.37664749473,1.0,1.0,1.0,1.0,1.0,1.0,0.04375000000000018,0.5039514955462204,0.20370991739158045,0.5058018446890806,0.4941981553109194,2,0.010753358015790582,0.025649690814316273,1.534051340818405,0.029893995334355238,0.9820063531398773,3.4520369201898573,0.16621793806552887,0.6224193404495962,0.000205758490828372,5982.31898522377
223,228352,684614.8903389871,1.0,1.0,1.0,1.0,1.0,1.0,0.018749999999999822,0.505549850235,0.20654887025889118,0.5303457577243746,0.4696542422756253,1,0.00030497113475576044,0.04154512919485569,1.530052262544632,-0.006516186820073866,2.44154706299305,3.495465523004532,0.15762172006070613,0.07567166116433055,0.00020501170231659684,6009.082018852234
224,229376,640020.8838472664,1.0,1.0,1.0,1.0,1.0,1.0,0.03750000000000009,0.5075969989883651,0.20865697068363606,0.5328301333724168,0.4671698666275832,2,0.0023164121434092523,0.036811100970953706,1.5279023826122284,0.028661363234818004,1.008941614627838,7.3058401346206665,0.38395732790231707,0.3393142589320284,0.00020426334171732332,6034.72469496727
225,230400,442656.0738492012,1.0,1.0,1.0,1.0,1.0,1.0,0.03125,0.5085070632672462,0.2091922431447335,0.5024053787747058,0.49759462122529413,1,-0.005420504079665989,0.030918643018230794,1.5248909056186677,0.010605040196505123,1.0762755066156386,3.23840911090374,0.1674260452389717,0.11831156650810717,0.00020351343061285942,6061.477434396744
226,231424,816310.1498880982,1.0,1.0,1.0,1.0,1.0,1.0,0.025000000000000355,0.5119705603766562,0.20957271283353934,0.5257080010998075,0.47429199890019247,1,-0.004234838020056486,0.05500431377440691,1.5226436018943788,0.018092178425438466,0.9874370098114014,3.6842459380626678,0.26931526735424993,0.10313173113958557,0.0002027619906302287,6088.321380853653
227,232448,508197.8368202504,1.0,1.0,1.0,1.0,1.0,1.0,0.03125,0.5108002253082564,0.20892658898364994,0.5082087072116982,0.49179129278830175,2,-0.005501700751483441,0.025706715043634178,1.5229550540447234,0.010322580531575153,1.039627230167389,3.296197456121445,0.15988388042896987,0.035959811138563294,0.00020200904344054677,6115.716329574585
228,233472,442624.7909537554,1.0,1.0,1.0,1.0,1.0,1.0,0.018749999999999822,0.5078979559356516,0.2067386982729688,0.5065400465866332,0.4934599534133668,1,-0.006997392245102674,0.026600867696106433,1.5223048031330109,0.015235129530760361,212.88922834098338,1.886556552350521,0.13707053754478693,0.025799199288240447,0.00020125461075839624,6141.663058280945
229,234496,816217.8345411662,1.0,1.0,1.0,1.0,1.0,1.0,0.025000000000000355,0.5083242984661275,0.2050114486539481,0.5189626526042043,0.48103734739579573,1,0.0006845041731139645,0.05576140619814396,1.5212204098701476,0.010485051644578736,40987.46536510587,4.377819943428039,0.26276017166674137,0.06831052403023778,0.0002004987143412005,6168.733859062195
230,235520,508216.0163381547,1.0,1.0,1.0,1.0,1.0,1.0,0.043749999999999956,0.5091654140189148,0.20641295380218427,0.5120704161542943,0.4879295838457058,2,-0.00010732065420597792,0.027778654545545577,1.5205284178256988,0.022646457578766287,6975.910289505124,3.6182337522506716,0.273534893617034,0.20096780873577363,0.00019974137598859627,6195.774472236633
231,236544,442737.0561260879,1.0,1.0,1.0,1.0,1.0,1.0,0.03125,0.5054569201214176,0.2056380238247044,0.514256091238984,0.4857439087610161,1,0.0032309673202689736,0.02870195433497429,1.5186554193496704,0.012159333478007638,7658.845173418522,5.1501874953508375,0.19195726066827773,0.14189811267211705,0.00019898261754180494,6222.263680934906
232,237568,882001.0457193851,1.0,1.0,1.0,1.0,1.0,1.0,0.031250000000000444,0.5050205988099492,0.2058376412294095,0.5471126920457126,0.45288730795428744,2,0.011394180916249752,0.05921273659914732,1.5158812582492829,-0.002286785144241099,598810.7109007358,5.886433362960815,0.40341441724449395,0.2783070707605191,0.00019822246088300257,6248.041200399399
233,238592,442501.8481115401,1.0,1.0,1.0,1.0,1.0,1.0,0.043749999999999734,0.5044766883524586,0.2070026847458103,0.5283601591732494,0.4716398408267506,1,-0.002733738720417023,0.02645558388903737,1.5126917600631713,0.012494332563953593,0.9916079461574554,2.971165356040001,0.21733747143298388,0.08733570777142032,0.00019746092793468886,6274.5110120773315
234,239616,816636.546371609,1.0,1.0,1.0,1.0,1.0,1.0,0.03750000000000009,0.5040510753457907,0.2075573941377504,0.526894791223485,0.4731052087765149,1,0.002031564206117764,0.04892972372472286,1.5112234771251678,0.01694245011594777,125195.96688123941,6.1037841796875,0.2330894587561488,0.35245461054129956,0.00019669804065905504,6302.190262794495
235,240640,508180.94815808535,1.0,1.0,1.0,1.0,1.0,1.0,0.040625000000000355,0.503467407333436,0.20596960680621337,0.5224715315679537,0.4775284684320464,2,0.0033520432421937584,0.022233446850441395,1.5091015636920928,-0.04736819274319104,660916.1579289853,2.666401618719101,0.2537059042602777,0.04761139160514803,0.0001959338210573503,6328.284768342972
236,241664,442686.32598769665,1.0,1.0,1.0,1.0,1.0,1.0,0.03750000000000009,0.49971331751024345,0.2044996267214828,0.5078588892769822,0.4921411107230178,1,0.0008767727646045387,0.03267732299864292,1.5087824165821075,0.0112207854245991,0.9879504293203354,1.8468748912215234,0.1573246857151389,0.016601065755873255,0.00019516829116924747,6354.75665473938
237,242688,772227.1225077063,1.0,1.0,1.0,1.0,1.0,1.0,0.018749999999999822,0.5014046585524352,0.2043915039473143,0.5345992461418106,0.4654007538581893,1,-0.001455921633169055,0.05694260597229004,1.5091054141521454,0.02166611923433317,0.9316580563783645,1.6214544087648393,0.24397446271032094,0.02450690829546399,0.00019440147307220722,6381.237060785294
238,243712,552272.3029227853,1.0,1.0,1.0,1.0,1.0,1.0,0.028125000000000178,0.4990741914738332,0.20181005965473423,0.5152883498903368,0.4847116501096633,2,-0.0005311189219355583,0.02447551772929728,1.5103523313999176,0.009909313104968209,1.0957206606864929,1.7004919648170471,0.11667873952537774,0.023359977282837164,0.00019363338888084153,6411.528879404068
239,244736,442684.06293591857,1.0,1.0,1.0,1.0,1.0,1.0,0.02499999999999991,0.5019453838348594,0.2005543374653131,0.5094328464131528,0.4905671535868472,1,0.004550062504131347,0.022247176431119443,1.5121847152709962,0.02390722574967117,0.996626952290535,3.476269555091858,0.14527023509144782,0.20875052814533973,0.00019286406074627577,6439.370167255402
240,245760,816064.3695884943,1.0,1.0,1.0,1.0,1.0,1.0,0.043749999999999734,0.5036727052716676,0.20238108718031775,0.5387143621493541,0.46128563785064586,1,0.0005752665223553777,0.04974900269880891,1.5126716017723083,-0.0005407476737578603,1.0349838137626648,1.7816424682736396,0.2375350922346115,0.02819910095102766,0.00019209351085551008,6465.644108057022
241,246784,508595.5241018422,1.0,1.0,1.0,1.0,1.0,1.0,0.03437499999999982,0.5063648301025686,0.20380053431120138,0.5201885399511613,0.4798114600488387,2,0.0003351622726768255,0.03129647127352655,1.5124102115631104,0.018480286599984807,0.9976558327674866,1.6530775725841522,0.1864752758294344,0.06145261582391721,0.0001913217614307792,6492.358081579208
242,247808,816512.6214538813,1.0,1.0,1.0,1.0,1.0,1.0,0.025000000000000355,0.5087236954539948,0.2055859427890109,0.5325322766202224,0.4674677233797776,1,0.00011069460306316614,0.050618236884474754,1.5126184463500976,0.015183089642752223,1.015119981765747,2.0138808131217956,0.20948745496571064,0.026453336080923495,0.00019054883472891201,6520.880025148392
243,248832,508356.525504902,1.0,1.0,1.0,1.0,1.0,1.0,0.03125000000000022,0.5095671193295802,0.2056269557150286,0.5234990997702862,0.4765009002297138,2,0.013049946096725763,0.028258634731173515,1.5141339719295501,0.038237142322234165,0.9808799147605896,5.430716788768768,0.18466275446116925,0.29184388467622413,0.00018977475304068913,6547.246709823608
244,249856,640749.7908900827,1.0,1.0,1.0,1.0,1.0,1.0,0.03750000000000009,0.5064393326923958,0.2022328893018712,0.5151339104165457,0.48486608958345434,1,0.00029653231613337996,0.04195681503042579,1.5149586498737335,0.001517209556173471,1.0042663723230363,1.4987417057156562,0.2498435091227293,0.048671334926819285,0.00018899953869020052,6573.7982041835785
245,250880,684019.3418021202,1.0,1.0,1.0,1.0,1.0,1.0,0.03750000000000031,0.507741415751168,0.20381650558735986,0.5293553621478094,0.4706446378521906,2,0.0021280290122376753,0.04519085856154561,1.517536962032318,0.016676173484868873,0.9921266943216324,2.434414917230606,0.35157299749553206,0.1288708365308726,0.00018822321403420158,6599.645779848099
246,251904,442588.48445382714,1.0,1.0,1.0,1.0,1.0,1.0,0.03125,0.507417987306346,0.20452295548747526,0.5033335300017701,0.49666646999823,1,-0.0014453424606472253,0.028042876999825238,1.5163204431533814,0.011197277431398533,0.9930762529373169,1.4126161456108093,0.23347458243370056,0.04044103403037009,0.00018744580146146803,6626.970824241638
247,252928,816445.5827290118,1.0,1.0,1.0,1.0,1.0,1.0,0.02499999999999991,0.5068008978935518,0.20401433020219276,0.524908232826429,0.47509176717357104,1,0.0014746555010788144,0.04320093896239996,1.5156951069831848,0.027302103579213054,0.9635433375835418,1.804090604186058,0.18923765532672404,0.27200842325888236,0.0001866673233921507,6654.039872169495
248,253952,508258.11852021515,1.0,1.0,1.0,1.0,1.0,1.0,0.028124999999999956,0.5056379929769188,0.2033600926059875,0.525195537889473,0.474804462110527,2,2.7613365091383457e-05,0.030730762891471385,1.5154697835445403,-0.029504643524944994,1.0295419931411742,1.6967619612812996,0.21992563270032406,0.033069874120270536,0.00018588780227712885,6679.902527332306
249,254976,596777.6646370441,1.0,1.0,1.0,1.0,1.0,1.0,0.04375000000000018,0.5066292402308379,0.20354220677429172,0.5091837906095741,0.4908162093904259,1,0.005183674581348896,0.03600340383127332,1.5148268818855286,0.0268177893369284,0.9660528212785721,3.7277341544628144,0.19342458210885524,0.19701371009404042,0.00018510726059736238,6706.489754676819
250,256000,727911.4222441539,1.0,1.0,1.0,1.0,1.0,1.0,0.03437499999999982,0.508817461192193,0.20425786570784216,0.5379979650935275,0.46200203490647257,2,0.003640081197954714,0.0399676269851625,1.5151534795761108,-0.027733975195293394,1.0616758793592453,2.4769579067826273,0.14061681553721428,0.040563375809428974,0.00018432572086324387,6733.949863195419
251,257024,442601.62393808365,1.0,1.0,1.0,1.0,1.0,1.0,0.03125,0.5096853163741996,0.20508599904360245,0.5016584230433517,0.4983415769566482,1,0.0014505756553262472,0.026134758722037077,1.5144821405410767,-0.0025055835343457122,0.994520366191864,2.3357096657156946,0.15394936073571444,0.08699624340608367,0.0001835432056139491,6761.550835609436
252,258048,816514.6454567853,1.0,1.0,1.0,1.0,1.0,1.0,0.03125,0.5105973064072236,0.2064835257923498,0.5279928906944268,0.4720071093055732,1,0.005805747280828655,0.061580308713018894,1.5126572132110596,-0.0011513492690150007,1.0149260342121125,5.46337114572525,0.2834307961165905,0.1865807816964605,0.0001827597374167874,6788.091089725494
253,259072,508261.2608217597,1.0,1.0,1.0,1.0,1.0,1.0,0.0281250000000004,0.5102102614825454,0.20706499090558608,0.5152711272162547,0.4847288727837453,2,0.0032404176890850067,0.030445209285244346,1.5098017930984498,-0.003117851021335394,1.0106553077697753,4.500540837645531,0.17111245580017567,0.16006386821078675,0.00018197533886655037,6814.613117218018
254,260096,442771.026171118,1.0,1.0,1.0,1.0,1.0,1.0,0.018750000000000266,0.5067422581258086,0.2045484577682334,0.5176288482485811,0.4823711517514189,1,1.4585227472707629e-05,0.02043687179684639,1.5059038817882537,0.014120583846718137,0.9646830230951309,2.033711960911751,0.13319955654442311,0.22885924328727497,0.00018119003258486058,6841.976954460144
255,261120,882132.2912112623,1.0,1.0,1.0,1.0,1.0,1.0,0.04375000000000018,0.5061282299960089,0.20312201568843213,0.5156857301499167,0.4843142698500833,2,-0.0026367751881480215,0.045967750158160924,1.5047613441944123,0.012183729857285042,0.9814925044775009,1.8591940179467201,0.2235214238986373,0.0985163999405845,0.00018040384121951905,6868.412765264511
256,262144,442626.87354156375,1.0,1.0,1.0,1.0,1.0,1.0,0.031250000000000444,0.5071396142080329,0.20755109565050267,0.5263686293037264,0.47363137069627353,1,-0.006869003613246605,0.02531461282633245,1.507102620601654,0.018395702476652252,0.9540168821811676,1.7280361711978913,0.13104340210556983,0.05235565410082417,0.0001796167874438521,6896.281024456024
257,263168,816359.6092721969,1.0,1.0,1.0,1.0,1.0,1.0,0.04375000000000018,0.5085432180560756,0.20676967528765344,0.5407748577621241,0.4592251422378759,1,-0.007631404511630535,0.04990672040730715,1.5069307863712311,0.032216394516381364,0.9543849974870682,3.5832191467285157,0.27467125430703165,0.2347645036302796,0.0001788288939560576,6923.334375143051
258,264192,508323.5999736376,1.0,1.0,1.0,1.0,1.0,1.0,0.04375000000000018,0.5085956046128673,0.20690796250941754,0.5053830356587218,0.4946169643412782,2,-0.00197042083600536,0.02794640022329986,1.5056051433086395,0.021837533820526465,0.9406097322702408,3.023394799232483,0.16075118593871593,0.2526460522119034,0.00017804018347855008,6950.729083776474
259,265216,684734.1734099835,1.0,1.0,1.0,1.0,1.0,1.0,0.037499999999999645,0.5068104252586343,0.20680278411199604,0.5141922672584979,0.4858077327415022,1,-0.004816833464428782,0.036547187529504296,1.50378674864769,0.020560512160067646,0.9590796321630478,2.8739499270915987,0.16823066025972366,0.20139970595031928,0.0001772506787573058,6978.160266160965
260,266240,640053.5892585935,1.0,1.0,1.0,1.0,1.0,1.0,0.03750000000000031,0.5069257731722178,0.20638985366590618,0.5220439433362244,0.47795605666377566,2,0.001726572762709111,0.03349828943610191,1.5025824785232544,0.019558811852606793,0.9652568340301514,7.159744763374329,0.16488186754286288,0.4388983456709751,0.00017646040256120646,7005.605463504791
261,267264,442603.2778158188,1.0,1.0,1.0,1.0,1.0,1.0,0.018749999999999822,0.5075908566532774,0.20613689008616518,0.5140192432560061,0.4859807567439939,1,-0.005984929832629859,0.025202804058790208,1.5008560240268707,0.009152167427800163,0.9999788403511047,2.94231628626585,0.17621830254793167,0.09036527726466571,0.0001756693776813826,7034.357509851456
262,268288,816391.072255969,1.0,1.0,1.0,1.0,1.0,1.0,0.03125,0.5104598618490892,0.2068357752220181,0.5233882857525801,0.47661171424741994,1,0.0011682795360684396,0.043495059479027987,1.5008537888526916,0.027340370400793467,0.9109366774559021,6.27003003358841,0.22577985748648643,0.81,0.00017487762693055655,7061.664884805679
263,269312,508186.7118018009,1.0,1.0,1.0,1.0,1.0,1.0,0.025000000000000133,0.5087014291168636,0.20442670931724982,0.5036762270649798,0.4963237729350202,2,-0.0034245664719492197,0.03420623587444425,1.4992801904678346,0.008969504578230402,0.98576038479805,2.3515417009592054,0.20376307852566242,0.22876792454961012,0.00017408517314238428,7088.577145576477
264,270336,442613.36787751317,1.0,1.0,1.0,1.0,1.0,1.0,0.050000000000000266,0.5090091629567322,0.20491393731400262,0.497585405115364,0.502414594884636,1,-0.009345488843973727,0.027420421410351992,1.4960934579372407,0.015711992500181605,0.9651971012353897,2.220079903304577,0.15859114211052655,0.13508517176729928,0.00017329203917079694,7115.484418392181
265,271360,816160.0641604662,1.0,1.0,1.0,1.0,1.0,1.0,0.03125,0.5081107706878041,0.20711024507878417,0.5485391140433553,0.4514608859566447,1,0.009276198758743703,0.04876470249146223,1.4951797068119048,0.022621910876422735,0.9189038962125778,9.069921636581421,0.21535007357597352,0.47829690000000014,0.0001724982478893419,7142.079890727997
266,272384,508133.96165414155,1.0,1.0,1.0,1.0,1.0,1.0,0.034375000000000266,0.5079870908395183,0.20757382397389046,0.5215903647437213,0.47840963525627866,2,-0.003680171590531245,0.03507309923879802,1.4920179545879364,0.013005869982170681,0.9664480596780777,3.4981868982315065,0.23727939389646052,0.562854882363747,0.00017170382219052282,7169.240711688995
267,273408,442687.9981407821,1.0,1.0,1.0,1.0,1.0,1.0,0.03125,0.5088163298397885,0.2068736559036378,0.5148251100301136,0.4851748899698865,1,-0.004825022991281003,0.024701744643971325,1.4887706637382507,0.00925277633566568,0.9390887528657913,2.6029506474733353,0.15600261501967908,0.15896684353206092,0.00017090878498513974,7200.218636751175
268,274432,816176.942483589,1.0,1.0,1.0,1.0,1.0,1.0,0.03750000000000053,0.5059596761157097,0.20570782368577442,0.5321722655396051,0.46782773446039494,1,-0.003275346336886287,0.052230794169008735,1.4873189330101013,0.027341873429346374,0.8754889726638794,7.91563640832901,0.19122435636818408,0.7015145614782441,0.00017011315920162815,7226.67710351944
269,275456,508488.25972718,1.0,1.0,1.0,1.0,1.0,1.0,0.04375000000000018,0.5032279277925815,0.20365163676282358,0.4946123827829227,0.5053876172170773,2,-0.0013053153175860643,0.03939157160930336,1.484613049030304,0.0035097125271815743,1.103179895877838,2.179766073822975,0.1719394190236926,0.12999206451927328,0.00016931696778539783,7253.5590126514435
270,276480,816638.0446724556,1.0,1.0,1.0,1.0,1.0,1.0,0.02499999999999991,0.5046738236217723,0.2015895958728513,0.5117671970476133,0.4882328029523867,1,-0.007200864644255489,0.0527508394792676,1.4810984313488007,0.023866170698113226,0.9865356713533402,3.174959886074066,0.1466524252668023,0.21321948382773798,0.00016852023369817113,7286.560591459274
271,277504,508179.23051053286,1.0,1.0,1.0,1.0,1.0,1.0,0.031250000000000444,0.5038663814921472,0.20229234446861885,0.5290435484956586,0.4709564515043414,2,-0.002238377509638667,0.024173781042918563,1.4801085948944093,0.015658435694818527,0.9589831709861756,4.717610907554627,0.14527794048190118,0.20651399172217463,0.0001677229799173207,7315.061228990555
272,278528,442681.57956776023,1.0,1.0,1.0,1.0,1.0,1.0,0.050000000000000266,0.5035153567487792,0.20447966528123654,0.5030076505285289,0.49699234947147114,1,-0.007633859815541655,0.023112266976386308,1.479854154586792,0.014997897229093749,0.9642347723245621,2.6367907375097275,0.14624913185834884,0.12194444697202692,0.00016692522943520684,7346.478276491165
273,279552,816169.6451233625,1.0,1.0,1.0,1.0,1.0,1.0,0.031249999999999556,0.5048402173202855,0.20346078089646844,0.5366698606913834,0.4633301393086165,1,-0.0021195097593590616,0.05054065380245447,1.480070596933365,0.031593194892422585,0.9555929660797119,6.400989603996277,0.2429708655923605,0.6750654046173017,0.0001661270052585145,7380.589577198029
274,280576,508330.350983724,1.0,1.0,1.0,1.0,1.0,1.0,0.03125,0.5034726456818444,0.20188534569712582,0.5159045725646123,0.4840954274353877,2,-0.0012916865642182529,0.029302105959504842,1.4789316594600677,-0.0017841380741147272,1.1766857713460923,2.7407228380441664,0.19818196073174477,0.10132369570765515,0.00016532833040758968,7417.830231428146
275,281600,442663.58173264563,1.0,1.0,1.0,1.0,1.0,1.0,0.03750000000000009,0.5025170229090656,0.20276888917319008,0.5100591715976331,0.48994082840236686,1,-0.008329504576977342,0.026354214223101736,1.4775845050811767,0.021926140878486943,0.9444635063409805,2.6761972948908808,0.21336616091430188,0.08207219352320068,0.0001645292279157756,7454.078454494476
276,282624,816024.9447504282,1.0,1.0,1.0,1.0,1.0,1.0,0.050000000000000266,0.5011607610590938,0.20155512822921934,0.5499768981980594,0.45002310180194055,1,-0.0070762853138148785,0.04529246892780066,1.4763579785823822,0.02571483004547197,0.9191907525062561,4.056952798366547,0.19402679484337568,0.2019283731396449,0.00016372972082874838,7487.582631349564
277,283648,508584.4816531241,1.0,1.0,1.0,1.0,1.0,1.0,0.034375000000000044,0.5014777932859916,0.20205951477762474,0.5203270627251415,0.4796729372748585,2,-0.005249744933098555,0.02282989933155477,1.474785327911377,0.018944541462937538,0.9880735516548157,3.4712800443172456,0.15001541934907436,0.13248520561692104,0.00016292983220385246,7523.029412031174
278,284672,816541.9595827758,1.0,1.0,1.0,1.0,1.0,1.0,0.04375000000000018,0.5047747852496575,0.20266948486095257,0.5244235533252875,0.47557644667471255,1,-0.0034614750649780033,0.04689221531152725,1.4735319852828979,0.022695095480885375,0.9768867015838623,5.519135892391205,0.22974163983017207,0.2598453834234515,0.00016212958510943563,7554.890390872955
279,285696,508367.2285104692,1.0,1.0,1.0,1.0,1.0,1.0,0.028125000000000178,0.5063039883926054,0.20257023881418362,0.5208591235454321,0.479140876454568,2,-0.006977227446623146,0.02093351692892611,1.4723056614398957,0.014934098313237953,0.9680262416601181,4.250119972229004,0.19555590730160474,0.18642486205612233,0.00016132900262418376,7582.237684249878
280,286720,442543.82913760096,1.0,1.0,1.0,1.0,1.0,1.0,0.03750000000000009,0.5072244690332904,0.2038790757838956,0.5159817351598174,0.4840182648401826,1,-0.00513336849398911,0.022333757486194372,1.4707924842834472,0.022103047368238114,0.9501552164554596,3.701128992438316,0.14523362889885902,0.24768453778991928,0.00016052810783645513,7613.162703037262
281,287744,816114.8894087896,1.0,1.0,1.0,1.0,1.0,1.0,0.03125,0.5029914334849509,0.2018467381783304,0.5387623129558613,0.46123768704413864,1,-0.0019017672166228294,0.044420459493994716,1.4694368302822114,0.014132221986550241,2.077660024166107,8.608181542158126,0.2271489143371582,0.6558133987642281,0.00015972692384361476,7641.316663503647
282,288768,508446.2108554095,1.0,1.0,1.0,1.0,1.0,1.0,0.0281250000000004,0.5036236056915844,0.20214178796365248,0.5159151985667363,0.48408480143326366,2,-0.008307200134731829,0.018736608792096376,1.4675214409828186,0.012466472520206473,1.0255856603384017,4.078046005964279,0.14799074791371822,0.25407554764198936,0.00015892547375136808,7669.378940582275
283,289792,442428.522926718,1.0,1.0,1.0,1.0,1.0,1.0,0.056250000000000355,0.5026243611836441,0.20294287457689103,0.5157403808783522,0.4842596191216479,1,-0.008205469092354178,0.026318294974043966,1.4637134492397308,0.017780724379828784,0.9549879789352417,5.012813830375672,0.24029636066406965,0.20253924467160972,0.00015812378067309472,7695.679450511932
284,290816,882160.4886619449,1.0,1.0,1.0,1.0,1.0,1.0,0.028125000000000178,0.5021196748727392,0.2035307912667872,0.5369075369075369,0.4630924630924631,2,0.0027873381040990353,0.05060415705665946,1.4620616137981415,0.019661929225877374,1.009832602739334,9.419632947444915,0.23846842385828496,0.49042408257728565,0.000157321867729182,7722.72753238678
285,291840,442515.63619593997,1.0,1.0,1.0,1.0,1.0,1.0,0.050000000000000266,0.5043677660939357,0.20600604533391578,0.5295539707482171,0.4704460292517829,1,-0.004121508565731347,0.02816399736329913,1.4602235496044158,0.004730286244757931,1.1766281485557557,4.01339368224144,0.1495669836178422,0.1385102463214225,0.00015651975804635785,7750.176751375198
286,292864,816600.2934168726,1.0,1.0,1.0,1.0,1.0,1.0,0.031250000000000444,0.5055252014641924,0.2049608823093536,0.5316628419028717,0.46833715809712834,1,-0.011464707786217332,0.05897649507969618,1.4574123084545136,0.016081049712478368,1.188227441906929,3.398096850514412,0.3350040167570114,0.09937353215065918,0.00015571747475702418,7776.422499895096
287,293888,508112.0901319273,1.0,1.0,1.0,1.0,1.0,1.0,0.03750000000000031,0.5051944621515012,0.2056093471185027,0.5195930152619277,0.4804069847380723,2,0.009777896269224585,0.028319596499204635,1.4561242938041687,0.01450746608399527,8.1941624045372,5.664239823818207,0.18118844740092754,0.43853157224672545,0.00015491504099858958,7803.8510389328
288,294912,442583.06178094447,1.0,1.0,1.0,1.0,1.0,1.0,0.050000000000000266,0.5047504944587928,0.2066684053767001,0.5159771074281626,0.4840228925718374,1,0.012945270910859109,0.030868762359023093,1.4530652999877929,0.0017858653574814199,710.8427582085133,1.937619787454605,0.16326258033514024,0.10032195763236079,0.00015411247991280208,7831.238836526871
289,295936,816303.7476341724,1.0,1.0,1.0,1.0,1.0,1.0,0.03125,0.5058628680119357,0.20790344715399203,0.5174325916683995,0.48256740833160044,1,-0.004673840920440852,0.04950735159218311,1.4492281198501586,0.022699685530347978,0.9759338945150375,6.013377791643142,0.2581870503723621,0.16194492451402712,0.00015330981464508174,7858.413703203201
290,296960,508281.379685238,1.0,1.0,1.0,1.0,1.0,1.0,0.04375000000000018,0.5051396242059699,0.20642140384339683,0.5150953051042599,0.48490469489574006,2,-0.0040580964181572195,0.024579510651528837,1.4465957283973694,0.0170827441299372,1.1226026952266692,2.847512474656105,0.13453100454062222,0.10456796974382081,0.00015250706834385325,7886.013086557388
291,297984,442659.53907348216,1.0,1.0,1.0,1.0,1.0,1.0,0.018750000000000266,0.49940867437334385,0.2021309139191956,0.5282629218786877,0.47173707812131227,1,-0.006018620927352458,0.03227712512016297,1.4464069843292235,0.023623652811207308,0.9551259577274323,3.4193229377269745,0.21584946438670158,0.16879905821620111,0.00015170426415987812,7913.796365022659
292,299008,882075.2232327256,1.0,1.0,1.0,1.0,1.0,1.0,0.03749999999999987,0.49888994278644655,0.202421180781153,0.5423229795377594,0.45767702046224057,2,-0.0004202542593702674,0.05153967821970582,1.4471351087093354,1.1721056459162993e-05,3295.715220808983,7.196473914384842,0.24800009950995444,0.13242733269564172,0.0001509014252455873,7941.1944370269775
293,300032,442541.732102301,1.0,1.0,1.0,1.0,1.0,1.0,0.025000000000000355,0.4986952232687633,0.20260049279289233,0.5070775324750976,0.49292246752490243,1,0.0030668826773762705,0.018903446523472665,1.4467075765132904,0.02397394727790747,2.8590898126363755,4.788901028037071,0.17149799019098283,0.29323880881293557,0.00015009857475441332,7971.23220038414
294,301056,816575.247823745,1.0,1.0,1.0,1.0,1.0,1.0,0.04375000000000018,0.5013414379955882,0.20480250741744374,0.5260926491676539,0.47390735083234614,1,0.014547643368132412,0.038052795082330705,1.4441887259483337,-0.0029656706543365273,9.070008611679077,7.434101289510727,0.23601190522313117,0.4192727105595947,0.0001492957358401225,7998.24804186821
295,302080,507985.3272453905,1.0,1.0,1.0,1.0,1.0,1.0,0.034375000000000044,0.502985920258537,0.20356584041190584,0.534026395340264,0.46597360465973603,2,-5.048420280218124e-06,0.023536229319870473,1.4405033528804778,0.015279632257360643,17.14536761045456,4.3020467281341555,0.21202766783535482,0.21928703204162747,0.00014849293165614737,8025.627546310425
296,303104,442629.26064712927,1.0,1.0,1.0,1.0,1.0,1.0,0.03750000000000009,0.5044656919191667,0.2041586455621601,0.5307053456544625,0.46929465434553747,1,-0.00490417294204235,0.019240568298846482,1.4385998249053955,0.018207578145092506,1.010774129629135,3.7859750926494598,0.18771901316940784,0.12948679955026063,0.00014769018535491885,8052.425944328308
297,304128,816391.4426655888,1.0,1.0,1.0,1.0,1.0,1.0,0.04375000000000018,0.5029842481293059,0.20208194816172942,0.5204556177124756,0.47954438228752444,1,-0.006245149188907817,0.041106493584811686,1.4367369890213013,0.019305082614103953,0.9675693124532699,3.3276069939136503,0.23149026706814765,0.09439587687214,0.00014688752008719852,8080.911818742752
298,305152,508259.35913057625,1.0,1.0,1.0,1.0,1.0,1.0,0.0437500000000004,0.5061162553571811,0.20213916897971831,0.5282994679828216,0.4717005320171784,2,-0.006282065436244011,0.018592616566456853,1.4334050834178924,0.01827964343627937,0.9848016649484634,3.0295943558216094,0.1503875620663166,0.06193313481581108,0.00014608495900141102,8108.105147123337
299,306176,442659.89544433914,1.0,1.0,1.0,1.0,1.0,1.0,0.04375000000000018,0.5045664516064161,0.20215649575720548,0.5038593991212446,0.4961406008787555,1,0.002424814971163869,0.022325570276007057,1.4318630933761596,0.028034914968255366,1.1521087616682053,4.523684695363045,0.15261080842465163,0.553449793463449,0.00014528252524297641,8136.223194360733
300,307200,882067.1526864655,1.0,1.0,1.0,1.0,1.0,1.0,0.04062500000000013,0.5052502636640022,0.20197643909243707,0.5328359311516584,0.4671640688483416,2,-0.003041702788323164,0.03651466071605682,1.4299311578273772,0.01626819766791172,1.0389741510152817,7.700637578964233,0.1921976786106825,0.264713320519208,0.00014448024195364275,8163.3730273246765
301,308224,442558.54364671186,1.0,1.0,1.0,1.0,1.0,1.0,0.03125,0.5020001464382977,0.20127097513426276,0.5146574052272193,0.4853425947727808,1,0.006058582989498973,0.026592048443853857,1.4271345019340516,0.01972490987149018,1.1088869094848632,3.288254141807556,0.1741160934790969,0.25232465389922887,0.0001436781322708186,8192.420293092728
302,309248,750610.5983759724,1.0,1.0,1.0,1.0,1.0,1.0,0.03125,0.5028160024574667,0.20088601183236313,0.5196937212863706,0.4803062787136294,1,-0.002132016746327281,0.037385189160704616,1.4256361186504365,0.02309521165290427,0.9799242198467255,8.085464268922806,0.27856429629027846,0.3352391659821502,0.00014287621932690585,8220.864483594894
303,310272,574253.0157481842,1.0,1.0,1.0,1.0,1.0,1.0,0.034375000000000266,0.49955809657358935,0.19986046734045343,0.519575016097875,0.4804249839021249,2,-0.0008504449506290257,0.033952470496296884,1.4232746958732605,0.010873111037330218,1.0042543023824693,5.423490092158318,0.18773586228489875,0.1917299205736968,0.00014207452624863252,8247.783248662949
304,311296,486797.6269867718,1.0,1.0,1.0,1.0,1.0,1.0,0.03125,0.5007987432253707,0.2000450839948506,0.5313881019830028,0.46861189801699715,1,0.0012172893329989165,0.027647199388593436,1.4220728754997254,0.013951228422349794,0.9916376382112503,7.103923946619034,0.18503095116466284,0.1671302240653338,0.00014127307615638586,8275.227390527725
305,312320,815990.6346691791,1.0,1.0,1.0,1.0,1.0,1.0,0.03125,0.5004564103867233,0.2001854227600287,0.538635830924291,0.46136416907570904,1,0.0054956265725195404,0.03599731987342238,1.420494395494461,0.03420655758390865,0.9838275730609893,9.477133119106293,0.22916240021586418,0.9252068063281778,0.00014047189216354546,8302.68476510048
306,313344,464392.74150153995,1.0,1.0,1.0,1.0,1.0,1.0,0.043749999999999956,0.4988002611614892,0.19976890087020013,0.5294940403794697,0.47050595962053027,2,-0.004228850128129125,0.0225045891944319,1.418305480480194,0.008467335757772521,1.014277309179306,6.724458885192871,0.20118277445435523,0.2116576408628703,0.00013967099737581683,8330.082260370255
307,314368,684718.2484245449,1.0,1.0,1.0,1.0,1.0,1.0,0.018750000000000266,0.5004972438423899,0.20004473964890998,0.5196604374226257,0.4803395625773743,1,-0.0021794918458908795,0.03410433139652014,1.4164007127285003,0.016538952744804193,0.9816076934337616,4.7027800470590595,0.21252132002264262,0.18747258052967447,0.00013887041489056494,8357.876383066177
308,315392,639941.9104155004,1.0,1.0,1.0,1.0,1.0,1.0,0.03125,0.5013392829171086,0.2012253084638744,0.5409810856527757,0.45901891434722436,2,0.000566903268918395,0.03514027316123247,1.4141394674777985,0.021029449916138532,0.999014550447464,10.037193012237548,0.21037651002407073,0.4539419926431149,0.0001380701677961481,8384.188966274261
309,316416,442630.3737154454,1.0,1.0,1.0,1.0,1.0,1.0,0.018750000000000266,0.5001232760003751,0.20099626599451195,0.5155473355681424,0.4844526644318576,1,-0.004352085804566741,0.023712886869907378,1.4118692278862,0.007361553238527119,1.0971485406160355,7.798989063501358,0.19032223336398602,0.11538596391431086,0.0001372702791712522,8411.493322849274
310,317440,816522.5284969956,1.0,1.0,1.0,1.0,1.0,1.0,0.04375000000000018,0.4979386531536785,0.1993894029843179,0.5239085239085239,0.4760914760914761,1,0.0016379965207306668,0.06521150916814804,1.4096854090690614,0.005691989644658335,62.82054194808006,4.085047361254692,0.31767125017941,0.1222065161427458,0.00013647077208422495,8439.491159677505
311,318464,508141.4003081471,1.0,1.0,1.0,1.0,1.0,1.0,0.03750000000000009,0.4957169388972732,0.19895856427364086,0.5294396639338709,0.4705603360661291,2,0.0015507868840359152,0.03002616688609123,1.4079523086547852,0.011725135063482401,3.116335928440094,6.350652571767569,0.21772213838994503,0.08628682427288388,0.00013567166959241086,8466.69756269455
312,319488,442678.96370099485,1.0,1.0,1.0,1.0,1.0,1.0,0.043749999999999734,0.49416060028031444,0.1966213843759869,0.5140219473959241,0.48597805260407595,1,-0.0019967320375144483,0.029512009397149087,1.407377427816391,0.022873338144713307,1.5843131065368652,2.9313790917396547,0.27591380290687084,0.23214780315317882,0.00013487299474148606,8493.779314279556
313,320512,816221.3188409805,1.0,1.0,1.0,1.0,1.0,1.0,0.03125,0.49827121097380606,0.19809980594812587,0.5522901584115834,0.4477098415884166,1,0.018330408586189152,0.04906343352049589,1.4078902006149292,0.029445161304845514,5663.335186192393,6.7887439131736755,0.2608043387532234,0.6829728795795286,0.00013407477056479373,8521.18084692955
314,321536,508459.19355632365,1.0,1.0,1.0,1.0,1.0,1.0,0.04687500000000022,0.4991498599104521,0.19890525204959833,0.5133997391201234,0.4866002608798767,2,0.008033096580766142,0.023657013755291702,1.4075695097446441,0.015313197595525985,1.0551126182079316,7.213184905052185,0.09063107362017035,0.2939974299782657,0.00013327702008267988,8548.111118078232
315,322560,684671.2702630945,1.0,1.0,1.0,1.0,1.0,1.0,0.02499999999999991,0.49816184157005583,0.19684026340111982,0.5369846524225098,0.46301534757749024,1,-0.0008419448276981711,0.03852499583736062,1.4061377346515656,0.013092499980596273,112.96153734326363,3.991830202937126,0.15694792214781045,0.0922595087504076,0.0001324797663018294,8576.963819026947
316,323584,640070.1671737581,1.0,1.0,1.0,1.0,1.0,1.0,0.028124999999999734,0.49990426352413164,0.19856207782582908,0.5233285917496444,0.47667140825035564,2,-0.0053858851082623,0.0325251430273056,1.4039596736431121,0.02713609294754491,0.9796394109725952,5.661522579193115,0.11439916752278805,0.20429368995760572,0.00013168303221460274,8603.876144170761
317,324608,442549.4105475955,1.0,1.0,1.0,1.0,1.0,1.0,0.018749999999999822,0.5017372138551169,0.20078476726301803,0.5218122821776229,0.4781877178223771,1,-0.005551835364894941,0.022248312644660474,1.4030321002006532,0.0020381361139671927,147342.27421658934,3.3391261488199233,0.14041416980326177,0.04206225910516469,0.00013088684079837242,8631.533180952072
318,325632,816378.7228195965,1.0,1.0,1.0,1.0,1.0,1.0,0.037499999999999645,0.5040330956277936,0.20235685703563525,0.5399101936867502,0.4600898063132498,1,0.0018176584970206022,0.042714865785092114,1.4023716807365418,-0.0016497812839176619,142131.6146817982,11.223069500923156,0.2707874745130539,0.4640478258756009,0.00013009121501486083,8660.003339767456
319,326656,508234.8209903538,1.0,1.0,1.0,1.0,1.0,1.0,0.028124999999999956,0.5049854990171599,0.20425059750549043,0.5132216258672602,0.4867783741327399,2,0.008219315088354051,0.0308726136572659,1.4004149258136749,0.004630305095772025,2.8826027423143388,6.736177748441696,0.3342652577906847,0.09554333221558807,0.00012929617780947774,8690.442882061005
320,327680,442535.0182850957,1.0,1.0,1.0,1.0,1.0,1.0,0.03750000000000053,0.5067468535519855,0.2079833008352166,0.5233541062503856,0.47664589374961436,1,-0.0020841348683461546,0.033821831736713645,1.397601842880249,0.023369084920619797,0.9352829843759537,3.7914455637335776,0.26087186150252817,0.3173477750999021,0.00012850175211065866,8718.491597652435
321,328704,816240.9216071814,1.0,1.0,1.0,1.0,1.0,1.0,0.050000000000000266,0.5083495379942995,0.2066807537595243,0.5109796092970198,0.4890203907029802,1,0.003199458424933255,0.046258666552603245,1.3964369654655457,0.005358641228090377,5.173151832818985,5.318751496076584,0.21116843577474356,0.14938064170790333,0.0001277079608292036,8745.072245121002
322,329728,508418.3405402396,1.0,1.0,1.0,1.0,1.0,1.0,0.046875,0.511004332061616,0.2053657312495791,0.5114471623087119,0.4885528376912881,2,-0.002186364680528641,0.029265257716178893,1.3943837940692902,0.01540859688611249,0.9670651733875275,6.698625481128692,0.22052543088793755,0.0781287136977731,0.00012691482685761626,8772.854259490967
323,330752,816636.9211829677,1.0,1.0,1.0,1.0,1.0,1.0,0.04375000000000018,0.5110372125667451,0.20540280700192837,0.5064488910318226,0.49355110896817744,1,0.0038382626022212206,0.04706752672791481,1.3926943957805633,0.016413976365261228,30675.459535688162,6.0609536319971085,0.17419168204069138,0.13791160247199258,0.000126122373069444,8799.847303628922
324,331776,508030.5217704922,1.0,1.0,1.0,1.0,1.0,1.0,0.04687500000000022,0.5120486248555315,0.2051950284657314,0.5245196443934614,0.47548035560653856,2,0.005188040994107723,0.023740109940990805,1.3917638778686523,0.015160520996701976,66501.58234893382,5.1411978781223295,0.19804172944277526,0.20036167675677374,0.00012533062231861796,8828.121792793274
325,332800,442319.22200737894,1.0,1.0,1.0,1.0,1.0,1.0,0.043749999999999734,0.514641182409333,0.20659395048051146,0.5183772766125321,0.4816227233874679,1,-0.001147166488226503,0.02821555295959115,1.3917466878890992,0.012299005597117496,1.0130338549613953,2.2049874365329742,0.18225981965661048,0.10479269536105848,0.00012453959743879416,8856.035007715225
326,333824,816630.8012300357,1.0,1.0,1.0,1.0,1.0,1.0,0.04375000000000018,0.5097174077520638,0.20294112732217404,0.5037315696863054,0.49626843031369455,1,0.00182661353610456,0.06325912736356258,1.3908792376518249,0.017941828972432638,0.9833828330039978,2.724811774492264,0.2647872619330883,0.3425526895534537,0.0001237493212426948,8883.637850046158
327,334848,508102.16398477554,1.0,1.0,1.0,1.0,1.0,1.0,0.0437500000000004,0.5099089146464113,0.20356981994971823,0.5227161700048852,0.4772838299951148,2,-0.005272594070993364,0.025121728982776405,1.3895433783531188,0.008522066295165942,0.9997340857982635,2.3016058206558228,0.20016036741435528,0.09674699733090183,0.0001229598165214505,8910.983030319214
328,335872,442653.59868195653,1.0,1.0,1.0,1.0,1.0,1.0,0.03750000000000053,0.5089520917492636,0.20362774422049884,0.5088826554464703,0.4911173445535297,1,-0.004564769193530082,0.024777643056586383,1.3882346212863923,0.024908394687577485,0.9874937325716019,3.027152106165886,0.12786041116341948,0.2602900626056923,0.0001221711060439431,8938.607174634933
329,336896,816269.123730272,1.0,1.0,1.0,1.0,1.0,1.0,0.03125,0.508546473652699,0.204510392775236,0.5330853975159638,0.4669146024840362,1,-0.004283008584752679,0.05718075856566429,1.3875865876674651,0.012521112542765066,1.0015439063310623,4.545772743225098,0.3062100909650326,0.2756760064962607,0.00012138321255614854,8966.054201364517
330,337920,508358.9088082835,1.0,1.0,1.0,1.0,1.0,1.0,0.04062500000000013,0.5060745847437592,0.2025363857469162,0.498097459187431,0.501902540812569,2,-0.000903909606859088,0.0246406480204314,1.3859190404415132,0.016006988503618834,1.0318786680698395,2.8368936449289324,0.14923633113503457,0.17800422207058086,0.00012059615878048166,8992.41710805893
331,338944,596761.3649903536,1.0,1.0,1.0,1.0,1.0,1.0,0.050000000000000266,0.5051778800458028,0.20307524347203043,0.5181990684836985,0.48180093151630154,1,0.006089962273836136,0.03543715188279748,1.3837704539299012,0.019336900315916238,1.0181697309017181,5.48497108221054,0.14161997735500337,0.5236838534484912,0.00011980996741514009,9019.305425405502
332,339968,727978.0042980909,1.0,1.0,1.0,1.0,1.0,1.0,0.04062500000000058,0.5039620571473682,0.20321977747188621,0.5328439533827758,0.46715604661722415,2,-0.006048472202382982,0.04953525587916374,1.3815373539924622,0.01390877523671552,0.9668316036462784,2.331776091456413,0.2545883059501648,0.2504763636844677,0.00011902466113345025,9045.699529886246
333,340992,442686.6740984861,1.0,1.0,1.0,1.0,1.0,1.0,0.031249999999999556,0.5041452882934321,0.2025582288406676,0.5160190865712339,0.4839809134287662,1,-0.0022353284526616334,0.024622872564941646,1.3787752032279967,0.01455956060210326,0.9735910832881928,2.744688105583191,0.1741409447044134,0.21833926942855125,0.00011824026258321325,9074.90056347847
334,342016,816370.037737906,1.0,1.0,1.0,1.0,1.0,1.0,0.03750000000000009,0.5079809252341635,0.1996923887005206,0.5376925155363416,0.4623074844636585,1,-0.008063954394310712,0.04986283592879772,1.3775970757007598,0.021192624788236726,0.9565512955188751,3.7114385962486267,0.21557189151644707,0.21487859200810872,0.0001174567943860515,9101.946635723114
335,343040,508363.54241499305,1.0,1.0,1.0,1.0,1.0,1.0,0.046875000000000444,0.5076891771834606,0.19992272486511956,0.5034743764735079,0.4965256235264921,2,-0.004846404783893377,0.023760876199230552,1.3759157240390778,0.016598355649767173,0.9432308673858643,2.814819860458374,0.12304936777800321,0.10277576443384319,0.00011667427913675681,9129.078968048096
336,344064,596757.6366597563,1.0,1.0,1.0,1.0,1.0,1.0,0.02499999999999991,0.5081932123119097,0.19970138210830182,0.5125846207255684,0.4874153792744315,1,-0.0005531609524041415,0.036378126870840785,1.3744105875492096,0.022113072482033404,0.9756048947572709,5.104617568850517,0.21873022690415383,0.5599327066074611,0.00011589273940263826,9155.588867425919
337,345088,728037.7774145752,1.0,1.0,1.0,1.0,1.0,1.0,0.04062500000000013,0.5067908278556906,0.19917289575480948,0.5301645338208409,0.46983546617915906,2,-0.004747708374634385,0.036047608405351636,1.3730772972106933,0.005659645726549645,1.019141000509262,3.1592646658420565,0.17148732636123895,0.14232738130892736,0.00011511219772287183,9184.037756681442
338,346112,442653.9170650616,1.0,1.0,1.0,1.0,1.0,1.0,0.04999999999999982,0.5088019903522382,0.19908939341740875,0.5149486321135865,0.4850513678864135,1,-0.005547618586570024,0.020558991841971873,1.3712413728237152,0.014180118594375202,0.9742234200239182,2.095273481309414,0.13635218758136033,0.06807474526517791,0.00011433267660784991,9211.374384641647
339,347136,816368.4285706282,1.0,1.0,1.0,1.0,1.0,1.0,0.025000000000000355,0.5070512230987106,0.2004946594843852,0.5175450480964638,0.4824549519035361,1,-0.008691650163382292,0.05607640454545617,1.3708156585693358,0.023262137867550065,0.9653385609388352,5.809197318553925,0.2648030146956444,0.1648346943699104,0.00011355419853853266,9238.385246038437
340,348160,508280.5553124845,1.0,1.0,1.0,1.0,1.0,1.0,0.0281250000000004,0.5096746024913126,0.20195573119124632,0.5128288194894389,0.4871711805105611,2,-0.008439183654263615,0.02343336455523968,1.3708119094371796,0.02071826507227863,0.9718924403190613,2.9082330584526064,0.18581473752856253,0.17738982749154514,0.0001127767859657991,9265.048835754395
341,349184,442704.7345929565,1.0,1.0,1.0,1.0,1.0,1.0,0.03750000000000009,0.5102657178001677,0.2049605008391089,0.5000580585229911,0.4999419414770088,1,-0.0013731963117606938,0.026846890710294245,1.3709555268287659,0.01872930827841355,0.9763025909662246,6.483643555641175,0.1963756812736392,0.23194503127260033,0.00011200046130980012,9293.065469264984
342,350208,816039.6188423038,1.0,1.0,1.0,1.0,1.0,1.0,0.05624999999999991,0.5099083825700317,0.20542480842628286,0.5444513042136132,0.4555486957863868,1,-0.003180973092094064,0.04573201024904847,1.370138293504715,0.02273945854632391,0.994267413020134,9.174260365962983,0.2468285635113716,0.24565547876771834,0.0001112252469593115,9320.452085018158
343,351232,508560.51962712966,1.0,1.0,1.0,1.0,1.0,1.0,0.05000000000000049,0.5091776615133791,0.20584746079969193,0.5037164093767867,0.49628359062321326,2,-0.0031459979771170767,0.02493669306859374,1.3687773108482362,0.02132059308348335,1.0093553215265274,4.290317246317864,0.09506039209663868,0.4895677248442313,0.00011045116527108863,9348.139738321304
344,352256,816565.8344793022,1.0,1.0,1.0,1.0,1.0,1.0,0.031250000000000444,0.5078064038018988,0.20341502994357216,0.499313101036593,0.500686898963407,1,0.001843245979398489,0.04419822469353676,1.36747185587883,0.01569092988860348,1.0036900073289872,9.04303793311119,0.12405893700197339,1.0,0.00010967823856922143,9375.315497875214
345,353280,508145.69501432776,1.0,1.0,1.0,1.0,1.0,1.0,0.03749999999999987,0.5095513263307438,0.20515607296956476,0.5301621768338196,0.46983782316618034,2,0.005029337387531996,0.026928192097693683,1.3665235459804534,0.007960066203161276,0.9999794781208038,8.284324437379837,0.14054720681160687,0.5719198113740254,0.00010890648914449058,9402.479729890823
346,354304,442568.5526621491,1.0,1.0,1.0,1.0,1.0,1.0,0.050000000000000266,0.5092036546712595,0.20522919392297548,0.5038398742214428,0.49616012577855717,1,-0.0053274608217179775,0.023753624781966208,1.364943915605545,0.014221186140728292,1.0058710813522338,4.7882605493068695,0.13066188925877215,0.30394163647642347,0.00010813593925372492,9429.460217237473
347,355328,816240.8071913943,1.0,1.0,1.0,1.0,1.0,1.0,0.03750000000000009,0.5111837668766432,0.20676869581462273,0.5225595913734393,0.47744040862656073,1,0.0029875128529965878,0.04532955046743155,1.3630707323551179,0.01614247946780978,1.0469234764575959,13.201955372095108,0.213598227314651,0.5961256632452284,0.00010736661111915916,9456.202865362167
348,356352,508406.63969781995,1.0,1.0,1.0,1.0,1.0,1.0,0.034375000000000044,0.5119539162598146,0.2068920765704194,0.5156552224371374,0.48434477756286265,2,-0.0030010070418938994,0.02167183202691376,1.3617557346820832,0.01070081866592929,0.971770840883255,4.098619961738587,0.16236759535968304,0.23095129595991576,0.0001065985269277935,9484.573792219162
349,357376,486574.9580618739,1.0,1.0,1.0,1.0,1.0,1.0,0.04375000000000018,0.5102390321793254,0.20617519318237254,0.5114825131538223,0.48851748684617763,1,-0.0022979244589805604,0.027397650200873612,1.3605775892734528,0.007482896918306814,1.208505356311798,5.486784690618515,0.18326036278158425,0.22014270270330277,0.00010583170883075319,9511.302720785141
350,358400,838023.4635866173,1.0,1.0,1.0,1.0,1.0,1.0,0.03750000000000009,0.5087537304471674,0.20548738665378674,0.5225460237012745,0.4774539762987255,2,0.008845661324448884,0.03589067365974188,1.3595563471317291,0.0020707470235549865,34367.94729210436,10.38726031780243,0.13707587942481042,0.2832839392622423,0.00010506617894265036,9538.024865865707
351,359424,442644.65364581347,1.0,1.0,1.0,1.0,1.0,1.0,0.03750000000000009,0.5073488838281712,0.205949228768238,0.5075181521925561,0.4924818478074438,1,-0.00023094797506928444,0.02306871782056987,1.3579050481319428,0.01255937580433989,1.2360589891672134,4.558569359779358,0.12872657123953105,0.09877500204734183,0.0001043019593409456,9566.069191455841
352,360448,816470.1815071106,1.0,1.0,1.0,1.0,1.0,1.0,0.025000000000000355,0.5073698608590169,0.20592246063251451,0.5292637284635736,0.4707362715364264,1,-0.00418323134072125,0.05129004437476396,1.3565882682800292,0.02675851791979298,1.005177190899849,9.23888373374939,0.23912968598306178,0.3280817866440087,0.00010353907206531179,9593.548141479492
353,361472,507957.17937634885,1.0,1.0,1.0,1.0,1.0,1.0,0.03750000000000009,0.5093393618678472,0.207719418742198,0.5242191036668176,0.47578089633318243,2,0.01008994490839541,0.02673962996341288,1.3551698744297027,-0.004090467239619189,205820.29151925741,8.306465351581574,0.18585251308977604,0.2533092392691378,0.00010277753911699807,9619.676744937897
354,362496,442680.2735472545,1.0,1.0,1.0,1.0,1.0,1.0,0.02499999999999991,0.5083883526603176,0.20878490533599933,0.5178756178871134,0.48212438211288655,1,-0.0008701495476998389,0.027000291738659143,1.3541288554668427,0.01572728794688629,1.0577989190816879,7.574406170845032,0.12279910985380411,0.13248520561692098,0.00010201738245819564,9645.880877494812
355,363520,816371.497512348,1.0,1.0,1.0,1.0,1.0,1.0,0.031249999999999556,0.5091421916484686,0.2091130509623763,0.5259124823553136,0.47408751764468643,1,-0.0006692761089652777,0.04965378027409315,1.3538736045360564,0.025951363241217607,0.9903487145900727,11.494586157798768,0.21592772454023362,0.3960453946402244,0.00010125862401140433,9673.084489107132
356,364544,508046.47955590487,1.0,1.0,1.0,1.0,1.0,1.0,0.046875,0.5090844349837141,0.2092894768142259,0.5198609731876862,0.4801390268123138,2,0.0007926756516098976,0.02385548548772931,1.353014075756073,0.011657246477847116,1.0042855978012084,5.9842489004135135,0.16179635897278785,0.20713873561791354,0.00010050128565880009,9700.398211240768
357,365568,442708.011065823,1.0,1.0,1.0,1.0,1.0,1.0,0.03750000000000009,0.50945310300262,0.20898390230767852,0.5115507776761208,0.4884492223238792,1,-0.0018316692672669887,0.025364039326086642,1.3530462086200714,0.01523860305632283,0.9991303831338882,6.492538642883301,0.12624784810468553,0.16250582524396598,9.974538924160438e-05,9727.144841432571
358,366592,816234.5064610243,1.0,1.0,1.0,1.0,1.0,1.0,0.050000000000000266,0.5077877416355245,0.2077450111820452,0.5241918294849023,0.4758081705150977,1,0.007357878051698208,0.05338517865166068,1.3539252936840058,0.026576408157469977,7.380949521064759,13.446250534057617,0.31752984076738355,0.4857877027883168,9.899095655945381e-05,9757.178044319153
359,367616,508384.48619084805,1.0,1.0,1.0,1.0,1.0,1.0,0.02499999999999991,0.5078072607720232,0.2075256129309791,0.5043701485239288,0.49562985147607114,2,-0.0024765672627836467,0.028584496583789587,1.3532849252223969,0.013808474832046969,2.246668702363968,4.897321873903275,0.15620026625692846,0.3811133214629837,9.823800936977188e-05,9790.95298242569
360,368640,750690.3858915567,1.0,1.0,1.0,1.0,1.0,1.0,0.03750000000000009,0.5083517962899259,0.20640679963170866,0.5147137189886909,0.48528628101130916,1,0.0002640080405399203,0.043468242045491934,1.3521589457988739,0.017050042746764405,1.095063316822052,11.799902236461639,0.19150663055479528,0.2734279803066729,9.748656938714112e-05,9827.817029714584
361,369664,574099.3282103464,1.0,1.0,1.0,1.0,1.0,1.0,0.034375000000000044,0.5091585735203183,0.20525642208093756,0.5067657575545117,0.4932342424454883,2,0.008242387184873223,0.032466065138578415,1.3515399992465973,0.005863798200280002,83731.5317937374,11.372422361373902,0.2060539297759533,0.43438577478159174,9.673665828267725e-05,9863.854996204376
362,370688,442479.87043218594,1.0,1.0,1.0,1.0,1.0,1.0,0.05000000000000071,0.5112530516427155,0.2076079797678314,0.5074218992609155,0.49257810073908453,1,-0.0015923905652016402,0.02633626088500023,1.3507952868938446,0.008710877280169527,34786.28712501526,6.601101258397103,0.20391312204301357,0.1840250595382576,9.598829768340373e-05,9892.099300384521
363,371712,816428.2632867694,1.0,1.0,1.0,1.0,1.0,1.0,0.02499999999999991,0.509225548081926,0.20670586620078474,0.5393895444656865,0.4606104555343134,1,0.014776792190968991,0.05225066114217043,1.350358647108078,0.01725463951952051,36996.66532637775,14.352947604656219,0.2486157115548849,0.5413970027737347,9.524150917162852e-05,9919.782394170761
364,372736,508248.7122236788,1.0,1.0,1.0,1.0,1.0,1.0,0.04062500000000013,0.510126888531654,0.2079004990533354,0.5030102932608274,0.49698970673917264,2,-0.0004581205197609961,0.02601610398851335,1.349783331155777,0.007069068674995549,222.91596819460392,8.414266276359559,0.14874543398618698,0.18578140302289015,9.449631428432138e-05,9945.819539546967
365,373760,596769.0970997959,1.0,1.0,1.0,1.0,1.0,1.0,0.03750000000000009,0.5110063460767642,0.20873667335556662,0.4980200860832138,0.5019799139167862,1,-0.004398165363818407,0.03222974631935358,1.3481957256793975,0.018590910893724732,0.9330384314060212,5.978874185681343,0.20458861030638217,0.274255151677466,9.37527345124927e-05,9972.68881058693
366,374784,727977.27261585,1.0,1.0,1.0,1.0,1.0,1.0,0.028124999999999956,0.5102794702554895,0.20919949540067442,0.5324763193504736,0.4675236806495264,2,0.0036553402431309225,0.03914336999878287,1.3468926966190338,0.01729904857612228,62496.17853200436,19.498098927736283,0.1929875796660781,0.23906714619071937,9.301079130057405e-05,10000.023132562637
367,375808,442602.2805173099,1.0,1.0,1.0,1.0,1.0,1.0,0.050000000000000266,0.5137423186589809,0.2093049821831154,0.5086941300035009,0.491305869996499,1,-0.0019535857252776625,0.023961727344430982,1.346655511856079,0.01205805269964202,1.003031352162361,5.33683844357729,0.15228156354278327,0.0833575596129387,9.227050604579923e-05,10027.824084281921
368,376832,816484.3034359217,1.0,1.0,1.0,1.0,1.0,1.0,0.03750000000000009,0.5148038518119781,0.21052436080943407,0.5200594353640416,0.4799405646359584,1,0.002271338761784136,0.04439741726964712,1.347568792104721,0.024961748057127763,0.984599032998085,15.374746727943421,0.22873671408742666,0.7569006212599539,9.15319000975878e-05,10054.327913045883
369,377856,508344.3683302589,1.0,1.0,1.0,1.0,1.0,1.0,0.028124999999999956,0.5133093786286,0.21007247602057696,0.49860013687550553,0.5013998631244945,2,0.005476660875137896,0.020123089337721466,1.347164934873581,0.003424583139629167,76591.93334828914,10.347108441591264,0.1133277989923954,0.17315458421595017,9.079499475692871e-05,10081.12156009674
370,378880,486653.36738952994,1.0,1.0,1.0,1.0,1.0,1.0,0.03750000000000009,0.5123191184047894,0.21048993805573737,0.5108656716417911,0.48913432835820897,1,0.015116552589461207,0.027064197044819594,1.346578049659729,0.014771075100705567,1.4484787166118622,16.157056561112405,0.11884466726332903,0.203766537331963,9.005981127576663e-05,10108.848762273788
371,379904,838124.0612086356,1.0,1.0,1.0,1.0,1.0,1.0,0.03750000000000009,0.5095696893800219,0.20887092739547505,0.5332393373281635,0.46676066267183647,2,-0.004265507869422436,0.044714211486279964,1.3459202110767365,0.018338523824998988,1.012524914741516,13.390284425020218,0.29013718850910664,0.15986024635834642,8.932637085638846e-05,10136.053934812546
372,380928,442479.8853840083,1.0,1.0,1.0,1.0,1.0,1.0,0.03750000000000009,0.5097853325930186,0.20715779456185593,0.501848201084278,0.49815179891572203,1,-0.006695431983098387,0.024260696303099395,1.3468059062957765,0.008953558639391113,22930.741128242014,3.4867150276899337,0.14535688236355782,0.060951494628980446,8.859469465081243e-05,10163.028437137604
373,381952,816516.069776386,1.0,1.0,1.0,1.0,1.0,1.0,0.018749999999999822,0.5100390169513418,0.20843099347264585,0.5340670526114892,0.4659329473885107,1,0.0046617187443189325,0.04973551463335753,1.3489054083824157,0.03713750353346157,0.9700252711772919,11.297396981716156,0.17089685779064895,1.0,8.786480376017762e-05,10190.021471738815
374,382976,508311.41719395295,1.0,1.0,1.0,1.0,1.0,1.0,0.034375000000000044,0.5103140277940812,0.2070552556420666,0.5203350041241038,0.47966499587589617,2,0.021329974057152867,0.02054575497750193,1.3491228520870209,-0.030208763497931557,361922.1938481778,12.445543324947357,0.1436234876513481,0.1500946352969992,8.71367192341356e-05,10217.411192655563
375,384000,442632.7594193071,1.0,1.0,1.0,1.0,1.0,1.0,0.03750000000000009,0.5117959470076301,0.20983100695658316,0.5137433379244266,0.4862566620755734,1,-0.0017810024903155864,0.024410225357860325,1.3484787046909332,0.022453148137288593,0.9711129993200303,4.731812030076981,0.12080080844461918,0.2692117453844449,8.641046207024362e-05,10245.095559120178
376,385024,816017.0492206514,1.0,1.0,1.0,1.0,1.0,1.0,0.03750000000000009,0.513988733822916,0.21031545640295665,0.5417438271604939,0.45825617283950615,1,-0.00021530825179070235,0.05091515406966209,1.3473458588123322,0.016542746932691532,1.0150389194488525,6.548193734884262,0.2417694043368101,0.35200624288967497,8.568605321335849e-05,10270.9748108387
377,386048,508345.2215220444,1.0,1.0,1.0,1.0,1.0,1.0,0.034375000000000044,0.512116284728743,0.2111401308959782,0.49821472543708445,0.5017852745629156,2,-0.006203087756875903,0.025325891096144915,1.3466771721839905,0.012230736202717373,0.9739437431097031,4.690025913715362,0.131407137401402,0.13637443075137068,8.496351355503314e-05,10297.29962015152
378,387072,486610.15717992187,1.0,1.0,1.0,1.0,1.0,1.0,0.04375000000000018,0.5088891522764609,0.21053134308770818,0.508399269628728,0.49160073037127205,1,-0.0056085932184942065,0.03032117700204253,1.3465825736522674,0.018749198137225066,0.9289903163909912,4.865521088242531,0.1903409156948328,0.14676180180220189,8.424286393291361e-05,10324.273747682571
379,388096,772037.3977450579,1.0,1.0,1.0,1.0,1.0,1.0,0.03750000000000009,0.5103928512526378,0.21035232109106156,0.5460117939168219,0.45398820608317814,1,0.011173421796411277,0.04714354416355491,1.3467678248882293,0.03372942574406075,0.9344386279582977,12.246102440357209,0.23187416587024928,1.0,8.352412513013856e-05,10351.546663761139
380,389120,508531.8717675805,1.0,1.0,1.0,1.0,1.0,1.0,0.034375000000000266,0.51044223110101,0.21122226596831492,0.5094252341852665,0.4905747658147334,2,0.0026387153542600573,0.026950603909790517,1.345550149679184,0.00725676103169155,0.993727496266365,5.924720370769501,0.10486728027462959,0.34315188682441516,8.280731787473942e-05,10379.249255657196
381,390144,816589.8418325782,1.0,1.0,1.0,1.0,1.0,1.0,0.025000000000000355,0.5096426493778454,0.21193521513165195,0.5037216226274656,0.49627837737253444,1,0.010514725768007337,0.05298105664551258,1.343873631954193,0.01987154878517927,1.0072882503271103,13.10067527294159,0.15212391130626202,0.47829690000000014,8.209246283904313e-05,10406.226383924484
382,391168,508037.69691679254,1.0,1.0,1.0,1.0,1.0,1.0,0.04687499999999978,0.5076590346953961,0.21074201145132804,0.5242600157672185,0.47573998423278147,2,-0.0011036736890673638,0.025213388726115227,1.3424569249153138,0.011574410322675987,0.98121078312397,9.002876311540604,0.12298205941915512,0.20262775765094898,8.137958063907543e-05,10434.338414430618
383,392192,442584.90972320456,1.0,1.0,1.0,1.0,1.0,1.0,0.031250000000000444,0.5046286687819449,0.20846328674864245,0.5030572870287919,0.49694271297120807,1,-0.0037058380723465232,0.02392658041790128,1.3413120210170746,0.020735277691679245,0.9767511397600174,10.323636931180953,0.12312948936596513,0.24229057084600045,8.06686918339668e-05,10461.881822824478
384,393216,816398.934322156,1.0,1.0,1.0,1.0,1.0,1.0,0.03750000000000009,0.5043220643635606,0.20896756140921427,0.521292902365878,0.47870709763412195,1,0.012178160483017564,0.05080033484846354,1.340680980682373,0.02262497488316768,0.9733424216508866,13.223269993066788,0.1669368810020387,0.7971615000000003,7.995981692535909e-05,10489.46437048912
385,394240,508198.2298822999,1.0,1.0,1.0,1.0,1.0,1.0,0.028125000000000178,0.5031025145026733,0.20876184120006147,0.5215374420145792,0.4784625579854208,2,-0.003916682745330036,0.02745676930062473,1.339249360561371,0.01195407032528859,0.998154953122139,7.640848410129547,0.13928513880819082,0.33771292941824826,7.925297635681462e-05,10515.726291179657
386,395264,442626.8748206645,1.0,1.0,1.0,1.0,1.0,1.0,0.03750000000000053,0.5006702700826506,0.20542330170550727,0.5200781805259417,0.47992181947405826,1,7.452268619090319e-05,0.03567630844190717,1.3373192131519318,0.006281746708162927,1.104045069217682,3.100700932741165,0.21434354670345784,0.08584209550731292,7.854819051322653e-05,10542.860257387161
387,396288,882233.5950349644,1.0,1.0,1.0,1.0,1.0,1.0,0.046875,0.4998083555409886,0.20538564856121325,0.5362997658079626,0.4637002341920375,2,-0.0005459200940094889,0.05469494257122278,1.3367536008358,0.03151684778671644,1.005975365638733,9.132162994146347,0.1884984578937292,0.4276875851109553,7.784547972023055e-05,10569.022955656052
388,397312,442606.6883865595,1.0,1.0,1.0,1.0,1.0,1.0,0.031250000000000444,0.5037064401400603,0.20740611946628607,0.5116115823340158,0.48838841766598423,1,-0.00620966671849601,0.029208749253302812,1.3363532662391662,0.015299185623734956,0.9787632673978806,6.612867841124535,0.214589798822999,0.18410548151435047,7.714486424361941e-05,10596.232536315918
389,398336,816527.9952449382,1.0,1.0,1.0,1.0,1.0,1.0,0.025000000000000355,0.502946025351811,0.2061248104753772,0.5175227732793523,0.4824772267206478,1,0.0021377298282459377,0.05073978612199426,1.3358658850193024,0.028946951061445247,0.9389894515275955,15.950661832094193,0.1983409132808447,1.0,7.644636428875782e-05,10623.378724098206
390,399360,508236.6582673639,1.0,1.0,1.0,1.0,1.0,1.0,0.03749999999999987,0.5010250795709279,0.2063023429882433,0.518055826664064,0.481944173335936,2,-0.0017539069522172213,0.026202895026654006,1.3349781274795531,0.007834575585793147,1.113139781355858,7.0789270341396335,0.12043083179742098,0.28242953648100017,7.575000000000019e-05,10650.756881713867
391,400384,442624.3951730877,1.0,1.0,1.0,1.0,1.0,1.0,0.018749999999999822,0.5039498967941272,0.2072567357966687,0.5124119823367944,0.48758801766320564,1,0.0024779404397122563,0.02251075250096619,1.3331191480159759,0.01807190717193663,1.0086002409458161,11.544034457206726,0.12358117513358594,0.33236017948696905,7.505579146010932e-05,10676.988366127014
392,401408,816113.7661175281,1.0,1.0,1.0,1.0,1.0,1.0,0.03750000000000009,0.5040184413150166,0.21001637611243357,0.5582899628252788,0.4417100371747212,1,0.006812400557100773,0.05424036784097552,1.331905335187912,0.020348680590213063,1.0546457588672637,14.593913543224335,0.20379595197737216,0.6518634127586573,7.436375868967762e-05,10702.81973862648
393,402432,508347.7802451141,1.0,1.0,1.0,1.0,1.0,1.0,0.04062499999999991,0.5041704080103491,0.20995249373414862,0.525282459714762,0.474717540285238,2,0.0011539700091816485,0.025424919882789256,1.331381130218506,0.014567634451562306,0.9582896381616592,18.89622710943222,0.15021899174898862,0.5592204000998392,7.367392164654925e-05,10730.615038394928
394,403456,442514.765142858,1.0,1.0,1.0,1.0,1.0,1.0,0.04375000000000018,0.5023747412412582,0.20815500161175396,0.5047720042417816,0.49522799575821846,1,-0.0017974353395402431,0.025960825476795436,1.3307538330554962,0.009931738103332676,88.19897545576096,6.651268976926803,0.1377347245812416,0.17548928710101888,7.298630022524505e-05,10756.690800905228
395,404480,882112.0564030409,1.0,1.0,1.0,1.0,1.0,1.0,0.04062500000000013,0.5017565002544979,0.20615158103999673,0.5342687137295232,0.4657312862704768,2,0.013303826143965126,0.04537678500637412,1.3302525877952576,0.0192335372086788,1.2362803012132644,13.605304491519927,0.12657756116241217,0.774427468958155,7.230091425638832e-05,10782.73462343216
396,405504,442372.3062901199,1.0,1.0,1.0,1.0,1.0,1.0,0.03750000000000053,0.5010249010358099,0.20358880419634745,0.5253634491795096,0.47463655082049044,1,0.0017431036802008748,0.023094626795500516,1.3298839449882507,0.004796530932231135,1.1863265603780746,10.20954527258873,0.10859032003208995,0.15944774830898822,7.16177835061333e-05,10808.926434278488
397,406528,706728.3078195453,1.0,1.0,1.0,1.0,1.0,1.0,0.050000000000000266,0.500651921609068,0.20416775401137555,0.5100924902565296,0.4899075097434704,1,0.02877500243484974,0.039784867130219934,1.3298938393592834,0.013825708893547528,1.6786090731620789,11.846203947067261,0.1505465939640999,0.5811307335000002,7.093692767559497e-05,10835.30090546608
398,407552,618081.9134272411,1.0,1.0,1.0,1.0,1.0,1.0,0.03750000000000009,0.5016645410282371,0.20347478961652124,0.5354604889141558,0.46453951108584424,2,-0.00700764125213027,0.0339291475713253,1.3296546578407287,0.010615486860318412,0.9650996088981628,9.369548058509826,0.13650304153561593,0.18236498188585404,7.02583664002807e-05,10862.641377925873
399,408576,442559.6685331613,1.0,1.0,1.0,1.0,1.0,1.0,0.04375000000000018,0.49883870252311435,0.20322195121386233,0.5238581730769231,0.47614182692307694,1,-0.004318642523139715,0.024255984742194415,1.3290878057479858,0.019647300450366684,0.954812616109848,9.72653586268425,0.1424480417743325,0.3270922706421006,6.958211924952442e-05,10888.762265920639
400,409600,816406.7181427479,1.0,1.0,1.0,1.0,1.0,1.0,0.025000000000000355,0.5007609291655776,0.2033245850374632,0.557508622976917,0.44249137702308305,1,0.008614234579727053,0.047569993138313296,1.3285396099090576,0.009495597196852579,1.7411108493804932,16.854903841018675,0.1163139671087265,0.5904900000000002,6.89082057259217e-05,10914.714770078659
401,410624,508137.04127797484,1.0,1.0,1.0,1.0,1.0,1.0,0.025000000000000355,0.501173367774253,0.20421251004938562,0.5392688113039303,0.4607311886960697,2,-0.0030759642424527554,0.027089544897899033,1.3281786561012268,0.012381265017576481,0.9813686937093735,10.628292363882064,0.12916451320052147,0.25418658283290013,6.823664526476785e-05,10941.64095568657
402,411648,442481.60227493057,1.0,1.0,1.0,1.0,1.0,1.0,0.04999999999999982,0.5022324640728522,0.20318972419427747,0.5191202817075431,0.4808797182924569,1,-0.005541427759453654,0.02364519373513758,1.3273188948631287,0.015924564955832655,0.9722341150045395,11.031601026654243,0.10351200327277184,0.14771563532754178,6.756745723349689e-05,10974.486470460892
403,412672,816367.9858694375,1.0,1.0,1.0,1.0,1.0,1.0,0.03125,0.5004015850507437,0.20355668388181963,0.5439246045102659,0.4560753954897341,1,0.00029790794942528007,0.05177275836467743,1.3268437445163728,0.021798638788625625,0.9659617692232132,14.983878421783448,0.23853190913796424,0.35767539794713704,6.690066093112352e-05,11009.604049682617
404,413696,508362.6705287695,1.0,1.0,1.0,1.0,1.0,1.0,0.050000000000000266,0.5030373384833294,0.20534776916211409,0.5051635644054171,0.4948364355945829,2,-0.0018634842243045568,0.026542720990255474,1.326309484243393,0.014404742609343301,1.0170030146837234,7.854112327098846,0.156695038639009,0.31178424954588624,6.623627558768609e-05,11044.347284793854
405,414720,442581.116750896,1.0,1.0,1.0,1.0,1.0,1.0,0.012499999999999734,0.49966903833599047,0.20481442630343577,0.5257341718053605,0.47426582819463947,1,0.0020458935061469672,0.021864820970222354,1.325849461555481,0.013869642311365915,1.024595645070076,9.487301385402679,0.16119300294667482,0.36690450450550455,6.557432036369238e-05,11071.060183048248
406,415744,838102.3060736582,1.0,1.0,1.0,1.0,1.0,1.0,0.03125,0.49898753647903077,0.20470836744103305,0.5601747251092032,0.4398252748907968,1,0.009805977600626648,0.05441126301884651,1.3253719747066497,0.014958051519383809,1.038735681772232,24.514327001571655,0.29871375262737276,0.4317694547511692,6.491481434956673e-05,11097.330091238022
407,416768,486216.9880211875,1.0,1.0,1.0,1.0,1.0,1.0,0.034375000000000044,0.5004785180235565,0.20423309897428527,0.5204582651391162,0.4795417348608838,2,-0.0031668460927903653,0.027323555015027524,1.3249679684638977,0.008946316248301578,1.011750927567482,7.407506358623505,0.2060268994420767,0.16727633329496133,6.425777656509968e-05,11124.234550952911
408,417792,486760.56684329547,1.0,1.0,1.0,1.0,1.0,1.0,0.03750000000000009,0.5001498788385639,0.20306775893167922,0.5110971284750029,0.4889028715249971,1,-0.0023897742386907337,0.02456325120292604,1.3246131658554077,0.019871325764364657,0.9410483062267303,12.566509032249451,0.17346792574971914,0.30002906871880053,6.360322595889948e-05,11152.18660736084
409,418816,838081.8302716389,1.0,1.0,1.0,1.0,1.0,1.0,0.03437499999999982,0.49985665625265757,0.20250271806764397,0.5404761904761904,0.4595238095238095,2,-0.006628134578932077,0.0537314809858799,1.3242278337478637,0.019802507193956133,0.9136298924684525,12.725803506374358,0.20753069072961808,0.44291041196941133,6.295118140784529e-05,11179.481271028519
410,419840,442666.6259101033,1.0,1.0,1.0,1.0,1.0,1.0,0.025000000000000355,0.5030710297640588,0.20246003549124514,0.508086717136958,0.491913282863042,1,-0.0033502815756946804,0.027911880146712066,1.3238689720630645,0.012819097116949507,0.9638169020414352,7.683165669441223,0.15025456100702286,0.15443331154954276,6.230166171654328e-05,11206.628373146057
411,420864,816402.4957351089,1.0,1.0,1.0,1.0,1.0,1.0,0.050000000000000266,0.5047570425463115,0.20172279474146418,0.5281010974393083,0.4718989025606917,1,0.024173441738821567,0.045988221559673546,1.3237812638282775,-0.020704335938815176,23492.01269440651,16.642169284820557,0.161248935200274,0.2453429733646682,6.165468561678388e-05,11233.82962679863
412,421888,508093.2366767817,1.0,1.0,1.0,1.0,1.0,1.0,0.03750000000000009,0.5062791453652877,0.20324778643654123,0.5264596621574262,0.47354033784257377,2,-3.524557687342167e-05,0.02538077924400568,1.3234394669532776,0.01346219953467589,10.878025111556052,5.532574391365051,0.15312209352850914,0.12831870786343255,6.101027176700173e-05,11260.773220777512
413,422912,442591.264931554,1.0,1.0,1.0,1.0,1.0,1.0,0.01874999999999938,0.507097092658213,0.20403800247484585,0.5092515220245911,0.4907484779754089,1,0.0005630252067930997,0.02347229081206024,1.3232864141464233,0.0147418280699104,0.9763202011585236,18.230311620235444,0.16242361441254616,0.1510041382654588,6.0368438751737756e-05,11288.652735471725
414,423936,816306.3343682513,1.0,1.0,1.0,1.0,1.0,1.0,0.04375000000000018,0.5064197374206365,0.20334292676167065,0.5219893136046033,0.4780106863953966,1,-0.011544536426663398,0.051909837033599616,1.3233130514621734,0.02379371873234106,0.9437024980783463,11.134371399879456,0.2103425581008196,0.41280756298319804,5.972920508110289e-05,11315.187613487244
415,424960,508246.74114504457,1.0,1.0,1.0,1.0,1.0,1.0,0.028125000000000178,0.5043674537686104,0.20391762487037574,0.5195636553661245,0.4804363446338755,2,-0.006533849379047751,0.02410404090769589,1.3228109419345855,0.015532113793548064,0.9312245815992355,7.7411261916160585,0.16132609248161317,0.2193828640793538,5.909258919024437e-05,11342.40724515915
416,425984,442602.00052239,1.0,1.0,1.0,1.0,1.0,1.0,0.04999999999999982,0.5042487792698609,0.20409934595338328,0.5138997298108676,0.4861002701891324,1,0.001171572064049542,0.026076851552352308,1.321733331680298,0.012754600116188786,1.0263038963079452,15.955812990665436,0.15592014491558076,0.3136735156073936,5.8458609438814235e-05,11369.897524356842
417,427008,882157.2933987975,1.0,1.0,1.0,1.0,1.0,1.0,0.03750000000000031,0.5043128689133166,0.20549149289276844,0.5277289660504674,0.47227103394953257,2,0.02817929945886135,0.05438271481543779,1.3211695075035095,0.03072100152994466,0.9752621233463288,26.426796865463256,0.2686409106478095,1.0,5.782728411043972e-05,11396.669391393661
418,428032,442469.14652867615,1.0,1.0,1.0,1.0,1.0,1.0,0.03750000000000009,0.5051313384167399,0.20532487567844798,0.5080360404237185,0.49196395957628153,1,0.012166710337623954,0.026672037318348885,1.3206389665603637,-0.07093960873731078,621435.4344315439,8.144531235098839,0.11750725973397494,0.13508517176729928,5.7198631412195766e-05,11424.299745082855
419,429056,816649.7649474293,1.0,1.0,1.0,1.0,1.0,1.0,0.04375000000000018,0.5024398833810559,0.2032359053120036,0.5018990775908845,0.4981009224091156,1,-0.0003024088218808174,0.04855972332879901,1.319649589061737,0.025960237348840565,0.9258081287145614,12.085076379776002,0.1814967803657055,0.33236017948696905,5.657266947408036e-05,11451.797543525696
420,430080,508094.3895070553,1.0,1.0,1.0,1.0,1.0,1.0,0.03750000000000009,0.500995532939369,0.20246486633776534,0.5255939599639814,0.47440604003601855,2,-0.0010666990070603787,0.022623345162719487,1.3189992487430573,0.016077935621366633,0.9667910665273667,11.572508591413499,0.10967524759471417,0.26074536510346297,5.594941634849126e-05,11479.870784759521
421,431104,442598.0584860444,1.0,1.0,1.0,1.0,1.0,1.0,0.04999999999999982,0.5033353625683163,0.20382297695449406,0.5290847133377174,0.47091528666228255,1,-0.003606532690173481,0.028033471293747426,1.3185713469982148,0.013729340990950334,0.9292835712432861,13.219955372810364,0.13163002915680408,0.20456164612705605,5.5328890009705735e-05,11506.777819395065
422,432128,816300.5174416304,1.0,1.0,1.0,1.0,1.0,1.0,0.03125,0.5073109303565635,0.2083591008270651,0.5313236313236314,0.4686763686763687,1,-0.00029919149819761514,0.05855909790843725,1.318183386325836,0.01681920803523642,13.341046753525735,11.179120421409607,0.23407125435769557,0.3302140540549543,5.471110835336183e-05,11533.898951530457
423,433152,508205.8661134392,1.0,1.0,1.0,1.0,1.0,1.0,0.03750000000000009,0.5085324350119105,0.20844924860386116,0.5414873187206145,0.4585126812793855,2,-0.0020043450873345136,0.029199087945744395,1.3173800647258758,0.016135043573687825,0.9900192648172379,7.98509307205677,0.16036851070821284,0.23691053758637562,5.409608919594267e-05,11559.991886138916
424,434176,442540.1909405738,1.0,1.0,1.0,1.0,1.0,1.0,0.03750000000000053,0.5104449645523113,0.20863944301377074,0.511093307038087,0.48890669296191297,1,0.0008528553182259202,0.026050298986956478,1.3168353378772735,0.018320565213216965,0.9318049937486649,12.13662579357624,0.15583340190351008,0.22945999080241633,5.348385027426223e-05,11587.177714824677
425,435200,816214.2181681693,1.0,1.0,1.0,1.0,1.0,1.0,0.02499999999999991,0.5139233046613721,0.2108264792766391,0.519172333960353,0.48082766603964694,1,0.006116790359374136,0.05139857027679682,1.3163416802883148,0.03184382019894798,0.9460831195116043,25.00337028503418,0.1846134513616562,0.9,5.28744092449542e-05,11613.524789094925
426,436224,508256.7694456186,1.0,1.0,1.0,1.0,1.0,1.0,0.03750000000000031,0.5144564470757045,0.2100796593440782,0.5035975886432877,0.49640241135671226,2,0.00045500413980334995,0.029190085455775262,1.3159716784954072,0.008163638719735421,0.9783410161733628,14.752134346961975,0.1630932457745075,0.25418658283290013,5.226778368396241e-05,11640.300470590591
427,437248,442735.25758006424,1.0,1.0,1.0,1.0,1.0,1.0,0.03125,0.5118866933662423,0.20822903560870995,0.5132177619075045,0.48678223809249554,1,0.004746495466679335,0.02419994748197496,1.3152871310710907,0.01595628279279282,1.0057614356279374,20.883609956502916,0.1249428253620863,0.2422905708460004,5.1663991086034276e-05,11666.670801877975
428,438272,882034.820854716,1.0,1.0,1.0,1.0,1.0,1.0,0.04687500000000022,0.5102007415024302,0.20772399052835483,0.5346317176746229,0.4653682823253771,2,0.008481845911592244,0.0480949018150568,1.3145342767238617,0.01569151280471104,0.9667148679494858,23.852780985832215,0.15019721714779735,0.3849188265998595,5.106304886421611e-05,11692.795708656311
429,439296,442497.49199077487,1.0,1.0,1.0,1.0,1.0,1.0,0.04375000000000018,0.5097036503434389,0.20584878869484147,0.48929737574071835,0.5107026242592817,1,0.010968492808751762,0.025460085645318032,1.3140595853328705,0.005902353178761999,1.037928220629692,15.108703434467316,0.11935351546853781,0.19812843243297246,5.0464974349350825e-05,11721.206731557846
430,440320,750595.2308930159,1.0,1.0,1.0,1.0,1.0,1.0,0.031250000000000444,0.5064319586749622,0.20375797252463207,0.5191798534572994,0.48082014654270055,1,0.02489604032598436,0.04146635634824634,1.3139187932014464,0.0040176408802280236,40.15810605287552,18.715786933898926,0.14048489406704903,0.31475993251360246,4.986978478957841e-05,11748.704902410507
431,441344,574017.8099615127,1.0,1.0,1.0,1.0,1.0,1.0,0.03750000000000009,0.5060245796931006,0.20358125232789162,0.5328832752613241,0.46711672473867594,2,0.010950839519500733,0.02903989437036216,1.31378071308136,0.014867029303485425,0.962897464632988,17.039078807830812,0.14633214119821786,0.4572916761451008,4.9277497349838135e-05,11775.000343561172
432,442368,442615.4617166221,1.0,1.0,1.0,1.0,1.0,1.0,0.04375000000000018,0.5074162466942216,0.20375803420688787,0.5232448377581121,0.4767551622418879,1,-0.005673693038988859,0.023379359766840933,1.3137721300125123,0.011444461467236166,0.9982728838920594,7.758097761869431,0.11358747091144324,0.1594477483089882,4.868812911137397e-05,11802.106502056122
433,443392,816364.2665612698,1.0,1.0,1.0,1.0,1.0,1.0,0.02499999999999991,0.5096287425883903,0.20520868444101478,0.5324701735357917,0.46752982646420826,1,0.004596004844643176,0.04896876998245716,1.3138686835765838,0.022338958013864384,0.9641567498445511,27.350072133541108,0.16118659414350986,0.5791249183107859,4.8101697071241494e-05,11830.338077783585
434,444416,508245.1872789785,1.0,1.0,1.0,1.0,1.0,1.0,0.034375000000000044,0.5102001038659082,0.2054081964453657,0.5275734097271958,0.4724265902728042,2,-0.004739817511290312,0.025038976967334748,1.3136197626590729,0.010722324386333248,0.9598785489797592,6.827932637929917,0.11021807882934809,0.1635619822431123,4.7518218141818114e-05,11856.912037849426
435,445440,442730.2915645987,1.0,1.0,1.0,1.0,1.0,1.0,0.03125,0.5082407313679106,0.20581978342307308,0.5063437807774752,0.4936562192225248,1,0.0012923301081173121,0.023465129151009022,1.312770676612854,0.026150472259324785,0.9947848558425904,9.377820533514022,0.13261454924941063,0.44005043848913816,4.6937709150315017e-05,11883.105041503906
436,446464,882024.3518721908,1.0,1.0,1.0,1.0,1.0,1.0,0.03437499999999982,0.5076331098478405,0.20355649521004604,0.5482967113994986,0.4517032886005014,2,0.016134160314686598,0.041969315707683565,1.3121097147464753,0.01274537933815587,1.0157556712627411,17.699949526786803,0.17969981916248798,0.5904900000000002,4.636018683829215e-05,11909.111661672592
437,447488,442519.96501648426,1.0,1.0,1.0,1.0,1.0,1.0,0.04375000000000018,0.5078395024154665,0.20402868843100097,0.5201053135471517,0.4798946864528483,1,0.0023202390875667334,0.02325065704062581,1.3111060559749603,0.011221176821885592,0.9624478369951248,16.196648901700975,0.18857413604855539,0.16677181699666577,4.5785667861175105e-05,11937.0015335083
438,448512,816600.479487461,1.0,1.0,1.0,1.0,1.0,1.0,0.03750000000000009,0.5065967602327104,0.2042411727021367,0.5104437028797429,0.48955629712025706,1,0.0096156733809039,0.05467512421309948,1.3104625284671783,0.021766726601261867,1.1653945833444594,18.92517478466034,0.1792100839316845,0.5314410000000002,4.521416878777508e-05,11963.10790514946
439,449536,508064.7633879706,1.0,1.0,1.0,1.0,1.0,1.0,0.04062500000000013,0.5075200801154395,0.20510424355468712,0.5360876057740169,0.46391239422598307,2,0.0015326163033023477,0.02465268992818892,1.3099492251873017,0.017931130001991848,0.9869195073843002,11.019140589237214,0.1691973827779293,0.30883669814197373,4.464570609981094e-05,11988.932551383972
440,450560,442525.8029599041,1.0,1.0,1.0,1.0,1.0,1.0,0.043749999999999734,0.5067534446736798,0.2044650234298175,0.512031438935913,0.48796856106408704,1,-0.004494447354227304,0.026179300202056766,1.3096152901649476,0.014533078421785462,0.982471564412117,16.609264236688613,0.1410822844132781,0.13294407179478762,4.4080296191433676e-05,12015.275765657425
441,451584,816442.4449254749,1.0,1.0,1.0,1.0,1.0,1.0,0.03750000000000009,0.4996342529736517,0.19967358355164236,0.5132139812446718,0.48678601875532823,1,0.00929959889035672,0.0626061126589775,1.3092458128929139,0.028666703607508382,0.9476126462221146,13.355089271068573,0.2071488205343485,0.977795119137986,4.351795536875403e-05,12041.926434993744
442,452608,508146.6553438157,1.0,1.0,1.0,1.0,1.0,1.0,0.0437500000000004,0.5009611300481911,0.19911386562041572,0.5391626122113342,0.4608373877886658,2,-0.0009612828260287642,0.02673979785759002,1.3089222371578217,0.004883603253054503,0.9694868862628937,12.948638486862183,0.10407694689929485,0.24854240004437303,4.295869984937176e-05,12069.030939340591
443,453632,442657.4384136759,1.0,1.0,1.0,1.0,1.0,1.0,0.031249999999999556,0.5017583949057717,0.2000879021665599,0.5191401648998822,0.48085983510011776,1,-0.001010351092554629,0.02432310925796628,1.3081150949001312,0.014812003108849581,0.9684121280908584,11.525277137756348,0.09189261011779308,0.17831558918967524,4.24025457619084e-05,12095.050788164139
444,454656,816220.5712800026,1.0,1.0,1.0,1.0,1.0,1.0,0.03750000000000009,0.5023632391553817,0.1997860863302431,0.5397441425901969,0.46025585740980307,1,-0.0023905258858576417,0.053276979736983775,1.3072652578353883,0.022355594545402722,0.995587021112442,22.18120174407959,0.19794031530618666,0.4317694547511696,4.184950914554173e-05,12120.779850244522
445,455680,508246.7498893142,1.0,1.0,1.0,1.0,1.0,1.0,0.04062500000000013,0.5040919147607259,0.20040505595963895,0.52862496769191,0.47137503230808997,2,0.0039405037183314565,0.02243794882670045,1.3069176137447358,0.01882742782789748,0.9646797627210617,14.540431499481201,0.10464564524590969,0.6969847220623396,4.1299605949543504e-05,12147.112653017044
446,456704,486761.09751639515,1.0,1.0,1.0,1.0,1.0,1.0,0.03750000000000009,0.5046968191223707,0.2015815102905779,0.5145139966660919,0.4854860033339081,1,-0.0022401650901883842,0.030335778929293157,1.3064143896102904,0.00875986472293242,1.0304870009422302,15.741245591640473,0.11964226439595223,0.19684907198640522,4.075285203281922e-05,12174.195121765137
447,457728,837941.0126347169,1.0,1.0,1.0,1.0,1.0,1.0,0.037499999999999645,0.5050510047486221,0.20303325730125255,0.537247821650051,0.462752178349949,2,-0.005348716164007783,0.04500765968114138,1.3061866998672484,0.016810656026555647,0.9638174086809158,19.996268212795258,0.13894727025181056,0.19372901419542068,4.0209263163451054e-05,12200.732615470886
448,458752,442489.7069271088,1.0,1.0,1.0,1.0,1.0,1.0,0.04375000000000018,0.5052543488717489,0.2031881707185532,0.50272406154583,0.4972759384541699,1,0.0008775557158514858,0.023976972978562116,1.30607813000679,0.02760395112550924,1.0088810175657272,8.16193047761917,0.11209000647068024,0.4289814209709523,3.96688550182428e-05,12227.322841405869
449,459776,574624.6726886332,1.0,1.0,1.0,1.0,1.0,1.0,0.02499999999999991,0.5069752648348438,0.20361566602353143,0.5212065813528336,0.47879341864716635,1,0.007307438692077994,0.032639343990013,1.3059743404388429,0.016522162459094502,0.9677841693162919,29.351802349090576,0.13259090669453144,0.37394143174008276,3.913164318226805e-05,12254.147125005722
450,460800,750068.4699272811,1.0,1.0,1.0,1.0,1.0,1.0,0.03437499999999982,0.5038832069444854,0.20228838473070385,0.5535231316725978,0.44647686832740213,2,0.0023399538360536097,0.04346007723361254,1.3058399200439452,0.019642895138584037,1.0102018386125564,12.502518570423126,0.1757518406957388,0.6036357180920958,3.8597643148420476e-05,12280.00268149376
451,461824,442688.26115977764,1.0,1.0,1.0,1.0,1.0,1.0,0.02499999999999991,0.5010866073360909,0.19884161578557571,0.506001952788467,0.49399804721153295,1,-0.0012885799747891723,0.019383517652750017,1.3055463254451751,0.011852756075659698,1.002366754412651,24.985330152511597,0.1011763384565711,0.28414092677354374,3.8066870316967296e-05,12307.00712943077
452,462848,816365.8269017786,1.0,1.0,1.0,1.0,1.0,1.0,0.03125,0.5011499041460741,0.1967287375950319,0.5304017372421281,0.46959826275787186,1,0.0007909240550361574,0.05174144301563501,1.3056043803691864,0.013859539254760023,1.0123547196388245,17.74762887954712,0.17235489822924138,0.3715268066848784,3.753933999510483e-05,12333.00607252121
453,463872,508326.8026977852,1.0,1.0,1.0,1.0,1.0,1.0,0.03750000000000031,0.5025404435954359,0.1988835243087375,0.5188774226025673,0.4811225773974327,2,-0.0032896807184442877,0.029182298108935356,1.305643665790558,0.011347937594833723,0.9510313540697097,13.651452076435088,0.20797889698296784,0.11658904866919591,3.7015067396517245e-05,12359.040986776352
454,464896,442607.8645667732,1.0,1.0,1.0,1.0,1.0,1.0,0.03750000000000053,0.4993289076269761,0.1980453438121725,0.5065864661654136,0.49341353383458647,1,-0.0029411348979920147,0.026666478672996163,1.3055363953113557,0.017708471853876518,0.9653650522232056,14.855582690238952,0.12639072202146054,0.12546940624295747,3.649406764093788e-05,12386.251890659332
455,465920,816074.6008559912,1.0,1.0,1.0,1.0,1.0,1.0,0.04375000000000018,0.49923856486073187,0.198926106523064,0.5209390382430897,0.47906096175691026,1,0.0006213066866621375,0.04954441674053669,1.305327695608139,0.02692097280599661,0.980601117014885,26.86501737833023,0.1756702760234475,0.5626090129766926,3.5976355753712895e-05,12413.78721857071
456,466944,508121.48187308013,1.0,1.0,1.0,1.0,1.0,1.0,0.03125,0.5001073116655494,0.19917191642170684,0.5296889073650661,0.4703110926349338,2,0.0016668320167809725,0.029431435046717525,1.3054017841815948,0.010713695903413622,0.955508953332901,25.402153718471528,0.1539925027638674,0.19616963303091392,3.546194666536833e-05,12440.208492040634
457,467968,442623.2695325315,1.0,1.0,1.0,1.0,1.0,1.0,0.018750000000000266,0.5040244529698541,0.20242835996094144,0.5244751085469577,0.4755248914530423,1,-0.005197239527478814,0.026750815520063042,1.305674386024475,0.01321402737312738,0.9615563184022904,11.014717704057693,0.08997361036017537,0.11400020273368086,3.495085521117912e-05,12467.373554706573
458,468992,816275.9032992721,1.0,1.0,1.0,1.0,1.0,1.0,0.04375000000000018,0.5025830573076657,0.19994372904330887,0.5288481859809793,0.4711518140190208,1,0.010857128910720349,0.041874155029654504,1.3056263387203217,0.02670857417044914,0.9475748658180236,32.8062641620636,0.17815935760736465,0.6210845759416188,3.4443096130741675e-05,12493.760299444199
459,470016,508169.4750934094,1.0,1.0,1.0,1.0,1.0,1.0,0.034375000000000266,0.5057854418600515,0.20111642050767653,0.5278872486807829,0.47211275131921715,2,-0.000736956438049674,0.025590896233916284,1.305461770296097,0.012495434979978626,0.9872056066989898,17.794501578807832,0.12115349303930997,0.4385315722467247,3.3938684067548354e-05,12519.993275880814
460,471040,442588.41291600466,1.0,1.0,1.0,1.0,1.0,1.0,0.050000000000000266,0.506529598457348,0.20188195076702628,0.5178378378378379,0.4821621621621622,1,-0.0021426956867799164,0.026349259447306393,1.3051553547382355,0.015412390033425538,0.9769759565591812,25.864713287353517,0.17403160110116006,0.34403963522757397,3.343763356856557e-05,12547.01818561554
461,472064,816218.0814250857,1.0,1.0,1.0,1.0,1.0,1.0,0.05000000000000071,0.5049445272284603,0.20176308948100963,0.5374857468643102,0.46251425313568983,1,-0.005940737714990973,0.05446815183386207,1.3049079060554505,0.010165972814772318,0.9626314669847489,27.942697858810426,0.19501226134598254,0.26990820752337785,3.2939959083814e-05,12573.937938213348
462,473088,508273.5140247457,1.0,1.0,1.0,1.0,1.0,1.0,0.02187500000000009,0.5046361366011164,0.20330495968118198,0.5143412107478148,0.4856587892521852,2,-0.0038915346842259167,0.02680506925098598,1.304625791311264,0.017250030085927848,0.9754014402627945,16.483821761608123,0.15785116106271743,0.23527793192359628,3.244567496595187e-05,12600.182034254074
463,474112,486778.07942178845,1.0,1.0,1.0,1.0,1.0,1.0,0.018749999999999822,0.5066997597258509,0.20379054140572006,0.4999428048501487,0.5000571951498513,1,-0.0046170959947630765,0.028253578348085284,1.304469394683838,0.015812697989601075,0.9896793961524963,21.91667037010193,0.11409305203706026,0.11253270547746716,3.195479546986121e-05,12626.853932857513
464,475136,837960.2737822235,1.0,1.0,1.0,1.0,1.0,1.0,0.03125,0.5064476113026817,0.20441013617006182,0.541541077363011,0.45845892263698895,2,-0.00258247759193182,0.04073482835665345,1.3043057918548584,0.01093271317215283,1.067107543349266,25.70374835729599,0.17347029130905867,0.2979614985651932,3.146733475223652e-05,12653.142402410507
465,476160,442519.6320257485,1.0,1.0,1.0,1.0,1.0,1.0,0.03750000000000009,0.5068867457912671,0.20540175171732616,0.5205259400285578,0.47947405997144216,1,-0.006128032854758203,0.026890367455780505,1.3041692197322845,0.012905879588105762,1.016133964061737,13.207545709609985,0.11439892835915089,0.08415312792895169,3.098330687117669e-05,12680.872564554214
466,477184,816642.9312758632,1.0,1.0,1.0,1.0,1.0,1.0,0.043749999999999734,0.503392417501204,0.20271724371287345,0.5139495390587093,0.4860504609412906,1,-0.005279849143698811,0.04925191700458527,1.3040350317955016,0.021827229495303867,0.9682032644748688,23.416867434978485,0.1402147090062499,0.30564980599794395,3.05027257857794e-05,12704.837720155716
467,478208,508107.9040734321,1.0,1.0,1.0,1.0,1.0,1.0,0.050000000000000044,0.5054363902544405,0.2038399412350639,0.5220475726804841,0.4779524273195159,2,-0.001761521864682436,0.025986518105491997,1.303978681564331,0.012085644224853809,0.9548026025295258,19.95247400999069,0.12394347935914993,0.146191354694418,3.0025605355738808e-05,12728.860681772232
468,479232,442533.522603482,1.0,1.0,1.0,1.0,1.0,1.0,0.03750000000000009,0.5065295615716531,0.20458950840226436,0.5197636884097692,0.48023631159023084,1,-0.008974374370882287,0.026146863494068383,1.3040748536586761,0.018818976688863388,0.9401490360498428,11.862615787982941,0.1039186405017972,0.14387422172251146,2.9551959340945454e-05,12752.881941080093
469,480256,816347.5933969319,1.0,1.0,1.0,1.0,1.0,1.0,0.050000000000000266,0.5083686484625182,0.2054160156129121,0.5328656086097677,0.4671343913902323,1,0.00524932499974966,0.04630416128784418,1.303612583875656,0.01362734876556999,1.0127289593219757,35.637175869941714,0.1412484098225832,0.42327426825680764,2.908180140108986e-05,12776.649318933487
470,481280,508308.7905651033,1.0,1.0,1.0,1.0,1.0,1.0,0.03125,0.5077110122205323,0.2066206843596846,0.5112065155628512,0.4887934844371488,2,-0.00368075737496838,0.024461185978725552,1.3033402025699616,0.008463109226812548,1.0337902784347535,22.672843676805496,0.1257239855825901,0.11954515538810467,2.861514509526821e-05,12800.767405509949
471,482304,486664.23909911513,1.0,1.0,1.0,1.0,1.0,1.0,0.03750000000000009,0.5094772170626727,0.20719775575550986,0.5266481732869032,0.47335182671309683,1,-0.008963164279703052,0.02633166452869773,1.3031190633773804,0.02377512357624667,0.9447140485048294,20.244136440753937,0.12997443061321973,0.2178710456948208,2.8152003881591613e-05,12824.854578018188
472,483328,838015.6998335198,1.0,1.0,1.0,1.0,1.0,1.0,0.04062500000000013,0.5084085038961017,0.20653550330633155,0.5418160095579451,0.45818399044205493,2,-0.010089957062155009,0.04250618685036898,1.3031090438365935,0.02129315751295522,0.9576242804527283,19.523352336883544,0.15999049097299575,0.2605176143889778,2.7692391116797862e-05,12849.075766801834
473,484352,442585.37006064656,1.0,1.0,1.0,1.0,1.0,1.0,0.02499999999999991,0.5084015078857697,0.20719307951888066,0.5094869992972593,0.4905130007027407,1,-0.006782825442496687,0.02533458131365478,1.303091812133789,0.012298268673222524,0.9789216190576553,13.80024295449257,0.13155364003032446,0.1682164359328187,2.7236320055866116e-05,12874.235620498657
474,485376,816526.9399323091,1.0,1.0,1.0,1.0,1.0,1.0,0.04999999999999982,0.5066963418351925,0.2079917083611531,0.5230261068411357,0.47697389315886424,1,0.005881847976706922,0.04761972874403,1.3032049536705017,0.022092084211664087,0.9752209931612015,27.66620280742645,0.18366055153310298,0.8248140630033305,2.678380385163484e-05,12898.78208398819
475,486400,508066.9104946293,1.0,1.0,1.0,1.0,1.0,1.0,0.021874999999999867,0.5085583610665922,0.20569126723817732,0.5317285093654298,0.4682714906345702,2,-2.8917612507939338e-05,0.019554627174511553,1.303151947259903,0.010880672189634132,0.9654335409402848,17.61741658449173,0.144451355189085,0.2588353927744901,2.6334855554422337e-05,12923.526755094528
476,487424,442620.7485065311,1.0,1.0,1.0,1.0,1.0,1.0,0.03750000000000009,0.5073273121752897,0.2049402508179469,0.49940954180444025,0.5005904581955598,1,-0.004741464834660291,0.020112123480066656,1.303136670589447,0.016996609543950214,0.947125905752182,22.56868582367897,0.1589327460154891,0.27855037344222233,2.5889488111650466e-05,12947.88108253479
477,488448,816286.9577195942,1.0,1.0,1.0,1.0,1.0,1.0,0.04375000000000018,0.5112868886731057,0.20705481366648576,0.5314285714285715,0.4685714285714286,1,-0.0089064403437078,0.055485698580741885,1.30305717587471,0.017428180925681148,0.983763787150383,34.7668833732605,0.2637141488492489,0.2697903047252961,2.544771436747118e-05,12971.553347826004
478,489472,508215.66075493954,1.0,1.0,1.0,1.0,1.0,1.0,0.03750000000000009,0.5123861350246802,0.20711240364181957,0.5171325221966458,0.48286747780335415,2,-0.006888707377947867,0.024630538327619432,1.3030067801475524,0.013946079550521517,0.9809813678264618,10.09579645395279,0.1081772143021226,0.14110509390857992,2.5009547062396198e-05,12994.160548448563
479,490496,442627.09071181715,1.0,1.0,1.0,1.0,1.0,1.0,0.02499999999999991,0.5123985191755166,0.2090107645444102,0.49747789448697405,0.5025221055130259,1,-0.006909947108943016,0.02345276470296085,1.3030568659305573,0.016735311122905473,0.9648842722177505,22.87362515926361,0.15331259332597255,0.15185279022903603,2.4574998832929434e-05,13015.530135631561
480,491520,816116.7074923217,1.0,1.0,1.0,1.0,1.0,1.0,0.04375000000000018,0.5109202708877845,0.20857173484408725,0.5344776341209689,0.46552236587903106,1,-0.00017516466323286295,0.058608348574489356,1.3029438078403472,0.027974532100552098,1.0197031408548356,39.28105583190918,0.21768488101661204,1.0,2.414408221120278e-05,13036.779922246933
481,492544,508495.49986634403,1.0,1.0,1.0,1.0,1.0,1.0,0.04687500000000022,0.5096105895344125,0.20791711564455762,0.5112049747741405,0.48879502522585944,2,0.0024914097040891646,0.025060781161300838,1.3029089450836182,0.005098715428520961,1.0224579423666,23.29449508190155,0.090683239325881,0.2058911320946491,2.371680962461439e-05,13058.289729356766
482,493568,816638.2305948436,1.0,1.0,1.0,1.0,1.0,1.0,0.04375000000000018,0.5077592161333079,0.20549870383278307,0.5233433274184667,0.4766566725815334,1,-0.004033557744696737,0.051006143912672997,1.3028226971626282,0.021516132393146137,0.9713489353656769,19.67088646888733,0.18538046665489674,0.2735474728287811,2.32931933954706e-05,13079.67601108551
483,494592,507929.9907357842,1.0,1.0,1.0,1.0,1.0,1.0,0.034375000000000044,0.5093814244292669,0.20825820026253322,0.5268067035716995,0.4731932964283006,2,-0.0025846272241324187,0.026167607074603437,1.3028228104114532,0.018460975078641438,0.964486250281334,27.00774711370468,0.14139783829450608,0.2649447392201016,2.287324574063037e-05,13100.498433828354
484,495616,442642.02364993095,1.0,1.0,1.0,1.0,1.0,1.0,0.043749999999999734,0.5066873049658522,0.20807809287701468,0.5027871961381529,0.497212803861847,1,-0.005783863994292915,0.027264434099197387,1.3027766704559327,0.013698421230220869,0.9905158251523971,13.644685125350952,0.147276368457824,0.11405002269625474,2.2456978771152926e-05,13121.888194322586
485,496640,816405.0187535528,1.0,1.0,1.0,1.0,1.0,1.0,0.04999999999999982,0.506256058650239,0.20878350748359817,0.5235348105414973,0.4764651894585027,1,-0.0061196183844003825,0.05267672296613455,1.3026259183883666,0.02176352167669222,0.9662132948637009,40.52312207221985,0.20775348022580148,0.37281360006655984,2.2044404491948648e-05,13142.988786935806
486,497664,507851.4500270039,1.0,1.0,1.0,1.0,1.0,1.0,0.04375000000000018,0.5047579683827623,0.21001635894141707,0.5442672862751382,0.4557327137248618,2,-0.00281041981652379,0.02886997042223811,1.3025629103183747,0.01811401292378605,0.9667123943567276,22.51482708454132,0.1683380503207445,0.6686834594612827,2.1635534801432694e-05,13163.718855381012
487,498688,442670.39683271945,1.0,1.0,1.0,1.0,1.0,1.0,0.04375000000000018,0.5085623230604389,0.2124549378102108,0.5134262406526172,0.48657375934738273,1,-0.005854272749274969,0.029105861950665713,1.3026126205921174,0.009285439700884978,0.9787754595279694,19.71987577676773,0.14857545234262942,0.1888559595081617,2.123038149118197e-05,13185.299888849258
488,499712,816463.3399806507,1.0,1.0,1.0,1.0,1.0,1.0,0.050000000000000266,0.5063840026755438,0.21040155902617252,0.5211927859886711,0.47880721401132886,1,-0.008218707400374115,0.049486410804092884,1.3026139378547668,0.019297115845426305,0.97580187022686,18.953123342990875,0.15879542361944915,0.16727633329496164,2.082895624559496e-05,13206.484614133835
489,500736,508085.2992040217,1.0,1.0,1.0,1.0,1.0,1.0,0.02187500000000009,0.5040415627240584,0.20768889083104633,0.5222097272982851,0.4777902727017149,2,0.0009742259862832725,0.03265265831723809,1.3025942206382752,0.0029934717910204967,1.0652692019939423,23.346255052089692,0.17986689731478692,0.09566864898539304,2.04312706415549e-05,13227.270920038223
490,501760,442602.559660268,1.0,1.0,1.0,1.0,1.0,1.0,0.03750000000000009,0.5066235204127416,0.20756464862025756,0.5103565964458044,0.4896434035541956,1,-0.007225258578546345,0.022767714853398503,1.3025870203971863,0.021644247243461125,0.9526819139719009,19.2033272087574,0.10049948915839195,0.10461366766552728,2.0037336148095746e-05,13248.761278629303
491,502784,816326.0775539577,1.0,1.0,1.0,1.0,1.0,1.0,0.04375000000000018,0.5066657528610372,0.2086586690999103,0.5246655231560892,0.4753344768439108,1,0.0030431182589381934,0.05501438840292394,1.302658474445343,0.00863315949972332,1.0657619148492814,40.493590092659,0.23385212756693363,0.27699365314080243,1.9647164126071478e-05,13270.645846366882
492,503808,508107.93619710207,1.0,1.0,1.0,1.0,1.0,1.0,0.04062500000000013,0.5048715398888263,0.20639881211558136,0.5185976029756165,0.48140239702438353,2,-0.00825194655917585,0.02364722064230591,1.3026466250419617,0.013705400094012887,0.9611903101205825,13.85305079817772,0.11463335510343313,0.11923668505522896,1.9260765827828594e-05,13291.754920721054
493,504832,442562.97704075277,1.0,1.0,1.0,1.0,1.0,1.0,0.018750000000000266,0.5055000783732079,0.2081317552275686,0.5092637442480019,0.4907362557519981,1,-0.00962626477703452,0.02640146198682487,1.3026962995529174,0.016975732027139846,0.9587477177381516,23.585060012340545,0.11783067379146814,0.11548683707708951,1.8878152396881316e-05,13313.21156167984
494,505856,816316.5659143329,1.0,1.0,1.0,1.0,1.0,1.0,0.02499999999999991,0.5051953775267368,0.20713778515125783,0.5139195148842337,0.48608048511576624,1,-0.00981322294101119,0.050702080503106116,1.3027537703514098,0.02047986229528078,0.9490887939929962,31.614783668518065,0.18690092768520117,0.15343610045771386,1.84993348675905e-05,13334.655941724777
495,506880,508260.0673584342,1.0,1.0,1.0,1.0,1.0,1.0,0.028124999999999956,0.506200159098291,0.2069948427430193,0.5244943820224719,0.4755056179775281,2,-0.005775180808268487,0.026683577708899973,1.302840393781662,0.0072915855995699715,1.0083539605140686,31.128249049186707,0.1389352861791849,0.10833721682931073,1.8124324164845186e-05,13356.690623521805
496,507904,486773.3708536029,1.0,1.0,1.0,1.0,1.0,1.0,0.03750000000000053,0.5080923136819402,0.2074046299753478,0.5065552184118624,0.49344478158813765,1,0.004183896910399198,0.026764384424313902,1.3028085649013519,0.019406491865966304,0.9824496269226074,27.37320444583893,0.13527866117656231,0.43027917092921,1.7753131103747725e-05,13378.10035443306
497,508928,838064.6075519398,1.0,1.0,1.0,1.0,1.0,1.0,0.028125000000000178,0.5080376003853668,0.2067221764221489,0.5283672891907187,0.47163271080928126,2,-0.006164240685757249,0.038143100962042806,1.302702647447586,0.012714174733369532,1.0007976919412613,56.06928830146789,0.16512972842901946,0.2778316113465153,1.7385766389301712e-05,13399.368612766266
498,509952,442731.77668890357,1.0,1.0,1.0,1.0,1.0,1.0,0.04375000000000018,0.5065127161670075,0.20520409197629919,0.5097417308563661,0.4902582691436339,1,-0.0052153808122966435,0.02278257003054023,1.3025876760482789,0.010698962109078992,0.9715570449829102,7.357365775108337,0.16168566551059485,0.1307797553539428,1.7022240616103384e-05,13420.490424871445
499,510976,816286.596534878,1.0,1.0,1.0,1.0,1.0,1.0,0.012500000000000178,0.506337093520005,0.2044661202204894,0.5370851168339064,0.4629148831660936,1,-0.005935211462201551,0.0469607780687511,1.3026901364326477,0.022982052223777315,0.9600823163986206,32.256841444969176,0.16850639060139655,0.3166672298157806,1.666256426803597e-05,13441.549734592438
500,512000,508313.42430435866,1.0,1.0,1.0,1.0,1.0,1.0,0.021874999999999867,0.5082031410215155,0.20538803008363032,0.5092750870528648,0.49072491294713516,2,-0.005183296883478761,0.02654163301922381,1.302725750207901,0.010506689306680528,0.9747768133878708,19.952418291568755,0.13875752557069063,0.13631485891722792,1.630674771796748e-05,13462.589968681335
501,513024,684765.3941950947,1.0,1.0,1.0,1.0,1.0,1.0,0.018749999999999822,0.5087219536666602,0.20369989734453314,0.5026366112302254,0.4973633887697746,1,-0.010429662396200001,0.03639677702449262,1.3026547133922577,0.022977314880466792,0.975374698638916,21.587682127952576,0.14963173307478428,0.30184710390762715,1.5954801227451343e-05,13483.814957857132
502,514048,640068.4636780266,1.0,1.0,1.0,1.0,1.0,1.0,0.03750000000000009,0.5087021887870614,0.20398338833589466,0.52796484015028,0.47203515984972,2,-0.006733311153948307,0.03208501301705837,1.3025357723236084,0.01345148823004223,0.9892295002937317,14.052544713020325,0.1866569122299552,0.11694175259912674,1.5606734946430712e-05,13504.751896381378
503,515072,442569.4985576868,1.0,1.0,1.0,1.0,1.0,1.0,0.04375000000000018,0.5106885511345018,0.20362222437884034,0.5131366329523012,0.48686336704769884,1,-0.008907557232305408,0.02785228630527854,1.3025384783744811,0.014967189006070214,0.9928230345249176,14.232100427150726,0.12610945887863637,0.07550938496078452,1.5262558912945657e-05,13525.96770620346
504,516096,816342.9055860192,1.0,1.0,1.0,1.0,1.0,1.0,0.02499999999999991,0.5116510514110804,0.20573575496006385,0.5265242029084454,0.4734757970915546,1,-0.008777756604831665,0.043728763982653615,1.3025174260139465,0.022950085172598732,0.9701593101024628,26.528356230258943,0.1537261823192239,0.1672032627206012,1.4922283052843502e-05,13547.17506480217
505,517120,508173.0094124377,1.0,1.0,1.0,1.0,1.0,1.0,0.043749999999999956,0.5127104109330908,0.20444136303964852,0.5092443729903537,0.4907556270096463,2,-0.0019775224151089787,0.023612314136698842,1.3024256467819213,0.012417842137467971,0.9678404688835144,27.641772496700288,0.09698383882641792,0.10796328300935135,1.4585917179492863e-05,13568.34808087349
506,518144,442751.92728976905,1.0,1.0,1.0,1.0,1.0,1.0,0.03750000000000009,0.5105397984299692,0.20410062457651335,0.5187918311309422,0.4812081688690578,1,-0.004114897412364371,0.021885886788368225,1.3022782146930694,0.026458213578819566,0.9326941221952438,14.731043827533721,0.1319732889533043,0.5379010789291191,1.4253470993500407e-05,13589.763825893402
507,519168,816041.8688313589,1.0,1.0,1.0,1.0,1.0,1.0,0.03750000000000009,0.5102564804036083,0.20298542979546957,0.5454475368128903,0.4545524631871097,1,-0.00453401377890259,0.04811340048909187,1.3021224796772004,0.01126235619049254,0.9980995237827301,21.777366185188292,0.2259501326829195,0.2315487767026077,1.3924954082431223e-05,13611.036468029022
508,520192,508248.7861311734,1.0,1.0,1.0,1.0,1.0,1.0,0.03750000000000009,0.5119534843784511,0.20480999412013834,0.5028593709383935,0.49714062906160644,2,-0.008618937944993377,0.029432778432965278,1.3019945323467255,0.014117793590828853,1.0112029284238815,14.145834147930145,0.1326827459037304,0.12305451343961055,1.3600375920532208e-05,13632.637061595917
509,521216,530773.3146113455,1.0,1.0,1.0,1.0,1.0,1.0,0.025000000000000355,0.5135762404365001,0.2047803888234887,0.5022329096530402,0.4977670903469598,1,-0.007896394841372967,0.028610515547916292,1.3019301533699035,0.023684945799720934,0.9693498224020004,18.535968792438506,0.14942210502922534,0.13456011044621416,1.3279745868458995e-05,13655.00968170166
510,522240,794088.1269808859,1.0,1.0,1.0,1.0,1.0,1.0,0.050000000000000266,0.5124336467357601,0.20377860406230408,0.5140590693391883,0.4859409306608117,2,-0.008694244950311259,0.04099312070757151,1.301852959394455,0.017470984235599472,0.9994150131940842,30.158430683612824,0.14860906321555375,0.17594328528776126,1.2963073173005811e-05,13676.229652166367
511,523264,442605.36713536084,1.0,1.0,1.0,1.0,1.0,1.0,0.03125,0.5111606867656479,0.20631466578015822,0.4946585610576639,0.5053414389423361,1,-0.00784645122475922,0.029199030064046384,1.3017945051193238,0.00964459300250553,1.0339927852153779,18.77664659023285,0.13298001643270255,0.07573781513605664,1.2650366966838978e-05,13697.633013010025
512,524288,816389.0778209507,1.0,1.0,1.0,1.0,1.0,1.0,0.03750000000000009,0.5119220697299374,0.20493340533978827,0.5197284398736305,0.48027156012636957,1,-0.006891477713361382,0.045271679293364286,1.3017789721488953,0.020651203027099996,0.9732857644557953,28.55694148540497,0.18190258406102658,0.22281870857250158,1.2341636268233358e-05,13718.740457773209
513,525312,508181.8870014399,1.0,1.0,1.0,1.0,1.0,1.0,0.031249999999999778,0.5133946232776644,0.20557775372430392,0.5146155404036995,0.48538445959630055,2,-0.002500851033255458,0.02340464238077402,1.301696115732193,0.013173963436705094,0.976670902967453,24.075515621900557,0.14913909314200283,0.10657349757223095,1.2036889980812433e-05,13740.005231142044
514,526336,530790.5294806391,1.0,1.0,1.0,1.0,1.0,1.0,0.03125,0.5152884937667136,0.20703678474688886,0.4986169912503528,0.5013830087496471,1,-0.007417433336377144,0.02995025273412466,1.3015460312366485,0.024214027203119316,0.9778993874788284,18.157025229930877,0.17563948463648557,0.21239072296231498,1.1736136893291464e-05,13761.9468998909
515,527360,794023.3154355511,1.0,1.0,1.0,1.0,1.0,1.0,0.034375000000000044,0.5115761101139455,0.20595591380321895,0.5386377068557919,0.461362293144208,2,-0.0004868116695433855,0.0448046057485044,1.3014950394630431,0.017046807321398204,0.9950506448745727,36.501933979988095,0.15610331036150454,0.5904900000000002,1.143938567922395e-05,13783.123016119003
516,528384,442603.30433636904,1.0,1.0,1.0,1.0,1.0,1.0,0.03125,0.5105138413639287,0.20616729050386784,0.48701110013366655,0.5129888998663334,1,-0.003650476085022092,0.025095281237736345,1.3014440715312958,0.009312772114552104,0.9790631532669067,32.82803936004639,0.14331435542553664,0.16677181699666577,1.1146644896751658e-05,13804.465199947357
517,529408,816509.7479688413,1.0,1.0,1.0,1.0,1.0,1.0,0.03125,0.5096048508563427,0.20398013415463476,0.5256937307297019,0.47430626927029806,1,-0.006480955111328512,0.04737394601106644,1.3013908505439757,0.02420982886395464,0.9577616214752197,23.711767411231996,0.11421325765550136,0.2692117453844449,1.0857922988357604e-05,13825.85091972351
518,530432,507947.4219015185,1.0,1.0,1.0,1.0,1.0,1.0,0.028124999999999956,0.5075089395428263,0.20339083880784734,0.5193299932700217,0.48067000672997834,2,-0.01382412044913508,0.025774823687970638,1.301329356431961,-0.009044519188975642,1.0599580436944962,13.3862559735775,0.17902354076504706,0.04489693193460763,1.0573228280622822e-05,13846.671949386597
519,531456,442654.9785968214,1.0,1.0,1.0,1.0,1.0,1.0,0.04375000000000018,0.5069835099262323,0.20423875963636717,0.5010927076144468,0.49890729238555326,1,-0.009977017156779766,0.024664634931832553,1.3013722538948058,0.02143027873033816,0.9475075989961624,9.932554933428765,0.12669534636661411,0.05368515840958458,1.0292568983985948e-05,13868.394852876663
520,532480,816405.1224434078,1.0,1.0,1.0,1.0,1.0,1.0,0.03125,0.5052419128129493,0.2067379764685777,0.522884138578034,0.4771158614219661,1,-0.007923486817162484,0.05169997029006481,1.301374763250351,0.026069006332263812,0.9751156806945801,49.1282217502594,0.13802029490470885,0.26323393065152834,1.0015953192506733e-05,13889.727732896805
521,533504,508335.87783551216,1.0,1.0,1.0,1.0,1.0,1.0,0.034375000000000266,0.5058452970087,0.2063019427293031,0.5154664840978402,0.4845335159021597,2,-0.010077862069010735,0.02160087679512799,1.3012962579727172,0.014238760287717511,0.9784424811601639,17.57552171945572,0.1320957738906145,0.11331357570489692,9.743388883632312e-06,13910.976739883423
522,534528,640709.3005022109,1.0,1.0,1.0,1.0,1.0,1.0,0.03750000000000009,0.5061935520899248,0.2071526941117859,0.5160156936230017,0.4839843063769983,1,-0.006631308235228062,0.03745376011356712,1.3012672662734985,0.019800757270681403,0.9581106662750244,25.589319241046905,0.14688057135790586,0.12194444697202694,9.47488391796744e-06,13932.125386714935
523,535552,684045.326203376,1.0,1.0,1.0,1.0,1.0,1.0,0.050000000000000044,0.5063111773795183,0.20802222934341816,0.5323908766304744,0.4676091233695256,2,-0.008338012819876894,0.03773438977077603,1.3012925326824187,0.014162865080608355,0.9625359624624252,42.3751721739769,0.13088786341249942,0.09566864898539294,9.210446039047521e-06,13953.230778932571
524,536576,442624.176230669,1.0,1.0,1.0,1.0,1.0,1.0,0.04375000000000062,0.5046299724606979,0.20709779586014837,0.5211735884274382,0.47882641157256184,1,-0.007662737427745014,0.0262105590198189,1.3013329088687897,0.01884134102466959,0.9677472531795501,14.306418097019195,0.12318646796047687,0.0686370273553524,8.950082873115475e-06,13974.724117517471
525,537600,816409.2141002417,1.0,1.0,1.0,1.0,1.0,1.0,0.04375000000000018,0.5026359993348858,0.20584938048800994,0.5304359383306751,0.46956406166932485,1,-0.006056075263768434,0.05005552852526307,1.3013593971729278,0.027764822391371523,0.9552327483892441,26.349774289131165,0.17855535242706538,0.25330923926913784,8.693801928901776e-06,13996.115890264511
526,538624,508139.33919404075,1.0,1.0,1.0,1.0,1.0,1.0,0.040625000000000355,0.5025839303324162,0.20520151126904596,0.5074637039056642,0.49253629609433575,2,-0.006666545185726136,0.026752088405191898,1.3013469994068145,0.01198425045284921,0.9820810616016388,29.154314982891083,0.15199886923655867,0.09813718934586742,8.441610597407774e-06,14017.645575761795
527,539648,442639.24774084054,1.0,1.0,1.0,1.0,1.0,1.0,0.056250000000000355,0.500685783715223,0.20358623078761698,0.5196757899682838,0.4803242100317162,1,-0.006784531279481598,0.024215603107586504,1.3013887584209443,0.014368344246894083,0.9704970836639404,26.850644481182098,0.10571115557104349,0.05132748314537311,8.193516151692738e-06,14039.363687992096
528,540672,816244.3263647705,1.0,1.0,1.0,1.0,1.0,1.0,0.03750000000000009,0.49945671969712757,0.20372439065303977,0.5413363533408834,0.45866364665911663,1,0.004783499706536532,0.050378639996051786,1.3014322698116303,0.0015350474986108864,1.0521352887153625,66.03410148620605,0.1941525837406516,0.43046721000000016,7.949525746663938e-06,14060.483370065689
529,541696,508205.2983143218,1.0,1.0,1.0,1.0,1.0,1.0,0.03750000000000009,0.49955975840421213,0.2050520702584571,0.5399335548172758,0.46006644518272427,2,-0.005357112159254029,0.024397354340180755,1.301415115594864,0.009998093805701736,0.9848388880491257,15.409416806697845,0.10812377706170082,0.16677181699666577,7.709646418870417e-06,14081.857206344604
530,542720,442699.7503452599,1.0,1.0,1.0,1.0,1.0,1.0,0.043749999999999734,0.5042561583265351,0.2036273697275277,0.515456715375211,0.48454328462478896,1,-0.004409390315413475,0.02174102182034403,1.3013833999633788,0.01467148699271803,0.9595894515514374,15.390733695030212,0.09894055584445596,0.14771563532754178,7.473885086299966e-06,14103.750881195068
531,543744,816079.3693708554,1.0,1.0,1.0,1.0,1.0,1.0,0.03750000000000009,0.5027938609689866,0.2023948717358869,0.5433355962887532,0.4566644037112469,1,-0.005360683985054493,0.050966753251850606,1.301333099603653,0.022961010308837616,0.9686499029397965,38.326490545272826,0.21525579504668713,0.36343585626900066,7.2422485481796695e-06,14125.277802467346
532,544768,508416.2736624256,1.0,1.0,1.0,1.0,1.0,1.0,0.03125000000000022,0.5017881256405603,0.2030856953886519,0.5171830645648366,0.48281693543516335,2,-0.006045991706196218,0.02485497244633734,1.3013342142105102,0.011074379792263755,0.9844166517257691,16.90829129219055,0.1016943690367043,0.126722247440283,7.014743484779869e-06,14147.024069309235
533,545792,574657.9630094767,1.0,1.0,1.0,1.0,1.0,1.0,0.03125,0.5032192625707204,0.2051057057804563,0.5156662665066026,0.48433373349339737,1,-0.005818487610667944,0.03804805362597108,1.3013185858726501,0.02112829541960224,0.9711836963891983,33.087710762023924,0.19017265923321247,0.2272907179189511,6.791376457221377e-06,14168.524879693985
534,546816,750011.4676405042,1.0,1.0,1.0,1.0,1.0,1.0,0.04062499999999991,0.5030714506394867,0.20435118717878198,0.5267812207922927,0.4732187792077072,2,-0.005384270753711462,0.03760476121678948,1.301318633556366,0.01090702712605598,0.9784681916236877,28.11298178434372,0.13841688875108957,0.07925137297318902,6.572153907286312e-06,14189.584002256393
535,547840,442612.09962388873,1.0,1.0,1.0,1.0,1.0,1.0,0.031250000000000444,0.502769341450291,0.20548932671333311,0.5157029644848841,0.48429703551511594,1,-0.009274527424713597,0.029190935613587498,1.3013292253017426,0.017339254964248596,0.9676759093999863,11.935461699962616,0.13256213217973709,0.0852877935310952,6.357082157232452e-06,14211.088418722153
536,548864,816358.9839299917,1.0,1.0,1.0,1.0,1.0,1.0,0.018749999999999822,0.5043649081211296,0.20433254858036975,0.530146659424226,0.46985334057577405,1,-0.005787691939622164,0.04970572711899877,1.3013721346855163,0.023059696444246925,0.9643932342529297,36.1542286157608,0.14601691477000714,0.2509144999424422,6.1461674096106925e-06,14232.356186151505
537,549888,508251.96073651314,1.0,1.0,1.0,1.0,1.0,1.0,0.04062499999999991,0.5030200183145043,0.2033553328958718,0.5130104341105243,0.48698956588947573,2,-0.002630043774843216,0.03613438154570758,1.3013644337654113,0.010856424141980625,0.9823810279369354,14.59725867509842,0.13621027246117592,0.07086566591510587,5.939415747086271e-06,14253.798017501831
538,550912,442677.64016741514,1.0,1.0,1.0,1.0,1.0,1.0,0.050000000000000266,0.5029359719683718,0.2040048325554751,0.5113247611183201,0.48867523888167985,1,-0.004993092268705368,0.02285088091157377,1.3013523399829865,0.017486426046502856,0.9625195890665055,23.940277338027954,0.10281661916524172,0.15443331154954293,5.736833132263391e-06,14275.896649599075
539,551936,816095.3918816,1.0,1.0,1.0,1.0,1.0,1.0,0.03125,0.5048806249582788,0.20442504156877442,0.5435581901403167,0.45644180985968336,1,-0.011805379844736308,0.050825482327491046,1.3013254404067993,0.02296466261683463,0.9562317579984665,25.607138192653657,0.1668319646269083,0.15198554356148272,5.538425407513174e-06,14297.346376180649
540,552960,508306.11652397364,1.0,1.0,1.0,1.0,1.0,1.0,0.03125000000000022,0.5041309152522764,0.20513470130951295,0.5132454488386692,0.4867545511613308,2,-0.0129038461484015,0.0257956781424582,1.301331239938736,0.0144163944684351,0.979918098449707,21.16166375875473,0.15380756575614213,0.07269421433027215,5.344198294805254e-06,14319.097666025162
541,553984,486717.22007539123,1.0,1.0,1.0,1.0,1.0,1.0,0.031250000000000444,0.5048063065290422,0.2040183181375105,0.5217696629213483,0.4782303370786517,1,-0.0033329024910926817,0.02718353345990181,1.3012970209121704,0.018206023974369146,0.9668916434049606,31.50799843072891,0.09609845895320177,0.15841815785608973,5.1541573955426325e-06,14341.540617704391
542,555008,771948.5807145461,1.0,1.0,1.0,1.0,1.0,1.0,0.04999999999999982,0.5064149740004644,0.2037391240215021,0.5479660474055092,0.4520339525944907,1,-0.012557421263772994,0.04380813976749778,1.301256000995636,0.018015666877650816,0.9767700403928756,25.218629169464112,0.13545917309820651,0.09354433803244244,4.968308190400308e-06,14362.704240560532
543,556032,508482.00633924454,1.0,1.0,1.0,1.0,1.0,1.0,0.03750000000000009,0.5048810602313611,0.2032798858283335,0.5101226453846606,0.4898773546153395,2,-0.0037537464872002602,0.042335606273263694,1.3012275278568268,0.013587373958833382,0.9838461190462112,9.593623173236846,0.22449061498045922,0.03261689386533914,4.786656039167059e-06,14384.700698852539
544,557056,684639.7577791065,1.0,1.0,1.0,1.0,1.0,1.0,0.03125,0.504418783027335,0.2027065976801712,0.5131086142322098,0.4868913857677903,1,-0.0024409678066149355,0.03469090014696121,1.3012725353240966,0.026603514774740232,0.9569033861160279,31.44067223072052,0.1586507335305214,0.329074296119031,4.609206180590974e-06,14406.305651426315
545,558080,640032.5284972005,1.0,1.0,1.0,1.0,1.0,1.0,0.03750000000000009,0.5030942036311935,0.20202766971251626,0.5233448973691819,0.4766551026308182,2,-0.008301318588200957,0.03104345891624689,1.301290637254715,0.015181659730348684,0.9853178590536118,41.403397822380064,0.1424685822799802,0.2124835411996097,4.435963732228368e-06,14425.752958536148
546,559104,442770.6668051183,1.0,1.0,1.0,1.0,1.0,1.0,0.03750000000000009,0.5039210580763804,0.20254805391919833,0.5163413273842722,0.4836586726157278,1,-0.010892471962142736,0.02728289710357785,1.3012965500354767,0.014619919183847686,0.9728344857692719,20.345917844772337,0.15229661725461482,0.09146719715111606,4.26693369029606e-06,14445.373669624329
547,560128,816256.2901768014,1.0,1.0,1.0,1.0,1.0,1.0,0.03125,0.5034773457515783,0.20275650364654538,0.5419890279926853,0.45801097200731467,1,-0.003557445853948593,0.05557054439559579,1.3013318538665772,0.021818586364423707,0.9680362850427627,38.568457746505736,0.2072182886302471,0.33221499607260757,4.102120929527502e-06,14464.743264436722
548,561152,508334.1812720001,1.0,1.0,1.0,1.0,1.0,1.0,0.03750000000000009,0.5028459941887503,0.2004270420959621,0.520987041974084,0.47901295802591604,2,-0.005186956282705069,0.02125840443186462,1.3013340651988983,0.011080552988160264,0.9723094373941421,19.3184935092926,0.1408220075070858,0.11583620660842447,3.94153020303198e-06,14484.142128944397
549,562176,750730.3918581903,1.0,1.0,1.0,1.0,1.0,1.0,0.03750000000000009,0.5011335190452743,0.20062564482482473,0.5131740375065724,0.4868259624934276,1,-0.008992716064676642,0.04274111706763506,1.3013254642486571,0.017116165859243894,0.9735793530941009,36.00368109941483,0.16491187028586865,0.13851024632142234,3.7851661421577014e-06,14502.765434265137
550,563200,507919.7642094195,1.0,1.0,1.0,1.0,1.0,1.0,0.037499999999999645,0.5050401433943016,0.20432968191968634,0.5364978061428002,0.4635021938571998,1,-0.006127020227722824,0.042532574757933615,1.3013109028339387,0.016084687210015325,0.9673088937997818,26.67371383905411,0.22442446760833262,0.12073884156305079,3.6330332563581274e-06,14520.01280593872
551,564224,508453.9501560107,1.0,1.0,1.0,1.0,1.0,1.0,0.03125,0.501962895567968,0.20296021440936898,0.514029779913389,0.4859702200866109,2,-0.007175384485162794,0.025024189427495003,1.301317709684372,0.013405479053650993,0.9704316228628158,23.95096809864044,0.11646352345123887,0.05197411226627853,3.485135933061966e-06,14538.417932748795
552,565248,750667.8593285084,1.0,1.0,1.0,1.0,1.0,1.0,0.04375000000000018,0.5007372844192468,0.2021278890996161,0.5241101491101491,0.47588985088985086,1,-0.008666639495640994,0.04814525051042438,1.3013487875461578,0.027463645905595514,0.9563950061798095,30.08232038617134,0.18727948162704705,0.314622437336602,3.341478437546647e-06,14556.212394714355
553,566272,574155.8199753016,1.0,1.0,1.0,1.0,1.0,1.0,0.03750000000000009,0.5002841575048432,0.20117920510866025,0.5210904652109046,0.47890953478909537,2,-0.008099256781861186,0.029018211318179964,1.3013447642326355,0.011663843185758083,0.9827452272176742,38.895072150230405,0.13064941596239804,0.10970206067098641,3.2020649128152946e-06,14573.515455245972
554,567296,442550.1452563405,1.0,1.0,1.0,1.0,1.0,1.0,0.031250000000000444,0.5040073372966329,0.20342030685988416,0.5220932352762414,0.4779067647237586,1,-0.009922333405120299,0.026199564198032023,1.3013307213783265,0.01305007045133948,0.9682763159275055,25.734914976358414,0.1414732053875923,0.05247015554254473,3.0668993794772105e-06,14590.996860265732
555,568320,816310.690225292,1.0,1.0,1.0,1.0,1.0,1.0,0.043749999999999734,0.5034553351618803,0.2038104772737108,0.5279032594342901,0.47209674056570994,1,-0.008241314743645489,0.05061692614108324,1.301333773136139,0.03472146429477476,0.9457509577274322,53.94028615951538,0.19378533605486153,0.7940630202421383,2.935985735632038e-06,14608.353307962418
556,569344,508282.90516266227,1.0,1.0,1.0,1.0,1.0,1.0,0.046875,0.5044613976011342,0.2041279497625025,0.5076932899189172,0.4923067100810828,2,-0.000282282498665154,0.023310873471200467,1.3013200759887695,-0.004431345098842599,1.0136072933673859,22.94711434841156,0.13371882792562245,0.1191845994260774,2.8093277567572083e-06,14625.759274244308
557,570368,684782.1374842748,1.0,1.0,1.0,1.0,1.0,1.0,0.03125,0.5073546058712612,0.2045098158383143,0.511785856971634,0.48821414302836597,1,-0.007629994116723537,0.03663824498653412,1.3012941300868988,0.024170871894602895,0.9520480990409851,24.52535811662674,0.1343336207792163,0.17594328528776113,2.6869290955991443e-06,14643.634907960892
558,571392,640075.564348489,1.0,1.0,1.0,1.0,1.0,1.0,0.03750000000000009,0.5064415257243695,0.20428744340696373,0.5216095380029806,0.4783904619970194,2,-0.009028408955782653,0.034943920513615015,1.3012853682041168,0.016313937307570116,0.9774891704320907,25.917380928993225,0.17574636172503233,0.11543638947730009,2.5687932820678646e-06,14660.840030908585
559,572416,442491.7765789479,1.0,1.0,1.0,1.0,1.0,1.0,0.04375000000000018,0.505294420949083,0.2041948922407419,0.5146914187361692,0.4853085812638308,1,-0.008899409766308963,0.024272476648911835,1.3012678444385528,0.020434702333223954,0.966167151927948,23.057847768068314,0.17564600091427565,0.15336907565051466,2.4549237231352375e-06,14678.302584409714
560,573440,816497.7200964615,1.0,1.0,1.0,1.0,1.0,1.0,0.025000000000000355,0.5050641873359452,0.2060804289757523,0.5394348105330764,0.4605651894669236,1,-0.004662318155169487,0.0510609719902277,1.3012330889701844,0.016189817709377507,0.9746392488479614,60.192712020874026,0.14482597950845957,0.27072473091558935,2.34532370273669e-06,14695.69246172905
561,574464,508213.13229990005,1.0,1.0,1.0,1.0,1.0,1.0,0.02187500000000031,0.5044885385479667,0.20551495932421135,0.5192874451503046,0.48071255484969544,2,-0.009051362430909649,0.025164011307060717,1.3012123942375182,0.01137864065259464,0.9793228715658188,34.08968263864517,0.12357434220612049,0.08495628918492598,2.239996381676482e-06,14712.612548828125
562,575488,442642.6885183975,1.0,1.0,1.0,1.0,1.0,1.0,0.03125,0.5033928044617021,0.20689560752820643,0.49994061757719715,0.5000593824228029,1,-0.006865058606490493,0.02567762052640319,1.3012274026870727,0.013421189984697435,0.9741866290569305,37.2629755795002,0.10524164820089936,0.04443363958452675,2.1389447975366027e-06,14728.93720626831
563,576512,882252.4025471173,1.0,1.0,1.0,1.0,1.0,1.0,0.028124999999999956,0.5036330859259516,0.2055821500156785,0.5378252975590074,0.4621747024409925,2,-0.010039871791377664,0.04593494636937976,1.301228415966034,0.0239439020409975,0.9611908942461014,27.73067479133606,0.17738713193684816,0.07969677025873662,2.0421718645891336e-06,14745.180983304977
564,577536,442606.13154405355,1.0,1.0,1.0,1.0,1.0,1.0,0.04999999999999982,0.49952659383007847,0.2034212304910662,0.5175849941383353,0.4824150058616647,1,-0.010194619686808437,0.022971482016146183,1.3012446343898774,0.016284784661075948,0.9691461473703384,25.536306077241896,0.11390440631657839,0.051460269508934,1.9496803737122124e-06,14761.94342660904
565,578560,816424.2355595902,1.0,1.0,1.0,1.0,1.0,1.0,0.03750000000000009,0.5011160029939769,0.2038914925531497,0.525833662844339,0.474166337155661,1,-0.01034480961970985,0.051725476048886776,1.3012716948986054,0.028050774770048293,0.9511159420013428,40.804044818878175,0.15490619074553252,0.519186530656849,1.8614729923095352e-06,14777.700420618057
566,579584,508031.29788812995,1.0,1.0,1.0,1.0,1.0,1.0,0.040625000000000355,0.5036147185115885,0.20534864618341964,0.5354472246189244,0.46455277538107564,2,-0.002302791114198044,0.028134490456432105,1.3012737095355988,0.006423527637483062,0.9901168376207352,40.4079626083374,0.12747217174619435,0.1466336112005924,1.7775522642334245e-06,14793.83875465393
567,580608,442330.09209659696,1.0,1.0,1.0,1.0,1.0,1.0,0.04375000000000018,0.5034650989677911,0.20608334210204146,0.5318002628120894,0.46819973718791064,1,-0.009417494421359151,0.02701584459282458,1.3012617170810699,0.015905089807300498,0.9745816379785538,30.621539199352263,0.18490273375064134,0.09468144225861568,1.6979206097115335e-06,14810.067452192307
568,581632,486558.79245496914,1.0,1.0,1.0,1.0,1.0,1.0,0.043749999999999734,0.503268255187479,0.2074755719443517,0.5161210470944985,0.4838789529055016,1,-0.006028666149359196,0.030345793021842836,1.3012620449066161,0.018471266174428534,0.9696110129356384,39.93060166835785,0.1363578364253044,0.12380016597432127,1.622580325276936e-06,14826.408346652985
569,582656,837909.3715581447,1.0,1.0,1.0,1.0,1.0,1.0,0.028125000000000178,0.5045299382014582,0.20741530964381652,0.5549410916085598,0.44505890839144024,2,-0.007403965538833291,0.03755206344649196,1.3012446820735932,0.017943896473416744,0.9717188149690628,28.692401790618895,0.16615999042987822,0.05921323560500335,1.551533583701984e-06,14842.174096107483
570,583680,442450.46809048206,1.0,1.0,1.0,1.0,1.0,1.0,0.050000000000000266,0.5061622165889625,0.20922520811396103,0.5199855959668708,0.4800144040331293,1,-0.008627658290788532,0.0264811254106462,1.3012286245822906,0.012188623791362829,0.9758219122886658,34.06864019036293,0.11076968535780907,0.022940420693362613,1.4847824339356176e-06,14858.538554668427
571,584704,750637.4790223613,1.0,1.0,1.0,1.0,1.0,1.0,0.025000000000000355,0.5070455065937944,0.20617738933340113,0.5114628820960698,0.4885371179039301,1,-0.009394177887588739,0.040142488572746514,1.3012169301509857,0.02964456647789575,0.9490278482437133,31.570949453115464,0.14995825719088315,0.20830286725519365,1.4223288010442444e-06,14874.519879579544
572,585728,574029.9816570729,1.0,1.0,1.0,1.0,1.0,1.0,0.034375000000000044,0.50745233799907,0.20625769606274008,0.538550473300094,0.4614495266999061,2,-0.008664344158023595,0.030363463796675205,1.3011957049369811,0.01376499761231571,0.9823984146118164,40.86392383575439,0.12044431623071432,0.10894607823434746,1.3641744861562841e-06,14889.636065244675
573,586752,442534.3795411587,1.0,1.0,1.0,1.0,1.0,1.0,0.03125,0.5068225395645112,0.20712601411051385,0.5181999878868633,0.4818000121131367,1,-0.0064524942310526965,0.02640717786271125,1.301186102628708,0.009982861747005245,0.9803354620933533,33.08274689912796,0.14383363891392947,0.03076959037714953,1.3103211664101697e-06,14905.228498458862
574,587776,816444.3603714034,1.0,1.0,1.0,1.0,1.0,1.0,0.04375000000000018,0.50801075658326,0.20695784951105406,0.5164218086842964,0.48357819131570356,1,-0.008630495052784681,0.04987361822277307,1.3012022137641908,0.03426648997523678,0.9524181306362152,41.02966364622116,0.15606535524129866,0.4190895615320496,1.2607703949060127e-06,14920.584960699081
575,588800,508164.74298293144,1.0,1.0,1.0,1.0,1.0,1.0,0.03750000000000009,0.5087836628131605,0.20512497458198806,0.5280868568345809,0.4719131431654191,2,-0.004310524044558406,0.02486658194102347,1.301197922229767,0.006870694980383974,0.9827674210071564,23.27269368171692,0.0980081468820572,0.09587424919209309,1.2155236006608076e-06,14935.564353942871
576,589824,442530.70395245403,1.0,1.0,1.0,1.0,1.0,1.0,0.03750000000000009,0.5076258350184552,0.2050226616314205,0.5258652543416676,0.4741347456583323,1,-0.0064285253756679595,0.02353478823788464,1.3011760532855987,0.014805368325386325,0.9770258903503418,27.027392584085465,0.19002116993069648,0.04127072056056508,1.1745820885671845e-06,14950.655236005783
577,590848,816305.6032396257,1.0,1.0,1.0,1.0,1.0,1.0,0.03750000000000009,0.5083362096987525,0.2046707290282948,0.5326539101497504,0.46734608985024956,1,-0.010254796547815203,0.053126145899295804,1.3011799812316895,0.029915523055649373,0.9613481014966965,56.09745720624924,0.19059574659913778,0.249830042827445,1.1379470393558157e-06,14965.694219589233
578,591872,508410.6552733872,1.0,1.0,1.0,1.0,1.0,1.0,0.04062500000000013,0.5104081889287198,0.20655052314587705,0.5049749743713442,0.49502502562865586,2,-0.005148211610503495,0.023344910982996226,1.301176166534424,0.00820753517617021,0.9816882610321045,33.022052717208865,0.09882002472877502,0.07055938319478369,1.1056195095613903e-06,14981.30734872818
579,592896,574614.1691378206,1.0,1.0,1.0,1.0,1.0,1.0,0.03750000000000009,0.5085408878773492,0.20756350727885364,0.5140323168509294,0.4859676831490706,1,-0.009028710564598441,0.033762031234800816,1.3011557459831238,0.025167043284012182,0.9590061128139495,41.85586667060852,0.16522364020347596,0.47458595036217854,1.0776004314920739e-06,14996.897107839584
580,593920,749918.9223317355,1.0,1.0,1.0,1.0,1.0,1.0,0.04687500000000022,0.5079060362342741,0.20690119230219156,0.5338047870686975,0.46619521293130245,2,-0.002498058835044503,0.046111921034753325,1.3011385560035706,0.007058813385530982,0.9882138341665268,26.2477090716362,0.15077143255621195,0.10857004288475987,1.0538906132026367e-06,15010.367413520813
581,594944,442496.7759793848,1.0,1.0,1.0,1.0,1.0,1.0,0.03750000000000009,0.5063792850891699,0.20530375894844016,0.521760067417083,0.47823993258291697,1,-0.008341069286689162,0.022419409453868867,1.3011255085468292,0.01329297135161056,0.9731415182352066,30.28868790268898,0.13511479031294585,0.0519287149446477,1.0344907384712003e-06,15023.90099453926
582,595968,750630.3018581569,1.0,1.0,1.0,1.0,1.0,1.0,0.037499999999999645,0.5060900136431504,0.2055027374644695,0.5217974513749162,0.4782025486250838,1,-0.008828614163212479,0.04028351297602058,1.3011274755001068,0.022846637423771198,0.9594734638929368,41.74007962346077,0.18141164351254702,0.18860857628434713,1.019401366779486e-06,15037.250495672226
583,596992,574071.6689391434,1.0,1.0,1.0,1.0,1.0,1.0,0.03750000000000009,0.5073358837995727,0.20489192651765586,0.5192267283042656,0.4807732716957344,2,-0.007700089947320521,0.030972810834646224,1.3011151790618896,0.015762852248803937,0.9759765028953552,43.34588465690613,0.1899111293256283,0.12178471142279265,1.0086229332966646e-06,15050.520055770874
584,598016,442672.8889531195,1.0,1.0,1.0,1.0,1.0,1.0,0.03125,0.5086679539023781,0.20564436166597172,0.5131311960113629,0.486868803988637,1,-0.007874549413099886,0.025724229402840137,1.3010959863662719,0.014715839677954534,0.9778213441371918,46.63933784961701,0.11972288712859154,0.07077283867821334,1.0021557488668096e-06,15064.043328762054
585,599040,816252.5829223394,1.0,1.0,1.0,1.0,1.0,1.0,0.04999999999999982,0.5056741637500911,0.20326613450327144,0.5249805667443996,0.4750194332556003,1,-0.013788502989336848,0.04700754135847092,1.3010750889778138,0.026613059084499468,0.9646696954965591,62.20834879875183,0.15966485310345888,0.42841949638486765,1e-06,15077.222893238068
