46.255405426 -23.963159561 51.106849670 -25.943542480 50.843570709 -20.205368042 51.862712860 -23.715154648 55.417625427 -21.140647888 58.276069641 -19.366477966 53.283916473 -13.962696075 48.918285370 -17.364389420 54.116924286 -17.965353012 49.092273712 -20.869726181 55.029357910 -25.115407944 52.192024231 -13.387061119 53.118240356 -11.871700287 61.780113220 -22.079391479 52.450973511 -27.917926788 55.555202484 -21.037145615 61.388019562 -20.081485748 55.195018768 -19.256296158 56.882286072 -21.223201752 58.668266296 -17.355411530 -1828.853393555 -896.924438477 -1922.772460938 580.327880859 1349.736938477 -1666.567382812 1032.656982422 1809.329467773 2059.436279297 219.022567749 1888.293090820 -902.866699219 -1396.421630859 -1412.805297852 -1520.539916992 -1389.396484375
44.988754272 -24.485811234 49.979614258 -25.468753815 51.667194366 -20.977277756 52.502445221 -22.485513687 56.584079742 -21.073408127 59.206233978 -19.818492889 52.510429382 -14.831258774 47.903564453 -18.079704285 53.103206635 -18.298311234 47.797821045 -20.440601349 55.944286346 -26.000175476 52.998847961 -12.122118950 54.452953339 -11.798456192 62.737472534 -22.429269791 51.591056824 -28.704166412 54.650531769 -21.995895386 60.273708344 -20.788488388 54.013935089 -19.003404617 57.707561493 -21.995613098 59.407051086 -16.187782288 -1827.669799805 -898.421020508 -1921.290527344 581.986083984 1349.373779297 -1665.099853516 1030.727783203 1809.934936523 2057.730957031 220.558944702 1889.016601562 -900.782897949 -1394.344726562 -1412.893554688 -1519.406860352 -1387.703979492
43.724765778 -25.014244080 48.853717804 -24.988416672 52.501209259 -21.757244110 53.142166138 -21.241638184 57.774703979 -20.999540329 60.138610840 -20.265367508 51.739704132 -15.702885628 46.879341125 -18.800254822 52.067790985 -18.643764496 46.505683899 -20.005310059 56.860000610 -26.883777618 53.799106598 -10.853303909 55.787078857 -11.719259262 63.697650909 -22.774578094 50.734329224 -29.493515015 53.744495392 -22.953020096 59.162479401 -21.499860764 52.816932678 -18.740764618 58.543407440 -22.776252747 60.147018433 -15.005225182 -1826.478027344 -899.909912109 -1919.800170898 583.634094238 1349.002075195 -1663.634521484 1028.795898438 1810.528564453 2056.017822266 222.084075928 1889.727416992 -898.696228027 -1392.268920898 -1412.969604492 -1518.264526367 -1386.019165039
42.463466644 -25.548425674 47.717609406 -24.497623444 53.344699860 -22.544404984 53.781223297 -19.984588623 58.986885071 -20.919019699 61.073162079 -20.707103729 50.971843719 -16.577430725 45.847084045 -19.525039673 51.010768890 -19.001918793 45.215885162 -19.563896179 57.776481628 -27.766233444 54.592803955 -9.580665588 57.120597839 -11.634147644 64.660339355 -23.115207672 49.880775452 -30.285936356 52.837127686 -23.908538818 58.054332733 -22.215576172 51.606132507 -18.468681335 59.388725281 -23.564088821 60.887237549 -13.808996201 -1825.277465820 -901.391845703 -1918.300048828 585.273376465 1348.621704102 -1662.171508789 1026.860595703 1811.110839844 2054.295654297 223.599090576 1890.425903320 -896.605407715 -1390.192749023 -1413.033447266 -1517.112182617 -1384.341064453
41.204868317 -26.088323593 46.572402954 -23.996755600 54.196781158 -23.337942123 54.418998718 -18.715373993 60.217407227 -20.831886292 62.009853363 -21.143699646 50.206916809 -17.454769135 44.808036804 -20.253204346 49.932243347 -19.372982025 43.928447723 -19.116395950 58.693706512 -28.647556305 55.379943848 -8.304247856 58.453479767 -11.543159485 65.625282288 -23.451066971 49.030391693 -31.081399918 51.928451538 -24.862478256 56.949275970 -22.935607910 50.383396149 -18.187429428 60.242515564 -24.358201981 61.626907349 -12.600212097 -1824.068115234 -902.866577148 -1916.790283203 586.903747559 1348.232788086 -1660.710693359 1024.921875000 1811.681762695 2052.564453125 225.103927612 1891.112060547 -894.510498047 -1388.116088867 -1413.084960938 -1515.950073242 -1382.669677734
39.948989868 -26.633907318 45.419223785 -23.486202240 55.056629181 -24.137098312 55.054931641 -17.434946060 61.463439941 -20.738203049 62.948654175 -21.575159073 49.444992065 -18.334789276 43.763263702 -20.984031677 48.832305908 -19.757156372 42.643386841 -18.662845612 59.611660004 -29.527769089 56.160526276 -7.024096489 59.785705566 -11.446331024 66.592239380 -23.782083511 48.183170319 -31.879873276 51.018497467 -25.814859390 55.847316742 -23.659927368 49.150363922 -17.897260666 61.103889465 -25.157766342 62.365306854 -11.379876137 -1822.850219727 -904.334228516 -1915.270874023 588.525207520 1347.835205078 -1659.252197266 1022.979797363 1812.241210938 2050.824707031 226.598541260 1891.785888672 -892.411560059 -1386.039184570 -1413.124389648 -1514.778076172 -1381.005249023
38.695854187 -27.185148239 44.259151459 -22.966362000 55.923477173 -24.941171646 55.688503265 -16.144193649 62.722499847 -20.638046265 63.889530182 -22.001478195 48.686119080 -19.217397690 42.713668823 -21.716928482 47.711051941 -20.154645920 41.360725403 -18.203281403 60.530323029 -30.406887054 56.934555054 -5.740256786 61.117248535 -11.343699455 67.561019897 -24.108200073 47.339103699 -32.681324005 50.107303619 -26.765710831 54.748470306 -24.388507843 47.908477783 -17.598415375 61.972042084 -25.962053299 63.101806641 -10.148889542 -1821.623657227 -905.794677734 -1913.742065430 590.137695312 1347.429077148 -1657.796020508 1021.034484863 1812.789184570 2049.075927734 228.082885742 1892.447265625 -890.308715820 -1383.962158203 -1413.151489258 -1513.596435547 -1379.347778320
37.445476532 -27.742012024 43.093200684 -22.437623978 56.796627045 -25.749523163 56.319248199 -14.843940735 63.992443085 -20.531492233 64.832450867 -22.422658920 47.930335999 -20.102504730 41.660015106 -22.451396942 46.568584442 -20.565654755 40.080482483 -17.737741470 61.449676514 -31.284927368 57.702026367 -4.452773571 62.448089600 -11.235301971 68.531455994 -24.429365158 46.498184204 -33.485725403 49.194889069 -27.715051651 53.652732849 -25.121322632 46.659019470 -17.291110992 62.846252441 -26.770406723 63.835845947 -8.908061028 -1820.388427734 -907.247863770 -1912.203735352 591.741149902 1347.014282227 -1656.342285156 1019.085937500 1813.325805664 2047.318603516 229.556884766 1893.096313477 -888.202026367 -1381.885009766 -1413.166259766 -1512.404907227 -1377.697265625
36.197872162 -28.304468155 41.922336578 -21.900360107 57.675426483 -26.561571121 56.946750641 -13.534941673 65.271430969 -20.418628693 65.777374268 -22.838703156 47.177677155 -20.990030289 40.602939606 -23.187026978 45.405006409 -20.990383148 38.802677155 -17.266260147 62.369697571 -32.161911011 58.462944031 -3.161691904 63.778205872 -11.121175766 69.503395081 -24.745544434 45.660404205 -34.293037415 48.281284332 -28.662910461 52.560119629 -25.858345032 45.403137207 -16.975555420 63.725875854 -27.582248688 64.566940308 -7.658121109 -1819.144775391 -908.693725586 -1910.655883789 593.335510254 1346.591064453 -1654.891113281 1017.134277344 1813.850830078 2045.552612305 231.020523071 1893.732910156 -886.091552734 -1379.807739258 -1413.168945312 -1511.203613281 -1376.053833008
34.953063965 -28.872488022 40.747436523 -21.354927063 58.559295654 -27.376796722 57.570632935 -12.217888832 66.557876587 -20.299543381 66.724281311 -23.249608994 46.428161621 -21.879909515 39.542987823 -23.923480988 44.223045349 -21.428064346 37.527328491 -16.788877487 63.290370941 -33.037853241 59.217315674 -1.867056608 65.107574463 -11.001358032 70.476715088 -25.056707382 44.825752258 -35.103233337 47.366527557 -29.609308243 51.470634460 -26.599548340 44.141834259 -16.651941299 64.610328674 -28.397062302 65.294647217 -6.399726391 -1817.892578125 -910.132202148 -1909.098754883 594.920715332 1346.159179688 -1653.442382812 1015.179565430 1814.364379883 2043.777954102 232.473709106 1894.357055664 -883.977294922 -1377.730590820 -1413.159301758 -1509.992797852 -1374.417480469
33.711059570 -29.446037292 39.569313049 -20.801658630 59.447692871 -28.194726944 58.190563202 -10.893411636 67.850440979 -20.174320221 67.673133850 -23.655382156 45.681781769 -22.772100449 38.480609894 -24.660484314 43.027030945 -21.877309799 36.254451752 -16.305629730 64.211677551 -33.912773132 59.965141296 -0.568912029 66.436172485 -10.875887871 71.451370239 -25.362854004 43.994224548 -35.916282654 46.450637817 -30.554271698 50.384284973 -27.344905853 42.876361847 -16.320537567 65.499084473 -29.214393616 66.018585205 -5.133471012 -1816.631958008 -911.563354492 -1907.532348633 596.496704102 1345.718872070 -1651.996215820 1013.221862793 1814.866333008 2041.994873047 233.916427612 1894.968750000 -881.859436035 -1375.653442383 -1413.137451172 -1508.772338867 -1372.788330078
32.471881866 -30.025087357 38.388729095 -20.240886688 60.340148926 -29.014947891 58.806243896 -9.562086105 69.147979736 -20.043045044 68.623893738 -24.056020737 44.938529968 -23.666580200 37.416191101 -25.397813797 41.820476532 -22.336954117 34.984062195 -15.816554070 65.133598328 -34.786689758 60.706424713 0.732697248 67.763984680 -10.744802475 72.427322388 -25.663990021 43.165809631 -36.732151031 45.533649445 -31.497825623 49.301078796 -28.094388962 41.607929230 -15.981623650 66.391693115 -30.033838272 66.738410950 -3.859891415 -1815.362915039 -912.986999512 -1905.956665039 598.063415527 1345.269897461 -1650.552734375 1011.261291504 1815.356811523 2040.203247070 235.348617554 1895.567871094 -879.738037109 -1373.576538086 -1413.103393555 -1507.542236328 -1371.166381836
31.235544205 -30.609603882 37.206432343 -19.672937393 61.236225128 -29.837085724 59.417411804 -8.224431992 70.449531555 -19.905801773 69.576538086 -24.451528549 44.198390961 -24.563316345 36.350055695 -26.135290146 40.606201172 -22.806045532 33.716182709 -15.321687698 66.056106567 -35.659622192 61.441165924 2.037727118 69.090988159 -10.608139992 73.404556274 -25.960119247 42.340492249 -37.550807953 44.615589142 -32.439994812 48.221015930 -28.847970963 40.337299347 -15.635380745 67.287727356 -30.855043411 67.453834534 -2.579472542 -1814.085449219 -914.403198242 -1904.371704102 599.620849609 1344.812622070 -1649.111816406 1009.297790527 1815.835693359 2038.403198242 236.770217896 1896.154541016 -877.613159180 -1371.499755859 -1413.057006836 -1506.302612305 -1369.551757812
30.002063751 -31.199556351 36.023075104 -19.098112106 62.135536194 -30.660814285 60.023838043 -6.880922318 71.754295349 -19.762668610 70.531028748 -24.841905594 43.461349487 -25.462284088 35.282466888 -26.872766495 39.386451721 -23.283807755 32.450828552 -14.821067810 66.979194641 -36.531589508 62.169376373 3.346133232 70.417160034 -10.465939522 74.383026123 -26.251247406 41.518268585 -38.372226715 43.696487427 -33.380805969 47.141578674 -29.607389450 39.065124512 -15.281971931 68.186820984 -31.677692413 68.164588928 -1.292653799 -1812.799682617 -915.811767578 -1902.777709961 601.168945312 1344.346679688 -1647.673706055 1007.331542969 1816.303100586 2036.594848633 238.181198120 1896.728759766 -875.484802246 -1369.423461914 -1412.998413086 -1505.053588867 -1367.944335938
28.771455765 -31.794912338 34.839244843 -18.516685486 63.037731171 -31.485839844 60.625316620 -5.531987190 73.061569214 -19.613719940 71.487335205 -25.227157593 42.727390289 -26.363452911 34.213661194 -27.610132217 38.162666321 -23.769739151 31.188014984 -14.314731598 67.902847290 -37.402606964 62.891059875 4.657872200 71.742485046 -10.318239212 75.362724304 -26.537382126 40.699127197 -39.196369171 42.776374817 -34.320281982 46.062404633 -30.372901917 37.791980743 -14.921546936 69.088645935 -32.501514435 68.870437622 0.000166886 -1811.505615234 -917.212829590 -1901.174560547 602.707580566 1343.872436523 -1646.238281250 1005.362548828 1816.758789062 2034.778198242 239.581497192 1897.290283203 -873.353149414 -1367.347412109 -1412.927612305 -1503.795043945 -1366.344360352
27.543733597 -32.395641327 33.655460358 -17.928913116 63.942504883 -32.311912537 61.221675873 -4.178015709 74.370780945 -19.459030151 72.445426941 -25.607284546 41.996498108 -27.266798019 33.143829346 -28.347297668 36.935928345 -24.263460159 29.927757263 -13.802718163 68.827026367 -38.272697449 63.606216431 5.972899914 73.066940308 -10.165077209 76.343597412 -26.818529129 39.883060455 -40.023212433 41.855278015 -35.258445740 44.983680725 -31.144382477 36.518379211 -14.554248810 69.992897034 -33.326267242 69.571182251 1.298627734 -1810.203369141 -918.606140137 -1899.562377930 604.236755371 1343.389648438 -1644.805786133 1003.390930176 1817.202880859 2032.953247070 240.971054077 1897.839355469 -871.218200684 -1365.271850586 -1412.844604492 -1502.527099609 -1364.751953125
26.318912506 -33.001712799 32.472183228 -17.335023880 64.849578857 -33.138805389 61.812747955 -2.819361210 75.681442261 -19.298669815 73.405273438 -25.982292175 41.268661499 -28.172288895 32.073131561 -29.084194183 35.708484650 -24.764104843 28.670070648 -13.285064697 69.751724243 -39.141880035 64.314857483 7.291172981 74.390518188 -10.006492615 77.325637817 -27.094692230 39.070049286 -40.852718353 40.933227539 -36.195331573 43.905792236 -31.921564102 35.244766235 -14.180211067 70.899314880 -34.151741028 70.266639709 2.602399826 -1808.892944336 -919.991821289 -1897.941162109 605.756408691 1342.898437500 -1643.376098633 1001.416687012 1817.635375977 2031.120239258 242.349853516 1898.375732422 -869.080017090 -1363.196777344 -1412.749389648 -1501.249755859 -1363.166870117
25.097007751 -33.613090515 31.289813995 -16.735227585 65.758705139 -33.966323853 62.398406982 -1.456345916 76.993148804 -19.132705688 74.366836548 -26.352184296 40.543865204 -29.079902649 31.001712799 -29.820774078 34.481258392 -25.271312714 27.414970398 -12.761808395 70.676925659 -40.010166168 65.016983032 8.612648010 75.713180542 -9.842525482 78.308807373 -27.365880966 38.260089874 -41.684860229 40.010250092 -37.130958557 42.829124451 -32.704170227 33.971549988 -13.799560547 71.807670593 -34.977752686 70.956642151 3.911154509 -1807.574340820 -921.369750977 -1896.311035156 607.266479492 1342.398803711 -1641.949218750 999.439941406 1818.056274414 2029.279174805 243.717819214 1898.899658203 -866.938781738 -1361.122314453 -1412.641845703 -1499.963134766 -1361.589355469
23.878032684 -34.229747772 30.108713150 -16.129720688 66.669654846 -34.794300079 62.978527069 -0.089265265 78.305549622 -18.961198807 75.330093384 -26.716960907 39.822090149 -29.989606857 29.929685593 -30.556997299 33.254707336 -25.784889221 26.162471771 -12.232987404 71.602607727 -40.877582550 65.712608337 9.937281609 77.034927368 -9.673214912 79.293083191 -27.632101059 37.453166962 -42.519607544 39.086380005 -38.065353394 41.754024506 -33.491939545 32.699081421 -13.412416458 72.717742920 -35.804145813 71.640930176 5.224405289 -1806.247680664 -922.739868164 -1894.672119141 608.766967773 1341.890869141 -1640.525512695 997.460815430 1818.465454102 2027.430053711 245.074905396 1899.410766602 -864.794433594 -1359.048583984 -1412.522216797 -1498.667236328 -1360.019531250
22.662000656 -34.851646423 28.929195404 -15.518678665 67.582237244 -35.622585297 63.552993774 1.281585217 79.618354797 -18.784214020 76.295005798 -27.076627731 39.103324890 -30.901376724 28.857152939 -31.292842865 32.029205322 -26.304681778 24.912586212 -11.698639870 72.528755188 -41.744148254 66.401733398 11.265031815 78.355743408 -9.498599052 80.278427124 -27.893358231 36.649272919 -43.356925964 38.161640167 -38.998542786 40.680801392 -34.284645081 31.427682877 -13.018890381 73.629356384 -36.630783081 72.319366455 6.541864872 -1804.912963867 -924.102172852 -1893.024291992 610.257690430 1341.374511719 -1639.104736328 995.479248047 1818.863037109 2025.572875977 246.421081543 1899.909423828 -862.647155762 -1356.975463867 -1412.390258789 -1497.362060547 -1358.457397461
21.448923111 -35.478759766 27.751541138 -14.902267456 68.496269226 -36.451049805 64.121704102 2.655935287 80.931312561 -18.601808548 77.261543274 -27.431190491 38.387550354 -31.815185547 27.784206390 -32.028297424 30.805080414 -26.830541611 23.665328979 -11.158803940 73.455337524 -42.609878540 67.084365845 12.595853806 79.675598145 -9.318718910 81.264823914 -28.149662018 35.848388672 -44.196792603 37.236057281 -39.930553436 39.609725952 -35.082077026 30.157632828 -12.619090080 74.542327881 -37.457542419 72.991844177 7.863287926 -1803.570190430 -925.456542969 -1891.367797852 611.738708496 1340.849731445 -1637.687011719 993.495361328 1819.248901367 2023.707885742 247.756286621 1900.395263672 -860.496948242 -1354.903320312 -1412.246093750 -1496.047851562 -1356.902832031
20.238815308 -36.111053467 26.575996399 -14.280636787 69.411598206 -37.279586792 64.684577942 4.033539772 82.244224548 -18.414041519 78.229675293 -27.780653000 37.674747467 -32.731006622 26.710916519 -32.763351440 29.582618713 -27.362335205 22.420713425 -10.613517761 74.382347107 -43.474792480 67.760520935 13.929707527 80.994476318 -9.133613586 82.252235413 -28.401020050 35.050506592 -45.039169312 36.309669495 -40.861412048 38.541038513 -35.884037018 28.889181137 -12.213115692 75.456527710 -38.284324646 73.658264160 9.188450813 -1802.219482422 -926.803039551 -1889.702636719 613.209960938 1340.316650391 -1636.272338867 991.509277344 1819.623046875 2021.835083008 249.080490112 1900.868530273 -858.343933105 -1352.831909180 -1412.089843750 -1494.724365234 -1355.356201172
19.031688690 -36.748497009 25.402778625 -13.653927803 70.328086853 -38.108100891 65.241539001 5.414175510 83.556892395 -18.220964432 79.199371338 -28.125020981 36.964904785 -33.648811340 25.637351990 -33.498012543 28.362079620 -27.899936676 21.178750992 -10.062819481 75.309761047 -44.338912964 68.430191040 15.266549110 82.312377930 -8.943323135 83.240638733 -28.647439957 34.255611420 -45.884029388 35.382499695 -41.791145325 37.474941254 -36.690357208 27.622549057 -11.801065445 76.371803284 -39.111045837 74.318550110 10.517151833 -1800.860839844 -928.141540527 -1888.028686523 614.671386719 1339.775146484 -1634.860961914 989.520996094 1819.985473633 2019.954467773 250.393630981 1901.328979492 -856.188171387 -1350.761596680 -1411.921264648 -1493.391845703 -1353.817260742
17.827556610 -37.391056061 24.232078552 -13.022269249 71.245597839 -38.936515808 65.792518616 6.797638893 84.869178772 -18.022636414 80.170600891 -28.464298248 36.258007050 -34.568576813 24.563571930 -34.232280731 27.143688202 -28.443231583 19.939453125 -9.506747246 76.237564087 -45.202259064 69.093406677 16.606336594 83.629272461 -8.747887611 84.230003357 -28.888929367 33.463691711 -46.731342316 34.454578400 -42.719779968 36.411628723 -37.500881195 26.357938766 -11.383030891 77.288047791 -39.937629700 74.972625732 11.849202156 -1799.494384766 -929.471984863 -1886.346313477 616.122863770 1339.225463867 -1633.452758789 987.530639648 1820.336303711 2018.066162109 251.695663452 1901.776855469 -854.029724121 -1348.692260742 -1411.740478516 -1492.050292969 -1352.286254883
16.626428604 -38.038696289 23.064065933 -12.385782242 72.164031982 -39.764759064 66.337471008 8.183743477 86.180946350 -17.819107056 81.143333435 -28.798490524 35.554031372 -35.490272522 23.489627838 -34.966167450 25.927646637 -28.992111206 18.702833176 -8.945338249 77.165733337 -46.064846039 69.750160217 17.949028015 84.945152283 -8.547348022 85.220306396 -29.125495911 32.674736023 -47.581081390 33.525928497 -43.647342682 35.351257324 -38.315456390 25.095523834 -10.959099770 78.205154419 -40.764015198 75.620429993 13.184430122 -1798.120117188 -930.794372559 -1884.655273438 617.564453125 1338.667480469 -1632.047729492 985.538208008 1820.675292969 2016.170166016 252.986557007 1902.211914062 -851.868652344 -1346.624023438 -1411.547607422 -1490.699707031 -1350.763183594
15.428318024 -38.691387177 21.898891449 -11.744580269 73.083274841 -40.592773438 66.876342773 9.572319031 87.492080688 -17.610427856 82.117530823 -29.127603531 34.852962494 -36.413871765 22.415563583 -35.699695587 24.714136124 -29.546470642 17.468902588 -8.378632545 78.094245911 -46.926700592 70.400466919 19.294580460 86.260002136 -8.341743469 86.211517334 -29.357149124 31.888725281 -48.433212280 32.596588135 -44.573860168 34.293972015 -39.133956909 23.835346222 -10.529316902 79.123023987 -41.590148926 76.261909485 14.522675514 -1796.738037109 -932.108642578 -1882.955810547 618.996032715 1338.101196289 -1630.646118164 983.543884277 1821.002441406 2014.266601562 254.266250610 1902.634277344 -849.705078125 -1344.556884766 -1411.342529297 -1489.340209961 -1349.248168945
14.233234406 -39.349102020 20.736579895 -11.098709106 74.003234863 -41.420520782 67.409111023 10.963207245 88.802490234 -17.396650314 83.093177795 -29.451642990 34.154785156 -37.339347839 21.341423035 -36.432872772 23.503311157 -30.106216431 16.237670898 -7.806668282 79.023094177 -47.787834167 71.044334412 20.642955780 87.573806763 -8.131114960 87.203613281 -29.583898544 31.105649948 -49.287704468 31.666580200 -45.499355316 33.239894867 -39.956260681 22.577428818 -10.093722343 80.041572571 -42.415992737 76.897026062 15.863791466 -1795.348266602 -933.414733887 -1881.248046875 620.417602539 1337.526611328 -1629.247802734 981.547607422 1821.317993164 2012.355590820 255.534713745 1903.043945312 -847.539062500 -1342.491088867 -1411.125244141 -1487.971801758 -1347.741088867
13.041189194 -40.011798859 19.577136993 -10.448204994 74.923843384 -42.247951508 67.935737610 12.356262207 90.112083435 -17.177824020 84.070228577 -29.770616531 33.459480286 -38.266681671 20.267242432 -37.165729523 22.295238495 -30.671295166 15.009149551 -7.229483128 79.952247620 -48.648269653 71.681770325 21.994108200 88.886558533 -7.915503979 88.196563721 -29.805751801 30.325492859 -50.144531250 30.735933304 -46.423862457 32.189064026 -40.782310486 21.321783066 -9.652353287 80.960716248 -43.241508484 77.525749207 17.207647324 -1793.950805664 -934.712585449 -1879.531860352 621.829101562 1336.943847656 -1627.853027344 979.549499512 1821.621704102 2010.437133789 256.791900635 1903.440673828 -845.370666504 -1340.426513672 -1410.895751953 -1486.594482422 -1346.242065430
11.852192879 -40.679450989 18.420564651 -9.793104172 75.845024109 -43.075042725 68.456199646 13.751367569 91.420791626 -16.953994751 85.048660278 -30.084529877 32.767024994 -39.195838928 19.193056107 -37.898284912 21.089929581 -31.241674423 13.783347130 -6.647115707 80.881698608 -49.508029938 72.312797546 23.347999573 90.198234558 -7.694950104 89.190338135 -30.022718430 29.548240662 -51.003665924 29.804677963 -47.347408295 31.141479492 -41.612079620 20.068429947 -9.205248833 81.880393982 -44.066669464 78.148078918 18.554203033 -1792.545776367 -936.002197266 -1877.807373047 623.230407715 1336.352905273 -1626.461547852 977.549682617 1821.913696289 2008.511230469 258.037750244 1903.824829102 -843.199951172 -1338.363403320 -1410.654174805 -1485.208374023 -1344.751220703
10.666255951 -41.352024078 17.266870499 -9.133442879 76.766700745 -43.901763916 68.970520020 15.148488998 92.728546143 -16.725215912 86.028442383 -30.393390656 32.077407837 -40.126796722 18.118898392 -38.630565643 19.887399673 -31.817319870 12.560274124 -6.059605122 81.811416626 -50.367134094 72.937416077 24.704589844 91.508827209 -7.469494820 90.184913635 -30.234809875 28.773878098 -51.865074158 28.872842789 -48.270015717 30.097143173 -42.445541382 18.817384720 -8.752445221 82.800537109 -44.891452789 78.764038086 19.903417587 -1791.133178711 -937.283569336 -1876.074707031 624.621520996 1335.753784180 -1625.073608398 975.548156738 1822.193847656 2006.578125000 259.272216797 1904.196044922 -841.027038574 -1336.301757812 -1410.400390625 -1483.813476562 -1343.268676758
9.483386993 -42.029487610 16.116060257 -8.469257355 77.688819885 -44.728103638 69.478713989 16.547590256 94.035278320 -16.491533279 87.009544373 -30.697204590 31.390605927 -41.059528351 17.044795990 -39.362598419 18.687662125 -32.398204803 11.339939117 -5.466989517 82.741394043 -51.225597382 73.555633545 26.063835144 92.818328857 -7.239179611 91.180267334 -30.442033768 28.002389908 -52.728725433 27.940454483 -49.191715240 29.056058884 -43.282669067 17.568664551 -8.293982506 83.721092224 -45.715847015 79.373626709 21.255252838 -1789.713012695 -938.556518555 -1874.333740234 626.002441406 1335.146362305 -1623.689331055 973.545043945 1822.462158203 2004.637695312 260.495300293 1904.554443359 -838.851928711 -1334.241577148 -1410.134521484 -1482.409912109 -1341.794311523
8.303595543 -42.711803436 14.968132973 -7.800584793 78.611320496 -45.554042816 69.980796814 17.948637009 95.340957642 -16.252992630 87.991935730 -30.995979309 30.706602097 -41.994010925 15.970779419 -40.094409943 17.490732193 -32.984287262 10.122349739 -4.869307995 83.671600342 -52.083442688 74.167480469 27.425695419 94.126716614 -7.004045010 92.176368713 -30.644401550 27.233760834 -53.594596863 27.007543564 -50.112533569 28.018222809 -44.123432159 16.322284698 -7.829899311 84.641998291 -46.539840698 79.976860046 22.609664917 -1788.285400391 -939.821105957 -1872.584838867 627.373107910 1334.530883789 -1622.308593750 971.540344238 1822.718750000 2002.690063477 261.706909180 1904.900146484 -836.674804688 -1332.183105469 -1409.856445312 -1480.997680664 -1340.328125000
7.126890659 -43.398944855 13.823095322 -7.127460957 79.534164429 -46.379577637 70.476776123 19.351593018 96.645515442 -16.009643555 88.975585938 -31.289724350 30.025375366 -42.930217743 14.896875381 -40.826030731 16.296621323 -33.575546265 8.907515526 -4.266598701 84.602020264 -52.940692902 74.772949219 28.790134430 95.433990479 -6.764132977 93.173187256 -30.841922760 26.467973709 -54.462654114 26.074138641 -51.032501221 26.983636856 -44.967800140 15.078257561 -7.360233784 85.563217163 -47.363422394 80.573753357 23.966615677 -1786.850341797 -941.077270508 -1870.827758789 628.733398438 1333.907348633 -1620.931396484 969.534179688 1822.963500977 2000.735473633 262.907012939 1905.232910156 -834.495666504 -1330.126220703 -1409.566284180 -1479.576904297 -1338.870361328
5.953281403 -44.090877533 12.680950165 -6.449922085 80.457298279 -47.204700470 70.966682434 20.756425858 97.948928833 -15.761530876 89.960464478 -31.578445435 29.346906662 -43.868118286 13.823108673 -41.557487488 15.105341911 -34.171939850 7.695444107 -3.658900261 85.532646179 -53.797363281 75.372055054 30.157108307 96.740142822 -6.519484520 94.170707703 -31.034608841 25.705013275 -55.332870483 25.140266418 -51.951641083 25.952301025 -45.815750122 13.836601257 -6.885025024 86.484703064 -48.186595917 81.164314270 25.326066971 -1785.407836914 -942.324951172 -1869.062744141 630.083312988 1333.275634766 -1619.557983398 967.526611328 1823.196411133 1998.773681641 264.095611572 1905.552856445 -832.314575195 -1328.071044922 -1409.264038086 -1478.147460938 -1337.421020508
4.782775402 -44.787567139 11.541699409 -5.768004417 81.380676270 -48.029407501 71.450508118 22.163099289 99.251190186 -15.508696556 90.946548462 -31.862152100 28.671176910 -44.807693481 12.749503136 -42.288814545 13.916907310 -34.773437500 6.486142159 -3.046252012 86.463447571 -54.653476715 75.964820862 31.526576996 98.045150757 -6.270141602 95.168899536 -31.222471237 24.944864273 -56.205219269 24.205955505 -52.869983673 24.924215317 -46.667251587 12.597329140 -6.404311180 87.406417847 -49.009357452 81.748565674 26.687978745 -1783.958129883 -943.564147949 -1867.289916992 631.422790527 1332.635864258 -1618.188354492 965.517700195 1823.417480469 1996.805053711 265.272613525 1905.859863281 -830.131652832 -1326.017822266 -1408.949584961 -1476.709594727 -1335.980224609
3.615381241 -45.488979340 10.405345917 -5.081744671 82.304275513 -48.853706360 71.928291321 23.571580887 100.552276611 -15.251183510 91.933799744 -32.140853882 27.998167038 -45.748916626 11.676084518 -43.020046234 12.731328964 -35.380012512 5.279616356 -2.428692102 87.394401550 -55.509056091 76.551261902 32.898502350 99.349006653 -6.016146183 96.167732239 -31.405517578 24.187507629 -57.079666138 23.271236420 -53.787559509 23.899377823 -47.522281647 11.360454559 -5.918131828 88.328323364 -49.831710815 82.326507568 28.052309036 -1782.500976562 -944.794738770 -1865.509033203 632.751831055 1331.988037109 -1616.822509766 963.507507324 1823.626708984 1994.829467773 266.437988281 1906.154174805 -827.946960449 -1323.966430664 -1408.623168945 -1475.263183594 -1334.547729492
2.451105833 -46.195087433 9.271891594 -4.391179085 83.228042603 -49.677597046 72.400047302 24.981834412 101.852188110 -14.989030838 92.922195435 -32.414554596 27.327854156 -46.691761017 10.602873802 -43.751209259 11.548619270 -35.991622925 4.075872898 -1.806259751 88.325500488 -56.364116669 77.131378174 34.272846222 100.651710510 -5.757539272 97.167182922 -31.583761215 23.432928085 -57.956188202 22.336135864 -54.704391479 22.877788544 -48.380805969 10.125989914 -5.426525593 89.250381470 -50.653663635 82.898162842 29.419023514 -1781.036743164 -946.016723633 -1863.720458984 634.070373535 1331.332153320 -1615.460449219 961.496154785 1823.824218750 1992.847045898 267.591735840 1906.435424805 -825.760559082 -1321.916870117 -1408.284545898 -1473.808349609 -1333.123901367
1.289956689 -46.905853271 8.141336441 -3.696344137 84.151954651 -50.501087189 72.865776062 26.393829346 103.150917053 -14.722283363 93.911705017 -32.683269501 26.660221100 -47.636203766 9.529894829 -44.482337952 10.368788719 -36.608242035 2.874918461 -1.178993583 89.256721497 -57.218677521 77.705184937 35.649570465 101.953247070 -5.494363785 98.167228699 -31.757215500 22.681108475 -58.834751129 21.400682449 -55.620513916 21.859445572 -49.242797852 8.893950462 -4.929531097 90.172561646 -51.475219727 83.463539124 30.788078308 -1779.565307617 -947.230041504 -1861.924194336 635.378295898 1330.668212891 -1614.102416992 959.483642578 1824.009765625 1990.857910156 268.733734131 1906.703979492 -823.572570801 -1319.869506836 -1407.933959961 -1472.345214844 -1331.708618164
0.131940544 -47.621246338 7.013682842 -2.997275829 85.075981140 -51.324188232 73.325515747 27.807529449 104.448440552 -14.450980186 94.902297974 -32.947006226 25.995243073 -48.582218170 8.457168579 -45.213462830 9.191848755 -37.229835510 1.676757932 -0.546932399 90.188041687 -58.072765350 78.272712708 37.028629303 103.253608704 -5.226661682 99.167839050 -31.925888062 21.932027817 -59.715332031 20.464904785 -56.535953522 20.844347000 -50.108234406 7.664346218 -4.427188396 91.094841003 -52.296394348 84.022651672 32.159439087 -1778.086791992 -948.434692383 -1860.120117188 636.675659180 1329.996337891 -1612.748168945 957.470092773 1824.183349609 1988.861938477 269.864013672 1906.959472656 -821.382995605 -1317.824218750 -1407.571289062 -1470.873779297 -1330.302001953
-1.022936106 -48.341232300 5.888931274 -2.294010639 86.000091553 -52.146911621 73.779266357 29.222904205 105.744766235 -14.175166130 95.893943787 -33.205772400 25.332901001 -49.529777527 7.384718418 -45.944622040 8.017809868 -37.856372833 0.481396496 0.089884967 91.119445801 -58.926395416 78.833953857 38.409992218 104.552780151 -4.954474449 100.168998718 -32.089794159 21.185672760 -60.597900391 19.528833389 -57.450737000 19.832494736 -50.977081299 6.437190533 -3.919535875 92.017189026 -53.117198944 84.575515747 33.533065796 -1776.601074219 -949.630615234 -1858.308593750 637.962341309 1329.316528320 -1611.397949219 955.455566406 1824.345214844 1986.859497070 270.982543945 1907.202148438 -819.192016602 -1315.781005859 -1407.196533203 -1469.394042969 -1328.904052734
-2.174666882 -49.065780640 4.767082214 -1.586585164 86.924263000 -52.969268799 74.227058411 30.639919281 107.039886475 -13.894882202 96.886627197 -33.459579468 24.673173904 -50.478862762 6.312564373 -46.675846100 6.846682072 -38.487815857 -0.711161256 0.731419623 92.050918579 -59.779590607 79.388946533 39.793617249 105.850769043 -4.677845001 101.170669556 -32.248943329 20.442020416 -61.482429504 18.592493057 -58.364891052 18.823881149 -51.849315643 5.212493896 -3.406613111 92.939582825 -53.937644958 85.122154236 34.908920288 -1775.108398438 -950.817749023 -1856.489379883 639.238342285 1328.628784180 -1610.051757812 953.440063477 1824.495117188 1984.850463867 272.089202881 1907.431884766 -816.999572754 -1313.740112305 -1406.809814453 -1467.906127930 -1327.514892578
-3.323246479 -49.794853210 3.648134708 -0.875035524 87.848464966 -53.791271210 74.668907166 32.058544159 108.333786011 -13.610170364 97.880302429 -33.708435059 24.016040802 -51.429447174 5.240728378 -47.407165527 5.678475857 -39.124134064 -1.900911093 1.377632618 92.982429504 -60.632373810 79.937690735 41.179466248 107.147560120 -4.396815777 102.172836304 -32.403354645 19.701057434 -62.368888855 17.655916214 -59.278450012 17.818508148 -52.724910736 3.990268230 -2.888459206 93.861991882 -54.757747650 85.662574768 36.286968231 -1773.608764648 -951.996093750 -1854.662719727 640.503601074 1327.933105469 -1608.709594727 951.423767090 1824.633178711 1982.834960938 273.184051514 1907.648681641 -814.805847168 -1311.701538086 -1406.411010742 -1466.410034180 -1326.134521484
-4.468668938 -50.528423309 2.532088757 -0.159397975 88.772674561 -54.612937927 75.104827881 33.478740692 109.626457214 -13.321073532 98.874946594 -33.952350616 23.361478806 -52.381504059 4.169231415 -48.138618469 4.513200283 -39.765296936 -3.087849379 2.028485298 93.913970947 -61.484760284 80.480201721 42.567501068 108.443145752 -4.111429214 103.175476074 -32.553028107 18.962760925 -63.257251740 16.719127655 -60.191436768 16.816371918 -53.603832245 2.770523548 -2.365113735 94.784393311 -55.577522278 86.196784973 37.667163849 -1772.102294922 -953.165588379 -1852.828613281 641.758117676 1327.229492188 -1607.371704102 949.406677246 1824.759399414 1980.812988281 274.266967773 1907.852539062 -812.610900879 -1309.665283203 -1406.000244141 -1464.905761719 -1324.762939453
-5.610929489 -51.266456604 1.418943167 0.560291052 89.696868896 -55.434288025 75.534843445 34.900482178 110.917892456 -13.027634621 99.870536804 -34.191341400 22.709465027 -53.335010529 3.098094702 -48.870239258 3.350864172 -40.411266327 -4.271973133 2.683938503 94.845520020 -62.336772919 81.016502380 43.957687378 109.737525940 -3.821728230 104.178558350 -32.697990417 18.227113724 -64.147491455 15.782158852 -61.103885651 15.817469597 -54.486057281 1.553269744 -1.836615801 95.706771851 -56.396987915 86.724815369 39.049480438 -1770.588867188 -954.326171875 -1850.987182617 643.001708984 1326.517944336 -1606.037841797 947.388854980 1824.873657227 1978.784667969 275.337982178 1908.043579102 -810.414733887 -1307.631591797 -1405.577514648 -1463.393554688 -1323.400390625
-6.750022888 -52.008918762 0.308696896 1.283995390 90.621032715 -56.255332947 75.958969116 36.323738098 112.208099365 -12.729895592 100.867050171 -34.425411224 22.059978485 -54.289943695 2.027338505 -49.602062225 2.191476583 -41.062015533 -5.453278542 3.343953371 95.777053833 -63.188434601 81.546615601 45.349983215 111.030685425 -3.527755499 105.182067871 -32.838245392 17.494096756 -65.039573669 14.845036507 -62.015823364 14.821796417 -55.371559143 0.338516593 -1.303004980 96.629096985 -57.216163635 87.246681213 40.433872223 -1769.068603516 -955.477783203 -1849.138549805 644.234497070 1325.798583984 -1604.708251953 945.370422363 1824.976074219 1976.750122070 276.397003174 1908.221557617 -808.217529297 -1305.600341797 -1405.142700195 -1461.873291016 -1322.046630859
-7.885945320 -52.755775452 -0.798651993 2.011678696 91.545143127 -57.076091766 76.377227783 37.748470306 113.497062683 -12.427899361 101.864440918 -34.654571533 21.412996292 -55.246276855 0.956983924 -50.334117889 1.035046339 -41.717506409 -6.631764412 4.008491516 96.708557129 -64.039764404 82.070541382 46.744354248 112.322624207 -3.229553461 106.185966492 -32.973808289 16.763689041 -65.933486938 13.907789230 -62.927280426 13.829351425 -56.260307312 -0.873726726 -0.764320910 97.551361084 -58.035064697 87.762390137 41.820304871 -1767.541625977 -956.620422363 -1847.282592773 645.456359863 1325.071533203 -1603.382934570 943.351440430 1825.066650391 1974.709350586 277.444030762 1908.386596680 -806.019348145 -1303.571777344 -1404.696044922 -1460.344970703 -1320.701904297
-9.018692970 -53.506999969 -1.903105617 2.743304729 92.469177246 -57.896591187 76.789634705 39.174652100 114.784774780 -12.121689796 102.862693787 -34.878841400 20.768493652 -56.203987122 -0.112948172 -51.066440582 -0.118418999 -42.377708435 -7.807427883 4.677513123 97.640014648 -64.890777588 82.588310242 48.140766144 113.613334656 -2.927165508 107.190238953 -33.104694366 16.035871506 -66.829185486 12.970446587 -63.838279724 12.840128899 -57.152278900 -2.083451509 -0.220602915 98.473533630 -58.853713989 88.271965027 43.208744049 -1766.007934570 -957.754089355 -1845.419433594 646.667297363 1324.336547852 -1602.061889648 941.331909180 1825.145263672 1972.662353516 278.479034424 1908.538696289 -803.820129395 -1301.545776367 -1404.237304688 -1458.808837891 -1319.366088867
-10.148261070 -54.262550354 -3.004666328 3.478837013 93.393119812 -58.716842651 77.196220398 40.602252960 116.071235657 -11.811308861 103.861785889 -35.098224640 20.126451492 -57.163055420 -1.182437062 -51.799068451 -1.268911481 -43.042583466 -8.980267525 5.350979805 98.571395874 -65.741508484 83.099937439 49.539176941 114.902816772 -2.620634556 108.194862366 -33.230915070 15.310624123 -67.726654053 12.033036232 -64.748855591 11.854125023 -58.047439575 -3.290649891 0.328109324 99.395606995 -59.672126770 88.775421143 44.599155426 -1764.467651367 -958.878662109 -1843.549194336 647.867187500 1323.593872070 -1600.745117188 939.311950684 1825.211914062 1970.609375000 279.501922607 1908.677856445 -801.620117188 -1299.522583008 -1403.766723633 -1457.264892578 -1318.039550781
-11.274646759 -55.022399902 -4.103337288 4.218239784 94.316947937 -59.536869049 77.596992493 42.031238556 117.356437683 -11.496799469 104.861679077 -35.312736511 19.486845016 -58.123451233 -2.251461983 -52.532035828 -2.416423798 -43.712104797 -10.150282860 6.028852940 99.502693176 -66.591964722 83.605430603 50.939552307 116.191062927 -2.310003996 109.199806213 -33.352489471 14.587926865 -68.625854492 11.095586777 -65.659042358 10.871336937 -58.945766449 -4.495313644 0.881776214 100.317550659 -60.490333557 89.272773743 45.991497040 -1762.920654297 -959.994201660 -1841.671875000 649.056030273 1322.843383789 -1599.432861328 937.291687012 1825.266723633 1968.550415039 280.512725830 1908.804077148 -799.419311523 -1297.502075195 -1403.284301758 -1455.713134766 -1316.721923828
-12.397847176 -55.786514282 -5.199121475 4.961476803 95.240646362 -60.356697083 77.991981506 43.461578369 118.640380859 -11.178206444 105.862358093 -35.522392273 18.849649429 -59.085151672 -3.320002317 -53.265373230 -3.560949087 -44.386238098 -11.317472458 6.711093426 100.433883667 -67.442176819 84.104827881 52.341857910 117.478073120 -1.995316863 110.205062866 -33.469421387 13.867757797 -69.526771545 10.158125877 -66.568855286 9.891758919 -59.847229004 -5.697435856 1.440358162 101.239356995 -61.308345795 89.764045715 47.385734558 -1761.367187500 -961.100524902 -1839.787719727 650.233825684 1322.085205078 -1598.125000000 935.271118164 1825.309692383 1966.485595703 281.511383057 1908.917236328 -797.217834473 -1295.484619141 -1402.789916992 -1454.161621094 -1315.404296875
-13.517859459 -56.554859161 -6.292022705 5.708511829 96.164199829 -61.176342010 78.381202698 44.893245697 119.923065186 -10.855570793 106.863784790 -35.727195740 18.214841843 -60.048137665 -4.388060570 -53.999084473 -4.702480316 -45.064949036 -12.481836319 7.397661686 101.364952087 -68.292152405 84.598129272 53.746055603 118.763839722 -1.676616669 111.210594177 -33.581737518 13.150095940 -70.429374695 9.220655441 -67.478302002 8.915386200 -60.751800537 -6.897009373 2.003815413 102.161010742 -62.126190186 90.249259949 48.781837463 -1759.807250977 -962.197753906 -1837.896484375 651.400512695 1321.319335938 -1596.821655273 933.250305176 1825.340698242 1964.414794922 282.497833252 1909.017456055 -795.015686035 -1293.469970703 -1402.283569336 -1452.610107422 -1314.086425781
-14.634681702 -57.327404022 -7.382045269 6.459308624 97.087593079 -61.995826721 78.764678955 46.326210022 121.204475403 -10.528937340 107.865936279 -35.927165985 17.582397461 -61.012386322 -5.455638409 -54.733169556 -5.841012001 -45.748199463 -13.643375397 8.088520050 102.295867920 -69.141929626 85.085365295 55.152111053 120.048355103 -1.353946686 112.216384888 -33.689441681 12.434922218 -71.333633423 8.283173561 -68.387390137 7.942214012 -61.659458160 -8.094027519 2.572108030 103.082481384 -62.943889618 90.728424072 50.179767609 -1758.240844727 -963.285705566 -1835.998535156 652.556030273 1320.545776367 -1595.522827148 931.229370117 1825.359741211 1962.338256836 283.472076416 1909.104736328 -792.812988281 -1291.458374023 -1401.765502930 -1451.058837891 -1312.768432617
-15.748311043 -58.104114532 -8.469193459 7.213830948 98.010803223 -62.815174103 79.142433167 47.760437012 122.484619141 -10.198349953 108.868789673 -36.122314453 16.952293396 -61.977867126 -6.522738457 -55.467628479 -6.976537228 -46.435966492 -14.802088737 8.783628464 103.226623535 -69.991516113 85.566543579 56.559989929 121.331634521 -1.027350783 113.222404480 -33.792556763 11.722212791 -72.239524841 7.345679283 -69.296104431 6.972236633 -62.570171356 -9.288485527 3.145196676 104.003768921 -63.761463165 91.201568604 51.579486847 -1756.667968750 -964.364440918 -1834.093750000 653.700317383 1319.764648438 -1594.228637695 929.208312988 1825.366943359 1960.256103516 284.434051514 1909.179077148 -790.609863281 -1289.449951172 -1401.235473633 -1449.507568359 -1311.450195312
-16.858747482 -58.884960175 -9.553472519 7.972043037 98.933822632 -63.634410858 79.514488220 49.195899963 123.763496399 -9.863850594 109.872322083 -36.312652588 16.324504852 -62.944564819 -7.589361668 -56.202461243 -8.109051704 -47.128208160 -15.957977295 9.482949257 104.157188416 -70.840934753 86.041702271 57.969654083 122.613655090 -0.696872294 114.228637695 -33.891094208 11.011946678 -73.147018433 6.408173561 -70.204452515 6.005448341 -63.483909607 -10.480376244 3.723041534 104.924850464 -64.578941345 91.668701172 52.980964661 -1755.088867188 -965.433898926 -1832.182373047 654.833374023 1318.975830078 -1592.938964844 927.187316895 1825.362182617 1958.168212891 285.383758545 1909.240356445 -788.406311035 -1287.444580078 -1400.693725586 -1447.956542969 -1310.131835938
-17.965986252 -59.669902802 -10.634886742 8.733908653 99.856620789 -64.453552246 79.880867004 50.632572174 125.041091919 -9.525484085 110.876495361 -36.498195648 15.699006081 -63.912448883 -8.655508995 -56.937667847 -9.238548279 -47.824893951 -17.111043930 10.186443329 105.087554932 -71.690216064 86.510841370 59.381072998 123.894432068 -0.362555087 115.235069275 -33.985069275 10.304101944 -74.056098938 5.470655918 -71.112434387 5.041843414 -64.400650024 -11.669696808 4.305602551 105.845703125 -65.396331787 92.129852295 54.384162903 -1753.503540039 -966.494018555 -1830.264160156 655.955139160 1318.179443359 -1591.654052734 925.166320801 1825.345581055 1956.074829102 286.321166992 1909.288696289 -786.202392578 -1285.442504883 -1400.140136719 -1446.405639648 -1308.813232422
-19.070032120 -60.458915710 -11.713441849 9.499392509 100.779197693 -65.272636414 80.241584778 52.070419312 126.317420959 -9.183293343 111.881294250 -36.678955078 15.075773239 -64.881507874 -9.721182823 -57.673244476 -10.365023613 -48.525989532 -18.261291504 10.894070625 106.017700195 -72.539375305 86.973999023 60.794212341 125.173957825 -0.024442989 116.241661072 -34.074493408 9.598656654 -74.966720581 4.533124924 -72.020042419 4.081415653 -65.320358276 -12.856440544 4.892839909 106.766326904 -66.213676453 92.585029602 55.789051056 -1751.911865234 -967.544738770 -1828.339477539 657.065612793 1317.375610352 -1590.373901367 923.145507812 1825.317016602 1953.975952148 287.246185303 1909.323974609 -783.998291016 -1283.443725586 -1399.574707031 -1444.854980469 -1307.494506836
-20.170879364 -61.251960754 -12.789145470 10.268457413 101.701538086 -66.091667175 80.596672058 53.509418488 127.592475891 -8.837323189 112.886688232 -36.854949951 14.454781532 -65.851707458 -10.786381721 -58.409194946 -11.488473892 -49.231464386 -19.408718109 11.605793953 106.947601318 -73.388427734 87.431182861 62.209033966 126.452224731 0.317420095 117.248397827 -34.159389496 8.895587921 -75.878868103 3.595581293 -72.927284241 3.124157906 -66.243019104 -14.040604591 5.484714031 107.686691284 -67.030990601 93.034271240 57.195594788 -1750.314086914 -968.586120605 -1826.408325195 658.164672852 1316.564086914 -1589.098388672 921.124877930 1825.276611328 1951.871582031 288.158843994 1909.346313477 -781.793945312 -1281.448242188 -1398.997558594 -1443.304321289 -1306.175659180
-21.268527985 -62.049007416 -13.862001419 11.041068077 102.623611450 -66.910682678 80.946151733 54.949535370 128.866241455 -8.487616539 113.892654419 -37.026187897 13.836004257 -66.823028564 -11.851108551 -59.145515442 -12.608892441 -49.941284180 -20.553329468 12.321573257 107.877235413 -74.237396240 87.882415771 63.625507355 127.729240417 0.662990212 118.255264282 -34.239768982 8.194872856 -76.792518616 2.658024073 -73.834152222 2.170063734 -67.168594360 -15.222185135 6.081184864 108.606796265 -67.848297119 93.477584839 58.603759766 -1748.710205078 -969.618041992 -1824.470703125 659.252380371 1315.745117188 -1587.827758789 919.104492188 1825.224243164 1949.761962891 289.059082031 1909.355712891 -779.589599609 -1279.456298828 -1398.408691406 -1441.753906250 -1304.856689453
-22.362981796 -62.850025177 -14.932018280 11.817189217 103.545417786 -67.729698181 81.290039062 56.390743256 130.138748169 -8.134217262 114.899169922 -37.192687988 13.219417572 -67.795448303 -12.915362358 -59.882209778 -13.726278305 -50.655414581 -21.695129395 13.041370392 108.806594849 -75.086311340 88.327728271 65.043601990 129.005004883 1.012223244 119.262229919 -34.315650940 7.496489048 -77.707641602 1.720453262 -74.740653992 1.219126225 -68.097068787 -16.401178360 6.682212353 109.526611328 -68.665618896 93.914993286 60.013515472 -1747.100219727 -970.640502930 -1822.526611328 660.328613281 1314.918701172 -1586.561889648 917.084472656 1825.160034180 1947.647094727 289.946899414 1909.352050781 -777.385192871 -1277.467773438 -1397.807983398 -1440.203613281 -1303.537475586
-23.454238892 -63.654979706 -15.999202728 12.596783638 104.466934204 -68.548744202 81.628364563 57.833015442 131.409973145 -7.777170658 115.906204224 -37.354457855 12.604993820 -68.768951416 -13.979145050 -60.619274139 -14.840625763 -51.373821259 -22.834119797 13.765147209 109.735656738 -75.935188293 88.767135620 66.463272095 130.279525757 1.365074992 120.269271851 -34.387046814 6.800412655 -78.624214172 0.782868207 -75.646781921 0.271337926 -69.028396606 -17.577581406 7.287757397 110.446136475 -69.482986450 94.346519470 61.424823761 -1745.484375000 -971.653503418 -1820.576293945 661.393432617 1314.084838867 -1585.300903320 915.064880371 1825.083862305 1945.526977539 290.822204590 1909.335449219 -775.180786133 -1275.482910156 -1397.195678711 -1438.653320312 -1302.218139648
-24.542299271 -64.463836670 -17.063562393 13.379817009 105.388145447 -69.367843628 81.961158752 59.276325226 132.679916382 -7.416520119 116.913742065 -37.511520386 11.992707253 -69.743507385 -15.042455673 -61.356704712 -15.951932907 -52.096473694 -23.970304489 14.492863655 110.664398193 -76.784042358 89.200653076 67.884498596 131.552780151 1.721501350 121.276382446 -34.453975677 6.106620312 -79.542205811 -0.154731259 -76.552543640 -0.673308909 -69.962570190 -18.751392365 7.897779465 111.365341187 -70.300415039 94.772186279 62.837654114 -1743.862426758 -972.656921387 -1818.619750977 662.446716309 1313.243530273 -1584.044921875 913.045776367 1824.995849609 1943.401733398 291.685028076 1909.305786133 -772.976623535 -1273.501586914 -1396.571655273 -1437.103393555 -1300.898559570
-25.627164841 -65.276565552 -18.125104904 14.166252136 106.309043884 -70.187011719 82.288429260 60.720645905 133.948608398 -7.052309513 117.921745300 -37.663887024 11.382533073 -70.719093323 -16.105295181 -62.094505310 -17.060197830 -52.823337555 -25.103689194 15.224482536 111.592803955 -77.632904053 89.628318787 69.307243347 132.824798584 2.081457853 122.283531189 -34.516452789 5.415087700 -80.461593628 -1.092345595 -77.457931519 -1.614822030 -70.899551392 -19.922609329 8.512238503 112.284225464 -71.117935181 95.192016602 64.251976013 -1742.234741211 -973.650756836 -1816.657104492 663.488403320 1312.394897461 -1582.793945312 911.027221680 1824.895874023 1941.271484375 292.535278320 1909.263183594 -770.772583008 -1271.524047852 -1395.936035156 -1435.553466797 -1299.578857422
-26.708837509 -66.093124390 -19.183839798 14.956054688 107.229614258 -71.006294250 82.610206604 62.165946960 135.216003418 -6.684583664 118.930198669 -37.811573029 10.774443626 -71.695693970 -17.167663574 -62.832675934 -18.165414810 -53.554382324 -26.234277725 15.959963799 112.520843506 -78.481788635 90.050140381 70.731468201 134.095550537 2.444900036 123.290702820 -34.574497223 4.725791454 -81.382347107 -2.029975176 -78.362945557 -2.553209782 -71.839317322 -21.091232300 9.131094933 113.202766418 -71.935569763 95.606025696 65.667755127 -1740.601074219 -974.635009766 -1814.688232422 664.518554688 1311.538818359 -1581.547973633 909.009277344 1824.784057617 1939.136230469 293.372985840 1909.207641602 -768.568908691 -1269.550170898 -1395.288696289 -1434.003662109 -1298.258911133
-27.787317276 -66.913497925 -20.239772797 15.749187469 108.149833679 -71.825691223 82.926528931 63.612201691 136.482147217 -6.313386917 119.939079285 -37.954589844 10.168412209 -72.673278809 -18.229562759 -63.571212769 -19.267585754 -54.289569855 -27.362075806 16.699270248 113.448509216 -79.330718994 90.466148376 72.157150269 135.365066528 2.811783552 124.297866821 -34.628124237 4.038707256 -82.304450989 -2.967620134 -79.267585754 -3.488480568 -72.781837463 -22.257257462 9.754308701 114.120948792 -72.753349304 96.014251709 67.084953308 -1738.961791992 -975.609619141 -1812.713378906 665.537109375 1310.675537109 -1580.307006836 906.992004395 1824.660278320 1936.996093750 294.198120117 1909.139038086 -766.365539551 -1267.580322266 -1394.629760742 -1432.454101562 -1296.938964844
-28.862607956 -67.737640381 -21.292915344 16.545616150 109.069694519 -72.645248413 83.237403870 65.059387207 137.747009277 -5.938763142 120.948356628 -38.092960358 9.564412117 -73.651832581 -19.290990829 -64.310112000 -20.366706848 -55.028865814 -28.487087250 17.442361832 114.375778198 -80.179718018 90.876365662 73.584259033 136.633346558 3.182063818 125.305015564 -34.677352905 3.353810549 -83.227867126 -3.905281305 -80.171852112 -4.420642853 -73.727088928 -23.420686722 10.381840706 115.038764954 -73.571289062 96.416702271 68.503555298 -1737.316650391 -976.574523926 -1810.732543945 666.544006348 1309.804809570 -1579.071166992 904.975524902 1824.524658203 1934.851074219 295.010589600 1909.057495117 -764.162597656 -1265.614257812 -1393.959228516 -1430.904541016 -1295.618774414
-29.934713364 -68.565521240 -22.343276978 17.345304489 109.989173889 -73.464973450 83.542861938 66.507469177 139.010620117 -5.560757637 121.958007812 -38.226696014 8.962416649 -74.631332397 -20.351947784 -65.049377441 -21.462778091 -55.772243500 -29.609321594 18.189201355 115.302635193 -81.028808594 91.280815125 75.012748718 137.900375366 3.555696249 126.312118530 -34.722198486 2.671076298 -84.152580261 -4.842958450 -81.075744629 -5.349706173 -74.675041199 -24.581518173 11.013649940 115.956192017 -74.389419556 96.813400269 69.923515320 -1735.665893555 -977.529724121 -1808.745727539 667.539184570 1308.926879883 -1577.840576172 902.959899902 1824.377197266 1932.701293945 295.810424805 1908.963012695 -761.960266113 -1263.652221680 -1393.277099609 -1429.355224609 -1294.298339844
-31.003633499 -69.397117615 -23.390865326 18.148216248 110.908264160 -74.284904480 83.842933655 67.956428528 140.272964478 -5.179414749 122.968017578 -38.355815887 8.362398148 -75.611755371 -21.412435532 -65.789009094 -22.555797577 -56.519664764 -30.728780746 18.939748764 116.229049683 -81.878005981 91.679519653 76.442604065 139.166168213 3.932636023 127.319168091 -34.762680054 1.990479827 -85.078567505 -5.780652523 -81.979263306 -6.275679588 -75.625671387 -25.739751816 11.649697304 116.873222351 -75.207763672 97.204383850 71.344810486 -1734.009643555 -978.475219727 -1806.753173828 668.522644043 1308.041748047 -1576.615112305 900.945129395 1824.217895508 1930.546997070 296.597595215 1908.855468750 -759.758422852 -1261.694213867 -1392.583374023 -1427.806030273 -1292.977783203
-32.069370270 -70.232383728 -24.435691833 18.954319000 111.826957703 -75.105056763 84.137641907 69.406242371 141.534042358 -4.794779301 123.978363037 -38.480331421 7.764328957 -76.593078613 -22.472454071 -66.528999329 -23.645763397 -57.271099091 -31.845476151 19.693965912 117.155006409 -82.727333069 92.072509766 77.873786926 140.430725098 4.312838554 128.326126099 -34.798812866 1.311995745 -86.005790710 -6.718363285 -82.882408142 -7.198572159 -76.578948975 -26.895391464 12.289942741 117.789840698 -76.026344299 97.589660645 72.767402649 -1732.347778320 -979.410888672 -1804.754882812 669.494323730 1307.149414062 -1575.394897461 898.931396484 1824.046630859 1928.387939453 297.372039795 1908.734985352 -757.557312012 -1259.740356445 -1391.878295898 -1426.257080078 -1291.657104492
-33.131931305 -71.071289062 -25.477767944 19.763572693 112.745223999 -75.925453186 84.427009583 70.856880188 142.793884277 -4.406895161 124.989006042 -38.600265503 7.168181419 -77.575286865 -23.532001495 -67.269348145 -24.732677460 -58.026512146 -32.959411621 20.451816559 118.080490112 -83.576812744 92.459800720 79.306266785 141.694061279 4.696258545 129.332992554 -34.830612183 0.635598600 -86.934234619 -7.656091690 -83.785171509 -8.118394852 -77.534851074 -28.048435211 12.934345245 118.706031799 -76.845191956 97.969268799 74.191268921 -1730.680419922 -980.336791992 -1802.750854492 670.454284668 1306.249877930 -1574.179931641 896.918640137 1823.863525391 1926.224487305 298.133758545 1908.601562500 -755.356933594 -1257.790649414 -1391.161621094 -1424.708129883 -1290.336303711
-34.191318512 -71.913810730 -26.517103195 20.575944901 113.663063049 -76.746131897 84.711067200 72.308311462 144.052459717 -4.015808582 125.999938965 -38.715625763 6.573927879 -78.558349609 -24.591079712 -68.010063171 -25.816539764 -58.785869598 -34.070594788 21.213258743 119.005485535 -84.426460266 92.841415405 80.740013123 142.956161499 5.082851410 130.339736938 -34.858104706 -0.038737245 -87.863876343 -8.593837738 -84.687568665 -9.035156250 -78.493347168 -29.198884964 13.582866669 119.621772766 -77.664329529 98.343223572 75.616371155 -1729.007568359 -981.252868652 -1800.741210938 671.402343750 1305.343139648 -1572.970214844 894.907043457 1823.668579102 1924.056396484 298.882720947 1908.455200195 -753.157409668 -1255.845214844 -1390.433349609 -1423.159301758 -1289.015258789
-35.247535706 -72.759910583 -27.553709030 21.391399384 114.580451965 -77.567108154 84.989837646 73.760520935 145.309799194 -3.621563196 127.011131287 -38.826438904 5.981539726 -79.542251587 -25.649688721 -68.751136780 -26.897350311 -59.549140930 -35.179039001 21.978258133 119.929954529 -85.276313782 93.217391968 82.174995422 144.217041016 5.472571850 131.346343994 -34.881301880 -0.711037755 -88.794677734 -9.531601906 -85.589584351 -9.948867798 -79.454414368 -30.346744537 14.235466003 120.537063599 -78.483779907 98.711555481 77.042686462 -1727.329467773 -982.158996582 -1798.725952148 672.338562012 1304.429443359 -1571.765991211 892.896606445 1823.461791992 1921.884155273 299.618865967 1908.295776367 -750.958740234 -1253.904174805 -1389.693847656 -1421.610717773 -1287.694091797
-36.300590515 -73.609550476 -28.587596893 22.209901810 115.497375488 -78.388412476 85.263351440 75.213478088 146.565887451 -3.224204540 128.022567749 -38.932716370 5.390988350 -80.526969910 -26.707826614 -69.492568970 -27.975109100 -60.316291809 -36.284744263 22.746772766 120.853897095 -86.126373291 93.587745667 83.611183167 145.476699829 5.865375042 132.352798462 -34.900226593 -1.381329060 -89.726631165 -10.469384193 -86.491218567 -10.859539032 -80.418029785 -31.492015839 14.892104149 121.451881409 -79.303565979 99.074287415 78.470184326 -1725.645996094 -983.055297852 -1796.705322266 673.262939453 1303.508544922 -1570.567138672 890.887451172 1823.243164062 1919.707397461 300.342224121 1908.123535156 -748.761108398 -1251.967407227 -1388.942749023 -1420.062255859 -1286.372680664
-37.350479126 -74.462707520 -29.618780136 23.031415939 116.413825989 -79.210067749 85.531631470 76.667167664 147.820755005 -2.823777676 129.034225464 -39.034477234 4.802246094 -81.512481689 -27.765497208 -70.234359741 -29.049816132 -61.087287903 -37.387725830 23.518766403 121.777282715 -86.976669312 93.952507019 85.048553467 146.735153198 6.261215687 133.359085083 -34.914894104 -2.049637556 -90.659706116 -11.407185555 -87.392478943 -11.767182350 -81.384155273 -32.634700775 15.552741051 122.366210938 -80.123718262 99.431442261 79.898834229 -1723.957275391 -983.941650391 -1794.679199219 674.175354004 1302.580566406 -1569.373657227 888.879577637 1823.012695312 1917.526611328 301.052764893 1907.938232422 -746.564453125 -1250.035156250 -1388.180297852 -1418.513793945 -1285.051147461
-38.397216797 -75.319343567 -30.647268295 23.855907440 117.329780579 -80.032089233 85.794715881 78.121551514 149.074386597 -2.420327663 130.046066284 -39.131736755 4.215283871 -82.498771667 -28.822696686 -70.976509094 -30.121475220 -61.862094879 -38.487991333 24.294198990 122.700088501 -87.827224731 94.311698914 86.487068176 147.992401123 6.660048485 134.365173340 -34.925323486 -2.715989828 -91.593872070 -12.345005989 -88.293365479 -12.671808243 -82.352775574 -33.774803162 16.217336655 123.280036926 -80.944259644 99.783042908 81.328605652 -1722.263305664 -984.817993164 -1792.647827148 675.075805664 1301.645751953 -1568.185791016 886.873107910 1822.770385742 1915.341552734 301.750396729 1907.740112305 -744.369018555 -1248.107421875 -1387.406494141 -1416.965576172 -1283.729492188
-39.440799713 -76.179428101 -31.673076630 24.683340073 118.245231628 -80.854522705 86.052612305 79.576614380 150.326797485 -2.013899565 131.058090210 -39.224514008 3.630072355 -83.485809326 -29.879426956 -71.719009399 -31.190088272 -62.640686035 -39.585548401 25.073034286 123.622306824 -88.678062439 94.665351868 87.926704407 149.248458862 7.061828136 135.371047974 -34.931533813 -3.380412579 -92.529106140 -13.282846451 -89.193870544 -13.573428154 -83.323852539 -34.912330627 16.885850906 124.193344116 -81.765213013 100.129127502 82.759475708 -1720.564331055 -985.684387207 -1790.611083984 675.964294434 1300.703735352 -1567.003417969 884.868103027 1822.516357422 1913.152465820 302.435180664 1907.528930664 -742.174682617 -1246.184326172 -1386.621337891 -1415.417602539 -1282.407714844
-40.481243134 -77.042930603 -32.696216583 25.513679504 119.160156250 -81.677368164 86.305366516 81.032333374 151.578002930 -1.604538798 132.070266724 -39.312831879 3.046582460 -84.473587036 -30.935689926 -72.461860657 -32.255657196 -63.423023224 -40.680412292 25.855234146 124.543907166 -89.529197693 95.013488770 89.367431641 150.503326416 7.466509342 136.376693726 -34.933544159 -4.042932987 -93.465385437 -14.220705986 -90.093994141 -14.472053528 -84.297370911 -36.047279358 17.558244705 125.106124878 -82.586608887 100.469711304 84.191406250 -1718.860229492 -986.540710449 -1788.569213867 676.840759277 1299.754882812 -1565.826538086 882.864685059 1822.250366211 1910.959350586 303.107025146 1907.304931641 -739.981689453 -1244.265869141 -1385.824951172 -1413.869628906 -1281.085693359
-41.518547058 -77.909820557 -33.716705322 26.346889496 120.074546814 -82.500671387 86.553001404 82.488677979 152.827987671 -1.192290545 133.082580566 -39.396701813 2.464785099 -85.462074280 -31.991481781 -73.205070496 -33.318180084 -64.209075928 -41.772586823 26.640758514 125.464874268 -90.380653381 95.356132507 90.809219360 151.756988525 7.874046803 137.382095337 -34.931373596 -4.703578949 -94.402694702 -15.158586502 -90.993736267 -15.367695808 -85.273300171 -37.179656982 18.234477997 126.018356323 -83.408470154 100.804824829 85.624374390 -1717.151000977 -987.387023926 -1786.522216797 677.705200195 1298.805786133 -1564.649902344 880.862792969 1821.972656250 1908.762329102 303.765960693 1907.067871094 -737.790039062 -1242.352172852 -1385.017211914 -1412.321777344 -1279.763549805
-42.552719116 -78.780059814 -34.734550476 27.182935715 120.988403320 -83.324432373 86.795547485 83.945632935 154.076766968 -0.777200341 134.094985962 -39.476142883 1.884650707 -86.451248169 -33.046806335 -73.948631287 -34.377666473 -64.998809814 -42.862083435 27.429571152 126.385208130 -91.232429504 95.693321228 92.252044678 153.009490967 8.284394264 138.387237549 -34.925045013 -5.362376690 -95.340995789 -16.096487045 -91.893104553 -16.260368347 -86.251617432 -38.309474945 18.914510727 126.930046082 -84.230796814 101.134498596 87.058357239 -1715.437011719 -988.223205566 -1784.470092773 678.557556152 1297.856445312 -1563.473510742 878.862609863 1821.683105469 1906.561523438 304.411926270 1906.818115234 -735.599853516 -1240.443237305 -1384.198120117 -1410.774169922 -1278.441162109
-43.583763123 -79.653617859 -35.749771118 28.021785736 121.901733398 -84.148643494 87.033027649 85.403175354 155.324356079 -0.359313577 135.107498169 -39.551174164 1.306149364 -87.441093445 -34.101657867 -74.692543030 -35.434116364 -65.792190552 -43.948921204 28.221632004 127.304908752 -92.084526062 96.025077820 93.695877075 154.260818481 8.697507858 139.392089844 -34.914573669 -6.019354820 -96.280273438 -17.034408569 -92.792083740 -17.150083542 -87.232292175 -39.436729431 19.598304749 127.841201782 -85.053596497 101.458755493 88.493316650 -1713.718017578 -989.049316406 -1782.413085938 679.397766113 1296.906860352 -1562.297241211 876.864135742 1821.381835938 1904.356933594 305.044921875 1906.555297852 -733.411193848 -1238.539062500 -1383.367919922 -1409.226684570 -1277.118652344
-44.611694336 -80.530464172 -36.762378693 28.863399506 122.814537048 -84.973320007 87.265472412 86.861274719 156.570770264 0.061324179 136.120086670 -39.621818542 0.729251206 -88.431587219 -35.156044006 -75.436805725 -36.487533569 -66.589187622 -45.033100128 29.016904831 128.223968506 -92.936943054 96.351425171 95.140686035 155.510986328 9.113339424 140.396652222 -34.899982452 -6.674540997 -97.220497131 -17.972351074 -93.690689087 -18.036853790 -88.215301514 -40.561431885 20.285818100 128.751815796 -85.876869202 101.777626038 89.929237366 -1711.994140625 -989.865295410 -1780.351074219 680.225891113 1295.957031250 -1561.121215820 874.867492676 1821.068725586 1902.148559570 305.664916992 1906.279663086 -731.224060059 -1236.639892578 -1382.526489258 -1407.679199219 -1275.796020508
-45.636512756 -81.410568237 -37.772388458 29.707748413 123.726814270 -85.798461914 87.492912292 88.319923401 157.815994263 0.484667361 137.132705688 -39.688091278 0.153926179 -89.422714233 -36.209960938 -76.181419373 -37.537921906 -67.389762878 -46.114643097 29.815353394 129.142395020 -93.789688110 96.672393799 96.586448669 156.759994507 9.531845093 141.400909424 -34.881286621 -7.327962875 -98.161651611 -18.910316467 -94.588912964 -18.920692444 -89.200614929 -41.683589935 20.977012634 129.661895752 -86.700614929 102.091125488 91.366088867 -1710.265502930 -990.671081543 -1778.284301758 681.041870117 1295.006958008 -1559.945312500 872.872741699 1820.744018555 1899.936645508 306.271881104 1905.991088867 -729.038635254 -1234.745727539 -1381.673828125 -1406.131958008 -1274.473266602
-46.658226013 -82.293899536 -38.779815674 30.554792404 124.638565063 -86.624069214 87.715370178 89.779083252 159.060043335 0.910670280 138.145370483 -39.750011444 -0.419856071 -90.414443970 -37.263408661 -76.926376343 -38.585285187 -68.193893433 -47.193557739 30.616935730 130.060180664 -94.642745972 96.988006592 98.033142090 158.007858276 9.952978134 142.404830933 -34.858509064 -7.979650021 -99.103706360 -19.848302841 -95.486747742 -19.801610947 -90.188217163 -42.803203583 21.671848297 130.571441650 -87.524848938 102.399299622 92.803833008 -1708.532226562 -991.466674805 -1776.212646484 681.845581055 1294.056640625 -1558.769653320 870.879943848 1820.407348633 1897.721191406 306.865814209 1905.689697266 -726.854919434 -1232.856567383 -1380.810058594 -1404.584960938 -1273.150268555
-47.676845551 -83.180419922 -39.784679413 31.404499054 125.549797058 -87.450149536 87.932891846 91.238739014 160.302947998 1.339287162 139.158035278 -39.807598114 -0.992126048 -91.406768799 -38.316387177 -77.671676636 -39.629627228 -69.001541138 -48.269851685 31.421615601 130.977340698 -95.496124268 97.298309326 99.480728149 159.254592896 10.376692772 143.408401489 -34.831672668 -8.629630089 -100.046638489 -20.786310196 -96.384201050 -20.679624557 -91.178070068 -43.920288086 22.370285034 131.480468750 -88.349563599 102.702171326 94.242462158 -1706.794311523 -992.252014160 -1774.136352539 682.637145996 1293.106079102 -1557.594116211 868.889160156 1820.059082031 1895.502197266 307.446685791 1905.375366211 -724.672973633 -1230.972656250 -1379.935180664 -1403.037963867 -1271.827148438
-48.692382812 -84.070098877 -40.786991119 32.256832123 126.460517883 -88.276695251 88.145492554 92.698875427 161.544692993 1.770472169 140.170700073 -39.860874176 -1.562914371 -92.399658203 -39.368896484 -78.417327881 -40.670955658 -69.812675476 -49.343547821 32.229358673 131.893844604 -96.349830627 97.603317261 100.929191589 160.500183105 10.802944183 144.411605835 -34.800796509 -9.277931213 -100.990425110 -21.724342346 -97.281272888 -21.554748535 -92.170150757 -45.034843445 23.072284698 132.388946533 -89.174758911 102.999755859 95.681938171 -1705.051635742 -993.027099609 -1772.055419922 683.416442871 1292.155395508 -1556.418823242 866.900451660 1819.699096680 1893.279907227 308.014465332 1905.048217773 -722.492980957 -1229.093872070 -1379.049194336 -1401.491088867 -1270.503784180
-49.704837799 -84.962913513 -41.786766052 33.111759186 127.370712280 -89.103713989 88.353202820 94.159469604 162.785293579 2.204179525 141.183319092 -39.909854889 -2.132251978 -93.393096924 -40.420940399 -79.163330078 -41.709270477 -70.627258301 -50.414653778 33.040119171 132.809722900 -97.203857422 97.903060913 102.378494263 161.744674683 11.231684685 145.414443970 -34.765899658 -9.924583435 -101.935043335 -22.662397385 -98.177963257 -22.426994324 -93.164436340 -46.146881104 23.777805328 133.296905518 -90.000442505 103.292098999 97.122238159 -1703.304565430 -993.791931152 -1769.969970703 684.183410645 1291.204345703 -1555.243774414 864.913879395 1819.327270508 1891.054321289 308.569122314 1904.708251953 -720.314941406 -1227.220214844 -1378.152221680 -1399.944458008 -1269.180419922
-50.714225769 -85.858825684 -42.784027100 33.969245911 128.280395508 -89.931213379 88.556060791 95.620491028 164.024765015 2.640363216 142.195907593 -39.954563141 -2.700169802 -94.387062073 -41.472511292 -79.909667969 -42.744583130 -71.445259094 -51.483184814 33.853866577 133.724960327 -98.058197021 98.197570801 103.828628540 162.988052368 11.662868500 146.416885376 -34.727001190 -10.569616318 -102.880477905 -23.600475311 -99.074272156 -23.296377182 -94.160903931 -47.256412506 24.486810684 134.204345703 -90.826614380 103.579223633 98.563331604 -1701.552978516 -994.546447754 -1767.880004883 684.938110352 1290.253173828 -1554.068847656 862.929565430 1818.943847656 1888.825439453 309.110687256 1904.355468750 -718.138977051 -1225.352050781 -1377.244140625 -1398.397827148 -1267.856811523
-51.720554352 -86.757804871 -43.778785706 34.829257965 129.189559937 -90.759185791 88.754096985 97.081932068 165.263122559 3.078977108 143.208419800 -39.995014191 -3.266699076 -95.381538391 -42.523616791 -80.656349182 -43.776897430 -72.266654968 -52.549156189 34.670562744 134.639556885 -98.912864685 98.486877441 105.279556274 164.230331421 12.096449852 147.418914795 -34.684123993 -11.213057518 -103.826683044 -24.538578033 -99.970184326 -24.162910461 -95.159515381 -48.363441467 25.199258804 135.111236572 -91.653274536 103.861160278 100.005203247 -1699.796997070 -995.290649414 -1765.785644531 685.680541992 1289.301757812 -1552.894042969 860.947509766 1818.548706055 1886.593383789 309.639099121 1903.989868164 -715.965087891 -1223.489135742 -1376.325073242 -1396.851440430 -1266.532958984
-52.723831177 -87.659812927 -44.771057129 35.691757202 130.098205566 -91.587638855 88.947334290 98.543762207 166.500366211 3.519975185 144.220855713 -40.031234741 -3.831871271 -96.376495361 -43.574253082 -81.403366089 -44.806217194 -73.091400146 -53.612579346 35.490169525 135.553512573 -99.767852783 98.771011353 106.731254578 165.471527100 12.532382965 148.420532227 -34.637290955 -11.854938507 -104.773658752 -25.476703644 -100.865722656 -25.026613235 -96.160263062 -49.467979431 25.915109634 136.017608643 -92.480430603 104.137939453 101.447822571 -1698.036621094 -996.024475098 -1763.686889648 686.410522461 1288.350097656 -1551.719482422 858.967834473 1818.141967773 1884.358398438 310.154327393 1903.611450195 -713.793395996 -1221.631713867 -1375.395019531 -1395.305175781 -1265.209106445
-53.724071503 -88.564826965 -45.760868073 36.556709290 131.006332397 -92.416564941 89.135803223 100.005973816 167.736495972 3.963311195 145.233184814 -40.063243866 -4.395718098 -97.371925354 -44.624420166 -82.150733948 -45.832550049 -73.919464111 -54.673469543 36.312644958 136.466827393 -100.623161316 99.049995422 108.183700562 166.711654663 12.970621109 149.421707153 -34.586524963 -12.495286942 -105.721374512 -26.414854050 -101.760871887 -25.887495041 -97.163108826 -50.570037842 26.634326935 136.923461914 -93.308067322 104.409584045 102.891174316 -1696.271972656 -996.747924805 -1761.583984375 687.128173828 1287.398193359 -1550.545043945 856.990600586 1817.723510742 1882.120239258 310.656402588 1903.220214844 -711.623962402 -1219.779907227 -1374.454101562 -1393.759033203 -1263.885009766
-54.721279144 -89.472816467 -46.748226166 37.424087524 131.913940430 -93.245971680 89.319549561 101.468528748 168.971557617 4.408938885 146.245376587 -40.091060638 -4.958270550 -98.367805481 -45.674118042 -82.898437500 -46.855907440 -74.750823975 -55.731849670 37.137954712 137.379501343 -101.478790283 99.323867798 109.636871338 167.950698853 13.411116600 150.422424316 -34.531837463 -13.134134293 -106.669799805 -27.353029251 -102.655632019 -26.745574951 -98.168029785 -51.669620514 27.356868744 137.828781128 -94.136199951 104.676132202 104.335220337 -1694.503173828 -997.460937500 -1759.476806641 687.833435059 1286.446166992 -1549.370727539 855.015869141 1817.293457031 1879.879272461 311.145294189 1902.816284180 -709.456848145 -1217.933471680 -1373.502319336 -1392.213012695 -1262.560668945
-55.715469360 -90.383743286 -47.733158112 38.293849945 132.821029663 -94.075859070 89.498588562 102.931427002 170.205535889 4.856812477 147.257446289 -40.114704132 -5.519561291 -99.364112854 -46.723350525 -83.646476746 -47.876289368 -75.585433960 -56.787723541 37.966064453 138.291534424 -102.334739685 99.592666626 111.090736389 169.188705444 13.853825569 151.422683716 -34.473262787 -13.771511078 -107.618911743 -28.291229248 -103.550003052 -27.600866318 -99.175010681 -52.766742706 28.082696915 138.733566284 -94.964820862 104.937606812 105.779937744 -1692.730102539 -998.163513184 -1757.365478516 688.526245117 1285.493896484 -1548.196655273 853.043640137 1816.851684570 1877.635498047 311.620941162 1902.399536133 -707.292236328 -1216.092895508 -1372.539672852 -1390.667114258 -1261.236328125
-56.706653595 -91.297576904 -48.715675354 39.165966034 133.727615356 -94.906227112 89.672958374 104.394638062 171.438446045 5.306884766 148.269363403 -40.134197235 -6.079622269 -100.360824585 -47.772113800 -84.394851685 -48.893707275 -76.423278809 -57.841117859 38.796932220 139.202926636 -103.191009521 99.856407166 112.545272827 170.425674438 14.298698425 152.422470093 -34.410812378 -14.407445908 -108.568702698 -29.229455948 -104.443992615 -28.453388214 -100.184005737 -53.861415863 28.811771393 139.637832642 -95.793937683 105.194046021 107.225318909 -1690.952880859 -998.855651855 -1755.250122070 689.206665039 1284.541381836 -1547.022827148 851.074157715 1816.398315430 1875.388916016 312.083374023 1901.969970703 -705.130065918 -1214.257812500 -1371.566162109 -1389.121337891 -1259.911743164
-57.694839478 -92.214294434 -49.695804596 40.040397644 134.633682251 -95.737068176 89.842689514 105.858154297 172.670303345 5.759109497 149.281097412 -40.149562836 -6.638485432 -101.357925415 -48.820407867 -85.143569946 -49.908168793 -77.264312744 -58.892044067 39.630523682 140.113677979 -104.047599792 100.115127563 114.000473022 171.661605835 14.745691299 153.421752930 -34.344512939 -15.041971207 -109.519134521 -30.167707443 -105.337593079 -29.303152084 -101.195007324 -54.953651428 29.544052124 140.541564941 -96.623550415 105.445480347 108.671318054 -1689.171752930 -999.537353516 -1753.130859375 689.874511719 1283.588745117 -1545.848999023 849.107299805 1815.933471680 1873.139526367 312.532592773 1901.527832031 -702.970458984 -1212.428710938 -1370.581787109 -1387.575683594 -1258.587036133
-58.680038452 -93.133857727 -50.673557281 40.917114258 135.539215088 -96.568397522 90.007812500 107.321945190 173.901123047 6.213440418 150.292633057 -40.160820007 -7.196183681 -102.355400085 -49.868232727 -85.892616272 -50.919677734 -78.108505249 -59.940521240 40.466796875 141.023773193 -104.904510498 100.368858337 115.456291199 172.896530151 15.194755554 154.420516968 -34.274383545 -15.675115585 -110.470184326 -31.105985641 -106.230804443 -30.150178909 -102.207984924 -56.043457031 30.279502869 141.444763184 -97.453651428 105.691932678 110.117935181 -1687.386474609 -1000.208496094 -1751.007690430 690.529907227 1282.635864258 -1544.675415039 847.143249512 1815.456909180 1870.887695312 312.968505859 1901.072875977 -700.813476562 -1210.605224609 -1369.586791992 -1386.030273438 -1257.262084961
-59.662265778 -94.056236267 -51.648956299 41.796085358 136.444244385 -97.400207520 90.168365479 108.785995483 175.130905151 6.669830799 151.303970337 -40.167991638 -7.752748966 -103.353225708 -50.915592194 -86.641998291 -51.928249359 -78.955825806 -60.986560822 41.305721283 141.933242798 -105.761741638 100.617630005 116.912719727 174.130432129 15.645845413 155.418777466 -34.200450897 -16.306911469 -111.421836853 -32.044292450 -107.123619080 -30.994482040 -103.222915649 -57.130847931 31.018081665 142.347442627 -98.284248352 105.933441162 111.565132141 -1685.597412109 -1000.869079590 -1748.880615234 691.172790527 1281.682861328 -1543.501953125 845.182006836 1814.968872070 1868.633300781 313.391174316 1900.605224609 -698.659240723 -1208.787841797 -1368.580932617 -1384.484985352 -1255.937133789
-60.641529083 -94.981407166 -52.622024536 42.677268982 137.348754883 -98.232498169 90.324378967 110.250289917 176.359695435 7.128233910 152.315093994 -40.171096802 -8.308214188 -104.351371765 -51.962482452 -87.391716003 -52.933891296 -79.806243896 -62.030189514 42.147254944 142.842056274 -106.619293213 100.861480713 118.369728088 175.363357544 16.098913193 156.416503906 -34.122734070 -16.937389374 -112.374069214 -32.982624054 -108.016052246 -31.836080551 -104.239768982 -58.215831757 31.759750366 143.249588013 -99.115333557 106.170036316 113.012893677 -1683.804443359 -1001.519165039 -1746.749877930 691.803161621 1280.729614258 -1542.328735352 843.223693848 1814.469238281 1866.376342773 313.800537109 1900.124877930 -696.507812500 -1206.976318359 -1367.564453125 -1382.939697266 -1254.611938477
-61.617847443 -95.909324646 -53.592777252 43.560634613 138.252746582 -99.065277100 90.475883484 111.714813232 177.587463379 7.588603020 153.325958252 -40.170162201 -8.862612724 -105.349838257 -53.008907318 -88.141761780 -53.936607361 -80.659729004 -63.071418762 42.991363525 143.750228882 -107.477165222 101.100433350 119.827301025 176.595306396 16.553913116 157.413681030 -34.041255951 -17.566581726 -113.326858521 -33.920982361 -108.908096313 -32.674991608 -105.258522034 -59.298427582 32.504470825 144.151199341 -99.946914673 106.401756287 114.461189270 -1682.007690430 -1002.158630371 -1744.615356445 692.420898438 1279.776123047 -1541.155639648 841.268371582 1813.958129883 1864.117187500 314.196594238 1899.631958008 -694.359191895 -1205.170776367 -1366.537353516 -1381.394653320 -1253.286499023
-62.591228485 -96.839965820 -54.561237335 44.446147919 139.156219482 -99.898529053 90.622909546 113.179542542 178.814254761 8.050891876 154.336578369 -40.165203094 -9.415977478 -106.348587036 -54.054862976 -88.892143250 -54.936412811 -81.516242981 -64.110267639 43.838008881 144.657760620 -108.335357666 101.334533691 121.285415649 177.826293945 17.010795593 158.410293579 -33.956039429 -18.194517136 -114.280174255 -34.859367371 -109.799743652 -33.511230469 -106.279151917 -60.378646851 33.252201080 145.052276611 -100.778991699 106.628616333 115.910011292 -1680.207153320 -1002.787536621 -1742.477294922 693.026062012 1278.822509766 -1539.982666016 839.316101074 1813.435424805 1861.855590820 314.579315186 1899.126220703 -692.213562012 -1203.371337891 -1365.499511719 -1379.849731445 -1251.961059570
-63.561683655 -97.773300171 -55.527423859 45.333778381 140.059158325 -100.732269287 90.765502930 114.644462585 180.040069580 8.515051842 155.346908569 -40.156246185 -9.968340874 -107.347610474 -55.100349426 -89.642845154 -55.933315277 -82.375762939 -65.146759033 44.687152863 145.564651489 -109.193862915 101.563796997 122.744041443 179.056335449 17.469516754 159.406341553 -33.867107391 -18.821229935 -115.233993530 -35.797782898 -110.691001892 -34.344814301 -107.301635742 -61.456501007 34.002906799 145.952835083 -101.611557007 106.850662231 117.359321594 -1678.402954102 -1003.405822754 -1740.335693359 693.618652344 1277.868652344 -1538.809814453 837.366943359 1812.901245117 1859.591918945 314.948730469 1898.608032227 -690.070922852 -1201.578002930 -1364.451171875 -1378.304931641 -1250.635375977
-64.529235840 -98.709304810 -56.491363525 46.223487854 140.961593628 -101.566482544 90.903678894 116.109558105 181.264923096 8.981037140 156.356964111 -40.143314362 -10.519737244 -108.346885681 -56.145370483 -90.393882751 -56.927322388 -83.238250732 -66.180908203 45.538757324 146.470886230 -110.052696228 101.788276672 124.203170776 180.285430908 17.930028915 160.401809692 -33.774482727 -19.446750641 -116.188308716 -36.736228943 -111.581871033 -35.175765991 -108.325942993 -62.532005310 34.756546021 146.852859497 -102.444625854 107.067924500 118.809120178 -1676.595092773 -1004.013427734 -1738.190673828 694.198608398 1276.914672852 -1537.637084961 835.420959473 1812.355590820 1857.325927734 315.304809570 1898.077148438 -687.931396484 -1199.791015625 -1363.392333984 -1376.760253906 -1249.309570312
-65.493881226 -99.647933960 -57.453071594 47.115245819 141.863494873 -102.401184082 91.037483215 117.574813843 182.488845825 9.448801041 157.366714478 -40.126426697 -11.070199966 -109.346389771 -57.189922333 -91.145248413 -57.918449402 -84.103675842 -67.212730408 46.392791748 147.376480103 -110.911849976 102.007987976 125.662773132 181.513626099 18.392282486 161.396682739 -33.678184509 -20.071111679 -117.143081665 -37.674697876 -112.472343445 -36.004096985 -109.352050781 -63.605175018 35.513076782 147.752334595 -103.278175354 107.280441284 120.259361267 -1674.783813477 -1004.610412598 -1736.042236328 694.765869141 1275.960449219 -1536.464599609 833.478210449 1811.798583984 1855.057983398 315.647521973 1897.533569336 -685.795043945 -1198.010131836 -1362.322875977 -1375.215698242 -1247.983520508
-66.455650330 -100.589164734 -58.412570953 48.009014130 142.764877319 -103.236366272 91.166946411 119.040214539 183.711822510 9.918295860 158.376144409 -40.105609894 -11.619762421 -110.346107483 -58.234008789 -91.896934509 -58.906703949 -84.972007751 -68.242256165 47.249210358 148.281433105 -111.771316528 102.222969055 127.122825623 182.740890503 18.856233597 162.390945435 -33.578239441 -20.694343567 -118.098297119 -38.613201141 -113.362426758 -36.829830170 -110.379936218 -64.676025391 36.272468567 148.651290894 -104.112228394 107.488227844 121.710044861 -1672.968994141 -1005.196655273 -1733.890502930 695.320495605 1275.006103516 -1535.292236328 831.538757324 1811.229980469 1852.788085938 315.976837158 1896.977539062 -683.661926270 -1196.235717773 -1361.243041992 -1373.671386719 -1246.657348633
-67.414558411 -101.532966614 -59.369888306 48.904762268 143.665740967 -104.072029114 91.292098999 120.505737305 184.933898926 10.389473915 159.385238647 -40.080883026 -12.168457985 -111.346023560 -59.277626038 -92.648956299 -59.892093658 -85.843208313 -69.269493103 48.107982635 149.185729980 -112.631111145 102.433258057 128.583312988 183.967285156 19.321830750 163.384582520 -33.474670410 -21.316480637 -119.053932190 -39.551731110 -114.252120972 -37.652984619 -111.409576416 -65.744560242 37.034671783 149.549697876 -104.946769714 107.691337585 123.161140442 -1671.150756836 -1005.772277832 -1731.735595703 695.862426758 1274.051635742 -1534.119995117 829.602722168 1810.650024414 1850.516235352 316.292816162 1896.408935547 -681.532104492 -1194.467651367 -1360.152709961 -1372.127075195 -1245.331054688
-68.370605469 -102.479309082 -60.325038910 49.802459717 144.566085815 -104.908180237 91.412986755 121.971374512 186.155059814 10.862288475 160.393997192 -40.052272797 -12.716320992 -112.346107483 -60.320777893 -93.401290894 -60.874637604 -86.717254639 -70.294471741 48.969074249 150.089385986 -113.491218567 102.638885498 130.044219971 185.192794800 19.789028168 164.377609253 -33.367504120 -21.937555313 -120.009956360 -40.490291595 -115.141410828 -38.473575592 -112.440948486 -66.810813904 37.799659729 150.447586060 -105.781806946 107.889793396 124.612632751 -1669.329101562 -1006.337097168 -1729.577514648 696.391662598 1273.096923828 -1532.947875977 827.670166016 1810.058715820 1848.242553711 316.595367432 1895.827758789 -679.405639648 -1192.706054688 -1359.052001953 -1370.583007812 -1244.004638672
-69.323814392 -103.428161621 -61.278053284 50.702068329 145.465896606 -105.744804382 91.529632568 123.437110901 187.375350952 11.336692810 161.402374268 -40.019798279 -13.263385773 -113.346351624 -61.363464355 -94.153961182 -61.854343414 -87.594116211 -71.317207336 49.832439423 150.992385864 -114.351646423 102.839889526 131.505523682 186.417434692 20.257780075 165.369979858 -33.256755829 -22.557598114 -120.966362000 -41.428882599 -116.030311584 -39.291625977 -113.474021912 -67.874786377 38.567382812 151.344924927 -106.617332458 108.083625793 126.064506531 -1667.504150391 -1006.891235352 -1727.416259766 696.908203125 1272.142089844 -1531.775878906 825.741088867 1809.456054688 1845.967163086 316.884552002 1895.234130859 -677.282714844 -1190.950927734 -1357.940917969 -1369.038940430 -1242.677978516
-70.274200439 -104.379493713 -62.228950500 51.603557587 146.365188599 -106.581909180 91.642074585 124.902931213 188.594772339 11.812637329 162.410400391 -39.983486176 -13.809685707 -114.346733093 -62.405681610 -94.906944275 -62.831222534 -88.473754883 -72.337722778 50.698047638 151.894744873 -115.212387085 103.036300659 132.967208862 187.641250610 20.728036880 166.361709595 -33.142456055 -23.176643372 -121.923110962 -42.367504120 -116.918823242 -40.107154846 -114.508773804 -68.936508179 39.337806702 152.241729736 -107.453353882 108.272880554 127.516731262 -1665.676025391 -1007.434570312 -1725.252075195 697.411926270 1271.187011719 -1530.604125977 823.815612793 1808.841918945 1843.690185547 317.160308838 1894.627929688 -675.163269043 -1189.202392578 -1356.819458008 -1367.495117188 -1241.351318359
-71.221786499 -105.333274841 -63.177753448 52.506889343 147.263946533 -107.419502258 91.750343323 126.368812561 189.813339233 12.290076256 163.418014526 -39.943359375 -14.355256081 -115.347221375 -63.447429657 -95.660247803 -63.805286407 -89.356140137 -73.356040955 51.565864563 152.796463013 -116.073455811 103.228157043 134.429229736 188.864227295 21.199748993 167.352783203 -33.024627686 -23.794723511 -122.880195618 -43.306152344 -117.806930542 -40.920177460 -115.545181274 -69.995979309 40.110893250 153.138000488 -108.289871216 108.457580566 128.969284058 -1663.844726562 -1007.967163086 -1723.084960938 697.902954102 1270.231811523 -1529.432373047 821.893737793 1808.216552734 1841.411499023 317.422637939 1894.009277344 -673.047424316 -1187.460571289 -1355.687866211 -1365.951416016 -1240.024414062
-72.166572571 -106.289474487 -64.124488831 53.412033081 148.162185669 -108.257568359 91.854484558 127.834747314 191.031066895 12.768961906 164.425231934 -39.899440765 -14.900132179 -116.347816467 -64.488716125 -96.413879395 -64.776550293 -90.241249084 -74.372184753 52.435844421 153.697525024 -116.934837341 103.415489197 135.891601562 190.086380005 21.672872543 168.343170166 -32.903289795 -24.411872864 -123.837585449 -44.244838715 -118.694648743 -41.730716705 -116.583221436 -71.053230286 40.886604309 154.033721924 -109.126876831 108.637771606 130.422164917 -1662.010253906 -1008.488952637 -1720.915039062 698.381164551 1269.276367188 -1528.260864258 819.975646973 1807.579833984 1839.131347656 317.671539307 1893.378173828 -670.935302734 -1185.725341797 -1354.545898438 -1364.407836914 -1238.697265625
-73.108581543 -107.248069763 -65.069175720 54.318958282 149.059890747 -109.096122742 91.954528809 129.300720215 192.247970581 13.249245644 165.432037354 -39.851749420 -15.444346428 -117.348480225 -65.529533386 -97.167823792 -65.745025635 -91.129035950 -75.386169434 53.307960510 154.597930908 -117.796531677 103.598327637 137.354293823 191.307754517 22.147357941 169.332885742 -32.778472900 -25.028123856 -124.795257568 -45.183551788 -119.581962585 -42.538791656 -117.622871399 -72.108276367 41.664901733 154.928909302 -109.964370728 108.813476562 131.875350952 -1660.172851562 -1008.999877930 -1718.742187500 698.846618652 1268.320922852 -1527.089477539 818.061279297 1806.931762695 1836.849731445 317.907012939 1892.734619141 -668.826904297 -1183.996948242 -1353.393798828 -1362.864379883 -1237.370117188
-74.047836304 -108.209022522 -66.011840820 55.227626801 149.957061768 -109.935150146 92.050506592 130.766723633 193.464080811 13.730878830 166.438400269 -39.800319672 -15.987935066 -118.349212646 -66.569877625 -97.922088623 -66.710723877 -92.019485474 -76.398025513 54.182170868 155.497695923 -118.658554077 103.776725769 138.817291260 192.528350830 22.623155594 170.321914673 -32.650196075 -25.643507004 -125.753189087 -46.122299194 -120.468887329 -43.344425201 -118.664100647 -73.161125183 42.445743561 155.823562622 -110.802360535 108.984741211 133.328811646 -1658.332397461 -1009.500000000 -1716.566772461 699.299255371 1267.365234375 -1525.918090820 816.150817871 1806.272583008 1834.566894531 318.129028320 1892.078613281 -666.722351074 -1182.275268555 -1352.231445312 -1361.321044922 -1236.042724609
-74.984344482 -109.172302246 -66.952514648 56.138011932 150.853713989 -110.774658203 92.142456055 132.232727051 194.679412842 14.213815689 167.444335938 -39.745166779 -16.530933380 -119.349975586 -67.609764099 -98.676666260 -67.673660278 -92.912551880 -77.407768250 55.058441162 156.396804810 -119.520889282 103.950698853 140.280563354 193.748168945 23.100219727 171.310256958 -32.518486023 -26.258060455 -126.711364746 -47.061077118 -121.355407715 -44.147636414 -119.706893921 -74.211807251 43.229091644 156.717666626 -111.640846252 109.151588440 134.782546997 -1656.489013672 -1009.989318848 -1714.388671875 699.739013672 1266.409301758 -1524.746948242 814.244262695 1805.602050781 1832.282592773 318.337585449 1891.410278320 -664.621704102 -1180.560546875 -1351.059082031 -1359.777832031 -1234.715087891
-75.918128967 -110.137886047 -67.891212463 57.050071716 151.749832153 -111.614646912 92.230415344 133.698745728 195.893966675 14.698006630 168.449813843 -39.686317444 -17.073375702 -120.350761414 -68.649185181 -99.431564331 -68.633850098 -93.808219910 -78.415428162 55.936733246 157.295272827 -120.383544922 104.120292664 141.744110107 194.967254639 23.578498840 172.297866821 -32.383369446 -26.871814728 -127.669754028 -47.999885559 -122.241531372 -44.948444366 -120.751220703 -75.260330200 44.014911652 157.611236572 -112.479812622 109.314064026 136.236526489 -1654.642822266 -1010.467712402 -1712.208007812 700.166015625 1265.453369141 -1523.575927734 812.341674805 1804.920288086 1829.997314453 318.532684326 1890.729614258 -662.525024414 -1178.852783203 -1349.876586914 -1358.234741211 -1233.387451172
-76.849205017 -111.105735779 -68.827964783 57.963779449 152.645416260 -112.455116272 92.314422607 135.164733887 197.107772827 15.183404922 169.454818726 -39.623798370 -17.615295410 -121.351539612 -69.688133240 -100.186775208 -69.591308594 -94.706443787 -79.421028137 56.817012787 158.193084717 -121.246513367 104.285545349 143.207901001 196.185607910 24.057949066 173.284774780 -32.244865417 -27.484804153 -128.628341675 -48.938732147 -123.127258301 -45.746875763 -121.797058105 -76.306724548 44.803161621 158.504241943 -113.319274902 109.472206116 137.690734863 -1652.793823242 -1010.935180664 -1710.024902344 700.580078125 1264.497192383 -1522.405029297 810.443115234 1804.227294922 1827.710815430 318.714324951 1890.036499023 -660.432373047 -1177.151977539 -1348.683959961 -1356.691772461 -1232.059570312
-77.777587891 -112.075828552 -69.762794495 58.879096985 153.540466309 -113.296066284 92.394508362 136.630691528 198.320846558 15.669960022 170.459335327 -39.557628632 -18.156730652 -122.352310181 -70.726615906 -100.942298889 -70.546051025 -95.607200623 -80.424583435 57.699241638 159.090255737 -122.109794617 104.446487427 144.671920776 197.403259277 24.538516998 174.270965576 -32.102996826 -28.097064972 -129.587097168 -49.877609253 -124.012588501 -46.542942047 -122.844383240 -77.350997925 45.593807220 159.396728516 -114.159225464 109.626037598 139.145141602 -1650.942138672 -1011.391845703 -1707.839355469 700.981323242 1263.540893555 -1521.234130859 808.548706055 1803.523193359 1825.423217773 318.882476807 1889.331176758 -658.343872070 -1175.458251953 -1347.481445312 -1355.149047852 -1230.731567383
-78.703300476 -113.048133850 -70.695732117 59.795997620 154.434997559 -114.137489319 92.470710754 138.096618652 199.533203125 16.157625198 171.463378906 -39.487838745 -18.697717667 -123.353034973 -71.764640808 -101.698143005 -71.498077393 -96.510452271 -81.426124573 58.583385468 159.986770630 -122.973403931 104.603157043 146.136154175 198.620208740 25.020158768 175.256408691 -31.957798004 -28.708627701 -130.546005249 -50.816520691 -124.897514343 -47.336673737 -123.893173218 -78.393173218 46.386802673 160.288650513 -114.999664307 109.775604248 140.599761963 -1649.087768555 -1011.837524414 -1705.651489258 701.369689941 1262.584472656 -1520.063476562 806.658508301 1802.807983398 1823.134765625 319.037170410 1888.613525391 -656.259521484 -1173.771606445 -1346.268920898 -1353.606323242 -1229.403442383
-79.626358032 -114.022621155 -71.626792908 60.714443207 155.328979492 -114.979393005 92.543067932 139.562500000 200.744857788 16.646352768 172.466918945 -39.414451599 -19.238286972 -124.353706360 -72.802192688 -102.454292297 -72.447425842 -97.416183472 -82.425674438 59.469409943 160.882629395 -123.837318420 104.755592346 147.600601196 199.836486816 25.502822876 176.241119385 -31.809286118 -29.319528580 -131.505035400 -51.755462646 -125.782043457 -48.128089905 -124.943405151 -79.433273315 47.182117462 161.180038452 -115.840591431 109.920936584 142.054565430 -1647.230834961 -1012.272277832 -1703.461425781 701.745117188 1261.627807617 -1518.892944336 804.772521973 1802.081542969 1820.845458984 319.178344727 1887.883544922 -654.179504395 -1172.092163086 -1345.046508789 -1352.063842773 -1228.075195312
-80.546775818 -114.999259949 -72.556022644 61.634403229 156.222427368 -115.821769714 92.611618042 141.028305054 201.955841064 17.136093140 173.469940186 -39.337490082 -19.778480530 -125.354293823 -73.839279175 -103.210754395 -73.394088745 -98.324348450 -83.423255920 60.357269287 161.777847290 -124.701553345 104.903831482 149.065216064 201.052108765 25.986459732 177.225067139 -31.657489777 -29.929801941 -132.464172363 -52.694442749 -126.666168213 -48.917209625 -125.995048523 -80.471313477 47.979709625 162.070877075 -116.682014465 110.062072754 143.509536743 -1645.371337891 -1012.696105957 -1701.269165039 702.107666016 1260.671142578 -1517.722534180 802.890808105 1801.344116211 1818.555297852 319.306030273 1887.141357422 -652.103759766 -1170.419921875 -1343.814208984 -1350.521362305 -1226.746704102
-81.464576721 -115.978019714 -73.483428955 62.555843353 157.115341187 -116.664627075 92.676391602 142.494049072 203.166168213 17.626796722 174.472427368 -39.256984711 -20.318328857 -126.354789734 -74.875900269 -103.967521667 -74.338104248 -99.234924316 -84.418899536 61.246940613 162.672409058 -125.566108704 105.047904968 150.530014038 202.267105103 26.471023560 178.208267212 -31.502431870 -30.539480209 -133.423400879 -53.633457184 -127.549896240 -49.704059601 -127.048095703 -81.507324219 48.779541016 162.961151123 -117.523918152 110.199058533 144.964645386 -1643.509277344 -1013.108947754 -1699.074707031 702.457275391 1259.714233398 -1516.552124023 801.013549805 1800.595458984 1816.264404297 319.420257568 1886.386962891 -650.032470703 -1168.755004883 -1342.572143555 -1348.979125977 -1225.418090820
-82.379776001 -116.958877563 -74.409049988 63.478729248 158.007720947 -117.507965088 92.737442017 143.959701538 204.375839233 18.118415833 175.474395752 -39.172950745 -20.857870102 -127.355171204 -75.912055969 -104.724601746 -75.279472351 -100.147880554 -85.412628174 62.138374329 163.566314697 -126.430976868 105.187858582 151.994949341 203.481460571 26.956462860 179.190704346 -31.344137192 -31.148601532 -134.382690430 -54.572505951 -128.433212280 -50.488658905 -128.102508545 -82.541313171 49.581573486 163.850891113 -118.366310120 110.331916809 146.419891357 -1641.644897461 -1013.510803223 -1696.878295898 702.793945312 1258.757202148 -1515.381958008 799.140686035 1799.835937500 1813.972900391 319.520965576 1885.620483398 -647.965637207 -1167.097412109 -1341.320190430 -1347.437011719 -1224.089355469
-83.292396545 -117.941795349 -75.332908630 64.403030396 158.899566650 -118.351776123 92.794784546 145.425247192 205.584899902 18.610902786 176.475814819 -39.085422516 -21.397140503 -128.355407715 -76.947746277 -105.481987000 -76.218208313 -101.063179016 -86.404464722 63.031547546 164.459564209 -127.296157837 105.323722839 153.460021973 204.695236206 27.442729950 180.172378540 -31.182632446 -31.757196426 -135.342010498 -55.511592865 -129.316131592 -51.271030426 -129.158264160 -83.573310852 50.385765076 164.740081787 -119.209190369 110.460693359 147.875259399 -1639.778198242 -1013.901672363 -1694.679931641 703.117675781 1257.800048828 -1514.211914062 797.272338867 1799.065307617 1811.680908203 319.608154297 1884.841674805 -645.903320312 -1165.447143555 -1340.058593750 -1345.895019531 -1222.760498047
-84.202461243 -118.926750183 -76.255035400 65.328712463 159.790878296 -119.196060181 92.848472595 146.890686035 206.793350220 19.104206085 177.476669312 -38.994422913 -21.936174393 -129.355499268 -77.982971191 -106.239677429 -77.154342651 -101.980796814 -87.394439697 63.926414490 165.352172852 -128.161651611 105.455543518 154.925216675 205.908416748 27.929775238 181.153259277 -31.017944336 -32.365303040 -136.301345825 -56.450710297 -130.198654175 -52.051200867 -130.215347290 -84.603332520 51.192085266 165.628723145 -120.052558899 110.585418701 149.330734253 -1637.909301758 -1014.281555176 -1692.479736328 703.428466797 1256.842773438 -1513.041870117 795.408569336 1798.283691406 1809.388427734 319.681854248 1884.050781250 -643.845703125 -1163.804443359 -1338.787231445 -1344.353149414 -1221.431396484
-85.109977722 -119.913711548 -77.175453186 66.255744934 160.681640625 -120.040824890 92.898536682 148.356018066 208.001220703 19.598278046 178.476959229 -38.899974823 -22.475009918 -130.355422974 -79.017730713 -106.997680664 -78.087875366 -102.900703430 -88.382575989 64.822944641 166.244125366 -129.027465820 105.583351135 156.390533447 207.121032715 28.417549133 182.133361816 -30.850095749 -32.972953796 -137.260681152 -57.389865875 -131.080764771 -52.829189301 -131.273727417 -85.631408691 52.000492096 166.516815186 -120.896415710 110.706138611 150.786300659 -1636.038085938 -1014.650390625 -1690.277709961 703.726257324 1255.885375977 -1511.871948242 793.549438477 1797.491088867 1807.095458984 319.742034912 1883.247802734 -641.792724609 -1162.169189453 -1337.506225586 -1342.811401367 -1220.102172852
-86.014976501 -120.902656555 -78.094192505 67.184089661 161.571868896 -120.886062622 92.945022583 149.821212769 209.208526611 20.093069077 179.476684570 -38.802108765 -23.013683319 -131.355133057 -80.052024841 -107.755981445 -79.018836975 -103.822868347 -89.368896484 65.721092224 167.135421753 -129.893585205 105.707183838 157.855926514 208.333114624 28.906002045 183.112670898 -30.679111481 -33.580188751 -138.219985962 -58.329059601 -131.962478638 -53.605018616 -132.333389282 -86.657546997 52.810947418 167.404342651 -121.740753174 110.822883606 152.241943359 -1634.164794922 -1015.008239746 -1688.073974609 704.011108398 1254.927856445 -1510.702270508 791.695007324 1796.687500000 1804.802246094 319.788696289 1882.432739258 -639.744567871 -1160.541625977 -1336.215576172 -1341.269775391 -1218.772827148
-86.917480469 -121.893547058 -79.011283875 68.113723755 162.461547852 -121.731773376 92.987960815 151.286270142 210.415283203 20.588531494 180.475814819 -38.700847626 -23.552228928 -132.354644775 -81.085861206 -108.514587402 -79.947235107 -104.747261047 -90.353439331 66.620834351 168.026062012 -130.760025024 105.827087402 159.321411133 209.544662476 29.395084381 184.091186523 -30.505022049 -34.187034607 -139.179229736 -59.268287659 -132.843780518 -54.378715515 -133.394317627 -87.681785583 53.623416901 168.291320801 -122.585578918 110.935699463 153.697631836 -1632.289428711 -1015.354980469 -1685.868652344 704.282958984 1253.970092773 -1509.532592773 789.845336914 1795.873046875 1802.508789062 319.821868896 1881.605590820 -637.701171875 -1158.921630859 -1334.915405273 -1339.728271484 -1217.443237305
-87.817497253 -122.886352539 -79.926750183 69.044601440 163.350692749 -122.577957153 93.027389526 152.751174927 211.621520996 21.084613800 181.474365234 -38.596218109 -24.090684891 -133.353912354 -82.119224548 -109.273498535 -80.873100281 -105.673851013 -91.336219788 67.522132874 168.916061401 -131.626785278 105.943092346 160.786956787 210.755722046 29.884746552 185.068908691 -30.327848434 -34.793537140 -140.138412476 -60.207553864 -133.724685669 -55.150302887 -134.456451416 -88.704132080 54.437854767 169.177749634 -123.430892944 111.044616699 155.153396606 -1630.411987305 -1015.690734863 -1683.661743164 704.541748047 1253.012329102 -1508.363037109 788.000488281 1795.047729492 1800.215209961 319.841522217 1880.766479492 -635.662719727 -1157.309326172 -1333.605712891 -1338.186889648 -1216.113647461
-88.715057373 -123.881057739 -80.840629578 69.976699829 164.239288330 -123.424613953 93.063346863 154.215927124 212.827255249 21.581266403 182.472305298 -38.488243103 -24.629089355 -134.352935791 -83.152122498 -110.032707214 -81.796432495 -106.602607727 -92.317276001 68.424942017 169.805404663 -132.493850708 106.055236816 162.252548218 211.966278076 30.374940872 186.045806885 -30.147619247 -35.399719238 -141.097503662 -61.146858215 -134.605178833 -55.919803619 -135.519805908 -89.724624634 55.254230499 170.063629150 -124.276687622 111.149681091 156.609176636 -1628.532714844 -1016.015380859 -1681.453369141 704.787597656 1252.054321289 -1507.193603516 786.160522461 1794.211547852 1797.921508789 319.847656250 1879.915283203 -633.629272461 -1155.704711914 -1332.286499023 -1336.645629883 -1214.783813477
-89.610176086 -124.877616882 -81.752944946 70.909980774 165.127349854 -124.271743774 93.095878601 155.680511475 214.032485962 22.078441620 183.469635010 -38.376953125 -25.167474747 -135.351669312 -84.184562683 -110.792213440 -82.717262268 -107.533500671 -93.296630859 69.329238892 170.694076538 -133.361221313 106.163566589 163.718185425 213.176376343 30.865613937 187.021896362 -29.964359283 -36.005626678 -142.056472778 -62.086200714 -135.485275269 -56.687244415 -136.584350586 -90.743278503 56.072498322 170.948944092 -125.122962952 111.250923157 158.064987183 -1626.651489258 -1016.328979492 -1679.243530273 705.020385742 1251.096313477 -1506.024169922 784.325561523 1793.364501953 1795.627807617 319.840270996 1879.052124023 -631.600830078 -1154.108032227 -1330.957885742 -1335.104492188 -1213.453857422
-90.502883911 -125.876014709 -82.663726807 71.844413757 166.014862061 -125.119346619 93.125022888 157.144927979 215.237258911 22.576087952 184.466339111 -38.262374878 -25.705881119 -136.350128174 -85.216529846 -111.552024841 -83.635604858 -108.466499329 -94.274307251 70.234977722 171.582107544 -134.228912354 106.268119812 165.183853149 214.386032104 31.356718063 187.997177124 -29.778097153 -36.611293793 -143.015289307 -63.025581360 -136.364959717 -57.452644348 -137.650054932 -91.760116577 56.892627716 171.833694458 -125.969718933 111.348388672 159.520812988 -1624.768432617 -1016.631469727 -1677.032348633 705.240234375 1250.138061523 -1504.854980469 782.495605469 1792.506713867 1793.334228516 319.819366455 1878.177124023 -629.577575684 -1152.519042969 -1329.619873047 -1333.563598633 -1212.123779297
-91.393196106 -126.876220703 -83.572998047 72.779968262 166.901824951 -125.967414856 93.150817871 158.609146118 216.441589355 23.074155807 185.462417603 -38.144531250 -26.244344711 -137.348266602 -86.248039246 -112.312126160 -84.551483154 -109.401580811 -95.250343323 71.142120361 172.469482422 -135.096923828 106.368934631 166.649520874 215.595260620 31.848201752 188.971633911 -29.588855743 -37.216751099 -143.973953247 -63.965000153 -137.244232178 -58.216033936 -138.716903687 -92.775169373 57.714580536 172.717895508 -126.816963196 111.442115784 160.976623535 -1622.883544922 -1016.922851562 -1674.819946289 705.446960449 1249.179809570 -1503.685791016 780.670715332 1791.638183594 1791.040771484 319.784973145 1877.290161133 -627.559448242 -1150.938110352 -1328.272460938 -1332.022705078 -1210.793457031
-92.281135559 -127.878204346 -84.480804443 73.716606140 167.788238525 -126.815963745 93.173294067 160.073181152 217.645492554 23.572597504 186.457870483 -38.023452759 -26.782901764 -138.346069336 -87.279083252 -113.072532654 -85.464912415 -110.338706970 -96.224754333 72.050643921 173.356216431 -135.965240479 106.466049194 168.115203857 216.804077148 32.340015411 189.945251465 -29.396661758 -37.822036743 -144.932434082 -64.904457092 -138.123092651 -58.977436066 -139.784851074 -93.788452148 58.538314819 173.601547241 -127.664688110 111.532135010 162.432434082 -1620.997070312 -1017.203125000 -1672.606323242 705.640686035 1248.221313477 -1502.516723633 778.851013184 1790.758789062 1788.747558594 319.737060547 1876.391357422 -625.546630859 -1149.365112305 -1326.915893555 -1330.482055664 -1209.463012695
-93.166717529 -128.881927490 -85.387161255 74.654296875 168.674118042 -127.664978027 93.192504883 161.537017822 218.848999023 24.071357727 187.452667236 -37.899162292 -27.321588516 -139.343521118 -88.309661865 -113.833236694 -86.375907898 -111.277847290 -97.197586060 72.960502625 174.242279053 -136.833862305 106.559501648 169.580871582 218.012527466 32.832107544 190.918045044 -29.201543808 -38.427188873 -145.890701294 -65.843955994 -139.001556396 -59.736877441 -140.853912354 -94.799995422 59.363792419 174.484634399 -128.512893677 111.618492126 163.888214111 -1619.109008789 -1017.472290039 -1670.391601562 705.821350098 1247.262817383 -1501.347778320 777.036499023 1789.868774414 1786.454711914 319.675628662 1875.480590820 -623.539123535 -1147.800048828 -1325.550048828 -1328.941406250 -1208.132446289
-94.049980164 -129.887390137 -86.292114258 75.593002319 169.559448242 -128.514465332 93.208473206 163.000640869 220.052108765 24.570390701 188.446823120 -37.771686554 -27.860443115 -140.340606689 -89.339775085 -114.594230652 -87.284492493 -112.218986511 -98.168853760 73.871658325 175.127685547 -137.702804565 106.649337769 171.046524048 219.220596313 33.324428558 191.889999390 -29.003528595 -39.032238007 -146.848724365 -66.783485413 -139.879608154 -60.494380951 -141.924026489 -95.809822083 60.190979004 175.367156982 -129.361587524 111.701232910 165.343948364 -1617.219360352 -1017.730285645 -1668.175903320 705.988952637 1246.304199219 -1500.178955078 775.227294922 1788.968139648 1784.162231445 319.600677490 1874.558105469 -621.536987305 -1146.243164062 -1324.174926758 -1327.401000977 -1206.801757812
-94.930931091 -130.894531250 -87.195678711 76.532699585 170.444229126 -129.364425659 93.221260071 164.464050293 221.254867554 25.069644928 189.440322876 -37.641056061 -28.399503708 -141.337295532 -90.369430542 -115.355514526 -88.190689087 -113.162078857 -99.138595581 74.784088135 176.012435913 -138.572052002 106.735588074 172.512145996 220.428329468 33.816928864 192.861114502 -28.802640915 -39.637226105 -147.806503296 -67.723060608 -140.757247925 -61.249973297 -142.995208740 -96.817962646 61.019836426 176.249114990 -130.210754395 111.780387878 166.799652100 -1615.328247070 -1017.977172852 -1665.959228516 706.143554688 1245.345336914 -1499.010131836 773.423339844 1788.056762695 1781.870239258 319.512237549 1873.623901367 -619.540344238 -1144.694335938 -1322.790649414 -1325.860595703 -1205.470947266
-95.809608459 -131.903335571 -88.097892761 77.473358154 171.328445435 -130.214843750 93.230888367 165.927230835 222.457275391 25.569068909 190.433151245 -37.507297516 -28.938806534 -142.333572388 -91.398612976 -116.117103577 -89.094520569 -114.107101440 -100.106842041 75.697746277 176.896545410 -139.441604614 106.818305969 173.977706909 221.635742188 34.309558868 193.831390381 -28.598907471 -40.242187500 -148.764007568 -68.662681580 -141.634475708 -62.003677368 -144.067398071 -97.824432373 61.850322723 177.130508423 -131.060394287 111.855995178 168.255279541 -1613.435668945 -1018.212951660 -1663.741699219 706.285034180 1244.386474609 -1497.841430664 771.624877930 1787.134765625 1779.578735352 319.410278320 1872.677856445 -617.549255371 -1143.153686523 -1321.397338867 -1324.320434570 -1204.139892578
-96.686019897 -132.913787842 -88.998779297 78.414932251 172.212127686 -131.065734863 93.237403870 167.390197754 223.659362793 26.068613052 191.425323486 -37.370437622 -29.478387833 -143.329406738 -92.427337646 -116.878974915 -89.995994568 -115.054031372 -101.073608398 76.612594604 177.779983521 -140.311477661 106.897521973 175.443222046 222.842834473 34.802261353 194.800811768 -28.392356873 -40.847156525 -149.721221924 -69.602333069 -142.511291504 -62.755523682 -145.140609741 -98.829269409 62.682403564 178.011352539 -131.910522461 111.928100586 169.710845947 -1611.541748047 -1018.437500000 -1661.523315430 706.413452148 1243.427490234 -1496.672851562 769.831848145 1786.202270508 1777.287963867 319.294830322 1871.720092773 -615.563720703 -1141.621337891 -1319.994995117 -1322.780395508 -1202.808715820
-97.560195923 -133.925842285 -89.898384094 79.357398987 173.095260620 -131.917098999 93.240844727 168.852920532 224.861145020 26.568225861 192.416809082 -37.230503082 -30.018285751 -144.324783325 -93.455596924 -117.641136169 -90.895141602 -116.002830505 -102.038940430 77.528602600 178.662780762 -141.181655884 106.973281860 176.908676147 224.049667358 35.294990540 195.769393921 -28.183013916 -41.452171326 -150.678100586 -70.542030334 -143.387710571 -63.505538940 -146.214797974 -99.832489014 63.516040802 178.891632080 -132.761123657 111.996749878 171.166336060 -1609.646606445 -1018.650939941 -1659.304321289 706.528808594 1242.468383789 -1495.504394531 768.044311523 1785.259155273 1774.997924805 319.165893555 1870.750732422 -613.583923340 -1140.097290039 -1318.583618164 -1321.240356445 -1201.477416992
-98.432159424 -134.939468384 -90.796737671 80.300720215 173.977844238 -132.768920898 93.241256714 170.315383911 226.062652588 27.067857742 193.407608032 -37.087520599 -30.558538437 -145.319702148 -94.483398438 -118.403594971 -91.791984558 -116.953468323 -103.002868652 78.445732117 179.544906616 -142.052139282 107.045623779 178.374053955 225.256225586 35.787696838 196.737106323 -27.970909119 -42.057270050 -151.634628296 -71.481773376 -144.263702393 -64.253746033 -147.289932251 -100.834121704 64.351196289 179.771331787 -133.612213135 112.061973572 172.621719360 -1607.750122070 -1018.853210449 -1657.084594727 706.631103516 1241.509155273 -1494.335937500 766.262390137 1784.305541992 1772.708618164 319.023468018 1869.769653320 -611.609863281 -1138.581542969 -1317.163208008 -1319.700561523 -1200.145996094
-99.301933289 -135.954650879 -91.693855286 81.244857788 174.859863281 -133.621215820 93.238677979 171.777618408 227.263900757 27.567455292 194.397735596 -36.941516876 -31.099182129 -146.314102173 -95.510734558 -119.166336060 -92.686538696 -117.905921936 -103.965415955 79.363952637 180.426391602 -142.922943115 107.114593506 179.839355469 226.462554932 36.280323029 197.703979492 -27.756065369 -42.662483215 -152.590789795 -72.421554565 -145.139297485 -65.000167847 -148.366012573 -101.834197998 65.187835693 180.650482178 -134.463760376 112.123817444 174.077026367 -1605.852539062 -1019.044311523 -1654.864379883 706.720336914 1240.549804688 -1493.167602539 764.486145020 1783.341552734 1770.420288086 318.867553711 1868.776977539 -609.641601562 -1137.074096680 -1315.734008789 -1318.160888672 -1198.814453125
-100.169548035 -136.971374512 -92.589790344 82.189796448 175.741333008 -134.473983765 93.233154297 173.239593506 228.464920044 28.066967010 195.387145996 -36.792522430 -31.640254974 -147.307998657 -96.537605286 -119.929367065 -93.578826904 -118.860160828 -104.926612854 80.283218384 181.307205200 -143.794052124 107.180229187 181.304550171 227.668655396 36.772819519 198.669998169 -27.538513184 -43.267848969 -153.546569824 -73.361373901 -146.014465332 -65.744842529 -149.443008423 -102.832740784 66.025917053 181.529067993 -135.315795898 112.182319641 175.532211304 -1603.953857422 -1019.224182129 -1652.643554688 706.796447754 1239.590332031 -1491.999389648 762.715576172 1782.366943359 1768.132812500 318.698150635 1867.772705078 -607.679260254 -1135.575195312 -1314.295898438 -1316.621337891 -1197.482666016
-101.035018921 -137.989578247 -93.484558105 83.135490417 176.622253418 -135.327194214 93.224716187 174.701293945 229.665710449 28.566345215 196.375869751 -36.640563965 -32.181793213 -148.301361084 -97.564010620 -120.692687988 -94.468864441 -119.816154480 -105.886505127 81.203498840 182.187377930 -144.665466309 107.242568970 182.769638062 228.874557495 37.265136719 199.635147095 -27.318279266 -43.873409271 -154.501922607 -74.301239014 -146.889221191 -66.487792969 -150.520904541 -103.829780579 66.865402222 182.407073975 -136.168304443 112.237525940 176.987274170 -1602.054199219 -1019.392883301 -1650.422363281 706.859497070 1238.630859375 -1490.831298828 760.950805664 1781.382080078 1765.846435547 318.515258789 1866.756958008 -605.722839355 -1134.084838867 -1312.848999023 -1315.081909180 -1196.150756836
-101.898384094 -139.009262085 -94.378204346 84.081909180 177.502609253 -136.180892944 93.213409424 176.162734985 230.866317749 29.065534592 197.363891602 -36.485671997 -32.723838806 -149.294158936 -98.589958191 -121.456291199 -95.356689453 -120.773880005 -106.845100403 82.124763489 183.066879272 -145.537185669 107.301658630 184.234619141 230.080276489 37.757221222 200.599441528 -27.095390320 -44.479194641 -155.456832886 -75.241149902 -147.763565063 -67.229034424 -151.599655151 -104.825340271 67.706253052 183.284515381 -137.021301270 112.289466858 178.442214966 -1600.153442383 -1019.550415039 -1648.200927734 706.909423828 1237.671264648 -1489.663208008 759.191833496 1780.386718750 1763.561157227 318.318939209 1865.729614258 -603.772399902 -1132.602905273 -1311.393310547 -1313.542602539 -1194.818725586
-102.759651184 -140.030380249 -95.270751953 85.029014587 178.382415771 -137.035049438 93.199279785 177.623916626 232.066741943 29.564485550 198.351211548 -36.327869415 -33.266422272 -150.286376953 -99.615440369 -122.220176697 -96.242309570 -121.733299255 -107.802452087 83.046966553 183.945724487 -146.409210205 107.357543945 185.699478149 231.285858154 38.249019623 201.562866211 -26.869874954 -45.085247040 -156.411285400 -76.181098938 -148.637496948 -67.968612671 -152.679260254 -105.819450378 68.548439026 184.161392212 -137.874755859 112.338203430 179.897018433 -1598.251953125 -1019.696716309 -1645.979125977 706.946289062 1236.711425781 -1488.495239258 757.438781738 1779.380981445 1761.277099609 318.109130859 1864.690795898 -601.828063965 -1131.129760742 -1309.928955078 -1312.003417969 -1193.486572266
-103.618858337 -141.052917480 -96.162239075 85.976783752 179.261672974 -137.889663696 93.182373047 179.084808350 233.267013550 30.063144684 199.337814331 -36.167186737 -33.809589386 -151.277999878 -100.640464783 -122.984352112 -97.125762939 -122.694389343 -108.758583069 83.970077515 184.823928833 -147.281555176 107.410263062 187.164215088 232.491287231 38.740486145 202.525436401 -26.641759872 -45.691596985 -157.365264893 -77.121093750 -149.511016846 -68.706542969 -153.759689331 -106.812141418 69.391914368 185.037704468 -138.728683472 112.383758545 181.351669312 -1596.349487305 -1019.831787109 -1643.757202148 706.970031738 1235.751586914 -1487.327270508 755.691711426 1778.364990234 1758.994262695 317.885864258 1863.640625000 -599.889953613 -1129.665161133 -1308.455932617 -1310.464355469 -1192.154174805
-104.476028442 -142.076828003 -97.052696228 86.925178528 180.140365601 -138.744735718 93.162712097 180.545425415 234.467163086 30.561462402 200.323684692 -36.003650665 -34.353370667 -152.268997192 -101.665023804 -123.748802185 -98.007049561 -123.657119751 -109.713523865 84.894065857 185.701461792 -148.154190063 107.459854126 188.628799438 233.696609497 39.231559753 203.487136841 -26.411073685 -46.298286438 -158.318710327 -78.061126709 -150.384109497 -69.442863464 -154.840927124 -107.803436279 70.236640930 185.913436890 -139.583099365 112.426177979 182.806167603 -1594.446411133 -1019.955688477 -1641.535156250 706.980712891 1234.791748047 -1486.159545898 753.950622559 1777.338745117 1756.712768555 317.649169922 1862.578979492 -597.958007812 -1128.209228516 -1306.974243164 -1308.925415039 -1190.821777344
-105.331184387 -143.102111816 -97.942161560 87.874168396 181.018493652 -139.600280762 93.140357971 182.005737305 235.667205811 31.059383392 201.308853149 -35.837291718 -34.897808075 -153.259353638 -102.689117432 -124.513542175 -98.886215210 -124.621459961 -110.667312622 85.818885803 186.578338623 -149.027145386 107.506362915 190.093246460 234.901855469 39.722194672 204.447967529 -26.177843094 -46.905345917 -159.271636963 -79.001205444 -151.256805420 -70.177589417 -155.922927856 -108.793373108 71.082588196 186.788604736 -140.437973022 112.465515137 184.260513306 -1592.542480469 -1020.068359375 -1639.313110352 706.978271484 1233.831665039 -1484.991821289 752.215576172 1776.302246094 1754.432861328 317.399017334 1861.505981445 -596.032348633 -1126.762084961 -1305.484008789 -1307.386596680 -1189.489135742
-106.184349060 -144.128723145 -98.830665588 88.823715210 181.896072388 -140.456283569 93.115348816 183.465774536 236.867156982 31.556858063 202.293289185 -35.668140411 -35.442939758 -154.249038696 -103.712753296 -125.278556824 -99.763267517 -125.587387085 -111.619979858 86.744499207 187.454559326 -149.900390625 107.549835205 191.557525635 236.107009888 40.212337494 205.407943726 -25.942096710 -47.512821198 -160.223999023 -79.941337585 -152.129074097 -70.910758972 -157.005706787 -109.781967163 71.929710388 187.663208008 -141.293319702 112.501792908 185.714691162 -1590.638061523 -1020.169799805 -1637.091186523 706.962768555 1232.871582031 -1483.824096680 750.486694336 1775.255615234 1752.154296875 317.135467529 1860.421630859 -594.113037109 -1125.323730469 -1303.985351562 -1305.847900391 -1188.156372070
-107.035560608 -145.156646729 -99.718238831 89.773788452 182.773086548 -141.312744141 93.087722778 184.925521851 238.067031860 32.053833008 203.276992798 -35.496223450 -35.988800049 -155.238037109 -104.735931396 -126.043853760 -100.638237000 -126.554870605 -112.571556091 87.670883179 188.330123901 -150.773956299 107.590316772 193.021652222 237.312118530 40.701931000 206.367034912 -25.703863144 -48.120738983 -161.175796509 -80.881507874 -153.000915527 -71.642395020 -158.089218140 -110.769256592 72.777976990 188.537231445 -142.149139404 112.535072327 187.168685913 -1588.733032227 -1020.260070801 -1634.869262695 706.934204102 1231.911376953 -1482.656494141 748.764038086 1774.198730469 1749.877441406 316.858459473 1859.326049805 -592.200195312 -1123.894287109 -1302.478271484 -1304.309448242 -1186.823486328
-107.884834290 -146.185836792 -100.604927063 90.724357605 183.649551392 -142.169662476 93.057518005 186.384963989 239.266876221 32.550254822 204.259963989 -35.321567535 -36.535427094 -156.226333618 -105.758644104 -126.809425354 -101.511138916 -127.523872375 -113.522079468 88.597991943 189.205032349 -151.647811890 107.627838135 194.485610962 238.517196655 41.190925598 207.325271606 -25.463169098 -48.729145050 -162.126968384 -81.821716309 -153.872360229 -72.372535706 -159.173446655 -111.755271912 73.627342224 189.410675049 -143.005432129 112.565391541 188.622512817 -1586.827514648 -1020.339050293 -1632.647583008 706.892456055 1230.951049805 -1481.489013672 747.047607422 1773.131713867 1747.602172852 316.568054199 1858.219116211 -590.293762207 -1122.473632812 -1300.962768555 -1302.770996094 -1185.490356445
-108.732200623 -147.216293335 -101.490753174 91.675384521 184.525436401 -143.027038574 93.024787903 187.844100952 240.466690063 33.046070099 205.242218018 -35.144199371 -37.082862854 -157.213882446 -106.780891418 -127.575279236 -102.382011414 -128.494384766 -114.471580505 89.525787354 190.079284668 -152.521987915 107.662452698 195.949386597 239.722274780 41.679267883 208.282638550 -25.220043182 -49.338073730 -163.077514648 -82.761978149 -154.743362427 -73.101196289 -160.258361816 -112.740036011 74.477775574 190.283554077 -143.862197876 112.592781067 190.076126099 -1584.921508789 -1020.406799316 -1630.426269531 706.837707520 1229.990600586 -1480.321533203 745.337524414 1772.054565430 1745.328613281 316.264251709 1857.101074219 -588.393981934 -1121.062011719 -1299.438842773 -1301.232666016 -1184.157226562
-109.577690125 -148.247955322 -102.375755310 92.626846313 185.400772095 -143.884887695 92.989570618 189.302932739 241.666503906 33.541229248 206.223724365 -34.964157104 -37.631141663 -158.200698853 -107.802680969 -128.341415405 -103.250877380 -129.466354370 -115.420089722 90.454246521 190.952865601 -153.396453857 107.694198608 197.412994385 240.927368164 42.166904449 209.239135742 -24.974515915 -49.947559357 -164.027404785 -83.702285767 -155.613967896 -73.828414917 -161.343948364 -113.723587036 75.329238892 191.155853271 -144.719421387 112.617301941 191.529556274 -1583.015136719 -1020.463378906 -1628.205200195 706.769836426 1229.030151367 -1479.154174805 743.633789062 1770.967407227 1743.057006836 315.947052002 1855.971801758 -586.500732422 -1119.659423828 -1297.906616211 -1299.694458008 -1182.823852539
-110.421318054 -149.280822754 -103.259971619 93.578697205 186.275543213 -144.743179321 92.951904297 190.761459351 242.866348267 34.035678864 207.204483032 -34.781459808 -38.180301666 -159.186721802 -108.824012756 -129.107818604 -104.117744446 -130.439773560 -116.367652893 91.383316040 191.825805664 -154.271240234 107.723129272 198.876403809 242.132492065 42.653781891 210.194778442 -24.726612091 -50.557636261 -164.976623535 -84.642639160 -156.484146118 -74.554214478 -162.430191040 -114.705955505 76.181686401 192.027572632 -145.577117920 112.638984680 192.982788086 -1581.108520508 -1020.508666992 -1625.984619141 706.688842773 1228.069458008 -1477.986938477 741.936523438 1769.870239258 1740.787231445 315.616485596 1854.831420898 -584.614196777 -1118.256958008 -1296.374389648 -1298.156494141 -1181.490356445
-111.263130188 -150.314865112 -104.143432617 94.530906677 187.149749756 -145.601943970 92.911842346 192.219665527 244.066223145 34.529361725 208.184509277 -34.596141815 -38.730342865 -160.171981812 -109.844879150 -129.874496460 -104.982658386 -131.414611816 -117.314285278 92.312973022 192.698074341 -155.146316528 107.749275208 200.339614868 243.337661743 43.139846802 211.149551392 -24.476364136 -51.168312073 -165.925155640 -85.583038330 -157.353897095 -75.278633118 -163.517059326 -115.687164307 77.035087585 192.898727417 -146.435287476 112.657875061 194.435806274 -1579.201660156 -1020.542785645 -1623.764526367 706.594848633 1227.108886719 -1476.819702148 740.245727539 1768.763061523 1738.519531250 315.272552490 1853.680053711 -582.734436035 -1116.854492188 -1294.842041016 -1296.618530273 -1180.156738281
-112.103134155 -151.350036621 -105.026168823 95.483444214 188.023391724 -146.461151123 92.869422913 193.677566528 245.266174316 35.022224426 209.163787842 -34.408233643 -39.281269073 -161.156448364 -110.865287781 -130.641448975 -105.845626831 -132.390823364 -118.260040283 93.243179321 193.569702148 -156.021697998 107.772689819 201.802612305 244.542922974 43.625041962 212.103454590 -24.223796844 -51.779582977 -166.873016357 -86.523483276 -158.223236084 -76.001693726 -164.604537964 -116.667243958 77.889404297 193.769302368 -147.293914795 112.674026489 195.888610840 -1577.294555664 -1020.565612793 -1621.545043945 706.487731934 1226.148071289 -1475.652587891 738.561462402 1767.645996094 1736.253784180 314.915252686 1852.517456055 -580.861511230 -1115.452148438 -1293.309570312 -1295.080688477 -1178.822875977
-112.941375732 -152.386337280 -105.908233643 96.436279297 188.896469116 -147.320816040 92.824691772 195.135147095 246.466201782 35.514217377 210.142333984 -34.217758179 -39.833072662 -162.140136719 -111.885231018 -131.408660889 -106.706687927 -133.368408203 -119.204940796 94.173889160 194.440658569 -156.897369385 107.793411255 203.265411377 245.748275757 44.109321594 213.056488037 -23.968940735 -52.391448975 -167.820190430 -87.463973999 -159.092147827 -76.723434448 -165.692596436 -117.646232605 78.744598389 194.639297485 -148.152999878 112.687469482 197.341186523 -1575.387451172 -1020.577209473 -1619.326293945 706.367553711 1225.187255859 -1474.485473633 736.883850098 1766.519042969 1733.990234375 314.544616699 1851.343872070 -578.995422363 -1114.050048828 -1291.776977539 -1293.543090820 -1177.489013672
-113.777877808 -153.423721313 -106.789642334 97.389373779 189.768981934 -148.180938721 92.777687073 196.592407227 247.666336060 36.005283356 211.120117188 -34.024753571 -40.385757446 -163.123062134 -112.904716492 -132.176162720 -107.565864563 -134.347305298 -120.149024963 95.105079651 195.310943604 -157.773361206 107.811485291 204.728012085 246.953750610 44.592624664 214.008682251 -23.711826324 -53.003910065 -168.766677856 -88.404518127 -159.960647583 -77.443870544 -166.781204224 -118.624160767 79.600631714 195.508712769 -149.012573242 112.698249817 198.793548584 -1573.480224609 -1020.577575684 -1617.108276367 706.234252930 1224.226318359 -1473.318481445 735.212890625 1765.382080078 1731.728881836 314.160644531 1850.159423828 -577.136291504 -1112.647949219 -1290.244384766 -1292.005493164 -1176.154907227
-114.612655640 -154.462158203 -107.670448303 98.342697144 190.640930176 -149.041519165 92.728454590 198.049346924 248.866592407 36.495372772 212.097167969 -33.829242706 -40.939323425 -164.105194092 -113.923744202 -132.943923950 -108.423171997 -135.327514648 -121.092330933 96.036697388 196.180587769 -158.649642944 107.826965332 206.190368652 248.159362793 45.074897766 214.960006714 -23.452478409 -53.616966248 -169.712478638 -89.345100403 -160.828720093 -78.163047791 -167.870376587 -119.601051331 80.457458496 196.377548218 -149.872589111 112.706413269 200.245666504 -1571.573120117 -1020.566711426 -1614.890991211 706.087951660 1223.265258789 -1472.151611328 733.548645020 1764.235473633 1729.469848633 313.763366699 1848.963989258 -575.284179688 -1111.245971680 -1288.711669922 -1290.468017578 -1174.820678711
-115.445755005 -155.501632690 -108.550674438 99.296211243 191.512313843 -149.902542114 92.677047729 199.505966187 250.067001343 36.984424591 213.073455811 -33.631256104 -41.493770599 -165.086532593 -114.942314148 -133.711959839 -109.278648376 -136.308990479 -122.034889221 96.968727112 197.049575806 -159.526229858 107.839881897 207.652526855 249.365127563 45.556087494 215.910461426 -23.190929413 -54.230617523 -170.657608032 -90.285736084 -161.696365356 -78.880981445 -168.960052490 -120.576942444 81.315048218 197.245803833 -150.733078003 112.712013245 201.697555542 -1569.666015625 -1020.544616699 -1612.674682617 705.928527832 1222.304199219 -1470.984741211 731.891174316 1763.078979492 1727.213256836 313.352783203 1847.757568359 -573.439147949 -1109.843994141 -1287.178833008 -1288.930786133 -1173.486328125
-116.277198792 -156.542129517 -109.430358887 100.249885559 192.383132935 -150.764022827 92.623497009 200.962249756 251.267578125 37.472389221 214.048995972 -33.430824280 -42.049098969 -166.067108154 -115.960418701 -134.480270386 -110.132316589 -137.291717529 -122.976730347 97.901115417 197.917892456 -160.403121948 107.850296021 209.114440918 250.571090698 46.036140442 216.860076904 -22.927207947 -54.844863892 -171.602050781 -91.226425171 -162.563598633 -79.597717285 -170.050216675 -121.551872253 82.173370361 198.113479614 -151.594039917 112.715080261 203.149200439 -1567.759155273 -1020.511230469 -1610.459350586 705.756103516 1221.343017578 -1469.817871094 730.240600586 1761.912719727 1724.958984375 312.928894043 1846.540405273 -571.601257324 -1108.442260742 -1285.645874023 -1287.393554688 -1172.151855469
-117.107009888 -157.583587646 -110.309539795 101.203681946 193.253372192 -151.625961304 92.567855835 202.418212891 252.468353271 37.959213257 215.023788452 -33.227981567 -42.605308533 -167.046875000 -116.978065491 -135.248840332 -110.984199524 -138.275665283 -123.917907715 98.833831787 198.785552979 -161.280303955 107.858238220 210.576126099 251.777236938 46.514999390 217.808837891 -22.661340714 -55.459705353 -172.545806885 -92.167160034 -163.430389404 -80.313278198 -171.140869141 -122.525856018 83.032371521 198.980575562 -152.455444336 112.715667725 204.600601196 -1565.852416992 -1020.466674805 -1608.244995117 705.570617676 1220.381835938 -1468.651123047 728.596862793 1760.736816406 1722.707397461 312.491729736 1845.312377930 -569.770568848 -1107.040649414 -1284.112792969 -1285.856567383 -1170.817260742
-117.935226440 -158.626022339 -111.188255310 102.157577515 194.123046875 -152.488342285 92.510169983 203.873855591 253.669342041 38.444839478 215.997833252 -33.022750854 -43.162395477 -168.025863647 -117.995254517 -136.017669678 -111.834327698 -139.260803223 -124.858436584 99.766838074 199.652557373 -162.157791138 107.863761902 212.037567139 252.983627319 46.992610931 218.756744385 -22.393360138 -56.075141907 -173.488876343 -93.107940674 -164.296768188 -81.027694702 -172.231979370 -123.498947144 83.892021179 199.847091675 -153.317321777 112.713813782 206.051757812 -1563.946044922 -1020.410888672 -1606.031860352 705.372070312 1219.420532227 -1467.484497070 726.960144043 1759.551147461 1720.458374023 312.041320801 1844.073608398 -567.947143555 -1105.639038086 -1282.579589844 -1284.319580078 -1169.482421875
-118.761878967 -159.669372559 -112.066543579 103.111526489 194.992156982 -153.351181030 92.450477600 205.329147339 254.870559692 38.929214478 216.971130371 -32.815166473 -43.720363617 -169.004074097 -119.011978149 -136.786773682 -112.682731628 -140.247100830 -125.798370361 100.700096130 200.518905640 -163.035583496 107.866905212 213.498779297 254.190246582 47.468921661 219.703796387 -22.123292923 -56.691173553 -174.431243896 -94.048774719 -165.162734985 -81.740997314 -173.323516846 -124.471160889 84.752281189 200.713012695 -154.179656982 112.709571838 207.502655029 -1562.040039062 -1020.343811035 -1603.819946289 705.160461426 1218.459106445 -1466.317871094 725.330383301 1758.355957031 1718.209228516 311.591247559 1842.824096680 -566.131042480 -1104.237670898 -1281.046386719 -1282.782714844 -1168.147583008
-119.586990356 -160.713623047 -112.944435120 104.065498352 195.860687256 -154.214462280 92.388824463 206.784133911 256.071990967 39.412334442 217.943679810 -32.605255127 -44.279209137 -169.981491089 -120.028244019 -137.556137085 -113.529426575 -141.234527588 -126.737731934 101.633575439 201.384597778 -163.913665771 107.867721558 214.959732056 255.397109985 47.943927765 220.650024414 -21.851171494 -57.307800293 -175.372940063 -94.989654541 -166.028259277 -82.453224182 -174.415451050 -125.442535400 85.613113403 201.578369141 -155.042449951 112.702987671 208.953292847 -1560.134521484 -1020.265563965 -1601.609252930 704.935852051 1217.497558594 -1465.151367188 723.707702637 1757.151123047 1715.960083008 311.141510010 1841.563964844 -564.322326660 -1102.836303711 -1279.513061523 -1281.246093750 -1166.812500000
-120.410583496 -161.758743286 -113.821975708 105.019462585 196.728652954 -155.078201294 92.325256348 208.238769531 257.273681641 39.894207001 218.915481567 -32.393051147 -44.838935852 -170.958099365 -121.044059753 -138.325775146 -114.374450684 -142.223068237 -127.676567078 102.567230225 202.249618530 -164.792037964 107.866256714 216.420440674 256.604217529 48.417633057 221.595397949 -21.577020645 -57.925022125 -176.313949585 -95.930587769 -166.893356323 -83.164398193 -175.507797241 -126.413101196 86.474472046 202.443130493 -155.905700684 112.694091797 210.403671265 -1558.229492188 -1020.176086426 -1599.399902344 704.698242188 1216.536010742 -1463.984863281 722.092163086 1755.936889648 1713.710815430 310.692108154 1840.293090820 -562.521057129 -1101.435058594 -1277.979614258 -1279.709472656 -1165.477294922
-121.232704163 -162.804718018 -114.699195862 105.973381042 197.596038818 -155.942382812 92.259826660 209.693084717 258.475585938 40.374828339 219.886520386 -32.178581238 -45.399539948 -171.933929443 -122.059410095 -139.095657349 -115.217826843 -143.212692261 -128.614898682 103.501029968 203.113983154 -165.670715332 107.862556458 217.880905151 257.811553955 48.890037537 222.539932251 -21.300874710 -58.542839050 -177.254257202 -96.871566772 -167.758026123 -83.874557495 -176.600494385 -127.382904053 87.336334229 203.307312012 -156.769409180 112.682945251 211.853790283 -1556.324951172 -1020.075317383 -1597.192016602 704.447631836 1215.574462891 -1462.818359375 720.483825684 1754.713012695 1711.461547852 310.243041992 1839.011718750 -560.727355957 -1100.033935547 -1276.446166992 -1278.173095703 -1164.141967773
-122.053375244 -163.851516724 -115.576133728 106.927215576 198.462860107 -156.807006836 92.192573547 211.147064209 259.677703857 40.854202271 220.856826782 -31.961881638 -45.961025238 -172.908966064 -123.074302673 -139.865814209 -116.059585571 -144.203369141 -129.552780151 104.434936523 203.977691650 -166.549697876 107.856658936 219.341094971 259.019134521 49.361141205 223.483642578 -21.022760391 -59.161251068 -178.193878174 -97.812599182 -168.622283936 -84.583732605 -177.693542480 -128.351959229 88.198646545 204.170898438 -157.633575439 112.669586182 213.303634644 -1554.421020508 -1019.963378906 -1594.985717773 704.183959961 1214.612670898 -1461.651977539 718.882690430 1753.479736328 1709.212158203 309.794281006 1837.719848633 -558.941162109 -1098.632934570 -1274.912475586 -1276.636718750 -1162.806396484
-122.872634888 -164.899108887 -116.452827454 107.880943298 199.329116821 -157.672088623 92.123542786 212.600708008 260.880065918 41.332328796 221.826385498 -31.742977142 -46.523387909 -173.883209229 -124.088729858 -140.636230469 -116.899749756 -145.195068359 -130.490249634 105.368911743 204.840744019 -167.428970337 107.848617554 220.801040649 260.226928711 49.830951691 224.426513672 -20.742710114 -59.780258179 -179.132812500 -98.753684998 -169.486099243 -85.291946411 -178.786895752 -129.320312500 89.061378479 205.033905029 -158.498199463 112.654067993 214.753219604 -1552.517822266 -1019.840270996 -1592.780883789 703.907348633 1213.650878906 -1460.485717773 717.288879395 1752.237060547 1706.962646484 309.345855713 1836.417358398 -557.162658691 -1097.231933594 -1273.378784180 -1275.100585938 -1161.470825195
-123.690498352 -165.947479248 -117.329315186 108.834518433 200.194778442 -158.537597656 92.052780151 214.054031372 262.082641602 41.809207916 222.795196533 -31.521900177 -47.086627960 -174.856658936 -125.102706909 -141.406906128 -117.738349915 -146.187759399 -131.427322388 106.302917480 205.703125000 -168.308532715 107.838485718 222.260726929 261.434967041 50.299461365 225.368576050 -20.460750580 -60.399860382 -180.071044922 -99.694824219 -170.349487305 -85.999244690 -179.880569458 -130.287994385 89.924491882 205.896316528 -159.363281250 112.636428833 216.202514648 -1550.615356445 -1019.705871582 -1590.577758789 703.617675781 1212.689086914 -1459.319458008 715.702453613 1750.984985352 1704.713256836 308.897766113 1835.104492188 -555.391906738 -1095.831176758 -1271.844970703 -1273.564453125 -1160.135009766
-124.507003784 -166.996582031 -118.205635071 109.787910461 201.059875488 -159.403564453 91.980331421 215.507019043 263.285430908 42.284843445 223.763259888 -31.298681259 -47.650745392 -175.829299927 -126.116226196 -142.177841187 -118.575424194 -147.181427002 -132.364059448 107.236923218 206.564865112 -169.188400269 107.826293945 223.720138550 262.643249512 50.766674042 226.309814453 -20.176914215 -61.020057678 -181.008590698 -100.636009216 -171.212448120 -86.705657959 -180.974517822 -131.255035400 90.787940979 206.758148193 -160.228820801 112.616714478 217.651550293 -1548.713745117 -1019.560302734 -1588.376464844 703.315124512 1211.727172852 -1458.153320312 714.123352051 1749.723510742 1702.463623047 308.449981689 1833.781127930 -553.628845215 -1094.430419922 -1270.311035156 -1272.028564453 -1158.799194336
-125.322189331 -168.046401978 -119.081817627 110.741088867 201.924407959 -160.269973755 91.906250000 216.959671021 264.488464355 42.759231567 224.730575562 -31.073350906 -48.215744019 -176.801147461 -127.129287720 -142.949020386 -119.410980225 -148.176040649 -133.300476074 108.170875549 207.425933838 -170.068557739 107.812095642 225.179290771 263.851745605 51.232589722 227.250228882 -19.891229630 -61.640850067 -181.945449829 -101.577247620 -172.074981689 -87.411209106 -182.068725586 -132.221481323 91.651687622 207.619384766 -161.094802856 112.594978333 219.100296021 -1546.812988281 -1019.403503418 -1586.176879883 702.999511719 1210.765258789 -1456.987182617 712.551757812 1748.452880859 1700.213989258 308.002532959 1832.447509766 -551.873657227 -1093.029907227 -1268.776977539 -1270.492675781 -1157.463134766
-126.136077881 -169.096908569 -119.957916260 111.694015503 202.788345337 -161.136840820 91.830574036 218.411987305 265.691711426 43.232376099 225.697174072 -30.845941544 -48.781616211 -177.772201538 -128.141891479 -143.720458984 -120.245071411 -149.171554565 -134.236633301 109.104751587 208.286346436 -170.949005127 107.795944214 226.638168335 265.060485840 51.697212219 228.189834595 -19.603727341 -62.262237549 -182.881607056 -102.518539429 -172.937088013 -88.115936279 -183.163162231 -133.187347412 92.515708923 208.480041504 -161.961242676 112.571258545 220.548767090 -1544.913208008 -1019.235534668 -1583.979248047 702.671020508 1209.803222656 -1455.821044922 710.987670898 1747.172973633 1697.964355469 307.555389404 1831.103515625 -550.126342773 -1091.629394531 -1267.242919922 -1268.957031250 -1156.126953125
-126.948707581 -170.148071289 -120.833953857 112.646644592 203.651718140 -162.004135132 91.753356934 219.863983154 266.895141602 43.704280853 226.663024902 -30.616483688 -49.348369598 -178.742446899 -129.154037476 -144.492172241 -121.077705383 -150.167968750 -135.172546387 110.038513184 209.146087646 -171.829742432 107.777885437 228.096771240 266.269439697 52.160541534 229.128631592 -19.314437866 -62.884220123 -183.817062378 -103.459884644 -173.798767090 -88.819877625 -184.257827759 -134.152694702 93.379943848 209.340103149 -162.828140259 112.545608521 221.996963501 -1543.014526367 -1019.056396484 -1581.783569336 702.329528809 1208.841064453 -1454.655029297 709.431152344 1745.883789062 1695.714599609 307.108581543 1829.749267578 -548.386962891 -1090.229003906 -1265.708618164 -1267.421386719 -1154.790527344
-127.760101318 -171.199890137 -121.709976196 113.598960876 204.514511108 -162.871871948 91.674636841 221.315643311 268.098815918 44.174942017 227.628143311 -30.385009766 -49.916000366 -179.711883545 -130.165725708 -145.264114380 -121.908920288 -151.165237427 -136.108261108 110.972106934 210.005187988 -172.710784912 107.757965088 229.555099487 267.478607178 52.622577667 230.066635132 -19.023391724 -63.506793976 -184.751831055 -104.401283264 -174.660003662 -89.523056030 -185.352676392 -135.117523193 94.244369507 210.199584961 -163.695480347 112.518074036 223.444869995 -1541.116821289 -1018.866027832 -1579.589965820 701.975158691 1207.878906250 -1453.489013672 707.882202148 1744.585571289 1693.464721680 306.662048340 1828.384765625 -546.655578613 -1088.828735352 -1264.174316406 -1265.885986328 -1153.454101562
-128.570297241 -172.252304077 -122.586021423 114.550910950 205.376724243 -163.740051270 91.594467163 222.766967773 269.302673340 44.644363403 228.592529297 -30.151548386 -50.484508514 -180.680526733 -131.176956177 -146.036331177 -122.738754272 -152.163345337 -137.043823242 111.905509949 210.863616943 -173.592117310 107.736221313 231.013153076 268.688018799 53.083320618 231.003845215 -18.730619431 -64.129966736 -185.685897827 -105.342735291 -175.520812988 -90.225517273 -186.447692871 -136.081893921 95.108932495 211.058456421 -164.563278198 112.488700867 224.892486572 -1539.220336914 -1018.664550781 -1577.398559570 701.607849121 1206.916625977 -1452.323120117 706.341003418 1743.278198242 1691.214843750 306.215881348 1827.010009766 -544.932312012 -1087.428588867 -1262.639892578 -1264.350585938 -1152.117553711
-129.379318237 -173.305313110 -123.462127686 115.502471924 206.238357544 -164.608657837 91.512886047 224.217971802 270.506774902 45.112541199 229.556182861 -29.916131973 -51.053890228 -181.648361206 -132.187728882 -146.808776855 -123.567222595 -153.162261963 -137.979263306 112.838684082 211.721389771 -174.473739624 107.712715149 232.470932007 269.897644043 53.542774200 231.940261841 -18.436149597 -64.753730774 -186.619262695 -106.284240723 -176.381195068 -90.927276611 -187.542861938 -137.045837402 95.973609924 211.916748047 -165.431518555 112.457534790 226.339813232 -1537.325073242 -1018.451843262 -1575.209228516 701.227600098 1205.954345703 -1451.157226562 704.807495117 1741.961791992 1688.964965820 305.769989014 1825.625244141 -543.217163086 -1086.028564453 -1261.105468750 -1262.815307617 -1150.780761719
-130.187210083 -174.358871460 -124.338333130 116.453598022 207.099411011 -165.477722168 91.429954529 225.668655396 271.711059570 45.579483032 230.519119263 -29.678792953 -51.624153137 -182.615386963 -133.198043823 -147.581497192 -124.394363403 -154.161956787 -138.914627075 113.771583557 212.578491211 -175.355651855 107.687492371 233.928436279 271.107482910 54.000934601 232.875900269 -18.140014648 -65.378097534 -187.551925659 -107.225807190 -177.241134644 -91.628387451 -188.638153076 -138.009368896 96.838356018 212.774444580 -166.300201416 112.424629211 227.786865234 -1535.431030273 -1018.227966309 -1573.022216797 700.834533691 1204.991943359 -1449.991455078 703.281799316 1740.636352539 1686.714965820 305.324401855 1824.230346680 -541.510192871 -1084.628540039 -1259.570800781 -1261.280273438 -1149.443847656
-130.994003296 -175.412963867 -125.214675903 117.404258728 207.959884644 -166.347213745 91.345718384 227.119003296 272.915557861 46.045185089 231.481323242 -29.439559937 -52.195289612 -183.581604004 -134.207901001 -148.354446411 -125.220207214 -155.162399292 -139.849945068 114.704170227 213.434936523 -176.237869263 107.660598755 235.385665894 272.317535400 54.457809448 233.810760498 -17.842245102 -66.003051758 -188.483901978 -108.167419434 -178.100646973 -92.328872681 -189.733551025 -138.972564697 97.703125000 213.631546021 -167.169342041 112.390029907 229.233612061 -1533.538452148 -1017.992980957 -1570.837524414 700.428527832 1204.029541016 -1448.825683594 701.763916016 1739.301879883 1684.464843750 304.879150391 1822.825439453 -539.811462402 -1083.228759766 -1258.036132812 -1259.745239258 -1148.106811523
-131.799728394 -176.467559814 -126.091194153 118.354423523 208.819793701 -167.217147827 91.260215759 228.569030762 274.120269775 46.509651184 232.442825317 -29.198469162 -52.767303467 -184.547012329 -135.217300415 -149.127655029 -126.044776917 -156.163558960 -140.785263062 115.636413574 214.290740967 -177.120361328 107.632080078 236.842605591 273.527801514 54.913394928 234.744842529 -17.542871475 -66.628608704 -189.415161133 -109.109085083 -178.959732056 -93.028762817 -190.829040527 -139.935409546 98.567878723 214.488052368 -168.038940430 112.353775024 230.680084229 -1531.647216797 -1017.746826172 -1568.655395508 700.009643555 1203.067016602 -1447.659912109 700.253906250 1737.958618164 1682.214721680 304.434204102 1821.410522461 -538.121032715 -1081.828979492 -1256.501342773 -1258.210449219 -1146.769653320
-132.604415894 -177.522644043 -126.967926025 119.304046631 209.679107666 -168.087524414 91.173492432 230.018737793 275.325195312 46.972881317 233.403610229 -28.955549240 -53.340190887 -185.511611938 -136.226257324 -149.901123047 -126.868110657 -157.165420532 -141.720596313 116.568260193 215.145858765 -178.003143311 107.601989746 238.299255371 274.738281250 55.367691040 235.678176880 -17.241924286 -67.254753113 -190.345718384 -110.050811768 -179.818374634 -93.728096008 -191.924575806 -140.897979736 99.432586670 215.343963623 -168.908966064 112.315925598 232.126251221 -1529.757446289 -1017.489501953 -1566.475585938 699.577941895 1202.104492188 -1446.494262695 698.751892090 1736.606445312 1679.964599609 303.989532471 1819.985717773 -536.438964844 -1080.429321289 -1254.966430664 -1256.675659180 -1145.432373047
-133.408096313 -178.578170776 -127.844917297 120.253089905 210.537826538 -168.958328247 91.085609436 231.468124390 276.530303955 47.434875488 234.363677979 -28.710834503 -53.913955688 -186.475402832 -137.234741211 -150.674819946 -127.690231323 -158.167968750 -142.656021118 117.499687195 216.000335693 -178.886230469 107.570373535 239.755630493 275.948944092 55.820701599 236.610748291 -16.939435959 -67.881492615 -191.275588989 -110.992591858 -180.676574707 -94.426910400 -193.020172119 -141.860290527 100.297203064 216.199295044 -169.779449463 112.276527405 233.572143555 -1527.869262695 -1017.221069336 -1564.298461914 699.133422852 1201.141845703 -1445.328735352 697.257812500 1735.245361328 1677.714355469 303.545196533 1818.551025391 -534.765380859 -1079.029785156 -1253.431396484 -1255.140991211 -1144.094970703
-134.210800171 -179.634124756 -128.722198486 121.201530457 211.395980835 -169.829574585 90.996612549 232.917190552 277.735626221 47.895633698 235.323043823 -28.464353561 -54.488597870 -187.438369751 -138.242782593 -151.448776245 -128.511184692 -159.171142578 -143.591552734 118.430648804 216.854141235 -179.769592285 107.537284851 241.211730957 277.159851074 56.272426605 237.542556763 -16.635435104 -68.508827209 -192.204742432 -111.934432983 -181.534347534 -95.125236511 -194.115768433 -142.822387695 101.161689758 217.054016113 -170.650360107 112.235618591 235.017730713 -1525.982666016 -1016.941528320 -1562.124023438 698.676086426 1200.179199219 -1444.163085938 695.771789551 1733.875610352 1675.463989258 303.101135254 1817.106445312 -533.100219727 -1077.630371094 -1251.896362305 -1253.606567383 -1142.757446289
-135.012573242 -180.690475464 -129.599807739 122.149314880 212.253555298 -170.701248169 90.906539917 234.365936279 278.941131592 48.355159760 236.281707764 -28.216140747 -55.064113617 -188.400527954 -139.250366211 -152.222961426 -129.330978394 -160.174942017 -144.527221680 119.361106873 217.707290649 -180.653244019 107.502769470 242.667541504 278.370971680 56.722866058 238.473632812 -16.329954147 -69.136764526 -193.133193970 -112.876319885 -182.391693115 -95.823112488 -195.211364746 -143.784301758 102.026000977 217.908142090 -171.521728516 112.193260193 236.463027954 -1524.097778320 -1016.650878906 -1559.952270508 698.205871582 1199.216430664 -1442.997558594 694.293884277 1732.497070312 1673.213623047 302.657379150 1815.652099609 -531.443603516 -1076.231079102 -1250.361206055 -1252.072143555 -1141.419677734
-135.813446045 -181.747207642 -130.477798462 123.096420288 213.110534668 -171.573348999 90.815444946 235.814376831 280.146850586 48.813453674 237.239685059 -27.966228485 -55.640506744 -189.361877441 -140.257492065 -152.997406006 -130.149658203 -161.179321289 -145.463088989 120.291015625 218.559783936 -181.537185669 107.466873169 244.123077393 279.582275391 57.172019958 239.403976440 -16.023025513 -69.765289307 -194.060943604 -113.818275452 -183.248580933 -96.520561218 -196.306930542 -144.746078491 102.890098572 218.761672974 -172.393539429 112.149497986 237.908035278 -1522.214599609 -1016.349121094 -1557.783325195 697.722961426 1198.253662109 -1441.832153320 692.824096680 1731.109863281 1670.963256836 302.213928223 1814.187988281 -529.795593262 -1074.831909180 -1248.825805664 -1250.537841797 -1140.081787109
-136.613433838 -182.804275513 -131.356185913 124.042808533 213.966934204 -172.445892334 90.723381042 237.262512207 281.352752686 49.270515442 238.196960449 -27.714647293 -56.217773438 -190.322402954 -141.264160156 -153.772094727 -130.967269897 -162.184265137 -146.399169922 121.220344543 219.411621094 -182.421417236 107.429649353 245.578323364 280.793792725 57.619892120 240.333602905 -15.714678764 -70.394409180 -194.987991333 -114.760276794 -184.105041504 -97.217628479 -197.402450562 -145.707733154 103.753952026 219.614608765 -173.265792847 112.104377747 239.352752686 -1520.333251953 -1016.036254883 -1555.617309570 697.227233887 1197.290893555 -1440.666748047 691.362548828 1729.713989258 1668.712768555 301.770782471 1812.714233398 -528.156250000 -1073.432739258 -1247.290527344 -1249.003784180 -1138.743896484
-137.412597656 -183.861663818 -132.235031128 124.988433838 214.822753906 -173.318862915 90.630393982 238.710327148 282.558868408 49.726345062 239.153564453 -27.461431503 -56.795913696 -191.282104492 -142.270370483 -154.547012329 -131.783813477 -163.189743042 -147.335540771 122.149047852 220.262786865 -183.305938721 107.391143799 247.033279419 282.005493164 58.066482544 241.262496948 -15.404946327 -71.024124146 -195.914321899 -115.702346802 -184.961074829 -97.914352417 -198.497894287 -146.669311523 104.617507935 220.466934204 -174.138473511 112.057945251 240.797180176 -1518.453735352 -1015.712341309 -1553.454223633 696.718750000 1196.328002930 -1439.501342773 689.909240723 1728.309570312 1666.462158203 301.327911377 1811.230834961 -526.525634766 -1072.033813477 -1245.755004883 -1247.469726562 -1137.405761719
-138.210952759 -184.919357300 -133.114364624 125.933258057 215.677978516 -174.192260742 90.536537170 240.157836914 283.765136719 50.180942535 240.109466553 -27.206611633 -57.374927521 -192.240997314 -143.276138306 -155.322174072 -132.599349976 -164.195724487 -148.272201538 123.077087402 221.113296509 -184.190734863 107.351417542 248.487960815 283.217437744 58.511791229 242.190673828 -15.093858719 -71.654441833 -196.839950562 -116.644462585 -185.816650391 -98.610755920 -199.593246460 -147.630859375 105.480735779 221.318664551 -175.011611938 112.010261536 242.241317749 -1516.576171875 -1015.377319336 -1551.294189453 696.197509766 1195.364990234 -1438.335937500 688.464233398 1726.896484375 1664.211547852 300.885345459 1809.737915039 -524.903747559 -1070.634887695 -1244.219360352 -1245.935791016 -1136.067504883
-139.008544922 -185.977310181 -133.994232178 126.877250671 216.532623291 -175.066101074 90.441848755 241.605041504 284.971618652 50.634315491 241.064712524 -26.950222015 -57.954818726 -193.199066162 -144.281433105 -156.097579956 -133.413879395 -165.202194214 -149.209197998 124.004425049 221.963150024 -185.075820923 107.310508728 249.942352295 284.429534912 58.955818176 243.118148804 -14.781449318 -72.285346985 -197.764862061 -117.586647034 -186.671798706 -99.306877136 -200.688476562 -148.592391968 106.343589783 222.169799805 -175.885177612 111.961364746 243.685165405 -1514.700683594 -1015.031250000 -1549.137207031 695.663635254 1194.401977539 -1437.170654297 687.027526855 1725.475097656 1661.960937500 300.443084717 1808.235351562 -523.290710449 -1069.236083984 -1242.683715820 -1244.401977539 -1134.729125977
-139.805404663 -187.035507202 -134.874664307 127.820373535 217.386672974 -175.940353394 90.346389771 243.051940918 286.178314209 51.086456299 242.019287109 -26.692295074 -58.535583496 -194.156295776 -145.286285400 -156.873229980 -134.227462769 -166.209121704 -150.146591187 124.931015015 222.812332153 -185.961196899 107.268470764 251.396453857 285.641845703 59.398563385 244.044937134 -14.467747688 -72.916847229 -198.689071655 -118.528884888 -187.526504517 -100.002754211 -201.783569336 -149.553970337 107.206024170 223.020339966 -176.759185791 111.911308289 245.128707886 -1512.827270508 -1014.674133301 -1546.983398438 695.117004395 1193.438964844 -1436.005371094 685.599304199 1724.045166016 1659.710205078 300.001098633 1806.723388672 -521.686523438 -1067.837524414 -1241.147949219 -1242.868408203 -1133.390625000
-140.601562500 -188.093917847 -135.755691528 128.762588501 218.240142822 -176.815048218 90.250198364 244.498550415 287.385162354 51.537372589 242.973190308 -26.432863235 -59.117221832 -195.112716675 -146.290695190 -157.649108887 -135.040130615 -167.216461182 -151.084396362 125.856819153 223.660873413 -186.846862793 107.225357056 252.850296021 286.854370117 59.840034485 244.971038818 -14.152787209 -73.548942566 -199.612564087 -119.471176147 -188.380767822 -100.698425293 -202.878509521 -150.515625000 108.068008423 223.870269775 -177.633621216 111.860145569 246.571975708 -1510.955932617 -1014.306030273 -1544.832885742 694.557678223 1192.475830078 -1434.840209961 684.179443359 1722.606811523 1657.459472656 299.559387207 1805.202026367 -520.091308594 -1066.438964844 -1239.612060547 -1241.334838867 -1132.051879883
-141.397048950 -189.152511597 -136.637390137 129.703857422 219.093017578 -177.690170288 90.153335571 245.944854736 288.592224121 51.987060547 243.926452637 -26.171958923 -59.699733734 -196.068313599 -147.294631958 -158.425231934 -135.851898193 -168.224212646 -152.022674561 126.781806946 224.508743286 -187.732803345 107.181213379 254.303833008 288.067077637 60.280223846 245.896453857 -13.836599350 -74.181640625 -200.535354614 -120.413536072 -189.234603882 -101.393920898 -203.973251343 -151.477371216 108.929496765 224.719604492 -178.508499146 111.807914734 248.014953613 -1509.086791992 -1013.926879883 -1542.685668945 693.985717773 1191.512695312 -1433.675048828 682.768127441 1721.160156250 1655.208618164 299.117980957 1803.671264648 -518.505065918 -1065.040405273 -1238.076171875 -1239.801391602 -1130.713134766
-142.191909790 -190.211273193 -137.519760132 130.644119263 219.945312500 -178.565704346 90.055847168 247.390869141 289.799438477 52.435520172 244.879058838 -25.909616470 -60.283119202 -197.023086548 -148.298126221 -159.201583862 -136.662811279 -169.232330322 -152.961456299 127.705917358 225.355941772 -188.619033813 107.136100769 255.757110596 289.279968262 60.719139099 246.821212769 -13.519215584 -74.814926147 -201.457412720 -121.355949402 -190.087982178 -102.089279175 -205.067794800 -152.439270020 109.790451050 225.568344116 -179.383819580 111.754684448 249.457641602 -1507.219970703 -1013.536743164 -1540.541992188 693.401062012 1190.549560547 -1432.509887695 681.365356445 1719.705322266 1652.957763672 298.676849365 1802.131103516 -516.927917480 -1063.642089844 -1236.540039062 -1238.268066406 -1129.374145508
-142.986175537 -191.270156860 -138.402862549 131.583374023 220.797012329 -179.441665649 89.957778931 248.836608887 291.006866455 52.882759094 245.831024170 -25.645868301 -60.867378235 -197.977020264 -149.301162720 -159.978179932 -137.472885132 -170.240798950 -153.900772095 128.629135132 226.202499390 -189.505538940 107.090057373 257.210083008 290.493041992 61.156772614 247.745300293 -13.200669289 -75.448806763 -202.378768921 -122.298423767 -190.940917969 -102.784538269 -206.162109375 -153.401367188 110.650817871 226.416458130 -180.259567261 111.700492859 250.900039673 -1505.355468750 -1013.135559082 -1538.401611328 692.803833008 1189.586303711 -1431.344848633 679.971191406 1718.242065430 1650.706787109 298.235992432 1800.581787109 -515.359802246 -1062.243896484 -1235.003906250 -1236.734863281 -1128.035156250
-143.779891968 -192.329162598 -139.286727905 132.521560669 221.648132324 -180.318069458 89.859184265 250.282043457 292.214447021 53.328773499 246.782348633 -25.380746841 -61.452510834 -198.930130005 -150.303741455 -160.755004883 -138.282180786 -171.249572754 -154.840652466 129.551391602 227.048385620 -190.392333984 107.043144226 258.662811279 291.706329346 61.593135834 248.668746948 -12.880991936 -76.083282471 -203.299423218 -123.240959167 -191.793426514 -103.479721069 -207.256179810 -154.363662720 111.510566711 227.263992310 -181.135757446 111.645393372 252.342147827 -1503.493286133 -1012.723449707 -1536.264892578 692.194030762 1188.622924805 -1430.179809570 678.585693359 1716.770751953 1648.455810547 297.795410156 1799.023193359 -513.800842285 -1060.845703125 -1233.467651367 -1235.201782227 -1126.695922852
-144.573074341 -193.388244629 -140.171386719 133.458648682 222.498641968 -181.194885254 89.760116577 251.727203369 293.422210693 53.773563385 247.733032227 -25.114286423 -62.038516998 -199.882400513 -151.305877686 -161.532058716 -139.090713501 -172.258636475 -155.781173706 130.472656250 227.893615723 -191.279403687 106.995399475 260.115234375 292.919769287 62.028221130 249.591552734 -12.560214996 -76.718353271 -204.219345093 -124.183547974 -192.645477295 -104.174880981 -208.349960327 -155.326217651 112.369659424 228.110916138 -182.012374878 111.589431763 253.783981323 -1501.633666992 -1012.300354004 -1534.131835938 691.571594238 1187.659667969 -1429.014770508 677.208862305 1715.291259766 1646.204833984 297.355133057 1797.455444336 -512.251159668 -1059.447753906 -1231.931274414 -1233.668823242 -1125.356567383
-145.365768433 -194.447387695 -141.056915283 134.394592285 223.348571777 -182.072113037 89.660629272 253.172073364 294.630157471 54.217128754 248.683105469 -24.846519470 -62.625392914 -200.833847046 -152.307556152 -162.309356689 -139.898513794 -173.267974854 -156.722351074 131.392898560 228.738189697 -192.166763306 106.946891785 261.567382812 294.133422852 62.462036133 250.513717651 -12.238372803 -77.354019165 -205.138549805 -125.126205444 -193.497085571 -104.870040894 -209.443450928 -156.289062500 113.228042603 228.957229614 -182.889419556 111.532669067 255.225540161 -1499.776489258 -1011.866271973 -1532.002441406 690.936645508 1186.696166992 -1427.849853516 675.840759277 1713.803710938 1643.953735352 296.915130615 1795.878540039 -510.710693359 -1058.049804688 -1230.394775391 -1232.135986328 -1124.017089844
-146.158004761 -195.506546021 -141.943313599 135.329345703 224.197921753 -182.949783325 89.560760498 254.616668701 295.838287354 54.659477234 249.632568359 -24.577482224 -63.213146210 -201.784469604 -153.308776855 -163.086883545 -140.705612183 -174.277542114 -157.664215088 132.312057495 229.582092285 -193.054397583 106.897659302 263.019256592 295.347259521 62.894573212 251.435256958 -11.915496826 -77.990287781 -206.057037354 -126.068923950 -194.348251343 -105.565246582 -210.536621094 -157.252243042 114.085678101 229.802932739 -183.766891479 111.475151062 256.666809082 -1497.921997070 -1011.421325684 -1529.876831055 690.289123535 1185.732788086 -1426.684936523 674.481445312 1712.308105469 1641.702514648 296.475402832 1794.292724609 -509.179565430 -1056.651977539 -1228.858276367 -1230.603271484 -1122.677490234
-146.949829102 -196.565704346 -142.830627441 136.262878418 225.046661377 -183.827850342 89.460571289 256.061004639 297.046600342 55.100601196 250.581420898 -24.307205200 -63.801765442 -202.734237671 -154.309555054 -163.864624023 -141.512069702 -175.287322998 -158.606826782 133.230102539 230.425338745 -193.942306519 106.847763062 264.470855713 296.561279297 63.325839996 252.356201172 -11.591619492 -78.627143860 -206.974822998 -127.011703491 -195.198974609 -106.260528564 -211.629440308 -158.215789795 114.942527771 230.648040771 -184.644790649 111.416923523 258.107788086 -1496.070068359 -1010.965393066 -1527.755004883 689.629089355 1184.769287109 -1425.520019531 673.130981445 1710.804443359 1639.451293945 296.035919189 1792.697753906 -507.657775879 -1055.254272461 -1227.321533203 -1229.070678711 -1121.337768555
-147.741271973 -197.624847412 -143.718917847 137.195144653 225.894821167 -184.706359863 89.360115051 257.505065918 298.255065918 55.540504456 251.529663086 -24.035724640 -64.391258240 -203.683181763 -155.309875488 -164.642608643 -142.317886353 -176.297271729 -159.550216675 134.147003174 231.267929077 -194.830505371 106.797248840 265.922210693 297.775451660 63.755836487 253.276535034 -11.266774178 -79.264595032 -207.891876221 -127.954536438 -196.049255371 -106.955924988 -212.721893311 -159.179733276 115.798545837 231.492538452 -185.523132324 111.358047485 259.548492432 -1494.220947266 -1010.498596191 -1525.637207031 688.956604004 1183.805786133 -1424.355102539 671.789367676 1709.292968750 1637.200073242 295.596740723 1791.093994141 -506.145446777 -1053.856689453 -1225.784790039 -1227.538085938 -1119.997924805
-148.532363892 -198.683929443 -144.608215332 138.126113892 226.742385864 -185.585281372 89.259437561 258.948852539 299.463714600 55.979190826 252.477325439 -23.763071060 -64.981628418 -204.631286621 -156.309753418 -165.420822144 -143.123123169 -177.307388306 -160.494415283 135.062683105 232.109863281 -195.718978882 106.746170044 267.373260498 298.989837646 64.184562683 254.196273804 -10.940993309 -79.902641296 -208.808212280 -128.897445679 -196.899078369 -107.651466370 -213.813964844 -160.144119263 116.653686523 232.336425781 -186.401901245 111.298568726 260.988952637 -1492.374511719 -1010.020935059 -1523.523315430 688.271606445 1182.842163086 -1423.190307617 670.456726074 1707.773559570 1634.948730469 295.157836914 1789.481323242 -504.642578125 -1052.459228516 -1224.248046875 -1226.005737305 -1118.657836914
-149.323150635 -199.742935181 -145.498550415 139.055740356 227.589355469 -186.464614868 89.158592224 260.392364502 300.672546387 56.416660309 253.424392700 -23.489282608 -65.572868347 -205.578552246 -157.309173584 -166.199264526 -143.927780151 -178.317626953 -161.439468384 135.977127075 232.951141357 -196.607727051 106.694580078 268.824066162 300.204376221 64.612014771 255.115432739 -10.614310265 -80.541282654 -209.723815918 -129.840408325 -197.748474121 -108.347198486 -214.905609131 -161.108993530 117.507911682 233.179718018 -187.281082153 111.238540649 262.429107666 -1490.531005859 -1009.532348633 -1521.413574219 687.574218750 1181.878540039 -1422.025512695 669.133056641 1706.246215820 1632.697387695 294.719177246 1787.859741211 -503.149230957 -1051.061767578 -1222.711059570 -1224.473510742 -1117.317749023
-150.113647461 -200.801834106 -146.389968872 139.983978271 228.435729980 -187.344360352 89.057624817 261.835632324 301.881530762 56.852912903 254.370895386 -23.214389801 -66.164978027 -206.524963379 -158.308135986 -166.977920532 -144.731933594 -179.327957153 -162.385421753 136.890274048 233.791748047 -197.496765137 106.642532349 270.274566650 301.419097900 65.038200378 256.034027100 -10.286757469 -81.180519104 -210.638702393 -130.783432007 -198.597396851 -109.043151855 -215.996826172 -162.074371338 118.361167908 234.022399902 -188.160705566 111.178016663 263.868988037 -1488.690307617 -1009.032958984 -1519.307983398 686.864379883 1180.914916992 -1420.860839844 667.818359375 1704.711303711 1630.446044922 294.280822754 1786.229370117 -501.665466309 -1049.664550781 -1221.173950195 -1222.941284180 -1115.977416992
-150.903930664 -201.860595703 -147.282501221 140.910781860 229.281509399 -188.224533081 88.956596375 263.278656006 303.090667725 57.287944794 255.316833496 -22.938430786 -66.757957458 -207.470550537 -159.306655884 -167.756805420 -145.535583496 -180.338363647 -163.332305908 137.802108765 234.631698608 -198.386077881 106.590080261 271.724822998 302.634002686 65.463119507 256.952056885 -9.958369255 -81.820358276 -211.552871704 -131.726516724 -199.445892334 -109.739364624 -217.087585449 -163.040298462 119.213432312 234.864456177 -189.040740967 111.117042542 265.308624268 -1486.852661133 -1008.522705078 -1517.206542969 686.142150879 1179.951171875 -1419.696166992 666.512756348 1703.168579102 1628.194580078 293.842712402 1784.590454102 -500.191314697 -1048.267333984 -1219.636840820 -1221.409301758 -1114.637084961
-151.694000244 -202.919189453 -148.176193237 141.836135864 230.126678467 -189.105117798 88.855552673 264.721405029 304.299987793 57.721763611 256.262207031 -22.661436081 -67.351806641 -208.415283203 -160.304718018 -168.535919189 -146.338790894 -181.348815918 -164.280166626 138.712554932 235.470993042 -199.275650024 106.537269592 273.174835205 303.849060059 65.886764526 257.869537354 -9.629177094 -82.460784912 -212.466323853 -132.669677734 -200.293930054 -110.435882568 -218.177841187 -164.006820679 120.064643860 235.705917358 -189.921203613 111.055679321 266.747955322 -1485.018066406 -1008.001647949 -1515.109375000 685.407531738 1178.987426758 -1418.531494141 665.216308594 1701.618164062 1625.942993164 293.404846191 1782.942749023 -498.726867676 -1046.870361328 -1218.099609375 -1219.877441406 -1113.296508789
-152.483901978 -203.977600098 -149.071105957 142.759963989 230.971267700 -189.986129761 88.754554749 266.163909912 305.509460449 58.154365540 257.207031250 -22.383441925 -67.946533203 -209.359176636 -161.302337646 -169.315261841 -147.141571045 -182.359283447 -165.229049683 139.621582031 236.309616089 -200.165512085 106.484161377 274.624542236 305.064300537 66.309150696 258.786468506 -9.299216270 -83.101806641 -213.379043579 -133.612884521 -201.141525269 -111.132720947 -219.267608643 -164.973968506 120.914764404 236.546768188 -190.802093506 110.993980408 268.187042236 -1483.186523438 -1007.469787598 -1513.016601562 684.660583496 1178.023681641 -1417.366821289 663.928955078 1700.060180664 1623.691406250 292.967285156 1781.286499023 -497.272155762 -1045.473388672 -1216.562255859 -1218.345581055 -1111.955810547
-153.273681641 -205.035797119 -149.967239380 143.682250977 231.815261841 -190.867538452 88.653640747 267.606170654 306.719116211 58.585754395 258.151306152 -22.104482651 -68.542121887 -210.302230835 -162.299499512 -170.094818115 -147.943954468 -183.369735718 -166.178970337 140.529144287 237.147598267 -201.055648804 106.430809021 276.074035645 306.279693604 66.730270386 259.702911377 -8.968519211 -83.743423462 -214.291030884 -134.556167603 -201.988662720 -111.829940796 -220.356826782 -165.941772461 121.763748169 237.387008667 -191.683395386 110.931983948 269.625854492 -1481.358154297 -1006.927124023 -1510.928344727 683.901367188 1177.059814453 -1416.202148438 662.650878906 1698.494506836 1621.439819336 292.529968262 1779.621582031 -495.827239990 -1044.076538086 -1215.024902344 -1216.813964844 -1110.614990234
-154.063369751 -206.093750000 -150.864654541 144.602935791 232.658660889 -191.749359131 88.552879333 269.048217773 307.928924561 59.015930176 259.095062256 -21.824592590 -69.138587952 -211.244430542 -163.296218872 -170.874603271 -148.746002197 -184.380157471 -167.129989624 141.435195923 237.984909058 -201.946060181 106.377265930 277.523223877 307.495269775 67.150115967 260.618804932 -8.637120247 -84.385643005 -215.202301025 -135.499511719 -202.835357666 -112.527565002 -221.445495605 -166.910278320 122.611549377 238.226638794 -192.565124512 110.869758606 271.064422607 -1479.533081055 -1006.373718262 -1508.844482422 683.129821777 1176.095947266 -1415.037597656 661.381958008 1696.921508789 1619.188110352 292.092895508 1777.948364258 -494.392150879 -1042.679809570 -1213.487304688 -1215.282348633 -1109.274169922
-154.852996826 -207.151428223 -151.763381958 145.521987915 233.501449585 -192.631591797 88.452316284 270.489990234 309.138885498 59.444892883 260.038299561 -21.543806076 -69.735923767 -212.185775757 -164.292480469 -171.654602051 -149.547714233 -185.390502930 -168.082138062 142.339706421 238.821563721 -202.836746216 106.323577881 278.972198486 308.711029053 67.568702698 261.534210205 -8.305052757 -85.028450012 -216.112838745 -136.442916870 -203.681594849 -113.225631714 -222.533584595 -167.879516602 123.458129883 239.065658569 -193.447280884 110.807350159 272.502716064 -1477.711181641 -1005.809570312 -1506.765258789 682.345947266 1175.131958008 -1413.873046875 660.122375488 1695.340942383 1616.936401367 291.656097412 1776.266601562 -492.966918945 -1041.283081055 -1211.949707031 -1213.750854492 -1107.933105469
-155.642608643 -208.208801270 -152.663482666 146.439346313 234.343643188 -193.514236450 88.351997375 271.931549072 310.348999023 59.872646332 260.980987549 -21.262161255 -70.334121704 -213.126281738 -165.288299561 -172.434814453 -150.349151611 -186.400756836 -169.035446167 143.242614746 239.657546997 -203.727706909 106.269805908 280.420898438 309.926910400 67.986030579 262.449096680 -7.972350597 -85.671852112 -217.022644043 -137.386398315 -204.527374268 -113.924179077 -223.621063232 -168.849533081 124.303443909 239.904067993 -194.329849243 110.744812012 273.940765381 -1475.892700195 -1005.234680176 -1504.690795898 681.549926758 1174.168090820 -1412.708618164 658.872131348 1693.753051758 1614.684692383 291.219573975 1774.576538086 -491.551635742 -1039.886596680 -1210.411987305 -1212.219604492 -1106.591918945
-156.432250977 -209.265853882 -153.564971924 147.354995728 235.185241699 -194.397293091 88.251991272 273.372863770 311.559265137 60.299186707 261.923217773 -20.979688644 -70.933197021 -214.065917969 -166.283660889 -173.215255737 -151.150344849 -187.410873413 -169.989974976 144.143875122 240.492889404 -204.618942261 106.216003418 281.869323730 311.142974854 68.402091980 263.363525391 -7.639047623 -86.315849304 -217.931716919 -138.329940796 -205.372711182 -114.623252869 -224.707916260 -169.820358276 125.147438049 240.741851807 -195.212829590 110.682205200 275.378540039 -1474.077758789 -1004.649108887 -1502.620849609 680.741638184 1173.204101562 -1411.544067383 657.631286621 1692.157836914 1612.432861328 290.783264160 1772.878051758 -490.146362305 -1038.490234375 -1208.874145508 -1210.688354492 -1105.250488281
-157.221939087 -210.322555542 -154.467880249 148.268875122 236.026245117 -195.280761719 88.152336121 274.813934326 312.769714355 60.724517822 262.864929199 -20.696426392 -71.533142090 -215.004714966 -167.278579712 -173.995910645 -151.951324463 -188.420852661 -170.945739746 145.043441772 241.327560425 -205.510452271 106.162223816 283.317504883 312.359222412 68.816886902 264.277496338 -7.305178642 -86.960449219 -218.840072632 -139.273544312 -206.217590332 -115.322875977 -225.794097900 -170.792037964 125.990074158 241.579040527 -196.096237183 110.619567871 276.816070557 -1472.266113281 -1004.052795410 -1500.555908203 679.921203613 1172.239990234 -1410.379638672 656.399841309 1690.555297852 1610.180908203 290.347259521 1771.171508789 -488.751098633 -1037.093872070 -1207.336181641 -1209.157226562 -1103.909057617
-158.011718750 -211.378860474 -155.372283936 149.180953979 236.866653442 -196.164642334 88.053092957 276.254821777 313.980285645 61.148635864 263.806152344 -20.412408829 -72.133949280 -215.942657471 -168.273040771 -174.776779175 -152.752136230 -189.430664062 -171.902786255 145.941284180 242.161575317 -206.402221680 106.108520508 284.765472412 313.575592041 69.230422974 265.190979004 -6.970777035 -87.605636597 -219.747680664 -140.217208862 -207.062026978 -116.023101807 -226.879623413 -171.764602661 126.831306458 242.415603638 -196.980056763 110.556968689 278.253356934 -1470.458129883 -1003.445861816 -1498.495727539 679.088623047 1171.276000977 -1409.215209961 655.177856445 1688.945556641 1607.929077148 289.911468506 1769.456542969 -487.365905762 -1035.697631836 -1205.798217773 -1207.626220703 -1102.567504883
-158.801635742 -212.434768677 -156.278182983 150.091156006 237.706451416 -197.048919678 87.954315186 277.695465088 315.191040039 61.571548462 264.746917725 -20.127672195 -72.735633850 -216.879745483 -169.267059326 -175.557876587 -153.552795410 -190.440246582 -172.861175537 146.837326050 242.994934082 -207.294281006 106.054954529 286.213165283 314.792144775 69.642700195 266.104064941 -6.635877609 -88.251426697 -220.654571533 -141.160949707 -207.906005859 -116.723953247 -227.964431763 -172.738067627 127.671089172 243.251556396 -197.864288330 110.494453430 279.690399170 -1468.653686523 -1002.828308105 -1496.440429688 678.243896484 1170.311889648 -1408.050903320 653.965332031 1687.328613281 1605.677001953 289.475952148 1767.733642578 -485.990844727 -1034.301635742 -1204.260131836 -1206.095336914 -1101.225830078
-159.591720581 -213.490219116 -157.185638428 150.999465942 238.545654297 -197.933609009 87.856056213 279.135894775 316.401916504 61.993251801 265.687194824 -19.842250824 -73.338188171 -217.815963745 -170.260635376 -176.339172363 -154.353347778 -191.449600220 -173.820907593 147.731552124 243.827621460 -208.186599731 106.001571655 287.660614014 316.008850098 70.053718567 267.016662598 -6.300515175 -88.897804260 -221.560714722 -142.104751587 -208.749526978 -117.425476074 -229.048507690 -173.712509155 128.509368896 244.086898804 -198.748931885 110.432075500 281.127197266 -1466.852905273 -1002.200134277 -1494.390258789 677.387084961 1169.347778320 -1406.886474609 652.762390137 1685.704589844 1603.425048828 289.040679932 1766.002563477 -484.625946045 -1032.905639648 -1202.721923828 -1204.564575195 -1099.883911133
-160.382019043 -214.545211792 -158.094680786 151.905838013 239.384246826 -198.818695068 87.758369446 280.576110840 317.612945557 62.413749695 266.627044678 -19.556180954 -73.941604614 -218.751327515 -171.253753662 -177.120697021 -155.153839111 -192.458694458 -174.782043457 148.623901367 244.659667969 -209.079177856 105.948425293 289.107818604 317.225677490 70.463478088 267.928894043 -5.964723587 -89.544784546 -222.466140747 -143.048629761 -209.592590332 -118.127700806 -230.131835938 -174.687942505 129.346115112 244.921615601 -199.634002686 110.369895935 282.563720703 -1465.055908203 -1001.561340332 -1492.345092773 676.518188477 1168.383544922 -1405.722167969 651.569091797 1684.073486328 1601.172973633 288.605651855 1764.263549805 -483.271301270 -1031.509765625 -1201.183593750 -1203.033935547 -1098.541992188
-161.172546387 -215.599716187 -159.005340576 152.810226440 240.222244263 -199.704177856 87.661315918 282.016113281 318.824127197 62.833042145 267.566436768 -19.269496918 -74.545890808 -219.685836792 -172.246429443 -177.902420044 -155.954284668 -193.467498779 -175.744628906 149.514328003 245.491043091 -209.972045898 105.895576477 290.554779053 318.442687988 70.871971130 268.840667725 -5.628538609 -90.192352295 -223.370819092 -143.992568970 -210.435195923 -118.830673218 -231.214370728 -175.664398193 130.181259155 245.755722046 -200.519470215 110.307968140 284.000030518 -1463.262695312 -1000.911926270 -1490.305175781 675.637268066 1167.419311523 -1404.557861328 650.385375977 1682.435302734 1598.920898438 288.170867920 1762.516479492 -481.926910400 -1030.114013672 -1199.645141602 -1201.503417969 -1097.199829102
-161.963363647 -216.653686523 -159.917663574 153.712554932 241.059631348 -200.590087891 87.564941406 283.455902100 320.035461426 63.251125336 268.505371094 -18.982236862 -75.151046753 -220.619476318 -173.238647461 -178.684356689 -156.754745483 -194.475982666 -176.708679199 150.402786255 246.321762085 -210.865173340 105.843086243 292.001495361 319.659851074 71.279212952 269.752075195 -5.291994095 -90.840522766 -224.274749756 -144.936584473 -211.277343750 -119.534423828 -232.296112061 -176.641921997 131.014785767 246.589218140 -201.405349731 110.246337891 285.436096191 -1461.473266602 -1000.252014160 -1488.270385742 674.744384766 1166.455078125 -1403.393676758 649.211303711 1680.790283203 1596.668701172 287.736328125 1760.761596680 -480.592834473 -1028.718261719 -1198.106689453 -1199.972900391 -1095.857666016
-162.754501343 -217.707107544 -160.831695557 154.612823486 241.896423340 -201.476379395 87.469299316 284.895507812 321.246917725 63.668006897 269.443908691 -18.694437027 -75.757072449 -221.552261353 -174.230422974 -179.466506958 -157.555236816 -195.484100342 -177.674240112 151.289230347 247.151824951 -211.758575439 105.790992737 293.447998047 320.877136230 71.685203552 270.663085938 -4.955125809 -91.489288330 -225.177963257 -145.880645752 -212.119049072 -120.238998413 -233.377014160 -177.620544434 131.846618652 247.422088623 -202.291656494 110.185073853 286.871917725 -1459.687866211 -999.581542969 -1486.240966797 673.839477539 1165.490844727 -1402.229370117 648.046997070 1679.138305664 1594.416503906 287.302032471 1758.998901367 -479.269134521 -1027.322753906 -1196.568115234 -1198.442626953 -1094.515258789
-163.546005249 -218.759933472 -161.747467041 155.510955811 242.732620239 -202.363082886 87.374450684 286.334899902 322.458526611 64.083679199 270.382049561 -18.406131744 -76.363960266 -222.484176636 -175.221755981 -180.248870850 -158.355789185 -196.491851807 -178.641357422 152.173599243 247.981231689 -212.652236938 105.739372253 294.894226074 322.094604492 72.089927673 271.573760986 -4.617968082 -92.138648987 -226.080429077 -146.824798584 -212.960281372 -120.944435120 -234.457061768 -178.600311279 132.676712036 248.254348755 -203.178359985 110.124214172 288.307495117 -1457.906372070 -998.900573730 -1484.216796875 672.922668457 1164.526489258 -1401.065185547 646.892395020 1677.479492188 1592.164184570 286.867980957 1757.228393555 -477.955841064 -1025.927246094 -1195.029296875 -1196.912475586 -1093.172729492
-164.337890625 -219.812164307 -162.665008545 156.406921387 243.568206787 -203.250183105 87.280448914 287.774108887 323.670288086 64.498153687 271.319763184 -18.117357254 -76.971725464 -223.415222168 -176.212646484 -181.031433105 -159.156463623 -197.499206543 -179.610076904 153.055862427 248.809967041 -213.546157837 105.688262939 296.340240479 323.312194824 72.493400574 272.484039307 -4.280557156 -92.788597107 -226.982147217 -147.769012451 -213.801071167 -121.650756836 -235.536224365 -179.581253052 133.505035400 249.085998535 -204.065460205 110.063827515 289.742858887 -1456.128906250 -998.209167480 -1482.192749023 672.005798340 1163.562133789 -1399.901000977 645.747619629 1675.813964844 1589.911987305 286.434173584 1755.450195312 -476.652984619 -1024.531982422 -1193.490600586 -1195.382324219 -1091.830078125
-165.130203247 -220.863754272 -163.584335327 157.300689697 244.403182983 -204.137680054 87.187347412 289.213104248 324.882171631 64.911422729 272.257080078 -17.828151703 -77.580345154 -224.345413208 -177.203079224 -181.814208984 -159.957290649 -198.506118774 -180.580368042 153.935989380 249.638061523 -214.440368652 105.637733459 297.786041260 324.529937744 72.895622253 273.393981934 -3.942927837 -93.439147949 -227.883132935 -148.713287354 -214.641387939 -122.358016968 -236.614471436 -180.563369751 134.331573486 249.917007446 -204.952987671 110.003967285 291.177978516 -1454.355590820 -997.507202148 -1480.168701172 671.088928223 1162.597778320 -1398.736816406 644.612670898 1674.141723633 1587.659545898 286.000610352 1753.664306641 -475.360626221 -1023.136718750 -1191.951660156 -1193.852416992 -1090.487426758
-165.923004150 -221.914657593 -164.505416870 158.192291260 245.237564087 -205.025573730 87.095207214 290.651916504 326.094207764 65.323493958 273.194030762 -17.538549423 -78.189842224 -225.274719238 -178.193069458 -182.597198486 -160.758285522 -199.512557983 -181.552230835 154.814010620 250.465484619 -215.334823608 105.587829590 299.231597900 325.747833252 73.296585083 274.303619385 -3.605115891 -94.090293884 -228.783386230 -149.657638550 -215.481246948 -123.066246033 -237.691787720 -181.546646118 135.156326294 250.747421265 -205.840911865 109.944686890 292.612884521 -1452.586425781 -996.794860840 -1478.144531250 670.172058105 1161.633422852 -1397.572753906 643.487609863 1672.462768555 1585.407226562 285.567260742 1751.870849609 -474.078826904 -1021.741577148 -1190.412719727 -1192.322509766 -1089.144531250
-166.716308594 -222.964874268 -165.428253174 159.081695557 246.071334839 -205.913864136 87.004074097 292.090545654 327.306365967 65.734359741 274.130615234 -17.248590469 -78.800201416 -226.203170776 -179.182617188 -183.380386353 -161.559509277 -200.518508911 -182.525680542 155.689895630 251.292251587 -216.229553223 105.538619995 300.676910400 326.965850830 73.696296692 275.212921143 -3.267156839 -94.742034912 -229.682876587 -150.602066040 -216.320648193 -123.775482178 -238.768142700 -182.531082153 135.979309082 251.577209473 -206.729232788 109.886039734 294.047546387 -1450.821533203 -996.072143555 -1476.120483398 669.255187988 1160.668945312 -1396.408569336 642.372436523 1670.777221680 1583.154785156 285.134185791 1750.069824219 -472.807617188 -1020.346557617 -1188.873535156 -1190.792724609 -1087.801513672
-167.510147095 -224.014373779 -166.352859497 159.968917847 246.904495239 -206.802551270 86.914016724 293.528991699 328.518676758 66.144027710 275.066833496 -16.958309174 -79.411430359 -227.130737305 -180.171722412 -184.163772583 -162.360977173 -201.523925781 -183.500701904 156.563659668 252.118362427 -217.124557495 105.490150452 302.122009277 328.184020996 74.094749451 276.121917725 -2.929086685 -95.394378662 -230.581634521 -151.546554565 -217.159591675 -124.485771179 -239.843505859 -183.516693115 136.800491333 252.406372070 -207.617965698 109.828086853 295.481994629 -1449.060913086 -995.338989258 -1474.096435547 668.338256836 1159.704467773 -1395.244506836 641.267211914 1669.085205078 1580.902221680 284.701324463 1748.261474609 -471.547058105 -1018.951660156 -1187.334350586 -1189.263183594 -1086.458374023
-168.304580688 -225.063095093 -167.279220581 160.853942871 247.737045288 -207.691635132 86.825080872 294.967254639 329.731109619 66.552490234 276.002716064 -16.667741776 -80.023529053 -228.057434082 -181.160369873 -184.947372437 -163.162734985 -202.528808594 -184.477294922 157.435272217 252.943817139 -218.019805908 105.442481995 303.566864014 329.402343750 74.491958618 277.030609131 -2.590941191 -96.047309875 -231.479644775 -152.491119385 -217.998077393 -125.197135925 -240.917861938 -184.503463745 137.619873047 253.234909058 -208.507110596 109.770881653 296.916229248 -1447.304565430 -994.595458984 -1472.072387695 667.421325684 1158.739990234 -1394.080444336 640.171997070 1667.386596680 1578.649780273 284.268707275 1746.445678711 -470.297149658 -1017.556823730 -1185.795043945 -1187.733642578 -1085.115112305
-169.099639893 -226.111038208 -168.207336426 161.736755371 248.569000244 -208.581115723 86.737319946 296.405303955 330.943695068 66.959762573 276.938262939 -16.376926422 -80.636489868 -228.983261108 -182.148574829 -185.731170654 -163.964828491 -203.533096313 -185.455459595 158.304763794 253.768600464 -218.915328979 105.395668030 305.011505127 330.620788574 74.887908936 277.939056396 -2.252756596 -96.700836182 -232.376922607 -153.435745239 -218.836090088 -125.909629822 -241.991165161 -185.491394043 138.437484741 254.062835693 -209.396652222 109.714477539 298.350219727 -1445.552734375 -993.841613770 -1470.048339844 666.504333496 1157.775390625 -1392.916503906 639.086791992 1665.681640625 1576.397216797 283.836303711 1744.622436523 -469.057952881 -1016.162170410 -1184.255737305 -1186.204223633 -1083.771728516
-169.895355225 -227.158157349 -169.137191772 162.617370605 249.400344849 -209.470977783 86.650802612 297.843200684 332.156372070 67.365829468 277.873474121 -16.085903168 -81.250312805 -229.908203125 -183.136337280 -186.515182495 -164.767272949 -204.536773682 -186.435165405 159.172119141 254.592742920 -219.811126709 105.349769592 306.455932617 331.839355469 75.282615662 278.847198486 -1.914569139 -97.354965210 -233.273437500 -154.380447388 -219.673645020 -126.623275757 -243.063385010 -186.480468750 139.253280640 254.890136719 -210.286590576 109.658935547 299.783996582 -1443.805297852 -993.077453613 -1468.024414062 665.587402344 1156.810913086 -1391.752441406 638.011657715 1663.970336914 1574.144531250 283.404144287 1742.792114258 -467.829559326 -1014.767578125 -1182.716186523 -1184.674926758 -1082.428222656
-170.691772461 -228.204437256 -170.068786621 163.495773315 250.231079102 -210.361251831 86.565574646 299.280944824 333.369201660 67.770698547 278.808380127 -15.794704437 -81.865005493 -230.832275391 -184.123657227 -187.299377441 -165.570129395 -205.539825439 -187.416442871 160.037322998 255.416213989 -220.707168579 105.304847717 307.900115967 333.058074951 75.676071167 279.755126953 -1.576415181 -98.009681702 -234.169204712 -155.325225830 -220.510742188 -127.338127136 -244.134521484 -187.470718384 140.067291260 255.716827393 -211.176925659 109.604309082 301.217559814 -1442.062500000 -992.303039551 -1466.000366211 664.670410156 1155.846313477 -1390.588500977 636.946655273 1662.252685547 1571.891845703 282.972229004 1740.954467773 -466.611938477 -1013.373107910 -1181.176635742 -1183.145751953 -1081.084594727
-171.488937378 -229.249832153 -171.002120972 164.371948242 251.061218262 -211.251892090 86.481697083 300.718475342 334.582153320 68.174377441 279.742980957 -15.503371239 -82.480567932 -231.755462646 -185.110534668 -188.083786011 -166.373413086 -206.542190552 -188.399276733 160.900375366 256.239044189 -221.603485107 105.260948181 309.344085693 334.276916504 76.068275452 280.662811279 -1.238331318 -98.665000916 -235.064239502 -156.270065308 -221.347366333 -128.054214478 -245.204528809 -188.462097168 140.879501343 256.542877197 -212.067657471 109.550659180 302.650909424 -1440.324218750 -991.518371582 -1463.976318359 663.753417969 1154.881713867 -1389.424560547 635.891723633 1660.528808594 1569.639160156 282.540527344 1739.109741211 -465.405181885 -1011.978698730 -1179.636962891 -1181.616577148 -1079.740722656
-172.286865234 -230.294326782 -171.937194824 165.245925903 251.890731812 -212.142944336 86.399230957 302.155853271 335.795257568 68.576858521 280.677276611 -15.211939812 -83.096992493 -232.677764893 -186.096954346 -188.868377686 -167.177169800 -207.543853760 -189.383651733 161.761276245 257.061218262 -222.500045776 105.218139648 310.787841797 335.495880127 76.459236145 281.570251465 -0.900354207 -99.320915222 -235.958511353 -157.214981079 -222.183532715 -128.771560669 -246.273376465 -189.454635620 141.689910889 257.368316650 -212.958801270 109.498039246 304.084045410 -1438.590576172 -990.723449707 -1461.952270508 662.836364746 1153.916992188 -1388.260620117 634.846984863 1658.798706055 1567.386474609 282.109039307 1737.257812500 -464.209289551 -1010.584472656 -1178.097167969 -1180.087646484 -1078.396850586
-173.085601807 -231.337875366 -172.873992920 166.117660522 252.719650269 -213.034378052 86.318222046 303.593048096 337.008453369 68.978141785 281.611328125 -14.920448303 -83.714286804 -233.599182129 -187.082946777 -189.653182983 -167.981445312 -208.544784546 -190.369567871 162.620025635 257.882720947 -223.396881104 105.176475525 312.231384277 336.714996338 76.848945618 282.477508545 -0.562520683 -99.977424622 -236.852035522 -158.159973145 -223.019241333 -129.490234375 -247.341033936 -190.448303223 142.498504639 258.193145752 -213.850326538 109.446502686 305.516967773 -1436.861694336 -989.918334961 -1459.928344727 661.919372559 1152.952392578 -1387.096679688 633.812500000 1657.062500000 1565.133666992 281.677795410 1735.398925781 -463.024353027 -1009.190307617 -1176.557373047 -1178.558837891 -1077.052856445
-173.885208130 -232.380447388 -173.812515259 166.987182617 253.547943115 -213.926193237 86.238739014 305.030090332 338.221801758 69.378227234 282.545074463 -14.628935814 -84.332435608 -234.519729614 -188.068481445 -190.438171387 -168.786254883 -209.544967651 -191.357040405 163.476608276 258.703552246 -224.293975830 105.136009216 313.674682617 337.934234619 77.237403870 283.384552002 -0.224867776 -100.634529114 -237.744796753 -159.105041504 -223.854476929 -130.210250854 -248.407485962 -191.443130493 143.305297852 259.017333984 -214.742263794 109.396118164 306.949676514 -1435.137451172 -989.103027344 -1457.904296875 661.002319336 1151.987670898 -1385.932739258 632.788269043 1655.320312500 1562.880859375 281.246765137 1733.533203125 -461.850372314 -1007.796264648 -1175.017333984 -1177.030029297 -1075.708740234
-174.685699463 -233.422027588 -174.752761841 167.854461670 254.375640869 -214.818405151 86.160827637 306.466979980 339.435241699 69.777122498 283.478607178 -14.337437630 -84.951461792 -235.439376831 -189.053588867 -191.223373413 -169.591659546 -210.544342041 -192.346038818 164.331039429 259.523742676 -225.191329956 105.096809387 315.117767334 339.153594971 77.624618530 284.291412354 0.112567365 -101.292228699 -238.636810303 -160.050170898 -224.689239502 -130.931655884 -249.472702026 -192.439086914 144.110290527 259.840911865 -215.634582520 109.346931458 308.382171631 -1433.418212891 -988.277587891 -1455.880371094 660.085205078 1151.022949219 -1384.768920898 631.774291992 1653.572021484 1560.627929688 280.815979004 1731.660522461 -460.687438965 -1006.402282715 -1173.477294922 -1175.501342773 -1074.364501953
-175.487106323 -234.462570190 -175.694717407 168.719512939 255.202728271 -215.710998535 86.084556580 307.903656006 340.648803711 70.174819946 284.411865234 -14.045995712 -85.571342468 -236.358154297 -190.038238525 -192.008758545 -170.397674561 -211.542907715 -193.336563110 165.183288574 260.343292236 -226.088928223 105.058921814 316.560638428 340.373077393 78.010589600 285.198120117 0.449747443 -101.950523376 -239.528076172 -160.995391846 -225.523544312 -131.654495239 -250.536651611 -193.436172485 144.913467407 260.663848877 -216.527297974 109.299003601 309.814422607 -1431.703857422 -987.442077637 -1453.856323242 659.168151855 1150.058105469 -1383.605102539 630.770629883 1651.817749023 1558.375000000 280.385375977 1729.781005859 -459.535522461 -1005.008483887 -1171.937133789 -1173.972900391 -1073.020019531
-176.289505005 -235.502044678 -176.638381958 169.582321167 256.029205322 -216.603973389 86.009979248 309.340209961 341.862518311 70.571334839 285.344909668 -13.754645348 -86.192092896 -237.276031494 -191.022445679 -192.794342041 -171.204360962 -212.540618896 -194.328628540 166.033386230 261.162139893 -226.986801147 105.022415161 318.003295898 341.592681885 78.395309448 286.104644775 0.786635041 -102.609413147 -240.418594360 -161.940673828 -226.357376099 -132.378784180 -251.599288940 -194.434402466 145.714828491 261.486145020 -217.420410156 109.252403259 311.246520996 -1429.994384766 -986.596435547 -1451.832397461 658.251098633 1149.093383789 -1382.441284180 629.777282715 1650.057739258 1556.122070312 279.955017090 1727.894653320 -458.394714355 -1003.614746094 -1170.396850586 -1172.444458008 -1071.675537109
-177.092895508 -236.540420532 -177.583770752 170.442871094 256.855072021 -217.497329712 85.937149048 310.776580811 343.076324463 70.966644287 286.277740479 -13.463426590 -86.813705444 -238.193023682 -192.006210327 -193.580123901 -172.011718750 -213.537429810 -195.322219849 166.881301880 261.980377197 -227.884918213 104.987342834 319.445739746 342.812408447 78.778793335 287.011047363 1.123192430 -103.268905640 -241.308334351 -162.886032104 -227.190750122 -133.104568481 -252.660614014 -195.433761597 146.514373779 262.307861328 -218.313903809 109.207168579 312.678375244 -1428.289916992 -985.740722656 -1449.808349609 657.333984375 1148.128540039 -1381.277465820 628.794372559 1648.291748047 1553.869018555 279.524871826 1726.001708984 -457.265045166 -1002.221130371 -1168.856567383 -1170.916137695 -1070.330932617
-177.897323608 -237.577682495 -178.530838013 171.301177979 257.680297852 -218.391082764 85.866127014 312.212799072 344.290252686 71.360771179 287.210357666 -13.172377586 -87.436187744 -239.109115601 -192.989532471 -194.366088867 -172.819824219 -214.533340454 -196.317321777 167.727035522 262.797943115 -228.783309937 104.953773499 320.887939453 344.032257080 79.161026001 287.917327881 1.459381938 -103.928993225 -242.197341919 -163.831466675 -228.023635864 -133.831909180 -253.720565796 -196.434249878 147.312103271 263.128936768 -219.207809448 109.163375854 314.110015869 -1426.590576172 -984.875000000 -1447.784423828 656.416870117 1147.163696289 -1380.113647461 627.821899414 1646.520141602 1551.615966797 279.094970703 1724.102172852 -456.146545410 -1000.827636719 -1167.316040039 -1169.387939453 -1068.986083984
-178.702835083 -238.613784790 -179.479629517 172.157241821 258.504943848 -219.285202026 85.796981812 313.648834229 345.504272461 71.753707886 288.142791748 -12.881538391 -88.059532166 -240.024322510 -193.972427368 -195.152236938 -173.628692627 -215.528305054 -197.313949585 168.570602417 263.614837646 -229.681945801 104.921745300 322.329956055 345.252227783 79.542022705 288.823486328 1.795165539 -104.589675903 -243.085571289 -164.776962280 -228.856063843 -134.560806274 -254.779144287 -197.435867310 148.108016968 263.949371338 -220.102081299 109.121070862 315.541473389 -1424.896240234 -983.999267578 -1445.760498047 655.499755859 1146.198852539 -1378.949951172 626.859863281 1644.742675781 1549.362915039 278.665252686 1722.196044922 -455.039276123 -999.434204102 -1165.775512695 -1167.859863281 -1067.641235352
-179.509475708 -239.648681641 -180.430099487 173.011032104 259.328979492 -220.179718018 85.729751587 315.084716797 346.718444824 72.145454407 289.075042725 -12.590947151 -88.683738708 -240.938629150 -194.954864502 -195.938598633 -174.438354492 -216.522277832 -198.312088013 169.411972046 264.431091309 -230.580841064 104.891334534 323.771728516 346.472320557 79.921768188 289.729553223 2.130505085 -105.250953674 -243.973052979 -165.722549438 -229.688018799 -135.291336060 -255.836303711 -198.438598633 148.902099609 264.769195557 -220.996749878 109.080314636 316.972686768 -1423.207275391 -983.113586426 -1443.736572266 654.582580566 1145.234008789 -1377.786254883 625.908325195 1642.959716797 1547.109741211 278.235748291 1720.283447266 -453.943237305 -998.040893555 -1164.234863281 -1166.331909180 -1066.296142578
-180.317276001 -240.682373047 -181.382263184 173.862564087 260.152374268 -221.074600220 85.664512634 316.520446777 347.932708740 72.536003113 290.007110596 -12.300642967 -89.308807373 -241.852050781 -195.936859131 -196.725128174 -175.248855591 -217.515243530 -199.311737061 170.251159668 265.246673584 -231.479980469 104.862594604 325.213287354 347.692504883 80.300277710 290.635528564 2.465362549 -105.912826538 -244.859771729 -166.668212891 -230.519515991 -136.023498535 -256.891998291 -199.442443848 149.694351196 265.588378906 -221.891815186 109.041175842 318.403717041 -1421.523437500 -982.217956543 -1441.712524414 653.665405273 1144.269042969 -1376.622436523 624.967285156 1641.171142578 1544.856567383 277.806488037 1718.364379883 -452.858459473 -996.647705078 -1162.694091797 -1164.804077148 -1064.951049805
-181.126266479 -241.714797974 -182.336105347 174.711822510 260.975189209 -221.969863892 85.601310730 317.955993652 349.147094727 72.925369263 290.939025879 -12.010664940 -89.934738159 -242.764556885 -196.918411255 -197.511856079 -176.060241699 -218.507171631 -200.312881470 171.088165283 266.061614990 -232.379394531 104.835594177 326.654632568 348.912841797 80.677543640 291.541442871 2.799699306 -106.575302124 -245.745712280 -167.613937378 -231.350524902 -136.757354736 -257.946228027 -200.447418213 150.484786987 266.406921387 -222.787261963 109.003700256 319.834533691 -1419.844970703 -981.312438965 -1439.688598633 652.748291016 1143.304199219 -1375.458862305 624.036804199 1639.377075195 1542.603393555 277.377410889 1716.438964844 -451.785034180 -995.254638672 -1161.153320312 -1163.276245117 -1063.605712891
-181.936492920 -242.745925903 -183.291625977 175.558822632 261.797363281 -222.865509033 85.540214539 319.391418457 350.361572266 73.313552856 291.870819092 -11.721054077 -90.561538696 -243.676177979 -197.899536133 -198.298767090 -176.872543335 -219.498031616 -201.315536499 171.922958374 266.875885010 -233.279037476 104.810371399 328.095733643 350.133270264 81.053573608 292.447296143 3.133476734 -107.238365173 -246.630905151 -168.559753418 -232.181076050 -137.492935181 -258.998962402 -201.453506470 151.273391724 267.224853516 -223.683090210 108.967948914 321.265136719 -1418.171752930 -980.397033691 -1437.664672852 651.831115723 1142.339233398 -1374.295166016 623.116943359 1637.577514648 1540.350219727 276.948547363 1714.507202148 -450.722991943 -993.861694336 -1159.612304688 -1161.748657227 -1062.260375977
-182.747985840 -243.775741577 -184.248825073 176.403533936 262.618927002 -223.761535645 85.481277466 320.826629639 351.576171875 73.700538635 292.802459717 -11.431848526 -91.189193726 -244.586898804 -198.880203247 -199.085876465 -177.685791016 -220.487777710 -202.319686890 172.755569458 267.689514160 -234.178955078 104.787010193 329.536621094 351.353790283 81.428359985 293.353088379 3.466655970 -107.902030945 -247.515335083 -169.505630493 -233.011138916 -138.230285645 -260.050140381 -202.460693359 152.060165405 268.042175293 -224.579299927 108.933990479 322.695526123 -1416.504028320 -979.471801758 -1435.640747070 650.913940430 1141.374267578 -1373.131469727 622.207641602 1635.772460938 1538.096923828 276.519897461 1712.569335938 -449.672332764 -992.468811035 -1158.071289062 -1160.221069336 -1060.914794922
-183.560791016 -244.804199219 -185.207702637 177.245956421 263.439910889 -224.657943726 85.424560547 322.261718750 352.790863037 74.086341858 293.733978271 -11.143088341 -91.817718506 -245.496719360 -199.860443115 -199.873153687 -178.500030518 -221.476394653 -203.325317383 173.585968018 268.502471924 -235.079116821 104.765548706 330.977294922 352.574432373 81.801902771 294.258880615 3.799198151 -108.566291809 -248.399002075 -170.451599121 -233.840744019 -138.969421387 -261.099731445 -203.469009399 152.845108032 268.858856201 -225.475891113 108.901870728 324.125701904 -1414.841796875 -978.536743164 -1433.616821289 649.996704102 1140.409179688 -1371.967773438 621.309020996 1633.962280273 1535.843505859 276.091461182 1710.625244141 -448.633087158 -991.076049805 -1156.530151367 -1158.693603516 -1059.569213867
-184.374954224 -245.831268311 -186.168243408 178.086105347 264.260223389 -225.554702759 85.370124817 323.696594238 354.005676270 74.470962524 294.665374756 -10.854814529 -92.447097778 -246.405624390 -200.840240479 -200.660629272 -179.315292358 -222.463836670 -204.332443237 174.414169312 269.314788818 -235.979522705 104.746063232 332.417724609 353.795196533 82.174209595 295.164642334 4.131064415 -109.231147766 -249.281906128 -171.397644043 -234.669876099 -139.710403442 -262.147735596 -204.478408813 153.628204346 269.674896240 -226.372879028 108.871665955 325.555664062 -1413.185180664 -977.591918945 -1431.592895508 649.079528809 1139.444213867 -1370.804199219 620.421081543 1632.146728516 1533.590209961 275.663238525 1708.675048828 -447.605346680 -989.683410645 -1154.988891602 -1157.166259766 -1058.223388672
-185.190505981 -246.856903076 -187.130447388 178.923965454 265.079956055 -226.451858521 85.318023682 325.131347656 355.220581055 74.854393005 295.596679688 -10.567066193 -93.077346802 -247.313629150 -201.819595337 -201.448287964 -180.131607056 -223.450073242 -205.341064453 175.240158081 270.126434326 -236.880187988 104.728607178 333.857940674 355.016082764 82.545280457 296.070404053 4.462214947 -109.896606445 -250.164031982 -172.343765259 -235.498519897 -140.453247070 -263.194122314 -205.488922119 154.409469604 270.490325928 -227.270233154 108.843414307 326.985412598 -1411.534057617 -976.637329102 -1429.568969727 648.162292480 1138.479125977 -1369.640625000 619.543884277 1630.325927734 1531.336791992 275.235198975 1706.718872070 -446.589111328 -988.290832520 -1153.447631836 -1155.639038086 -1056.877563477
-186.007461548 -247.881088257 -188.094314575 179.759536743 265.899078369 -227.349380493 85.268318176 326.565917969 356.435607910 75.236640930 296.527923584 -10.279884338 -93.708457947 -248.220718384 -202.798507690 -202.236114502 -180.949020386 -224.435073853 -206.351150513 176.063934326 270.937438965 -237.781112671 104.713241577 335.297912598 356.237030029 82.915115356 296.976165771 4.792610645 -110.562660217 -251.045394897 -173.289947510 -236.326690674 -141.198013306 -264.238830566 -206.500534058 155.188888550 271.305114746 -228.167984009 108.817199707 328.414947510 -1409.888549805 -975.673034668 -1427.545043945 647.245056152 1137.514038086 -1368.477050781 618.677429199 1628.500122070 1529.083374023 274.807373047 1704.756713867 -445.584411621 -986.898437500 -1151.906127930 -1154.111938477 -1055.531494141
-186.825897217 -248.903793335 -189.059829712 180.592803955 266.717559814 -228.247268677 85.221076965 328.000305176 357.650726318 75.617706299 297.459075928 -9.993309021 -94.340431213 -249.126922607 -203.776977539 -203.024139404 -181.767562866 -225.418807983 -207.362716675 176.885498047 271.747772217 -238.682281494 104.700035095 336.737670898 357.458099365 83.283706665 297.881958008 5.122211933 -111.229301453 -251.925994873 -174.236221313 -237.154388428 -141.944732666 -265.281829834 -207.513244629 155.966476440 272.119262695 -229.066101074 108.793060303 329.844268799 -1408.248901367 -974.699096680 -1425.521118164 646.327819824 1136.548950195 -1367.313476562 617.821716309 1626.669189453 1526.829833984 274.379760742 1702.788696289 -444.591278076 -985.506103516 -1150.364624023 -1152.584960938 -1054.185424805
-187.645828247 -249.924957275 -190.026992798 181.423767090 267.535461426 -229.145523071 85.176345825 329.434509277 358.865936279 75.997581482 298.390167236 -9.707381248 -94.973258972 -250.032196045 -204.755020142 -203.812332153 -182.587280273 -226.401245117 -208.375747681 177.704849243 272.557464600 -239.583694458 104.689033508 338.177185059 358.679290771 83.651069641 298.787811279 5.450978279 -111.896553040 -252.805816650 -175.182586670 -237.981628418 -142.693420410 -266.323089600 -208.527053833 156.742202759 272.932800293 -229.964599609 108.771064758 331.273376465 -1406.614868164 -973.715454102 -1423.497314453 645.410583496 1135.583862305 -1366.149902344 616.976806641 1624.833251953 1524.576293945 273.952331543 1700.814819336 -443.609771729 -984.113891602 -1148.822998047 -1151.058105469 -1052.839111328
-188.467285156 -250.944564819 -190.995788574 182.252410889 268.352722168 -230.044158936 85.134193420 330.868560791 360.081237793 76.376281738 299.321228027 -9.422142982 -95.606956482 -250.936569214 -205.732620239 -204.600723267 -183.408203125 -227.382339478 -209.390258789 178.521957397 273.366485596 -240.485351562 104.680297852 339.616455078 359.900573730 84.017189026 299.693695068 5.778870583 -112.564392090 -253.684875488 -176.129043579 -238.808395386 -143.444137573 -267.362579346 -209.541946411 157.516098022 273.745697021 -230.863464355 108.751281738 332.702239990 -1404.986694336 -972.722229004 -1421.473388672 644.493347168 1134.618774414 -1364.986450195 616.142700195 1622.992309570 1522.322753906 273.525115967 1698.835205078 -442.639892578 -982.721740723 -1147.281250000 -1149.531250000 -1051.492797852
-189.290328979 -251.962585449 -191.966247559 183.078765869 269.169342041 -230.943161011 85.094680786 332.302429199 361.296630859 76.753791809 300.252227783 -9.137632370 -96.241508484 -251.840011597 -206.709777832 -205.389282227 -184.230377197 -228.362060547 -210.406219482 179.336853027 274.174865723 -241.387268066 104.673904419 341.055480957 361.121948242 84.382080078 300.599670410 6.105848312 -113.232833862 -254.563156128 -177.075607300 -239.634704590 -144.196899414 -268.400299072 -210.557937622 158.288131714 274.557952881 -231.762725830 108.733757019 334.130889893 -1403.364501953 -971.719421387 -1419.449462891 643.576049805 1133.653564453 -1363.822875977 615.319519043 1621.146484375 1520.069213867 273.098114014 1696.849975586 -441.681732178 -981.329772949 -1145.739501953 -1148.004638672 -1050.146240234
-190.114974976 -252.978958130 -192.938323975 183.902786255 269.985382080 -231.842529297 85.057868958 333.736114502 362.512145996 77.130126953 301.183227539 -8.853893280 -96.876930237 -252.742553711 -207.686508179 -206.178024292 -185.053817749 -229.340377808 -211.423645020 180.149520874 274.982604980 -242.289428711 104.669906616 342.494262695 362.343414307 84.745727539 301.505706787 6.431870937 -113.901870728 -255.440658569 -178.022277832 -240.460571289 -144.951766968 -269.436157227 -211.575012207 159.058319092 275.369598389 -232.662338257 108.718559265 335.559326172 -1401.748168945 -970.707092285 -1417.425537109 642.658813477 1132.688476562 -1362.659423828 614.507202148 1619.295898438 1517.815551758 272.671295166 1694.859130859 -440.735260010 -979.937866211 -1144.197509766 -1146.478027344 -1048.799682617
-190.941284180 -253.993682861 -193.912033081 184.724502563 270.800781250 -232.742263794 85.023811340 335.169616699 363.727752686 77.505279541 302.114196777 -8.570966721 -97.513206482 -253.644180298 -208.662826538 -206.966964722 -185.878570557 -230.317260742 -212.442535400 180.959960938 275.789672852 -243.191833496 104.668357849 343.932769775 363.564971924 85.108146667 302.411834717 6.756897926 -114.571502686 -256.317382812 -178.969055176 -241.285980225 -145.708755493 -270.470184326 -212.593170166 159.826644897 276.180603027 -233.562347412 108.705741882 336.987518311 -1400.137817383 -969.685241699 -1415.401733398 641.741516113 1131.723266602 -1361.495849609 613.705749512 1617.440551758 1515.561889648 272.244659424 1692.862670898 -439.800537109 -978.546081543 -1142.655517578 -1144.951538086 -1047.452880859
-191.769271851 -255.006698608 -194.887374878 185.543884277 271.615570068 -233.642364502 84.992568970 336.602905273 364.943450928 77.879249573 303.045196533 -8.288892746 -98.150344849 -254.544891357 -209.638717651 -207.756088257 -186.704681396 -231.292678833 -213.462860107 181.768157959 276.596069336 -244.094482422 104.669326782 345.371063232 364.786651611 85.469329834 303.318084717 7.080888748 -115.241737366 -257.193359375 -179.915969849 -242.110946655 -146.467910767 -271.502288818 -213.612396240 160.593124390 276.990966797 -234.462722778 108.695381165 338.415466309 -1398.533569336 -968.653930664 -1413.377807617 640.824218750 1130.758056641 -1360.332397461 612.915344238 1615.580566406 1513.308105469 271.818237305 1690.860717773 -438.877593994 -977.154418945 -1141.113403320 -1143.425292969 -1046.106079102
-192.598968506 -256.017974854 -195.864334106 186.360931396 272.429748535 -234.542831421 84.964210510 338.036010742 366.159210205 78.252037048 303.976165771 -8.007714272 -98.788345337 -255.444671631 -210.614181519 -208.545410156 -187.532180786 -232.266571045 -214.484634399 182.574111938 277.401824951 -244.997375488 104.672874451 346.809082031 366.008422852 85.829284668 304.224456787 7.403801918 -115.912559509 -258.068511963 -180.862991333 -242.935470581 -147.229278564 -272.532440186 -214.632720947 161.357742310 277.800689697 -235.363464355 108.687522888 339.843170166 -1396.935302734 -967.613159180 -1411.353881836 639.906921387 1129.792724609 -1359.168945312 612.135864258 1613.715820312 1511.054443359 271.391998291 1688.853393555 -437.966461182 -975.762817383 -1139.571166992 -1141.898925781 -1044.759155273
-193.430450439 -257.027465820 -196.842910767 187.175659180 273.243316650 -235.443649292 84.938789368 339.468933105 367.375091553 78.623649597 304.907196045 -7.727473736 -99.427200317 -256.343536377 -211.589233398 -209.334915161 -188.361083984 -233.238937378 -215.507858276 183.377822876 278.206939697 -245.900527954 104.679069519 348.246826172 367.230255127 86.188003540 305.130950928 7.725596905 -116.583992004 -258.942932129 -181.810150146 -243.759567261 -147.992858887 -273.560638428 -215.654098511 162.120498657 278.609802246 -236.264572144 108.682228088 341.270629883 -1395.343261719 -966.563049316 -1409.330078125 638.989624023 1128.827514648 -1358.005615234 611.367370605 1611.846679688 1508.800659180 270.965972900 1686.840820312 -437.067169189 -974.371398926 -1138.028930664 -1140.372802734 -1043.411987305
-194.263702393 -258.035156250 -197.823089600 187.988037109 274.056243896 -236.344848633 84.916366577 340.901641846 368.591064453 78.994079590 305.838226318 -7.448212147 -100.066925049 -257.241485596 -212.563888550 -210.124618530 -189.191467285 -234.209716797 -216.532516479 184.179290771 279.011383057 -246.803909302 104.687957764 349.684295654 368.452209473 86.545494080 306.037597656 8.046232224 -117.256011963 -259.816558838 -182.757446289 -244.583206177 -148.758728027 -274.586853027 -216.676559448 162.881378174 279.418273926 -237.166061401 108.679565430 342.697875977 -1393.751342773 -965.512756348 -1407.306152344 638.072326660 1127.862304688 -1356.842163086 610.609863281 1609.972900391 1506.546752930 270.540100098 1684.822875977 -436.179748535 -972.980041504 -1136.486450195 -1138.846801758 -1042.064819336
-195.098770142 -259.041046143 -198.804885864 188.798095703 274.868560791 -237.246398926 84.897010803 342.334106445 369.807098389 79.363327026 306.769317627 -7.169971943 -100.707504272 -258.138488770 -213.538131714 -210.914520264 -190.023300171 -235.178924561 -217.558609009 184.978500366 279.815185547 -247.707534790 104.699607849 351.121490479 369.674224854 86.901748657 306.944427490 8.365666389 -117.928634644 -260.689392090 -183.704864502 -245.406417847 -149.526855469 -275.611022949 -217.700088501 163.640411377 280.226104736 -238.067916870 108.679595947 344.124847412 -1392.159545898 -964.462341309 -1405.282348633 637.154968262 1126.896972656 -1355.678710938 609.863464355 1608.094726562 1504.292968750 270.114471436 1682.799804688 -435.304260254 -971.588806152 -1134.943969727 -1137.320922852 -1040.717407227
-195.935607910 -260.045104980 -199.788284302 189.605789185 275.680236816 -238.148315430 84.880775452 343.766387939 371.023223877 79.731407166 307.700469971 -6.892796040 -101.348945618 -259.034576416 -214.511978149 -211.704635620 -190.856582642 -236.146545410 -218.586120605 185.775466919 280.618316650 -248.611404419 104.714088440 352.558410645 370.896362305 87.256774902 307.851409912 8.683857918 -118.601852417 -261.561462402 -184.652420044 -246.229202271 -150.297256470 -276.633178711 -218.724685669 164.397567749 281.033294678 -238.970123291 108.682373047 345.551544189 -1390.567749023 -963.411804199 -1403.258422852 636.237670898 1125.931640625 -1354.515380859 609.128173828 1606.212280273 1502.039062500 269.688995361 1680.771606445 -434.440673828 -970.197631836 -1133.401367188 -1135.795043945 -1039.369995117
-196.774246216 -261.047332764 -200.773269653 190.411132812 276.491333008 -239.050582886 84.867721558 345.198455811 372.239471436 80.098304749 308.631713867 -6.616726875 -101.991241455 -259.929748535 -215.485427856 -212.494949341 -191.691314697 -237.112579346 -219.615066528 186.570175171 281.420806885 -249.515533447 104.731452942 353.995056152 372.118560791 87.610572815 308.758575439 9.000763893 -119.275665283 -262.432739258 -185.600128174 -247.051544189 -151.069900513 -277.653350830 -219.750335693 165.152862549 281.839874268 -239.872711182 108.687965393 346.977996826 -1388.976074219 -962.361145020 -1401.234619141 635.320312500 1124.966308594 -1353.352050781 608.403930664 1604.325439453 1499.785156250 269.263702393 1678.738281250 -433.589050293 -968.806640625 -1131.858642578 -1134.269287109 -1038.022338867
-197.614654541 -262.047760010 -201.759857178 191.214126587 277.301757812 -239.953216553 84.857917786 346.630279541 373.455749512 80.464027405 309.563018799 -6.341807365 -102.634399414 -260.823974609 -216.458496094 -213.285461426 -192.527481079 -238.077041626 -220.645431519 187.362609863 282.222625732 -250.419891357 104.751762390 355.431396484 373.340850830 87.963134766 309.665954590 9.316343307 -119.950080872 -263.303222656 -186.547988892 -247.873458862 -151.844818115 -278.671447754 -220.777053833 165.906265259 282.645812988 -240.775665283 108.696434021 348.404174805 -1387.384521484 -961.310363770 -1399.210693359 634.402954102 1124.000976562 -1352.188598633 607.690856934 1602.434326172 1497.531127930 268.838623047 1676.700073242 -432.749450684 -967.415710449 -1130.315917969 -1132.743652344 -1036.674682617
-198.456848145 -263.046356201 -202.748031616 192.014770508 278.111602783 -240.856201172 84.851417542 348.061859131 374.672149658 80.828567505 310.494415283 -6.068080902 -103.278419495 -261.717285156 -217.431167603 -214.076187134 -193.365112305 -239.039886475 -221.677200317 188.152801514 283.023803711 -251.324478149 104.775085449 356.867431641 374.563232422 88.314476013 310.573547363 9.630553246 -120.625091553 -264.172943115 -187.495986938 -248.694961548 -152.621963501 -279.687530518 -221.804840088 166.657806396 283.451110840 -241.678985596 108.707839966 349.830078125 -1385.792968750 -960.259399414 -1397.186889648 633.485656738 1123.035644531 -1351.025268555 606.988891602 1600.539184570 1495.277099609 268.413696289 1674.656860352 -431.921844482 -966.024902344 -1128.772949219 -1131.218139648 -1035.326904297
-199.300811768 -264.043090820 -203.737792969 192.813034058 278.920806885 -241.759552002 84.848281860 349.493194580 375.888610840 81.191940308 311.425903320 -5.795589447 -103.923294067 -262.609649658 -218.403457642 -214.867111206 -194.204177856 -240.001159668 -222.710388184 188.940704346 283.824340820 -252.229324341 104.801483154 358.303161621 375.785705566 88.664581299 311.481353760 9.943351746 -121.300704956 -265.041839600 -188.444152832 -249.516021729 -153.401367188 -280.701599121 -222.833663940 167.407470703 284.255767822 -242.582656860 108.722244263 351.255676270 -1384.201538086 -959.208374023 -1395.162963867 632.568298340 1122.070312500 -1349.861938477 606.298156738 1598.639770508 1493.023071289 267.988983154 1672.608886719 -431.106323242 -964.634155273 -1127.229980469 -1129.692749023 -1033.978881836
-200.146560669 -265.038024902 -204.729125977 193.608947754 279.729400635 -242.663253784 84.848579407 350.924285889 377.105163574 81.554138184 312.357513428 -5.524377823 -104.569030762 -263.501098633 -219.375366211 -215.658264160 -195.044692993 -240.960830688 -223.744995117 189.726348877 284.624206543 -253.134399414 104.831016541 359.738555908 377.008239746 89.013458252 312.389404297 10.254694939 -121.976913452 -265.910003662 -189.392471313 -250.336669922 -154.182998657 -281.713592529 -223.863540649 168.155258179 285.059783936 -243.486709595 108.739700317 352.681030273 -1382.610229492 -958.157165527 -1393.139160156 631.650939941 1121.104858398 -1348.698608398 605.618591309 1596.736450195 1490.769042969 267.564453125 1670.556030273 -430.302856445 -963.243591309 -1125.686889648 -1128.167480469 -1032.630859375
-200.994064331 -266.031097412 -205.722030640 194.402481079 280.537353516 -243.567306519 84.852363586 352.355133057 378.321777344 81.915153503 313.289276123 -5.254488945 -105.215621948 -264.391601562 -220.346908569 -216.449615479 -195.886627197 -241.918914795 -224.780990601 190.509719849 285.423431396 -254.039718628 104.863746643 361.173645020 378.230865479 89.361114502 313.297698975 10.564541817 -122.653717041 -266.777343750 -190.340957642 -251.156906128 -154.966873169 -282.723541260 -224.894470215 168.901168823 285.863159180 -244.391098022 108.760284424 354.106048584 -1381.018920898 -957.105834961 -1391.115234375 630.733520508 1120.139526367 -1347.535400391 604.950256348 1594.829101562 1488.515014648 267.140075684 1668.498657227 -429.511505127 -961.853088379 -1124.143676758 -1126.642333984 -1031.282714844
-201.843338013 -267.022338867 -206.716506958 195.193634033 281.344696045 -244.471710205 84.859703064 353.785705566 379.538482666 82.275001526 314.221160889 -4.985966206 -105.863075256 -265.281158447 -221.318069458 -217.241195679 -196.730010986 -242.875381470 -225.818389893 191.290817261 286.222015381 -254.945281982 104.899742126 362.608398438 379.453552246 89.707534790 314.206237793 10.872848511 -123.331123352 -267.643890381 -191.289611816 -251.976730347 -155.752975464 -283.731445312 -225.926452637 169.645187378 286.665924072 -245.295867920 108.784049988 355.530761719 -1379.427856445 -956.054443359 -1389.091430664 629.816162109 1119.174072266 -1346.372070312 604.293212891 1592.917846680 1486.260864258 266.715911865 1666.436523438 -428.732299805 -960.462707520 -1122.600463867 -1125.117187500 -1029.934448242
-202.694366455 -268.011718750 -207.712554932 195.982421875 282.151428223 -245.376464844 84.870658875 355.215972900 380.755249023 82.633674622 315.153167725 -4.718854427 -106.511383057 -266.169769287 -222.288864136 -218.033004761 -197.574829102 -243.830245972 -226.857177734 192.069625854 287.019927979 -255.851074219 104.939056396 364.042816162 380.676330566 90.052734375 315.115081787 11.179571152 -124.009124756 -268.509674072 -192.238433838 -252.796127319 -156.541305542 -284.737304688 -226.959472656 170.387313843 287.468017578 -246.200988770 108.811065674 356.955169678 -1377.836669922 -955.002868652 -1387.067626953 628.898803711 1118.208618164 -1345.208862305 603.647399902 1591.002807617 1484.006713867 266.291931152 1664.369873047 -427.965270996 -959.072448730 -1121.057006836 -1123.592163086 -1028.585937500
-203.547149658 -268.999267578 -208.710159302 196.768814087 282.957519531 -246.281585693 84.885292053 356.645965576 381.972106934 82.991172791 316.085357666 -4.453197479 -107.160552979 -267.057464600 -223.259307861 -218.825012207 -198.421066284 -244.783523560 -227.897369385 192.846145630 287.817169189 -256.757110596 104.981758118 365.476867676 381.899169922 90.396705627 316.024200439 11.484665871 -124.687721252 -269.374633789 -193.187423706 -253.615112305 -157.331848145 -285.741058350 -227.993530273 171.127563477 288.269500732 -247.106460571 108.841384888 358.379272461 -1376.245727539 -953.951110840 -1385.043701172 627.981384277 1117.243164062 -1344.045532227 603.001403809 1589.087768555 1481.752441406 265.868103027 1662.298706055 -427.210388184 -957.682250977 -1119.513549805 -1122.067382812 -1027.237426758
-204.401687622 -269.984954834 -209.709320068 197.552810669 283.763000488 -247.187042236 84.903594971 358.075653076 383.189025879 83.347503662 317.017700195 -4.189039230 -107.810600281 -267.944213867 -224.229385376 -219.617263794 -199.268737793 -245.735183716 -228.938934326 193.620391846 288.613800049 -257.663360596 105.027839661 366.910552979 383.122100830 90.739456177 316.933624268 11.788090706 -125.366920471 -270.238830566 -194.136596680 -254.433700562 -158.124618530 -286.742767334 -229.028625488 171.865921021 289.070343018 -248.012298584 108.875007629 359.803009033 -1374.654785156 -952.899291992 -1383.019897461 627.064025879 1116.277709961 -1342.882324219 602.355285645 1587.172851562 1479.498168945 265.444458008 1660.223144531 -426.467742920 -956.292236328 -1117.969970703 -1120.542602539 -1025.888793945
-205.257980347 -270.968780518 -210.710021973 198.334426880 284.567840576 -248.092849731 84.925567627 359.505065918 384.406005859 83.702659607 317.950225830 -3.926424503 -108.461532593 -268.830078125 -225.199096680 -220.409729004 -200.117828369 -246.685226440 -229.981887817 194.392333984 289.409759521 -258.569885254 105.077301025 368.343872070 384.345092773 91.080978394 317.843353271 12.089800835 -126.046722412 -271.102203369 -195.085968018 -255.251876831 -158.919586182 -287.742401123 -230.064758301 172.602386475 289.870544434 -248.918487549 108.911933899 361.226440430 -1373.063964844 -951.847351074 -1380.996093750 626.146606445 1115.312133789 -1341.719116211 601.709045410 1585.257934570 1477.243896484 265.020996094 1658.143188477 -425.737365723 -954.902282715 -1116.426391602 -1119.017822266 -1024.540039062
-206.116027832 -271.950775146 -211.712265015 199.113647461 285.372070312 -248.999008179 84.951210022 360.934112549 385.623077393 84.056640625 318.882934570 -3.665397882 -109.113380432 -269.715087891 -226.168472290 -221.202423096 -200.968338013 -247.633666992 -231.026214600 195.161987305 290.205047607 -259.476623535 105.130142212 369.776824951 385.568176270 91.421272278 318.753387451 12.389751434 -126.727119446 -271.964813232 -196.035507202 -256.069641113 -159.716766357 -288.739959717 -231.101913452 173.336959839 290.670104980 -249.825027466 108.952156067 362.649505615 -1371.473266602 -950.795288086 -1378.972290039 625.229248047 1114.346679688 -1340.555786133 601.062561035 1583.343017578 1474.989624023 264.597717285 1656.059082031 -425.019226074 -953.512451172 -1114.882568359 -1117.493286133 -1023.191162109
-206.975799561 -272.930877686 -212.716064453 199.890472412 286.175659180 -249.905517578 84.980514526 362.362884521 386.840209961 84.409454346 319.815856934 -3.406004906 -109.766136169 -270.599212646 -227.137496948 -221.995346069 -201.820281982 -248.580474854 -232.071914673 195.929351807 290.999694824 -260.383605957 105.186355591 371.209381104 386.791290283 91.760345459 319.663787842 12.687899590 -127.408111572 -272.826599121 -196.985244751 -256.886993408 -160.516159058 -289.735412598 -232.140106201 174.069641113 291.469024658 -250.731933594 108.995681763 364.072235107 -1369.882568359 -949.743041992 -1376.948364258 624.311828613 1113.381225586 -1339.392578125 600.416015625 1581.428222656 1472.735351562 264.174591064 1653.970703125 -424.313385010 -952.122680664 -1113.338745117 -1115.968872070 -1021.842163086
-207.837326050 -273.909118652 -213.721389771 200.664886475 286.978637695 -250.812362671 85.013488770 363.791290283 388.057403564 84.761100769 320.748962402 -3.148289919 -110.419830322 -271.482482910 -228.106185913 -222.788497925 -202.673629761 -249.525680542 -233.118972778 196.694396973 291.793701172 -261.290802002 105.245933533 372.641540527 388.014495850 92.098197937 320.574493408 12.984199524 -128.089706421 -273.687591553 -197.935180664 -257.703979492 -161.317733765 -290.728759766 -233.179321289 174.800415039 292.267303467 -251.639175415 109.042503357 365.494598389 -1368.291992188 -948.690673828 -1374.924560547 623.394409180 1112.415649414 -1338.229370117 599.769287109 1579.513427734 1470.480957031 263.751647949 1651.878295898 -423.619873047 -950.733093262 -1111.794677734 -1114.444458008 -1020.493041992
-208.700576782 -274.885498047 -214.728240967 201.436889648 287.780975342 -251.719558716 85.050117493 365.219360352 389.274688721 85.111572266 321.682312012 -2.892298460 -111.074462891 -272.364898682 -229.074523926 -223.581893921 -203.528396606 -250.469268799 -234.167404175 197.457153320 292.587066650 -262.198242188 105.308891296 374.073303223 389.237762451 92.434822083 321.485565186 13.278607368 -128.771896362 -274.547790527 -198.885314941 -258.520538330 -162.121505737 -291.720031738 -234.219558716 175.529281616 293.064941406 -252.546783447 109.092605591 366.916564941 -1366.701538086 -947.638244629 -1372.900756836 622.476989746 1111.450073242 -1337.066284180 599.122375488 1577.598754883 1468.226562500 263.328887939 1649.781738281 -422.938690186 -949.343566895 -1110.250610352 -1112.920166016 -1019.143798828
-209.565567017 -275.859985352 -215.736618042 202.206481934 288.582702637 -252.627105713 85.090400696 366.647064209 390.492004395 85.460876465 322.615875244 -2.638076067 -111.730033875 -273.246520996 -230.042526245 -224.375518799 -204.384567261 -251.411224365 -235.217193604 198.217590332 293.379760742 -263.105926514 105.375205994 375.504669189 390.461120605 92.770225525 322.397003174 13.571078300 -129.454681396 -275.407196045 -199.835647583 -259.336730957 -162.927459717 -292.709197998 -235.260818481 176.256256104 293.861938477 -253.454742432 109.146003723 368.338195801 -1365.111083984 -946.585632324 -1370.876953125 621.559570312 1110.484497070 -1335.903076172 598.475280762 1575.684082031 1465.972167969 262.906311035 1647.681274414 -422.269866943 -947.954162598 -1108.706542969 -1111.395996094 -1017.794494629
-210.432281494 -276.832611084 -216.746520996 202.973648071 289.383819580 -253.534973145 85.134346008 368.074401855 391.709411621 85.809005737 323.549652100 -2.385668516 -112.386558533 -274.127258301 -231.010208130 -225.169387817 -205.242156982 -252.351547241 -236.268341064 198.975723267 294.171813965 -264.013824463 105.444885254 376.935607910 391.684509277 93.104408264 323.308807373 13.861566544 -130.138076782 -276.265777588 -200.786193848 -260.152496338 -163.735610962 -293.696258545 -236.303085327 176.981323242 294.658294678 -254.363037109 109.202690125 369.759399414 -1363.520751953 -945.532897949 -1368.853149414 620.642150879 1109.518920898 -1334.739868164 597.828125000 1573.769409180 1463.717651367 262.483856201 1645.576782227 -421.613433838 -946.564880371 -1107.162231445 -1109.871948242 -1016.445007324
-211.300720215 -277.803344727 -217.757934570 203.738403320 290.184265137 -254.443206787 85.181938171 369.501373291 392.926879883 86.155975342 324.483703613 -2.135121584 -113.044044495 -275.007202148 -231.977554321 -225.963485718 -206.101150513 -253.290252686 -237.320831299 199.731536865 294.963195801 -264.921966553 105.517921448 378.366119385 392.907989502 93.437362671 324.221008301 14.150026321 -130.822067261 -277.123565674 -201.736938477 -260.967895508 -164.545928955 -294.681213379 -237.346374512 177.704467773 295.454010010 -255.271682739 109.262657166 371.180236816 -1361.930541992 -944.480041504 -1366.829223633 619.724731445 1108.553344727 -1333.576782227 597.180725098 1571.854858398 1461.463134766 262.061614990 1643.468505859 -420.969421387 -945.175659180 -1105.617919922 -1108.348022461 -1015.095397949
-212.170883179 -278.772216797 -218.770858765 204.500732422 290.984130859 -255.351760864 85.233177185 370.927947998 394.144378662 86.501777649 325.417999268 -1.886481285 -113.702476501 -275.886322021 -232.944580078 -226.757843018 -206.961547852 -254.227325439 -238.374679565 200.485046387 295.753936768 -265.830352783 105.594322205 379.796203613 394.131500244 93.769104004 325.133575439 14.436413765 -131.506652832 -277.980560303 -202.687896729 -261.782867432 -165.358413696 -295.664031982 -238.390670776 178.425720215 296.249114990 -256.180694580 109.325897217 372.600677490 -1360.340454102 -943.427062988 -1364.805419922 618.807250977 1107.587768555 -1332.413574219 596.533203125 1569.940429688 1459.208618164 261.639526367 1641.356567383 -420.337829590 -943.786621094 -1104.073486328 -1106.824218750 -1013.745727539
-213.042755127 -279.739196777 -219.785293579 205.260620117 291.783325195 -256.260681152 85.288063049 372.354156494 395.361968994 86.846405029 326.352539062 -1.639793873 -114.361877441 -276.764617920 -233.911285400 -227.552429199 -207.823348999 -255.162765503 -239.429855347 201.236221313 296.544036865 -266.738952637 105.674064636 381.225830078 395.355102539 94.099617004 326.046569824 14.720682144 -132.191848755 -278.836761475 -203.639083862 -262.597503662 -166.173080444 -296.644714355 -239.435989380 179.145050049 297.043548584 -257.090026855 109.392425537 374.020721436 -1358.750366211 -942.373962402 -1362.781616211 617.889831543 1106.622192383 -1331.250488281 595.885559082 1568.026000977 1456.954101562 261.217590332 1639.240844727 -419.718688965 -942.397644043 -1102.528930664 -1105.300415039 -1012.395935059
-213.916351318 -280.704284668 -220.801223755 206.018081665 292.581939697 -257.169921875 85.346588135 373.779937744 396.579620361 87.189872742 327.287353516 -1.395105720 -115.022247314 -277.642089844 -234.877670288 -228.347259521 -208.686538696 -256.096588135 -240.486373901 201.985076904 297.333465576 -267.647766113 105.757164001 382.655029297 396.578735352 94.428916931 326.959960938 15.002785683 -132.877639771 -279.692138672 -204.590484619 -263.411712646 -166.989898682 -297.623291016 -240.482299805 179.862472534 297.837341309 -257.999725342 109.462219238 375.440338135 -1357.160400391 -941.320739746 -1360.757812500 616.972412109 1105.656494141 -1330.087402344 595.237670898 1566.111572266 1454.699462891 260.795837402 1637.121582031 -419.112030029 -941.008789062 -1100.984252930 -1103.776855469 -1011.045959473
-214.791641235 -281.667449951 -221.818649292 206.773117065 293.379882812 -258.079498291 85.408752441 375.205322266 397.797302246 87.532165527 328.222473145 -1.152463555 -115.683578491 -278.518737793 -235.843750000 -229.142349243 -209.551132202 -257.028747559 -241.544235229 202.731597900 298.122283936 -268.556823730 105.843605042 384.083740234 397.802459717 94.756988525 327.873779297 15.282678604 -133.564025879 -280.546691895 -205.542098999 -264.225555420 -167.808883667 -298.599731445 -241.529602051 180.577972412 298.630493164 -258.909759521 109.535285950 376.859527588 -1355.570434570 -940.267395020 -1358.734008789 616.054931641 1104.690917969 -1328.924316406 594.589721680 1564.197265625 1452.444824219 260.374237061 1634.998779297 -418.517883301 -939.619995117 -1099.439453125 -1102.253295898 -1009.695922852
-215.668655396 -282.628753662 -222.837570190 207.525695801 294.177246094 -258.989410400 85.474555969 376.630279541 399.015045166 87.873298645 329.157836914 -0.911914229 -116.345870972 -279.394592285 -236.809509277 -229.937683105 -210.417114258 -257.959259033 -242.603408813 203.475799561 298.910400391 -269.466125488 105.933395386 385.512023926 399.026214600 95.083847046 328.788024902 15.560314178 -134.251007080 -281.400451660 -206.493957520 -265.039001465 -168.630004883 -299.574005127 -242.577911377 181.291564941 299.423004150 -259.820129395 109.611625671 378.278289795 -1353.980590820 -939.213928223 -1356.710205078 615.137512207 1103.725219727 -1327.761108398 593.941589355 1562.282958984 1450.190185547 259.952819824 1632.872436523 -417.936218262 -938.231384277 -1097.894653320 -1100.729858398 -1008.345764160
-216.547363281 -283.588134766 -223.857971191 208.275833130 294.973937988 -259.899658203 85.543991089 378.054840088 400.232849121 88.213264465 330.093505859 -0.673504651 -117.009140015 -280.269592285 -237.774978638 -230.733276367 -211.284484863 -258.888153076 -243.663909912 204.217666626 299.697906494 -270.375640869 106.026519775 386.939819336 400.250030518 95.409484863 329.702697754 15.835644722 -134.938598633 -282.253417969 -207.446044922 -265.852081299 -169.453292847 -300.546173096 -243.627227783 182.003219604 300.214874268 -260.730834961 109.691230774 379.696594238 -1352.390869141 -938.160278320 -1354.686401367 614.220031738 1102.759521484 -1326.598022461 593.293273926 1560.368652344 1447.935546875 259.531555176 1630.742797852 -417.367126465 -936.842834473 -1096.349731445 -1099.206420898 -1006.995544434
-217.427764893 -284.545623779 -224.879852295 209.023513794 295.770019531 -260.810241699 85.617050171 379.478912354 401.450714111 88.552062988 331.029479980 -0.437282056 -117.673377991 -281.143768311 -238.740127563 -231.529129028 -212.153244019 -259.815399170 -244.725723267 204.957183838 300.484741211 -271.285400391 106.122985840 388.367126465 401.473876953 95.733901978 330.617828369 16.108625412 -135.626785278 -283.105560303 -208.398361206 -266.664794922 -170.278717041 -301.516174316 -244.677520752 182.712966919 301.006103516 -261.641876221 109.774093628 381.114471436 -1350.801269531 -937.106567383 -1352.662597656 613.302612305 1101.793945312 -1325.435058594 592.644775391 1558.454589844 1445.680786133 259.110443115 1628.609741211 -416.810577393 -935.454406738 -1094.804687500 -1097.683227539 -1005.645141602
-218.309860229 -285.501190186 -225.903213501 209.768753052 296.565460205 -261.721160889 85.693740845 380.902557373 402.668640137 88.889701843 331.965728760 -0.203293815 -118.338592529 -282.017150879 -239.704986572 -232.325225830 -213.023391724 -260.740966797 -245.788864136 205.694366455 301.270935059 -272.195343018 106.222785950 389.793975830 402.697814941 96.057106018 331.533416748 16.379209518 -136.315567017 -283.956878662 -209.350906372 -267.477111816 -171.106277466 -302.484008789 -245.728820801 183.420776367 301.796691895 -262.553283691 109.860214233 382.531921387 -1349.211669922 -936.052673340 -1350.638793945 612.385131836 1100.828247070 -1324.271972656 591.996215820 1556.540405273 1443.426025391 258.689483643 1626.473510742 -416.266632080 -934.066040039 -1093.259521484 -1096.160034180 -1004.294616699
-219.193649292 -286.454864502 -226.928054810 210.511520386 297.360290527 -262.632415771 85.774055481 382.325744629 403.886596680 89.226173401 332.902313232 0.028412525 -119.004776001 -282.889678955 -240.669555664 -233.121582031 -213.894927979 -261.664916992 -246.853317261 206.429199219 302.056488037 -273.105560303 106.325912476 391.220306396 403.921783447 96.379089355 332.449432373 16.647348404 -137.004943848 -284.807403564 -210.303680420 -268.289031982 -171.935974121 -303.449676514 -246.781097412 184.126663208 302.586639404 -263.465026855 109.949600220 383.948883057 -1347.622192383 -934.998718262 -1348.614990234 611.467651367 1099.862548828 -1323.108886719 591.347412109 1554.626342773 1441.171264648 258.268707275 1624.334106445 -415.735229492 -932.677856445 -1091.714355469 -1094.637084961 -1002.944030762
-220.079132080 -287.406616211 -227.954345703 211.251831055 298.154479980 -263.544006348 85.857986450 383.748474121 405.104614258 89.561477661 333.839202881 0.257789224 -119.671928406 -283.761413574 -241.633819580 -233.918182373 -214.767837524 -262.587188721 -247.919067383 207.161697388 302.841369629 -274.015960693 106.432365417 392.646118164 405.145812988 96.699851990 333.365936279 16.912994385 -137.694931030 -285.657104492 -211.256713867 -269.100585938 -172.767791748 -304.413177490 -247.834350586 184.830627441 303.375946045 -264.377075195 110.042228699 385.365386963 -1346.032836914 -933.944580078 -1346.591186523 610.550170898 1098.896850586 -1321.945800781 590.698486328 1552.712280273 1438.916503906 257.848052979 1622.194824219 -415.203460693 -931.289733887 -1090.168945312 -1093.114135742 -1001.593322754
-220.966293335 -288.356445312 -228.982101440 211.989669800 298.948059082 -264.455902100 85.945541382 385.170715332 406.322662354 89.895622253 334.776428223 0.484834760 -120.340057373 -284.632293701 -242.597793579 -234.715057373 -215.642120361 -263.507812500 -248.986114502 207.891845703 303.625640869 -274.926605225 106.542144775 394.071441650 406.369873047 97.019393921 334.282897949 17.176145554 -138.385528564 -286.505981445 -212.209976196 -269.911773682 -173.601730347 -305.374542236 -248.888595581 185.532653809 304.164581299 -265.289489746 110.138114929 386.781402588 -1344.443481445 -932.890380859 -1344.567382812 609.632751465 1097.931030273 -1320.782836914 590.049438477 1550.798339844 1436.661743164 257.427581787 1620.055541992 -414.671295166 -929.901733398 -1088.623535156 -1091.591308594 -1000.242431641
-221.855133057 -289.304351807 -230.011306763 212.725051880 299.740997314 -265.368164062 86.036697388 386.592498779 407.540771484 90.228599548 335.713928223 0.709547520 -121.009155273 -285.502349854 -243.561477661 -235.512191772 -216.517776489 -264.426788330 -250.054458618 208.619628906 304.409240723 -275.837493896 106.655250549 395.496246338 407.593994141 97.337730408 335.200317383 17.436801910 -139.076705933 -287.354034424 -213.163482666 -270.722595215 -174.437789917 -306.333679199 -249.943817139 186.232742310 304.952606201 -266.202239990 110.237243652 388.196960449 -1342.854248047 -931.835998535 -1342.543579102 608.715270996 1096.965332031 -1319.619750977 589.400146484 1548.884399414 1434.406860352 257.007263184 1617.916503906 -414.138732910 -928.513854980 -1087.078002930 -1090.068481445 -998.891479492
-222.745651245 -290.250335693 -231.041976929 213.457946777 300.533294678 -266.280731201 86.131477356 388.013763428 408.758941650 90.560424805 336.651763916 0.931925952 -121.679229736 -286.371582031 -244.524887085 -236.309585571 -217.394805908 -265.344116211 -251.124099731 209.345062256 305.192169189 -276.748596191 106.771659851 396.920532227 408.818145752 97.654838562 336.118194580 17.694957733 -139.768493652 -288.201293945 -214.117248535 -271.533020020 -175.275970459 -307.290679932 -251.000000000 186.930892944 305.739959717 -267.115325928 110.339614868 389.611999512 -1341.265136719 -930.781555176 -1340.519775391 607.797790527 1095.999633789 -1318.456787109 588.750793457 1546.970581055 1432.151977539 256.587097168 1615.777465820 -413.605804443 -927.126098633 -1085.532348633 -1088.545898438 -997.540405273
-223.637832642 -291.194396973 -232.074081421 214.188369751 301.324981689 -267.193634033 86.229858398 389.434509277 409.977142334 90.891075134 337.589874268 1.151968479 -122.350273132 -287.239959717 -245.488006592 -237.107238770 -218.273208618 -266.259765625 -252.195022583 210.068130493 305.974487305 -277.659912109 106.891395569 398.344268799 410.042358398 97.970741272 337.036499023 17.950613022 -140.460876465 -289.047698975 -215.071258545 -272.343078613 -176.116256714 -308.245452881 -252.057174683 187.627120972 306.526702881 -268.028717041 110.445236206 391.026550293 -1339.676025391 -929.726928711 -1338.495971680 606.880310059 1095.033813477 -1317.293701172 588.101196289 1545.056762695 1429.896972656 256.167083740 1613.638549805 -413.072540283 -925.738403320 -1083.986694336 -1087.023315430 -996.189270020
-224.531692505 -292.136535645 -233.107620239 214.916305542 302.116027832 -268.106842041 86.331840515 390.854766846 411.195373535 91.220573425 338.528259277 1.369673371 -123.022293091 -288.107513428 -246.450851440 -237.905166626 -219.152969360 -267.173736572 -253.267227173 210.788833618 306.756134033 -278.571441650 107.014434814 399.767456055 411.266601562 98.285423279 337.955230713 18.203763962 -141.153869629 -289.893310547 -216.025512695 -273.152770996 -176.958633423 -309.198059082 -253.115310669 188.321395874 307.312774658 -268.942474365 110.554084778 392.440612793 -1338.087036133 -928.672180176 -1336.472167969 605.962829590 1094.068115234 -1316.130737305 587.451538086 1543.142944336 1427.642089844 255.747238159 1611.499633789 -412.538879395 -924.350830078 -1082.440917969 -1085.500976562 -994.837951660
-225.427215576 -293.076751709 -234.142593384 215.641754150 302.906433105 -269.020385742 86.437423706 392.274505615 412.413665771 91.548904419 339.466949463 1.585039020 -123.695281982 -288.974212646 -247.413406372 -238.703353882 -220.034103394 -268.086059570 -254.340728760 211.507171631 307.537139893 -279.483184814 107.140785217 401.190124512 412.490875244 98.598892212 338.874420166 18.454408646 -141.847457886 -290.738098145 -216.980026245 -273.962066650 -177.803115845 -310.148468018 -254.174407959 189.013717651 308.098205566 -269.856536865 110.666168213 393.854156494 -1336.498168945 -927.617309570 -1334.448364258 605.045288086 1093.102294922 -1314.967773438 586.801635742 1541.229248047 1425.387084961 255.327529907 1609.360839844 -412.004882812 -922.963378906 -1080.894897461 -1083.978637695 -993.486572266
-226.324401855 -294.014984131 -235.179016113 216.364700317 303.696228027 -269.934265137 86.546600342 393.693695068 413.631988525 91.876075745 340.405883789 1.798063874 -124.369247437 -289.840087891 -248.375701904 -239.501800537 -220.916595459 -268.996704102 -255.415481567 212.223144531 308.317474365 -280.395172119 107.270431519 402.612213135 413.715209961 98.911140442 339.794006348 18.702543259 -142.541656494 -291.582031250 -217.934799194 -274.771026611 -178.649688721 -311.096649170 -255.234466553 189.704101562 308.882995605 -270.770935059 110.781486511 395.267181396 -1334.909301758 -926.562377930 -1332.424560547 604.127807617 1092.136474609 -1313.804809570 586.151611328 1539.315673828 1423.132080078 254.907974243 1607.222167969 -411.470550537 -921.576049805 -1079.348999023 -1082.456298828 -992.135070801
-227.223236084 -294.951324463 -236.216842651 217.085159302 304.485382080 -270.848449707 86.659370422 395.112365723 414.850341797 92.202087402 341.345123291 2.008746147 -125.044181824 -290.705108643 -249.337707520 -240.300521851 -221.800445557 -269.905670166 -256.491516113 212.936737061 309.097198486 -281.307373047 107.403381348 404.033752441 414.939575195 99.222175598 340.714019775 18.948167801 -143.236434937 -292.425170898 -218.889846802 -275.579589844 -179.498352051 -312.042633057 -256.295501709 190.392547607 309.667114258 -271.685668945 110.900032043 396.679687500 -1333.320556641 -925.507263184 -1330.400756836 603.210327148 1091.170654297 -1312.641723633 585.501464844 1537.401977539 1420.877075195 254.488571167 1605.083618164 -410.935882568 -920.188842773 -1077.802856445 -1080.934204102 -990.783386230
-228.123733521 -295.885681152 -237.256103516 217.803131104 305.273895264 -271.762969971 86.775733948 396.530487061 416.068756104 92.526939392 342.284637451 2.217083931 -125.720092773 -291.569274902 -250.299453735 -241.099517822 -222.685653687 -270.812957764 -257.568817139 213.647949219 309.876251221 -282.219787598 107.539627075 405.454711914 416.163970947 99.531997681 341.634429932 19.191276550 -143.931838989 -293.267486572 -219.845138550 -276.387786865 -180.349090576 -312.986419678 -257.357482910 191.079040527 310.450622559 -272.600708008 111.021804810 398.091644287 -1331.731933594 -924.452026367 -1328.376953125 602.292846680 1090.204956055 -1311.478759766 584.851135254 1535.488525391 1418.622070312 254.069305420 1602.945068359 -410.400909424 -918.801696777 -1076.256591797 -1079.412231445 -989.431701660
-229.025863647 -296.818115234 -238.296768188 218.518585205 306.061767578 -272.677825928 86.895683289 397.948028564 417.287200928 92.850624084 343.224395752 2.423075914 -126.396972656 -292.432586670 -251.260940552 -241.898773193 -223.572204590 -271.718566895 -258.647369385 214.356796265 310.654663086 -283.132446289 107.679168701 406.875061035 417.388427734 99.840614319 342.555267334 19.431869507 -144.627822876 -294.108947754 -220.800704956 -277.195617676 -181.201919556 -313.927978516 -258.420410156 191.763580322 311.233459473 -273.516113281 111.146789551 399.503051758 -1330.143310547 -923.396667480 -1326.353149414 601.375366211 1089.239135742 -1310.315795898 584.200622559 1533.574951172 1416.366943359 253.650207520 1600.806640625 -409.865600586 -917.414672852 -1074.710327148 -1077.890258789 -988.079833984
-229.929656982 -297.748596191 -239.338836670 219.231536865 306.849029541 -273.592987061 87.019218445 399.365020752 418.505676270 93.173156738 344.164398193 2.626719952 -127.074829102 -293.295043945 -252.222152710 -242.698303223 -224.460113525 -272.622497559 -259.727172852 215.063247681 311.432434082 -284.045288086 107.821998596 408.294860840 418.612884521 100.148002625 343.476470947 19.669944763 -145.324417114 -294.949584961 -221.756530762 -278.003112793 -182.056808472 -314.867309570 -259.484283447 192.446166992 312.015686035 -274.431823730 111.275001526 400.913940430 -1328.554809570 -922.341186523 -1324.329467773 600.457824707 1088.273193359 -1309.152954102 583.549987793 1531.661499023 1414.111816406 253.231246948 1598.668334961 -409.330017090 -916.027770996 -1073.163940430 -1076.368408203 -986.727844238
-230.835083008 -298.677124023 -240.382324219 219.941986084 307.635650635 -274.508453369 87.146324158 400.781433105 419.724182129 93.494529724 345.104675293 2.828014374 -127.753654480 -294.156646729 -253.183090210 -243.498107910 -225.349365234 -273.524749756 -260.808227539 215.767318726 312.209564209 -284.958374023 107.968116760 409.714050293 419.837402344 100.454185486 344.398071289 19.905496597 -146.021621704 -295.789398193 -222.712631226 -278.810211182 -182.913772583 -315.804412842 -260.549133301 193.126785278 312.797241211 -275.347839355 111.406425476 402.324249268 -1326.966430664 -921.285583496 -1322.305664062 599.540344238 1087.307373047 -1307.989990234 582.899169922 1529.748168945 1411.856689453 252.812423706 1596.530029297 -408.794097900 -914.640991211 -1071.617431641 -1074.846679688 -985.375793457
-231.742141724 -299.603668213 -241.427200317 220.649902344 308.421661377 -275.424255371 87.277008057 402.197265625 420.942749023 93.814743042 346.045166016 3.026957750 -128.433456421 -295.017425537 -254.143783569 -244.298171997 -226.239959717 -274.425323486 -261.890533447 216.468994141 312.986022949 -285.871673584 108.117507935 411.132659912 421.061950684 100.759155273 345.320068359 20.138525009 -146.719421387 -296.628387451 -223.669006348 -279.616943359 -183.772781372 -316.739288330 -261.614898682 193.805465698 313.578125000 -276.264190674 111.541061401 403.734008789 -1325.378051758 -920.229858398 -1320.281860352 598.622802734 1086.341552734 -1306.827026367 582.248229980 1527.834838867 1409.601562500 252.393753052 1594.391845703 -408.257904053 -913.254272461 -1070.070800781 -1073.325073242 -984.023620605
-232.650848389 -300.528289795 -242.473464966 221.355316162 309.207000732 -276.340362549 87.411262512 403.612518311 422.161315918 94.133796692 346.985931396 3.223547697 -129.114227295 -295.877288818 -255.104217529 -245.098526001 -227.131896973 -275.324218750 -262.974060059 217.168289185 313.761840820 -286.785186768 108.270187378 412.550628662 422.286499023 101.062911987 346.242462158 20.369028091 -147.417816162 -297.466552734 -224.625656128 -280.423309326 -184.633865356 -317.671936035 -262.681610107 194.482162476 314.358398438 -277.180877686 111.678901672 405.143188477 -1323.789794922 -919.174011230 -1318.258056641 597.705322266 1085.375732422 -1305.664062500 581.597106934 1525.921508789 1407.346313477 251.975219727 1592.253662109 -407.721435547 -911.867675781 -1068.524169922 -1071.803466797 -982.671325684
-233.561172485 -301.450927734 -243.521133423 222.058197021 309.991729736 -277.256774902 87.549087524 405.027130127 423.379913330 94.451690674 347.926910400 3.417782784 -129.795959473 -296.736328125 -256.064392090 -245.899139404 -228.025177002 -276.221405029 -264.058837891 217.865173340 314.537048340 -287.698883057 108.426139832 413.968017578 423.511108398 101.365455627 347.165191650 20.597000122 -148.116821289 -298.303863525 -225.582595825 -281.229339600 -185.496978760 -318.602325439 -263.749267578 195.156921387 315.138031006 -278.097869873 111.819946289 406.551818848 -1322.201660156 -918.118041992 -1316.234252930 596.787841797 1084.409790039 -1304.501220703 580.945800781 1524.008300781 1405.091186523 251.556838989 1590.115600586 -407.184661865 -910.481201172 -1066.977294922 -1070.281982422 -981.318908691
-234.473129272 -302.371612549 -244.570175171 222.758544922 310.775848389 -278.173522949 87.690475464 406.441162109 424.598571777 94.768424988 348.868103027 3.609661102 -130.478668213 -297.594482422 -257.024322510 -246.700042725 -228.919784546 -277.116912842 -265.144866943 218.559677124 315.311553955 -288.612823486 108.585357666 415.384735107 424.735748291 101.666793823 348.088287354 20.822439194 -148.816421509 -299.140319824 -226.539794922 -282.034973145 -186.362152100 -319.530456543 -264.817871094 195.829696655 315.916992188 -279.015197754 111.964195251 407.959838867 -1320.613525391 -917.062011719 -1314.210449219 595.870300293 1083.443969727 -1303.338256836 580.294372559 1522.095214844 1402.835937500 251.138595581 1587.977661133 -406.647644043 -909.094848633 -1065.430419922 -1068.760620117 -979.966369629
-235.386703491 -303.290313721 -245.620590210 223.456375122 311.559295654 -279.090576172 87.835426331 407.854553223 425.817230225 95.084007263 349.809539795 3.799180746 -131.162353516 -298.451751709 -257.983978271 -247.501220703 -229.815734863 -278.010711670 -266.232086182 219.251754761 316.085449219 -289.526977539 108.747848511 416.800872803 425.960388184 101.966911316 349.011779785 21.045345306 -149.516632080 -299.975982666 -227.497299194 -282.840270996 -187.229370117 -320.456329346 -265.887390137 196.500503540 316.695312500 -279.932830811 112.111633301 409.367248535 -1319.025512695 -916.005798340 -1312.186645508 594.952758789 1082.478027344 -1302.175415039 579.642822266 1520.182006836 1400.580566406 250.720489502 1585.839721680 -406.110321045 -907.708557129 -1063.883422852 -1067.239379883 -978.613769531
-236.301895142 -304.207031250 -246.672378540 224.151672363 312.342132568 -280.007934570 87.983924866 409.267333984 427.035919189 95.398429871 350.751190186 3.986339808 -131.847000122 -299.308166504 -258.943420410 -248.302658081 -230.713012695 -278.902801514 -267.320556641 219.941436768 316.858703613 -290.441345215 108.913597107 418.216339111 427.185089111 102.265823364 349.935577393 21.265714645 -150.217437744 -300.810760498 -228.455078125 -283.645202637 -188.098617554 -321.379974365 -266.957855225 197.169357300 317.472961426 -280.850799561 112.262275696 410.774108887 -1317.437622070 -914.949462891 -1310.162963867 594.035278320 1081.512207031 -1301.012451172 578.991088867 1518.268920898 1398.325317383 250.302520752 1583.701782227 -405.572784424 -906.322448730 -1062.336425781 -1065.718261719 -977.261047363
-237.218704224 -305.121795654 -247.725570679 224.844436646 313.124328613 -280.925598145 88.135986328 410.679473877 428.254669189 95.711692810 351.693054199 4.171136856 -132.532623291 -300.163696289 -259.902587891 -249.104400635 -231.611618042 -279.793212891 -268.410247803 220.628723145 317.631286621 -291.355926514 109.082611084 419.631164551 428.409790039 102.563522339 350.859741211 21.483543396 -150.918853760 -301.644714355 -229.413131714 -284.449768066 -188.969879150 -322.301330566 -268.029235840 197.836227417 318.250000000 -281.769073486 112.416099548 412.180328369 -1315.849731445 -913.893005371 -1308.139160156 593.117736816 1080.546264648 -1299.849609375 578.339172363 1516.355957031 1396.069946289 249.884704590 1581.564086914 -405.034973145 -904.936401367 -1060.789184570 -1064.197265625 -975.908203125
-238.137115479 -306.034576416 -248.780227661 225.534729004 313.905883789 -281.843597412 88.291587830 412.090942383 429.473419189 96.023803711 352.635131836 4.353569031 -133.219223022 -301.018341064 -260.861511230 -249.906402588 -232.511550903 -280.681915283 -269.501129150 221.313583374 318.403228760 -292.270721436 109.254882812 421.045318604 429.634521484 102.860008240 351.784240723 21.698827744 -151.620864868 -302.477844238 -230.371490479 -285.253967285 -189.843185425 -323.220428467 -269.101531982 198.501129150 319.026367188 -282.687652588 112.573120117 413.585937500 -1314.261962891 -912.836425781 -1306.115356445 592.200256348 1079.580322266 -1298.686645508 577.687133789 1514.442993164 1393.814697266 249.467010498 1579.426269531 -404.496917725 -903.550476074 -1059.241943359 -1062.676269531 -974.555236816
-239.057144165 -306.945343018 -249.836456299 226.222625732 314.686798096 -282.761901855 88.450737000 413.501770020 430.692169189 96.334762573 353.577392578 4.533635616 -133.906784058 -301.872100830 -261.820220947 -250.708694458 -233.412796021 -281.568908691 -270.593231201 221.996032715 319.174560547 -293.185729980 109.430404663 422.458831787 430.859283447 103.155281067 352.709075928 21.911569595 -152.323471069 -303.310119629 -231.330139160 -286.057800293 -190.718505859 -324.137237549 -270.174743652 199.164047241 319.802093506 -283.606567383 112.733314514 414.990936279 -1312.674316406 -911.779724121 -1304.091552734 591.282714844 1078.614501953 -1297.523803711 577.034912109 1512.530151367 1391.559326172 249.049453735 1577.288574219 -403.958618164 -902.164611816 -1057.694580078 -1061.155395508 -973.202148438
-239.978775024 -307.854156494 -250.894271851 226.908111572 315.467102051 -283.680480957 88.613433838 414.911956787 431.910980225 96.644554138 354.519866943 4.711333752 -134.595306396 -302.725006104 -262.778656006 -251.511260986 -234.315368652 -282.454223633 -271.686523438 222.676055908 319.945220947 -294.100952148 109.609169006 423.871673584 432.084045410 103.449348450 353.634246826 22.121761322 -153.026702881 -304.141540527 -232.289093018 -286.861297607 -191.595825195 -325.051788330 -271.248901367 199.824996948 320.577178955 -284.525787354 112.896697998 416.395294189 -1311.086669922 -910.722900391 -1302.067749023 590.365173340 1077.648559570 -1296.360961914 576.382507324 1510.617187500 1389.303833008 248.632049561 1575.151000977 -403.420104980 -900.778930664 -1056.147094727 -1059.634643555 -971.848999023
-240.901992798 -308.760986328 -251.953735352 227.591247559 316.246765137 -284.599395752 88.779663086 416.321441650 433.129791260 96.953201294 355.462524414 4.886661530 -135.284805298 -303.576995850 -263.736877441 -252.314117432 -235.219268799 -283.337799072 -272.781036377 223.353668213 320.715240479 -295.016387939 109.791183472 425.283843994 433.308837891 103.742210388 354.559722900 22.329404831 -153.730514526 -304.972137451 -233.248336792 -287.664428711 -192.475173950 -325.964050293 -272.323944092 200.483963013 321.351593018 -285.445312500 113.063247681 417.799041748 -1309.499145508 -909.665954590 -1300.044067383 589.447631836 1076.682617188 -1295.198120117 575.729980469 1508.704467773 1387.048461914 248.214767456 1573.013427734 -402.881347656 -899.393310547 -1054.599487305 -1058.114013672 -970.495727539
-241.826812744 -309.665802002 -253.014877319 228.272018433 317.025787354 -285.518615723 88.949424744 417.730255127 434.348632812 97.260681152 356.405364990 5.059617519 -135.975265503 -304.428100586 -264.694854736 -253.117263794 -236.124465942 -284.219665527 -273.876739502 224.028854370 321.484588623 -295.932006836 109.976440430 426.695312500 434.533630371 104.033851624 355.485534668 22.534492493 -154.434936523 -305.801879883 -234.207870483 -288.467224121 -193.356506348 -326.874023438 -273.399902344 201.140945435 322.125366211 -286.365142822 113.232978821 419.202117920 -1307.911743164 -908.608886719 -1298.020263672 588.530151367 1075.716674805 -1294.035278320 575.077331543 1506.791748047 1384.792968750 247.797622681 1570.875854492 -402.342346191 -898.007812500 -1053.051879883 -1056.593383789 -969.142333984
-242.753219604 -310.568634033 -254.077697754 228.950454712 317.804168701 -286.438140869 89.122711182 419.138366699 435.567474365 97.567016602 357.348358154 5.230199814 -136.666702271 -305.278289795 -265.652587891 -253.920684814 -237.030975342 -285.099822998 -274.973602295 224.701614380 322.253326416 -296.847869873 110.164932251 428.106109619 435.758453369 104.324295044 356.411621094 22.737026215 -155.139968872 -306.630767822 -235.167724609 -289.269622803 -194.239852905 -327.781707764 -274.476776123 201.795944214 322.898498535 -287.285278320 113.405876160 420.604583740 -1306.324340820 -907.551757812 -1295.996459961 587.612609863 1074.750732422 -1292.872314453 574.424499512 1504.879028320 1382.537597656 247.380615234 1568.738403320 -401.803161621 -896.622436523 -1051.504028320 -1055.072875977 -967.788818359
-243.681228638 -311.469451904 -255.142227173 229.626556396 318.581939697 -287.357971191 89.299530029 420.545806885 436.786346436 97.872192383 358.291534424 5.398406029 -137.359100342 -306.127624512 -266.610107422 -254.724395752 -237.938796997 -285.978271484 -276.071685791 225.371948242 323.021423340 -297.763916016 110.356658936 429.516204834 436.983306885 104.613517761 357.338012695 22.937000275 -155.845596313 -307.458801270 -236.127868652 -290.071716309 -195.125183105 -328.687072754 -275.554534912 202.448959351 323.670989990 -288.205749512 113.581932068 422.006347656 -1304.737060547 -906.494445801 -1293.972656250 586.695068359 1073.784790039 -1291.709472656 573.771484375 1502.966430664 1380.282104492 246.963729858 1566.601074219 -401.263732910 -895.237182617 -1049.956176758 -1053.552490234 -966.435241699
-244.610809326 -312.368286133 -256.208465576 230.300323486 319.359039307 -288.278106689 89.479866028 421.952514648 438.005249023 98.176208496 359.234893799 5.564234257 -138.052459717 -306.976013184 -267.567413330 -255.528381348 -238.847930908 -286.854980469 -277.170928955 226.039840698 323.788848877 -298.680175781 110.551612854 430.925567627 438.208160400 104.901535034 358.264709473 23.134412766 -156.551834106 -308.285980225 -237.088317871 -290.873413086 -196.012496948 -329.590148926 -276.633239746 203.099975586 324.442810059 -289.126525879 113.761161804 423.407470703 -1303.149902344 -905.437011719 -1291.948852539 585.777526855 1072.818847656 -1290.546630859 573.118347168 1501.053833008 1378.026489258 246.546981812 1564.463745117 -400.724121094 -893.851989746 -1048.408203125 -1052.032226562 -965.081481934
-245.541961670 -313.265106201 -257.276458740 230.971771240 320.135528564 -289.198516846 89.663726807 423.358520508 439.224151611 98.479080200 360.178405762 5.727682590 -138.746795654 -307.823516846 -268.524475098 -256.332672119 -239.758346558 -287.729980469 -278.271362305 226.705291748 324.555633545 -299.596649170 110.749794006 432.334259033 439.433013916 105.188346863 359.191680908 23.329259872 -157.258682251 -309.112304688 -238.049087524 -291.674774170 -196.901794434 -330.490905762 -277.712799072 203.749008179 325.213989258 -290.047576904 113.943542480 424.807922363 -1301.562744141 -904.379455566 -1289.925170898 584.859985352 1071.852783203 -1289.383911133 572.465026855 1499.141235352 1375.770996094 246.130371094 1562.326416016 -400.184295654 -892.466918945 -1046.860229492 -1050.512084961 -963.727661133
-246.474700928 -314.159912109 -258.346130371 231.640869141 320.911376953 -290.119262695 89.851089478 424.763793945 440.443084717 98.780792236 361.122070312 5.888749123 -139.442092896 -308.670135498 -269.481323242 -257.137237549 -240.670089722 -288.603271484 -279.372955322 227.368301392 325.321807861 -300.513336182 110.951194763 433.742218018 440.657897949 105.473953247 360.118957520 23.521541595 -157.966125488 -309.937805176 -239.010162354 -292.475769043 -197.793060303 -331.389373779 -278.793273926 204.396057129 325.984527588 -290.968963623 114.129074097 426.207702637 -1299.975708008 -903.321838379 -1287.901367188 583.942443848 1070.886840820 -1288.221069336 571.811523438 1497.228759766 1373.515380859 245.713882446 1560.189208984 -399.644287109 -891.081970215 -1045.312011719 -1048.991943359 -962.373779297
-247.408996582 -315.052734375 -259.417541504 232.307632446 321.686584473 -291.040283203 90.041969299 426.168334961 441.662017822 99.081352234 362.065887451 6.047431469 -140.138351440 -309.515808105 -270.437927246 -257.942077637 -241.583114624 -289.474792480 -280.475708008 228.028869629 326.087310791 -301.430206299 111.155815125 435.149444580 441.882812500 105.758346558 361.046478271 23.711252213 -158.674163818 -310.762420654 -239.971557617 -293.276428223 -198.686294556 -332.285491943 -279.874633789 205.041091919 326.754394531 -291.890655518 114.317764282 427.606811523 -1298.388793945 -902.264038086 -1285.877563477 583.024963379 1069.920898438 -1287.058227539 571.157897949 1495.316406250 1371.259887695 245.297515869 1558.052001953 -399.104095459 -889.697143555 -1043.763793945 -1047.471923828 -961.019714355
-248.344879150 -315.943511963 -260.490692139 232.972045898 322.461151123 -291.961608887 90.236351013 427.572113037 442.880950928 99.380752563 363.009857178 6.203727722 -140.835586548 -310.360595703 -271.394317627 -258.747222900 -242.497421265 -290.344635010 -281.579650879 228.686996460 326.852172852 -302.347320557 111.363647461 436.555938721 443.107696533 106.041526794 361.974304199 23.898391724 -159.382812500 -311.586181641 -240.933258057 -294.076721191 -199.581512451 -333.179321289 -280.956878662 205.684143066 327.523620605 -292.812652588 114.509597778 429.005218506 -1296.801879883 -901.206176758 -1283.853759766 582.107421875 1068.954833984 -1285.895385742 570.504150391 1493.403930664 1369.004272461 244.881286621 1555.914794922 -398.563690186 -888.312377930 -1042.215454102 -1045.952026367 -959.665588379
-249.282302856 -316.832275391 -261.565551758 233.634124756 323.235107422 -292.883239746 90.434234619 428.975158691 444.099914551 99.679008484 363.953948975 6.357635975 -141.533767700 -311.204467773 -272.350494385 -259.552673340 -243.413040161 -291.212707520 -282.684722900 229.342681885 327.616394043 -303.264617920 111.574691772 437.961669922 444.332611084 106.323509216 362.902343750 24.082954407 -160.092071533 -312.409088135 -241.895278931 -294.876678467 -200.478668213 -334.070800781 -282.040008545 206.325180054 328.292205811 -293.734924316 114.704566956 430.402923584 -1295.215087891 -900.148132324 -1281.830078125 581.189880371 1067.988891602 -1284.732543945 569.850219727 1491.491699219 1366.748535156 244.465179443 1553.777709961 -398.023132324 -886.927795410 -1040.666992188 -1044.432250977 -958.311340332
-250.221298218 -317.719024658 -262.642120361 234.293838501 324.008392334 -293.805175781 90.635612488 430.377441406 445.318908691 99.976112366 364.898193359 6.509154320 -142.232925415 -312.047393799 -273.306457520 -260.358398438 -244.329940796 -292.079071045 -283.790954590 229.995895386 328.379974365 -304.182098389 111.788932800 439.366668701 445.557525635 106.604278564 363.830657959 24.264940262 -160.801925659 -313.231140137 -242.857620239 -295.676269531 -201.377792358 -334.959960938 -283.124053955 206.964233398 329.060119629 -294.657531738 114.902687073 431.799926758 -1293.628295898 -899.090026855 -1279.806274414 580.272338867 1067.022827148 -1283.569824219 569.196105957 1489.579467773 1364.492919922 244.049209595 1551.640625000 -397.482360840 -885.543273926 -1039.118408203 -1042.912597656 -956.956970215
-251.161849976 -318.603759766 -263.720397949 234.951202393 324.781066895 -294.727386475 90.840484619 431.778961182 446.537933350 100.272071838 365.842529297 6.658280373 -142.933059692 -312.889434814 -274.262207031 -261.164398193 -245.248123169 -292.943695068 -284.898315430 230.646667480 329.142913818 -305.099822998 112.006385803 440.770935059 446.782440186 106.883834839 364.759216309 24.444345474 -161.512390137 -314.052307129 -243.820297241 -296.475524902 -202.278854370 -335.846771240 -284.208953857 207.601272583 329.827392578 -295.580413818 115.103935242 433.196228027 -1292.041748047 -898.031738281 -1277.782470703 579.354797363 1066.056884766 -1282.406982422 568.541870117 1487.667236328 1362.237182617 243.633346558 1549.503662109 -396.941436768 -884.158874512 -1037.569824219 -1041.392944336 -955.602539062
-252.103942871 -319.486450195 -264.800415039 235.606185913 325.553100586 -295.649902344 91.048835754 433.179687500 447.757019043 100.566886902 366.787017822 6.805012703 -143.634140015 -313.730529785 -275.217742920 -261.970703125 -246.167587280 -293.806579590 -286.006835938 231.294967651 329.905212402 -306.017700195 112.227027893 442.174407959 448.007354736 107.162193298 365.688018799 24.621166229 -162.223464966 -314.872650146 -244.783279419 -297.274414062 -203.181854248 -336.731231689 -285.294708252 208.236297607 330.594024658 -296.503601074 115.308319092 434.591796875 -1290.455078125 -896.973388672 -1275.758789062 578.437255859 1065.090820312 -1281.244140625 567.887451172 1485.755004883 1359.981567383 243.217620850 1547.366699219 -396.400329590 -882.774536133 -1036.020996094 -1039.873413086 -954.247924805
-253.047592163 -320.367126465 -265.882110596 236.258804321 326.324493408 -296.572723389 91.260681152 434.579650879 448.976165771 100.860565186 367.731628418 6.949347973 -144.336181641 -314.570678711 -276.173095703 -262.777313232 -247.088333130 -294.667724609 -287.116485596 231.940811157 330.666870117 -306.935821533 112.450866699 443.577117920 449.232269287 107.439338684 366.617065430 24.795400620 -162.935134888 -315.692108154 -245.746597290 -298.072937012 -204.086807251 -337.613372803 -286.381378174 208.869323730 331.359985352 -297.427093506 115.515830994 435.986633301 -1288.868652344 -895.914916992 -1273.734985352 577.519653320 1064.124755859 -1280.081420898 567.232849121 1483.842895508 1357.725830078 242.802017212 1545.229736328 -395.859069824 -881.390380859 -1034.472167969 -1038.354003906 -952.893249512
-253.992782593 -321.245758057 -266.965515137 236.909042358 327.095245361 -297.495819092 91.476005554 435.978820801 450.195373535 101.153106689 368.676330566 7.091285229 -145.039199829 -315.409912109 -277.128204346 -263.584197998 -248.010360718 -295.527130127 -288.227264404 232.584197998 331.427886963 -307.854125977 112.677894592 444.979064941 450.457214355 107.715278625 367.546325684 24.967046738 -163.647415161 -316.510681152 -246.710235596 -298.871154785 -204.993682861 -338.493133545 -287.468872070 209.500335693 332.125305176 -298.350891113 115.726463318 437.380767822 -1287.282226562 -894.856262207 -1271.711181641 576.602111816 1063.158813477 -1278.918579102 566.578125000 1481.930908203 1355.470092773 242.386535645 1543.092773438 -395.317657471 -880.006286621 -1032.923217773 -1036.834716797 -951.538513184
-254.939498901 -322.122375488 -268.050628662 237.556900024 327.865356445 -298.419189453 91.694801331 437.377166748 451.414642334 101.444511414 369.621124268 7.230822086 -145.743164062 -316.248229980 -278.083129883 -264.391387939 -248.933654785 -296.384765625 -289.339172363 233.225112915 332.188262939 -308.772644043 112.908111572 446.380218506 451.682128906 107.990013123 368.475830078 25.136100769 -164.360305786 -317.328399658 -247.674224854 -299.669006348 -205.902481079 -339.370574951 -288.557281494 210.129333496 332.889953613 -299.274963379 115.940216064 438.774139404 -1285.695922852 -893.797546387 -1269.687377930 575.684570312 1062.192749023 -1277.755859375 565.923278809 1480.018920898 1353.214233398 241.971176147 1540.955932617 -394.776062012 -878.622314453 -1031.374267578 -1035.315429688 -950.183593750
-255.887771606 -322.996917725 -269.137390137 238.202346802 328.634826660 -299.342864990 91.917068481 438.774719238 452.634002686 101.734771729 370.566040039 7.367956638 -146.448089600 -317.085601807 -279.037841797 -265.198883057 -249.858230591 -297.240692139 -290.452209473 233.863540649 332.947998047 -309.691345215 113.141502380 447.780578613 452.907043457 108.263542175 369.405517578 25.302558899 -165.073791504 -318.145263672 -248.638534546 -300.466491699 -206.813201904 -340.245605469 -289.646514893 210.756317139 333.653991699 -300.199340820 116.157089233 440.166778564 -1284.109619141 -892.738708496 -1267.663696289 574.767028809 1061.226684570 -1276.593139648 565.268188477 1478.106933594 1350.958496094 241.555923462 1538.819213867 -394.234344482 -877.238464355 -1029.825073242 -1033.796264648 -948.828613281
-256.837554932 -323.869445801 -270.225860596 238.845397949 329.403686523 -300.266845703 92.142799377 440.171447754 453.853393555 102.023910522 371.511016846 7.502686024 -147.153991699 -317.922027588 -279.992340088 -266.006652832 -250.784072876 -298.094848633 -291.566345215 234.499511719 333.707092285 -310.610260010 113.378074646 449.180145264 454.131988525 108.535858154 370.335418701 25.466419220 -165.787887573 -318.961242676 -249.603164673 -301.263641357 -207.725845337 -341.118316650 -290.736633301 211.381286621 334.417327881 -301.124023438 116.377067566 441.558654785 -1282.523437500 -891.679748535 -1265.639892578 573.849487305 1060.260620117 -1275.430297852 564.613037109 1476.195068359 1348.702636719 241.140808105 1536.682373047 -393.692474365 -875.854675293 -1028.275878906 -1032.277221680 -947.473510742
-257.788879395 -324.739898682 -271.316009521 239.486038208 330.171875000 -301.191101074 92.371994019 441.567352295 455.072906494 102.311904907 372.456115723 7.635008812 -147.860839844 -318.757507324 -280.946655273 -266.814727783 -251.711166382 -298.947235107 -292.681610107 235.132995605 334.465545654 -311.529388428 113.617813110 450.578887939 455.356903076 108.806976318 371.265533447 25.627679825 -166.502593994 -319.776367188 -250.568145752 -302.060424805 -208.640502930 -341.988739014 -291.827606201 212.004226685 335.180053711 -302.048980713 116.600158691 442.949768066 -1280.937377930 -890.620666504 -1263.616088867 572.931945801 1059.294555664 -1274.267578125 563.957641602 1474.283203125 1346.446777344 240.725814819 1534.545654297 -393.150451660 -874.471069336 -1026.726562500 -1030.758300781 -946.118347168
-258.741729736 -325.608337402 -272.407806396 240.124267578 330.939453125 -302.115661621 92.604644775 442.962402344 456.292480469 102.598770142 373.401275635 7.764922619 -148.568664551 -319.592041016 -281.900756836 -267.623107910 -252.639541626 -299.797882080 -293.797973633 235.764007568 335.223388672 -312.448730469 113.860725403 451.976837158 456.581817627 109.076881409 372.195800781 25.786336899 -167.217895508 -320.590606689 -251.533477783 -302.856903076 -209.557250977 -342.856994629 -292.919403076 212.625152588 335.942108154 -302.974243164 116.826354980 444.340118408 -1279.351318359 -889.561462402 -1261.592407227 572.014404297 1058.328491211 -1273.104858398 563.302124023 1472.371459961 1344.190917969 240.310928345 1532.408935547 -392.608276367 -873.087524414 -1025.177124023 -1029.239379883 -944.763000488
-259.696075439 -326.474700928 -273.501281738 240.760055542 331.706390381 -303.040496826 92.840751648 444.356628418 457.512115479 102.884498596 374.346496582 7.892425060 -149.277435303 -320.425628662 -282.854675293 -268.431762695 -253.569168091 -300.646789551 -294.915466309 236.392532349 335.980590820 -313.368316650 114.106796265 453.373992920 457.806701660 109.345588684 373.126281738 25.942388535 -167.933807373 -321.403961182 -252.499130249 -303.652984619 -210.476165771 -343.723083496 -294.012084961 213.244064331 336.703521729 -303.899810791 117.055648804 445.729705811 -1277.765380859 -888.502136230 -1259.568603516 571.096862793 1057.362426758 -1271.942016602 562.646484375 1470.459716797 1341.935058594 239.896163940 1530.272338867 -392.065979004 -871.704101562 -1023.627624512 -1027.720581055 -943.407592773
-260.651947021 -327.339019775 -274.596405029 241.393417358 332.472686768 -303.965637207 93.080307007 445.750000000 458.731872559 103.169097900 375.291809082 8.017515182 -149.987167358 -321.258270264 -283.808410645 -269.240753174 -254.500045776 -301.493927002 -296.034027100 237.018569946 336.737213135 -314.288116455 114.356033325 454.770294189 459.031616211 109.613082886 374.056945801 26.095830917 -168.650329590 -322.216430664 -253.465133667 -304.448760986 -211.397277832 -344.587097168 -295.105590820 213.860931396 337.464294434 -304.825683594 117.288040161 447.118530273 -1276.179565430 -887.442687988 -1257.544799805 570.179260254 1056.396362305 -1270.779296875 561.990661621 1468.548095703 1339.679199219 239.481506348 1528.135620117 -391.523529053 -870.320800781 -1022.078002930 -1026.201904297 -942.052124023
-261.609344482 -328.201293945 -275.693176270 242.024337769 333.238342285 -304.891052246 93.323303223 447.142486572 459.951660156 103.452560425 376.237182617 8.140189171 -150.697860718 -322.089965820 -284.761932373 -270.050018311 -255.432189941 -302.339294434 -297.153686523 237.642120361 337.493225098 -315.208190918 114.608421326 456.165740967 460.256500244 109.879371643 374.987792969 26.246660233 -169.367462158 -323.028045654 -254.431488037 -305.244171143 -212.320617676 -345.449035645 -296.199981689 214.475784302 338.224426270 -305.751831055 117.523521423 448.506530762 -1274.593750000 -886.383178711 -1255.521118164 569.261718750 1055.430297852 -1269.616577148 561.334655762 1466.636474609 1337.423217773 239.066970825 1525.999023438 -390.980957031 -868.937561035 -1020.528259277 -1024.683349609 -940.696472168
-262.568237305 -329.061492920 -276.791564941 242.652801514 334.003387451 -305.816772461 93.569740295 448.534149170 461.171539307 103.734893799 377.182586670 8.260445595 -151.409515381 -322.920684814 -285.715270996 -270.859558105 -256.365570068 -303.182891846 -298.274444580 238.263168335 338.248657227 -316.128509521 114.863960266 457.560394287 461.481384277 110.144454956 375.918792725 26.394876480 -170.085189819 -323.838775635 -255.398178101 -306.039245605 -213.246215820 -346.308898926 -297.295166016 215.088592529 338.983917236 -306.678314209 117.762100220 449.893768311 -1273.008056641 -885.323486328 -1253.497314453 568.344177246 1054.464233398 -1268.453857422 560.678527832 1464.724853516 1335.167236328 238.652557373 1523.862426758 -390.438262939 -867.554504395 -1018.978454590 -1023.164855957 -939.340759277
-263.528625488 -329.919616699 -277.891601562 243.278823853 334.767822266 -306.742797852 93.819618225 449.924896240 462.391510010 104.016090393 378.128082275 8.378282547 -152.122116089 -323.750427246 -286.668426514 -271.669433594 -257.300201416 -304.024749756 -299.396270752 238.881729126 339.003479004 -317.049072266 115.122642517 458.954162598 462.706268311 110.408332825 376.849945068 26.540475845 -170.803527832 -324.648620605 -256.365234375 -306.833953857 -214.174072266 -347.166748047 -298.391204834 215.699371338 339.742767334 -307.605102539 118.003753662 451.280181885 -1271.422485352 -884.263732910 -1251.473510742 567.426635742 1053.498046875 -1267.291137695 560.022216797 1462.813354492 1332.911254883 238.238250732 1521.725952148 -389.895416260 -866.171508789 -1017.428527832 -1021.646484375 -937.984924316
-264.490509033 -330.775695801 -278.993286133 243.902359009 335.531646729 -307.669158936 94.072914124 451.314758301 463.611541748 104.296157837 379.073577881 8.493698120 -152.835678101 -324.579223633 -287.621368408 -272.479614258 -258.236083984 -304.864807129 -300.519195557 239.497787476 339.757720947 -317.969879150 115.384475708 460.347106934 463.931121826 110.671005249 377.781250000 26.683452606 -171.522476196 -325.457580566 -257.332641602 -307.628326416 -215.104232788 -348.022552490 -299.488342285 216.308258057 340.501007080 -308.532196045 118.248489380 452.665802002 -1269.836914062 -883.203796387 -1249.449829102 566.509033203 1052.531982422 -1266.128417969 559.365783691 1460.901977539 1330.655273438 237.824050903 1519.589477539 -389.352478027 -864.788635254 -1015.878540039 -1020.128173828 -936.629028320
-265.453887939 -331.629699707 -280.096588135 244.523452759 336.294830322 -308.595794678 94.329643250 452.703765869 464.831665039 104.575088501 380.019165039 8.606689453 -153.550201416 -325.407043457 -288.574157715 -273.290069580 -259.173217773 -305.703125000 -301.643157959 240.111343384 340.511383057 -318.890991211 115.649436951 461.739166260 465.155975342 110.932472229 378.712707520 26.823808670 -172.242034912 -326.265655518 -258.300384521 -308.422363281 -216.036682129 -348.876312256 -300.586730957 216.915344238 341.258605957 -309.459625244 118.496299744 454.050628662 -1268.251464844 -882.143798828 -1247.426025391 565.591491699 1051.565917969 -1264.965698242 558.709167480 1458.990600586 1328.399291992 237.409973145 1517.453002930 -388.809417725 -863.405822754 -1014.328430176 -1018.609924316 -935.272949219
-266.418762207 -332.481628418 -281.201568604 245.142105103 337.057434082 -309.522766113 94.589790344 454.091827393 466.051849365 104.852890015 380.964752197 8.717254639 -154.265686035 -326.233917236 -289.526733398 -274.100830078 -260.111572266 -306.539642334 -302.768218994 240.722381592 341.264465332 -319.812347412 115.917541504 463.130371094 466.380798340 111.192733765 379.644317627 26.961536407 -172.962188721 -327.072845459 -259.268493652 -309.216033936 -216.971420288 -349.728088379 -301.686370850 217.520629883 342.015594482 -310.387390137 118.747184753 455.434631348 -1266.666015625 -881.083679199 -1245.402221680 564.673950195 1050.599731445 -1263.802978516 558.052368164 1457.079223633 1326.143310547 236.996017456 1515.316528320 -388.266235352 -862.023193359 -1012.778259277 -1017.091796875 -933.916870117
-267.385131836 -333.331481934 -282.308288574 245.758316040 337.819396973 -310.450042725 94.853355408 455.479003906 467.272094727 105.129562378 381.910369873 8.825390816 -154.982116699 -327.059783936 -290.479156494 -274.911895752 -261.051177979 -307.374389648 -303.894317627 241.330932617 342.016998291 -320.733978271 116.188766479 464.520721436 467.605621338 111.451797485 380.576019287 27.096637726 -173.682968140 -327.879150391 -260.236938477 -310.009368896 -217.908477783 -350.577789307 -302.787322998 218.124130249 342.771942139 -311.315460205 119.001136780 456.817779541 -1265.080688477 -880.023437500 -1243.378540039 563.756408691 1049.633666992 -1262.640258789 557.395446777 1455.167968750 1323.887207031 236.582153320 1513.180053711 -387.722961426 -860.640625000 -1011.227966309 -1015.573791504 -932.560607910
-268.352966309 -334.179260254 -283.416717529 246.372131348 338.580780029 -311.377655029 95.120330811 456.865234375 468.492401123 105.405097961 382.855987549 8.931097031 -155.699493408 -327.884674072 -291.431396484 -275.723266602 -261.992004395 -308.207366943 -305.021514893 241.936965942 342.768951416 -321.655883789 116.463119507 465.910156250 468.830413818 111.709648132 381.507873535 27.229106903 -174.404342651 -328.684570312 -261.205749512 -310.802368164 -218.847824097 -351.425476074 -303.889617920 218.725860596 343.527709961 -312.243865967 119.258155823 458.200103760 -1263.495483398 -878.963073730 -1241.354736328 562.838806152 1048.667602539 -1261.477539062 556.738342285 1453.256713867 1321.631103516 236.168411255 1511.043701172 -387.179534912 -859.258178711 -1009.677551270 -1014.055847168 -931.204284668
-269.322265625 -335.024963379 -284.526916504 246.983520508 339.341583252 -312.305603027 95.390716553 458.250579834 469.712799072 105.679496765 383.801666260 9.034371376 -156.417846680 -328.708618164 -292.383422852 -276.534942627 -262.934082031 -309.038574219 -306.149719238 242.540481567 343.520324707 -322.578094482 116.740592957 467.298736572 470.055175781 111.966293335 382.439849854 27.358940125 -175.126327515 -329.489105225 -262.174926758 -311.595001221 -219.789474487 -352.271118164 -304.993286133 219.325851440 344.282836914 -313.172607422 119.518226624 459.581604004 -1261.910278320 -877.902587891 -1239.330932617 561.921264648 1047.701416016 -1260.314819336 556.081115723 1451.345458984 1319.375000000 235.754776001 1508.907348633 -386.636047363 -857.875854492 -1008.127075195 -1012.537963867 -929.847839355
-270.293060303 -335.868560791 -285.638885498 247.592498779 340.101776123 -313.233856201 95.664505005 459.634948730 470.933258057 105.952758789 384.747314453 9.135210037 -157.137145996 -329.531555176 -293.335296631 -277.346923828 -263.877349854 -309.867980957 -307.278991699 243.141479492 344.271148682 -323.500579834 117.021186829 468.686401367 471.279937744 112.221733093 383.371917725 27.486137390 -175.848922729 -330.292724609 -263.144470215 -312.387298584 -220.733428955 -353.114746094 -306.098297119 219.924072266 345.037384033 -314.101684570 119.781356812 460.962249756 -1260.325195312 -876.841979980 -1237.307250977 561.003723145 1046.735351562 -1259.152099609 555.423706055 1449.434326172 1317.118896484 235.341247559 1506.770996094 -386.092437744 -856.493652344 -1006.576477051 -1011.020263672 -928.491271973
-271.265319824 -336.710083008 -286.752655029 248.199081421 340.861358643 -314.162475586 95.941688538 461.018402100 472.153778076 106.224899292 385.692993164 9.233611107 -157.857391357 -330.353485107 -294.287017822 -278.159210205 -264.821868896 -310.695617676 -308.409332275 243.739944458 345.021392822 -324.423339844 117.304885864 470.073181152 472.504669189 112.475967407 384.304077148 27.610694885 -176.572113037 -331.095458984 -264.114379883 -313.179260254 -221.679672241 -353.956298828 -307.204711914 220.520538330 345.791320801 -315.031097412 120.047538757 462.342071533 -1258.740234375 -875.781311035 -1235.283447266 560.086120605 1045.769165039 -1257.989379883 554.766174316 1447.523315430 1314.862792969 234.927825928 1504.634765625 -385.548706055 -855.111511230 -1005.025756836 -1009.502563477 -927.134643555
-272.239044189 -337.549499512 -287.868225098 248.803253174 341.620391846 -315.091400146 96.222259521 462.400909424 473.374389648 106.495895386 386.638641357 9.329573631 -158.578598022 -331.174468994 -295.238525391 -278.971801758 -265.767608643 -311.521453857 -309.540679932 244.335906982 345.771118164 -325.346405029 117.591690063 471.459045410 473.729400635 112.729003906 385.236358643 27.732608795 -177.295928955 -331.897308350 -265.084655762 -313.970855713 -222.628219604 -354.795776367 -308.312500000 221.115249634 346.544647217 -315.960876465 120.316764832 463.721008301 -1257.155273438 -874.720458984 -1233.259643555 559.168579102 1044.803100586 -1256.826660156 554.108459473 1445.612304688 1312.606689453 234.514511108 1502.498413086 -385.004913330 -853.729492188 -1003.474975586 -1007.984985352 -925.777893066
-273.214233398 -338.386840820 -288.985565186 249.405029297 342.378814697 -316.020690918 96.506225586 463.782440186 474.595031738 106.765762329 387.584320068 9.423094749 -159.300750732 -331.994415283 -296.189880371 -279.784698486 -266.714569092 -312.345489502 -310.673065186 244.929336548 346.520263672 -326.269775391 117.881599426 472.843994141 474.954101562 112.980827332 386.168701172 27.851877213 -178.020339966 -332.698242188 -266.055297852 -314.762145996 -223.579055786 -355.633209229 -309.421722412 221.708221436 347.297393799 -316.890991211 120.589035034 465.099060059 -1255.570434570 -873.659545898 -1231.235961914 558.251037598 1043.836914062 -1255.664062500 553.450561523 1443.701293945 1310.350463867 234.101287842 1500.362182617 -384.460998535 -852.347595215 -1001.924072266 -1006.467529297 -924.421020508
-274.190887451 -339.222106934 -290.104766846 250.004394531 343.136688232 -316.950317383 96.793571472 465.162994385 475.815734863 107.034492493 388.529937744 9.514171600 -160.023849487 -332.813385010 -297.141082764 -280.597900391 -267.662750244 -313.167755127 -311.806488037 245.520233154 347.268890381 -327.193420410 118.174606323 474.228027344 476.178741455 113.231445312 387.101165771 27.968496323 -178.745376587 -333.498291016 -267.026306152 -315.553039551 -224.532165527 -356.468566895 -310.532318115 222.299438477 348.049560547 -317.821472168 120.864341736 466.476287842 -1253.985717773 -872.598510742 -1229.212158203 557.333435059 1042.870727539 -1254.501342773 552.792541504 1441.790405273 1308.094238281 233.688186646 1498.225952148 -383.916992188 -850.965820312 -1000.373107910 -1004.950134277 -923.064086914
-275.168975830 -340.055236816 -291.225769043 250.601348877 343.893951416 -317.880310059 97.084289551 466.542602539 477.036499023 107.302085876 389.475555420 9.602803230 -160.747909546 -333.631347656 -298.092071533 -281.411376953 -268.612121582 -313.988220215 -312.940917969 246.108596802 348.016937256 -328.117401123 118.470710754 475.611145020 477.403381348 113.480865479 388.033660889 28.082464218 -179.471008301 -334.297424316 -267.997680664 -316.343627930 -225.487564087 -357.301818848 -311.644348145 222.888916016 348.801116943 -318.752288818 121.142684937 467.852600098 -1252.401000977 -871.537292480 -1227.188354492 556.415893555 1041.904663086 -1253.338623047 552.134338379 1439.879516602 1305.838134766 233.275192261 1496.089721680 -383.372894287 -849.584167480 -998.822021484 -1003.432800293 -921.707031250
-276.148498535 -340.886291504 -292.348571777 251.195892334 344.650665283 -318.810668945 97.378387451 467.921203613 478.257324219 107.568542480 390.421173096 9.688986778 -161.472930908 -334.448333740 -299.042938232 -282.225189209 -269.562744141 -314.806884766 -314.076385498 246.694412231 348.764465332 -329.041687012 118.769897461 476.993286133 478.628021240 113.729080200 388.966247559 28.193777084 -180.197265625 -335.095672607 -268.969451904 -317.133850098 -226.445236206 -358.132995605 -312.757812500 223.476623535 349.552093506 -319.683502197 121.424057007 469.228057861 -1250.816284180 -870.476013184 -1225.164672852 555.498291016 1040.938476562 -1252.175903320 551.475952148 1437.968750000 1303.581909180 232.862304688 1493.953491211 -382.828704834 -848.202575684 -997.270874023 -1001.915588379 -920.349914551
-277.129486084 -341.715209961 -293.473236084 251.788024902 345.406829834 -319.741363525 97.675857544 469.298828125 479.478210449 107.833869934 391.366729736 9.772719383 -162.198883057 -335.264282227 -299.993621826 -283.039306641 -270.514526367 -315.623779297 -315.212860107 247.277709961 349.511474609 -329.966278076 119.072174072 478.374542236 479.852600098 113.976081848 389.898895264 28.302433014 -180.924118042 -335.893005371 -269.941558838 -317.923736572 -227.405166626 -358.962066650 -313.872650146 224.062576294 350.302490234 -320.615051270 121.708457947 470.602600098 -1249.231811523 -869.414611816 -1223.140869141 554.580749512 1039.972290039 -1251.013305664 550.817443848 1436.057983398 1301.325561523 232.449508667 1491.817382812 -382.284454346 -846.821105957 -995.719604492 -1000.398437500 -918.992675781
-278.111938477 -342.542053223 -294.599670410 252.377731323 346.162414551 -320.672424316 97.976684570 470.675445557 480.699127197 108.098052979 392.312225342 9.854000092 -162.925796509 -336.079223633 -300.944122314 -283.853729248 -271.467529297 -316.438842773 -316.350311279 247.858459473 350.257934570 -330.891204834 119.377525330 479.754821777 481.077148438 114.221885681 390.831573486 28.408430099 -181.651580811 -336.689453125 -270.914062500 -318.713287354 -228.367370605 -359.789031982 -314.988952637 224.646774292 351.052337646 -321.546997070 121.995880127 471.976257324 -1247.647338867 -868.353149414 -1221.117065430 553.663208008 1039.006103516 -1249.850585938 550.158813477 1434.147338867 1299.069335938 232.036819458 1489.681274414 -381.740081787 -845.439758301 -994.168212891 -998.881408691 -917.635314941
-279.095794678 -343.366760254 -295.727966309 252.964996338 346.917419434 -321.603851318 98.280868530 472.051086426 481.920104980 108.361106873 393.257720947 9.932825089 -163.653656006 -336.893157959 -301.894470215 -284.668457031 -272.421752930 -317.252105713 -317.488800049 248.436660767 351.003875732 -331.816436768 119.685951233 481.134155273 482.301666260 114.466484070 391.764312744 28.511764526 -182.379653931 -337.484954834 -271.886962891 -319.502471924 -229.331832886 -360.613891602 -316.106628418 225.229202271 351.801574707 -322.479309082 122.286315918 473.348999023 -1246.062988281 -867.291503906 -1219.093383789 552.745605469 1038.039916992 -1248.687988281 549.500000000 1432.236694336 1296.813110352 231.624221802 1487.545043945 -381.195648193 -844.058532715 -992.616760254 -997.364501953 -916.277832031
-280.081085205 -344.189361572 -296.858062744 253.549835205 347.671875000 -322.535644531 98.588409424 473.425689697 483.141143799 108.623023987 394.203125000 10.009194374 -164.382461548 -337.706085205 -302.844665527 -285.483489990 -273.377166748 -318.063568115 -318.628295898 249.012313843 351.749267578 -332.742004395 119.997451782 482.512512207 483.526184082 114.709869385 392.697082520 28.612432480 -183.108337402 -338.279571533 -272.860198975 -320.291320801 -230.298538208 -361.436614990 -317.225738525 225.809875488 352.550262451 -323.411987305 122.579757690 474.720855713 -1244.478637695 -866.229797363 -1217.069580078 551.828063965 1037.073852539 -1247.525268555 548.841003418 1430.326049805 1294.556762695 231.211746216 1485.408935547 -380.651153564 -842.677429199 -991.065185547 -995.847595215 -914.920288086
-281.067810059 -345.009857178 -297.989959717 254.132217407 348.425811768 -323.467834473 98.899299622 474.799255371 484.362213135 108.883796692 395.148498535 10.083104134 -165.112213135 -338.517974854 -303.794708252 -286.298828125 -274.333770752 -318.873229980 -319.768768311 249.585418701 352.494171143 -333.667877197 120.312011719 483.889923096 484.750640869 114.952056885 393.629913330 28.710432053 -183.837646484 -339.073303223 -273.833862305 -321.079803467 -231.267501831 -362.257171631 -318.346282959 226.388748169 353.298370361 -324.345031738 122.876220703 476.091766357 -1242.894409180 -865.167907715 -1215.045898438 550.910461426 1036.107666016 -1246.362548828 548.181884766 1428.415527344 1292.300415039 230.799346924 1483.272949219 -380.106536865 -841.296386719 -989.513488770 -994.330871582 -913.562622070
-282.055938721 -345.828216553 -299.123687744 254.712158203 349.179168701 -324.400360107 99.213531494 476.171813965 485.583343506 109.143440247 396.093780518 10.154552460 -165.842910767 -339.328857422 -304.744567871 -287.114471436 -275.291564941 -319.681060791 -320.910217285 250.155960083 353.238525391 -334.594116211 120.629638672 485.266357422 485.975067139 115.193038940 394.562744141 28.805759430 -184.567550659 -339.866088867 -274.807891846 -321.867980957 -232.238693237 -363.075622559 -319.468200684 226.965866089 354.045928955 -325.278503418 123.175674438 477.461791992 -1241.310180664 -864.105957031 -1213.022094727 549.992919922 1035.141479492 -1245.199951172 547.522583008 1426.505126953 1290.044067383 230.387069702 1481.136840820 -379.561889648 -839.915466309 -987.961730957 -992.814147949 -912.204895020
-283.045501709 -346.644470215 -300.259185791 255.289642334 349.931976318 -325.333312988 99.531097412 477.543334961 486.804504395 109.401947021 397.039001465 10.223536491 -166.574569702 -340.138702393 -305.694305420 -287.930450439 -276.250518799 -320.487091064 -322.052673340 250.723953247 353.982391357 -335.520660400 120.950317383 486.641815186 487.199462891 115.432815552 395.495574951 28.898412704 -185.298065186 -340.657958984 -275.782287598 -322.655792236 -233.212127686 -363.891906738 -320.591552734 227.541183472 354.792907715 -326.212341309 123.478134155 478.830871582 -1239.726074219 -863.043884277 -1210.998291016 549.075317383 1034.175292969 -1244.037231445 546.863098145 1424.594604492 1287.787719727 229.974868774 1479.000732422 -379.017150879 -838.534667969 -986.409912109 -991.297607422 -910.847045898
-284.036468506 -347.458587646 -301.396514893 255.864639282 350.684234619 -326.266632080 99.851997375 478.913787842 488.025695801 109.659309387 397.984161377 10.290055275 -167.307159424 -340.947540283 -306.643859863 -288.746704102 -277.210693359 -321.291320801 -323.196075439 251.289382935 354.725738525 -336.447540283 121.274047852 488.016265869 488.423797607 115.671386719 396.428436279 28.988389969 -186.029190063 -341.448913574 -276.757080078 -323.443237305 -234.187774658 -364.705993652 -321.716278076 228.114700317 355.539337158 -327.146545410 123.783592224 480.199005127 -1238.142089844 -861.981689453 -1208.974609375 548.157775879 1033.209106445 -1242.874633789 546.203491211 1422.684326172 1285.531372070 229.562789917 1476.864746094 -378.472320557 -837.153991699 -984.857910156 -989.781066895 -909.489074707
-285.028869629 -348.270599365 -302.535614014 256.437164307 351.435974121 -327.200317383 100.176231384 480.283203125 489.246948242 109.915534973 398.929229736 10.354105949 -168.040695190 -341.755310059 -307.593261719 -289.563262939 -278.172058105 -322.093719482 -324.340484619 251.852264404 355.468566895 -337.374786377 121.600822449 489.389739990 489.648132324 115.908752441 397.361267090 29.075687408 -186.760940552 -342.238952637 -277.732269287 -324.230377197 -235.165649414 -365.517944336 -322.842437744 228.686431885 356.285217285 -328.081176758 124.092033386 481.566223145 -1236.558105469 -860.919433594 -1206.950805664 547.240173340 1032.242919922 -1241.712036133 545.543701172 1420.773925781 1283.275024414 229.150787354 1474.728759766 -377.927429199 -835.773376465 -983.305847168 -988.264648438 -908.131042480
-286.022644043 -349.080444336 -303.676483154 257.007202148 352.187164307 -328.134399414 100.503784180 481.651580811 490.468200684 110.170623779 399.874206543 10.415686607 -168.775177002 -342.562072754 -308.542510986 -290.380157471 -279.134582520 -322.894287109 -325.485839844 252.412567139 356.210906982 -338.302368164 121.930648804 490.762237549 490.872406006 116.144912720 398.294128418 29.160303116 -187.493286133 -343.028076172 -278.707824707 -325.017150879 -236.145736694 -366.327697754 -323.969970703 229.256347656 357.030548096 -329.016204834 124.403465271 482.932464600 -1234.974243164 -859.856994629 -1204.927001953 546.322631836 1031.276733398 -1240.549316406 544.883789062 1418.863769531 1281.018554688 228.738891602 1472.592773438 -377.382476807 -834.392944336 -981.753723145 -986.748352051 -906.772888184
-287.017852783 -349.888183594 -304.819122314 257.574768066 352.937835693 -329.068908691 100.834655762 483.018859863 491.689514160 110.424575806 400.819091797 10.474794388 -169.510604858 -343.367767334 -309.491607666 -291.197357178 -280.098297119 -323.693054199 -326.632171631 252.970291138 356.952728271 -339.230316162 122.263504028 492.133697510 492.096679688 116.379875183 399.226959229 29.242231369 -188.226257324 -343.816284180 -279.683807373 -325.803558350 -237.128021240 -367.135253906 -325.098876953 229.824447632 357.775329590 -329.951599121 124.717872620 484.297760010 -1233.390502930 -858.794494629 -1202.903320312 545.405029297 1030.310546875 -1239.386718750 544.223693848 1416.953491211 1278.762084961 228.327087402 1470.456787109 -376.837463379 -833.012573242 -980.201477051 -985.232116699 -905.414672852
-288.014434814 -350.693786621 -305.963562012 258.139801025 353.687957764 -330.003784180 101.168838501 484.385070801 492.910888672 110.677391052 401.763854980 10.531428337 -170.246978760 -344.172454834 -310.440582275 -292.014831543 -281.063171387 -324.489990234 -327.779449463 253.525451660 357.694061279 -340.158599854 122.599395752 493.504180908 493.320953369 116.613639832 400.159759521 29.321474075 -188.959838867 -344.603576660 -280.660156250 -326.589660645 -238.112518311 -367.940612793 -326.229156494 230.390747070 358.519561768 -330.887451172 125.035263062 485.662109375 -1231.806762695 -857.731811523 -1200.879516602 544.487487793 1029.344238281 -1238.223999023 543.563415527 1415.043334961 1276.505737305 227.915374756 1468.320800781 -376.292388916 -831.632324219 -978.649108887 -983.715942383 -904.056335449
-289.012420654 -351.497222900 -307.109741211 258.702331543 354.437561035 -330.939086914 101.506332397 485.750183105 494.132293701 110.929061890 402.708526611 10.585583687 -170.984298706 -344.976074219 -311.389373779 -292.832641602 -282.029541016 -325.285369873 -328.927673340 254.078048706 358.434875488 -341.087219238 122.938308716 494.873626709 494.545257568 116.846214294 401.092559814 29.398023605 -189.694015503 -345.389923096 -281.636901855 -327.375366211 -239.099243164 -368.743774414 -327.360839844 230.955200195 359.263275146 -331.823669434 125.355621338 487.025512695 -1230.223144531 -856.669067383 -1198.855834961 543.569885254 1028.378051758 -1237.061401367 542.903015137 1413.133300781 1274.249267578 227.503768921 1466.184814453 -375.747222900 -830.252197266 -977.096679688 -982.199890137 -902.697875977
-290.011779785 -352.298553467 -308.257659912 259.262329102 355.186645508 -331.874755859 101.847122192 487.114227295 495.353729248 111.179603577 403.653106689 10.637261391 -171.722549438 -345.778625488 -312.338012695 -293.650787354 -282.997497559 -326.079254150 -330.076843262 254.628051758 359.175201416 -342.016235352 123.280250549 496.242034912 495.769561768 117.077590942 402.025299072 29.471879959 -190.428817749 -346.175354004 -282.614044189 -328.160766602 -240.088226318 -369.544799805 -328.493865967 231.517822266 360.006439209 -332.760314941 125.678947449 488.387908936 -1228.639526367 -855.606201172 -1196.832031250 542.652343750 1027.411865234 -1235.898803711 542.242492676 1411.223266602 1271.992797852 227.092254639 1464.048950195 -375.202026367 -828.872131348 -975.544128418 -980.683959961 -901.339294434
-291.012542725 -353.097717285 -309.407318115 259.819793701 355.935211182 -332.810852051 102.191215515 488.477172852 496.575225830 111.429008484 404.597534180 10.686456680 -172.461761475 -346.580169678 -313.286529541 -294.469207764 -283.967132568 -326.871734619 -331.226959229 255.175476074 359.915069580 -342.945587158 123.625205994 497.609436035 496.993957520 117.307785034 402.958007812 29.543039322 -191.164230347 -346.959869385 -283.591583252 -328.945800781 -241.079513550 -370.343688965 -329.628265381 232.078613281 360.749053955 -333.697357178 126.005241394 489.749328613 -1227.056030273 -854.543273926 -1194.808227539 541.734741211 1026.445678711 -1234.736083984 541.581726074 1409.313232422 1269.736206055 226.680816650 1461.913085938 -374.656738281 -827.492187500 -973.991516113 -979.168029785 -899.980712891
-292.014678955 -353.894744873 -310.558715820 260.374725342 356.683258057 -333.747375488 102.538597107 489.838989258 497.796813965 111.677276611 405.541839600 10.733168602 -173.201889038 -347.380615234 -314.234893799 -295.287933350 -284.938446045 -327.662780762 -332.378021240 255.720321655 360.654418945 -343.875305176 123.973175049 498.975799561 498.218353271 117.536788940 403.890655518 29.611499786 -191.900268555 -347.743438721 -284.569519043 -329.730499268 -242.073135376 -371.140441895 -330.764007568 232.637542725 361.491149902 -334.634857178 126.334487915 491.109771729 -1225.472656250 -853.480163574 -1192.784545898 540.817199707 1025.479492188 -1233.573486328 540.920837402 1407.403320312 1267.479736328 226.269485474 1459.777099609 -374.111419678 -826.112426758 -972.438781738 -977.652221680 -898.621948242
-293.018188477 -354.689605713 -311.711822510 260.927093506 357.430755615 -334.684295654 102.889266968 491.199707031 499.018463135 111.924423218 406.485992432 10.777395248 -173.942977905 -348.180023193 -315.183135986 -296.106994629 -285.911468506 -328.452453613 -333.530029297 256.262573242 361.393310547 -344.805419922 124.324157715 500.341094971 499.442840576 117.764602661 404.823242188 29.677259445 -192.636901855 -348.526062012 -285.547851562 -330.514831543 -243.069107056 -371.935119629 -331.901092529 233.194625854 362.232696533 -335.572723389 126.666694641 492.469238281 -1223.889282227 -852.416992188 -1190.760742188 539.899597168 1024.513183594 -1232.410888672 540.259826660 1405.493408203 1265.223144531 225.858245850 1457.641235352 -373.566040039 -824.732666016 -970.885925293 -976.136535645 -897.263122559
-294.023101807 -355.482330322 -312.866638184 261.476898193 358.177795410 -335.621643066 103.243217468 492.559295654 500.240173340 112.170433044 407.430023193 10.819133759 -174.684997559 -348.978363037 -316.131195068 -296.926330566 -286.886230469 -329.240722656 -334.682922363 256.802246094 362.131683350 -345.735870361 124.678138733 501.705383301 500.667388916 117.991233826 405.755767822 29.740312576 -193.374160767 -349.307769775 -286.526611328 -331.298828125 -244.067459106 -372.727691650 -333.039489746 233.749832153 362.973754883 -336.511047363 127.001846313 493.827697754 -1222.306030273 -851.353698730 -1188.736938477 538.982055664 1023.546997070 -1231.248291016 539.598632812 1403.583618164 1262.966674805 225.447082520 1455.505371094 -373.020599365 -823.353088379 -969.333007812 -974.620910645 -895.904174805
-295.029327393 -356.272888184 -314.023162842 262.024108887 358.924285889 -336.559387207 103.600440979 493.917755127 501.462005615 112.415313721 408.373931885 10.858381271 -175.427963257 -349.775634766 -317.079132080 -297.746002197 -287.862731934 -330.027648926 -335.836761475 257.339324951 362.869598389 -346.666717529 125.035118103 503.068572998 501.892028809 118.216682434 406.688232422 29.800657272 -194.112030029 -350.088562012 -287.505737305 -332.082458496 -245.068191528 -373.518218994 -334.179260254 234.303176880 363.714263916 -337.449798584 127.339942932 495.185150146 -1220.722900391 -850.290283203 -1186.713256836 538.064453125 1022.580810547 -1230.085571289 538.937255859 1401.673828125 1260.710083008 225.036026001 1453.369506836 -372.475097656 -821.973632812 -967.779968262 -973.105407715 -894.545166016
-296.036956787 -357.061279297 -315.181365967 262.568756104 359.670288086 -337.497589111 103.960937500 495.275085449 502.683929443 112.659072876 409.317657471 10.895136833 -176.171859741 -350.571838379 -318.026916504 -298.565979004 -288.841033936 -330.813201904 -336.991516113 257.873779297 363.607055664 -347.597930908 125.395095825 504.430725098 503.116760254 118.440948486 407.620574951 29.858293533 -194.850509644 -350.868377686 -288.485290527 -332.865753174 -246.071334839 -374.306640625 -335.320312500 234.854644775 364.454254150 -338.388977051 127.680984497 496.541625977 -1219.139770508 -849.226745605 -1184.689453125 537.146911621 1021.614562988 -1228.922973633 538.275756836 1399.764160156 1258.453491211 224.625045776 1451.233642578 -371.929565430 -820.594238281 -966.226867676 -971.589904785 -893.186035156
-297.045928955 -357.847534180 -316.341278076 263.110809326 360.415771484 -338.436187744 104.324699402 496.631317139 503.905944824 112.901702881 410.261230469 10.929397583 -176.916687012 -351.366973877 -318.974578857 -299.386260986 -289.821075439 -331.597412109 -338.147186279 258.405670166 364.344024658 -348.529541016 125.758056641 505.791809082 504.341583252 118.664039612 408.552856445 29.913215637 -195.589614868 -351.647277832 -289.465240479 -333.648712158 -247.076889038 -375.092987061 -336.462677002 235.404220581 365.193725586 -339.328582764 128.024963379 497.897064209 -1217.556762695 -848.163085938 -1182.665771484 536.229309082 1020.648315430 -1227.760375977 537.614074707 1397.854492188 1256.196899414 224.214172363 1449.097900391 -371.383972168 -819.214965820 -964.673645020 -970.074584961 -891.826843262
-298.056274414 -358.631622314 -317.502838135 263.650268555 361.160766602 -339.375213623 104.691764832 497.986480713 505.128112793 113.143211365 411.204620361 10.961160660 -177.662460327 -352.161010742 -319.922119141 -300.206848145 -290.802947998 -332.380279541 -339.303741455 258.934936523 365.080505371 -349.461517334 126.124000549 507.151824951 505.566528320 118.885948181 409.485046387 29.965421677 -196.329391479 -352.425292969 -290.445587158 -334.431304932 -248.084854126 -375.877258301 -337.606353760 235.951904297 365.932678223 -340.268615723 128.371856689 499.251464844 -1215.973754883 -847.099365234 -1180.641967773 535.311767578 1019.682128906 -1226.597778320 536.952270508 1395.944946289 1253.940307617 223.803375244 1446.962036133 -370.838317871 -817.835815430 -963.120300293 -968.559265137 -890.467529297
-299.067932129 -359.413513184 -318.666046143 264.187103271 361.905242920 -340.314697266 105.062133789 499.340698242 506.350372314 113.383598328 412.147857666 10.990425110 -178.409194946 -352.954010010 -320.869476318 -301.027770996 -291.786590576 -333.161804199 -340.461212158 259.461608887 365.816528320 -350.393890381 126.492927551 508.510772705 506.791595459 119.106674194 410.417114258 30.014907837 -197.069839478 -353.202453613 -291.426361084 -335.213531494 -249.095260620 -376.659454346 -338.751342773 236.497680664 366.671112061 -341.209106445 128.721694946 500.604858398 -1214.390869141 -846.035522461 -1178.618164062 534.394165039 1018.715881348 -1225.435180664 536.290283203 1394.035400391 1251.683715820 223.392654419 1444.826171875 -370.292633057 -816.456787109 -961.566894531 -967.044128418 -889.108093262
-300.080963135 -360.193267822 -319.830902100 264.721313477 362.649261475 -341.254608154 105.435829163 500.694061279 507.572784424 113.622863770 413.090911865 11.017188072 -179.156875610 -353.745941162 -321.816741943 -301.848968506 -292.772064209 -333.941955566 -341.619598389 259.985687256 366.552093506 -351.326629639 126.864822388 509.868621826 508.016754150 119.326232910 411.349090576 30.061674118 -197.810989380 -353.978729248 -292.407531738 -335.995422363 -250.108093262 -377.439575195 -339.897613525 237.041549683 367.409057617 -342.150024414 129.074447632 501.957244873 -1212.807983398 -844.971557617 -1176.594482422 533.476623535 1017.749633789 -1224.272583008 535.628112793 1392.125854492 1249.427001953 222.982040405 1442.690429688 -369.746887207 -815.077819824 -960.013366699 -965.528991699 -887.748596191
-301.095336914 -360.970825195 -320.997406006 265.252899170 363.392761230 -342.194946289 105.812858582 502.046508789 508.795318604 113.861015320 414.033752441 11.041447639 -179.905517578 -354.536804199 -322.763854980 -302.670501709 -293.759338379 -334.720794678 -342.778839111 260.507110596 367.287200928 -352.259796143 127.239692688 511.225372314 509.242095947 119.544609070 412.280914307 30.105716705 -198.552856445 -354.754180908 -293.389099121 -336.776977539 -251.123367310 -378.217620850 -341.045135498 237.583511353 368.146484375 -343.091369629 129.430114746 503.308563232 -1211.225219727 -843.907470703 -1174.570678711 532.559020996 1016.783386230 -1223.109985352 534.965820312 1390.216430664 1247.170410156 222.571502686 1440.554687500 -369.201080322 -813.698974609 -958.459777832 -964.013977051 -886.388977051
-302.111022949 -361.746215820 -322.165527344 265.781860352 364.135772705 -343.135711670 106.193222046 503.398162842 510.018035889 114.098045349 414.976440430 11.063200951 -180.655136108 -355.326629639 -323.710815430 -303.492340088 -294.748443604 -335.498260498 -343.938964844 261.025970459 368.021820068 -353.193328857 127.617523193 512.581054688 510.467529297 119.761817932 413.212615967 30.147029877 -199.295410156 -355.528747559 -294.371093750 -337.558166504 -252.141082764 -378.993591309 -342.193939209 238.123535156 368.883392334 -344.033172607 129.788696289 504.658843994 -1209.642578125 -842.843261719 -1172.546997070 531.641418457 1015.817138672 -1221.947387695 534.303344727 1388.307128906 1244.913696289 222.161041260 1438.418945312 -368.655273438 -812.320312500 -956.906066895 -962.499023438 -885.029296875
-303.128082275 -362.519439697 -323.335266113 266.308135986 364.878295898 -344.076965332 106.576934814 504.748992920 511.240875244 114.333953857 415.918884277 11.082447052 -181.405746460 -356.115386963 -324.657684326 -304.314483643 -295.739349365 -336.274383545 -345.099975586 261.542175293 368.756011963 -354.127288818 127.998313904 513.935607910 511.693145752 119.977844238 414.144195557 30.185615540 -200.038696289 -356.302490234 -295.353515625 -338.338989258 -253.161224365 -379.767456055 -343.343994141 238.661636353 369.619812012 -344.975433350 130.150192261 506.008087158 -1208.060058594 -841.778991699 -1170.523193359 530.723876953 1014.850891113 -1220.784790039 533.640686035 1386.397705078 1242.656982422 221.750686646 1436.283081055 -368.109375000 -810.941650391 -955.352233887 -960.984191895 -883.669494629
-304.146453857 -363.290466309 -324.506591797 266.831756592 365.620330811 -345.018615723 106.963989258 506.099029541 512.463928223 114.568748474 416.861175537 11.099182129 -182.157348633 -356.903137207 -325.604400635 -305.136932373 -296.732086182 -337.049163818 -346.261871338 262.055786133 369.489746094 -355.061645508 128.382049561 515.289062500 512.918884277 120.192703247 415.075622559 30.221467972 -200.782684326 -357.075378418 -296.336334229 -339.119476318 -254.183807373 -380.539215088 -344.495300293 239.197799683 370.355743408 -345.918151855 130.514587402 507.356262207 -1206.477416992 -840.714599609 -1168.499389648 529.806274414 1013.884643555 -1219.622192383 532.977905273 1384.488525391 1240.400268555 221.340393066 1434.147338867 -367.563476562 -809.563171387 -953.798339844 -959.469421387 -882.309631348
-305.166137695 -364.059326172 -325.679504395 267.352722168 366.361877441 -345.960754395 107.354385376 507.448242188 513.687133789 114.802429199 417.803222656 11.113405228 -182.909942627 -357.689849854 -326.550964355 -305.959686279 -297.726623535 -337.822601318 -347.424652100 262.566741943 370.223022461 -355.996368408 128.768753052 516.641357422 514.144836426 120.406394958 416.006896973 30.254585266 -201.527420044 -357.847412109 -297.319580078 -339.899597168 -255.208831787 -381.308868408 -345.647857666 239.732009888 371.091156006 -346.861328125 130.881866455 508.703369141 -1204.895019531 -839.650085449 -1166.475708008 528.888732910 1012.918395996 -1218.459472656 532.315002441 1382.579223633 1238.143554688 220.930206299 1432.011596680 -367.017517090 -808.184814453 -952.244323730 -957.954772949 -880.949645996
-306.187133789 -364.825988770 -326.854003906 267.871002197 367.102966309 -346.903320312 107.748130798 508.796661377 514.910522461 115.034996033 418.745025635 11.125113487 -183.663543701 -358.475555420 -327.497436523 -306.782745361 -298.722991943 -338.594635010 -348.588256836 263.075103760 370.955841064 -356.931549072 129.158386230 517.992614746 515.370910645 120.618911743 416.938018799 30.284965515 -202.272872925 -358.618621826 -298.303222656 -340.679382324 -256.236267090 -382.076416016 -346.801635742 240.264266968 371.826080322 -347.804931641 131.252059937 510.049407959 -1203.312622070 -838.585449219 -1164.451904297 527.971130371 1011.952148438 -1217.296997070 531.651855469 1380.670166016 1235.886840820 220.520080566 1429.875976562 -366.471527100 -806.806518555 -950.690246582 -956.440185547 -879.589538574
-307.209472656 -365.590454102 -328.030090332 268.386566162 367.843566895 -347.846343994 108.145225525 510.144287109 516.134033203 115.266448975 419.686645508 11.134304047 -184.418167114 -359.260223389 -328.443756104 -307.606140137 -299.721191406 -339.365325928 -349.752746582 263.580810547 371.688201904 -357.867095947 129.550949097 519.342712402 516.597229004 120.830253601 417.868957520 30.312604904 -203.019073486 -359.389007568 -299.287292480 -341.458801270 -257.266143799 -382.841857910 -347.956665039 240.794555664 372.560516357 -348.749023438 131.625122070 511.394409180 -1201.730346680 -837.520690918 -1162.428222656 527.053527832 1010.985900879 -1216.134399414 530.988586426 1378.760986328 1233.630126953 220.110046387 1427.740234375 -365.925476074 -805.428344727 -949.136047363 -954.925659180 -878.229370117
-308.233093262 -366.352752686 -329.207702637 268.899444580 368.583679199 -348.789825439 108.545654297 511.491119385 517.357849121 115.496795654 420.628021240 11.140976906 -185.173812866 -360.043853760 -329.389953613 -308.429840088 -300.721191406 -340.134643555 -350.918090820 264.083892822 372.420135498 -358.803070068 129.946456909 520.691650391 517.823669434 121.040428162 418.799743652 30.337501526 -203.766036987 -360.158569336 -300.271789551 -342.237854004 -258.298461914 -383.605133057 -349.112884521 241.322875977 373.294433594 -349.693572998 132.001083374 512.738281250 -1200.148071289 -836.455871582 -1160.404418945 526.135986328 1010.019653320 -1214.971801758 530.325195312 1376.851928711 1231.373291016 219.700088501 1425.604492188 -365.379394531 -804.050292969 -947.581726074 -953.411254883 -876.869140625
-309.258026123 -367.112854004 -330.386871338 269.409637451 369.323333740 -349.733795166 108.949424744 512.837158203 518.581787109 115.726020813 421.569152832 11.145127296 -185.930480957 -360.826507568 -330.336029053 -309.253814697 -301.723022461 -340.902587891 -352.084259033 264.584350586 373.151611328 -359.739471436 130.344894409 522.039428711 519.050354004 121.249435425 419.730316162 30.359651566 -204.513732910 -360.927276611 -301.256683350 -343.016571045 -259.333160400 -384.366271973 -350.270294189 241.849227905 374.027893066 -350.638580322 132.379913330 514.081115723 -1198.565917969 -835.390930176 -1158.380615234 525.218383789 1009.053344727 -1213.809204102 529.661621094 1374.942993164 1229.116577148 219.290222168 1423.468750000 -364.833282471 -802.672363281 -946.027343750 -951.896911621 -875.508728027
-310.284271240 -367.870727539 -331.567565918 269.917083740 370.062500000 -350.678192139 109.356529236 514.182373047 519.805969238 115.954139709 422.510009766 11.146755219 -186.688201904 -361.608123779 -331.281982422 -310.078125000 -302.726654053 -341.669128418 -353.251281738 265.082183838 373.882659912 -360.676269531 130.746246338 523.386108398 520.277221680 121.457275391 420.660705566 30.379053116 -205.262207031 -361.695190430 -302.242004395 -343.794891357 -260.370300293 -385.125274658 -351.428924561 242.373596191 374.760864258 -351.584045410 132.761611938 515.422851562 -1196.983886719 -834.325866699 -1156.356933594 524.300842285 1008.087097168 -1212.646606445 528.997863770 1373.034057617 1226.859741211 218.880432129 1421.333129883 -364.287139893 -801.294494629 -944.472839355 -950.382629395 -874.148315430
-311.311828613 -368.626434326 -332.749786377 270.421813965 370.801208496 -351.623046875 109.766967773 515.526733398 521.030395508 116.181152344 423.450653076 11.145856857 -187.446945190 -362.388732910 -332.227813721 -310.902740479 -303.732086182 -342.434265137 -354.419158936 265.577331543 374.613281250 -361.613494873 131.150527954 524.731628418 521.504272461 121.663940430 421.590911865 30.395704269 -206.011444092 -362.462280273 -303.227783203 -344.572906494 -261.409820557 -385.882080078 -352.588714600 242.895965576 375.493347168 -352.529998779 133.146194458 516.763488770 -1195.401855469 -833.260681152 -1154.333129883 523.383239746 1007.120849609 -1211.484008789 528.333984375 1371.125122070 1224.602905273 218.470718384 1419.197387695 -363.740966797 -799.916748047 -942.918273926 -948.868469238 -872.787780762
-312.340667725 -369.379943848 -333.933502197 270.923797607 371.539459229 -352.568389893 110.180732727 516.870239258 522.255004883 116.407051086 424.391021729 11.142431259 -188.206741333 -363.168334961 -333.173522949 -311.727661133 -304.739318848 -343.197998047 -355.587829590 266.069885254 375.343444824 -362.551116943 131.557723999 526.075988770 522.731567383 121.869445801 422.520874023 30.409601212 -206.761444092 -363.228576660 -304.213958740 -345.350524902 -262.451751709 -386.636749268 -353.749694824 243.416336060 376.225341797 -353.476440430 133.533630371 518.103027344 -1193.819824219 -832.195434570 -1152.309448242 522.465637207 1006.154541016 -1210.321411133 527.669921875 1369.216308594 1222.346191406 218.061080933 1417.061767578 -363.194763184 -798.539184570 -941.363586426 -947.354370117 -871.427124023
-313.370788574 -370.131225586 -335.118713379 271.423034668 372.277221680 -353.514190674 110.597824097 518.212951660 523.479858398 116.631843567 425.331115723 11.136474609 -188.967590332 -363.946960449 -334.119079590 -312.552917480 -305.748352051 -343.960327148 -356.757354736 266.559753418 376.073181152 -363.489196777 131.967819214 527.419250488 523.959045410 122.073776245 423.450653076 30.420740128 -207.512237549 -363.994049072 -305.200531006 -346.127807617 -263.496093750 -387.389190674 -354.911834717 243.934692383 376.956878662 -354.423309326 133.923934937 519.441467285 -1192.238037109 -831.130065918 -1150.285644531 521.548095703 1005.188293457 -1209.158813477 527.005676270 1367.307495117 1220.089355469 217.651535034 1414.926147461 -362.648498535 -797.161682129 -939.808776855 -945.840393066 -870.066406250
-314.402191162 -370.880310059 -336.305389404 271.919494629 373.014526367 -354.460479736 111.018241882 519.554809570 524.704956055 116.855522156 426.270935059 11.127986908 -189.729507446 -364.724578857 -335.064544678 -313.378448486 -306.759185791 -344.721252441 -357.927703857 267.046997070 376.802459717 -364.427703857 132.380813599 528.761230469 525.186767578 122.276947021 424.380187988 30.429121017 -208.263809204 -364.758697510 -306.187561035 -346.904724121 -264.542785645 -388.139465332 -356.075103760 244.451049805 377.687896729 -355.370697021 134.317092896 520.778747559 -1190.656250000 -830.064575195 -1148.261840820 520.630493164 1004.222045898 -1207.996215820 526.341308594 1365.398803711 1217.832397461 217.242050171 1412.790405273 -362.102233887 -795.784240723 -938.253906250 -944.326477051 -868.705566406
-315.434875488 -371.627166748 -337.493560791 272.413208008 373.751373291 -355.407226562 111.441970825 520.895751953 525.930297852 117.078094482 427.210479736 11.116964340 -190.492477417 -365.501190186 -336.009887695 -314.204284668 -307.771789551 -345.480743408 -359.098846436 267.531555176 377.531341553 -365.366607666 132.796707153 530.102111816 526.414733887 122.478942871 425.309478760 30.434741974 -209.016174316 -365.522552490 -307.175018311 -347.681274414 -265.591888428 -388.887512207 -357.239562988 244.965377808 378.418487549 -356.318542480 134.713088989 522.114929199 -1189.074462891 -828.998962402 -1146.238159180 519.712951660 1003.255737305 -1206.833618164 525.676818848 1363.490234375 1215.575561523 216.832656860 1410.654785156 -361.555908203 -794.406982422 -936.698913574 -942.812622070 -867.344665527
-316.468841553 -372.371826172 -338.683166504 272.904144287 374.487792969 -356.354461670 111.869018555 522.235839844 527.155883789 117.299560547 428.149749756 11.103404999 -191.256530762 -366.276794434 -336.955108643 -315.030456543 -308.786193848 -346.238800049 -360.270812988 268.013488770 378.259796143 -366.305969238 133.215499878 531.441833496 527.642944336 122.679779053 426.238555908 30.437595367 -209.769332886 -366.285614014 -308.162902832 -348.457458496 -266.643341064 -389.633361816 -358.405120850 245.477676392 379.148559570 -357.266876221 135.111938477 523.450012207 -1187.492797852 -827.933288574 -1144.214355469 518.795349121 1002.289489746 -1205.671020508 525.012084961 1361.581542969 1213.318725586 216.423324585 1408.519165039 -361.009582520 -793.029785156 -935.143859863 -941.298889160 -865.983642578
-317.504089355 -373.114288330 -339.874237061 273.392303467 375.223724365 -357.302185059 112.299369812 523.575073242 528.381713867 117.519920349 429.088684082 11.087306976 -192.021667480 -367.051422119 -337.900207520 -315.856903076 -309.802337646 -346.995391846 -361.443572998 268.492736816 378.987792969 -367.245758057 133.637161255 532.780334473 528.871337891 122.879447937 427.167358398 30.437683105 -210.523300171 -367.047882080 -309.151184082 -349.233276367 -267.697143555 -390.376953125 -359.571838379 245.987930298 379.878173828 -358.215698242 135.513626099 524.783996582 -1185.911254883 -826.867492676 -1142.190673828 517.877746582 1001.323181152 -1204.508544922 524.347229004 1359.672973633 1211.061767578 216.014083862 1406.383544922 -360.463195801 -791.652709961 -933.588684082 -939.785217285 -864.622497559
-318.540588379 -373.854522705 -341.066741943 273.877685547 375.959197998 -358.250366211 112.733024597 524.913391113 529.607788086 117.739173889 430.027343750 11.068668365 -192.787872314 -367.825042725 -338.845184326 -316.683685303 -310.820281982 -347.750549316 -362.617156982 268.969329834 379.715393066 -368.185974121 134.061721802 534.117614746 530.100036621 123.077941895 428.095916748 30.435003281 -211.278076172 -367.809356689 -310.139923096 -350.008758545 -268.753295898 -391.118316650 -360.739654541 246.496154785 380.607330322 -359.164978027 135.918151855 526.116760254 -1184.329711914 -825.801574707 -1140.166870117 516.960205078 1000.356933594 -1203.345947266 523.682250977 1357.764526367 1208.804931641 215.604904175 1404.247924805 -359.916809082 -790.275756836 -932.033386230 -938.271606445 -863.261352539
-319.578369141 -374.592529297 -342.260650635 274.360229492 376.694244385 -359.199035645 113.169975281 526.250732422 530.834167480 117.957313538 430.965698242 11.047486305 -193.555175781 -368.597686768 -339.790039062 -317.510742188 -311.839996338 -348.504241943 -363.791534424 269.443267822 380.442565918 -369.126617432 134.489151001 535.453735352 531.328979492 123.275276184 429.024200439 30.429548264 -212.033676147 -368.570037842 -311.129089355 -350.783843994 -269.811798096 -391.857421875 -361.908569336 247.002334595 381.336029053 -360.114776611 136.325500488 527.448425293 -1182.748291016 -824.735534668 -1138.143188477 516.042602539 999.390625000 -1202.183349609 523.017089844 1355.856079102 1206.547973633 215.195800781 1402.112304688 -359.370361328 -788.898925781 -930.478027344 -936.758117676 -861.900024414
-320.617401123 -375.328308105 -343.455963135 274.839965820 377.428833008 -360.148193359 113.610221863 527.587219238 532.060852051 118.174354553 431.903717041 11.023759842 -194.323562622 -369.369354248 -340.734771729 -318.338134766 -312.861450195 -349.256469727 -364.966674805 269.914550781 381.169311523 -370.067718506 134.919448853 536.788635254 532.558227539 123.471443176 429.952209473 30.421319962 -212.790084839 -369.329925537 -312.118682861 -351.558593750 -270.872650146 -392.594268799 -363.078582764 247.506439209 382.064239502 -361.065063477 136.735671997 528.778991699 -1181.166870117 -823.669433594 -1136.119384766 515.125000000 998.424316406 -1201.020751953 522.351745605 1353.947753906 1204.291015625 214.786788940 1399.976684570 -358.823913574 -787.522155762 -928.922607422 -935.244689941 -860.538635254
-321.657653809 -376.061859131 -344.652679443 275.316894531 378.162963867 -361.097839355 114.053756714 528.922729492 533.287780762 118.390289307 432.841430664 10.997485161 -195.093063354 -370.140014648 -341.679412842 -319.165802002 -313.884643555 -350.007202148 -366.142608643 270.383148193 381.895629883 -371.009246826 135.352630615 538.122375488 533.787719727 123.666442871 430.879943848 30.410314560 -213.547317505 -370.089019775 -313.108734131 -352.332977295 -271.935791016 -393.328796387 -364.249694824 248.008483887 382.791992188 -362.015808105 137.148742676 530.108581543 -1179.585571289 -822.603210449 -1134.095581055 514.207458496 997.458068848 -1199.858276367 521.686218262 1352.039428711 1202.034057617 214.377838135 1397.841064453 -358.277435303 -786.145568848 -927.367004395 -933.731323242 -859.177185059
-322.699188232 -376.793182373 -345.850769043 275.790985107 378.896636963 -362.047973633 114.500579834 530.257385254 534.514953613 118.605110168 433.778808594 10.968661308 -195.863647461 -370.909698486 -342.623901367 -319.993804932 -314.909606934 -350.756439209 -367.319335938 270.849060059 382.621551514 -371.951232910 135.788650513 539.454895020 535.017456055 123.860275269 431.807373047 30.396528244 -214.305374146 -370.847320557 -314.099182129 -353.106964111 -273.001281738 -394.061065674 -365.421875000 248.508468628 383.519287109 -362.967102051 137.564697266 531.437255859 -1178.004394531 -821.536865234 -1132.071899414 513.289855957 996.491760254 -1198.695678711 521.020568848 1350.131103516 1199.777099609 213.968948364 1395.705444336 -357.730926514 -784.769042969 -925.811340332 -932.218078613 -857.815612793
-323.741973877 -377.522277832 -347.050231934 276.262268066 379.629882812 -362.998596191 114.950698853 531.591064453 535.742492676 118.818824768 434.715850830 10.937285423 -196.635360718 -371.678405762 -343.568298340 -320.822082520 -315.936279297 -351.504211426 -368.496795654 271.312316895 383.347045898 -372.893676758 136.227539062 540.786132812 536.247436523 124.052940369 432.734497070 30.379959106 -215.064285278 -371.604827881 -315.090087891 -353.880615234 -274.069061279 -394.791046143 -366.595123291 249.006362915 384.246124268 -363.918853760 137.983566284 532.765075684 -1176.423217773 -820.470397949 -1130.048095703 512.372314453 995.525451660 -1197.533081055 520.354797363 1348.222900391 1197.520141602 213.560150146 1393.569824219 -357.184387207 -783.392639160 -924.255615234 -930.704895020 -856.453979492
-324.785980225 -378.249145508 -348.251037598 276.730682373 380.362701416 -363.949707031 115.404121399 532.923828125 536.970275879 119.031440735 435.652526855 10.903355598 -197.408172607 -372.446105957 -344.512603760 -321.650695801 -316.964691162 -352.250457764 -369.675048828 271.772857666 384.072143555 -373.836547852 136.669265747 542.116210938 537.477783203 124.244430542 433.661346436 30.360607147 -215.824020386 -372.361572266 -316.081420898 -354.653869629 -275.139129639 -395.518676758 -367.769378662 249.502166748 384.972503662 -364.871093750 138.405349731 534.092102051 -1174.842163086 -819.403869629 -1128.024414062 511.454711914 994.559143066 -1196.370483398 519.688842773 1346.314697266 1195.263183594 213.151412964 1391.434326172 -356.637847900 -782.016357422 -922.699768066 -929.191833496 -855.092224121
-325.831237793 -378.973785400 -349.453186035 277.196228027 381.095062256 -364.901306152 115.860839844 534.255737305 538.198364258 119.242942810 436.588867188 10.866870880 -198.182113647 -373.212860107 -345.456756592 -322.479583740 -317.994812012 -352.995178223 -370.854064941 272.230743408 384.796813965 -374.779876709 137.113845825 543.445007324 538.708374023 124.434761047 434.587829590 30.338464737 -216.584609985 -373.117523193 -317.073181152 -355.426788330 -276.211456299 -396.243988037 -368.944702148 249.995864868 385.698425293 -365.823852539 138.830062866 535.418395996 -1173.261108398 -818.337219238 -1126.000610352 510.537139893 993.592895508 -1195.208007812 519.022705078 1344.406616211 1193.006225586 212.742752075 1389.298706055 -356.091278076 -780.640136719 -921.143798828 -927.678771973 -853.730407715
-326.877716064 -379.696166992 -350.656677246 277.658905029 381.826965332 -365.853424072 116.320869446 535.586791992 539.426757812 119.453338623 437.524871826 10.827827454 -198.957168579 -373.978607178 -346.400817871 -323.308807373 -319.026672363 -353.738372803 -372.033843994 272.685943604 385.521057129 -375.723632812 137.561264038 544.772644043 539.939270020 124.623924255 435.514007568 30.313535690 -217.346038818 -373.872680664 -318.065368652 -356.199310303 -277.286102295 -396.966979980 -370.121002197 250.487472534 386.423889160 -366.777130127 139.257720947 536.743896484 -1171.680175781 -817.270446777 -1123.976806641 509.619537354 992.626586914 -1194.045410156 518.356384277 1342.498535156 1190.749145508 212.334167480 1387.163085938 -355.544647217 -779.264038086 -919.587768555 -926.165893555 -852.368469238
-327.925415039 -380.416320801 -351.861450195 278.118743896 382.558471680 -366.806030273 116.784202576 536.916992188 540.655456543 119.662628174 438.460479736 10.786223412 -199.733352661 -374.743347168 -347.344757080 -324.138305664 -320.060211182 -354.480041504 -373.214355469 273.138458252 386.244934082 -376.667877197 138.011505127 546.098999023 541.170410156 124.811920166 436.439849854 30.285810471 -218.108322144 -374.627075195 -319.058013916 -356.971466064 -278.362976074 -397.687591553 -371.298339844 250.976943970 387.148895264 -367.730895996 139.688323975 538.068664551 -1170.099365234 -816.203552246 -1121.953125000 508.701965332 991.660278320 -1192.882812500 517.689941406 1340.590576172 1188.492187500 211.925643921 1385.027587891 -354.998046875 -777.888122559 -918.031616211 -924.653015137 -851.006469727
-328.974365234 -381.134246826 -353.067535400 278.575653076 383.289520264 -367.759155273 117.250854492 538.246337891 541.884460449 119.870811462 439.395721436 10.742056847 -200.510681152 -375.507141113 -348.288604736 -324.968109131 -321.095489502 -355.220184326 -374.395629883 273.588256836 386.968383789 -377.612548828 138.464584351 547.424072266 542.401916504 124.998741150 437.365356445 30.255292892 -218.871459961 -375.380676270 -320.051086426 -357.743255615 -279.442108154 -398.405883789 -372.476623535 251.464294434 387.873443604 -368.685150146 140.121856689 539.392700195 -1168.518554688 -815.136596680 -1119.929321289 507.784393311 990.693969727 -1191.720336914 517.023376465 1338.682617188 1186.235107422 211.517181396 1382.891967773 -354.451385498 -776.512268066 -916.475341797 -923.140258789 -849.644348145
-330.024505615 -381.849914551 -354.274902344 279.029693604 384.020111084 -368.712768555 117.720809937 539.574829102 543.113830566 120.077880859 440.330566406 10.695326805 -201.289123535 -376.269927979 -349.232330322 -325.798248291 -322.132415771 -355.958770752 -375.577636719 274.035369873 387.691406250 -378.557678223 138.920486450 548.747924805 543.633666992 125.184394836 438.290527344 30.221977234 -219.635467529 -376.133514404 -321.044586182 -358.514678955 -280.523498535 -399.121765137 -373.655914307 251.949523926 388.597534180 -369.639923096 140.558334351 540.716064453 -1166.937866211 -814.069519043 -1117.905639648 506.866790771 989.727661133 -1190.557739258 516.356567383 1336.774780273 1183.978027344 211.108810425 1380.756469727 -353.904724121 -775.136474609 -914.919006348 -921.627563477 -848.282165527
-331.075866699 -382.563323975 -355.483520508 279.480834961 384.750305176 -369.666870117 118.194076538 540.902404785 544.343444824 120.283851624 441.265045166 10.646029472 -202.068725586 -377.031768799 -350.175933838 -326.628662109 -323.171051025 -356.695770264 -376.760375977 274.479797363 388.414062500 -379.503295898 139.379211426 550.070556641 544.865783691 125.368873596 439.215301514 30.185859680 -220.400344849 -376.885559082 -322.038543701 -359.285705566 -281.607116699 -399.835266113 -374.836151123 252.432601929 389.321197510 -370.595214844 140.997756958 542.038635254 -1165.357177734 -813.002380371 -1115.881835938 505.949218750 988.761352539 -1189.395141602 515.689636230 1334.866943359 1181.720947266 210.700485229 1378.620849609 -353.358032227 -773.760864258 -913.362548828 -920.114929199 -846.919860840
-332.128417969 -383.274475098 -356.693420410 279.929077148 385.480041504 -370.621520996 118.670654297 542.229187012 545.573425293 120.488708496 442.199127197 10.594163895 -202.849456787 -377.792602539 -351.119445801 -327.459350586 -324.211364746 -357.431213379 -377.943847656 274.921508789 389.136291504 -380.449340820 139.840728760 551.391906738 546.098144531 125.552192688 440.139709473 30.146942139 -221.166076660 -377.636810303 -323.032958984 -360.056365967 -282.692932129 -400.546386719 -376.017333984 252.913543701 390.044403076 -371.551025391 141.440139771 543.360534668 -1163.776611328 -811.935058594 -1113.858032227 505.031646729 987.795043945 -1188.232666016 515.022583008 1332.959228516 1179.463867188 210.292236328 1376.485351562 -352.811340332 -772.385314941 -911.806030273 -918.602416992 -845.557495117
-333.182220459 -383.983398438 -357.904510498 280.374389648 386.209381104 -371.576629639 119.150550842 543.555175781 546.803771973 120.692451477 443.132781982 10.539727211 -203.631347656 -378.552429199 -352.062835693 -328.290374756 -325.253326416 -358.165069580 -379.128051758 275.360504150 389.858123779 -381.395843506 140.305068970 552.711975098 547.330871582 125.734329224 441.063751221 30.105216980 -221.932693481 -378.387298584 -324.027770996 -360.826660156 -283.780975342 -401.255065918 -377.199462891 253.392333984 390.767181396 -372.507324219 141.885452271 544.681762695 -1162.196044922 -810.867675781 -1111.834350586 504.114074707 986.828735352 -1187.070068359 514.355346680 1331.051513672 1177.206787109 209.884063721 1374.349853516 -352.264617920 -771.009948730 -910.249389648 -917.089965820 -844.195068359
-334.237182617 -384.690032959 -359.116851807 280.816772461 386.938262939 -372.532287598 119.633750916 544.880249023 548.034423828 120.895088196 444.066040039 10.482717514 -204.414367676 -379.311309814 -353.006134033 -329.121704102 -326.296936035 -358.897338867 -380.312957764 275.796813965 390.579559326 -382.342834473 140.772201538 554.030761719 548.563903809 125.915298462 441.987426758 30.060686111 -222.700180054 -379.136993408 -325.023071289 -361.596588135 -284.871215820 -401.961334229 -378.382507324 253.868957520 391.489501953 -373.464141846 142.333724976 546.002197266 -1160.615600586 -809.800170898 -1109.810546875 503.196472168 985.862426758 -1185.907470703 513.687927246 1329.143798828 1174.949707031 209.475952148 1372.214233398 -351.717864990 -769.634643555 -908.692687988 -915.577636719 -842.832519531
-335.293365479 -385.394439697 -360.330413818 281.256195068 387.666748047 -373.488433838 120.120262146 546.204467773 549.265380859 121.096618652 444.998901367 10.423132896 -205.198562622 -380.069183350 -353.949310303 -329.953308105 -327.342224121 -359.628021240 -381.498565674 276.230407715 391.300628662 -383.290283203 141.242141724 555.348266602 549.797302246 126.095100403 442.910675049 30.013345718 -223.468536377 -379.885925293 -326.018768311 -362.366119385 -285.963623047 -402.665191650 -379.566497803 254.343414307 392.211395264 -374.421478271 142.784927368 547.321960449 -1159.035278320 -808.732604980 -1107.786865234 502.278900146 984.896118164 -1184.744995117 513.020385742 1327.236206055 1172.692626953 209.067901611 1370.078735352 -351.171081543 -768.259399414 -907.135803223 -914.065307617 -841.469848633
-336.350708008 -386.096557617 -361.545135498 281.692718506 388.394775391 -374.445098877 120.610076904 547.527832031 550.496704102 121.297035217 445.931304932 10.360971451 -205.983901978 -380.826080322 -354.892364502 -330.785217285 -328.389160156 -360.357086182 -382.684906006 276.661285400 392.021270752 -384.238189697 141.714859009 556.664550781 551.030944824 126.273719788 443.833526611 29.963191986 -224.237792969 -380.634063721 -327.014923096 -363.135253906 -287.058227539 -403.366577148 -380.751373291 254.815704346 392.932830811 -375.379333496 143.239074707 548.640991211 -1157.454956055 -807.664916992 -1105.763061523 501.361328125 983.929809570 -1183.582397461 512.352661133 1325.328613281 1170.435546875 208.659927368 1367.943237305 -350.624328613 -766.884338379 -905.578918457 -912.553100586 -840.107116699
-337.409271240 -386.796417236 -362.761047363 282.126251221 389.122406006 -375.402282715 121.103195190 548.850341797 551.728393555 121.496337891 446.863281250 10.296231270 -206.770401001 -381.581970215 -355.835327148 -331.617431641 -329.437713623 -361.084533691 -383.871948242 277.089447021 392.741516113 -385.186584473 142.190368652 557.979492188 552.264953613 126.451171875 444.755950928 29.910223007 -225.007919312 -381.381439209 -328.011535645 -363.904022217 -288.154968262 -404.065521240 -381.937133789 255.285812378 393.653808594 -376.337707520 143.696151733 549.959350586 -1155.874755859 -806.597106934 -1103.739379883 500.443725586 982.963500977 -1182.419921875 511.684753418 1323.421142578 1168.178344727 208.251998901 1365.807739258 -350.077514648 -765.509338379 -904.021850586 -911.041015625 -838.744323730
-338.468994141 -387.494018555 -363.978118896 282.556854248 389.849609375 -376.359985352 121.599609375 550.171936035 552.960388184 121.694534302 447.794830322 10.228909492 -207.558074951 -382.336883545 -356.778198242 -332.449920654 -330.487884521 -361.810363770 -385.059661865 277.514892578 393.461364746 -386.135437012 142.668655396 559.293151855 553.499328613 126.627449036 445.677978516 29.854438782 -225.778945923 -382.127990723 -329.008575439 -364.672424316 -289.253875732 -404.761993408 -383.123809814 255.753738403 394.374389648 -377.296600342 144.156173706 551.276916504 -1154.294555664 -805.529174805 -1101.715576172 499.526153564 981.997192383 -1181.257324219 511.016723633 1321.513671875 1165.921264648 207.844146729 1363.672241211 -349.530700684 -764.134521484 -902.464782715 -909.528930664 -837.381408691
-339.529907227 -388.189361572 -365.196350098 282.984466553 390.576385498 -377.318206787 122.099319458 551.492675781 554.192749023 121.891616821 448.725921631 10.159004211 -208.346893311 -383.090789795 -357.720947266 -333.282714844 -331.539703369 -362.534545898 -386.248077393 277.937622070 394.180847168 -387.084747314 143.149719238 560.605529785 554.733947754 126.802543640 446.599548340 29.795833588 -226.550857544 -382.873779297 -330.006072998 -365.440429688 -290.354919434 -405.455993652 -384.311340332 256.219482422 395.094482422 -378.256011963 144.619140625 552.593750000 -1152.714477539 -804.461181641 -1099.691772461 498.608581543 981.030883789 -1180.094726562 510.348510742 1319.606323242 1163.664062500 207.436370850 1361.536621094 -348.983856201 -762.759765625 -900.907531738 -908.016967773 -836.018371582
-340.591979980 -388.882415771 -366.415740967 283.409118652 391.302734375 -378.276916504 122.602317810 552.812500000 555.425476074 122.087577820 449.656555176 10.086513519 -209.136901855 -383.843719482 -358.663574219 -334.115814209 -332.593109131 -363.257110596 -387.437164307 278.357604980 394.899902344 -388.034545898 143.633544922 561.916564941 555.968994141 126.976463318 447.520690918 29.734407425 -227.323669434 -383.618804932 -331.004028320 -366.208068848 -291.458099365 -406.147521973 -385.499755859 256.683013916 395.814178467 -379.215942383 145.085021973 553.909851074 -1151.134399414 -803.393066406 -1097.668090820 497.690979004 980.064575195 -1178.932250977 509.680145264 1317.698974609 1161.406860352 207.028640747 1359.401123047 -348.437011719 -761.385131836 -899.350219727 -906.505065918 -834.655334473
-341.655212402 -389.573211670 -367.636230469 283.830810547 392.028656006 -379.236175537 123.108612061 554.131408691 556.658569336 122.282432556 450.586730957 10.011435509 -209.928054810 -384.595611572 -359.606140137 -334.949218750 -333.648101807 -363.977996826 -388.627044678 278.774902344 395.618591309 -388.984802246 144.120147705 563.226318359 557.204345703 127.149208069 448.441406250 29.670156479 -228.097366333 -384.363006592 -332.002410889 -366.975280762 -292.563415527 -406.836517334 -386.689025879 257.144348145 396.533447266 -380.176422119 145.553833008 555.225158691 -1149.554443359 -802.324829102 -1095.644287109 496.773406982 979.098205566 -1177.769653320 509.011627197 1315.791748047 1159.149780273 206.620986938 1357.265625000 -347.890167236 -760.010559082 -897.792785645 -904.993286133 -833.292175293
-342.719635010 -390.261718750 -368.857849121 284.249481201 392.754180908 -380.195953369 123.618179321 555.449462891 557.891967773 122.476165771 451.516448975 9.933768272 -210.720397949 -385.346557617 -360.548553467 -335.782897949 -334.704711914 -364.697235107 -389.817687988 279.189514160 396.336883545 -389.935546875 144.609497070 564.534790039 558.440002441 127.320770264 449.361633301 29.603078842 -228.871963501 -385.106445312 -333.001220703 -367.742156982 -293.670806885 -407.523010254 -387.879180908 257.603485107 397.252258301 -381.137390137 146.025558472 556.539733887 -1147.974609375 -801.256530762 -1093.620605469 495.855834961 978.131896973 -1176.607177734 508.342956543 1313.884521484 1156.892578125 206.213378906 1355.130126953 -347.343292236 -758.636169434 -896.235290527 -903.481567383 -831.928894043
-343.785217285 -390.947967529 -370.080566406 284.665191650 393.479309082 -381.156250000 124.131034851 556.766540527 559.125793457 122.668785095 452.445678711 9.853508949 -211.513916016 -386.096466064 -361.490905762 -336.616882324 -335.762908936 -365.414794922 -391.009216309 279.601440430 397.054809570 -390.886779785 145.101593018 565.841918945 559.676086426 127.491157532 450.281402588 29.533172607 -229.647476196 -385.849090576 -334.000518799 -368.508605957 -294.780303955 -408.206970215 -389.070190430 258.060424805 397.970642090 -382.098907471 146.500198364 557.853515625 -1146.394775391 -800.188110352 -1091.596801758 494.938232422 977.165588379 -1175.444580078 507.674102783 1311.977416992 1154.635375977 205.805847168 1352.994628906 -346.796386719 -757.261840820 -894.677673340 -901.969909668 -830.565551758
-344.851928711 -391.631927490 -371.304443359 285.077880859 394.203979492 -382.117095947 124.647155762 558.082702637 560.359924316 122.860290527 453.374420166 9.770656586 -212.308609009 -386.845367432 -362.433135986 -337.451141357 -336.822662354 -366.130706787 -392.201629639 280.010711670 397.772338867 -391.838470459 145.596435547 567.147705078 560.912475586 127.660362244 451.200683594 29.460435867 -230.423873901 -386.590911865 -335.000244141 -369.274688721 -295.891876221 -408.888427734 -390.262115479 258.515167236 398.688598633 -383.060943604 146.977752686 559.166503906 -1144.814941406 -799.119628906 -1089.573120117 494.020660400 976.199279785 -1174.282104492 507.005096436 1310.070312500 1152.378173828 205.398376465 1350.859130859 -346.249481201 -755.887634277 -893.119995117 -900.458312988 -829.202087402
-345.919830322 -392.313598633 -372.529479980 285.487609863 394.928283691 -383.078430176 125.166542053 559.397888184 561.594421387 123.050674438 454.302642822 9.685208321 -213.104461670 -387.593292236 -363.375244141 -338.285705566 -337.884002686 -366.844909668 -393.394927979 280.417327881 398.489471436 -392.790649414 146.094024658 568.452209473 562.149169922 127.828384399 452.119476318 29.384864807 -231.201171875 -387.331970215 -336.000396729 -370.040374756 -297.005523682 -409.567321777 -391.454925537 258.967742920 399.406127930 -384.023529053 147.458221436 560.478698730 -1143.235351562 -798.050964355 -1087.549316406 493.103088379 975.232910156 -1173.119506836 506.335937500 1308.163208008 1150.120849609 204.990951538 1348.723632812 -345.702575684 -754.513549805 -891.562194824 -898.946838379 -827.838623047
-346.988830566 -392.992980957 -373.755645752 285.894348145 395.652130127 -384.040313721 125.689186096 560.712097168 562.829345703 123.239944458 455.230407715 9.597162247 -213.901519775 -388.340179443 -364.317260742 -339.120574951 -338.946868896 -367.557403564 -394.589172363 280.821289062 399.206237793 -393.743316650 146.594345093 569.755310059 563.386230469 127.995216370 453.037780762 29.306457520 -231.979385376 -388.072235107 -337.001037598 -370.805664062 -298.121215820 -410.243652344 -392.648681641 259.418090820 400.123199463 -384.986602783 147.941589355 561.790100098 -1141.655761719 -796.982238770 -1085.525512695 492.185485840 974.266601562 -1171.957031250 505.666595459 1306.256225586 1147.863647461 204.583602905 1346.588134766 -345.155639648 -753.139587402 -890.004272461 -897.435424805 -826.474975586
-348.058990479 -393.670074463 -374.982971191 286.298065186 396.375610352 -385.002716064 126.215095520 562.025329590 564.064575195 123.428085327 456.157623291 9.506517410 -214.699737549 -389.086059570 -365.259185791 -339.955718994 -340.011322021 -368.268218994 -395.784332275 281.222595215 399.922607422 -394.696441650 147.097396851 571.057128906 564.623657227 128.160873413 453.955596924 29.225212097 -232.758499146 -388.811676025 -338.002105713 -371.570556641 -299.238983154 -410.917419434 -393.843322754 259.866271973 400.839874268 -385.950256348 148.427856445 563.100646973 -1140.076171875 -795.913391113 -1083.501831055 491.267913818 973.300292969 -1170.794433594 504.997131348 1304.349365234 1145.606445312 204.176315308 1344.452758789 -344.608673096 -751.765686035 -888.446289062 -895.924072266 -825.111328125
-349.130310059 -394.344879150 -376.211456299 286.698822021 397.098632812 -385.965637207 126.744247437 563.337585449 565.300231934 123.615104675 457.084350586 9.413269997 -215.499145508 -389.830902100 -366.200988770 -340.791137695 -341.077270508 -368.977294922 -396.980438232 281.621246338 400.638610840 -395.650054932 147.603164673 572.357604980 565.861450195 128.325332642 454.872894287 29.141126633 -233.538528442 -389.550323486 -339.003601074 -372.335052490 -300.358734131 -411.588623047 -395.038940430 260.312255859 401.556121826 -386.914398193 148.917007446 564.410400391 -1138.496704102 -794.844482422 -1081.478027344 490.350341797 972.333923340 -1169.631958008 504.327484131 1302.442504883 1143.349121094 203.769073486 1342.317260742 -344.061737061 -750.391967773 -886.888183594 -894.412780762 -823.747497559
-350.202728271 -395.017395020 -377.441131592 287.096588135 397.821289062 -386.929107666 127.276641846 564.648803711 566.536193848 123.801010132 458.010559082 9.317420006 -216.299728394 -390.574737549 -367.142700195 -341.626861572 -342.144775391 -369.684661865 -398.177520752 282.017272949 401.354217529 -396.604156494 148.111663818 573.656677246 567.099609375 128.488616943 455.789642334 29.054197311 -234.319458008 -390.288146973 -340.005584717 -373.099151611 -301.480529785 -412.257232666 -396.235504150 260.756072998 402.271942139 -387.879089355 149.409057617 565.719299316 -1136.917236328 -793.775451660 -1079.454345703 489.432739258 971.367614746 -1168.469360352 503.657684326 1300.535644531 1141.091918945 203.361907959 1340.181762695 -343.514770508 -749.018310547 -885.329956055 -892.901611328 -822.383666992
-351.276306152 -395.687591553 -378.671997070 287.491394043 398.543518066 -387.893096924 127.812271118 565.959045410 567.772583008 123.985786438 458.936218262 9.218963623 -217.101501465 -391.317565918 -368.084320068 -342.462890625 -343.213806152 -370.390289307 -399.375579834 282.410644531 402.069458008 -397.558746338 148.622863770 574.954467773 568.338073730 128.650711060 456.705871582 28.964424133 -235.101303101 -391.025177002 -341.007995605 -373.862884521 -302.604339600 -412.923217773 -397.433013916 261.197692871 402.987335205 -388.844329834 149.903976440 567.027282715 -1135.337890625 -792.706298828 -1077.430541992 488.515167236 970.401306152 -1167.306884766 502.987701416 1298.628906250 1138.834594727 202.954788208 1338.046264648 -342.967773438 -747.644775391 -883.771667480 -891.390502930 -821.019714355
-352.350982666 -396.355529785 -379.904083252 287.883178711 399.265350342 -388.857635498 128.351135254 567.268249512 569.009338379 124.169433594 459.861328125 9.117898941 -217.904464722 -392.059356689 -369.025817871 -343.299163818 -344.284332275 -371.094207764 -400.574645996 282.801361084 402.784301758 -398.513824463 149.136779785 576.250854492 569.576965332 128.811614990 457.621582031 28.871803284 -235.884048462 -391.761383057 -342.010864258 -374.626190186 -303.730163574 -413.586639404 -398.631500244 261.637145996 403.702301025 -389.810089111 150.401779175 568.334411621 -1133.758666992 -791.637084961 -1075.406738281 487.597564697 969.434936523 -1166.144287109 502.317596436 1296.722167969 1136.577270508 202.547729492 1335.910766602 -342.420776367 -746.271362305 -882.213317871 -889.879455566 -819.655700684
-353.426788330 -397.021148682 -381.137359619 288.271972656 399.986755371 -389.822692871 128.893218994 568.576354980 570.246459961 124.351959229 460.785888672 9.014225960 -218.708602905 -392.800079346 -369.967224121 -344.135742188 -345.356384277 -371.796356201 -401.774688721 283.189422607 403.498779297 -399.469390869 149.653396606 577.545898438 570.816162109 128.971313477 458.536712646 28.776334763 -236.667709351 -392.496795654 -343.014190674 -375.389099121 -304.857940674 -414.247406006 -399.830993652 262.074401855 404.416839600 -390.776397705 150.902450562 569.640686035 -1132.179443359 -790.567749023 -1073.383056641 486.679992676 968.468627930 -1164.981811523 501.647308350 1294.815551758 1134.320068359 202.140716553 1333.775390625 -341.873779297 -744.898010254 -880.654785156 -888.368530273 -818.291564941
-354.503692627 -397.684448242 -382.371856689 288.657775879 400.707763672 -390.788269043 129.438507080 569.883483887 571.483947754 124.533355713 461.709899902 8.907939911 -219.513916016 -393.539794922 -370.908538818 -344.972625732 -346.429901123 -372.496734619 -402.975738525 283.574829102 404.212890625 -400.425445557 150.172698975 578.839538574 572.055725098 129.129837036 459.451293945 28.678012848 -237.452285767 -393.231384277 -344.017944336 -376.151611328 -305.987701416 -414.905548096 -401.031463623 262.509490967 405.130950928 -391.743255615 151.405975342 570.946105957 -1130.600341797 -789.498352051 -1071.359252930 485.762420654 967.502258301 -1163.819213867 500.976867676 1292.908935547 1132.062744141 201.733779907 1331.639892578 -341.326751709 -743.524841309 -879.096191406 -886.857666016 -816.927368164
-355.581695557 -398.345458984 -383.607574463 289.040588379 401.428375244 -391.754394531 129.987014771 571.189453125 572.721862793 124.713623047 462.633361816 8.799041748 -220.320434570 -394.278472900 -371.849731445 -345.809783936 -347.504913330 -373.195373535 -404.177795410 283.957611084 404.926605225 -401.381958008 150.694702148 580.131896973 573.295654297 129.287155151 460.365295410 28.576837540 -238.237762451 -393.965118408 -345.022186279 -376.913696289 -307.119384766 -415.561065674 -402.232940674 262.942413330 405.844665527 -392.710632324 151.912368774 572.250549316 -1129.021240234 -788.428771973 -1069.335571289 484.844818115 966.535949707 -1162.656738281 500.306243896 1291.002441406 1129.805419922 201.326889038 1329.504394531 -340.779724121 -742.151733398 -877.537536621 -885.346862793 -815.563049316
-356.660827637 -399.004150391 -384.844512939 289.420410156 402.148590088 -392.721069336 130.538726807 572.494384766 573.960083008 124.892761230 463.556243896 8.687526703 -221.128128052 -395.016082764 -372.790832520 -346.647216797 -348.581420898 -373.892242432 -405.380889893 284.337738037 405.639953613 -402.338989258 151.219375610 581.422790527 574.535888672 129.443283081 461.278717041 28.472806931 -239.024154663 -394.698059082 -346.026855469 -377.675415039 -308.253051758 -416.213928223 -403.435455322 263.373138428 406.557952881 -393.678527832 152.421600342 573.554077148 -1127.442260742 -787.359130859 -1067.311767578 483.927246094 965.569580078 -1161.494262695 499.635498047 1289.095947266 1127.548095703 200.920059204 1327.368896484 -340.232696533 -740.778747559 -875.978759766 -883.836120605 -814.198669434
-357.741058350 -399.660552979 -386.082672119 289.797241211 402.868408203 -393.688262939 131.093627930 573.798217773 575.198730469 125.070762634 464.478546143 8.573394775 -221.936996460 -395.752624512 -373.731842041 -347.484924316 -349.659362793 -374.587310791 -406.584991455 284.715209961 406.352935791 -403.296508789 151.746734619 582.712341309 575.776550293 129.598205566 462.191558838 28.365917206 -239.811447144 -395.430145264 -347.031951904 -378.436706543 -309.388641357 -416.864135742 -404.638977051 263.801666260 407.270812988 -394.647003174 152.933685303 574.856689453 -1125.863403320 -786.289428711 -1065.288085938 483.009674072 964.603271484 -1160.331665039 498.964569092 1287.189453125 1125.290771484 200.513275146 1325.233520508 -339.685638428 -739.405883789 -874.419860840 -882.325500488 -812.834228516
-358.822387695 -400.314636230 -387.322082520 290.171051025 403.587799072 -394.656005859 131.651718140 575.100891113 576.437744141 125.247634888 465.400238037 8.456643105 -222.747055054 -396.488128662 -374.672760010 -348.322906494 -350.738800049 -375.280578613 -407.790130615 285.090026855 407.065551758 -404.254516602 152.276779175 584.000488281 577.017517090 129.751937866 463.103790283 28.256168365 -240.599655151 -396.161376953 -348.037536621 -379.197601318 -310.526153564 -417.511657715 -405.843505859 264.228057861 407.983245850 -395.615997314 153.448593140 576.158325195 -1124.284545898 -785.219604492 -1063.264282227 482.092071533 963.636901855 -1159.169189453 498.293457031 1285.283081055 1123.033325195 200.106567383 1323.098022461 -339.138610840 -738.033081055 -872.860900879 -880.814941406 -811.469665527
-359.904785156 -400.966400146 -388.562744141 290.541870117 404.306793213 -395.624298096 132.212997437 576.402465820 577.677124023 125.423370361 466.321350098 8.337270737 -223.558288574 -397.222564697 -375.613555908 -349.161193848 -351.819641113 -375.972076416 -408.996276855 285.462188721 407.777770996 -405.213012695 152.809478760 585.287231445 578.258911133 129.904464722 464.015411377 28.143556595 -241.388778687 -396.891784668 -349.043579102 -379.958068848 -311.665557861 -418.156494141 -407.049072266 264.652221680 408.695281982 -396.585540771 153.966354370 577.459045410 -1122.705688477 -784.149658203 -1061.240478516 481.174499512 962.670593262 -1158.006591797 497.622222900 1283.376831055 1120.776000977 199.699890137 1320.962524414 -338.591522217 -736.660461426 -871.301818848 -879.304443359 -810.105041504
-360.988311768 -401.615844727 -389.804626465 290.909698486 405.025421143 -396.593109131 132.777435303 577.702880859 578.916931152 125.597969055 467.241851807 8.215273857 -224.370712280 -397.955932617 -376.554260254 -349.999725342 -352.901947021 -376.661773682 -410.203491211 285.831695557 408.489654541 -406.171997070 153.344833374 586.572631836 579.500610352 130.055801392 464.926422119 28.028079987 -242.178802490 -397.621368408 -350.050048828 -380.718139648 -312.806854248 -418.798645020 -408.255706787 265.074249268 409.406890869 -397.555603027 154.486923218 578.758728027 -1121.126953125 -783.079589844 -1059.216796875 480.256927490 961.704223633 -1156.844116211 496.950805664 1281.470581055 1118.518676758 199.293273926 1318.827148438 -338.044464111 -735.287902832 -869.742675781 -877.794006348 -808.740356445
-362.072875977 -402.262969971 -391.047760010 291.274505615 405.743621826 -397.562469482 133.345031738 579.002136230 580.157043457 125.771430969 468.161743164 8.090652466 -225.184310913 -398.688232422 -377.494842529 -350.838562012 -353.985656738 -377.349639893 -411.411712646 286.198547363 409.201141357 -407.131469727 153.882843018 587.856567383 580.742675781 130.205917358 465.836822510 27.909736633 -242.969726562 -398.350067139 -351.056976318 -381.477813721 -313.950042725 -419.438110352 -409.463348389 265.494079590 410.118072510 -398.526214600 155.010314941 580.057495117 -1119.548339844 -782.009460449 -1057.192993164 479.339324951 960.737915039 -1155.681640625 496.279235840 1279.564331055 1116.261230469 198.886718750 1316.691650391 -337.497375488 -733.915466309 -868.183410645 -876.283691406 -807.375549316
-363.158538818 -402.907775879 -392.292114258 291.636291504 406.461425781 -398.532379150 133.915802002 580.300170898 581.397583008 125.943756104 469.081024170 7.963403702 -225.999099731 -399.419433594 -378.435363770 -351.677673340 -355.070800781 -378.035675049 -412.620971680 286.562713623 409.912261963 -408.091430664 154.423522949 589.139160156 581.985107422 130.354843140 466.746551514 27.788524628 -243.761566162 -399.077911377 -352.064361572 -382.237060547 -315.095092773 -420.074859619 -410.672058105 265.911712646 410.828857422 -399.497406006 155.536514282 581.355224609 -1117.969726562 -780.939270020 -1055.169311523 478.421752930 959.771545410 -1154.519042969 495.607513428 1277.658203125 1114.003906250 198.480209351 1314.556274414 -336.950286865 -732.543151855 -866.624023438 -874.773376465 -806.010681152
-364.245269775 -403.550262451 -393.537750244 291.995056152 407.178833008 -399.502807617 134.489700317 581.597106934 582.638488770 126.114936829 469.999664307 7.833525658 -226.815048218 -400.149566650 -379.375762939 -352.517059326 -356.157348633 -378.719909668 -413.831298828 286.924224854 410.622985840 -409.051910400 154.966827393 590.420288086 583.227905273 130.502548218 467.655670166 27.664442062 -244.554306030 -399.804901123 -353.072204590 -382.995880127 -316.242004395 -420.708892822 -411.881805420 266.327148438 411.539215088 -400.469085693 156.065521240 582.651977539 -1116.391235352 -779.868896484 -1053.145507812 477.504150391 958.805236816 -1153.356567383 494.935638428 1275.752197266 1111.746459961 198.073760986 1312.420776367 -336.403167725 -731.170959473 -865.064575195 -873.263183594 -804.645690918
-365.333068848 -404.190429688 -394.784606934 292.350799561 407.895843506 -400.473785400 135.066757202 582.892761230 583.879760742 126.284973145 470.917663574 7.701016903 -227.632186890 -400.878601074 -380.316040039 -353.356719971 -357.245269775 -379.402252197 -415.042633057 287.283050537 411.333374023 -410.012847900 155.512771606 591.700012207 584.471069336 130.649047852 468.564086914 27.537487030 -245.347946167 -400.531005859 -354.080505371 -383.754272461 -317.390747070 -421.340179443 -413.092590332 266.740417480 412.249145508 -401.441345215 156.597320557 583.947631836 -1114.812744141 -778.798461914 -1051.121826172 476.586578369 957.838867188 -1152.193969727 494.263580322 1273.846191406 1109.489013672 197.667358398 1310.285278320 -335.856079102 -729.798889160 -863.505004883 -871.753112793 -803.280639648
-366.421905518 -404.828247070 -396.032684326 292.703491211 408.612457275 -401.445312500 135.646926880 584.187255859 585.121459961 126.453865051 471.835021973 7.565875053 -228.450485229 -401.606506348 -381.256256104 -354.196624756 -358.334564209 -380.082763672 -416.255004883 287.639190674 412.043395996 -410.974304199 156.061355591 592.978332520 585.714538574 130.794342041 469.471862793 27.407655716 -246.142486572 -401.256256104 -355.089233398 -384.512268066 -318.541320801 -421.968750000 -414.304443359 267.151458740 412.958679199 -402.414154053 157.131912231 585.242309570 -1113.234375000 -777.727966309 -1049.098022461 475.669006348 956.872497559 -1151.031494141 493.591369629 1271.940185547 1107.231689453 197.261016846 1308.149902344 -335.308959961 -728.426879883 -861.945373535 -870.243041992 -801.915527344
-367.511840820 -405.463745117 -397.282012939 293.053192139 409.328674316 -402.417388916 136.230239868 585.480468750 586.363464355 126.621612549 472.751739502 7.428098202 -229.269958496 -402.333312988 -382.196350098 -355.036834717 -359.425201416 -380.761413574 -417.468414307 287.992675781 412.753021240 -411.936279297 156.612564087 594.255249023 586.958374023 130.938430786 470.378967285 27.274948120 -246.937927246 -401.980621338 -356.098449707 -385.269836426 -319.693695068 -422.594573975 -415.517333984 267.560333252 413.667816162 -403.387481689 157.669296265 586.535949707 -1111.656005859 -776.657348633 -1047.074218750 474.751403809 955.906188965 -1149.869018555 492.918975830 1270.034301758 1104.974243164 196.854721069 1306.014404297 -334.761840820 -727.054992676 -860.385620117 -868.733093262 -800.550292969
-368.602813721 -406.096893311 -398.532592773 293.399810791 410.044494629 -403.389984131 136.816650391 586.772460938 587.605895996 126.788208008 473.667785645 7.287684441 -230.090606689 -403.059020996 -383.136352539 -355.877319336 -360.517211914 -381.438171387 -418.682861328 288.343444824 413.462310791 -412.898712158 157.166397095 595.530700684 588.202575684 131.081283569 471.285369873 27.139362335 -247.734252930 -402.704101562 -357.108093262 -386.027008057 -320.847869873 -423.217620850 -416.731262207 267.966979980 414.376495361 -404.361389160 158.209442139 587.828491211 -1110.077758789 -775.586608887 -1045.050537109 473.833831787 954.939819336 -1148.706420898 492.246459961 1268.128417969 1102.716796875 196.448471069 1303.879028320 -334.214691162 -725.683227539 -858.825744629 -867.223205566 -799.184997559
-369.694824219 -406.727722168 -399.784393311 293.743408203 410.759948730 -404.363128662 137.406173706 588.063232422 588.848693848 126.953659058 474.583160400 7.144632339 -230.912414551 -403.783599854 -384.076263428 -356.718048096 -361.610534668 -382.113037109 -419.898315430 288.691558838 414.171234131 -413.861663818 157.722839355 596.804748535 589.447143555 131.222930908 472.191070557 27.000894547 -248.531478882 -403.426666260 -358.118194580 -386.783721924 -322.003814697 -423.837890625 -417.946258545 268.371459961 415.084808350 -405.335815430 158.752365112 589.119995117 -1108.499633789 -774.515747070 -1043.026733398 472.916259766 953.973449707 -1147.543945312 491.573760986 1266.222534180 1100.459350586 196.042266846 1301.743530273 -333.667572021 -724.311584473 -857.265808105 -865.713378906 -797.819641113
-370.787902832 -407.356201172 -401.037414551 294.083953857 411.474975586 -405.336822510 137.998809814 589.352661133 590.091857910 127.117958069 475.497833252 6.998939991 -231.735382080 -404.507049561 -385.016052246 -357.559051514 -362.705169678 -382.786010742 -421.114807129 289.036956787 414.879760742 -414.825103760 158.281890869 598.077331543 590.692077637 131.363372803 473.096069336 26.859544754 -249.329589844 -404.148345947 -359.128753662 -387.540039062 -323.161499023 -424.455383301 -419.162261963 268.773681641 415.792694092 -406.310791016 159.298034668 590.410339355 -1106.921508789 -773.444824219 -1041.003051758 471.998657227 953.007141113 -1146.381469727 490.900909424 1264.316894531 1098.201904297 195.636123657 1299.608154297 -333.120422363 -722.940063477 -855.705749512 -864.203613281 -796.454162598
-371.881988525 -407.982360840 -402.291625977 294.421447754 412.189636230 -406.311065674 138.594512939 590.640869141 591.335388184 127.281097412 476.411834717 6.850605011 -232.559509277 -405.229370117 -385.955749512 -358.400329590 -363.801147461 -383.457092285 -422.332305908 289.379638672 415.587951660 -415.789031982 158.843551636 599.348510742 591.937316895 131.502578735 474.000366211 26.715309143 -250.128601074 -404.869110107 -360.139770508 -388.295898438 -324.320953369 -425.070098877 -420.379333496 269.173736572 416.500152588 -407.286315918 159.846466064 591.699645996 -1105.343383789 -772.373840332 -1038.979248047 471.081085205 952.040771484 -1145.218872070 490.227905273 1262.411132812 1095.944458008 195.230026245 1297.472778320 -332.573272705 -721.568603516 -854.145568848 -862.693969727 -795.088623047
-372.977142334 -408.606170654 -403.547088623 294.755859375 412.903869629 -407.285858154 139.193313599 591.927734375 592.579284668 127.443084717 477.325134277 6.699625969 -233.384796143 -405.950531006 -386.895355225 -359.241882324 -364.898406982 -384.126251221 -423.550811768 289.719635010 416.295745850 -416.753448486 159.407806396 600.618225098 593.182922363 131.640563965 474.903900146 26.568187714 -250.928482056 -405.588958740 -361.151245117 -389.051361084 -325.482147217 -425.682006836 -421.597442627 269.571533203 417.207214355 -408.262390137 160.397644043 592.987854004 -1103.765380859 -771.302673340 -1036.955566406 470.163482666 951.074401855 -1144.056396484 489.554718018 1260.505493164 1093.687011719 194.823989868 1295.337280273 -332.026123047 -720.197265625 -852.585327148 -861.184387207 -793.723022461
-374.073303223 -409.227630615 -404.803710938 295.087219238 413.617736816 -408.261199951 139.795181274 593.213317871 593.823547363 127.603912354 478.237762451 6.546000957 -234.211227417 -406.670532227 -387.834838867 -360.083679199 -365.996948242 -384.793518066 -424.770324707 290.056884766 417.003204346 -417.718383789 159.974655151 601.886474609 594.428833008 131.777328491 475.806732178 26.418176651 -251.729232788 -406.307891846 -362.163146973 -389.806365967 -326.645080566 -426.291076660 -422.816558838 269.967132568 417.913879395 -409.239013672 160.951553345 594.274902344 -1102.187500000 -770.231506348 -1034.931762695 469.245910645 950.108093262 -1142.893920898 488.881378174 1258.599975586 1091.429443359 194.417984009 1293.201904297 -331.478942871 -718.826049805 -851.025024414 -859.674865723 -792.357299805
-375.170501709 -409.846740723 -406.061553955 295.415496826 414.331207275 -409.237060547 140.400100708 594.497497559 595.068176270 127.763580322 479.149627686 6.389728069 -235.038818359 -407.389404297 -388.774261475 -360.925750732 -367.096771240 -385.458831787 -425.990814209 290.391448975 417.710266113 -418.683807373 160.544082642 603.153259277 595.675170898 131.912857056 476.708801270 26.265275955 -252.530883789 -407.025909424 -363.175537109 -390.560943604 -327.809692383 -426.897369385 -424.036712646 270.360473633 418.620117188 -410.216156006 161.508193970 595.560791016 -1100.609619141 -769.160156250 -1032.907958984 468.328338623 949.141723633 -1141.731323242 488.207885742 1256.694458008 1089.171997070 194.012039185 1291.066406250 -330.931762695 -717.454956055 -849.464599609 -858.165405273 -790.991516113
-376.268707275 -410.463500977 -407.320556641 295.740692139 415.044281006 -410.213500977 141.008087158 595.780395508 596.313171387 127.922088623 480.060791016 6.230805397 -235.867538452 -408.107086182 -389.713562012 -361.768066406 -368.197875977 -386.122222900 -427.212280273 290.723266602 418.416992188 -419.649749756 161.116149902 604.418762207 596.921752930 132.047164917 477.610107422 26.109481812 -253.333389282 -407.742950439 -364.188354492 -391.315093994 -328.975982666 -427.500823975 -425.257873535 270.751586914 419.325927734 -411.193878174 162.067565918 596.845581055 -1099.031860352 -768.088745117 -1030.884277344 467.410736084 948.175354004 -1140.568847656 487.534210205 1254.788940430 1086.914550781 193.606124878 1288.931030273 -330.384613037 -716.083984375 -847.904052734 -856.656066895 -789.625671387
-377.367950439 -411.077911377 -408.580749512 296.062774658 415.756958008 -411.190460205 141.619125366 597.061950684 597.558532715 128.079437256 480.971252441 6.069231033 -236.697418213 -408.823577881 -390.652740479 -362.610656738 -369.300262451 -386.783691406 -428.434722900 291.052337646 419.123352051 -420.616149902 161.690887451 605.682983398 598.168701172 132.180252075 478.510650635 25.950794220 -254.136764526 -408.459075928 -365.201629639 -392.068817139 -330.143981934 -428.101440430 -426.480041504 271.140472412 420.031372070 -412.172149658 162.629669189 598.129272461 -1097.454101562 -767.017272949 -1028.860473633 466.493164062 947.208984375 -1139.406372070 486.860382080 1252.883544922 1084.656982422 193.200271606 1286.795532227 -329.837402344 -714.713134766 -846.343383789 -855.146728516 -788.259704590
-378.468170166 -411.689971924 -409.842071533 296.381774902 416.469268799 -412.167968750 142.233230591 598.342224121 598.804199219 128.235610962 481.880950928 5.905003548 -237.528411865 -409.538909912 -391.591857910 -363.453491211 -370.403869629 -387.443176270 -429.658111572 291.378692627 419.829345703 -421.583068848 162.268280029 606.945922852 599.416015625 132.312088013 479.410430908 25.789209366 -254.941009521 -409.174224854 -366.215362549 -392.822082520 -331.313629150 -428.699218750 -427.703216553 271.527099609 420.736358643 -413.150939941 163.194503784 599.411804199 -1095.876464844 -765.945617676 -1026.836791992 465.575592041 946.242675781 -1138.243774414 486.186401367 1250.978271484 1082.399536133 192.794464111 1284.660156250 -329.290222168 -713.342346191 -844.782653809 -853.637512207 -786.893676758
-379.569427490 -412.299652100 -411.104553223 296.697662354 417.181152344 -413.146026611 142.850372314 599.621093750 600.050292969 128.390625000 482.789886475 5.738121033 -238.360549927 -410.253021240 -392.530853271 -364.296600342 -371.508728027 -388.100738525 -430.882446289 291.702301025 420.534973145 -422.550506592 162.848358154 608.207641602 600.663635254 132.442703247 480.309387207 25.624727249 -255.746109009 -409.888427734 -367.229553223 -393.574920654 -332.484924316 -429.294158936 -428.927337646 271.911468506 421.440979004 -414.130310059 163.762069702 600.693237305 -1094.298828125 -764.873962402 -1024.812988281 464.657989502 945.276306152 -1137.081298828 485.512268066 1249.072998047 1080.141967773 192.388702393 1282.524780273 -328.743041992 -711.971679688 -843.221862793 -852.128356934 -785.527587891
-380.671691895 -412.906982422 -412.368164062 297.010437012 417.892669678 -414.124633789 143.470581055 600.898742676 601.296691895 128.544464111 483.698089600 5.568581581 -239.193817139 -410.965942383 -393.469726562 -365.139984131 -372.614807129 -388.756347656 -432.107727051 292.023132324 421.240234375 -423.518402100 163.431121826 609.468200684 601.911621094 132.572082520 481.207580566 25.457344055 -256.552062988 -410.601684570 -368.244201660 -394.327301025 -333.657867432 -429.886199951 -430.152465820 272.293579102 422.145172119 -415.110198975 164.332366943 601.973571777 -1092.721313477 -763.802124023 -1022.789245605 463.740417480 944.309936523 -1135.918823242 484.837951660 1247.167724609 1077.884399414 191.982986450 1280.389282227 -328.195831299 -710.601135254 -841.660949707 -850.619262695 -784.161376953
-381.774932861 -413.511962891 -413.632873535 297.320098877 418.603790283 -415.103790283 144.093856812 602.175048828 602.543457031 128.697143555 484.605499268 5.396383286 -240.028198242 -411.677642822 -394.408538818 -365.983581543 -373.722137451 -389.409973145 -433.333923340 292.341217041 421.945129395 -424.486816406 164.016571045 610.727539062 603.159851074 132.700210571 482.104949951 25.287059784 -257.358856201 -411.313934326 -369.259307861 -395.079254150 -334.832427979 -430.475402832 -431.378570557 272.673431396 422.848968506 -416.090637207 164.905426025 603.252807617 -1091.143920898 -762.730224609 -1020.765502930 462.822814941 943.343566895 -1134.756347656 484.163482666 1245.262573242 1075.626831055 191.577331543 1278.253906250 -327.648620605 -709.230712891 -840.099914551 -849.110290527 -782.795104980
-382.879180908 -414.114593506 -414.898681641 297.626617432 419.314544678 -416.083465576 144.720214844 603.450073242 603.790588379 128.848632812 485.512145996 5.221524715 -240.863693237 -412.388122559 -395.347229004 -366.827453613 -374.830657959 -390.061614990 -434.561004639 292.656524658 422.649658203 -425.455718994 164.604721069 611.985717773 604.408447266 132.827102661 483.001495361 25.113870621 -258.166503906 -412.025177002 -370.274841309 -395.830780029 -336.008605957 -431.061737061 -432.605590820 273.050994873 423.552337646 -417.071655273 165.481216431 604.531005859 -1089.566528320 -761.658264160 -1018.741760254 461.905242920 942.377197266 -1133.593750000 483.488861084 1243.357421875 1073.369384766 191.171707153 1276.118530273 -327.101409912 -707.860412598 -838.538757324 -847.601318359 -781.428771973
-383.984405518 -414.714843750 -416.165588379 297.930023193 420.024871826 -417.063720703 145.349624634 604.723815918 605.038024902 128.998947144 486.418029785 5.044003963 -241.700286865 -413.097381592 -396.285827637 -367.671569824 -375.940399170 -390.711303711 -435.788970947 292.969055176 423.353851318 -426.425140381 165.195587158 613.242736816 605.657409668 132.952758789 483.897186279 24.937778473 -258.975006104 -412.735443115 -371.290832520 -396.581848145 -337.186370850 -431.645172119 -433.833557129 273.426269531 424.255310059 -418.053192139 166.059753418 605.808166504 -1087.989135742 -760.586181641 -1016.718017578 460.987670898 941.410827637 -1132.431274414 482.814086914 1241.452392578 1071.111816406 190.766128540 1273.983032227 -326.554199219 -706.490173340 -836.977539062 -846.092468262 -780.062316895
-385.090606689 -415.312713623 -417.433563232 298.230255127 420.734832764 -418.044494629 145.982116699 605.996337891 606.285827637 129.148086548 487.323089600 4.863818645 -242.537994385 -413.805358887 -397.224304199 -368.515930176 -377.051330566 -391.358978271 -437.017822266 293.278778076 424.057647705 -427.395050049 165.789154053 614.498657227 606.906616211 133.077163696 484.792083740 24.758777618 -259.784301758 -413.444702148 -372.307281494 -397.332458496 -338.365722656 -432.225708008 -435.062469482 273.799285889 424.957855225 -419.035278320 166.641036987 607.084228516 -1086.411865234 -759.513977051 -1014.694213867 460.070068359 940.444519043 -1131.268798828 482.139129639 1239.547363281 1068.854248047 190.360595703 1271.847656250 -326.006988525 -705.120056152 -835.416259766 -844.583679199 -778.695800781
-386.197814941 -415.908233643 -418.702545166 298.527313232 421.444396973 -419.025848389 146.617691040 607.267578125 607.533996582 129.296051025 488.227355957 4.680968285 -243.376800537 -414.512115479 -398.162689209 -369.360565186 -378.163421631 -392.004699707 -438.247497559 293.585723877 424.761108398 -428.365447998 166.385437012 615.753479004 608.156188965 133.200317383 485.686096191 24.576868057 -260.594451904 -414.152954102 -373.324188232 -398.082611084 -339.546630859 -432.803375244 -436.292266846 274.169952393 425.660034180 -420.017913818 167.225082397 608.359313965 -1084.834716797 -758.441711426 -1012.670471191 459.152496338 939.478149414 -1130.106201172 481.464019775 1237.642456055 1066.596679688 189.955093384 1269.712280273 -325.459777832 -703.750061035 -833.854858398 -843.074951172 -777.329223633
-387.305969238 -416.501373291 -419.972595215 298.821258545 422.153564453 -420.007720947 147.256332397 608.537597656 608.782470703 129.442825317 489.130828857 4.495450020 -244.216690063 -415.217620850 -399.100982666 -370.205444336 -379.276733398 -392.648376465 -439.478027344 293.889862061 425.464202881 -429.336334229 166.984436035 617.007141113 609.406005859 133.322235107 486.579254150 24.392047882 -261.405395508 -414.860168457 -374.341552734 -398.832305908 -340.729095459 -433.378112793 -437.522949219 274.538360596 426.361785889 -421.001098633 167.811889648 609.633361816 -1083.257568359 -757.369323730 -1010.646728516 458.234893799 938.511779785 -1128.943725586 480.788757324 1235.737548828 1064.339111328 189.549652100 1267.576782227 -324.912536621 -702.380187988 -832.293334961 -841.566345215 -775.962524414
-388.415100098 -417.092132568 -421.243621826 299.111999512 422.862365723 -420.990142822 147.898071289 609.806335449 610.031250000 129.588424683 490.033477783 4.307262421 -245.057662964 -415.921813965 -400.039184570 -371.050537109 -380.391204834 -393.290069580 -440.709350586 294.191192627 426.166931152 -430.307739258 167.586135864 618.259765625 610.656188965 133.442886353 487.471527100 24.204315186 -262.217163086 -415.566345215 -375.359375000 -399.581573486 -341.913116455 -433.949951172 -438.754486084 274.904418945 427.063110352 -421.984832764 168.401443481 610.906372070 -1081.680419922 -756.296875000 -1008.622985840 457.317321777 937.545410156 -1127.781250000 480.113311768 1233.832763672 1062.081542969 189.144256592 1265.441406250 -324.365325928 -701.010437012 -830.731689453 -840.057739258 -774.595764160
-389.525360107 -417.680603027 -422.515625000 299.399536133 423.570770264 -421.973114014 148.542877197 611.073913574 611.280395508 129.732833862 490.935302734 4.116404533 -245.899719238 -416.624755859 -400.977264404 -371.895904541 -381.506835938 -393.929779053 -441.941497803 294.489715576 426.869293213 -431.279632568 168.190582275 619.511230469 611.906616211 133.562286377 488.363037109 24.013645172 -263.029754639 -416.271484375 -376.377624512 -400.330352783 -343.098693848 -434.518859863 -439.986907959 275.268157959 427.764038086 -422.969116211 168.993759155 612.178405762 -1080.103515625 -755.224304199 -1006.599243164 456.399749756 936.579040527 -1126.618774414 479.437713623 1231.927978516 1059.823852539 188.738891602 1263.306030273 -323.818084717 -699.640808105 -829.169982910 -838.549255371 -773.228942871
-390.636749268 -418.266784668 -423.788604736 299.683929443 424.278778076 -422.956634521 149.190795898 612.340270996 612.529846191 129.876037598 491.836273193 3.922873259 -246.742828369 -417.326385498 -401.915222168 -372.741485596 -382.623687744 -394.567474365 -443.174377441 294.785400391 427.571289062 -432.252014160 168.797744751 620.761657715 613.157348633 133.680435181 489.253845215 23.820014954 -263.843139648 -416.975585938 -377.396331787 -401.078704834 -344.285827637 -435.084869385 -441.220123291 275.629577637 428.464569092 -423.953918457 169.588851929 613.449401855 -1078.526489258 -754.151611328 -1004.575500488 455.482147217 935.612670898 -1125.456176758 478.761962891 1230.023193359 1057.566284180 188.333572388 1261.170654297 -323.270843506 -698.271240234 -827.608215332 -837.040832520 -771.862060547
-391.749298096 -418.850677490 -425.062500000 299.965087891 424.986389160 -423.940673828 149.841781616 613.605346680 613.779602051 130.018066406 492.736419678 3.726667881 -247.587005615 -418.026702881 -402.853118896 -373.587341309 -383.741699219 -395.203186035 -444.407989502 295.078247070 428.272918701 -433.224914551 169.407623291 622.011047363 614.408386230 133.797317505 490.144042969 23.623409271 -264.657287598 -417.678588867 -378.415496826 -401.826568604 -345.474517822 -435.647979736 -442.454162598 275.988647461 429.164703369 -424.939300537 170.186706543 614.719421387 -1076.949707031 -753.078857422 -1002.551757812 454.564575195 934.646301270 -1124.293701172 478.086029053 1228.118530273 1055.308715820 187.928298950 1259.035156250 -322.723602295 -696.901794434 -826.046325684 -835.532470703 -770.495056152
-392.863037109 -419.432312012 -426.337341309 300.243041992 425.693634033 -424.925292969 150.495864868 614.869323730 615.029663086 130.158889771 493.635681152 3.527786493 -248.432235718 -418.725708008 -403.790863037 -374.433410645 -384.860961914 -395.836914062 -445.642333984 295.368225098 428.974212646 -434.198272705 170.020233154 623.259277344 615.659667969 133.912933350 491.033599854 23.423810959 -265.472259521 -418.380523682 -379.435119629 -402.573974609 -346.664794922 -436.208190918 -443.688995361 276.345336914 429.864410400 -425.925201416 170.787322998 615.988525391 -1075.372802734 -752.006042480 -1000.527954102 453.647003174 933.679931641 -1123.131225586 477.409942627 1226.213989258 1053.051025391 187.523071289 1256.899780273 -322.176361084 -695.532470703 -824.484313965 -834.024169922 -769.127990723
-393.977935791 -420.011688232 -427.613037109 300.517791748 426.400482178 -425.910430908 151.153045654 616.132019043 616.280029297 130.298522949 494.534088135 3.326227427 -249.278518677 -419.423400879 -404.728546143 -375.279724121 -385.981414795 -396.468688965 -446.877380371 295.655364990 429.675109863 -435.172149658 170.635574341 624.506530762 616.911254883 134.027282715 491.922637939 23.221202850 -266.287994385 -419.081359863 -380.455169678 -403.320922852 -347.856658936 -436.765502930 -444.924621582 276.699707031 430.563720703 -426.911651611 171.390701294 617.256591797 -1073.796142578 -750.933105469 -998.504211426 452.729400635 932.713562012 -1121.968750000 476.733703613 1224.309448242 1050.793457031 187.117874146 1254.764404297 -321.629089355 -694.163269043 -822.922241211 -832.515930176 -767.760864258
-395.094055176 -420.588806152 -428.889587402 300.789306641 427.106933594 -426.896118164 151.813323975 617.393554688 617.530700684 130.436950684 495.431640625 3.121988773 -250.125823975 -420.119750977 -405.666107178 -376.126281738 -387.103118896 -397.098449707 -448.113098145 295.939636230 430.375671387 -436.146514893 171.253631592 625.752685547 618.163146973 134.140380859 492.811126709 23.015573502 -267.104461670 -419.781127930 -381.475708008 -404.067413330 -349.050109863 -437.319915771 -446.160949707 277.051696777 431.262603760 -427.898651123 171.996856689 618.523681641 -1072.219360352 -749.860046387 -996.480468750 451.811828613 931.747253418 -1120.806152344 476.057312012 1222.404907227 1048.535766602 186.712722778 1252.629028320 -321.081848145 -692.794189453 -821.360046387 -831.007812500 -766.393676758
-396.211364746 -421.163665771 -430.166961670 301.057586670 427.812988281 -427.882354736 152.476684570 618.653930664 618.781677246 130.574188232 496.328277588 2.915069103 -250.974166870 -420.814727783 -406.603576660 -376.973052979 -388.226043701 -397.726257324 -449.349456787 296.221038818 431.075866699 -437.121398926 171.874420166 626.997741699 619.415283203 134.252197266 493.699127197 22.806911469 -267.921722412 -420.479766846 -382.496673584 -404.813415527 -350.245147705 -437.871429443 -447.398010254 277.401275635 431.961090088 -428.886199951 172.605773926 619.789794922 -1070.642822266 -748.786926270 -994.456726074 450.894226074 930.780883789 -1119.643676758 475.380737305 1220.500488281 1046.278198242 186.307617188 1250.493530273 -320.534576416 -691.425170898 -819.797729492 -829.499694824 -765.026367188
-397.329864502 -421.736297607 -431.445129395 301.322601318 428.518676758 -428.869110107 153.143127441 619.913085938 620.032958984 130.710205078 497.224060059 2.705466747 -251.823516846 -421.508331299 -407.540924072 -377.820068359 -389.350250244 -398.352081299 -450.586425781 296.499542236 431.775695801 -438.096740723 172.497940063 628.241821289 620.667663574 134.362747192 494.586608887 22.595205307 -268.739746094 -421.177276611 -383.518066406 -405.558959961 -351.441802979 -438.420043945 -448.635742188 277.748504639 432.659179688 -429.874267578 173.217468262 621.054931641 -1069.066162109 -747.713684082 -992.432983398 449.976654053 929.814514160 -1118.481201172 474.704010010 1218.596191406 1044.020507812 185.902542114 1248.358154297 -319.987335205 -690.056335449 -818.235351562 -827.991699219 -763.658996582
-398.449615479 -422.306640625 -432.724090576 301.584381104 429.223968506 -429.856445312 153.812667847 621.171020508 621.284484863 130.845031738 498.118927002 2.493180037 -252.673889160 -422.200592041 -408.478149414 -378.667327881 -390.475708008 -398.975982666 -451.823974609 296.775146484 432.475158691 -439.072601318 173.124191284 629.484802246 621.920349121 134.472030640 495.473602295 22.380443573 -269.558471680 -421.873657227 -384.539947510 -406.304016113 -352.640075684 -438.965789795 -449.874176025 278.093322754 433.356872559 -430.862884521 173.831924438 622.319091797 -1067.489746094 -746.640380859 -990.409240723 449.059082031 928.848144531 -1117.318725586 474.027130127 1216.691772461 1041.762817383 185.497512817 1246.222778320 -319.440063477 -688.687561035 -816.672851562 -826.483764648 -762.291503906
-399.570587158 -422.874755859 -434.003784180 301.842895508 429.928863525 -430.844299316 154.485305786 622.427795410 622.536315918 130.978637695 499.012878418 2.278207302 -253.525253296 -422.891448975 -409.415313721 -379.514801025 -391.602416992 -399.597900391 -453.062072754 297.047882080 433.174255371 -440.048919678 173.753158569 630.726745605 623.173217773 134.580017090 496.360137939 22.162620544 -270.377960205 -422.568878174 -385.562255859 -407.048614502 -353.839965820 -439.508636475 -451.113220215 278.435729980 434.054138184 -431.852050781 174.449142456 623.582336426 -1065.913330078 -745.566955566 -988.385498047 448.141479492 927.881774902 -1116.156250000 473.350067139 1214.787597656 1039.505249023 185.092529297 1244.087402344 -318.892791748 -687.318908691 -815.110290527 -824.975891113 -760.924011230
-400.692810059 -423.440643311 -435.284179688 302.098114014 430.633392334 -431.832702637 155.161026001 623.683410645 623.788452148 131.111038208 499.905883789 2.060546875 -254.377609253 -423.580902100 -410.352325439 -380.362518311 -392.730407715 -400.217864990 -454.300689697 297.317687988 433.872985840 -441.025756836 174.384857178 631.967651367 624.426391602 134.686737061 497.246154785 21.941726685 -271.198150635 -423.262969971 -386.585021973 -407.792724609 -355.041473389 -440.048583984 -452.352844238 278.775695801 434.751007080 -432.841766357 175.069137573 624.844543457 -1064.336914062 -744.493469238 -986.361694336 447.223907471 926.915405273 -1114.993652344 472.672851562 1212.883422852 1037.247558594 184.687576294 1241.951904297 -318.345520020 -685.950378418 -813.547607422 -823.468139648 -759.556396484
-401.816284180 -424.004272461 -436.565246582 302.350067139 431.337493896 -432.821624756 155.839828491 624.937805176 625.040832520 131.242218018 500.798004150 1.840197086 -255.230941772 -424.268951416 -411.289276123 -381.210449219 -393.859680176 -400.835845947 -455.539794922 297.584564209 434.571380615 -442.003082275 175.019271851 633.207458496 625.679748535 134.792175293 498.131683350 21.717754364 -272.019073486 -423.955871582 -387.608215332 -408.536376953 -356.244598389 -440.585662842 -453.593017578 279.113220215 435.447448730 -433.832031250 175.691894531 626.105834961 -1062.760620117 -743.419860840 -984.337951660 446.306304932 925.949035645 -1113.831176758 471.995483398 1210.979248047 1034.989868164 184.282669067 1239.816528320 -317.798248291 -684.581909180 -811.984802246 -821.960388184 -758.188720703
-402.940979004 -424.565673828 -437.846954346 302.598724365 432.041229248 -433.811096191 156.521728516 626.190979004 626.293457031 131.372177124 501.689147949 1.617156506 -256.085235596 -424.955566406 -412.226074219 -382.058593750 -394.990264893 -401.451904297 -456.779357910 297.848480225 435.269378662 -442.980895996 175.656402588 634.446289062 626.933410645 134.896331787 499.016723633 21.490695953 -272.840698242 -424.647583008 -388.631896973 -409.279510498 -357.449371338 -441.119812012 -454.833709717 279.448303223 436.143493652 -434.822814941 176.317398071 627.366149902 -1061.184448242 -742.346130371 -982.314208984 445.388732910 924.982666016 -1112.668701172 471.317962646 1209.075195312 1032.732177734 183.877792358 1237.681152344 -317.250976562 -683.213623047 -810.421936035 -820.452697754 -756.820922852
-404.066955566 -425.124816895 -439.129241943 302.844085693 432.744598389 -434.801116943 157.206695557 627.443054199 627.546325684 131.500930786 502.579376221 1.391423464 -256.940490723 -425.640716553 -413.162811279 -382.906982422 -396.122131348 -402.066009521 -458.019317627 298.109497070 435.967041016 -443.959197998 176.296264648 635.684020996 628.187255859 134.999191284 499.901245117 21.260545731 -273.662994385 -425.338104248 -389.656005859 -410.022186279 -358.655761719 -441.651092529 -456.074859619 279.780914307 436.839141846 -435.814117432 176.945678711 628.625488281 -1059.608154297 -741.272399902 -980.290466309 444.471160889 924.016296387 -1111.506225586 470.640258789 1207.171142578 1030.474487305 183.472961426 1235.545776367 -316.703704834 -681.845397949 -808.858947754 -818.945129395 -755.453125000
-405.194183350 -425.681732178 -440.412078857 303.086120605 433.447540283 -435.791656494 157.894744873 628.693847656 628.799499512 131.628448486 503.468597412 1.162996292 -257.796722412 -426.324462891 -414.099395752 -383.755554199 -397.255310059 -402.678192139 -459.259643555 298.367523193 436.664337158 -444.937988281 176.938827515 636.920715332 629.441284180 135.100769043 500.785247803 21.027297974 -274.485992432 -426.027435303 -390.680541992 -410.764373779 -359.863769531 -442.179504395 -457.316436768 280.111053467 437.534362793 -436.805999756 177.576690674 629.883850098 -1058.032104492 -740.198486328 -978.266723633 443.553558350 923.049926758 -1110.343627930 469.962402344 1205.267211914 1028.216796875 183.068161011 1233.410400391 -316.156402588 -680.477294922 -807.295898438 -817.437622070 -754.085205078
-406.322662354 -426.236389160 -441.695434570 303.324798584 434.150115967 -436.782745361 158.585861206 629.943481445 630.052856445 131.754745483 504.356903076 0.931873560 -258.653839111 -427.006713867 -415.035888672 -384.604370117 -398.389801025 -403.288391113 -460.500335693 298.622619629 437.361236572 -445.917266846 177.584106445 638.156311035 630.695617676 135.201049805 501.668701172 20.790946960 -275.309661865 -426.715545654 -391.705535889 -411.506072998 -361.073425293 -442.704986572 -458.558410645 280.438720703 438.229187012 -437.798400879 178.210479736 631.141235352 -1056.456054688 -739.124511719 -976.242980957 442.635986328 922.083557129 -1109.181152344 469.284362793 1203.363281250 1025.959106445 182.663406372 1231.275024414 -315.609130859 -679.109313965 -805.732727051 -815.930175781 -752.717224121
-407.452423096 -426.788818359 -442.979248047 303.560180664 434.852294922 -437.774383545 159.280044556 631.191894531 631.306518555 131.879821777 505.244201660 0.698053598 -259.511932373 -427.687469482 -415.972290039 -385.453399658 -399.525573730 -403.896636963 -461.741333008 298.874725342 438.057800293 -446.897033691 178.232086182 639.390869141 631.950073242 135.300048828 502.551635742 20.551486969 -276.134002686 -427.402404785 -392.730987549 -412.247253418 -362.284729004 -443.227600098 -459.800750732 280.763854980 438.923583984 -438.791320801 178.847000122 632.397644043 -1054.880004883 -738.050476074 -974.219177246 441.718383789 921.117187500 -1108.018676758 468.606170654 1201.459350586 1023.701354980 182.258682251 1229.139526367 -315.061828613 -677.741455078 -804.169433594 -814.422790527 -751.349121094
-408.583435059 -427.339019775 -444.263519287 303.792205811 435.554077148 -438.766540527 159.977310181 632.439086914 632.560363770 132.003662109 506.130523682 0.461534858 -260.370910645 -428.366760254 -416.908569336 -386.302642822 -400.662658691 -404.502960205 -462.982666016 299.123840332 438.753997803 -447.877288818 178.882781982 640.624328613 633.204772949 135.397735596 503.433990479 20.308912277 -276.959014893 -428.088043213 -393.756866455 -412.987976074 -363.497650146 -443.747314453 -461.043457031 281.086517334 439.617584229 -439.784790039 179.486267090 633.653076172 -1053.304199219 -736.976318359 -972.195434570 440.800811768 920.150817871 -1106.856201172 467.927825928 1199.555541992 1021.443664551 181.854003906 1227.004150391 -314.514556885 -676.373718262 -802.606079102 -812.915466309 -749.981018066
-409.715698242 -427.886962891 -445.548156738 304.020874023 436.255462646 -439.759216309 160.677612305 633.685119629 633.814453125 132.126266479 507.015838623 0.222315848 -261.230804443 -429.044525146 -417.844726562 -387.152099609 -401.801086426 -405.107299805 -464.224334717 299.370025635 439.449829102 -448.858032227 179.536163330 641.856750488 634.459655762 135.494125366 504.315795898 20.063219070 -277.784698486 -428.772460938 -394.783203125 -413.728179932 -364.712188721 -444.264099121 -462.286529541 281.406677246 440.311187744 -440.778808594 180.128265381 634.907531738 -1051.728271484 -735.902038574 -970.171691895 439.883239746 919.184448242 -1105.693725586 467.249328613 1197.651855469 1019.185974121 181.449356079 1224.868774414 -313.967254639 -675.006042480 -801.042602539 -811.408203125 -748.612792969
-410.849243164 -428.432647705 -446.833190918 304.246185303 436.956481934 -440.752441406 161.380981445 634.929870605 635.068725586 132.247634888 507.900146484 -0.019605031 -262.091583252 -429.720794678 -418.780792236 -388.001770020 -402.940826416 -405.709716797 -465.466278076 299.613189697 440.145294189 -449.839233398 180.192230225 643.088073730 635.714721680 135.589202881 505.196990967 19.814405441 -278.611083984 -429.455657959 -395.809997559 -414.467895508 -365.928375244 -444.778015137 -463.529968262 281.724304199 441.004364014 -441.773345947 180.773010254 636.160949707 -1050.152465820 -734.827697754 -968.147949219 438.965637207 918.218078613 -1104.531250000 466.570648193 1195.748168945 1016.928222656 181.044738770 1222.733398438 -313.419982910 -673.638488770 -799.479064941 -809.901062012 -747.244506836
-411.984039307 -428.976104736 -448.118591309 304.468109131 437.657073975 -441.746215820 162.087387085 636.173400879 636.323242188 132.367767334 508.783447266 -0.264229268 -262.953277588 -430.395538330 -419.716735840 -388.851654053 -404.081848145 -406.310180664 -466.708557129 299.853393555 440.840393066 -450.820953369 180.850997925 644.318298340 636.969970703 135.682983398 506.077575684 19.562461853 -279.438140869 -430.137603760 -396.837219238 -415.207122803 -367.146179199 -445.289001465 -464.773742676 282.039459229 441.697113037 -442.768402100 181.420471191 637.413330078 -1048.576782227 -733.753295898 -966.124206543 438.048065186 917.251647949 -1103.368652344 465.891815186 1193.844604492 1014.670471191 180.640167236 1220.598022461 -312.872680664 -672.271057129 -797.915405273 -808.393920898 -745.876098633
-413.120117188 -429.517333984 -449.404296875 304.686676025 438.357299805 -442.740509033 162.796844482 637.415710449 637.577941895 132.486663818 509.665710449 -0.511558414 -263.815856934 -431.068725586 -420.652557373 -389.701721191 -405.224212646 -406.908691406 -467.951110840 300.090606689 441.535125732 -451.803131104 181.512435913 645.547424316 638.225402832 135.775451660 506.957550049 19.307388306 -280.265838623 -430.818298340 -397.864868164 -415.945831299 -368.365631104 -445.797088623 -466.017913818 282.352081299 442.389495850 -443.764007568 182.070663452 638.664733887 -1047.001098633 -732.678771973 -964.100463867 437.130462646 916.285278320 -1102.206176758 465.212829590 1191.941040039 1012.412719727 180.235626221 1218.462646484 -312.325378418 -670.903747559 -796.351684570 -806.886901855 -744.507690430
-414.257446289 -430.056274414 -450.690338135 304.901885986 439.057128906 -443.735321045 163.509323120 638.656738281 638.832885742 132.604309082 510.546936035 -0.761593878 -264.679290771 -431.740417480 -421.588287354 -390.552001953 -406.367889404 -407.505218506 -469.193969727 300.324829102 442.229492188 -452.785797119 182.176544189 646.775451660 639.480957031 135.866622925 507.836883545 19.049180984 -281.094238281 -431.497741699 -398.892974854 -416.684020996 -369.586669922 -446.302276611 -467.262390137 282.662200928 443.081420898 -444.760131836 182.723571777 639.915100098 -1045.425415039 -731.604125977 -962.076721191 436.212890625 915.318908691 -1101.043701172 464.533660889 1190.037475586 1010.154968262 179.831115723 1216.327148438 -311.778076172 -669.536560059 -794.787780762 -805.379943848 -743.139160156
-415.396026611 -430.592987061 -451.976654053 305.113708496 439.756561279 -444.730682373 164.224822998 639.896545410 640.087951660 132.720703125 511.427124023 -1.014337301 -265.543640137 -432.410522461 -422.523895264 -391.402496338 -407.512908936 -408.099822998 -470.437103271 300.556030273 442.923461914 -453.768920898 182.843307495 648.002380371 640.736694336 135.956466675 508.715545654 18.787834167 -281.923339844 -432.175964355 -399.921539307 -417.421722412 -370.809326172 -446.804504395 -468.507232666 282.969818115 443.772979736 -445.756774902 183.379180908 641.164428711 -1043.849853516 -730.529418945 -960.052917480 435.295318604 914.352539062 -1099.881225586 463.854339600 1188.134033203 1007.897216797 179.426635742 1214.191772461 -311.230773926 -668.169494629 -793.223876953 -803.873046875 -741.770568848
-416.535858154 -431.127410889 -453.263275146 305.322143555 440.455596924 -445.726562500 164.943344116 641.135070801 641.343261719 132.835845947 512.306213379 -1.269790053 -266.408874512 -433.079101562 -423.459381104 -392.253204346 -408.659210205 -408.692443848 -471.680511475 300.784271240 443.617095947 -454.752563477 183.512741089 649.228149414 641.992553711 136.044982910 509.593536377 18.523344040 -282.753082275 -432.852905273 -400.950531006 -418.158935547 -372.033569336 -447.303833008 -469.752410889 283.274902344 444.464080811 -446.753967285 184.037490845 642.412719727 -1042.274414062 -729.454650879 -958.029174805 434.377716064 913.386169434 -1098.718750000 463.174865723 1186.230712891 1005.639465332 179.022201538 1212.056396484 -310.683471680 -666.802490234 -791.659790039 -802.366210938 -740.401916504
-417.676940918 -431.659576416 -454.550170898 305.527191162 441.154266357 -446.722961426 165.664886475 642.372253418 642.598693848 132.949752808 513.184265137 -1.527953625 -267.274963379 -433.746124268 -424.394775391 -393.104095459 -409.806793213 -409.283111572 -472.924194336 301.009490967 444.310363770 -455.736663818 184.184814453 650.452758789 643.248596191 136.132202148 510.470825195 18.255710602 -283.583526611 -433.528594971 -401.979949951 -418.895599365 -373.259429932 -447.800262451 -470.997924805 283.577484131 445.154815674 -447.751678467 184.698486328 643.659912109 -1040.698974609 -728.379760742 -956.005432129 433.460144043 912.419799805 -1097.556152344 462.495208740 1184.327270508 1003.381713867 178.617797852 1209.921020508 -310.136169434 -665.435607910 -790.095642090 -800.859436035 -739.033203125
-418.819274902 -432.189483643 -455.837341309 305.728820801 441.852508545 -447.719879150 166.389404297 643.608215332 643.854309082 133.062393188 514.061279297 -1.788829446 -268.141937256 -434.411560059 -425.330017090 -393.955169678 -410.955718994 -409.871795654 -474.168151855 301.231719971 445.003265381 -456.721221924 184.859542847 651.676208496 644.504760742 136.218078613 511.347381592 17.984926224 -284.414642334 -434.203033447 -403.009826660 -419.631774902 -374.486877441 -448.293731689 -472.243774414 283.877502441 445.845092773 -448.749908447 185.362167358 644.906066895 -1039.123657227 -727.304748535 -953.981689453 432.542541504 911.453430176 -1096.393676758 461.815399170 1182.424072266 1001.123962402 178.213424683 1207.785644531 -309.588867188 -664.068847656 -788.531433105 -799.352722168 -737.664367676
-419.962860107 -432.717132568 -457.124755859 305.927093506 442.550384521 -448.717346191 167.116928101 644.842834473 645.110046387 133.173767090 514.937133789 -2.052419186 -269.009796143 -435.075439453 -426.265167236 -394.806427002 -412.105926514 -410.458496094 -475.412353516 301.450927734 445.695770264 -457.706268311 185.536880493 652.898559570 645.761047363 136.302642822 512.223205566 17.710992813 -285.246459961 -434.876190186 -404.040130615 -420.367431641 -375.715881348 -448.784240723 -473.489959717 284.175018311 446.535003662 -449.748687744 186.028518677 646.151184082 -1037.548339844 -726.229675293 -951.957946777 431.624969482 910.487060547 -1095.231201172 461.135437012 1180.520874023 998.866149902 177.809097290 1205.650268555 -309.041534424 -662.702209473 -786.967102051 -797.846069336 -736.295471191
-421.107635498 -433.242492676 -458.412414551 306.121948242 443.247833252 -449.715301514 167.847412109 646.076171875 646.365966797 133.283889771 515.811950684 -2.318723917 -269.878509521 -435.737731934 -427.200225830 -395.657897949 -413.257446289 -411.043243408 -476.656829834 301.667114258 446.387939453 -458.691802979 186.216842651 654.119628906 647.017395020 136.385864258 513.098327637 17.433904648 -286.078948975 -435.548095703 -405.070892334 -421.102539062 -376.946472168 -449.271820068 -474.736450195 284.470001221 447.224456787 -450.747955322 186.697540283 647.395141602 -1035.973144531 -725.154541016 -949.934204102 430.707397461 909.520690918 -1094.068725586 460.455291748 1178.617675781 996.608398438 177.404800415 1203.514892578 -308.494232178 -661.335693359 -785.402648926 -796.339477539 -734.926513672
-422.253662109 -433.765563965 -459.700286865 306.313385010 443.944915771 -450.713806152 168.580871582 647.308105469 647.622009277 133.392745972 516.685607910 -2.587745428 -270.748077393 -436.398468018 -428.135131836 -396.509582520 -414.410247803 -411.626007080 -477.901519775 301.880310059 447.079711914 -459.677795410 186.899429321 655.339599609 648.273864746 136.467758179 513.972595215 17.153657913 -286.912109375 -436.218719482 -406.102081299 -421.837158203 -378.178619385 -449.756469727 -475.983245850 284.762451172 447.913513184 -451.747772217 187.369216919 648.638000488 -1034.397949219 -724.079284668 -947.910461426 429.789794922 908.554321289 -1092.906250000 459.774993896 1176.714599609 994.350585938 177.000518799 1201.379516602 -307.946929932 -659.969238281 -783.838134766 -794.833007812 -733.557495117
-423.400909424 -434.286346436 -460.988403320 306.501434326 444.641601562 -451.712829590 169.317291260 648.538757324 648.878173828 133.500335693 517.558227539 -2.859484673 -271.618530273 -437.057586670 -429.069915771 -397.361419678 -415.564331055 -412.206756592 -479.146484375 302.090454102 447.771118164 -460.664245605 187.584594727 656.558288574 649.530456543 136.548324585 514.846130371 16.870254517 -287.745971680 -436.888061523 -407.133697510 -422.571228027 -379.412322998 -450.238159180 -477.230377197 285.052368164 448.602172852 -452.748077393 188.043518066 649.879699707 -1032.822753906 -723.003967285 -945.886657715 428.872222900 907.587951660 -1091.743774414 459.094543457 1174.811523438 992.092773438 176.596282959 1199.244018555 -307.399597168 -658.602966309 -782.273498535 -793.326538086 -732.188354492
-424.549346924 -434.804840088 -462.276763916 306.686065674 445.337860107 -452.712371826 170.056640625 649.768005371 650.134460449 133.606643677 518.429626465 -3.133943558 -272.489868164 -437.715118408 -430.004608154 -398.213439941 -416.719665527 -412.785522461 -480.391662598 302.297576904 448.462158203 -461.651184082 188.272354126 657.775817871 650.787109375 136.627548218 515.718811035 16.583686829 -288.580505371 -437.556152344 -408.165771484 -423.304809570 -380.647552490 -450.716857910 -478.477813721 285.339752197 449.290374756 -453.748931885 188.720474243 651.120300293 -1031.247802734 -721.928527832 -943.862915039 427.954620361 906.621520996 -1090.581176758 458.413909912 1172.908569336 989.835021973 176.192077637 1197.108642578 -306.852294922 -657.236755371 -780.708740234 -791.820190430 -730.819213867
-425.698974609 -435.321044922 -463.565307617 306.867309570 446.033752441 -453.712432861 170.798919678 650.995910645 651.390869141 133.711685181 519.299926758 -3.411123276 -273.362060547 -438.371063232 -430.939178467 -399.065673828 -417.876281738 -413.362304688 -481.637054443 302.501708984 449.152832031 -462.638580322 188.962692261 658.992065430 652.043884277 136.705429077 516.590637207 16.293956757 -289.415710449 -438.222930908 -409.198272705 -424.037811279 -381.884307861 -451.192626953 -479.725555420 285.624572754 449.978179932 -454.750274658 189.400039673 652.359680176 -1029.672729492 -720.853027344 -941.839172363 427.037048340 905.655151367 -1089.418701172 457.733154297 1171.005615234 987.577209473 175.787902832 1194.973266602 -306.304992676 -655.870666504 -779.143920898 -790.313903809 -729.449951172
-426.849792480 -435.834930420 -464.854034424 307.045104980 446.729248047 -454.713012695 171.544128418 652.222351074 652.647399902 133.815444946 520.169067383 -3.691025257 -274.235107422 -439.025421143 -431.873626709 -399.918060303 -419.034149170 -413.937072754 -482.882659912 302.702758789 449.843109131 -463.626464844 189.655593872 660.207031250 653.300720215 136.781967163 517.461669922 16.001060486 -290.251617432 -438.888427734 -410.231201172 -424.770324707 -383.122589111 -451.665405273 -480.973571777 285.906860352 450.665588379 -455.752136230 190.082199097 653.597900391 -1028.097778320 -719.777404785 -939.815429688 426.119476318 904.688781738 -1088.256225586 457.052185059 1169.102783203 985.319396973 175.383758545 1192.837890625 -305.757659912 -654.504699707 -777.578979492 -788.807678223 -728.080627441
-428.001800537 -436.346496582 -466.143005371 307.219482422 447.424316406 -455.714080811 172.292236328 653.447448730 653.903991699 133.917938232 521.037048340 -3.973650694 -275.109039307 -439.678131104 -432.807952881 -400.770660400 -420.193267822 -414.509796143 -484.128509521 302.900787354 450.533020020 -464.614776611 190.351043701 661.420715332 654.557556152 136.857162476 518.331726074 15.704995155 -291.088226318 -439.552612305 -411.264587402 -425.502288818 -384.362335205 -452.135192871 -482.221923828 286.186614990 451.352569580 -456.754516602 190.766967773 654.834960938 -1026.522949219 -718.701721191 -937.791687012 425.201873779 903.722412109 -1087.093750000 456.371093750 1167.199951172 983.061584473 174.979660034 1190.702514648 -305.210327148 -653.138854980 -776.013977051 -787.301513672 -726.711242676
-429.154937744 -436.855773926 -467.432128906 307.390472412 448.119018555 -456.715698242 173.043228149 654.671020508 655.160644531 134.019134521 521.903869629 -4.259001255 -275.983856201 -440.329254150 -433.742126465 -401.623413086 -421.353607178 -415.080535889 -485.374542236 303.095794678 451.222564697 -465.603576660 191.049026489 662.633178711 655.814453125 136.931015015 519.200988770 15.405760765 -291.925506592 -440.215515137 -412.298370361 -426.233703613 -385.603576660 -452.601989746 -483.470520020 286.463775635 452.039123535 -457.757415771 191.454315186 656.070800781 -1024.948120117 -717.625915527 -935.767944336 424.284301758 902.756042480 -1085.931274414 455.689819336 1165.297241211 980.803710938 174.575576782 1188.567138672 -304.663024902 -651.773071289 -774.448852539 -785.795349121 -725.341735840
-430.309234619 -437.362701416 -468.721435547 307.557983398 448.813293457 -457.717803955 173.797088623 655.893188477 656.417419434 134.119049072 522.769531250 -4.547078133 -276.859527588 -440.978759766 -434.676208496 -402.476318359 -422.515167236 -415.649230957 -486.620758057 303.287750244 451.911743164 -466.592834473 191.749526978 663.844238281 657.071411133 137.003494263 520.069274902 15.103354454 -292.763458252 -440.877105713 -413.332611084 -426.964599609 -386.846282959 -453.065765381 -484.719421387 286.738403320 452.725250244 -458.760833740 192.144241333 657.305358887 -1023.373352051 -716.550048828 -933.744201660 423.366699219 901.789672852 -1084.768798828 455.008361816 1163.394531250 978.545898438 174.171524048 1186.431762695 -304.115692139 -650.407409668 -772.883605957 -784.289306641 -723.972229004
-431.464660645 -437.867279053 -470.010894775 307.722106934 449.507202148 -458.720428467 174.553817749 657.113891602 657.674255371 134.217681885 523.633972168 -4.837882042 -277.736053467 -441.626647949 -435.610168457 -403.329437256 -423.677947998 -416.215911865 -487.867187500 303.476654053 452.600524902 -467.582550049 192.452545166 665.054016113 658.328430176 137.074630737 520.936645508 14.797776222 -293.602142334 -441.537414551 -414.367279053 -427.694946289 -388.090423584 -453.526580811 -485.968627930 287.010467529 453.410980225 -459.764739990 192.836700439 658.538696289 -1021.798706055 -715.474060059 -931.720397949 422.449127197 900.823242188 -1083.606323242 454.326782227 1161.491943359 976.288085938 173.767501831 1184.296386719 -303.568359375 -649.041931152 -771.318298340 -782.783386230 -722.602600098
-432.621215820 -438.369537354 -471.300537109 307.882781982 450.200683594 -459.723571777 175.313369751 658.333129883 658.931091309 134.315017700 524.497192383 -5.131415367 -278.613464355 -442.272888184 -436.544006348 -404.182708740 -424.841918945 -416.780517578 -489.113769531 303.662506104 453.288940430 -468.572723389 193.158050537 666.262451172 659.585388184 137.144393921 521.803039551 14.489022255 -294.441467285 -442.196380615 -415.402404785 -428.424743652 -389.335998535 -453.984344482 -487.218078613 287.279998779 454.096252441 -460.769165039 193.531707764 659.770751953 -1020.224060059 -714.398010254 -929.696655273 421.531555176 899.856872559 -1082.443725586 453.645019531 1159.589355469 974.030212402 173.363525391 1182.161010742 -303.021057129 -647.676513672 -769.752929688 -781.277465820 -721.232910156
-433.778869629 -438.869415283 -472.590301514 308.040008545 450.893768311 -460.727203369 176.075759888 659.550781250 660.188049316 134.411056519 525.359191895 -5.427679062 -279.491760254 -442.917510986 -437.477722168 -405.036132812 -426.007049561 -417.343078613 -490.360565186 303.845275879 453.976989746 -469.563354492 193.866027832 667.469482422 660.842407227 137.212814331 522.668395996 14.177093506 -295.281524658 -442.854034424 -416.437927246 -429.153991699 -390.582977295 -454.439117432 -488.467803955 287.546936035 454.781127930 -461.774078369 194.229232788 661.001525879 -1018.649475098 -713.321899414 -927.672912598 420.613952637 898.890502930 -1081.281250000 452.963104248 1157.686767578 971.772399902 172.959564209 1180.025634766 -302.473724365 -646.311218262 -768.187377930 -779.771606445 -719.863159180
-434.937591553 -439.366973877 -473.880218506 308.193817139 451.586456299 -461.731353760 176.840957642 660.766906738 661.445007324 134.505783081 526.219970703 -5.726674080 -280.370910645 -443.560485840 -438.411315918 -405.889739990 -427.173370361 -417.903594971 -491.607513428 304.024993896 454.664642334 -470.554443359 194.576461792 668.675109863 662.099426270 137.279846191 523.532836914 13.861987114 -296.122253418 -443.510406494 -417.473907471 -429.882720947 -391.831359863 -454.890838623 -489.717803955 287.811279297 455.465606689 -462.779510498 194.929275513 662.230957031 -1017.075012207 -712.245666504 -925.649169922 419.696380615 897.924133301 -1080.118774414 452.281005859 1155.784301758 969.514526367 172.555633545 1177.890136719 -301.926391602 -644.945983887 -766.621765137 -778.265808105 -718.493347168
-436.097381592 -439.862121582 -475.170288086 308.344177246 452.278717041 -462.735992432 177.608947754 661.981506348 662.701965332 134.599227905 527.079589844 -6.028402328 -281.250915527 -444.201843262 -439.344757080 -406.743530273 -428.340820312 -418.462036133 -492.854644775 304.201660156 455.351928711 -471.545989990 195.289352417 669.879333496 663.356445312 137.345520020 524.396179199 13.543703079 -296.963684082 -444.165405273 -418.510314941 -430.610870361 -393.081085205 -455.339538574 -490.968078613 288.073089600 456.149627686 -463.785461426 195.631790161 663.459045410 -1015.500549316 -711.169311523 -923.625427246 418.778778076 896.957763672 -1078.956298828 451.598754883 1153.881958008 967.256652832 172.151733398 1175.754760742 -301.379058838 -643.580932617 -765.056091309 -776.760131836 -717.123474121
-437.258239746 -440.354919434 -476.460449219 308.491088867 452.970611572 -463.741149902 178.379714966 663.194519043 663.958923340 134.691345215 527.937866211 -6.332864285 -282.131805420 -444.841522217 -440.278106689 -407.597442627 -429.509399414 -419.018371582 -494.101898193 304.375244141 456.038818359 -472.537963867 196.004653931 671.082092285 664.613403320 137.409820557 525.258544922 13.222240448 -297.805786133 -444.819122314 -419.547119141 -431.338470459 -394.332153320 -455.785156250 -492.218597412 288.332305908 456.833251953 -464.791870117 196.336791992 664.685791016 -1013.926147461 -710.092895508 -921.601684570 417.861206055 895.991394043 -1077.793823242 450.916351318 1151.979614258 964.998840332 171.747863770 1173.619384766 -300.831726074 -642.215942383 -763.490295410 -775.254455566 -715.753479004
-438.420104980 -440.845306396 -477.750762939 308.634521484 453.662078857 -464.746795654 179.153213501 664.405944824 665.215942383 134.782165527 528.794921875 -6.640061855 -283.013580322 -445.479553223 -441.211303711 -408.451538086 -430.679016113 -419.572601318 -495.349334717 304.545776367 456.725341797 -473.530395508 196.722366333 672.283386230 665.870300293 137.472747803 526.119812012 12.897598267 -298.648590088 -445.471466064 -420.584381104 -432.065490723 -395.584564209 -456.227752686 -493.469360352 288.588958740 457.516418457 -465.798797607 197.044235229 665.911132812 -1012.351806641 -709.016418457 -919.577941895 416.943634033 895.024963379 -1076.631347656 450.233764648 1150.077270508 962.740966797 171.344009399 1171.484008789 -300.284393311 -640.851074219 -761.924377441 -773.748840332 -714.383422852
-439.582977295 -441.333312988 -479.041137695 308.774536133 454.353149414 -465.752929688 179.929458618 665.615722656 666.472900391 134.871673584 529.650695801 -6.949995518 -283.896179199 -446.115936279 -442.144378662 -409.305786133 -431.849700928 -420.124725342 -496.596893311 304.713195801 457.411468506 -474.523284912 197.442474365 673.483215332 667.127197266 137.534301758 526.979980469 12.569776535 -299.492095947 -446.122497559 -421.622070312 -432.791992188 -396.838226318 -456.667236328 -494.720397949 288.843017578 458.199188232 -466.806243896 197.754119873 667.135070801 -1010.777526855 -707.939819336 -917.554138184 416.026031494 894.058593750 -1075.468872070 449.551025391 1148.175048828 960.483093262 170.940200806 1169.348632812 -299.737060547 -639.486328125 -760.358398438 -772.243347168 -713.013305664
-440.746826172 -441.818908691 -480.331634521 308.911071777 455.043823242 -466.759582520 180.708419800 666.823791504 667.729858398 134.959869385 530.505187988 -7.262667656 -284.779693604 -446.750671387 -443.077331543 -410.160186768 -433.021423340 -420.674682617 -497.844573975 304.877563477 458.097229004 -475.516601562 198.164947510 674.681457520 668.384033203 137.594451904 527.838989258 12.238773346 -300.336303711 -446.772155762 -422.660186768 -433.517913818 -398.093170166 -457.103668213 -495.971649170 289.094482422 458.881500244 -467.814147949 198.466430664 668.357543945 -1009.203369141 -706.863159180 -915.530395508 415.108459473 893.092224121 -1074.306274414 448.868133545 1146.272949219 958.225219727 170.536407471 1167.213256836 -299.189727783 -638.121704102 -758.792297363 -770.737915039 -711.643127441
-441.911621094 -442.302062988 -481.622222900 309.044158936 455.734069824 -467.766723633 181.490066528 668.030273438 668.986816406 135.046737671 531.358398438 -7.578078747 -285.664062500 -447.383697510 -444.010162354 -411.014739990 -434.194152832 -421.222534180 -499.092407227 305.038818359 458.782592773 -476.510375977 198.889770508 675.878234863 669.640808105 137.653228760 528.696960449 11.904590607 -301.181213379 -447.420501709 -423.698730469 -434.243255615 -399.349334717 -457.537017822 -497.223144531 289.343353271 459.563415527 -468.822570801 199.181137085 669.578552246 -1007.629211426 -705.786437988 -913.506652832 414.190856934 892.125854492 -1073.143798828 448.185058594 1144.370849609 955.967346191 170.132659912 1165.077880859 -298.642395020 -636.757202148 -757.226074219 -769.232482910 -710.272888184
-443.077362061 -442.782806396 -482.912902832 309.173767090 456.423919678 -468.774353027 182.274383545 669.234985352 670.243713379 135.132278442 532.210327148 -7.896230221 -286.549285889 -448.015075684 -444.942871094 -411.869415283 -435.367858887 -421.768218994 -500.340332031 305.196990967 459.467590332 -477.504608154 199.616928101 677.073425293 670.897460938 137.710617065 529.553710938 11.567226410 -302.026794434 -448.067474365 -424.737670898 -434.968048096 -400.606719971 -457.967254639 -498.474884033 289.589660645 460.244903564 -469.831451416 199.898223877 670.798095703 -1006.055114746 -704.709594727 -911.482910156 413.273284912 891.159484863 -1071.981323242 447.501831055 1142.468750000 953.709411621 169.728927612 1162.942504883 -298.095062256 -635.392822266 -755.659790039 -767.727172852 -708.902587891
-444.243957520 -443.261077881 -484.203613281 309.299896240 457.113342285 -469.782470703 183.061355591 670.437988281 671.500549316 135.216506958 533.060913086 -8.217123032 -287.435394287 -448.644744873 -445.875427246 -412.724273682 -436.542480469 -422.311706543 -501.588409424 305.352081299 460.152191162 -478.499267578 200.346389771 678.267028809 672.154113770 137.766601562 530.409301758 11.226680756 -302.873107910 -448.713104248 -425.777069092 -435.692260742 -401.865234375 -458.394348145 -499.726867676 289.833343506 460.925964355 -470.840850830 200.617660522 672.016113281 -1004.481079102 -703.632629395 -909.459167480 412.355712891 890.193054199 -1070.818847656 446.818420410 1140.566772461 951.451538086 169.325225830 1160.807128906 -297.547729492 -634.028503418 -754.093383789 -766.221923828 -707.532165527
-445.411468506 -443.736907959 -485.494415283 309.422576904 457.802368164 -470.791076660 183.850936890 671.639282227 672.757324219 135.299392700 533.910217285 -8.540759087 -288.322357178 -449.272766113 -446.807861328 -413.579254150 -437.718048096 -422.853027344 -502.836578369 305.504058838 460.836395264 -479.494354248 201.078155518 679.458984375 673.410583496 137.821197510 531.263671875 10.882954597 -303.720092773 -449.357360840 -426.816894531 -436.415893555 -403.124877930 -458.818359375 -500.979064941 290.074432373 461.606567383 -471.850738525 201.339431763 673.232604980 -1002.907104492 -702.555603027 -907.435424805 411.438110352 889.226684570 -1069.656372070 446.134887695 1138.664794922 949.193664551 168.921539307 1158.671752930 -297.000396729 -632.664306641 -752.526916504 -764.716674805 -706.161743164
-446.579772949 -444.210235596 -486.785278320 309.541748047 458.490997314 -471.800170898 184.643142700 672.838745117 674.013977051 135.380950928 534.758117676 -8.867137909 -289.210174561 -449.899047852 -447.740142822 -414.434387207 -438.894500732 -423.392181396 -504.084838867 305.652923584 461.520233154 -480.489868164 201.812164307 680.649291992 674.666992188 137.874389648 532.116821289 10.536047935 -304.567779541 -450.000244141 -427.857116699 -437.138977051 -404.385650635 -459.239196777 -502.231475830 290.312896729 462.286773682 -472.861083984 202.063522339 674.447509766 -1001.333190918 -701.478515625 -905.411682129 410.520538330 888.260314941 -1068.493896484 445.451171875 1136.762939453 946.935729980 168.517898560 1156.536376953 -296.453063965 -631.300231934 -750.960327148 -763.211547852 -704.791198730
-447.748901367 -444.681091309 -488.076171875 309.657470703 459.179199219 -472.809753418 185.437911987 674.036376953 675.270629883 135.461166382 535.604736328 -9.196262360 -290.098907471 -450.523681641 -448.672302246 -415.289642334 -440.071838379 -423.929077148 -505.333190918 305.798675537 462.203674316 -481.485839844 202.548431396 681.837951660 675.923217773 137.926177979 532.968750000 10.185961723 -305.416168213 -450.641784668 -428.897766113 -437.861480713 -405.647460938 -459.656921387 -503.484100342 290.548797607 462.966522217 -473.871917725 202.789916992 675.660766602 -999.759338379 -700.401306152 -903.387878418 409.602935791 887.293945312 -1067.331420898 444.767272949 1134.861206055 944.677856445 168.114273071 1154.401000977 -295.905731201 -629.936279297 -749.393676758 -761.706481934 -703.420593262
-448.918792725 -445.149475098 -489.367095947 309.769683838 459.867004395 -473.819824219 186.235244751 675.232177734 676.527160645 135.540039062 536.449951172 -9.528133392 -290.988464355 -451.146575928 -449.604339600 -416.145050049 -441.249969482 -424.463775635 -506.581634521 305.941314697 462.886718750 -482.482208252 203.286926270 683.024841309 677.179321289 137.976562500 533.819396973 9.832695007 -306.265289307 -451.281921387 -429.938873291 -438.583374023 -406.910308838 -460.071472168 -504.736938477 290.782043457 463.645843506 -474.883239746 203.518569946 676.872436523 -998.185546875 -699.324035645 -901.364135742 408.685363770 886.327575684 -1066.168945312 444.083221436 1132.959350586 942.419921875 167.710662842 1152.265625000 -295.358398438 -628.572448730 -747.826843262 -760.201477051 -702.049926758
-450.089447021 -445.615325928 -490.658050537 309.878417969 460.554382324 -474.830352783 187.035110474 676.426147461 677.783569336 135.617568970 537.293823242 -9.862751007 -291.878906250 -451.767761230 -450.536224365 -417.000610352 -442.428894043 -424.996215820 -507.830139160 306.080841064 463.569396973 -483.479034424 204.027618408 684.210083008 678.435302734 138.025527954 534.668762207 9.476249695 -307.115081787 -451.920684814 -430.980377197 -439.304687500 -408.174163818 -460.482849121 -505.989959717 291.012695312 464.324737549 -475.895050049 204.249481201 678.082397461 -996.611816406 -698.246704102 -899.340393066 407.767791748 885.361145020 -1065.006469727 443.399017334 1131.057739258 940.161987305 167.307098389 1150.130126953 -294.811065674 -627.208679199 -746.260009766 -758.696472168 -700.679199219
-451.260803223 -446.078643799 -491.949005127 309.983642578 461.241363525 -475.841369629 187.837478638 677.618225098 679.039855957 135.693756104 538.136291504 -10.200118065 -292.770233154 -452.387237549 -451.467987061 -417.856262207 -443.608612061 -425.526397705 -509.078735352 306.217224121 464.251647949 -484.476287842 204.770538330 685.393615723 679.691162109 138.073074341 535.516784668 9.116626740 -307.965576172 -452.558074951 -432.022277832 -440.025451660 -409.438934326 -460.891021729 -507.243225098 291.240722656 465.003204346 -476.907318115 204.982604980 679.290710449 -995.038146973 -697.169250488 -897.316650391 406.850189209 884.394775391 -1063.843872070 442.714660645 1129.156127930 937.904113770 166.903549194 1147.994750977 -294.263702393 -625.845092773 -744.692993164 -757.191589355 -699.308410645
-452.432861328 -446.539459229 -493.239990234 310.085388184 461.927917480 -476.852874756 188.642318726 678.808349609 680.295959473 135.768569946 538.977355957 -10.540233612 -293.662414551 -453.005004883 -452.399627686 -418.712066650 -444.789031982 -426.054290771 -510.327392578 306.350494385 464.933532715 -485.473937988 205.515655518 686.575439453 680.946777344 138.119201660 536.363464355 8.753826141 -308.816802979 -453.194061279 -433.064636230 -440.745574951 -410.704650879 -461.296020508 -508.496643066 291.466094971 465.681243896 -477.920074463 205.717971802 680.497375488 -993.464538574 -696.091674805 -895.292907715 405.932617188 883.428405762 -1062.681396484 442.030120850 1127.254516602 935.646179199 166.500030518 1145.859375000 -293.716369629 -624.481567383 -743.125915527 -755.686767578 -697.937500000
-453.605621338 -446.997741699 -494.530975342 310.183624268 462.614044189 -477.864868164 189.449645996 679.996582031 681.552001953 135.842041016 539.817016602 -10.883100510 -294.555450439 -453.621002197 -453.331115723 -419.567993164 -445.970184326 -426.579925537 -511.576110840 306.480621338 465.614990234 -486.472045898 206.262985229 687.755554199 682.202270508 138.163909912 537.208801270 8.387848854 -309.668701172 -453.828643799 -434.107391357 -441.465148926 -411.971252441 -461.697814941 -509.750274658 291.688873291 466.358825684 -478.933288574 206.455566406 681.702331543 -991.890991211 -695.014099121 -893.269165039 405.015014648 882.462036133 -1061.518920898 441.345397949 1125.353027344 933.388244629 166.096527100 1143.723999023 -293.169036865 -623.118164062 -741.558776855 -754.182006836 -696.566589355
-454.779113770 -447.453491211 -495.821929932 310.278350830 463.299774170 -478.877288818 190.259429932 681.182861328 682.807861328 135.914154053 540.655273438 -11.228718758 -295.449371338 -454.235321045 -454.262451172 -420.424041748 -447.152069092 -427.103302002 -512.824890137 306.607604980 466.296081543 -487.470550537 207.012481689 688.933959961 683.457519531 138.207199097 538.052795410 8.018697739 -310.521331787 -454.461822510 -435.150573730 -442.184112549 -413.238708496 -462.096405029 -511.004089355 291.909027100 467.035980225 -479.946960449 207.195373535 682.905639648 -990.317504883 -693.936401367 -891.245422363 404.097442627 881.495605469 -1060.356445312 440.660552979 1123.451538086 931.130310059 165.693069458 1141.588623047 -292.621673584 -621.754882812 -739.991516113 -752.677307129 -695.195556641
-455.953277588 -447.906707764 -497.112854004 310.369567871 463.985076904 -479.890197754 191.071640015 682.367126465 684.063537598 135.984893799 541.492065430 -11.577090263 -296.344177246 -454.847869873 -455.193664551 -421.280212402 -448.334655762 -427.624389648 -514.073669434 306.731445312 466.976776123 -488.469482422 207.764175415 690.110595703 684.712585449 138.249038696 538.895324707 7.646373272 -311.374664307 -455.093597412 -436.194183350 -442.902465820 -414.507019043 -462.491760254 -512.258117676 292.126525879 467.712707520 -480.961120605 207.937377930 684.107238770 -988.744018555 -692.858581543 -889.221618652 403.179870605 880.529235840 -1059.193969727 439.975524902 1121.550170898 928.872375488 165.289611816 1139.453247070 -292.074340820 -620.391723633 -738.424133301 -751.172668457 -693.824462891
-457.128112793 -448.357391357 -498.403778076 310.457275391 464.669952393 -480.903594971 191.886276245 683.549499512 685.319030762 136.054275513 542.327453613 -11.928215027 -297.239837646 -455.458648682 -456.124725342 -422.136505127 -449.517944336 -428.143188477 -515.322509766 306.852111816 467.657073975 -489.468811035 208.518051147 691.285583496 685.967407227 138.289443970 539.736450195 7.270876408 -312.228698730 -455.723968506 -437.238189697 -443.620239258 -415.776153564 -462.883911133 -513.512268066 292.341369629 468.388977051 -481.975738525 208.681594849 685.307128906 -987.170654297 -691.780700684 -887.197875977 402.262268066 879.562866211 -1058.031494141 439.290313721 1119.648803711 926.614440918 164.886199951 1137.317871094 -291.527008057 -619.028625488 -736.856689453 -749.668090820 -692.453369141
-458.303649902 -448.805541992 -499.694671631 310.541442871 465.354400635 -481.917449951 192.703338623 684.729858398 686.574340820 136.122268677 543.161437988 -12.282133102 -298.136352539 -456.067718506 -457.055664062 -422.992919922 -450.701965332 -428.659729004 -516.571350098 306.969665527 468.336975098 -490.468566895 209.274093628 692.458801270 687.221984863 138.328414917 540.576171875 6.892202854 -313.083465576 -456.352935791 -438.282623291 -444.337402344 -417.046081543 -463.272857666 -514.766601562 292.553588867 469.064819336 -482.990814209 209.427993774 686.505371094 -985.597351074 -690.702758789 -885.174133301 401.344696045 878.596496582 -1056.869018555 438.604980469 1117.747436523 924.356506348 164.482788086 1135.182495117 -290.979644775 -617.665710449 -735.289123535 -748.163574219 -691.082153320
-459.479858398 -449.251129150 -500.985473633 310.622131348 466.038452148 -482.931732178 193.522796631 685.908264160 687.829467773 136.188888550 543.994140625 -12.638858795 -299.033752441 -456.674987793 -457.986450195 -423.849426270 -451.886657715 -429.173950195 -517.820251465 307.084014893 469.016479492 -491.468750000 210.032287598 693.630310059 688.476379395 138.365936279 541.414428711 6.510344982 -313.938903809 -456.980438232 -439.327484131 -445.053955078 -418.316833496 -463.658538818 -516.021118164 292.763153076 469.740203857 -484.006347656 210.176589966 687.701904297 -984.024047852 -689.624694824 -883.150390625 400.427093506 877.630065918 -1055.706542969 437.919433594 1115.846313477 922.098510742 164.079421997 1133.047119141 -290.432312012 -616.302856445 -733.721435547 -746.659118652 -689.710876465
-460.656768799 -449.694213867 -502.276245117 310.699249268 466.722076416 -483.946502686 194.344650269 687.084655762 689.084350586 136.254135132 544.825439453 -12.998408318 -299.932006836 -457.280517578 -458.917083740 -424.706054688 -453.072082520 -429.685913086 -519.069091797 307.195220947 469.695556641 -492.469299316 210.792663574 694.800109863 689.730468750 138.402008057 542.251220703 6.125295639 -314.795074463 -457.606536865 -440.372741699 -445.769897461 -419.588317871 -464.041015625 -517.275817871 292.970062256 470.415161133 -485.022338867 210.927368164 688.896789551 -982.450866699 -688.546569824 -881.126647949 399.509521484 876.663696289 -1054.544067383 437.233764648 1113.945068359 919.840576172 163.676071167 1130.911743164 -289.884979248 -614.940124512 -732.153686523 -745.154724121 -688.339477539
-461.834320068 -450.134765625 -503.566955566 310.772857666 467.405273438 -484.961730957 195.168884277 688.259094238 690.338989258 136.317993164 545.655456543 -13.360793114 -300.831146240 -457.884277344 -459.847595215 -425.562805176 -454.258178711 -430.195587158 -520.317993164 307.303253174 470.374267578 -493.470275879 211.555175781 695.968200684 690.984375000 138.436630249 543.086608887 5.737046242 -315.651977539 -458.231201172 -441.418426514 -446.485229492 -420.860595703 -464.420257568 -518.530639648 293.174316406 471.089691162 -486.038787842 211.680313110 690.089965820 -980.877685547 -687.468322754 -879.102905273 398.591949463 875.697326660 -1053.381469727 436.547912598 1112.043945312 917.582641602 163.272735596 1128.776367188 -289.337615967 -613.577514648 -730.585815430 -743.650390625 -686.968078613
-463.012542725 -450.572753906 -504.857574463 310.842926025 468.088043213 -485.977416992 195.995483398 689.431518555 691.593444824 136.380447388 546.484191895 -13.726025581 -301.731140137 -458.486236572 -460.777954102 -426.419647217 -455.444976807 -430.702972412 -521.566894531 307.408111572 471.052551270 -494.471679688 212.319824219 697.134521484 692.237976074 138.469787598 543.920532227 5.345588207 -316.509582520 -458.854431152 -442.464538574 -447.199951172 -422.133636475 -464.796234131 -519.785644531 293.375915527 471.763763428 -487.055694580 212.435440063 691.281433105 -979.304626465 -686.390075684 -877.079162598 397.674346924 874.730957031 -1052.218994141 435.861907959 1110.142944336 915.324645996 162.869430542 1126.640991211 -288.790283203 -612.215026855 -729.017883301 -742.146118164 -685.596618652
-464.191436768 -451.008178711 -506.148132324 310.909423828 468.770385742 -486.993560791 196.824462891 690.601928711 692.847656250 136.441513062 547.311584473 -14.094116211 -302.632019043 -459.086425781 -461.708160400 -427.276580811 -456.632446289 -431.208068848 -522.815795898 307.509796143 471.730438232 -495.473449707 213.086624146 698.299133301 693.491333008 138.501495361 544.752990723 4.950913906 -317.367889404 -459.476196289 -443.511047363 -447.914062500 -423.407409668 -465.169006348 -521.040771484 293.574829102 472.437377930 -488.073028564 213.192718506 692.471191406 -977.731567383 -685.311645508 -875.055358887 396.756774902 873.764526367 -1051.056518555 435.175720215 1108.241943359 913.066711426 162.466156006 1124.505615234 -288.242919922 -610.852661133 -727.449829102 -740.641906738 -684.225036621
-465.370971680 -451.441101074 -507.438568115 310.972412109 469.452301025 -488.010131836 197.655776978 691.770324707 694.101684570 136.501190186 548.137695312 -14.465074539 -303.533752441 -459.684814453 -462.638214111 -428.133636475 -457.820617676 -431.710876465 -524.064636230 307.608276367 472.407928467 -496.475616455 213.855545044 699.461975098 694.744445801 138.531723022 545.583984375 4.553014755 -318.226928711 -460.096496582 -444.557952881 -448.627532959 -424.681915283 -465.538543701 -522.296020508 293.771087646 473.110565186 -489.090820312 213.952148438 693.659240723 -976.158630371 -684.233215332 -873.031616211 395.839172363 872.798156738 -1049.894042969 434.489379883 1106.341064453 910.808715820 162.062896729 1122.370239258 -287.695587158 -609.490356445 -725.881713867 -739.137756348 -682.853454590
-466.551147461 -451.871429443 -508.728912354 311.031829834 470.133819580 -489.027160645 198.489456177 692.936706543 695.355468750 136.559448242 548.962524414 -14.838910103 -304.436370850 -460.281402588 -463.568145752 -428.990783691 -459.009460449 -432.211395264 -525.313476562 307.703552246 473.084991455 -497.478210449 214.626602173 700.623107910 695.997253418 138.560485840 546.413574219 4.151883602 -319.086669922 -460.715362549 -445.605285645 -449.340393066 -425.957153320 -465.904815674 -523.551452637 293.964660645 473.783264160 -490.109069824 214.713729858 694.845642090 -974.585693359 -683.154663086 -871.007873535 394.921600342 871.831787109 -1048.731567383 433.802886963 1104.440185547 908.550720215 161.659652710 1120.234863281 -287.148223877 -608.128234863 -724.313415527 -737.633666992 -681.481750488
-467.731994629 -452.299224854 -510.019165039 311.087707520 470.814880371 -490.044647217 199.325454712 694.101135254 696.609008789 136.616317749 549.786071777 -15.215630531 -305.339843750 -460.876190186 -464.497924805 -429.848022461 -460.198974609 -432.709625244 -526.562255859 307.795654297 473.761657715 -498.481170654 215.399765015 701.782531738 697.249816895 138.587768555 547.241638184 3.747512817 -319.947143555 -461.332763672 -446.653045654 -450.052642822 -427.233093262 -466.267852783 -524.807006836 294.155578613 474.455566406 -491.127746582 215.477447510 696.030334473 -973.012817383 -682.075988770 -868.984130859 394.004028320 870.865356445 -1047.569091797 433.116210938 1102.539306641 906.292785645 161.256439209 1118.099487305 -286.600891113 -606.766174316 -722.745117188 -736.129638672 -680.110046387
-468.913452148 -452.724487305 -511.309265137 311.140014648 471.495513916 -491.062561035 200.163803101 695.263488770 697.862304688 136.671752930 550.608276367 -15.595243454 -306.244201660 -461.469146729 -465.427520752 -430.705352783 -461.389160156 -433.205535889 -527.811035156 307.884521484 474.437927246 -499.484527588 216.175033569 702.940185547 698.502136230 138.613571167 548.068298340 3.339896441 -320.808349609 -461.948699951 -447.701202393 -450.764251709 -428.509735107 -466.627655029 -526.062622070 294.343780518 475.127380371 -492.146850586 216.243286133 697.213256836 -971.440002441 -680.997314453 -866.960388184 393.086425781 869.898986816 -1046.406616211 432.429382324 1100.638671875 904.034790039 160.853240967 1115.964111328 -286.053527832 -605.404235840 -721.176635742 -734.625671387 -678.738220215
-470.095550537 -453.147186279 -512.599243164 311.188751221 472.175720215 -492.080902100 201.004455566 696.423889160 699.115356445 136.725784302 551.429199219 -15.977755547 -307.149444580 -462.060302734 -466.357025146 -431.562774658 -462.579986572 -433.699188232 -529.059753418 307.970214844 475.113769531 -500.488250732 216.952423096 704.096069336 699.754211426 138.637893677 548.893432617 2.929028273 -321.670257568 -462.563140869 -448.749786377 -451.475219727 -429.787078857 -466.984191895 -527.318420410 294.529296875 475.798767090 -493.166412354 217.011260986 698.394531250 -969.867309570 -679.918457031 -864.936645508 392.168853760 868.932617188 -1045.244140625 431.742401123 1098.737915039 901.776794434 160.450073242 1113.828735352 -285.506195068 -604.042419434 -719.608093262 -733.121704102 -677.366333008
-471.278289795 -453.567321777 -513.889038086 311.233947754 472.855499268 -493.099700928 201.847427368 697.582214355 700.368225098 136.778396606 552.248779297 -16.363174438 -308.055511475 -462.649627686 -467.286346436 -432.420288086 -463.771514893 -434.190521240 -530.308410645 308.052673340 475.789184570 -501.492370605 217.731903076 705.250244141 701.006042480 138.660705566 549.717041016 2.514903307 -322.532897949 -463.176116943 -449.798767090 -452.185577393 -431.065093994 -467.337493896 -528.574340820 294.712127686 476.469696045 -494.186401367 217.781356812 699.574096680 -968.294616699 -678.839599609 -862.912902832 391.251251221 867.966247559 -1044.081665039 431.055236816 1096.837280273 899.518798828 160.046920776 1111.693359375 -284.958831787 -602.680664062 -718.039489746 -731.617858887 -675.994384766
-472.461639404 -453.984893799 -515.178771973 311.275543213 473.534820557 -494.118927002 202.692687988 698.738586426 701.620849609 136.829589844 553.067077637 -16.751502991 -308.962493896 -463.237121582 -468.215515137 -433.277862549 -464.963684082 -434.679534912 -531.556945801 308.131896973 476.464233398 -502.496887207 218.513458252 706.402709961 702.257568359 138.682037354 550.539184570 2.097516775 -323.396240234 -463.787597656 -450.848144531 -452.895263672 -432.343780518 -467.687530518 -529.830383301 294.892242432 477.140167236 -495.206817627 218.553573608 700.751953125 -966.721984863 -677.760620117 -860.889099121 390.333679199 866.999816895 -1042.919189453 430.367889404 1094.936767578 897.260803223 159.643798828 1109.557983398 -284.411499023 -601.319091797 -716.470764160 -730.114074707 -674.622375488
-473.645629883 -454.399902344 -516.468261719 311.313568115 474.213714600 -495.138580322 203.540267944 699.892883301 702.873229980 136.879333496 553.883972168 -17.142745972 -309.870300293 -463.822753906 -469.144531250 -434.135528564 -466.156494141 -435.166290283 -532.805480957 308.207885742 477.138824463 -503.501770020 219.297119141 707.553344727 703.508789062 138.701858521 551.359863281 1.676865339 -324.260345459 -464.397583008 -451.897949219 -453.604339600 -433.623138428 -468.034332275 -531.086486816 295.069671631 477.810180664 -496.227630615 219.327880859 701.928100586 -965.149353027 -676.681579590 -858.865356445 389.416107178 866.033447266 -1041.756713867 429.680419922 1093.036254883 895.002807617 159.240692139 1107.422607422 -283.864135742 -599.957580566 -714.901916504 -728.610351562 -673.250305176
-474.830200195 -454.812347412 -517.757629395 311.347991943 474.892211914 -496.158660889 204.390121460 701.045227051 704.125366211 136.927658081 554.699584961 -17.536911011 -310.779022217 -464.406555176 -470.073425293 -434.993286133 -467.349975586 -435.650695801 -534.053894043 308.280639648 477.813018799 -504.507019043 220.082839966 708.702331543 704.759765625 138.720184326 552.178955078 1.252945900 -325.125152588 -465.006042480 -452.948150635 -454.312774658 -434.903137207 -468.377899170 -532.342712402 295.244384766 478.479736328 -497.248901367 220.104293823 703.102539062 -963.576843262 -675.602478027 -856.841613770 388.498504639 865.067077637 -1040.594116211 428.992767334 1091.135742188 892.744812012 158.837600708 1105.287109375 -283.316802979 -598.596252441 -713.333007812 -727.106689453 -671.878173828
-476.015411377 -455.222259521 -519.046752930 311.378845215 475.570220947 -497.179199219 205.242248535 702.195495605 705.377258301 136.974533081 555.513854980 -17.933996201 -311.688598633 -464.988494873 -471.002136230 -435.851135254 -468.544097900 -436.132843018 -535.302246094 308.350158691 478.486785889 -505.512664795 220.870635986 709.849487305 706.010498047 138.736984253 552.996459961 0.825756431 -325.990692139 -465.613037109 -453.998779297 -455.020538330 -436.183807373 -468.718170166 -533.599060059 295.416381836 479.148864746 -498.270599365 220.882797241 704.275207520 -962.004394531 -674.523254395 -854.817871094 387.580932617 864.100646973 -1039.431640625 428.304931641 1089.235351562 890.486816406 158.434539795 1103.151733398 -282.769439697 -597.234985352 -711.763977051 -725.603088379 -670.505981445
-477.201202393 -455.629577637 -520.335754395 311.406097412 476.247833252 -498.200134277 206.096664429 703.343750000 706.628906250 137.019958496 556.326721191 -18.334007263 -312.599029541 -465.568572998 -471.930694580 -436.709014893 -469.738830566 -436.612640381 -536.550476074 308.416442871 479.160156250 -506.518676758 221.660507202 710.994934082 707.260925293 138.752273560 553.812438965 0.395295799 -326.856933594 -466.218475342 -455.049804688 -455.727661133 -437.465087891 -469.055206299 -534.855468750 295.585662842 479.817504883 -499.292694092 221.663375854 705.446228027 -960.432006836 -673.443908691 -852.794128418 386.663330078 863.134277344 -1038.269165039 427.616943359 1087.335083008 888.228820801 158.031494141 1101.016357422 -282.222106934 -595.873840332 -710.194824219 -724.099487305 -669.133728027
-478.387603760 -456.034301758 -521.624511719 311.429748535 476.924987793 -499.221496582 206.953323364 704.489990234 707.880310059 137.063934326 557.138183594 -18.736946106 -313.510345459 -466.146789551 -472.859130859 -437.566986084 -470.934234619 -437.090148926 -537.798583984 308.479461670 479.833099365 -507.525024414 222.452423096 712.138610840 708.511108398 138.766021729 554.626831055 -0.038436227 -327.723937988 -466.822418213 -456.101257324 -456.434143066 -438.747009277 -469.389007568 -536.111938477 295.752197266 480.485687256 -500.315216064 222.446044922 706.615478516 -958.859619141 -672.364562988 -850.770385742 385.745758057 862.167907715 -1037.106689453 426.928802490 1085.434814453 885.970764160 157.628463745 1098.880981445 -281.674743652 -594.512756348 -708.625610352 -722.596008301 -667.761352539
-479.574584961 -456.436492920 -522.913085938 311.449798584 477.601684570 -500.243255615 207.812240601 705.634155273 709.131469727 137.106445312 557.948242188 -19.142808914 -314.422515869 -466.723114014 -473.787384033 -438.425048828 -472.130279541 -437.565368652 -539.046630859 308.539215088 480.505615234 -508.531768799 223.246383667 713.280517578 709.760986328 138.778244019 555.439575195 -0.475438952 -328.591674805 -467.424835205 -457.153106689 -457.139984131 -440.029541016 -469.719543457 -537.368530273 295.916015625 481.153411865 -501.338165283 223.230773926 707.783081055 -957.287353516 -671.285095215 -848.746582031 384.828186035 861.201477051 -1035.944213867 426.240509033 1083.534545898 883.712768555 157.225448608 1096.745605469 -281.127380371 -593.151855469 -707.056274414 -721.092590332 -666.388977051
-480.762145996 -456.836090088 -524.201416016 311.466217041 478.277954102 -501.265441895 208.673416138 706.776367188 710.382385254 137.147506714 558.756896973 -19.551599503 -315.335571289 -467.297546387 -474.715484619 -439.283142090 -473.326934814 -438.038238525 -540.294555664 308.595672607 481.177703857 -509.538848877 224.042404175 714.420715332 711.010559082 138.788940430 556.250671387 -0.915710628 -329.460144043 -468.025726318 -458.205352783 -457.845153809 -441.312683105 -470.046813965 -538.625183105 296.077117920 481.820678711 -502.361511230 224.017578125 708.948913574 -955.715087891 -670.205566406 -846.722839355 383.910583496 860.235107422 -1034.781738281 425.552032471 1081.634399414 881.454772949 156.822463989 1094.610229492 -280.580047607 -591.791015625 -705.486877441 -719.589172363 -665.016540527
-481.950317383 -457.233123779 -525.489501953 311.479034424 478.953796387 -502.288055420 209.536819458 707.916503906 711.632995605 137.187088013 559.564086914 -19.963315964 -316.249511719 -467.870086670 -475.643402100 -440.141296387 -474.524200439 -438.508819580 -541.542297363 308.648895264 481.849365234 -510.546295166 224.840438843 715.559143066 712.259887695 138.798080444 557.060119629 -1.359248638 -330.329345703 -468.625061035 -459.257995605 -458.549652100 -442.596405029 -470.370819092 -539.881958008 296.235443115 482.487487793 -503.385253906 224.806427002 710.113037109 -954.142944336 -669.125915527 -844.699096680 382.993011475 859.268737793 -1033.619262695 424.863372803 1079.734252930 879.196716309 156.419494629 1092.474853516 -280.032684326 -590.430358887 -703.917358398 -718.085876465 -663.643981934
-483.139068604 -457.627593994 -526.777404785 311.488220215 479.629180908 -503.311065674 210.402450562 709.054565430 712.883422852 137.225189209 560.369750977 -20.377954483 -317.164306641 -468.440704346 -476.571197510 -440.999511719 -475.722106934 -438.977081299 -542.789916992 308.698822021 482.520629883 -511.554107666 225.640518188 716.695739746 713.508911133 138.805664062 557.867858887 -1.806048989 -331.199279785 -469.222839355 -460.311065674 -459.253509521 -443.880737305 -470.691558838 -541.138732910 296.391052246 483.153808594 -504.409423828 225.597335815 711.275451660 -952.570800781 -668.046203613 -842.675354004 382.075408936 858.302368164 -1032.456787109 424.174560547 1077.834228516 876.938720703 156.016555786 1090.339477539 -279.485351562 -589.069763184 -702.347778320 -716.582580566 -662.271423340
-484.328369141 -458.019470215 -528.065002441 311.493774414 480.304107666 -504.334472656 211.270309448 710.190673828 714.133605957 137.261810303 561.173950195 -20.795513153 -318.079986572 -469.009429932 -477.498809814 -441.857757568 -476.920623779 -439.443054199 -544.037414551 308.745452881 483.191436768 -512.562255859 226.442626953 717.830627441 714.757629395 138.811691284 558.673950195 -2.256107092 -332.069946289 -469.819061279 -461.364532471 -459.956695557 -445.165649414 -471.009033203 -542.395568848 296.543884277 483.819671631 -505.433959961 226.390289307 712.436096191 -950.998718262 -666.966430664 -840.651611328 381.157836914 857.335937500 -1031.294311523 423.485595703 1075.934326172 874.680664062 155.613616943 1088.204101562 -278.937988281 -587.709289551 -700.778015137 -715.079406738 -660.898742676
-485.518249512 -458.408752441 -529.352355957 311.495697021 480.978607178 -505.358306885 212.140365601 711.324707031 715.383483887 137.296936035 561.976623535 -21.215988159 -318.996520996 -469.576232910 -478.426239014 -442.716064453 -478.119750977 -439.906677246 -545.284729004 308.788787842 483.861816406 -513.570800781 227.246734619 718.963806152 716.006103516 138.816162109 559.478210449 -2.709416628 -332.941345215 -470.413726807 -462.418426514 -460.659210205 -446.451141357 -471.323272705 -543.652465820 296.693969727 484.485076904 -506.458923340 227.185272217 713.595031738 -949.426696777 -665.886535645 -838.627868652 380.240264893 856.369567871 -1030.131835938 422.796478271 1074.034301758 872.422668457 155.210708618 1086.068725586 -278.390625000 -586.348937988 -699.208251953 -713.576232910 -659.526062012
-486.708679199 -458.795471191 -530.639465332 311.493988037 481.652648926 -506.382507324 213.012649536 712.456665039 716.633117676 137.330581665 562.777770996 -21.639373779 -319.913940430 -470.141113281 -479.353546143 -443.574432373 -479.319488525 -440.367980957 -546.531921387 308.828826904 484.531799316 -514.579650879 228.052856445 720.095153809 717.254272461 138.819046021 560.280700684 -3.165970802 -333.813507080 -471.006835938 -463.472686768 -461.361053467 -447.737213135 -471.634246826 -544.909423828 296.841278076 485.150024414 -507.484283447 227.982284546 714.752258301 -947.854736328 -664.806579590 -836.604125977 379.322662354 855.403198242 -1028.969360352 422.107177734 1072.134521484 870.164611816 154.807815552 1083.933349609 -277.843292236 -584.988647461 -697.638305664 -712.073181152 -658.153259277
-487.899658203 -459.179565430 -531.926269531 311.488647461 482.326232910 -507.407135010 213.887115479 713.586669922 717.882507324 137.362716675 563.577270508 -22.065662384 -320.832244873 -470.704071045 -480.280639648 -444.432830811 -480.519836426 -440.826965332 -547.778869629 308.865539551 485.201324463 -515.588806152 228.860992432 721.224731445 718.502136230 138.820358276 561.081359863 -3.625761032 -334.686370850 -471.598358154 -464.527374268 -462.062225342 -449.023803711 -471.941925049 -546.166442871 296.985839844 485.814483643 -508.510009766 228.781311035 715.907775879 -946.282836914 -663.726562500 -834.580322266 378.405090332 854.436767578 -1027.806884766 421.417694092 1070.234741211 867.906555176 154.404953003 1081.797973633 -277.295928955 -583.628540039 -696.068298340 -710.570129395 -656.780395508
-489.091217041 -459.561126709 -533.212768555 311.479644775 482.999389648 -508.432159424 214.763763428 714.714599609 719.131652832 137.393325806 564.375183105 -22.494848251 -321.751403809 -471.265045166 -481.207580566 -445.291259766 -481.720764160 -441.283660889 -549.025695801 308.898925781 485.870422363 -516.598327637 229.671112061 722.352600098 719.749694824 138.820068359 561.880187988 -4.088777542 -335.560028076 -472.188293457 -465.582458496 -462.762695312 -450.310974121 -472.246368408 -547.423461914 297.127593994 486.478485107 -509.536132812 229.582351685 717.061523438 -944.710998535 -662.646484375 -832.556579590 377.487487793 853.470397949 -1026.644287109 420.728057861 1068.334960938 865.648559570 154.002090454 1079.662597656 -276.748565674 -582.268493652 -694.498229980 -709.067138672 -655.407531738
-490.283294678 -459.940063477 -534.498962402 311.466949463 483.672058105 -509.457550049 215.642608643 715.840454102 720.380493164 137.422424316 565.171447754 -22.926923752 -322.671417236 -471.824096680 -482.134368896 -446.149719238 -482.922302246 -441.738006592 -550.272338867 308.929016113 486.539062500 -517.608215332 230.483215332 723.478637695 720.996948242 138.818191528 562.677124023 -4.555010319 -336.434387207 -472.776611328 -466.637939453 -463.462493896 -451.598663330 -472.547546387 -548.680541992 297.266601562 487.141998291 -510.562652588 230.385421753 718.213562012 -943.139221191 -661.566284180 -830.532836914 376.569915771 852.504028320 -1025.481811523 420.038269043 1066.435302734 863.390502930 153.599258423 1077.527221680 -276.201232910 -580.908630371 -692.928039551 -707.564208984 -654.034545898
-491.475952148 -460.316406250 -535.784851074 311.450622559 484.344299316 -510.483337402 216.523620605 716.964294434 721.629089355 137.450012207 565.966003418 -23.361877441 -323.592346191 -472.381164551 -483.060974121 -447.008209229 -484.124420166 -442.190002441 -551.518737793 308.955749512 487.207305908 -518.618408203 231.297317505 724.602905273 722.243896484 138.814712524 563.472106934 -5.024446487 -337.309509277 -473.363372803 -467.693847656 -464.161621094 -452.886901855 -472.845428467 -549.937622070 297.402801514 487.805053711 -511.589538574 231.190475464 719.363891602 -941.567504883 -660.486022949 -828.509094238 375.652343750 851.537597656 -1024.319335938 419.348327637 1064.535644531 861.132446289 153.196441650 1075.391845703 -275.653869629 -579.548828125 -691.357727051 -706.061340332 -652.661499023
-492.669097900 -460.690155029 -537.070434570 311.430633545 485.016082764 -511.509521484 217.406799316 718.086120605 722.877441406 137.476043701 566.758789062 -23.799697876 -324.514129639 -472.936279297 -483.987396240 -447.866760254 -485.327148438 -442.639709473 -552.764953613 308.979156494 487.875091553 -519.628967285 232.113388062 725.725463867 723.490600586 138.809600830 564.265075684 -5.497072697 -338.185394287 -473.948486328 -468.750122070 -464.860015869 -454.175659180 -473.140075684 -551.194763184 297.536193848 488.467620850 -512.616821289 231.997528076 720.512451172 -939.995788574 -659.405639648 -826.485351562 374.734741211 850.571228027 -1023.156860352 418.658203125 1062.636108398 858.874389648 152.793640137 1073.256469727 -275.106506348 -578.189147949 -689.787353516 -704.558532715 -651.288452148
-493.862823486 -461.061340332 -538.355651855 311.406921387 485.687408447 -512.536071777 218.292144775 719.205871582 724.125488281 137.500549316 567.549865723 -24.240373611 -325.436767578 -473.489410400 -484.913665771 -448.725280762 -486.530456543 -443.087066650 -554.010986328 308.999206543 488.542449951 -520.639831543 232.931411743 726.846191406 724.736938477 138.802871704 565.056091309 -5.972874641 -339.062011719 -474.532012939 -469.806793213 -465.557769775 -455.464935303 -473.431457520 -552.451904297 297.666809082 489.129699707 -513.644470215 232.806564331 721.659301758 -938.424194336 -658.325195312 -824.461608887 373.817169189 849.604858398 -1021.994384766 417.967895508 1060.736572266 856.616333008 152.390853882 1071.121093750 -274.559173584 -576.829589844 -688.216857910 -703.055786133 -649.915283203
-495.057037354 -461.429901123 -539.640563965 311.379577637 486.358276367 -513.562988281 219.179656982 720.323608398 725.373229980 137.523483276 568.339111328 -24.683893204 -326.360321045 -474.040557861 -485.839752197 -449.583862305 -487.734313965 -443.532104492 -555.256774902 309.015869141 489.209350586 -521.651000977 233.751419067 727.965209961 725.982971191 138.794509888 565.845031738 -6.451836109 -339.939392090 -475.113922119 -470.863891602 -466.254791260 -456.754730225 -473.719543457 -553.709045410 297.794616699 489.791320801 -514.672485352 233.617568970 722.804382324 -936.852600098 -657.244689941 -822.437866211 372.899566650 848.638427734 -1020.831909180 417.277435303 1058.837158203 854.358276367 151.988082886 1068.985717773 -274.011810303 -575.470092773 -686.646240234 -701.553100586 -648.542053223
-496.251800537 -461.795837402 -540.925048828 311.348510742 487.028686523 -514.590332031 220.069305420 721.439331055 726.620788574 137.544876099 569.126525879 -25.130241394 -327.284698486 -474.589691162 -486.765655518 -450.442443848 -488.938781738 -443.974822998 -556.502319336 309.029205322 489.875823975 -522.662475586 234.573364258 729.082397461 727.228698730 138.784515381 566.631835938 -6.933938980 -340.817504883 -475.694183350 -471.921386719 -466.951141357 -458.045013428 -474.004364014 -554.966186523 297.919586182 490.452453613 -515.700866699 234.430572510 723.947753906 -935.281066895 -656.164123535 -820.414062500 371.981994629 847.672058105 -1019.669433594 416.586822510 1056.937866211 852.100219727 151.585327148 1066.850341797 -273.464447021 -574.110778809 -685.075561523 -700.050476074 -647.168762207
-497.447052002 -462.159210205 -542.209228516 311.313751221 487.698608398 -515.617980957 220.961090088 722.552978516 727.867980957 137.564682007 569.911987305 -25.579399109 -328.209991455 -475.136840820 -487.691375732 -451.301055908 -490.143798828 -444.415191650 -557.747619629 309.039154053 490.541839600 -523.674316406 235.397277832 730.197814941 728.474121094 138.772857666 567.416503906 -7.419164658 -341.696380615 -476.272796631 -472.979278564 -467.646789551 -459.335784912 -474.285919189 -556.223327637 298.041748047 491.113098145 -516.729614258 235.245513916 725.089416504 -933.709594727 -655.083435059 -818.390319824 371.064392090 846.705688477 -1018.506958008 415.896026611 1055.038452148 849.842163086 151.182601929 1064.714965820 -272.917083740 -572.751525879 -683.504760742 -698.547912598 -645.795471191
-498.642822266 -462.519958496 -543.493041992 311.275299072 488.368103027 -516.646057129 221.855010986 723.664672852 729.114929199 137.582916260 570.695556641 -26.031362534 -329.136138916 -475.681945801 -488.616943359 -452.159667969 -491.349395752 -444.853210449 -558.992614746 309.045715332 491.207427979 -524.686401367 236.223114014 731.311462402 729.719177246 138.759521484 568.198913574 -7.907494545 -342.576019287 -476.849761963 -474.037567139 -468.341705322 -460.627044678 -474.564208984 -557.480468750 298.161071777 491.773284912 -517.758789062 236.062438965 726.229309082 -932.138183594 -654.002685547 -816.366577148 370.146820068 845.739257812 -1017.344482422 415.205078125 1053.139282227 847.584045410 150.779876709 1062.579589844 -272.369750977 -571.392395020 -681.933898926 -697.045349121 -644.422058105
-499.839111328 -462.878112793 -544.776428223 311.233123779 489.037109375 -517.674438477 222.751068115 724.774230957 730.361633301 137.599563599 571.477172852 -26.486131668 -330.063171387 -476.225036621 -489.542327881 -453.018280029 -492.555541992 -445.288909912 -560.237426758 309.048889160 491.872558594 -525.698852539 237.050888062 732.423339844 730.963989258 138.744522095 568.979125977 -8.398911476 -343.456420898 -477.425079346 -475.096252441 -469.035919189 -461.918792725 -474.839233398 -558.737609863 298.277587891 492.432983398 -518.788269043 236.881301880 727.367431641 -930.566833496 -652.921875000 -814.342834473 369.229248047 844.772888184 -1016.182006836 414.513977051 1051.239990234 845.325988770 150.377182007 1060.444213867 -271.822387695 -570.033386230 -680.362915039 -695.542907715 -643.048583984
-501.035888672 -463.233642578 -546.059448242 311.187225342 489.705688477 -518.703186035 223.649246216 725.881835938 731.608032227 137.614608765 572.256835938 -26.943704605 -330.991088867 -476.766082764 -490.467529297 -453.876922607 -493.762268066 -445.722259521 -561.481933594 309.048645020 492.537231445 -526.711608887 237.880599976 733.533447266 732.208435059 138.727828979 569.757080078 -8.893409729 -344.337585449 -477.998748779 -476.155334473 -469.729461670 -463.210998535 -475.110961914 -559.994750977 298.391235352 493.092163086 -519.818054199 237.702117920 728.503906250 -928.995544434 -651.840942383 -812.319091797 368.311645508 843.806518555 -1015.019470215 413.822692871 1049.340942383 843.067932129 149.974487305 1058.308837891 -271.275024414 -568.674499512 -678.791809082 -694.040466309 -641.675048828
-502.233154297 -463.586578369 -547.342041016 311.137603760 490.373748779 -519.732360840 224.549530029 726.987365723 732.854125977 137.628036499 573.034545898 -27.404085159 -331.919891357 -477.305084229 -491.392578125 -454.735565186 -494.969512939 -446.153289795 -562.726196289 309.044982910 493.201477051 -527.724670410 238.712219238 734.641723633 733.452514648 138.709442139 570.532714844 -9.390987396 -345.219482422 -478.570709229 -477.214813232 -470.422241211 -464.503692627 -475.379455566 -561.251831055 298.502044678 493.750885010 -520.848266602 238.524856567 729.638549805 -927.424316406 -650.759948730 -810.295349121 367.394073486 842.840087891 -1013.856994629 413.131256104 1047.441772461 840.809875488 149.571823120 1056.173461914 -270.727661133 -567.315734863 -677.220642090 -692.538146973 -640.301513672
-503.430908203 -463.936889648 -548.624328613 311.084228516 491.041381836 -520.761840820 225.451934814 728.090881348 734.099914551 137.639846802 573.810241699 -27.867271423 -332.849548340 -477.842041016 -492.317413330 -455.594207764 -496.177337646 -446.581970215 -563.970153809 309.037933350 493.865234375 -528.737976074 239.545761108 735.748291016 734.696289062 138.689346313 571.306030273 -9.891642570 -346.102172852 -479.140991211 -478.274719238 -471.114349365 -465.796813965 -475.644653320 -562.508911133 298.609985352 494.409118652 -521.878784180 239.349533081 730.771484375 -925.853088379 -649.678894043 -808.271606445 366.476470947 841.873718262 -1012.694519043 412.439636230 1045.542846680 838.551757812 149.169174194 1054.038085938 -270.180328369 -565.957092285 -675.649353027 -691.035827637 -638.927856445
-504.629180908 -464.284576416 -549.906250000 311.027130127 491.708526611 -521.791687012 226.356445312 729.192382812 735.345458984 137.650024414 574.583923340 -28.333263397 -333.780090332 -478.376922607 -493.242095947 -456.452819824 -497.385711670 -447.008300781 -565.213806152 309.027435303 494.528564453 -529.751647949 240.381210327 736.853027344 735.939758301 138.667526245 572.077087402 -10.395374298 -346.985626221 -479.709594727 -479.335021973 -471.805694580 -467.090393066 -475.906555176 -563.765930176 298.715057373 495.066864014 -522.909667969 240.176147461 731.902709961 -924.281982422 -648.597717285 -806.247802734 365.558898926 840.907348633 -1011.532043457 411.747863770 1043.643798828 836.293701172 148.766540527 1051.902709961 -269.632965088 -564.598510742 -674.078002930 -689.533569336 -637.554138184
-505.827880859 -464.629638672 -551.187927246 310.966247559 492.375213623 -522.821838379 227.263046265 730.291870117 736.590698242 137.658538818 575.355651855 -28.802061081 -334.711517334 -478.909759521 -494.166595459 -457.311462402 -498.594604492 -447.432281494 -566.457153320 309.013488770 495.191467285 -530.765563965 241.218551636 737.955993652 737.182922363 138.643951416 572.845703125 -10.902179718 -347.869842529 -480.276519775 -480.395721436 -472.496368408 -468.384399414 -476.165222168 -565.022888184 298.817291260 495.724121094 -523.940917969 241.004653931 733.032165527 -922.710876465 -647.516540527 -804.224060059 364.641326904 839.940917969 -1010.369567871 411.055908203 1041.744995117 834.035583496 148.363922119 1049.767333984 -269.085601807 -563.240051270 -672.506530762 -688.031372070 -636.180358887
-507.027099609 -464.972106934 -552.469238281 310.901641846 493.041412354 -523.852355957 228.171737671 731.389343262 737.835632324 137.665405273 576.125244141 -29.273668289 -335.643798828 -479.440460205 -495.090911865 -458.170074463 -499.804046631 -447.853912354 -567.700195312 308.996124268 495.853881836 -531.779785156 242.057800293 739.057189941 738.425659180 138.618637085 573.611999512 -11.412058830 -348.754821777 -480.841705322 -481.456817627 -473.186279297 -469.678863525 -476.420593262 -566.279846191 298.916625977 496.380859375 -524.972473145 241.835083008 734.159851074 -921.139892578 -646.435241699 -802.200317383 363.723724365 838.974548340 -1009.207092285 410.363800049 1039.846069336 831.777526855 147.961303711 1047.631958008 -268.538238525 -561.881774902 -670.934936523 -686.529235840 -634.806579590
-508.226776123 -465.311920166 -553.750244141 310.833221436 493.707153320 -524.883239746 229.082504272 732.484802246 739.080261230 137.670593262 576.892883301 -29.748079300 -336.576965332 -479.969085693 -496.015045166 -459.028686523 -501.014007568 -448.273193359 -568.942871094 308.975250244 496.515838623 -532.794311523 242.898925781 740.156616211 739.668090820 138.591552734 574.375915527 -11.925007820 -349.640563965 -481.405181885 -482.518341064 -473.875488281 -470.973754883 -476.672698975 -567.536743164 299.013061523 497.037109375 -526.004333496 242.667419434 735.285827637 -919.568908691 -645.353820801 -800.176574707 362.806152344 838.008178711 -1008.044616699 409.671508789 1037.947387695 829.519409180 147.558715820 1045.496582031 -267.990905762 -560.523559570 -669.363281250 -685.027160645 -633.432678223
-509.426910400 -465.649139404 -555.031005859 310.761047363 494.372406006 -525.914489746 229.995361328 733.578186035 740.324584961 137.674102783 577.658386230 -30.225299835 -337.511047363 -480.495605469 -496.938995361 -459.887268066 -502.224517822 -448.690155029 -570.185241699 308.950958252 497.177337646 -533.809082031 243.741928101 741.254211426 740.910217285 138.562683105 575.137451172 -12.441026688 -350.527099609 -481.966918945 -483.580261230 -474.563964844 -472.269042969 -476.921508789 -568.793518066 299.106597900 497.692901611 -527.036560059 243.501647949 736.410034180 -917.997985840 -644.272399902 -798.152832031 361.888549805 837.041748047 -1006.882080078 408.979095459 1036.048583984 827.261352539 147.156143188 1043.361206055 -267.443542480 -559.165405273 -667.791564941 -683.525146484 -632.058715820
-510.627502441 -465.983734131 -556.311462402 310.685089111 495.037200928 -526.945983887 230.910293579 734.669616699 741.568603516 137.675903320 578.421875000 -30.705327988 -338.445983887 -481.020019531 -497.862792969 -460.745849609 -503.435546875 -449.104736328 -571.427246094 308.923156738 497.838378906 -534.824157715 244.586807251 742.350036621 742.151916504 138.532012939 575.896545410 -12.960111618 -351.414398193 -482.526916504 -484.642608643 -475.251678467 -473.564758301 -477.167053223 -570.050292969 299.197235107 498.348144531 -528.069152832 244.337753296 737.532531738 -916.427124023 -643.190856934 -796.129089355 360.970977783 836.075378418 -1005.719604492 408.286468506 1034.150024414 825.003234863 146.753585815 1041.225830078 -266.896179199 -557.807434082 -666.219665527 -682.023193359 -630.684753418
-511.828521729 -466.315673828 -557.591674805 310.605285645 495.701507568 -527.977905273 231.827301025 735.759033203 742.812316895 137.675979614 579.183227539 -31.188163757 -339.381774902 -481.542266846 -498.786407471 -461.604431152 -504.647094727 -449.516967773 -572.668945312 308.891876221 498.498962402 -535.839477539 245.433547974 743.444091797 743.393310547 138.499526978 576.653198242 -13.482262611 -352.302459717 -483.085174561 -485.705352783 -475.938690186 -474.860900879 -477.409332275 -571.307006836 299.284973145 499.002929688 -529.101989746 245.175750732 738.653259277 -914.856262207 -642.109252930 -794.105346680 360.053405762 835.109008789 -1004.557128906 407.593688965 1032.251342773 822.745178223 146.351043701 1039.090454102 -266.348815918 -556.449584961 -664.647705078 -680.521240234 -629.310668945
-513.030029297 -466.644989014 -558.871643066 310.521697998 496.365325928 -529.010070801 232.746353149 736.846374512 744.055725098 137.674316406 579.942443848 -31.673805237 -340.318481445 -482.062408447 -499.709838867 -462.462982178 -505.859191895 -449.926849365 -573.910217285 308.857086182 499.159057617 -536.855041504 246.282150269 744.536315918 744.634399414 138.465209961 577.407409668 -14.007476807 -353.191314697 -483.641662598 -486.768524170 -476.624969482 -476.157440186 -477.648315430 -572.563598633 299.369781494 499.657196045 -530.135192871 246.015625000 739.772277832 -913.285522461 -641.027526855 -792.081542969 359.135803223 834.142578125 -1003.394653320 406.900756836 1030.352905273 820.487060547 145.948501587 1036.954956055 -265.801483154 -555.091796875 -663.075683594 -679.019409180 -627.936584473
-514.231994629 -466.971679688 -560.151367188 310.434295654 497.028686523 -530.042602539 233.667480469 737.931762695 745.298828125 137.670913696 580.699523926 -32.162258148 -341.256072998 -482.580383301 -500.633087158 -463.321502686 -507.071746826 -450.334350586 -575.151123047 308.818786621 499.818725586 -537.870971680 247.132614136 745.626831055 745.875122070 138.429031372 578.159118652 -14.535752296 -354.080963135 -484.196380615 -487.832092285 -477.310516357 -477.454345703 -477.884033203 -573.820129395 299.451660156 500.310974121 -531.168701172 246.857345581 740.889465332 -911.714782715 -639.945800781 -790.057800293 358.218231201 833.176208496 -1002.232177734 406.207672119 1028.454345703 818.228942871 145.545989990 1034.819580078 -265.254119873 -553.734191895 -661.503479004 -677.517578125 -626.562377930
-515.434326172 -467.295715332 -561.430847168 310.343048096 497.691528320 -531.075439453 234.590652466 739.015197754 746.541625977 137.665725708 581.454467773 -32.653514862 -342.194519043 -483.096191406 -501.556152344 -464.180023193 -508.284851074 -450.739532471 -576.391662598 308.776947021 500.477874756 -538.887084961 247.984909058 746.715515137 747.115600586 138.390975952 578.908325195 -15.067086220 -354.971374512 -484.749328613 -488.896118164 -477.995330811 -478.751678467 -478.116485596 -575.076599121 299.530578613 500.964233398 -532.202514648 247.700942993 742.005004883 -910.144165039 -638.863952637 -788.034057617 357.300628662 832.209838867 -1001.069702148 405.514404297 1026.556030273 815.970825195 145.143478394 1032.684204102 -264.706756592 -552.376647949 -659.931274414 -676.015808105 -625.188110352
-516.637145996 -467.617126465 -562.710144043 310.247955322 498.353912354 -532.108642578 235.515869141 740.096557617 747.784118652 137.658752441 582.207275391 -33.147583008 -343.133880615 -483.609832764 -502.479064941 -465.038482666 -509.498443604 -451.142303467 -577.631835938 308.731597900 501.136596680 -539.903503418 248.839050293 747.802368164 748.355895996 138.351013184 579.655029297 -15.601476669 -355.862579346 -485.300476074 -489.960540771 -478.679382324 -480.049377441 -478.345642090 -576.332946777 299.606567383 501.617004395 -533.236694336 248.546386719 743.118713379 -908.573547363 -637.781982422 -786.010314941 356.383056641 831.243408203 -999.907226562 404.820953369 1024.657592773 813.712707520 144.740997314 1030.548828125 -264.159393311 -551.019226074 -658.358886719 -674.514160156 -623.813842773
-517.840393066 -467.935882568 -563.989196777 310.149017334 499.015808105 -533.142089844 236.443130493 741.175964355 749.026428223 137.649963379 582.957885742 -33.644458771 -344.074096680 -484.121276855 -503.401794434 -465.896942139 -510.712524414 -451.542755127 -578.871520996 308.682678223 501.794830322 -540.920104980 249.695022583 748.887512207 749.596008301 138.309143066 580.399230957 -16.138923645 -356.754577637 -485.849822998 -491.025390625 -479.362701416 -481.347442627 -478.571502686 -577.589172363 299.679595947 502.269256592 -534.271118164 249.393692017 744.230712891 -907.002990723 -636.700012207 -783.986572266 355.465484619 830.277038574 -998.744750977 404.127349854 1022.759338379 811.454650879 144.338516235 1028.413452148 -263.612030029 -549.661926270 -656.786437988 -673.012512207 -622.439514160
-519.044006348 -468.252014160 -565.268005371 310.046234131 499.677215576 -534.175903320 237.372436523 742.253356934 750.268676758 137.639343262 583.706298828 -34.144142151 -345.015228271 -484.630523682 -504.324371338 -466.755371094 -511.927124023 -451.940826416 -580.110839844 308.630187988 502.452606201 -541.937011719 250.552810669 749.970825195 750.836120605 138.265304565 581.140808105 -16.679420471 -357.647369385 -486.397369385 -492.090667725 -480.045288086 -482.645874023 -478.794128418 -578.845275879 299.749664307 502.921020508 -535.305847168 250.242813110 745.341003418 -905.432495117 -635.617919922 -781.962829590 354.547882080 829.310668945 -997.582214355 403.433593750 1020.861083984 809.196533203 143.936050415 1026.278076172 -263.064697266 -548.304687500 -655.213928223 -671.510864258 -621.065063477
-520.248107910 -468.565490723 -566.546630859 309.939544678 500.338134766 -535.209960938 238.303771973 743.328796387 751.510803223 137.626876831 584.452514648 -34.646633148 -345.957214355 -485.137573242 -505.246765137 -467.613769531 -513.142211914 -452.336517334 -581.349731445 308.574157715 503.109893799 -542.954162598 251.412429810 751.052307129 752.076232910 138.219497681 581.879882812 -17.222969055 -358.540954590 -486.943084717 -493.156402588 -480.727111816 -483.944702148 -479.013427734 -580.101318359 299.816741943 503.572235107 -536.340881348 251.093780518 746.449523926 -903.862060547 -634.535766602 -779.939086914 353.630310059 828.344238281 -996.419738770 402.739654541 1018.962951660 806.938415527 143.533599854 1024.142700195 -262.517333984 -546.947631836 -653.641235352 -670.009338379 -619.690612793
-521.452575684 -468.876312256 -567.825134277 309.828979492 500.998565674 -536.244384766 239.237136841 744.402221680 752.753051758 137.612518311 585.196472168 -35.151931763 -346.900085449 -485.642364502 -506.168975830 -468.472137451 -514.357788086 -452.729858398 -582.588195801 308.514526367 503.766693115 -543.971557617 252.273849487 752.132080078 753.316467285 138.171707153 582.616333008 -17.769565582 -359.435302734 -487.486968994 -494.222564697 -481.408203125 -485.243865967 -479.229492188 -581.357238770 299.880828857 504.222991943 -537.376220703 251.946563721 747.556274414 -902.291687012 -633.453552246 -777.915283203 352.712707520 827.377868652 -995.257263184 402.045562744 1017.064819336 804.680297852 143.131164551 1022.007385254 -261.969970703 -545.590637207 -652.068542480 -668.507873535 -618.316101074
-522.657470703 -469.184478760 -569.103454590 309.714508057 501.658508301 -537.279052734 240.172515869 745.473693848 753.995422363 137.596252441 585.938171387 -35.660041809 -347.843872070 -486.144927979 -507.091064453 -469.330474854 -515.573852539 -453.120819092 -583.826171875 308.451293945 504.423034668 -544.989196777 253.137084961 753.210021973 754.557006836 138.121871948 583.350158691 -18.319208145 -360.330474854 -488.029022217 -495.289154053 -482.088562012 -486.543395996 -479.442230225 -582.612976074 299.941925049 504.873199463 -538.411865234 252.801162720 748.661315918 -900.721313477 -632.371276855 -775.891540527 351.795135498 826.411437988 -994.094787598 401.351287842 1015.166809082 802.422180176 142.728744507 1019.872009277 -261.422607422 -544.233825684 -650.495666504 -667.006408691 -616.941467285
-523.862792969 -469.490020752 -570.381591797 309.596130371 502.317932129 -538.314025879 241.109939575 746.543212891 755.238220215 137.578063965 586.677612305 -36.170955658 -348.788513184 -486.645263672 -508.012939453 -470.188751221 -516.790344238 -453.509429932 -585.063720703 308.384460449 505.078887939 -546.007080078 254.002105713 754.286132812 755.798034668 138.069976807 584.081359863 -18.871891022 -361.226470947 -488.569213867 -496.356231689 -482.768157959 -487.843292236 -479.651733398 -583.868652344 300.000000000 505.522888184 -539.447753906 253.657577515 749.764526367 -899.151062012 -631.288879395 -773.867797852 350.877563477 825.445068359 -992.932312012 400.656860352 1013.268798828 800.164062500 142.326339722 1017.736633301 -260.875244141 -542.877075195 -648.922729492 -665.505004883 -615.566833496
-525.068420410 -469.792877197 -571.659606934 309.473846436 502.976898193 -539.349304199 242.049362183 747.610778809 756.481445312 137.557922363 587.414733887 -36.684680939 -349.734069824 -487.143310547 -508.934692383 -471.047027588 -518.007385254 -453.895629883 -586.300781250 308.313964844 505.734252930 -547.025146484 254.868911743 755.360473633 757.039672852 138.016006470 584.809936523 -19.427616119 -362.123229980 -489.107513428 -497.423736572 -483.447021484 -489.143493652 -479.857940674 -585.124145508 300.055084229 506.172088623 -540.483947754 254.515777588 750.866088867 -897.580810547 -630.206420898 -771.844055176 349.959960938 824.478698730 -991.769836426 399.962249756 1011.370849609 797.905883789 141.923950195 1015.601196289 -260.327911377 -541.520446777 -647.349731445 -664.003723145 -614.192138672
-526.274536133 -470.093078613 -572.937500000 309.347595215 503.635345459 -540.384887695 242.990814209 748.676330566 757.725402832 137.535812378 588.149597168 -37.201210022 -350.680511475 -487.639099121 -509.856262207 -471.905273438 -519.224853516 -454.279479980 -587.537292480 308.239868164 506.389160156 -548.043518066 255.737518311 756.433044434 758.282165527 137.959915161 585.535766602 -19.986379623 -363.020812988 -489.643951416 -498.491699219 -484.125122070 -490.444061279 -480.060852051 -586.379455566 300.107116699 506.820770264 -541.520446777 255.375793457 751.965820312 -896.010620117 -629.123901367 -769.820312500 349.042388916 823.512268066 -990.607360840 399.267486572 1009.473022461 795.647766113 141.521560669 1013.465820312 -259.780548096 -540.163940430 -645.776550293 -662.502441406 -612.817382812
-527.480957031 -470.390625000 -574.215332031 309.217407227 504.293304443 -541.420715332 243.934265137 749.739990234 758.970336914 137.511703491 588.882141113 -37.720550537 -351.627838135 -488.132598877 -510.777709961 -472.763458252 -520.442810059 -454.660949707 -588.773376465 308.162109375 507.043548584 -549.062072754 256.607879639 757.503845215 759.525878906 137.901702881 586.258972168 -20.548177719 -363.919189453 -490.178466797 -499.560119629 -484.802490234 -491.744964600 -480.260498047 -587.634643555 300.156097412 507.468933105 -542.557189941 256.237579346 753.063903809 -894.440490723 -628.041259766 -767.796569824 348.124786377 822.545898438 -989.444885254 398.572570801 1007.575195312 793.389648438 141.119186401 1011.330444336 -259.233184814 -538.807495117 -644.203369141 -661.001220703 -611.442565918
-528.687805176 -470.685516357 -575.493041992 309.083282471 504.950775146 -542.456848145 244.879730225 750.801635742 760.216552734 137.485580444 589.612304688 -38.242698669 -352.576049805 -488.623779297 -511.698974609 -473.621643066 -521.661254883 -455.040039062 -590.008972168 308.080657959 507.697479248 -550.080810547 257.480010986 758.572814941 760.771179199 137.841308594 586.979431152 -21.113008499 -364.818389893 -490.711120605 -500.629028320 -485.479095459 -493.046203613 -480.456848145 -588.889709473 300.202056885 508.116546631 -543.594238281 257.101165771 754.160156250 -892.870422363 -626.958618164 -765.772827148 347.207214355 821.579528809 -988.282348633 397.877471924 1005.677429199 791.131530762 140.716827393 1009.195068359 -258.685821533 -537.451232910 -642.630004883 -659.500000000 -610.067687988
-529.895019531 -470.977722168 -576.770751953 308.945159912 505.607727051 -543.493286133 245.827194214 751.861389160 761.464477539 137.457443237 590.340148926 -38.767650604 -353.525146484 -489.112640381 -512.620117188 -474.479766846 -522.880126953 -455.416717529 -591.244018555 307.995544434 508.350891113 -551.099853516 258.353912354 759.640014648 762.018554688 137.778762817 587.697143555 -21.680868149 -365.718414307 -491.241821289 -501.698425293 -486.154968262 -494.347747803 -480.649932861 -590.144531250 300.244934082 508.763671875 -544.631530762 257.966522217 755.254699707 -891.300354004 -625.875854492 -763.749023438 346.289642334 820.613098145 -987.119873047 397.182189941 1003.779785156 788.873413086 140.314483643 1007.059692383 -258.138458252 -536.095031738 -641.056579590 -657.998901367 -608.692749023
-531.102600098 -471.267272949 -578.048400879 308.803039551 506.264160156 -544.529968262 246.776672363 752.919189453 762.714660645 137.427276611 591.065612793 -39.295413971 -354.475158691 -489.599182129 -513.541076660 -475.337860107 -524.099426270 -455.791046143 -592.478515625 307.906707764 509.003845215 -552.119018555 259.229583740 760.705444336 763.268615723 137.714050293 588.412109375 -22.251754761 -366.619232178 -491.770599365 -502.768310547 -486.830108643 -495.649627686 -480.839752197 -591.399230957 300.284729004 509.410247803 -545.669067383 258.833618164 756.347473145 -889.730407715 -624.793029785 -761.725280762 345.372039795 819.646728516 -985.957397461 396.486755371 1001.882141113 786.615234375 139.912155151 1004.924316406 -257.591125488 -534.739013672 -639.483032227 -656.497802734 -607.317810059
-532.310546875 -471.554138184 -579.326049805 308.656921387 506.920135498 -545.566894531 247.728134155 753.975097656 763.967712402 137.395111084 591.788696289 -39.825981140 -355.426055908 -490.083374023 -514.461914062 -476.195953369 -525.319213867 -456.162994385 -593.712463379 307.814178467 509.656280518 -553.138427734 260.106994629 761.769042969 764.522216797 137.647201538 589.124267578 -22.825666428 -367.520874023 -492.297424316 -503.838684082 -487.504486084 -496.951812744 -481.026275635 -592.653747559 300.321411133 510.056335449 -546.706909180 259.702484131 757.438476562 -888.160461426 -623.710083008 -759.701538086 344.454467773 818.680358887 -984.794921875 395.791168213 999.984619141 784.357116699 139.509826660 1002.788940430 -257.043762207 -533.383056641 -637.909423828 -654.996826172 -605.942749023
-533.518859863 -471.838348389 -580.603759766 308.506805420 507.575561523 -546.604125977 248.681610107 755.029052734 765.224670410 137.361038208 592.509338379 -40.359355927 -356.377868652 -490.565216064 -515.382629395 -477.053985596 -526.539428711 -456.532531738 -594.945861816 307.717895508 510.308227539 -554.158081055 260.986145020 762.830871582 765.780517578 137.578308105 589.833618164 -23.402599335 -368.423339844 -492.822296143 -504.909545898 -488.178100586 -498.254333496 -481.209503174 -593.908020020 300.355010986 510.701873779 -547.744995117 260.573120117 758.527770996 -886.590576172 -622.627136230 -757.677795410 343.536865234 817.713928223 -983.632446289 395.095397949 998.087097168 782.098999023 139.107513428 1000.653564453 -256.496398926 -532.027221680 -636.335693359 -653.495849609 -604.567626953
-534.727539062 -472.119873047 -581.881530762 308.352630615 508.230499268 -547.641540527 249.637069702 756.081115723 766.486938477 137.325180054 593.227539062 -40.895534515 -357.330657959 -491.044738770 -516.303222656 -477.911987305 -527.760070801 -456.899688721 -596.178710938 307.617889404 510.959686279 -555.177856445 261.867004395 763.890869141 767.045410156 137.507568359 590.540222168 -23.982549667 -369.326629639 -493.345214844 -505.980957031 -488.851013184 -499.557159424 -481.389465332 -595.162170410 300.385498047 511.346893311 -548.783264160 261.445495605 759.615356445 -885.020751953 -621.544067383 -755.654052734 342.619293213 816.747558594 -982.469970703 394.399475098 996.189636230 779.840820312 138.705215454 998.518188477 -255.949035645 -530.671508789 -634.761901855 -651.994934082 -603.192504883
-535.936523438 -472.398712158 -583.159362793 308.194427490 508.884948730 -548.679321289 250.594528198 757.131286621 767.756774902 137.287887573 593.943298340 -41.434524536 -358.284393311 -491.521850586 -517.223693848 -478.769958496 -528.981201172 -457.264434814 -597.411010742 307.514068604 511.610656738 -556.197875977 262.749603271 764.949096680 768.319763184 137.435409546 591.243896484 -24.565515518 -370.230773926 -493.866119385 -507.052886963 -489.523162842 -500.860290527 -481.566131592 -596.416076660 300.412841797 511.991363525 -549.821838379 262.319580078 760.701171875 -883.450988770 -620.460937500 -753.630310059 341.701721191 815.781127930 -981.307495117 393.703369141 994.292297363 777.582702637 138.302932739 996.382812500 -255.401687622 -529.315917969 -633.187988281 -650.494079590 -601.817260742
-537.145874023 -472.674896240 -584.437377930 308.032165527 509.538848877 -549.717285156 251.553985596 758.179565430 769.037963867 137.249908447 594.656555176 -41.976314545 -359.239135742 -491.996643066 -518.143981934 -479.627899170 -530.202697754 -457.626831055 -598.642639160 307.406494141 512.261108398 -557.218078613 263.633941650 766.005554199 769.608886719 137.362899780 591.944763184 -25.151494980 -371.135711670 -494.385009766 -508.125335693 -490.194580078 -502.163726807 -481.739532471 -597.669799805 300.437072754 512.635314941 -550.860656738 263.195434570 761.785217285 -881.881286621 -619.377746582 -751.606567383 340.784118652 814.814758301 -980.145019531 393.007110596 992.394958496 775.324523926 137.900650024 994.247436523 -254.854324341 -527.960388184 -631.613952637 -648.993225098 -600.442016602
-538.355529785 -472.948364258 -585.715576172 307.865814209 510.192260742 -550.755493164 252.515426636 759.225952148 770.339111328 137.213424683 595.367370605 -42.520912170 -360.194854736 -492.469024658 -519.064208984 -480.485809326 -531.424682617 -457.986785889 -599.873718262 307.295104980 512.911071777 -558.238525391 264.519989014 767.060180664 770.922790527 137.293457031 592.642700195 -25.740480423 -372.041503906 -494.901916504 -509.198333740 -490.865264893 -503.467437744 -481.909637451 -598.923278809 300.458099365 513.278747559 -551.899719238 264.072967529 762.867492676 -880.311645508 -618.294494629 -749.582763672 339.866546631 813.848388672 -978.982543945 392.310699463 990.497741699 773.066406250 137.498397827 992.112060547 -254.306961060 -526.605041504 -630.039855957 -647.492492676 -599.066711426
-539.565551758 -473.219177246 -586.993957520 307.695373535 510.845153809 -551.794006348 253.478851318 760.270446777 770.339111328 137.213424683 596.075683594 -43.068313599 -361.151611328 -492.939056396 -519.984313965 -481.343688965 -532.647094727 -458.344390869 -601.104125977 307.179901123 513.560485840 -559.259094238 265.407714844 768.113037109 770.922790527 137.293457031 593.337707520 -26.332473755 -372.948120117 -495.416778564 -510.271881104 -491.535217285 -504.771484375 -482.076477051 -600.176513672 300.475982666 513.921630859 -552.939025879 264.952239990 763.948059082 -878.742004395 -617.211120605 -747.559020996 338.948944092 812.881958008 -977.820007324 391.614074707 988.600524902 773.066406250 137.498397827 989.976684570 -253.759613037 -525.249755859 -628.465637207 -645.991760254 -597.691345215
-540.775939941 -473.487274170 -588.272583008 307.520812988 511.497528076 -552.832702637 254.444274902 761.313110352 770.339111328 137.213424683 596.781433105 -43.618518829 -362.109405518 -493.406707764 -520.904296875 -482.201507568 -533.869873047 -458.699554443 -602.333923340 307.060852051 514.209472656 -560.279846191 266.297180176 769.164123535 770.922790527 137.293457031 594.029846191 -26.927467346 -373.855590820 -495.929595947 -511.345977783 -492.204406738 -506.075805664 -482.240020752 -601.429504395 300.490661621 514.563964844 -553.978576660 265.833221436 765.026916504 -877.172424316 -616.127685547 -745.535278320 338.031372070 811.915588379 -976.657531738 390.917327881 986.703369141 773.066406250 137.498397827 987.841308594 -253.212249756 -523.894592285 -626.891357422 -644.491088867 -596.315917969
-541.986572266 -473.752685547 -589.551574707 307.342132568 512.149414062 -553.871643066 255.411682129 762.353881836 770.339111328 137.213424683 597.484619141 -44.171527863 -363.068267822 -493.871917725 -521.824157715 -483.059326172 -535.093139648 -459.052337646 -603.563049316 306.937927246 514.857910156 -561.300781250 267.188293457 770.213378906 770.922790527 137.293457031 594.718994141 -27.525461197 -374.763885498 -496.440338135 -512.420654297 -492.872894287 -507.380432129 -482.400299072 -602.682312012 300.502136230 515.205810547 -555.018310547 266.715911865 766.104003906 -875.602905273 -615.044189453 -743.511535645 337.113800049 810.949218750 -975.495056152 390.220397949 984.806335449 773.066406250 137.498397827 985.705932617 -252.664886475 -522.539550781 -625.316955566 -642.990478516 -594.940429688
-543.197570801 -474.015380859 -590.830932617 307.159301758 512.800720215 -554.910827637 256.381103516 763.392883301 770.339111328 137.213424683 598.185241699 -44.727340698 -364.028167725 -494.334747314 -522.743896484 -483.917083740 -536.316772461 -459.402709961 -604.791564941 306.811096191 515.505859375 -562.321899414 268.081115723 771.260864258 770.922790527 137.293457031 595.405151367 -28.126449585 -375.673065186 -496.949005127 -513.495971680 -493.540679932 -508.685333252 -482.557281494 -603.934814453 300.510406494 515.847106934 -556.058288574 267.600280762 767.179321289 -874.033447266 -613.960632324 -741.487792969 336.196197510 809.982788086 -974.332580566 389.523284912 982.909301758 773.066406250 137.498397827 983.570556641 -252.117538452 -521.184631348 -623.742431641 -641.489929199 -593.564880371
-544.408874512 -474.275421143 -592.110717773 306.972320557 513.451599121 -555.950256348 257.352478027 764.429992676 770.339111328 137.213424683 598.883300781 -45.285957336 -364.989166260 -494.795166016 -523.663574219 -484.774841309 -537.540832520 -459.750671387 -606.019348145 306.680389404 516.153259277 -563.343200684 268.975616455 772.306579590 770.922790527 137.293457031 596.088317871 -28.730430603 -376.583068848 -497.455596924 -514.571838379 -494.207702637 -509.990509033 -482.710968018 -605.187072754 300.515441895 516.487854004 -557.098510742 268.486328125 768.252929688 -872.464050293 -612.877014160 -739.464050293 335.278625488 809.016418457 -973.170104980 388.826019287 981.012390137 773.066406250 137.498397827 981.435180664 -251.570175171 -519.829833984 -622.167846680 -639.989379883 -592.189270020
-545.620422363 -474.532714844 -593.391052246 306.781158447 514.101867676 -556.989929199 258.325866699 765.465332031 770.339111328 137.213424683 599.578735352 -45.847373962 -365.951293945 -495.253143311 -524.583129883 -485.632537842 -538.765258789 -460.096221924 -607.246459961 306.545745850 516.800170898 -564.364624023 269.871765137 773.350524902 770.922790527 137.293457031 596.768432617 -29.337400436 -377.493927002 -497.960052490 -515.648315430 -494.874023438 -511.295989990 -482.861389160 -606.439086914 300.517181396 517.128051758 -558.138916016 269.374053955 769.324829102 -870.894653320 -611.793273926 -737.440307617 334.361022949 808.049987793 -972.007629395 388.128601074 979.115478516 773.066406250 137.498397827 979.299804688 -251.022811890 -518.475158691 -620.593139648 -638.488952637 -590.813598633
-546.832336426 -474.787322998 -594.671936035 306.585784912 514.751647949 -558.029785156 259.301239014 766.498840332 770.339111328 137.213424683 600.271545410 -46.411594391 -366.914520264 -495.708679199 -525.502563477 -486.490203857 -539.990112305 -460.439392090 -608.472839355 306.407135010 517.446594238 -565.386230469 270.769592285 774.392639160 770.922790527 137.293457031 597.445556641 -29.947355270 -378.405639648 -498.462371826 -516.725463867 -495.539611816 -512.601745605 -483.008544922 -607.690795898 300.515686035 517.767700195 -559.179565430 270.263458252 770.394897461 -869.325378418 -610.709472656 -735.416503906 333.443450928 807.083618164 -970.845153809 387.430999756 977.218627930 773.066406250 137.498397827 977.164428711 -250.475463867 -517.120544434 -619.018310547 -636.988525391 -589.437927246
-548.044494629 -475.039245605 -595.953430176 306.386199951 515.400939941 -559.069885254 260.278594971 767.530517578 770.339111328 137.213424683 600.961669922 -46.978614807 -367.878875732 -496.161743164 -526.421936035 -487.347839355 -541.215393066 -460.780120850 -609.698486328 306.264556885 518.092468262 -566.407958984 271.669067383 775.432983398 770.922790527 137.293457031 598.119567871 -30.560289383 -379.318237305 -498.962554932 -517.803222656 -496.204498291 -513.907836914 -483.152404785 -608.942260742 300.510894775 518.406799316 -560.220397949 271.154510498 771.463317871 -867.756103516 -609.625610352 -733.392761230 332.525878906 806.117248535 -969.682678223 386.733245850 975.321899414 773.066406250 137.498397827 975.029052734 -249.928100586 -515.766113281 -617.443420410 -635.488159180 -588.062133789
-549.257019043 -475.288421631 -597.235717773 306.182403564 516.049682617 -560.110168457 261.257965088 768.560485840 770.339111328 137.213424683 601.649169922 -47.548435211 -368.844390869 -496.612365723 -527.341247559 -488.205474854 -542.441040039 -461.118438721 -610.923461914 306.117980957 518.737792969 -567.429870605 272.570190430 776.471496582 770.922790527 137.293457031 598.790466309 -31.176202774 -380.231689453 -499.460571289 -518.881652832 -496.868682861 -515.214172363 -483.292968750 -610.193420410 300.502777100 519.045349121 -561.261474609 272.047241211 772.529968262 -866.186889648 -608.541687012 -731.369018555 331.608276367 805.150817871 -968.520202637 386.035308838 973.425170898 773.066406250 137.498397827 972.893676758 -249.380737305 -514.411743164 -615.868469238 -633.987854004 -586.686340332
-550.469787598 -475.534912109 -598.518798828 305.974334717 516.697875977 -561.150695801 262.239318848 769.588623047 770.339111328 137.213424683 602.333923340 -48.121051788 -369.811096191 -497.060516357 -528.260498047 -489.063049316 -543.667053223 -461.454345703 -612.147644043 305.967346191 519.382629395 -568.451965332 273.472961426 777.508239746 770.922790527 137.293457031 599.458251953 -31.795087814 -381.146026611 -499.956390381 -519.960754395 -497.532165527 -516.520751953 -483.430267334 -611.444274902 300.491333008 519.683410645 -562.302673340 272.941589355 773.594848633 -864.617736816 -607.457702637 -729.345275879 330.690704346 804.184448242 -967.357666016 385.337188721 971.528564453 773.066406250 137.498397827 970.758300781 -248.833389282 -513.057495117 -614.293334961 -632.487609863 -585.310485840
-551.682800293 -475.778686523 -599.802795410 305.761993408 517.345581055 -562.191406250 263.222686768 770.615051270 770.339111328 137.213424683 603.015991211 -48.696472168 -370.778961182 -497.506164551 -529.179626465 -489.920623779 -544.893493652 -461.787841797 -613.371032715 305.812683105 520.026977539 -569.474121094 274.377380371 778.543273926 770.922790527 137.293457031 600.122924805 -32.416942596 -382.061218262 -500.450042725 -521.040527344 -498.194976807 -517.827636719 -483.564270020 -612.694824219 300.476531982 520.320861816 -563.344116211 273.837585449 774.658081055 -863.048583984 -606.373596191 -727.321533203 329.773101807 803.218078613 -966.195190430 384.638916016 969.631958008 773.066406250 137.498397827 968.622924805 -248.286026001 -511.703369141 -612.718139648 -630.987365723 -583.934570312
-552.896118164 -476.019744873 -601.087890625 305.545379639 517.992736816 -563.232299805 264.208068848 771.639770508 770.339111328 137.213424683 603.695312500 -49.274684906 -371.748077393 -497.949340820 -530.098754883 -490.778167725 -546.120300293 -462.118896484 -614.593627930 305.653930664 520.670776367 -570.496459961 275.283416748 779.576416016 770.922790527 137.293457031 600.784362793 -33.041763306 -382.977294922 -500.941436768 -522.121093750 -498.857086182 -519.134826660 -483.695007324 -613.945007324 300.458374023 520.957763672 -564.385742188 274.735229492 775.719482422 -861.479553223 -605.289428711 -725.297790527 328.855529785 802.251647949 -965.032714844 383.940490723 967.735473633 773.066406250 137.498397827 966.487487793 -247.738662720 -510.349365234 -611.142883301 -629.487182617 -582.558593750
-554.109680176 -476.258056641 -602.374084473 305.324432373 518.639343262 -564.273437500 265.195434570 772.662719727 770.339111328 137.213424683 604.371887207 -49.855697632 -372.718414307 -498.389984131 -531.017822266 -491.635681152 -547.347412109 -462.447540283 -615.815429688 305.491058350 521.314025879 -571.518981934 276.191040039 780.607849121 770.922790527 137.293457031 601.442687988 -33.669544220 -383.894256592 -501.430603027 -523.202331543 -499.518493652 -520.442260742 -483.822448730 -615.194885254 300.436798096 521.594116211 -565.427612305 275.634490967 776.779235840 -859.910522461 -604.205200195 -723.274047852 327.937957764 801.285278320 -963.870239258 383.241882324 965.838989258 773.066406250 137.498397827 964.352111816 -247.191299438 -508.995452881 -609.567504883 -627.987060547 -581.182556152
-555.323547363 -476.493652344 -603.661621094 305.099182129 519.285400391 -565.314758301 266.184814453 773.684020996 770.339111328 137.213424683 605.045654297 -50.439506531 -373.690002441 -498.828125000 -531.936889648 -492.493194580 -548.575012207 -462.773773193 -617.036437988 305.324035645 521.956787109 -572.541564941 277.100311279 781.637512207 770.922790527 137.293457031 602.097717285 -34.300281525 -384.812133789 -501.917480469 -524.284301758 -500.179260254 -521.750000000 -483.946624756 -616.444458008 300.411834717 522.229919434 -566.469604492 276.535339355 777.837219238 -858.341552734 -603.120910645 -721.250244141 327.020355225 800.318847656 -962.707763672 382.543121338 963.942626953 773.066406250 137.498397827 962.216735840 -246.643951416 -507.641693115 -607.992004395 -626.486999512 -579.806457520
-556.537597656 -476.726531982 -604.950561523 304.869598389 519.930969238 -566.356262207 267.176208496 774.703613281 770.339111328 137.213424683 605.716613770 -51.026111603 -374.662872314 -499.263732910 -532.855895996 -493.350708008 -549.802917480 -463.097564697 -618.256530762 305.152832031 522.598999023 -573.564270020 278.011169434 782.665344238 770.922790527 137.293457031 602.749572754 -34.933971405 -385.730865479 -502.402099609 -525.367126465 -500.839355469 -523.058044434 -484.067504883 -617.693664551 300.383392334 522.865173340 -567.511779785 277.437835693 778.893432617 -856.772644043 -602.036560059 -719.226501465 326.102783203 799.352478027 -961.545288086 381.844177246 962.046264648 773.066406250 137.498397827 960.081359863 -246.096588135 -506.287994385 -606.416442871 -624.986999512 -578.430358887
-557.751953125 -476.956665039 -606.241088867 304.635620117 520.575988770 -567.397949219 268.169647217 775.721557617 770.339111328 137.213424683 606.384765625 -51.615509033 -375.637054443 -499.696777344 -533.774841309 -494.208221436 -551.031188965 -463.418914795 -619.475830078 304.977447510 523.240722656 -574.587158203 278.923645020 783.691406250 770.922790527 137.293457031 603.398132324 -35.570610046 -386.650512695 -502.884399414 -526.450683594 -501.498809814 -524.366333008 -484.185119629 -618.942504883 300.351501465 523.499877930 -568.554138184 278.341918945 779.947998047 -855.203735352 -600.952148438 -717.202758789 325.185180664 798.386108398 -960.382812500 381.145080566 960.150024414 773.066406250 137.498397827 957.945983887 -245.549224854 -504.934448242 -604.840759277 -623.486999512 -577.054199219
-558.966552734 -477.184082031 -607.533325195 304.397308350 521.220458984 -568.439819336 269.165100098 776.737854004 770.339111328 137.213424683 607.050048828 -52.207698822 -376.612548828 -500.127288818 -534.693847656 -495.065734863 -552.259765625 -463.737854004 -620.694213867 304.797790527 523.881835938 -575.610107422 279.837677002 784.715698242 770.922790527 137.293457031 604.043334961 -36.210193634 -387.571075439 -503.364379883 -527.535156250 -502.157623291 -525.674926758 -484.299438477 -620.190979004 300.316131592 524.134033203 -569.596679688 279.247589111 781.000793457 -853.634948730 -599.867614746 -715.179016113 324.267608643 797.419677734 -959.220336914 380.445800781 958.253784180 773.066406250 137.498397827 955.810607910 -245.001876831 -503.581024170 -603.264953613 -621.987121582 -575.677917480
-560.181396484 -477.408752441 -608.827575684 304.154571533 521.864379883 -569.481872559 270.162567139 777.752563477 770.339111328 137.213424683 607.712463379 -52.802680969 -377.589416504 -500.555206299 -535.612854004 -495.923248291 -553.488769531 -464.054351807 -621.911682129 304.613861084 524.522460938 -576.633178711 280.753326416 785.738220215 770.922790527 137.293457031 604.685302734 -36.852718353 -388.492523193 -503.842010498 -528.620422363 -502.815826416 -526.983825684 -484.410491943 -621.439086914 300.277221680 524.767639160 -570.639404297 280.154846191 782.051879883 -852.066162109 -598.783020020 -713.155273438 323.350036621 796.453308105 -958.057861328 379.746368408 956.357666016 773.066406250 137.498397827 953.675231934 -244.454513550 -502.227691650 -601.689086914 -620.487243652 -574.301635742
-561.396423340 -477.630676270 -610.123962402 303.907470703 522.507812500 -570.524108887 271.162109375 778.765625000 770.339111328 137.213424683 608.372009277 -53.400455475 -378.567657471 -500.980590820 -536.531860352 -496.780761719 -554.718078613 -464.368408203 -623.128234863 304.425598145 525.162536621 -577.656372070 281.670532227 786.758972168 770.922790527 137.293457031 605.323852539 -37.498172760 -389.414886475 -504.317260742 -529.706604004 -503.473419189 -528.292968750 -484.518249512 -622.686828613 300.234771729 525.400634766 -571.682250977 281.063690186 783.101257324 -850.497436523 -597.698364258 -711.131530762 322.432434082 795.486877441 -956.895385742 379.046752930 954.461547852 773.066406250 137.498397827 951.539855957 -243.907150269 -500.874481201 -600.113098145 -618.987365723 -572.925292969
-562.611755371 -477.849853516 -611.422729492 303.655914307 523.150634766 -571.566467285 272.163696289 779.777160645 770.339111328 137.213424683 609.028564453 -54.001018524 -379.547332764 -501.403350830 -537.450866699 -497.638305664 -555.947814941 -464.680023193 -624.343872070 304.233001709 525.802124023 -578.679687500 282.589294434 787.777893066 770.922790527 137.293457031 605.959106445 -38.146560669 -390.338165283 -504.790100098 -530.793701172 -504.130432129 -529.602416992 -484.622741699 -623.934143066 300.188751221 526.033081055 -572.725280762 281.974090576 784.148864746 -848.928771973 -596.613647461 -709.107788086 321.514862061 794.520507812 -955.732849121 378.346984863 952.565551758 773.066406250 137.498397827 949.404479980 -243.359802246 -499.521362305 -598.537048340 -617.487609863 -571.548889160
-563.827270508 -478.066284180 -612.724182129 303.399963379 523.792968750 -572.609069824 273.167327881 780.787109375 770.339111328 137.213424683 609.682250977 -54.604373932 -380.528472900 -501.823547363 -538.369934082 -498.495880127 -557.177795410 -464.989196777 -625.558532715 304.035980225 526.441101074 -579.703125000 283.509613037 788.795104980 770.922790527 137.293457031 606.590881348 -38.797874451 -391.262390137 -505.260498047 -531.881835938 -504.786865234 -530.912170410 -484.723937988 -625.181030273 300.139099121 526.664978027 -573.768493652 282.886077881 785.194763184 -847.360168457 -595.528869629 -707.083984375 320.597259521 793.554138184 -954.570373535 377.647033691 950.669555664 773.066406250 137.498397827 947.269104004 -242.812438965 -498.168395996 -596.960876465 -615.987854004 -570.172485352
-565.042968750 -478.279968262 -614.028564453 303.139556885 524.434753418 -573.651794434 274.173034668 781.795532227 770.339111328 137.213424683 610.332946777 -55.210514069 -381.511077881 -502.241119385 -539.289123535 -499.353515625 -558.408142090 -465.295898438 -626.772155762 303.834533691 527.079589844 -580.726562500 284.431518555 789.810546875 770.922790527 137.293457031 607.219238281 -39.452106476 -392.187530518 -505.728485107 -532.970886230 -505.442749023 -532.222167969 -484.821868896 -626.427551270 300.085815430 527.296325684 -574.811828613 283.799591064 786.239013672 -845.791564941 -594.444030762 -705.060241699 319.679687500 792.587707520 -953.407897949 376.946929932 948.773681641 773.066406250 137.498397827 945.133728027 -242.265075684 -496.815521240 -595.384643555 -614.488159180 -568.795959473
-566.258911133 -478.490905762 -615.336120605 302.874725342 525.075927734 -574.694641113 275.180786133 782.802490234 770.339111328 137.213424683 610.980590820 -55.819438934 -382.495208740 -502.656066895 -540.208374023 -500.211181641 -559.638854980 -465.600189209 -627.984802246 303.628601074 527.717468262 -581.750183105 285.354919434 790.824218750 770.922790527 137.293457031 607.844177246 -40.109252930 -393.113616943 -506.193969727 -534.061035156 -506.098083496 -533.532531738 -484.916503906 -627.673583984 300.028869629 527.927062988 -575.855285645 284.714660645 787.281494141 -844.223083496 -593.359069824 -703.036499023 318.762115479 791.621337891 -952.245422363 376.246643066 946.877868652 773.066406250 137.498397827 942.998352051 -241.717712402 -495.462738037 -593.808227539 -612.988525391 -567.419433594
-567.475097656 -478.699066162 -616.647338867 302.605468750 525.716613770 -575.737670898 276.190673828 783.807922363 770.339111328 137.213424683 611.625305176 -56.431148529 -383.480926514 -503.068389893 -541.127685547 -501.068908691 -560.869873047 -465.902008057 -629.196411133 303.418090820 528.354858398 -582.773864746 286.279907227 791.836059570 770.922790527 137.293457031 608.465637207 -40.769313812 -394.040649414 -506.656951904 -535.152282715 -506.752929688 -534.843139648 -485.007843018 -628.919189453 299.968200684 528.557250977 -576.898925781 285.631256104 788.322265625 -842.654602051 -592.274108887 -701.012756348 317.844512939 790.654968262 -951.082946777 375.546203613 944.982055664 773.066406250 137.498397827 940.862976074 -241.170364380 -494.110107422 -592.231811523 -611.488952637 -566.042846680
-568.691406250 -478.904479980 -617.962585449 302.331787109 526.356750488 -576.780883789 277.202636719 784.811950684 770.339111328 137.213424683 612.266906738 -57.045642853 -384.468231201 -503.478088379 -542.047119141 -501.926727295 -562.101196289 -466.201385498 -630.406982422 303.203033447 528.991699219 -583.797607422 287.206390381 792.846191406 770.922790527 137.293457031 609.083557129 -41.432273865 -394.968597412 -507.117401123 -536.244689941 -507.407318115 -536.154113770 -485.095947266 -630.164367676 299.903778076 529.186889648 -577.942687988 286.549377441 789.361328125 -841.086181641 -591.189025879 -698.989013672 316.926940918 789.688537598 -949.920471191 374.845581055 943.086364746 773.066406250 137.498397827 938.727600098 -240.623001099 -492.757568359 -590.655212402 -609.989379883 -564.666198730
-569.907958984 -479.107116699 -619.282287598 302.053710938 526.996337891 -577.824218750 278.216735840 785.814575195 770.339111328 137.213424683 612.905456543 -57.662921906 -385.457183838 -503.885162354 -542.966735840 -502.784606934 -563.332885742 -466.498321533 -631.616394043 302.983306885 529.627990723 -584.821472168 288.134399414 793.854553223 770.922790527 137.293457031 609.697937012 -42.098136902 -395.897521973 -507.575286865 -537.338256836 -508.061248779 -537.465332031 -485.180725098 -631.408996582 299.835571289 529.815917969 -578.986633301 287.469055176 790.398681641 -839.517761230 -590.103881836 -696.965270996 316.009338379 788.722167969 -948.757995605 374.144805908 941.190673828 773.066406250 137.498397827 936.592224121 -240.075637817 -491.405151367 -589.078552246 -608.489929199 -563.289489746
-571.124694824 -479.307006836 -620.606933594 301.771209717 527.635314941 -578.867675781 279.232940674 786.815795898 770.339111328 137.213424683 613.540893555 -58.282978058 -386.447814941 -504.289550781 -543.886535645 -503.642608643 -564.564880371 -466.792785645 -632.824768066 302.758880615 530.263671875 -585.845336914 289.063934326 794.861145020 770.922790527 137.293457031 610.308776855 -42.766895294 -396.827423096 -508.030578613 -538.433105469 -508.714752197 -538.776916504 -485.262268066 -632.653198242 299.763519287 530.444396973 -580.030639648 288.390197754 791.434387207 -837.949462891 -589.018676758 -694.941528320 315.091766357 787.755737305 -947.595520020 373.443847656 939.295104980 773.066406250 137.498397827 934.456848145 -239.528289795 -490.052856445 -587.501831055 -606.990478516 -561.912719727
-572.341613770 -479.504119873 -621.937133789 301.484375000 528.273803711 -579.911315918 280.251281738 787.815673828 770.339111328 137.213424683 614.173278809 -58.905815125 -387.440216064 -504.691314697 -544.806457520 -504.500701904 -565.797180176 -467.084777832 -634.031921387 302.529693604 530.898864746 -586.869323730 289.994964600 795.865966797 770.922790527 137.293457031 610.916015625 -43.438541412 -397.758270264 -508.483245850 -539.529235840 -509.367889404 -540.088806152 -485.340515137 -633.896911621 299.687591553 531.072265625 -581.074829102 289.312866211 792.468322754 -836.381164551 -587.933410645 -692.917724609 314.174194336 786.789367676 -946.433044434 372.742736816 937.399597168 773.066406250 137.498397827 932.321472168 -238.980926514 -488.700683594 -585.924987793 -605.491027832 -560.535949707
-573.558715820 -479.698425293 -623.273559570 301.193267822 528.911682129 -580.955078125 281.271789551 788.814270020 770.339111328 137.213424683 614.802429199 -59.531425476 -388.434448242 -505.090393066 -545.726684570 -505.358947754 -567.029785156 -467.374328613 -635.237915039 302.295654297 531.533508301 -587.893371582 290.927490234 796.869079590 770.922790527 137.293457031 611.519592285 -44.113067627 -398.690124512 -508.933258057 -540.626831055 -510.020721436 -541.401062012 -485.415466309 -635.140075684 299.607757568 531.699584961 -582.119079590 290.237030029 793.500610352 -834.812927246 -586.848022461 -690.893981934 313.256591797 785.822998047 -945.270568848 372.041442871 935.504150391 773.066406250 137.498397827 930.186096191 -238.433563232 -487.348602295 -584.348022461 -603.991699219 -559.159057617
-574.776000977 -479.889984131 -624.617004395 300.897888184 529.549072266 -581.998962402 282.294494629 789.811584473 770.339111328 137.213424683 615.428466797 -60.159816742 -389.430511475 -505.486816406 -546.647094727 -506.217376709 -568.262695312 -467.661407471 -636.442749023 302.056732178 532.167541504 -588.917480469 291.861511230 797.870422363 770.922790527 137.293457031 612.119567871 -44.790477753 -399.622924805 -509.380584717 -541.725830078 -510.673248291 -542.713623047 -485.487152100 -636.382751465 299.523925781 532.326354980 -583.163513184 291.162689209 794.531127930 -833.244750977 -585.762634277 -688.870239258 312.339019775 784.856567383 -944.108032227 371.339965820 933.608703613 773.066406250 137.498397827 928.050720215 -237.886215210 -485.996643066 -582.770935059 -602.492370605 -557.782165527
-575.993469238 -480.078735352 -625.968322754 300.598388672 530.185852051 -583.042968750 283.319366455 790.807678223 770.339111328 137.213424683 616.051269531 -60.790981293 -390.428527832 -505.880584717 -547.567810059 -507.075958252 -569.495849609 -467.946014404 -637.646240234 301.812805176 532.801025391 -589.941650391 292.796997070 798.869995117 770.922790527 137.293457031 612.715820312 -45.470752716 -400.556762695 -509.825195312 -542.826416016 -511.325561523 -544.026550293 -485.555572510 -637.624877930 299.436065674 532.952514648 -584.208007812 292.089813232 795.559997559 -831.676574707 -584.677124023 -686.846496582 311.421417236 783.890197754 -942.945556641 370.638366699 931.713378906 773.066406250 137.498397827 925.915344238 -237.338851929 -484.644805908 -581.193786621 -600.993103027 -556.405212402
-577.211059570 -480.264709473 -627.328491211 300.294860840 530.822082520 -584.087097168 284.346466064 791.802612305 770.339111328 137.213424683 616.670898438 -61.424915314 -391.428497314 -506.271667480 -548.488891602 -507.934753418 -570.729370117 -468.228149414 -638.848510742 301.563842773 533.434020996 -590.965881348 293.733978271 799.867797852 770.922790527 137.293457031 613.308410645 -46.153896332 -401.491577148 -510.266998291 -543.928649902 -511.977691650 -545.339782715 -485.620697021 -638.866455078 299.344146729 533.578125000 -585.252685547 293.018432617 796.587219238 -830.108520508 -583.591552734 -684.822753906 310.503845215 782.923767090 -941.783081055 369.936553955 929.818115234 773.066406250 137.498397827 923.779968262 -236.791488647 -483.293090820 -579.616577148 -599.493896484 -555.028198242
-578.428833008 -480.447906494 -628.698852539 299.987487793 531.457763672 -585.131347656 285.375823975 792.796386719 770.339111328 137.213424683 617.287231445 -62.061622620 -392.430572510 -506.660095215 -549.410278320 -508.793762207 -571.963134766 -468.507812500 -640.049438477 301.309722900 534.066345215 -591.990173340 294.672393799 800.863891602 770.922790527 137.293457031 613.897216797 -46.839900970 -402.427398682 -510.706054688 -545.032714844 -512.629760742 -546.653442383 -485.682556152 -640.107421875 299.248046875 534.203125000 -586.297424316 293.948486328 797.612731934 -828.540466309 -582.505981445 -682.799011230 309.586242676 781.957397461 -940.620605469 369.234588623 927.922912598 773.066406250 137.498397827 921.644592285 -236.244125366 -481.941467285 -578.039184570 -597.994689941 -553.651184082
-579.646728516 -480.628295898 -630.080810547 299.676513672 532.092834473 -586.175720215 286.407409668 793.789062500 770.339111328 137.213424683 617.900268555 -62.701099396 -393.434783936 -507.045867920 -550.332092285 -509.653045654 -573.197265625 -468.785003662 -641.249023438 301.050354004 534.698181152 -593.014465332 295.612304688 801.858215332 770.922790527 137.293457031 614.482238770 -47.528755188 -403.364227295 -511.142242432 -546.138549805 -513.281799316 -547.967407227 -485.741119385 -641.347778320 299.147705078 534.827514648 -587.342224121 294.880004883 798.636535645 -826.972473145 -581.420288086 -680.775268555 308.668670654 780.991027832 -939.458129883 368.532470703 926.027709961 773.066406250 137.498397827 919.509216309 -235.696777344 -480.589965820 -576.461791992 -596.495605469 -552.274047852
-580.864746094 -480.805877686 -631.476135254 299.362152100 532.727416992 -587.220214844 287.441284180 794.780700684 770.339111328 137.213424683 618.510009766 -63.343341827 -394.441253662 -507.428985596 -551.254333496 -510.512664795 -574.431579590 -469.059692383 -642.447204590 300.785614014 535.329467773 -594.038879395 296.553649902 802.850830078 770.922790527 137.293457031 615.063476562 -48.220458984 -404.302093506 -511.575531006 -547.246459961 -513.933898926 -549.281799316 -485.796447754 -642.587585449 299.043090820 535.451354980 -588.387207031 295.812957764 799.658630371 -825.404479980 -580.334472656 -678.751464844 307.751098633 780.024597168 -938.295654297 367.830169678 924.132629395 773.066406250 137.498397827 917.373840332 -235.149414062 -479.238586426 -574.884216309 -594.996520996 -550.896911621
-582.082946777 -480.980651855 -632.886840820 299.044860840 533.361389160 -588.264770508 288.477478027 795.771362305 770.339111328 137.213424683 619.116394043 -63.988346100 -395.450012207 -507.809417725 -552.177124023 -511.372589111 -575.666259766 -469.331909180 -643.643920898 300.515411377 535.960144043 -595.063232422 297.496429443 803.841674805 770.922790527 137.293457031 615.640869141 -48.915004730 -405.240997314 -512.005920410 -548.356506348 -514.586181641 -550.596557617 -485.848449707 -643.826721191 298.934112549 536.074584961 -589.432250977 296.747375488 800.679138184 -823.836608887 -579.248657227 -676.727722168 306.833496094 779.058227539 -937.133178711 367.127716064 922.237609863 773.066406250 137.498397827 915.238403320 -234.602050781 -477.887298584 -573.306579590 -593.497436523 -549.519714355
-583.301269531 -481.152648926 -634.315612793 298.725097656 533.994812012 -589.309509277 289.516021729 796.761047363 770.339111328 137.213424683 619.719421387 -64.636116028 -396.461242676 -508.187225342 -553.100463867 -512.232910156 -576.901123047 -469.601654053 -644.839111328 300.239624023 536.590270996 -596.087707520 298.440643311 804.830810547 770.922790527 137.293457031 616.214416504 -49.612380981 -406.180938721 -512.433349609 -549.468933105 -515.238769531 -551.911682129 -485.897216797 -645.065185547 298.820648193 536.697265625 -590.477355957 297.683197021 801.697875977 -822.268737793 -578.162780762 -674.703979492 305.915924072 778.091857910 -935.970703125 366.425079346 920.342651367 773.066406250 137.498397827 913.103027344 -234.054702759 -476.536132812 -571.728881836 -591.998474121 -548.142456055
-584.519714355 -481.321807861 -635.765686035 298.403625488 534.627624512 -590.354248047 290.556945801 797.749938965 770.339111328 137.213424683 620.319030762 -65.286643982 -397.474975586 -508.562408447 -554.024475098 -513.093627930 -578.136352539 -469.868896484 -646.032714844 299.958099365 537.219848633 -597.112182617 299.386260986 805.818237305 770.922790527 137.293457031 616.784057617 -50.312587738 -407.121978760 -512.857727051 -550.583862305 -515.891784668 -553.227294922 -485.942687988 -646.302978516 298.702636719 537.319335938 -591.522583008 298.620422363 802.715026855 -820.700927734 -577.076782227 -672.680236816 304.998321533 777.125427246 -934.808227539 365.722259521 918.447753906 773.066406250 137.498397827 910.967651367 -233.507339478 -475.185119629 -570.151000977 -590.499511719 -546.765197754
-585.738342285 -481.488159180 -637.240722656 298.081512451 535.259887695 -591.399169922 291.600250244 798.738037109 770.339111328 137.213424683 620.915283203 -65.939933777 -398.491394043 -508.934997559 -554.949157715 -513.954895020 -579.371765137 -470.133636475 -647.224731445 299.670684814 537.848876953 -598.136718750 300.333312988 806.803894043 770.922790527 137.293457031 617.349731445 -51.015613556 -408.064056396 -513.279052734 -551.701477051 -516.545410156 -554.543273926 -485.984893799 -647.540100098 298.579986572 537.940795898 -592.567871094 299.559051514 803.730468750 -819.133178711 -575.990783691 -670.656494141 304.080749512 776.159057617 -933.645751953 365.019287109 916.552917480 773.066406250 137.498397827 908.832275391 -232.959976196 -473.834167480 -568.573059082 -589.000610352 -545.387817383
-586.957031250 -481.651672363 -638.741210938 297.761169434 535.891601562 -592.444152832 292.646026611 799.725341797 770.339111328 137.213424683 621.507995605 -66.595977783 -399.510589600 -509.304992676 -555.874633789 -514.816650391 -580.607482910 -470.395904541 -648.415039062 299.377197266 538.477294922 -599.161315918 301.281768799 807.787841797 770.922790527 137.293457031 617.911499023 -51.721450806 -409.007202148 -513.697265625 -552.822143555 -517.199768066 -555.859680176 -486.023834229 -648.776489258 298.452545166 538.561706543 -593.613281250 300.499114990 804.744262695 -817.565429688 -574.904663086 -668.632751465 303.163177490 775.192626953 -932.483215332 364.316162109 914.658142090 773.066406250 137.498397827 906.696899414 -232.412612915 -472.483367920 -566.995056152 -587.501770020 -544.010437012
-588.175842285 -481.812377930 -640.267639160 297.445343018 536.522766113 -593.489257812 293.694244385 800.712036133 770.339111328 137.213424683 622.097290039 -67.254776001 -400.532714844 -509.672454834 -556.801025391 -515.679077148 -581.843444824 -470.655670166 -649.603576660 299.077423096 539.105163574 -600.185974121 302.231628418 808.770080566 770.922790527 137.293457031 618.469238281 -52.430095673 -409.951477051 -514.112304688 -553.946105957 -517.855224609 -557.176574707 -486.059509277 -650.012084961 298.320190430 539.182006836 -594.658752441 301.440551758 805.756408691 -815.997802734 -573.818481445 -666.608947754 302.245574951 774.226257324 -931.320739746 363.612823486 912.763427734 773.066406250 137.498397827 904.561523438 -231.865264893 -471.132659912 -565.416931152 -586.002929688 -542.632995605
-589.394714355 -481.970245361 -641.820739746 297.137237549 537.153320312 -594.534423828 294.745025635 801.698181152 770.339111328 137.213424683 622.682983398 -67.916328430 -401.557952881 -510.037384033 -557.728393555 -516.542236328 -583.079650879 -470.912933350 -650.790283203 298.771179199 539.732482910 -601.210632324 303.182861328 809.750610352 770.922790527 137.293457031 619.022949219 -53.141540527 -410.896850586 -514.524169922 -555.073730469 -518.511962891 -558.493957520 -486.091918945 -651.246948242 298.182800293 539.801696777 -595.704345703 302.383361816 806.766906738 -814.430175781 -572.732299805 -664.585205078 301.328002930 773.259887695 -930.158264160 362.909362793 910.868774414 773.066406250 137.498397827 902.426147461 -231.317901611 -469.782073975 -563.838684082 -584.504150391 -541.255493164
-590.613708496 -482.125274658 -643.401000977 296.840515137 537.783325195 -595.579711914 295.798339844 802.683776855 770.339111328 137.213424683 623.265197754 -68.580627441 -402.586456299 -510.399841309 -558.656860352 -517.406188965 -584.316101074 -471.167663574 -651.975036621 298.458190918 540.359252930 -602.235290527 304.135467529 810.729370117 770.922790527 137.293457031 619.572570801 -53.855777740 -411.843322754 -514.932678223 -556.205383301 -519.170349121 -559.811767578 -486.121032715 -652.481018066 298.040252686 540.420837402 -596.750000000 303.327514648 807.775756836 -812.862609863 -571.645996094 -662.561462402 300.410400391 772.293457031 -928.995788574 362.205718994 908.974182129 773.066406250 137.498397827 900.290771484 -230.770538330 -468.431610107 -562.260375977 -583.005432129 -539.877929688
-591.832824707 -482.277465820 -645.009033203 296.559478760 538.412780762 -596.625122070 296.854309082 803.669067383 770.339111328 137.213424683 623.843811035 -69.247673035 -403.618408203 -510.759887695 -559.586669922 -518.271057129 -585.552795410 -471.419921875 -653.157714844 298.138275146 540.985473633 -603.260070801 305.089447021 811.706481934 770.922790527 137.293457031 620.118103027 -54.572795868 -412.790954590 -515.337890625 -557.341735840 -519.830810547 -561.130126953 -486.146881104 -653.714172363 297.892486572 541.039367676 -597.795776367 304.273071289 808.782958984 -811.295043945 -570.559570312 -660.537719727 299.492828369 771.327087402 -927.833312988 361.501892090 907.079650879 773.066406250 137.498397827 898.155395508 -230.223175049 -467.081268311 -560.681945801 -581.506713867 -538.500366211
-593.052001953 -482.426818848 -646.645263672 296.298400879 539.041687012 -597.670593262 297.912933350 804.653991699 770.339111328 137.213424683 624.418762207 -69.917457581 -404.654022217 -511.117584229 -560.517944336 -519.137023926 -586.789794922 -471.669647217 -654.338378906 297.811309814 541.611145020 -604.284851074 306.044799805 812.681884766 770.922790527 137.293457031 620.659484863 -55.292591095 -413.739715576 -515.739624023 -558.483276367 -520.493835449 -562.448974609 -486.169494629 -654.946594238 297.739654541 541.657348633 -598.841552734 305.219940186 809.788574219 -809.727600098 -569.473144531 -658.513977051 298.575256348 770.360656738 -926.670837402 360.797912598 905.185180664 773.066406250 137.498397827 896.020019531 -229.675827026 -465.731018066 -559.103454590 -580.008117676 -537.122741699
-594.271301270 -482.573333740 -648.285095215 296.061584473 539.669982910 -598.716125488 298.974273682 805.638793945 770.339111328 137.213424683 624.990112305 -70.589988708 -405.693542480 -511.472991943 -561.450866699 -520.004211426 -588.026977539 -471.916870117 -654.338378906 297.811309814 542.236267090 -605.309692383 307.001495361 813.655578613 770.922790527 137.293457031 621.196777344 -56.015155792 -414.689666748 -516.137878418 -559.630920410 -521.160217285 -563.768310547 -486.188812256 -654.946594238 297.739654541 542.274719238 -599.887451172 306.168182373 810.792480469 -808.160156250 -568.386657715 -656.490234375 297.657653809 769.394287109 -925.508361816 360.093750000 903.290771484 773.066406250 137.498397827 893.884643555 -229.128463745 -464.380889893 -557.524780273 -578.509521484 -535.745056152
-595.490600586 -482.716979980 -649.927978516 295.849121094 540.297729492 -599.761779785 300.038421631 806.623474121 770.339111328 137.213424683 625.557739258 -71.265251160 -406.737243652 -511.826232910 -562.385681152 -520.872863770 -589.264343262 -472.161560059 -654.338378906 297.811309814 542.860778809 -606.334533691 307.959533691 814.627624512 770.922790527 137.293457031 621.729797363 -56.740478516 -415.640777588 -516.532592773 -560.785766602 -521.830810547 -565.088256836 -486.204864502 -654.946594238 297.739654541 542.891479492 -600.933471680 307.117736816 811.794799805 -806.592712402 -567.300109863 -654.466491699 296.740081787 768.427917480 -924.345886230 359.389434814 901.396423340 773.066406250 137.498397827 891.749267578 -228.581100464 -463.030883789 -555.946105957 -577.010925293 -534.367309570
-596.710021973 -482.857757568 -649.927978516 295.849121094 540.924926758 -600.807495117 301.105407715 807.608215332 770.339111328 137.213424683 626.121704102 -71.943252563 -407.785400391 -512.177429199 -563.322753906 -521.743286133 -590.502014160 -472.403717041 -654.338378906 297.811309814 543.484741211 -607.359436035 308.918884277 815.597961426 770.922790527 137.293457031 622.258544922 -57.468555450 -416.593109131 -516.923706055 -561.949279785 -522.507019043 -566.408813477 -486.217681885 -654.946594238 297.739654541 543.507690430 -601.979492188 308.068603516 812.795532227 -805.025390625 -566.213439941 -654.466491699 296.740081787 767.461486816 -923.183410645 358.684936523 899.502197266 773.066406250 137.498397827 889.613891602 -228.033752441 -461.680999756 -554.367248535 -575.512451172 -532.989562988
-597.929504395 -482.995697021 -649.927978516 295.849121094 541.551513672 -601.853332520 302.175323486 808.593200684 770.339111328 137.213424683 626.681884766 -72.623985291 -408.838378906 -512.526672363 -564.262512207 -522.615722656 -591.739868164 -472.643371582 -654.338378906 297.811309814 544.108154297 -608.384399414 309.879577637 816.566589355 770.922790527 137.293457031 622.783081055 -58.199375153 -417.546691895 -517.311035156 -563.123657227 -523.190734863 -567.729919434 -486.227233887 -654.946594238 297.739654541 544.123291016 -603.025634766 309.020782471 813.794616699 -803.458068848 -565.126770020 -654.466491699 296.740081787 766.495117188 -922.020935059 357.980255127 897.607971191 773.066406250 137.498397827 887.478515625 -227.486389160 -460.331207275 -552.788330078 -574.013977051 -531.611694336
-599.149047852 -483.130737305 -649.927978516 295.849121094 542.177551270 -602.899291992 303.248260498 809.578491211 770.339111328 137.213424683 627.238342285 -73.307449341 -409.896545410 -512.874145508 -565.205505371 -523.490661621 -592.977966309 -472.880493164 -654.338378906 297.811309814 544.731079102 -609.409362793 310.841583252 817.533569336 770.922790527 137.293457031 623.303283691 -58.932929993 -418.501495361 -517.694519043 -564.312194824 -523.885070801 -569.051635742 -486.233489990 -654.946594238 297.739654541 544.738342285 -604.071838379 309.974243164 814.792114258 -801.890869141 -564.039978027 -654.466491699 296.740081787 765.528686523 -920.858459473 357.275421143 895.713806152 773.066406250 137.498397827 885.343139648 -226.939025879 -458.981536865 -551.209350586 -572.515563965 -530.233825684
-600.368652344 -483.262908936 -649.927978516 295.849121094 542.803100586 -603.945251465 304.324279785 810.564270020 770.339111328 137.213424683 627.790893555 -73.993629456 -410.960296631 -513.220031738 -566.152465820 -524.368835449 -594.216247559 -473.115081787 -654.338378906 297.811309814 545.353393555 -610.434326172 311.804870605 818.498901367 770.922790527 137.293457031 623.819152832 -59.669208527 -419.457550049 -518.074096680 -565.519897461 -524.595092773 -570.374023438 -486.236541748 -654.946594238 297.739654541 545.352783203 -605.118164062 310.929016113 815.788024902 -800.323608398 -562.953186035 -654.466491699 296.740081787 764.562316895 -919.695922852 356.570434570 893.819702148 773.066406250 137.498397827 883.207763672 -226.391662598 -457.631988525 -549.630249023 -571.017150879 -528.855957031
-601.588256836 -483.392211914 -649.927978516 295.849121094 543.427978516 -604.991394043 305.403503418 811.550781250 770.339111328 137.213424683 628.339660645 -74.682540894 -412.030181885 -513.564636230 -567.104431152 -525.251098633 -595.454711914 -473.347106934 -654.338378906 297.811309814 545.975158691 -611.459411621 312.769439697 819.462524414 770.922790527 137.293457031 624.330566406 -60.408206940 -420.414947510 -518.449645996 -566.744995117 -525.324096680 -571.697082520 -486.236297607 -654.946594238 297.739654541 545.966674805 -606.164489746 311.885040283 816.782348633 -798.756469727 -561.866271973 -654.466491699 296.740081787 763.595947266 -918.533447266 355.865264893 891.925720215 773.066406250 137.498397827 881.072387695 -225.844314575 -456.282562256 -548.051025391 -569.518859863 -527.477966309
-602.807922363 -483.518646240 -649.927978516 295.849121094 544.052368164 -606.037597656 306.486022949 812.538208008 770.339111328 137.213424683 628.884521484 -75.374168396 -413.106750488 -513.908203125 -567.104431152 -525.251098633 -596.693420410 -473.576629639 -654.338378906 297.811309814 546.596313477 -612.484497070 313.735290527 820.424499512 770.922790527 137.293457031 624.837585449 -61.149913788 -421.373626709 -518.821044922 -566.744995117 -525.324096680 -573.020812988 -486.232818604 -654.946594238 297.739654541 546.579956055 -607.210937500 312.842315674 817.775085449 -797.189331055 -560.779296875 -654.466491699 296.740081787 762.629516602 -917.370971680 355.159912109 890.031738281 773.066406250 137.498397827 878.937011719 -225.296951294 -454.933227539 -546.471740723 -569.518859863 -527.477966309
-604.027648926 -483.642150879 -649.927978516 295.849121094 544.676208496 -607.083862305 307.571960449 813.526672363 770.339111328 137.213424683 629.425415039 -76.068511963 -414.190643311 -514.251037598 -567.104431152 -525.251098633 -597.932373047 -473.803588867 -654.338378906 297.811309814 547.216979980 -613.509582520 314.702423096 821.384887695 770.922790527 137.293457031 625.340148926 -61.894313812 -422.333679199 -519.188171387 -566.744995117 -525.324096680 -574.345336914 -486.226104736 -654.946594238 297.739654541 547.192687988 -608.257507324 313.800872803 818.766235352 -795.622253418 -559.692260742 -654.466491699 296.740081787 761.663146973 -916.208496094 354.454406738 888.137878418 773.066406250 137.498397827 876.801635742 -224.749588013 -453.584014893 -544.892333984 -569.518859863 -527.477966309
-605.247375488 -483.762786865 -649.927978516 295.849121094 545.299438477 -608.130249023 308.661407471 814.516479492 770.339111328 137.213424683 629.962341309 -76.765563965 -415.282653809 -514.593688965 -567.104431152 -525.251098633 -599.171447754 -474.027984619 -654.338378906 297.811309814 547.837097168 -614.534729004 315.670776367 822.343627930 770.922790527 137.293457031 625.838195801 -62.641407013 -423.295104980 -519.550903320 -566.744995117 -525.324096680 -575.670532227 -486.216125488 -654.946594238 297.739654541 547.804809570 -609.304077148 314.760620117 819.755859375 -794.055236816 -558.605163574 -654.466491699 296.740081787 760.696716309 -915.046020508 353.748718262 886.244018555 773.066406250 137.498397827 874.666259766 -224.202239990 -452.234924316 -543.312805176 -569.518859863 -527.477966309
-606.467102051 -483.880493164 -649.927978516 295.849121094 545.922119141 -609.176696777 309.754547119 815.507873535 770.339111328 137.213424683 630.495300293 -77.465316772 -416.383728027 -514.936645508 -567.104431152 -525.251098633 -600.410766602 -474.249847412 -654.338378906 297.811309814 548.456665039 -615.559936523 316.640380859 823.300720215 770.922790527 137.293457031 626.331665039 -63.391178131 -424.257995605 -519.909057617 -566.744995117 -525.324096680 -576.996582031 -486.202911377 -654.946594238 297.739654541 548.416320801 -610.350769043 315.721618652 820.743896484 -792.488281250 -557.518005371 -654.466491699 296.740081787 759.730346680 -913.883544922 353.042877197 884.350219727 773.066406250 137.498397827 872.530883789 -223.654876709 -450.885955811 -541.733215332 -569.518859863 -527.477966309
-607.686889648 -483.995330811 -649.927978516 295.849121094 546.544311523 -610.223205566 310.851531982 816.501220703 770.339111328 137.213424683 631.024230957 -78.167785645 -417.494934082 -515.280578613 -567.104431152 -525.251098633 -601.650207520 -474.469146729 -654.338378906 297.811309814 549.075622559 -616.585144043 317.611236572 824.256164551 770.922790527 137.293457031 626.820556641 -64.143615723 -425.222320557 -520.262451172 -566.744995117 -525.324096680 -578.323425293 -486.186462402 -654.946594238 297.739654541 549.027282715 -611.397521973 316.683837891 821.730407715 -790.921325684 -556.430786133 -654.466491699 296.740081787 758.763977051 -912.721069336 352.336853027 882.456542969 773.066406250 137.498397827 870.395507812 -223.107513428 -449.537109375 -540.153503418 -569.518859863 -527.477966309
-608.906677246 -484.107208252 -649.927978516 295.849121094 547.165893555 -611.269836426 311.952484131 817.496765137 770.339111328 137.213424683 631.549072266 -78.872947693 -418.617645264 -515.626464844 -567.104431152 -525.251098633 -602.889892578 -474.685882568 -654.338378906 297.811309814 549.694091797 -617.610412598 318.583282471 825.210083008 770.922790527 137.293457031 627.304870605 -64.898712158 -426.188171387 -520.610900879 -566.744995117 -525.324096680 -579.651184082 -486.166748047 -654.946594238 297.739654541 549.637695312 -612.444335938 317.647216797 822.715393066 -789.354431152 -555.343505859 -654.466491699 296.740081787 757.797546387 -911.558593750 351.630676270 880.562927246 773.066406250 137.498397827 868.260131836 -222.560150146 -448.188354492 -538.573730469 -569.518859863 -527.477966309
-610.126464844 -484.216186523 -649.927978516 295.849121094 547.786926270 -612.316589355 313.057678223 818.494873047 770.339111328 137.213424683 632.069763184 -79.580802917 -419.753479004 -515.975341797 -567.104431152 -525.251098633 -604.129760742 -474.900054932 -654.338378906 297.811309814 550.311950684 -618.635681152 319.556518555 826.162353516 770.922790527 137.293457031 627.784423828 -65.656463623 -427.155578613 -520.954223633 -566.744995117 -525.324096680 -580.979797363 -486.143829346 -654.946594238 297.739654541 550.247558594 -613.491271973 318.611785889 823.698852539 -787.787597656 -554.256164551 -654.466491699 296.740081787 756.831176758 -910.396118164 350.924316406 878.669311523 773.066406250 137.498397827 866.124755859 -222.012802124 -446.839721680 -536.993835449 -569.518859863 -527.477966309
-611.346252441 -484.322235107 -649.927978516 295.849121094 548.407409668 -613.363403320 314.167266846 819.496032715 770.339111328 137.213424683 632.586303711 -80.291351318 -420.904541016 -516.328796387 -567.104431152 -525.251098633 -605.369750977 -475.111663818 -654.338378906 297.811309814 550.929321289 -619.661010742 320.530944824 827.113037109 770.922790527 137.293457031 628.259277344 -66.416847229 -428.124603271 -521.292114258 -566.744995117 -525.324096680 -582.309326172 -486.117675781 -654.946594238 297.739654541 550.856750488 -614.538269043 319.577514648 824.680786133 -786.220764160 -553.168762207 -654.466491699 296.740081787 755.864746094 -909.233642578 350.217773438 876.775817871 773.066406250 137.498397827 863.989379883 -221.465438843 -445.491210938 -535.413818359 -569.518859863 -527.477966309
-612.565979004 -484.425354004 -649.927978516 295.849121094 549.027343750 -614.410339355 315.281494141 820.500671387 770.339111328 137.213424683 633.098632812 -81.004585266 -422.073455811 -516.688842773 -567.104431152 -525.251098633 -606.609924316 -475.320678711 -654.338378906 297.811309814 551.546081543 -620.686340332 321.506561279 828.062133789 770.922790527 137.293457031 628.729431152 -67.179855347 -429.095336914 -521.624328613 -566.744995117 -525.324096680 -583.639831543 -486.088317871 -654.946594238 297.739654541 551.465454102 -615.585327148 320.544372559 825.661254883 -784.653991699 -552.081237793 -654.466491699 296.740081787 754.898376465 -908.071166992 349.511077881 874.882324219 773.066406250 137.498397827 861.853942871 -220.918075562 -444.142791748 -533.833740234 -569.518859863 -527.477966309
-613.785766602 -484.525543213 -649.927978516 295.849121094 549.646728516 -615.457336426 316.400695801 821.509338379 770.339111328 137.213424683 633.606750488 -81.720497131 -423.263732910 -517.058227539 -567.104431152 -525.251098633 -607.850280762 -475.527130127 -654.338378906 297.811309814 552.162353516 -621.711730957 322.483306885 829.009704590 770.922790527 137.293457031 629.194702148 -67.945472717 -430.067871094 -521.950500488 -566.744995117 -525.324096680 -584.971374512 -486.055725098 -654.946594238 297.739654541 552.073547363 -616.632507324 321.512390137 826.640197754 -783.087280273 -550.993713379 -654.466491699 296.740081787 753.932006836 -906.908630371 348.804229736 872.988952637 773.066406250 137.498397827 859.718566895 -220.370712280 -442.794525146 -532.253540039 -569.518859863 -527.477966309
-615.005493164 -484.622772217 -649.927978516 295.849121094 550.265502930 -616.504394531 317.525177002 822.522644043 770.339111328 137.213424683 634.110534668 -82.439086914 -424.475891113 -517.439697266 -567.104431152 -525.251098633 -609.090820312 -475.730987549 -654.338378906 297.811309814 552.778015137 -622.737182617 323.461212158 829.955749512 770.922790527 137.293457031 629.655151367 -68.713699341 -431.042266846 -522.270202637 -566.744995117 -525.324096680 -586.304016113 -486.019897461 -654.946594238 297.739654541 552.681091309 -617.679687500 322.481506348 827.617736816 -781.520629883 -549.906127930 -654.466491699 296.740081787 752.965576172 -905.746154785 348.097167969 871.095642090 773.066406250 137.498397827 857.583190918 -219.823364258 -441.446350098 -530.673278809 -569.518859863 -527.477966309
-616.225219727 -484.717041016 -649.927978516 295.849121094 550.883789062 -617.551574707 318.655273438 823.541381836 770.339111328 137.213424683 634.609985352 -83.160354614 -425.708984375 -517.836242676 -567.104431152 -525.251098633 -610.331481934 -475.932250977 -654.338378906 297.811309814 553.393188477 -623.762573242 324.440185547 830.900207520 770.922790527 137.293457031 630.110717773 -69.484519958 -432.018707275 -522.583068848 -566.744995117 -525.324096680 -587.637756348 -485.980895996 -654.946594238 297.739654541 553.288024902 -618.726989746 323.451690674 828.593811035 -779.953979492 -548.818420410 -654.466491699 296.740081787 751.999206543 -904.583679199 347.389984131 869.202392578 773.066406250 137.498397827 855.447814941 -219.276000977 -440.098297119 -529.092834473 -569.518859863 -527.477966309
-617.444885254 -484.808349609 -649.927978516 295.849121094 551.501525879 -618.598876953 319.791442871 824.566345215 770.339111328 137.213424683 635.105102539 -83.884277344 -426.961791992 -518.251586914 -567.104431152 -525.251098633 -611.572326660 -476.130920410 -654.338378906 297.811309814 554.007751465 -624.788085938 325.420288086 831.843200684 770.922790527 137.293457031 630.561340332 -70.257919312 -432.997283936 -522.888305664 -566.744995117 -525.324096680 -588.972656250 -485.938690186 -654.946594238 297.739654541 553.894409180 -619.774414062 324.422973633 829.568420410 -778.387451172 -547.730712891 -654.466491699 296.740081787 751.032775879 -903.421203613 346.682586670 867.309143066 773.066406250 137.498397827 853.312438965 -218.728637695 -438.750335693 -527.512390137 -569.518859863 -527.477966309
-618.664489746 -484.896697998 -649.927978516 295.849121094 552.118774414 -619.646240234 320.934204102 825.598510742 770.339111328 137.213424683 635.595764160 -84.610870361 -428.232696533 -518.690124512 -567.104431152 -525.251098633 -612.813293457 -476.326995850 -654.338378906 297.811309814 554.621826172 -625.813537598 326.401458740 832.784729004 770.922790527 137.293457031 631.006958008 -71.033882141 -433.978210449 -523.185363770 -566.744995117 -525.324096680 -590.308776855 -485.893280029 -654.946594238 297.739654541 554.500244141 -620.821838379 325.396514893 830.542907715 -776.820861816 -546.642883301 -654.466491699 296.740081787 750.066406250 -902.258728027 345.975036621 865.416015625 773.066406250 137.498397827 851.177062988 -218.181289673 -437.402526855 -525.931823730 -569.518859863 -527.477966309
-619.884094238 -484.982055664 -649.927978516 295.849121094 552.735412598 -620.693725586 322.084289551 826.639343262 770.339111328 137.213424683 636.081970215 -85.340118408 -429.496246338 -519.149536133 -567.104431152 -525.251098633 -614.054382324 -476.520477295 -654.338378906 297.811309814 555.235351562 -626.839050293 327.383666992 833.724792480 770.922790527 137.293457031 631.447509766 -71.812393188 -433.978210449 -523.185363770 -566.744995117 -525.324096680 -591.646179199 -485.844665527 -654.946594238 297.739654541 555.105529785 -621.869384766 326.373443604 831.518432617 -775.254394531 -545.555053711 -654.466491699 296.740081787 749.100036621 -901.096252441 345.267333984 863.522949219 773.066406250 137.498397827 849.041687012 -217.633926392 -436.054809570 -524.351135254 -569.518859863 -527.477966309
-621.103637695 -485.064453125 -649.927978516 295.849121094 553.351501465 -621.741271973 323.242797852 827.690551758 770.339111328 137.213424683 636.563659668 -86.072006226 -430.751953125 -519.629577637 -567.104431152 -525.251098633 -615.295654297 -476.711334229 -654.338378906 297.811309814 555.848266602 -627.864624023 328.366912842 834.663391113 770.922790527 137.293457031 631.882995605 -72.593452454 -433.978210449 -523.185363770 -566.744995117 -525.324096680 -592.984924316 -485.792877197 -654.946594238 297.739654541 555.710205078 -622.916992188 327.354248047 832.495910645 -773.687927246 -544.467102051 -654.466491699 296.740081787 748.133605957 -899.933776855 344.559448242 861.629943848 773.066406250 137.498397827 846.906311035 -217.086563110 -434.707214355 -522.770324707 -569.518859863 -527.477966309
-622.323059082 -485.143829346 -649.927978516 295.849121094 553.967041016 -622.788940430 324.410888672 828.754333496 770.339111328 137.213424683 637.040832520 -86.806549072 -431.999298096 -520.130126953 -567.104431152 -525.251098633 -616.537048340 -476.899597168 -654.338378906 297.811309814 556.460693359 -628.890197754 329.351135254 835.600585938 770.922790527 137.293457031 632.313354492 -73.377037048 -433.978210449 -523.185363770 -566.744995117 -525.324096680 -594.325073242 -485.737945557 -654.946594238 297.739654541 556.314331055 -623.964721680 328.339447021 833.476074219 -772.121520996 -543.379150391 -654.466491699 296.740081787 747.167236328 -898.771301270 343.851379395 859.736999512 773.066406250 137.498397827 844.770935059 -216.539199829 -433.359741211 -521.189453125 -569.518859863 -527.477966309
-623.542480469 -485.220214844 -649.927978516 295.849121094 554.582092285 -623.836669922 325.590057373 829.833374023 770.339111328 137.213424683 637.513305664 -87.543724060 -431.999298096 -520.130126953 -567.104431152 -525.251098633 -617.778564453 -477.085235596 -654.338378906 297.811309814 557.072570801 -629.915832520 330.336303711 836.536437988 770.922790527 137.293457031 632.738525391 -74.163131714 -433.978210449 -523.185363770 -566.744995117 -525.324096680 -595.666687012 -485.679840088 -654.946594238 297.739654541 556.917907715 -625.012512207 329.329589844 834.460144043 -770.555175781 -542.291076660 -654.466491699 296.740081787 746.200805664 -897.608825684 343.143157959 857.844116211 773.066406250 137.498397827 842.635559082 -215.991851807 -433.359741211 -521.189453125 -569.518859863 -527.477966309
-624.761840820 -485.293609619 -649.927978516 295.849121094 555.196594238 -624.884521484 326.782104492 830.931091309 770.339111328 137.213424683 637.981201172 -88.283531189 -431.999298096 -520.130126953 -567.104431152 -525.251098633 -619.020202637 -477.268218994 -654.338378906 297.811309814 557.683898926 -630.941467285 331.322387695 837.470947266 770.922790527 137.293457031 633.158447266 -74.951728821 -433.978210449 -523.185363770 -566.744995117 -525.324096680 -597.009826660 -485.618591309 -654.946594238 297.739654541 557.520935059 -626.060363770 330.325378418 835.449462891 -768.988830566 -541.202941895 -654.466491699 296.740081787 745.234436035 -896.446350098 342.434753418 855.951293945 773.066406250 137.498397827 840.500183105 -215.444488525 -433.359741211 -521.189453125 -569.518859863 -527.477966309
-625.981079102 -485.363983154 -649.927978516 295.849121094 555.810546875 -625.932434082 327.987487793 832.050476074 770.339111328 137.213424683 638.444335938 -89.025962830 -431.999298096 -520.130126953 -567.104431152 -525.251098633 -620.261962891 -477.448608398 -654.338378906 297.811309814 558.294677734 -631.967102051 332.309326172 838.404174805 770.922790527 137.293457031 633.573120117 -75.742813110 -433.978210449 -523.185363770 -566.744995117 -525.324096680 -598.354614258 -485.554199219 -654.946594238 297.739654541 558.123352051 -627.108337402 331.326324463 836.444580078 -767.422546387 -540.114807129 -654.466491699 296.740081787 744.268066406 -895.283874512 341.726165771 854.058532715 773.066406250 137.498397827 838.364807129 -214.897125244 -433.359741211 -521.189453125 -569.518859863 -527.477966309
-627.200256348 -485.431335449 -649.927978516 295.849121094 556.423950195 -626.980468750 329.204650879 833.193176270 770.339111328 137.213424683 638.902709961 -89.771003723 -431.999298096 -520.130126953 -567.104431152 -525.251098633 -621.503845215 -477.626342773 -654.338378906 297.811309814 558.904907227 -632.992797852 333.297088623 839.336181641 770.922790527 137.293457031 633.982360840 -76.536361694 -433.978210449 -523.185363770 -566.744995117 -525.324096680 -599.701110840 -485.486663818 -654.946594238 297.739654541 558.725219727 -628.156372070 332.330139160 837.444396973 -765.856323242 -539.026550293 -654.466491699 296.740081787 743.301635742 -894.121337891 341.017425537 852.165893555 773.066406250 137.498397827 836.229431152 -214.349761963 -433.359741211 -521.189453125 -569.518859863 -527.477966309
-628.419311523 -485.495635986 -649.927978516 295.849121094 557.036804199 -628.028625488 330.431854248 834.360900879 770.339111328 137.213424683 639.356262207 -90.518669128 -431.999298096 -520.130126953 -567.104431152 -525.251098633 -622.745849609 -477.801422119 -654.338378906 297.811309814 559.514587402 -634.018493652 334.285522461 840.267150879 770.922790527 137.293457031 634.386230469 -77.332366943 -433.978210449 -523.185363770 -566.744995117 -525.324096680 -601.049438477 -485.416046143 -654.946594238 297.739654541 559.326599121 -629.204467773 333.333648682 838.446716309 -764.290161133 -537.938232422 -654.466491699 296.740081787 742.335266113 -892.958862305 340.308532715 850.273254395 773.066406250 137.498397827 834.094055176 -213.802413940 -433.359741211 -521.189453125 -569.518859863 -527.477966309
-629.638305664 -485.556915283 -649.927978516 295.849121094 557.649169922 -629.076843262 331.667083740 835.555664062 770.339111328 137.213424683 639.804992676 -91.268928528 -431.999298096 -520.130126953 -567.104431152 -525.251098633 -623.987976074 -477.973876953 -654.338378906 297.811309814 560.123718262 -635.044250488 335.274536133 841.197082520 770.922790527 137.293457031 634.784667969 -78.130805969 -433.978210449 -523.185363770 -566.744995117 -525.324096680 -602.399597168 -485.342315674 -654.946594238 297.739654541 559.927368164 -630.252685547 334.335418701 839.450561523 -762.723999023 -536.849914551 -654.466491699 296.740081787 741.368835449 -891.796386719 339.599426270 848.380676270 773.066406250 137.498397827 831.958679199 -213.255050659 -433.359741211 -521.189453125 -569.518859863 -527.477966309
-630.857116699 -485.615112305 -649.927978516 295.849121094 558.260986328 -630.125183105 332.908172607 836.779602051 770.339111328 137.213424683 640.248779297 -92.021781921 -431.999298096 -520.130126953 -567.104431152 -525.251098633 -625.230163574 -478.143646240 -654.338378906 297.811309814 560.732299805 -636.070007324 336.263946533 842.126281738 770.922790527 137.293457031 635.177612305 -78.931671143 -433.978210449 -523.185363770 -566.744995117 -525.324096680 -603.751708984 -485.265502930 -654.946594238 297.739654541 560.527587891 -631.300964355 335.335540771 840.455688477 -761.157897949 -535.761474609 -654.466491699 296.740081787 740.402465820 -890.633911133 338.890197754 846.488159180 773.066406250 137.498397827 829.823303223 -212.707687378 -433.359741211 -521.189453125 -569.518859863 -527.477966309
-632.075927734 -485.670288086 -649.927978516 295.849121094 558.872253418 -631.173645020 334.152893066 838.034606934 770.339111328 137.213424683 640.687561035 -92.777229309 -431.999298096 -520.130126953 -567.104431152 -525.251098633 -626.472473145 -478.310791016 -654.338378906 297.811309814 561.340393066 -637.095764160 337.253356934 843.055114746 770.922790527 137.293457031 635.564941406 -79.734939575 -433.978210449 -523.185363770 -566.744995117 -525.324096680 -605.105895996 -485.185607910 -654.946594238 297.739654541 561.127258301 -632.349304199 336.334289551 841.461853027 -759.591857910 -534.672973633 -654.466491699 296.740081787 739.436096191 -889.471435547 338.180755615 844.595764160 773.066406250 137.498397827 827.687927246 -212.160339355 -433.359741211 -521.189453125 -569.518859863 -527.477966309
-633.294555664 -485.722351074 -649.927978516 295.849121094 559.483032227 -632.222167969 335.382232666 839.304626465 770.339111328 137.213424683 641.121337891 -93.535255432 -431.999298096 -520.130126953 -567.104431152 -525.251098633 -627.714904785 -478.475219727 -654.338378906 297.811309814 561.947875977 -638.121582031 337.253356934 843.055114746 770.922790527 137.293457031 635.946655273 -80.540596008 -433.978210449 -523.185363770 -566.744995117 -525.324096680 -606.462280273 -485.102691650 -654.946594238 297.739654541 561.726379395 -633.397766113 336.334289551 841.461853027 -758.025817871 -533.584411621 -654.466491699 296.740081787 738.469665527 -888.308959961 337.471160889 842.703369141 773.066406250 137.498397827 825.552551270 -211.612976074 -433.359741211 -521.189453125 -569.518859863 -527.477966309
-634.513061523 -485.771362305 -649.927978516 295.849121094 560.093261719 -633.270812988 335.382232666 839.304626465 770.339111328 137.213424683 641.549987793 -94.295845032 -431.999298096 -520.130126953 -567.104431152 -525.251098633 -628.957397461 -478.637023926 -654.338378906 297.811309814 562.554870605 -639.147399902 337.253356934 843.055114746 770.922790527 137.293457031 636.322692871 -81.348625183 -433.978210449 -523.185363770 -566.744995117 -525.324096680 -607.820983887 -485.016723633 -654.946594238 297.739654541 562.324890137 -634.446289062 336.334289551 841.461853027 -756.459838867 -532.495849609 -654.466491699 296.740081787 737.503295898 -887.146484375 337.471160889 842.703369141 773.066406250 137.498397827 823.417175293 -211.065612793 -433.359741211 -521.189453125 -569.518859863 -527.477966309
-635.731445312 -485.817260742 -649.927978516 295.849121094 560.703002930 -634.319580078 335.382232666 839.304626465 770.339111328 137.213424683 641.973449707 -95.058998108 -431.999298096 -520.130126953 -567.104431152 -525.251098633 -630.199951172 -478.796112061 -654.338378906 297.811309814 563.161315918 -640.173217773 337.253356934 843.055114746 770.922790527 137.293457031 636.692932129 -82.159004211 -433.978210449 -523.185363770 -566.744995117 -525.324096680 -609.182128906 -484.927764893 -654.946594238 297.739654541 562.922912598 -635.494934082 336.334289551 841.461853027 -754.893920898 -531.407165527 -654.466491699 296.740081787 736.536865234 -885.984008789 337.471160889 842.703369141 773.066406250 137.498397827 821.281799316 -210.518249512 -433.359741211 -521.189453125 -569.518859863 -527.477966309
-636.949645996 -485.860076904 -649.927978516 295.849121094 561.312194824 -635.368469238 335.382232666 839.304626465 770.339111328 137.213424683 642.391784668 -95.824707031 -431.999298096 -520.130126953 -567.104431152 -525.251098633 -631.442626953 -478.952514648 -654.338378906 297.811309814 563.767211914 -641.199096680 337.253356934 843.055114746 770.922790527 137.293457031 637.057434082 -82.971717834 -433.978210449 -523.185363770 -566.744995117 -525.324096680 -610.545776367 -484.835845947 -654.946594238 297.739654541 563.520385742 -636.543640137 336.334289551 841.461853027 -753.328002930 -530.318420410 -654.466491699 296.740081787 735.570495605 -884.821533203 337.471160889 842.703369141 773.066406250 137.498397827 819.146423340 -209.970901489 -433.359741211 -521.189453125 -569.518859863 -527.477966309
-638.167724609 -485.899780273 -649.927978516 295.849121094 561.920837402 -636.417419434 335.382232666 839.304626465 770.339111328 137.213424683 642.804748535 -96.592956543 -431.999298096 -520.130126953 -567.104431152 -525.251098633 -632.685363770 -479.106231689 -654.338378906 297.811309814 564.372558594 -642.224975586 337.253356934 843.055114746 770.922790527 137.293457031 637.416015625 -83.786743164 -433.978210449 -523.185363770 -566.744995117 -525.324096680 -611.912109375 -484.740966797 -654.946594238 297.739654541 564.117309570 -637.592468262 336.334289551 841.461853027 -751.762145996 -529.229614258 -654.466491699 296.740081787 734.604125977 -883.659057617 337.471160889 842.703369141 773.066406250 137.498397827 817.011047363 -209.423538208 -433.359741211 -521.189453125 -569.518859863 -527.477966309
-639.385681152 -485.936340332 -649.927978516 295.849121094 562.528991699 -637.466491699 335.382232666 839.304626465 770.339111328 137.213424683 643.212402344 -97.363739014 -431.999298096 -520.130126953 -567.104431152 -525.251098633 -633.928161621 -479.257232666 -654.338378906 297.811309814 564.977416992 -643.250854492 337.253356934 843.055114746 770.922790527 137.293457031 637.768615723 -84.604057312 -433.978210449 -523.185363770 -566.744995117 -525.324096680 -613.281372070 -484.643157959 -654.946594238 297.739654541 564.713745117 -638.641357422 336.334289551 841.461853027 -750.196350098 -528.140808105 -654.466491699 296.740081787 733.637695312 -882.496582031 337.471160889 842.703369141 773.066406250 137.498397827 814.875671387 -208.876174927 -433.359741211 -521.189453125 -569.518859863 -527.477966309
-640.603454590 -485.969787598 -649.927978516 295.849121094 563.136657715 -638.515625000 335.382232666 839.304626465 770.339111328 137.213424683 643.614685059 -98.137046814 -431.999298096 -520.130126953 -567.104431152 -525.251098633 -635.171020508 -479.405548096 -654.338378906 297.811309814 565.581665039 -644.276794434 337.253356934 843.055114746 770.922790527 137.293457031 638.115234375 -85.423652649 -433.978210449 -523.185363770 -566.744995117 -525.324096680 -614.653564453 -484.542449951 -654.946594238 297.739654541 565.309570312 -639.690368652 336.334289551 841.461853027 -748.630615234 -527.051879883 -654.466491699 296.740081787 732.671325684 -881.334045410 337.471160889 842.703369141 773.066406250 137.498397827 812.740295410 -208.328811646 -433.359741211 -521.189453125 -569.518859863 -527.477966309
-641.821044922 -486.000061035 -649.927978516 295.849121094 563.743774414 -639.564941406 335.382232666 839.304626465 770.339111328 137.213424683 644.011413574 -98.912864685 -431.999298096 -520.130126953 -567.104431152 -525.251098633 -636.413940430 -479.551116943 -654.338378906 297.811309814 566.185424805 -645.302734375 337.253356934 843.055114746 770.922790527 137.293457031 638.455810547 -86.245498657 -433.978210449 -523.185363770 -566.744995117 -525.324096680 -616.028930664 -484.438903809 -654.946594238 297.739654541 565.904846191 -640.739440918 336.334289551 841.461853027 -747.064880371 -525.962890625 -654.466491699 296.740081787 731.704895020 -880.171569824 337.471160889 842.703369141 773.066406250 137.498397827 810.604919434 -207.781463623 -433.359741211 -521.189453125 -569.518859863 -527.477966309
-643.038452148 -486.027191162 -649.927978516 295.849121094 564.350341797 -640.614318848 335.382232666 839.304626465 770.339111328 137.213424683 644.402648926 -99.691177368 -431.999298096 -520.130126953 -567.104431152 -525.251098633 -637.656921387 -479.693969727 -654.338378906 297.811309814 566.788635254 -646.328674316 337.253356934 843.055114746 770.922790527 137.293457031 638.790222168 -87.069572449 -433.978210449 -523.185363770 -566.744995117 -525.324096680 -617.407653809 -484.332550049 -654.946594238 297.739654541 566.499633789 -641.788635254 336.334289551 841.461853027 -745.499206543 -524.873901367 -654.466491699 296.740081787 730.738525391 -879.009094238 337.471160889 842.703369141 773.066406250 137.498397827 808.469543457 -207.234100342 -433.359741211 -521.189453125 -569.518859863 -527.477966309
-644.255676270 -486.051147461 -649.927978516 295.849121094 564.956481934 -641.663879395 335.382232666 839.304626465 770.339111328 137.213424683 644.788269043 -100.471984863 -431.999298096 -520.130126953 -567.104431152 -525.251098633 -638.899963379 -479.834075928 -654.338378906 297.811309814 567.391296387 -647.354675293 337.253356934 843.055114746 770.922790527 137.293457031 639.118408203 -87.895858765 -433.978210449 -523.185363770 -566.744995117 -525.324096680 -618.789916992 -484.223419189 -654.946594238 297.739654541 567.093811035 -642.837890625 336.334289551 841.461853027 -743.933532715 -523.784790039 -654.466491699 296.740081787 729.772155762 -877.846618652 337.471160889 842.703369141 773.066406250 137.498397827 806.334106445 -206.686737061 -433.359741211 -521.189453125 -569.518859863 -527.477966309
-645.472717285 -486.071929932 -649.927978516 295.849121094 565.562072754 -642.713500977 335.382232666 839.304626465 770.339111328 137.213424683 645.168151855 -101.255264282 -431.999298096 -520.130126953 -567.104431152 -525.251098633 -640.143066406 -479.971435547 -654.338378906 297.811309814 567.993469238 -648.380676270 337.253356934 843.055114746 770.922790527 137.293457031 639.440307617 -88.724327087 -433.978210449 -523.185363770 -566.744995117 -525.324096680 -620.175964355 -484.111541748 -654.946594238 297.739654541 567.687500000 -643.887268066 336.334289551 841.461853027 -742.367980957 -522.695617676 -654.466491699 296.740081787 728.805725098 -876.684143066 337.471160889 842.703369141 773.066406250 137.498397827 804.198730469 -206.139373779 -433.359741211 -521.189453125 -569.518859863 -527.477966309
-646.689575195 -486.089477539 -649.927978516 295.849121094 566.167114258 -643.763244629 335.382232666 839.304626465 770.339111328 137.213424683 645.542358398 -102.041007996 -431.999298096 -520.130126953 -567.104431152 -525.251098633 -641.386230469 -480.106048584 -654.338378906 297.811309814 568.595031738 -649.406677246 337.253356934 843.055114746 770.922790527 137.293457031 639.755859375 -89.554954529 -433.978210449 -523.185363770 -566.744995117 -525.324096680 -621.565979004 -483.997009277 -654.946594238 297.739654541 568.280700684 -644.936706543 336.334289551 841.461853027 -740.802429199 -521.606445312 -654.466491699 296.740081787 727.839355469 -875.521667480 337.471160889 842.703369141 773.066406250 137.498397827 802.063354492 -205.592025757 -433.359741211 -521.189453125 -569.518859863 -527.477966309
-647.906188965 -486.103851318 -649.927978516 295.849121094 566.771667480 -644.813110352 335.382232666 839.304626465 770.339111328 137.213424683 645.910644531 -102.829200745 -431.999298096 -520.130126953 -567.104431152 -525.251098633 -642.629394531 -480.237915039 -654.338378906 297.811309814 569.196105957 -650.432739258 337.253356934 843.055114746 770.922790527 137.293457031 640.064941406 -90.387718201 -433.978210449 -523.185363770 -566.744995117 -525.324096680 -622.960266113 -483.879882812 -654.946594238 297.739654541 568.873291016 -645.986267090 336.334289551 841.461853027 -739.236877441 -520.517150879 -654.466491699 296.740081787 726.872924805 -874.359191895 337.471160889 842.703369141 773.066406250 137.498397827 799.927978516 -205.044662476 -433.359741211 -521.189453125 -569.518859863 -527.477966309
-649.122619629 -486.114959717 -649.927978516 295.849121094 567.375793457 -645.863098145 335.382232666 839.304626465 770.339111328 137.213424683 646.273010254 -103.619827271 -431.999298096 -520.130126953 -567.104431152 -525.251098633 -643.872619629 -480.367004395 -654.338378906 297.811309814 569.796630859 -651.458740234 337.253356934 843.055114746 770.922790527 137.293457031 640.367553711 -91.222587585 -433.978210449 -523.185363770 -566.744995117 -525.324096680 -624.359008789 -483.760192871 -654.946594238 297.739654541 569.465393066 -647.035949707 336.334289551 841.461853027 -737.671447754 -519.427795410 -654.466491699 296.740081787 725.906555176 -873.196716309 337.471160889 842.703369141 773.066406250 137.498397827 797.792602539 -204.497299194 -433.359741211 -521.189453125 -569.518859863 -527.477966309
-650.338867188 -486.122863770 -649.927978516 295.849121094 567.979309082 -646.913208008 335.382232666 839.304626465 770.339111328 137.213424683 646.629455566 -104.412879944 -431.999298096 -520.130126953 -567.104431152 -525.251098633 -645.115844727 -480.493286133 -654.338378906 297.811309814 570.396606445 -652.484802246 337.253356934 843.055114746 770.922790527 137.293457031 640.663513184 -92.059539795 -433.978210449 -523.185363770 -566.744995117 -525.324096680 -625.762573242 -483.638000488 -654.946594238 297.739654541 570.056945801 -648.085754395 336.334289551 841.461853027 -736.105957031 -518.338439941 -654.466491699 296.740081787 724.940185547 -872.034240723 337.471160889 842.703369141 773.066406250 137.498397827 795.657226562 -203.949951172 -433.359741211 -521.189453125 -569.518859863 -527.477966309
-651.554809570 -486.127471924 -649.927978516 295.849121094 568.582397461 -647.963378906 335.382232666 839.304626465 770.339111328 137.213424683 646.979736328 -105.208335876 -431.999298096 -520.130126953 -567.104431152 -525.251098633 -646.359069824 -480.616790771 -654.338378906 297.811309814 570.996093750 -653.510925293 337.253356934 843.055114746 770.922790527 137.293457031 640.952819824 -92.898551941 -433.978210449 -523.185363770 -566.744995117 -525.324096680 -627.171203613 -483.513427734 -654.946594238 297.739654541 570.648010254 -649.135620117 336.334289551 841.461853027 -734.540588379 -517.248962402 -654.466491699 296.740081787 723.973754883 -870.871765137 337.471160889 842.703369141 773.066406250 137.498397827 793.521850586 -203.402587891 -433.359741211 -521.189453125 -569.518859863 -527.477966309
-652.770568848 -486.128814697 -649.927978516 295.849121094 569.184997559 -649.013732910 335.382232666 839.304626465 770.339111328 137.213424683 647.323913574 -106.006179810 -431.999298096 -520.130126953 -567.104431152 -525.251098633 -647.602355957 -480.737518311 -654.338378906 297.811309814 571.595031738 -654.536987305 337.253356934 843.055114746 770.922790527 137.293457031 641.235351562 -93.739585876 -433.978210449 -523.185363770 -566.744995117 -525.324096680 -628.585205078 -483.386566162 -654.946594238 297.739654541 571.238525391 -650.185546875 336.334289551 841.461853027 -732.975219727 -516.159484863 -654.466491699 296.740081787 723.007385254 -869.709289551 337.471160889 842.703369141 773.066406250 137.498397827 791.386474609 -202.855224609 -433.359741211 -521.189453125 -569.518859863 -527.477966309
-653.986022949 -486.126861572 -649.927978516 295.849121094 569.787048340 -650.064208984 335.382232666 839.304626465 770.339111328 137.213424683 647.661804199 -106.806396484 -431.999298096 -520.130126953 -567.104431152 -525.251098633 -648.845703125 -480.855407715 -654.338378906 297.811309814 572.193420410 -655.563110352 337.253356934 843.055114746 770.922790527 137.293457031 641.511047363 -94.582611084 -433.978210449 -523.185363770 -566.744995117 -525.324096680 -630.005065918 -483.257446289 -654.946594238 297.739654541 571.828491211 -651.235656738 336.334289551 841.461853027 -731.409912109 -515.069885254 -654.466491699 296.740081787 722.040954590 -868.546813965 337.471160889 842.703369141 773.066406250 137.498397827 789.251098633 -202.307861328 -433.359741211 -521.189453125 -569.518859863 -527.477966309
-655.201232910 -486.121612549 -649.927978516 295.849121094 570.388610840 -651.114868164 335.382232666 839.304626465 770.339111328 137.213424683 647.993347168 -107.608970642 -431.999298096 -520.130126953 -567.104431152 -525.251098633 -650.088989258 -480.970458984 -654.338378906 297.811309814 572.791259766 -656.589233398 337.253356934 843.055114746 770.922790527 137.293457031 641.779785156 -95.427612305 -433.978210449 -523.185363770 -566.744995117 -525.324096680 -631.431091309 -483.126251221 -654.946594238 297.739654541 572.417968750 -652.285827637 336.334289551 841.461853027 -729.844665527 -513.980285645 -654.466491699 296.740081787 721.074584961 -867.384277344 337.471160889 842.703369141 773.066406250 137.498397827 787.115722656 -201.760513306 -433.359741211 -521.189453125 -569.518859863 -527.477966309
-656.416198730 -486.113006592 -649.927978516 295.849121094 570.989746094 -652.165588379 335.382232666 839.304626465 770.339111328 137.213424683 648.318420410 -108.413879395 -431.999298096 -520.130126953 -567.104431152 -525.251098633 -651.332275391 -481.082702637 -654.338378906 297.811309814 573.388610840 -657.615356445 337.253356934 843.055114746 770.922790527 137.293457031 642.041503906 -96.274536133 -433.978210449 -523.185363770 -566.744995117 -525.324096680 -632.863769531 -482.993072510 -654.946594238 297.739654541 573.006958008 -653.336120605 336.334289551 841.461853027 -728.279418945 -512.890563965 -654.466491699 296.740081787 720.108215332 -866.221801758 337.471160889 842.703369141 773.066406250 137.498397827 784.980346680 -201.213150024 -433.359741211 -521.189453125 -569.518859863 -527.477966309
-657.630920410 -486.101074219 -649.927978516 295.849121094 571.590332031 -653.216430664 335.382232666 839.304626465 770.339111328 137.213424683 648.637023926 -109.221107483 -431.999298096 -520.130126953 -567.104431152 -525.251098633 -652.575622559 -481.192077637 -654.338378906 297.811309814 573.985412598 -658.641479492 337.253356934 843.055114746 770.922790527 137.293457031 642.296142578 -97.123367310 -433.978210449 -523.185363770 -566.744995117 -525.324096680 -634.303527832 -482.858062744 -654.946594238 297.739654541 573.595397949 -654.386535645 336.334289551 841.461853027 -726.714233398 -511.800842285 -654.466491699 296.740081787 719.141784668 -865.059326172 337.471160889 842.703369141 773.066406250 137.498397827 782.844970703 -200.665786743 -433.359741211 -521.189453125 -569.518859863 -527.477966309
-658.845336914 -486.085754395 -649.927978516 295.849121094 572.190429688 -654.267456055 335.382232666 839.304626465 770.339111328 137.213424683 648.948974609 -110.030639648 -431.999298096 -520.130126953 -567.104431152 -525.251098633 -653.818908691 -481.298583984 -654.338378906 297.811309814 574.581726074 -659.667602539 337.253356934 843.055114746 770.922790527 137.293457031 642.543518066 -97.974060059 -433.978210449 -523.185363770 -566.744995117 -525.324096680 -635.750854492 -482.721343994 -654.946594238 297.739654541 574.183288574 -655.437072754 336.334289551 841.461853027 -725.149108887 -510.711029053 -654.466491699 296.740081787 718.175415039 -863.896850586 337.471160889 842.703369141 773.066406250 137.498397827 780.709594727 -200.118423462 -433.359741211 -521.189453125 -569.518859863 -527.477966309
-660.059448242 -486.067047119 -649.927978516 295.849121094 572.790100098 -655.318603516 335.382232666 839.304626465 770.339111328 137.213424683 649.254211426 -110.842437744 -431.999298096 -520.130126953 -567.104431152 -525.251098633 -655.062194824 -481.402252197 -654.338378906 297.811309814 575.177429199 -660.693786621 337.253356934 843.055114746 770.922790527 137.293457031 642.783569336 -98.826583862 -433.978210449 -523.185363770 -566.744995117 -525.324096680 -637.206420898 -482.583129883 -654.946594238 297.739654541 574.770690918 -656.487731934 336.334289551 841.461853027 -723.583984375 -509.621185303 -654.466491699 296.740081787 717.208984375 -862.734375000 337.471160889 842.703369141 773.066406250 137.498397827 778.574218750 -199.571075439 -433.359741211 -521.189453125 -569.518859863 -527.477966309
-661.273315430 -486.044952393 -649.927978516 295.849121094 573.389221191 -656.369873047 335.382232666 839.304626465 770.339111328 137.213424683 649.552612305 -111.656494141 -431.999298096 -520.130126953 -567.104431152 -525.251098633 -656.305480957 -481.503021240 -654.338378906 297.811309814 575.772644043 -661.719970703 337.253356934 843.055114746 770.922790527 137.293457031 643.016235352 -99.680900574 -433.978210449 -523.185363770 -566.744995117 -525.324096680 -638.670837402 -482.443603516 -654.946594238 297.739654541 575.357604980 -657.538452148 336.334289551 841.461853027 -722.018920898 -508.531250000 -654.466491699 296.740081787 716.242614746 -861.571899414 337.471160889 842.703369141 773.066406250 137.498397827 776.438842773 -199.023712158 -433.359741211 -521.189453125 -569.518859863 -527.477966309
-662.486816406 -486.019409180 -649.927978516 295.849121094 573.987915039 -657.421264648 335.382232666 839.304626465 770.339111328 137.213424683 649.844055176 -112.472785950 -431.999298096 -520.130126953 -567.104431152 -525.251098633 -657.548767090 -481.600860596 -654.338378906 297.811309814 576.367370605 -662.746154785 337.253356934 843.055114746 770.922790527 137.293457031 643.241333008 -100.536964417 -433.978210449 -523.185363770 -566.744995117 -525.324096680 -640.144836426 -482.302978516 -654.946594238 297.739654541 575.944030762 -658.589355469 336.334289551 841.461853027 -720.453918457 -507.441284180 -654.466491699 296.740081787 715.276245117 -860.409423828 337.471160889 842.703369141 773.066406250 137.498397827 774.303466797 -198.476348877 -433.359741211 -521.189453125 -569.518859863 -527.477966309
-663.700012207 -485.990386963 -649.927978516 295.849121094 574.586120605 -658.472839355 335.382232666 839.304626465 770.339111328 137.213424683 650.128479004 -113.291282654 -431.999298096 -520.130126953 -567.104431152 -525.251098633 -658.792053223 -481.695831299 -654.338378906 297.811309814 576.961486816 -663.772338867 337.253356934 843.055114746 770.922790527 137.293457031 643.458862305 -101.394744873 -433.978210449 -523.185363770 -566.744995117 -525.324096680 -641.629150391 -482.161529541 -654.946594238 297.739654541 576.529907227 -659.640319824 336.334289551 841.461853027 -718.888916016 -506.351257324 -654.466491699 296.740081787 714.309814453 -859.246948242 337.471160889 842.703369141 773.066406250 137.498397827 772.168090820 -197.929000854 -433.359741211 -521.189453125 -569.518859863 -527.477966309
-664.912902832 -485.957916260 -649.927978516 295.849121094 575.183837891 -659.524536133 335.382232666 839.304626465 770.339111328 137.213424683 650.405700684 -114.111953735 -431.999298096 -520.130126953 -567.104431152 -525.251098633 -660.035217285 -481.787841797 -654.338378906 297.811309814 577.555114746 -664.798522949 337.253356934 843.055114746 770.922790527 137.293457031 643.668640137 -102.254196167 -433.978210449 -523.185363770 -566.744995117 -525.324096680 -643.124633789 -482.019561768 -654.946594238 297.739654541 577.115295410 -660.691467285 336.334289551 841.461853027 -717.323974609 -505.261169434 -654.466491699 296.740081787 713.343444824 -858.084472656 337.471160889 842.703369141 773.066406250 137.498397827 770.032714844 -197.381637573 -433.359741211 -521.189453125 -569.518859863 -527.477966309
-666.125427246 -485.921905518 -649.927978516 295.849121094 575.781127930 -660.576416016 335.382232666 839.304626465 770.339111328 137.213424683 650.675598145 -114.934776306 -431.999298096 -520.130126953 -567.104431152 -525.251098633 -661.278442383 -481.876922607 -654.338378906 297.811309814 578.148254395 -665.824768066 337.253356934 843.055114746 770.922790527 137.293457031 643.870544434 -103.115264893 -433.978210449 -523.185363770 -566.744995117 -525.324096680 -644.632385254 -481.877410889 -654.946594238 297.739654541 577.700195312 -661.742675781 336.334289551 841.461853027 -715.759094238 -504.171020508 -654.466491699 296.740081787 712.377014160 -856.921997070 337.471160889 842.703369141 773.066406250 137.498397827 767.897338867 -196.834274292 -433.359741211 -521.189453125 -569.518859863 -527.477966309
-667.337646484 -485.882385254 -649.927978516 295.849121094 576.377929688 -661.628417969 335.382232666 839.304626465 770.339111328 137.213424683 650.938171387 -115.759727478 -431.999298096 -520.130126953 -567.104431152 -525.251098633 -662.521545410 -481.963012695 -654.338378906 297.811309814 578.740844727 -666.850952148 337.253356934 843.055114746 770.922790527 137.293457031 644.064453125 -103.977920532 -433.978210449 -523.185363770 -566.744995117 -525.324096680 -646.153503418 -481.735443115 -654.946594238 297.739654541 578.284545898 -662.794067383 336.334289551 841.461853027 -714.194213867 -503.080810547 -654.466491699 296.740081787 711.410644531 -855.759521484 337.471160889 842.703369141 773.066406250 137.498397827 765.761962891 -196.286911011 -433.359741211 -521.189453125 -569.518859863 -527.477966309
-668.549438477 -485.839263916 -649.927978516 295.849121094 576.974243164 -662.680603027 335.382232666 839.304626465 770.339111328 137.213424683 651.193115234 -116.586769104 -431.999298096 -520.130126953 -567.104431152 -525.251098633 -663.764648438 -482.046142578 -654.338378906 297.811309814 579.332885742 -667.877197266 337.253356934 843.055114746 770.922790527 137.293457031 644.250305176 -104.842102051 -433.978210449 -523.185363770 -566.744995117 -525.324096680 -647.689208984 -481.594177246 -654.946594238 297.739654541 578.868469238 -663.845520020 336.334289551 841.461853027 -712.629394531 -501.990539551 -654.466491699 296.740081787 710.444274902 -854.596984863 337.471160889 842.703369141 773.066406250 137.498397827 763.626586914 -195.739562988 -433.359741211 -521.189453125 -569.518859863 -527.477966309
-669.760925293 -485.792572021 -649.927978516 295.849121094 577.570129395 -663.732910156 335.382232666 839.304626465 770.339111328 137.213424683 651.440490723 -117.415870667 -431.999298096 -520.130126953 -567.104431152 -525.251098633 -665.007751465 -482.126281738 -654.338378906 297.811309814 579.924377441 -668.903442383 337.253356934 843.055114746 770.922790527 137.293457031 644.427978516 -105.707763672 -433.978210449 -523.185363770 -566.744995117 -525.324096680 -649.241027832 -481.454132080 -654.946594238 297.739654541 579.451904297 -664.897155762 336.334289551 841.461853027 -711.064636230 -500.900238037 -654.466491699 296.740081787 709.477844238 -853.434509277 337.471160889 842.703369141 773.066406250 137.498397827 761.491210938 -195.192199707 -433.359741211 -521.189453125 -569.518859863 -527.477966309
-670.972045898 -485.742218018 -649.927978516 295.849121094 578.165527344 -664.785400391 335.382232666 839.304626465 770.339111328 137.213424683 651.679992676 -118.247001648 -431.999298096 -520.130126953 -567.104431152 -525.251098633 -666.250732422 -482.203430176 -654.338378906 297.811309814 580.515380859 -669.929687500 337.253356934 843.055114746 770.922790527 137.293457031 644.597290039 -106.574851990 -433.978210449 -523.185363770 -566.744995117 -525.324096680 -650.810546875 -481.315917969 -654.946594238 297.739654541 580.034790039 -665.948913574 336.334289551 841.461853027 -709.499877930 -499.809844971 -654.466491699 296.740081787 708.511474609 -852.272033691 337.471160889 842.703369141 773.066406250 137.498397827 759.355834961 -194.644836426 -433.359741211 -521.189453125 -569.518859863 -527.477966309
-672.182739258 -485.688232422 -649.927978516 295.849121094 578.760498047 -665.838012695 335.382232666 839.304626465 770.339111328 137.213424683 651.911560059 -119.080123901 -431.999298096 -520.130126953 -567.104431152 -525.251098633 -667.493652344 -482.277496338 -654.338378906 297.811309814 581.105895996 -670.955932617 337.253356934 843.055114746 770.922790527 137.293457031 644.758117676 -107.443313599 -433.978210449 -523.185363770 -566.744995117 -525.324096680 -652.399841309 -481.180328369 -654.946594238 297.739654541 580.617248535 -667.000854492 336.334289551 841.461853027 -707.935180664 -498.719421387 -654.466491699 296.740081787 707.545043945 -851.109558105 337.471160889 842.703369141 773.066406250 137.498397827 757.220458984 -194.097473145 -433.359741211 -521.189453125 -569.518859863 -527.477966309
-673.393066406 -485.630523682 -649.927978516 295.849121094 579.355041504 -666.890869141 335.382232666 839.304626465 770.339111328 137.213424683 652.135009766 -119.915191650 -431.999298096 -520.130126953 -567.104431152 -525.251098633 -668.736572266 -482.348541260 -654.338378906 297.811309814 581.695861816 -671.982177734 337.253356934 843.055114746 770.922790527 137.293457031 644.910339355 -108.313087463 -433.978210449 -523.185363770 -566.744995117 -525.324096680 -654.011169434 -481.048278809 -654.946594238 297.739654541 581.199157715 -668.052856445 336.334289551 841.461853027 -706.370483398 -497.628936768 -654.466491699 296.740081787 706.578674316 -849.947082520 337.471160889 842.703369141 773.066406250 137.498397827 755.085083008 -193.550125122 -433.359741211 -521.189453125 -569.518859863 -527.477966309
-674.602966309 -485.569091797 -649.927978516 295.849121094 579.949096680 -667.943847656 335.382232666 839.304626465 770.339111328 137.213424683 652.350219727 -120.752174377 -431.999298096 -520.130126953 -567.104431152 -525.251098633 -669.979370117 -482.416503906 -654.338378906 297.811309814 582.285278320 -673.008422852 337.253356934 843.055114746 770.922790527 137.293457031 645.053771973 -109.184104919 -433.978210449 -523.185363770 -566.744995117 -525.324096680 -655.647155762 -480.920837402 -654.946594238 297.739654541 581.780639648 -669.105041504 336.334289551 841.461853027 -704.805847168 -496.538391113 -654.466491699 296.740081787 705.612304688 -848.784606934 337.471160889 842.703369141 773.066406250 137.498397827 752.949645996 -193.002761841 -433.359741211 -521.189453125 -569.518859863 -527.477966309
-675.812438965 -485.503875732 -649.927978516 295.849121094 580.542663574 -668.997009277 335.382232666 839.304626465 770.339111328 137.213424683 652.557067871 -121.591018677 -431.999298096 -520.130126953 -567.104431152 -525.251098633 -671.222106934 -482.481384277 -654.338378906 297.811309814 582.874206543 -674.034729004 337.253356934 843.055114746 770.922790527 137.293457031 645.188293457 -110.056320190 -433.978210449 -523.185363770 -566.744995117 -525.324096680 -657.308227539 -480.799621582 -654.946594238 297.739654541 582.361633301 -670.157409668 336.334289551 841.461853027 -703.241271973 -495.447784424 -654.466491699 296.740081787 704.645874023 -847.622131348 337.471160889 842.703369141 773.066406250 137.498397827 750.814270020 -192.455398560 -433.359741211 -521.189453125 -569.518859863 -527.477966309
-677.021484375 -485.434814453 -649.927978516 295.849121094 581.135864258 -670.050292969 335.382232666 839.304626465 770.339111328 137.213424683 652.755310059 -122.431694031 -431.999298096 -520.130126953 -567.104431152 -525.251098633 -672.464782715 -482.543121338 -654.338378906 297.811309814 583.462585449 -675.060974121 337.253356934 843.055114746 770.922790527 137.293457031 645.313781738 -110.929649353 -433.978210449 -523.185363770 -566.744995117 -525.324096680 -658.994323730 -480.686370850 -654.946594238 297.739654541 582.942138672 -671.209899902 336.334289551 841.461853027 -701.676696777 -494.357147217 -654.466491699 296.740081787 703.679504395 -846.459655762 337.471160889 842.703369141 773.066406250 137.498397827 748.678894043 -191.908035278 -433.359741211 -521.189453125 -569.518859863 -527.477966309
-678.230041504 -485.361907959 -649.927978516 295.849121094 581.728576660 -671.103820801 335.382232666 839.304626465 770.339111328 137.213424683 652.944763184 -123.274131775 -431.999298096 -520.130126953 -567.104431152 -525.251098633 -673.707336426 -482.601745605 -654.338378906 297.811309814 584.050415039 -676.087219238 337.253356934 843.055114746 770.922790527 137.293457031 645.430114746 -111.804023743 -433.978210449 -523.185363770 -566.744995117 -525.324096680 -660.705627441 -480.582885742 -654.946594238 297.739654541 583.522155762 -672.262512207 336.334289551 841.461853027 -700.112182617 -493.266418457 -654.466491699 296.740081787 702.713073730 -845.297180176 337.471160889 842.703369141 773.066406250 137.498397827 746.543518066 -191.360687256 -433.359741211 -521.189453125 -569.518859863 -527.477966309
-679.438171387 -485.285095215 -649.927978516 295.849121094 582.320922852 -672.157531738 335.382232666 839.304626465 770.339111328 137.213424683 653.125305176 -124.118286133 -431.999298096 -520.130126953 -567.104431152 -525.251098633 -674.949829102 -482.657196045 -654.338378906 297.811309814 584.637756348 -677.113525391 337.253356934 843.055114746 770.922790527 137.293457031 645.536987305 -112.679374695 -433.978210449 -523.185363770 -566.744995117 -525.324096680 -662.442138672 -480.491149902 -654.946594238 297.739654541 584.101745605 -673.315307617 336.334289551 841.461853027 -698.547729492 -492.175659180 -654.466491699 296.740081787 701.746704102 -844.134704590 337.471160889 842.703369141 773.066406250 137.498397827 744.408142090 -190.813323975 -433.359741211 -521.189453125 -569.518859863 -527.477966309
-680.645874023 -485.204315186 -649.927978516 295.849121094 582.912780762 -673.211425781 335.382232666 839.304626465 770.339111328 137.213424683 653.296752930 -124.964111328 -431.999298096 -520.130126953 -567.104431152 -525.251098633 -676.192199707 -482.709472656 -654.338378906 297.811309814 585.224609375 -678.139770508 337.253356934 843.055114746 770.922790527 137.293457031 645.634338379 -113.555618286 -433.978210449 -523.185363770 -566.744995117 -525.324096680 -664.203796387 -480.413208008 -654.946594238 297.739654541 584.680847168 -674.368286133 336.334289551 841.461853027 -696.983276367 -491.084838867 -654.466491699 296.740081787 700.780334473 -842.972229004 337.471160889 842.703369141 773.066406250 137.498397827 742.272766113 -190.265960693 -433.359741211 -521.189453125 -569.518859863 -527.477966309
-681.853027344 -485.119537354 -649.927978516 295.849121094 583.504211426 -674.265502930 335.382232666 839.304626465 770.339111328 137.213424683 653.458862305 -125.811538696 -431.999298096 -520.130126953 -567.104431152 -525.251098633 -677.434509277 -482.758544922 -654.338378906 297.811309814 585.810913086 -679.166076660 337.253356934 843.055114746 770.922790527 137.293457031 645.721984863 -114.432670593 -433.978210449 -523.185363770 -566.744995117 -525.324096680 -665.990661621 -480.351165771 -654.946594238 297.739654541 585.259521484 -675.421386719 336.334289551 841.461853027 -695.418884277 -489.993957520 -654.466491699 296.740081787 699.813903809 -841.809753418 337.471160889 842.703369141 773.066406250 137.498397827 740.137390137 -189.718612671 -433.359741211 -521.189453125 -569.518859863 -527.477966309
-683.059753418 -485.030731201 -649.927978516 295.849121094 584.095275879 -675.319824219 335.382232666 839.304626465 770.339111328 137.213424683 653.611450195 -126.660499573 -431.999298096 -520.130126953 -567.104431152 -525.251098633 -678.676696777 -482.804382324 -654.338378906 297.811309814 586.396728516 -680.192321777 337.253356934 843.055114746 770.922790527 137.293457031 645.799682617 -115.310440063 -433.978210449 -523.185363770 -566.744995117 -525.324096680 -667.802490234 -480.307250977 -654.946594238 297.739654541 585.837707520 -676.474670410 336.334289551 841.461853027 -693.854553223 -488.903015137 -654.466491699 296.740081787 698.847534180 -840.647216797 337.471160889 842.703369141 773.066406250 137.498397827 738.002014160 -189.171249390 -433.359741211 -521.189453125 -569.518859863 -527.477966309
-684.265930176 -484.937957764 -649.927978516 295.849121094 584.685852051 -676.374267578 335.382232666 839.304626465 770.339111328 137.213424683 653.754272461 -127.510925293 -431.999298096 -520.130126953 -567.104431152 -525.251098633 -679.918762207 -482.847045898 -654.338378906 297.811309814 586.981994629 -681.218627930 337.253356934 843.055114746 770.922790527 137.293457031 645.867248535 -116.188835144 -433.978210449 -523.185363770 -566.744995117 -525.324096680 -669.639221191 -480.283752441 -654.946594238 297.739654541 586.415466309 -677.528137207 336.334289551 841.461853027 -692.290222168 -487.812042236 -654.466491699 296.740081787 697.881103516 -839.484741211 337.471160889 842.703369141 773.066406250 137.498397827 735.866638184 -188.623886108 -433.359741211 -521.189453125 -569.518859863 -527.477966309
-685.471618652 -484.841247559 -649.927978516 295.849121094 585.276062012 -677.428955078 335.382232666 839.304626465 770.339111328 137.213424683 653.887145996 -128.362747192 -431.999298096 -520.130126953 -567.104431152 -525.251098633 -681.160705566 -482.886505127 -654.338378906 297.811309814 587.566711426 -682.244873047 337.253356934 843.055114746 770.922790527 137.293457031 645.924560547 -117.067756653 -433.978210449 -523.185363770 -566.744995117 -525.324096680 -671.500610352 -480.282897949 -654.946594238 297.739654541 586.992736816 -678.581726074 336.334289551 841.461853027 -690.725952148 -486.720977783 -654.466491699 296.740081787 696.914733887 -838.322265625 337.471160889 842.703369141 773.066406250 137.498397827 733.731262207 -188.076522827 -433.359741211 -521.189453125 -569.518859863 -527.477966309
-686.676879883 -484.741119385 -649.927978516 295.849121094 585.865844727 -678.483886719 335.382232666 839.304626465 770.339111328 137.213424683 654.009826660 -129.215896606 -431.999298096 -520.130126953 -567.104431152 -525.251098633 -682.402587891 -482.922851562 -654.338378906 297.811309814 588.150939941 -683.271179199 337.253356934 843.055114746 770.922790527 137.293457031 645.971374512 -117.947105408 -433.978210449 -523.185363770 -566.744995117 -525.324096680 -673.386291504 -480.306579590 -654.946594238 297.739654541 587.569580078 -679.635559082 336.334289551 841.461853027 -689.161682129 -485.629882812 -654.466491699 296.740081787 695.948364258 -837.159790039 337.471160889 842.703369141 773.066406250 137.498397827 731.595886230 -187.529174805 -433.359741211 -521.189453125 -569.518859863 -527.477966309
-686.676879883 -484.741119385 -649.927978516 295.849121094 586.455200195 -679.539001465 335.382232666 839.304626465 770.339111328 137.213424683 654.122009277 -130.070266724 -431.999298096 -520.130126953 -567.104431152 -525.251098633 -683.644287109 -482.956329346 -654.338378906 297.811309814 588.734680176 -684.297485352 337.253356934 843.055114746 770.922790527 137.293457031 646.007385254 -118.826751709 -433.978210449 -523.185363770 -566.744995117 -525.324096680 -675.295959473 -480.355072021 -654.946594238 297.739654541 588.145996094 -680.689575195 336.334289551 841.461853027 -687.597534180 -484.538726807 -654.466491699 296.740081787 694.981933594 -835.997314453 337.471160889 842.703369141 773.066406250 137.498397827 729.460510254 -186.981811523 -433.359741211 -521.189453125 -569.518859863 -527.477966309
-686.676879883 -484.741119385 -649.927978516 295.849121094 587.044189453 -680.594360352 335.382232666 839.304626465 770.339111328 137.213424683 654.223510742 -130.925765991 -431.999298096 -520.130126953 -567.104431152 -525.251098633 -683.644287109 -482.956329346 -654.338378906 297.811309814 589.317871094 -685.323730469 337.253356934 843.055114746 770.922790527 137.293457031 646.032531738 -119.706588745 -433.978210449 -523.185363770 -566.744995117 -525.324096680 -677.204589844 -480.428070068 -654.946594238 297.739654541 588.721923828 -681.743713379 336.334289551 841.461853027 -686.033325195 -483.447540283 -654.466491699 296.740081787 694.015563965 -834.834838867 337.471160889 842.703369141 773.066406250 137.498397827 727.325134277 -186.434448242 -433.359741211 -521.189453125 -569.518859863 -527.477966309
-686.676879883 -484.741119385 -649.927978516 295.849121094 587.632812500 -681.649902344 335.382232666 839.304626465 770.339111328 137.213424683 654.313964844 -131.782302856 -431.999298096 -520.130126953 -567.104431152 -525.251098633 -683.644287109 -482.956329346 -654.338378906 297.811309814 589.900573730 -686.350036621 337.253356934 843.055114746 770.922790527 137.293457031 646.046386719 -120.586479187 -433.978210449 -523.185363770 -566.744995117 -525.324096680 -679.111877441 -480.525543213 -654.946594238 297.739654541 589.297485352 -682.798095703 336.334289551 841.461853027 -684.469238281 -482.356262207 -654.466491699 296.740081787 693.049133301 -833.672363281 337.471160889 842.703369141 773.066406250 137.498397827 725.189758301 -185.887084961 -433.359741211 -521.189453125 -569.518859863 -527.477966309
-686.676879883 -484.741119385 -649.927978516 295.849121094 588.221008301 -682.705749512 335.382232666 839.304626465 770.339111328 137.213424683 654.393188477 -132.639755249 -431.999298096 -520.130126953 -567.104431152 -525.251098633 -683.644287109 -482.956329346 -654.338378906 297.811309814 590.482727051 -687.376281738 337.253356934 843.055114746 770.922790527 137.293457031 646.048828125 -121.466293335 -433.978210449 -523.185363770 -566.744995117 -525.324096680 -681.017333984 -480.647491455 -654.946594238 297.739654541 589.872558594 -683.852661133 336.334289551 841.461853027 -682.905090332 -481.264953613 -654.466491699 296.740081787 692.082763672 -832.509887695 337.471160889 842.703369141 773.066406250 137.498397827 723.054382324 -185.339736938 -433.359741211 -521.189453125 -569.518859863 -527.477966309
-686.676879883 -484.741119385 -649.927978516 295.849121094 588.808837891 -683.761779785 335.382232666 839.304626465 770.339111328 137.213424683 654.460754395 -133.498016357 -431.999298096 -520.130126953 -567.104431152 -525.251098633 -683.644287109 -482.956329346 -654.338378906 297.811309814 591.064392090 -688.402587891 337.253356934 843.055114746 770.922790527 137.293457031 646.039550781 -122.345878601 -433.978210449 -523.185363770 -566.744995117 -525.324096680 -681.017333984 -480.647491455 -654.946594238 297.739654541 590.447265625 -684.907470703 336.334289551 841.461853027 -682.905090332 -481.264953613 -654.466491699 296.740081787 691.116394043 -831.347412109 337.471160889 842.703369141 773.066406250 137.498397827 720.919006348 -184.792373657 -433.359741211 -521.189453125 -569.518859863 -527.477966309
-686.676879883 -484.741119385 -649.927978516 295.849121094 589.396240234 -684.818054199 335.382232666 839.304626465 770.339111328 137.213424683 654.516357422 -134.356948853 -431.999298096 -520.130126953 -567.104431152 -525.251098633 -683.644287109 -482.956329346 -654.338378906 297.811309814 591.645568848 -689.428833008 337.253356934 843.055114746 770.922790527 137.293457031 646.018310547 -123.225074768 -433.978210449 -523.185363770 -566.744995117 -525.324096680 -681.017333984 -480.647491455 -654.946594238 297.739654541 591.021484375 -685.962463379 336.334289551 841.461853027 -682.905090332 -481.264953613 -654.466491699 296.740081787 690.149963379 -830.184936523 337.471160889 842.703369141 773.066406250 137.498397827 718.783630371 -184.245010376 -433.359741211 -521.189453125 -569.518859863 -527.477966309
-686.676879883 -484.741119385 -649.927978516 295.849121094 589.983337402 -685.874633789 335.382232666 839.304626465 770.339111328 137.213424683 654.559692383 -135.216415405 -431.999298096 -520.130126953 -567.104431152 -525.251098633 -683.644287109 -482.956329346 -654.338378906 297.811309814 592.226196289 -690.455078125 337.253356934 843.055114746 770.922790527 137.293457031 645.984741211 -124.103721619 -433.978210449 -523.185363770 -566.744995117 -525.324096680 -681.017333984 -480.647491455 -654.946594238 297.739654541 591.595336914 -687.017639160 336.334289551 841.461853027 -682.905090332 -481.264953613 -654.466491699 296.740081787 689.183593750 -829.022460938 337.471160889 842.703369141 773.066406250 137.498397827 716.648254395 -183.697662354 -433.359741211 -521.189453125 -569.518859863 -527.477966309
-686.676879883 -484.741119385 -649.927978516 295.849121094 590.570007324 -686.931457520 335.382232666 839.304626465 770.339111328 137.213424683 654.590332031 -136.076263428 -431.999298096 -520.130126953 -567.104431152 -525.251098633 -683.644287109 -482.956329346 -654.338378906 297.811309814 592.806335449 -691.481384277 337.253356934 843.055114746 770.922790527 137.293457031 645.938659668 -124.981628418 -433.978210449 -523.185363770 -566.744995117 -525.324096680 -681.017333984 -480.647491455 -654.946594238 297.739654541 592.168762207 -688.073059082 336.334289551 841.461853027 -682.905090332 -481.264953613 -654.466491699 296.740081787 688.217163086 -827.859985352 337.471160889 842.703369141 773.066406250 137.498397827 714.512878418 -183.150299072 -433.359741211 -521.189453125 -569.518859863 -527.477966309
-686.676879883 -484.741119385 -649.927978516 295.849121094 591.156311035 -687.988525391 335.382232666 839.304626465 770.339111328 137.213424683 654.607910156 -136.936309814 -431.999298096 -520.130126953 -567.104431152 -525.251098633 -683.644287109 -482.956329346 -654.338378906 297.811309814 593.385925293 -692.507629395 337.253356934 843.055114746 770.922790527 137.293457031 645.879638672 -125.858604431 -433.978210449 -523.185363770 -566.744995117 -525.324096680 -681.017333984 -480.647491455 -654.946594238 297.739654541 592.741760254 -689.128723145 336.334289551 841.461853027 -682.905090332 -481.264953613 -654.466491699 296.740081787 687.250793457 -826.697448730 337.471160889 842.703369141 773.066406250 137.498397827 712.377502441 -182.602935791 -433.359741211 -521.189453125 -569.518859863 -527.477966309
-686.676879883 -484.741119385 -649.927978516 295.849121094 591.742309570 -689.045837402 335.382232666 839.304626465 770.339111328 137.213424683 654.611999512 -137.796371460 -431.999298096 -520.130126953 -567.104431152 -525.251098633 -683.644287109 -482.956329346 -654.338378906 297.811309814 593.965026855 -693.533874512 337.253356934 843.055114746 770.922790527 137.293457031 645.807373047 -126.734436035 -433.978210449 -523.185363770 -566.744995117 -525.324096680 -681.017333984 -480.647491455 -654.946594238 297.739654541 593.314392090 -690.184631348 336.334289551 841.461853027 -682.905090332 -481.264953613 -654.466491699 296.740081787 686.284423828 -825.534973145 337.471160889 842.703369141 773.066406250 137.498397827 710.242126465 -182.055572510 -433.359741211 -521.189453125 -569.518859863 -527.477966309
-686.676879883 -484.741119385 -649.927978516 295.849121094 592.327941895 -690.103515625 335.382232666 839.304626465 770.339111328 137.213424683 654.602111816 -138.656250000 -431.999298096 -520.130126953 -567.104431152 -525.251098633 -683.644287109 -482.956329346 -654.338378906 297.811309814 594.543579102 -694.560119629 337.253356934 843.055114746 770.922790527 137.293457031 645.721496582 -127.608879089 -433.978210449 -523.185363770 -566.744995117 -525.324096680 -681.017333984 -480.647491455 -654.946594238 297.739654541 593.886657715 -691.240722656 336.334289551 841.461853027 -682.905090332 -481.264953613 -654.466491699 296.740081787 685.317993164 -824.372497559 337.471160889 842.703369141 773.066406250 137.498397827 708.106750488 -181.508224487 -433.359741211 -521.189453125 -569.518859863 -527.477966309
-686.676879883 -484.741119385 -649.927978516 295.849121094 592.913208008 -691.161437988 335.382232666 839.304626465 770.339111328 137.213424683 654.577819824 -139.515686035 -431.999298096 -520.130126953 -567.104431152 -525.251098633 -683.644287109 -482.956329346 -654.338378906 297.811309814 595.121704102 -695.586364746 337.253356934 843.055114746 770.922790527 137.293457031 645.621643066 -128.481704712 -433.978210449 -523.185363770 -566.744995117 -525.324096680 -681.017333984 -480.647491455 -654.946594238 297.739654541 594.458496094 -692.297119141 336.334289551 841.461853027 -682.905090332 -481.264953613 -654.466491699 296.740081787 684.351623535 -823.210021973 337.471160889 842.703369141 773.066406250 137.498397827 705.971374512 -180.960861206 -433.359741211 -521.189453125 -569.518859863 -527.477966309
-686.676879883 -484.741119385 -649.927978516 295.849121094 593.498168945 -692.219665527 335.382232666 839.304626465 770.339111328 137.213424683 654.538513184 -140.374450684 -431.999298096 -520.130126953 -567.104431152 -525.251098633 -683.644287109 -482.956329346 -654.338378906 297.811309814 595.699279785 -696.612609863 337.253356934 843.055114746 770.922790527 137.293457031 645.507446289 -129.352630615 -433.978210449 -523.185363770 -566.744995117 -525.324096680 -681.017333984 -480.647491455 -654.946594238 297.739654541 595.029968262 -693.353759766 336.334289551 841.461853027 -682.905090332 -481.264953613 -654.466491699 296.740081787 683.385192871 -822.047546387 337.471160889 842.703369141 773.066406250 137.498397827 703.835998535 -180.413497925 -433.359741211 -521.189453125 -569.518859863 -527.477966309
-686.676879883 -484.741119385 -649.927978516 295.849121094 594.082824707 -693.278137207 335.382232666 839.304626465 770.339111328 137.213424683 654.483703613 -141.232254028 -431.999298096 -520.130126953 -567.104431152 -525.251098633 -683.644287109 -482.956329346 -654.338378906 297.811309814 596.276306152 -697.638793945 337.253356934 843.055114746 770.922790527 137.293457031 645.378417969 -130.221343994 -433.978210449 -523.185363770 -566.744995117 -525.324096680 -681.017333984 -480.647491455 -654.946594238 297.739654541 595.601074219 -694.410644531 336.334289551 841.461853027 -682.905090332 -481.264953613 -654.466491699 296.740081787 682.418823242 -820.885070801 337.471160889 842.703369141 773.066406250 137.498397827 701.700622559 -179.866134644 -433.359741211 -521.189453125 -569.518859863 -527.477966309
-686.676879883 -484.741119385 -649.927978516 295.849121094 594.667114258 -694.337036133 335.382232666 839.304626465 770.339111328 137.213424683 654.412719727 -142.088760376 -431.999298096 -520.130126953 -567.104431152 -525.251098633 -683.644287109 -482.956329346 -654.338378906 297.811309814 596.852844238 -698.665039062 337.253356934 843.055114746 770.922790527 137.293457031 645.234130859 -131.087539673 -433.978210449 -523.185363770 -566.744995117 -525.324096680 -681.017333984 -480.647491455 -654.946594238 297.739654541 596.171813965 -695.467773438 336.334289551 841.461853027 -682.905090332 -481.264953613 -654.466491699 296.740081787 681.452453613 -819.722595215 337.471160889 842.703369141 773.066406250 137.498397827 699.565246582 -179.318786621 -433.359741211 -521.189453125 -569.518859863 -527.477966309
-686.676879883 -484.741119385 -649.927978516 295.849121094 595.251098633 -695.396179199 335.382232666 839.304626465 770.339111328 137.213424683 654.324951172 -142.943603516 -431.999298096 -520.130126953 -567.104431152 -525.251098633 -683.644287109 -482.956329346 -654.338378906 297.811309814 597.428894043 -699.691223145 337.253356934 843.055114746 770.922790527 137.293457031 645.074157715 -131.950851440 -433.978210449 -523.185363770 -566.744995117 -525.324096680 -681.017333984 -480.647491455 -654.946594238 297.739654541 596.742126465 -696.525268555 336.334289551 841.461853027 -682.905090332 -481.264953613 -654.466491699 296.740081787 680.486022949 -818.560119629 337.471160889 842.703369141 773.066406250 137.498397827 697.429809570 -178.771423340 -433.359741211 -521.189453125 -569.518859863 -527.477966309
-686.676879883 -484.741119385 -649.927978516 295.849121094 595.834777832 -696.455688477 335.382232666 839.304626465 770.339111328 137.213424683 654.219604492 -143.796386719 -431.999298096 -520.130126953 -567.104431152 -525.251098633 -683.644287109 -482.956329346 -654.338378906 297.811309814 598.004455566 -700.717468262 337.253356934 843.055114746 770.922790527 137.293457031 644.897888184 -132.810882568 -433.978210449 -523.185363770 -566.744995117 -525.324096680 -681.017333984 -480.647491455 -654.946594238 297.739654541 597.312194824 -697.582946777 336.334289551 841.461853027 -682.905090332 -481.264953613 -654.466491699 296.740081787 679.519653320 -817.397644043 337.471160889 842.703369141 773.066406250 137.498397827 695.294433594 -178.224060059 -433.359741211 -521.189453125 -569.518859863 -527.477966309
-686.676879883 -484.741119385 -649.927978516 295.849121094 596.418212891 -697.515563965 335.382232666 839.304626465 770.339111328 137.213424683 654.095947266 -144.646621704 -431.999298096 -520.130126953 -567.104431152 -525.251098633 -683.644287109 -482.956329346 -654.338378906 297.811309814 598.579528809 -701.743652344 337.253356934 843.055114746 770.922790527 137.293457031 644.704833984 -133.667205811 -433.978210449 -523.185363770 -566.744995117 -525.324096680 -681.017333984 -480.647491455 -654.946594238 297.739654541 597.881835938 -698.640991211 336.334289551 841.461853027 -682.905090332 -481.264953613 -654.466491699 296.740081787 678.553222656 -816.235168457 337.471160889 842.703369141 773.066406250 137.498397827 693.159057617 -177.676696777 -433.359741211 -521.189453125 -569.518859863 -527.477966309
-686.676879883 -484.741119385 -649.927978516 295.849121094 597.001281738 -698.575744629 335.382232666 839.304626465 770.339111328 137.213424683 653.953002930 -145.493789673 -431.999298096 -520.130126953 -567.104431152 -525.251098633 -683.644287109 -482.956329346 -654.338378906 297.811309814 599.154052734 -702.769836426 337.253356934 843.055114746 770.922790527 137.293457031 644.494323730 -134.519317627 -433.978210449 -523.185363770 -566.744995117 -525.324096680 -681.017333984 -480.647491455 -654.946594238 297.739654541 598.451171875 -699.699340820 336.334289551 841.461853027 -682.905090332 -481.264953613 -654.466491699 296.740081787 677.586853027 -815.072692871 337.471160889 842.703369141 773.066406250 137.498397827 691.023681641 -177.129348755 -433.359741211 -521.189453125 -569.518859863 -527.477966309
-686.676879883 -484.741119385 -649.927978516 295.849121094 597.584167480 -699.636352539 335.382232666 839.304626465 770.339111328 137.213424683 653.789978027 -146.337265015 -431.999298096 -520.130126953 -567.104431152 -525.251098633 -683.644287109 -482.956329346 -654.338378906 297.811309814 599.728088379 -703.796020508 337.253356934 843.055114746 770.922790527 137.293457031 644.265869141 -135.366699219 -433.978210449 -523.185363770 -566.744995117 -525.324096680 -681.017333984 -480.647491455 -654.946594238 297.739654541 599.020141602 -700.757995605 336.334289551 841.461853027 -682.905090332 -481.264953613 -654.466491699 296.740081787 676.620422363 -813.910156250 337.471160889 842.703369141 773.066406250 137.498397827 688.888305664 -176.581985474 -433.359741211 -521.189453125 -569.518859863 -527.477966309
-686.676879883 -484.741119385 -649.927978516 295.849121094 598.166687012 -700.697326660 335.382232666 839.304626465 770.339111328 137.213424683 653.605651855 -147.176345825 -431.999298096 -520.130126953 -567.104431152 -525.251098633 -683.644287109 -482.956329346 -654.338378906 297.811309814 600.301574707 -704.822143555 337.253356934 843.055114746 770.922790527 137.293457031 644.018676758 -136.208755493 -433.978210449 -523.185363770 -566.744995117 -525.324096680 -681.017333984 -480.647491455 -654.946594238 297.739654541 599.588867188 -701.816955566 336.334289551 841.461853027 -682.905090332 -481.264953613 -654.466491699 296.740081787 675.654052734 -812.747680664 337.471160889 842.703369141 773.066406250 137.498397827 686.752929688 -176.034622192 -433.359741211 -521.189453125 -569.518859863 -527.477966309
-686.676879883 -484.741119385 -649.927978516 295.849121094 598.749023438 -701.758666992 335.382232666 839.304626465 770.339111328 137.213424683 653.398986816 -148.010177612 -431.999298096 -520.130126953 -567.104431152 -525.251098633 -683.644287109 -482.956329346 -654.338378906 297.811309814 600.874633789 -705.848327637 337.253356934 843.055114746 770.922790527 137.293457031 643.752014160 -137.044784546 -433.978210449 -523.185363770 -566.744995117 -525.324096680 -681.017333984 -480.647491455 -654.946594238 297.739654541 600.157226562 -702.876281738 336.334289551 841.461853027 -682.905090332 -481.264953613 -654.466491699 296.740081787 674.687683105 -811.585205078 337.471160889 842.703369141 773.066406250 137.498397827 684.617553711 -175.487274170 -433.359741211 -521.189453125 -569.518859863 -527.477966309
-686.676879883 -484.741119385 -649.927978516 295.849121094 599.331115723 -702.820495605 335.382232666 839.304626465 770.339111328 137.213424683 653.168518066 -148.837783813 -431.999298096 -520.130126953 -567.104431152 -525.251098633 -683.644287109 -482.956329346 -654.338378906 297.811309814 601.447143555 -706.874450684 337.253356934 843.055114746 770.922790527 137.293457031 643.465148926 -137.874038696 -433.978210449 -523.185363770 -566.744995117 -525.324096680 -681.017333984 -480.647491455 -654.946594238 297.739654541 600.725280762 -703.935974121 336.334289551 841.461853027 -682.905090332 -481.264953613 -654.466491699 296.740081787 673.721252441 -810.422729492 337.471160889 842.703369141 773.066406250 137.498397827 682.482177734 -174.939910889 -433.359741211 -521.189453125 -569.518859863 -527.477966309
-686.676879883 -484.741119385 -649.927978516 295.849121094 599.912902832 -703.882690430 335.382232666 839.304626465 770.339111328 137.213424683 652.914611816 -149.658508301 -431.999298096 -520.130126953 -567.104431152 -525.251098633 -683.644287109 -482.956329346 -654.338378906 297.811309814 602.019165039 -707.900573730 337.253356934 843.055114746 770.922790527 137.293457031 643.157226562 -138.695663452 -433.978210449 -523.185363770 -566.744995117 -525.324096680 -681.017333984 -480.647491455 -654.946594238 297.739654541 601.293029785 -704.996032715 336.334289551 841.461853027 -682.905090332 -481.264953613 -654.466491699 296.740081787 672.754882812 -809.260253906 337.471160889 842.703369141 773.066406250 137.498397827 680.346801758 -174.392547607 -433.359741211 -521.189453125 -569.518859863 -527.477966309
-686.676879883 -484.741119385 -649.927978516 295.849121094 600.494506836 -704.945312500 335.382232666 839.304626465 770.339111328 137.213424683 652.637268066 -150.471694946 -431.999298096 -520.130126953 -567.104431152 -525.251098633 -683.644287109 -482.956329346 -654.338378906 297.811309814 602.590637207 -708.926696777 337.253356934 843.055114746 770.922790527 137.293457031 642.827270508 -139.508666992 -433.978210449 -523.185363770 -566.744995117 -525.324096680 -681.017333984 -480.647491455 -654.946594238 297.739654541 601.860534668 -706.056457520 336.334289551 841.461853027 -682.905090332 -481.264953613 -654.466491699 296.740081787 671.788452148 -808.097778320 337.471160889 842.703369141 773.066406250 137.498397827 678.211425781 -173.845184326 -433.359741211 -521.189453125 -569.518859863 -527.477966309
-686.676879883 -484.741119385 -649.927978516 295.849121094 601.075927734 -706.008422852 335.382232666 839.304626465 770.339111328 137.213424683 652.336853027 -151.276718140 -431.999298096 -520.130126953 -567.104431152 -525.251098633 -683.644287109 -482.956329346 -654.338378906 297.811309814 603.161682129 -709.952758789 337.253356934 843.055114746 770.922790527 137.293457031 642.474670410 -140.312118530 -433.978210449 -523.185363770 -566.744995117 -525.324096680 -681.017333984 -480.647491455 -654.946594238 297.739654541 602.427795410 -707.117248535 336.334289551 841.461853027 -682.905090332 -481.264953613 -654.466491699 296.740081787 670.822082520 -806.935302734 337.471160889 842.703369141 773.066406250 137.498397827 676.076049805 -173.297836304 -433.359741211 -521.189453125 -569.518859863 -527.477966309
-686.676879883 -484.741119385 -649.927978516 295.849121094 601.657165527 -707.071960449 335.382232666 839.304626465 770.339111328 137.213424683 652.013549805 -152.072921753 -431.999298096 -520.130126953 -567.104431152 -525.251098633 -683.644287109 -482.956329346 -654.338378906 297.811309814 603.732177734 -710.978881836 337.253356934 843.055114746 770.922790527 137.293457031 642.099792480 -141.105392456 -433.978210449 -523.185363770 -566.744995117 -525.324096680 -681.017333984 -480.647491455 -654.946594238 297.739654541 602.994750977 -708.178466797 336.334289551 841.461853027 -682.905090332 -481.264953613 -654.466491699 296.740081787 669.855712891 -805.772827148 337.471160889 842.703369141 773.066406250 137.498397827 673.940673828 -172.750473022 -433.359741211 -521.189453125 -569.518859863 -527.477966309
-686.676879883 -484.741119385 -649.927978516 295.849121094 602.238159180 -708.136047363 335.382232666 839.304626465 770.339111328 137.213424683 651.667602539 -152.859680176 -431.999298096 -520.130126953 -567.104431152 -525.251098633 -683.644287109 -482.956329346 -654.338378906 297.811309814 604.302185059 -712.004943848 337.253356934 843.055114746 770.922790527 137.293457031 641.702941895 -141.887908936 -433.978210449 -523.185363770 -566.744995117 -525.324096680 -681.017333984 -480.647491455 -654.946594238 297.739654541 603.561462402 -709.240112305 336.334289551 841.461853027 -682.905090332 -481.264953613 -654.466491699 296.740081787 668.889282227 -804.610351562 337.471160889 842.703369141 773.066406250 137.498397827 671.805297852 -172.203109741 -433.359741211 -521.189453125 -569.518859863 -527.477966309
-686.676879883 -484.741119385 -649.927978516 295.849121094 602.819030762 -709.200622559 335.382232666 839.304626465 770.339111328 137.213424683 651.299316406 -153.636367798 -431.999298096 -520.130126953 -567.104431152 -525.251098633 -683.644287109 -482.956329346 -654.338378906 297.811309814 604.871704102 -713.030944824 337.253356934 843.055114746 770.922790527 137.293457031 641.284301758 -142.659027100 -433.978210449 -523.185363770 -566.744995117 -525.324096680 -681.017333984 -480.647491455 -654.946594238 297.739654541 604.127929688 -710.302246094 336.334289551 841.461853027 -682.905090332 -481.264953613 -654.466491699 296.740081787 667.922912598 -803.447875977 337.471160889 842.703369141 773.066406250 137.498397827 669.669921875 -171.655746460 -433.359741211 -521.189453125 -569.518859863 -527.477966309
-686.676879883 -484.741119385 -649.927978516 295.849121094 603.399719238 -710.265686035 335.382232666 839.304626465 770.339111328 137.213424683 650.908996582 -154.402343750 -431.999298096 -520.130126953 -567.104431152 -525.251098633 -683.644287109 -482.956329346 -654.338378906 297.811309814 605.440734863 -714.057006836 337.253356934 843.055114746 770.922790527 137.293457031 640.844238281 -143.418167114 -433.978210449 -523.185363770 -566.744995117 -525.324096680 -681.017333984 -480.647491455 -654.946594238 297.739654541 604.694213867 -711.364746094 336.334289551 841.461853027 -682.905090332 -481.264953613 -654.466491699 296.740081787 666.956481934 -802.285400391 337.471160889 842.703369141 773.066406250 137.498397827 667.534545898 -171.108398438 -433.359741211 -521.189453125 -569.518859863 -527.477966309
-686.676879883 -484.741119385 -649.927978516 295.849121094 603.980346680 -711.331359863 335.382232666 839.304626465 770.339111328 137.213424683 650.496887207 -155.157028198 -431.999298096 -520.130126953 -567.104431152 -525.251098633 -683.644287109 -482.956329346 -654.338378906 297.811309814 606.009277344 -715.083007812 337.253356934 843.055114746 770.922790527 137.293457031 640.383178711 -144.164749146 -433.978210449 -523.185363770 -566.744995117 -525.324096680 -681.017333984 -480.647491455 -654.946594238 297.739654541 605.260253906 -712.427795410 336.334289551 841.461853027 -682.905090332 -481.264953613 -654.466491699 296.740081787 665.990112305 -801.122924805 337.471160889 842.703369141 773.066406250 137.498397827 665.399169922 -170.561035156 -433.359741211 -521.189453125 -569.518859863 -527.477966309
-686.676879883 -484.741119385 -649.927978516 295.849121094 604.560791016 -712.397583008 335.382232666 839.304626465 770.339111328 137.213424683 650.063293457 -155.899765015 -431.999298096 -520.130126953 -567.104431152 -525.251098633 -683.644287109 -482.956329346 -654.338378906 297.811309814 606.577331543 -716.109008789 337.253356934 843.055114746 770.922790527 137.293457031 639.901367188 -144.898178101 -433.978210449 -523.185363770 -566.744995117 -525.324096680 -681.017333984 -480.647491455 -654.946594238 297.739654541 605.826171875 -713.491333008 336.334289551 841.461853027 -682.905090332 -481.264953613 -654.466491699 296.740081787 665.023742676 -799.960388184 337.471160889 842.703369141 773.066406250 137.498397827 663.263793945 -170.013671875 -433.359741211 -521.189453125 -569.518859863 -527.477966309
-686.676879883 -484.741119385 -649.927978516 295.849121094 605.141113281 -713.464355469 335.382232666 839.304626465 770.339111328 137.213424683 649.608703613 -156.630004883 -431.999298096 -520.130126953 -567.104431152 -525.251098633 -683.644287109 -482.956329346 -654.338378906 297.811309814 607.144836426 -717.135009766 337.253356934 843.055114746 770.922790527 137.293457031 639.399291992 -145.617904663 -433.978210449 -523.185363770 -566.744995117 -525.324096680 -681.017333984 -480.647491455 -654.946594238 297.739654541 606.391845703 -714.555358887 336.334289551 841.461853027 -682.905090332 -481.264953613 -654.466491699 296.740081787 664.057312012 -798.797912598 337.471160889 842.703369141 773.066406250 137.498397827 661.128417969 -169.466308594 -433.359741211 -521.189453125 -569.518859863 -527.477966309
-686.676879883 -484.741119385 -649.927978516 295.849121094 605.721435547 -714.531799316 335.382232666 839.304626465 770.339111328 137.213424683 649.133361816 -157.347106934 -431.999298096 -520.130126953 -567.104431152 -525.251098633 -683.644287109 -482.956329346 -654.338378906 297.811309814 607.711914062 -718.161010742 337.253356934 843.055114746 770.922790527 137.293457031 638.877197266 -146.323348999 -433.978210449 -523.185363770 -566.744995117 -525.324096680 -681.017333984 -480.647491455 -654.946594238 297.739654541 606.957397461 -715.619934082 336.334289551 841.461853027 -682.905090332 -481.264953613 -654.466491699 296.740081787 663.090942383 -797.635437012 337.471160889 842.703369141 773.066406250 137.498397827 658.993041992 -168.918960571 -433.359741211 -521.189453125 -569.518859863 -527.477966309
-686.676879883 -484.741119385 -649.927978516 295.849121094 606.301635742 -715.599914551 335.382232666 839.304626465 770.339111328 137.213424683 648.637695312 -158.050491333 -431.999298096 -520.130126953 -567.104431152 -525.251098633 -683.644287109 -482.956329346 -654.338378906 297.811309814 608.278503418 -719.187011719 337.253356934 843.055114746 770.922790527 137.293457031 638.335632324 -147.013961792 -433.978210449 -523.185363770 -566.744995117 -525.324096680 -681.017333984 -480.647491455 -654.946594238 297.739654541 607.522827148 -716.685119629 336.334289551 841.461853027 -682.905090332 -481.264953613 -654.466491699 296.740081787 662.124511719 -796.472961426 337.471160889 842.703369141 773.066406250 137.498397827 656.857666016 -168.371597290 -433.359741211 -521.189453125 -569.518859863 -527.477966309
-686.676879883 -484.741119385 -649.927978516 295.849121094 606.881835938 -716.668701172 335.382232666 839.304626465 770.339111328 137.213424683 648.122070312 -158.739578247 -431.999298096 -520.130126953 -567.104431152 -525.251098633 -683.644287109 -482.956329346 -654.338378906 297.811309814 608.844665527 -720.213134766 337.253356934 843.055114746 770.922790527 137.293457031 637.771789551 -147.693237305 -433.978210449 -523.185363770 -566.744995117 -525.324096680 -681.017333984 -480.647491455 -654.946594238 297.739654541 608.088134766 -717.750854492 336.334289551 841.461853027 -682.905090332 -481.264953613 -654.466491699 296.740081787 661.158142090 -795.310485840 337.471160889 842.703369141 773.066406250 137.498397827 654.722290039 -167.824234009 -433.359741211 -521.189453125 -569.518859863 -527.477966309
-686.676879883 -484.741119385 -649.927978516 295.849121094 607.462036133 -717.738220215 335.382232666 839.304626465 770.339111328 137.213424683 647.587036133 -159.413772583 -431.999298096 -520.130126953 -567.104431152 -525.251098633 -683.644287109 -482.956329346 -654.338378906 297.811309814 609.410461426 -721.239379883 337.253356934 843.055114746 770.922790527 137.293457031 637.181823730 -148.365539551 -433.978210449 -523.185363770 -566.744995117 -525.324096680 -681.017333984 -480.647491455 -654.946594238 297.739654541 608.653381348 -718.817321777 336.334289551 841.461853027 -682.905090332 -481.264953613 -654.466491699 296.740081787 660.191772461 -794.148010254 337.471160889 842.703369141 773.066406250 137.498397827 652.586914062 -167.276885986 -433.359741211 -521.189453125 -569.518859863 -527.477966309
-686.676879883 -484.741119385 -649.927978516 295.849121094 608.042297363 -718.808532715 335.382232666 839.304626465 770.339111328 137.213424683 647.032897949 -160.072509766 -431.999298096 -520.130126953 -567.104431152 -525.251098633 -683.644287109 -482.956329346 -654.338378906 297.811309814 609.975769043 -722.265747070 337.253356934 843.055114746 770.922790527 137.293457031 636.561157227 -149.035705566 -433.978210449 -523.185363770 -566.744995117 -525.324096680 -681.017333984 -480.647491455 -654.946594238 297.739654541 609.218627930 -719.884460449 336.334289551 841.461853027 -682.905090332 -481.264953613 -654.466491699 296.740081787 659.225341797 -792.985534668 337.471160889 842.703369141 773.066406250 137.498397827 650.451538086 -166.729522705 -433.359741211 -521.189453125 -569.518859863 -527.477966309
-686.676879883 -484.741119385 -649.927978516 295.849121094 608.622619629 -719.879699707 335.382232666 839.304626465 770.339111328 137.213424683 646.460266113 -160.715179443 -431.999298096 -520.130126953 -567.104431152 -525.251098633 -683.644287109 -482.956329346 -654.338378906 297.811309814 610.540771484 -723.292297363 337.253356934 843.055114746 770.922790527 137.293457031 635.905822754 -149.707122803 -433.978210449 -523.185363770 -566.744995117 -525.324096680 -681.017333984 -480.647491455 -654.946594238 297.739654541 609.783813477 -720.952331543 336.334289551 841.461853027 -682.905090332 -481.264953613 -654.466491699 296.740081787 658.258972168 -791.823059082 337.471160889 842.703369141 773.066406250 137.498397827 648.316162109 -166.182159424 -433.359741211 -521.189453125 -569.518859863 -527.477966309
-686.676879883 -484.741119385 -649.927978516 295.849121094 609.203063965 -720.951721191 335.382232666 839.304626465 770.339111328 137.213424683 645.869689941 -161.341140747 -431.999298096 -520.130126953 -567.104431152 -525.251098633 -683.644287109 -482.956329346 -654.338378906 297.811309814 611.105407715 -724.319091797 337.253356934 843.055114746 770.922790527 137.293457031 635.215942383 -150.378921509 -433.978210449 -523.185363770 -566.744995117 -525.324096680 -681.017333984 -480.647491455 -654.946594238 297.739654541 610.349060059 -722.021057129 336.334289551 841.461853027 -682.905090332 -481.264953613 -654.466491699 296.740081787 657.292541504 -790.660583496 337.471160889 842.703369141 773.066406250 137.498397827 646.180786133 -165.634796143 -433.359741211 -521.189453125 -569.518859863 -527.477966309
-686.676879883 -484.741119385 -649.927978516 295.849121094 609.783691406 -722.024780273 335.382232666 839.304626465 770.339111328 137.213424683 645.869689941 -161.341140747 -431.999298096 -520.130126953 -567.104431152 -525.251098633 -683.644287109 -482.956329346 -654.338378906 297.811309814 611.669738770 -725.346191406 337.253356934 843.055114746 770.922790527 137.293457031 634.509155273 -151.032913208 -433.978210449 -523.185363770 -566.744995117 -525.324096680 -681.017333984 -480.647491455 -654.946594238 297.739654541 610.914367676 -723.090637207 336.334289551 841.461853027 -682.905090332 -481.264953613 -654.466491699 296.740081787 656.326171875 -789.498107910 337.471160889 842.703369141 773.066406250 137.498397827 644.045349121 -165.087448120 -433.359741211 -521.189453125 -569.518859863 -527.477966309
-686.676879883 -484.741119385 -649.927978516 295.849121094 610.364501953 -723.098815918 335.382232666 839.304626465 770.339111328 137.213424683 645.869689941 -161.341140747 -431.999298096 -520.130126953 -567.104431152 -525.251098633 -683.644287109 -482.956329346 -654.338378906 297.811309814 612.233764648 -726.373535156 337.253356934 843.055114746 770.922790527 137.293457031 633.786010742 -151.668655396 -433.978210449 -523.185363770 -566.744995117 -525.324096680 -681.017333984 -480.647491455 -654.946594238 297.739654541 611.479797363 -724.161132812 336.334289551 841.461853027 -682.905090332 -481.264953613 -654.466491699 296.740081787 655.359802246 -788.335632324 337.471160889 842.703369141 773.066406250 137.498397827 641.909973145 -164.540084839 -433.359741211 -521.189453125 -569.518859863 -527.477966309
-686.676879883 -484.741119385 -649.927978516 295.849121094 610.945617676 -724.174011230 335.382232666 839.304626465 770.339111328 137.213424683 645.869689941 -161.341140747 -431.999298096 -520.130126953 -567.104431152 -525.251098633 -683.644287109 -482.956329346 -654.338378906 297.811309814 612.797546387 -727.401184082 337.253356934 843.055114746 770.922790527 137.293457031 633.046997070 -152.285690308 -433.978210449 -523.185363770 -566.744995117 -525.324096680 -681.017333984 -480.647491455 -654.946594238 297.739654541 612.045410156 -725.232666016 336.334289551 841.461853027 -682.905090332 -481.264953613 -654.466491699 296.740081787 654.393371582 -787.173156738 337.471160889 842.703369141 773.066406250 137.498397827 639.774597168 -163.992721558 -433.359741211 -521.189453125 -569.518859863 -527.477966309
-686.676879883 -484.741119385 -649.927978516 295.849121094 611.527038574 -725.250366211 335.382232666 839.304626465 770.339111328 137.213424683 645.869689941 -161.341140747 -431.999298096 -520.130126953 -567.104431152 -525.251098633 -683.644287109 -482.956329346 -654.338378906 297.811309814 613.361022949 -728.429260254 337.253356934 843.055114746 770.922790527 137.293457031 632.292663574 -152.883575439 -433.978210449 -523.185363770 -566.744995117 -525.324096680 -681.017333984 -480.647491455 -654.946594238 297.739654541 612.611267090 -726.305358887 336.334289551 841.461853027 -682.905090332 -481.264953613 -654.466491699 296.740081787 653.427001953 -786.010620117 337.471160889 842.703369141 773.066406250 137.498397827 637.639221191 -163.445358276 -433.359741211 -521.189453125 -569.518859863 -527.477966309
-686.676879883 -484.741119385 -649.927978516 295.849121094 612.108825684 -726.328063965 335.382232666 839.304626465 770.339111328 137.213424683 645.869689941 -161.341140747 -431.999298096 -520.130126953 -567.104431152 -525.251098633 -683.644287109 -482.956329346 -654.338378906 297.811309814 613.924316406 -729.457763672 337.253356934 843.055114746 770.922790527 137.293457031 631.523498535 -153.461914062 -433.978210449 -523.185363770 -566.744995117 -525.324096680 -681.017333984 -480.647491455 -654.946594238 297.739654541 613.177429199 -727.379211426 336.334289551 841.461853027 -682.905090332 -481.264953613 -654.466491699 296.740081787 652.460571289 -784.848144531 337.471160889 842.703369141 773.066406250 137.498397827 635.503845215 -162.898010254 -433.359741211 -521.189453125 -569.518859863 -527.477966309
-686.676879883 -484.741119385 -649.927978516 295.849121094 612.691162109 -727.407165527 335.382232666 839.304626465 770.339111328 137.213424683 645.869689941 -161.341140747 -431.999298096 -520.130126953 -567.104431152 -525.251098633 -683.644287109 -482.956329346 -654.338378906 297.811309814 614.487426758 -730.486694336 337.253356934 843.055114746 770.922790527 137.293457031 630.740051270 -154.020278931 -433.978210449 -523.185363770 -566.744995117 -525.324096680 -681.017333984 -480.647491455 -654.946594238 297.739654541 613.743896484 -728.454284668 336.334289551 841.461853027 -682.905090332 -481.264953613 -654.466491699 296.740081787 651.494201660 -783.685668945 337.471160889 842.703369141 773.066406250 137.498397827 633.368469238 -162.350646973 -433.359741211 -521.189453125 -569.518859863 -527.477966309
-686.676879883 -484.741119385 -649.927978516 295.849121094 613.273986816 -728.487731934 335.382232666 839.304626465 770.339111328 137.213424683 645.869689941 -161.341140747 -431.999298096 -520.130126953 -567.104431152 -525.251098633 -683.644287109 -482.956329346 -654.338378906 297.811309814 615.050415039 -731.516235352 337.253356934 843.055114746 770.922790527 137.293457031 629.943054199 -154.558242798 -433.978210449 -523.185363770 -566.744995117 -525.324096680 -681.017333984 -480.647491455 -654.946594238 297.739654541 614.310852051 -729.530822754 336.334289551 841.461853027 -682.905090332 -481.264953613 -654.466491699 296.740081787 650.527832031 -782.523193359 337.471160889 842.703369141 773.066406250 137.498397827 631.233093262 -161.803283691 -433.359741211 -521.189453125 -569.518859863 -527.477966309
-686.676879883 -484.741119385 -649.927978516 295.849121094 613.857482910 -729.570007324 335.382232666 839.304626465 770.339111328 137.213424683 645.869689941 -161.341140747 -431.999298096 -520.130126953 -567.104431152 -525.251098633 -683.644287109 -482.956329346 -654.338378906 297.811309814 615.613281250 -732.546325684 337.253356934 843.055114746 770.922790527 137.293457031 629.133056641 -155.075347900 -433.978210449 -523.185363770 -566.744995117 -525.324096680 -681.017333984 -480.647491455 -654.946594238 297.739654541 614.878295898 -730.608886719 336.334289551 841.461853027 -682.905090332 -481.264953613 -654.466491699 296.740081787 649.561401367 -781.360717773 337.471160889 842.703369141 773.066406250 137.498397827 629.097717285 -161.255935669 -433.359741211 -521.189453125 -569.518859863 -527.477966309
-686.676879883 -484.741119385 -649.927978516 295.849121094 614.441711426 -730.653991699 335.382232666 839.304626465 770.339111328 137.213424683 645.869689941 -161.341140747 -431.999298096 -520.130126953 -567.104431152 -525.251098633 -683.644287109 -482.956329346 -654.338378906 297.811309814 616.176147461 -733.577026367 337.253356934 843.055114746 770.922790527 137.293457031 628.311035156 -155.571060181 -433.978210449 -523.185363770 -566.744995117 -525.324096680 -681.017333984 -480.647491455 -654.946594238 297.739654541 615.446411133 -731.688537598 336.334289551 841.461853027 -682.905090332 -481.264953613 -654.466491699 296.740081787 648.595031738 -780.198242188 337.471160889 842.703369141 773.066406250 137.498397827 626.962341309 -160.708572388 -433.359741211 -521.189453125 -569.518859863 -527.477966309
-686.676879883 -484.741119385 -649.927978516 295.849121094 615.026733398 -731.739929199 335.382232666 839.304626465 770.339111328 137.213424683 645.869689941 -161.341140747 -431.999298096 -520.130126953 -567.104431152 -525.251098633 -683.644287109 -482.956329346 -654.338378906 297.811309814 616.738952637 -734.608459473 337.253356934 843.055114746 770.922790527 137.293457031 627.478271484 -156.044631958 -433.978210449 -523.185363770 -566.744995117 -525.324096680 -681.017333984 -480.647491455 -654.946594238 297.739654541 616.015136719 -732.770019531 336.334289551 841.461853027 -682.905090332 -481.264953613 -654.466491699 296.740081787 647.628601074 -779.035766602 337.471160889 842.703369141 773.066406250 137.498397827 624.826965332 -160.161209106 -433.359741211 -521.189453125 -569.518859863 -527.477966309
-686.676879883 -484.741119385 -649.927978516 295.849121094 615.612792969 -732.827880859 335.382232666 839.304626465 770.339111328 137.213424683 645.869689941 -161.341140747 -431.999298096 -520.130126953 -567.104431152 -525.251098633 -683.644287109 -482.956329346 -654.338378906 297.811309814 617.301818848 -735.640747070 337.253356934 843.055114746 770.922790527 137.293457031 627.478271484 -156.044631958 -433.978210449 -523.185363770 -566.744995117 -525.324096680 -681.017333984 -480.647491455 -654.946594238 297.739654541 616.584777832 -733.853393555 336.334289551 841.461853027 -682.905090332 -481.264953613 -654.466491699 296.740081787 646.662231445 -777.873291016 337.471160889 842.703369141 773.066406250 137.498397827 624.826965332 -160.161209106 -433.359741211 -521.189453125 -569.518859863 -527.477966309
-686.676879883 -484.741119385 -649.927978516 295.849121094 616.199890137 -733.918151855 335.382232666 839.304626465 770.339111328 137.213424683 645.869689941 -161.341140747 -431.999298096 -520.130126953 -567.104431152 -525.251098633 -683.644287109 -482.956329346 -654.338378906 297.811309814 617.864807129 -736.673889160 337.253356934 843.055114746 770.922790527 137.293457031 627.478271484 -156.044631958 -433.978210449 -523.185363770 -566.744995117 -525.324096680 -681.017333984 -480.647491455 -654.946594238 297.739654541 617.155334473 -734.938903809 336.334289551 841.461853027 -682.905090332 -481.264953613 -654.466491699 296.740081787 645.695861816 -776.710815430 337.471160889 842.703369141 773.066406250 137.498397827 624.826965332 -160.161209106 -433.359741211 -521.189453125 -569.518859863 -527.477966309
-686.676879883 -484.741119385 -649.927978516 295.849121094 616.788269043 -735.010925293 335.382232666 839.304626465 770.339111328 137.213424683 645.869689941 -161.341140747 -431.999298096 -520.130126953 -567.104431152 -525.251098633 -683.644287109 -482.956329346 -654.338378906 297.811309814 618.427978516 -737.708007812 337.253356934 843.055114746 770.922790527 137.293457031 627.478271484 -156.044631958 -433.978210449 -523.185363770 -566.744995117 -525.324096680 -681.017333984 -480.647491455 -654.946594238 297.739654541 617.726989746 -736.026672363 336.334289551 841.461853027 -682.905090332 -481.264953613 -654.466491699 296.740081787 644.729431152 -775.548339844 337.471160889 842.703369141 773.066406250 137.498397827 624.826965332 -160.161209106 -433.359741211 -521.189453125 -569.518859863 -527.477966309
-686.676879883 -484.741119385 -649.927978516 295.849121094 617.378051758 -736.106384277 335.382232666 839.304626465 770.339111328 137.213424683 645.869689941 -161.341140747 -431.999298096 -520.130126953 -567.104431152 -525.251098633 -683.644287109 -482.956329346 -654.338378906 297.811309814 618.991333008 -738.743164062 337.253356934 843.055114746 770.922790527 137.293457031 627.478271484 -156.044631958 -433.978210449 -523.185363770 -566.744995117 -525.324096680 -681.017333984 -480.647491455 -654.946594238 297.739654541 618.299926758 -737.117065430 336.334289551 841.461853027 -682.905090332 -481.264953613 -654.466491699 296.740081787 643.763061523 -774.385864258 337.471160889 842.703369141 773.066406250 137.498397827 624.826965332 -160.161209106 -433.359741211 -521.189453125 -569.518859863 -527.477966309
-686.676879883 -484.741119385 -649.927978516 295.849121094 617.969482422 -737.204772949 335.382232666 839.304626465 770.339111328 137.213424683 645.869689941 -161.341140747 -431.999298096 -520.130126953 -567.104431152 -525.251098633 -683.644287109 -482.956329346 -654.338378906 297.811309814 619.555114746 -739.779541016 337.253356934 843.055114746 770.922790527 137.293457031 627.478271484 -156.044631958 -433.978210449 -523.185363770 -566.744995117 -525.324096680 -681.017333984 -480.647491455 -654.946594238 297.739654541 618.874328613 -738.210205078 336.334289551 841.461853027 -682.905090332 -481.264953613 -654.466491699 296.740081787 642.796630859 -773.223388672 337.471160889 842.703369141 773.066406250 137.498397827 624.826965332 -160.161209106 -433.359741211 -521.189453125 -569.518859863 -527.477966309
-686.676879883 -484.741119385 -649.927978516 295.849121094 618.562744141 -738.306457520 335.382232666 839.304626465 770.339111328 137.213424683 645.869689941 -161.341140747 -431.999298096 -520.130126953 -567.104431152 -525.251098633 -683.644287109 -482.956329346 -654.338378906 297.811309814 620.119323730 -740.817260742 337.253356934 843.055114746 770.922790527 137.293457031 627.478271484 -156.044631958 -433.978210449 -523.185363770 -566.744995117 -525.324096680 -681.017333984 -480.647491455 -654.946594238 297.739654541 619.450378418 -739.306396484 336.334289551 841.461853027 -682.905090332 -481.264953613 -654.466491699 296.740081787 641.830261230 -772.060852051 337.471160889 842.703369141 773.066406250 137.498397827 624.826965332 -160.161209106 -433.359741211 -521.189453125 -569.518859863 -527.477966309
-686.676879883 -484.741119385 -649.927978516 295.849121094 619.158081055 -739.411804199 335.382232666 839.304626465 770.339111328 137.213424683 645.869689941 -161.341140747 -431.999298096 -520.130126953 -567.104431152 -525.251098633 -683.644287109 -482.956329346 -654.338378906 297.811309814 620.684020996 -741.856384277 337.253356934 843.055114746 770.922790527 137.293457031 627.478271484 -156.044631958 -433.978210449 -523.185363770 -566.744995117 -525.324096680 -681.017333984 -480.647491455 -654.946594238 297.739654541 620.028320312 -740.406066895 336.334289551 841.461853027 -682.905090332 -481.264953613 -654.466491699 296.740081787 640.863891602 -770.898376465 337.471160889 842.703369141 773.066406250 137.498397827 624.826965332 -160.161209106 -433.359741211 -521.189453125 -569.518859863 -527.477966309
-686.676879883 -484.741119385 -649.927978516 295.849121094 619.755859375 -740.521179199 335.382232666 839.304626465 770.339111328 137.213424683 645.869689941 -161.341140747 -431.999298096 -520.130126953 -567.104431152 -525.251098633 -683.644287109 -482.956329346 -654.338378906 297.811309814 621.249450684 -742.897216797 337.253356934 843.055114746 770.922790527 137.293457031 627.478271484 -156.044631958 -433.978210449 -523.185363770 -566.744995117 -525.324096680 -681.017333984 -480.647491455 -654.946594238 297.739654541 620.608520508 -741.509521484 336.334289551 841.461853027 -682.905090332 -481.264953613 -654.466491699 296.740081787 639.897460938 -769.735900879 337.471160889 842.703369141 773.066406250 137.498397827 624.826965332 -160.161209106 -433.359741211 -521.189453125 -569.518859863 -527.477966309
-686.676879883 -484.741119385 -649.927978516 295.849121094 620.356445312 -741.635070801 335.382232666 839.304626465 770.339111328 137.213424683 645.869689941 -161.341140747 -431.999298096 -520.130126953 -567.104431152 -525.251098633 -683.644287109 -482.956329346 -654.338378906 297.811309814 621.815734863 -743.939880371 337.253356934 843.055114746 770.922790527 137.293457031 627.478271484 -156.044631958 -433.978210449 -523.185363770 -566.744995117 -525.324096680 -681.017333984 -480.647491455 -654.946594238 297.739654541 621.191223145 -742.617248535 336.334289551 841.461853027 -682.905090332 -481.264953613 -654.466491699 296.740081787 638.931091309 -768.573425293 337.471160889 842.703369141 773.066406250 137.498397827 624.826965332 -160.161209106 -433.359741211 -521.189453125 -569.518859863 -527.477966309
-686.676879883 -484.741119385 -649.927978516 295.849121094 620.960205078 -742.754028320 335.382232666 839.304626465 770.339111328 137.213424683 645.869689941 -161.341140747 -431.999298096 -520.130126953 -567.104431152 -525.251098633 -683.644287109 -482.956329346 -654.338378906 297.811309814 622.382995605 -744.984558105 337.253356934 843.055114746 770.922790527 137.293457031 627.478271484 -156.044631958 -433.978210449 -523.185363770 -566.744995117 -525.324096680 -681.017333984 -480.647491455 -654.946594238 297.739654541 621.776977539 -743.729797363 336.334289551 841.461853027 -682.905090332 -481.264953613 -654.466491699 296.740081787 637.964660645 -767.410949707 337.471160889 842.703369141 773.066406250 137.498397827 624.826965332 -160.161209106 -433.359741211 -521.189453125 -569.518859863 -527.477966309
-686.676879883 -484.741119385 -649.927978516 295.849121094 621.567749023 -743.878784180 335.382232666 839.304626465 770.339111328 137.213424683 645.869689941 -161.341140747 -431.999298096 -520.130126953 -567.104431152 -525.251098633 -683.644287109 -482.956329346 -654.338378906 297.811309814 622.951477051 -746.031555176 337.253356934 843.055114746 770.922790527 137.293457031 627.478271484 -156.044631958 -433.978210449 -523.185363770 -566.744995117 -525.324096680 -681.017333984 -480.647491455 -654.946594238 297.739654541 622.366271973 -744.847839355 336.334289551 841.461853027 -682.905090332 -481.264953613 -654.466491699 296.740081787 636.998291016 -766.248474121 337.471160889 842.703369141 773.066406250 137.498397827 624.826965332 -160.161209106 -433.359741211 -521.189453125 -569.518859863 -527.477966309
-686.676879883 -484.741119385 -649.927978516 295.849121094 622.179748535 -745.010131836 335.382232666 839.304626465 770.339111328 137.213424683 645.869689941 -161.341140747 -431.999298096 -520.130126953 -567.104431152 -525.251098633 -683.644287109 -482.956329346 -654.338378906 297.811309814 623.521484375 -747.081115723 337.253356934 843.055114746 770.922790527 137.293457031 627.478271484 -156.044631958 -433.978210449 -523.185363770 -566.744995117 -525.324096680 -681.017333984 -480.647491455 -654.946594238 297.739654541 622.959655762 -745.972290039 336.334289551 841.461853027 -682.905090332 -481.264953613 -654.466491699 296.740081787 636.031860352 -765.085998535 337.471160889 842.703369141 773.066406250 137.498397827 624.826965332 -160.161209106 -433.359741211 -521.189453125 -569.518859863 -527.477966309
-686.676879883 -484.741119385 -649.927978516 295.849121094 622.796936035 -746.149230957 335.382232666 839.304626465 770.339111328 137.213424683 645.869689941 -161.341140747 -431.999298096 -520.130126953 -567.104431152 -525.251098633 -683.644287109 -482.956329346 -654.338378906 297.811309814 624.093261719 -748.133728027 337.253356934 843.055114746 770.922790527 137.293457031 627.478271484 -156.044631958 -433.978210449 -523.185363770 -566.744995117 -525.324096680 -681.017333984 -480.647491455 -654.946594238 297.739654541 623.558105469 -747.104125977 336.334289551 841.461853027 -682.905090332 -481.264953613 -654.466491699 296.740081787 635.065490723 -763.923522949 337.471160889 842.703369141 773.066406250 137.498397827 624.826965332 -160.161209106 -433.359741211 -521.189453125 -569.518859863 -527.477966309
-686.676879883 -484.741119385 -649.927978516 295.849121094 623.420471191 -747.297424316 335.382232666 839.304626465 770.339111328 137.213424683 645.869689941 -161.341140747 -431.999298096 -520.130126953 -567.104431152 -525.251098633 -683.644287109 -482.956329346 -654.338378906 297.811309814 624.667236328 -749.189819336 337.253356934 843.055114746 770.922790527 137.293457031 627.478271484 -156.044631958 -433.978210449 -523.185363770 -566.744995117 -525.324096680 -681.017333984 -480.647491455 -654.946594238 297.739654541 624.162597656 -748.244750977 336.334289551 841.461853027 -682.905090332 -481.264953613 -654.466491699 296.740081787 634.099121094 -762.761047363 337.471160889 842.703369141 773.066406250 137.498397827 624.826965332 -160.161209106 -433.359741211 -521.189453125 -569.518859863 -527.477966309
-686.676879883 -484.741119385 -649.927978516 295.849121094 624.051879883 -748.456604004 335.382232666 839.304626465 770.339111328 137.213424683 645.869689941 -161.341140747 -431.999298096 -520.130126953 -567.104431152 -525.251098633 -683.644287109 -482.956329346 -654.338378906 297.811309814 625.243957520 -750.250000000 337.253356934 843.055114746 770.922790527 137.293457031 627.478271484 -156.044631958 -433.978210449 -523.185363770 -566.744995117 -525.324096680 -681.017333984 -480.647491455 -654.946594238 297.739654541 624.774719238 -749.396057129 336.334289551 841.461853027 -682.905090332 -481.264953613 -654.466491699 296.740081787 633.132690430 -761.598571777 337.471160889 842.703369141 773.066406250 137.498397827 624.826965332 -160.161209106 -433.359741211 -521.189453125 -569.518859863 -527.477966309
-686.676879883 -484.741119385 -649.927978516 295.849121094 624.693176270 -749.629394531 335.382232666 839.304626465 770.339111328 137.213424683 645.869689941 -161.341140747 -431.999298096 -520.130126953 -567.104431152 -525.251098633 -683.644287109 -482.956329346 -654.338378906 297.811309814 625.824035645 -751.314941406 337.253356934 843.055114746 770.922790527 137.293457031 627.478271484 -156.044631958 -433.978210449 -523.185363770 -566.744995117 -525.324096680 -681.017333984 -480.647491455 -654.946594238 297.739654541 625.396545410 -750.560791016 336.334289551 841.461853027 -682.905090332 -481.264953613 -654.466491699 296.740081787 632.166320801 -760.436096191 337.471160889 842.703369141 773.066406250 137.498397827 624.826965332 -160.161209106 -433.359741211 -521.189453125 -569.518859863 -527.477966309
-686.676879883 -484.741119385 -649.927978516 295.849121094 625.347473145 -750.819702148 335.382232666 839.304626465 770.339111328 137.213424683 645.869689941 -161.341140747 -431.999298096 -520.130126953 -567.104431152 -525.251098633 -683.644287109 -482.956329346 -654.338378906 297.811309814 626.408630371 -752.385925293 337.253356934 843.055114746 770.922790527 137.293457031 627.478271484 -156.044631958 -433.978210449 -523.185363770 -566.744995117 -525.324096680 -681.017333984 -480.647491455 -654.946594238 297.739654541 626.031433105 -751.743103027 336.334289551 841.461853027 -682.905090332 -481.264953613 -654.466491699 296.740081787 631.199890137 -759.273620605 337.471160889 842.703369141 773.066406250 137.498397827 624.826965332 -160.161209106 -433.359741211 -521.189453125 -569.518859863 -527.477966309
-686.676879883 -484.741119385 -649.927978516 295.849121094 626.017456055 -752.029357910 335.382232666 839.304626465 770.339111328 137.213424683 645.869689941 -161.341140747 -431.999298096 -520.130126953 -567.104431152 -525.251098633 -683.644287109 -482.956329346 -654.338378906 297.811309814 626.998901367 -753.463989258 337.253356934 843.055114746 770.922790527 137.293457031 627.478271484 -156.044631958 -433.978210449 -523.185363770 -566.744995117 -525.324096680 -681.017333984 -480.647491455 -654.946594238 297.739654541 626.682189941 -752.944702148 336.334289551 841.461853027 -682.905090332 -481.264953613 -654.466491699 296.740081787 630.233520508 -758.111083984 337.471160889 842.703369141 773.066406250 137.498397827 624.826965332 -160.161209106 -433.359741211 -521.189453125 -569.518859863 -527.477966309
-686.676879883 -484.741119385 -649.927978516 295.849121094 626.704711914 -753.257446289 335.382232666 839.304626465 770.339111328 137.213424683 645.869689941 -161.341140747 -431.999298096 -520.130126953 -567.104431152 -525.251098633 -683.644287109 -482.956329346 -654.338378906 297.811309814 627.596130371 -754.549499512 337.253356934 843.055114746 770.922790527 137.293457031 627.478271484 -156.044631958 -433.978210449 -523.185363770 -566.744995117 -525.324096680 -681.017333984 -480.647491455 -654.946594238 297.739654541 627.350891113 -754.164489746 336.334289551 841.461853027 -682.905090332 -481.264953613 -654.466491699 296.740081787 629.267150879 -756.948608398 337.471160889 842.703369141 773.066406250 137.498397827 624.826965332 -160.161209106 -433.359741211 -521.189453125 -569.518859863 -527.477966309
