episode,step,time,case,defender_id,target_id,defender_pos_x,defender_pos_y,defender_pos_z,defender_vx,defender_vy,defender_vz,defender_speed,defender_pitch,defender_yaw,load_y,load_z,load_norm,dist_to_target,tgo
1,497,24.85,case2,4,24,980.9704155140539,-80.24823265259805,54.69677266405008,38.51115261412345,8.411914860818758,4.502468670393943,39.675450992041036,0.11372748134710477,0.21505040387994123,-0.02339973605584511,0.03881399722886149,0.3917985739450045,2.789695768562305,0.1774642592557585
1,497,24.85,case2,12,24,981.1847713647318,-79.79629863721058,55.208104940966166,39.02207828287386,8.393128528367887,2.6139625076809248,40.0,0.06539566449885763,0.21185899075943204,0.07311281987603815,-0.2253306206817916,0.23703036385090126,2.478932718767885,0.1687106993503803
1,522,26.1,case2,9,21,-806.8067851238281,435.35425200183096,53.39824646731306,-39.44753383679025,-1.0678258942778445,2.210438919514007,39.523843666350366,0.05595591522272408,3.1686555669170327,-0.012928622180098746,-0.3858186376138942,0.4725998050552523,1.9785624242549178,0.14526641179003172
1,525,26.25,case2,14,26,-776.6658782967372,-546.0545113677159,54.08574480313855,-23.8745839542231,-31.08243709192398,2.329116883441133,39.26243038857107,0.05935661861369774,-2.2257844747504736,-0.012585459406385386,0.3345180606228526,0.44686598629921664,2.28912478150443,0.1518619494568644
1,527,26.35,case2,6,26,-773.5212258167888,-547.6301953835348,55.30977402904699,-23.810910744260553,-32.039938097495394,2.5461532234962725,40.0,0.06369689469257715,-2.2099076626509824,0.3101750888649953,-0.3289559724007243,0.6205495822104748,2.600505604059064,0.08848827381552907
1,535,26.75,case2,5,25,835.4433743410449,-575.3118505502888,55.23758455769667,36.03551323090797,-14.46059298085824,3.4509820476904647,38.98174239649213,0.0886442088169785,-0.3816156058619535,-0.04927077652889261,0.34981579785806693,0.3551943807759722,1.0621247555827331,0.08351650677912026
1,535,26.75,case2,13,25,835.7026242159072,-574.2248582073245,53.99581500578817,37.429245093344285,-13.978016298751196,1.914855632732901,40.0,0.04788969393856859,-0.357412591622584,0.09198538298134581,0.518644064931927,0.5543309247465057,1.3791322361808307,0.094076964805379
1,551,27.55,case2,7,27,-843.2972983379983,-530.5368329930501,55.19658218848547,-21.667513010136524,-33.0815486224488,2.895731663914318,39.65167387605819,0.07309431181277057,-2.150659392852894,0.0026501342802916347,-0.46672775575396785,0.6814540645550525,2.4987987044824767,0.12224890573191426
1,551,27.55,case2,15,27,-845.0017174540268,-528.9004240310509,57.08929551046985,-23.13190996700927,-32.5756076891298,1.935077508030232,40.0,0.04839582725213811,-2.1882681074491654,0.10258330945795471,-0.18564794900931747,0.2973749678463572,1.0550689475776227,0.10056419968730626
1,559,27.95,case2,11,23,710.609521993207,798.6322149687121,57.12443995636311,15.847686773191821,36.556040635412074,3.536483705731219,40.0,0.08852768146512147,1.161733377896296,0.04725108989309348,-0.3530508926217486,0.41812436178450973,1.3161875171509527,0.13048923420363326
1,559,27.95,case2,19,23,711.2557253560731,799.2985417319238,58.285564511807614,14.216274606294578,37.18304338325037,3.91392655497579,40.0,0.09800497778362209,1.2056129768921118,0.041551890050693534,0.18713607245602498,0.23720243983619302,0.6397956419978413,0.1060121642129215
1,563,28.15,case2,3,23,706.6980841129568,793.9108938889236,57.046591392994024,13.805517535504157,37.41638298330916,3.069522767991722,40.0,0.07681358445940221,1.217322808128228,0.6128104990542685,0.09412917864783032,0.7378905776086577,1.1083219295849038,0.07975745017511135
1,582,29.1,case2,0,20,-992.7791893562027,-274.6623376906393,57.20691507202156,-31.54595833852234,-22.593634224836325,1.341938350068411,38.82551472314136,0.03457019664335223,-2.5200679712134533,-0.006965739910035017,0.4505864643283204,0.4508676174927908,2.86330200443375,0.17029213352437408
1,583,29.15,case2,8,20,-993.3665142508755,-273.239240843823,57.4107674120853,-33.847142173863276,-21.27931981659752,1.249605859959909,40.0,0.031245230185205457,-2.580345101553572,0.2668374015775856,0.30230760726732636,0.40330223568084594,1.543263634431541,0.12456907165426387
1,586,29.3,case2,16,20,-987.1564903912583,-273.728231741764,55.94740605985592,-33.88198496621385,-21.03759113617089,3.0709695434118007,40.0,0.07684986086411422,-2.5859414065570654,0.6953473356443812,-0.29452512658683333,0.8431032158049002,1.5493771534683884,0.12181901050505055
1,743,37.15,case2,18,22,702.4272994250091,-1148.259492990761,61.98656101532953,39.04097340302578,-8.621974924693903,1.2099355942295256,40.0,0.030253004459433373,-0.2173554474741274,0.02007957267560075,0.4749825505772789,0.4785055405878821,2.9625228133809918,0.09856883219220891
1,1295,64.75,case2,10,22,305.41422784629066,-508.46189353629586,27.766315883821882,-29.435526244882112,27.05291871651819,-1.2997629031160987,40.0,-0.03249979352088122,2.3983481752160327,0.05600595966062704,-0.2714732973100191,0.300896976704266,2.8891236899568904,0.08079311676162557
1,1297,64.85,case2,2,22,302.91017357429615,-506.92834828769884,23.74201921576541,-28.92612149876033,27.46410947941539,-3.000364234829048,40.0,-0.07507962266939235,2.3821153729619726,0.03432726721739676,-0.44938502725434454,0.4538945625746203,2.741316909125526,0.07713418976429225
2,497,24.85,case2,12,24,981.233705333378,-79.35529860971845,53.73030670845316,39.10846442622371,8.162166424998516,1.9766257798130047,40.0,0.04943577801953802,0.2057524109004197,0.08453206881693305,-0.36587709997452733,0.4574149550777131,2.9230554113785674,0.17269878297888158
2,498,24.9,case2,4,24,983.2625944525884,-81.3992674870841,54.82823104336579,38.25318580289812,9.953977636855848,1.8027915931110898,39.56814315069972,0.04557747114398318,0.2545675953936561,-0.03291313691553194,0.2949578470242328,0.3126122065658143,2.387771466297454,0.07977347219646376
2,522,26.1,case2,9,21,-806.7306397401583,435.1068482122682,52.24176507608774,-39.33701103522411,-1.5627176662595195,3.2918194238661367,39.505424928851546,0.08342248348115318,3.181298170508161,-0.018164223380275384,-0.01835708933131333,0.1434949393732353,2.034029755097531,0.14929026779080865
2,525,26.25,case2,14,26,-777.2113200675221,-545.6127550893104,55.11063543372741,-24.386771879062987,-30.722797779280086,1.9941467969509779,39.27571218343194,0.05079486702475003,-2.241725662939485,-0.0078573090086789,0.12131546293445467,0.13009846572597078,2.0718584621822442,0.14728224480955746
2,526,26.3,case2,6,26,-773.6915069660482,-545.4030607042718,55.47510632748118,-23.655132012435416,-32.088462866702606,3.281048662623167,40.0,0.08211847902068647,-2.206045230981389,0.31826506740297755,-0.030705338347213784,0.3316073791995502,2.362058759342191,0.1573252820631557
2,535,26.75,case2,5,25,835.8549285482638,-573.7898290267783,55.59759275282794,36.76741513721619,-12.627128808083977,2.5054970290542165,38.95593296496617,0.06436061012942496,-0.3308121867637144,-0.04705825985719085,0.046391323747000016,0.11424610787635558,1.3593350743344905,0.09342226231138276
2,535,26.75,case2,13,25,834.8620610167063,-575.0878154046254,56.823194323084465,36.49718342403879,-16.029974199650784,3.315950734042725,40.0,0.0829940127547025,-0.41384588131734895,0.1048598342958448,-0.02003294059158249,0.223686711518667,1.8952905623062832,0.10509316356501194
2,551,27.55,case2,7,27,-843.5039875474102,-530.449102860094,55.823898720668026,-21.422073659853016,-33.416286506782114,2.4710074954897765,39.7700807370853,0.06217236864128475,-2.1408660000029696,-0.008839825396446383,-0.2999099368253237,0.6015775272688463,2.155117471271479,0.11444621397843859
2,551,27.55,case2,15,27,-844.0062015164744,-529.5729102880307,56.01998499544431,-21.73725756818638,-33.56863557653537,0.7989611655690012,40.0,0.01997535752363058,-2.1454449398020867,0.13709683098152742,-0.4611766642737126,0.5401918860879922,1.1973541678661148,0.10930816009546437
2,559,27.95,case2,11,23,711.2977023251606,798.3339254714032,57.98232968778578,13.506962358129606,37.473747521955225,3.644202864389528,40.0,0.09123157539915384,1.2248530584074873,0.02853833689511062,0.31506148981322774,0.4043720188008331,1.1940439816772488,0.12704419062482744
2,559,27.95,case2,19,23,711.8827120514611,798.9215814872977,57.84749124596144,13.41103076297858,37.67410115243358,0.8979734019700127,40.0,0.022451221118809706,1.228808690091128,0.06444412339749081,0.10670892719693438,0.12470091416318196,0.7391878587993588,0.10834958519665643
2,562,28.1,case2,3,23,706.9066185243171,791.7079686815149,57.226018228001394,14.330818080752186,37.305993452090185,1.7001487255503822,40.0,0.04251652618292522,1.204034492638071,0.693559573658209,0.05100367257488825,0.7022909164156313,2.9917397730413477,0.17441633848399513
2,583,29.15,case2,0,20,-994.4205247305458,-275.7890479539786,56.30651286088607,-32.65429657723684,-20.957361542700546,2.546750637599134,38.88444453243118,0.06554227446746641,-2.5710071484354926,-0.01990180836062619,0.03981448998722337,0.14781469844255243,1.5374800311381565,0.07832508288708487
2,583,29.15,case2,8,20,-992.4844607956923,-274.73727594093737,58.12085250834099,-34.17264092283702,-20.50604660301203,3.42529780806621,40.0,0.08573744797800915,-2.6011201789870046,0.3035858069196025,0.02561764501192071,0.4835797985888012,1.5777771242163225,0.1272656529660766
2,586,29.3,case2,16,20,-986.0748360601218,-274.6168945476113,56.299427581557836,-32.15112857915941,-23.395435185716227,4.354140966632795,40.0,0.10906964774695362,-2.5125361015186227,0.6936304873726815,0.06390400001947164,0.7322398782168162,2.6970748414060126,0.14242150427953842
2,745,37.25,case2,2,22,703.6936558087723,-1145.7447522692426,62.319702734243776,38.98457476646819,-8.950160504274994,0.3123415204023828,40.0,0.007808617364247576,-0.22567144705814082,0.2545494659794687,0.30918321815757066,0.40340673176617875,2.8299116889405918,0.08642330558301019
2,1312,65.6,case2,18,22,286.49265006519994,-492.30077424965623,24.7789452124894,-29.00180015344708,27.540899483457544,0.6280473721029222,40.0,0.015701829502289336,2.3820258659738127,0.020613391317427197,-0.5343879093243319,0.5626073714399178,2.8789591845638993,0.08352850788465586
2,1315,65.75,case2,10,22,282.45440804130766,-489.5559210166623,24.84431245559981,-30.96635332114354,25.232293272616094,-2.101508552158515,40.0,-0.05256191307300429,2.45787461188204,0.004589067393205833,-0.2161756926127641,0.6366780152530183,2.9974579578419887,0.08344097365284536
3,497,24.85,case2,4,24,980.8630020291481,-79.50866337910375,56.111073970759755,38.426775368191585,8.67767377232651,4.5668642882656805,39.65823163888949,0.1154115598177934,0.2220982435937407,0.008357266105785091,-0.3847618690287514,0.43802239568147816,2.9336581308602603,0.1772778601277779
3,497,24.85,case2,12,24,981.6950467300239,-81.18055647072882,55.2649034752528,38.747807413318114,9.4042018055092,3.1887942959161704,40.0,0.0798045398149709,0.2380990172756723,0.05344612936271548,0.3622315400889271,0.39188068902584755,2.392899548268446,0.162825919798689
3,523,26.15,case2,1,21,-805.957576406277,433.04236362463485,52.999524428646545,-39.934952528020105,-1.0525989904423103,2.022770859514349,40.0,0.05059084938332883,3.1679443897520536,0.1930333448475934,-0.4821075128881333,0.5203120135309948,2.2374566649231666,0.13591305898750694
3,523,26.15,case2,17,21,-807.7069624463994,433.02866867718507,52.16871081192103,-39.83160697066152,-3.6320104710204983,0.5015835654663304,40.0,0.012539917783453973,3.2325253197595147,0.1764597512006309,-0.1814004226471695,0.3153634899961591,2.502410562729403,0.1029267034376801
3,526,26.3,case2,6,26,-773.0094366153263,-545.9725526039736,55.136058980026355,-23.686633026146538,-32.04643509779918,3.459684003953112,40.0,0.08660030430679543,-2.2073073177216083,0.34077871758868383,-0.14079476135996188,0.38257915739394843,2.877513230825167,0.16418276807139157
3,535,26.75,case2,5,25,836.5614530163913,-573.7667502108258,54.56272806726712,36.61673212988052,-12.67291998102687,3.4284958307180284,38.899133105741384,0.0882526187953652,-0.3331930206431066,-0.047891347629568315,0.38937945698148074,0.4059129465857261,1.931677516854218,0.08304974510824342
3,535,26.75,case2,13,25,835.5825678625272,-574.8489523858772,55.35144351427844,36.73184159440078,-15.835773407097665,0.009678993092812001,40.0,0.0002419748296816444,-0.4070415666848705,0.12666515406657392,-0.00021123630316530195,0.4878295044335065,0.9040296814528449,0.0840113999961267
3,551,27.55,case2,7,27,-843.2886188974912,-530.258306392907,55.665770397878674,-22.5368825106513,-32.7292061152008,-0.044166194053572284,39.73806684884023,-0.0011114331080709023,-2.1738209366704506,0.010332508087642266,-0.5134876395509855,0.5936291099837474,2.210719555876813,0.12217563268443851
3,551,27.55,case2,15,27,-843.6540041095643,-529.770375683834,55.739498568321494,-21.933732999651895,-33.43150861340711,1.1160593764079005,40.0,0.027905105863285498,-2.151433611552377,0.11736526641582398,-0.4310439376887498,0.47058173916292423,1.6274546515681798,0.1160042134939158
3,559,27.95,case2,11,23,711.0000879742373,798.4136237125701,57.86034458503958,15.0362329145518,37.00113576459526,2.197191814416379,40.0,0.05495745605157585,1.1848087733430743,0.05649804747339298,-0.07353490343808877,0.09629018174990196,1.1667167543336119,0.12861837533320103
3,559,27.95,case2,19,23,710.8196722344994,799.6028073014744,57.60992463767815,12.375467787378115,38.01925197701964,1.1765526556233439,40.0,0.029418059380678943,1.2561074745929808,0.04206270842336941,0.36458712122841186,0.373984882107624,0.6272394041142658,0.10488781978439146
3,562,28.1,case2,3,23,706.4440702398525,792.5156588941834,57.0026328150945,16.111368758065282,36.59360397775565,1.1540990688946622,40.0,0.028856481337539836,1.1560563386542386,0.6972277281890187,-0.192438944227737,0.7390832057132734,2.5373692494152587,0.16290828996262843
3,582,29.1,case2,0,20,-992.815024703457,-274.5216949395247,56.3915173830617,-32.48111348965321,-20.997785672144076,2.9040218652841925,38.78611967772852,0.07494284151258021,-2.5677090581906232,-0.019024139396511614,-0.49376332221647956,0.5236566842864325,2.9977709673914887,0.17365371020780912
3,583,29.15,case2,8,20,-992.4180491513508,-274.99641546130164,56.95654843595817,-32.80466339182216,-22.871682497521093,0.8603484653497929,40.0,0.021510370389215216,-2.5327427942368077,0.25686713915366616,-0.10400642917800645,0.30269092930737834,1.3811169697280157,0.12543689193291147
3,586,29.3,case2,16,20,-986.9030346483202,-273.01849565914154,58.47933519171694,-33.34350826456769,-21.572514497494808,4.7788152157289145,40.0,0.11975642501669966,-2.567344834142967,0.6947630115129325,0.00863769804668614,0.7265448753564975,2.1091265151201406,0.13250787282785284
3,743,37.15,case2,18,22,702.4263745072825,-1147.8744330395864,62.81188808801597,39.014360737186465,-8.634624833374845,-1.8228851460115882,40.0,-0.045587917587011036,-0.21780819888699227,0.05505784561484514,0.4422508105900646,0.6776439472613324,2.6559789484862364,0.09698282023101974
3,745,37.25,case2,2,22,703.3719227090147,-1145.3490637619445,63.38111821776609,39.32906016188381,-7.024788467154984,1.9691048155570452,40.0,0.049247524798840064,-0.1767517801708824,0.3117183453590711,0.4814327317145933,0.5954252186807575,2.894524830444727,0.09553454074044576
4,497,24.85,case2,4,24,980.7681154189784,-79.8497777748857,55.905631562807734,38.782448576095426,9.054694933302988,1.6896793745916967,39.86126985284826,0.04240170473151855,0.22936537022681497,-0.008869712512456902,-0.20188003072173594,0.23411669433285776,2.959113821491379,0.17964862657582428
4,497,24.85,case2,12,24,981.1778009270946,-79.53991838388842,56.28245049380333,38.77396140884958,9.749658733457238,1.2345328048150566,40.0,0.03086822200295537,0.2463415961757376,0.07260365668537412,-0.17465364321776383,0.5482874460550259,2.6898946969256277,0.16922808288286
4,523,26.15,case2,17,21,-807.7659489430756,433.0979022677114,52.913238816670294,-39.85735684002292,-3.088022255237013,1.36206617983077,40.0,0.03405823850010932,3.218915032041131,0.18452730549730167,-0.26273304431230216,0.5681682236555744,2.5075013288139623,0.10093399870030481
4,525,26.25,case2,14,26,-774.8810538142296,-547.3834586577194,54.931767072294754,-22.83243072955251,-31.991067587390685,0.36628855274814215,39.3049928851881,0.009319270348817013,-2.1906662713237566,-0.0036651134720384034,-0.1390210192070972,0.2674611074851335,2.700188219262219,0.15983499837838389
4,526,26.3,case2,6,26,-774.2393864123876,-545.1649836990214,55.725602443263234,-23.980329695213946,-31.827607083282444,3.4564743686348374,40.0,0.08651976187447279,-2.216498156811559,0.26250256146572554,-0.022876164658333892,0.32007640981686764,2.032229067879703,0.15061831864121905
4,535,26.75,case2,5,25,835.909342645954,-574.0092580948493,55.35575373834279,34.792395167183095,-17.598786496965214,2.3776377924780583,39.06252947656373,0.06090512850634009,-0.4682949855417123,-0.02306595652926904,-0.5220108428736558,0.5225575050797383,1.2228691891583257,0.0904379400528022
4,535,26.75,case2,13,25,835.3089503338991,-574.8501149724314,53.77427530539129,36.023100299694164,-17.3401282313613,1.2869334552029952,40.0,0.03217888953030842,-0.44862581711288646,0.08564137516497651,-0.02769786578715308,0.0920459141219903,1.3980739272894274,0.0969642913283089
4,551,27.55,case2,7,27,-843.8025349891076,-529.9887227491296,56.31971616128066,-22.044767803766412,-32.65981625104588,3.49219624208357,39.55794256109991,0.08839560508621479,-2.164533200799569,0.002396213104043232,-0.413668447204663,0.5097714839466326,1.6364957250633836,0.11103663741135865
4,551,27.55,case2,15,27,-844.5676258031775,-529.189222298134,55.889635287112164,-23.32582462261617,-32.492426864534856,0.3848403926388828,40.0,0.009621158248407563,-2.193425043605944,0.1322010407180349,-0.37707911853210674,0.40270335213133884,0.537753363115284,0.10306719138226064
4,559,27.95,case2,11,23,709.0501979260374,799.1034158101203,57.329473821367,13.256035528114868,37.677926130057344,2.1567115280673703,40.0,0.05394394675456282,1.232496617955461,0.06844549121562339,-0.45071914095237847,0.45876913864185126,2.438138893487337,0.14434284694857327
4,559,27.95,case2,19,23,710.868017021011,799.4003460035614,57.01615009963741,13.056640475825745,37.80546520085699,0.5205193865935932,40.0,0.013013351957796095,1.2382576760945951,0.040328909053379776,-0.026045736654146334,0.3776437088322109,0.888380575363889,0.11039158558463305
4,562,28.1,case2,3,23,706.1927096973698,792.2669430845355,56.58904273238447,13.47409067450032,37.436355121425215,4.119246984326522,40.0,0.10316407011845534,1.2253116230131442,0.6920225127897796,0.014503975483940461,0.8573525595985741,2.966697695738193,0.1722979877507606
4,583,29.15,case2,0,20,-994.364233575222,-275.4527843011014,57.06725071746958,-33.22446190137555,-19.91145780441028,1.5428309584758473,38.76482100950807,0.03981028473362412,-2.601687181376068,-0.01305228505726521,0.22281535004663378,0.3013068601012276,0.9649939672302417,0.0773995910405223
4,583,29.15,case2,8,20,-992.5923832873858,-274.065303490756,57.65742148592778,-33.48137756398134,-21.743469855939527,2.4937672389331,40.0,0.06238463830382886,-2.565625407571945,0.2975295870587398,0.27721050232538147,0.44619348857924856,1.412113181306257,0.12995328527635702
4,586,29.3,case2,16,20,-987.381968100933,-272.8387405808203,57.02147884623739,-34.73252747813404,-19.816725723921568,0.9741234847435727,40.0,0.024355494953727335,-2.62310731287119,0.699473496931197,-0.0036790732288926042,0.7353885207086114,0.9334070759684154,0.11987373347638722
4,743,37.15,case2,18,22,702.6406408009392,-1148.2255401587984,62.34286691230685,39.198788338114184,-7.846895693378351,1.3715760281382918,40.0,0.03429612362923039,-0.19757064806513197,0.04579051607393776,0.2782834883382055,0.2943508700823164,2.7024007458978727,0.09188224219392496
4,745,37.25,case2,2,22,703.4815239850002,-1145.3534199399417,61.60592074438554,38.91891810033083,-9.235506879132885,-0.15240270742492157,40.0,-0.003810076903898032,-0.2329916292234073,0.3718228780937434,0.1918706120016668,0.5784125582842823,2.8857474053084826,0.0950426724393754
5,497,24.85,case2,12,24,981.2901190031528,-79.59633269851687,53.91621054514845,39.31933455302102,7.3432868947539,0.25703674628883155,40.0,0.006425962881675908,0.18463318231764803,0.0957033237166206,-0.5901773214938231,0.6287768140335186,2.7500934434740825,0.1701001815438847
5,498,24.9,case2,4,24,983.0409572729961,-80.8946411187442,55.53553432593499,38.17776929889014,10.832286415377562,1.0024289218364513,39.697422603582034,0.025254422575714145,0.27646678715174655,0.004674934205677597,0.41871710578940435,0.45246582949381065,1.939448095434163,0.07581725735695484
5,522,26.1,case2,17,21,-806.0761877184252,434.87185870387253,51.41975598690277,-39.97371900975496,-0.08284812356036872,1.4473854764980425,40.0,0.0361925378279397,3.143665215437618,0.1436905673287361,-0.27074780004451815,0.4634025879713922,2.9004603408550347,0.16885710307930918
5,523,26.15,case2,1,21,-806.1782055963165,433.56215320575524,52.31251280094335,-39.74786036001841,-1.0973057394583086,4.347817488652092,40.0,0.10891061718188082,3.1691923053579467,0.166772894458328,-0.023022029609751943,0.5877403884537038,1.6177905233299743,0.12380622223128346
5,523,26.15,case2,9,21,-808.3362435736873,433.7716696275988,51.6228212086887,-39.41356368339292,-2.953684914849885,0.9325249050421518,39.53508390657095,0.023589462937741015,3.2163936554294184,-0.005112641877732866,-0.4361529910832239,0.47882142812352524,2.501118721694733,0.08318005163698117
5,525,26.25,case2,14,26,-775.8136800534764,-546.6953031033452,56.30808541906463,-23.5331515150837,-31.309329535138463,2.7413997174974614,39.26319661697039,0.06987795787227369,-2.215342271946818,-0.013692528973725023,-0.3328692012076109,0.3409232931414378,2.077668904087901,0.15010412309548998
5,527,26.35,case2,6,26,-773.8302143547539,-547.8994267033813,55.284699383868094,-23.400864271173145,-32.311569135920344,2.891721172030927,40.0,0.07235614848646839,-2.1975967111516774,0.2772557267818129,-0.409096721777671,0.4988074808004739,2.8055806719714056,0.07997136044492545
5,535,26.75,case2,5,25,835.0632448909992,-573.9313309608859,55.284260311117485,36.25603344100959,-13.415534179031118,2.7905323880588804,38.759045256470955,0.07205927868056768,-0.3543993710913115,-0.050647261564650506,-0.26668814729152723,0.2714739972254879,0.643618046348867,0.10776952257370156
5,535,26.75,case2,13,25,834.1979310101824,-574.6666388339668,55.64143722673131,35.73646580216117,-17.483968649247497,4.149198988129581,40.0,0.10391690204443266,-0.455008488462378,0.11770416654594992,0.23360060175937622,0.4160620898094476,0.8968167117189974,0.1172815828178964
5,551,27.55,case2,7,27,-844.2819226900824,-530.1126987179418,56.48172730390844,-21.68036751375474,-33.16272761114039,1.1788951562892636,39.63829754078355,0.02974570293053952,-2.1498081861784244,-0.00021487029784504163,-0.250421768576809,0.3266354159662342,1.4646564055169713,0.09840076889117724
5,551,27.55,case2,15,27,-844.7764593808705,-529.7973709867907,55.73926813304809,-23.175226038536366,-32.499768314021345,2.5834003943794985,40.0,0.06462999410023904,-2.190252919780001,0.14595211359219007,0.06878987843003352,0.22060170413167757,0.9509712233469624,0.0915013494718773
5,559,27.95,case2,11,23,709.0626980890252,798.5701609348371,56.13938902908572,14.280105086215078,37.35613615536227,0.7731043064747443,40.0,0.019328811189507272,1.205667827093307,0.08180292501315486,-0.26206497381340466,0.36770468953612384,2.9789726719462117,0.15923260294938754
5,559,27.95,case2,19,23,710.0872985756519,799.5315699048817,57.33124646331475,11.378344338555625,38.24437326427945,2.285469755633208,39.96651321128962,0.05721582945547555,1.2816192326772091,-0.008962311756150435,-0.029127301188235838,0.05399029796486527,1.3924685550365659,0.11778858676766293
5,562,28.1,case2,3,23,706.8204036329834,791.9944981367995,57.12177453223618,15.59751538733357,36.685795118693186,3.296960759724027,40.0,0.08251763307363492,1.1687859471993542,0.6954066437131254,-0.23517501065084823,0.7341427936324127,2.77001264324597,0.1692400778973892
5,582,29.1,case2,0,20,-993.0520414969901,-274.5578947587781,56.724837482952985,-33.47014615435136,-19.814121898233694,-0.030666923710263007,38.895385981526324,-0.0007884463957284274,-2.607080799565591,-0.008578892181302384,-0.4314593823407402,0.7293557927861055,2.682441389153668,0.16617456746784598
5,583,29.15,case2,8,20,-992.8157906376002,-274.6682002087959,55.90902655842289,-33.78753892723768,-21.23441234263655,2.7389679996822784,40.0,0.06852782255563922,-2.580502844299517,0.2496822576118169,-0.17597999107390627,0.3469862230896223,1.5799006723889784,0.12467039674338103
5,586,29.3,case2,16,20,-986.874309611683,-273.93752102955256,55.97589449630961,-34.103913970909225,-20.774240440245293,2.3138681889207566,40.0,0.05787901490454574,-2.5944757575670447,0.6971966969275991,-0.4626681147198717,0.8422368882090046,1.8280736338514185,0.12750502268996367
5,743,37.15,case2,18,22,702.3887403847996,-1148.3986608767188,63.091959788595176,38.98144825369985,-8.967906930059527,0.15276563065928186,40.0,0.0038191500507699224,-0.22612135135432768,0.044766158595331694,0.3576907341174047,0.41671892971718855,2.996052590450682,0.09699805439341876
5,1306,65.3,case2,10,22,293.1325448840037,-497.8181034275392,26.444027065021146,-28.75210996275232,27.684796906681168,-2.6207237408044453,40.0,-0.06556505835053222,2.3751038511292153,0.08829799964445197,-0.2587395931790654,0.7892138543508959,2.7960282796813276,0.08103110535105672
5,1307,65.35,case2,2,22,291.47061691874205,-497.79425059023123,24.634671659261198,-29.36856013750383,27.13142109540111,-1.1720344678569459,40.0,-0.029305055979781836,2.3957692115731595,0.037076272462619526,-0.46326420041957916,0.5116514209557821,2.9683709015025608,0.08496770588494583
6,498,24.9,case2,4,24,982.6153740244106,-79.20072108725623,54.92646714485011,38.25458694833581,9.603773467576632,4.050764632746113,39.64914351551898,0.1023438183580799,0.2459656559701911,-0.032319484512608604,0.43350814419182104,0.4628260649348917,1.482608435090898,0.0760457639701374
6,498,24.9,case2,12,24,982.6335306031774,-78.28017590878315,55.3265617370775,37.94932441626929,12.44971713378092,2.2030251105216765,40.0,0.05510350954938316,0.31699853956984403,0.061823885090391606,0.21308061694673905,0.2820244737351261,2.1193587563666054,0.0766754964507677
6,523,26.15,case2,17,21,-808.2561034212501,433.46059637467516,53.23574657272738,-39.91874396758513,-1.2559670663027485,2.217301688708285,40.0,0.05546097008908418,3.1730453685128914,0.10295281936573238,-0.5995915570048191,0.6091769772582056,2.626751164973618,0.0891772095178156
6,525,26.25,case2,14,26,-776.1196766540417,-546.6843008695436,56.92835531343577,-23.148961444924364,-31.290469402516266,4.619245551297915,39.195730901101804,0.11812525131497596,-2.2077430330581205,-0.01692256420083483,-0.010183963868824933,0.15909152804763013,2.1786739177567296,0.14610852376832134
6,526,26.3,case2,6,26,-773.8262750305231,-545.692063054713,54.03976819291093,-24.755490143926426,-31.388545104078908,1.387423505338411,40.0,0.03469254638206281,-2.2385960726007417,0.3194293425351823,-0.3408270602909553,0.5192998598938362,2.5322616865870957,0.155773563760972
6,535,26.75,case2,5,25,835.8374695909139,-573.7013265285958,55.28394004362369,36.191413717150475,-13.803434583713116,2.5192460652192947,38.81623157765212,0.06494752170790641,-0.3643704983713045,-0.04771085060941135,-0.05185624627182933,0.22534031178264294,1.2975795872699123,0.09570257417241682
6,535,26.75,case2,13,25,835.0692888152346,-574.1043910083242,56.47881280573089,36.77216843682688,-15.373742805422951,3.384621190966459,40.0,0.08471682802880513,-0.39599557702847765,0.11493717602174677,-0.2887877177972823,0.4478104490153954,1.5140087407213023,0.10786752557497528
6,551,27.55,case2,7,27,-844.0952565472342,-529.7835620855873,56.502257750069006,-23.985716703023403,-31.673669902793673,1.9444196600564112,39.77834509734219,0.0489008483818683,-2.2189379691676674,0.004320911834445479,-0.44909960999313536,0.6820911571033602,1.3409640182989895,0.10741734887584063
6,551,27.55,case2,15,27,-843.8104686731166,-529.5411037502997,56.54803269449316,-20.484626141193885,-34.24406807895154,2.7791893169858857,40.0,0.06953575617459111,-2.109887474699387,0.1375592578263137,-0.2753622302842684,0.3281248754274315,1.4454379564360134,0.11312301626661891
6,559,27.95,case2,11,23,709.8797817781517,798.9116087745813,57.862868206477664,13.59925457028745,37.56882996372202,1.9087404981973364,40.0,0.047736640660886634,1.2234869142138687,0.030653045577815424,-0.2875239621660808,0.5109461136883511,1.6609807190084849,0.13311712618985583
6,559,27.95,case2,19,23,709.6904041020318,800.0604064825213,58.32916252548082,14.649159634006887,37.08361934657996,3.1948862538975846,40.0,0.07995732596692826,1.1945813535901542,0.05340745959061465,-0.2843747660312778,0.3757845234141553,1.9367181230232424,0.11694886325104485
6,562,28.1,case2,3,23,707.3405641266916,792.0371874693353,56.8620132300694,11.821973727627789,38.07480428097845,3.2481096269158978,40.0,0.08129224677176737,1.2697406190905625,0.6951996125495479,0.6587440245873326,0.9693900429552904,2.5906154520919564,0.16316543189839547
6,582,29.1,case2,0,20,-992.6874699457794,-274.54652792537155,57.429761435523446,-32.24509064230684,-21.31473402040797,2.726596721124724,38.74916885006657,0.07042349169709167,-2.5575076581140146,-0.01842885017701912,0.06241629443960256,0.2895635315295309,2.981459180822511,0.17402602104259918
6,583,29.15,case2,8,20,-992.1343383904045,-275.44312031042824,56.608547217965125,-34.363279331745005,-20.302045512191526,2.644235539691965,40.0,0.06615413041547556,-2.6079605759010933,0.2620343844117342,-0.5016796403972695,0.5775930696404408,1.8633757824980515,0.13225978904339625
6,586,29.3,case2,16,20,-986.8520678238563,-273.9510011946966,57.48466798081236,-32.97118286846492,-22.473390195291724,2.801398469409781,40.0,0.07009234083872873,-2.543317913997791,0.6794627214865695,0.17537161750547578,0.7017575272839762,1.7386665761946647,0.12423888452527798
6,745,37.25,case2,2,22,704.0045356906134,-1144.850862117309,62.38217679809243,39.02365167243489,-8.725823833948294,1.00727780049483,40.0,0.025184607211409013,-0.21998480586029642,0.33336948548861867,0.329103457531817,0.5066924715461627,1.9980405227623703,0.08057992293551546
6,1313,65.65,case2,10,22,285.7488793292789,-490.6786304469285,24.100671314226098,-30.018870125863536,26.2502312205315,-3.1293445376261952,40.0,-0.07831363882768277,2.4230698969975286,0.02904489298753907,-0.10799536834305885,0.17911048135402452,2.6163566325516987,0.0770449722434848
6,1313,65.65,case2,18,22,283.62168291561045,-491.5460135511346,23.34443686547908,-31.1485494590284,25.094963333236063,0.10335328731670168,40.0,0.0025838350579514046,2.463413454227694,0.03258259709240656,-0.18731159579400616,0.5311523999621787,2.9988671528770268,0.08014528381423225
7,498,24.9,case2,4,24,982.8022914547532,-80.60604016291829,55.61884091365849,38.352233979146256,10.196108177761374,1.272387815823331,39.7048289747941,0.03205166048293521,0.2598438501509111,-0.011254036043081927,0.2513537736750951,0.3605783171839134,1.6264875835733776,0.07748942206631255
7,498,24.9,case2,12,24,983.3614664116064,-80.97510067981703,54.18029850171748,39.05969684871703,8.378909200949895,2.0332148653209665,40.0,0.05085228575286755,0.211312991106219,0.047895943115010255,0.0899269053047083,0.2210987082771881,2.4308670248946265,0.07512048697781659
7,523,26.15,case2,1,21,-806.3458213343084,433.11912767839164,52.45995293179847,-39.99261233938519,-0.588656689632682,0.49441032898393084,40.0,0.012360572971338182,3.1563107264868253,0.17266966186358942,-0.3774876892411176,0.5890193503149365,2.039761376444539,0.12737469010635957
7,523,26.15,case2,17,21,-807.925380191872,433.435403340799,53.3075966372068,-39.633094886266434,-1.9243738532780104,5.051195403963447,40.0,0.12661793929724585,3.1901092712847605,0.13157698655093658,-0.19021338575967228,0.5979853840223152,2.4495401333576776,0.09337367589139187
7,525,26.25,case2,14,26,-775.3159527328049,-547.1649604061149,56.28663555170039,-22.757356099908378,-31.84336516198611,3.221626755120015,39.27182247422359,0.08212634166982945,-2.1912972809026723,-0.011438526562440647,-0.21680135726650607,0.2281352435575977,2.359034214737744,0.152631130046117
7,526,26.3,case2,6,26,-773.9012020021598,-545.360272290925,54.27209213815214,-23.59053324968207,-32.11267596130536,3.5018257523534584,40.0,0.08765785973086866,-2.204379720224996,0.2812132398061432,0.20980008933217992,0.35085231627507246,2.4680879799782325,0.15784543849176344
7,535,26.75,case2,5,25,835.4004105161989,-574.7440719889968,54.04612761048673,35.65001716279582,-15.76121200719502,0.6248520328407708,38.98371413431934,0.01602922670044924,-0.41627285943617537,-0.03667299567129356,0.12306357817617429,0.4548118527645789,1.1719358167596352,0.09469010047577829
7,535,26.75,case2,13,25,835.2501840993383,-573.934073524213,55.88559382956014,37.022899343480105,-14.851480851386773,2.956085371472371,40.0,0.07396956988541724,-0.3814914250832709,0.10624450022389217,0.04505660899399798,0.11846922445245539,1.0961744405283331,0.10342066460809304
7,551,27.55,case2,7,27,-843.0789574170525,-530.4319348652828,56.289691936913876,-18.633003790998185,-34.76052452163258,4.415895388399938,39.68605583042569,0.11150160346524088,-2.0628579300710883,0.00470503932742883,-0.18629209027233712,0.660749080006977,2.4650646198893447,0.12165903177005394
7,551,27.55,case2,15,27,-844.7630635288691,-529.5159156028454,55.14095151875231,-22.319081963319615,-33.17455725674515,1.1433858200794462,40.0,0.028588539600319852,-2.1630172989999257,0.11260937520688673,-0.18416662053806648,0.21621916112722214,1.1001366698945452,0.09743311453396045
7,559,27.95,case2,11,23,710.7076108921219,798.6453700244127,57.79654925607889,13.581446562599968,37.36868201887791,4.373318355577622,40.0,0.10955196115284523,1.222194680871285,0.016012572935109402,0.22179813667257098,0.36117002587269464,1.1126355156531527,0.12667726990555556
7,559,27.95,case2,19,23,709.898072731365,799.817027034389,56.484655481092766,12.041560154151163,38.11277052799467,1.5548478171126585,40.0,0.03888099095689994,1.2647755406545755,0.06428393935727265,0.18779408532576308,0.2127735496542975,1.982350337098841,0.1204426349899197
7,563,28.15,case2,3,23,706.6440017328038,794.1847408997015,57.17281006032762,14.199807639171054,37.30404182062115,2.6026768635171793,40.0,0.06511292163047949,1.20708089149745,0.6120414801776597,-0.12082425946989257,0.6248886928851859,1.3685689602646005,0.07526132899068345
7,582,29.1,case2,0,20,-993.233681986885,-273.8747301795767,57.48702948127268,-32.89317310554171,-20.65545897017226,0.6232840345612175,38.845814513372495,0.016045764234094716,-2.580870639219823,-0.005750796096991632,0.1902787537437624,0.5873316073347352,2.735394168030536,0.1680224574342434
7,583,29.15,case2,8,20,-991.9687088226271,-275.74333170218307,58.05700351446111,-33.67844810864982,-21.574874765968914,0.5356415086035289,40.0,0.013391437960623892,-2.571844222313554,0.27893766730915126,-0.3009603931545489,0.8697604890929211,2.236434755599239,0.1344252469350808
7,586,29.3,case2,16,20,-986.870792430418,-273.5499373453344,55.72961782235118,-34.11936549476938,-20.845613593731183,1.1529493203043235,40.0,0.028827725663162135,-2.5931522981712436,0.6977837693400993,-0.11125056093720903,0.7666169551549402,1.8370991415101452,0.1304882722613338
7,743,37.15,case2,10,22,701.752632804815,-1146.674591821519,62.77882477387627,38.889830320503584,-8.767809190385726,3.2720971323338315,40.0,0.08189393615861523,-0.221745089751915,0.07929921828726155,0.07230172173334375,0.10867352616480153,2.9929497359143573,0.12122737359389066
7,1305,65.25,case2,18,22,293.25311125184606,-499.6585827704164,25.400865229766598,-29.023406110134808,27.358206510444393,-3.02827249402482,40.0,-0.07577931871701893,2.385720351554524,0.06250233971759211,-0.1439629449538816,0.31811852507222105,2.7312522883168344,0.07871626916260958
7,1306,65.3,case2,2,22,292.606436336725,-498.21828329749803,26.598130806196842,-28.69031968598036,27.80737901620376,1.90137544042157,40.0,0.04755230503525894,2.371821123134429,0.013671883366687048,-0.47428609028206886,0.4799287577665568,2.9607405962101216,0.08174533364497263
8,497,24.85,case2,12,24,980.8051919504666,-79.98455812562118,55.423264284515966,38.760805886082764,9.632694825382714,2.193425964662732,40.0,0.05486316769700669,0.24358181993799913,0.07418010526795366,-0.03363505001567306,0.2235632054682854,2.865006901831046,0.17824837722695136
8,498,24.9,case2,4,24,982.5134923298097,-79.9259702531992,55.19264469236199,38.61347603181613,9.041354699648629,1.023886300920378,39.67108480016282,0.025812251234527895,0.23000652066172994,-0.013686710561106923,0.10230724143367671,0.11944189949692048,1.1410238922266918,0.0789708570730947
8,522,26.1,case2,17,21,-806.1592595463774,434.45435752579675,52.36709104535704,-39.91157320367924,-0.8002708631716772,2.5349341121441222,40.0,0.06341584947011568,3.161641065017845,0.1359489560377779,-0.42202335926990175,0.5868203196929421,2.878017717315603,0.16825144715667326
8,523,26.15,case2,9,21,-808.5808520468167,433.3881733935323,51.820272610072536,-39.45364428033964,-2.452070187700216,2.048968375717551,39.582836768095284,0.05178720600820618,3.2036634792767407,-0.01428851809966469,-0.582427700866361,0.6358174852827495,2.8604935075943336,0.08727798389227719
8,525,26.25,case2,14,26,-776.275107080976,-546.5605731588197,55.40396057771147,-25.33876124823948,-29.868840582083084,1.9635796924752507,39.21805839816496,0.050089195971851394,-2.2743225571521823,-0.011720464384119306,-0.14652278309578035,0.29003214073035166,1.62735426060523,0.1438825446048865
8,526,26.3,case2,6,26,-773.4560671034261,-545.4524700895302,54.95740639951103,-22.94197615923649,-32.677290897102154,2.420824143796732,40.0,0.060557609863265374,-2.1829149280123046,0.3342055074531608,0.08124371817564434,0.34478848329345263,2.599230825379064,0.16186145494098986
8,535,26.75,case2,5,25,835.7079347358384,-575.0623748236483,56.11911865659049,34.516990935641715,-17.928680855281502,4.263099234119013,39.12843308313861,0.10916815211958415,-0.4790595640383196,-0.03377995168430161,-0.578359323013118,0.5923733767574028,1.5200351771023608,0.08137635537227748
8,535,26.75,case2,13,25,836.1162004518192,-573.6081086504271,56.48373176984097,37.01608721328687,-14.576558049139088,4.163321133232235,40.0,0.10427187712935479,-0.375141329754528,0.08845716609750721,-0.04471975033390316,0.1738121878793093,2.1272391669610866,0.0952777580130136
8,551,27.55,case2,7,27,-843.5408160296615,-530.1009464321212,56.07883436105459,-20.569692041489997,-33.70653502664887,2.28465635452953,39.5532854367717,0.057793648679291015,-2.118724554854487,-0.018939800236983544,-0.21974606667919333,0.26568321424866764,1.8847292770373565,0.11512911631198133
8,551,27.55,case2,15,27,-843.4692694421288,-529.8474852583704,55.848135358001635,-20.424003230587218,-34.303246396705426,2.4793907888591074,40.0,0.062024530572373206,-2.1078233876452286,0.1384976998304586,-0.1406741619991655,0.20556605005403697,1.8079949970142992,0.11813369182145472
8,559,27.95,case2,11,23,710.8148013706001,798.5234527736087,56.53623311850158,15.273196309899372,36.95536979913258,1.0149470373549077,40.0,0.025376399417509243,1.1788878570344903,0.04397661371866441,-0.19224980496860303,0.1987319403005245,1.630211367709195,0.1326499224300251
8,559,27.95,case2,19,23,711.282313123751,799.222578421776,57.7573717994662,16.339522729806607,36.47143822929228,1.6894349496357883,40.0,0.04224844104299172,1.149599575647928,0.07025075771957744,-0.06379323277426938,0.3349044083114168,0.3076621824346962,0.10767821137920586
8,563,28.15,case2,3,23,705.1665433476176,795.055610212041,57.8463173019714,13.28831278382889,37.720118460255385,0.7832028494781841,40.0,0.01958132255148487,1.2320854179449767,0.6160394514118944,-0.6278394565727542,0.8812212909877781,2.841244349939992,0.09392462351847494
8,582,29.1,case2,0,20,-992.7279495828473,-275.1303098541001,56.983059691810894,-32.13477696737212,-21.796685353095505,0.9102731119976138,38.84028810736377,0.02343845801629334,-2.5455865029388063,-0.011253464809123308,-0.2997668127369663,0.4545975315630802,2.866935804888227,0.16847995056322587
8,583,29.15,case2,8,20,-992.4922208304496,-275.4196219205561,56.722773550071906,-34.10648980027852,-20.781783877516332,2.205631966511951,40.0,0.05516878013513049,-2.594348005958294,0.2606615493627167,0.056983802188869156,0.38514058850906185,1.5137012683731657,0.12293580730483722
8,586,29.3,case2,16,20,-987.6131594551948,-273.2795474175059,57.11133028378095,-34.47268404895753,-20.083133118874343,2.8812876618487215,40.0,0.07209462891833814,-2.6140796639975985,0.698966059722363,-0.11268513380184997,0.7606344777389673,0.7029045573409601,0.11047317391889586
8,1291,64.55,case2,18,22,310.0247972821757,-513.1117406845468,27.35341052007855,-31.705194139967983,24.388094257095922,-0.039026323744258656,40.0,-0.0009756582483961065,2.485907264484348,0.020440229033261544,0.0637819136028436,0.3609871682458163,2.8953243162878732,0.08134440730016054
8,1296,64.8,case2,2,22,304.25198739060465,-508.52352318649696,24.915933040478926,-30.56388906686137,25.804027468414677,-0.029180779509544404,40.0,-0.000729519552446844,2.4404373809741813,0.08251079652285569,-0.6945067302211865,0.771289250119922,2.827169469725394,0.08195378792188963
8,1298,64.9,case2,10,22,299.7241505241539,-505.9973556100222,23.40061913671343,-30.078707078602157,26.224731964499775,-2.744961542497924,40.0,-0.06867801441609352,2.424537967751724,0.036416844164491965,-0.010716618822316004,0.2209521532581193,2.9478081962817098,0.07542117420901034
9,498,24.9,case2,4,24,982.2828046103537,-79.45251308278807,55.888866857235854,37.75732029242407,10.438166951394368,5.2313801221856595,39.52136008480325,0.13275804994635296,0.2697175963035219,-0.027911015045782223,0.2691338353186784,0.3185047565719787,1.2767168048907098,0.08317714980264108
9,498,24.9,case2,12,24,982.5231553330008,-78.82032465505588,56.30261879041257,38.83860199687915,9.11611958687317,2.9084976544329426,40.0,0.07277666726528854,0.23054471676530303,0.0741041318341454,-0.010827677554232806,0.2372500587774065,1.9900443857710515,0.08116069182011784
9,523,26.15,case2,1,21,-805.945568699108,433.3971617272677,53.64619410436295,-39.908524004539736,-0.8248968840075186,2.574734337719123,40.0,0.06441289093802728,3.1622594023465656,0.16443751034332832,-0.7311350649680545,0.8288873419664646,2.1892150773644627,0.1329176876673002
9,523,26.15,case2,9,21,-808.2855141312239,433.3798651931957,53.220914567120786,-39.407790279360604,-2.1074257064130695,1.7749554916816834,39.50399530183712,0.04494616896631858,3.1950191505116114,-0.011704542187680602,-0.6161411323783992,0.6785467021053098,2.6954955194784653,0.09035067130318855
9,523,26.15,case2,17,21,-807.9481374422539,433.3025004872621,52.85812532772195,-39.839376518965544,-2.260464547114968,2.777477022647137,40.0,0.06949284517979233,3.1982713384783215,0.14325752877363285,-0.27518040701721913,0.31067101099694505,2.4415227993415156,0.09474692282595962
9,525,26.25,case2,14,26,-775.0624697179913,-547.0685478571419,54.624962618038154,-24.259845986300952,-30.87955031235613,-0.2363828351966008,39.27012390631268,-0.006019442751704842,-2.2367123446126898,-0.006531906877021516,-0.30163215285875383,0.30172044847392393,2.661241254417955,0.1619350709163796
9,527,26.35,case2,6,26,-773.9552985363416,-547.3008353869229,55.25627871650545,-25.64502204846042,-30.659491409693757,1.5259196023687835,40.0,0.038157248722549594,-2.267369028077733,0.28655386541046135,-0.718210250832442,0.7812946032307723,2.1966588583746214,0.0809461534917186
9,535,26.75,case2,5,25,835.7727141635095,-574.6527176552605,56.13103369725164,36.21259551228627,-14.637591595567379,1.1350855405840612,39.07556244815324,0.02905256287073915,-0.38413274527557256,-0.021397713194236903,0.020670591297860502,0.6746479503928403,1.4629029541177923,0.08589662555261268
9,535,26.75,case2,13,25,835.9206272201518,-573.9414940765579,53.54667612532129,37.47603461350743,-13.912140374369555,-1.4139235661905443,40.0,-0.03535545446217819,-0.3554593124356734,0.10686321503951374,0.15136980125265898,0.18534114051644215,1.919451290431504,0.09661360549699263
9,551,27.55,case2,7,27,-843.4255940598814,-530.1054770333906,55.994764992520345,-20.82604228740407,-33.414132319474994,2.480846632484051,39.451018694503105,0.06292574146111832,-2.128150975464573,-0.02145201500273553,-0.49992009623127975,0.5049763638735139,1.978641920933689,0.11848508021355744
9,551,27.55,case2,15,27,-843.1386735081712,-530.0762749008157,55.77471131477846,-22.01417219866806,-33.36593613387767,1.445865940323234,40.0,0.03615452455563267,-2.1540159648527553,0.15641067030379788,-0.5765826330803376,0.7358802704093054,2.2149657007275816,0.1256617740771028
9,559,27.95,case2,11,23,711.2853240033402,798.35049762388,59.05871694202446,12.459583542782758,37.72094203672983,3.3186201485195403,39.86381730201053,0.08334538928715568,1.251769733536853,-0.013676308448817329,0.02340264889455057,0.08559935654148662,1.7774694003257403,0.1298584700382943
9,559,27.95,case2,19,23,709.6662886029392,799.5748954238293,58.101087647361155,12.12096600084861,38.080755372244866,1.7141334503229686,40.0,0.04286646314680014,1.2626395332187947,0.10134349815936858,0.245731525357415,0.2965480030953172,1.8106177099706788,0.12376327126322603
9,562,28.1,case2,3,23,706.4715313059883,792.1755804246443,57.13005095543796,15.289202048793152,36.849757358446176,2.8871583494538666,40.0,0.0722417791398589,1.1775059725049681,0.6941929322129574,-0.22099243137696256,0.7410501173197241,2.7813729670927185,0.16943136999566208
9,582,29.1,case2,0,20,-992.7160799713806,-274.8684187157593,56.80332807003602,-32.54369306143336,-20.898296046740928,3.0964816339215306,38.79972853311253,0.07989174632391749,-2.5707477862501866,-0.021165116665829386,-0.07974049996260307,0.22057657985300444,2.92793451703073,0.17168316618280002
9,583,29.15,case2,8,20,-993.019177537506,-274.1379612272571,56.55360728966569,-33.5973654602339,-21.542706866796372,2.669984079122196,40.0,0.06679926886983487,-2.571427015089631,0.2417286482020335,-0.020997134282956326,0.4070415923765835,1.1243611344651903,0.1214355841851938
9,586,29.3,case2,16,20,-987.2625467255045,-272.57675597845184,57.13529451042708,-33.98244267783848,-20.889527088710555,2.970058527613562,40.0,0.07431986120225773,-2.590423292817721,0.6992130624352653,0.14147385433591733,0.7430873648151524,1.1682061148007445,0.12490113265578932
9,743,37.15,case2,10,22,701.8968320462941,-1146.668509766129,62.41213276864235,39.34176533649699,-7.082092035676847,1.438566163305116,40.0,0.035971911393502004,-0.17810707717755891,0.12065971023753813,0.6553910722982903,0.7929397255893198,2.868556991377052,0.1181860892581291
9,1297,64.85,case2,2,22,302.65377078551785,-507.6956576477669,25.207887100894272,-31.33650081463529,24.84524759572322,-0.6225151802125017,39.99562646775299,-0.01556520981481975,2.471224682002235,-0.0063364779047848045,-0.3287120556806308,0.5874310126421316,2.756563265849318,0.07840084626201664
10,497,24.85,case2,4,24,980.7053382981175,-80.13677131884008,55.58994979236404,38.714028701640544,8.898225753970868,0.9543296638226312,39.7349365796314,0.02401970452962771,0.22592116630611075,-0.012470579389415747,-0.17503400924873178,0.31017656426451284,2.989121861172615,0.1822034066792436
10,498,24.9,case2,12,24,982.975492089039,-78.96163280468355,53.76797429910422,39.091171645970114,8.477125995820282,0.1365071290828524,40.0,0.003412684851326439,0.21354876725731792,0.05999753308109339,0.02540305905427935,0.19537052526994023,2.3529090502062275,0.07705795678314915
10,523,26.15,case2,9,21,-808.2324042886173,433.23012005242566,53.67696681016635,-39.15676088750148,-2.2538239555008794,4.78760815897296,39.51269210655254,0.12146479229683324,3.1990882134562577,-0.025033238923562802,-0.6067588182673445,0.7007568972233809,2.9242325555880746,0.09535640907793251
10,525,26.25,case2,14,26,-775.861745888962,-546.8862271589365,55.206786784137265,-26.041124763658175,-29.29533028818292,2.300800591546313,39.263854102879385,0.058632027404234024,-2.2974545165739997,-0.009709987038158363,-0.4031530788066825,0.4760287637434795,1.8272635772788366,0.14716130513244094
10,526,26.3,case2,6,26,-773.9467004617209,-545.2365840847784,55.277917733236634,-24.231656912279522,-31.6312463391543,3.505860567294965,40.0,0.08775911933872833,-2.2245013233748065,0.30468080701107153,-0.06731111233036721,0.6011292693953879,2.2149701549129857,0.15541298712916823
10,535,26.75,case2,5,25,835.6300203794639,-575.367207903348,54.64816955429748,35.73111340762012,-15.752350547033183,2.2084923874354025,39.11171757581336,0.05649630899609233,-0.41522555951022044,-0.03698712418898247,-0.14140578099523565,0.3675519271771679,1.2621827245310138,0.0799226098254475
10,535,26.75,case2,13,25,835.8164433562172,-574.4712999839672,54.69627355089189,36.37636848263595,-16.6236306385096,0.6439878957675659,40.0,0.0161003929829406,-0.4286514489784518,0.09754973262826415,-0.1434274010451048,0.1744526343435562,1.0458539701832072,0.08456425266238508
10,551,27.55,case2,7,27,-843.7647164289856,-529.8727022914215,56.19713777223078,-22.43371795642322,-32.53307634857837,2.168390904770395,39.57745162547313,0.054815990520867025,-2.1744855321724343,-0.015096493699965385,-0.5650202152271067,0.5921956862527347,1.5756991795964597,0.11327543243329585
10,551,27.55,case2,15,27,-843.0042027144605,-530.020805751735,55.8260229562146,-20.1226900936854,-34.50303948647608,2.1488623939582845,40.0,0.05374743358930099,-2.0987824787794165,0.13940993946485145,-0.15418487433416378,0.2915363472969435,2.297723271392182,0.127391669158294
10,559,27.95,case2,11,23,710.3146334640419,798.6805393846486,58.37739902898817,13.282866825112306,37.403994211667325,4.950420782104101,40.0,0.12407865027818182,1.2295685019409899,0.03576684831891106,0.3073851918843139,0.6054818154969538,1.5337383722545497,0.1311055099910999
10,559,27.95,case2,19,23,709.2487252229073,800.1227291879577,58.191397773280954,13.000399193334456,37.82640517639979,0.39075855049358454,40.0,0.00976911914870086,1.2397576462195676,0.07902953224367715,-0.4162343642503438,0.6216949395101734,2.3244459900383827,0.12365280993466041
10,562,28.1,case2,3,23,706.1336691944933,792.6883421387324,56.97635453457538,14.150847754971613,37.25300652582031,3.4593370178119516,40.0,0.08659159702632996,1.2077735177399105,0.6932918283592687,-0.21676505782546251,0.7304302217500481,2.619662258999028,0.16327988256205955
10,583,29.15,case2,0,20,-994.6091526101552,-275.48149287110937,55.99606549773569,-32.56940782219088,-21.00320904958704,1.8543554972063891,38.79870810450862,0.04781247355491063,-2.5688284220865216,-0.01716225047958385,-0.27609351361979095,0.5375312767051669,1.6509524235930344,0.07882083117354775
10,583,29.15,case2,8,20,-992.334149128936,-275.33554981220954,57.16509445085733,-33.242462659152594,-22.13992715195632,2.182269933100201,40.0,0.054583848778473526,-2.554042415193871,0.27150132308986097,-0.11915505626861318,0.296656524681533,1.54706621962385,0.125468762488692
10,586,29.3,case2,16,20,-987.5035406223445,-272.71314906455336,56.915312517071335,-34.28275835181266,-20.513836844259345,1.968496308944275,40.0,0.049232293672795614,-2.6023711973124914,0.6991809510706379,0.0339580347005385,0.7391820390172688,0.8608406328775793,0.11820754608961717
10,1286,64.3,case2,18,22,315.75558313329526,-518.0537888877561,25.10229881370098,-31.415706645714163,24.26173621057885,-4.941814646333656,40.0,-0.12386183292435372,2.4839838759884043,0.02007554616403822,-0.20935530736863545,0.21763363064521832,2.722755197093618,0.07658836280821703
10,1287,64.35,case2,10,22,316.07697539139014,-516.0299051085385,25.978442144580043,-30.700778257967396,25.61575687611756,-1.1380746982305292,40.0,-0.028455707527450472,2.4462438745285158,0.046387743196436085,-0.21769287641737284,0.23400145309797102,2.9806405991744898,0.08621544419162508
10,1290,64.5,case2,2,22,311.8983124649469,-513.0673276620046,27.366084418584922,-31.812809200932517,24.246232355907843,-0.25570938268041143,40.0,-0.006392778109850503,2.4903588006216206,0.03181924153638151,0.3856271066386034,0.4044264894110056,2.7256504315070327,0.07835659066701944
11,498,24.9,case2,4,24,982.3755772617262,-78.50205007563108,53.83611117180795,38.173089126331504,10.91429942928693,0.2767061862349561,39.703692923863926,0.00696933725513852,0.27848619965751065,-0.024167303003198255,-0.2434320842013652,0.26358878464237506,2.221159011937482,0.0906361976624903
11,498,24.9,case2,12,24,982.6073348876184,-78.8721501065418,56.616205099184924,38.669385314741184,10.079653535040972,1.754771778213609,40.0,0.043883377841252534,0.25498838528726386,0.07484450026912731,0.03592411636565904,0.25038815471004483,2.2040480773054036,0.08162609531083276
11,523,26.15,case2,1,21,-806.0670230632319,432.39318345321436,52.20273595886395,-39.84654112501906,-3.3348189710216376,1.064021993513102,40.0,0.026603687880989775,3.225089625663152,0.19828427241082383,-0.6521367769295742,0.8395529903115763,2.7960305083446113,0.14256512429035273
11,523,26.15,case2,9,21,-808.3707140707822,432.997008184332,52.15331499979189,-39.48794782179884,-1.8522425407469871,3.6638468952203898,39.70078840122041,0.09241800438343653,3.1884648256032273,0.008037032514163772,-0.7117330302328911,0.7217992205255968,2.9252944524659443,0.0974237724853743
11,523,26.15,case2,17,21,-808.1280489129869,433.87566053298116,51.721658523397444,-39.78252820241847,-3.6119661594630137,2.074644616958131,40.0,0.05188939773957876,3.2321371777655252,0.09978848734271291,-0.17831516889471333,0.2560701927491866,2.252220023495495,0.08276604021068233
11,525,26.25,case2,14,26,-775.3791069139854,-547.5240529032318,55.053818762255375,-23.5355922939845,-31.527247865857692,0.4303525106411571,39.34560542052068,0.010937971022016196,-2.212063889723044,-0.006590341204670657,0.1874908690687095,0.3838030768050342,2.179186701084475,0.14713878175073433
11,526,26.3,case2,6,26,-774.091209724103,-545.5793445071129,55.09206426206872,-23.95451966946767,-31.854493556486272,3.387067708927774,40.0,0.08477821127755542,-2.2155750144273276,0.27979857547704234,-0.4889373242875152,0.6282374192073961,1.9501718024009456,0.1475341125592816
11,535,26.75,case2,5,25,835.5783667201194,-575.2885291256979,57.04874809306301,36.30681864870036,-14.20990712764051,3.327341761975946,39.13026634418394,0.08513523950881532,-0.3730567766565134,-0.033583868042851725,0.27676202987197307,0.41694406225762226,2.3030633072965556,0.09168757161805151
11,535,26.75,case2,13,25,835.5019724494485,-575.4680192053402,55.01917686777701,35.83662632890693,-17.653998613841427,2.01805507971894,40.0,0.05047280420830019,-0.4577297852380899,0.07600194117238526,-0.6236514099394125,0.6372934766201573,1.2031969683565105,0.08001140796701653
11,551,27.55,case2,7,27,-844.7026666214128,-529.616518171438,56.46015667184178,-23.583123749736373,-31.74382826108388,2.83929158099247,39.64714283711327,0.07167538220614637,-2.209750792396506,-0.008812492727509374,-0.37387010541100996,0.47264603343132744,0.8693329786087054,0.09517600528695679
11,551,27.55,case2,15,27,-844.0360359399534,-529.776176909874,55.90955580245336,-20.307785298037683,-34.39198336410904,2.1875412159893006,40.0,0.054715827886471044,-2.1041865689271324,0.14543557564468218,-0.13636991199402132,0.2107237576340874,1.3017876215832453,0.10555845574896205
11,559,27.95,case2,11,23,710.8979537015293,798.2288961226934,60.06700529064849,15.46287281819487,36.59747251495826,4.639457912860602,40.0,0.11624809304603573,1.1710348886848532,0.05687657292749828,-0.2743907378273899,0.33210078148411804,2.733214136673553,0.1429595565765924
11,559,27.95,case2,19,23,712.9227515731643,798.5674777876196,57.82711824304839,15.956612320833246,36.45642501950513,4.039257114845779,40.0,0.10115384234140806,1.1582264288787887,0.028355962537241597,-0.2124340795891781,0.34445768760536344,1.757990327765399,0.11085974650069183
11,563,28.15,case2,3,23,706.028495235061,794.2333984917929,59.465266965076864,12.751631187373576,37.68982764730292,4.107650664041709,40.0,0.10287261691336193,1.2445547764332567,0.613446920875768,-0.21995818737283065,0.7478062930275361,2.7321173056066512,0.09656717047853149
11,583,29.15,case2,0,20,-994.1725211657306,-275.5130384312774,56.15238470764932,-33.04976002933585,-20.260529664111925,1.7695915553421186,38.806019565781064,0.04561677402352564,-2.59164654454564,-0.01744927345950947,-0.0034119959346295414,0.1669801276691868,1.3677351391779442,0.08709867653570375
11,583,29.15,case2,8,20,-992.5022290988102,-274.1063019490901,55.149757970996625,-34.025190648018395,-20.991159145960765,1.2874933300602325,40.0,0.03219289365477095,-2.588817579516662,0.3077105171132448,0.0818893442604302,0.4341681734970556,2.4614514446221407,0.14264941291369226
11,586,29.3,case2,16,20,-986.8835606498867,-273.1963125637434,56.55992764612695,-34.376812344572286,-20.188303807104027,3.266062218962066,40.0,0.08174255692340258,-2.6105896427572484,0.697468295758806,-0.06716582621699617,0.7037538513691167,1.4053320160769789,0.1292313055067993
11,743,37.15,case2,18,22,702.7008133164292,-1148.121165600516,63.381115213053576,38.84173445458695,-9.332960828442758,2.0531699233394596,40.0,0.05135181430589625,-0.23581139067277085,0.05210190918808383,0.5698306536749509,0.5860397531299355,2.636567742503158,0.08999419602553457
11,1292,64.6,case2,10,22,309.8033520787182,-511.3866393930428,25.668192882479747,-31.637367585282966,24.405394154694637,-1.8584155691564772,40.0,-0.04647712013544468,2.484529114536796,0.048113633571062624,0.4035329539775343,0.4444468951776171,2.6259861525482417,0.07797605900046942
11,1297,64.85,case2,2,22,301.42065644699136,-507.5662548705648,26.86643831611335,-31.569203775614078,24.557114622615263,-0.5200200248849454,39.99921157273968,-0.013001123134386066,2.480484564334201,-0.0016073950261385594,-0.6259133953377499,0.8441515392247987,2.8998323090653733,0.07628500406052945
12,498,24.9,case2,4,24,982.4527659290072,-80.15482266962043,56.57042656936434,38.485759841500226,7.830608854986027,4.665217585057531,39.55042857837759,0.11823144352626963,0.20072764781671623,-0.02485113937685136,0.17009592397200266,0.18869530593282763,1.7835867828797543,0.08552065962758723
12,498,24.9,case2,12,24,982.5885746844518,-78.79442764220252,55.52330283159421,38.89714985829042,9.019736776839476,2.3782517482863534,40.0,0.0594913797201242,0.22785967930155543,0.043858153798384356,-0.2918150125576851,0.3209697044840585,1.7331590667714414,0.07686463060905817
12,523,26.15,case2,9,21,-808.5990178138027,433.4626478478262,52.423681151948635,-39.42299003966258,-2.00989077336385,2.524288840339701,39.554820676343,0.06386087404001074,3.192531257898767,-0.016508173229342792,-0.3593145297272915,0.3647814032533578,2.7617640343708203,0.08356552619073646
12,523,26.15,case2,17,21,-808.0453935603574,433.9863090990977,52.21933857446627,-39.89564517194671,-0.8445149481445852,2.7612118383937228,40.0,0.06908523750567873,3.1627575912488113,0.1497171023120244,-0.3227779677585789,0.36684728408441564,2.016038535513746,0.08220330136740164
12,525,26.25,case2,14,26,-775.7575790252039,-546.7956712473341,56.5120487599197,-23.06818505740338,-31.438756842953072,4.114106676102296,39.21048925243457,0.10511710196743392,-2.2038160043208403,-0.01421617369103913,-0.10594043641624092,0.24426627205151322,2.1662791766322305,0.14979035318190811
12,526,26.3,case2,6,26,-774.0603154617509,-545.2747263732655,54.8073185538669,-24.19905107693335,-31.566538585804775,4.2378731324650305,40.0,0.10614604030459605,-2.224839907706862,0.309134678194985,-0.09933830828805243,0.750257321067896,2.1787775785376837,0.1539556047702397
12,534,26.7,case2,5,25,834.0764919849654,-574.3967289189998,54.90227669705516,36.2938493013087,-13.899402518422846,3.37549755036065,39.01065074037776,0.08663592666597296,-0.3657384213767415,-0.048106399527840536,0.23638472499749785,0.24355535083440846,2.923155346517174,0.18112360814351705
12,535,26.75,case2,13,25,835.946589996939,-574.2103276089379,56.12177992293852,35.89597627981991,-17.208781201913457,3.9162145578703993,40.0,0.09806245382476157,-0.4470378817033399,0.08875261753700125,-0.34534402145416565,0.4077238160574352,1.5862452467223065,0.08718721282532135
12,551,27.55,case2,7,27,-843.620303692836,-530.0125105393602,56.06400904033994,-19.761038654485933,-34.150789122549,1.6653786981490752,39.49111966765626,0.042183476265287616,-2.0953624314568087,-0.017023115465126748,-0.3028717714534003,0.4832851616686662,1.7672603356643464,0.11333200220788367
12,551,27.55,case2,15,27,-843.2130237273587,-530.2626268180251,55.6510340043124,-20.555119695040364,-34.247954057932176,2.136515192628167,40.0,0.0534383097289228,-2.111352089848933,0.14092348920314007,-0.06639968139463152,0.190267461410778,2.275153389384714,0.12159607633220038
12,559,27.95,case2,11,23,711.0602980985904,798.3759393231205,56.668209138319845,13.945157147223966,37.454579331861474,1.6392312870742605,40.0,0.040992261542725075,1.2143757147755203,0.011570890062450382,-0.23660249992168966,0.2510831371773886,1.559598057883278,0.13227591482044404
12,559,27.95,case2,19,23,710.0734632962096,799.6923407448307,57.59401730341898,15.94397974151924,36.50090579912587,3.6706110997168153,40.0,0.09189455851063656,1.15896474049742,0.07007246646345563,-0.7085618336244914,0.9002338425134963,1.375628992917873,0.11678626257995484
12,563,28.15,case2,3,23,705.9476159040466,794.2769400876479,58.212485167257235,14.105685371618394,37.38181002078141,1.905234832538443,40.0,0.04764889924997959,1.209974952658097,0.615776677610234,-0.4268853825497327,0.8564182573994514,1.9437419155590125,0.08823974322581316
12,583,29.15,case2,0,20,-993.946499755546,-276.3716764742429,57.715682889974474,-31.772921684026162,-22.298914760961647,1.6587505153678623,38.852433709204455,0.04270658704412009,-2.5296453529232537,-0.012372372064622886,-0.12132081660774882,0.1342321075820085,1.7508111247439082,0.08327201177539584
12,583,29.15,case2,8,20,-992.63374509289,-274.6009698424959,58.93230616876486,-32.66780474272169,-22.90038875902259,2.8959848026261596,40.0,0.0724630192987413,-2.530190575558859,0.26629079126827515,-0.1773911293780524,0.33940432748575106,2.0808089550533393,0.128667074757118
12,586,29.3,case2,16,20,-987.9558614152564,-272.81584831809744,56.04801960512789,-34.141450685545806,-20.827900251544104,0.748275482809001,40.0,0.018707978313858915,-2.593818158441969,0.701080228751638,0.07661398971747534,0.7681781488413636,0.9241028666381885,0.10948428569531195
12,743,37.15,case2,18,22,702.4129771479026,-1148.332222818588,62.27977054798098,39.619894183989054,-5.450947616507513,0.7423980950956689,40.0,0.01856101810606806,-0.136722731824382,0.019125467142461716,0.7692630948620385,0.8233210472844236,2.9547826587795125,0.09802502488109227
12,1276,63.8,case2,10,22,328.0042542476019,-527.3779731111375,27.847060646430876,-31.29323507013048,24.831118240644656,-2.036910838667318,40.0,-0.050944804903609,2.4708289627617854,0.03832262174833633,-0.10479318228953274,0.15366301716394287,2.8236270964972365,0.08224325503012608
12,1278,63.9,case2,2,22,325.572932923923,-525.1025139850871,27.80693652882586,-33.240551396801976,22.20683321584456,-1.1867504494305368,39.993575424922874,-0.029677883637446056,2.552622925468822,-0.010969717464434904,0.2899722619085688,0.5779592196363944,2.5734585589332992,0.07536912954671722
13,497,24.85,case2,12,24,981.0307838267504,-80.37684870708685,54.237550079145684,38.38385416188914,11.135192711276419,1.6392751329664987,40.0,0.04099335861166503,0.282350541889349,0.05864478053859274,0.5772338594720822,0.5840286218795435,2.888539210461267,0.1767602941486479
13,498,24.9,case2,4,24,982.1136212219169,-78.41934094419575,55.65702470432943,38.29955497897524,10.197353653458851,2.57278124203255,39.71726496676996,0.0648227900339281,0.26021571569263496,0.002813771134941293,-0.4176221814544244,0.42179587423762355,1.7938726489951768,0.09023822861614522
13,523,26.15,case2,1,21,-806.0768162596773,433.0833215472477,52.38723730734965,-39.88147364493091,-2.8231533804741256,1.2238729096598246,40.0,0.030601598702385418,3.212263359054674,0.15847795410457532,-0.30843085562132977,0.3656152077287083,2.102557513852222,0.1313875219696728
13,523,26.15,case2,9,21,-808.2816890135077,433.4354514153295,51.891629150301185,-39.327284042626744,-3.376112506331725,2.0724434614091107,39.526300455843206,0.052456065421560144,3.2272292668904394,-0.017723678626262458,-0.23643105642011183,0.2498236544303159,2.5943399131540104,0.08879218354828945
13,523,26.15,case2,17,21,-807.8672289586418,433.2119223987911,52.891327473610495,-39.92410043282506,-0.5215658957959286,2.4071089809230504,40.0,0.060214104692507944,3.1546558465463637,0.17816847026088256,-0.4131692963000324,0.46131509639700996,2.468517606064746,0.09963405610223953
13,525,26.25,case2,14,26,-775.6844793395868,-546.6704826439131,55.249863629627086,-23.80295838707158,-30.904852980589197,4.138600770881896,39.22778074361636,0.10569848562251266,-2.2271014148112354,-0.021483087802636594,-0.051618460920827225,0.12909796739303736,2.071173821515494,0.1533175956834651
13,526,26.3,case2,6,26,-773.858663015028,-544.8543796592721,55.185415892755636,-24.179564380743614,-31.70300626085533,3.2043814351044904,40.0,0.08019546860236862,-2.222369660267389,0.31643546278383555,0.09711599966940973,0.5308602843407542,2.5083456283223993,0.16345476921503266
13,534,26.7,case2,5,25,834.4629348457465,-574.0704067059803,55.700504424483434,36.51381524461185,-13.710115462862476,2.037513957460952,39.056080613004646,0.05219262339249876,-0.3591892202569889,-0.04311914886087328,-0.028027485449618833,0.23611849656364048,2.776874918035263,0.1755326760891214
13,535,26.75,case2,13,25,836.3385429985519,-573.639275088898,55.965905485933845,37.8792760431293,-12.21800454210284,3.9850735824530132,40.0,0.09979238786866852,-0.31201541790473813,0.0950724744628529,-0.05998588766833669,0.268491240041719,1.9644200894771338,0.08663125064356535
13,551,27.55,case2,7,27,-843.7177328527739,-530.0767007638174,55.313255664057145,-21.19004208092803,-33.41610331282341,1.4471421267605107,39.59479845055198,0.036556935828978405,-2.1359317320298223,0.007689908892698469,-0.6066234007369139,0.6356876505604122,1.8773685378839027,0.11386490560789732
13,551,27.55,case2,15,27,-844.2587803006786,-529.636398897644,55.85664223351324,-21.951438468533468,-33.381971705157014,1.9437886300432674,40.0,0.04861386173965561,-2.1524842927717143,0.13613719453165385,0.10041474353450806,0.24970148659752284,1.0519759575464314,0.10346069315221676
13,559,27.95,case2,11,23,710.4454616025097,798.80573714032,57.66489562117652,15.201506505709473,36.967205173837606,1.529686762793792,40.0,0.038251496505655166,1.180658527393383,0.023071988845605074,-0.12898187419139487,0.19979562560771166,1.1970133360088246,0.12744738149593846
13,559,27.95,case2,19,23,712.0429883589461,798.7035029466645,57.831967515688525,14.980726207878584,36.96502436146613,3.027344750898871,40.0,0.07575605840507178,1.1857571912814762,0.07340489066298546,-0.08530378143543686,0.1269660881886506,1.0034456668953926,0.11213793062258107
13,563,28.15,case2,3,23,706.173071062904,794.5289809518964,56.126910644373076,14.458389956615546,37.14014086361906,3.4007199962614933,40.0,0.08512075368348188,1.1995542231266314,0.6119123120925497,0.09136734626075485,0.7465158809908993,2.1469993607728033,0.08578930195541565
13,582,29.1,case2,0,20,-993.4468211918899,-273.6270821824097,57.39472860773888,-32.45252150721654,-20.973137693412163,4.000604298645121,38.84640899282089,0.10316809371557466,-2.5678430345618883,-0.016539575480329128,0.5119735446862655,0.5301551186816761,2.6937050990211016,0.1659709482749258
13,583,29.15,case2,8,20,-993.3416981833111,-273.4582678935966,57.86648314188284,-33.16833716911996,-22.28935443112831,1.7453046952083497,40.0,0.0436464739225986,-2.5499020098908063,0.2715539551453426,0.6267642490052096,0.8573069043100133,1.4898156432901464,0.12242143665695948
13,586,29.3,case2,16,20,-987.2306520583057,-272.8351511815658,56.4584403883234,-34.22274707498426,-20.695734473874484,0.7001122970922009,40.0,0.01750370120964735,-2.5976979191027203,0.7003240690115621,0.19173549089354153,0.7937218048274427,1.1399892353543069,0.12398940095569193
13,745,37.25,case2,2,22,703.4737415374607,-1145.4345722044245,62.38715949402215,39.2244793682137,-7.825655426785644,0.4464699696484825,40.0,0.011161981017969643,-0.19692386018871352,0.3342814834934115,0.3036102752024473,0.4521765243638801,2.7713602117674734,0.09197043043936244
13,1298,64.9,case2,18,22,302.092670741965,-506.38762557572625,26.175084124137253,-29.70195691807509,26.648258215873955,-2.768409163566276,40.0,-0.06926560200677254,2.4103329646283274,0.040428566144367906,-0.3494960123948643,0.36209190033951144,2.80445528212319,0.08186087897810436
14,498,24.9,case2,4,24,982.2218943701315,-79.10715422055436,56.03999304984786,38.31726450680029,9.573742435424688,2.1078991065031536,39.55139115312059,0.05332045711344442,0.2448417533899958,-0.015904804548437464,0.32219810441349694,0.5300740116018539,1.49902241656719,0.0865922389112789
14,498,24.9,case2,12,24,982.5941373322999,-79.39747986090897,55.9153660224631,38.867054499466214,9.45253111618047,-0.04159366734030527,40.0,-0.0010398418708994516,0.23857003612975103,0.08338015885436136,-0.09700720108068643,0.2302778121011372,1.5468616011348189,0.07691572355949049
14,523,26.15,case2,17,21,-808.0007706621233,434.06138609923033,52.29789069609273,-39.94631183953804,0.9928494715451621,1.8183564956398297,40.0,0.0454745838721829,3.1167431729493997,0.09626739241479457,-0.80680512446781,0.8605187103630246,1.9296400164943108,0.08290176844439573
14,525,26.25,case2,14,26,-774.9061684827168,-547.4577665095577,54.5993275606673,-21.486196756349713,-32.971483140339856,1.6907114403442365,39.390783905639644,0.042934687349295904,-2.1483376230709252,-0.008534605434569397,-0.18839252618160107,0.3945689277582068,2.763786394182527,0.15866372324014003
14,534,26.7,case2,5,25,834.496461279345,-574.0721776441787,55.60113829280247,36.06790686180919,-14.703093518605407,2.596392034492772,39.03608735523806,0.0665617485402254,-0.38708402724685387,-0.03845348694034951,-0.0734807197009868,0.2101597660430588,2.730136678238959,0.17482694540315083
14,535,26.75,case2,13,25,835.9135799571873,-574.9779002421383,55.55857727972603,37.23881973819938,-14.603249243958077,-0.1241612851488414,40.0,-0.0031040371133089027,-0.3737219445074728,0.09933141079516936,0.22366558536507636,0.2478447232976093,1.3104777472171167,0.07562149919372918
14,551,27.55,case2,7,27,-843.8892783215563,-530.0162673341111,55.78929045907344,-22.92128596450386,-32.41575349918389,0.2282543763440476,39.701618672879505,0.005749277773543135,-2.1862737083616466,0.010694685206762589,-0.3397310108933951,0.38300274534687123,1.585519526915233,0.10969374041019868
14,551,27.55,case2,15,27,-844.7797218338558,-529.0608499214236,56.314233861666445,-23.375178494103025,-32.29997684291015,3.21131224210475,40.0,0.08036929866685519,-2.1972454876026175,0.105936831882302,-0.33602370238281276,0.5481307200617463,0.3886975605396905,0.10021922494361594
14,559,27.95,case2,11,23,709.5149941861165,798.5735347366672,57.89672516162563,12.267978163365065,37.906499141851775,3.548807488719101,40.0,0.08883699153743906,1.2577969319927447,0.0648530381999568,-0.157233685891228,0.1778927730821827,2.1301977745472818,0.14471964379439045
14,559,27.95,case2,19,23,711.6637919336073,799.2123805683935,56.78857212415545,14.031491764953476,37.394551172511896,2.1828379363644097,40.0,0.054598070045733964,1.2118255673692562,0.002601545091895195,-0.012099038925543204,0.20271902835106845,0.9793773281743382,0.10719483558212124
14,562,28.1,case2,3,23,705.9038778046885,792.734380399329,56.45350614207046,12.096023921621569,37.849981761348474,4.589671660712415,40.0,0.11499507056556299,1.261476171554285,0.6925860300762332,0.3064281632643951,0.855323745979173,2.8797139199915343,0.1668915904150169
14,583,29.15,case2,0,20,-994.0593390863834,-276.1784382328078,57.270851037774946,-32.1137184681882,-21.74731165833545,1.8783435060967095,38.82994530701429,0.04839246665713851,-2.546335252668747,-0.019505287852526736,-0.07134631466551473,0.08417342505638958,1.4972348395498936,0.08055618941115417
14,583,29.15,case2,8,20,-991.977025600187,-275.27716598555213,57.48518303874346,-32.90519832447126,-22.606444424875807,2.4892958225601456,40.0,0.06227263540714015,-2.539633075539358,0.293623813143062,-0.22998221108775171,0.4589804091713018,1.8859149774978257,0.13409439413109872
14,586,29.3,case2,16,20,-986.8317778181997,-272.8194670293223,59.24402280302506,-33.49793642380368,-21.33410546393492,4.769087900270711,40.0,0.11951149143970995,-2.574497272962139,0.7000247503494116,-0.04728193768779554,0.7568755942932596,2.7903847078155297,0.14157531380824365
14,743,37.15,case2,18,22,702.712853711985,-1146.8352883132648,63.18699570584773,39.202900058368975,-7.8374972762599695,1.306240199255585,40.0,0.03266181190890367,-0.19731994775275327,0.12997116912758103,-0.24239904384080127,0.44814262202634775,2.0931858768431253,0.09762886858755211
14,745,37.25,case2,2,22,703.5354732615909,-1145.056889983858,62.606429714332315,39.33310474934013,-7.234415894426523,0.7550479745722667,40.0,0.018877320510018728,-0.18189397568303103,0.30780728730149276,0.23224578064759474,0.4016151131285758,2.4878472872390147,0.09089419498882723
15,497,24.85,case2,12,24,981.2429266879868,-80.0371650861386,55.08538885454798,38.98399580265507,8.771788821578562,1.8176336617154982,40.0,0.04545649433071133,0.22132395866519367,0.07110179911943006,-0.2139065741228491,0.24154228886159293,2.4377843094316085,0.16800132009224442
15,498,24.9,case2,4,24,983.0756413928752,-80.78958169666993,54.374357684156024,38.99457432233629,7.458118918802416,1.6252583534993446,39.73464268246069,0.04091421923484033,0.18897817533772693,-0.021155579143383393,0.025990803430613413,0.1304454276040417,2.0434218611406796,0.07645166014076624
15,523,26.15,case2,1,21,-806.1174881098743,433.3437478498337,50.717577634608844,-39.86029560814737,-3.089045488361994,1.2706817075639687,40.0,0.03177238804225038,3.218934871295002,0.18334341470917317,-0.45637184158635724,0.737771877688334,2.5148566335308007,0.13502156979932495
15,523,26.15,case2,9,21,-808.6525613198106,433.73545982917636,51.28399143656697,-39.41919201657857,-3.3105367650960873,0.43416685206528094,39.56034445967801,0.010975019911838912,3.225378904959122,-0.009270076641388953,-0.14878506589573257,0.44001119535844146,2.8870038917831478,0.08207963076841218
15,523,26.15,case2,17,21,-807.6366286133515,432.9055255930815,52.985974941321146,-39.73490229617173,-3.610981342874029,2.845760575856993,40.0,0.07120416706322165,3.232220528792348,0.1760072607787766,-0.39795749090089666,0.500566935601444,2.6192086604438187,0.10609111058488001
15,525,26.25,case2,14,26,-776.560367709014,-546.4924143786701,56.251194857091576,-23.987104366930833,-30.754657819042777,4.096629859847637,39.217502848664864,0.10465013330877261,-2.233191715052222,-0.01427179078766217,-0.04715944744433381,0.15584906810028526,1.6377289214033133,0.13952566106597564
15,526,26.3,case2,6,26,-774.9590376468186,-544.622912795747,56.45066998772127,-25.88286463943211,-30.287895504129256,3.5666095928461172,40.0,0.0892838150206343,-2.2779325319940056,0.31311068921189134,-0.03364715155214934,0.32316524635946764,2.217524246387841,0.14925650890274514
15,534,26.7,case2,5,25,834.3958666706602,-575.0610472526054,53.478584936946135,35.7363916802947,-15.870388412025463,1.8277469505361017,39.14459831945121,0.04670917091257655,-0.41793331849700877,-0.041286926119673856,-0.20141302270789668,0.37912179827865644,2.9323041508779855,0.1730742854850767
15,534,26.7,case2,13,25,834.2500135245233,-574.6428304865339,54.70495303325543,36.50587735200865,-15.935995920430942,3.6558108244423213,40.0,0.09152299018390768,-0.41159794989123266,0.09577538247520608,-0.03922806676716503,0.283244175119228,2.698557183232801,0.17207363017172322
15,551,27.55,case2,7,27,-843.3736003529822,-530.0534639483274,55.38044969550671,-21.61452650586563,-33.31096560049285,1.2005593929133274,39.72718877753494,0.030224696007088984,-2.1463776115169084,0.004720346432805204,-0.3311757289992733,0.4257398093232106,2.094987632831381,0.12183804660673041
15,551,27.55,case2,15,27,-843.9530937334373,-529.4841614914872,55.27784080876508,-21.72907807348519,-33.58274435051744,0.21551789757241505,40.0,0.005387973508316516,-2.145081574197345,0.1117498545377379,-0.34439695671221826,0.47093031759722737,1.417282281401785,0.11356453324844495
15,559,27.95,case2,11,23,709.2907979036075,799.2169547796427,58.43061822541198,11.918092753739181,38.13221248988303,1.9731790946789787,40.0,0.04934950567612281,1.2678690194748015,0.033215511273168484,-0.14940893461630628,0.513224150574697,2.276339332060815,0.13711334678583267
15,559,27.95,case2,19,23,710.9137856194764,799.3725889064157,57.244582416293184,14.540142696739663,37.0905583390031,3.588137742542212,40.0,0.08982418418020573,1.1971904226403827,0.0679546607362376,-0.1202025109830278,0.3317728149984807,0.6968446811275065,0.1102768925046564
15,563,28.15,case2,3,23,705.848801316696,794.3580691384909,56.63617796137429,13.568148199513216,37.57630721720144,1.9815373714724005,40.0,0.049558718380919915,1.2242827437730217,0.6112563951088874,-0.4414321077204315,0.9251764304780544,1.9227896231717996,0.08912352339501005
15,583,29.15,case2,0,20,-994.5837196733199,-275.65002106916546,59.23017473345215,-33.10470871378035,-19.882045244168772,4.018166732880058,38.824774642084435,0.10368056986188362,-2.600746363735611,-0.021257253193140757,-0.48429190787036613,0.5205768122479173,2.4008042161140626,0.08313488920589455
15,583,29.15,case2,8,20,-992.5488364995164,-275.20578838255176,55.91540985149831,-34.295683262089646,-20.57895396608925,0.5592524009814116,40.0,0.013981765568768078,-2.6011400506672997,0.2577156714951462,-0.5102613338768416,0.6023268756495149,1.8134196283291364,0.12659259679963336
15,586,29.3,case2,16,20,-987.1531821292803,-272.6836870264994,55.50750776635962,-33.263709685020096,-22.194659670965486,-0.9605727878294628,40.0,-0.02401662842145629,-2.5531977663409067,0.7025704901139102,0.12920935246142537,0.759283356739225,1.8033124093002566,0.1309949289947503
15,743,37.15,case2,18,22,702.4419229755416,-1147.771670776173,62.844621149943144,39.43234916746901,-6.393369575531903,2.052964832983985,40.0,0.05134668027993735,-0.16073641376689124,0.05990784478853757,0.3571945512604757,0.3625611293958399,2.594547598734152,0.09707910305814096
15,1306,65.3,case2,10,22,292.4547324515215,-498.79518040016825,25.465197760525527,-30.794924912728067,25.52770025462757,0.09549517960513174,40.0,0.002387381757977839,2.44944208673499,0.005324542190566469,-0.19578943687733905,0.198812360776099,2.9683841403619646,0.08304213634804047
15,1309,65.45,case2,2,22,288.83464166909073,-495.69011769167,25.6775579326362,-30.605399543105662,25.711483011978654,-1.493037217084936,40.0,-0.037334603102651055,2.4428763686417025,0.014120605008520417,-0.19931860327222056,0.20306493750049948,2.993998982414359,0.08303383132094615
16,497,24.85,case2,12,24,981.6559445189538,-81.1098904969597,54.347616722706974,38.8654122694503,9.165729518538276,2.3386174374314335,40.0,0.058498795103152174,0.23160079839346728,0.04593972117256337,0.4776223556815037,0.5661916663749724,2.565314492590847,0.16577258604732142
16,498,24.9,case2,4,24,982.3613610814629,-77.75035047174205,55.40772739251134,38.72453030740843,9.339755105478437,0.84841733161601,39.84394665351678,0.02129511581886872,0.2366646343956553,0.014234458139192344,-0.7430979283529524,0.8196395054049506,2.447848373470874,0.0906751212634569
16,523,26.15,case2,9,21,-808.6924584471218,433.71021247172007,51.17987632463427,-39.368854489844914,-2.9038304841497182,2.9327709585584523,39.58459398324837,0.07415664466766249,3.2152189140189176,-0.020189436859811928,-0.15614152024377498,0.3815137848145375,2.972760223790734,0.08488970326821167
16,523,26.15,case2,17,21,-807.8133180932343,432.9051160190706,52.44355648287097,-39.96197747805896,-1.3697029308155728,1.0790134032642253,40.0,0.02697860767117896,3.1758543950154845,0.22076110168617494,-0.5476716252299254,0.6030224247418109,2.6492860003779426,0.1057682864339782
16,525,26.25,case2,14,26,-775.5077624345878,-546.9460904977439,55.45195370905222,-22.22566716085336,-32.33923126248201,2.006110042222082,39.29161026090472,0.05107916537780355,-2.172925033055791,-0.007293140659998951,0.03282676627911395,0.13471360106137023,2.108011130741318,0.15129641655421364
16,526,26.3,case2,6,26,-773.7579480836957,-545.3670308657519,55.870167452400224,-25.171482497182392,-31.003539113109095,2.2753090682268122,40.0,0.0569134468376932,-2.252745708488919,0.3095951858390632,-0.4236489742535284,0.5268827473395444,2.361494300487636,0.15724205322531332
16,535,26.75,case2,5,25,835.3485636570387,-574.1848137024123,55.20833843862479,36.887673627873156,-11.666458438539431,4.204305397895308,38.91635776962469,0.10824566509870685,-0.30631561290995357,-0.052042540835475284,0.11009071700750372,0.1723860971268896,0.6230540135448044,0.09725612995342611
16,535,26.75,case2,13,25,834.9501429996973,-574.1839960135693,56.16363834267202,36.491991735282795,-16.20702550830848,2.3805174574219072,40.0,0.05954812292811909,-0.41795799580043347,0.13162131883969208,-0.005322920660002617,0.324638021568894,1.1758069024113715,0.10799311329812325
16,551,27.55,case2,7,27,-845.2203927818653,-529.1088154855762,55.64681394556419,-21.372361932444417,-33.12917616270983,2.479646966063683,39.50276973665985,0.0628127669200912,-2.143734759345461,-0.01219234013145237,0.06395416772691888,0.29905909762046357,0.4766772630317445,0.0920623497114571
16,551,27.55,case2,15,27,-844.3054871315701,-529.6111445542668,54.89909782267046,-24.047371605288077,-31.962524762638928,0.3477494426710356,40.0,0.008693845584112863,-2.2158070538780703,0.1914083166459541,-0.8403397812472768,0.8878365809638887,1.5035709474406302,0.108525713618698
16,559,27.95,case2,11,23,709.2312675204436,798.9437029145204,57.2714603039635,13.37958834417799,37.60754179175722,2.5805844534853106,40.0,0.0645594484539572,1.228991576603356,0.06583472326801552,-0.29460427747069884,0.3179472550124484,2.304293139668228,0.14416640807590214
16,559,27.95,case2,19,23,710.1557809240347,799.7447535775225,57.360419888666264,11.10624588028346,38.32778279803327,2.7626741091688736,40.0,0.06912188173387492,1.288750972903897,0.03509188407144386,0.42895172248080926,0.5298499819479495,1.3430979869432629,0.11245002607546575
16,563,28.15,case2,3,23,706.7980969657334,793.9392806102003,56.650003608136586,15.166663171854246,37.00716079563135,0.6651150861364523,40.0,0.016628643478795148,1.1818442127508846,0.615941543674763,-0.32466821303611215,0.7080453511376555,1.265566899530265,0.07967236910083997
16,582,29.1,case2,0,20,-993.2909050943443,-274.59125342823546,57.46180354563059,-31.56194606839452,-22.61691769674295,1.7914083704656423,38.8701755807105,0.04610329414806538,-2.5198202172849578,-0.011531937129973155,0.3395369922695032,0.3492116399562715,2.39066952728756,0.15837482347143553
16,583,29.15,case2,8,20,-992.6639144771545,-275.3125224974075,57.583090222457095,-32.04446725509312,-23.8451052649753,2.136135117335157,40.0,0.05342879426581827,-2.5018618373696855,0.25004545451807625,-0.06610855643448839,0.2670594422454451,1.3040983816811482,0.116564124635486
16,586,29.3,case2,16,20,-987.4956049914424,-272.3328906861419,57.45418754915268,-34.62672419524862,-19.855839678400287,2.5953038688848364,40.0,0.06492820644417818,-2.620942608579423,0.6993637636569623,0.07727302510268541,0.7083651574094852,1.2496996567162146,0.12287306949712477
16,744,37.2,case2,10,22,703.6830259490696,-1146.9921712754071,61.28833451256303,38.81683563998723,-9.654179784413493,-0.22379362913013584,40.0,-0.005594869917175014,-0.24376525931349388,0.08216431185623926,-0.13318979514297055,0.17003019935305103,2.7633817619744705,0.08337122689018386
16,1306,65.3,case2,18,22,293.1575996017643,-498.09695899327625,24.453136859825996,-29.723797277849187,26.486278232351953,-3.8694884395439804,40.0,-0.0968887291460311,2.4137277009031113,0.02982636840129298,-0.14976166790777823,0.18077733609786772,2.586539965962257,0.07571983021497034
16,1307,65.35,case2,2,22,292.2680860318412,-497.14464538101157,23.936526666575347,-29.36793382635587,27.000185743617962,-2.91795006484214,40.0,-0.07301360676018254,2.398174903938179,0.014705895569050245,-0.3081961140310304,0.32609332894092535,2.8740373483318846,0.082776599358891
17,497,24.85,case2,4,24,980.8583145907102,-79.5580822470068,55.83770777240285,38.537847035888994,9.463458207501677,2.641634003679468,39.77060378742199,0.06647071039296922,0.24079805093808349,-0.002289243987033462,0.0491262924015719,0.3632366626017596,2.8688206166556025,0.1768769307794393
17,497,24.85,case2,12,24,981.5197100683536,-79.95944158902098,55.07850699264417,39.20817545463557,7.279536384612969,3.1188663875851286,40.0,0.07805088244014131,0.18357346251697998,0.06433926303973601,-0.025197999291365958,0.09417319444380193,2.1575533370886695,0.16111734910917228
17,523,26.15,case2,17,21,-807.999639546754,433.78987211011867,51.91581317029003,-39.82951402001692,-2.3387026682288345,2.8531180765777275,40.0,0.07138857306675324,3.2002431415983916,0.15444291329118884,0.07222299412403989,0.20282928195784772,2.153710609910883,0.0865722063909725
17,525,26.25,case2,14,26,-775.671654076814,-547.2237103133886,54.6007194754838,-22.556471265402102,-32.27786085471595,0.5551858179456635,39.3822666767133,0.014097822589303309,-2.1807310827499222,-0.004846852717320747,0.16242059938584305,0.17641818690146407,2.0920238166974428,0.14613372231516636
17,526,26.3,case2,6,26,-773.299802116658,-546.1287180745417,54.780154184872735,-23.872157962918774,-31.913343419025967,3.4144671638143116,40.0,0.08546568679626082,-2.2130358384368938,0.3108908071835017,-0.5681437779119296,0.6618085415598126,2.634108536328084,0.15714344756973014
17,534,26.7,case2,5,25,834.3033205100353,-574.6309275660955,54.589977025879314,35.7793874963894,-14.990944092952663,3.570444356839407,38.956912702627044,0.09177990955887959,-0.3967629138933131,-0.048206857526382055,-0.08627782780014193,0.2671550501716648,2.674821699900341,0.17445446814811813
17,535,26.75,case2,13,25,835.6434874916206,-575.4893138422418,55.31644512963411,35.98996105641227,-17.284957086190552,2.4398691945428435,40.0,0.061034617414824785,-0.44774071343803756,0.10028128756792228,-0.18512898223616553,0.3379256356818633,1.3354709808751086,0.07631817914838723
17,551,27.55,case2,7,27,-844.5195046529468,-529.4213883032523,56.087971492926755,-21.842764434592556,-32.80360156799203,1.587428208664225,39.44239549386338,0.04025762265159189,-2.158243604092233,-0.012896451252275683,-0.4447119463242768,0.4474974972738735,0.7020230424976414,0.10085830179287601
17,551,27.55,case2,15,27,-842.8074351374516,-530.1697721696985,56.22356903169215,-21.477796915013922,-33.64334644013319,2.613327378381025,40.0,0.06537975226167629,-2.1389711814034054,0.19942632680625766,-0.6271457691882032,0.6717843085279892,2.5396231726150633,0.13197519426511511
17,559,27.95,case2,11,23,710.3378094459116,798.7430481220094,56.893995159117466,13.729164434223884,37.554191734357794,1.0921204682336496,40.0,0.027306405036193408,1.2203073336495862,0.03601760817095325,0.15419497666535023,0.20762091723031031,1.546842317875732,0.13194978339280097
17,559,27.95,case2,19,23,710.5606566038616,799.263062107582,58.89522498699775,13.676098691294802,37.370862746406125,4.047584733546566,40.0,0.10136310470561266,1.2199779503479151,0.06740406654688921,-0.11979453048703695,0.17513394814616104,1.495097896450291,0.11773120374823727
17,562,28.1,case2,3,23,707.1712627478518,791.7620794106563,56.49318284589024,14.337416927524048,37.20357599985301,3.2144064256885634,40.0,0.08044690399852022,1.202958855799665,0.6943307662410824,0.17164854378191322,0.726729776527142,2.9831725077647926,0.1725632485457643
17,582,29.1,case2,0,20,-993.4584505902511,-273.9136149788853,56.563924334880426,-33.618952410360784,-19.391834447896922,1.88363980474975,38.856470546599866,0.04849587006766024,-2.6183972438819194,-0.015875303319167627,0.05026764995365403,0.12221160169451802,2.6182970041530793,0.1641604101875772
17,583,29.15,case2,8,20,-991.7852067547025,-275.5881039605701,57.564307438257366,-32.71848440721647,-22.61100061476502,4.271232760436751,40.0,0.10698478901692399,-2.5368802400522394,0.2780353983811852,-0.1383097399282669,0.4084408822489096,2.1850325932011594,0.13718434577440633
17,586,29.3,case2,16,20,-986.8781648414703,-272.8031714673152,57.46173361024362,-34.44454474725796,-19.76364062783023,4.7928953971605,40.0,0.12011097644955382,-2.6206746330625097,0.696047797989207,0.03631709659701951,0.7767181355739952,1.5357991855271678,0.13173295470764337
17,743,37.15,case2,18,22,702.2952587777994,-1148.2396080111253,62.44297033296677,38.87504510125065,-9.324059047011493,1.3389515538551031,40.0,0.03348004320008162,-0.23540021377584724,0.01440422650084928,0.3461807157942842,0.3644634389999774,2.9748973349193344,0.09978510477153982
17,744,37.2,case2,10,22,703.5038356850702,-1147.2533049881347,62.34171474872132,39.34439945453513,-7.090951373672922,1.3178164432811892,40.0,0.032951373820345894,-0.17831350203529386,0.04664046827258468,0.5135851298517694,0.536441726955624,2.72424868465417,0.08145120738920901
17,745,37.25,case2,2,22,703.9814446504491,-1143.654261819944,63.61910051471044,39.132723355052434,-8.235531889939784,0.8977623887860174,40.0,0.022445944459708836,-0.20742437826129595,0.34348645787763005,0.22852034947701005,0.4309167671522806,1.914770518917055,0.09452769336337116
18,498,24.9,case2,4,24,982.3890055857834,-79.38685588101659,55.60866961669179,38.288556839154694,10.29789518182377,2.7555416847855163,39.74485174179921,0.06938644602709834,0.26273749461340207,-0.01889597041473938,0.31930238992769416,0.320435007681392,1.2562683641274006,0.08034165356531073
18,498,24.9,case2,12,24,982.851328619425,-79.80475018029561,56.61336728799421,38.861520719835696,9.100709055616637,2.638048905308313,40.0,0.06599912629547272,0.2300376149849306,0.06236534307422471,0.23172865434126386,0.5413900265047373,2.0786029291851653,0.0758267891759822
18,523,26.15,case2,1,21,-806.1053425237018,432.2099327820262,52.2732763162675,-39.8000228756457,-2.4203086382765946,3.1780945853707325,40.0,0.07953619586206485,3.2023295973818406,0.18061245629893896,-0.41838830310783626,0.4766341794611982,2.968403161751662,0.14586816328333221
18,523,26.15,case2,17,21,-808.0310916096365,433.88798999591984,51.40146073566305,-39.95639734623657,-1.5856711751553918,0.9858793201707976,40.0,0.0246494790859528,3.181256878605042,0.13678708784465077,-0.2285208689066338,0.3346340032517073,2.297244045451075,0.08809770440007139
18,525,26.25,case2,14,26,-775.3577240384138,-547.0143340385287,54.48390803462638,-23.249847570458567,-31.524502465290183,3.03280467743835,39.288007991563234,0.07727102969644443,-2.206260147410339,-0.01655742364363386,-0.022807531871802428,0.3628422095886066,2.4629251351393306,0.15726645208194148
18,526,26.3,case2,6,26,-773.8436749283167,-545.0202834250109,55.03881402397408,-23.474068427296416,-32.227169642617014,3.221435750808915,40.0,0.0806232085642758,-2.200325421214119,0.30597773689767865,-0.08349651431188922,0.3619933116648488,2.4421320186879645,0.16110135379181867
18,534,26.7,case2,5,25,834.2286823197992,-574.818290590285,55.39982251500275,36.41766022482159,-13.994670192909412,2.786005226300971,39.11340684701137,0.07128927577826354,-0.36688383057745566,-0.04315490875104272,0.3438821332289527,0.34945754107198124,2.6403739024449404,0.17256247258100782
18,534,26.7,case2,13,25,834.2195114994914,-574.1003100729488,55.83170264599329,36.29992124146344,-16.606751728956343,2.555682859111647,40.0,0.06393562152786052,-0.42906286609775834,0.11851031074770368,-0.2844430789284065,0.4589556971305357,2.993758864919691,0.17810341596969764
18,551,27.55,case2,15,27,-844.216795469992,-529.7403367844969,56.09449813541413,-22.964859087961074,-32.670775574191296,2.288158746878545,40.0,0.05723521273597243,-2.183477645850689,0.07590686910956375,-0.5261072953961193,0.5670843484741976,1.1412203428233414,0.10367216968971046
18,559,27.95,case2,11,23,709.9326190443533,798.8772443991983,57.448278548866135,13.307316919595008,37.69302399014511,1.4667170414929989,40.0,0.03667614790885976,1.2314117870487502,0.04502343470103371,-0.3673537124370807,0.39670289798054886,1.6354588780921768,0.13328481574433323
18,559,27.95,case2,19,23,711.3669872708839,799.0190367932973,59.42526598046221,16.244792023918215,36.36465076571293,3.703904262717555,40.0,0.09273044663275873,1.1506739645003885,0.060314173400968056,-0.2891936090260391,0.32943986324814156,1.789330415330582,0.11656990014727069
18,563,28.15,case2,3,23,706.4843437347763,793.7877084606113,57.660304182319905,15.126613321082948,36.8414484757182,3.727364168609859,40.0,0.09331949114210839,1.1811968244426767,0.6124751994775535,-0.35078056954926784,0.7331842896738096,1.092678959295107,0.08521735919399773
18,583,29.15,case2,0,20,-993.9474755670653,-276.9106089372288,56.60605278963317,-31.532933251249126,-22.77378334954294,2.1385436619571037,38.95567296907793,0.054924459011499525,-2.5161076503729602,-0.016149085226451445,-0.17639291025466072,0.2337656306666016,2.2771980576290396,0.08564136539905297
18,583,29.15,case2,8,20,-992.2220322828833,-275.8746395699366,56.360469856404364,-32.187530682380824,-23.623276828691306,2.4297449343107718,40.0,0.06078104069889525,-2.5084582970323375,0.27812585187730676,0.0768606440735584,0.3288795272325344,2.0870094459469386,0.12762635221741395
18,586,29.3,case2,16,20,-987.305714627754,-273.63301135643525,56.340199608574785,-34.9941279771305,-19.331151183721698,1.3105727878707907,40.0,0.03277018461679864,-2.6369000537790255,0.6986547296368527,-0.5824921413557603,0.9574664635928347,1.193778252400601,0.11727590325017564
18,743,37.15,case2,18,22,702.3232174287032,-1147.5595708569826,62.33439890619553,39.15515868253764,-8.167132276728559,0.4141242805197609,40.0,0.01035329197469358,-0.2056354370721591,0.06900953732093762,0.1162240734661377,0.26328917300845506,2.644933177156753,0.10180419694871859
18,745,37.25,case2,2,22,703.7318409999426,-1144.5350204195122,62.99901112780811,39.41845974093132,-6.745141267186584,-0.8295184978487686,40.0,-0.020739449172650245,-0.16947490875301635,0.2783651615320139,0.43542758958449945,0.5709450153270839,2.098055829691073,0.08897633040610074
19,497,24.85,case2,4,24,981.1824992565378,-80.21756514809061,55.409220062342634,38.35535118219143,9.908333066142704,3.2426197540601702,39.746982417892696,0.0816722999649253,0.25280304967003714,-0.01565454183519114,-0.04318798856692814,0.3589895624318789,2.5145184988293128,0.17030799614927503
19,497,24.85,case2,12,24,981.5888509672989,-79.68605259141408,54.602770872544525,38.489024382916014,10.348625715133627,3.391304742922918,40.0,0.08488451941398481,0.2626602953051046,0.06354500895168942,-0.09962544143413385,0.2921060924497565,2.1882642503094005,0.1596500982252611
19,525,26.25,case2,14,26,-775.3140658681496,-547.0547586286505,55.379286591373244,-24.1399797107357,-30.931663429596107,2.066856992723393,39.29094451377969,0.052628192870763396,-2.233489542032623,-0.013858339902335957,-0.30049145281105266,0.3298636750218214,2.266315388758215,0.1547846111599726
19,526,26.3,case2,6,26,-773.7918189073939,-545.3456542313887,55.78547529274704,-23.72602546983128,-32.016104571336825,3.4705566530662435,40.0,0.08687314622245071,-2.208554688499843,0.28909325204505826,-0.3467540455010675,0.46262927667846104,2.3256324956913166,0.1561599801129465
19,534,26.7,case2,5,25,834.1555971556755,-575.6800481546992,54.616358716160946,35.63407939906827,-16.017987042890677,1.1044526133087178,39.08431065146679,0.02826197102698303,-0.4224489820253762,-0.03199231416391982,0.33568568031534024,0.4344956875220244,2.66073731280805,0.1683909315128934
19,535,26.75,case2,13,25,836.7440443287537,-573.9946960591989,54.21016188097824,36.71235740511955,-15.675125635916546,2.548185640214639,40.0,0.06374780844418267,-0.40353923218457766,0.09923168628401333,-0.3789387448262149,0.3927867536673546,2.1407785779941446,0.0788820964003224
19,551,27.55,case2,7,27,-845.3359696013624,-529.4367318871101,56.51879066586679,-23.230742197606506,-32.08890545629581,2.975972284862162,39.72683787409985,0.07498111714269545,-2.197415505571762,-0.016489613919613996,-0.24854167149628656,0.42477365131721223,0.7751138931371885,0.08388807111268294
19,551,27.55,case2,15,27,-843.8954522974717,-530.1196938235731,56.66024649281306,-21.78618591906645,-33.405884093550156,3.0674111279976013,40.0,0.07676063744152326,-2.148692798401447,0.16681644796690315,-0.24485497897149672,0.3111159831788987,1.7515125037823236,0.10691422361238515
19,559,27.95,case2,11,23,710.8180932700269,798.170749447085,58.4856626872848,11.403892049259396,38.057434758872695,4.645740597901181,40.0,0.11640622891415901,1.2796611048189785,0.06135562741904595,0.09975296285779617,0.1825999707451785,1.6502494184791654,0.135706917898738
19,559,27.95,case2,19,23,710.8633028710377,799.4513773292531,58.76546148538024,12.416927907413777,37.97192916054571,1.9880888231130829,40.0,0.04972270668064494,1.254754013557019,0.0347421231705599,0.25416442470125916,0.4933957624332537,1.207798821894634,0.10933819936715297
19,563,28.15,case2,3,23,707.1398868116667,794.1775663070974,55.22407356465527,16.338188628715923,36.493584269167435,1.1322100165925328,40.0,0.028309031412210153,1.1498564779273672,0.6130576856814763,-0.31825912779875404,0.8616296875036,2.461270745506215,0.08740093420840231
19,583,29.15,case2,0,20,-994.3239243652978,-275.9186221741022,58.23032281311006,-32.323061669173406,-21.262631435202866,3.2939530561028127,38.829498296453345,0.08493327960015491,-2.5597423967297472,-0.02226755255682024,0.026952975418302355,0.03635111486855724,1.6955836081079247,0.07725554041918944
19,583,29.15,case2,8,20,-992.3036337550558,-275.0883666159168,57.00402018137228,-31.703316129025392,-24.389760902427437,-0.19826634989439304,40.0,-0.0049566790438344875,-2.4858456121840584,0.26900298936837896,0.4207499165912305,0.7567141181435547,1.5055610949436715,0.12658432145328155
19,586,29.3,case2,16,20,-987.4586653855314,-272.02730166506825,56.26499118746194,-35.56263645709605,-18.23833336983701,1.6315894431850806,40.0,0.040801055567986605,-2.6677171850788657,0.6974142606039266,-0.04533219113859238,0.7246090603706502,1.4867611490158215,0.1286130456849954
19,1270,63.5,case2,10,22,335.49678374482727,-532.669970413328,26.687214395812507,-31.84033641388154,24.14015030419848,-1.8563728993806974,40.0,-0.046425998246901495,2.492887954630346,0.03494277976457626,0.12451338990947775,0.25153445318841533,2.772818522829556,0.08118918941432615
19,1272,63.6,case2,2,22,332.35772862177834,-531.7468666418167,26.94781011002947,-32.33553374968464,23.275255765898123,-3.560298604756542,40.0,-0.08912541048694822,2.517698507815634,0.02520886976276411,-0.15714732969393683,0.3138271004704967,2.874444261277553,0.08245490055213965
19,1273,63.65,case2,18,22,331.7708544523325,-528.8768699457116,25.144343045878692,-31.576244037417116,24.30139725397436,-3.5189350653297966,40.0,-0.08808724927622633,2.4856587370674026,0.09721933614194096,0.09543083922117455,0.14057838556896743,2.8713804610582336,0.07913600933437256
20,497,24.85,case2,12,24,980.9513928661216,-79.4265305140724,54.851553208477846,38.83017125191797,8.924955530958878,3.54442792522707,40.0,0.0887270695182083,0.22592202226821417,0.0675927144164625,-0.06871799154896616,0.1728659092749914,2.773878568960886,0.17458750704135886
20,498,24.9,case2,4,24,982.5064058333052,-79.47353645644787,56.008549229655515,38.41169011258842,9.081446060160584,3.9328899762224863,39.66608404435961,0.09931311840920307,0.23216102270091712,-0.020039887615347092,0.12867133478458886,0.16292370732559203,1.5011005363471512,0.07869621429161643
20,523,26.15,case2,1,21,-805.7776715184821,432.4220765282516,53.089421960411656,-39.64927308780759,-2.9719077132217877,4.370687377581438,40.0,0.10948579025986942,3.2164076637977486,0.1612976662754682,-0.3471965681171849,0.4365631472308795,2.8849414748409017,0.14740480345357837
20,523,26.15,case2,9,21,-808.0899756136765,432.95032474486976,52.767950244941844,-39.557323144657815,-1.2905539936105694,-0.36660599089122214,39.580067507949785,-0.009262521671746099,3.1742059929497697,0.0036493494297356976,-0.5598948565432882,0.6946072227490511,2.7887627487143396,0.10197662317354665
20,523,26.15,case2,17,21,-807.9981826929952,433.11667752095343,51.065800250021965,-39.99257164209869,-0.03958423625693608,0.7698353978895046,40.0,0.019247073271061965,3.142582442985797,0.1458413805495559,-0.5735138854139249,0.6028733583822109,2.920783865103143,0.10718993992361134
20,525,26.25,case2,14,26,-775.0860006053375,-547.6965203661268,56.050180114818296,-24.129472252627824,-30.883758915715074,2.7651406627441,39.28974419411645,0.07043640742885451,-2.234030195192779,-0.011128898566123655,-0.5371749850790472,0.6961935587962877,2.4739128126584466,0.15131271697800475
20,526,26.3,case2,6,26,-774.2335286280656,-545.512386601826,53.78488573044095,-23.965594842832754,-31.895041673227407,2.8907750677413646,40.0,0.07233243384868199,-2.2151860310069,0.2822239341705951,-0.3173250238624222,0.6245066274103769,2.4434604161771674,0.15257664962874673
20,535,26.75,case2,5,25,835.4638116392629,-575.8405217668493,54.408267565443964,35.96084492011829,-14.239727218371371,4.559044091440232,38.945308852930154,0.11733175524917595,-0.37703490566925957,-0.04616008198423757,0.5381184772754934,0.6378475324283142,1.6324443174750056,0.08381538545492404
20,535,26.75,case2,13,25,835.8836539519203,-573.9330631268181,55.564879425372894,37.372741614852494,-14.014828259956282,2.61968949179162,40.0,0.06553914647246155,-0.3587718468219241,0.100638810402675,0.1662868267225668,0.21496052783162964,1.3025110853878281,0.08979290993433056
20,551,27.55,case2,7,27,-844.6501643461468,-529.5732944830459,55.36890644103383,-21.028394168930507,-33.51936079057528,1.848552121938343,39.61259968848534,0.046682715215408704,-2.131084241405617,-0.011251010693963585,0.22578800247930172,0.22629761292424705,0.9975664462247357,0.09766386120246447
20,551,27.55,case2,15,27,-843.190485380477,-530.2217441373189,55.87749849191626,-21.514274155176235,-33.59238687710109,2.9474652627439335,40.0,0.07375347798737139,-2.1404293250421187,0.18412176202979422,-0.46956749645089235,0.5051476016852696,2.242281777890896,0.12285344883608389
20,559,27.95,case2,11,23,710.8550848862418,798.4825199751015,57.765305405190894,14.780960437525634,37.12964397536562,1.7066771243846062,40.0,0.04267988434699243,1.191937109250735,0.04426105880340704,0.03532347232398636,0.20195920068365344,1.158497476426058,0.1288031785842343
20,559,27.95,case2,19,23,711.2925381546671,799.3797498096695,57.30464980885843,15.355716642204914,36.78340119030076,3.3441535966058518,40.0,0.08370154045619947,1.1753266897656178,0.054696273308814713,-0.13305009825855535,0.5611225502147098,0.43103672314849945,0.10515815198020126
20,562,28.1,case2,3,23,707.3101041483042,791.8375722293034,56.67132138639959,15.251241488355799,36.92862027664159,1.917456004050767,40.0,0.0479547779412558,1.1791399766068498,0.6938022336269762,-0.22377926740332668,0.784333761595255,2.82892418062204,0.16871951922749373
20,583,29.15,case2,0,20,-995.3621795640913,-273.9543976595315,56.887826346934574,-32.08340847196527,-21.553077016417387,3.319458290331695,38.79302812872236,0.08567319121280405,-2.5500565766703343,-0.013767514237061528,0.5310588795796405,0.601210232246727,1.8054923591269025,0.07889973525423151
20,583,29.15,case2,8,20,-992.8163138237081,-274.22196622625796,56.42760819089869,-34.45289118191165,-20.117986401562895,2.8748760588735918,40.0,0.07193392230711529,-2.613075094955447,0.30867084739881373,-0.3894315605986459,0.5211863236890343,1.2986362805357239,0.12581556679587788
20,586,29.3,case2,16,20,-987.227137680229,-273.0452271192374,55.794224035305405,-34.986113283785166,-19.345771533540887,1.308816666378455,40.0,0.03272625802714404,-2.6364830068904745,0.697821908007759,-0.28612743706011756,0.8238573255919062,1.485257418602337,0.12568524038214668
20,743,37.15,case2,18,22,702.5295605566337,-1147.4251300632918,63.974074694790374,39.02168591825841,-8.440331153692622,2.4635011899325194,40.0,0.06162653018125778,-0.21301693316538875,0.009105026963422993,0.02124837728867282,0.11409929528959642,2.667703657710493,0.1000972392075858
20,744,37.2,case2,10,22,703.6723328113156,-1147.0326080824384,63.27045737395769,39.18237105199607,-7.866122953230548,1.692899414720252,40.0,0.04233513018446407,-0.19812303633828857,0.05614408020422315,0.34317921747355074,0.35587774203948913,2.496265401503007,0.07655904598613815
