reference_sample_id,data_status,reference_severity_class,source_E_co_time_s,source_E_n_g,source_E_miss_m,source_E_t_s,E_co_time_s,E_n_g,E_miss_m,E_t_s
1,synthetic_planning_reference_v2,mild,0.0608333333333331,0.155815100959486,2.63173769256959,38.5,0.06353578715745398,0.1811687076419983,2.828289767486295,42.0
2,synthetic_planning_reference_v2,moderate,0.0833333333333286,0.203024047438897,2.98428007862642,31.05,0.11569131147358604,0.2738162301372994,3.6124140370129716,35.9
3,synthetic_planning_reference_v2,moderate,0.0424999999999969,0.204024830714689,3.10306402262995,32.55,0.06855462864839619,0.2743832324118637,3.8584172608480847,38.15
4,synthetic_planning_reference_v2,mild,0.158333333333366,0.130756801915058,3.23884582005335,34.85,0.20434378552320914,0.14862669850337554,3.6904721542240617,38.45
5,synthetic_planning_reference_v2,moderate,0.0758333333333539,0.192856915758986,2.91049274758638,31.4,0.09763218105066113,0.24248040337133364,3.4619654999988976,35.45
6,synthetic_planning_reference_v2,moderate,0.0275000000000048,0.190270206697486,2.93597561130937,32.05,0.04686862418542115,0.25225604708471,3.649527820751055,37.85
7,synthetic_planning_reference_v2,severe,0.0816666666666862,0.161208245386472,3.22786915206773,33.05,0.14141996920066852,0.22554211958021758,4.318989934986697,41.400000000000006
8,synthetic_planning_reference_v2,mild,0.120000000000027,0.145152308519479,3.32874309092452,29.35,0.14965733335821946,0.1815663892047243,3.799926158721248,31.650000000000002
9,synthetic_planning_reference_v2,moderate,0.0875000000000199,0.216461839603344,3.03072047565314,34.7,0.1314375220262604,0.29178455671756676,3.674892333623088,40.550000000000004
10,synthetic_planning_reference_v2,moderate,0.0625000000000171,0.224988895204547,2.98219293199097,32.45,0.08425014417441785,0.2908596577132245,3.677284799246262,37.15
11,synthetic_planning_reference_v2,moderate,0.131666666666698,0.0947572724414859,2.92026057559567,32.75,0.18303267294219153,0.13568296132330687,3.529218367480878,38.1
12,synthetic_planning_reference_v2,mild,0.0741666666666845,0.160790074686905,3.24082729323248,34.55,0.09418532807533311,0.19696642638718276,3.64305309849356,38.300000000000004
13,synthetic_planning_reference_v2,mild,0.0550000000000097,0.208831216813965,3.24049785646734,32.0,0.058841918968399895,0.26002173548412466,3.671157615646285,34.95
14,synthetic_planning_reference_v2,moderate,0.107500000000022,0.110337509570215,3.35491200385582,35.65,0.16096087949652207,0.1537097151449987,4.1929900492116765,41.95
15,synthetic_planning_reference_v2,mild,0.0608333333333491,0.196237071328945,3.00902244858685,33.15,0.06425157023619404,0.2351232016833342,3.307375949924648,36.550000000000004
16,synthetic_planning_reference_v2,moderate,0.0374999999999659,0.198839002023672,3.12875944021243,30.9,0.05764499378086597,0.26034340713182286,3.8848217828481713,36.050000000000004
17,synthetic_planning_reference_v2,moderate,0.104166666666572,0.166242153564083,3.28962311488593,42.2,0.15136815063045567,0.22827646746305005,4.1436802608102115,44.95
18,synthetic_planning_reference_v2,moderate,0.0524999999999523,0.210760983619369,2.49234160475036,29.65,0.07390056061231778,0.2744408686472829,2.9976060188552887,34.050000000000004
19,synthetic_planning_reference_v2,moderate,0.05499999999995,0.142954468577435,2.91393366323409,30.75,0.0835769022414803,0.19148419754306265,3.565437016693362,35.6
20,synthetic_planning_reference_v2,severe,0.137499999999875,0.211106056816091,3.12718295887678,35.7,0.22942051939153907,0.30545154389777657,4.317889054070387,44.900000000000006
21,synthetic_planning_reference_v2,moderate,0.0566666666666265,0.187651970849092,3.52959210298463,31.65,0.07547710539684617,0.23340069533853308,4.253311874815278,36.25
22,synthetic_planning_reference_v2,moderate,0.0958333333332291,0.207766163184493,3.36795365054132,31.7,0.1367646808090394,0.26951712331328603,4.109260160996232,36.65
23,synthetic_planning_reference_v2,moderate,0.152499999999867,0.230383521333832,3.42701230666201,41.1,0.2120867896767368,0.30702839674300136,4.1997805199347615,44.95
24,synthetic_planning_reference_v2,severe,0.0683333333332655,0.144259108980993,2.73620780545206,31.75,0.1265187000401542,0.20775769939416805,3.725411655156543,39.550000000000004
25,synthetic_planning_reference_v2,severe,0.268333333333089,0.118761809541695,2.81475641812666,37.85,0.3928532995362317,0.17748073193981825,3.776892450551761,44.95
26,synthetic_planning_reference_v2,moderate,0.113333333333225,0.244620921204531,3.42544300909563,31.25,0.15949976351979064,0.3172126083631637,4.112425502938161,35.75
27,synthetic_planning_reference_v2,moderate,0.0524999999999579,0.138901184865284,3.01573135400676,30.0,0.07052928291065702,0.1890454237629307,3.623094189039116,34.1
28,synthetic_planning_reference_v2,mild,0.0708333333332746,0.0885570471846007,3.11110453669832,32.75,0.07025826935220258,0.09151436528066531,3.417264361989578,35.6
29,synthetic_planning_reference_v2,moderate,0.105833333333226,0.199981137690587,3.08726922182115,34.0,0.15469866155152692,0.26827683937224356,3.7962078338181326,39.6
30,synthetic_planning_reference_v2,mild,0.0449999999999648,0.167118176600415,3.14416623254147,32.35,0.048539600873555536,0.20232624019866194,3.4916774633881342,35.35
31,synthetic_planning_reference_v2,moderate,0.060833333333278,0.121188842810906,3.45606200650544,34.6,0.0829363647817864,0.1650784417240838,4.23247839306946,40.050000000000004
32,synthetic_planning_reference_v2,moderate,0.10666666666657,0.25276807475337,2.84809660171892,34.8,0.14847466496006329,0.32628717602892426,3.490134973406591,40.0
33,synthetic_planning_reference_v2,mild,0.0491666666666106,0.134997870534296,2.96141480593651,33.45,0.05358120881470386,0.16253793058646404,3.2841219901624252,36.6
34,synthetic_planning_reference_v2,mild,0.110833333333244,0.149002182998707,2.46154945640841,40.5,0.13984770195071639,0.17920622844865533,2.7156105004677227,44.95
35,synthetic_planning_reference_v2,mild,0.0516666666666197,0.221791828554109,2.90241933713734,34.6,0.05386991658249982,0.27120612236394825,3.2197927279391974,38.15
36,synthetic_planning_reference_v2,severe,0.0716666666666015,0.0991330985779559,3.08981852123906,31.6,0.11348610653971569,0.1373132491495079,3.879481080083942,37.7
37,synthetic_planning_reference_v2,moderate,0.0658333333332735,0.160771424827282,3.09261815155988,36.0,0.08941832123461106,0.209559997289168,3.795069267591239,42.050000000000004
38,synthetic_planning_reference_v2,mild,0.0583333333332916,0.175177505338873,3.15729661694749,35.95,0.07210963538054509,0.214438423215222,3.553273242842884,39.900000000000006
39,synthetic_planning_reference_v2,moderate,0.120833333333223,0.190650594026042,3.1224924221541,36.35,0.1772408241672779,0.26415980609940337,3.9220718660506884,42.650000000000006
40,synthetic_planning_reference_v2,moderate,0.0416666666666288,0.191375075674754,2.96994512640471,30.55,0.06471956941371927,0.2569623956035662,3.664452270007586,35.0
41,synthetic_planning_reference_v2,moderate,0.0974999999999113,0.114565797625668,3.48118171753788,38.4,0.13435923783277753,0.14691394738638294,4.14025827624766,44.25
42,synthetic_planning_reference_v2,moderate,0.0808333333332712,0.245928398829361,3.19183066394663,30.75,0.11041864837263597,0.31845426620096645,3.8073735658957863,35.15
43,synthetic_planning_reference_v2,moderate,0.0499999999999432,0.198915411745271,3.44012649344909,31.25,0.07277279144044181,0.25535052239478634,4.2007874217393555,36.15
44,synthetic_planning_reference_v2,moderate,0.066666666666606,0.112891834734064,3.31150674251378,32.15,0.10277965042955373,0.16532603789698802,4.219760527823537,38.25
45,synthetic_planning_reference_v2,moderate,0.0633333333332303,0.164442386241477,2.61076306651002,34.95,0.09248963508971353,0.21676141825922493,3.0836764038859124,40.1
46,synthetic_planning_reference_v2,mild,0.0508333333332871,0.227130857802304,3.29991472396129,30.35,0.054701095859570885,0.2787730538927695,3.721414979274818,32.95
47,synthetic_planning_reference_v2,severe,0.0533333333332735,0.177256937214462,2.99853170606918,33.6,0.1117424352747305,0.2596015640406656,4.057155824442117,42.400000000000006
48,synthetic_planning_reference_v2,moderate,0.0716666666666015,0.126071232999995,2.91786059042471,30.25,0.10729196781880965,0.16509128655271413,3.6029754543215846,34.9
49,synthetic_planning_reference_v2,mild,0.107499999999914,0.186589202688216,3.11485387242571,32.65,0.13071211262743535,0.22863786652646956,3.4859288302442044,35.800000000000004
50,synthetic_planning_reference_v2,mild,0.0583333333332916,0.261017704540549,3.00735471580301,32.05,0.06353540540921411,0.3186894831137984,3.3563504929482963,35.15
51,synthetic_planning_reference_v2,moderate,0.0808333333332712,0.0950985303877874,3.03379766654494,31.85,0.11268838619796685,0.12010888839608637,3.624188721439107,36.75
52,synthetic_planning_reference_v2,mild,0.0741666666666106,0.114819088391281,3.05674478268038,28.6,0.08567029589124886,0.14102352989993971,3.41507490891968,30.85
53,synthetic_planning_reference_v2,mild,0.070833333333303,0.226210083047484,3.43904121959225,33.5,0.08264858590833794,0.2758318297005768,3.85643454625334,36.6
54,synthetic_planning_reference_v2,moderate,0.0691666666666151,0.125859083896493,3.44245497266875,32.45,0.09184773867139365,0.16417569188499614,4.089445432076617,36.95
55,synthetic_planning_reference_v2,severe,0.113333333333219,0.108603403549747,3.36838707039277,39.95,0.18795143530127403,0.16176035135880734,4.596407447814932,44.95
56,synthetic_planning_reference_v2,moderate,0.0583333333332803,0.239087994086964,2.73306828972563,31.45,0.08104208476481206,0.30332605163543797,3.2826036577639863,35.6
57,synthetic_planning_reference_v2,moderate,0.105833333333226,0.124684342422088,3.5007127435477,31.4,0.1549368885047561,0.17450423269746532,4.344599667030956,36.800000000000004
58,synthetic_planning_reference_v2,moderate,0.0716666666666015,0.0876492392052778,2.97916415388097,31.6,0.10570991748452142,0.1212491721527722,3.6692601275506087,36.4
59,synthetic_planning_reference_v2,moderate,0.0874999999999091,0.206411769473979,3.64114519586269,32.05,0.12253851350457257,0.2715271871664645,4.461265772288088,37.0
60,synthetic_planning_reference_v2,moderate,0.0683333333332712,0.194347835971634,3.26587289331933,31.1,0.0903026694719476,0.2405738446938277,3.884917886178083,35.15
61,synthetic_planning_reference_v2,moderate,0.0741666666666219,0.120580416554798,3.63091418219778,31.05,0.10510883144481781,0.15907124718828414,4.4628748178601185,35.95
62,synthetic_planning_reference_v2,mild,0.109166666667056,0.135606420729121,2.80616788233591,31.6,0.13433279809655396,0.16691932751496572,3.1416131209484557,34.300000000000004
63,synthetic_planning_reference_v2,moderate,0.0591666666668971,0.178870197914363,3.24325436298689,33.75,0.0815104131743206,0.22927602280779974,3.908965542337896,39.0
64,synthetic_planning_reference_v2,moderate,0.0550000000002001,0.198269681673262,3.12062165757581,33.4,0.08988711682672029,0.2581324941510381,3.8256457598961573,39.0
65,synthetic_planning_reference_v2,moderate,0.0883333333336395,0.132734760603241,3.34804708237125,30.35,0.1261537502072498,0.1751143572522927,4.075476792447518,34.9
66,synthetic_planning_reference_v2,severe,0.0741666666669289,0.182783003924133,2.96845721951895,32.15,0.1327942002742011,0.2553054093474831,4.001648973020962,40.0
67,synthetic_planning_reference_v2,mild,0.0750000000002728,0.201039527730671,2.80961032297709,28.45,0.09111594461074643,0.25528002899635965,3.1348908727762272,31.05
68,synthetic_planning_reference_v2,mild,0.113333333333753,0.116333700242427,3.05116610781894,34.35,0.1459414272147885,0.1463996335383059,3.479814637537367,38.7
69,synthetic_planning_reference_v2,severe,0.0508333333335258,0.0843347158540126,2.99141871016158,31.95,0.09260212384567461,0.13648524635425363,3.8999639996580084,38.900000000000006
70,synthetic_planning_reference_v2,moderate,0.0391666666668016,0.187109018528063,2.91115647926769,33.55,0.06577241282342239,0.2506186821728954,3.6066271873606217,39.7
71,synthetic_planning_reference_v2,mild,0.0466666666668516,0.138736009140844,3.40900944010872,32.55,0.04985151186571821,0.17081841216499996,3.880309279241822,36.2
72,synthetic_planning_reference_v2,severe,0.0908333333336941,0.0823590778908487,3.07370103473895,31.9,0.15438594961726174,0.13321308238195043,4.073286729366215,39.7
73,synthetic_planning_reference_v2,severe,0.0958333333336668,0.173944132954045,3.20802573505451,31.75,0.15589438429450334,0.24169244836152787,4.283490537408369,39.1
74,synthetic_planning_reference_v2,severe,0.055833333333544,0.190345910699642,3.07952230092183,32.85,0.09656703249263794,0.2534099339322591,4.001005622026484,39.6
75,synthetic_planning_reference_v2,mild,0.0975000000003547,0.100819850506829,3.19817070213234,35.75,0.12011450400068342,0.12524647974176178,3.6303526425204096,39.800000000000004
76,synthetic_planning_reference_v2,moderate,0.105833333333749,0.24924219480061,2.76167508687376,32.4,0.1448155415635489,0.3186783438854598,3.316706842631073,37.15
77,synthetic_planning_reference_v2,moderate,0.0308333333334531,0.182109050179749,3.44082615143554,32.0,0.05193071877703576,0.2362073417852415,4.215686443548837,37.550000000000004
78,synthetic_planning_reference_v2,moderate,0.140833333333853,0.13209571684204,3.27430387171979,36.15,0.1955309398280056,0.17103979172568376,4.049638848076619,42.45
79,synthetic_planning_reference_v2,mild,0.0850000000003092,0.19939608326071,2.87651977386976,33.25,0.10660472527600158,0.24743036803730883,3.2094974187554186,36.65
80,synthetic_planning_reference_v2,moderate,0.0700000000002547,0.134186732037583,3.01077975493291,32.45,0.10526372828631536,0.18470554871098627,3.708663699516951,38.1
81,synthetic_planning_reference_v2,moderate,0.165833333333944,0.127658438206748,2.94889825531361,43.45,0.22996217239312783,0.16731289970240878,3.6217780810359943,44.95
82,synthetic_planning_reference_v2,severe,0.0916666666670153,0.212350951731776,3.22808190783639,34.25,0.15230407296825016,0.2956628009297468,4.193702996236304,41.75
83,synthetic_planning_reference_v2,moderate,0.113333333333753,0.133579113293919,2.85711235239572,32.8,0.16417377706726916,0.1801775812099943,3.4687887279766025,38.2
84,synthetic_planning_reference_v2,severe,0.0458333333335986,0.21621704347001,2.99321156856556,32.35,0.10501852633795639,0.31780203790288847,4.160414868258202,41.800000000000004
85,synthetic_planning_reference_v2,moderate,0.0816666666669562,0.217114888469789,3.22813915201537,29.75,0.11698705368991841,0.2934562922808956,3.9628974996147512,34.35
86,synthetic_planning_reference_v2,moderate,0.104166666667038,0.0940286962992389,3.25254075578304,36.0,0.1410501024921127,0.13089074488147917,3.9425646876934692,41.650000000000006
87,synthetic_planning_reference_v2,severe,0.0625000000002729,0.194248704835977,3.03339163451722,32.0,0.12700378145364744,0.2793241205997627,4.17642774946142,40.95
88,synthetic_planning_reference_v2,mild,0.0625000000002274,0.225590448376553,2.93793304412364,34.35,0.07006365257993746,0.27458167709694664,3.239278163270941,37.45
89,synthetic_planning_reference_v2,mild,0.116666666667084,0.124725075531505,2.87905719661578,35.65,0.14338172003164004,0.14508582866639252,3.1650936859005854,38.85
90,synthetic_planning_reference_v2,mild,0.0766666666669607,0.243120101992374,2.84186723961665,31.95,0.08612600355744143,0.3045020046168694,3.15378310701132,35.0
91,synthetic_planning_reference_v2,moderate,0.105000000000405,0.220792363279563,3.03465609328287,33.4,0.14287434686203057,0.2874995165779639,3.6635368434453452,38.1
92,synthetic_planning_reference_v2,mild,0.145833333333849,0.185536187617522,3.22598103082981,37.85,0.17948252050855862,0.2187031420068288,3.6010764689965775,42.400000000000006
93,synthetic_planning_reference_v2,mild,0.0600000000002183,0.208969204139384,3.14893238388,31.05,0.06878381198863823,0.2540932051939546,3.5135546384086123,33.800000000000004
94,synthetic_planning_reference_v2,moderate,0.0508333333335486,0.137644788510875,3.55107812017026,29.5,0.07075507926235824,0.18872045839308207,4.333965533915926,34.4
95,synthetic_planning_reference_v2,moderate,0.145833333333917,0.141735747816659,3.18322026637739,33.8,0.2018935388005556,0.18831335492157736,3.836612066267017,39.400000000000006
96,synthetic_planning_reference_v2,mild,0.0650000000002365,0.189521130781011,3.21189466820951,32.4,0.08046454458912322,0.23599956145085801,3.6377427202691663,35.7
97,synthetic_planning_reference_v2,mild,0.0616666666669062,0.199985756202264,2.75435348982716,32.4,0.06539773993903386,0.2440454403955728,3.032220700776363,34.800000000000004
98,synthetic_planning_reference_v2,mild,0.106666666667047,0.0887534837601357,3.08277769448875,35.4,0.13217226749230468,0.0980117779086245,3.4453156399380758,39.25
99,synthetic_planning_reference_v2,mild,0.0941666666670244,0.247659198949646,2.83978284485074,33.4,0.11206855908069056,0.3100508711300397,3.147375706782408,37.0
100,synthetic_planning_reference_v2,mild,0.0666666666669016,0.124112121319979,3.04001127130041,31.45,0.07997276248728563,0.14442879744164552,3.420364878917392,34.25
101,synthetic_planning_reference_v2,moderate,0.104166666667015,0.101763460092862,3.06261723832721,34.05,0.14683729760074254,0.13338594085269742,3.7228417448571087,39.45
102,synthetic_planning_reference_v2,moderate,0.0691666666669562,0.191698443538943,3.08870756926491,31.9,0.08690222095395238,0.2346214014914198,3.663372677985525,35.9
103,synthetic_planning_reference_v2,severe,0.0441666666668198,0.206747781202237,3.20908147990806,30.1,0.09653416027352711,0.2935850375630315,4.3587347332481245,38.35
104,synthetic_planning_reference_v2,mild,0.138333333333821,0.0991644186446114,3.32439991183294,35.4,0.17933387882858978,0.11979389089761623,3.7821382924102314,39.45
105,synthetic_planning_reference_v2,mild,0.130000000000496,0.214672721502811,3.17455585419854,36.95,0.16536518957294222,0.2750709266169575,3.5871897630923395,40.800000000000004
106,synthetic_planning_reference_v2,mild,0.0900000000003274,0.20851695821788,3.53451682490081,33.45,0.11056494680171602,0.2576708560264214,4.002788552897925,37.0
107,synthetic_planning_reference_v2,severe,0.144166666667206,0.162556379287649,2.90970208821022,37.2,0.23415947461437886,0.24138352356351564,3.9803303524776212,44.95
108,synthetic_planning_reference_v2,mild,0.0508333333335713,0.235688463915828,2.77264352133298,30.8,0.054105556478948554,0.286241430229038,3.048862375777178,33.15
109,synthetic_planning_reference_v2,mild,0.0725000000002638,0.14456218317002,3.18081470192083,34.95,0.08575989059519563,0.17395194701732897,3.572342448915295,38.400000000000006
110,synthetic_planning_reference_v2,moderate,0.145833333333849,0.166505814149996,3.33369487988698,36.3,0.1997529289750523,0.20417894434667336,4.102474596021117,42.0
111,synthetic_planning_reference_v2,severe,0.0491666666668152,0.148220748040676,2.84579223910534,33.65,0.10773021168313203,0.22655035029718287,3.96212192149492,42.45
112,synthetic_planning_reference_v2,moderate,0.105000000000359,0.11858954852494,3.32097905596008,35.85,0.1541078555165361,0.16235759071336187,4.084071978074229,41.800000000000004
113,synthetic_planning_reference_v2,moderate,0.0758333333336395,0.241327160374859,3.01733561637623,33.95,0.10657282824828747,0.32168825682875707,3.7008779358973154,39.300000000000004
114,synthetic_planning_reference_v2,mild,0.0441666666668652,0.123647863292222,2.81377118973152,33.1,0.04720489344101645,0.14854633105137663,3.098278723375348,36.1
115,synthetic_planning_reference_v2,moderate,0.15083333333389,0.126957151711656,3.15225013452568,36.45,0.19657796768604086,0.15379769021323253,3.741549015777563,41.800000000000004
116,synthetic_planning_reference_v2,moderate,0.0600000000002638,0.230380075037511,3.13718244080404,33.6,0.09010607171108617,0.3098607662286037,3.8635067221036965,39.400000000000006
117,synthetic_planning_reference_v2,mild,0.0808333333336577,0.0768507533838619,3.13024914383731,32.1,0.09986248825676157,0.08359645014230029,3.534761177025976,35.050000000000004
118,synthetic_planning_reference_v2,moderate,0.100833333333662,0.155156858606632,3.0347992999939,38.2,0.13629669894988222,0.19972897267031317,3.6418198709802,44.050000000000004
119,synthetic_planning_reference_v2,mild,0.0625000000002729,0.196817091592143,3.15710860951807,32.0,0.07439018261178039,0.2503576159425882,3.604057631937569,35.2
120,synthetic_planning_reference_v2,moderate,0.158333333333894,0.145106987001393,3.44341940500092,33.9,0.22267002145060993,0.19627969273628784,4.233111675914438,39.1
121,synthetic_planning_reference_v2,mild,0.0700000000003001,0.189524978863291,2.91605322164669,34.0,0.09302437559078412,0.2365268583768148,3.3144515467139537,37.6
122,synthetic_planning_reference_v2,moderate,0.0516666666667788,0.166520719463039,2.94229254126569,35.4,0.0839935103182852,0.2260793739903036,3.595772839488879,41.75
123,synthetic_planning_reference_v2,severe,0.128333333333785,0.19031427302745,3.3658578486441,39.0,0.20387955211370862,0.27187422298495884,4.387322929278347,44.95
124,synthetic_planning_reference_v2,mild,0.0525000000001455,0.12768607680823,3.53419290971773,32.05,0.06092831967305473,0.1517555329614725,4.0599225658724425,35.15
125,synthetic_planning_reference_v2,moderate,0.0608333333335395,0.112728111668265,3.05720011121953,35.7,0.08645724167913271,0.14844734992060724,3.7192290531174335,41.150000000000006
126,synthetic_planning_reference_v2,moderate,0.0816666666669789,0.236814407075463,3.0709228252922,33.1,0.12455370248043539,0.32362767225226124,3.8495866187079444,39.300000000000004
127,synthetic_planning_reference_v2,mild,0.0516666666668243,0.117931483201938,3.75164930247227,35.2,0.05731523729507699,0.13248247864725068,4.2917756664391495,38.35
128,synthetic_planning_reference_v2,mild,0.0950000000003001,0.153394884995258,2.74709062117621,35.85,0.11762936133969419,0.18615693291539614,3.0383659341434703,39.650000000000006
129,synthetic_planning_reference_v2,severe,0.0575000000001637,0.235238128240702,3.45892705024491,30.1,0.10579996709818916,0.33037466067984084,4.47216227025455,36.85
130,synthetic_planning_reference_v2,moderate,0.0658333333336032,0.116403569361759,3.04508047284736,30.8,0.09548529238565534,0.15318843236120785,3.712829682872575,35.6
131,synthetic_planning_reference_v2,mild,0.0983333333336759,0.129170677009312,3.58608436786153,37.65,0.11892338397240475,0.16519770283978275,4.0772758090422885,41.95
132,synthetic_planning_reference_v2,moderate,0.0416666666668334,0.257025368960854,2.67133328674819,33.0,0.07592696611596061,0.34268796127380907,3.355506758422775,38.650000000000006
133,synthetic_planning_reference_v2,severe,0.123333333333767,0.0901307502748821,3.64386947961953,34.05,0.19939690350093586,0.1568327412452612,4.793062688814377,42.25
134,synthetic_planning_reference_v2,moderate,0.088333333333685,0.18038834432886,3.40527568035034,39.55,0.12059945742196544,0.237569710816389,4.146546314199089,44.95
135,synthetic_planning_reference_v2,mild,0.0616666666669516,0.165102425479847,3.28867276090126,32.5,0.07539481399879824,0.19820214516717077,3.708744634774561,35.4
136,synthetic_planning_reference_v2,moderate,0.0875000000002728,0.119762007553637,2.91602950341828,33.5,0.11683704353732652,0.15597935610006827,3.5208294472159194,38.550000000000004
137,synthetic_planning_reference_v2,mild,0.0575000000001637,0.190192695325023,3.06660181491203,28.65,0.06873185221600377,0.23732792034424174,3.4300319897803515,31.1
138,synthetic_planning_reference_v2,moderate,0.0716666666668971,0.208391174646969,3.04170278648878,32.05,0.10729606083591485,0.2849378070214782,3.8799657514932866,37.800000000000004
139,synthetic_planning_reference_v2,mild,0.170833333333985,0.107550464652582,3.50659279227078,35.8,0.21833276164621157,0.133844562307397,4.035595582875628,40.1
140,synthetic_planning_reference_v2,moderate,0.0850000000003092,0.212085267060363,3.26712175475113,34.1,0.11642665078405216,0.27352786452469546,3.954237424607679,39.2
141,synthetic_planning_reference_v2,severe,0.0616666666668607,0.201783894541098,2.88328863347332,33.0,0.10958026984873799,0.2835611092852806,3.769461343795702,40.7
142,synthetic_planning_reference_v2,mild,0.0716666666669425,0.135604721322352,2.95599200755692,39.9,0.07436914200683024,0.15569163134392305,3.2249814128779755,44.1
143,synthetic_planning_reference_v2,mild,0.0658333333335577,0.159745931093298,2.990097789167,31.9,0.07265011765488687,0.19142592702042324,3.3556872049935103,34.75
144,synthetic_planning_reference_v2,mild,0.0691666666669335,0.125153923547888,2.66658829352947,32.8,0.07005689616893992,0.1385812466730373,2.884768760814482,35.9
145,synthetic_planning_reference_v2,mild,0.112500000000409,0.138403964955439,2.55761415652152,28.1,0.13276820365829115,0.1624863466101174,2.793460303113478,29.8
146,synthetic_planning_reference_v2,mild,0.0791666666669244,0.175485310370212,3.06976302836067,33.6,0.08849987668020334,0.21998567391853086,3.4515166477176953,36.800000000000004
147,synthetic_planning_reference_v2,severe,0.148333333333812,0.112848775017202,3.37431193575321,37.5,0.2503600652163877,0.19060875062371682,4.708643624295111,44.95
148,synthetic_planning_reference_v2,mild,0.0791666666669698,0.241109811217116,2.59980648689487,31.7,0.09347961176146687,0.29533665439690915,2.8378815996064026,34.85
149,synthetic_planning_reference_v2,moderate,0.140833333333831,0.145636666853127,2.97529975973438,34.35,0.1917008347493837,0.19433190130762748,3.6100219901244763,39.7
150,synthetic_planning_reference_v2,mild,0.0525000000001455,0.126017537826652,3.07640057887286,35.15,0.05661321593179388,0.14970179705123712,3.3930875797497193,38.900000000000006
151,synthetic_planning_reference_v2,mild,0.0708333333335759,0.220636669850483,2.505845177926,34.75,0.0806084923090096,0.28215283826480003,2.8080396788182798,38.7
152,synthetic_planning_reference_v2,mild,0.125833333333821,0.0977023880612737,2.96545548105149,31.9,0.1665603000772085,0.1237350019359791,3.3769491167072054,35.550000000000004
153,synthetic_planning_reference_v2,moderate,0.0458333333334849,0.148715847604939,2.86877689817279,35.7,0.06449341936663364,0.1917502183352567,3.504251668809331,41.25
154,synthetic_planning_reference_v2,moderate,0.0808333333336122,0.223657234031324,3.1640451614018,33.15,0.11097542145297133,0.2881385052812991,3.8568705219461163,37.9
155,synthetic_planning_reference_v2,severe,0.164166666667325,0.100616151839565,3.1150742339526,34.7,0.24426127638598388,0.15202268343635605,4.007420193789926,42.7
156,synthetic_planning_reference_v2,mild,0.0583333333336213,0.186747313707867,3.59880168574431,33.2,0.06748079475767602,0.23729981111157952,4.087284185249362,37.35
157,synthetic_planning_reference_v2,severe,0.131666666667115,0.200159679098995,3.39692704937669,35.0,0.2109442130306398,0.2873727831376869,4.437017291795664,42.85
158,synthetic_planning_reference_v2,moderate,0.144166666667206,0.182694567155987,3.21497598036958,39.6,0.19871240561898143,0.2366981033951959,3.87541894084914,44.95
159,synthetic_planning_reference_v2,severe,0.0491666666669971,0.188291130316043,3.241782558986,31.85,0.10047847154948984,0.2789058918893126,4.349889980118628,39.75
160,synthetic_planning_reference_v2,mild,0.0758333333335941,0.0812878182229157,3.2322078375675,33.3,0.08855157263228831,0.09142773037397098,3.587153572108919,36.25
161,synthetic_planning_reference_v2,moderate,0.103333333333603,0.211703284716939,2.90789869647184,32.65,0.15111512668295862,0.28109644696414304,3.588428004723986,38.5
162,synthetic_planning_reference_v2,mild,0.0500000000001364,0.20488617404763,3.06094606517963,30.15,0.04596784772938701,0.24289575501139565,3.4121911142041714,33.0
163,synthetic_planning_reference_v2,mild,0.0675000000002456,0.165578913044749,3.42521636771009,34.9,0.08201596486807856,0.20337441993736924,3.888972072568643,38.800000000000004
164,synthetic_planning_reference_v2,moderate,0.132500000000528,0.27893158618029,3.0260441588094,36.45,0.17713136417279646,0.3602132245458507,3.655683431769106,41.650000000000006
165,synthetic_planning_reference_v2,mild,0.0633333333335941,0.170063934252421,3.28123457785941,33.0,0.06509495648829126,0.20119596819582072,3.705662233918776,35.95
166,synthetic_planning_reference_v2,mild,0.161666666667179,0.118313327101019,3.15754495265575,36.0,0.20993386633097064,0.15727453308627135,3.5924300974720276,40.6
167,synthetic_planning_reference_v2,moderate,0.0808333333335668,0.228366367493423,3.49230551139873,33.5,0.11373451051796242,0.299788332766537,4.245994893427849,39.25
168,synthetic_planning_reference_v2,moderate,0.0741666666669516,0.111822949701584,3.40551739038418,35.45,0.10108226828101374,0.14852939715004698,4.153550169126822,41.35
169,synthetic_planning_reference_v2,mild,0.085833333333585,0.164368177914387,2.81574969869697,34.6,0.10233455441147828,0.1888793227643474,3.131647133206547,38.300000000000004
170,synthetic_planning_reference_v2,moderate,0.0450000000001637,0.193618787123258,2.53984054702404,29.95,0.06495793414825841,0.2514820227124191,3.0782514295512886,34.45
171,synthetic_planning_reference_v2,mild,0.0875000000002728,0.126336841222375,2.98522299142765,34.55,0.11447714772232362,0.1556435333671816,3.35066846341511,38.300000000000004
172,synthetic_planning_reference_v2,severe,0.084166666667079,0.109023868725717,2.9764684623541,34.4,0.14585461402689393,0.1782736675764539,3.9904066220497554,42.95
173,synthetic_planning_reference_v2,moderate,0.0683333333335668,0.221824088115939,2.90672049743791,32.7,0.10919392975398515,0.30276893209548,3.6695887535014267,38.95
174,synthetic_planning_reference_v2,moderate,0.111666666667043,0.0830001460211673,3.24233759691285,33.75,0.162572496159658,0.12314059780297257,3.9632100502369867,39.25
175,synthetic_planning_reference_v2,mild,0.0950000000003911,0.121614907393066,3.00936659747437,32.25,0.11373191607849976,0.1405471141065075,3.33108509713058,35.5
176,synthetic_planning_reference_v2,mild,0.0458333333335304,0.215345070516812,3.00432764018031,29.2,0.05480133278871764,0.27570708680107636,3.383670428709648,32.1
177,synthetic_planning_reference_v2,mild,0.0566666666668425,0.190460976953141,2.99809478927527,31.5,0.07310035519371524,0.24105182683460327,3.3672872591594447,34.95
178,synthetic_planning_reference_v2,mild,0.183333333334031,0.083728393444732,2.82304016687869,34.3,0.23882588504073088,0.09619094636103936,3.1442058658757137,38.15
179,synthetic_planning_reference_v2,severe,0.0533333333336031,0.185330112082786,2.68160747418226,30.45,0.10598327491261358,0.2702460431976338,3.629236649275488,38.25
180,synthetic_planning_reference_v2,mild,0.0658333333335122,0.199688916266514,3.50665221355155,32.55,0.07718501026944513,0.24724819761085134,3.977043252926391,36.1
181,synthetic_planning_reference_v2,severe,0.0675000000002456,0.154223320403782,3.33205783233802,32.6,0.12488117506810725,0.2298221673863185,4.461113824786846,41.050000000000004
182,synthetic_planning_reference_v2,mild,0.0783333333336032,0.157548182558613,3.14839301245463,30.2,0.09405670140754649,0.19448246172321176,3.4994910514663142,32.6
183,synthetic_planning_reference_v2,mild,0.0808333333336577,0.1925037724258,3.14307343822615,32.85,0.08988264414889156,0.230805280466825,3.57009607723721,35.75
184,synthetic_planning_reference_v2,severe,0.0558333333334758,0.175127346823929,3.13146714872985,30.5,0.10325003339902317,0.24961121164757175,4.141136510397821,37.95
185,synthetic_planning_reference_v2,severe,0.125833333333776,0.077321320407955,3.43209287703757,34.0,0.2169776817288679,0.14843936522170048,4.695248264482061,43.25
186,synthetic_planning_reference_v2,mild,0.105833333333703,0.207962875083226,2.79565826738034,36.15,0.13403144389184687,0.25676464558328743,3.139488542994479,40.35
187,synthetic_planning_reference_v2,moderate,0.0416666666667879,0.182118908002986,3.16293952707345,31.95,0.06339671132588204,0.23264912396300505,3.8686536942838936,37.300000000000004
188,synthetic_planning_reference_v2,mild,0.121666666667079,0.104866468705588,3.05108621192983,34.3,0.1565686705308643,0.1282950515753962,3.4371900537278703,37.9
189,synthetic_planning_reference_v2,severe,0.0583333333336213,0.215284812901632,2.82544657632759,31.5,0.11417078082040177,0.30625409110837376,3.781402761581449,39.25
190,synthetic_planning_reference_v2,mild,0.069166666666797,0.158343459070483,2.84014703809592,33.45,0.08514696578045126,0.19087963059255134,3.1363852441912226,36.550000000000004
191,synthetic_planning_reference_v2,severe,0.0725000000002638,0.0865757421135513,3.45758296336221,34.0,0.14712010855553492,0.16845420137936248,4.756088090812855,43.400000000000006
192,synthetic_planning_reference_v2,mild,0.0691666666668425,0.192460470402434,3.3705198288214,31.15,0.07519042726493079,0.22974585665794234,3.7892358238868007,33.25
193,synthetic_planning_reference_v2,moderate,0.0508333333335031,0.210023589123814,3.48255616467918,33.9,0.07741700957780669,0.2745355693696248,4.329722638258357,39.75
194,synthetic_planning_reference_v2,mild,0.0975000000003092,0.111491362297412,3.0606325195633,29.0,0.11905382828241143,0.1264402371143743,3.383729882818398,31.3
195,synthetic_planning_reference_v2,moderate,0.121666666667124,0.150740167548792,3.02274661290672,33.7,0.16950091424661085,0.19673798597063616,3.618324716313662,39.050000000000004
196,synthetic_planning_reference_v2,moderate,0.0591666666668971,0.187227728018535,3.1569374269367,34.55,0.07866857902202333,0.24361135812949972,3.87825731624932,39.95
197,synthetic_planning_reference_v2,moderate,0.0691666666669335,0.164340957551386,2.72261531473057,34.8,0.10157734532207738,0.21654586967946526,3.315701446274244,40.95
198,synthetic_planning_reference_v2,mild,0.105000000000473,0.186585708384524,3.0534711872858,32.65,0.1365236201117151,0.22869421609831456,3.4364167137808685,36.35
199,synthetic_planning_reference_v2,mild,0.0683333333336577,0.226498531566009,3.56024165734866,32.0,0.0807846566338069,0.27942335303223825,4.029872340960735,35.0
200,synthetic_planning_reference_v2,severe,0.136666666667088,0.135411108589289,3.24562447259039,36.5,0.21629925097970845,0.2001433025935047,4.353467627990799,44.900000000000006
201,synthetic_planning_reference_v2,mild,0.130000000000382,0.197039541467329,3.39998502507793,30.7,0.15881950733002886,0.2414032972135988,3.8271168113780853,33.1
202,synthetic_planning_reference_v2,moderate,0.0616666666668607,0.158348194325343,3.6145246088777,28.5,0.08748623437139996,0.2101967065554397,4.450944445566186,33.15
203,synthetic_planning_reference_v2,moderate,0.0658333333336032,0.224522491568801,2.77503751326414,29.35,0.09195139434155711,0.2886049392440171,3.4753148225482695,33.65
204,synthetic_planning_reference_v2,severe,0.0416666666669244,0.0929869400941464,2.48427965833632,31.45,0.09615702230444396,0.15141106410712518,3.477620681949292,40.050000000000004
205,synthetic_planning_reference_v2,mild,0.0858333333337669,0.107056295056374,3.02115627369192,34.25,0.10060714359031797,0.13056822627266634,3.3830200456191535,37.4
206,synthetic_planning_reference_v2,moderate,0.0866666666669516,0.256693487596715,3.30003472550349,32.95,0.11055635762330387,0.31695316552928926,3.8748280010278,37.25
207,synthetic_planning_reference_v2,severe,0.137500000000591,0.127338918579646,2.71010356487304,31.5,0.20556823313637324,0.18852552375658604,3.4713003531713524,38.15
208,synthetic_planning_reference_v2,mild,0.0816666666669789,0.218160563740309,3.20395624475889,34.0,0.09210255652956596,0.27567436484806934,3.605526908275948,37.35
209,synthetic_planning_reference_v2,mild,0.0733333333336304,0.144270869364938,2.93174173191066,34.55,0.08263687255224038,0.16496669782306464,3.200713872447498,37.45
210,synthetic_planning_reference_v2,mild,0.117500000000518,0.134830844649318,3.43100049258624,36.6,0.14581402099495608,0.1734439522590691,3.944858925944557,41.150000000000006
211,synthetic_planning_reference_v2,severe,0.0775000000002819,0.253018979595746,3.29480200250373,34.0,0.15304223669473707,0.36501867206738103,4.559812321457131,43.75
212,synthetic_planning_reference_v2,moderate,0.0891666666669153,0.197351097711172,2.8634590232066,33.8,0.12433246083015227,0.25726310067029307,3.4207511751896664,39.0
213,synthetic_planning_reference_v2,moderate,0.0975000000003547,0.170937370298063,3.36592694936718,39.2,0.13076277023560992,0.22381897541599602,4.079159639901703,44.900000000000006
214,synthetic_planning_reference_v2,moderate,0.0800000000002001,0.157683240882773,3.10663131001079,35.95,0.11226813505410037,0.21120056498661605,3.771715246317626,42.0
215,synthetic_planning_reference_v2,moderate,0.0900000000002819,0.0992423247072081,2.76957247701024,34.55,0.12718763647499584,0.13575426043093536,3.3380658416470244,40.150000000000006
216,synthetic_planning_reference_v2,moderate,0.0841666666669425,0.26118858898568,2.7136812020786,32.75,0.11745972783473868,0.34203970805370054,3.325228331302181,37.75
217,synthetic_planning_reference_v2,moderate,0.10083333333373,0.129737301146045,3.38630682993404,35.35,0.14986144165883572,0.17967583057840603,4.237040181587908,42.45
218,synthetic_planning_reference_v2,moderate,0.084166666666988,0.195423713818235,3.11479336682925,32.9,0.12474277104408213,0.2665577759487204,3.876918354379001,38.85
219,synthetic_planning_reference_v2,mild,0.0466666666668516,0.217576914957072,2.83916969372538,31.0,0.0501691189822253,0.26823857271809487,3.131820684039866,34.0
220,synthetic_planning_reference_v2,severe,0.110833333333767,0.166074733823957,3.56438017804518,34.65,0.17582346184361786,0.2416913161480038,4.662311521355069,43.2
221,synthetic_planning_reference_v2,mild,0.0975000000004002,0.174597672265002,3.10526314869299,37.6,0.11458866751880784,0.20424934666349798,3.4755202816663213,41.550000000000004
222,synthetic_planning_reference_v2,mild,0.0416666666667879,0.118120613843967,2.85795459797001,32.5,0.03744011288428625,0.13662022977402763,3.1648658682744863,35.7
223,synthetic_planning_reference_v2,mild,0.0650000000003274,0.098977311602998,2.76900942843682,33.1,0.08103444877784559,0.11669667988152047,3.076086134837348,37.15
224,synthetic_planning_reference_v2,severe,0.0708333333336213,0.232666382369132,2.99218132107622,35.55,0.11718414507770188,0.31912699943252,3.899932399088647,43.7
225,synthetic_planning_reference_v2,moderate,0.048333333333585,0.162367528082253,3.37356424952305,28.75,0.07416258356130032,0.21027420773253963,4.152122661221788,33.15
226,synthetic_planning_reference_v2,moderate,0.0441666666668425,0.141679056309727,2.72856545332252,30.1,0.06901151066034965,0.19899676254041504,3.403777437460189,35.4
227,synthetic_planning_reference_v2,moderate,0.109166666667079,0.135411132975939,2.55246440016569,33.4,0.1600154359764127,0.17919543027684565,3.13070481834119,38.45
228,synthetic_planning_reference_v2,moderate,0.0483333333335395,0.173354305467379,2.73903968959688,33.65,0.0738914854310016,0.2405058528612314,3.41537153718705,39.45
229,synthetic_planning_reference_v2,mild,0.080000000000382,0.175292707382043,2.71935874095283,30.75,0.09612076010876547,0.21772745174493657,2.978005953951094,33.85
230,synthetic_planning_reference_v2,moderate,0.0716666666656238,0.113704506507292,3.33772594624656,37.85,0.10776648566115898,0.15626600875870617,4.0988115244011185,44.400000000000006
231,synthetic_planning_reference_v2,severe,0.0633333333324117,0.200900184737649,2.86293375199826,30.05,0.11918088691571041,0.2817022728797844,3.7978813269269156,37.300000000000004
232,synthetic_planning_reference_v2,mild,0.0341666666661695,0.209263996981806,3.53709796137935,31.95,0.03189319173185369,0.269842234430155,4.056732949126194,35.45
233,synthetic_planning_reference_v2,mild,0.0799999999988358,0.0936814262607312,2.99974257290957,36.05,0.10037292649943427,0.1175490791679265,3.3886076098078535,40.650000000000006
234,synthetic_planning_reference_v2,moderate,0.0508333333325936,0.198537441256567,2.7925171214969,35.1,0.0798199767745324,0.2759085180148864,3.4754966419344875,41.550000000000004
235,synthetic_planning_reference_v2,severe,0.0466666666659876,0.107207529855021,3.22785918277799,32.3,0.10683867740054637,0.17700822885891965,4.353319871218532,41.2
236,synthetic_planning_reference_v2,mild,0.0883333333320479,0.179980207224543,3.26977743705877,33.65,0.10422253401914894,0.21996836936325356,3.712325904280123,36.75
237,synthetic_planning_reference_v2,moderate,0.0433333333327027,0.191906001015784,2.915398383756,34.2,0.06830740069708553,0.24770924260482158,3.576718463115437,39.75
238,synthetic_planning_reference_v2,mild,0.0933333333319752,0.132275810615193,2.82922728304151,32.45,0.11734640608109152,0.17144083927374482,3.179191516849157,35.95
239,synthetic_planning_reference_v2,severe,0.0733333333322662,0.25844385207632,3.09210744322687,32.45,0.1381971077151955,0.36672909707522744,4.265091633839077,41.6
240,synthetic_planning_reference_v2,mild,0.0541666666658784,0.197791390004475,3.49105888730068,33.7,0.05833672816409598,0.23525388253581606,3.9411133849710667,36.550000000000004
241,synthetic_planning_reference_v2,mild,0.0716666666656238,0.0814212885963275,2.63633863777389,27.85,0.08268003925100435,0.09041497917931259,2.879847195546579,29.75
242,synthetic_planning_reference_v2,moderate,0.0824999999987995,0.122905784235018,3.03669419780751,35.6,0.12285113888744278,0.172884394305875,3.716971052978737,41.85
243,synthetic_planning_reference_v2,moderate,0.0808333333321571,0.245263218401846,2.85241488121142,30.9,0.13417596564848833,0.34587327159592784,3.635289982053885,37.7
244,synthetic_planning_reference_v2,mild,0.0649999999990541,0.104984086438334,3.26606238574497,36.7,0.07910326752839993,0.12909153764281622,3.7187776530810455,40.85
245,synthetic_planning_reference_v2,mild,0.104166666665151,0.236839037525422,3.13616413140858,34.7,0.13130182806144042,0.3031266738379017,3.5647525569920817,38.45
246,synthetic_planning_reference_v2,moderate,0.0633333333324117,0.198463057494104,3.06701809481825,28.3,0.0844789811840157,0.2520465307452038,3.64118139585767,32.1
247,synthetic_planning_reference_v2,mild,0.0916666666653327,0.0857254062257856,3.03135287947245,30.45,0.10935339583419883,0.10411603810088264,3.4256999410858557,33.2
248,synthetic_planning_reference_v2,mild,0.0774999999988722,0.0807880213651998,2.55356570601354,29.65,0.10176973886568355,0.113808160567602,2.853912749100739,32.9
249,synthetic_planning_reference_v2,severe,0.0716666666656238,0.200564407125397,2.55219155695287,35.9,0.13216116648901935,0.2888686073104178,3.4901707280075738,44.400000000000006
250,synthetic_planning_reference_v2,severe,0.0566666666658421,0.155226311763575,3.08920797002246,31.6,0.11104786153962963,0.23504857532796164,4.1376834681208,40.0
251,synthetic_planning_reference_v2,mild,0.0874999999987267,0.105915338821857,2.77783690592121,31.75,0.1144388573087538,0.13279322485321388,3.089544722119781,35.25
252,synthetic_planning_reference_v2,severe,0.109166666665078,0.211760806064366,3.13834894050635,35.7,0.17985822649676253,0.3075726465398022,4.280404399288692,44.800000000000004
253,synthetic_planning_reference_v2,mild,0.0691666666656602,0.198782919068784,2.6058180611535,31.4,0.07877049302418312,0.247027789789014,2.8372399728002726,34.2
254,synthetic_planning_reference_v2,mild,0.316666666662059,0.129062786511753,3.62355298629206,42.45,0.41630285173462644,0.15690968807952385,4.148808953139766,44.95
255,synthetic_planning_reference_v2,moderate,0.0591666666658057,0.200198788846231,2.92542052430634,33.35,0.08821720374102804,0.2636549178181,3.564271589340699,38.5
256,synthetic_planning_reference_v2,moderate,0.147499999997854,0.113618667894659,3.77060954559685,34.2,0.20620120012798282,0.15125795346561846,4.6165011505314295,39.550000000000004
257,synthetic_planning_reference_v2,mild,0.0858333333320843,0.17463225929123,3.09628478526218,34.75,0.0995019669580942,0.21132777537573452,3.483792129402782,39.2
258,synthetic_planning_reference_v2,moderate,0.044166666666024,0.222241002562436,3.25583187620409,32.7,0.06516795452171732,0.3005432482817278,4.004277733841416,37.95
259,synthetic_planning_reference_v2,mild,0.132499999998072,0.110831479265626,3.22247888613242,35.8,0.16145999728660476,0.11999973470446748,3.5935936801075656,39.5
260,synthetic_planning_reference_v2,mild,0.0674999999990177,0.192236079455564,3.12341715401185,28.45,0.07813903828112637,0.2310895201517364,3.523485185769316,30.55
261,synthetic_planning_reference_v2,moderate,0.0599999999991269,0.223227234387108,3.10573411816083,32.6,0.10024514988105668,0.30878464492087154,3.948121500523907,38.900000000000006
262,synthetic_planning_reference_v2,mild,0.0674999999990177,0.0996473930712736,2.75652854930888,36.1,0.08066112943650551,0.12324780844605743,3.0778959701739437,40.5
263,synthetic_planning_reference_v2,moderate,0.0533333333325572,0.13523137721915,2.78725978336349,28.4,0.07928207138775753,0.1862177946542166,3.452991872357333,33.15
264,synthetic_planning_reference_v2,severe,0.0658333333323753,0.222606747078446,3.13019441400411,29.4,0.12603944718833854,0.3213367534882639,4.243395509447297,36.85
265,synthetic_planning_reference_v2,mild,0.0591666666658057,0.205403678863414,2.76469029824111,30.75,0.06252893162984993,0.2429198043116778,3.028089172117948,33.300000000000004
266,synthetic_planning_reference_v2,severe,0.0633333333324117,0.137971066884169,3.31151285434172,31.75,0.10761808657049274,0.19786154432873365,4.222598113186682,38.7
267,synthetic_planning_reference_v2,mild,0.0616666666657693,0.159493518232937,3.5790753994863,33.0,0.0684625845777789,0.19961230725893772,4.031585545993507,36.4
268,synthetic_planning_reference_v2,mild,0.0733333333322662,0.211567594609207,3.18061323946576,33.4,0.09094209246349651,0.2540027369239469,3.593304433868879,36.35
269,synthetic_planning_reference_v2,mild,0.190833333330556,0.147029519752277,3.41703341901139,38.75,0.24610517055047756,0.17458292296171224,3.863775127459809,42.85
270,synthetic_planning_reference_v2,moderate,0.0716666666656238,0.226668028112873,2.76502679075672,34.0,0.10388686671759347,0.2899091401174661,3.432487695185558,40.0
271,synthetic_planning_reference_v2,severe,0.0699999999989814,0.118932296276359,3.14922586773798,34.45,0.13641990544059088,0.18709448358208633,4.321938403186186,43.7
272,synthetic_planning_reference_v2,moderate,0.139999999997963,0.0909360818401557,2.82106493546203,37.35,0.19048629766263642,0.11316733023949492,3.3782725698374545,43.0
273,synthetic_planning_reference_v2,mild,0.0624999999990905,0.225163986818588,3.57697186735637,32.05,0.06726950948921255,0.2805388457543792,4.017725814552577,35.300000000000004
274,synthetic_planning_reference_v2,mild,0.101666666665187,0.107533231686317,2.9933597101519,33.85,0.12968491599622006,0.13112067293268334,3.3615984655204434,37.550000000000004
275,synthetic_planning_reference_v2,moderate,0.160833333330993,0.189576750503173,3.22151419158454,36.35,0.22744159734083366,0.2548190813522349,3.982494337700918,42.75
276,synthetic_planning_reference_v2,moderate,0.0491666666659512,0.21721593785132,3.03518726151433,30.3,0.08206998159079523,0.2926495623746387,3.8219284752364744,35.4
277,synthetic_planning_reference_v2,moderate,0.0774999999988722,0.0846623715307635,3.63501908546665,36.5,0.09255697449984232,0.10160994436040564,4.351794080429316,41.800000000000004
278,synthetic_planning_reference_v2,mild,0.0466666666659876,0.17994909853953,3.26781727364507,32.85,0.0529616127271812,0.2156033682901464,3.677955823633743,35.800000000000004
279,synthetic_planning_reference_v2,mild,0.0366666666661331,0.183452418308601,3.09086334440534,31.15,0.03221727320053017,0.2181957119114453,3.442482949179108,33.95
280,synthetic_planning_reference_v2,mild,0.105833333331793,0.118011118967218,3.09012825912711,38.35,0.13475559658021052,0.14501526019616115,3.453236778206591,43.400000000000006
281,synthetic_planning_reference_v2,mild,0.092499999998654,0.211836770601492,2.77803286358677,33.5,0.11604272621985993,0.26573408291048883,3.1091535499838585,37.15
282,synthetic_planning_reference_v2,moderate,0.076666666665551,0.179024311013544,3.15525889155721,30.3,0.10515042300270241,0.23503996066108784,3.77786030567895,34.7
283,synthetic_planning_reference_v2,moderate,0.106666666665114,0.138845286544612,3.49033401733111,43.15,0.14224562784892325,0.1738306157246708,4.168618126993598,44.95
284,synthetic_planning_reference_v2,moderate,0.0641666666657329,0.143267283548513,2.8896415821574,31.15,0.08998670779595037,0.19501045306566164,3.4909281876652556,36.2
285,synthetic_planning_reference_v2,severe,0.106666666665114,0.104569814999688,3.02433413781947,33.2,0.165716371614486,0.15270415292413225,3.88539697297652,39.95
286,synthetic_planning_reference_v2,mild,0.0833333333321207,0.258087632017229,3.14800083123046,33.6,0.10083798111421413,0.32621885153769514,3.5708023313177804,37.300000000000004
287,synthetic_planning_reference_v2,mild,0.0516666666659148,0.202181040593633,3.59851772433148,28.0,0.05576539344612997,0.2505243759644503,4.112922721284378,30.3
288,synthetic_planning_reference_v2,severe,0.142499999997926,0.199596945643723,3.03269155788923,33.7,0.23724239607977818,0.28181707945414014,4.161312328062544,43.0
289,synthetic_planning_reference_v2,moderate,0.0916666666653327,0.204267157429453,3.10145879308382,37.0,0.12748295088945355,0.2699438912622658,3.7676513322287524,42.800000000000004
290,synthetic_planning_reference_v2,moderate,0.052499999999236,0.178042418678184,3.36066953002145,31.1,0.08025029786967591,0.2423202099669658,4.184288173772757,36.7
291,synthetic_planning_reference_v2,moderate,0.0641666666657329,0.156337975605058,2.89097906896558,31.95,0.09001197037399629,0.19847052741460972,3.550743192859569,37.1
292,synthetic_planning_reference_v2,moderate,0.112499999998363,0.157824980419389,3.1485986321829,37.55,0.15818933933561763,0.2080006854221596,3.8718026200889892,43.85
293,synthetic_planning_reference_v2,mild,0.052499999999236,0.149283024679036,3.22402079492271,30.4,0.04878016245805949,0.1656974354157651,3.585261042249429,32.85
294,synthetic_planning_reference_v2,moderate,0.146666666664532,0.164949864298965,3.89256392178558,39.9,0.2131243209432094,0.21991160148024827,4.873230692171493,44.95
295,synthetic_planning_reference_v2,mild,0.0716666666656238,0.223374635020071,2.92650726922694,30.9,0.0803814543987485,0.27189509637009907,3.2409338318541514,33.75
296,synthetic_planning_reference_v2,severe,0.044166666666024,0.157150035195817,2.85956001876556,32.1,0.07934709413772031,0.2193229549844002,3.662034335110589,38.7
297,synthetic_planning_reference_v2,mild,0.108333333331757,0.082779529191521,3.29500530071769,29.15,0.13171326025840494,0.08669946782690297,3.6941347050198545,31.6
298,synthetic_planning_reference_v2,mild,0.0958333333319388,0.193756084452919,3.40251304806686,37.7,0.12429463329427436,0.24291871692083872,3.8740185224768724,42.150000000000006
299,synthetic_planning_reference_v2,severe,0.0599999999991269,0.173019913746774,3.03581757597008,31.95,0.12250641565712417,0.2691962826364497,4.08121398044723,40.35
300,synthetic_planning_reference_v2,severe,0.109999999998399,0.079443297269691,3.44019275591948,30.0,0.18737067945390867,0.13338582522563316,4.694309782753661,38.5
301,synthetic_planning_reference_v2,mild,0.0833333333321207,0.178615164254378,2.38750888377867,37.7,0.09808091243924283,0.2102566847187485,2.5518114743157123,41.5
302,synthetic_planning_reference_v2,mild,0.0458333333326664,0.169515010795703,2.96999233140516,31.1,0.053362896545054044,0.20477936053005022,3.3527291574769142,33.95
303,synthetic_planning_reference_v2,mild,0.0733333333322662,0.112427029991108,2.78298660243928,34.0,0.08745609698021307,0.1374035856065175,3.071025769953116,37.6
304,synthetic_planning_reference_v2,mild,0.106666666665114,0.214781314226194,2.99340665834989,33.05,0.14042904197352796,0.26838369391019845,3.378259711062402,36.95
305,synthetic_planning_reference_v2,moderate,0.0458333333326664,0.185128045336981,3.02274992212328,33.4,0.05916278037990214,0.2285808844782827,3.555145130655694,38.0
306,synthetic_planning_reference_v2,mild,0.0799999999988358,0.137917377204284,3.76472491015369,39.1,0.09456625090645447,0.1639710771313399,4.317461467824176,43.5
307,synthetic_planning_reference_v2,mild,0.0783333333321934,0.233002865462945,3.60832496786756,31.65,0.09083085731390729,0.28377052861612956,4.092467007552255,34.45
308,synthetic_planning_reference_v2,moderate,0.119999999998254,0.104397871512026,2.56540158582896,32.95,0.16586460043910195,0.12975290208107743,3.091640982451738,38.1
309,synthetic_planning_reference_v2,mild,0.156666666664387,0.0843980406681114,3.13876684459894,35.2,0.19330802913670397,0.0912161174594864,3.5056553436355262,39.0
310,synthetic_planning_reference_v2,moderate,0.0708333333323026,0.257450580084642,3.12504532075437,32.1,0.09781611527252626,0.3315915108988997,3.711085531499634,36.85
311,synthetic_planning_reference_v2,mild,0.0583333333324845,0.0975759619627023,3.31564977133673,34.7,0.062289200763259105,0.1195163429606238,3.7006621052895614,38.15
312,synthetic_planning_reference_v2,mild,0.0658333333323753,0.111390632672713,3.04158801107522,33.8,0.07763563914130191,0.12774665089684936,3.392987622137898,36.75
313,synthetic_planning_reference_v2,moderate,0.0666666666656965,0.253519594396536,2.68571227132575,32.6,0.0950022928436273,0.32692746047834087,3.2349942823427167,38.050000000000004
314,synthetic_planning_reference_v2,mild,0.109166666665078,0.12129756391068,3.10630886886654,33.25,0.1424164647021045,0.14786542066772518,3.5345268217310677,37.0
315,synthetic_planning_reference_v2,mild,0.229999999996653,0.157465955631863,3.09519666618811,35.85,0.29847003429323327,0.18390261438776104,3.4590664736646595,39.5
316,synthetic_planning_reference_v2,mild,0.0516666666659148,0.223818526535854,3.3701603972802,33.5,0.05034551060737,0.2729843559197963,3.7594931132260574,36.85
317,synthetic_planning_reference_v2,mild,0.105833333331793,0.0746606863693783,3.37422967427842,31.25,0.1266363061533653,0.07915942749265426,3.739838054066077,33.6
318,synthetic_planning_reference_v2,mild,0.0499999999992724,0.162056044970873,3.53917989187715,32.6,0.04646900099619074,0.19273974400577007,3.96601847986217,35.1
319,synthetic_planning_reference_v2,mild,0.0691666666656602,0.167299723304702,2.99231260042907,31.1,0.07937517225483529,0.2076449435779118,3.324748051128997,33.95
320,synthetic_planning_reference_v2,mild,0.0658333333323753,0.149813108517781,2.95706558502109,29.9,0.07015015198295106,0.17483588447204607,3.2673470699350875,31.8
321,synthetic_planning_reference_v2,mild,0.104166666665151,0.139520588476179,3.55845570306726,37.55,0.1367947548352234,0.17267829689424882,4.065399035424963,42.35
322,synthetic_planning_reference_v2,mild,0.0733333333322662,0.221652078084814,2.62441294485149,32.6,0.08669445898244497,0.2721396884137681,2.8549747039454156,35.95
323,synthetic_planning_reference_v2,severe,0.133333333331393,0.190720993327616,3.23416361051267,36.9,0.21287531284227876,0.2781572014241584,4.259829494703593,44.95
324,synthetic_planning_reference_v2,moderate,0.124999999998181,0.245072341792376,3.35381594507626,34.55,0.17322110095819412,0.31294608092404425,4.068138493563711,39.900000000000006
325,synthetic_planning_reference_v2,moderate,0.0558333333325209,0.19759730486639,2.74573441325271,29.45,0.08176709855041495,0.25704719514847574,3.327490576955025,33.6
326,synthetic_planning_reference_v2,moderate,0.072499999998945,0.176655719131032,3.33424924028013,31.55,0.09860002158712568,0.2269035179539377,4.031831813574333,36.0
327,synthetic_planning_reference_v2,mild,0.130833333331429,0.128760349488,3.02827536662804,35.35,0.16593707418885842,0.15020856954151435,3.34783351368186,39.1
328,synthetic_planning_reference_v2,moderate,0.076666666665551,0.229286724526501,3.09870765114421,29.55,0.10166799640703512,0.29537259713467684,3.7376993663157916,33.9
329,synthetic_planning_reference_v2,moderate,0.0624999999990905,0.203654795825828,3.54391409146141,34.45,0.08715098919054554,0.26046851654881664,4.325468081056047,39.900000000000006
330,synthetic_planning_reference_v2,moderate,0.167499999997563,0.184560862323228,3.07978984404294,36.85,0.2317780494875782,0.24744589385888796,3.8496881827196097,43.2
331,synthetic_planning_reference_v2,severe,0.0833333333321207,0.228261657616334,2.86295864425619,30.8,0.14004443167378244,0.3224411026900002,3.871910985951978,38.2
332,synthetic_planning_reference_v2,severe,0.0774999999988722,0.16360766494488,3.29603715368405,33.85,0.13105478383787128,0.23054275845711855,4.279133098356962,41.1
333,synthetic_planning_reference_v2,moderate,0.0791666666655146,0.123919415219045,2.95813640537594,32.15,0.11499365448182175,0.17243445956240624,3.6147880464718307,37.300000000000004
334,synthetic_planning_reference_v2,severe,0.0299999999995634,0.170680246937535,3.52960372647703,28.75,0.07558327626293045,0.2525876430617716,4.782525535026705,36.7
335,synthetic_planning_reference_v2,mild,0.0716666666656238,0.225155546495296,2.78750138660533,32.05,0.08561323828824859,0.276985706753371,3.08387976739466,34.9
336,synthetic_planning_reference_v2,severe,0.148333333331175,0.0810587244284684,3.39746633160064,34.9,0.23562148912774125,0.13542397264484834,4.506297081293327,43.6
337,synthetic_planning_reference_v2,moderate,0.0949999999986176,0.140308919864768,3.00706731148977,31.05,0.13761446475367287,0.18832711835596694,3.7083923854993737,36.25
338,synthetic_planning_reference_v2,moderate,0.0433333333327027,0.212548041481756,2.20447206149837,31.65,0.06660776360157651,0.2796606265219741,2.691845549371743,36.800000000000004
339,synthetic_planning_reference_v2,mild,0.0658333333323753,0.138331822100443,2.91675031681053,29.6,0.07868300666335659,0.16277267744485835,3.2735655369701484,32.35
340,synthetic_planning_reference_v2,mild,0.0983333333319024,0.114546963743553,2.84986031412785,30.65,0.12157984761242417,0.14068108418721506,3.1724560178134746,33.5
341,synthetic_planning_reference_v2,moderate,0.104166666665151,0.152082492188911,3.28286495556438,32.05,0.14979444722817076,0.20743737425337103,4.049459687144681,37.5
342,synthetic_planning_reference_v2,mild,0.0916666666653327,0.210305514551378,2.78902681642114,28.7,0.11080289910816607,0.25641004210025825,3.085494033539992,31.1
343,synthetic_planning_reference_v2,mild,0.0608333333324481,0.22029145835112,3.01864240008926,33.1,0.08159744820505031,0.28877789745349325,3.456365521337879,37.0
344,synthetic_planning_reference_v2,moderate,0.196666666663805,0.166127793802856,3.63981390008985,40.5,0.2806023766876231,0.22565297977243323,4.602844589140634,44.95
345,synthetic_planning_reference_v2,mild,0.0424999999993815,0.210698213950483,2.78603188082047,31.0,0.044945181127675364,0.25801666707244203,3.0899889402819545,34.15
346,synthetic_planning_reference_v2,mild,0.132499999998072,0.175459526629489,3.13925321718659,33.35,0.1671515544106263,0.21394324043817595,3.5148840898052978,36.5
347,synthetic_planning_reference_v2,moderate,0.116666666664969,0.181856600036702,2.64761859758003,36.75,0.14881705758117644,0.2253966088335663,3.1268738682788486,42.050000000000004
348,synthetic_planning_reference_v2,moderate,0.0624999999990905,0.208048664534338,3.37016615577254,32.3,0.09052786847196932,0.2746159841904745,4.12724914031854,36.95
349,synthetic_planning_reference_v2,mild,0.0474999999993088,0.115833019307909,3.08789132939049,37.05,0.057685998579478835,0.14652390654667594,3.5008360351465058,42.150000000000006
350,synthetic_planning_reference_v2,moderate,0.108333333331757,0.239153005230972,3.38280190716518,30.65,0.14801661579301445,0.30956263015828184,4.124643108439588,35.2
351,synthetic_planning_reference_v2,severe,0.0408333333327391,0.212885184264997,2.748584711465,30.25,0.08882075410781581,0.3083707367675177,3.7552238095208583,38.25
352,synthetic_planning_reference_v2,moderate,0.0949999999986176,0.130217602542631,2.85341617762466,36.65,0.13071831834279965,0.1609838298449748,3.425672865999137,42.1
353,synthetic_planning_reference_v2,mild,0.072499999998945,0.236253899694326,3.42579744254486,34.4,0.09144884880966377,0.2975138341845778,3.891484983407693,38.15
354,synthetic_planning_reference_v2,mild,0.0408333333327391,0.174069542798009,3.06255322915405,33.95,0.0408853509643981,0.2091131110652196,3.436792296526516,37.300000000000004
355,synthetic_planning_reference_v2,severe,0.0791666666655146,0.124513617009261,3.01171516580239,37.3,0.14840102062674854,0.1947253975093283,4.0715565486134855,44.95
356,synthetic_planning_reference_v2,mild,0.076666666665551,0.261666565807863,2.79239755510925,32.8,0.09436649577132399,0.3263553115904527,3.0687334483890547,36.0
357,synthetic_planning_reference_v2,severe,0.15916666666435,0.125755237461073,3.27972001562057,34.45,0.26039700313208997,0.19857315585556462,4.535869747543885,44.150000000000006
358,synthetic_planning_reference_v2,severe,0.102499999998508,0.106384781246632,2.97502873030457,32.2,0.16148462590050836,0.16684344202443985,3.857507304479828,38.7
359,synthetic_planning_reference_v2,mild,0.11749999999829,0.264463786299372,2.98649316186903,32.2,0.13650922020343986,0.3260115016079853,3.299197145457523,34.95
360,synthetic_planning_reference_v2,moderate,0.120833333331575,0.125296942573412,2.8981139553768,32.5,0.17195024565628103,0.17208541891505255,3.582353963438811,38.300000000000004
361,synthetic_planning_reference_v2,moderate,0.11083333333172,0.246764065536017,2.98874484080013,34.6,0.16124842697379255,0.3196012421650421,3.627468207715297,40.550000000000004
362,synthetic_planning_reference_v2,severe,0.116666666664969,0.0908856087096355,2.69698181363114,30.6,0.18863093523506194,0.14364347491643703,3.5578470046524115,37.95
363,synthetic_planning_reference_v2,mild,0.141666666664605,0.147641839658032,3.34442568509485,39.3,0.18346757002504097,0.17403719077983038,3.794399454596436,44.2
364,synthetic_planning_reference_v2,moderate,0.0491666666659512,0.224225734670825,2.88157778735004,31.15,0.07938671695225195,0.3010509983941915,3.5789307692974104,36.800000000000004
365,synthetic_planning_reference_v2,severe,0.0933333333319752,0.0914009247847157,2.91663043412447,35.85,0.1527319943754439,0.14493151827308945,3.8117750103100945,44.2
366,synthetic_planning_reference_v2,moderate,0.0999999999985448,0.216016750719049,2.81174338241354,31.05,0.14861505223698307,0.289843495457389,3.4702649764963467,36.1
367,synthetic_planning_reference_v2,moderate,0.04833333333263,0.226159613843769,3.21771537850819,32.0,0.06984224492850785,0.29335938999849,3.9383439064600188,36.6
368,synthetic_planning_reference_v2,mild,0.194166666663841,0.1039740614631,2.80949885260694,35.1,0.25169832870605646,0.1290903467331206,3.1678057822865866,39.1
369,synthetic_planning_reference_v2,mild,0.0658333333323753,0.185193262974523,2.64167671883082,35.95,0.07510023064283794,0.22510370439224617,2.893228345361248,40.050000000000004
370,synthetic_planning_reference_v2,mild,0.0416666666660603,0.238644406470683,2.80304137225186,31.6,0.04301475555417362,0.29385449950663667,3.0835467728286705,34.35
371,synthetic_planning_reference_v2,mild,0.0899999999986903,0.0960615316774199,3.03786446811068,35.1,0.11042685387402232,0.12374794064713888,3.4216052979556415,38.7
372,synthetic_planning_reference_v2,mild,0.0633333333324117,0.155078938157848,2.94033525996792,31.8,0.058311330047665096,0.16943964794163777,3.2136508763505183,34.0
373,synthetic_planning_reference_v2,moderate,0.0374999999994543,0.200205922439002,2.76020399980306,32.7,0.06096668772814161,0.2674371736744291,3.4056956949316763,38.050000000000004
374,synthetic_planning_reference_v2,mild,0.141666666664605,0.141743104937026,3.13451078831779,36.65,0.1715696508157291,0.16567155704394435,3.504588646155472,40.2
375,synthetic_planning_reference_v2,mild,0.0833333333321207,0.205315720666266,3.1067032520687,30.35,0.09504760258261646,0.24276780475626722,3.42849330049579,33.25
376,synthetic_planning_reference_v2,moderate,0.0841666666654419,0.253721294988091,2.9500543586194,32.7,0.12233769777283414,0.33484085404524433,3.636546768556367,38.050000000000004
377,synthetic_planning_reference_v2,mild,0.194999999997162,0.137848653139279,3.47265575142168,36.1,0.2527490825960687,0.1657278570435222,3.870146806664759,39.7
378,synthetic_planning_reference_v2,mild,0.0624999999990905,0.220260459638644,2.95761906103754,35.3,0.07193856975180946,0.2719734170342106,3.318236010824698,39.1
379,synthetic_planning_reference_v2,mild,0.0774999999988722,0.118459165959188,3.02896439441904,36.4,0.0876318024571852,0.13672035077904696,3.390534205274657,40.150000000000006
380,synthetic_planning_reference_v2,severe,0.0883333333320479,0.215999346494062,3.22948173270651,33.35,0.15916334080443706,0.3184242750768175,4.351907907613313,42.1
381,synthetic_planning_reference_v2,severe,0.052499999999236,0.178988721435398,2.50894473174539,30.85,0.10501795209825607,0.2545018386776216,3.3951831247309308,38.400000000000006
382,synthetic_planning_reference_v2,moderate,0.0841666666654419,0.132170599075132,3.49849068885334,37.8,0.11259875571995001,0.17519911331481133,4.247907597212341,43.6
383,synthetic_planning_reference_v2,moderate,0.0591666666658057,0.218468739868936,3.25928458154719,32.05,0.08325010794604708,0.28084894694159124,3.933619266913261,36.85
384,synthetic_planning_reference_v2,moderate,0.0424999999993815,0.22617926752826,2.61141029398206,32.55,0.06369181147608445,0.2996195879351341,3.199156386339271,37.85
385,synthetic_planning_reference_v2,mild,0.163333333330957,0.110406521342571,3.16617546932932,34.5,0.20954925593644955,0.12698264704983597,3.5990423346954667,38.45
386,synthetic_planning_reference_v2,mild,0.0949999999986176,0.214415943615281,3.27126258835129,30.8,0.11862745729878796,0.2671267071378609,3.7066174833473005,33.800000000000004
387,synthetic_planning_reference_v2,mild,0.0641666666657329,0.218922528558381,3.0334705729086,33.25,0.06531873207043055,0.25321668987279783,3.374603535771976,35.75
388,synthetic_planning_reference_v2,mild,0.0649999999990541,0.135694517581149,2.81275546859458,33.3,0.08076600737915937,0.17286811121264795,3.1036850979748656,36.9
389,synthetic_planning_reference_v2,mild,0.0708333333323026,0.178145707806652,3.12447421514204,35.5,0.07914822360932086,0.21744217721917922,3.473051393101939,39.050000000000004
390,synthetic_planning_reference_v2,moderate,0.0591666666658057,0.171736757605291,2.88885922423689,33.15,0.0875126833000432,0.2276865567352383,3.4924845933689648,38.25
391,synthetic_planning_reference_v2,mild,0.203333333330374,0.0715224910828983,3.46396883053962,36.4,0.25709090595622536,0.08223954645217281,3.940466236756694,40.050000000000004
392,synthetic_planning_reference_v2,moderate,0.0741666666655874,0.189117843126415,2.62801987508809,31.9,0.10061228366888411,0.24465128754793186,3.1034143907809186,36.5
393,synthetic_planning_reference_v2,moderate,0.04833333333263,0.142889317726086,2.71502110830213,31.2,0.08383272080612514,0.20315397083967765,3.4319614554285454,36.9
394,synthetic_planning_reference_v2,mild,0.102499999998508,0.0837432310538345,2.9128701971337,33.45,0.12954687423163103,0.10472953691227822,3.273448691130533,37.050000000000004
395,synthetic_planning_reference_v2,moderate,0.11083333333172,0.205056318208238,3.14200805880966,31.35,0.15175844809956884,0.26205228146786286,3.826548732189478,36.35
396,synthetic_planning_reference_v2,mild,0.0649999999990541,0.187243725537728,3.02119323136968,31.5,0.06411767229936387,0.2349679927674297,3.373532695435887,34.5
397,synthetic_planning_reference_v2,moderate,0.107499999998436,0.145337763627041,3.09847320176352,35.55,0.1485537644370874,0.19695445531627812,3.8571262405197895,41.800000000000004
398,synthetic_planning_reference_v2,mild,0.0991666666652236,0.190078947260108,3.39763009294699,31.65,0.11458065342898768,0.23039805956379616,3.827380097508447,34.6
399,synthetic_planning_reference_v2,mild,0.0491666666659512,0.199741172698121,2.8419432821193,30.9,0.05582673048913216,0.2540916223826496,3.1500250290710703,33.6
400,synthetic_planning_reference_v2,severe,0.0533333333325572,0.185123256250893,3.20526236066018,29.1,0.093362809482191,0.24748162075163302,4.056009336663359,34.45
401,synthetic_planning_reference_v2,moderate,0.106666666665114,0.0846246495741828,3.38476478066985,31.65,0.15430608017489772,0.12221358650219777,4.205909159684784,36.800000000000004
402,synthetic_planning_reference_v2,mild,0.0808333333321571,0.113860751640002,2.99530757294188,34.25,0.09399308826620065,0.1274634714733267,3.3112267562947864,37.7
403,synthetic_planning_reference_v2,mild,0.0599999999991269,0.250861320256691,3.23996844773934,33.4,0.06786584311193829,0.3183438546534693,3.653369015410718,36.800000000000004
404,synthetic_planning_reference_v2,moderate,0.0958333333319388,0.0959852741563075,3.45370417735508,35.6,0.13311325235269886,0.13053095273941692,4.194212290482881,40.900000000000006
405,synthetic_planning_reference_v2,moderate,0.122499999998217,0.215177854450137,3.35493628443256,35.1,0.16761231878990135,0.2828426958661587,4.074888987628088,40.5
406,synthetic_planning_reference_v2,moderate,0.0458333333326664,0.210815426723795,2.87111879547917,31.95,0.06663908350391502,0.2743216674828357,3.446851719474171,36.800000000000004
407,synthetic_planning_reference_v2,moderate,0.112499999998363,0.168126249637244,3.0304617336958,41.15,0.16166967986303107,0.23591063699581452,3.7267269438528605,44.95
408,synthetic_planning_reference_v2,mild,0.0633333333324117,0.160776055475045,3.03043169266992,32.0,0.0693890424154741,0.19894525802359017,3.364626551980642,35.1
409,synthetic_planning_reference_v2,moderate,0.0466666666659876,0.106055249548884,3.34902128251,37.05,0.06924941417358572,0.1473977626858508,4.052159742737618,42.95
410,synthetic_planning_reference_v2,moderate,0.0791666666655146,0.221486137035942,2.9903179988583,33.9,0.11089247152844862,0.2901546410635327,3.623312200873735,39.35
411,synthetic_planning_reference_v2,mild,0.0658333333323753,0.129808188381931,3.1529660947399,33.95,0.08215377807540056,0.17105795635715265,3.55602644266485,38.050000000000004
412,synthetic_planning_reference_v2,moderate,0.107499999998436,0.182451551424788,3.11559609938825,40.45,0.1551907625185311,0.24852682456210176,3.8955905893286737,44.95
413,synthetic_planning_reference_v2,mild,0.0941666666652964,0.177439439261497,3.26385964162053,33.3,0.11649931419464693,0.2104438610488542,3.7034824593495337,36.800000000000004
414,synthetic_planning_reference_v2,severe,0.137499999997999,0.191919480100257,3.30891573845275,38.0,0.21753523001169245,0.2778039107643398,4.325243028690656,44.95
415,synthetic_planning_reference_v2,mild,0.0849999999987631,0.194663558798355,2.8514623245146,32.65,0.10744019411855373,0.24550879250498328,3.1592921388518893,36.0
416,synthetic_planning_reference_v2,moderate,0.0458333333326664,0.122039540936827,3.18957018789475,28.65,0.0665512731465293,0.16096996932852395,3.8976616201245045,32.95
417,synthetic_planning_reference_v2,moderate,0.139166666664642,0.128946086561581,3.57342334491122,32.75,0.1990629070076966,0.16793937639606263,4.357524719621128,38.0
418,synthetic_planning_reference_v2,moderate,0.0791666666655146,0.233983891681943,2.92313153047315,32.65,0.11057683215789639,0.30312153151142807,3.5249884753083522,37.7
419,synthetic_planning_reference_v2,moderate,0.0383333333327755,0.189943220602668,2.7521333553765,28.25,0.06003214531213232,0.25642930466132885,3.4143828373089287,33.050000000000004
420,synthetic_planning_reference_v2,mild,0.102499999998508,0.115549093969191,3.07707636730814,36.2,0.1271712353798488,0.14125916142962014,3.406457506794877,40.25
421,synthetic_planning_reference_v2,moderate,0.0983333333319024,0.225976541331833,3.215653084929,35.8,0.13795386328946746,0.3059825934299264,3.9936743551765095,42.2
422,synthetic_planning_reference_v2,mild,0.0466666666659876,0.21450694067054,3.45743757969062,31.95,0.04871286181047257,0.2557923254294568,3.913341359365065,35.25
423,synthetic_planning_reference_v2,mild,0.217499999996835,0.138843823489383,2.77856492177581,36.45,0.27873789614031413,0.17167169111887454,3.0760540690697233,40.45
424,synthetic_planning_reference_v2,severe,0.0566666666658421,0.180012560993304,3.0458770145133,31.35,0.10478248454075781,0.25927655309563585,4.064809388521294,39.5
425,synthetic_planning_reference_v2,mild,0.0558333333325209,0.206414970799352,3.0338917938551,33.8,0.05207949870974153,0.25458177558314965,3.3627239479619626,36.550000000000004
426,synthetic_planning_reference_v2,mild,0.11083333333172,0.106685331135038,2.94301448824821,32.6,0.13069471827531393,0.12798109821442208,3.2736449150177918,35.6
427,synthetic_planning_reference_v2,mild,0.0716666666656238,0.177412756384784,2.91846423145688,33.2,0.08964736216604688,0.22587774836841348,3.2450105678877157,37.15
428,synthetic_planning_reference_v2,moderate,0.0416666666660603,0.213701708527765,2.84073713092896,32.9,0.056404640960184965,0.2829045317429025,3.495970168650673,38.2
429,synthetic_planning_reference_v2,mild,0.0783333333321934,0.172452214939739,2.91286482789674,39.75,0.08871339450976631,0.20467896731638727,3.250292530310202,44.650000000000006
430,synthetic_planning_reference_v2,moderate,0.0433333333327027,0.194076666450506,3.12141448576242,31.8,0.06511822379302333,0.2537515301594332,3.838982631209904,36.800000000000004
431,synthetic_planning_reference_v2,moderate,0.0633333333324117,0.124740245990642,2.93034217692442,31.3,0.0933778270165245,0.16678802712954544,3.5688097710243816,36.25
432,synthetic_planning_reference_v2,moderate,0.0599999999991269,0.166009194770813,2.78355371661146,35.6,0.08634277823427115,0.2153481413326717,3.390196971271144,41.6
433,synthetic_planning_reference_v2,moderate,0.0533333333325572,0.201391294033536,2.99529150307569,34.1,0.07674632326663819,0.26378570996427525,3.569442328079513,39.25
434,synthetic_planning_reference_v2,moderate,0.104999999998472,0.104994552412924,3.41020482412947,36.15,0.14654112022808716,0.1426950419531081,4.165911026343789,42.2
435,synthetic_planning_reference_v2,moderate,0.068333333332339,0.223905574886034,3.04805150803862,29.95,0.10421401578509412,0.29485012947686057,3.708129074214396,34.550000000000004
436,synthetic_planning_reference_v2,moderate,0.0474999999993088,0.182898619273937,3.19493775805393,28.8,0.06864480316690193,0.2420098773107633,3.8561111230465994,32.45
437,synthetic_planning_reference_v2,moderate,0.0566666666658421,0.16564121171057,3.01001070029645,33.3,0.08162869361709998,0.21347085732445678,3.658897738725342,38.15
438,synthetic_planning_reference_v2,severe,0.156666666664387,0.12962626695798,2.67757236000689,33.3,0.23960432633485096,0.18759482867946822,3.516468327533902,40.6
439,synthetic_planning_reference_v2,mild,0.0749999999989086,0.188841150301334,2.96049076019302,30.25,0.08633480397131633,0.23223390480161554,3.32242757992192,32.7
440,synthetic_planning_reference_v2,mild,0.0908333333320115,0.231820798434098,2.89742785672616,32.65,0.11239465667639821,0.2860255363382168,3.21679517175994,35.5
441,synthetic_planning_reference_v2,mild,0.109166666665078,0.0911560847664873,3.16279954708413,35.25,0.12760413993179204,0.10007418022375322,3.5257964090699097,38.800000000000004
442,synthetic_planning_reference_v2,severe,0.134999999998035,0.180168316145823,3.20492729737623,35.5,0.22625795456976336,0.2718559974657101,4.472094928301468,44.95
443,synthetic_planning_reference_v2,mild,0.072499999998945,0.0721750231970255,2.58851323138795,29.55,0.08719378492667745,0.09682357222301298,2.8765216408919754,32.6
444,synthetic_planning_reference_v2,mild,0.0816666666654783,0.0998130551540624,3.27326372258052,37.1,0.09270536809475696,0.11536249184326341,3.6666581018503117,41.050000000000004
445,synthetic_planning_reference_v2,mild,0.0616666666657693,0.199552646233174,3.13350047189181,32.05,0.0795663801358106,0.24924281434231593,3.5296329283391783,35.6
446,synthetic_planning_reference_v2,mild,0.13833333333132,0.084617126818508,2.99160635307436,30.6,0.16539829602479414,0.09241619808860917,3.298657838363145,32.7
447,synthetic_planning_reference_v2,mild,0.0908333333320115,0.157400672351365,3.19903775260814,34.15,0.11536810478542352,0.19634400024803353,3.6283203728618787,38.050000000000004
448,synthetic_planning_reference_v2,mild,0.0624999999990905,0.203844012438746,2.86654035304653,34.45,0.05856580591012899,0.23569661359850422,3.1414899731290378,37.45
449,synthetic_planning_reference_v2,moderate,0.0908333333320115,0.0978450645887438,2.82158185945748,35.65,0.13361854069752283,0.14471827563363163,3.5019914070567233,42.300000000000004
450,synthetic_planning_reference_v2,mild,0.044166666666024,0.161305540035459,2.83891449275326,31.35,0.04100464584009122,0.18462477666741683,3.1654905641863076,34.550000000000004
451,synthetic_planning_reference_v2,mild,0.0691666666656602,0.223541413873719,3.10099391042504,33.6,0.08013212707905763,0.2661478440214236,3.4382780186639703,36.75
452,synthetic_planning_reference_v2,moderate,0.0608333333324481,0.112888505981674,3.39736554538201,39.45,0.08054931041689341,0.14871808216262486,4.105234040694992,44.95
453,synthetic_planning_reference_v2,severe,0.0658333333323753,0.241064339667935,2.89438398167383,31.55,0.10775388648465425,0.32826595230269884,3.6682785059538263,37.7
454,synthetic_planning_reference_v2,moderate,0.0799999999988358,0.167340988709377,2.94732719779478,33.95,0.11902992446908955,0.2276789864722387,3.608756372192699,39.650000000000006
455,synthetic_planning_reference_v2,moderate,0.16583333333092,0.224450170133042,3.16708851865164,34.7,0.23522153081998246,0.29929071883790065,3.9903492218026595,40.45
456,synthetic_planning_reference_v2,severe,0.0658333333323753,0.197413145783711,3.52775747238569,33.65,0.11657481197380982,0.2896809005658445,4.6275926188810965,41.800000000000004
457,synthetic_planning_reference_v2,moderate,0.0983333333319024,0.118007400494035,3.07436550425452,31.9,0.1303743067870197,0.1506877847557185,3.659293655098835,36.550000000000004
458,synthetic_planning_reference_v2,mild,0.11749999999829,0.190123629689464,3.42676044245097,34.85,0.14434207090606116,0.22921969893547897,3.892240575915175,39.0
459,synthetic_planning_reference_v2,moderate,0.0391666666660967,0.197365736438312,3.01450023795336,31.7,0.06611196473827546,0.2644335193252113,3.7877047270586663,37.550000000000004
460,synthetic_planning_reference_v2,severe,0.0774999999988722,0.139285874137277,3.56654526394387,33.4,0.15466462881919302,0.23505968910705366,4.977623180080048,43.7
461,synthetic_planning_reference_v2,severe,0.114999999998327,0.161321057389313,3.21163625640888,31.7,0.19210452085037358,0.2394267554358601,4.440623723056301,40.35
462,synthetic_planning_reference_v2,moderate,0.0691666666656602,0.174086137689647,3.00524411196616,32.45,0.09802258957244771,0.2258155566724953,3.656463912458431,37.300000000000004
463,synthetic_planning_reference_v2,moderate,0.102499999998508,0.170841788217867,3.09302586854037,35.6,0.1530891006918816,0.22249901426236826,3.8656927705877915,42.1
464,synthetic_planning_reference_v2,mild,0.0958333333319388,0.14940871560478,3.21106748687208,32.75,0.11639969954840569,0.17197328441394524,3.607547041656156,35.75
465,synthetic_planning_reference_v2,severe,0.0758333333324117,0.205506109551185,3.31590012200737,33.4,0.14534093850700577,0.3024413365448837,4.481109315401879,42.7
466,synthetic_planning_reference_v2,mild,0.123333333331539,0.148950773287515,3.07922668496338,33.0,0.1515757895798967,0.16989288001497543,3.3965818189728916,35.25
467,synthetic_planning_reference_v2,severe,0.0716666666656238,0.170410876943761,3.14064918269205,32.5,0.11855528141052618,0.24180108949162682,4.036873580930796,39.6
468,synthetic_planning_reference_v2,moderate,0.0433333333327027,0.20093294969201,3.07277705967715,32.1,0.057550054415510955,0.2546304836086007,3.6757996776702346,36.800000000000004
469,synthetic_planning_reference_v2,mild,0.0549999999990177,0.207771684081873,3.15272985774758,30.7,0.0692781497070423,0.2617598257579306,3.5662682701337984,33.800000000000004
470,synthetic_planning_reference_v2,moderate,0.0858333333324481,0.0762290399765763,2.70932842464543,32.6,0.11826702829746694,0.0951827725370608,3.284492427696894,37.25
471,synthetic_planning_reference_v2,mild,0.0849999999987631,0.153901134532882,3.1924576154678,30.35,0.10325003566352205,0.1879806934925537,3.6132679799202245,33.1
472,synthetic_planning_reference_v2,moderate,0.0691666666656602,0.230221448028036,2.90380952788452,29.9,0.09428127732775363,0.30465207404200234,3.5377223442062924,34.15
473,synthetic_planning_reference_v2,mild,0.0499999999990905,0.147725831606452,2.89855577162594,32.15,0.04825994557701962,0.17094921504207383,3.1955667516871182,34.85
474,synthetic_planning_reference_v2,mild,0.154999999997744,0.105608399281701,3.20109802256591,36.45,0.1975704085765453,0.1241532195285406,3.6089870809906857,40.5
475,synthetic_planning_reference_v2,severe,0.0824999999987995,0.253552371912646,2.92296969194485,35.5,0.14530390059838122,0.34742591043424287,3.873754377909811,44.050000000000004
476,synthetic_planning_reference_v2,moderate,0.0783333333321934,0.0937356518090423,3.0479515811616,29.5,0.11775165877162098,0.13185283904742465,3.748107240061677,34.75
477,synthetic_planning_reference_v2,mild,0.150833333331138,0.134752263487165,3.19733152841548,37.85,0.19393712598210835,0.17892986595959803,3.650339500127472,42.900000000000006
478,synthetic_planning_reference_v2,moderate,0.0458333333326664,0.252769290079929,2.8730405483587,32.65,0.0634248229627467,0.33341309584421547,3.466758992767698,37.95
479,synthetic_planning_reference_v2,mild,0.092499999998654,0.0804110992915137,3.12818712360154,30.7,0.11636154775414624,0.09423208624102265,3.5136200627929837,33.85
480,synthetic_planning_reference_v2,mild,0.118333333331429,0.0777380669495172,2.80802541561994,32.15,0.13870527535706834,0.08280692948956765,3.041078101480554,34.85
481,synthetic_planning_reference_v2,moderate,0.0508333333327755,0.142004303899788,3.0748585250469,33.7,0.07141159816745868,0.18241786575114474,3.645360875031527,38.5
482,synthetic_planning_reference_v2,moderate,0.0949999999987995,0.0798465128879126,2.86681695813865,34.8,0.1302367005585661,0.10210398014086475,3.444719971687174,39.95
483,synthetic_planning_reference_v2,moderate,0.0899999999986903,0.223080178317078,2.77795060591701,31.6,0.12501417035689616,0.2877938666803503,3.35496067303425,36.5
484,synthetic_planning_reference_v2,mild,0.0808333333321571,0.141282511811133,3.46338209301375,33.35,0.09772771260945251,0.17279153655054863,3.895480073739507,36.300000000000004
485,synthetic_planning_reference_v2,moderate,0.0958333333319388,0.104042036696844,3.26424743477089,37.4,0.13369441215537656,0.1447875195192467,3.9596929455536998,43.6
486,synthetic_planning_reference_v2,severe,0.0899999999985084,0.263628402945144,2.86806654652869,33.95,0.1569208276654126,0.36559891909358455,3.84534683695383,42.300000000000004
487,synthetic_planning_reference_v2,mild,0.109999999998763,0.0826520909127078,3.26734283728186,35.1,0.1393758110663871,0.09146678009666885,3.627706868756899,39.150000000000006
488,synthetic_planning_reference_v2,mild,0.10249999999869,0.157977978135713,3.10078491857143,34.9,0.11287835769920618,0.1847388202495504,3.3966858962623627,38.2
489,synthetic_planning_reference_v2,mild,0.0466666666659876,0.197806575386406,2.64586626667429,34.45,0.052572575616036954,0.23860855517167218,2.9065050961486643,37.95
490,synthetic_planning_reference_v2,severe,0.132499999998254,0.157734048595057,2.68619090740977,38.85,0.21967981355491467,0.23575951317939065,3.655947153343756,44.95
491,synthetic_planning_reference_v2,mild,0.0541666666658784,0.186828577817228,3.3159636055179,34.05,0.06163606939823733,0.22922504745574016,3.7829612976202696,37.4
492,synthetic_planning_reference_v2,moderate,0.0941666666652964,0.173969286087832,3.39915875745731,31.7,0.11938376021024948,0.22109845488446747,4.092989185920917,36.15
493,synthetic_planning_reference_v2,mild,0.0691666666654783,0.196770156031686,3.42008998541382,30.4,0.08251346131295827,0.2546833770797745,3.894934334943477,33.550000000000004
494,synthetic_planning_reference_v2,mild,0.0716666666656238,0.234702250346094,3.1254688989069,30.2,0.08418615845737738,0.2924127773693983,3.4959926714652543,33.2
495,synthetic_planning_reference_v2,moderate,0.101666666665369,0.0856302725353836,3.40239051232679,37.7,0.14638513214847118,0.12270331917706594,4.2405174900782034,44.650000000000006
496,synthetic_planning_reference_v2,moderate,0.0599999999991269,0.207405215011894,3.05470733674744,32.35,0.09204938469711882,0.27915281015335697,3.806302334614573,37.4
497,synthetic_planning_reference_v2,mild,0.0833333333319388,0.183779954802831,2.96607688042835,33.25,0.10747472295366718,0.235450699611376,3.3585790575866437,36.9
498,synthetic_planning_reference_v2,severe,0.0974999999987631,0.102674364889931,3.1111291403585,30.05,0.16287107518811567,0.1570772393015982,4.127680430858917,37.6
499,synthetic_planning_reference_v2,moderate,0.0716666666654419,0.159744576039883,3.04671631706492,35.0,0.09978477450219686,0.21273673521073516,3.7356001539335355,40.6
500,synthetic_planning_reference_v2,moderate,0.0674999999988359,0.210654809353217,3.1971039818701,32.7,0.09658428495560097,0.268351252274891,3.8423971920605275,37.15
501,synthetic_planning_reference_v2,mild,0.0783333333320115,0.196920681597211,3.3655759156855,30.8,0.0891840442094747,0.2298242252189318,3.7704875455628333,32.85
502,synthetic_planning_reference_v2,moderate,0.0766666666653691,0.217604928038476,2.96042693948655,33.95,0.10860909189408839,0.28436672089243115,3.5924645967286652,39.300000000000004
503,synthetic_planning_reference_v2,moderate,0.17249999999749,0.149605101339444,3.18947992741722,35.3,0.24960746660758681,0.21477740620317043,3.9556064434416025,41.45
504,synthetic_planning_reference_v2,severe,0.0849999999987631,0.178566312799535,3.14654545228428,31.3,0.1458643271999545,0.2615345863736979,4.172592834705634,38.85
505,synthetic_planning_reference_v2,mild,0.0608333333324481,0.214558164563305,2.82728951038572,33.35,0.0653252146154579,0.25422896236265957,3.1177237710029484,36.25
506,synthetic_planning_reference_v2,mild,0.144166666664751,0.150305797563948,3.06474639686472,39.75,0.17536052754532214,0.18056963182356905,3.4026066282665792,44.45
507,synthetic_planning_reference_v2,mild,0.0699999999991633,0.236652431467152,3.12598344487931,31.5,0.08039279668646568,0.29182790794718805,3.4746469171899785,34.75
508,synthetic_planning_reference_v2,severe,0.092499999998654,0.147387158168208,3.01986012853938,35.4,0.1541765322522781,0.22210120891019033,3.9968899790048504,43.650000000000006
509,synthetic_planning_reference_v2,moderate,0.0758333333324117,0.204399967597366,2.71843897019563,33.45,0.10383289136437904,0.2642636226905525,3.303150347011958,39.25
510,synthetic_planning_reference_v2,mild,0.0508333333325936,0.200839424410583,3.17181817889766,32.85,0.062094579916767166,0.24046362465034177,3.6068847590207636,36.2
511,synthetic_planning_reference_v2,moderate,0.184166666663987,0.141121661460065,3.38032183746635,36.8,0.25395607497686395,0.1866330255326652,4.224367421592439,43.050000000000004
512,synthetic_planning_reference_v2,mild,0.059999999998945,0.203084986035395,2.63717727684647,30.6,0.06411014694192592,0.2418448627158592,2.8577655451195287,33.35
513,synthetic_planning_reference_v2,mild,0.0399999999994179,0.196151065674663,3.22637086279846,30.6,0.040778923915774944,0.24343174405205614,3.6568980415733314,32.800000000000004
514,synthetic_planning_reference_v2,mild,0.104999999998472,0.128022446732738,3.13383643870114,37.35,0.1328655674009952,0.16000150347090042,3.527115661660822,41.45
515,synthetic_planning_reference_v2,moderate,0.0808333333321571,0.231607956422548,3.10507473707941,32.8,0.11146458625439244,0.29874977284650855,3.7136946007664453,38.2
516,synthetic_planning_reference_v2,mild,0.0491666666659512,0.135255760872558,2.9331786424092,31.25,0.057191044851350764,0.16662620056370064,3.2825121055223714,34.300000000000004
517,synthetic_planning_reference_v2,moderate,0.105833333331793,0.118839885726682,3.6404744767913,37.25,0.14662492783677508,0.1477294858542866,4.3682427528078325,42.800000000000004
518,synthetic_planning_reference_v2,mild,0.0674999999991996,0.228942970160254,3.4249615044345,28.15,0.07953154185875987,0.27890584106963934,3.8677537337342565,29.900000000000002
519,synthetic_planning_reference_v2,mild,0.040833333332921,0.21153319209098,3.08151486577653,32.1,0.040876422694567635,0.260576130508231,3.4851475919760078,35.050000000000004
520,synthetic_planning_reference_v2,mild,0.0641666666657329,0.15963356419212,2.94899665557542,32.9,0.07703444917806297,0.20458746648847828,3.3003456533040083,36.35
521,synthetic_planning_reference_v2,mild,0.131666666664751,0.19549278814291,3.22516448463439,35.25,0.1677184690459891,0.23218669205090986,3.6450120844436076,39.050000000000004
522,synthetic_planning_reference_v2,moderate,0.0583333333324845,0.199357797438035,3.21330597864163,33.85,0.07492253763739551,0.25963662285605116,3.834205010909426,38.75
523,synthetic_planning_reference_v2,moderate,0.0916666666653327,0.110405361931036,3.14506407446361,32.95,0.13412554903804258,0.1527755219279621,3.8807920546106303,38.7
524,synthetic_planning_reference_v2,mild,0.0749999999990905,0.175309325924928,3.27706191883084,34.1,0.0824530600391435,0.2075371110930599,3.6779756160653365,37.4
525,synthetic_planning_reference_v2,severe,0.0466666666659876,0.178376895629127,2.69840350483095,32.1,0.11453449299654045,0.27616730007707113,3.897710187487352,42.2
526,synthetic_planning_reference_v2,mild,0.0708333333323026,0.125049724387306,3.00421354584199,35.3,0.08638351605828623,0.14976735069400768,3.4055051651323347,39.25
527,synthetic_planning_reference_v2,moderate,0.0858333333320843,0.217352128638795,2.78292556563605,35.6,0.12766814956665423,0.29422602841098433,3.4088406266669002,41.85
528,synthetic_planning_reference_v2,moderate,0.0424999999995634,0.150062479624865,2.95995181229607,31.45,0.054759707858023685,0.19798686931454873,3.5655490082782726,36.2
529,synthetic_planning_reference_v2,moderate,0.0674999999988359,0.0878108065295655,3.05592955434566,33.35,0.09207077146158121,0.1124045588769232,3.7495716379602664,38.75
530,synthetic_planning_reference_v2,moderate,0.0774999999988722,0.199219577171888,2.66484620412435,31.8,0.1151687757755523,0.2644153808500242,3.2841291014512373,36.65
531,synthetic_planning_reference_v2,moderate,0.0624999999989086,0.211616807001888,3.34836212174462,34.35,0.08723446041973287,0.2742623523398608,4.109538572909527,39.75
532,synthetic_planning_reference_v2,moderate,0.0599999999991269,0.220905537322766,2.96698738089905,31.05,0.08025684184087521,0.2861374102602814,3.549248763923853,35.25
533,synthetic_planning_reference_v2,moderate,0.04833333333263,0.16099682855732,3.20438658524122,29.25,0.07533323464168415,0.21886586969659103,3.9978616650032253,34.15
534,synthetic_planning_reference_v2,moderate,0.0591666666658057,0.172054279691085,3.20182795276477,31.95,0.08767329314903087,0.22858563826392617,3.920882574310577,37.2
535,synthetic_planning_reference_v2,mild,0.0441666666662059,0.10815505621328,3.36498006302113,34.25,0.04646777932919416,0.13711270426789807,3.834106202800094,37.5
536,synthetic_planning_reference_v2,moderate,0.0558333333325209,0.249158389404705,3.02382934767017,32.8,0.08052385055652361,0.31925624434388,3.6823778318614826,37.4
537,synthetic_planning_reference_v2,mild,0.04833333333263,0.141515909003008,2.88974951682797,37.1,0.05761233714010142,0.1738231584636128,3.2264444386711215,41.650000000000006
538,synthetic_planning_reference_v2,mild,0.0658333333323753,0.192946618088375,2.98776205930193,33.45,0.08143665997157161,0.24088969532722104,3.369092465368486,36.6
539,synthetic_planning_reference_v2,mild,0.0516666666659148,0.18484224024216,3.05482338490705,33.95,0.059836771127036524,0.225727955525919,3.4283924252453897,37.550000000000004
540,synthetic_planning_reference_v2,mild,0.122499999998217,0.102750001223591,3.05239064871617,37.3,0.1550907969274567,0.13196122447685915,3.4450046088721025,41.400000000000006
541,synthetic_planning_reference_v2,mild,0.10333333333183,0.209480214340137,2.71557082428562,32.85,0.13538123547734,0.26459581716930153,3.0377895889776636,36.75
542,synthetic_planning_reference_v2,moderate,0.0608333333322662,0.106966168659919,3.37879862269253,31.6,0.08835939365883969,0.13383520975363436,4.1187192783801745,36.25
543,synthetic_planning_reference_v2,moderate,0.0649999999990541,0.0810515746932334,3.63637515714036,34.3,0.09778108696690554,0.1118489252583504,4.51768797636364,40.7
544,synthetic_planning_reference_v2,moderate,0.0758333333322298,0.203857945374549,2.94664065442482,33.0,0.10457073377278919,0.26820984040636753,3.5025033859546304,37.65
545,synthetic_planning_reference_v2,mild,0.092499999998654,0.148338058254852,3.52693974034101,34.5,0.116289162228918,0.17205630258493804,3.9678586874894077,37.800000000000004
546,synthetic_planning_reference_v2,moderate,0.068333333332339,0.115328773480577,2.8051413551207,32.05,0.09614778265774644,0.1524826275052238,3.449362492919777,36.95
547,synthetic_planning_reference_v2,mild,0.0774999999988722,0.206872941337115,3.24429657324624,30.1,0.0956678907159437,0.25246560073631225,3.622092571992813,33.050000000000004
548,synthetic_planning_reference_v2,mild,0.0416666666660603,0.189539686336426,3.21424225531936,32.0,0.0405207939028085,0.23222204565996174,3.5947049647677702,35.0
549,synthetic_planning_reference_v2,mild,0.0674999999990177,0.115081787856341,3.53376463247989,33.35,0.0678670468061747,0.1327711564093842,3.95591995481294,35.85
550,synthetic_planning_reference_v2,severe,0.0824999999987995,0.237951433218931,3.14646804006029,35.45,0.1427892363461737,0.3324076232616629,4.175299369149114,44.300000000000004
551,synthetic_planning_reference_v2,mild,0.0583333333326664,0.176759415966088,2.53420932286244,32.6,0.055832301488912925,0.2097760872792541,2.6955450017681724,35.2
552,synthetic_planning_reference_v2,severe,0.0699999999989814,0.15164969336474,2.97604066719379,41.1,0.13112150708567266,0.22394769921326993,4.0011583565200395,44.95
553,synthetic_planning_reference_v2,mild,0.0649999999990541,0.241696984391161,3.10825702006067,29.95,0.07740253040689568,0.30484001149613343,3.494474365207857,32.85
554,synthetic_planning_reference_v2,mild,0.0666666666656965,0.117540992456816,2.89045950892014,31.05,0.08557364801161732,0.14986725329839387,3.287824661872444,34.45
555,synthetic_planning_reference_v2,mild,0.0458333333326664,0.0924476196897245,2.95671661712226,34.75,0.049006618107294536,0.09568646266601423,3.287974409376663,38.550000000000004
556,synthetic_planning_reference_v2,mild,0.0916666666653327,0.233694472270564,2.92311392545005,32.6,0.10837299098008828,0.2847507432292007,3.2006298029527795,35.25
557,synthetic_planning_reference_v2,mild,0.0799999999991996,0.140987317587894,3.4979847884201,33.7,0.093784578547321,0.17058914361806524,3.9612993875379465,37.0
558,synthetic_planning_reference_v2,moderate,0.104166666665151,0.0782401326671116,2.70691821271056,29.8,0.1564927329142122,0.11766289677372957,3.3641825726482653,34.9
559,synthetic_planning_reference_v2,moderate,0.152499999997781,0.240729120309708,3.1697492246161,34.6,0.22064379439284962,0.33023927117898555,3.940345853006537,40.95
560,synthetic_planning_reference_v2,moderate,0.0533333333325572,0.164860287113391,2.81432545326642,31.2,0.08113150790339105,0.21827849882910957,3.459609680461999,36.800000000000004
561,synthetic_planning_reference_v2,mild,0.115833333331648,0.13888884917142,3.39490976889024,39.45,0.14643908783037643,0.16607237123407315,3.834534918199791,44.0
562,synthetic_planning_reference_v2,moderate,0.0858333333320843,0.236459558995953,2.6744413089068,31.45,0.12572467919396096,0.31341493490223155,3.30392121854387,36.6
563,synthetic_planning_reference_v2,moderate,0.0499999999992724,0.248204633797553,2.67927040641545,29.8,0.07899949305863443,0.32811116488940345,3.279311505354839,34.6
564,synthetic_planning_reference_v2,mild,0.0599999999993088,0.0842290449216553,2.93437362236714,30.1,0.0735724550483076,0.10383837091969152,3.350226943117834,32.85
565,synthetic_planning_reference_v2,mild,0.0574999999991633,0.0935925593513387,2.81806472133375,38.8,0.060459407820731836,0.10442774433931569,3.1083180824893644,43.050000000000004
566,synthetic_planning_reference_v2,moderate,0.0583333333324845,0.257824015774366,3.09872929901459,31.45,0.082378090865255,0.3424679935812131,3.7472628316730985,36.25
567,synthetic_planning_reference_v2,mild,0.134999999998217,0.129449665512676,3.06800926808155,30.8,0.17566312308666815,0.16738811470539497,3.441586326524924,34.0
568,synthetic_planning_reference_v2,moderate,0.0824999999987995,0.110307524277548,2.91927818917836,37.3,0.12139580629578121,0.1440605025943608,3.6166372362729864,44.550000000000004
569,synthetic_planning_reference_v2,mild,0.0616666666657693,0.205514612325746,3.15407505621304,31.4,0.07102858460933868,0.2515642088094546,3.579110765245908,34.45
570,synthetic_planning_reference_v2,moderate,0.107499999998618,0.0874163005388576,3.64334396244804,34.6,0.15032168529380932,0.12132959707853781,4.409672723323856,40.0
571,synthetic_planning_reference_v2,moderate,0.0849999999987631,0.137498894567734,2.46297466638069,35.05,0.12074077020411085,0.1840695564308927,2.939271609637043,40.300000000000004
572,synthetic_planning_reference_v2,moderate,0.0733333333324481,0.196083958245855,2.99349507733725,30.0,0.09498702298786052,0.2473529592172045,3.5178054829399485,33.75
573,synthetic_planning_reference_v2,mild,0.0849999999987631,0.109220116703632,2.79119592727327,35.9,0.1020890597875128,0.13279934232845533,3.059781292986663,39.75
574,synthetic_planning_reference_v2,moderate,0.0849999999987631,0.143190920481691,3.1316807574207,34.95,0.12875877247121503,0.1932872385469262,3.8083503278678443,41.1
575,synthetic_planning_reference_v2,mild,0.0774999999988722,0.235113526536835,2.58342041688097,32.3,0.10319875466315817,0.29545631696388086,2.857939787703826,36.0
576,synthetic_planning_reference_v2,severe,0.0699999999989814,0.0800783143423921,3.32834176215597,35.0,0.13309617934820725,0.136658964381111,4.484198270718008,44.150000000000006
577,synthetic_planning_reference_v2,moderate,0.0758333333324117,0.13391659735657,2.37154756765878,29.45,0.11589408884427257,0.19036505747039045,2.9490322748445883,33.95
578,synthetic_planning_reference_v2,mild,0.0774999999986903,0.260036006653993,2.86349416669682,31.8,0.08551297445596708,0.3151488947513197,3.1215007889773054,34.15
579,synthetic_planning_reference_v2,mild,0.134166666664714,0.149820061713807,3.57447172155179,39.05,0.16868293344862714,0.17531866505182664,4.017050200098623,43.550000000000004
580,synthetic_planning_reference_v2,moderate,0.0449999999995271,0.181701142197401,3.22291071795234,33.7,0.0686558383235258,0.246305795979733,3.999504312140091,40.0
581,synthetic_planning_reference_v2,severe,0.149999999998181,0.133124324800059,3.66371216958665,34.15,0.2395495090434307,0.20434501928218088,4.859794284545033,43.2
582,synthetic_planning_reference_v2,mild,0.0733333333320843,0.21839769132213,3.10373646661108,33.05,0.08020792029504448,0.26859818952863135,3.4798619293194792,36.2
583,synthetic_planning_reference_v2,mild,0.0383333333327755,0.175574762180982,3.05750605812504,32.6,0.04325222710069632,0.22684320666904867,3.454036687781763,36.0
584,synthetic_planning_reference_v2,mild,0.113333333331684,0.134184890045283,3.31451011875484,33.0,0.14158652954274814,0.1601998669825846,3.741639303002854,36.300000000000004
585,synthetic_planning_reference_v2,moderate,0.0708333333324845,0.219104921217797,2.80441102276551,32.9,0.09442321407682348,0.2738811902132139,3.3237342393422877,37.5
586,synthetic_planning_reference_v2,moderate,0.0583333333326664,0.192758345035587,3.40255006302619,36.45,0.09638961359803032,0.2719025171345349,4.206958598120313,43.1
587,synthetic_planning_reference_v2,moderate,0.0733333333322662,0.136732065780098,3.21405175191241,29.45,0.11196950845288432,0.18668680381031705,3.984442190881075,34.1
588,synthetic_planning_reference_v2,mild,0.0474999999993088,0.179102475212613,2.95612738694981,35.15,0.04649238686876846,0.21510748751255301,3.2693579570223696,38.300000000000004
589,synthetic_planning_reference_v2,moderate,0.0491666666659512,0.170650977051214,2.9772371857999,32.05,0.06800724236923782,0.2232497644669002,3.554037732998502,36.45
590,synthetic_planning_reference_v2,severe,0.0849999999987631,0.117872261952571,3.41348280942715,35.45,0.14484074257590135,0.16856655392644368,4.466432691456783,43.550000000000004
591,synthetic_planning_reference_v2,moderate,0.0549999999991996,0.215045025344014,3.03252684427438,33.0,0.08880324306047417,0.2951031116887543,3.7483187290887243,38.75
592,synthetic_planning_reference_v2,moderate,0.0733333333324481,0.161198280499472,2.73062156955545,33.35,0.10344972664482563,0.20473430076664695,3.329986463904296,38.6
593,synthetic_planning_reference_v2,mild,0.0899999999988722,0.151344991598024,3.21979541912731,34.65,0.09978154393278445,0.1750315590476809,3.581970501024229,37.6
594,synthetic_planning_reference_v2,mild,0.0849999999987631,0.198357931182807,3.06044173050186,29.75,0.10182525846456421,0.24254603439933392,3.436381046350351,32.25
595,synthetic_planning_reference_v2,mild,0.0608333333324481,0.214663867072827,2.77875815829367,27.95,0.06893450310572449,0.26542417565322446,3.0592017406452987,30.85
596,synthetic_planning_reference_v2,mild,0.119999999998072,0.117676904223785,3.03927637939083,32.7,0.15303849560820665,0.14505569371327084,3.4019703563508057,36.35
597,synthetic_planning_reference_v2,mild,0.107499999998618,0.0842892957030811,3.07962958638517,31.65,0.13014760775831938,0.08936286282657598,3.4145279774979307,34.800000000000004
598,synthetic_planning_reference_v2,mild,0.0649999999986903,0.242437917684206,3.30703300217648,35.45,0.08155735167894844,0.3095915965171555,3.7648622861637486,39.550000000000004
599,synthetic_planning_reference_v2,mild,0.11583333333183,0.129299719276145,2.86095829071973,35.4,0.13703452775906297,0.1526368787207594,3.183377728215245,38.650000000000006
600,synthetic_planning_reference_v2,severe,0.0883333333322298,0.140123545122124,3.30084709185148,31.6,0.1519735372226059,0.20366291228732847,4.403018009537128,39.400000000000006
601,synthetic_planning_reference_v2,moderate,0.0941666666651145,0.245937355983924,3.45129072080329,32.6,0.13876153060480242,0.3310824100164821,4.282345727664619,38.25
602,synthetic_planning_reference_v2,mild,0.0783333333321934,0.100660254546467,2.90533572164622,30.05,0.097894504814823,0.12441207598858511,3.244874018988419,33.0
603,synthetic_planning_reference_v2,moderate,0.107499999998618,0.124344679378077,2.61623441367719,40.2,0.15995416651738054,0.17003977475255638,3.2693773774400254,44.95
604,synthetic_planning_reference_v2,moderate,0.0524999999990541,0.208772609046166,2.95119086413486,32.25,0.08605077569537635,0.28079495039623625,3.696486926164874,38.2
605,synthetic_planning_reference_v2,moderate,0.134166666664532,0.100842062482432,3.44322430675237,35.2,0.20033954723763756,0.14660052528787926,4.38475756588849,41.95
606,synthetic_planning_reference_v2,mild,0.109999999998399,0.202767625536488,3.33249665145739,31.8,0.14548610829001363,0.258806092000827,3.798159184370024,35.550000000000004
607,synthetic_planning_reference_v2,moderate,0.0674999999991996,0.230232674308672,3.37722396591542,34.45,0.09918742585228965,0.29641270100392825,4.186838473722938,40.5
608,synthetic_planning_reference_v2,mild,0.104166666665151,0.121816686097865,3.51939340524506,36.25,0.12755125098986647,0.14653887265839333,4.053091592652719,40.7
609,synthetic_planning_reference_v2,mild,0.0491666666657693,0.18024151442351,3.21048235867914,27.7,0.0642733813958835,0.2318274656185645,3.67858342349402,30.650000000000002
610,synthetic_planning_reference_v2,mild,0.0791666666653327,0.241240460944236,2.49062174028092,33.05,0.09340299510084579,0.30715862962148877,2.753603144446865,36.6
611,synthetic_planning_reference_v2,mild,0.0499999999990905,0.107943489327297,3.01399557438916,33.95,0.04566537478142284,0.10948535238445574,3.3327690497056723,37.45
612,synthetic_planning_reference_v2,severe,0.101666666665369,0.0968748318184304,3.27442412118296,32.45,0.1842760393199097,0.1693973638868637,4.539740873599489,41.7
613,synthetic_planning_reference_v2,moderate,0.0799999999988358,0.251429081810031,2.85709422662862,33.3,0.1098620956533416,0.3238318342040829,3.4674890795623496,38.15
614,synthetic_planning_reference_v2,mild,0.109999999998399,0.102571032252925,3.59132209667548,34.55,0.15021861387325025,0.1385519871313718,4.137166036212812,38.800000000000004
615,synthetic_planning_reference_v2,mild,0.0983333333320843,0.168935332434331,3.22822701679029,36.0,0.12777041539036782,0.213100740307729,3.664935277375045,40.1
616,synthetic_planning_reference_v2,moderate,0.0408333333327391,0.226972469075188,2.99213676772797,31.3,0.06283300219853309,0.30206062852086296,3.6181063794764152,36.1
617,synthetic_planning_reference_v2,moderate,0.0674999999991996,0.0706253514960304,3.24207427619008,29.6,0.10264335448052399,0.10152505358156567,4.086271450867854,34.5
618,synthetic_planning_reference_v2,mild,0.088333333331866,0.123155973418377,3.29881242380472,35.15,0.11133728195755543,0.14576596681426968,3.726798033894119,39.1
619,synthetic_planning_reference_v2,mild,0.0749999999989086,0.234813282297612,2.78985566067488,33.0,0.09104325691594008,0.28688835286557446,3.127990679865714,35.85
620,synthetic_planning_reference_v2,moderate,0.0433333333327027,0.0915532416553593,3.14891752364826,35.1,0.06570002359974465,0.12446437087062837,3.8842019129073666,41.150000000000006
621,synthetic_planning_reference_v2,moderate,0.0983333333319024,0.20450222278669,3.64729016432909,31.65,0.1455515714867396,0.28100475768062017,4.580117639745227,37.4
622,synthetic_planning_reference_v2,severe,0.0466666666659876,0.209757266260514,2.3252465741785,32.6,0.09035965890819021,0.29000774501194,3.0925250706642102,40.25
623,synthetic_planning_reference_v2,moderate,0.0524999999990541,0.113021379142797,2.95202679249643,30.25,0.07598444430216807,0.1513766341660239,3.5654306001611955,35.300000000000004
624,synthetic_planning_reference_v2,mild,0.200833333330229,0.106312360870321,3.06740449335894,36.25,0.2576560998671948,0.13139589765468976,3.428347686752218,39.900000000000006
625,synthetic_planning_reference_v2,moderate,0.0733333333322662,0.231997405483332,2.86250825254178,31.1,0.10224703933955342,0.3093609359098999,3.552675251543576,36.35
626,synthetic_planning_reference_v2,moderate,0.0666666666658784,0.152803194725217,2.68728326912744,29.2,0.09945463537970889,0.20040695696268968,3.239638431284542,34.050000000000004
627,synthetic_planning_reference_v2,mild,0.0974999999983993,0.109276957236891,2.98276933602067,32.45,0.11536567120490221,0.12013579264231031,3.3174714041089777,35.15
628,synthetic_planning_reference_v2,mild,0.11083333333172,0.20516640476068,2.89074333667763,33.5,0.13494855944993972,0.25281818294001507,3.1916308584395554,37.050000000000004
629,synthetic_planning_reference_v2,moderate,0.0491666666661331,0.225314595788201,3.35040948958933,32.05,0.08953228039754621,0.3209918101290296,4.190243664776622,38.0
630,synthetic_planning_reference_v2,severe,0.0591666666658057,0.164104176285989,3.31386134910915,29.8,0.11141654378705916,0.23064317947363017,4.3712121460153615,36.95
631,synthetic_planning_reference_v2,moderate,0.0783333333321934,0.117284321224181,3.4150335453989,32.8,0.11819144993331508,0.16263891926510882,4.1983257305751875,38.35
632,synthetic_planning_reference_v2,severe,0.0449999999995271,0.178207005328911,2.67459239253589,34.85,0.10231677573637085,0.2668331386566106,3.729510702494462,44.400000000000006
633,synthetic_planning_reference_v2,severe,0.0349999999993088,0.16582721509072,3.17455698018294,31.15,0.07623489445611578,0.2352976320264429,4.205286924363261,38.550000000000004
634,synthetic_planning_reference_v2,severe,0.150833333331502,0.132330235291388,3.21962878409079,35.8,0.2353721183688822,0.19623016828200138,4.296652579509262,44.300000000000004
635,synthetic_planning_reference_v2,mild,0.0658333333323753,0.242168246484736,3.28589474725638,33.1,0.07000355930083182,0.29056605531943386,3.6934048392609586,36.0
636,synthetic_planning_reference_v2,mild,0.0791666666655146,0.0892420156629148,2.58466824439654,32.7,0.08525005912945792,0.09637421398671184,2.8605705557867025,35.75
637,synthetic_planning_reference_v2,mild,0.0858333333320843,0.211026286951225,2.72671992021897,32.9,0.09984399377784516,0.25783807955443416,2.983611191767822,36.050000000000004
638,synthetic_planning_reference_v2,mild,0.0624999999989086,0.113208345113408,3.41344468821704,32.0,0.06914477111050812,0.12571510711912004,3.819626439177917,34.75
639,synthetic_planning_reference_v2,moderate,0.109166666665078,0.117794800908223,3.52373091899841,43.3,0.14358043774924342,0.16111105252909014,4.196876832568119,44.95
640,synthetic_planning_reference_v2,mild,0.0541666666658784,0.202320058197572,3.3465570948465,32.6,0.057240100292208836,0.2360336104142192,3.727945973474764,35.050000000000004
641,synthetic_planning_reference_v2,mild,0.0674999999990177,0.173142041312604,3.5150119234532,39.75,0.08508492986316303,0.2034100182888735,3.986605225799408,44.5
642,synthetic_planning_reference_v2,moderate,0.0416666666658784,0.19510939567002,2.83926258237729,30.9,0.06031985804754385,0.25921196096126925,3.508322123171236,36.1
643,synthetic_planning_reference_v2,mild,0.125833333331502,0.223576395328438,3.36665202738881,32.35,0.1527770067389645,0.2668266665919534,3.7965328989614533,35.2
644,synthetic_planning_reference_v2,moderate,0.0524999999994179,0.195838687729529,2.94264067484272,32.8,0.06874857563465264,0.25091384410225054,3.5350121921646407,37.800000000000004
645,synthetic_planning_reference_v2,mild,0.28166666666275,0.111728678348237,3.56252183624648,38.0,0.37305278212058884,0.1366097882249292,4.075815817189478,42.7
646,synthetic_planning_reference_v2,moderate,0.111666666665224,0.231631405012455,2.57239564880966,34.45,0.16300784231062607,0.31791795866567485,3.150748749261713,40.400000000000006
647,synthetic_planning_reference_v2,severe,0.0783333333321934,0.0902192809952708,2.98450602932094,30.8,0.1300313568286828,0.13773396620084766,3.818700393285155,37.4
648,synthetic_planning_reference_v2,moderate,0.0983333333315386,0.114879279231006,3.39947400736957,37.8,0.1393692746634975,0.15895186487388044,4.140378165107314,44.1
649,synthetic_planning_reference_v2,moderate,0.0524999999994179,0.204569397346333,3.45045648300026,33.25,0.0820806624184356,0.2708427537665585,4.332184566988182,38.85
650,synthetic_planning_reference_v2,severe,0.106666666665296,0.105526975559317,3.47860395696984,34.9,0.18031872357692375,0.16818077916564472,4.678450069320323,44.0
651,synthetic_planning_reference_v2,mild,0.119999999998618,0.260396966114191,3.24770665399797,36.25,0.14607954112892815,0.3192173558152873,3.615099799248009,40.050000000000004
652,synthetic_planning_reference_v2,moderate,0.0624999999992724,0.157344441821238,3.09755819303797,32.25,0.08814271116376138,0.2020357150096306,3.731509062914808,36.7
653,synthetic_planning_reference_v2,moderate,0.0666666666658784,0.122653638155399,2.82007091460301,41.15,0.09809906922601841,0.1732897126159259,3.497974382138059,44.95
654,synthetic_planning_reference_v2,mild,0.0633333333324117,0.243834765850911,3.32839141044202,31.05,0.06653376505615863,0.2958687230035096,3.6844019690277667,33.65
655,synthetic_planning_reference_v2,mild,0.0724999999993088,0.0811102690083004,3.71235230617433,33.3,0.08590060344134522,0.09681891704228063,4.255003795093923,36.550000000000004
656,synthetic_planning_reference_v2,mild,0.0691666666658421,0.240371037261933,3.57257345789218,33.5,0.08107998512789989,0.2976818758607817,4.107414888392855,36.95
657,synthetic_planning_reference_v2,mild,0.151666666664642,0.120655915714926,3.14910028488243,34.75,0.19212097694803212,0.13612964359222252,3.4901338891853593,38.050000000000004
658,synthetic_planning_reference_v2,mild,0.112499999998363,0.066408765446817,3.18442221787493,36.15,0.14085717495410902,0.07368034877604845,3.5776797291368196,40.45
659,synthetic_planning_reference_v2,mild,0.0849999999985812,0.234433126093866,3.22188095910697,31.65,0.10201276062784989,0.2852432238629769,3.614341499713955,34.6
660,synthetic_planning_reference_v2,mild,0.0724999999991269,0.120476122955703,3.3359418754564,34.0,0.09201693876983912,0.15833771933203256,3.8241131232926358,38.050000000000004
661,synthetic_planning_reference_v2,moderate,0.112499999998181,0.14468088404743,2.88420568511682,39.3,0.15667376356278462,0.19771819339924446,3.5718421767668143,44.95
662,synthetic_planning_reference_v2,mild,0.238333333329865,0.22001473224206,3.14842815180825,35.4,0.3069776282880229,0.2762731307831216,3.5076561503789083,38.900000000000006
663,synthetic_planning_reference_v2,mild,0.102499999998872,0.23198506609706,3.61760256180866,39.6,0.12449154416665202,0.27944106699902393,4.087808578291557,44.0
664,synthetic_planning_reference_v2,mild,0.0941666666654783,0.125991279670634,3.64055502791396,33.45,0.12110319655268531,0.14788436247627734,4.170186501642819,37.050000000000004
665,synthetic_planning_reference_v2,mild,0.114999999998327,0.0994435878121459,3.04127422540396,33.4,0.14286232225194068,0.12181758243805096,3.4198709921635557,37.1
666,synthetic_planning_reference_v2,mild,0.0874999999989086,0.228055689233021,2.77581289452627,32.7,0.11020269744411551,0.2843262554445424,3.068562195881502,36.25
667,synthetic_planning_reference_v2,moderate,0.0858333333322662,0.128128449840797,3.02617284770633,31.85,0.12974744042519679,0.17362140472570559,3.772527323392335,37.6
668,synthetic_planning_reference_v2,mild,0.155833333330884,0.104690452838112,3.2517642576606,36.5,0.2059089077005399,0.12427004692536041,3.682310662313018,40.550000000000004
669,synthetic_planning_reference_v2,mild,0.0499999999992724,0.179423765413858,3.08034055090226,30.35,0.0598972274894559,0.22569729632396823,3.4818034471962833,33.1
670,synthetic_planning_reference_v2,moderate,0.122499999998217,0.139229110069047,2.87861846861119,33.1,0.17722261744454545,0.1880174576997346,3.5132178496903395,38.45
671,synthetic_planning_reference_v2,moderate,0.0941666666651145,0.1916348374183,3.09751905003209,34.55,0.13828597474150506,0.25314979847162244,3.764952562839135,40.7
672,synthetic_planning_reference_v2,mild,0.118333333331611,0.174226408450809,2.80160325334766,33.4,0.14705833311384112,0.22411181567117427,3.1280387423331564,37.300000000000004
673,synthetic_planning_reference_v2,mild,0.0533333333325572,0.151286870726443,3.15163130033093,31.65,0.058040585984687004,0.18453184180575094,3.556658560713121,34.5
674,synthetic_planning_reference_v2,moderate,0.142499999997744,0.13896151861339,3.30827916534392,36.1,0.20595279961234467,0.18704732238630042,4.036957046503799,41.95
675,synthetic_planning_reference_v2,moderate,0.100833333332048,0.230368415260997,2.92061750359017,32.75,0.1502911110458035,0.31318267305512365,3.645523942185955,38.650000000000006
676,synthetic_planning_reference_v2,mild,0.0774999999988722,0.151296419359828,3.35568012887961,33.55,0.08476932078030935,0.17539216516573733,3.719853383310992,36.800000000000004
677,synthetic_planning_reference_v2,mild,0.133333333331393,0.110138787111621,3.22487216164368,38.4,0.16089464914513893,0.1255296906507904,3.592185987099155,42.85
678,synthetic_planning_reference_v2,moderate,0.0641666666660967,0.2230352206993,3.34235429631048,33.65,0.08978391518268093,0.289793706009818,3.990279918644581,38.45
679,synthetic_planning_reference_v2,mild,0.137499999998181,0.0881293918030587,2.94660219144192,33.65,0.168511441166423,0.10309151375044498,3.2327478510212337,37.35
680,synthetic_planning_reference_v2,moderate,0.0641666666657329,0.180780750428957,2.90155463222422,33.7,0.08983822585832021,0.23460818868995245,3.435060826269456,38.25
681,synthetic_planning_reference_v2,mild,0.0691666666656602,0.218741138294436,3.04522844026653,29.8,0.08189320084256532,0.27110252280963837,3.4039822673712594,32.65
682,synthetic_planning_reference_v2,mild,0.101666666665369,0.113109787455104,3.09839473259314,34.35,0.11968316448444871,0.12544323341888464,3.4467837112666078,37.050000000000004
683,synthetic_planning_reference_v2,mild,0.114999999997781,0.190234232015365,3.41796636346797,35.85,0.14495646609474455,0.23842848027265243,3.862804420719155,39.75
684,synthetic_planning_reference_v2,severe,0.0333333333328483,0.198996929347771,2.89763739399696,29.05,0.08050931692534395,0.2910364563918645,3.9476244438822206,36.45
685,synthetic_planning_reference_v2,moderate,0.0608333333322662,0.0992960390770411,3.01863753124396,34.05,0.09651242019927427,0.14362450752149167,3.713994654599427,40.0
686,synthetic_planning_reference_v2,moderate,0.0833333333323026,0.125422286286736,3.26677894101486,31.65,0.12046295124772664,0.1716183345585802,4.032865863751262,36.85
687,synthetic_planning_reference_v2,mild,0.0916666666651508,0.209440176141782,2.69634821944844,33.25,0.11331758420589427,0.26260035637247975,2.985573153608345,37.0
688,synthetic_planning_reference_v2,mild,0.0599999999994907,0.131275134962941,2.69805580317939,28.8,0.0623576075905945,0.1465566035951034,2.951768417012149,30.700000000000003
689,synthetic_planning_reference_v2,mild,0.0708333333324845,0.0916049025650686,3.11618119883968,34.35,0.083705378755305,0.10983551330372243,3.537977718804129,37.75
690,synthetic_planning_reference_v2,moderate,0.0474999999991269,0.247982539193296,3.09677384105945,36.6,0.06572454412771811,0.3227884027759528,3.7597151566042073,42.2
691,synthetic_planning_reference_v2,moderate,0.0874999999989086,0.105615918522267,3.63300755369895,34.3,0.1271369120752676,0.14124142827597372,4.425668473198109,39.800000000000004
692,synthetic_planning_reference_v2,moderate,0.0899999999988722,0.0914388853497011,3.22286027879549,33.6,0.13330731747598323,0.12678785555854427,3.958762871971887,38.800000000000004
693,synthetic_planning_reference_v2,moderate,0.079999999998654,0.253472504372522,2.6912105142358,31.0,0.11579349979572533,0.33911972757468406,3.350032488509106,36.1
694,synthetic_planning_reference_v2,moderate,0.0891666666653691,0.107256982414765,2.77406254477116,32.95,0.12781146602980595,0.1353144626174579,3.365787505429479,37.800000000000004
695,synthetic_planning_reference_v2,moderate,0.110833333331357,0.123719204706671,3.11946756477833,38.75,0.15782464798346846,0.16535538702820185,3.7547944941413633,44.7
696,synthetic_planning_reference_v2,severe,0.118333333331429,0.0873821871304642,2.81864179478172,32.4,0.205684592625075,0.15735503153959962,3.9786849916866216,41.7
697,synthetic_planning_reference_v2,mild,0.0974999999985812,0.157569556481656,2.87133224259094,30.3,0.12811574495430117,0.19610652093200523,3.2574560727819892,33.35
698,synthetic_planning_reference_v2,mild,0.059999999998945,0.220144585190457,2.85147067949871,32.75,0.0579377778343529,0.26009320347049747,3.060010720661263,34.95
699,synthetic_planning_reference_v2,mild,0.0991666666654055,0.0812618731237792,3.06844478014834,36.15,0.12243191760968901,0.09621544147668763,3.4350133207712026,40.7
700,synthetic_planning_reference_v2,mild,0.0458333333328483,0.168878838454796,2.96296069541425,31.65,0.047936078977476364,0.2096493184303354,3.305074155728308,34.550000000000004
701,synthetic_planning_reference_v2,moderate,0.0558333333325209,0.230233944828837,2.74307556903604,32.15,0.07987520750679947,0.2978042099672361,3.262842325450317,36.65
702,synthetic_planning_reference_v2,mild,0.104166666665151,0.0912307130532607,3.20228886547367,34.4,0.1251008201929279,0.11108901613480048,3.6038876920781844,37.95
703,synthetic_planning_reference_v2,moderate,0.0708333333324845,0.17225119010497,2.96581025089221,35.55,0.12232790274327955,0.24069493133336403,3.850147597709442,42.900000000000006
704,synthetic_planning_reference_v2,moderate,0.0549999999990177,0.205195770155617,2.85141283348364,34.4,0.07865636081222323,0.26902238066506956,3.3976712075779654,39.900000000000006
705,synthetic_planning_reference_v2,mild,0.119999999998436,0.0959343868289424,3.32389514266744,32.55,0.14789717610658434,0.10256439127586095,3.687618989643202,35.550000000000004
706,synthetic_planning_reference_v2,mild,0.121666666664714,0.163676919740311,2.72036696256899,34.5,0.15835832139912318,0.21341187533847467,3.0357541728354804,38.85
707,synthetic_planning_reference_v2,moderate,0.059999999998945,0.20834449284198,3.05601943967906,32.7,0.09783198733036583,0.28173902604920203,3.8577246451621305,38.650000000000006
708,synthetic_planning_reference_v2,mild,0.0641666666659148,0.0560304915930112,2.97979935589089,32.2,0.07802613520429076,0.07440626203958667,3.3406838343436305,35.550000000000004
709,synthetic_planning_reference_v2,mild,0.0866666666655874,0.12425212140495,2.62444573437231,31.4,0.1090702828718283,0.1590578306959208,2.944069427320873,34.6
710,synthetic_planning_reference_v2,moderate,0.0608333333324481,0.250702726551077,3.33743879864127,33.4,0.08478016019302446,0.3291417098434096,4.127305300661937,39.0
711,synthetic_planning_reference_v2,mild,0.127499999997963,0.0764391734180034,2.98263214969506,34.45,0.16542343334803766,0.08706354524161714,3.3450666888100837,37.6
712,synthetic_planning_reference_v2,moderate,0.0391666666660967,0.12423075427253,2.76400433442574,29.05,0.06133080681131787,0.17246603580199804,3.3748754320315646,33.1
713,synthetic_planning_reference_v2,moderate,0.0616666666657693,0.2069642609226,3.10566239596722,31.3,0.09998040324209342,0.27955825723073924,3.875998049040135,36.85
714,synthetic_planning_reference_v2,mild,0.0999999999987267,0.155238652211146,2.87867567400802,33.15,0.12397289737368959,0.19509857605394024,3.2070543856568396,36.7
715,synthetic_planning_reference_v2,moderate,0.141666666664423,0.088623542851525,3.05034784973744,37.7,0.20287536126432587,0.12741454511042524,3.7864576303075954,43.900000000000006
716,synthetic_planning_reference_v2,moderate,0.0891666666653691,0.241932943731913,2.9451804107995,32.45,0.12031773054238501,0.31957039856249697,3.5272089687800188,37.300000000000004
717,synthetic_planning_reference_v2,mild,0.129166666664787,0.115676360874906,3.11445978582323,37.75,0.16350718287992178,0.14393842328916906,3.55506336752103,42.2
718,synthetic_planning_reference_v2,moderate,0.0674999999991996,0.141502444833751,3.17982593355849,32.15,0.09968625625379891,0.19363470530038862,3.865343311843876,37.4
719,synthetic_planning_reference_v2,mild,0.0733333333324481,0.225767639243131,2.97066747443901,33.45,0.08255222067993957,0.2853835992135913,3.2702898950999213,36.550000000000004
720,synthetic_planning_reference_v2,moderate,0.123333333331721,0.0804847317454059,3.23190746922076,32.7,0.1718564017694535,0.11402077268278883,3.9110863378621197,37.9
721,synthetic_planning_reference_v2,mild,0.0699999999993452,0.131596422904859,2.99898632472993,32.1,0.07642501850187887,0.15073562060643653,3.282451991377175,34.85
722,synthetic_planning_reference_v2,moderate,0.0608333333322662,0.229298875995615,3.02326766166485,32.3,0.10345541221627085,0.32242398944081035,3.901635752615368,38.650000000000006
723,synthetic_planning_reference_v2,moderate,0.114999999998508,0.106410261605331,3.45450702686969,33.75,0.16457746129525275,0.15843467838026815,4.305007368212822,39.85
724,synthetic_planning_reference_v2,mild,0.126666666664642,0.13479768212628,2.91053264539012,38.15,0.15971177269972459,0.1714164657662174,3.261766758808039,42.650000000000006
725,synthetic_planning_reference_v2,moderate,0.0516666666657329,0.167954941093983,2.88231451657398,35.65,0.08235088153195694,0.22505340438029262,3.524509241998439,41.75
726,synthetic_planning_reference_v2,severe,0.0674999999990177,0.144537353220177,3.14463688854727,34.75,0.1307792654220396,0.22148574400959667,4.3103678095135995,44.050000000000004
727,synthetic_planning_reference_v2,moderate,0.0633333333327755,0.155423942601468,3.22156092867136,31.5,0.09412364859768584,0.20125409220114504,3.852318977404929,35.95
728,synthetic_planning_reference_v2,moderate,0.13916666666446,0.177070860768727,2.66546796910304,40.7,0.19078780379720142,0.23028796548382902,3.277605679044645,44.95
729,synthetic_planning_reference_v2,moderate,0.052499999999236,0.145604777040045,3.16545383377326,33.15,0.08573474545077453,0.19652959840561365,3.892206326797058,38.800000000000004
730,synthetic_planning_reference_v2,mild,0.114999999998327,0.124306760975768,2.72346984108205,39.95,0.15230371152541028,0.15932439094688955,3.0430176123721413,44.800000000000004
731,synthetic_planning_reference_v2,moderate,0.0858333333324481,0.220638048754146,2.72754780336367,29.7,0.12757984055186952,0.2971433472119285,3.355944584159096,34.550000000000004
732,synthetic_planning_reference_v2,mild,0.0899999999988722,0.0994163386233932,3.30742027733835,33.35,0.11549509138697393,0.1267669035732766,3.7569852925597083,37.15
733,synthetic_planning_reference_v2,severe,0.199999999996908,0.149499719051248,3.18636369985351,37.0,0.3142072069522452,0.22645747217955045,4.375513113812148,44.95
734,synthetic_planning_reference_v2,mild,0.0333333333328483,0.203966741618962,2.74189538179905,32.35,0.03104998261768115,0.253290951246786,3.0197642831276488,34.85
735,synthetic_planning_reference_v2,mild,0.076666666665551,0.0950585776473286,3.25965639620491,34.15,0.09336323699883986,0.10901066861150953,3.6692733950431853,37.85
736,synthetic_planning_reference_v2,mild,0.0599999999991269,0.0817317927809975,3.46030571875462,29.3,0.07004681788707785,0.09241551417367182,3.87040473616812,31.3
737,synthetic_planning_reference_v2,moderate,0.0749999999987267,0.245021444919974,3.52778848670124,34.75,0.0987680362037406,0.3077525940579897,4.247479854195952,39.650000000000006
738,synthetic_planning_reference_v2,moderate,0.104166666665515,0.105988783624082,3.30771448876437,29.05,0.13958488275470807,0.12538493467311418,3.966221339665278,32.85
739,synthetic_planning_reference_v2,mild,0.0983333333320843,0.0890011451990848,3.03081803032874,35.85,0.12199585219832423,0.10556900720046626,3.3798547131380525,39.95
740,synthetic_planning_reference_v2,mild,0.0566666666662059,0.24355130635736,2.8434259731896,32.0,0.06468055074116394,0.2958004733126918,3.1981957723393384,34.9
741,synthetic_planning_reference_v2,mild,0.0524999999994179,0.108375838348657,3.35280110845363,29.75,0.054190358172891015,0.12333795861312256,3.7618190047743374,31.900000000000002
742,synthetic_planning_reference_v2,mild,0.189999999997235,0.117926451267351,2.88550291270527,37.0,0.24389595934419944,0.1462921484875008,3.2291919828440014,40.85
743,synthetic_planning_reference_v2,moderate,0.0624999999994543,0.271337946650276,3.39850444334224,32.75,0.09927128217184093,0.3719686499652954,4.209404356417904,38.400000000000006
744,synthetic_planning_reference_v2,moderate,0.0358333333331757,0.139808594478327,2.93544432453313,33.8,0.05727165091712701,0.1924586700103018,3.5618858677712564,39.400000000000006
745,synthetic_planning_reference_v2,mild,0.126666666665369,0.121478315462723,3.47151777324522,35.85,0.16578740638171163,0.15569365343110628,3.980187066102146,40.2
746,synthetic_planning_reference_v2,mild,0.0849999999987631,0.22999653302273,3.22274256550293,32.15,0.10675056609821901,0.2892001550899037,3.670740463878248,35.45
747,synthetic_planning_reference_v2,mild,0.119166666664933,0.128082117398657,3.42391562204654,34.65,0.14745165107106462,0.15485526440131384,3.863824388196434,38.2
748,synthetic_planning_reference_v2,moderate,0.126666666664642,0.121220826243521,3.10779133962265,33.4,0.1745365942403093,0.15315732281195582,3.732066702970296,38.0
749,synthetic_planning_reference_v2,mild,0.072499999998945,0.252059114287143,3.82680470014582,32.75,0.08267168353722328,0.3089290074076317,4.327967922171166,35.7
750,synthetic_planning_reference_v2,moderate,0.16583333333092,0.11820539154175,3.24487289282635,36.8,0.23305136584408573,0.1588860823379511,3.935886426975262,43.1
751,synthetic_planning_reference_v2,mild,0.0766666666651872,0.186862142322916,2.85177629592153,32.7,0.09116423607470692,0.22841385597226999,3.1509141247898604,36.25
752,synthetic_planning_reference_v2,mild,0.0591666666656238,0.2297582284219,3.18970284351084,34.45,0.0649695733545221,0.2866016763161207,3.609911326436178,38.25
753,synthetic_planning_reference_v2,severe,0.12416666666486,0.101529822707734,3.24936667453388,31.1,0.1992500147487283,0.16187815431675526,4.335162688261351,38.800000000000004
754,synthetic_planning_reference_v2,moderate,0.0983333333317205,0.134067862065675,3.38074461256727,36.75,0.13619506465043477,0.1788955126759571,4.128338395270356,43.050000000000004
755,synthetic_planning_reference_v2,severe,0.0408333333325572,0.202132906250546,3.06271233429236,29.85,0.085868592155156,0.2878466487544945,4.054868063292932,36.95
756,synthetic_planning_reference_v2,severe,0.09666666666526,0.0916288436406295,3.11994512705939,34.55,0.1682644616133122,0.14180599297682514,4.141875182361912,43.25
757,synthetic_planning_reference_v2,moderate,0.0874999999987267,0.152992415738125,2.94029538080857,31.3,0.12617204360919645,0.20759503283883027,3.6204163637621436,36.65
758,synthetic_planning_reference_v2,mild,0.0724999999983993,0.235158750019383,2.48472211055035,30.05,0.08097600231492715,0.29148128296690035,2.679072060623896,31.900000000000002
759,synthetic_planning_reference_v2,mild,0.0774999999988722,0.115339696195962,3.21956539923579,29.9,0.08575926294936534,0.13469212086996413,3.5395606574286256,32.300000000000004
760,synthetic_planning_reference_v2,moderate,0.0558333333327028,0.128739629762978,3.03211578925307,35.5,0.08686193376849234,0.17680083648052883,3.659506393607993,41.35
761,synthetic_planning_reference_v2,severe,0.114166666665005,0.242416164039103,3.21883227586228,33.45,0.20081721187224377,0.3545882077297419,4.514306407179016,43.25
762,synthetic_planning_reference_v2,mild,0.0716666666659876,0.185972379912368,2.88638859861181,31.85,0.08148390437441169,0.2228351456564896,3.1907095813688002,34.65
763,synthetic_planning_reference_v2,moderate,0.0766666666653691,0.124850210825757,3.29510156339913,34.0,0.10908537281853531,0.16881461763684075,4.007324806367364,39.400000000000006
764,synthetic_planning_reference_v2,moderate,0.0516666666660967,0.202993614399385,3.0749239732375,33.15,0.0772630830527031,0.26935587099684904,3.7011779221236827,38.25
765,synthetic_planning_reference_v2,moderate,0.0616666666659512,0.137382115262114,2.92086780973453,30.65,0.08484502363522024,0.1698778647596424,3.4895636880407928,35.1
766,synthetic_planning_reference_v2,mild,0.0341666666663514,0.0983797265082877,3.52095469059641,36.3,0.0355104721643363,0.11644176082381037,4.023103204412191,40.7
767,synthetic_planning_reference_v2,mild,0.0758333333320479,0.212429768817551,2.79165616008391,30.7,0.09484083497861186,0.26655686754458885,3.0913797737912305,34.050000000000004
768,synthetic_planning_reference_v2,mild,0.069166666666024,0.162150449763068,2.79328253581803,33.05,0.08055802413830655,0.19448152561946463,3.1238254927391615,36.5
769,synthetic_planning_reference_v2,mild,0.119999999998254,0.223114835405798,2.55762426466013,31.7,0.1477678660073188,0.2693016596828012,2.785387167805137,34.5
770,synthetic_planning_reference_v2,mild,0.0508333333327755,0.170706657939883,2.85266286956826,26.7,0.05382907149773003,0.21190779926110373,3.150678760606941,28.5
771,synthetic_planning_reference_v2,mild,0.0758333333324117,0.212065490277517,2.9819004672774,33.8,0.09207185900472872,0.2657991797694997,3.373238138658015,37.75
772,synthetic_planning_reference_v2,moderate,0.0616666666659512,0.136258617261368,3.41387228802293,40.25,0.08895154382523944,0.17679273424395725,4.082739522634574,44.95
773,synthetic_planning_reference_v2,mild,0.129166666664605,0.0946023434557598,3.34284090398651,34.55,0.16991054508597558,0.11935721392661233,3.8177373021714867,38.800000000000004
774,synthetic_planning_reference_v2,moderate,0.115833333331466,0.169052571599418,3.06550718326111,37.7,0.16770291717433655,0.22677088606201137,3.7832482120640103,44.400000000000006
775,synthetic_planning_reference_v2,moderate,0.0691666666652964,0.251627125750636,3.19137663776559,31.15,0.10405476666588202,0.3305294118302606,3.8411102847933605,35.9
776,synthetic_planning_reference_v2,severe,0.0966666666650781,0.0930113600104101,3.13359763607448,32.8,0.17742853284438279,0.16922258814679272,4.376751191439943,42.550000000000004
777,synthetic_planning_reference_v2,moderate,0.08416666666526,0.134188336379075,3.18670535106702,30.8,0.11290726872874329,0.17489007107001195,3.885245991806623,35.300000000000004
778,synthetic_planning_reference_v2,mild,0.0666666666656965,0.185045126342418,3.01797115072892,28.95,0.07928026759976063,0.2270027093581588,3.382376957110117,31.55
779,synthetic_planning_reference_v2,severe,0.0499999999994543,0.159807690310314,2.62694020015089,29.2,0.10244561626593526,0.23282997167236844,3.569861533733084,36.4
780,synthetic_planning_reference_v2,mild,0.0624999999989086,0.204046059473674,2.96599128547627,28.15,0.07336141435629492,0.24778826492042666,3.3359398145858483,30.400000000000002
781,synthetic_planning_reference_v2,mild,0.0774999999983265,0.0880875496940404,3.66972058376434,35.1,0.08921356270444068,0.09289402772996201,4.151457031785365,38.35
782,synthetic_planning_reference_v2,mild,0.0758333333324117,0.189152250046836,3.01638769433525,33.75,0.09554747901440597,0.23435317055392524,3.345334456939622,37.35
783,synthetic_planning_reference_v2,mild,0.0666666666655146,0.246944978982564,3.42286254488079,33.35,0.07629406488389484,0.3047240751128313,3.8765770641221677,36.5
784,synthetic_planning_reference_v2,moderate,0.0774999999988722,0.116153849312144,3.09445135335694,37.7,0.11323287573412458,0.1523158561587962,3.8005970084457563,44.25
785,synthetic_planning_reference_v2,moderate,0.0666666666658784,0.214412997542267,3.12320331029615,32.6,0.09802968224996418,0.2827809308706354,3.8691330529650996,38.35
786,synthetic_planning_reference_v2,moderate,0.184166666664169,0.20412801448591,3.16355450517231,32.35,0.2617507322342065,0.2759244991319797,3.8773052021662364,37.75
787,synthetic_planning_reference_v2,moderate,0.093333333332339,0.182897430196299,3.33905915214601,38.4,0.12447319344885911,0.23897796886550707,4.006308248959691,44.35
788,synthetic_planning_reference_v2,moderate,0.0483333333328119,0.18641718821708,3.26399371394446,29.6,0.07042203288148885,0.25070942630113824,3.9939071056566737,34.5
789,synthetic_planning_reference_v2,moderate,0.0708333333326664,0.195366862295271,3.47263870017647,34.45,0.10535362905957435,0.25525265251131185,4.247989522250221,39.800000000000004
790,synthetic_planning_reference_v2,moderate,0.0849999999985812,0.179791239623851,2.86601924823554,36.7,0.113339388191961,0.23710107924097212,3.413618504854291,42.25
791,synthetic_planning_reference_v2,mild,0.0416666666662422,0.187703895727077,2.88754339336924,32.95,0.046553241046995486,0.23122741450923184,3.2211215694016846,36.15
792,synthetic_planning_reference_v2,mild,0.151666666664642,0.119435864010856,3.69321101114158,35.8,0.19097946793713444,0.141263385847678,4.224652837916347,39.800000000000004
793,synthetic_planning_reference_v2,moderate,0.101666666665551,0.229175757944333,2.91573380598617,31.8,0.14331218101990004,0.29316103913627034,3.491882822252005,36.550000000000004
794,synthetic_planning_reference_v2,moderate,0.0499999999992724,0.158041413122343,2.8895299354823,33.1,0.09330941721014643,0.23107949173551506,3.7211383250385874,39.85
795,synthetic_planning_reference_v2,mild,0.114166666665005,0.14262977087719,3.54857099237041,36.35,0.14607688547952916,0.18538535657964222,4.060588371173912,40.85
796,synthetic_planning_reference_v2,moderate,0.0716666666654419,0.262977941243138,3.19906958082707,35.0,0.09844639309229808,0.33454339139334544,3.8378071978322468,40.7
797,synthetic_planning_reference_v2,mild,0.105833333331793,0.0886520974035909,3.01028738187869,33.6,0.13535628019932425,0.10597046514150998,3.409921367752542,37.45
798,synthetic_planning_reference_v2,mild,0.0974999999983993,0.137466613129651,3.17855562883776,34.15,0.12060943529918562,0.17500120421246898,3.565760928560798,37.800000000000004
799,synthetic_planning_reference_v2,moderate,0.0474999999994907,0.223109501915462,3.16416116486869,29.05,0.060813357506634025,0.2817615143199679,3.80751055019592,32.85
800,synthetic_planning_reference_v2,mild,0.134166666664896,0.144021588495948,3.18535866733393,34.6,0.17676160896333531,0.18205268555767043,3.6315445890542413,38.6
801,synthetic_planning_reference_v2,moderate,0.0841666666654419,0.129255810966509,3.20753394898419,36.15,0.11946783896503914,0.1647323342670678,3.931088029551899,42.150000000000006
802,synthetic_planning_reference_v2,moderate,0.0641666666659148,0.232223879657442,2.67942194242561,29.15,0.08941321020781018,0.3006020160095383,3.245484910984589,33.15
803,synthetic_planning_reference_v2,mild,0.0391666666662786,0.146938675489432,2.93240395891219,29.0,0.04535667722542686,0.18211339271490895,3.258609862133951,31.5
804,synthetic_planning_reference_v2,mild,0.0866666666654055,0.12110575685109,3.22645976183986,34.95,0.10981546485800274,0.14669594609232706,3.693645646734246,39.050000000000004
805,synthetic_planning_reference_v2,mild,0.104166666665151,0.242027947767308,3.33989305622033,34.65,0.12907902094369142,0.29527076684811293,3.752612757005741,38.35
806,synthetic_planning_reference_v2,mild,0.0633333333324117,0.222348669145865,2.88138825025119,30.9,0.07455523023769363,0.27257056116162076,3.1867365773810175,33.4
807,synthetic_planning_reference_v2,moderate,0.0733333333322662,0.136847799091587,3.25227440878734,29.6,0.10475398468944921,0.18420753233863282,4.028231513662544,34.300000000000004
808,synthetic_planning_reference_v2,severe,0.0858333333320843,0.139649121986923,3.15350563789077,36.3,0.15321169882416993,0.22039134683212477,4.273552836168621,44.85
809,synthetic_planning_reference_v2,severe,0.0308333333328846,0.218451434709113,2.84099081904012,32.6,0.07525079117177604,0.30595145542624363,3.7664607429334267,40.550000000000004
810,synthetic_planning_reference_v2,moderate,0.0591666666658057,0.12931988874433,3.02456100668147,32.1,0.08674021981189128,0.17245324521002597,3.6759732824407596,37.4
811,synthetic_planning_reference_v2,severe,0.0833333333321207,0.199579997161957,3.25533690494208,39.5,0.14358999536135042,0.284956871418996,4.275749543587936,44.95
812,synthetic_planning_reference_v2,moderate,0.0983333333322662,0.115826066155555,2.85360671972688,34.8,0.1446469450216123,0.1605507424230325,3.5218269752432563,40.900000000000006
813,synthetic_planning_reference_v2,mild,0.192499999997381,0.101722105786649,3.24282416879464,35.25,0.25477509932033654,0.1265865470227663,3.641121128268085,39.45
814,synthetic_planning_reference_v2,mild,0.0583333333323026,0.211729876954324,3.40334917044234,30.3,0.06082275944965193,0.25788229563743253,3.823611142617039,32.550000000000004
815,synthetic_planning_reference_v2,mild,0.0449999999993452,0.140324234623427,3.53670256196118,35.05,0.053588044573852765,0.18094202657385647,4.0341944101150835,39.5
816,synthetic_planning_reference_v2,moderate,0.095833333331575,0.0491885310032788,3.11556813277424,29.6,0.1357262290626352,0.07222961976148612,3.8073383726694914,34.2
817,synthetic_planning_reference_v2,moderate,0.144166666664569,0.248285239748822,2.97327808070016,34.2,0.20253096451851507,0.33381340579814833,3.6156512117144577,40.150000000000006
818,synthetic_planning_reference_v2,moderate,0.0399999999997817,0.161282641569695,3.09650828196864,32.05,0.05986148319738796,0.2100155876222855,3.8844856061977624,37.9
819,synthetic_planning_reference_v2,moderate,0.139999999998145,0.0707551934799481,3.02452958908639,31.75,0.18962753984712144,0.08860309058732903,3.6922680956741494,36.800000000000004
820,synthetic_planning_reference_v2,mild,0.0574999999991633,0.168843846647468,2.93736186843386,31.4,0.07511741514477992,0.2235010076187053,3.3127458490022454,35.0
821,synthetic_planning_reference_v2,mild,0.0441666666662059,0.213674345919714,3.26669043350888,34.0,0.052580479774773134,0.26600454189798767,3.76212223883715,38.0
822,synthetic_planning_reference_v2,moderate,0.104999999998472,0.076380746227678,2.80394631991928,29.35,0.14834933487885954,0.11107275673141737,3.422202767227534,33.800000000000004
823,synthetic_planning_reference_v2,moderate,0.089166666665551,0.205359532739061,3.70625867909344,35.5,0.13682385727093058,0.2772305663285288,4.695126264782394,42.050000000000004
824,synthetic_planning_reference_v2,moderate,0.0708333333323026,0.191809433798862,2.94900125151234,30.05,0.10041637083241418,0.24508479484394927,3.5577681732046424,34.15
825,synthetic_planning_reference_v2,severe,0.121666666664532,0.106390919237783,3.25541806897092,28.8,0.20550117348841299,0.1734274040040181,4.340730238197169,36.15
826,synthetic_planning_reference_v2,severe,0.0858333333319024,0.104311803551939,3.16292567710778,27.7,0.16160781672284738,0.17895170323691406,4.468093386397289,36.5
827,synthetic_planning_reference_v2,severe,0.101666666664823,0.128129108680197,3.13361816015018,29.8,0.16164521760484576,0.1932810957483206,4.077752813370711,36.6
828,synthetic_planning_reference_v2,mild,0.113333333331684,0.21464759361909,3.28577154243053,34.6,0.14121804354590473,0.26292529014197646,3.656648612695598,38.0
829,synthetic_planning_reference_v2,severe,0.068333333332339,0.215099411512248,3.3329857816104,32.3,0.12186053198068349,0.29938494398121235,4.397980690263338,39.650000000000006
830,synthetic_planning_reference_v2,moderate,0.162499999997635,0.162280515450734,3.57722552627481,40.25,0.22459740708693937,0.2062645998599955,4.352172566363509,44.95
831,synthetic_planning_reference_v2,mild,0.0516666666660967,0.213063503417992,3.19632234263734,31.6,0.055905275249378494,0.26458570046215896,3.6015261752238077,33.95
832,synthetic_planning_reference_v2,moderate,0.0424999999993815,0.146296060376401,3.79385586270798,30.4,0.055712968082536854,0.19185079245893913,4.674885788306665,35.25
833,synthetic_planning_reference_v2,mild,0.0791666666656965,0.137033161942188,3.10391211415563,36.7,0.09373039105347586,0.1603220358714607,3.4745237413772245,40.7
834,synthetic_planning_reference_v2,moderate,0.0758333333322298,0.241051012713122,3.08483297765855,31.2,0.1153331240370521,0.322613463565223,3.8175564428972306,37.2
835,synthetic_planning_reference_v2,severe,0.056666666666024,0.154456627357438,2.80681001819497,36.05,0.10916306919127519,0.22967155052518873,3.776445945625592,44.800000000000004
836,synthetic_planning_reference_v2,moderate,0.138333333331502,0.181916674740741,2.63377767618462,33.55,0.18999561595113895,0.23504796164856445,3.1518073415660703,38.300000000000004
837,synthetic_planning_reference_v2,mild,0.0633333333320479,0.18269270352134,3.27643606125259,33.0,0.0807385861783953,0.23662631350579025,3.764637343225593,36.4
838,synthetic_planning_reference_v2,mild,0.0799999999988358,0.11929970293949,3.26955372992825,31.8,0.09735544550720919,0.14414504214653515,3.7090154879166133,35.15
839,synthetic_planning_reference_v2,moderate,0.0908333333323753,0.200542099255837,2.74870659683531,37.75,0.12191382343505605,0.2624440926195957,3.324917941653013,43.800000000000004
840,synthetic_planning_reference_v2,mild,0.0466666666661695,0.137516991630179,3.0415747705614,34.3,0.04838757353049044,0.16305851362995247,3.3658801821623503,37.95
841,synthetic_planning_reference_v2,moderate,0.107499999998618,0.0763038475234139,3.36910973802401,31.1,0.1481416417803177,0.1011600539682248,4.064041865797675,35.45
842,synthetic_planning_reference_v2,severe,0.0691666666654783,0.212710932642353,3.2230913127592,32.85,0.12549824664387016,0.3017752824138539,4.3407286851200135,41.25
843,synthetic_planning_reference_v2,mild,0.0458333333324845,0.185935858055261,3.50557458172505,32.8,0.04433429992414421,0.21754253948001728,3.898630278767717,35.300000000000004
844,synthetic_planning_reference_v2,moderate,0.200833333330229,0.0690729698124268,3.80132855048693,33.3,0.28211087652859695,0.10287867553454348,4.680211112464835,38.2
845,synthetic_planning_reference_v2,mild,0.100833333331866,0.158948113399577,3.10393023512773,28.3,0.12360474011475849,0.19431260629870514,3.465554683026257,30.25
846,synthetic_planning_reference_v2,moderate,0.0708333333321207,0.189258955001977,2.9269955980722,30.15,0.0973499934291069,0.24430323460945547,3.4713317651057394,33.75
847,synthetic_planning_reference_v2,severe,0.0916666666653327,0.23086871709008,3.22784900854873,32.85,0.1616430854974507,0.3293274591036445,4.342570170259824,41.75
848,synthetic_planning_reference_v2,moderate,0.160833333331175,0.0814062727480295,3.02792423594932,31.2,0.22184138894226357,0.10817598556771066,3.7058547560377857,36.15
849,synthetic_planning_reference_v2,mild,0.0691666666654783,0.0854439917579556,2.91496724573015,31.15,0.08163800472305857,0.10475971212408249,3.225400309017482,34.050000000000004
850,synthetic_planning_reference_v2,moderate,0.0549999999993815,0.211774813995827,3.36966578496928,31.65,0.07538939011323677,0.27818698288830285,4.143137739438803,36.9
851,synthetic_planning_reference_v2,mild,0.045833333333394,0.134206671002336,2.85239683768224,33.55,0.048476763553426165,0.165792385114281,3.208357669390335,36.9
852,synthetic_planning_reference_v2,severe,0.0749999999990905,0.111058202678555,2.87523807515719,37.1,0.1289175895434194,0.17644830002152603,3.852678203028807,44.95
853,synthetic_planning_reference_v2,moderate,0.0633333333325936,0.227612371134404,3.19438055546921,30.65,0.09048063535671047,0.3013479516502906,3.8520648249585157,35.300000000000004
854,synthetic_planning_reference_v2,mild,0.131666666664387,0.120644332400812,3.09436052392228,35.65,0.15591791077286257,0.1364520576061703,3.449156518062048,39.25
855,synthetic_planning_reference_v2,mild,0.0566666666658421,0.219629518822634,2.7611861724461,29.1,0.06316969791717825,0.26824246894488907,3.052273583021883,31.35
856,synthetic_planning_reference_v2,moderate,0.064999999999236,0.168847402303682,3.18694523705078,33.75,0.092757520068712,0.22310906250076498,3.8635333904074267,38.7
857,synthetic_planning_reference_v2,severe,0.114166666665005,0.0658442540810991,2.92435846104443,31.6,0.19222046263631498,0.11374533726132248,3.9544936925473535,39.35
858,synthetic_planning_reference_v2,mild,0.072499999998945,0.182302899051984,3.05055413632382,32.85,0.08504825399566232,0.22619423894981308,3.4385391112798107,36.25
859,synthetic_planning_reference_v2,severe,0.0474999999991269,0.224346627864285,2.97694160401377,30.9,0.09475049245402961,0.3240388108929608,4.032061558799844,38.5
860,synthetic_planning_reference_v2,severe,0.121666666664714,0.130923814075543,3.43085858342097,37.7,0.1957075167341162,0.2047928659877596,4.376533751009185,44.95
861,synthetic_planning_reference_v2,moderate,0.0658333333325572,0.231321225510014,2.87291241332976,33.45,0.09633011424857381,0.3064293475715109,3.497266981873055,39.050000000000004
862,synthetic_planning_reference_v2,severe,0.04833333333263,0.169734787274289,2.63744202670265,31.65,0.08661076785266435,0.23221368716618287,3.427785416810335,38.95
863,synthetic_planning_reference_v2,moderate,0.0433333333328847,0.116669141408021,3.56320061149444,38.05,0.07756672098755198,0.17849409231592492,4.564532193401029,44.95
864,synthetic_planning_reference_v2,mild,0.0616666666659512,0.213522392052633,3.44135477305275,33.85,0.06663401624201999,0.26248184681040787,3.9255201470176004,37.5
865,synthetic_planning_reference_v2,mild,0.0766666666660967,0.123553770770203,2.5846008780026,37.0,0.09034704374184654,0.14421923042041324,2.8027093761286332,41.1
866,synthetic_planning_reference_v2,severe,0.0508333333324117,0.166617200973719,3.00232842469107,33.25,0.08341361405266752,0.22935300583677146,3.82212102125632,39.900000000000006
867,synthetic_planning_reference_v2,moderate,0.0541666666655146,0.213222712954543,2.91768306030887,32.1,0.07175045177472543,0.27557833927503944,3.4708428871780725,36.550000000000004
868,synthetic_planning_reference_v2,mild,0.0999999999985448,0.0762592961389849,3.70526554478695,34.25,0.12382823527306479,0.09455191792946759,4.211035880440834,37.85
869,synthetic_planning_reference_v2,mild,0.0724999999991269,0.168118495064876,3.07694417438571,34.1,0.08664596362585798,0.20365641004702434,3.4235735763538457,37.4
870,synthetic_planning_reference_v2,mild,0.0549999999993815,0.220667916224393,2.57305034232122,29.5,0.059694312029937406,0.2569481497661556,2.784361210477303,32.2
871,synthetic_planning_reference_v2,severe,0.106666666665478,0.0959269618715611,3.21577787823505,32.9,0.1592425237957509,0.12958933607875944,4.055459223635961,39.650000000000006
872,synthetic_planning_reference_v2,moderate,0.0916666666653327,0.132410637856921,2.98380115039396,33.15,0.12767494214294012,0.16907590649496584,3.573890823480136,38.5
873,synthetic_planning_reference_v2,mild,0.0491666666659512,0.229776438057928,3.01935666047358,30.6,0.058428806376367624,0.28234293852261405,3.3722261544241765,33.5
874,synthetic_planning_reference_v2,moderate,0.068333333332339,0.140640215037883,3.05227283974515,35.3,0.10969934719459976,0.1953205218508129,3.87326944383112,42.0
875,synthetic_planning_reference_v2,mild,0.0741666666654055,0.0842438151453733,2.98388593099408,28.6,0.08862759174624175,0.10463118425799743,3.325224451934004,31.05
876,synthetic_planning_reference_v2,moderate,0.0574999999993452,0.236846393872972,3.11932600004919,31.45,0.08227234752601646,0.30989411716972065,3.768603890296959,36.35
877,synthetic_planning_reference_v2,mild,0.095833333331575,0.230411604237701,3.22719386028292,33.1,0.12102073664322854,0.29119997189395874,3.659704793577083,36.75
878,synthetic_planning_reference_v2,severe,0.06083333333263,0.139094240490827,3.03035968897837,29.1,0.10973599339893106,0.2006147256889931,3.970475310177801,35.300000000000004
879,synthetic_planning_reference_v2,mild,0.149999999997635,0.141949305436451,3.29859109707511,36.15,0.1871519523015297,0.1702490963741047,3.710702801586144,39.85
880,synthetic_planning_reference_v2,mild,0.109166666664896,0.211333482819652,2.83960817228467,33.5,0.14066677972577749,0.273281348830398,3.187681312407718,37.25
881,synthetic_planning_reference_v2,mild,0.0449999999993452,0.160482544747152,3.25714855222225,30.6,0.05128363214072888,0.20006032523014286,3.739652951147045,33.6
882,synthetic_planning_reference_v2,severe,0.0383333333329574,0.186567766358903,2.96087647103006,29.25,0.07597910226162848,0.25807950995810125,3.8206894280494743,35.6
883,synthetic_planning_reference_v2,mild,0.138333333331138,0.185512170509736,3.20571362446543,33.7,0.18102282445646173,0.23452205768124412,3.664339972472984,37.2
884,synthetic_planning_reference_v2,mild,0.100833333332048,0.175725146468862,2.85640362620187,33.35,0.1241433505235315,0.22237423641522228,3.1971382942139197,36.9
885,synthetic_planning_reference_v2,severe,0.0458333333330302,0.170346325591518,3.38445390761781,31.75,0.09848075070982004,0.2567894371378956,4.512378429321374,40.1
886,synthetic_planning_reference_v2,severe,0.0624999999990905,0.0955707148347758,3.00178246999141,34.15,0.11938645378749033,0.14596925468540395,3.994259746280902,42.800000000000004
887,synthetic_planning_reference_v2,moderate,0.0883333333322298,0.082932279846204,3.16882242577446,31.25,0.12529918122846967,0.10445039385497734,3.8170602876341975,35.2
888,synthetic_planning_reference_v2,moderate,0.115833333331466,0.244133557682837,2.78152291386731,32.8,0.14679055719854084,0.2977176671555834,3.2060775203670566,36.7
889,synthetic_planning_reference_v2,moderate,0.0616666666659512,0.156055143883027,2.69355869861555,32.65,0.08102028236433975,0.19791517925025268,3.156084288468917,37.0
890,synthetic_planning_reference_v2,mild,0.140833333331102,0.108570710255257,3.13715516267041,35.25,0.16992337245844794,0.13235996400032576,3.537732314333844,38.7
891,synthetic_planning_reference_v2,moderate,0.0441666666658421,0.24113315328556,3.04827914599516,34.15,0.06089103135012073,0.3102893619122266,3.661509594934434,39.45
892,synthetic_planning_reference_v2,mild,0.04833333333263,0.115410107584221,2.96061571679513,32.3,0.04772173912266867,0.12872896478729925,3.265133543131187,35.5
893,synthetic_planning_reference_v2,mild,0.108333333331939,0.0884063790966257,2.87187369598328,29.85,0.14338546585006007,0.10970215883262636,3.2328670148063128,32.550000000000004
894,synthetic_planning_reference_v2,severe,0.17666666666446,0.216596802560099,2.87492554019629,32.8,0.2708425430245551,0.3010830227032435,3.800052932391827,40.650000000000006
895,synthetic_planning_reference_v2,mild,0.040833333332921,0.212220386917823,3.27023821910387,29.55,0.040700590610747246,0.2669536623977981,3.6651259100241442,32.2
896,synthetic_planning_reference_v2,moderate,0.0508333333325936,0.184451283237455,3.06765958648057,30.9,0.06017513319166199,0.2304535429965551,3.6517884934359204,34.7
897,synthetic_planning_reference_v2,moderate,0.0949999999987995,0.15108563953571,3.26880144933879,39.0,0.1303575357095915,0.18974616005517975,4.00693260750433,44.95
898,synthetic_planning_reference_v2,moderate,0.03583333333263,0.172454810453637,3.09525221757835,31.5,0.051652347967833454,0.22497332692572114,3.7975999974883754,36.45
899,synthetic_planning_reference_v2,moderate,0.0508333333327755,0.134906096542578,2.85960793691213,32.25,0.07845755319166861,0.18533870386339032,3.496079757538257,37.6
900,synthetic_planning_reference_v2,mild,0.119999999998618,0.218424294136675,3.16119206284601,38.45,0.1486864794643427,0.2645974366169205,3.5147310620150565,42.5
901,synthetic_planning_reference_v2,moderate,0.0350000000000364,0.217274726648832,2.84835217334432,34.05,0.05232226556638073,0.27697356876171747,3.3888499823835647,38.800000000000004
902,synthetic_planning_reference_v2,mild,0.10333333333183,0.109211791818016,2.78983005887943,35.05,0.1273900297429955,0.12627518568263862,3.080020140417198,38.95
903,synthetic_planning_reference_v2,moderate,0.0791666666655146,0.271270491711551,2.97719814051869,32.8,0.11482589076674635,0.35783900816258407,3.699672429409157,38.800000000000004
904,synthetic_planning_reference_v2,moderate,0.064999999999236,0.108472205847322,2.66362183391716,32.3,0.10711502212069737,0.15512975037846632,3.4514214647656134,38.400000000000006
905,synthetic_planning_reference_v2,moderate,0.0499999999989086,0.0938957089267637,2.64820691560845,33.6,0.06795512597282809,0.1272467351716113,3.2520430822834383,38.5
906,synthetic_planning_reference_v2,mild,0.0708333333326664,0.255384239390553,2.6038180153543,32.4,0.08079714745531423,0.3179092370670627,2.82812858061295,35.4
907,synthetic_planning_reference_v2,mild,0.0416666666658784,0.120768192962812,3.29902546783871,36.5,0.041782986595753364,0.14155206117206431,3.6648830532147123,40.25
908,synthetic_planning_reference_v2,mild,0.0741666666657693,0.212686040315986,3.10496415757834,29.35,0.08877915109553534,0.26874691749151775,3.5279636822609324,32.300000000000004
909,synthetic_planning_reference_v2,mild,0.0408333333327391,0.175496376372009,3.14605264336528,32.35,0.042221531359496335,0.21004617623267738,3.5499349864746805,35.0
910,synthetic_planning_reference_v2,mild,0.199999999996908,0.137968212520982,3.20927529625413,41.85,0.2491178341178825,0.16793371137563148,3.629857945187339,44.95
911,synthetic_planning_reference_v2,moderate,0.0483333333328119,0.232460425908779,2.68766608245046,31.0,0.06790100078182275,0.30653048449913733,3.2305649643187113,35.5
912,synthetic_planning_reference_v2,moderate,0.0766666666653691,0.115922286233056,3.28794880280382,35.45,0.1095651298774583,0.1553383912488949,4.047505253495939,41.45
913,synthetic_planning_reference_v2,moderate,0.0741666666652236,0.161075872575026,3.1246395225229,32.75,0.11404383079688268,0.21869923588465967,3.8517309857398456,38.400000000000006
914,synthetic_planning_reference_v2,moderate,0.0708333333323026,0.213842374545461,3.38041846619621,34.15,0.10452957154796186,0.2826011558130499,4.228176779817613,40.050000000000004
915,synthetic_planning_reference_v2,moderate,0.173333333330811,0.139382189919988,2.9978547938309,39.2,0.23977494488972223,0.17158364236184698,3.6477658250457763,44.800000000000004
916,synthetic_planning_reference_v2,moderate,0.0424999999990177,0.238031821298856,3.32850622730722,34.05,0.06835916562833488,0.31161196189781487,4.067173429314529,39.7
917,synthetic_planning_reference_v2,moderate,0.0824999999986176,0.163831636339323,3.18731252928324,30.6,0.12059371219005446,0.22402883273633042,4.01183108747336,35.6
918,synthetic_planning_reference_v2,mild,0.0716666666658057,0.147412014292729,2.602868243043,35.6,0.08826975348714154,0.18231108543019486,2.8382686424573307,39.5
919,synthetic_planning_reference_v2,moderate,0.0608333333324481,0.16873893517185,3.05654980773975,29.65,0.0869602753112298,0.2257676667146559,3.7184281424017027,34.2
920,synthetic_planning_reference_v2,moderate,0.0424999999997453,0.204193280674504,2.62812403272902,28.35,0.06559646262208994,0.2718551628612805,3.228486714380942,32.6
921,synthetic_planning_reference_v2,moderate,0.144166666664751,0.0918461905438957,3.1830413433204,34.45,0.2016507666769439,0.12295464857659107,3.897525285702361,39.85
922,synthetic_planning_reference_v2,moderate,0.0791666666655146,0.163267146521846,3.1479833477888,35.1,0.10780241784953877,0.20228211355756215,3.796862561884466,40.2
923,synthetic_planning_reference_v2,mild,0.0474999999991269,0.23688890766949,3.00988800650848,32.05,0.05927252917098848,0.3048069648110685,3.4086891478649,35.4
924,synthetic_planning_reference_v2,mild,0.0808333333321571,0.0738921283123373,3.3326190426293,31.6,0.09846726501751074,0.0838524655051599,3.787307496073933,34.65
925,synthetic_planning_reference_v2,mild,0.18666666666395,0.191120745664038,3.25642387195748,36.35,0.2308479303222409,0.22534696747714592,3.6298999145251942,40.050000000000004
926,synthetic_planning_reference_v2,moderate,0.0483333333328119,0.213434042914121,2.89373339634826,29.65,0.06968382101146765,0.28140837821096504,3.4920866969009543,34.15
927,synthetic_planning_reference_v2,moderate,0.21416666666355,0.106231796875788,3.2275935837632,36.55,0.29188957485193323,0.1363954841932194,3.938136573089141,42.85
928,synthetic_planning_reference_v2,mild,0.0700000000037107,0.124759337826857,2.65417626525196,31.3,0.08032881867534951,0.14284824455481243,2.9075809808382385,34.4
929,synthetic_planning_reference_v2,mild,0.0933333333388873,0.250987225048887,3.19979085261049,33.55,0.10821375563372113,0.3105505380876884,3.59644548843216,36.6
930,synthetic_planning_reference_v2,moderate,0.158333333342671,0.131461590704637,3.21732105853191,38.65,0.22862917363805035,0.18268337673365428,4.0104909485186235,44.95
931,synthetic_planning_reference_v2,severe,0.0616666666704987,0.184582200639696,2.8789392437565,28.9,0.13980052479679944,0.2858864258071977,4.195815326268281,38.7
932,synthetic_planning_reference_v2,mild,0.0858333333384508,0.233185107035506,3.05763248535316,28.15,0.09960093059039281,0.285673162892242,3.3679946918336854,30.150000000000002
933,synthetic_planning_reference_v2,severe,0.0558333333363407,0.116565046319935,2.97826538362003,31.7,0.09799875526862266,0.17554172275865768,3.85749528159024,38.6
934,synthetic_planning_reference_v2,mild,0.0975000000056752,0.111202916553677,3.17949917882121,42.85,0.11846049611887968,0.13639089711881078,3.6233010433740316,44.95
935,synthetic_planning_reference_v2,moderate,0.0441666666691162,0.184652111895315,3.49041828767016,35.75,0.0672956661849786,0.24139715411536913,4.228254582199711,41.0
936,synthetic_planning_reference_v2,mild,0.104166666672245,0.154097268722218,2.96334816951492,33.25,0.12554920009555043,0.18390627425227457,3.2236450574221296,36.35
937,synthetic_planning_reference_v2,severe,0.0500000000025466,0.188181128845468,3.0177743613263,32.2,0.1016602865174607,0.27872456173274573,3.9899573876535186,40.2
938,synthetic_planning_reference_v2,moderate,0.0416666666693345,0.16964916490977,2.77395006422806,30.8,0.061573321270743865,0.23068466588961795,3.4111908173352323,35.800000000000004
939,synthetic_planning_reference_v2,severe,0.0983333333388146,0.183754780522825,2.99670411379288,44.65,0.1815253187550042,0.27792016490752647,4.2805380799019845,44.95
940,synthetic_planning_reference_v2,severe,0.085833333338087,0.118408289161016,3.35599058537772,31.05,0.14038704899604015,0.17448039894644302,4.279931816689896,37.75
941,synthetic_planning_reference_v2,mild,0.0900000000056025,0.0776190597811294,3.07256085423922,35.5,0.1086423211089826,0.08677475494614553,3.429139252644947,39.5
942,synthetic_planning_reference_v2,mild,0.0808333333381597,0.248468378587137,2.33180374984237,32.95,0.09418489943680274,0.31298530210403014,2.528497437520842,36.7
943,synthetic_planning_reference_v2,mild,0.0675000000042928,0.112799705965985,2.9929384991834,33.25,0.07026944629423254,0.12358581345961858,3.283870963847583,35.9
944,synthetic_planning_reference_v2,moderate,0.112500000006185,0.0931589605983003,2.84777587892395,34.95,0.15440639694386835,0.12430290300937723,3.435960453845342,40.35
945,synthetic_planning_reference_v2,severe,0.0525000000034197,0.211023227535063,2.9141612597905,31.3,0.1031368331597658,0.30039847622437704,3.958259238610307,39.150000000000006
946,synthetic_planning_reference_v2,mild,0.0775000000048749,0.15416503306672,3.06296262438189,35.85,0.0906114522489133,0.18687896285802896,3.4528816447978095,39.650000000000006
947,synthetic_planning_reference_v2,moderate,0.105833333339615,0.0994077986157122,3.47205527596213,32.95,0.15270454182116516,0.13518596054016194,4.249830173503793,38.25
948,synthetic_planning_reference_v2,severe,0.0883333333375049,0.22356586148458,2.74595196656076,32.2,0.15919887109340605,0.3310542448323151,3.864904951320201,41.35
949,synthetic_planning_reference_v2,mild,0.107500000005894,0.0824662697763213,3.29727624236202,32.5,0.1255213042329661,0.08425127674871809,3.7070454168048763,35.45
950,synthetic_planning_reference_v2,mild,0.10833333333976,0.0972855476173335,3.26792264323175,38.9,0.12946802870123775,0.10785175401985356,3.6405173702786575,43.0
951,synthetic_planning_reference_v2,moderate,0.0500000000029104,0.218715176121276,2.9075330200142,34.55,0.07119626496941844,0.28445811514165015,3.5152086265749367,40.5
952,synthetic_planning_reference_v2,mild,0.125000000007276,0.10971825745376,2.80669291714194,32.65,0.15273100375440216,0.1255550077770839,3.0971013242205205,35.550000000000004
953,synthetic_planning_reference_v2,mild,0.0875000000050932,0.179994426673505,3.24112149135258,34.6,0.11339505955406244,0.22701405540506234,3.6413213692227187,38.35
954,synthetic_planning_reference_v2,moderate,0.046666666668898,0.192116178101882,2.98728805183294,35.35,0.05501735980847636,0.24090427111431398,3.5183466039257394,40.150000000000006
955,synthetic_planning_reference_v2,mild,0.184166666676902,0.255186629918138,2.62566853895753,41.4,0.23745917650663045,0.3243774680652638,2.9062725107862657,44.95
956,synthetic_planning_reference_v2,mild,0.101666666672463,0.112899028848865,2.97950008682267,34.75,0.12213799214600242,0.13013329760540934,3.3231245125184463,38.5
957,synthetic_planning_reference_v2,mild,0.130000000007931,0.145087622557128,3.6843506209189,32.65,0.15787340169704436,0.1771906814827218,4.239002641985621,35.85
958,synthetic_planning_reference_v2,moderate,0.0666666666707897,0.240859472200975,3.11643917846888,33.5,0.09606807767244602,0.31699266872748894,3.868561299599616,39.45
959,synthetic_planning_reference_v2,mild,0.0566666666702076,0.10249322884346,2.99954570827626,31.05,0.05977661902301346,0.11721298875671483,3.3101716243957435,33.800000000000004
960,synthetic_planning_reference_v2,mild,0.169166666676392,0.148308536498266,2.88181883486856,41.3,0.21184558923176605,0.17801807282136753,3.1724388898179416,44.900000000000006
961,synthetic_planning_reference_v2,moderate,0.0691666666705714,0.179251329054038,3.06389765613973,34.05,0.09888810911671686,0.2421381122280514,3.7373745672109306,39.7
962,synthetic_planning_reference_v2,moderate,0.0808333333381597,0.147519974647714,3.28263774487793,34.9,0.12728907668105366,0.20582882476513314,4.17942163341263,41.6
963,synthetic_planning_reference_v2,mild,0.0691666666709352,0.228480766525327,3.02028204343931,31.4,0.08408458107767383,0.29031322927728326,3.4389180496466754,34.4
964,synthetic_planning_reference_v2,mild,0.182500000010987,0.20353568187279,2.98295754509227,36.65,0.23153848868435148,0.2427260979456613,3.283643681923399,40.45
965,synthetic_planning_reference_v2,mild,0.0650000000034197,0.202236427353546,2.98944559175476,35.1,0.07488566015544526,0.24864415372104123,3.3288734891073304,39.25
966,synthetic_planning_reference_v2,mild,0.05833333333685,0.211453918186877,3.17158889524611,33.3,0.06915084337718058,0.26684882411103716,3.6330908691103274,37.050000000000004
967,synthetic_planning_reference_v2,mild,0.062500000003638,0.123153040366797,3.05386542357168,36.55,0.07273750109241038,0.13946507291877555,3.401815314482836,40.45
968,synthetic_planning_reference_v2,moderate,0.0600000000034925,0.209079777373398,2.91753047311776,31.9,0.08615674479909463,0.2713440206066244,3.551968673791037,36.300000000000004
969,synthetic_planning_reference_v2,mild,0.0625000000032742,0.167478400547831,2.88415981491963,32.1,0.06561956538226316,0.19689101992120514,3.205248030920689,34.95
970,synthetic_planning_reference_v2,severe,0.0550000000035652,0.138377173299698,2.69254115419449,37.0,0.10217251560089498,0.21215779242111898,3.595943262895906,44.95
971,synthetic_planning_reference_v2,mild,0.097500000006039,0.210397296175646,2.90416621750675,32.7,0.12012816873640443,0.2622731570921962,3.2381898598663783,36.050000000000004
972,synthetic_planning_reference_v2,moderate,0.128333333340561,0.114962686720281,3.47064334418686,33.6,0.17729206479857548,0.16044596168255806,4.212786037698618,39.35
973,synthetic_planning_reference_v2,mild,0.10250000000633,0.199133477473485,3.36065614376225,36.65,0.12161742392059714,0.24010131295074014,3.791890190848135,41.0
974,synthetic_planning_reference_v2,mild,0.0575000000026193,0.242665114211634,3.05429566013197,32.95,0.06478815345915429,0.2983556102706892,3.3784402554096404,36.0
975,synthetic_planning_reference_v2,mild,0.0766666666713718,0.0788820822265741,3.16336082135871,28.5,0.08740086829109078,0.091517459144235,3.5530112589005283,30.400000000000002
976,synthetic_planning_reference_v2,moderate,0.115833333339833,0.0613511073071975,3.09218935486177,32.45,0.1528089894821991,0.08382676818176626,3.745666930086713,36.9
977,synthetic_planning_reference_v2,moderate,0.0933333333388873,0.189424474782769,2.76442982518994,28.35,0.12958357574474794,0.24740316716736155,3.3874781043053277,32.65
978,synthetic_planning_reference_v2,mild,0.0391666666688252,0.19687008795367,2.92440576507345,31.1,0.03997828146612634,0.2417729207317989,3.2606321118181287,33.7
979,synthetic_planning_reference_v2,mild,0.0483333333366318,0.209840557541059,3.1486868390947,33.1,0.060046532595695715,0.2635987907288679,3.5726690757445825,36.7
980,synthetic_planning_reference_v2,mild,0.105000000006476,0.115560092524154,3.57089198648587,33.4,0.12788378387853794,0.1424171716934888,4.086708218314585,36.6
981,synthetic_planning_reference_v2,severe,0.0558333333363407,0.166905981383195,2.95196832350217,28.85,0.10712426585604426,0.2452533876625984,3.964763288655218,36.1
982,synthetic_planning_reference_v2,mild,0.102500000005966,0.237758003920799,2.90583682936337,33.55,0.12333177606494772,0.29500039670876776,3.1517562575255242,36.65
983,synthetic_planning_reference_v2,mild,0.170833333342671,0.116324594017753,2.8226771134949,35.95,0.21331316391084576,0.13727410682865923,3.091966160685271,39.800000000000004
984,synthetic_planning_reference_v2,moderate,0.0700000000040745,0.196237367152414,2.55915563314442,34.4,0.09377233355382411,0.2589324909296526,3.0613174857217533,39.2
985,synthetic_planning_reference_v2,moderate,0.0525000000030559,0.142588797893841,3.13250381380279,28.4,0.08463905687119053,0.19623171773372997,3.9953917245278774,33.45
986,synthetic_planning_reference_v2,moderate,0.0466666666696256,0.149513396416846,3.12836684979776,30.9,0.06661511489366714,0.2029794592516208,3.804100591281932,35.7
987,synthetic_planning_reference_v2,mild,0.125833333340779,0.151177547269389,3.31272557461275,34.1,0.1558064514855261,0.1831424704567373,3.7242087311408327,37.800000000000004
988,synthetic_planning_reference_v2,moderate,0.0791666666711535,0.224180300754605,2.84389975513559,32.65,0.11354190187325909,0.29569653299031373,3.3955213789474032,37.550000000000004
989,synthetic_planning_reference_v2,mild,0.0925000000053842,0.214081725984659,3.44319051435644,30.7,0.1130384010268575,0.26177863285734854,3.9714493551092525,33.7
990,synthetic_planning_reference_v2,mild,0.138333333341507,0.110986941288591,3.16117981671144,35.35,0.1706943070907774,0.13424396278650783,3.5496635872642255,39.150000000000006
991,synthetic_planning_reference_v2,mild,0.0350000000024011,0.14901880427621,2.86821674430138,30.6,0.03582040216805938,0.18572854915960318,3.2316226373945343,33.65
992,synthetic_planning_reference_v2,severe,0.0541666666696983,0.209488043382452,3.27000507196779,33.95,0.106034757595012,0.3018682515420762,4.358198089573925,42.25
993,synthetic_planning_reference_v2,moderate,0.178333333343835,0.13558638379919,3.28426915142372,38.65,0.25466072759448427,0.19051570551655922,4.075988068640546,44.95
994,synthetic_planning_reference_v2,mild,0.048333333336268,0.194966492261566,2.87746555926767,30.5,0.05354484190951092,0.23742599217645602,3.1722202939407627,33.2
995,synthetic_planning_reference_v2,moderate,0.0541666666693345,0.150938000668792,2.88050964165732,34.65,0.07508541157603622,0.19976376840531423,3.4721076701545703,39.900000000000006
996,synthetic_planning_reference_v2,moderate,0.0975000000056752,0.214557202257509,3.00899248294951,35.5,0.13641093039748237,0.27697031490709834,3.6431437494272427,41.400000000000006
997,synthetic_planning_reference_v2,moderate,0.0541666666696983,0.204336804289579,3.0746458296954,32.25,0.0744265719891593,0.2555989766223467,3.6900603040869773,36.85
998,synthetic_planning_reference_v2,mild,0.037500000001819,0.133499475842704,2.4521815738857,29.1,0.038033245447422676,0.16768718464408966,2.643626267946486,31.5
999,synthetic_planning_reference_v2,severe,0.0816666666716628,0.203975695373826,2.88152000278196,33.4,0.13106256463823457,0.2781727835064072,3.6570786916266025,40.0
1000,synthetic_planning_reference_v2,mild,0.111666666673045,0.140717997607119,3.3896173845222,36.65,0.1483583335179501,0.18535391479125493,3.9087430348151324,41.5
