reference_sample_id,data_status,source_E_co_time_s,source_E_n_g,source_E_miss_m,source_E_t_s,E_co_time_s,E_n_g,E_miss_m,E_t_s
1,synthetic_planning_reference,0.0816666666666677,0.0909233197248755,2.95536510102062,30.4,0.09065581378767347,0.10030286790978789,3.188608259929728,32.300000000000004
2,synthetic_planning_reference,0.0574999999999967,0.0883256414340566,2.64165364276849,26.8,0.06452530075040516,0.09629401298934766,2.8469874236196193,28.35
3,synthetic_planning_reference,0.0558333333333309,0.0808742103083003,2.95442518819733,28.85,0.06296274447527517,0.08896381806571001,3.183464710539843,30.6
4,synthetic_planning_reference,0.0499999999999965,0.0658452295163723,3.13251575665829,28.85,0.05521665444467759,0.07231918726802286,3.3926340748051507,30.6
5,synthetic_planning_reference,0.0491666666666774,0.0851101813517012,3.47360005877085,28.95,0.05507545517958353,0.09451208299328273,3.756474284453788,30.700000000000003
6,synthetic_planning_reference,0.0475000000000122,0.0843220729632527,3.31008708057413,29.3,0.05264181577680212,0.0906294180167785,3.569958299294677,31.05
7,synthetic_planning_reference,0.047500000000008,0.0768817651820473,3.07748314151531,29.05,0.05254883471434863,0.08513386731760542,3.329258996446823,30.75
8,synthetic_planning_reference,0.0383333333333397,0.0707863195668664,2.95462278474342,29.05,0.04313989594636789,0.07781917113103096,3.191626081234728,30.8
9,synthetic_planning_reference,0.0458333333333456,0.0701840753652389,3.23227794476437,28.75,0.05124754286551401,0.07797757466425846,3.484897436828462,30.5
10,synthetic_planning_reference,0.0491666666666788,0.0722043013204763,2.84843450636653,30.05,0.05576808723805939,0.07935617434780547,3.057569839366818,31.900000000000002
11,synthetic_planning_reference,0.0708333333333457,0.0859928456735493,2.85545912333203,29.3,0.07937098039096643,0.09436623395365652,3.099226553565046,31.05
12,synthetic_planning_reference,0.0375000000000085,0.069960734807405,2.8213541013603,28.95,0.042088412803087956,0.0773522083110465,3.026565751293511,30.700000000000003
13,synthetic_planning_reference,0.0408333333333417,0.0744821572518586,3.01358453093047,29.65,0.04653715845891447,0.08146790239359626,3.2648305039843213,31.400000000000002
14,synthetic_planning_reference,0.0475000000000108,0.0791966912578081,2.8926492368973,27.9,0.05356687853823171,0.08660103064613867,3.102521625870975,29.5
15,synthetic_planning_reference,0.0425000000000097,0.0504970551849063,3.57863540186973,27.05,0.049663603484702744,0.05543337882820349,3.8827334490997525,28.650000000000002
16,synthetic_planning_reference,0.0708333333333485,0.102775166662208,2.62847399592588,29.95,0.08057297024860365,0.11290301801303185,2.83590966060779,31.8
17,synthetic_planning_reference,0.028333333333336,0.0711898230809554,2.22366740804037,29.35,0.03197040944161174,0.07772002164041483,2.3929775447020165,31.05
18,synthetic_planning_reference,0.0433333333332939,0.0649848250886361,2.62627198112998,29.35,0.04883920440374925,0.07165357025806979,2.8299639966775514,31.150000000000002
19,synthetic_planning_reference,0.0591666666666129,0.0703983459382287,3.16907896963486,29.05,0.06547098823044649,0.07794271008623556,3.420971575143396,30.85
20,synthetic_planning_reference,0.0491666666666219,0.0638760872598726,2.85728344121279,28.8,0.054479828968502265,0.07089283342218293,3.0660493719236634,30.5
21,synthetic_planning_reference,0.0558333333332826,0.0620536101290202,2.33043854772348,28.15,0.06225735018646138,0.06755162821751695,2.5037373255225566,29.8
22,synthetic_planning_reference,0.0516666666666197,0.081684559973447,3.00322654752624,28.55,0.05800608242642033,0.09030105857276666,3.227816806870126,30.25
23,synthetic_planning_reference,0.0491666666666219,0.0777663494772587,2.81710778678364,29.15,0.05558218543564615,0.08521012420631253,3.0439290593006763,30.900000000000002
24,synthetic_planning_reference,0.0408333333333019,0.0624787809502571,3.09525870922007,28.7,0.0460337747269019,0.06909448591406195,3.338991624295282,30.400000000000002
25,synthetic_planning_reference,0.0499999999999716,0.0774809643433698,2.81369709903783,29.5,0.05602339666588291,0.08494173810705757,3.0364366391688358,31.200000000000003
26,synthetic_planning_reference,0.0291666666666515,0.057543456900336,3.281711228215,29.4,0.03432219307621203,0.06376226220885867,3.5461160271562058,31.150000000000002
27,synthetic_planning_reference,0.0499999999999602,0.0699113115237012,2.22048189787385,28.85,0.055603613715621905,0.0767618500818597,2.380010412644432,30.6
28,synthetic_planning_reference,0.0591666666666129,0.105012196040762,2.71673347970598,29.9,0.06476224114477616,0.11631898434717257,2.9426457459326145,31.8
29,synthetic_planning_reference,0.0549999999999443,0.0845979476923939,3.08364413339449,29.6,0.06137222303427058,0.09351227644304523,3.332867518546802,31.400000000000002
30,synthetic_planning_reference,0.0674999999999386,0.0827898759056302,3.08076834710764,30.2,0.07544354909357887,0.09154438138688781,3.3465237092110907,32.1
31,synthetic_planning_reference,0.0616666666666163,0.0836283285517419,2.92939935100803,30.35,0.0685591141253389,0.09283157924621048,3.1831469614463583,32.2
32,synthetic_planning_reference,0.0324999999999704,0.0723881539409018,2.8683870847741,29.4,0.036960025906789165,0.07909103577292477,3.075241583477555,31.200000000000003
33,synthetic_planning_reference,0.0491666666666333,0.07882966887032,3.2735720452826,29.85,0.053770247887840975,0.08666055206980744,3.5457143984730997,31.75
34,synthetic_planning_reference,0.0816666666665981,0.0675287707645968,2.92912199075104,29.6,0.09033443933797007,0.07521552313399056,3.172027692805303,31.35
35,synthetic_planning_reference,0.0541666666666117,0.0665324017467453,2.79223924530897,28.9,0.060120504216790785,0.0739846862007597,2.995554435206467,30.6
36,synthetic_planning_reference,0.0483333333333007,0.0705408087915691,3.09752623927664,27.85,0.05572907868912399,0.07766866982754761,3.368248314695988,29.5
37,synthetic_planning_reference,0.0391666666666424,0.0541813519927473,3.01054796000745,29.15,0.04476103701836439,0.05924488907175972,3.232277363274561,30.85
38,synthetic_planning_reference,0.0474999999999568,0.0593293785812117,3.25414851418088,29.85,0.0514689541852709,0.06458805924304524,3.4980904954994236,31.650000000000002
39,synthetic_planning_reference,0.0666666666666174,0.0653302368027139,2.9604430285276,29.25,0.07485614975349919,0.07214523182667036,3.198490896221462,31.0
40,synthetic_planning_reference,0.0333333333332917,0.069929047529472,2.87648289267671,28.95,0.03771469678745869,0.07760305404667672,3.1077350719567955,30.75
41,synthetic_planning_reference,0.0474999999999454,0.0701795319369838,3.16808572939297,29.55,0.052584077082189686,0.07714478056332506,3.4037230564319754,31.35
42,synthetic_planning_reference,0.0399999999999636,0.0684353403418572,3.39928104994154,29.75,0.044802075920783814,0.07538108962321971,3.665594548941026,31.55
43,synthetic_planning_reference,0.0408333333332848,0.0803185911724748,3.09630822703216,28.4,0.04510108072288068,0.08801243964054427,3.3424373311440863,30.200000000000003
44,synthetic_planning_reference,0.0433333333332826,0.0765258958007611,2.54149730587415,27.35,0.04818487484323882,0.08446549034153855,2.7514110684916537,29.0
45,synthetic_planning_reference,0.0624999999999432,0.0756095467327795,3.33263653684042,29.2,0.06892881808895485,0.08318226772335323,3.61496229445293,30.950000000000003
46,synthetic_planning_reference,0.0449999999999477,0.0617205710380304,3.28211678596737,28.9,0.051620400289792034,0.06880976896714194,3.5620395665452627,30.700000000000003
47,synthetic_planning_reference,0.0349999999999568,0.0686379676579812,2.7872232519079,29.35,0.03880813934092666,0.07502080894816514,3.0119594385936486,31.1
48,synthetic_planning_reference,0.0449999999999704,0.0706409049077509,3.1030008258002,28.4,0.050527343253953694,0.07753962724674147,3.3456199562979414,30.200000000000003
49,synthetic_planning_reference,0.0258333333333553,0.0550614027161656,2.94313075628704,27.8,0.028485643271527805,0.06035904995507034,3.1994617181386578,29.5
50,synthetic_planning_reference,0.0541666666666174,0.061005748102668,3.11984126971186,27.95,0.06023738546115438,0.06705678984745446,3.3595629801367775,29.55
51,synthetic_planning_reference,0.0533333333332848,0.0749806379091877,2.94548003104497,29.5,0.05843465170977317,0.08307640374431521,3.1715707100369914,31.25
52,synthetic_planning_reference,0.0641666666666083,0.0867051098044936,2.88063766948335,28.7,0.07190746781605724,0.09462889555618936,3.1177086516958172,30.5
53,synthetic_planning_reference,0.0408333333332848,0.0743101575073759,2.8679412402608,27.95,0.04621861879961209,0.08059931300516517,3.114234161302101,29.6
54,synthetic_planning_reference,0.0474999999999454,0.0648499536178181,3.32992533672064,28.2,0.052986879557033406,0.07184670834506454,3.615917358460901,29.8
55,synthetic_planning_reference,0.0583333333332803,0.0890887658204951,3.364433829851,29.9,0.06482656324486878,0.09750332532532614,3.643896517568101,31.700000000000003
56,synthetic_planning_reference,0.0483333333332894,0.0460655281316516,3.11768204117952,28.15,0.05338033628391871,0.049558670036858966,3.360060026931106,29.75
57,synthetic_planning_reference,0.048333333333278,0.0650776836703626,3.05743491677296,26.85,0.05400048467426616,0.07244190602216538,3.2991957231549747,28.400000000000002
58,synthetic_planning_reference,0.0499999999999773,0.0843646405283446,3.02187552037194,29.55,0.055061956700688544,0.09343048542785261,3.2526382944158985,31.25
59,synthetic_planning_reference,0.0783333333332621,0.0877118431803573,2.99405034415538,29.05,0.0868817298573317,0.09669460527278048,3.2267699026084755,30.8
60,synthetic_planning_reference,0.0608333333332894,0.0843145041658912,3.08667704540527,29.2,0.06773803490069069,0.09243134740545751,3.321283848625907,30.950000000000003
61,synthetic_planning_reference,0.0466666666666242,0.0718497977486643,3.01058721178508,29.6,0.0521685397589782,0.07948244309583502,3.24995067379544,31.450000000000003
62,synthetic_planning_reference,0.0433333333332939,0.074230038891235,3.56967450706339,28.0,0.047848489700535485,0.08138407904584313,3.872598624554417,29.650000000000002
63,synthetic_planning_reference,0.0574999999999591,0.0746236010408256,2.73023994877996,28.2,0.06392615979077498,0.08265001126162515,2.9514559471724833,29.900000000000002
64,synthetic_planning_reference,0.066666666666606,0.0746465905545317,3.55380171873137,29.35,0.07467314241306768,0.08165317245688265,3.832023443727181,31.05
65,synthetic_planning_reference,0.0483333333332894,0.0728158731078029,3.22850302594549,29.3,0.05426200752832891,0.07916172671479271,3.498092442631713,31.0
66,synthetic_planning_reference,0.0458333333332803,0.0749045566948625,2.60476935171051,29.25,0.05160268221624424,0.08233145660288559,2.8082296827166093,30.950000000000003
67,synthetic_planning_reference,0.0458333333332803,0.0797552389490927,3.19602068299174,29.5,0.0515196126034795,0.08789522732928755,3.464981094844271,31.25
68,synthetic_planning_reference,0.0408333333332962,0.0847421329066132,3.14881866212172,29.45,0.046471752475462404,0.09346986060731739,3.4190849522253446,31.150000000000002
69,synthetic_planning_reference,0.0208333333332916,0.0651479236439753,2.85314392388212,28.75,0.02396708741838959,0.07110803330795147,3.0776763539846574,30.450000000000003
70,synthetic_planning_reference,0.0466666666668289,0.0604442949226893,3.23200893982974,27.55,0.05334993224882606,0.06628620396595117,3.4922123314217535,29.150000000000002
71,synthetic_planning_reference,0.0700000000002547,0.0886772200345055,3.04102165853596,28.95,0.07819058902360451,0.09821129161428331,3.2630458276586762,30.700000000000003
72,synthetic_planning_reference,0.0625000000002274,0.0779192301858054,3.47470108244001,28.75,0.06969986254800821,0.08458961080964228,3.7605881383014967,30.5
73,synthetic_planning_reference,0.0641666666669153,0.0728481836498816,2.91417720802636,28.75,0.07180359242406435,0.07972730425933448,3.1396145972936327,30.450000000000003
74,synthetic_planning_reference,0.0666666666669244,0.0756040521914151,2.7392192522775,29.0,0.07379456734367772,0.08252592311967212,2.9683360219808765,30.75
75,synthetic_planning_reference,0.0550000000002001,0.0683162613770049,2.91019300108276,29.2,0.06114440162686157,0.07481714375589993,3.158083853559876,31.1
76,synthetic_planning_reference,0.0516666666668698,0.072609595791462,3.24229915778647,27.0,0.05760801123196386,0.08064389477544182,3.528268861159358,28.650000000000002
77,synthetic_planning_reference,0.049166666666838,0.086835153024569,2.75294491185464,29.8,0.054584095359477,0.09511514390143118,2.96055228630925,31.650000000000002
78,synthetic_planning_reference,0.0391666666668243,0.0572470133343907,2.99243708145589,29.15,0.04489317062040431,0.06276040259917691,3.24020571966077,30.900000000000002
79,synthetic_planning_reference,0.0700000000002547,0.101177802118527,2.56961895510671,30.35,0.07776779978054656,0.11108222148925524,2.789458753552313,32.15
80,synthetic_planning_reference,0.056666666666888,0.0739741899826757,2.99466537088092,29.05,0.0628202363728249,0.08113242772423386,3.219563946663366,30.8
81,synthetic_planning_reference,0.0625000000002501,0.0679184998381808,2.95365891830291,29.4,0.06896021680874496,0.07559146580343172,3.18672627680858,31.150000000000002
82,synthetic_planning_reference,0.052500000000191,0.0584842072863597,2.76072977875961,29.85,0.056890482012550384,0.06436559753608245,2.973547819724545,31.650000000000002
83,synthetic_planning_reference,0.0383333333334804,0.0787255800565753,2.55295956279022,27.0,0.043670157473460265,0.08632733514232425,2.758022207228544,28.6
84,synthetic_planning_reference,0.0458333333335077,0.0608156938203018,2.90059940601813,26.85,0.05049866273689426,0.06670048678234025,3.115231697608891,28.450000000000003
85,synthetic_planning_reference,0.0475000000001728,0.0745273318560432,3.24343639342262,29.15,0.05387855006408103,0.08165895355092555,3.4944604391805503,30.900000000000002
86,synthetic_planning_reference,0.0791666666669698,0.0725249265592823,2.99424810976031,28.35,0.08857140563858805,0.0793740839165094,3.2055435536053274,30.150000000000002
87,synthetic_planning_reference,0.0433333333334986,0.0551380059049758,2.7885089404431,28.95,0.04838118312414415,0.060201512405595105,3.01581504240127,30.700000000000003
88,synthetic_planning_reference,0.0541666666668789,0.0845392297098086,2.6766743757683,29.2,0.060464919053748095,0.09302272631066706,2.8884070972718168,31.0
89,synthetic_planning_reference,0.0341666666668061,0.064391217518416,3.14362226513631,29.45,0.038711487375973075,0.07038222901902459,3.397397247309439,31.25
90,synthetic_planning_reference,0.0758333333336168,0.0757853416214359,2.94642767307362,29.2,0.08431552750903985,0.08352758087041585,3.1655497974284867,30.950000000000003
91,synthetic_planning_reference,0.0858333333336532,0.0912605309581232,2.96478737502861,28.5,0.09618671243079713,0.10169981567153522,3.2193273351766836,30.200000000000003
92,synthetic_planning_reference,0.0591666666668971,0.0711426253571649,2.77271674573731,29.35,0.06699564524392167,0.07816034557782549,2.9935161073467937,31.150000000000002
93,synthetic_planning_reference,0.0383333333335031,0.0520236677447797,2.75464912199356,27.15,0.04378562558910817,0.05728973902261205,2.9463519646273717,28.75
94,synthetic_planning_reference,0.0458333333334622,0.0800790270769753,2.74802866293213,28.6,0.05102556009722052,0.08897156507302117,2.9589090633143,30.3
95,synthetic_planning_reference,0.0625000000002501,0.0528324579220932,2.87370208841528,27.4,0.07032526797994157,0.057628963484009074,3.1134303659704226,29.05
96,synthetic_planning_reference,0.0658333333335804,0.0864823430867871,2.56289289787504,28.45,0.07365071424172694,0.09546800417777503,2.7791362289187758,30.150000000000002
97,synthetic_planning_reference,0.0558333333334986,0.066626836367135,2.8598757953565,29.35,0.0623832122396863,0.07377756152555262,3.077983289133505,31.150000000000002
98,synthetic_planning_reference,0.0450000000002547,0.0872714741544423,2.86617027465134,25.7,0.049686482171773474,0.09548628672678626,3.099585828790605,27.150000000000002
99,synthetic_planning_reference,0.0658333333336032,0.0659795229596178,3.01816009566608,29.9,0.07456252651742112,0.0716240019158723,3.271291054956988,31.650000000000002
100,synthetic_planning_reference,0.0491666666669062,0.0615423521341718,3.37507039462564,29.85,0.0542933352883852,0.06746495628144117,3.6263331053879706,31.700000000000003
101,synthetic_planning_reference,0.0350000000001501,0.0744104286505885,3.31992808303986,29.8,0.03931578969704521,0.08136569819102957,3.5996403641203005,31.650000000000002
102,synthetic_planning_reference,0.0541666666668789,0.0645743220310499,3.16604353430846,28.85,0.06051420312325443,0.07157226645648257,3.4139948181012545,30.650000000000002
103,synthetic_planning_reference,0.0583333333335531,0.0827972581213207,3.19166249919787,29.75,0.06612787730714524,0.09078960589393177,3.4170096079128904,31.6
104,synthetic_planning_reference,0.0375000000001592,0.0615995545775712,2.87255144290532,29.45,0.04217462647108895,0.06813507361949804,3.125271134046164,31.3
105,synthetic_planning_reference,0.0475000000001955,0.0877985376868186,3.19956649167443,28.85,0.05381334853054092,0.09595393551293857,3.4638974546458763,30.55
106,synthetic_planning_reference,0.0416666666668561,0.0739519460128869,2.83696509921179,29.85,0.04725720361344625,0.08113891966800105,3.0539400070484666,31.650000000000002
107,synthetic_planning_reference,0.0458333333334849,0.0776446818274322,3.16466829204658,28.5,0.051478518475242756,0.08472488163149841,3.434643855029162,30.200000000000003
108,synthetic_planning_reference,0.0591666666668743,0.0652396191186744,3.41157037293071,28.15,0.06644891083469741,0.07087668849604327,3.694730407629497,29.85
109,synthetic_planning_reference,0.0608333333335395,0.0862801287858127,3.36421430801901,29.45,0.0672341897830347,0.09471763225283963,3.6448122335464674,31.200000000000003
110,synthetic_planning_reference,0.051666666666847,0.076877479836234,2.91855060035787,27.75,0.05801162537344485,0.0839847891163915,3.1617516791753397,29.400000000000002
111,synthetic_planning_reference,0.0491666666668607,0.060693947066351,3.20922411363912,28.6,0.05604043946896043,0.06703387763836514,3.4815442603987083,30.35
112,synthetic_planning_reference,0.0533333333335349,0.0803390152426727,2.5974649825888,28.7,0.06026607249302104,0.08752982359707062,2.7929185943962502,30.450000000000003
113,synthetic_planning_reference,0.0458333333334849,0.0649778953730957,2.9532746269018,28.55,0.05082819677485608,0.07085389753929631,3.176354566127517,30.200000000000003
114,synthetic_planning_reference,0.0475000000001955,0.0634820581531919,3.29640351370374,28.65,0.05413565142428317,0.0694487167601199,3.566461323689449,30.35
115,synthetic_planning_reference,0.0683333333335895,0.0822217134944214,2.85374599903739,28.7,0.0765698004163565,0.09063440548257275,3.086981262172455,30.35
116,synthetic_planning_reference,0.0341666666667834,0.0670794690087757,2.91679256736671,28.4,0.03819685224848828,0.07487503300021289,3.1216413130224265,30.25
117,synthetic_planning_reference,0.0375000000001364,0.0681625251818173,3.25415940373357,29.85,0.04169562033912204,0.07511765284111024,3.51473249320283,31.700000000000003
118,synthetic_planning_reference,0.0408333333334895,0.0616619465936906,3.2686897688854,29.0,0.045700890418418044,0.06783692339048082,3.53090408277164,30.75
119,synthetic_planning_reference,0.060833333333585,0.0826922849233657,2.80026336611908,28.75,0.06809278084247916,0.09144185588355457,3.0029559310967726,30.5
120,synthetic_planning_reference,0.0550000000001774,0.0749096845708665,2.54151262921582,27.5,0.061300113832810824,0.08313214389343122,2.712326936481133,29.1
121,synthetic_planning_reference,0.031666666666797,0.0592094932121508,3.11239640176094,29.6,0.03677612790987263,0.06492795805856433,3.3456765347467536,31.400000000000002
122,synthetic_planning_reference,0.064166666666938,0.0743703666042568,2.43974779107234,30.05,0.07109233067372277,0.08116048995856219,2.6129331843048895,31.950000000000003
123,synthetic_planning_reference,0.0400000000001683,0.0901125616757764,2.99912647237006,27.25,0.04545658297334849,0.09900814300997579,3.21936815252613,28.900000000000002
124,synthetic_planning_reference,0.0333333333334849,0.0645664995334862,2.84558908639395,29.15,0.03726782664926502,0.07071774135712033,3.0706133239779745,30.8
125,synthetic_planning_reference,0.0308333333334758,0.0498254489250108,2.99885729323789,28.35,0.034098250711607075,0.05546317471429627,3.2352659716874608,30.05
126,synthetic_planning_reference,0.0375000000001137,0.0626068311133173,2.94086709859086,29.4,0.04267269083726702,0.06834371195615226,3.1725089924864913,31.200000000000003
127,synthetic_planning_reference,0.0400000000001683,0.0566524125101633,2.41812895185804,28.65,0.04536588627499594,0.0619143409435053,2.590550301676712,30.400000000000002
128,synthetic_planning_reference,0.0458333333334622,0.066754120583078,3.14286820739606,29.75,0.05171884912811479,0.07351489487199568,3.3777165303064374,31.55
129,synthetic_planning_reference,0.0441666666668425,0.0748306164424312,2.87484371071814,28.25,0.04975275661700486,0.0823379765838597,3.11760766784965,30.05
130,synthetic_planning_reference,0.0408333333334895,0.0583485736271604,2.64908392486267,28.75,0.04620939035480559,0.06456784383360997,2.8635298173903556,30.450000000000003
131,synthetic_planning_reference,0.0416666666668107,0.0734963058013449,2.80823860485153,27.75,0.04790334245345215,0.08047664100320297,3.0295078561957225,29.35
132,synthetic_planning_reference,0.0591666666668743,0.0849320264585277,2.65206180031538,28.95,0.06503713519938474,0.09326125506972363,2.860255244943065,30.75
133,synthetic_planning_reference,0.0425000000001546,0.0664633132658474,2.78244584108362,28.05,0.04865165051363023,0.0736193952206572,3.00563928788757,29.75
134,synthetic_planning_reference,0.0425000000001546,0.0669307248276827,2.71522980696172,30.05,0.047496505967361824,0.07356638651886842,2.9228988912700937,31.900000000000002
135,synthetic_planning_reference,0.0625000000002274,0.0852443836485585,2.69880534490898,28.65,0.06999743367563191,0.09334052233861137,2.893715594658119,30.35
136,synthetic_planning_reference,0.0550000000002228,0.0693265768600052,3.41624746371025,29.75,0.061743238878683916,0.07554521040990567,3.7097985701465634,31.6
137,synthetic_planning_reference,0.0733333333336077,0.0845677798649035,3.36201208164096,29.7,0.08151452258886788,0.09354313801654927,3.653213905180278,31.5
138,synthetic_planning_reference,0.040000000000191,0.0510999178936023,3.11499408653925,29.6,0.04488601931933344,0.05638525234373978,3.350175101878604,31.35
139,synthetic_planning_reference,0.0758333333336395,0.0802834944398284,2.56093274890948,28.35,0.08441133943203977,0.08835898170193743,2.771019756060143,30.05
140,synthetic_planning_reference,0.0466666666668516,0.0537830840542921,2.82282869634691,28.3,0.05242400194192742,0.058619915172310015,3.042007736615305,30.0
141,synthetic_planning_reference,0.0600000000003092,0.0556737366609123,3.31221866245649,29.9,0.0665623294933219,0.06110643271530407,3.5824834991732963,31.700000000000003
142,synthetic_planning_reference,0.0466666666668516,0.0765906020835233,2.76754067792649,28.95,0.052433568561410925,0.08401951067349085,2.9934612039669832,30.650000000000002
143,synthetic_planning_reference,0.0491666666668607,0.0822297505582834,3.09554227535588,28.95,0.054016376607329976,0.09039357231707326,3.3490040578838625,30.650000000000002
144,synthetic_planning_reference,0.0391666666667788,0.0519471598408434,3.32235187522981,28.8,0.04398581532809345,0.05614414230360537,3.5705710082704996,30.55
145,synthetic_planning_reference,0.0533333333334667,0.0741837420561043,2.92303522724768,29.3,0.05950810615308534,0.08161307248623044,3.1480000549058698,31.1
146,synthetic_planning_reference,0.060833333333585,0.084083555131403,2.81741856905776,29.4,0.06827495451210064,0.09262016849330204,3.0386021610613354,31.200000000000003
147,synthetic_planning_reference,0.052500000000191,0.0502958257965307,3.36810804588336,29.55,0.05801242521825448,0.05518633517434987,3.6667939745848455,31.35
148,synthetic_planning_reference,0.0575000000001637,0.064110933838071,3.65244519988817,30.4,0.06432970368220048,0.07173945568588884,3.9442944156775637,32.25
149,synthetic_planning_reference,0.0425000000001546,0.06704069701728,2.70773265529644,27.45,0.04776879157686675,0.07346347080002988,2.917599982867241,29.1
150,synthetic_planning_reference,0.0691666666669335,0.077827695591608,3.08618093979573,29.4,0.07729117632313172,0.08504292989481534,3.332186634329927,31.150000000000002
151,synthetic_planning_reference,0.0433333333334758,0.0620486483348521,3.25888306861667,27.6,0.04776044570319364,0.06849802072903688,3.504408551188701,29.25
152,synthetic_planning_reference,0.0366666666667243,0.0610676825959233,2.82161826106629,26.75,0.04089485754904668,0.06748004976945762,3.048989542461998,28.35
153,synthetic_planning_reference,0.0333333333334394,0.0500666975042593,2.63544297692602,27.25,0.03732906254712992,0.055541329562867156,2.837611446142916,28.85
154,synthetic_planning_reference,0.069166666666888,0.0681135890735232,3.47291264856884,29.4,0.07719008378898444,0.07554130984322377,3.7656854493439513,31.150000000000002
155,synthetic_planning_reference,0.0625000000002274,0.0697554261709372,3.13538087290867,29.4,0.07038044467769998,0.07731074605881184,3.3672055885400134,31.150000000000002
156,synthetic_planning_reference,0.056666666666888,0.0716215776090743,2.78398228678066,28.65,0.06289338224537622,0.07898243491711773,3.012707620887434,30.35
157,synthetic_planning_reference,0.048333333333494,0.0634692128596729,2.26101156683056,29.1,0.05392808709635795,0.06928722187449582,2.4328925090587457,30.900000000000002
158,synthetic_planning_reference,0.0325000000001182,0.0481527481331342,3.26920410089706,28.45,0.03611943504377091,0.05215286401382916,3.5252691994449346,30.200000000000003
159,synthetic_planning_reference,0.0425000000001091,0.0699959933151541,3.30743883403976,27.2,0.04772019391309081,0.07704448575199863,3.5668074509174454,28.8
160,synthetic_planning_reference,0.0566666666668425,0.0994184567897981,3.00902135688369,27.45,0.06308230433417143,0.10962439579048762,3.228253513124112,29.200000000000003
161,synthetic_planning_reference,0.0358333333334485,0.0719729714305025,2.87515732500884,28.15,0.04074688771713107,0.08007517102799053,3.102849163202351,29.8
162,synthetic_planning_reference,0.056666666666888,0.0760367650693256,2.63099440913058,28.4,0.06401208836401068,0.08281876861726715,2.8151468741424504,30.05
163,synthetic_planning_reference,0.0541666666668789,0.0841960145364016,2.82107280280165,28.95,0.06093572341730834,0.0920852199795925,3.045485294152655,30.700000000000003
164,synthetic_planning_reference,0.0408333333334212,0.0738886459468171,2.89404709827804,29.85,0.04527410897891093,0.08158767217736848,3.128448555459951,31.700000000000003
165,synthetic_planning_reference,0.0416666666667879,0.0617367701687188,3.03008253568697,29.1,0.047054519982078304,0.0679019791292784,3.2551937988832385,30.85
166,synthetic_planning_reference,0.0458333333335759,0.052409605822088,2.84082170643905,29.35,0.051823696774699016,0.056634248544405165,3.031960091985387,31.200000000000003
167,synthetic_planning_reference,0.0358333333334485,0.0753632632463902,3.27072548730102,29.15,0.0404273923110209,0.08205270121815444,3.5356946090368058,30.950000000000003
168,synthetic_planning_reference,0.0425000000001546,0.0593076772659683,2.80492712009407,28.75,0.04784507015075906,0.06423393319424853,3.0260106142675225,30.5
169,synthetic_planning_reference,0.0508333333335031,0.0659809609801317,2.27423691720392,28.05,0.057033130825594185,0.0719778042069046,2.439537239318641,29.700000000000003
170,synthetic_planning_reference,0.052500000000191,0.075140414783775,2.77603036726188,26.15,0.058742249741062645,0.08264672203609884,3.021654746061136,27.650000000000002
171,synthetic_planning_reference,0.048333333333494,0.0582035537768905,3.32195851305996,29.1,0.053781533191100954,0.06344723697115286,3.599632637123148,30.85
172,synthetic_planning_reference,0.0391666666667788,0.070054428615383,3.43938638121388,27.2,0.04404160683598482,0.07749182911635194,3.7293910113666464,28.900000000000002
173,synthetic_planning_reference,0.0383333333334576,0.0678788134807937,2.99904147470413,27.9,0.04226718252895621,0.07365725539538232,3.2471687032581675,29.55
174,synthetic_planning_reference,0.0450000000001637,0.0594812393878863,2.55203814577555,28.55,0.050077458783610945,0.06552415005332043,2.7697317159227315,30.3
175,synthetic_planning_reference,0.0375000000001819,0.0591070461528401,3.18483695224288,28.8,0.04192624889531825,0.0649340627927655,3.451223311095258,30.5
176,synthetic_planning_reference,0.0325000000000728,0.0772216589288665,2.75721148658872,28.85,0.03744620899095092,0.08506872797966444,2.9925564126338626,30.6
177,synthetic_planning_reference,0.0533333333335122,0.0998440393211243,2.73069612656974,29.9,0.06038661966076961,0.10889665782405894,2.935788389516336,31.6
178,synthetic_planning_reference,0.0683333333335213,0.067633982681227,2.78357854662687,28.8,0.07652520357880072,0.07462852278534911,2.9863068429415818,30.55
179,synthetic_planning_reference,0.060833333333494,0.0698957992040272,2.91464652404433,29.2,0.06875382410143832,0.07668570261388002,3.1481461720197794,30.950000000000003
180,synthetic_planning_reference,0.0583333333335759,0.0807041247475728,3.48056637657102,28.55,0.06487002389782613,0.0900109665944313,3.778608144772219,30.3
181,synthetic_planning_reference,0.0308333333334758,0.0864413555892922,3.15688337607451,29.05,0.03573620460288866,0.09555931079656226,3.3809777077351826,30.8
182,synthetic_planning_reference,0.0725000000002638,0.0748089748372882,2.72137326490173,28.85,0.07997994381407036,0.0817345340080826,2.921947841489154,30.55
183,synthetic_planning_reference,0.0516666666668243,0.089559732771174,2.96728666950669,29.2,0.05784524763853869,0.09864528699101748,3.202194617178134,30.950000000000003
184,synthetic_planning_reference,0.0600000000002183,0.0884865862951268,3.67141949449295,28.7,0.0674792675679988,0.09784354375867962,3.991701718968139,30.35
185,synthetic_planning_reference,0.0466666666668971,0.0853531671469569,3.23850584284038,29.25,0.05293137860753863,0.09409134621046863,3.516447922272536,30.950000000000003
186,synthetic_planning_reference,0.0408333333334667,0.0838663947074656,3.43440456105133,29.4,0.046280828480955584,0.09302498293810488,3.7254081202621836,31.200000000000003
187,synthetic_planning_reference,0.052500000000191,0.0821465754184119,3.08544768096016,28.5,0.058885516798093805,0.09137805653181523,3.3363932411807933,30.25
188,synthetic_planning_reference,0.0458333333335304,0.0739939677676302,3.31424604313349,29.45,0.052065286429398956,0.08134293470968602,3.5650995384353403,31.25
189,synthetic_planning_reference,0.0666666666669244,0.0844589440664906,2.72968414137963,30.0,0.07328744676816842,0.09365596069935272,2.9370492853634906,31.8
190,synthetic_planning_reference,0.0650000000002365,0.0632940159206423,2.76971136764147,28.6,0.07223224425004746,0.07014918035820128,2.9929876698369444,30.3
191,synthetic_planning_reference,0.0508333333335941,0.0759003962054255,3.47168977471109,29.3,0.056046727515442304,0.08320896260884511,3.749877131731,31.150000000000002
192,synthetic_planning_reference,0.0625000000002729,0.0840740320264368,3.07582028452328,28.45,0.06982748614201749,0.09141561889390852,3.324581820410817,30.150000000000002
193,synthetic_planning_reference,0.0300000000000637,0.0515299196275349,2.74474822498185,30.05,0.033179647881748105,0.057294777392001735,2.9460324161929954,31.950000000000003
194,synthetic_planning_reference,0.0450000000002547,0.0921635376407473,2.88082728570632,29.2,0.04994938285872099,0.10177526145781737,3.1288811133427146,30.950000000000003
195,synthetic_planning_reference,0.0425000000001091,0.0500790293243149,2.99320529169834,28.45,0.04893544249828015,0.055130437246819396,3.231730810160917,30.150000000000002
196,synthetic_planning_reference,0.0566666666668425,0.0785220460317645,3.14952351889481,29.35,0.06269504716112188,0.08677579223813969,3.4126011185354463,31.1
197,synthetic_planning_reference,0.0625000000002274,0.0832970480948928,2.81378727302689,28.55,0.06997313245780581,0.09122996938873683,3.0345378762616737,30.25
198,synthetic_planning_reference,0.0475000000002183,0.0742843164123918,3.0579248492363,28.8,0.053376499406182255,0.08168245797580087,3.301404489439169,30.5
199,synthetic_planning_reference,0.0508333333335486,0.0642676551127522,3.07394492243411,26.6,0.05764577982154548,0.07059635711857282,3.315507834737098,28.150000000000002
200,synthetic_planning_reference,0.0458333333335759,0.0725032621015612,2.69192367469279,28.8,0.052290803292542876,0.07932101053938038,2.9176988431313213,30.5
201,synthetic_planning_reference,0.0575000000001637,0.0683047238867379,2.97463942055959,29.3,0.06429594276051193,0.07503797957066612,3.205093434929688,31.1
202,synthetic_planning_reference,0.0658333333335577,0.0808428435559937,3.06506951222909,28.95,0.07306540481337713,0.08829711940506765,3.3300261492395533,30.650000000000002
203,synthetic_planning_reference,0.0558333333335668,0.0556589698148813,2.82667170328622,29.25,0.061643275696556823,0.06125904600528497,3.073096379119446,31.0
204,synthetic_planning_reference,0.0575000000002547,0.0746337379645386,3.08499362711532,29.75,0.06310798287802952,0.08230252192824097,3.352430073866466,31.5
205,synthetic_planning_reference,0.063333333333685,0.0700978163879875,2.99254844332566,28.6,0.07046618465852193,0.0763773889677005,3.221452018688796,30.3
206,synthetic_planning_reference,0.0408333333334212,0.0658821351639157,2.42731125650268,30.45,0.04636594330988782,0.07256907433887283,2.6203622748376465,32.35
207,synthetic_planning_reference,0.0683333333335213,0.0786218746763229,2.80585714174233,29.85,0.07688509175064746,0.08685733655705159,3.0195981137656895,31.650000000000002
208,synthetic_planning_reference,0.0600000000002183,0.074508598147475,2.85603651803609,30.1,0.06746513312392712,0.08263983609525617,3.0731819530956352,31.950000000000003
209,synthetic_planning_reference,0.0558333333335668,0.0718027326646229,2.67108484615641,29.05,0.061764109031528625,0.0793163482599333,2.87797801462266,30.8
210,synthetic_planning_reference,0.0508333333335031,0.0906910579927898,3.24834925189225,30.3,0.0568539501144833,0.09969024822658622,3.495911425701797,32.15
211,synthetic_planning_reference,0.0258333333335486,0.0678967861830807,3.20154293071616,28.6,0.02937506017516272,0.07413306877478856,3.4670235303492296,30.400000000000002
212,synthetic_planning_reference,0.0666666666668789,0.0781353828505969,2.93953508562705,28.3,0.07433651847350549,0.08505872493315914,3.1794923964348456,29.950000000000003
213,synthetic_planning_reference,0.0783333333336032,0.0855520885326193,3.05626658847809,29.9,0.08791452937687362,0.09400250043293387,3.2803365610880997,31.700000000000003
214,synthetic_planning_reference,0.0516666666668698,0.0722470659392486,3.01088498049616,29.75,0.058267154068811534,0.07920759804398073,3.255443769994718,31.55
215,synthetic_planning_reference,0.0491666666668607,0.0693480406751075,2.70051660735323,28.6,0.055691791603074,0.07579121930009326,2.912982758423465,30.35
216,synthetic_planning_reference,0.0475000000001728,0.0917917550102138,2.81344957085717,27.85,0.053860811987116466,0.10139091093447021,3.021313981293219,29.5
217,synthetic_planning_reference,0.0616666666668607,0.0803645596872893,3.28974676338528,29.7,0.0681242406497371,0.08852141027846161,3.5529126564792133,31.450000000000003
218,synthetic_planning_reference,0.0516666666669607,0.0597967728477926,2.94938084140265,29.25,0.05822323908053991,0.0656142039232916,3.177810910965119,31.0
219,synthetic_planning_reference,0.0708333333336213,0.0717519010044368,3.18576276042253,28.9,0.07842914533516804,0.07851139999185647,3.436662671049892,30.650000000000002
220,synthetic_planning_reference,0.048333333333494,0.0804385270074911,3.01630577702242,29.0,0.05392953994124469,0.0873977357317846,3.253345558071962,30.75
221,synthetic_planning_reference,0.0391666666667334,0.0797444653785431,3.24193055354029,28.55,0.04453482290020069,0.08727761842795546,3.5087983322719345,30.25
222,synthetic_planning_reference,0.0308333333333849,0.0784326010730247,2.70856146879908,27.6,0.033813587805703066,0.08691865638999632,2.936709929142499,29.25
223,synthetic_planning_reference,0.0450000000002547,0.0547154983072864,3.18584802181914,28.45,0.05003298678790811,0.060504383216400004,3.4430712775098025,30.150000000000002
224,synthetic_planning_reference,0.0333333333334394,0.0625265828221229,2.8061227184623,29.0,0.037487922952648856,0.06882054755287309,3.033050504299044,30.8
225,synthetic_planning_reference,0.0458333333334849,0.0715125629841253,2.3781961957046,28.2,0.051012056279624594,0.07905972891656687,2.5410080558465795,29.85
226,synthetic_planning_reference,0.0700000000002547,0.0844412956019903,3.30823325724367,29.2,0.07652527142280555,0.09203553869356094,3.5872220802048957,30.950000000000003
227,synthetic_planning_reference,0.0333333333334849,0.0447846685737999,3.29107715583123,28.45,0.03860770257251035,0.04939385718001354,3.5580732034617975,30.200000000000003
228,synthetic_planning_reference,0.0458333333337123,0.0854338412525068,2.87985796278546,26.85,0.05144637899219199,0.09412325383692341,3.1257749844931717,28.450000000000003
229,synthetic_planning_reference,0.0458333333335759,0.0832559244751502,3.03837395473864,29.5,0.05177272686558512,0.09232456139737172,3.299304835894268,31.3
230,synthetic_planning_reference,0.0458333333334849,0.0642233785646525,2.94085015595445,28.75,0.05136650435694423,0.06992533750925761,3.1916056989704016,30.450000000000003
231,synthetic_planning_reference,0.0283333333334667,0.045908366229128,2.83821679724304,28.75,0.032004554307064836,0.04956589132856703,3.0649890197930376,30.5
232,synthetic_planning_reference,0.042500000000291,0.0619840903126205,3.7149238407602,30.4,0.04771506505172342,0.06943839261108858,4.045403356833097,32.300000000000004
233,synthetic_planning_reference,0.0633333333335941,0.0708242531462715,3.02955382432443,29.65,0.0714100599367913,0.07766623595974732,3.263882949480619,31.5
234,synthetic_planning_reference,0.0350000000001273,0.0502868257851988,2.89492800736284,29.55,0.03962725691343165,0.05605285974393309,3.1267728849654937,31.35
235,synthetic_planning_reference,0.0441666666667516,0.0710064394963392,3.19236443688807,29.6,0.049005019797350294,0.07812498824298966,3.45299860867972,31.35
236,synthetic_planning_reference,0.0491666666667243,0.0636476515345697,3.15971723783004,29.35,0.055498164741006696,0.0695292228508014,3.403504866311438,31.1
237,synthetic_planning_reference,0.060833333333585,0.0692593767188805,2.61375389199014,29.85,0.06813313078638895,0.0763541098331558,2.802574571652671,31.6
238,synthetic_planning_reference,0.0325000000001182,0.0789036386464012,3.27102006182173,27.9,0.037935183215952344,0.08748594776629194,3.5234327411858284,29.55
239,synthetic_planning_reference,0.0366666666668152,0.0656693728511231,2.98002835590322,28.85,0.04089033582759573,0.07211158194761719,3.237265442190805,30.55
240,synthetic_planning_reference,0.048333333333494,0.0889265248113588,2.81709663039193,30.25,0.054120944403613855,0.09814075929689661,3.018890132904649,32.050000000000004
241,synthetic_planning_reference,0.0525000000002819,0.0739880201186939,2.7984166054063,29.85,0.059426092393434216,0.08214727018847176,2.9961640917372088,31.650000000000002
242,synthetic_planning_reference,0.0383333333335486,0.0996253819761702,2.67810710618784,29.05,0.04378450868319248,0.10915837264623765,2.888207454047309,30.75
243,synthetic_planning_reference,0.0533333333335122,0.0781560704762827,2.91788662132946,29.2,0.05888143421194997,0.08619661809899835,3.1835241024725347,31.05
244,synthetic_planning_reference,0.0533333333335577,0.0695977019936068,3.25747570647264,29.75,0.06010776475580123,0.07539659530997303,3.496464102274146,31.55
245,synthetic_planning_reference,0.0741666666669516,0.0652113971905653,3.22050991005994,29.4,0.08222676649047461,0.07144107721714915,3.4751196295698743,31.200000000000003
246,synthetic_planning_reference,0.0625000000001819,0.0635330827182824,3.47042309237686,27.85,0.06895786203647757,0.06940275628542018,3.777918547021728,29.5
247,synthetic_planning_reference,0.0550000000001546,0.0587740787729398,2.95251785050147,28.4,0.06275966011616221,0.06438573687010114,3.1847224488070194,30.05
248,synthetic_planning_reference,0.0350000000001273,0.0532768414802582,2.79512114892571,27.4,0.039056612560177784,0.05788010598714211,3.0112384414022126,29.1
249,synthetic_planning_reference,0.0616666666668607,0.0561035948016932,2.80027751915286,29.85,0.06926469470636092,0.062484595567325565,3.0220733773781774,31.6
250,synthetic_planning_reference,0.0450000000001637,0.0574265655700959,3.19853574506811,28.75,0.051191181914422276,0.06334704678403633,3.472148596850901,30.450000000000003
251,synthetic_planning_reference,0.0483333333335395,0.0625506579260887,2.74754518830601,27.7,0.05408655741711712,0.0684131865453304,2.972988073325325,29.3
252,synthetic_planning_reference,0.0658333333335122,0.0750315831646331,3.23514085203145,29.8,0.07321236653059666,0.08365304026877515,3.4893153510251373,31.650000000000002
253,synthetic_planning_reference,0.0450000000001637,0.0768663182102145,3.09970303079524,27.6,0.05103354343597698,0.08571614029883108,3.330832703552396,29.3
254,synthetic_planning_reference,0.052500000000191,0.0769390329475762,2.2792983191343,28.45,0.058191501773428994,0.0842807478252206,2.442058582956945,30.1
255,synthetic_planning_reference,0.0500000000001819,0.0668546126860979,2.9269596494315,27.8,0.05573373069171683,0.07492314900061545,3.1631619035226985,29.450000000000003
256,synthetic_planning_reference,0.0583333333335304,0.0661605426404144,3.08469352102418,28.55,0.0658309714504659,0.07371559184337066,3.328615373982902,30.25
257,synthetic_planning_reference,0.0291666666668334,0.070621838715785,3.0230154700005,28.8,0.032780914354585224,0.0778223867605609,3.28543675514802,30.6
258,synthetic_planning_reference,0.0383333333335031,0.0579027045994201,3.00559331401563,30.0,0.04439484652413314,0.06227971545262775,3.239589920825992,31.900000000000002
259,synthetic_planning_reference,0.0575000000002547,0.0700196138002255,2.96589549315339,28.7,0.0653115066085095,0.07586909881158148,3.2219501386228333,30.400000000000002
260,synthetic_planning_reference,0.0483333333335395,0.0619329935210523,3.48207146149046,29.1,0.054645542304676074,0.0684475951225154,3.764728339223646,30.8
261,synthetic_planning_reference,0.0291666666669698,0.062237722257802,2.87313716977105,29.25,0.032944646389543794,0.06847716158153075,3.1158752379544876,31.05
262,synthetic_planning_reference,0.0291666666668334,0.0675260448291852,3.20078317441022,29.7,0.03188089913536892,0.07454376928295224,3.4927525669330413,31.450000000000003
263,synthetic_planning_reference,0.0333333333335304,0.0510895194431085,3.13038334890434,29.1,0.036554897195805576,0.05551919347201376,3.4049439187710444,30.900000000000002
264,synthetic_planning_reference,0.0450000000001182,0.066597340907115,2.87230860776567,28.35,0.050039871371991666,0.07346035981635106,3.1075029550671958,30.0
265,synthetic_planning_reference,0.0500000000002274,0.073973873964118,3.18465739425948,29.6,0.05624884316127053,0.08196928488200751,3.430437448205887,31.450000000000003
266,synthetic_planning_reference,0.0308333333334758,0.0647400420375248,3.2459099784556,28.8,0.034787860086973516,0.07146148147511659,3.5175046120220905,30.5
267,synthetic_planning_reference,0.0416666666668334,0.0635609696931137,3.2650996792338,29.8,0.047114236671258684,0.07049595181005557,3.5648335809388474,31.650000000000002
268,synthetic_planning_reference,0.0591666666668971,0.0590583289764774,3.32334107477834,29.25,0.06605969328330086,0.06535161272334644,3.60424422628199,31.0
269,synthetic_planning_reference,0.0641666666668243,0.0901165361726876,3.64505340515304,28.6,0.07088451222822076,0.10005429925591276,3.960462013235535,30.35
270,synthetic_planning_reference,0.0491666666668607,0.0810277847291975,3.02360667178734,29.75,0.055236811181595055,0.08896418031776754,3.2274490451374978,31.450000000000003
271,synthetic_planning_reference,0.0416666666668789,0.0788465954619042,2.98813395010676,27.85,0.047171088446925746,0.08651691071946997,3.2091806231131064,29.55
272,synthetic_planning_reference,0.0491666666668152,0.0673359889787789,2.68500759010724,29.0,0.05514747625472817,0.07447370797801256,2.8835091527500762,30.75
273,synthetic_planning_reference,0.0575000000001637,0.0827340226883049,2.83510202490831,29.1,0.06375550013677775,0.0903395009822436,3.0389721344192386,30.8
274,synthetic_planning_reference,0.0475000000002183,0.0729859570170077,2.74783882657657,29.45,0.05182675068791124,0.08012186677666547,2.962833473277561,31.25
275,synthetic_planning_reference,0.0650000000002365,0.0999600839768389,2.63962166026694,29.1,0.07217494874352685,0.10997844521355743,2.8308251442977124,30.950000000000003
276,synthetic_planning_reference,0.0466666666668516,0.0872526323275192,3.36566788992322,29.05,0.05156188796111958,0.09583849487651479,3.6423485435054714,30.75
277,synthetic_planning_reference,0.0666666666668334,0.097084207715469,2.86450991847848,27.45,0.07458559161759441,0.10712510349320524,3.07936532417671,29.05
278,synthetic_planning_reference,0.051666666666506,0.0699943692526277,2.93389406004496,28.95,0.057297247573597776,0.07684881362109859,3.1774762439607147,30.650000000000002
279,synthetic_planning_reference,0.0549999999991996,0.062823354524551,3.12898730271204,28.05,0.06100620079067852,0.06903598089043027,3.3607975135620425,29.8
280,synthetic_planning_reference,0.0666666666656965,0.0721118580806195,2.48643511272164,26.9,0.07366905739661679,0.08024558833696217,2.662433648364229,28.55
281,synthetic_planning_reference,0.0374999999994543,0.0710016516746626,2.76266967470949,29.35,0.04216337509020604,0.07777764509189687,2.9914560279191496,31.1
282,synthetic_planning_reference,0.0433333333327027,0.0584733902028412,2.94883744694239,27.9,0.048018787333610646,0.06478059976920679,3.1806789513763327,29.55
283,synthetic_planning_reference,0.0383333333327755,0.0652756911367087,3.15810098774362,29.65,0.043345071512115425,0.07152368491602706,3.4040970217892337,31.400000000000002
284,synthetic_planning_reference,0.0391666666660967,0.0931757306030589,2.72461174787263,29.75,0.044194539634382496,0.10214236616388409,2.9529218750466404,31.6
285,synthetic_planning_reference,0.0783333333321934,0.0957809123994379,2.56803079981558,29.0,0.08822850263279251,0.10522954149069774,2.7617330725323277,30.700000000000003
286,synthetic_planning_reference,0.0341666666661695,0.0627150164834551,2.66763682614427,29.15,0.0386588553970374,0.0691839250949925,2.867383261480515,30.85
287,synthetic_planning_reference,0.0299999999995634,0.0632769909668168,2.62343085555673,29.65,0.03442970011022311,0.069433662703273,2.8252560113797496,31.450000000000003
288,synthetic_planning_reference,0.0533333333325572,0.0843556165122053,3.3792486757047,29.2,0.05948617857789675,0.09257801034985781,3.6591225031065098,30.950000000000003
289,synthetic_planning_reference,0.0466666666659876,0.0649301456206005,2.98807075620096,29.0,0.05292267278941674,0.07116424481668178,3.2386145819503698,30.8
290,synthetic_planning_reference,0.0533333333325572,0.0720777403627757,3.35475416059474,29.2,0.060652403151327215,0.08008790204153227,3.6312720997412162,31.0
291,synthetic_planning_reference,0.0374999999994543,0.0502938108275368,2.94446045512908,27.7,0.041077312124839185,0.05530086537270463,3.1853137390567325,29.35
292,synthetic_planning_reference,0.04833333333263,0.0620974014903405,2.92197818494039,27.7,0.05521654250189942,0.06847590017549675,3.1451044454884487,29.3
293,synthetic_planning_reference,0.0599999999991269,0.0725914049364193,2.79813258315181,28.0,0.06827253443215733,0.07964458834267227,3.004746887902792,29.6
294,synthetic_planning_reference,0.0666666666656965,0.0725902864408508,2.62107379987048,28.55,0.07413888005841421,0.07944958686905562,2.8305069086908627,30.3
295,synthetic_planning_reference,0.0633333333324117,0.0820828080004833,2.92385176028754,26.45,0.0704750300428556,0.08941602443026114,3.166847953818371,28.0
296,synthetic_planning_reference,0.0474999999993088,0.0800569080453631,3.34475698226119,29.7,0.05307268435359918,0.0883552054475489,3.5892537497239396,31.55
297,synthetic_planning_reference,0.0491666666659512,0.0544654662111792,3.02782783826316,29.3,0.05575942677481741,0.06035666285654405,3.2694584096256247,31.1
298,synthetic_planning_reference,0.052499999999236,0.0733538564759937,3.32076433371014,29.6,0.05945214223998803,0.08112215013747842,3.6052489384938844,31.400000000000002
299,synthetic_planning_reference,0.0458333333326664,0.088191633719725,3.13038337668424,29.2,0.051086206839893615,0.09658782822434182,3.4061597662969563,30.950000000000003
300,synthetic_planning_reference,0.0466666666659876,0.0769683422330718,2.41064053739295,28.8,0.05217430486189379,0.0846236837170475,2.57876153736556,30.5
301,synthetic_planning_reference,0.044166666666024,0.0709420771150914,3.24538809727955,28.5,0.050134864896611814,0.07800683376542715,3.5013920565957046,30.25
302,synthetic_planning_reference,0.0466666666659876,0.0599764039914158,3.14042562697563,28.6,0.05206544809651563,0.06564980783971283,3.3891607637127428,30.25
303,synthetic_planning_reference,0.0533333333325572,0.0548299397802735,3.01982876604332,29.95,0.059256672457936845,0.060942192533176544,3.283301609115967,31.8
304,synthetic_planning_reference,0.0374999999994543,0.0717079250301482,2.72233943630405,29.9,0.04293012057249968,0.07908447938074606,2.9433220402294307,31.650000000000002
305,synthetic_planning_reference,0.0374999999994543,0.0722788111190309,2.50478521689866,27.45,0.04157401704417462,0.07890313823112075,2.691896980511616,29.05
306,synthetic_planning_reference,0.0799999999988358,0.0604960295830704,2.98095761233368,29.0,0.08981538998709611,0.06578660818067614,3.2283181018884846,30.700000000000003
307,synthetic_planning_reference,0.044166666666024,0.0551413432199514,2.90742189977596,29.15,0.05052053494238709,0.06108759913089858,3.1273377375081077,30.950000000000003
308,synthetic_planning_reference,0.0674999999990177,0.0587179547575727,2.86747765258476,30.25,0.07477903286040165,0.06416743526937543,3.1086633615815886,32.1
309,synthetic_planning_reference,0.0291666666662422,0.0560780797994493,3.19251553618411,28.55,0.0329962860823734,0.0621186737100378,3.451772677735395,30.150000000000002
310,synthetic_planning_reference,0.0433333333327027,0.0714487512845545,2.90219528880333,29.15,0.04914415868477354,0.07815739060960689,3.1474154057192547,30.900000000000002
311,synthetic_planning_reference,0.0774999999988722,0.0755886245175794,3.11540902871839,29.4,0.08698667593038636,0.08274666735917822,3.363286225312451,31.150000000000002
312,synthetic_planning_reference,0.0466666666659876,0.0779009008986268,3.00614184228253,28.1,0.051311105721957496,0.0856209926734551,3.2521233321489076,29.8
313,synthetic_planning_reference,0.044166666666024,0.0791478613968956,3.21985936151284,28.5,0.05007869361907978,0.08746582793666888,3.479342375402375,30.150000000000002
314,synthetic_planning_reference,0.052499999999236,0.0775289401441266,3.44891286196905,29.65,0.05859472482155337,0.0856996274771091,3.7427274463864086,31.450000000000003
315,synthetic_planning_reference,0.0641666666657329,0.0747482581074909,3.23749723559634,26.85,0.07140596461517974,0.08231639191875943,3.4997107901574283,28.400000000000002
316,synthetic_planning_reference,0.0458333333326664,0.0696159226036691,2.53097006881878,28.2,0.05181997066157736,0.07758037448280124,2.7018049706315077,29.85
317,synthetic_planning_reference,0.0549999999991996,0.0602785906536248,2.74803882950762,26.25,0.06160628856554839,0.06626554635342888,2.9609103188801456,27.75
318,synthetic_planning_reference,0.0399999999994179,0.0764125755099878,2.88473012291298,28.45,0.04559244089853472,0.0850255170373618,3.0967958567609855,30.150000000000002
319,synthetic_planning_reference,0.0549999999991996,0.0744124641728988,2.66729674159152,28.65,0.061268216097039495,0.08246460556808004,2.9011908488905376,30.400000000000002
320,synthetic_planning_reference,0.0466666666659876,0.0638212676853659,2.97207076208518,28.25,0.053069968058869196,0.06936621872904322,3.1945289580067495,29.950000000000003
321,synthetic_planning_reference,0.0499999999992724,0.0822696903196685,3.69155148712761,28.25,0.05607515967459141,0.09052946300705907,4.002792251221324,30.0
322,synthetic_planning_reference,0.0591666666658057,0.0709443496422502,3.46008418786227,29.1,0.06587177120958083,0.07772826048197815,3.7396329270059137,30.8
323,synthetic_planning_reference,0.0674999999990177,0.0716598001838388,3.07009855074896,29.6,0.0760312188567675,0.07988443217286584,3.325025602282244,31.400000000000002
324,synthetic_planning_reference,0.0508333333325936,0.0867942052852884,2.86411722832775,28.9,0.0565098020971134,0.09521913686546313,3.0955556169906946,30.650000000000002
325,synthetic_planning_reference,0.0508333333325936,0.0742173725590833,2.77087445828822,29.6,0.056772935670079384,0.08175086594314628,2.9675939725281184,31.450000000000003
326,synthetic_planning_reference,0.068333333332339,0.0676941159691798,3.57264323606949,27.65,0.07618434797051588,0.07489796561858826,3.858096534422243,29.3
327,synthetic_planning_reference,0.0616666666657693,0.0609344769146424,2.78627446373317,30.0,0.06974796784739908,0.06695119015737785,3.004604556995756,31.85
328,synthetic_planning_reference,0.044166666666024,0.0599417503581765,3.11917983194382,28.85,0.050425091603489944,0.06536354592046614,3.382368526246971,30.5
329,synthetic_planning_reference,0.0541666666658784,0.0770270364970006,2.76392193768921,27.7,0.06081534646864164,0.08408582541998574,2.992518245474128,29.35
330,synthetic_planning_reference,0.0474999999993088,0.0767541548732932,3.03061164449506,27.9,0.05305666398898496,0.08492973270957306,3.2705139169496618,29.5
331,synthetic_planning_reference,0.0733333333322662,0.0647201506011825,3.23336440325413,29.95,0.08172474975380896,0.07191360032189036,3.506479714006,31.8
332,synthetic_planning_reference,0.0308333333328846,0.0526348816195993,3.09894163326688,28.4,0.03470041668979405,0.05723171652630009,3.3496419965052993,30.1
333,synthetic_planning_reference,0.0408333333327391,0.0547737183077759,3.51165397683183,28.6,0.04579664968105807,0.05992308923757847,3.772303685334354,30.3
334,synthetic_planning_reference,0.0366666666661331,0.0662925152469676,3.2939568933724,28.6,0.04126232841470593,0.07261628338820854,3.5368209305887324,30.3
335,synthetic_planning_reference,0.0458333333326664,0.0470731087110394,3.04711156158005,28.9,0.05234131338719197,0.05140153135843161,3.2945334609280517,30.75
336,synthetic_planning_reference,0.0691666666656602,0.0891627329836959,2.90306976066834,26.5,0.07683371106586251,0.09857461461984794,3.156927776668744,28.05
337,synthetic_planning_reference,0.0616666666657693,0.0750048310959319,2.64160893339175,29.8,0.06961022382315359,0.08183927703608004,2.836462820233564,31.55
338,synthetic_planning_reference,0.0358333333328119,0.0590425468776969,3.14225943565287,28.7,0.04085165467751813,0.0649867877512997,3.3914560520642225,30.450000000000003
339,synthetic_planning_reference,0.0649999999990541,0.0796022468518214,2.79163432779278,29.8,0.07191614914176425,0.08765646113271847,3.006275320958364,31.6
340,synthetic_planning_reference,0.0716666666656238,0.0690143652196239,2.76988984460363,27.9,0.08025125880746846,0.07642048272657992,2.974349193776556,29.55
341,synthetic_planning_reference,0.0558333333325209,0.0841025177145978,3.10207642099742,29.1,0.06230119207314999,0.09302136060612154,3.3682184596980873,30.85
342,synthetic_planning_reference,0.0449999999993452,0.0559368165383241,2.93454406318946,28.9,0.05159456863945135,0.061911607055821986,3.1731460959058175,30.650000000000002
343,synthetic_planning_reference,0.0733333333322662,0.0870381477773614,3.15249084633477,27.95,0.08176489880681198,0.09564623665293348,3.4284679194202683,29.650000000000002
344,synthetic_planning_reference,0.0649999999990541,0.0874817506018315,2.92390075410024,27.7,0.07309959653874826,0.09693293287169179,3.124008316469984,29.3
345,synthetic_planning_reference,0.0541666666658784,0.0617225427628091,3.03753320551624,29.0,0.06065607474188451,0.06773403126755058,3.2575308249913153,30.8
346,synthetic_planning_reference,0.0541666666658784,0.0848443762968446,3.33495384021749,28.55,0.05938113597085295,0.09348224063874354,3.5929366136490724,30.25
347,synthetic_planning_reference,0.0508333333325936,0.0530561079833814,2.76489546128709,28.65,0.05639786695366569,0.05765735019776208,2.978718651506932,30.35
348,synthetic_planning_reference,0.0466666666659876,0.0741704086503246,2.92886356530997,28.95,0.05225846275916115,0.08113683147635647,3.158533135564756,30.700000000000003
349,synthetic_planning_reference,0.0383333333327755,0.0729604773494689,3.03512678692013,29.95,0.04257998357544232,0.08047887547470378,3.2899151180334925,31.75
350,synthetic_planning_reference,0.0324999999995271,0.0605357477498396,3.09584098671901,28.65,0.03602602243421144,0.06646580471325539,3.3573068551866307,30.35
351,synthetic_planning_reference,0.0499999999992724,0.0607952957099691,2.76296770700276,28.75,0.055692478637866666,0.0669752851951728,2.9939979671262926,30.400000000000002
352,synthetic_planning_reference,0.068333333332339,0.0706016296965465,2.37071428643231,26.45,0.07604874594772515,0.07808759390345277,2.540738815807338,28.0
353,synthetic_planning_reference,0.0408333333327391,0.067635951451399,3.48617378442662,28.15,0.04602464160277824,0.07395468997359354,3.7528925952458523,29.8
354,synthetic_planning_reference,0.0566666666658421,0.07864658898556,2.30135367216575,27.55,0.0638170724946599,0.0870016912152811,2.4678694641951613,29.200000000000003
355,synthetic_planning_reference,0.0541666666658784,0.0985438692946857,2.70571331022222,29.1,0.0607415387501296,0.10875617027196764,2.9163629250473155,30.8
356,synthetic_planning_reference,0.0458333333326664,0.0723663642164466,3.14666979892246,29.9,0.05207762109733088,0.07941774985444552,3.4141309525582124,31.8
357,synthetic_planning_reference,0.0633333333324117,0.0926189845663838,3.22399609915712,29.25,0.06943413431086885,0.1015960661716062,3.5164471524672685,31.0
358,synthetic_planning_reference,0.0333333333328483,0.0602633546604584,3.16762476619513,26.35,0.03718902347954095,0.06590976646914512,3.417034666890785,27.85
359,synthetic_planning_reference,0.0783333333321934,0.0987722740540449,2.82269566227848,29.45,0.08733090545729534,0.10877297241822335,3.0297437038574957,31.200000000000003
360,synthetic_planning_reference,0.0308333333328846,0.0748638224532169,2.76424139941481,27.45,0.03437309919096985,0.08144426761929759,2.994810167744172,29.1
361,synthetic_planning_reference,0.0324999999995271,0.0941699799432451,3.13778031522987,29.8,0.03565652859538851,0.1025365389526561,3.3935786095008607,31.650000000000002
362,synthetic_planning_reference,0.0516666666659148,0.0840617681484205,2.92087182538037,28.85,0.057045015879441247,0.09253061199527253,3.148663867737638,30.6
363,synthetic_planning_reference,0.0416666666660603,0.0823853668256529,3.02516591469674,26.0,0.046467013319409424,0.0905101352739455,3.2765361424526276,27.450000000000003
364,synthetic_planning_reference,0.0491666666659512,0.0702814932791694,2.98256637009013,29.85,0.05489013598258361,0.07774855014824364,3.1911127218028015,31.650000000000002
365,synthetic_planning_reference,0.0599999999991269,0.0879278057929715,3.2434101279885,28.15,0.0666408538904032,0.09683985114049692,3.530472361428749,29.8
366,synthetic_planning_reference,0.0499999999992724,0.0663970024883587,3.41084809625477,28.65,0.055344625746096575,0.0733501808710086,3.7064867301213993,30.3
367,synthetic_planning_reference,0.0699999999989814,0.0842662725052688,2.69936147551217,27.25,0.07885025203138744,0.0931682139612852,2.917881934337773,28.900000000000002
368,synthetic_planning_reference,0.0608333333324481,0.072490915626282,3.3183360745417,29.3,0.06812958250354545,0.0799851182275103,3.588791158312528,31.1
369,synthetic_planning_reference,0.04833333333263,0.0439618096374314,2.5818489906154,28.25,0.05377488267840104,0.04889962345162236,2.781024293936195,29.900000000000002
370,synthetic_planning_reference,0.0458333333326664,0.0765480346383518,3.17135869964749,30.0,0.05193515889341618,0.08449472341503877,3.4337853840999317,31.8
371,synthetic_planning_reference,0.0633333333324117,0.0700877707675542,3.29039652531479,27.2,0.07103830349074075,0.077197109951629,3.5870420158120147,28.700000000000003
372,synthetic_planning_reference,0.068333333332339,0.0638616151524345,3.03059708157374,29.3,0.07644803774067022,0.06994858516739591,3.269297630728694,31.05
373,synthetic_planning_reference,0.0466666666659876,0.0877051849923707,2.85080242071977,28.6,0.05380079283789664,0.09607081531740087,3.066584690846866,30.35
374,synthetic_planning_reference,0.0499999999992724,0.0751932130146213,2.60666032553196,29.85,0.05646059090786233,0.08285107834420079,2.815687598450174,31.6
375,synthetic_planning_reference,0.0599999999991269,0.0757159359510891,3.37635596205211,29.5,0.06668479720658513,0.08375082675048638,3.654642183898423,31.3
376,synthetic_planning_reference,0.0466666666659876,0.0855390333704429,2.50751493897208,29.35,0.052760664879444245,0.09451976169865614,2.716307075537283,31.150000000000002
377,synthetic_planning_reference,0.0358333333328119,0.0517506225134481,3.05813026777765,26.85,0.04043000917972532,0.05768689483187194,3.2998516672749116,28.35
378,synthetic_planning_reference,0.0433333333327027,0.079687510763047,3.14872587161878,28.55,0.04944834843226557,0.08752053859301773,3.43180646097468,30.3
379,synthetic_planning_reference,0.0533333333325572,0.0631889734876177,3.14310690761182,29.85,0.059096404368862265,0.06944169088114503,3.397282043634222,31.650000000000002
380,synthetic_planning_reference,0.0466666666659876,0.0591401904085817,3.33629783464047,29.7,0.05208364871106174,0.06520437431168717,3.60013210877149,31.55
381,synthetic_planning_reference,0.0824999999987995,0.0825817442015842,3.2481027783945,28.6,0.0924820663422098,0.09144385427378647,3.531099065953284,30.3
382,synthetic_planning_reference,0.0366666666661331,0.0649440329227579,3.06127906586476,30.25,0.04174816351599886,0.07080077567111598,3.3154707048562098,32.15
383,synthetic_planning_reference,0.052499999999236,0.0626595082715299,3.02819238271366,30.1,0.05859529574032646,0.07004734347987628,3.2633963511611763,31.900000000000002
384,synthetic_planning_reference,0.0474999999993088,0.0510938639340349,2.8010451540776,29.35,0.053344168672041795,0.05673895484786326,3.0404132511599955,31.150000000000002
385,synthetic_planning_reference,0.0533333333325572,0.0793117425702738,2.78763734613135,28.5,0.058821457215741314,0.08709754453528175,3.0212545302042577,30.200000000000003
386,synthetic_planning_reference,0.0558333333325209,0.0678799750932088,2.74621204833542,29.0,0.06310572598264624,0.0747226706480351,2.9405954662367675,30.700000000000003
387,synthetic_planning_reference,0.0591666666658057,0.0711448740154584,2.9535926007945,29.65,0.06660140915019182,0.07872331848242545,3.190439584918524,31.450000000000003
388,synthetic_planning_reference,0.0624999999990905,0.0570004392877817,3.11588836621158,30.35,0.06917413603734959,0.06262528559679253,3.375857016878967,32.2
389,synthetic_planning_reference,0.0708333333323026,0.0847973799540569,2.8123100483731,29.45,0.07888242806605422,0.09313690548061344,3.032651636437596,31.25
390,synthetic_planning_reference,0.0499999999992724,0.063223679327397,2.95956560768776,29.95,0.05525288920466468,0.069691704160046,3.1763407167564086,31.75
391,synthetic_planning_reference,0.04833333333263,0.0780188907128638,2.97847471061266,29.45,0.05469044754009286,0.0858073467620808,3.2228083689923,31.200000000000003
392,synthetic_planning_reference,0.0566666666658421,0.0809167713928571,2.72943612612538,28.6,0.06355106661751703,0.0897470930236593,2.926959792868042,30.3
393,synthetic_planning_reference,0.0608333333324481,0.0935460086680427,3.55027414749203,28.9,0.06724117053813343,0.10336016607261136,3.851880389192427,30.650000000000002
394,synthetic_planning_reference,0.0558333333325209,0.0680169092217471,3.39172119842876,29.4,0.06228388522596122,0.0748996010779489,3.679450421033743,31.200000000000003
395,synthetic_planning_reference,0.0366666666661331,0.0762095200759554,3.46459859090433,28.55,0.041369925673578244,0.08384472748101117,3.728941350922135,30.25
396,synthetic_planning_reference,0.0499999999992724,0.0747519039556189,3.11539905274522,28.45,0.05698486155643953,0.08228569534318873,3.3699776814693942,30.1
397,synthetic_planning_reference,0.0474999999993088,0.0774484379095401,2.93945531993559,28.55,0.05249377008404743,0.08606928100737656,3.165631048021017,30.200000000000003
398,synthetic_planning_reference,0.0474999999993088,0.0720571178175614,2.7242740460248,29.6,0.05321074185311798,0.07883704635944139,2.9497450645952323,31.3
399,synthetic_planning_reference,0.0358333333328119,0.0596900589859974,2.84744267184554,29.2,0.039596590997134425,0.06541254679190395,3.091596466225048,30.950000000000003
400,synthetic_planning_reference,0.0708333333323026,0.0671526523889796,2.87267478459783,29.7,0.07918359843885868,0.07342814562400075,3.101191791161583,31.5
401,synthetic_planning_reference,0.0583333333324845,0.0775829577605875,2.85249404526778,29.45,0.06341961425010043,0.08468589791555738,3.093996433387608,31.25
402,synthetic_planning_reference,0.0399999999994179,0.0755387931780031,3.06940070288782,28.0,0.04468823189193388,0.08382036946546259,3.31585358956078,29.650000000000002
403,synthetic_planning_reference,0.0508333333325936,0.0689646930653195,3.20139791259957,30.1,0.056955596919493166,0.07646190381080137,3.4820573209126278,31.900000000000002
404,synthetic_planning_reference,0.0566666666658421,0.0742053978003409,2.93130239361339,28.6,0.06363662577449564,0.08157234410548367,3.181811990290413,30.35
405,synthetic_planning_reference,0.0433333333327027,0.0669165482748048,2.93306967120977,29.3,0.04905637868910531,0.07377309419875398,3.1551752794763916,31.150000000000002
406,synthetic_planning_reference,0.0533333333325572,0.0761756391285709,2.78626607368647,27.55,0.059654022644502064,0.08389650553410719,3.0127561797714475,29.1
407,synthetic_planning_reference,0.0416666666660603,0.0612428264859255,3.14790247890192,28.85,0.046852787573381155,0.06660708986414186,3.4078543822855267,30.55
408,synthetic_planning_reference,0.0491666666659512,0.078883736837531,3.17909688265887,28.05,0.05478626150682003,0.0868098452318589,3.4415011567626625,29.75
409,synthetic_planning_reference,0.04833333333263,0.0609252960737059,2.70822219439483,29.45,0.054130789015190736,0.06669940484280455,2.9513660427805877,31.150000000000002
410,synthetic_planning_reference,0.0383333333327755,0.0524268231563072,2.83065750068128,28.2,0.04313320101811792,0.05779125871718476,3.0527699601844662,29.85
411,synthetic_planning_reference,0.0499999999992724,0.0883467947997119,2.71392670039454,29.25,0.05611603267907828,0.09700287511596935,2.9374865199697666,31.05
412,synthetic_planning_reference,0.0574999999991633,0.0570151232720232,3.16198035733889,28.25,0.06435526114924278,0.06253383257359713,3.4222629520174808,30.0
413,synthetic_planning_reference,0.0416666666660603,0.078340330649008,2.91852098678198,29.3,0.046494010607986344,0.08594866587554122,3.144672638758731,31.150000000000002
414,synthetic_planning_reference,0.0533333333325572,0.0876091757368445,2.91049906401152,29.35,0.05943052914659512,0.09682855067916368,3.1358327909823434,31.1
415,synthetic_planning_reference,0.0699999999989814,0.0915763465590741,3.12101829399355,26.85,0.07860339358776489,0.10140378555299913,3.3870851516235856,28.450000000000003
416,synthetic_planning_reference,0.052499999999236,0.0871315007826556,3.29044178643142,29.75,0.05964873332690142,0.09634557843740096,3.55121969204815,31.6
417,synthetic_planning_reference,0.0366666666661331,0.0681923802974514,2.81421186997291,26.35,0.04138185370671685,0.07571216600094091,3.0314088753509383,27.950000000000003
418,synthetic_planning_reference,0.052499999999236,0.0758418305450793,3.10365332109257,29.5,0.05842014111384959,0.08313180900565208,3.3569235362499374,31.3
419,synthetic_planning_reference,0.0674999999990177,0.0832022612091803,3.00586670568244,29.25,0.07537066562165898,0.09162488183517048,3.2391953755150853,30.950000000000003
420,synthetic_planning_reference,0.0466666666659876,0.0601839469904175,3.2450589236001,29.7,0.051557046189220676,0.06693076792228234,3.526833639718887,31.450000000000003
421,synthetic_planning_reference,0.0774999999988722,0.0716128462130629,3.12381684561888,29.5,0.08670744459158726,0.07832731197671398,3.362266892845267,31.400000000000002
422,synthetic_planning_reference,0.0416666666660603,0.0826255034954771,3.14553852044441,30.05,0.04667452618463208,0.09128279680360153,3.391475451525897,31.8
423,synthetic_planning_reference,0.0374999999994543,0.0580329118985256,2.98741523708401,27.85,0.042662593670195335,0.06435091251577087,3.243027045429943,29.5
424,synthetic_planning_reference,0.0499999999992724,0.0769744103169468,2.90601684525178,28.85,0.05591954293059257,0.08480065173987228,3.147129749818818,30.5
425,synthetic_planning_reference,0.0374999999994543,0.0621665095925727,2.78109218002696,29.5,0.04271772203136227,0.06918556065614942,2.968955723035953,31.25
426,synthetic_planning_reference,0.0366666666661331,0.0616661116373131,2.92495661220348,28.6,0.04125365161135061,0.06817601819208254,3.143370000524893,30.3
427,synthetic_planning_reference,0.0449999999993452,0.0567400316241435,2.92090675904798,30.15,0.050669280089945305,0.06297497727091009,3.1635266798887556,31.950000000000003
428,synthetic_planning_reference,0.0574999999991633,0.0562289099479694,2.77718071441193,28.65,0.06487608532407602,0.061316065816220525,2.99915367304345,30.400000000000002
429,synthetic_planning_reference,0.044166666666024,0.0699183097257277,3.02375541341002,28.3,0.049718660319400185,0.07719233354437174,3.290990615915168,30.0
430,synthetic_planning_reference,0.0691666666656602,0.0594314318653017,2.6140153027944,29.7,0.0768340500064883,0.06459004833531795,2.823749207875507,31.450000000000003
431,synthetic_planning_reference,0.0558333333325209,0.0691325989365594,2.84151094775186,29.45,0.06171908938718325,0.0766584365649292,3.0664612890836596,31.25
432,synthetic_planning_reference,0.0741666666655874,0.0975775614745335,3.17095762738491,29.0,0.08368050030320932,0.10725101554318937,3.4523934497265407,30.75
433,synthetic_planning_reference,0.0349999999994907,0.061533868828919,2.68348277945266,28.05,0.03965710257053255,0.06840814092966628,2.8928204564529256,29.75
434,synthetic_planning_reference,0.0341666666661695,0.0767305657913108,3.31429541969245,28.55,0.03926604208339444,0.08463834169523135,3.569692311799821,30.25
435,synthetic_planning_reference,0.0583333333324845,0.058873312548626,3.49526422553697,29.4,0.06554070804678007,0.06661871666403059,3.7692963003484694,31.200000000000003
436,synthetic_planning_reference,0.0433333333327027,0.0840933951901024,3.50995934458724,29.05,0.047700631428892026,0.0920665095185674,3.8004299583873076,30.8
437,synthetic_planning_reference,0.0424999999993815,0.0620586472014305,3.23283647494499,28.65,0.048182570028391894,0.06831394330615619,3.5077302453228123,30.400000000000002
438,synthetic_planning_reference,0.0383333333327755,0.0677024295759637,2.9776600828425,28.5,0.0426902583322426,0.07433626186658433,3.1945784858503607,30.150000000000002
439,synthetic_planning_reference,0.0616666666657693,0.0815547415190547,3.26218549854236,29.95,0.06910673368577694,0.08977550180466075,3.52297881812534,31.75
440,synthetic_planning_reference,0.0574999999991633,0.0815178991508567,3.13906230365786,30.1,0.06428713980127519,0.09001137379048811,3.387855027897712,31.950000000000003
441,synthetic_planning_reference,0.044166666666024,0.0817196517599734,3.15980519309481,28.9,0.049744776982250556,0.0902036290862403,3.4386858490720877,30.650000000000002
442,synthetic_planning_reference,0.0449999999993452,0.0951143460877263,2.94625613294573,29.0,0.05055335854451983,0.1045183047972502,3.1762747174656116,30.8
443,synthetic_planning_reference,0.0449999999993452,0.0798888874396252,3.00903640200683,28.95,0.050547803270783405,0.0881618950887835,3.2663501491086975,30.650000000000002
444,synthetic_planning_reference,0.0666666666656965,0.0704702342623856,3.37221630645663,29.4,0.07475609393654908,0.07684217227000617,3.6504595086851204,31.200000000000003
445,synthetic_planning_reference,0.0508333333325936,0.074225478284997,2.25083753512971,29.45,0.05603265495790489,0.08170359555129443,2.4110107870146273,31.25
446,synthetic_planning_reference,0.0574999999991633,0.0657616889250295,3.2407166115356,28.95,0.06477773948931216,0.07197338384521555,3.5066714139108988,30.650000000000002
447,synthetic_planning_reference,0.0616666666657693,0.0761739476497935,2.6192297258744,28.35,0.06930944441375558,0.08327121782377649,2.8304374414997904,30.05
448,synthetic_planning_reference,0.0508333333325936,0.0743502721779995,2.9432024824752,27.05,0.057735661047362004,0.08155101367080339,3.205366269908495,28.6
449,synthetic_planning_reference,0.0566666666658421,0.0609727200985091,3.26988960582279,29.55,0.0638970446927867,0.06636253912668222,3.5382346714249575,31.35
450,synthetic_planning_reference,0.0466666666659876,0.0886244155182123,3.20199916081923,29.7,0.05323557864575011,0.09662982978016177,3.431290443594698,31.55
451,synthetic_planning_reference,0.0599999999991269,0.0772763283570742,3.22205185680582,29.8,0.06650733857752598,0.0851479767111218,3.487938769188361,31.6
452,synthetic_planning_reference,0.0624999999990905,0.086250125530261,3.03222305110586,28.9,0.07043792129519788,0.0940525917680574,3.2755510099502807,30.700000000000003
453,synthetic_planning_reference,0.0258333333329574,0.0557523680094842,2.8016531529921,29.0,0.028881732609595784,0.0613263557383241,3.0173999047336224,30.75
454,synthetic_planning_reference,0.0549999999991996,0.0582020260901463,3.17081062849746,28.9,0.062399689985768315,0.06410766870626984,3.4334020143431294,30.650000000000002
455,synthetic_planning_reference,0.0583333333324845,0.0742454154211617,2.70720815330072,28.9,0.06427088055212184,0.08167230690623604,2.8998833604834466,30.650000000000002
456,synthetic_planning_reference,0.0408333333327391,0.0698440742848606,3.05468872341571,28.55,0.04562947253304276,0.07634731440459676,3.304415505231316,30.25
457,synthetic_planning_reference,0.0266666666662786,0.0640988971806098,2.81774135817634,29.3,0.029979777755526817,0.07132803965449457,3.0338745354909946,31.05
458,synthetic_planning_reference,0.0783333333321934,0.079309761496069,3.19246327035166,29.35,0.08726459310043312,0.08674946837856774,3.4667173045465254,31.150000000000002
459,synthetic_planning_reference,0.052499999999236,0.0688423661094339,3.18640954430907,28.25,0.05916215794510249,0.07532590372556741,3.4294720553195233,29.950000000000003
460,synthetic_planning_reference,0.0508333333325936,0.0794754467226788,3.14642057665332,28.2,0.05689019135203076,0.08662843574310734,3.4002615453222527,29.950000000000003
461,synthetic_planning_reference,0.0641666666657329,0.0655377769187685,3.0063528988752,29.7,0.07163942714217124,0.07192873590461253,3.236302863665015,31.55
462,synthetic_planning_reference,0.0516666666659148,0.0854068307210404,3.22227825639784,27.75,0.05698049438087354,0.09454062972192352,3.4951516532611597,29.35
463,synthetic_planning_reference,0.0516666666659148,0.0740356262183144,3.21697676251272,29.9,0.057922474563392674,0.08072159061902985,3.4982044607653955,31.650000000000002
464,synthetic_planning_reference,0.0316666666662059,0.0496643373505601,3.26744866812941,29.65,0.03596624868492936,0.05475009144360932,3.528468660867013,31.400000000000002
465,synthetic_planning_reference,0.0733333333322662,0.0896279809464577,3.29106786827874,29.45,0.08060457898506963,0.09849607692468837,3.5709017493750896,31.3
466,synthetic_planning_reference,0.0474999999993088,0.0707436693054458,3.24775869084731,29.4,0.05384150184767282,0.07700496491230398,3.5081850976588584,31.200000000000003
467,synthetic_planning_reference,0.0449999999993452,0.0730609111669216,2.63167339139452,29.1,0.05010908437027415,0.08051767319661565,2.8175515468859875,30.8
468,synthetic_planning_reference,0.0491666666659512,0.0886988074886939,2.94770418957059,28.6,0.05533616263275104,0.09692036935549649,3.1904062597951732,30.200000000000003
469,synthetic_planning_reference,0.0583333333324845,0.0607095410841034,3.11625854781944,29.15,0.0658118219741617,0.06622214225852409,3.369856563632934,30.900000000000002
470,synthetic_planning_reference,0.0716666666656238,0.0697393462928545,2.71891821430011,28.5,0.08099624938870968,0.0769085649324031,2.9123710571076264,30.25
471,synthetic_planning_reference,0.0733333333322662,0.0744313768970162,3.53356803444233,30.4,0.08121040545539389,0.08197765840048685,3.8274357939989363,32.25
472,synthetic_planning_reference,0.04833333333263,0.0822859436773674,3.13604905639624,28.75,0.055117337566889614,0.09121004104482566,3.388239480812241,30.5
473,synthetic_planning_reference,0.0574999999991633,0.0821480045904538,2.58470760642503,27.75,0.0630866159787119,0.09002233330656284,2.798181851923332,29.400000000000002
474,synthetic_planning_reference,0.0349999999994907,0.0572215823382235,3.08143650166773,27.75,0.039300256476954384,0.06207187080156724,3.3117123558403834,29.3
475,synthetic_planning_reference,0.0508333333325936,0.0794832798459883,2.91384796535747,29.35,0.05639255130813432,0.0866282509553746,3.123935035624978,31.1
476,synthetic_planning_reference,0.0583333333324845,0.086070890329309,3.21384333666454,29.1,0.0655842463830742,0.09397187998014166,3.4951053206397917,30.85
477,synthetic_planning_reference,0.0383333333327755,0.0844794432304868,2.63290758578559,28.9,0.04282200771462829,0.09311808410697527,2.8220699705851255,30.6
478,synthetic_planning_reference,0.072499999998945,0.062077853011177,3.05705806644386,28.9,0.07989452666294748,0.0674840706622935,3.2704083529851826,30.6
479,synthetic_planning_reference,0.0358333333328119,0.076667107245817,3.29504867175672,29.7,0.04024450481476575,0.08527594002692136,3.5628577242314945,31.5
480,synthetic_planning_reference,0.0399999999994179,0.0684399123375477,2.87208638825251,28.55,0.044734819861936705,0.07537430586979434,3.0946213906371005,30.150000000000002
481,synthetic_planning_reference,0.0458333333326664,0.0421689622893957,2.74546472516583,29.55,0.05192716751383129,0.04594526793924609,2.951013863061782,31.3
482,synthetic_planning_reference,0.0491666666659512,0.0765529645285141,3.03839398727283,28.35,0.05504975120444073,0.08406324356507948,3.298986209170169,30.1
483,synthetic_planning_reference,0.0316666666662059,0.0662601360045809,2.82111070345068,28.95,0.03524861966392996,0.0734132957942332,3.0293245631235104,30.6
484,synthetic_planning_reference,0.052499999999236,0.0811477507201843,3.26239889651056,29.65,0.05848169031982206,0.088004243376596,3.543320824055921,31.5
485,synthetic_planning_reference,0.0616666666657693,0.0753412580376589,3.14613718341934,27.8,0.0674087051518777,0.08243151905129611,3.4171512096117884,29.35
486,synthetic_planning_reference,0.0416666666660603,0.0677125964943014,2.98554562059859,27.15,0.04640083781984394,0.07537676737814193,3.2012813886122475,28.8
487,synthetic_planning_reference,0.0191666666663878,0.0353751514261434,2.81939259263278,28.95,0.02171428481602063,0.038580038744358426,3.057103877631217,30.75
488,synthetic_planning_reference,0.0416666666660603,0.0612214953073165,2.5607920166544,29.95,0.04748496003800871,0.06773030962508512,2.735052873186256,31.8
489,synthetic_planning_reference,0.0491666666659512,0.0717876758480312,3.680815637199,29.8,0.05507817898404263,0.0785771738803816,3.9837104833105816,31.6
490,synthetic_planning_reference,0.0416666666660603,0.068985247923602,3.22472671833434,27.0,0.04694122211250932,0.0759636335558199,3.4865924362539427,28.650000000000002
491,synthetic_planning_reference,0.0666666666656965,0.0755297377175307,3.16182799135447,29.45,0.07432483090686241,0.08370816133070007,3.427286636200924,31.200000000000003
492,synthetic_planning_reference,0.0466666666659876,0.0739027138181037,2.85423827919121,28.35,0.05288950177897071,0.08158502638067527,3.060099755675764,30.0
493,synthetic_planning_reference,0.0649999999990541,0.0619552831884153,3.15603433280448,27.45,0.07216549420091006,0.06840943310753685,3.4011927806912814,29.05
494,synthetic_planning_reference,0.0616666666657693,0.0831570895924318,3.26790581720854,30.05,0.06876276403149272,0.09163096144771908,3.5528731956408865,31.85
495,synthetic_planning_reference,0.0399999999994179,0.0714237492273818,2.82597732756982,29.2,0.044379769258240526,0.0792717494788746,3.0568253090995197,30.900000000000002
496,synthetic_planning_reference,0.0374999999994543,0.061841171801451,2.90135265542304,29.65,0.04304913453777019,0.06771580963022711,3.130325537743649,31.400000000000002
497,synthetic_planning_reference,0.0558333333325209,0.075625766586763,2.9751767151032,28.7,0.06218605993240834,0.08332449350691001,3.1985421773896765,30.35
498,synthetic_planning_reference,0.0366666666661331,0.0564964103072413,2.76224788782686,28.35,0.040994166730827064,0.06210236178272916,2.9797111148035067,30.05
499,synthetic_planning_reference,0.0516666666659148,0.0576681289642815,3.04860234314205,28.85,0.058427098242542205,0.06392066989732452,3.286172224990489,30.55
500,synthetic_planning_reference,0.0474999999993088,0.0751042356364705,3.48039803379069,26.6,0.05337650425577932,0.08331860793663819,3.7811783890205,28.1
501,synthetic_planning_reference,0.052499999999236,0.0779019699898571,3.16648527353265,29.0,0.058882351951646004,0.0852343205964367,3.4126717586946893,30.75
502,synthetic_planning_reference,0.0508333333325936,0.083998881028255,2.92535233506826,29.3,0.057094689193374785,0.09143771194070856,3.155026696032331,31.0
503,synthetic_planning_reference,0.0558333333325209,0.0791969486633314,2.81036080465365,29.65,0.062222945467968346,0.08798993876800121,3.023867259095578,31.450000000000003
504,synthetic_planning_reference,0.0424999999993815,0.0659680958844254,2.50705170863728,28.55,0.047170656565172386,0.07149449103344273,2.7022204762125375,30.3
505,synthetic_planning_reference,0.0449999999993452,0.0687104882043464,2.9214472474379,28.75,0.05051565059151843,0.07587307932101461,3.157198012967804,30.450000000000003
506,synthetic_planning_reference,0.0458333333326664,0.0694785493968538,3.42093532974654,26.85,0.051669672020286835,0.07639417904846972,3.7037323516145446,28.3
507,synthetic_planning_reference,0.0399999999994179,0.0619228090357534,3.4643370749712,29.3,0.045238712103742994,0.06744655376435567,3.759289650918838,31.05
508,synthetic_planning_reference,0.0599999999991269,0.0689811754402875,2.94494654528738,27.45,0.06716938160596947,0.07634027234538994,3.1724742835724618,29.05
509,synthetic_planning_reference,0.0391666666660967,0.0674729121669571,3.2046155920183,29.1,0.044040088176822735,0.07506607940152636,3.459804352524396,30.85
510,synthetic_planning_reference,0.0541666666658784,0.0630961329553898,2.90459088341685,29.55,0.06141120836247408,0.06950070647057763,3.121079778980628,31.400000000000002
511,synthetic_planning_reference,0.0641666666657329,0.0819500365298862,2.5257317910527,30.15,0.07158499187604968,0.0892743368363906,2.717209261889334,32.0
512,synthetic_planning_reference,0.052499999999236,0.0665441784389034,3.24028996052553,28.25,0.059768265137882345,0.07295836706475832,3.518124969001501,29.85
513,synthetic_planning_reference,0.0558333333325209,0.0889216567161552,3.47134661572881,27.45,0.06273123088102461,0.09762564468817812,3.765619987720375,29.05
514,synthetic_planning_reference,0.0299999999995634,0.0698786865007098,3.24823023646346,28.4,0.03334343634663564,0.07737757003927247,3.5395382941996174,30.150000000000002
515,synthetic_planning_reference,0.0433333333327027,0.0658189033215321,2.96462393509772,27.35,0.04894815622739674,0.07228376804877307,3.1960278357055523,28.950000000000003
516,synthetic_planning_reference,0.0358333333328119,0.0682680786392995,3.16029858777937,29.8,0.04065773794211061,0.07450298085547791,3.442785966048062,31.6
517,synthetic_planning_reference,0.0324999999995271,0.075031893817391,3.08752851474413,28.8,0.03693864947214803,0.08234039572986232,3.3368023026674254,30.5
518,synthetic_planning_reference,0.0691666666656602,0.0813673835850805,2.88966629393152,29.35,0.07691073839706206,0.08927744730107134,3.1103483098857625,31.1
519,synthetic_planning_reference,0.0416666666660603,0.0934427648079425,2.96498114822903,27.75,0.04632477438342305,0.10340820307976482,3.196764380913332,29.400000000000002
520,synthetic_planning_reference,0.052499999999236,0.0686348808317236,2.54153879371118,26.7,0.05901831920323019,0.07517240322449284,2.7321860508088194,28.3
521,synthetic_planning_reference,0.0399999999994179,0.0573508824078558,2.73129484723837,29.15,0.04589814896107787,0.06301360068240905,2.946384249630916,30.85
522,synthetic_planning_reference,0.0716666666656238,0.0734107160341762,2.9926781043497,29.15,0.07996031744405273,0.08051548645075335,3.2252919407382157,30.950000000000003
523,synthetic_planning_reference,0.0583333333324845,0.0898348371479518,2.93515399592804,28.7,0.06551680571990788,0.0987476752115733,3.1694898039104427,30.400000000000002
524,synthetic_planning_reference,0.0499999999992724,0.0769642479305096,2.93321311842579,28.55,0.056024635503704734,0.08468747754597376,3.1772584689985064,30.3
525,synthetic_planning_reference,0.0341666666661695,0.0621381018137029,2.5923839672691,29.5,0.03753636505729653,0.06817435812560474,2.7933216430945342,31.25
526,synthetic_planning_reference,0.0666666666656965,0.0758263990095766,3.64246829091147,28.55,0.07561021644720914,0.08366641489305221,3.9790098593313514,30.35
527,synthetic_planning_reference,0.052499999999236,0.0849528326928469,2.68710956160883,29.6,0.059335922223519855,0.09404931827270256,2.876444010988583,31.400000000000002
528,synthetic_planning_reference,0.0424999999993815,0.0761363467107588,3.83651080684731,29.7,0.04745043095987696,0.0850257116024337,4.162696874454597,31.5
529,synthetic_planning_reference,0.04833333333263,0.0754532355847998,3.0585820828272,30.0,0.05436689100739647,0.08288725482022243,3.318575771837075,31.85
530,synthetic_planning_reference,0.0466666666659876,0.0751721830741947,2.89870702499376,26.6,0.05303480368260055,0.08216812974188062,3.1248895656147484,28.150000000000002
531,synthetic_planning_reference,0.0333333333328483,0.0749420336914361,2.60977321725427,26.8,0.03729604906807468,0.08271336716096728,2.8153083613727587,28.35
532,synthetic_planning_reference,0.0491666666659512,0.0681663381263375,3.31958331425092,27.3,0.05539327775196556,0.07555380394195695,3.6015428403507275,28.85
533,synthetic_planning_reference,0.0674999999990177,0.079538295034338,2.87798819128587,29.1,0.07587063298990261,0.08752925393568207,3.0902617351688106,30.8
534,synthetic_planning_reference,0.0566666666658421,0.0779154204212698,3.14908442651385,28.5,0.06315121318997277,0.0853453163693287,3.410486114721488,30.200000000000003
535,synthetic_planning_reference,0.0591666666658057,0.0797960429593852,2.86435101487858,29.25,0.06600239281125682,0.08743820064907516,3.0808574779473807,30.900000000000002
536,synthetic_planning_reference,0.0533333333325572,0.0683207400862717,3.12790809296685,28.4,0.05992973471121489,0.07522069848577895,3.387205534107838,30.05
537,synthetic_planning_reference,0.0383333333327755,0.0708792760506448,2.48973710595807,25.65,0.04444530584003996,0.07717769059227163,2.699918266868751,27.150000000000002
538,synthetic_planning_reference,0.0674999999990177,0.0808474194736652,2.92809312466984,29.25,0.07501313296546258,0.08934322330993795,3.1580694371304614,30.950000000000003
539,synthetic_planning_reference,0.0591666666658057,0.0629708889142158,3.2268354758682,28.9,0.06609763062821691,0.0701778918357903,3.4824363826958145,30.650000000000002
540,synthetic_planning_reference,0.0416666666660603,0.075117769894732,2.96505028511238,29.2,0.046760045912234906,0.08310882189724425,3.2051369771674842,30.950000000000003
541,synthetic_planning_reference,0.0416666666660603,0.0726546520064636,3.0989651455209,27.75,0.04720581620384661,0.07914442580216287,3.3231910672399887,29.400000000000002
542,synthetic_planning_reference,0.0624999999990905,0.0859845469009245,3.57704479739678,28.5,0.06978178958594133,0.09356566879813238,3.885578655848475,30.25
543,synthetic_planning_reference,0.0499999999992724,0.0704533042184346,3.07038239468406,29.65,0.05650571251695039,0.07816412233588309,3.290682838168437,31.400000000000002
544,synthetic_planning_reference,0.0399999999994179,0.0667370385296805,2.83124505988369,30.25,0.043895195237045985,0.07379874444835392,3.0608429457826043,32.050000000000004
545,synthetic_planning_reference,0.0649999999990541,0.0822131693427896,2.96586819380389,28.45,0.07298002510557629,0.09047742042374503,3.2164213101077697,30.200000000000003
546,synthetic_planning_reference,0.0666666666656965,0.0809301281140525,3.07285746177329,28.6,0.07566079813386888,0.0884276299961383,3.3088415328203826,30.35
547,synthetic_planning_reference,0.0399999999994179,0.0739819839872739,3.2840543946885,29.3,0.04326439389181131,0.08139043810016473,3.5240847111679727,31.1
548,synthetic_planning_reference,0.028333333332921,0.0625315388665492,2.8852510671311,29.75,0.03255938460969261,0.06854834152230516,3.1260173354655,31.6
549,synthetic_planning_reference,0.0316666666662059,0.0577788861955158,3.13466632794522,28.75,0.03551133918998911,0.06328119456466162,3.353663754921699,30.5
550,synthetic_planning_reference,0.0758333333322298,0.07847171843959,2.61694242317036,28.6,0.0846834226728419,0.08715369153434656,2.8413080204838796,30.25
551,synthetic_planning_reference,0.0308333333328846,0.0695018579480685,2.69765987894892,28.85,0.03487582145304928,0.07668039489483919,2.938996890007829,30.6
552,synthetic_planning_reference,0.0391666666660967,0.0624827427044025,3.32797513211823,27.8,0.04431853518838506,0.06977147842728156,3.621551558415756,29.400000000000002
553,synthetic_planning_reference,0.0583333333324845,0.0667918180935056,2.8079380612247,29.75,0.0647266960891228,0.07376802016126716,3.0096620495733384,31.650000000000002
554,synthetic_planning_reference,0.0649999999990541,0.0745540098313806,3.12870941413698,29.8,0.07218967705339953,0.08155468050677095,3.36322509483336,31.55
555,synthetic_planning_reference,0.052499999999236,0.0828901742262979,2.73785556319101,28.6,0.05863906449698547,0.09213839902448935,2.92862856302796,30.25
556,synthetic_planning_reference,0.0458333333326664,0.0566781630581643,3.51690917219309,29.45,0.052141239248511065,0.06273309025259328,3.793326187955854,31.25
557,synthetic_planning_reference,0.0499999999992724,0.0741246209289095,3.29314206002054,30.0,0.05611776424406441,0.08162547309855353,3.5591751125816233,31.8
558,synthetic_planning_reference,0.0449999999993452,0.0635538408782573,3.19335967009448,28.9,0.0509343699990016,0.06937230169939443,3.46744726673357,30.6
559,synthetic_planning_reference,0.0574999999991633,0.0719862222576985,2.47494186950988,29.05,0.06428566311212815,0.07975727070844009,2.676492061626061,30.8
560,synthetic_planning_reference,0.0424999999991996,0.0633040292948827,3.21926108775379,29.5,0.04823032363250148,0.06997289488350386,3.498328157542662,31.25
561,synthetic_planning_reference,0.0633333333324117,0.059709231839474,2.91236918309751,29.95,0.07102377573394222,0.06536992192353909,3.1399013497139956,31.85
562,synthetic_planning_reference,0.0374999999996362,0.0598277550342782,2.59844653972667,29.35,0.04219534938953279,0.06602073015247825,2.801182663070076,31.05
563,synthetic_planning_reference,0.0616666666657693,0.0700940923555438,2.80321084053534,29.65,0.06773365573164798,0.07649929556313476,3.012567148426682,31.450000000000003
564,synthetic_planning_reference,0.0516666666657329,0.0749849898376331,3.03581772632035,28.55,0.05719932552886729,0.08151286778050693,3.260160273278032,30.25
565,synthetic_planning_reference,0.0358333333328119,0.0580750898334231,2.92388109662551,29.1,0.040649015670011404,0.06344167766969669,3.152240784828927,30.8
566,synthetic_planning_reference,0.0408333333327391,0.0616209962640128,3.17519175789319,29.4,0.04581117047438254,0.06813759288729043,3.448741243249425,31.1
567,synthetic_planning_reference,0.036666666666315,0.0575774925903468,2.94255044717251,29.35,0.0411347939227224,0.06369033053591913,3.1786497225506,31.150000000000002
568,synthetic_planning_reference,0.0483333333328119,0.0986865078408231,3.04644784293061,28.35,0.05468261912183967,0.10846294973050856,3.2860839415751157,30.1
569,synthetic_planning_reference,0.0366666666661331,0.0607532145705176,2.85906884093643,28.4,0.04180700146260632,0.06693820305284698,3.074876342280809,30.1
570,synthetic_planning_reference,0.0474999999993088,0.0537114737404668,3.45578639104552,26.3,0.05304335414696537,0.058928055912407996,3.732438273866316,27.8
571,synthetic_planning_reference,0.0608333333324481,0.0754507712486899,2.77475853978727,29.15,0.0679130872789313,0.0839075606690605,3.0050021818838926,30.900000000000002
572,synthetic_planning_reference,0.0541666666658784,0.0529022179647713,3.40568631155607,28.55,0.05999514603011012,0.058467077520694195,3.697321951203183,30.25
573,synthetic_planning_reference,0.036666666666315,0.0543326494533446,3.22415831397875,28.25,0.04006641551315402,0.05976447387208332,3.4793279747163166,29.950000000000003
574,synthetic_planning_reference,0.0383333333324117,0.0644280823185403,3.13708349350367,28.45,0.04464185781557666,0.07116712784872331,3.3888665165363263,30.150000000000002
575,synthetic_planning_reference,0.0358333333328119,0.0673204365885127,3.01276514679479,28.05,0.04040173513187248,0.07301896689561806,3.2516776834256,29.650000000000002
576,synthetic_planning_reference,0.0608333333324481,0.0711460869953278,3.13209320171103,30.0,0.0683175428705643,0.07794384294415872,3.368233912620023,31.900000000000002
577,synthetic_planning_reference,0.0533333333325572,0.0843984363055617,2.93773019638657,27.45,0.05855125774085532,0.09251174472283973,3.1605209768411813,29.05
578,synthetic_planning_reference,0.0408333333327391,0.0676030622793658,2.58547283587977,26.1,0.046640728151515265,0.07525121850127733,2.8066840025007638,27.650000000000002
579,synthetic_planning_reference,0.0408333333327391,0.0578719892764003,2.82138773552366,25.95,0.04644112230705062,0.06423110824268043,3.0362966727638123,27.5
580,synthetic_planning_reference,0.0516666666657329,0.0602861076991554,3.10660207953486,29.25,0.05803149987752095,0.06636521763212815,3.3460573100541406,31.05
581,synthetic_planning_reference,0.0499999999990905,0.0718937559274807,2.61609603059084,28.0,0.05631810822169547,0.07890143862216274,2.8277203413317276,29.650000000000002
582,synthetic_planning_reference,0.0624999999992724,0.0712227749681754,2.7578058957319,27.4,0.07003891574344326,0.07832732568889414,2.964805785194824,28.950000000000003
583,synthetic_planning_reference,0.044166666666024,0.0585679840344672,3.13307519049661,28.85,0.04836796179868387,0.06469746848548523,3.380367047496335,30.6
584,synthetic_planning_reference,0.0441666666658421,0.0710026714407958,3.2668994721104,29.45,0.04998997732524343,0.07920090725050172,3.5466564609954596,31.25
585,synthetic_planning_reference,0.0616666666659512,0.0691667839236467,3.13138253464877,28.65,0.06914296981004864,0.07652924433598471,3.3821489224883963,30.35
586,synthetic_planning_reference,0.0383333333327755,0.0546030742564955,2.96263452413287,29.85,0.04280355141416753,0.05921449618865169,3.181675754832109,31.700000000000003
587,synthetic_planning_reference,0.0416666666658784,0.0629104538937262,2.91026902584503,28.9,0.046671462995113044,0.06996761278204833,3.1335439930155315,30.650000000000002
588,synthetic_planning_reference,0.0549999999993815,0.0787966159988972,3.07381685066392,29.4,0.06060456837732509,0.08591702791263948,3.324700461809585,31.200000000000003
589,synthetic_planning_reference,0.0474999999993088,0.0708641780152612,3.1124103534879,28.25,0.05394678705211649,0.07842769292582795,3.3592896286395315,30.0
590,synthetic_planning_reference,0.0649999999990541,0.0872239385090792,2.5788365646074,28.55,0.0723319736731973,0.09556203295717597,2.776655554236885,30.3
591,synthetic_planning_reference,0.0499999999994543,0.0631356735785817,3.28106242733376,28.95,0.05616273458483136,0.06953926057613165,3.5516122122457636,30.75
592,synthetic_planning_reference,0.0558333333327028,0.087973925724877,2.99223022059859,29.25,0.06196676895260057,0.09727065882037661,3.2074777392660003,31.0
593,synthetic_planning_reference,0.0674999999990177,0.0869812991870162,2.89430864301488,27.75,0.07574509363630985,0.09675657233854226,3.1410159693671784,29.400000000000002
594,synthetic_planning_reference,0.0466666666659876,0.0634978484419722,2.72007428366117,29.2,0.05336874476880738,0.06920501862948111,2.922672849114759,30.950000000000003
595,synthetic_planning_reference,0.0674999999988359,0.0760261450917578,3.67370415178672,29.05,0.07514134706142561,0.08358568384009255,3.979058744580845,30.8
596,synthetic_planning_reference,0.0658333333323753,0.0914578607661687,2.72962874785103,29.6,0.07450392057327265,0.10044822892403059,2.9582473675946326,31.35
597,synthetic_planning_reference,0.0616666666659512,0.092987523460231,3.35155789871605,29.1,0.06914692485185006,0.10199233189941999,3.623650636314546,30.85
598,synthetic_planning_reference,0.04833333333263,0.0842952504724178,2.66070409740982,28.6,0.05367565055560406,0.09323717839410098,2.854231914594146,30.3
599,synthetic_planning_reference,0.0741666666655874,0.0927661419244903,2.72229251553038,27.85,0.08308725014505433,0.10273085114115475,2.941609127605806,29.5
600,synthetic_planning_reference,0.0491666666659512,0.0727141293583432,2.91790125246996,29.7,0.05559204121340464,0.07968300865505148,3.1544082468532437,31.5
601,synthetic_planning_reference,0.0349999999994907,0.0691074306551508,2.46867014007803,29.8,0.03894017653119984,0.07546995690028904,2.6500234304169203,31.6
602,synthetic_planning_reference,0.032499999999709,0.0598389017020253,2.70570848648267,28.9,0.03684685153975624,0.06561557659188126,2.891896653944445,30.75
603,synthetic_planning_reference,0.0449999999993452,0.0908350119251229,2.86303991492155,30.05,0.05105963011005415,0.1005995854865316,3.095817895166221,31.85
604,synthetic_planning_reference,0.0558333333325209,0.0717668260757517,3.26849232701491,29.2,0.0622478062187522,0.07910689794346061,3.5279673038505424,31.0
605,synthetic_planning_reference,0.0341666666661695,0.0717993749841811,3.03188120057047,28.95,0.03893679973417835,0.07914425187575508,3.2823751069520277,30.75
606,synthetic_planning_reference,0.0508333333327755,0.0729609327051152,3.26249147202198,28.7,0.056182522899190686,0.08030080703912672,3.5265636376652183,30.450000000000003
607,synthetic_planning_reference,0.0491666666657693,0.0687416017929954,2.77740838851671,26.7,0.05503799419302013,0.07641448911951046,2.985097342868577,28.35
608,synthetic_planning_reference,0.0508333333324117,0.0871821823996101,2.68980118450253,29.55,0.0561747762927477,0.0954302902256233,2.884053286456368,31.3
609,synthetic_planning_reference,0.0416666666662422,0.0538458258510082,3.14010413425696,28.5,0.04704172155796973,0.05995711489811052,3.3835846988993574,30.200000000000003
610,synthetic_planning_reference,0.052499999999236,0.0660800344068505,2.8957616066683,28.65,0.05872162168853894,0.0735224062999417,3.1077804106736355,30.35
611,synthetic_planning_reference,0.0374999999994543,0.0752512766341015,3.21619895176101,29.0,0.042705690575770484,0.08305162666115525,3.445793833209821,30.700000000000003
612,synthetic_planning_reference,0.0391666666659148,0.0842028321849862,2.74835118721452,29.2,0.04349197112917569,0.09285536672593253,2.955492855938085,30.950000000000003
613,synthetic_planning_reference,0.0833333333321207,0.0833452489224623,3.13382016085117,28.3,0.09357813634301086,0.09116742050975461,3.390350359828621,30.0
614,synthetic_planning_reference,0.0424999999993815,0.0630694835737937,3.35827323294826,29.0,0.047903120998830706,0.06925811458416556,3.6481582364112524,30.75
615,synthetic_planning_reference,0.0658333333325572,0.0891050991586214,2.86940378030576,28.5,0.07400224401816113,0.09858432152516859,3.1204880557685915,30.25
616,synthetic_planning_reference,0.028333333332921,0.048523211244783,2.90026682848292,28.75,0.03158601007950011,0.05327727063604598,3.131574846219405,30.450000000000003
617,synthetic_planning_reference,0.0508333333325936,0.07204307167773,2.98482845419526,27.95,0.05666720724052799,0.07990703546248658,3.2303568082282674,29.6
618,synthetic_planning_reference,0.0466666666659876,0.0604918469146215,3.15794140482942,29.25,0.051623668329595127,0.06658508078921394,3.3851202810041583,31.05
619,synthetic_planning_reference,0.0641666666659148,0.0781107245188855,2.89854444021799,28.7,0.07161971314444007,0.08532189426381738,3.1256494554079777,30.400000000000002
620,synthetic_planning_reference,0.0458333333326664,0.0850527297638573,2.6187297634564,26.5,0.05008132546466164,0.0932159194282548,2.8127277853557917,28.05
621,synthetic_planning_reference,0.044166666666024,0.0832398304867656,2.82177435167649,29.25,0.0496952428734636,0.09183316151111996,3.041874154256123,30.950000000000003
622,synthetic_planning_reference,0.0474999999993088,0.0746607361684592,2.72756126803643,29.55,0.05213247132756092,0.08245297422198625,2.9364120212706566,31.35
623,synthetic_planning_reference,0.0491666666659512,0.0711720981627792,2.90766482136218,28.55,0.05427635412073685,0.07808929709550924,3.121795727220702,30.3
624,synthetic_planning_reference,0.0758333333322298,0.0866601526423136,2.72858590867893,29.65,0.08466154959342279,0.09475486640772934,2.941673954185084,31.450000000000003
625,synthetic_planning_reference,0.0291666666664241,0.0814065018838545,2.99307240107817,29.6,0.03329786422674564,0.08874305767832653,3.2377474419798045,31.400000000000002
626,synthetic_planning_reference,0.04833333333263,0.07387421366119,2.96737327495636,29.5,0.05394911294179176,0.08007244519783076,3.1890917141062967,31.3
627,synthetic_planning_reference,0.0508333333325936,0.0732186161065752,3.03992708590018,29.05,0.05720756480927796,0.08055926005258711,3.2922370933794345,30.85
628,synthetic_planning_reference,0.0549999999990177,0.0760356197332925,2.70272132497256,28.35,0.06123792708177818,0.08378613565053362,2.92760714514386,30.1
629,synthetic_planning_reference,0.0341666666661695,0.0676779159865469,2.81890310642134,29.15,0.03867284148133881,0.07512397897036992,3.030710956347575,30.85
630,synthetic_planning_reference,0.0408333333325572,0.0878841353694549,2.97866166901028,26.95,0.04516560617332906,0.09607812986252562,3.241435696856032,28.450000000000003
631,synthetic_planning_reference,0.0458333333326664,0.0703119750270275,2.87109021117817,28.15,0.05199068447032217,0.07695147389053235,3.0813605813936475,29.8
632,synthetic_planning_reference,0.0416666666662422,0.0715487969154956,3.26559241391234,29.35,0.04680155740653667,0.07825313877520439,3.5237747585557693,31.1
633,synthetic_planning_reference,0.0391666666660967,0.0597078010614744,3.08326374945082,28.75,0.04504372862427238,0.06488585781256023,3.3503467232165045,30.450000000000003
634,synthetic_planning_reference,0.0574999999991633,0.0753396731975655,2.92151291936574,29.5,0.06366941029151318,0.08347617151761469,3.157830097818087,31.35
635,synthetic_planning_reference,0.0533333333325572,0.0704326581896545,2.80032484236525,26.85,0.059914464166309044,0.07805478567796167,3.0187414725883364,28.5
636,synthetic_planning_reference,0.0649999999988722,0.0717919796956667,2.90832375332068,29.8,0.07237062206527609,0.07897924128013363,3.156560164913082,31.650000000000002
637,synthetic_planning_reference,0.0474999999993088,0.0670801791448126,2.98591332248332,28.9,0.05356394195231242,0.07387517214692904,3.2283304147661678,30.700000000000003
638,synthetic_planning_reference,0.0583333333326664,0.0647764266670249,2.84255827551456,29.4,0.06542568004591123,0.07089352391086975,3.0782723705631345,31.1
639,synthetic_planning_reference,0.0333333333326664,0.0635692054911144,3.04345112376938,28.7,0.037947196608516844,0.07043461043235871,3.2907914505055422,30.450000000000003
640,synthetic_planning_reference,0.0466666666659876,0.0680987409136082,3.60807398558988,29.5,0.05178950069030424,0.07510028982294227,3.904138356560486,31.3
641,synthetic_planning_reference,0.0499999999992724,0.0628695345718143,2.77691074452227,29.4,0.05718090069377337,0.06891611418816192,3.008278417075772,31.150000000000002
642,synthetic_planning_reference,0.0333333333328483,0.0484935510692573,2.92485151271456,28.1,0.03787262521776956,0.053124647457788096,3.1705654974336435,29.8
643,synthetic_planning_reference,0.0508333333325936,0.0662259992019113,2.92790661995678,30.15,0.056377548247322176,0.07257259428144937,3.1591666384628523,32.0
644,synthetic_planning_reference,0.0349999999994907,0.0625081398438632,2.98981787010227,29.35,0.039719846802599566,0.06959351774754505,3.2462349563314703,31.150000000000002
645,synthetic_planning_reference,0.0666666666658784,0.0571683208214112,3.54301116013888,30.15,0.07377549315591239,0.06305310699649543,3.8103779045961623,32.0
646,synthetic_planning_reference,0.0291666666662422,0.0538678769222799,2.93256528621451,28.7,0.03381718129556724,0.05989316485360878,3.1846448797520215,30.400000000000002
647,synthetic_planning_reference,0.044166666666024,0.0637284005226224,2.53603769484912,26.5,0.04960087955632244,0.07074162532977063,2.713171574517651,28.05
648,synthetic_planning_reference,0.0533333333325572,0.0601158467972497,2.9043718662078,29.05,0.05942786601242134,0.06585958650188106,3.148969908792561,30.8
649,synthetic_planning_reference,0.032499999999709,0.0607256863216179,3.0257552573141,26.2,0.03687713493308716,0.06654386848052157,3.2576753356764687,27.650000000000002
650,synthetic_planning_reference,0.0566666666658421,0.0883636426375459,2.83341211994663,27.85,0.0633924589879856,0.09754825957938552,3.0483853281895983,29.5
651,synthetic_planning_reference,0.0399999999994179,0.0542926326635376,3.38128784788927,29.15,0.045663969276287485,0.05998577982815338,3.649229079317383,30.950000000000003
652,synthetic_planning_reference,0.0574999999991633,0.0849234199947348,3.35311037654589,28.05,0.0646325544459827,0.0930801887411809,3.616104996164594,29.8
653,synthetic_planning_reference,0.0566666666654783,0.0467298628980076,3.06778292924956,29.25,0.06235526317768655,0.05161280837842043,3.29543207664774,31.05
654,synthetic_planning_reference,0.0449999999993452,0.0809701651608522,2.66939821390224,29.65,0.051333868625560844,0.08984857416157285,2.879527724953404,31.400000000000002
655,synthetic_planning_reference,0.0458333333328483,0.075330440618732,3.23654208002315,28.75,0.051864955407777975,0.08279876701546585,3.5225008083665292,30.400000000000002
656,synthetic_planning_reference,0.0466666666659876,0.0662941346428062,3.02483090152531,28.95,0.052185020694109734,0.07176764148077512,3.2275849696534396,30.700000000000003
657,synthetic_planning_reference,0.0541666666660603,0.074127610950863,3.0511104613944,27.5,0.0612672129844765,0.08061698145184583,3.2912990992433033,29.150000000000002
658,synthetic_planning_reference,0.0491666666657693,0.0906881011054737,3.21344916116501,28.55,0.05561576909685812,0.09902812439732901,3.4520396743817354,30.3
659,synthetic_planning_reference,0.0816666666652964,0.0643376264282364,3.1954876515079,29.6,0.09017056667240869,0.07071861293260574,3.4581186639116535,31.400000000000002
660,synthetic_planning_reference,0.0566666666658421,0.0662139819674334,2.69881275993901,29.4,0.06284076574228066,0.07339676747386788,2.891758814839023,31.200000000000003
661,synthetic_planning_reference,0.0899999999986903,0.0952115525654108,3.18556733507954,29.8,0.09971836241707156,0.10485162516184826,3.4728715779496357,31.6
662,synthetic_planning_reference,0.0474999999994907,0.0658595862351132,2.94455167453825,29.55,0.05279209932764249,0.07265678391868279,3.169820694037209,31.3
663,synthetic_planning_reference,0.052499999999236,0.071931333500398,3.11390398319001,28.1,0.05862042437407894,0.07971871857951027,3.389687732046153,29.75
664,synthetic_planning_reference,0.0758333333322298,0.078031413877877,3.14945624002945,28.35,0.08524134650011593,0.08627234682835619,3.4132848181676283,30.05
665,synthetic_planning_reference,0.0416666666660603,0.0642123075518433,2.93455171852856,28.15,0.04634094491072338,0.07076509199194368,3.1824558847927547,29.85
666,synthetic_planning_reference,0.0408333333327391,0.0613252164565406,2.94769002261812,28.95,0.045459400629854214,0.06756534275423487,3.2034698467385034,30.650000000000002
667,synthetic_planning_reference,0.0391666666662786,0.0559819703728347,3.18905511382958,28.95,0.0450007778110705,0.062273990659582106,3.446990924576216,30.700000000000003
668,synthetic_planning_reference,0.0674999999990177,0.0790867055985302,3.12101452382166,28.2,0.07540659852118013,0.08733309359968605,3.36841449717797,29.950000000000003
669,synthetic_planning_reference,0.0674999999988359,0.079235504995475,2.81637175568355,29.65,0.07494930434524497,0.08760162982753532,3.0556588319914493,31.5
670,synthetic_planning_reference,0.0566666666662059,0.10800580721945,3.42881475984427,30.15,0.06412947443024973,0.1188344996018285,3.7209715744989014,31.950000000000003
671,synthetic_planning_reference,0.0666666666653327,0.0720718601128039,2.71456114063201,29.2,0.074344804525644,0.07877965656113993,2.933623052639551,31.0
672,synthetic_planning_reference,0.04833333333263,0.0777366592860838,3.2503440113154,27.65,0.054506461874829375,0.08554418233086318,3.532126609138173,29.35
673,synthetic_planning_reference,0.0408333333325572,0.100974972360458,2.58514679731657,28.35,0.04568173108395076,0.1111124205207967,2.8028894346555027,30.1
674,synthetic_planning_reference,0.072499999998945,0.0787412110844332,3.47320501275665,29.75,0.07975829531723831,0.08717608535644983,3.7539641550573704,31.6
675,synthetic_planning_reference,0.0566666666656602,0.0659894476364205,3.07471002364965,27.6,0.06383183107244428,0.07221105051522492,3.3320629664562467,29.200000000000003
676,synthetic_planning_reference,0.0558333333325209,0.0844924297435445,3.62171103833078,28.45,0.06296386849093089,0.09264736248542925,3.9239272036902704,30.200000000000003
677,synthetic_planning_reference,0.0466666666659876,0.0675799994910718,2.95440602861136,29.15,0.05287357297859712,0.07380521039962616,3.186663271292884,30.950000000000003
678,synthetic_planning_reference,0.0474999999991269,0.0735411840422739,2.69924452129134,28.6,0.053427314060861514,0.08098763327834543,2.9292598735090007,30.25
679,synthetic_planning_reference,0.0433333333327027,0.0641664774893399,3.16148161677268,28.45,0.048983664784166984,0.07063808330664402,3.432023033996191,30.1
680,synthetic_planning_reference,0.0516666666659148,0.0847865375339268,3.0208174821762,29.5,0.057840037085216206,0.0931352518999533,3.2631202699299493,31.3
681,synthetic_planning_reference,0.0474999999994907,0.0705533940740244,2.94530967764767,28.0,0.05302269172512621,0.07748075430153661,3.1795309378941536,29.700000000000003
682,synthetic_planning_reference,0.0508333333325936,0.0539792264193416,2.41447276049347,29.3,0.05621575359913197,0.05904962448489948,2.5857574776451826,31.1
683,synthetic_planning_reference,0.0324999999991633,0.0574396993509484,3.0263106472603,28.75,0.03659074820937384,0.06331065903937462,3.256766189978517,30.400000000000002
684,synthetic_planning_reference,0.0549999999993815,0.0687676391986072,2.98988160607988,29.25,0.062225185528234785,0.075661702188936,3.2178151529313355,31.05
685,synthetic_planning_reference,0.0641666666659148,0.0993607577760674,2.77203549016468,29.7,0.07210481326685123,0.1092719559872197,2.957258349777526,31.55
686,synthetic_planning_reference,0.0458333333328483,0.0639277560754039,3.11682521965401,28.75,0.05131543316786734,0.07077357736565264,3.381383884486498,30.5
687,synthetic_planning_reference,0.0649999999990541,0.0866266606796926,3.26377394880033,28.9,0.07283638212793024,0.09504475807090174,3.5339994155583385,30.650000000000002
688,synthetic_planning_reference,0.0574999999993452,0.070779919841356,3.44995628064349,29.1,0.06372103315037683,0.07826768651055616,3.727508274533351,30.8
689,synthetic_planning_reference,0.0624999999990905,0.058327495926472,3.30816559337967,29.95,0.06941827268594353,0.0632041383905486,3.5832510056244096,31.75
690,synthetic_planning_reference,0.0449999999993452,0.0636556662833062,3.15564224215716,27.15,0.050503689838426194,0.07018709601974868,3.404592231480406,28.650000000000002
691,synthetic_planning_reference,0.0508333333325936,0.0648403414927755,3.63432863434058,29.4,0.056544644930670115,0.07148980121621887,3.9436896406854633,31.150000000000002
692,synthetic_planning_reference,0.0474999999994907,0.0640918974926512,3.02352323732343,28.7,0.05276009561289557,0.07100204227268979,3.2679848591755922,30.450000000000003
693,synthetic_planning_reference,0.0416666666660603,0.09559096475546,2.78692234959872,29.1,0.04695904337531115,0.10485830837365871,2.9871732952759387,30.900000000000002
694,synthetic_planning_reference,0.0716666666656238,0.0670560159483792,3.06486557896287,27.85,0.07898968584161488,0.0746126875894264,3.309782991109976,29.5
695,synthetic_planning_reference,0.044166666666024,0.0712272738319324,3.53458293505611,28.4,0.050159781257620134,0.07787592148320989,3.837672620038903,30.05
696,synthetic_planning_reference,0.0558333333325209,0.0832524178341599,2.9520641068726,27.95,0.06164221202753769,0.09078746940109414,3.1646614615536084,29.55
697,synthetic_planning_reference,0.0666666666655146,0.0680311801959491,2.8522218460419,29.25,0.07440738041351974,0.0757207029791301,3.0775607646286027,31.05
698,synthetic_planning_reference,0.0499999999992724,0.0683737939410788,3.17319257345917,29.85,0.0560778299310692,0.07540807802603319,3.4125381739474916,31.55
699,synthetic_planning_reference,0.0508333333325936,0.0828433004722382,2.99594881473649,29.15,0.05741236294940049,0.0922057621285743,3.2503890492104714,30.85
700,synthetic_planning_reference,0.0516666666659148,0.0695115373485667,3.393643882329,29.0,0.05799120654718029,0.07632851162688019,3.6880277068108778,30.650000000000002
701,synthetic_planning_reference,0.0499999999992724,0.0747566393661472,2.80858868813283,28.05,0.05545031057283226,0.08218315199567008,3.0307436169076865,29.700000000000003
702,synthetic_planning_reference,0.0808333333321571,0.0964687384842424,2.63241941148586,27.75,0.08938631676872365,0.10561411338398824,2.8506855730339886,29.450000000000003
703,synthetic_planning_reference,0.044166666666024,0.0876021950888915,3.00244668005978,29.1,0.0501690599130092,0.09624315470143968,3.238552933785075,30.75
704,synthetic_planning_reference,0.0674999999990177,0.0759032099311392,3.3926514065111,30.05,0.07524912253378122,0.08291148737926056,3.677646924602158,31.8
705,synthetic_planning_reference,0.0858333333320843,0.0928374132501436,2.53712263709075,29.8,0.09480057481775041,0.10268458065362909,2.7176307524369334,31.6
706,synthetic_planning_reference,0.0391666666660967,0.0586547719676942,2.87191846261978,29.1,0.043876863406726904,0.06442238315488212,3.0781921547310165,30.900000000000002
707,synthetic_planning_reference,0.0358333333328119,0.0608870724716911,3.01314182539743,28.65,0.040703667760944647,0.06647294096541168,3.2576238973009244,30.3
708,synthetic_planning_reference,0.0366666666661331,0.077467327457298,2.82555408872768,29.1,0.04089942581156996,0.08532409790536995,3.037663164540515,30.900000000000002
709,synthetic_planning_reference,0.0591666666658057,0.0788603250353045,2.89747720904517,29.3,0.06638499957088959,0.08723187581394748,3.0944785872833753,31.150000000000002
710,synthetic_planning_reference,0.0616666666657693,0.0846733619654924,3.0635866509032,27.55,0.06904167639389967,0.09374507299552172,3.332685499821593,29.200000000000003
711,synthetic_planning_reference,0.0733333333320843,0.0790909993565848,3.32554067972196,29.4,0.08225165665856826,0.08749766967854204,3.554253828937094,31.200000000000003
712,synthetic_planning_reference,0.0566666666658421,0.0699529895657461,3.46238150147443,29.4,0.06347245553517784,0.07719480456895733,3.752000101389393,31.150000000000002
713,synthetic_planning_reference,0.0424999999993815,0.0554586501419714,3.29521434508645,29.9,0.047335931807529305,0.060401876693171826,3.549605354444574,31.75
714,synthetic_planning_reference,0.0508333333325936,0.0971532431744891,2.68103452481998,29.25,0.05719427752360396,0.10644064491096422,2.8731135130586214,31.05
715,synthetic_planning_reference,0.0599999999991269,0.0803803671904828,2.74511937337576,28.55,0.06645986680075261,0.08871289622020595,2.9547907892551835,30.150000000000002
716,synthetic_planning_reference,0.0599999999991269,0.0687266066311756,3.21735911044992,28.1,0.06701710242820318,0.07542163058427635,3.50935434118111,29.8
717,synthetic_planning_reference,0.0449999999993452,0.0835714563544016,2.61597535062088,28.2,0.05063557850918683,0.09278408434126922,2.820379022433492,29.900000000000002
718,synthetic_planning_reference,0.0358333333328119,0.0567677400919762,3.12029487392048,28.8,0.04075741686737243,0.0620346902834776,3.3755186368869636,30.5
719,synthetic_planning_reference,0.0449999999993452,0.0703745931965511,3.16102129896575,28.9,0.050243989085847506,0.0773088552203468,3.395486017539543,30.5
720,synthetic_planning_reference,0.0424999999993815,0.0635017637954065,2.80578194383591,28.45,0.0470619056398087,0.07048530637560965,3.0221795341849758,30.200000000000003
721,synthetic_planning_reference,0.044166666666024,0.0775438663659052,2.64371737342832,29.1,0.04966597703527195,0.08562685234800234,2.8584676817104837,30.900000000000002
722,synthetic_planning_reference,0.0249999999994543,0.0543156497502614,2.90045741230921,28.3,0.028410026466978093,0.0598645334323699,3.1361478349216085,29.950000000000003
723,synthetic_planning_reference,0.0649999999990541,0.077782417735669,2.72329222042904,28.65,0.07223082807474829,0.08467322444836127,2.9429765866100412,30.400000000000002
724,synthetic_planning_reference,0.0599999999993088,0.0677463140649618,3.0514682469076,28.95,0.06680495347788006,0.07491265792412691,3.288541487926723,30.700000000000003
725,synthetic_planning_reference,0.0266666666664605,0.0699120658679297,2.60839537070649,27.85,0.03014570066918955,0.07624832761080468,2.809028359473235,29.5
726,synthetic_planning_reference,0.0466666666659876,0.0807834537694819,3.04436052112911,29.15,0.05292612601859758,0.08907185397535822,3.266752286780034,30.85
727,synthetic_planning_reference,0.0624999999989086,0.0610362005869179,3.59143728996971,28.7,0.069538838015704,0.06761420396288102,3.8766865504809602,30.400000000000002
728,synthetic_planning_reference,0.0591666666658057,0.0706007642516379,2.82593334054136,29.65,0.06610865646660505,0.07710257618530127,3.032571076280709,31.55
729,synthetic_planning_reference,0.0549999999991996,0.068732895205918,2.94581002458327,28.35,0.06216684440676082,0.07580680709386642,3.166065417549494,29.950000000000003
730,synthetic_planning_reference,0.0591666666658057,0.0772145123992285,2.9907969561319,28.7,0.06684427019170672,0.08450408023906646,3.2159795282846764,30.400000000000002
731,synthetic_planning_reference,0.04833333333263,0.0694895257289884,2.8777887306078,28.0,0.05422493821808768,0.07701393798118267,3.115882497523804,29.700000000000003
732,synthetic_planning_reference,0.0591666666658057,0.0716149578509548,3.46645163631411,28.0,0.06573078917889788,0.07807108465528255,3.757328377203279,29.650000000000002
733,synthetic_planning_reference,0.0399999999994179,0.0685045418678971,2.58078667131488,28.7,0.044333619619883836,0.07568847499581197,2.7966621254944823,30.450000000000003
734,synthetic_planning_reference,0.0499999999990905,0.0889492581178229,2.77099520258309,28.1,0.05691012106621749,0.09868740591875978,2.990591668355621,29.75
735,synthetic_planning_reference,0.0424999999993815,0.0679135819932626,2.66831217165016,28.2,0.04809915709580173,0.07470762879135712,2.896434768033481,29.900000000000002
736,synthetic_planning_reference,0.0749999999989086,0.0731898283513324,3.07928330363261,29.85,0.08348986886842087,0.0796356713996757,3.30680784737239,31.650000000000002
737,synthetic_planning_reference,0.0508333333325936,0.0602613917002713,2.65884129216231,28.3,0.057746496367339126,0.06615039911333286,2.866393118715587,29.950000000000003
738,synthetic_planning_reference,0.0508333333325936,0.0692086191679504,2.78238449294529,28.15,0.05668036947009844,0.07655107771013858,2.9922842398205485,29.8
739,synthetic_planning_reference,0.072499999998945,0.062400488656744,2.46598811548866,29.15,0.08100549262362668,0.06909625380979141,2.664010546203267,30.900000000000002
740,synthetic_planning_reference,0.0516666666659148,0.0570670018323115,3.27906882158238,29.25,0.057823653345913086,0.0644288546323533,3.54641290741559,30.950000000000003
741,synthetic_planning_reference,0.03583333333263,0.0629657953308741,3.09020259103223,27.95,0.03985423531629679,0.06909175565997323,3.3443163435548215,29.55
742,synthetic_planning_reference,0.044166666666024,0.0677851192974362,2.84058352098203,30.05,0.04944128083726067,0.07414620575583238,3.0835236038005895,31.900000000000002
743,synthetic_planning_reference,0.0566666666658421,0.0753729730468806,3.15342913559176,29.75,0.06371583587700354,0.08256379205145598,3.412443200828698,31.6
744,synthetic_planning_reference,0.0658333333321934,0.0752506640144084,3.01988507864291,28.65,0.07302354349131655,0.08402044066566579,3.253172358438938,30.35
745,synthetic_planning_reference,0.069166666666024,0.077898431822165,3.0140925050448,30.05,0.07652543957636113,0.08573429593579814,3.2579517895532537,31.900000000000002
746,synthetic_planning_reference,0.0458333333326664,0.0810277119558859,3.19825223530905,28.35,0.051236778515704746,0.08967853770701449,3.4474754396445206,30.0
747,synthetic_planning_reference,0.0483333333328119,0.0603425558066697,3.29432746029977,29.75,0.053148159271779453,0.06639337136509225,3.5712347017211963,31.55
748,synthetic_planning_reference,0.0474999999991269,0.0692459418958931,3.57314806164533,28.55,0.05304087941844265,0.07653605517394835,3.877437970889106,30.25
749,synthetic_planning_reference,0.032499999999709,0.067272881918393,2.65143967739008,27.05,0.03592274034795985,0.07408269802357921,2.860772551687439,28.6
750,synthetic_planning_reference,0.044166666666024,0.0679272172010155,3.2725735109744,29.15,0.050166294394783,0.07409915786386914,3.555978199660485,30.900000000000002
751,synthetic_planning_reference,0.055833333332339,0.0817174516551686,3.57321487768283,28.95,0.06293020278684237,0.08943680548298368,3.8654123058797385,30.650000000000002
752,synthetic_planning_reference,0.0416666666658784,0.0580908743852739,3.30685129914861,27.3,0.04606770516593917,0.06353322285434615,3.5857757211663466,28.900000000000002
753,synthetic_planning_reference,0.0608333333322662,0.0771319504287056,2.90118377426851,28.95,0.06778810984372932,0.0852317726049675,3.148426473350481,30.700000000000003
754,synthetic_planning_reference,0.0683333333325209,0.0843339160587084,2.95808889875853,28.55,0.07612621641930001,0.0918807101231108,3.201620775441495,30.200000000000003
755,synthetic_planning_reference,0.0458333333324845,0.0638694837862743,3.4213106950719,27.55,0.05177497768729701,0.06932623440452962,3.7173421047714346,29.200000000000003
756,synthetic_planning_reference,0.0599999999993088,0.0931882097929075,3.45135090489161,28.9,0.06686794400133131,0.1029242142805512,3.742564850313064,30.650000000000002
757,synthetic_planning_reference,0.0699999999989814,0.0536650848751553,2.98650677313302,29.55,0.0783770108558969,0.05945444569267355,3.239856925932589,31.3
758,synthetic_planning_reference,0.0633333333325936,0.0848953759360895,3.22972192540923,29.5,0.07024772326862981,0.09390749421482521,3.500053291088591,31.35
759,synthetic_planning_reference,0.059999999998945,0.0610622281803851,2.8434764792448,29.1,0.06659485233515504,0.0689267504586759,3.072405458529115,30.8
760,synthetic_planning_reference,0.0591666666654419,0.081659219225593,3.04068553434629,29.55,0.06611056185040762,0.08938382211743161,3.294768214437941,31.35
761,synthetic_planning_reference,0.0858333333322662,0.0844242459107055,2.81238388480149,28.9,0.09454816814032513,0.09213778520164197,3.0220352688977252,30.650000000000002
762,synthetic_planning_reference,0.0541666666655146,0.0777035755864206,3.17392250813931,28.85,0.0593500508386941,0.08475548397889587,3.4344696507244823,30.650000000000002
763,synthetic_planning_reference,0.068333333332157,0.0761083899062159,2.58305926970096,29.2,0.07520208672613846,0.082697183891964,2.782300996371155,30.950000000000003
764,synthetic_planning_reference,0.0375,0.0672445576469888,2.56778946516438,28.55,0.041422704762532674,0.07368405173956741,2.7536880769571757,30.1
765,synthetic_planning_reference,0.0474999999993088,0.067397149394671,2.71451697104234,29.8,0.05354887789796096,0.07356058921855285,2.928628933544743,31.650000000000002
766,synthetic_planning_reference,0.0391666666657329,0.0771799003458282,2.93612809796166,28.75,0.04423492760701606,0.08378594527583076,3.170845058936497,30.5
767,synthetic_planning_reference,0.0399999999994179,0.0634771409916325,2.47950406620425,29.05,0.04477960697669504,0.0709476177189593,2.67353569327864,30.8
768,synthetic_planning_reference,0.0308333333330665,0.0833418068224683,2.96484968137468,28.65,0.03441645786451264,0.09220099310333364,3.1922233295097313,30.400000000000002
769,synthetic_planning_reference,0.0449999999995271,0.0643053105229563,3.00663598935533,29.5,0.0504146530160855,0.07046331590135783,3.2470957040961155,31.3
770,synthetic_planning_reference,0.0674999999991996,0.0723385380288694,2.57548841342734,28.95,0.07532878676968546,0.08019810839392114,2.7527572180323223,30.650000000000002
771,synthetic_planning_reference,0.0483333333329938,0.0739006784160323,3.40660697787848,29.7,0.05451403506021264,0.0815484855666031,3.698170227462428,31.55
772,synthetic_planning_reference,0.0333333333326664,0.0587932839604741,3.25276086098789,26.75,0.03709740917597325,0.06364702777068255,3.5235427988821053,28.35
773,synthetic_planning_reference,0.0674999999990177,0.0703765504336532,2.89048334636722,29.8,0.07489341323196423,0.07839460998986297,3.1040634873131325,31.6
774,synthetic_planning_reference,0.0491666666657693,0.077408079020804,3.08826325194298,29.1,0.05594186038125684,0.08478229474866367,3.352106015262508,30.8
775,synthetic_planning_reference,0.0483333333322662,0.070344066495625,3.04071738358173,27.65,0.054141263959857515,0.07816810860960718,3.314493997814518,29.200000000000003
776,synthetic_planning_reference,0.0441666666658421,0.0839189679380637,2.83229691059774,28.7,0.049792761923039185,0.09185235026334072,3.055931454008863,30.400000000000002
777,synthetic_planning_reference,0.0449999999993452,0.0761684891854632,2.73492962665785,29.25,0.05008431312956409,0.08421139056295923,2.948025635285744,31.0
778,synthetic_planning_reference,0.068333333332157,0.0831285072832177,2.81338144109487,29.75,0.07604046100331119,0.09128762237038542,3.040290827996138,31.650000000000002
779,synthetic_planning_reference,0.0749999999989086,0.0663053559979179,2.76640551058474,29.7,0.08308951741120796,0.07259477042366705,2.9846566527239284,31.450000000000003
780,synthetic_planning_reference,0.0666666666655146,0.0861406514327541,3.12264484561378,29.15,0.07473300926460849,0.09518376922044083,3.3840632939023747,30.900000000000002
781,synthetic_planning_reference,0.0491666666659512,0.0596686369866528,3.52360897582398,29.7,0.05589931231871083,0.06562472807559379,3.820947050019241,31.5
782,synthetic_planning_reference,0.052499999999236,0.0878821931436746,3.29282088698419,28.5,0.05877012242713831,0.0957787892819865,3.5758069151639758,30.25
783,synthetic_planning_reference,0.0383333333325936,0.0692308878366267,2.79540199764753,29.05,0.043705462493648484,0.07525189132104877,3.017548278018306,30.8
784,synthetic_planning_reference,0.055833333332339,0.0711863332543821,2.91488540499129,29.3,0.06178361625077179,0.07764886237069211,3.1758899230830604,31.150000000000002
785,synthetic_planning_reference,0.0424999999997453,0.0708539487560424,2.98807222315067,28.0,0.04873255191076712,0.07730736983051989,3.228381083813576,29.650000000000002
786,synthetic_planning_reference,0.0374999999998181,0.0677884078794508,3.09243893893757,28.25,0.04218211003545191,0.07440710735510578,3.352050172917969,29.900000000000002
787,synthetic_planning_reference,0.0383333333327755,0.0602785257112797,2.80741228044203,30.05,0.04306571399119472,0.06672842230809443,3.0408237290938427,31.8
788,synthetic_planning_reference,0.0433333333328847,0.0716639151483983,3.15647607414454,28.3,0.04890084019857905,0.07930918138969689,3.4017974559620634,29.85
789,synthetic_planning_reference,0.0424999999991996,0.0843346448958512,3.51876152199019,28.25,0.04808426039499217,0.09223387176282162,3.786957423327581,29.950000000000003
790,synthetic_planning_reference,0.0358333333328119,0.055228369156237,2.8688394767951,29.5,0.04086271473877345,0.06087374737015854,3.0696916397971576,31.25
791,synthetic_planning_reference,0.0483333333328119,0.0829726929283591,2.88667955710013,29.35,0.05399692188835881,0.0916310543443431,3.1411648825286043,31.150000000000002
792,synthetic_planning_reference,0.0599999999993088,0.0613862364239115,3.05486236178693,29.45,0.06731451698608056,0.06729674195292867,3.2964626926660787,31.200000000000003
793,synthetic_planning_reference,0.0491666666659512,0.0576593663803933,2.98827047829903,29.15,0.05476758056818286,0.06338945118560244,3.22186377169058,30.85
794,synthetic_planning_reference,0.0383333333329574,0.0577849031688302,2.55808163727135,26.85,0.042606714890084094,0.06453416291065527,2.7488228534737056,28.35
795,synthetic_planning_reference,0.0483333333320843,0.080720571919991,2.94122086649524,28.7,0.0553632500351417,0.08927541997217954,3.1634385469315554,30.5
796,synthetic_planning_reference,0.0633333333324117,0.0630419723996583,3.21699733574768,28.8,0.0701658085300903,0.06975068076008976,3.5016599575275418,30.5
797,synthetic_planning_reference,0.0458333333330302,0.0610584304805456,3.62945544694446,28.25,0.05144755737212973,0.06738895130260918,3.9530025378661664,29.900000000000002
798,synthetic_planning_reference,0.0483333333324481,0.0705263899584289,2.92685471462873,28.05,0.05440762912276808,0.07857990680091916,3.151271066599637,29.75
799,synthetic_planning_reference,0.0649999999988722,0.0799465751931522,3.06201316817563,28.65,0.07152538583368748,0.08733689733621573,3.311485407365069,30.35
800,synthetic_planning_reference,0.0474999999994907,0.0854157089187666,2.91497359709958,28.6,0.05423818560493044,0.09339143839130774,3.1550560215462973,30.35
801,synthetic_planning_reference,0.0499999999990905,0.079012315063666,3.10762521460057,29.0,0.05460337182711173,0.08651809922495853,3.378631738082514,30.8
802,synthetic_planning_reference,0.0633333333324117,0.07273445356839,3.08677767925183,29.6,0.07077921771322643,0.07983349231057307,3.3238699169351706,31.400000000000002
803,synthetic_planning_reference,0.0516666666659148,0.0867497248158884,2.97961393708333,27.9,0.05856931915483317,0.0958632197260837,3.2094012406105583,29.55
804,synthetic_planning_reference,0.0533333333325572,0.0624976777199236,2.96151759611688,28.15,0.05833559581419727,0.06866740127162434,3.1939177639894556,29.85
805,synthetic_planning_reference,0.0333333333326664,0.0758194165938457,3.11938404451809,30.05,0.03775404571590913,0.08350849079276002,3.3818073127944794,31.85
806,synthetic_planning_reference,0.0433333333328847,0.0584784038145022,3.33402353473986,28.1,0.04866987003104008,0.0653475096014438,3.602036504529186,29.75
807,synthetic_planning_reference,0.0474999999991269,0.0928900941024555,2.94552220889255,29.6,0.05386412609927019,0.10054815793588058,3.178453345852481,31.450000000000003
808,synthetic_planning_reference,0.0349999999993088,0.0809357764044217,2.39398564237422,29.6,0.03984698579506695,0.0894461684454385,2.581595358715569,31.400000000000002
809,synthetic_planning_reference,0.0666666666660603,0.0733229699643064,2.95251003325799,29.25,0.07446858970139189,0.08064226228865244,3.1886695096793747,31.0
810,synthetic_planning_reference,0.0474999999998545,0.0615084598229537,2.86780296573926,28.5,0.05314679885297871,0.06690656588470174,3.094468948759006,30.200000000000003
811,synthetic_planning_reference,0.0558333333325209,0.0752725196336322,2.68516223082552,29.15,0.06311979080819427,0.0838293391886328,2.897826354026649,30.85
812,synthetic_planning_reference,0.0641666666657329,0.0897681805504497,2.91698327101102,29.6,0.07152038744379398,0.09834418659818413,3.147120025230331,31.400000000000002
813,synthetic_planning_reference,0.0458333333326664,0.0690768574433355,3.20585028120421,27.8,0.052240029382286834,0.07691260002512341,3.4711838120792704,29.450000000000003
814,synthetic_planning_reference,0.0741666666654055,0.0807086190351118,3.01703084390112,29.6,0.0810269729621227,0.08861709083892175,3.247618040026287,31.3
815,synthetic_planning_reference,0.0541666666660603,0.0702153976949486,2.61538719935029,27.4,0.05963967705387174,0.077095205198576,2.823248382598528,29.05
816,synthetic_planning_reference,0.0549999999988358,0.0857728680504941,3.23544946547861,30.15,0.061156293729924135,0.09434026397329394,3.5093980157912905,32.0
817,synthetic_planning_reference,0.0658333333321934,0.0792684716221982,2.83453800948671,28.6,0.07429940043801823,0.08764025872858018,3.0518782287329853,30.35
818,synthetic_planning_reference,0.0408333333325572,0.0723369867529783,2.77614162063184,29.05,0.04660958347953615,0.07973794470396899,2.9804033446913163,30.75
819,synthetic_planning_reference,0.0599999999991269,0.068140763689895,2.96261436201024,29.5,0.06764831107568126,0.07492267039887449,3.213563971464645,31.400000000000002
820,synthetic_planning_reference,0.0341666666661695,0.0634156343457413,2.45483012881995,28.85,0.03784939545709671,0.06959775049495132,2.638343030415756,30.650000000000002
821,synthetic_planning_reference,0.0616666666661331,0.0718158767333401,3.02977015768069,29.2,0.06822311806482707,0.0791883840212098,3.2567550462680046,30.950000000000003
822,synthetic_planning_reference,0.06083333333263,0.0649538078492906,2.68535219593385,27.15,0.06774954713271825,0.0720630084444289,2.894908107823948,28.75
823,synthetic_planning_reference,0.0466666666661695,0.0636381296863361,3.1615403625281,29.8,0.052397233613341684,0.06973994321814919,3.4276835645469177,31.650000000000002
824,synthetic_planning_reference,0.0516666666659148,0.0766651899204519,2.94708678790332,29.8,0.057560225362816055,0.08355834476183935,3.207564853024577,31.6
825,synthetic_planning_reference,0.0391666666660967,0.0686087083739619,3.08070864652466,29.35,0.04372608590688941,0.07486094166790906,3.3379819845533594,31.1
826,synthetic_planning_reference,0.0391666666660967,0.0795535204793561,3.32246432589867,29.15,0.04421926059105414,0.08813585342324122,3.5759121190774614,30.950000000000003
827,synthetic_planning_reference,0.0566666666658421,0.0818647639865061,2.9746497683999,29.2,0.0631655413911449,0.09069726405657766,3.2197680872416865,30.900000000000002
828,synthetic_planning_reference,0.0449999999991633,0.0514583270553028,3.49903724041869,28.95,0.05040949063595064,0.05587053498402198,3.782533637206225,30.700000000000003
829,synthetic_planning_reference,0.068333333332157,0.081363994707894,2.76779364858089,28.9,0.07609753696143828,0.08887169906288618,3.0410796962014905,30.75
830,synthetic_planning_reference,0.0591666666658057,0.0690663782111594,2.54102974491999,30.05,0.0654689652959326,0.07532571344720156,2.7498433125973953,31.900000000000002
831,synthetic_planning_reference,0.056666666666024,0.0610816199625958,2.58405949632258,29.1,0.06369670711758545,0.06716118636503499,2.7980232685133974,30.900000000000002
832,synthetic_planning_reference,0.0499999999994543,0.0706418919388015,2.88520497497473,29.25,0.056282531362779865,0.07792629132498839,3.1118268219908436,31.05
833,synthetic_planning_reference,0.0266666666662786,0.0589098689329181,3.08625417576622,29.85,0.030026857749921473,0.06479597030991599,3.3685530100695904,31.700000000000003
834,synthetic_planning_reference,0.0599999999991269,0.0757297002464244,2.85795370778637,29.55,0.06791977935744545,0.08436905880266948,3.085345317032936,31.35
835,synthetic_planning_reference,0.0408333333327391,0.0747612043904586,2.94420377542202,27.9,0.04619410721717923,0.08299127900793506,3.1717715540677913,29.55
836,synthetic_planning_reference,0.0466666666659876,0.0487757812969776,3.30905233669129,27.9,0.05155708380173447,0.053995824553311894,3.5647868310872237,29.6
837,synthetic_planning_reference,0.0408333333327391,0.0569119711346058,2.96994314742689,28.85,0.04565080824709193,0.061904845504178095,3.2331975034765486,30.6
838,synthetic_planning_reference,0.0599999999991269,0.0752308420091356,2.88339704873657,29.45,0.06665539760940577,0.08164920799879685,3.1406644073545715,31.150000000000002
839,synthetic_planning_reference,0.0583333333323026,0.0664177437744843,3.56939608716326,29.6,0.06530886945108087,0.07288230833025984,3.8605178691184165,31.400000000000002
840,synthetic_planning_reference,0.0633333333324117,0.0815180425185461,2.88103727820003,29.4,0.0713695063218647,0.08951777275159607,3.118606123516025,31.150000000000002
841,synthetic_planning_reference,0.0416666666671517,0.0716787543399332,3.00971691714329,28.15,0.047116988069935146,0.07940524811045781,3.2628441311481295,29.85
842,synthetic_planning_reference,0.0583333333324845,0.0730556861830792,2.58421666897221,28.4,0.06418645578433814,0.08017725619973294,2.7887938657990405,30.1
843,synthetic_planning_reference,0.0433333333328847,0.0802654077922281,3.14464355904391,29.5,0.04821533151187859,0.08773761351789305,3.4075913633072528,31.25
844,synthetic_planning_reference,0.0458333333326664,0.0656049112266653,3.09116858371094,29.35,0.0514955253495601,0.07279145993492683,3.3526464656234602,31.05
845,synthetic_planning_reference,0.0433333333330665,0.0559312179202112,3.51628848906483,29.05,0.04930111843535189,0.06185865743765244,3.803055591351567,30.8
846,synthetic_planning_reference,0.044166666666024,0.0740007888519286,2.63350186673832,27.95,0.05052763176149607,0.08210073508384413,2.820598874346859,29.650000000000002
847,synthetic_planning_reference,0.0449999999995271,0.0731837608145413,2.99256360364999,29.25,0.05080027188278998,0.0798406957735143,3.235318101227788,31.05
848,synthetic_planning_reference,0.0499999999994543,0.0664900400374998,2.88548306210972,29.1,0.055522874142731694,0.07367249132937674,3.1169535919566598,30.8
849,synthetic_planning_reference,0.0466666666658057,0.0689305030651869,3.25042441368483,29.1,0.052233793684819244,0.07565857883583921,3.5113479434352044,30.85
850,synthetic_planning_reference,0.0474999999991269,0.0581327406807137,2.72653580218285,29.1,0.05261683944912364,0.0636536322940527,2.9521242528850946,30.85
851,synthetic_planning_reference,0.0449999999991633,0.0726264689520733,2.74797299627512,28.9,0.05053275187362779,0.07989019745335775,2.9448494005651167,30.55
852,synthetic_planning_reference,0.0449999999993452,0.0567147005066901,3.21369701920753,28.0,0.051502533422822905,0.06326745054156795,3.4853927032621663,29.6
853,synthetic_planning_reference,0.0383333333329574,0.0760864927511969,3.04302383802188,29.8,0.042358771003512014,0.08324047779152592,3.296266815609721,31.55
854,synthetic_planning_reference,0.0474999999994907,0.0727673974661684,3.28109886462054,28.7,0.053456503243063565,0.07947631111568279,3.5675305665223385,30.400000000000002
855,synthetic_planning_reference,0.0608333333324481,0.0727357428215504,2.6989126509148,29.4,0.06768030208425742,0.07926538083976395,2.8895025311253617,31.25
856,synthetic_planning_reference,0.0341666666661695,0.0646332261678493,2.79290558942068,28.5,0.037853629886053036,0.07165476490146672,3.0124775995861928,30.25
857,synthetic_planning_reference,0.0566666666662059,0.0764885008346214,2.98480617315572,30.0,0.06312554350849138,0.08435539923467388,3.2309901761955406,31.85
858,synthetic_planning_reference,0.0558333333330665,0.0767776117004142,3.1829054633546,29.7,0.06251182411401653,0.08440616834103105,3.4400815272333856,31.55
859,synthetic_planning_reference,0.0591666666656238,0.0838468685625236,2.89143077942931,29.45,0.06672660927768172,0.09282043705101738,3.123217084931584,31.25
860,synthetic_planning_reference,0.0374999999994543,0.0594928798772209,2.63503421055373,29.6,0.04248622625563351,0.06494396776229137,2.8307268647120254,31.400000000000002
861,synthetic_planning_reference,0.0458333333332121,0.0518228733299122,3.0752717424517,29.1,0.05154404949784489,0.057583100978512824,3.3221193912410505,30.8
862,synthetic_planning_reference,0.0533333333325572,0.0539935781264246,3.32990512813672,29.55,0.05897689676292415,0.05952778498823927,3.590839143426284,31.3
863,synthetic_planning_reference,0.0591666666656238,0.0847732037656364,2.68698071063069,28.65,0.0664993202124831,0.09382032909974117,2.8848128417175594,30.35
864,synthetic_planning_reference,0.040833333332921,0.0657671380776796,3.04266775819811,25.95,0.045375949610550664,0.07217870698021826,3.2545435899088657,27.5
865,synthetic_planning_reference,0.0583333333326664,0.0751996475147064,3.66289374569663,27.9,0.06580647217368618,0.08212304378127845,3.9616761138372647,29.6
866,synthetic_planning_reference,0.0608333333322662,0.0750328135830163,3.30613208657127,28.9,0.06829224181661558,0.08379082535179451,3.5749383948509474,30.6
867,synthetic_planning_reference,0.0541666666662422,0.0860209787998217,2.89709337358995,29.45,0.06053355643416223,0.09465083102844585,3.138479127400144,31.200000000000003
868,synthetic_planning_reference,0.0449999999993452,0.0797044679997096,3.33036055247329,27.65,0.05083103308619008,0.08792326865547988,3.6281665957472304,29.3
869,synthetic_planning_reference,0.0583333333324845,0.0695161770584417,2.79681211059639,29.1,0.06508270692269015,0.07622130169830744,3.0088021409133026,30.8
870,synthetic_planning_reference,0.0624999999989086,0.0849786160152875,2.70576045601092,26.9,0.07025740810783827,0.0930910381337628,2.919559368517656,28.400000000000002
871,synthetic_planning_reference,0.0499999999992724,0.0840975750515385,2.57670335054138,28.4,0.05662200697117737,0.09242808186640587,2.787064834243365,30.1
872,synthetic_planning_reference,0.0458333333335759,0.0733319538473763,2.55899197364899,28.55,0.051902449476994704,0.08065564354196678,2.7748019108134723,30.25
873,synthetic_planning_reference,0.0358333333329938,0.0768095460376954,2.69011441622401,28.75,0.03978016078221746,0.08468289114582024,2.8888149710710445,30.400000000000002
874,synthetic_planning_reference,0.0483333333324481,0.0633539130716133,2.8030784835138,30.15,0.05363770514778607,0.07033255067392052,3.046243652581932,32.0
875,synthetic_planning_reference,0.0474999999993088,0.0433346121483231,2.9399416415803,28.1,0.053833346479739516,0.04857450613496806,3.1729310606630845,29.75
876,synthetic_planning_reference,0.0583333333326664,0.0629790932038417,2.6640005971988,30.35,0.06498436304564807,0.07006169201643182,2.846429158588146,32.15
877,synthetic_planning_reference,0.052499999999236,0.0761232634530825,2.81189747008698,28.5,0.057889387477655,0.08279473821623613,3.0273199665949506,30.200000000000003
878,synthetic_planning_reference,0.0424999999993815,0.0645680013498078,2.81442301180658,29.45,0.048651743792290585,0.07067307692649041,3.044160732361149,31.25
879,synthetic_planning_reference,0.0441666666662059,0.048989301666567,3.44730181375879,29.65,0.04962696278222727,0.05313022775044217,3.7485383681617397,31.5
880,synthetic_planning_reference,0.0549999999988358,0.0575399764453681,2.90282429795662,29.35,0.06056432635612584,0.06291501635311395,3.13820999984836,31.150000000000002
881,synthetic_planning_reference,0.0558333333325209,0.0854863117915967,3.28713537431587,30.25,0.0611121907573786,0.09479331139551593,3.545925402537443,32.050000000000004
882,synthetic_planning_reference,0.0516666666657329,0.0733507389889212,3.42035046351188,28.4,0.05687359444891669,0.08016387637963288,3.72401009281885,30.1
883,synthetic_planning_reference,0.0366666666661331,0.0638650473025059,3.40274010175869,28.6,0.042536004002115296,0.07056927377566762,3.6650372449266144,30.35
884,synthetic_planning_reference,0.0349999999994907,0.0577411906694435,3.19105127378738,28.85,0.038601643618899686,0.06334946228199685,3.4451169687798733,30.6
885,synthetic_planning_reference,0.052499999999236,0.0710924458498357,3.22163075237507,28.5,0.05839347455841163,0.07780392628288424,3.494989077457423,30.200000000000003
886,synthetic_planning_reference,0.0274999999994179,0.0656636391202134,2.9965780111506,28.6,0.031330829516080516,0.07195681422047497,3.2237425463895475,30.35
887,synthetic_planning_reference,0.0458333333328483,0.0777810673937913,3.15306788059257,29.35,0.05134697038471467,0.08507465641106263,3.4177922521947233,31.1
888,synthetic_planning_reference,0.040833333332921,0.0638384538869416,3.02484211366279,29.4,0.045676045638528846,0.07006738133038351,3.2580806472136667,31.150000000000002
889,synthetic_planning_reference,0.0516666666660967,0.0824957577372183,2.79303575581431,28.95,0.057764996829587724,0.09037747389908116,3.0056755394757406,30.75
890,synthetic_planning_reference,0.0391666666660967,0.05538798706716,3.35960600182884,29.15,0.042998874849844514,0.061134366747414036,3.6395740115682416,30.950000000000003
891,synthetic_planning_reference,0.0416666666662422,0.07490552146302,2.81650700341102,29.65,0.046293341326126176,0.08311942996927478,3.018020187460665,31.450000000000003
892,synthetic_planning_reference,0.0683333333328846,0.102353479970992,2.91130312302958,29.85,0.0754511353094184,0.11336444306345543,3.1468779718591837,31.650000000000002
893,synthetic_planning_reference,0.0549999999995634,0.0672923117421235,2.94280263152158,29.1,0.06188324896331055,0.07326030625483845,3.1631569459347584,30.8
894,synthetic_planning_reference,0.0491666666661331,0.0699754810963611,3.13176251502399,29.35,0.0558632357609404,0.07646817841276134,3.388633767613793,31.05
895,synthetic_planning_reference,0.0358333333328119,0.0565463172723814,3.01429957194106,28.95,0.0405086951713821,0.062229115258772665,3.2547324808406315,30.75
896,synthetic_planning_reference,0.0266666666662786,0.0627906012697932,2.95905700716503,29.45,0.030087974185149288,0.06852541297801479,3.1974007762430556,31.25
897,synthetic_planning_reference,0.0491666666661331,0.0679874482237747,2.32478144518875,30.15,0.05526131319862563,0.07377537398933932,2.4785531632817266,31.950000000000003
898,synthetic_planning_reference,0.0233333333329938,0.0547847697927108,2.94360105045828,29.0,0.026492307407168,0.06029548645012465,3.1496989528783677,30.8
899,synthetic_planning_reference,0.0458333333324845,0.053139331379266,2.92628978887326,28.95,0.05199756508600336,0.05797293260540115,3.1788257361766727,30.700000000000003
900,synthetic_planning_reference,0.024166666666315,0.0510990916668007,2.87415809059738,28.35,0.02743058622220808,0.055790603194148206,3.1118785407685525,30.1
901,synthetic_planning_reference,0.0574999999993452,0.0761222409258749,2.84753269176482,28.3,0.06461758550298963,0.08419987547736155,3.066603241013314,30.0
902,synthetic_planning_reference,0.0466666666659876,0.0780160737188253,2.62339751702746,28.4,0.05284279759764586,0.08611342905809019,2.8214192198428343,30.0
903,synthetic_planning_reference,0.0541666666656965,0.0756032214418585,2.96090085269039,28.65,0.060459683995050445,0.08279128002767339,3.175214503344169,30.35
904,synthetic_planning_reference,0.0383333333327755,0.0729783024813163,2.66826748946827,27.2,0.04248428344351066,0.08110896727240396,2.8601599509370845,28.85
905,synthetic_planning_reference,0.0624999999987267,0.0733964930745754,3.3162361963059,29.6,0.06950386551507949,0.0809422396429542,3.6144885497966825,31.35
906,synthetic_planning_reference,0.0533333333327391,0.0756491046008321,2.93169833812277,27.8,0.05935211708049972,0.08348869586389175,3.1803056348907504,29.450000000000003
907,synthetic_planning_reference,0.0374999999992724,0.0523449026135192,3.0289925102214,29.0,0.04312276709356486,0.057725981416875696,3.28245657217268,30.650000000000002
908,synthetic_planning_reference,0.0758333333324117,0.0743279158559628,2.93695132546638,28.25,0.08399184634713508,0.0822933592422632,3.1571565142493476,30.0
909,synthetic_planning_reference,0.0508333333325936,0.0631242258906704,3.24125096037003,29.65,0.05707263212679993,0.06902606871466245,3.4954082899050416,31.5
910,synthetic_planning_reference,0.0341666666661695,0.0743404375051283,3.17635537120675,28.7,0.03863807481670766,0.08115323111819611,3.404374264801308,30.450000000000003
911,synthetic_planning_reference,0.0524999999990541,0.0737315060832137,3.01817800873517,26.7,0.05923995257594719,0.08038121197331506,3.236050192130788,28.25
912,synthetic_planning_reference,0.0399999999995998,0.0717261350464799,2.95922077026789,29.25,0.04328855162409828,0.07854827747656973,3.1899982278043773,31.0
913,synthetic_planning_reference,0.0458333333324845,0.0855965821339484,3.09402016824047,29.1,0.051725633671139894,0.09438794476534793,3.332095317297302,30.8
914,synthetic_planning_reference,0.0558333333327028,0.0872371963251571,2.60011559391083,29.65,0.060929621834037294,0.09603865858191794,2.803878467640611,31.400000000000002
915,synthetic_planning_reference,0.03583333333263,0.0677802127603324,3.16538782687556,28.95,0.04117851090694375,0.07399227189250089,3.4422935327668123,30.700000000000003
916,synthetic_planning_reference,0.0299999999997453,0.0537801234561679,2.77512660312153,29.2,0.03437478240437766,0.0591156711345269,3.009547522246457,31.0
917,synthetic_planning_reference,0.0649999999990541,0.0711960270196596,2.86075533214482,30.0,0.07226620208289002,0.077842708735839,3.064536572524607,31.75
918,synthetic_planning_reference,0.0508333333327755,0.0841921542808375,3.06387097460518,29.15,0.056776502643133886,0.09279771002675481,3.3064225186597858,30.85
919,synthetic_planning_reference,0.04833333333263,0.0577961339835662,3.19746176026945,29.05,0.053967612316717845,0.06418773058896399,3.439518623762966,30.8
920,synthetic_planning_reference,0.0458333333328483,0.0719337748189358,3.21479246360519,28.6,0.05235958562540701,0.08015000972297835,3.4896264146864135,30.3
921,synthetic_planning_reference,0.0474999999991269,0.0758263239307956,2.92197232929437,28.15,0.054304146628991114,0.08349342815939122,3.136313677040456,29.8
922,synthetic_planning_reference,0.025833333333685,0.063776194843344,3.60175387181402,28.5,0.028864336091405828,0.07031271975800832,3.898663512718446,30.200000000000003
923,synthetic_planning_reference,0.0466666666659876,0.079654728513883,2.88825080998269,29.5,0.05229098991904349,0.08779392842117616,3.0997420145771777,31.200000000000003
924,synthetic_planning_reference,0.0624999999992724,0.059854567122251,3.18209917317435,28.65,0.07017253153893159,0.06480523601326114,3.4343934090147465,30.35
925,synthetic_planning_reference,0.0383333333327755,0.0547099079105519,3.52545003493155,29.0,0.04266678369911735,0.06008295481736469,3.813661225621678,30.75
926,synthetic_planning_reference,0.0408333333327391,0.0699316173120402,2.89222628847922,28.3,0.04478119210034489,0.07715563112253608,3.1394346765334835,30.05
927,synthetic_planning_reference,0.0366666666661331,0.0610101041117817,3.44653585150089,28.9,0.04160103117344321,0.06758415401454379,3.716266211836466,30.650000000000002
928,synthetic_planning_reference,0.0508333333329574,0.0741061455493983,3.09770505610376,29.75,0.05679261882673718,0.08127153509113756,3.344197213272974,31.55
929,synthetic_planning_reference,0.069166666666024,0.0813043441104732,2.87119439198547,30.1,0.07739457180913692,0.08990387773059537,3.0908726634387627,32.0
930,synthetic_planning_reference,0.0541666666656965,0.0905613064133136,3.02530857715067,29.3,0.060909229347760815,0.09882636309044485,3.2970243741205896,31.05
931,synthetic_planning_reference,0.0508333333327755,0.0675056563917408,3.24033561795285,29.6,0.0562769830132981,0.0752344963517271,3.4976800820363274,31.450000000000003
932,synthetic_planning_reference,0.0358333333324481,0.0731359571474166,2.97882367031449,27.0,0.040622696645072905,0.08075463421737394,3.2276273661088064,28.55
933,synthetic_planning_reference,0.049166666666315,0.0676371734662401,3.13278874596703,29.85,0.054367335137812695,0.07380163329412498,3.3980027473413683,31.6
934,synthetic_planning_reference,0.0399999999995998,0.0596533574662919,2.83872732920426,29.0,0.045746329480661055,0.064972694448653,3.077325545701973,30.700000000000003
935,synthetic_planning_reference,0.0483333333328119,0.0673848009375536,2.68054566189785,28.1,0.054343733215668544,0.0732636349287531,2.8630517271738998,29.75
936,synthetic_planning_reference,0.0491666666657693,0.0732006425438415,2.95294670759716,28.1,0.055494681480200335,0.08122561224899781,3.183736813532351,29.75
937,synthetic_planning_reference,0.0433333333328847,0.0785434353727643,3.3240197106142,29.45,0.049846014749052286,0.08703842530962899,3.607728059853598,31.200000000000003
938,synthetic_planning_reference,0.0508333333333212,0.0522748706734071,2.93592750249185,28.55,0.057427774868613474,0.05831573385216003,3.170547433275641,30.3
939,synthetic_planning_reference,0.0583333333323026,0.0801116214421728,2.61823699161907,27.95,0.06584934030583232,0.08915310773627211,2.8143291925736316,29.650000000000002
940,synthetic_planning_reference,0.0674999999988359,0.0881629897933754,2.84923229504081,28.4,0.07471718080610795,0.09701505169331628,3.0524307681403613,30.0
941,synthetic_planning_reference,0.0349999999996726,0.0463843254344503,2.94392828810801,28.7,0.03957825675141189,0.05152256296500453,3.177708170289164,30.400000000000002
942,synthetic_planning_reference,0.0599999999991269,0.0742789388830831,2.58516182844584,28.8,0.06627017275527951,0.08204473069401307,2.79562131474447,30.5
943,synthetic_planning_reference,0.0633333333324117,0.0859224931014937,2.91028647035884,28.45,0.07066885630186831,0.09429278065990865,3.145709669088102,30.1
944,synthetic_planning_reference,0.0383333333329574,0.0682103015272561,2.53719978603039,27.9,0.04309632046071446,0.07572258027967003,2.7277296400703848,29.6
945,synthetic_planning_reference,0.07166666666526,0.0861524420052701,3.16723464653155,29.65,0.07946426920875753,0.09391576316707573,3.404855480577264,31.400000000000002
946,synthetic_planning_reference,0.0608333333320843,0.0983894392172796,3.38898264746295,28.15,0.06761373064416334,0.10821127565867895,3.65879182779168,29.8
947,synthetic_planning_reference,0.0358333333328119,0.073888862213673,2.85313086421916,29.6,0.04026341422522525,0.08143521516388517,3.081205008286443,31.450000000000003
948,synthetic_planning_reference,0.040833333332921,0.080004889484291,2.83487398534743,28.85,0.04545359791944177,0.0873092277207919,3.0868784539829193,30.650000000000002
949,synthetic_planning_reference,0.0433333333332484,0.0628569972106145,3.23314591180232,29.1,0.04841306239480357,0.0692920906885719,3.501194092855943,30.85
950,synthetic_planning_reference,0.0566666666658421,0.0712711274392265,3.28752738282527,29.2,0.06312496676347577,0.07885945625756696,3.549821151974329,30.900000000000002
951,synthetic_planning_reference,0.0524999999994179,0.0700671802325098,2.70606623597076,29.6,0.058411689591959755,0.07686408919213096,2.915022454076439,31.450000000000003
952,synthetic_planning_reference,0.0708333333324845,0.0736412738159957,2.86808978238452,29.3,0.07842062897211864,0.08039471287920663,3.1009954384155893,31.1
953,synthetic_planning_reference,0.055833333332339,0.0616156456458717,2.93041612331647,29.35,0.0625394304691062,0.06782997417158594,3.172275581631654,31.1
954,synthetic_planning_reference,0.0508333333327755,0.0658198159393856,3.0705499104623,27.8,0.05663250885922472,0.07240547912230932,3.3105916427643685,29.5
955,synthetic_planning_reference,0.0508333333324117,0.0616117461288411,3.02803475404805,30.5,0.056751480890462,0.06838561278665808,3.288565138103091,32.4
956,synthetic_planning_reference,0.0383333333329574,0.0674119167367524,2.88429191857818,29.25,0.04193701688905179,0.07344638267946157,3.114776141762414,31.0
957,synthetic_planning_reference,0.0508333333325936,0.0674150544254128,3.21139429678934,29.5,0.05623615897447897,0.07388456392531836,3.465251266607589,31.3
958,synthetic_planning_reference,0.0366666666664969,0.0894181826158264,2.87454824795138,28.0,0.04206299474352398,0.09743188059304479,3.0966329632776404,29.650000000000002
959,synthetic_planning_reference,0.0566666666658421,0.067110415566167,3.10293566542906,29.6,0.0636477544680701,0.07402600826896667,3.3772395495155427,31.450000000000003
960,synthetic_planning_reference,0.0399999999994179,0.0743199127213928,2.79742117347719,27.3,0.044852075992119635,0.08241790861241068,3.023947073127746,28.900000000000002
961,synthetic_planning_reference,0.0741666666654055,0.0778865447839913,2.65778734223421,28.7,0.08158588879203683,0.08611389101083305,2.890371983485921,30.35
962,synthetic_planning_reference,0.03583333333263,0.0756485618591458,2.73340497779978,28.95,0.04014086010924185,0.08412566424801585,2.961998836918074,30.650000000000002
963,synthetic_planning_reference,0.0549999999990177,0.084887503227441,2.79077002606078,29.45,0.06121665738077796,0.09260650802841625,3.002791633628259,31.25
964,synthetic_planning_reference,0.0583333333321207,0.091578154792272,3.0251854444419,29.55,0.06525281821568539,0.10056765724489532,3.268691107828577,31.3
965,synthetic_planning_reference,0.049166666666315,0.0587001812812246,3.23622077322362,29.7,0.05507293067190302,0.06357859817381604,3.4815156219919516,31.400000000000002
966,synthetic_planning_reference,0.0391666666657329,0.045284193036459,3.21062802980751,27.0,0.04305083400745259,0.04979314939652919,3.4796144848609734,28.6
967,synthetic_planning_reference,0.0524999999994179,0.0727627521676489,3.44637712461779,29.55,0.059174113074642376,0.07925805106744362,3.726565618164705,31.35
968,synthetic_planning_reference,0.0358333333329938,0.0632897777810537,3.36919858119307,28.75,0.03967686685263552,0.06944104791741884,3.634263775379083,30.5
969,synthetic_planning_reference,0.0558333333327028,0.0712156088349234,3.23878424438091,28.5,0.06151596731959707,0.07715744390418817,3.474675025545222,30.200000000000003
970,synthetic_planning_reference,0.0583333333328483,0.0676631277835386,3.24971350908877,29.15,0.0654883706054699,0.073967347170865,3.5158495784120674,30.900000000000002
971,synthetic_planning_reference,0.0524999999990541,0.0693574490244226,2.97833654451594,28.7,0.058762537329125786,0.07623933396698546,3.205250892842266,30.35
972,synthetic_planning_reference,0.0699999999989814,0.0660120863733205,3.23248935573575,30.0,0.0772139905148152,0.07283626962294835,3.4859190017745134,31.8
973,synthetic_planning_reference,0.040833333332921,0.0716839439750888,3.0499655889889,26.55,0.04728727267914461,0.0787217191133428,3.2882725932309294,28.1
974,synthetic_planning_reference,0.0783333333323753,0.0830244429276789,2.9679975751354,27.7,0.08784701381094416,0.09135959737745218,3.1857637636699563,29.35
975,synthetic_planning_reference,0.0549999999993815,0.0741717726463232,2.58747373920904,29.95,0.06130499529800984,0.08165576885329212,2.7860048490303737,31.8
976,synthetic_planning_reference,0.0366666666657693,0.0436732539765862,2.99022164751585,27.95,0.040880272253646,0.04898249356149592,3.223060266885195,29.55
977,synthetic_planning_reference,0.0691666666658421,0.0815244471062596,3.27495834075161,28.85,0.07588493012469053,0.08952627996418538,3.544521941274614,30.650000000000002
978,synthetic_planning_reference,0.0458333333328483,0.0828463107157402,2.99534610579563,28.75,0.052919104759756835,0.09071922240108912,3.2301904636665055,30.450000000000003
979,synthetic_planning_reference,0.0674999999988359,0.0756449330367789,2.81788596900996,29.15,0.07617005159813897,0.08323629442630266,3.0756377982516243,30.950000000000003
980,synthetic_planning_reference,0.0466666666659876,0.0822721283748659,2.94809846709009,28.85,0.052790672624315346,0.08981109635196788,3.2039274885550046,30.6
981,synthetic_planning_reference,0.0366666666659512,0.0781276694403742,2.2853069260481,27.35,0.04085271198514921,0.08612116549637586,2.4560038279542975,29.0
982,synthetic_planning_reference,0.0516666666659148,0.0747386859423922,2.9741936793002,27.5,0.0574343712928188,0.08248584774252342,3.207794177632595,29.150000000000002
983,synthetic_planning_reference,0.0424999999995634,0.0612587267793732,3.27819619403432,28.05,0.04844178980564616,0.06796682461558924,3.557679991053339,29.75
984,synthetic_planning_reference,0.0549999999995634,0.0752576667067866,3.01815703357816,28.7,0.06258705488325304,0.08246176045726397,3.26586931853502,30.35
985,synthetic_planning_reference,0.0308333333325209,0.0618680517001457,3.21528934370348,28.4,0.034746406661736055,0.06809228559092677,3.4807278357085885,30.05
986,synthetic_planning_reference,0.0341666666663514,0.0582832211725726,2.65106876284095,27.8,0.038674599481978676,0.06471562678124462,2.8551015318034336,29.5
987,synthetic_planning_reference,0.064999999999236,0.0899761891995195,2.84952856818032,28.95,0.07270762835525038,0.09808708620190279,3.061514985351319,30.650000000000002
988,synthetic_planning_reference,0.0758333333325936,0.0903750142068814,2.81010224759125,29.3,0.08473965680895888,0.09913913388151467,3.0320218359569724,30.950000000000003
989,synthetic_planning_reference,0.0641666666657329,0.0747940528425217,2.9135027714388,29.4,0.07215163208094362,0.08225048761492744,3.121636786405295,31.150000000000002
990,synthetic_planning_reference,0.0499999999992724,0.0786595439177254,3.28148614231631,29.1,0.05573811264213,0.08794776167351163,3.5146585614471464,30.75
991,synthetic_planning_reference,0.0408333333327391,0.0686228880086987,3.09870603009049,28.9,0.0446841655580795,0.0752117095788259,3.339862929040029,30.55
992,synthetic_planning_reference,0.0533333333325572,0.0798218511702546,3.31170800559409,28.25,0.06046141457110296,0.08762710002753037,3.608384981232395,29.900000000000002
993,synthetic_planning_reference,0.0383333333329574,0.0751283170649559,2.95937654127411,29.2,0.043291606697618924,0.08165869638738983,3.1758809541495756,31.0
994,synthetic_planning_reference,0.0374999999994543,0.081833201280354,2.88785575411843,28.9,0.04311707611228736,0.09010101444563923,3.1136878468815756,30.6
995,synthetic_planning_reference,0.0441666666658421,0.0655286402366524,2.55190847472288,28.7,0.049115575555514455,0.07250900959979041,2.750573419778725,30.400000000000002
996,synthetic_planning_reference,0.0391666666659148,0.078745525731501,2.85398693420668,28.5,0.045250108589480594,0.08692557764768034,3.063514569767443,30.150000000000002
997,synthetic_planning_reference,0.0383333333331393,0.0572621656040596,3.04963927768421,29.5,0.04304204282957309,0.06249828241700137,3.2758367501950008,31.25
998,synthetic_planning_reference,0.0608333333320843,0.0877344905907079,3.13084837280224,28.65,0.0677702200594696,0.09691619056098537,3.398488938539637,30.400000000000002
999,synthetic_planning_reference,0.044166666666024,0.0669218334604521,2.93496735686303,28.4,0.049502504060504535,0.07388711957086373,3.146929875306038,30.1
1000,synthetic_planning_reference,0.0449999999991633,0.0650995923128612,3.17602728910336,30.0,0.05036536028820041,0.0728652863084572,3.4418309292193863,31.85
