update,environment_steps,mean_episode_return,all_hit_rate,all_sync_rate,hit_fraction,target_coverage_rate,complete_group_rate,coordinated_group_rate,mean_sync_spread_s,trust_mean,trust_std,guided_action_fraction,actor_update_fraction,completed_episodes,policy_loss,value_loss,entropy,approx_kl,importance_ratio,actor_grad_norm,critic_grad_norm,adaptive_kl_coef,actor_lr,wall_time_s
1,1024,442547.4028137922,1.0,1.0,1.0,1.0,1.0,1.0,0.04375000000000018,0.8000000000000002,1.1102230246251565e-16,0.0,1.0,1,0.038499071227852254,1.0914787352085114,2.7607890129089356,0.19233911158517003,3.03472586274147,1.5019127130508423,8.122711914777756,0.0025628906249999996,0.0002999978442511331,19.718775033950806
2,2048,684573.7335682362,1.0,1.0,1.0,1.0,1.0,1.0,0.037499999999999645,0.8000000000000002,1.1102230246251565e-16,0.0,1.0,1,0.04848609762266278,0.425019109249115,2.7562979817390443,0.614706489443779,2.821790152788162,8.064068210124969,1.6751989126205444,0.5904900000000002,0.0002999913770667033,41.350670337677
3,3072,573909.1222722717,1.0,1.0,1.0,1.0,1.0,1.0,0.03750000000000009,0.8000000000000002,1.1102230246251565e-16,0.0,1.0,1,-0.0008236214518547059,0.30301475487649443,2.7430089354515075,-0.48289052248001096,6.520827996730804,0.926721416413784,3.1404059410095213,0.07178979876918531,0.0002999805986332205,62.52182197570801
4,4096,508175.8325179182,1.0,1.0,1.0,1.0,1.0,1.0,0.03750000000000009,0.8000000000000002,1.1102230246251565e-16,0.0,1.0,2,0.07731422074139119,0.2635700672864914,2.7359336972236634,-0.43737234771251676,4.830094289779663,0.5513924993574619,2.346920442581177,0.008727963568087723,0.0002999655092615288,83.91313338279724
5,5120,442495.00117872655,1.0,1.0,1.0,1.0,1.0,1.0,0.037499999999999645,0.8000000000000002,1.1102230246251565e-16,0.0,1.0,1,0.0779532550368458,0.16504453904926777,2.74675475358963,-0.4129837676882744,5.200016248226166,0.5347734898328781,1.1538172513246536,0.0010611166119964739,0.00029994610938679735,105.56651282310486
6,6144,816290.2878408432,1.0,1.0,1.0,1.0,1.0,1.0,0.03750000000000009,0.8000000000000002,1.1102230246251565e-16,0.0,1.0,1,0.06102119328570552,0.26816214472055433,2.757064700126648,0.07757163970964029,3.8730295062065125,1.1397198498249055,1.5167113617062569,0.007680744159201299,0.00029992239956850794,127.2479190826416
7,7168,508100.8769726753,1.0,1.0,1.0,1.0,1.0,1.0,0.040625000000000355,0.8000000000000002,1.1102230246251565e-16,0.0,1.0,2,0.033367158845067024,0.1494735697284341,2.755363631248474,0.3406176635064185,2.7685824394226075,7.736072325706482,1.2264084935188293,0.4289814209709524,0.0002998943804904386,148.73761773109436
8,8192,442633.42799666524,1.0,1.0,1.0,1.0,1.0,1.0,0.04375000000000018,0.8000000000000002,1.1102230246251565e-16,0.0,1.0,1,0.0019352419301867485,0.14453571438789367,2.7445727825164794,-0.455102251470089,4.527052187919617,0.8121262401342392,1.4080252796411514,0.0521541260431571,0.0002998620529606442,170.35514521598816
9,9216,882259.1525916718,1.0,1.0,1.0,1.0,1.0,1.0,0.04062499999999991,0.8000000000000002,1.1102230246251565e-16,0.0,1.0,2,0.0894157389178872,0.22386665008962153,2.733599841594696,0.054013635218143466,3.3135812878608704,5.15512578189373,2.2183199375867844,0.9,0.0002998254179114328,191.76108384132385
10,10240,442684.32596227527,1.0,1.0,1.0,1.0,1.0,1.0,0.03750000000000009,0.8000000000000002,1.1102230246251565e-16,0.0,1.0,1,-0.06888906620442867,0.09031399842351676,2.725017476081848,-0.44595506191253664,4.0620575785636905,3.0195941895246508,0.8743056073784828,0.10941898913151243,0.0002997844763993392,214.37393426895142
11,11264,816392.7328938991,1.0,1.0,1.0,1.0,1.0,1.0,0.05624999999999991,0.8000000000000002,1.1102230246251565e-16,0.0,1.0,1,0.06145823453553021,0.15102968849241732,2.7166470527648925,-0.09166285216342658,3.4525287628173826,1.6949823290109634,1.655987311154604,0.2851250567406367,0.000299739229605094,235.4318494796753
12,12288,508196.9402866587,1.0,1.0,1.0,1.0,1.0,1.0,0.028125000000000178,0.8000000000000002,1.1102230246251565e-16,0.0,1.0,2,0.03335410300642252,0.0939229428768158,2.7088801980018617,-0.28821273483335974,3.7673343777656556,0.9906025335192681,0.8248463720083237,0.03466455053847287,0.00029968967883358983,257.692391872406
13,13312,442642.92943301797,1.0,1.0,1.0,1.0,1.0,1.0,0.024999999999999467,0.8000000000000002,1.1102230246251565e-16,0.0,1.0,1,0.07695500364061444,0.07251489162445068,2.7023912906646728,-0.4140170156955719,4.019699680805206,0.5446453005075454,0.8174887739121914,0.004214400087353251,0.0002996358255138437,279.6291649341583
14,14336,816138.6555607915,1.0,1.0,1.0,1.0,1.0,1.0,0.03750000000000053,0.8000000000000002,1.1102230246251565e-16,0.0,1.0,1,0.060918179122381844,0.1335070624947548,2.7083132386207582,0.10302280336618423,4.071542716026306,1.0119725957512855,1.1505717933177948,0.030505345491267724,0.00029957767119895577,301.6819055080414
15,15360,508573.18721446395,1.0,1.0,1.0,1.0,1.0,1.0,0.046875,0.8000000000000002,1.1102230246251565e-16,0.0,1.0,2,0.035441866423934695,0.061111023835837844,2.7051992774009705,0.018951145838946103,3.4630541086196898,1.6279944688081742,0.5761435382068157,0.14720578401880097,0.0002995152175660644,331.7204473018646
16,16384,816552.0924421363,1.0,1.0,1.0,1.0,1.0,1.0,0.02499999999999991,0.8000000000000002,1.1102230246251565e-16,0.0,1.0,1,0.012191546428948642,0.10205094385892152,2.693891680240631,-0.1461135150399059,4.479319858551025,0.9420554712414742,1.0231491953134537,0.04971329654829923,0.000299448466416298,362.7716820240021
17,17408,508181.5674493313,1.0,1.0,1.0,1.0,1.0,1.0,0.028125000000000178,0.8000000000000002,1.1102230246251565e-16,0.0,1.0,2,-0.007217997638508678,0.050017341319471595,2.6764012932777406,-0.19646095708012581,5.346306014060974,1.7619504258036613,0.4653867244720459,0.027981371680607027,0.00029937741967472306,383.64637517929077
18,18432,442672.17108531296,1.0,1.0,1.0,1.0,1.0,1.0,0.03750000000000009,0.8000000000000002,1.1102230246251565e-16,0.0,1.0,1,0.0007929159794002772,0.04212259668856859,2.6625149726867674,-0.06840521666454151,3.849736726284027,0.6095625463873148,0.4648992970585823,0.02916565123271174,0.0002993020793902885,405.874639749527
19,19456,816203.1448936462,1.0,1.0,1.0,1.0,1.0,1.0,0.04375000000000018,0.8000000000000002,1.1102230246251565e-16,0.0,1.0,1,0.002994392206892371,0.09194872118532657,2.6500962138175965,-0.09469198025763034,3.5379958271980287,1.677797669172287,1.1318774297833443,0.08444459461754134,0.0002992224477357666,432.52002239227295
20,20480,508420.47238274664,1.0,1.0,1.0,1.0,1.0,1.0,0.028124999999999956,0.8000000000000002,1.1102230246251565e-16,0.0,1.0,2,0.0009441539645195007,0.03787096347659826,2.636297571659088,-0.21818216005340219,5.684055960178375,0.7906855210661888,0.3845921404659748,0.0285180314218263,0.00029913852700769053,462.76299262046814
21,21504,530673.568608433,1.0,1.0,1.0,1.0,1.0,1.0,0.03750000000000009,0.8000000000000002,1.1102230246251565e-16,0.0,1.0,1,0.004788961209123954,0.046681642346084115,2.622439432144165,-0.07113994601531885,4.299126875400543,0.7985281229019165,0.3456900641322136,0.017835014690197423,0.00029905031962628787,493.63131070137024
22,22528,727938.5929686204,1.0,1.0,1.0,1.0,1.0,1.0,0.03750000000000009,0.8000000000000002,1.1102230246251565e-16,0.0,1.0,1,-0.031504866247996685,0.05107539258897305,2.609556329250336,-0.041358166420832274,3.5119513630867005,1.8724408000707626,0.518355593830347,0.030983102146317193,0.00029895782813541097,516.2945611476898
23,23552,508411.7627506703,1.0,1.0,1.0,1.0,1.0,1.0,0.025000000000000133,0.8000000000000002,1.1102230246251565e-16,0.0,1.0,2,-0.010850898502394558,0.031043327925726772,2.594733488559723,-0.21917662518098951,6.498751580715179,0.9836621463298798,0.3625674471259117,0.0041853576753190375,0.00029886105520246346,538.2106306552887
24,24576,794724.5855322005,1.0,1.0,1.0,1.0,1.0,1.0,0.037499999999999645,0.8000000000000002,1.1102230246251565e-16,0.0,1.0,1,0.006009538983926177,0.048009460885077716,2.5834049463272093,-0.07790487129241228,3.0746927857398987,2.8141552299261092,0.41033471971750257,0.030295126054422614,0.0002987600036183236,559.603506565094
25,25600,530152.2562682703,1.0,1.0,1.0,1.0,1.0,1.0,0.050000000000000044,0.8000000000000002,1.1102230246251565e-16,0.0,1.0,2,-0.015384653629735113,0.03320125481113791,2.572496163845062,-0.15878576086834073,3.503639054298401,1.9911963313817977,0.5108081310987472,0.0036831800760962954,0.0002986546762972634,580.1734330654144
26,26624,442560.45194932213,1.0,1.0,1.0,1.0,1.0,1.0,0.03125,0.8000000000000002,1.1102230246251565e-16,0.0,1.0,1,-0.004369542805943638,0.03727669212967157,2.5620227098464965,-0.14058137414976954,8.874256360530854,0.6010981425642967,0.5776144333183766,0.0004975430132293626,0.00029854507627686487,603.5229885578156
27,27648,816255.6473008543,1.0,1.0,1.0,1.0,1.0,1.0,0.03750000000000009,0.8000000000000002,1.1102230246251565e-16,0.0,1.0,1,-0.008919066621456296,0.06473911032080651,2.551448678970337,0.09884820439328905,192.0123421907425,1.4744124978780746,0.5667962081730366,0.09529679538691468,0.00029843120671793226,627.2278215885162
28,28672,508381.65857596695,1.0,1.0,1.0,1.0,1.0,1.0,0.050000000000000044,0.8000000000000002,1.1102230246251565e-16,0.0,1.0,2,0.003915478358976543,0.037595593836158514,2.537547767162323,-0.2922572553157806,3.755282759666443,1.555126179754734,0.33144868686795237,0.011585865576343092,0.000298313070904401,651.2615811824799
29,29696,596662.465080373,1.0,1.0,1.0,1.0,1.0,1.0,0.031250000000000444,0.8000000000000002,1.1102230246251565e-16,0.0,1.0,1,0.013456126418896019,0.060263889655470845,2.527135467529297,-0.11609244160354137,3.385730743408203,0.8830508515238762,1.0632785145193338,0.0014085707773078319,0.0002981906722432429,683.167722940445
30,30720,727993.0303615555,1.0,1.0,1.0,1.0,1.0,1.0,0.03125,0.8000000000000002,1.1102230246251565e-16,0.0,1.0,2,-0.021838893194217234,0.04432936310768128,2.51776008605957,0.04706017794087529,4.3908686876297,0.8507323652505875,0.2568188548088074,0.05244723523859759,0.00029806401426436807,708.2296943664551
31,31744,442666.17579898983,1.0,1.0,1.0,1.0,1.0,1.0,0.02499999999999991,0.8000000000000002,1.1102230246251565e-16,0.0,1.0,1,-0.016969723207876087,0.019832952320575713,2.501391291618347,-0.2542782574892044,3.9879001140594483,0.6553361229598522,0.29484424032270906,0.006376359402833316,0.00029793310062052294,736.3262755870819
32,32768,816395.8613079116,1.0,1.0,1.0,1.0,1.0,1.0,0.043749999999999734,0.8000000000000002,1.1102230246251565e-16,0.0,1.0,1,-0.008524227980524301,0.05833621472120285,2.4836222410202025,4.6978844329714776e-05,4.914285182952881,0.8539582774043083,0.4917903505265713,0.02769263133943455,0.00029779793508718486,758.7813160419464
33,33792,508272.1027607769,1.0,1.0,1.0,1.0,1.0,1.0,0.03750000000000009,0.8000000000000002,1.1102230246251565e-16,0.0,1.0,2,-0.013820061134174466,0.029172160662710667,2.468545711040497,-0.2196429878473282,3.9566720485687257,0.7522134006023407,0.5184522651135921,0.0033667774750584098,0.0002976585215624535,780.1439652442932
34,34816,442461.25329561904,1.0,1.0,1.0,1.0,1.0,1.0,0.03750000000000009,0.8000000000000002,1.1102230246251565e-16,0.0,1.0,1,-0.024686363742512187,0.025724407844245435,2.4561517357826235,-0.08241083226166665,5.152434122562409,0.7951095469295979,0.2270625837147236,0.002105563488521016,0.0002975148640669382,802.6150856018066
35,35840,882256.4929044247,1.0,1.0,1.0,1.0,1.0,1.0,0.028124999999999956,0.8000000000000002,1.1102230246251565e-16,0.0,1.0,2,-0.0014469442656263709,0.04750155787914991,2.4383040189743044,0.03432430531829596,5.000339305400848,3.600150203704834,0.37022952511906626,0.11759897199130605,0.00029736696674364203,824.5216619968414
36,36864,442414.7591095567,1.0,1.0,1.0,1.0,1.0,1.0,0.050000000000000266,0.8000000000000002,1.1102230246251565e-16,0.0,1.0,1,-0.012282285513356328,0.03123011263087392,2.424026370048523,-0.21971067264676095,5.317060327529907,0.9512420430779457,0.4765020780265331,0.014297289597993059,0.0002972148338578425,846.9108211994171
37,37888,442407.49961027503,1.0,1.0,1.0,1.0,1.0,1.0,0.031249999999999556,0.8000000000000002,1.1102230246251565e-16,0.0,1.0,1,-0.014593556278850884,0.03304695999249816,2.4105911016464234,-0.03577030028682202,8.790762233734132,0.7194235369563102,0.31821601241827013,0.008941443616443119,0.0002970584697969682,869.2214648723602
38,38912,882173.5682408959,1.0,1.0,1.0,1.0,1.0,1.0,0.03749999999999987,0.8000000000000002,1.1102230246251565e-16,0.0,1.0,2,0.030887225084006785,0.06846054568886757,2.3957138657569885,0.014173551462590694,3.9152567863464354,1.9521083414554596,0.5999846801161766,0.07191265424804479,0.0002968978790704727,891.0331697463989
39,39936,442585.3504640758,1.0,1.0,1.0,1.0,1.0,1.0,0.03750000000000009,0.8000000000000002,1.1102230246251565e-16,0.0,1.0,1,-0.006310315546579659,0.02517217821441591,2.384765934944153,-0.2529523283243179,3.831964075565338,1.0953283436596393,0.2875717807561159,0.008742899926205581,0.0002967330663097041,912.608246088028
40,40960,816558.2807619423,1.0,1.0,1.0,1.0,1.0,1.0,0.03750000000000053,0.8000000000000002,1.1102230246251565e-16,0.0,1.0,1,-0.020246117596980185,0.040249407198280095,2.370144248008728,-0.013104136008769274,3.4284172296524047,1.095954717695713,0.4476510643959045,0.07812871369777305,0.0002965640362677718,934.5565483570099
41,41984,508054.2549471855,1.0,1.0,1.0,1.0,1.0,1.0,0.03750000000000009,0.8000000000000002,1.1102230246251565e-16,0.0,1.0,2,-0.011446000868454575,0.024706830084323884,2.353911745548248,-0.11400237819179893,4.827338993549347,1.066516038775444,0.3916404388844967,0.01583104606473273,0.0002963907938194092,956.6859917640686
42,43008,442655.2535754889,1.0,1.0,1.0,1.0,1.0,1.0,0.04375000000000018,0.8000000000000002,1.1102230246251565e-16,0.0,1.0,1,-0.007487329910509289,0.028077806811779737,2.3400378823280334,-0.14498576996847987,3.2184178233146667,0.650991290062666,0.5115265242755413,0.0019246856192194032,0.00029621334396083315,979.3709704875946
43,44032,816298.2210294455,1.0,1.0,1.0,1.0,1.0,1.0,0.025000000000000355,0.8000000000000002,1.1102230246251565e-16,0.0,1.0,1,-0.010758679918944835,0.04740198738873005,2.331467080116272,0.1353583060670644,3.9767253279685972,1.9934455007314682,0.4666456378996372,0.3686442513751781,0.00029603169180959993,1002.5717675685883
44,45056,508421.3369818032,1.0,1.0,1.0,1.0,1.0,1.0,0.03125000000000022,0.8000000000000002,1.1102230246251565e-16,0.0,1.0,2,-0.029737275931984185,0.027474632393568753,2.318620204925537,-0.2777749501168728,7.616028702259063,1.029131144285202,0.4464002437889576,0.044818534816239035,0.0002958458426044576,1025.6531436443329
45,46080,530653.8979314491,1.0,1.0,1.0,1.0,1.0,1.0,0.03750000000000009,0.8000000000000002,1.1102230246251565e-16,0.0,1.0,1,0.00627625451888889,0.04871889362111688,2.3029590964317324,-0.11826112507842482,3.592005395889282,0.6794629104435443,0.8252000734210014,0.005448887526609302,0.000295655801705195,1047.864271402359
46,47104,794025.8394759595,1.0,1.0,1.0,1.0,1.0,1.0,0.046875,0.8000000000000002,1.1102230246251565e-16,0.0,1.0,2,-0.019579486874863505,0.03885937174782157,2.2902544021606444,0.013444177620112897,3.2659858584403993,0.8375379800796509,0.3629278432577848,0.04869260510026047,0.0002954615745924871,1069.780044555664
47,48128,442556.28286123276,1.0,1.0,1.0,1.0,1.0,1.0,0.03750000000000009,0.8000000000000002,1.1102230246251565e-16,0.0,1.0,1,-0.002257638482842594,0.03127579251304269,2.274295747280121,-0.17204073891043664,2.7262033224105835,0.5761430606245994,0.3804174356162548,0.005919884031389362,0.0002952631668677369,1091.6054978370667
48,49152,816502.2057916671,1.0,1.0,1.0,1.0,1.0,1.0,0.043749999999999734,0.8000000000000002,1.1102230246251565e-16,0.0,1.0,1,-0.004948232462629676,0.045870454795658586,2.2585572361946107,0.048481191421160474,4.314377617835999,0.6627788171172142,0.38750072941184044,0.08816924371323716,0.00029506058425291404,1113.0063478946686
49,50176,508275.60241580755,1.0,1.0,1.0,1.0,1.0,1.0,0.050000000000000044,0.8000000000000002,1.1102230246251565e-16,0.0,1.0,2,0.0020467503927648067,0.033074112888425586,2.242519211769104,-0.2028579231351614,3.894413375854492,1.4965434461832046,0.47293121702969076,0.010719321688435967,0.0002948538325903896,1135.1338064670563
50,51200,640791.2544034123,1.0,1.0,1.0,1.0,1.0,1.0,0.018750000000000266,0.8000000000000002,1.1102230246251565e-16,0.0,1.0,1,0.012149606563616544,0.03715225299820304,2.2342902541160585,-0.10585306202992797,53.358962535858154,0.8323116213083267,0.35873386412858965,0.004022281698642525,0.00029464291784276784,1156.9393043518066
51,52224,684080.8650895357,1.0,1.0,1.0,1.0,1.0,1.0,0.04062500000000013,0.8000000000000002,1.1102230246251565e-16,0.0,1.0,2,-0.007218168361578137,0.044711354002356526,2.226111114025116,0.022719839308410882,6.9604965329170225,1.3047936260700226,0.3610024683177471,0.04930603974581675,0.000294427846092714,1178.1174883842468
52,53248,442537.3866227865,1.0,1.0,1.0,1.0,1.0,1.0,0.06875000000000009,0.8000000000000002,1.1102230246251565e-16,0.0,1.0,1,-0.0063364630623254925,0.026184031320735813,2.217319202423096,-0.13764680246822536,2.914150059223175,0.8905399709939956,0.328651412576437,0.005994463363406048,0.000294208623542779,1200.2594890594482
53,54272,816449.9454192966,1.0,1.0,1.0,1.0,1.0,1.0,0.04375000000000062,0.8000000000000002,1.1102230246251565e-16,0.0,1.0,1,0.002436421671882272,0.05357038080692291,2.2047114849090574,0.011628094618208707,3.022155737876892,1.3335465326905251,0.40854241922497747,0.026034050704040905,0.0002939852565152205,1222.1733763217926
54,55296,508065.9879447594,1.0,1.0,1.0,1.0,1.0,1.0,0.028125000000000178,0.8000000000000002,1.1102230246251565e-16,0.0,1.0,2,-0.00845521972514689,0.02749841343611479,2.1960179924964907,-0.04624448753893375,3.4725104212760924,0.8932677045464515,0.45313787162303926,0.009768928364316514,0.00029375775145182065,1243.6871869564056
55,56320,442627.1113767177,1.0,1.0,1.0,1.0,1.0,1.0,0.018750000000000266,0.8000000000000002,1.1102230246251565e-16,0.0,1.0,1,-0.008620204171165824,0.02517071715556085,2.1868062615394592,-0.10501359534682705,2.766726529598236,0.8172224178910256,0.22507904954254626,0.0011876736294685246,0.0002935261149137004,1266.2627897262573
56,57344,816366.1558762789,1.0,1.0,1.0,1.0,1.0,1.0,0.025000000000000355,0.8000000000000002,1.1102230246251565e-16,0.0,1.0,1,-0.0037136139813810586,0.05884233172982931,2.1762093186378477,0.09806412782054394,2.334953784942627,1.1628041803836822,0.4488608784973621,0.11055567678052444,0.00029329035358112996,1287.1962406635284
57,58368,508229.2945089638,1.0,1.0,1.0,1.0,1.0,1.0,0.03125000000000022,0.8000000000000002,1.1102230246251565e-16,0.0,1.0,2,0.0115606325911358,0.039410140458494426,2.165277051925659,-0.1849638506770134,2.8623474836349487,1.3275565326213836,0.5021602027118206,0.01344098932897245,0.00029305047425333647,1309.23925447464
58,59392,442712.71346824616,1.0,1.0,1.0,1.0,1.0,1.0,0.03750000000000009,0.8000000000000002,1.1102230246251565e-16,0.0,1.0,1,0.005637037893757224,0.03614067574962974,2.1586122870445252,-0.08620503982529044,2.8508219361305236,0.7625352710485458,0.3404237307608128,0.005043550978407446,0.00029280648384830767,1330.9853911399841
59,60416,882206.8327452093,1.0,1.0,1.0,1.0,1.0,1.0,0.03750000000000009,0.8000000000000002,1.1102230246251565e-16,0.0,1.0,2,0.0032486293581314384,0.054839062690734866,2.152549457550049,0.01922223884612322,3.224919843673706,1.374173778295517,0.39250010401010516,0.04507041756603229,0.00029255838940259264,1353.084085226059
60,61440,442594.9261057377,1.0,1.0,1.0,1.0,1.0,1.0,0.050000000000000266,0.8000000000000002,1.1102230246251565e-16,0.0,1.0,1,0.012624212045921013,0.0452186462469399,2.1451207041740417,-0.19590561389923095,2.586328911781311,0.7495731927454472,0.369666713476181,0.005479510588678238,0.00029230619807109863,1374.9956617355347
61,62464,816430.2485599183,1.0,1.0,1.0,1.0,1.0,1.0,0.031250000000000444,0.8000000000000002,1.1102230246251565e-16,0.0,1.0,1,0.002622901805443689,0.06337782833725214,2.1355727314949036,0.0445817964617163,3.328883981704712,1.258236761391163,0.33450168669223784,0.20402608478508014,0.0002920499171268849,1396.146909236908
62,63488,508273.5117916558,1.0,1.0,1.0,1.0,1.0,1.0,0.028125000000000178,0.8000000000000002,1.1102230246251565e-16,0.0,1.0,2,0.013042453862726688,0.03760129529982805,2.1255380153656005,-0.21018093675374985,5.613635885715484,1.021934875845909,0.5564370959997177,0.024804808837381908,0.00029178955396095294,1417.2484147548676
63,64512,442624.8129220158,1.0,1.0,1.0,1.0,1.0,1.0,0.02499999999999991,0.8000000000000002,1.1102230246251565e-16,0.0,1.0,1,-0.011101447348482906,0.026136745885014533,2.1164374232292174,-0.1463979199528694,6.864015156030655,0.6455322533845902,0.25027385279536246,0.0030156856762074825,0.000291525116082033,1439.4393057823181
64,65536,882071.5184383392,1.0,1.0,1.0,1.0,1.0,1.0,0.025000000000000133,0.8000000000000002,1.1102230246251565e-16,0.0,1.0,2,-0.022590903844684363,0.04533576853573322,2.1068536162376406,0.12029686914756894,3.3594542264938356,1.6029546678066253,0.5252217382192612,0.3465652293716108,0.0002912566111163681,1460.6278409957886
65,66560,442521.24833518267,1.0,1.0,1.0,1.0,1.0,1.0,0.03125,0.8000000000000002,1.1102230246251565e-16,0.0,1.0,1,-0.026374972146004438,0.02293726378120482,2.0945011496543886,-0.21366378366947175,2.449479079246521,1.1921621799468993,0.30603358056396246,0.04213424118441376,0.0002909840468074937,1483.1159844398499
66,67584,816567.2423917949,1.0,1.0,1.0,1.0,1.0,1.0,0.050000000000000266,0.8000000000000002,1.1102230246251565e-16,0.0,1.0,1,0.011336354003287853,0.05797272678464651,2.0823545932769774,-0.05963326211785898,2.6248828411102294,1.5366792172193526,0.30279894918203354,0.015810308910225966,0.0002907074310160144,1504.3103234767914
67,68608,508115.8216515556,1.0,1.0,1.0,1.0,1.0,1.0,0.02187500000000031,0.8000000000000002,1.1102230246251565e-16,0.0,1.0,2,-0.01132090415339917,0.02289429996162653,2.0742791175842283,0.0191908037988469,4.176696801185608,1.4616888344287873,0.29569742605090144,0.23547471066930992,0.00029042677171937757,1525.8600034713745
68,69632,442599.40246560425,1.0,1.0,1.0,1.0,1.0,1.0,0.050000000000000266,0.8000000000000002,1.1102230246251565e-16,0.0,1.0,1,-0.008205615542829036,0.03612955268472433,2.0660379409790037,-0.22004298567771913,10.553978192806245,1.0786651909351348,0.2758492656052113,0.02862822756385694,0.00029014207701164274,1547.5034248828888
69,70656,816255.8594394699,1.0,1.0,1.0,1.0,1.0,1.0,0.05624999999999991,0.8000000000000002,1.1102230246251565e-16,0.0,1.0,1,-0.00909095339011401,0.052180714160203936,2.0567713141441346,0.01508905456867069,2.848550999164581,0.9905454456806183,0.4190796822309494,0.13814761366372835,0.00028985335510324874,1569.154598236084
70,71680,508278.4245375991,1.0,1.0,1.0,1.0,1.0,1.0,0.028125000000000178,0.8000000000000002,1.1102230246251565e-16,0.0,1.0,2,-0.006588117266073823,0.027952967397868633,2.044147419929504,-0.19671579599380493,3.38668212890625,0.9430961474776268,0.29452685341238977,0.016795524708906526,0.00028956061432077644,1590.625012397766
71,72704,442461.0397679955,1.0,1.0,1.0,1.0,1.0,1.0,0.03750000000000053,0.8000000000000002,1.1102230246251565e-16,0.0,1.0,1,-0.010455649986397475,0.028369702189229427,2.0338955760002135,-0.027464836259605364,2.605351781845093,1.0592944607138635,0.22211506627500058,0.0144085399851684,0.00028926386310670893,1612.080007314682
72,73728,816267.3850580342,1.0,1.0,1.0,1.0,1.0,1.0,0.050000000000000266,0.8000000000000002,1.1102230246251565e-16,0.0,1.0,1,0.012288933992385865,0.04978963471949101,2.0245564699172975,-0.025449324492365123,2.470656543970108,1.9461393550038337,0.3145933423191309,0.1738236685182035,0.000288963110019188,1634.9936747550964
73,74752,508374.09160998464,1.0,1.0,1.0,1.0,1.0,1.0,0.02499999999999991,0.8000000000000002,1.1102230246251565e-16,0.0,1.0,2,0.02483186647295952,0.023358293902128936,2.0157348990440367,-0.2547188363969326,2.9359738290309907,1.0130760297179222,0.3246764775365591,0.02113290010710325,0.00028865836373176705,1656.0212831497192
74,75776,530642.061752595,1.0,1.0,1.0,1.0,1.0,1.0,0.03750000000000009,0.8000000000000002,1.1102230246251565e-16,0.0,1.0,1,0.02874054266139865,0.026240578293800353,2.0112275004386904,-0.1455172449350357,2.1546690464019775,1.0280425995588303,0.26855789460241797,0.00428211216136383,0.00028834963303316145,1677.989228963852
75,76800,794008.1721102409,1.0,1.0,1.0,1.0,1.0,1.0,0.03125,0.8000000000000002,1.1102230246251565e-16,0.0,1.0,2,-0.01840548892505467,0.034896128438413145,2.0025632977485657,0.09564521370339207,2.1064669668674467,1.7765230864286423,0.25742974802851676,0.26573619570416884,0.00028803692682699463,1700.0166561603546
76,77824,442496.97766697407,1.0,1.0,1.0,1.0,1.0,1.0,0.04375000000000018,0.8000000000000002,1.1102230246251565e-16,0.0,1.0,1,0.0118683363776654,0.02760505531914532,1.9914658188819885,-0.2531850434839725,2.4215109944343567,0.7929947555065155,0.4076619453728199,0.03230731767733767,0.0002877202541315415,1723.2519750595093
77,78848,640567.8720250844,1.0,1.0,1.0,1.0,1.0,1.0,0.031250000000000444,0.8000000000000002,1.1102230246251565e-16,0.0,1.0,1,0.04571515251882374,0.040842515975236894,1.9873166739940644,-0.2434498928487301,2.5842347621917723,0.8089319840073586,0.33044458366930485,0.003927815602005479,0.00028739962407946826,1744.9245982170105
78,79872,683964.5522044376,1.0,1.0,1.0,1.0,1.0,1.0,0.03749999999999987,0.8000000000000002,1.1102230246251565e-16,0.0,1.0,2,0.04689570295158774,0.03317716857418418,1.986308854818344,-0.23990554437041284,4.2216296136379245,1.1498651683330536,0.3474171247333288,0.00047753068074046925,0.00028707504591756925,1767.4451608657837
79,80896,442521.1729873121,1.0,1.0,1.0,1.0,1.0,1.0,0.04375000000000018,0.8000000000000002,1.1102230246251565e-16,0.0,1.0,1,0.044927699211984876,0.03516554650850594,1.9841903090476989,-0.23258220180869102,2.2394434571266175,0.8093560352921486,0.17237176652997732,0.0001,0.0002867465290065001,1788.917861700058
80,81920,750546.3585797399,1.0,1.0,1.0,1.0,1.0,1.0,0.04375000000000018,0.8000000000000002,1.1102230246251565e-16,0.0,1.0,1,0.05135865872725844,0.05243566315621138,1.9830920279026032,-0.24362242966890335,2.9463923811912536,1.1645373359322548,0.4593559022992849,0.0001,0.00028641408282050764,1810.6623539924622
81,82944,574035.8867824264,1.0,1.0,1.0,1.0,1.0,1.0,0.03750000000000031,0.8000000000000002,1.1102230246251565e-16,0.0,1.0,2,0.05129964416846633,0.04637018879875541,1.9819717764854432,-0.2109657719731331,3.770056450366974,1.2527459003031254,0.3066542074084282,0.0001,0.000286077716947157,1832.5049936771393
82,83968,442578.20921995305,1.0,1.0,1.0,1.0,1.0,1.0,0.05624999999999991,0.8000000000000002,1.1102230246251565e-16,0.0,1.0,1,0.03424975820234977,0.024217772157862784,1.9831021070480346,-0.23877418264746667,2.7506885647773744,1.0156346172094346,0.206088462844491,0.0001,0.0002857374410870549,1854.1332831382751
83,84992,882443.1954467548,1.0,1.0,1.0,1.0,1.0,1.0,0.04062500000000013,0.8000000000000002,1.1102230246251565e-16,0.0,1.0,2,0.05128599179442972,0.05742430593818426,1.985950231552124,-0.23874664306640625,3.8423555910587313,1.0095186028629541,0.36168770045042037,0.0001,0.0002853932650535698,1875.672373533249
84,86016,442597.9955237806,1.0,1.0,1.0,1.0,1.0,1.0,0.03125,0.8000000000000002,1.1102230246251565e-16,0.0,1.0,1,0.0369492098223418,0.03471119264140725,1.9852215826511384,-0.24234498366713525,45.988829123973844,1.175738363713026,0.5690533153712749,0.0001,0.0002850451987725492,1897.9850084781647
85,87040,816542.3575270176,1.0,1.0,1.0,1.0,1.0,1.0,0.03750000000000009,0.8000000000000002,1.1102230246251565e-16,0.0,1.0,1,0.049134667051839644,0.0598982522264123,1.9849049210548402,-0.2426008850336075,26.95379980802536,1.034460499882698,0.32052288986742494,0.0001,0.00028469325228203313,1919.9728033542633
86,88064,508304.64379504323,1.0,1.0,1.0,1.0,1.0,1.0,0.028125000000000178,0.8000000000000002,1.1102230246251565e-16,0.0,1.0,2,0.012864413831266575,0.024922690400853754,1.982454138994217,-0.03213416587095708,4.240153706073761,1.0860163748264313,0.15826957682147622,0.0013620251566406252,0.00028433743573196463,1941.8802371025085
87,89088,442585.3812865764,1.0,1.0,1.0,1.0,1.0,1.0,0.04375000000000018,0.8000000000000002,1.1102230246251565e-16,0.0,1.0,1,-0.004182780801784247,0.02508261988405138,1.9775088846683502,0.05855096420273185,2.375904941558838,0.8884893849492073,0.18602932561188937,0.050714138715662986,0.0002839777593838972,1964.489802122116
88,90112,882053.0051358789,1.0,1.0,1.0,1.0,1.0,1.0,0.056250000000000355,0.8000000000000002,1.1102230246251565e-16,0.0,1.0,2,-0.015050408101524226,0.04735591281205416,1.9689517974853517,-0.044621810456737875,2.787270003557205,1.2540327310562134,0.40100661423057316,0.08810092771908407,0.0002836142336106989,1986.0178883075714
89,91136,442365.5488931462,1.0,1.0,1.0,1.0,1.0,1.0,0.031250000000000444,0.8000000000000002,1.1102230246251565e-16,0.0,1.0,1,-0.0025558868888765573,0.031226527877151966,1.9549754858016968,-0.133669164031744,2.9625121653079987,0.7007220044732094,0.27534234765917065,0.010711016058411802,0.00028324686889625287,2008.633551120758
90,92160,486577.39446958154,1.0,1.0,1.0,1.0,1.0,1.0,0.031250000000000444,0.8000000000000002,1.1102230246251565e-16,0.0,1.0,1,-0.01867447292606812,0.0250978812109679,1.9415973126888275,-0.045806037308648226,2.6284461855888366,0.6484626077115536,0.20200628712773322,0.0074428983747575036,0.0002828756758351554,2030.482500076294
91,93184,772060.6772675868,1.0,1.0,1.0,1.0,1.0,1.0,0.03125,0.8000000000000002,1.1102230246251565e-16,0.0,1.0,1,-0.0031458183191716673,0.04764092629775405,1.9284916698932648,0.10125652868300676,2.1963397920131684,2.158322334289551,0.34799213968217374,0.24941841999418063,0.0002825006651324101,2051.368905544281
92,94208,508234.6086897943,1.0,1.0,1.0,1.0,1.0,1.0,0.04062499999999991,0.8000000000000002,1.1102230246251565e-16,0.0,1.0,2,0.023407369386404753,0.02477527894079685,1.916567999124527,-0.23227867111563683,2.8772918224334716,0.8595828130841255,0.22707076333463191,0.03032345709615805,0.0002821218476031193,2073.3710935115814
93,95232,442549.94895884395,1.0,1.0,1.0,1.0,1.0,1.0,0.037499999999999645,0.8000000000000002,1.1102230246251565e-16,0.0,1.0,1,0.040570022515021266,0.02148658554069698,1.9080029726028442,-0.22618601843714714,4.48456609249115,0.9565341472625732,0.2622781889513135,0.0036866244693715567,0.00028173923417217203,2095.299171924591
94,96256,882262.9107385129,1.0,1.0,1.0,1.0,1.0,1.0,0.03750000000000009,0.8000000000000002,1.1102230246251565e-16,0.0,1.0,2,0.05379493506625295,0.04609911199659109,1.9060340881347657,-0.23140329197049142,2.4966913640499113,1.0506458148360251,0.5277353949844837,0.0004482074697179269,0.0002813528358739291,2116.718892812729
95,97280,442592.0476199016,1.0,1.0,1.0,1.0,1.0,1.0,0.03125,0.8000000000000002,1.1102230246251565e-16,0.0,1.0,1,0.03437048851046711,0.024520684126764537,1.9054584205150604,-0.2340277463197708,2.2446891188621523,1.0212279006838798,0.24898685216903688,0.0001,0.00028096266385190487,2138.3602097034454
96,98304,816444.35298419,1.0,1.0,1.0,1.0,1.0,1.0,0.043749999999999734,0.8000000000000002,1.1102230246251565e-16,0.0,1.0,1,0.049544987094122916,0.05961759891360998,1.9053366780281067,-0.2304040774703026,3.4678388237953186,1.1402960136532783,0.2772540617734194,0.0001,0.0002805687293584457,2159.5874037742615
97,99328,508334.49713905156,1.0,1.0,1.0,1.0,1.0,1.0,0.034375000000000266,0.8000000000000002,1.1102230246251565e-16,0.0,1.0,2,0.036060892534442245,0.03999762441962958,1.9079783082008361,-0.21588602364063264,2.375884997844696,1.0316597767174245,0.2612742356956005,0.0001,0.0002801710437544056,2180.96777176857
98,100352,486672.77485928684,1.0,1.0,1.0,1.0,1.0,1.0,0.02499999999999991,0.8000000000000002,1.1102230246251565e-16,0.0,1.0,1,0.04028317088959739,0.029378218203783037,1.911110407114029,-0.22946015521883964,2.3909097373485566,0.9131352990865708,0.18098022788763046,0.0001,0.0002797696185088186,2202.9205462932587
99,101376,837939.9592064507,1.0,1.0,1.0,1.0,1.0,1.0,0.028124999999999956,0.8000000000000002,1.1102230246251565e-16,0.0,1.0,2,0.04164005317725241,0.05002306867390871,1.9110784709453583,-0.23155965954065322,2.3640423357486724,0.9238374277949333,0.4224495984613895,0.0001,0.00027936446519856786,2224.0788564682007
100,102400,442581.5608158652,1.0,1.0,1.0,1.0,1.0,1.0,0.03750000000000009,0.8000000000000002,1.1102230246251565e-16,0.0,1.0,1,0.03578203932265751,0.024955695355311037,1.9146467983722686,-0.23511969223618506,2.7447797656059265,0.9079572588205338,0.20601825844496488,0.0001,0.00027895559550805194,2246.06609749794
101,103424,750523.751623176,1.0,1.0,1.0,1.0,1.0,1.0,0.025000000000000355,0.8000000000000002,1.1102230246251565e-16,0.0,1.0,1,0.04047722385730594,0.05079053398221731,1.913524830341339,-0.22457392513751984,2.517875373363495,0.8880625911056995,0.4805482506752014,0.0001,0.00027854302122884764,2269.2083859443665
102,104448,573985.0162219852,1.0,1.0,1.0,1.0,1.0,1.0,0.028124999999999956,0.8000000000000002,1.1102230246251565e-16,0.0,1.0,2,0.04073514281772077,0.037370762415230276,1.910956996679306,-0.2313720166683197,3.259210455417633,1.0718454495072365,0.28624762073159216,0.0001,0.0002781267542593702,2290.6341485977173
103,105472,442695.80093993247,1.0,1.0,1.0,1.0,1.0,1.0,0.03750000000000009,0.8000000000000002,1.1102230246251565e-16,0.0,1.0,1,0.035684360039886086,0.02940074522048235,1.9101918041706085,-0.22512286081910132,2.5818469285964967,0.7794598072767258,0.23271313365548849,0.0001,0.00027770680660453,2312.851117372513
104,106496,816298.3525168896,1.0,1.0,1.0,1.0,1.0,1.0,0.05624999999999991,0.8000000000000002,1.1102230246251565e-16,0.0,1.0,1,0.04885708167566918,0.04918702058494091,1.9119823455810547,-0.2276865318417549,2.8567001104354857,0.9799970030784607,0.3342432778328657,0.0001,0.00027728319037538616,2334.199923992157
105,107520,508405.4764162749,1.0,1.0,1.0,1.0,1.0,1.0,0.03125,0.8000000000000002,1.1102230246251565e-16,0.0,1.0,2,0.037516199005767706,0.02213294766843319,1.912302154302597,-0.2275926001369953,2.775953674316406,0.6080497972667217,0.1844830857589841,0.0001,0.0002768559177887978,2355.884999513626
106,108544,596624.9283448867,1.0,1.0,1.0,1.0,1.0,1.0,0.04375000000000018,0.8000000000000002,1.1102230246251565e-16,0.0,1.0,1,0.042747539654374125,0.03131921133026481,1.9141546308994293,-0.23772821202874184,2.4497096121311186,0.8784979224205017,0.35510554499924185,0.0001,0.0002764250011670711,2377.344185113907
107,109568,727949.4546574429,1.0,1.0,1.0,1.0,1.0,1.0,0.025000000000000133,0.8000000000000002,1.1102230246251565e-16,0.0,1.0,2,0.04630787564674392,0.04091375041753054,1.9158306181430818,-0.23355163559317588,2.9312143564224242,1.0262885071337222,0.43696052134037017,0.0001,0.00027599045293760435,2398.664477586746
108,110592,442587.1908932328,1.0,1.0,1.0,1.0,1.0,1.0,0.043749999999999734,0.8000000000000002,1.1102230246251565e-16,0.0,1.0,1,0.036501141753979026,0.0382196101360023,1.9138598978519439,-0.2528611749410629,2.8296693205833434,1.0428046241402626,0.2988659393042326,0.0001,0.00027555228563252933,2420.2672934532166
109,111616,816517.9446785338,1.0,1.0,1.0,1.0,1.0,1.0,0.03750000000000009,0.8000000000000002,1.1102230246251565e-16,0.0,1.0,1,0.04865606462117285,0.057252708822488785,1.9120872616767883,-0.2348802514374256,3.6443802773952485,0.8578218765556812,0.42047461234033107,0.0001,0.0002751105118883501,2442.0188117027283
110,112640,508261.2601544559,1.0,1.0,1.0,1.0,1.0,1.0,0.046875,0.8000000000000002,1.1102230246251565e-16,0.0,1.0,2,0.03435107212862931,0.03260215986520052,1.911659014225006,-0.1170114953070879,2.3396980285644533,0.9243278905749321,0.3116094708442688,0.0003375,0.00027466514444557817,2463.900847673416
111,113664,442675.1325585246,1.0,1.0,1.0,1.0,1.0,1.0,0.037499999999999645,0.8000000000000002,1.1102230246251565e-16,0.0,1.0,1,0.023545515342266298,0.02821966460905969,1.91118665933609,0.6522655774257146,1.7273370563983916,1.7404454320669174,0.22972416076809168,0.14544672937368391,0.0002742161961483657,2486.4641382694244
112,114688,882017.6751925051,1.0,1.0,1.0,1.0,1.0,1.0,0.03750000000000009,0.8000000000000002,1.1102230246251565e-16,0.0,1.0,2,0.014897171291522682,0.06968344952911139,1.9067358374595642,-0.0805357609584462,2.783795899152756,3.860179063677788,0.46807267889380455,0.42111832176860364,0.0002737636799441344,2509.024757385254
113,115712,442514.49727351964,1.0,1.0,1.0,1.0,1.0,1.0,0.04999999999999982,0.8000000000000002,1.1102230246251565e-16,0.0,1.0,1,-0.025048130983486773,0.03665861152112484,1.9014947831630706,-0.24064101800322532,2.445264256000519,2.2668041080236434,0.5964948527514935,0.051198156747421765,0.0002733076088832027,2531.8229126930237
114,116736,684594.4730673283,1.0,1.0,1.0,1.0,1.0,1.0,0.04375000000000018,0.8000000000000002,1.1102230246251565e-16,0.0,1.0,1,-0.01004574066027999,0.04735445836558938,1.8953705787658692,-0.01094135046005249,2.354381239414215,1.385866367816925,0.28660208694636824,0.048802066916138705,0.0002728479961184089,2554.7176530361176
115,117760,640034.3000403121,1.0,1.0,1.0,1.0,1.0,1.0,0.04062499999999991,0.8000000000000002,1.1102230246251565e-16,0.0,1.0,2,-0.01238562548533082,0.04097539912909269,1.885289990901947,-0.032243445591302586,2.1704726815223694,1.060095766186714,0.26612629406154154,0.020347023431993305,0.00027238485490473226,2576.9964106082916
116,118784,442761.1056236923,1.0,1.0,1.0,1.0,1.0,1.0,0.037499999999999645,0.8000000000000002,1.1102230246251565e-16,0.0,1.0,1,0.0005754758603870869,0.06393971629440784,1.8748425483703612,0.015399092112784275,2.121746468544006,1.1849134907126426,0.6340250737965107,0.06545737014327271,0.00027191819859891065,2598.914333820343
117,119808,816262.5050877556,1.0,1.0,1.0,1.0,1.0,1.0,0.018749999999999822,0.8000000000000002,1.1102230246251565e-16,0.0,1.0,1,-0.010170264448970557,0.06202836614102125,1.8660106718540193,-0.03554269859159831,2.5949648797512053,1.7535585314035416,0.4304767642170191,0.07580864274039505,0.00027144804065905504,2620.805237531662
118,120832,508209.19678266346,1.0,1.0,1.0,1.0,1.0,1.0,0.034375000000000266,0.8000000000000002,1.1102230246251565e-16,0.0,1.0,2,-0.005918997898697853,0.03284769169986248,1.8568612515926362,-0.057714003254659474,2.2564312338829042,0.9388323783874511,0.21152517404407262,0.018964117640800165,0.0002709743946442617,2642.8246777057648
119,121856,486736.0164877698,1.0,1.0,1.0,1.0,1.0,1.0,0.037499999999999645,0.8000000000000002,1.1102230246251565e-16,0.0,1.0,1,-0.012397794192656875,0.02604976063594222,1.849913638830185,0.010251582629280165,2.363337975740433,1.2359513893723488,0.1891012504696846,0.10168082422501176,0.00027049727421422107,2665.75953912735
120,122880,838015.3270142823,1.0,1.0,1.0,1.0,1.0,1.0,0.04999999999999982,0.8000000000000002,1.1102230246251565e-16,0.0,1.0,2,-0.01741982449311763,0.048768557235598566,1.8423099160194396,-0.04341947960201651,2.159362143278122,1.0859958320856093,0.4600593026727438,0.03815436557187856,0.00027001669312882385,2686.2934653759003
121,123904,442520.5226163566,1.0,1.0,1.0,1.0,1.0,1.0,0.03750000000000053,0.8000000000000002,1.1102230246251565e-16,0.0,1.0,1,-0.009642480337060989,0.03761182492598891,1.830890029668808,-0.04632217083126307,2.9586082994937897,0.7955664724111557,0.2842283982783556,0.01590768218194304,0.000269532665247764,2707.88521027565
122,124928,574536.546097111,1.0,1.0,1.0,1.0,1.0,1.0,0.04375000000000018,0.8000000000000002,1.1102230246251565e-16,0.0,1.0,1,0.011361074447631837,0.039363959711045025,1.8224705398082732,0.0035590708255767824,3.68669308423996,2.343086984753609,0.34378914944827554,0.3198487005314579,0.00026904520453013934,2729.5263664722443
123,125952,683961.9588709027,1.0,1.0,1.0,1.0,1.0,1.0,0.043749999999999734,0.8000000000000002,1.1102230246251565e-16,0.0,1.0,1,-0.007107999408617616,0.053564838133752346,1.816279810667038,-0.1337728297105059,3.5468912601470945,2.0799921289086343,0.2886350590735674,0.043206816650839454,0.00026855432503404867,2750.955057144165
124,126976,508375.43082891405,1.0,1.0,1.0,1.0,1.0,1.0,0.03125000000000022,0.8000000000000002,1.1102230246251565e-16,0.0,1.0,2,-0.01592634893313516,0.027781754499301314,1.8070467829704284,-0.055641599115915596,3.1515763640403747,1.044924822449684,0.1437566751614213,0.018014198298755713,0.0002680600409161866,2772.9611575603485
125,128000,640674.6174124926,1.0,1.0,1.0,1.0,1.0,1.0,0.04375000000000018,0.8000000000000002,1.1102230246251565e-16,0.0,1.0,1,-0.018572392361238598,0.03538411343470216,1.7969469726085663,0.015136153575440403,2.5270891964435576,1.149108035862446,0.256307739391923,0.057952557523567434,0.000267562366431435,2794.917905330658
126,129024,683867.3105399013,1.0,1.0,1.0,1.0,1.0,1.0,0.034375000000000266,0.8000000000000002,1.1102230246251565e-16,0.0,1.0,2,-0.01815809328109026,0.04520305162295699,1.7846085011959076,-0.017581803840585053,2.0803423702716826,1.6684871673583985,0.3207493212074041,0.11186172821538348,0.0002670613159324522,2815.895656824112
127,130048,442484.76700337976,1.0,1.0,1.0,1.0,1.0,1.0,0.050000000000000266,0.8000000000000002,1.1102230246251565e-16,0.0,1.0,1,-0.01884668234270066,0.023496576957404612,1.7748679280281068,-0.10007239803671837,1.8826016008853912,0.7582185223698616,0.1593142744153738,0.02266629115524303,0.00026655690386925894,2837.7404446601868
128,131072,750604.3777739704,1.0,1.0,1.0,1.0,1.0,1.0,0.04375000000000018,0.8000000000000002,1.1102230246251565e-16,0.0,1.0,1,-0.010119605017825961,0.04968886934220791,1.7685577332973481,0.03031188762979582,17.122225487232207,1.4653003454208373,0.33280921056866647,0.059064040008364585,0.0002660491447888215,2859.348266363144
129,132096,573925.206921082,1.0,1.0,1.0,1.0,1.0,1.0,0.040625000000000355,0.8000000000000002,1.1102230246251565e-16,0.0,1.0,2,-0.014645651588216424,0.021610148483887315,1.7595476150512694,-0.040713615738786756,2.0283808290958403,1.4136703133583068,0.2148862900212407,0.036938314767595216,0.0002655380533346323,2880.814437150955
130,133120,442548.4144795239,1.0,1.0,1.0,1.0,1.0,1.0,0.03750000000000009,0.8000000000000002,1.1102230246251565e-16,0.0,1.0,1,-0.010419829085003584,0.03497919458895922,1.749341744184494,-0.050787928607314826,2.528441482782364,1.0478879772126675,0.171016363799572,0.013860607208819906,0.0002650236442462877,2902.8014602661133
131,134144,816484.3760778382,1.0,1.0,1.0,1.0,1.0,1.0,0.05624999999999991,0.8000000000000002,1.1102230246251565e-16,0.0,1.0,1,-0.017007110384292902,0.0527027552947402,1.7393559694290162,-0.003243020921945572,1.982239806652069,1.6348783642053604,0.36226775515824555,0.10032806635815883,0.00026450593235906273,2923.9209492206573
132,135168,508226.667447336,1.0,1.0,1.0,1.0,1.0,1.0,0.04062499999999991,0.8000000000000002,1.1102230246251565e-16,0.0,1.0,2,-0.02030128675978631,0.023589504044502975,1.727284163236618,-0.0711620450951159,1.9644859552383422,0.8760227143764496,0.22613663394004108,0.015058704530080987,0.0002639849326034833,2945.707136154175
133,136192,442617.0781470835,1.0,1.0,1.0,1.0,1.0,1.0,0.03750000000000009,0.8000000000000002,1.1102230246251565e-16,0.0,1.0,1,-0.020291378279216586,0.020529627334326506,1.7167077481746673,0.01262399076949805,2.7347446024417876,0.9657443210482597,0.20726422257721425,0.1345683039747046,0.0002634606600048958,2967.2696726322174
134,137216,882125.1229174286,1.0,1.0,1.0,1.0,1.0,1.0,0.03125,0.8000000000000002,1.1102230246251565e-16,0.0,1.0,2,-0.008963837998453527,0.06730288602411746,1.708593636751175,-0.02104276865720749,2.0615750372409822,1.3618958115577697,0.277780282124877,0.06926605112352197,0.0002629331296830333,2988.4943296909332
135,138240,442497.2462103069,1.0,1.0,1.0,1.0,1.0,1.0,0.04375000000000018,0.8000000000000002,1.1102230246251565e-16,0.0,1.0,1,-0.01855604685842991,0.032806582376360895,1.6972596228122712,-0.09849799331277609,2.0551237523555757,0.7857232347130776,0.35724800601601603,0.0093568164136635,0.0002624023568515801,3011.4651165008545
136,139264,486536.3650197685,1.0,1.0,1.0,1.0,1.0,1.0,0.050000000000000266,0.8000000000000002,1.1102230246251565e-16,0.0,1.0,1,-0.003970086015760899,0.027439532009884714,1.6887423753738404,0.03469179971143603,2.035624611377716,1.887225192785263,0.3150425735861063,0.2322633974984293,0.00026186835681773254,3033.628045797348
137,140288,838012.1259942874,1.0,1.0,1.0,1.0,1.0,1.0,0.034375000000000044,0.8000000000000002,1.1102230246251565e-16,0.0,1.0,2,-0.022833229508250952,0.03606439139693975,1.6807536005973815,-0.044805512158200146,2.044519281387329,1.2180058389902115,0.27963705360889435,0.11955243463775268,0.0002613311449817578,3054.9208076000214
138,141312,442562.95420219377,1.0,1.0,1.0,1.0,1.0,1.0,0.0562500000000008,0.8000000000000002,1.1102230246251565e-16,0.0,1.0,1,-0.020903655514121055,0.023157606879249216,1.6669792711734772,-0.04765222650021315,2.3603339552879334,1.0330543398857117,0.2628732830286026,0.04984494187728281,0.00026079073683654957,3077.127730846405
139,142336,640493.6768738031,1.0,1.0,1.0,1.0,1.0,1.0,0.05624999999999991,0.8000000000000002,1.1102230246251565e-16,0.0,1.0,1,-0.008871160307899117,0.039082808326929806,1.6554584324359893,-0.005329576841904782,2.2279815077781677,1.6723380237817764,0.24996744934469461,0.07126827439101208,0.0002602471479671814,3099.1902487277985
140,143360,684019.4592132345,1.0,1.0,1.0,1.0,1.0,1.0,0.034375000000000044,0.8000000000000002,1.1102230246251565e-16,0.0,1.0,2,-0.027381460776086896,0.03813702845945954,1.6456539511680603,-0.03976485699531622,2.469423937797546,0.8994227543473243,0.2177501292899251,0.022010258545196348,0.0002597003940504571,3121.2346420288086
141,144384,442730.24562469125,1.0,1.0,1.0,1.0,1.0,1.0,0.03750000000000009,0.8000000000000002,1.1102230246251565e-16,0.0,1.0,1,-0.017716910364106296,0.023138774372637273,1.6362553358078002,0.02080926562193781,2.0701103687286375,1.0653172150254249,0.11590037755668163,0.1311260720360648,0.00025915049085445884,3143.5072932243347
142,145408,816292.7517127544,1.0,1.0,1.0,1.0,1.0,1.0,0.050000000000000266,0.8000000000000002,1.1102230246251565e-16,0.0,1.0,1,-0.015417922800406814,0.053985077701508996,1.6268726348876954,-0.004965079601970501,2.087109649181366,1.032051944732666,0.25841080527752636,0.0674942385465747,0.0002585974542380922,3164.355516910553
143,146432,508440.36257951707,1.0,1.0,1.0,1.0,1.0,1.0,0.034375000000000266,0.8000000000000002,1.1102230246251565e-16,0.0,1.0,2,-0.01238745772279799,0.03128313655033708,1.6157130956649781,-0.02944607906974852,1.8941363096237183,0.8857487171888352,0.3121174775063992,0.046900569996744405,0.00025804130015062883,3186.406021118164
144,147456,486607.85064175725,1.0,1.0,1.0,1.0,1.0,1.0,0.03750000000000009,0.8000000000000002,1.1102230246251565e-16,0.0,1.0,1,-0.005143616441637277,0.023842813353985547,1.6069898664951325,-0.0038896219339221716,14.374110609292984,2.0236834317445753,0.32793195471167563,0.16764603216170199,0.0002574820446312466,3208.768808364868
145,148480,838050.6865283847,1.0,1.0,1.0,1.0,1.0,1.0,0.028124999999999956,0.8000000000000002,1.1102230246251565e-16,0.0,1.0,2,-0.021120311925187707,0.0368255359120667,1.5994555950164795,-0.01680748590733856,3.3867673754692076,1.0907067626714706,0.21594539433717727,0.06989658348972129,0.0002569197038085669,3230.463701248169
146,149504,442475.65408849716,1.0,1.0,1.0,1.0,1.0,1.0,0.050000000000000266,0.8000000000000002,1.1102230246251565e-16,0.0,1.0,1,-0.015645012885215692,0.029118404164910315,1.5895720660686492,-0.052543972013518216,2.2300423443317414,0.9829456970095635,0.18084516003727913,0.009441991986656373,0.00025635429390018965,3253.446162700653
147,150528,816543.2443240732,1.0,1.0,1.0,1.0,1.0,1.0,0.037499999999999645,0.8000000000000002,1.1102230246251565e-16,0.0,1.0,1,-0.01097146854735911,0.04927195366472006,1.5815808653831482,0.04198007389277336,1.7385547280311584,1.8074240744113923,0.3137851858511567,0.4340327832435997,0.0002557858312122255,3275.37659406662
148,151552,508215.5013014972,1.0,1.0,1.0,1.0,1.0,1.0,0.034375000000000044,0.8000000000000002,1.1102230246251565e-16,0.0,1.0,2,-0.025767847476527096,0.023937377613037825,1.573769783973694,-0.11072361115366221,2.1701928615570067,1.768241971731186,0.24949656333774328,0.05276825376939056,0.0002552143321388255,3297.0339155197144
149,152576,442557.32510097325,1.0,1.0,1.0,1.0,1.0,1.0,0.03750000000000009,0.8000000000000002,1.1102230246251565e-16,0.0,1.0,1,-0.015015026135370136,0.022129863244481386,1.5642645955085754,-0.014637247915379703,1.8517386376857758,0.8236832737922668,0.16745258960872889,0.06790322192023471,0.00025463981316170846,3318.4987983703613
150,153600,816221.1551648378,1.0,1.0,1.0,1.0,1.0,1.0,0.04999999999999982,0.8000000000000002,1.1102230246251565e-16,0.0,1.0,1,0.02188957007601857,0.05258024930953979,1.5553556025028228,0.045995430048787964,2.026034528017044,5.6908622741699215,0.26059490367770194,0.38742048900000015,0.00025406229084968564,3340.078621864319
151,154624,508211.98075758223,1.0,1.0,1.0,1.0,1.0,1.0,0.053124999999999645,0.8000000000000002,1.1102230246251565e-16,0.0,1.0,2,-0.020203287922777237,0.028382689971476794,1.5487767040729523,-0.09226248953491449,1.870956140756607,1.252669557929039,0.22885143682360648,0.04710128697246249,0.00025348178185818253,3362.057928800583
152,155648,442606.0222570002,1.0,1.0,1.0,1.0,1.0,1.0,0.03750000000000009,0.8000000000000002,1.1102230246251565e-16,0.0,1.0,1,-0.03169189714826644,0.019441671203821898,1.5385415196418761,-0.005954807717353105,2.810279446840286,0.9448652230203152,0.1556644717231393,0.0748282198910127,0.00025289830292875916,3384.545504808426
153,156672,882163.3285169043,1.0,1.0,1.0,1.0,1.0,1.0,0.043749999999999956,0.8000000000000002,1.1102230246251565e-16,0.0,1.0,2,0.002761232480406761,0.04468554006889462,1.5296580016613006,0.015012140467297286,1.9442686498165132,4.045775535702705,0.31007862389087676,0.2674733837845129,0.0002523118708886267,3405.592846393585
154,157696,442405.2390818056,1.0,1.0,1.0,1.0,1.0,1.0,0.04999999999999982,0.8000000000000002,1.1102230246251565e-16,0.0,1.0,1,-0.01259166372474283,0.026631249813362956,1.5231472313404084,-0.10082376264035701,1.8789992868900298,1.2160778939723969,0.19007262941449882,0.03251851919254052,0.0002517225026501625,3427.517756462097
155,158720,684746.454140991,1.0,1.0,1.0,1.0,1.0,1.0,0.03750000000000009,0.8000000000000002,1.1102230246251565e-16,0.0,1.0,1,0.0016568316612392664,0.04551541972905397,1.515755307674408,-0.03272969311074121,2.0507579147815704,1.070870816707611,0.4242754004895687,0.006589154626113834,0.00025113021521042225,3449.924343109131
156,159744,640113.5764726624,1.0,1.0,1.0,1.0,1.0,1.0,0.04375000000000018,0.8000000000000002,1.1102230246251565e-16,0.0,1.0,2,-0.0107188293710351,0.034989839792251586,1.5072902619838715,0.0403836730401963,2.0637778460979463,1.2916341215372085,0.24493563696742057,0.10904132149540822,0.0002505350256506498,3471.849642276764
157,160768,442632.74575805664,1.0,1.0,1.0,1.0,1.0,1.0,0.031249999999999556,0.8000000000000002,1.1102230246251565e-16,0.0,1.0,1,-0.008225693716667593,0.024237782601267098,1.5011801421642303,-0.039503374602645636,3.2945781111717225,0.9884291410446167,0.2042097644880414,0.04546254828376704,0.0002499369511357845,3494.437455177307
158,161792,816283.2958244979,1.0,1.0,1.0,1.0,1.0,1.0,0.04375000000000018,0.8000000000000002,1.1102230246251565e-16,0.0,1.0,1,0.0002119075506925583,0.05817165095359087,1.4970991432666778,-0.004607918998226523,7.741099309921265,2.265154394507408,0.26749086156487467,0.16250582524396598,0.0002493360089139663,3516.2803587913513
159,162816,508241.3252801597,1.0,1.0,1.0,1.0,1.0,1.0,0.03437499999999982,0.8000000000000002,1.1102230246251565e-16,0.0,1.0,2,-0.006638867355650291,0.02511925743892789,1.491846650838852,-0.098064193315804,3.4206588566303253,1.3328759878873826,0.26316746771335603,0.019756914584641072,0.0002487322163160382,3538.3217821121216
160,163840,442679.76143552363,1.0,1.0,1.0,1.0,1.0,1.0,0.056250000000000355,0.8000000000000002,1.1102230246251565e-16,0.0,1.0,1,-0.014696040330454707,0.021318698325194417,1.4853200376033784,-0.03719578073360026,1.9137963950634003,1.0649822473526,0.18134731650352479,0.0032948965435285176,0.0002481255907550464,3560.715347290039
161,164864,882049.533806093,1.0,1.0,1.0,1.0,1.0,1.0,0.043749999999999956,0.8000000000000002,1.1102230246251565e-16,0.0,1.0,2,0.024483630247414113,0.042154874093830584,1.4761392295360565,0.13504213225096465,1.6957928717136384,3.4735464334487913,0.2542407147586346,1.0,0.0002475161497257384,3582.5821862220764
162,165888,442595.9121550564,1.0,1.0,1.0,1.0,1.0,1.0,0.03750000000000053,0.8000000000000002,1.1102230246251565e-16,0.0,1.0,1,-0.035055768210440874,0.020878053503111005,1.4683000564575195,-0.11611243598163128,2.278237301111221,1.6443609446287155,0.16765520423650743,0.12157665459056936,0.000246903910804058,3605.1650354862213
163,166912,816486.2768898755,1.0,1.0,1.0,1.0,1.0,1.0,0.03125,0.8000000000000002,1.1102230246251565e-16,0.0,1.0,1,-0.01281235394999385,0.04878461621701717,1.4589106917381287,-0.023520061071030794,1.9233968436717988,1.028281071782112,0.32092156782746317,0.03754733257489866,0.0002462888916466389,3627.9150364398956
164,167936,508102.70050883293,1.0,1.0,1.0,1.0,1.0,1.0,0.03125000000000022,0.8000000000000002,1.1102230246251565e-16,0.0,1.0,2,-0.01161727192811668,0.025562695460394025,1.449789935350418,0.014818989264313132,1.9111906051635743,1.0483074605464935,0.265784977376461,0.053685158409584585,0.000245671109990295,3649.5171942710876
165,168960,442663.6742309928,1.0,1.0,1.0,1.0,1.0,1.0,0.04375000000000018,0.8000000000000002,1.1102230246251565e-16,0.0,1.0,1,-0.008240327145904303,0.03110557245090604,1.4449921250343323,-0.03400043912697583,2.844664031267166,1.027203594148159,0.293777459487319,0.009947968237466949,0.00024505058365150947,3672.0632798671722
166,169984,816222.4967977107,1.0,1.0,1.0,1.0,1.0,1.0,0.025000000000000355,0.8000000000000002,1.1102230246251565e-16,0.0,1.0,1,-0.00164612689986825,0.05688963830471039,1.4425033330917358,0.04111244515515864,3.1893225848674773,1.6583709120750427,0.43310649171471594,0.3048611174300674,0.00024442733052592035,3694.099529504776
167,171008,508222.35883740475,1.0,1.0,1.0,1.0,1.0,1.0,0.034375000000000044,0.8000000000000002,1.1102230246251565e-16,0.0,1.0,2,-0.010283233341760933,0.03152080429717898,1.4363484859466553,-0.09523001741617917,1.659178227186203,1.0306292280554772,0.31766169760376217,0.03706399477189031,0.00024380136858780492,3716.5798811912537
168,172032,442687.1089563519,1.0,1.0,1.0,1.0,1.0,1.0,0.04375000000000018,0.8000000000000002,1.1102230246251565e-16,0.0,1.0,1,-0.00014445441775023937,0.029491619765758516,1.4302727639675141,-0.03822946582804434,1.5108121871948241,0.8953121185302735,0.29592537954449655,0.005563106777936761,0.00024317271588956098,3739.4268658161163
169,173056,816104.4084970504,1.0,1.0,1.0,1.0,1.0,1.0,0.025000000000000355,0.8000000000000002,1.1102230246251565e-16,0.0,1.0,1,0.005801339936442673,0.05205522738397121,1.424852865934372,0.07889526644721627,2.740704482793808,2.201836180686951,0.276550018042326,0.6496134585586283,0.00024254139056118643,3761.85244345665
170,174080,508451.7193085365,1.0,1.0,1.0,1.0,1.0,1.0,0.04062500000000013,0.8000000000000002,1.1102230246251565e-16,0.0,1.0,2,-0.022196022188290955,0.035018302407115696,1.4164576649665832,-0.10879384838044644,1.6011220157146453,1.1187833666801452,0.3666554758325219,0.07897783106856747,0.00024190741080975636,3783.3965458869934
171,175104,750677.6669965088,1.0,1.0,1.0,1.0,1.0,1.0,0.03125,0.8000000000000002,1.1102230246251565e-16,0.0,1.0,1,0.0021556107560172675,0.04016905147582293,1.408573967218399,-0.018241432774811984,1.6140474200248718,1.3208930164575576,0.284381166100502,0.13720079572667407,0.00024127079491889785,3806.051687479019
172,176128,507875.23378627,1.0,1.0,1.0,1.0,1.0,1.0,0.04999999999999982,0.8000000000000002,1.1102230246251565e-16,0.0,1.0,1,0.0021014729514718055,0.03627612739801407,1.4031898498535156,-0.009686793404398486,1.860207450389862,1.4701522767543793,0.20365175008773803,0.07062106789112904,0.00024063156124826295,3826.9281628131866
173,177152,508457.8286810145,1.0,1.0,1.0,1.0,1.0,1.0,0.046875,0.8000000000000002,1.1102230246251565e-16,0.0,1.0,2,-0.006490406580269337,0.03376903403550387,1.395560759305954,-0.07709871577098966,1.9921434462070464,0.9697581812739372,0.2666806045919657,0.00858587317781694,0.00023998972823299894,3849.1012439727783
174,178176,750629.8597452417,1.0,1.0,1.0,1.0,1.0,1.0,0.04375000000000018,0.8000000000000002,1.1102230246251565e-16,0.0,1.0,1,-0.0032423331344034524,0.05989828426390886,1.3891244113445282,0.007344936626031995,1.8190581381320954,0.9377738118171692,0.2345704769715667,0.01010376742456454,0.00023934531438321683,3871.316155195236
175,179200,573961.570377049,1.0,1.0,1.0,1.0,1.0,1.0,0.031249999999999778,0.8000000000000002,1.1102230246251565e-16,0.0,1.0,2,-0.0053936264012008905,0.030181678663939237,1.382932686805725,0.027310208650305867,1.7687195181846618,1.03903169631958,0.3348204005509615,0.1003219576323606,0.0002386983382834574,3892.024582386017
176,180224,442587.55923006684,1.0,1.0,1.0,1.0,1.0,1.0,0.037499999999999645,0.8000000000000002,1.1102230246251565e-16,0.0,1.0,1,-0.0031697485595941544,0.03410473065450788,1.3790019273757934,-0.04234526960644871,1.8170763075351715,0.8744459956884384,0.32335362061858175,0.015057787643110174,0.00023804881859215533,3913.963402032852
177,181248,816476.943015242,1.0,1.0,1.0,1.0,1.0,1.0,0.03750000000000009,0.8000000000000002,1.1102230246251565e-16,0.0,1.0,1,-0.0111027970793657,0.06706322114914656,1.373924720287323,0.016459048332762904,1.5888244807720184,0.9908971518278122,0.32533919923007487,0.07383270806376625,0.00023739677404110117,3935.6581149101257
178,182272,508126.4772602618,1.0,1.0,1.0,1.0,1.0,1.0,0.043749999999999956,0.8000000000000002,1.1102230246251565e-16,0.0,1.0,2,-0.010438532941043377,0.026218133606016637,1.3667060375213622,-0.05700427972478792,1.566660988330841,1.2289011836051942,0.18488352969288827,0.014960556076258085,0.00023674222343490097,3957.3818879127502
179,183296,442794.66999289393,1.0,1.0,1.0,1.0,1.0,1.0,0.037499999999999645,0.8000000000000002,1.1102230246251565e-16,0.0,1.0,1,-0.0024404080118983983,0.03270464865490794,1.3638462126255035,-0.025888225017115473,1.731490969657898,1.0521706178784371,0.23513513728976249,0.002494999120118069,0.00023608518565043394,3979.9178490638733
180,184320,882040.4505987279,1.0,1.0,1.0,1.0,1.0,1.0,0.04375000000000018,0.8000000000000002,1.1102230246251565e-16,0.0,1.0,2,-0.006114747107494623,0.05492464732378721,1.361245983839035,0.06489849057979882,1.8515202105045319,1.683772698044777,0.27933411970734595,0.5899742304508742,0.0002354256796363083,4001.061017513275
181,185344,442609.82482998073,1.0,1.0,1.0,1.0,1.0,1.0,0.04375000000000062,0.8000000000000002,1.1102230246251565e-16,0.0,1.0,1,-0.020946192252449692,0.026632116502150895,1.3549948036670685,-0.06555207794299349,1.6864713490009309,1.54505897462368,0.24273013286292552,0.07172709323286289,0.0002347637244123146,4023.6054186820984
182,186368,706473.4604194388,1.0,1.0,1.0,1.0,1.0,1.0,0.037499999999999645,0.8000000000000002,1.1102230246251565e-16,0.0,1.0,1,-0.0038371022790670397,0.03534284271299839,1.3508323848247528,-0.004791424004361033,2.709461051225662,1.0499238044023513,0.2505986850708723,0.13844974150849298,0.00023409933906887718,4045.3078334331512
183,187392,617881.1282527372,1.0,1.0,1.0,1.0,1.0,1.0,0.03125,0.8000000000000002,1.1102230246251565e-16,0.0,1.0,2,-0.0037163461092859507,0.039463193714618684,1.3472990810871124,-0.007057115575298667,1.4786934912204743,1.8200694411993026,0.22729371972382068,0.13197025008053306,0.00023343254276650375,4066.722778081894
184,188416,442622.8776797503,1.0,1.0,1.0,1.0,1.0,1.0,0.018749999999999822,0.8000000000000002,1.1102230246251565e-16,0.0,1.0,1,-0.014316794532351195,0.018840921483933924,1.3419882118701936,-0.058872096426784995,1.8313039124011994,1.0802757740020752,0.12337840534746647,0.01782722390030225,0.00023276335473523284,4089.077904701233
185,189440,816511.9995471835,1.0,1.0,1.0,1.0,1.0,1.0,0.03750000000000009,0.8000000000000002,1.1102230246251565e-16,0.0,1.0,1,-0.008926562871783972,0.04225280256941914,1.333868181705475,0.02858196580782533,1.6224878013134003,1.5536926686763763,0.27429877407848835,0.36421691137915013,0.00023209179427407893,4111.743457317352
186,190464,508046.14642971754,1.0,1.0,1.0,1.0,1.0,1.0,0.03125,0.8000000000000002,1.1102230246251565e-16,0.0,1.0,2,-0.00723193590529263,0.038533069845288995,1.3287471413612366,-0.042621387634426355,1.9143477380275726,1.3202953226864338,0.2988198705017567,0.0492003040342077,0.00023141788075047625,4133.143850326538
187,191488,442520.2709350139,1.0,1.0,1.0,1.0,1.0,1.0,0.03750000000000009,0.8000000000000002,1.1102230246251565e-16,0.0,1.0,1,-0.002981822926085442,0.033763863146305084,1.323406881093979,-0.04603836303576827,1.5814453780651092,0.8094760730862618,0.2358516588807106,0.0066462315214642935,0.00023074163359971994,4155.198477983475
188,192512,772419.3847899437,1.0,1.0,1.0,1.0,1.0,1.0,0.03750000000000009,0.8000000000000002,1.1102230246251565e-16,0.0,1.0,1,-0.0036584740970283746,0.06956214774399996,1.3211694240570069,0.051594709331402554,1.4497772991657256,1.6621691942214967,0.38272645846009257,0.4582744355352958,0.0002300630723244057,4177.0531487464905
189,193536,552142.0343081132,1.0,1.0,1.0,1.0,1.0,1.0,0.034375000000000044,0.8000000000000002,1.1102230246251565e-16,0.0,1.0,2,-0.007791239954531193,0.04002034105360508,1.3180131316184998,-0.0756997300311923,1.6605796813964844,1.4229099482297898,0.31928919441998005,0.0557154727567628,0.00022938221649386733,4197.904857635498
190,194560,442616.99032855034,1.0,1.0,1.0,1.0,1.0,1.0,0.05624999999999991,0.8000000000000002,1.1102230246251565e-16,0.0,1.0,1,-0.009680458158254624,0.02822983651421964,1.314053326845169,-0.052826899522915485,1.8300234973430634,1.1700301095843315,0.2593943975865841,0.0075263342074435875,0.0002286990857436123,4219.740027189255
191,195584,882215.0485664904,1.0,1.0,1.0,1.0,1.0,1.0,0.04999999999999982,0.8000000000000002,1.1102230246251565e-16,0.0,1.0,2,-0.0037789072608575224,0.06194265801459551,1.3104138374328613,0.05269766552082729,1.4672233283519744,1.3738464131951331,0.4429688211530447,0.311375842032625,0.0002280136997747556,4241.5820388793945
192,196608,442682.64877319336,1.0,1.0,1.0,1.0,1.0,1.0,0.02499999999999991,0.8000000000000002,1.1102230246251565e-16,0.0,1.0,1,-0.01509759072214365,0.022752319695428014,1.304755985736847,-0.0542961266823113,1.5382640957832336,1.3855106502771377,0.16150174159556627,0.04206225910516458,0.00022732607835345138,4263.203971624374
193,197632,816430.5225249827,1.0,1.0,1.0,1.0,1.0,1.0,0.037499999999999645,0.8000000000000002,1.1102230246251565e-16,0.0,1.0,1,-0.007240756554529071,0.04314493704587221,1.2994384229183198,0.012092047790065407,1.387928342819214,1.5737330466508865,0.20901145003736019,0.27842869552536004,0.00022663624131032305,4285.424223661423
194,198656,508254.5771943554,1.0,1.0,1.0,1.0,1.0,1.0,0.050000000000000044,0.8000000000000002,1.1102230246251565e-16,0.0,1.0,2,-0.007673861109651625,0.02580214822664857,1.2938697934150696,-0.07117821695283055,1.6199296772480012,1.2471662193536759,0.2147645115852356,0.03385042934398951,0.0002259442085398913,4308.02867770195
195,199680,486709.00981877,1.0,1.0,1.0,1.0,1.0,1.0,0.04375000000000018,0.8000000000000002,1.1102230246251565e-16,0.0,1.0,1,-0.008339310967130587,0.028105176379904152,1.287632793188095,-0.04960686459671706,1.6674658834934235,0.8003249123692513,0.21210206039249896,0.004115421956096686,0.00022525000000000043,4329.2112555503845
196,200704,838066.7860998586,1.0,1.0,1.0,1.0,1.0,1.0,0.04062500000000013,0.8000000000000002,1.1102230246251565e-16,0.0,1.0,2,-0.007564448681659996,0.049205207359045745,1.2819399774074554,0.041769012560155264,1.5726093828678132,1.5301731050014495,0.2207234762609005,0.18917915291082646,0.0002245536357112428,4350.930693149567
197,201728,442744.25867240503,1.0,1.0,1.0,1.0,1.0,1.0,0.04999999999999982,0.8000000000000002,1.1102230246251565e-16,0.0,1.0,1,-0.011866692767944187,0.025768524315208197,1.276982408761978,-0.04497040982823819,1.637400460243225,1.0561389803886414,0.18369555175304414,0.03833294754862676,0.00022385513575638122,4373.620552062988
198,202752,816303.1231164783,1.0,1.0,1.0,1.0,1.0,1.0,0.050000000000000266,0.8000000000000002,1.1102230246251565e-16,0.0,1.0,1,-0.0016964209731668233,0.051180980447679755,1.2723377704620362,0.0230577981332317,1.4956754088401794,1.9711874693632125,0.19707007370889187,0.34806959259610154,0.00022315452027977,4395.3980593681335
199,203776,508418.5453092605,1.0,1.0,1.0,1.0,1.0,1.0,0.03125000000000022,0.8000000000000002,1.1102230246251565e-16,0.0,1.0,2,-0.013810407929122448,0.028829176677390933,1.2682371973991393,-0.06799435038119554,1.5018131017684937,1.2278529196977614,0.2685593493282795,0.04231713663253644,0.00022245180948677405,4417.973583459854
200,204800,552645.4549131691,1.0,1.0,1.0,1.0,1.0,1.0,0.04375000000000018,0.8000000000000002,1.1102230246251565e-16,0.0,1.0,1,-0.0016028198646381498,0.030385101167485117,1.2638412714004517,-0.002182555495528504,6.8036092877388,1.288571846485138,0.2885638985782862,0.029405440692934447,0.0002217470236431859,4440.90737080574
201,205824,771994.3244198561,1.0,1.0,1.0,1.0,1.0,1.0,0.043749999999999734,0.8000000000000002,1.1102230246251565e-16,0.0,1.0,2,0.01734620644710958,0.03608025461435318,1.2592971980571748,0.06488707364769652,1.673378348350525,3.8919784396886827,0.34320997484028337,0.7290000000000001,0.00022104018307464145,4462.537561893463
202,206848,442613.76617482305,1.0,1.0,1.0,1.0,1.0,1.0,0.03750000000000053,0.8000000000000002,1.1102230246251565e-16,0.0,1.0,1,-0.024257309478707613,0.028580584190785886,1.254185301065445,-0.07390763498842716,1.8274110198020934,1.3209575533866882,0.3005026262253523,0.08862938119652508,0.00022033130816603378,4484.627631664276
203,207872,816448.1013642251,1.0,1.0,1.0,1.0,1.0,1.0,0.05624999999999991,0.8000000000000002,1.1102230246251565e-16,0.0,1.0,1,-0.01250590649433434,0.055087550170719625,1.2473130404949189,-0.005606265834649094,1.8452329218387604,1.1370255023241043,0.30601115971803666,0.041058008170651694,0.0002196204193609251,4505.854179143906
204,208896,508454.91049960256,1.0,1.0,1.0,1.0,1.0,1.0,0.03125,0.8000000000000002,1.1102230246251565e-16,0.0,1.0,2,-0.0069544473197311165,0.020517120091244578,1.2414999604225159,-0.022771310445386918,1.5634241282939911,0.8616521134972572,0.21115747652947903,0.010270977937325296,0.00021890753716095746,4527.3440482616425
205,209920,750663.6055158973,1.0,1.0,1.0,1.0,1.0,1.0,0.025000000000000355,0.8000000000000002,1.1102230246251565e-16,0.0,1.0,1,0.0035818605101667345,0.0356693203561008,1.2370336771011352,0.05393906049957877,1.4775052309036254,2.3986761271953583,0.18347334396094084,0.9714812731901312,0.00021819268212526114,4548.975727796555
206,210944,574145.1812922359,1.0,1.0,1.0,1.0,1.0,1.0,0.03437499999999982,0.8000000000000002,1.1102230246251565e-16,0.0,1.0,2,-0.013290686113759876,0.02246727803722024,1.2322722375392914,-0.03905051089823246,1.5049723207950592,2.29958810955286,0.15350811574608086,0.1500946352969992,0.00021747587486986204,4570.982492446899
207,211968,442617.46511790156,1.0,1.0,1.0,1.0,1.0,1.0,0.03750000000000009,0.8000000000000002,1.1102230246251565e-16,0.0,1.0,1,-0.010162708314601332,0.024412009818479418,1.225915116071701,-0.030766753444913773,1.96117604970932,1.062680748105049,0.18386357016861438,0.020275559590445278,0.00021675713606708694,4592.7788915634155
208,212992,816271.2722239494,1.0,1.0,1.0,1.0,1.0,1.0,0.03125,0.8000000000000002,1.1102230246251565e-16,0.0,1.0,1,-0.006321213953197002,0.04662172188982368,1.2220678865909576,0.041276452504098414,1.7725900292396546,2.400498631596565,0.29381976146250965,0.4209087368869464,0.0002160364864449674,4613.594493627548
209,214016,508402.55185058713,1.0,1.0,1.0,1.0,1.0,1.0,0.040625000000000355,0.8000000000000002,1.1102230246251565e-16,0.0,1.0,2,-0.014884829986840487,0.02582971132360399,1.2157094061374665,-0.05963912443257868,1.5094223022460938,1.247627580165863,0.13361867628991603,0.05117267611865711,0.00021531394678664205,4635.412437677383
210,215040,530613.7448341623,1.0,1.0,1.0,1.0,1.0,1.0,0.043749999999999734,0.8000000000000002,1.1102230246251565e-16,0.0,1.0,1,-0.005399744398891926,0.032300453586503866,1.2110907852649688,-0.009646326095179347,1.6400737106800078,0.7132904447615147,0.20034519899636508,0.02370600049136204,0.00021458953792975695,4657.35161614418
211,216064,793985.7053529434,1.0,1.0,1.0,1.0,1.0,1.0,0.03750000000000009,0.8000000000000002,1.1102230246251565e-16,0.0,1.0,2,-0.020456820086110383,0.04409860065206885,1.2117378950119018,0.01710388888604939,1.6034108877182007,0.9082831144332886,0.24021428339183332,0.08610178408685365,0.00021386328076586494,4679.5645072460175
212,217088,442605.3900180757,1.0,1.0,1.0,1.0,1.0,1.0,0.03750000000000009,0.8000000000000002,1.1102230246251565e-16,0.0,1.0,1,-0.01194580146111548,0.02882400033995509,1.206487202644348,-0.0216517890105024,1.6608645021915436,1.1146121844649315,0.20463129431009291,0.023932251631365305,0.000213135196239823,4702.381344079971
213,218112,750467.3815715313,1.0,1.0,1.0,1.0,1.0,1.0,0.03125,0.8000000000000002,1.1102230246251565e-16,0.0,1.0,1,0.01115233323071152,0.03932801159098744,1.2021293103694917,0.047847630851902065,1.436922687292099,2.9455178707838057,0.31068407744169235,0.81,0.00021240530534918814,4723.99597120285
214,219136,574149.1534688771,1.0,1.0,1.0,1.0,1.0,1.0,0.03750000000000009,0.8000000000000002,1.1102230246251565e-16,0.0,1.0,2,-0.01276837270706892,0.02724263882264495,1.197260135412216,-0.03616563199320808,1.5381829977035522,2.150875949859619,0.10236748456954955,0.0984770902183612,0.0002116736291436121,4745.707361936569
215,220160,442776.10415884247,1.0,1.0,1.0,1.0,1.0,1.0,0.03750000000000009,0.8000000000000002,1.1102230246251565e-16,0.0,1.0,1,-0.0036724942503497003,0.034286917140707376,1.1916433095932006,-0.044306121137924495,1.3425899922847748,0.9728769399225712,0.22299726773053408,0.011972515182562033,0.00021094018872423395,4767.427091360092
216,221184,882118.3870776948,1.0,1.0,1.0,1.0,1.0,1.0,0.046875000000000444,0.8000000000000002,1.1102230246251565e-16,0.0,1.0,2,-0.007625027536414563,0.053528851829469204,1.1885304749011993,0.02945418444869574,1.5444717884063721,1.7653778403997422,0.22334163151681424,0.0978412012014679,0.00021020500524307183,4789.060348749161
217,222208,442687.3066517655,1.0,1.0,1.0,1.0,1.0,1.0,0.04375000000000062,0.8000000000000002,1.1102230246251565e-16,0.0,1.0,1,-0.007864009810145945,0.022748585650697352,1.185083907842636,-0.03318767048185691,1.5337710797786712,0.9649086564779281,0.15286504849791527,0.014685439411354643,0.0002094680999024128,4810.904409170151
218,223232,816436.0236115009,1.0,1.0,1.0,1.0,1.0,1.0,0.04375000000000018,0.8000000000000002,1.1102230246251565e-16,0.0,1.0,1,0.0037947700591757895,0.04127281894907355,1.1793626725673676,0.04737225838471204,1.396281749010086,3.2909148663282393,0.27806018106639385,0.9,0.00020872949395420133,4833.061287164688
219,224256,508455.50856404006,1.0,1.0,1.0,1.0,1.0,1.0,0.04062499999999991,0.8000000000000002,1.1102230246251565e-16,0.0,1.0,2,-0.019525779876857996,0.026531510800123215,1.1738583326339722,-0.06057976726442575,1.7359777390956879,1.4591129541397094,0.209898891299963,0.10941898913151243,0.00020798920869942653,4854.978986263275
220,225280,442423.7727767378,1.0,1.0,1.0,1.0,1.0,1.0,0.031250000000000444,0.8000000000000002,1.1102230246251565e-16,0.0,1.0,1,0.0004378404002636671,0.032066561235114935,1.168581449985504,0.0077868046471849086,2.766957628726959,1.705481918156147,0.18576669953763486,0.47520842790106127,0.00020724726548750785,4877.068534612656
221,226304,816157.6788327396,1.0,1.0,1.0,1.0,1.0,1.0,0.04375000000000018,0.8000000000000002,1.1102230246251565e-16,0.0,1.0,1,-0.008408571529434994,0.04658444486558437,1.1642807960510253,-0.015403611259534955,1.6175714135169983,1.7986246943473816,0.23481865413486958,0.11887705945978354,0.00020650368571567917,4898.73584985733
222,227328,508399.91983890533,1.0,1.0,1.0,1.0,1.0,1.0,0.04375000000000018,0.8000000000000002,1.1102230246251565e-16,0.0,1.0,2,-0.00857513074297458,0.02242861674167216,1.1579784512519837,-0.03556139809807064,1.4721591830253602,1.2829828888177872,0.13853009566664695,0.016058527996316307,0.000205758490828372,4920.2453870773315
223,228352,684615.9978693277,1.0,1.0,1.0,1.0,1.0,1.0,0.031249999999999556,0.8000000000000002,1.1102230246251565e-16,0.0,1.0,1,-0.0030016642762348057,0.03584942659363151,1.154155695438385,0.03123368408996612,1.5156385779380799,1.4390223741531372,0.20395211037248373,0.29527360797960783,0.00020501170231659684,4942.427809000015
224,229376,640011.0156763643,1.0,1.0,1.0,1.0,1.0,1.0,0.03750000000000009,0.8000000000000002,1.1102230246251565e-16,0.0,1.0,2,-0.011710831252275965,0.038170077558606866,1.1511087954044341,-0.008643983245201525,1.5590294122695922,1.9592612892389298,0.33581361286342143,0.11258188411961682,0.00020426334171732332,4963.25629901886
225,230400,442648.9018743336,1.0,1.0,1.0,1.0,1.0,1.0,0.03125,0.8000000000000002,1.1102230246251565e-16,0.0,1.0,1,-0.011925024422816932,0.026687026815488936,1.146580570936203,-0.03213585395133123,2.124042588472366,0.8029445737600327,0.19113821014761925,0.015208143154184624,0.00020351343061285942,4984.769914627075
226,231424,816322.080198843,1.0,1.0,1.0,1.0,1.0,1.0,0.03125,0.8000000000000002,1.1102230246251565e-16,0.0,1.0,1,-0.0045628622072399596,0.05459275413304567,1.1414529740810395,0.04804324391297996,1.4464342057704926,1.7823925107717513,0.32715438343584535,0.6393170852404743,0.0002027619906302287,5006.1311275959015
227,232448,508178.6392272115,1.0,1.0,1.0,1.0,1.0,1.0,0.03125,0.8000000000000002,1.1102230246251565e-16,0.0,1.0,2,-0.018997582234442235,0.02328843278810382,1.137968122959137,-0.048267306470370384,1.5444629728794097,1.2923534601926803,0.1796426869928837,0.07772603244613073,0.00020200904344054677,5028.094445466995
228,233472,442616.5460432172,1.0,1.0,1.0,1.0,1.0,1.0,0.01874999999999938,0.8000000000000002,1.1102230246251565e-16,0.0,1.0,1,-0.009068945242324844,0.023225698713213207,1.134360706806183,-0.027840184490196408,1.4298416912555694,1.1454577803611756,0.1590443801134825,0.01574945166566437,0.00020125461075839624,5050.052018165588
229,234496,816231.3072422799,1.0,1.0,1.0,1.0,1.0,1.0,0.025000000000000355,0.8000000000000002,1.1102230246251565e-16,0.0,1.0,1,-0.014487483957782387,0.05425247605890036,1.1323325693607331,0.03265762558876304,1.4293257474899292,1.4739978551864623,0.2479300294071436,0.32694938838485693,0.0002004987143412005,5070.779064178467
230,235520,508195.7545980811,1.0,1.0,1.0,1.0,1.0,1.0,0.046875,0.8000000000000002,1.1102230246251565e-16,0.0,1.0,2,-0.015643932757666335,0.026245577679947018,1.130233609676361,-0.04579575136303902,1.598174524307251,1.131773479282856,0.2609008299186826,0.039749412860263664,0.00019974137598859627,5092.085613489151
231,236544,442727.9954941943,1.0,1.0,1.0,1.0,1.0,1.0,0.03125,0.8000000000000002,1.1102230246251565e-16,0.0,1.0,1,-0.007308010070119053,0.026960610877722502,1.1296471953392029,-0.006388811464421451,1.3647811532020568,1.0008487716317176,0.1634519152343273,0.015155651136846826,0.00019898261754180494,5113.9897718429565
232,237568,882015.692299217,1.0,1.0,1.0,1.0,1.0,1.0,0.03750000000000009,0.8000000000000002,1.1102230246251565e-16,0.0,1.0,2,-0.002244733925908804,0.06722694486379624,1.1282170355319976,0.04559926722431555,1.6208062887191772,1.5745590955018998,0.35883933827281,0.46445350755722564,0.00019822246088300257,5135.782415866852
233,238592,442477.0350572765,1.0,1.0,1.0,1.0,1.0,1.0,0.043749999999999734,0.8000000000000002,1.1102230246251565e-16,0.0,1.0,1,-0.011210501089226454,0.028358678985387086,1.125804179906845,-0.056341810699086635,3.3221448421478272,1.3386699825525283,0.1829512318596244,0.0564667036616632,0.00019746092793468886,5157.930045127869
234,239616,816649.8292580843,1.0,1.0,1.0,1.0,1.0,1.0,0.04375000000000018,0.8000000000000002,1.1102230246251565e-16,0.0,1.0,1,-0.009568255947669968,0.05439578797668219,1.120878142118454,0.01866406310000457,1.5918666779994965,1.0040463611483574,0.21818924471735954,0.18458177015941582,0.00019669804065905504,5180.3520476818085
235,240640,508156.9952114783,1.0,1.0,1.0,1.0,1.0,1.0,0.040625000000000355,0.8000000000000002,1.1102230246251565e-16,0.0,1.0,2,-0.006303067517001182,0.021522037708200513,1.115757369995117,-0.007952000107616186,1.8838282704353333,1.1611531049013137,0.21904643904417753,0.051305061989911194,0.0001959338210573503,5201.657095193863
236,241664,442654.97930657864,1.0,1.0,1.0,1.0,1.0,1.0,0.04375000000000018,0.8000000000000002,1.1102230246251565e-16,0.0,1.0,1,-0.0074532214523060246,0.02515234164893627,1.113446879386902,-0.010911683784797788,2.9645943462848665,0.8522148162126542,0.16857421807944775,0.03565099337160026,0.00019516829116924747,5224.072354793549
237,242688,816208.373813659,1.0,1.0,1.0,1.0,1.0,1.0,0.018749999999999822,0.8000000000000002,1.1102230246251565e-16,0.0,1.0,1,0.03371404875069857,0.05466284304857254,1.1101631700992585,0.07175902291201056,1.3961235880851746,4.441894468665123,0.2325194228440523,0.81,0.00019440147307220722,5246.269012928009
238,243712,508242.15622900426,1.0,1.0,1.0,1.0,1.0,1.0,0.03125,0.8000000000000002,1.1102230246251565e-16,0.0,1.0,2,-0.020554112363606693,0.02686000051908195,1.1072580516338348,-0.05813587624579668,1.4225925028324127,1.6562363401055336,0.15574477501213552,0.0984770902183612,0.00019363338888084153,5268.320048093796
239,244736,442673.80393762887,1.0,1.0,1.0,1.0,1.0,1.0,0.025000000000000355,0.8000000000000002,1.1102230246251565e-16,0.0,1.0,1,-0.008669439423829316,0.02557028867304325,1.102677047252655,-0.04174320595338941,1.4760690331459045,1.1205318972468377,0.1867518849670887,0.011972515182562033,0.00019286406074627577,5290.574859857559
240,245760,816079.0841538608,1.0,1.0,1.0,1.0,1.0,1.0,0.037499999999999645,0.8000000000000002,1.1102230246251565e-16,0.0,1.0,1,-0.014274056279100477,0.05427403971552849,1.0998954474925995,0.024037279924959874,1.49476957321167,1.6246889010071754,0.282681567966938,0.04831664256862612,0.00019209351085551008,5312.729108333588
241,246784,508568.9932746105,1.0,1.0,1.0,1.0,1.0,1.0,0.04062499999999991,0.8000000000000002,1.1102230246251565e-16,0.0,1.0,2,-0.007866352587006986,0.027357757510617375,1.0966952621936799,-0.010917873366270214,1.3002808153629304,1.153111258149147,0.20072819218039512,0.013429757120580376,0.0001913217614307792,5334.8294813632965
242,247808,816525.319838196,1.0,1.0,1.0,1.0,1.0,1.0,0.025000000000000355,0.8000000000000002,1.1102230246251565e-16,0.0,1.0,1,0.015349519951269031,0.04497608477249741,1.093900102376938,0.08026493143988774,1.3972392141819001,2.681631991267204,0.16925542447715997,1.0,0.00019054883472891201,5356.56941151619
243,248832,508327.34960995615,1.0,1.0,1.0,1.0,1.0,1.0,0.03125000000000022,0.8000000000000002,1.1102230246251565e-16,0.0,1.0,2,-0.017720326571725308,0.02816247334703803,1.0921238243579865,-0.041435669362545016,1.3744756877422333,1.6520140618085861,0.20531702861189843,0.12157665459056936,0.00018977475304068913,5378.286858558655
244,249856,596748.830570221,1.0,1.0,1.0,1.0,1.0,1.0,0.03125,0.8000000000000002,1.1102230246251565e-16,0.0,1.0,1,-0.006063364143483341,0.03953206893056631,1.089506208896637,-0.0019097465672530233,1.396215945482254,1.11619029045105,0.23866233713924884,0.056320998862347996,0.00018899953869020052,5400.55261015892
245,250880,728009.6810618341,1.0,1.0,1.0,1.0,1.0,1.0,0.03750000000000031,0.8000000000000002,1.1102230246251565e-16,0.0,1.0,2,0.002110152505338192,0.04466931773349643,1.0856240451335908,0.035516685910988596,1.2860317468643188,2.379816085100174,0.34638227298855784,0.81,0.00018822321403420158,5421.977075099945
246,251904,442576.4550074637,1.0,1.0,1.0,1.0,1.0,1.0,0.03125,0.8000000000000002,1.1102230246251565e-16,0.0,1.0,1,-0.01604689471423626,0.027794271986931563,1.0821755409240723,-0.0368472836446017,1.539151483774185,1.2557464987039566,0.1925916051492095,0.0984770902183612,0.00018744580146146803,5444.142156124115
247,252928,816457.700896129,1.0,1.0,1.0,1.0,1.0,1.0,0.037499999999999645,0.8000000000000002,1.1102230246251565e-16,0.0,1.0,1,-0.0059974468196742235,0.04897157233208418,1.0766338527202606,0.014411652809940279,1.4363845705986023,1.4489555731415749,0.22807876951992512,0.289717072337181,0.0001866673233921507,5465.831451654434
248,253952,508231.25979617983,1.0,1.0,1.0,1.0,1.0,1.0,0.034375000000000044,0.8000000000000002,1.1102230246251565e-16,0.0,1.0,2,-0.006471841270104051,0.0312842414714396,1.0716645061969756,-0.007459884404670447,1.418358725309372,1.480553461611271,0.1974882423877716,0.06627797334516614,0.00018588780227712885,5488.525294303894
249,254976,530774.0785372201,1.0,1.0,1.0,1.0,1.0,1.0,0.050000000000000266,0.8000000000000002,1.1102230246251565e-16,0.0,1.0,1,-0.004857810621615499,0.028354984521865845,1.068904447555542,-0.0021290605393005533,1.2950624585151673,1.2897612437605859,0.17469762228429317,0.034664550538472866,0.00018510726059736238,5510.71986413002
250,256000,793907.7402317282,1.0,1.0,1.0,1.0,1.0,1.0,0.03749999999999987,0.8000000000000002,1.1102230246251565e-16,0.0,1.0,2,0.010174364084377885,0.040972796827554704,1.0666198253631591,0.04783063195936847,1.2808944404125213,3.539909279346466,0.15936367735266685,0.81,0.00018432572086324387,5532.552329301834
251,257024,442582.78796702623,1.0,1.0,1.0,1.0,1.0,1.0,0.03125,0.8000000000000002,1.1102230246251565e-16,0.0,1.0,1,-0.014655475271865726,0.02027068715542555,1.0634819567203522,-0.04454476358368993,1.328465563058853,1.5361648738384246,0.15145224127918483,0.0984770902183612,0.0001835432056139491,5554.262807607651
252,258048,816527.5332888127,1.0,1.0,1.0,1.0,1.0,1.0,0.03750000000000009,0.8000000000000002,1.1102230246251565e-16,0.0,1.0,1,-0.008867096703033895,0.059690603986382484,1.060258549451828,0.008375045412685722,1.2763704776763916,1.8821791768074037,0.25080618262290955,0.06358673741282436,0.0001827597374167874,5576.623341560364
253,259072,508235.65054295957,1.0,1.0,1.0,1.0,1.0,1.0,0.031250000000000444,0.8000000000000002,1.1102230246251565e-16,0.0,1.0,2,-0.01086110428441316,0.031050331704318524,1.0563092827796936,-0.010223815221252153,1.3025918662548066,0.8715487986803054,0.23206437304615973,0.009544028161703926,0.00018197533886655037,5598.377614498138
254,260096,442756.92814433575,1.0,1.0,1.0,1.0,1.0,1.0,0.018750000000000266,0.8000000000000002,1.1102230246251565e-16,0.0,1.0,1,-0.00927134973462671,0.023003982193768025,1.052412563562393,0.02208847455913201,1.7831042885780335,1.3369672656059266,0.12761839739978315,0.07799523871156397,0.00018119003258486058,5621.120484113693
255,261120,882135.0108633637,1.0,1.0,1.0,1.0,1.0,1.0,0.04375000000000018,0.8000000000000002,1.1102230246251565e-16,0.0,1.0,2,-0.0024989951285533606,0.04974417835474014,1.0502000212669373,0.021617018105462193,6.449822419881821,2.194142669439316,0.23490346372127532,0.3824333180040271,0.00018040384121951905,5644.092121601105
256,262144,442614.4094617143,1.0,1.0,1.0,1.0,1.0,1.0,0.031250000000000444,0.8000000000000002,1.1102230246251565e-16,0.0,1.0,1,-0.01276464988477528,0.02584001370705664,1.0488009750843048,-0.02573959492146969,1.7875160098075866,1.1300741568207742,0.10964092761278152,0.057401189391235764,0.0001796167874438521,5666.635272264481
257,263168,816374.494478561,1.0,1.0,1.0,1.0,1.0,1.0,0.050000000000000266,0.8000000000000002,1.1102230246251565e-16,0.0,1.0,1,-0.005105428420938552,0.04723660526797176,1.044580739736557,0.028637729070032945,1.2939559996128083,2.0029927387833597,0.22905638664960862,0.5791249183107857,0.0001788288939560576,5689.450822591782
258,264192,508297.8197422251,1.0,1.0,1.0,1.0,1.0,1.0,0.04375000000000018,0.8000000000000002,1.1102230246251565e-16,0.0,1.0,2,-0.010747847182210534,0.029799541691318154,1.0407735407352448,-0.027184981503523886,1.459946519136429,1.2996322840452195,0.14692023321986197,0.07823118906473564,0.00017804018347855008,5711.497976541519
259,265216,640735.9416658431,1.0,1.0,1.0,1.0,1.0,1.0,0.043749999999999734,0.8000000000000002,1.1102230246251565e-16,0.0,1.0,1,-0.006163438502699137,0.034306874964386225,1.0365139365196228,-0.001212334883166477,1.2780387639999389,1.351817013323307,0.12754869181662798,0.02684518013608159,0.0001772506787573058,5733.454506397247
260,266240,684038.2340793572,1.0,1.0,1.0,1.0,1.0,1.0,0.04062500000000013,0.8000000000000002,1.1102230246251565e-16,0.0,1.0,2,-0.009208701364696027,0.0356166266836226,1.0312443971633911,0.029204058414325117,1.3043868780136108,1.1922537878155708,0.19208689741790294,0.4514050701221275,0.00017646040256120646,5754.821548938751
261,267264,442590.3309550062,1.0,1.0,1.0,1.0,1.0,1.0,0.018749999999999822,0.8000000000000002,1.1102230246251565e-16,0.0,1.0,1,-0.01413387330248952,0.02245168648660183,1.0259589850902557,-0.01882462918292731,1.6774895310401916,1.1105687111616134,0.16675604712218045,0.054880318290669625,0.0001756693776813826,5776.8482048511505
262,268288,816407.4473303184,1.0,1.0,1.0,1.0,1.0,1.0,0.03750000000000009,0.8000000000000002,1.1102230246251565e-16,0.0,1.0,1,0.0036305059446021916,0.04705149959772825,1.0230484783649445,0.031529025407508016,1.3346748530864716,3.278821271657944,0.28017575182020665,0.7474837411633666,0.00017487762693055655,5798.8911328315735
263,269312,508157.4567246288,1.0,1.0,1.0,1.0,1.0,1.0,0.03125,0.8000000000000002,1.1102230246251565e-16,0.0,1.0,2,-0.01069829543121159,0.036118061002343896,1.0208486199378968,-0.03671717674005777,1.3877175271511077,1.7036692544817924,0.33776820413768294,0.09087657261148518,0.00017408517314238428,5820.458602905273
264,270336,442601.9306444675,1.0,1.0,1.0,1.0,1.0,1.0,0.050000000000000266,0.8000000000000002,1.1102230246251565e-16,0.0,1.0,1,-0.007502080965787172,0.028923296229913832,1.0180648922920228,-0.019053974459529853,1.2974453210830688,1.0866214871406554,0.17885751836001873,0.01841411613126888,0.00017329203917079694,5842.506675004959
265,271360,816177.1413808465,1.0,1.0,1.0,1.0,1.0,1.0,0.03125,0.8000000000000002,1.1102230246251565e-16,0.0,1.0,1,0.028830510657280685,0.049302364513278005,1.0164183616638183,0.07596908346749842,1.2754423439502716,5.860738831758499,0.23128300737589597,1.0,0.0001724982478893419,5864.233645439148
266,272384,508108.154274717,1.0,1.0,1.0,1.0,1.0,1.0,0.04062500000000013,0.8000000000000002,1.1102230246251565e-16,0.0,1.0,2,-0.016323342209216208,0.029518646700307728,1.0145593523979186,-0.03365068375132978,1.6131904602050782,1.912545807659626,0.22301784418523313,0.12157665459056936,0.00017170382219052282,5885.688426494598
267,273408,442674.7559362948,1.0,1.0,1.0,1.0,1.0,1.0,0.03125,0.8000000000000002,1.1102230246251565e-16,0.0,1.0,1,-0.010198767331894487,0.028814491583034396,1.011780959367752,-0.01912374193634605,1.5819253087043763,1.1300792708992957,0.21619991045445203,0.014780882941434608,0.00017090878498513974,5908.027081489563
268,274432,816191.7324177474,1.0,1.0,1.0,1.0,1.0,1.0,0.050000000000000266,0.8000000000000002,1.1102230246251565e-16,0.0,1.0,1,0.0025201245909556745,0.05370179824531078,1.0092744946479797,0.045638497453182936,1.6983789324760437,2.1859360158443453,0.17994930930435657,0.9,0.00017011315920162815,5930.037811756134
269,275456,508465.17685365677,1.0,1.0,1.0,1.0,1.0,1.0,0.04375000000000018,0.8000000000000002,1.1102230246251565e-16,0.0,1.0,2,-0.014301445125602186,0.03293679268099368,1.006346982717514,-0.034336287435144185,1.3033425331115722,1.6314281105995179,0.22440805286169052,0.10941898913151243,0.00016931696778539783,5951.210579872131
270,276480,816652.0220333412,1.0,1.0,1.0,1.0,1.0,1.0,0.02499999999999991,0.8000000000000002,1.1102230246251565e-16,0.0,1.0,1,-0.010245221364311875,0.04845603536814451,1.0024657547473907,0.0059729176544351505,1.2313935101032256,1.0849019825458526,0.16190272085368634,0.06953209736092344,0.00016852023369817113,5972.7080409526825
271,277504,508154.6825836897,1.0,1.0,1.0,1.0,1.0,1.0,0.03750000000000053,0.8000000000000002,1.1102230246251565e-16,0.0,1.0,2,-0.006046532501932234,0.026162641961127518,1.0015175700187684,0.005971835070522502,1.3221864581108094,1.51086223423481,0.19654269088059664,0.11046328890861022,0.0001677229799173207,5994.149780988693
272,278528,442669.0965336859,1.0,1.0,1.0,1.0,1.0,1.0,0.050000000000000266,0.8000000000000002,1.1102230246251565e-16,0.0,1.0,1,-0.009072231920436024,0.026429947931319475,1.0014569818973542,-0.00533073989499826,1.3582628548145295,0.9379483848810196,0.15846354998648166,0.02274341160829205,0.00016692522943520684,6016.135320663452
273,279552,816187.2571700811,1.0,1.0,1.0,1.0,1.0,1.0,0.037499999999999645,0.8000000000000002,1.1102230246251565e-16,0.0,1.0,1,0.020473942160606384,0.04695122418925166,1.0023699641227721,0.060709548776503655,3.440174674987793,3.4836234867572786,0.2823143765330315,0.81,0.0001661270052585145,6037.744184494019
274,280576,508301.1444621831,1.0,1.0,1.0,1.0,1.0,1.0,0.03750000000000009,0.8000000000000002,1.1102230246251565e-16,0.0,1.0,2,-0.010075743449851871,0.02880193805322051,1.002047699689865,-0.03808983471244574,1.399884331226349,1.6513888657093048,0.23210292253643275,0.0984770902183612,0.00016532833040758968,6059.068997144699
275,281600,442650.61698666215,1.0,1.0,1.0,1.0,1.0,1.0,0.043749999999999734,0.8000000000000002,1.1102230246251565e-16,0.0,1.0,1,-0.006360484787728637,0.027892351243644954,1.0003750264644622,-0.010369412298314274,1.3098733365535735,1.4827607825398446,0.2359240399673581,0.020275559590445278,0.0001645292279157756,6081.221427202225
276,282624,816042.7313750535,1.0,1.0,1.0,1.0,1.0,1.0,0.056250000000000355,0.8000000000000002,1.1102230246251565e-16,0.0,1.0,1,-0.0011104611912742257,0.04821917936205864,0.9985752552747726,0.050236136818421075,1.3531396687030792,2.663169448077679,0.1608874648809433,1.0,0.00016372972082874838,6101.718321084976
277,283648,508555.63128177077,1.0,1.0,1.0,1.0,1.0,1.0,0.03749999999999987,0.8000000000000002,1.1102230246251565e-16,0.0,1.0,2,-0.016087101865559818,0.02482217284850776,0.995749831199646,-0.030490391165949406,1.7032843232154846,1.567960087954998,0.15324313398450612,0.12157665459056936,0.00016292983220385246,6123.56188750267
278,284672,816556.7230564058,1.0,1.0,1.0,1.0,1.0,1.0,0.04375000000000018,0.8000000000000002,1.1102230246251565e-16,0.0,1.0,1,-0.009406955447047949,0.05006737895309925,0.9936780124902725,0.010049293364863843,1.405495023727417,1.3845469668507575,0.292888911254704,0.07725788595658159,0.00016212958510943563,6145.386349916458
279,285696,508340.6358329654,1.0,1.0,1.0,1.0,1.0,1.0,0.04062500000000013,0.8000000000000002,1.1102230246251565e-16,0.0,1.0,2,-0.010551662533544004,0.02523983409628272,0.990928339958191,-0.009800747747067361,1.5420391619205476,1.0361202776432037,0.24902015682309867,0.01932665702745045,0.00016132900262418376,6167.320589542389
280,286720,442531.1275594942,1.0,1.0,1.0,1.0,1.0,1.0,0.03750000000000009,0.8000000000000002,1.1102230246251565e-16,0.0,1.0,1,-0.006175524054560811,0.02437866753898561,0.9903447270393372,0.023000439140014352,1.4789017498493195,1.2919048741459846,0.12116334196180105,0.07799523871156397,0.00016052810783645513,6189.500169277191
281,287744,816132.4377823845,1.0,1.0,1.0,1.0,1.0,1.0,0.03125,0.8000000000000002,1.1102230246251565e-16,0.0,1.0,1,0.033174396958202124,0.05373345259577036,0.9905187338590622,0.07251657107844948,1.2853756964206695,5.253748661279678,0.2914895534515381,0.9,0.00015972692384361476,6210.282958507538
282,288768,508417.158715643,1.0,1.0,1.0,1.0,1.0,1.0,0.03125000000000022,0.8000000000000002,1.1102230246251565e-16,0.0,1.0,2,-0.0148484171833843,0.021863377699628473,0.9910371422767639,-0.030639675771817566,1.3866834104061128,1.2012091755867005,0.14800280034542085,0.10941898913151243,0.00015892547375136808,6232.6046414375305
283,289792,442417.80908957124,1.0,1.0,1.0,1.0,1.0,1.0,0.056250000000000355,0.8000000000000002,1.1102230246251565e-16,0.0,1.0,1,-0.007713882240932435,0.02734463885426521,0.9900986969470977,-0.002277361857704818,1.261472910642624,1.7963690489530564,0.192186095751822,0.041719258416554064,0.00015812378067309472,6254.4670696258545
284,290816,882165.6822844669,1.0,1.0,1.0,1.0,1.0,1.0,0.034375000000000044,0.8000000000000002,1.1102230246251565e-16,0.0,1.0,2,0.008004072634503246,0.052447756938636306,0.9890031307935715,0.04304957663407549,1.3134596824645997,3.394263741374016,0.25671635046601293,0.9,0.000157321867729182,6276.327760219574
285,291840,442504.9899353506,1.0,1.0,1.0,1.0,1.0,1.0,0.05000000000000071,0.8000000000000002,1.1102230246251565e-16,0.0,1.0,1,-0.014019382162950933,0.02750686537474394,0.9877580106258392,-0.026006259303539992,1.255864280462265,1.745931139588356,0.15026630889624357,0.10941898913151243,0.00015651975804635785,6297.8266224861145
286,292864,816615.9920169413,1.0,1.0,1.0,1.0,1.0,1.0,0.031250000000000444,0.8000000000000002,1.1102230246251565e-16,0.0,1.0,1,-0.009430840110871941,0.05768343228846788,0.9829030066728592,0.012634178137523122,1.1716904520988465,1.0432956591248512,0.3200425714254379,0.21460523876828225,0.00015571747475702418,6320.24133348465
287,293888,508088.24271049537,1.0,1.0,1.0,1.0,1.0,1.0,0.0437500000000004,0.8000000000000002,1.1102230246251565e-16,0.0,1.0,2,-0.008554284973070026,0.02885044659487903,0.9786420315504074,-0.012567051323821942,1.5502978265285492,1.33954099714756,0.1617375435307622,0.028989985541175673,0.00015491504099858958,6341.28710436821
288,294912,442570.29697494954,1.0,1.0,1.0,1.0,1.0,1.0,0.05624999999999991,0.8000000000000002,1.1102230246251565e-16,0.0,1.0,1,-0.008900013053789735,0.02951124175451696,0.9744119942188263,0.0031619733083061872,1.227600246667862,1.1949123859405517,0.12973535452038049,0.01228144226847771,0.00015411247991280208,6362.724246501923
289,295936,816321.6222932041,1.0,1.0,1.0,1.0,1.0,1.0,0.03125,0.8000000000000002,1.1102230246251565e-16,0.0,1.0,1,0.025230686785653232,0.04719585422426462,0.9701304316520691,0.0792320298962295,1.2928601503372192,4.739100310206413,0.20881737396121025,1.0,0.00015330981464508174,6386.086797714233
290,296960,508258.6493173912,1.0,1.0,1.0,1.0,1.0,1.0,0.04375000000000018,0.8000000000000002,1.1102230246251565e-16,0.0,1.0,2,-0.01299268490402028,0.026410713139921427,0.9677596420049668,-0.025521453336114063,1.2199558556079864,1.6720297902822494,0.137329844199121,0.13508517176729928,0.00015250706834385325,6408.601241111755
291,297984,442607.72630526125,1.0,1.0,1.0,1.0,1.0,1.0,0.031249999999999556,0.8000000000000002,1.1102230246251565e-16,0.0,1.0,1,-0.006648313178448007,0.024171342328190803,0.9661998391151428,-0.017448995768791064,1.2746614456176757,0.8709184691309929,0.13595613203942775,0.016423203268260675,0.00015170426415987812,6431.107577800751
292,299008,816144.9881666712,1.0,1.0,1.0,1.0,1.0,1.0,0.02499999999999991,0.8000000000000002,1.1102230246251565e-16,0.0,1.0,1,0.010859767533838749,0.0471569343470037,0.9629114091396331,0.06283314895117656,1.281197625398636,3.8514917582273482,0.22851539887487887,1.0,0.0001509014252455873,6453.193475961685
293,300032,508464.00404255465,1.0,1.0,1.0,1.0,1.0,1.0,0.04062499999999991,0.8000000000000002,1.1102230246251565e-16,0.0,1.0,2,-0.014564720750786363,0.019880203902721404,0.9601468622684479,-0.02420583749189973,1.3849615275859832,1.4111474096775054,0.12472591679543257,0.13508517176729928,0.00015009857475441332,6475.178375005722
294,301056,816591.6958019584,1.0,1.0,1.0,1.0,1.0,1.0,0.04375000000000018,0.8000000000000002,1.1102230246251565e-16,0.0,1.0,1,-0.00972329470096156,0.045118173118680716,0.9551365971565247,0.006758357374928891,1.236650139093399,1.0893026024103165,0.21418264843523502,0.1158868289348724,0.0001492957358401225,6497.634209394455
295,302080,507959.81284267874,1.0,1.0,1.0,1.0,1.0,1.0,0.043749999999999956,0.8000000000000002,1.1102230246251565e-16,0.0,1.0,2,-0.009576427657157183,0.027251974446699023,0.948844137787819,0.010213105104048737,1.8894095718860626,1.2430202811956406,0.20520571302622556,0.10101809685286715,0.00014849293165614737,6519.431804895401
296,303104,442617.3056670483,1.0,1.0,1.0,1.0,1.0,1.0,0.04375000000000018,0.8000000000000002,1.1102230246251565e-16,0.0,1.0,1,-0.013235983770573511,0.02158553813351318,0.9459362000226974,-0.005343603608753256,1.6210424184799195,1.0614671796560287,0.14681636560708283,0.015162274405528038,0.00014769018535491885,6541.654844045639
297,304128,816410.3179960251,1.0,1.0,1.0,1.0,1.0,1.0,0.04375000000000018,0.8000000000000002,1.1102230246251565e-16,0.0,1.0,1,-0.004457664699293673,0.050716329272836445,0.941662946343422,0.04951391955837607,1.2831566035747528,1.6657718569040298,0.17823447547852994,0.7868998312840065,0.00014688752008719852,6563.317422628403
298,305152,508231.81205967814,1.0,1.0,1.0,1.0,1.0,1.0,0.03750000000000031,0.8000000000000002,1.1102230246251565e-16,0.0,1.0,2,-0.012846865644678473,0.021309125935658813,0.9366908431053161,-0.019415033917175605,1.2009536147117614,1.3548669338226318,0.12159720622003078,0.13123271465760353,0.00014608495900141102,6585.6340572834015
299,306176,442649.509618449,1.0,1.0,1.0,1.0,1.0,1.0,0.04375000000000018,0.8000000000000002,1.1102230246251565e-16,0.0,1.0,1,-0.011652449099346995,0.02495094370096922,0.9340154320001602,-0.0016254179005045443,1.2283263146877288,0.9869452238082885,0.1331494796089828,0.030021835765231153,0.00014528252524297641,6607.001691579819
300,307200,882076.2382830326,1.0,1.0,1.0,1.0,1.0,1.0,0.04375000000000018,0.8000000000000002,1.1102230246251565e-16,0.0,1.0,2,0.004454373766202479,0.04125174349173903,0.9320320069789887,0.04753194120712578,1.152796483039856,3.4994605049490928,0.1851890543475747,1.0,0.00014448024195364275,6628.9477462768555
301,308224,442542.3955901917,1.0,1.0,1.0,1.0,1.0,1.0,0.037499999999999645,0.8000000000000002,1.1102230246251565e-16,0.0,1.0,1,-0.015017367620021104,0.02780236816033721,0.9301115244626998,-0.026553930717636832,1.2978043258190155,1.5933075338602065,0.14084047582000495,0.12157665459056936,0.0001436781322708186,6650.681734085083
302,309248,750624.0207996815,1.0,1.0,1.0,1.0,1.0,1.0,0.03125,0.8000000000000002,1.1102230246251565e-16,0.0,1.0,1,-0.004243011231301353,0.03891042619943619,0.9273198693990707,0.012645000389602501,1.1481012463569642,1.4893582791090012,0.2324355747550726,0.09538010611923656,0.00014287621932690585,6672.555144071579
303,310272,574229.9194313623,1.0,1.0,1.0,1.0,1.0,1.0,0.03750000000000031,0.8000000000000002,1.1102230246251565e-16,0.0,1.0,2,-0.006738243810832501,0.034730251599103215,0.9253482699394227,0.006421162991318852,1.2014291524887084,1.0512131199240684,0.19208914488554002,0.05454977230054827,0.00014207452624863252,6694.137044668198
304,311296,486788.27789877355,1.0,1.0,1.0,1.0,1.0,1.0,0.03125,0.8000000000000002,1.1102230246251565e-16,0.0,1.0,1,-0.004658328066579997,0.029018767550587653,0.9221924155950546,0.018150279799010606,1.2113737046718598,1.166441835463047,0.21004678793251513,0.10698935351380517,0.00014127307615638586,6715.753209352493
305,312320,772010.397429198,1.0,1.0,1.0,1.0,1.0,1.0,0.03125,0.8000000000000002,1.1102230246251565e-16,0.0,1.0,1,0.02448482015170157,0.03899125009775162,0.9193815290927887,0.04776527166832238,1.3033769726753235,5.693342906236649,0.22831365168094636,0.81,0.00014047189216354546,6737.206778287888
306,313344,508366.00659861043,1.0,1.0,1.0,1.0,1.0,1.0,0.03749999999999987,0.8000000000000002,1.1102230246251565e-16,0.0,1.0,2,-0.01163405244005844,0.022595928562805057,0.9173766434192657,-0.021601842853124255,1.2568058609962462,1.4731123507022859,0.22135069742798805,0.10941898913151243,0.00013967099737581683,6759.3211052417755
307,314368,574724.7554201484,1.0,1.0,1.0,1.0,1.0,1.0,0.018750000000000266,0.8000000000000002,1.1102230246251565e-16,0.0,1.0,1,-0.006855086144059897,0.030626222584396602,0.9145049929618836,0.004874880099669099,1.233309233188629,1.4138126850128174,0.22560509890317917,0.06953209736092346,0.00013887041489056494,6782.282839775085
308,315392,749933.2826180756,1.0,1.0,1.0,1.0,1.0,1.0,0.03125,0.8000000000000002,1.1102230246251565e-16,0.0,1.0,2,0.01151756700128317,0.03918636702001095,0.9124349653720856,0.038883327948860825,1.241166216135025,6.453951773047447,0.2218914397060871,0.81,0.0001380701677961481,6804.15274310112
309,316416,442627.82574115694,1.0,1.0,1.0,1.0,1.0,1.0,0.025000000000000355,0.8000000000000002,1.1102230246251565e-16,0.0,1.0,1,-0.012221874622628092,0.022055206913501026,0.910829970240593,-0.017271151357272176,1.270879429578781,1.7777068883180618,0.18414983442053198,0.0984770902183612,0.0001372702791712522,6827.755993843079
310,317440,816505.7988006324,1.0,1.0,1.0,1.0,1.0,1.0,0.04999999999999982,0.8000000000000002,1.1102230246251565e-16,0.0,1.0,1,0.005103982309810818,0.05645497590303421,0.907632315158844,0.03599545616889373,1.1969192564487456,3.936332809925079,0.2926738031208515,0.7242926808429526,0.00013647077208422495,6849.261852264404
311,318464,508119.6219877377,1.0,1.0,1.0,1.0,1.0,1.0,0.043749999999999956,0.8000000000000002,1.1102230246251565e-16,0.0,1.0,2,-0.0029802503995597363,0.02885079961270094,0.9059352308511734,-0.010624630889014951,1.3122402787208558,1.9693289011716844,0.21880362927913666,0.22368816003993577,0.00013567166959241086,6871.888097047806
312,319488,442631.1805452332,1.0,1.0,1.0,1.0,1.0,1.0,0.03125,0.8000000000000002,1.1102230246251565e-16,0.0,1.0,1,-0.011938834050670265,0.023362875683233142,0.9052145421504975,-0.009974870972291683,1.2541144907474517,0.9534808576107026,0.16387994904071093,0.08393598200362738,0.00013487299474148606,6893.267169713974
313,320512,816243.2007864118,1.0,1.0,1.0,1.0,1.0,1.0,0.03750000000000009,0.8000000000000002,1.1102230246251565e-16,0.0,1.0,1,0.0016438000835478305,0.04499324262142181,0.9043374806642532,0.028627601079642774,1.2151066839694977,2.3300404787063598,0.28761497493833305,0.7290000000000001,0.00013407477056479373,6915.188488960266
314,321536,508431.0562540144,1.0,1.0,1.0,1.0,1.0,1.0,0.050000000000000266,0.8000000000000002,1.1102230246251565e-16,0.0,1.0,2,-0.012366612715413793,0.022766526648774744,0.9035235464572906,-0.024739761697128416,1.3145274579524995,1.2107380762696267,0.08983129542320967,0.08862938119652508,0.00013327702008267988,6937.374968290329
315,322560,640679.0152910706,1.0,1.0,1.0,1.0,1.0,1.0,0.03125,0.8000000000000002,1.1102230246251565e-16,0.0,1.0,1,-0.004302675416693091,0.03466499513015151,0.9021499335765839,0.0058974913981728605,1.3107002913951873,1.5600402027368545,0.13163566645234823,0.084481498293522,0.0001324797663018294,6959.356068611145
316,323584,684056.493264094,1.0,1.0,1.0,1.0,1.0,1.0,0.031249999999999778,0.8000000000000002,1.1102230246251565e-16,0.0,1.0,2,-0.010933387430850417,0.03252417780458927,0.8994530111551284,0.008998844417510555,1.8979237973690033,1.625422966480255,0.1132304783910513,0.09941696001774922,0.00013168303221460274,6982.061687707901
317,324608,442540.0126771033,1.0,1.0,1.0,1.0,1.0,1.0,0.018749999999999822,0.8000000000000002,1.1102230246251565e-16,0.0,1.0,1,-0.006491321232169866,0.021693661343306303,0.8951150745153427,0.007984097531880252,1.2443506479263307,1.141447702050209,0.1561601310968399,0.21321948382773795,0.00013088684079837242,7004.199704170227
318,325632,816400.638091445,1.0,1.0,1.0,1.0,1.0,1.0,0.043749999999999734,0.8000000000000002,1.1102230246251565e-16,0.0,1.0,1,0.020300862845033407,0.04088558107614517,0.8922066986560822,0.036615162948146464,1.1211199343204499,3.7401514530181883,0.24372330121695995,0.81,0.00013009121501486083,7025.860361337662
319,326656,508209.4344273731,1.0,1.0,1.0,1.0,1.0,1.0,0.03437499999999982,0.8000000000000002,1.1102230246251565e-16,0.0,1.0,2,-0.010009658080525697,0.02921396531164646,0.8898008972406387,-0.020757776917889714,1.3254281640052796,1.6279222279787064,0.2974779330193996,0.10941898913151243,0.00012929617780947774,7047.83281993866
320,327680,442524.72049869597,1.0,1.0,1.0,1.0,1.0,1.0,0.04375000000000018,0.8000000000000002,1.1102230246251565e-16,0.0,1.0,1,-0.007191566051915288,0.03012859500013292,0.8864412754774094,0.008150591049343348,1.22063410282135,1.0578816473484038,0.285667535290122,0.0772578859565816,0.00012850175211065866,7070.414298534393
321,328704,816264.3396415338,1.0,1.0,1.0,1.0,1.0,1.0,0.050000000000000266,0.8000000000000002,1.1102230246251565e-16,0.0,1.0,1,-0.0005904437741264701,0.04838429149240255,0.8843649685382843,0.03632192173390649,1.1362346172332765,2.264747980237007,0.2588750999420881,1.0,0.0001277079608292036,7094.953066110611
322,329728,508391.8276343439,1.0,1.0,1.0,1.0,1.0,1.0,0.046875,0.8000000000000002,1.1102230246251565e-16,0.0,1.0,2,-0.012237221223767848,0.028578319028019904,0.8820301741361618,-0.022139942471403627,1.2922472059726715,1.5559077858924866,0.2137850124388933,0.12157665459056936,0.00012691482685761626,7116.4595901966095
323,330752,816655.9081757013,1.0,1.0,1.0,1.0,1.0,1.0,0.04375000000000018,0.8000000000000002,1.1102230246251565e-16,0.0,1.0,1,-0.009905864525353535,0.05150256808847189,0.8792433857917785,0.016349641769193114,1.1833916485309601,1.5941849559545518,0.19022621922194957,0.26494473922010153,0.000126122373069444,7137.778135061264
324,331776,508006.4121658355,1.0,1.0,1.0,1.0,1.0,1.0,0.046875,0.8000000000000002,1.1102230246251565e-16,0.0,1.0,2,-0.012129146605730057,0.026452852808870376,0.8750716209411621,-0.002226296988374088,1.2195358455181122,0.8864510014653206,0.10538254529237748,0.06734539790191144,0.00012533062231861796,7160.275321722031
325,332800,442311.93256419897,1.0,1.0,1.0,1.0,1.0,1.0,0.04999999999999982,0.8000000000000002,1.1102230246251565e-16,0.0,1.0,1,-0.007574755814857781,0.02804827634245157,0.8711482405662536,0.012956216838210821,6.124083423614502,1.3011168256402015,0.15972929280251263,0.05283424864879266,0.00012453959743879416,7189.703652381897
326,333824,816651.6127941124,1.0,1.0,1.0,1.0,1.0,1.0,0.04375000000000018,0.8000000000000002,1.1102230246251565e-16,0.0,1.0,1,0.0017443151213228703,0.06462187618017197,0.8687803685665131,0.03506474643945694,1.1682491421699523,2.373307943344116,0.26276593282818794,0.9871272399432314,0.0001237493212426948,7211.115676641464
327,334848,508075.6057398766,1.0,1.0,1.0,1.0,1.0,1.0,0.050000000000000044,0.8000000000000002,1.1102230246251565e-16,0.0,1.0,2,-0.01282362777783419,0.025121537782251836,0.8666833877563477,-0.009663406768231653,1.3805680513381957,1.7966649577021598,0.1670594271272421,0.16462500341223632,0.0001229598165214505,7232.913561344147
328,335872,442641.201836884,1.0,1.0,1.0,1.0,1.0,1.0,0.03750000000000053,0.8000000000000002,1.1102230246251565e-16,0.0,1.0,1,-0.012547127762809395,0.025685532344505192,0.8641759485006333,-0.008763019484467805,1.1877847254276275,1.1735624969005585,0.15069104991853238,0.02745481094214096,0.0001221711060439431,7255.820788860321
329,336896,816293.2523078322,1.0,1.0,1.0,1.0,1.0,1.0,0.03125,0.8000000000000002,1.1102230246251565e-16,0.0,1.0,1,0.006044954457320273,0.05763510009273887,0.8621430844068527,0.04711683815112337,1.239893513917923,3.66018026471138,0.3080160912126303,0.9,0.00012138321255614854,7277.23739528656
330,337920,508329.0103183389,1.0,1.0,1.0,1.0,1.0,1.0,0.04062499999999991,0.8000000000000002,1.1102230246251565e-16,0.0,1.0,2,-0.008590277680195869,0.023645329708233475,0.860703381896019,-0.012690544943325222,1.216123253107071,1.5253997683525085,0.13158804252743722,0.10941898913151243,0.00012059615878048166,7307.304395914078
331,338944,640767.6153186411,1.0,1.0,1.0,1.0,1.0,1.0,0.05624999999999991,0.8000000000000002,1.1102230246251565e-16,0.0,1.0,1,-0.001076658279635012,0.03568484233692289,0.8590939164161682,-0.008017700631398839,1.3611963212490081,1.3910654678940773,0.13109522890299558,0.01824800363140075,0.00011980996741514009,7335.200675725937
332,339968,683937.265395984,1.0,1.0,1.0,1.0,1.0,1.0,0.040625000000000355,0.8000000000000002,1.1102230246251565e-16,0.0,1.0,2,-0.01271360288374126,0.0398166443221271,0.8562942266464233,0.026539656240493058,1.1873033463954925,1.6064361929893494,0.12231283821165562,0.13421289602396147,0.00011902466113345025,7356.961987733841
333,340992,442673.67266381904,1.0,1.0,1.0,1.0,1.0,1.0,0.031249999999999556,0.8000000000000002,1.1102230246251565e-16,0.0,1.0,1,-0.011034592986106873,0.025653539318591358,0.8551026433706284,0.0030268157715909183,1.1704116582870483,0.9505012035369873,0.16703434977680445,0.03790568601382009,0.00011824026258321325,7384.357005596161
334,342016,816392.7970072255,1.0,1.0,1.0,1.0,1.0,1.0,0.03750000000000009,0.8000000000000002,1.1102230246251565e-16,0.0,1.0,1,0.01839649071916938,0.044568438176065685,0.8543544083833694,0.05662767458707094,1.1098180830478668,3.927196849882603,0.1637865724042058,1.0,0.0001174567943860515,7415.384184837341
335,343040,508332.02949729376,1.0,1.0,1.0,1.0,1.0,1.0,0.05312500000000031,0.8000000000000002,1.1102230246251565e-16,0.0,1.0,2,-0.013846892304718495,0.021768211899325252,0.8539204686880112,-0.00860912625794299,1.2111873149871826,1.482848545908928,0.10840796697884798,0.13508517176729928,0.00011667427913675681,7445.591333389282
336,344064,486753.2483827472,1.0,1.0,1.0,1.0,1.0,1.0,0.02499999999999991,0.8000000000000002,1.1102230246251565e-16,0.0,1.0,1,-0.006210570293478668,0.02848632074892521,0.8525162458419799,0.0025849565223325043,1.1726038575172424,1.1479635044932366,0.15807187482714652,0.03433683820292516,0.00011589273940263826,7467.691712856293
337,345088,838035.9196753204,1.0,1.0,1.0,1.0,1.0,1.0,0.043749999999999956,0.8000000000000002,1.1102230246251565e-16,0.0,1.0,2,0.0043517433572560545,0.04033904382959008,0.852225911617279,0.039082877647160785,1.1617716133594513,5.154719395935535,0.17326317857950926,1.0,0.00011511219772287183,7496.100569009781
338,346112,442643.0323605761,1.0,1.0,1.0,1.0,1.0,1.0,0.04999999999999982,0.8000000000000002,1.1102230246251565e-16,0.0,1.0,1,-0.010904680134262889,0.02130182145629078,0.851466703414917,-0.01362407134147361,1.2204953670501708,2.049695724248886,0.14107747059315442,0.13508517176729928,0.00011433267660784991,7519.720814228058
339,347136,816392.1641596407,1.0,1.0,1.0,1.0,1.0,1.0,0.03125,0.8000000000000002,1.1102230246251565e-16,0.0,1.0,1,-0.006237710465211421,0.05354927228763699,0.8507749378681183,0.026699500088579953,1.1975612819194794,1.7257923364639283,0.17968521788716316,0.6730293634611122,0.00011355419853853266,7541.3897585868835
340,348160,508252.6254757643,1.0,1.0,1.0,1.0,1.0,1.0,0.03125000000000022,0.8000000000000002,1.1102230246251565e-16,0.0,1.0,2,-0.013763321144506336,0.022460112906992437,0.8485474199056625,-0.00971621879725717,1.1714971005916595,1.141329325735569,0.15564959738403558,0.11224232983651905,0.0001127767859657991,7568.181600570679
341,349184,442691.7689850684,1.0,1.0,1.0,1.0,1.0,1.0,0.04375000000000018,0.8000000000000002,1.1102230246251565e-16,0.0,1.0,1,-0.00462940726429224,0.025765109248459338,0.846392548084259,-0.0036499620944596247,1.3118370056152344,1.2701365932822228,0.15798952765762805,0.018718857290775354,0.00011200046130980012,7591.400705337524
342,350208,816065.1253812015,1.0,1.0,1.0,1.0,1.0,1.0,0.0625,0.8000000000000002,1.1102230246251565e-16,0.0,1.0,1,0.01441410961560905,0.049355623126029965,0.8461782991886139,0.05469473900739104,1.3363603115081788,4.304251649975777,0.19528200663626194,1.0,0.0001112252469593115,7614.948556661606
343,351232,508528.1634243708,1.0,1.0,1.0,1.0,1.0,1.0,0.05312500000000031,0.8000000000000002,1.1102230246251565e-16,0.0,1.0,2,-0.00962373893125914,0.025809331238269805,0.8457707971334457,-0.01078543895855546,1.2730984449386598,1.650378766655922,0.08515818528831005,0.12157665459056936,0.00011045116527108863,7637.379872560501
344,352256,816587.0566538274,1.0,1.0,1.0,1.0,1.0,1.0,0.031250000000000444,0.8000000000000002,1.1102230246251565e-16,0.0,1.0,1,-0.009750002471264452,0.046424371842294934,0.8438553392887116,0.014493596251122653,1.3760161399841309,1.1330221861600875,0.1465896986424923,0.14537434250760026,0.00010967823856922143,7660.2515001297
345,353280,508117.2917472571,1.0,1.0,1.0,1.0,1.0,1.0,0.043749999999999956,0.8000000000000002,1.1102230246251565e-16,0.0,1.0,2,-0.011463936534710228,0.02880001477897167,0.8412386268377304,0.0009109206148423254,1.1615538001060486,1.2003789842128754,0.14171093506738544,0.06158701225597755,0.00010890648914449058,7682.026305913925
346,354304,442556.31117385626,1.0,1.0,1.0,1.0,1.0,1.0,0.050000000000000266,0.8000000000000002,1.1102230246251565e-16,0.0,1.0,1,-0.012425558455288411,0.025750681897625326,0.8396234601736069,-0.0031317108892835676,1.6024513125419617,1.1777904316782952,0.10861585754901171,0.011412197708139216,0.00010813593925372492,7703.730004787445
347,355328,816265.4116578847,1.0,1.0,1.0,1.0,1.0,1.0,0.04375000000000018,0.8000000000000002,1.1102230246251565e-16,0.0,1.0,1,0.0033046465599909426,0.04785334691405296,0.837795352935791,0.05109286895021796,1.5809879362583161,3.3277044177055357,0.15452498365193607,0.9,0.00010736661111915916,7725.759254693985
348,356352,508373.70224363357,1.0,1.0,1.0,1.0,1.0,1.0,0.03749999999999987,0.8000000000000002,1.1102230246251565e-16,0.0,1.0,2,-0.01155693964101374,0.02280108481645584,0.8366722285747528,-0.0107880465217022,1.5387066423892974,1.2628902181982995,0.11869433885440231,0.20262775765094893,0.0001065985269277935,7747.798623085022
349,357376,486568.427661106,1.0,1.0,1.0,1.0,1.0,1.0,0.04375000000000018,0.8000000000000002,1.1102230246251565e-16,0.0,1.0,1,-0.008382545178756117,0.027088338509202003,0.8350877195596695,-0.002149277555872686,1.109287440776825,0.808300007879734,0.1561002666130662,0.04171925841655406,0.00010583170883075319,7768.812162160873
350,358400,838034.358738061,1.0,1.0,1.0,1.0,1.0,1.0,0.03750000000000009,0.8000000000000002,1.1102230246251565e-16,0.0,1.0,2,0.014224053639918566,0.04100640993565321,0.8326916784048081,0.0438348502793815,1.5390111446380614,6.164241039752961,0.15402946919202803,0.9,0.00010506617894265036,7791.081384897232
351,359424,442624.04339633137,1.0,1.0,1.0,1.0,1.0,1.0,0.03750000000000009,0.8000000000000002,1.1102230246251565e-16,0.0,1.0,1,-0.007871065067593008,0.025149196060374378,0.8313999533653259,-0.009098962094867602,1.1734273314476014,1.925853791832924,0.14713537096977233,0.13508517176729928,0.0001043019593409456,7813.301343202591
352,360448,816495.327372808,1.0,1.0,1.0,1.0,1.0,1.0,0.025000000000000355,0.8000000000000002,1.1102230246251565e-16,0.0,1.0,1,-0.010353224212303757,0.048720086738467214,0.829379215836525,0.017402379820123316,1.1773410141468048,1.4099153116345406,0.20216344445943832,0.15896684353206092,0.00010353907206531179,7835.393730163574
353,361472,507929.3755653724,1.0,1.0,1.0,1.0,1.0,1.0,0.03750000000000009,0.8000000000000002,1.1102230246251565e-16,0.0,1.0,2,-0.007269109389744699,0.02678739526309073,0.8270670592784881,-0.004378856823313982,1.138680374622345,1.4669251292943954,0.2012936431914568,0.026511189338066458,0.00010277753911699807,7858.126122236252
354,362496,442671.7163916752,1.0,1.0,1.0,1.0,1.0,1.0,0.018750000000000266,0.8000000000000002,1.1102230246251565e-16,0.0,1.0,1,-0.007510714355885284,0.025884360494092106,0.8260875642299652,0.007501570146996528,1.223813146352768,0.9238516807556152,0.08786648930981755,0.01871885729077535,0.00010201738245819564,7881.004029512405
355,363520,816392.6793093011,1.0,1.0,1.0,1.0,1.0,1.0,0.031249999999999556,0.8000000000000002,1.1102230246251565e-16,0.0,1.0,1,0.01838487181812525,0.04443122185766697,0.824953493475914,0.05737484404817224,1.9279233872890473,5.855602218210697,0.2273651845753193,1.0,0.00010125862401140433,7903.03391456604
356,364544,508021.54323120415,1.0,1.0,1.0,1.0,1.0,1.0,0.05312500000000009,0.8000000000000002,1.1102230246251565e-16,0.0,1.0,2,-0.0014349001459777356,0.02427792493253946,0.8239161998033524,0.000823386461706832,1.2581380188465119,2.731772278249264,0.19236126244068147,0.31381059609000017,0.00010050128565880009,7924.845841169357
357,365568,442697.6294163405,1.0,1.0,1.0,1.0,1.0,1.0,0.043749999999999734,0.8000000000000002,1.1102230246251565e-16,0.0,1.0,1,-0.007067217119038105,0.023089274065569043,0.822588050365448,-0.005427422588400077,3.2225577354431154,1.347588236629963,0.11779535291716456,0.06461081889226679,9.974538924160438e-05,7947.505580663681
358,366592,816260.1920467913,1.0,1.0,1.0,1.0,1.0,1.0,0.04375000000000018,0.8000000000000002,1.1102230246251565e-16,0.0,1.0,1,0.0009026935789734125,0.050634804833680394,0.823510292172432,0.0371256496058777,1.1691435515880584,2.1142815589904784,0.28370539732277394,0.7242926808429526,9.899095655945381e-05,7970.099533319473
359,367616,508355.70382623374,1.0,1.0,1.0,1.0,1.0,1.0,0.028124999999999956,0.8000000000000002,1.1102230246251565e-16,0.0,1.0,2,-0.010523856931831688,0.024164158385246992,0.8225459545850754,-0.003365489427233115,1.1524625957012176,1.827186068892479,0.11469695754349232,0.10871244577940879,9.823800936977188e-05,7991.565551996231
360,368640,706704.1838091016,1.0,1.0,1.0,1.0,1.0,1.0,0.03750000000000009,0.8000000000000002,1.1102230246251565e-16,0.0,1.0,1,-0.008083401736803353,0.035787876415997746,0.821269828081131,0.019276017951779068,1.9208892345428468,1.3364173650741578,0.12415844947099686,0.26323393065152845,9.748656938714112e-05,8014.181578636169
361,369664,618076.3041333333,1.0,1.0,1.0,1.0,1.0,1.0,0.034375000000000044,0.8000000000000002,1.1102230246251565e-16,0.0,1.0,2,-0.009162263805046677,0.03177052335813642,0.8205816566944122,0.008467433224723209,1.184391301870346,1.6652850717306138,0.15799108669161796,0.18586259254995724,9.673665828267725e-05,8035.417297840118
362,370688,442470.1029742956,1.0,1.0,1.0,1.0,1.0,1.0,0.0562500000000008,0.8000000000000002,1.1102230246251565e-16,0.0,1.0,1,-0.009553882217733189,0.027220195019617678,0.8198212891817093,0.005808764352696017,1.2170844852924347,1.1445273071527482,0.21570113934576512,0.058325650958934896,9.598829768340373e-05,8057.905418634415
363,371712,816451.1603011042,1.0,1.0,1.0,1.0,1.0,1.0,0.037499999999999645,0.8000000000000002,1.1102230246251565e-16,0.0,1.0,1,0.004442677460610866,0.051580809988081455,0.8181789010763169,0.036299341247649865,1.1662496387958527,2.9091288179159163,0.24585052914917468,0.9,9.524150917162852e-05,8080.160782575607
364,372736,508218.10904178023,1.0,1.0,1.0,1.0,1.0,1.0,0.04375000000000018,0.8000000000000002,1.1102230246251565e-16,0.0,1.0,2,-0.00857671160774771,0.02829374922439456,0.816668376326561,-0.008062391356361331,1.244079339504242,1.5257664531469346,0.13998084831982852,0.13508517176729928,9.449631428432138e-05,8101.688039779663
365,373760,486764.7314464748,1.0,1.0,1.0,1.0,1.0,1.0,0.03750000000000009,0.8000000000000002,1.1102230246251565e-16,0.0,1.0,1,-0.005165731231682002,0.029378262255340813,0.815193384885788,0.002010943020286504,1.2690094053745269,1.1915307939052582,0.1923673205077648,0.041719258416554064,9.37527345124927e-05,8123.947637796402
366,374784,837978.9914206937,1.0,1.0,1.0,1.0,1.0,1.0,0.031249999999999778,0.8000000000000002,1.1102230246251565e-16,0.0,1.0,2,-0.004886701586656272,0.050017975829541685,0.8146491080522538,0.0416810805676505,1.393745529651642,2.0773249223828314,0.317221599817276,0.8660673598496842,9.301079130057405e-05,8145.373174905777
367,375808,442586.72490713,1.0,1.0,1.0,1.0,1.0,1.0,0.050000000000000266,0.8000000000000002,1.1102230246251565e-16,0.0,1.0,1,-0.008342134428676217,0.025682742381468414,0.8157012760639191,-0.009624661908310373,1.1729643225669861,1.4558003902435304,0.14882706459611655,0.11699285806734601,9.227050604579923e-05,8167.85024023056
368,376832,816510.3391497433,1.0,1.0,1.0,1.0,1.0,1.0,0.03750000000000009,0.8000000000000002,1.1102230246251565e-16,0.0,1.0,1,-0.004059929959475994,0.055191061645746234,0.8162821501493454,0.025202125182840974,1.159140306711197,1.9515144765377044,0.20259457342326642,0.5245998875226712,9.15319000975878e-05,8189.560434103012
369,377856,508315.9537512008,1.0,1.0,1.0,1.0,1.0,1.0,0.028125000000000178,0.8000000000000002,1.1102230246251565e-16,0.0,1.0,2,-0.0009051987086422742,0.023535473365336658,0.816280311346054,-0.007349485190934502,1.1308272063732148,1.5154778808355331,0.16652449648827314,0.07873962879456212,9.079499475692871e-05,8211.613551616669
370,378880,442643.01562764496,1.0,1.0,1.0,1.0,1.0,1.0,0.03750000000000009,0.8000000000000002,1.1102230246251565e-16,0.0,1.0,1,-0.00644765435718,0.02899374016560614,0.8172860980033875,0.0058267015730962156,1.2125548183918,1.1350024342536926,0.11986626088619232,0.027019652188708033,9.005981127576663e-05,8234.92951965332
371,379904,882127.7772481441,1.0,1.0,1.0,1.0,1.0,1.0,0.034375000000000044,0.8000000000000002,1.1102230246251565e-16,0.0,1.0,2,-0.010595123516395688,0.05219008158892393,0.818551304936409,0.027037768391892314,1.173963725566864,1.4160324484109879,0.34679497554898264,0.1495765726960332,8.932637085638846e-05,8257.214312076569
372,380928,442468.5093076974,1.0,1.0,1.0,1.0,1.0,1.0,0.03750000000000009,0.8000000000000002,1.1102230246251565e-16,0.0,1.0,1,-0.008593559823930263,0.025056926487013697,0.8192074060440063,0.0012351149170171994,1.3846448421478272,0.9874216437339782,0.155648279376328,0.046194734830835756,8.859469465081243e-05,8280.828644037247
373,381952,816539.1555159539,1.0,1.0,1.0,1.0,1.0,1.0,0.02499999999999991,0.8000000000000002,1.1102230246251565e-16,0.0,1.0,1,0.0033660012530162932,0.046347599290311334,0.8194641649723053,0.04007982477778569,1.2378937125205993,1.988549041748047,0.17177986297756434,0.9,8.786480376017762e-05,8304.071163892746
374,382976,508282.1745918719,1.0,1.0,1.0,1.0,1.0,1.0,0.034375000000000044,0.8000000000000002,1.1102230246251565e-16,0.0,1.0,2,-0.006813367665745318,0.02058531790971756,0.8198719650506974,-0.007132676866604015,1.19463449716568,1.7242766052484513,0.16220006719231606,0.1500946352969992,8.71367192341356e-05,8326.023263216019
375,384000,442621.0882912278,1.0,1.0,1.0,1.0,1.0,1.0,0.03750000000000009,0.8000000000000002,1.1102230246251565e-16,0.0,1.0,1,-0.007464512367732823,0.024887357698753478,0.8201409667730332,-0.0021887532187975013,1.2142177522182465,1.773658487200737,0.1171904444694519,0.030903154382632643,8.641046207024362e-05,8349.42966556549
376,385024,816043.014393568,1.0,1.0,1.0,1.0,1.0,1.0,0.03750000000000009,0.8000000000000002,1.1102230246251565e-16,0.0,1.0,1,0.012004722008714452,0.05082604438066483,0.8185830652713776,0.05067359654640313,1.3059542000293731,5.141060629487038,0.2706067606806755,1.0,8.568605321335849e-05,8371.664808750153
377,386048,508314.14247717895,1.0,1.0,1.0,1.0,1.0,1.0,0.043749999999999956,0.8000000000000002,1.1102230246251565e-16,0.0,1.0,2,-0.009365413011983037,0.02364861792884767,0.8170143842697144,-0.012784297083271667,1.1867457985877992,1.463112649321556,0.15978028383105994,0.12157665459056936,8.496351355503314e-05,8394.148163557053
378,387072,442600.0760283768,1.0,1.0,1.0,1.0,1.0,1.0,0.04375000000000018,0.8000000000000002,1.1102230246251565e-16,0.0,1.0,1,-0.007088796864263713,0.025881575932726265,0.8158202916383743,-0.010503412171965465,1.1784005463123322,1.8350467562675477,0.17416891902685167,0.01824800363140075,8.424286393291361e-05,8415.563158512115
379,388096,816062.7116223574,1.0,1.0,1.0,1.0,1.0,1.0,0.050000000000000266,0.8000000000000002,1.1102230246251565e-16,0.0,1.0,1,-0.002918613934889436,0.04867365276440978,0.8152083307504654,0.04397170946467668,1.3117738366127014,2.7758684903383255,0.19712480828166007,1.0,8.352412513013856e-05,8438.419361829758
380,389120,508500.2982118279,1.0,1.0,1.0,1.0,1.0,1.0,0.03125000000000022,0.8000000000000002,1.1102230246251565e-16,0.0,1.0,2,-0.01007937251124531,0.02650364995934069,0.8149266421794892,-0.009027979003440123,1.114260494709015,1.5682397335767746,0.09849603176116943,0.12157665459056936,8.280731787473942e-05,8463.385052919388
381,390144,750609.0812701583,1.0,1.0,1.0,1.0,1.0,1.0,0.03125,0.8000000000000002,1.1102230246251565e-16,0.0,1.0,1,-0.0063486492028459905,0.04514286974444985,0.8148745417594909,0.021187951066531242,1.150197947025299,1.7912935495376587,0.14347117589786648,0.19625536238526037,8.209246283904313e-05,8486.816707849503
382,391168,574014.897789225,1.0,1.0,1.0,1.0,1.0,1.0,0.04687499999999978,0.8000000000000002,1.1102230246251565e-16,0.0,1.0,2,-0.004432762553915381,0.03151911525055766,0.8142195582389832,0.003889122704276815,1.1984196543693542,2.5861620038747786,0.1566464027389884,0.09238051838396631,8.137958063907543e-05,8509.681922912598
383,392192,442573.78177422285,1.0,1.0,1.0,1.0,1.0,1.0,0.031250000000000444,0.8000000000000002,1.1102230246251565e-16,0.0,1.0,1,-0.009009611024521292,0.026076705614104866,0.812708780169487,0.004430687235435471,1.1592439651489257,1.0595271080732345,0.11680917795747518,0.0234818882883523,8.06686918339668e-05,8533.469735860825
384,393216,816421.335322991,1.0,1.0,1.0,1.0,1.0,1.0,0.03750000000000009,0.8000000000000002,1.1102230246251565e-16,0.0,1.0,1,0.011535350373014808,0.05380887817591429,0.8111625999212265,0.05507500658277422,1.1300852477550507,3.2706967309117316,0.16973955277353525,1.0,7.995981692535909e-05,8556.659397602081
385,394240,508170.1343018338,1.0,1.0,1.0,1.0,1.0,1.0,0.028125000000000178,0.8000000000000002,1.1102230246251565e-16,0.0,1.0,2,-0.007857553707435728,0.02887912802398205,0.8104407817125321,0.001394949422683567,1.3138968467712402,1.5729452803730966,0.1518672276288271,0.25418658283290013,7.925297635681462e-05,8578.74739408493
386,395264,442589.60083705187,1.0,1.0,1.0,1.0,1.0,1.0,0.03750000000000053,0.8000000000000002,1.1102230246251565e-16,0.0,1.0,1,-0.009346972941420973,0.029739787988364696,0.808796513080597,-0.006533939941436984,1.2776429653167725,1.104398936033249,0.17649230863898993,0.03433683820292516,7.854819051322653e-05,8600.664439439774
387,396288,882242.8132584877,1.0,1.0,1.0,1.0,1.0,1.0,0.046875,0.8000000000000002,1.1102230246251565e-16,0.0,1.0,2,-0.0012591745471581817,0.05423669908195734,0.8077619820833206,0.038203961856197566,1.1693984866142273,2.0380738377571106,0.18681460171937941,0.38491882659985954,7.784547972023055e-05,8623.063894033432
388,397312,442591.7041772008,1.0,1.0,1.0,1.0,1.0,1.0,0.031250000000000444,0.8000000000000002,1.1102230246251565e-16,0.0,1.0,1,-0.013448373432038353,0.026446978328749537,0.8082547158002853,-0.006632318330230191,1.2180317878723144,0.8928185239434242,0.15105756651610136,0.05777425089745479,7.714486424361941e-05,8645.134725809097
389,398336,750549.2198596057,1.0,1.0,1.0,1.0,1.0,1.0,0.025000000000000355,0.8000000000000002,1.1102230246251565e-16,0.0,1.0,1,-0.0033073282800614836,0.041191279981285335,0.8089249700307846,0.03525649725925177,1.2876131176948546,2.398189537227154,0.15514946095645427,0.31982922574160694,7.644636428875782e-05,8667.260843276978
390,399360,574209.1175842062,1.0,1.0,1.0,1.0,1.0,1.0,0.03749999999999987,0.8000000000000002,1.1102230246251565e-16,0.0,1.0,2,-0.0018792593851685523,0.030615758895874024,0.8084434181451797,0.0023065676388796417,1.5030947625637054,1.3720506131649017,0.14761491697281598,0.07316666818321615,7.575000000000019e-05,8692.542872428894
391,400384,442614.98401995003,1.0,1.0,1.0,1.0,1.0,1.0,0.018749999999999822,0.8000000000000002,1.1102230246251565e-16,0.0,1.0,1,-0.010277894418686628,0.02580376653932035,0.8069186866283417,0.0025244329241104423,1.1851211667060852,1.4436811745166778,0.14771666573360562,0.027896978044140583,7.505579146010932e-05,8715.179907083511
392,401408,816138.6806629002,1.0,1.0,1.0,1.0,1.0,1.0,0.04375000000000018,0.8000000000000002,1.1102230246251565e-16,0.0,1.0,1,0.0017157245893031359,0.056703911535441874,0.8058460146188736,0.0411896906880429,1.257855522632599,3.8286746621131895,0.17770505119115115,0.8686873774661787,7.436375868967762e-05,8737.001416444778
393,402432,508318.3437564522,1.0,1.0,1.0,1.0,1.0,1.0,0.046875,0.8000000000000002,1.1102230246251565e-16,0.0,1.0,2,-0.006748719816096127,0.026223939005285503,0.8055417835712433,-0.0054864578793058175,1.5011446177959442,1.9069333404302597,0.13043073210865258,0.14487257234210307,7.367392164654925e-05,8759.748430490494
394,403456,442504.7833261192,1.0,1.0,1.0,1.0,1.0,1.0,0.04375000000000018,0.8000000000000002,1.1102230246251565e-16,0.0,1.0,1,-0.0037624053773470225,0.026796141313388942,0.8060921937227249,0.0019819721303065306,1.3430424690246583,1.3887677893042565,0.1458159139379859,0.049713296548299236,7.298630022524505e-05,8781.372936487198
395,404480,816167.2334809005,1.0,1.0,1.0,1.0,1.0,1.0,0.050000000000000266,0.8000000000000002,1.1102230246251565e-16,0.0,1.0,1,0.006566541898064315,0.049622349347919224,0.805864441394806,0.04213179813232273,2.748217213153839,3.9371321201324463,0.1220320612192154,0.9,7.230091425638832e-05,8803.42486000061
396,405504,508312.9875497669,1.0,1.0,1.0,1.0,1.0,1.0,0.03750000000000031,0.8000000000000002,1.1102230246251565e-16,0.0,1.0,2,-0.009043455775827169,0.022796441800892353,0.8059086292982102,-0.0072856009393944985,1.1951999247074128,1.2615509927272797,0.13726822882890702,0.10941898913151243,7.16177835061333e-05,8825.035338878632
397,406528,640734.930150196,1.0,1.0,1.0,1.0,1.0,1.0,0.04375000000000018,0.8000000000000002,1.1102230246251565e-16,0.0,1.0,1,-0.005466097488533705,0.03476346703246236,0.805036747455597,0.014207142326631584,1.1349853157997132,1.6519668973982333,0.14707727301865817,0.09538010611923653,7.093692767559497e-05,8847.514300823212
398,407552,684068.7816912383,1.0,1.0,1.0,1.0,1.0,1.0,0.03750000000000009,0.8000000000000002,1.1102230246251565e-16,0.0,1.0,2,-0.012326760520227253,0.034398071467876434,0.8041648954153061,0.01939656448084861,1.2330738484859467,1.3460003912448884,0.15520096980035306,0.171075034044382,7.02583664002807e-05,8869.341577291489
399,408576,442548.16470368207,1.0,1.0,1.0,1.0,1.0,1.0,0.04375000000000018,0.8000000000000002,1.1102230246251565e-16,0.0,1.0,1,-0.009905297588557006,0.02275191145017743,0.8037376821041107,0.007267371679881762,1.1371929883956908,1.72096179574728,0.1330688616260886,0.05965017601064952,6.958211924952442e-05,8892.183708667755
400,409600,816429.598479636,1.0,1.0,1.0,1.0,1.0,1.0,0.025000000000000355,0.8000000000000002,1.1102230246251565e-16,0.0,1.0,1,0.017683012317866086,0.04585467865690589,0.803078579902649,0.0509579474106431,1.1588661432266236,6.796952885389328,0.12416079062968492,1.0,6.89082057259217e-05,8914.14520740509
401,410624,508109.514059484,1.0,1.0,1.0,1.0,1.0,1.0,0.025000000000000355,0.8000000000000002,1.1102230246251565e-16,0.0,1.0,2,-0.00932658079545945,0.02631998653523624,0.8025395184755325,-0.005489935552759562,1.2682405531406402,1.6681002497673034,0.11697930935770273,0.1500946352969992,6.823664526476785e-05,8936.073943376541
402,411648,442470.3127336323,1.0,1.0,1.0,1.0,1.0,1.0,0.04999999999999982,0.8000000000000002,1.1102230246251565e-16,0.0,1.0,1,-0.009811064368113876,0.023469933588057757,0.8010903716087341,-0.001747163530671969,1.215673381090164,1.5434710398316382,0.1158285902813077,0.02781283894436938,6.756745723349689e-05,8959.031582593918
403,412672,816391.903793186,1.0,1.0,1.0,1.0,1.0,1.0,0.03750000000000009,0.8000000000000002,1.1102230246251565e-16,0.0,1.0,1,0.00887013515457511,0.05203296206891537,0.800147858262062,0.04727763660484925,1.3739491283893586,4.084478044509888,0.1922798089683056,0.9,6.690066093112352e-05,8981.81123328209
404,413696,508334.21166212857,1.0,1.0,1.0,1.0,1.0,1.0,0.050000000000000266,0.8000000000000002,1.1102230246251565e-16,0.0,1.0,2,-0.002577941759955138,0.02642685789614916,0.7998792141675949,-0.0056141059816582125,1.1284665644168854,1.9894055336713792,0.1630590906366706,0.12157665459056936,6.623627558768609e-05,9003.957537651062
405,414720,442570.58574560285,1.0,1.0,1.0,1.0,1.0,1.0,0.012499999999999734,0.8000000000000002,1.1102230246251565e-16,0.0,1.0,1,-0.007902561826631427,0.022207724722102286,0.8002154141664505,-0.008877068359288387,1.254946631193161,1.6394535779953003,0.13818894997239112,0.016423203268260675,6.557432036369238e-05,9026.967326402664
406,415744,816129.859446682,1.0,1.0,1.0,1.0,1.0,1.0,0.03125,0.8000000000000002,1.1102230246251565e-16,0.0,1.0,1,-0.0026629415253410114,0.056574849598109725,0.8000984489917755,0.038673359784297645,1.1499339520931244,2.263001024723053,0.3197365261614323,0.7671061729764599,6.491481434956673e-05,9048.61199092865
407,416768,508188.7706819773,1.0,1.0,1.0,1.0,1.0,1.0,0.034375000000000044,0.8000000000000002,1.1102230246251565e-16,0.0,1.0,2,-0.00932927830144763,0.028711701091378928,0.7991410464048385,-0.013975508901057764,1.3137427747249604,1.6371985137462617,0.19605393074452876,0.11513852126697853,6.425777656509968e-05,9070.551128864288
408,417792,464755.87501401454,1.0,1.0,1.0,1.0,1.0,1.0,0.03750000000000009,0.8000000000000002,1.1102230246251565e-16,0.0,1.0,1,-0.005857287789694965,0.026955008041113615,0.7977270394563675,-0.004216743502183817,6.0361683011055,1.494539314508438,0.18352345693856478,0.025922511537304398,6.360322595889948e-05,9093.768811702728
409,418816,860083.4102251604,1.0,1.0,1.0,1.0,1.0,1.0,0.03749999999999987,0.8000000000000002,1.1102230246251565e-16,0.0,1.0,2,-0.0016271190717816353,0.059232615865767,0.7963713377714157,0.04067448633722961,1.2099328637123108,2.8321820378303526,0.1969336647540331,0.6643656179541177,6.295118140784529e-05,9116.702865600586
410,419840,442654.44004666805,1.0,1.0,1.0,1.0,1.0,1.0,0.031250000000000444,0.8000000000000002,1.1102230246251565e-16,0.0,1.0,1,-0.008799707517027855,0.02942905914969742,0.7957919955253601,-0.00927133816148853,1.124965363740921,2.058542349934578,0.14676677696406842,0.08077134925585794,6.230166171654328e-05,9139.531764268875
411,420864,816426.2152127922,1.0,1.0,1.0,1.0,1.0,1.0,0.050000000000000266,0.8000000000000002,1.1102230246251565e-16,0.0,1.0,1,-0.0020894143264740704,0.05091222831979394,0.7956344008445739,0.03102352030109614,1.2091114461421966,3.165173476934433,0.12291292659938335,0.8280325351057563,6.165468561678388e-05,9162.927969455719
412,421888,508065.57100850926,1.0,1.0,1.0,1.0,1.0,1.0,0.03750000000000009,0.8000000000000002,1.1102230246251565e-16,0.0,1.0,2,-0.012658760871272535,0.027641215547919273,0.7951096147298813,-0.009167636802885681,1.507683026790619,1.3528995662927628,0.1574272783473134,0.12428324137074817,6.101027176700173e-05,9185.38128733635
413,422912,442579.83407739364,1.0,1.0,1.0,1.0,1.0,1.0,0.01874999999999938,0.8000000000000002,1.1102230246251565e-16,0.0,1.0,1,-0.010170278453733772,0.024746952531859278,0.7936113953590394,-0.00310511483985465,1.2790716886520386,1.3348002851009368,0.14077431336045265,0.018654247787071365,6.0368438751737756e-05,9207.323900461197
414,423936,816332.657938458,1.0,1.0,1.0,1.0,1.0,1.0,0.04375000000000018,0.8000000000000002,1.1102230246251565e-16,0.0,1.0,1,0.0016957317478954793,0.05354006178677082,0.7921325832605361,0.040330369188450274,1.1690149009227753,2.789683756232262,0.21480468958616256,1.0,5.972920508110289e-05,9229.989272356033
415,424960,508218.5849419534,1.0,1.0,1.0,1.0,1.0,1.0,0.03125000000000022,0.8000000000000002,1.1102230246251565e-16,0.0,1.0,2,-0.012027324992232025,0.024145786184817553,0.7915183782577515,-0.006504185305675492,1.1772411227226258,1.6919213384389877,0.15030149444937707,0.1500946352969992,5.909258919024437e-05,9253.088207960129
416,425984,442591.10614325106,1.0,1.0,1.0,1.0,1.0,1.0,0.04999999999999982,0.8000000000000002,1.1102230246251565e-16,0.0,1.0,1,-0.00961591326049529,0.027199816703796387,0.7906179785728454,0.00014469034504145385,1.1414236068725585,1.3584414929151536,0.1823864107951522,0.03433683820292516,5.8458609438814235e-05,9276.358587741852
417,427008,882169.488170892,1.0,1.0,1.0,1.0,1.0,1.0,0.03750000000000031,0.8000000000000002,1.1102230246251565e-16,0.0,1.0,2,0.018096942023839803,0.05364899095147848,0.7895557850599288,0.04581448594108224,1.3374083459377288,3.76874982714653,0.2782491877675056,0.9,5.782728411043972e-05,9299.110654830933
418,428032,442453.2204655409,1.0,1.0,1.0,1.0,1.0,1.0,0.03750000000000009,0.8000000000000002,1.1102230246251565e-16,0.0,1.0,1,-0.006480027781799435,0.026986033329740165,0.788879132270813,-0.006154746591346338,1.1731379985809327,1.5150624118745326,0.11705314898863435,0.1500946352969992,5.7198631412195766e-05,9321.311970472336
419,429056,750670.122912541,1.0,1.0,1.0,1.0,1.0,1.0,0.04999999999999982,0.8000000000000002,1.1102230246251565e-16,0.0,1.0,1,-0.006126706075156108,0.04296919135376811,0.7880919575691223,0.019783441655454224,1.1107941567897797,1.9482105016708373,0.16617530286312104,0.2649447392201014,5.657266947408036e-05,9342.701307296753
420,430080,574067.197428368,1.0,1.0,1.0,1.0,1.0,1.0,0.04062500000000013,0.8000000000000002,1.1102230246251565e-16,0.0,1.0,2,-0.007555204071104526,0.026490663178265095,0.7868240535259247,0.004141125327441842,1.1493394136428834,1.7319591045379639,0.11435440871864558,0.0748282198910127,5.594941634849126e-05,9364.865645647049
421,431104,442586.3777986169,1.0,1.0,1.0,1.0,1.0,1.0,0.04999999999999982,0.8000000000000002,1.1102230246251565e-16,0.0,1.0,1,-0.007422454189509153,0.02955604428425431,0.785975706577301,0.003625945226303884,1.1990058541297912,1.5270315766334535,0.14545667693018913,0.038516167264969856,5.5328890009705735e-05,9386.859102487564
422,432128,816324.6498616338,1.0,1.0,1.0,1.0,1.0,1.0,0.03125,0.8000000000000002,1.1102230246251565e-16,0.0,1.0,1,0.005431094532832503,0.056074286624789235,0.7859948873519897,0.04172004070132971,6.349242603778839,3.4679593473672865,0.22798081524670125,1.0,5.471110835336183e-05,9408.71439909935
423,433152,508176.8193283677,1.0,1.0,1.0,1.0,1.0,1.0,0.043749999999999956,0.8000000000000002,1.1102230246251565e-16,0.0,1.0,2,-0.01051977090537548,0.024385462794452906,0.7857360303401947,-0.007931573665700853,1.2113001644611359,1.901934939622879,0.12482640165835619,0.1500946352969992,5.409608919594267e-05,9431.026696443558
424,434176,442530.00034557655,1.0,1.0,1.0,1.0,1.0,1.0,0.050000000000000266,0.8000000000000002,1.1102230246251565e-16,0.0,1.0,1,-0.009100323845632374,0.024590526707470417,0.7850789219141007,-0.0021981132391374557,1.163474476337433,1.4194646671414375,0.1633947491645813,0.020275559590445278,5.348385027426223e-05,9453.102249383926
425,435200,816238.0359243155,1.0,1.0,1.0,1.0,1.0,1.0,0.031250000000000444,0.8000000000000002,1.1102230246251565e-16,0.0,1.0,1,-0.009819306852295994,0.04550912668928504,0.7842186450958252,0.029259754420490936,1.2144492030143739,2.072893688082695,0.18754673060029745,0.306842469190584,5.28744092449542e-05,9475.18784236908
426,436224,508226.5055322051,1.0,1.0,1.0,1.0,1.0,1.0,0.04062500000000013,0.8000000000000002,1.1102230246251565e-16,0.0,1.0,2,-0.009059563581831753,0.026193027943372728,0.7834283262491226,-0.0026737964115454817,1.4002528369426728,1.8498784869909286,0.14498787550255657,0.07019571484040756,5.226778368396241e-05,9497.192559480667
427,437248,442721.62498421967,1.0,1.0,1.0,1.0,1.0,1.0,0.03125,0.8000000000000002,1.1102230246251565e-16,0.0,1.0,1,-0.008552481944207102,0.022225236287340522,0.7827361524105072,0.00884138903929852,1.5679403960704803,1.3442848712205886,0.12929811794310808,0.026764213327193826,5.1663991086034276e-05,9520.086774110794
428,438272,882043.9140234366,1.0,1.0,1.0,1.0,1.0,1.0,0.04687500000000022,0.8000000000000002,1.1102230246251565e-16,0.0,1.0,2,-0.002633072005119175,0.047519042156636715,0.7822343230247497,0.041404445306397974,1.1252104461193084,1.8413479626178741,0.14961292631924153,0.4115625085305908,5.106304886421611e-05,9542.674507141113
429,439296,442485.18400485814,1.0,1.0,1.0,1.0,1.0,1.0,0.04375000000000018,0.8000000000000002,1.1102230246251565e-16,0.0,1.0,1,-0.010844079114031046,0.02538802083581686,0.7815660148859024,-0.006151592510286718,1.2836596548557282,1.0585752964019775,0.10603919578716159,0.07626336372816932,5.0464974349350825e-05,9564.123843431473
430,440320,684611.1760030836,1.0,1.0,1.0,1.0,1.0,1.0,0.031250000000000444,0.8000000000000002,1.1102230246251565e-16,0.0,1.0,1,-0.006213369139004499,0.03886618874967098,0.7823218286037446,0.02405177167383954,1.1970123291015624,1.4583341673016548,0.11838519778102637,0.25330923926913773,4.986978478957841e-05,9585.19961977005
431,441344,639998.8261170685,1.0,1.0,1.0,1.0,1.0,1.0,0.03750000000000009,0.8000000000000002,1.1102230246251565e-16,0.0,1.0,2,-0.0063061466673389075,0.03271065233275294,0.7827140897512436,0.014610389503650368,1.1802996039390563,2.075934001803398,0.14768835976719857,0.2208086760282016,4.9277497349838135e-05,9606.868589639664
432,442368,442604.49182510376,1.0,1.0,1.0,1.0,1.0,1.0,0.04375000000000018,0.8000000000000002,1.1102230246251565e-16,0.0,1.0,1,-0.006792412092909217,0.023462620005011557,0.782573813199997,0.001819733006414026,1.2309648156166078,2.1796389520168304,0.12275167992338538,0.04546254828376702,4.868812911137397e-05,9628.787053108215
433,443392,816388.6532931179,1.0,1.0,1.0,1.0,1.0,1.0,0.02499999999999991,0.8000000000000002,1.1102230246251565e-16,0.0,1.0,1,0.011015706462785602,0.0487259385176003,0.7823039442300797,0.04568893807008863,1.1256723403930664,4.040833303332329,0.14744310211390257,1.0,4.8101697071241494e-05,9650.582872152328
434,444416,508216.830020044,1.0,1.0,1.0,1.0,1.0,1.0,0.034375000000000044,0.8000000000000002,1.1102230246251565e-16,0.0,1.0,2,-0.01220933860167861,0.02620279954280704,0.782120406627655,-0.0024722629110328852,1.3520275235176087,1.6082792699337005,0.1330853526480496,0.16677181699666577,4.7518218141818114e-05,9671.47857952118
435,445440,442717.5506848991,1.0,1.0,1.0,1.0,1.0,1.0,0.03125,0.8000000000000002,1.1102230246251565e-16,0.0,1.0,1,-0.005811268766410649,0.025489492155611516,0.7814521044492722,0.0015522046975092962,1.1744732320308686,1.63659675270319,0.1027141047641635,0.051505257304387736,4.6937709150315017e-05,9693.914205789566
436,446464,882035.0500767231,1.0,1.0,1.0,1.0,1.0,1.0,0.03749999999999987,0.8000000000000002,1.1102230246251565e-16,0.0,1.0,2,0.00528351585380733,0.04123756280168891,0.7797507822513581,0.042979248752817514,1.1634170293807984,2.153020966053009,0.19086381699889898,1.0,4.636018683829215e-05,9715.322546720505
437,447488,442502.8234206438,1.0,1.0,1.0,1.0,1.0,1.0,0.04375000000000018,0.8000000000000002,1.1102230246251565e-16,0.0,1.0,1,-0.009213791484944523,0.02410581666044891,0.7783039331436157,-0.004585872155439574,1.1344316899776459,1.798199039697647,0.1866227112710476,0.1500946352969992,4.5785667861175105e-05,9737.25024986267
438,448512,750617.2554191891,1.0,1.0,1.0,1.0,1.0,1.0,0.03750000000000009,0.8000000000000002,1.1102230246251565e-16,0.0,1.0,1,-0.0020942419767379762,0.05176018550992012,0.7770334482192993,0.02212844481691718,1.170234739780426,1.346197208762169,0.19651096798479556,0.4038176180766673,4.521416878777508e-05,9761.12173986435
439,449536,574040.3325644061,1.0,1.0,1.0,1.0,1.0,1.0,0.04062500000000013,0.8000000000000002,1.1102230246251565e-16,0.0,1.0,2,-0.008779113390482962,0.02974687023088336,0.7761598646640777,0.0022505485598230735,1.1945446610450745,1.7287404179573058,0.17876655403524638,0.0748282198910127,4.464570609981094e-05,9782.303611516953
440,450560,442513.2021971792,1.0,1.0,1.0,1.0,1.0,1.0,0.043749999999999734,0.8000000000000002,1.1102230246251565e-16,0.0,1.0,1,-0.009196955477818847,0.027543297642841934,0.7756972223520279,0.004830493917688727,1.1141436636447906,1.0767409265041352,0.13400397598743438,0.04755082378391339,4.4080296191433676e-05,9804.223881483078
441,451584,816465.495391095,1.0,1.0,1.0,1.0,1.0,1.0,0.03125,0.8000000000000002,1.1102230246251565e-16,0.0,1.0,1,-0.0013034305535256862,0.060629166662693024,0.7762723654508591,0.03736224847380072,1.1532727479934692,1.731206089258194,0.2589090034365654,0.6580848266288206,4.351795536875403e-05,9825.200919628143
442,452608,508119.2608467862,1.0,1.0,1.0,1.0,1.0,1.0,0.04687500000000022,0.8000000000000002,1.1102230246251565e-16,0.0,1.0,2,-0.007862531766295432,0.027441300544887783,0.7767499953508377,0.0003758599079446867,2.6171583950519564,1.2101318746805192,0.0977853773161769,0.12194444697202683,4.295869984937176e-05,9846.022166013718
443,453632,442645.979386691,1.0,1.0,1.0,1.0,1.0,1.0,0.031249999999999556,0.8000000000000002,1.1102230246251565e-16,0.0,1.0,1,-0.009834609215613455,0.024592513823881744,0.7760609656572341,0.005268931819591672,1.1380557894706727,1.3894946187734605,0.11055950820446014,0.03444071363474143,4.24025457619084e-05,9867.873585939407
444,454656,816245.0068836026,1.0,1.0,1.0,1.0,1.0,1.0,0.03750000000000009,0.8000000000000002,1.1102230246251565e-16,0.0,1.0,1,0.005599029851146043,0.05034104529768228,0.7754123926162719,0.047418294931412676,1.4614062786102295,2.3072719871997833,0.17799849286675454,0.9,4.184950914554173e-05,9889.121713399887
445,455680,508215.5261041522,1.0,1.0,1.0,1.0,1.0,1.0,0.043749999999999956,0.8000000000000002,1.1102230246251565e-16,0.0,1.0,2,-0.009357615001499653,0.021155683603137732,0.7753350794315338,-0.0008343482302734628,1.2701026618480682,1.699865886569023,0.11821993701159954,0.16677181699666577,4.1299605949543504e-05,9909.902482509613
446,456704,486751.9170934707,1.0,1.0,1.0,1.0,1.0,1.0,0.03750000000000009,0.8000000000000002,1.1102230246251565e-16,0.0,1.0,1,-0.006948226083477493,0.029570690449327232,0.7752785205841064,-0.0011199196480447427,1.2497171700000762,1.5693056613206864,0.11669330019503832,0.02781283894436938,4.075285203281922e-05,9932.198076248169
447,457728,771995.339281559,1.0,1.0,1.0,1.0,1.0,1.0,0.031249999999999556,0.8000000000000002,1.1102230246251565e-16,0.0,1.0,1,-0.005924876825883984,0.04654475785791874,0.7748739868402481,0.03875933398958296,1.2007505238056182,2.319252687692642,0.127917967364192,0.7015145614782441,4.0209263163451054e-05,9953.974071025848
448,458752,508430.07728903927,1.0,1.0,1.0,1.0,1.0,1.0,0.04062499999999991,0.8000000000000002,1.1102230246251565e-16,0.0,1.0,2,-0.011197442846605555,0.02308657127432525,0.7746460944414139,-0.004206950357183814,1.1403689742088319,1.2765056863427162,0.12463612537831067,0.11699285806734595,3.96688550182428e-05,9976.945505619049
449,459776,574625.8204763234,1.0,1.0,1.0,1.0,1.0,1.0,0.02499999999999991,0.8000000000000002,1.1102230246251565e-16,0.0,1.0,1,-0.002435791725292802,0.03274851320311427,0.7745882779359817,0.01918543159699766,1.0914343178272248,1.5030123233795165,0.12201637849211693,0.38243331800402713,3.913164318226805e-05,9998.607570171356
450,460800,750056.5674779117,1.0,1.0,1.0,1.0,1.0,1.0,0.03750000000000009,0.8000000000000002,1.1102230246251565e-16,0.0,1.0,2,-0.004621575283817947,0.04428955186158419,0.7743132054805756,0.0015554158191662282,1.198402512073517,2.153267961740494,0.186224003136158,0.10801046473876827,3.8597643148420476e-05,10020.599909543991
451,461824,442674.66546452045,1.0,1.0,1.0,1.0,1.0,1.0,0.03125,0.8000000000000002,1.1102230246251565e-16,0.0,1.0,1,-0.008105625619646162,0.019594855047762393,0.7731510043144226,-0.0033079154105507768,1.1230300664901733,1.012746599316597,0.10399515554308891,0.014590612181902333,3.8066870316967296e-05,10042.467539310455
452,462848,816393.4053106159,1.0,1.0,1.0,1.0,1.0,1.0,0.03750000000000009,0.8000000000000002,1.1102230246251565e-16,0.0,1.0,1,-0.01238140155619476,0.04684229791164398,0.7715864181518555,0.04188514966517687,1.1201898276805877,1.866766741871834,0.16920162905007602,0.373941431740083,3.753933999510483e-05,10064.059848546982
453,463872,508295.8662925586,1.0,1.0,1.0,1.0,1.0,1.0,0.03750000000000031,0.8000000000000002,1.1102230246251565e-16,0.0,1.0,2,-0.006610574806109071,0.029594732029363514,0.7710169732570649,6.804496515542269e-05,1.2187292277812958,1.5525574505329132,0.21687710490077733,0.09505089471365386,3.7015067396517245e-05,10085.944799423218
454,464896,442597.03518751264,1.0,1.0,1.0,1.0,1.0,1.0,0.031250000000000444,0.8000000000000002,1.1102230246251565e-16,0.0,1.0,1,-0.011378473683726043,0.024831634806469084,0.7712293833494186,-7.748041534796357e-05,1.1231489658355713,1.3514293387532235,0.14946254808455706,0.03962952604638707,3.649406764093788e-05,10108.689890146255
455,465920,816103.8892821074,1.0,1.0,1.0,1.0,1.0,1.0,0.03750000000000009,0.8000000000000002,1.1102230246251565e-16,0.0,1.0,1,-0.0005934849614277482,0.050890371575951575,0.7710650473833084,0.04663134396541864,1.1653897225856782,2.2017521381378176,0.19577360432595015,1.0,3.5976355753712895e-05,10130.44537615776
456,466944,508093.5364769548,1.0,1.0,1.0,1.0,1.0,1.0,0.03437499999999982,0.8000000000000002,1.1102230246251565e-16,0.0,1.0,2,-0.011260184558341279,0.030417735874652862,0.7707873433828354,-0.0004751497469442256,1.144019740819931,1.5613852471113205,0.16297948807477952,0.1853020188851842,3.546194666536833e-05,10152.851137399673
457,467968,442612.4115356505,1.0,1.0,1.0,1.0,1.0,1.0,0.018750000000000266,0.8000000000000002,1.1102230246251565e-16,0.0,1.0,1,-0.007497282477561385,0.026169444993138315,0.7709689050912857,0.0008650568372104317,1.1506625771522523,1.5645408540964127,0.09686456630006432,0.042391158275216244,3.495085521117912e-05,10175.325629234314
458,468992,816301.4811713696,1.0,1.0,1.0,1.0,1.0,1.0,0.04375000000000018,0.8000000000000002,1.1102230246251565e-16,0.0,1.0,1,-0.007256108359433711,0.043564068246632816,0.7703053802251816,0.03579958571572206,1.2376654624938965,1.768588551878929,0.2028636610135436,0.7128126418515919,3.4443096130741675e-05,10197.566956281662
459,470016,508142.2711224109,1.0,1.0,1.0,1.0,1.0,1.0,0.034375000000000266,0.8000000000000002,1.1102230246251565e-16,0.0,1.0,2,-0.009776656492613256,0.024895941792055964,0.7700391113758087,-2.165045589208603e-05,1.250096619129181,1.9546561807394027,0.12725902423262597,0.1467618018022019,3.3938684067548354e-05,10220.228853940964
460,471040,442576.0665486455,1.0,1.0,1.0,1.0,1.0,1.0,0.05624999999999991,0.8000000000000002,1.1102230246251565e-16,0.0,1.0,1,-0.01009755814447999,0.026199271949008108,0.7699748784303665,0.008614618075080216,1.2229122996330262,1.3895352184772491,0.17927019856870174,0.09326220222625266,3.343763356856557e-05,10242.80228471756
461,472064,816242.9132843465,1.0,1.0,1.0,1.0,1.0,1.0,0.05000000000000071,0.8000000000000002,1.1102230246251565e-16,0.0,1.0,1,0.008786705951206387,0.05539366649463773,0.7698633462190628,0.03954241108731367,1.1960164248943328,2.533080208301544,0.19530039355158807,1.0,3.2939959083814e-05,10265.003698587418
462,473088,508244.8394828979,1.0,1.0,1.0,1.0,1.0,1.0,0.025000000000000133,0.8000000000000002,1.1102230246251565e-16,0.0,1.0,2,-0.005964211607351899,0.025387388281524183,0.7697842568159103,-0.0013788730459054932,1.1810169875621797,1.8149848327040672,0.15894830990582703,0.1853020188851842,3.244567496595187e-05,10286.380565166473
463,474112,486769.7456467673,1.0,1.0,1.0,1.0,1.0,1.0,0.018749999999999822,0.8000000000000002,1.1102230246251565e-16,0.0,1.0,1,-0.004360252898186446,0.028437430690973996,0.769848906993866,0.0037661782989744097,1.2592020213603974,1.8942025870084762,0.12924489695578814,0.04710128697246249,3.195479546986121e-05,10308.159912586212
464,475136,837979.7334649712,1.0,1.0,1.0,1.0,1.0,1.0,0.03125,0.8000000000000002,1.1102230246251565e-16,0.0,1.0,2,-0.0011420427588745951,0.04716696599498391,0.7696029603481293,0.0349401844170643,1.1975087821483612,2.6344719171524047,0.18040396980941295,1.0,3.146733475223652e-05,10329.958850383759
465,476160,442493.78903494775,1.0,1.0,1.0,1.0,1.0,1.0,0.03750000000000009,0.8000000000000002,1.1102230246251565e-16,0.0,1.0,1,-0.011241001868620515,0.028254007548093797,0.7690682202577591,-0.005356532300356776,1.337220698595047,1.5318830013275146,0.11814057696610689,0.16677181699666577,3.098330687117669e-05,10352.953095674515
466,477184,816664.4681472257,1.0,1.0,1.0,1.0,1.0,1.0,0.043749999999999734,0.8000000000000002,1.1102230246251565e-16,0.0,1.0,1,-0.004067246365593746,0.053997351229190825,0.7683076828718185,0.017923479550518095,1.2153932452201843,1.518218258023262,0.17202900722622871,0.19941610769218143,3.05027257857794e-05,10375.242319583893
467,478208,508083.12171432376,1.0,1.0,1.0,1.0,1.0,1.0,0.050000000000000266,0.8000000000000002,1.1102230246251565e-16,0.0,1.0,2,-0.009144539758563042,0.025748469168320298,0.7674112796783448,0.0026965939439833166,1.1283374428749084,2.3257165282964705,0.11122362986207009,0.045620009078501896,3.0025605355738808e-05,10397.928258657455
468,479232,442522.67869725823,1.0,1.0,1.0,1.0,1.0,1.0,0.03750000000000009,0.8000000000000002,1.1102230246251565e-16,0.0,1.0,1,-0.010460082488134504,0.025801028357818723,0.7667180866003036,0.0018145201604056638,1.1335437417030334,1.0566745072603225,0.1153305284678936,0.01043639479482325,2.9551959340945454e-05,10420.892988443375
469,480256,816368.8181997687,1.0,1.0,1.0,1.0,1.0,1.0,0.050000000000000266,0.8000000000000002,1.1102230246251565e-16,0.0,1.0,1,-0.0012998888967558741,0.049739943072199824,0.7662040889263153,0.04415198604983743,1.1415968835353851,2.82041372358799,0.1323988726362586,1.0,2.908180140108986e-05,10442.902378559113
470,481280,508280.6205929071,1.0,1.0,1.0,1.0,1.0,1.0,0.034375000000000044,0.8000000000000002,1.1102230246251565e-16,0.0,1.0,2,-0.008874821453355252,0.021443925239145754,0.7661117017269135,0.0006789421138819307,1.25698122382164,2.1872633516788484,0.1606971390545368,0.2058911320946491,2.861514509526821e-05,10464.928017139435
471,482304,486656.42916473746,1.0,1.0,1.0,1.0,1.0,1.0,0.04375000000000018,0.8000000000000002,1.1102230246251565e-16,0.0,1.0,1,-0.007952171843498945,0.028278325172141194,0.765866756439209,0.01026304039896786,1.3506446421146392,1.2570125624537467,0.13385508600622414,0.3270922706421006,2.8152003881591613e-05,10487.157809495926
472,483328,838019.9457340986,1.0,1.0,1.0,1.0,1.0,1.0,0.043749999999999956,0.8000000000000002,1.1102230246251565e-16,0.0,1.0,2,0.023199863405898212,0.04102685572579503,0.7661559700965881,0.03697623776388355,1.4493694007396698,4.240728962421417,0.16659253519028425,1.0,2.7692391116797862e-05,10508.972944498062
473,484352,442574.0904712789,1.0,1.0,1.0,1.0,1.0,1.0,0.02499999999999991,0.8000000000000002,1.1102230246251565e-16,0.0,1.0,1,-0.012604351621121168,0.023969368357211352,0.7660457104444504,-0.003720418462762609,1.1407795011997224,1.529245801270008,0.12770036282017827,0.12157665459056936,2.7236320055866116e-05,10531.38305425644
474,485376,816546.43239896,1.0,1.0,1.0,1.0,1.0,1.0,0.04999999999999982,0.8000000000000002,1.1102230246251565e-16,0.0,1.0,1,-0.005181897943839431,0.04047493394464254,0.7655881106853485,0.024250165550620296,1.112993550300598,1.950340947508812,0.17796559799462558,0.545153784403501,2.678380385163484e-05,10553.704183101654
475,486400,508042.91829588264,1.0,1.0,1.0,1.0,1.0,1.0,0.02499999999999991,0.8000000000000002,1.1102230246251565e-16,0.0,1.0,2,-0.008213468873873354,0.02182644479908049,0.7653397113084793,0.0016943825408816337,1.1814494788646699,1.672291485965252,0.16770781446248292,0.20785616636392423,2.6334855554422337e-05,10575.525725841522
476,487424,442610.0452596396,1.0,1.0,1.0,1.0,1.0,1.0,0.04375000000000018,0.8000000000000002,1.1102230246251565e-16,0.0,1.0,1,-0.005240438447799534,0.02005092743784189,0.7653309851884842,-0.0013461575552355498,1.1683538019657136,1.2962693452835083,0.1462882189080119,0.04279574140552207,2.5889488111650466e-05,10598.477337360382
477,488448,816307.9952997565,1.0,1.0,1.0,1.0,1.0,1.0,0.04375000000000018,0.8000000000000002,1.1102230246251565e-16,0.0,1.0,1,-0.0029033751925453544,0.05539020467549562,0.7649275332689285,0.03565020714886487,1.087770164012909,2.4282342970371245,0.22124596647918224,0.9,2.544771436747118e-05,10619.249996900558
478,489472,508187.8671827223,1.0,1.0,1.0,1.0,1.0,1.0,0.04062499999999991,0.8000000000000002,1.1102230246251565e-16,0.0,1.0,2,-0.010368970455601811,0.026297149108722807,0.7646966218948364,0.0016118188679683954,1.138580060005188,1.5643085345625878,0.12504704277962447,0.16677181699666577,2.5009547062396198e-05,10640.961286306381
479,490496,442615.0164232403,1.0,1.0,1.0,1.0,1.0,1.0,0.02499999999999991,0.8000000000000002,1.1102230246251565e-16,0.0,1.0,1,-0.0062840155616868286,0.0241982642095536,0.7643571764230728,-0.0024420751871730316,1.2078742563724518,1.6769288629293442,0.16024342142045497,0.030903154382632643,2.4574998832929434e-05,10663.004307985306
480,491520,816142.9850039184,1.0,1.0,1.0,1.0,1.0,1.0,0.04375000000000018,0.8000000000000002,1.1102230246251565e-16,0.0,1.0,1,-0.0019121149554848671,0.054977812059223655,0.7638919055461884,0.03624018733389676,1.182313197851181,1.7167269378900527,0.23571559190750122,0.962297066499649,2.414408221120278e-05,10685.290195703506
481,492544,508464.006111484,1.0,1.0,1.0,1.0,1.0,1.0,0.04375000000000018,0.8000000000000002,1.1102230246251565e-16,0.0,1.0,2,-0.011061625834554435,0.025414390803780405,0.7635261118412018,-0.0034312932897591964,1.250158393383026,1.5139597237110138,0.09789418336004019,0.16048403027070782,2.371680962461439e-05,10706.853724241257
482,493568,816658.8336206079,1.0,1.0,1.0,1.0,1.0,1.0,0.04375000000000018,0.8000000000000002,1.1102230246251565e-16,0.0,1.0,1,-0.00865332460962236,0.0538896705955267,0.7630753606557846,0.017959083276218736,1.3967178761959076,1.3744929790496827,0.20898184161633254,0.2590616728507018,2.32931933954706e-05,10728.928793430328
483,494592,507901.4404017301,1.0,1.0,1.0,1.0,1.0,1.0,0.043749999999999956,0.8000000000000002,1.1102230246251565e-16,0.0,1.0,2,-0.008677339879795909,0.027878477331250907,0.762879592180252,0.010259336652234196,1.173582923412323,2.3142717361450194,0.16185237411409617,0.1354938299689189,2.287324574063037e-05,10752.11140036583
484,495616,442627.8239220679,1.0,1.0,1.0,1.0,1.0,1.0,0.043749999999999734,0.8000000000000002,1.1102230246251565e-16,0.0,1.0,1,-0.0066893517636344765,0.027286104019731285,0.7625905722379684,-0.003928636759519577,1.2036773025989533,1.2418829813599586,0.14907305985689162,0.02510728023972654,2.2456978771152926e-05,10773.600320339203
485,496640,816431.2633595527,1.0,1.0,1.0,1.0,1.0,1.0,0.04375000000000018,0.8000000000000002,1.1102230246251565e-16,0.0,1.0,1,-0.009640867722919211,0.049941042996943,0.7625824868679046,0.04060285354498774,1.2708211541175842,1.30462766289711,0.19386167339980603,0.23164996732431448,2.2044404491948648e-05,10796.586964130402
486,497664,507833.69040830433,1.0,1.0,1.0,1.0,1.0,1.0,0.04687500000000022,0.8000000000000002,1.1102230246251565e-16,0.0,1.0,2,-0.005180288245901466,0.029516877327114343,0.7623200595378876,0.011794120172271504,3.119107311964035,1.4158960059285164,0.1926135528832674,0.16356198224311239,2.1635534801432694e-05,10818.506178379059
487,498688,442647.52826256305,1.0,1.0,1.0,1.0,1.0,1.0,0.04375000000000018,0.8000000000000002,1.1102230246251565e-16,0.0,1.0,1,-0.007041118503548205,0.028473696764558555,0.7620691061019897,0.006345680452068336,2.887998569011688,1.7020587503910065,0.14003658592700957,0.0692921022462537,2.123038149118197e-05,10839.931773662567
488,499712,816488.5615413673,1.0,1.0,1.0,1.0,1.0,1.0,0.050000000000000266,0.8000000000000002,1.1102230246251565e-16,0.0,1.0,1,0.006589892879128456,0.048846254125237465,0.7619724214076996,0.03865681819152087,1.1352582931518556,3.547485288977623,0.19007118996232747,1.0,2.082895624559496e-05,10861.154361009598
489,500736,508058.3006338477,1.0,1.0,1.0,1.0,1.0,1.0,0.018750000000000266,0.8000000000000002,1.1102230246251565e-16,0.0,1.0,2,-0.002289810962975025,0.0273713287897408,0.7618373155593872,0.0013385925005422906,1.0885500311851501,1.6367934763431549,0.1905087608844042,0.25418658283290013,2.04312706415549e-05,10882.837737083435
490,501760,442591.08027940383,1.0,1.0,1.0,1.0,1.0,1.0,0.03750000000000009,0.8000000000000002,1.1102230246251565e-16,0.0,1.0,1,-0.007943290146067738,0.02254041125997901,0.7619084924459457,0.002106588880997151,1.0867906391620636,1.1465976119041443,0.11084058936685323,0.0523347633027361,2.0037336148095746e-05,10904.608191251755
491,502784,816353.6716666371,1.0,1.0,1.0,1.0,1.0,1.0,0.04375000000000018,0.8000000000000002,1.1102230246251565e-16,0.0,1.0,1,0.007546480372548103,0.05159178879112005,0.7619797736406326,0.03994544754532399,1.7146988272666932,2.9365057051181793,0.21781280301511288,0.9,1.9647164126071478e-05,10926.307381629944
492,503808,508086.279055655,1.0,1.0,1.0,1.0,1.0,1.0,0.04375000000000018,0.8000000000000002,1.1102230246251565e-16,0.0,1.0,2,-0.008674156945198774,0.02592799309641123,0.7618497639894486,0.002708638331387192,1.149823546409607,1.4621760815382003,0.13960723746567966,0.2058911320946491,1.9260765827828594e-05,10947.801615953445
493,504832,442551.9478236884,1.0,1.0,1.0,1.0,1.0,1.0,0.018750000000000266,0.8000000000000002,1.1102230246251565e-16,0.0,1.0,1,-0.009650656103622169,0.025795370060950517,0.7613497525453568,-0.000710601601167582,1.1479499518871308,1.5631210386753083,0.09997132029384374,0.030903154382632643,1.8878152396881316e-05,10977.536799907684
494,505856,816336.9820031524,1.0,1.0,1.0,1.0,1.0,1.0,0.03125,0.8000000000000002,1.1102230246251565e-16,0.0,1.0,1,0.003237089840695262,0.05383688434958458,0.7610873997211456,0.040688876430795065,1.1024877190589906,2.647504875063896,0.18603758737444878,1.0,1.84993348675905e-05,11004.06812095642
495,506880,508231.7512265444,1.0,1.0,1.0,1.0,1.0,1.0,0.03437499999999982,0.8000000000000002,1.1102230246251565e-16,0.0,1.0,2,-0.007853525527752935,0.027834187727421522,0.7609206885099411,0.0022768908660509624,1.1484072983264924,2.5452288523316384,0.15782396625727416,0.2058911320946491,1.8124324164845186e-05,11033.523713588715
496,507904,486765.7917198837,1.0,1.0,1.0,1.0,1.0,1.0,0.03750000000000053,0.8000000000000002,1.1102230246251565e-16,0.0,1.0,1,-0.005057963682338596,0.027232271153479815,0.7606018096208572,0.011558000920922495,1.0939891338348389,1.2241007387638092,0.12675182092934847,0.06461081889226679,1.7753131103747725e-05,11065.123020410538
497,508928,838064.4050057679,1.0,1.0,1.0,1.0,1.0,1.0,0.03125,0.8000000000000002,1.1102230246251565e-16,0.0,1.0,2,-0.007515597273595631,0.041639927215874194,0.760191696882248,0.02805145257152617,1.2743438303470611,1.4972984492778778,0.14089189618825912,0.3219078581524234,1.7385766389301712e-05,11087.944005727768
498,509952,442718.04155157506,1.0,1.0,1.0,1.0,1.0,1.0,0.04375000000000018,0.8000000000000002,1.1102230246251565e-16,0.0,1.0,1,-0.005527831485960632,0.022865629708394408,0.7596390694379807,-0.0007163441623561084,1.1143910109996795,1.3453999310731888,0.1510023582726717,0.06627797334516616,1.7022240616103384e-05,11110.919042110443
499,510976,816313.7580408156,1.0,1.0,1.0,1.0,1.0,1.0,0.025000000000000355,0.8000000000000002,1.1102230246251565e-16,0.0,1.0,1,0.007616067584604025,0.04676189990714193,0.759413343667984,0.037015151232481,1.2389871776103973,3.0555130660533907,0.1525698309764266,1.0,1.666256426803597e-05,11132.545756101608
500,512000,508282.0500288233,1.0,1.0,1.0,1.0,1.0,1.0,0.021874999999999867,0.8000000000000002,1.1102230246251565e-16,0.0,1.0,2,-0.008210425591096282,0.02588012469932437,0.7592822968959808,-0.0018364693387411535,1.1906282365322114,1.3533386915922165,0.11131619364023208,0.1853020188851842,1.630674771796748e-05,11154.908762931824
501,513024,640776.5719660223,1.0,1.0,1.0,1.0,1.0,1.0,0.018749999999999822,0.8000000000000002,1.1102230246251565e-16,0.0,1.0,1,-0.00628212884766981,0.03353364141657948,0.7594017148017883,0.015537374309496954,1.3650397121906281,1.3363179117441177,0.13266548588871957,0.26921174538444487,1.5954801227451343e-05,11176.679535150528
502,514048,684052.8775695562,1.0,1.0,1.0,1.0,1.0,1.0,0.03750000000000009,0.8000000000000002,1.1102230246251565e-16,0.0,1.0,2,-0.01183302840217948,0.035395934339612724,0.7594239473342895,0.009755932865664363,1.1451771020889283,1.057450605928898,0.2040853003039956,0.126722247440283,1.5606734946430712e-05,11197.370906352997
503,515072,442556.48334530555,1.0,1.0,1.0,1.0,1.0,1.0,0.050000000000000266,0.8000000000000002,1.1102230246251565e-16,0.0,1.0,1,-0.01013505065930076,0.02615027092397213,0.7593163281679154,0.007321658835280687,1.2317559003829956,1.2424753576517105,0.11985729094594717,0.06627797334516615,1.5262558912945657e-05,11219.22266793251
504,516096,816370.2940777913,1.0,1.0,1.0,1.0,1.0,1.0,0.02499999999999991,0.8000000000000002,1.1102230246251565e-16,0.0,1.0,1,0.004519755812361836,0.040570806805044414,0.7591077506542205,0.03916638084774604,1.0762988448143005,1.7765199065208435,0.15073696188628674,1.0,1.4922283052843502e-05,11241.201446294785
505,517120,508143.31918052584,1.0,1.0,1.0,1.0,1.0,1.0,0.046875,0.8000000000000002,1.1102230246251565e-16,0.0,1.0,2,-0.00932891241973266,0.025121574010699987,0.7589013755321503,0.0032245794337541155,1.1813757300376893,1.7165409624576569,0.0991323683410883,0.22876792454961012,1.4585917179492863e-05,11262.961725711823
506,518144,442737.6476085186,1.0,1.0,1.0,1.0,1.0,1.0,0.03125,0.8000000000000002,1.1102230246251565e-16,0.0,1.0,1,-0.008914462593384086,0.027395167294889687,0.7586542934179306,0.002036978048272431,1.1601942002773284,1.5447558343410492,0.15748569276183844,0.05814973700304011,1.4253470993500407e-05,11283.888055086136
507,519168,816071.8551997691,1.0,1.0,1.0,1.0,1.0,1.0,0.04375000000000018,0.8000000000000002,1.1102230246251565e-16,0.0,1.0,1,0.006276683462783694,0.049004309065639975,0.7583481848239899,0.03809180750977248,1.1423286497592926,2.676462286710739,0.22962255403399467,0.9,1.3924954082431223e-05,11305.881930589676
508,520192,508218.64642450213,1.0,1.0,1.0,1.0,1.0,1.0,0.03750000000000009,0.8000000000000002,1.1102230246251565e-16,0.0,1.0,2,-0.01012327503412962,0.028783472860231994,0.7580949246883393,-0.004530136962421239,1.2733700275421143,1.3652811713516713,0.11445997692644597,0.1500946352969992,1.3600375920532208e-05,11326.72662115097
509,521216,442762.237185508,1.0,1.0,1.0,1.0,1.0,1.0,0.025000000000000355,0.8000000000000002,1.1102230246251565e-16,0.0,1.0,1,-0.008117998388479463,0.02581455437466502,0.7580281525850296,0.004372144705848768,1.1337512731552124,1.3822939455509187,0.1374412691220641,0.03815204244769462,1.3279745868458995e-05,11348.19266963005
510,522240,882093.2110641077,1.0,1.0,1.0,1.0,1.0,1.0,0.050000000000000266,0.8000000000000002,1.1102230246251565e-16,0.0,1.0,2,-0.012796175130642951,0.04515429064631462,0.757914486527443,0.027927491709124296,1.1523054480552672,1.6501003444194793,0.14251423720270395,0.19008337116042448,1.2963073173005811e-05,11369.872621536255
511,523264,442592.77708779275,1.0,1.0,1.0,1.0,1.0,1.0,0.03125,0.8000000000000002,1.1102230246251565e-16,0.0,1.0,1,-0.006941268779337406,0.028072944097220897,0.7578220158815384,0.0002013807010371238,1.2249335110187531,1.843122935295105,0.12962747998535634,0.039136480480587155,1.2650366966838978e-05,11391.763991117477
512,524288,816417.3615966856,1.0,1.0,1.0,1.0,1.0,1.0,0.03750000000000009,0.8000000000000002,1.1102230246251565e-16,0.0,1.0,1,0.008818893344141543,0.043791051115840675,0.7577188223600387,0.046327427960932255,1.203008246421814,4.711343666911125,0.18940150719136,1.0,1.2341636268233358e-05,11413.447710037231
513,525312,508151.65819475055,1.0,1.0,1.0,1.0,1.0,1.0,0.031249999999999778,0.8000000000000002,1.1102230246251565e-16,0.0,1.0,2,-0.004728319589048624,0.02228764081373811,0.7576304644346237,0.006963515621828264,1.094222319126129,1.4377924233675003,0.16952927727252246,0.25418658283290013,1.2036889980812433e-05,11435.519501686096
514,526336,442779.2281622384,1.0,1.0,1.0,1.0,1.0,1.0,0.03125,0.8000000000000002,1.1102230246251565e-16,0.0,1.0,1,-0.0049635383562417704,0.02218567384406924,0.7575416415929794,0.0005858539050677791,1.3296568036079406,1.3865686237812043,0.1389616072177887,0.042391158275216244,1.1736136893291464e-05,11457.0727353096
515,527360,882030.1160039678,1.0,1.0,1.0,1.0,1.0,1.0,0.034375000000000044,0.8000000000000002,1.1102230246251565e-16,0.0,1.0,2,-0.012091899500228464,0.048480356112122536,0.7574930280447006,0.03240128341130912,1.0932460010051728,2.50784552693367,0.17759587354958056,0.2607453651034629,1.143938567922395e-05,11479.76798081398
516,528384,442586.9206184745,1.0,1.0,1.0,1.0,1.0,1.0,0.037499999999999645,0.8000000000000002,1.1102230246251565e-16,0.0,1.0,1,-0.010185054643079639,0.025277206720784307,0.7574601262807846,0.002979010068520438,1.0757646143436432,2.3101582556962965,0.12193167572841049,0.04831664256862612,1.1146644896751658e-05,11500.545722961426
517,529408,816534.6587407049,1.0,1.0,1.0,1.0,1.0,1.0,0.03750000000000009,0.8000000000000002,1.1102230246251565e-16,0.0,1.0,1,0.0025979405269026755,0.04633096186444163,0.7574068814516067,0.034047268138965595,1.1016540944576263,2.206519228219986,0.11298513486981392,1.0,1.0857922988357604e-05,11522.0137155056
518,530432,507916.1994944401,1.0,1.0,1.0,1.0,1.0,1.0,0.034375000000000044,0.8000000000000002,1.1102230246251565e-16,0.0,1.0,2,-0.005721767945215106,0.025027651619166136,0.7573128134012223,0.0031322886934503913,1.6372744917869568,1.7492328584194183,0.16625877190381289,0.25418658283290013,1.0573228280622822e-05,11543.250460147858
519,531456,442642.03531584144,1.0,1.0,1.0,1.0,1.0,1.0,0.050000000000000266,0.8000000000000002,1.1102230246251565e-16,0.0,1.0,1,-0.0065356409177184105,0.023536156909540296,0.7572744905948638,-0.0005899643758311868,1.1427275478839873,1.2997979298233986,0.12630009222775698,0.04710128697246249,1.0292568983985948e-05,11565.359852552414
520,532480,816431.3930044174,1.0,1.0,1.0,1.0,1.0,1.0,0.03125,0.8000000000000002,1.1102230246251565e-16,0.0,1.0,1,0.0014678594190627337,0.051966112293303016,0.7571759164333344,0.035263330496673004,1.1182303190231324,2.6066173687577248,0.19579958990216256,1.0,1.0015953192506733e-05,11587.372915506363
521,533504,508302.5636731982,1.0,1.0,1.0,1.0,1.0,1.0,0.03750000000000031,0.8000000000000002,1.1102230246251565e-16,0.0,1.0,2,-0.0059826349024660885,0.021525354217737915,0.7570625513792038,-0.0005352386855520308,1.1210728228092193,1.5770876228809356,0.1311454351991415,0.1853020188851842,9.743388883632312e-06,11608.536886692047
522,534528,552714.9534734488,1.0,1.0,1.0,1.0,1.0,1.0,0.03750000000000009,0.8000000000000002,1.1102230246251565e-16,0.0,1.0,1,-0.00563325947150588,0.03372012143954635,0.7569267451763153,0.013185763021465392,1.273454636335373,1.0079547330737113,0.14928464936092495,0.08862938119652508,9.47488391796744e-06,11630.504627227783
523,535552,772033.7504502833,1.0,1.0,1.0,1.0,1.0,1.0,0.05312500000000009,0.8000000000000002,1.1102230246251565e-16,0.0,1.0,2,-0.008014909084886312,0.04002871876582503,0.7567342698574067,0.026437140034977345,1.2012965500354766,1.7754461854696273,0.14706498757004738,0.36343585626900066,9.210446039047521e-06,11651.899655342102
524,536576,442610.70932718366,1.0,1.0,1.0,1.0,1.0,1.0,0.04375000000000062,0.8000000000000002,1.1102230246251565e-16,0.0,1.0,1,-0.011074854104663245,0.02593189589679241,0.7566638141870499,0.0011040815676096826,1.296728903055191,1.1477552890777587,0.1302383290603757,0.06734539790191144,8.950082873115475e-06,11674.139803409576
525,537600,816435.6218932569,1.0,1.0,1.0,1.0,1.0,1.0,0.04375000000000018,0.8000000000000002,1.1102230246251565e-16,0.0,1.0,1,0.006447076343465597,0.05202308651059866,0.7565712928771973,0.035070170438848434,1.1420180559158326,3.031576144695282,0.18331861980259417,1.0,8.693801928901776e-06,11696.30259346962
526,538624,508109.14803827927,1.0,1.0,1.0,1.0,1.0,1.0,0.03750000000000053,0.8000000000000002,1.1102230246251565e-16,0.0,1.0,2,-0.009489525924436748,0.024995174538344146,0.7566215872764588,0.0005874043155927211,1.128401255607605,2.0349280402064323,0.12130867959931493,0.16677181699666577,8.441610597407774e-06,11717.319227695465
527,539648,442625.8619341366,1.0,1.0,1.0,1.0,1.0,1.0,0.056250000000000355,0.8000000000000002,1.1102230246251565e-16,0.0,1.0,1,-0.008935697469860315,0.02405657193157822,0.7567586213350296,-0.0036715435227961278,1.167113834619522,1.2521920546889305,0.12048480762168765,0.025031555049932444,8.193516151692738e-06,11738.824211597443
528,540672,816272.6882360429,1.0,1.0,1.0,1.0,1.0,1.0,0.03750000000000009,0.8000000000000002,1.1102230246251565e-16,0.0,1.0,1,-0.006751819956116378,0.053407693095505235,0.7567895412445068,0.03502836786210537,1.2128237724304198,1.3977158188819885,0.19160329103469848,0.31178424954588624,7.949525746663938e-06,11760.649900913239
529,541696,508176.2514159307,1.0,1.0,1.0,1.0,1.0,1.0,0.03750000000000009,0.8000000000000002,1.1102230246251565e-16,0.0,1.0,2,-0.010670415638014675,0.025880928663536907,0.7566954433918,0.00026096359108578325,1.1914258301258087,0.9229490712285042,0.09600030481815339,0.046797143226938384,7.709646418870417e-06,11782.367790460587
530,542720,442713.21433261037,1.0,1.0,1.0,1.0,1.0,1.0,0.037499999999999645,0.8000000000000002,1.1102230246251565e-16,0.0,1.0,1,-0.006595457223011181,0.029008764121681452,0.756610530614853,0.001826718804659322,1.20892590880394,0.932783180475235,0.18392433412373066,0.01189520592319726,7.473885086299966e-06,11805.323484420776
531,543744,816110.3118782341,1.0,1.0,1.0,1.0,1.0,1.0,0.043749999999999734,0.8000000000000002,1.1102230246251565e-16,0.0,1.0,1,-0.006145512545481324,0.05093775074928999,0.7565254539251327,0.04911699041258544,1.0725892245769502,2.1472948759794237,0.17896287087351084,1.0,7.2422485481796695e-06,11826.254062891006
532,544768,508386.9657037705,1.0,1.0,1.0,1.0,1.0,1.0,0.0281250000000004,0.8000000000000002,1.1102230246251565e-16,0.0,1.0,2,-0.008949167293030769,0.024143652198836206,0.7565273463726043,0.00238336615730077,1.1422044336795807,2.4478847563266752,0.11111004631966352,0.3812798742493502,7.014743484779869e-06,11848.145679473877
533,545792,574657.7802338302,1.0,1.0,1.0,1.0,1.0,1.0,0.03125,0.8000000000000002,1.1102230246251565e-16,0.0,1.0,1,-0.00680693166796118,0.03855579160153866,0.7565104335546493,0.013553416056674905,1.12149258852005,0.8526982694864274,0.17096814177930356,0.24619272554590302,6.791376457221377e-06,11869.765480518341
534,546816,750004.9844942093,1.0,1.0,1.0,1.0,1.0,1.0,0.04062499999999991,0.8000000000000002,1.1102230246251565e-16,0.0,1.0,2,-0.0016545413993299008,0.0379120766185224,0.7565691709518433,0.023633372387848794,1.1007700920104981,2.4127594202756883,0.16721240971237422,0.81,6.572153907286312e-06,11891.483843564987
535,547840,442599.9784349948,1.0,1.0,1.0,1.0,1.0,1.0,0.031250000000000444,0.8000000000000002,1.1102230246251565e-16,0.0,1.0,1,-0.010502372775226832,0.02903591385111213,0.7566753983497619,-0.00783273159759119,1.2217804491519928,1.1855986148118973,0.13791984971612692,0.10941898913151243,6.357082157232452e-06,11913.69624376297
536,548864,816382.9034408033,1.0,1.0,1.0,1.0,1.0,1.0,0.018749999999999822,0.8000000000000002,1.1102230246251565e-16,0.0,1.0,1,-0.0044647242408245805,0.04698073863983154,0.7567078709602356,0.02646074689400848,1.0936279833316802,1.9014190286397934,0.16556714288890362,0.6057264271150011,6.1461674096106925e-06,11935.582994699478
537,549888,508227.6356086433,1.0,1.0,1.0,1.0,1.0,1.0,0.04062499999999991,0.8000000000000002,1.1102230246251565e-16,0.0,1.0,2,-0.008842662163078784,0.036687797773629426,0.7566793590784073,-0.003822676585696172,1.2539520740509034,1.4117924362421035,0.13863916657865047,0.10101809685286718,5.939415747086271e-06,11957.850291490555
538,550912,442667.0154929459,1.0,1.0,1.0,1.0,1.0,1.0,0.050000000000000266,0.8000000000000002,1.1102230246251565e-16,0.0,1.0,1,-0.00951903521490749,0.02360448781400919,0.7565714716911316,-0.002448668994475156,1.133622443675995,1.651171299815178,0.11687881369143724,0.02079873032308373,5.736833132263391e-06,11980.191185712814
539,551936,816121.618633613,1.0,1.0,1.0,1.0,1.0,1.0,0.03125,0.8000000000000002,1.1102230246251565e-16,0.0,1.0,1,-0.008874729310628026,0.051637847628444436,0.7564862042665481,0.04223680440336466,1.108178436756134,2.215589088201523,0.18358243983238937,0.719615757918616,5.538425407513174e-06,12001.846677064896
540,552960,508277.38887182623,1.0,1.0,1.0,1.0,1.0,1.0,0.034375000000000266,0.8000000000000002,1.1102230246251565e-16,0.0,1.0,2,-0.008578414842486382,0.024406042229384185,0.7563881993293762,-0.00014761469210498035,1.1671504974365234,1.4815949290990829,0.18411675468087196,0.13334625276391146,5.344198294805254e-06,12023.580148220062
541,553984,486708.4318318069,1.0,1.0,1.0,1.0,1.0,1.0,0.031250000000000444,0.8000000000000002,1.1102230246251565e-16,0.0,1.0,1,-0.008854272193275392,0.028502799943089484,0.7563224464654923,0.007405017490964383,1.1608120381832123,1.6230161666870118,0.1065094716846943,0.041845467066210874,5.1541573955426325e-06,12045.713564395905
542,555008,771973.0557692572,1.0,1.0,1.0,1.0,1.0,1.0,0.05624999999999991,0.8000000000000002,1.1102230246251565e-16,0.0,1.0,1,0.00311833587475121,0.04701258512213826,0.7562323421239853,0.042933111701859164,1.2088577091693877,2.7767480075359345,0.1441826194524765,1.0,4.968308190400308e-06,12066.776833057404
543,556032,508444.82506974787,1.0,1.0,1.0,1.0,1.0,1.0,0.034375000000000044,0.8000000000000002,1.1102230246251565e-16,0.0,1.0,2,-0.006258705840446055,0.03831085180863738,0.7561899214982987,-0.0020546679967083036,1.145337599515915,1.393677893280983,0.24415425062179566,0.13508517176729928,4.786656039167059e-06,12089.086472511292
544,557056,684649.0116836429,1.0,1.0,1.0,1.0,1.0,1.0,0.031249999999999556,0.8000000000000002,1.1102230246251565e-16,0.0,1.0,1,-0.0022107133641839027,0.03469127370044589,0.7562056452035903,0.023905072116758675,1.1396712243556977,1.3703433394432067,0.15445807985961438,0.4486862423074081,4.609206180590974e-06,12111.328256845474
545,558080,640017.7897566035,1.0,1.0,1.0,1.0,1.0,1.0,0.04375000000000018,0.8000000000000002,1.1102230246251565e-16,0.0,1.0,2,-0.0071036631241440775,0.033595955930650234,0.7562036961317062,0.009460314291027316,1.6774530410766602,2.289445361495018,0.14013001527637242,0.42768758511095495,4.435963732228368e-06,12131.831397771835
546,559104,442758.2925080471,1.0,1.0,1.0,1.0,1.0,1.0,0.03750000000000009,0.8000000000000002,1.1102230246251565e-16,0.0,1.0,1,-0.006065711192786693,0.026642570132389666,0.7561896681785584,-0.00357770926784724,1.284370094537735,1.506522187590599,0.14670467879623175,0.079251372973189,4.26693369029606e-06,12153.69576048851
547,560128,816281.5423542634,1.0,1.0,1.0,1.0,1.0,1.0,0.03125,0.8000000000000002,1.1102230246251565e-16,0.0,1.0,1,3.977916203439236e-05,0.053872151486575606,0.7561920493841171,0.03120444426604081,1.165726661682129,2.094174337387085,0.1907905112951994,1.0,4.102120929527502e-06,12175.589962720871
548,561152,508303.98008047044,1.0,1.0,1.0,1.0,1.0,1.0,0.043749999999999956,0.8000000000000002,1.1102230246251565e-16,0.0,1.0,2,-0.01129416711628437,0.022409968776628375,0.756178468465805,-0.006329787755385041,1.3227548956871034,1.6481600135564805,0.11660320349037648,0.1500946352969992,3.94153020303198e-06,12196.788001060486
549,562176,706742.719575569,1.0,1.0,1.0,1.0,1.0,1.0,0.03750000000000009,0.8000000000000002,1.1102230246251565e-16,0.0,1.0,1,-0.005331359943374992,0.039544012118130925,0.7561657875776291,0.006398761411765009,1.0990102589130402,1.8918203204870223,0.19098141472786664,0.042391158275216244,3.7851661421577014e-06,12219.5062353611
550,563200,551923.9389454722,1.0,1.0,1.0,1.0,1.0,1.0,0.043749999999999734,0.8000000000000002,1.1102230246251565e-16,0.0,1.0,1,-0.009004062786698342,0.045239610597491264,0.7561557561159133,0.026510659407358618,1.1898373067378998,1.3236175566911696,0.23931228518486022,0.15396753063994384,3.6330332563581274e-06,12240.369629383087
551,564224,508423.062778309,1.0,1.0,1.0,1.0,1.0,1.0,0.034375000000000044,0.8000000000000002,1.1102230246251565e-16,0.0,1.0,2,-0.009405817743390799,0.02567791799083352,0.7561405628919602,0.0013960178359411657,1.1783448159694672,1.1599466130137444,0.12789513198658825,0.03522283243252844,3.485135933061966e-06,12262.305845022202
552,565248,706684.0061086714,1.0,1.0,1.0,1.0,1.0,1.0,0.04375000000000018,0.8000000000000002,1.1102230246251565e-16,0.0,1.0,1,-0.005506772827357054,0.047328187990933655,0.7561111241579056,0.028981004760134967,1.1749499797821046,1.652126458287239,0.18390352688729764,0.3249801612981832,3.341478437546647e-06,12283.56514430046
553,566272,618133.1790364757,1.0,1.0,1.0,1.0,1.0,1.0,0.04062500000000013,0.8000000000000002,1.1102230246251565e-16,0.0,1.0,2,-0.006476186914369464,0.030571036133915187,0.7560655951499939,0.007326326286420226,1.219665092229843,1.1928268790245056,0.1289454245939851,0.1672763332949615,3.2020649128152946e-06,12304.72909617424
554,567296,442539.18026329577,1.0,1.0,1.0,1.0,1.0,1.0,0.031250000000000444,0.8000000000000002,1.1102230246251565e-16,0.0,1.0,1,-0.011172331357374787,0.025491562485694886,0.756003811955452,0.0013846210960764438,1.1855042397975921,1.1237718060612678,0.15682077100500463,0.04251939954906354,3.0668993794772105e-06,12326.727303981781
555,568320,816335.8503444195,1.0,1.0,1.0,1.0,1.0,1.0,0.043749999999999734,0.8000000000000002,1.1102230246251565e-16,0.0,1.0,1,0.012672866322100162,0.05162506690248847,0.7559227049350739,0.0426296473480761,1.1122521221637727,5.083720988035202,0.20001822467893363,1.0,2.935985735632038e-06,12347.83275961876
556,569344,508253.9348362237,1.0,1.0,1.0,1.0,1.0,1.0,0.046875,0.8000000000000002,1.1102230246251565e-16,0.0,1.0,2,-0.005978356581181288,0.022626516013406216,0.7559182852506637,0.002578971814364195,1.1090623915195466,2.1575363308191298,0.1472521720454097,0.42364430472150016,2.8093277567572083e-06,12369.184886455536
557,570368,596787.9206057191,1.0,1.0,1.0,1.0,1.0,1.0,0.02499999999999991,0.8000000000000002,1.1102230246251565e-16,0.0,1.0,1,-0.0017900409293361008,0.03183188019320369,0.7558975875377655,0.012907991016982123,1.1503545105457307,1.5052129700779915,0.11414496432989836,0.20262775765094893,2.6869290955991443e-06,12391.783059358597
558,571392,728064.7057036012,1.0,1.0,1.0,1.0,1.0,1.0,0.03750000000000009,0.8000000000000002,1.1102230246251565e-16,0.0,1.0,2,-0.009955247078323737,0.03529660068452358,0.7558943450450897,0.016323421592824162,1.1895856261253357,1.726466992497444,0.159195002540946,0.36343585626900066,2.5687932820678646e-06,12413.356079816818
559,572416,442482.86258107424,1.0,1.0,1.0,1.0,1.0,1.0,0.04375000000000018,0.8000000000000002,1.1102230246251565e-16,0.0,1.0,1,-0.008807326341047883,0.02418003077618778,0.7558845967054367,0.0030736017739400267,1.0866279482841492,1.083084161579609,0.17163655944168568,0.07482821989101271,2.4549237231352375e-06,12434.637021541595
560,573440,816521.5357420631,1.0,1.0,1.0,1.0,1.0,1.0,0.025000000000000355,0.8000000000000002,1.1102230246251565e-16,0.0,1.0,1,-0.00482395370490849,0.05106242038309574,0.7558659195899964,0.026945952395908534,1.1282416045665742,1.8662135601043701,0.1294425766915083,0.460263703785876,2.34532370273669e-06,12456.978539943695
561,574464,508185.5048375726,1.0,1.0,1.0,1.0,1.0,1.0,0.02187500000000031,0.8000000000000002,1.1102230246251565e-16,0.0,1.0,2,-0.008167089335620404,0.025399164017289876,0.7558808237314224,0.0007600907323649153,1.1202335119247437,1.8396466314792632,0.12785258814692496,0.07675901417798568,2.239996381676482e-06,12478.841650009155
562,575488,442631.51115234196,1.0,1.0,1.0,1.0,1.0,1.0,0.03125,0.8000000000000002,1.1102230246251565e-16,0.0,1.0,1,-0.012673183716833592,0.025347337918356062,0.7558712422847748,0.0028545418696012347,1.123676097393036,1.4430434614419938,0.12647969406098128,0.02167901279502701,2.1389447975366027e-06,12501.189788341522
563,576512,882257.3401154839,1.0,1.0,1.0,1.0,1.0,1.0,0.03125,0.8000000000000002,1.1102230246251565e-16,0.0,1.0,2,-0.0065412810305133465,0.04638513261452317,0.7558610022068024,0.03976252668071538,1.208956491947174,2.1556314915418624,0.19945629220455885,0.7500726717970019,2.0421718645891336e-06,12523.39653801918
564,577536,442594.54237809684,1.0,1.0,1.0,1.0,1.0,1.0,0.04999999999999982,0.8000000000000002,1.1102230246251565e-16,0.0,1.0,1,-0.008690697164274752,0.024476731847971677,0.7558623552322388,0.0004808451281860471,1.0888391435146332,1.2857344642281532,0.12202542088925838,0.17159256838838102,1.9496803737122124e-06,12545.749632358551
565,578560,816447.4643714577,1.0,1.0,1.0,1.0,1.0,1.0,0.03750000000000009,0.8000000000000002,1.1102230246251565e-16,0.0,1.0,1,0.006733959261327982,0.05223973263055086,0.7558543682098389,0.031814346206374466,1.1461748600006103,3.0551460832357407,0.1757733467966318,1.0,1.8614729923095352e-06,12567.461229085922
566,579584,508003.7900131494,1.0,1.0,1.0,1.0,1.0,1.0,0.04062500000000013,0.8000000000000002,1.1102230246251565e-16,0.0,1.0,2,-0.004893921397160739,0.02838212698698044,0.755857738852501,0.002975807146867737,1.198521077632904,2.006496566534042,0.12326088026165963,0.22876792454961012,1.7775522642334245e-06,12589.465752124786
567,580608,442321.50249764323,1.0,1.0,1.0,1.0,1.0,1.0,0.04375000000000018,0.8000000000000002,1.1102230246251565e-16,0.0,1.0,1,-0.00844318299787119,0.027702024672180414,0.7558521747589111,-0.001272040895128157,1.1036270260810852,1.5775637418031692,0.1690259650349617,0.03433683820292516,1.6979206097115335e-06,12611.813967704773
568,581632,486552.4512872994,1.0,1.0,1.0,1.0,1.0,1.0,0.043749999999999734,0.8000000000000002,1.1102230246251565e-16,0.0,1.0,1,-0.008946503745391965,0.03069532006047666,0.7558508336544036,0.006800545839359984,1.1393550515174866,1.4841710418462752,0.13662664946168662,0.013091945352131588,1.622580325276936e-06,12633.583068609238
569,582656,771965.4495453238,1.0,1.0,1.0,1.0,1.0,1.0,0.03750000000000009,0.8000000000000002,1.1102230246251565e-16,0.0,1.0,1,-0.004947213805280626,0.041554599162191154,0.7558180242776871,0.04029607535339892,1.1735026597976685,2.35786457657814,0.16597131434828044,1.0,1.551533583701984e-06,12656.335109472275
570,583680,508384.77398418635,1.0,1.0,1.0,1.0,1.0,1.0,0.043749999999999956,0.8000000000000002,1.1102230246251565e-16,0.0,1.0,2,-0.008368063624948264,0.027669110056012868,0.7557890921831131,0.002428549589239992,1.1092144072055816,1.3591416954994202,0.1287221249192953,0.22876792454961012,1.4847824339356176e-06,12678.73943567276
571,584704,684653.4836276295,1.0,1.0,1.0,1.0,1.0,1.0,0.025000000000000355,0.8000000000000002,1.1102230246251565e-16,0.0,1.0,1,-0.002055660728365183,0.03676316170021891,0.7557758510112762,0.018614914446152396,1.115691953897476,1.8642925769090652,0.14056443199515342,0.5539336324782816,1.4223288010442444e-06,12699.485437870026
572,585728,640009.3733369261,1.0,1.0,1.0,1.0,1.0,1.0,0.034375000000000044,0.8000000000000002,1.1102230246251565e-16,0.0,1.0,2,-0.005551650328561664,0.032342137303203344,0.7557652652263641,0.01186768984189257,1.1647454977035523,1.869673216342926,0.12238288298249245,0.3974171088301523,1.3641744861562841e-06,12720.092111349106
573,586752,442524.25973799266,1.0,1.0,1.0,1.0,1.0,1.0,0.03125,0.8000000000000002,1.1102230246251565e-16,0.0,1.0,1,-0.011632820870727301,0.027853034622967243,0.7557595908641815,-0.0018559260061010718,1.150320863723755,1.1300252929329873,0.1314105061814189,0.08182465845082242,1.3103211664101697e-06,12741.271069288254
574,587776,816471.9012676924,1.0,1.0,1.0,1.0,1.0,1.0,0.04375000000000018,0.8000000000000002,1.1102230246251565e-16,0.0,1.0,1,0.005028397031128407,0.0509704465046525,0.755768546462059,0.03305220128968358,1.1296146631240844,3.4274054914712906,0.15205143634229898,1.0,1.2607703949060127e-06,12761.333382844925
575,588800,508135.71706430614,1.0,1.0,1.0,1.0,1.0,1.0,0.04062500000000013,0.8000000000000002,1.1102230246251565e-16,0.0,1.0,2,-0.008386568073183298,0.025516128866001964,0.7557736515998841,0.0008596234489232302,1.1903025269508363,1.3559631556272507,0.13991286419332027,0.1853020188851842,1.2155236006608076e-06,12781.25335407257
576,589824,442520.9422196988,1.0,1.0,1.0,1.0,1.0,1.0,0.03750000000000009,0.8000000000000002,1.1102230246251565e-16,0.0,1.0,1,-0.00922958623850718,0.023374552931636573,0.7557771027088165,0.0005990073870634661,1.073664551973343,1.0585240691900253,0.18762394990772008,0.03815204244769462,1.1745820885671845e-06,12801.535634040833
577,590848,816333.8246509433,1.0,1.0,1.0,1.0,1.0,1.0,0.03750000000000009,0.8000000000000002,1.1102230246251565e-16,0.0,1.0,1,0.0011647948995232582,0.05322980303317308,0.7557575315237045,0.03507562131271698,1.1536254048347474,2.6988922119140626,0.2071670623496175,1.0,1.1379470393558157e-06,12820.908482551575
578,591872,508378.4021445946,1.0,1.0,1.0,1.0,1.0,1.0,0.04062500000000013,0.8000000000000002,1.1102230246251565e-16,0.0,1.0,2,-0.01200288392137736,0.022200258867815136,0.7557311147451401,-0.00113772579934448,1.1946654200553894,1.433317095041275,0.10971091398969293,0.1500946352969992,1.1056195095613903e-06,12840.966206550598
579,592896,574615.7437012494,1.0,1.0,1.0,1.0,1.0,1.0,0.04375000000000018,0.8000000000000002,1.1102230246251565e-16,0.0,1.0,1,-0.00712696862174198,0.03368035489693284,0.7557239979505539,0.005160747247282415,1.1469471752643585,1.583986732363701,0.15403328705579042,0.030903154382632643,1.0776004314920739e-06,12860.875002861023
580,593920,749897.9144544154,1.0,1.0,1.0,1.0,1.0,1.0,0.04687500000000022,0.8000000000000002,1.1102230246251565e-16,0.0,1.0,2,-0.011869026953354478,0.042327094450592996,0.7557029902935029,0.03390289391390979,1.12595192193985,1.302037277817726,0.13082895912230014,0.42768758511095506,1.0538906132026367e-06,12880.147625923157
581,594944,442479.3109114021,1.0,1.0,1.0,1.0,1.0,1.0,0.04375000000000018,0.8000000000000002,1.1102230246251565e-16,0.0,1.0,1,-0.00967219122685492,0.023517683800309896,0.755672350525856,-0.0006203629309311509,1.136982148885727,1.0929748952388763,0.1523888222873211,0.09784120120146791,1.0344907384712003e-06,12901.267396450043
582,595968,706645.7028997242,1.0,1.0,1.0,1.0,1.0,1.0,0.037499999999999645,0.8000000000000002,1.1102230246251565e-16,0.0,1.0,1,-0.0054898284375667575,0.03829557178542018,0.7556564688682557,0.021634328685468062,1.107794737815857,1.0756856724619865,0.17871430609375238,0.1754892871010189,1.019401366779486e-06,12920.814447879791
583,596992,618053.773988992,1.0,1.0,1.0,1.0,1.0,1.0,0.03750000000000009,0.8000000000000002,1.1102230246251565e-16,0.0,1.0,2,-0.007408679299987853,0.033496510982513425,0.7556257277727128,0.011823396693216637,1.5133734345436096,1.444798654317856,0.20080339098349215,0.15297332720161083,1.0086229332966646e-06,12939.881489992142
584,598016,442662.9622825086,1.0,1.0,1.0,1.0,1.0,1.0,0.03125,0.8000000000000002,1.1102230246251565e-16,0.0,1.0,1,-0.007773343590088189,0.0270349211525172,0.7556078612804413,-0.0014466868218732999,1.2103911757469177,1.906503926217556,0.15355852395296096,0.025511639729438113,1.0021557488668096e-06,12959.825815677643
585,599040,816281.1847077012,1.0,1.0,1.0,1.0,1.0,1.0,0.04999999999999982,0.8000000000000002,1.1102230246251565e-16,0.0,1.0,1,0.00436085022520274,0.04613589234650135,0.7555957436561584,0.0422294017393142,1.0979824781417846,2.836058670282364,0.18440153542906046,1.0,1e-06,12979.53819990158
