reference_sample_id,data_origin,source_row_index,source_resample_occurrence,case,episode,seed,failed_count,failed_defender_ids,failed_target_indices,interception_success,all_active_defenders_hit,cooperative_success,targets_covered,active_defenders_hit,E_co_time_s,E_n_g,E_miss_m,E_t_s,simulated_time_s,sensor_delay_ms,position_noise_std_m,velocity_noise_std_mps,command_lag_ms
1,synthetic_balanced_empirical_resample,1,1,case1,1,89001,2,10;18,2;2,1,1,1,8,18,0.00868055555555558,0.3132981942747487,1.652638372368254,35.950000000000095,35.95,50.0,3.0,0.3,250.0
2,synthetic_balanced_empirical_resample,44,1,case1,48,89048,2,10;14,2;6,1,1,1,8,18,0.01180555555555518,0.36744558217605594,1.5563435107232424,35.00000000000015,35.0,50.0,3.0,0.3,250.0
3,synthetic_balanced_empirical_resample,61,1,case1,68,89068,2,13;19,5;3,1,1,1,8,18,0.011805555555555477,0.25040627573108637,1.6428980032099112,34.550000000000175,34.550000000000004,50.0,3.0,0.3,250.0
4,synthetic_balanced_empirical_resample,45,1,case1,49,89049,2,8;18,0;2,1,1,1,8,18,0.012152777777777457,0.2596344574280118,1.730093399338582,33.40000000000024,33.4,50.0,3.0,0.3,250.0
5,synthetic_balanced_empirical_resample,53,1,case1,58,89058,2,6;16,6;0,1,1,1,8,18,0.011805555555555477,0.28492031325066125,1.5385890026382651,33.150000000000254,33.15,50.0,3.0,0.3,250.0
6,synthetic_balanced_empirical_resample,44,2,case1,48,89048,2,10;14,2;6,1,1,1,8,18,0.01180555555555518,0.36744558217605594,1.5563435107232424,35.00000000000015,35.0,50.0,3.0,0.3,250.0
7,synthetic_balanced_empirical_resample,71,1,case1,78,89078,2,0;17,0;1,1,1,1,8,18,0.011805555555555255,0.2115047496921926,1.7587838338544537,33.150000000000254,33.15,50.0,3.0,0.3,250.0
8,synthetic_balanced_empirical_resample,28,1,case1,31,89031,2,2;10,2;2,1,1,1,8,18,0.014583333333333318,0.20240079125202676,1.7595279091600324,35.9000000000001,35.9,50.0,3.0,0.3,250.0
9,synthetic_balanced_empirical_resample,85,1,case1,93,89093,2,11;15,3;7,1,1,1,8,18,0.011805555555555477,0.21380930148974253,1.8172182741210983,33.150000000000254,33.15,50.0,3.0,0.3,250.0
10,synthetic_balanced_empirical_resample,79,1,case1,87,89087,2,10;13,2;5,1,1,1,8,18,0.011805555555555403,0.25718323663470355,1.4997332120171314,35.00000000000015,35.0,50.0,3.0,0.3,250.0
11,synthetic_balanced_empirical_resample,52,1,case1,57,89057,2,9;10,1;2,1,1,1,8,18,0.01805555555555527,0.25495889571026753,1.7441702206721084,35.00000000000015,35.0,50.0,3.0,0.3,250.0
12,synthetic_balanced_empirical_resample,63,1,case1,70,89070,2,15;17,7;1,1,1,1,8,18,0.014583333333333245,0.20660230147888264,1.6076165036368257,33.150000000000254,33.15,50.0,3.0,0.3,250.0
13,synthetic_balanced_empirical_resample,29,1,case1,32,89032,2,1;18,1;2,1,0,0,8,17,0.011805555555555403,0.21547314459189665,1.7958364022661868,33.40000000000024,75.0,50.0,3.0,0.3,250.0
14,synthetic_balanced_empirical_resample,49,1,case1,54,89054,2,13;16,5;0,1,1,1,8,18,0.014930555555555522,0.2456453645340313,1.6046476295252217,34.45000000000018,34.45,50.0,3.0,0.3,250.0
15,synthetic_balanced_empirical_resample,80,1,case1,88,89088,2,5;7,5;7,1,1,1,8,18,0.0114583333333332,0.307910488574617,1.5899517082180212,35.15000000000014,35.15,50.0,3.0,0.3,250.0
16,synthetic_balanced_empirical_resample,26,1,case1,28,89028,2,3;5,3;5,1,1,1,8,18,0.008680555555555433,0.2524850726770209,1.664697271355655,34.80000000000016,34.800000000000004,50.0,3.0,0.3,250.0
17,synthetic_balanced_empirical_resample,74,1,case1,81,89081,2,3;16,3;0,1,1,1,8,18,0.005902777777777665,0.33152198473044303,1.43058882000288,33.10000000000026,33.1,50.0,3.0,0.3,250.0
18,synthetic_balanced_empirical_resample,87,1,case1,95,89095,2,5;14,5;6,1,1,1,8,18,0.008333333333333156,0.2879613167160864,1.8545260159057877,37.40000000000001,37.4,50.0,3.0,0.3,250.0
19,synthetic_balanced_empirical_resample,39,1,case1,43,89043,2,7;14,7;6,1,1,1,8,18,0.008333333333333156,0.2714070664990396,1.3863294723593231,33.10000000000026,33.1,50.0,3.0,0.3,250.0
20,synthetic_balanced_empirical_resample,80,2,case1,88,89088,2,5;7,5;7,1,1,1,8,18,0.0114583333333332,0.307910488574617,1.5899517082180212,35.15000000000014,35.15,50.0,3.0,0.3,250.0
21,synthetic_balanced_empirical_resample,73,1,case1,80,89080,2,1;4,1;4,1,1,1,8,18,0.014583333333333245,0.32771360296366014,1.6581558445969296,33.10000000000026,33.1,50.0,3.0,0.3,250.0
22,synthetic_balanced_empirical_resample,79,2,case1,87,89087,2,10;13,2;5,1,1,1,8,18,0.011805555555555403,0.25718323663470355,1.4997332120171314,35.00000000000015,35.0,50.0,3.0,0.3,250.0
23,synthetic_balanced_empirical_resample,17,1,case1,17,89017,2,7;14,7;6,1,1,1,8,18,0.008333333333333156,0.22761873079488582,1.568112498780585,33.150000000000254,33.15,50.0,3.0,0.3,250.0
24,synthetic_balanced_empirical_resample,19,1,case1,19,89019,2,15;18,7;2,1,1,1,8,18,0.00868055555555558,0.23103119578273112,1.6843132836805483,33.40000000000024,33.4,50.0,3.0,0.3,250.0
25,synthetic_balanced_empirical_resample,43,1,case1,47,89047,2,8;14,0;6,1,1,1,8,18,0.011805555555555255,0.21927155318637448,1.732388840236551,33.150000000000254,33.15,50.0,3.0,0.3,250.0
26,synthetic_balanced_empirical_resample,69,1,case1,76,89076,2,3;9,3;1,1,1,1,8,18,0.008680555555555433,0.2447947070166516,1.4039877041318403,33.10000000000026,33.1,50.0,3.0,0.3,250.0
27,synthetic_balanced_empirical_resample,2,1,case1,2,89002,2,9;11,1;3,1,1,1,8,18,0.011805555555555477,0.2094534142926686,1.6175158725804908,33.10000000000026,33.1,50.0,3.0,0.3,250.0
28,synthetic_balanced_empirical_resample,81,1,case1,89,89089,2,15;18,7;2,1,1,1,8,18,0.011805555555555403,0.16945087871640319,1.846331659359799,33.40000000000024,33.4,50.0,3.0,0.3,250.0
29,synthetic_balanced_empirical_resample,39,2,case1,43,89043,2,7;14,7;6,1,1,1,8,18,0.008333333333333156,0.2714070664990396,1.3863294723593231,33.10000000000026,33.1,50.0,3.0,0.3,250.0
30,synthetic_balanced_empirical_resample,5,1,case1,5,89005,2,10;15,2;7,1,1,1,8,18,0.014583333333333318,0.3551089081613883,1.7134790573136733,35.00000000000015,35.0,50.0,3.0,0.3,250.0
31,synthetic_balanced_empirical_resample,10,1,case1,10,89010,2,7;19,7;3,1,1,1,8,18,0.011805555555555477,0.26688340720653303,1.4905559294734867,33.10000000000026,33.1,50.0,3.0,0.3,250.0
32,synthetic_balanced_empirical_resample,63,2,case1,70,89070,2,15;17,7;1,1,1,1,8,18,0.014583333333333245,0.20660230147888264,1.6076165036368257,33.150000000000254,33.15,50.0,3.0,0.3,250.0
33,synthetic_balanced_empirical_resample,85,2,case1,93,89093,2,11;15,3;7,1,1,1,8,18,0.011805555555555477,0.21380930148974253,1.8172182741210983,33.150000000000254,33.15,50.0,3.0,0.3,250.0
34,synthetic_balanced_empirical_resample,26,2,case1,28,89028,2,3;5,3;5,1,1,1,8,18,0.008680555555555433,0.2524850726770209,1.664697271355655,34.80000000000016,34.800000000000004,50.0,3.0,0.3,250.0
35,synthetic_balanced_empirical_resample,68,1,case1,75,89075,2,9;17,1;1,1,1,1,8,18,0.014583333333333023,0.2524842915064224,1.5699267799348875,33.10000000000026,33.1,50.0,3.0,0.3,250.0
36,synthetic_balanced_empirical_resample,10,2,case1,10,89010,2,7;19,7;3,1,1,1,8,18,0.011805555555555477,0.26688340720653303,1.4905559294734867,33.10000000000026,33.1,50.0,3.0,0.3,250.0
37,synthetic_balanced_empirical_resample,30,1,case1,33,89033,2,10;12,2;4,1,1,1,8,18,0.014583333333333318,0.24731968420010758,1.3859577637181972,35.00000000000015,35.0,50.0,3.0,0.3,250.0
38,synthetic_balanced_empirical_resample,4,1,case1,4,89004,2,2;13,2;5,1,1,1,8,18,0.011458333333333496,0.26271418760485715,1.8115164187251827,34.45000000000018,34.45,50.0,3.0,0.3,250.0
39,synthetic_balanced_empirical_resample,64,1,case1,71,89071,2,6;15,6;7,1,1,1,8,18,0.008333333333333156,0.255204427025709,1.6988801831965166,33.10000000000026,33.1,50.0,3.0,0.3,250.0
40,synthetic_balanced_empirical_resample,16,1,case1,16,89016,2,8;17,0;1,1,0,0,8,17,0.018055555555555124,0.20566435465468555,1.6984593986018575,33.150000000000254,75.0,50.0,3.0,0.3,250.0
41,synthetic_balanced_empirical_resample,45,2,case1,49,89049,2,8;18,0;2,1,1,1,8,18,0.012152777777777457,0.2596344574280118,1.730093399338582,33.40000000000024,33.4,50.0,3.0,0.3,250.0
42,synthetic_balanced_empirical_resample,77,1,case1,85,89085,2,3;11,3;3,1,1,1,8,18,0.008680555555555433,0.2933975250482656,1.7770363905866264,33.10000000000026,33.1,50.0,3.0,0.3,250.0
43,synthetic_balanced_empirical_resample,65,1,case1,72,89072,2,9;16,1;0,1,0,0,8,17,0.015277777777777798,0.26153278100769456,1.6712340692174263,33.150000000000254,75.0,50.0,3.0,0.3,250.0
44,synthetic_balanced_empirical_resample,61,2,case1,68,89068,2,13;19,5;3,1,1,1,8,18,0.011805555555555477,0.25040627573108637,1.6428980032099112,34.550000000000175,34.550000000000004,50.0,3.0,0.3,250.0
45,synthetic_balanced_empirical_resample,16,2,case1,16,89016,2,8;17,0;1,1,0,0,8,17,0.018055555555555124,0.20566435465468555,1.6984593986018575,33.150000000000254,75.0,50.0,3.0,0.3,250.0
46,synthetic_balanced_empirical_resample,11,1,case1,11,89011,2,4;17,4;1,1,1,1,8,18,0.014583333333333245,0.25924597299096824,1.7257492115797612,33.10000000000026,33.1,50.0,3.0,0.3,250.0
47,synthetic_balanced_empirical_resample,24,1,case1,25,89025,2,2;4,2;4,1,1,1,8,18,0.00868055555555558,0.22562441242359416,1.7552225344295804,33.35000000000024,33.35,50.0,3.0,0.3,250.0
48,synthetic_balanced_empirical_resample,50,1,case1,55,89055,2,6;17,6;1,1,1,1,8,18,0.0114583333333332,0.2750035245396902,1.6938605658203243,33.10000000000026,33.1,50.0,3.0,0.3,250.0
49,synthetic_balanced_empirical_resample,25,1,case1,27,89027,2,9;14,1;6,1,1,1,8,18,0.014583333333333023,0.2286781975764709,1.6592159362306687,33.10000000000026,33.1,50.0,3.0,0.3,250.0
50,synthetic_balanced_empirical_resample,49,2,case1,54,89054,2,13;16,5;0,1,1,1,8,18,0.014930555555555522,0.2456453645340313,1.6046476295252217,34.45000000000018,34.45,50.0,3.0,0.3,250.0
51,synthetic_balanced_empirical_resample,45,3,case1,49,89049,2,8;18,0;2,1,1,1,8,18,0.012152777777777457,0.2596344574280118,1.730093399338582,33.40000000000024,33.4,50.0,3.0,0.3,250.0
52,synthetic_balanced_empirical_resample,62,1,case1,69,89069,2,4;13,4;5,1,1,1,8,18,0.0114583333333332,0.2661804663760047,1.8920402855087322,34.40000000000018,34.4,50.0,3.0,0.3,250.0
53,synthetic_balanced_empirical_resample,50,2,case1,55,89055,2,6;17,6;1,1,1,1,8,18,0.0114583333333332,0.2750035245396902,1.6938605658203243,33.10000000000026,33.1,50.0,3.0,0.3,250.0
54,synthetic_balanced_empirical_resample,43,2,case1,47,89047,2,8;14,0;6,1,1,1,8,18,0.011805555555555255,0.21927155318637448,1.732388840236551,33.150000000000254,33.15,50.0,3.0,0.3,250.0
55,synthetic_balanced_empirical_resample,10,3,case1,10,89010,2,7;19,7;3,1,1,1,8,18,0.011805555555555477,0.26688340720653303,1.4905559294734867,33.10000000000026,33.1,50.0,3.0,0.3,250.0
56,synthetic_balanced_empirical_resample,90,1,case1,98,89098,2,12;17,4;1,1,1,1,8,18,0.014583333333333245,0.235816236693533,1.4975758854284893,33.650000000000226,33.65,50.0,3.0,0.3,250.0
57,synthetic_balanced_empirical_resample,46,1,case1,50,89050,2,11;15,3;7,1,1,1,8,18,0.011458333333333348,0.298580169153551,1.7940277778239004,33.150000000000254,33.15,50.0,3.0,0.3,250.0
58,synthetic_balanced_empirical_resample,90,2,case1,98,89098,2,12;17,4;1,1,1,1,8,18,0.014583333333333245,0.235816236693533,1.4975758854284893,33.650000000000226,33.65,50.0,3.0,0.3,250.0
59,synthetic_balanced_empirical_resample,53,2,case1,58,89058,2,6;16,6;0,1,1,1,8,18,0.011805555555555477,0.28492031325066125,1.5385890026382651,33.150000000000254,33.15,50.0,3.0,0.3,250.0
60,synthetic_balanced_empirical_resample,91,1,case1,99,89099,2,16;18,0;2,1,1,1,8,18,0.009027777777777857,0.28641064651275683,1.7733750355906805,33.40000000000024,33.4,50.0,3.0,0.3,250.0
61,synthetic_balanced_empirical_resample,89,1,case1,97,89097,2,3;16,3;0,1,1,1,8,18,0.00902777777777771,0.2368999924352045,1.5162927571288045,33.10000000000026,33.1,50.0,3.0,0.3,250.0
62,synthetic_balanced_empirical_resample,58,1,case1,63,89063,2,14;15,6;7,1,1,1,8,18,0.008333333333333156,0.2662993099149503,1.840806805620851,33.10000000000026,33.1,50.0,3.0,0.3,250.0
63,synthetic_balanced_empirical_resample,78,1,case1,86,89086,2,12;16,4;0,1,1,1,8,18,0.008680555555555433,0.3073655236542616,1.5438695106656213,33.95000000000021,33.95,50.0,3.0,0.3,250.0
64,synthetic_balanced_empirical_resample,91,2,case1,99,89099,2,16;18,0;2,1,1,1,8,18,0.009027777777777857,0.28641064651275683,1.7733750355906805,33.40000000000024,33.4,50.0,3.0,0.3,250.0
65,synthetic_balanced_empirical_resample,48,1,case1,53,89053,2,1;3,1;3,1,1,1,8,18,0.008680555555555433,0.24795969697072165,1.6344830231031653,33.10000000000026,33.1,50.0,3.0,0.3,250.0
66,synthetic_balanced_empirical_resample,82,1,case1,90,89090,2,3;8,3;0,1,0,0,8,17,0.005902777777777665,0.3504866405334641,1.5703509661776793,33.10000000000026,75.0,50.0,3.0,0.3,250.0
67,synthetic_balanced_empirical_resample,79,3,case1,87,89087,2,10;13,2;5,1,1,1,8,18,0.011805555555555403,0.25718323663470355,1.4997332120171314,35.00000000000015,35.0,50.0,3.0,0.3,250.0
68,synthetic_balanced_empirical_resample,21,1,case1,21,89021,2,3;12,3;4,1,1,1,8,18,0.011805555555555255,0.18736448433508057,1.3750184047702296,33.80000000000022,33.800000000000004,50.0,3.0,0.3,250.0
69,synthetic_balanced_empirical_resample,18,1,case1,18,89018,2,10;12,2;4,1,1,1,8,18,0.011805555555555403,0.3094811108555522,1.5203957943081818,35.00000000000015,35.0,50.0,3.0,0.3,250.0
70,synthetic_balanced_empirical_resample,33,1,case1,37,89037,2,11;16,3;0,1,1,1,8,18,0.012152777777777754,0.306617990699167,1.6704570165035166,33.150000000000254,33.15,50.0,3.0,0.3,250.0
71,synthetic_balanced_empirical_resample,80,3,case1,88,89088,2,5;7,5;7,1,1,1,8,18,0.0114583333333332,0.307910488574617,1.5899517082180212,35.15000000000014,35.15,50.0,3.0,0.3,250.0
72,synthetic_balanced_empirical_resample,37,1,case1,41,89041,2,10;19,2;3,1,0,0,8,17,0.012152777777777679,0.37415432881505584,1.7203730544268525,35.00000000000015,75.0,50.0,3.0,0.3,250.0
73,synthetic_balanced_empirical_resample,81,2,case1,89,89089,2,15;18,7;2,1,1,1,8,18,0.011805555555555403,0.16945087871640319,1.846331659359799,33.40000000000024,33.4,50.0,3.0,0.3,250.0
74,synthetic_balanced_empirical_resample,59,1,case1,66,89066,2,6;19,6;3,1,0,0,8,17,0.011805555555555477,0.15225488857409497,1.468441759967038,33.150000000000254,75.0,50.0,3.0,0.3,250.0
75,synthetic_balanced_empirical_resample,47,1,case1,51,89051,2,2;11,2;3,1,1,1,8,18,0.009027777777777857,0.2212331162065017,1.7144826030477005,33.35000000000024,33.35,50.0,3.0,0.3,250.0
76,synthetic_balanced_empirical_resample,21,2,case1,21,89021,2,3;12,3;4,1,1,1,8,18,0.011805555555555255,0.18736448433508057,1.3750184047702296,33.80000000000022,33.800000000000004,50.0,3.0,0.3,250.0
77,synthetic_balanced_empirical_resample,27,1,case1,29,89029,2,4;13,4;5,1,1,1,8,18,0.0114583333333332,0.2903549782855269,1.7309498516820714,34.40000000000018,34.4,50.0,3.0,0.3,250.0
78,synthetic_balanced_empirical_resample,26,3,case1,28,89028,2,3;5,3;5,1,1,1,8,18,0.008680555555555433,0.2524850726770209,1.664697271355655,34.80000000000016,34.800000000000004,50.0,3.0,0.3,250.0
79,synthetic_balanced_empirical_resample,7,1,case1,7,89007,2,8;16,0;0,1,1,1,8,18,0.011805555555555477,0.20790144323564855,1.7093711907742066,33.10000000000026,33.1,50.0,3.0,0.3,250.0
80,synthetic_balanced_empirical_resample,74,2,case1,81,89081,2,3;16,3;0,1,1,1,8,18,0.005902777777777665,0.33152198473044303,1.43058882000288,33.10000000000026,33.1,50.0,3.0,0.3,250.0
81,synthetic_balanced_empirical_resample,87,2,case1,95,89095,2,5;14,5;6,1,1,1,8,18,0.008333333333333156,0.2879613167160864,1.8545260159057877,37.40000000000001,37.4,50.0,3.0,0.3,250.0
82,synthetic_balanced_empirical_resample,87,3,case1,95,89095,2,5;14,5;6,1,1,1,8,18,0.008333333333333156,0.2879613167160864,1.8545260159057877,37.40000000000001,37.4,50.0,3.0,0.3,250.0
83,synthetic_balanced_empirical_resample,11,2,case1,11,89011,2,4;17,4;1,1,1,1,8,18,0.014583333333333245,0.25924597299096824,1.7257492115797612,33.10000000000026,33.1,50.0,3.0,0.3,250.0
84,synthetic_balanced_empirical_resample,52,2,case1,57,89057,2,9;10,1;2,1,1,1,8,18,0.01805555555555527,0.25495889571026753,1.7441702206721084,35.00000000000015,35.0,50.0,3.0,0.3,250.0
85,synthetic_balanced_empirical_resample,88,1,case1,96,89096,2,2;7,2;7,1,1,1,8,18,0.00868055555555558,0.30055440747766704,1.7878149846168578,33.35000000000024,33.35,50.0,3.0,0.3,250.0
86,synthetic_balanced_empirical_resample,38,1,case1,42,89042,2,9;19,1;3,1,1,1,8,18,0.011805555555555477,0.29307585256457774,1.6061677520194202,33.10000000000026,33.1,50.0,3.0,0.3,250.0
87,synthetic_balanced_empirical_resample,32,1,case1,35,89035,2,11;12,3;4,1,1,1,8,18,0.008680555555555433,0.317730768346019,1.6991338701612406,33.70000000000022,33.7,50.0,3.0,0.3,250.0
88,synthetic_balanced_empirical_resample,23,1,case1,23,89023,2,1;7,1;7,1,1,1,8,18,0.014583333333333023,0.2910363324003434,1.5421494176955943,33.150000000000254,33.15,50.0,3.0,0.3,250.0
89,synthetic_balanced_empirical_resample,17,2,case1,17,89017,2,7;14,7;6,1,1,1,8,18,0.008333333333333156,0.22761873079488582,1.568112498780585,33.150000000000254,33.15,50.0,3.0,0.3,250.0
90,synthetic_balanced_empirical_resample,20,1,case1,20,89020,2,2;18,2;2,1,1,1,8,18,0.00868055555555558,0.2515263986495112,1.3144804821408473,34.700000000000166,34.7,50.0,3.0,0.3,250.0
91,synthetic_balanced_empirical_resample,37,2,case1,41,89041,2,10;19,2;3,1,0,0,8,17,0.012152777777777679,0.37415432881505584,1.7203730544268525,35.00000000000015,75.0,50.0,3.0,0.3,250.0
92,synthetic_balanced_empirical_resample,41,1,case1,45,89045,2,0;13,0;5,1,1,1,8,18,0.008680555555555433,0.19100512480584514,1.8409465549814943,34.45000000000018,34.45,50.0,3.0,0.3,250.0
93,synthetic_balanced_empirical_resample,75,1,case1,82,89082,2,16;17,0;1,1,1,1,8,18,0.008680555555555433,0.2720341581907876,1.6216809816284279,33.10000000000026,33.1,50.0,3.0,0.3,250.0
94,synthetic_balanced_empirical_resample,72,1,case1,79,89079,2,9;11,1;3,1,1,1,8,18,0.011805555555555477,0.2593805847892985,1.7722146825326954,33.150000000000254,33.15,50.0,3.0,0.3,250.0
95,synthetic_balanced_empirical_resample,78,2,case1,86,89086,2,12;16,4;0,1,1,1,8,18,0.008680555555555433,0.3073655236542616,1.5438695106656213,33.95000000000021,33.95,50.0,3.0,0.3,250.0
96,synthetic_balanced_empirical_resample,28,2,case1,31,89031,2,2;10,2;2,1,1,1,8,18,0.014583333333333318,0.20240079125202676,1.7595279091600324,35.9000000000001,35.9,50.0,3.0,0.3,250.0
97,synthetic_balanced_empirical_resample,25,2,case1,27,89027,2,9;14,1;6,1,1,1,8,18,0.014583333333333023,0.2286781975764709,1.6592159362306687,33.10000000000026,33.1,50.0,3.0,0.3,250.0
98,synthetic_balanced_empirical_resample,74,3,case1,81,89081,2,3;16,3;0,1,1,1,8,18,0.005902777777777665,0.33152198473044303,1.43058882000288,33.10000000000026,33.1,50.0,3.0,0.3,250.0
99,synthetic_balanced_empirical_resample,15,1,case1,15,89015,2,1;4,1;4,1,1,1,8,18,0.014583333333333023,0.18194690747653963,1.6073017997402594,33.150000000000254,33.15,50.0,3.0,0.3,250.0
100,synthetic_balanced_empirical_resample,24,2,case1,25,89025,2,2;4,2;4,1,1,1,8,18,0.00868055555555558,0.22562441242359416,1.7552225344295804,33.35000000000024,33.35,50.0,3.0,0.3,250.0
101,synthetic_balanced_empirical_resample,27,2,case1,29,89029,2,4;13,4;5,1,1,1,8,18,0.0114583333333332,0.2903549782855269,1.7309498516820714,34.40000000000018,34.4,50.0,3.0,0.3,250.0
102,synthetic_balanced_empirical_resample,55,1,case1,60,89060,2,11;15,3;7,1,1,1,8,18,0.0149305555555553,0.24470046994860406,2.0308756121117213,33.150000000000254,33.15,50.0,3.0,0.3,250.0
103,synthetic_balanced_empirical_resample,73,2,case1,80,89080,2,1;4,1;4,1,1,1,8,18,0.014583333333333245,0.32771360296366014,1.6581558445969296,33.10000000000026,33.1,50.0,3.0,0.3,250.0
104,synthetic_balanced_empirical_resample,4,2,case1,4,89004,2,2;13,2;5,1,1,1,8,18,0.011458333333333496,0.26271418760485715,1.8115164187251827,34.45000000000018,34.45,50.0,3.0,0.3,250.0
105,synthetic_balanced_empirical_resample,23,2,case1,23,89023,2,1;7,1;7,1,1,1,8,18,0.014583333333333023,0.2910363324003434,1.5421494176955943,33.150000000000254,33.15,50.0,3.0,0.3,250.0
106,synthetic_balanced_empirical_resample,33,2,case1,37,89037,2,11;16,3;0,1,1,1,8,18,0.012152777777777754,0.306617990699167,1.6704570165035166,33.150000000000254,33.15,50.0,3.0,0.3,250.0
107,synthetic_balanced_empirical_resample,75,2,case1,82,89082,2,16;17,0;1,1,1,1,8,18,0.008680555555555433,0.2720341581907876,1.6216809816284279,33.10000000000026,33.1,50.0,3.0,0.3,250.0
108,synthetic_balanced_empirical_resample,19,2,case1,19,89019,2,15;18,7;2,1,1,1,8,18,0.00868055555555558,0.23103119578273112,1.6843132836805483,33.40000000000024,33.4,50.0,3.0,0.3,250.0
109,synthetic_balanced_empirical_resample,69,2,case1,76,89076,2,3;9,3;1,1,1,1,8,18,0.008680555555555433,0.2447947070166516,1.4039877041318403,33.10000000000026,33.1,50.0,3.0,0.3,250.0
110,synthetic_balanced_empirical_resample,84,1,case1,92,89092,2,1;2,1;2,1,0,0,8,16,0.00868055555555558,0.21661741027005588,1.5944737586452549,33.35000000000024,75.0,50.0,3.0,0.3,250.0
111,synthetic_balanced_empirical_resample,31,1,case1,34,89034,2,6;19,6;3,1,1,1,8,18,0.01458333333333317,0.31151713595915625,1.7337567123205282,33.10000000000026,33.1,50.0,3.0,0.3,250.0
112,synthetic_balanced_empirical_resample,67,1,case1,74,89074,2,6;16,6;0,1,1,1,8,18,0.005555555555555388,0.2963329893109403,1.6533562028429047,33.10000000000026,33.1,50.0,3.0,0.3,250.0
113,synthetic_balanced_empirical_resample,49,3,case1,54,89054,2,13;16,5;0,1,1,1,8,18,0.014930555555555522,0.2456453645340313,1.6046476295252217,34.45000000000018,34.45,50.0,3.0,0.3,250.0
114,synthetic_balanced_empirical_resample,86,1,case1,94,89094,2,7;18,7;2,1,1,1,8,18,0.00868055555555558,0.33822711134257205,1.5922602733703575,33.40000000000024,33.4,50.0,3.0,0.3,250.0
115,synthetic_balanced_empirical_resample,84,2,case1,92,89092,2,1;2,1;2,1,0,0,8,16,0.00868055555555558,0.21661741027005588,1.5944737586452549,33.35000000000024,75.0,50.0,3.0,0.3,250.0
116,synthetic_balanced_empirical_resample,9,1,case1,9,89009,2,1;14,1;6,1,1,1,8,18,0.011458333333332979,0.22495098971959945,1.571125497436433,33.10000000000026,33.1,50.0,3.0,0.3,250.0
117,synthetic_balanced_empirical_resample,14,1,case1,14,89014,2,12;15,4;7,1,1,1,8,18,0.0114583333333332,0.22385955599283014,1.5873335104551465,34.000000000000206,34.0,50.0,3.0,0.3,250.0
118,synthetic_balanced_empirical_resample,59,2,case1,66,89066,2,6;19,6;3,1,0,0,8,17,0.011805555555555477,0.15225488857409497,1.468441759967038,33.150000000000254,75.0,50.0,3.0,0.3,250.0
119,synthetic_balanced_empirical_resample,6,1,case1,6,89006,2,3;9,3;1,1,0,0,8,17,0.011805555555555255,0.3965666453142991,1.7804857195248858,33.10000000000026,75.0,50.0,3.0,0.3,250.0
120,synthetic_balanced_empirical_resample,80,4,case1,88,89088,2,5;7,5;7,1,1,1,8,18,0.0114583333333332,0.307910488574617,1.5899517082180212,35.15000000000014,35.15,50.0,3.0,0.3,250.0
121,synthetic_balanced_empirical_resample,54,1,case1,59,89059,2,13;14,5;6,1,1,1,8,18,0.0114583333333332,0.31319753190021615,1.470747481616238,34.550000000000175,34.550000000000004,50.0,3.0,0.3,250.0
122,synthetic_balanced_empirical_resample,1,2,case1,1,89001,2,10;18,2;2,1,1,1,8,18,0.00868055555555558,0.3132981942747487,1.652638372368254,35.950000000000095,35.95,50.0,3.0,0.3,250.0
123,synthetic_balanced_empirical_resample,87,4,case1,95,89095,2,5;14,5;6,1,1,1,8,18,0.008333333333333156,0.2879613167160864,1.8545260159057877,37.40000000000001,37.4,50.0,3.0,0.3,250.0
124,synthetic_balanced_empirical_resample,69,3,case1,76,89076,2,3;9,3;1,1,1,1,8,18,0.008680555555555433,0.2447947070166516,1.4039877041318403,33.10000000000026,33.1,50.0,3.0,0.3,250.0
125,synthetic_balanced_empirical_resample,23,3,case1,23,89023,2,1;7,1;7,1,1,1,8,18,0.014583333333333023,0.2910363324003434,1.5421494176955943,33.150000000000254,33.15,50.0,3.0,0.3,250.0
126,synthetic_balanced_empirical_resample,43,3,case1,47,89047,2,8;14,0;6,1,1,1,8,18,0.011805555555555255,0.21927155318637448,1.732388840236551,33.150000000000254,33.15,50.0,3.0,0.3,250.0
127,synthetic_balanced_empirical_resample,87,5,case1,95,89095,2,5;14,5;6,1,1,1,8,18,0.008333333333333156,0.2879613167160864,1.8545260159057877,37.40000000000001,37.4,50.0,3.0,0.3,250.0
128,synthetic_balanced_empirical_resample,77,2,case1,85,89085,2,3;11,3;3,1,1,1,8,18,0.008680555555555433,0.2933975250482656,1.7770363905866264,33.10000000000026,33.1,50.0,3.0,0.3,250.0
129,synthetic_balanced_empirical_resample,31,2,case1,34,89034,2,6;19,6;3,1,1,1,8,18,0.01458333333333317,0.31151713595915625,1.7337567123205282,33.10000000000026,33.1,50.0,3.0,0.3,250.0
130,synthetic_balanced_empirical_resample,6,2,case1,6,89006,2,3;9,3;1,1,0,0,8,17,0.011805555555555255,0.3965666453142991,1.7804857195248858,33.10000000000026,75.0,50.0,3.0,0.3,250.0
131,synthetic_balanced_empirical_resample,46,2,case1,50,89050,2,11;15,3;7,1,1,1,8,18,0.011458333333333348,0.298580169153551,1.7940277778239004,33.150000000000254,33.15,50.0,3.0,0.3,250.0
132,synthetic_balanced_empirical_resample,41,2,case1,45,89045,2,0;13,0;5,1,1,1,8,18,0.008680555555555433,0.19100512480584514,1.8409465549814943,34.45000000000018,34.45,50.0,3.0,0.3,250.0
133,synthetic_balanced_empirical_resample,26,4,case1,28,89028,2,3;5,3;5,1,1,1,8,18,0.008680555555555433,0.2524850726770209,1.664697271355655,34.80000000000016,34.800000000000004,50.0,3.0,0.3,250.0
134,synthetic_balanced_empirical_resample,42,1,case1,46,89046,2,7;13,7;5,1,0,0,8,16,0.011805555555555477,0.2904393485930362,1.8667153398685044,34.60000000000017,75.0,50.0,3.0,0.3,250.0
135,synthetic_balanced_empirical_resample,60,1,case1,67,89067,2,4;11,4;3,1,1,1,8,18,0.014583333333333393,0.2406442574558497,1.7733161761878455,33.150000000000254,33.15,50.0,3.0,0.3,250.0
136,synthetic_balanced_empirical_resample,60,2,case1,67,89067,2,4;11,4;3,1,1,1,8,18,0.014583333333333393,0.2406442574558497,1.7733161761878455,33.150000000000254,33.15,50.0,3.0,0.3,250.0
137,synthetic_balanced_empirical_resample,60,3,case1,67,89067,2,4;11,4;3,1,1,1,8,18,0.014583333333333393,0.2406442574558497,1.7733161761878455,33.150000000000254,33.15,50.0,3.0,0.3,250.0
138,synthetic_balanced_empirical_resample,56,1,case1,61,89061,2,1;9,1;1,1,1,1,8,18,0.0114583333333332,0.22580973478798044,1.623749428718651,33.150000000000254,33.15,50.0,3.0,0.3,250.0
139,synthetic_balanced_empirical_resample,30,2,case1,33,89033,2,10;12,2;4,1,1,1,8,18,0.014583333333333318,0.24731968420010758,1.3859577637181972,35.00000000000015,35.0,50.0,3.0,0.3,250.0
140,synthetic_balanced_empirical_resample,84,3,case1,92,89092,2,1;2,1;2,1,0,0,8,16,0.00868055555555558,0.21661741027005588,1.5944737586452549,33.35000000000024,75.0,50.0,3.0,0.3,250.0
141,synthetic_balanced_empirical_resample,7,2,case1,7,89007,2,8;16,0;0,1,1,1,8,18,0.011805555555555477,0.20790144323564855,1.7093711907742066,33.10000000000026,33.1,50.0,3.0,0.3,250.0
142,synthetic_balanced_empirical_resample,39,3,case1,43,89043,2,7;14,7;6,1,1,1,8,18,0.008333333333333156,0.2714070664990396,1.3863294723593231,33.10000000000026,33.1,50.0,3.0,0.3,250.0
143,synthetic_balanced_empirical_resample,33,3,case1,37,89037,2,11;16,3;0,1,1,1,8,18,0.012152777777777754,0.306617990699167,1.6704570165035166,33.150000000000254,33.15,50.0,3.0,0.3,250.0
144,synthetic_balanced_empirical_resample,61,3,case1,68,89068,2,13;19,5;3,1,1,1,8,18,0.011805555555555477,0.25040627573108637,1.6428980032099112,34.550000000000175,34.550000000000004,50.0,3.0,0.3,250.0
145,synthetic_balanced_empirical_resample,21,3,case1,21,89021,2,3;12,3;4,1,1,1,8,18,0.011805555555555255,0.18736448433508057,1.3750184047702296,33.80000000000022,33.800000000000004,50.0,3.0,0.3,250.0
146,synthetic_balanced_empirical_resample,9,2,case1,9,89009,2,1;14,1;6,1,1,1,8,18,0.011458333333332979,0.22495098971959945,1.571125497436433,33.10000000000026,33.1,50.0,3.0,0.3,250.0
147,synthetic_balanced_empirical_resample,15,2,case1,15,89015,2,1;4,1;4,1,1,1,8,18,0.014583333333333023,0.18194690747653963,1.6073017997402594,33.150000000000254,33.15,50.0,3.0,0.3,250.0
148,synthetic_balanced_empirical_resample,57,1,case1,62,89062,2,10;19,2;3,1,1,1,8,18,0.012152777777777679,0.2214850031536176,1.6132838241670733,35.00000000000015,35.0,50.0,3.0,0.3,250.0
149,synthetic_balanced_empirical_resample,9,3,case1,9,89009,2,1;14,1;6,1,1,1,8,18,0.011458333333332979,0.22495098971959945,1.571125497436433,33.10000000000026,33.1,50.0,3.0,0.3,250.0
150,synthetic_balanced_empirical_resample,5,2,case1,5,89005,2,10;15,2;7,1,1,1,8,18,0.014583333333333318,0.3551089081613883,1.7134790573136733,35.00000000000015,35.0,50.0,3.0,0.3,250.0
151,synthetic_balanced_empirical_resample,91,3,case1,99,89099,2,16;18,0;2,1,1,1,8,18,0.009027777777777857,0.28641064651275683,1.7733750355906805,33.40000000000024,33.4,50.0,3.0,0.3,250.0
152,synthetic_balanced_empirical_resample,2,2,case1,2,89002,2,9;11,1;3,1,1,1,8,18,0.011805555555555477,0.2094534142926686,1.6175158725804908,33.10000000000026,33.1,50.0,3.0,0.3,250.0
153,synthetic_balanced_empirical_resample,91,4,case1,99,89099,2,16;18,0;2,1,1,1,8,18,0.009027777777777857,0.28641064651275683,1.7733750355906805,33.40000000000024,33.4,50.0,3.0,0.3,250.0
154,synthetic_balanced_empirical_resample,12,1,case1,12,89012,2,10;17,2;1,1,1,1,8,18,0.014930555555555447,0.2818318580700815,1.4702916412670874,35.00000000000015,35.0,50.0,3.0,0.3,250.0
155,synthetic_balanced_empirical_resample,36,1,case1,40,89040,2,7;16,7;0,1,1,1,8,18,0.008680555555555433,0.285397596794596,1.5018563331361945,33.10000000000026,33.1,50.0,3.0,0.3,250.0
156,synthetic_balanced_empirical_resample,13,1,case1,13,89013,2,5;17,5;1,1,1,1,8,18,0.014583333333333245,0.2546396537879738,1.5949515062183344,37.10000000000003,37.1,50.0,3.0,0.3,250.0
157,synthetic_balanced_empirical_resample,84,4,case1,92,89092,2,1;2,1;2,1,0,0,8,16,0.00868055555555558,0.21661741027005588,1.5944737586452549,33.35000000000024,75.0,50.0,3.0,0.3,250.0
158,synthetic_balanced_empirical_resample,78,3,case1,86,89086,2,12;16,4;0,1,1,1,8,18,0.008680555555555433,0.3073655236542616,1.5438695106656213,33.95000000000021,33.95,50.0,3.0,0.3,250.0
159,synthetic_balanced_empirical_resample,53,3,case1,58,89058,2,6;16,6;0,1,1,1,8,18,0.011805555555555477,0.28492031325066125,1.5385890026382651,33.150000000000254,33.15,50.0,3.0,0.3,250.0
160,synthetic_balanced_empirical_resample,14,2,case1,14,89014,2,12;15,4;7,1,1,1,8,18,0.0114583333333332,0.22385955599283014,1.5873335104551465,34.000000000000206,34.0,50.0,3.0,0.3,250.0
161,synthetic_balanced_empirical_resample,21,4,case1,21,89021,2,3;12,3;4,1,1,1,8,18,0.011805555555555255,0.18736448433508057,1.3750184047702296,33.80000000000022,33.800000000000004,50.0,3.0,0.3,250.0
162,synthetic_balanced_empirical_resample,6,3,case1,6,89006,2,3;9,3;1,1,0,0,8,17,0.011805555555555255,0.3965666453142991,1.7804857195248858,33.10000000000026,75.0,50.0,3.0,0.3,250.0
163,synthetic_balanced_empirical_resample,60,4,case1,67,89067,2,4;11,4;3,1,1,1,8,18,0.014583333333333393,0.2406442574558497,1.7733161761878455,33.150000000000254,33.15,50.0,3.0,0.3,250.0
164,synthetic_balanced_empirical_resample,88,2,case1,96,89096,2,2;7,2;7,1,1,1,8,18,0.00868055555555558,0.30055440747766704,1.7878149846168578,33.35000000000024,33.35,50.0,3.0,0.3,250.0
165,synthetic_balanced_empirical_resample,42,2,case1,46,89046,2,7;13,7;5,1,0,0,8,16,0.011805555555555477,0.2904393485930362,1.8667153398685044,34.60000000000017,75.0,50.0,3.0,0.3,250.0
166,synthetic_balanced_empirical_resample,30,3,case1,33,89033,2,10;12,2;4,1,1,1,8,18,0.014583333333333318,0.24731968420010758,1.3859577637181972,35.00000000000015,35.0,50.0,3.0,0.3,250.0
167,synthetic_balanced_empirical_resample,72,2,case1,79,89079,2,9;11,1;3,1,1,1,8,18,0.011805555555555477,0.2593805847892985,1.7722146825326954,33.150000000000254,33.15,50.0,3.0,0.3,250.0
168,synthetic_balanced_empirical_resample,88,3,case1,96,89096,2,2;7,2;7,1,1,1,8,18,0.00868055555555558,0.30055440747766704,1.7878149846168578,33.35000000000024,33.35,50.0,3.0,0.3,250.0
169,synthetic_balanced_empirical_resample,38,2,case1,42,89042,2,9;19,1;3,1,1,1,8,18,0.011805555555555477,0.29307585256457774,1.6061677520194202,33.10000000000026,33.1,50.0,3.0,0.3,250.0
170,synthetic_balanced_empirical_resample,55,2,case1,60,89060,2,11;15,3;7,1,1,1,8,18,0.0149305555555553,0.24470046994860406,2.0308756121117213,33.150000000000254,33.15,50.0,3.0,0.3,250.0
171,synthetic_balanced_empirical_resample,62,2,case1,69,89069,2,4;13,4;5,1,1,1,8,18,0.0114583333333332,0.2661804663760047,1.8920402855087322,34.40000000000018,34.4,50.0,3.0,0.3,250.0
172,synthetic_balanced_empirical_resample,75,3,case1,82,89082,2,16;17,0;1,1,1,1,8,18,0.008680555555555433,0.2720341581907876,1.6216809816284279,33.10000000000026,33.1,50.0,3.0,0.3,250.0
173,synthetic_balanced_empirical_resample,8,1,case1,8,89008,2,1;12,1;4,1,1,1,8,18,0.0114583333333332,0.28610148149120496,1.5318244215237664,34.25000000000019,34.25,50.0,3.0,0.3,250.0
174,synthetic_balanced_empirical_resample,16,3,case1,16,89016,2,8;17,0;1,1,0,0,8,17,0.018055555555555124,0.20566435465468555,1.6984593986018575,33.150000000000254,75.0,50.0,3.0,0.3,250.0
175,synthetic_balanced_empirical_resample,12,2,case1,12,89012,2,10;17,2;1,1,1,1,8,18,0.014930555555555447,0.2818318580700815,1.4702916412670874,35.00000000000015,35.0,50.0,3.0,0.3,250.0
176,synthetic_balanced_empirical_resample,3,1,case1,3,89003,2,4;15,4;7,1,1,1,8,18,0.0114583333333332,0.25593676605084714,1.6912486082110236,33.10000000000026,33.1,50.0,3.0,0.3,250.0
177,synthetic_balanced_empirical_resample,92,1,case1,100,89100,2,3;16,3;0,1,1,1,8,18,0.005902777777777665,0.3035387375066587,1.8764012984839247,33.10000000000026,33.1,50.0,3.0,0.3,250.0
178,synthetic_balanced_empirical_resample,46,3,case1,50,89050,2,11;15,3;7,1,1,1,8,18,0.011458333333333348,0.298580169153551,1.7940277778239004,33.150000000000254,33.15,50.0,3.0,0.3,250.0
179,synthetic_balanced_empirical_resample,75,4,case1,82,89082,2,16;17,0;1,1,1,1,8,18,0.008680555555555433,0.2720341581907876,1.6216809816284279,33.10000000000026,33.1,50.0,3.0,0.3,250.0
180,synthetic_balanced_empirical_resample,89,2,case1,97,89097,2,3;16,3;0,1,1,1,8,18,0.00902777777777771,0.2368999924352045,1.5162927571288045,33.10000000000026,33.1,50.0,3.0,0.3,250.0
181,synthetic_balanced_empirical_resample,57,2,case1,62,89062,2,10;19,2;3,1,1,1,8,18,0.012152777777777679,0.2214850031536176,1.6132838241670733,35.00000000000015,35.0,50.0,3.0,0.3,250.0
182,synthetic_balanced_empirical_resample,37,3,case1,41,89041,2,10;19,2;3,1,0,0,8,17,0.012152777777777679,0.37415432881505584,1.7203730544268525,35.00000000000015,75.0,50.0,3.0,0.3,250.0
183,synthetic_balanced_empirical_resample,13,2,case1,13,89013,2,5;17,5;1,1,1,1,8,18,0.014583333333333245,0.2546396537879738,1.5949515062183344,37.10000000000003,37.1,50.0,3.0,0.3,250.0
184,synthetic_balanced_empirical_resample,64,2,case1,71,89071,2,6;15,6;7,1,1,1,8,18,0.008333333333333156,0.255204427025709,1.6988801831965166,33.10000000000026,33.1,50.0,3.0,0.3,250.0
185,synthetic_balanced_empirical_resample,31,3,case1,34,89034,2,6;19,6;3,1,1,1,8,18,0.01458333333333317,0.31151713595915625,1.7337567123205282,33.10000000000026,33.1,50.0,3.0,0.3,250.0
186,synthetic_balanced_empirical_resample,58,2,case1,63,89063,2,14;15,6;7,1,1,1,8,18,0.008333333333333156,0.2662993099149503,1.840806805620851,33.10000000000026,33.1,50.0,3.0,0.3,250.0
187,synthetic_balanced_empirical_resample,12,3,case1,12,89012,2,10;17,2;1,1,1,1,8,18,0.014930555555555447,0.2818318580700815,1.4702916412670874,35.00000000000015,35.0,50.0,3.0,0.3,250.0
188,synthetic_balanced_empirical_resample,65,2,case1,72,89072,2,9;16,1;0,1,0,0,8,17,0.015277777777777798,0.26153278100769456,1.6712340692174263,33.150000000000254,75.0,50.0,3.0,0.3,250.0
189,synthetic_balanced_empirical_resample,67,2,case1,74,89074,2,6;16,6;0,1,1,1,8,18,0.005555555555555388,0.2963329893109403,1.6533562028429047,33.10000000000026,33.1,50.0,3.0,0.3,250.0
190,synthetic_balanced_empirical_resample,84,5,case1,92,89092,2,1;2,1;2,1,0,0,8,16,0.00868055555555558,0.21661741027005588,1.5944737586452549,33.35000000000024,75.0,50.0,3.0,0.3,250.0
191,synthetic_balanced_empirical_resample,65,3,case1,72,89072,2,9;16,1;0,1,0,0,8,17,0.015277777777777798,0.26153278100769456,1.6712340692174263,33.150000000000254,75.0,50.0,3.0,0.3,250.0
192,synthetic_balanced_empirical_resample,88,4,case1,96,89096,2,2;7,2;7,1,1,1,8,18,0.00868055555555558,0.30055440747766704,1.7878149846168578,33.35000000000024,33.35,50.0,3.0,0.3,250.0
193,synthetic_balanced_empirical_resample,29,2,case1,32,89032,2,1;18,1;2,1,0,0,8,17,0.011805555555555403,0.21547314459189665,1.7958364022661868,33.40000000000024,75.0,50.0,3.0,0.3,250.0
194,synthetic_balanced_empirical_resample,29,3,case1,32,89032,2,1;18,1;2,1,0,0,8,17,0.011805555555555403,0.21547314459189665,1.7958364022661868,33.40000000000024,75.0,50.0,3.0,0.3,250.0
195,synthetic_balanced_empirical_resample,74,4,case1,81,89081,2,3;16,3;0,1,1,1,8,18,0.005902777777777665,0.33152198473044303,1.43058882000288,33.10000000000026,33.1,50.0,3.0,0.3,250.0
196,synthetic_balanced_empirical_resample,80,5,case1,88,89088,2,5;7,5;7,1,1,1,8,18,0.0114583333333332,0.307910488574617,1.5899517082180212,35.15000000000014,35.15,50.0,3.0,0.3,250.0
197,synthetic_balanced_empirical_resample,34,1,case1,38,89038,2,10;15,2;7,1,1,1,8,18,0.011805555555555403,0.17986658311143056,1.830476720108963,35.00000000000015,35.0,50.0,3.0,0.3,250.0
198,synthetic_balanced_empirical_resample,69,4,case1,76,89076,2,3;9,3;1,1,1,1,8,18,0.008680555555555433,0.2447947070166516,1.4039877041318403,33.10000000000026,33.1,50.0,3.0,0.3,250.0
199,synthetic_balanced_empirical_resample,58,3,case1,63,89063,2,14;15,6;7,1,1,1,8,18,0.008333333333333156,0.2662993099149503,1.840806805620851,33.10000000000026,33.1,50.0,3.0,0.3,250.0
200,synthetic_balanced_empirical_resample,35,1,case1,39,89039,2,9;10,1;2,1,1,1,8,18,0.011805555555555403,0.21579332390542275,1.6618758912921372,35.00000000000015,35.0,50.0,3.0,0.3,250.0
201,synthetic_balanced_empirical_resample,41,3,case1,45,89045,2,0;13,0;5,1,1,1,8,18,0.008680555555555433,0.19100512480584514,1.8409465549814943,34.45000000000018,34.45,50.0,3.0,0.3,250.0
202,synthetic_balanced_empirical_resample,72,3,case1,79,89079,2,9;11,1;3,1,1,1,8,18,0.011805555555555477,0.2593805847892985,1.7722146825326954,33.150000000000254,33.15,50.0,3.0,0.3,250.0
203,synthetic_balanced_empirical_resample,5,3,case1,5,89005,2,10;15,2;7,1,1,1,8,18,0.014583333333333318,0.3551089081613883,1.7134790573136733,35.00000000000015,35.0,50.0,3.0,0.3,250.0
204,synthetic_balanced_empirical_resample,7,3,case1,7,89007,2,8;16,0;0,1,1,1,8,18,0.011805555555555477,0.20790144323564855,1.7093711907742066,33.10000000000026,33.1,50.0,3.0,0.3,250.0
205,synthetic_balanced_empirical_resample,2,3,case1,2,89002,2,9;11,1;3,1,1,1,8,18,0.011805555555555477,0.2094534142926686,1.6175158725804908,33.10000000000026,33.1,50.0,3.0,0.3,250.0
206,synthetic_balanced_empirical_resample,14,3,case1,14,89014,2,12;15,4;7,1,1,1,8,18,0.0114583333333332,0.22385955599283014,1.5873335104551465,34.000000000000206,34.0,50.0,3.0,0.3,250.0
207,synthetic_balanced_empirical_resample,44,3,case1,48,89048,2,10;14,2;6,1,1,1,8,18,0.01180555555555518,0.36744558217605594,1.5563435107232424,35.00000000000015,35.0,50.0,3.0,0.3,250.0
208,synthetic_balanced_empirical_resample,25,3,case1,27,89027,2,9;14,1;6,1,1,1,8,18,0.014583333333333023,0.2286781975764709,1.6592159362306687,33.10000000000026,33.1,50.0,3.0,0.3,250.0
209,synthetic_balanced_empirical_resample,28,3,case1,31,89031,2,2;10,2;2,1,1,1,8,18,0.014583333333333318,0.20240079125202676,1.7595279091600324,35.9000000000001,35.9,50.0,3.0,0.3,250.0
210,synthetic_balanced_empirical_resample,24,3,case1,25,89025,2,2;4,2;4,1,1,1,8,18,0.00868055555555558,0.22562441242359416,1.7552225344295804,33.35000000000024,33.35,50.0,3.0,0.3,250.0
211,synthetic_balanced_empirical_resample,11,3,case1,11,89011,2,4;17,4;1,1,1,1,8,18,0.014583333333333245,0.25924597299096824,1.7257492115797612,33.10000000000026,33.1,50.0,3.0,0.3,250.0
212,synthetic_balanced_empirical_resample,16,4,case1,16,89016,2,8;17,0;1,1,0,0,8,17,0.018055555555555124,0.20566435465468555,1.6984593986018575,33.150000000000254,75.0,50.0,3.0,0.3,250.0
213,synthetic_balanced_empirical_resample,14,4,case1,14,89014,2,12;15,4;7,1,1,1,8,18,0.0114583333333332,0.22385955599283014,1.5873335104551465,34.000000000000206,34.0,50.0,3.0,0.3,250.0
214,synthetic_balanced_empirical_resample,25,4,case1,27,89027,2,9;14,1;6,1,1,1,8,18,0.014583333333333023,0.2286781975764709,1.6592159362306687,33.10000000000026,33.1,50.0,3.0,0.3,250.0
215,synthetic_balanced_empirical_resample,20,2,case1,20,89020,2,2;18,2;2,1,1,1,8,18,0.00868055555555558,0.2515263986495112,1.3144804821408473,34.700000000000166,34.7,50.0,3.0,0.3,250.0
216,synthetic_balanced_empirical_resample,73,3,case1,80,89080,2,1;4,1;4,1,1,1,8,18,0.014583333333333245,0.32771360296366014,1.6581558445969296,33.10000000000026,33.1,50.0,3.0,0.3,250.0
217,synthetic_balanced_empirical_resample,22,1,case1,22,89022,2,6;15,6;7,1,1,1,8,18,0.008333333333333156,0.24165544314190532,1.553305962871431,33.150000000000254,33.15,50.0,3.0,0.3,250.0
218,synthetic_balanced_empirical_resample,74,5,case1,81,89081,2,3;16,3;0,1,1,1,8,18,0.005902777777777665,0.33152198473044303,1.43058882000288,33.10000000000026,33.1,50.0,3.0,0.3,250.0
219,synthetic_balanced_empirical_resample,78,4,case1,86,89086,2,12;16,4;0,1,1,1,8,18,0.008680555555555433,0.3073655236542616,1.5438695106656213,33.95000000000021,33.95,50.0,3.0,0.3,250.0
220,synthetic_balanced_empirical_resample,65,4,case1,72,89072,2,9;16,1;0,1,0,0,8,17,0.015277777777777798,0.26153278100769456,1.6712340692174263,33.150000000000254,75.0,50.0,3.0,0.3,250.0
221,synthetic_balanced_empirical_resample,35,2,case1,39,89039,2,9;10,1;2,1,1,1,8,18,0.011805555555555403,0.21579332390542275,1.6618758912921372,35.00000000000015,35.0,50.0,3.0,0.3,250.0
222,synthetic_balanced_empirical_resample,13,3,case1,13,89013,2,5;17,5;1,1,1,1,8,18,0.014583333333333245,0.2546396537879738,1.5949515062183344,37.10000000000003,37.1,50.0,3.0,0.3,250.0
223,synthetic_balanced_empirical_resample,7,4,case1,7,89007,2,8;16,0;0,1,1,1,8,18,0.011805555555555477,0.20790144323564855,1.7093711907742066,33.10000000000026,33.1,50.0,3.0,0.3,250.0
224,synthetic_balanced_empirical_resample,76,1,case1,84,89084,2,1;6,1;6,1,1,1,8,18,0.011458333333332979,0.3315875583894275,1.6502942865296455,33.10000000000026,33.1,50.0,3.0,0.3,250.0
225,synthetic_balanced_empirical_resample,68,2,case1,75,89075,2,9;17,1;1,1,1,1,8,18,0.014583333333333023,0.2524842915064224,1.5699267799348875,33.10000000000026,33.1,50.0,3.0,0.3,250.0
226,synthetic_balanced_empirical_resample,12,4,case1,12,89012,2,10;17,2;1,1,1,1,8,18,0.014930555555555447,0.2818318580700815,1.4702916412670874,35.00000000000015,35.0,50.0,3.0,0.3,250.0
227,synthetic_balanced_empirical_resample,6,4,case1,6,89006,2,3;9,3;1,1,0,0,8,17,0.011805555555555255,0.3965666453142991,1.7804857195248858,33.10000000000026,75.0,50.0,3.0,0.3,250.0
228,synthetic_balanced_empirical_resample,84,6,case1,92,89092,2,1;2,1;2,1,0,0,8,16,0.00868055555555558,0.21661741027005588,1.5944737586452549,33.35000000000024,75.0,50.0,3.0,0.3,250.0
229,synthetic_balanced_empirical_resample,12,5,case1,12,89012,2,10;17,2;1,1,1,1,8,18,0.014930555555555447,0.2818318580700815,1.4702916412670874,35.00000000000015,35.0,50.0,3.0,0.3,250.0
230,synthetic_balanced_empirical_resample,88,5,case1,96,89096,2,2;7,2;7,1,1,1,8,18,0.00868055555555558,0.30055440747766704,1.7878149846168578,33.35000000000024,33.35,50.0,3.0,0.3,250.0
231,synthetic_balanced_empirical_resample,9,4,case1,9,89009,2,1;14,1;6,1,1,1,8,18,0.011458333333332979,0.22495098971959945,1.571125497436433,33.10000000000026,33.1,50.0,3.0,0.3,250.0
232,synthetic_balanced_empirical_resample,82,2,case1,90,89090,2,3;8,3;0,1,0,0,8,17,0.005902777777777665,0.3504866405334641,1.5703509661776793,33.10000000000026,75.0,50.0,3.0,0.3,250.0
233,synthetic_balanced_empirical_resample,32,2,case1,35,89035,2,11;12,3;4,1,1,1,8,18,0.008680555555555433,0.317730768346019,1.6991338701612406,33.70000000000022,33.7,50.0,3.0,0.3,250.0
234,synthetic_balanced_empirical_resample,67,3,case1,74,89074,2,6;16,6;0,1,1,1,8,18,0.005555555555555388,0.2963329893109403,1.6533562028429047,33.10000000000026,33.1,50.0,3.0,0.3,250.0
235,synthetic_balanced_empirical_resample,23,4,case1,23,89023,2,1;7,1;7,1,1,1,8,18,0.014583333333333023,0.2910363324003434,1.5421494176955943,33.150000000000254,33.15,50.0,3.0,0.3,250.0
236,synthetic_balanced_empirical_resample,60,5,case1,67,89067,2,4;11,4;3,1,1,1,8,18,0.014583333333333393,0.2406442574558497,1.7733161761878455,33.150000000000254,33.15,50.0,3.0,0.3,250.0
237,synthetic_balanced_empirical_resample,90,3,case1,98,89098,2,12;17,4;1,1,1,1,8,18,0.014583333333333245,0.235816236693533,1.4975758854284893,33.650000000000226,33.65,50.0,3.0,0.3,250.0
238,synthetic_balanced_empirical_resample,91,5,case1,99,89099,2,16;18,0;2,1,1,1,8,18,0.009027777777777857,0.28641064651275683,1.7733750355906805,33.40000000000024,33.4,50.0,3.0,0.3,250.0
239,synthetic_balanced_empirical_resample,66,1,case1,73,89073,2,4;9,4;1,1,1,1,8,18,0.014583333333333023,0.22760547468858364,1.706299628670782,33.150000000000254,33.15,50.0,3.0,0.3,250.0
240,synthetic_balanced_empirical_resample,20,3,case1,20,89020,2,2;18,2;2,1,1,1,8,18,0.00868055555555558,0.2515263986495112,1.3144804821408473,34.700000000000166,34.7,50.0,3.0,0.3,250.0
241,synthetic_balanced_empirical_resample,76,2,case1,84,89084,2,1;6,1;6,1,1,1,8,18,0.011458333333332979,0.3315875583894275,1.6502942865296455,33.10000000000026,33.1,50.0,3.0,0.3,250.0
242,synthetic_balanced_empirical_resample,64,3,case1,71,89071,2,6;15,6;7,1,1,1,8,18,0.008333333333333156,0.255204427025709,1.6988801831965166,33.10000000000026,33.1,50.0,3.0,0.3,250.0
243,synthetic_balanced_empirical_resample,33,4,case1,37,89037,2,11;16,3;0,1,1,1,8,18,0.012152777777777754,0.306617990699167,1.6704570165035166,33.150000000000254,33.15,50.0,3.0,0.3,250.0
244,synthetic_balanced_empirical_resample,63,3,case1,70,89070,2,15;17,7;1,1,1,1,8,18,0.014583333333333245,0.20660230147888264,1.6076165036368257,33.150000000000254,33.15,50.0,3.0,0.3,250.0
245,synthetic_balanced_empirical_resample,51,1,case1,56,89056,2,0;2,0;2,1,0,0,8,17,0.005902777777777812,0.24028314845048873,1.7402353639758736,33.35000000000024,75.0,50.0,3.0,0.3,250.0
246,synthetic_balanced_empirical_resample,76,3,case1,84,89084,2,1;6,1;6,1,1,1,8,18,0.011458333333332979,0.3315875583894275,1.6502942865296455,33.10000000000026,33.1,50.0,3.0,0.3,250.0
247,synthetic_balanced_empirical_resample,68,3,case1,75,89075,2,9;17,1;1,1,1,1,8,18,0.014583333333333023,0.2524842915064224,1.5699267799348875,33.10000000000026,33.1,50.0,3.0,0.3,250.0
248,synthetic_balanced_empirical_resample,74,6,case1,81,89081,2,3;16,3;0,1,1,1,8,18,0.005902777777777665,0.33152198473044303,1.43058882000288,33.10000000000026,33.1,50.0,3.0,0.3,250.0
249,synthetic_balanced_empirical_resample,84,7,case1,92,89092,2,1;2,1;2,1,0,0,8,16,0.00868055555555558,0.21661741027005588,1.5944737586452549,33.35000000000024,75.0,50.0,3.0,0.3,250.0
250,synthetic_balanced_empirical_resample,51,2,case1,56,89056,2,0;2,0;2,1,0,0,8,17,0.005902777777777812,0.24028314845048873,1.7402353639758736,33.35000000000024,75.0,50.0,3.0,0.3,250.0
251,synthetic_balanced_empirical_resample,24,4,case1,25,89025,2,2;4,2;4,1,1,1,8,18,0.00868055555555558,0.22562441242359416,1.7552225344295804,33.35000000000024,33.35,50.0,3.0,0.3,250.0
252,synthetic_balanced_empirical_resample,14,5,case1,14,89014,2,12;15,4;7,1,1,1,8,18,0.0114583333333332,0.22385955599283014,1.5873335104551465,34.000000000000206,34.0,50.0,3.0,0.3,250.0
253,synthetic_balanced_empirical_resample,57,3,case1,62,89062,2,10;19,2;3,1,1,1,8,18,0.012152777777777679,0.2214850031536176,1.6132838241670733,35.00000000000015,35.0,50.0,3.0,0.3,250.0
254,synthetic_balanced_empirical_resample,10,4,case1,10,89010,2,7;19,7;3,1,1,1,8,18,0.011805555555555477,0.26688340720653303,1.4905559294734867,33.10000000000026,33.1,50.0,3.0,0.3,250.0
255,synthetic_balanced_empirical_resample,17,3,case1,17,89017,2,7;14,7;6,1,1,1,8,18,0.008333333333333156,0.22761873079488582,1.568112498780585,33.150000000000254,33.15,50.0,3.0,0.3,250.0
256,synthetic_balanced_empirical_resample,53,4,case1,58,89058,2,6;16,6;0,1,1,1,8,18,0.011805555555555477,0.28492031325066125,1.5385890026382651,33.150000000000254,33.15,50.0,3.0,0.3,250.0
257,synthetic_balanced_empirical_resample,51,3,case1,56,89056,2,0;2,0;2,1,0,0,8,17,0.005902777777777812,0.24028314845048873,1.7402353639758736,33.35000000000024,75.0,50.0,3.0,0.3,250.0
258,synthetic_balanced_empirical_resample,80,6,case1,88,89088,2,5;7,5;7,1,1,1,8,18,0.0114583333333332,0.307910488574617,1.5899517082180212,35.15000000000014,35.15,50.0,3.0,0.3,250.0
259,synthetic_balanced_empirical_resample,33,5,case1,37,89037,2,11;16,3;0,1,1,1,8,18,0.012152777777777754,0.306617990699167,1.6704570165035166,33.150000000000254,33.15,50.0,3.0,0.3,250.0
260,synthetic_balanced_empirical_resample,81,3,case1,89,89089,2,15;18,7;2,1,1,1,8,18,0.011805555555555403,0.16945087871640319,1.846331659359799,33.40000000000024,33.4,50.0,3.0,0.3,250.0
261,synthetic_balanced_empirical_resample,61,4,case1,68,89068,2,13;19,5;3,1,1,1,8,18,0.011805555555555477,0.25040627573108637,1.6428980032099112,34.550000000000175,34.550000000000004,50.0,3.0,0.3,250.0
262,synthetic_balanced_empirical_resample,58,4,case1,63,89063,2,14;15,6;7,1,1,1,8,18,0.008333333333333156,0.2662993099149503,1.840806805620851,33.10000000000026,33.1,50.0,3.0,0.3,250.0
263,synthetic_balanced_empirical_resample,5,4,case1,5,89005,2,10;15,2;7,1,1,1,8,18,0.014583333333333318,0.3551089081613883,1.7134790573136733,35.00000000000015,35.0,50.0,3.0,0.3,250.0
264,synthetic_balanced_empirical_resample,37,4,case1,41,89041,2,10;19,2;3,1,0,0,8,17,0.012152777777777679,0.37415432881505584,1.7203730544268525,35.00000000000015,75.0,50.0,3.0,0.3,250.0
265,synthetic_balanced_empirical_resample,79,4,case1,87,89087,2,10;13,2;5,1,1,1,8,18,0.011805555555555403,0.25718323663470355,1.4997332120171314,35.00000000000015,35.0,50.0,3.0,0.3,250.0
266,synthetic_balanced_empirical_resample,80,7,case1,88,89088,2,5;7,5;7,1,1,1,8,18,0.0114583333333332,0.307910488574617,1.5899517082180212,35.15000000000014,35.15,50.0,3.0,0.3,250.0
267,synthetic_balanced_empirical_resample,46,4,case1,50,89050,2,11;15,3;7,1,1,1,8,18,0.011458333333333348,0.298580169153551,1.7940277778239004,33.150000000000254,33.15,50.0,3.0,0.3,250.0
268,synthetic_balanced_empirical_resample,36,2,case1,40,89040,2,7;16,7;0,1,1,1,8,18,0.008680555555555433,0.285397596794596,1.5018563331361945,33.10000000000026,33.1,50.0,3.0,0.3,250.0
269,synthetic_balanced_empirical_resample,37,5,case1,41,89041,2,10;19,2;3,1,0,0,8,17,0.012152777777777679,0.37415432881505584,1.7203730544268525,35.00000000000015,75.0,50.0,3.0,0.3,250.0
270,synthetic_balanced_empirical_resample,73,4,case1,80,89080,2,1;4,1;4,1,1,1,8,18,0.014583333333333245,0.32771360296366014,1.6581558445969296,33.10000000000026,33.1,50.0,3.0,0.3,250.0
271,synthetic_balanced_empirical_resample,31,4,case1,34,89034,2,6;19,6;3,1,1,1,8,18,0.01458333333333317,0.31151713595915625,1.7337567123205282,33.10000000000026,33.1,50.0,3.0,0.3,250.0
272,synthetic_balanced_empirical_resample,39,4,case1,43,89043,2,7;14,7;6,1,1,1,8,18,0.008333333333333156,0.2714070664990396,1.3863294723593231,33.10000000000026,33.1,50.0,3.0,0.3,250.0
273,synthetic_balanced_empirical_resample,22,2,case1,22,89022,2,6;15,6;7,1,1,1,8,18,0.008333333333333156,0.24165544314190532,1.553305962871431,33.150000000000254,33.15,50.0,3.0,0.3,250.0
274,synthetic_balanced_empirical_resample,11,4,case1,11,89011,2,4;17,4;1,1,1,1,8,18,0.014583333333333245,0.25924597299096824,1.7257492115797612,33.10000000000026,33.1,50.0,3.0,0.3,250.0
275,synthetic_balanced_empirical_resample,6,5,case1,6,89006,2,3;9,3;1,1,0,0,8,17,0.011805555555555255,0.3965666453142991,1.7804857195248858,33.10000000000026,75.0,50.0,3.0,0.3,250.0
276,synthetic_balanced_empirical_resample,2,4,case1,2,89002,2,9;11,1;3,1,1,1,8,18,0.011805555555555477,0.2094534142926686,1.6175158725804908,33.10000000000026,33.1,50.0,3.0,0.3,250.0
277,synthetic_balanced_empirical_resample,13,4,case1,13,89013,2,5;17,5;1,1,1,1,8,18,0.014583333333333245,0.2546396537879738,1.5949515062183344,37.10000000000003,37.1,50.0,3.0,0.3,250.0
278,synthetic_balanced_empirical_resample,65,5,case1,72,89072,2,9;16,1;0,1,0,0,8,17,0.015277777777777798,0.26153278100769456,1.6712340692174263,33.150000000000254,75.0,50.0,3.0,0.3,250.0
279,synthetic_balanced_empirical_resample,35,3,case1,39,89039,2,9;10,1;2,1,1,1,8,18,0.011805555555555403,0.21579332390542275,1.6618758912921372,35.00000000000015,35.0,50.0,3.0,0.3,250.0
280,synthetic_balanced_empirical_resample,89,3,case1,97,89097,2,3;16,3;0,1,1,1,8,18,0.00902777777777771,0.2368999924352045,1.5162927571288045,33.10000000000026,33.1,50.0,3.0,0.3,250.0
281,synthetic_balanced_empirical_resample,54,2,case1,59,89059,2,13;14,5;6,1,1,1,8,18,0.0114583333333332,0.31319753190021615,1.470747481616238,34.550000000000175,34.550000000000004,50.0,3.0,0.3,250.0
282,synthetic_balanced_empirical_resample,78,5,case1,86,89086,2,12;16,4;0,1,1,1,8,18,0.008680555555555433,0.3073655236542616,1.5438695106656213,33.95000000000021,33.95,50.0,3.0,0.3,250.0
283,synthetic_balanced_empirical_resample,29,4,case1,32,89032,2,1;18,1;2,1,0,0,8,17,0.011805555555555403,0.21547314459189665,1.7958364022661868,33.40000000000024,75.0,50.0,3.0,0.3,250.0
284,synthetic_balanced_empirical_resample,35,4,case1,39,89039,2,9;10,1;2,1,1,1,8,18,0.011805555555555403,0.21579332390542275,1.6618758912921372,35.00000000000015,35.0,50.0,3.0,0.3,250.0
285,synthetic_balanced_empirical_resample,58,5,case1,63,89063,2,14;15,6;7,1,1,1,8,18,0.008333333333333156,0.2662993099149503,1.840806805620851,33.10000000000026,33.1,50.0,3.0,0.3,250.0
286,synthetic_balanced_empirical_resample,58,6,case1,63,89063,2,14;15,6;7,1,1,1,8,18,0.008333333333333156,0.2662993099149503,1.840806805620851,33.10000000000026,33.1,50.0,3.0,0.3,250.0
287,synthetic_balanced_empirical_resample,89,4,case1,97,89097,2,3;16,3;0,1,1,1,8,18,0.00902777777777771,0.2368999924352045,1.5162927571288045,33.10000000000026,33.1,50.0,3.0,0.3,250.0
288,synthetic_balanced_empirical_resample,50,3,case1,55,89055,2,6;17,6;1,1,1,1,8,18,0.0114583333333332,0.2750035245396902,1.6938605658203243,33.10000000000026,33.1,50.0,3.0,0.3,250.0
289,synthetic_balanced_empirical_resample,56,2,case1,61,89061,2,1;9,1;1,1,1,1,8,18,0.0114583333333332,0.22580973478798044,1.623749428718651,33.150000000000254,33.15,50.0,3.0,0.3,250.0
290,synthetic_balanced_empirical_resample,15,3,case1,15,89015,2,1;4,1;4,1,1,1,8,18,0.014583333333333023,0.18194690747653963,1.6073017997402594,33.150000000000254,33.15,50.0,3.0,0.3,250.0
291,synthetic_balanced_empirical_resample,81,4,case1,89,89089,2,15;18,7;2,1,1,1,8,18,0.011805555555555403,0.16945087871640319,1.846331659359799,33.40000000000024,33.4,50.0,3.0,0.3,250.0
292,synthetic_balanced_empirical_resample,2,5,case1,2,89002,2,9;11,1;3,1,1,1,8,18,0.011805555555555477,0.2094534142926686,1.6175158725804908,33.10000000000026,33.1,50.0,3.0,0.3,250.0
293,synthetic_balanced_empirical_resample,4,3,case1,4,89004,2,2;13,2;5,1,1,1,8,18,0.011458333333333496,0.26271418760485715,1.8115164187251827,34.45000000000018,34.45,50.0,3.0,0.3,250.0
294,synthetic_balanced_empirical_resample,73,5,case1,80,89080,2,1;4,1;4,1,1,1,8,18,0.014583333333333245,0.32771360296366014,1.6581558445969296,33.10000000000026,33.1,50.0,3.0,0.3,250.0
295,synthetic_balanced_empirical_resample,85,3,case1,93,89093,2,11;15,3;7,1,1,1,8,18,0.011805555555555477,0.21380930148974253,1.8172182741210983,33.150000000000254,33.15,50.0,3.0,0.3,250.0
296,synthetic_balanced_empirical_resample,56,3,case1,61,89061,2,1;9,1;1,1,1,1,8,18,0.0114583333333332,0.22580973478798044,1.623749428718651,33.150000000000254,33.15,50.0,3.0,0.3,250.0
297,synthetic_balanced_empirical_resample,61,5,case1,68,89068,2,13;19,5;3,1,1,1,8,18,0.011805555555555477,0.25040627573108637,1.6428980032099112,34.550000000000175,34.550000000000004,50.0,3.0,0.3,250.0
298,synthetic_balanced_empirical_resample,77,3,case1,85,89085,2,3;11,3;3,1,1,1,8,18,0.008680555555555433,0.2933975250482656,1.7770363905866264,33.10000000000026,33.1,50.0,3.0,0.3,250.0
299,synthetic_balanced_empirical_resample,34,2,case1,38,89038,2,10;15,2;7,1,1,1,8,18,0.011805555555555403,0.17986658311143056,1.830476720108963,35.00000000000015,35.0,50.0,3.0,0.3,250.0
300,synthetic_balanced_empirical_resample,54,3,case1,59,89059,2,13;14,5;6,1,1,1,8,18,0.0114583333333332,0.31319753190021615,1.470747481616238,34.550000000000175,34.550000000000004,50.0,3.0,0.3,250.0
301,synthetic_balanced_empirical_resample,61,6,case1,68,89068,2,13;19,5;3,1,1,1,8,18,0.011805555555555477,0.25040627573108637,1.6428980032099112,34.550000000000175,34.550000000000004,50.0,3.0,0.3,250.0
302,synthetic_balanced_empirical_resample,87,6,case1,95,89095,2,5;14,5;6,1,1,1,8,18,0.008333333333333156,0.2879613167160864,1.8545260159057877,37.40000000000001,37.4,50.0,3.0,0.3,250.0
303,synthetic_balanced_empirical_resample,43,4,case1,47,89047,2,8;14,0;6,1,1,1,8,18,0.011805555555555255,0.21927155318637448,1.732388840236551,33.150000000000254,33.15,50.0,3.0,0.3,250.0
304,synthetic_balanced_empirical_resample,60,6,case1,67,89067,2,4;11,4;3,1,1,1,8,18,0.014583333333333393,0.2406442574558497,1.7733161761878455,33.150000000000254,33.15,50.0,3.0,0.3,250.0
305,synthetic_balanced_empirical_resample,3,2,case1,3,89003,2,4;15,4;7,1,1,1,8,18,0.0114583333333332,0.25593676605084714,1.6912486082110236,33.10000000000026,33.1,50.0,3.0,0.3,250.0
306,synthetic_balanced_empirical_resample,25,5,case1,27,89027,2,9;14,1;6,1,1,1,8,18,0.014583333333333023,0.2286781975764709,1.6592159362306687,33.10000000000026,33.1,50.0,3.0,0.3,250.0
307,synthetic_balanced_empirical_resample,47,2,case1,51,89051,2,2;11,2;3,1,1,1,8,18,0.009027777777777857,0.2212331162065017,1.7144826030477005,33.35000000000024,33.35,50.0,3.0,0.3,250.0
308,synthetic_balanced_empirical_resample,66,2,case1,73,89073,2,4;9,4;1,1,1,1,8,18,0.014583333333333023,0.22760547468858364,1.706299628670782,33.150000000000254,33.15,50.0,3.0,0.3,250.0
309,synthetic_balanced_empirical_resample,17,4,case1,17,89017,2,7;14,7;6,1,1,1,8,18,0.008333333333333156,0.22761873079488582,1.568112498780585,33.150000000000254,33.15,50.0,3.0,0.3,250.0
310,synthetic_balanced_empirical_resample,76,4,case1,84,89084,2,1;6,1;6,1,1,1,8,18,0.011458333333332979,0.3315875583894275,1.6502942865296455,33.10000000000026,33.1,50.0,3.0,0.3,250.0
311,synthetic_balanced_empirical_resample,61,7,case1,68,89068,2,13;19,5;3,1,1,1,8,18,0.011805555555555477,0.25040627573108637,1.6428980032099112,34.550000000000175,34.550000000000004,50.0,3.0,0.3,250.0
312,synthetic_balanced_empirical_resample,2,6,case1,2,89002,2,9;11,1;3,1,1,1,8,18,0.011805555555555477,0.2094534142926686,1.6175158725804908,33.10000000000026,33.1,50.0,3.0,0.3,250.0
313,synthetic_balanced_empirical_resample,63,4,case1,70,89070,2,15;17,7;1,1,1,1,8,18,0.014583333333333245,0.20660230147888264,1.6076165036368257,33.150000000000254,33.15,50.0,3.0,0.3,250.0
314,synthetic_balanced_empirical_resample,61,8,case1,68,89068,2,13;19,5;3,1,1,1,8,18,0.011805555555555477,0.25040627573108637,1.6428980032099112,34.550000000000175,34.550000000000004,50.0,3.0,0.3,250.0
315,synthetic_balanced_empirical_resample,63,5,case1,70,89070,2,15;17,7;1,1,1,1,8,18,0.014583333333333245,0.20660230147888264,1.6076165036368257,33.150000000000254,33.15,50.0,3.0,0.3,250.0
316,synthetic_balanced_empirical_resample,88,6,case1,96,89096,2,2;7,2;7,1,1,1,8,18,0.00868055555555558,0.30055440747766704,1.7878149846168578,33.35000000000024,33.35,50.0,3.0,0.3,250.0
317,synthetic_balanced_empirical_resample,30,4,case1,33,89033,2,10;12,2;4,1,1,1,8,18,0.014583333333333318,0.24731968420010758,1.3859577637181972,35.00000000000015,35.0,50.0,3.0,0.3,250.0
318,synthetic_balanced_empirical_resample,39,5,case1,43,89043,2,7;14,7;6,1,1,1,8,18,0.008333333333333156,0.2714070664990396,1.3863294723593231,33.10000000000026,33.1,50.0,3.0,0.3,250.0
319,synthetic_balanced_empirical_resample,71,2,case1,78,89078,2,0;17,0;1,1,1,1,8,18,0.011805555555555255,0.2115047496921926,1.7587838338544537,33.150000000000254,33.15,50.0,3.0,0.3,250.0
320,synthetic_balanced_empirical_resample,70,1,case1,77,89077,2,0;4,0;4,1,1,1,8,18,0.011805555555555255,0.2607875148614554,1.8812282151624307,33.10000000000026,33.1,50.0,3.0,0.3,250.0
321,synthetic_balanced_empirical_resample,34,3,case1,38,89038,2,10;15,2;7,1,1,1,8,18,0.011805555555555403,0.17986658311143056,1.830476720108963,35.00000000000015,35.0,50.0,3.0,0.3,250.0
322,synthetic_balanced_empirical_resample,3,3,case1,3,89003,2,4;15,4;7,1,1,1,8,18,0.0114583333333332,0.25593676605084714,1.6912486082110236,33.10000000000026,33.1,50.0,3.0,0.3,250.0
323,synthetic_balanced_empirical_resample,52,3,case1,57,89057,2,9;10,1;2,1,1,1,8,18,0.01805555555555527,0.25495889571026753,1.7441702206721084,35.00000000000015,35.0,50.0,3.0,0.3,250.0
324,synthetic_balanced_empirical_resample,68,4,case1,75,89075,2,9;17,1;1,1,1,1,8,18,0.014583333333333023,0.2524842915064224,1.5699267799348875,33.10000000000026,33.1,50.0,3.0,0.3,250.0
325,synthetic_balanced_empirical_resample,57,4,case1,62,89062,2,10;19,2;3,1,1,1,8,18,0.012152777777777679,0.2214850031536176,1.6132838241670733,35.00000000000015,35.0,50.0,3.0,0.3,250.0
326,synthetic_balanced_empirical_resample,46,5,case1,50,89050,2,11;15,3;7,1,1,1,8,18,0.011458333333333348,0.298580169153551,1.7940277778239004,33.150000000000254,33.15,50.0,3.0,0.3,250.0
327,synthetic_balanced_empirical_resample,56,4,case1,61,89061,2,1;9,1;1,1,1,1,8,18,0.0114583333333332,0.22580973478798044,1.623749428718651,33.150000000000254,33.15,50.0,3.0,0.3,250.0
328,synthetic_balanced_empirical_resample,55,3,case1,60,89060,2,11;15,3;7,1,1,1,8,18,0.0149305555555553,0.24470046994860406,2.0308756121117213,33.150000000000254,33.15,50.0,3.0,0.3,250.0
329,synthetic_balanced_empirical_resample,35,5,case1,39,89039,2,9;10,1;2,1,1,1,8,18,0.011805555555555403,0.21579332390542275,1.6618758912921372,35.00000000000015,35.0,50.0,3.0,0.3,250.0
330,synthetic_balanced_empirical_resample,9,5,case1,9,89009,2,1;14,1;6,1,1,1,8,18,0.011458333333332979,0.22495098971959945,1.571125497436433,33.10000000000026,33.1,50.0,3.0,0.3,250.0
331,synthetic_balanced_empirical_resample,91,6,case1,99,89099,2,16;18,0;2,1,1,1,8,18,0.009027777777777857,0.28641064651275683,1.7733750355906805,33.40000000000024,33.4,50.0,3.0,0.3,250.0
332,synthetic_balanced_empirical_resample,67,4,case1,74,89074,2,6;16,6;0,1,1,1,8,18,0.005555555555555388,0.2963329893109403,1.6533562028429047,33.10000000000026,33.1,50.0,3.0,0.3,250.0
333,synthetic_balanced_empirical_resample,74,7,case1,81,89081,2,3;16,3;0,1,1,1,8,18,0.005902777777777665,0.33152198473044303,1.43058882000288,33.10000000000026,33.1,50.0,3.0,0.3,250.0
334,synthetic_balanced_empirical_resample,1,3,case1,1,89001,2,10;18,2;2,1,1,1,8,18,0.00868055555555558,0.3132981942747487,1.652638372368254,35.950000000000095,35.95,50.0,3.0,0.3,250.0
335,synthetic_balanced_empirical_resample,22,3,case1,22,89022,2,6;15,6;7,1,1,1,8,18,0.008333333333333156,0.24165544314190532,1.553305962871431,33.150000000000254,33.15,50.0,3.0,0.3,250.0
336,synthetic_balanced_empirical_resample,23,5,case1,23,89023,2,1;7,1;7,1,1,1,8,18,0.014583333333333023,0.2910363324003434,1.5421494176955943,33.150000000000254,33.15,50.0,3.0,0.3,250.0
337,synthetic_balanced_empirical_resample,7,5,case1,7,89007,2,8;16,0;0,1,1,1,8,18,0.011805555555555477,0.20790144323564855,1.7093711907742066,33.10000000000026,33.1,50.0,3.0,0.3,250.0
338,synthetic_balanced_empirical_resample,55,4,case1,60,89060,2,11;15,3;7,1,1,1,8,18,0.0149305555555553,0.24470046994860406,2.0308756121117213,33.150000000000254,33.15,50.0,3.0,0.3,250.0
339,synthetic_balanced_empirical_resample,19,3,case1,19,89019,2,15;18,7;2,1,1,1,8,18,0.00868055555555558,0.23103119578273112,1.6843132836805483,33.40000000000024,33.4,50.0,3.0,0.3,250.0
340,synthetic_balanced_empirical_resample,92,2,case1,100,89100,2,3;16,3;0,1,1,1,8,18,0.005902777777777665,0.3035387375066587,1.8764012984839247,33.10000000000026,33.1,50.0,3.0,0.3,250.0
341,synthetic_balanced_empirical_resample,41,4,case1,45,89045,2,0;13,0;5,1,1,1,8,18,0.008680555555555433,0.19100512480584514,1.8409465549814943,34.45000000000018,34.45,50.0,3.0,0.3,250.0
342,synthetic_balanced_empirical_resample,21,5,case1,21,89021,2,3;12,3;4,1,1,1,8,18,0.011805555555555255,0.18736448433508057,1.3750184047702296,33.80000000000022,33.800000000000004,50.0,3.0,0.3,250.0
343,synthetic_balanced_empirical_resample,47,3,case1,51,89051,2,2;11,2;3,1,1,1,8,18,0.009027777777777857,0.2212331162065017,1.7144826030477005,33.35000000000024,33.35,50.0,3.0,0.3,250.0
344,synthetic_balanced_empirical_resample,59,3,case1,66,89066,2,6;19,6;3,1,0,0,8,17,0.011805555555555477,0.15225488857409497,1.468441759967038,33.150000000000254,75.0,50.0,3.0,0.3,250.0
345,synthetic_balanced_empirical_resample,43,5,case1,47,89047,2,8;14,0;6,1,1,1,8,18,0.011805555555555255,0.21927155318637448,1.732388840236551,33.150000000000254,33.15,50.0,3.0,0.3,250.0
346,synthetic_balanced_empirical_resample,57,5,case1,62,89062,2,10;19,2;3,1,1,1,8,18,0.012152777777777679,0.2214850031536176,1.6132838241670733,35.00000000000015,35.0,50.0,3.0,0.3,250.0
347,synthetic_balanced_empirical_resample,28,4,case1,31,89031,2,2;10,2;2,1,1,1,8,18,0.014583333333333318,0.20240079125202676,1.7595279091600324,35.9000000000001,35.9,50.0,3.0,0.3,250.0
348,synthetic_balanced_empirical_resample,81,5,case1,89,89089,2,15;18,7;2,1,1,1,8,18,0.011805555555555403,0.16945087871640319,1.846331659359799,33.40000000000024,33.4,50.0,3.0,0.3,250.0
349,synthetic_balanced_empirical_resample,89,5,case1,97,89097,2,3;16,3;0,1,1,1,8,18,0.00902777777777771,0.2368999924352045,1.5162927571288045,33.10000000000026,33.1,50.0,3.0,0.3,250.0
350,synthetic_balanced_empirical_resample,92,3,case1,100,89100,2,3;16,3;0,1,1,1,8,18,0.005902777777777665,0.3035387375066587,1.8764012984839247,33.10000000000026,33.1,50.0,3.0,0.3,250.0
351,synthetic_balanced_empirical_resample,73,6,case1,80,89080,2,1;4,1;4,1,1,1,8,18,0.014583333333333245,0.32771360296366014,1.6581558445969296,33.10000000000026,33.1,50.0,3.0,0.3,250.0
352,synthetic_balanced_empirical_resample,44,4,case1,48,89048,2,10;14,2;6,1,1,1,8,18,0.01180555555555518,0.36744558217605594,1.5563435107232424,35.00000000000015,35.0,50.0,3.0,0.3,250.0
353,synthetic_balanced_empirical_resample,41,5,case1,45,89045,2,0;13,0;5,1,1,1,8,18,0.008680555555555433,0.19100512480584514,1.8409465549814943,34.45000000000018,34.45,50.0,3.0,0.3,250.0
354,synthetic_balanced_empirical_resample,63,6,case1,70,89070,2,15;17,7;1,1,1,1,8,18,0.014583333333333245,0.20660230147888264,1.6076165036368257,33.150000000000254,33.15,50.0,3.0,0.3,250.0
355,synthetic_balanced_empirical_resample,16,5,case1,16,89016,2,8;17,0;1,1,0,0,8,17,0.018055555555555124,0.20566435465468555,1.6984593986018575,33.150000000000254,75.0,50.0,3.0,0.3,250.0
356,synthetic_balanced_empirical_resample,48,2,case1,53,89053,2,1;3,1;3,1,1,1,8,18,0.008680555555555433,0.24795969697072165,1.6344830231031653,33.10000000000026,33.1,50.0,3.0,0.3,250.0
357,synthetic_balanced_empirical_resample,83,1,case1,91,89091,2,2;12,2;4,1,1,1,8,18,0.00868055555555558,0.23348805210402093,1.7320683520787223,34.30000000000019,34.300000000000004,50.0,3.0,0.3,250.0
358,synthetic_balanced_empirical_resample,17,5,case1,17,89017,2,7;14,7;6,1,1,1,8,18,0.008333333333333156,0.22761873079488582,1.568112498780585,33.150000000000254,33.15,50.0,3.0,0.3,250.0
359,synthetic_balanced_empirical_resample,25,6,case1,27,89027,2,9;14,1;6,1,1,1,8,18,0.014583333333333023,0.2286781975764709,1.6592159362306687,33.10000000000026,33.1,50.0,3.0,0.3,250.0
360,synthetic_balanced_empirical_resample,75,5,case1,82,89082,2,16;17,0;1,1,1,1,8,18,0.008680555555555433,0.2720341581907876,1.6216809816284279,33.10000000000026,33.1,50.0,3.0,0.3,250.0
361,synthetic_balanced_empirical_resample,23,6,case1,23,89023,2,1;7,1;7,1,1,1,8,18,0.014583333333333023,0.2910363324003434,1.5421494176955943,33.150000000000254,33.15,50.0,3.0,0.3,250.0
362,synthetic_balanced_empirical_resample,82,3,case1,90,89090,2,3;8,3;0,1,0,0,8,17,0.005902777777777665,0.3504866405334641,1.5703509661776793,33.10000000000026,75.0,50.0,3.0,0.3,250.0
363,synthetic_balanced_empirical_resample,52,4,case1,57,89057,2,9;10,1;2,1,1,1,8,18,0.01805555555555527,0.25495889571026753,1.7441702206721084,35.00000000000015,35.0,50.0,3.0,0.3,250.0
364,synthetic_balanced_empirical_resample,40,1,case1,44,89044,2,6;10,6;2,1,1,1,8,18,0.01180555555555518,0.2679307424761045,1.6848076602507907,35.00000000000015,35.0,50.0,3.0,0.3,250.0
365,synthetic_balanced_empirical_resample,82,4,case1,90,89090,2,3;8,3;0,1,0,0,8,17,0.005902777777777665,0.3504866405334641,1.5703509661776793,33.10000000000026,75.0,50.0,3.0,0.3,250.0
366,synthetic_balanced_empirical_resample,53,5,case1,58,89058,2,6;16,6;0,1,1,1,8,18,0.011805555555555477,0.28492031325066125,1.5385890026382651,33.150000000000254,33.15,50.0,3.0,0.3,250.0
367,synthetic_balanced_empirical_resample,6,6,case1,6,89006,2,3;9,3;1,1,0,0,8,17,0.011805555555555255,0.3965666453142991,1.7804857195248858,33.10000000000026,75.0,50.0,3.0,0.3,250.0
368,synthetic_balanced_empirical_resample,76,5,case1,84,89084,2,1;6,1;6,1,1,1,8,18,0.011458333333332979,0.3315875583894275,1.6502942865296455,33.10000000000026,33.1,50.0,3.0,0.3,250.0
369,synthetic_balanced_empirical_resample,7,6,case1,7,89007,2,8;16,0;0,1,1,1,8,18,0.011805555555555477,0.20790144323564855,1.7093711907742066,33.10000000000026,33.1,50.0,3.0,0.3,250.0
370,synthetic_balanced_empirical_resample,18,2,case1,18,89018,2,10;12,2;4,1,1,1,8,18,0.011805555555555403,0.3094811108555522,1.5203957943081818,35.00000000000015,35.0,50.0,3.0,0.3,250.0
371,synthetic_balanced_empirical_resample,56,5,case1,61,89061,2,1;9,1;1,1,1,1,8,18,0.0114583333333332,0.22580973478798044,1.623749428718651,33.150000000000254,33.15,50.0,3.0,0.3,250.0
372,synthetic_balanced_empirical_resample,37,6,case1,41,89041,2,10;19,2;3,1,0,0,8,17,0.012152777777777679,0.37415432881505584,1.7203730544268525,35.00000000000015,75.0,50.0,3.0,0.3,250.0
373,synthetic_balanced_empirical_resample,31,5,case1,34,89034,2,6;19,6;3,1,1,1,8,18,0.01458333333333317,0.31151713595915625,1.7337567123205282,33.10000000000026,33.1,50.0,3.0,0.3,250.0
374,synthetic_balanced_empirical_resample,23,7,case1,23,89023,2,1;7,1;7,1,1,1,8,18,0.014583333333333023,0.2910363324003434,1.5421494176955943,33.150000000000254,33.15,50.0,3.0,0.3,250.0
375,synthetic_balanced_empirical_resample,77,4,case1,85,89085,2,3;11,3;3,1,1,1,8,18,0.008680555555555433,0.2933975250482656,1.7770363905866264,33.10000000000026,33.1,50.0,3.0,0.3,250.0
376,synthetic_balanced_empirical_resample,64,4,case1,71,89071,2,6;15,6;7,1,1,1,8,18,0.008333333333333156,0.255204427025709,1.6988801831965166,33.10000000000026,33.1,50.0,3.0,0.3,250.0
377,synthetic_balanced_empirical_resample,17,6,case1,17,89017,2,7;14,7;6,1,1,1,8,18,0.008333333333333156,0.22761873079488582,1.568112498780585,33.150000000000254,33.15,50.0,3.0,0.3,250.0
378,synthetic_balanced_empirical_resample,62,3,case1,69,89069,2,4;13,4;5,1,1,1,8,18,0.0114583333333332,0.2661804663760047,1.8920402855087322,34.40000000000018,34.4,50.0,3.0,0.3,250.0
379,synthetic_balanced_empirical_resample,56,6,case1,61,89061,2,1;9,1;1,1,1,1,8,18,0.0114583333333332,0.22580973478798044,1.623749428718651,33.150000000000254,33.15,50.0,3.0,0.3,250.0
380,synthetic_balanced_empirical_resample,15,4,case1,15,89015,2,1;4,1;4,1,1,1,8,18,0.014583333333333023,0.18194690747653963,1.6073017997402594,33.150000000000254,33.15,50.0,3.0,0.3,250.0
381,synthetic_balanced_empirical_resample,1,4,case1,1,89001,2,10;18,2;2,1,1,1,8,18,0.00868055555555558,0.3132981942747487,1.652638372368254,35.950000000000095,35.95,50.0,3.0,0.3,250.0
382,synthetic_balanced_empirical_resample,42,3,case1,46,89046,2,7;13,7;5,1,0,0,8,16,0.011805555555555477,0.2904393485930362,1.8667153398685044,34.60000000000017,75.0,50.0,3.0,0.3,250.0
383,synthetic_balanced_empirical_resample,3,4,case1,3,89003,2,4;15,4;7,1,1,1,8,18,0.0114583333333332,0.25593676605084714,1.6912486082110236,33.10000000000026,33.1,50.0,3.0,0.3,250.0
384,synthetic_balanced_empirical_resample,18,3,case1,18,89018,2,10;12,2;4,1,1,1,8,18,0.011805555555555403,0.3094811108555522,1.5203957943081818,35.00000000000015,35.0,50.0,3.0,0.3,250.0
385,synthetic_balanced_empirical_resample,70,2,case1,77,89077,2,0;4,0;4,1,1,1,8,18,0.011805555555555255,0.2607875148614554,1.8812282151624307,33.10000000000026,33.1,50.0,3.0,0.3,250.0
386,synthetic_balanced_empirical_resample,83,2,case1,91,89091,2,2;12,2;4,1,1,1,8,18,0.00868055555555558,0.23348805210402093,1.7320683520787223,34.30000000000019,34.300000000000004,50.0,3.0,0.3,250.0
387,synthetic_balanced_empirical_resample,4,4,case1,4,89004,2,2;13,2;5,1,1,1,8,18,0.011458333333333496,0.26271418760485715,1.8115164187251827,34.45000000000018,34.45,50.0,3.0,0.3,250.0
388,synthetic_balanced_empirical_resample,20,4,case1,20,89020,2,2;18,2;2,1,1,1,8,18,0.00868055555555558,0.2515263986495112,1.3144804821408473,34.700000000000166,34.7,50.0,3.0,0.3,250.0
389,synthetic_balanced_empirical_resample,91,7,case1,99,89099,2,16;18,0;2,1,1,1,8,18,0.009027777777777857,0.28641064651275683,1.7733750355906805,33.40000000000024,33.4,50.0,3.0,0.3,250.0
390,synthetic_balanced_empirical_resample,60,7,case1,67,89067,2,4;11,4;3,1,1,1,8,18,0.014583333333333393,0.2406442574558497,1.7733161761878455,33.150000000000254,33.15,50.0,3.0,0.3,250.0
391,synthetic_balanced_empirical_resample,47,4,case1,51,89051,2,2;11,2;3,1,1,1,8,18,0.009027777777777857,0.2212331162065017,1.7144826030477005,33.35000000000024,33.35,50.0,3.0,0.3,250.0
392,synthetic_balanced_empirical_resample,5,5,case1,5,89005,2,10;15,2;7,1,1,1,8,18,0.014583333333333318,0.3551089081613883,1.7134790573136733,35.00000000000015,35.0,50.0,3.0,0.3,250.0
393,synthetic_balanced_empirical_resample,60,8,case1,67,89067,2,4;11,4;3,1,1,1,8,18,0.014583333333333393,0.2406442574558497,1.7733161761878455,33.150000000000254,33.15,50.0,3.0,0.3,250.0
394,synthetic_balanced_empirical_resample,58,7,case1,63,89063,2,14;15,6;7,1,1,1,8,18,0.008333333333333156,0.2662993099149503,1.840806805620851,33.10000000000026,33.1,50.0,3.0,0.3,250.0
395,synthetic_balanced_empirical_resample,65,6,case1,72,89072,2,9;16,1;0,1,0,0,8,17,0.015277777777777798,0.26153278100769456,1.6712340692174263,33.150000000000254,75.0,50.0,3.0,0.3,250.0
396,synthetic_balanced_empirical_resample,27,3,case1,29,89029,2,4;13,4;5,1,1,1,8,18,0.0114583333333332,0.2903549782855269,1.7309498516820714,34.40000000000018,34.4,50.0,3.0,0.3,250.0
397,synthetic_balanced_empirical_resample,81,6,case1,89,89089,2,15;18,7;2,1,1,1,8,18,0.011805555555555403,0.16945087871640319,1.846331659359799,33.40000000000024,33.4,50.0,3.0,0.3,250.0
398,synthetic_balanced_empirical_resample,92,4,case1,100,89100,2,3;16,3;0,1,1,1,8,18,0.005902777777777665,0.3035387375066587,1.8764012984839247,33.10000000000026,33.1,50.0,3.0,0.3,250.0
399,synthetic_balanced_empirical_resample,10,5,case1,10,89010,2,7;19,7;3,1,1,1,8,18,0.011805555555555477,0.26688340720653303,1.4905559294734867,33.10000000000026,33.1,50.0,3.0,0.3,250.0
400,synthetic_balanced_empirical_resample,69,5,case1,76,89076,2,3;9,3;1,1,1,1,8,18,0.008680555555555433,0.2447947070166516,1.4039877041318403,33.10000000000026,33.1,50.0,3.0,0.3,250.0
401,synthetic_balanced_empirical_resample,20,5,case1,20,89020,2,2;18,2;2,1,1,1,8,18,0.00868055555555558,0.2515263986495112,1.3144804821408473,34.700000000000166,34.7,50.0,3.0,0.3,250.0
402,synthetic_balanced_empirical_resample,36,3,case1,40,89040,2,7;16,7;0,1,1,1,8,18,0.008680555555555433,0.285397596794596,1.5018563331361945,33.10000000000026,33.1,50.0,3.0,0.3,250.0
403,synthetic_balanced_empirical_resample,49,4,case1,54,89054,2,13;16,5;0,1,1,1,8,18,0.014930555555555522,0.2456453645340313,1.6046476295252217,34.45000000000018,34.45,50.0,3.0,0.3,250.0
404,synthetic_balanced_empirical_resample,31,6,case1,34,89034,2,6;19,6;3,1,1,1,8,18,0.01458333333333317,0.31151713595915625,1.7337567123205282,33.10000000000026,33.1,50.0,3.0,0.3,250.0
405,synthetic_balanced_empirical_resample,51,4,case1,56,89056,2,0;2,0;2,1,0,0,8,17,0.005902777777777812,0.24028314845048873,1.7402353639758736,33.35000000000024,75.0,50.0,3.0,0.3,250.0
406,synthetic_balanced_empirical_resample,46,6,case1,50,89050,2,11;15,3;7,1,1,1,8,18,0.011458333333333348,0.298580169153551,1.7940277778239004,33.150000000000254,33.15,50.0,3.0,0.3,250.0
407,synthetic_balanced_empirical_resample,36,4,case1,40,89040,2,7;16,7;0,1,1,1,8,18,0.008680555555555433,0.285397596794596,1.5018563331361945,33.10000000000026,33.1,50.0,3.0,0.3,250.0
408,synthetic_balanced_empirical_resample,75,6,case1,82,89082,2,16;17,0;1,1,1,1,8,18,0.008680555555555433,0.2720341581907876,1.6216809816284279,33.10000000000026,33.1,50.0,3.0,0.3,250.0
409,synthetic_balanced_empirical_resample,31,7,case1,34,89034,2,6;19,6;3,1,1,1,8,18,0.01458333333333317,0.31151713595915625,1.7337567123205282,33.10000000000026,33.1,50.0,3.0,0.3,250.0
410,synthetic_balanced_empirical_resample,86,2,case1,94,89094,2,7;18,7;2,1,1,1,8,18,0.00868055555555558,0.33822711134257205,1.5922602733703575,33.40000000000024,33.4,50.0,3.0,0.3,250.0
411,synthetic_balanced_empirical_resample,85,4,case1,93,89093,2,11;15,3;7,1,1,1,8,18,0.011805555555555477,0.21380930148974253,1.8172182741210983,33.150000000000254,33.15,50.0,3.0,0.3,250.0
412,synthetic_balanced_empirical_resample,88,7,case1,96,89096,2,2;7,2;7,1,1,1,8,18,0.00868055555555558,0.30055440747766704,1.7878149846168578,33.35000000000024,33.35,50.0,3.0,0.3,250.0
413,synthetic_balanced_empirical_resample,72,4,case1,79,89079,2,9;11,1;3,1,1,1,8,18,0.011805555555555477,0.2593805847892985,1.7722146825326954,33.150000000000254,33.15,50.0,3.0,0.3,250.0
414,synthetic_balanced_empirical_resample,58,8,case1,63,89063,2,14;15,6;7,1,1,1,8,18,0.008333333333333156,0.2662993099149503,1.840806805620851,33.10000000000026,33.1,50.0,3.0,0.3,250.0
415,synthetic_balanced_empirical_resample,89,6,case1,97,89097,2,3;16,3;0,1,1,1,8,18,0.00902777777777771,0.2368999924352045,1.5162927571288045,33.10000000000026,33.1,50.0,3.0,0.3,250.0
416,synthetic_balanced_empirical_resample,86,3,case1,94,89094,2,7;18,7;2,1,1,1,8,18,0.00868055555555558,0.33822711134257205,1.5922602733703575,33.40000000000024,33.4,50.0,3.0,0.3,250.0
417,synthetic_balanced_empirical_resample,38,3,case1,42,89042,2,9;19,1;3,1,1,1,8,18,0.011805555555555477,0.29307585256457774,1.6061677520194202,33.10000000000026,33.1,50.0,3.0,0.3,250.0
418,synthetic_balanced_empirical_resample,16,6,case1,16,89016,2,8;17,0;1,1,0,0,8,17,0.018055555555555124,0.20566435465468555,1.6984593986018575,33.150000000000254,75.0,50.0,3.0,0.3,250.0
419,synthetic_balanced_empirical_resample,18,4,case1,18,89018,2,10;12,2;4,1,1,1,8,18,0.011805555555555403,0.3094811108555522,1.5203957943081818,35.00000000000015,35.0,50.0,3.0,0.3,250.0
420,synthetic_balanced_empirical_resample,12,6,case1,12,89012,2,10;17,2;1,1,1,1,8,18,0.014930555555555447,0.2818318580700815,1.4702916412670874,35.00000000000015,35.0,50.0,3.0,0.3,250.0
421,synthetic_balanced_empirical_resample,57,6,case1,62,89062,2,10;19,2;3,1,1,1,8,18,0.012152777777777679,0.2214850031536176,1.6132838241670733,35.00000000000015,35.0,50.0,3.0,0.3,250.0
422,synthetic_balanced_empirical_resample,69,6,case1,76,89076,2,3;9,3;1,1,1,1,8,18,0.008680555555555433,0.2447947070166516,1.4039877041318403,33.10000000000026,33.1,50.0,3.0,0.3,250.0
423,synthetic_balanced_empirical_resample,36,5,case1,40,89040,2,7;16,7;0,1,1,1,8,18,0.008680555555555433,0.285397596794596,1.5018563331361945,33.10000000000026,33.1,50.0,3.0,0.3,250.0
424,synthetic_balanced_empirical_resample,17,7,case1,17,89017,2,7;14,7;6,1,1,1,8,18,0.008333333333333156,0.22761873079488582,1.568112498780585,33.150000000000254,33.15,50.0,3.0,0.3,250.0
425,synthetic_balanced_empirical_resample,80,8,case1,88,89088,2,5;7,5;7,1,1,1,8,18,0.0114583333333332,0.307910488574617,1.5899517082180212,35.15000000000014,35.15,50.0,3.0,0.3,250.0
426,synthetic_balanced_empirical_resample,21,6,case1,21,89021,2,3;12,3;4,1,1,1,8,18,0.011805555555555255,0.18736448433508057,1.3750184047702296,33.80000000000022,33.800000000000004,50.0,3.0,0.3,250.0
427,synthetic_balanced_empirical_resample,42,4,case1,46,89046,2,7;13,7;5,1,0,0,8,16,0.011805555555555477,0.2904393485930362,1.8667153398685044,34.60000000000017,75.0,50.0,3.0,0.3,250.0
428,synthetic_balanced_empirical_resample,41,6,case1,45,89045,2,0;13,0;5,1,1,1,8,18,0.008680555555555433,0.19100512480584514,1.8409465549814943,34.45000000000018,34.45,50.0,3.0,0.3,250.0
429,synthetic_balanced_empirical_resample,62,4,case1,69,89069,2,4;13,4;5,1,1,1,8,18,0.0114583333333332,0.2661804663760047,1.8920402855087322,34.40000000000018,34.4,50.0,3.0,0.3,250.0
430,synthetic_balanced_empirical_resample,66,3,case1,73,89073,2,4;9,4;1,1,1,1,8,18,0.014583333333333023,0.22760547468858364,1.706299628670782,33.150000000000254,33.15,50.0,3.0,0.3,250.0
431,synthetic_balanced_empirical_resample,84,8,case1,92,89092,2,1;2,1;2,1,0,0,8,16,0.00868055555555558,0.21661741027005588,1.5944737586452549,33.35000000000024,75.0,50.0,3.0,0.3,250.0
432,synthetic_balanced_empirical_resample,41,7,case1,45,89045,2,0;13,0;5,1,1,1,8,18,0.008680555555555433,0.19100512480584514,1.8409465549814943,34.45000000000018,34.45,50.0,3.0,0.3,250.0
433,synthetic_balanced_empirical_resample,81,7,case1,89,89089,2,15;18,7;2,1,1,1,8,18,0.011805555555555403,0.16945087871640319,1.846331659359799,33.40000000000024,33.4,50.0,3.0,0.3,250.0
434,synthetic_balanced_empirical_resample,27,4,case1,29,89029,2,4;13,4;5,1,1,1,8,18,0.0114583333333332,0.2903549782855269,1.7309498516820714,34.40000000000018,34.4,50.0,3.0,0.3,250.0
435,synthetic_balanced_empirical_resample,61,9,case1,68,89068,2,13;19,5;3,1,1,1,8,18,0.011805555555555477,0.25040627573108637,1.6428980032099112,34.550000000000175,34.550000000000004,50.0,3.0,0.3,250.0
436,synthetic_balanced_empirical_resample,86,4,case1,94,89094,2,7;18,7;2,1,1,1,8,18,0.00868055555555558,0.33822711134257205,1.5922602733703575,33.40000000000024,33.4,50.0,3.0,0.3,250.0
437,synthetic_balanced_empirical_resample,55,5,case1,60,89060,2,11;15,3;7,1,1,1,8,18,0.0149305555555553,0.24470046994860406,2.0308756121117213,33.150000000000254,33.15,50.0,3.0,0.3,250.0
438,synthetic_balanced_empirical_resample,26,5,case1,28,89028,2,3;5,3;5,1,1,1,8,18,0.008680555555555433,0.2524850726770209,1.664697271355655,34.80000000000016,34.800000000000004,50.0,3.0,0.3,250.0
439,synthetic_balanced_empirical_resample,52,5,case1,57,89057,2,9;10,1;2,1,1,1,8,18,0.01805555555555527,0.25495889571026753,1.7441702206721084,35.00000000000015,35.0,50.0,3.0,0.3,250.0
440,synthetic_balanced_empirical_resample,53,6,case1,58,89058,2,6;16,6;0,1,1,1,8,18,0.011805555555555477,0.28492031325066125,1.5385890026382651,33.150000000000254,33.15,50.0,3.0,0.3,250.0
441,synthetic_balanced_empirical_resample,8,2,case1,8,89008,2,1;12,1;4,1,1,1,8,18,0.0114583333333332,0.28610148149120496,1.5318244215237664,34.25000000000019,34.25,50.0,3.0,0.3,250.0
442,synthetic_balanced_empirical_resample,91,8,case1,99,89099,2,16;18,0;2,1,1,1,8,18,0.009027777777777857,0.28641064651275683,1.7733750355906805,33.40000000000024,33.4,50.0,3.0,0.3,250.0
443,synthetic_balanced_empirical_resample,34,4,case1,38,89038,2,10;15,2;7,1,1,1,8,18,0.011805555555555403,0.17986658311143056,1.830476720108963,35.00000000000015,35.0,50.0,3.0,0.3,250.0
444,synthetic_balanced_empirical_resample,33,6,case1,37,89037,2,11;16,3;0,1,1,1,8,18,0.012152777777777754,0.306617990699167,1.6704570165035166,33.150000000000254,33.15,50.0,3.0,0.3,250.0
445,synthetic_balanced_empirical_resample,15,5,case1,15,89015,2,1;4,1;4,1,1,1,8,18,0.014583333333333023,0.18194690747653963,1.6073017997402594,33.150000000000254,33.15,50.0,3.0,0.3,250.0
446,synthetic_balanced_empirical_resample,22,4,case1,22,89022,2,6;15,6;7,1,1,1,8,18,0.008333333333333156,0.24165544314190532,1.553305962871431,33.150000000000254,33.15,50.0,3.0,0.3,250.0
447,synthetic_balanced_empirical_resample,38,4,case1,42,89042,2,9;19,1;3,1,1,1,8,18,0.011805555555555477,0.29307585256457774,1.6061677520194202,33.10000000000026,33.1,50.0,3.0,0.3,250.0
448,synthetic_balanced_empirical_resample,12,7,case1,12,89012,2,10;17,2;1,1,1,1,8,18,0.014930555555555447,0.2818318580700815,1.4702916412670874,35.00000000000015,35.0,50.0,3.0,0.3,250.0
449,synthetic_balanced_empirical_resample,42,5,case1,46,89046,2,7;13,7;5,1,0,0,8,16,0.011805555555555477,0.2904393485930362,1.8667153398685044,34.60000000000017,75.0,50.0,3.0,0.3,250.0
450,synthetic_balanced_empirical_resample,71,3,case1,78,89078,2,0;17,0;1,1,1,1,8,18,0.011805555555555255,0.2115047496921926,1.7587838338544537,33.150000000000254,33.15,50.0,3.0,0.3,250.0
451,synthetic_balanced_empirical_resample,6,7,case1,6,89006,2,3;9,3;1,1,0,0,8,17,0.011805555555555255,0.3965666453142991,1.7804857195248858,33.10000000000026,75.0,50.0,3.0,0.3,250.0
452,synthetic_balanced_empirical_resample,7,7,case1,7,89007,2,8;16,0;0,1,1,1,8,18,0.011805555555555477,0.20790144323564855,1.7093711907742066,33.10000000000026,33.1,50.0,3.0,0.3,250.0
453,synthetic_balanced_empirical_resample,47,5,case1,51,89051,2,2;11,2;3,1,1,1,8,18,0.009027777777777857,0.2212331162065017,1.7144826030477005,33.35000000000024,33.35,50.0,3.0,0.3,250.0
454,synthetic_balanced_empirical_resample,62,5,case1,69,89069,2,4;13,4;5,1,1,1,8,18,0.0114583333333332,0.2661804663760047,1.8920402855087322,34.40000000000018,34.4,50.0,3.0,0.3,250.0
455,synthetic_balanced_empirical_resample,70,3,case1,77,89077,2,0;4,0;4,1,1,1,8,18,0.011805555555555255,0.2607875148614554,1.8812282151624307,33.10000000000026,33.1,50.0,3.0,0.3,250.0
456,synthetic_balanced_empirical_resample,69,7,case1,76,89076,2,3;9,3;1,1,1,1,8,18,0.008680555555555433,0.2447947070166516,1.4039877041318403,33.10000000000026,33.1,50.0,3.0,0.3,250.0
457,synthetic_balanced_empirical_resample,40,2,case1,44,89044,2,6;10,6;2,1,1,1,8,18,0.01180555555555518,0.2679307424761045,1.6848076602507907,35.00000000000015,35.0,50.0,3.0,0.3,250.0
458,synthetic_balanced_empirical_resample,46,7,case1,50,89050,2,11;15,3;7,1,1,1,8,18,0.011458333333333348,0.298580169153551,1.7940277778239004,33.150000000000254,33.15,50.0,3.0,0.3,250.0
459,synthetic_balanced_empirical_resample,91,9,case1,99,89099,2,16;18,0;2,1,1,1,8,18,0.009027777777777857,0.28641064651275683,1.7733750355906805,33.40000000000024,33.4,50.0,3.0,0.3,250.0
460,synthetic_balanced_empirical_resample,67,5,case1,74,89074,2,6;16,6;0,1,1,1,8,18,0.005555555555555388,0.2963329893109403,1.6533562028429047,33.10000000000026,33.1,50.0,3.0,0.3,250.0
461,synthetic_balanced_empirical_resample,42,6,case1,46,89046,2,7;13,7;5,1,0,0,8,16,0.011805555555555477,0.2904393485930362,1.8667153398685044,34.60000000000017,75.0,50.0,3.0,0.3,250.0
462,synthetic_balanced_empirical_resample,31,8,case1,34,89034,2,6;19,6;3,1,1,1,8,18,0.01458333333333317,0.31151713595915625,1.7337567123205282,33.10000000000026,33.1,50.0,3.0,0.3,250.0
463,synthetic_balanced_empirical_resample,74,8,case1,81,89081,2,3;16,3;0,1,1,1,8,18,0.005902777777777665,0.33152198473044303,1.43058882000288,33.10000000000026,33.1,50.0,3.0,0.3,250.0
464,synthetic_balanced_empirical_resample,63,7,case1,70,89070,2,15;17,7;1,1,1,1,8,18,0.014583333333333245,0.20660230147888264,1.6076165036368257,33.150000000000254,33.15,50.0,3.0,0.3,250.0
465,synthetic_balanced_empirical_resample,25,7,case1,27,89027,2,9;14,1;6,1,1,1,8,18,0.014583333333333023,0.2286781975764709,1.6592159362306687,33.10000000000026,33.1,50.0,3.0,0.3,250.0
466,synthetic_balanced_empirical_resample,20,6,case1,20,89020,2,2;18,2;2,1,1,1,8,18,0.00868055555555558,0.2515263986495112,1.3144804821408473,34.700000000000166,34.7,50.0,3.0,0.3,250.0
467,synthetic_balanced_empirical_resample,59,4,case1,66,89066,2,6;19,6;3,1,0,0,8,17,0.011805555555555477,0.15225488857409497,1.468441759967038,33.150000000000254,75.0,50.0,3.0,0.3,250.0
468,synthetic_balanced_empirical_resample,9,6,case1,9,89009,2,1;14,1;6,1,1,1,8,18,0.011458333333332979,0.22495098971959945,1.571125497436433,33.10000000000026,33.1,50.0,3.0,0.3,250.0
469,synthetic_balanced_empirical_resample,30,5,case1,33,89033,2,10;12,2;4,1,1,1,8,18,0.014583333333333318,0.24731968420010758,1.3859577637181972,35.00000000000015,35.0,50.0,3.0,0.3,250.0
470,synthetic_balanced_empirical_resample,54,4,case1,59,89059,2,13;14,5;6,1,1,1,8,18,0.0114583333333332,0.31319753190021615,1.470747481616238,34.550000000000175,34.550000000000004,50.0,3.0,0.3,250.0
471,synthetic_balanced_empirical_resample,80,9,case1,88,89088,2,5;7,5;7,1,1,1,8,18,0.0114583333333332,0.307910488574617,1.5899517082180212,35.15000000000014,35.15,50.0,3.0,0.3,250.0
472,synthetic_balanced_empirical_resample,62,6,case1,69,89069,2,4;13,4;5,1,1,1,8,18,0.0114583333333332,0.2661804663760047,1.8920402855087322,34.40000000000018,34.4,50.0,3.0,0.3,250.0
473,synthetic_balanced_empirical_resample,48,3,case1,53,89053,2,1;3,1;3,1,1,1,8,18,0.008680555555555433,0.24795969697072165,1.6344830231031653,33.10000000000026,33.1,50.0,3.0,0.3,250.0
474,synthetic_balanced_empirical_resample,49,5,case1,54,89054,2,13;16,5;0,1,1,1,8,18,0.014930555555555522,0.2456453645340313,1.6046476295252217,34.45000000000018,34.45,50.0,3.0,0.3,250.0
475,synthetic_balanced_empirical_resample,67,6,case1,74,89074,2,6;16,6;0,1,1,1,8,18,0.005555555555555388,0.2963329893109403,1.6533562028429047,33.10000000000026,33.1,50.0,3.0,0.3,250.0
476,synthetic_balanced_empirical_resample,82,5,case1,90,89090,2,3;8,3;0,1,0,0,8,17,0.005902777777777665,0.3504866405334641,1.5703509661776793,33.10000000000026,75.0,50.0,3.0,0.3,250.0
477,synthetic_balanced_empirical_resample,1,5,case1,1,89001,2,10;18,2;2,1,1,1,8,18,0.00868055555555558,0.3132981942747487,1.652638372368254,35.950000000000095,35.95,50.0,3.0,0.3,250.0
478,synthetic_balanced_empirical_resample,60,9,case1,67,89067,2,4;11,4;3,1,1,1,8,18,0.014583333333333393,0.2406442574558497,1.7733161761878455,33.150000000000254,33.15,50.0,3.0,0.3,250.0
479,synthetic_balanced_empirical_resample,33,7,case1,37,89037,2,11;16,3;0,1,1,1,8,18,0.012152777777777754,0.306617990699167,1.6704570165035166,33.150000000000254,33.15,50.0,3.0,0.3,250.0
480,synthetic_balanced_empirical_resample,30,6,case1,33,89033,2,10;12,2;4,1,1,1,8,18,0.014583333333333318,0.24731968420010758,1.3859577637181972,35.00000000000015,35.0,50.0,3.0,0.3,250.0
481,synthetic_balanced_empirical_resample,66,4,case1,73,89073,2,4;9,4;1,1,1,1,8,18,0.014583333333333023,0.22760547468858364,1.706299628670782,33.150000000000254,33.15,50.0,3.0,0.3,250.0
482,synthetic_balanced_empirical_resample,19,4,case1,19,89019,2,15;18,7;2,1,1,1,8,18,0.00868055555555558,0.23103119578273112,1.6843132836805483,33.40000000000024,33.4,50.0,3.0,0.3,250.0
483,synthetic_balanced_empirical_resample,45,4,case1,49,89049,2,8;18,0;2,1,1,1,8,18,0.012152777777777457,0.2596344574280118,1.730093399338582,33.40000000000024,33.4,50.0,3.0,0.3,250.0
484,synthetic_balanced_empirical_resample,47,6,case1,51,89051,2,2;11,2;3,1,1,1,8,18,0.009027777777777857,0.2212331162065017,1.7144826030477005,33.35000000000024,33.35,50.0,3.0,0.3,250.0
485,synthetic_balanced_empirical_resample,20,7,case1,20,89020,2,2;18,2;2,1,1,1,8,18,0.00868055555555558,0.2515263986495112,1.3144804821408473,34.700000000000166,34.7,50.0,3.0,0.3,250.0
486,synthetic_balanced_empirical_resample,91,10,case1,99,89099,2,16;18,0;2,1,1,1,8,18,0.009027777777777857,0.28641064651275683,1.7733750355906805,33.40000000000024,33.4,50.0,3.0,0.3,250.0
487,synthetic_balanced_empirical_resample,3,5,case1,3,89003,2,4;15,4;7,1,1,1,8,18,0.0114583333333332,0.25593676605084714,1.6912486082110236,33.10000000000026,33.1,50.0,3.0,0.3,250.0
488,synthetic_balanced_empirical_resample,92,5,case1,100,89100,2,3;16,3;0,1,1,1,8,18,0.005902777777777665,0.3035387375066587,1.8764012984839247,33.10000000000026,33.1,50.0,3.0,0.3,250.0
489,synthetic_balanced_empirical_resample,82,6,case1,90,89090,2,3;8,3;0,1,0,0,8,17,0.005902777777777665,0.3504866405334641,1.5703509661776793,33.10000000000026,75.0,50.0,3.0,0.3,250.0
490,synthetic_balanced_empirical_resample,18,5,case1,18,89018,2,10;12,2;4,1,1,1,8,18,0.011805555555555403,0.3094811108555522,1.5203957943081818,35.00000000000015,35.0,50.0,3.0,0.3,250.0
491,synthetic_balanced_empirical_resample,29,5,case1,32,89032,2,1;18,1;2,1,0,0,8,17,0.011805555555555403,0.21547314459189665,1.7958364022661868,33.40000000000024,75.0,50.0,3.0,0.3,250.0
492,synthetic_balanced_empirical_resample,31,9,case1,34,89034,2,6;19,6;3,1,1,1,8,18,0.01458333333333317,0.31151713595915625,1.7337567123205282,33.10000000000026,33.1,50.0,3.0,0.3,250.0
493,synthetic_balanced_empirical_resample,64,5,case1,71,89071,2,6;15,6;7,1,1,1,8,18,0.008333333333333156,0.255204427025709,1.6988801831965166,33.10000000000026,33.1,50.0,3.0,0.3,250.0
494,synthetic_balanced_empirical_resample,49,6,case1,54,89054,2,13;16,5;0,1,1,1,8,18,0.014930555555555522,0.2456453645340313,1.6046476295252217,34.45000000000018,34.45,50.0,3.0,0.3,250.0
495,synthetic_balanced_empirical_resample,22,5,case1,22,89022,2,6;15,6;7,1,1,1,8,18,0.008333333333333156,0.24165544314190532,1.553305962871431,33.150000000000254,33.15,50.0,3.0,0.3,250.0
496,synthetic_balanced_empirical_resample,62,7,case1,69,89069,2,4;13,4;5,1,1,1,8,18,0.0114583333333332,0.2661804663760047,1.8920402855087322,34.40000000000018,34.4,50.0,3.0,0.3,250.0
497,synthetic_balanced_empirical_resample,11,5,case1,11,89011,2,4;17,4;1,1,1,1,8,18,0.014583333333333245,0.25924597299096824,1.7257492115797612,33.10000000000026,33.1,50.0,3.0,0.3,250.0
498,synthetic_balanced_empirical_resample,57,7,case1,62,89062,2,10;19,2;3,1,1,1,8,18,0.012152777777777679,0.2214850031536176,1.6132838241670733,35.00000000000015,35.0,50.0,3.0,0.3,250.0
499,synthetic_balanced_empirical_resample,46,8,case1,50,89050,2,11;15,3;7,1,1,1,8,18,0.011458333333333348,0.298580169153551,1.7940277778239004,33.150000000000254,33.15,50.0,3.0,0.3,250.0
500,synthetic_balanced_empirical_resample,13,5,case1,13,89013,2,5;17,5;1,1,1,1,8,18,0.014583333333333245,0.2546396537879738,1.5949515062183344,37.10000000000003,37.1,50.0,3.0,0.3,250.0
501,synthetic_balanced_empirical_resample,10,6,case1,10,89010,2,7;19,7;3,1,1,1,8,18,0.011805555555555477,0.26688340720653303,1.4905559294734867,33.10000000000026,33.1,50.0,3.0,0.3,250.0
502,synthetic_balanced_empirical_resample,20,8,case1,20,89020,2,2;18,2;2,1,1,1,8,18,0.00868055555555558,0.2515263986495112,1.3144804821408473,34.700000000000166,34.7,50.0,3.0,0.3,250.0
503,synthetic_balanced_empirical_resample,48,4,case1,53,89053,2,1;3,1;3,1,1,1,8,18,0.008680555555555433,0.24795969697072165,1.6344830231031653,33.10000000000026,33.1,50.0,3.0,0.3,250.0
504,synthetic_balanced_empirical_resample,72,5,case1,79,89079,2,9;11,1;3,1,1,1,8,18,0.011805555555555477,0.2593805847892985,1.7722146825326954,33.150000000000254,33.15,50.0,3.0,0.3,250.0
505,synthetic_balanced_empirical_resample,78,6,case1,86,89086,2,12;16,4;0,1,1,1,8,18,0.008680555555555433,0.3073655236542616,1.5438695106656213,33.95000000000021,33.95,50.0,3.0,0.3,250.0
506,synthetic_balanced_empirical_resample,33,8,case1,37,89037,2,11;16,3;0,1,1,1,8,18,0.012152777777777754,0.306617990699167,1.6704570165035166,33.150000000000254,33.15,50.0,3.0,0.3,250.0
507,synthetic_balanced_empirical_resample,71,4,case1,78,89078,2,0;17,0;1,1,1,1,8,18,0.011805555555555255,0.2115047496921926,1.7587838338544537,33.150000000000254,33.15,50.0,3.0,0.3,250.0
508,synthetic_balanced_empirical_resample,29,6,case1,32,89032,2,1;18,1;2,1,0,0,8,17,0.011805555555555403,0.21547314459189665,1.7958364022661868,33.40000000000024,75.0,50.0,3.0,0.3,250.0
509,synthetic_balanced_empirical_resample,36,6,case1,40,89040,2,7;16,7;0,1,1,1,8,18,0.008680555555555433,0.285397596794596,1.5018563331361945,33.10000000000026,33.1,50.0,3.0,0.3,250.0
510,synthetic_balanced_empirical_resample,66,5,case1,73,89073,2,4;9,4;1,1,1,1,8,18,0.014583333333333023,0.22760547468858364,1.706299628670782,33.150000000000254,33.15,50.0,3.0,0.3,250.0
511,synthetic_balanced_empirical_resample,90,4,case1,98,89098,2,12;17,4;1,1,1,1,8,18,0.014583333333333245,0.235816236693533,1.4975758854284893,33.650000000000226,33.65,50.0,3.0,0.3,250.0
512,synthetic_balanced_empirical_resample,14,6,case1,14,89014,2,12;15,4;7,1,1,1,8,18,0.0114583333333332,0.22385955599283014,1.5873335104551465,34.000000000000206,34.0,50.0,3.0,0.3,250.0
513,synthetic_balanced_empirical_resample,88,8,case1,96,89096,2,2;7,2;7,1,1,1,8,18,0.00868055555555558,0.30055440747766704,1.7878149846168578,33.35000000000024,33.35,50.0,3.0,0.3,250.0
514,synthetic_balanced_empirical_resample,40,3,case1,44,89044,2,6;10,6;2,1,1,1,8,18,0.01180555555555518,0.2679307424761045,1.6848076602507907,35.00000000000015,35.0,50.0,3.0,0.3,250.0
515,synthetic_balanced_empirical_resample,14,7,case1,14,89014,2,12;15,4;7,1,1,1,8,18,0.0114583333333332,0.22385955599283014,1.5873335104551465,34.000000000000206,34.0,50.0,3.0,0.3,250.0
516,synthetic_balanced_empirical_resample,83,3,case1,91,89091,2,2;12,2;4,1,1,1,8,18,0.00868055555555558,0.23348805210402093,1.7320683520787223,34.30000000000019,34.300000000000004,50.0,3.0,0.3,250.0
517,synthetic_balanced_empirical_resample,26,6,case1,28,89028,2,3;5,3;5,1,1,1,8,18,0.008680555555555433,0.2524850726770209,1.664697271355655,34.80000000000016,34.800000000000004,50.0,3.0,0.3,250.0
518,synthetic_balanced_empirical_resample,44,5,case1,48,89048,2,10;14,2;6,1,1,1,8,18,0.01180555555555518,0.36744558217605594,1.5563435107232424,35.00000000000015,35.0,50.0,3.0,0.3,250.0
519,synthetic_balanced_empirical_resample,51,5,case1,56,89056,2,0;2,0;2,1,0,0,8,17,0.005902777777777812,0.24028314845048873,1.7402353639758736,33.35000000000024,75.0,50.0,3.0,0.3,250.0
520,synthetic_balanced_empirical_resample,39,6,case1,43,89043,2,7;14,7;6,1,1,1,8,18,0.008333333333333156,0.2714070664990396,1.3863294723593231,33.10000000000026,33.1,50.0,3.0,0.3,250.0
521,synthetic_balanced_empirical_resample,45,5,case1,49,89049,2,8;18,0;2,1,1,1,8,18,0.012152777777777457,0.2596344574280118,1.730093399338582,33.40000000000024,33.4,50.0,3.0,0.3,250.0
522,synthetic_balanced_empirical_resample,13,6,case1,13,89013,2,5;17,5;1,1,1,1,8,18,0.014583333333333245,0.2546396537879738,1.5949515062183344,37.10000000000003,37.1,50.0,3.0,0.3,250.0
523,synthetic_balanced_empirical_resample,13,7,case1,13,89013,2,5;17,5;1,1,1,1,8,18,0.014583333333333245,0.2546396537879738,1.5949515062183344,37.10000000000003,37.1,50.0,3.0,0.3,250.0
524,synthetic_balanced_empirical_resample,6,8,case1,6,89006,2,3;9,3;1,1,0,0,8,17,0.011805555555555255,0.3965666453142991,1.7804857195248858,33.10000000000026,75.0,50.0,3.0,0.3,250.0
525,synthetic_balanced_empirical_resample,34,5,case1,38,89038,2,10;15,2;7,1,1,1,8,18,0.011805555555555403,0.17986658311143056,1.830476720108963,35.00000000000015,35.0,50.0,3.0,0.3,250.0
526,synthetic_balanced_empirical_resample,50,4,case1,55,89055,2,6;17,6;1,1,1,1,8,18,0.0114583333333332,0.2750035245396902,1.6938605658203243,33.10000000000026,33.1,50.0,3.0,0.3,250.0
527,synthetic_balanced_empirical_resample,52,6,case1,57,89057,2,9;10,1;2,1,1,1,8,18,0.01805555555555527,0.25495889571026753,1.7441702206721084,35.00000000000015,35.0,50.0,3.0,0.3,250.0
528,synthetic_balanced_empirical_resample,83,4,case1,91,89091,2,2;12,2;4,1,1,1,8,18,0.00868055555555558,0.23348805210402093,1.7320683520787223,34.30000000000019,34.300000000000004,50.0,3.0,0.3,250.0
529,synthetic_balanced_empirical_resample,5,6,case1,5,89005,2,10;15,2;7,1,1,1,8,18,0.014583333333333318,0.3551089081613883,1.7134790573136733,35.00000000000015,35.0,50.0,3.0,0.3,250.0
530,synthetic_balanced_empirical_resample,45,6,case1,49,89049,2,8;18,0;2,1,1,1,8,18,0.012152777777777457,0.2596344574280118,1.730093399338582,33.40000000000024,33.4,50.0,3.0,0.3,250.0
531,synthetic_balanced_empirical_resample,11,6,case1,11,89011,2,4;17,4;1,1,1,1,8,18,0.014583333333333245,0.25924597299096824,1.7257492115797612,33.10000000000026,33.1,50.0,3.0,0.3,250.0
532,synthetic_balanced_empirical_resample,78,7,case1,86,89086,2,12;16,4;0,1,1,1,8,18,0.008680555555555433,0.3073655236542616,1.5438695106656213,33.95000000000021,33.95,50.0,3.0,0.3,250.0
533,synthetic_balanced_empirical_resample,85,5,case1,93,89093,2,11;15,3;7,1,1,1,8,18,0.011805555555555477,0.21380930148974253,1.8172182741210983,33.150000000000254,33.15,50.0,3.0,0.3,250.0
534,synthetic_balanced_empirical_resample,5,7,case1,5,89005,2,10;15,2;7,1,1,1,8,18,0.014583333333333318,0.3551089081613883,1.7134790573136733,35.00000000000015,35.0,50.0,3.0,0.3,250.0
535,synthetic_balanced_empirical_resample,14,8,case1,14,89014,2,12;15,4;7,1,1,1,8,18,0.0114583333333332,0.22385955599283014,1.5873335104551465,34.000000000000206,34.0,50.0,3.0,0.3,250.0
536,synthetic_balanced_empirical_resample,85,6,case1,93,89093,2,11;15,3;7,1,1,1,8,18,0.011805555555555477,0.21380930148974253,1.8172182741210983,33.150000000000254,33.15,50.0,3.0,0.3,250.0
537,synthetic_balanced_empirical_resample,73,7,case1,80,89080,2,1;4,1;4,1,1,1,8,18,0.014583333333333245,0.32771360296366014,1.6581558445969296,33.10000000000026,33.1,50.0,3.0,0.3,250.0
538,synthetic_balanced_empirical_resample,78,8,case1,86,89086,2,12;16,4;0,1,1,1,8,18,0.008680555555555433,0.3073655236542616,1.5438695106656213,33.95000000000021,33.95,50.0,3.0,0.3,250.0
539,synthetic_balanced_empirical_resample,51,6,case1,56,89056,2,0;2,0;2,1,0,0,8,17,0.005902777777777812,0.24028314845048873,1.7402353639758736,33.35000000000024,75.0,50.0,3.0,0.3,250.0
540,synthetic_balanced_empirical_resample,9,7,case1,9,89009,2,1;14,1;6,1,1,1,8,18,0.011458333333332979,0.22495098971959945,1.571125497436433,33.10000000000026,33.1,50.0,3.0,0.3,250.0
541,synthetic_balanced_empirical_resample,44,6,case1,48,89048,2,10;14,2;6,1,1,1,8,18,0.01180555555555518,0.36744558217605594,1.5563435107232424,35.00000000000015,35.0,50.0,3.0,0.3,250.0
542,synthetic_balanced_empirical_resample,73,8,case1,80,89080,2,1;4,1;4,1,1,1,8,18,0.014583333333333245,0.32771360296366014,1.6581558445969296,33.10000000000026,33.1,50.0,3.0,0.3,250.0
543,synthetic_balanced_empirical_resample,27,5,case1,29,89029,2,4;13,4;5,1,1,1,8,18,0.0114583333333332,0.2903549782855269,1.7309498516820714,34.40000000000018,34.4,50.0,3.0,0.3,250.0
544,synthetic_balanced_empirical_resample,64,6,case1,71,89071,2,6;15,6;7,1,1,1,8,18,0.008333333333333156,0.255204427025709,1.6988801831965166,33.10000000000026,33.1,50.0,3.0,0.3,250.0
545,synthetic_balanced_empirical_resample,85,7,case1,93,89093,2,11;15,3;7,1,1,1,8,18,0.011805555555555477,0.21380930148974253,1.8172182741210983,33.150000000000254,33.15,50.0,3.0,0.3,250.0
546,synthetic_balanced_empirical_resample,15,6,case1,15,89015,2,1;4,1;4,1,1,1,8,18,0.014583333333333023,0.18194690747653963,1.6073017997402594,33.150000000000254,33.15,50.0,3.0,0.3,250.0
547,synthetic_balanced_empirical_resample,32,3,case1,35,89035,2,11;12,3;4,1,1,1,8,18,0.008680555555555433,0.317730768346019,1.6991338701612406,33.70000000000022,33.7,50.0,3.0,0.3,250.0
548,synthetic_balanced_empirical_resample,14,9,case1,14,89014,2,12;15,4;7,1,1,1,8,18,0.0114583333333332,0.22385955599283014,1.5873335104551465,34.000000000000206,34.0,50.0,3.0,0.3,250.0
549,synthetic_balanced_empirical_resample,15,7,case1,15,89015,2,1;4,1;4,1,1,1,8,18,0.014583333333333023,0.18194690747653963,1.6073017997402594,33.150000000000254,33.15,50.0,3.0,0.3,250.0
550,synthetic_balanced_empirical_resample,73,9,case1,80,89080,2,1;4,1;4,1,1,1,8,18,0.014583333333333245,0.32771360296366014,1.6581558445969296,33.10000000000026,33.1,50.0,3.0,0.3,250.0
551,synthetic_balanced_empirical_resample,79,5,case1,87,89087,2,10;13,2;5,1,1,1,8,18,0.011805555555555403,0.25718323663470355,1.4997332120171314,35.00000000000015,35.0,50.0,3.0,0.3,250.0
552,synthetic_balanced_empirical_resample,43,6,case1,47,89047,2,8;14,0;6,1,1,1,8,18,0.011805555555555255,0.21927155318637448,1.732388840236551,33.150000000000254,33.15,50.0,3.0,0.3,250.0
553,synthetic_balanced_empirical_resample,8,3,case1,8,89008,2,1;12,1;4,1,1,1,8,18,0.0114583333333332,0.28610148149120496,1.5318244215237664,34.25000000000019,34.25,50.0,3.0,0.3,250.0
554,synthetic_balanced_empirical_resample,18,6,case1,18,89018,2,10;12,2;4,1,1,1,8,18,0.011805555555555403,0.3094811108555522,1.5203957943081818,35.00000000000015,35.0,50.0,3.0,0.3,250.0
555,synthetic_balanced_empirical_resample,44,7,case1,48,89048,2,10;14,2;6,1,1,1,8,18,0.01180555555555518,0.36744558217605594,1.5563435107232424,35.00000000000015,35.0,50.0,3.0,0.3,250.0
556,synthetic_balanced_empirical_resample,44,8,case1,48,89048,2,10;14,2;6,1,1,1,8,18,0.01180555555555518,0.36744558217605594,1.5563435107232424,35.00000000000015,35.0,50.0,3.0,0.3,250.0
557,synthetic_balanced_empirical_resample,30,7,case1,33,89033,2,10;12,2;4,1,1,1,8,18,0.014583333333333318,0.24731968420010758,1.3859577637181972,35.00000000000015,35.0,50.0,3.0,0.3,250.0
558,synthetic_balanced_empirical_resample,48,5,case1,53,89053,2,1;3,1;3,1,1,1,8,18,0.008680555555555433,0.24795969697072165,1.6344830231031653,33.10000000000026,33.1,50.0,3.0,0.3,250.0
559,synthetic_balanced_empirical_resample,42,7,case1,46,89046,2,7;13,7;5,1,0,0,8,16,0.011805555555555477,0.2904393485930362,1.8667153398685044,34.60000000000017,75.0,50.0,3.0,0.3,250.0
560,synthetic_balanced_empirical_resample,59,5,case1,66,89066,2,6;19,6;3,1,0,0,8,17,0.011805555555555477,0.15225488857409497,1.468441759967038,33.150000000000254,75.0,50.0,3.0,0.3,250.0
561,synthetic_balanced_empirical_resample,88,9,case1,96,89096,2,2;7,2;7,1,1,1,8,18,0.00868055555555558,0.30055440747766704,1.7878149846168578,33.35000000000024,33.35,50.0,3.0,0.3,250.0
562,synthetic_balanced_empirical_resample,35,6,case1,39,89039,2,9;10,1;2,1,1,1,8,18,0.011805555555555403,0.21579332390542275,1.6618758912921372,35.00000000000015,35.0,50.0,3.0,0.3,250.0
563,synthetic_balanced_empirical_resample,67,7,case1,74,89074,2,6;16,6;0,1,1,1,8,18,0.005555555555555388,0.2963329893109403,1.6533562028429047,33.10000000000026,33.1,50.0,3.0,0.3,250.0
564,synthetic_balanced_empirical_resample,19,5,case1,19,89019,2,15;18,7;2,1,1,1,8,18,0.00868055555555558,0.23103119578273112,1.6843132836805483,33.40000000000024,33.4,50.0,3.0,0.3,250.0
565,synthetic_balanced_empirical_resample,46,9,case1,50,89050,2,11;15,3;7,1,1,1,8,18,0.011458333333333348,0.298580169153551,1.7940277778239004,33.150000000000254,33.15,50.0,3.0,0.3,250.0
566,synthetic_balanced_empirical_resample,5,8,case1,5,89005,2,10;15,2;7,1,1,1,8,18,0.014583333333333318,0.3551089081613883,1.7134790573136733,35.00000000000015,35.0,50.0,3.0,0.3,250.0
567,synthetic_balanced_empirical_resample,90,5,case1,98,89098,2,12;17,4;1,1,1,1,8,18,0.014583333333333245,0.235816236693533,1.4975758854284893,33.650000000000226,33.65,50.0,3.0,0.3,250.0
568,synthetic_balanced_empirical_resample,51,7,case1,56,89056,2,0;2,0;2,1,0,0,8,17,0.005902777777777812,0.24028314845048873,1.7402353639758736,33.35000000000024,75.0,50.0,3.0,0.3,250.0
569,synthetic_balanced_empirical_resample,28,5,case1,31,89031,2,2;10,2;2,1,1,1,8,18,0.014583333333333318,0.20240079125202676,1.7595279091600324,35.9000000000001,35.9,50.0,3.0,0.3,250.0
570,synthetic_balanced_empirical_resample,40,4,case1,44,89044,2,6;10,6;2,1,1,1,8,18,0.01180555555555518,0.2679307424761045,1.6848076602507907,35.00000000000015,35.0,50.0,3.0,0.3,250.0
571,synthetic_balanced_empirical_resample,87,7,case1,95,89095,2,5;14,5;6,1,1,1,8,18,0.008333333333333156,0.2879613167160864,1.8545260159057877,37.40000000000001,37.4,50.0,3.0,0.3,250.0
572,synthetic_balanced_empirical_resample,4,5,case1,4,89004,2,2;13,2;5,1,1,1,8,18,0.011458333333333496,0.26271418760485715,1.8115164187251827,34.45000000000018,34.45,50.0,3.0,0.3,250.0
573,synthetic_balanced_empirical_resample,1,6,case1,1,89001,2,10;18,2;2,1,1,1,8,18,0.00868055555555558,0.3132981942747487,1.652638372368254,35.950000000000095,35.95,50.0,3.0,0.3,250.0
574,synthetic_balanced_empirical_resample,83,5,case1,91,89091,2,2;12,2;4,1,1,1,8,18,0.00868055555555558,0.23348805210402093,1.7320683520787223,34.30000000000019,34.300000000000004,50.0,3.0,0.3,250.0
575,synthetic_balanced_empirical_resample,72,6,case1,79,89079,2,9;11,1;3,1,1,1,8,18,0.011805555555555477,0.2593805847892985,1.7722146825326954,33.150000000000254,33.15,50.0,3.0,0.3,250.0
576,synthetic_balanced_empirical_resample,3,6,case1,3,89003,2,4;15,4;7,1,1,1,8,18,0.0114583333333332,0.25593676605084714,1.6912486082110236,33.10000000000026,33.1,50.0,3.0,0.3,250.0
577,synthetic_balanced_empirical_resample,85,8,case1,93,89093,2,11;15,3;7,1,1,1,8,18,0.011805555555555477,0.21380930148974253,1.8172182741210983,33.150000000000254,33.15,50.0,3.0,0.3,250.0
578,synthetic_balanced_empirical_resample,86,5,case1,94,89094,2,7;18,7;2,1,1,1,8,18,0.00868055555555558,0.33822711134257205,1.5922602733703575,33.40000000000024,33.4,50.0,3.0,0.3,250.0
579,synthetic_balanced_empirical_resample,2,7,case1,2,89002,2,9;11,1;3,1,1,1,8,18,0.011805555555555477,0.2094534142926686,1.6175158725804908,33.10000000000026,33.1,50.0,3.0,0.3,250.0
580,synthetic_balanced_empirical_resample,34,6,case1,38,89038,2,10;15,2;7,1,1,1,8,18,0.011805555555555403,0.17986658311143056,1.830476720108963,35.00000000000015,35.0,50.0,3.0,0.3,250.0
581,synthetic_balanced_empirical_resample,70,4,case1,77,89077,2,0;4,0;4,1,1,1,8,18,0.011805555555555255,0.2607875148614554,1.8812282151624307,33.10000000000026,33.1,50.0,3.0,0.3,250.0
582,synthetic_balanced_empirical_resample,27,6,case1,29,89029,2,4;13,4;5,1,1,1,8,18,0.0114583333333332,0.2903549782855269,1.7309498516820714,34.40000000000018,34.4,50.0,3.0,0.3,250.0
583,synthetic_balanced_empirical_resample,29,7,case1,32,89032,2,1;18,1;2,1,0,0,8,17,0.011805555555555403,0.21547314459189665,1.7958364022661868,33.40000000000024,75.0,50.0,3.0,0.3,250.0
584,synthetic_balanced_empirical_resample,38,5,case1,42,89042,2,9;19,1;3,1,1,1,8,18,0.011805555555555477,0.29307585256457774,1.6061677520194202,33.10000000000026,33.1,50.0,3.0,0.3,250.0
585,synthetic_balanced_empirical_resample,63,8,case1,70,89070,2,15;17,7;1,1,1,1,8,18,0.014583333333333245,0.20660230147888264,1.6076165036368257,33.150000000000254,33.15,50.0,3.0,0.3,250.0
586,synthetic_balanced_empirical_resample,18,7,case1,18,89018,2,10;12,2;4,1,1,1,8,18,0.011805555555555403,0.3094811108555522,1.5203957943081818,35.00000000000015,35.0,50.0,3.0,0.3,250.0
587,synthetic_balanced_empirical_resample,70,5,case1,77,89077,2,0;4,0;4,1,1,1,8,18,0.011805555555555255,0.2607875148614554,1.8812282151624307,33.10000000000026,33.1,50.0,3.0,0.3,250.0
588,synthetic_balanced_empirical_resample,89,7,case1,97,89097,2,3;16,3;0,1,1,1,8,18,0.00902777777777771,0.2368999924352045,1.5162927571288045,33.10000000000026,33.1,50.0,3.0,0.3,250.0
589,synthetic_balanced_empirical_resample,63,9,case1,70,89070,2,15;17,7;1,1,1,1,8,18,0.014583333333333245,0.20660230147888264,1.6076165036368257,33.150000000000254,33.15,50.0,3.0,0.3,250.0
590,synthetic_balanced_empirical_resample,39,7,case1,43,89043,2,7;14,7;6,1,1,1,8,18,0.008333333333333156,0.2714070664990396,1.3863294723593231,33.10000000000026,33.1,50.0,3.0,0.3,250.0
591,synthetic_balanced_empirical_resample,47,7,case1,51,89051,2,2;11,2;3,1,1,1,8,18,0.009027777777777857,0.2212331162065017,1.7144826030477005,33.35000000000024,33.35,50.0,3.0,0.3,250.0
592,synthetic_balanced_empirical_resample,8,4,case1,8,89008,2,1;12,1;4,1,1,1,8,18,0.0114583333333332,0.28610148149120496,1.5318244215237664,34.25000000000019,34.25,50.0,3.0,0.3,250.0
593,synthetic_balanced_empirical_resample,40,5,case1,44,89044,2,6;10,6;2,1,1,1,8,18,0.01180555555555518,0.2679307424761045,1.6848076602507907,35.00000000000015,35.0,50.0,3.0,0.3,250.0
594,synthetic_balanced_empirical_resample,16,7,case1,16,89016,2,8;17,0;1,1,0,0,8,17,0.018055555555555124,0.20566435465468555,1.6984593986018575,33.150000000000254,75.0,50.0,3.0,0.3,250.0
595,synthetic_balanced_empirical_resample,3,7,case1,3,89003,2,4;15,4;7,1,1,1,8,18,0.0114583333333332,0.25593676605084714,1.6912486082110236,33.10000000000026,33.1,50.0,3.0,0.3,250.0
596,synthetic_balanced_empirical_resample,74,9,case1,81,89081,2,3;16,3;0,1,1,1,8,18,0.005902777777777665,0.33152198473044303,1.43058882000288,33.10000000000026,33.1,50.0,3.0,0.3,250.0
597,synthetic_balanced_empirical_resample,51,8,case1,56,89056,2,0;2,0;2,1,0,0,8,17,0.005902777777777812,0.24028314845048873,1.7402353639758736,33.35000000000024,75.0,50.0,3.0,0.3,250.0
598,synthetic_balanced_empirical_resample,53,7,case1,58,89058,2,6;16,6;0,1,1,1,8,18,0.011805555555555477,0.28492031325066125,1.5385890026382651,33.150000000000254,33.15,50.0,3.0,0.3,250.0
599,synthetic_balanced_empirical_resample,25,8,case1,27,89027,2,9;14,1;6,1,1,1,8,18,0.014583333333333023,0.2286781975764709,1.6592159362306687,33.10000000000026,33.1,50.0,3.0,0.3,250.0
600,synthetic_balanced_empirical_resample,54,5,case1,59,89059,2,13;14,5;6,1,1,1,8,18,0.0114583333333332,0.31319753190021615,1.470747481616238,34.550000000000175,34.550000000000004,50.0,3.0,0.3,250.0
601,synthetic_balanced_empirical_resample,86,6,case1,94,89094,2,7;18,7;2,1,1,1,8,18,0.00868055555555558,0.33822711134257205,1.5922602733703575,33.40000000000024,33.4,50.0,3.0,0.3,250.0
602,synthetic_balanced_empirical_resample,71,5,case1,78,89078,2,0;17,0;1,1,1,1,8,18,0.011805555555555255,0.2115047496921926,1.7587838338544537,33.150000000000254,33.15,50.0,3.0,0.3,250.0
603,synthetic_balanced_empirical_resample,26,7,case1,28,89028,2,3;5,3;5,1,1,1,8,18,0.008680555555555433,0.2524850726770209,1.664697271355655,34.80000000000016,34.800000000000004,50.0,3.0,0.3,250.0
604,synthetic_balanced_empirical_resample,64,7,case1,71,89071,2,6;15,6;7,1,1,1,8,18,0.008333333333333156,0.255204427025709,1.6988801831965166,33.10000000000026,33.1,50.0,3.0,0.3,250.0
605,synthetic_balanced_empirical_resample,10,7,case1,10,89010,2,7;19,7;3,1,1,1,8,18,0.011805555555555477,0.26688340720653303,1.4905559294734867,33.10000000000026,33.1,50.0,3.0,0.3,250.0
606,synthetic_balanced_empirical_resample,67,8,case1,74,89074,2,6;16,6;0,1,1,1,8,18,0.005555555555555388,0.2963329893109403,1.6533562028429047,33.10000000000026,33.1,50.0,3.0,0.3,250.0
607,synthetic_balanced_empirical_resample,56,7,case1,61,89061,2,1;9,1;1,1,1,1,8,18,0.0114583333333332,0.22580973478798044,1.623749428718651,33.150000000000254,33.15,50.0,3.0,0.3,250.0
608,synthetic_balanced_empirical_resample,89,8,case1,97,89097,2,3;16,3;0,1,1,1,8,18,0.00902777777777771,0.2368999924352045,1.5162927571288045,33.10000000000026,33.1,50.0,3.0,0.3,250.0
609,synthetic_balanced_empirical_resample,54,6,case1,59,89059,2,13;14,5;6,1,1,1,8,18,0.0114583333333332,0.31319753190021615,1.470747481616238,34.550000000000175,34.550000000000004,50.0,3.0,0.3,250.0
610,synthetic_balanced_empirical_resample,15,8,case1,15,89015,2,1;4,1;4,1,1,1,8,18,0.014583333333333023,0.18194690747653963,1.6073017997402594,33.150000000000254,33.15,50.0,3.0,0.3,250.0
611,synthetic_balanced_empirical_resample,89,9,case1,97,89097,2,3;16,3;0,1,1,1,8,18,0.00902777777777771,0.2368999924352045,1.5162927571288045,33.10000000000026,33.1,50.0,3.0,0.3,250.0
612,synthetic_balanced_empirical_resample,71,6,case1,78,89078,2,0;17,0;1,1,1,1,8,18,0.011805555555555255,0.2115047496921926,1.7587838338544537,33.150000000000254,33.15,50.0,3.0,0.3,250.0
613,synthetic_balanced_empirical_resample,75,7,case1,82,89082,2,16;17,0;1,1,1,1,8,18,0.008680555555555433,0.2720341581907876,1.6216809816284279,33.10000000000026,33.1,50.0,3.0,0.3,250.0
614,synthetic_balanced_empirical_resample,19,6,case1,19,89019,2,15;18,7;2,1,1,1,8,18,0.00868055555555558,0.23103119578273112,1.6843132836805483,33.40000000000024,33.4,50.0,3.0,0.3,250.0
615,synthetic_balanced_empirical_resample,48,6,case1,53,89053,2,1;3,1;3,1,1,1,8,18,0.008680555555555433,0.24795969697072165,1.6344830231031653,33.10000000000026,33.1,50.0,3.0,0.3,250.0
616,synthetic_balanced_empirical_resample,64,8,case1,71,89071,2,6;15,6;7,1,1,1,8,18,0.008333333333333156,0.255204427025709,1.6988801831965166,33.10000000000026,33.1,50.0,3.0,0.3,250.0
617,synthetic_balanced_empirical_resample,92,6,case1,100,89100,2,3;16,3;0,1,1,1,8,18,0.005902777777777665,0.3035387375066587,1.8764012984839247,33.10000000000026,33.1,50.0,3.0,0.3,250.0
618,synthetic_balanced_empirical_resample,35,7,case1,39,89039,2,9;10,1;2,1,1,1,8,18,0.011805555555555403,0.21579332390542275,1.6618758912921372,35.00000000000015,35.0,50.0,3.0,0.3,250.0
619,synthetic_balanced_empirical_resample,42,8,case1,46,89046,2,7;13,7;5,1,0,0,8,16,0.011805555555555477,0.2904393485930362,1.8667153398685044,34.60000000000017,75.0,50.0,3.0,0.3,250.0
620,synthetic_balanced_empirical_resample,36,7,case1,40,89040,2,7;16,7;0,1,1,1,8,18,0.008680555555555433,0.285397596794596,1.5018563331361945,33.10000000000026,33.1,50.0,3.0,0.3,250.0
621,synthetic_balanced_empirical_resample,56,8,case1,61,89061,2,1;9,1;1,1,1,1,8,18,0.0114583333333332,0.22580973478798044,1.623749428718651,33.150000000000254,33.15,50.0,3.0,0.3,250.0
622,synthetic_balanced_empirical_resample,39,8,case1,43,89043,2,7;14,7;6,1,1,1,8,18,0.008333333333333156,0.2714070664990396,1.3863294723593231,33.10000000000026,33.1,50.0,3.0,0.3,250.0
623,synthetic_balanced_empirical_resample,45,7,case1,49,89049,2,8;18,0;2,1,1,1,8,18,0.012152777777777457,0.2596344574280118,1.730093399338582,33.40000000000024,33.4,50.0,3.0,0.3,250.0
624,synthetic_balanced_empirical_resample,72,7,case1,79,89079,2,9;11,1;3,1,1,1,8,18,0.011805555555555477,0.2593805847892985,1.7722146825326954,33.150000000000254,33.15,50.0,3.0,0.3,250.0
625,synthetic_balanced_empirical_resample,24,5,case1,25,89025,2,2;4,2;4,1,1,1,8,18,0.00868055555555558,0.22562441242359416,1.7552225344295804,33.35000000000024,33.35,50.0,3.0,0.3,250.0
626,synthetic_balanced_empirical_resample,19,7,case1,19,89019,2,15;18,7;2,1,1,1,8,18,0.00868055555555558,0.23103119578273112,1.6843132836805483,33.40000000000024,33.4,50.0,3.0,0.3,250.0
627,synthetic_balanced_empirical_resample,66,6,case1,73,89073,2,4;9,4;1,1,1,1,8,18,0.014583333333333023,0.22760547468858364,1.706299628670782,33.150000000000254,33.15,50.0,3.0,0.3,250.0
628,synthetic_balanced_empirical_resample,73,10,case1,80,89080,2,1;4,1;4,1,1,1,8,18,0.014583333333333245,0.32771360296366014,1.6581558445969296,33.10000000000026,33.1,50.0,3.0,0.3,250.0
629,synthetic_balanced_empirical_resample,71,7,case1,78,89078,2,0;17,0;1,1,1,1,8,18,0.011805555555555255,0.2115047496921926,1.7587838338544537,33.150000000000254,33.15,50.0,3.0,0.3,250.0
630,synthetic_balanced_empirical_resample,24,6,case1,25,89025,2,2;4,2;4,1,1,1,8,18,0.00868055555555558,0.22562441242359416,1.7552225344295804,33.35000000000024,33.35,50.0,3.0,0.3,250.0
631,synthetic_balanced_empirical_resample,72,8,case1,79,89079,2,9;11,1;3,1,1,1,8,18,0.011805555555555477,0.2593805847892985,1.7722146825326954,33.150000000000254,33.15,50.0,3.0,0.3,250.0
632,synthetic_balanced_empirical_resample,62,8,case1,69,89069,2,4;13,4;5,1,1,1,8,18,0.0114583333333332,0.2661804663760047,1.8920402855087322,34.40000000000018,34.4,50.0,3.0,0.3,250.0
633,synthetic_balanced_empirical_resample,92,7,case1,100,89100,2,3;16,3;0,1,1,1,8,18,0.005902777777777665,0.3035387375066587,1.8764012984839247,33.10000000000026,33.1,50.0,3.0,0.3,250.0
634,synthetic_balanced_empirical_resample,35,8,case1,39,89039,2,9;10,1;2,1,1,1,8,18,0.011805555555555403,0.21579332390542275,1.6618758912921372,35.00000000000015,35.0,50.0,3.0,0.3,250.0
635,synthetic_balanced_empirical_resample,22,6,case1,22,89022,2,6;15,6;7,1,1,1,8,18,0.008333333333333156,0.24165544314190532,1.553305962871431,33.150000000000254,33.15,50.0,3.0,0.3,250.0
636,synthetic_balanced_empirical_resample,29,8,case1,32,89032,2,1;18,1;2,1,0,0,8,17,0.011805555555555403,0.21547314459189665,1.7958364022661868,33.40000000000024,75.0,50.0,3.0,0.3,250.0
637,synthetic_balanced_empirical_resample,2,8,case1,2,89002,2,9;11,1;3,1,1,1,8,18,0.011805555555555477,0.2094534142926686,1.6175158725804908,33.10000000000026,33.1,50.0,3.0,0.3,250.0
638,synthetic_balanced_empirical_resample,90,6,case1,98,89098,2,12;17,4;1,1,1,1,8,18,0.014583333333333245,0.235816236693533,1.4975758854284893,33.650000000000226,33.65,50.0,3.0,0.3,250.0
639,synthetic_balanced_empirical_resample,19,8,case1,19,89019,2,15;18,7;2,1,1,1,8,18,0.00868055555555558,0.23103119578273112,1.6843132836805483,33.40000000000024,33.4,50.0,3.0,0.3,250.0
640,synthetic_balanced_empirical_resample,21,7,case1,21,89021,2,3;12,3;4,1,1,1,8,18,0.011805555555555255,0.18736448433508057,1.3750184047702296,33.80000000000022,33.800000000000004,50.0,3.0,0.3,250.0
641,synthetic_balanced_empirical_resample,17,8,case1,17,89017,2,7;14,7;6,1,1,1,8,18,0.008333333333333156,0.22761873079488582,1.568112498780585,33.150000000000254,33.15,50.0,3.0,0.3,250.0
642,synthetic_balanced_empirical_resample,40,6,case1,44,89044,2,6;10,6;2,1,1,1,8,18,0.01180555555555518,0.2679307424761045,1.6848076602507907,35.00000000000015,35.0,50.0,3.0,0.3,250.0
643,synthetic_balanced_empirical_resample,90,7,case1,98,89098,2,12;17,4;1,1,1,1,8,18,0.014583333333333245,0.235816236693533,1.4975758854284893,33.650000000000226,33.65,50.0,3.0,0.3,250.0
644,synthetic_balanced_empirical_resample,25,9,case1,27,89027,2,9;14,1;6,1,1,1,8,18,0.014583333333333023,0.2286781975764709,1.6592159362306687,33.10000000000026,33.1,50.0,3.0,0.3,250.0
645,synthetic_balanced_empirical_resample,30,8,case1,33,89033,2,10;12,2;4,1,1,1,8,18,0.014583333333333318,0.24731968420010758,1.3859577637181972,35.00000000000015,35.0,50.0,3.0,0.3,250.0
646,synthetic_balanced_empirical_resample,81,8,case1,89,89089,2,15;18,7;2,1,1,1,8,18,0.011805555555555403,0.16945087871640319,1.846331659359799,33.40000000000024,33.4,50.0,3.0,0.3,250.0
647,synthetic_balanced_empirical_resample,78,9,case1,86,89086,2,12;16,4;0,1,1,1,8,18,0.008680555555555433,0.3073655236542616,1.5438695106656213,33.95000000000021,33.95,50.0,3.0,0.3,250.0
648,synthetic_balanced_empirical_resample,32,4,case1,35,89035,2,11;12,3;4,1,1,1,8,18,0.008680555555555433,0.317730768346019,1.6991338701612406,33.70000000000022,33.7,50.0,3.0,0.3,250.0
649,synthetic_balanced_empirical_resample,69,8,case1,76,89076,2,3;9,3;1,1,1,1,8,18,0.008680555555555433,0.2447947070166516,1.4039877041318403,33.10000000000026,33.1,50.0,3.0,0.3,250.0
650,synthetic_balanced_empirical_resample,43,7,case1,47,89047,2,8;14,0;6,1,1,1,8,18,0.011805555555555255,0.21927155318637448,1.732388840236551,33.150000000000254,33.15,50.0,3.0,0.3,250.0
651,synthetic_balanced_empirical_resample,70,6,case1,77,89077,2,0;4,0;4,1,1,1,8,18,0.011805555555555255,0.2607875148614554,1.8812282151624307,33.10000000000026,33.1,50.0,3.0,0.3,250.0
652,synthetic_balanced_empirical_resample,70,7,case1,77,89077,2,0;4,0;4,1,1,1,8,18,0.011805555555555255,0.2607875148614554,1.8812282151624307,33.10000000000026,33.1,50.0,3.0,0.3,250.0
653,synthetic_balanced_empirical_resample,21,8,case1,21,89021,2,3;12,3;4,1,1,1,8,18,0.011805555555555255,0.18736448433508057,1.3750184047702296,33.80000000000022,33.800000000000004,50.0,3.0,0.3,250.0
654,synthetic_balanced_empirical_resample,38,6,case1,42,89042,2,9;19,1;3,1,1,1,8,18,0.011805555555555477,0.29307585256457774,1.6061677520194202,33.10000000000026,33.1,50.0,3.0,0.3,250.0
655,synthetic_balanced_empirical_resample,16,8,case1,16,89016,2,8;17,0;1,1,0,0,8,17,0.018055555555555124,0.20566435465468555,1.6984593986018575,33.150000000000254,75.0,50.0,3.0,0.3,250.0
656,synthetic_balanced_empirical_resample,69,9,case1,76,89076,2,3;9,3;1,1,1,1,8,18,0.008680555555555433,0.2447947070166516,1.4039877041318403,33.10000000000026,33.1,50.0,3.0,0.3,250.0
657,synthetic_balanced_empirical_resample,4,6,case1,4,89004,2,2;13,2;5,1,1,1,8,18,0.011458333333333496,0.26271418760485715,1.8115164187251827,34.45000000000018,34.45,50.0,3.0,0.3,250.0
658,synthetic_balanced_empirical_resample,17,9,case1,17,89017,2,7;14,7;6,1,1,1,8,18,0.008333333333333156,0.22761873079488582,1.568112498780585,33.150000000000254,33.15,50.0,3.0,0.3,250.0
659,synthetic_balanced_empirical_resample,10,8,case1,10,89010,2,7;19,7;3,1,1,1,8,18,0.011805555555555477,0.26688340720653303,1.4905559294734867,33.10000000000026,33.1,50.0,3.0,0.3,250.0
660,synthetic_balanced_empirical_resample,12,8,case1,12,89012,2,10;17,2;1,1,1,1,8,18,0.014930555555555447,0.2818318580700815,1.4702916412670874,35.00000000000015,35.0,50.0,3.0,0.3,250.0
661,synthetic_balanced_empirical_resample,66,7,case1,73,89073,2,4;9,4;1,1,1,1,8,18,0.014583333333333023,0.22760547468858364,1.706299628670782,33.150000000000254,33.15,50.0,3.0,0.3,250.0
662,synthetic_balanced_empirical_resample,11,7,case1,11,89011,2,4;17,4;1,1,1,1,8,18,0.014583333333333245,0.25924597299096824,1.7257492115797612,33.10000000000026,33.1,50.0,3.0,0.3,250.0
663,synthetic_balanced_empirical_resample,42,9,case1,46,89046,2,7;13,7;5,1,0,0,8,16,0.011805555555555477,0.2904393485930362,1.8667153398685044,34.60000000000017,75.0,50.0,3.0,0.3,250.0
664,synthetic_balanced_empirical_resample,79,6,case1,87,89087,2,10;13,2;5,1,1,1,8,18,0.011805555555555403,0.25718323663470355,1.4997332120171314,35.00000000000015,35.0,50.0,3.0,0.3,250.0
665,synthetic_balanced_empirical_resample,61,10,case1,68,89068,2,13;19,5;3,1,1,1,8,18,0.011805555555555477,0.25040627573108637,1.6428980032099112,34.550000000000175,34.550000000000004,50.0,3.0,0.3,250.0
666,synthetic_balanced_empirical_resample,10,9,case1,10,89010,2,7;19,7;3,1,1,1,8,18,0.011805555555555477,0.26688340720653303,1.4905559294734867,33.10000000000026,33.1,50.0,3.0,0.3,250.0
667,synthetic_balanced_empirical_resample,66,8,case1,73,89073,2,4;9,4;1,1,1,1,8,18,0.014583333333333023,0.22760547468858364,1.706299628670782,33.150000000000254,33.15,50.0,3.0,0.3,250.0
668,synthetic_balanced_empirical_resample,80,10,case1,88,89088,2,5;7,5;7,1,1,1,8,18,0.0114583333333332,0.307910488574617,1.5899517082180212,35.15000000000014,35.15,50.0,3.0,0.3,250.0
669,synthetic_balanced_empirical_resample,71,8,case1,78,89078,2,0;17,0;1,1,1,1,8,18,0.011805555555555255,0.2115047496921926,1.7587838338544537,33.150000000000254,33.15,50.0,3.0,0.3,250.0
670,synthetic_balanced_empirical_resample,46,10,case1,50,89050,2,11;15,3;7,1,1,1,8,18,0.011458333333333348,0.298580169153551,1.7940277778239004,33.150000000000254,33.15,50.0,3.0,0.3,250.0
671,synthetic_balanced_empirical_resample,8,5,case1,8,89008,2,1;12,1;4,1,1,1,8,18,0.0114583333333332,0.28610148149120496,1.5318244215237664,34.25000000000019,34.25,50.0,3.0,0.3,250.0
672,synthetic_balanced_empirical_resample,36,8,case1,40,89040,2,7;16,7;0,1,1,1,8,18,0.008680555555555433,0.285397596794596,1.5018563331361945,33.10000000000026,33.1,50.0,3.0,0.3,250.0
673,synthetic_balanced_empirical_resample,84,9,case1,92,89092,2,1;2,1;2,1,0,0,8,16,0.00868055555555558,0.21661741027005588,1.5944737586452549,33.35000000000024,75.0,50.0,3.0,0.3,250.0
674,synthetic_balanced_empirical_resample,57,8,case1,62,89062,2,10;19,2;3,1,1,1,8,18,0.012152777777777679,0.2214850031536176,1.6132838241670733,35.00000000000015,35.0,50.0,3.0,0.3,250.0
675,synthetic_balanced_empirical_resample,40,7,case1,44,89044,2,6;10,6;2,1,1,1,8,18,0.01180555555555518,0.2679307424761045,1.6848076602507907,35.00000000000015,35.0,50.0,3.0,0.3,250.0
676,synthetic_balanced_empirical_resample,75,8,case1,82,89082,2,16;17,0;1,1,1,1,8,18,0.008680555555555433,0.2720341581907876,1.6216809816284279,33.10000000000026,33.1,50.0,3.0,0.3,250.0
677,synthetic_balanced_empirical_resample,22,7,case1,22,89022,2,6;15,6;7,1,1,1,8,18,0.008333333333333156,0.24165544314190532,1.553305962871431,33.150000000000254,33.15,50.0,3.0,0.3,250.0
678,synthetic_balanced_empirical_resample,27,7,case1,29,89029,2,4;13,4;5,1,1,1,8,18,0.0114583333333332,0.2903549782855269,1.7309498516820714,34.40000000000018,34.4,50.0,3.0,0.3,250.0
679,synthetic_balanced_empirical_resample,42,10,case1,46,89046,2,7;13,7;5,1,0,0,8,16,0.011805555555555477,0.2904393485930362,1.8667153398685044,34.60000000000017,75.0,50.0,3.0,0.3,250.0
680,synthetic_balanced_empirical_resample,22,8,case1,22,89022,2,6;15,6;7,1,1,1,8,18,0.008333333333333156,0.24165544314190532,1.553305962871431,33.150000000000254,33.15,50.0,3.0,0.3,250.0
681,synthetic_balanced_empirical_resample,28,6,case1,31,89031,2,2;10,2;2,1,1,1,8,18,0.014583333333333318,0.20240079125202676,1.7595279091600324,35.9000000000001,35.9,50.0,3.0,0.3,250.0
682,synthetic_balanced_empirical_resample,24,7,case1,25,89025,2,2;4,2;4,1,1,1,8,18,0.00868055555555558,0.22562441242359416,1.7552225344295804,33.35000000000024,33.35,50.0,3.0,0.3,250.0
683,synthetic_balanced_empirical_resample,8,6,case1,8,89008,2,1;12,1;4,1,1,1,8,18,0.0114583333333332,0.28610148149120496,1.5318244215237664,34.25000000000019,34.25,50.0,3.0,0.3,250.0
684,synthetic_balanced_empirical_resample,8,7,case1,8,89008,2,1;12,1;4,1,1,1,8,18,0.0114583333333332,0.28610148149120496,1.5318244215237664,34.25000000000019,34.25,50.0,3.0,0.3,250.0
685,synthetic_balanced_empirical_resample,48,7,case1,53,89053,2,1;3,1;3,1,1,1,8,18,0.008680555555555433,0.24795969697072165,1.6344830231031653,33.10000000000026,33.1,50.0,3.0,0.3,250.0
686,synthetic_balanced_empirical_resample,35,9,case1,39,89039,2,9;10,1;2,1,1,1,8,18,0.011805555555555403,0.21579332390542275,1.6618758912921372,35.00000000000015,35.0,50.0,3.0,0.3,250.0
687,synthetic_balanced_empirical_resample,51,9,case1,56,89056,2,0;2,0;2,1,0,0,8,17,0.005902777777777812,0.24028314845048873,1.7402353639758736,33.35000000000024,75.0,50.0,3.0,0.3,250.0
688,synthetic_balanced_empirical_resample,77,5,case1,85,89085,2,3;11,3;3,1,1,1,8,18,0.008680555555555433,0.2933975250482656,1.7770363905866264,33.10000000000026,33.1,50.0,3.0,0.3,250.0
689,synthetic_balanced_empirical_resample,47,8,case1,51,89051,2,2;11,2;3,1,1,1,8,18,0.009027777777777857,0.2212331162065017,1.7144826030477005,33.35000000000024,33.35,50.0,3.0,0.3,250.0
690,synthetic_balanced_empirical_resample,32,5,case1,35,89035,2,11;12,3;4,1,1,1,8,18,0.008680555555555433,0.317730768346019,1.6991338701612406,33.70000000000022,33.7,50.0,3.0,0.3,250.0
691,synthetic_balanced_empirical_resample,24,8,case1,25,89025,2,2;4,2;4,1,1,1,8,18,0.00868055555555558,0.22562441242359416,1.7552225344295804,33.35000000000024,33.35,50.0,3.0,0.3,250.0
692,synthetic_balanced_empirical_resample,75,9,case1,82,89082,2,16;17,0;1,1,1,1,8,18,0.008680555555555433,0.2720341581907876,1.6216809816284279,33.10000000000026,33.1,50.0,3.0,0.3,250.0
693,synthetic_balanced_empirical_resample,59,6,case1,66,89066,2,6;19,6;3,1,0,0,8,17,0.011805555555555477,0.15225488857409497,1.468441759967038,33.150000000000254,75.0,50.0,3.0,0.3,250.0
694,synthetic_balanced_empirical_resample,90,8,case1,98,89098,2,12;17,4;1,1,1,1,8,18,0.014583333333333245,0.235816236693533,1.4975758854284893,33.650000000000226,33.65,50.0,3.0,0.3,250.0
695,synthetic_balanced_empirical_resample,76,6,case1,84,89084,2,1;6,1;6,1,1,1,8,18,0.011458333333332979,0.3315875583894275,1.6502942865296455,33.10000000000026,33.1,50.0,3.0,0.3,250.0
696,synthetic_balanced_empirical_resample,58,9,case1,63,89063,2,14;15,6;7,1,1,1,8,18,0.008333333333333156,0.2662993099149503,1.840806805620851,33.10000000000026,33.1,50.0,3.0,0.3,250.0
697,synthetic_balanced_empirical_resample,62,9,case1,69,89069,2,4;13,4;5,1,1,1,8,18,0.0114583333333332,0.2661804663760047,1.8920402855087322,34.40000000000018,34.4,50.0,3.0,0.3,250.0
698,synthetic_balanced_empirical_resample,55,6,case1,60,89060,2,11;15,3;7,1,1,1,8,18,0.0149305555555553,0.24470046994860406,2.0308756121117213,33.150000000000254,33.15,50.0,3.0,0.3,250.0
699,synthetic_balanced_empirical_resample,78,10,case1,86,89086,2,12;16,4;0,1,1,1,8,18,0.008680555555555433,0.3073655236542616,1.5438695106656213,33.95000000000021,33.95,50.0,3.0,0.3,250.0
700,synthetic_balanced_empirical_resample,19,9,case1,19,89019,2,15;18,7;2,1,1,1,8,18,0.00868055555555558,0.23103119578273112,1.6843132836805483,33.40000000000024,33.4,50.0,3.0,0.3,250.0
701,synthetic_balanced_empirical_resample,83,6,case1,91,89091,2,2;12,2;4,1,1,1,8,18,0.00868055555555558,0.23348805210402093,1.7320683520787223,34.30000000000019,34.300000000000004,50.0,3.0,0.3,250.0
702,synthetic_balanced_empirical_resample,30,9,case1,33,89033,2,10;12,2;4,1,1,1,8,18,0.014583333333333318,0.24731968420010758,1.3859577637181972,35.00000000000015,35.0,50.0,3.0,0.3,250.0
703,synthetic_balanced_empirical_resample,37,7,case1,41,89041,2,10;19,2;3,1,0,0,8,17,0.012152777777777679,0.37415432881505584,1.7203730544268525,35.00000000000015,75.0,50.0,3.0,0.3,250.0
704,synthetic_balanced_empirical_resample,82,7,case1,90,89090,2,3;8,3;0,1,0,0,8,17,0.005902777777777665,0.3504866405334641,1.5703509661776793,33.10000000000026,75.0,50.0,3.0,0.3,250.0
705,synthetic_balanced_empirical_resample,34,7,case1,38,89038,2,10;15,2;7,1,1,1,8,18,0.011805555555555403,0.17986658311143056,1.830476720108963,35.00000000000015,35.0,50.0,3.0,0.3,250.0
706,synthetic_balanced_empirical_resample,52,7,case1,57,89057,2,9;10,1;2,1,1,1,8,18,0.01805555555555527,0.25495889571026753,1.7441702206721084,35.00000000000015,35.0,50.0,3.0,0.3,250.0
707,synthetic_balanced_empirical_resample,3,8,case1,3,89003,2,4;15,4;7,1,1,1,8,18,0.0114583333333332,0.25593676605084714,1.6912486082110236,33.10000000000026,33.1,50.0,3.0,0.3,250.0
708,synthetic_balanced_empirical_resample,79,7,case1,87,89087,2,10;13,2;5,1,1,1,8,18,0.011805555555555403,0.25718323663470355,1.4997332120171314,35.00000000000015,35.0,50.0,3.0,0.3,250.0
709,synthetic_balanced_empirical_resample,28,7,case1,31,89031,2,2;10,2;2,1,1,1,8,18,0.014583333333333318,0.20240079125202676,1.7595279091600324,35.9000000000001,35.9,50.0,3.0,0.3,250.0
710,synthetic_balanced_empirical_resample,65,7,case1,72,89072,2,9;16,1;0,1,0,0,8,17,0.015277777777777798,0.26153278100769456,1.6712340692174263,33.150000000000254,75.0,50.0,3.0,0.3,250.0
711,synthetic_balanced_empirical_resample,1,7,case1,1,89001,2,10;18,2;2,1,1,1,8,18,0.00868055555555558,0.3132981942747487,1.652638372368254,35.950000000000095,35.95,50.0,3.0,0.3,250.0
712,synthetic_balanced_empirical_resample,21,9,case1,21,89021,2,3;12,3;4,1,1,1,8,18,0.011805555555555255,0.18736448433508057,1.3750184047702296,33.80000000000022,33.800000000000004,50.0,3.0,0.3,250.0
713,synthetic_balanced_empirical_resample,37,8,case1,41,89041,2,10;19,2;3,1,0,0,8,17,0.012152777777777679,0.37415432881505584,1.7203730544268525,35.00000000000015,75.0,50.0,3.0,0.3,250.0
714,synthetic_balanced_empirical_resample,56,9,case1,61,89061,2,1;9,1;1,1,1,1,8,18,0.0114583333333332,0.22580973478798044,1.623749428718651,33.150000000000254,33.15,50.0,3.0,0.3,250.0
715,synthetic_balanced_empirical_resample,63,10,case1,70,89070,2,15;17,7;1,1,1,1,8,18,0.014583333333333245,0.20660230147888264,1.6076165036368257,33.150000000000254,33.15,50.0,3.0,0.3,250.0
716,synthetic_balanced_empirical_resample,56,10,case1,61,89061,2,1;9,1;1,1,1,1,8,18,0.0114583333333332,0.22580973478798044,1.623749428718651,33.150000000000254,33.15,50.0,3.0,0.3,250.0
717,synthetic_balanced_empirical_resample,34,8,case1,38,89038,2,10;15,2;7,1,1,1,8,18,0.011805555555555403,0.17986658311143056,1.830476720108963,35.00000000000015,35.0,50.0,3.0,0.3,250.0
718,synthetic_balanced_empirical_resample,64,9,case1,71,89071,2,6;15,6;7,1,1,1,8,18,0.008333333333333156,0.255204427025709,1.6988801831965166,33.10000000000026,33.1,50.0,3.0,0.3,250.0
719,synthetic_balanced_empirical_resample,24,9,case1,25,89025,2,2;4,2;4,1,1,1,8,18,0.00868055555555558,0.22562441242359416,1.7552225344295804,33.35000000000024,33.35,50.0,3.0,0.3,250.0
720,synthetic_balanced_empirical_resample,64,10,case1,71,89071,2,6;15,6;7,1,1,1,8,18,0.008333333333333156,0.255204427025709,1.6988801831965166,33.10000000000026,33.1,50.0,3.0,0.3,250.0
721,synthetic_balanced_empirical_resample,36,9,case1,40,89040,2,7;16,7;0,1,1,1,8,18,0.008680555555555433,0.285397596794596,1.5018563331361945,33.10000000000026,33.1,50.0,3.0,0.3,250.0
722,synthetic_balanced_empirical_resample,83,7,case1,91,89091,2,2;12,2;4,1,1,1,8,18,0.00868055555555558,0.23348805210402093,1.7320683520787223,34.30000000000019,34.300000000000004,50.0,3.0,0.3,250.0
723,synthetic_balanced_empirical_resample,7,8,case1,7,89007,2,8;16,0;0,1,1,1,8,18,0.011805555555555477,0.20790144323564855,1.7093711907742066,33.10000000000026,33.1,50.0,3.0,0.3,250.0
724,synthetic_balanced_empirical_resample,38,7,case1,42,89042,2,9;19,1;3,1,1,1,8,18,0.011805555555555477,0.29307585256457774,1.6061677520194202,33.10000000000026,33.1,50.0,3.0,0.3,250.0
725,synthetic_balanced_empirical_resample,79,8,case1,87,89087,2,10;13,2;5,1,1,1,8,18,0.011805555555555403,0.25718323663470355,1.4997332120171314,35.00000000000015,35.0,50.0,3.0,0.3,250.0
726,synthetic_balanced_empirical_resample,50,5,case1,55,89055,2,6;17,6;1,1,1,1,8,18,0.0114583333333332,0.2750035245396902,1.6938605658203243,33.10000000000026,33.1,50.0,3.0,0.3,250.0
727,synthetic_balanced_empirical_resample,79,9,case1,87,89087,2,10;13,2;5,1,1,1,8,18,0.011805555555555403,0.25718323663470355,1.4997332120171314,35.00000000000015,35.0,50.0,3.0,0.3,250.0
728,synthetic_balanced_empirical_resample,11,8,case1,11,89011,2,4;17,4;1,1,1,1,8,18,0.014583333333333245,0.25924597299096824,1.7257492115797612,33.10000000000026,33.1,50.0,3.0,0.3,250.0
729,synthetic_balanced_empirical_resample,24,10,case1,25,89025,2,2;4,2;4,1,1,1,8,18,0.00868055555555558,0.22562441242359416,1.7552225344295804,33.35000000000024,33.35,50.0,3.0,0.3,250.0
730,synthetic_balanced_empirical_resample,37,9,case1,41,89041,2,10;19,2;3,1,0,0,8,17,0.012152777777777679,0.37415432881505584,1.7203730544268525,35.00000000000015,75.0,50.0,3.0,0.3,250.0
731,synthetic_balanced_empirical_resample,26,8,case1,28,89028,2,3;5,3;5,1,1,1,8,18,0.008680555555555433,0.2524850726770209,1.664697271355655,34.80000000000016,34.800000000000004,50.0,3.0,0.3,250.0
732,synthetic_balanced_empirical_resample,68,5,case1,75,89075,2,9;17,1;1,1,1,1,8,18,0.014583333333333023,0.2524842915064224,1.5699267799348875,33.10000000000026,33.1,50.0,3.0,0.3,250.0
733,synthetic_balanced_empirical_resample,13,8,case1,13,89013,2,5;17,5;1,1,1,1,8,18,0.014583333333333245,0.2546396537879738,1.5949515062183344,37.10000000000003,37.1,50.0,3.0,0.3,250.0
734,synthetic_balanced_empirical_resample,11,9,case1,11,89011,2,4;17,4;1,1,1,1,8,18,0.014583333333333245,0.25924597299096824,1.7257492115797612,33.10000000000026,33.1,50.0,3.0,0.3,250.0
735,synthetic_balanced_empirical_resample,12,9,case1,12,89012,2,10;17,2;1,1,1,1,8,18,0.014930555555555447,0.2818318580700815,1.4702916412670874,35.00000000000015,35.0,50.0,3.0,0.3,250.0
736,synthetic_balanced_empirical_resample,38,8,case1,42,89042,2,9;19,1;3,1,1,1,8,18,0.011805555555555477,0.29307585256457774,1.6061677520194202,33.10000000000026,33.1,50.0,3.0,0.3,250.0
737,synthetic_balanced_empirical_resample,22,9,case1,22,89022,2,6;15,6;7,1,1,1,8,18,0.008333333333333156,0.24165544314190532,1.553305962871431,33.150000000000254,33.15,50.0,3.0,0.3,250.0
738,synthetic_balanced_empirical_resample,43,8,case1,47,89047,2,8;14,0;6,1,1,1,8,18,0.011805555555555255,0.21927155318637448,1.732388840236551,33.150000000000254,33.15,50.0,3.0,0.3,250.0
739,synthetic_balanced_empirical_resample,72,9,case1,79,89079,2,9;11,1;3,1,1,1,8,18,0.011805555555555477,0.2593805847892985,1.7722146825326954,33.150000000000254,33.15,50.0,3.0,0.3,250.0
740,synthetic_balanced_empirical_resample,68,6,case1,75,89075,2,9;17,1;1,1,1,1,8,18,0.014583333333333023,0.2524842915064224,1.5699267799348875,33.10000000000026,33.1,50.0,3.0,0.3,250.0
741,synthetic_balanced_empirical_resample,45,8,case1,49,89049,2,8;18,0;2,1,1,1,8,18,0.012152777777777457,0.2596344574280118,1.730093399338582,33.40000000000024,33.4,50.0,3.0,0.3,250.0
742,synthetic_balanced_empirical_resample,58,10,case1,63,89063,2,14;15,6;7,1,1,1,8,18,0.008333333333333156,0.2662993099149503,1.840806805620851,33.10000000000026,33.1,50.0,3.0,0.3,250.0
743,synthetic_balanced_empirical_resample,1,8,case1,1,89001,2,10;18,2;2,1,1,1,8,18,0.00868055555555558,0.3132981942747487,1.652638372368254,35.950000000000095,35.95,50.0,3.0,0.3,250.0
744,synthetic_balanced_empirical_resample,82,8,case1,90,89090,2,3;8,3;0,1,0,0,8,17,0.005902777777777665,0.3504866405334641,1.5703509661776793,33.10000000000026,75.0,50.0,3.0,0.3,250.0
745,synthetic_balanced_empirical_resample,48,8,case1,53,89053,2,1;3,1;3,1,1,1,8,18,0.008680555555555433,0.24795969697072165,1.6344830231031653,33.10000000000026,33.1,50.0,3.0,0.3,250.0
746,synthetic_balanced_empirical_resample,92,8,case1,100,89100,2,3;16,3;0,1,1,1,8,18,0.005902777777777665,0.3035387375066587,1.8764012984839247,33.10000000000026,33.1,50.0,3.0,0.3,250.0
747,synthetic_balanced_empirical_resample,39,9,case1,43,89043,2,7;14,7;6,1,1,1,8,18,0.008333333333333156,0.2714070664990396,1.3863294723593231,33.10000000000026,33.1,50.0,3.0,0.3,250.0
748,synthetic_balanced_empirical_resample,6,9,case1,6,89006,2,3;9,3;1,1,0,0,8,17,0.011805555555555255,0.3965666453142991,1.7804857195248858,33.10000000000026,75.0,50.0,3.0,0.3,250.0
749,synthetic_balanced_empirical_resample,60,10,case1,67,89067,2,4;11,4;3,1,1,1,8,18,0.014583333333333393,0.2406442574558497,1.7733161761878455,33.150000000000254,33.15,50.0,3.0,0.3,250.0
750,synthetic_balanced_empirical_resample,68,7,case1,75,89075,2,9;17,1;1,1,1,1,8,18,0.014583333333333023,0.2524842915064224,1.5699267799348875,33.10000000000026,33.1,50.0,3.0,0.3,250.0
751,synthetic_balanced_empirical_resample,35,10,case1,39,89039,2,9;10,1;2,1,1,1,8,18,0.011805555555555403,0.21579332390542275,1.6618758912921372,35.00000000000015,35.0,50.0,3.0,0.3,250.0
752,synthetic_balanced_empirical_resample,86,7,case1,94,89094,2,7;18,7;2,1,1,1,8,18,0.00868055555555558,0.33822711134257205,1.5922602733703575,33.40000000000024,33.4,50.0,3.0,0.3,250.0
753,synthetic_balanced_empirical_resample,40,8,case1,44,89044,2,6;10,6;2,1,1,1,8,18,0.01180555555555518,0.2679307424761045,1.6848076602507907,35.00000000000015,35.0,50.0,3.0,0.3,250.0
754,synthetic_balanced_empirical_resample,23,8,case1,23,89023,2,1;7,1;7,1,1,1,8,18,0.014583333333333023,0.2910363324003434,1.5421494176955943,33.150000000000254,33.15,50.0,3.0,0.3,250.0
755,synthetic_balanced_empirical_resample,13,9,case1,13,89013,2,5;17,5;1,1,1,1,8,18,0.014583333333333245,0.2546396537879738,1.5949515062183344,37.10000000000003,37.1,50.0,3.0,0.3,250.0
756,synthetic_balanced_empirical_resample,88,10,case1,96,89096,2,2;7,2;7,1,1,1,8,18,0.00868055555555558,0.30055440747766704,1.7878149846168578,33.35000000000024,33.35,50.0,3.0,0.3,250.0
757,synthetic_balanced_empirical_resample,67,9,case1,74,89074,2,6;16,6;0,1,1,1,8,18,0.005555555555555388,0.2963329893109403,1.6533562028429047,33.10000000000026,33.1,50.0,3.0,0.3,250.0
758,synthetic_balanced_empirical_resample,22,10,case1,22,89022,2,6;15,6;7,1,1,1,8,18,0.008333333333333156,0.24165544314190532,1.553305962871431,33.150000000000254,33.15,50.0,3.0,0.3,250.0
759,synthetic_balanced_empirical_resample,3,9,case1,3,89003,2,4;15,4;7,1,1,1,8,18,0.0114583333333332,0.25593676605084714,1.6912486082110236,33.10000000000026,33.1,50.0,3.0,0.3,250.0
760,synthetic_balanced_empirical_resample,61,11,case1,68,89068,2,13;19,5;3,1,1,1,8,18,0.011805555555555477,0.25040627573108637,1.6428980032099112,34.550000000000175,34.550000000000004,50.0,3.0,0.3,250.0
761,synthetic_balanced_empirical_resample,39,10,case1,43,89043,2,7;14,7;6,1,1,1,8,18,0.008333333333333156,0.2714070664990396,1.3863294723593231,33.10000000000026,33.1,50.0,3.0,0.3,250.0
762,synthetic_balanced_empirical_resample,36,10,case1,40,89040,2,7;16,7;0,1,1,1,8,18,0.008680555555555433,0.285397596794596,1.5018563331361945,33.10000000000026,33.1,50.0,3.0,0.3,250.0
763,synthetic_balanced_empirical_resample,79,10,case1,87,89087,2,10;13,2;5,1,1,1,8,18,0.011805555555555403,0.25718323663470355,1.4997332120171314,35.00000000000015,35.0,50.0,3.0,0.3,250.0
764,synthetic_balanced_empirical_resample,52,8,case1,57,89057,2,9;10,1;2,1,1,1,8,18,0.01805555555555527,0.25495889571026753,1.7441702206721084,35.00000000000015,35.0,50.0,3.0,0.3,250.0
765,synthetic_balanced_empirical_resample,41,8,case1,45,89045,2,0;13,0;5,1,1,1,8,18,0.008680555555555433,0.19100512480584514,1.8409465549814943,34.45000000000018,34.45,50.0,3.0,0.3,250.0
766,synthetic_balanced_empirical_resample,76,7,case1,84,89084,2,1;6,1;6,1,1,1,8,18,0.011458333333332979,0.3315875583894275,1.6502942865296455,33.10000000000026,33.1,50.0,3.0,0.3,250.0
767,synthetic_balanced_empirical_resample,50,6,case1,55,89055,2,6;17,6;1,1,1,1,8,18,0.0114583333333332,0.2750035245396902,1.6938605658203243,33.10000000000026,33.1,50.0,3.0,0.3,250.0
768,synthetic_balanced_empirical_resample,54,7,case1,59,89059,2,13;14,5;6,1,1,1,8,18,0.0114583333333332,0.31319753190021615,1.470747481616238,34.550000000000175,34.550000000000004,50.0,3.0,0.3,250.0
769,synthetic_balanced_empirical_resample,40,9,case1,44,89044,2,6;10,6;2,1,1,1,8,18,0.01180555555555518,0.2679307424761045,1.6848076602507907,35.00000000000015,35.0,50.0,3.0,0.3,250.0
770,synthetic_balanced_empirical_resample,55,7,case1,60,89060,2,11;15,3;7,1,1,1,8,18,0.0149305555555553,0.24470046994860406,2.0308756121117213,33.150000000000254,33.15,50.0,3.0,0.3,250.0
771,synthetic_balanced_empirical_resample,71,9,case1,78,89078,2,0;17,0;1,1,1,1,8,18,0.011805555555555255,0.2115047496921926,1.7587838338544537,33.150000000000254,33.15,50.0,3.0,0.3,250.0
772,synthetic_balanced_empirical_resample,75,10,case1,82,89082,2,16;17,0;1,1,1,1,8,18,0.008680555555555433,0.2720341581907876,1.6216809816284279,33.10000000000026,33.1,50.0,3.0,0.3,250.0
773,synthetic_balanced_empirical_resample,51,10,case1,56,89056,2,0;2,0;2,1,0,0,8,17,0.005902777777777812,0.24028314845048873,1.7402353639758736,33.35000000000024,75.0,50.0,3.0,0.3,250.0
774,synthetic_balanced_empirical_resample,54,8,case1,59,89059,2,13;14,5;6,1,1,1,8,18,0.0114583333333332,0.31319753190021615,1.470747481616238,34.550000000000175,34.550000000000004,50.0,3.0,0.3,250.0
775,synthetic_balanced_empirical_resample,69,10,case1,76,89076,2,3;9,3;1,1,1,1,8,18,0.008680555555555433,0.2447947070166516,1.4039877041318403,33.10000000000026,33.1,50.0,3.0,0.3,250.0
776,synthetic_balanced_empirical_resample,30,10,case1,33,89033,2,10;12,2;4,1,1,1,8,18,0.014583333333333318,0.24731968420010758,1.3859577637181972,35.00000000000015,35.0,50.0,3.0,0.3,250.0
777,synthetic_balanced_empirical_resample,29,9,case1,32,89032,2,1;18,1;2,1,0,0,8,17,0.011805555555555403,0.21547314459189665,1.7958364022661868,33.40000000000024,75.0,50.0,3.0,0.3,250.0
778,synthetic_balanced_empirical_resample,7,9,case1,7,89007,2,8;16,0;0,1,1,1,8,18,0.011805555555555477,0.20790144323564855,1.7093711907742066,33.10000000000026,33.1,50.0,3.0,0.3,250.0
779,synthetic_balanced_empirical_resample,55,8,case1,60,89060,2,11;15,3;7,1,1,1,8,18,0.0149305555555553,0.24470046994860406,2.0308756121117213,33.150000000000254,33.15,50.0,3.0,0.3,250.0
780,synthetic_balanced_empirical_resample,81,9,case1,89,89089,2,15;18,7;2,1,1,1,8,18,0.011805555555555403,0.16945087871640319,1.846331659359799,33.40000000000024,33.4,50.0,3.0,0.3,250.0
781,synthetic_balanced_empirical_resample,43,9,case1,47,89047,2,8;14,0;6,1,1,1,8,18,0.011805555555555255,0.21927155318637448,1.732388840236551,33.150000000000254,33.15,50.0,3.0,0.3,250.0
782,synthetic_balanced_empirical_resample,70,8,case1,77,89077,2,0;4,0;4,1,1,1,8,18,0.011805555555555255,0.2607875148614554,1.8812282151624307,33.10000000000026,33.1,50.0,3.0,0.3,250.0
783,synthetic_balanced_empirical_resample,56,11,case1,61,89061,2,1;9,1;1,1,1,1,8,18,0.0114583333333332,0.22580973478798044,1.623749428718651,33.150000000000254,33.15,50.0,3.0,0.3,250.0
784,synthetic_balanced_empirical_resample,20,9,case1,20,89020,2,2;18,2;2,1,1,1,8,18,0.00868055555555558,0.2515263986495112,1.3144804821408473,34.700000000000166,34.7,50.0,3.0,0.3,250.0
785,synthetic_balanced_empirical_resample,91,11,case1,99,89099,2,16;18,0;2,1,1,1,8,18,0.009027777777777857,0.28641064651275683,1.7733750355906805,33.40000000000024,33.4,50.0,3.0,0.3,250.0
786,synthetic_balanced_empirical_resample,74,10,case1,81,89081,2,3;16,3;0,1,1,1,8,18,0.005902777777777665,0.33152198473044303,1.43058882000288,33.10000000000026,33.1,50.0,3.0,0.3,250.0
787,synthetic_balanced_empirical_resample,13,10,case1,13,89013,2,5;17,5;1,1,1,1,8,18,0.014583333333333245,0.2546396537879738,1.5949515062183344,37.10000000000003,37.1,50.0,3.0,0.3,250.0
788,synthetic_balanced_empirical_resample,65,8,case1,72,89072,2,9;16,1;0,1,0,0,8,17,0.015277777777777798,0.26153278100769456,1.6712340692174263,33.150000000000254,75.0,50.0,3.0,0.3,250.0
789,synthetic_balanced_empirical_resample,28,8,case1,31,89031,2,2;10,2;2,1,1,1,8,18,0.014583333333333318,0.20240079125202676,1.7595279091600324,35.9000000000001,35.9,50.0,3.0,0.3,250.0
790,synthetic_balanced_empirical_resample,88,11,case1,96,89096,2,2;7,2;7,1,1,1,8,18,0.00868055555555558,0.30055440747766704,1.7878149846168578,33.35000000000024,33.35,50.0,3.0,0.3,250.0
791,synthetic_balanced_empirical_resample,76,8,case1,84,89084,2,1;6,1;6,1,1,1,8,18,0.011458333333332979,0.3315875583894275,1.6502942865296455,33.10000000000026,33.1,50.0,3.0,0.3,250.0
792,synthetic_balanced_empirical_resample,41,9,case1,45,89045,2,0;13,0;5,1,1,1,8,18,0.008680555555555433,0.19100512480584514,1.8409465549814943,34.45000000000018,34.45,50.0,3.0,0.3,250.0
793,synthetic_balanced_empirical_resample,71,10,case1,78,89078,2,0;17,0;1,1,1,1,8,18,0.011805555555555255,0.2115047496921926,1.7587838338544537,33.150000000000254,33.15,50.0,3.0,0.3,250.0
794,synthetic_balanced_empirical_resample,45,9,case1,49,89049,2,8;18,0;2,1,1,1,8,18,0.012152777777777457,0.2596344574280118,1.730093399338582,33.40000000000024,33.4,50.0,3.0,0.3,250.0
795,synthetic_balanced_empirical_resample,86,8,case1,94,89094,2,7;18,7;2,1,1,1,8,18,0.00868055555555558,0.33822711134257205,1.5922602733703575,33.40000000000024,33.4,50.0,3.0,0.3,250.0
796,synthetic_balanced_empirical_resample,10,10,case1,10,89010,2,7;19,7;3,1,1,1,8,18,0.011805555555555477,0.26688340720653303,1.4905559294734867,33.10000000000026,33.1,50.0,3.0,0.3,250.0
797,synthetic_balanced_empirical_resample,52,9,case1,57,89057,2,9;10,1;2,1,1,1,8,18,0.01805555555555527,0.25495889571026753,1.7441702206721084,35.00000000000015,35.0,50.0,3.0,0.3,250.0
798,synthetic_balanced_empirical_resample,44,9,case1,48,89048,2,10;14,2;6,1,1,1,8,18,0.01180555555555518,0.36744558217605594,1.5563435107232424,35.00000000000015,35.0,50.0,3.0,0.3,250.0
799,synthetic_balanced_empirical_resample,27,8,case1,29,89029,2,4;13,4;5,1,1,1,8,18,0.0114583333333332,0.2903549782855269,1.7309498516820714,34.40000000000018,34.4,50.0,3.0,0.3,250.0
800,synthetic_balanced_empirical_resample,66,9,case1,73,89073,2,4;9,4;1,1,1,1,8,18,0.014583333333333023,0.22760547468858364,1.706299628670782,33.150000000000254,33.15,50.0,3.0,0.3,250.0
801,synthetic_balanced_empirical_resample,16,9,case1,16,89016,2,8;17,0;1,1,0,0,8,17,0.018055555555555124,0.20566435465468555,1.6984593986018575,33.150000000000254,75.0,50.0,3.0,0.3,250.0
802,synthetic_balanced_empirical_resample,81,10,case1,89,89089,2,15;18,7;2,1,1,1,8,18,0.011805555555555403,0.16945087871640319,1.846331659359799,33.40000000000024,33.4,50.0,3.0,0.3,250.0
803,synthetic_balanced_empirical_resample,76,9,case1,84,89084,2,1;6,1;6,1,1,1,8,18,0.011458333333332979,0.3315875583894275,1.6502942865296455,33.10000000000026,33.1,50.0,3.0,0.3,250.0
804,synthetic_balanced_empirical_resample,8,8,case1,8,89008,2,1;12,1;4,1,1,1,8,18,0.0114583333333332,0.28610148149120496,1.5318244215237664,34.25000000000019,34.25,50.0,3.0,0.3,250.0
805,synthetic_balanced_empirical_resample,77,6,case1,85,89085,2,3;11,3;3,1,1,1,8,18,0.008680555555555433,0.2933975250482656,1.7770363905866264,33.10000000000026,33.1,50.0,3.0,0.3,250.0
806,synthetic_balanced_empirical_resample,17,10,case1,17,89017,2,7;14,7;6,1,1,1,8,18,0.008333333333333156,0.22761873079488582,1.568112498780585,33.150000000000254,33.15,50.0,3.0,0.3,250.0
807,synthetic_balanced_empirical_resample,89,10,case1,97,89097,2,3;16,3;0,1,1,1,8,18,0.00902777777777771,0.2368999924352045,1.5162927571288045,33.10000000000026,33.1,50.0,3.0,0.3,250.0
808,synthetic_balanced_empirical_resample,70,9,case1,77,89077,2,0;4,0;4,1,1,1,8,18,0.011805555555555255,0.2607875148614554,1.8812282151624307,33.10000000000026,33.1,50.0,3.0,0.3,250.0
809,synthetic_balanced_empirical_resample,33,9,case1,37,89037,2,11;16,3;0,1,1,1,8,18,0.012152777777777754,0.306617990699167,1.6704570165035166,33.150000000000254,33.15,50.0,3.0,0.3,250.0
810,synthetic_balanced_empirical_resample,87,8,case1,95,89095,2,5;14,5;6,1,1,1,8,18,0.008333333333333156,0.2879613167160864,1.8545260159057877,37.40000000000001,37.4,50.0,3.0,0.3,250.0
811,synthetic_balanced_empirical_resample,59,7,case1,66,89066,2,6;19,6;3,1,0,0,8,17,0.011805555555555477,0.15225488857409497,1.468441759967038,33.150000000000254,75.0,50.0,3.0,0.3,250.0
812,synthetic_balanced_empirical_resample,49,7,case1,54,89054,2,13;16,5;0,1,1,1,8,18,0.014930555555555522,0.2456453645340313,1.6046476295252217,34.45000000000018,34.45,50.0,3.0,0.3,250.0
813,synthetic_balanced_empirical_resample,23,9,case1,23,89023,2,1;7,1;7,1,1,1,8,18,0.014583333333333023,0.2910363324003434,1.5421494176955943,33.150000000000254,33.15,50.0,3.0,0.3,250.0
814,synthetic_balanced_empirical_resample,77,7,case1,85,89085,2,3;11,3;3,1,1,1,8,18,0.008680555555555433,0.2933975250482656,1.7770363905866264,33.10000000000026,33.1,50.0,3.0,0.3,250.0
815,synthetic_balanced_empirical_resample,47,9,case1,51,89051,2,2;11,2;3,1,1,1,8,18,0.009027777777777857,0.2212331162065017,1.7144826030477005,33.35000000000024,33.35,50.0,3.0,0.3,250.0
816,synthetic_balanced_empirical_resample,72,10,case1,79,89079,2,9;11,1;3,1,1,1,8,18,0.011805555555555477,0.2593805847892985,1.7722146825326954,33.150000000000254,33.15,50.0,3.0,0.3,250.0
817,synthetic_balanced_empirical_resample,32,6,case1,35,89035,2,11;12,3;4,1,1,1,8,18,0.008680555555555433,0.317730768346019,1.6991338701612406,33.70000000000022,33.7,50.0,3.0,0.3,250.0
818,synthetic_balanced_empirical_resample,28,9,case1,31,89031,2,2;10,2;2,1,1,1,8,18,0.014583333333333318,0.20240079125202676,1.7595279091600324,35.9000000000001,35.9,50.0,3.0,0.3,250.0
819,synthetic_balanced_empirical_resample,12,10,case1,12,89012,2,10;17,2;1,1,1,1,8,18,0.014930555555555447,0.2818318580700815,1.4702916412670874,35.00000000000015,35.0,50.0,3.0,0.3,250.0
820,synthetic_balanced_empirical_resample,49,8,case1,54,89054,2,13;16,5;0,1,1,1,8,18,0.014930555555555522,0.2456453645340313,1.6046476295252217,34.45000000000018,34.45,50.0,3.0,0.3,250.0
821,synthetic_balanced_empirical_resample,19,10,case1,19,89019,2,15;18,7;2,1,1,1,8,18,0.00868055555555558,0.23103119578273112,1.6843132836805483,33.40000000000024,33.4,50.0,3.0,0.3,250.0
822,synthetic_balanced_empirical_resample,18,8,case1,18,89018,2,10;12,2;4,1,1,1,8,18,0.011805555555555403,0.3094811108555522,1.5203957943081818,35.00000000000015,35.0,50.0,3.0,0.3,250.0
823,synthetic_balanced_empirical_resample,83,8,case1,91,89091,2,2;12,2;4,1,1,1,8,18,0.00868055555555558,0.23348805210402093,1.7320683520787223,34.30000000000019,34.300000000000004,50.0,3.0,0.3,250.0
824,synthetic_balanced_empirical_resample,3,10,case1,3,89003,2,4;15,4;7,1,1,1,8,18,0.0114583333333332,0.25593676605084714,1.6912486082110236,33.10000000000026,33.1,50.0,3.0,0.3,250.0
825,synthetic_balanced_empirical_resample,18,9,case1,18,89018,2,10;12,2;4,1,1,1,8,18,0.011805555555555403,0.3094811108555522,1.5203957943081818,35.00000000000015,35.0,50.0,3.0,0.3,250.0
826,synthetic_balanced_empirical_resample,2,9,case1,2,89002,2,9;11,1;3,1,1,1,8,18,0.011805555555555477,0.2094534142926686,1.6175158725804908,33.10000000000026,33.1,50.0,3.0,0.3,250.0
827,synthetic_balanced_empirical_resample,65,9,case1,72,89072,2,9;16,1;0,1,0,0,8,17,0.015277777777777798,0.26153278100769456,1.6712340692174263,33.150000000000254,75.0,50.0,3.0,0.3,250.0
828,synthetic_balanced_empirical_resample,85,9,case1,93,89093,2,11;15,3;7,1,1,1,8,18,0.011805555555555477,0.21380930148974253,1.8172182741210983,33.150000000000254,33.15,50.0,3.0,0.3,250.0
829,synthetic_balanced_empirical_resample,23,10,case1,23,89023,2,1;7,1;7,1,1,1,8,18,0.014583333333333023,0.2910363324003434,1.5421494176955943,33.150000000000254,33.15,50.0,3.0,0.3,250.0
830,synthetic_balanced_empirical_resample,69,11,case1,76,89076,2,3;9,3;1,1,1,1,8,18,0.008680555555555433,0.2447947070166516,1.4039877041318403,33.10000000000026,33.1,50.0,3.0,0.3,250.0
831,synthetic_balanced_empirical_resample,53,8,case1,58,89058,2,6;16,6;0,1,1,1,8,18,0.011805555555555477,0.28492031325066125,1.5385890026382651,33.150000000000254,33.15,50.0,3.0,0.3,250.0
832,synthetic_balanced_empirical_resample,21,10,case1,21,89021,2,3;12,3;4,1,1,1,8,18,0.011805555555555255,0.18736448433508057,1.3750184047702296,33.80000000000022,33.800000000000004,50.0,3.0,0.3,250.0
833,synthetic_balanced_empirical_resample,32,7,case1,35,89035,2,11;12,3;4,1,1,1,8,18,0.008680555555555433,0.317730768346019,1.6991338701612406,33.70000000000022,33.7,50.0,3.0,0.3,250.0
834,synthetic_balanced_empirical_resample,6,10,case1,6,89006,2,3;9,3;1,1,0,0,8,17,0.011805555555555255,0.3965666453142991,1.7804857195248858,33.10000000000026,75.0,50.0,3.0,0.3,250.0
835,synthetic_balanced_empirical_resample,45,10,case1,49,89049,2,8;18,0;2,1,1,1,8,18,0.012152777777777457,0.2596344574280118,1.730093399338582,33.40000000000024,33.4,50.0,3.0,0.3,250.0
836,synthetic_balanced_empirical_resample,49,9,case1,54,89054,2,13;16,5;0,1,1,1,8,18,0.014930555555555522,0.2456453645340313,1.6046476295252217,34.45000000000018,34.45,50.0,3.0,0.3,250.0
837,synthetic_balanced_empirical_resample,9,8,case1,9,89009,2,1;14,1;6,1,1,1,8,18,0.011458333333332979,0.22495098971959945,1.571125497436433,33.10000000000026,33.1,50.0,3.0,0.3,250.0
838,synthetic_balanced_empirical_resample,29,10,case1,32,89032,2,1;18,1;2,1,0,0,8,17,0.011805555555555403,0.21547314459189665,1.7958364022661868,33.40000000000024,75.0,50.0,3.0,0.3,250.0
839,synthetic_balanced_empirical_resample,27,9,case1,29,89029,2,4;13,4;5,1,1,1,8,18,0.0114583333333332,0.2903549782855269,1.7309498516820714,34.40000000000018,34.4,50.0,3.0,0.3,250.0
840,synthetic_balanced_empirical_resample,87,9,case1,95,89095,2,5;14,5;6,1,1,1,8,18,0.008333333333333156,0.2879613167160864,1.8545260159057877,37.40000000000001,37.4,50.0,3.0,0.3,250.0
841,synthetic_balanced_empirical_resample,82,9,case1,90,89090,2,3;8,3;0,1,0,0,8,17,0.005902777777777665,0.3504866405334641,1.5703509661776793,33.10000000000026,75.0,50.0,3.0,0.3,250.0
842,synthetic_balanced_empirical_resample,45,11,case1,49,89049,2,8;18,0;2,1,1,1,8,18,0.012152777777777457,0.2596344574280118,1.730093399338582,33.40000000000024,33.4,50.0,3.0,0.3,250.0
843,synthetic_balanced_empirical_resample,11,10,case1,11,89011,2,4;17,4;1,1,1,1,8,18,0.014583333333333245,0.25924597299096824,1.7257492115797612,33.10000000000026,33.1,50.0,3.0,0.3,250.0
844,synthetic_balanced_empirical_resample,53,9,case1,58,89058,2,6;16,6;0,1,1,1,8,18,0.011805555555555477,0.28492031325066125,1.5385890026382651,33.150000000000254,33.15,50.0,3.0,0.3,250.0
845,synthetic_balanced_empirical_resample,33,10,case1,37,89037,2,11;16,3;0,1,1,1,8,18,0.012152777777777754,0.306617990699167,1.6704570165035166,33.150000000000254,33.15,50.0,3.0,0.3,250.0
846,synthetic_balanced_empirical_resample,28,10,case1,31,89031,2,2;10,2;2,1,1,1,8,18,0.014583333333333318,0.20240079125202676,1.7595279091600324,35.9000000000001,35.9,50.0,3.0,0.3,250.0
847,synthetic_balanced_empirical_resample,76,10,case1,84,89084,2,1;6,1;6,1,1,1,8,18,0.011458333333332979,0.3315875583894275,1.6502942865296455,33.10000000000026,33.1,50.0,3.0,0.3,250.0
848,synthetic_balanced_empirical_resample,83,9,case1,91,89091,2,2;12,2;4,1,1,1,8,18,0.00868055555555558,0.23348805210402093,1.7320683520787223,34.30000000000019,34.300000000000004,50.0,3.0,0.3,250.0
849,synthetic_balanced_empirical_resample,90,9,case1,98,89098,2,12;17,4;1,1,1,1,8,18,0.014583333333333245,0.235816236693533,1.4975758854284893,33.650000000000226,33.65,50.0,3.0,0.3,250.0
850,synthetic_balanced_empirical_resample,39,11,case1,43,89043,2,7;14,7;6,1,1,1,8,18,0.008333333333333156,0.2714070664990396,1.3863294723593231,33.10000000000026,33.1,50.0,3.0,0.3,250.0
851,synthetic_balanced_empirical_resample,47,10,case1,51,89051,2,2;11,2;3,1,1,1,8,18,0.009027777777777857,0.2212331162065017,1.7144826030477005,33.35000000000024,33.35,50.0,3.0,0.3,250.0
852,synthetic_balanced_empirical_resample,72,11,case1,79,89079,2,9;11,1;3,1,1,1,8,18,0.011805555555555477,0.2593805847892985,1.7722146825326954,33.150000000000254,33.15,50.0,3.0,0.3,250.0
853,synthetic_balanced_empirical_resample,8,9,case1,8,89008,2,1;12,1;4,1,1,1,8,18,0.0114583333333332,0.28610148149120496,1.5318244215237664,34.25000000000019,34.25,50.0,3.0,0.3,250.0
854,synthetic_balanced_empirical_resample,86,9,case1,94,89094,2,7;18,7;2,1,1,1,8,18,0.00868055555555558,0.33822711134257205,1.5922602733703575,33.40000000000024,33.4,50.0,3.0,0.3,250.0
855,synthetic_balanced_empirical_resample,40,10,case1,44,89044,2,6;10,6;2,1,1,1,8,18,0.01180555555555518,0.2679307424761045,1.6848076602507907,35.00000000000015,35.0,50.0,3.0,0.3,250.0
856,synthetic_balanced_empirical_resample,43,10,case1,47,89047,2,8;14,0;6,1,1,1,8,18,0.011805555555555255,0.21927155318637448,1.732388840236551,33.150000000000254,33.15,50.0,3.0,0.3,250.0
857,synthetic_balanced_empirical_resample,65,10,case1,72,89072,2,9;16,1;0,1,0,0,8,17,0.015277777777777798,0.26153278100769456,1.6712340692174263,33.150000000000254,75.0,50.0,3.0,0.3,250.0
858,synthetic_balanced_empirical_resample,33,11,case1,37,89037,2,11;16,3;0,1,1,1,8,18,0.012152777777777754,0.306617990699167,1.6704570165035166,33.150000000000254,33.15,50.0,3.0,0.3,250.0
859,synthetic_balanced_empirical_resample,32,8,case1,35,89035,2,11;12,3;4,1,1,1,8,18,0.008680555555555433,0.317730768346019,1.6991338701612406,33.70000000000022,33.7,50.0,3.0,0.3,250.0
860,synthetic_balanced_empirical_resample,92,9,case1,100,89100,2,3;16,3;0,1,1,1,8,18,0.005902777777777665,0.3035387375066587,1.8764012984839247,33.10000000000026,33.1,50.0,3.0,0.3,250.0
861,synthetic_balanced_empirical_resample,11,11,case1,11,89011,2,4;17,4;1,1,1,1,8,18,0.014583333333333245,0.25924597299096824,1.7257492115797612,33.10000000000026,33.1,50.0,3.0,0.3,250.0
862,synthetic_balanced_empirical_resample,29,11,case1,32,89032,2,1;18,1;2,1,0,0,8,17,0.011805555555555403,0.21547314459189665,1.7958364022661868,33.40000000000024,75.0,50.0,3.0,0.3,250.0
863,synthetic_balanced_empirical_resample,15,9,case1,15,89015,2,1;4,1;4,1,1,1,8,18,0.014583333333333023,0.18194690747653963,1.6073017997402594,33.150000000000254,33.15,50.0,3.0,0.3,250.0
864,synthetic_balanced_empirical_resample,17,11,case1,17,89017,2,7;14,7;6,1,1,1,8,18,0.008333333333333156,0.22761873079488582,1.568112498780585,33.150000000000254,33.15,50.0,3.0,0.3,250.0
865,synthetic_balanced_empirical_resample,55,9,case1,60,89060,2,11;15,3;7,1,1,1,8,18,0.0149305555555553,0.24470046994860406,2.0308756121117213,33.150000000000254,33.15,50.0,3.0,0.3,250.0
866,synthetic_balanced_empirical_resample,51,11,case1,56,89056,2,0;2,0;2,1,0,0,8,17,0.005902777777777812,0.24028314845048873,1.7402353639758736,33.35000000000024,75.0,50.0,3.0,0.3,250.0
867,synthetic_balanced_empirical_resample,4,7,case1,4,89004,2,2;13,2;5,1,1,1,8,18,0.011458333333333496,0.26271418760485715,1.8115164187251827,34.45000000000018,34.45,50.0,3.0,0.3,250.0
868,synthetic_balanced_empirical_resample,86,10,case1,94,89094,2,7;18,7;2,1,1,1,8,18,0.00868055555555558,0.33822711134257205,1.5922602733703575,33.40000000000024,33.4,50.0,3.0,0.3,250.0
869,synthetic_balanced_empirical_resample,49,10,case1,54,89054,2,13;16,5;0,1,1,1,8,18,0.014930555555555522,0.2456453645340313,1.6046476295252217,34.45000000000018,34.45,50.0,3.0,0.3,250.0
870,synthetic_balanced_empirical_resample,52,10,case1,57,89057,2,9;10,1;2,1,1,1,8,18,0.01805555555555527,0.25495889571026753,1.7441702206721084,35.00000000000015,35.0,50.0,3.0,0.3,250.0
871,synthetic_balanced_empirical_resample,18,10,case1,18,89018,2,10;12,2;4,1,1,1,8,18,0.011805555555555403,0.3094811108555522,1.5203957943081818,35.00000000000015,35.0,50.0,3.0,0.3,250.0
872,synthetic_balanced_empirical_resample,27,10,case1,29,89029,2,4;13,4;5,1,1,1,8,18,0.0114583333333332,0.2903549782855269,1.7309498516820714,34.40000000000018,34.4,50.0,3.0,0.3,250.0
873,synthetic_balanced_empirical_resample,5,9,case1,5,89005,2,10;15,2;7,1,1,1,8,18,0.014583333333333318,0.3551089081613883,1.7134790573136733,35.00000000000015,35.0,50.0,3.0,0.3,250.0
874,synthetic_balanced_empirical_resample,77,8,case1,85,89085,2,3;11,3;3,1,1,1,8,18,0.008680555555555433,0.2933975250482656,1.7770363905866264,33.10000000000026,33.1,50.0,3.0,0.3,250.0
875,synthetic_balanced_empirical_resample,16,10,case1,16,89016,2,8;17,0;1,1,0,0,8,17,0.018055555555555124,0.20566435465468555,1.6984593986018575,33.150000000000254,75.0,50.0,3.0,0.3,250.0
876,synthetic_balanced_empirical_resample,14,10,case1,14,89014,2,12;15,4;7,1,1,1,8,18,0.0114583333333332,0.22385955599283014,1.5873335104551465,34.000000000000206,34.0,50.0,3.0,0.3,250.0
877,synthetic_balanced_empirical_resample,47,11,case1,51,89051,2,2;11,2;3,1,1,1,8,18,0.009027777777777857,0.2212331162065017,1.7144826030477005,33.35000000000024,33.35,50.0,3.0,0.3,250.0
878,synthetic_balanced_empirical_resample,74,11,case1,81,89081,2,3;16,3;0,1,1,1,8,18,0.005902777777777665,0.33152198473044303,1.43058882000288,33.10000000000026,33.1,50.0,3.0,0.3,250.0
879,synthetic_balanced_empirical_resample,53,10,case1,58,89058,2,6;16,6;0,1,1,1,8,18,0.011805555555555477,0.28492031325066125,1.5385890026382651,33.150000000000254,33.15,50.0,3.0,0.3,250.0
880,synthetic_balanced_empirical_resample,30,11,case1,33,89033,2,10;12,2;4,1,1,1,8,18,0.014583333333333318,0.24731968420010758,1.3859577637181972,35.00000000000015,35.0,50.0,3.0,0.3,250.0
881,synthetic_balanced_empirical_resample,59,8,case1,66,89066,2,6;19,6;3,1,0,0,8,17,0.011805555555555477,0.15225488857409497,1.468441759967038,33.150000000000254,75.0,50.0,3.0,0.3,250.0
882,synthetic_balanced_empirical_resample,4,8,case1,4,89004,2,2;13,2;5,1,1,1,8,18,0.011458333333333496,0.26271418760485715,1.8115164187251827,34.45000000000018,34.45,50.0,3.0,0.3,250.0
883,synthetic_balanced_empirical_resample,46,11,case1,50,89050,2,11;15,3;7,1,1,1,8,18,0.011458333333333348,0.298580169153551,1.7940277778239004,33.150000000000254,33.15,50.0,3.0,0.3,250.0
884,synthetic_balanced_empirical_resample,13,11,case1,13,89013,2,5;17,5;1,1,1,1,8,18,0.014583333333333245,0.2546396537879738,1.5949515062183344,37.10000000000003,37.1,50.0,3.0,0.3,250.0
885,synthetic_balanced_empirical_resample,34,9,case1,38,89038,2,10;15,2;7,1,1,1,8,18,0.011805555555555403,0.17986658311143056,1.830476720108963,35.00000000000015,35.0,50.0,3.0,0.3,250.0
886,synthetic_balanced_empirical_resample,55,10,case1,60,89060,2,11;15,3;7,1,1,1,8,18,0.0149305555555553,0.24470046994860406,2.0308756121117213,33.150000000000254,33.15,50.0,3.0,0.3,250.0
887,synthetic_balanced_empirical_resample,50,7,case1,55,89055,2,6;17,6;1,1,1,1,8,18,0.0114583333333332,0.2750035245396902,1.6938605658203243,33.10000000000026,33.1,50.0,3.0,0.3,250.0
888,synthetic_balanced_empirical_resample,2,10,case1,2,89002,2,9;11,1;3,1,1,1,8,18,0.011805555555555477,0.2094534142926686,1.6175158725804908,33.10000000000026,33.1,50.0,3.0,0.3,250.0
889,synthetic_balanced_empirical_resample,82,10,case1,90,89090,2,3;8,3;0,1,0,0,8,17,0.005902777777777665,0.3504866405334641,1.5703509661776793,33.10000000000026,75.0,50.0,3.0,0.3,250.0
890,synthetic_balanced_empirical_resample,86,11,case1,94,89094,2,7;18,7;2,1,1,1,8,18,0.00868055555555558,0.33822711134257205,1.5922602733703575,33.40000000000024,33.4,50.0,3.0,0.3,250.0
891,synthetic_balanced_empirical_resample,73,11,case1,80,89080,2,1;4,1;4,1,1,1,8,18,0.014583333333333245,0.32771360296366014,1.6581558445969296,33.10000000000026,33.1,50.0,3.0,0.3,250.0
892,synthetic_balanced_empirical_resample,54,9,case1,59,89059,2,13;14,5;6,1,1,1,8,18,0.0114583333333332,0.31319753190021615,1.470747481616238,34.550000000000175,34.550000000000004,50.0,3.0,0.3,250.0
893,synthetic_balanced_empirical_resample,21,11,case1,21,89021,2,3;12,3;4,1,1,1,8,18,0.011805555555555255,0.18736448433508057,1.3750184047702296,33.80000000000022,33.800000000000004,50.0,3.0,0.3,250.0
894,synthetic_balanced_empirical_resample,5,10,case1,5,89005,2,10;15,2;7,1,1,1,8,18,0.014583333333333318,0.3551089081613883,1.7134790573136733,35.00000000000015,35.0,50.0,3.0,0.3,250.0
895,synthetic_balanced_empirical_resample,83,10,case1,91,89091,2,2;12,2;4,1,1,1,8,18,0.00868055555555558,0.23348805210402093,1.7320683520787223,34.30000000000019,34.300000000000004,50.0,3.0,0.3,250.0
896,synthetic_balanced_empirical_resample,25,10,case1,27,89027,2,9;14,1;6,1,1,1,8,18,0.014583333333333023,0.2286781975764709,1.6592159362306687,33.10000000000026,33.1,50.0,3.0,0.3,250.0
897,synthetic_balanced_empirical_resample,79,11,case1,87,89087,2,10;13,2;5,1,1,1,8,18,0.011805555555555403,0.25718323663470355,1.4997332120171314,35.00000000000015,35.0,50.0,3.0,0.3,250.0
898,synthetic_balanced_empirical_resample,37,10,case1,41,89041,2,10;19,2;3,1,0,0,8,17,0.012152777777777679,0.37415432881505584,1.7203730544268525,35.00000000000015,75.0,50.0,3.0,0.3,250.0
899,synthetic_balanced_empirical_resample,14,11,case1,14,89014,2,12;15,4;7,1,1,1,8,18,0.0114583333333332,0.22385955599283014,1.5873335104551465,34.000000000000206,34.0,50.0,3.0,0.3,250.0
900,synthetic_balanced_empirical_resample,44,10,case1,48,89048,2,10;14,2;6,1,1,1,8,18,0.01180555555555518,0.36744558217605594,1.5563435107232424,35.00000000000015,35.0,50.0,3.0,0.3,250.0
901,synthetic_balanced_empirical_resample,68,8,case1,75,89075,2,9;17,1;1,1,1,1,8,18,0.014583333333333023,0.2524842915064224,1.5699267799348875,33.10000000000026,33.1,50.0,3.0,0.3,250.0
902,synthetic_balanced_empirical_resample,10,11,case1,10,89010,2,7;19,7;3,1,1,1,8,18,0.011805555555555477,0.26688340720653303,1.4905559294734867,33.10000000000026,33.1,50.0,3.0,0.3,250.0
903,synthetic_balanced_empirical_resample,77,9,case1,85,89085,2,3;11,3;3,1,1,1,8,18,0.008680555555555433,0.2933975250482656,1.7770363905866264,33.10000000000026,33.1,50.0,3.0,0.3,250.0
904,synthetic_balanced_empirical_resample,48,9,case1,53,89053,2,1;3,1;3,1,1,1,8,18,0.008680555555555433,0.24795969697072165,1.6344830231031653,33.10000000000026,33.1,50.0,3.0,0.3,250.0
905,synthetic_balanced_empirical_resample,27,11,case1,29,89029,2,4;13,4;5,1,1,1,8,18,0.0114583333333332,0.2903549782855269,1.7309498516820714,34.40000000000018,34.4,50.0,3.0,0.3,250.0
906,synthetic_balanced_empirical_resample,6,11,case1,6,89006,2,3;9,3;1,1,0,0,8,17,0.011805555555555255,0.3965666453142991,1.7804857195248858,33.10000000000026,75.0,50.0,3.0,0.3,250.0
907,synthetic_balanced_empirical_resample,77,10,case1,85,89085,2,3;11,3;3,1,1,1,8,18,0.008680555555555433,0.2933975250482656,1.7770363905866264,33.10000000000026,33.1,50.0,3.0,0.3,250.0
908,synthetic_balanced_empirical_resample,12,11,case1,12,89012,2,10;17,2;1,1,1,1,8,18,0.014930555555555447,0.2818318580700815,1.4702916412670874,35.00000000000015,35.0,50.0,3.0,0.3,250.0
909,synthetic_balanced_empirical_resample,41,10,case1,45,89045,2,0;13,0;5,1,1,1,8,18,0.008680555555555433,0.19100512480584514,1.8409465549814943,34.45000000000018,34.45,50.0,3.0,0.3,250.0
910,synthetic_balanced_empirical_resample,57,9,case1,62,89062,2,10;19,2;3,1,1,1,8,18,0.012152777777777679,0.2214850031536176,1.6132838241670733,35.00000000000015,35.0,50.0,3.0,0.3,250.0
911,synthetic_balanced_empirical_resample,32,9,case1,35,89035,2,11;12,3;4,1,1,1,8,18,0.008680555555555433,0.317730768346019,1.6991338701612406,33.70000000000022,33.7,50.0,3.0,0.3,250.0
912,synthetic_balanced_empirical_resample,66,10,case1,73,89073,2,4;9,4;1,1,1,1,8,18,0.014583333333333023,0.22760547468858364,1.706299628670782,33.150000000000254,33.15,50.0,3.0,0.3,250.0
913,synthetic_balanced_empirical_resample,59,9,case1,66,89066,2,6;19,6;3,1,0,0,8,17,0.011805555555555477,0.15225488857409497,1.468441759967038,33.150000000000254,75.0,50.0,3.0,0.3,250.0
914,synthetic_balanced_empirical_resample,36,11,case1,40,89040,2,7;16,7;0,1,1,1,8,18,0.008680555555555433,0.285397596794596,1.5018563331361945,33.10000000000026,33.1,50.0,3.0,0.3,250.0
915,synthetic_balanced_empirical_resample,1,9,case1,1,89001,2,10;18,2;2,1,1,1,8,18,0.00868055555555558,0.3132981942747487,1.652638372368254,35.950000000000095,35.95,50.0,3.0,0.3,250.0
916,synthetic_balanced_empirical_resample,87,10,case1,95,89095,2,5;14,5;6,1,1,1,8,18,0.008333333333333156,0.2879613167160864,1.8545260159057877,37.40000000000001,37.4,50.0,3.0,0.3,250.0
917,synthetic_balanced_empirical_resample,50,8,case1,55,89055,2,6;17,6;1,1,1,1,8,18,0.0114583333333332,0.2750035245396902,1.6938605658203243,33.10000000000026,33.1,50.0,3.0,0.3,250.0
918,synthetic_balanced_empirical_resample,8,10,case1,8,89008,2,1;12,1;4,1,1,1,8,18,0.0114583333333332,0.28610148149120496,1.5318244215237664,34.25000000000019,34.25,50.0,3.0,0.3,250.0
919,synthetic_balanced_empirical_resample,7,10,case1,7,89007,2,8;16,0;0,1,1,1,8,18,0.011805555555555477,0.20790144323564855,1.7093711907742066,33.10000000000026,33.1,50.0,3.0,0.3,250.0
920,synthetic_balanced_empirical_resample,22,11,case1,22,89022,2,6;15,6;7,1,1,1,8,18,0.008333333333333156,0.24165544314190532,1.553305962871431,33.150000000000254,33.15,50.0,3.0,0.3,250.0
921,synthetic_balanced_empirical_resample,64,11,case1,71,89071,2,6;15,6;7,1,1,1,8,18,0.008333333333333156,0.255204427025709,1.6988801831965166,33.10000000000026,33.1,50.0,3.0,0.3,250.0
922,synthetic_balanced_empirical_resample,68,9,case1,75,89075,2,9;17,1;1,1,1,1,8,18,0.014583333333333023,0.2524842915064224,1.5699267799348875,33.10000000000026,33.1,50.0,3.0,0.3,250.0
923,synthetic_balanced_empirical_resample,54,10,case1,59,89059,2,13;14,5;6,1,1,1,8,18,0.0114583333333332,0.31319753190021615,1.470747481616238,34.550000000000175,34.550000000000004,50.0,3.0,0.3,250.0
924,synthetic_balanced_empirical_resample,87,11,case1,95,89095,2,5;14,5;6,1,1,1,8,18,0.008333333333333156,0.2879613167160864,1.8545260159057877,37.40000000000001,37.4,50.0,3.0,0.3,250.0
925,synthetic_balanced_empirical_resample,80,11,case1,88,89088,2,5;7,5;7,1,1,1,8,18,0.0114583333333332,0.307910488574617,1.5899517082180212,35.15000000000014,35.15,50.0,3.0,0.3,250.0
926,synthetic_balanced_empirical_resample,60,11,case1,67,89067,2,4;11,4;3,1,1,1,8,18,0.014583333333333393,0.2406442574558497,1.7733161761878455,33.150000000000254,33.15,50.0,3.0,0.3,250.0
927,synthetic_balanced_empirical_resample,37,11,case1,41,89041,2,10;19,2;3,1,0,0,8,17,0.012152777777777679,0.37415432881505584,1.7203730544268525,35.00000000000015,75.0,50.0,3.0,0.3,250.0
928,synthetic_balanced_empirical_resample,92,10,case1,100,89100,2,3;16,3;0,1,1,1,8,18,0.005902777777777665,0.3035387375066587,1.8764012984839247,33.10000000000026,33.1,50.0,3.0,0.3,250.0
929,synthetic_balanced_empirical_resample,89,11,case1,97,89097,2,3;16,3;0,1,1,1,8,18,0.00902777777777771,0.2368999924352045,1.5162927571288045,33.10000000000026,33.1,50.0,3.0,0.3,250.0
930,synthetic_balanced_empirical_resample,2,11,case1,2,89002,2,9;11,1;3,1,1,1,8,18,0.011805555555555477,0.2094534142926686,1.6175158725804908,33.10000000000026,33.1,50.0,3.0,0.3,250.0
931,synthetic_balanced_empirical_resample,38,9,case1,42,89042,2,9;19,1;3,1,1,1,8,18,0.011805555555555477,0.29307585256457774,1.6061677520194202,33.10000000000026,33.1,50.0,3.0,0.3,250.0
932,synthetic_balanced_empirical_resample,32,10,case1,35,89035,2,11;12,3;4,1,1,1,8,18,0.008680555555555433,0.317730768346019,1.6991338701612406,33.70000000000022,33.7,50.0,3.0,0.3,250.0
933,synthetic_balanced_empirical_resample,35,11,case1,39,89039,2,9;10,1;2,1,1,1,8,18,0.011805555555555403,0.21579332390542275,1.6618758912921372,35.00000000000015,35.0,50.0,3.0,0.3,250.0
934,synthetic_balanced_empirical_resample,50,9,case1,55,89055,2,6;17,6;1,1,1,1,8,18,0.0114583333333332,0.2750035245396902,1.6938605658203243,33.10000000000026,33.1,50.0,3.0,0.3,250.0
935,synthetic_balanced_empirical_resample,54,11,case1,59,89059,2,13;14,5;6,1,1,1,8,18,0.0114583333333332,0.31319753190021615,1.470747481616238,34.550000000000175,34.550000000000004,50.0,3.0,0.3,250.0
936,synthetic_balanced_empirical_resample,83,11,case1,91,89091,2,2;12,2;4,1,1,1,8,18,0.00868055555555558,0.23348805210402093,1.7320683520787223,34.30000000000019,34.300000000000004,50.0,3.0,0.3,250.0
937,synthetic_balanced_empirical_resample,48,10,case1,53,89053,2,1;3,1;3,1,1,1,8,18,0.008680555555555433,0.24795969697072165,1.6344830231031653,33.10000000000026,33.1,50.0,3.0,0.3,250.0
938,synthetic_balanced_empirical_resample,55,11,case1,60,89060,2,11;15,3;7,1,1,1,8,18,0.0149305555555553,0.24470046994860406,2.0308756121117213,33.150000000000254,33.15,50.0,3.0,0.3,250.0
939,synthetic_balanced_empirical_resample,26,9,case1,28,89028,2,3;5,3;5,1,1,1,8,18,0.008680555555555433,0.2524850726770209,1.664697271355655,34.80000000000016,34.800000000000004,50.0,3.0,0.3,250.0
940,synthetic_balanced_empirical_resample,85,10,case1,93,89093,2,11;15,3;7,1,1,1,8,18,0.011805555555555477,0.21380930148974253,1.8172182741210983,33.150000000000254,33.15,50.0,3.0,0.3,250.0
941,synthetic_balanced_empirical_resample,78,11,case1,86,89086,2,12;16,4;0,1,1,1,8,18,0.008680555555555433,0.3073655236542616,1.5438695106656213,33.95000000000021,33.95,50.0,3.0,0.3,250.0
942,synthetic_balanced_empirical_resample,49,11,case1,54,89054,2,13;16,5;0,1,1,1,8,18,0.014930555555555522,0.2456453645340313,1.6046476295252217,34.45000000000018,34.45,50.0,3.0,0.3,250.0
943,synthetic_balanced_empirical_resample,48,11,case1,53,89053,2,1;3,1;3,1,1,1,8,18,0.008680555555555433,0.24795969697072165,1.6344830231031653,33.10000000000026,33.1,50.0,3.0,0.3,250.0
944,synthetic_balanced_empirical_resample,38,10,case1,42,89042,2,9;19,1;3,1,1,1,8,18,0.011805555555555477,0.29307585256457774,1.6061677520194202,33.10000000000026,33.1,50.0,3.0,0.3,250.0
945,synthetic_balanced_empirical_resample,57,10,case1,62,89062,2,10;19,2;3,1,1,1,8,18,0.012152777777777679,0.2214850031536176,1.6132838241670733,35.00000000000015,35.0,50.0,3.0,0.3,250.0
946,synthetic_balanced_empirical_resample,70,10,case1,77,89077,2,0;4,0;4,1,1,1,8,18,0.011805555555555255,0.2607875148614554,1.8812282151624307,33.10000000000026,33.1,50.0,3.0,0.3,250.0
947,synthetic_balanced_empirical_resample,34,10,case1,38,89038,2,10;15,2;7,1,1,1,8,18,0.011805555555555403,0.17986658311143056,1.830476720108963,35.00000000000015,35.0,50.0,3.0,0.3,250.0
948,synthetic_balanced_empirical_resample,1,10,case1,1,89001,2,10;18,2;2,1,1,1,8,18,0.00868055555555558,0.3132981942747487,1.652638372368254,35.950000000000095,35.95,50.0,3.0,0.3,250.0
949,synthetic_balanced_empirical_resample,4,9,case1,4,89004,2,2;13,2;5,1,1,1,8,18,0.011458333333333496,0.26271418760485715,1.8115164187251827,34.45000000000018,34.45,50.0,3.0,0.3,250.0
950,synthetic_balanced_empirical_resample,63,11,case1,70,89070,2,15;17,7;1,1,1,1,8,18,0.014583333333333245,0.20660230147888264,1.6076165036368257,33.150000000000254,33.15,50.0,3.0,0.3,250.0
951,synthetic_balanced_empirical_resample,5,11,case1,5,89005,2,10;15,2;7,1,1,1,8,18,0.014583333333333318,0.3551089081613883,1.7134790573136733,35.00000000000015,35.0,50.0,3.0,0.3,250.0
952,synthetic_balanced_empirical_resample,9,9,case1,9,89009,2,1;14,1;6,1,1,1,8,18,0.011458333333332979,0.22495098971959945,1.571125497436433,33.10000000000026,33.1,50.0,3.0,0.3,250.0
953,synthetic_balanced_empirical_resample,82,11,case1,90,89090,2,3;8,3;0,1,0,0,8,17,0.005902777777777665,0.3504866405334641,1.5703509661776793,33.10000000000026,75.0,50.0,3.0,0.3,250.0
954,synthetic_balanced_empirical_resample,42,11,case1,46,89046,2,7;13,7;5,1,0,0,8,16,0.011805555555555477,0.2904393485930362,1.8667153398685044,34.60000000000017,75.0,50.0,3.0,0.3,250.0
955,synthetic_balanced_empirical_resample,31,10,case1,34,89034,2,6;19,6;3,1,1,1,8,18,0.01458333333333317,0.31151713595915625,1.7337567123205282,33.10000000000026,33.1,50.0,3.0,0.3,250.0
956,synthetic_balanced_empirical_resample,18,11,case1,18,89018,2,10;12,2;4,1,1,1,8,18,0.011805555555555403,0.3094811108555522,1.5203957943081818,35.00000000000015,35.0,50.0,3.0,0.3,250.0
957,synthetic_balanced_empirical_resample,67,10,case1,74,89074,2,6;16,6;0,1,1,1,8,18,0.005555555555555388,0.2963329893109403,1.6533562028429047,33.10000000000026,33.1,50.0,3.0,0.3,250.0
958,synthetic_balanced_empirical_resample,25,11,case1,27,89027,2,9;14,1;6,1,1,1,8,18,0.014583333333333023,0.2286781975764709,1.6592159362306687,33.10000000000026,33.1,50.0,3.0,0.3,250.0
959,synthetic_balanced_empirical_resample,68,10,case1,75,89075,2,9;17,1;1,1,1,1,8,18,0.014583333333333023,0.2524842915064224,1.5699267799348875,33.10000000000026,33.1,50.0,3.0,0.3,250.0
960,synthetic_balanced_empirical_resample,20,10,case1,20,89020,2,2;18,2;2,1,1,1,8,18,0.00868055555555558,0.2515263986495112,1.3144804821408473,34.700000000000166,34.7,50.0,3.0,0.3,250.0
961,synthetic_balanced_empirical_resample,1,11,case1,1,89001,2,10;18,2;2,1,1,1,8,18,0.00868055555555558,0.3132981942747487,1.652638372368254,35.950000000000095,35.95,50.0,3.0,0.3,250.0
962,synthetic_balanced_empirical_resample,84,10,case1,92,89092,2,1;2,1;2,1,0,0,8,16,0.00868055555555558,0.21661741027005588,1.5944737586452549,33.35000000000024,75.0,50.0,3.0,0.3,250.0
963,synthetic_balanced_empirical_resample,26,10,case1,28,89028,2,3;5,3;5,1,1,1,8,18,0.008680555555555433,0.2524850726770209,1.664697271355655,34.80000000000016,34.800000000000004,50.0,3.0,0.3,250.0
964,synthetic_balanced_empirical_resample,50,10,case1,55,89055,2,6;17,6;1,1,1,1,8,18,0.0114583333333332,0.2750035245396902,1.6938605658203243,33.10000000000026,33.1,50.0,3.0,0.3,250.0
965,synthetic_balanced_empirical_resample,66,11,case1,73,89073,2,4;9,4;1,1,1,1,8,18,0.014583333333333023,0.22760547468858364,1.706299628670782,33.150000000000254,33.15,50.0,3.0,0.3,250.0
966,synthetic_balanced_empirical_resample,4,10,case1,4,89004,2,2;13,2;5,1,1,1,8,18,0.011458333333333496,0.26271418760485715,1.8115164187251827,34.45000000000018,34.45,50.0,3.0,0.3,250.0
967,synthetic_balanced_empirical_resample,4,11,case1,4,89004,2,2;13,2;5,1,1,1,8,18,0.011458333333333496,0.26271418760485715,1.8115164187251827,34.45000000000018,34.45,50.0,3.0,0.3,250.0
968,synthetic_balanced_empirical_resample,15,10,case1,15,89015,2,1;4,1;4,1,1,1,8,18,0.014583333333333023,0.18194690747653963,1.6073017997402594,33.150000000000254,33.15,50.0,3.0,0.3,250.0
969,synthetic_balanced_empirical_resample,62,10,case1,69,89069,2,4;13,4;5,1,1,1,8,18,0.0114583333333332,0.2661804663760047,1.8920402855087322,34.40000000000018,34.4,50.0,3.0,0.3,250.0
970,synthetic_balanced_empirical_resample,16,11,case1,16,89016,2,8;17,0;1,1,0,0,8,17,0.018055555555555124,0.20566435465468555,1.6984593986018575,33.150000000000254,75.0,50.0,3.0,0.3,250.0
971,synthetic_balanced_empirical_resample,68,11,case1,75,89075,2,9;17,1;1,1,1,1,8,18,0.014583333333333023,0.2524842915064224,1.5699267799348875,33.10000000000026,33.1,50.0,3.0,0.3,250.0
972,synthetic_balanced_empirical_resample,90,10,case1,98,89098,2,12;17,4;1,1,1,1,8,18,0.014583333333333245,0.235816236693533,1.4975758854284893,33.650000000000226,33.65,50.0,3.0,0.3,250.0
973,synthetic_balanced_empirical_resample,26,11,case1,28,89028,2,3;5,3;5,1,1,1,8,18,0.008680555555555433,0.2524850726770209,1.664697271355655,34.80000000000016,34.800000000000004,50.0,3.0,0.3,250.0
974,synthetic_balanced_empirical_resample,53,11,case1,58,89058,2,6;16,6;0,1,1,1,8,18,0.011805555555555477,0.28492031325066125,1.5385890026382651,33.150000000000254,33.15,50.0,3.0,0.3,250.0
975,synthetic_balanced_empirical_resample,15,11,case1,15,89015,2,1;4,1;4,1,1,1,8,18,0.014583333333333023,0.18194690747653963,1.6073017997402594,33.150000000000254,33.15,50.0,3.0,0.3,250.0
976,synthetic_balanced_empirical_resample,57,11,case1,62,89062,2,10;19,2;3,1,1,1,8,18,0.012152777777777679,0.2214850031536176,1.6132838241670733,35.00000000000015,35.0,50.0,3.0,0.3,250.0
977,synthetic_balanced_empirical_resample,75,11,case1,82,89082,2,16;17,0;1,1,1,1,8,18,0.008680555555555433,0.2720341581907876,1.6216809816284279,33.10000000000026,33.1,50.0,3.0,0.3,250.0
978,synthetic_balanced_empirical_resample,81,11,case1,89,89089,2,15;18,7;2,1,1,1,8,18,0.011805555555555403,0.16945087871640319,1.846331659359799,33.40000000000024,33.4,50.0,3.0,0.3,250.0
979,synthetic_balanced_empirical_resample,7,11,case1,7,89007,2,8;16,0;0,1,1,1,8,18,0.011805555555555477,0.20790144323564855,1.7093711907742066,33.10000000000026,33.1,50.0,3.0,0.3,250.0
980,synthetic_balanced_empirical_resample,50,11,case1,55,89055,2,6;17,6;1,1,1,1,8,18,0.0114583333333332,0.2750035245396902,1.6938605658203243,33.10000000000026,33.1,50.0,3.0,0.3,250.0
981,synthetic_balanced_empirical_resample,70,11,case1,77,89077,2,0;4,0;4,1,1,1,8,18,0.011805555555555255,0.2607875148614554,1.8812282151624307,33.10000000000026,33.1,50.0,3.0,0.3,250.0
982,synthetic_balanced_empirical_resample,32,11,case1,35,89035,2,11;12,3;4,1,1,1,8,18,0.008680555555555433,0.317730768346019,1.6991338701612406,33.70000000000022,33.7,50.0,3.0,0.3,250.0
983,synthetic_balanced_empirical_resample,28,11,case1,31,89031,2,2;10,2;2,1,1,1,8,18,0.014583333333333318,0.20240079125202676,1.7595279091600324,35.9000000000001,35.9,50.0,3.0,0.3,250.0
984,synthetic_balanced_empirical_resample,19,11,case1,19,89019,2,15;18,7;2,1,1,1,8,18,0.00868055555555558,0.23103119578273112,1.6843132836805483,33.40000000000024,33.4,50.0,3.0,0.3,250.0
985,synthetic_balanced_empirical_resample,34,11,case1,38,89038,2,10;15,2;7,1,1,1,8,18,0.011805555555555403,0.17986658311143056,1.830476720108963,35.00000000000015,35.0,50.0,3.0,0.3,250.0
986,synthetic_balanced_empirical_resample,52,11,case1,57,89057,2,9;10,1;2,1,1,1,8,18,0.01805555555555527,0.25495889571026753,1.7441702206721084,35.00000000000015,35.0,50.0,3.0,0.3,250.0
987,synthetic_balanced_empirical_resample,9,10,case1,9,89009,2,1;14,1;6,1,1,1,8,18,0.011458333333332979,0.22495098971959945,1.571125497436433,33.10000000000026,33.1,50.0,3.0,0.3,250.0
988,synthetic_balanced_empirical_resample,43,11,case1,47,89047,2,8;14,0;6,1,1,1,8,18,0.011805555555555255,0.21927155318637448,1.732388840236551,33.150000000000254,33.15,50.0,3.0,0.3,250.0
989,synthetic_balanced_empirical_resample,77,11,case1,85,89085,2,3;11,3;3,1,1,1,8,18,0.008680555555555433,0.2933975250482656,1.7770363905866264,33.10000000000026,33.1,50.0,3.0,0.3,250.0
990,synthetic_balanced_empirical_resample,76,11,case1,84,89084,2,1;6,1;6,1,1,1,8,18,0.011458333333332979,0.3315875583894275,1.6502942865296455,33.10000000000026,33.1,50.0,3.0,0.3,250.0
991,synthetic_balanced_empirical_resample,38,11,case1,42,89042,2,9;19,1;3,1,1,1,8,18,0.011805555555555477,0.29307585256457774,1.6061677520194202,33.10000000000026,33.1,50.0,3.0,0.3,250.0
992,synthetic_balanced_empirical_resample,24,11,case1,25,89025,2,2;4,2;4,1,1,1,8,18,0.00868055555555558,0.22562441242359416,1.7552225344295804,33.35000000000024,33.35,50.0,3.0,0.3,250.0
993,synthetic_balanced_empirical_resample,85,11,case1,93,89093,2,11;15,3;7,1,1,1,8,18,0.011805555555555477,0.21380930148974253,1.8172182741210983,33.150000000000254,33.15,50.0,3.0,0.3,250.0
994,synthetic_balanced_empirical_resample,59,10,case1,66,89066,2,6;19,6;3,1,0,0,8,17,0.011805555555555477,0.15225488857409497,1.468441759967038,33.150000000000254,75.0,50.0,3.0,0.3,250.0
995,synthetic_balanced_empirical_resample,62,11,case1,69,89069,2,4;13,4;5,1,1,1,8,18,0.0114583333333332,0.2661804663760047,1.8920402855087322,34.40000000000018,34.4,50.0,3.0,0.3,250.0
996,synthetic_balanced_empirical_resample,3,11,case1,3,89003,2,4;15,4;7,1,1,1,8,18,0.0114583333333332,0.25593676605084714,1.6912486082110236,33.10000000000026,33.1,50.0,3.0,0.3,250.0
997,synthetic_balanced_empirical_resample,44,11,case1,48,89048,2,10;14,2;6,1,1,1,8,18,0.01180555555555518,0.36744558217605594,1.5563435107232424,35.00000000000015,35.0,50.0,3.0,0.3,250.0
998,synthetic_balanced_empirical_resample,58,11,case1,63,89063,2,14;15,6;7,1,1,1,8,18,0.008333333333333156,0.2662993099149503,1.840806805620851,33.10000000000026,33.1,50.0,3.0,0.3,250.0
999,synthetic_balanced_empirical_resample,40,11,case1,44,89044,2,6;10,6;2,1,1,1,8,18,0.01180555555555518,0.2679307424761045,1.6848076602507907,35.00000000000015,35.0,50.0,3.0,0.3,250.0
1000,synthetic_balanced_empirical_resample,92,11,case1,100,89100,2,3;16,3;0,1,1,1,8,18,0.005902777777777665,0.3035387375066587,1.8764012984839247,33.10000000000026,33.1,50.0,3.0,0.3,250.0
