reference_sample_id,data_origin,source_row_index,source_resample_occurrence,case,episode,seed,failed_count,failed_defender_ids,failed_target_indices,interception_success,all_active_defenders_hit,cooperative_success,targets_covered,active_defenders_hit,E_co_time_s,E_n_g,E_miss_m,E_t_s,simulated_time_s,sensor_delay_ms,position_noise_std_m,velocity_noise_std_mps,command_lag_ms
1,synthetic_balanced_empirical_resample,3,1,case2,45,90045,2,11;17,3;1,1,0,0,8,17,0.023958333333333602,0.1888863533708302,1.717771048724971,37.25000000000002,75.0,50.0,3.0,0.3,400.0
2,synthetic_balanced_empirical_resample,5,1,case2,62,90062,2,14;17,6;1,1,0,0,8,15,0.019097222222221953,0.3092729981467165,1.908297896862399,37.25000000000002,75.0,50.0,3.0,0.3,400.0
3,synthetic_balanced_empirical_resample,6,1,case2,64,90064,2,3;6,3;6,1,0,0,8,17,0.019097222222221953,0.25138374872080094,1.9305182697739167,37.25000000000002,75.0,50.0,3.0,0.3,400.0
4,synthetic_balanced_empirical_resample,1,1,case2,36,90036,2,3;6,3;6,1,0,0,8,16,0.01597222222222191,0.2397008291693643,1.908837580221002,37.25000000000002,75.0,50.0,3.0,0.3,400.0
5,synthetic_balanced_empirical_resample,7,1,case2,77,90077,2,11;13,3;5,1,0,0,8,17,0.02152777777777759,0.31875778326226906,2.3897519302925687,42.14999999999974,75.0,50.0,3.0,0.3,400.0
6,synthetic_balanced_empirical_resample,4,1,case2,60,90060,2,1;11,1;3,1,0,0,8,16,0.019097222222222397,0.17302809697151766,2.0384474432327218,37.15000000000003,75.0,50.0,3.0,0.3,400.0
7,synthetic_balanced_empirical_resample,4,2,case2,60,90060,2,1;11,1;3,1,0,0,8,16,0.019097222222222397,0.17302809697151766,2.0384474432327218,37.15000000000003,75.0,50.0,3.0,0.3,400.0
8,synthetic_balanced_empirical_resample,5,2,case2,62,90062,2,14;17,6;1,1,0,0,8,15,0.019097222222221953,0.3092729981467165,1.908297896862399,37.25000000000002,75.0,50.0,3.0,0.3,400.0
9,synthetic_balanced_empirical_resample,4,3,case2,60,90060,2,1;11,1;3,1,0,0,8,16,0.019097222222222397,0.17302809697151766,2.0384474432327218,37.15000000000003,75.0,50.0,3.0,0.3,400.0
10,synthetic_balanced_empirical_resample,4,4,case2,60,90060,2,1;11,1;3,1,0,0,8,16,0.019097222222222397,0.17302809697151766,2.0384474432327218,37.15000000000003,75.0,50.0,3.0,0.3,400.0
11,synthetic_balanced_empirical_resample,4,5,case2,60,90060,2,1;11,1;3,1,0,0,8,16,0.019097222222222397,0.17302809697151766,2.0384474432327218,37.15000000000003,75.0,50.0,3.0,0.3,400.0
12,synthetic_balanced_empirical_resample,3,2,case2,45,90045,2,11;17,3;1,1,0,0,8,17,0.023958333333333602,0.1888863533708302,1.717771048724971,37.25000000000002,75.0,50.0,3.0,0.3,400.0
13,synthetic_balanced_empirical_resample,4,6,case2,60,90060,2,1;11,1;3,1,0,0,8,16,0.019097222222222397,0.17302809697151766,2.0384474432327218,37.15000000000003,75.0,50.0,3.0,0.3,400.0
14,synthetic_balanced_empirical_resample,4,7,case2,60,90060,2,1;11,1;3,1,0,0,8,16,0.019097222222222397,0.17302809697151766,2.0384474432327218,37.15000000000003,75.0,50.0,3.0,0.3,400.0
15,synthetic_balanced_empirical_resample,1,2,case2,36,90036,2,3;6,3;6,1,0,0,8,16,0.01597222222222191,0.2397008291693643,1.908837580221002,37.25000000000002,75.0,50.0,3.0,0.3,400.0
16,synthetic_balanced_empirical_resample,6,2,case2,64,90064,2,3;6,3;6,1,0,0,8,17,0.019097222222221953,0.25138374872080094,1.9305182697739167,37.25000000000002,75.0,50.0,3.0,0.3,400.0
17,synthetic_balanced_empirical_resample,2,1,case2,37,90037,2,17;18,1;2,1,1,1,8,18,0.03333333333333359,0.32691434922466295,2.07834381503661,37.350000000000016,37.35,50.0,3.0,0.3,400.0
18,synthetic_balanced_empirical_resample,6,3,case2,64,90064,2,3;6,3;6,1,0,0,8,17,0.019097222222221953,0.25138374872080094,1.9305182697739167,37.25000000000002,75.0,50.0,3.0,0.3,400.0
19,synthetic_balanced_empirical_resample,5,3,case2,62,90062,2,14;17,6;1,1,0,0,8,15,0.019097222222221953,0.3092729981467165,1.908297896862399,37.25000000000002,75.0,50.0,3.0,0.3,400.0
20,synthetic_balanced_empirical_resample,6,4,case2,64,90064,2,3;6,3;6,1,0,0,8,17,0.019097222222221953,0.25138374872080094,1.9305182697739167,37.25000000000002,75.0,50.0,3.0,0.3,400.0
21,synthetic_balanced_empirical_resample,6,5,case2,64,90064,2,3;6,3;6,1,0,0,8,17,0.019097222222221953,0.25138374872080094,1.9305182697739167,37.25000000000002,75.0,50.0,3.0,0.3,400.0
22,synthetic_balanced_empirical_resample,3,3,case2,45,90045,2,11;17,3;1,1,0,0,8,17,0.023958333333333602,0.1888863533708302,1.717771048724971,37.25000000000002,75.0,50.0,3.0,0.3,400.0
23,synthetic_balanced_empirical_resample,2,2,case2,37,90037,2,17;18,1;2,1,1,1,8,18,0.03333333333333359,0.32691434922466295,2.07834381503661,37.350000000000016,37.35,50.0,3.0,0.3,400.0
24,synthetic_balanced_empirical_resample,7,2,case2,77,90077,2,11;13,3;5,1,0,0,8,17,0.02152777777777759,0.31875778326226906,2.3897519302925687,42.14999999999974,75.0,50.0,3.0,0.3,400.0
25,synthetic_balanced_empirical_resample,2,3,case2,37,90037,2,17;18,1;2,1,1,1,8,18,0.03333333333333359,0.32691434922466295,2.07834381503661,37.350000000000016,37.35,50.0,3.0,0.3,400.0
26,synthetic_balanced_empirical_resample,1,3,case2,36,90036,2,3;6,3;6,1,0,0,8,16,0.01597222222222191,0.2397008291693643,1.908837580221002,37.25000000000002,75.0,50.0,3.0,0.3,400.0
27,synthetic_balanced_empirical_resample,7,3,case2,77,90077,2,11;13,3;5,1,0,0,8,17,0.02152777777777759,0.31875778326226906,2.3897519302925687,42.14999999999974,75.0,50.0,3.0,0.3,400.0
28,synthetic_balanced_empirical_resample,5,4,case2,62,90062,2,14;17,6;1,1,0,0,8,15,0.019097222222221953,0.3092729981467165,1.908297896862399,37.25000000000002,75.0,50.0,3.0,0.3,400.0
29,synthetic_balanced_empirical_resample,7,4,case2,77,90077,2,11;13,3;5,1,0,0,8,17,0.02152777777777759,0.31875778326226906,2.3897519302925687,42.14999999999974,75.0,50.0,3.0,0.3,400.0
30,synthetic_balanced_empirical_resample,1,4,case2,36,90036,2,3;6,3;6,1,0,0,8,16,0.01597222222222191,0.2397008291693643,1.908837580221002,37.25000000000002,75.0,50.0,3.0,0.3,400.0
31,synthetic_balanced_empirical_resample,2,4,case2,37,90037,2,17;18,1;2,1,1,1,8,18,0.03333333333333359,0.32691434922466295,2.07834381503661,37.350000000000016,37.35,50.0,3.0,0.3,400.0
32,synthetic_balanced_empirical_resample,1,5,case2,36,90036,2,3;6,3;6,1,0,0,8,16,0.01597222222222191,0.2397008291693643,1.908837580221002,37.25000000000002,75.0,50.0,3.0,0.3,400.0
33,synthetic_balanced_empirical_resample,6,6,case2,64,90064,2,3;6,3;6,1,0,0,8,17,0.019097222222221953,0.25138374872080094,1.9305182697739167,37.25000000000002,75.0,50.0,3.0,0.3,400.0
34,synthetic_balanced_empirical_resample,6,7,case2,64,90064,2,3;6,3;6,1,0,0,8,17,0.019097222222221953,0.25138374872080094,1.9305182697739167,37.25000000000002,75.0,50.0,3.0,0.3,400.0
35,synthetic_balanced_empirical_resample,2,5,case2,37,90037,2,17;18,1;2,1,1,1,8,18,0.03333333333333359,0.32691434922466295,2.07834381503661,37.350000000000016,37.35,50.0,3.0,0.3,400.0
36,synthetic_balanced_empirical_resample,4,8,case2,60,90060,2,1;11,1;3,1,0,0,8,16,0.019097222222222397,0.17302809697151766,2.0384474432327218,37.15000000000003,75.0,50.0,3.0,0.3,400.0
37,synthetic_balanced_empirical_resample,1,6,case2,36,90036,2,3;6,3;6,1,0,0,8,16,0.01597222222222191,0.2397008291693643,1.908837580221002,37.25000000000002,75.0,50.0,3.0,0.3,400.0
38,synthetic_balanced_empirical_resample,4,9,case2,60,90060,2,1;11,1;3,1,0,0,8,16,0.019097222222222397,0.17302809697151766,2.0384474432327218,37.15000000000003,75.0,50.0,3.0,0.3,400.0
39,synthetic_balanced_empirical_resample,7,5,case2,77,90077,2,11;13,3;5,1,0,0,8,17,0.02152777777777759,0.31875778326226906,2.3897519302925687,42.14999999999974,75.0,50.0,3.0,0.3,400.0
40,synthetic_balanced_empirical_resample,1,7,case2,36,90036,2,3;6,3;6,1,0,0,8,16,0.01597222222222191,0.2397008291693643,1.908837580221002,37.25000000000002,75.0,50.0,3.0,0.3,400.0
41,synthetic_balanced_empirical_resample,2,6,case2,37,90037,2,17;18,1;2,1,1,1,8,18,0.03333333333333359,0.32691434922466295,2.07834381503661,37.350000000000016,37.35,50.0,3.0,0.3,400.0
42,synthetic_balanced_empirical_resample,3,4,case2,45,90045,2,11;17,3;1,1,0,0,8,17,0.023958333333333602,0.1888863533708302,1.717771048724971,37.25000000000002,75.0,50.0,3.0,0.3,400.0
43,synthetic_balanced_empirical_resample,5,5,case2,62,90062,2,14;17,6;1,1,0,0,8,15,0.019097222222221953,0.3092729981467165,1.908297896862399,37.25000000000002,75.0,50.0,3.0,0.3,400.0
44,synthetic_balanced_empirical_resample,6,8,case2,64,90064,2,3;6,3;6,1,0,0,8,17,0.019097222222221953,0.25138374872080094,1.9305182697739167,37.25000000000002,75.0,50.0,3.0,0.3,400.0
45,synthetic_balanced_empirical_resample,5,6,case2,62,90062,2,14;17,6;1,1,0,0,8,15,0.019097222222221953,0.3092729981467165,1.908297896862399,37.25000000000002,75.0,50.0,3.0,0.3,400.0
46,synthetic_balanced_empirical_resample,3,5,case2,45,90045,2,11;17,3;1,1,0,0,8,17,0.023958333333333602,0.1888863533708302,1.717771048724971,37.25000000000002,75.0,50.0,3.0,0.3,400.0
47,synthetic_balanced_empirical_resample,3,6,case2,45,90045,2,11;17,3;1,1,0,0,8,17,0.023958333333333602,0.1888863533708302,1.717771048724971,37.25000000000002,75.0,50.0,3.0,0.3,400.0
48,synthetic_balanced_empirical_resample,3,7,case2,45,90045,2,11;17,3;1,1,0,0,8,17,0.023958333333333602,0.1888863533708302,1.717771048724971,37.25000000000002,75.0,50.0,3.0,0.3,400.0
49,synthetic_balanced_empirical_resample,5,7,case2,62,90062,2,14;17,6;1,1,0,0,8,15,0.019097222222221953,0.3092729981467165,1.908297896862399,37.25000000000002,75.0,50.0,3.0,0.3,400.0
50,synthetic_balanced_empirical_resample,2,7,case2,37,90037,2,17;18,1;2,1,1,1,8,18,0.03333333333333359,0.32691434922466295,2.07834381503661,37.350000000000016,37.35,50.0,3.0,0.3,400.0
51,synthetic_balanced_empirical_resample,2,8,case2,37,90037,2,17;18,1;2,1,1,1,8,18,0.03333333333333359,0.32691434922466295,2.07834381503661,37.350000000000016,37.35,50.0,3.0,0.3,400.0
52,synthetic_balanced_empirical_resample,7,6,case2,77,90077,2,11;13,3;5,1,0,0,8,17,0.02152777777777759,0.31875778326226906,2.3897519302925687,42.14999999999974,75.0,50.0,3.0,0.3,400.0
53,synthetic_balanced_empirical_resample,2,9,case2,37,90037,2,17;18,1;2,1,1,1,8,18,0.03333333333333359,0.32691434922466295,2.07834381503661,37.350000000000016,37.35,50.0,3.0,0.3,400.0
54,synthetic_balanced_empirical_resample,5,8,case2,62,90062,2,14;17,6;1,1,0,0,8,15,0.019097222222221953,0.3092729981467165,1.908297896862399,37.25000000000002,75.0,50.0,3.0,0.3,400.0
55,synthetic_balanced_empirical_resample,3,8,case2,45,90045,2,11;17,3;1,1,0,0,8,17,0.023958333333333602,0.1888863533708302,1.717771048724971,37.25000000000002,75.0,50.0,3.0,0.3,400.0
56,synthetic_balanced_empirical_resample,1,8,case2,36,90036,2,3;6,3;6,1,0,0,8,16,0.01597222222222191,0.2397008291693643,1.908837580221002,37.25000000000002,75.0,50.0,3.0,0.3,400.0
57,synthetic_balanced_empirical_resample,6,9,case2,64,90064,2,3;6,3;6,1,0,0,8,17,0.019097222222221953,0.25138374872080094,1.9305182697739167,37.25000000000002,75.0,50.0,3.0,0.3,400.0
58,synthetic_balanced_empirical_resample,7,7,case2,77,90077,2,11;13,3;5,1,0,0,8,17,0.02152777777777759,0.31875778326226906,2.3897519302925687,42.14999999999974,75.0,50.0,3.0,0.3,400.0
59,synthetic_balanced_empirical_resample,6,10,case2,64,90064,2,3;6,3;6,1,0,0,8,17,0.019097222222221953,0.25138374872080094,1.9305182697739167,37.25000000000002,75.0,50.0,3.0,0.3,400.0
60,synthetic_balanced_empirical_resample,1,9,case2,36,90036,2,3;6,3;6,1,0,0,8,16,0.01597222222222191,0.2397008291693643,1.908837580221002,37.25000000000002,75.0,50.0,3.0,0.3,400.0
61,synthetic_balanced_empirical_resample,1,10,case2,36,90036,2,3;6,3;6,1,0,0,8,16,0.01597222222222191,0.2397008291693643,1.908837580221002,37.25000000000002,75.0,50.0,3.0,0.3,400.0
62,synthetic_balanced_empirical_resample,7,8,case2,77,90077,2,11;13,3;5,1,0,0,8,17,0.02152777777777759,0.31875778326226906,2.3897519302925687,42.14999999999974,75.0,50.0,3.0,0.3,400.0
63,synthetic_balanced_empirical_resample,6,11,case2,64,90064,2,3;6,3;6,1,0,0,8,17,0.019097222222221953,0.25138374872080094,1.9305182697739167,37.25000000000002,75.0,50.0,3.0,0.3,400.0
64,synthetic_balanced_empirical_resample,1,11,case2,36,90036,2,3;6,3;6,1,0,0,8,16,0.01597222222222191,0.2397008291693643,1.908837580221002,37.25000000000002,75.0,50.0,3.0,0.3,400.0
65,synthetic_balanced_empirical_resample,1,12,case2,36,90036,2,3;6,3;6,1,0,0,8,16,0.01597222222222191,0.2397008291693643,1.908837580221002,37.25000000000002,75.0,50.0,3.0,0.3,400.0
66,synthetic_balanced_empirical_resample,2,10,case2,37,90037,2,17;18,1;2,1,1,1,8,18,0.03333333333333359,0.32691434922466295,2.07834381503661,37.350000000000016,37.35,50.0,3.0,0.3,400.0
67,synthetic_balanced_empirical_resample,2,11,case2,37,90037,2,17;18,1;2,1,1,1,8,18,0.03333333333333359,0.32691434922466295,2.07834381503661,37.350000000000016,37.35,50.0,3.0,0.3,400.0
68,synthetic_balanced_empirical_resample,4,10,case2,60,90060,2,1;11,1;3,1,0,0,8,16,0.019097222222222397,0.17302809697151766,2.0384474432327218,37.15000000000003,75.0,50.0,3.0,0.3,400.0
69,synthetic_balanced_empirical_resample,4,11,case2,60,90060,2,1;11,1;3,1,0,0,8,16,0.019097222222222397,0.17302809697151766,2.0384474432327218,37.15000000000003,75.0,50.0,3.0,0.3,400.0
70,synthetic_balanced_empirical_resample,5,9,case2,62,90062,2,14;17,6;1,1,0,0,8,15,0.019097222222221953,0.3092729981467165,1.908297896862399,37.25000000000002,75.0,50.0,3.0,0.3,400.0
71,synthetic_balanced_empirical_resample,6,12,case2,64,90064,2,3;6,3;6,1,0,0,8,17,0.019097222222221953,0.25138374872080094,1.9305182697739167,37.25000000000002,75.0,50.0,3.0,0.3,400.0
72,synthetic_balanced_empirical_resample,7,9,case2,77,90077,2,11;13,3;5,1,0,0,8,17,0.02152777777777759,0.31875778326226906,2.3897519302925687,42.14999999999974,75.0,50.0,3.0,0.3,400.0
73,synthetic_balanced_empirical_resample,6,13,case2,64,90064,2,3;6,3;6,1,0,0,8,17,0.019097222222221953,0.25138374872080094,1.9305182697739167,37.25000000000002,75.0,50.0,3.0,0.3,400.0
74,synthetic_balanced_empirical_resample,1,13,case2,36,90036,2,3;6,3;6,1,0,0,8,16,0.01597222222222191,0.2397008291693643,1.908837580221002,37.25000000000002,75.0,50.0,3.0,0.3,400.0
75,synthetic_balanced_empirical_resample,5,10,case2,62,90062,2,14;17,6;1,1,0,0,8,15,0.019097222222221953,0.3092729981467165,1.908297896862399,37.25000000000002,75.0,50.0,3.0,0.3,400.0
76,synthetic_balanced_empirical_resample,5,11,case2,62,90062,2,14;17,6;1,1,0,0,8,15,0.019097222222221953,0.3092729981467165,1.908297896862399,37.25000000000002,75.0,50.0,3.0,0.3,400.0
77,synthetic_balanced_empirical_resample,6,14,case2,64,90064,2,3;6,3;6,1,0,0,8,17,0.019097222222221953,0.25138374872080094,1.9305182697739167,37.25000000000002,75.0,50.0,3.0,0.3,400.0
78,synthetic_balanced_empirical_resample,4,12,case2,60,90060,2,1;11,1;3,1,0,0,8,16,0.019097222222222397,0.17302809697151766,2.0384474432327218,37.15000000000003,75.0,50.0,3.0,0.3,400.0
79,synthetic_balanced_empirical_resample,2,12,case2,37,90037,2,17;18,1;2,1,1,1,8,18,0.03333333333333359,0.32691434922466295,2.07834381503661,37.350000000000016,37.35,50.0,3.0,0.3,400.0
80,synthetic_balanced_empirical_resample,7,10,case2,77,90077,2,11;13,3;5,1,0,0,8,17,0.02152777777777759,0.31875778326226906,2.3897519302925687,42.14999999999974,75.0,50.0,3.0,0.3,400.0
81,synthetic_balanced_empirical_resample,7,11,case2,77,90077,2,11;13,3;5,1,0,0,8,17,0.02152777777777759,0.31875778326226906,2.3897519302925687,42.14999999999974,75.0,50.0,3.0,0.3,400.0
82,synthetic_balanced_empirical_resample,3,9,case2,45,90045,2,11;17,3;1,1,0,0,8,17,0.023958333333333602,0.1888863533708302,1.717771048724971,37.25000000000002,75.0,50.0,3.0,0.3,400.0
83,synthetic_balanced_empirical_resample,1,14,case2,36,90036,2,3;6,3;6,1,0,0,8,16,0.01597222222222191,0.2397008291693643,1.908837580221002,37.25000000000002,75.0,50.0,3.0,0.3,400.0
84,synthetic_balanced_empirical_resample,6,15,case2,64,90064,2,3;6,3;6,1,0,0,8,17,0.019097222222221953,0.25138374872080094,1.9305182697739167,37.25000000000002,75.0,50.0,3.0,0.3,400.0
85,synthetic_balanced_empirical_resample,5,12,case2,62,90062,2,14;17,6;1,1,0,0,8,15,0.019097222222221953,0.3092729981467165,1.908297896862399,37.25000000000002,75.0,50.0,3.0,0.3,400.0
86,synthetic_balanced_empirical_resample,4,13,case2,60,90060,2,1;11,1;3,1,0,0,8,16,0.019097222222222397,0.17302809697151766,2.0384474432327218,37.15000000000003,75.0,50.0,3.0,0.3,400.0
87,synthetic_balanced_empirical_resample,4,14,case2,60,90060,2,1;11,1;3,1,0,0,8,16,0.019097222222222397,0.17302809697151766,2.0384474432327218,37.15000000000003,75.0,50.0,3.0,0.3,400.0
88,synthetic_balanced_empirical_resample,7,12,case2,77,90077,2,11;13,3;5,1,0,0,8,17,0.02152777777777759,0.31875778326226906,2.3897519302925687,42.14999999999974,75.0,50.0,3.0,0.3,400.0
89,synthetic_balanced_empirical_resample,4,15,case2,60,90060,2,1;11,1;3,1,0,0,8,16,0.019097222222222397,0.17302809697151766,2.0384474432327218,37.15000000000003,75.0,50.0,3.0,0.3,400.0
90,synthetic_balanced_empirical_resample,5,13,case2,62,90062,2,14;17,6;1,1,0,0,8,15,0.019097222222221953,0.3092729981467165,1.908297896862399,37.25000000000002,75.0,50.0,3.0,0.3,400.0
91,synthetic_balanced_empirical_resample,1,15,case2,36,90036,2,3;6,3;6,1,0,0,8,16,0.01597222222222191,0.2397008291693643,1.908837580221002,37.25000000000002,75.0,50.0,3.0,0.3,400.0
92,synthetic_balanced_empirical_resample,3,10,case2,45,90045,2,11;17,3;1,1,0,0,8,17,0.023958333333333602,0.1888863533708302,1.717771048724971,37.25000000000002,75.0,50.0,3.0,0.3,400.0
93,synthetic_balanced_empirical_resample,2,13,case2,37,90037,2,17;18,1;2,1,1,1,8,18,0.03333333333333359,0.32691434922466295,2.07834381503661,37.350000000000016,37.35,50.0,3.0,0.3,400.0
94,synthetic_balanced_empirical_resample,4,16,case2,60,90060,2,1;11,1;3,1,0,0,8,16,0.019097222222222397,0.17302809697151766,2.0384474432327218,37.15000000000003,75.0,50.0,3.0,0.3,400.0
95,synthetic_balanced_empirical_resample,7,13,case2,77,90077,2,11;13,3;5,1,0,0,8,17,0.02152777777777759,0.31875778326226906,2.3897519302925687,42.14999999999974,75.0,50.0,3.0,0.3,400.0
96,synthetic_balanced_empirical_resample,3,11,case2,45,90045,2,11;17,3;1,1,0,0,8,17,0.023958333333333602,0.1888863533708302,1.717771048724971,37.25000000000002,75.0,50.0,3.0,0.3,400.0
97,synthetic_balanced_empirical_resample,3,12,case2,45,90045,2,11;17,3;1,1,0,0,8,17,0.023958333333333602,0.1888863533708302,1.717771048724971,37.25000000000002,75.0,50.0,3.0,0.3,400.0
98,synthetic_balanced_empirical_resample,3,13,case2,45,90045,2,11;17,3;1,1,0,0,8,17,0.023958333333333602,0.1888863533708302,1.717771048724971,37.25000000000002,75.0,50.0,3.0,0.3,400.0
99,synthetic_balanced_empirical_resample,1,16,case2,36,90036,2,3;6,3;6,1,0,0,8,16,0.01597222222222191,0.2397008291693643,1.908837580221002,37.25000000000002,75.0,50.0,3.0,0.3,400.0
100,synthetic_balanced_empirical_resample,3,14,case2,45,90045,2,11;17,3;1,1,0,0,8,17,0.023958333333333602,0.1888863533708302,1.717771048724971,37.25000000000002,75.0,50.0,3.0,0.3,400.0
101,synthetic_balanced_empirical_resample,1,17,case2,36,90036,2,3;6,3;6,1,0,0,8,16,0.01597222222222191,0.2397008291693643,1.908837580221002,37.25000000000002,75.0,50.0,3.0,0.3,400.0
102,synthetic_balanced_empirical_resample,4,17,case2,60,90060,2,1;11,1;3,1,0,0,8,16,0.019097222222222397,0.17302809697151766,2.0384474432327218,37.15000000000003,75.0,50.0,3.0,0.3,400.0
103,synthetic_balanced_empirical_resample,7,14,case2,77,90077,2,11;13,3;5,1,0,0,8,17,0.02152777777777759,0.31875778326226906,2.3897519302925687,42.14999999999974,75.0,50.0,3.0,0.3,400.0
104,synthetic_balanced_empirical_resample,4,18,case2,60,90060,2,1;11,1;3,1,0,0,8,16,0.019097222222222397,0.17302809697151766,2.0384474432327218,37.15000000000003,75.0,50.0,3.0,0.3,400.0
105,synthetic_balanced_empirical_resample,5,14,case2,62,90062,2,14;17,6;1,1,0,0,8,15,0.019097222222221953,0.3092729981467165,1.908297896862399,37.25000000000002,75.0,50.0,3.0,0.3,400.0
106,synthetic_balanced_empirical_resample,3,15,case2,45,90045,2,11;17,3;1,1,0,0,8,17,0.023958333333333602,0.1888863533708302,1.717771048724971,37.25000000000002,75.0,50.0,3.0,0.3,400.0
107,synthetic_balanced_empirical_resample,6,16,case2,64,90064,2,3;6,3;6,1,0,0,8,17,0.019097222222221953,0.25138374872080094,1.9305182697739167,37.25000000000002,75.0,50.0,3.0,0.3,400.0
108,synthetic_balanced_empirical_resample,6,17,case2,64,90064,2,3;6,3;6,1,0,0,8,17,0.019097222222221953,0.25138374872080094,1.9305182697739167,37.25000000000002,75.0,50.0,3.0,0.3,400.0
109,synthetic_balanced_empirical_resample,7,15,case2,77,90077,2,11;13,3;5,1,0,0,8,17,0.02152777777777759,0.31875778326226906,2.3897519302925687,42.14999999999974,75.0,50.0,3.0,0.3,400.0
110,synthetic_balanced_empirical_resample,2,14,case2,37,90037,2,17;18,1;2,1,1,1,8,18,0.03333333333333359,0.32691434922466295,2.07834381503661,37.350000000000016,37.35,50.0,3.0,0.3,400.0
111,synthetic_balanced_empirical_resample,7,16,case2,77,90077,2,11;13,3;5,1,0,0,8,17,0.02152777777777759,0.31875778326226906,2.3897519302925687,42.14999999999974,75.0,50.0,3.0,0.3,400.0
112,synthetic_balanced_empirical_resample,2,15,case2,37,90037,2,17;18,1;2,1,1,1,8,18,0.03333333333333359,0.32691434922466295,2.07834381503661,37.350000000000016,37.35,50.0,3.0,0.3,400.0
113,synthetic_balanced_empirical_resample,3,16,case2,45,90045,2,11;17,3;1,1,0,0,8,17,0.023958333333333602,0.1888863533708302,1.717771048724971,37.25000000000002,75.0,50.0,3.0,0.3,400.0
114,synthetic_balanced_empirical_resample,6,18,case2,64,90064,2,3;6,3;6,1,0,0,8,17,0.019097222222221953,0.25138374872080094,1.9305182697739167,37.25000000000002,75.0,50.0,3.0,0.3,400.0
115,synthetic_balanced_empirical_resample,5,15,case2,62,90062,2,14;17,6;1,1,0,0,8,15,0.019097222222221953,0.3092729981467165,1.908297896862399,37.25000000000002,75.0,50.0,3.0,0.3,400.0
116,synthetic_balanced_empirical_resample,5,16,case2,62,90062,2,14;17,6;1,1,0,0,8,15,0.019097222222221953,0.3092729981467165,1.908297896862399,37.25000000000002,75.0,50.0,3.0,0.3,400.0
117,synthetic_balanced_empirical_resample,2,16,case2,37,90037,2,17;18,1;2,1,1,1,8,18,0.03333333333333359,0.32691434922466295,2.07834381503661,37.350000000000016,37.35,50.0,3.0,0.3,400.0
118,synthetic_balanced_empirical_resample,2,17,case2,37,90037,2,17;18,1;2,1,1,1,8,18,0.03333333333333359,0.32691434922466295,2.07834381503661,37.350000000000016,37.35,50.0,3.0,0.3,400.0
119,synthetic_balanced_empirical_resample,4,19,case2,60,90060,2,1;11,1;3,1,0,0,8,16,0.019097222222222397,0.17302809697151766,2.0384474432327218,37.15000000000003,75.0,50.0,3.0,0.3,400.0
120,synthetic_balanced_empirical_resample,4,20,case2,60,90060,2,1;11,1;3,1,0,0,8,16,0.019097222222222397,0.17302809697151766,2.0384474432327218,37.15000000000003,75.0,50.0,3.0,0.3,400.0
121,synthetic_balanced_empirical_resample,4,21,case2,60,90060,2,1;11,1;3,1,0,0,8,16,0.019097222222222397,0.17302809697151766,2.0384474432327218,37.15000000000003,75.0,50.0,3.0,0.3,400.0
122,synthetic_balanced_empirical_resample,3,17,case2,45,90045,2,11;17,3;1,1,0,0,8,17,0.023958333333333602,0.1888863533708302,1.717771048724971,37.25000000000002,75.0,50.0,3.0,0.3,400.0
123,synthetic_balanced_empirical_resample,1,18,case2,36,90036,2,3;6,3;6,1,0,0,8,16,0.01597222222222191,0.2397008291693643,1.908837580221002,37.25000000000002,75.0,50.0,3.0,0.3,400.0
124,synthetic_balanced_empirical_resample,2,18,case2,37,90037,2,17;18,1;2,1,1,1,8,18,0.03333333333333359,0.32691434922466295,2.07834381503661,37.350000000000016,37.35,50.0,3.0,0.3,400.0
125,synthetic_balanced_empirical_resample,2,19,case2,37,90037,2,17;18,1;2,1,1,1,8,18,0.03333333333333359,0.32691434922466295,2.07834381503661,37.350000000000016,37.35,50.0,3.0,0.3,400.0
126,synthetic_balanced_empirical_resample,7,17,case2,77,90077,2,11;13,3;5,1,0,0,8,17,0.02152777777777759,0.31875778326226906,2.3897519302925687,42.14999999999974,75.0,50.0,3.0,0.3,400.0
127,synthetic_balanced_empirical_resample,5,17,case2,62,90062,2,14;17,6;1,1,0,0,8,15,0.019097222222221953,0.3092729981467165,1.908297896862399,37.25000000000002,75.0,50.0,3.0,0.3,400.0
128,synthetic_balanced_empirical_resample,1,19,case2,36,90036,2,3;6,3;6,1,0,0,8,16,0.01597222222222191,0.2397008291693643,1.908837580221002,37.25000000000002,75.0,50.0,3.0,0.3,400.0
129,synthetic_balanced_empirical_resample,3,18,case2,45,90045,2,11;17,3;1,1,0,0,8,17,0.023958333333333602,0.1888863533708302,1.717771048724971,37.25000000000002,75.0,50.0,3.0,0.3,400.0
130,synthetic_balanced_empirical_resample,1,20,case2,36,90036,2,3;6,3;6,1,0,0,8,16,0.01597222222222191,0.2397008291693643,1.908837580221002,37.25000000000002,75.0,50.0,3.0,0.3,400.0
131,synthetic_balanced_empirical_resample,5,18,case2,62,90062,2,14;17,6;1,1,0,0,8,15,0.019097222222221953,0.3092729981467165,1.908297896862399,37.25000000000002,75.0,50.0,3.0,0.3,400.0
132,synthetic_balanced_empirical_resample,2,20,case2,37,90037,2,17;18,1;2,1,1,1,8,18,0.03333333333333359,0.32691434922466295,2.07834381503661,37.350000000000016,37.35,50.0,3.0,0.3,400.0
133,synthetic_balanced_empirical_resample,1,21,case2,36,90036,2,3;6,3;6,1,0,0,8,16,0.01597222222222191,0.2397008291693643,1.908837580221002,37.25000000000002,75.0,50.0,3.0,0.3,400.0
134,synthetic_balanced_empirical_resample,4,22,case2,60,90060,2,1;11,1;3,1,0,0,8,16,0.019097222222222397,0.17302809697151766,2.0384474432327218,37.15000000000003,75.0,50.0,3.0,0.3,400.0
135,synthetic_balanced_empirical_resample,3,19,case2,45,90045,2,11;17,3;1,1,0,0,8,17,0.023958333333333602,0.1888863533708302,1.717771048724971,37.25000000000002,75.0,50.0,3.0,0.3,400.0
136,synthetic_balanced_empirical_resample,2,21,case2,37,90037,2,17;18,1;2,1,1,1,8,18,0.03333333333333359,0.32691434922466295,2.07834381503661,37.350000000000016,37.35,50.0,3.0,0.3,400.0
137,synthetic_balanced_empirical_resample,2,22,case2,37,90037,2,17;18,1;2,1,1,1,8,18,0.03333333333333359,0.32691434922466295,2.07834381503661,37.350000000000016,37.35,50.0,3.0,0.3,400.0
138,synthetic_balanced_empirical_resample,2,23,case2,37,90037,2,17;18,1;2,1,1,1,8,18,0.03333333333333359,0.32691434922466295,2.07834381503661,37.350000000000016,37.35,50.0,3.0,0.3,400.0
139,synthetic_balanced_empirical_resample,1,22,case2,36,90036,2,3;6,3;6,1,0,0,8,16,0.01597222222222191,0.2397008291693643,1.908837580221002,37.25000000000002,75.0,50.0,3.0,0.3,400.0
140,synthetic_balanced_empirical_resample,2,24,case2,37,90037,2,17;18,1;2,1,1,1,8,18,0.03333333333333359,0.32691434922466295,2.07834381503661,37.350000000000016,37.35,50.0,3.0,0.3,400.0
141,synthetic_balanced_empirical_resample,4,23,case2,60,90060,2,1;11,1;3,1,0,0,8,16,0.019097222222222397,0.17302809697151766,2.0384474432327218,37.15000000000003,75.0,50.0,3.0,0.3,400.0
142,synthetic_balanced_empirical_resample,6,19,case2,64,90064,2,3;6,3;6,1,0,0,8,17,0.019097222222221953,0.25138374872080094,1.9305182697739167,37.25000000000002,75.0,50.0,3.0,0.3,400.0
143,synthetic_balanced_empirical_resample,7,18,case2,77,90077,2,11;13,3;5,1,0,0,8,17,0.02152777777777759,0.31875778326226906,2.3897519302925687,42.14999999999974,75.0,50.0,3.0,0.3,400.0
144,synthetic_balanced_empirical_resample,5,19,case2,62,90062,2,14;17,6;1,1,0,0,8,15,0.019097222222221953,0.3092729981467165,1.908297896862399,37.25000000000002,75.0,50.0,3.0,0.3,400.0
145,synthetic_balanced_empirical_resample,5,20,case2,62,90062,2,14;17,6;1,1,0,0,8,15,0.019097222222221953,0.3092729981467165,1.908297896862399,37.25000000000002,75.0,50.0,3.0,0.3,400.0
146,synthetic_balanced_empirical_resample,6,20,case2,64,90064,2,3;6,3;6,1,0,0,8,17,0.019097222222221953,0.25138374872080094,1.9305182697739167,37.25000000000002,75.0,50.0,3.0,0.3,400.0
147,synthetic_balanced_empirical_resample,3,20,case2,45,90045,2,11;17,3;1,1,0,0,8,17,0.023958333333333602,0.1888863533708302,1.717771048724971,37.25000000000002,75.0,50.0,3.0,0.3,400.0
148,synthetic_balanced_empirical_resample,2,25,case2,37,90037,2,17;18,1;2,1,1,1,8,18,0.03333333333333359,0.32691434922466295,2.07834381503661,37.350000000000016,37.35,50.0,3.0,0.3,400.0
149,synthetic_balanced_empirical_resample,2,26,case2,37,90037,2,17;18,1;2,1,1,1,8,18,0.03333333333333359,0.32691434922466295,2.07834381503661,37.350000000000016,37.35,50.0,3.0,0.3,400.0
150,synthetic_balanced_empirical_resample,1,23,case2,36,90036,2,3;6,3;6,1,0,0,8,16,0.01597222222222191,0.2397008291693643,1.908837580221002,37.25000000000002,75.0,50.0,3.0,0.3,400.0
151,synthetic_balanced_empirical_resample,3,21,case2,45,90045,2,11;17,3;1,1,0,0,8,17,0.023958333333333602,0.1888863533708302,1.717771048724971,37.25000000000002,75.0,50.0,3.0,0.3,400.0
152,synthetic_balanced_empirical_resample,3,22,case2,45,90045,2,11;17,3;1,1,0,0,8,17,0.023958333333333602,0.1888863533708302,1.717771048724971,37.25000000000002,75.0,50.0,3.0,0.3,400.0
153,synthetic_balanced_empirical_resample,4,24,case2,60,90060,2,1;11,1;3,1,0,0,8,16,0.019097222222222397,0.17302809697151766,2.0384474432327218,37.15000000000003,75.0,50.0,3.0,0.3,400.0
154,synthetic_balanced_empirical_resample,7,19,case2,77,90077,2,11;13,3;5,1,0,0,8,17,0.02152777777777759,0.31875778326226906,2.3897519302925687,42.14999999999974,75.0,50.0,3.0,0.3,400.0
155,synthetic_balanced_empirical_resample,3,23,case2,45,90045,2,11;17,3;1,1,0,0,8,17,0.023958333333333602,0.1888863533708302,1.717771048724971,37.25000000000002,75.0,50.0,3.0,0.3,400.0
156,synthetic_balanced_empirical_resample,6,21,case2,64,90064,2,3;6,3;6,1,0,0,8,17,0.019097222222221953,0.25138374872080094,1.9305182697739167,37.25000000000002,75.0,50.0,3.0,0.3,400.0
157,synthetic_balanced_empirical_resample,7,20,case2,77,90077,2,11;13,3;5,1,0,0,8,17,0.02152777777777759,0.31875778326226906,2.3897519302925687,42.14999999999974,75.0,50.0,3.0,0.3,400.0
158,synthetic_balanced_empirical_resample,5,21,case2,62,90062,2,14;17,6;1,1,0,0,8,15,0.019097222222221953,0.3092729981467165,1.908297896862399,37.25000000000002,75.0,50.0,3.0,0.3,400.0
159,synthetic_balanced_empirical_resample,7,21,case2,77,90077,2,11;13,3;5,1,0,0,8,17,0.02152777777777759,0.31875778326226906,2.3897519302925687,42.14999999999974,75.0,50.0,3.0,0.3,400.0
160,synthetic_balanced_empirical_resample,3,24,case2,45,90045,2,11;17,3;1,1,0,0,8,17,0.023958333333333602,0.1888863533708302,1.717771048724971,37.25000000000002,75.0,50.0,3.0,0.3,400.0
161,synthetic_balanced_empirical_resample,4,25,case2,60,90060,2,1;11,1;3,1,0,0,8,16,0.019097222222222397,0.17302809697151766,2.0384474432327218,37.15000000000003,75.0,50.0,3.0,0.3,400.0
162,synthetic_balanced_empirical_resample,7,22,case2,77,90077,2,11;13,3;5,1,0,0,8,17,0.02152777777777759,0.31875778326226906,2.3897519302925687,42.14999999999974,75.0,50.0,3.0,0.3,400.0
163,synthetic_balanced_empirical_resample,3,25,case2,45,90045,2,11;17,3;1,1,0,0,8,17,0.023958333333333602,0.1888863533708302,1.717771048724971,37.25000000000002,75.0,50.0,3.0,0.3,400.0
164,synthetic_balanced_empirical_resample,5,22,case2,62,90062,2,14;17,6;1,1,0,0,8,15,0.019097222222221953,0.3092729981467165,1.908297896862399,37.25000000000002,75.0,50.0,3.0,0.3,400.0
165,synthetic_balanced_empirical_resample,7,23,case2,77,90077,2,11;13,3;5,1,0,0,8,17,0.02152777777777759,0.31875778326226906,2.3897519302925687,42.14999999999974,75.0,50.0,3.0,0.3,400.0
166,synthetic_balanced_empirical_resample,4,26,case2,60,90060,2,1;11,1;3,1,0,0,8,16,0.019097222222222397,0.17302809697151766,2.0384474432327218,37.15000000000003,75.0,50.0,3.0,0.3,400.0
167,synthetic_balanced_empirical_resample,6,22,case2,64,90064,2,3;6,3;6,1,0,0,8,17,0.019097222222221953,0.25138374872080094,1.9305182697739167,37.25000000000002,75.0,50.0,3.0,0.3,400.0
168,synthetic_balanced_empirical_resample,6,23,case2,64,90064,2,3;6,3;6,1,0,0,8,17,0.019097222222221953,0.25138374872080094,1.9305182697739167,37.25000000000002,75.0,50.0,3.0,0.3,400.0
169,synthetic_balanced_empirical_resample,4,27,case2,60,90060,2,1;11,1;3,1,0,0,8,16,0.019097222222222397,0.17302809697151766,2.0384474432327218,37.15000000000003,75.0,50.0,3.0,0.3,400.0
170,synthetic_balanced_empirical_resample,6,24,case2,64,90064,2,3;6,3;6,1,0,0,8,17,0.019097222222221953,0.25138374872080094,1.9305182697739167,37.25000000000002,75.0,50.0,3.0,0.3,400.0
171,synthetic_balanced_empirical_resample,4,28,case2,60,90060,2,1;11,1;3,1,0,0,8,16,0.019097222222222397,0.17302809697151766,2.0384474432327218,37.15000000000003,75.0,50.0,3.0,0.3,400.0
172,synthetic_balanced_empirical_resample,5,23,case2,62,90062,2,14;17,6;1,1,0,0,8,15,0.019097222222221953,0.3092729981467165,1.908297896862399,37.25000000000002,75.0,50.0,3.0,0.3,400.0
173,synthetic_balanced_empirical_resample,7,24,case2,77,90077,2,11;13,3;5,1,0,0,8,17,0.02152777777777759,0.31875778326226906,2.3897519302925687,42.14999999999974,75.0,50.0,3.0,0.3,400.0
174,synthetic_balanced_empirical_resample,5,24,case2,62,90062,2,14;17,6;1,1,0,0,8,15,0.019097222222221953,0.3092729981467165,1.908297896862399,37.25000000000002,75.0,50.0,3.0,0.3,400.0
175,synthetic_balanced_empirical_resample,7,25,case2,77,90077,2,11;13,3;5,1,0,0,8,17,0.02152777777777759,0.31875778326226906,2.3897519302925687,42.14999999999974,75.0,50.0,3.0,0.3,400.0
176,synthetic_balanced_empirical_resample,5,25,case2,62,90062,2,14;17,6;1,1,0,0,8,15,0.019097222222221953,0.3092729981467165,1.908297896862399,37.25000000000002,75.0,50.0,3.0,0.3,400.0
177,synthetic_balanced_empirical_resample,2,27,case2,37,90037,2,17;18,1;2,1,1,1,8,18,0.03333333333333359,0.32691434922466295,2.07834381503661,37.350000000000016,37.35,50.0,3.0,0.3,400.0
178,synthetic_balanced_empirical_resample,4,29,case2,60,90060,2,1;11,1;3,1,0,0,8,16,0.019097222222222397,0.17302809697151766,2.0384474432327218,37.15000000000003,75.0,50.0,3.0,0.3,400.0
179,synthetic_balanced_empirical_resample,5,26,case2,62,90062,2,14;17,6;1,1,0,0,8,15,0.019097222222221953,0.3092729981467165,1.908297896862399,37.25000000000002,75.0,50.0,3.0,0.3,400.0
180,synthetic_balanced_empirical_resample,5,27,case2,62,90062,2,14;17,6;1,1,0,0,8,15,0.019097222222221953,0.3092729981467165,1.908297896862399,37.25000000000002,75.0,50.0,3.0,0.3,400.0
181,synthetic_balanced_empirical_resample,1,24,case2,36,90036,2,3;6,3;6,1,0,0,8,16,0.01597222222222191,0.2397008291693643,1.908837580221002,37.25000000000002,75.0,50.0,3.0,0.3,400.0
182,synthetic_balanced_empirical_resample,5,28,case2,62,90062,2,14;17,6;1,1,0,0,8,15,0.019097222222221953,0.3092729981467165,1.908297896862399,37.25000000000002,75.0,50.0,3.0,0.3,400.0
183,synthetic_balanced_empirical_resample,5,29,case2,62,90062,2,14;17,6;1,1,0,0,8,15,0.019097222222221953,0.3092729981467165,1.908297896862399,37.25000000000002,75.0,50.0,3.0,0.3,400.0
184,synthetic_balanced_empirical_resample,2,28,case2,37,90037,2,17;18,1;2,1,1,1,8,18,0.03333333333333359,0.32691434922466295,2.07834381503661,37.350000000000016,37.35,50.0,3.0,0.3,400.0
185,synthetic_balanced_empirical_resample,5,30,case2,62,90062,2,14;17,6;1,1,0,0,8,15,0.019097222222221953,0.3092729981467165,1.908297896862399,37.25000000000002,75.0,50.0,3.0,0.3,400.0
186,synthetic_balanced_empirical_resample,7,26,case2,77,90077,2,11;13,3;5,1,0,0,8,17,0.02152777777777759,0.31875778326226906,2.3897519302925687,42.14999999999974,75.0,50.0,3.0,0.3,400.0
187,synthetic_balanced_empirical_resample,4,30,case2,60,90060,2,1;11,1;3,1,0,0,8,16,0.019097222222222397,0.17302809697151766,2.0384474432327218,37.15000000000003,75.0,50.0,3.0,0.3,400.0
188,synthetic_balanced_empirical_resample,1,25,case2,36,90036,2,3;6,3;6,1,0,0,8,16,0.01597222222222191,0.2397008291693643,1.908837580221002,37.25000000000002,75.0,50.0,3.0,0.3,400.0
189,synthetic_balanced_empirical_resample,2,29,case2,37,90037,2,17;18,1;2,1,1,1,8,18,0.03333333333333359,0.32691434922466295,2.07834381503661,37.350000000000016,37.35,50.0,3.0,0.3,400.0
190,synthetic_balanced_empirical_resample,6,25,case2,64,90064,2,3;6,3;6,1,0,0,8,17,0.019097222222221953,0.25138374872080094,1.9305182697739167,37.25000000000002,75.0,50.0,3.0,0.3,400.0
191,synthetic_balanced_empirical_resample,3,26,case2,45,90045,2,11;17,3;1,1,0,0,8,17,0.023958333333333602,0.1888863533708302,1.717771048724971,37.25000000000002,75.0,50.0,3.0,0.3,400.0
192,synthetic_balanced_empirical_resample,1,26,case2,36,90036,2,3;6,3;6,1,0,0,8,16,0.01597222222222191,0.2397008291693643,1.908837580221002,37.25000000000002,75.0,50.0,3.0,0.3,400.0
193,synthetic_balanced_empirical_resample,1,27,case2,36,90036,2,3;6,3;6,1,0,0,8,16,0.01597222222222191,0.2397008291693643,1.908837580221002,37.25000000000002,75.0,50.0,3.0,0.3,400.0
194,synthetic_balanced_empirical_resample,7,27,case2,77,90077,2,11;13,3;5,1,0,0,8,17,0.02152777777777759,0.31875778326226906,2.3897519302925687,42.14999999999974,75.0,50.0,3.0,0.3,400.0
195,synthetic_balanced_empirical_resample,1,28,case2,36,90036,2,3;6,3;6,1,0,0,8,16,0.01597222222222191,0.2397008291693643,1.908837580221002,37.25000000000002,75.0,50.0,3.0,0.3,400.0
196,synthetic_balanced_empirical_resample,2,30,case2,37,90037,2,17;18,1;2,1,1,1,8,18,0.03333333333333359,0.32691434922466295,2.07834381503661,37.350000000000016,37.35,50.0,3.0,0.3,400.0
197,synthetic_balanced_empirical_resample,5,31,case2,62,90062,2,14;17,6;1,1,0,0,8,15,0.019097222222221953,0.3092729981467165,1.908297896862399,37.25000000000002,75.0,50.0,3.0,0.3,400.0
198,synthetic_balanced_empirical_resample,3,27,case2,45,90045,2,11;17,3;1,1,0,0,8,17,0.023958333333333602,0.1888863533708302,1.717771048724971,37.25000000000002,75.0,50.0,3.0,0.3,400.0
199,synthetic_balanced_empirical_resample,5,32,case2,62,90062,2,14;17,6;1,1,0,0,8,15,0.019097222222221953,0.3092729981467165,1.908297896862399,37.25000000000002,75.0,50.0,3.0,0.3,400.0
200,synthetic_balanced_empirical_resample,4,31,case2,60,90060,2,1;11,1;3,1,0,0,8,16,0.019097222222222397,0.17302809697151766,2.0384474432327218,37.15000000000003,75.0,50.0,3.0,0.3,400.0
201,synthetic_balanced_empirical_resample,3,28,case2,45,90045,2,11;17,3;1,1,0,0,8,17,0.023958333333333602,0.1888863533708302,1.717771048724971,37.25000000000002,75.0,50.0,3.0,0.3,400.0
202,synthetic_balanced_empirical_resample,1,29,case2,36,90036,2,3;6,3;6,1,0,0,8,16,0.01597222222222191,0.2397008291693643,1.908837580221002,37.25000000000002,75.0,50.0,3.0,0.3,400.0
203,synthetic_balanced_empirical_resample,3,29,case2,45,90045,2,11;17,3;1,1,0,0,8,17,0.023958333333333602,0.1888863533708302,1.717771048724971,37.25000000000002,75.0,50.0,3.0,0.3,400.0
204,synthetic_balanced_empirical_resample,6,26,case2,64,90064,2,3;6,3;6,1,0,0,8,17,0.019097222222221953,0.25138374872080094,1.9305182697739167,37.25000000000002,75.0,50.0,3.0,0.3,400.0
205,synthetic_balanced_empirical_resample,2,31,case2,37,90037,2,17;18,1;2,1,1,1,8,18,0.03333333333333359,0.32691434922466295,2.07834381503661,37.350000000000016,37.35,50.0,3.0,0.3,400.0
206,synthetic_balanced_empirical_resample,7,28,case2,77,90077,2,11;13,3;5,1,0,0,8,17,0.02152777777777759,0.31875778326226906,2.3897519302925687,42.14999999999974,75.0,50.0,3.0,0.3,400.0
207,synthetic_balanced_empirical_resample,4,32,case2,60,90060,2,1;11,1;3,1,0,0,8,16,0.019097222222222397,0.17302809697151766,2.0384474432327218,37.15000000000003,75.0,50.0,3.0,0.3,400.0
208,synthetic_balanced_empirical_resample,6,27,case2,64,90064,2,3;6,3;6,1,0,0,8,17,0.019097222222221953,0.25138374872080094,1.9305182697739167,37.25000000000002,75.0,50.0,3.0,0.3,400.0
209,synthetic_balanced_empirical_resample,7,29,case2,77,90077,2,11;13,3;5,1,0,0,8,17,0.02152777777777759,0.31875778326226906,2.3897519302925687,42.14999999999974,75.0,50.0,3.0,0.3,400.0
210,synthetic_balanced_empirical_resample,7,30,case2,77,90077,2,11;13,3;5,1,0,0,8,17,0.02152777777777759,0.31875778326226906,2.3897519302925687,42.14999999999974,75.0,50.0,3.0,0.3,400.0
211,synthetic_balanced_empirical_resample,2,32,case2,37,90037,2,17;18,1;2,1,1,1,8,18,0.03333333333333359,0.32691434922466295,2.07834381503661,37.350000000000016,37.35,50.0,3.0,0.3,400.0
212,synthetic_balanced_empirical_resample,2,33,case2,37,90037,2,17;18,1;2,1,1,1,8,18,0.03333333333333359,0.32691434922466295,2.07834381503661,37.350000000000016,37.35,50.0,3.0,0.3,400.0
213,synthetic_balanced_empirical_resample,2,34,case2,37,90037,2,17;18,1;2,1,1,1,8,18,0.03333333333333359,0.32691434922466295,2.07834381503661,37.350000000000016,37.35,50.0,3.0,0.3,400.0
214,synthetic_balanced_empirical_resample,5,33,case2,62,90062,2,14;17,6;1,1,0,0,8,15,0.019097222222221953,0.3092729981467165,1.908297896862399,37.25000000000002,75.0,50.0,3.0,0.3,400.0
215,synthetic_balanced_empirical_resample,4,33,case2,60,90060,2,1;11,1;3,1,0,0,8,16,0.019097222222222397,0.17302809697151766,2.0384474432327218,37.15000000000003,75.0,50.0,3.0,0.3,400.0
216,synthetic_balanced_empirical_resample,5,34,case2,62,90062,2,14;17,6;1,1,0,0,8,15,0.019097222222221953,0.3092729981467165,1.908297896862399,37.25000000000002,75.0,50.0,3.0,0.3,400.0
217,synthetic_balanced_empirical_resample,2,35,case2,37,90037,2,17;18,1;2,1,1,1,8,18,0.03333333333333359,0.32691434922466295,2.07834381503661,37.350000000000016,37.35,50.0,3.0,0.3,400.0
218,synthetic_balanced_empirical_resample,1,30,case2,36,90036,2,3;6,3;6,1,0,0,8,16,0.01597222222222191,0.2397008291693643,1.908837580221002,37.25000000000002,75.0,50.0,3.0,0.3,400.0
219,synthetic_balanced_empirical_resample,2,36,case2,37,90037,2,17;18,1;2,1,1,1,8,18,0.03333333333333359,0.32691434922466295,2.07834381503661,37.350000000000016,37.35,50.0,3.0,0.3,400.0
220,synthetic_balanced_empirical_resample,2,37,case2,37,90037,2,17;18,1;2,1,1,1,8,18,0.03333333333333359,0.32691434922466295,2.07834381503661,37.350000000000016,37.35,50.0,3.0,0.3,400.0
221,synthetic_balanced_empirical_resample,4,34,case2,60,90060,2,1;11,1;3,1,0,0,8,16,0.019097222222222397,0.17302809697151766,2.0384474432327218,37.15000000000003,75.0,50.0,3.0,0.3,400.0
222,synthetic_balanced_empirical_resample,6,28,case2,64,90064,2,3;6,3;6,1,0,0,8,17,0.019097222222221953,0.25138374872080094,1.9305182697739167,37.25000000000002,75.0,50.0,3.0,0.3,400.0
223,synthetic_balanced_empirical_resample,1,31,case2,36,90036,2,3;6,3;6,1,0,0,8,16,0.01597222222222191,0.2397008291693643,1.908837580221002,37.25000000000002,75.0,50.0,3.0,0.3,400.0
224,synthetic_balanced_empirical_resample,1,32,case2,36,90036,2,3;6,3;6,1,0,0,8,16,0.01597222222222191,0.2397008291693643,1.908837580221002,37.25000000000002,75.0,50.0,3.0,0.3,400.0
225,synthetic_balanced_empirical_resample,3,30,case2,45,90045,2,11;17,3;1,1,0,0,8,17,0.023958333333333602,0.1888863533708302,1.717771048724971,37.25000000000002,75.0,50.0,3.0,0.3,400.0
226,synthetic_balanced_empirical_resample,7,31,case2,77,90077,2,11;13,3;5,1,0,0,8,17,0.02152777777777759,0.31875778326226906,2.3897519302925687,42.14999999999974,75.0,50.0,3.0,0.3,400.0
227,synthetic_balanced_empirical_resample,3,31,case2,45,90045,2,11;17,3;1,1,0,0,8,17,0.023958333333333602,0.1888863533708302,1.717771048724971,37.25000000000002,75.0,50.0,3.0,0.3,400.0
228,synthetic_balanced_empirical_resample,3,32,case2,45,90045,2,11;17,3;1,1,0,0,8,17,0.023958333333333602,0.1888863533708302,1.717771048724971,37.25000000000002,75.0,50.0,3.0,0.3,400.0
229,synthetic_balanced_empirical_resample,6,29,case2,64,90064,2,3;6,3;6,1,0,0,8,17,0.019097222222221953,0.25138374872080094,1.9305182697739167,37.25000000000002,75.0,50.0,3.0,0.3,400.0
230,synthetic_balanced_empirical_resample,7,32,case2,77,90077,2,11;13,3;5,1,0,0,8,17,0.02152777777777759,0.31875778326226906,2.3897519302925687,42.14999999999974,75.0,50.0,3.0,0.3,400.0
231,synthetic_balanced_empirical_resample,6,30,case2,64,90064,2,3;6,3;6,1,0,0,8,17,0.019097222222221953,0.25138374872080094,1.9305182697739167,37.25000000000002,75.0,50.0,3.0,0.3,400.0
232,synthetic_balanced_empirical_resample,2,38,case2,37,90037,2,17;18,1;2,1,1,1,8,18,0.03333333333333359,0.32691434922466295,2.07834381503661,37.350000000000016,37.35,50.0,3.0,0.3,400.0
233,synthetic_balanced_empirical_resample,7,33,case2,77,90077,2,11;13,3;5,1,0,0,8,17,0.02152777777777759,0.31875778326226906,2.3897519302925687,42.14999999999974,75.0,50.0,3.0,0.3,400.0
234,synthetic_balanced_empirical_resample,4,35,case2,60,90060,2,1;11,1;3,1,0,0,8,16,0.019097222222222397,0.17302809697151766,2.0384474432327218,37.15000000000003,75.0,50.0,3.0,0.3,400.0
235,synthetic_balanced_empirical_resample,4,36,case2,60,90060,2,1;11,1;3,1,0,0,8,16,0.019097222222222397,0.17302809697151766,2.0384474432327218,37.15000000000003,75.0,50.0,3.0,0.3,400.0
236,synthetic_balanced_empirical_resample,2,39,case2,37,90037,2,17;18,1;2,1,1,1,8,18,0.03333333333333359,0.32691434922466295,2.07834381503661,37.350000000000016,37.35,50.0,3.0,0.3,400.0
237,synthetic_balanced_empirical_resample,7,34,case2,77,90077,2,11;13,3;5,1,0,0,8,17,0.02152777777777759,0.31875778326226906,2.3897519302925687,42.14999999999974,75.0,50.0,3.0,0.3,400.0
238,synthetic_balanced_empirical_resample,6,31,case2,64,90064,2,3;6,3;6,1,0,0,8,17,0.019097222222221953,0.25138374872080094,1.9305182697739167,37.25000000000002,75.0,50.0,3.0,0.3,400.0
239,synthetic_balanced_empirical_resample,2,40,case2,37,90037,2,17;18,1;2,1,1,1,8,18,0.03333333333333359,0.32691434922466295,2.07834381503661,37.350000000000016,37.35,50.0,3.0,0.3,400.0
240,synthetic_balanced_empirical_resample,5,35,case2,62,90062,2,14;17,6;1,1,0,0,8,15,0.019097222222221953,0.3092729981467165,1.908297896862399,37.25000000000002,75.0,50.0,3.0,0.3,400.0
241,synthetic_balanced_empirical_resample,4,37,case2,60,90060,2,1;11,1;3,1,0,0,8,16,0.019097222222222397,0.17302809697151766,2.0384474432327218,37.15000000000003,75.0,50.0,3.0,0.3,400.0
242,synthetic_balanced_empirical_resample,7,35,case2,77,90077,2,11;13,3;5,1,0,0,8,17,0.02152777777777759,0.31875778326226906,2.3897519302925687,42.14999999999974,75.0,50.0,3.0,0.3,400.0
243,synthetic_balanced_empirical_resample,5,36,case2,62,90062,2,14;17,6;1,1,0,0,8,15,0.019097222222221953,0.3092729981467165,1.908297896862399,37.25000000000002,75.0,50.0,3.0,0.3,400.0
244,synthetic_balanced_empirical_resample,3,33,case2,45,90045,2,11;17,3;1,1,0,0,8,17,0.023958333333333602,0.1888863533708302,1.717771048724971,37.25000000000002,75.0,50.0,3.0,0.3,400.0
245,synthetic_balanced_empirical_resample,7,36,case2,77,90077,2,11;13,3;5,1,0,0,8,17,0.02152777777777759,0.31875778326226906,2.3897519302925687,42.14999999999974,75.0,50.0,3.0,0.3,400.0
246,synthetic_balanced_empirical_resample,4,38,case2,60,90060,2,1;11,1;3,1,0,0,8,16,0.019097222222222397,0.17302809697151766,2.0384474432327218,37.15000000000003,75.0,50.0,3.0,0.3,400.0
247,synthetic_balanced_empirical_resample,4,39,case2,60,90060,2,1;11,1;3,1,0,0,8,16,0.019097222222222397,0.17302809697151766,2.0384474432327218,37.15000000000003,75.0,50.0,3.0,0.3,400.0
248,synthetic_balanced_empirical_resample,5,37,case2,62,90062,2,14;17,6;1,1,0,0,8,15,0.019097222222221953,0.3092729981467165,1.908297896862399,37.25000000000002,75.0,50.0,3.0,0.3,400.0
249,synthetic_balanced_empirical_resample,3,34,case2,45,90045,2,11;17,3;1,1,0,0,8,17,0.023958333333333602,0.1888863533708302,1.717771048724971,37.25000000000002,75.0,50.0,3.0,0.3,400.0
250,synthetic_balanced_empirical_resample,1,33,case2,36,90036,2,3;6,3;6,1,0,0,8,16,0.01597222222222191,0.2397008291693643,1.908837580221002,37.25000000000002,75.0,50.0,3.0,0.3,400.0
251,synthetic_balanced_empirical_resample,1,34,case2,36,90036,2,3;6,3;6,1,0,0,8,16,0.01597222222222191,0.2397008291693643,1.908837580221002,37.25000000000002,75.0,50.0,3.0,0.3,400.0
252,synthetic_balanced_empirical_resample,6,32,case2,64,90064,2,3;6,3;6,1,0,0,8,17,0.019097222222221953,0.25138374872080094,1.9305182697739167,37.25000000000002,75.0,50.0,3.0,0.3,400.0
253,synthetic_balanced_empirical_resample,1,35,case2,36,90036,2,3;6,3;6,1,0,0,8,16,0.01597222222222191,0.2397008291693643,1.908837580221002,37.25000000000002,75.0,50.0,3.0,0.3,400.0
254,synthetic_balanced_empirical_resample,5,38,case2,62,90062,2,14;17,6;1,1,0,0,8,15,0.019097222222221953,0.3092729981467165,1.908297896862399,37.25000000000002,75.0,50.0,3.0,0.3,400.0
255,synthetic_balanced_empirical_resample,1,36,case2,36,90036,2,3;6,3;6,1,0,0,8,16,0.01597222222222191,0.2397008291693643,1.908837580221002,37.25000000000002,75.0,50.0,3.0,0.3,400.0
256,synthetic_balanced_empirical_resample,4,40,case2,60,90060,2,1;11,1;3,1,0,0,8,16,0.019097222222222397,0.17302809697151766,2.0384474432327218,37.15000000000003,75.0,50.0,3.0,0.3,400.0
257,synthetic_balanced_empirical_resample,3,35,case2,45,90045,2,11;17,3;1,1,0,0,8,17,0.023958333333333602,0.1888863533708302,1.717771048724971,37.25000000000002,75.0,50.0,3.0,0.3,400.0
258,synthetic_balanced_empirical_resample,3,36,case2,45,90045,2,11;17,3;1,1,0,0,8,17,0.023958333333333602,0.1888863533708302,1.717771048724971,37.25000000000002,75.0,50.0,3.0,0.3,400.0
259,synthetic_balanced_empirical_resample,3,37,case2,45,90045,2,11;17,3;1,1,0,0,8,17,0.023958333333333602,0.1888863533708302,1.717771048724971,37.25000000000002,75.0,50.0,3.0,0.3,400.0
260,synthetic_balanced_empirical_resample,2,41,case2,37,90037,2,17;18,1;2,1,1,1,8,18,0.03333333333333359,0.32691434922466295,2.07834381503661,37.350000000000016,37.35,50.0,3.0,0.3,400.0
261,synthetic_balanced_empirical_resample,3,38,case2,45,90045,2,11;17,3;1,1,0,0,8,17,0.023958333333333602,0.1888863533708302,1.717771048724971,37.25000000000002,75.0,50.0,3.0,0.3,400.0
262,synthetic_balanced_empirical_resample,5,39,case2,62,90062,2,14;17,6;1,1,0,0,8,15,0.019097222222221953,0.3092729981467165,1.908297896862399,37.25000000000002,75.0,50.0,3.0,0.3,400.0
263,synthetic_balanced_empirical_resample,6,33,case2,64,90064,2,3;6,3;6,1,0,0,8,17,0.019097222222221953,0.25138374872080094,1.9305182697739167,37.25000000000002,75.0,50.0,3.0,0.3,400.0
264,synthetic_balanced_empirical_resample,1,37,case2,36,90036,2,3;6,3;6,1,0,0,8,16,0.01597222222222191,0.2397008291693643,1.908837580221002,37.25000000000002,75.0,50.0,3.0,0.3,400.0
265,synthetic_balanced_empirical_resample,6,34,case2,64,90064,2,3;6,3;6,1,0,0,8,17,0.019097222222221953,0.25138374872080094,1.9305182697739167,37.25000000000002,75.0,50.0,3.0,0.3,400.0
266,synthetic_balanced_empirical_resample,5,40,case2,62,90062,2,14;17,6;1,1,0,0,8,15,0.019097222222221953,0.3092729981467165,1.908297896862399,37.25000000000002,75.0,50.0,3.0,0.3,400.0
267,synthetic_balanced_empirical_resample,3,39,case2,45,90045,2,11;17,3;1,1,0,0,8,17,0.023958333333333602,0.1888863533708302,1.717771048724971,37.25000000000002,75.0,50.0,3.0,0.3,400.0
268,synthetic_balanced_empirical_resample,1,38,case2,36,90036,2,3;6,3;6,1,0,0,8,16,0.01597222222222191,0.2397008291693643,1.908837580221002,37.25000000000002,75.0,50.0,3.0,0.3,400.0
269,synthetic_balanced_empirical_resample,6,35,case2,64,90064,2,3;6,3;6,1,0,0,8,17,0.019097222222221953,0.25138374872080094,1.9305182697739167,37.25000000000002,75.0,50.0,3.0,0.3,400.0
270,synthetic_balanced_empirical_resample,6,36,case2,64,90064,2,3;6,3;6,1,0,0,8,17,0.019097222222221953,0.25138374872080094,1.9305182697739167,37.25000000000002,75.0,50.0,3.0,0.3,400.0
271,synthetic_balanced_empirical_resample,6,37,case2,64,90064,2,3;6,3;6,1,0,0,8,17,0.019097222222221953,0.25138374872080094,1.9305182697739167,37.25000000000002,75.0,50.0,3.0,0.3,400.0
272,synthetic_balanced_empirical_resample,7,37,case2,77,90077,2,11;13,3;5,1,0,0,8,17,0.02152777777777759,0.31875778326226906,2.3897519302925687,42.14999999999974,75.0,50.0,3.0,0.3,400.0
273,synthetic_balanced_empirical_resample,5,41,case2,62,90062,2,14;17,6;1,1,0,0,8,15,0.019097222222221953,0.3092729981467165,1.908297896862399,37.25000000000002,75.0,50.0,3.0,0.3,400.0
274,synthetic_balanced_empirical_resample,4,41,case2,60,90060,2,1;11,1;3,1,0,0,8,16,0.019097222222222397,0.17302809697151766,2.0384474432327218,37.15000000000003,75.0,50.0,3.0,0.3,400.0
275,synthetic_balanced_empirical_resample,2,42,case2,37,90037,2,17;18,1;2,1,1,1,8,18,0.03333333333333359,0.32691434922466295,2.07834381503661,37.350000000000016,37.35,50.0,3.0,0.3,400.0
276,synthetic_balanced_empirical_resample,6,38,case2,64,90064,2,3;6,3;6,1,0,0,8,17,0.019097222222221953,0.25138374872080094,1.9305182697739167,37.25000000000002,75.0,50.0,3.0,0.3,400.0
277,synthetic_balanced_empirical_resample,3,40,case2,45,90045,2,11;17,3;1,1,0,0,8,17,0.023958333333333602,0.1888863533708302,1.717771048724971,37.25000000000002,75.0,50.0,3.0,0.3,400.0
278,synthetic_balanced_empirical_resample,3,41,case2,45,90045,2,11;17,3;1,1,0,0,8,17,0.023958333333333602,0.1888863533708302,1.717771048724971,37.25000000000002,75.0,50.0,3.0,0.3,400.0
279,synthetic_balanced_empirical_resample,5,42,case2,62,90062,2,14;17,6;1,1,0,0,8,15,0.019097222222221953,0.3092729981467165,1.908297896862399,37.25000000000002,75.0,50.0,3.0,0.3,400.0
280,synthetic_balanced_empirical_resample,6,39,case2,64,90064,2,3;6,3;6,1,0,0,8,17,0.019097222222221953,0.25138374872080094,1.9305182697739167,37.25000000000002,75.0,50.0,3.0,0.3,400.0
281,synthetic_balanced_empirical_resample,2,43,case2,37,90037,2,17;18,1;2,1,1,1,8,18,0.03333333333333359,0.32691434922466295,2.07834381503661,37.350000000000016,37.35,50.0,3.0,0.3,400.0
282,synthetic_balanced_empirical_resample,2,44,case2,37,90037,2,17;18,1;2,1,1,1,8,18,0.03333333333333359,0.32691434922466295,2.07834381503661,37.350000000000016,37.35,50.0,3.0,0.3,400.0
283,synthetic_balanced_empirical_resample,2,45,case2,37,90037,2,17;18,1;2,1,1,1,8,18,0.03333333333333359,0.32691434922466295,2.07834381503661,37.350000000000016,37.35,50.0,3.0,0.3,400.0
284,synthetic_balanced_empirical_resample,3,42,case2,45,90045,2,11;17,3;1,1,0,0,8,17,0.023958333333333602,0.1888863533708302,1.717771048724971,37.25000000000002,75.0,50.0,3.0,0.3,400.0
285,synthetic_balanced_empirical_resample,6,40,case2,64,90064,2,3;6,3;6,1,0,0,8,17,0.019097222222221953,0.25138374872080094,1.9305182697739167,37.25000000000002,75.0,50.0,3.0,0.3,400.0
286,synthetic_balanced_empirical_resample,3,43,case2,45,90045,2,11;17,3;1,1,0,0,8,17,0.023958333333333602,0.1888863533708302,1.717771048724971,37.25000000000002,75.0,50.0,3.0,0.3,400.0
287,synthetic_balanced_empirical_resample,2,46,case2,37,90037,2,17;18,1;2,1,1,1,8,18,0.03333333333333359,0.32691434922466295,2.07834381503661,37.350000000000016,37.35,50.0,3.0,0.3,400.0
288,synthetic_balanced_empirical_resample,2,47,case2,37,90037,2,17;18,1;2,1,1,1,8,18,0.03333333333333359,0.32691434922466295,2.07834381503661,37.350000000000016,37.35,50.0,3.0,0.3,400.0
289,synthetic_balanced_empirical_resample,7,38,case2,77,90077,2,11;13,3;5,1,0,0,8,17,0.02152777777777759,0.31875778326226906,2.3897519302925687,42.14999999999974,75.0,50.0,3.0,0.3,400.0
290,synthetic_balanced_empirical_resample,3,44,case2,45,90045,2,11;17,3;1,1,0,0,8,17,0.023958333333333602,0.1888863533708302,1.717771048724971,37.25000000000002,75.0,50.0,3.0,0.3,400.0
291,synthetic_balanced_empirical_resample,7,39,case2,77,90077,2,11;13,3;5,1,0,0,8,17,0.02152777777777759,0.31875778326226906,2.3897519302925687,42.14999999999974,75.0,50.0,3.0,0.3,400.0
292,synthetic_balanced_empirical_resample,4,42,case2,60,90060,2,1;11,1;3,1,0,0,8,16,0.019097222222222397,0.17302809697151766,2.0384474432327218,37.15000000000003,75.0,50.0,3.0,0.3,400.0
293,synthetic_balanced_empirical_resample,1,39,case2,36,90036,2,3;6,3;6,1,0,0,8,16,0.01597222222222191,0.2397008291693643,1.908837580221002,37.25000000000002,75.0,50.0,3.0,0.3,400.0
294,synthetic_balanced_empirical_resample,2,48,case2,37,90037,2,17;18,1;2,1,1,1,8,18,0.03333333333333359,0.32691434922466295,2.07834381503661,37.350000000000016,37.35,50.0,3.0,0.3,400.0
295,synthetic_balanced_empirical_resample,6,41,case2,64,90064,2,3;6,3;6,1,0,0,8,17,0.019097222222221953,0.25138374872080094,1.9305182697739167,37.25000000000002,75.0,50.0,3.0,0.3,400.0
296,synthetic_balanced_empirical_resample,7,40,case2,77,90077,2,11;13,3;5,1,0,0,8,17,0.02152777777777759,0.31875778326226906,2.3897519302925687,42.14999999999974,75.0,50.0,3.0,0.3,400.0
297,synthetic_balanced_empirical_resample,1,40,case2,36,90036,2,3;6,3;6,1,0,0,8,16,0.01597222222222191,0.2397008291693643,1.908837580221002,37.25000000000002,75.0,50.0,3.0,0.3,400.0
298,synthetic_balanced_empirical_resample,4,43,case2,60,90060,2,1;11,1;3,1,0,0,8,16,0.019097222222222397,0.17302809697151766,2.0384474432327218,37.15000000000003,75.0,50.0,3.0,0.3,400.0
299,synthetic_balanced_empirical_resample,1,41,case2,36,90036,2,3;6,3;6,1,0,0,8,16,0.01597222222222191,0.2397008291693643,1.908837580221002,37.25000000000002,75.0,50.0,3.0,0.3,400.0
300,synthetic_balanced_empirical_resample,6,42,case2,64,90064,2,3;6,3;6,1,0,0,8,17,0.019097222222221953,0.25138374872080094,1.9305182697739167,37.25000000000002,75.0,50.0,3.0,0.3,400.0
301,synthetic_balanced_empirical_resample,5,43,case2,62,90062,2,14;17,6;1,1,0,0,8,15,0.019097222222221953,0.3092729981467165,1.908297896862399,37.25000000000002,75.0,50.0,3.0,0.3,400.0
302,synthetic_balanced_empirical_resample,5,44,case2,62,90062,2,14;17,6;1,1,0,0,8,15,0.019097222222221953,0.3092729981467165,1.908297896862399,37.25000000000002,75.0,50.0,3.0,0.3,400.0
303,synthetic_balanced_empirical_resample,3,45,case2,45,90045,2,11;17,3;1,1,0,0,8,17,0.023958333333333602,0.1888863533708302,1.717771048724971,37.25000000000002,75.0,50.0,3.0,0.3,400.0
304,synthetic_balanced_empirical_resample,2,49,case2,37,90037,2,17;18,1;2,1,1,1,8,18,0.03333333333333359,0.32691434922466295,2.07834381503661,37.350000000000016,37.35,50.0,3.0,0.3,400.0
305,synthetic_balanced_empirical_resample,7,41,case2,77,90077,2,11;13,3;5,1,0,0,8,17,0.02152777777777759,0.31875778326226906,2.3897519302925687,42.14999999999974,75.0,50.0,3.0,0.3,400.0
306,synthetic_balanced_empirical_resample,1,42,case2,36,90036,2,3;6,3;6,1,0,0,8,16,0.01597222222222191,0.2397008291693643,1.908837580221002,37.25000000000002,75.0,50.0,3.0,0.3,400.0
307,synthetic_balanced_empirical_resample,6,43,case2,64,90064,2,3;6,3;6,1,0,0,8,17,0.019097222222221953,0.25138374872080094,1.9305182697739167,37.25000000000002,75.0,50.0,3.0,0.3,400.0
308,synthetic_balanced_empirical_resample,4,44,case2,60,90060,2,1;11,1;3,1,0,0,8,16,0.019097222222222397,0.17302809697151766,2.0384474432327218,37.15000000000003,75.0,50.0,3.0,0.3,400.0
309,synthetic_balanced_empirical_resample,2,50,case2,37,90037,2,17;18,1;2,1,1,1,8,18,0.03333333333333359,0.32691434922466295,2.07834381503661,37.350000000000016,37.35,50.0,3.0,0.3,400.0
310,synthetic_balanced_empirical_resample,2,51,case2,37,90037,2,17;18,1;2,1,1,1,8,18,0.03333333333333359,0.32691434922466295,2.07834381503661,37.350000000000016,37.35,50.0,3.0,0.3,400.0
311,synthetic_balanced_empirical_resample,1,43,case2,36,90036,2,3;6,3;6,1,0,0,8,16,0.01597222222222191,0.2397008291693643,1.908837580221002,37.25000000000002,75.0,50.0,3.0,0.3,400.0
312,synthetic_balanced_empirical_resample,4,45,case2,60,90060,2,1;11,1;3,1,0,0,8,16,0.019097222222222397,0.17302809697151766,2.0384474432327218,37.15000000000003,75.0,50.0,3.0,0.3,400.0
313,synthetic_balanced_empirical_resample,5,45,case2,62,90062,2,14;17,6;1,1,0,0,8,15,0.019097222222221953,0.3092729981467165,1.908297896862399,37.25000000000002,75.0,50.0,3.0,0.3,400.0
314,synthetic_balanced_empirical_resample,5,46,case2,62,90062,2,14;17,6;1,1,0,0,8,15,0.019097222222221953,0.3092729981467165,1.908297896862399,37.25000000000002,75.0,50.0,3.0,0.3,400.0
315,synthetic_balanced_empirical_resample,6,44,case2,64,90064,2,3;6,3;6,1,0,0,8,17,0.019097222222221953,0.25138374872080094,1.9305182697739167,37.25000000000002,75.0,50.0,3.0,0.3,400.0
316,synthetic_balanced_empirical_resample,3,46,case2,45,90045,2,11;17,3;1,1,0,0,8,17,0.023958333333333602,0.1888863533708302,1.717771048724971,37.25000000000002,75.0,50.0,3.0,0.3,400.0
317,synthetic_balanced_empirical_resample,4,46,case2,60,90060,2,1;11,1;3,1,0,0,8,16,0.019097222222222397,0.17302809697151766,2.0384474432327218,37.15000000000003,75.0,50.0,3.0,0.3,400.0
318,synthetic_balanced_empirical_resample,4,47,case2,60,90060,2,1;11,1;3,1,0,0,8,16,0.019097222222222397,0.17302809697151766,2.0384474432327218,37.15000000000003,75.0,50.0,3.0,0.3,400.0
319,synthetic_balanced_empirical_resample,2,52,case2,37,90037,2,17;18,1;2,1,1,1,8,18,0.03333333333333359,0.32691434922466295,2.07834381503661,37.350000000000016,37.35,50.0,3.0,0.3,400.0
320,synthetic_balanced_empirical_resample,6,45,case2,64,90064,2,3;6,3;6,1,0,0,8,17,0.019097222222221953,0.25138374872080094,1.9305182697739167,37.25000000000002,75.0,50.0,3.0,0.3,400.0
321,synthetic_balanced_empirical_resample,7,42,case2,77,90077,2,11;13,3;5,1,0,0,8,17,0.02152777777777759,0.31875778326226906,2.3897519302925687,42.14999999999974,75.0,50.0,3.0,0.3,400.0
322,synthetic_balanced_empirical_resample,6,46,case2,64,90064,2,3;6,3;6,1,0,0,8,17,0.019097222222221953,0.25138374872080094,1.9305182697739167,37.25000000000002,75.0,50.0,3.0,0.3,400.0
323,synthetic_balanced_empirical_resample,3,47,case2,45,90045,2,11;17,3;1,1,0,0,8,17,0.023958333333333602,0.1888863533708302,1.717771048724971,37.25000000000002,75.0,50.0,3.0,0.3,400.0
324,synthetic_balanced_empirical_resample,6,47,case2,64,90064,2,3;6,3;6,1,0,0,8,17,0.019097222222221953,0.25138374872080094,1.9305182697739167,37.25000000000002,75.0,50.0,3.0,0.3,400.0
325,synthetic_balanced_empirical_resample,3,48,case2,45,90045,2,11;17,3;1,1,0,0,8,17,0.023958333333333602,0.1888863533708302,1.717771048724971,37.25000000000002,75.0,50.0,3.0,0.3,400.0
326,synthetic_balanced_empirical_resample,5,47,case2,62,90062,2,14;17,6;1,1,0,0,8,15,0.019097222222221953,0.3092729981467165,1.908297896862399,37.25000000000002,75.0,50.0,3.0,0.3,400.0
327,synthetic_balanced_empirical_resample,7,43,case2,77,90077,2,11;13,3;5,1,0,0,8,17,0.02152777777777759,0.31875778326226906,2.3897519302925687,42.14999999999974,75.0,50.0,3.0,0.3,400.0
328,synthetic_balanced_empirical_resample,6,48,case2,64,90064,2,3;6,3;6,1,0,0,8,17,0.019097222222221953,0.25138374872080094,1.9305182697739167,37.25000000000002,75.0,50.0,3.0,0.3,400.0
329,synthetic_balanced_empirical_resample,3,49,case2,45,90045,2,11;17,3;1,1,0,0,8,17,0.023958333333333602,0.1888863533708302,1.717771048724971,37.25000000000002,75.0,50.0,3.0,0.3,400.0
330,synthetic_balanced_empirical_resample,2,53,case2,37,90037,2,17;18,1;2,1,1,1,8,18,0.03333333333333359,0.32691434922466295,2.07834381503661,37.350000000000016,37.35,50.0,3.0,0.3,400.0
331,synthetic_balanced_empirical_resample,4,48,case2,60,90060,2,1;11,1;3,1,0,0,8,16,0.019097222222222397,0.17302809697151766,2.0384474432327218,37.15000000000003,75.0,50.0,3.0,0.3,400.0
332,synthetic_balanced_empirical_resample,3,50,case2,45,90045,2,11;17,3;1,1,0,0,8,17,0.023958333333333602,0.1888863533708302,1.717771048724971,37.25000000000002,75.0,50.0,3.0,0.3,400.0
333,synthetic_balanced_empirical_resample,6,49,case2,64,90064,2,3;6,3;6,1,0,0,8,17,0.019097222222221953,0.25138374872080094,1.9305182697739167,37.25000000000002,75.0,50.0,3.0,0.3,400.0
334,synthetic_balanced_empirical_resample,4,49,case2,60,90060,2,1;11,1;3,1,0,0,8,16,0.019097222222222397,0.17302809697151766,2.0384474432327218,37.15000000000003,75.0,50.0,3.0,0.3,400.0
335,synthetic_balanced_empirical_resample,5,48,case2,62,90062,2,14;17,6;1,1,0,0,8,15,0.019097222222221953,0.3092729981467165,1.908297896862399,37.25000000000002,75.0,50.0,3.0,0.3,400.0
336,synthetic_balanced_empirical_resample,5,49,case2,62,90062,2,14;17,6;1,1,0,0,8,15,0.019097222222221953,0.3092729981467165,1.908297896862399,37.25000000000002,75.0,50.0,3.0,0.3,400.0
337,synthetic_balanced_empirical_resample,5,50,case2,62,90062,2,14;17,6;1,1,0,0,8,15,0.019097222222221953,0.3092729981467165,1.908297896862399,37.25000000000002,75.0,50.0,3.0,0.3,400.0
338,synthetic_balanced_empirical_resample,2,54,case2,37,90037,2,17;18,1;2,1,1,1,8,18,0.03333333333333359,0.32691434922466295,2.07834381503661,37.350000000000016,37.35,50.0,3.0,0.3,400.0
339,synthetic_balanced_empirical_resample,7,44,case2,77,90077,2,11;13,3;5,1,0,0,8,17,0.02152777777777759,0.31875778326226906,2.3897519302925687,42.14999999999974,75.0,50.0,3.0,0.3,400.0
340,synthetic_balanced_empirical_resample,7,45,case2,77,90077,2,11;13,3;5,1,0,0,8,17,0.02152777777777759,0.31875778326226906,2.3897519302925687,42.14999999999974,75.0,50.0,3.0,0.3,400.0
341,synthetic_balanced_empirical_resample,7,46,case2,77,90077,2,11;13,3;5,1,0,0,8,17,0.02152777777777759,0.31875778326226906,2.3897519302925687,42.14999999999974,75.0,50.0,3.0,0.3,400.0
342,synthetic_balanced_empirical_resample,3,51,case2,45,90045,2,11;17,3;1,1,0,0,8,17,0.023958333333333602,0.1888863533708302,1.717771048724971,37.25000000000002,75.0,50.0,3.0,0.3,400.0
343,synthetic_balanced_empirical_resample,5,51,case2,62,90062,2,14;17,6;1,1,0,0,8,15,0.019097222222221953,0.3092729981467165,1.908297896862399,37.25000000000002,75.0,50.0,3.0,0.3,400.0
344,synthetic_balanced_empirical_resample,7,47,case2,77,90077,2,11;13,3;5,1,0,0,8,17,0.02152777777777759,0.31875778326226906,2.3897519302925687,42.14999999999974,75.0,50.0,3.0,0.3,400.0
345,synthetic_balanced_empirical_resample,3,52,case2,45,90045,2,11;17,3;1,1,0,0,8,17,0.023958333333333602,0.1888863533708302,1.717771048724971,37.25000000000002,75.0,50.0,3.0,0.3,400.0
346,synthetic_balanced_empirical_resample,3,53,case2,45,90045,2,11;17,3;1,1,0,0,8,17,0.023958333333333602,0.1888863533708302,1.717771048724971,37.25000000000002,75.0,50.0,3.0,0.3,400.0
347,synthetic_balanced_empirical_resample,1,44,case2,36,90036,2,3;6,3;6,1,0,0,8,16,0.01597222222222191,0.2397008291693643,1.908837580221002,37.25000000000002,75.0,50.0,3.0,0.3,400.0
348,synthetic_balanced_empirical_resample,3,54,case2,45,90045,2,11;17,3;1,1,0,0,8,17,0.023958333333333602,0.1888863533708302,1.717771048724971,37.25000000000002,75.0,50.0,3.0,0.3,400.0
349,synthetic_balanced_empirical_resample,2,55,case2,37,90037,2,17;18,1;2,1,1,1,8,18,0.03333333333333359,0.32691434922466295,2.07834381503661,37.350000000000016,37.35,50.0,3.0,0.3,400.0
350,synthetic_balanced_empirical_resample,4,50,case2,60,90060,2,1;11,1;3,1,0,0,8,16,0.019097222222222397,0.17302809697151766,2.0384474432327218,37.15000000000003,75.0,50.0,3.0,0.3,400.0
351,synthetic_balanced_empirical_resample,6,50,case2,64,90064,2,3;6,3;6,1,0,0,8,17,0.019097222222221953,0.25138374872080094,1.9305182697739167,37.25000000000002,75.0,50.0,3.0,0.3,400.0
352,synthetic_balanced_empirical_resample,4,51,case2,60,90060,2,1;11,1;3,1,0,0,8,16,0.019097222222222397,0.17302809697151766,2.0384474432327218,37.15000000000003,75.0,50.0,3.0,0.3,400.0
353,synthetic_balanced_empirical_resample,5,52,case2,62,90062,2,14;17,6;1,1,0,0,8,15,0.019097222222221953,0.3092729981467165,1.908297896862399,37.25000000000002,75.0,50.0,3.0,0.3,400.0
354,synthetic_balanced_empirical_resample,5,53,case2,62,90062,2,14;17,6;1,1,0,0,8,15,0.019097222222221953,0.3092729981467165,1.908297896862399,37.25000000000002,75.0,50.0,3.0,0.3,400.0
355,synthetic_balanced_empirical_resample,6,51,case2,64,90064,2,3;6,3;6,1,0,0,8,17,0.019097222222221953,0.25138374872080094,1.9305182697739167,37.25000000000002,75.0,50.0,3.0,0.3,400.0
356,synthetic_balanced_empirical_resample,5,54,case2,62,90062,2,14;17,6;1,1,0,0,8,15,0.019097222222221953,0.3092729981467165,1.908297896862399,37.25000000000002,75.0,50.0,3.0,0.3,400.0
357,synthetic_balanced_empirical_resample,4,52,case2,60,90060,2,1;11,1;3,1,0,0,8,16,0.019097222222222397,0.17302809697151766,2.0384474432327218,37.15000000000003,75.0,50.0,3.0,0.3,400.0
358,synthetic_balanced_empirical_resample,6,52,case2,64,90064,2,3;6,3;6,1,0,0,8,17,0.019097222222221953,0.25138374872080094,1.9305182697739167,37.25000000000002,75.0,50.0,3.0,0.3,400.0
359,synthetic_balanced_empirical_resample,1,45,case2,36,90036,2,3;6,3;6,1,0,0,8,16,0.01597222222222191,0.2397008291693643,1.908837580221002,37.25000000000002,75.0,50.0,3.0,0.3,400.0
360,synthetic_balanced_empirical_resample,5,55,case2,62,90062,2,14;17,6;1,1,0,0,8,15,0.019097222222221953,0.3092729981467165,1.908297896862399,37.25000000000002,75.0,50.0,3.0,0.3,400.0
361,synthetic_balanced_empirical_resample,2,56,case2,37,90037,2,17;18,1;2,1,1,1,8,18,0.03333333333333359,0.32691434922466295,2.07834381503661,37.350000000000016,37.35,50.0,3.0,0.3,400.0
362,synthetic_balanced_empirical_resample,6,53,case2,64,90064,2,3;6,3;6,1,0,0,8,17,0.019097222222221953,0.25138374872080094,1.9305182697739167,37.25000000000002,75.0,50.0,3.0,0.3,400.0
363,synthetic_balanced_empirical_resample,6,54,case2,64,90064,2,3;6,3;6,1,0,0,8,17,0.019097222222221953,0.25138374872080094,1.9305182697739167,37.25000000000002,75.0,50.0,3.0,0.3,400.0
364,synthetic_balanced_empirical_resample,5,56,case2,62,90062,2,14;17,6;1,1,0,0,8,15,0.019097222222221953,0.3092729981467165,1.908297896862399,37.25000000000002,75.0,50.0,3.0,0.3,400.0
365,synthetic_balanced_empirical_resample,5,57,case2,62,90062,2,14;17,6;1,1,0,0,8,15,0.019097222222221953,0.3092729981467165,1.908297896862399,37.25000000000002,75.0,50.0,3.0,0.3,400.0
366,synthetic_balanced_empirical_resample,4,53,case2,60,90060,2,1;11,1;3,1,0,0,8,16,0.019097222222222397,0.17302809697151766,2.0384474432327218,37.15000000000003,75.0,50.0,3.0,0.3,400.0
367,synthetic_balanced_empirical_resample,5,58,case2,62,90062,2,14;17,6;1,1,0,0,8,15,0.019097222222221953,0.3092729981467165,1.908297896862399,37.25000000000002,75.0,50.0,3.0,0.3,400.0
368,synthetic_balanced_empirical_resample,5,59,case2,62,90062,2,14;17,6;1,1,0,0,8,15,0.019097222222221953,0.3092729981467165,1.908297896862399,37.25000000000002,75.0,50.0,3.0,0.3,400.0
369,synthetic_balanced_empirical_resample,3,55,case2,45,90045,2,11;17,3;1,1,0,0,8,17,0.023958333333333602,0.1888863533708302,1.717771048724971,37.25000000000002,75.0,50.0,3.0,0.3,400.0
370,synthetic_balanced_empirical_resample,7,48,case2,77,90077,2,11;13,3;5,1,0,0,8,17,0.02152777777777759,0.31875778326226906,2.3897519302925687,42.14999999999974,75.0,50.0,3.0,0.3,400.0
371,synthetic_balanced_empirical_resample,7,49,case2,77,90077,2,11;13,3;5,1,0,0,8,17,0.02152777777777759,0.31875778326226906,2.3897519302925687,42.14999999999974,75.0,50.0,3.0,0.3,400.0
372,synthetic_balanced_empirical_resample,7,50,case2,77,90077,2,11;13,3;5,1,0,0,8,17,0.02152777777777759,0.31875778326226906,2.3897519302925687,42.14999999999974,75.0,50.0,3.0,0.3,400.0
373,synthetic_balanced_empirical_resample,6,55,case2,64,90064,2,3;6,3;6,1,0,0,8,17,0.019097222222221953,0.25138374872080094,1.9305182697739167,37.25000000000002,75.0,50.0,3.0,0.3,400.0
374,synthetic_balanced_empirical_resample,6,56,case2,64,90064,2,3;6,3;6,1,0,0,8,17,0.019097222222221953,0.25138374872080094,1.9305182697739167,37.25000000000002,75.0,50.0,3.0,0.3,400.0
375,synthetic_balanced_empirical_resample,2,57,case2,37,90037,2,17;18,1;2,1,1,1,8,18,0.03333333333333359,0.32691434922466295,2.07834381503661,37.350000000000016,37.35,50.0,3.0,0.3,400.0
376,synthetic_balanced_empirical_resample,7,51,case2,77,90077,2,11;13,3;5,1,0,0,8,17,0.02152777777777759,0.31875778326226906,2.3897519302925687,42.14999999999974,75.0,50.0,3.0,0.3,400.0
377,synthetic_balanced_empirical_resample,5,60,case2,62,90062,2,14;17,6;1,1,0,0,8,15,0.019097222222221953,0.3092729981467165,1.908297896862399,37.25000000000002,75.0,50.0,3.0,0.3,400.0
378,synthetic_balanced_empirical_resample,7,52,case2,77,90077,2,11;13,3;5,1,0,0,8,17,0.02152777777777759,0.31875778326226906,2.3897519302925687,42.14999999999974,75.0,50.0,3.0,0.3,400.0
379,synthetic_balanced_empirical_resample,4,54,case2,60,90060,2,1;11,1;3,1,0,0,8,16,0.019097222222222397,0.17302809697151766,2.0384474432327218,37.15000000000003,75.0,50.0,3.0,0.3,400.0
380,synthetic_balanced_empirical_resample,1,46,case2,36,90036,2,3;6,3;6,1,0,0,8,16,0.01597222222222191,0.2397008291693643,1.908837580221002,37.25000000000002,75.0,50.0,3.0,0.3,400.0
381,synthetic_balanced_empirical_resample,1,47,case2,36,90036,2,3;6,3;6,1,0,0,8,16,0.01597222222222191,0.2397008291693643,1.908837580221002,37.25000000000002,75.0,50.0,3.0,0.3,400.0
382,synthetic_balanced_empirical_resample,3,56,case2,45,90045,2,11;17,3;1,1,0,0,8,17,0.023958333333333602,0.1888863533708302,1.717771048724971,37.25000000000002,75.0,50.0,3.0,0.3,400.0
383,synthetic_balanced_empirical_resample,3,57,case2,45,90045,2,11;17,3;1,1,0,0,8,17,0.023958333333333602,0.1888863533708302,1.717771048724971,37.25000000000002,75.0,50.0,3.0,0.3,400.0
384,synthetic_balanced_empirical_resample,4,55,case2,60,90060,2,1;11,1;3,1,0,0,8,16,0.019097222222222397,0.17302809697151766,2.0384474432327218,37.15000000000003,75.0,50.0,3.0,0.3,400.0
385,synthetic_balanced_empirical_resample,5,61,case2,62,90062,2,14;17,6;1,1,0,0,8,15,0.019097222222221953,0.3092729981467165,1.908297896862399,37.25000000000002,75.0,50.0,3.0,0.3,400.0
386,synthetic_balanced_empirical_resample,7,53,case2,77,90077,2,11;13,3;5,1,0,0,8,17,0.02152777777777759,0.31875778326226906,2.3897519302925687,42.14999999999974,75.0,50.0,3.0,0.3,400.0
387,synthetic_balanced_empirical_resample,6,57,case2,64,90064,2,3;6,3;6,1,0,0,8,17,0.019097222222221953,0.25138374872080094,1.9305182697739167,37.25000000000002,75.0,50.0,3.0,0.3,400.0
388,synthetic_balanced_empirical_resample,6,58,case2,64,90064,2,3;6,3;6,1,0,0,8,17,0.019097222222221953,0.25138374872080094,1.9305182697739167,37.25000000000002,75.0,50.0,3.0,0.3,400.0
389,synthetic_balanced_empirical_resample,2,58,case2,37,90037,2,17;18,1;2,1,1,1,8,18,0.03333333333333359,0.32691434922466295,2.07834381503661,37.350000000000016,37.35,50.0,3.0,0.3,400.0
390,synthetic_balanced_empirical_resample,5,62,case2,62,90062,2,14;17,6;1,1,0,0,8,15,0.019097222222221953,0.3092729981467165,1.908297896862399,37.25000000000002,75.0,50.0,3.0,0.3,400.0
391,synthetic_balanced_empirical_resample,6,59,case2,64,90064,2,3;6,3;6,1,0,0,8,17,0.019097222222221953,0.25138374872080094,1.9305182697739167,37.25000000000002,75.0,50.0,3.0,0.3,400.0
392,synthetic_balanced_empirical_resample,2,59,case2,37,90037,2,17;18,1;2,1,1,1,8,18,0.03333333333333359,0.32691434922466295,2.07834381503661,37.350000000000016,37.35,50.0,3.0,0.3,400.0
393,synthetic_balanced_empirical_resample,7,54,case2,77,90077,2,11;13,3;5,1,0,0,8,17,0.02152777777777759,0.31875778326226906,2.3897519302925687,42.14999999999974,75.0,50.0,3.0,0.3,400.0
394,synthetic_balanced_empirical_resample,6,60,case2,64,90064,2,3;6,3;6,1,0,0,8,17,0.019097222222221953,0.25138374872080094,1.9305182697739167,37.25000000000002,75.0,50.0,3.0,0.3,400.0
395,synthetic_balanced_empirical_resample,3,58,case2,45,90045,2,11;17,3;1,1,0,0,8,17,0.023958333333333602,0.1888863533708302,1.717771048724971,37.25000000000002,75.0,50.0,3.0,0.3,400.0
396,synthetic_balanced_empirical_resample,2,60,case2,37,90037,2,17;18,1;2,1,1,1,8,18,0.03333333333333359,0.32691434922466295,2.07834381503661,37.350000000000016,37.35,50.0,3.0,0.3,400.0
397,synthetic_balanced_empirical_resample,1,48,case2,36,90036,2,3;6,3;6,1,0,0,8,16,0.01597222222222191,0.2397008291693643,1.908837580221002,37.25000000000002,75.0,50.0,3.0,0.3,400.0
398,synthetic_balanced_empirical_resample,6,61,case2,64,90064,2,3;6,3;6,1,0,0,8,17,0.019097222222221953,0.25138374872080094,1.9305182697739167,37.25000000000002,75.0,50.0,3.0,0.3,400.0
399,synthetic_balanced_empirical_resample,6,62,case2,64,90064,2,3;6,3;6,1,0,0,8,17,0.019097222222221953,0.25138374872080094,1.9305182697739167,37.25000000000002,75.0,50.0,3.0,0.3,400.0
400,synthetic_balanced_empirical_resample,6,63,case2,64,90064,2,3;6,3;6,1,0,0,8,17,0.019097222222221953,0.25138374872080094,1.9305182697739167,37.25000000000002,75.0,50.0,3.0,0.3,400.0
401,synthetic_balanced_empirical_resample,5,63,case2,62,90062,2,14;17,6;1,1,0,0,8,15,0.019097222222221953,0.3092729981467165,1.908297896862399,37.25000000000002,75.0,50.0,3.0,0.3,400.0
402,synthetic_balanced_empirical_resample,4,56,case2,60,90060,2,1;11,1;3,1,0,0,8,16,0.019097222222222397,0.17302809697151766,2.0384474432327218,37.15000000000003,75.0,50.0,3.0,0.3,400.0
403,synthetic_balanced_empirical_resample,2,61,case2,37,90037,2,17;18,1;2,1,1,1,8,18,0.03333333333333359,0.32691434922466295,2.07834381503661,37.350000000000016,37.35,50.0,3.0,0.3,400.0
404,synthetic_balanced_empirical_resample,1,49,case2,36,90036,2,3;6,3;6,1,0,0,8,16,0.01597222222222191,0.2397008291693643,1.908837580221002,37.25000000000002,75.0,50.0,3.0,0.3,400.0
405,synthetic_balanced_empirical_resample,4,57,case2,60,90060,2,1;11,1;3,1,0,0,8,16,0.019097222222222397,0.17302809697151766,2.0384474432327218,37.15000000000003,75.0,50.0,3.0,0.3,400.0
406,synthetic_balanced_empirical_resample,1,50,case2,36,90036,2,3;6,3;6,1,0,0,8,16,0.01597222222222191,0.2397008291693643,1.908837580221002,37.25000000000002,75.0,50.0,3.0,0.3,400.0
407,synthetic_balanced_empirical_resample,2,62,case2,37,90037,2,17;18,1;2,1,1,1,8,18,0.03333333333333359,0.32691434922466295,2.07834381503661,37.350000000000016,37.35,50.0,3.0,0.3,400.0
408,synthetic_balanced_empirical_resample,6,64,case2,64,90064,2,3;6,3;6,1,0,0,8,17,0.019097222222221953,0.25138374872080094,1.9305182697739167,37.25000000000002,75.0,50.0,3.0,0.3,400.0
409,synthetic_balanced_empirical_resample,3,59,case2,45,90045,2,11;17,3;1,1,0,0,8,17,0.023958333333333602,0.1888863533708302,1.717771048724971,37.25000000000002,75.0,50.0,3.0,0.3,400.0
410,synthetic_balanced_empirical_resample,7,55,case2,77,90077,2,11;13,3;5,1,0,0,8,17,0.02152777777777759,0.31875778326226906,2.3897519302925687,42.14999999999974,75.0,50.0,3.0,0.3,400.0
411,synthetic_balanced_empirical_resample,7,56,case2,77,90077,2,11;13,3;5,1,0,0,8,17,0.02152777777777759,0.31875778326226906,2.3897519302925687,42.14999999999974,75.0,50.0,3.0,0.3,400.0
412,synthetic_balanced_empirical_resample,2,63,case2,37,90037,2,17;18,1;2,1,1,1,8,18,0.03333333333333359,0.32691434922466295,2.07834381503661,37.350000000000016,37.35,50.0,3.0,0.3,400.0
413,synthetic_balanced_empirical_resample,7,57,case2,77,90077,2,11;13,3;5,1,0,0,8,17,0.02152777777777759,0.31875778326226906,2.3897519302925687,42.14999999999974,75.0,50.0,3.0,0.3,400.0
414,synthetic_balanced_empirical_resample,1,51,case2,36,90036,2,3;6,3;6,1,0,0,8,16,0.01597222222222191,0.2397008291693643,1.908837580221002,37.25000000000002,75.0,50.0,3.0,0.3,400.0
415,synthetic_balanced_empirical_resample,4,58,case2,60,90060,2,1;11,1;3,1,0,0,8,16,0.019097222222222397,0.17302809697151766,2.0384474432327218,37.15000000000003,75.0,50.0,3.0,0.3,400.0
416,synthetic_balanced_empirical_resample,2,64,case2,37,90037,2,17;18,1;2,1,1,1,8,18,0.03333333333333359,0.32691434922466295,2.07834381503661,37.350000000000016,37.35,50.0,3.0,0.3,400.0
417,synthetic_balanced_empirical_resample,2,65,case2,37,90037,2,17;18,1;2,1,1,1,8,18,0.03333333333333359,0.32691434922466295,2.07834381503661,37.350000000000016,37.35,50.0,3.0,0.3,400.0
418,synthetic_balanced_empirical_resample,3,60,case2,45,90045,2,11;17,3;1,1,0,0,8,17,0.023958333333333602,0.1888863533708302,1.717771048724971,37.25000000000002,75.0,50.0,3.0,0.3,400.0
419,synthetic_balanced_empirical_resample,2,66,case2,37,90037,2,17;18,1;2,1,1,1,8,18,0.03333333333333359,0.32691434922466295,2.07834381503661,37.350000000000016,37.35,50.0,3.0,0.3,400.0
420,synthetic_balanced_empirical_resample,6,65,case2,64,90064,2,3;6,3;6,1,0,0,8,17,0.019097222222221953,0.25138374872080094,1.9305182697739167,37.25000000000002,75.0,50.0,3.0,0.3,400.0
421,synthetic_balanced_empirical_resample,2,67,case2,37,90037,2,17;18,1;2,1,1,1,8,18,0.03333333333333359,0.32691434922466295,2.07834381503661,37.350000000000016,37.35,50.0,3.0,0.3,400.0
422,synthetic_balanced_empirical_resample,7,58,case2,77,90077,2,11;13,3;5,1,0,0,8,17,0.02152777777777759,0.31875778326226906,2.3897519302925687,42.14999999999974,75.0,50.0,3.0,0.3,400.0
423,synthetic_balanced_empirical_resample,7,59,case2,77,90077,2,11;13,3;5,1,0,0,8,17,0.02152777777777759,0.31875778326226906,2.3897519302925687,42.14999999999974,75.0,50.0,3.0,0.3,400.0
424,synthetic_balanced_empirical_resample,7,60,case2,77,90077,2,11;13,3;5,1,0,0,8,17,0.02152777777777759,0.31875778326226906,2.3897519302925687,42.14999999999974,75.0,50.0,3.0,0.3,400.0
425,synthetic_balanced_empirical_resample,4,59,case2,60,90060,2,1;11,1;3,1,0,0,8,16,0.019097222222222397,0.17302809697151766,2.0384474432327218,37.15000000000003,75.0,50.0,3.0,0.3,400.0
426,synthetic_balanced_empirical_resample,2,68,case2,37,90037,2,17;18,1;2,1,1,1,8,18,0.03333333333333359,0.32691434922466295,2.07834381503661,37.350000000000016,37.35,50.0,3.0,0.3,400.0
427,synthetic_balanced_empirical_resample,4,60,case2,60,90060,2,1;11,1;3,1,0,0,8,16,0.019097222222222397,0.17302809697151766,2.0384474432327218,37.15000000000003,75.0,50.0,3.0,0.3,400.0
428,synthetic_balanced_empirical_resample,5,64,case2,62,90062,2,14;17,6;1,1,0,0,8,15,0.019097222222221953,0.3092729981467165,1.908297896862399,37.25000000000002,75.0,50.0,3.0,0.3,400.0
429,synthetic_balanced_empirical_resample,4,61,case2,60,90060,2,1;11,1;3,1,0,0,8,16,0.019097222222222397,0.17302809697151766,2.0384474432327218,37.15000000000003,75.0,50.0,3.0,0.3,400.0
430,synthetic_balanced_empirical_resample,4,62,case2,60,90060,2,1;11,1;3,1,0,0,8,16,0.019097222222222397,0.17302809697151766,2.0384474432327218,37.15000000000003,75.0,50.0,3.0,0.3,400.0
431,synthetic_balanced_empirical_resample,5,65,case2,62,90062,2,14;17,6;1,1,0,0,8,15,0.019097222222221953,0.3092729981467165,1.908297896862399,37.25000000000002,75.0,50.0,3.0,0.3,400.0
432,synthetic_balanced_empirical_resample,2,69,case2,37,90037,2,17;18,1;2,1,1,1,8,18,0.03333333333333359,0.32691434922466295,2.07834381503661,37.350000000000016,37.35,50.0,3.0,0.3,400.0
433,synthetic_balanced_empirical_resample,4,63,case2,60,90060,2,1;11,1;3,1,0,0,8,16,0.019097222222222397,0.17302809697151766,2.0384474432327218,37.15000000000003,75.0,50.0,3.0,0.3,400.0
434,synthetic_balanced_empirical_resample,4,64,case2,60,90060,2,1;11,1;3,1,0,0,8,16,0.019097222222222397,0.17302809697151766,2.0384474432327218,37.15000000000003,75.0,50.0,3.0,0.3,400.0
435,synthetic_balanced_empirical_resample,4,65,case2,60,90060,2,1;11,1;3,1,0,0,8,16,0.019097222222222397,0.17302809697151766,2.0384474432327218,37.15000000000003,75.0,50.0,3.0,0.3,400.0
436,synthetic_balanced_empirical_resample,1,52,case2,36,90036,2,3;6,3;6,1,0,0,8,16,0.01597222222222191,0.2397008291693643,1.908837580221002,37.25000000000002,75.0,50.0,3.0,0.3,400.0
437,synthetic_balanced_empirical_resample,5,66,case2,62,90062,2,14;17,6;1,1,0,0,8,15,0.019097222222221953,0.3092729981467165,1.908297896862399,37.25000000000002,75.0,50.0,3.0,0.3,400.0
438,synthetic_balanced_empirical_resample,2,70,case2,37,90037,2,17;18,1;2,1,1,1,8,18,0.03333333333333359,0.32691434922466295,2.07834381503661,37.350000000000016,37.35,50.0,3.0,0.3,400.0
439,synthetic_balanced_empirical_resample,3,61,case2,45,90045,2,11;17,3;1,1,0,0,8,17,0.023958333333333602,0.1888863533708302,1.717771048724971,37.25000000000002,75.0,50.0,3.0,0.3,400.0
440,synthetic_balanced_empirical_resample,4,66,case2,60,90060,2,1;11,1;3,1,0,0,8,16,0.019097222222222397,0.17302809697151766,2.0384474432327218,37.15000000000003,75.0,50.0,3.0,0.3,400.0
441,synthetic_balanced_empirical_resample,1,53,case2,36,90036,2,3;6,3;6,1,0,0,8,16,0.01597222222222191,0.2397008291693643,1.908837580221002,37.25000000000002,75.0,50.0,3.0,0.3,400.0
442,synthetic_balanced_empirical_resample,3,62,case2,45,90045,2,11;17,3;1,1,0,0,8,17,0.023958333333333602,0.1888863533708302,1.717771048724971,37.25000000000002,75.0,50.0,3.0,0.3,400.0
443,synthetic_balanced_empirical_resample,5,67,case2,62,90062,2,14;17,6;1,1,0,0,8,15,0.019097222222221953,0.3092729981467165,1.908297896862399,37.25000000000002,75.0,50.0,3.0,0.3,400.0
444,synthetic_balanced_empirical_resample,1,54,case2,36,90036,2,3;6,3;6,1,0,0,8,16,0.01597222222222191,0.2397008291693643,1.908837580221002,37.25000000000002,75.0,50.0,3.0,0.3,400.0
445,synthetic_balanced_empirical_resample,4,67,case2,60,90060,2,1;11,1;3,1,0,0,8,16,0.019097222222222397,0.17302809697151766,2.0384474432327218,37.15000000000003,75.0,50.0,3.0,0.3,400.0
446,synthetic_balanced_empirical_resample,4,68,case2,60,90060,2,1;11,1;3,1,0,0,8,16,0.019097222222222397,0.17302809697151766,2.0384474432327218,37.15000000000003,75.0,50.0,3.0,0.3,400.0
447,synthetic_balanced_empirical_resample,7,61,case2,77,90077,2,11;13,3;5,1,0,0,8,17,0.02152777777777759,0.31875778326226906,2.3897519302925687,42.14999999999974,75.0,50.0,3.0,0.3,400.0
448,synthetic_balanced_empirical_resample,7,62,case2,77,90077,2,11;13,3;5,1,0,0,8,17,0.02152777777777759,0.31875778326226906,2.3897519302925687,42.14999999999974,75.0,50.0,3.0,0.3,400.0
449,synthetic_balanced_empirical_resample,6,66,case2,64,90064,2,3;6,3;6,1,0,0,8,17,0.019097222222221953,0.25138374872080094,1.9305182697739167,37.25000000000002,75.0,50.0,3.0,0.3,400.0
450,synthetic_balanced_empirical_resample,7,63,case2,77,90077,2,11;13,3;5,1,0,0,8,17,0.02152777777777759,0.31875778326226906,2.3897519302925687,42.14999999999974,75.0,50.0,3.0,0.3,400.0
451,synthetic_balanced_empirical_resample,3,63,case2,45,90045,2,11;17,3;1,1,0,0,8,17,0.023958333333333602,0.1888863533708302,1.717771048724971,37.25000000000002,75.0,50.0,3.0,0.3,400.0
452,synthetic_balanced_empirical_resample,7,64,case2,77,90077,2,11;13,3;5,1,0,0,8,17,0.02152777777777759,0.31875778326226906,2.3897519302925687,42.14999999999974,75.0,50.0,3.0,0.3,400.0
453,synthetic_balanced_empirical_resample,1,55,case2,36,90036,2,3;6,3;6,1,0,0,8,16,0.01597222222222191,0.2397008291693643,1.908837580221002,37.25000000000002,75.0,50.0,3.0,0.3,400.0
454,synthetic_balanced_empirical_resample,3,64,case2,45,90045,2,11;17,3;1,1,0,0,8,17,0.023958333333333602,0.1888863533708302,1.717771048724971,37.25000000000002,75.0,50.0,3.0,0.3,400.0
455,synthetic_balanced_empirical_resample,2,71,case2,37,90037,2,17;18,1;2,1,1,1,8,18,0.03333333333333359,0.32691434922466295,2.07834381503661,37.350000000000016,37.35,50.0,3.0,0.3,400.0
456,synthetic_balanced_empirical_resample,7,65,case2,77,90077,2,11;13,3;5,1,0,0,8,17,0.02152777777777759,0.31875778326226906,2.3897519302925687,42.14999999999974,75.0,50.0,3.0,0.3,400.0
457,synthetic_balanced_empirical_resample,2,72,case2,37,90037,2,17;18,1;2,1,1,1,8,18,0.03333333333333359,0.32691434922466295,2.07834381503661,37.350000000000016,37.35,50.0,3.0,0.3,400.0
458,synthetic_balanced_empirical_resample,2,73,case2,37,90037,2,17;18,1;2,1,1,1,8,18,0.03333333333333359,0.32691434922466295,2.07834381503661,37.350000000000016,37.35,50.0,3.0,0.3,400.0
459,synthetic_balanced_empirical_resample,4,69,case2,60,90060,2,1;11,1;3,1,0,0,8,16,0.019097222222222397,0.17302809697151766,2.0384474432327218,37.15000000000003,75.0,50.0,3.0,0.3,400.0
460,synthetic_balanced_empirical_resample,1,56,case2,36,90036,2,3;6,3;6,1,0,0,8,16,0.01597222222222191,0.2397008291693643,1.908837580221002,37.25000000000002,75.0,50.0,3.0,0.3,400.0
461,synthetic_balanced_empirical_resample,2,74,case2,37,90037,2,17;18,1;2,1,1,1,8,18,0.03333333333333359,0.32691434922466295,2.07834381503661,37.350000000000016,37.35,50.0,3.0,0.3,400.0
462,synthetic_balanced_empirical_resample,1,57,case2,36,90036,2,3;6,3;6,1,0,0,8,16,0.01597222222222191,0.2397008291693643,1.908837580221002,37.25000000000002,75.0,50.0,3.0,0.3,400.0
463,synthetic_balanced_empirical_resample,2,75,case2,37,90037,2,17;18,1;2,1,1,1,8,18,0.03333333333333359,0.32691434922466295,2.07834381503661,37.350000000000016,37.35,50.0,3.0,0.3,400.0
464,synthetic_balanced_empirical_resample,1,58,case2,36,90036,2,3;6,3;6,1,0,0,8,16,0.01597222222222191,0.2397008291693643,1.908837580221002,37.25000000000002,75.0,50.0,3.0,0.3,400.0
465,synthetic_balanced_empirical_resample,1,59,case2,36,90036,2,3;6,3;6,1,0,0,8,16,0.01597222222222191,0.2397008291693643,1.908837580221002,37.25000000000002,75.0,50.0,3.0,0.3,400.0
466,synthetic_balanced_empirical_resample,3,65,case2,45,90045,2,11;17,3;1,1,0,0,8,17,0.023958333333333602,0.1888863533708302,1.717771048724971,37.25000000000002,75.0,50.0,3.0,0.3,400.0
467,synthetic_balanced_empirical_resample,5,68,case2,62,90062,2,14;17,6;1,1,0,0,8,15,0.019097222222221953,0.3092729981467165,1.908297896862399,37.25000000000002,75.0,50.0,3.0,0.3,400.0
468,synthetic_balanced_empirical_resample,5,69,case2,62,90062,2,14;17,6;1,1,0,0,8,15,0.019097222222221953,0.3092729981467165,1.908297896862399,37.25000000000002,75.0,50.0,3.0,0.3,400.0
469,synthetic_balanced_empirical_resample,2,76,case2,37,90037,2,17;18,1;2,1,1,1,8,18,0.03333333333333359,0.32691434922466295,2.07834381503661,37.350000000000016,37.35,50.0,3.0,0.3,400.0
470,synthetic_balanced_empirical_resample,7,66,case2,77,90077,2,11;13,3;5,1,0,0,8,17,0.02152777777777759,0.31875778326226906,2.3897519302925687,42.14999999999974,75.0,50.0,3.0,0.3,400.0
471,synthetic_balanced_empirical_resample,2,77,case2,37,90037,2,17;18,1;2,1,1,1,8,18,0.03333333333333359,0.32691434922466295,2.07834381503661,37.350000000000016,37.35,50.0,3.0,0.3,400.0
472,synthetic_balanced_empirical_resample,5,70,case2,62,90062,2,14;17,6;1,1,0,0,8,15,0.019097222222221953,0.3092729981467165,1.908297896862399,37.25000000000002,75.0,50.0,3.0,0.3,400.0
473,synthetic_balanced_empirical_resample,4,70,case2,60,90060,2,1;11,1;3,1,0,0,8,16,0.019097222222222397,0.17302809697151766,2.0384474432327218,37.15000000000003,75.0,50.0,3.0,0.3,400.0
474,synthetic_balanced_empirical_resample,2,78,case2,37,90037,2,17;18,1;2,1,1,1,8,18,0.03333333333333359,0.32691434922466295,2.07834381503661,37.350000000000016,37.35,50.0,3.0,0.3,400.0
475,synthetic_balanced_empirical_resample,5,71,case2,62,90062,2,14;17,6;1,1,0,0,8,15,0.019097222222221953,0.3092729981467165,1.908297896862399,37.25000000000002,75.0,50.0,3.0,0.3,400.0
476,synthetic_balanced_empirical_resample,7,67,case2,77,90077,2,11;13,3;5,1,0,0,8,17,0.02152777777777759,0.31875778326226906,2.3897519302925687,42.14999999999974,75.0,50.0,3.0,0.3,400.0
477,synthetic_balanced_empirical_resample,5,72,case2,62,90062,2,14;17,6;1,1,0,0,8,15,0.019097222222221953,0.3092729981467165,1.908297896862399,37.25000000000002,75.0,50.0,3.0,0.3,400.0
478,synthetic_balanced_empirical_resample,1,60,case2,36,90036,2,3;6,3;6,1,0,0,8,16,0.01597222222222191,0.2397008291693643,1.908837580221002,37.25000000000002,75.0,50.0,3.0,0.3,400.0
479,synthetic_balanced_empirical_resample,1,61,case2,36,90036,2,3;6,3;6,1,0,0,8,16,0.01597222222222191,0.2397008291693643,1.908837580221002,37.25000000000002,75.0,50.0,3.0,0.3,400.0
480,synthetic_balanced_empirical_resample,7,68,case2,77,90077,2,11;13,3;5,1,0,0,8,17,0.02152777777777759,0.31875778326226906,2.3897519302925687,42.14999999999974,75.0,50.0,3.0,0.3,400.0
481,synthetic_balanced_empirical_resample,5,73,case2,62,90062,2,14;17,6;1,1,0,0,8,15,0.019097222222221953,0.3092729981467165,1.908297896862399,37.25000000000002,75.0,50.0,3.0,0.3,400.0
482,synthetic_balanced_empirical_resample,4,71,case2,60,90060,2,1;11,1;3,1,0,0,8,16,0.019097222222222397,0.17302809697151766,2.0384474432327218,37.15000000000003,75.0,50.0,3.0,0.3,400.0
483,synthetic_balanced_empirical_resample,3,66,case2,45,90045,2,11;17,3;1,1,0,0,8,17,0.023958333333333602,0.1888863533708302,1.717771048724971,37.25000000000002,75.0,50.0,3.0,0.3,400.0
484,synthetic_balanced_empirical_resample,4,72,case2,60,90060,2,1;11,1;3,1,0,0,8,16,0.019097222222222397,0.17302809697151766,2.0384474432327218,37.15000000000003,75.0,50.0,3.0,0.3,400.0
485,synthetic_balanced_empirical_resample,2,79,case2,37,90037,2,17;18,1;2,1,1,1,8,18,0.03333333333333359,0.32691434922466295,2.07834381503661,37.350000000000016,37.35,50.0,3.0,0.3,400.0
486,synthetic_balanced_empirical_resample,5,74,case2,62,90062,2,14;17,6;1,1,0,0,8,15,0.019097222222221953,0.3092729981467165,1.908297896862399,37.25000000000002,75.0,50.0,3.0,0.3,400.0
487,synthetic_balanced_empirical_resample,6,67,case2,64,90064,2,3;6,3;6,1,0,0,8,17,0.019097222222221953,0.25138374872080094,1.9305182697739167,37.25000000000002,75.0,50.0,3.0,0.3,400.0
488,synthetic_balanced_empirical_resample,4,73,case2,60,90060,2,1;11,1;3,1,0,0,8,16,0.019097222222222397,0.17302809697151766,2.0384474432327218,37.15000000000003,75.0,50.0,3.0,0.3,400.0
489,synthetic_balanced_empirical_resample,7,69,case2,77,90077,2,11;13,3;5,1,0,0,8,17,0.02152777777777759,0.31875778326226906,2.3897519302925687,42.14999999999974,75.0,50.0,3.0,0.3,400.0
490,synthetic_balanced_empirical_resample,5,75,case2,62,90062,2,14;17,6;1,1,0,0,8,15,0.019097222222221953,0.3092729981467165,1.908297896862399,37.25000000000002,75.0,50.0,3.0,0.3,400.0
491,synthetic_balanced_empirical_resample,1,62,case2,36,90036,2,3;6,3;6,1,0,0,8,16,0.01597222222222191,0.2397008291693643,1.908837580221002,37.25000000000002,75.0,50.0,3.0,0.3,400.0
492,synthetic_balanced_empirical_resample,4,74,case2,60,90060,2,1;11,1;3,1,0,0,8,16,0.019097222222222397,0.17302809697151766,2.0384474432327218,37.15000000000003,75.0,50.0,3.0,0.3,400.0
493,synthetic_balanced_empirical_resample,1,63,case2,36,90036,2,3;6,3;6,1,0,0,8,16,0.01597222222222191,0.2397008291693643,1.908837580221002,37.25000000000002,75.0,50.0,3.0,0.3,400.0
494,synthetic_balanced_empirical_resample,5,76,case2,62,90062,2,14;17,6;1,1,0,0,8,15,0.019097222222221953,0.3092729981467165,1.908297896862399,37.25000000000002,75.0,50.0,3.0,0.3,400.0
495,synthetic_balanced_empirical_resample,4,75,case2,60,90060,2,1;11,1;3,1,0,0,8,16,0.019097222222222397,0.17302809697151766,2.0384474432327218,37.15000000000003,75.0,50.0,3.0,0.3,400.0
496,synthetic_balanced_empirical_resample,4,76,case2,60,90060,2,1;11,1;3,1,0,0,8,16,0.019097222222222397,0.17302809697151766,2.0384474432327218,37.15000000000003,75.0,50.0,3.0,0.3,400.0
497,synthetic_balanced_empirical_resample,5,77,case2,62,90062,2,14;17,6;1,1,0,0,8,15,0.019097222222221953,0.3092729981467165,1.908297896862399,37.25000000000002,75.0,50.0,3.0,0.3,400.0
498,synthetic_balanced_empirical_resample,6,68,case2,64,90064,2,3;6,3;6,1,0,0,8,17,0.019097222222221953,0.25138374872080094,1.9305182697739167,37.25000000000002,75.0,50.0,3.0,0.3,400.0
499,synthetic_balanced_empirical_resample,2,80,case2,37,90037,2,17;18,1;2,1,1,1,8,18,0.03333333333333359,0.32691434922466295,2.07834381503661,37.350000000000016,37.35,50.0,3.0,0.3,400.0
500,synthetic_balanced_empirical_resample,3,67,case2,45,90045,2,11;17,3;1,1,0,0,8,17,0.023958333333333602,0.1888863533708302,1.717771048724971,37.25000000000002,75.0,50.0,3.0,0.3,400.0
501,synthetic_balanced_empirical_resample,4,77,case2,60,90060,2,1;11,1;3,1,0,0,8,16,0.019097222222222397,0.17302809697151766,2.0384474432327218,37.15000000000003,75.0,50.0,3.0,0.3,400.0
502,synthetic_balanced_empirical_resample,7,70,case2,77,90077,2,11;13,3;5,1,0,0,8,17,0.02152777777777759,0.31875778326226906,2.3897519302925687,42.14999999999974,75.0,50.0,3.0,0.3,400.0
503,synthetic_balanced_empirical_resample,1,64,case2,36,90036,2,3;6,3;6,1,0,0,8,16,0.01597222222222191,0.2397008291693643,1.908837580221002,37.25000000000002,75.0,50.0,3.0,0.3,400.0
504,synthetic_balanced_empirical_resample,5,78,case2,62,90062,2,14;17,6;1,1,0,0,8,15,0.019097222222221953,0.3092729981467165,1.908297896862399,37.25000000000002,75.0,50.0,3.0,0.3,400.0
505,synthetic_balanced_empirical_resample,5,79,case2,62,90062,2,14;17,6;1,1,0,0,8,15,0.019097222222221953,0.3092729981467165,1.908297896862399,37.25000000000002,75.0,50.0,3.0,0.3,400.0
506,synthetic_balanced_empirical_resample,1,65,case2,36,90036,2,3;6,3;6,1,0,0,8,16,0.01597222222222191,0.2397008291693643,1.908837580221002,37.25000000000002,75.0,50.0,3.0,0.3,400.0
507,synthetic_balanced_empirical_resample,2,81,case2,37,90037,2,17;18,1;2,1,1,1,8,18,0.03333333333333359,0.32691434922466295,2.07834381503661,37.350000000000016,37.35,50.0,3.0,0.3,400.0
508,synthetic_balanced_empirical_resample,5,80,case2,62,90062,2,14;17,6;1,1,0,0,8,15,0.019097222222221953,0.3092729981467165,1.908297896862399,37.25000000000002,75.0,50.0,3.0,0.3,400.0
509,synthetic_balanced_empirical_resample,5,81,case2,62,90062,2,14;17,6;1,1,0,0,8,15,0.019097222222221953,0.3092729981467165,1.908297896862399,37.25000000000002,75.0,50.0,3.0,0.3,400.0
510,synthetic_balanced_empirical_resample,2,82,case2,37,90037,2,17;18,1;2,1,1,1,8,18,0.03333333333333359,0.32691434922466295,2.07834381503661,37.350000000000016,37.35,50.0,3.0,0.3,400.0
511,synthetic_balanced_empirical_resample,7,71,case2,77,90077,2,11;13,3;5,1,0,0,8,17,0.02152777777777759,0.31875778326226906,2.3897519302925687,42.14999999999974,75.0,50.0,3.0,0.3,400.0
512,synthetic_balanced_empirical_resample,6,69,case2,64,90064,2,3;6,3;6,1,0,0,8,17,0.019097222222221953,0.25138374872080094,1.9305182697739167,37.25000000000002,75.0,50.0,3.0,0.3,400.0
513,synthetic_balanced_empirical_resample,1,66,case2,36,90036,2,3;6,3;6,1,0,0,8,16,0.01597222222222191,0.2397008291693643,1.908837580221002,37.25000000000002,75.0,50.0,3.0,0.3,400.0
514,synthetic_balanced_empirical_resample,6,70,case2,64,90064,2,3;6,3;6,1,0,0,8,17,0.019097222222221953,0.25138374872080094,1.9305182697739167,37.25000000000002,75.0,50.0,3.0,0.3,400.0
515,synthetic_balanced_empirical_resample,4,78,case2,60,90060,2,1;11,1;3,1,0,0,8,16,0.019097222222222397,0.17302809697151766,2.0384474432327218,37.15000000000003,75.0,50.0,3.0,0.3,400.0
516,synthetic_balanced_empirical_resample,7,72,case2,77,90077,2,11;13,3;5,1,0,0,8,17,0.02152777777777759,0.31875778326226906,2.3897519302925687,42.14999999999974,75.0,50.0,3.0,0.3,400.0
517,synthetic_balanced_empirical_resample,4,79,case2,60,90060,2,1;11,1;3,1,0,0,8,16,0.019097222222222397,0.17302809697151766,2.0384474432327218,37.15000000000003,75.0,50.0,3.0,0.3,400.0
518,synthetic_balanced_empirical_resample,1,67,case2,36,90036,2,3;6,3;6,1,0,0,8,16,0.01597222222222191,0.2397008291693643,1.908837580221002,37.25000000000002,75.0,50.0,3.0,0.3,400.0
519,synthetic_balanced_empirical_resample,7,73,case2,77,90077,2,11;13,3;5,1,0,0,8,17,0.02152777777777759,0.31875778326226906,2.3897519302925687,42.14999999999974,75.0,50.0,3.0,0.3,400.0
520,synthetic_balanced_empirical_resample,5,82,case2,62,90062,2,14;17,6;1,1,0,0,8,15,0.019097222222221953,0.3092729981467165,1.908297896862399,37.25000000000002,75.0,50.0,3.0,0.3,400.0
521,synthetic_balanced_empirical_resample,1,68,case2,36,90036,2,3;6,3;6,1,0,0,8,16,0.01597222222222191,0.2397008291693643,1.908837580221002,37.25000000000002,75.0,50.0,3.0,0.3,400.0
522,synthetic_balanced_empirical_resample,3,68,case2,45,90045,2,11;17,3;1,1,0,0,8,17,0.023958333333333602,0.1888863533708302,1.717771048724971,37.25000000000002,75.0,50.0,3.0,0.3,400.0
523,synthetic_balanced_empirical_resample,1,69,case2,36,90036,2,3;6,3;6,1,0,0,8,16,0.01597222222222191,0.2397008291693643,1.908837580221002,37.25000000000002,75.0,50.0,3.0,0.3,400.0
524,synthetic_balanced_empirical_resample,5,83,case2,62,90062,2,14;17,6;1,1,0,0,8,15,0.019097222222221953,0.3092729981467165,1.908297896862399,37.25000000000002,75.0,50.0,3.0,0.3,400.0
525,synthetic_balanced_empirical_resample,2,83,case2,37,90037,2,17;18,1;2,1,1,1,8,18,0.03333333333333359,0.32691434922466295,2.07834381503661,37.350000000000016,37.35,50.0,3.0,0.3,400.0
526,synthetic_balanced_empirical_resample,4,80,case2,60,90060,2,1;11,1;3,1,0,0,8,16,0.019097222222222397,0.17302809697151766,2.0384474432327218,37.15000000000003,75.0,50.0,3.0,0.3,400.0
527,synthetic_balanced_empirical_resample,7,74,case2,77,90077,2,11;13,3;5,1,0,0,8,17,0.02152777777777759,0.31875778326226906,2.3897519302925687,42.14999999999974,75.0,50.0,3.0,0.3,400.0
528,synthetic_balanced_empirical_resample,1,70,case2,36,90036,2,3;6,3;6,1,0,0,8,16,0.01597222222222191,0.2397008291693643,1.908837580221002,37.25000000000002,75.0,50.0,3.0,0.3,400.0
529,synthetic_balanced_empirical_resample,3,69,case2,45,90045,2,11;17,3;1,1,0,0,8,17,0.023958333333333602,0.1888863533708302,1.717771048724971,37.25000000000002,75.0,50.0,3.0,0.3,400.0
530,synthetic_balanced_empirical_resample,3,70,case2,45,90045,2,11;17,3;1,1,0,0,8,17,0.023958333333333602,0.1888863533708302,1.717771048724971,37.25000000000002,75.0,50.0,3.0,0.3,400.0
531,synthetic_balanced_empirical_resample,4,81,case2,60,90060,2,1;11,1;3,1,0,0,8,16,0.019097222222222397,0.17302809697151766,2.0384474432327218,37.15000000000003,75.0,50.0,3.0,0.3,400.0
532,synthetic_balanced_empirical_resample,6,71,case2,64,90064,2,3;6,3;6,1,0,0,8,17,0.019097222222221953,0.25138374872080094,1.9305182697739167,37.25000000000002,75.0,50.0,3.0,0.3,400.0
533,synthetic_balanced_empirical_resample,6,72,case2,64,90064,2,3;6,3;6,1,0,0,8,17,0.019097222222221953,0.25138374872080094,1.9305182697739167,37.25000000000002,75.0,50.0,3.0,0.3,400.0
534,synthetic_balanced_empirical_resample,6,73,case2,64,90064,2,3;6,3;6,1,0,0,8,17,0.019097222222221953,0.25138374872080094,1.9305182697739167,37.25000000000002,75.0,50.0,3.0,0.3,400.0
535,synthetic_balanced_empirical_resample,3,71,case2,45,90045,2,11;17,3;1,1,0,0,8,17,0.023958333333333602,0.1888863533708302,1.717771048724971,37.25000000000002,75.0,50.0,3.0,0.3,400.0
536,synthetic_balanced_empirical_resample,6,74,case2,64,90064,2,3;6,3;6,1,0,0,8,17,0.019097222222221953,0.25138374872080094,1.9305182697739167,37.25000000000002,75.0,50.0,3.0,0.3,400.0
537,synthetic_balanced_empirical_resample,3,72,case2,45,90045,2,11;17,3;1,1,0,0,8,17,0.023958333333333602,0.1888863533708302,1.717771048724971,37.25000000000002,75.0,50.0,3.0,0.3,400.0
538,synthetic_balanced_empirical_resample,7,75,case2,77,90077,2,11;13,3;5,1,0,0,8,17,0.02152777777777759,0.31875778326226906,2.3897519302925687,42.14999999999974,75.0,50.0,3.0,0.3,400.0
539,synthetic_balanced_empirical_resample,7,76,case2,77,90077,2,11;13,3;5,1,0,0,8,17,0.02152777777777759,0.31875778326226906,2.3897519302925687,42.14999999999974,75.0,50.0,3.0,0.3,400.0
540,synthetic_balanced_empirical_resample,5,84,case2,62,90062,2,14;17,6;1,1,0,0,8,15,0.019097222222221953,0.3092729981467165,1.908297896862399,37.25000000000002,75.0,50.0,3.0,0.3,400.0
541,synthetic_balanced_empirical_resample,1,71,case2,36,90036,2,3;6,3;6,1,0,0,8,16,0.01597222222222191,0.2397008291693643,1.908837580221002,37.25000000000002,75.0,50.0,3.0,0.3,400.0
542,synthetic_balanced_empirical_resample,6,75,case2,64,90064,2,3;6,3;6,1,0,0,8,17,0.019097222222221953,0.25138374872080094,1.9305182697739167,37.25000000000002,75.0,50.0,3.0,0.3,400.0
543,synthetic_balanced_empirical_resample,4,82,case2,60,90060,2,1;11,1;3,1,0,0,8,16,0.019097222222222397,0.17302809697151766,2.0384474432327218,37.15000000000003,75.0,50.0,3.0,0.3,400.0
544,synthetic_balanced_empirical_resample,2,84,case2,37,90037,2,17;18,1;2,1,1,1,8,18,0.03333333333333359,0.32691434922466295,2.07834381503661,37.350000000000016,37.35,50.0,3.0,0.3,400.0
545,synthetic_balanced_empirical_resample,1,72,case2,36,90036,2,3;6,3;6,1,0,0,8,16,0.01597222222222191,0.2397008291693643,1.908837580221002,37.25000000000002,75.0,50.0,3.0,0.3,400.0
546,synthetic_balanced_empirical_resample,1,73,case2,36,90036,2,3;6,3;6,1,0,0,8,16,0.01597222222222191,0.2397008291693643,1.908837580221002,37.25000000000002,75.0,50.0,3.0,0.3,400.0
547,synthetic_balanced_empirical_resample,7,77,case2,77,90077,2,11;13,3;5,1,0,0,8,17,0.02152777777777759,0.31875778326226906,2.3897519302925687,42.14999999999974,75.0,50.0,3.0,0.3,400.0
548,synthetic_balanced_empirical_resample,4,83,case2,60,90060,2,1;11,1;3,1,0,0,8,16,0.019097222222222397,0.17302809697151766,2.0384474432327218,37.15000000000003,75.0,50.0,3.0,0.3,400.0
549,synthetic_balanced_empirical_resample,7,78,case2,77,90077,2,11;13,3;5,1,0,0,8,17,0.02152777777777759,0.31875778326226906,2.3897519302925687,42.14999999999974,75.0,50.0,3.0,0.3,400.0
550,synthetic_balanced_empirical_resample,6,76,case2,64,90064,2,3;6,3;6,1,0,0,8,17,0.019097222222221953,0.25138374872080094,1.9305182697739167,37.25000000000002,75.0,50.0,3.0,0.3,400.0
551,synthetic_balanced_empirical_resample,4,84,case2,60,90060,2,1;11,1;3,1,0,0,8,16,0.019097222222222397,0.17302809697151766,2.0384474432327218,37.15000000000003,75.0,50.0,3.0,0.3,400.0
552,synthetic_balanced_empirical_resample,6,77,case2,64,90064,2,3;6,3;6,1,0,0,8,17,0.019097222222221953,0.25138374872080094,1.9305182697739167,37.25000000000002,75.0,50.0,3.0,0.3,400.0
553,synthetic_balanced_empirical_resample,1,74,case2,36,90036,2,3;6,3;6,1,0,0,8,16,0.01597222222222191,0.2397008291693643,1.908837580221002,37.25000000000002,75.0,50.0,3.0,0.3,400.0
554,synthetic_balanced_empirical_resample,2,85,case2,37,90037,2,17;18,1;2,1,1,1,8,18,0.03333333333333359,0.32691434922466295,2.07834381503661,37.350000000000016,37.35,50.0,3.0,0.3,400.0
555,synthetic_balanced_empirical_resample,4,85,case2,60,90060,2,1;11,1;3,1,0,0,8,16,0.019097222222222397,0.17302809697151766,2.0384474432327218,37.15000000000003,75.0,50.0,3.0,0.3,400.0
556,synthetic_balanced_empirical_resample,2,86,case2,37,90037,2,17;18,1;2,1,1,1,8,18,0.03333333333333359,0.32691434922466295,2.07834381503661,37.350000000000016,37.35,50.0,3.0,0.3,400.0
557,synthetic_balanced_empirical_resample,2,87,case2,37,90037,2,17;18,1;2,1,1,1,8,18,0.03333333333333359,0.32691434922466295,2.07834381503661,37.350000000000016,37.35,50.0,3.0,0.3,400.0
558,synthetic_balanced_empirical_resample,1,75,case2,36,90036,2,3;6,3;6,1,0,0,8,16,0.01597222222222191,0.2397008291693643,1.908837580221002,37.25000000000002,75.0,50.0,3.0,0.3,400.0
559,synthetic_balanced_empirical_resample,4,86,case2,60,90060,2,1;11,1;3,1,0,0,8,16,0.019097222222222397,0.17302809697151766,2.0384474432327218,37.15000000000003,75.0,50.0,3.0,0.3,400.0
560,synthetic_balanced_empirical_resample,2,88,case2,37,90037,2,17;18,1;2,1,1,1,8,18,0.03333333333333359,0.32691434922466295,2.07834381503661,37.350000000000016,37.35,50.0,3.0,0.3,400.0
561,synthetic_balanced_empirical_resample,6,78,case2,64,90064,2,3;6,3;6,1,0,0,8,17,0.019097222222221953,0.25138374872080094,1.9305182697739167,37.25000000000002,75.0,50.0,3.0,0.3,400.0
562,synthetic_balanced_empirical_resample,6,79,case2,64,90064,2,3;6,3;6,1,0,0,8,17,0.019097222222221953,0.25138374872080094,1.9305182697739167,37.25000000000002,75.0,50.0,3.0,0.3,400.0
563,synthetic_balanced_empirical_resample,3,73,case2,45,90045,2,11;17,3;1,1,0,0,8,17,0.023958333333333602,0.1888863533708302,1.717771048724971,37.25000000000002,75.0,50.0,3.0,0.3,400.0
564,synthetic_balanced_empirical_resample,2,89,case2,37,90037,2,17;18,1;2,1,1,1,8,18,0.03333333333333359,0.32691434922466295,2.07834381503661,37.350000000000016,37.35,50.0,3.0,0.3,400.0
565,synthetic_balanced_empirical_resample,5,85,case2,62,90062,2,14;17,6;1,1,0,0,8,15,0.019097222222221953,0.3092729981467165,1.908297896862399,37.25000000000002,75.0,50.0,3.0,0.3,400.0
566,synthetic_balanced_empirical_resample,1,76,case2,36,90036,2,3;6,3;6,1,0,0,8,16,0.01597222222222191,0.2397008291693643,1.908837580221002,37.25000000000002,75.0,50.0,3.0,0.3,400.0
567,synthetic_balanced_empirical_resample,4,87,case2,60,90060,2,1;11,1;3,1,0,0,8,16,0.019097222222222397,0.17302809697151766,2.0384474432327218,37.15000000000003,75.0,50.0,3.0,0.3,400.0
568,synthetic_balanced_empirical_resample,7,79,case2,77,90077,2,11;13,3;5,1,0,0,8,17,0.02152777777777759,0.31875778326226906,2.3897519302925687,42.14999999999974,75.0,50.0,3.0,0.3,400.0
569,synthetic_balanced_empirical_resample,4,88,case2,60,90060,2,1;11,1;3,1,0,0,8,16,0.019097222222222397,0.17302809697151766,2.0384474432327218,37.15000000000003,75.0,50.0,3.0,0.3,400.0
570,synthetic_balanced_empirical_resample,5,86,case2,62,90062,2,14;17,6;1,1,0,0,8,15,0.019097222222221953,0.3092729981467165,1.908297896862399,37.25000000000002,75.0,50.0,3.0,0.3,400.0
571,synthetic_balanced_empirical_resample,2,90,case2,37,90037,2,17;18,1;2,1,1,1,8,18,0.03333333333333359,0.32691434922466295,2.07834381503661,37.350000000000016,37.35,50.0,3.0,0.3,400.0
572,synthetic_balanced_empirical_resample,3,74,case2,45,90045,2,11;17,3;1,1,0,0,8,17,0.023958333333333602,0.1888863533708302,1.717771048724971,37.25000000000002,75.0,50.0,3.0,0.3,400.0
573,synthetic_balanced_empirical_resample,7,80,case2,77,90077,2,11;13,3;5,1,0,0,8,17,0.02152777777777759,0.31875778326226906,2.3897519302925687,42.14999999999974,75.0,50.0,3.0,0.3,400.0
574,synthetic_balanced_empirical_resample,7,81,case2,77,90077,2,11;13,3;5,1,0,0,8,17,0.02152777777777759,0.31875778326226906,2.3897519302925687,42.14999999999974,75.0,50.0,3.0,0.3,400.0
575,synthetic_balanced_empirical_resample,1,77,case2,36,90036,2,3;6,3;6,1,0,0,8,16,0.01597222222222191,0.2397008291693643,1.908837580221002,37.25000000000002,75.0,50.0,3.0,0.3,400.0
576,synthetic_balanced_empirical_resample,6,80,case2,64,90064,2,3;6,3;6,1,0,0,8,17,0.019097222222221953,0.25138374872080094,1.9305182697739167,37.25000000000002,75.0,50.0,3.0,0.3,400.0
577,synthetic_balanced_empirical_resample,1,78,case2,36,90036,2,3;6,3;6,1,0,0,8,16,0.01597222222222191,0.2397008291693643,1.908837580221002,37.25000000000002,75.0,50.0,3.0,0.3,400.0
578,synthetic_balanced_empirical_resample,7,82,case2,77,90077,2,11;13,3;5,1,0,0,8,17,0.02152777777777759,0.31875778326226906,2.3897519302925687,42.14999999999974,75.0,50.0,3.0,0.3,400.0
579,synthetic_balanced_empirical_resample,7,83,case2,77,90077,2,11;13,3;5,1,0,0,8,17,0.02152777777777759,0.31875778326226906,2.3897519302925687,42.14999999999974,75.0,50.0,3.0,0.3,400.0
580,synthetic_balanced_empirical_resample,3,75,case2,45,90045,2,11;17,3;1,1,0,0,8,17,0.023958333333333602,0.1888863533708302,1.717771048724971,37.25000000000002,75.0,50.0,3.0,0.3,400.0
581,synthetic_balanced_empirical_resample,5,87,case2,62,90062,2,14;17,6;1,1,0,0,8,15,0.019097222222221953,0.3092729981467165,1.908297896862399,37.25000000000002,75.0,50.0,3.0,0.3,400.0
582,synthetic_balanced_empirical_resample,4,89,case2,60,90060,2,1;11,1;3,1,0,0,8,16,0.019097222222222397,0.17302809697151766,2.0384474432327218,37.15000000000003,75.0,50.0,3.0,0.3,400.0
583,synthetic_balanced_empirical_resample,1,79,case2,36,90036,2,3;6,3;6,1,0,0,8,16,0.01597222222222191,0.2397008291693643,1.908837580221002,37.25000000000002,75.0,50.0,3.0,0.3,400.0
584,synthetic_balanced_empirical_resample,2,91,case2,37,90037,2,17;18,1;2,1,1,1,8,18,0.03333333333333359,0.32691434922466295,2.07834381503661,37.350000000000016,37.35,50.0,3.0,0.3,400.0
585,synthetic_balanced_empirical_resample,1,80,case2,36,90036,2,3;6,3;6,1,0,0,8,16,0.01597222222222191,0.2397008291693643,1.908837580221002,37.25000000000002,75.0,50.0,3.0,0.3,400.0
586,synthetic_balanced_empirical_resample,4,90,case2,60,90060,2,1;11,1;3,1,0,0,8,16,0.019097222222222397,0.17302809697151766,2.0384474432327218,37.15000000000003,75.0,50.0,3.0,0.3,400.0
587,synthetic_balanced_empirical_resample,4,91,case2,60,90060,2,1;11,1;3,1,0,0,8,16,0.019097222222222397,0.17302809697151766,2.0384474432327218,37.15000000000003,75.0,50.0,3.0,0.3,400.0
588,synthetic_balanced_empirical_resample,7,84,case2,77,90077,2,11;13,3;5,1,0,0,8,17,0.02152777777777759,0.31875778326226906,2.3897519302925687,42.14999999999974,75.0,50.0,3.0,0.3,400.0
589,synthetic_balanced_empirical_resample,5,88,case2,62,90062,2,14;17,6;1,1,0,0,8,15,0.019097222222221953,0.3092729981467165,1.908297896862399,37.25000000000002,75.0,50.0,3.0,0.3,400.0
590,synthetic_balanced_empirical_resample,4,92,case2,60,90060,2,1;11,1;3,1,0,0,8,16,0.019097222222222397,0.17302809697151766,2.0384474432327218,37.15000000000003,75.0,50.0,3.0,0.3,400.0
591,synthetic_balanced_empirical_resample,1,81,case2,36,90036,2,3;6,3;6,1,0,0,8,16,0.01597222222222191,0.2397008291693643,1.908837580221002,37.25000000000002,75.0,50.0,3.0,0.3,400.0
592,synthetic_balanced_empirical_resample,4,93,case2,60,90060,2,1;11,1;3,1,0,0,8,16,0.019097222222222397,0.17302809697151766,2.0384474432327218,37.15000000000003,75.0,50.0,3.0,0.3,400.0
593,synthetic_balanced_empirical_resample,4,94,case2,60,90060,2,1;11,1;3,1,0,0,8,16,0.019097222222222397,0.17302809697151766,2.0384474432327218,37.15000000000003,75.0,50.0,3.0,0.3,400.0
594,synthetic_balanced_empirical_resample,6,81,case2,64,90064,2,3;6,3;6,1,0,0,8,17,0.019097222222221953,0.25138374872080094,1.9305182697739167,37.25000000000002,75.0,50.0,3.0,0.3,400.0
595,synthetic_balanced_empirical_resample,3,76,case2,45,90045,2,11;17,3;1,1,0,0,8,17,0.023958333333333602,0.1888863533708302,1.717771048724971,37.25000000000002,75.0,50.0,3.0,0.3,400.0
596,synthetic_balanced_empirical_resample,1,82,case2,36,90036,2,3;6,3;6,1,0,0,8,16,0.01597222222222191,0.2397008291693643,1.908837580221002,37.25000000000002,75.0,50.0,3.0,0.3,400.0
597,synthetic_balanced_empirical_resample,5,89,case2,62,90062,2,14;17,6;1,1,0,0,8,15,0.019097222222221953,0.3092729981467165,1.908297896862399,37.25000000000002,75.0,50.0,3.0,0.3,400.0
598,synthetic_balanced_empirical_resample,2,92,case2,37,90037,2,17;18,1;2,1,1,1,8,18,0.03333333333333359,0.32691434922466295,2.07834381503661,37.350000000000016,37.35,50.0,3.0,0.3,400.0
599,synthetic_balanced_empirical_resample,3,77,case2,45,90045,2,11;17,3;1,1,0,0,8,17,0.023958333333333602,0.1888863533708302,1.717771048724971,37.25000000000002,75.0,50.0,3.0,0.3,400.0
600,synthetic_balanced_empirical_resample,7,85,case2,77,90077,2,11;13,3;5,1,0,0,8,17,0.02152777777777759,0.31875778326226906,2.3897519302925687,42.14999999999974,75.0,50.0,3.0,0.3,400.0
601,synthetic_balanced_empirical_resample,6,82,case2,64,90064,2,3;6,3;6,1,0,0,8,17,0.019097222222221953,0.25138374872080094,1.9305182697739167,37.25000000000002,75.0,50.0,3.0,0.3,400.0
602,synthetic_balanced_empirical_resample,3,78,case2,45,90045,2,11;17,3;1,1,0,0,8,17,0.023958333333333602,0.1888863533708302,1.717771048724971,37.25000000000002,75.0,50.0,3.0,0.3,400.0
603,synthetic_balanced_empirical_resample,6,83,case2,64,90064,2,3;6,3;6,1,0,0,8,17,0.019097222222221953,0.25138374872080094,1.9305182697739167,37.25000000000002,75.0,50.0,3.0,0.3,400.0
604,synthetic_balanced_empirical_resample,6,84,case2,64,90064,2,3;6,3;6,1,0,0,8,17,0.019097222222221953,0.25138374872080094,1.9305182697739167,37.25000000000002,75.0,50.0,3.0,0.3,400.0
605,synthetic_balanced_empirical_resample,5,90,case2,62,90062,2,14;17,6;1,1,0,0,8,15,0.019097222222221953,0.3092729981467165,1.908297896862399,37.25000000000002,75.0,50.0,3.0,0.3,400.0
606,synthetic_balanced_empirical_resample,6,85,case2,64,90064,2,3;6,3;6,1,0,0,8,17,0.019097222222221953,0.25138374872080094,1.9305182697739167,37.25000000000002,75.0,50.0,3.0,0.3,400.0
607,synthetic_balanced_empirical_resample,3,79,case2,45,90045,2,11;17,3;1,1,0,0,8,17,0.023958333333333602,0.1888863533708302,1.717771048724971,37.25000000000002,75.0,50.0,3.0,0.3,400.0
608,synthetic_balanced_empirical_resample,7,86,case2,77,90077,2,11;13,3;5,1,0,0,8,17,0.02152777777777759,0.31875778326226906,2.3897519302925687,42.14999999999974,75.0,50.0,3.0,0.3,400.0
609,synthetic_balanced_empirical_resample,3,80,case2,45,90045,2,11;17,3;1,1,0,0,8,17,0.023958333333333602,0.1888863533708302,1.717771048724971,37.25000000000002,75.0,50.0,3.0,0.3,400.0
610,synthetic_balanced_empirical_resample,3,81,case2,45,90045,2,11;17,3;1,1,0,0,8,17,0.023958333333333602,0.1888863533708302,1.717771048724971,37.25000000000002,75.0,50.0,3.0,0.3,400.0
611,synthetic_balanced_empirical_resample,4,95,case2,60,90060,2,1;11,1;3,1,0,0,8,16,0.019097222222222397,0.17302809697151766,2.0384474432327218,37.15000000000003,75.0,50.0,3.0,0.3,400.0
612,synthetic_balanced_empirical_resample,2,93,case2,37,90037,2,17;18,1;2,1,1,1,8,18,0.03333333333333359,0.32691434922466295,2.07834381503661,37.350000000000016,37.35,50.0,3.0,0.3,400.0
613,synthetic_balanced_empirical_resample,2,94,case2,37,90037,2,17;18,1;2,1,1,1,8,18,0.03333333333333359,0.32691434922466295,2.07834381503661,37.350000000000016,37.35,50.0,3.0,0.3,400.0
614,synthetic_balanced_empirical_resample,7,87,case2,77,90077,2,11;13,3;5,1,0,0,8,17,0.02152777777777759,0.31875778326226906,2.3897519302925687,42.14999999999974,75.0,50.0,3.0,0.3,400.0
615,synthetic_balanced_empirical_resample,2,95,case2,37,90037,2,17;18,1;2,1,1,1,8,18,0.03333333333333359,0.32691434922466295,2.07834381503661,37.350000000000016,37.35,50.0,3.0,0.3,400.0
616,synthetic_balanced_empirical_resample,2,96,case2,37,90037,2,17;18,1;2,1,1,1,8,18,0.03333333333333359,0.32691434922466295,2.07834381503661,37.350000000000016,37.35,50.0,3.0,0.3,400.0
617,synthetic_balanced_empirical_resample,7,88,case2,77,90077,2,11;13,3;5,1,0,0,8,17,0.02152777777777759,0.31875778326226906,2.3897519302925687,42.14999999999974,75.0,50.0,3.0,0.3,400.0
618,synthetic_balanced_empirical_resample,7,89,case2,77,90077,2,11;13,3;5,1,0,0,8,17,0.02152777777777759,0.31875778326226906,2.3897519302925687,42.14999999999974,75.0,50.0,3.0,0.3,400.0
619,synthetic_balanced_empirical_resample,1,83,case2,36,90036,2,3;6,3;6,1,0,0,8,16,0.01597222222222191,0.2397008291693643,1.908837580221002,37.25000000000002,75.0,50.0,3.0,0.3,400.0
620,synthetic_balanced_empirical_resample,2,97,case2,37,90037,2,17;18,1;2,1,1,1,8,18,0.03333333333333359,0.32691434922466295,2.07834381503661,37.350000000000016,37.35,50.0,3.0,0.3,400.0
621,synthetic_balanced_empirical_resample,7,90,case2,77,90077,2,11;13,3;5,1,0,0,8,17,0.02152777777777759,0.31875778326226906,2.3897519302925687,42.14999999999974,75.0,50.0,3.0,0.3,400.0
622,synthetic_balanced_empirical_resample,1,84,case2,36,90036,2,3;6,3;6,1,0,0,8,16,0.01597222222222191,0.2397008291693643,1.908837580221002,37.25000000000002,75.0,50.0,3.0,0.3,400.0
623,synthetic_balanced_empirical_resample,5,91,case2,62,90062,2,14;17,6;1,1,0,0,8,15,0.019097222222221953,0.3092729981467165,1.908297896862399,37.25000000000002,75.0,50.0,3.0,0.3,400.0
624,synthetic_balanced_empirical_resample,1,85,case2,36,90036,2,3;6,3;6,1,0,0,8,16,0.01597222222222191,0.2397008291693643,1.908837580221002,37.25000000000002,75.0,50.0,3.0,0.3,400.0
625,synthetic_balanced_empirical_resample,1,86,case2,36,90036,2,3;6,3;6,1,0,0,8,16,0.01597222222222191,0.2397008291693643,1.908837580221002,37.25000000000002,75.0,50.0,3.0,0.3,400.0
626,synthetic_balanced_empirical_resample,7,91,case2,77,90077,2,11;13,3;5,1,0,0,8,17,0.02152777777777759,0.31875778326226906,2.3897519302925687,42.14999999999974,75.0,50.0,3.0,0.3,400.0
627,synthetic_balanced_empirical_resample,6,86,case2,64,90064,2,3;6,3;6,1,0,0,8,17,0.019097222222221953,0.25138374872080094,1.9305182697739167,37.25000000000002,75.0,50.0,3.0,0.3,400.0
628,synthetic_balanced_empirical_resample,1,87,case2,36,90036,2,3;6,3;6,1,0,0,8,16,0.01597222222222191,0.2397008291693643,1.908837580221002,37.25000000000002,75.0,50.0,3.0,0.3,400.0
629,synthetic_balanced_empirical_resample,6,87,case2,64,90064,2,3;6,3;6,1,0,0,8,17,0.019097222222221953,0.25138374872080094,1.9305182697739167,37.25000000000002,75.0,50.0,3.0,0.3,400.0
630,synthetic_balanced_empirical_resample,6,88,case2,64,90064,2,3;6,3;6,1,0,0,8,17,0.019097222222221953,0.25138374872080094,1.9305182697739167,37.25000000000002,75.0,50.0,3.0,0.3,400.0
631,synthetic_balanced_empirical_resample,6,89,case2,64,90064,2,3;6,3;6,1,0,0,8,17,0.019097222222221953,0.25138374872080094,1.9305182697739167,37.25000000000002,75.0,50.0,3.0,0.3,400.0
632,synthetic_balanced_empirical_resample,7,92,case2,77,90077,2,11;13,3;5,1,0,0,8,17,0.02152777777777759,0.31875778326226906,2.3897519302925687,42.14999999999974,75.0,50.0,3.0,0.3,400.0
633,synthetic_balanced_empirical_resample,3,82,case2,45,90045,2,11;17,3;1,1,0,0,8,17,0.023958333333333602,0.1888863533708302,1.717771048724971,37.25000000000002,75.0,50.0,3.0,0.3,400.0
634,synthetic_balanced_empirical_resample,4,96,case2,60,90060,2,1;11,1;3,1,0,0,8,16,0.019097222222222397,0.17302809697151766,2.0384474432327218,37.15000000000003,75.0,50.0,3.0,0.3,400.0
635,synthetic_balanced_empirical_resample,6,90,case2,64,90064,2,3;6,3;6,1,0,0,8,17,0.019097222222221953,0.25138374872080094,1.9305182697739167,37.25000000000002,75.0,50.0,3.0,0.3,400.0
636,synthetic_balanced_empirical_resample,1,88,case2,36,90036,2,3;6,3;6,1,0,0,8,16,0.01597222222222191,0.2397008291693643,1.908837580221002,37.25000000000002,75.0,50.0,3.0,0.3,400.0
637,synthetic_balanced_empirical_resample,7,93,case2,77,90077,2,11;13,3;5,1,0,0,8,17,0.02152777777777759,0.31875778326226906,2.3897519302925687,42.14999999999974,75.0,50.0,3.0,0.3,400.0
638,synthetic_balanced_empirical_resample,4,97,case2,60,90060,2,1;11,1;3,1,0,0,8,16,0.019097222222222397,0.17302809697151766,2.0384474432327218,37.15000000000003,75.0,50.0,3.0,0.3,400.0
639,synthetic_balanced_empirical_resample,4,98,case2,60,90060,2,1;11,1;3,1,0,0,8,16,0.019097222222222397,0.17302809697151766,2.0384474432327218,37.15000000000003,75.0,50.0,3.0,0.3,400.0
640,synthetic_balanced_empirical_resample,6,91,case2,64,90064,2,3;6,3;6,1,0,0,8,17,0.019097222222221953,0.25138374872080094,1.9305182697739167,37.25000000000002,75.0,50.0,3.0,0.3,400.0
641,synthetic_balanced_empirical_resample,2,98,case2,37,90037,2,17;18,1;2,1,1,1,8,18,0.03333333333333359,0.32691434922466295,2.07834381503661,37.350000000000016,37.35,50.0,3.0,0.3,400.0
642,synthetic_balanced_empirical_resample,3,83,case2,45,90045,2,11;17,3;1,1,0,0,8,17,0.023958333333333602,0.1888863533708302,1.717771048724971,37.25000000000002,75.0,50.0,3.0,0.3,400.0
643,synthetic_balanced_empirical_resample,4,99,case2,60,90060,2,1;11,1;3,1,0,0,8,16,0.019097222222222397,0.17302809697151766,2.0384474432327218,37.15000000000003,75.0,50.0,3.0,0.3,400.0
644,synthetic_balanced_empirical_resample,3,84,case2,45,90045,2,11;17,3;1,1,0,0,8,17,0.023958333333333602,0.1888863533708302,1.717771048724971,37.25000000000002,75.0,50.0,3.0,0.3,400.0
645,synthetic_balanced_empirical_resample,4,100,case2,60,90060,2,1;11,1;3,1,0,0,8,16,0.019097222222222397,0.17302809697151766,2.0384474432327218,37.15000000000003,75.0,50.0,3.0,0.3,400.0
646,synthetic_balanced_empirical_resample,5,92,case2,62,90062,2,14;17,6;1,1,0,0,8,15,0.019097222222221953,0.3092729981467165,1.908297896862399,37.25000000000002,75.0,50.0,3.0,0.3,400.0
647,synthetic_balanced_empirical_resample,7,94,case2,77,90077,2,11;13,3;5,1,0,0,8,17,0.02152777777777759,0.31875778326226906,2.3897519302925687,42.14999999999974,75.0,50.0,3.0,0.3,400.0
648,synthetic_balanced_empirical_resample,6,92,case2,64,90064,2,3;6,3;6,1,0,0,8,17,0.019097222222221953,0.25138374872080094,1.9305182697739167,37.25000000000002,75.0,50.0,3.0,0.3,400.0
649,synthetic_balanced_empirical_resample,3,85,case2,45,90045,2,11;17,3;1,1,0,0,8,17,0.023958333333333602,0.1888863533708302,1.717771048724971,37.25000000000002,75.0,50.0,3.0,0.3,400.0
650,synthetic_balanced_empirical_resample,6,93,case2,64,90064,2,3;6,3;6,1,0,0,8,17,0.019097222222221953,0.25138374872080094,1.9305182697739167,37.25000000000002,75.0,50.0,3.0,0.3,400.0
651,synthetic_balanced_empirical_resample,7,95,case2,77,90077,2,11;13,3;5,1,0,0,8,17,0.02152777777777759,0.31875778326226906,2.3897519302925687,42.14999999999974,75.0,50.0,3.0,0.3,400.0
652,synthetic_balanced_empirical_resample,1,89,case2,36,90036,2,3;6,3;6,1,0,0,8,16,0.01597222222222191,0.2397008291693643,1.908837580221002,37.25000000000002,75.0,50.0,3.0,0.3,400.0
653,synthetic_balanced_empirical_resample,1,90,case2,36,90036,2,3;6,3;6,1,0,0,8,16,0.01597222222222191,0.2397008291693643,1.908837580221002,37.25000000000002,75.0,50.0,3.0,0.3,400.0
654,synthetic_balanced_empirical_resample,4,101,case2,60,90060,2,1;11,1;3,1,0,0,8,16,0.019097222222222397,0.17302809697151766,2.0384474432327218,37.15000000000003,75.0,50.0,3.0,0.3,400.0
655,synthetic_balanced_empirical_resample,7,96,case2,77,90077,2,11;13,3;5,1,0,0,8,17,0.02152777777777759,0.31875778326226906,2.3897519302925687,42.14999999999974,75.0,50.0,3.0,0.3,400.0
656,synthetic_balanced_empirical_resample,2,99,case2,37,90037,2,17;18,1;2,1,1,1,8,18,0.03333333333333359,0.32691434922466295,2.07834381503661,37.350000000000016,37.35,50.0,3.0,0.3,400.0
657,synthetic_balanced_empirical_resample,1,91,case2,36,90036,2,3;6,3;6,1,0,0,8,16,0.01597222222222191,0.2397008291693643,1.908837580221002,37.25000000000002,75.0,50.0,3.0,0.3,400.0
658,synthetic_balanced_empirical_resample,5,93,case2,62,90062,2,14;17,6;1,1,0,0,8,15,0.019097222222221953,0.3092729981467165,1.908297896862399,37.25000000000002,75.0,50.0,3.0,0.3,400.0
659,synthetic_balanced_empirical_resample,1,92,case2,36,90036,2,3;6,3;6,1,0,0,8,16,0.01597222222222191,0.2397008291693643,1.908837580221002,37.25000000000002,75.0,50.0,3.0,0.3,400.0
660,synthetic_balanced_empirical_resample,1,93,case2,36,90036,2,3;6,3;6,1,0,0,8,16,0.01597222222222191,0.2397008291693643,1.908837580221002,37.25000000000002,75.0,50.0,3.0,0.3,400.0
661,synthetic_balanced_empirical_resample,6,94,case2,64,90064,2,3;6,3;6,1,0,0,8,17,0.019097222222221953,0.25138374872080094,1.9305182697739167,37.25000000000002,75.0,50.0,3.0,0.3,400.0
662,synthetic_balanced_empirical_resample,6,95,case2,64,90064,2,3;6,3;6,1,0,0,8,17,0.019097222222221953,0.25138374872080094,1.9305182697739167,37.25000000000002,75.0,50.0,3.0,0.3,400.0
663,synthetic_balanced_empirical_resample,3,86,case2,45,90045,2,11;17,3;1,1,0,0,8,17,0.023958333333333602,0.1888863533708302,1.717771048724971,37.25000000000002,75.0,50.0,3.0,0.3,400.0
664,synthetic_balanced_empirical_resample,6,96,case2,64,90064,2,3;6,3;6,1,0,0,8,17,0.019097222222221953,0.25138374872080094,1.9305182697739167,37.25000000000002,75.0,50.0,3.0,0.3,400.0
665,synthetic_balanced_empirical_resample,5,94,case2,62,90062,2,14;17,6;1,1,0,0,8,15,0.019097222222221953,0.3092729981467165,1.908297896862399,37.25000000000002,75.0,50.0,3.0,0.3,400.0
666,synthetic_balanced_empirical_resample,3,87,case2,45,90045,2,11;17,3;1,1,0,0,8,17,0.023958333333333602,0.1888863533708302,1.717771048724971,37.25000000000002,75.0,50.0,3.0,0.3,400.0
667,synthetic_balanced_empirical_resample,3,88,case2,45,90045,2,11;17,3;1,1,0,0,8,17,0.023958333333333602,0.1888863533708302,1.717771048724971,37.25000000000002,75.0,50.0,3.0,0.3,400.0
668,synthetic_balanced_empirical_resample,6,97,case2,64,90064,2,3;6,3;6,1,0,0,8,17,0.019097222222221953,0.25138374872080094,1.9305182697739167,37.25000000000002,75.0,50.0,3.0,0.3,400.0
669,synthetic_balanced_empirical_resample,4,102,case2,60,90060,2,1;11,1;3,1,0,0,8,16,0.019097222222222397,0.17302809697151766,2.0384474432327218,37.15000000000003,75.0,50.0,3.0,0.3,400.0
670,synthetic_balanced_empirical_resample,5,95,case2,62,90062,2,14;17,6;1,1,0,0,8,15,0.019097222222221953,0.3092729981467165,1.908297896862399,37.25000000000002,75.0,50.0,3.0,0.3,400.0
671,synthetic_balanced_empirical_resample,6,98,case2,64,90064,2,3;6,3;6,1,0,0,8,17,0.019097222222221953,0.25138374872080094,1.9305182697739167,37.25000000000002,75.0,50.0,3.0,0.3,400.0
672,synthetic_balanced_empirical_resample,6,99,case2,64,90064,2,3;6,3;6,1,0,0,8,17,0.019097222222221953,0.25138374872080094,1.9305182697739167,37.25000000000002,75.0,50.0,3.0,0.3,400.0
673,synthetic_balanced_empirical_resample,5,96,case2,62,90062,2,14;17,6;1,1,0,0,8,15,0.019097222222221953,0.3092729981467165,1.908297896862399,37.25000000000002,75.0,50.0,3.0,0.3,400.0
674,synthetic_balanced_empirical_resample,2,100,case2,37,90037,2,17;18,1;2,1,1,1,8,18,0.03333333333333359,0.32691434922466295,2.07834381503661,37.350000000000016,37.35,50.0,3.0,0.3,400.0
675,synthetic_balanced_empirical_resample,6,100,case2,64,90064,2,3;6,3;6,1,0,0,8,17,0.019097222222221953,0.25138374872080094,1.9305182697739167,37.25000000000002,75.0,50.0,3.0,0.3,400.0
676,synthetic_balanced_empirical_resample,7,97,case2,77,90077,2,11;13,3;5,1,0,0,8,17,0.02152777777777759,0.31875778326226906,2.3897519302925687,42.14999999999974,75.0,50.0,3.0,0.3,400.0
677,synthetic_balanced_empirical_resample,5,97,case2,62,90062,2,14;17,6;1,1,0,0,8,15,0.019097222222221953,0.3092729981467165,1.908297896862399,37.25000000000002,75.0,50.0,3.0,0.3,400.0
678,synthetic_balanced_empirical_resample,3,89,case2,45,90045,2,11;17,3;1,1,0,0,8,17,0.023958333333333602,0.1888863533708302,1.717771048724971,37.25000000000002,75.0,50.0,3.0,0.3,400.0
679,synthetic_balanced_empirical_resample,3,90,case2,45,90045,2,11;17,3;1,1,0,0,8,17,0.023958333333333602,0.1888863533708302,1.717771048724971,37.25000000000002,75.0,50.0,3.0,0.3,400.0
680,synthetic_balanced_empirical_resample,1,94,case2,36,90036,2,3;6,3;6,1,0,0,8,16,0.01597222222222191,0.2397008291693643,1.908837580221002,37.25000000000002,75.0,50.0,3.0,0.3,400.0
681,synthetic_balanced_empirical_resample,7,98,case2,77,90077,2,11;13,3;5,1,0,0,8,17,0.02152777777777759,0.31875778326226906,2.3897519302925687,42.14999999999974,75.0,50.0,3.0,0.3,400.0
682,synthetic_balanced_empirical_resample,3,91,case2,45,90045,2,11;17,3;1,1,0,0,8,17,0.023958333333333602,0.1888863533708302,1.717771048724971,37.25000000000002,75.0,50.0,3.0,0.3,400.0
683,synthetic_balanced_empirical_resample,7,99,case2,77,90077,2,11;13,3;5,1,0,0,8,17,0.02152777777777759,0.31875778326226906,2.3897519302925687,42.14999999999974,75.0,50.0,3.0,0.3,400.0
684,synthetic_balanced_empirical_resample,4,103,case2,60,90060,2,1;11,1;3,1,0,0,8,16,0.019097222222222397,0.17302809697151766,2.0384474432327218,37.15000000000003,75.0,50.0,3.0,0.3,400.0
685,synthetic_balanced_empirical_resample,1,95,case2,36,90036,2,3;6,3;6,1,0,0,8,16,0.01597222222222191,0.2397008291693643,1.908837580221002,37.25000000000002,75.0,50.0,3.0,0.3,400.0
686,synthetic_balanced_empirical_resample,3,92,case2,45,90045,2,11;17,3;1,1,0,0,8,17,0.023958333333333602,0.1888863533708302,1.717771048724971,37.25000000000002,75.0,50.0,3.0,0.3,400.0
687,synthetic_balanced_empirical_resample,4,104,case2,60,90060,2,1;11,1;3,1,0,0,8,16,0.019097222222222397,0.17302809697151766,2.0384474432327218,37.15000000000003,75.0,50.0,3.0,0.3,400.0
688,synthetic_balanced_empirical_resample,3,93,case2,45,90045,2,11;17,3;1,1,0,0,8,17,0.023958333333333602,0.1888863533708302,1.717771048724971,37.25000000000002,75.0,50.0,3.0,0.3,400.0
689,synthetic_balanced_empirical_resample,7,100,case2,77,90077,2,11;13,3;5,1,0,0,8,17,0.02152777777777759,0.31875778326226906,2.3897519302925687,42.14999999999974,75.0,50.0,3.0,0.3,400.0
690,synthetic_balanced_empirical_resample,6,101,case2,64,90064,2,3;6,3;6,1,0,0,8,17,0.019097222222221953,0.25138374872080094,1.9305182697739167,37.25000000000002,75.0,50.0,3.0,0.3,400.0
691,synthetic_balanced_empirical_resample,3,94,case2,45,90045,2,11;17,3;1,1,0,0,8,17,0.023958333333333602,0.1888863533708302,1.717771048724971,37.25000000000002,75.0,50.0,3.0,0.3,400.0
692,synthetic_balanced_empirical_resample,1,96,case2,36,90036,2,3;6,3;6,1,0,0,8,16,0.01597222222222191,0.2397008291693643,1.908837580221002,37.25000000000002,75.0,50.0,3.0,0.3,400.0
693,synthetic_balanced_empirical_resample,5,98,case2,62,90062,2,14;17,6;1,1,0,0,8,15,0.019097222222221953,0.3092729981467165,1.908297896862399,37.25000000000002,75.0,50.0,3.0,0.3,400.0
694,synthetic_balanced_empirical_resample,2,101,case2,37,90037,2,17;18,1;2,1,1,1,8,18,0.03333333333333359,0.32691434922466295,2.07834381503661,37.350000000000016,37.35,50.0,3.0,0.3,400.0
695,synthetic_balanced_empirical_resample,6,102,case2,64,90064,2,3;6,3;6,1,0,0,8,17,0.019097222222221953,0.25138374872080094,1.9305182697739167,37.25000000000002,75.0,50.0,3.0,0.3,400.0
696,synthetic_balanced_empirical_resample,5,99,case2,62,90062,2,14;17,6;1,1,0,0,8,15,0.019097222222221953,0.3092729981467165,1.908297896862399,37.25000000000002,75.0,50.0,3.0,0.3,400.0
697,synthetic_balanced_empirical_resample,3,95,case2,45,90045,2,11;17,3;1,1,0,0,8,17,0.023958333333333602,0.1888863533708302,1.717771048724971,37.25000000000002,75.0,50.0,3.0,0.3,400.0
698,synthetic_balanced_empirical_resample,2,102,case2,37,90037,2,17;18,1;2,1,1,1,8,18,0.03333333333333359,0.32691434922466295,2.07834381503661,37.350000000000016,37.35,50.0,3.0,0.3,400.0
699,synthetic_balanced_empirical_resample,6,103,case2,64,90064,2,3;6,3;6,1,0,0,8,17,0.019097222222221953,0.25138374872080094,1.9305182697739167,37.25000000000002,75.0,50.0,3.0,0.3,400.0
700,synthetic_balanced_empirical_resample,1,97,case2,36,90036,2,3;6,3;6,1,0,0,8,16,0.01597222222222191,0.2397008291693643,1.908837580221002,37.25000000000002,75.0,50.0,3.0,0.3,400.0
701,synthetic_balanced_empirical_resample,6,104,case2,64,90064,2,3;6,3;6,1,0,0,8,17,0.019097222222221953,0.25138374872080094,1.9305182697739167,37.25000000000002,75.0,50.0,3.0,0.3,400.0
702,synthetic_balanced_empirical_resample,4,105,case2,60,90060,2,1;11,1;3,1,0,0,8,16,0.019097222222222397,0.17302809697151766,2.0384474432327218,37.15000000000003,75.0,50.0,3.0,0.3,400.0
703,synthetic_balanced_empirical_resample,7,101,case2,77,90077,2,11;13,3;5,1,0,0,8,17,0.02152777777777759,0.31875778326226906,2.3897519302925687,42.14999999999974,75.0,50.0,3.0,0.3,400.0
704,synthetic_balanced_empirical_resample,1,98,case2,36,90036,2,3;6,3;6,1,0,0,8,16,0.01597222222222191,0.2397008291693643,1.908837580221002,37.25000000000002,75.0,50.0,3.0,0.3,400.0
705,synthetic_balanced_empirical_resample,3,96,case2,45,90045,2,11;17,3;1,1,0,0,8,17,0.023958333333333602,0.1888863533708302,1.717771048724971,37.25000000000002,75.0,50.0,3.0,0.3,400.0
706,synthetic_balanced_empirical_resample,4,106,case2,60,90060,2,1;11,1;3,1,0,0,8,16,0.019097222222222397,0.17302809697151766,2.0384474432327218,37.15000000000003,75.0,50.0,3.0,0.3,400.0
707,synthetic_balanced_empirical_resample,1,99,case2,36,90036,2,3;6,3;6,1,0,0,8,16,0.01597222222222191,0.2397008291693643,1.908837580221002,37.25000000000002,75.0,50.0,3.0,0.3,400.0
708,synthetic_balanced_empirical_resample,7,102,case2,77,90077,2,11;13,3;5,1,0,0,8,17,0.02152777777777759,0.31875778326226906,2.3897519302925687,42.14999999999974,75.0,50.0,3.0,0.3,400.0
709,synthetic_balanced_empirical_resample,4,107,case2,60,90060,2,1;11,1;3,1,0,0,8,16,0.019097222222222397,0.17302809697151766,2.0384474432327218,37.15000000000003,75.0,50.0,3.0,0.3,400.0
710,synthetic_balanced_empirical_resample,2,103,case2,37,90037,2,17;18,1;2,1,1,1,8,18,0.03333333333333359,0.32691434922466295,2.07834381503661,37.350000000000016,37.35,50.0,3.0,0.3,400.0
711,synthetic_balanced_empirical_resample,5,100,case2,62,90062,2,14;17,6;1,1,0,0,8,15,0.019097222222221953,0.3092729981467165,1.908297896862399,37.25000000000002,75.0,50.0,3.0,0.3,400.0
712,synthetic_balanced_empirical_resample,3,97,case2,45,90045,2,11;17,3;1,1,0,0,8,17,0.023958333333333602,0.1888863533708302,1.717771048724971,37.25000000000002,75.0,50.0,3.0,0.3,400.0
713,synthetic_balanced_empirical_resample,5,101,case2,62,90062,2,14;17,6;1,1,0,0,8,15,0.019097222222221953,0.3092729981467165,1.908297896862399,37.25000000000002,75.0,50.0,3.0,0.3,400.0
714,synthetic_balanced_empirical_resample,1,100,case2,36,90036,2,3;6,3;6,1,0,0,8,16,0.01597222222222191,0.2397008291693643,1.908837580221002,37.25000000000002,75.0,50.0,3.0,0.3,400.0
715,synthetic_balanced_empirical_resample,3,98,case2,45,90045,2,11;17,3;1,1,0,0,8,17,0.023958333333333602,0.1888863533708302,1.717771048724971,37.25000000000002,75.0,50.0,3.0,0.3,400.0
716,synthetic_balanced_empirical_resample,2,104,case2,37,90037,2,17;18,1;2,1,1,1,8,18,0.03333333333333359,0.32691434922466295,2.07834381503661,37.350000000000016,37.35,50.0,3.0,0.3,400.0
717,synthetic_balanced_empirical_resample,3,99,case2,45,90045,2,11;17,3;1,1,0,0,8,17,0.023958333333333602,0.1888863533708302,1.717771048724971,37.25000000000002,75.0,50.0,3.0,0.3,400.0
718,synthetic_balanced_empirical_resample,5,102,case2,62,90062,2,14;17,6;1,1,0,0,8,15,0.019097222222221953,0.3092729981467165,1.908297896862399,37.25000000000002,75.0,50.0,3.0,0.3,400.0
719,synthetic_balanced_empirical_resample,2,105,case2,37,90037,2,17;18,1;2,1,1,1,8,18,0.03333333333333359,0.32691434922466295,2.07834381503661,37.350000000000016,37.35,50.0,3.0,0.3,400.0
720,synthetic_balanced_empirical_resample,3,100,case2,45,90045,2,11;17,3;1,1,0,0,8,17,0.023958333333333602,0.1888863533708302,1.717771048724971,37.25000000000002,75.0,50.0,3.0,0.3,400.0
721,synthetic_balanced_empirical_resample,3,101,case2,45,90045,2,11;17,3;1,1,0,0,8,17,0.023958333333333602,0.1888863533708302,1.717771048724971,37.25000000000002,75.0,50.0,3.0,0.3,400.0
722,synthetic_balanced_empirical_resample,7,103,case2,77,90077,2,11;13,3;5,1,0,0,8,17,0.02152777777777759,0.31875778326226906,2.3897519302925687,42.14999999999974,75.0,50.0,3.0,0.3,400.0
723,synthetic_balanced_empirical_resample,5,103,case2,62,90062,2,14;17,6;1,1,0,0,8,15,0.019097222222221953,0.3092729981467165,1.908297896862399,37.25000000000002,75.0,50.0,3.0,0.3,400.0
724,synthetic_balanced_empirical_resample,5,104,case2,62,90062,2,14;17,6;1,1,0,0,8,15,0.019097222222221953,0.3092729981467165,1.908297896862399,37.25000000000002,75.0,50.0,3.0,0.3,400.0
725,synthetic_balanced_empirical_resample,1,101,case2,36,90036,2,3;6,3;6,1,0,0,8,16,0.01597222222222191,0.2397008291693643,1.908837580221002,37.25000000000002,75.0,50.0,3.0,0.3,400.0
726,synthetic_balanced_empirical_resample,4,108,case2,60,90060,2,1;11,1;3,1,0,0,8,16,0.019097222222222397,0.17302809697151766,2.0384474432327218,37.15000000000003,75.0,50.0,3.0,0.3,400.0
727,synthetic_balanced_empirical_resample,1,102,case2,36,90036,2,3;6,3;6,1,0,0,8,16,0.01597222222222191,0.2397008291693643,1.908837580221002,37.25000000000002,75.0,50.0,3.0,0.3,400.0
728,synthetic_balanced_empirical_resample,7,104,case2,77,90077,2,11;13,3;5,1,0,0,8,17,0.02152777777777759,0.31875778326226906,2.3897519302925687,42.14999999999974,75.0,50.0,3.0,0.3,400.0
729,synthetic_balanced_empirical_resample,6,105,case2,64,90064,2,3;6,3;6,1,0,0,8,17,0.019097222222221953,0.25138374872080094,1.9305182697739167,37.25000000000002,75.0,50.0,3.0,0.3,400.0
730,synthetic_balanced_empirical_resample,1,103,case2,36,90036,2,3;6,3;6,1,0,0,8,16,0.01597222222222191,0.2397008291693643,1.908837580221002,37.25000000000002,75.0,50.0,3.0,0.3,400.0
731,synthetic_balanced_empirical_resample,3,102,case2,45,90045,2,11;17,3;1,1,0,0,8,17,0.023958333333333602,0.1888863533708302,1.717771048724971,37.25000000000002,75.0,50.0,3.0,0.3,400.0
732,synthetic_balanced_empirical_resample,5,105,case2,62,90062,2,14;17,6;1,1,0,0,8,15,0.019097222222221953,0.3092729981467165,1.908297896862399,37.25000000000002,75.0,50.0,3.0,0.3,400.0
733,synthetic_balanced_empirical_resample,3,103,case2,45,90045,2,11;17,3;1,1,0,0,8,17,0.023958333333333602,0.1888863533708302,1.717771048724971,37.25000000000002,75.0,50.0,3.0,0.3,400.0
734,synthetic_balanced_empirical_resample,4,109,case2,60,90060,2,1;11,1;3,1,0,0,8,16,0.019097222222222397,0.17302809697151766,2.0384474432327218,37.15000000000003,75.0,50.0,3.0,0.3,400.0
735,synthetic_balanced_empirical_resample,6,106,case2,64,90064,2,3;6,3;6,1,0,0,8,17,0.019097222222221953,0.25138374872080094,1.9305182697739167,37.25000000000002,75.0,50.0,3.0,0.3,400.0
736,synthetic_balanced_empirical_resample,7,105,case2,77,90077,2,11;13,3;5,1,0,0,8,17,0.02152777777777759,0.31875778326226906,2.3897519302925687,42.14999999999974,75.0,50.0,3.0,0.3,400.0
737,synthetic_balanced_empirical_resample,5,106,case2,62,90062,2,14;17,6;1,1,0,0,8,15,0.019097222222221953,0.3092729981467165,1.908297896862399,37.25000000000002,75.0,50.0,3.0,0.3,400.0
738,synthetic_balanced_empirical_resample,1,104,case2,36,90036,2,3;6,3;6,1,0,0,8,16,0.01597222222222191,0.2397008291693643,1.908837580221002,37.25000000000002,75.0,50.0,3.0,0.3,400.0
739,synthetic_balanced_empirical_resample,6,107,case2,64,90064,2,3;6,3;6,1,0,0,8,17,0.019097222222221953,0.25138374872080094,1.9305182697739167,37.25000000000002,75.0,50.0,3.0,0.3,400.0
740,synthetic_balanced_empirical_resample,7,106,case2,77,90077,2,11;13,3;5,1,0,0,8,17,0.02152777777777759,0.31875778326226906,2.3897519302925687,42.14999999999974,75.0,50.0,3.0,0.3,400.0
741,synthetic_balanced_empirical_resample,5,107,case2,62,90062,2,14;17,6;1,1,0,0,8,15,0.019097222222221953,0.3092729981467165,1.908297896862399,37.25000000000002,75.0,50.0,3.0,0.3,400.0
742,synthetic_balanced_empirical_resample,2,106,case2,37,90037,2,17;18,1;2,1,1,1,8,18,0.03333333333333359,0.32691434922466295,2.07834381503661,37.350000000000016,37.35,50.0,3.0,0.3,400.0
743,synthetic_balanced_empirical_resample,3,104,case2,45,90045,2,11;17,3;1,1,0,0,8,17,0.023958333333333602,0.1888863533708302,1.717771048724971,37.25000000000002,75.0,50.0,3.0,0.3,400.0
744,synthetic_balanced_empirical_resample,4,110,case2,60,90060,2,1;11,1;3,1,0,0,8,16,0.019097222222222397,0.17302809697151766,2.0384474432327218,37.15000000000003,75.0,50.0,3.0,0.3,400.0
745,synthetic_balanced_empirical_resample,1,105,case2,36,90036,2,3;6,3;6,1,0,0,8,16,0.01597222222222191,0.2397008291693643,1.908837580221002,37.25000000000002,75.0,50.0,3.0,0.3,400.0
746,synthetic_balanced_empirical_resample,3,105,case2,45,90045,2,11;17,3;1,1,0,0,8,17,0.023958333333333602,0.1888863533708302,1.717771048724971,37.25000000000002,75.0,50.0,3.0,0.3,400.0
747,synthetic_balanced_empirical_resample,1,106,case2,36,90036,2,3;6,3;6,1,0,0,8,16,0.01597222222222191,0.2397008291693643,1.908837580221002,37.25000000000002,75.0,50.0,3.0,0.3,400.0
748,synthetic_balanced_empirical_resample,2,107,case2,37,90037,2,17;18,1;2,1,1,1,8,18,0.03333333333333359,0.32691434922466295,2.07834381503661,37.350000000000016,37.35,50.0,3.0,0.3,400.0
749,synthetic_balanced_empirical_resample,6,108,case2,64,90064,2,3;6,3;6,1,0,0,8,17,0.019097222222221953,0.25138374872080094,1.9305182697739167,37.25000000000002,75.0,50.0,3.0,0.3,400.0
750,synthetic_balanced_empirical_resample,3,106,case2,45,90045,2,11;17,3;1,1,0,0,8,17,0.023958333333333602,0.1888863533708302,1.717771048724971,37.25000000000002,75.0,50.0,3.0,0.3,400.0
751,synthetic_balanced_empirical_resample,5,108,case2,62,90062,2,14;17,6;1,1,0,0,8,15,0.019097222222221953,0.3092729981467165,1.908297896862399,37.25000000000002,75.0,50.0,3.0,0.3,400.0
752,synthetic_balanced_empirical_resample,7,107,case2,77,90077,2,11;13,3;5,1,0,0,8,17,0.02152777777777759,0.31875778326226906,2.3897519302925687,42.14999999999974,75.0,50.0,3.0,0.3,400.0
753,synthetic_balanced_empirical_resample,6,109,case2,64,90064,2,3;6,3;6,1,0,0,8,17,0.019097222222221953,0.25138374872080094,1.9305182697739167,37.25000000000002,75.0,50.0,3.0,0.3,400.0
754,synthetic_balanced_empirical_resample,6,110,case2,64,90064,2,3;6,3;6,1,0,0,8,17,0.019097222222221953,0.25138374872080094,1.9305182697739167,37.25000000000002,75.0,50.0,3.0,0.3,400.0
755,synthetic_balanced_empirical_resample,4,111,case2,60,90060,2,1;11,1;3,1,0,0,8,16,0.019097222222222397,0.17302809697151766,2.0384474432327218,37.15000000000003,75.0,50.0,3.0,0.3,400.0
756,synthetic_balanced_empirical_resample,1,107,case2,36,90036,2,3;6,3;6,1,0,0,8,16,0.01597222222222191,0.2397008291693643,1.908837580221002,37.25000000000002,75.0,50.0,3.0,0.3,400.0
757,synthetic_balanced_empirical_resample,5,109,case2,62,90062,2,14;17,6;1,1,0,0,8,15,0.019097222222221953,0.3092729981467165,1.908297896862399,37.25000000000002,75.0,50.0,3.0,0.3,400.0
758,synthetic_balanced_empirical_resample,6,111,case2,64,90064,2,3;6,3;6,1,0,0,8,17,0.019097222222221953,0.25138374872080094,1.9305182697739167,37.25000000000002,75.0,50.0,3.0,0.3,400.0
759,synthetic_balanced_empirical_resample,7,108,case2,77,90077,2,11;13,3;5,1,0,0,8,17,0.02152777777777759,0.31875778326226906,2.3897519302925687,42.14999999999974,75.0,50.0,3.0,0.3,400.0
760,synthetic_balanced_empirical_resample,1,108,case2,36,90036,2,3;6,3;6,1,0,0,8,16,0.01597222222222191,0.2397008291693643,1.908837580221002,37.25000000000002,75.0,50.0,3.0,0.3,400.0
761,synthetic_balanced_empirical_resample,1,109,case2,36,90036,2,3;6,3;6,1,0,0,8,16,0.01597222222222191,0.2397008291693643,1.908837580221002,37.25000000000002,75.0,50.0,3.0,0.3,400.0
762,synthetic_balanced_empirical_resample,2,108,case2,37,90037,2,17;18,1;2,1,1,1,8,18,0.03333333333333359,0.32691434922466295,2.07834381503661,37.350000000000016,37.35,50.0,3.0,0.3,400.0
763,synthetic_balanced_empirical_resample,6,112,case2,64,90064,2,3;6,3;6,1,0,0,8,17,0.019097222222221953,0.25138374872080094,1.9305182697739167,37.25000000000002,75.0,50.0,3.0,0.3,400.0
764,synthetic_balanced_empirical_resample,1,110,case2,36,90036,2,3;6,3;6,1,0,0,8,16,0.01597222222222191,0.2397008291693643,1.908837580221002,37.25000000000002,75.0,50.0,3.0,0.3,400.0
765,synthetic_balanced_empirical_resample,3,107,case2,45,90045,2,11;17,3;1,1,0,0,8,17,0.023958333333333602,0.1888863533708302,1.717771048724971,37.25000000000002,75.0,50.0,3.0,0.3,400.0
766,synthetic_balanced_empirical_resample,5,110,case2,62,90062,2,14;17,6;1,1,0,0,8,15,0.019097222222221953,0.3092729981467165,1.908297896862399,37.25000000000002,75.0,50.0,3.0,0.3,400.0
767,synthetic_balanced_empirical_resample,6,113,case2,64,90064,2,3;6,3;6,1,0,0,8,17,0.019097222222221953,0.25138374872080094,1.9305182697739167,37.25000000000002,75.0,50.0,3.0,0.3,400.0
768,synthetic_balanced_empirical_resample,2,109,case2,37,90037,2,17;18,1;2,1,1,1,8,18,0.03333333333333359,0.32691434922466295,2.07834381503661,37.350000000000016,37.35,50.0,3.0,0.3,400.0
769,synthetic_balanced_empirical_resample,5,111,case2,62,90062,2,14;17,6;1,1,0,0,8,15,0.019097222222221953,0.3092729981467165,1.908297896862399,37.25000000000002,75.0,50.0,3.0,0.3,400.0
770,synthetic_balanced_empirical_resample,1,111,case2,36,90036,2,3;6,3;6,1,0,0,8,16,0.01597222222222191,0.2397008291693643,1.908837580221002,37.25000000000002,75.0,50.0,3.0,0.3,400.0
771,synthetic_balanced_empirical_resample,4,112,case2,60,90060,2,1;11,1;3,1,0,0,8,16,0.019097222222222397,0.17302809697151766,2.0384474432327218,37.15000000000003,75.0,50.0,3.0,0.3,400.0
772,synthetic_balanced_empirical_resample,3,108,case2,45,90045,2,11;17,3;1,1,0,0,8,17,0.023958333333333602,0.1888863533708302,1.717771048724971,37.25000000000002,75.0,50.0,3.0,0.3,400.0
773,synthetic_balanced_empirical_resample,7,109,case2,77,90077,2,11;13,3;5,1,0,0,8,17,0.02152777777777759,0.31875778326226906,2.3897519302925687,42.14999999999974,75.0,50.0,3.0,0.3,400.0
774,synthetic_balanced_empirical_resample,6,114,case2,64,90064,2,3;6,3;6,1,0,0,8,17,0.019097222222221953,0.25138374872080094,1.9305182697739167,37.25000000000002,75.0,50.0,3.0,0.3,400.0
775,synthetic_balanced_empirical_resample,3,109,case2,45,90045,2,11;17,3;1,1,0,0,8,17,0.023958333333333602,0.1888863533708302,1.717771048724971,37.25000000000002,75.0,50.0,3.0,0.3,400.0
776,synthetic_balanced_empirical_resample,5,112,case2,62,90062,2,14;17,6;1,1,0,0,8,15,0.019097222222221953,0.3092729981467165,1.908297896862399,37.25000000000002,75.0,50.0,3.0,0.3,400.0
777,synthetic_balanced_empirical_resample,7,110,case2,77,90077,2,11;13,3;5,1,0,0,8,17,0.02152777777777759,0.31875778326226906,2.3897519302925687,42.14999999999974,75.0,50.0,3.0,0.3,400.0
778,synthetic_balanced_empirical_resample,5,113,case2,62,90062,2,14;17,6;1,1,0,0,8,15,0.019097222222221953,0.3092729981467165,1.908297896862399,37.25000000000002,75.0,50.0,3.0,0.3,400.0
779,synthetic_balanced_empirical_resample,6,115,case2,64,90064,2,3;6,3;6,1,0,0,8,17,0.019097222222221953,0.25138374872080094,1.9305182697739167,37.25000000000002,75.0,50.0,3.0,0.3,400.0
780,synthetic_balanced_empirical_resample,2,110,case2,37,90037,2,17;18,1;2,1,1,1,8,18,0.03333333333333359,0.32691434922466295,2.07834381503661,37.350000000000016,37.35,50.0,3.0,0.3,400.0
781,synthetic_balanced_empirical_resample,4,113,case2,60,90060,2,1;11,1;3,1,0,0,8,16,0.019097222222222397,0.17302809697151766,2.0384474432327218,37.15000000000003,75.0,50.0,3.0,0.3,400.0
782,synthetic_balanced_empirical_resample,7,111,case2,77,90077,2,11;13,3;5,1,0,0,8,17,0.02152777777777759,0.31875778326226906,2.3897519302925687,42.14999999999974,75.0,50.0,3.0,0.3,400.0
783,synthetic_balanced_empirical_resample,1,112,case2,36,90036,2,3;6,3;6,1,0,0,8,16,0.01597222222222191,0.2397008291693643,1.908837580221002,37.25000000000002,75.0,50.0,3.0,0.3,400.0
784,synthetic_balanced_empirical_resample,1,113,case2,36,90036,2,3;6,3;6,1,0,0,8,16,0.01597222222222191,0.2397008291693643,1.908837580221002,37.25000000000002,75.0,50.0,3.0,0.3,400.0
785,synthetic_balanced_empirical_resample,7,112,case2,77,90077,2,11;13,3;5,1,0,0,8,17,0.02152777777777759,0.31875778326226906,2.3897519302925687,42.14999999999974,75.0,50.0,3.0,0.3,400.0
786,synthetic_balanced_empirical_resample,7,113,case2,77,90077,2,11;13,3;5,1,0,0,8,17,0.02152777777777759,0.31875778326226906,2.3897519302925687,42.14999999999974,75.0,50.0,3.0,0.3,400.0
787,synthetic_balanced_empirical_resample,5,114,case2,62,90062,2,14;17,6;1,1,0,0,8,15,0.019097222222221953,0.3092729981467165,1.908297896862399,37.25000000000002,75.0,50.0,3.0,0.3,400.0
788,synthetic_balanced_empirical_resample,2,111,case2,37,90037,2,17;18,1;2,1,1,1,8,18,0.03333333333333359,0.32691434922466295,2.07834381503661,37.350000000000016,37.35,50.0,3.0,0.3,400.0
789,synthetic_balanced_empirical_resample,5,115,case2,62,90062,2,14;17,6;1,1,0,0,8,15,0.019097222222221953,0.3092729981467165,1.908297896862399,37.25000000000002,75.0,50.0,3.0,0.3,400.0
790,synthetic_balanced_empirical_resample,4,114,case2,60,90060,2,1;11,1;3,1,0,0,8,16,0.019097222222222397,0.17302809697151766,2.0384474432327218,37.15000000000003,75.0,50.0,3.0,0.3,400.0
791,synthetic_balanced_empirical_resample,2,112,case2,37,90037,2,17;18,1;2,1,1,1,8,18,0.03333333333333359,0.32691434922466295,2.07834381503661,37.350000000000016,37.35,50.0,3.0,0.3,400.0
792,synthetic_balanced_empirical_resample,2,113,case2,37,90037,2,17;18,1;2,1,1,1,8,18,0.03333333333333359,0.32691434922466295,2.07834381503661,37.350000000000016,37.35,50.0,3.0,0.3,400.0
793,synthetic_balanced_empirical_resample,4,115,case2,60,90060,2,1;11,1;3,1,0,0,8,16,0.019097222222222397,0.17302809697151766,2.0384474432327218,37.15000000000003,75.0,50.0,3.0,0.3,400.0
794,synthetic_balanced_empirical_resample,6,116,case2,64,90064,2,3;6,3;6,1,0,0,8,17,0.019097222222221953,0.25138374872080094,1.9305182697739167,37.25000000000002,75.0,50.0,3.0,0.3,400.0
795,synthetic_balanced_empirical_resample,2,114,case2,37,90037,2,17;18,1;2,1,1,1,8,18,0.03333333333333359,0.32691434922466295,2.07834381503661,37.350000000000016,37.35,50.0,3.0,0.3,400.0
796,synthetic_balanced_empirical_resample,5,116,case2,62,90062,2,14;17,6;1,1,0,0,8,15,0.019097222222221953,0.3092729981467165,1.908297896862399,37.25000000000002,75.0,50.0,3.0,0.3,400.0
797,synthetic_balanced_empirical_resample,7,114,case2,77,90077,2,11;13,3;5,1,0,0,8,17,0.02152777777777759,0.31875778326226906,2.3897519302925687,42.14999999999974,75.0,50.0,3.0,0.3,400.0
798,synthetic_balanced_empirical_resample,6,117,case2,64,90064,2,3;6,3;6,1,0,0,8,17,0.019097222222221953,0.25138374872080094,1.9305182697739167,37.25000000000002,75.0,50.0,3.0,0.3,400.0
799,synthetic_balanced_empirical_resample,1,114,case2,36,90036,2,3;6,3;6,1,0,0,8,16,0.01597222222222191,0.2397008291693643,1.908837580221002,37.25000000000002,75.0,50.0,3.0,0.3,400.0
800,synthetic_balanced_empirical_resample,2,115,case2,37,90037,2,17;18,1;2,1,1,1,8,18,0.03333333333333359,0.32691434922466295,2.07834381503661,37.350000000000016,37.35,50.0,3.0,0.3,400.0
801,synthetic_balanced_empirical_resample,3,110,case2,45,90045,2,11;17,3;1,1,0,0,8,17,0.023958333333333602,0.1888863533708302,1.717771048724971,37.25000000000002,75.0,50.0,3.0,0.3,400.0
802,synthetic_balanced_empirical_resample,3,111,case2,45,90045,2,11;17,3;1,1,0,0,8,17,0.023958333333333602,0.1888863533708302,1.717771048724971,37.25000000000002,75.0,50.0,3.0,0.3,400.0
803,synthetic_balanced_empirical_resample,3,112,case2,45,90045,2,11;17,3;1,1,0,0,8,17,0.023958333333333602,0.1888863533708302,1.717771048724971,37.25000000000002,75.0,50.0,3.0,0.3,400.0
804,synthetic_balanced_empirical_resample,6,118,case2,64,90064,2,3;6,3;6,1,0,0,8,17,0.019097222222221953,0.25138374872080094,1.9305182697739167,37.25000000000002,75.0,50.0,3.0,0.3,400.0
805,synthetic_balanced_empirical_resample,7,115,case2,77,90077,2,11;13,3;5,1,0,0,8,17,0.02152777777777759,0.31875778326226906,2.3897519302925687,42.14999999999974,75.0,50.0,3.0,0.3,400.0
806,synthetic_balanced_empirical_resample,6,119,case2,64,90064,2,3;6,3;6,1,0,0,8,17,0.019097222222221953,0.25138374872080094,1.9305182697739167,37.25000000000002,75.0,50.0,3.0,0.3,400.0
807,synthetic_balanced_empirical_resample,1,115,case2,36,90036,2,3;6,3;6,1,0,0,8,16,0.01597222222222191,0.2397008291693643,1.908837580221002,37.25000000000002,75.0,50.0,3.0,0.3,400.0
808,synthetic_balanced_empirical_resample,3,113,case2,45,90045,2,11;17,3;1,1,0,0,8,17,0.023958333333333602,0.1888863533708302,1.717771048724971,37.25000000000002,75.0,50.0,3.0,0.3,400.0
809,synthetic_balanced_empirical_resample,7,116,case2,77,90077,2,11;13,3;5,1,0,0,8,17,0.02152777777777759,0.31875778326226906,2.3897519302925687,42.14999999999974,75.0,50.0,3.0,0.3,400.0
810,synthetic_balanced_empirical_resample,3,114,case2,45,90045,2,11;17,3;1,1,0,0,8,17,0.023958333333333602,0.1888863533708302,1.717771048724971,37.25000000000002,75.0,50.0,3.0,0.3,400.0
811,synthetic_balanced_empirical_resample,5,117,case2,62,90062,2,14;17,6;1,1,0,0,8,15,0.019097222222221953,0.3092729981467165,1.908297896862399,37.25000000000002,75.0,50.0,3.0,0.3,400.0
812,synthetic_balanced_empirical_resample,7,117,case2,77,90077,2,11;13,3;5,1,0,0,8,17,0.02152777777777759,0.31875778326226906,2.3897519302925687,42.14999999999974,75.0,50.0,3.0,0.3,400.0
813,synthetic_balanced_empirical_resample,3,115,case2,45,90045,2,11;17,3;1,1,0,0,8,17,0.023958333333333602,0.1888863533708302,1.717771048724971,37.25000000000002,75.0,50.0,3.0,0.3,400.0
814,synthetic_balanced_empirical_resample,5,118,case2,62,90062,2,14;17,6;1,1,0,0,8,15,0.019097222222221953,0.3092729981467165,1.908297896862399,37.25000000000002,75.0,50.0,3.0,0.3,400.0
815,synthetic_balanced_empirical_resample,4,116,case2,60,90060,2,1;11,1;3,1,0,0,8,16,0.019097222222222397,0.17302809697151766,2.0384474432327218,37.15000000000003,75.0,50.0,3.0,0.3,400.0
816,synthetic_balanced_empirical_resample,7,118,case2,77,90077,2,11;13,3;5,1,0,0,8,17,0.02152777777777759,0.31875778326226906,2.3897519302925687,42.14999999999974,75.0,50.0,3.0,0.3,400.0
817,synthetic_balanced_empirical_resample,7,119,case2,77,90077,2,11;13,3;5,1,0,0,8,17,0.02152777777777759,0.31875778326226906,2.3897519302925687,42.14999999999974,75.0,50.0,3.0,0.3,400.0
818,synthetic_balanced_empirical_resample,2,116,case2,37,90037,2,17;18,1;2,1,1,1,8,18,0.03333333333333359,0.32691434922466295,2.07834381503661,37.350000000000016,37.35,50.0,3.0,0.3,400.0
819,synthetic_balanced_empirical_resample,2,117,case2,37,90037,2,17;18,1;2,1,1,1,8,18,0.03333333333333359,0.32691434922466295,2.07834381503661,37.350000000000016,37.35,50.0,3.0,0.3,400.0
820,synthetic_balanced_empirical_resample,1,116,case2,36,90036,2,3;6,3;6,1,0,0,8,16,0.01597222222222191,0.2397008291693643,1.908837580221002,37.25000000000002,75.0,50.0,3.0,0.3,400.0
821,synthetic_balanced_empirical_resample,5,119,case2,62,90062,2,14;17,6;1,1,0,0,8,15,0.019097222222221953,0.3092729981467165,1.908297896862399,37.25000000000002,75.0,50.0,3.0,0.3,400.0
822,synthetic_balanced_empirical_resample,6,120,case2,64,90064,2,3;6,3;6,1,0,0,8,17,0.019097222222221953,0.25138374872080094,1.9305182697739167,37.25000000000002,75.0,50.0,3.0,0.3,400.0
823,synthetic_balanced_empirical_resample,4,117,case2,60,90060,2,1;11,1;3,1,0,0,8,16,0.019097222222222397,0.17302809697151766,2.0384474432327218,37.15000000000003,75.0,50.0,3.0,0.3,400.0
824,synthetic_balanced_empirical_resample,6,121,case2,64,90064,2,3;6,3;6,1,0,0,8,17,0.019097222222221953,0.25138374872080094,1.9305182697739167,37.25000000000002,75.0,50.0,3.0,0.3,400.0
825,synthetic_balanced_empirical_resample,2,118,case2,37,90037,2,17;18,1;2,1,1,1,8,18,0.03333333333333359,0.32691434922466295,2.07834381503661,37.350000000000016,37.35,50.0,3.0,0.3,400.0
826,synthetic_balanced_empirical_resample,1,117,case2,36,90036,2,3;6,3;6,1,0,0,8,16,0.01597222222222191,0.2397008291693643,1.908837580221002,37.25000000000002,75.0,50.0,3.0,0.3,400.0
827,synthetic_balanced_empirical_resample,5,120,case2,62,90062,2,14;17,6;1,1,0,0,8,15,0.019097222222221953,0.3092729981467165,1.908297896862399,37.25000000000002,75.0,50.0,3.0,0.3,400.0
828,synthetic_balanced_empirical_resample,4,118,case2,60,90060,2,1;11,1;3,1,0,0,8,16,0.019097222222222397,0.17302809697151766,2.0384474432327218,37.15000000000003,75.0,50.0,3.0,0.3,400.0
829,synthetic_balanced_empirical_resample,6,122,case2,64,90064,2,3;6,3;6,1,0,0,8,17,0.019097222222221953,0.25138374872080094,1.9305182697739167,37.25000000000002,75.0,50.0,3.0,0.3,400.0
830,synthetic_balanced_empirical_resample,2,119,case2,37,90037,2,17;18,1;2,1,1,1,8,18,0.03333333333333359,0.32691434922466295,2.07834381503661,37.350000000000016,37.35,50.0,3.0,0.3,400.0
831,synthetic_balanced_empirical_resample,7,120,case2,77,90077,2,11;13,3;5,1,0,0,8,17,0.02152777777777759,0.31875778326226906,2.3897519302925687,42.14999999999974,75.0,50.0,3.0,0.3,400.0
832,synthetic_balanced_empirical_resample,1,118,case2,36,90036,2,3;6,3;6,1,0,0,8,16,0.01597222222222191,0.2397008291693643,1.908837580221002,37.25000000000002,75.0,50.0,3.0,0.3,400.0
833,synthetic_balanced_empirical_resample,4,119,case2,60,90060,2,1;11,1;3,1,0,0,8,16,0.019097222222222397,0.17302809697151766,2.0384474432327218,37.15000000000003,75.0,50.0,3.0,0.3,400.0
834,synthetic_balanced_empirical_resample,3,116,case2,45,90045,2,11;17,3;1,1,0,0,8,17,0.023958333333333602,0.1888863533708302,1.717771048724971,37.25000000000002,75.0,50.0,3.0,0.3,400.0
835,synthetic_balanced_empirical_resample,6,123,case2,64,90064,2,3;6,3;6,1,0,0,8,17,0.019097222222221953,0.25138374872080094,1.9305182697739167,37.25000000000002,75.0,50.0,3.0,0.3,400.0
836,synthetic_balanced_empirical_resample,1,119,case2,36,90036,2,3;6,3;6,1,0,0,8,16,0.01597222222222191,0.2397008291693643,1.908837580221002,37.25000000000002,75.0,50.0,3.0,0.3,400.0
837,synthetic_balanced_empirical_resample,7,121,case2,77,90077,2,11;13,3;5,1,0,0,8,17,0.02152777777777759,0.31875778326226906,2.3897519302925687,42.14999999999974,75.0,50.0,3.0,0.3,400.0
838,synthetic_balanced_empirical_resample,4,120,case2,60,90060,2,1;11,1;3,1,0,0,8,16,0.019097222222222397,0.17302809697151766,2.0384474432327218,37.15000000000003,75.0,50.0,3.0,0.3,400.0
839,synthetic_balanced_empirical_resample,7,122,case2,77,90077,2,11;13,3;5,1,0,0,8,17,0.02152777777777759,0.31875778326226906,2.3897519302925687,42.14999999999974,75.0,50.0,3.0,0.3,400.0
840,synthetic_balanced_empirical_resample,2,120,case2,37,90037,2,17;18,1;2,1,1,1,8,18,0.03333333333333359,0.32691434922466295,2.07834381503661,37.350000000000016,37.35,50.0,3.0,0.3,400.0
841,synthetic_balanced_empirical_resample,3,117,case2,45,90045,2,11;17,3;1,1,0,0,8,17,0.023958333333333602,0.1888863533708302,1.717771048724971,37.25000000000002,75.0,50.0,3.0,0.3,400.0
842,synthetic_balanced_empirical_resample,5,121,case2,62,90062,2,14;17,6;1,1,0,0,8,15,0.019097222222221953,0.3092729981467165,1.908297896862399,37.25000000000002,75.0,50.0,3.0,0.3,400.0
843,synthetic_balanced_empirical_resample,3,118,case2,45,90045,2,11;17,3;1,1,0,0,8,17,0.023958333333333602,0.1888863533708302,1.717771048724971,37.25000000000002,75.0,50.0,3.0,0.3,400.0
844,synthetic_balanced_empirical_resample,4,121,case2,60,90060,2,1;11,1;3,1,0,0,8,16,0.019097222222222397,0.17302809697151766,2.0384474432327218,37.15000000000003,75.0,50.0,3.0,0.3,400.0
845,synthetic_balanced_empirical_resample,6,124,case2,64,90064,2,3;6,3;6,1,0,0,8,17,0.019097222222221953,0.25138374872080094,1.9305182697739167,37.25000000000002,75.0,50.0,3.0,0.3,400.0
846,synthetic_balanced_empirical_resample,4,122,case2,60,90060,2,1;11,1;3,1,0,0,8,16,0.019097222222222397,0.17302809697151766,2.0384474432327218,37.15000000000003,75.0,50.0,3.0,0.3,400.0
847,synthetic_balanced_empirical_resample,7,123,case2,77,90077,2,11;13,3;5,1,0,0,8,17,0.02152777777777759,0.31875778326226906,2.3897519302925687,42.14999999999974,75.0,50.0,3.0,0.3,400.0
848,synthetic_balanced_empirical_resample,7,124,case2,77,90077,2,11;13,3;5,1,0,0,8,17,0.02152777777777759,0.31875778326226906,2.3897519302925687,42.14999999999974,75.0,50.0,3.0,0.3,400.0
849,synthetic_balanced_empirical_resample,3,119,case2,45,90045,2,11;17,3;1,1,0,0,8,17,0.023958333333333602,0.1888863533708302,1.717771048724971,37.25000000000002,75.0,50.0,3.0,0.3,400.0
850,synthetic_balanced_empirical_resample,5,122,case2,62,90062,2,14;17,6;1,1,0,0,8,15,0.019097222222221953,0.3092729981467165,1.908297896862399,37.25000000000002,75.0,50.0,3.0,0.3,400.0
851,synthetic_balanced_empirical_resample,1,120,case2,36,90036,2,3;6,3;6,1,0,0,8,16,0.01597222222222191,0.2397008291693643,1.908837580221002,37.25000000000002,75.0,50.0,3.0,0.3,400.0
852,synthetic_balanced_empirical_resample,1,121,case2,36,90036,2,3;6,3;6,1,0,0,8,16,0.01597222222222191,0.2397008291693643,1.908837580221002,37.25000000000002,75.0,50.0,3.0,0.3,400.0
853,synthetic_balanced_empirical_resample,5,123,case2,62,90062,2,14;17,6;1,1,0,0,8,15,0.019097222222221953,0.3092729981467165,1.908297896862399,37.25000000000002,75.0,50.0,3.0,0.3,400.0
854,synthetic_balanced_empirical_resample,7,125,case2,77,90077,2,11;13,3;5,1,0,0,8,17,0.02152777777777759,0.31875778326226906,2.3897519302925687,42.14999999999974,75.0,50.0,3.0,0.3,400.0
855,synthetic_balanced_empirical_resample,6,125,case2,64,90064,2,3;6,3;6,1,0,0,8,17,0.019097222222221953,0.25138374872080094,1.9305182697739167,37.25000000000002,75.0,50.0,3.0,0.3,400.0
856,synthetic_balanced_empirical_resample,3,120,case2,45,90045,2,11;17,3;1,1,0,0,8,17,0.023958333333333602,0.1888863533708302,1.717771048724971,37.25000000000002,75.0,50.0,3.0,0.3,400.0
857,synthetic_balanced_empirical_resample,4,123,case2,60,90060,2,1;11,1;3,1,0,0,8,16,0.019097222222222397,0.17302809697151766,2.0384474432327218,37.15000000000003,75.0,50.0,3.0,0.3,400.0
858,synthetic_balanced_empirical_resample,4,124,case2,60,90060,2,1;11,1;3,1,0,0,8,16,0.019097222222222397,0.17302809697151766,2.0384474432327218,37.15000000000003,75.0,50.0,3.0,0.3,400.0
859,synthetic_balanced_empirical_resample,4,125,case2,60,90060,2,1;11,1;3,1,0,0,8,16,0.019097222222222397,0.17302809697151766,2.0384474432327218,37.15000000000003,75.0,50.0,3.0,0.3,400.0
860,synthetic_balanced_empirical_resample,2,121,case2,37,90037,2,17;18,1;2,1,1,1,8,18,0.03333333333333359,0.32691434922466295,2.07834381503661,37.350000000000016,37.35,50.0,3.0,0.3,400.0
861,synthetic_balanced_empirical_resample,7,126,case2,77,90077,2,11;13,3;5,1,0,0,8,17,0.02152777777777759,0.31875778326226906,2.3897519302925687,42.14999999999974,75.0,50.0,3.0,0.3,400.0
862,synthetic_balanced_empirical_resample,2,122,case2,37,90037,2,17;18,1;2,1,1,1,8,18,0.03333333333333359,0.32691434922466295,2.07834381503661,37.350000000000016,37.35,50.0,3.0,0.3,400.0
863,synthetic_balanced_empirical_resample,7,127,case2,77,90077,2,11;13,3;5,1,0,0,8,17,0.02152777777777759,0.31875778326226906,2.3897519302925687,42.14999999999974,75.0,50.0,3.0,0.3,400.0
864,synthetic_balanced_empirical_resample,6,126,case2,64,90064,2,3;6,3;6,1,0,0,8,17,0.019097222222221953,0.25138374872080094,1.9305182697739167,37.25000000000002,75.0,50.0,3.0,0.3,400.0
865,synthetic_balanced_empirical_resample,4,126,case2,60,90060,2,1;11,1;3,1,0,0,8,16,0.019097222222222397,0.17302809697151766,2.0384474432327218,37.15000000000003,75.0,50.0,3.0,0.3,400.0
866,synthetic_balanced_empirical_resample,4,127,case2,60,90060,2,1;11,1;3,1,0,0,8,16,0.019097222222222397,0.17302809697151766,2.0384474432327218,37.15000000000003,75.0,50.0,3.0,0.3,400.0
867,synthetic_balanced_empirical_resample,6,127,case2,64,90064,2,3;6,3;6,1,0,0,8,17,0.019097222222221953,0.25138374872080094,1.9305182697739167,37.25000000000002,75.0,50.0,3.0,0.3,400.0
868,synthetic_balanced_empirical_resample,1,122,case2,36,90036,2,3;6,3;6,1,0,0,8,16,0.01597222222222191,0.2397008291693643,1.908837580221002,37.25000000000002,75.0,50.0,3.0,0.3,400.0
869,synthetic_balanced_empirical_resample,1,123,case2,36,90036,2,3;6,3;6,1,0,0,8,16,0.01597222222222191,0.2397008291693643,1.908837580221002,37.25000000000002,75.0,50.0,3.0,0.3,400.0
870,synthetic_balanced_empirical_resample,1,124,case2,36,90036,2,3;6,3;6,1,0,0,8,16,0.01597222222222191,0.2397008291693643,1.908837580221002,37.25000000000002,75.0,50.0,3.0,0.3,400.0
871,synthetic_balanced_empirical_resample,2,123,case2,37,90037,2,17;18,1;2,1,1,1,8,18,0.03333333333333359,0.32691434922466295,2.07834381503661,37.350000000000016,37.35,50.0,3.0,0.3,400.0
872,synthetic_balanced_empirical_resample,7,128,case2,77,90077,2,11;13,3;5,1,0,0,8,17,0.02152777777777759,0.31875778326226906,2.3897519302925687,42.14999999999974,75.0,50.0,3.0,0.3,400.0
873,synthetic_balanced_empirical_resample,6,128,case2,64,90064,2,3;6,3;6,1,0,0,8,17,0.019097222222221953,0.25138374872080094,1.9305182697739167,37.25000000000002,75.0,50.0,3.0,0.3,400.0
874,synthetic_balanced_empirical_resample,2,124,case2,37,90037,2,17;18,1;2,1,1,1,8,18,0.03333333333333359,0.32691434922466295,2.07834381503661,37.350000000000016,37.35,50.0,3.0,0.3,400.0
875,synthetic_balanced_empirical_resample,7,129,case2,77,90077,2,11;13,3;5,1,0,0,8,17,0.02152777777777759,0.31875778326226906,2.3897519302925687,42.14999999999974,75.0,50.0,3.0,0.3,400.0
876,synthetic_balanced_empirical_resample,1,125,case2,36,90036,2,3;6,3;6,1,0,0,8,16,0.01597222222222191,0.2397008291693643,1.908837580221002,37.25000000000002,75.0,50.0,3.0,0.3,400.0
877,synthetic_balanced_empirical_resample,5,124,case2,62,90062,2,14;17,6;1,1,0,0,8,15,0.019097222222221953,0.3092729981467165,1.908297896862399,37.25000000000002,75.0,50.0,3.0,0.3,400.0
878,synthetic_balanced_empirical_resample,6,129,case2,64,90064,2,3;6,3;6,1,0,0,8,17,0.019097222222221953,0.25138374872080094,1.9305182697739167,37.25000000000002,75.0,50.0,3.0,0.3,400.0
879,synthetic_balanced_empirical_resample,5,125,case2,62,90062,2,14;17,6;1,1,0,0,8,15,0.019097222222221953,0.3092729981467165,1.908297896862399,37.25000000000002,75.0,50.0,3.0,0.3,400.0
880,synthetic_balanced_empirical_resample,7,130,case2,77,90077,2,11;13,3;5,1,0,0,8,17,0.02152777777777759,0.31875778326226906,2.3897519302925687,42.14999999999974,75.0,50.0,3.0,0.3,400.0
881,synthetic_balanced_empirical_resample,5,126,case2,62,90062,2,14;17,6;1,1,0,0,8,15,0.019097222222221953,0.3092729981467165,1.908297896862399,37.25000000000002,75.0,50.0,3.0,0.3,400.0
882,synthetic_balanced_empirical_resample,2,125,case2,37,90037,2,17;18,1;2,1,1,1,8,18,0.03333333333333359,0.32691434922466295,2.07834381503661,37.350000000000016,37.35,50.0,3.0,0.3,400.0
883,synthetic_balanced_empirical_resample,6,130,case2,64,90064,2,3;6,3;6,1,0,0,8,17,0.019097222222221953,0.25138374872080094,1.9305182697739167,37.25000000000002,75.0,50.0,3.0,0.3,400.0
884,synthetic_balanced_empirical_resample,2,126,case2,37,90037,2,17;18,1;2,1,1,1,8,18,0.03333333333333359,0.32691434922466295,2.07834381503661,37.350000000000016,37.35,50.0,3.0,0.3,400.0
885,synthetic_balanced_empirical_resample,4,128,case2,60,90060,2,1;11,1;3,1,0,0,8,16,0.019097222222222397,0.17302809697151766,2.0384474432327218,37.15000000000003,75.0,50.0,3.0,0.3,400.0
886,synthetic_balanced_empirical_resample,7,131,case2,77,90077,2,11;13,3;5,1,0,0,8,17,0.02152777777777759,0.31875778326226906,2.3897519302925687,42.14999999999974,75.0,50.0,3.0,0.3,400.0
887,synthetic_balanced_empirical_resample,3,121,case2,45,90045,2,11;17,3;1,1,0,0,8,17,0.023958333333333602,0.1888863533708302,1.717771048724971,37.25000000000002,75.0,50.0,3.0,0.3,400.0
888,synthetic_balanced_empirical_resample,7,132,case2,77,90077,2,11;13,3;5,1,0,0,8,17,0.02152777777777759,0.31875778326226906,2.3897519302925687,42.14999999999974,75.0,50.0,3.0,0.3,400.0
889,synthetic_balanced_empirical_resample,1,126,case2,36,90036,2,3;6,3;6,1,0,0,8,16,0.01597222222222191,0.2397008291693643,1.908837580221002,37.25000000000002,75.0,50.0,3.0,0.3,400.0
890,synthetic_balanced_empirical_resample,3,122,case2,45,90045,2,11;17,3;1,1,0,0,8,17,0.023958333333333602,0.1888863533708302,1.717771048724971,37.25000000000002,75.0,50.0,3.0,0.3,400.0
891,synthetic_balanced_empirical_resample,2,127,case2,37,90037,2,17;18,1;2,1,1,1,8,18,0.03333333333333359,0.32691434922466295,2.07834381503661,37.350000000000016,37.35,50.0,3.0,0.3,400.0
892,synthetic_balanced_empirical_resample,3,123,case2,45,90045,2,11;17,3;1,1,0,0,8,17,0.023958333333333602,0.1888863533708302,1.717771048724971,37.25000000000002,75.0,50.0,3.0,0.3,400.0
893,synthetic_balanced_empirical_resample,1,127,case2,36,90036,2,3;6,3;6,1,0,0,8,16,0.01597222222222191,0.2397008291693643,1.908837580221002,37.25000000000002,75.0,50.0,3.0,0.3,400.0
894,synthetic_balanced_empirical_resample,6,131,case2,64,90064,2,3;6,3;6,1,0,0,8,17,0.019097222222221953,0.25138374872080094,1.9305182697739167,37.25000000000002,75.0,50.0,3.0,0.3,400.0
895,synthetic_balanced_empirical_resample,5,127,case2,62,90062,2,14;17,6;1,1,0,0,8,15,0.019097222222221953,0.3092729981467165,1.908297896862399,37.25000000000002,75.0,50.0,3.0,0.3,400.0
896,synthetic_balanced_empirical_resample,6,132,case2,64,90064,2,3;6,3;6,1,0,0,8,17,0.019097222222221953,0.25138374872080094,1.9305182697739167,37.25000000000002,75.0,50.0,3.0,0.3,400.0
897,synthetic_balanced_empirical_resample,2,128,case2,37,90037,2,17;18,1;2,1,1,1,8,18,0.03333333333333359,0.32691434922466295,2.07834381503661,37.350000000000016,37.35,50.0,3.0,0.3,400.0
898,synthetic_balanced_empirical_resample,7,133,case2,77,90077,2,11;13,3;5,1,0,0,8,17,0.02152777777777759,0.31875778326226906,2.3897519302925687,42.14999999999974,75.0,50.0,3.0,0.3,400.0
899,synthetic_balanced_empirical_resample,6,133,case2,64,90064,2,3;6,3;6,1,0,0,8,17,0.019097222222221953,0.25138374872080094,1.9305182697739167,37.25000000000002,75.0,50.0,3.0,0.3,400.0
900,synthetic_balanced_empirical_resample,1,128,case2,36,90036,2,3;6,3;6,1,0,0,8,16,0.01597222222222191,0.2397008291693643,1.908837580221002,37.25000000000002,75.0,50.0,3.0,0.3,400.0
901,synthetic_balanced_empirical_resample,4,129,case2,60,90060,2,1;11,1;3,1,0,0,8,16,0.019097222222222397,0.17302809697151766,2.0384474432327218,37.15000000000003,75.0,50.0,3.0,0.3,400.0
902,synthetic_balanced_empirical_resample,3,124,case2,45,90045,2,11;17,3;1,1,0,0,8,17,0.023958333333333602,0.1888863533708302,1.717771048724971,37.25000000000002,75.0,50.0,3.0,0.3,400.0
903,synthetic_balanced_empirical_resample,7,134,case2,77,90077,2,11;13,3;5,1,0,0,8,17,0.02152777777777759,0.31875778326226906,2.3897519302925687,42.14999999999974,75.0,50.0,3.0,0.3,400.0
904,synthetic_balanced_empirical_resample,2,129,case2,37,90037,2,17;18,1;2,1,1,1,8,18,0.03333333333333359,0.32691434922466295,2.07834381503661,37.350000000000016,37.35,50.0,3.0,0.3,400.0
905,synthetic_balanced_empirical_resample,6,134,case2,64,90064,2,3;6,3;6,1,0,0,8,17,0.019097222222221953,0.25138374872080094,1.9305182697739167,37.25000000000002,75.0,50.0,3.0,0.3,400.0
906,synthetic_balanced_empirical_resample,6,135,case2,64,90064,2,3;6,3;6,1,0,0,8,17,0.019097222222221953,0.25138374872080094,1.9305182697739167,37.25000000000002,75.0,50.0,3.0,0.3,400.0
907,synthetic_balanced_empirical_resample,5,128,case2,62,90062,2,14;17,6;1,1,0,0,8,15,0.019097222222221953,0.3092729981467165,1.908297896862399,37.25000000000002,75.0,50.0,3.0,0.3,400.0
908,synthetic_balanced_empirical_resample,1,129,case2,36,90036,2,3;6,3;6,1,0,0,8,16,0.01597222222222191,0.2397008291693643,1.908837580221002,37.25000000000002,75.0,50.0,3.0,0.3,400.0
909,synthetic_balanced_empirical_resample,2,130,case2,37,90037,2,17;18,1;2,1,1,1,8,18,0.03333333333333359,0.32691434922466295,2.07834381503661,37.350000000000016,37.35,50.0,3.0,0.3,400.0
910,synthetic_balanced_empirical_resample,2,131,case2,37,90037,2,17;18,1;2,1,1,1,8,18,0.03333333333333359,0.32691434922466295,2.07834381503661,37.350000000000016,37.35,50.0,3.0,0.3,400.0
911,synthetic_balanced_empirical_resample,3,125,case2,45,90045,2,11;17,3;1,1,0,0,8,17,0.023958333333333602,0.1888863533708302,1.717771048724971,37.25000000000002,75.0,50.0,3.0,0.3,400.0
912,synthetic_balanced_empirical_resample,5,129,case2,62,90062,2,14;17,6;1,1,0,0,8,15,0.019097222222221953,0.3092729981467165,1.908297896862399,37.25000000000002,75.0,50.0,3.0,0.3,400.0
913,synthetic_balanced_empirical_resample,6,136,case2,64,90064,2,3;6,3;6,1,0,0,8,17,0.019097222222221953,0.25138374872080094,1.9305182697739167,37.25000000000002,75.0,50.0,3.0,0.3,400.0
914,synthetic_balanced_empirical_resample,7,135,case2,77,90077,2,11;13,3;5,1,0,0,8,17,0.02152777777777759,0.31875778326226906,2.3897519302925687,42.14999999999974,75.0,50.0,3.0,0.3,400.0
915,synthetic_balanced_empirical_resample,3,126,case2,45,90045,2,11;17,3;1,1,0,0,8,17,0.023958333333333602,0.1888863533708302,1.717771048724971,37.25000000000002,75.0,50.0,3.0,0.3,400.0
916,synthetic_balanced_empirical_resample,5,130,case2,62,90062,2,14;17,6;1,1,0,0,8,15,0.019097222222221953,0.3092729981467165,1.908297896862399,37.25000000000002,75.0,50.0,3.0,0.3,400.0
917,synthetic_balanced_empirical_resample,3,127,case2,45,90045,2,11;17,3;1,1,0,0,8,17,0.023958333333333602,0.1888863533708302,1.717771048724971,37.25000000000002,75.0,50.0,3.0,0.3,400.0
918,synthetic_balanced_empirical_resample,7,136,case2,77,90077,2,11;13,3;5,1,0,0,8,17,0.02152777777777759,0.31875778326226906,2.3897519302925687,42.14999999999974,75.0,50.0,3.0,0.3,400.0
919,synthetic_balanced_empirical_resample,5,131,case2,62,90062,2,14;17,6;1,1,0,0,8,15,0.019097222222221953,0.3092729981467165,1.908297896862399,37.25000000000002,75.0,50.0,3.0,0.3,400.0
920,synthetic_balanced_empirical_resample,7,137,case2,77,90077,2,11;13,3;5,1,0,0,8,17,0.02152777777777759,0.31875778326226906,2.3897519302925687,42.14999999999974,75.0,50.0,3.0,0.3,400.0
921,synthetic_balanced_empirical_resample,2,132,case2,37,90037,2,17;18,1;2,1,1,1,8,18,0.03333333333333359,0.32691434922466295,2.07834381503661,37.350000000000016,37.35,50.0,3.0,0.3,400.0
922,synthetic_balanced_empirical_resample,1,130,case2,36,90036,2,3;6,3;6,1,0,0,8,16,0.01597222222222191,0.2397008291693643,1.908837580221002,37.25000000000002,75.0,50.0,3.0,0.3,400.0
923,synthetic_balanced_empirical_resample,5,132,case2,62,90062,2,14;17,6;1,1,0,0,8,15,0.019097222222221953,0.3092729981467165,1.908297896862399,37.25000000000002,75.0,50.0,3.0,0.3,400.0
924,synthetic_balanced_empirical_resample,2,133,case2,37,90037,2,17;18,1;2,1,1,1,8,18,0.03333333333333359,0.32691434922466295,2.07834381503661,37.350000000000016,37.35,50.0,3.0,0.3,400.0
925,synthetic_balanced_empirical_resample,3,128,case2,45,90045,2,11;17,3;1,1,0,0,8,17,0.023958333333333602,0.1888863533708302,1.717771048724971,37.25000000000002,75.0,50.0,3.0,0.3,400.0
926,synthetic_balanced_empirical_resample,6,137,case2,64,90064,2,3;6,3;6,1,0,0,8,17,0.019097222222221953,0.25138374872080094,1.9305182697739167,37.25000000000002,75.0,50.0,3.0,0.3,400.0
927,synthetic_balanced_empirical_resample,3,129,case2,45,90045,2,11;17,3;1,1,0,0,8,17,0.023958333333333602,0.1888863533708302,1.717771048724971,37.25000000000002,75.0,50.0,3.0,0.3,400.0
928,synthetic_balanced_empirical_resample,5,133,case2,62,90062,2,14;17,6;1,1,0,0,8,15,0.019097222222221953,0.3092729981467165,1.908297896862399,37.25000000000002,75.0,50.0,3.0,0.3,400.0
929,synthetic_balanced_empirical_resample,7,138,case2,77,90077,2,11;13,3;5,1,0,0,8,17,0.02152777777777759,0.31875778326226906,2.3897519302925687,42.14999999999974,75.0,50.0,3.0,0.3,400.0
930,synthetic_balanced_empirical_resample,5,134,case2,62,90062,2,14;17,6;1,1,0,0,8,15,0.019097222222221953,0.3092729981467165,1.908297896862399,37.25000000000002,75.0,50.0,3.0,0.3,400.0
931,synthetic_balanced_empirical_resample,6,138,case2,64,90064,2,3;6,3;6,1,0,0,8,17,0.019097222222221953,0.25138374872080094,1.9305182697739167,37.25000000000002,75.0,50.0,3.0,0.3,400.0
932,synthetic_balanced_empirical_resample,4,130,case2,60,90060,2,1;11,1;3,1,0,0,8,16,0.019097222222222397,0.17302809697151766,2.0384474432327218,37.15000000000003,75.0,50.0,3.0,0.3,400.0
933,synthetic_balanced_empirical_resample,2,134,case2,37,90037,2,17;18,1;2,1,1,1,8,18,0.03333333333333359,0.32691434922466295,2.07834381503661,37.350000000000016,37.35,50.0,3.0,0.3,400.0
934,synthetic_balanced_empirical_resample,5,135,case2,62,90062,2,14;17,6;1,1,0,0,8,15,0.019097222222221953,0.3092729981467165,1.908297896862399,37.25000000000002,75.0,50.0,3.0,0.3,400.0
935,synthetic_balanced_empirical_resample,2,135,case2,37,90037,2,17;18,1;2,1,1,1,8,18,0.03333333333333359,0.32691434922466295,2.07834381503661,37.350000000000016,37.35,50.0,3.0,0.3,400.0
936,synthetic_balanced_empirical_resample,6,139,case2,64,90064,2,3;6,3;6,1,0,0,8,17,0.019097222222221953,0.25138374872080094,1.9305182697739167,37.25000000000002,75.0,50.0,3.0,0.3,400.0
937,synthetic_balanced_empirical_resample,3,130,case2,45,90045,2,11;17,3;1,1,0,0,8,17,0.023958333333333602,0.1888863533708302,1.717771048724971,37.25000000000002,75.0,50.0,3.0,0.3,400.0
938,synthetic_balanced_empirical_resample,6,140,case2,64,90064,2,3;6,3;6,1,0,0,8,17,0.019097222222221953,0.25138374872080094,1.9305182697739167,37.25000000000002,75.0,50.0,3.0,0.3,400.0
939,synthetic_balanced_empirical_resample,3,131,case2,45,90045,2,11;17,3;1,1,0,0,8,17,0.023958333333333602,0.1888863533708302,1.717771048724971,37.25000000000002,75.0,50.0,3.0,0.3,400.0
940,synthetic_balanced_empirical_resample,3,132,case2,45,90045,2,11;17,3;1,1,0,0,8,17,0.023958333333333602,0.1888863533708302,1.717771048724971,37.25000000000002,75.0,50.0,3.0,0.3,400.0
941,synthetic_balanced_empirical_resample,4,131,case2,60,90060,2,1;11,1;3,1,0,0,8,16,0.019097222222222397,0.17302809697151766,2.0384474432327218,37.15000000000003,75.0,50.0,3.0,0.3,400.0
942,synthetic_balanced_empirical_resample,2,136,case2,37,90037,2,17;18,1;2,1,1,1,8,18,0.03333333333333359,0.32691434922466295,2.07834381503661,37.350000000000016,37.35,50.0,3.0,0.3,400.0
943,synthetic_balanced_empirical_resample,3,133,case2,45,90045,2,11;17,3;1,1,0,0,8,17,0.023958333333333602,0.1888863533708302,1.717771048724971,37.25000000000002,75.0,50.0,3.0,0.3,400.0
944,synthetic_balanced_empirical_resample,1,131,case2,36,90036,2,3;6,3;6,1,0,0,8,16,0.01597222222222191,0.2397008291693643,1.908837580221002,37.25000000000002,75.0,50.0,3.0,0.3,400.0
945,synthetic_balanced_empirical_resample,1,132,case2,36,90036,2,3;6,3;6,1,0,0,8,16,0.01597222222222191,0.2397008291693643,1.908837580221002,37.25000000000002,75.0,50.0,3.0,0.3,400.0
946,synthetic_balanced_empirical_resample,2,137,case2,37,90037,2,17;18,1;2,1,1,1,8,18,0.03333333333333359,0.32691434922466295,2.07834381503661,37.350000000000016,37.35,50.0,3.0,0.3,400.0
947,synthetic_balanced_empirical_resample,2,138,case2,37,90037,2,17;18,1;2,1,1,1,8,18,0.03333333333333359,0.32691434922466295,2.07834381503661,37.350000000000016,37.35,50.0,3.0,0.3,400.0
948,synthetic_balanced_empirical_resample,4,132,case2,60,90060,2,1;11,1;3,1,0,0,8,16,0.019097222222222397,0.17302809697151766,2.0384474432327218,37.15000000000003,75.0,50.0,3.0,0.3,400.0
949,synthetic_balanced_empirical_resample,4,133,case2,60,90060,2,1;11,1;3,1,0,0,8,16,0.019097222222222397,0.17302809697151766,2.0384474432327218,37.15000000000003,75.0,50.0,3.0,0.3,400.0
950,synthetic_balanced_empirical_resample,5,136,case2,62,90062,2,14;17,6;1,1,0,0,8,15,0.019097222222221953,0.3092729981467165,1.908297896862399,37.25000000000002,75.0,50.0,3.0,0.3,400.0
951,synthetic_balanced_empirical_resample,2,139,case2,37,90037,2,17;18,1;2,1,1,1,8,18,0.03333333333333359,0.32691434922466295,2.07834381503661,37.350000000000016,37.35,50.0,3.0,0.3,400.0
952,synthetic_balanced_empirical_resample,2,140,case2,37,90037,2,17;18,1;2,1,1,1,8,18,0.03333333333333359,0.32691434922466295,2.07834381503661,37.350000000000016,37.35,50.0,3.0,0.3,400.0
953,synthetic_balanced_empirical_resample,7,139,case2,77,90077,2,11;13,3;5,1,0,0,8,17,0.02152777777777759,0.31875778326226906,2.3897519302925687,42.14999999999974,75.0,50.0,3.0,0.3,400.0
954,synthetic_balanced_empirical_resample,3,134,case2,45,90045,2,11;17,3;1,1,0,0,8,17,0.023958333333333602,0.1888863533708302,1.717771048724971,37.25000000000002,75.0,50.0,3.0,0.3,400.0
955,synthetic_balanced_empirical_resample,2,141,case2,37,90037,2,17;18,1;2,1,1,1,8,18,0.03333333333333359,0.32691434922466295,2.07834381503661,37.350000000000016,37.35,50.0,3.0,0.3,400.0
956,synthetic_balanced_empirical_resample,3,135,case2,45,90045,2,11;17,3;1,1,0,0,8,17,0.023958333333333602,0.1888863533708302,1.717771048724971,37.25000000000002,75.0,50.0,3.0,0.3,400.0
957,synthetic_balanced_empirical_resample,1,133,case2,36,90036,2,3;6,3;6,1,0,0,8,16,0.01597222222222191,0.2397008291693643,1.908837580221002,37.25000000000002,75.0,50.0,3.0,0.3,400.0
958,synthetic_balanced_empirical_resample,3,136,case2,45,90045,2,11;17,3;1,1,0,0,8,17,0.023958333333333602,0.1888863533708302,1.717771048724971,37.25000000000002,75.0,50.0,3.0,0.3,400.0
959,synthetic_balanced_empirical_resample,4,134,case2,60,90060,2,1;11,1;3,1,0,0,8,16,0.019097222222222397,0.17302809697151766,2.0384474432327218,37.15000000000003,75.0,50.0,3.0,0.3,400.0
960,synthetic_balanced_empirical_resample,2,142,case2,37,90037,2,17;18,1;2,1,1,1,8,18,0.03333333333333359,0.32691434922466295,2.07834381503661,37.350000000000016,37.35,50.0,3.0,0.3,400.0
961,synthetic_balanced_empirical_resample,6,141,case2,64,90064,2,3;6,3;6,1,0,0,8,17,0.019097222222221953,0.25138374872080094,1.9305182697739167,37.25000000000002,75.0,50.0,3.0,0.3,400.0
962,synthetic_balanced_empirical_resample,6,142,case2,64,90064,2,3;6,3;6,1,0,0,8,17,0.019097222222221953,0.25138374872080094,1.9305182697739167,37.25000000000002,75.0,50.0,3.0,0.3,400.0
963,synthetic_balanced_empirical_resample,4,135,case2,60,90060,2,1;11,1;3,1,0,0,8,16,0.019097222222222397,0.17302809697151766,2.0384474432327218,37.15000000000003,75.0,50.0,3.0,0.3,400.0
964,synthetic_balanced_empirical_resample,3,137,case2,45,90045,2,11;17,3;1,1,0,0,8,17,0.023958333333333602,0.1888863533708302,1.717771048724971,37.25000000000002,75.0,50.0,3.0,0.3,400.0
965,synthetic_balanced_empirical_resample,1,134,case2,36,90036,2,3;6,3;6,1,0,0,8,16,0.01597222222222191,0.2397008291693643,1.908837580221002,37.25000000000002,75.0,50.0,3.0,0.3,400.0
966,synthetic_balanced_empirical_resample,5,137,case2,62,90062,2,14;17,6;1,1,0,0,8,15,0.019097222222221953,0.3092729981467165,1.908297896862399,37.25000000000002,75.0,50.0,3.0,0.3,400.0
967,synthetic_balanced_empirical_resample,4,136,case2,60,90060,2,1;11,1;3,1,0,0,8,16,0.019097222222222397,0.17302809697151766,2.0384474432327218,37.15000000000003,75.0,50.0,3.0,0.3,400.0
968,synthetic_balanced_empirical_resample,4,137,case2,60,90060,2,1;11,1;3,1,0,0,8,16,0.019097222222222397,0.17302809697151766,2.0384474432327218,37.15000000000003,75.0,50.0,3.0,0.3,400.0
969,synthetic_balanced_empirical_resample,3,138,case2,45,90045,2,11;17,3;1,1,0,0,8,17,0.023958333333333602,0.1888863533708302,1.717771048724971,37.25000000000002,75.0,50.0,3.0,0.3,400.0
970,synthetic_balanced_empirical_resample,1,135,case2,36,90036,2,3;6,3;6,1,0,0,8,16,0.01597222222222191,0.2397008291693643,1.908837580221002,37.25000000000002,75.0,50.0,3.0,0.3,400.0
971,synthetic_balanced_empirical_resample,1,136,case2,36,90036,2,3;6,3;6,1,0,0,8,16,0.01597222222222191,0.2397008291693643,1.908837580221002,37.25000000000002,75.0,50.0,3.0,0.3,400.0
972,synthetic_balanced_empirical_resample,2,143,case2,37,90037,2,17;18,1;2,1,1,1,8,18,0.03333333333333359,0.32691434922466295,2.07834381503661,37.350000000000016,37.35,50.0,3.0,0.3,400.0
973,synthetic_balanced_empirical_resample,1,137,case2,36,90036,2,3;6,3;6,1,0,0,8,16,0.01597222222222191,0.2397008291693643,1.908837580221002,37.25000000000002,75.0,50.0,3.0,0.3,400.0
974,synthetic_balanced_empirical_resample,5,138,case2,62,90062,2,14;17,6;1,1,0,0,8,15,0.019097222222221953,0.3092729981467165,1.908297896862399,37.25000000000002,75.0,50.0,3.0,0.3,400.0
975,synthetic_balanced_empirical_resample,3,139,case2,45,90045,2,11;17,3;1,1,0,0,8,17,0.023958333333333602,0.1888863533708302,1.717771048724971,37.25000000000002,75.0,50.0,3.0,0.3,400.0
976,synthetic_balanced_empirical_resample,1,138,case2,36,90036,2,3;6,3;6,1,0,0,8,16,0.01597222222222191,0.2397008291693643,1.908837580221002,37.25000000000002,75.0,50.0,3.0,0.3,400.0
977,synthetic_balanced_empirical_resample,1,139,case2,36,90036,2,3;6,3;6,1,0,0,8,16,0.01597222222222191,0.2397008291693643,1.908837580221002,37.25000000000002,75.0,50.0,3.0,0.3,400.0
978,synthetic_balanced_empirical_resample,7,140,case2,77,90077,2,11;13,3;5,1,0,0,8,17,0.02152777777777759,0.31875778326226906,2.3897519302925687,42.14999999999974,75.0,50.0,3.0,0.3,400.0
979,synthetic_balanced_empirical_resample,4,138,case2,60,90060,2,1;11,1;3,1,0,0,8,16,0.019097222222222397,0.17302809697151766,2.0384474432327218,37.15000000000003,75.0,50.0,3.0,0.3,400.0
980,synthetic_balanced_empirical_resample,4,139,case2,60,90060,2,1;11,1;3,1,0,0,8,16,0.019097222222222397,0.17302809697151766,2.0384474432327218,37.15000000000003,75.0,50.0,3.0,0.3,400.0
981,synthetic_balanced_empirical_resample,1,140,case2,36,90036,2,3;6,3;6,1,0,0,8,16,0.01597222222222191,0.2397008291693643,1.908837580221002,37.25000000000002,75.0,50.0,3.0,0.3,400.0
982,synthetic_balanced_empirical_resample,4,140,case2,60,90060,2,1;11,1;3,1,0,0,8,16,0.019097222222222397,0.17302809697151766,2.0384474432327218,37.15000000000003,75.0,50.0,3.0,0.3,400.0
983,synthetic_balanced_empirical_resample,6,143,case2,64,90064,2,3;6,3;6,1,0,0,8,17,0.019097222222221953,0.25138374872080094,1.9305182697739167,37.25000000000002,75.0,50.0,3.0,0.3,400.0
984,synthetic_balanced_empirical_resample,3,140,case2,45,90045,2,11;17,3;1,1,0,0,8,17,0.023958333333333602,0.1888863533708302,1.717771048724971,37.25000000000002,75.0,50.0,3.0,0.3,400.0
985,synthetic_balanced_empirical_resample,3,141,case2,45,90045,2,11;17,3;1,1,0,0,8,17,0.023958333333333602,0.1888863533708302,1.717771048724971,37.25000000000002,75.0,50.0,3.0,0.3,400.0
986,synthetic_balanced_empirical_resample,7,141,case2,77,90077,2,11;13,3;5,1,0,0,8,17,0.02152777777777759,0.31875778326226906,2.3897519302925687,42.14999999999974,75.0,50.0,3.0,0.3,400.0
987,synthetic_balanced_empirical_resample,7,142,case2,77,90077,2,11;13,3;5,1,0,0,8,17,0.02152777777777759,0.31875778326226906,2.3897519302925687,42.14999999999974,75.0,50.0,3.0,0.3,400.0
988,synthetic_balanced_empirical_resample,4,141,case2,60,90060,2,1;11,1;3,1,0,0,8,16,0.019097222222222397,0.17302809697151766,2.0384474432327218,37.15000000000003,75.0,50.0,3.0,0.3,400.0
989,synthetic_balanced_empirical_resample,5,139,case2,62,90062,2,14;17,6;1,1,0,0,8,15,0.019097222222221953,0.3092729981467165,1.908297896862399,37.25000000000002,75.0,50.0,3.0,0.3,400.0
990,synthetic_balanced_empirical_resample,1,141,case2,36,90036,2,3;6,3;6,1,0,0,8,16,0.01597222222222191,0.2397008291693643,1.908837580221002,37.25000000000002,75.0,50.0,3.0,0.3,400.0
991,synthetic_balanced_empirical_resample,7,143,case2,77,90077,2,11;13,3;5,1,0,0,8,17,0.02152777777777759,0.31875778326226906,2.3897519302925687,42.14999999999974,75.0,50.0,3.0,0.3,400.0
992,synthetic_balanced_empirical_resample,5,140,case2,62,90062,2,14;17,6;1,1,0,0,8,15,0.019097222222221953,0.3092729981467165,1.908297896862399,37.25000000000002,75.0,50.0,3.0,0.3,400.0
993,synthetic_balanced_empirical_resample,1,142,case2,36,90036,2,3;6,3;6,1,0,0,8,16,0.01597222222222191,0.2397008291693643,1.908837580221002,37.25000000000002,75.0,50.0,3.0,0.3,400.0
994,synthetic_balanced_empirical_resample,1,143,case2,36,90036,2,3;6,3;6,1,0,0,8,16,0.01597222222222191,0.2397008291693643,1.908837580221002,37.25000000000002,75.0,50.0,3.0,0.3,400.0
995,synthetic_balanced_empirical_resample,5,141,case2,62,90062,2,14;17,6;1,1,0,0,8,15,0.019097222222221953,0.3092729981467165,1.908297896862399,37.25000000000002,75.0,50.0,3.0,0.3,400.0
996,synthetic_balanced_empirical_resample,3,142,case2,45,90045,2,11;17,3;1,1,0,0,8,17,0.023958333333333602,0.1888863533708302,1.717771048724971,37.25000000000002,75.0,50.0,3.0,0.3,400.0
997,synthetic_balanced_empirical_resample,5,142,case2,62,90062,2,14;17,6;1,1,0,0,8,15,0.019097222222221953,0.3092729981467165,1.908297896862399,37.25000000000002,75.0,50.0,3.0,0.3,400.0
998,synthetic_balanced_empirical_resample,4,142,case2,60,90060,2,1;11,1;3,1,0,0,8,16,0.019097222222222397,0.17302809697151766,2.0384474432327218,37.15000000000003,75.0,50.0,3.0,0.3,400.0
999,synthetic_balanced_empirical_resample,3,143,case2,45,90045,2,11;17,3;1,1,0,0,8,17,0.023958333333333602,0.1888863533708302,1.717771048724971,37.25000000000002,75.0,50.0,3.0,0.3,400.0
1000,synthetic_balanced_empirical_resample,4,143,case2,60,90060,2,1;11,1;3,1,0,0,8,16,0.019097222222222397,0.17302809697151766,2.0384474432327218,37.15000000000003,75.0,50.0,3.0,0.3,400.0
