84.933624268 14.596811295 33.574779510 15.345465660 14.057520866 15.880591393 11.667242050 19.487337112 23.749217987 34.749622345 3.568607330 50.461151123 -16.729190826 39.233959198 -38.248184204 61.214061737 -38.348823547 28.839574814 -62.212345123 5.313452244 -88.000633240 10.802528381 -24.170156479 -3.945664167 -54.535419464 -45.097324371 -24.494649887 -41.949684143 -12.613140106 -24.031955719 8.619756699 -54.057910919 16.040451050 -64.113479614 50.483615875 -60.137062073 47.184902191 -38.999233246 62.602100372 -13.121073723 1299.643920898 -209.820480347 876.351440430 890.647888184 -135.709793091 1243.257324219 -1038.657958984 968.385986328 -1369.950195312 0.477778554 -1091.841430664 -972.105651855 -10.999297142 -1228.978149414 880.226440430 -943.805541992
85.727912903 14.444009781 34.073383331 15.869615555 13.955945969 16.698633194 11.085556030 20.005418777 22.828981400 34.723598480 2.939426422 49.864143372 -16.723932266 38.426643372 -37.705554962 60.619026184 -37.544139862 28.690803528 -61.603763580 5.879147530 -88.023628235 11.598267555 -24.713750839 -3.422068596 -55.415626526 -45.059608459 -25.201971054 -42.564693451 -12.611237526 -24.734235764 9.136969566 -54.575031281 16.943679810 -64.209129333 50.970874786 -59.564159393 47.068847656 -38.232303619 62.041866302 -12.631269455 1298.504882812 -209.686279297 875.533386230 889.886596680 -135.521286011 1241.981811523 -1037.786254883 967.506042480 -1368.829956055 0.526376903 -1090.836669922 -971.276611328 -11.037596703 -1227.760498047 879.408630371 -942.856689453
86.518264771 14.285333633 34.571037292 16.401212692 13.856431007 17.517662048 10.500513077 20.518022537 21.900323868 34.697303772 2.308417082 49.255790710 -16.720777512 37.618282318 -37.158008575 60.022789001 -36.732227325 28.534421921 -60.992835999 6.443940163 -88.039352417 12.394964218 -25.257684708 -2.901158094 -56.294937134 -45.014888763 -25.907672882 -43.181385040 -12.612157822 -25.440536499 9.658658981 -55.086444855 17.846832275 -64.301040649 51.457004547 -58.981304169 46.948787689 -37.456211090 61.471088409 -12.141513824 1297.362304688 -209.576370239 874.695678711 889.140502930 -135.309219360 1240.714599609 -1036.927978516 966.604858398 -1367.713745117 0.599345207 -1089.819702148 -970.469360352 -11.100613594 -1226.536987305 878.608825684 -941.891174316
87.303604126 14.118976593 35.066734314 16.942281723 13.761357307 18.338697433 9.911599159 21.022918701 20.960771561 34.673389435 1.675191760 48.632915497 -16.722225189 36.809490204 -36.602790833 59.425945282 -35.911502838 28.367982864 -60.381607056 7.009632587 -88.045890808 13.193395615 -25.802793503 -2.385566950 -57.173595428 -44.961204529 -26.610492706 -43.801929474 -12.618326187 -26.151065826 10.185990334 -55.590614319 18.749473572 -64.391265869 51.941333771 -58.386226654 46.827266693 -36.667980194 60.887573242 -11.652592659 1296.216796875 -209.490814209 873.838562012 888.409912109 -135.073715210 1239.455810547 -1036.083618164 965.682617188 -1366.601928711 0.696605504 -1088.791015625 -969.684020996 -11.188462257 -1225.308105469 877.827087402 -940.909057617
88.083023071 13.943351746 35.559413910 17.494485855 13.672834396 19.162788391 9.318664551 21.517902374 20.010408401 34.654323578 1.039521813 47.992687225 -16.730484009 36.001289368 -36.037818909 58.829448700 -35.080730438 28.189279556 -59.772293091 7.577814102 -88.041534424 13.994293213 -26.349582672 -1.877833843 -58.054317474 -44.896659851 -27.309432983 -44.428371429 -12.631917953 -26.865768433 10.720361710 -56.086524963 19.651071548 -64.482650757 52.423057556 -57.777061462 46.706607819 -35.864994049 60.289676666 -11.165529251 1295.068603516 -209.429641724 872.962280273 887.695251465 -134.814849854 1238.205566406 -1035.253662109 964.739746094 -1365.494628906 0.818079472 -1087.750610352 -968.920654297 -11.301246643 -1224.074340820 877.063720703 -939.910583496
88.856643677 13.756862640 36.047981262 18.059188843 13.592762947 19.990795135 8.721814156 22.000860214 19.049699783 34.642326355 0.401332736 47.332614899 -16.747507095 35.195014954 -35.461456299 58.234432220 -34.238986969 27.996315002 -59.167091370 8.149691582 -88.024742126 14.798182487 -26.898399353 -1.380259156 -58.939605713 -44.819507599 -28.003683090 -45.062610626 -12.654877663 -27.584457397 11.263196945 -56.573429108 20.551097870 -64.577751160 52.901279449 -57.152290344 46.588924408 -35.044975281 59.676212311 -10.681525230 1293.918090820 -209.392913818 872.067077637 886.996826172 -134.532775879 1236.964111328 -1034.438232422 963.776489258 -1364.392333984 0.963687479 -1086.698852539 -968.179443359 -11.439061165 -1222.836181641 876.318847656 -938.895935059
89.626113892 13.557711601 36.531349182 18.637517929 13.522865295 20.823364258 8.121271133 22.469873428 18.079153061 34.639400482 -0.239305213 46.650497437 -16.774990082 34.392261505 -34.872188568 57.641872406 -33.385612488 27.787281036 -58.568153381 8.726135254 -87.994087219 15.605782509 -27.451076508 -0.893450141 -59.831726074 -44.728096008 -28.692495346 -45.706333160 -12.688941956 -28.306797028 11.815800667 -57.050685883 21.449022293 -64.678817749 53.375041962 -56.510688782 46.476188660 -34.205970764 59.046386719 -10.201894760 1292.765869141 -209.380661011 871.153320312 886.314941406 -134.227600098 1235.731689453 -1033.638183594 962.793212891 -1363.295166016 1.133348823 -1085.636108398 -967.460388184 -11.601989746 -1221.594116211 875.592651367 -937.865356445
90.392974854 13.344228745 37.008205414 19.230112076 13.464707375 21.660936356 7.517382622 22.923196793 17.099346161 34.647338867 -0.882189631 45.944393158 -16.814390182 33.594657898 -34.268470764 57.052482605 -32.520206451 27.560535431 -57.977569580 9.307721138 -87.948219299 16.419862747 -28.009378433 -0.417838931 -60.732707977 -44.620876312 -29.375104904 -46.360969543 -12.735656738 -29.032314301 12.379458427 -57.517787933 22.344308853 -64.787826538 53.843357086 -55.851264954 46.370243073 -33.346332550 58.399631500 -9.727960587 1291.612182617 -209.392929077 870.221252441 885.650024414 -133.899429321 1234.508544922 -1032.853637695 961.790222168 -1362.203369141 1.326980710 -1084.562500000 -966.763671875 -11.790102959 -1220.348510742 874.885375977 -936.818969727
91.158645630 13.114841461 37.476062775 19.835929871 13.419713020 22.503759384 6.910614967 23.359243393 16.110940933 34.667758942 -1.526999354 45.212608337 -16.866968155 32.803264618 -33.648761749 56.466796875 -31.642560959 27.314590454 -57.395530701 9.896565437 -87.885795593 17.242755890 -28.574735641 0.046053752 -61.644348145 -44.496376038 -30.050727844 -47.027717590 -12.796240807 -29.758077621 12.955628395 -57.974506378 23.236425400 -64.906532288 54.305236816 -55.173229218 46.272811890 -32.464679718 57.736568451 -9.261748314 1290.457519531 -209.429718018 869.271240234 885.002441406 -133.548370361 1233.294677734 -1032.085083008 960.767944336 -1361.117431641 1.544498086 -1083.478393555 -966.089294434 -12.003460884 -1219.100097656 874.197204590 -935.757080078
91.924468994 12.868053436 37.932769775 20.454011917 13.389176369 23.351898193 6.299662590 23.777925491 15.112850189 34.702133179 -2.173309088 44.453670502 -16.933921814 32.017204285 -33.011554718 55.885231018 -30.752635956 27.048093796 -56.822368622 10.494427681 -87.805534363 18.076406479 -29.148286819 0.497623444 -62.566856384 -44.353378296 -30.718563080 -47.707561493 -12.871681213 -30.481338501 13.546071053 -58.420940399 24.124851227 -65.036460876 54.758289337 -54.478000641 46.185592651 -31.560420990 57.059005737 -8.805913925 1289.302368164 -209.491058350 868.303588867 884.372558594 -133.174545288 1232.090332031 -1031.333007812 959.726745605 -1360.037475586 1.785813093 -1082.384033203 -965.437438965 -12.242105484 -1217.849243164 873.528320312 -934.679870605
92.691711426 12.602417946 38.376476288 21.083503723 13.374271393 24.205259323 5.683368206 24.179140091 14.103394508 34.751865387 -2.820603132 43.666305542 -17.016315460 31.235870361 -32.355464935 55.308177948 -29.850534439 26.759817123 -56.258510590 11.102769852 -87.706199646 18.922403336 -29.730882645 0.936191559 -63.499073029 -44.190952301 -31.377782822 -48.401287079 -12.962749481 -31.199522018 14.152548790 -58.857219696 25.009090424 -65.178977966 55.200416565 -53.766921997 46.110393524 -30.635395050 56.368717194 -8.362834930 1288.147094727 -209.576965332 867.318664551 883.760620117 -132.778076172 1230.895751953 -1030.597900391 958.667053223 -1358.963867188 2.050834417 -1081.279663086 -964.808227539 -12.506068230 -1216.596435547 872.878967285 -933.587585449
93.461555481 12.316532135 38.805633545 21.723667145 13.376011848 25.066337585 5.060866833 24.562656403 13.081234932 34.818256378 -3.468289852 42.849422455 -17.115102768 30.458900452 -31.679340363 54.736156464 -28.936466217 26.448648453 -55.704444885 11.722826004 -87.586570740 19.782026291 -30.323123932 1.361017704 -64.439849854 -44.008289337 -32.029453278 -49.111515045 -13.070024490 -31.910312653 14.776722908 -59.283416748 25.888679504 -65.335250854 55.629772186 -53.041233063 46.048828125 -29.691402435 55.667457581 -7.934629917 1286.992187500 -209.687438965 866.316894531 883.167114258 -132.359069824 1229.711059570 -1029.880004883 957.589233398 -1357.896972656 2.339466572 -1080.165527344 -964.201660156 -12.795364380 -1215.342529297 872.249328613 -932.480590820
94.235115051 12.009021759 39.218948364 22.373901367 13.395411491 25.937236786 4.431439877 24.928218842 12.045327187 34.902534485 -4.113937378 42.004341125 -17.231113434 29.686168671 -30.982233047 54.169754028 -28.010721207 26.113567352 -55.160671234 12.355654716 -87.445510864 20.656270981 -30.925371170 1.771313787 -65.389129639 -43.804477692 -32.674377441 -49.840545654 -13.193942070 -32.611808777 15.420166969 -59.699535370 26.765661240 -65.506767273 56.044769287 -52.302078247 46.002346039 -28.730195999 54.956932068 -7.523170948 1285.838134766 -209.822463989 865.298645020 882.592346191 -131.917648315 1228.536621094 -1029.179931641 956.493835449 -1356.837036133 2.651609421 -1079.042114258 -963.617858887 -13.109992981 -1214.087768555 871.639648438 -931.359008789
95.011398315 11.679347992 39.615375519 23.033735275 13.433476448 26.819696426 3.794357777 25.275629044 10.994897842 35.005855560 -4.755317688 41.132362366 -17.365070343 28.917749405 -30.263357162 53.609611511 -27.074012756 25.753780365 -54.627677917 13.002194405 -87.281906128 21.545881271 -31.537345886 2.165967464 -66.348220825 -43.578372955 -33.313106537 -50.590423584 -13.334828377 -33.302524567 16.084375381 -60.105525970 27.641843796 -65.694908142 56.444042206 -51.550460815 45.972236633 -27.753528595 54.238670349 -7.130019188 1284.685302734 -209.982040405 864.264282227 882.036682129 -131.453933716 1227.372558594 -1028.497924805 955.381225586 -1355.784545898 2.987157583 -1077.909423828 -963.057006836 -13.449937820 -1212.832885742 871.050170898 -930.223205566
95.789360046 11.327077866 39.994071960 23.702842712 13.491202354 27.715139389 3.148819447 25.604764938 9.930129051 35.129222870 -5.390368462 40.234809875 -17.517616272 28.153738022 -29.522069931 53.056396484 -26.129169464 25.369382858 -54.105907440 13.663313866 -87.094848633 22.450563431 -32.157558441 2.543225765 -67.318138123 -43.328891754 -33.945995331 -51.362934113 -13.492938042 -33.981384277 16.770759583 -60.501270294 28.518829346 -65.900978088 56.826442719 -50.787269592 45.959640503 -26.763225555 53.513984680 -6.756440639 1283.534301758 -210.166122437 863.214355469 881.500488281 -130.968032837 1226.219116211 -1027.834350586 954.251892090 -1354.739624023 3.345999241 -1076.767944336 -962.519104004 -13.815166473 -1211.578491211 870.481079102 -929.073486328
96.568107605 10.951806068 40.354373932 24.381021500 13.569566727 28.624692917 2.493901730 25.915575027 8.851834297 35.273498535 -6.017148018 39.313064575 -17.689353943 27.394096375 -28.757831573 52.510803223 -25.178745270 24.960525513 -53.595745087 14.339857101 -86.883934021 23.367950439 -32.784873962 2.901760340 -68.299621582 -43.055015564 -34.573204041 -52.159637451 -13.668486595 -34.647697449 17.480651855 -60.886589050 29.398044586 -66.126220703 57.191005707 -50.013252258 45.965557098 -25.761142731 52.783500671 -6.403193474 1282.385620117 -210.374664307 862.149291992 880.984069824 -130.460098267 1225.076416016 -1027.189819336 953.106262207 -1353.702758789 3.728016853 -1075.617919922 -962.004272461 -14.205629349 -1210.325195312 869.932617188 -927.910156250
97.347152710 10.553014755 40.696834564 25.070217133 13.669518471 29.549201965 1.828525543 26.208078384 7.760759830 35.439464569 -6.633844376 38.368534088 -17.880874634 26.638608932 -27.970188141 51.973503113 -24.225038528 24.527400970 -53.097503662 15.032679558 -86.648849487 24.295785904 -33.418510437 3.240613699 -69.293159485 -42.755805969 -35.194728851 -52.981864929 -13.861950874 -35.302131653 18.215286255 -61.261222839 30.280765533 -66.371833801 57.536926270 -49.229034424 45.990840912 -24.749134064 52.045879364 -6.069985867 1281.239624023 -210.607650757 861.069458008 880.487731934 -129.930236816 1223.944824219 -1026.564453125 951.944946289 -1352.674194336 4.133085251 -1074.459594727 -961.512634277 -14.621263504 -1209.073486328 869.405029297 -926.733520508
98.127052307 10.129693031 41.021884918 25.772302628 13.791966438 30.489175797 1.151441097 26.482339859 6.657121658 35.627902985 -7.238782883 37.402641296 -18.092588425 25.887674332 -27.158750534 51.445171356 -23.270105362 24.070228577 -52.611412048 15.742678642 -86.389404297 25.231918335 -34.058032990 3.559137583 -70.299011230 -42.430397034 -35.810371399 -53.830692291 -14.074139595 -35.946479797 18.975675583 -61.624790192 31.168140411 -66.638984680 57.863967896 -48.434143066 46.036220551 -23.729009628 51.299736023 -5.756548882 1280.096801758 -210.864990234 859.975463867 880.011901855 -129.378585815 1222.824584961 -1025.958740234 950.768371582 -1351.654418945 4.561070919 -1073.293334961 -961.044250488 -15.061985970 -1207.824096680 868.898498535 -925.543945312
98.908973694 9.680488586 41.329849243 26.489093781 13.937764168 31.444847107 0.461227238 26.738445282 5.540648460 35.839622498 -7.830430508 36.416793823 -18.324562073 25.142707825 -26.323163986 50.926445007 -22.315776825 23.589248657 -52.138927460 16.468936920 -86.105506897 26.174247742 -34.705074310 3.857805252 -71.317245483 -42.077999115 -36.419780731 -54.706951141 -14.305952072 -36.582553864 19.762500763 -61.976730347 32.061187744 -66.928779602 58.172443390 -47.626811981 46.102310181 -22.702524185 50.543636322 -5.462634563 1278.957763672 -211.146636963 858.867675781 879.556823730 -128.805313110 1221.715942383 -1025.373046875 949.577026367 -1350.643554688 5.011233330 -1072.119506836 -960.599243164 -15.527698517 -1206.577514648 868.413208008 -924.341735840
99.693878174 9.204087257 41.620944977 27.222341537 14.107710838 32.416221619 -0.241600275 26.975696564 4.411200047 36.075389862 -8.407398224 35.412357330 -18.576894760 24.404651642 -25.463098526 50.417938232 -21.363679886 23.084707260 -51.681266785 17.210672379 -85.797187805 27.120691299 -35.361591339 4.137163162 -72.347740173 -41.697906494 -37.022495270 -55.611289978 -14.558387756 -37.212158203 20.576246262 -62.316410065 32.960811615 -67.242309570 58.462543488 -46.805374146 46.189792633 -21.668415070 49.776054382 -5.188025951 1277.822998047 -211.452499390 857.746704102 879.122802734 -128.210525513 1220.619018555 -1024.807617188 948.371520996 -1349.641357422 5.482622623 -1070.938354492 -960.177673340 -16.018289566 -1205.334472656 867.949462891 -923.127319336
100.481987000 8.699586868 41.895275116 27.973731995 14.302549362 33.403148651 -0.956851363 27.193567276 3.268751383 36.335914612 -8.968438148 34.390640259 -18.849756241 23.674043655 -24.578231812 49.920230865 -20.415256500 22.556850433 -51.239395142 17.967327118 -85.464202881 28.070358276 -36.029621124 4.397686005 -73.389846802 -41.289623260 -37.617965698 -56.544174194 -14.832565308 -37.837089539 21.417352676 -62.643192291 33.867809296 -67.580642700 58.734371185 -45.968250275 46.299354553 -20.625650406 48.995403290 -4.932549477 1276.692871094 -211.782485962 856.613037109 878.710205078 -127.594398499 1219.534179688 -1024.262939453 947.152282715 -1348.647949219 5.974321842 -1069.750122070 -959.779724121 -16.533626556 -1204.095458984 867.507385254 -921.901000977
101.272598267 8.166651726 42.152835846 28.744878769 14.522398949 34.402458191 -1.684579015 27.391632080 2.113373041 36.621849060 -9.513860703 33.350311279 -19.143381119 22.951093674 -23.668243408 49.433876038 -19.471780777 22.005924225 -50.814079285 18.738534927 -85.105796814 29.023939133 -36.711273193 4.639760494 -74.442626953 -40.852828979 -38.204013824 -57.503475189 -15.129718781 -38.459121704 22.286289215 -62.956462860 34.782855988 -67.944801331 58.987918854 -45.113967896 46.431663513 -19.573390961 48.200031281 -4.696087837 1275.567993164 -212.136276245 855.467224121 878.319274902 -126.957077026 1218.461791992 -1023.739257812 945.919860840 -1347.663208008 6.485447884 -1068.555419922 -959.405334473 -17.073568344 -1202.861206055 867.087280273 -920.663208008
102.064407349 7.605388641 42.393234253 29.536449432 14.767270088 35.411243439 -2.424997568 27.569526672 0.945218265 36.933811188 -10.043849945 32.290184021 -19.458478928 22.234788895 -22.732801437 48.959388733 -18.534078598 21.431983948 -50.405712128 19.524475098 -84.721298218 29.981908798 -37.408695221 4.863663197 -75.505088806 -40.387260437 -38.778690338 -58.487159729 -15.451189041 -39.079936981 23.183563232 -63.255626678 35.706512451 -68.335777283 59.223094940 -44.241138458 46.587371826 -18.510974884 47.388256073 -4.478596687 1274.448486328 -212.512832642 854.309936523 877.949707031 -126.298736572 1217.401855469 -1023.236816406 944.674804688 -1346.687011719 7.015150547 -1067.354614258 -959.053710938 -17.637950897 -1201.632324219 866.689331055 -919.414367676
102.856101990 7.016014576 42.615638733 30.347734451 15.037090302 36.426830292 -3.180497646 27.727403641 -0.235490948 37.272369385 -10.558487892 31.209234238 -19.796278000 21.523090363 -21.771564484 48.497261047 -17.600906372 20.833879471 -50.013740540 20.327091217 -84.310050964 30.944566727 -38.124050140 5.069548607 -76.576370239 -39.892662048 -39.340255737 -59.493316650 -15.797719955 -39.699802399 24.109601974 -63.540069580 36.639221191 -68.754516602 59.439712524 -43.348503113 46.767120361 -17.437889099 46.558387756 -4.280113220 1273.334472656 -212.911132812 853.141967773 877.600952148 -125.620025635 1216.354736328 -1022.755920410 943.417663574 -1345.719238281 7.562613010 -1066.148437500 -958.724060059 -18.226602554 -1200.409301758 866.313659668 -918.154785156
103.647148132 6.398233891 42.819286346 31.178049088 15.331711769 37.446788788 -3.953163385 27.865209579 -1.428475142 37.638042450 -11.057763100 30.106561661 -20.158077240 20.814094543 -20.784177780 48.047973633 -16.671226501 20.210519791 -49.637756348 21.148229599 -83.871475220 31.912082672 -38.858867645 5.257261276 -77.655830383 -39.368717194 -39.887176514 -60.520137787 -16.169776917 -40.318405151 25.064676285 -63.809135437 37.578952789 -69.200874329 59.637508392 -42.434932709 46.971523285 -16.353754044 45.708774567 -4.100769520 1272.226074219 -213.330215454 851.964111328 877.272216797 -124.921875000 1215.319824219 -1022.296875000 942.148925781 -1344.759643555 8.127052307 -1064.937255859 -958.415588379 -18.839330673 -1199.192749023 865.960571289 -916.885009766
104.437522888 5.751378059 43.003677368 32.027565002 15.650935173 38.468917847 -4.744796276 27.982721329 -2.633407831 38.031314850 -11.541587830 28.981391907 -20.545244217 20.106054306 -19.770290375 47.611980438 -15.744195938 19.560882568 -49.277492523 21.989614487 -83.404998779 32.884513855 -39.614078522 5.426411152 -78.743026733 -38.815055847 -40.418098450 -61.565944672 -16.567806244 -40.935417175 26.048896790 -64.062133789 38.523841858 -69.674659729 59.816131592 -41.499439240 47.201175690 -15.258313179 44.837829590 -3.940791607 1271.123413086 -213.769119263 850.777099609 876.962890625 -124.205177307 1214.296997070 -1021.859802246 940.869262695 -1343.808227539 8.707717896 -1063.721557617 -958.127502441 -19.475936890 -1197.983398438 865.630187988 -915.605346680
105.227226257 5.074764729 43.168582916 32.897693634 15.995381355 39.493984222 -5.556937218 28.079576492 -3.849924803 38.452640533 -12.009808540 27.833061218 -20.959150314 19.397457123 -18.729547501 47.189731598 -14.819159508 18.884021759 -48.932811737 22.852828979 -82.910484314 33.861049652 -40.390598297 5.576560020 -79.837417603 -38.231369019 -40.932086945 -62.629673004 -16.992704391 -41.551216125 27.062139511 -64.298332214 39.472118378 -70.175628662 59.975059509 -40.541770935 47.456645966 -14.151415825 43.944915771 -3.800654411 1270.026489258 -214.226928711 849.581604004 876.672180176 -123.470794678 1213.286010742 -1021.444091797 939.579467773 -1342.864746094 9.303891182 -1062.501953125 -957.859069824 -20.136203766 -1196.781738281 865.322204590 -914.316467285
106.015792847 4.368080616 43.313655853 33.789581299 16.365669250 40.522659302 -6.390890121 28.155300140 -5.077631950 38.902423859 -12.462215424 26.661010742 -21.401119232 18.687099457 -17.661609650 46.781684875 -13.895637512 18.179080963 -48.603717804 23.739295959 -82.388099670 34.840347290 -41.189453125 5.707250595 -80.938453674 -37.617385864 -41.429363251 -63.712490082 -17.445846558 -42.166782379 28.104028702 -64.516967773 40.422111511 -70.703491211 60.113586426 -39.562797546 47.738475800 -13.033012390 43.030223846 -3.680987358 1268.935302734 -214.702774048 848.378234863 876.399475098 -122.719543457 1212.286621094 -1021.048950195 938.280334473 -1341.928955078 9.914883614 -1061.278686523 -957.609497070 -20.819902420 -1195.588256836 865.035827637 -913.018920898
106.802131653 3.631591082 43.438446045 34.704090118 16.762393951 41.555461884 -7.247738361 28.209337234 -6.316111565 39.381046295 -12.897839546 25.466615677 -21.872131348 17.974496841 -16.566171646 46.388298035 -12.973312378 17.445281982 -48.290336609 24.650249481 -81.837928772 35.821334839 -42.011558533 5.817955971 -82.045547485 -36.972885132 -41.910030365 -64.815414429 -17.928535461 -42.782829285 29.173997879 -64.717262268 41.372215271 -71.257888794 60.231025696 -38.563545227 48.046993256 -11.903860092 42.093833923 -3.582385302 1267.849975586 -215.195816040 847.167541504 876.144165039 -121.952201843 1211.298339844 -1020.673706055 936.972656250 -1341.000610352 10.540038109 -1060.052246094 -957.377990723 -21.526586533 -1194.403564453 864.770202637 -911.713378906
107.584663391 2.866097212 43.542442322 35.641815186 17.186126709 42.592773438 -8.128368378 28.241058350 -7.564928532 39.888862610 -13.315475464 24.252099991 -22.372804642 17.259798050 -15.442977905 46.010040283 -12.052021027 16.681941986 -47.992919922 25.586730957 -81.259796143 36.803527832 -42.857521057 5.908069134 -83.158065796 -36.297687531 -42.374099731 -65.939331055 -18.441984177 -43.399841309 30.271345139 -64.898468018 42.321674347 -71.838890076 60.326839447 -37.544380188 48.382179260 -10.765883446 41.135131836 -3.505358219 1266.770385742 -215.705261230 845.950073242 875.905578613 -121.169509888 1210.320922852 -1020.317626953 935.656982422 -1340.079711914 11.178727150 -1058.822875977 -957.163940430 -22.255157471 -1193.227661133 864.524658203 -910.400390625
108.361755371 2.072552681 43.625072479 36.603080750 17.637405396 43.634857178 -9.033485413 28.249799728 -8.823635101 40.426193237 -13.714086533 23.019489288 -22.903673172 16.543294907 -14.291833878 45.647399902 -11.131738663 15.888472557 -47.711814880 26.549566269 -80.653327942 37.786754608 -43.727787018 5.976941109 -84.275398254 -35.591640472 -42.821514130 -67.085021973 -18.987327576 -44.018096924 31.395307541 -65.059860229 43.271148682 -72.447372437 60.400577545 -36.504806519 48.743915558 -9.621009827 40.153125763 -3.450410128 1265.696533203 -216.230300903 844.726379395 875.682983398 -120.372192383 1209.354125977 -1019.980102539 934.334106445 -1339.165771484 11.830350876 -1057.590820312 -956.966552734 -23.004562378 -1192.060424805 864.298278809 -909.080383301
109.132347107 1.251436949 43.685733795 37.587959290 18.116737366 44.681854248 -9.963628769 28.234855652 -10.091774940 40.993339539 -14.093123436 21.769584656 -23.465421677 15.825067520 -13.112623215 45.300884247 -10.212566376 15.064374924 -47.447456360 27.539360046 -80.018241882 38.770755768 -44.622871399 6.023914814 -85.396919250 -34.854618073 -43.252143860 -68.253135681 -19.565607071 -44.637699127 32.545101166 -65.200759888 44.221054077 -73.084114075 60.451766968 -35.444541931 49.132282257 -8.470283508 39.147136688 -3.418103456 1264.628295898 -216.770233154 843.496887207 875.475830078 -119.560905457 1208.397583008 -1019.660461426 933.004516602 -1338.258911133 12.494338036 -1056.356567383 -956.785217285 -23.773790359 -1190.901977539 864.090454102 -907.753967285
109.896171570 0.402463347 43.723819733 38.596294403 18.624597549 45.733825684 -10.919191360 28.195508957 -11.368884087 41.590576172 -14.452546120 20.501617432 -24.059034348 15.104843140 -11.905313492 44.971008301 -9.295654297 14.210087776 -47.200359344 28.556493759 -79.354362488 39.755062103 -45.543422699 6.048322678 -86.521987915 -34.086524963 -43.665466309 -69.443328857 -20.177780151 -45.258609772 33.719936371 -65.320533752 45.171627045 -73.749786377 60.479911804 -34.363517761 49.547710419 -7.313603878 38.116775513 -3.409037113 1263.565673828 -217.324310303 842.262023926 875.283569336 -118.736305237 1207.451049805 -1019.357971191 931.668823242 -1337.358520508 13.170143127 -1055.120117188 -956.619201660 -24.561872482 -1189.752197266 863.900390625 -906.421569824
110.653038025 -0.474734038 43.738723755 39.627700806 19.161426544 46.790729523 -11.900238037 28.131042480 -12.654495239 42.218158722 -14.792332649 19.214668274 -24.685520172 14.382371902 -10.669965744 44.658309937 -8.382860184 13.326770782 -46.971096039 29.601131439 -78.661567688 40.739192963 -46.489944458 6.049468517 -87.650398254 -33.287902832 -44.060718536 -70.654487610 -20.824558258 -45.880489349 34.919029236 -65.418586731 46.122917175 -74.444969177 60.484508514 -33.261859894 49.990673065 -6.150711536 37.061958313 -3.423823833 1262.508666992 -217.891876221 841.022277832 875.105468750 -117.899002075 1206.514038086 -1019.072021484 930.327514648 -1336.464721680 13.857245445 -1053.881835938 -956.467956543 -25.367879868 -1188.610961914 863.727355957 -905.083496094
111.402641296 -1.380424380 43.729854584 40.681621552 19.727634430 47.852462769 -12.906521797 28.040763855 -13.948139191 42.876319885 -15.112397194 17.907941818 -25.345811844 13.657560349 -9.406734467 44.363338470 -7.475869179 12.415532112 -46.760284424 30.673173904 -77.939613342 41.722827911 -47.462799072 6.026639462 -88.782409668 -32.460094452 -44.437164307 -71.885414124 -21.506341934 -46.502704620 36.141567230 -65.494346619 47.074821472 -75.170135498 60.465061188 -32.139854431 50.461647034 -4.981433868 35.982860565 -3.463071585 1261.457031250 -218.472274780 839.777893066 874.941040039 -117.049575806 1205.586303711 -1018.801940918 928.981018066 -1335.577148438 14.555148125 -1052.642089844 -956.330810547 -26.190925598 -1187.478149414 863.570617676 -903.740234375
112.144622803 -2.314790726 43.696666718 41.757324219 20.323602676 48.918857574 -13.937505722 27.924020767 -15.249704361 43.564598083 -15.412593842 16.580755234 -26.040708542 12.930494308 -8.115869522 44.086635590 -6.575591564 11.476808548 -46.568607330 31.772129059 -77.188133240 42.705841064 -48.462131500 5.979118347 -89.918807983 -31.605117798 -44.794269562 -73.135406494 -22.223369598 -47.124485016 37.386714935 -65.547294617 48.027118683 -75.925666809 60.421100616 -30.997947693 50.961067200 -3.805672407 34.879917145 -3.527365685 1260.410766602 -219.064865112 838.529235840 874.789733887 -116.188575745 1204.667480469 -1018.547119141 927.629821777 -1334.695556641 15.263381004 -1051.400756836 -956.207214355 -27.030160904 -1186.353637695 863.429626465 -902.392089844
112.878448486 -3.277782202 43.638637543 42.853939056 20.949680328 49.989692688 -14.992398262 27.780225754 -16.559543610 44.281726837 -15.692736626 15.232524872 -26.770792007 12.201511383 -6.797709942 43.828762054 -5.682034969 10.510147095 -46.396751404 32.897281647 -76.406768799 43.688083649 -49.487739563 5.906204700 -91.060836792 -30.725496292 -45.131759644 -74.404533386 -22.975877762 -47.745098114 38.653568268 -65.576934814 48.979473114 -76.711868286 60.352165222 -29.836709976 51.489360809 -2.623393059 33.753772736 -3.617256641 1259.369750977 -219.669097900 837.276733398 874.650939941 -115.316528320 1203.757324219 -1018.307006836 926.274353027 -1333.819702148 15.981491089 -1050.158203125 -956.096496582 -27.884775162 -1185.237426758 863.303649902 -901.039367676
113.603553772 -4.268693447 43.555427551 43.970497131 21.606187820 51.064708710 -16.070188522 27.608858109 -17.878454208 45.025779724 -15.952577591 13.862957954 -27.536426544 11.471173286 -5.452681065 43.590259552 -4.794823647 9.515479088 -46.245380402 34.047851562 -75.595199585 44.669353485 -50.539104462 5.807239056 -92.210182190 -29.824092865 -45.449542999 -75.693572998 -23.764131546 -48.363861084 39.941184998 -65.582817078 49.931465149 -77.528945923 60.257835388 -28.656824112 52.046939850 -1.434615970 32.605258942 -3.733249187 1258.333862305 -220.284362793 836.020568848 874.524230957 -114.433937073 1202.855468750 -1018.080932617 924.914916992 -1332.949462891 16.709051132 -1048.914550781 -955.998168945 -28.753997803 -1184.129150391 863.192016602 -899.682373047
114.320098877 -5.286115170 43.447772980 45.105972290 22.293415070 52.143592834 -17.169765472 27.409906387 -19.207639694 45.794288635 -16.192747116 12.472500801 -28.337753296 10.740233421 -4.081286430 43.371673584 -3.912987232 8.493369102 -46.115104675 35.223083496 -74.753143311 45.649394989 -51.615417480 5.681616783 -93.368904114 -28.903974533 -45.747467041 -77.003189087 -24.588344574 -48.980075836 41.248600006 -65.565246582 50.882606506 -78.377059937 60.138141632 -27.459016800 52.634193420 -0.239409700 31.435335159 -3.875618935 1257.302978516 -220.910140991 834.761108398 874.408996582 -113.541282654 1201.961669922 -1017.868347168 923.551879883 -1332.084594727 17.445652008 -1047.669921875 -955.911682129 -29.637090683 -1183.028808594 863.094238281 -898.321411133
115.029090881 -6.328317642 43.317401886 46.259109497 23.011335373 53.225547791 -18.290107727 27.184459686 -20.548532486 46.584323883 -16.414745331 11.061903000 -29.174701691 10.009603500 -2.684119225 43.173377991 -3.034979820 7.444910049 -46.006504059 36.422191620 -73.880340576 46.627933502 -52.715740204 5.529606342 -94.539108276 -27.968063354 -46.025352478 -78.333946228 -25.448560715 -49.592933655 42.574893951 -65.525527954 51.832145691 -79.256088257 59.994152069 -26.243936539 53.251483917 0.962113559 30.244924545 -4.043543339 1256.276977539 -221.545898438 833.498535156 874.304748535 -112.638999939 1201.075439453 -1017.668701172 922.185546875 -1331.224853516 18.190904617 -1046.424438477 -955.836547852 -30.533353806 -1181.936157227 863.009582520 -896.956726074
115.732360840 -7.393492699 43.166900635 47.428688049 23.759656906 54.309654236 -19.430376053 26.934581757 -21.902687073 47.392601013 -16.620870590 9.631825447 -30.046976089 9.280349731 -1.261950374 42.994720459 -2.158728123 6.371624470 -45.919334412 37.644229889 -72.977241516 47.605293274 -53.839145660 5.352540970 -95.722732544 -27.018962860 -46.283977509 -79.686134338 -26.344556808 -50.201473236 43.919265747 -65.465850830 52.778919220 -80.165458679 59.827873230 -25.012084961 53.899166107 2.169801712 29.034820557 -4.235216141 1255.255859375 -222.191162109 832.233093262 874.211059570 -111.727531433 1200.196655273 -1017.481445312 920.816223145 -1330.370117188 18.944437027 -1045.178100586 -955.772155762 -31.442115784 -1180.851074219 862.937561035 -895.588562012
116.432441711 -8.479787827 42.999526978 48.613777161 24.537231445 55.395729065 -20.589962006 26.663173676 -23.271615982 48.215827942 -16.814105988 8.182579994 -30.953971863 8.553736687 0.184285283 42.834106445 -1.281703234 5.275369167 -45.852344513 38.888080597 -72.045089722 48.582508087 -54.984790802 5.152690887 -96.921501160 -26.059030533 -46.524978638 -81.059715271 -27.275407791 -50.805347443 45.281089783 -65.389129639 53.722354889 -81.103637695 59.642093658 -23.763771057 54.577568054 3.383465290 27.805629730 -4.447979450 1254.239257812 -222.845443726 830.965026855 874.127441406 -110.807281494 1199.324829102 -1017.306030273 919.444152832 -1329.520141602 19.705896378 -1043.931274414 -955.718200684 -32.362743378 -1179.773315430 862.877563477 -894.217102051
117.132339478 -9.585227966 42.819023132 49.813835144 25.342346191 56.484470367 -21.768236160 26.373878479 -24.656635284 49.051006317 -16.997970581 6.714080811 -31.894525528 7.830672741 1.653506279 42.689155579 -0.401014894 4.158254623 -45.803409576 40.152542114 -71.085990906 49.561038971 -56.151973724 4.933123112 -98.136886597 -25.090442657 -46.750732422 -82.454216003 -28.239517212 -51.404964447 46.659881592 -65.298851013 54.662704468 -82.068595886 59.440261841 -22.499105453 55.286293030 4.603291035 26.557744980 -4.678471088 1253.227294922 -223.508285522 829.694519043 874.053405762 -109.878631592 1198.459960938 -1017.142028809 918.069580078 -1328.674560547 20.474946976 -1042.683837891 -955.674011230 -33.294631958 -1178.702636719 862.829162598 -892.842529297
117.835189819 -10.707739830 42.629241943 51.028697968 26.172878265 57.577404022 -22.964677811 26.070884705 -26.058891296 49.895423889 -17.176332474 5.226180077 -32.866802216 7.111237526 3.144562960 42.556812286 0.486352772 3.022466660 -45.769657135 41.436458588 -70.102653503 50.542850494 -57.339927673 4.697595119 -99.370117188 -24.115240097 -46.964252472 -83.868934631 -29.234764099 -52.001445770 48.055259705 -65.198951721 55.601150513 -83.058082581 59.226303101 -21.218004227 56.024063110 5.829989910 25.291347504 -4.922772884 1252.219604492 -224.179290771 828.421752930 873.988586426 -108.941955566 1197.601440430 -1016.988830566 916.692810059 -1327.833374023 21.251268387 -1041.436035156 -955.639343262 -34.237201691 -1177.638916016 862.791687012 -891.465087891
118.543785095 -11.845396042 42.433624268 52.258419037 27.026359558 58.676708221 -24.178764343 25.758007050 -27.479387283 50.746616364 -17.352739334 3.718719959 -33.868515015 6.394680023 4.656295776 42.433521271 1.383114696 1.869962573 -45.747623444 42.738822937 -69.098068237 51.530426025 -58.547801971 4.450160503 -100.622207642 -23.135347366 -47.169071198 -85.303123474 -30.258581161 -52.596553802 49.466865540 -65.093025208 56.539737701 -84.069847107 59.003890991 -19.920341492 56.788864136 7.064775467 24.006542206 -5.177099705 1251.216308594 -224.858016968 827.146911621 873.932556152 -107.997596741 1196.749145508 -1016.846069336 915.313903809 -1326.996337891 22.034551620 -1040.187744141 -955.613586426 -35.189907074 -1176.581909180 862.764770508 -890.084960938
119.260604858 -12.996437073 42.235260010 53.503105164 27.899980545 59.784950256 -25.410036087 25.438695908 -28.918977737 51.602340698 -17.530374527 2.191552162 -34.897056580 5.679476738 6.187582493 42.315574646 2.291705608 0.702512145 -45.733409882 44.058853149 -68.074989319 52.526401520 -59.774658203 4.194537163 -101.893959045 -22.152576447 -47.369003296 -86.756195068 -31.307947159 -53.192523956 50.894302368 -64.984313965 57.481174469 -85.101623535 58.776317596 -18.605993271 57.578090668 8.309309959 22.703422546 -5.438034058 1250.217163086 -225.544097900 825.870117188 873.884948730 -107.045883179 1195.902832031 -1016.713195801 913.933166504 -1326.163330078 22.824510574 -1038.939086914 -955.596435547 -36.152225494 -1175.531372070 862.747924805 -888.702209473
119.987930298 -14.159344673 42.036930084 54.762859344 28.790983200 60.904678345 -26.658107758 25.116060257 -30.378362656 52.460529327 -17.712097168 0.644595921 -35.949596405 4.963465214 7.737367153 42.199634552 3.214302540 -0.478269935 -45.723510742 45.395999908 -67.035629272 53.533351898 -61.019611359 3.934102297 -103.186004639 -21.168634415 -47.567504883 -88.227836609 -32.379577637 -53.791912079 52.337135315 -64.875755310 58.428451538 -86.150955200 58.546554565 -17.274841309 58.388671875 9.565625191 21.382081985 -5.702491283 1249.222045898 -226.237136841 824.591552734 873.845275879 -106.087142944 1195.062255859 -1016.589843750 912.550720215 -1325.333984375 23.620862961 -1037.690307617 -955.587524414 -37.123668671 -1174.487182617 862.740600586 -887.317016602
120.727874756 -15.332867622 41.841133118 56.037773132 29.696851730 62.038124084 -27.922674179 24.792894363 -31.858091354 53.319274902 -17.900451660 -0.921944141 -37.023075104 4.244004726 9.304641724 42.082706451 4.152846813 -1.670900702 -45.714752197 46.749774933 -65.981857300 54.553756714 -62.281917572 3.671895027 -104.498847961 -20.185108185 -47.767700195 -89.717926025 -33.470382690 -54.396972656 53.794902802 -64.769973755 59.384292603 -87.215682983 58.317283630 -15.926783562 59.217414856 10.835886002 20.042600632 -5.967687130 1248.230834961 -226.936798096 823.311340332 873.813232422 -105.121665955 1194.226928711 -1016.475524902 911.166748047 -1324.508300781 24.423347473 -1036.441162109 -955.586364746 -38.103759766 -1173.449218750 862.742431641 -885.929565430
121.482437134 -16.516008377 41.650123596 57.327926636 30.615274429 63.187244415 -29.203516006 24.471694946 -33.358547211 54.176792145 -18.097705841 -2.507651329 -38.114616394 3.518713474 10.888428688 41.962093353 5.109068394 -2.874010801 -45.704296112 48.119758606 -64.915336609 55.589836121 -63.561054230 3.410626411 -105.832870483 -19.203479767 -47.972412109 -91.226379395 -34.577491760 -55.009708405 55.267105103 -64.669349670 60.351154327 -88.293876648 58.090911865 -14.561730385 60.061450958 12.122057915 18.685052872 -6.231112480 1247.243408203 -227.642715454 822.029602051 873.788391113 -104.149742126 1193.396850586 -1016.369812012 909.781311035 -1323.686035156 25.231710434 -1035.191772461 -955.592712402 -39.092052460 -1172.417114258 862.752929688 -884.539916992
122.253471375 -17.707958221 41.465934753 58.633407593 31.544130325 64.353752136 -30.500518799 24.154693604 -34.879970551 55.031417847 -18.305891037 -4.112010002 -39.221481323 2.785528898 12.487762451 41.835384369 6.084506035 -4.086331367 -45.689571381 49.505577087 -63.837615967 56.643558502 -64.856704712 3.152705431 -107.188369751 -18.225122452 -48.184165955 -92.753067017 -35.698265076 -55.631912231 56.753246307 -64.576011658 61.331249237 -89.383804321 57.869613647 -13.179602623 60.918197632 13.425896645 17.309492111 -6.490508556 1246.259643555 -228.354598999 820.746459961 873.770568848 -103.171630859 1192.571655273 -1016.272399902 908.394653320 -1322.866943359 26.045711517 -1033.942382812 -955.606079102 -40.088123322 -1171.390625000 862.771789551 -883.148254395
123.042655945 -18.907962799 41.290401459 59.954227448 32.481479645 65.539161682 -31.813684464 23.843870163 -36.422470093 55.881591797 -18.526838303 -5.734499454 -40.341072083 2.042677879 14.101685524 41.700420380 7.080464363 -5.306605339 -45.668273926 50.906913757 -62.750133514 57.716678619 -66.168678284 2.900279522 -108.565544128 -17.251321793 -48.405220032 -94.297660828 -36.830280304 -56.265159607 58.252822876 -64.491889954 62.326568604 -90.483901978 57.655353546 -11.780323029 61.785312653 14.748960495 15.915938377 -6.743841648 1245.279418945 -229.072113037 819.461975098 873.759277344 -102.187606812 1191.751220703 -1016.182861328 907.006835938 -1322.051025391 26.865119934 -1032.692749023 -955.626220703 -41.091571808 -1170.369750977 862.798522949 -881.754577637
123.851486206 -20.115299225 41.125186920 61.290367126 33.425552368 66.744827271 -33.143138885 23.540977478 -37.986042023 56.725845337 -18.762197495 -7.374639988 -41.470943451 1.288634181 15.729245186 41.555267334 8.098051071 -6.533601761 -45.638324738 52.323501587 -61.654224396 58.810726166 -67.496833801 2.655280590 -109.964523315 -16.283279419 -48.637580872 -95.859680176 -37.971275330 -56.910839081 59.765338898 -64.418701172 63.338897705 -91.592750549 57.449893951 -10.363814354 62.660648346 16.092611313 14.504377365 -6.989284515 1244.302612305 -229.794982910 818.176269531 873.754211426 -101.197898865 1190.935180664 -1016.100769043 905.617980957 -1321.237915039 27.689720154 -1031.443115234 -955.652832031 -42.102008820 -1169.354125977 862.832763672 -880.359069824
124.681289673 -21.329280853 40.971801758 62.641792297 34.374736786 67.971931458 -34.489067078 23.247583389 -39.570590973 57.562824249 -19.013463974 -9.031983376 -42.608844757 0.522066891 17.369504929 41.398200989 9.138248444 -7.766180992 -45.597839355 53.755119324 -60.551166534 59.927047729 -68.841056824 2.419443369 -111.385322571 -15.322131157 -48.883033752 -97.438484192 -39.119159698 -57.570144653 61.290294647 -64.358001709 64.369834900 -92.709045410 57.254837036 -8.929990768 63.542236328 17.458032608 13.074748993 -7.225192547 1243.329101562 -230.522903442 816.889404297 873.755187988 -100.202751160 1190.123291016 -1016.025817871 904.228149414 -1320.427734375 28.519302368 -1030.193359375 -955.685546875 -43.119075775 -1168.343750000 862.874145508 -878.961791992
125.533241272 -22.549205780 40.831604004 64.008483887 35.327545166 69.221557617 -35.851699829 22.965091705 -41.175895691 58.391376495 -19.281984329 -10.706073761 -43.752723694 -0.258202702 19.021551132 41.227676392 10.201972008 -9.003336906 -45.545127869 55.201610565 -59.442169189 61.066799164 -70.201301575 2.194323540 -112.827796936 -14.368777275 -49.143165588 -99.033332825 -40.271957397 -58.244098663 62.827194214 -64.311187744 65.420806885 -93.831604004 57.071620941 -7.478758335 64.428260803 18.846237183 11.626947403 -7.450086594 1242.358886719 -231.255630493 815.601562500 873.761779785 -99.202377319 1189.315551758 -1015.957702637 902.837463379 -1319.620117188 29.353664398 -1028.943603516 -955.724060059 -44.142421722 -1167.338134766 862.922363281 -877.562805176
126.408317566 -23.774295807 40.705821991 65.390472412 36.282623291 70.494628906 -37.231311798 22.694761276 -42.801498413 59.210830688 -19.568967819 -12.396397591 -44.900753021 -1.053234935 20.684503555 41.042320251 11.290094376 -10.244200706 -45.478656769 56.662860870 -58.328384399 62.230987549 -71.577583313 1.981316209 -114.291458130 -13.423689842 -49.419395447 -100.643463135 -41.427845001 -58.933570862 64.375526428 -64.279510498 66.493110657 -94.959320068 56.901573181 -6.010084152 65.317047119 20.258087158 10.160815239 -7.662632942 1241.391723633 -231.992889404 814.312683105 873.773742676 -98.196998596 1188.511474609 -1015.896057129 901.446044922 -1318.814941406 30.192619324 -1027.693725586 -955.768127441 -45.171718597 -1166.337402344 862.977050781 -876.162170410
127.307319641 -25.003740311 40.595573425 66.787834167 37.238689423 71.791946411 -38.628223419 22.437726974 -44.446731567 60.020980835 -19.875484467 -14.102353096 -46.051315308 -1.863993406 22.357526779 40.840911865 12.403429031 -11.487999916 -45.397029877 58.138809204 -57.210914612 63.420459747 -72.970001221 1.781673312 -115.775566101 -12.486926079 -49.712989807 -102.268112183 -42.585144043 -59.639308929 65.934776306 -64.264099121 67.587867737 -96.091194153 56.745895386 -4.524048805 66.207031250 21.694303513 8.676152229 -7.861627102 1240.427490234 -232.734436035 813.022888184 873.790832520 -97.186798096 1187.711059570 -1015.840576172 900.053955078 -1318.012084961 31.035984039 -1026.443847656 -955.817443848 -46.206657410 -1165.341064453 863.037902832 -874.760070801
128.230941772 -26.236726761 40.501865387 68.200691223 38.194541931 73.114196777 -40.042804718 22.195011139 -46.109672546 60.821510315 -20.202482224 -15.823233604 -47.202980042 -2.691356182 24.039825439 40.622348785 13.542709351 -12.734015465 -45.298976898 59.629436493 -56.090839386 64.635932922 -74.378723145 1.596521258 -117.279006958 -11.558244705 -50.025081635 -103.906524658 -43.742343903 -60.361972809 67.504417419 -64.265960693 68.706100464 -97.226234436 56.605697632 -3.020790100 67.096763611 23.155488968 7.172717094 -8.045973778 1239.466308594 -233.480041504 811.732238770 873.812744141 -96.171981812 1186.914062500 -1015.790893555 898.661193848 -1317.211547852 31.883584976 -1025.193969727 -955.871765137 -47.246936798 -1164.349243164 863.104553223 -873.356384277
129.179794312 -27.472476959 40.425636292 69.629158020 39.149036407 74.461906433 -41.475448608 21.967546463 -47.777519226 61.607357025 -20.550790787 -17.558248520 -48.354496002 -3.536123276 25.730655670 40.385662079 14.708596230 -13.981573105 -45.183341980 61.134754181 -54.969245911 65.877929688 -75.803993225 1.426877499 -118.799522400 -10.637662888 -50.356689453 -105.557960510 -44.898124695 -61.102161407 69.083908081 -64.286010742 69.848548889 -98.363418579 56.481990814 -1.500444531 67.984886169 24.642095566 5.650237083 -8.214677811 1238.507690430 -234.229476929 810.440856934 873.839294434 -95.152732849 1186.120239258 -1015.746826172 897.267883301 -1316.412963867 32.735256195 -1023.944152832 -955.930847168 -48.292270660 -1163.361450195 863.176757812 -871.951354980
130.154418945 -28.710268021 40.367736816 71.073348999 40.101066589 75.835502625 -42.926586151 21.756181717 -49.449497223 62.380043030 -20.921134949 -19.306554794 -49.504745483 -4.399020672 27.429313660 40.129981995 15.901687622 -15.230040550 -45.049060822 62.654796600 -53.847217560 67.146827698 -77.246116638 1.273666263 -120.334899902 -9.724764824 -50.708709717 -107.221672058 -46.051353455 -61.860431671 70.672698975 -64.325050354 71.015808105 -99.501693726 56.375694275 0.036897652 68.870079041 26.154422760 4.108418941 -8.366823196 1237.551879883 -234.982543945 809.148681641 873.870178223 -94.129219055 1185.329345703 -1015.708068848 895.874023438 -1315.616455078 33.590839386 -1022.694213867 -955.994384766 -49.342399597 -1162.377807617 863.254211426 -870.544921875
131.155319214 -29.949419022 40.328956604 72.533340454 41.049556732 77.235237122 -44.396633148 21.561702728 -51.124713898 63.141544342 -21.314147949 -21.067277908 -50.652736664 -5.280706882 29.135131836 39.854534149 17.122520447 -16.478820801 -44.895168304 64.189445496 -52.725818634 68.442893982 -78.705383301 1.137739778 -121.882919312 -8.818770409 -51.081939697 -108.896903992 -47.201076508 -62.637321472 72.270233154 -64.383819580 72.208305359 -100.640014648 56.287647247 1.591198683 69.751098633 27.692649841 2.546957731 -8.501565933 1236.598754883 -235.739013672 807.855834961 873.905212402 -93.101600647 1184.541381836 -1015.674255371 894.479736328 -1314.821655273 34.450183868 -1021.444335938 -956.062255859 -50.397060394 -1161.397949219 863.336669922 -869.137145996
132.182891846 -31.189285278 40.310039520 74.009162903 41.993450165 78.661270142 -45.885963440 21.384849548 -52.802200317 63.894153595 -21.730388641 -22.839563370 -51.797584534 -6.181778431 30.847467422 39.558635712 18.371511459 -17.727277756 -44.720794678 65.738479614 -51.606101990 69.766273499 -80.182067871 1.019889593 -123.441474915 -7.918602467 -51.477073669 -110.582847595 -48.346500397 -63.433349609 73.875946045 -64.462959290 73.426414490 -101.777389526 56.218616486 3.162451982 70.626754761 29.256843567 0.965552688 -8.618122101 1235.647949219 -236.498718262 806.562316895 873.944152832 -92.070045471 1183.756103516 -1015.645263672 893.085021973 -1314.028564453 35.313144684 -1020.194458008 -956.134155273 -51.456012726 -1160.421752930 863.423828125 -867.728149414
133.237533569 -32.429225922 40.311660767 75.500770569 42.931713104 80.113609314 -47.394886017 21.226316452 -54.480953217 64.640365601 -22.170345306 -24.622571945 -52.938495636 -7.102779388 32.555618286 39.243453979 19.648931503 -18.974710464 -44.525150299 67.301559448 -50.489082336 71.117019653 -81.676406860 0.920854151 -125.008522034 -7.022971153 -51.894718170 -112.278678894 -49.486968994 -64.249031067 75.488189697 -64.563011169 74.670440674 -102.912895203 56.169315338 4.750643253 71.495933533 30.846981049 -0.636082590 -8.715760231 1234.699584961 -237.261444092 805.268249512 873.986755371 -91.034698486 1182.973388672 -1015.620788574 891.690002441 -1313.237182617 36.179580688 -1018.944519043 -956.209838867 -52.519023895 -1159.449096680 863.515502930 -866.317871094
134.319519043 -33.668590546 40.334465027 77.008041382 43.863334656 81.592155457 -48.923648834 21.086767197 -56.159992218 65.382751465 -22.634450912 -26.415504456 -54.074768066 -8.044205666 34.257648468 38.909626007 20.954927444 -20.220369339 -44.307514191 68.878334045 -49.375743866 72.495117188 -83.188598633 0.841324568 -126.582138062 -6.130447388 -52.335391998 -113.983551025 -50.621940613 -65.084854126 77.105522156 -64.684104919 75.940666199 -104.045707703 56.140407562 6.355709076 72.357559204 32.462963104 -2.258208275 -8.793790817 1233.753662109 -238.027038574 803.973571777 874.032897949 -89.995697021 1182.192871094 -1015.600524902 890.294555664 -1312.447143555 37.049362183 -1017.694580078 -956.289245605 -53.585872650 -1158.479858398 863.611328125 -864.906433105
135.429046631 -34.906707764 40.379043579 78.530776978 44.787326813 83.096740723 -50.472415924 20.966827393 -57.838359833 66.123840332 -23.123086929 -28.217590332 -55.205768585 -9.006514549 35.953819275 38.558197021 22.285511017 -21.459629059 -44.067241669 70.468429565 -48.267044067 73.900482178 -84.718841553 0.781949997 -128.160507202 -5.239543438 -52.799545288 -115.696624756 -51.750953674 -65.941284180 78.726661682 -64.825782776 77.236991882 -105.174736023 56.132511139 7.977500916 73.210632324 34.104621887 -3.901046515 -8.851563454 1232.809814453 -238.795318604 802.678344727 874.082275391 -88.953193665 1181.414672852 -1015.584350586 888.898864746 -1311.658569336 37.922363281 -1016.444702148 -956.372009277 -54.656352997 -1157.513793945 863.711181641 -863.493896484
136.565887451 -36.142494202 40.445945740 80.068664551 45.702754974 84.627113342 -52.041305542 20.867095947 -59.515171051 66.866043091 -23.636581421 -30.028078079 -56.330928802 -9.990121841 37.644569397 38.190849304 23.629877090 -22.681764603 -43.804924011 72.063583374 -47.163906097 75.332969666 -86.267318726 0.743342638 -129.742004395 -4.348778725 -53.287555695 -117.417053223 -52.873596191 -66.818756104 80.350540161 -64.987014771 78.558097839 -106.297920227 56.146205902 9.615112305 74.054199219 35.771732330 -5.564687729 -8.888458252 1231.868164062 -239.566116333 801.382690430 874.134826660 -87.907310486 1180.638549805 -1015.571960449 887.502929688 -1310.871215820 38.798461914 -1015.194763184 -956.458068848 -55.730266571 -1156.550781250 863.814758301 -862.080139160
137.728744507 -37.373783112 40.535644531 81.620643616 46.608715057 86.182983398 -53.630348206 20.788141251 -61.189617157 67.611526489 -24.174844742 -31.846340179 -57.449718475 -10.995402336 39.330486298 37.809753418 24.988126755 -23.886558533 -43.521606445 73.654388428 -46.067226410 76.792373657 -87.834175110 0.726082623 -131.325088501 -3.456743956 -53.799762726 -119.144027710 -53.989501953 -67.717689514 81.976264954 -65.166282654 79.902709961 -107.413383484 56.181945801 11.259968758 74.887351990 37.464015961 -7.233217239 -8.903534889 1230.928710938 -240.339294434 800.086486816 874.190246582 -86.858169556 1179.864257812 -1015.563232422 886.106689453 -1310.085083008 39.677536011 -1013.944763184 -956.547180176 -56.807415009 -1155.590576172 863.921875000 -860.665405273
138.916397095 -38.598640442 40.648502350 83.184623718 47.504367828 87.764022827 -55.238132477 20.730575562 -62.860980988 68.362213135 -24.737333298 -33.671897888 -58.561641693 -12.022686005 41.012287140 37.417438507 26.359815598 -25.074476242 -43.216949463 75.240821838 -44.977859497 78.278442383 -89.418037415 0.730738640 -132.908447266 -2.562151670 -54.336265564 -120.876831055 -55.098312378 -68.638427734 83.603141785 -65.361640930 81.269668579 -108.519477844 56.239921570 12.903207779 75.709236145 39.181156158 -8.902450562 -8.896407127 1229.991088867 -241.114685059 798.789855957 874.248474121 -85.805885315 1179.091674805 -1015.557922363 884.710266113 -1309.300048828 40.559482574 -1012.694824219 -956.639221191 -57.887626648 -1154.633300781 864.032409668 -859.249511719
140.127761841 -39.815357208 40.784801483 84.758682251 48.388904572 89.369895935 -56.862571716 20.694971085 -64.528663635 69.119674683 -25.323095322 -35.504421234 -59.666213989 -13.072250366 42.690769196 37.016662598 27.744052887 -26.246589661 -42.890937805 76.822845459 -43.896633148 79.790885925 -91.017005920 0.757810116 -134.490905762 -1.663876772 -54.896694183 -122.614921570 -56.199680328 -69.581298828 85.230659485 -65.570838928 82.657920837 -109.614723206 56.320365906 14.544759750 76.511718750 40.907497406 -10.572381973 -8.866807938 1229.055419922 -241.892150879 797.492858887 874.309265137 -84.750587463 1178.320800781 -1015.555847168 883.313659668 -1308.515991211 41.444190979 -1011.444763184 -956.733947754 -58.970722198 -1153.678588867 864.146057129 -857.832641602
141.361724854 -41.022499084 40.944778442 86.341064453 49.260971069 90.999122620 -58.501762390 20.681808472 -66.192184448 69.885139465 -25.930841446 -37.343723297 -60.762958527 -14.144311905 44.366779327 36.610279083 29.139596939 -27.404485703 -42.544399261 78.400596619 -42.825153351 81.328262329 -92.629333496 0.807721436 -136.071075439 -0.761200309 -55.480239868 -124.357963562 -57.293239594 -70.546562195 86.858451843 -65.791381836 84.065780640 -110.697563171 56.423492432 16.184524536 77.293113708 42.640186310 -12.242938995 -8.814498901 1228.121582031 -242.671569824 796.195373535 874.372497559 -83.692375183 1177.551513672 -1015.556762695 881.916870117 -1307.732910156 42.331558228 -1010.194702148 -956.831298828 -60.056537628 -1152.726440430 864.262634277 -856.414794922
142.616912842 -42.219223022 41.128597260 87.930130005 50.119018555 92.649749756 -60.147098541 20.691556931 -67.851173401 70.659477234 -26.559007645 -39.189758301 -61.851371765 -15.239023209 46.041152954 36.201141357 30.544952393 -28.550157547 -42.178878784 79.974327087 -41.765178680 82.888763428 -94.252853394 0.880812883 -137.647445679 0.146222845 -56.085723877 -126.105781555 -58.378616333 -71.534416199 88.486274719 -66.020668030 85.486083984 -111.763099670 56.548816681 17.822414398 78.053138733 44.379287720 -13.913986206 -8.739263535 1227.189575195 -243.452804565 794.897583008 874.437988281 -82.631347656 1176.783447266 -1015.560546875 880.519958496 -1306.950561523 43.221488953 -1008.944580078 -956.931030273 -61.144920349 -1151.776611328 864.382019043 -854.995971680
143.891632080 -43.405258179 41.334945679 89.516738892 50.961715698 94.320030212 -61.793701172 20.724443436 -69.505393982 71.443206787 -27.202178955 -41.031864166 -62.930942535 -16.356462479 47.714679718 35.791984558 31.958463669 -29.685895920 -41.796512604 81.544441223 -40.718246460 84.470756531 -95.876930237 0.976964891 -139.219680786 1.059118748 -56.711235046 -127.857116699 -59.455406189 -72.545013428 90.113990784 -66.256042480 86.917961121 -112.812370300 56.695049286 19.458398819 78.792068481 46.124687195 -15.585316658 -8.640912056 1226.259277344 -244.235717773 793.599426270 874.505615234 -81.567611694 1176.016723633 -1015.567077637 879.122863770 -1306.168945312 44.113887787 -1007.694396973 -957.033020020 -62.235717773 -1150.828979492 864.503967285 -853.576171875
145.184005737 -44.580841064 41.562564850 91.100524902 51.787906647 96.008407593 -63.441341400 20.780641556 -71.154754639 72.236495972 -27.857547760 -42.868545532 -64.001129150 -17.496633530 49.388072968 35.385353088 33.378379822 -30.814165115 -41.399864197 83.111473083 -39.688335419 86.068794250 -97.501441956 1.096362829 -140.787536621 1.977991700 -57.354648590 -129.611068726 -60.523178101 -73.578430176 91.741531372 -66.494880676 88.360244751 -113.846931458 56.860244751 21.092519760 79.510971069 47.875991821 -17.256675720 -8.519474983 1225.330566406 -245.020217896 792.300903320 874.575195312 -80.501266479 1175.251220703 -1015.576049805 877.725708008 -1305.387939453 45.008663177 -1006.444152832 -957.137207031 -63.328792572 -1149.883544922 864.628356934 -852.155456543
146.491989136 -45.746681213 41.809532166 92.681526184 52.595214844 97.710418701 -65.089736938 20.860301971 -72.799263000 73.039215088 -28.522821426 -44.700691223 -65.061569214 -18.659282684 51.061943054 34.983520508 34.802944183 -31.937484741 -40.991790771 84.676055908 -38.679538727 87.676933289 -99.126159668 1.239168406 -142.350906372 2.903129101 -58.013668060 -131.366989136 -61.581695557 -74.634437561 93.368865967 -66.734695435 89.811538696 -114.868797302 57.041931152 22.724906921 80.211624146 49.632610321 -18.927822113 -8.375831604 1224.403442383 -245.806152344 791.002014160 874.646667480 -79.432388306 1174.486572266 -1015.587463379 876.328430176 -1304.607666016 45.905727386 -1005.193847656 -957.243347168 -64.423995972 -1148.940185547 864.755004883 -850.733886719
147.813430786 -46.903850555 42.073394775 94.259910583 53.381259918 99.419555664 -66.738533020 20.963556290 -74.439041138 73.850975037 -29.195571899 -46.529312134 -66.112266541 -19.843742371 52.736766815 34.588447571 36.230434418 -33.058334351 -40.575302124 86.238853455 -37.691761017 89.295059204 -100.750793457 1.405519247 -143.909698486 3.834572315 -58.685916901 -133.124557495 -62.631080627 -75.712371826 94.995979309 -66.973182678 91.270309448 -115.880264282 57.237266541 24.355768204 80.896324158 51.393795013 -20.598567963 -8.211587906 1223.477905273 -246.593460083 789.702880859 874.719909668 -78.361076355 1173.723022461 -1015.601074219 874.931030273 -1303.827880859 46.805000305 -1003.943420410 -957.351379395 -65.521209717 -1147.998779297 864.883789062 -849.311340332
149.146133423 -48.053714752 42.351303101 95.835929871 54.147438049 101.135177612 -68.387367249 21.089960098 -76.074310303 74.671150208 -29.873344421 -48.355476379 -67.152183533 -21.047397614 54.412891388 34.201740265 37.659233093 -34.179050446 -40.153434753 87.800567627 -36.724136353 90.922653198 -102.375061035 1.594786048 -145.463806152 4.772096634 -59.368968964 -134.883575439 -63.671596527 -76.811027527 96.622863770 -67.208274841 92.734962463 -116.883827209 57.443180084 25.985374451 81.567817688 53.158702850 -22.268804550 -8.028938293 1222.553833008 -247.381988525 788.403442383 874.794677734 -77.287414551 1172.960205078 -1015.616760254 873.533508301 -1303.048461914 47.706401825 -1002.692871094 -957.461181641 -66.620307922 -1147.059082031 865.014587402 -847.888000488
150.487945557 -49.197841644 42.640174866 97.409973145 54.895774841 102.856460571 -70.035934448 21.238271713 -77.705383301 75.498947144 -30.553739548 -50.180252075 -68.178314209 -22.264549255 56.090538025 33.824630737 39.087852478 -35.301742554 -39.729145050 89.361869812 -35.775108337 92.558860779 -103.998741150 1.805564523 -147.013198853 5.715332031 -60.060440063 -136.644088745 -64.703483582 -77.928565979 98.249481201 -67.438156128 94.203872681 -117.882049561 57.656517029 27.614036560 82.229103088 54.926445007 -23.938497543 -7.830522060 1221.631103516 -248.171676636 787.103698730 874.870971680 -76.211479187 1172.198242188 -1015.634338379 872.135986328 -1302.269409180 48.609851837 -1001.442199707 -957.572570801 -67.721168518 -1146.121093750 865.147155762 -846.463806152
151.836761475 -50.337905884 42.936817169 98.982452393 55.628795624 104.582435608 -71.683982849 21.406578064 -79.332626343 76.333427429 -31.234497070 -52.004665375 -69.192123413 -23.493696213 57.769794464 33.457962036 40.514972687 -36.428253174 -39.305206299 90.923377991 -34.842567444 94.202606201 -105.621704102 2.035810947 -148.557968140 6.663793087 -60.758018494 -138.406188965 -65.727317810 -79.062934875 99.875778198 -67.661346436 95.675483704 -118.877464294 57.874145508 29.242078781 82.883300781 56.696090698 -25.607704163 -7.619278908 1220.709716797 -248.962417603 785.803710938 874.948669434 -75.133338928 1171.436767578 -1015.653808594 870.738342285 -1301.490722656 49.515277863 -1000.191467285 -957.685546875 -68.823684692 -1145.184692383 865.281433105 -845.038757324
153.190567017 -51.475620270 43.238063812 100.553833008 56.349395752 106.312065125 -73.331375122 21.592437744 -80.956443787 77.173591614 -31.913562775 -53.829666138 -70.195381165 -24.733095169 59.450649261 33.102214813 41.939483643 -37.560085297 -38.884124756 92.485603333 -33.923954010 95.852622986 -107.243904114 2.282986641 -150.098236084 7.616906643 -61.459526062 -140.170074463 -66.743980408 -80.211982727 101.501647949 -67.876670837 97.148338318 -119.872459412 58.093078613 30.869808197 83.533546448 58.466735840 -27.276538849 -7.398312092 1219.789550781 -249.754104614 784.503479004 875.027587891 -74.053085327 1170.675903320 -1015.674926758 869.340698242 -1300.712280273 50.422611237 -998.940551758 -957.799865723 -69.927742004 -1144.249877930 865.417297363 -843.612854004
154.547515869 -52.612625122 43.540889740 102.124565125 57.060680389 108.044281006 -74.978057861 21.793033600 -82.577278137 78.018379211 -32.589130402 -55.656070709 -71.190139771 -25.980848312 61.132980347 32.757511139 43.360481262 -38.698406219 -38.468090057 94.048957825 -33.016422272 97.507545471 -108.865409851 2.544203043 -151.634201050 8.574044228 -62.162967682 -141.935928345 -67.754562378 -81.373466492 103.126983643 -68.083259583 98.621093750 -120.869194031 58.310573578 32.497497559 84.182846069 60.237487793 -28.945165634 -7.170758724 1218.870727539 -250.546676636 783.202941895 875.107727051 -72.970771790 1169.915527344 -1015.697570801 867.942932129 -1299.934082031 51.331783295 -997.689453125 -957.915527344 -71.033233643 -1143.316406250 865.554565430 -842.186218262
155.905944824 -53.750465393 43.842491150 103.695060730 57.765815735 109.778022766 -76.624084473 22.005302429 -84.195556641 78.866752625 -33.259693146 -57.484569550 -72.178543091 -27.234989166 62.816604614 32.423652649 44.777294159 -39.844028473 -38.058914185 95.613731384 -32.116962433 99.165977478 -110.486358643 2.816364527 -153.166091919 9.534544945 -62.866550446 -143.703979492 -68.760337830 -82.545150757 104.751617432 -68.280570984 100.092567444 -121.869575500 58.524188995 34.125362396 84.833908081 62.007518768 -30.613765717 -6.939673424 1217.953125000 -251.340026855 781.902221680 875.188903809 -71.886474609 1169.155517578 -1015.721679688 866.545166016 -1299.156005859 52.242725372 -996.438232422 -958.032409668 -72.140068054 -1142.384277344 865.693176270 -840.758789062
157.264343262 -54.890502930 44.140380859 105.265670776 58.467937469 111.512245178 -78.269561768 22.226085663 -85.811698914 79.717704773 -33.924053192 -59.315700531 -73.162811279 -28.493549347 64.501274109 32.100166321 46.189483643 -40.997417450 -37.658016205 97.180099487 -31.222534180 100.826499939 -112.106956482 3.096301079 -154.694152832 10.497747421 -63.568714142 -145.474395752 -69.762649536 -83.724815369 106.375389099 -68.468338013 101.561775208 -122.875152588 58.731849670 35.753551483 85.489128113 63.776065826 -32.282524109 -6.707929611 1217.036621094 -252.134094238 780.601257324 875.270996094 -70.800254822 1168.395874023 -1015.747131348 865.147338867 -1298.378051758 53.155376434 -995.186828613 -958.150451660 -73.248146057 -1141.453491211 865.833007812 -839.330566406
158.621459961 -56.033889771 44.432422638 106.836669922 59.169948578 113.245994568 -79.914665222 22.452239990 -87.426094055 80.570289612 -34.581333160 -61.149833679 -74.145088196 -29.754625320 66.186714172 31.786331177 47.596843719 -42.158721924 -37.266410828 98.748115540 -30.330181122 102.487754822 -113.727432251 3.380889893 -156.218597412 11.463007927 -64.268157959 -147.247299194 -70.762893677 -84.910324097 107.998100281 -68.646575928 103.027908325 -123.887153625 58.931880951 37.382152557 86.150627136 65.542411804 -33.951602936 -6.478134632 1216.121215820 -252.928787231 779.300048828 875.354003906 -69.712181091 1167.636352539 -1015.773803711 863.749511719 -1297.599975586 54.069675446 -993.935241699 -958.269470215 -74.357383728 -1140.523681641 865.973876953 -837.901550293
159.976226807 -57.181556702 44.716892242 108.408248901 59.874431610 114.978393555 -81.559570312 22.680755615 -89.039093018 81.423652649 -35.230979919 -62.987197876 -75.127403259 -31.016426086 67.872604370 31.481252670 48.999366760 -43.327789307 -36.884704590 100.317733765 -29.437213898 104.148483276 -115.348030090 3.667160988 -157.739669800 12.429721832 -64.963821411 -149.022735596 -71.762413025 -86.099670410 109.619552612 -68.815513611 104.490379333 -124.906417847 59.123031616 39.011177063 86.820137024 67.305915833 -35.621128082 -6.252567291 1215.206787109 -253.724044800 777.998596191 875.437805176 -68.622314453 1166.876953125 -1015.801574707 862.351623535 -1296.822021484 54.985561371 -992.683410645 -958.389404297 -75.467681885 -1139.595092773 866.115783691 -836.471862793
161.327819824 -58.334171295 44.992477417 109.980514526 60.583660126 116.708648682 -83.204467773 22.908845901 -90.650993347 82.277069092 -35.872753143 -64.827880859 -76.111595154 -32.277317047 69.558647156 31.183887482 50.397258759 -44.504219055 -36.513126373 101.888824463 -28.541248322 105.807540894 -116.968963623 3.952386379 -159.257537842 13.397337914 -65.654914856 -150.800689697 -72.762466431 -87.290977478 111.239555359 -68.975608826 105.948631287 -125.933334351 59.304462433 40.640590668 87.498970032 69.066024780 -37.291187286 -6.033131123 1214.293457031 -254.519775391 776.697021484 875.522277832 -67.530700684 1166.117675781 -1015.830383301 860.953735352 -1296.043945312 55.902980804 -991.431457520 -958.510253906 -76.578971863 -1138.667480469 866.258544922 -835.041381836
162.675643921 -59.492156982 45.258293152 111.553459167 61.299655914 118.436012268 -84.849525452 23.134023666 -92.262016296 83.129905701 -36.506687164 -66.671844482 -77.099227905 -33.535854340 71.244522095 30.893112183 51.790889740 -45.687404633 -36.151554108 103.461181641 -27.640188217 107.463882446 -118.590423584 4.234150410 -160.772369385 14.365372658 -66.340888977 -152.581069946 -73.764190674 -88.482582092 112.857902527 -69.127441406 107.402313232 -126.967941284 59.475746155 42.270305634 88.188003540 70.822303772 -38.961814880 -5.821326256 1213.381103516 -255.315933228 775.395141602 875.607421875 -66.437400818 1165.358398438 -1015.860107422 859.555847168 -1295.265869141 56.821880341 -990.179199219 -958.631835938 -77.691169739 -1137.740722656 866.402099609 -833.610229492
164.019302368 -60.655708313 45.513820648 113.126831055 62.024021149 120.159843445 -86.494880676 23.354152679 -93.872352600 83.981689453 -37.133079529 -68.518928528 -78.091621399 -34.790817261 72.929931641 30.607759476 53.180774689 -46.876571655 -35.799560547 105.034576416 -26.732223511 109.116554260 -120.212532043 4.510402203 -162.284301758 15.333418846 -67.021423340 -154.363739014 -74.768562317 -89.672981262 114.474411011 -69.271728516 108.851272583 -128.010009766 59.636825562 43.900207520 88.887725830 72.574432373 -40.633010864 -5.618239880 1212.469726562 -256.112457275 774.093139648 875.693054199 -65.342468262 1164.598999023 -1015.890686035 858.157897949 -1294.487548828 57.742198944 -988.926757812 -958.754150391 -78.804191589 -1136.814819336 866.546386719 -832.178344727
165.358612061 -61.824790955 45.758941650 114.700363159 62.757926941 121.879631042 -88.140434265 23.567470551 -95.482109070 84.832061768 -37.752441406 -70.368919373 -79.089775085 -36.041213989 74.614593506 30.326665878 54.567527771 -48.070835114 -35.456447601 106.608741760 -25.815952301 110.764770508 -121.835159302 4.779454231 -163.793395996 16.301147461 -67.696411133 -156.148452759 -75.776374817 -90.860923767 116.088897705 -69.409271240 110.295570374 -129.059066772 59.787994385 45.530158997 89.598205566 74.322227478 -42.304744720 -5.424551010 1211.559204102 -256.909271240 772.790954590 875.779235840 -64.245964050 1163.839477539 -1015.921997070 856.759948730 -1293.708984375 58.663894653 -987.674011230 -958.877075195 -79.917968750 -1135.889648438 866.691223145 -830.745788574
166.693542480 -62.999183655 45.993877411 116.273757935 63.502052307 123.594825745 -89.786041260 23.772617340 -97.091339111 85.680793762 -38.365459442 -72.221496582 -80.094398499 -37.286304474 76.298248291 30.048709869 55.951847076 -49.269226074 -35.121311188 108.183372498 -24.890466690 112.407745361 -123.458137512 5.040032387 -165.299682617 17.268314362 -68.365921021 -157.934967041 -76.788223267 -92.045356750 117.701194763 -69.540901184 111.735404968 -130.114425659 59.929828644 47.160015106 90.319206238 76.065605164 -43.976951599 -5.240550041 1210.649536133 -257.706329346 771.488525391 875.865722656 -63.147922516 1163.079833984 -1015.953979492 855.361999512 -1292.930297852 59.586917877 -986.421020508 -959.000610352 -81.032432556 -1134.965332031 866.836608887 -829.312561035
168.024230957 -64.178489685 46.219135284 117.846717834 64.256652832 125.304946899 -91.431541443 23.968645096 -98.700050354 86.527793884 -38.972953796 -74.076316833 -81.105895996 -38.525592804 77.980667114 29.772846222 57.334468842 -50.470745087 -34.793094635 109.758209229 -23.955287933 114.044830322 -125.081283569 5.291275501 -166.803176880 18.234750748 -69.030189514 -159.722946167 -77.804504395 -93.225463867 119.311157227 -69.667465210 113.171127319 -131.175292969 60.063156128 48.789638519 91.050163269 77.804595947 -45.649559021 -5.066168785 1209.740600586 -258.503540039 770.185974121 875.952636719 -62.048397064 1162.319946289 -1015.986572266 853.963989258 -1292.151245117 60.511215210 -985.167785645 -959.124572754 -82.147514343 -1134.041625977 866.982482910 -827.878601074
169.350982666 -65.362197876 46.435474396 119.418960571 65.021621704 127.009696960 -93.076751709 24.155004501 -100.308197021 87.373069763 -39.575832367 -75.932998657 -82.124412537 -39.758827209 79.661643982 29.498125076 58.716140747 -51.674407959 -34.470626831 111.332962036 -23.010305405 115.675575256 -126.704383850 5.532714844 -168.303802490 19.200365067 -69.689559937 -161.512054443 -78.825447083 -94.400665283 120.918640137 -69.789779663 114.603179932 -132.240722656 60.188980103 50.418903351 91.790283203 79.539360046 -47.322483063 -4.901022911 1208.832519531 -259.300903320 768.883239746 876.039733887 -60.947437286 1161.559692383 -1016.019653320 852.566040039 -1291.371948242 61.436744690 -983.914245605 -959.248962402 -83.263145447 -1133.118408203 867.128662109 -826.444030762
170.674133301 -66.549674988 46.643825531 120.990219116 65.796539307 128.708892822 -94.721504211 24.331514359 -101.915702820 88.216712952 -40.175052643 -77.791137695 -83.149826050 -40.985977173 81.341011047 29.223722458 60.097583771 -52.879253387 -34.152706146 112.907379150 -22.055721283 117.299705505 -128.327224731 5.764243603 -169.801513672 20.165140152 -70.344482422 -163.301940918 -79.851074219 -95.570564270 122.523513794 -69.908622742 116.032089233 -133.309753418 60.308437347 52.047687531 92.538581848 81.270133972 -48.995651245 -4.744458199 1207.925170898 -260.098327637 767.580322266 876.127075195 -59.845085144 1160.799072266 -1016.053222656 851.168029785 -1290.592285156 62.363464355 -982.660461426 -959.373779297 -84.379272461 -1132.195800781 867.275146484 -825.008789062
171.994155884 -67.740234375 46.845252991 122.560234070 66.580726624 130.402511597 -96.365631104 24.498321533 -103.522438049 89.058921814 -40.771583557 -79.650344849 -84.181823730 -42.207237244 83.018630981 28.948951721 61.479476929 -54.084392548 -33.838111877 114.481239319 -21.092021942 118.917137146 -129.949615479 5.986080170 -171.296173096 21.129112244 -70.995452881 -165.092224121 -80.881278992 -96.734977722 124.125663757 -70.024696350 117.458404541 -134.381347656 60.422748566 53.675891876 93.293930054 82.997222900 -50.668987274 -4.595600605 1207.018676758 -260.895782471 766.277282715 876.214599609 -58.741378784 1160.037963867 -1016.087097168 849.770080566 -1289.812133789 63.291324615 -981.406311035 -959.498840332 -85.495834351 -1131.273681641 867.421813965 -823.572875977
173.311508179 -68.933143616 47.040889740 124.128784180 67.373313904 132.090621948 -98.008964539 24.655860901 -105.128265381 89.899940491 -41.366363525 -81.510231018 -85.219902039 -43.422966003 84.694381714 28.673261642 62.862422943 -55.289028168 -33.525676727 116.054336548 -20.119913101 120.527938843 -131.571334839 6.198719501 -172.787658691 22.092374802 -71.643013000 -166.882553101 -81.915809631 -97.893898010 125.724998474 -70.138610840 118.882690430 -135.454528809 60.533145905 55.303440094 94.055145264 84.720993042 -52.342441559 -4.453413010 1206.112670898 -261.693206787 764.973999023 876.302185059 -57.636367798 1159.276489258 -1016.121337891 848.372070312 -1289.031738281 64.220291138 -980.151855469 -959.624145508 -86.612762451 -1130.352050781 867.568603516 -822.136413574
174.626724243 -70.127670288 47.231887817 125.695663452 68.173263550 133.773437500 -99.651359558 24.804809570 -106.733039856 90.740074158 -41.960269928 -83.370429993 -86.263427734 -44.633689880 86.368202209 28.396249771 64.246955872 -56.492458344 -33.214298248 117.626495361 -19.140281677 122.132324219 -133.192199707 6.402884007 -174.275833130 23.055061340 -72.287696838 -168.672546387 -82.954299927 -99.047477722 127.321426392 -70.250892639 120.305496216 -136.528366089 60.640857697 56.930263519 94.820991516 86.441841125 -54.015968323 -4.316746712 1205.207519531 -262.490570068 763.670654297 876.389770508 -56.530082703 1158.514526367 -1016.155822754 846.974121094 -1288.250854492 65.150321960 -978.897033691 -959.749694824 -87.730018616 -1129.430664062 867.715515137 -820.699279785
175.940277100 -71.323097229 47.419384003 127.260688782 68.979454041 135.451171875 -101.292694092 24.946020126 -108.336593628 91.579635620 -42.554100037 -85.230606079 -87.311653137 -45.840049744 88.040039062 28.117654800 65.633506775 -57.694110870 -32.902996063 119.197578430 -18.154134750 123.730590820 -134.812057495 6.599471092 -175.760543823 24.017333984 -72.930038452 -170.461883545 -83.996315002 -100.195983887 128.914855957 -70.361953735 121.727317810 -137.602005005 60.747039795 58.556312561 95.590248108 88.160186768 -55.689537048 -4.184393406 1204.302856445 -263.287811279 762.367126465 876.477416992 -55.422569275 1157.751953125 -1016.190429688 845.576171875 -1287.469360352 66.081375122 -977.641906738 -959.875366211 -88.847534180 -1128.509643555 867.862487793 -819.261535645
177.252639771 -72.518737793 47.604442596 128.823715210 69.790710449 137.124176025 -102.932861328 25.080486298 -109.938766479 92.418983459 -43.148551941 -87.090476990 -88.363777161 -47.042766571 89.709877014 27.837347031 67.022399902 -58.893524170 -32.590904236 120.767471313 -17.162555695 125.323150635 -136.430755615 6.789497852 -177.241607666 24.979379654 -73.570518494 -172.250244141 -85.041336060 -101.339797974 130.505249023 -70.472099304 123.148597717 -138.674652100 60.852752686 60.181552887 96.361763000 89.876441956 -57.363132477 -4.055132866 1203.398925781 -264.084899902 761.063415527 876.564941406 -54.313865662 1156.988769531 -1016.225219727 844.178222656 -1286.687500000 67.013412476 -976.386413574 -960.001159668 -89.965270996 -1127.588867188 868.009338379 -817.823181152
178.564239502 -73.713981628 47.788036346 130.384613037 70.605865479 138.792770386 -104.571777344 25.209278107 -111.539390564 93.258438110 -43.744201660 -88.949783325 -89.418975830 -48.242626190 91.377716064 27.555318832 68.413871765 -60.090377808 -32.277313232 122.336090088 -16.166656494 126.910430908 -138.048187256 6.974053860 -178.718887329 25.941389084 -74.209556580 -174.037338257 -86.088821411 -102.479377747 132.092514038 -70.581535339 124.569717407 -139.745666504 60.958946228 61.805950165 97.134460449 91.590988159 -59.036743164 -3.927776098 1202.495483398 -264.881805420 759.759582520 876.652343750 -53.203998566 1156.224853516 -1016.260009766 842.780273438 -1285.905151367 67.946403503 -975.130554199 -960.126953125 -91.083168030 -1126.668334961 868.156127930 -816.384277344
179.875442505 -74.908279419 47.971012115 131.943283081 71.423789978 140.457305908 -106.209358215 25.333501816 -113.138328552 94.098335266 -44.341506958 -90.808311462 -90.476409912 -49.440422058 93.043601990 27.271673203 69.808059692 -61.284458160 -31.961662292 123.903396606 -15.167532921 128.492919922 -139.664245605 7.154250622 -180.192230225 26.903560638 -74.847534180 -175.822921753 -87.138229370 -103.615211487 133.676635742 -70.690368652 125.990974426 -140.814529419 61.066413879 63.429496765 97.907386780 93.304183960 -60.710369110 -3.801202059 1201.592529297 -265.678466797 758.455627441 876.739624023 -52.093013763 1155.460327148 -1016.294860840 841.382324219 -1285.122192383 68.880310059 -973.874328613 -960.252746582 -92.201187134 -1125.747924805 868.302734375 -814.944763184
181.186538696 -76.101150513 48.154079437 133.499618530 72.243431091 142.118103027 -107.845565796 25.454248428 -114.735450745 94.938972473 -44.940795898 -92.665916443 -91.535263062 -50.636943817 94.707565308 26.986598969 71.204994202 -62.475685120 -31.643545151 125.469360352 -14.166236877 130.071090698 -141.278869629 7.331180573 -181.661483765 27.866079330 -75.484733582 -177.606781006 -88.189002991 -104.747825623 135.257553101 -70.798606873 127.412559509 -141.880813599 61.175815582 65.052169800 98.679710388 95.016334534 -62.384017944 -3.674388885 1200.690307617 -266.474884033 757.151489258 876.826660156 -50.980937958 1154.695068359 -1016.329650879 839.984436035 -1284.338623047 69.815093994 -972.617675781 -960.378540039 -93.319282532 -1124.827758789 868.449096680 -813.504638672
182.497726440 -77.292236328 48.337806702 135.053573608 73.063835144 143.775497437 -109.480346680 25.572566986 -116.330635071 95.780601501 -45.542278290 -94.522468567 -92.594787598 -51.832931519 96.369689941 26.700359344 72.604644775 -63.664073944 -31.322708130 127.033988953 -13.163739204 131.645401001 -142.891998291 7.505879879 -183.126525879 28.829120636 -76.121360779 -179.388732910 -89.240608215 -105.877738953 136.835250854 -70.906181335 128.834609985 -142.944244385 61.287635803 66.673988342 99.450752258 96.727699280 -64.057693481 -3.546437025 1199.788452148 -267.270965576 755.847290039 876.913452148 -49.867805481 1153.929077148 -1016.364379883 838.586547852 -1283.554443359 70.750724792 -971.360656738 -960.504272461 -94.437408447 -1123.907592773 868.595214844 -812.064025879
183.809173584 -78.481231689 48.522598267 136.605102539 73.884185791 145.429748535 -111.113670349 25.689424515 -117.923789978 96.623458862 -46.146045685 -96.377922058 -93.654289246 -53.029083252 98.030052185 26.413272858 74.006896973 -64.849739075 -30.999040604 128.597320557 -12.160908699 133.216247559 -144.503585815 7.679297924 -184.587265015 29.792839050 -76.757568359 -181.168655396 -90.292564392 -107.005447388 138.409729004 -71.012962341 130.257156372 -144.004684448 61.402214050 68.294937134 100.219993591 98.438468933 -65.731391907 -3.416586637 1198.887084961 -268.066741943 754.542907715 877.000000000 -48.753650665 1153.162231445 -1016.398925781 837.188659668 -1282.769653320 71.687171936 -970.103210449 -960.629821777 -95.555511475 -1122.987548828 868.741027832 -810.622802734
185.120941162 -79.667961121 48.708713531 138.154174805 74.703781128 147.081085205 -112.745513916 25.805681229 -119.514846802 97.467697144 -46.752079010 -98.232238770 -94.713157654 -54.226001740 99.688728333 26.125696182 75.411582947 -66.032875061 -30.672561646 130.159393311 -11.158495903 134.784011841 -146.113586426 7.852272511 -186.043594360 30.757362366 -77.393402100 -182.946456909 -91.344429016 -108.131408691 139.980941772 -71.118743896 131.680160522 -145.062072754 61.519729614 69.915039062 100.987060547 100.148796082 -67.405136108 -3.284226894 1197.986206055 -268.862121582 753.238403320 877.086181641 -47.638500214 1152.394531250 -1016.433349609 835.790771484 -1281.984252930 72.624404907 -968.845336914 -960.755249023 -96.673568726 -1122.067504883 868.886474609 -809.181091309
186.433044434 -80.852294922 48.896266937 139.700759888 75.522087097 148.729675293 -114.375846863 25.922073364 -121.103759766 98.313461304 -47.360271454 -100.085449219 -95.770874023 -55.424209595 101.345817566 25.838003159 76.818489075 -67.213745117 -30.343408585 131.720275879 -10.157119751 136.348983765 -147.722000122 8.025513649 -187.495437622 31.722795486 -78.028854370 -184.722045898 -92.395820618 -109.256027222 141.548904419 -71.223297119 133.103546143 -146.116470337 61.640232086 71.534309387 101.751731873 101.858749390 -69.078926086 -3.148901939 1197.085693359 -269.657104492 751.933776855 877.171997070 -46.522388458 1151.625976562 -1016.467529297 834.392944336 -1281.198242188 73.562385559 -967.587036133 -960.880493164 -97.791534424 -1121.147460938 869.031494141 -807.738769531
187.745391846 -82.034225464 49.085247040 141.244873047 76.338714600 150.375625610 -116.004653931 26.039201736 -122.690490723 99.160820007 -47.970436096 -101.937591553 -96.827018738 -56.624126434 103.001411438 25.550569534 78.227363586 -68.392646790 -30.011804581 133.280075073 -9.157258987 137.911376953 -149.328796387 8.199592590 -188.942764282 32.689208984 -78.663848877 -186.495391846 -93.446411133 -110.379638672 143.113632202 -71.326354980 134.527145386 -147.168029785 61.763633728 73.152770996 102.513916016 103.568367004 -70.752777100 -3.010306835 1196.185668945 -270.451660156 750.629028320 877.257446289 -45.405342102 1150.856445312 -1016.501403809 832.995178223 -1280.411376953 74.501091003 -966.328308105 -961.005432129 -98.909362793 -1120.227294922 869.176086426 -806.295959473
189.057891846 -83.213783264 49.275516510 142.786529541 77.153404236 152.019012451 -117.631912231 26.157526016 -124.275039673 100.009796143 -48.582317352 -103.788764954 -97.881278992 -57.826076508 104.655593872 25.263761520 79.637954712 -69.569923401 -29.678058624 134.838867188 -8.159258842 139.471359253 -150.933975220 8.374936104 -190.385543823 33.656654358 -79.298271179 -188.266510010 -94.495948792 -111.502532959 144.675094604 -71.427635193 135.950820923 -148.217010498 61.889743805 74.770462036 103.273674011 105.277626038 -72.426681519 -2.868282795 1195.286010742 -271.245758057 749.324218750 877.342407227 -44.287387848 1150.086059570 -1016.535034180 831.597351074 -1279.623901367 75.440490723 -965.069091797 -961.130187988 -100.027030945 -1119.307128906 869.320190430 -804.852661133
190.370376587 -84.391082764 49.466842651 144.325729370 77.966049194 153.659805298 -119.257614136 26.277360916 -125.857421875 100.860389709 -49.195621490 -105.639060974 -98.933441162 -59.030277252 106.308448792 24.977922440 81.049980164 -70.745925903 -29.342531204 136.396759033 -7.163327217 141.028991699 -152.537521362 8.551828384 -191.823760986 34.625144958 -79.931930542 -190.035400391 -95.544250488 -112.624900818 146.233337402 -71.526855469 137.374496460 -149.263809204 62.018283844 76.387413025 104.031150818 106.986473083 -74.100662231 -2.722803831 1194.386718750 -272.039367676 748.019226074 877.426940918 -43.168556213 1149.314697266 -1016.568298340 830.199645996 -1278.835693359 76.380554199 -963.809448242 -961.254638672 -101.144485474 -1118.386840820 869.463745117 -803.408813477
191.682647705 -85.566276550 49.658916473 145.862533569 78.776664734 155.297988892 -120.881736755 26.398885727 -127.437660217 101.712539673 -49.810020447 -107.488609314 -99.983383179 -60.236850739 107.960044861 24.693359375 82.463180542 -71.920997620 -29.005617142 137.953842163 -6.169547081 142.584320068 -154.139450073 8.730418205 -193.257400513 35.594673157 -80.564643860 -191.802124023 -96.591186523 -113.746871948 147.788360596 -71.623733521 138.798156738 -150.308883667 62.148906708 78.003662109 104.786590576 108.694808960 -75.774726868 -2.573964834 1193.487915039 -272.832489014 746.714111328 877.510986328 -42.048873901 1148.542236328 -1016.601196289 828.801940918 -1278.046752930 77.321258545 -962.549255371 -961.378723145 -102.261711121 -1117.466308594 869.606750488 -801.964477539
192.994506836 -86.739570618 49.851371765 147.396957397 79.585372925 156.933456421 -122.504272461 26.522148132 -129.015808105 102.566169739 -50.425167084 -109.337532043 -101.031082153 -61.445838928 109.610450745 24.410341263 83.877296448 -73.095481873 -28.667730331 139.510238647 -5.177886963 144.137283325 -155.739761353 8.910725594 -194.686508179 36.565208435 -81.196166992 -193.566726685 -97.636711121 -114.868522644 149.340179443 -71.718002319 140.221817017 -151.352752686 62.281215668 79.619247437 105.540328979 110.402519226 -77.448898315 -2.421961784 1192.589233398 -273.625030518 745.408935547 877.594543457 -40.928363800 1147.768798828 -1016.633666992 827.404235840 -1277.257080078 78.262573242 -961.288635254 -961.502502441 -103.378662109 -1116.545654297 869.749084473 -800.519653320
194.305709839 -87.911186218 50.043800354 148.929046631 80.392395020 158.566101074 -124.125205994 26.647085190 -130.591903687 103.421157837 -51.040721893 -111.185981750 -102.076583862 -62.657188416 111.259727478 24.129085541 85.292098999 -74.269683838 -28.329286575 141.066055298 -4.188215733 145.687774658 -157.338455200 9.092659950 -196.111114502 37.536697388 -81.826263428 -195.329269409 -98.680801392 -115.989845276 150.888793945 -71.809432983 141.645446777 -152.395919800 62.414787292 81.234214783 106.292732239 112.109443665 -79.123176575 -2.267074823 1191.691040039 -274.417053223 744.103637695 877.677490234 -39.807052612 1146.994384766 -1016.665649414 826.006591797 -1276.466674805 79.204475403 -960.027465820 -961.625854492 -104.495307922 -1115.624877930 869.890869141 -799.074340820
195.616027832 -89.081352234 50.235767365 150.458862305 81.198020935 160.195755005 -125.744537354 26.773529053 -132.166015625 104.277374268 -51.656341553 -113.034072876 -103.120025635 -63.870792389 112.907897949 23.849761963 86.707389832 -75.443885803 -27.990680695 142.621353149 -3.200318098 147.235641479 -158.935546875 9.276031494 -197.531234741 38.509075165 -82.454696655 -197.089843750 -99.723526001 -117.110786438 152.434249878 -71.897811890 143.069030762 -153.438796997 62.549190521 82.848602295 107.044204712 113.815437317 -80.797592163 -2.109647989 1190.793090820 -275.208465576 742.798217773 877.759887695 -38.684967041 1146.218750000 -1016.697204590 824.609008789 -1275.675415039 80.146934509 -958.765808105 -961.748840332 -105.611618042 -1114.703735352 870.031921387 -797.628601074
196.925216675 -90.250328064 50.426845551 151.986434937 82.002593994 161.822250366 -127.362258911 26.901226044 -133.738204956 105.134666443 -52.271724701 -114.881950378 -104.161582947 -65.086486816 114.555000305 23.572486877 88.123001099 -76.618316650 -27.652278900 144.176223755 -2.213911772 148.780715942 -160.531051636 9.460572243 -198.946945190 39.482254028 -83.081230164 -198.848510742 -100.764953613 -118.231231689 153.976516724 -71.982955933 144.492477417 -154.481735229 62.683994293 84.462455750 107.795173645 115.520347595 -82.472152710 -1.950069308 1189.895507812 -275.999298096 741.492736816 877.841674805 -37.562133789 1145.442138672 -1016.728271484 823.211486816 -1274.883422852 81.089927673 -957.503662109 -961.871337891 -106.727561951 -1113.782470703 870.172241211 -796.182312012
198.233093262 -91.418334961 50.616619110 153.511795044 82.806510925 163.445388794 -128.978363037 27.029865265 -135.308547974 105.992881775 -52.886581421 -116.729728699 -105.201477051 -66.304054260 116.201049805 23.297325134 89.538780212 -77.793174744 -27.314413071 145.730728149 -1.228666186 150.322784424 -162.125000000 9.645953178 -200.358276367 40.456146240 -83.705627441 -200.605346680 -101.805229187 -119.351058960 155.515655518 -72.064743042 145.915679932 -155.524963379 62.818798065 86.075805664 108.546058655 117.223991394 -84.146896362 -1.788751841 1188.998046875 -276.789489746 740.187133789 877.922851562 -36.438568115 1144.664306641 -1016.758789062 821.813964844 -1274.090454102 82.033432007 -956.240966797 -961.993408203 -107.843116760 -1112.860839844 870.311889648 -794.735595703
199.539443970 -92.585609436 50.804698944 155.034988403 83.610160828 165.065002441 -130.592864990 27.159084320 -136.877105713 106.851860046 -53.500675201 -118.577507019 -106.239982605 -67.523262024 117.846061707 23.024297714 90.954650879 -78.968597412 -26.977359772 147.284942627 -0.244219705 151.861602783 -163.717391968 9.831802368 -201.765289307 41.430652618 -84.327697754 -202.360427856 -102.844490051 -120.470069885 157.051635742 -72.143066406 147.338439941 -156.568618774 62.953235626 87.688682556 109.297256470 118.926231384 -85.821838379 -1.626115918 1188.100952148 -277.579071045 738.881469727 878.003356934 -35.314300537 1143.885375977 -1016.788757324 820.416564941 -1273.296875000 82.977424622 -954.977722168 -962.114990234 -108.958244324 -1111.938842773 870.450744629 -793.288452148
200.844085693 -93.752342224 50.990734100 156.556045532 84.413948059 166.680892944 -132.205825806 27.288496017 -138.443954468 107.711441040 -54.113803864 -120.425369263 -107.277381897 -68.743858337 119.490020752 22.753376007 92.370529175 -80.144676208 -26.641345978 148.838882446 0.739817500 153.396972656 -165.308242798 10.017724037 -203.168045044 42.405670166 -84.947250366 -204.113815308 -103.882911682 -121.588088989 158.584503174 -72.217872620 148.760589600 -157.612747192 63.086986542 89.301124573 110.049140930 120.626914978 -87.496994019 -1.462572694 1187.204101562 -278.367950439 737.575683594 878.083190918 -34.189350128 1143.105224609 -1016.818115234 819.019165039 -1272.502319336 83.921882629 -953.713928223 -962.236083984 -110.072921753 -1111.016601562 870.588806152 -791.840820312
202.146896362 -94.918716431 51.174419403 158.074996948 85.218269348 168.292861938 -133.817504883 27.417722702 -140.009124756 108.571487427 -54.725811005 -122.273391724 -108.313949585 -69.965568542 121.132919312 22.484493256 93.786399841 -81.321464539 -26.306541443 150.392578125 1.723926425 154.928817749 -166.897567749 10.203314781 -204.566574097 43.381107330 -85.564140320 -205.865570068 -104.920669556 -122.704910278 160.114242554 -72.289123535 150.181915283 -158.657302856 63.219779968 90.913146973 110.802040100 122.325912476 -89.172386169 -1.298510194 1186.307373047 -279.156158447 736.269775391 878.162353516 -33.063739777 1142.323852539 -1016.846862793 817.621826172 -1271.706909180 84.866783142 -952.449523926 -962.356628418 -111.187118530 -1110.093994141 870.726013184 -790.392822266
203.447738647 -96.084877014 51.355503082 159.591873169 86.023490906 169.900756836 -135.428207397 27.546403885 -141.572708130 109.431846619 -55.336578369 -124.121620178 -109.349975586 -71.188133240 122.774749756 22.217548370 95.202262878 -82.498962402 -25.973060608 151.946060181 2.708637238 156.457199097 -168.485397339 10.388179779 -205.960952759 44.356864929 -86.178237915 -207.615722656 -105.957946777 -123.820320129 161.641052246 -72.356842041 151.602310181 -159.702224731 63.351398468 92.524772644 111.556228638 124.023109436 -90.848037720 -1.134281754 1185.410888672 -279.943664551 734.963806152 878.240783691 -31.937492371 1141.541259766 -1016.874938965 816.224548340 -1270.910766602 85.812103271 -951.184631348 -962.476623535 -112.300819397 -1109.171020508 870.862426758 -788.944335938
204.746551514 -97.250938416 51.533798218 161.106658936 86.829925537 171.504409790 -137.038284302 27.674211502 -143.134719849 110.292404175 -55.946048737 -125.970085144 -110.385734558 -72.411323547 124.415481567 21.952417374 96.618156433 -83.677139282 -25.640956879 153.499328613 3.694480419 157.982238770 -170.071731567 10.571945190 -207.351379395 45.332977295 -86.789451599 -209.364303589 -106.994934082 -124.934135437 163.165298462 -72.421096802 153.021636963 -160.747451782 63.481689453 94.136016846 112.311927795 125.718406677 -92.523963928 -0.970196247 1184.514648438 -280.730468750 733.657775879 878.318481445 -30.810628891 1140.757568359 -1016.902404785 814.827331543 -1270.113647461 86.757820129 -949.919067383 -962.596069336 -113.413986206 -1108.247680664 870.997924805 -787.495422363
206.043243408 -98.416976929 51.709163666 162.619384766 87.637863159 173.103683472 -138.648056030 27.800868988 -144.695205688 111.153060913 -56.554187775 -127.818809509 -111.421478271 -73.634902954 126.055084229 21.688951492 98.034133911 -84.855911255 -25.310239792 155.052368164 4.681938648 159.504074097 -171.656570435 10.754269600 -208.738265991 46.309612274 -87.397720337 -211.111358643 -108.031959534 -126.046340942 164.687530518 -72.481994629 154.439849854 -161.792861938 63.610557556 95.746894836 113.069313049 127.411735535 -94.200172424 -0.806512237 1183.618652344 -281.516540527 732.351623535 878.395385742 -29.683168411 1139.972534180 -1016.929138184 813.430236816 -1269.315673828 87.703910828 -948.653015137 -962.714904785 -114.526596069 -1107.323852539 871.132568359 -786.046142578
207.337814331 -99.583038330 51.881519318 164.130035400 88.447532654 174.698455811 -140.257766724 27.926156998 -146.254196167 112.013710022 -57.161010742 -129.667785645 -112.457412720 -74.858680725 127.693534851 21.426988602 99.450263977 -86.035202026 -24.980863571 156.605163574 5.671403408 161.022888184 -173.239929199 10.934853554 -210.122100830 47.287006378 -88.003013611 -212.856872559 -109.069435120 -127.157066345 166.208297729 -72.539680481 155.856918335 -162.838333130 63.737960815 97.357406616 113.828483582 129.103042603 -95.876693726 -0.643433154 1182.722656250 -282.301849365 731.045471191 878.471557617 -28.555131912 1139.186157227 -1016.955200195 812.033142090 -1268.516845703 88.650360107 -947.386291504 -962.833190918 -115.638633728 -1106.399658203 871.266235352 -784.596435547
208.630249023 -100.749130249 52.050846100 165.638641357 89.259109497 176.288650513 -141.867492676 28.049922943 -147.811721802 112.874298096 -57.766567230 -131.516983032 -113.493736267 -76.082489014 129.330795288 21.166357040 100.866653442 -87.214866638 -24.652748108 158.157699585 6.663146019 162.538787842 -174.821823120 11.113445282 -211.503433228 48.265426636 -88.605316162 -214.600845337 -110.107810974 -128.266525269 167.728149414 -72.594367981 157.272796631 -163.883743286 63.863910675 98.967567444 114.589500427 130.792282104 -97.553527832 -0.481105804 1181.827026367 -283.086425781 729.739135742 878.546936035 -27.426542282 1138.398559570 -1016.980529785 810.636169434 -1267.717163086 89.597145081 -946.118957520 -962.950805664 -116.750068665 -1105.475097656 871.398986816 -783.146362305
209.920578003 -101.915260315 52.217155457 167.145172119 90.072723389 177.874191284 -143.477264404 28.172073364 -149.367767334 113.734771729 -58.370922089 -133.366394043 -114.530593872 -77.306198120 130.966857910 20.906890869 102.283401489 -88.394790649 -24.325771332 159.709945679 7.657299042 164.051818848 -176.402236938 11.289842606 -212.882827759 49.245101929 -89.204650879 -216.343276978 -111.147506714 -129.375000000 169.247573853 -72.646331787 158.687515259 -164.928970337 63.988460541 100.577362061 115.352363586 132.479446411 -99.230682373 -0.319620907 1180.931396484 -283.870208740 728.432800293 878.621520996 -26.297414780 1137.609741211 -1017.005126953 809.239257812 -1266.916503906 90.544242859 -944.851013184 -963.067810059 -117.860877991 -1104.549926758 871.530822754 -781.695861816
211.208831787 -103.081367493 52.380523682 168.649627686 90.888427734 179.455032349 -145.086959839 28.292583466 -150.922348022 114.595092773 -58.974174500 -135.215957642 -115.568099976 -78.529724121 132.601654053 20.648418427 103.700607300 -89.574813843 -23.999794006 161.261871338 8.653858185 165.561965942 -177.981170654 11.463899612 -214.260757446 50.226184845 -89.801040649 -218.084152222 -112.188858032 -130.482818604 170.766860962 -72.695884705 160.101135254 -165.973922729 64.111709595 102.186805725 116.117027283 134.164535522 -100.908172607 -0.159015208 1180.035888672 -284.653228760 727.126403809 878.695251465 -25.167772293 1136.819458008 -1017.028991699 807.842468262 -1266.114868164 91.491638184 -943.582458496 -963.184204102 -118.971046448 -1103.624389648 871.661621094 -780.244995117
212.495086670 -104.247406006 52.541080475 170.152282715 91.706253052 181.031143188 -146.696395874 28.411478043 -152.475448608 115.455245972 -59.576431274 -137.065643311 -116.606323242 -79.752998352 134.235198975 20.390785217 105.118377686 -90.754798889 -23.674646378 162.813446045 9.652692795 167.069198608 -179.558639526 11.635521889 -215.637619019 51.208713531 -90.394546509 -219.823440552 -113.232109070 -131.590286255 172.286209106 -72.743392944 161.513778687 -167.018539429 64.233787537 103.795898438 116.883407593 135.847579956 -102.586006165 0.000724391 1179.140502930 -285.435424805 725.819885254 878.768188477 -24.037633896 1136.027954102 -1017.052001953 806.445739746 -1265.312500000 92.439308167 -942.313232422 -963.299865723 -120.080543518 -1102.698242188 871.791503906 -778.793762207
213.779388428 -105.413291931 52.699012756 171.653610229 92.526176453 182.602508545 -148.305419922 28.528833389 -154.027084351 116.315223694 -60.177818298 -138.915390015 -117.645294189 -80.976005554 135.867446899 20.133840561 106.536811829 -91.934593201 -23.350154877 164.364639282 10.653573036 168.573379517 -181.134643555 11.804666519 -217.013641357 52.192604065 -90.985229492 -221.561096191 -114.277343750 -132.697692871 173.805603027 -72.789276123 162.925598145 -168.062759399 64.354850769 105.404624939 117.651382446 137.528610229 -104.264175415 0.159655482 1178.245361328 -286.216796875 724.513366699 878.840270996 -22.907016754 1135.234985352 -1017.074279785 805.049133301 -1264.509033203 93.387245178 -941.043395996 -963.414916992 -121.189346313 -1101.771728516 871.920288086 -777.342102051
215.061828613 -106.578948975 52.854568481 173.154220581 93.348121643 184.169158936 -149.913894653 28.644767761 -155.577239990 117.175041199 -60.778461456 -140.765136719 -118.685020447 -82.198753357 137.498382568 19.877456665 107.956016541 -93.114059448 -23.026140213 165.915435791 11.656215668 170.074447632 -182.709152222 11.971339226 -218.389007568 53.177654266 -91.573158264 -223.297088623 -115.324501038 -133.805252075 175.324905396 -72.833946228 164.336746216 -169.106597900 64.475051880 107.012916565 118.420806885 139.207641602 -105.942703247 0.317873925 1177.350219727 -286.997375488 723.206726074 878.911437988 -21.775938034 1134.440795898 -1017.095764160 803.652587891 -1263.704711914 94.335411072 -939.772888184 -963.529235840 -122.297439575 -1100.844604492 872.048095703 -775.890136719
216.342483521 -107.744262695 53.008033752 174.654678345 94.172096252 185.731307983 -151.521682739 28.759418488 -157.125869751 118.034721375 -61.378479004 -142.614822388 -119.725471497 -83.421272278 139.127990723 19.621517181 109.376068115 -94.293075562 -22.702417374 167.465805054 12.660323143 171.572326660 -184.282196045 12.135584831 -219.763702393 54.163555145 -92.158401489 -225.031387329 -116.373374939 -134.913177490 176.843826294 -72.877830505 165.747375488 -170.149993896 64.594558716 108.620559692 119.191520691 140.884765625 -107.621589661 0.475506753 1176.455078125 -287.777099609 721.900024414 878.981811523 -20.644420624 1133.645141602 -1017.116394043 802.256164551 -1262.899536133 95.283805847 -938.501708984 -963.642822266 -123.404808044 -1099.916992188 872.174804688 -774.437805176
217.621429443 -108.909141541 53.159732819 176.155471802 94.998153687 187.289337158 -153.128707886 28.872943878 -158.672973633 118.894287109 -61.977996826 -144.464385986 -120.766593933 -84.643646240 140.756256104 19.365930557 110.797042847 -95.471519470 -22.378820419 169.015716553 13.665598869 173.066970825 -185.853759766 12.297488213 -221.137649536 55.149929047 -92.741050720 -226.763931274 -117.423637390 -136.021591187 178.362060547 -72.921356201 167.157623291 -171.192932129 64.713539124 110.227371216 119.963340759 142.559997559 -109.300827026 0.632705033 1175.560180664 -288.555999756 720.593322754 879.051208496 -19.512477875 1132.848022461 -1017.136169434 800.859863281 -1262.093261719 96.232398987 -937.229858398 -963.755737305 -124.511421204 -1098.988891602 872.300537109 -772.985168457
218.898757935 -110.073486328 53.310024261 177.656936646 95.826354980 188.843734741 -154.734848022 28.985506058 -160.218536377 119.753768921 -62.577121735 -146.313796997 -121.808303833 -85.865943909 142.383178711 19.110616684 112.218994141 -96.649299622 -22.055183411 170.565155029 14.671782494 174.558410645 -187.423843384 12.457162857 -222.510726929 56.136352539 -93.321235657 -228.494888306 -118.474861145 -137.130569458 179.879272461 -72.964881897 168.567596436 -172.235382080 64.832130432 111.833175659 120.736083984 144.233413696 -110.980438232 0.789636374 1174.665161133 -289.334045410 719.286560059 879.119812012 -18.380128860 1132.049682617 -1017.155090332 799.463623047 -1261.286132812 97.181175232 -935.957336426 -963.867919922 -125.617271423 -1098.060180664 872.425109863 -771.532165527
220.174514771 -111.237190247 53.459293365 179.159149170 96.656753540 190.395034790 -156.340057373 29.097263336 -161.762512207 120.613212585 -63.175952911 -148.162979126 -122.850502014 -87.088279724 144.008743286 18.855524063 113.641967773 -97.826332092 -21.731363297 172.114120483 15.678699493 176.046798706 -188.992691040 12.614768982 -223.882751465 57.122451782 -93.899162292 -230.224609375 -119.526588440 -138.240188599 181.395187378 -73.008743286 169.977371216 -173.277252197 64.950454712 113.437843323 121.509574890 145.905075073 -112.660423279 0.946477890 1173.770385742 -290.111206055 717.979675293 879.187438965 -17.247392654 1131.249755859 -1017.173217773 798.067565918 -1260.478149414 98.130126953 -934.684143066 -963.979370117 -126.722328186 -1097.130859375 872.548645020 -770.078796387
221.448791504 -112.400169373 53.607925415 180.661987305 97.489326477 191.943740845 -157.944274902 29.208366394 -163.304901123 121.472648621 -63.774578094 -150.011886597 -123.893089294 -88.310760498 145.632965088 18.600610733 115.066001892 -99.002555847 -21.407234192 173.662597656 16.686273575 177.532394409 -190.560668945 12.770503044 -225.253616333 58.107894897 -94.475090027 -231.953598022 -120.578361511 -139.350494385 182.909545898 -73.053184509 171.386962891 -174.318496704 65.068618774 115.041252136 122.283638000 147.575042725 -114.340782166 1.103409529 1172.875488281 -290.887512207 716.672851562 879.254150391 -16.114286423 1130.448486328 -1017.190368652 796.671569824 -1259.669067383 99.079231262 -933.410217285 -964.090026855 -127.826576233 -1096.201049805 872.671020508 -768.625183105
222.721633911 -113.562339783 53.756290436 182.165130615 98.323974609 193.490249634 -159.547637939 29.318960190 -164.845687866 122.332115173 -64.373062134 -151.860488892 -124.935943604 -89.533515930 147.255844116 18.345855713 116.491111755 -100.177925110 -21.082689285 175.210586548 17.694511414 179.015533447 -192.128234863 12.924595833 -226.623153687 59.092414856 -95.049316406 -233.682403564 -121.629760742 -140.461547852 184.422134399 -73.098403931 172.796401978 -175.358993530 65.186691284 116.643287659 123.058120728 149.243331909 -116.021530151 1.260607719 1171.980712891 -291.662933350 715.365905762 879.319946289 -14.980825424 1129.645874023 -1017.206726074 795.275756836 -1258.859008789 100.028465271 -932.135559082 -964.199951172 -128.930007935 -1095.270629883 872.792358398 -767.171203613
223.993072510 -114.723632812 53.904766083 183.668273926 99.160530090 195.034912109 -161.150344849 29.429178238 -166.384826660 123.191650391 -64.971458435 -153.708740234 -125.978942871 -90.756660461 148.877380371 18.091253281 117.917289734 -101.352432251 -20.757648468 176.758087158 18.703481674 180.496658325 -193.695846558 13.077304840 -227.991241455 60.075809479 -95.622138977 -235.411560059 -122.680427551 -141.573364258 185.932769775 -73.144508362 174.205627441 -176.398666382 65.304695129 118.243865967 123.832862854 150.910018921 -117.702667236 1.418240905 1171.085937500 -292.437469482 714.058959961 879.384826660 -13.847026825 1128.841674805 -1017.222106934 793.880004883 -1258.048095703 100.977821350 -930.860229492 -964.309082031 -130.032577515 -1094.339599609 872.912475586 -765.716918945
225.263168335 -115.883972168 54.053676605 185.171127319 99.998725891 196.577957153 -162.752746582 29.539155960 -167.922348022 124.051269531 -65.569801331 -155.556640625 -127.021972656 -91.980331421 150.497604370 17.836812973 119.344528198 -102.526046753 -20.432046890 178.305130005 19.713277817 181.976226807 -195.263931274 13.228918076 -229.357727051 61.057937622 -96.193870544 -237.141479492 -123.730064392 -142.686019897 187.441375732 -73.191528320 175.614608765 -177.437438965 65.422645569 119.842910767 124.607749939 152.575134277 -119.384201050 1.576463938 1170.191162109 -293.211120605 712.751953125 879.448730469 -12.712908745 1128.036132812 -1017.236633301 792.484436035 -1257.236206055 101.927276611 -929.584106445 -964.417480469 -131.134307861 -1093.408081055 873.031555176 -764.262329102
226.531906128 -117.043319702 54.203315735 186.673477173 100.838249207 198.119583130 -164.355285645 29.649024963 -169.458206177 124.911010742 -66.168106079 -157.404129028 -128.064910889 -93.204627991 152.116516113 17.582550049 120.772811890 -103.698791504 -20.105842590 179.851684570 20.723976135 183.454650879 -196.832824707 13.379745483 -230.722503662 62.038761139 -96.764778137 -238.872451782 -124.778434753 -143.799514771 188.947952271 -73.239425659 177.023284912 -178.475219727 65.540504456 121.440422058 125.382667542 154.238708496 -121.066139221 1.735415578 1169.296508789 -293.983856201 711.444885254 879.511657715 -11.578487396 1127.229003906 -1017.250183105 791.089050293 -1256.423339844 102.876823425 -928.307312012 -964.525085449 -132.235153198 -1092.475830078 873.149414062 -762.807434082
227.799316406 -118.201644897 54.353916168 188.175079346 101.678771973 199.659912109 -165.958435059 29.758928299 -170.992401123 125.770889282 -66.766372681 -159.251235962 -129.107666016 -94.429679871 153.734146118 17.328493118 122.202117920 -104.870674133 -19.779016495 181.397811890 21.735603333 184.932281494 -198.402816772 13.530118942 -232.085556030 63.018344879 -97.335121155 -240.604537964 -125.825424194 -144.913894653 190.452575684 -73.288116455 178.431610107 -179.511962891 65.658248901 123.036582947 126.157531738 155.900756836 -122.748489380 1.895215511 1168.401733398 -294.755676270 710.137817383 879.573669434 -10.443778038 1126.420532227 -1017.262878418 789.693786621 -1255.609497070 103.826438904 -927.029785156 -964.631896973 -133.335098267 -1091.542968750 873.266113281 -761.352233887
229.065399170 -119.358909607 54.505641937 189.675781250 102.519950867 201.199050903 -167.562637329 29.869010925 -172.524948120 126.630920410 -67.364593506 -161.097915649 -130.150115967 -95.655570984 155.350509644 17.074674606 123.632400513 -106.041740417 -19.451562881 182.943511963 22.748111725 186.409423828 -199.974060059 13.680385590 -233.446868896 63.996837616 -97.905120850 -242.337661743 -126.871009827 -146.029205322 191.955444336 -73.337448120 179.839508057 -180.547637939 65.775810242 124.631675720 126.932281494 157.561294556 -124.431266785 2.055963039 1167.506958008 -295.526611328 708.830749512 879.634704590 -9.308798790 1125.610473633 -1017.274597168 788.298645020 -1254.794677734 104.776107788 -925.751464844 -964.737854004 -134.434127808 -1090.609497070 873.381652832 -759.896728516
230.330139160 -120.515106201 54.658592224 191.175415039 103.361450195 202.737091064 -169.168258667 29.979442596 -174.055816650 127.491096497 -67.962745667 -162.944198608 -131.192214966 -96.882400513 156.965606689 16.821132660 125.063621521 -107.212013245 -19.123493195 184.488800049 23.761379242 187.886184692 -201.546630859 13.830901146 -234.806518555 64.974449158 -98.474952698 -244.071563721 -127.915260315 -147.145523071 193.456726074 -73.387252808 181.246978760 -181.582260132 65.893142700 126.226043701 127.706871033 159.220321655 -126.114471436 2.217735767 1166.612182617 -296.296600342 707.523620605 879.694763184 -8.173563004 1124.798950195 -1017.285339355 786.903686523 -1253.978759766 105.725822449 -924.472351074 -964.843017578 -135.532226562 -1089.675415039 873.496032715 -758.441040039
231.593521118 -121.670242310 54.812793732 192.673843384 104.202980042 204.274124146 -170.775543213 30.090398788 -175.585037231 128.351425171 -68.560798645 -164.790069580 -132.233856201 -98.110237122 158.579483032 16.567903519 126.495750427 -108.381538391 -18.794834137 186.033721924 24.775197983 189.362640381 -203.120590210 13.982018471 -236.164535522 65.951431274 -99.044761658 -245.805847168 -128.958312988 -148.262924194 194.956649780 -73.437332153 182.653976440 -182.615844727 66.010200500 127.820022583 128.481277466 160.877853394 -127.798110962 2.380590439 1165.717285156 -297.065643311 706.216491699 879.753845215 -7.038089752 1123.985961914 -1017.295166016 785.508911133 -1253.161987305 106.675559998 -923.192565918 -964.947387695 -136.629394531 -1088.740722656 873.609191895 -756.984985352
232.855514526 -122.824310303 54.968208313 194.170959473 105.044281006 205.810226440 -172.384597778 30.202074051 -177.112594604 129.211898804 -69.158699036 -166.635543823 -133.274993896 -99.339149475 160.192153931 16.315027237 127.928726196 -109.550376892 -18.465616226 187.578292847 25.789312363 190.838714600 -204.695877075 14.134081841 -237.521057129 66.928047180 -99.614646912 -247.540100098 -130.000366211 -149.381469727 196.455413818 -73.487503052 184.060485840 -183.648452759 66.126945496 129.413879395 129.255493164 162.533859253 -129.482208252 2.544564009 1164.822509766 -297.833770752 704.909301758 879.811889648 -5.902392387 1123.171508789 -1017.304016113 784.114318848 -1252.344238281 107.625305176 -921.911926270 -965.050964355 -137.725601196 -1087.805419922 873.721191406 -755.528686523
234.116088867 -123.977340698 55.124736786 195.666671753 105.885131836 207.345443726 -173.995391846 30.314662933 -178.638504028 130.072509766 -69.756401062 -168.480621338 -134.315582275 -100.569175720 161.803634644 16.062540054 129.362518311 -110.718566895 -18.135885239 189.122543335 26.803428650 192.314300537 -206.272430420 14.287412643 -238.876113892 67.904548645 -100.184692383 -249.273910522 -131.041610718 -150.501220703 197.953186035 -73.537567139 185.466506958 -184.680145264 66.243347168 131.007797241 130.029525757 164.188339233 -131.166763306 2.709673643 1163.927490234 -298.600982666 703.602111816 879.868957520 -4.766488075 1122.355468750 -1017.311950684 782.719848633 -1251.525512695 108.575050354 -920.630554199 -965.153625488 -138.820816040 -1086.869384766 873.831970215 -754.072143555
235.375213623 -125.129341125 55.282222748 197.160949707 106.725326538 208.879791260 -175.607727051 30.428363800 -180.162796021 130.933227539 -70.353858948 -170.325332642 -135.355606079 -101.800361633 163.413940430 15.810472488 130.797073364 -111.886154175 -17.805683136 190.666488647 27.817256927 193.789230347 -207.850097656 14.442297935 -240.229812622 68.881156921 -100.754966736 -251.006942749 -132.082290649 -151.622238159 199.450103760 -73.587356567 186.872024536 -185.710998535 66.359420776 132.601837158 130.803405762 165.841278076 -132.851791382 2.875920296 1163.032592773 -299.367218018 702.294921875 879.925048828 -3.630391598 1121.537963867 -1017.318847656 781.325622559 -1250.705810547 109.524780273 -919.348327637 -965.255493164 -139.915054321 -1085.932739258 873.941528320 -752.615356445
236.632858276 -126.280342102 55.440490723 198.653930664 107.564727783 210.413269043 -177.221374512 30.543359756 -181.685455322 131.794036865 -70.951019287 -172.169677734 -136.395034790 -103.032714844 165.023086548 15.558851242 132.232376099 -113.053192139 -17.475059509 192.210174561 28.830533981 195.263290405 -209.428726196 14.598986626 -241.582153320 69.858039856 -101.325492859 -252.738876343 -133.122558594 -152.744537354 200.946228027 -73.636734009 188.277053833 -186.741058350 66.475158691 134.195938110 131.577148438 167.492660522 -134.537292480 3.043290138 1162.137573242 -300.132507324 700.987731934 879.980102539 -2.494118690 1120.718994141 -1017.324768066 779.931579590 -1249.885131836 110.474472046 -918.065368652 -965.356567383 -141.008270264 -1084.995483398 874.049865723 -751.158325195
237.888977051 -127.430374146 55.599346161 200.145874023 108.403182983 211.945770264 -178.835998535 30.659814835 -183.206497192 132.654891968 -71.547821045 -174.013687134 -137.433868408 -104.266265869 166.631103516 15.307700157 133.668365479 -114.219718933 -17.144062042 193.753616333 29.843046188 196.736312866 -211.008117676 14.757674217 -242.933181763 70.835319519 -101.896255493 -254.469482422 -134.162612915 -153.868133545 202.441589355 -73.685569763 189.681564331 -187.770401001 66.590606689 135.790008545 132.350814819 169.142425537 -136.223297119 3.211757421 1161.242431641 -300.896850586 699.680541992 880.034179688 -1.357684612 1119.898437500 -1017.329772949 778.537719727 -1249.063354492 111.424118042 -916.781555176 -965.456726074 -142.100479126 -1084.057495117 874.156982422 -749.700988770
239.143539429 -128.579467773 55.758590698 201.637176514 109.240600586 213.477218628 -180.451309204 30.777860641 -184.725952148 133.515808105 -72.144218445 -175.857360840 -138.472122192 -105.500999451 168.238006592 15.057031631 135.105026245 -115.385765076 -16.812732697 195.296844482 30.854650497 198.208099365 -212.588012695 14.918499947 -244.282852173 71.813041687 -102.467193604 -256.198547363 -135.202560425 -154.992980957 203.936172485 -73.733787537 191.085571289 -188.799087524 66.705802917 137.383911133 133.124435425 170.790588379 -137.909805298 3.381287575 1160.347167969 -301.660247803 698.373352051 880.087219238 -0.221104637 1119.076293945 -1017.333740234 777.144042969 -1248.240722656 112.373710632 -915.496948242 -965.556030273 -143.191650391 -1083.118774414 874.262878418 -748.243469238
240.396499634 -129.727661133 55.918041229 203.128234863 110.076904297 215.007431030 -182.067047119 30.897594452 -186.243835449 134.376708984 -72.740158081 -177.700714111 -139.509796143 -106.736915588 169.843811035 14.806855202 136.542343140 -116.551361084 -16.481113434 196.839889526 31.865274429 199.678543091 -214.168212891 15.081542969 -245.631134033 72.791213989 -103.038253784 -257.925994873 -136.242492676 -156.119064331 205.429901123 -73.781326294 192.489044189 -189.827133179 66.820793152 138.977569580 133.898040771 172.437103271 -139.596817017 3.551838636 1159.451904297 -302.422668457 697.066162109 880.139221191 0.915606081 1118.252685547 -1017.336669922 775.750610352 -1247.416992188 113.323219299 -914.211547852 -965.654479980 -144.281768799 -1082.179565430 874.367553711 -746.785705566
241.647842407 -130.874969482 56.077522278 204.619384766 110.912071228 216.536224365 -183.683013916 31.019067764 -187.760147095 135.237594604 -73.335601807 -179.543777466 -140.546920776 -107.973999023 171.448532104 14.557170868 137.980285645 -117.716537476 -16.149236679 198.382751465 32.874919891 201.147506714 -215.748504639 15.246822357 -246.977981567 73.769790649 -103.609344482 -259.651885986 -137.282424927 -157.246307373 206.922698975 -73.828155518 193.891937256 -190.854583740 66.935653687 140.570938110 134.671707153 174.081954956 -141.284362793 3.723365307 1158.556518555 -303.184143066 695.758972168 880.190246582 2.052432537 1117.427490234 -1017.338623047 774.357421875 -1246.592407227 114.272651672 -912.925292969 -965.752075195 -145.370819092 -1081.239624023 874.470947266 -745.327697754
242.897521973 -132.021438599 56.236900330 206.110885620 111.746093750 218.063415527 -185.298980713 31.142286301 -189.274917603 136.098403931 -73.930503845 -181.386535645 -141.583511353 -109.212242126 173.052169800 14.307973862 139.418838501 -118.881301880 -15.817129135 199.925445557 33.883651733 202.614913940 -217.328704834 15.414298058 -248.323287964 74.748695374 -104.180374146 -261.376312256 -138.322372437 -158.374633789 208.414489746 -73.874267578 195.294235229 -191.881423950 67.050445557 142.164093018 135.445480347 175.725112915 -142.972442627 3.895821333 1157.661010742 -303.944641113 694.451782227 880.240234375 3.189359426 1116.600830078 -1017.339599609 772.964416504 -1245.766723633 115.221977234 -911.638183594 -965.848815918 -146.458786011 -1080.298950195 874.573120117 -743.869506836
244.145523071 -133.167083740 56.396072388 207.602905273 112.579032898 219.588836670 -186.914810181 31.267210007 -190.788146973 136.959152222 -74.524833679 -183.229019165 -142.619613647 -110.451606750 174.654754639 14.059251785 140.858001709 -120.045669556 -15.484809875 201.468017578 34.891590118 204.080703735 -218.908676147 15.583873749 -249.667022705 75.727813721 -104.751258850 -263.099548340 -139.362289429 -159.503982544 209.905151367 -73.919662476 196.695907593 -192.907653809 67.165229797 143.757141113 136.219360352 177.366546631 -144.661087036 4.069160461 1156.765380859 -304.704162598 693.144592285 880.289123535 4.326372623 1115.772583008 -1017.339538574 771.571655273 -1244.940063477 116.171188354 -910.350280762 -965.944702148 -147.545654297 -1079.357666016 874.674011230 -742.411071777
245.391830444 -134.311920166 56.554962158 209.095489502 113.411003113 221.112304688 -188.530395508 31.393753052 -192.299850464 137.819763184 -75.118568420 -185.071228027 -143.655258179 -111.692092896 176.256271362 13.810988426 142.297760010 -121.209640503 -15.152290344 203.010467529 35.898887634 205.544830322 -220.488372803 15.755407333 -251.009094238 76.707038879 -105.321899414 -264.821838379 -140.402114868 -160.634277344 211.394653320 -73.964363098 198.096908569 -193.933273315 67.280097961 145.350265503 136.993423462 179.006256104 -146.350280762 4.243340015 1155.869628906 -305.462707520 691.837402344 880.337036133 5.463456631 1114.942749023 -1017.338500977 770.179138184 -1244.112548828 117.120277405 -909.061523438 -966.039672852 -148.631423950 -1078.415649414 874.773681641 -740.952453613
246.636413574 -135.455963135 56.713550568 210.588577271 114.242141724 222.633712769 -190.145706177 31.521797180 -193.810043335 138.680236816 -75.711685181 -186.913162231 -144.690475464 -112.933654785 177.856750488 13.563159943 143.738128662 -122.373214722 -14.819573402 204.552795410 36.905723572 207.007247925 -222.067779541 15.928716660 -252.349487305 77.686264038 -105.892196655 -266.543426514 -141.441818237 -161.765441895 212.882934570 -74.008392334 199.497222900 -194.958251953 67.395111084 146.943664551 137.767669678 180.644195557 -148.040039062 4.418322563 1154.973754883 -306.220306396 690.530273438 880.383911133 6.600596905 1114.111328125 -1017.336425781 768.786865234 -1243.283935547 118.069221497 -907.771850586 -966.133789062 -149.716064453 -1077.473022461 874.872070312 -739.493591309
247.879257202 -136.599258423 56.871841431 212.082107544 115.072647095 224.152984619 -191.760818481 31.651195526 -195.318756104 139.540557861 -76.304161072 -188.754806519 -145.725296021 -114.176292419 179.456207275 13.315740585 145.179107666 -123.536376953 -14.486654282 206.095031738 37.912288666 208.467926025 -223.646957397 16.103593826 -253.688140869 78.665397644 -106.462059021 -268.264587402 -142.481338501 -162.897430420 214.369979858 -74.051795959 200.896804810 -195.982574463 67.510375977 148.537490845 138.542144775 182.280380249 -149.730377197 4.594074726 1154.077758789 -306.976898193 689.223144531 880.429748535 7.737779140 1113.278442383 -1017.333312988 767.394836426 -1242.454345703 119.018020630 -906.481384277 -966.226989746 -150.799575806 -1076.529663086 874.969177246 -738.034606934
249.120361328 -137.741775513 57.029872894 213.575927734 115.902748108 225.670089722 -193.375839233 31.781784058 -196.825958252 140.400680542 -76.895996094 -190.596191406 -146.759750366 -115.419982910 181.054626465 13.068701744 146.620681763 -124.699119568 -14.153521538 207.637176514 38.918762207 209.926849365 -225.226028442 16.279815674 -255.025085449 79.644363403 -107.031394958 -269.985565186 -143.520599365 -164.030212402 215.855789185 -74.094596863 202.295654297 -197.006225586 67.625961304 150.131896973 139.316833496 183.914794922 -151.421325684 4.770571709 1153.181640625 -307.732513428 687.916076660 880.474487305 8.874988556 1112.443969727 -1017.329162598 766.003112793 -1241.623657227 119.966651917 -905.190002441 -966.319335938 -151.881927490 -1075.585571289 875.065063477 -736.575378418
250.359725952 -138.883544922 57.187713623 215.069931030 116.732681274 227.185028076 -194.990936279 31.913391113 -198.331695557 141.260589600 -77.487174988 -192.437301636 -147.793853760 -116.664703369 182.652023315 12.822010994 148.062896729 -125.861427307 -13.820155144 209.179244995 39.925323486 211.383987427 -226.805145264 16.457157135 -256.360321045 80.623107910 -107.600120544 -271.706451416 -144.559600830 -165.163772583 217.340408325 -74.136840820 203.693786621 -198.029190063 67.741958618 151.726928711 140.091751099 185.547409058 -153.112854004 4.947795391 1152.285278320 -308.487152100 686.609008789 880.518249512 10.012209892 1111.607788086 -1017.324035645 764.611633301 -1240.792114258 120.915107727 -903.897766113 -966.410766602 -152.963119507 -1074.640869141 875.159606934 -735.115905762
251.597534180 -140.024734497 57.345443726 216.564041138 117.562690735 228.697830200 -196.606292725 32.045848846 -199.835952759 142.120285034 -78.077705383 -194.278121948 -148.827636719 -117.910461426 184.248413086 12.575634956 149.505737305 -127.023277283 -13.486533165 210.721221924 40.932136536 212.839355469 -228.384490967 16.635396957 -257.693878174 81.601600647 -108.168144226 -273.427398682 -145.598297119 -166.298110962 218.823898315 -74.178565979 205.091186523 -199.051483154 67.858467102 153.322570801 140.866897583 187.178237915 -154.805007935 5.125736713 1151.388793945 -309.240783691 685.302001953 880.560913086 11.149430275 1110.770263672 -1017.317871094 763.220397949 -1239.959594727 121.863372803 -902.604614258 -966.501342773 -154.043136597 -1073.695434570 875.252929688 -733.656311035
252.834106445 -141.165618896 57.503170013 218.058181763 118.393013000 230.208572388 -198.222122192 32.178997040 -201.338729858 142.979736328 -78.667587280 -196.118637085 -149.861129761 -119.157234192 185.843795776 12.329540253 150.949218750 -128.184646606 -13.152626991 212.263153076 41.939334869 214.292922974 -229.964309692 16.814342499 -259.025817871 82.579826355 -108.735412598 -275.148406982 -146.636703491 -167.433242798 220.306335449 -74.219818115 206.487960815 -200.073135376 67.975563049 154.918731689 141.642272949 188.807266235 -156.497772217 5.304392338 1150.492187500 -309.993469238 683.995056152 880.602539062 12.286633492 1109.931030273 -1017.310607910 761.829528809 -1239.125976562 122.811439514 -901.310607910 -966.590942383 -155.121963501 -1072.749389648 875.344970703 -732.196533203
254.069839478 -142.306549072 57.660991669 219.552352905 119.223831177 231.717300415 -199.838607788 32.312702179 -202.840072632 143.838943481 -79.256828308 -197.958862305 -150.894317627 -120.405036926 187.438186646 12.083692551 152.393341064 -129.345535278 -12.818403244 213.805007935 42.947044373 215.744735718 -231.544784546 16.993820190 -260.356231689 83.557792664 -109.301841736 -276.869415283 -147.674819946 -168.569229126 221.787780762 -74.260635376 207.884201050 -201.094223022 68.093330383 156.515289307 142.417831421 190.434524536 -158.191177368 5.483767986 1149.595336914 -310.745147705 682.688110352 880.643127441 13.423807144 1109.090209961 -1017.302368164 760.438903809 -1238.291503906 123.759292603 -900.015747070 -966.679687500 -156.199584961 -1071.802612305 875.435668945 -730.736572266
255.305160522 -143.447845459 57.819019318 221.046539307 120.055328369 233.224090576 -201.455932617 32.446857452 -204.339935303 144.697891235 -79.845428467 -199.798767090 -151.927215576 -121.653877258 189.031585693 11.838059425 153.838134766 -130.505889893 -12.483827591 215.346801758 43.955348969 217.194824219 -233.126113892 17.173700333 -261.685150146 84.535514832 -109.867393494 -278.590332031 -148.712646484 -169.706100464 223.268310547 -74.301063538 209.280120850 -202.114868164 68.211837769 158.112075806 143.193572998 192.059967041 -159.885208130 5.663876057 1148.698242188 -311.495819092 681.381225586 880.682617188 14.560935020 1108.247802734 -1017.293090820 759.048583984 -1237.455932617 124.706924438 -898.719909668 -966.767578125 -157.275985718 -1070.855224609 875.525146484 -729.276428223
256.540496826 -144.589752197 57.977355957 222.540786743 120.887596130 234.729003906 -203.074234009 32.581390381 -205.838363647 145.556564331 -80.433410645 -201.638351440 -152.959823608 -122.903747559 190.623992920 11.592609406 155.283584595 -131.665710449 -12.148864746 216.888549805 44.964317322 218.643203735 -234.708435059 17.353887558 -263.012664795 85.513000488 -110.432029724 -280.311065674 -149.750244141 -170.843917847 224.748001099 -74.341156006 210.675994873 -203.135223389 68.331130981 159.708969116 143.969467163 193.683639526 -161.579895020 5.844735622 1147.801147461 -312.245513916 680.074340820 880.721069336 15.698004723 1107.403930664 -1017.282775879 757.658569336 -1236.619506836 125.654312134 -897.423217773 -966.854492188 -158.351165771 -1069.907104492 875.613342285 -727.816162109
257.776184082 -145.732467651 58.136104584 224.035079956 121.720703125 236.232086182 -204.693634033 32.716262817 -207.335342407 146.414978027 -81.020767212 -203.477600098 -153.992126465 -124.154678345 192.215438843 11.347314835 156.729721069 -132.824966431 -11.813477516 218.430267334 45.973979950 220.089935303 -236.291885376 17.534332275 -264.338806152 86.490272522 -110.995712280 -282.031463623 -150.787597656 -171.982772827 226.226882935 -74.380950928 212.072143555 -204.155487061 68.451232910 161.305801392 144.745483398 195.305541992 -163.275222778 6.026370049 1146.903686523 -312.994232178 678.767578125 880.758483887 16.835000992 1106.558349609 -1017.271423340 756.268859863 -1235.781982422 126.601455688 -896.125610352 -966.940551758 -159.425109863 -1068.958251953 875.700195312 -726.355712891
259.012512207 -146.876022339 58.295349121 225.529434204 122.554649353 237.733383179 -206.314193726 32.851470947 -208.830871582 147.273117065 -81.607528687 -205.316482544 -155.024139404 -125.406684875 193.805923462 11.102146149 158.176528931 -133.983642578 -11.477631569 219.971923828 46.984340668 221.535064697 -237.876510620 17.715023041 -265.663665771 87.467323303 -111.558425903 -283.751403809 -151.824752808 -173.122695923 227.705001831 -74.420516968 213.468902588 -205.175827026 68.572174072 162.902511597 145.521591187 196.925659180 -164.971221924 6.208808422 1146.006103516 -313.741943359 677.460876465 880.794860840 17.971910477 1105.711303711 -1017.259033203 754.879455566 -1234.943481445 127.548347473 -894.827026367 -967.025695801 -160.497787476 -1068.008789062 875.785766602 -724.895080566
260.249755859 -148.020370483 58.455173492 227.023818970 123.389404297 239.232894897 -207.935943604 32.987041473 -210.324951172 148.130981445 -82.193687439 -207.155014038 -156.055831909 -126.659782410 195.395462036 10.857080460 159.624023438 -135.141738892 -11.141289711 221.513565063 47.995365143 222.978668213 -239.462295532 17.895988464 -266.987243652 88.444168091 -112.120170593 -285.470764160 -152.861679077 -174.263763428 229.182373047 -74.459907532 214.866592407 -206.196380615 68.693939209 164.499053955 146.297744751 198.544021606 -166.667877197 6.392082214 1145.108276367 -314.488647461 676.154235840 880.830139160 19.108718872 1104.862548828 -1017.245605469 753.490417480 -1234.104125977 128.494964600 -893.527587891 -967.109863281 -161.569198608 -1067.058593750 875.870117188 -723.434326172
261.488067627 -149.165374756 58.615631104 228.518249512 124.224876404 240.730636597 -209.558883667 33.123035431 -211.817611694 148.988571167 -82.779251099 -208.993164062 -157.087188721 -127.914009094 196.984039307 10.612095833 161.072189331 -136.299224854 -10.804420471 223.055175781 49.006996155 224.420761108 -241.049224854 18.077289581 -268.309600830 89.420776367 -112.680961609 -287.189483643 -153.898391724 -175.406036377 230.658981323 -74.499168396 216.265472412 -207.217193604 68.816497803 166.095428467 147.073913574 200.160629272 -168.365219116 6.576226711 1144.210205078 -315.234375000 674.847656250 880.864379883 20.245410919 1104.012329102 -1017.231140137 752.101745605 -1233.263671875 129.441299438 -892.227172852 -967.193176270 -162.639328003 -1066.107788086 875.953125000 -721.973449707
262.727539062 -150.310806274 58.776779175 230.012634277 125.060958862 242.226638794 -211.182952881 33.259540558 -213.308822632 149.845870972 -83.364234924 -210.830932617 -158.118179321 -129.169387817 198.571701050 10.367172241 162.521057129 -137.456100464 -10.466992378 224.596771240 50.019145966 225.861404419 -242.637207031 18.259017944 -269.630706787 90.397132874 -113.240798950 -288.907501221 -154.934875488 -176.549545288 232.134841919 -74.538360596 217.665771484 -208.238281250 68.939826965 167.691696167 147.850067139 201.775497437 -170.063232422 6.761277676 1143.311889648 -315.979125977 673.541137695 880.897521973 21.381975174 1103.160400391 -1017.215637207 750.713378906 -1232.422241211 130.387329102 -890.925842285 -967.275573730 -163.708175659 -1065.156250000 876.034790039 -720.512390137
263.968292236 -151.456390381 58.938644409 231.506973267 125.897521973 243.720870972 -212.808074951 33.396656036 -214.798614502 150.702896118 -83.948631287 -212.668289185 -159.148803711 -130.425933838 200.158432007 10.122292519 163.970581055 -138.612350464 -10.128978729 226.138351440 51.031696320 227.300613403 -244.226150513 18.441280365 -270.950622559 91.373214722 -113.799705505 -290.624786377 -155.971084595 -177.694335938 233.609909058 -74.577529907 219.067565918 -209.259521484 69.063858032 169.287933350 148.626159668 203.388610840 -171.761932373 6.947270870 1142.413452148 -316.722839355 672.234741211 880.929626465 22.518396378 1102.307006836 -1017.199035645 749.325378418 -1231.579833984 131.333068848 -889.623596191 -967.357055664 -164.775711060 -1064.203979492 876.115234375 -719.051147461
265.210327148 -152.601867676 59.101249695 233.001235962 126.734397888 245.213348389 -214.434158325 33.534496307 -216.286972046 151.559631348 -84.532455444 -214.505233765 -160.179016113 -131.683700562 201.744262695 9.877444267 165.420791626 -139.767974854 -9.790353775 227.679946899 52.044517517 228.738403320 -245.815917969 18.624200821 -272.269287109 92.348968506 -114.357727051 -292.341369629 -157.006973267 -178.840454102 235.084152222 -74.616714478 220.470855713 -210.280685425 69.188545227 170.884216309 149.402160645 205.000000000 -173.461334229 7.134243488 1141.514648438 -317.465576172 670.928344727 880.960693359 23.654659271 1101.451904297 -1017.181457520 747.937744141 -1230.736450195 132.278503418 -888.320373535 -967.437622070 -165.841918945 -1063.251098633 876.194335938 -717.589843750
266.453674316 -153.746917725 59.264598846 234.495422363 127.571449280 246.704055786 -216.061080933 33.673175812 -217.773910522 152.416076660 -85.115699768 -216.341766357 -161.208816528 -132.942718506 203.329208374 9.632614136 166.871643066 -140.922958374 -9.451096535 229.221557617 53.057472229 230.174789429 -247.406387329 18.807905197 -273.586669922 93.324363708 -114.914878845 -294.057281494 -158.042495728 -179.987915039 236.557571411 -74.655960083 221.875579834 -211.301544189 69.313827515 172.480636597 150.178039551 206.609664917 -175.161437988 7.322229385 1140.615722656 -318.207336426 669.622131348 880.990661621 24.790752411 1100.595336914 -1017.162780762 746.550537109 -1229.892211914 133.223602295 -887.016235352 -967.517272949 -166.906814575 -1062.297485352 876.272155762 -716.128417969
267.698364258 -154.891265869 59.428688049 235.989517212 128.408523560 248.193008423 -217.688735962 33.812808990 -219.259445190 153.272247314 -85.698364258 -218.177871704 -162.238143921 -134.202987671 204.913269043 9.387791634 168.323165894 -142.077331543 -9.111186028 230.763198853 54.070415497 231.609741211 -248.997451782 18.992517471 -274.902801514 94.299369812 -115.471199036 -295.772552490 -159.077590942 -181.136734009 238.030120850 -74.695297241 223.281570435 -212.321762085 69.439643860 174.077285767 150.953765869 208.217605591 -176.862258911 7.511262417 1139.716430664 -318.948089600 668.315979004 881.019531250 25.926660538 1099.737060547 -1017.143127441 745.163635254 -1229.046875000 134.168365479 -885.711120605 -967.595947266 -167.970352173 -1061.343261719 876.348693848 -714.666809082
268.944335938 -156.034667969 59.593502045 237.483596802 129.245468140 249.680206299 -219.316986084 33.953498840 -220.743560791 154.128112793 -86.280433655 -220.013519287 -163.267013550 -135.464584351 206.496459961 9.142969131 169.775344849 -143.231063843 -8.770608902 232.304870605 55.083209991 233.043258667 -250.589019775 19.178153992 -276.217651367 95.273948669 -116.026718140 -297.487243652 -160.112213135 -182.286926270 239.501800537 -74.734741211 224.688644409 -213.341033936 69.565940857 175.674255371 151.729324341 209.823837280 -178.563781738 7.701373577 1138.816894531 -319.687835693 667.009887695 881.047424316 27.062372208 1098.877319336 -1017.122375488 743.777160645 -1228.200561523 135.112792969 -884.405029297 -967.673767090 -169.032546997 -1060.388427734 876.423889160 -713.205139160
270.191558838 -157.176879883 59.759021759 238.977722168 130.082153320 251.165634155 -220.945785522 34.095340729 -222.226272583 154.983688354 -86.861915588 -221.848739624 -164.295364380 -136.727493286 208.078796387 8.898139000 171.228134155 -144.384185791 -8.429349899 233.846588135 56.095733643 234.475326538 -252.180999756 19.364917755 -277.531188965 96.248077393 -116.581466675 -299.201416016 -161.146316528 -183.438491821 240.972610474 -74.774307251 226.096603394 -214.359069824 69.692680359 177.271560669 152.504684448 211.428344727 -180.266021729 7.892590523 1137.917114258 -320.426574707 665.703918457 881.074157715 28.197872162 1098.015869141 -1017.100585938 742.391113281 -1227.353271484 136.056854248 -883.097961426 -967.750610352 -170.093368530 -1059.432861328 876.497802734 -711.743286133
271.439910889 -158.317718506 59.925216675 240.471969604 130.918487549 252.649291992 -222.575027466 34.238410950 -223.707595825 155.838958740 -87.442802429 -223.683502197 -165.323196411 -137.991760254 209.660308838 8.653295517 172.681564331 -145.536682129 -8.087399483 235.388381958 57.107879639 235.905944824 -253.773361206 19.552898407 -278.843414307 97.221733093 -117.135475159 -300.915100098 -162.179855347 -184.591461182 242.442550659 -74.813995361 227.505294800 -215.375656128 69.819816589 178.869277954 153.279815674 213.031158447 -181.968994141 8.084939957 1137.016967773 -321.164337158 664.398071289 881.099914551 29.333145142 1097.152954102 -1017.077758789 741.005432129 -1226.505004883 137.000549316 -881.789978027 -967.826538086 -171.152816772 -1058.476562500 876.570434570 -710.281372070
272.689331055 -159.457000732 60.092071533 241.966400146 131.754348755 254.131195068 -224.204681396 34.382759094 -225.187530518 156.693923950 -88.023071289 -225.517807007 -166.350479126 -139.257415771 211.240997314 8.408433914 174.135589600 -146.688552856 -7.744748116 236.930252075 58.119571686 237.335083008 -255.366073608 19.742160797 -280.154296875 98.194931030 -117.688766479 -302.628295898 -163.212783813 -185.745819092 243.911621094 -74.853805542 228.914550781 -216.390625000 69.947334290 180.467407227 154.054718018 214.632263184 -183.672698975 8.278442383 1136.116699219 -321.901123047 663.092346191 881.124572754 30.468179703 1096.288330078 -1017.053955078 739.620178223 -1225.655883789 137.943878174 -880.481018066 -967.901550293 -172.210876465 -1057.519653320 876.641723633 -708.819335938
273.939666748 -160.594619751 60.259555817 243.461135864 132.589691162 255.611343384 -225.834747314 34.528427124 -226.666076660 157.548583984 -88.602714539 -227.351669312 -167.377197266 -140.524490356 212.820877075 8.163547516 175.590225220 -147.839828491 -7.401389122 238.472229004 59.130752563 238.762725830 -256.959136963 19.932758331 -281.463867188 99.167655945 -118.241348267 -304.341033936 -164.245071411 -186.901580811 245.379882812 -74.893722534 230.324188232 -217.403839111 70.075218201 182.065979004 154.829360962 216.231643677 -185.377136230 8.473118782 1135.216064453 -322.636871338 661.786743164 881.148132324 31.602962494 1095.422119141 -1017.029052734 738.235351562 -1224.805664062 138.886810303 -879.171081543 -967.975646973 -173.267532349 -1056.562133789 876.711730957 -707.357177734
275.190795898 -161.730545044 60.427658081 244.956207275 133.424468994 257.089721680 -227.465225220 34.675434113 -228.143264771 158.402908325 -89.181724548 -229.185043335 -168.403335571 -141.792984009 214.399963379 7.918633461 177.045440674 -148.990509033 -7.057316303 240.014297485 60.141387939 240.188888550 -258.552612305 20.124725342 -282.772125244 100.139930725 -118.793235779 -306.053283691 -165.276733398 -188.058761597 246.847335815 -74.933746338 231.734069824 -218.415237427 70.203468323 183.665023804 155.603744507 217.829330444 -187.082321167 8.668985367 1134.315063477 -323.371643066 660.481262207 881.170654297 32.737480164 1094.554443359 -1017.003051758 736.851013184 -1223.954589844 139.829345703 -877.860107422 -968.048828125 -174.322769165 -1055.603881836 876.780456543 -705.894958496
276.442596436 -162.864730835 60.596359253 246.451705933 134.258621216 258.566314697 -229.096191406 34.823787689 -229.619079590 159.256912231 -89.760086060 -231.017959595 -169.428863525 -143.062927246 215.978271484 7.673685074 178.501235962 -150.140594482 -6.712524891 241.556488037 61.151481628 241.613555908 -260.146514893 20.318078995 -284.079040527 101.111778259 -119.344444275 -307.765045166 -166.307754517 -189.217376709 248.314025879 -74.973846436 233.144073486 -219.424850464 70.332107544 185.264541626 156.377838135 219.425308228 -188.788253784 8.866055489 1133.413818359 -324.105438232 659.175903320 881.192138672 33.871719360 1093.685058594 -1016.976074219 735.467102051 -1223.102416992 140.771484375 -876.548217773 -968.121032715 -175.376586914 -1054.645019531 876.847839355 -704.432617188
277.694885254 -163.997238159 60.765651703 247.947616577 135.092178345 260.041168213 -230.727691650 34.973480225 -231.093551636 160.110580444 -90.337783813 -232.850402832 -170.453781128 -144.334335327 217.555831909 7.428697109 179.957595825 -151.290084839 -6.367010117 243.098831177 62.161037445 243.036758423 -261.740936279 20.512823105 -285.384674072 102.083206177 -119.894966125 -309.476257324 -167.338134766 -190.377426147 249.779983521 -75.014015198 234.554153442 -220.432769775 70.461143494 186.864562988 157.151657104 221.019577026 -190.494949341 9.064340591 1132.512207031 -324.838226318 657.870666504 881.212524414 35.005664825 1092.814086914 -1016.948059082 734.083618164 -1222.249389648 141.713211060 -875.235290527 -968.192382812 -176.428970337 -1053.685546875 876.913940430 -702.970153809
278.947601318 -165.128158569 60.935539246 249.443984985 135.925125122 261.514221191 -232.359817505 35.124488831 -232.566665649 160.963897705 -90.914810181 -234.682373047 -171.478073120 -145.607238770 219.132644653 7.183663845 181.414505005 -152.438995361 -6.020767689 244.641311646 63.170097351 244.458480835 -263.335968018 20.708953857 -286.689025879 103.054252625 -120.444801331 -311.186828613 -168.367874146 -191.538925171 251.245254517 -75.054229736 235.964263916 -221.439132690 70.590614319 188.465087891 157.925201416 222.612136841 -192.202407837 9.263850212 1131.610351562 -325.570007324 656.565612793 881.231872559 36.139305115 1091.941650391 -1016.919006348 732.700561523 -1221.395385742 142.654510498 -873.921386719 -968.262756348 -177.479904175 -1052.725341797 876.978759766 -701.507629395
280.200622559 -166.257644653 61.106029510 250.940795898 136.757476807 262.985534668 -233.992645264 35.276794434 -234.038467407 161.816864014 -91.491149902 -236.513854980 -172.501724243 -146.881637573 220.708740234 6.938578129 182.871948242 -153.587341309 -5.673792839 246.183959961 64.178695679 245.878738403 -264.931671143 20.906461716 -287.992126465 104.024940491 -120.993934631 -312.896759033 -169.397018433 -192.701904297 252.709869385 -75.094482422 237.374435425 -222.444152832 70.720558167 190.066131592 158.698425293 224.202987671 -193.910629272 9.464591026 1130.708129883 -326.300811768 655.260681152 881.250122070 37.272624969 1091.067504883 -1016.888916016 731.318054199 -1220.540405273 143.595367432 -872.606506348 -968.332153320 -178.529373169 -1051.764526367 877.042236328 -700.044982910
281.453887939 -167.385864258 61.277130127 252.438034058 137.589294434 264.455047607 -235.626281738 35.430374146 -235.508926392 162.669464111 -92.066787720 -238.344863892 -173.524734497 -148.157546997 222.284118652 6.693432808 184.329940796 -154.735107422 -5.326080799 247.726791382 65.186897278 247.297546387 -266.528106689 21.105333328 -289.293945312 104.995277405 -121.542358398 -314.605987549 -170.425552368 -193.866348267 254.173858643 -75.134757996 238.784683228 -223.448043823 70.851013184 191.667694092 159.471359253 225.792129517 -195.619613647 9.666570663 1129.805541992 -327.030639648 653.955871582 881.267333984 38.405612946 1090.191772461 -1016.857788086 729.935974121 -1219.684448242 144.535781860 -871.290588379 -968.400695801 -179.577362061 -1050.803100586 877.104431152 -698.582275391
282.707336426 -168.513061523 61.448860168 253.935653687 138.420608521 265.922821045 -237.260787964 35.585205078 -236.978088379 163.521697998 -92.641708374 -240.175384521 -174.547088623 -149.434967041 223.858795166 6.448218346 185.788436890 -155.882308960 -4.977624893 249.269805908 66.194740295 248.714920044 -268.125396729 21.305551529 -290.594543457 105.965286255 -122.090065002 -316.314453125 -171.453521729 -195.032302856 255.637237549 -75.175048828 240.195053101 -224.451034546 70.982032776 193.269790649 160.244003296 227.379562378 -197.329391479 9.869791985 1128.902709961 -327.759429932 652.651245117 881.283508301 39.538257599 1089.314575195 -1016.825622559 728.554443359 -1218.827514648 145.475753784 -869.973693848 -968.468261719 -180.623886108 -1049.840942383 877.165344238 -697.119506836
283.960998535 -169.639465332 61.621238708 255.433654785 139.251464844 267.388854980 -238.896240234 35.741264343 -238.445953369 164.373535156 -93.215904236 -242.005416870 -175.568771362 -150.713928223 225.432800293 6.202925682 187.247467041 -157.028945923 -4.628419399 250.813034058 67.202293396 250.130859375 -269.723571777 21.507104874 -291.893920898 106.934974670 -122.637023926 -318.022125244 -172.480926514 -196.199783325 257.100036621 -75.215354919 241.605621338 -225.453353882 71.113655090 194.872421265 161.016311646 228.965270996 -199.039962769 10.074261665 1127.999389648 -328.487274170 651.346801758 881.298583984 40.670543671 1088.435668945 -1016.792419434 727.173400879 -1217.969726562 146.415267944 -868.655761719 -968.534912109 -181.668899536 -1048.878295898 877.224914551 -695.656677246
285.214843750 -170.765319824 61.794288635 256.931976318 140.081924438 268.853118896 -240.532684326 35.898544312 -239.912521362 165.224990845 -93.789367676 -243.834960938 -176.589797974 -151.994430542 227.006134033 5.957544804 188.707000732 -158.175018311 -4.278455257 252.356475830 68.209587097 251.545364380 -271.322662354 21.709983826 -293.192077637 107.904342651 -123.183219910 -319.729034424 -173.507781982 -197.368774414 258.562255859 -75.255676270 243.016403198 -226.455184937 71.245941162 196.475555420 161.788330078 230.549270630 -200.751312256 10.279982567 1127.095825195 -329.214111328 650.042480469 881.312622070 41.802459717 1087.555175781 -1016.758178711 725.792846680 -1217.110961914 147.354293823 -867.336853027 -968.600585938 -182.712417603 -1047.914916992 877.283264160 -694.193725586
286.468933105 -171.890853882 61.968029022 258.430633545 140.912033081 270.315673828 -242.170150757 36.057033539 -241.377807617 166.076034546 -94.362083435 -245.664001465 -177.610137939 -153.276504517 228.578811646 5.712063313 190.167053223 -159.320541382 -3.927723885 253.900146484 69.216667175 252.958465576 -272.922698975 21.914182663 -294.489044189 108.873382568 -123.728637695 -321.435119629 -174.534103394 -198.539306641 260.023925781 -75.296020508 244.427490234 -227.456710815 71.378929138 198.079177856 162.560012817 232.131546021 -202.463455200 10.486959457 1126.191894531 -329.939971924 648.738403320 881.325622559 42.933986664 1086.673217773 -1016.722900391 724.412780762 -1216.251098633 148.292861938 -866.016967773 -968.665405273 -183.754409790 -1046.950927734 877.340209961 -692.730773926
287.723297119 -173.016296387 62.142482758 259.929626465 141.741821289 271.776519775 -243.808670044 36.216735840 -242.841827393 166.926666260 -94.934036255 -247.492553711 -178.629821777 -154.560119629 230.150863647 5.466469765 191.627578735 -160.465499878 -3.576215267 255.444061279 70.223571777 254.370147705 -274.523681641 22.119703293 -295.784851074 109.842086792 -124.273254395 -323.140380859 -175.559875488 -199.711380005 261.485015869 -75.336395264 245.838912964 -228.458053589 71.512649536 199.683288574 163.331375122 233.712127686 -204.176391602 10.695197105 1125.287475586 -330.664825439 647.434448242 881.337524414 44.065120697 1085.789550781 -1016.686584473 723.033325195 -1215.390380859 149.230926514 -864.695983887 -968.729248047 -184.794876099 -1045.986328125 877.395935059 -691.267700195
288.977996826 -174.141784668 62.317668915 261.428894043 142.571334839 273.235656738 -245.448211670 36.377662659 -244.304580688 167.776870728 -95.505226135 -249.320587158 -179.648803711 -155.845306396 231.722274780 5.220750809 193.088607788 -161.609893799 -3.223917484 256.988220215 71.230300903 255.780426025 -276.125610352 22.326549530 -297.079437256 110.810447693 -124.817039490 -324.844879150 -176.585098267 -200.884994507 262.945556641 -75.376815796 247.250701904 -229.459304810 71.647155762 201.287841797 164.102416992 235.290969849 -205.890151978 10.904700279 1124.382812500 -331.388732910 646.130676270 881.348388672 45.195842743 1084.904296875 -1016.649230957 721.654357910 -1214.528808594 150.168502808 -863.374084473 -968.792114258 -185.833801270 -1045.021118164 877.450317383 -689.804565430
290.233093262 -175.267456055 62.493610382 262.928497314 143.400604248 274.693084717 -247.088760376 36.539821625 -245.766082764 168.626663208 -96.075645447 -251.148101807 -180.667098999 -157.132080078 233.293090820 4.974893093 194.550125122 -162.753738403 -2.870818377 258.532623291 72.236885071 257.189300537 -277.728485107 22.534729004 -298.372863770 111.778434753 -125.359985352 -326.548614502 -177.609756470 -202.060195923 264.405578613 -75.417289734 248.662902832 -230.460525513 71.782463074 202.892837524 164.873107910 236.868118286 -207.604705811 11.115475655 1123.477661133 -332.111602783 644.827148438 881.358154297 46.326145172 1084.017578125 -1016.610900879 720.275939941 -1213.666137695 151.105575562 -862.051086426 -968.854064941 -186.871170044 -1044.055419922 877.503417969 -688.341369629
291.488586426 -176.393356323 62.670318604 264.428405762 144.229614258 276.148834229 -248.730285645 36.703239441 -247.226348877 169.476013184 -96.645278931 -252.975112915 -181.684707642 -158.420440674 234.863327026 4.728882790 196.012130737 -163.897003174 -2.516904354 260.077331543 73.243316650 258.596771240 -279.332214355 22.744255066 -299.665100098 112.746040344 -125.902061462 -328.251586914 -178.633850098 -203.236953735 265.865051270 -75.457839966 250.075531006 -231.461700439 71.918609619 204.498260498 165.643447876 238.443542480 -209.320083618 11.327530861 1122.572143555 -332.833526611 643.523803711 881.366943359 47.456008911 1083.129272461 -1016.571533203 718.898071289 -1212.802612305 152.042129517 -860.727111816 -968.915100098 -187.906982422 -1043.088989258 877.555236816 -686.878173828
292.744537354 -177.519500732 62.847812653 265.928649902 145.058395386 277.602874756 -250.372741699 36.867935181 -248.685379028 170.324920654 -97.214134216 -254.801589966 -182.701614380 -159.710403442 236.432968140 4.482704639 197.474594116 -165.039718628 -2.162161112 261.622314453 74.249572754 260.002838135 -280.936798096 22.955141068 -300.956176758 113.713233948 -126.443252563 -329.953887939 -179.657363892 -204.415298462 267.324005127 -75.498481750 251.488616943 -232.462844849 72.055603027 206.104110718 166.413452148 240.017272949 -211.036285400 11.540872574 1121.666259766 -333.554473877 642.220642090 881.374633789 48.585422516 1082.239257812 -1016.531127930 717.520812988 -1211.938110352 152.978164673 -859.402038574 -968.975219727 -188.941223145 -1042.121948242 877.605773926 -685.414855957
294.000915527 -178.645828247 63.026100159 267.429260254 145.886932373 279.055236816 -252.016082764 37.033931732 -250.143188477 171.173370361 -97.782196045 -256.627532959 -183.717803955 -161.001983643 238.002059937 4.236344814 198.937545776 -166.181869507 -1.806573033 263.167572021 75.255653381 261.407501221 -282.542175293 23.167400360 -302.246093750 114.680000305 -126.983543396 -331.655456543 -180.680252075 -205.595230103 268.782440186 -75.539230347 252.902160645 -233.463851929 72.193450928 207.710403442 167.183074951 241.589294434 -212.753295898 11.755510330 1120.760009766 -334.274414062 640.917724609 881.381286621 49.714378357 1081.347778320 -1016.489685059 716.144104004 -1211.072753906 153.913665771 -858.075988770 -969.034362793 -189.973892212 -1041.154296875 877.654968262 -683.951538086
295.257751465 -179.772277832 63.205192566 268.930236816 146.715209961 280.505920410 -253.660278320 37.201259613 -251.599792480 172.021377563 -98.349456787 -258.452941895 -184.733291626 -162.295166016 239.570587158 3.989787340 200.400955200 -167.323440552 -1.450124621 264.713134766 76.261528015 262.810791016 -284.148315430 23.381046295 -303.534881592 115.646331787 -127.522911072 -333.356353760 -181.702529907 -206.776748657 270.240356445 -75.580101013 254.316162109 -234.464660645 72.332168579 209.317153931 167.952316284 243.159606934 -214.471145630 11.971454620 1119.853271484 -334.993408203 639.615051270 881.386840820 50.842861176 1080.454711914 -1016.447265625 714.768005371 -1210.206298828 154.848632812 -856.748962402 -969.092590332 -191.004943848 -1040.186157227 877.702880859 -682.488159180
296.515045166 -180.898712158 63.385097504 270.431610107 147.543182373 281.954895020 -255.305252075 37.369934082 -253.055191040 172.868911743 -98.915924072 -260.277801514 -185.748046875 -163.589996338 241.138580322 3.743017912 201.864822388 -168.464447021 -1.092799306 266.259033203 77.267158508 264.212646484 -285.755126953 23.596094131 -304.822509766 116.612197876 -128.061355591 -335.056579590 -182.724151611 -207.959884644 271.697784424 -75.621116638 255.730575562 -235.465148926 72.471748352 210.924392700 168.721176147 244.728225708 -216.189819336 12.188715935 1118.946166992 -335.711395264 638.312561035 881.391418457 51.970855713 1079.560058594 -1016.403808594 713.392456055 -1209.338989258 155.783065796 -855.420837402 -969.149902344 -192.034408569 -1039.217285156 877.749511719 -681.024780273
297.772705078 -182.024978638 63.565830231 271.933410645 148.370834351 283.402160645 -256.950988770 37.539974213 -254.509399414 173.715988159 -99.481575012 -262.102111816 -186.762069702 -164.886459351 242.706069946 3.496021509 203.329147339 -169.604888916 -0.734580696 267.805236816 78.272514343 265.613159180 -287.362640381 23.812549591 -306.109008789 117.577598572 -128.598846436 -336.756164551 -183.745101929 -209.144653320 273.154785156 -75.662292480 257.145416260 -236.465194702 72.612197876 212.532150269 169.489624023 246.295150757 -217.909332275 12.407307625 1118.038574219 -336.428405762 637.010314941 881.394897461 53.098354340 1078.663818359 -1016.359375000 712.017517090 -1208.470825195 156.716918945 -854.091674805 -969.206237793 -193.062240601 -1038.247924805 877.794860840 -679.561340332
299.030792236 -183.150939941 63.747394562 273.435607910 149.198120117 284.847717285 -258.597473145 37.711402893 -255.962432861 174.562576294 -100.046424866 -263.925842285 -187.775344849 -166.184585571 244.273040771 3.248782873 204.793930054 -170.744750977 -0.375451863 269.351745605 79.277565002 267.012237549 -288.970794678 24.030424118 -307.394409180 118.542526245 -129.135375977 -338.455047607 -184.765365601 -210.331039429 274.611297607 -75.703651428 258.560607910 -237.464660645 72.753509521 214.140441895 170.257659912 247.860397339 -219.629669189 12.627242088 1117.130615234 -337.144470215 635.708312988 881.397338867 54.225341797 1077.766113281 -1016.313842773 710.643249512 -1207.601562500 157.650238037 -852.761535645 -969.261657715 -194.088455200 -1037.277954102 877.838928223 -678.097839355
300.289245605 -184.276443481 63.929794312 274.938293457 150.025009155 286.291564941 -260.244689941 37.884227753 -257.414276123 175.408706665 -100.610466003 -265.749023438 -188.787872314 -167.484390259 245.839523315 3.001287699 206.259155273 -171.884033203 -0.015395911 270.898620605 80.282264709 268.409973145 -290.579589844 24.249721527 -308.678710938 119.506973267 -129.670944214 -340.153228760 -185.784942627 -211.519088745 276.067413330 -75.745193481 259.976135254 -238.463439941 72.895675659 215.749328613 171.025268555 249.423950195 -221.350860596 12.848533630 1116.222167969 -337.859558105 634.406555176 881.398742676 55.351802826 1076.866699219 -1016.267395020 709.269592285 -1206.731445312 158.582962036 -851.430358887 -969.316101074 -195.113021851 -1036.307495117 877.881713867 -676.634338379
301.548004150 -185.401321411 64.113044739 276.441467285 150.851470947 287.733703613 -261.892608643 38.058460236 -258.864959717 176.254348755 -101.173683167 -267.571594238 -189.799621582 -168.785858154 247.405532837 2.753521442 207.724807739 -173.022735596 0.345603883 272.445831299 81.286582947 269.806304932 -292.189056396 24.470443726 -309.961914062 120.470939636 -130.205535889 -341.850738525 -186.803787231 -212.708816528 277.523101807 -75.786949158 261.391967773 -239.461380005 73.038696289 217.358840942 171.792419434 250.985824585 -223.072875977 13.071194649 1115.313354492 -338.573638916 633.105041504 881.399108887 56.477733612 1075.965820312 -1016.219848633 707.896545410 -1205.860473633 159.515121460 -850.098083496 -969.369628906 -196.135955811 -1035.336425781 877.923156738 -675.170776367
302.807128906 -186.525497437 64.297157288 277.945098877 151.677459717 289.174102783 -263.541259766 38.234104156 -260.314514160 177.099502563 -101.736083984 -269.393615723 -190.810607910 -170.089035034 248.971069336 2.505470037 209.190902710 -174.160858154 0.707564116 273.993408203 82.290489197 271.201232910 -293.799163818 24.692594528 -311.244079590 121.434410095 -130.739151001 -343.547485352 -187.821914673 -213.900222778 278.978424072 -75.828926086 262.808013916 -240.458404541 73.182563782 218.968994141 172.559127808 252.546035767 -224.795761108 13.295241356 1114.403930664 -339.286773682 631.803771973 881.398437500 57.603111267 1075.063354492 -1016.171386719 706.524169922 -1204.988403320 160.446701050 -848.764831543 -969.422241211 -197.157226562 -1034.364746094 877.963317871 -673.707275391
304.066558838 -187.648834229 64.482147217 279.449279785 152.502944946 290.612792969 -265.190643311 38.411159515 -261.762908936 177.944183350 -102.297653198 -271.215026855 -191.820800781 -171.393920898 250.536178589 2.257119656 210.657424927 -175.298416138 1.070501089 275.541351318 83.293945312 272.594818115 -295.409973145 24.916172028 -312.525177002 122.397407532 -131.271774292 -345.243499756 -188.839294434 -215.093322754 280.433410645 -75.871139526 264.224273682 -241.454406738 73.327285767 220.579818726 173.325347900 254.104583740 -226.519470215 13.520688057 1113.494140625 -339.998962402 630.502807617 881.396667480 58.727931976 1074.159301758 -1016.121887207 705.152404785 -1204.115600586 161.377685547 -847.430541992 -969.473876953 -198.176818848 -1033.392578125 878.002258301 -672.243652344
305.326263428 -188.771301270 64.668014526 280.954010010 153.327896118 292.049774170 -266.840789795 38.589633942 -263.210174561 178.788360596 -102.858406067 -273.035827637 -192.830169678 -172.700531006 252.100845337 2.008456945 212.124359131 -176.435379028 1.434430718 277.089660645 84.296936035 273.986999512 -297.021484375 25.141178131 -313.805236816 123.359909058 -131.803421021 -346.938720703 -189.855926514 -216.288162231 281.888031006 -75.913612366 265.640686035 -242.449356079 73.472854614 222.191345215 174.091079712 255.661468506 -228.244049072 13.747550964 1112.583862305 -340.710144043 629.202087402 881.393920898 59.852184296 1073.253662109 -1016.071350098 703.781311035 -1203.241699219 162.308059692 -846.095153809 -969.524597168 -199.194732666 -1032.419799805 878.039855957 -670.780090332
306.586273193 -189.892822266 64.854774475 282.459289551 154.152313232 293.485046387 -268.491729736 38.769519806 -264.656280518 179.632034302 -103.418319702 -274.856018066 -193.838745117 -174.008880615 253.665084839 1.759468794 213.591690063 -177.571762085 1.799368739 278.638366699 85.299430847 275.377807617 -298.633758545 25.367614746 -315.084259033 124.321929932 -132.334075928 -348.633148193 -190.871795654 -217.484756470 283.342346191 -75.956344604 267.057250977 -243.443206787 73.619285583 223.803573608 174.856307983 257.216705322 -229.969467163 13.975842476 1111.673095703 -341.420379639 627.901733398 881.390136719 60.975849152 1072.346557617 -1016.019836426 702.410949707 -1202.366943359 163.237838745 -844.758789062 -969.574340820 -200.210968018 -1031.446533203 878.076171875 -669.316467285
307.846588135 -191.013381958 65.042457581 283.965148926 154.976150513 294.918640137 -270.143524170 38.950820923 -266.101318359 180.475219727 -103.977401733 -276.675598145 -194.846466064 -175.318984985 255.228942871 1.510142207 215.059448242 -178.707565308 2.165330172 280.187469482 86.301422119 276.767272949 -300.246826172 25.595485687 -316.362304688 125.283462524 -132.863723755 -350.326782227 -191.886901855 -218.683090210 284.796325684 -75.999366760 268.473937988 -244.435974121 73.766578674 225.416534424 175.621017456 258.770263672 -231.695739746 14.205580711 1110.761962891 -342.129669189 626.601562500 881.385253906 62.098918915 1071.437866211 -1015.967346191 701.041198730 -1201.491210938 164.167007446 -843.421386719 -969.623168945 -201.225494385 -1030.472778320 878.111267090 -667.852844238
309.107177734 -192.133010864 65.231071472 285.471618652 155.799407959 296.350494385 -271.796173096 39.133541107 -267.545227051 181.317886353 -104.535644531 -278.494537354 -195.853363037 -176.630859375 256.792388916 1.260464787 216.527587891 -179.842803955 2.532330036 281.736938477 87.302902222 278.155364990 -301.860687256 25.824796677 -317.639343262 126.244514465 -133.392395020 -352.019561768 -192.901214600 -219.883224487 286.250061035 -76.042686462 269.890747070 -245.427673340 73.914749146 227.030212402 176.385192871 260.322204590 -233.422851562 14.436778069 1109.850219727 -342.837982178 625.301757812 881.379394531 63.221382141 1070.527587891 -1015.913818359 699.672180176 -1200.614624023 165.095550537 -842.082885742 -969.671081543 -202.238311768 -1029.498413086 878.145019531 -666.389221191
310.368041992 -193.251739502 65.420639038 286.978668213 156.622070312 297.780700684 -273.449707031 39.317684174 -268.988067627 182.160064697 -105.093040466 -280.312866211 -196.859375000 -177.944519043 258.355499268 1.010424137 217.996109009 -180.977447510 2.900382280 283.286865234 88.303855896 279.542114258 -303.475402832 26.055557251 -318.915374756 127.205070496 -133.920074463 -353.711486816 -193.914749146 -221.085144043 287.703491211 -76.086311340 271.307678223 -246.418365479 74.063789368 228.644454956 177.148834229 261.872528076 -235.150833130 14.669448853 1108.937988281 -343.545349121 624.002258301 881.372497559 64.343223572 1069.615722656 -1015.859375000 698.303894043 -1199.737060547 166.023468018 -840.743408203 -969.718017578 -203.249404907 -1028.523437500 878.177490234 -664.925659180
311.629241943 -194.369583130 65.611175537 288.486328125 157.444137573 299.209197998 -275.104217529 39.503257751 -270.429809570 183.001708984 -105.649589539 -282.130523682 -197.864532471 -179.259979248 259.918243408 0.760008276 219.465011597 -182.111511230 3.269500971 284.837188721 89.304283142 280.927520752 -305.091003418 26.287778854 -320.190460205 128.165130615 -134.446762085 -355.402587891 -194.927459717 -222.288879395 289.156646729 -76.130264282 272.724761963 -247.408081055 74.213706970 230.259216309 177.911911011 263.421203613 -236.879669189 14.903608322 1108.025268555 -344.251739502 622.703063965 881.364562988 65.464439392 1068.702392578 -1015.803894043 696.936279297 -1198.858642578 166.950744629 -839.402893066 -969.764038086 -204.258773804 -1027.548095703 878.208679199 -663.462036133
312.890686035 -195.486633301 65.802703857 289.994567871 158.265609741 300.636077881 -276.759643555 39.690269470 -271.870483398 183.842849731 -106.205284119 -283.947540283 -198.868774414 -180.577239990 261.480621338 0.509205341 220.934280396 -183.245010376 3.639699697 286.387939453 90.304191589 282.311614990 -306.707458496 26.521480560 -321.464569092 129.124710083 -134.972442627 -357.092803955 -195.939361572 -223.494430542 290.609588623 -76.174560547 274.141998291 -248.396926880 74.364517212 231.874511719 178.674407959 264.968261719 -238.609375000 15.139268875 1107.111938477 -344.957183838 621.404174805 881.355529785 66.585006714 1067.787475586 -1015.747436523 695.569396973 -1197.979248047 167.877380371 -838.061279297 -969.809143066 -205.266387939 -1026.572143555 878.238647461 -661.998413086
314.152465820 -196.602935791 65.995223999 291.503387451 159.086471558 302.061279297 -278.416046143 39.878738403 -273.310089111 184.683471680 -106.760116577 -285.763916016 -199.872131348 -181.896331787 263.042694092 0.258003473 222.403915405 -184.377929688 4.010991573 287.939117432 91.303581238 283.694366455 -308.324859619 26.756679535 -322.737701416 130.083770752 -135.497146606 -358.782196045 -196.950408936 -224.701828003 292.062255859 -76.219200134 275.559417725 -249.384963989 74.516227722 233.490341187 179.436325073 266.513671875 -240.339920044 15.376443863 1106.198242188 -345.661682129 620.105590820 881.345581055 67.704925537 1066.870971680 -1015.690002441 694.203247070 -1197.098999023 168.803359985 -836.718688965 -969.853271484 -206.272262573 -1025.595703125 878.267272949 -660.534790039
315.414550781 -197.718551636 66.188766479 293.012725830 159.906723022 303.484832764 -280.073455811 40.068675995 -274.748657227 185.523574829 -107.314094543 -287.579620361 -200.874557495 -183.217254639 264.604461670 0.006390963 223.873916626 -185.510284424 4.383390427 289.490753174 92.302459717 285.075836182 -309.943115234 26.993398666 -324.009918213 131.042343140 -136.020843506 -360.470703125 -197.960632324 -225.911071777 293.514739990 -76.264205933 276.977050781 -250.372253418 74.668830872 235.106735229 180.197662354 268.057525635 -242.071334839 15.615144730 1105.283935547 -346.365203857 618.807373047 881.334533691 68.824172974 1065.953002930 -1015.631530762 692.837829590 -1196.217773438 169.728698730 -835.375000000 -969.896423340 -207.276382446 -1024.618774414 878.294677734 -659.071228027
316.676940918 -198.833572388 66.383331299 294.522552490 160.726364136 304.906768799 -281.731811523 40.260105133 -276.186187744 186.363159180 -107.867195129 -289.394622803 -201.876052856 -184.540023804 266.165924072 -0.245643839 225.344238281 -186.642059326 4.756907940 291.042846680 93.300819397 286.456024170 -311.562316895 27.231658936 -325.281158447 132.000411987 -136.543533325 -362.158325195 -198.969970703 -227.122177124 294.966979980 -76.309577942 278.394897461 -251.358886719 74.822334290 236.723693848 180.958374023 269.599731445 -243.803604126 15.855384827 1104.369140625 -347.067810059 617.509521484 881.322448730 69.942749023 1065.033569336 -1015.572143555 691.473205566 -1195.335571289 170.653381348 -834.030334473 -969.938720703 -208.278732300 -1023.641418457 878.320800781 -657.607666016
317.939636230 -199.948043823 66.578933716 296.032897949 161.545410156 306.327087402 -283.391143799 40.453052521 -277.622680664 187.202194214 -108.419425964 -291.208984375 -202.876602173 -185.864654541 267.727111816 -0.498112619 226.814910889 -187.773269653 5.131556988 292.595428467 94.298675537 287.834930420 -313.182373047 27.471490860 -326.551483154 132.957946777 -137.065231323 -363.845092773 -199.978439331 -228.335159302 296.419036865 -76.355339050 279.812988281 -252.344909668 74.976745605 238.341232300 181.718475342 271.140350342 -245.536743164 16.097173691 1103.453735352 -347.769439697 616.211975098 881.309387207 71.060638428 1064.112426758 -1015.511779785 690.109313965 -1194.452514648 171.577377319 -832.684631348 -969.980041504 -209.279296875 -1022.663513184 878.345642090 -656.144104004
319.202636719 -201.062026978 66.775581360 297.543701172 162.363830566 307.745788574 -285.051452637 40.647533417 -279.058166504 188.040710449 -108.970779419 -293.022644043 -203.876205444 -187.191146851 269.288055420 -0.751027167 228.285903931 -188.903900146 5.507350445 294.148468018 95.296020508 289.212554932 -314.803314209 27.712915421 -327.820892334 133.914993286 -137.585922241 -365.530975342 -200.986022949 -229.550003052 297.870880127 -76.401489258 281.231292725 -253.330352783 75.132057190 239.959350586 182.477951050 272.679382324 -247.270736694 16.340522766 1102.537841797 -348.470153809 614.914855957 881.295288086 72.177818298 1063.189819336 -1015.450439453 688.746154785 -1193.568603516 172.500717163 -831.337829590 -970.020385742 -210.278060913 -1021.685119629 878.369201660 -654.680603027
320.465942383 -202.175552368 66.973266602 299.054962158 163.181640625 309.162902832 -286.712677002 40.843574524 -280.492614746 188.878677368 -109.521247864 -294.835601807 -204.874816895 -188.519546509 270.848724365 -1.004399300 229.757232666 -190.033981323 5.884300232 295.701965332 96.292854309 290.588928223 -316.425079346 27.955961227 -329.089355469 134.871505737 -138.105606079 -367.216003418 -201.992675781 -230.766754150 299.322601318 -76.448043823 282.649810791 -254.315277100 75.288269043 241.578063965 183.236801147 274.216827393 -249.005584717 16.585443497 1101.621337891 -349.169891357 613.618041992 881.280151367 73.294296265 1062.265747070 -1015.388061523 687.383789062 -1192.683715820 173.423355103 -829.990051270 -970.059814453 -211.275039673 -1020.706237793 878.391479492 -653.217102051
321.729553223 -203.288665771 67.171997070 300.566741943 163.998840332 310.578430176 -288.374847412 41.041198730 -281.926116943 189.716110229 -110.070831299 -296.647857666 -205.872451782 -189.849822998 272.409179688 -1.258240819 231.228851318 -191.163482666 6.262419701 297.255981445 97.289176941 291.964080811 -318.047698975 28.200649261 -330.356933594 135.827499390 -138.624282837 -368.900115967 -202.998428345 -231.985382080 300.774139404 -76.495002747 284.068603516 -255.299667358 75.445388794 243.197387695 183.994995117 275.752716064 -250.741287231 16.831943512 1100.704223633 -349.868713379 612.321655273 881.263977051 74.410049438 1061.340087891 -1015.324768066 686.022277832 -1191.797973633 174.345321655 -828.641235352 -970.098327637 -212.270217896 -1019.726928711 878.412475586 -651.753662109
322.993469238 -204.401351929 67.371780396 302.079010010 164.815414429 311.992401123 -290.037872314 41.240428925 -283.358612061 190.552993774 -110.619514465 -298.459411621 -206.869079590 -191.182006836 273.969421387 -1.512564063 232.700790405 -192.292434692 6.641720772 298.810485840 98.284988403 293.337982178 -319.671112061 28.447002411 -331.623626709 136.782974243 -139.141937256 -370.583343506 -204.003234863 -233.205932617 302.225555420 -76.542388916 285.487579346 -256.283538818 75.603416443 244.817337036 184.752532959 277.286987305 -252.477859497 17.080036163 1099.786621094 -350.566589355 611.025634766 881.246826172 75.525070190 1060.412841797 -1015.260559082 684.661499023 -1190.911254883 175.266586304 -827.291381836 -970.135864258 -213.263565063 -1018.747070312 878.432250977 -650.290283203
324.257629395 -205.513641357 67.572601318 303.591796875 165.631347656 313.404785156 -291.701812744 41.441284180 -284.790161133 191.389328003 -111.167304993 -300.270233154 -207.864685059 -192.516098022 275.529449463 -1.767381310 234.173019409 -193.420822144 7.022215843 300.365509033 99.280265808 294.710662842 -321.295318604 28.695039749 -332.889434814 137.737930298 -139.658569336 -372.265655518 -205.007080078 -234.428390503 303.676879883 -76.590194702 286.906738281 -257.266845703 75.762351990 246.437896729 185.509399414 278.819732666 -254.215301514 17.329727173 1098.868530273 -351.263519287 609.729980469 881.228637695 76.639350891 1059.484252930 -1015.195312500 683.301513672 -1190.023681641 176.187164307 -825.940490723 -970.172485352 -214.255096436 -1017.766845703 878.450744629 -648.826904297
325.522094727 -206.625503540 67.774467468 305.105163574 166.446624756 314.815643311 -293.366577148 41.643783569 -286.220733643 192.225112915 -111.714195251 -302.080352783 -208.859283447 -193.852111816 277.089294434 -2.022704840 235.645523071 -194.548660278 7.403917789 301.921051025 100.275001526 296.082122803 -322.920318604 28.944778442 -334.154388428 138.692352295 -140.174179077 -373.947082520 -206.009979248 -235.652786255 305.128082275 -76.638442993 288.326110840 -258.249633789 75.922195435 248.059112549 186.265594482 280.350891113 -255.953582764 17.581026077 1097.949707031 -351.959533691 608.434753418 881.209472656 77.752876282 1058.553955078 -1015.129150391 681.942382812 -1189.135131836 177.107025146 -824.588562012 -970.208129883 -215.244781494 -1016.786132812 878.467956543 -647.363525391
326.786743164 -207.736938477 67.977386475 306.619110107 167.261260986 316.224945068 -295.032196045 41.847942352 -287.650360107 193.060333252 -112.260177612 -303.889739990 -209.852844238 -195.190063477 278.648956299 -2.278547287 237.118316650 -195.675933838 7.786839485 303.477081299 101.269187927 297.452392578 -324.546020508 29.196229935 -335.418457031 139.646270752 -140.688766479 -375.627532959 -207.011901855 -236.879104614 306.579223633 -76.687133789 289.745605469 -259.231811523 76.082962036 249.680969238 187.021118164 281.880523682 -257.692749023 17.833944321 1097.030273438 -352.654602051 607.139953613 881.189270020 78.865638733 1057.622192383 -1015.062011719 680.584106445 -1188.245727539 178.026184082 -823.235595703 -970.242858887 -216.232620239 -1015.804931641 878.483947754 -645.900268555
328.051635742 -208.847885132 68.181343079 308.133697510 168.075210571 317.632690430 -296.698638916 42.053768158 -289.079040527 193.895004272 -112.805252075 -305.698364258 -210.845352173 -196.529968262 280.208496094 -2.534921408 238.591384888 -196.802642822 8.170994759 305.033691406 102.262809753 298.821472168 -326.172515869 29.449403763 -336.681701660 140.599670410 -141.202301025 -377.307067871 -208.012832642 -238.107360840 308.030273438 -76.736282349 291.165222168 -260.213378906 76.244659424 251.303482056 187.775939941 283.408599854 -259.432739258 18.088487625 1096.110351562 -353.348724365 605.845520020 881.168029785 79.977615356 1056.688964844 -1014.993957520 679.226623535 -1187.355468750 178.944625854 -821.881652832 -970.276611328 -217.218612671 -1014.823364258 878.498657227 -644.437011719
329.316711426 -209.958343506 68.386360168 309.648925781 168.888488770 319.038909912 -298.365905762 42.261272430 -290.506805420 194.729110718 -113.349411011 -307.506256104 -211.836791992 -197.871810913 281.767852783 -2.791840553 240.064712524 -197.928802490 8.556394577 306.590789795 103.255851746 300.189361572 -327.799713135 29.704307556 -337.944091797 141.552536011 -141.714813232 -378.985656738 -209.012786865 -239.337570190 309.481323242 -76.785888672 292.584930420 -261.194305420 76.407287598 252.926651001 188.530059814 284.935119629 -261.173614502 18.344667435 1095.189819336 -354.041931152 604.551574707 881.145812988 81.088813782 1055.754150391 -1014.924926758 677.869995117 -1186.464233398 179.862350464 -820.526672363 -970.309448242 -218.202743530 -1013.841308594 878.512084961 -642.973876953
330.581970215 -211.068267822 68.592437744 311.164825439 169.701049805 320.443634033 -300.033996582 42.470458984 -291.933685303 195.562637329 -113.892654419 -309.313385010 -212.827163696 -199.215606689 283.327117920 -3.049317837 241.538299561 -199.054412842 8.943054199 308.148468018 104.248291016 301.556060791 -329.427673340 29.960947037 -339.205688477 142.504882812 -142.226257324 -380.663269043 -210.011718750 -240.569747925 310.932312012 -76.835975647 294.004699707 -262.174530029 76.570861816 254.550491333 189.283477783 286.460144043 -262.915313721 18.602489471 1094.268554688 -354.734222412 603.258056641 881.122558594 82.199218750 1054.817871094 -1014.854919434 676.514160156 -1185.572021484 180.779342651 -819.170654297 -970.341369629 -219.184997559 -1012.858825684 878.524291992 -641.510742188
331.847351074 -212.177612305 68.799583435 312.681427002 170.512908936 321.846832275 -301.702880859 42.681335449 -293.359649658 196.395614624 -114.434974670 -311.119781494 -213.816452026 -200.561370850 284.886260986 -3.307366371 243.012130737 -200.179458618 9.330986977 309.706665039 105.240127563 302.921600342 -331.056365967 30.219320297 -340.466461182 143.456710815 -142.736663818 -382.339904785 -211.009658813 -241.803894043 312.383331299 -76.886543274 295.424530029 -263.154022217 76.735397339 256.175018311 190.036178589 287.983612061 -264.657897949 18.861963272 1093.346679688 -355.425567627 601.964965820 881.098327637 83.308807373 1053.880126953 -1014.783996582 675.159240723 -1184.679077148 181.695587158 -817.813659668 -970.372314453 -220.165374756 -1011.875976562 878.535217285 -640.047729492
333.112854004 -213.286361694 69.007812500 314.198699951 171.324035645 323.248504639 -303.372589111 42.893901825 -294.784729004 197.227996826 -114.976379395 -312.925384521 -214.804641724 -201.909118652 286.445312500 -3.565999985 244.486206055 -201.303955078 9.720205307 311.265441895 106.231330872 304.285980225 -332.685791016 30.479431152 -341.726440430 144.408020020 -143.246017456 -384.015533447 -212.006561279 -243.040023804 313.834350586 -76.937606812 296.844390869 -264.132751465 76.900894165 257.800231934 190.788146973 289.505584717 -266.401306152 19.123098373 1092.424316406 -356.115997314 600.672302246 881.073120117 84.417587280 1052.940795898 -1014.712097168 673.805236816 -1183.785156250 182.611114502 -816.455627441 -970.402343750 -221.143859863 -1010.892700195 878.544860840 -638.584716797
334.378448486 -214.394500732 69.217132568 315.716674805 172.134399414 324.648681641 -305.043151855 43.108161926 -296.208923340 198.059829712 -115.516853333 -314.730224609 -215.791717529 -203.258850098 288.004272461 -3.825232267 245.960510254 -202.427902222 10.110723495 312.824768066 107.221893311 305.649200439 -334.315979004 30.741277695 -342.985656738 145.358810425 -143.754287720 -385.690185547 -213.002426147 -244.278152466 315.285369873 -76.989189148 298.264251709 -265.110748291 77.067382812 259.426147461 191.539382935 291.026062012 -268.145599365 19.385904312 1091.501220703 -356.805511475 599.380126953 881.046875000 85.525535583 1052.000000000 -1014.639282227 672.452026367 -1182.890258789 183.525878906 -815.096557617 -970.431396484 -222.120452881 -1009.908996582 878.553283691 -637.121826172
335.644104004 -215.501983643 69.427574158 317.235321045 172.944015503 326.047332764 -306.714538574 43.324108124 -297.632263184 198.891067505 -116.056396484 -316.534240723 -216.777679443 -204.610565186 289.563171387 -4.085076809 247.435043335 -203.551284790 10.502555847 314.384674072 108.211807251 307.011291504 -335.946929932 31.004859924 -344.244110107 146.309082031 -144.261505127 -387.363830566 -213.997253418 -245.518264771 316.736450195 -77.041290283 299.684082031 -266.087951660 77.234870911 261.052764893 192.289855957 292.545043945 -269.890716553 19.650384903 1090.577392578 -357.494110107 598.088439941 881.019653320 86.632644653 1051.057617188 -1014.565551758 671.099731445 -1181.994506836 184.439910889 -813.736511230 -970.459533691 -223.095138550 -1008.924865723 878.560485840 -635.659057617
336.909851074 -216.608810425 69.639144897 318.754669189 173.752853394 327.444519043 -308.386779785 43.541748047 -299.054779053 199.721725464 -116.595016479 -318.337493896 -217.762496948 -205.964279175 291.122009277 -4.345548153 248.909790039 -204.674133301 10.895714760 315.945159912 109.201049805 308.372222900 -337.578674316 31.270175934 -345.501800537 147.258819580 -144.767654419 -389.036468506 -214.991012573 -246.760406494 318.187591553 -77.093925476 301.103881836 -267.064361572 77.403366089 262.680084229 193.039596558 294.062500000 -271.636688232 19.916553497 1089.653076172 -358.181762695 596.797180176 880.991394043 87.738906860 1050.113891602 -1014.490905762 669.748352051 -1181.097900391 185.353179932 -812.375427246 -970.486694336 -224.067916870 -1007.940368652 878.566345215 -634.196289062
338.175628662 -217.714996338 69.851867676 320.274688721 174.560913086 328.840209961 -310.059906006 43.761081696 -300.476409912 200.551803589 -117.132698059 -320.139953613 -218.746185303 -207.320007324 292.680847168 -4.606660366 250.384750366 -205.796417236 11.290216446 317.506195068 110.189628601 309.732025146 -339.211212158 31.537227631 -346.758758545 148.208023071 -145.272720337 -390.708068848 -215.983718872 -248.004547119 319.638793945 -77.147109985 302.523651123 -268.039978027 77.572898865 264.308135986 193.788574219 295.578521729 -273.383483887 20.184417725 1088.728027344 -358.868530273 595.506469727 880.962158203 88.844314575 1049.168579102 -1014.415283203 668.397888184 -1180.200317383 186.265686035 -811.013366699 -970.512939453 -225.038757324 -1006.955505371 878.571044922 -632.733642578
339.441467285 -218.820541382 70.065757751 321.795379639 175.368194580 330.234436035 -311.733886719 43.982109070 -301.897247314 201.381301880 -117.669448853 -321.941589355 -219.728698730 -208.677749634 294.239624023 -4.868426800 251.859909058 -206.918167114 11.686072350 319.067840576 111.177520752 311.090698242 -340.844512939 31.806015015 -348.014984131 149.156707764 -145.776702881 -392.378692627 -216.975326538 -249.250732422 321.090087891 -77.200859070 303.943389893 -269.014831543 77.743476868 265.936889648 194.536758423 297.093048096 -275.131164551 20.453983307 1087.802246094 -359.554382324 594.216247559 880.931945801 89.948852539 1048.221679688 -1014.338745117 667.048278809 -1179.301879883 187.177429199 -809.650268555 -970.538208008 -226.007675171 -1005.970214844 878.574401855 -631.271118164
340.707366943 -219.925445557 70.280838013 323.316741943 176.174652100 331.627197266 -313.408752441 44.204833984 -303.317260742 202.210205078 -118.205261230 -323.742401123 -220.710052490 -210.037506104 295.798400879 -5.130862236 253.335266113 -208.039352417 12.083298683 320.630096436 112.164718628 312.448272705 -342.478637695 32.076541901 -349.270507812 150.104843140 -146.279586792 -394.048248291 -217.965835571 -250.498931885 322.541473389 -77.255187988 305.363067627 -269.988891602 77.915122986 267.566375732 195.284179688 298.606109619 -276.879638672 20.725261688 1086.875854492 -360.239318848 592.926513672 880.900695801 91.052513123 1047.273437500 -1014.261291504 665.699645996 -1178.402587891 188.088409424 -808.286193848 -970.562561035 -226.974670410 -1004.984558105 878.576599121 -629.808654785
341.973297119 -221.029724121 70.497123718 324.838775635 176.980316162 333.018463135 -315.084503174 44.429256439 -304.736480713 203.038513184 -118.740135193 -325.542419434 -221.690216064 -211.399291992 297.357208252 -5.393980980 254.810806274 -209.159988403 12.481907845 322.192932129 113.151229858 313.804718018 -344.113586426 32.348815918 -350.525299072 151.052459717 -146.781402588 -395.716796875 -218.955245972 -251.749191284 323.993011475 -77.310104370 306.782714844 -270.962249756 78.087852478 269.196594238 196.030807495 300.117736816 -278.628967285 20.998260498 1085.948852539 -360.923339844 591.637268066 880.868469238 92.155288696 1046.323608398 -1014.182861328 664.351928711 -1177.502441406 188.998611450 -806.921142578 -970.585998535 -227.939697266 -1003.998535156 878.577514648 -628.346313477
343.239288330 -222.133407593 70.714637756 326.361480713 177.785171509 334.408294678 -316.761138916 44.655391693 -306.154907227 203.866241455 -119.274070740 -327.341583252 -222.669174194 -212.763107300 298.916015625 -5.657796860 256.286529541 -210.280090332 12.881914139 323.756347656 114.137039185 315.160095215 -345.749328613 32.622837067 -351.779418945 151.999526978 -147.282119751 -397.384277344 -219.943527222 -253.001495361 325.444641113 -77.365631104 308.202301025 -271.934844971 78.261680603 270.827575684 196.776626587 301.627899170 -280.379150391 21.272989273 1085.020996094 -361.606475830 590.348632812 880.835266113 93.257164001 1045.372314453 -1014.103576660 663.005126953 -1176.601318359 189.908035278 -805.555114746 -970.608459473 -228.902786255 -1003.012207031 878.577148438 -626.884094238
344.505310059 -223.236511230 70.933395386 327.884826660 178.589202881 335.796691895 -318.438690186 44.883243561 -307.572570801 204.693374634 -119.807060242 -329.139892578 -223.646942139 -214.128982544 300.474853516 -5.922324657 257.762420654 -211.399627686 13.283330917 325.320404053 115.122154236 316.514404297 -347.385894775 32.898620605 -353.032867432 152.946044922 -147.781738281 -399.050750732 -220.930664062 -254.255859375 326.896423340 -77.421775818 309.621856689 -272.906738281 78.436622620 272.459289551 197.521652222 303.136627197 -282.130157471 21.549455643 1084.092651367 -362.288665771 589.060424805 880.801086426 94.358139038 1044.419555664 -1014.023376465 661.659301758 -1175.699218750 190.816665649 -804.188110352 -970.629943848 -229.863906860 -1002.025451660 878.575561523 -625.421936035
345.771362305 -224.339050293 71.153411865 329.408874512 179.392410278 337.183654785 -320.117126465 45.112819672 -308.989440918 205.519897461 -120.339118958 -330.937347412 -224.623474121 -215.496902466 302.033752441 -6.187578678 259.238464355 -212.518630981 13.686172485 326.885040283 116.106559753 317.867614746 -349.023284912 33.176170349 -354.285644531 153.892044067 -148.280273438 -400.716125488 -221.916641235 -255.512298584 328.348388672 -77.478553772 311.041351318 -273.877960205 78.612701416 274.091735840 198.265838623 304.643951416 -283.881988525 21.827667236 1083.163452148 -362.970001221 587.772827148 880.765930176 95.458190918 1043.465332031 -1013.942199707 660.314453125 -1174.796386719 191.724517822 -802.820068359 -970.650512695 -230.823059082 -1001.038391113 878.572753906 -623.959960938
347.037475586 -225.441040039 71.374702454 330.933624268 180.194793701 338.569183350 -321.796447754 45.344135284 -310.405578613 206.345840454 -120.870231628 -332.733978271 -225.598770142 -216.866867065 303.592712402 -6.453573227 260.714660645 -213.637069702 14.090453148 328.450317383 117.090263367 319.219757080 -350.661437988 33.455501556 -355.537780762 154.837478638 -148.777694702 -402.380462646 -222.901458740 -256.770812988 329.800506592 -77.535980225 312.460815430 -274.848480225 78.789924622 275.724945068 199.009216309 306.149841309 -285.634613037 22.107633591 1082.233520508 -363.650421143 586.485778809 880.729797363 96.557327271 1042.509643555 -1013.860168457 658.970520020 -1173.892578125 192.631576538 -801.451110840 -970.670166016 -231.780227661 -1000.050964355 878.568664551 -622.498046875
348.303619385 -226.542510986 71.597290039 332.459075928 180.996353149 339.953308105 -323.476623535 45.577201843 -311.820983887 207.171188354 -121.400398254 -334.529724121 -226.572814941 -218.238906860 305.151733398 -6.720323086 262.191040039 -214.754974365 14.496185303 330.016204834 118.073257446 320.570861816 -352.300384521 33.736625671 -356.789245605 155.782379150 -149.274032593 -404.043731689 -223.885101318 -258.031372070 331.252807617 -77.594070435 313.880249023 -275.818389893 78.968315125 277.358917236 199.751754761 307.654327393 -287.388092041 22.389362335 1081.302978516 -364.329925537 585.199279785 880.692626953 97.655525208 1041.552490234 -1013.777221680 657.627563477 -1172.987915039 193.537826538 -800.081115723 -970.688842773 -232.735427856 -999.063232422 878.563354492 -621.036315918
349.569793701 -227.643463135 71.821182251 333.985229492 181.797088623 341.336029053 -325.157684326 45.812026978 -313.235656738 207.995925903 -121.929618835 -336.324584961 -227.545608521 -219.613021851 306.710876465 -6.987841606 263.667510986 -215.872344971 14.903383255 331.582733154 119.055541992 321.920928955 -353.940124512 34.019554138 -358.040100098 156.726730347 -149.769256592 -405.705902100 -224.867538452 -259.294067383 332.705352783 -77.652839661 315.299652100 -276.787628174 79.147880554 278.993682861 200.493438721 309.157440186 -289.142395020 22.672863007 1080.371582031 -365.008544922 583.913391113 880.654541016 98.752777100 1040.593750000 -1013.693359375 656.285583496 -1172.082275391 194.443283081 -798.710205078 -970.706604004 -233.688613892 -998.075134277 878.556762695 -619.574645996
350.836029053 -228.743896484 72.046386719 335.512115479 182.596984863 342.717376709 -326.839599609 46.048625946 -314.649627686 208.820068359 -122.457901001 -338.118560791 -228.517120361 -220.989196777 308.270111084 -7.256144047 265.144134521 -216.989151001 15.312059402 333.149871826 120.037117004 323.269958496 -355.580627441 34.304298401 -359.290344238 157.670532227 -150.263381958 -407.367004395 -225.848754883 -260.558837891 334.158111572 -77.712295532 316.718994141 -277.756256104 79.328636169 280.629180908 201.234283447 310.659149170 -290.897491455 22.958141327 1079.439575195 -365.686279297 582.628051758 880.615478516 99.849075317 1039.633666992 -1013.608581543 654.944580078 -1171.175781250 195.347915649 -797.338317871 -970.723388672 -234.639831543 -997.086730957 878.548950195 -618.113159180
352.102294922 -229.843841553 72.272933960 337.039764404 183.396041870 344.097351074 -328.522369385 46.287017822 -316.062896729 209.643600464 -122.985237122 -339.911651611 -229.487350464 -222.367462158 309.829467773 -7.525244713 266.620880127 -218.105438232 15.722227097 334.717651367 121.017974854 324.617980957 -357.221862793 34.590869904 -360.540008545 158.613800049 -150.756408691 -409.026977539 -226.828750610 -261.825714111 335.611083984 -77.772460938 318.138275146 -278.724243164 79.510597229 282.265472412 201.974258423 312.159484863 -292.653411865 23.245204926 1078.506713867 -366.363128662 581.343261719 880.575378418 100.944419861 1038.671997070 -1013.522949219 653.604614258 -1170.268432617 196.251754761 -795.965454102 -970.739196777 -235.589019775 -996.098022461 878.539916992 -616.651855469
353.368591309 -230.943283081 72.500816345 338.568145752 184.194244385 345.475921631 -330.205963135 46.527202606 -317.475463867 210.466522217 -123.511627197 -341.703857422 -230.456268311 -223.747817993 311.388946533 -7.795157909 268.097717285 -219.221160889 16.133899689 336.286071777 121.998115540 325.964996338 -358.863861084 34.879280090 -361.789062500 159.556518555 -151.248336792 -410.685852051 -227.807525635 -263.094665527 337.064331055 -77.833343506 319.557525635 -279.691589355 79.693771362 283.902526855 202.713363647 313.658447266 -294.410125732 23.534061432 1077.573120117 -367.039062500 580.059143066 880.534362793 102.038795471 1037.708984375 -1013.436401367 652.265625000 -1169.360229492 197.154769897 -794.591674805 -970.754089355 -236.536209106 -995.108947754 878.529663086 -615.190673828
354.634918213 -232.042205811 72.730064392 340.097259521 184.991607666 346.853179932 -331.890350342 46.769203186 -318.887359619 211.288848877 -124.037071228 -343.495147705 -231.423873901 -225.130279541 312.948577881 -8.065897942 269.574676514 -220.336349487 16.547090530 337.855133057 122.977531433 327.311035156 -360.506561279 35.169544220 -363.037536621 160.498687744 -151.739166260 -412.343597412 -228.785034180 -264.365783691 338.517852783 -77.894950867 320.976715088 -280.658325195 79.878173828 285.540405273 203.451583862 315.156097412 -296.167633057 23.824720383 1076.638916016 -367.714141846 578.775573730 880.492309570 103.132186890 1036.744384766 -1013.348937988 650.927612305 -1168.451049805 198.056976318 -793.216918945 -970.768066406 -237.481369019 -994.119628906 878.518127441 -613.729614258
355.901214600 -233.140625000 72.960678101 341.627166748 185.788116455 348.229095459 -333.575592041 47.013023376 -320.298583984 212.110580444 -124.561569214 -345.285522461 -232.390167236 -226.514816284 314.508361816 -8.337480545 271.051727295 -221.451004028 16.961812973 339.424804688 123.956222534 328.656097412 -362.149993896 35.461669922 -364.285461426 161.440322876 -152.228881836 -414.000213623 -229.761276245 -265.638977051 339.971649170 -77.957313538 322.395812988 -281.624420166 80.063827515 287.179046631 204.188919067 316.652374268 -297.925964355 24.117185593 1075.703735352 -368.388305664 577.492675781 880.449340820 104.224594116 1035.778442383 -1013.260559082 649.590698242 -1167.541015625 198.958343506 -791.841186523 -970.781066895 -238.424514771 -993.130004883 878.505371094 -612.268737793
357.167541504 -234.238510132 73.192680359 343.157836914 186.583755493 349.603668213 -335.261596680 47.258674622 -321.709167480 212.931686401 -125.085113525 -347.074981689 -233.355102539 -227.901473999 316.068359375 -8.609918594 272.528839111 -222.565124512 17.378078461 340.995147705 124.934181213 330.000183105 -363.794158936 35.755664825 -365.532836914 162.381408691 -152.717498779 -415.655670166 -230.736251831 -266.914306641 341.425750732 -78.020431519 323.814819336 -282.589843750 80.250724792 288.818481445 204.925369263 318.147308350 -299.685089111 24.411466599 1074.767944336 -369.061614990 576.210327148 880.405395508 105.316001892 1034.810913086 -1013.171386719 648.254699707 -1166.630126953 199.858886719 -790.464599609 -970.793090820 -239.365631104 -992.140075684 878.491394043 -610.808044434
358.433868408 -235.335861206 73.426078796 344.689239502 187.378524780 350.976928711 -336.948394775 47.506168365 -323.119140625 213.752182007 -125.607719421 -348.863494873 -234.318695068 -229.290237427 317.628509521 -8.883228302 274.006072998 -223.678695679 17.795898438 342.566162109 125.911392212 331.343322754 -365.438995361 36.051536560 -366.779663086 163.321960449 -153.205017090 -417.309997559 -231.709930420 -268.191772461 342.880187988 -78.084320068 325.233734131 -283.554626465 80.438888550 290.458740234 205.660903931 319.640930176 -301.444976807 24.707567215 1073.831298828 -369.734008789 574.928710938 880.360473633 106.406410217 1033.842041016 -1013.081237793 646.919799805 -1165.718261719 200.758590698 -789.087036133 -970.804199219 -240.304702759 -991.149841309 878.476135254 -609.347534180
359.700134277 -236.432662964 73.660881042 346.221435547 188.172409058 352.348907471 -338.635986328 47.755504608 -324.528472900 214.572082520 -126.129379272 -350.651092529 -235.280914307 -230.681121826 319.188842773 -9.157423019 275.483337402 -224.791732788 18.215288162 344.137786865 126.887863159 332.685546875 -367.084533691 36.349288940 -368.025970459 164.261962891 -153.691436768 -418.963134766 -232.682296753 -269.471405029 344.334930420 -78.149002075 326.652496338 -284.518707275 80.628326416 292.099761963 206.395538330 321.133270264 -303.205657959 25.005496979 1072.893920898 -370.405548096 573.647644043 880.314575195 107.495803833 1032.871582031 -1012.990234375 645.585937500 -1164.805541992 201.657470703 -787.708496094 -970.814331055 -241.241729736 -990.159362793 878.459716797 -607.887207031
360.966369629 -237.528884888 73.897109985 347.754394531 188.965408325 353.719573975 -340.324340820 48.006690979 -325.937194824 215.391357422 -126.650093079 -352.437713623 -236.241760254 -232.074111938 320.749420166 -9.432518959 276.960693359 -225.904235840 18.636259079 345.710113525 127.863571167 334.026824951 -368.730743408 36.648933411 -369.271789551 165.201431274 -154.176742554 -420.615142822 -233.653366089 -270.753143311 345.790008545 -78.214477539 328.071166992 -285.482116699 80.819046021 293.741638184 207.129257202 322.624298096 -304.967132568 25.305257797 1071.955688477 -371.076202393 572.367309570 880.267761230 108.584182739 1031.899780273 -1012.898376465 644.253112793 -1163.891967773 202.555496216 -786.329101562 -970.823547363 -242.176712036 -989.168579102 878.442016602 -606.427001953
362.232543945 -238.624542236 74.134765625 349.288085938 189.757492065 355.088958740 -342.013458252 48.259735107 -327.345306396 216.210021973 -127.169860840 -354.223419189 -237.201217651 -233.469223022 322.310211182 -9.708530426 278.438079834 -227.016204834 19.058822632 347.283050537 128.838516235 335.367187500 -370.377655029 36.950473785 -370.517120361 166.140350342 -154.660964966 -422.265930176 -234.623107910 -272.037017822 347.245483398 -78.280776978 329.489654541 -286.444824219 81.011062622 295.384277344 207.862045288 324.114013672 -306.729370117 25.606861115 1071.016601562 -371.746002197 571.087585449 880.219970703 109.671524048 1030.926513672 -1012.805603027 642.921325684 -1162.977539062 203.452682495 -784.948730469 -970.831787109 -243.109634399 -988.177551270 878.423095703 -604.967041016
363.498657227 -239.719619751 74.373870850 350.822540283 190.548690796 356.457092285 -343.703369141 48.514640808 -328.752868652 217.028076172 -127.688690186 -356.008148193 -238.159271240 -234.866470337 323.871276855 -9.985472679 279.915527344 -228.127639771 19.482992172 348.856689453 129.812698364 336.706695557 -372.025268555 37.253910065 -371.761932373 167.078735352 -155.144073486 -423.915557861 -235.591491699 -273.323059082 348.701293945 -78.347900391 330.907958984 -287.406799316 81.204383850 297.027770996 208.593902588 325.602478027 -308.492370605 25.910306931 1070.076782227 -372.414886475 569.808593750 880.171203613 110.757835388 1029.951782227 -1012.711975098 641.590576172 -1162.062133789 204.349029541 -783.567504883 -970.839111328 -244.040496826 -987.186279297 878.402893066 -603.507263184
364.764678955 -240.814102173 74.614425659 352.357788086 191.338958740 357.823974609 -345.394042969 48.771411896 -330.159820557 217.845504761 -128.206573486 -357.791900635 -239.115905762 -236.265853882 325.432556152 -10.263360023 281.393005371 -229.238540649 19.908777237 350.430969238 130.786102295 338.045288086 -373.673522949 37.559246063 -373.006317139 168.016586304 -155.626083374 -425.563995361 -236.558547974 -274.611267090 350.157501221 -78.415870667 332.326110840 -288.368072510 81.399017334 298.672088623 209.324829102 327.089660645 -310.256134033 26.215604782 1069.136108398 -373.082946777 568.530212402 880.121459961 111.843093872 1028.975585938 -1012.617492676 640.260925293 -1161.145874023 205.244506836 -782.185363770 -970.845458984 -244.969284058 -986.194702148 878.381530762 -602.047729492
366.030609131 -241.907974243 74.856445312 353.893768311 192.128295898 359.189636230 -347.085510254 49.030044556 -331.566253662 218.662322998 -128.723510742 -359.574676514 -240.071105957 -237.667358398 326.994110107 -10.542208672 282.870483398 -230.348907471 20.336194992 352.005920410 131.758712769 339.382995605 -375.322479248 37.866485596 -374.250213623 168.953903198 -156.106994629 -427.211212158 -237.524230957 -275.901611328 351.614105225 -78.484703064 333.744049072 -289.328613281 81.594985962 300.317199707 210.054794312 328.575592041 -312.020660400 26.522758484 1068.194702148 -373.750122070 567.252563477 880.070800781 112.927307129 1027.997924805 -1012.522094727 638.932312012 -1160.228759766 206.139144897 -780.802307129 -970.850891113 -245.896011353 -985.202941895 878.358886719 -600.588378906
367.296417236 -243.001235962 75.099945068 355.430541992 192.916702271 360.554046631 -348.777709961 49.290550232 -332.972137451 219.478530884 -129.239501953 -361.356475830 -241.024871826 -239.070999146 328.555938721 -10.822032928 284.348022461 -231.458740234 20.765251160 353.581542969 132.730514526 340.719879150 -376.972137451 38.175632477 -375.493682861 169.890670776 -156.586791992 -428.857238770 -238.488525391 -277.194122314 353.071136475 -78.554405212 335.161743164 -290.288452148 81.792282104 301.963134766 210.783813477 330.060302734 -313.785949707 26.831773758 1067.252441406 -374.416412354 565.975646973 880.019165039 114.010459900 1027.018920898 -1012.425903320 637.604797363 -1159.310791016 207.032913208 -779.418395996 -970.855346680 -246.820648193 -984.210876465 878.335083008 -599.129211426
368.562103271 -244.093902588 75.344932556 356.968048096 193.704147339 361.917236328 -350.470703125 49.552928925 -334.377471924 220.294113159 -129.754562378 -363.137268066 -241.977188110 -240.476791382 330.118072510 -11.102849007 285.825531006 -232.568054199 21.195962906 355.157836914 133.701538086 342.055908203 -378.622467041 38.486686707 -376.736724854 170.826904297 -157.065505981 -430.502014160 -239.451446533 -278.488800049 354.528594971 -78.624992371 336.579254150 -291.247558594 81.990928650 303.609924316 211.511871338 331.543762207 -315.551971436 27.142652512 1066.309204102 -375.081848145 564.699401855 879.966613770 115.092536926 1026.038452148 -1012.328796387 636.278320312 -1158.391845703 207.925827026 -778.033508301 -970.858825684 -247.743194580 -983.218627930 878.309997559 -597.670288086
369.827636719 -245.185974121 75.591423035 358.506378174 194.490646362 363.279235840 -352.164459229 49.817176819 -335.782318115 221.109085083 -130.268676758 -364.917083740 -242.928039551 -241.884719849 331.680480957 -11.384671211 287.303070068 -233.676834106 21.628339767 356.734771729 134.671737671 343.391113281 -380.273437500 38.799652100 -377.979339600 171.762603760 -157.543121338 -432.145599365 -240.412948608 -279.785644531 355.986480713 -78.696487427 337.996490479 -292.205932617 82.190940857 305.257537842 212.238967896 333.026031494 -317.318756104 27.455404282 1065.365234375 -375.746429443 563.423889160 879.913085938 116.173545837 1025.056396484 -1012.230834961 634.953002930 -1157.472045898 208.817855835 -776.647827148 -970.861389160 -248.663665771 -982.226135254 878.283691406 -596.211608887
371.093017578 -246.277435303 75.839416504 360.045440674 195.276184082 364.640045166 -353.858978271 50.083305359 -337.186645508 221.923431396 -130.781845093 -366.695892334 -243.877410889 -243.294784546 333.243225098 -11.667516708 288.780578613 -234.785079956 22.062393188 358.312408447 135.641113281 344.725463867 -381.925109863 39.114528656 -379.221588135 172.697769165 -158.019638062 -433.787933350 -241.373046875 -281.084655762 357.444824219 -78.768890381 339.413513184 -293.163604736 82.392318726 306.905975342 212.965087891 334.507049561 -319.086273193 27.770029068 1064.420410156 -376.410156250 562.149108887 879.858581543 117.253471375 1024.073120117 -1012.132019043 633.628723145 -1156.551391602 209.709030151 -775.261230469 -970.862976074 -249.582031250 -981.233398438 878.256164551 -594.753173828
372.358245850 -247.368301392 76.088928223 361.585296631 196.060760498 365.999664307 -355.554260254 50.351318359 -338.590484619 222.737167358 -131.294082642 -368.473663330 -244.825302124 -244.707000732 334.806304932 -11.951399803 290.258087158 -235.892807007 22.498134613 359.890716553 136.609680176 346.059051514 -383.577453613 39.431327820 -380.463409424 173.632385254 -158.495056152 -435.429046631 -242.331726074 -282.385833740 358.903625488 -78.842231750 340.830261230 -294.120574951 82.595077515 308.555267334 213.690231323 335.986907959 -320.854522705 28.086534500 1063.474731445 -377.073028564 560.875061035 879.803161621 118.332305908 1023.088256836 -1012.032287598 632.305541992 -1155.629882812 210.599319458 -773.873779297 -970.863586426 -250.498306274 -980.240478516 878.227416992 -593.294982910
373.623291016 -248.458587646 76.339981079 363.125946045 196.844345093 367.358154297 -357.250305176 50.621212006 -339.993865967 223.550277710 -131.805389404 -370.250457764 -245.771682739 -246.121368408 336.369720459 -12.236337662 291.735565186 -237.000000000 22.935577393 361.469665527 137.577423096 347.391815186 -385.230468750 39.750041962 -381.704864502 174.566482544 -158.969375610 -437.068908691 -243.288955688 -283.689208984 360.362945557 -78.916519165 342.246734619 -295.076843262 82.799224854 310.205383301 214.414382935 337.465576172 -322.623474121 28.404924393 1062.528076172 -377.735015869 559.601745605 879.746826172 119.410034180 1022.102050781 -1011.931762695 630.983520508 -1154.707397461 211.488739014 -772.485473633 -970.863281250 -251.412475586 -979.247314453 878.197448730 -591.837036133
374.888183594 -249.548309326 76.592567444 364.667388916 197.626968384 368.715454102 -358.947113037 50.892993927 -341.396789551 224.362762451 -132.315765381 -372.026184082 -246.716552734 -247.537887573 337.933471680 -12.522344589 293.213012695 -238.106674194 23.374732971 363.049316406 138.544326782 348.723815918 -386.884124756 40.070686340 -382.945983887 175.500030518 -159.442596436 -438.707489014 -244.244735718 -284.994750977 361.822723389 -78.991760254 343.662963867 -296.032409668 83.004776001 311.856353760 215.137542725 338.943084717 -324.393157959 28.725200653 1061.580688477 -378.396179199 558.329223633 879.689514160 120.486663818 1021.114379883 -1011.830383301 629.662536621 -1153.784179688 212.377273560 -771.096313477 -970.861999512 -252.324539185 -978.253967285 878.166198730 -590.379333496
376.152862549 -250.637451172 76.846710205 366.209625244 198.408584595 370.071624756 -360.644653320 51.166671753 -342.799255371 225.174636841 -132.825210571 -373.800872803 -247.659896851 -248.956542969 339.497589111 -12.809437752 294.690399170 -239.212814331 23.815610886 364.629638672 139.510391235 350.055053711 -388.538452148 40.393253326 -384.186737061 176.433059692 -159.914733887 -440.344848633 -245.199050903 -286.302459717 363.283020020 -79.067985535 345.078887939 -296.987304688 83.211746216 313.508148193 215.859710693 340.419433594 -326.163574219 29.047367096 1060.632324219 -379.056488037 557.057434082 879.631286621 121.562187195 1020.125244141 -1011.728149414 628.342712402 -1152.859985352 213.264923096 -769.706298828 -970.859802246 -253.234481812 -977.260437012 878.133789062 -588.921875000
377.417327881 -251.726043701 77.102416992 367.752655029 199.189208984 371.426666260 -362.342926025 51.442245483 -344.201293945 225.985870361 -133.333724976 -375.574554443 -248.601715088 -250.377365112 341.062103271 -13.097633362 296.167755127 -240.318435669 24.258224487 366.210632324 140.475631714 351.385528564 -390.193420410 40.717758179 -385.427154541 177.365539551 -160.385772705 -441.980895996 -246.151885986 -287.612335205 364.743835449 -79.145195007 346.494537354 -297.941528320 83.420143127 315.160827637 216.580871582 341.894622803 -327.934661865 29.371431351 1059.683105469 -379.715942383 555.786437988 879.572082520 122.636581421 1019.134765625 -1011.625122070 627.024047852 -1151.934814453 214.151687622 -768.315429688 -970.856628418 -254.142303467 -976.266662598 878.100158691 -587.464782715
378.681610107 -252.814071655 77.359695435 369.296478271 199.968841553 372.780578613 -364.041931152 51.719722748 -345.602905273 226.796493530 -133.841308594 -377.347167969 -249.541976929 -251.800338745 342.626983643 -13.386945724 297.645019531 -241.423538208 24.702550888 367.792205811 141.440017700 352.715240479 -391.848999023 41.044197083 -386.667266846 178.297500610 -160.855712891 -443.615692139 -247.103240967 -288.924407959 366.205200195 -79.223419189 347.909881592 -298.895080566 83.629981995 316.814300537 217.301010132 343.368682861 -329.706481934 29.697393417 1058.732910156 -380.374542236 554.516235352 879.511962891 123.709854126 1018.142822266 -1011.521179199 625.706420898 -1151.008911133 215.037551880 -766.923767090 -970.852478027 -255.048004150 -975.272705078 878.065246582 -586.007873535
379.945678711 -253.901580811 77.618568420 370.841094971 200.747482300 374.133392334 -365.741668701 51.999107361 -347.004119873 227.606491089 -134.347976685 -379.118713379 -250.480682373 -253.225479126 344.192260742 -13.677392006 299.122253418 -242.528106689 25.148561478 369.374176025 142.403564453 354.044250488 -393.505218506 41.372577667 -387.907073975 179.228927612 -161.324584961 -445.249176025 -248.053085327 -290.238677979 367.667114258 -79.302658081 349.324951172 -299.847991943 83.841270447 318.468658447 218.020141602 344.841644287 -331.478973389 30.025257111 1057.781860352 -381.032287598 553.246826172 879.450866699 124.781990051 1017.149475098 -1011.416442871 624.389953613 -1150.082031250 215.922531128 -765.531250000 -970.847351074 -255.951583862 -974.278625488 878.029174805 -584.551330566
381.209533691 -254.988540649 77.879035950 372.386505127 201.525100708 375.485137939 -367.442138672 52.280406952 -348.404968262 228.415863037 -134.853729248 -380.889221191 -251.417816162 -254.652755737 345.757934570 -13.968989372 300.599395752 -243.632141113 25.596233368 370.956481934 143.366271973 355.372558594 -395.162048340 41.702899933 -389.146575928 180.159820557 -161.792358398 -446.881378174 -249.001434326 -291.555114746 369.129577637 -79.382934570 350.739685059 -300.800231934 84.054016113 320.123840332 218.738250732 346.313476562 -333.252166748 30.355028152 1056.829956055 -381.689208984 551.978210449 879.388916016 125.852989197 1016.154663086 -1011.310791016 623.074645996 -1149.154296875 216.806610107 -764.137878418 -970.841308594 -256.853027344 -973.284301758 877.991821289 -583.095031738
382.473144531 -256.074981689 78.141105652 373.932647705 202.301727295 376.835784912 -369.143280029 52.563621521 -349.805419922 229.224609375 -135.358551025 -382.658630371 -252.353378296 -256.082183838 347.324066162 -14.261753082 302.076446533 -244.735671997 26.045536041 372.539062500 144.328125000 356.700134277 -396.819488525 42.035175323 -390.385833740 181.090194702 -162.259048462 -448.512298584 -249.948242188 -292.873748779 370.592590332 -79.464271545 352.154113770 -301.751831055 84.268241882 321.779907227 219.455337524 347.784240723 -335.026031494 30.686706543 1055.877075195 -382.345275879 550.710388184 879.325988770 126.922843933 1015.158508301 -1011.204406738 621.760498047 -1148.225708008 217.689788818 -762.743713379 -970.834289551 -257.752349854 -972.289794922 877.953308105 -581.639038086
383.736511230 -257.160858154 78.404785156 375.479492188 203.077331543 378.185363770 -370.845123291 52.848754883 -351.205505371 230.032745361 -135.862457275 -384.426971436 -253.287353516 -257.513793945 348.890594482 -14.555700302 303.553405762 -245.838668823 26.496446609 374.121856689 145.289138794 358.027069092 -398.477539062 42.369400024 -391.624816895 182.020034790 -162.724670410 -450.141876221 -250.893524170 -294.194549561 372.056213379 -79.546676636 353.568237305 -302.702789307 84.483955383 323.436798096 220.171371460 349.253906250 -336.800598145 31.020296097 1054.923217773 -383.000488281 549.443420410 879.262145996 127.991539001 1014.160888672 -1011.097106934 620.447448730 -1147.296264648 218.572067261 -761.348815918 -970.826354980 -258.649505615 -971.295166016 877.913513184 -580.183349609
384.999633789 -258.246215820 78.670066833 377.026947021 203.851913452 379.533905029 -372.547668457 53.135818481 -352.605224609 230.840240479 -136.365463257 -386.194244385 -254.219711304 -258.947540283 350.457550049 -14.850846291 305.030242920 -246.941146851 26.948940277 375.704833984 146.249298096 359.353302002 -400.136138916 42.705581665 -392.863555908 182.949340820 -163.189193726 -451.770141602 -251.837265015 -295.517547607 373.520446777 -79.630157471 354.981994629 -303.653076172 84.701164246 325.094543457 220.886383057 350.722503662 -338.575805664 31.355800629 1053.968505859 -383.654876709 548.177246094 879.197326660 129.059082031 1013.161865234 -1010.989013672 619.135559082 -1146.365844727 219.453430176 -759.953063965 -970.817382812 -259.544555664 -970.300354004 877.872558594 -578.728027344
386.262512207 -259.331054688 78.936943054 378.575042725 204.625488281 380.881408691 -374.250854492 53.424808502 -354.004638672 231.647125244 -136.867553711 -387.960418701 -255.150451660 -260.383453369 352.024993896 -15.147208214 306.506988525 -248.043106079 27.402994156 377.288055420 147.208602905 360.678863525 -401.795318604 43.043720245 -394.102050781 183.878128052 -163.652664185 -453.397094727 -252.779434204 -296.842742920 374.985260010 -79.714744568 356.395416260 -304.602722168 84.919876099 326.753143311 221.600326538 352.190063477 -340.351684570 31.693223953 1053.012817383 -384.308441162 546.911926270 879.131652832 130.125442505 1012.161437988 -1010.880065918 617.824829102 -1145.434692383 220.333892822 -758.556518555 -970.807495117 -260.437438965 -969.305419922 877.830383301 -577.273010254
387.525146484 -260.415374756 79.205413818 380.123626709 205.398040771 382.227905273 -375.954742432 53.715732574 -355.403717041 232.453369141 -137.368743896 -389.725494385 -256.079589844 -261.821533203 353.592864990 -15.444803238 307.983612061 -249.144546509 27.858589172 378.871551514 148.167037964 362.003814697 -403.455078125 43.383823395 -395.340332031 184.806396484 -164.115036011 -455.022705078 -253.720046997 -298.170104980 376.450714111 -79.800453186 357.808502197 -305.551696777 85.140113831 328.412597656 222.313232422 353.656555176 -342.128234863 32.032566071 1052.056152344 -384.961151123 545.647521973 879.065002441 131.190643311 1011.159606934 -1010.770324707 616.515258789 -1144.502563477 221.213424683 -757.159179688 -970.796630859 -261.328186035 -968.310302734 877.786926270 -575.818298340
388.787475586 -261.499114990 79.475463867 381.672729492 206.169555664 383.573394775 -377.659271240 54.008590698 -356.802520752 233.258987427 -137.869033813 -391.489471436 -257.007080078 -263.261749268 355.161224365 -15.743647575 309.460113525 -250.245452881 28.315706253 380.455352783 149.124633789 363.328125000 -405.115417480 43.725887299 -396.578399658 185.734146118 -164.576354980 -456.646972656 -254.659072876 -299.499664307 377.916809082 -79.887290955 359.221221924 -306.500030518 85.361885071 330.072875977 223.025085449 355.122039795 -343.905395508 32.373828888 1051.098632812 -385.613037109 544.383911133 878.997436523 132.254669189 1010.156372070 -1010.659729004 615.206848145 -1143.569580078 222.092056274 -755.761108398 -970.784851074 -262.216766357 -967.315002441 877.742309570 -574.363952637
390.049530029 -262.582336426 79.747077942 383.222320557 206.940048218 384.917877197 -379.364440918 54.303386688 -358.201019287 234.063995361 -138.368423462 -393.252319336 -257.932922363 -264.704132080 356.730072021 -16.043758392 310.936462402 -251.345840454 28.774330139 382.039520264 150.081359863 364.651794434 -406.776275635 44.069911957 -397.816314697 186.661361694 -165.036605835 -458.269927979 -255.596496582 -300.831390381 379.383514404 -79.975280762 360.633544922 -307.447692871 85.585197449 331.734039307 223.735870361 356.586517334 -345.683227539 32.717018127 1050.140014648 -386.264099121 543.121154785 878.928955078 133.317504883 1009.151733398 -1010.548339844 613.899597168 -1142.635620117 222.969757080 -754.362243652 -970.772033691 -263.103179932 -966.319641113 877.696411133 -572.909973145
391.311309814 -263.665008545 80.020240784 384.772369385 207.709518433 386.261383057 -381.070251465 54.600124359 -359.599212646 234.868362427 -138.866912842 -395.014068604 -258.857086182 -266.148651123 358.299407959 -16.345149994 312.412658691 -252.445724487 29.234445572 383.624114990 151.037231445 365.974914551 -408.437683105 44.415904999 -399.054016113 187.588058472 -165.495788574 -459.891510010 -256.532318115 -302.165313721 380.850891113 -80.064437866 362.045501709 -308.394683838 85.810058594 333.396026611 224.445571899 358.049987793 -347.461700439 33.062129974 1049.180419922 -386.914306641 541.859313965 878.859558105 134.379150391 1008.145751953 -1010.436157227 612.593505859 -1141.700927734 223.846542358 -752.962585449 -970.758300781 -263.987457275 -965.324096680 877.649353027 -571.456298828
392.572753906 -264.747100830 80.294937134 386.322875977 208.477935791 387.603912354 -382.776702881 54.898799896 -360.997192383 235.672119141 -139.364517212 -396.774688721 -259.779632568 -267.595336914 359.869232178 -16.647842407 313.888702393 -253.545074463 29.696048737 385.209167480 151.992233276 367.297424316 -410.099609375 44.763862610 -400.291595459 188.514236450 -165.953918457 -461.511718750 -257.466552734 -303.501434326 382.318939209 -80.154777527 363.457061768 -309.341003418 86.036491394 335.058898926 225.154220581 359.512481689 -349.240783691 33.409175873 1048.219970703 -387.563720703 540.598327637 878.789245605 135.439605713 1007.138305664 -1010.323059082 611.288574219 -1140.765258789 224.722396851 -751.562194824 -970.743591309 -264.869598389 -964.328430176 877.601074219 -570.003051758
393.833892822 -265.828643799 80.571159363 387.873931885 209.245315552 388.945495605 -384.483795166 55.199417114 -362.394897461 236.475234985 -139.861236572 -398.534179688 -260.700469971 -269.044158936 361.439575195 -16.951850891 315.364562988 -254.643905640 30.159135818 386.794708252 152.946365356 368.619354248 -411.762084961 45.113788605 -401.528991699 189.439910889 -166.410995483 -463.130584717 -258.399139404 -304.839721680 383.787689209 -80.246315002 364.868194580 -310.286651611 86.264495850 336.722595215 225.861770630 360.974029541 -351.020477295 33.758148193 1047.258422852 -388.212280273 539.338256836 878.718017578 136.498855591 1006.129455566 -1010.209228516 609.984863281 -1139.828735352 225.597335815 -750.161132812 -970.727966309 -265.749542236 -963.332641602 877.551574707 -568.550170898
395.094696045 -266.909637451 80.848892212 389.425537109 210.011642456 390.286163330 -386.191467285 55.501976013 -363.792358398 237.277740479 -140.357070923 -400.292541504 -261.619598389 -270.495147705 363.010437012 -17.257192612 316.840270996 -255.742218018 30.623708725 388.380798340 153.899612427 369.940734863 -413.425048828 45.465675354 -402.766296387 190.365051270 -166.867004395 -464.748046875 -259.330078125 -306.180175781 385.257080078 -80.339065552 366.278900146 -311.231597900 86.494079590 338.387145996 226.568252563 362.434570312 -352.800811768 34.109050751 1046.295898438 -388.860046387 538.079040527 878.645874023 137.556884766 1005.119201660 -1010.094543457 608.682312012 -1138.891357422 226.471328735 -748.759277344 -970.711303711 -266.627319336 -962.336730957 877.500854492 -567.097656250
396.355194092 -267.990020752 81.128135681 390.977783203 210.776901245 391.625915527 -387.899810791 55.806480408 -365.189636230 238.079605103 -140.852035522 -402.049743652 -262.537078857 -271.948272705 364.581817627 -17.563884735 318.315765381 -256.840026855 31.089776993 389.967407227 154.852005005 371.261596680 -415.088562012 45.819534302 -404.003448486 191.289688110 -167.321975708 -466.364166260 -260.259399414 -307.522827148 386.727203369 -80.433059692 367.689208984 -312.175842285 86.725257874 340.052551270 227.273635864 363.894226074 -354.581726074 34.461887360 1045.332397461 -389.506958008 536.820739746 878.572814941 138.613708496 1004.107604980 -1009.979064941 607.380920410 -1137.953125000 227.344390869 -747.356689453 -970.693725586 -267.502929688 -961.340698242 877.448913574 -565.645568848
397.615295410 -269.069854736 81.408882141 392.530700684 211.541122437 392.964752197 -389.608734131 56.112926483 -366.586700439 238.880844116 -141.346115112 -403.805816650 -263.452819824 -273.403564453 366.153747559 -17.871944427 319.791076660 -257.937286377 31.557355881 391.554595947 155.803512573 372.581939697 -416.752563477 46.175354004 -405.240509033 192.213806152 -167.775909424 -467.978881836 -261.187042236 -308.867645264 388.198028564 -80.528289795 369.099029541 -313.119415283 86.958045959 341.718780518 227.977920532 365.352905273 -356.363250732 34.816654205 1044.367919922 -390.153076172 535.563415527 878.498901367 139.669311523 1003.094604492 -1009.862792969 606.080749512 -1137.014038086 228.216522217 -745.953369141 -970.675109863 -268.376373291 -960.344543457 877.395751953 -564.193847656
398.875061035 -270.149108887 81.691131592 394.084350586 212.304275513 394.302703857 -391.318237305 56.421310425 -367.983551025 239.681472778 -141.839324951 -405.560729980 -264.366851807 -274.860992432 367.726226807 -18.181386948 321.266204834 -259.034057617 32.026470184 393.142333984 156.754135132 373.901763916 -418.417083740 46.533142090 -406.477508545 193.137405396 -168.228790283 -469.592224121 -262.113006592 -310.214660645 389.669586182 -80.624794006 370.508422852 -314.062316895 87.192443848 343.385864258 228.681106567 366.810699463 -358.145385742 35.173358917 1043.402343750 -390.798339844 534.306945801 878.424011230 140.723693848 1002.080200195 -1009.745666504 604.781738281 -1136.073974609 229.087707520 -744.549377441 -970.655578613 -269.247650146 -959.348266602 877.341369629 -562.742553711
400.134460449 -271.227783203 81.974914551 395.638793945 213.066360474 395.639770508 -393.028381348 56.731643677 -369.380249023 240.481460571 -142.331680298 -407.314483643 -265.279144287 -276.320526123 369.299255371 -18.492231369 322.741119385 -260.130279541 32.497142792 394.730682373 157.703872681 375.221099854 -420.082061768 46.892894745 -407.714416504 194.060501099 -168.680633545 -471.204162598 -263.037322998 -311.563842773 391.141845703 -80.722579956 371.917327881 -315.004486084 87.428466797 345.053802490 229.383193970 368.267578125 -359.928070068 35.532001495 1042.435791016 -391.442810059 533.051452637 878.348205566 141.776840210 1001.064392090 -1009.627807617 603.483886719 -1135.133056641 229.957946777 -743.144653320 -970.635070801 -270.116760254 -958.351928711 877.285766602 -561.291687012
401.393463135 -272.305877686 82.260231018 397.194091797 213.827362061 396.976013184 -394.739074707 57.043914795 -370.776794434 241.280822754 -142.823181152 -409.067077637 -266.189697266 -277.782226562 370.872833252 -18.804492950 324.215789795 -261.226013184 32.969413757 396.319580078 158.652709961 376.539978027 -421.747558594 47.254611969 -408.951263428 194.983078003 -169.131454468 -472.814697266 -263.959930420 -312.915191650 392.614868164 -80.821670532 373.325744629 -315.945983887 87.666122437 346.722595215 230.084152222 369.723602295 -361.711364746 35.892578125 1041.468261719 -392.086486816 531.796936035 878.271545410 142.828750610 1000.047180176 -1009.509094238 602.187316895 -1134.191406250 230.827255249 -741.739257812 -970.613586426 -270.983703613 -957.355468750 877.229003906 -559.841247559
402.652069092 -273.383361816 82.547119141 398.750244141 214.587295532 398.311370850 -396.450378418 57.358131409 -372.173187256 242.079559326 -143.313812256 -410.818511963 -267.098510742 -279.246063232 372.446990967 -19.118190765 325.690246582 -262.321228027 33.443317413 397.909057617 159.600677490 377.858398438 -423.413543701 47.618293762 -410.188079834 195.905151367 -169.581253052 -474.423828125 -264.880828857 -314.268707275 394.088623047 -80.922073364 374.733673096 -316.886779785 87.905418396 348.392211914 230.784011841 371.178710938 -363.495208740 36.255088806 1040.499633789 -392.729309082 530.543334961 878.193908691 143.879409790 999.028625488 -1009.389526367 600.891845703 -1133.248779297 231.695602417 -740.333129883 -970.591125488 -271.848449707 -956.358886719 877.170959473 -558.391235352
403.910278320 -274.460296631 82.835594177 400.307220459 215.346130371 399.645935059 -398.162261963 57.674289703 -373.569458008 242.877670288 -143.803604126 -412.568756104 -268.005584717 -280.712036133 374.021728516 -19.433340073 327.164428711 -263.415893555 33.918891907 399.499114990 160.547729492 379.176361084 -425.079986572 47.983940125 -411.424865723 196.826721191 -170.030029297 -476.031524658 -265.800048828 -315.624389648 395.563140869 -81.023811340 376.141113281 -317.826904297 88.146362305 350.062683105 231.482757568 372.632995605 -365.279632568 36.619537354 1039.529907227 -393.371337891 529.290649414 878.115417480 144.928833008 998.008728027 -1009.269226074 599.597656250 -1132.305175781 232.563003540 -738.926330566 -970.567749023 -272.710998535 -955.362243652 877.111755371 -556.941650391
405.168060303 -275.536621094 83.125701904 401.865081787 216.103881836 400.979675293 -399.874694824 57.992393494 -374.965606689 243.675155640 -144.292556763 -414.317840576 -268.910858154 -282.180114746 375.597045898 -19.749958038 328.638397217 -264.510070801 34.396186829 401.089752197 161.493896484 380.493896484 -426.746887207 48.351547241 -412.661621094 197.747787476 -170.477783203 -477.637817383 -266.717529297 -316.982208252 397.038452148 -81.126899719 377.548004150 -318.766326904 88.388969421 351.733978271 232.180358887 374.086456299 -367.064605713 36.985923767 1038.559204102 -394.012573242 528.039001465 878.036010742 145.977005005 996.987365723 -1009.148132324 598.304626465 -1131.360839844 233.429443359 -737.518920898 -970.543334961 -273.571411133 -954.365539551 877.051269531 -555.492553711
406.425384521 -276.612396240 83.417465210 403.423797607 216.860549927 402.312622070 -401.587707520 58.312438965 -376.361663818 244.472015381 -144.780654907 -416.065704346 -269.814361572 -283.650329590 377.172973633 -20.068063736 330.112091064 -265.603729248 34.875236511 402.680969238 162.439147949 381.811035156 -428.414245605 48.721122742 -413.898406982 198.668334961 -170.924530029 -479.242675781 -267.633270264 -318.342224121 398.514526367 -81.231353760 378.954376221 -319.705047607 88.633247375 353.406097412 232.876846313 375.539062500 -368.850097656 37.354248047 1037.587402344 -394.652984619 526.788269043 877.955749512 147.023910522 995.964660645 -1009.026245117 597.012756348 -1130.415649414 234.294937134 -736.110778809 -970.517944336 -274.429595947 -953.368713379 876.989624023 -554.043945312
407.682312012 -277.687561035 83.710929871 404.983306885 217.616104126 403.644775391 -403.301269531 58.634426117 -377.757629395 245.268249512 -145.267929077 -417.812408447 -270.716094971 -285.122680664 378.749511719 -20.387672424 331.585510254 -266.696868896 35.356090546 404.272735596 163.383499146 383.127777100 -430.082061768 49.092655182 -415.135192871 199.588394165 -171.370285034 -480.846099854 -268.547302246 -319.704376221 399.991394043 -81.337196350 380.360229492 -320.643096924 88.879196167 355.079071045 233.572204590 376.990875244 -370.636169434 37.724506378 1036.614501953 -395.292572021 525.538574219 877.874511719 148.069564819 994.940612793 -1008.903503418 595.722167969 -1129.469482422 235.159469604 -734.702026367 -970.491638184 -275.285644531 -952.371826172 876.926757812 -552.595764160
408.938751221 -278.762176514 84.006134033 406.543609619 218.370559692 404.976196289 -405.015380859 58.958358765 -379.153533936 246.063842773 -145.754379272 -419.557891846 -271.616058350 -286.597137451 380.326629639 -20.708801270 333.058685303 -267.789459229 35.838779449 405.865051270 164.326950073 384.444152832 -431.750305176 49.466152191 -416.372009277 200.507949829 -171.815017700 -482.448120117 -269.459564209 -321.068695068 401.469055176 -81.444435120 381.765533447 -321.580444336 89.126838684 356.752868652 234.266403198 378.441894531 -372.422729492 38.096702576 1035.640625000 -395.931365967 524.289855957 877.792419434 149.113952637 993.915161133 -1008.780029297 594.432739258 -1128.522583008 236.023040771 -733.292663574 -970.464294434 -276.139465332 -951.374816895 876.862670898 -551.148071289
410.194763184 -279.836212158 84.303108215 408.104644775 219.123916626 406.306854248 -406.730010986 59.284233093 -380.549377441 246.858825684 -146.240005493 -421.302185059 -272.514190674 -288.073699951 381.904388428 -21.031467438 334.531555176 -268.881561279 36.323341370 407.457885742 165.269500732 385.760131836 -433.418975830 49.841609955 -417.608886719 201.427001953 -172.258773804 -484.048675537 -270.370086670 -322.435150146 402.947509766 -81.553100586 383.170257568 -322.517150879 89.376167297 358.427490234 234.959472656 379.892120361 -374.209838867 38.470836639 1034.665527344 -396.569366455 523.042114258 877.709472656 150.157058716 992.888305664 -1008.655761719 593.144531250 -1127.574707031 236.885650635 -731.882629395 -970.435974121 -276.991149902 -950.377807617 876.797363281 -549.700927734
411.450286865 -280.909698486 84.601898193 409.666381836 219.876159668 407.636749268 -408.445190430 59.612049103 -381.945190430 247.653182983 -146.724807739 -423.045288086 -273.410491943 -289.552398682 383.482757568 -21.355690002 336.004119873 -269.973144531 36.809803009 409.051239014 166.211120605 387.075805664 -435.088073730 50.219028473 -418.845825195 202.345565796 -172.701522827 -485.647766113 -271.278808594 -323.803741455 404.426788330 -81.663200378 384.574432373 -323.453155518 89.627197266 360.102935791 235.651397705 381.341613770 -375.997467041 38.846900940 1033.689453125 -397.206573486 521.795349121 877.625610352 151.198883057 991.860107422 -1008.530639648 591.857482910 -1126.625976562 237.747283936 -730.471923828 -970.406738281 -277.840606689 -949.380676270 876.730895996 -548.254272461
412.705322266 -281.982574463 84.902519226 411.228820801 220.627273560 408.965972900 -410.160888672 59.941810608 -383.341003418 248.446899414 -147.208801270 -424.787170410 -274.305023193 -291.033172607 385.061737061 -21.681484222 337.476379395 -271.064208984 37.298187256 410.645080566 167.151840210 388.391143799 -436.757568359 50.598407745 -420.082855225 203.263626099 -173.143310547 -487.245422363 -272.185791016 -325.174499512 405.906890869 -81.774757385 385.977996826 -324.388488770 89.879943848 361.779235840 236.342163086 382.790344238 -377.785614014 39.224903107 1032.712280273 -397.842956543 520.549621582 877.540832520 152.239440918 990.830566406 -1008.404785156 590.571716309 -1125.676391602 238.607955933 -729.060668945 -970.376464844 -278.687896729 -948.383483887 876.663146973 -546.808105469
413.959869385 -283.054901123 85.205009460 412.791870117 221.377288818 410.294464111 -411.877075195 60.273509979 -384.736785889 249.239990234 -147.691986084 -426.527832031 -275.197692871 -292.516052246 386.641387939 -22.008867264 338.948333740 -272.154724121 37.788516998 412.239349365 168.091644287 389.706146240 -438.427459717 50.979743958 -421.319976807 204.181182861 -173.584106445 -488.841613770 -273.090972900 -326.547363281 407.387817383 -81.887779236 387.381011963 -325.323120117 90.134407043 363.456329346 237.031784058 384.238311768 -379.574249268 39.604839325 1031.734008789 -398.478546143 519.304931641 877.455139160 153.278701782 989.799621582 -1008.278137207 589.287109375 -1124.725952148 239.467636108 -727.648742676 -970.345214844 -279.532989502 -947.386291504 876.594238281 -545.362426758
415.213897705 -284.126678467 85.509376526 414.355560303 222.126174927 411.622283936 -413.593780518 60.607154846 -386.132568359 250.032455444 -148.174377441 -428.267303467 -276.088531494 -294.001037598 388.221649170 -22.337856293 340.419952393 -273.244750977 38.280796051 413.834014893 169.030532837 391.020874023 -440.097747803 51.363033295 -422.557189941 205.098251343 -174.023925781 -490.436370850 -273.994354248 -327.922363281 408.869598389 -82.002296448 388.783386230 -326.257110596 90.390594482 365.134216309 237.720230103 385.685607910 -381.363372803 39.986701965 1030.754516602 -399.113342285 518.061279297 877.368591309 154.316680908 988.767333984 -1008.150695801 588.003723145 -1123.774658203 240.326370239 -726.236267090 -970.312988281 -280.375915527 -946.388977051 876.524047852 -543.917358398
416.467437744 -285.197875977 85.815650940 415.919860840 222.873931885 412.949432373 -415.310943604 60.942737579 -387.528381348 250.824295044 -148.655975342 -430.005523682 -276.977539062 -295.488098145 389.802581787 -22.668470383 341.891235352 -274.334259033 38.775032043 415.429077148 169.968490601 392.335327148 -441.768432617 51.748283386 -423.794525146 206.014831543 -174.462783813 -492.029632568 -274.895935059 -329.299499512 410.352233887 -82.118316650 390.185180664 -327.190399170 90.648521423 366.812957764 238.407531738 387.132171631 -383.152984619 40.370498657 1029.774047852 -399.747344971 516.818664551 877.281127930 155.353347778 987.733642578 -1008.022521973 586.721557617 -1122.822387695 241.184097290 -724.823120117 -970.279846191 -281.216644287 -945.391662598 876.452697754 -542.472778320
417.720428467 -286.268493652 86.123832703 417.484741211 223.620574951 414.275939941 -417.028625488 61.280258179 -388.924224854 251.615509033 -149.136795044 -431.742523193 -277.864685059 -296.977264404 391.384155273 -23.000724792 343.362182617 -275.423248291 39.271221161 417.024505615 170.905548096 393.649505615 -443.439453125 52.135482788 -425.032012939 206.930923462 -174.900680542 -493.621429443 -275.795715332 -330.678741455 411.835693359 -82.235862732 391.586334229 -328.123046875 90.908187866 368.492492676 239.093643188 388.578094482 -384.943084717 40.756225586 1028.792358398 -400.380523682 515.577026367 877.192810059 156.388732910 986.698608398 -1007.893493652 585.440612793 -1121.869384766 242.040863037 -723.409484863 -970.245666504 -282.055175781 -944.394287109 876.380126953 -541.028808594
418.972900391 -287.338562012 86.433929443 419.050170898 224.366073608 415.601806641 -418.746765137 61.619720459 -390.320129395 252.406082153 -149.616821289 -433.478302002 -278.749969482 -298.468475342 392.966400146 -23.334638596 344.832794189 -276.511688232 39.769363403 418.620239258 171.841674805 394.963470459 -445.110870361 52.524635315 -426.269683838 207.846511841 -175.337631226 -495.211761475 -276.693664551 -332.060119629 413.320037842 -82.354949951 392.986877441 -329.054992676 91.169601440 370.172821045 239.778594971 390.023315430 -386.733673096 41.143878937 1027.809570312 -401.012939453 514.336486816 877.103637695 157.422805786 985.662231445 -1007.763732910 584.160888672 -1120.915527344 242.896636963 -721.995178223 -970.210449219 -282.891540527 -943.396789551 876.306335449 -539.585388184
420.224822998 -288.408050537 86.745933533 420.616180420 225.110443115 416.927032471 -420.465362549 61.961116791 -391.716094971 253.196044922 -150.096069336 -435.212829590 -279.633392334 -299.961791992 394.549316406 -23.670227051 346.303009033 -277.599639893 40.269443512 420.216308594 172.776901245 396.277160645 -446.782623291 52.915733337 -427.507476807 208.761627197 -175.773620605 -496.800598145 -277.589782715 -333.443572998 414.805236816 -82.475593567 394.386749268 -329.986267090 91.432777405 371.853973389 240.462371826 391.467895508 -388.524688721 41.533458710 1026.825683594 -401.644561768 513.096984863 877.013488770 158.455566406 984.624511719 -1007.633178711 582.882324219 -1119.960693359 243.751434326 -720.580383301 -970.174316406 -283.725708008 -942.399353027 876.231384277 -538.142517090
421.476165771 -289.476959229 87.059852600 422.182769775 225.853683472 418.251678467 -422.184417725 62.304443359 -393.112152100 253.985366821 -150.574569702 -436.946105957 -280.514953613 -301.457153320 396.132904053 -24.007509232 347.772888184 -278.687072754 40.771450043 421.812652588 173.711181641 397.590667725 -448.454711914 53.308776855 -428.745483398 209.676254272 -176.208679199 -498.387969971 -278.484069824 -334.829162598 416.291320801 -82.597816467 395.785980225 -330.916870117 91.697715759 373.535919189 241.144958496 392.911834717 -390.316162109 41.924961090 1025.840576172 -402.275390625 511.858581543 876.922546387 159.487014771 983.585388184 -1007.501831055 581.605041504 -1119.005126953 244.605239868 -719.164978027 -970.137207031 -284.557708740 -941.401794434 876.155151367 -536.700195312
422.726989746 -290.545318604 87.375663757 423.749877930 226.595779419 419.575714111 -423.903900146 62.649703979 -394.508331299 254.774063110 -151.052291870 -438.678161621 -281.394622803 -302.954589844 397.717132568 -24.346502304 349.242370605 -279.773956299 41.275363922 423.409332275 174.644546509 398.903991699 -450.127136230 53.703765869 -429.983703613 210.590377808 -176.642807007 -499.973846436 -279.376525879 -336.216827393 417.778259277 -82.721633911 397.184539795 -331.846771240 91.964424133 375.218658447 241.826354980 394.355133057 -392.108093262 42.318386078 1024.854370117 -402.905426025 510.621215820 876.830688477 160.517135620 982.544921875 -1007.369689941 580.328918457 -1118.048583984 245.458053589 -717.749023438 -970.099060059 -285.387512207 -940.404235840 876.077758789 -535.258544922
423.977203369 -291.613067627 87.693367004 425.317565918 227.336730957 420.899200439 -425.623840332 62.996894836 -395.904602051 255.562133789 -151.529266357 -440.408966064 -282.272399902 -304.454101562 399.302093506 -24.687223434 350.711456299 -280.860351562 41.781173706 425.006286621 175.576995850 400.217132568 -451.799896240 54.100692749 -431.222137451 211.504028320 -177.076004028 -501.558227539 -280.267120361 -337.606597900 419.266113281 -82.847061157 398.582427979 -332.776000977 92.232917786 376.902160645 242.506576538 395.797851562 -393.900482178 42.713729858 1023.867004395 -403.534667969 509.384948730 876.737976074 161.545959473 981.503112793 -1007.236816406 579.054077148 -1117.091308594 246.309875488 -716.332580566 -970.059936523 -286.215118408 -939.406616211 875.999145508 -533.817443848
425.226806641 -292.680267334 88.012947083 426.885803223 228.076538086 422.222137451 -427.344207764 63.346008301 -397.301025391 256.349578857 -152.005493164 -442.138549805 -283.148284912 -305.955627441 400.887695312 -25.029687881 352.180145264 -281.946197510 42.288860321 426.603546143 176.508514404 401.530090332 -453.472961426 54.499553680 -432.460815430 212.417205811 -177.508270264 -503.141113281 -281.155853271 -338.998443604 420.754882812 -82.974121094 399.979614258 -333.704559326 92.503196716 378.586486816 243.185607910 397.239990234 -395.693267822 43.110992432 1022.878479004 -404.163116455 508.149719238 876.644348145 162.573440552 980.459960938 -1007.103149414 577.780395508 -1116.133056641 247.160690308 -714.915588379 -970.019836426 -287.040557861 -938.408996582 875.919250488 -532.377014160
426.475860596 -293.746856689 88.334381104 428.454620361 228.815200806 423.544525146 -429.065002441 63.697048187 -398.697570801 257.136383057 -152.480972290 -443.866851807 -284.022247314 -307.459228516 402.473999023 -25.373916626 353.648437500 -283.031524658 42.798400879 428.201141357 177.439117432 402.842926025 -455.146331787 54.900344849 -433.699707031 213.329895020 -177.939620972 -504.722503662 -282.042694092 -340.392364502 422.244506836 -83.102828979 401.376098633 -334.632385254 92.775268555 380.271575928 243.863433838 398.681549072 -397.486511230 43.510169983 1021.888793945 -404.790802002 506.915618896 876.549865723 163.599594116 979.415466309 -1006.968688965 576.507934570 -1115.174072266 248.010513306 -713.498046875 -969.978759766 -287.863800049 -937.411315918 875.838256836 -530.937133789
427.724273682 -294.812866211 88.657661438 430.023986816 229.552719116 424.866394043 -430.786193848 64.050003052 -400.094299316 257.922546387 -152.955734253 -445.593902588 -284.894317627 -308.964843750 404.061004639 -25.719923019 355.116302490 -284.116333008 43.309787750 429.799072266 178.368789673 404.155639648 -456.820007324 55.303066254 -434.938903809 214.242095947 -178.370071411 -506.302398682 -282.927673340 -341.788330078 423.735076904 -83.233200073 402.771881104 -335.559539795 93.049140930 381.957458496 244.540054321 400.122528076 -399.280151367 43.911258698 1020.897888184 -405.417694092 505.682586670 876.454467773 164.624404907 978.369567871 -1006.833496094 575.236694336 -1114.214111328 248.859329224 -712.079956055 -969.936645508 -288.684875488 -936.413635254 875.755981445 -529.497924805
428.972045898 -295.878295898 88.982772827 431.593902588 230.289077759 426.187774658 -432.507812500 64.404876709 -401.491210938 258.708099365 -153.429748535 -447.319671631 -285.764465332 -310.472473145 405.648712158 -26.067728043 356.583740234 -285.200592041 43.823001862 431.397338867 179.297531128 405.468261719 -458.493988037 55.707714081 -436.178375244 215.153823853 -178.799621582 -507.880798340 -283.810791016 -343.186401367 425.226531982 -83.365249634 404.166931152 -336.486022949 93.324821472 383.644104004 245.215484619 401.563018799 -401.074188232 44.314258575 1019.905822754 -406.043792725 504.450683594 876.358215332 165.647888184 977.322387695 -1006.697509766 573.966613770 -1113.253417969 249.707153320 -710.661376953 -969.893615723 -289.503784180 -935.415954590 875.672485352 -528.059387207
430.219207764 -296.943145752 89.309700012 433.164398193 231.024276733 427.508666992 -434.229797363 64.761665344 -402.888305664 259.493011475 -153.903060913 -449.044219971 -286.632720947 -311.982147217 407.237091064 -26.417346954 358.050720215 -286.284362793 44.338039398 432.995971680 180.225341797 406.780761719 -460.168212891 56.114276886 -437.418151855 216.065063477 -179.228286743 -509.457672119 -284.691986084 -344.586486816 426.718902588 -83.499008179 405.561248779 -337.411773682 93.602317810 385.331512451 245.889694214 403.002960205 -402.868652344 44.719165802 1018.912597656 -406.669097900 503.219879150 876.261108398 166.670028687 976.273803711 -1006.560791016 572.697814941 -1112.291748047 250.553955078 -709.242370605 -969.849548340 -290.320495605 -934.418212891 875.587829590 -526.621459961
431.465728760 -298.007354736 89.638442993 434.735443115 231.758316040 428.829071045 -435.952178955 65.120361328 -404.285614014 260.277313232 -154.375656128 -450.767486572 -287.499023438 -313.493835449 408.826202393 -26.768796921 359.517272949 -287.367584229 44.854885101 434.594970703 181.152236938 408.093200684 -461.842742920 56.522758484 -438.658233643 216.975830078 -179.656051636 -511.033050537 -285.571289062 -345.988647461 428.212219238 -83.634475708 406.954803467 -338.336853027 93.881629944 387.019683838 246.562698364 404.442413330 -404.663482666 45.125976562 1017.918151855 -407.293640137 501.990173340 876.163146973 167.690826416 975.223937988 -1006.423217773 571.430175781 -1111.329345703 251.399765015 -707.822814941 -969.804443359 -291.135009766 -933.420410156 875.501953125 -525.184265137
432.711578369 -299.071014404 89.968994141 436.307098389 232.491195679 430.149047852 -437.674957275 65.480964661 -405.683135986 261.060974121 -154.847549438 -452.489471436 -288.363372803 -315.007537842 410.416015625 -27.122097015 360.983367920 -288.450286865 45.373538971 436.194335938 182.078186035 409.405609131 -463.517547607 56.933151245 -439.898620605 217.886123657 -180.082931519 -512.606872559 -286.448699951 -347.392852783 429.706451416 -83.771682739 408.347625732 -339.261199951 94.162765503 388.708618164 247.234481812 405.881347656 -406.458709717 45.534687042 1016.922485352 -407.917419434 500.761566162 876.064270020 168.710266113 974.172668457 -1006.284973145 570.163757324 -1110.365966797 252.244552612 -706.402770996 -969.758361816 -291.947387695 -932.422668457 875.414794922 -523.747680664
433.956756592 -300.134033203 90.301338196 437.879333496 233.222900391 431.468597412 -439.398101807 65.843475342 -407.080932617 261.843994141 -155.318740845 -454.210205078 -289.225799561 -316.523223877 412.006530762 -27.477262497 362.449005127 -289.532470703 45.893997192 437.794097900 183.003219604 410.717987061 -465.192596436 57.345455170 -441.139404297 218.795944214 -180.508956909 -514.179260254 -287.324188232 -348.799072266 431.201629639 -83.910644531 409.739654541 -340.184875488 94.445732117 390.398315430 247.905044556 407.319854736 -408.254333496 45.945293427 1015.925659180 -408.540405273 499.534118652 875.964538574 169.728347778 973.120117188 -1006.145935059 568.898559570 -1109.401855469 253.088317871 -704.982238770 -969.711303711 -292.757568359 -931.424865723 875.326477051 -522.311828613
435.201293945 -301.196472168 90.635490417 439.452148438 233.953445435 432.787719727 -441.121612549 66.207878113 -408.478973389 262.626373291 -155.789230347 -455.929656982 -290.086273193 -318.040924072 413.597778320 -27.834310532 363.914154053 -290.614105225 46.416263580 439.394256592 183.927307129 412.030334473 -466.867889404 57.759658813 -442.380523682 219.705276489 -180.934112549 -515.750061035 -288.197784424 -350.207336426 432.697723389 -84.051376343 411.130889893 -341.107818604 94.730545044 392.088745117 248.574386597 408.757873535 -410.050292969 46.357795715 1014.927612305 -409.162597656 498.307800293 875.863952637 170.745086670 972.066223145 -1006.006103516 567.634582520 -1108.436889648 253.931076050 -703.561279297 -969.663269043 -293.565582275 -930.427001953 875.236999512 -520.876647949
436.445098877 -302.258300781 90.971435547 441.025543213 234.682815552 434.106445312 -442.845489502 66.574180603 -409.877258301 263.408142090 -156.259063721 -457.647827148 -290.944824219 -319.560577393 415.189727783 -28.193258286 365.378814697 -291.695220947 46.940349579 440.994812012 184.850463867 413.342681885 -468.543426514 58.175762177 -443.622009277 220.614151001 -181.358398438 -517.319335938 -289.069427490 -351.617584229 434.194793701 -84.193901062 412.521331787 -342.030090332 95.017189026 393.779937744 249.242492676 410.195495605 -411.846618652 46.772190094 1013.920227051 -409.761688232 497.090423584 875.739501953 171.743225098 970.996215820 -1005.842529297 566.379028320 -1107.456909180 254.754333496 -702.144104004 -969.590759277 -294.349426270 -929.420043945 875.123291016 -519.448303223
437.688598633 -303.319000244 91.309898376 442.599426270 235.410537720 435.425231934 -444.569549561 66.943023682 -411.276306152 264.188781738 -156.728866577 -459.364685059 -291.800689697 -321.082611084 416.782348633 -28.554832458 366.843383789 -292.775207520 47.467010498 442.595520020 185.772338867 414.655487061 -470.218994141 58.594436646 -444.864318848 221.522171021 -181.782516479 -518.887084961 -289.938476562 -353.030273438 435.692779541 -84.338851929 413.911376953 -342.950988770 95.306350708 395.471740723 249.908843994 411.633087158 -413.643157959 47.189128876 1012.903869629 -410.337615967 495.882446289 875.591369629 172.722244263 969.910827637 -1005.655395508 565.132202148 -1106.462768555 255.557525635 -700.731262207 -969.493957520 -295.109100342 -928.404235840 874.985656738 -518.027526855
438.932495117 -304.377532959 91.652183533 444.173461914 236.135711670 436.744873047 -446.293487549 67.315643311 -412.676849365 264.967437744 -157.199905396 -461.080047607 -292.652648926 -322.607727051 418.375488281 -28.920402527 368.308532715 -293.853027344 47.997673035 444.196014404 186.692245483 415.969573975 -471.894256592 59.016952515 -446.108245850 222.428649902 -182.207748413 -520.453002930 -290.803680420 -354.446044922 437.191680908 -84.487457275 415.301666260 -343.869293213 95.599273682 397.164001465 250.572448730 413.071563721 -415.439575195 47.609844208 1011.878845215 -410.890258789 494.684295654 875.419677734 173.681594849 968.810607910 -1005.444763184 563.894348145 -1105.454956055 256.340118408 -699.323181152 -969.372863770 -295.844573975 -927.379882812 874.824157715 -516.615173340
440.177764893 -305.432464600 92.000144958 445.747253418 236.857009888 438.066589355 -448.016845703 67.693733215 -414.080108643 265.742797852 -157.673934937 -462.793731689 -293.498840332 -324.136871338 419.968994141 -29.291910172 369.775299072 -294.927124023 48.534317017 445.795654297 187.609191895 417.286071777 -473.568634033 59.445079803 -447.354858398 223.332565308 -182.635864258 -522.016906738 -291.663269043 -355.865875244 438.691497803 -84.641448975 416.693206787 -344.783386230 95.897705078 398.856414795 251.231826782 414.512023926 -417.235382080 48.036048889 1010.845336914 -411.419616699 493.496307373 875.224731445 174.620758057 967.696228027 -1005.210876465 562.665710449 -1104.434448242 257.101654053 -697.920349121 -969.227661133 -296.555816650 -926.347167969 874.639038086 -515.212036133
441.425598145 -306.482055664 92.355827332 447.320281982 237.572830200 439.391784668 -449.739074707 68.079338074 -415.487396240 266.513183594 -158.153091431 -464.505432129 -294.337524414 -325.670928955 421.562713623 -29.671466827 371.244873047 -295.995635986 49.078918457 447.393859863 188.521942139 418.606475830 -475.241546631 59.880817413 -448.605560303 224.232589722 -183.069061279 -523.578552246 -292.515502930 -357.290679932 440.192199707 -84.802978516 418.087066650 -345.691192627 96.203727722 400.548583984 251.885238647 415.955963135 -419.030029297 48.469779968 1009.803710938 -411.925567627 492.318878174 875.006652832 175.539245605 966.568298340 -1004.953796387 561.446594238 -1103.401611328 257.841674805 -696.523193359 -969.058349609 -297.242828369 -925.306396484 874.430480957 -513.818847656
442.677093506 -307.524475098 92.721031189 448.892089844 238.281631470 440.721923828 -451.459564209 68.474273682 -416.900146484 267.277099609 -158.639511108 -466.214935303 -295.167144775 -327.210632324 423.156494141 -30.060970306 372.718261719 -297.056823730 49.633224487 448.990020752 189.429077148 419.932434082 -476.912322998 60.325927734 -449.861877441 225.127212524 -183.509460449 -525.137512207 -293.358734131 -358.721191406 441.693725586 -84.973968506 419.484161377 -346.591003418 96.519203186 402.240112305 252.531143188 417.404724121 -420.822967529 48.912837982 1008.754272461 -412.408050537 491.152313232 874.765625000 176.436630249 965.427429199 -1004.673706055 560.237243652 -1102.357421875 258.559814453 -695.132080078 -968.865112305 -297.905609131 -924.257812500 874.198730469 -512.436096191
443.933166504 -308.558135986 93.097358704 450.462158203 238.982116699 442.058349609 -453.177764893 68.880111694 -418.319610596 268.033111572 -159.135086060 -467.921966553 -295.986236572 -328.756530762 424.750305176 -30.462121964 374.196380615 -298.109100342 50.198772430 450.583587646 190.329223633 421.265228271 -478.580352783 60.781967163 -451.125183105 226.015136719 -183.958938599 -526.693542480 -294.191589355 -360.157958984 443.196136475 -85.156127930 420.885223389 -347.481109619 96.845771790 403.930572510 253.168228149 418.859680176 -422.613586426 49.366813660 1007.697265625 -412.867034912 489.996917725 874.501831055 177.312515259 964.274291992 -1004.370788574 559.037841797 -1101.302124023 259.255645752 -693.747497559 -968.648010254 -298.544189453 -923.201721191 873.943908691 -511.064331055
445.194549561 -309.581451416 93.486206055 452.029907227 239.673156738 443.402313232 -454.893066406 69.298248291 -419.746948242 268.780059814 -159.641479492 -469.626342773 -296.793518066 -330.309143066 426.344116211 -30.876445770 375.679901123 -299.150939941 50.776916504 452.173980713 191.221252441 422.606170654 -480.244964600 61.250282288 -452.396697998 226.895141602 -184.419128418 -528.246459961 -295.012664795 -361.601440430 444.699310303 -85.350982666 422.290771484 -348.360046387 97.184867859 405.619537354 253.795303345 420.322021484 -424.401367188 49.833091736 1006.633056641 -413.302398682 488.852996826 874.215576172 178.166564941 963.109313965 -1004.045104980 557.848632812 -1100.236694336 259.928924561 -692.369873047 -968.407104492 -299.158508301 -922.138244629 873.666259766 -509.703948975
446.461761475 -310.593078613 93.888786316 453.594818115 240.353713989 444.754913330 -456.604888916 69.729888916 -421.183166504 269.516815186 -160.160186768 -471.327819824 -297.587738037 -331.868743896 427.937835693 -31.305297852 377.169433594 -300.181030273 51.368831635 453.760711670 192.104187012 423.956481934 -481.905578613 61.732059479 -453.677520752 227.766159058 -184.891510010 -529.795898438 -295.820770264 -363.051940918 446.203277588 -85.559890747 423.701293945 -349.226409912 97.537765503 407.306579590 254.411361694 421.792938232 -426.185668945 50.312896729 1005.561889648 -413.714141846 487.720886230 873.906982422 178.998443604 961.933105469 -1003.696899414 556.669921875 -1099.161499023 260.579284668 -690.999450684 -968.142639160 -299.748596191 -921.067687988 873.366027832 -508.355316162
447.735290527 -311.591644287 94.306182861 455.156341553 241.022857666 446.117156982 -458.312622070 70.176101685 -422.629150391 270.242401123 -160.692535400 -473.026153564 -298.367828369 -333.435577393 429.531402588 -31.749891281 378.665374756 -301.198181152 51.975551605 455.343139648 192.977172852 425.317291260 -483.561492920 62.228321075 -454.968566895 228.627212524 -185.377395630 -531.341674805 -296.614746094 -364.509643555 447.707855225 -85.784057617 425.117095947 -350.078979492 97.905570984 408.991180420 255.015487671 423.273437500 -427.965972900 50.807281494 1004.484069824 -414.102142334 486.600799561 873.576232910 179.807891846 960.746154785 -1003.326293945 555.501892090 -1098.077270508 261.206542969 -689.636779785 -967.854675293 -300.314483643 -919.990356445 873.043334961 -507.018890381
449.015380859 -312.575988770 94.739295959 456.713897705 241.679748535 447.489898682 -460.015655518 70.637802124 -424.085693359 270.955902100 -161.239669800 -474.721099854 -299.132812500 -335.009765625 431.124664307 -32.211292267 380.168060303 -302.201202393 52.597961426 456.920776367 193.839416504 426.689514160 -485.212097168 62.739952087 -456.270599365 229.477386475 -185.877883911 -532.883422852 -297.393585205 -365.974670410 449.212921143 -86.024551392 426.538330078 -350.916595459 98.289253235 410.672821045 255.606796265 424.764465332 -429.741638184 51.317173004 1003.399963379 -414.466339111 485.493011475 873.223510742 180.594619751 959.548950195 -1002.933410645 554.344848633 -1096.984375000 261.810394287 -688.282043457 -967.543334961 -300.856109619 -918.906372070 872.698425293 -505.694976807
450.302246094 -313.544982910 95.188941956 458.266845703 242.323593140 448.873901367 -461.713378906 71.115776062 -425.553375244 271.656463623 -161.802581787 -476.412292480 -299.881683350 -336.591369629 432.717407227 -32.690441132 381.677764893 -303.189086914 53.236820221 458.493011475 194.690155029 428.074005127 -486.856750488 63.267707825 -457.584289551 230.315811157 -186.393981934 -534.420776367 -298.156311035 -367.447021484 450.718170166 -86.282325745 427.965148926 -351.738189697 98.689651489 412.351013184 256.184539795 426.266754150 -431.512115479 51.843364716 1002.309875488 -414.806671143 484.397827148 872.849121094 181.358413696 958.342041016 -1002.518432617 553.198974609 -1095.883422852 262.390655518 -686.935791016 -967.208740234 -301.373504639 -917.815979004 872.331542969 -504.383880615
451.595947266 -314.497619629 95.655784607 459.814605713 242.953628540 450.269714355 -463.405151367 71.610710144 -427.032684326 272.343261719 -162.382156372 -478.099426270 -300.613647461 -338.180328369 434.309356689 -33.188159943 383.194580078 -304.160919189 53.892772675 460.059265137 195.528640747 429.471405029 -488.494812012 63.812240601 -458.910156250 231.141693115 -186.926544189 -535.953369141 -298.902069092 -368.926666260 452.223358154 -86.558189392 429.397583008 -352.542846680 99.107498169 414.025146484 256.747924805 427.780944824 -433.276824951 52.386535645 1001.214111328 -415.123107910 483.315460205 872.453125000 182.099044800 957.125854492 -1002.081542969 552.064514160 -1094.775024414 262.947174072 -685.598205566 -966.851074219 -301.866668701 -916.719543457 871.942932129 -503.085937500
452.896575928 -315.432952881 96.140403748 461.356567383 243.569137573 451.677795410 -465.090393066 72.123161316 -428.524017334 273.015563965 -162.979156494 -479.782043457 -301.327911377 -339.776580811 435.900207520 -33.705154419 384.718627930 -305.115783691 54.566364288 461.618957520 196.354202271 430.882171631 -490.125640869 64.374092102 -460.248535156 231.954238892 -187.476287842 -537.480712891 -299.630035400 -370.413482666 453.728118896 -86.852882385 430.835632324 -353.329650879 99.543395996 415.694702148 257.296295166 429.307525635 -435.035156250 52.947273254 1000.113037109 -415.415557861 482.246154785 872.035888672 182.816345215 955.900817871 -1001.622802734 550.941711426 -1093.659667969 263.479766846 -684.269653320 -966.470397949 -302.335601807 -915.617126465 871.532653809 -501.801391602
454.204071045 -316.350158691 96.643287659 462.892120361 244.169433594 453.098480225 -466.768524170 72.653633118 -430.027557373 273.672637939 -163.594177246 -481.459716797 -302.023742676 -341.379943848 437.489562988 -34.242023468 386.249908447 -306.052917480 55.258037567 463.171478271 197.166107178 432.306732178 -491.748687744 64.953720093 -461.599761963 232.752700806 -188.043838501 -539.002380371 -300.339477539 -371.907287598 455.231964111 -87.167030334 432.279174805 -354.097900391 99.997886658 417.359100342 257.828948975 430.846801758 -436.786560059 53.526069641 999.007019043 -415.683929443 481.190216064 871.597473145 183.510147095 954.667419434 -1001.142517090 549.830810547 -1092.537719727 263.988311768 -682.950561523 -966.066955566 -302.780273438 -914.509155273 871.101013184 -500.530517578
455.518402100 -317.248474121 97.164840698 464.420684814 244.753860474 454.531890869 -468.438964844 73.202537537 -431.543426514 274.313781738 -164.227783203 -483.131958008 -302.700531006 -342.990295410 439.076904297 -34.799274445 387.788391113 -306.971618652 55.968166351 464.716308594 197.963699341 433.745269775 -493.363311768 65.551513672 -462.963897705 233.536376953 -188.629684448 -540.517883301 -301.029785156 -373.407897949 456.734497070 -87.501152039 433.728179932 -354.846832275 100.471412659 419.017761230 258.345214844 432.398956299 -438.530487061 54.123340607 997.896301270 -415.928222656 480.147857666 871.138183594 184.180313110 953.426025391 -1000.640747070 548.732116699 -1091.409790039 264.472625732 -681.641174316 -965.640808105 -303.200683594 -913.395812988 870.648193359 -499.273559570
456.839447021 -318.127197266 97.705390930 465.941650391 245.321762085 455.978149414 -470.101165771 73.770202637 -433.071655273 274.938323975 -164.880371094 -484.798217773 -303.357635498 -344.607360840 440.661712646 -35.377319336 389.334045410 -307.871246338 56.697048187 466.252807617 198.746292114 435.197845459 -494.968963623 66.167785645 -464.341064453 234.304550171 -189.234268188 -542.026611328 -301.700286865 -374.915069580 458.235107422 -87.855712891 435.182495117 -355.575836182 100.964332581 420.670104980 258.844482422 433.964050293 -440.266387939 54.739433289 996.781372070 -416.148315430 479.119293213 870.658142090 184.826675415 952.177001953 -1000.117675781 547.645874023 -1090.276245117 264.932708740 -680.341796875 -965.192138672 -303.596801758 -912.277282715 870.174438477 -498.030761719
458.167083740 -318.985748291 98.265205383 467.454467773 245.872528076 457.437225342 -471.754547119 74.356910706 -434.612121582 275.545654297 -165.552337646 -486.457946777 -303.994567871 -346.230926514 442.243438721 -35.976486206 390.886779785 -308.751220703 57.444908142 467.780456543 199.513229370 436.664489746 -496.565093994 66.802787781 -465.731170654 235.056579590 -189.857925415 -543.528015137 -302.350463867 -376.428588867 459.733245850 -88.231094360 436.641967773 -356.284362793 101.476966858 422.315582275 259.326110840 435.541992188 -441.993774414 55.374633789 995.662475586 -416.344177246 478.104858398 870.157653809 185.449142456 950.920898438 -999.573486328 546.572326660 -1089.137451172 265.368377686 -679.052856445 -964.721130371 -303.968627930 -911.153930664 869.679870605 -496.802307129
459.501220703 -319.823577881 98.844505310 468.958618164 246.405563354 458.908905029 -473.398651123 74.962890625 -436.164672852 276.135131836 -166.243927002 -488.110565186 -304.610809326 -347.860717773 443.821441650 -36.597030640 392.446472168 -309.610992432 58.211933136 469.298675537 200.263824463 438.144989014 -498.151214600 67.456726074 -467.134063721 235.791793823 -190.500900269 -545.021606445 -302.979827881 -377.948150635 461.228363037 -88.627593994 438.106506348 -356.971923828 102.009544373 423.953643799 259.789489746 437.132629395 -443.712097168 56.029174805 994.540161133 -416.515777588 477.104736328 869.636901855 186.047622681 949.657897949 -999.008422852 545.511718750 -1087.994140625 265.779602051 -677.774536133 -964.227905273 -304.316131592 -910.026000977 869.164794922 -495.588439941
460.841705322 -320.640258789 99.443450928 470.453521729 246.920272827 460.392974854 -475.032989502 75.588317871 -437.728973389 276.706207275 -166.955352783 -489.755523682 -305.205932617 -349.496459961 445.395080566 -37.239139557 394.013000488 -310.450134277 58.998245239 470.806976318 200.997467041 439.639160156 -499.726867676 68.129760742 -468.549591064 236.509582520 -191.163406372 -546.506713867 -303.587951660 -379.473541260 462.719757080 -89.045463562 439.575927734 -357.638122559 102.562278748 425.583740234 260.234100342 438.735565186 -445.420928955 56.703235626 993.414611816 -416.663055420 476.118988037 869.096435547 186.622009277 948.388549805 -998.422607422 544.464355469 -1086.846435547 266.166290283 -676.507263184 -963.712646484 -304.639312744 -908.893798828 868.629272461 -494.389343262
462.188415527 -321.435333252 100.062171936 471.938720703 247.416107178 461.889160156 -476.657104492 76.233345032 -439.304779053 277.258300781 -167.686767578 -491.392181396 -305.779571533 -351.137939453 446.963684082 -37.902931213 395.586273193 -311.268218994 59.803943634 472.304809570 201.713516235 441.146636963 -501.291534424 68.822013855 -469.977447510 237.209381104 -191.845581055 -547.982727051 -304.174468994 -381.004486084 464.206848145 -89.484893799 441.050109863 -358.282531738 103.135314941 427.205413818 260.659332275 440.350494385 -447.119781494 57.396976471 992.286376953 -416.785949707 475.147491455 868.537170410 187.172210693 947.113098145 -997.816284180 543.430541992 -1085.694824219 266.528411865 -675.251281738 -963.175537109 -304.938140869 -907.757507324 868.073669434 -493.205230713
463.541229248 -322.208465576 100.700767517 473.413757324 247.892547607 463.397003174 -478.270568848 76.898071289 -440.891632080 277.790893555 -168.438262939 -493.019989014 -306.331329346 -352.784820557 448.526550293 -38.588478088 397.166168213 -312.064910889 60.629085541 473.791748047 202.411376953 442.667083740 -502.844879150 69.533584595 -471.417327881 237.890609741 -192.547500610 -549.449218750 -304.738983154 -382.540740967 465.688964844 -89.946022034 442.528961182 -358.904876709 103.728782654 428.818145752 261.064697266 441.976898193 -448.808288574 58.110496521 991.155822754 -416.884429932 474.190002441 867.960083008 187.698165894 945.831909180 -997.189575195 542.410522461 -1084.539916992 266.865905762 -674.006896973 -962.616638184 -305.212585449 -906.617553711 867.498046875 -492.036315918
464.900024414 -322.959411621 101.359321594 474.878234863 248.349090576 464.916107178 -479.873016357 77.582580566 -442.489166260 278.303497314 -169.209915161 -494.638366699 -306.860961914 -354.436920166 450.083007812 -39.295806885 398.752532959 -312.839843750 61.473712921 475.267333984 203.090499878 444.200042725 -504.386444092 70.264541626 -472.868896484 238.552749634 -193.269210815 -550.905456543 -305.281250000 -384.082061768 467.165527344 -90.428939819 444.012298584 -359.504852295 104.342758179 430.421539307 261.449707031 443.614288330 -450.486022949 58.843891144 990.023376465 -416.959259033 473.246368408 867.365966797 188.199829102 944.545410156 -996.543090820 541.404296875 -1083.381958008 267.179229736 -672.774414062 -962.036315918 -305.462615967 -905.474121094 866.902648926 -490.882751465
466.264739990 -323.687866211 102.037887573 476.331817627 248.785263062 466.445983887 -481.464080811 78.286933899 -444.096923828 278.795684814 -170.001708984 -496.246765137 -307.368164062 -356.093963623 451.632415771 -40.024894714 400.345245361 -313.592803955 62.337852478 476.731201172 203.750320435 445.745025635 -505.915954590 71.014915466 -474.331756592 239.195327759 -194.010726929 -552.351013184 -305.800994873 -385.628204346 468.635833740 -90.933708191 445.500061035 -360.082244873 104.977333069 432.015228271 261.813903809 445.262054443 -452.152648926 59.597217560 988.889465332 -417.011291504 472.316284180 866.755676270 188.677124023 943.253845215 -995.877868652 540.411743164 -1082.221801758 267.469085693 -671.554199219 -961.434570312 -305.688232422 -904.327636719 866.287719727 -489.744781494
467.635284424 -324.393646240 102.736511230 477.774139404 249.200653076 467.986114502 -483.043457031 79.011169434 -445.714447021 279.267028809 -170.813674927 -497.844665527 -307.852691650 -357.755706787 453.174072266 -40.775691986 401.944244385 -314.323516846 63.221519470 478.182952881 204.390335083 447.301513672 -507.433013916 71.784751892 -475.805541992 239.817871094 -194.772018433 -553.785400391 -306.298004150 -387.178985596 470.099365234 -91.460350037 446.992187500 -360.636840820 105.632553101 433.598815918 262.156860352 446.919616699 -453.807800293 60.370517731 987.754577637 -417.041320801 471.399536133 866.130004883 189.129989624 941.957641602 -995.194702148 539.432556152 -1081.059692383 267.736206055 -670.346496582 -960.811645508 -305.889404297 -903.178344727 865.653442383 -488.622558594
469.011566162 -325.076568604 103.455238342 479.204986572 249.594818115 469.535949707 -484.610809326 79.755310059 -447.341278076 279.717132568 -171.645736694 -499.431549072 -308.314361572 -359.421936035 454.707336426 -41.548130035 403.549407959 -315.031768799 64.124717712 479.622344971 205.010086060 448.869018555 -508.937408447 72.574058533 -477.289855957 240.419982910 -195.553054810 -555.208007812 -306.772033691 -388.734222412 471.555480957 -92.008865356 448.488586426 -361.168487549 106.308479309 435.172027588 262.478210449 448.586364746 -455.451202393 61.163822174 986.618957520 -417.050170898 470.495819092 865.489685059 189.558425903 940.657043457 -994.494506836 538.466491699 -1079.896362305 267.981323242 -669.151611328 -960.167785645 -306.066131592 -902.026611328 865.000000000 -487.516296387
470.393585205 -325.736572266 104.194114685 480.624114990 249.967407227 471.094970703 -486.165954590 80.519386292 -448.976989746 280.145660400 -172.497879028 -501.006988525 -308.752990723 -361.092468262 456.231689453 -42.342105865 405.160644531 -315.717437744 65.047454834 481.049041748 205.609115601 450.447021484 -510.428863525 73.382858276 -478.784332275 241.001281738 -196.353759766 -556.618530273 -307.222961426 -390.293701172 473.003662109 -92.579231262 449.989196777 -361.677062988 107.005142212 436.734619141 262.777557373 450.261657715 -457.082611084 61.977149963 985.482910156 -417.038604736 469.604858398 864.835449219 189.962356567 939.352416992 -993.778137207 537.513305664 -1078.732055664 268.205078125 -667.969604492 -959.503601074 -306.219238281 -900.872863770 864.328002930 -486.425903320
471.781341553 -326.373474121 104.953170776 482.031341553 250.318084717 472.662628174 -487.708587646 81.303405762 -450.621124268 280.552307129 -173.370010376 -502.570526123 -309.168426514 -362.767089844 457.746490479 -43.157520294 406.777954102 -316.380340576 65.989738464 482.462829590 206.187042236 452.034973145 -511.907165527 74.211151123 -480.288604736 241.561447144 -197.174087524 -558.016418457 -307.650634766 -391.857269287 474.443389893 -93.171394348 451.494049072 -362.162445068 107.722587585 438.286376953 263.054595947 451.944885254 -458.701751709 62.810512543 984.346801758 -417.007385254 468.726379395 864.167968750 190.341751099 938.044128418 -993.046386719 536.572631836 -1077.567260742 268.408203125 -666.800354004 -958.820007324 -306.349517822 -899.717529297 863.638427734 -485.351165771
473.174804688 -326.987274170 105.732452393 483.426452637 250.646530151 474.238372803 -489.238616943 82.107376099 -452.273315430 280.936767578 -174.262084961 -504.121734619 -309.560485840 -364.445678711 459.251251221 -43.994258881 408.401245117 -317.020385742 66.951568604 483.863494873 206.743515015 453.632385254 -513.372131348 75.058937073 -481.802368164 242.100158691 -198.013931274 -559.401367188 -308.054962158 -393.424835205 475.874206543 -93.785308838 453.003112793 -362.624511719 108.460853577 439.827117920 263.309082031 453.635467529 -460.308441162 63.663913727 983.210876465 -416.957244873 467.860046387 863.487915039 190.696594238 936.732421875 -992.299987793 535.644165039 -1076.402343750 268.591400146 -665.643615723 -958.118041992 -306.457794189 -898.560974121 862.932128906 -484.291748047
474.574005127 -327.577880859 106.531990051 484.809417725 250.952468872 475.821716309 -490.755767822 82.931304932 -453.933166504 281.298828125 -175.174026489 -505.660339355 -309.929138184 -366.128082275 460.745513916 -44.852207184 410.030487061 -317.637451172 67.932945251 485.250823975 207.278182983 455.238769531 -514.823608398 75.926231384 -483.325317383 242.617172241 -198.873245239 -560.773071289 -308.435760498 -394.996276855 477.295684814 -94.420928955 454.516387939 -363.063232422 109.219963074 441.356719971 263.540710449 455.332824707 -461.902465820 64.537361145 982.075317383 -416.888946533 467.005554199 862.796020508 191.026855469 935.417724609 -991.539733887 534.727722168 -1075.237548828 268.755340576 -664.499206543 -957.398437500 -306.544830322 -897.403503418 862.209899902 -483.247344971
475.979003906 -328.145263672 107.351829529 486.180023193 251.235671997 477.412109375 -492.259979248 83.775192261 -455.600311279 281.638275146 -176.105758667 -507.186004639 -310.274230957 -367.814178467 462.228851318 -45.731258392 411.665649414 -318.231445312 68.933868408 486.624664307 207.790771484 456.853668213 -516.261413574 76.813026428 -484.857147217 243.112243652 -199.751937866 -562.131164551 -308.793029785 -396.571472168 478.707489014 -95.078201294 456.033843994 -363.478515625 109.999961853 442.875000000 263.749267578 457.036376953 -463.483703613 65.430847168 980.940307617 -416.803131104 466.162628174 862.092712402 191.332687378 934.100341797 -990.766174316 533.822814941 -1074.073120117 268.900634766 -663.366882324 -956.662170410 -306.611419678 -896.245544434 861.472534180 -482.217681885
477.389831543 -328.689392090 108.191993713 487.538208008 251.495880127 479.009124756 -493.751098633 84.639038086 -457.274475098 281.954895020 -177.057235718 -508.698425293 -310.595672607 -369.503875732 463.700897217 -46.631324768 413.306732178 -318.802307129 69.954338074 487.984863281 208.281021118 458.476715088 -517.685485840 77.719322205 -486.397644043 243.585174561 -200.649948120 -563.475463867 -309.126647949 -398.150421143 480.109222412 -95.757064819 457.555541992 -363.870300293 110.800872803 444.381866455 263.934539795 458.745697021 -465.051971436 66.344375610 979.806091309 -416.700500488 465.330902100 861.378723145 191.614837646 932.780700684 -989.980163574 532.929260254 -1072.909423828 269.028015137 -662.246398926 -955.910034180 -306.658294678 -895.087219238 860.720764160 -481.202362061
478.806488037 -329.210205078 109.052520752 488.883880615 251.732940674 480.612274170 -495.228973389 85.522850037 -458.955322266 282.248474121 -178.028396606 -510.197418213 -310.893402100 -371.197113037 465.161346436 -47.552310944 414.953704834 -319.349975586 70.994338989 489.331237793 208.748718262 460.107452393 -519.095642090 78.645103455 -487.946563721 244.035766602 -201.567245483 -564.805664062 -309.436553955 -399.733001709 481.500701904 -96.457504272 459.081451416 -364.238525391 111.622718811 445.877197266 264.096405029 460.460235596 -466.607147217 67.277923584 978.672729492 -416.581695557 464.510040283 860.654479980 191.874099731 931.459350586 -989.182128906 532.046691895 -1071.746704102 269.138061523 -661.137512207 -955.142700195 -306.686157227 -893.928894043 859.955383301 -480.201110840
480.229034424 -329.707733154 109.933425903 490.216949463 251.946640015 482.221221924 -496.693481445 86.426605225 -460.642639160 282.518920898 -179.019195557 -511.682800293 -311.167358398 -372.893737793 466.609924316 -48.494144440 416.606506348 -319.874389648 72.053855896 490.663635254 209.193664551 461.745574951 -520.491760254 79.590354919 -489.503723145 244.463867188 -202.503753662 -566.121704102 -309.722717285 -401.319213867 482.881652832 -97.179466248 460.611541748 -364.583160400 112.465522766 447.360900879 264.234649658 462.179626465 -468.149078369 68.231491089 977.540466309 -416.447387695 463.699768066 859.920593262 192.111251831 930.136718750 -988.372802734 531.174743652 -1070.584960938 269.231414795 -660.039916992 -954.360961914 -306.695739746 -892.770751953 859.177062988 -479.213531494
481.657440186 -330.181915283 110.834716797 491.537231445 252.136871338 483.835571289 -498.144561768 87.350280762 -462.336090088 282.766052246 -180.029602051 -513.154357910 -311.417480469 -374.593750000 468.046356201 -49.456768036 418.265106201 -320.375457764 73.132858276 491.981933594 209.615692139 463.390777588 -521.873718262 80.555061340 -491.068908691 244.869323730 -203.459442139 -567.423339844 -309.985076904 -402.909027100 484.251892090 -97.922943115 462.145812988 -364.904113770 113.329292297 448.832885742 264.349182129 463.903472900 -469.677642822 69.205039978 976.409362793 -416.298126221 462.899780273 859.177490234 192.327011108 928.813049316 -987.552734375 530.313110352 -1069.424682617 269.308654785 -658.953430176 -953.565612793 -306.687744141 -891.612976074 858.386474609 -478.239288330
483.091735840 -330.632751465 111.756378174 492.844665527 252.303466797 485.455017090 -499.582031250 88.293861389 -464.035522461 282.989746094 -181.059585571 -514.611938477 -311.643737793 -376.297058105 469.470458984 -50.440124512 419.929473877 -320.853149414 74.231292725 493.285919189 210.014663696 465.042816162 -523.241455078 81.539184570 -492.641998291 245.251983643 -204.434295654 -568.710449219 -310.223571777 -404.502349854 485.611297607 -98.687927246 463.684173584 -365.201354980 114.214027405 450.293029785 264.439849854 465.631439209 -471.192718506 70.198554993 975.279541016 -416.134521484 462.109680176 858.425659180 192.522125244 927.488769531 -986.722412109 529.461486816 -1068.265747070 269.370391846 -657.877685547 -952.757202148 -306.662811279 -890.455810547 857.584167480 -477.278015137
484.531890869 -331.060119629 112.698387146 494.139068604 252.446319580 487.079254150 -501.005798340 89.257308960 -465.740631104 283.189880371 -182.109115601 -516.055480957 -311.846008301 -378.003601074 470.882049561 -51.444171906 421.599487305 -321.307403564 75.349105835 494.575439453 210.390441895 466.701477051 -524.594726562 82.542671204 -494.222778320 245.611740112 -205.428283691 -569.982910156 -310.438171387 -406.099182129 486.959686279 -99.474403381 465.226562500 -365.474822998 115.119705200 451.741149902 264.506591797 467.363220215 -472.694122314 71.211975098 974.151062012 -415.957153320 461.329223633 857.665588379 192.697326660 926.164245605 -985.882385254 528.619628906 -1067.108398438 269.417205811 -656.812438965 -951.936401367 -306.621612549 -889.299316406 856.770751953 -476.329345703
485.977783203 -331.464050293 113.660705566 495.420257568 252.565338135 488.708068848 -502.415679932 90.240554810 -467.451232910 283.366333008 -183.178146362 -517.484863281 -312.024291992 -379.713256836 472.280944824 -52.468872070 423.275054932 -321.738128662 76.486221313 495.850280762 210.742935181 468.366607666 -525.933471680 83.565467834 -495.811096191 245.948455811 -206.441375732 -571.240661621 -310.628784180 -407.699462891 488.296966553 -100.282386780 466.772827148 -365.724456787 116.046302795 453.177124023 264.549285889 469.098602295 -474.181762695 72.245254517 973.024047852 -415.766571045 460.558074951 856.897644043 192.853286743 924.839599609 -985.033142090 527.787048340 -1065.952880859 269.449645996 -655.757385254 -951.103820801 -306.564727783 -888.143615723 855.946899414 -475.392913818
487.429321289 -331.844451904 114.643249512 496.688079834 252.660400391 490.341247559 -503.811523438 91.243537903 -469.167083740 283.519012451 -184.266677856 -518.899841309 -312.178497314 -381.425933838 473.667022705 -53.514190674 424.956085205 -322.145294189 77.642517090 497.110260010 211.072052002 470.038024902 -527.257507324 84.607490540 -497.406738281 246.262008667 -207.473526001 -572.483520508 -310.795410156 -409.303070068 489.623016357 -101.111877441 468.322875977 -365.950195312 116.993766785 454.600769043 264.567840576 470.837280273 -475.655456543 73.298324585 971.898498535 -415.563262939 459.795928955 856.122253418 192.990722656 923.515197754 -984.175170898 526.963562012 -1064.799072266 269.468200684 -654.712219238 -950.260070801 -306.492767334 -886.988952637 855.113037109 -474.468383789
488.886413574 -332.201232910 115.645935059 497.942291260 252.731445312 491.978546143 -505.193176270 92.266181946 -470.887908936 283.647796631 -185.374649048 -520.300476074 -312.308624268 -383.141540527 475.040069580 -54.580085754 426.642364502 -322.528778076 78.817886353 498.355133057 211.377700806 471.715637207 -528.566650391 85.668640137 -499.009552002 246.552291870 -208.524719238 -573.711425781 -310.937957764 -410.909942627 490.937713623 -101.962867737 469.876495361 -366.151947021 117.962020874 456.011901855 264.562194824 472.579040527 -477.114990234 74.371093750 970.774475098 -415.347778320 459.042480469 855.339782715 193.110275269 922.191162109 -983.308837891 526.148864746 -1063.647216797 269.473480225 -653.676696777 -949.405700684 -306.406341553 -885.835327148 854.269775391 -473.555358887
490.348815918 -332.534393311 116.668632507 499.182647705 252.778366089 493.619781494 -506.560424805 93.308364868 -472.613464355 283.752624512 -186.502029419 -521.686523438 -312.414581299 -384.859863281 476.399993896 -55.666515350 428.333770752 -322.888580322 80.012168884 499.584686279 211.659805298 473.399322510 -529.860656738 86.748802185 -500.619293213 246.819183350 -209.594879150 -574.924194336 -311.056396484 -412.519897461 492.240936279 -102.835350037 471.433471680 -366.329681396 118.950973511 457.410278320 264.532287598 474.323730469 -478.560180664 75.463470459 969.652038574 -415.120574951 458.297454834 854.550598145 193.212615967 920.867797852 -982.434570312 525.342590332 -1062.497192383 269.465911865 -652.650451660 -948.541198730 -306.305969238 -884.682922363 853.417480469 -472.653503418
491.816375732 -332.843780518 117.711204529 500.408905029 252.801086426 495.264801025 -507.913055420 94.369972229 -474.343505859 283.833404541 -187.648742676 -523.057861328 -312.496337891 -386.580810547 477.746612549 -56.773418427 430.030059814 -323.224578857 81.225196838 500.798614502 211.918289185 475.088958740 -531.139282227 87.847831726 -502.235748291 247.062576294 -210.683959961 -576.121643066 -311.150665283 -414.132843018 493.532592773 -103.729324341 472.993560791 -366.483306885 119.960517883 458.795654297 264.477996826 476.071105957 -479.990875244 76.575332642 968.531188965 -414.882110596 457.560546875 853.755065918 193.298355103 919.545227051 -981.552856445 524.544494629 -1061.349365234 269.446014404 -651.633300781 -947.667053223 -306.192260742 -883.531677246 852.556701660 -471.762481689
493.288787842 -333.129394531 118.773460388 501.620758057 252.799545288 496.913391113 -509.250823975 95.450859070 -476.077728271 283.890014648 -188.814743042 -524.414306641 -312.553802490 -388.304107666 479.079711914 -57.900726318 431.730987549 -323.536712646 82.456771851 501.996704102 212.153076172 476.784484863 -532.402404785 88.965576172 -503.858642578 247.282363892 -211.791870117 -577.303710938 -311.220672607 -415.748535156 494.812469482 -104.644744873 474.556457520 -366.612792969 120.990509033 460.167816162 264.399322510 477.820983887 -481.406768799 77.706535339 967.412048340 -414.632873535 456.831451416 852.953552246 193.368103027 918.223571777 -980.663940430 523.754272461 -1060.203491211 269.414245605 -650.624877930 -946.783752441 -306.065673828 -882.381774902 851.687866211 -470.881927490
494.765808105 -333.391082764 119.855201721 502.817871094 252.773651123 498.565368652 -510.573516846 96.550857544 -477.815795898 283.922393799 -189.999893188 -525.755798340 -312.586975098 -390.029602051 480.399108887 -59.048351288 433.436309814 -323.824890137 83.706665039 503.178619385 212.364105225 478.485748291 -533.649719238 90.101844788 -505.487701416 247.478424072 -212.918502808 -578.470214844 -311.266448975 -417.366760254 496.080413818 -105.581565857 476.121856689 -366.718048096 122.040779114 461.526397705 264.296173096 479.573150635 -482.807708740 78.856933594 966.294494629 -414.373260498 456.109924316 852.146240234 193.422454834 916.903076172 -979.768249512 522.971618652 -1059.059814453 269.371063232 -649.624938965 -945.891784668 -305.926727295 -881.233276367 850.811401367 -470.011474609
496.247070312 -333.628784180 120.956207275 503.999969482 252.723342896 500.220489502 -511.880859375 97.669799805 -479.557373047 283.930480957 -191.204116821 -527.082031250 -312.595794678 -391.756988525 481.704620361 -60.216182709 435.145690918 -324.089050293 84.974639893 504.344085693 212.551269531 480.192657471 -534.880920410 91.256446838 -507.122589111 247.650650024 -214.063720703 -579.620849609 -311.287872314 -418.987243652 497.336212158 -106.539710999 477.689422607 -366.799011230 123.110939026 462.871337891 264.168487549 481.327362061 -484.193389893 80.026359558 965.178649902 -414.103698730 455.395660400 851.333557129 193.461990356 915.583740234 -978.866149902 522.196228027 -1057.918212891 269.316894531 -648.633178711 -944.991577148 -305.775909424 -880.086120605 849.927734375 -469.150848389
497.732269287 -333.842437744 122.076210022 505.166656494 252.648544312 501.878570557 -513.172607422 98.807472229 -481.302093506 283.914184570 -192.427261353 -528.392883301 -312.580230713 -393.485992432 482.996002197 -61.404094696 436.858856201 -324.329315186 86.260429382 505.492767334 212.714538574 481.905029297 -536.095825195 92.429153442 -508.762939453 247.798950195 -215.227371216 -580.755493164 -311.284912109 -420.609741211 498.579620361 -107.519088745 479.258758545 -366.855682373 124.200134277 464.202819824 264.016204834 483.083343506 -485.563598633 81.214614868 964.064453125 -413.824584961 454.688446045 850.515686035 193.487258911 914.265686035 -977.957946777 521.427917480 -1056.778808594 269.252197266 -647.649353027 -944.083496094 -305.613677979 -878.940429688 849.037109375 -468.299652100
499.220916748 -334.032257080 123.214942932 506.317626953 252.549224854 503.539337158 -514.448425293 99.963653564 -483.049591064 283.873504639 -193.669174194 -529.688110352 -312.540252686 -395.216278076 484.272949219 -62.611927032 438.575347900 -324.546264648 87.563751221 506.624420166 212.853790283 483.622711182 -537.294067383 93.619735718 -510.408416748 247.923233032 -216.409271240 -581.873840332 -311.257568359 -422.233886719 499.810394287 -108.519577026 480.829467773 -366.888000488 125.307174683 465.521362305 263.839324951 484.840850830 -486.918060303 82.421447754 962.951904297 -413.536315918 453.987976074 849.692932129 193.498809814 912.949035645 -977.043884277 520.666442871 -1055.641479492 269.177368164 -646.673217773 -943.167968750 -305.440490723 -877.796203613 848.140014648 -467.457580566
500.712554932 -334.198913574 124.371711731 507.452911377 252.425292969 505.202453613 -515.708129883 101.138008118 -484.799468994 283.808319092 -194.929672241 -530.967407227 -312.475799561 -396.947570801 485.535278320 -63.839496613 440.294708252 -324.740966797 88.884292603 507.738677979 212.968978882 485.345458984 -538.475402832 94.827926636 -512.058593750 248.023391724 -217.609191895 -582.975646973 -311.205749512 -423.859313965 501.028259277 -109.541023254 482.401153564 -366.895904541 126.430595398 466.827758789 263.637786865 486.599609375 -488.256988525 83.646171570 961.841064453 -413.239227295 453.294006348 848.865539551 193.497131348 911.633911133 -976.124328613 519.911437988 -1054.506469727 269.092773438 -645.704406738 -942.245300293 -305.256805420 -876.653503418 847.236755371 -466.624359131
502.206665039 -334.343658447 125.545448303 508.572937012 252.276733398 506.867645264 -516.952026367 102.329734802 -486.551269531 283.718627930 -196.208557129 -532.230590820 -312.386871338 -398.679443359 486.782623291 -65.086601257 442.016510010 -324.914947510 90.221435547 508.835601807 213.060012817 487.073059082 -539.639587402 96.053466797 -513.713012695 248.099349976 -218.826904297 -584.060668945 -311.129455566 -425.485687256 502.232879639 -110.583244324 483.973358154 -366.879364014 127.568725586 468.123046875 263.411560059 488.359222412 -489.580902100 84.887725830 960.731872559 -412.933685303 452.606323242 848.033813477 193.482757568 910.320312500 -975.199523926 519.162719727 -1053.373535156 268.998779297 -644.742797852 -941.315917969 -305.062957764 -875.512268066 846.327636719 -465.799621582
503.702758789 -334.468048096 126.734779358 509.678527832 252.103469849 508.534515381 -518.180664062 103.537727356 -488.304595947 283.604431152 -197.505584717 -533.477416992 -312.273437500 -400.411590576 488.014709473 -66.353012085 443.740234375 -325.069946289 91.574180603 509.915771484 213.126831055 488.805206299 -540.786499023 97.295753479 -515.371215820 248.151016235 -220.062133789 -585.128540039 -311.028656006 -427.112579346 503.423889160 -111.646018982 485.545654297 -366.838836670 128.719787598 469.408447266 263.160614014 490.119415283 -490.890625000 86.144767761 959.624328613 -412.619995117 451.924682617 847.197875977 193.456146240 909.008300781 -974.269714355 518.420043945 -1052.242797852 268.895812988 -643.788024902 -940.380126953 -304.859436035 -874.372619629 845.412963867 -464.983093262
505.200286865 -334.573852539 127.938133240 510.770843506 251.905517578 510.202697754 -519.394958496 104.760574341 -490.058929443 283.465637207 -198.820526123 -534.707519531 -312.135528564 -402.143554688 489.231231689 -67.638473511 445.465484619 -325.207977295 92.941261292 510.980102539 213.169357300 490.541595459 -541.916748047 98.553840637 -517.032775879 248.178878784 -221.314605713 -586.179016113 -310.903381348 -428.739562988 504.600952148 -112.729125977 487.117645264 -366.775238037 129.881927490 470.685241699 262.884948730 491.879730225 -492.187286377 87.415748596 958.518371582 -412.298553467 451.248809814 846.357971191 193.417785645 907.697937012 -973.335205078 517.683166504 -1051.114257812 268.784149170 -642.839904785 -939.438171387 -304.646545410 -873.234436035 844.493041992 -464.174468994
506.698913574 -334.663177490 129.153778076 511.851257324 251.682815552 511.871795654 -520.596069336 105.996704102 -491.813873291 283.302490234 -200.153121948 -535.920654297 -311.973114014 -403.874938965 490.431823730 -68.942703247 447.191894531 -325.331146240 94.321182251 512.029907227 213.187515259 492.281890869 -543.031188965 99.826461792 -518.697143555 248.183929443 -222.583999634 -587.211791992 -310.753570557 -430.366210938 505.763732910 -113.832275391 488.688995361 -366.690002441 131.053359985 471.954833984 262.584594727 493.639770508 -493.472198486 88.698989868 957.414123535 -411.969604492 450.578552246 845.514343262 193.368103027 906.389282227 -972.396179199 516.951843262 -1049.987915039 268.664184570 -641.898132324 -938.490478516 -304.424713135 -872.097778320 843.568176270 -463.373474121
508.198211670 -334.738098145 130.379928589 512.921325684 251.435379028 513.541320801 -521.785400391 107.244422913 -493.569000244 283.115814209 -201.503067017 -537.116516113 -311.786224365 -405.605377197 491.616180420 -70.265403748 448.919158936 -325.441650391 95.712356567 513.066833496 213.181243896 494.025695801 -544.130920410 101.112144470 -520.363891602 248.167617798 -223.869979858 -588.226501465 -310.579254150 -431.992065430 506.911743164 -114.955192566 490.259429932 -366.584960938 132.232345581 473.218566895 262.259552002 495.399139404 -494.746826172 89.992767334 956.311401367 -411.633483887 449.913665771 844.667175293 193.307540894 905.082275391 -971.452819824 516.225952148 -1048.863647461 268.536224365 -640.962585449 -937.537292480 -304.194244385 -870.962707520 842.638549805 -462.579833984
509.697875977 -334.800842285 131.614822388 513.982727051 251.163223267 515.210876465 -522.964477539 108.501991272 -495.324035645 282.906982422 -202.869934082 -538.294982910 -311.574859619 -407.334381104 492.783966064 -71.606262207 450.647003174 -325.541564941 97.113121033 514.092651367 213.150497437 495.772613525 -545.217468262 102.409278870 -522.032653809 248.131790161 -225.172180176 -589.222900391 -310.380462646 -433.616638184 508.044677734 -116.097549438 491.828765869 -366.462219238 133.417282104 474.477752686 261.909790039 497.157348633 -496.012664795 91.295341492 955.210266113 -411.290466309 449.253906250 843.816650391 193.236526489 903.777038574 -970.505493164 515.505126953 -1047.741455078 268.400573730 -640.032958984 -936.578796387 -303.955505371 -869.829101562 841.704467773 -461.793273926
511.197692871 -334.853485107 132.856750488 515.037109375 250.866333008 516.879882812 -524.134887695 109.767692566 -497.078765869 282.677703857 -204.252853394 -539.456481934 -311.339080811 -409.061523438 493.934783936 -72.964958191 452.375152588 -325.632904053 98.521835327 515.109252930 213.095245361 497.522155762 -546.292480469 103.716201782 -523.703125000 248.078521729 -226.490249634 -590.200561523 -310.157226562 -435.239471436 509.162048340 -117.259010315 493.397003174 -366.324035645 134.606704712 475.733551025 261.535430908 498.913940430 -497.271301270 92.605049133 954.110717773 -410.940795898 448.599151611 842.962890625 193.155441284 902.473571777 -969.554260254 514.789306641 -1046.621337891 268.257507324 -639.109008789 -935.615356445 -303.708831787 -868.697021484 840.766113281 -461.013519287
512.697448730 -334.897979736 134.104125977 516.086120605 250.544784546 518.547851562 -525.298278809 111.039909363 -498.833129883 282.430084229 -205.650665283 -540.601745605 -311.078857422 -410.786407471 495.068359375 -74.341140747 454.103515625 -325.717529297 99.936904907 516.118469238 213.015411377 499.273956299 -547.357727051 105.031242371 -525.375000000 248.010070801 -227.823822021 -591.159301758 -309.909576416 -436.860107422 510.263519287 -118.439216614 494.964080811 -366.172760010 135.799377441 476.987091064 261.136474609 500.668457031 -498.524169922 93.920341492 953.012634277 -410.584777832 447.949127197 842.106140137 193.064697266 901.171813965 -968.599304199 514.078247070 -1045.503295898 268.107360840 -638.190612793 -934.647216797 -303.454498291 -867.566406250 839.823791504 -460.240325928
514.197021484 -334.936126709 135.355468750 517.131286621 250.198577881 520.214294434 -526.456054688 112.317100525 -500.587097168 282.166442871 -207.061996460 -541.731872559 -310.794311523 -412.508575439 496.184326172 -75.734451294 455.831878662 -325.797058105 101.356857300 517.122314453 212.910995483 501.027435303 -548.414855957 106.352783203 -527.048095703 247.928741455 -229.172271729 -592.098999023 -309.637573242 -438.478057861 511.348602295 -119.637794495 496.530090332 -366.010742188 136.994216919 478.239166260 260.713012695 502.420379639 -499.772705078 95.239807129 951.916076660 -410.222656250 447.303680420 841.246520996 192.964630127 899.871826172 -967.640930176 513.371704102 -1044.387207031 267.950378418 -637.277465820 -933.674499512 -303.192840576 -866.437316895 838.877685547 -459.473449707
515.696228027 -334.969512939 136.609542847 518.173950195 249.827804565 521.878662109 -527.609680176 113.597908020 -502.340789795 281.889190674 -208.485305786 -542.848327637 -310.485656738 -414.227661133 497.282318115 -77.144546509 457.560211182 -325.872833252 102.780334473 518.122375488 212.781982422 502.782165527 -549.465698242 107.679321289 -528.722290039 247.836853027 -230.534698486 -593.020202637 -309.341247559 -440.092864990 512.416931152 -120.854354858 498.095184326 -365.840209961 138.190414429 479.490570068 260.265075684 504.169219971 -501.018096924 96.562210083 950.821044922 -409.854644775 446.662628174 840.384155273 192.855636597 898.573608398 -966.679260254 512.669555664 -1043.273193359 267.786834717 -636.369445801 -932.697570801 -302.924133301 -865.309631348 837.927917480 -458.712646484
517.195068359 -334.999450684 137.865234375 519.215332031 249.432510376 523.540405273 -528.760437012 114.881149292 -504.094329834 281.600738525 -209.918945312 -543.952819824 -310.153778076 -415.943359375 498.362060547 -78.571044922 459.288360596 -325.946044922 104.206169128 519.120239258 212.628356934 504.537658691 -550.511901855 109.009460449 -530.397583008 247.736557007 -231.909881592 -593.923889160 -309.021148682 -441.704132080 513.468139648 -122.088508606 499.659484863 -365.663238525 139.387329102 480.741790771 259.792785645 505.914459229 -502.261413574 97.886505127 949.727416992 -409.480987549 446.025817871 839.519226074 192.738037109 897.277099609 -965.714416504 511.971588135 -1042.161132812 267.617004395 -635.466308594 -931.716491699 -302.648620605 -864.183471680 836.974792480 -457.957672119
518.693481445 -335.026977539 139.121704102 520.256347656 249.012786865 525.198974609 -529.909301758 116.165824890 -505.847930908 281.303405762 -211.361297607 -545.047058105 -309.800170898 -417.655609131 499.423217773 -80.013595581 461.016326904 -326.017456055 105.633346558 520.117309570 212.450119019 506.293334961 -551.554870605 110.342002869 -532.073852539 247.629867554 -233.296463013 -594.811462402 -308.678344727 -443.311614990 514.501831055 -123.339851379 501.223205566 -365.481689453 140.584564209 481.993164062 259.296234131 507.655639648 -503.503509521 99.211853027 948.635253906 -409.101928711 445.393035889 838.651855469 192.612167358 895.982360840 -964.746582031 511.277679443 -1041.051025391 267.441101074 -634.567871094 -930.731628418 -302.366607666 -863.058654785 836.018371582 -457.208343506
520.191406250 -335.052917480 140.378265381 521.297729492 248.568725586 526.853942871 -531.057189941 117.451148987 -507.601806641 280.999389648 -212.810745239 -546.132873535 -309.426696777 -419.364410400 500.465515137 -81.471824646 462.744079590 -326.087707520 107.061065674 521.114562988 212.247283936 508.048767090 -552.595886230 111.675910950 -533.751037598 247.518585205 -234.692947388 -595.684631348 -308.314514160 -444.915283203 515.517578125 -124.607971191 502.786437988 -365.297210693 141.781921387 483.244842529 258.775482178 509.392272949 -504.745056152 100.537628174 947.544433594 -408.717651367 444.764160156 837.782226562 192.478347778 894.689331055 -963.775878906 510.587615967 -1039.942749023 267.259368896 -633.674011230 -929.743041992 -302.078369141 -861.935302734 835.058959961 -456.464385986
521.688842773 -335.077789307 141.634475708 522.339965820 248.100418091 528.504638672 -532.204772949 118.736541748 -509.356201172 280.690673828 -214.265792847 -547.212097168 -309.035522461 -421.070007324 501.488922119 -82.945159912 464.471618652 -326.157073975 108.488708496 522.112915039 212.019882202 509.803405762 -553.635986328 113.010337830 -535.429199219 247.404205322 -236.097808838 -596.545288086 -307.931671143 -446.515258789 516.515380859 -125.892211914 504.349395752 -365.111083984 142.979324341 484.496856689 258.230682373 511.123840332 -505.986541748 101.863395691 946.455017090 -408.328399658 444.138977051 836.910339355 192.336898804 893.398071289 -962.802551270 509.901245117 -1038.836303711 267.072052002 -632.784423828 -928.750976562 -301.784088135 -860.813293457 834.096618652 -455.725646973
523.185791016 -335.101806641 142.890090942 523.383361816 247.607986450 530.150634766 -533.352355957 120.021614075 -511.111267090 280.378936768 -215.725021362 -548.286376953 -308.629150391 -422.772705078 502.494079590 -84.432647705 466.198944092 -326.225708008 109.915863037 523.112915039 211.767929077 511.556762695 -554.675964355 114.344657898 -537.108276367 247.287979126 -237.509536743 -597.395568848 -307.532135010 -448.111755371 517.495788574 -127.191490173 505.912170410 -364.924346924 144.176940918 485.749114990 257.661926270 512.849853516 -507.228149414 103.188919067 945.366943359 -407.934295654 443.517425537 836.036376953 192.188095093 892.108459473 -961.826660156 509.218444824 -1037.731811523 266.879364014 -631.899047852 -927.755615234 -301.484039307 -859.692687988 833.131530762 -454.991882324
524.682250977 -335.125091553 144.145019531 524.427978516 247.091522217 531.791442871 -534.500305176 121.306175232 -512.867248535 280.065643311 -217.187210083 -549.357360840 -308.210021973 -424.472900391 503.482116699 -85.933052063 467.926086426 -326.293457031 111.342277527 524.114807129 211.491485596 513.308349609 -555.716491699 115.678421021 -538.788269043 247.170852661 -238.926696777 -598.237487793 -307.118347168 -449.705200195 518.459777832 -128.504470825 507.474853516 -364.737731934 145.374969482 487.001342773 257.069335938 514.569946289 -508.470031738 104.514137268 944.280151367 -407.535614014 442.899261475 835.160461426 192.032226562 890.820495605 -960.848266602 508.539031982 -1036.628906250 266.681488037 -631.017700195 -926.757080078 -301.178436279 -858.573364258 832.163879395 -454.262908936
526.178283691 -335.147460938 145.399353027 525.473815918 246.551177979 533.426513672 -535.648620605 122.590187073 -514.624206543 279.751892090 -218.651290894 -550.426330566 -307.780731201 -426.171112061 504.454589844 -87.444938660 469.653106689 -326.360107422 112.767890930 525.118835449 211.190582275 515.057617188 -556.757812500 117.011360168 -540.469116211 247.053436279 -240.347930908 -599.073120117 -306.692871094 -451.296020508 519.408935547 -129.829574585 509.037506104 -364.551666260 146.573791504 488.253295898 256.453002930 516.283569336 -509.712097168 105.839126587 943.194641113 -407.132476807 442.284423828 834.282714844 191.869567871 889.534240723 -959.867614746 507.862884521 -1035.527954102 266.478637695 -630.140197754 -925.755554199 -300.867492676 -857.455383301 831.193725586 -453.538543701
527.673950195 -335.168670654 146.653320312 526.520507812 245.987060547 535.055358887 -536.797180176 123.873771667 -516.382202148 279.438476562 -220.116394043 -551.494506836 -307.343688965 -427.867858887 505.413421631 -88.966758728 471.380004883 -326.425231934 114.192771912 526.124755859 210.865982056 516.804382324 -557.800048828 118.343391418 -542.150817871 246.936126709 -241.772003174 -599.904418945 -306.258239746 -452.884796143 520.344970703 -131.165130615 510.600158691 -364.366394043 147.773773193 489.504547119 255.813125610 517.990356445 -510.954162598 107.164093018 942.110412598 -406.725067139 441.672729492 833.403198242 191.700378418 888.249633789 -958.884826660 507.189849854 -1034.428588867 266.271026611 -629.266357422 -924.751159668 -300.551422119 -856.338684082 830.221313477 -452.818603516
529.169250488 -335.188232422 147.907226562 527.567687988 245.399307251 536.677551270 -537.945800781 125.157165527 -518.141418457 279.125915527 -221.581832886 -552.562744141 -306.901153564 -429.563629150 506.360778809 -90.496902466 473.106903076 -326.488342285 115.617141724 527.132324219 210.519012451 518.548278809 -558.843261719 119.674575806 -543.833374023 246.819000244 -243.197860718 -600.733093262 -305.816772461 -454.472076416 521.269897461 -132.509399414 512.162841797 -364.181793213 148.975357056 490.754760742 255.149795532 519.689880371 -512.195922852 108.489356995 941.027404785 -406.313568115 441.064056396 832.522033691 191.524902344 886.966613770 -957.899902344 506.519805908 -1033.330932617 266.058807373 -628.396118164 -923.744079590 -300.230407715 -855.223266602 829.246704102 -452.102905273
530.664184570 -335.205718994 149.161468506 528.615051270 244.788040161 538.292663574 -539.094116211 126.440689087 -519.901794434 278.814392090 -223.047134399 -553.631774902 -306.455200195 -431.258941650 507.298889160 -92.033767700 474.833831787 -326.548919678 117.041290283 528.141174316 210.151519775 520.289428711 -559.887145996 121.005104065 -545.516723633 246.701980591 -244.624588013 -601.560668945 -305.370727539 -456.058380127 522.185852051 -133.860671997 513.725585938 -363.997680664 150.179016113 492.003479004 254.463150024 521.381713867 -513.436950684 109.815284729 939.945556641 -405.898132324 440.458282471 831.639282227 191.343399048 885.685180664 -956.913024902 505.852661133 -1032.234863281 265.842163086 -627.529296875 -922.734436035 -299.904663086 -854.109069824 828.269958496 -451.391296387
532.158935547 -335.220550537 150.416503906 529.661987305 244.153442383 539.900268555 -540.241760254 127.724746704 -521.663269043 278.503906250 -224.511962891 -554.701904297 -306.007629395 -432.954254150 508.230072021 -93.575820923 476.560821533 -326.606414795 118.465606689 529.150756836 209.765686035 522.027832031 -560.931396484 122.335258484 -547.200805664 246.584732056 -246.051452637 -602.388305664 -304.922058105 -457.644226074 523.095031738 -135.217330933 515.288269043 -363.813568115 151.385162354 493.250366211 253.753707886 523.065551758 -514.676940918 111.142303467 938.864929199 -405.478912354 439.855316162 830.755065918 191.156097412 884.405334473 -955.924255371 505.188232422 -1031.140380859 265.621307373 -626.665710449 -921.722290039 -299.574340820 -852.996093750 827.291320801 -450.683624268
533.653442383 -335.232177734 151.672790527 530.708007812 243.496307373 541.500183105 -541.388305664 129.009750366 -523.425842285 278.194213867 -225.976226807 -555.773376465 -305.559875488 -434.649902344 509.156555176 -95.121635437 478.287963867 -326.660278320 119.890502930 530.160461426 209.363952637 523.763916016 -561.975646973 123.665412903 -548.885620117 246.466812134 -247.477890015 -603.217041016 -304.472412109 -459.230072021 523.999511719 -136.577804565 516.850952148 -363.628967285 152.594192505 494.495025635 253.022598267 524.741577148 -515.915405273 112.470840454 937.785400391 -405.056030273 439.255004883 829.869384766 190.963211060 883.126953125 -954.933715820 504.526458740 -1030.047485352 265.396331787 -625.805236816 -920.707885742 -299.239654541 -851.884277344 826.310791016 -449.979675293
535.147827148 -335.240051270 152.930770874 531.752624512 242.818099976 543.092651367 -542.533203125 130.296157837 -525.189392090 277.884857178 -227.439926147 -556.846191406 -305.113098145 -436.346191406 510.080352783 -96.669898987 480.015289307 -326.709991455 121.316436768 531.169738770 208.948944092 525.497985840 -563.019287109 124.995979309 -550.571044922 246.347671509 -248.903518677 -604.047485352 -304.023162842 -460.816314697 524.901306152 -137.940750122 518.413513184 -363.443267822 153.806427002 495.737182617 252.271514893 526.410156250 -517.151977539 113.801315308 936.707031250 -404.629669189 438.657257080 828.982421875 190.764953613 881.850158691 -953.941528320 503.867187500 -1028.956176758 265.167449951 -624.947814941 -919.691284180 -298.900756836 -850.773620605 825.328491211 -449.279357910
536.642028809 -335.243743896 154.190872192 532.795288086 242.120712280 544.678039551 -543.676147461 131.584365845 -526.953796387 277.575286865 -228.903213501 -557.920227051 -304.668151855 -438.043334961 511.003387451 -98.219474792 481.742797852 -326.755157471 122.743835449 532.177978516 208.523239136 527.230529785 -564.061828613 126.327392578 -552.257141113 246.226684570 -250.328109741 -604.880065918 -303.575317383 -462.403198242 525.802124023 -139.304946899 519.975891113 -363.255798340 155.022171021 496.976593018 251.502517700 528.071838379 -518.386169434 115.134124756 935.629760742 -404.199920654 438.061950684 828.094238281 190.561538696 880.574768066 -952.947753906 503.210327148 -1027.866333008 264.934814453 -624.093261719 -918.672607422 -298.557830811 -849.664123535 824.344604492 -448.582519531
538.136108398 -335.242767334 155.453475952 533.835632324 241.406387329 546.257080078 -544.816589355 132.874771118 -528.719055176 277.264862061 -230.366378784 -558.995056152 -304.225463867 -439.741455078 511.927185059 -99.769393921 483.470581055 -326.795349121 124.173118591 533.184570312 208.089401245 528.962036133 -565.102844238 127.660079956 -553.943847656 246.103179932 -251.751602173 -605.714965820 -303.129608154 -463.990905762 526.703369141 -140.669357300 521.538085938 -363.065887451 156.241577148 498.213073730 250.717971802 529.727478027 -519.617675781 116.469604492 934.553527832 -403.766967773 437.468963623 827.204833984 190.353149414 879.300842285 -951.952453613 502.555755615 -1026.777832031 264.698516846 -623.241516113 -917.651916504 -298.210968018 -848.555725098 823.359069824 -447.888977051
539.630065918 -335.236785889 156.718887329 534.873229980 240.677627563 547.830688477 -545.954284668 134.167709351 -530.484924316 276.952850342 -231.829742432 -560.070312500 -303.785308838 -441.440612793 512.853027344 -101.318878174 485.198608398 -326.830383301 125.604637146 534.189086914 207.649841309 530.693115234 -566.141723633 128.994445801 -555.631103516 245.976547241 -253.174057007 -606.552062988 -302.686431885 -465.579589844 527.606384277 -142.033142090 523.100036621 -362.872894287 157.464767456 499.446472168 249.920425415 531.378112793 -520.846252441 117.808029175 933.478332520 -403.330871582 436.878265381 826.314331055 190.139999390 878.028381348 -950.955749512 501.903411865 -1025.690917969 264.458740234 -622.392395020 -916.629333496 -297.860382080 -847.448425293 822.372131348 -447.198638916
541.123962402 -335.225585938 157.987350464 535.907836914 239.936996460 549.399841309 -547.088928223 135.463455200 -532.251342773 276.638610840 -233.293716431 -561.145507812 -303.347595215 -443.140777588 513.781921387 -102.867324829 486.926910400 -326.860015869 127.038711548 535.190979004 207.206726074 532.424194336 -567.178039551 130.330871582 -557.318786621 245.846176147 -254.595657349 -607.391113281 -302.245849609 -467.169250488 528.511962891 -143.395706177 524.661621094 -362.676269531 158.691787720 500.676818848 249.112442017 533.024841309 -522.071594238 119.149620056 932.404174805 -402.891815186 436.289703369 825.422729492 189.922271729 876.757263184 -949.957641602 501.253173828 -1024.605224609 264.215606689 -621.545837402 -915.604980469 -297.506195068 -846.342224121 821.383789062 -446.511352539
542.617675781 -335.208984375 159.259017944 536.939208984 239.187133789 550.965637207 -548.220214844 136.762191772 -534.018127441 276.321411133 -234.758728027 -562.220092773 -302.912017822 -444.841888428 514.714477539 -104.414337158 488.655517578 -326.884246826 128.475585938 536.189941406 206.761962891 534.155761719 -568.211486816 131.669631958 -559.006958008 245.711532593 -256.016662598 -608.231628418 -301.807708740 -468.759887695 529.420776367 -144.756591797 526.222778320 -362.475524902 159.922576904 501.904083252 248.296600342 534.668762207 -523.293579102 120.494506836 931.330993652 -402.449859619 435.703216553 824.530212402 189.700119019 875.487487793 -948.958251953 500.604980469 -1023.520996094 263.969268799 -620.701721191 -914.578918457 -297.148559570 -845.236999512 820.394104004 -445.827026367
544.111328125 -335.186981201 160.533950806 537.967224121 238.430557251 552.529296875 -549.348022461 138.064041138 -535.785278320 276.000610352 -236.225189209 -563.293457031 -302.478118896 -446.543823242 515.651000977 -105.959693909 490.384399414 -326.903076172 129.915405273 537.185729980 206.317153931 535.888183594 -569.241699219 133.010986328 -560.695495605 245.572189331 -257.437469482 -609.073181152 -301.371704102 -470.351348877 530.333007812 -146.115585327 527.783569336 -362.270233154 161.157043457 503.128417969 247.475311279 536.311157227 -524.512207031 121.842735291 930.258789062 -402.005126953 435.118682861 823.636718750 189.473724365 874.219116211 -947.957702637 499.958709717 -1022.437988281 263.719818115 -619.859924316 -913.551269531 -296.787567139 -844.132812500 819.403259277 -445.145507812
545.604858398 -335.159606934 161.812194824 538.991882324 237.669631958 554.091857910 -550.472351074 139.369079590 -537.552551270 275.675750732 -237.693511963 -564.365173340 -302.045196533 -448.246398926 516.591674805 -107.503341675 492.113525391 -326.916625977 131.358261108 538.178161621 205.873519897 537.621826172 -570.268432617 134.355087280 -562.384460449 245.427795410 -258.858398438 -609.915100098 -300.937225342 -471.943511963 531.248840332 -147.472595215 529.343811035 -362.060089111 162.394989014 504.349945068 246.650833130 537.953002930 -525.727416992 123.194305420 929.187561035 -401.557769775 434.536041260 822.742370605 189.243240356 872.951965332 -946.955993652 499.314270020 -1021.356323242 263.467376709 -619.020385742 -912.522155762 -296.423370361 -843.029663086 818.411193848 -444.466674805
547.098266602 -335.126953125 163.093627930 540.013244629 236.906509399 555.654296875 -551.593139648 140.677246094 -539.319885254 275.346313477 -239.164077759 -565.434692383 -301.612609863 -449.949462891 517.536193848 -109.045379639 493.842926025 -326.925109863 132.804199219 539.167175293 205.432022095 539.356872559 -571.291564941 135.702026367 -564.073669434 245.278121948 -260.279907227 -610.756713867 -300.503631592 -473.536193848 532.167968750 -148.827728271 530.903564453 -361.844940186 163.636199951 505.568847656 245.825149536 539.595214844 -526.939270020 124.549125671 928.117187500 -401.107818604 433.955230713 821.847167969 189.008834839 871.686157227 -945.953186035 498.671630859 -1020.275878906 263.212066650 -618.182983398 -911.491516113 -296.056091309 -841.927429199 817.418029785 -443.790435791
548.591552734 -335.089324951 164.378158569 541.031372070 236.143051147 557.217590332 -552.710510254 141.988449097 -541.087219238 275.011993408 -240.637176514 -566.501586914 -301.179504395 -451.652801514 518.484191895 -110.586029053 495.572601318 -326.928833008 134.253128052 540.152832031 204.993209839 541.093444824 -572.311096191 137.051818848 -565.763183594 245.123046875 -261.702362061 -611.597351074 -300.070159912 -475.129211426 533.090087891 -150.181259155 532.462707520 -361.624725342 164.880401611 506.785430908 244.999954224 541.238769531 -528.147949219 125.907051086 927.047729492 -400.655426025 433.376159668 820.951232910 188.770660400 870.421508789 -944.949340820 498.030670166 -1019.196716309 262.953979492 -617.347656250 -910.459533691 -295.685882568 -840.826171875 816.423889160 -443.116699219
550.084655762 -335.046966553 165.665557861 542.046508789 235.380844116 558.782409668 -553.824645996 143.302566528 -542.854553223 274.672607422 -242.113067627 -567.565490723 -300.745086670 -453.356231689 519.435119629 -112.125625610 497.302490234 -326.928100586 135.704971313 541.135253906 204.557342529 542.831665039 -573.327026367 138.404434204 -567.453002930 244.962570190 -263.126190186 -612.436401367 -299.636016846 -476.722320557 534.014587402 -151.533508301 534.021362305 -361.399444580 166.127304077 507.999908447 244.176635742 542.884216309 -529.353698730 127.267898560 925.979187012 -400.200653076 432.798736572 820.054565430 188.528854370 869.158142090 -943.944580078 497.391326904 -1018.118652344 262.693267822 -616.514282227 -909.426269531 -295.312774658 -839.725830078 815.428771973 -442.445343018
551.577575684 -335.000183105 166.955627441 543.058898926 234.621109009 560.349426270 -554.935668945 144.619369507 -544.621704102 274.328063965 -243.591918945 -568.626159668 -300.308624268 -455.059509277 520.388366699 -113.664588928 499.032623291 -326.923278809 137.159545898 542.114624023 204.124420166 544.571533203 -574.339477539 139.759735107 -569.143005371 244.796813965 -264.551696777 -613.273315430 -299.200408936 -478.315307617 534.940856934 -152.884933472 535.579406738 -361.169250488 167.376602173 509.212615967 243.356231689 544.532043457 -530.556640625 128.631408691 924.911499023 -399.743621826 432.222900391 819.157165527 188.283538818 867.895996094 -942.938842773 496.753540039 -1017.041809082 262.429962158 -615.682800293 -908.391784668 -294.936950684 -838.626403809 814.432739258 -441.776245117
553.070312500 -334.949432373 168.248077393 544.068786621 233.864776611 561.918945312 -556.043884277 145.938629150 -546.388671875 273.978332520 -245.073852539 -569.683410645 -299.869384766 -456.762512207 521.343078613 -115.203361511 500.762969971 -326.914825439 138.616638184 543.091186523 203.694137573 546.312927246 -575.348632812 141.117553711 -570.833251953 244.625930786 -265.979187012 -614.107543945 -298.762573242 -479.907958984 535.868225098 -154.236053467 537.136962891 -360.934387207 168.627975464 510.423797607 242.539489746 546.182617188 -531.757141113 129.997344971 923.844604492 -399.284393311 431.648590088 818.259155273 188.034881592 866.634948730 -941.932312012 496.117218018 -1015.966064453 262.164245605 -614.853149414 -907.356140137 -294.558502197 -837.527832031 813.435852051 -441.109375000
554.562805176 -334.895050049 169.542617798 545.076538086 233.112380981 563.491271973 -557.149597168 147.260086060 -548.155517578 273.623626709 -246.558883667 -570.737182617 -299.426757812 -458.464996338 522.298522949 -116.742439270 502.493499756 -326.903076172 140.076019287 544.065307617 203.266021729 548.055725098 -576.354797363 142.477706909 -572.523620605 244.450225830 -267.408874512 -614.938659668 -298.321838379 -481.500091553 536.795837402 -155.587371826 538.693969727 -360.695129395 169.881118774 511.633728027 241.726776123 547.836120605 -532.955505371 131.365417480 922.778503418 -398.823028564 431.075714111 817.360534668 187.782989502 865.375061035 -940.924926758 495.482330322 -1014.891418457 261.896148682 -614.025268555 -906.319335938 -294.177490234 -836.430114746 812.438171387 -440.444580078
556.055175781 -334.837493896 170.838958740 546.082458496 232.364212036 565.066528320 -558.253112793 148.583450317 -549.922180176 273.264129639 -248.046981812 -571.787536621 -298.980194092 -460.166870117 523.253906250 -118.282295227 504.224212646 -326.888519287 141.537429810 545.037292480 202.839401245 549.799804688 -577.358154297 143.839950562 -574.214233398 244.270019531 -268.840911865 -615.766418457 -297.877593994 -483.091491699 537.723022461 -156.939437866 540.250488281 -360.451812744 171.135742188 512.842712402 240.918197632 549.492553711 -534.152038574 132.735321045 921.713256836 -398.359680176 430.504272461 816.461425781 187.527984619 864.116271973 -939.916748047 494.848785400 -1013.817871094 261.625762939 -613.198974609 -905.281555176 -293.794067383 -835.333312988 811.439697266 -439.781829834
557.547363281 -334.777130127 172.136810303 547.086914062 231.620223999 566.644531250 -559.354736328 149.908447266 -551.688720703 272.900146484 -249.538040161 -572.834472656 -298.529327393 -461.868011475 524.208435059 -119.823387146 505.955108643 -326.871490479 143.000595093 546.007446289 202.413528442 551.544921875 -578.359069824 145.204010010 -575.905029297 244.085723877 -270.275421143 -616.590515137 -297.429382324 -484.682067871 538.649047852 -158.292755127 541.806579590 -360.204864502 172.391571045 514.051025391 240.113571167 551.151733398 -535.346984863 134.106796265 920.648742676 -397.894348145 429.934143066 815.561706543 187.270004272 862.858581543 -938.907897949 494.216552734 -1012.745300293 261.353210449 -612.374328613 -904.242797852 -293.408264160 -834.237243652 810.440551758 -439.121002197
559.039306641 -334.714355469 173.435882568 548.090209961 230.880126953 568.225219727 -560.454772949 151.234786987 -553.455200195 272.532012939 -251.031906128 -573.878173828 -298.073852539 -463.568298340 525.161376953 -121.366119385 507.686187744 -326.852386475 144.465240479 546.976257324 201.987564087 553.290893555 -579.357910156 146.569625854 -577.596008301 243.897735596 -271.712371826 -617.410949707 -296.976806641 -486.271606445 539.573364258 -159.647750854 543.362243652 -359.954711914 173.648345947 515.258850098 239.312515259 552.813415527 -536.540710449 135.479537964 919.585021973 -397.427154541 429.365325928 814.661560059 187.009140015 861.601928711 -937.898376465 493.585571289 -1011.673828125 261.078521729 -611.551208496 -903.203063965 -293.020233154 -833.142028809 809.440795898 -438.462036133
560.531005859 -334.649566650 174.735900879 549.092590332 230.143432617 569.808288574 -561.553527832 152.562210083 -555.221618652 272.160186768 -252.528381348 -574.918945312 -297.613647461 -465.267700195 526.112243652 -122.910842896 509.417419434 -326.831542969 145.931121826 547.944030762 201.560638428 555.037475586 -580.355041504 147.936523438 -579.287170410 243.706512451 -273.151763916 -618.227600098 -296.519683838 -487.860107422 540.495300293 -161.004821777 544.917541504 -359.701751709 174.905883789 516.466308594 238.514419556 554.477355957 -537.733459473 136.853317261 918.522033691 -396.958160400 428.797698975 813.760925293 186.745498657 860.346313477 -936.888183594 492.955749512 -1010.603271484 260.801849365 -610.729553223 -902.162475586 -292.630004883 -832.047607422 808.440368652 -437.804809570
562.022521973 -334.583038330 176.036621094 550.094421387 229.409484863 571.393371582 -562.651245117 153.890457153 -556.987976074 271.785095215 -254.027236938 -575.957031250 -297.148681641 -466.966186523 527.060485840 -124.457839966 511.148773193 -326.809265137 147.397964478 548.911132812 201.131942749 556.784484863 -581.350769043 149.304443359 -580.978576660 243.512466431 -274.593475342 -619.040710449 -296.057891846 -489.447479248 541.414489746 -162.364257812 546.472595215 -359.446441650 176.163986206 517.673706055 237.718551636 556.143066406 -538.925476074 138.227905273 917.459716797 -396.487426758 428.231262207 812.859863281 186.479217529 859.091674805 -935.877380371 492.327056885 -1009.533752441 260.523193359 -609.909240723 -901.121093750 -292.237701416 -830.953979492 807.439392090 -437.149322510
563.513854980 -334.515106201 177.337829590 551.095947266 228.677490234 572.980041504 -563.748291016 155.219299316 -558.754455566 271.407135010 -255.528213501 -576.992736816 -296.679046631 -468.663757324 528.005676270 -126.007301331 512.880310059 -326.785766602 148.865570068 549.877807617 200.700683594 558.531677246 -582.345336914 150.673141479 -582.670166016 243.316024780 -276.037353516 -619.850341797 -295.591400146 -491.033660889 542.330566406 -163.726287842 548.027404785 -359.189178467 177.422515869 518.881042480 236.924087524 557.810241699 -540.117004395 139.603073120 916.398193359 -396.015014648 427.665924072 811.958435059 186.210357666 857.838012695 -934.866088867 491.699462891 -1008.465087891 260.242675781 -609.090332031 -900.078918457 -291.843383789 -829.861022949 806.437927246 -436.495452881
565.004943848 -334.445983887 178.639343262 552.097290039 227.946594238 574.567932129 -564.844787598 156.548538208 -560.520996094 271.026794434 -257.031036377 -578.026428223 -296.204986572 -470.360443115 528.947631836 -127.559364319 514.611938477 -326.761291504 150.333724976 550.844360352 200.266174316 560.278869629 -583.339111328 152.042388916 -584.361938477 243.117599487 -277.483245850 -620.656799316 -295.120422363 -492.618713379 543.243347168 -165.091018677 549.581970215 -358.930297852 178.681381226 520.088439941 236.130157471 559.478332520 -541.308227539 140.978668213 915.337280273 -395.541015625 427.101684570 811.056640625 185.939041138 856.585327148 -933.854187012 491.072906494 -1007.397399902 259.960388184 -608.272705078 -899.035949707 -291.447113037 -828.768859863 805.435913086 -435.843170166
566.495849609 -334.375885010 179.941024780 553.098632812 227.215896606 576.156555176 -565.940917969 157.878036499 -562.287780762 270.644439697 -258.535461426 -579.058471680 -295.726715088 -472.056335449 529.886230469 -129.114059448 516.343750000 -326.735961914 151.802261353 551.811035156 199.827835083 562.025878906 -584.332397461 153.411987305 -586.053955078 242.917541504 -278.930908203 -621.460449219 -294.645111084 -494.202667236 544.152648926 -166.458496094 551.136413574 -358.670196533 179.940505981 521.295959473 235.335876465 561.146972656 -542.499267578 142.354553223 914.277038574 -395.065460205 426.538482666 810.154479980 185.665374756 855.333618164 -932.841857910 490.447326660 -1006.330566406 259.676330566 -607.456298828 -897.992370605 -291.049011230 -827.677368164 804.433471680 -435.192382812
567.986511230 -334.304962158 181.242752075 554.100097656 226.484542847 577.745422363 -567.036865234 159.207656860 -564.054748535 270.260528564 -260.041168213 -580.089172363 -295.244659424 -473.751464844 530.821411133 -130.671371460 518.075683594 -326.709899902 153.271072388 552.778015137 199.385208130 563.772521973 -585.325317383 154.781768799 -587.746154785 242.716156006 -280.380096436 -622.261535645 -294.165832520 -495.785552979 545.058532715 -167.828674316 552.690795898 -358.409149170 181.199844360 522.503601074 234.540405273 562.815612793 -543.690307617 143.730636597 913.217468262 -394.588409424 425.976226807 809.252014160 185.389419556 854.082763672 -931.829040527 489.822692871 -1005.264648438 259.390625000 -606.641052246 -896.948059082 -290.649108887 -826.586608887 803.430603027 -434.543029785
569.476928711 -334.233276367 182.544464111 555.101745605 225.751693726 579.334228516 -568.132751465 160.537292480 -565.822021484 269.875335693 -261.547943115 -581.118896484 -294.759185791 -475.445953369 531.753295898 -132.231201172 519.807678223 -326.683166504 154.740005493 553.745361328 198.937957764 565.518737793 -586.318054199 156.151580811 -589.438598633 242.513702393 -281.830566406 -623.060546875 -293.682922363 -497.367523193 545.961120605 -169.201431274 554.245056152 -358.147399902 182.459411621 523.711364746 233.742950439 564.484008789 -544.881286621 145.106842041 912.158569336 -394.109954834 425.414947510 808.349304199 185.111267090 852.832824707 -930.815734863 489.199005127 -1004.199584961 259.103302002 -605.826965332 -895.903198242 -290.247497559 -825.496520996 802.427307129 -433.895080566
570.967102051 -334.160949707 183.846099854 556.103698730 225.016616821 580.922485352 -569.228576660 161.866897583 -567.589538574 269.489196777 -263.055572510 -582.147949219 -294.270751953 -477.139953613 532.682067871 -133.793411255 521.539855957 -326.655822754 156.209030151 554.713317871 198.485916138 567.264404297 -587.310791016 157.521347046 -591.131225586 242.310424805 -283.282104492 -623.857788086 -293.196807861 -498.948608398 546.860534668 -170.576599121 555.799316406 -357.885131836 183.719192505 524.919189453 232.942855835 566.151672363 -546.072387695 146.483123779 911.100219727 -393.630096436 424.854583740 807.446289062 184.831008911 851.583740234 -929.802124023 488.576141357 -1003.135253906 258.814422607 -605.013977051 -894.857727051 -289.844207764 -824.407043457 801.423706055 -433.248443604
572.457092285 -334.087951660 185.147644043 557.105834961 224.278671265 582.509887695 -570.324401855 163.196426392 -569.357482910 269.102355957 -264.563842773 -583.176635742 -293.779815674 -478.833496094 533.608032227 -135.357788086 523.272155762 -326.627838135 157.678100586 555.681762695 198.029052734 569.009521484 -588.303649902 158.890960693 -592.824035645 242.106460571 -284.734436035 -624.653686523 -292.707946777 -500.528991699 547.757080078 -171.953918457 557.353515625 -357.622528076 184.979248047 526.127136230 232.139526367 567.818359375 -547.263488770 147.859481812 910.042541504 -393.148925781 424.295043945 806.543029785 184.548736572 850.335510254 -928.788085938 487.954132080 -1002.071838379 258.524078369 -604.202026367 -893.811706543 -289.439331055 -823.318298340 800.419738770 -432.603057861
573.946777344 -334.014312744 186.449111938 558.108276367 223.537338257 584.096191406 -571.420288086 164.525878906 -571.125793457 268.714996338 -266.072540283 -584.205078125 -293.286834717 -480.526794434 534.531555176 -136.924102783 525.004577637 -326.599151611 159.147186279 556.650817871 197.567428589 570.754028320 -589.296569824 160.260406494 -594.517028809 241.901947021 -286.187347412 -625.448608398 -292.216796875 -502.108764648 548.651062012 -173.333129883 558.907653809 -357.359649658 186.239624023 527.335021973 231.332550049 569.483886719 -548.454711914 149.235931396 908.985412598 -392.666503906 423.736358643 805.639587402 184.264511108 849.088073730 -927.773681641 487.332885742 -1001.009155273 258.232299805 -603.391052246 -892.765197754 -289.032928467 -822.230163574 799.415405273 -431.958923340
575.436279297 -333.940002441 187.750518799 559.110778809 222.792236328 585.681152344 -572.516113281 165.855270386 -572.894409180 268.327270508 -267.581573486 -585.233581543 -292.792236328 -482.219879150 535.452941895 -138.492126465 526.737121582 -326.569793701 160.616317749 557.620422363 197.101226807 572.497863770 -590.289672852 161.629638672 -596.210266113 241.696914673 -287.640625000 -626.242858887 -291.723815918 -503.688049316 549.542907715 -174.713943481 560.461853027 -357.096557617 187.500350952 528.542846680 230.521606445 571.147949219 -549.645874023 150.612487793 907.928894043 -392.182830811 423.178497314 804.735961914 183.978408813 847.841491699 -926.758972168 486.712432861 -999.947204590 257.939178467 -602.580993652 -891.718200684 -288.625061035 -821.142639160 798.410888672 -431.315948486
576.925476074 -333.864990234 189.051925659 560.113464355 222.043136597 587.264587402 -573.611877441 167.184631348 -574.663452148 267.939270020 -269.090789795 -586.262268066 -292.296478271 -483.912902832 536.372619629 -140.061584473 528.469787598 -326.539611816 162.085510254 558.590515137 196.630767822 574.241149902 -591.282897949 162.998687744 -597.903564453 241.491409302 -289.094085693 -627.036743164 -291.229400635 -505.266937256 550.432922363 -176.096054077 562.015991211 -356.833282471 188.761535645 529.750488281 229.706527710 572.810607910 -550.837036133 151.989227295 906.872863770 -391.697998047 422.621368408 803.832092285 183.690505981 846.595642090 -925.744018555 486.092681885 -998.886047363 257.644683838 -601.771911621 -890.670715332 -288.215789795 -820.055664062 797.406066895 -430.674102783
578.414489746 -333.789154053 190.353393555 561.116149902 221.289916992 588.846496582 -574.707580566 168.514007568 -576.432922363 267.550994873 -270.600128174 -587.291259766 -291.799896240 -485.605957031 537.291015625 -141.632186890 530.202575684 -326.508605957 163.554809570 559.560974121 196.156417847 575.984008789 -592.276184082 164.367584229 -599.597045898 241.285415649 -290.547607422 -627.830566406 -290.734008789 -506.845611572 551.321472168 -177.479141235 563.570129395 -356.569793701 190.023208618 530.958007812 228.887298584 574.471618652 -552.028137207 153.366165161 905.817443848 -391.212036133 422.064971924 802.928100586 183.400878906 845.350585938 -924.728698730 485.473663330 -997.825561523 257.348968506 -600.963684082 -889.622802734 -287.805145264 -818.969360352 796.401000977 -430.033355713
579.903198242 -333.712463379 191.654983521 562.118713379 220.532608032 590.426757812 -575.803039551 169.843475342 -578.202697754 267.162506104 -272.109558105 -588.320556641 -291.302795410 -487.299133301 538.208557129 -143.203704834 531.935546875 -326.476654053 165.024291992 560.531860352 195.678604126 577.726379395 -593.269531250 165.736343384 -601.290649414 241.078903198 -292.001037598 -628.624450684 -290.237945557 -508.424102783 552.209045410 -178.862884521 565.124267578 -356.306030273 191.285430908 532.165161133 228.063995361 576.131225586 -553.219055176 154.743392944 904.762573242 -390.725006104 421.509277344 802.023925781 183.109588623 844.106262207 -923.713195801 484.855285645 -996.765808105 257.052001953 -600.156311035 -888.574523926 -287.393188477 -817.883605957 795.395690918 -429.393615723
581.391601562 -333.634857178 192.956741333 563.121154785 219.771331787 592.005493164 -576.898315430 171.173065186 -579.972778320 266.773742676 -273.619018555 -589.350219727 -290.805511475 -488.992492676 539.125671387 -144.775878906 533.668579102 -326.443695068 166.494003296 561.502929688 195.197799683 579.468444824 -594.262817383 167.105041504 -602.984375000 240.871780396 -293.454254150 -629.418640137 -289.741546631 -510.002502441 553.096008301 -180.247039795 566.678344727 -356.041931152 192.548278809 533.372070312 227.236801147 577.789306641 -554.409667969 156.120956421 903.708190918 -390.236907959 420.954254150 801.119689941 182.816696167 842.862670898 -922.697387695 484.237548828 -995.706726074 256.753875732 -599.349731445 -887.525878906 -286.979980469 -816.798400879 794.390258789 -428.754882812
582.879821777 -333.556243896 194.258743286 564.123352051 219.006362915 593.582702637 -577.993225098 172.502868652 -581.743286133 266.384613037 -275.128570557 -590.380249023 -290.308197021 -490.686065674 540.042663574 -146.348480225 535.401794434 -326.409698486 167.964019775 562.474121094 194.714523315 581.210388184 -595.255981445 168.473739624 -604.678100586 240.663986206 -294.907257080 -630.213195801 -289.245056152 -511.580902100 553.982543945 -181.631317139 568.232360840 -355.777435303 193.811767578 534.578552246 226.406036377 579.446105957 -555.600036621 157.498916626 902.654357910 -389.747802734 420.399871826 800.215270996 182.522262573 841.619750977 -921.681396484 483.620422363 -994.648315430 256.454589844 -598.543884277 -886.476867676 -286.565582275 -815.713806152 793.384582520 -428.117095947
584.367675781 -333.476593018 195.561065674 565.125244141 218.237991333 595.158630371 -579.087768555 173.832931519 -583.513977051 265.995117188 -276.638183594 -591.410583496 -289.811065674 -492.379913330 540.959899902 -147.921325684 537.135131836 -326.374572754 169.434387207 563.445312500 194.229232788 582.952148438 -596.248962402 169.842468262 -606.371948242 240.455413818 -296.359924316 -631.008178711 -288.748687744 -513.159301758 554.869079590 -183.015518188 569.786315918 -355.512451172 195.075942993 535.784606934 225.572036743 581.101745605 -556.790100098 158.877349854 901.601013184 -389.257751465 419.846099854 799.310791016 182.226348877 840.377563477 -920.665222168 483.003875732 -993.590576172 256.154266357 -597.738830566 -885.427551270 -286.149993896 -814.629699707 792.378784180 -427.480255127
585.855346680 -333.395843506 196.863723755 566.126708984 217.466613770 596.733337402 -580.181884766 175.163314819 -585.285034180 265.605072021 -278.147918701 -592.441223145 -289.314178467 -494.074035645 541.877563477 -149.494216919 538.868652344 -326.338317871 170.905197144 564.416503906 193.742446899 584.693969727 -597.241638184 171.211334229 -608.065795898 240.245986938 -297.812316895 -631.803649902 -288.252563477 -514.737854004 555.755798340 -184.399429321 571.340148926 -355.246856689 196.340820312 536.990295410 224.735214233 582.756408691 -557.979675293 160.256271362 900.548156738 -388.766754150 419.292938232 798.406188965 181.929016113 839.136047363 -919.648803711 482.387908936 -992.533508301 255.852859497 -596.934509277 -884.377929688 -285.733306885 -813.546081543 791.372863770 -426.844268799
587.342651367 -333.313964844 198.166793823 567.127746582 216.692687988 598.307067871 -581.275451660 176.494033813 -587.056274414 265.214416504 -279.657806396 -593.472045898 -288.817596436 -495.768463135 542.795898438 -151.067031860 540.602294922 -326.300903320 172.376480103 565.387512207 193.254608154 586.435913086 -598.233947754 172.580352783 -609.759643555 240.035629272 -299.264373779 -632.599548340 -287.756805420 -516.316406250 556.642883301 -185.782897949 572.893920898 -354.980590820 197.606399536 538.195556641 223.896057129 584.410339355 -559.168823242 161.635742188 899.495788574 -388.274902344 418.740325928 797.501525879 181.630325317 837.895202637 -918.632263184 481.772460938 -991.476989746 255.550476074 -596.130859375 -883.328002930 -285.315551758 -812.463012695 790.366821289 -426.209136963
588.829711914 -333.230926514 199.470275879 568.128295898 215.916656494 599.880126953 -582.368469238 177.825164795 -588.827697754 264.823059082 -281.167968750 -594.502929688 -288.321350098 -497.463165283 543.715087891 -152.639678955 542.336059570 -326.262329102 173.848281860 566.358337402 192.766113281 588.178100586 -599.225769043 173.949600220 -611.453491211 239.824234009 -300.716186523 -633.395812988 -287.261444092 -517.895080566 557.530517578 -187.165817261 574.447509766 -354.713562012 198.872695923 539.400329590 223.055007935 586.063720703 -560.357543945 163.015762329 898.443847656 -387.782165527 418.188293457 796.596801758 181.330322266 836.654968262 -917.615539551 481.157562256 -990.421081543 255.247116089 -595.327819824 -882.277832031 -284.896759033 -811.380493164 789.360595703 -425.574829102
590.316467285 -333.146728516 200.774200439 569.128295898 215.139022827 601.452575684 -583.460937500 179.156707764 -590.599365234 264.430908203 -282.678405762 -595.533874512 -287.825408936 -499.158142090 544.635253906 -154.212066650 544.070007324 -326.222595215 175.320632935 567.328918457 192.277374268 589.920532227 -600.217163086 175.319107056 -613.147338867 239.611770630 -302.167724609 -634.192443848 -286.766479492 -519.473754883 558.418701172 -188.548110962 576.001037598 -354.445709229 200.139678955 540.604736328 222.212524414 587.716857910 -561.545776367 164.396362305 897.392333984 -387.288635254 417.636779785 795.692016602 181.029052734 835.415344238 -916.598693848 480.543121338 -989.365783691 254.942840576 -594.525451660 -881.227416992 -284.476989746 -810.298400879 788.354370117 -424.941314697
591.802978516 -333.061431885 202.078552246 570.127746582 214.360244751 603.024719238 -584.552856445 180.488662720 -592.371154785 264.037841797 -284.189208984 -596.564758301 -287.329681396 -500.853332520 545.556335449 -155.784164429 545.804077148 -326.181732178 176.793563843 568.299194336 191.788711548 591.663146973 -601.207946777 176.688919067 -614.841125488 239.398147583 -303.619110107 -634.989257812 -286.271850586 -521.052551270 559.307495117 -189.929733276 577.554382324 -354.177001953 201.407318115 541.808776855 221.369094849 589.369873047 -562.733520508 165.777526855 896.341308594 -386.794281006 417.085754395 794.787231445 180.726577759 834.176330566 -915.581726074 479.929199219 -988.311096191 254.637680054 -593.723693848 -880.176818848 -284.056274414 -809.216796875 787.348022461 -424.308532715
593.289123535 -332.975006104 203.383346558 571.126708984 213.580764771 604.596740723 -585.644165039 181.821044922 -594.143066406 263.643798828 -285.700408936 -597.595458984 -286.834106445 -502.548767090 546.478454590 -157.355957031 547.538391113 -326.139801025 178.267089844 569.269104004 191.300399780 593.405883789 -602.198242188 178.059020996 -616.534851074 239.183380127 -305.070343018 -635.786254883 -285.777526855 -522.631347656 560.196899414 -191.310668945 579.107543945 -353.907379150 202.675567627 543.012512207 220.525131226 591.023010254 -563.920776367 167.159255981 895.290710449 -386.299224854 416.535247803 793.882385254 180.422943115 832.937927246 -914.564697266 479.315704346 -987.256896973 254.331649780 -592.922546387 -879.125915527 -283.634674072 -808.135681152 786.341613770 -423.676483154
594.775024414 -332.887512207 204.688552856 572.125183105 212.801010132 606.168884277 -586.734863281 183.153839111 -595.915161133 263.248779297 -287.212097168 -598.625915527 -286.338592529 -504.244323730 547.401489258 -158.927459717 549.272766113 -326.096862793 179.741180420 570.238769531 190.812652588 595.148681641 -603.187927246 179.429458618 -618.228576660 238.967407227 -306.521514893 -636.583190918 -285.283386230 -524.210083008 561.086853027 -192.690948486 580.660583496 -353.636871338 203.944396973 544.215942383 219.680999756 592.676513672 -565.107604980 168.541534424 894.240539551 -385.803405762 415.985198975 792.977478027 180.118209839 831.700073242 -913.547485352 478.702667236 -986.203308105 254.024810791 -592.121948242 -878.074890137 -283.212158203 -807.055053711 785.335144043 -423.045166016
596.260620117 -332.799041748 205.994140625 573.123168945 212.021362305 607.741210938 -587.825073242 184.487014771 -597.687316895 262.852691650 -288.724304199 -599.656066895 -285.842987061 -505.940032959 548.325439453 -160.498718262 551.007385254 -326.052978516 181.215850830 571.208129883 190.325592041 596.891540527 -604.177001953 180.800186157 -619.922241211 238.750274658 -307.972656250 -637.380065918 -284.789337158 -525.788757324 561.977294922 -194.070617676 582.213439941 -353.365447998 205.213729858 545.419067383 218.837051392 594.330444336 -566.294067383 169.924316406 893.190795898 -385.306915283 415.435577393 792.072631836 179.812393188 830.462768555 -912.530212402 478.090057373 -985.150207520 253.717193604 -591.321838379 -877.023620605 -282.788848877 -805.974792480 784.328613281 -422.414489746
597.745849609 -332.709655762 207.300048828 574.120788574 211.242126465 609.313903809 -588.914794922 185.820541382 -599.459594727 262.455566406 -290.237030029 -600.685913086 -285.347167969 -507.635833740 549.250122070 -162.069763184 552.742126465 -326.008239746 182.691055298 572.177246094 189.839294434 598.634277344 -605.165588379 182.171234131 -621.615783691 238.531997681 -309.423828125 -638.176696777 -284.295257568 -527.367309570 562.868103027 -195.449737549 583.766113281 -353.093109131 206.483535767 546.622070312 217.993560791 595.984985352 -567.480163574 171.307556152 892.141418457 -384.809753418 414.886413574 791.167724609 179.505554199 829.226074219 -911.512878418 477.477844238 -984.097595215 253.408813477 -590.522277832 -875.972229004 -282.364715576 -804.895019531 783.322082520 -421.784484863
599.230834961 -332.619384766 208.606262207 575.117980957 210.463592529 610.887084961 -590.004028320 187.154388428 -601.231933594 262.057403564 -291.750335693 -601.715332031 -284.851074219 -509.331695557 550.175476074 -163.640686035 554.477050781 -325.962707520 184.166778564 573.146179199 189.353759766 600.376831055 -606.153625488 183.542541504 -623.309326172 238.312606812 -310.875122070 -638.973083496 -283.801025391 -528.945678711 563.759155273 -196.828384399 585.318664551 -352.819976807 207.753753662 547.824890137 217.150756836 597.640197754 -568.665893555 172.691238403 891.092468262 -384.311950684 414.337677002 790.262817383 179.197738647 827.989868164 -910.495483398 476.866027832 -983.045532227 253.099716187 -589.723266602 -874.920654297 -281.939819336 -803.815673828 782.315490723 -421.155090332
600.715515137 -332.528381348 209.912719727 576.114807129 209.685974121 612.460754395 -591.092834473 188.488494873 -603.004394531 261.658172607 -293.264221191 -602.744384766 -284.354553223 -511.027557373 551.101318359 -165.211517334 556.212158203 -325.916473389 185.642974854 574.114929199 188.868972778 602.119201660 -607.141174316 184.914093018 -625.002746582 238.092163086 -312.326507568 -639.769042969 -283.306579590 -530.523864746 564.650329590 -198.206634521 586.871032715 -352.546020508 209.024307251 549.027709961 216.308792114 599.296203613 -569.851440430 174.075286865 890.043823242 -383.813537598 413.789337158 789.357971191 178.888977051 826.754211426 -909.478027344 476.254608154 -981.993957520 252.789932251 -588.924682617 -873.868957520 -281.514221191 -802.736694336 781.308898926 -420.526306152
602.199829102 -332.436676025 211.219345093 577.111450195 208.909423828 614.034912109 -592.181335449 189.822814941 -604.776916504 261.257995605 -294.778656006 -603.773010254 -283.857543945 -512.723388672 552.027526855 -166.782379150 557.947387695 -325.869659424 187.119598389 575.083557129 188.384841919 603.861328125 -608.128234863 186.285827637 -626.696105957 237.870742798 -313.778045654 -640.564575195 -282.811767578 -532.101745605 565.541503906 -199.584579468 588.423278809 -352.271331787 210.295166016 550.230468750 215.467773438 600.953002930 -571.036804199 175.459671021 888.995605469 -383.314575195 413.241394043 788.453063965 178.579315186 825.519042969 -908.460510254 475.643524170 -980.942871094 252.479476929 -588.126647949 -872.817138672 -281.087890625 -801.658142090 780.302307129 -419.898101807
603.683898926 -332.344360352 212.526107788 578.107849121 208.134033203 615.609619141 -593.269470215 191.157302856 -606.549560547 260.856872559 -296.293670654 -604.801269531 -283.359954834 -514.419250488 552.953979492 -168.353302002 559.682800293 -325.822296143 188.596618652 576.052246094 187.901229858 605.603027344 -609.114990234 187.657730103 -628.389404297 237.648406982 -315.229736328 -641.359619141 -282.316528320 -533.679443359 566.432495117 -200.962310791 589.975341797 -351.996002197 211.566253662 551.433227539 214.627761841 602.610534668 -572.221984863 176.844329834 887.947753906 -382.815032959 412.693817139 787.548217773 178.268783569 824.284362793 -907.442932129 475.032806396 -979.892211914 252.168380737 -587.328979492 -871.765197754 -280.660888672 -800.580017090 779.295715332 -419.270477295
605.167602539 -332.251556396 213.832946777 579.104125977 207.359848022 617.184814453 -594.357421875 192.491912842 -608.322326660 260.454925537 -297.809173584 -605.829162598 -282.861755371 -516.114990234 553.880554199 -169.924392700 561.418395996 -325.774536133 190.073959351 577.020874023 187.418014526 607.344238281 -610.101379395 189.029739380 -630.082580566 237.425262451 -316.681610107 -642.154174805 -281.820831299 -535.256774902 567.323303223 -202.339889526 591.527282715 -351.720123291 212.837539673 552.636047363 213.788742065 604.268920898 -573.407104492 178.229202271 886.900268555 -382.314941406 412.146636963 786.643432617 177.957427979 823.050170898 -906.425354004 474.422454834 -978.842041016 251.856689453 -586.531799316 -870.713134766 -280.233245850 -799.502258301 778.289123535 -418.643402100
606.650939941 -332.158294678 215.139801025 580.100280762 206.586883545 618.760375977 -595.445190430 193.826583862 -610.095214844 260.052185059 -299.325195312 -606.856811523 -282.362945557 -517.810668945 554.807128906 -171.495697021 563.154113770 -325.726409912 191.551589966 577.989685059 186.935043335 609.085021973 -611.087524414 190.401809692 -631.775695801 237.201400757 -318.133666992 -642.948120117 -281.324554443 -536.833740234 568.213684082 -203.717407227 593.079101562 -351.443756104 214.108978271 553.839050293 212.950683594 605.928039551 -574.592224121 179.614257812 885.853088379 -381.814361572 411.599792480 785.738586426 177.645294189 821.816467285 -905.407714844 473.812408447 -977.792297363 251.544418335 -585.734985352 -869.660949707 -279.804992676 -798.424865723 777.282531738 -418.016845703
608.133972168 -332.064727783 216.446624756 581.096435547 205.815093994 620.336303711 -596.532775879 195.161270142 -611.868225098 259.648742676 -300.841705322 -607.884094238 -281.863433838 -519.506347656 555.733581543 -173.067260742 564.890075684 -325.677978516 193.029449463 578.958618164 186.452133179 610.825195312 -612.073486328 191.773895264 -633.468750000 236.976882935 -319.585876465 -643.741638184 -280.827758789 -538.410400391 569.103637695 -205.094894409 594.630798340 -351.166992188 215.380523682 555.042114258 212.113510132 607.587829590 -575.777282715 180.999450684 884.806274414 -381.313293457 411.053283691 784.833862305 177.332382202 820.583190918 -904.390075684 473.202697754 -976.743041992 251.231567383 -584.938659668 -868.608642578 -279.376159668 -797.347839355 776.275939941 -417.390808105
609.616638184 -331.970825195 217.753356934 582.092590332 205.044387817 621.912414551 -597.620300293 196.495925903 -613.641418457 259.244720459 -302.358581543 -608.911193848 -281.363311768 -521.201904297 556.659851074 -174.639144897 566.626098633 -325.629364014 194.507522583 579.927795410 185.969131470 612.564819336 -613.059265137 193.145935059 -635.161682129 236.751831055 -321.038177490 -644.534606934 -280.330383301 -539.986694336 569.993103027 -206.472412109 596.182373047 -350.889923096 216.652145386 556.245361328 211.277114868 609.248229980 -576.962463379 182.384735107 883.759765625 -380.811767578 410.507110596 783.929138184 177.018768311 819.350402832 -903.372436523 472.593292236 -975.694152832 250.918212891 -584.142700195 -867.556335449 -278.946777344 -796.271179199 775.269409180 -416.765258789
611.098999023 -331.876739502 219.059982300 583.088745117 204.274658203 623.488647461 -598.707763672 197.830505371 -615.414733887 258.840179443 -303.875854492 -609.938171387 -280.862579346 -522.897399902 557.585876465 -176.211364746 568.362365723 -325.580566406 195.985748291 580.897277832 185.485916138 614.303710938 -614.044982910 194.517883301 -636.854553223 236.526321411 -322.490600586 -645.327148438 -279.832458496 -541.562622070 570.881958008 -207.849975586 597.733825684 -350.612609863 217.923843384 557.448791504 210.441390991 610.909240723 -578.147766113 183.770080566 882.713562012 -380.309783936 409.961273193 783.024475098 176.704452515 818.117980957 -902.354797363 471.984222412 -974.645629883 250.604324341 -583.347106934 -866.503906250 -278.516845703 -795.194885254 774.262939453 -416.140197754
612.580993652 -331.782501221 220.366455078 584.085021973 203.505783081 625.064880371 -599.795227051 199.164993286 -617.188171387 258.435211182 -305.393432617 -610.965087891 -280.361297607 -524.592834473 558.511596680 -177.783935547 570.098754883 -325.531646729 197.464096069 581.867065430 185.002334595 616.041931152 -615.030639648 195.889724731 -638.547363281 236.300415039 -323.943084717 -646.119262695 -279.334045410 -543.138183594 571.770202637 -209.227600098 599.285217285 -350.335205078 219.195556641 558.652404785 209.606185913 612.570678711 -579.333129883 185.155456543 881.667724609 -379.807403564 409.415740967 782.119812012 176.389465332 816.886047363 -901.337097168 471.375396729 -973.597595215 250.289978027 -582.551879883 -865.451354980 -278.086425781 -794.118896484 773.256469727 -415.515594482
614.062622070 -331.688110352 221.672744751 585.081420898 202.737640381 626.640991211 -600.882751465 200.499359131 -618.961853027 258.029907227 -306.911285400 -611.991943359 -279.859527588 -526.288269043 559.437072754 -179.356857300 571.835266113 -325.482666016 198.942535400 582.837219238 184.518295288 617.779479980 -616.016296387 197.261398315 -640.240051270 236.074218750 -325.395568848 -646.911010742 -278.835174561 -544.713439941 572.657836914 -210.605285645 600.836547852 -350.057678223 220.467315674 559.856201172 208.771377563 614.232482910 -580.518676758 186.540847778 880.622131348 -379.304626465 408.870544434 781.215270996 176.073867798 815.654479980 -900.319458008 470.766906738 -972.549926758 249.975143433 -581.757019043 -864.398803711 -277.655487061 -793.043273926 772.250000000 -414.891448975
615.543884277 -331.593658447 222.978836060 586.077880859 201.970077515 628.216857910 -601.970275879 201.833557129 -620.735656738 257.624359131 -308.429351807 -613.018859863 -279.357360840 -527.983703613 560.362243652 -180.930145264 573.571960449 -325.433654785 200.421051025 583.807800293 184.033737183 619.516235352 -617.002014160 198.632888794 -641.932678223 235.847763062 -326.847991943 -647.702453613 -278.335906982 -546.288330078 573.544921875 -211.983001709 602.387756348 -349.780181885 221.739089966 561.060180664 207.936843872 615.894592285 -581.704406738 187.926223755 879.576843262 -378.801452637 408.325622559 780.310729980 175.757659912 814.423339844 -899.301818848 470.158660889 -971.502563477 249.659881592 -580.962524414 -863.346191406 -277.224121094 -791.967956543 771.243652344 -414.267761230
617.024719238 -331.499145508 224.284713745 587.074462891 201.202957153 629.792419434 -603.057800293 203.167602539 -622.509704590 257.218597412 -309.947601318 -614.045837402 -278.854858398 -529.679138184 561.287170410 -182.503753662 575.308837891 -325.384582520 201.899612427 584.778808594 183.548583984 621.252258301 -617.987731934 200.004180908 -643.625122070 235.621124268 -328.300354004 -648.493713379 -277.836364746 -547.862915039 574.431335449 -213.360717773 603.938903809 -349.502746582 223.010879517 562.264343262 207.102432251 617.556945801 -582.890258789 189.311584473 878.531860352 -378.297943115 407.780975342 779.406250000 175.440887451 813.192565918 -898.284179688 469.550689697 -970.455627441 249.344207764 -580.168395996 -862.293518066 -276.792327881 -790.893005371 770.237304688 -413.644470215
618.505187988 -331.404632568 225.590347290 588.071228027 200.436157227 631.367492676 -604.145446777 204.501464844 -624.283935547 256.812713623 -311.465972900 -615.072998047 -278.352111816 -531.374633789 562.211853027 -184.077667236 577.045837402 -325.335540771 203.378219604 585.750244141 183.062835693 622.987548828 -618.973571777 201.375213623 -645.317504883 235.394348145 -329.752593994 -649.284790039 -277.336608887 -549.437194824 575.317321777 -214.738388062 605.489929199 -349.225402832 224.282699585 563.468750000 206.268051147 619.219543457 -584.076293945 190.696929932 877.487182617 -377.794067383 407.236633301 778.501831055 175.123565674 811.962158203 -897.266540527 468.942993164 -969.409057617 249.028121948 -579.374572754 -861.240783691 -276.360107422 -789.818298340 769.231018066 -413.021636963
619.985290527 -331.310089111 226.895751953 589.068054199 199.669555664 632.942077637 -605.233093262 205.835128784 -626.058349609 256.406738281 -312.984466553 -616.100341797 -277.849273682 -533.070129395 563.136413574 -185.651855469 578.782958984 -325.286499023 204.856872559 586.722106934 182.576507568 624.722045898 -619.959472656 202.746017456 -647.009826660 235.167465210 -331.204650879 -650.075744629 -276.836730957 -551.011230469 576.202758789 -216.115982056 607.040954590 -348.948211670 225.554550171 564.673278809 205.433624268 620.882202148 -585.262512207 192.082244873 876.442749023 -377.289886475 406.692596436 777.597473145 174.805725098 810.732177734 -896.248901367 468.335571289 -968.362854004 248.711654663 -578.581054688 -860.187988281 -275.927490234 -788.743896484 768.224731445 -412.399169922
621.464965820 -331.215576172 228.200927734 590.065002441 198.903060913 634.516113281 -606.320861816 207.168624878 -627.833007812 256.000762939 -314.502990723 -617.127868652 -277.346374512 -534.765747070 564.060852051 -187.226257324 580.520263672 -325.237457275 206.335556030 587.694396973 182.089645386 626.455871582 -620.945434570 204.116561890 -648.701965332 234.940521240 -332.656463623 -650.866699219 -276.336853027 -552.585021973 577.087768555 -217.493408203 608.591857910 -348.671173096 226.826446533 565.877929688 204.599060059 622.544921875 -586.448913574 193.467559814 875.398559570 -376.785400391 406.148803711 776.693176270 174.487396240 809.502502441 -895.231323242 467.728393555 -967.316955566 248.394836426 -577.787902832 -859.135192871 -275.494506836 -787.669799805 767.218566895 -411.777130127
622.944213867 -331.121063232 229.505859375 591.062011719 198.136627197 636.089538574 -607.408630371 208.501922607 -629.607849121 255.594757080 -316.021606445 -618.155700684 -276.843536377 -536.461486816 564.985229492 -188.800842285 582.257690430 -325.188415527 207.814270020 588.667175293 181.602310181 628.188903809 -621.931518555 205.486846924 -650.393981934 234.713500977 -334.108032227 -651.657653809 -275.837036133 -554.158569336 577.972473145 -218.870620728 610.142639160 -348.394348145 228.098373413 567.082763672 203.764343262 624.207763672 -587.635498047 194.852844238 874.354614258 -376.280609131 405.605285645 775.788940430 174.168609619 808.273193359 -894.213745117 467.121459961 -966.271423340 248.077682495 -576.994995117 -858.082336426 -275.061187744 -786.596008301 766.212402344 -411.155456543
624.423034668 -331.026550293 230.810562134 592.059082031 197.370178223 637.662292480 -608.496459961 209.835052490 -631.382873535 255.188766479 -317.540191650 -619.183837891 -276.340850830 -538.157348633 565.909667969 -190.375549316 583.995239258 -325.139434814 209.293029785 589.640319824 181.114593506 629.921203613 -622.917724609 206.856887817 -652.085815430 234.486450195 -335.559295654 -652.448669434 -275.337371826 -555.731933594 578.856811523 -220.247558594 611.693420410 -348.117767334 229.370361328 568.287719727 202.929443359 625.870605469 -588.822204590 196.238128662 873.310974121 -375.775543213 405.062011719 774.884765625 173.849380493 807.044250488 -893.196228027 466.514801025 -965.226196289 247.760192871 -576.202453613 -857.029418945 -274.627532959 -785.522521973 765.206359863 -410.534179688
625.901367188 -330.932098389 232.115051270 593.056274414 196.603698730 639.234375000 -609.584289551 211.167999268 -633.158142090 254.782836914 -319.058837891 -620.212280273 -275.838378906 -539.853332520 566.834228516 -191.950347900 585.732910156 -325.090423584 210.771835327 590.613891602 180.626586914 631.652770996 -623.903930664 208.226654053 -653.777526855 234.259368896 -337.010192871 -653.239807129 -274.837951660 -557.305114746 579.740966797 -221.624145508 613.244079590 -347.841400146 230.642425537 569.492797852 202.094360352 627.533508301 -590.009033203 197.623413086 872.267517090 -375.270263672 404.519012451 773.980651855 173.529724121 805.815612793 -892.178710938 465.908355713 -964.181274414 247.442413330 -575.410217285 -855.976501465 -274.193572998 -784.449218750 764.200317383 -409.913269043
627.379333496 -330.837615967 233.419326782 594.053466797 195.837203979 640.805725098 -610.672119141 212.500793457 -634.933593750 254.376937866 -320.577453613 -621.240966797 -275.336242676 -541.549499512 567.758972168 -193.525161743 587.470764160 -325.041473389 212.250701904 591.587890625 180.138442993 633.383728027 -624.890258789 209.596176147 -655.469116211 234.032257080 -338.460754395 -654.031066895 -274.338867188 -558.878173828 580.624938965 -223.000320435 614.794616699 -347.565246582 231.914566040 570.697937012 201.259140015 629.196411133 -591.195983887 199.008712769 871.224304199 -374.764709473 403.976257324 773.076599121 173.209686279 804.587280273 -891.161193848 465.302154541 -963.136657715 247.124328613 -574.618225098 -854.923583984 -273.759307861 -783.376220703 763.194335938 -409.292724609
628.856811523 -330.743194580 234.723388672 595.050659180 195.070724487 642.376464844 -611.759887695 213.833435059 -636.709228516 253.971099854 -322.096069336 -622.270019531 -274.834442139 -543.245849609 568.683959961 -195.099960327 589.208740234 -324.992523193 213.729644775 592.562194824 179.650283813 635.113952637 -625.876586914 210.965454102 -657.160461426 233.805114746 -339.910919189 -654.822509766 -273.840209961 -560.451049805 581.508789062 -224.376022339 616.345092773 -347.289337158 233.186782837 571.903137207 200.423812866 630.859436035 -592.383056641 200.394042969 870.181335449 -374.258941650 403.433776855 772.172607422 172.889266968 803.359313965 -890.143737793 464.696197510 -962.092346191 246.805984497 -573.826538086 -853.870605469 -273.324798584 -782.303466797 762.188476562 -408.672515869
630.333801270 -330.648773193 236.027236938 596.047851562 194.304290771 643.946594238 -612.847717285 215.165924072 -638.485046387 253.565322876 -323.614685059 -623.299377441 -274.333068848 -544.942382812 569.609313965 -196.674713135 590.946838379 -324.943572998 215.208679199 593.536926270 179.162231445 636.843566895 -626.862915039 212.334503174 -658.851684570 233.577926636 -341.360687256 -655.614074707 -273.342010498 -562.023803711 582.392639160 -225.751205444 617.895446777 -347.013671875 234.459091187 573.108459473 199.588455200 632.522521973 -593.570190430 201.779403687 869.138610840 -373.752990723 402.891510010 771.268676758 172.568496704 802.131591797 -889.126281738 464.090484619 -961.048278809 246.487380981 -573.035156250 -852.817565918 -272.890014648 -781.231018066 761.182617188 -408.052703857
631.810363770 -330.554412842 237.330902100 597.044982910 193.538009644 645.516113281 -613.935424805 216.498275757 -640.260986328 253.159576416 -325.133331299 -624.328979492 -273.832183838 -546.639099121 570.534973145 -198.249374390 592.685058594 -324.894653320 216.687805176 594.511962891 178.674423218 638.572509766 -627.849243164 213.703323364 -660.542663574 233.350708008 -342.810058594 -656.405883789 -272.844329834 -563.596435547 583.276367188 -227.125793457 619.445678711 -346.738250732 235.731491089 574.313842773 198.753158569 634.185791016 -594.757446289 203.164825439 868.096069336 -373.246826172 402.349517822 770.364868164 172.247406006 800.904235840 -888.108886719 463.484985352 -960.004577637 246.168548584 -572.244018555 -851.764526367 -272.455017090 -780.158752441 760.176818848 -407.433197021
633.286376953 -330.460052490 238.634384155 598.042114258 192.771942139 647.085083008 -615.023132324 217.830505371 -642.037170410 252.753890991 -326.651947021 -625.358886719 -273.331787109 -548.335998535 571.461059570 -199.823898315 594.423461914 -324.845794678 218.167037964 595.487304688 178.186996460 640.300903320 -628.835632324 215.071929932 -662.233520508 233.123443604 -344.258972168 -657.197814941 -272.347229004 -565.168945312 584.160156250 -228.499786377 620.995788574 -346.463043213 237.003997803 575.519287109 197.918014526 635.849182129 -595.944763184 204.550292969 867.053771973 -372.740478516 401.807739258 769.461059570 171.926010132 799.677124023 -887.091491699 462.879699707 -958.961059570 245.849487305 -571.453186035 -850.711486816 -272.019775391 -779.086730957 759.171081543 -406.814025879
634.761962891 -330.365753174 239.937667847 599.039184570 192.006195068 648.653503418 -616.110778809 219.162597656 -643.813537598 252.348220825 -328.170623779 -626.389099121 -272.831909180 -550.033081055 572.387634277 -201.398269653 596.161926270 -324.796936035 219.646392822 596.462951660 177.700103760 642.028625488 -629.821899414 216.440322876 -663.924072266 232.896133423 -345.707489014 -657.989929199 -271.850708008 -566.741333008 585.043945312 -229.873107910 622.545776367 -346.188079834 238.276596069 576.724792480 197.083114624 637.512878418 -597.132141113 205.935806274 866.011596680 -372.233978271 401.266204834 768.557312012 171.604339600 798.450256348 -886.074157715 462.274658203 -957.917907715 245.530227661 -570.662597656 -849.658447266 -271.584350586 -778.014892578 758.165405273 -406.195220947
636.236999512 -330.271484375 241.240768433 600.036132812 191.240890503 650.221557617 -617.198303223 220.494583130 -645.590026855 251.942596436 -329.689300537 -627.419494629 -272.332580566 -551.730407715 573.314636230 -202.972457886 597.900573730 -324.748138428 221.125869751 597.438903809 177.213821411 643.755737305 -630.808166504 217.808502197 -665.614440918 232.668762207 -347.155548096 -658.782226562 -271.354827881 -568.313598633 585.927795410 -231.245742798 624.095642090 -345.913360596 239.549285889 577.930358887 196.248596191 639.176757812 -598.319580078 207.321395874 864.969665527 -371.727325439 400.724914551 767.653625488 171.282379150 797.223693848 -885.056884766 461.669830322 -956.874938965 245.210769653 -569.872253418 -848.605346680 -271.148712158 -776.943359375 757.159790039 -405.576721191
637.711547852 -330.177276611 242.543685913 601.033081055 190.476150513 651.789123535 -618.285766602 221.826461792 -647.366699219 251.536972046 -331.208007812 -628.450134277 -271.833831787 -553.427856445 574.242126465 -204.546478271 599.639282227 -324.699432373 222.605468750 598.415161133 176.728286743 645.482299805 -631.794372559 219.176498413 -667.304565430 232.441345215 -348.603210449 -659.574584961 -270.859619141 -569.885681152 586.811706543 -232.617691040 625.645385742 -345.638854980 240.822082520 579.136047363 195.414535522 640.841003418 -599.507019043 208.707046509 863.927917480 -371.220520020 400.183837891 766.750000000 170.960189819 795.997375488 -884.039611816 461.065246582 -955.832214355 244.891128540 -569.082214355 -847.552185059 -270.712921143 -775.871948242 756.154235840 -404.958557129
639.185546875 -330.083160400 243.846420288 602.029907227 189.712097168 653.356445312 -619.373107910 223.158203125 -649.143493652 251.131378174 -332.726776123 -629.481018066 -271.335601807 -555.125549316 575.170104980 -206.120285034 601.378173828 -324.650787354 224.085220337 599.391662598 176.243591309 647.208251953 -632.780456543 220.544296265 -668.994506836 232.213882446 -350.050415039 -660.367126465 -270.365051270 -571.457702637 587.695617676 -233.988906860 627.194946289 -345.364593506 242.094940186 580.341735840 194.581069946 642.505615234 -600.694580078 210.092773438 862.886352539 -370.713623047 399.643035889 765.846435547 170.637756348 794.771362305 -883.022338867 460.460876465 -954.789794922 244.571334839 -568.292419434 -846.499084473 -270.276977539 -774.800842285 755.148742676 -404.340698242
640.658996582 -329.989135742 245.148941040 603.026672363 188.948852539 654.923400879 -620.460388184 224.489837646 -650.920410156 250.725799561 -334.245605469 -630.512084961 -270.837982178 -556.823364258 576.098510742 -207.693893433 603.117187500 -324.602233887 225.565109253 600.368469238 175.759796143 648.933654785 -633.766540527 221.911895752 -670.684143066 231.986389160 -351.497222900 -661.159729004 -269.871154785 -573.029541016 588.579528809 -235.359390259 628.744384766 -345.090576172 243.367889404 581.547485352 193.748306274 644.170654297 -601.882202148 211.478546143 861.844970703 -370.206604004 399.102416992 764.942932129 170.315124512 793.545532227 -882.005126953 459.856719971 -953.747558594 244.251388550 -567.502929688 -845.445922852 -269.840911865 -773.729858398 754.143249512 -403.723175049
642.131896973 -329.895233154 246.451263428 604.023315430 188.186553955 656.490173340 -621.547546387 225.821350098 -652.697509766 250.320236206 -335.764495850 -631.543273926 -270.340881348 -558.521362305 577.027465820 -209.267303467 604.856323242 -324.553833008 227.045135498 601.345581055 175.276992798 650.658386230 -634.752441406 223.279296875 -672.373535156 231.758850098 -352.943634033 -661.952392578 -269.377960205 -574.601196289 589.463500977 -236.729141235 630.293701172 -344.816802979 244.640899658 582.753356934 192.916336060 645.836181641 -603.069824219 212.864395142 860.803710938 -369.699462891 398.562042236 764.039489746 169.992294312 792.320007324 -880.987915039 459.252777100 -952.705566406 243.931304932 -566.713623047 -844.392700195 -269.404693604 -772.659057617 753.137878418 -403.105957031
643.604248047 -329.801452637 247.753356934 605.019897461 187.425292969 658.056701660 -622.634582520 227.152740479 -654.474731445 249.914703369 -337.283447266 -632.574707031 -269.844360352 -560.219482422 577.956848145 -210.840515137 606.595520020 -324.505584717 228.525299072 602.322937012 174.795211792 652.382568359 -635.738342285 224.646514893 -674.062683105 231.531295776 -354.389587402 -662.745056152 -268.885437012 -576.172668457 590.347351074 -238.098159790 631.842834473 -344.543304443 245.913986206 583.959289551 192.085250854 647.502136230 -604.257568359 214.250289917 859.762634277 -369.192260742 398.021911621 763.136108398 169.669296265 791.094665527 -879.970764160 458.649078369 -951.663818359 243.611099243 -565.924621582 -843.339477539 -268.968383789 -771.588500977 752.132507324 -402.489044189
645.076049805 -329.707855225 249.055236816 606.016418457 186.665206909 659.623107910 -623.721557617 228.483978271 -656.252136230 249.509201050 -338.802490234 -633.606262207 -269.348388672 -561.917785645 578.886657715 -212.413543701 608.334899902 -324.457489014 230.005584717 603.300598145 174.314514160 654.106079102 -636.724121094 226.013519287 -675.751586914 231.303741455 -355.835174561 -663.537780762 -268.393585205 -577.743957520 591.231201172 -239.466461182 633.391784668 -344.270111084 247.187103271 585.165283203 191.255142212 649.168640137 -605.445373535 215.636230469 858.721740723 -368.684997559 397.481994629 762.232788086 169.346130371 789.869567871 -878.953613281 458.045593262 -950.622253418 243.290771484 -565.135864258 -842.286254883 -268.531982422 -770.518127441 751.127197266 -401.872436523
646.547241211 -329.614440918 250.356872559 607.012878418 185.906372070 661.189392090 -624.808471680 229.815093994 -658.029663086 249.103744507 -340.321624756 -634.637939453 -268.852966309 -563.616210938 579.816894531 -213.986389160 610.074401855 -324.409637451 231.486007690 604.278625488 173.834899902 655.828979492 -637.709777832 227.380310059 -677.440185547 231.076202393 -357.280334473 -664.330505371 -267.902435303 -579.315063477 592.114990234 -240.834030151 634.940551758 -343.997192383 248.460266113 586.371398926 190.426071167 650.835754395 -606.633239746 217.022216797 857.680969238 -368.177642822 396.942321777 761.329467773 169.022827148 788.644653320 -877.936523438 457.442321777 -949.580932617 242.970367432 -564.347351074 -841.232971191 -268.095489502 -769.447875977 750.121948242 -401.256134033
648.017883301 -329.521240234 251.658264160 608.009216309 185.148910522 662.755554199 -625.895263672 231.146041870 -659.807312012 248.698333740 -341.840820312 -635.669799805 -268.358062744 -565.314819336 580.747497559 -215.559051514 611.813964844 -324.361968994 232.966567993 605.256896973 173.356430054 657.551147461 -638.695373535 228.746887207 -679.128479004 230.848693848 -358.725097656 -665.123229980 -267.411926270 -580.885864258 592.998596191 -242.200881958 636.489135742 -343.724609375 249.733444214 587.577636719 189.598114014 652.503356934 -607.821166992 218.408233643 856.640319824 -367.670257568 396.402862549 760.426208496 168.699386597 787.419982910 -876.919433594 456.839294434 -948.539794922 242.649871826 -563.559082031 -840.179687500 -267.658935547 -768.377807617 749.116760254 -400.640167236
649.487854004 -329.428283691 252.959381104 609.005493164 184.392868042 664.321594238 -626.981994629 232.476837158 -661.585083008 248.293014526 -343.360076904 -636.701782227 -267.863708496 -567.013549805 581.678466797 -217.131561279 613.553649902 -324.314605713 234.447235107 606.235473633 172.879074097 659.272644043 -639.680908203 230.113250732 -680.816528320 230.621246338 -360.169433594 -665.915832520 -266.922149658 -582.456481934 593.882080078 -243.567016602 638.037597656 -343.452392578 251.006652832 588.783996582 188.771331787 654.171569824 -609.009155273 219.794281006 855.599853516 -367.162811279 395.863647461 759.523010254 168.375854492 786.195495605 -875.902343750 456.236450195 -947.498840332 242.329284668 -562.771057129 -839.126403809 -267.222320557 -767.307922363 748.111572266 -400.024475098
650.957214355 -329.335601807 254.260208130 610.001770020 183.638351440 665.887634277 -628.068664551 233.807449341 -663.362976074 247.887786865 -344.879425049 -637.733947754 -267.369934082 -568.712402344 582.609741211 -218.703933716 615.293518066 -324.267517090 235.928009033 607.214416504 172.402862549 660.993469238 -640.666320801 231.479370117 -682.504211426 230.393890381 -361.613342285 -666.708435059 -266.433013916 -584.026794434 594.765319824 -244.932449341 639.585876465 -343.180541992 252.279876709 589.990478516 187.945755005 655.840393066 -610.197326660 221.180343628 854.559448242 -366.655364990 395.324645996 758.619873047 168.052215576 784.971191406 -874.885314941 455.633850098 -946.458068848 242.008651733 -561.983337402 -838.073059082 -266.785675049 -766.238159180 747.106445312 -399.409088135
652.425964355 -329.243225098 255.560745239 610.997924805 182.885391235 667.453491211 -629.155212402 235.137893677 -665.141052246 247.482666016 -346.398864746 -638.766235352 -266.876678467 -570.411376953 583.541320801 -220.276168823 617.033447266 -324.220733643 237.408889771 608.193725586 171.927795410 662.713500977 -641.651672363 232.845245361 -684.191650391 230.166641235 -363.056854248 -667.500976562 -265.944580078 -585.596862793 595.648376465 -246.297180176 641.133911133 -342.909088135 253.553100586 591.197021484 187.121414185 657.509826660 -611.385498047 222.566421509 853.519226074 -366.147888184 394.785858154 757.716735840 167.728500366 783.747131348 -873.868286133 455.031463623 -945.417541504 241.687973022 -561.195800781 -837.019653320 -266.348968506 -765.168579102 746.101318359 -398.794006348
653.894104004 -329.151184082 256.860961914 611.994079590 182.134063721 669.019348145 -630.241760254 236.468139648 -666.919250488 247.077697754 -347.918334961 -639.798706055 -266.384002686 -572.110412598 584.473205566 -221.848266602 618.773437500 -324.174285889 238.889862061 609.173400879 171.453857422 664.432800293 -642.636962891 234.210861206 -685.878784180 229.939529419 -364.499938965 -668.293457031 -265.456878662 -587.166625977 596.531188965 -247.661209106 642.681823730 -342.638061523 254.826309204 592.403747559 186.298355103 659.179809570 -612.573852539 223.952499390 852.479125977 -365.640380859 394.247314453 756.813659668 167.404724121 782.523193359 -872.851257324 454.429321289 -944.377136230 241.367248535 -560.408569336 -835.966247559 -265.912292480 -764.099121094 745.096252441 -398.179229736
655.361511230 -329.059478760 258.160858154 612.990112305 181.384399414 670.585021973 -631.328186035 237.798187256 -668.697631836 246.672897339 -349.437866211 -640.831298828 -265.891906738 -573.809631348 585.405334473 -223.420242310 620.513610840 -324.128204346 240.370925903 610.153381348 170.981063843 666.151245117 -643.622192383 235.576217651 -687.565612793 229.712585449 -365.942596436 -669.085815430 -264.969848633 -588.736083984 597.413696289 -249.024536133 644.229492188 -342.367523193 256.099517822 593.610595703 185.476593018 660.850463867 -613.762268066 225.338577271 851.439086914 -365.132904053 393.709014893 755.910644531 167.080902100 781.299438477 -871.834228516 453.827392578 -943.336914062 241.046508789 -559.621520996 -834.912780762 -265.475585938 -763.029785156 744.091186523 -397.564727783
656.828247070 -328.968139648 259.460418701 613.986145020 180.636428833 672.150634766 -632.414611816 239.128021240 -670.476074219 246.268295288 -350.957427979 -641.864074707 -265.400421143 -575.508972168 586.337707520 -224.992111206 622.253845215 -324.082489014 241.852081299 611.133789062 170.509399414 667.868896484 -644.607360840 236.941299438 -689.252136230 229.485809326 -367.384796143 -669.878112793 -264.483581543 -590.305236816 598.295898438 -250.387161255 645.777038574 -342.097442627 257.372711182 594.817565918 184.656127930 662.521667480 -614.950805664 226.724655151 850.399169922 -364.625427246 393.170928955 755.007568359 166.757034302 780.075866699 -870.817260742 453.225708008 -942.296813965 240.725738525 -558.834777832 -833.859252930 -265.038879395 -761.960571289 743.086181641 -396.950561523
658.294311523 -328.877197266 260.759643555 614.982116699 179.890197754 673.716064453 -633.500915527 240.457656860 -672.254760742 245.863906860 -352.477050781 -642.897033691 -264.909515381 -577.208435059 587.270324707 -226.563858032 623.994201660 -324.037200928 243.333312988 612.114624023 170.038879395 669.585632324 -645.592468262 238.306091309 -690.938293457 229.259262085 -368.826507568 -670.670349121 -263.998077393 -591.874023438 599.177856445 -251.749084473 647.324340820 -341.827911377 258.645874023 596.024658203 183.836990356 664.193481445 -616.139465332 228.110702515 849.359375000 -364.117980957 392.633087158 754.104614258 166.433151245 778.852478027 -869.800292969 452.624237061 -941.256958008 240.404968262 -558.048278809 -832.805725098 -264.602203369 -760.891479492 742.081176758 -396.336669922
659.759704590 -328.786651611 262.058502197 615.978088379 179.145706177 675.281311035 -634.587219238 241.787048340 -674.033508301 245.459762573 -353.996704102 -643.930175781 -264.419311523 -578.908020020 588.203186035 -228.135498047 625.734619141 -323.992340088 244.814605713 613.095825195 169.569519043 671.301513672 -646.577514648 239.670593262 -692.624084473 229.032943726 -370.267761230 -671.462524414 -263.513305664 -593.442504883 600.059448242 -253.110275269 648.871398926 -341.558898926 259.919006348 597.231872559 183.019180298 665.865844727 -617.328247070 229.496749878 848.319641113 -363.610565186 392.095458984 753.201660156 166.109252930 777.629211426 -868.783325195 452.022979736 -940.217163086 240.084197998 -557.262023926 -831.752136230 -264.165557861 -759.822570801 741.076232910 -395.723083496
661.224304199 -328.696563721 263.356964111 616.973937988 178.402984619 676.846435547 -635.673400879 243.116226196 -675.812438965 245.055877686 -355.516357422 -644.963500977 -263.929748535 -580.607727051 589.136230469 -229.707031250 627.475158691 -323.947906494 246.295974731 614.077392578 169.101333618 673.016479492 -647.562500000 241.034790039 -694.309570312 228.806884766 -371.708526611 -672.254577637 -263.029388428 -595.010681152 600.940734863 -254.470733643 650.418273926 -341.290435791 261.192138672 598.439147949 182.202713013 667.538818359 -618.517150879 230.882781982 847.280029297 -363.103210449 391.558074951 752.298706055 165.785369873 776.406127930 -867.766296387 451.421966553 -939.177551270 239.763442993 -556.476013184 -830.698486328 -263.728942871 -758.753723145 740.071289062 -395.109802246
662.688171387 -328.606933594 264.655059814 617.969787598 177.662078857 678.411315918 -636.759521484 244.445175171 -677.591491699 244.652282715 -357.036041260 -645.997009277 -263.440887451 -582.307556152 590.069580078 -231.278442383 629.215820312 -323.903930664 247.777420044 615.059448242 168.634338379 674.730529785 -648.547485352 242.398681641 -695.994689941 228.581100464 -373.148773193 -673.046630859 -262.546264648 -596.578430176 601.821655273 -255.830444336 651.964965820 -341.022613525 262.465240479 599.646606445 181.387603760 669.212280273 -619.706176758 232.268798828 846.240478516 -362.595886230 391.020904541 751.395751953 165.461502075 775.183166504 -866.749328613 450.821197510 -938.138122559 239.442718506 -555.690246582 -829.644836426 -263.292419434 -757.684936523 739.066345215 -394.496795654
664.151306152 -328.517791748 265.952789307 618.965515137 176.922973633 679.975891113 -637.845642090 245.773880005 -679.370727539 244.248992920 -358.555694580 -647.030761719 -262.952789307 -584.007568359 591.003051758 -232.849716187 630.956542969 -323.860443115 249.258926392 616.041870117 168.168563843 676.443542480 -649.532348633 243.762252808 -697.679443359 228.355621338 -374.588470459 -673.838562012 -262.064056396 -598.145874023 602.702209473 -257.189392090 653.511352539 -340.755371094 263.738311768 600.854187012 180.573852539 670.886413574 -620.895263672 233.654785156 845.201049805 -362.088623047 390.484008789 750.492858887 165.137664795 773.960327148 -865.732360840 450.220672607 -937.098754883 239.122024536 -554.904785156 -828.591064453 -262.855926514 -756.616333008 738.061401367 -393.884124756
665.613647461 -328.429107666 267.250091553 619.961181641 176.185729980 681.540283203 -638.931640625 247.102340698 -681.150085449 243.846038818 -360.075347900 -648.064697266 -262.465454102 -585.707641602 591.936828613 -234.420867920 632.697326660 -323.817443848 250.740493774 617.024719238 167.704071045 678.155639648 -650.517211914 245.125503540 -699.363891602 228.130447388 -376.027648926 -674.630493164 -261.582702637 -599.712951660 603.582458496 -258.547546387 655.057556152 -340.488800049 265.011352539 602.061889648 179.761489868 672.561035156 -622.084472656 235.040756226 844.161621094 -361.581451416 389.947326660 749.589965820 164.813858032 772.737609863 -864.715393066 449.620361328 -936.059570312 238.801376343 -554.119506836 -827.537292480 -262.419494629 -755.547790527 737.056457520 -393.271728516
667.075256348 -328.340942383 268.546997070 620.956787109 175.450363159 683.104309082 -640.017517090 248.430572510 -682.929626465 243.443435669 -361.595001221 -649.098876953 -261.978942871 -587.407958984 592.870849609 -235.991882324 634.438232422 -323.774963379 252.222137451 618.007995605 167.240905762 679.866638184 -651.501953125 246.488449097 -701.047851562 227.905609131 -377.466278076 -675.422363281 -261.102325439 -601.279602051 604.462402344 -259.904876709 656.603576660 -340.222869873 266.284393311 603.269653320 178.950546265 674.236206055 -623.273803711 236.426727295 843.122314453 -361.074340820 389.410888672 748.687072754 164.490112305 771.515014648 -863.698364258 449.020324707 -935.020507812 238.480789185 -553.334533691 -826.483398438 -261.983184814 -754.479309082 736.051513672 -392.659637451
668.535949707 -328.253265381 269.843505859 621.952270508 174.716903687 684.668029785 -641.103332520 249.758560181 -684.709289551 243.041198730 -363.114654541 -650.133300781 -261.493286133 -589.108337402 593.805114746 -237.562744141 636.179138184 -323.732971191 253.703842163 618.991699219 166.779113770 681.576599121 -652.486633301 247.851043701 -702.731506348 227.681121826 -378.904296875 -676.214172363 -260.622924805 -602.845947266 605.341979980 -261.261352539 658.149291992 -339.957641602 267.557403564 604.477478027 178.141036987 675.911987305 -624.463195801 237.812667847 842.083007812 -360.567321777 388.874725342 747.784179688 164.166442871 770.292602539 -862.681335449 448.420501709 -933.981567383 238.160247803 -552.549804688 -825.429443359 -261.546936035 -753.410949707 735.046569824 -392.047882080
669.995910645 -328.166137695 271.139587402 622.947692871 173.985412598 686.231384277 -642.189086914 251.086303711 -686.489074707 242.639328003 -364.634246826 -651.167968750 -261.008514404 -590.808898926 594.739624023 -239.133453369 637.920166016 -323.691528320 255.185623169 619.975830078 166.318771362 683.285522461 -653.471252441 249.213317871 -704.414733887 227.456985474 -380.341735840 -677.005920410 -260.144531250 -604.411865234 606.221191406 -262.616973877 659.694763184 -339.693084717 268.830383301 605.685485840 177.333007812 677.588317871 -625.652709961 239.198608398 841.043823242 -360.060394287 388.338775635 746.881347656 163.842849731 769.070251465 -861.664306641 447.820922852 -932.942687988 237.839797974 -551.765319824 -824.375488281 -261.110809326 -752.342651367 734.041625977 -391.436401367
671.454956055 -328.079559326 272.435241699 623.942993164 173.255935669 687.794372559 -643.274719238 252.413803101 -688.269042969 242.237854004 -366.153839111 -652.202819824 -260.524658203 -592.509643555 595.674438477 -240.703979492 639.661315918 -323.650604248 256.667480469 620.960388184 165.859939575 684.993286133 -654.455810547 250.575271606 -706.097534180 227.233215332 -381.778564453 -677.797668457 -259.667175293 -605.977355957 607.100097656 -263.971710205 661.239929199 -339.429260254 270.103363037 606.893493652 176.526504517 679.265197754 -626.842285156 240.584533691 840.004638672 -359.553558350 387.803070068 745.978454590 163.519348145 767.847961426 -860.647277832 447.221618652 -931.903930664 237.519424438 -550.981140137 -823.321411133 -260.674804688 -751.274414062 733.036621094 -390.825225830
672.913146973 -327.993530273 273.730468750 624.938110352 172.528518677 689.356994629 -644.360229492 253.741058350 -690.049133301 241.836791992 -367.673370361 -653.237915039 -260.041748047 -594.210510254 596.609558105 -242.274307251 641.402465820 -323.610229492 258.149414062 621.945312500 165.402709961 686.699951172 -655.440246582 251.936874390 -707.779907227 227.009826660 -383.214752197 -678.589355469 -259.190948486 -607.542480469 607.978637695 -265.325531006 662.784912109 -339.166168213 271.376312256 608.101623535 175.721557617 680.942687988 -628.031982422 241.970458984 838.965515137 -359.046875000 387.267608643 745.075561523 163.195938110 766.625854492 -859.630187988 446.622558594 -930.865295410 237.199142456 -550.197204590 -822.267272949 -260.238922119 -750.206237793 732.031677246 -390.214355469
674.370422363 -327.908081055 275.025268555 625.933166504 171.803237915 690.919189453 -645.445617676 255.068084717 -691.829345703 241.436141968 -369.192901611 -654.273193359 -259.559844971 -595.911560059 597.544921875 -243.844451904 643.143737793 -323.570434570 259.631439209 622.930664062 164.947189331 688.405517578 -656.424560547 253.298141479 -709.461853027 226.786819458 -384.650299072 -679.380981445 -258.715820312 -609.107238770 608.856872559 -266.678405762 664.329528809 -338.903839111 272.649230957 609.309814453 174.918258667 682.620788574 -629.221679688 243.356384277 837.926452637 -358.540283203 386.732421875 744.172607422 162.872650146 765.403808594 -858.613098145 446.023742676 -929.826782227 236.878952026 -549.413513184 -821.213012695 -259.803161621 -749.138122559 731.026672363 -389.603820801
675.826843262 -327.823181152 276.319610596 626.928039551 171.080184937 692.481018066 -646.530883789 256.394836426 -693.609741211 241.035919189 -370.712371826 -655.308776855 -259.078979492 -597.612731934 598.480651855 -245.414382935 644.885009766 -323.531188965 261.113525391 623.916503906 164.493453979 690.109863281 -657.408752441 254.659088135 -711.143371582 226.564224243 -386.085205078 -680.172607422 -258.241882324 -610.671508789 609.734802246 -268.030273438 665.873901367 -338.642242432 273.922180176 610.518066406 174.116653442 684.299499512 -630.411499023 244.742294312 836.887390137 -358.033813477 386.197479248 743.269714355 162.549484253 764.181823730 -857.595947266 445.425201416 -928.788330078 236.558868408 -548.630126953 -820.158752441 -259.367553711 -748.070068359 730.021667480 -388.993560791
677.282287598 -327.738891602 277.613525391 627.922790527 170.359451294 694.042419434 -647.615966797 257.721374512 -695.390258789 240.636123657 -372.231842041 -656.344543457 -258.599151611 -599.314086914 599.416687012 -246.984085083 646.626403809 -323.492553711 262.595733643 624.902648926 164.041595459 691.812988281 -658.392883301 256.019683838 -712.824401855 226.342025757 -387.519409180 -680.964111328 -257.769165039 -612.235351562 610.612365723 -269.381164551 667.417968750 -338.381439209 275.195068359 611.726379395 173.316833496 685.978881836 -631.601379395 246.128219604 835.848327637 -357.527526855 385.662780762 742.366760254 162.226455688 762.959960938 -856.578796387 444.826904297 -927.749938965 236.238906860 -547.846984863 -819.104309082 -258.932098389 -747.002014160 729.016601562 -388.383636475
678.736755371 -327.655212402 278.906982422 628.917297363 169.641128540 695.603332520 -648.700927734 259.047668457 -697.170898438 240.236770630 -373.751251221 -657.380493164 -258.120391846 -601.015625000 600.353088379 -248.553558350 648.367797852 -323.454498291 264.078002930 625.889282227 163.591751099 693.514892578 -659.376831055 257.379943848 -714.504943848 226.120239258 -388.952972412 -681.755615234 -257.297668457 -613.798767090 611.489624023 -270.730987549 668.961730957 -338.121429443 276.467987061 612.934753418 172.518875122 687.658874512 -632.791259766 247.514160156 834.809326172 -357.021331787 385.128356934 741.463806152 161.903579712 761.738159180 -855.561584473 444.228881836 -926.711669922 235.919082642 -547.064086914 -818.049865723 -258.496826172 -745.934082031 728.011474609 -387.774017334
680.190307617 -327.572113037 280.199951172 629.911682129 168.925354004 697.163879395 -649.785766602 260.373718262 -698.951660156 239.837860107 -375.270629883 -658.416687012 -257.642761230 -602.717285156 601.289794922 -250.122787476 650.109252930 -323.417083740 265.560394287 626.876342773 163.144012451 695.215515137 -660.360656738 258.739837646 -716.185058594 225.898895264 -390.385803223 -682.547058105 -256.827453613 -615.361694336 612.366455078 -272.079772949 670.505187988 -337.862243652 277.740844727 614.143188477 171.722885132 689.339599609 -633.981262207 248.900100708 833.770324707 -356.515319824 384.594177246 740.560852051 161.580856323 760.516418457 -854.544311523 443.631103516 -925.673461914 235.599380493 -546.281494141 -816.995239258 -258.061676025 -744.866149902 727.006347656 -387.164733887
681.642822266 -327.489685059 281.492462158 630.905883789 168.212219238 698.723999023 -650.870422363 261.699523926 -700.732604980 239.439422607 -376.789978027 -659.453125000 -257.166290283 -604.419128418 602.226867676 -251.691757202 651.850769043 -323.380249023 267.042877197 627.863769531 162.698516846 696.914916992 -661.344299316 260.099426270 -717.864685059 225.677963257 -391.817932129 -683.338378906 -256.358520508 -616.924194336 613.242980957 -273.427490234 672.048339844 -337.603851318 279.013732910 615.351623535 170.928939819 691.021057129 -635.171264648 250.286056519 832.731323242 -356.009460449 384.060272217 739.657836914 161.258285522 759.294799805 -853.527038574 443.033599854 -924.635314941 235.279815674 -545.499206543 -815.940551758 -257.626739502 -743.798217773 726.001159668 -386.555755615
683.094299316 -327.407897949 282.784484863 631.899841309 167.501892090 700.283691406 -651.954833984 263.025085449 -702.513610840 239.041442871 -378.309326172 -660.489685059 -256.690979004 -606.121154785 603.164245605 -253.260482788 653.592346191 -323.344085693 268.525451660 628.851623535 162.255371094 698.612915039 -662.327758789 261.458648682 -719.543762207 225.457489014 -393.249359131 -684.129638672 -255.890975952 -618.486206055 614.119140625 -274.774078369 673.591125488 -337.346313477 280.286560059 616.560180664 170.137161255 692.703247070 -636.361267090 251.672012329 831.692321777 -355.503784180 383.526641846 738.754760742 160.935897827 758.073181152 -852.509643555 442.436401367 -923.597229004 234.960403442 -544.717163086 -814.885803223 -257.191986084 -742.730346680 724.995971680 -385.947113037
684.544738770 -327.326782227 284.076019287 632.893554688 166.794525146 701.843017578 -653.039123535 264.350402832 -704.294738770 238.643936157 -379.828613281 -661.526489258 -256.216857910 -607.823303223 604.102050781 -254.828933716 655.333984375 -323.308593750 270.008148193 629.839843750 161.814712524 700.309570312 -663.311096191 262.817535400 -721.222351074 225.237457275 -394.680053711 -684.920776367 -255.424789429 -620.047668457 614.994934082 -276.119537354 675.133544922 -337.089630127 281.559417725 617.768737793 169.347656250 694.386230469 -637.551330566 253.057998657 830.653381348 -354.998260498 382.993286133 737.851684570 160.613708496 756.851623535 -851.492248535 441.839447021 -922.559265137 234.641143799 -543.935424805 -813.830871582 -256.757446289 -741.662475586 723.990661621 -385.338775635
685.994140625 -327.246307373 285.367034912 633.887145996 166.090255737 703.401855469 -654.123229980 265.675445557 -706.076049805 238.246917725 -381.347869873 -662.563476562 -255.743957520 -609.525634766 605.040161133 -256.397094727 657.075622559 -323.273742676 271.490966797 630.828552246 161.376678467 702.004821777 -664.294250488 264.176055908 -722.900390625 225.017883301 -396.109985352 -685.711791992 -254.960006714 -621.608642578 615.870361328 -277.463836670 676.675598145 -336.833831787 282.832214355 618.977294922 168.560577393 696.070007324 -638.741455078 254.444000244 829.614379883 -354.492919922 382.460174561 736.948547363 160.291702271 755.630126953 -850.474792480 441.242767334 -921.521301270 234.322052002 -543.153930664 -812.775878906 -256.323089600 -740.594665527 722.985351562 -384.730773926
687.442382812 -327.166564941 286.657562256 634.880432129 165.389297485 704.960327148 -655.207092285 267.000274658 -707.857421875 237.850387573 -382.867095947 -663.600646973 -255.272308350 -611.228088379 605.978637695 -257.964996338 658.817321777 -323.239593506 272.973907471 631.817687988 160.941406250 703.698608398 -665.277221680 265.534240723 -724.577941895 224.798797607 -397.539184570 -686.502746582 -254.496673584 -623.169006348 616.745300293 -278.806976318 678.217346191 -336.578887939 284.105010986 620.185974121 167.776016235 697.754699707 -639.931518555 255.830001831 828.575378418 -353.987792969 381.927368164 736.045349121 159.969909668 754.408691406 -849.457214355 440.646392822 -920.483398438 234.003143311 -542.372802734 -811.720703125 -255.888961792 -739.526794434 721.979919434 -384.123107910
688.889587402 -327.087524414 287.947540283 635.873474121 164.691833496 706.518371582 -656.290771484 268.324829102 -709.638977051 237.454360962 -384.386291504 -664.638000488 -254.801925659 -612.930664062 606.917480469 -259.532623291 660.559020996 -323.206146240 274.456939697 632.807189941 160.509063721 705.390991211 -666.259948730 266.892028809 -726.254882812 224.580184937 -398.967590332 -687.293518066 -254.034820557 -624.728881836 617.619873047 -280.148895264 679.758666992 -336.324859619 285.377746582 621.394653320 166.994155884 699.440246582 -641.121704102 257.216033936 827.536376953 -353.482849121 381.394805908 735.142150879 159.648330688 753.187255859 -848.439636230 440.050292969 -919.445495605 233.684402466 -541.591857910 -810.665466309 -255.455047607 -738.458984375 720.974487305 -383.515747070
690.335571289 -327.009216309 289.236968994 636.866271973 163.998077393 708.076110840 -657.374206543 269.649108887 -711.420593262 237.058853149 -385.905456543 -665.675537109 -254.332839966 -614.633422852 607.856628418 -261.099945068 662.300781250 -323.173431396 275.940093994 633.797180176 160.079788208 707.081848145 -667.242492676 268.249481201 -727.931335449 224.362075806 -400.395233154 -688.084167480 -253.574478149 -626.288146973 618.493957520 -281.489593506 681.299621582 -336.071777344 286.650482178 622.603332520 166.215133667 701.126770020 -642.311828613 258.602081299 826.497314453 -352.978088379 380.862548828 734.238830566 159.326965332 751.965881348 -847.421936035 439.454498291 -918.407714844 233.365844727 -540.811279297 -809.610107422 -255.021362305 -737.391113281 719.968933105 -382.908752441
691.780395508 -326.931671143 290.525848389 637.858886719 163.308273315 709.633422852 -658.457458496 270.973144531 -713.202392578 236.663864136 -387.424591064 -666.713195801 -253.865081787 -616.336303711 608.796142578 -262.666992188 664.042541504 -323.141448975 277.423370361 634.787597656 159.653778076 708.771240234 -668.224792480 269.606567383 -729.607116699 224.144470215 -401.822082520 -688.874633789 -253.115676880 -627.846862793 619.367553711 -282.829010010 682.840148926 -335.819641113 287.923187256 623.812133789 165.439102173 702.814270020 -643.502014160 259.988128662 825.458251953 -352.473571777 380.330566406 733.335510254 159.005844116 750.744567871 -846.404235840 438.858978271 -917.369934082 233.047485352 -540.031005859 -808.554565430 -254.587905884 -736.323303223 718.963317871 -382.302093506
693.224060059 -326.854888916 291.814147949 638.851135254 162.622680664 711.190429688 -659.540466309 272.296905518 -714.984252930 236.269409180 -388.943695068 -667.751098633 -253.398666382 -618.039306641 609.735961914 -264.233703613 665.784362793 -323.110229492 278.906768799 635.778442383 159.231201172 710.459106445 -669.206909180 270.963287354 -731.282348633 223.927398682 -403.248107910 -689.664978027 -252.658447266 -629.404907227 620.240722656 -284.167175293 684.380249023 -335.568450928 289.195831299 625.020874023 164.666259766 704.502746582 -644.692199707 261.374206543 824.419128418 -351.969238281 379.798889160 732.432067871 158.684967041 749.523193359 -845.386352539 438.263763428 -916.332153320 232.729339600 -539.250976562 -807.498962402 -254.154708862 -735.255432129 717.957580566 -381.695770264
694.666442871 -326.778900146 293.101837158 639.843200684 161.941574097 712.747070312 -660.623291016 273.620391846 -716.766235352 235.875503540 -390.462768555 -668.789123535 -252.933639526 -619.742492676 610.676208496 -265.800140381 667.526123047 -323.079803467 280.390258789 636.769775391 158.812301636 712.145385742 -670.188842773 272.319610596 -732.957031250 223.710861206 -404.673309326 -690.455139160 -252.202835083 -630.962341309 621.113342285 -285.504058838 685.919982910 -335.318267822 290.468444824 626.229736328 163.896789551 706.192382812 -645.882385254 262.760284424 823.380004883 -351.465148926 379.267486572 731.528625488 158.364334106 748.301879883 -844.368469238 437.668853760 -915.294433594 232.411392212 -538.471313477 -806.443115234 -253.721771240 -734.187561035 716.951782227 -381.089782715
696.107604980 -326.703735352 294.388946533 640.834899902 161.265274048 714.303405762 -661.705810547 274.943634033 -718.548339844 235.482162476 -391.981811523 -669.827331543 -252.470016479 -621.445800781 611.616699219 -267.366271973 669.268005371 -323.050170898 281.873596191 637.761352539 158.397293091 713.830200195 -671.170471191 273.675567627 -734.631042480 223.494873047 -406.097656250 -691.245056152 -251.748886108 -632.519042969 621.985412598 -286.839569092 687.459289551 -335.069122314 291.740997314 627.438598633 163.130920410 707.883056641 -647.072570801 264.146392822 822.340820312 -350.961303711 378.736389160 730.625061035 158.043975830 747.080627441 -843.350463867 437.074218750 -914.256713867 232.093658447 -537.691894531 -805.387207031 -253.289077759 -733.119628906 715.945922852 -380.484130859
697.547485352 -326.629394531 295.675384521 641.826354980 160.594177246 715.859558105 -662.788146973 276.266571045 -720.330566406 235.089385986 -393.500793457 -670.865722656 -252.007843018 -623.149169922 612.557556152 -268.932098389 671.009826660 -323.021331787 283.356719971 638.753173828 157.986480713 715.513427734 -672.151916504 275.031127930 -736.304382324 223.279449463 -407.521148682 -692.034851074 -251.296630859 -634.075134277 622.856933594 -288.173767090 688.998107910 -334.820983887 293.013488770 628.647460938 162.368896484 709.575012207 -648.262817383 265.532501221 821.301574707 -350.457672119 378.205566406 729.721435547 157.723876953 745.859313965 -842.332336426 436.479919434 -913.219055176 231.776153564 -536.912841797 -804.331115723 -252.856674194 -732.051696777 714.939941406 -379.878845215
698.986022949 -326.555908203 296.961212158 642.817504883 159.928680420 717.415405273 -663.870178223 277.589202881 -722.112915039 234.697204590 -395.019775391 -671.904296875 -251.547149658 -624.852722168 613.498779297 -270.497589111 672.751647949 -322.993347168 284.839599609 639.745178223 157.580154419 717.195129395 -673.133056641 276.386291504 -737.977172852 223.064605713 -408.943786621 -692.824340820 -250.846099854 -635.630493164 623.727905273 -289.506561279 690.536499023 -334.573913574 294.285949707 629.856384277 161.610961914 711.268127441 -649.453002930 266.918640137 820.262329102 -349.954284668 377.675048828 728.817687988 157.404052734 744.638061523 -841.314147949 435.885925293 -912.181396484 231.458877563 -536.134033203 -803.274902344 -252.424530029 -730.983764648 713.933837891 -379.273925781
700.423156738 -326.483276367 298.246337891 643.808349609 159.269271851 718.971191406 -664.951965332 278.911560059 -723.895324707 234.305633545 -396.538665771 -672.942993164 -251.087951660 -626.556396484 614.440307617 -272.062774658 674.493530273 -322.966217041 286.322235107 640.737487793 157.178741455 718.875305176 -674.113952637 277.741027832 -739.649230957 222.850357056 -410.365509033 -693.613708496 -250.397354126 -637.185058594 624.598266602 -290.837951660 692.074401855 -334.327941895 295.558319092 631.065307617 160.857452393 712.962646484 -650.643188477 268.304779053 819.222961426 -349.451171875 377.144836426 727.913879395 157.084518433 743.416748047 -840.295837402 435.292236328 -911.143737793 231.141845703 -535.355590820 -802.218444824 -251.992675781 -729.915771484 712.927612305 -378.669342041
701.858947754 -326.411560059 299.530761719 644.798828125 158.616531372 720.526794434 -666.033508301 280.233612061 -725.677917480 233.914672852 -398.057525635 -673.981933594 -250.630310059 -628.260192871 615.382141113 -273.627624512 676.235412598 -322.939971924 287.804656982 641.730041504 156.782669067 720.554016113 -675.094665527 279.095367432 -741.320617676 222.636734009 -411.786315918 -694.402770996 -249.950454712 -638.738891602 625.468078613 -292.167877197 693.611816406 -334.083068848 296.830657959 632.274291992 160.108734131 714.658508301 -651.833374023 269.690917969 818.183593750 -348.948303223 376.614929199 727.010009766 156.765274048 742.195495605 -839.277404785 434.698883057 -910.106079102 230.825042725 -534.577453613 -801.161926270 -251.561111450 -728.847717285 711.921325684 -378.065124512
703.293334961 -326.340759277 300.814422607 645.789001465 157.971160889 722.082519531 -667.114807129 281.555389404 -727.460571289 233.524353027 -399.576324463 -675.020996094 -250.174270630 -629.964111328 616.324279785 -275.192138672 677.977233887 -322.914642334 289.286834717 642.722778320 156.392547607 722.231201172 -676.075012207 280.449279785 -742.991333008 222.423736572 -413.206176758 -695.191650391 -249.505416870 -640.291992188 626.337158203 -293.496337891 695.148742676 -333.839355469 298.102905273 633.483276367 159.365188599 716.355957031 -653.023559570 271.077056885 817.144104004 -348.445678711 376.085357666 726.106018066 156.446334839 740.974182129 -838.258850098 434.105834961 -909.068420410 230.508499146 -533.799621582 -800.105163574 -251.129837036 -727.779602051 710.914916992 -377.461242676
704.726257324 -326.270904541 302.097351074 646.778747559 157.334030151 723.638366699 -668.195800781 282.876831055 -729.243347168 233.134674072 -401.095062256 -676.060241699 -249.719863892 -631.668151855 617.266784668 -276.756286621 679.719055176 -322.890197754 290.768768311 643.715759277 156.009063721 723.906921387 -677.055175781 281.802795410 -744.661315918 222.211364746 -414.625091553 -695.980285645 -249.062316895 -641.844177246 627.205627441 -294.823272705 696.685180664 -333.596801758 299.375061035 634.692321777 158.627365112 718.054931641 -654.213745117 272.463226318 816.104553223 -347.943328857 375.556060791 725.201904297 156.127700806 739.752868652 -837.240234375 433.513092041 -908.030700684 230.192199707 -533.022155762 -799.048278809 -250.698867798 -726.711425781 709.908325195 -376.857757568
706.157653809 -326.201995850 303.379425049 647.768127441 156.706207275 725.194641113 -669.276489258 284.197967529 -731.026184082 232.745651245 -402.613739014 -677.099609375 -249.267120361 -633.372314453 618.209655762 -278.320098877 681.460937500 -322.866699219 292.250518799 644.708923340 155.633193970 725.581176758 -678.035034180 283.155853271 -746.330627441 221.999664307 -416.042999268 -696.768676758 -248.621215820 -643.395568848 628.073486328 -296.148681641 698.221130371 -333.355438232 300.647155762 635.901367188 157.895858765 719.755737305 -655.403930664 273.849395752 815.064941406 -347.441253662 375.027099609 724.297729492 155.809402466 738.531494141 -836.221435547 432.920715332 -906.993041992 229.876174927 -532.244995117 -797.991149902 -250.268218994 -725.643249512 708.901672363 -376.254638672
707.587524414 -326.134094238 304.660675049 648.757080078 156.089202881 726.751586914 -670.356933594 285.518798828 -732.809204102 232.357330322 -404.132354736 -678.139221191 -248.816131592 -635.076538086 619.152832031 -279.883544922 683.202697754 -322.844146729 293.731994629 645.702331543 155.266220093 727.254150391 -679.014587402 284.508453369 -747.999206543 221.788635254 -417.459930420 -697.556762695 -248.182159424 -644.946105957 628.940612793 -297.472473145 699.756530762 -333.115325928 301.919158936 637.110412598 157.171447754 721.458435059 -656.594116211 275.235595703 814.025268555 -346.939483643 374.498443604 723.393432617 155.491409302 737.310180664 -835.202575684 432.328643799 -905.955383301 229.560424805 -531.468139648 -796.933898926 -249.837890625 -724.574951172 707.894836426 -375.651855469
709.015808105 -326.067199707 305.941040039 649.745605469 155.484603882 728.309326172 -671.437011719 286.839294434 -734.592285156 231.969680786 -405.650878906 -679.179016113 -248.366912842 -636.780944824 620.096313477 -281.446624756 684.944519043 -322.822601318 295.213287354 646.695922852 154.909942627 728.925781250 -679.993835449 285.860626221 -749.666992188 221.578292847 -418.875793457 -698.344665527 -247.745223999 -646.495727539 629.807006836 -298.794616699 701.291320801 -332.876464844 303.191070557 638.319519043 156.455169678 723.163269043 -657.784240723 276.621765137 812.985473633 -346.437957764 373.970123291 722.488952637 155.173767090 736.088745117 -834.183532715 431.736938477 -904.917663574 229.244934082 -530.691589355 -795.876403809 -249.407882690 -723.506591797 706.887878418 -375.049499512
710.442504883 -326.001312256 307.220489502 650.733703613 154.893905640 729.867919922 -672.516845703 288.159454346 -736.375488281 231.582748413 -407.169342041 -680.218994141 -247.919525146 -638.485412598 621.040222168 -283.009307861 686.686279297 -322.802032471 296.694305420 647.689758301 154.565994263 730.596008301 -680.972839355 287.212341309 -751.333984375 221.368667603 -420.290618896 -699.132263184 -247.310470581 -648.044433594 630.672729492 -300.115081787 702.825622559 -332.638885498 304.462860107 639.528625488 155.748382568 724.870605469 -658.974304199 278.007965088 811.945556641 -345.936737061 373.442108154 721.584411621 154.856460571 734.867309570 -833.164367676 431.145568848 -903.879943848 228.929733276 -529.915466309 -794.818786621 -248.978195190 -722.438171387 705.880798340 -374.447479248
711.867553711 -325.936492920 308.498992920 651.721252441 154.318588257 731.426879883 -673.596313477 289.479278564 -738.158752441 231.196548462 -408.687713623 -681.259155273 -247.474029541 -640.190002441 621.984436035 -284.571594238 688.428039551 -322.782470703 298.175140381 648.683776855 154.235931396 732.264160156 -681.951477051 288.563568115 -753.000183105 221.159744263 -421.704345703 -699.919555664 -246.877975464 -649.592163086 631.537658691 -301.433837891 704.359313965 -332.402618408 305.734588623 640.737731934 155.052749634 726.580627441 -660.164428711 279.394165039 810.905578613 -345.435821533 372.914459229 720.679748535 154.539489746 733.645874023 -832.145080566 430.554504395 -902.842163086 228.614822388 -529.139648438 -793.760925293 -248.548858643 -721.369628906 704.873535156 -373.845855713
713.290832520 -325.872772217 309.776489258 652.708374023 154.318588257 731.426879883 -674.675537109 290.798767090 -739.942138672 230.811065674 -410.205963135 -682.299499512 -247.030502319 -641.894714355 622.929077148 -286.133483887 690.169738770 -322.763946533 299.655700684 649.677978516 154.235931396 732.264160156 -682.929809570 289.914337158 -754.665588379 220.951553345 -423.116943359 -700.706604004 -246.447814941 -651.138854980 632.401916504 -302.750793457 705.892456055 -332.167694092 307.006164551 641.946838379 154.369842529 728.293457031 -661.354431152 280.780395508 809.865539551 -344.935211182 372.387115479 719.774963379 154.222885132 732.424377441 -831.125610352 429.963836670 -901.804382324 228.300201416 -528.364135742 -792.702819824 -248.119873047 -720.301025391 703.866149902 -373.244628906
714.712463379 -325.810150146 311.052947998 653.694885254 154.318588257 731.426879883 -675.754333496 292.117919922 -741.725646973 230.426345825 -411.724151611 -683.340026855 -246.588989258 -643.599548340 623.874023438 -287.694915771 691.911376953 -322.746490479 301.136047363 650.672363281 154.235931396 732.264160156 -683.907836914 291.264617920 -756.330200195 220.744110107 -424.528411865 -701.493408203 -246.020065308 -652.684570312 633.265380859 -304.065948486 707.424926758 -331.934143066 308.277648926 643.156005859 153.701187134 730.008605957 -662.544433594 282.166625977 808.825317383 -344.434906006 371.860107422 718.870056152 153.906646729 731.202758789 -830.106018066 429.373474121 -900.766540527 227.985870361 -527.588989258 -791.644531250 -247.691223145 -719.232360840 702.858581543 -372.643768311
716.132263184 -325.748657227 312.328338623 654.680847168 154.318588257 731.426879883 -676.832885742 293.436706543 -743.509216309 230.042404175 -413.242218018 -684.380798340 -246.149551392 -645.304443359 624.819396973 -289.255889893 693.653015137 -322.730133057 302.616149902 651.666992188 154.235931396 732.264160156 -684.885498047 292.614440918 -757.993957520 220.537429810 -425.938720703 -702.279846191 -245.594818115 -654.229187012 634.128112793 -305.379180908 708.956848145 -331.702026367 309.548980713 644.365173340 153.701187134 730.008605957 -663.734436035 283.552825928 807.785034180 -343.934906006 371.333435059 717.964965820 153.906646729 731.202758789 -829.086303711 428.783508301 -899.728698730 227.671859741 -526.814208984 -790.586059570 -247.262939453 -718.163574219 701.850830078 -372.043304443
717.550292969 -325.688323975 313.602600098 655.666259766 154.318588257 731.426879883 -677.911010742 294.755126953 -745.292907715 229.659225464 -414.760192871 -685.421752930 -245.712280273 -647.009521484 625.765197754 -290.816406250 695.394531250 -322.714874268 304.096008301 652.661804199 154.235931396 732.264160156 -685.862854004 293.963714600 -759.656799316 220.331527710 -427.347808838 -703.066040039 -245.172180176 -655.772705078 634.989990234 -306.690521240 710.488098145 -331.471343994 310.820190430 645.574340820 153.701187134 730.008605957 -664.924316406 284.939086914 806.744628906 -343.435241699 370.807098389 717.059814453 153.906646729 731.202758789 -828.066345215 428.193878174 -898.690795898 227.358154297 -526.039733887 -789.527343750 -246.835006714 -717.094665527 700.842895508 -371.443237305
718.966430664 -325.629150391 314.875732422 656.651062012 154.318588257 731.426879883 -678.988830566 296.073211670 -747.076721191 229.276855469 -416.278045654 -686.462890625 -245.277252197 -648.714599609 626.711364746 -292.376464844 697.136047363 -322.700714111 305.575592041 653.656860352 154.235931396 732.264160156 -686.839843750 295.312530518 -761.318725586 220.126419067 -428.755645752 -703.851928711 -244.752243042 -657.315063477 635.851135254 -307.999908447 712.018676758 -331.242156982 312.091278076 646.783508301 153.701187134 730.008605957 -666.114196777 286.325317383 805.704040527 -342.935882568 370.281127930 716.154418945 153.906646729 731.202758789 -827.046264648 427.604614258 -897.652832031 227.044769287 -525.265686035 -788.468444824 -246.407455444 -716.025695801 699.834838867 -370.843566895
720.380798340 -325.571228027 316.147674561 657.635192871 154.318588257 731.426879883 -680.066223145 297.390899658 -748.860595703 228.895278931 -417.795776367 -687.504211426 -244.844528198 -650.419799805 627.657958984 -293.936004639 698.877502441 -322.687744141 307.054901123 654.652099609 154.235931396 732.264160156 -687.816467285 296.660797119 -762.979797363 219.922103882 -430.162231445 -704.637451172 -244.335113525 -658.856201172 636.711547852 -309.307250977 713.548645020 -331.014495850 313.362182617 647.992675781 153.701187134 730.008605957 -667.304016113 287.711578369 804.663391113 -342.436859131 369.755493164 715.248901367 153.906646729 731.202758789 -826.026062012 427.015686035 -896.614807129 226.731704712 -524.491943359 -787.409301758 -245.980285645 -714.956604004 698.826599121 -370.244293213
721.793212891 -325.514526367 317.418365479 658.618713379 154.318588257 731.426879883 -681.143310547 298.708221436 -750.644531250 228.514541626 -419.313385010 -688.545776367 -244.414230347 -652.125122070 628.605041504 -295.494995117 700.618896484 -322.675933838 308.533905029 655.647521973 154.235931396 732.264160156 -688.792724609 298.008544922 -764.639892578 219.718612671 -431.567504883 -705.422729492 -243.920913696 -660.396179199 637.571166992 -310.612579346 715.077880859 -330.788360596 314.632934570 649.201904297 153.701187134 730.008605957 -668.493774414 289.097839355 803.622619629 -341.938171387 369.230194092 714.343261719 153.906646729 731.202758789 -825.005615234 426.427154541 -895.576782227 226.418960571 -523.718566895 -786.349914551 -245.553482056 -713.887390137 697.818115234 -369.645416260
723.203796387 -325.459136963 318.687774658 659.601562500 154.318588257 731.426879883 -682.219970703 300.025146484 -752.428588867 228.134643555 -420.830871582 -689.587585449 -243.986404419 -653.830505371 629.552551270 -297.053466797 702.360229492 -322.665313721 310.012603760 656.643249512 154.235931396 732.264160156 -689.768615723 299.355773926 -766.299072266 219.515960693 -432.971405029 -706.207641602 -243.509750366 -661.934814453 638.429992676 -311.915802002 716.606445312 -330.563842773 315.903533936 650.411132812 153.701187134 730.008605957 -669.683471680 290.484069824 802.581665039 -341.439819336 368.705291748 713.437438965 153.906646729 731.202758789 -823.985046387 425.839019775 -894.538635254 226.106567383 -522.945617676 -785.290283203 -245.127075195 -712.818054199 696.809509277 -369.046966553
724.612426758 -325.405029297 319.955841064 660.583679199 154.318588257 731.426879883 -683.296264648 301.341705322 -754.212768555 227.755584717 -422.348205566 -690.629577637 -243.561187744 -655.536010742 630.500549316 -298.611389160 704.101440430 -322.655944824 311.490966797 657.639221191 154.235931396 732.264160156 -690.744079590 300.702453613 -767.957275391 219.314147949 -434.373962402 -706.992248535 -243.101776123 -663.472167969 639.288085938 -313.216918945 718.134277344 -330.340972900 317.173919678 651.620361328 153.701187134 730.008605957 -670.873168945 291.870361328 801.540588379 -340.941833496 368.180694580 712.531494141 153.906646729 731.202758789 -822.964233398 425.251220703 -893.500488281 225.794494629 -522.172973633 -784.230407715 -244.701049805 -711.748535156 695.800659180 -368.448913574
726.019104004 -325.352325439 321.222534180 661.565063477 154.318588257 731.426879883 -684.372131348 302.657836914 -755.996948242 227.377410889 -423.865386963 -691.671752930 -243.138687134 -657.241577148 631.449096680 -300.168670654 705.842590332 -322.647827148 312.968994141 658.635437012 154.235931396 732.264160156 -691.719177246 302.048553467 -769.614440918 219.113204956 -435.775085449 -707.776489258 -242.697158813 -665.008117676 640.145446777 -314.515838623 719.661437988 -330.119781494 318.444091797 652.829650879 153.701187134 730.008605957 -672.062744141 293.256622314 800.499389648 -340.444183350 367.656494141 711.625305176 153.906646729 731.202758789 -821.943298340 424.663818359 -892.462219238 225.482772827 -521.400695801 -783.170288086 -244.275436401 -710.678955078 694.791625977 -367.851287842
727.423889160 -325.300994873 322.487792969 662.545715332 154.318588257 731.426879883 -685.447570801 303.973571777 -757.781311035 227.000122070 -425.382415771 -692.714233398 -242.718994141 -658.947204590 632.398071289 -301.725372314 707.583679199 -322.640991211 314.446624756 659.631958008 154.235931396 732.264160156 -692.693847656 303.394104004 -771.270568848 218.913146973 -437.174743652 -708.560363770 -242.296020508 -666.542663574 641.002014160 -315.812530518 721.187805176 -329.900329590 319.714050293 654.038940430 153.701187134 730.008605957 -673.252197266 294.642883301 799.458007812 -339.946868896 367.132659912 710.718994141 153.906646729 731.202758789 -820.922119141 424.076782227 -891.423889160 225.171401978 -520.628845215 -782.109863281 -243.850219727 -709.609252930 693.782409668 -367.254058838
728.826660156 -325.251129150 323.751556396 663.525634766 154.318588257 731.426879883 -686.522644043 305.288909912 -759.565673828 226.623718262 -426.899291992 -693.756896973 -242.302261353 -660.652893066 633.347595215 -303.281433105 709.324645996 -322.635467529 315.923858643 660.628723145 154.235931396 732.264160156 -693.668151855 304.739074707 -772.925598145 218.713989258 -438.572906494 -709.343933105 -241.898574829 -668.075683594 641.857971191 -317.106964111 722.713500977 -329.682647705 320.983795166 655.248229980 153.701187134 730.008605957 -674.441650391 296.029144287 798.416503906 -339.449920654 366.609161377 709.812500000 153.906646729 731.202758789 -819.900817871 423.490173340 -890.385498047 224.860382080 -519.857299805 -781.049255371 -243.425415039 -708.539367676 692.772949219 -366.657287598
730.227478027 -325.202789307 325.013763428 664.504760742 154.318588257 731.426879883 -687.597229004 306.603790283 -761.350158691 226.248245239 -428.416015625 -694.799865723 -241.888610840 -662.358642578 634.297729492 -304.836791992 711.065490723 -322.631286621 317.400665283 661.625854492 154.235931396 732.264160156 -694.641967773 306.083465576 -774.579589844 218.515747070 -439.969543457 -710.127136230 -241.505020142 -669.607177734 642.713195801 -318.399078369 724.238403320 -329.466766357 322.253265381 656.457580566 153.701187134 730.008605957 -675.630981445 297.415435791 797.374816895 -338.953369141 366.086059570 708.905822754 153.906646729 731.202758789 -818.879211426 422.903900146 -889.346984863 224.549728394 -519.086181641 -779.988342285 -243.001022339 -707.469360352 691.763244629 -366.060913086
731.626281738 -325.156005859 326.274353027 665.483093262 154.318588257 731.426879883 -688.671447754 307.918243408 -763.134704590 225.873687744 -429.932525635 -695.843017578 -241.478210449 -664.064453125 635.248352051 -306.391479492 712.806274414 -322.628509521 318.877014160 662.623352051 154.235931396 732.264160156 -695.615356445 307.427246094 -776.232482910 218.318435669 -441.364562988 -710.909973145 -241.115554810 -671.137084961 643.567810059 -319.688842773 725.762512207 -329.252807617 323.522491455 657.666931152 153.701187134 730.008605957 -676.820251465 298.801696777 796.333007812 -338.457153320 365.563323975 707.998962402 153.906646729 731.202758789 -817.857482910 422.318054199 -888.308410645 224.239440918 -518.315490723 -778.927185059 -242.577056885 -706.399169922 690.753356934 -365.464965820
733.023132324 -325.110870361 327.533233643 666.460571289 154.318588257 731.426879883 -689.745178223 309.232238770 -764.919311523 225.500091553 -431.448852539 -696.886474609 -241.071228027 -665.770324707 636.199645996 -307.945404053 714.546936035 -322.627166748 320.352874756 663.621154785 154.235931396 732.264160156 -696.588317871 308.770416260 -777.884216309 218.122070312 -442.757965088 -711.692443848 -240.730438232 -672.665405273 644.421813965 -320.976165771 727.285888672 -329.040802002 324.791381836 658.876403809 153.701187134 730.008605957 -678.009460449 300.187957764 795.290954590 -337.961303711 365.040954590 707.091857910 153.906646729 731.202758789 -816.835510254 421.732604980 -887.269775391 223.929519653 -517.545104980 -777.865783691 -242.153518677 -705.328857422 689.743225098 -364.869445801
734.417907715 -325.067413330 328.790374756 667.437255859 154.318588257 731.426879883 -690.818481445 310.545806885 -766.704040527 225.127456665 -432.964965820 -697.930175781 -240.667861938 -667.476196289 637.151550293 -309.498565674 716.287475586 -322.627258301 321.828216553 664.619384766 154.235931396 732.264160156 -697.560791016 310.112945557 -779.534729004 217.926681519 -444.149658203 -712.474487305 -240.349945068 -674.192077637 645.275207520 -322.260986328 728.808532715 -328.830780029 326.059997559 660.085876465 153.701187134 730.008605957 -679.198608398 301.574188232 794.248779297 -337.465850830 364.518981934 706.184631348 153.906646729 731.202758789 -815.813354492 421.147552490 -886.231018066 223.619979858 -516.775146484 -776.804077148 -241.730407715 -704.258361816 688.732910156 -364.274353027
735.810729980 -325.025756836 330.045684814 668.413085938 154.318588257 731.426879883 -691.891296387 311.858886719 -768.488830566 224.755813599 -434.480895996 -698.974121094 -240.268341064 -669.182128906 638.104064941 -311.050933838 718.027832031 -322.628875732 323.302978516 665.617980957 154.235931396 732.264160156 -698.532836914 311.454833984 -781.184082031 217.732284546 -445.539611816 -713.256225586 -239.974411011 -675.717041016 646.128112793 -323.543273926 730.330383301 -328.622863770 327.328247070 661.295410156 153.701187134 730.008605957 -680.387634277 302.960418701 793.206420898 -336.970794678 363.997375488 705.277160645 153.906646729 731.202758789 -814.790954590 420.562896729 -885.192199707 223.310821533 -516.005615234 -775.742065430 -241.307723999 -703.187683105 687.722290039 -363.679718018
737.201477051 -324.985961914 331.299102783 669.388122559 154.318588257 731.426879883 -692.963623047 313.171508789 -770.273681641 224.385177612 -435.996582031 -700.018371582 -239.872894287 -670.888061523 639.057312012 -312.602447510 719.768127441 -322.632019043 324.777130127 666.617065430 154.235931396 732.264160156 -699.504455566 312.796051025 -782.832214355 217.538909912 -446.927764893 -714.037536621 -239.604232788 -677.240295410 646.980468750 -324.822906494 731.851440430 -328.417083740 328.596099854 662.505004883 153.701187134 730.008605957 -681.576538086 304.346649170 792.163879395 -336.476104736 363.476165771 704.369506836 153.906646729 731.202758789 -813.768310547 419.978668213 -884.153259277 223.002044678 -515.236450195 -774.679748535 -240.885498047 -702.116882324 686.711486816 -363.085510254
738.590209961 -324.948150635 332.550537109 670.362304688 154.318588257 731.426879883 -694.035522461 314.483612061 -772.058532715 224.015563965 -437.512054443 -701.062927246 -239.481811523 -672.593933105 640.011230469 -314.153076172 721.508239746 -322.636749268 326.250671387 667.616577148 154.235931396 732.264160156 -700.475524902 314.136627197 -784.479064941 217.346557617 -448.314056396 -714.818481445 -239.239822388 -678.761779785 647.832458496 -326.099853516 733.371704102 -328.213531494 329.863586426 663.714721680 153.701187134 730.008605957 -682.765441895 305.732849121 791.121154785 -335.981811523 362.955352783 703.461608887 153.906646729 731.202758789 -812.745422363 419.394836426 -883.114196777 222.693649292 -514.467651367 -773.617187500 -240.463699341 -701.045898438 685.700378418 -362.491729736
739.976867676 -324.912384033 333.799926758 671.335754395 154.318588257 731.426879883 -695.106933594 315.795227051 -773.843566895 223.647003174 -439.027252197 -702.107849121 -239.095443726 -674.299865723 640.965942383 -315.702758789 723.248229980 -322.643096924 327.723480225 668.616638184 154.235931396 732.264160156 -701.446105957 315.476501465 -786.124572754 217.155258179 -449.698455811 -715.598999023 -238.881744385 -680.281494141 648.684082031 -327.373992920 734.891235352 -328.012329102 331.130584717 664.924499512 153.701187134 730.008605957 -683.954223633 307.119049072 790.078247070 -335.487915039 362.434936523 702.553527832 153.906646729 731.202758789 -811.722351074 418.811401367 -882.075012207 222.385650635 -513.699279785 -772.554321289 -240.042373657 -699.974731445 684.689025879 -361.898437500
741.361511230 -324.878784180 335.047180176 672.308349609 154.318588257 731.426879883 -696.177795410 317.106323242 -775.628601074 223.279495239 -440.542175293 -703.153015137 -238.714187622 -676.005676270 641.921447754 -317.251464844 724.988037109 -322.651153564 329.195587158 669.617248535 154.235931396 732.264160156 -702.416259766 316.815643311 -787.768798828 216.965042114 -451.080871582 -716.379150391 -238.530670166 -681.799377441 649.535400391 -328.645233154 736.409973145 -327.813507080 332.397155762 666.134460449 153.701187134 730.008605957 -685.142883301 308.505187988 789.035156250 -334.994415283 361.914886475 701.645202637 153.906646729 731.202758789 -810.699035645 418.228424072 -881.035766602 222.078063965 -512.931335449 -771.491149902 -239.621490479 -698.903381348 683.677490234 -361.305541992
742.744018555 -324.847442627 336.292236328 673.280212402 154.318588257 731.426879883 -697.248229980 318.416870117 -777.413696289 222.913085938 -442.056854248 -704.198608398 -238.338516235 -677.711486816 642.877746582 -318.799102783 726.727722168 -322.660980225 330.666870117 670.618408203 154.235931396 732.264160156 -703.385864258 318.154083252 -789.411621094 216.775924683 -452.461273193 -717.158935547 -238.187423706 -683.315429688 650.386535645 -329.913482666 737.927917480 -327.617248535 333.663146973 667.344482422 153.701187134 730.008605957 -686.331481934 309.891326904 787.991821289 -334.501312256 361.395233154 700.736694336 153.906646729 731.202758789 -809.675476074 417.645843506 -879.996398926 221.770858765 -512.163757324 -770.427673340 -239.201065063 -697.831848145 682.665588379 -360.713134766
744.124511719 -324.818542480 337.535003662 674.251342773 154.318588257 731.426879883 -698.318115234 319.726898193 -779.198852539 222.547790527 -443.571197510 -705.244506836 -237.969024658 -679.417175293 643.835021973 -320.345642090 728.467163086 -322.672576904 332.137298584 671.620239258 154.235931396 732.264160156 -704.354919434 319.491790771 -791.053039551 216.587936401 -453.839599609 -717.938354492 -237.853103638 -684.829589844 651.237609863 -331.178619385 739.445068359 -327.423614502 334.928588867 668.554687500 153.701187134 730.008605957 -687.519958496 311.277404785 786.948364258 -334.008605957 360.876007080 699.827941895 153.906646729 731.202758789 -808.651672363 417.063659668 -878.956909180 221.464080811 -511.396636963 -769.363891602 -238.781112671 -696.760131836 681.653503418 -360.121185303
745.502929688 -324.792205811 338.775329590 675.221862793 154.318588257 731.426879883 -699.387451172 321.036346436 -780.984069824 222.183639526 -445.085235596 -706.290771484 -237.606445312 -681.122741699 644.793151855 -321.890991211 730.206481934 -322.686035156 333.606781006 672.622741699 154.235931396 732.264160156 -705.323486328 320.828735352 -792.692993164 216.401107788 -455.215789795 -718.717468262 -237.529174805 -686.341735840 652.088623047 -332.440521240 740.961486816 -327.232727051 336.193420410 669.765075684 153.701187134 730.008605957 -688.708374023 312.663452148 785.904602051 -333.516326904 360.357177734 698.918945312 153.906646729 731.202758789 -807.627624512 416.481933594 -877.917297363 221.157714844 -510.629913330 -768.299804688 -238.361633301 -695.688171387 680.641113281 -359.529663086
746.879211426 -324.768585205 340.013153076 676.191772461 154.318588257 731.426879883 -700.456298828 322.345245361 -782.769348145 221.820648193 -446.598937988 -707.337463379 -237.251785278 -682.828063965 645.752319336 -323.435119629 731.945556641 -322.701446533 335.075256348 673.625976562 154.235931396 732.264160156 -706.291564941 322.164886475 -794.331481934 216.215454102 -456.589813232 -719.496276855 -237.217315674 -687.851806641 652.939758301 -333.699005127 742.477111816 -327.044769287 337.457519531 670.975646973 153.701187134 730.008605957 -689.896667480 314.049468994 784.860717773 -333.024475098 359.838745117 698.009704590 153.906646729 731.202758789 -806.603271484 415.900634766 -876.877502441 220.851760864 -509.863616943 -767.235351562 -237.942611694 -694.616088867 679.628417969 -358.938629150
748.253479004 -324.747833252 341.248291016 677.161132812 154.318588257 731.426879883 -701.524658203 323.653533936 -784.554687500 221.458847046 -448.112274170 -708.384582520 -236.906341553 -684.533142090 646.712585449 -324.977874756 733.684448242 -322.718841553 336.542663574 674.630065918 154.235931396 732.264160156 -707.259033203 323.500244141 -795.968444824 216.031021118 -457.961608887 -720.274780273 -236.919082642 -689.359313965 653.791137695 -334.953948975 743.992004395 -326.859863281 338.720886230 672.186462402 153.701187134 730.008605957 -691.084899902 315.435424805 783.816528320 -332.533050537 359.320709229 697.100280762 153.906646729 731.202758789 -805.578735352 415.319763184 -875.837646484 220.546234131 -509.097747803 -766.170593262 -237.524093628 -693.543762207 678.615478516 -358.348052979
749.625549316 -324.730194092 342.480621338 678.130126953 154.318588257 731.426879883 -702.592407227 324.961212158 -786.340087891 221.098251343 -449.625213623 -709.432189941 -236.571914673 -686.237792969 647.674011230 -326.519226074 735.423095703 -322.738342285 338.008850098 675.635009766 154.235931396 732.264160156 -708.226013184 324.834777832 -797.603820801 215.847824097 -459.331146240 -721.053039551 -236.635971069 -690.863220215 654.642883301 -336.205139160 745.506164551 -326.678161621 339.983367920 673.397521973 153.701187134 730.008605957 -692.273071289 316.821350098 782.772216797 -332.042022705 358.803100586 696.190551758 153.906646729 731.202758789 -804.553894043 414.739349365 -874.797668457 220.241119385 -508.332275391 -765.105529785 -237.106033325 -692.471191406 677.602233887 -357.757934570
750.995544434 -324.715820312 343.709930420 679.098754883 154.318588257 731.426879883 -703.659606934 326.268280029 -788.125488281 220.738922119 -451.137756348 -710.480224609 -236.250152588 -687.941467285 648.636657715 -328.059020996 737.161499023 -322.760040283 339.473724365 676.640991211 154.235931396 732.264160156 -709.192443848 326.168457031 -799.237548828 215.665908813 -460.698333740 -721.831115723 -236.635971069 -690.863220215 655.495239258 -337.452331543 747.019531250 -326.499908447 341.244903564 674.608947754 153.701187134 730.008605957 -693.461059570 318.207183838 781.727600098 -331.551422119 358.285919189 695.280639648 153.906646729 731.202758789 -803.528747559 414.159362793 -873.757507324 219.936447144 -507.567230225 -764.040161133 -236.688476562 -691.398437500 676.588745117 -357.168304443
752.363403320 -324.704986572 344.936004639 680.067321777 154.318588257 731.426879883 -704.726318359 327.574707031 -789.910949707 220.380859375 -452.649871826 -711.528808594 -235.942581177 -689.643371582 649.600708008 -329.597137451 738.899719238 -322.783996582 340.937103271 677.648071289 154.235931396 732.264160156 -710.158264160 327.501281738 -800.869567871 215.485305786 -462.063140869 -722.609069824 -236.635971069 -690.863220215 656.348388672 -338.695343018 748.532226562 -326.325286865 342.505371094 675.820739746 153.701187134 730.008605957 -694.649047852 319.592956543 780.682800293 -331.061279297 357.769134521 694.370422363 153.906646729 731.202758789 -802.503356934 413.579803467 -872.717224121 219.632202148 -506.802642822 -762.974426270 -236.271423340 -690.325500488 675.574890137 -356.579132080
753.729125977 -324.697998047 346.158599854 681.035888672 154.318588257 731.426879883 -705.792419434 328.880462646 -791.696472168 220.024093628 -454.161499023 -712.577880859 -235.942581177 -689.643371582 650.566162109 -331.133453369 740.637573242 -322.810363770 342.398864746 678.656372070 154.235931396 732.264160156 -711.123535156 328.833190918 -802.499938965 215.306030273 -463.425476074 -723.386962891 -236.635971069 -690.863220215 657.202514648 -339.933807373 750.044189453 -326.154541016 343.764648438 677.032958984 153.701187134 730.008605957 -695.836914062 320.978668213 779.637756348 -330.571563721 357.252777100 693.459960938 153.906646729 731.202758789 -801.477722168 413.000701904 -871.676818848 219.328399658 -506.038452148 -761.908325195 -236.271423340 -690.325500488 674.560791016 -355.990417480
755.092712402 -324.695129395 347.377349854 682.004699707 154.318588257 731.426879883 -706.857971191 330.185516357 -793.482055664 219.668685913 -455.672637939 -713.627563477 -235.942581177 -689.643371582 651.533264160 -332.667816162 742.375183105 -322.839263916 343.858764648 679.666076660 154.235931396 732.264160156 -712.088256836 330.164184570 -804.128479004 215.128143311 -464.785308838 -724.164855957 -236.635971069 -690.863220215 658.057983398 -341.167419434 751.555419922 -325.987976074 345.022521973 678.245727539 153.701187134 730.008605957 -697.024658203 322.364288330 778.592468262 -330.082275391 356.736816406 692.549194336 153.906646729 731.202758789 -800.451782227 412.422058105 -870.636230469 219.025039673 -505.274719238 -760.841857910 -236.271423340 -690.325500488 673.546325684 -355.402221680
756.454101562 -324.696777344 348.591827393 682.974121094 154.318588257 731.426879883 -707.922912598 331.489898682 -795.267700195 219.314666748 -457.183227539 -714.677856445 -235.942581177 -689.643371582 652.502075195 -334.200012207 744.112548828 -322.870788574 345.316558838 680.677429199 154.235931396 732.264160156 -713.052368164 331.494262695 -805.755187988 214.951690674 -466.142578125 -724.942871094 -236.635971069 -690.863220215 658.915100098 -342.395721436 753.065917969 -325.825927734 346.278808594 679.459106445 153.701187134 730.008605957 -698.212341309 323.749816895 777.546997070 -329.593414307 356.221313477 691.638244629 153.906646729 731.202758789 -799.425537109 411.843841553 -869.595520020 218.722122192 -504.511413574 -759.775085449 -236.271423340 -690.325500488 672.531616211 -354.814483643
757.813354492 -324.703430176 349.801422119 683.944580078 154.318588257 731.426879883 -708.987243652 332.793548584 -797.053344727 218.962051392 -458.693267822 -715.728820801 -235.942581177 -689.643371582 653.472900391 -335.729827881 745.849487305 -322.905151367 346.771881104 681.690673828 154.235931396 732.264160156 -714.015869141 332.823333740 -807.380065918 214.776687622 -467.497161865 -725.721008301 -236.635971069 -690.863220215 659.774353027 -343.618194580 754.575805664 -325.668762207 347.533203125 680.673217773 153.701187134 730.008605957 -699.399963379 325.135253906 776.501220703 -329.105041504 355.706237793 690.726989746 153.906646729 731.202758789 -798.399047852 411.266082764 -868.554626465 218.419662476 -503.748565674 -758.707946777 -236.271423340 -690.325500488 671.516540527 -354.227233887
759.170349121 -324.715545654 351.005310059 684.916625977 154.318588257 731.426879883 -710.051025391 334.096435547 -798.838989258 218.610885620 -460.202667236 -716.780517578 -235.942581177 -689.643371582 654.445861816 -337.257019043 747.586120605 -322.942504883 348.224243164 682.706237793 154.235931396 732.264160156 -714.978759766 334.151428223 -809.002929688 214.603195190 -468.848968506 -726.499511719 -236.635971069 -690.863220215 660.636169434 -344.834167480 756.084960938 -325.516937256 348.785369873 681.888305664 153.701187134 730.008605957 -700.587463379 326.520599365 775.455200195 -328.617095947 355.191589355 689.815429688 153.906646729 731.202758789 -797.372253418 410.688781738 -867.513610840 218.117645264 -502.986145020 -757.640441895 -236.271423340 -690.325500488 670.501159668 -353.640441895
760.525085449 -324.733856201 352.202056885 685.891296387 154.318588257 731.426879883 -711.114196777 335.398559570 -800.624694824 218.261230469 -461.711425781 -717.832946777 -235.942581177 -689.643371582 655.421264648 -338.781219482 749.322387695 -322.983093262 349.673004150 683.724609375 154.235931396 732.264160156 -715.941101074 335.478485107 -810.623901367 214.431274414 -470.197967529 -727.278381348 -236.635971069 -690.863220215 661.501342773 -346.042755127 757.593505859 -325.371063232 350.034729004 683.104553223 153.701187134 730.008605957 -701.774902344 327.905822754 774.408935547 -328.129577637 354.677368164 688.903625488 153.906646729 731.202758789 -796.345153809 410.111968994 -866.472412109 217.816101074 -502.224151611 -756.572570801 -236.271423340 -690.325500488 669.485473633 -353.054168701
761.877563477 -324.759216309 353.389801025 686.869567871 154.318588257 731.426879883 -712.176818848 336.699890137 -802.410461426 217.913116455 -463.219451904 -718.886169434 -235.942581177 -689.643371582 656.399475098 -340.302062988 751.058227539 -323.027191162 351.117095947 684.746643066 154.235931396 732.264160156 -716.902770996 336.804473877 -812.242858887 214.260955811 -471.544006348 -728.057861328 -236.635971069 -690.863220215 662.370849609 -347.242706299 759.101379395 -325.231811523 351.280487061 684.322387695 153.701187134 730.008605957 -702.962280273 329.290893555 773.362426758 -327.642547607 354.163574219 687.991577148 153.906646729 731.202758789 -795.317749023 409.535583496 -865.431030273 217.515014648 -501.462646484 -755.504394531 -236.271423340 -690.325500488 668.469421387 -352.468383789
763.227661133 -324.792755127 353.389801025 686.869567871 154.318588257 731.426879883 -713.238769531 338.000396729 -804.196228027 217.566604614 -464.726715088 -719.940368652 -235.942581177 -689.643371582 657.380920410 -341.819030762 752.793579102 -323.075042725 352.554687500 685.773681641 154.235931396 732.264160156 -717.863830566 338.129394531 -813.859741211 214.092300415 -472.886962891 -728.838073730 -236.635971069 -690.863220215 663.245666504 -348.432495117 760.608581543 -325.100097656 352.521057129 685.542602539 153.701187134 730.008605957 -704.149536133 330.675872803 772.315673828 -327.155975342 353.650207520 687.079162598 153.906646729 731.202758789 -794.289978027 408.959686279 -864.389526367 217.214385986 -500.701568604 -754.435791016 -236.271423340 -690.325500488 667.453063965 -351.883087158
764.575317383 -324.836059570 353.389801025 686.869567871 154.318588257 731.426879883 -714.300109863 339.300079346 -805.981994629 217.221725464 -466.233154297 -720.995422363 -235.942581177 -689.643371582 658.366149902 -343.331390381 754.528442383 -323.127075195 352.554687500 685.773681641 154.235931396 732.264160156 -718.824279785 339.453155518 -815.474548340 213.925369263 -474.226745605 -729.619262695 -236.635971069 -690.863220215 664.126464844 -349.610321045 762.115173340 -324.977111816 352.521057129 685.542602539 153.701187134 730.008605957 -705.336730957 332.060699463 771.268615723 -326.669860840 353.650207520 687.079162598 153.906646729 731.202758789 -793.261962891 408.384246826 -863.347839355 216.914230347 -499.940917969 -753.366760254 -236.271423340 -690.325500488 666.436401367 -351.298278809
765.920471191 -324.890747070 353.389801025 686.869567871 154.318588257 731.426879883 -715.360778809 340.598846436 -807.767761230 216.878555298 -467.738677979 -722.051574707 -235.942581177 -689.643371582 659.355957031 -344.838226318 756.262695312 -323.183776855 352.554687500 685.773681641 154.235931396 732.264160156 -719.784057617 340.775756836 -817.087280273 213.760238647 -475.563140869 -730.401550293 -236.635971069 -690.863220215 665.013732910 -350.774566650 763.621154785 -324.864654541 352.521057129 685.542602539 153.701187134 730.008605957 -706.523864746 333.445373535 770.221313477 -326.184204102 353.650207520 687.079162598 153.906646729 731.202758789 -792.233642578 407.809265137 -862.305969238 216.614547729 -499.180755615 -752.297424316 -236.271423340 -690.325500488 665.419372559 -350.713989258
767.262939453 -324.958282471 353.389801025 686.869567871 154.318588257 731.426879883 -716.420837402 341.896728516 -809.553588867 216.537155151 -469.243225098 -723.108886719 -235.942581177 -689.643371582 660.351623535 -346.338012695 757.996337891 -323.245758057 352.554687500 685.773681641 154.235931396 732.264160156 -720.743225098 342.097167969 -818.697875977 213.596984863 -476.895996094 -731.185241699 -236.635971069 -690.863220215 665.013732910 -350.774566650 765.126342773 -324.764282227 352.521057129 685.542602539 153.701187134 730.008605957 -707.710937500 334.829864502 769.173767090 -325.699035645 353.650207520 687.079162598 153.906646729 731.202758789 -791.205017090 407.234771729 -861.263916016 216.315338135 -498.421051025 -751.227722168 -236.271423340 -690.325500488 664.401977539 -350.130187988
767.262939453 -324.958282471 353.389801025 686.869567871 154.318588257 731.426879883 -717.480285645 343.193695068 -811.339416504 216.197586060 -470.746673584 -724.167419434 -235.942581177 -689.643371582 661.354064941 -347.829040527 759.729125977 -323.313964844 352.554687500 685.773681641 154.235931396 732.264160156 -721.701721191 343.417327881 -820.306335449 213.435684204 -478.225128174 -731.970703125 -236.635971069 -690.863220215 665.013732910 -350.774566650 766.630310059 -324.677398682 352.521057129 685.542602539 153.701187134 730.008605957 -708.898010254 336.214172363 768.125915527 -325.214324951 353.650207520 687.079162598 153.906646729 731.202758789 -790.176025391 406.660766602 -860.221740723 216.016601562 -497.661773682 -750.157592773 -236.271423340 -690.325500488 663.384216309 -349.546905518
767.262939453 -324.958282471 353.389801025 686.869567871 154.318588257 731.426879883 -718.539123535 344.489654541 -813.125244141 215.859939575 -472.248931885 -725.227355957 -235.942581177 -689.643371582 662.364013672 -349.309631348 761.460998535 -323.389678955 352.554687500 685.773681641 154.235931396 732.264160156 -722.659545898 344.736206055 -821.912536621 213.276443481 -479.550231934 -732.758239746 -236.635971069 -690.863220215 665.013732910 -350.774566650 766.630310059 -324.677398682 352.521057129 685.542602539 153.701187134 730.008605957 -710.084960938 337.598297119 767.077819824 -324.730072021 353.650207520 687.079162598 153.906646729 731.202758789 -789.146728516 406.087219238 -859.179321289 215.718353271 -496.902984619 -749.087036133 -236.271423340 -690.325500488 662.366149902 -348.964111328
767.262939453 -324.958282471 353.389801025 686.869567871 154.318588257 731.426879883 -719.597229004 345.784606934 -814.911071777 215.524276733 -473.749877930 -726.288818359 -235.942581177 -689.643371582 662.364013672 -349.309631348 763.191528320 -323.474792480 352.554687500 685.773681641 154.235931396 732.264160156 -723.616760254 346.053741455 -823.516601562 213.119369507 -480.871093750 -733.548217773 -236.635971069 -690.863220215 665.013732910 -350.774566650 766.630310059 -324.677398682 352.521057129 685.542602539 153.701187134 730.008605957 -711.271911621 338.982208252 766.029418945 -324.246337891 353.650207520 687.079162598 153.906646729 731.202758789 -788.117065430 405.514129639 -858.136718750 215.420593262 -496.144653320 -748.016113281 -236.271423340 -690.325500488 662.366149902 -348.964111328
767.262939453 -324.958282471 353.389801025 686.869567871 154.318588257 731.426879883 -720.654724121 347.078552246 -816.696899414 215.190689087 -475.249389648 -727.351989746 -235.942581177 -689.643371582 662.364013672 -349.309631348 764.920349121 -323.570953369 352.554687500 685.773681641 154.235931396 732.264160156 -724.573303223 347.369903564 -825.118347168 212.964599609 -482.187286377 -734.341247559 -236.635971069 -690.863220215 665.013732910 -350.774566650 766.630310059 -324.677398682 352.521057129 685.542602539 153.701187134 730.008605957 -712.458801270 340.365905762 764.980712891 -323.763061523 353.650207520 687.079162598 153.906646729 731.202758789 -787.087097168 404.941558838 -857.093933105 215.123321533 -495.386779785 -746.944824219 -236.271423340 -690.325500488 662.366149902 -348.964111328
767.262939453 -324.958282471 353.389801025 686.869567871 154.318588257 731.426879883 -721.711608887 348.371398926 -818.482727051 214.859298706 -476.747253418 -728.417053223 -235.942581177 -689.643371582 662.364013672 -349.309631348 764.920349121 -323.570953369 352.554687500 685.773681641 154.235931396 732.264160156 -725.529174805 348.684631348 -826.717895508 212.812255859 -483.498382568 -735.137939453 -236.635971069 -690.863220215 665.013732910 -350.774566650 766.630310059 -324.677398682 352.521057129 685.542602539 153.701187134 730.008605957 -713.645629883 341.749359131 764.980712891 -323.763061523 353.650207520 687.079162598 153.906646729 731.202758789 -786.056762695 404.369476318 -856.050964355 214.826538086 -494.629394531 -745.873107910 -236.271423340 -690.325500488 662.366149902 -348.964111328
767.262939453 -324.958282471 353.389801025 686.869567871 154.318588257 731.426879883 -722.767761230 349.663116455 -820.268554688 214.530212402 -478.243255615 -729.484252930 -235.942581177 -689.643371582 662.364013672 -349.309631348 764.920349121 -323.570953369 352.554687500 685.773681641 154.235931396 732.264160156 -726.484375000 349.997894287 -828.315063477 212.662536621 -484.803771973 -735.939208984 -236.635971069 -690.863220215 665.013732910 -350.774566650 766.630310059 -324.677398682 352.521057129 685.542602539 153.701187134 730.008605957 -714.832519531 343.132537842 764.980712891 -323.763061523 353.650207520 687.079162598 153.906646729 731.202758789 -785.026123047 403.797851562 -855.007812500 214.530258179 -493.872467041 -744.800964355 -236.271423340 -690.325500488 662.366149902 -348.964111328
767.262939453 -324.958282471 353.389801025 686.869567871 154.318588257 731.426879883 -723.823303223 350.953674316 -822.054321289 214.203567505 -479.737152100 -730.553955078 -235.942581177 -689.643371582 662.364013672 -349.309631348 764.920349121 -323.570953369 352.554687500 685.773681641 154.235931396 732.264160156 -727.438842773 351.309631348 -829.909973145 212.515640259 -486.102661133 -736.746093750 -236.635971069 -690.863220215 665.013732910 -350.774566650 766.630310059 -324.677398682 352.521057129 685.542602539 153.701187134 730.008605957 -716.019348145 344.515472412 764.980712891 -323.763061523 353.650207520 687.079162598 153.906646729 731.202758789 -783.995178223 403.226715088 -853.964416504 214.234466553 -493.115997314 -743.728393555 -236.271423340 -690.325500488 662.366149902 -348.964111328
767.262939453 -324.958282471 353.389801025 686.869567871 154.318588257 731.426879883 -724.878173828 352.243011475 -823.840087891 213.879516602 -481.228607178 -731.626464844 -235.942581177 -689.643371582 662.364013672 -349.309631348 764.920349121 -323.570953369 352.554687500 685.773681641 154.235931396 732.264160156 -728.392700195 352.619781494 -831.502502441 212.371795654 -487.394042969 -737.560119629 -236.635971069 -690.863220215 665.013732910 -350.774566650 766.630310059 -324.677398682 352.521057129 685.542602539 153.701187134 730.008605957 -717.206176758 345.898071289 764.980712891 -323.763061523 353.650207520 687.079162598 153.906646729 731.202758789 -782.963806152 402.656097412 -852.920837402 213.939178467 -492.360015869 -742.655456543 -236.271423340 -690.325500488 662.366149902 -348.964111328
767.262939453 -324.958282471 353.389801025 686.869567871 154.318588257 731.426879883 -725.932373047 353.531127930 -825.625793457 213.558227539 -482.717163086 -732.702453613 -235.942581177 -689.643371582 662.364013672 -349.309631348 764.920349121 -323.570953369 352.554687500 685.773681641 154.235931396 732.264160156 -729.345886230 353.928283691 -833.092590332 212.231323242 -488.676849365 -738.382568359 -236.635971069 -690.863220215 665.013732910 -350.774566650 766.630310059 -324.677398682 352.521057129 685.542602539 153.701187134 730.008605957 -718.393005371 347.280364990 764.980712891 -323.763061523 353.650207520 687.079162598 153.906646729 731.202758789 -781.932128906 402.085968018 -851.877075195 213.644409180 -491.604522705 -741.582092285 -236.271423340 -690.325500488 662.366149902 -348.964111328
767.262939453 -324.958282471 353.389801025 686.869567871 154.318588257 731.426879883 -726.985900879 354.817901611 -827.411499023 213.239929199 -484.202209473 -733.782531738 -235.942581177 -689.643371582 662.364013672 -349.309631348 764.920349121 -323.570953369 352.554687500 685.773681641 154.235931396 732.264160156 -730.298400879 355.235046387 -834.680297852 212.094543457 -489.950103760 -739.214416504 -236.635971069 -690.863220215 665.013732910 -350.774566650 766.630310059 -324.677398682 352.521057129 685.542602539 153.701187134 730.008605957 -719.579895020 348.662322998 764.980712891 -323.763061523 353.650207520 687.079162598 153.906646729 731.202758789 -780.900085449 401.516326904 -850.833129883 213.350128174 -490.849487305 -740.508300781 -236.271423340 -690.325500488 662.366149902 -348.964111328
767.262939453 -324.958282471 353.389801025 686.869567871 154.318588257 731.426879883 -728.038818359 356.103302002 -829.197082520 212.924865723 -485.682800293 -734.867858887 -235.942581177 -689.643371582 662.364013672 -349.309631348 764.920349121 -323.570953369 352.554687500 685.773681641 154.235931396 732.264160156 -731.250244141 356.540008545 -836.265441895 211.961959839 -489.950103760 -739.214416504 -236.635971069 -690.863220215 665.013732910 -350.774566650 766.630310059 -324.677398682 352.521057129 685.542602539 153.701187134 730.008605957 -720.766845703 350.043884277 764.980712891 -323.763061523 353.650207520 687.079162598 153.906646729 731.202758789 -779.867675781 400.947174072 -849.788940430 213.056365967 -490.094940186 -739.434082031 -236.271423340 -690.325500488 662.366149902 -348.964111328
767.262939453 -324.958282471 353.389801025 686.869567871 154.318588257 731.426879883 -729.091064453 357.387298584 -830.982604980 212.613342285 -487.157623291 -735.959838867 -235.942581177 -689.643371582 662.364013672 -349.309631348 764.920349121 -323.570953369 352.554687500 685.773681641 154.235931396 732.264160156 -732.201416016 357.843139648 -837.848022461 211.834136963 -489.950103760 -739.214416504 -236.635971069 -690.863220215 665.013732910 -350.774566650 766.630310059 -324.677398682 352.521057129 685.542602539 153.701187134 730.008605957 -721.953796387 351.425079346 764.980712891 -323.763061523 353.650207520 687.079162598 153.906646729 731.202758789 -778.834899902 400.378509521 -848.744506836 212.763122559 -489.340881348 -738.359436035 -236.271423340 -690.325500488 662.366149902 -348.964111328
767.262939453 -324.958282471 353.389801025 686.869567871 154.318588257 731.426879883 -730.142700195 358.669799805 -832.768066406 212.305786133 -488.625305176 -737.059692383 -235.942581177 -689.643371582 662.364013672 -349.309631348 764.920349121 -323.570953369 352.554687500 685.773681641 154.235931396 732.264160156 -733.151916504 359.144317627 -839.427917480 211.711929321 -489.950103760 -739.214416504 -236.635971069 -690.863220215 665.013732910 -350.774566650 766.630310059 -324.677398682 352.521057129 685.542602539 153.701187134 730.008605957 -723.140869141 352.805816650 764.980712891 -323.763061523 353.650207520 687.079162598 153.906646729 731.202758789 -777.801757812 399.810363770 -847.699890137 212.470382690 -488.587280273 -737.284362793 -236.271423340 -690.325500488 662.366149902 -348.964111328
767.262939453 -324.958282471 353.389801025 686.869567871 154.318588257 731.426879883 -731.193664551 359.950744629 -834.553405762 212.002670288 -488.625305176 -737.059692383 -235.942581177 -689.643371582 662.364013672 -349.309631348 764.920349121 -323.570953369 352.554687500 685.773681641 154.235931396 732.264160156 -734.101806641 360.443450928 -841.004943848 211.596542358 -489.950103760 -739.214416504 -236.635971069 -690.863220215 665.013732910 -350.774566650 766.630310059 -324.677398682 352.521057129 685.542602539 153.701187134 730.008605957 -724.328063965 354.186096191 764.980712891 -323.763061523 353.650207520 687.079162598 153.906646729 731.202758789 -776.768249512 399.242736816 -846.655090332 212.178161621 -488.587280273 -737.284362793 -236.271423340 -690.325500488 662.366149902 -348.964111328
767.262939453 -324.958282471 353.389801025 686.869567871 154.318588257 731.426879883 -732.244018555 361.230072021 -836.338562012 211.704742432 -488.625305176 -737.059692383 -235.942581177 -689.643371582 662.364013672 -349.309631348 764.920349121 -323.570953369 352.554687500 685.773681641 154.235931396 732.264160156 -735.051025391 361.740478516 -842.578918457 211.489990234 -489.950103760 -739.214416504 -236.635971069 -690.863220215 665.013732910 -350.774566650 766.630310059 -324.677398682 352.521057129 685.542602539 153.701187134 730.008605957 -725.515319824 355.565887451 764.980712891 -323.763061523 353.650207520 687.079162598 153.906646729 731.202758789 -775.734313965 398.675598145 -845.609985352 211.886459351 -488.587280273 -737.284362793 -236.271423340 -690.325500488 662.366149902 -348.964111328
767.262939453 -324.958282471 353.389801025 686.869567871 154.318588257 731.426879883 -733.293762207 362.507690430 -838.123535156 211.412994385 -488.625305176 -737.059692383 -235.942581177 -689.643371582 662.364013672 -349.309631348 764.920349121 -323.570953369 352.554687500 685.773681641 154.235931396 732.264160156 -735.999694824 363.035308838 -844.149108887 211.394088745 -489.950103760 -739.214416504 -236.635971069 -690.863220215 665.013732910 -350.774566650 766.630310059 -324.677398682 352.521057129 685.542602539 153.701187134 730.008605957 -726.702758789 356.945159912 764.980712891 -323.763061523 353.650207520 687.079162598 153.906646729 731.202758789 -774.700073242 398.108978271 -844.564697266 211.595291138 -488.587280273 -737.284362793 -236.271423340 -690.325500488 662.366149902 -348.964111328
767.262939453 -324.958282471 353.389801025 686.869567871 154.318588257 731.426879883 -734.342895508 363.783508301 -839.908264160 211.129165649 -488.625305176 -737.059692383 -235.942581177 -689.643371582 662.364013672 -349.309631348 764.920349121 -323.570953369 352.554687500 685.773681641 154.235931396 732.264160156 -736.947692871 364.327789307 -844.149108887 211.394088745 -489.950103760 -739.214416504 -236.635971069 -690.863220215 665.013732910 -350.774566650 766.630310059 -324.677398682 352.521057129 685.542602539 153.701187134 730.008605957 -727.890319824 358.323822021 764.980712891 -323.763061523 353.650207520 687.079162598 153.906646729 731.202758789 -773.665466309 397.542846680 -843.519226074 211.304641724 -488.587280273 -737.284362793 -236.271423340 -690.325500488 662.366149902 -348.964111328
767.262939453 -324.958282471 353.389801025 686.869567871 154.318588257 731.426879883 -735.391479492 365.057464600 -841.692199707 210.855178833 -488.625305176 -737.059692383 -235.942581177 -689.643371582 662.364013672 -349.309631348 764.920349121 -323.570953369 352.554687500 685.773681641 154.235931396 732.264160156 -737.895202637 365.617889404 -844.149108887 211.394088745 -489.950103760 -739.214416504 -236.635971069 -690.863220215 665.013732910 -350.774566650 766.630310059 -324.677398682 352.521057129 685.542602539 153.701187134 730.008605957 -729.078125000 359.701873779 764.980712891 -323.763061523 353.650207520 687.079162598 153.906646729 731.202758789 -772.630432129 396.977233887 -842.473449707 211.014511108 -488.587280273 -737.284362793 -236.271423340 -690.325500488 662.366149902 -348.964111328
767.262939453 -324.958282471 353.389801025 686.869567871 154.318588257 731.426879883 -736.439453125 366.329437256 -841.692199707 210.855178833 -488.625305176 -737.059692383 -235.942581177 -689.643371582 662.364013672 -349.309631348 764.920349121 -323.570953369 352.554687500 685.773681641 154.235931396 732.264160156 -738.842224121 366.905456543 -844.149108887 211.394088745 -489.950103760 -739.214416504 -236.635971069 -690.863220215 665.013732910 -350.774566650 766.630310059 -324.677398682 352.521057129 685.542602539 153.701187134 730.008605957 -730.266174316 361.079254150 764.980712891 -323.763061523 353.650207520 687.079162598 153.906646729 731.202758789 -771.594970703 396.412109375 -842.473449707 211.014511108 -488.587280273 -737.284362793 -236.271423340 -690.325500488 662.366149902 -348.964111328
767.262939453 -324.958282471 353.389801025 686.869567871 154.318588257 731.426879883 -737.486999512 367.599334717 -841.692199707 210.855178833 -488.625305176 -737.059692383 -235.942581177 -689.643371582 662.364013672 -349.309631348 764.920349121 -323.570953369 352.554687500 685.773681641 154.235931396 732.264160156 -739.788757324 368.190399170 -844.149108887 211.394088745 -489.950103760 -739.214416504 -236.635971069 -690.863220215 665.013732910 -350.774566650 766.630310059 -324.677398682 352.521057129 685.542602539 153.701187134 730.008605957 -731.454467773 362.455902100 764.980712891 -323.763061523 353.650207520 687.079162598 153.906646729 731.202758789 -770.559204102 395.847534180 -842.473449707 211.014511108 -488.587280273 -737.284362793 -236.271423340 -690.325500488 662.366149902 -348.964111328
767.262939453 -324.958282471 353.389801025 686.869567871 154.318588257 731.426879883 -738.533996582 368.867034912 -841.692199707 210.855178833 -488.625305176 -737.059692383 -235.942581177 -689.643371582 662.364013672 -349.309631348 764.920349121 -323.570953369 352.554687500 685.773681641 154.235931396 732.264160156 -740.734985352 369.472595215 -844.149108887 211.394088745 -489.950103760 -739.214416504 -236.635971069 -690.863220215 665.013732910 -350.774566650 766.630310059 -324.677398682 352.521057129 685.542602539 153.701187134 730.008605957 -732.643066406 363.831756592 764.980712891 -323.763061523 353.650207520 687.079162598 153.906646729 731.202758789 -769.523010254 395.283447266 -842.473449707 211.014511108 -488.587280273 -737.284362793 -236.271423340 -690.325500488 662.366149902 -348.964111328
767.262939453 -324.958282471 353.389801025 686.869567871 154.318588257 731.426879883 -739.580627441 370.132385254 -841.692199707 210.855178833 -488.625305176 -737.059692383 -235.942581177 -689.643371582 662.364013672 -349.309631348 764.920349121 -323.570953369 352.554687500 685.773681641 154.235931396 732.264160156 -741.680847168 370.751892090 -844.149108887 211.394088745 -489.950103760 -739.214416504 -236.635971069 -690.863220215 665.013732910 -350.774566650 766.630310059 -324.677398682 352.521057129 685.542602539 153.701187134 730.008605957 -733.831970215 365.206756592 764.980712891 -323.763061523 353.650207520 687.079162598 153.906646729 731.202758789 -768.486389160 394.719879150 -842.473449707 211.014511108 -488.587280273 -737.284362793 -236.271423340 -690.325500488 662.366149902 -348.964111328
767.262939453 -324.958282471 353.389801025 686.869567871 154.318588257 731.426879883 -740.626831055 371.395233154 -841.692199707 210.855178833 -488.625305176 -737.059692383 -235.942581177 -689.643371582 662.364013672 -349.309631348 764.920349121 -323.570953369 352.554687500 685.773681641 154.235931396 732.264160156 -742.626586914 372.028167725 -844.149108887 211.394088745 -489.950103760 -739.214416504 -236.635971069 -690.863220215 665.013732910 -350.774566650 766.630310059 -324.677398682 352.521057129 685.542602539 153.701187134 730.008605957 -735.021362305 366.580810547 764.980712891 -323.763061523 353.650207520 687.079162598 153.906646729 731.202758789 -767.449401855 394.156860352 -842.473449707 211.014511108 -488.587280273 -737.284362793 -236.271423340 -690.325500488 662.366149902 -348.964111328
767.262939453 -324.958282471 353.389801025 686.869567871 154.318588257 731.426879883 -741.672790527 372.655456543 -841.692199707 210.855178833 -488.625305176 -737.059692383 -235.942581177 -689.643371582 662.364013672 -349.309631348 764.920349121 -323.570953369 352.554687500 685.773681641 154.235931396 732.264160156 -743.572265625 373.301239014 -844.149108887 211.394088745 -489.950103760 -739.214416504 -236.635971069 -690.863220215 665.013732910 -350.774566650 766.630310059 -324.677398682 352.521057129 685.542602539 153.701187134 730.008605957 -736.211181641 367.953857422 764.980712891 -323.763061523 353.650207520 687.079162598 153.906646729 731.202758789 -766.411987305 393.594329834 -842.473449707 211.014511108 -488.587280273 -737.284362793 -236.271423340 -690.325500488 662.366149902 -348.964111328
767.262939453 -324.958282471 353.389801025 686.869567871 154.318588257 731.426879883 -742.718444824 373.912872314 -841.692199707 210.855178833 -488.625305176 -737.059692383 -235.942581177 -689.643371582 662.364013672 -349.309631348 764.920349121 -323.570953369 352.554687500 685.773681641 154.235931396 732.264160156 -744.518005371 374.570922852 -844.149108887 211.394088745 -489.950103760 -739.214416504 -236.635971069 -690.863220215 665.013732910 -350.774566650 766.630310059 -324.677398682 352.521057129 685.542602539 153.701187134 730.008605957 -737.401489258 369.325775146 764.980712891 -323.763061523 353.650207520 687.079162598 153.906646729 731.202758789 -765.374206543 393.032318115 -842.473449707 211.014511108 -488.587280273 -737.284362793 -236.271423340 -690.325500488 662.366149902 -348.964111328
767.262939453 -324.958282471 353.389801025 686.869567871 154.318588257 731.426879883 -743.764038086 375.167236328 -841.692199707 210.855178833 -488.625305176 -737.059692383 -235.942581177 -689.643371582 662.364013672 -349.309631348 764.920349121 -323.570953369 352.554687500 685.773681641 154.235931396 732.264160156 -745.464050293 375.836975098 -844.149108887 211.394088745 -489.950103760 -739.214416504 -236.635971069 -690.863220215 665.013732910 -350.774566650 766.630310059 -324.677398682 352.521057129 685.542602539 153.701187134 730.008605957 -738.592468262 370.696441650 764.980712891 -323.763061523 353.650207520 687.079162598 153.906646729 731.202758789 -764.335998535 392.470825195 -842.473449707 211.014511108 -488.587280273 -737.284362793 -236.271423340 -690.325500488 662.366149902 -348.964111328
767.262939453 -324.958282471 353.389801025 686.869567871 154.318588257 731.426879883 -744.809631348 376.418304443 -841.692199707 210.855178833 -488.625305176 -737.059692383 -235.942581177 -689.643371582 662.364013672 -349.309631348 764.920349121 -323.570953369 352.554687500 685.773681641 154.235931396 732.264160156 -746.410583496 377.099121094 -844.149108887 211.394088745 -489.950103760 -739.214416504 -236.635971069 -690.863220215 665.013732910 -350.774566650 766.630310059 -324.677398682 352.521057129 685.542602539 153.701187134 730.008605957 -739.784118652 372.065734863 764.980712891 -323.763061523 353.650207520 687.079162598 153.906646729 731.202758789 -763.297363281 391.909851074 -842.473449707 211.014511108 -488.587280273 -737.284362793 -236.271423340 -690.325500488 662.366149902 -348.964111328
767.262939453 -324.958282471 353.389801025 686.869567871 154.318588257 731.426879883 -745.855407715 377.665802002 -841.692199707 210.855178833 -488.625305176 -737.059692383 -235.942581177 -689.643371582 662.364013672 -349.309631348 764.920349121 -323.570953369 352.554687500 685.773681641 154.235931396 732.264160156 -747.357849121 378.357055664 -844.149108887 211.394088745 -489.950103760 -739.214416504 -236.635971069 -690.863220215 665.013732910 -350.774566650 766.630310059 -324.677398682 352.521057129 685.542602539 153.701187134 730.008605957 -740.976501465 373.433502197 764.980712891 -323.763061523 353.650207520 687.079162598 153.906646729 731.202758789 -762.258300781 391.349426270 -842.473449707 211.014511108 -488.587280273 -737.284362793 -236.271423340 -690.325500488 662.366149902 -348.964111328
767.262939453 -324.958282471 353.389801025 686.869567871 154.318588257 731.426879883 -746.901550293 378.909423828 -841.692199707 210.855178833 -488.625305176 -737.059692383 -235.942581177 -689.643371582 662.364013672 -349.309631348 764.920349121 -323.570953369 352.554687500 685.773681641 154.235931396 732.264160156 -748.306213379 379.610382080 -844.149108887 211.394088745 -489.950103760 -739.214416504 -236.635971069 -690.863220215 665.013732910 -350.774566650 766.630310059 -324.677398682 352.521057129 685.542602539 153.701187134 730.008605957 -742.169921875 374.799591064 764.980712891 -323.763061523 353.650207520 687.079162598 153.906646729 731.202758789 -761.218872070 390.789489746 -842.473449707 211.014511108 -488.587280273 -737.284362793 -236.271423340 -690.325500488 662.366149902 -348.964111328
767.262939453 -324.958282471 353.389801025 686.869567871 154.318588257 731.426879883 -747.948303223 380.148742676 -841.692199707 210.855178833 -488.625305176 -737.059692383 -235.942581177 -689.643371582 662.364013672 -349.309631348 764.920349121 -323.570953369 352.554687500 685.773681641 154.235931396 732.264160156 -749.256103516 380.858581543 -844.149108887 211.394088745 -489.950103760 -739.214416504 -236.635971069 -690.863220215 665.013732910 -350.774566650 766.630310059 -324.677398682 352.521057129 685.542602539 153.701187134 730.008605957 -743.364318848 376.163726807 764.980712891 -323.763061523 353.650207520 687.079162598 153.906646729 731.202758789 -760.179016113 390.230102539 -842.473449707 211.014511108 -488.587280273 -737.284362793 -236.271423340 -690.325500488 662.366149902 -348.964111328
767.262939453 -324.958282471 353.389801025 686.869567871 154.318588257 731.426879883 -748.996154785 381.383239746 -841.692199707 210.855178833 -488.625305176 -737.059692383 -235.942581177 -689.643371582 662.364013672 -349.309631348 764.920349121 -323.570953369 352.554687500 685.773681641 154.235931396 732.264160156 -750.208068848 382.101013184 -844.149108887 211.394088745 -489.950103760 -739.214416504 -236.635971069 -690.863220215 665.013732910 -350.774566650 766.630310059 -324.677398682 352.521057129 685.542602539 153.701187134 730.008605957 -744.559997559 377.525665283 764.980712891 -323.763061523 353.650207520 687.079162598 153.906646729 731.202758789 -759.138671875 389.671234131 -842.473449707 211.014511108 -488.587280273 -737.284362793 -236.271423340 -690.325500488 662.366149902 -348.964111328
767.262939453 -324.958282471 353.389801025 686.869567871 154.318588257 731.426879883 -750.045471191 382.612213135 -841.692199707 210.855178833 -488.625305176 -737.059692383 -235.942581177 -689.643371582 662.364013672 -349.309631348 764.920349121 -323.570953369 352.554687500 685.773681641 154.235931396 732.264160156 -751.162841797 383.336791992 -844.149108887 211.394088745 -489.950103760 -739.214416504 -236.635971069 -690.863220215 665.013732910 -350.774566650 766.630310059 -324.677398682 352.521057129 685.542602539 153.701187134 730.008605957 -745.757202148 378.885070801 764.980712891 -323.763061523 353.650207520 687.079162598 153.906646729 731.202758789 -758.097961426 389.112884521 -842.473449707 211.014511108 -488.587280273 -737.284362793 -236.271423340 -690.325500488 662.366149902 -348.964111328
767.262939453 -324.958282471 353.389801025 686.869567871 154.318588257 731.426879883 -751.097045898 383.834686279 -841.692199707 210.855178833 -488.625305176 -737.059692383 -235.942581177 -689.643371582 662.364013672 -349.309631348 764.920349121 -323.570953369 352.554687500 685.773681641 154.235931396 732.264160156 -752.121582031 384.564544678 -844.149108887 211.394088745 -489.950103760 -739.214416504 -236.635971069 -690.863220215 665.013732910 -350.774566650 766.630310059 -324.677398682 352.521057129 685.542602539 153.701187134 730.008605957 -746.956176758 380.241516113 764.980712891 -323.763061523 353.650207520 687.079162598 153.906646729 731.202758789 -757.056823730 388.555084229 -842.473449707 211.014511108 -488.587280273 -737.284362793 -236.271423340 -690.325500488 662.366149902 -348.964111328
767.262939453 -324.958282471 353.389801025 686.869567871 154.318588257 731.426879883 -752.151916504 385.049163818 -841.692199707 210.855178833 -488.625305176 -737.059692383 -235.942581177 -689.643371582 662.364013672 -349.309631348 764.920349121 -323.570953369 352.554687500 685.773681641 154.235931396 732.264160156 -753.085327148 385.782775879 -844.149108887 211.394088745 -489.950103760 -739.214416504 -236.635971069 -690.863220215 665.013732910 -350.774566650 766.630310059 -324.677398682 352.521057129 685.542602539 153.701187134 730.008605957 -748.157287598 381.594360352 764.980712891 -323.763061523 353.650207520 687.079162598 153.906646729 731.202758789 -756.015258789 387.997772217 -842.473449707 211.014511108 -488.587280273 -737.284362793 -236.271423340 -690.325500488 662.366149902 -348.964111328
767.262939453 -324.958282471 353.389801025 686.869567871 154.318588257 731.426879883 -753.210998535 386.253906250 -841.692199707 210.855178833 -488.625305176 -737.059692383 -235.942581177 -689.643371582 662.364013672 -349.309631348 764.920349121 -323.570953369 352.554687500 685.773681641 154.235931396 732.264160156 -754.054687500 386.989593506 -844.149108887 211.394088745 -489.950103760 -739.214416504 -236.635971069 -690.863220215 665.013732910 -350.774566650 766.630310059 -324.677398682 352.521057129 685.542602539 153.701187134 730.008605957 -749.361267090 382.942749023 764.980712891 -323.763061523 353.650207520 687.079162598 153.906646729 731.202758789 -754.973205566 387.441009521 -842.473449707 211.014511108 -488.587280273 -737.284362793 -236.271423340 -690.325500488 662.366149902 -348.964111328
767.262939453 -324.958282471 353.389801025 686.869567871 154.318588257 731.426879883 -753.210998535 386.253906250 -841.692199707 210.855178833 -488.625305176 -737.059692383 -235.942581177 -689.643371582 662.364013672 -349.309631348 764.920349121 -323.570953369 352.554687500 685.773681641 154.235931396 732.264160156 -754.054687500 386.989593506 -844.149108887 211.394088745 -489.950103760 -739.214416504 -236.635971069 -690.863220215 665.013732910 -350.774566650 766.630310059 -324.677398682 352.521057129 685.542602539 153.701187134 730.008605957 -750.568969727 384.285308838 764.980712891 -323.763061523 353.650207520 687.079162598 153.906646729 731.202758789 -753.930786133 386.884796143 -842.473449707 211.014511108 -488.587280273 -737.284362793 -236.271423340 -690.325500488 662.366149902 -348.964111328
767.262939453 -324.958282471 353.389801025 686.869567871 154.318588257 731.426879883 -753.210998535 386.253906250 -841.692199707 210.855178833 -488.625305176 -737.059692383 -235.942581177 -689.643371582 662.364013672 -349.309631348 764.920349121 -323.570953369 352.554687500 685.773681641 154.235931396 732.264160156 -754.054687500 386.989593506 -844.149108887 211.394088745 -489.950103760 -739.214416504 -236.635971069 -690.863220215 665.013732910 -350.774566650 766.630310059 -324.677398682 352.521057129 685.542602539 153.701187134 730.008605957 -751.781311035 385.620056152 764.980712891 -323.763061523 353.650207520 687.079162598 153.906646729 731.202758789 -752.887878418 386.329071045 -842.473449707 211.014511108 -488.587280273 -737.284362793 -236.271423340 -690.325500488 662.366149902 -348.964111328
