-0.011111111 -0.070531145 0.111111112 0.036875144 -0.011111111 0.051975336 -0.011111111 0.060747247 0.111111112 0.070136666 0.111111112 0.094031461 -0.011111111 0.048671849 -0.011111111 -0.039345145 0.111111112 -0.052812546 -0.011111111 -0.110098176 -0.011111111 -0.111111112 -0.011111111 -0.054658819 -0.011111111 -0.097766459 -0.011111111 -0.038790379 0.111111112 0.043698356 0.042241499 0.105891049 -0.011111111 0.111111112 0.111111112 0.111111112 0.111111112 0.111111112 0.111111112 0.094511636
-0.020987654 -0.173805460 0.209876537 0.142074257 -0.020987654 0.018806186 -0.020987654 0.165108666 0.209876537 0.067780703 0.209876537 0.194694638 -0.020987654 0.016671268 -0.008940983 0.004654187 0.209876537 -0.158055604 -0.020987654 -0.138387889 -0.020987654 -0.209876537 -0.020987654 -0.021473773 -0.020987654 -0.198014632 -0.020987654 -0.003817016 0.209876537 -0.004981957 0.043525811 0.205236495 -0.020987654 0.168580860 0.209876537 0.209876537 0.209876537 0.157153860 0.209876537 0.195121452
-0.029766804 -0.265604854 0.297668040 0.237399340 -0.029766804 -0.088320129 -0.029766804 0.257874370 0.297668040 0.001473597 0.297668040 0.284173012 -0.029766804 -0.086071163 0.029573875 0.115248166 0.297668040 -0.251604974 -0.029766804 -0.092160448 -0.029766804 -0.297668040 -0.029766804 0.088512495 -0.029766804 -0.287124127 -0.029766804 0.095048726 0.297668040 -0.115539521 0.032504663 0.293543547 -0.029766804 0.150850460 0.297668040 0.297668040 0.297668040 0.105845183 0.297668040 0.284552395
-0.037570491 -0.347204328 0.375704914 0.322132736 -0.037570491 -0.189617887 -0.037570491 0.340332776 0.375704914 -0.109801248 0.375704914 0.363709331 -0.037570491 -0.187618807 0.068376347 0.213553920 0.375704914 -0.334759980 -0.037570491 0.018570459 -0.037570491 -0.375704914 -0.037570491 0.189788878 -0.028575810 -0.366332531 -0.037570491 0.195598871 0.375704914 -0.213812903 0.042519391 0.372038692 -0.037570491 0.066804938 0.375704914 0.375704914 0.375704914 -0.017026506 0.375704914 0.364046574
-0.044507105 -0.419737160 0.445071042 0.397451341 -0.044507105 -0.279660344 -0.044507105 0.413629144 0.338608503 -0.208712220 0.445071042 0.434408307 -0.044507105 -0.277883381 0.089657441 0.300936818 0.445071042 -0.408675522 -0.044507105 0.127618179 -0.044507105 -0.445071042 -0.044507105 0.279812336 0.085710391 -0.436740041 -0.044507105 0.284976780 0.445071042 -0.301167041 0.077703737 0.441812187 -0.044507105 -0.051728945 0.445071042 0.445071042 0.445071042 -0.126245782 0.445071042 0.434708059
-0.005961786 -0.484210819 0.506729841 0.464401186 -0.050672982 -0.359698087 -0.050672982 0.478781462 0.289874226 -0.296633095 0.506729841 0.497251809 -0.050672982 -0.358118564 0.105590805 0.378610522 0.506729841 -0.474378258 -0.050672982 0.224549502 -0.050672982 -0.506729841 -0.050672982 0.359833181 0.187298119 -0.499324471 -0.050672982 0.364423782 0.506729841 -0.378815144 0.121463858 0.503833055 -0.050672982 -0.157092392 0.506729841 0.506729841 0.506729841 -0.223329589 0.506729841 0.497518301
0.105811745 -0.541520715 0.561537623 0.523912191 -0.056153763 -0.430842727 -0.056153763 0.536694646 0.246554852 -0.374784976 0.561537623 0.553112745 -0.056153763 -0.429438740 0.135811016 0.447653800 0.561537623 -0.532780647 -0.056153763 0.310710669 -0.037983578 -0.561537623 0.049744397 0.430962831 0.277598321 -0.554955065 -0.056153763 0.435043365 0.561537623 -0.447835684 0.162394062 0.558962703 -0.056153763 -0.250748783 0.561537623 0.561537623 0.561537623 -0.309626311 0.561537623 0.553349614
0.205165997 -0.592462838 0.590649962 0.576810837 -0.061025567 -0.494082451 -0.061025567 0.588172972 0.208048761 -0.444253296 0.610255659 0.602766871 -0.061025567 -0.492834419 0.186634585 0.509025574 0.610255659 -0.584693909 -0.061025567 0.387298375 0.077347934 -0.610255659 0.155328348 0.494189203 0.357865185 -0.604404509 -0.061025567 0.497816324 0.610255659 -0.509187281 0.205011636 0.607966840 -0.061025567 -0.333998919 0.610255659 0.610255659 0.610255659 -0.386334479 0.610255659 0.602977395
0.293480873 -0.637744784 0.513911068 0.623831809 -0.065356061 -0.550295472 -0.065356061 0.633931577 0.173821121 -0.506002963 0.653560579 0.646903872 -0.040504802 -0.549186170 0.251896441 0.563578308 0.653560579 -0.630839050 0.056866165 0.455376327 0.179864824 -0.653560579 0.249180764 0.550390363 0.429213494 -0.648359597 -0.065356061 0.553614497 0.531338334 -0.563722014 0.260737181 0.651526093 -0.065356061 -0.407999039 0.653560579 0.653560579 0.653560579 -0.454519540 0.595160127 0.647091031
0.371983021 -0.677995324 0.445698738 0.665628314 -0.069205388 -0.600262642 0.043957315 0.674605846 0.226779804 -0.560891509 0.692053854 0.686136782 0.075106844 -0.599276602 0.325789154 0.612069607 0.692053854 -0.671856940 0.161658809 0.515890062 0.270990968 -0.692053854 0.332605124 0.600347042 0.429913759 -0.687430739 -0.069205388 0.603212893 0.461189657 -0.612197340 0.335864365 0.690245390 -0.069205388 -0.473776937 0.569831610 0.692053854 0.669064462 -0.515128493 0.517920077 0.686303139
0.441762686 -0.713773668 0.385065556 0.702780724 -0.072627008 -0.644677937 0.150184274 0.710760713 0.312693149 -0.609681308 0.726270080 0.721010506 0.177872747 -0.643801391 0.400701463 0.655173004 0.726270080 -0.708317280 0.254807830 0.569680035 0.351991951 -0.726270080 0.406760097 0.644752920 0.371034443 -0.722160637 -0.072627008 0.647300363 0.398835242 -0.655286551 0.409657210 0.724662602 -0.072627008 -0.532246172 0.495405883 0.726270080 0.583612859 -0.569003105 0.449262321 0.721158326
0.503789067 -0.745576560 0.331169397 0.735805094 0.046553768 -0.684158146 0.244608253 0.742898405 0.389060587 -0.653050065 0.756684542 0.752009332 0.269220233 -0.683379054 0.467290193 0.693487108 0.756684542 -0.740726471 0.337606966 0.617493391 0.423992842 -0.756684542 0.472675651 0.684224784 0.318697274 -0.753031671 0.046553768 0.686489224 0.343409121 -0.693588018 0.475250870 0.755255640 -0.075668454 -0.584218800 0.429249674 0.756684542 0.507655859 -0.616891623 0.388233155 0.752140760
0.558429897 -0.773845851 0.283261687 0.765160084 0.152492240 -0.719251692 0.328540653 0.771465242 0.456942737 -0.691600084 0.661497355 0.779563844 0.350417972 -0.718559146 0.526480198 0.727544069 0.783719599 -0.769534647 0.411206186 0.659994125 0.487993658 -0.783719599 0.531267226 0.719310939 0.323082954 -0.780472636 0.152492240 0.721323729 0.294141442 -0.727633774 0.533556342 0.782449484 0.043850265 -0.630416691 0.370444149 0.783719599 0.440138549 -0.659459233 0.333985031 0.779680669
0.495824695 -0.798974097 0.240677044 0.791253388 0.246659771 -0.750445962 0.403147250 0.796858013 0.517282426 -0.725866735 0.576886535 0.804056764 0.422593743 -0.749830365 0.579093516 0.757816970 0.790281832 -0.795141876 0.476627737 0.697772563 0.544883251 -0.807750762 0.547383785 0.750498593 0.398295939 -0.804864526 0.246659771 0.752287745 0.250347942 -0.757896721 0.585383415 0.806621730 0.150089130 -0.671481550 0.318172604 0.807750762 0.380123168 -0.697297096 0.285764486 0.804160595
0.429621965 -0.821310282 0.202824041 0.814447463 0.330364227 -0.778174162 0.469464242 0.819429338 0.538439929 -0.756325960 0.501676917 0.825828195 0.486750007 -0.777626991 0.625860870 0.784726202 0.691361606 -0.817903936 0.534780204 0.731353402 0.559307933 -0.829111755 0.475452244 0.778221011 0.465151966 -0.826546252 0.330364227 0.779811323 0.211420387 -0.784797072 0.631451905 0.828108191 0.244523659 -0.707983553 0.271708965 0.829111755 0.326776147 -0.730930746 0.242901757 0.825920522
0.370775074 -0.841164708 0.169176921 0.835064411 0.404768199 -0.802821517 0.528412640 0.839492738 0.534792721 -0.783400893 0.434823930 0.845180631 0.543777764 -0.802335083 0.667431891 0.808645487 0.603432536 -0.838136792 0.586471260 0.761202991 0.486051500 -0.848099351 0.411513120 0.802863121 0.524579525 -0.845818877 0.404768199 0.804276764 0.176818117 -0.808708489 0.672401667 0.847207308 0.328465492 -0.740429878 0.230407968 0.848099351 0.279356569 -0.760827363 0.229710132 0.845262706
0.335938334 -0.858813047 0.261490583 0.853390574 0.470905066 -0.824730217 0.580811262 0.857326865 0.536143363 -0.807467461 0.375399053 0.862382770 0.594469130 -0.824297845 0.704383910 0.829907119 0.525273383 -0.856121600 0.632418931 0.787735999 0.420934647 -0.864977181 0.354678333 0.824767172 0.577404022 -0.862950146 0.470905066 0.826023757 0.207466051 -0.829963148 0.708801508 0.864184260 0.403080434 -0.769270957 0.193695977 0.864977181 0.237205848 -0.787402093 0.315297902 0.862455726
0.364039600 -0.874500513 0.343547195 0.869680524 0.529693425 -0.844204664 0.627387762 0.873179436 0.562467039 -0.828859925 0.322576940 0.877673566 0.594397128 -0.843820333 0.737230122 0.848806322 0.455798566 -0.872108102 0.673261285 0.811320901 0.363053024 -0.879979730 0.304158509 0.844237506 0.624359131 -0.878177881 0.529693425 0.845354497 0.295525372 -0.848856091 0.734198749 0.879274905 0.469404817 -0.794907510 0.213743746 0.879979730 0.199738532 -0.811024070 0.391375899 0.877738416
0.430878162 -0.888444901 0.416486412 0.884160459 0.581949711 -0.861515224 0.668789148 0.887270629 0.611081779 -0.847875535 0.275623947 0.891265392 0.517241895 -0.861173630 0.766426802 0.865605593 0.394043177 -0.886318326 0.593674421 0.832285225 0.311602682 -0.893315315 0.368525624 0.861544430 0.666096985 -0.891713679 0.581949711 0.862537324 0.373800337 -0.865649879 0.744406641 0.892688811 0.528359830 -0.817695558 0.301105559 0.893315315 0.166434243 -0.832021415 0.459000796 0.891323030
0.493840754 -0.900839925 0.481321245 0.897031546 0.628399730 -0.876902401 0.583368123 0.899796128 0.654294968 -0.864778221 0.233887941 0.903347015 0.448659450 -0.876598775 0.792379379 0.880538344 0.339149475 -0.898949623 0.516599476 0.850920200 0.265869051 -0.905169189 0.438689440 0.876928389 0.702528059 -0.903745472 0.628399730 0.877810955 0.443378061 -0.880577683 0.748396933 0.904612243 0.580764294 -0.837951660 0.378760487 0.905169189 0.259052664 -0.850685656 0.519111812 0.903398275
0.519075930 -0.911857724 0.538952231 0.908472478 0.669688642 -0.890579939 0.507438302 0.910929859 0.692706585 -0.879802883 0.196789280 0.914086223 0.387697279 -0.890309989 0.815448344 0.893811822 0.290355086 -0.910177410 0.448088437 0.867484629 0.275280207 -0.915705919 0.501057267 0.890603006 0.717153311 -0.914440453 0.669688642 0.891387522 0.505224943 -0.893846810 0.755000770 0.915210903 0.627346039 -0.855957031 0.447787106 0.915705919 0.341380149 -0.867276192 0.572543859 0.914131761
0.498519033 -0.921651304 0.590179741 0.918642163 0.584167659 -0.902737737 0.439945191 0.920826554 0.726850331 -0.893158078 0.286034912 0.923632205 0.333508700 -0.902497768 0.835954070 0.905610502 0.246982306 -0.920157731 0.387189716 0.882208586 0.355804622 -0.925071955 0.556495368 0.902758241 0.719771922 -0.923947036 0.584167659 0.903455555 0.560199976 -0.905641615 0.769053936 0.924631894 0.668752015 -0.871961772 0.509144068 0.925071955 0.414560139 -0.882023275 0.620038986 0.923672676
0.449293554 -0.930356681 0.587822318 0.927681923 0.508149028 -0.913544655 0.379951268 0.929623604 0.757200301 -0.905029416 0.365364373 0.932117522 0.345724434 -0.913331389 0.854181409 0.916098237 0.224464923 -0.929029107 0.355946898 0.895296514 0.427381903 -0.933397293 0.605773628 0.913562894 0.721415222 -0.932397366 0.508149028 0.914182723 0.608402073 -0.916125894 0.790303648 0.933006167 0.705557346 -0.886188269 0.563683629 0.933397293 0.479609013 -0.895131767 0.662256837 0.932153523
0.403828502 -0.938094854 0.511397600 0.935717285 0.440576941 -0.923150778 0.448845565 0.937443197 0.784178019 -0.915581703 0.435879439 0.939660013 0.418421715 -0.922961235 0.870383441 0.925420642 0.310635477 -0.936914742 0.427508354 0.906930208 0.491006136 -0.940797567 0.649576604 0.923166990 0.730298758 -0.939908803 0.440576941 0.923717976 0.559822500 -0.925445199 0.813603282 0.940449893 0.738273203 -0.898833990 0.612163246 0.940797567 0.537430227 -0.906783819 0.699783862 0.939692020
0.411651284 -0.944973171 0.443464518 0.942859828 0.380512834 -0.931689620 0.510084927 0.944393992 0.808158278 -0.924961507 0.498559505 0.946364462 0.483041525 -0.931521058 0.884785295 0.933707237 0.387231529 -0.943924189 0.491118550 0.917271316 0.547560990 -0.947375655 0.664024651 0.931703985 0.749703705 -0.946585596 0.380512834 0.932193756 0.486508906 -0.933729112 0.834313989 0.947066605 0.645131767 -0.910074651 0.655256212 0.947375655 0.588826895 -0.917141140 0.733141243 0.946392894
0.456369191 -0.951087296 0.430935949 0.949208736 0.327122509 -0.939279616 0.564519942 0.950572431 0.829473972 -0.933299124 0.554275095 0.952323973 0.540481389 -0.939129829 0.897586942 0.941073120 0.455316931 -0.950154841 0.547660947 0.926463366 0.597832024 -0.953222752 0.653887212 0.939292431 0.777514398 -0.952520549 0.327122509 0.939727783 0.426112235 -0.941092551 0.852723539 0.952948093 0.562339306 -0.920066357 0.693561077 0.953222752 0.634512782 -0.926347673 0.762792230 0.952349246
0.507247627 -0.956522048 0.494165301 0.954852223 0.399440318 -0.946026325 0.612906635 0.956064343 0.848421335 -0.940710366 0.603800118 0.957621336 0.591538966 -0.945893228 0.908966184 0.947620571 0.515837252 -0.955693185 0.597920835 0.934634149 0.606991231 -0.958420277 0.653273225 0.946037710 0.802235007 -0.957796037 0.303011775 0.946424723 0.430747986 -0.947637796 0.864520192 0.958176076 0.488746077 -0.928947866 0.699638784 0.958420277 0.675122440 -0.934531271 0.748276711 0.957643747
0.536247671 -0.961352944 0.550369143 0.959868610 0.466169149 -0.952023447 0.655916989 0.960946083 0.865263402 -0.947298050 0.647822320 0.962330043 0.636923552 -0.951905072 0.919081032 0.953440487 0.569633126 -0.960616171 0.642596304 0.941896975 0.589117646 -0.963040233 0.669607818 0.952033520 0.824208915 -0.962485373 0.380454928 0.952377498 0.493998200 -0.953455806 0.869611859 0.962823153 0.423329830 -0.936842561 0.654583156 0.963040233 0.711219966 -0.941805601 0.698530674 0.962350011
0.530595183 -0.965647042 0.600328147 0.964327633 0.525483727 -0.957354128 0.694148421 0.965285420 0.880234122 -0.953153849 0.605668902 0.966515601 0.647149026 -0.957248926 0.928072035 0.958613753 0.617451668 -0.964992166 0.682307839 0.948352873 0.581205428 -0.967146873 0.687580466 0.957363129 0.843741238 -0.966653645 0.449293256 0.957668900 0.550220609 -0.958627403 0.870189667 0.966953933 0.365182072 -0.943860054 0.609578073 0.967146873 0.712671936 -0.948271632 0.663739741 0.966533363
0.495667756 -0.969464004 0.644736111 0.968291283 0.578207731 -0.962092578 0.728131950 0.969142616 0.893541455 -0.958359003 0.527261257 0.970236063 0.626110315 -0.961999059 0.936064005 0.963212252 0.659957051 -0.968881905 0.717606962 0.954091430 0.598883450 -0.970797241 0.696648896 0.962100565 0.861103356 -0.970358789 0.510482907 0.962372363 0.600196123 -0.963224351 0.869222462 0.970625699 0.356449813 -0.950097859 0.604132175 0.970797241 0.663755894 -0.954019248 0.672617078 0.970251858
0.458133519 -0.972856939 0.684209883 0.971814454 0.625073552 -0.966304541 0.758339524 0.972571194 0.905370176 -0.962985754 0.458027184 0.973543167 0.604637563 -0.966221392 0.943168044 0.967299759 0.697739601 -0.972339511 0.748983979 0.959192395 0.629682183 -0.974041939 0.703663409 0.966311634 0.876536310 -0.973652244 0.564873695 0.966553211 0.644618750 -0.967310548 0.869327962 0.973889530 0.427955389 -0.955642521 0.648117483 0.974041939 0.613235235 -0.959128201 0.708992958 0.973557234
0.457001239 -0.975872815 0.719297707 0.974946201 0.666732013 -0.970048428 0.785190701 0.975618839 0.915884614 -0.967098475 0.442097604 0.976482809 0.606280982 -0.969974577 0.949482679 0.970933139 0.731324077 -0.975412905 0.776874602 0.963726580 0.655608594 -0.976926208 0.721396089 0.970054805 0.890254498 -0.976579785 0.613221049 0.970269501 0.684105575 -0.970942676 0.872044742 0.976790667 0.491515905 -0.960571110 0.687215507 0.976926208 0.599327147 -0.963669538 0.741327047 0.976495326
0.506767929 -0.978553593 0.750486851 0.977729917 0.703761816 -0.973376393 0.809058368 0.978327870 0.925230742 -0.970754206 0.492977649 0.979095876 0.640450656 -0.973310709 0.955095708 0.974162757 0.704929948 -0.978144765 0.801666319 0.967756987 0.670950294 -0.979489923 0.752352059 0.973381996 0.902448416 -0.979182065 0.616241455 0.973572910 0.719204962 -0.974171281 0.877624810 0.979369521 0.548014164 -0.964952111 0.721969366 0.979489923 0.633820474 -0.967706263 0.770068526 0.979106963
0.561571479 -0.980936527 0.778210521 0.980204403 0.736677170 -0.976334572 0.830274105 0.980735898 0.933538437 -0.974003732 0.549313486 0.981418550 0.680400550 -0.976276219 0.960085094 0.977033556 0.636204481 -0.980573118 0.823703408 0.971339524 0.684977829 -0.981768847 0.779868484 0.976339579 0.911992848 -0.951505959 0.585856497 0.976509273 0.737625599 -0.977041125 0.885268271 0.981661797 0.598234773 -0.968846321 0.752861679 0.981768847 0.674507141 -0.971294403 0.795616448 0.981428385
0.610285759 -0.983054698 0.802853763 0.982403874 0.765935242 -0.978964090 0.849132538 0.982876360 0.940923095 -0.976892173 0.599389732 0.983483136 0.715911627 -0.978912175 0.964520097 0.979585409 0.576920390 -0.982731700 0.840681911 0.974524021 0.706306338 -0.983794510 0.804327548 0.978968501 0.915009975 -0.886280060 0.551964939 0.979119301 0.736144245 -0.979592144 0.893607557 0.983699381 0.642875373 -0.972307861 0.780321479 0.983794510 0.710672975 -0.974483967 0.818325758 0.983491898
0.653587341 -0.984937489 0.824758947 0.984359026 0.791942477 -0.981301427 0.865895569 0.984778941 0.947487175 -0.947976768 0.643902004 0.985318363 0.747476995 -0.981255293 0.968462288 0.981853724 0.564299703 -0.984650373 0.845773041 0.977354705 0.737278342 -0.985595107 0.826068938 0.981305361 0.913288295 -0.788799703 0.538836241 0.981439412 0.727979541 -0.981859684 0.901232064 0.985510528 0.682555914 -0.975384772 0.804730177 0.985595107 0.742820442 -0.977319062 0.838511765 0.985326111
0.682999015 -0.986611128 0.844230175 0.986096919 0.815059960 -0.983379006 0.880796075 0.986470163 0.953321934 -0.882343769 0.683468461 0.986949623 0.775535107 -0.983337998 0.971966505 0.983869970 0.608676970 -0.986355901 0.847117722 0.979870856 0.766469598 -0.987195671 0.845394611 0.983382523 0.909213543 -0.665077031 0.558687866 0.983501673 0.724975407 -0.983875275 0.907094002 0.987120509 0.717827439 -0.978119791 0.826426864 0.987195671 0.771395922 -0.979839146 0.856454909 0.986956537
0.687918901 -0.972634733 0.861537933 0.982416630 0.835608840 -0.985225797 0.894040942 0.987973511 0.958508372 -0.785289645 0.710626364 0.987500727 0.800475657 -0.985189378 0.975081325 0.985662162 0.652157307 -0.965179563 0.851786494 0.982107401 0.792417467 -0.988618374 0.862572968 0.985228896 0.905112505 -0.521520793 0.607722521 0.985334814 0.734276414 -0.985666871 0.910714924 0.988551557 0.749179959 -0.980550885 0.845712721 0.988618374 0.796796381 -0.982079268 0.872404337 0.988405824
0.683204353 -0.920021951 0.873101413 0.936801314 0.853132546 -0.986867368 0.905814171 0.971373439 0.963118553 -0.662729740 0.713508666 0.946828425 0.822645009 -0.986835003 0.977850080 0.987255275 0.690806508 -0.908422828 0.862854064 0.984095454 0.815482140 -0.989883006 0.877842665 0.986870170 0.902755916 -0.364618868 0.651308894 0.986964285 0.757220089 -0.987259448 0.912191987 0.959932923 0.777048826 -0.982711911 0.862855792 0.972870350 0.819374561 -0.984070420 0.886581659 0.982429087
0.683266282 -0.833866298 0.866639137 0.854110599 0.846197784 -0.988326550 0.916279256 0.912342131 0.962137341 -0.520934463 0.707419813 0.869962215 0.842351139 -0.988297760 0.980311155 0.982576549 0.725161314 -0.820070803 0.877123833 0.985862613 0.835984170 -0.991007090 0.891415715 0.955277860 0.902120411 -0.212994561 0.690052390 0.988012910 0.784195662 -0.988675058 0.912052393 0.892464995 0.789136767 -0.984632790 0.878094018 0.915680408 0.839444041 -0.985840380 0.899183691 0.933504641
0.694948196 -0.719682157 0.852259517 0.740266025 0.828347802 -0.984356701 0.925581574 0.816289246 0.954259217 -0.366370916 0.706104517 0.762852073 0.857702792 -0.989598036 0.982498825 0.935956419 0.755698979 -0.704833210 0.889316320 0.954483807 0.854208112 -0.953830957 0.903480589 0.883275747 0.901541591 -0.078217387 0.724491000 0.947479963 0.808173895 -0.989933431 0.911039829 0.791495085 0.773074687 -0.984278560 0.891639113 0.822169483 0.857283592 -0.987413704 0.910385489 0.846708894
0.714745998 -0.583002448 0.840236008 0.601695776 0.813636124 -0.936162233 0.933850288 0.689018548 0.941950679 -0.214551926 0.718429506 0.631710351 0.862489164 -0.990753770 0.981331229 0.852499843 0.782843530 -0.567894816 0.895980120 0.884121001 0.867518187 -0.874087214 0.914205015 0.776556313 0.898857832 0.041584544 0.749963999 0.869652629 0.829487920 -0.955943525 0.909282029 0.662892342 0.745906115 -0.941730082 0.903679252 0.698060632 0.873140991 -0.988812149 0.920342684 0.727657557
0.734697461 -0.429277688 0.836998999 0.444811970 0.811221004 -0.849815667 0.928180456 0.536524177 0.927668691 -0.079601720 0.745727658 0.482530296 0.862539887 -0.968487978 0.974541068 0.738073587 0.806972027 -0.414695472 0.897229552 0.780344188 0.864746988 -0.757951856 0.923282862 0.641108751 0.892386496 0.148075148 0.758521438 0.759809613 0.848433733 -0.883885443 0.905958235 0.512811661 0.724843919 -0.862788558 0.914381564 0.549439311 0.887236416 -0.956603527 0.929193497 0.582279146
0.748686135 -0.270469069 0.843880892 0.284277320 0.821569681 -0.731647313 0.915669978 0.365799278 0.913105249 0.040354028 0.773980141 0.320865870 0.863234341 -0.905770063 0.963665545 0.599090874 0.828419566 -0.257507086 0.896170497 0.649315476 0.853312790 -0.612540662 0.919589579 0.483016014 0.881418943 0.242733464 0.757377505 0.624160171 0.865274429 -0.779016376 0.899969101 0.347505718 0.720832407 -0.753745675 0.923894703 0.382536262 0.899765730 -0.883256733 0.937060893 0.416617870
0.755695283 -0.129305840 0.858262539 0.141579822 0.839349687 -0.587979853 0.902552605 0.214043796 0.898925126 0.146981359 0.799093485 0.174103007 0.868303001 -0.808174372 0.950244784 0.442208707 0.847484052 -0.117784083 0.896952271 0.497452945 0.842876613 -0.445400387 0.905659854 0.318236440 0.866274238 0.326874197 0.754215181 0.469360203 0.877777755 -0.646873713 0.890507281 0.197782844 0.736248732 -0.620825827 0.932350814 0.228921115 0.910902858 -0.774687946 0.944054127 0.259215891
0.759505272 -0.003827408 0.874011159 0.014737626 0.857199728 -0.425061613 0.892153203 0.079150036 0.884874165 0.241761208 0.821416438 0.043647114 0.878721833 -0.681496739 0.935360968 0.281963319 0.864430308 0.006414148 0.902449012 0.331109673 0.840730548 -0.284800321 0.887376666 0.171765730 0.847970903 0.401665956 0.755217016 0.306097955 0.879196823 -0.493150979 0.877354085 0.064695865 0.765554428 -0.469920099 0.939867437 0.092374332 0.920802534 -0.637376368 0.950270295 0.119303003
0.765873492 0.107708968 0.888009906 -0.098011002 0.871931612 -0.266721427 0.885421455 -0.040755522 0.870191157 0.326009959 0.839839578 -0.072313674 0.891536117 -0.531534076 0.919485331 0.139522940 0.879493594 0.116812579 0.913279593 0.183208600 0.849623978 -0.142044738 0.871367037 0.041569538 0.827817500 0.468147516 0.763575137 0.160975948 0.873662829 -0.327245295 0.860880077 -0.053603675 0.791603923 -0.306595653 0.946548820 -0.029000597 0.929602265 -0.478087515 0.955795825 -0.005063999
0.778039992 0.206852421 0.900453269 -0.198231995 0.881531298 -0.125974610 0.882188380 -0.147338241 0.854058027 0.400897741 0.846173286 -0.175389931 0.902203560 -0.364008397 0.902680278 0.012909279 0.892883182 0.214944512 0.922915161 0.051740982 0.866332412 -0.015150880 0.862716198 -0.074160412 0.806986451 0.527242243 0.777478337 0.031978626 0.865649641 -0.179773599 0.841861784 -0.158758819 0.814759076 -0.161418363 0.952487826 -0.136889413 0.937424242 -0.313855559 0.960707426 -0.115612440
0.796379864 0.294979930 0.911513984 -0.287317336 0.887342930 -0.000866320 0.882249355 -0.242078438 0.835935116 0.467464656 0.843980908 -0.267013282 0.906949520 -0.212451905 0.884733558 -0.099636197 0.904785037 0.302172899 0.931480169 -0.065119125 0.881184340 0.097643666 0.863620281 -0.177031472 0.786259592 0.579770863 0.792370558 -0.082685664 0.858279884 -0.048687648 0.821289301 -0.252230078 0.835341394 -0.032371875 0.957766950 -0.232790589 0.944377124 -0.167871609 0.965073228 -0.213877723
0.818912625 0.373315483 0.920871198 -0.366504282 0.891157985 0.110341050 0.885773540 -0.326291949 0.815711617 0.526635230 0.838234067 -0.348456234 0.904211521 -0.077735029 0.865286589 -0.199676618 0.915364504 0.379709244 0.939093471 -0.168994784 0.894386113 0.197905481 0.873363316 -0.268472433 0.765959024 0.626462996 0.803608239 -0.184609473 0.852604985 0.067833200 0.799940407 -0.335315615 0.853636801 0.082336113 0.962459505 -0.318036079 0.950557411 -0.038108096 0.968954027 -0.301224649
0.839033425 0.442947090 0.925817609 -0.436892718 0.894679308 0.209192038 0.893066525 -0.401148409 0.793681920 0.579231322 0.833006501 -0.420850009 0.894647717 0.042013306 0.844081342 -0.288601428 0.920320272 0.448630452 0.945860863 -0.261328697 0.906120956 0.287027091 0.887434065 -0.349753261 0.746021450 0.667967081 0.808276474 -0.275208414 0.847681940 0.171407297 0.778273046 -0.409169436 0.869899392 0.184298769 0.966630697 -0.393809855 0.956051052 0.077237248 0.972403586 -0.378866345
0.856918633 0.504841864 0.927040458 -0.499460191 0.899096310 0.297059596 0.903815389 -0.467687458 0.770410717 0.625983417 0.830206037 -0.485199988 0.880240500 0.148456275 0.821200132 -0.367645711 0.920903206 0.509893715 0.951876342 -0.343403280 0.916552007 0.366246313 0.899941385 -0.422002912 0.726163745 0.704859674 0.805855334 -0.355740815 0.841687679 0.263473153 0.756487012 -0.474817276 0.884355009 0.274932235 0.970338404 -0.461164325 0.960934281 0.179766446 0.975469828 -0.447881192
0.872816563 0.559859455 0.925888002 -0.555075705 0.904909134 0.375164092 0.914502561 -0.526833296 0.746563971 0.667540789 0.829488575 -0.542400002 0.863352478 0.243072242 0.796938598 -0.437907308 0.921295822 0.564349949 0.957223415 -0.416358471 0.925823987 0.436663389 0.911059022 -0.486224800 0.706057906 0.737653017 0.797791958 -0.427325189 0.832894921 0.345309466 0.734565258 -0.533170938 0.897204459 0.355495334 0.973634124 -0.521034956 0.965274870 0.270903498 0.978195429 -0.509227753
0.884442687 0.608763933 0.923919439 -0.604511738 0.911978185 0.444590300 0.924002290 -0.579407394 0.722741842 0.699116528 0.829072058 -0.593244433 0.845873892 0.327175319 0.771736324 -0.500362039 0.924269140 0.612755537 0.961976349 -0.481207520 0.934065759 0.499256343 0.920941353 -0.543310940 0.685466647 0.758307278 0.786474288 -0.490955710 0.820323825 0.418052852 0.712408185 -0.585040808 0.908626139 0.427106947 0.976563692 -0.574253261 0.969133258 0.351914227 0.980618119 -0.563758016
0.889420390 0.652234614 0.922493100 -0.648454905 0.919716120 0.506302476 0.932446480 -0.626139879 0.699375570 0.709166586 0.826814950 -0.638439476 0.828787208 0.401933610 0.746074855 -0.555877388 0.930577755 0.655782700 0.966201186 -0.538851142 0.941391766 0.554894507 0.929725647 -0.594054163 0.664323986 0.757591128 0.774187446 -0.547516167 0.803945839 0.482713640 0.689898491 -0.631147385 0.918778837 0.490761727 0.975623190 -0.621558487 0.972562909 0.423923761 0.982771695 -0.612229347
0.889364779 0.690875232 0.922135413 -0.687515438 0.927334547 0.561157763 0.939952433 -0.667679906 0.676694691 0.699100792 0.821115136 -0.678612888 0.812165141 0.468385428 0.720385969 -0.605224311 0.938291311 0.694029093 0.969956636 -0.590089917 0.947903812 0.604350686 0.937533915 -0.639159262 0.642745435 0.737243831 0.762403131 -0.597792149 0.784510791 0.540189922 0.666990161 -0.672131002 0.927803397 0.547343791 0.968244791 -0.663607538 0.975611448 0.487932235 0.984685957 -0.655314982
0.886804760 0.725222409 0.922337055 -0.722235978 0.934088767 0.609917998 0.946624339 -0.704604387 0.654739857 0.670938730 0.811370671 -0.714322567 0.795465529 0.527453721 0.694991589 -0.649088323 0.945147872 0.728025854 0.973294795 -0.635635495 0.952751040 0.648311734 0.944474578 -0.679252684 0.614153862 0.699539661 0.751549125 -0.642481923 0.763168156 0.591279924 0.643753946 -0.708560884 0.933914006 0.597638905 0.957339108 -0.700984478 0.978321314 0.544828653 0.986387491 -0.693613291
0.883996248 0.755753279 0.922174871 -0.753098607 0.939362049 0.653260469 0.952555001 -0.737426102 0.639342725 0.626185238 0.797964811 -0.746064484 0.777936578 0.579958856 0.670067012 -0.688078463 0.951242507 0.758245170 0.976262033 -0.676120400 0.953623593 0.687388182 0.950644076 -0.714891255 0.534803450 0.647031844 0.741205573 -0.682206154 0.741066337 0.636693239 0.620357335 -0.740943015 0.931293368 0.642345667 0.945944011 -0.734208405 0.978764474 0.595403254 0.987900019 -0.727656245
0.881885350 0.782891810 0.920888424 -0.780532122 0.942344487 0.691787064 0.957826674 -0.766600966 0.679415762 0.557220519 0.781933069 -0.774279535 0.758970320 0.626630127 0.645686209 -0.722736418 0.956660032 0.785106838 0.978172064 -0.712107062 0.951316893 0.722122848 0.956128061 -0.746569991 0.464269698 0.581602335 0.730506241 -0.717516601 0.719059944 0.677060664 0.597019851 -0.769727111 0.922112167 0.682085037 0.936440647 -0.763740838 0.976128399 0.640358448 0.989244461 -0.757916689
0.880385578 0.807014942 0.918162584 -0.804917455 0.942250073 0.726032972 0.961655974 -0.792534173 0.715036213 0.469418436 0.764528513 -0.799359620 0.738310575 0.668115675 0.621832132 -0.753543496 0.961475551 0.808983862 0.971720576 -0.744095147 0.946550190 0.752998054 0.958037674 -0.774728894 0.401573062 0.505650461 0.718565106 -0.748903632 0.697583079 0.712942839 0.573978066 -0.795313001 0.909512520 0.717408955 0.929517925 -0.789991856 0.970903337 0.680318594 0.990439534 -0.784814835
0.878914416 0.828457713 0.913502395 -0.826593280 0.938592196 0.756473720 0.962581575 -0.815585971 0.746698856 0.368277758 0.746821880 -0.821653008 0.716094911 0.704991698 0.598452866 -0.780927539 0.961021721 0.830207884 0.958313107 -0.772529006 0.939832807 0.780442715 0.955850124 -0.799759030 0.345842719 0.421920955 0.704819202 -0.776803255 0.676676929 0.744838059 0.551447511 -0.818055987 0.896296501 0.748807967 0.924455881 -0.813326061 0.963470817 0.715838790 0.991501808 -0.808724284
0.876454115 0.847517967 0.906432092 -0.845860720 0.931300640 0.783532202 0.960708737 -0.836076379 0.774843454 0.259204090 0.729466081 -0.841469347 0.692765296 0.737770379 0.575513482 -0.803868651 0.954404891 0.849073648 0.940341532 -0.797803581 0.931435347 0.804838002 0.950558841 -0.822008014 0.296304643 0.333339870 0.689159691 -0.801602840 0.656120539 0.773189366 0.479064465 -0.838271976 0.884247184 0.776718199 0.919706047 -0.834067643 0.954075038 0.747412264 0.992446005 -0.829977155
0.871920586 0.864460409 0.896651268 -0.862987280 0.920697927 0.807584167 0.956395626 -0.854290128 0.799860835 0.147306666 0.712650597 -0.859083831 0.668910980 0.766907036 0.606436074 -0.792960942 0.942242861 0.865843236 0.920387566 -0.820269823 0.921433926 0.826522648 0.943391323 -0.841784894 0.252270788 0.242853492 0.671890318 -0.823647022 0.635597408 0.798390567 0.414723963 -0.843755126 0.873941839 0.801527262 0.913531244 -0.852504551 0.942838311 0.775477529 0.993285358 -0.848868549
0.864504516 0.879520357 0.884127617 -0.878210902 0.907373905 0.828963697 0.950249255 -0.870480120 0.822098553 0.037244633 0.696201086 -0.874741197 0.645106196 0.792806208 0.650165379 -0.750147879 0.925939620 0.880749583 0.900572538 -0.840239882 0.909795821 0.845797896 0.935559154 -0.859364390 0.213129595 0.153290555 0.653574586 -0.843241751 0.614841938 0.820791602 0.357532412 -0.825281858 0.843922436 0.823579788 0.904524207 -0.868892968 0.929812968 0.800424457 0.994031429 -0.865660965
0.831038654 0.892906964 0.869107962 -0.891743064 0.892023742 0.847967744 0.943071187 -0.884871244 0.841865361 -0.066906124 0.679756641 -0.888658822 0.621790171 0.815827787 0.689035892 -0.680542231 0.934168518 0.893999636 0.882181883 -0.857990980 0.896470606 0.862931490 0.928085268 -0.874990523 0.178337425 0.067252405 0.634850800 -0.860659361 0.593731284 0.840703666 0.306695491 -0.784582257 0.742799520 0.843182027 0.859599888 -0.883460402 0.915041089 0.822599530 0.990491569 -0.880587518
0.727589905 0.904806197 0.817164481 -0.903771579 0.875298142 0.864860237 0.935371578 -0.897663295 0.859435856 -0.161748201 0.662953734 -0.885185242 0.599209428 0.836291373 0.723587453 -0.589659333 0.941483140 0.904026330 0.895272791 -0.873769760 0.881458461 0.878161311 0.921302915 -0.888880491 0.147411048 -0.012978626 0.616264760 -0.876141667 0.572311640 0.858403265 0.261507094 -0.724173784 0.649155080 0.860606253 0.752977669 -0.896409214 0.898601353 0.842310727 0.980142057 -0.893855572
0.635635495 0.915383279 0.715257287 -0.914463639 0.857703924 0.879875779 0.858073115 -0.909034073 0.875054121 -0.244613722 0.645582795 -0.862684190 0.577423215 0.854481220 0.754299998 -0.483182997 0.947984993 0.878459990 0.906909108 -0.887795329 0.864847422 0.891698956 0.839371741 -0.901227117 0.119920924 -0.085508734 0.598171353 -0.882328331 0.550770640 0.874136209 0.221339643 -0.647173882 0.565915644 0.876094460 0.658202410 -0.907919347 0.880636573 0.859831750 0.982348502 -0.905649364
0.553898215 0.924785137 0.624673128 -0.923967659 0.839563489 0.893222868 0.751620531 -0.919141352 0.888936996 -0.313586891 0.627629161 -0.823314488 0.556352794 0.870649934 0.781599998 -0.366736531 0.953764439 0.822099566 0.917252541 -0.889050782 0.846817374 0.903732419 0.734997094 -0.912201881 0.095485270 -0.148873597 0.580727577 -0.868029952 0.529375851 0.888121068 0.185635239 -0.557110190 0.491925031 0.889861763 0.609632254 -0.918150485 0.861356676 0.875405967 0.984309793 -0.916132808
0.481242836 0.928885937 0.544153929 -0.932415724 0.766303360 0.905086994 0.656996012 -0.928125679 0.901277304 -0.367497444 0.609250605 -0.769631982 0.535851777 0.885022163 0.805866659 -0.245685518 0.958901763 0.740362763 0.926446736 -0.855054379 0.768678129 0.914428771 0.642219663 -0.921957195 0.073764682 -0.202056706 0.563929915 -0.835257292 0.508405149 0.900552094 0.153897986 -0.457740396 0.426155567 0.892347634 0.610079646 -0.927244902 0.876761496 0.889249742 0.986053109 -0.925451398
0.416660309 0.908485174 0.472581267 -0.939925075 0.670047462 0.915632904 0.572885394 -0.936111689 0.912246525 -0.405881494 0.590717554 -0.704472184 0.515774012 0.897797465 0.827437043 -0.124956571 0.963468194 0.639033616 0.934619308 -0.790968359 0.672158301 0.923936725 0.559750795 -0.930628657 0.054457497 -0.244836569 0.547658086 -0.786508501 0.488088131 0.911601841 0.125687093 -0.352865338 0.367693841 0.868498445 0.647925615 -0.908073962 0.890454650 0.901555359 0.987602770 -0.933734536
0.359253615 0.865366817 0.408961117 -0.924125671 0.584486604 0.925007045 0.498120338 -0.943210423 0.921996891 -0.428921223 0.572322428 -0.630827010 0.496023148 0.909153342 0.846610665 -0.008937443 0.967527330 0.524017930 0.941883802 -0.702489078 0.586362958 0.932388186 0.486445159 -0.938336551 0.037295550 -0.277648598 0.475696057 -0.724637806 0.468570858 0.921423852 0.100610755 -0.246173337 0.315727860 0.814040124 0.683475554 -0.856120825 0.902626395 0.891020298 0.988980234 -0.941097379
0.308225423 0.802162588 0.352409869 -0.874811530 0.508432567 0.933339596 0.431662500 -0.949520350 0.930663884 -0.437362641 0.608210742 -0.542522252 0.476576090 0.919247389 0.863653958 0.098645173 0.971135378 0.401110768 0.948341191 -0.595588446 0.510100424 0.939900637 0.421284586 -0.945188046 0.022040490 -0.300290942 0.411729842 -0.651564002 0.449907035 0.930154562 0.078320667 -0.141095415 0.269535869 0.734325349 0.715974808 -0.776857615 0.913445652 0.845736623 0.990204692 -0.939671159
0.262867033 0.722155571 0.302142113 -0.797165632 0.440828919 0.935917139 0.372588903 -0.955129206 0.938367903 -0.432422400 0.651742876 -0.442483097 0.457481056 0.917112172 0.878803492 0.194769233 0.974342585 0.275793046 0.954081059 -0.476268321 0.442311466 0.946578324 0.363364071 -0.951278269 0.008480436 -0.312967390 0.354870975 -0.569659293 0.432070673 0.924186230 0.058507260 -0.040692490 0.228476331 0.635074556 0.745751798 -0.676154971 0.923062801 0.771051228 0.991293013 -0.903719604
0.222548485 0.629070044 0.257459670 -0.697119951 0.380736828 0.907761514 0.320079029 -0.960114837 0.945215940 -0.415686011 0.690438092 -0.335665315 0.438836873 0.892629504 0.892269790 0.277136236 0.977193415 0.153046116 0.959183156 -0.350332677 0.382054627 0.942611217 0.311879188 -0.956691802 -0.003572946 -0.316235036 0.304329753 -0.481586635 0.414983392 0.896107912 0.040895343 0.052365437 0.191978961 0.522133052 0.773099363 -0.560032248 0.931611359 0.672819197 0.992260456 -0.838300705
0.186709762 0.526873887 0.217741922 -0.580781281 0.327321619 0.846665740 0.273403585 -0.942029715 0.951303065 -0.389005393 0.724833846 -0.226735383 0.420762926 0.848440766 0.904239774 0.344205678 0.979727447 0.037219878 0.963718355 -0.223194525 0.328492999 0.902515829 0.266114831 -0.931089342 -0.014287063 -0.311008841 0.259404212 -0.390136033 0.385466248 0.848668396 0.025240306 0.135902032 0.159536853 0.401243836 0.798272014 -0.434422702 0.939210117 0.557146311 0.993120432 -0.748958707
0.154853120 0.419581920 0.182437256 -0.454193890 0.279841453 0.758337617 0.231914282 -0.891512215 0.956713796 -0.354397327 0.755407870 -0.119943209 0.414834917 0.785081327 0.914879799 0.395166308 0.981979966 -0.068057351 0.967749655 -0.099717133 0.280882686 0.831513464 0.225435406 -0.874038398 -0.023810722 -0.298553497 0.219470412 -0.298077524 0.331525564 0.784723520 0.011324716 0.208277285 0.130699426 0.277827919 0.820686221 -0.304963112 0.945964575 0.430142283 0.993884802 -0.641488254
0.126536116 0.311076671 0.151055351 -0.323122680 0.237636834 0.648873210 0.195034921 -0.813883245 0.961523414 -0.313948005 0.782584786 -0.019001925 0.449994117 0.699616194 0.924337626 0.429888457 0.983982205 -0.159945235 0.971333027 0.015901523 0.238562375 0.735389769 0.189275920 -0.791005731 -0.032276198 -0.280244142 0.183973700 -0.208036244 0.283578277 0.706872761 -0.001044697 0.268389642 0.105066158 0.156822965 0.840609968 -0.176819608 0.951968491 0.297695041 0.994564295 -0.521706045
0.101365432 0.204970688 0.123160310 -0.192875102 0.200121626 0.524503708 0.162253261 -0.714840710 0.965798557 -0.269726723 0.806742013 0.072991207 0.511105895 0.597476184 0.932744563 0.448849648 0.985761940 -0.236420706 0.974518239 0.120220371 0.200944334 0.620237052 0.157134145 -0.687784135 -0.039801065 -0.257503897 0.152421072 -0.122404851 0.240958467 0.618120968 -0.012039730 0.315664709 0.082281031 0.042562995 0.858319998 -0.054550108 0.957305312 0.165274814 0.995168269 -0.395240903
0.078991495 0.104491189 0.098364718 -0.068144038 0.166774780 0.391354799 0.133114010 -0.600225747 0.969598711 -0.223709852 0.828215122 0.153605387 0.565427482 0.484086394 0.940217376 0.453038841 0.987343967 -0.296255082 0.977349579 0.210596636 0.167506069 0.492205590 0.128563687 -0.570259035 -0.046489835 -0.231746271 0.124374285 -0.043250900 0.203074187 0.521695018 -0.021813095 0.350030124 0.062027581 -0.061341923 0.874062240 0.057998344 0.962049186 0.037765592 0.995705128 -0.267361164
0.059103549 0.012374317 0.076324195 0.047092993 0.137133136 0.255231410 0.107212454 -0.475809425 0.972976625 -0.177719191 0.847302318 0.221098110 0.613713324 0.364691406 0.946859896 0.443860322 0.988750160 -0.338973135 0.979866266 0.285196990 0.137783185 0.357279211 0.103167720 -0.444193751 -0.052435409 -0.204325169 0.099443808 0.027738703 0.169399276 0.420891583 -0.030500527 0.371850044 0.044024516 -0.152059421 0.888055325 0.157756597 0.966265917 -0.077541694 0.996182323 -0.142818689
0.041425377 -0.069192022 0.056732617 0.149640694 0.110785015 0.121432401 0.084188849 -0.347094506 0.975979269 -0.133372441 0.864268780 0.274406224 0.656634033 0.244184598 0.952764332 0.423036009 0.990000129 -0.364795119 0.982103348 0.342976272 0.111362822 0.221067697 0.080593526 -0.315037519 -0.057720363 -0.176493093 0.077283382 0.089293458 0.139466017 0.318926930 -0.038222693 0.381871045 0.028021794 -0.227561638 0.900493622 0.242460936 0.970014155 -0.180037066 0.996606529 -0.025728531
0.025711447 -0.138607323 0.039317880 0.237117767 0.087364458 -0.003171199 0.063723423 -0.219148144 0.978648245 -0.092046663 0.879350007 0.313108444 0.694785833 0.126980782 0.958012760 0.392505258 0.991111279 -0.374549776 0.984091878 0.383623689 0.087878063 0.088633977 0.060527582 -0.187760293 -0.062418099 -0.149366006 0.057585228 0.140568957 0.112858690 0.218834594 -0.045086838 0.381156206 0.013797149 -0.286614150 0.911549866 0.310650438 0.973345935 -0.271144062 0.996983588 0.080509655
0.011743508 -0.194853276 0.023838116 0.307956934 0.066546187 -0.113929957 0.045531932 -0.096464105 0.981020629 -0.054856442 0.892755568 0.337371618 0.728698492 0.016909920 0.962678015 0.354331166 0.992098868 -0.369572282 0.985859454 0.407491982 0.067002729 -0.032325350 0.042691182 -0.066727303 -0.066593871 -0.123898782 0.040075760 0.181145772 0.089207724 0.123358935 -0.051188301 0.371011913 0.001153022 -0.328742653 0.921377659 0.361631185 0.976307511 -0.346621364 0.997318745 0.173256263
-0.000672437 -0.237482741 0.010078326 0.361371666 0.048041053 -0.212382182 0.029361717 0.017135298 0.983129442 -0.022641871 0.904671609 0.347871989 0.758843124 -0.082880594 0.966824889 0.310613632 0.992976785 -0.351596653 0.987430632 0.415507436 0.048446868 -0.139844760 0.026836608 0.044391360 -0.070305660 -0.100869708 0.024511786 0.211008132 0.068184644 0.034862328 -0.056611821 0.352914453 -0.010086203 -0.354159743 0.930113494 0.395412266 0.978940010 -0.404475421 0.997616649 0.250642270
-0.011708833 -0.266586363 -0.002152599 0.397297293 0.031592045 -0.299895287 0.014988192 0.118565649 0.985003948 0.004030401 0.915263653 0.345714003 0.785638332 -0.169956148 0.970511019 0.263408184 0.993757129 -0.322645962 0.988827229 0.409070700 0.031952772 -0.235417560 0.012743652 0.142680123 -0.073605031 -0.080872364 0.010677144 0.230500430 0.049497459 -0.044734187 -0.061432730 0.328438878 -0.020076625 -0.363865912 0.937878668 0.412627637 0.981279969 -0.444488049 0.997881472 0.311554760
-0.021518962 -0.282722861 -0.013024533 0.416354895 0.016970709 -0.370313257 0.002211727 0.205510914 0.986670196 0.024857525 0.924678802 0.332341820 0.809456289 -0.242587954 0.973787546 0.214656740 0.994450808 -0.284924448 0.990068614 0.389951050 0.017291352 -0.318742931 0.000216579 0.225998342 -0.076537803 -0.064315856 -0.001620317 0.240280107 0.032886632 -0.113970675 -0.065717980 0.299191624 -0.028957000 -0.359342813 0.944781005 0.414441556 0.983359993 -0.467120320 0.998116851 0.355594903
-0.030239077 -0.286852837 -0.022688475 0.419884145 0.003973963 -0.422620773 -0.009145132 0.276423156 0.988151252 0.039781887 0.933047831 0.309446722 0.830627799 -0.299747378 0.976700068 0.166141808 0.995067358 -0.240716159 0.991172135 0.360179693 0.004258980 -0.384469926 -0.010918597 0.292974561 -0.079144716 -0.051431585 -0.012551392 0.241263390 0.018121449 -0.171874940 -0.069527097 0.266753376 -0.036850665 -0.342423886 0.950916469 0.402445465 0.985208869 -0.473417968 0.998326063 0.383010387
-0.037990291 -0.280260384 -0.031278644 0.409619451 -0.007578700 -0.456881553 -0.019240117 0.330684692 0.989467800 0.048964679 0.940486968 0.278876513 0.849446952 -0.341069072 0.979288936 0.119438231 0.995615423 -0.192289442 0.992152989 0.321945697 -0.007325351 -0.432139903 -0.020816529 0.343196750 -0.081461973 -0.042285684 -0.022267904 0.234564587 0.004996845 -0.217931077 -0.072912976 0.232628167 -0.043867260 -0.315186799 0.956370175 0.378551483 0.986852348 -0.464905381 0.998512089 0.394613206
-0.044880260 -0.264470398 -0.038914349 0.387583554 -0.017847734 -0.473963231 -0.028213438 0.368367106 0.990638018 0.052757967 0.947099507 0.242551252 0.866175056 -0.366789639 0.981590152 0.075880997 0.996102631 -0.141815007 0.993024886 0.277498662 -0.017622534 -0.462145537 -0.029614693 0.376882702 -0.083521754 -0.036795553 -0.030904803 0.221435174 -0.006669472 -0.252059519 -0.075922646 0.198199034 -0.050104231 -0.279849023 0.961217940 0.344886184 0.988313198 -0.443473637 0.998677433 0.391687363
-0.051004674 -0.241165757 -0.045701645 0.355982542 -0.026975762 -0.475319564 -0.036189724 0.390104681 0.991678238 0.051670372 0.952977359 0.202384651 0.881044507 -0.377668649 0.983635724 0.036547646 0.996535659 -0.091299154 0.993799865 0.229060516 -0.026775585 -0.475537360 -0.037435282 0.394796014 -0.085352667 -0.034750428 -0.038582049 0.203204140 -0.017039530 -0.274574727 -0.078597903 0.164696023 -0.055648204 -0.238670990 0.965115607 0.303689212 0.989611745 -0.411268741 0.998824358 0.375889778
-0.056448601 -0.212107837 -0.051734794 0.317105472 -0.035089567 -0.462794363 -0.043279752 0.397012472 0.992602885 0.046331305 0.958202064 0.160214856 0.894261777 -0.374904543 0.985453963 0.002257723 0.996920586 -0.042532030 0.994488776 0.178750232 -0.034911633 -0.473829746 -0.044386920 0.398160636 -0.086980149 -0.035834100 -0.045406263 0.181221530 -0.026257360 -0.286137104 -0.080975913 0.133174494 -0.060576182 -0.193867385 0.965520680 0.257220238 0.990765989 -0.370583773 0.998955011 0.349148691
-0.061287645 -0.179062903 -0.057097595 0.273232371 -0.042301837 -0.438510180 -0.049582005 0.390593708 0.993424773 0.037454616 0.962846279 0.117745511 0.906010449 -0.360041827 0.987070203 -0.026428567 0.997262716 0.002952632 0.995101154 0.128519759 -0.042143673 -0.458894342 -0.050566148 0.388566792 -0.088426799 -0.039648820 -0.051472235 0.156808525 -0.034450985 -0.287697375 -0.083089702 0.104492873 -0.064956605 -0.147531465 0.962439537 0.207674354 0.991791964 -0.323758364 0.999071121 0.313564092
-0.065589018 -0.143738151 -0.061864529 0.226555452 -0.048712745 -0.404759228 -0.055184003 0.372643948 0.994155407 0.025803341 0.966974497 0.076502211 0.916453779 -0.334876716 0.988506854 -0.049200743 0.997566879 0.043904733 0.995645463 0.080103666 -0.048572153 -0.432851940 -0.056058798 0.367874354 -0.089712709 -0.045739416 -0.056864209 0.131213963 -0.041734211 -0.280431986 -0.084968626 0.079311244 -0.068850316 -0.101573780 0.955916584 0.157113403 0.992703974 -0.273090392 0.999174297 0.271314025
-0.069412462 -0.107728042 -0.066101804 0.179112464 -0.054411329 -0.363901168 -0.060163558 0.345154613 0.994804800 0.012156353 0.970643997 0.037795130 0.925736666 -0.301365614 0.989783883 -0.065979771 0.997837245 0.079375684 0.996129334 0.034980088 -0.054286361 -0.397967756 -0.060941156 0.338116616 -0.090855740 -0.053616881 -0.061657075 0.105579294 -0.048208188 -0.265677869 -0.086638778 0.058093693 -0.072311394 -0.057670988 0.946028888 0.107407719 0.993514657 -0.220758155 0.999266028 0.224569276
-0.072811075 -0.072466485 -0.069868267 0.132731915 -0.059476737 -0.318271399 -0.064589828 0.310220003 0.995382011 -0.002721925 0.973905742 0.002701656 0.933988154 -0.261537462 0.990918994 -0.076900624 0.998077512 0.108715393 0.996559381 -0.005651524 -0.059365653 -0.356554270 -0.065281026 0.301408648 -0.091871768 -0.062780507 -0.065917403 0.080908120 -0.053962834 -0.244869158 -0.088123359 0.041114580 -0.075387903 -0.017229617 0.932881415 0.060190104 0.994235218 -0.168757513 0.999347627 0.175416395
-0.075832069 -0.039189614 -0.073216237 0.088992484 -0.063979320 -0.270100355 -0.068524294 0.269952387 0.995895147 -0.018107645 0.976805151 -0.027950739 0.941322803 -0.217414707 0.991927981 -0.082282528 0.998291135 0.131563812 0.996941686 -0.040881820 -0.063880578 -0.310884356 -0.069138691 0.259864539 -0.092774905 -0.072737619 -0.069704354 0.058045983 -0.059078075 -0.219477788 -0.089442983 0.028469549 -0.078122579 0.018632665 0.916598856 0.016824305 0.994875789 -0.118852384 0.999420106 0.125795662
-0.078517392 -0.008916956 -0.076192215 0.049193762 -0.067981616 -0.221446082 -0.072021596 0.226406202 0.996351242 -0.033339944 0.979382336 -0.053585261 0.947842479 -0.170945093 0.992824852 -0.082598910 0.998481035 0.147833541 0.997281492 -0.070091039 -0.067893848 -0.263115287 -0.072567724 0.215523779 -0.093577698 -0.083021060 -0.073070541 0.037668951 -0.063624956 -0.190959483 -0.090615988 0.020092515 -0.080553405 0.049093269 0.897315264 -0.021611007 0.995445132 -0.072539248 0.999484539 0.077448674
-0.080904350 0.017560009 -0.078837521 0.014343374 -0.071539216 -0.174142659 -0.075130306 0.181512907 0.996756673 -0.047837194 0.981673181 -0.073866867 0.953637779 -0.123944536 0.993622124 -0.078444786 0.998649776 0.157683209 0.997583568 -0.092940874 -0.071461201 -0.215226427 -0.075615756 0.170287907 -0.094291285 -0.093203768 -0.076062702 0.020280700 -0.067666627 -0.160704955 -0.091658652 0.015778122 -0.082714140 0.073620267 0.875173628 -0.054329202 0.995951235 -0.031023581 0.999541819 0.031880360
-0.083026089 0.039680421 -0.081188910 -0.014846370 -0.074701525 -0.129761040 -0.077893607 0.137026221 0.997117043 -0.061110273 0.983709514 -0.088686675 0.958789110 -0.078042842 0.994330764 -0.070502505 0.998799801 0.161485657 0.997852027 -0.109355271 -0.074632175 -0.168970704 -0.078325115 0.125868484 -0.094925590 -0.102909952 -0.078722402 0.006212952 -0.071259223 -0.129998684 -0.092585474 0.015203966 -0.084634788 0.091961309 0.850319326 -0.080831274 0.996401072 0.004790143 0.999592721 -0.009665924
-0.084912077 0.057108492 -0.083279029 -0.037947927 -0.077512465 -0.089585900 -0.080349870 0.094481826 0.997437358 -0.072770528 0.985519528 -0.098139860 0.963368118 -0.034654174 0.994960666 -0.059508894 0.998933196 0.159790993 0.998090684 -0.119494021 -0.077450827 -0.125839829 -0.080733433 0.083751254 -0.095489413 -0.111823454 -0.081086576 -0.004365406 -0.074452646 -0.099990018 -0.093409307 0.017954908 -0.086342037 0.104121447 0.822900236 -0.100891784 0.996800959 0.034295801 0.999637961 -0.046221279
-0.086588517 0.069718450 -0.085136913 -0.054802094 -0.080011085 -0.054603204 -0.082533218 0.055170968 0.997722089 -0.082532637 0.987128496 -0.102500126 0.967438340 0.005048531 0.995520592 -0.046223823 0.999051690 0.153288096 0.998302817 -0.123721786 -0.079956286 -0.087042846 -0.082874164 0.045171492 -0.095990583 -0.119692527 -0.083188072 -0.011434801 -0.077291235 -0.071669966 -0.094141610 0.023547811 -0.087859586 0.110333763 0.793063402 -0.114536554 0.997156441 0.057174359 0.999678195 -0.077096090
-0.088078678 0.077577017 -0.086788371 -0.065493405 -0.082232073 -0.025499701 -0.084473975 0.020123163 0.997975171 -0.090213865 0.988558650 -0.102191068 0.971056283 0.040143304 0.996018291 -0.031402081 0.999157071 0.142764986 0.998491406 -0.122573055 -0.082183369 -0.053495005 -0.084777035 0.011098094 -0.096436076 -0.126331955 -0.085056059 -0.015108153 -0.079814434 -0.045855872 -0.094792537 0.031455643 -0.089208521 0.111025937 0.760954440 -0.122015007 0.997472346 0.073373750 0.999713957 -0.101872481
-0.089403272 0.080919892 -0.088256329 -0.070319749 -0.084206291 -0.002673439 -0.086199090 -0.009899748 0.998200178 -0.095729291 0.989829898 -0.097754829 0.974272251 0.069967367 0.996460736 -0.015767924 0.999250710 0.129069895 0.998659015 -0.116714872 -0.084162995 -0.025821242 -0.086468473 -0.017768869 -0.096832067 -0.131622568 -0.086716503 -0.015611652 -0.082057275 -0.023183217 -0.095371149 0.041131191 -0.090407573 0.106783405 0.726713896 -0.123766683 0.997753203 0.083081961 0.999745727 -0.120388627
-0.090580687 0.080123723 -0.089561179 -0.069757827 -0.085961141 0.013747435 -0.087732524 -0.034399617 0.998400152 -0.099083900 0.990959942 -0.089819878 0.977130890 0.094112508 0.996853948 0.000007038 0.999333978 0.113073811 0.998808026 -0.106908806 -0.085922658 -0.004366626 -0.087971978 -0.040992983 -0.097184062 -0.135508001 -0.088192441 -0.013263339 -0.084050909 -0.004104725 -0.095885463 0.052027535 -0.091473401 0.098310344 0.690477610 -0.120385103 0.998002887 0.086694472 0.999773979 -0.132717341
-0.091627277 0.075676419 -0.090721048 -0.064426117 -0.087521017 0.023878910 -0.089095578 -0.053129598 0.998577893 -0.100362331 0.991964400 -0.079069167 0.979671896 0.112406604 0.997203529 0.015321843 0.999408007 0.095636040 0.998940468 -0.093973547 -0.087486811 0.010783883 -0.089308426 -0.058386378 -0.097496942 -0.137989715 -0.089504391 -0.008450947 -0.085823029 0.011106882 -0.096342631 0.063616969 -0.089276038 0.086390600 0.652376533 -0.112580478 0.998224795 0.084778070 0.999799073 -0.139137506
-0.092557579 0.068146922 -0.091752045 -0.055046864 -0.088907570 0.028049225 -0.090307176 -0.066074461 0.998735905 -0.099716835 0.992857218 -0.066209793 0.981930554 0.124895640 0.997514248 0.029657464 0.999473751 0.077574216 0.999058187 -0.078749567 -0.088877164 0.019778974 -0.090496376 -0.069988072 -0.097775057 -0.139120430 -0.090670571 -0.001609687 -0.087398253 0.022346985 -0.096749008 0.075406678 -0.081237972 0.071910210 0.612535775 -0.101141892 0.998422027 0.078032494 0.999821424 -0.140102357
-0.093384512 0.058155350 -0.092668481 -0.042408671 -0.090140060 0.026763663 -0.091384158 -0.073424563 0.998876393 -0.097354107 0.993650854 -0.051945552 0.983938277 0.131818563 0.997790456 0.042586830 0.999532223 0.059639361 0.999162853 -0.062066622 -0.090113036 0.022969976 -0.091552339 -0.076037467 -0.098022275 -0.138996243 -0.091707177 0.006799390 -0.088798448 0.029663125 -0.097110227 0.086952671 -0.069312006 0.055862986 0.571074247 -0.086900875 0.998597324 0.067251503 0.999841273 -0.136204973
-0.094119571 0.046344183 -0.093483098 -0.027330605 -0.091235608 0.020666799 -0.092341475 -0.075546496 0.999001205 -0.093521461 0.994356334 -0.036951609 0.985722899 0.133579493 0.998035967 0.053779449 0.999584198 0.042494811 0.999255836 -0.044715315 -0.091211587 0.020875823 -0.092490964 -0.076943599 -0.098242022 -0.137748256 -0.092628598 0.016309213 -0.090043060 0.033236805 -0.097431317 0.097869024 -0.055827260 0.039264191 0.528105378 -0.070697322 0.998753190 0.053284701 0.999858916 -0.128142729
-0.094772950 0.033351876 -0.094207197 -0.010629351 -0.092209436 0.010503994 -0.093192421 -0.072950631 0.999112189 -0.088493146 0.994983375 -0.021854021 0.981985867 0.130715698 0.986393631 0.063001513 0.999630392 0.026702916 0.999338567 -0.027422918 -0.092188075 0.014145966 -0.093325302 -0.073251933 -0.098437354 -0.135533705 -0.093447648 0.026464611 -0.091149390 0.033361662 -0.097716726 0.107834890 -0.043089110 0.023066437 0.483736783 -0.053348828 0.998891711 0.037001513 0.999874592 -0.116681740
-0.095353730 0.019789957 -0.094850838 0.006909871 -0.093075052 -0.002916452 -0.093948819 -0.066257246 0.994052649 -0.082557276 0.995540798 -0.007212226 0.968247712 0.123864979 0.963905752 0.070116423 0.999671459 0.012713335 0.999412060 -0.010834016 -0.093056068 0.003522908 -0.094066933 -0.065610006 -0.098610982 -0.132527307 -0.094175681 0.036837198 -0.092132792 0.030420313 -0.097970419 0.116598032 -0.033026189 0.008087491 0.438070208 -0.035623837 0.999014854 0.019258207 0.999888539 -0.102622837
-0.095869988 0.006223608 -0.095422968 0.024558248 -0.093844488 -0.018759079 -0.094621174 -0.056162547 0.977557242 -0.076003559 0.996036291 0.006493345 0.945500255 0.113733105 0.931738138 0.075076915 0.999707997 0.000859783 0.999477386 0.004503742 -0.093827613 -0.010194591 -0.094726168 -0.054733377 -0.098765314 -0.128912836 -0.094822831 0.047038600 -0.093006924 0.024861040 -0.098195933 0.123976298 -0.026933387 -0.005041176 0.391201556 -0.018219449 0.999124348 0.000868876 0.999900877 -0.086769953
-0.096328877 -0.006843652 -0.095931530 0.041663319 -0.094528437 -0.036194298 -0.095218822 -0.043405846 0.950873911 -0.069112442 0.996476710 0.018870004 0.914637744 0.101061538 0.890927970 0.077917092 0.999740422 -0.008639804 0.999535441 0.018148750 -0.094513439 -0.026186034 -0.095312148 -0.041372843 -0.098902501 -0.124875449 -0.095398068 0.056730345 -0.093783930 0.017174497 -0.098396383 0.129855186 -0.025346400 -0.015901685 0.343221039 -0.001744703 0.999221623 -0.017419070 0.999911904 -0.069901899
-0.096736781 -0.018982587 -0.096383579 0.057664104 -0.095136389 -0.054427288 -0.095750064 -0.028738769 0.915113747 -0.062146123 0.996868134 0.029616993 0.876470625 0.086597338 0.842402220 0.078740291 0.999769270 -0.015678477 0.999587059 0.029769607 -0.095123053 -0.043640587 -0.095833018 -0.026284087 -0.099024445 -0.120594673 -0.095909394 0.065630205 -0.094474606 0.007872279 -0.098574564 0.134184435 -0.028046045 -0.024291489 0.294213951 0.013291432 0.999308109 -0.034943853 0.999921679 -0.052747399
-0.097099356 -0.029845664 -0.096785404 0.072100930 -0.095676787 -0.072722338 -0.092034794 -0.012897520 0.871265650 -0.055340964 0.997216165 0.038526811 0.831729829 0.071067326 0.786979079 0.077710554 0.999794900 -0.020252183 0.999632955 0.039144736 -0.094562002 -0.061784893 -0.096296020 -0.010200566 -0.099132843 -0.116238572 -0.096363910 0.073516533 -0.095088542 -0.002533803 -0.098732941 0.136972547 -0.034177564 -0.030204182 0.250412405 0.026488118 0.999384999 -0.051143967 0.999930382 -0.035965312
-0.097421654 -0.039170820 -0.097142585 0.084620796 -0.096157148 -0.090423115 -0.081141286 0.003328612 0.820210218 -0.048901673 0.997525454 0.045481939 0.781075239 0.055157423 0.725388944 0.075037315 0.999817669 -0.022448635 0.999673724 0.046158176 -0.086425841 -0.079882510 -0.096707568 0.006189983 -0.099229194 -0.111958899 -0.096767917 0.080229647 -0.095634259 -0.013549167 -0.098873727 0.138280019 -0.041491169 -0.033791929 0.211477682 0.037554767 0.999453306 -0.065567121 0.999938130 -0.020129276
-0.097708136 -0.046781927 -0.097460076 0.094978034 -0.096584126 -0.106966853 -0.065738738 0.019065937 0.762730718 -0.042996544 0.997800410 0.050448846 0.725093424 0.039492048 0.658284128 0.070963457 0.999837935 -0.022433963 0.999709964 0.050792206 -0.072719060 -0.097118676 -0.097073399 0.022264708 -0.099314839 -0.107887410 -0.097127035 0.085670501 -0.096119337 -0.024711564 -0.090170473 0.138211176 -0.047992151 -0.035299815 0.176869050 0.046309080 0.999514043 -0.077874362 0.999944985 -0.005716719
-0.097962789 -0.052586116 -0.097742289 0.103031591 -0.096963674 -0.121894613 -0.048958238 0.033454906 0.699524403 -0.037756022 0.998044789 0.053469855 0.664312601 0.024619346 0.587323129 0.065754555 0.999855936 -0.020438027 0.999742210 0.053117104 -0.055994663 -0.112679631 -0.097398572 0.037480477 -0.089331262 -0.104133449 -0.097446255 0.089797355 -0.094967350 -0.035603777 -0.071217470 0.136696666 -0.053770799 -0.035008568 0.146105826 0.052671675 0.999568045 -0.087839745 0.999951124 0.006897388
-0.098189145 -0.056567274 -0.097993143 0.108738385 -0.097301044 -0.134855792 -0.033813521 0.045747671 0.632402480 -0.033272725 0.998262048 0.054653078 0.599387467 0.011000849 0.515216112 0.059687290 0.999871969 -0.016738854 0.999770820 0.053278845 -0.038938154 -0.125835031 -0.097687624 0.051384043 -0.069520652 -0.100578971 -0.097730003 0.092620723 -0.083067231 -0.045827746 -0.045441467 0.133480698 -0.058907378 -0.033222012 0.118760727 0.056657270 0.993800104 -0.095345981 0.999956548 0.017442573
-0.098390348 -0.058778703 -0.098216131 0.112143733 -0.097600922 -0.145608351 -0.022703482 0.055387795 0.564141631 -0.029601812 0.998455167 0.054161012 0.532138586 -0.000999187 0.446858764 0.053037118 0.999886215 -0.011647172 0.999796331 0.051485483 -0.023977622 -0.136011362 -0.097944550 0.063618228 -0.043315087 -0.096911021 -0.097982228 0.094197027 -0.062969439 -0.054809690 -0.016714687 0.128230959 -0.063473225 -0.030254800 0.094453983 0.058364283 0.979653001 -0.100376226 0.999961376 0.025750956
-0.098569199 -0.059333038 -0.098414339 0.113369882 -0.097867489 -0.154015452 -0.017074889 0.062061369 0.497968614 -0.026763689 0.998626828 0.052198600 0.465121865 -0.011113245 0.386096686 0.046070434 0.999898851 -0.005491334 0.999818921 0.047992770 -0.012973605 -0.142846525 -0.098172933 0.073923796 -0.014522543 -0.092722937 -0.098206423 0.094621323 -0.037877310 -0.061895315 0.011168686 0.120648183 -0.067531757 -0.026420768 0.072847985 0.057961877 0.958801270 -0.103003629 0.999965668 0.031751864
-0.098728180 -0.058391538 -0.098590523 0.112602971 -0.098104432 -0.160038546 -0.017287109 0.065713644 0.437051207 -0.024745427 0.990309656 0.049001038 0.402330548 -0.019166792 0.332085937 0.039037097 0.999910057 0.001396696 0.998239696 0.043089733 -0.007023575 -0.146219268 -0.098375946 0.082137793 0.013171144 -0.087616563 -0.098405711 0.094019435 -0.011206754 -0.066451490 0.034949467 0.110560931 -0.070161186 -0.022022743 0.053642653 0.055676192 0.932383180 -0.103378952 0.999969482 0.035463657
-0.098869488 -0.056152571 -0.098747127 0.110079236 -0.098315053 -0.163727671 -0.022676326 0.066530749 0.384064198 -0.023506602 0.971422076 0.044821478 0.346516043 -0.025076488 0.284692377 0.032158285 0.999920070 0.008693887 0.988722444 0.037084654 -0.006397829 -0.146251112 -0.098556392 0.088188469 0.036629446 -0.081289813 -0.098582856 0.092539854 0.013831990 -0.067962416 0.052241605 0.097995937 -0.070034534 -0.017324751 0.036571246 0.051776033 0.901043892 -0.101716571 0.999972880 0.036983270
-0.098995104 -0.052840125 -0.084300444 0.106070973 -0.098502271 -0.165209442 -0.031267844 0.064892545 0.340869308 -0.022983560 0.943116724 0.039920058 0.296903133 -0.028842974 0.248379022 0.025627749 0.999928951 0.016096953 0.973221004 0.030291937 -0.010599406 -0.143281683 -0.098716795 0.092087597 0.053578932 -0.073601462 -0.098740317 0.090345755 0.034582213 -0.066106938 0.061721072 0.083211347 -0.067496747 -0.012520740 0.021396665 0.046558421 0.865027070 -0.098279849 0.992730260 0.036474217
-0.099106759 -0.048692819 -0.058953613 0.100562513 -0.098668687 -0.164673924 -0.038904753 0.061294593 0.308341146 -0.023094099 0.906419992 0.034553986 0.255640209 -0.030540004 0.223017812 0.019605272 0.999936819 0.023331486 0.954283893 0.023020094 -0.018522602 -0.137822971 -0.098859370 0.093920782 0.062779270 -0.064605571 -0.098880276 0.087607406 0.049183432 -0.060809072 0.063159354 0.066695973 -0.063218176 -0.007741604 0.007908146 0.040335026 0.824298084 -0.093366615 0.974990547 0.034153838
-0.099206008 -0.043953367 -0.027679762 0.093359545 -0.098816611 -0.162360609 -0.045693111 0.056225616 0.286337584 -0.023742780 0.862246811 0.028968718 0.224419862 -0.030304668 0.207533985 0.014215467 0.999943852 0.030158821 0.934615433 0.015561175 -0.027575646 -0.130498961 -0.098986112 0.093836248 0.064047433 -0.054555055 -0.099004693 0.084495164 0.056691460 -0.052257270 0.057317618 0.049132824 -0.058057081 -0.003069926 -0.004081648 0.033419274 0.778751731 -0.087294124 0.947341859 0.030279636
-0.099294230 -0.038859174 0.003931744 0.084219955 -0.089661665 -0.158544302 -0.051727209 0.050153542 0.273802757 -0.024825608 0.811410785 0.023390487 0.202942297 -0.028328283 0.200111866 0.009547506 0.999950111 0.036381032 0.916349232 0.008182202 -0.035622798 -0.121955037 -0.099098764 0.092032634 0.058150370 -0.043875754 -0.099115282 0.081173271 0.057076506 -0.040891666 0.045733850 0.031339005 -0.052908797 0.001441407 -0.014739242 0.026199626 0.729008496 -0.080385856 0.910371602 0.025135670
-0.099372648 -0.033634026 0.030410120 0.072985969 -0.072133318 -0.153315544 -0.057090852 0.043513477 0.268968999 -0.026234485 0.754637420 0.018020073 0.190136120 -0.024841644 0.198467776 0.005656788 0.999955654 0.041843440 0.900527120 0.001118384 -0.042775817 -0.112786487 -0.099198900 0.088746406 0.046598908 -0.033117142 -0.099213585 0.077794783 0.051115494 -0.027363924 0.030444190 0.014186040 -0.048565697 0.005750732 -0.024212660 0.019169537 0.676260948 -0.072959140 0.864659667 0.019019483
-0.099442355 -0.028481551 0.047758006 0.059698068 -0.050066002 -0.146615848 -0.061858539 0.036697857 0.269620955 -0.027861837 0.692570806 0.013029036 0.184344739 -0.020103823 0.200146616 0.002566799 0.999960542 0.046435662 0.887476206 -0.005431774 -0.046856649 -0.103525445 -0.098847166 0.084239446 0.031380638 -0.022888349 -0.090959981 0.074497357 0.040205639 -0.012475302 0.015950391 -0.001481380 -0.045609184 0.009812702 -0.032633476 0.012737548 0.622091234 -0.065314516 0.810809076 0.012230352
-0.099504314 -0.023580186 0.053867329 0.044658415 -0.027282268 -0.138339624 -0.066096477 0.030049324 0.273380041 -0.029604200 0.626808941 0.008556894 0.183554515 -0.014389489 0.203071401 0.000271764 0.999964952 0.050090719 0.876728833 -0.011309631 -0.044807404 -0.094581179 -0.087811463 0.078777023 0.016782789 -0.013788854 -0.073033668 0.071226209 0.026131811 0.002897997 0.003067014 -0.014976746 -0.044345465 0.013569071 -0.040118646 0.007224744 0.568370700 -0.057727534 0.750301301 0.005058537
-0.099559389 -0.019079354 0.048598964 0.028438093 -0.006855509 -0.128427416 -0.067770950 0.023855614 0.278216332 -0.031365409 0.559961617 0.004710222 0.185634121 -0.007976938 0.205593988 -0.001259975 0.999968827 0.052782957 0.867101490 -0.016397631 -0.036191881 -0.086171187 -0.069264844 0.072386518 0.003806923 -0.006300528 -0.048710175 0.067729004 0.012117165 0.017883390 -0.008384876 -0.025802677 -0.044790611 0.016946325 -0.046772130 0.002865216 0.517041028 -0.050441392 0.685303271 -0.002224178
-0.099608347 -0.015097191 0.033557486 0.011831827 0.009263241 -0.116931990 -0.063659020 0.018299609 0.282521725 -0.033059198 0.495137930 0.001561283 0.188706711 -0.001138021 0.206423119 -0.002082004 0.999972284 0.054524284 0.856893122 -0.020619048 -0.021815805 -0.078324445 -0.046815589 0.064953223 -0.007727179 -0.000762201 -0.021686586 0.063653558 -0.000340298 0.031715449 -0.018564334 -0.033639491 -0.046701182 0.019859675 -0.052686337 -0.000190653 0.469915360 -0.043661967 0.618552983 -0.009371523
-0.099651866 -0.011719876 0.018717764 -0.004228218 0.020332033 -0.104048356 -0.053203728 0.013391690 0.285039365 -0.034611356 0.435428202 -0.000851040 0.191288188 0.005870303 0.204563871 -0.002265705 0.999975383 0.055359703 0.844667554 -0.023936249 -0.003523841 -0.070918299 -0.023802975 0.056320697 -0.017979715 0.002623426 0.004424331 0.058647960 -0.011413598 0.043786850 -0.027328916 -0.038331710 -0.049640439 0.022222189 -0.057943411 -0.001870491 0.428514749 -0.037554681 0.553057849 -0.016168172
-0.099690549 -0.009002012 0.005526902 -0.018934954 0.026653657 -0.090108782 -0.036920428 0.008975560 0.284804106 -0.035961132 0.383456588 -0.002518348 0.192218438 0.012813467 0.199299902 -0.001895866 0.999978125 0.055362027 0.829321980 -0.026347743 0.016194073 -0.063739926 -0.002802479 0.046376284 -0.026922418 0.003778965 0.026531985 0.052448247 -0.021256533 0.053647581 -0.031537436 -0.039879270 -0.053065985 0.023956498 -0.062616363 -0.002172282 0.393953383 -0.032243341 0.491802096 -0.022435026
-0.099724926 -0.006968216 -0.006198309 -0.031652082 0.029242173 -0.075550660 -0.016409563 0.004763318 0.281111270 -0.037061945 0.341051370 -0.003458565 0.190607235 0.019484578 0.190526515 -0.001066400 0.999980569 0.054626208 0.810028613 -0.027884299 0.034689184 -0.056558941 0.014593164 0.035108760 -0.031384680 0.002741872 0.042395033 0.044942807 -0.028653350 0.060999505 -0.031217666 -0.038495656 -0.056423157 0.025007036 -0.063488431 -0.001155215 0.366874993 -0.027810346 0.437478423 -0.028030328
-0.099755496 -0.005615603 -0.016620720 -0.041914206 0.029419217 -0.060868002 0.005899522 0.000395735 0.273846805 -0.037881617 0.309063017 -0.003713593 0.185935438 0.025708789 0.178676993 0.000123826 0.999982715 0.053263348 0.786417246 -0.028604375 0.049624782 -0.049195994 0.027729698 0.022634268 -0.031364188 -0.000284459 0.050796185 0.036207795 -0.032007176 0.065718785 -0.026921770 -0.034576099 -0.059229597 0.025350327 -0.055783935 0.001002265 0.347439647 -0.024298163 0.392259121 -0.032850891
-0.099782661 -0.004916998 -0.025885085 -0.049421165 0.028438497 -0.046558935 0.027197037 -0.004482773 0.263419360 -0.038401879 0.287327945 -0.003345046 0.178186610 0.031346023 0.164597243 0.001574733 0.999984622 0.051394992 0.758847237 -0.028589010 0.059342656 -0.041575886 0.036659267 0.009194196 -0.027368883 -0.004955988 0.051572010 0.026509600 -0.031410847 0.067877568 -0.019601665 -0.028651092 -0.061139259 0.025001604 -0.042207383 0.003922820 0.335355192 -0.021712389 0.357627124 -0.036832623
-0.099806808 -0.004824666 -0.034120075 -0.054027565 0.027211754 -0.033079959 0.044813704 -0.010148844 0.250642508 -0.038617555 0.274773479 -0.002429503 0.167777926 0.036291778 0.149388611 0.003188378 0.999986351 0.049147490 0.728125513 -0.027936433 0.063067339 -0.033756215 0.041827273 -0.004867493 -0.020300722 -0.010826340 0.045505192 0.016279008 -0.027380072 0.067718253 -0.010452061 -0.021331146 -0.061978795 0.024016662 -0.025909100 0.007121796 0.329942614 -0.020025453 0.334268153 -0.039948020
-0.099828273 -0.005274461 -0.041440066 -0.055728335 0.026175546 -0.020814607 0.056689154 -0.016738838 0.236585438 -0.038535237 0.269623071 -0.001054208 0.155472204 0.040476803 0.134239987 0.004871953 0.999987841 0.046646856 0.695225835 -0.026756505 0.060931176 -0.025928488 0.043780424 -0.019136965 -0.011308014 -0.017392507 0.034113120 0.006062187 -0.020748129 0.065614767 -0.000742996 -0.013249455 -0.061754044 0.022488687 -0.010000288 0.010101595 0.330222338 -0.019181276 0.322039664 -0.042202607
-0.099847354 -0.006189911 -0.047946725 -0.054641169 0.025300741 -0.010058322 0.061688233 -0.024212528 0.222412869 -0.038171869 0.269666821 0.000687057 0.142222673 0.043865316 0.120293573 0.006540566 0.999989212 0.044014104 0.661042511 -0.025165902 0.053843055 -0.018394506 0.042970121 -0.033164419 -0.001626409 -0.024142383 0.019373436 -0.003542191 -0.012537753 0.062026586 0.008337130 -0.005007989 -0.060629074 0.020540601 0.002873274 0.012435151 0.335010767 -0.019100206 0.320014626 -0.043631010
-0.099864319 -0.007486418 -0.053730424 -0.050986767 0.024213500 -0.001018699 0.059715129 -0.032347806 0.209233209 -0.037553031 0.272552192 0.002698094 0.129036933 0.046452284 0.108494386 0.008119293 0.999990404 0.041361477 0.626207352 -0.023283390 0.043246474 -0.011523973 0.039682057 -0.046493664 0.007571925 -0.030599412 0.006109720 -0.011950611 -0.003826829 0.057450131 0.015810642 0.002867314 -0.058883950 0.018314153 0.010844231 0.013828108 0.343017250 -0.019684523 0.326594144 -0.044292849
-0.099879391 -0.009075323 -0.057933956 -0.045067847 0.022382421 0.006173479 0.051625747 -0.040765788 0.197971746 -0.036710922 0.276376963 0.004884033 0.116860613 0.048260685 0.099460110 0.009544643 0.999991477 0.038789231 0.591050208 -0.021225048 0.030827062 -0.005702226 0.034079276 -0.058684915 0.015304866 -0.036359835 -0.005680249 -0.018715955 0.004376476 0.052372999 0.020999653 0.009958616 -0.056859825 0.015957240 0.013057243 0.014153418 0.352933645 -0.020823991 0.339674264 -0.044267897
-0.099892795 -0.010867610 -0.052452169 -0.037267789 0.019318985 0.011448169 0.038984291 -0.048980396 0.189280376 -0.035682652 0.279635191 0.007154512 0.106473923 0.049337849 0.093472086 0.010765403 0.999992430 0.036383405 0.556156695 -0.019100409 0.018228335 -0.001277566 0.026317559 -0.069332033 0.020869875 -0.041119102 -0.016160222 -0.023528188 0.011236281 0.047235429 0.023569304 0.015974287 -0.054901272 0.013611261 0.010252411 0.013455383 0.363512397 -0.022401065 0.356848896 -0.043651085
-0.099904701 -0.012777198 -0.039359853 -0.028201373 0.014744254 0.014780716 0.023733594 -0.056462124 0.183490202 -0.034508258 0.281151295 0.009426444 0.098419525 0.049750876 0.090476677 0.011743040 0.999993265 0.034214150 0.522244155 -0.017009266 0.006823196 0.001483512 0.016677188 -0.078076571 0.023890499 -0.044686317 -0.025475752 -0.026206760 0.016160382 0.042401236 0.023525694 0.020752970 -0.053304676 0.011400115 0.004328963 0.011914099 0.373630404 -0.024295688 0.375627846 -0.042547584
-0.099915296 -0.014723782 -0.021804262 -0.018622635 0.008689480 0.016181434 0.009985415 -0.062705249 0.180607155 -0.033228867 0.280023932 0.011626155 0.092965901 0.049582325 0.090126052 0.012451699 0.999994040 0.032334801 0.490053028 -0.015039238 -0.002430134 0.002427292 0.005834259 -0.084621839 0.024320478 -0.046986382 -0.033662058 -0.026689380 0.018836204 0.038140148 0.021174427 0.024254836 -0.052278999 0.009421783 -0.002279073 0.009784835 0.382338971 -0.026389878 0.393834293 -0.041067991
-0.099924706 -0.016635111 -0.003262202 -0.009315631 0.001516646 0.015692217 -0.002235186 -0.067336172 0.180345654 -0.031885028 0.275589317 0.013690936 0.090105928 0.048925687 0.091848537 0.012878005 0.999994695 0.030781869 0.460262984 -0.013263918 -0.009039416 0.001527356 -0.005295579 -0.088751949 0.022409558 -0.048050929 -0.037499234 -0.025020754 0.019231634 0.034621622 0.017049653 0.026542457 -0.051924545 0.007743586 -0.007252248 0.007330154 0.388899088 -0.028571650 0.409644216 -0.039323907
-0.099933073 -0.018448761 0.013158722 -0.000989636 -0.006136812 0.013389957 -0.013097943 -0.070112534 0.182191446 -0.030515233 0.267774343 0.015570034 0.089586303 0.047881108 0.094936594 0.013020066 0.999995291 0.029575538 0.433435500 -0.011741822 -0.012945051 -0.001117422 -0.015747949 -0.090351798 0.018640177 -0.048000503 -0.037030376 -0.021407288 0.017565046 0.031919148 0.011825603 0.027753633 -0.052230552 0.006401212 -0.008916028 0.004761521 0.392802387 -0.030738277 0.421609223 -0.037424028
-0.099940509 -0.020113235 0.025240442 0.005803580 -0.013470262 0.009394612 -0.022753727 -0.070913568 0.185482979 -0.029154748 0.257023305 0.017225098 0.090960726 0.046551257 0.098639883 0.012886280 0.990295649 0.028720707 0.409983218 -0.010515895 -0.014424294 -0.005298719 -0.024683543 -0.089422196 0.013645686 -0.047020707 -0.032802839 -0.016191075 0.014251693 0.030023048 0.006223020 0.028073365 -0.053089455 0.005401048 -0.006555351 0.002202497 0.393778205 -0.032798912 0.428668231 -0.035470549
-0.099947117 -0.021588624 0.031918760 0.010718917 -0.019661492 0.003878527 -0.031336647 -0.069727741 0.189499512 -0.027834656 0.244173586 0.018630151 0.093657747 0.045037583 0.102252245 0.012493925 0.970847249 0.028208414 0.390160620 -0.009613678 -0.013962220 -0.010724154 -0.031519841 -0.086086549 0.008121825 -0.045335438 -0.025745645 -0.009811398 0.009835376 0.028859302 0.000921786 0.027705509 -0.054323841 0.004725221 -0.000476523 -0.000320997 0.391787738 -0.034676448 0.430138171 -0.033556189
-0.099952996 -0.022846745 0.033278875 0.013630142 -0.024007443 -0.002926646 -0.036583398 -0.066638224 0.193545341 -0.026581161 0.230300561 0.019771200 0.097054258 0.043436937 0.105183437 0.011867586 0.942648649 0.028017869 0.374068737 -0.009048050 -0.012118960 -0.017047446 -0.035813931 -0.080586404 0.002742081 -0.043180391 -0.017015679 -0.002759141 0.004914653 0.028311456 -0.003511177 0.026847612 -0.055720601 0.004338310 0.008161318 -0.002864559 0.387006223 -0.036308680 0.425887525 -0.031762056
-0.099958219 -0.023870802 0.030327283 0.014608779 -0.026037557 -0.010728525 -0.038141809 -0.061860673 0.197021365 -0.025415177 0.216553241 0.020645281 0.100545704 0.041838791 0.107009418 0.011037502 0.906575024 0.028118676 0.361666113 -0.008818363 -0.009417596 -0.023898806 -0.037289318 -0.073270120 -0.001914109 -0.040779430 -0.007834799 0.004470423 0.000072235 0.028242923 -0.006672567 0.025671476 -0.057066604 0.004194676 0.017677769 -0.005530289 0.379794508 -0.037648913 0.416323394 -0.030156082
-0.099962860 -0.024654683 0.024623850 0.013878677 -0.025581190 -0.019180112 -0.036298987 -0.055728916 0.199477524 -0.024352157 0.204001009 0.021259323 0.103606120 0.040322885 0.107498296 0.010037890 0.863407552 0.028473198 0.352780819 -0.008911861 -0.006270417 -0.030911803 -0.035884246 -0.064575151 -0.005414019 -0.038325861 0.000663307 0.011420743 -0.004185324 0.028517267 -0.008348879 0.024310598 -0.058180109 0.004245356 0.026273999 -0.008423043 0.370661587 -0.038665880 0.402312070 -0.028792147
-0.099966988 -0.025202084 0.017872030 0.011758335 -0.022781262 -0.027893882 -0.031621296 -0.048663795 0.200643018 -0.023402177 0.193508938 0.021628706 0.105832770 0.038957547 0.106611766 0.008905288 0.813858330 0.029037949 0.347123176 -0.009305486 -0.002947796 -0.037744820 -0.031782381 -0.055004284 -0.007502194 -0.035969879 0.007556556 0.017709706 -0.007472515 0.029014433 -0.008518164 0.022854941 -0.058934052 0.004443749 0.032412838 -0.011608898 0.360220432 -0.039343160 0.385066390 -0.027709907
-0.099473782 -0.025525199 0.011557064 0.008603048 -0.018057166 -0.036462985 -0.024846649 -0.041136172 0.200433195 -0.022570115 0.185652897 0.021775873 0.106972545 0.037798576 0.104484975 0.007677024 0.758624554 0.029765960 0.344299227 -0.009967806 0.000413019 -0.044096056 -0.025413861 -0.045096822 -0.008107397 -0.033812545 0.012218939 0.023053944 -0.009551525 0.029641971 -0.007330086 0.021351922 -0.059231006 0.004749546 0.035101537 -0.015085019 0.349139392 -0.039678112 0.366011709 -0.026934782
-0.088248737 -0.025633384 0.006696337 0.004756626 -0.012025638 -0.044486742 -0.016781578 -0.033628505 0.198935643 -0.021856103 0.180679917 0.021728577 0.106929563 0.036888637 0.101389475 0.006389812 0.699174702 0.030608699 0.343827277 -0.010861095 0.003770168 -0.049712501 -0.017422138 -0.035396092 -0.007329096 -0.031906050 0.014358982 0.027281156 -0.010340068 0.030340716 -0.005069092 0.019813046 -0.058237709 0.005131427 0.034032941 -0.018766599 0.338092864 -0.039680399 0.346644431 -0.026478613
-0.069107316 -0.025329368 0.003732221 0.000518736 -0.005400883 -0.051597562 -0.008215910 -0.026598746 0.196379215 -0.021256061 0.178512931 0.021518327 0.105755493 0.036257174 0.097685419 0.005078594 0.637514293 0.031517431 0.345159203 -0.011943387 0.007125212 -0.054394104 -0.008598574 -0.026415575 -0.005406639 -0.030259216 0.014013993 0.030330051 -0.009901838 0.031085141 -0.002106806 0.018224226 -0.054801822 0.005583357 0.029575698 -0.022492370 0.327713996 -0.039370302 0.328396082 -0.026340766
-0.045574334 -0.024293445 0.002563753 -0.003870428 0.001109271 -0.057486039 0.000138209 -0.020449456 0.193091333 -0.020762356 0.178793907 0.021178896 0.103625476 0.035920769 0.093769655 0.003775549 0.575936019 0.032446638 0.347707093 -0.013170472 0.010472890 -0.057994962 0.000205884 -0.018606534 -0.002676765 -0.028846893 0.011506606 0.032239635 -0.008422670 0.031879146 0.001149742 0.016557934 -0.047925100 0.006144266 0.022636421 -0.026046365 0.318553478 -0.038776983 0.312514126 -0.026509410
-0.021196455 -0.022177838 0.002685754 -0.008229882 0.006894011 -0.061921325 0.007682804 -0.015503958 0.189449549 -0.020364478 0.180955082 0.020744886 0.100804128 0.035883952 0.090025939 0.002508801 0.516788185 0.033355650 0.350874364 -0.014497694 0.013763862 -0.060422309 0.008177481 -0.012329988 0.000474539 -0.027621537 0.007373258 0.033130106 -0.006176628 0.032748464 0.004307728 0.014785055 -0.037163820 0.006911173 0.014438370 -0.029190522 0.311046481 -0.037936326 0.299969554 -0.026963206
0.001035971 -0.018692506 0.003388536 -0.012427012 0.011503690 -0.064764261 0.013951210 -0.011990430 0.185833707 -0.020049740 0.184306279 0.020250397 0.097606122 0.036140285 0.086782694 0.001302205 0.462266773 0.034211647 0.354090214 -0.015881624 0.016887277 -0.061634853 0.014629441 -0.007835742 0.003659889 -0.026525369 0.002276155 0.033178493 -0.003486784 0.033731226 0.007030670 0.012885595 -0.022859341 0.008037985 0.006270652 -0.031701081 0.305490166 -0.036888842 0.291396499 -0.027673183
0.019059002 -0.013669396 0.003966093 -0.016361782 0.014681404 -0.065972298 0.018612320 -0.010033994 0.182583570 -0.019803954 0.188126087 0.019727875 0.094356373 0.036673792 0.084282085 0.000175117 0.414257586 0.034985546 0.356843770 -0.017281471 0.019675778 -0.061641019 0.019071795 -0.005250435 0.006532860 -0.025501590 -0.003087913 0.032592263 -0.000685477 0.034867890 0.009069236 0.010856479 -0.006154316 0.009717197 -0.000740211 -0.033401959 0.302033156 -0.035677772 0.287065685 -0.028604416
0.031861018 -0.007096929 0.003887938 -0.019951569 0.016362252 -0.065596156 0.021468133 -0.009656124 0.179965839 -0.019612120 0.191745937 0.019207178 0.091353893 0.037460499 0.082662515 -0.000857811 0.374210864 0.035653777 0.358715504 -0.018660262 0.021929290 -0.060496889 0.021250844 -0.004575355 0.008820822 -0.024503518 -0.008072287 0.031584058 0.001921697 0.036191944 0.010278633 0.008715708 0.011192653 0.012146713 -0.005797430 -0.034189306 0.300676703 -0.034347292 0.286891788 -0.029717958
0.039383616 0.000876247 0.002904308 -0.023120804 0.016646026 -0.063769378 0.022449188 -0.010780674 0.178153202 -0.019459054 0.194618285 0.018714799 0.088842824 0.038470160 0.081954896 -0.001786687 0.343053937 0.036199648 0.359402239 -0.019985782 0.023450438 -0.058303539 0.021156223 -0.005694296 0.010345834 -0.023500824 -0.012149048 0.030349996 0.004084771 0.037722476 0.010622267 0.006502841 0.027135607 0.015488428 -0.008518081 -0.034043871 0.301286578 -0.032940798 0.290469676 -0.030972643
0.042265691 0.009962639 0.001072843 -0.025797561 0.015752342 -0.060692448 0.021609386 -0.013245500 0.177216157 -0.019329943 0.196362630 0.018273210 0.086992748 0.039667953 0.082091361 -0.002606154 0.321153075 0.036612876 0.358732849 -0.021231197 0.024082784 -0.055203103 0.018997641 -0.008390002 0.011032714 -0.022482544 -0.014955365 0.029053314 0.005629004 0.039459296 0.010162951 0.004276280 0.039725903 0.019826826 -0.008931245 -0.033030365 0.303613782 -0.031499568 0.297133714 -0.032326698
0.041522939 0.019773372 -0.001287349 -0.027916944 0.013968604 -0.056613609 0.019119285 -0.016818572 0.177126929 -0.019210836 0.196787566 0.017900554 0.085889257 0.041016225 0.082923882 -0.003315096 0.308313549 0.036888786 0.356672794 -0.022375450 0.023743421 -0.051372956 0.015158623 -0.012367347 0.010904992 -0.021456925 -0.016315579 0.027814558 0.006464214 0.041380983 0.009044192 0.002107568 0.047463387 0.025136292 -0.007404015 -0.031285342 0.307321697 -0.030061534 0.306033105 -0.033739328
0.038239717 0.029863345 -0.003694237 -0.029429475 0.011600351 -0.051808573 0.015255478 -0.021217380 0.177773729 -0.019089034 0.195888832 0.017610477 0.085534550 0.042476147 0.084249586 -0.003916311 0.303818792 0.037028093 0.353316814 -0.023403391 0.022443436 -0.047017723 0.010136317 -0.017280566 0.010070748 -0.020448599 -0.016239468 0.026708243 0.006584159 0.043445792 0.007464844 0.000074319 0.049542233 0.031265043 -0.004520535 -0.028996814 0.312016904 -0.028660301 0.316215277 -0.035172023
0.033341635 0.039774708 -0.005626246 -0.030311506 0.008931273 -0.046561059 0.010383580 -0.026130389 0.178982228 -0.018953403 0.193826288 0.017412128 0.085856631 0.044009160 0.085839026 -0.004415770 0.306504548 0.037036419 0.348870665 -0.024305703 0.020292763 -0.042359099 0.004477808 -0.022761958 0.008700978 -0.019493677 -0.014899326 0.025765369 0.006057226 0.045595109 0.005650779 -0.001747732 0.045951672 0.037938960 -0.000943969 -0.026379758 0.317280978 -0.027324440 0.326710016 -0.036589656
0.027476832 0.049073473 -0.006641470 -0.030574439 0.006196988 -0.041145712 0.004933397 -0.031239208 0.180541247 -0.018794613 0.190885007 0.017310333 0.086725220 0.045578342 0.087463975 -0.004822109 0.314862072 0.036923479 0.343624353 -0.025078582 0.017489197 -0.037623964 -0.001278630 -0.028449425 0.007003929 -0.018633664 -0.012591440 0.024980726 0.005010495 0.047758814 0.003827025 -0.003292569 0.037427366 0.044784352 0.002710251 -0.023651760 0.322700590 -0.026077043 0.336607456 -0.037961375
0.021007994 0.057374515 -0.006468802 -0.030269951 0.003573484 -0.035814218 -0.000633402 -0.036240119 0.182229385 -0.018605240 0.187427044 0.017305901 0.087971784 0.047149543 0.088921793 -0.005146132 0.327161342 0.036702249 0.337920070 -0.025723357 0.014294235 -0.033031639 -0.006651320 -0.034010652 0.005198465 -0.017909046 -0.009687939 0.024323320 0.003609662 0.049861845 0.002193381 -0.004510220 0.025279280 0.051366877 0.005968288 -0.021012228 0.327894539 -0.024935547 0.345124662 -0.039261241
0.014086897 0.064357392 -0.005055709 -0.029489560 0.001178290 -0.030785140 -0.005861127 -0.040863469 0.183839381 -0.018379802 0.183840320 0.017396029 0.089411117 0.048692185 0.090054072 -0.005400152 0.341583729 0.036388095 0.332118392 -0.026245805 0.011000517 -0.028781328 -0.011248585 -0.039162386 0.003489525 -0.017353445 -0.006585646 0.023748202 0.002037405 0.051831096 0.000905718 -0.005371953 0.011359359 0.057238735 0.008547181 -0.018627467 0.332534850 -0.023911705 0.351656646 -0.040468514
0.006788247 0.069773883 -0.002568173 -0.028358167 -0.000919337 -0.026237337 -0.010339322 -0.044889551 0.185198262 -0.018114777 0.180490643 0.017574774 0.090862043 0.050180003 0.090758286 -0.005597430 0.356371045 0.035997849 0.326565742 -0.026655402 0.007896473 -0.025040902 -0.014787715 -0.043683879 0.002048050 -0.016988896 -0.003658132 0.023208041 0.000472637 0.053601936 0.000064309 -0.005871986 -0.001013903 0.061992098 0.010358370 -0.016622553 0.336362690 -0.023011802 0.355809182 -0.041567877
-0.000658480 0.073450603 0.000651783 -0.027022427 -0.002683723 -0.022306593 -0.013738565 -0.048160121 0.186181232 -0.017808506 0.177681819 0.017833646 0.092165276 0.051591512 0.090991996 -0.005751644 0.370068908 0.035549182 0.321567625 -0.026964694 0.005233838 -0.021938061 -0.017100895 -0.047424182 0.000996925 -0.016822763 -0.001216132 0.022663021 -0.000927349 0.055123605 -0.000290423 -0.006027612 -0.012012358 0.065333672 0.011473327 -0.015079525 0.339197576 -0.022237044 0.357412755 -0.042549394
-0.007932176 0.075291529 0.004157844 -0.025635896 -0.004097966 -0.019084862 -0.015838612 -0.050584666 0.186719149 -0.017461086 0.175627887 0.018162213 0.093196817 0.052910205 0.090770103 -0.005876367 0.381502479 0.035059828 0.317367613 -0.027188472 0.003202457 -0.019554658 -0.018130958 -0.050303631 0.000403689 -0.016846517 0.000520192 0.022088094 -0.002040363 0.056363080 -0.000175179 -0.005877162 -0.021788763 0.067079626 0.012065255 -0.014040652 0.340940595 -0.021584090 0.356517643 -0.043408304
-0.014688198 0.075279705 0.007483191 -0.024343323 -0.005152327 -0.016621528 -0.016544983 -0.052141126 0.186798990 -0.017074129 0.174438909 0.018548662 0.093876250 0.054124616 0.090156287 -0.005984811 0.389758229 0.034546927 0.314134508 -0.027343031 0.001915286 -0.017924616 -0.017920099 -0.052310169 0.000279933 -0.017036373 0.001435320 0.021476950 -0.002787590 0.057307132 0.000344782 -0.005476189 -0.030478900 0.067147456 0.012343310 -0.013514874 0.341572106 -0.021045685 0.353372276 -0.044144616
-0.020621013 0.073476233 0.010219355 -0.023266520 -0.005837745 -0.014926163 -0.015892025 -0.052871335 0.186458498 -0.016650639 0.174120247 0.018980376 0.094169557 0.055228136 0.089250185 -0.006089118 0.394163936 0.034026418 0.311957121 -0.027445411 0.001404470 -0.017035453 -0.016594378 -0.053491428 0.000586718 -0.017355535 0.001519002 0.020842735 -0.003136453 0.057962429 0.001168405 -0.004892176 -0.037373979 0.065545447 0.012493770 -0.013485438 0.341144830 -0.020611335 0.348387718 -0.044762615
-0.025454216 0.070015758 0.012076248 -0.022493869 -0.006144858 -0.013972354 -0.014032342 -0.052871823 0.185776070 -0.016194677 0.174583837 0.019444479 0.094086938 0.056218721 0.088172294 -0.006200277 0.394330621 0.033512548 0.310846478 -0.027512701 0.001627672 -0.016833058 -0.014345999 -0.053943731 0.001244636 -0.017757760 0.000854971 0.020215722 -0.003098440 0.058353916 0.002173920 -0.004198562 -0.040872023 0.062376156 0.012639227 -0.013917155 0.339772969 -0.020268003 0.342091948 -0.045270223
-0.028864274 0.065099187 0.012914889 -0.022074651 -0.006067835 -0.013702408 -0.011214482 -0.052281044 0.184857532 -0.015711106 0.175668612 0.019928318 0.093676411 0.057098463 0.087048501 -0.006327765 0.390254885 0.033017546 0.310743660 -0.027561408 0.002482452 -0.017229067 -0.011414781 -0.053799082 0.002146843 -0.018191656 -0.000399532 0.019638615 -0.002722719 0.058521781 0.003234342 -0.003468764 -0.041113518 0.057852820 0.012821031 -0.014762181 0.337619066 -0.020000875 0.335078418 -0.045678340
-0.030542491 0.058985587 0.012750622 -0.022018591 -0.005610841 -0.014032596 -0.007752177 -0.051264402 0.183821872 -0.015205335 0.177166566 0.020419868 0.093014359 0.057873063 0.085995823 -0.006479414 0.382286400 0.032551430 0.311531901 -0.027606942 0.003825502 -0.018109968 -0.008069403 -0.053211249 0.003173437 -0.018605301 -0.002040002 0.019160360 -0.002086713 0.058517277 0.004231663 -0.002770690 -0.038554616 0.052276772 0.013004589 -0.015963946 0.334879100 -0.019794071 0.327953547 -0.046000160
-0.030269267 0.051982842 0.011730506 -0.022300163 -0.004794549 -0.014859023 -0.003989393 -0.049998518 0.182787150 -0.014683054 0.178851157 0.020908091 0.092194378 0.058551233 0.085110880 -0.006661350 0.371071130 0.032121912 0.313051164 -0.027663173 0.005493484 -0.019346982 -0.004588635 -0.052341964 0.004205540 -0.018950652 -0.003843039 0.018829485 -0.001284954 0.058398023 0.005068374 -0.002162244 -0.033851732 0.046008002 0.013102597 -0.017459413 0.331767440 -0.019631295 0.321287125 -0.046250477
-0.027980678 0.044435583 0.010092513 -0.022866452 -0.003661444 -0.016063869 -0.000265715 -0.048656128 0.181858197 -0.014150009 0.180504233 0.021383213 0.091315754 0.059144050 0.084461965 -0.006877981 0.357475251 0.031734370 0.315113515 -0.027742103 0.007322546 -0.020805888 -0.001242907 -0.051348135 0.005137532 -0.019187268 -0.005593301 0.018687548 -0.000417555 0.058223192 0.005675414 -0.001688188 -0.027741926 0.039433185 0.013008085 -0.019180203 0.328501821 -0.019496450 0.315569520 -0.046444971
-0.023810003 0.036710024 0.008116356 -0.023647096 -0.002277785 -0.017521940 0.003114204 -0.047392890 0.181117281 -0.013611779 0.181938767 0.021836922 0.090472721 0.059664305 0.084085047 -0.007132030 0.342498302 0.031392012 0.317518234 -0.027853634 0.009163946 -0.022355871 0.001723331 -0.050370798 0.005886455 -0.019285120 -0.007106305 0.018763769 0.000420496 0.058048952 0.006016120 -0.001378441 -0.020940285 0.032934710 0.012628784 -0.021053378 0.325290293 -0.019374210 0.311178774 -0.046599533
-0.018097311 0.029176036 0.006075720 -0.024564642 -0.000731522 -0.019107290 0.005904284 -0.046337001 0.180618107 -0.013073497 0.183015585 0.022262499 0.089745566 0.060125880 0.083983764 -0.007424672 0.327183276 0.031095862 0.320065647 -0.028005458 0.010894794 -0.023877034 0.004107572 -0.049526431 0.006397883 -0.019226195 -0.008245095 0.019071439 0.001148235 0.057924718 0.006086265 -0.001247832 -0.014066393 0.026863441 0.011915047 -0.023002632 0.322319478 -0.019250454 0.308359593 -0.046729695
-0.011357730 0.022186683 0.004199805 -0.025543900 0.000873676 -0.020699654 0.007932021 -0.045582227 0.180383697 -0.012539842 0.183652684 0.022654871 0.089194231 0.060543124 0.084132776 -0.007755656 0.312530994 0.030844998 0.322569013 -0.028203001 0.012423333 -0.025266135 0.005762402 -0.048900992 0.006648244 -0.019005064 -0.008929675 0.019606227 0.001705135 0.057890315 0.005910642 -0.001297146 -0.007605249 0.021517863 0.010876019 -0.024950337 0.319745451 -0.019112639 0.307214409 -0.046850100
-0.004219833 0.016057141 0.002649066 -0.026519235 0.002427391 -0.022190340 0.009104714 -0.045184497 0.180407539 -0.012014938 0.183827370 0.023010608 0.088854648 0.060930338 0.084483862 -0.008123372 0.299425453 0.030636840 0.324864149 -0.028449478 0.013689528 -0.026440345 0.006604576 -0.048546933 0.006643518 -0.018628150 -0.009139032 0.020346530 0.002054704 0.057974227 0.005537001 -0.001515306 -0.001900400 0.017129766 0.009581934 -0.026820648 0.317687064 -0.018950079 0.307707042 -0.046974093
0.002651766 0.011045625 0.001506708 -0.027439265 0.003823016 -0.023487229 0.009407660 -0.045162003 0.180657744 -0.011502231 0.183571443 0.023327835 0.088738047 0.061301246 0.084973656 -0.008525020 0.288575649 0.030467447 0.326816738 -0.028746026 0.014662030 -0.027339209 0.006619030 -0.048483115 0.006415207 -0.018112116 -0.008906456 0.021255644 0.002185250 0.058192972 0.005028294 -0.001882217 0.002830282 0.013856523 0.008153381 -0.028543469 0.316222101 -0.018754110 0.309676796 -0.047113378
0.008639393 0.007337278 0.000784496 -0.028268868 0.004968197 -0.024518546 0.008895987 -0.045498323 0.181083217 -0.011004395 0.182961226 0.023606109 0.088832691 0.061668620 0.085532054 -0.008956919 0.280476779 0.030331895 0.328327268 -0.029091882 0.015332937 -0.027924970 0.005857307 -0.048697516 0.006014002 -0.017481456 -0.008309580 0.022285361 0.002108082 0.058551658 0.004454264 -0.002371725 0.006466618 0.011779454 0.006740907 -0.030058838 0.315386355 -0.018518152 0.312861294 -0.047277752
0.013247701 0.005033223 0.000439248 -0.028988987 0.005793751 -0.025235267 0.007681997 -0.046148028 0.181621224 -0.010523368 0.182103738 0.023846287 0.089107744 0.062043943 0.086090289 -0.009414876 0.275391877 0.030224569 0.329333454 -0.029484622 0.015711816 -0.028181558 0.004430154 -0.049152147 0.005502325 -0.016765719 -0.007456691 0.023380574 0.001853647 0.059045255 0.003883341 -0.002954792 0.008955938 0.010906740 0.005499753 -0.031321090 0.315174818 -0.018237691 0.316925675 -0.047474977
0.016155800 0.004146264 0.000394567 -0.029594619 0.006259649 -0.025611900 0.005919829 -0.047043890 0.182205066 -0.010060334 0.181121349 0.024050351 0.089518569 0.062437143 0.086587965 -0.009894501 0.273353249 0.030139344 0.329810768 -0.029920442 0.015820101 -0.028112542 0.002495202 -0.049789689 0.004946567 -0.015996605 -0.006471240 0.024484277 0.001466247 0.059660494 0.003375651 -0.003602514 0.010289948 0.011180088 0.004564982 -0.032302152 0.315545857 -0.017910264 0.321494550 -0.047710735
0.017241506 0.004603697 0.000563059 -0.030091751 0.006357488 -0.025645707 0.003789263 -0.048105069 0.182771370 -0.009615756 0.180136561 0.024221197 0.090012744 0.062856369 0.086978272 -0.010390869 0.274180830 0.030069925 0.329770625 -0.030394439 0.015686659 -0.027738364 0.000240930 -0.050541151 0.004409845 -0.015205211 -0.005476621 0.025542406 0.000998024 0.060378272 0.002977747 -0.004288576 0.010492016 0.012483904 0.004031460 -0.032993458 0.316426754 -0.017535293 0.326184779 -0.047988649
0.016576145 0.006256855 0.000864773 -0.030494196 0.006109337 -0.025354492 0.001479971 -0.049245402 0.183266073 -0.009189436 0.179258555 0.024362413 0.090536058 0.063307926 0.087231234 -0.010898965 0.277514696 0.030010099 0.329256922 -0.030900897 0.015344784 -0.027093150 -0.002131301 -0.051333793 0.003945980 -0.014419685 -0.004582807 0.026508050 0.000502908 0.061176129 0.002719380 -0.004990817 0.009615352 0.014656212 0.003941519 -0.033406075 0.317720801 -0.017113913 0.330635577 -0.048310380
0.014394617 0.008896000 0.001239269 -0.030820511 0.005563433 -0.024773257 -0.000822814 -0.050381240 0.183648750 -0.008780525 0.178572893 0.024478098 0.091038071 0.063796155 0.087334797 -0.011413894 0.282856941 0.029953936 0.328340769 -0.031433593 0.014830599 -0.026221275 -0.004425318 -0.052098621 0.003595177 -0.013663434 -0.003876037 0.027344689 0.000031127 0.062030617 0.002612406 -0.005692272 0.007748372 0.017500510 0.004282076 -0.033569030 0.319315106 -0.016648721 0.334534526 -0.048675772
0.011048641 0.012269147 0.001650302 -0.031091534 0.004787350 -0.023949981 -0.002950582 -0.051438246 0.183895126 -0.008387741 0.178135008 0.024572663 0.091476507 0.064323664 0.087293930 -0.011931051 0.289619446 0.029895982 0.327114135 -0.031986076 0.014182454 -0.025173899 -0.006466554 -0.052776787 0.003381567 -0.012953978 -0.003412381 0.028028190 -0.000375261 0.062919341 0.002651686 -0.006381504 0.005022905 0.020798376 0.004990529 -0.033526056 0.321088910 -0.016143544 0.337637335 -0.049083017
0.006952744 0.016102426 0.002083748 -0.031328619 0.003859905 -0.022940990 -0.004761514 -0.052356742 0.183997601 -0.008009448 0.177967727 0.024650620 0.091820441 0.064891361 0.087128066 -0.012446261 0.297172666 0.029831395 0.325682491 -0.032551911 0.013440789 -0.024005590 -0.008115115 -0.053324472 0.003312679 -0.012302453 -0.003215191 0.028547499 -0.000685485 0.063822627 0.002817625 -0.007052309 0.001619753 0.024322260 0.005967611 -0.033331141 0.322921455 -0.015603159 0.339780897 -0.049528908
0.002531171 0.020120423 0.002540725 -0.031552535 0.002862941 -0.021806285 -0.006147855 -0.053095374 0.183963954 -0.007643736 0.178062722 0.024716403 0.092051864 0.065498628 0.086867400 -0.012955881 0.304892719 0.029756062 0.324157029 -0.033124913 0.012647947 -0.022771167 -0.009274643 -0.053715948 0.003380648 -0.011713754 -0.003276540 0.028904121 -0.000881708 0.064724579 0.003079899 -0.007702675 -0.002232450 0.027848175 0.007094078 -0.033043433 0.324699342 -0.015033025 0.340888768 -0.050009117
-0.001826774 0.024064632 0.003028338 -0.031782817 0.001873840 -0.020605197 -0.007040612 -0.053632952 0.183814779 -0.007288522 0.178384945 0.024774216 0.092165947 0.066143423 0.086548477 -0.013456866 0.312202990 0.029666653 0.322647125 -0.033699341 0.011847522 -0.021522844 -0.009896474 -0.053944655 0.003564780 -0.011187197 -0.003561776 0.029110517 -0.000959217 0.065613568 0.003401835 -0.008333816 -0.006267013 0.031167801 0.008248240 -0.032722093 0.326322615 -0.014439022 0.340969831 -0.050518472
-0.005798388 0.027708504 0.003550615 -0.032037348 0.000959560 -0.019392634 -0.007411507 -0.053968560 0.183579862 -0.006941640 0.178879514 0.024827918 0.092169866 0.066822492 0.086209700 -0.013946963 0.318608940 0.029560633 0.321253210 -0.034270067 0.011083092 -0.020307736 -0.009979193 -0.054022439 0.003835205 -0.010717602 -0.004016382 0.029187715 -0.000925313 0.066482306 0.003744920 -0.008948966 -0.010197483 0.034099448 0.009321508 -0.032421649 0.327709556 -0.013827195 0.340110302 -0.051051244
-0.009144989 0.030868491 0.004101744 -0.032331981 0.000172596 -0.018216122 -0.007272206 -0.054119989 0.183294132 -0.006600934 0.179479942 0.024880931 0.092080712 0.067531683 0.085887171 -0.014424514 0.323724240 0.029436313 0.320060760 -0.034832697 0.010396238 -0.019165799 -0.009564146 -0.053977165 0.004156934 -0.010296591 -0.004574155 0.029162463 -0.000797175 0.067327492 0.004072947 -0.009551990 -0.013741959 0.036497239 0.010229812 -0.032188281 0.328799993 -0.013203534 0.338460833 -0.051601373
-0.011715902 0.033410605 0.004662875 -0.032680079 -0.000451011 -0.017113790 -0.006670945 -0.054120820 0.182993561 -0.006264329 0.180116490 0.024936261 0.091922618 0.068266153 0.085611299 -0.014888461 0.327287227 0.029292790 0.319135755 -0.035383653 0.009824152 -0.018128304 -0.008727811 -0.053849053 0.004493895 -0.009913954 -0.005165610 0.029064219 -0.000599036 0.068149060 0.004355426 -0.010146545 -0.016649997 0.038257841 0.010919726 -0.032057431 0.329556763 -0.012573765 0.336219490 -0.052162737
-0.013442039 0.035252769 0.005202830 -0.033091903 -0.000891774 -0.016113209 -0.005686789 -0.054016441 0.182711497 -0.005929898 0.180723995 0.024996273 0.091723636 0.069020629 0.085404344 -0.015338381 0.329167366 0.029129870 0.318521678 -0.035920177 0.009397076 -0.017216869 -0.007572132 -0.053686202 0.004812683 -0.009558977 -0.005725832 0.028922351 -0.000359013 0.068949334 0.004570008 -0.010735147 -0.018727522 0.039324347 0.011369432 -0.032052554 0.329965889 -0.011943184 0.333613038 -0.052729372
-0.014322816 0.036363494 0.005682193 -0.033573922 -0.001145315 -0.015231162 -0.004421935 -0.053859413 0.182475552 -0.005595914 0.181248128 0.025062775 0.091512546 0.069789648 0.085279159 -0.015774382 0.329362929 0.028948015 0.318238407 -0.036440387 0.009135978 -0.016443066 -0.006213897 -0.053539753 0.005085591 -0.009221583 -0.006200788 0.028763661 -0.000105956 0.069731995 0.004703776 -0.011318498 -0.019855917 0.039686985 0.011585163 -0.032185163 0.330035239 -0.011316525 0.330877304 -0.053295664
-0.014410296 0.036757514 0.006059685 -0.034128159 -0.001219881 -0.014474150 -0.002992659 -0.053704567 0.182305649 -0.005260890 0.181649923 0.025136946 0.091316037 0.070567712 0.085238963 -0.016197043 0.327989519 0.028748311 0.318282753 -0.036943205 0.009050889 -0.015808685 -0.004774232 -0.053459145 0.005292667 -0.008893191 -0.006551757 0.028610604 0.000133395 0.070501126 0.004753435 -0.011895572 -0.020002395 0.039380614 0.011594499 -0.032455835 0.329791784 -0.010697852 0.328238726 -0.053856514
-0.013793660 0.036489177 0.006299155 -0.034751728 -0.001133347 -0.013839488 -0.001519602 -0.053604230 0.182212904 -0.004923603 0.181907922 0.025219388 0.091156378 0.071349457 0.085278183 -0.016607415 0.325262457 0.028532337 0.318630755 -0.037428338 0.009140094 -0.015306500 -0.003368995 -0.053487826 0.005422756 -0.008567270 -0.006757608 0.028480142 0.000336707 0.071260445 0.004724499 -0.012463725 -0.019220302 0.038479190 0.011438210 -0.032855924 0.329278350 -0.010090498 0.325898081 -0.054407466
-0.012586147 0.035644408 0.006375959 -0.035436664 -0.000910127 -0.013316818 -0.000118208 -0.053603977 0.182199582 -0.004583119 0.182018399 0.025310174 0.091049865 0.072129875 0.085384049 -0.017006926 0.321473777 0.028302047 0.319240928 -0.037896194 0.009390382 -0.014921552 -0.002100736 -0.053659793 0.005473551 -0.008239578 -0.006814740 0.028383248 0.000487645 0.072012693 0.004629691 -0.013019069 -0.017639533 0.037087847 0.011162199 -0.033369720 0.328549504 -0.009497026 0.324017555 -0.054944765
-0.010915528 0.034332007 0.005739371 -0.036170270 -0.000578397 -0.012889852 0.001109915 -0.053739209 0.182259962 -0.004238784 0.181993604 0.025408909 0.091005959 0.072904401 0.085538708 -0.017397290 0.316965818 0.028059658 0.319483101 -0.038347766 0.009778329 -0.014632802 -0.001052582 -0.053997114 0.005450760 -0.007908097 -0.006735642 0.028325083 0.000576709 0.072759315 0.004486810 -0.013557024 -0.015448929 0.035333209 0.011861348 -0.033789314 0.327667147 -0.008919231 0.322711825 -0.055465441
-0.008917385 0.032674752 0.004424692 -0.036924344 -0.000167662 -0.012538283 0.002083997 -0.054032724 0.182381749 -0.003890224 0.181858584 0.025514787 0.091027200 0.073669076 0.085721619 -0.017780356 0.312103659 0.027807545 0.319192290 -0.038784549 0.010272420 -0.014415066 -0.000284146 -0.054508597 0.005366585 -0.007572735 -0.006545577 0.028305735 0.000601315 0.073500268 0.004316350 -0.014073000 -0.012873737 0.033352856 0.013594007 -0.034083053 0.326696187 -0.008358156 0.322043568 -0.055967297
-0.006730551 0.030800793 0.002670522 -0.037658639 0.000292964 -0.012239589 0.002748952 -0.054493528 0.182548150 -0.003537316 0.181647047 0.025626672 0.091109812 0.074420609 0.085911922 -0.018158013 0.307247788 0.027548125 0.318319529 -0.039208427 0.010835922 -0.014241038 0.000170394 -0.055189557 0.005237816 -0.007234917 -0.006278388 0.028321406 0.000565213 0.074234135 0.004139135 -0.014563024 -0.010150741 0.031284843 0.016136974 -0.034270149 0.325700551 -0.007814148 0.322023004 -0.056448929
-0.004493452 0.028835770 0.000741885 -0.038328692 0.000775976 -0.011970729 0.003077781 -0.055116754 0.182739928 -0.003180153 0.181396753 0.025743136 0.091244772 0.075156398 0.086090542 -0.018532077 0.302729726 0.027283782 0.316811204 -0.039621569 0.011430163 -0.014083308 0.000302303 -0.056022704 0.005083672 -0.006897034 -0.005971984 0.028365573 0.000477380 0.074958347 0.003974211 -0.015024271 -0.007505127 0.029258160 0.019281842 -0.034371555 0.324739516 -0.007286930 0.322611690 -0.056909665
-0.002340155 0.026895853 -0.001105634 -0.038893498 0.001256253 -0.011709627 0.003071468 -0.055884756 0.182937682 -0.002819051 0.181145191 0.025862584 0.091419324 0.075874560 0.086241841 -0.018904483 0.298831403 0.027016826 0.314625382 -0.040026311 0.012017568 -0.013916194 0.000126614 -0.056979895 0.004923556 -0.006561783 -0.005663945 0.028430372 0.000350553 0.075669654 0.003837171 -0.015455545 -0.005131655 0.027384797 0.022849206 -0.034409098 0.323864728 -0.006775668 0.323729396 -0.057349533
-0.000395458 0.025081955 -0.002656250 -0.039322007 0.001711526 -0.011436429 0.002756589 -0.056769136 0.183123663 -0.002454498 0.180925667 0.025983334 0.091618568 0.076573901 0.086354792 -0.019277114 0.295769602 0.026749436 0.311743528 -0.040425073 0.012564416 -0.013717291 -0.000320961 -0.058024656 0.004775174 -0.006231661 -0.005387654 0.028507868 0.000199596 0.076364651 0.003739022 -0.015857538 -0.003180973 0.025753841 0.026698438 -0.034404546 0.323118180 -0.006279062 0.325263590 -0.057769157
0.001230984 0.023475366 -0.003755745 -0.039597757 0.002122720 -0.011134434 0.002181085 -0.057733513 0.183283344 -0.002087126 0.180764362 0.026103668 0.091827132 0.077253886 0.086423486 -0.019651663 0.293687046 0.026483499 0.308177203 -0.040820248 0.013043012 -0.013468660 -0.000988262 -0.059115149 0.004653054 -0.005908520 -0.005169349 0.028591065 0.000039856 0.077040225 0.003685647 -0.016232837 -0.001752367 0.024427835 0.030732563 -0.034378853 0.322530538 -0.005795437 0.327080518 -0.058169667
0.002450898 0.022134794 -0.004323043 -0.039721116 0.002474195 -0.010790776 0.001408572 -0.058736697 0.183406413 -0.001717655 0.180678442 0.026221897 0.092030637 0.077914603 0.086447105 -0.020029601 0.292648613 0.026220597 0.303969294 -0.041214108 0.013433110 -0.013157587 -0.001811650 -0.060207412 0.004567514 -0.005593265 -0.005026267 0.028674657 -0.000114317 0.077693880 0.003677840 -0.016585710 -0.000892469 0.023441438 0.034898128 -0.034351494 0.322120756 -0.005322841 0.329036832 -0.058552597
0.003203698 0.021094996 -0.004351499 -0.039709158 0.002753976 -0.010396805 0.000511966 -0.059736088 0.183487236 -0.001346863 0.180675343 0.026336433 0.092216916 0.078556702 0.086429402 -0.020412220 0.292643428 0.025961997 0.299190789 -0.041608762 0.013722552 -0.012776910 -0.002721335 -0.061258528 0.004524174 -0.005285710 -0.004965945 0.028755363 -0.000250781 0.078324147 0.003711834 -0.016921921 -0.000600156 0.022802437 0.039180502 -0.034339946 0.321896017 -0.004859146 0.330990970 -0.058919791
0.003461335 0.020366989 -0.003900901 -0.039593335 0.002953996 -0.009948229 -0.000432984 -0.060690943 0.183524847 -0.000975542 0.180753201 0.026445810 0.092376865 0.079181232 0.086377770 -0.020800591 0.293592364 0.025708579 0.293933719 -0.042006060 0.013907193 -0.012324949 -0.003646762 -0.062229615 0.004523974 -0.004984589 -0.004986645 0.028831994 -0.000360460 0.078930773 0.003780213 -0.017248202 -0.000833962 0.022494465 0.043595649 -0.034359284 0.321852565 -0.004402166 0.332813323 -0.059273303
0.003230923 0.019939590 -0.003082097 -0.039415609 0.003070255 -0.009444940 -0.001353708 -0.061565284 0.183522508 -0.000604474 0.180902079 0.026548721 0.092504933 0.079789653 0.086302102 -0.021195570 0.295359164 0.025460945 0.288301855 -0.042407617 0.013990111 -0.011805050 -0.004521704 -0.063088283 0.004563641 -0.004687697 -0.005078567 0.028905274 -0.000437812 0.079514846 0.003873077 -0.017571837 -0.001521706 0.022480963 0.048179802 -0.034421880 0.321977049 -0.003949726 0.334394813 -0.059615292
0.002553975 0.019782402 -0.002037567 -0.039223429 0.003102956 -0.008890658 -0.002185956 -0.062330246 0.183486924 -0.000234405 0.181105971 0.026644049 0.092599161 0.080383688 0.086213499 -0.021597750 0.297764689 0.025219478 0.282400787 -0.042814717 0.013980417 -0.011224859 -0.005288666 -0.063810587 0.004636496 -0.004392138 -0.005225786 0.028977359 -0.000480917 0.080078706 0.003979301 -0.017900065 -0.002570531 0.022709923 0.052978437 -0.034537230 0.322248012 -0.003499742 0.335653007 -0.059947941
0.001502808 0.019849796 -0.000920421 -0.039064411 0.003056452 -0.008292397 -0.002877779 -0.062965758 0.183427170 0.000133979 0.181345165 0.026730878 0.092660978 0.080965161 0.086123094 -0.022007491 0.300603062 0.024984265 0.276328266 -0.043228313 0.013891760 -0.010595384 -0.005902402 -0.064382233 0.004733499 -0.004094645 -0.005408619 0.029051257 -0.000491220 0.080625772 0.004087762 -0.018239586 -0.003876615 0.023119230 0.058035947 -0.034711912 0.322638035 -0.003050280 0.336535841 -0.060273372
0.000173958 0.020085620 0.000125352 -0.038981378 0.002939002 -0.007659756 -0.003392151 -0.063461438 0.183353513 0.000500066 0.181598604 0.026808508 0.092694640 0.081536025 0.086040899 -0.022424981 0.303658068 0.024755035 0.270166427 -0.043649029 0.013740764 -0.009929935 -0.006332289 -0.064799055 0.004844380 -0.003791929 -0.005606099 0.029130213 -0.000472995 0.081160292 0.004188420 -0.018596195 -0.005333536 0.023642043 0.063387118 -0.034949698 0.323115706 -0.002599607 0.337022871 -0.060593564
-0.001320651 0.020428244 0.000981158 -0.039008301 0.002762267 -0.007004124 -0.003708229 -0.063816689 0.183276355 0.000863337 0.181846261 0.026876457 0.092706501 0.082098231 0.085975036 -0.022850202 0.306718290 0.024531292 0.263976544 -0.044077158 0.013545566 -0.009243045 -0.006563476 -0.065066695 0.004958760 -0.003480986 -0.005798344 0.029217124 -0.000432616 0.081686966 0.004273160 -0.018974373 -0.006838914 0.024211766 0.069051214 -0.035251714 0.323647827 -0.002146236 0.337123930 -0.060910325
-0.002863686 0.020815594 0.001565023 -0.039167527 0.002540605 -0.006337815 -0.003821287 -0.064040162 0.183205158 0.001223371 0.182070971 0.026934465 0.092704192 0.082653597 0.085931137 -0.023282927 0.309590995 0.024312379 0.257796526 -0.044512700 0.013324447 -0.008549416 -0.006596773 -0.065199718 0.005067169 -0.003159419 -0.005968219 0.029313961 -0.000377732 0.082210615 0.004336339 -0.019377081 -0.008299337 0.024766378 0.075028844 -0.035616681 0.324201286 -0.001688947 0.336875856 -0.061225209
-0.004342434 0.021189723 0.001837056 -0.039468527 0.002290143 -0.005673205 -0.003741504 -0.064148523 0.183147743 0.001579855 0.182259828 0.026982455 0.092695773 0.083203860 0.085912116 -0.023722745 0.312112868 0.024097532 0.251641542 -0.044955406 0.013094724 -0.007862975 -0.006447389 -0.065220088 0.005161805 -0.002825649 -0.006102834 0.029421445 -0.000316415 0.082735837 0.004375039 -0.019805707 -0.009633844 0.025251945 0.081301883 -0.036041234 0.324744880 -0.001226791 0.336337566 -0.061539516
-0.005657766 0.021500656 0.001799194 -0.039908096 0.002027732 -0.005021943 -0.003491845 -0.064164773 0.183109730 0.001932582 0.182404920 0.027020536 0.092688948 0.083750583 0.085918218 -0.024169141 0.314158469 0.023885915 0.245506510 -0.045404788 0.012871929 -0.007196088 -0.006142663 -0.065155238 0.005237057 -0.002479033 -0.006194299 0.029538890 -0.000256384 0.083266661 0.004389017 -0.020260133 -0.010776460 0.025625348 0.087835781 -0.036520243 0.325250834 -0.000759111 0.335583746 -0.061854251
-0.006731135 0.021709217 0.001489971 -0.040471874 0.001769853 -0.004394239 -0.003105271 -0.064116247 0.183094263 0.002281458 0.182503551 0.027048979 0.092690408 0.084295109 0.085947298 -0.024621500 0.315644681 0.023676647 0.239371046 -0.045860142 0.012669299 -0.006558948 -0.005719093 -0.065035902 0.005289775 -0.002119909 -0.006239925 0.029664198 -0.000204352 0.083806314 0.004380409 -0.020738898 -0.011677445 0.025855772 0.094583839 -0.037047185 0.325696081 -0.000285538 0.334698200 -0.062170129
-0.007509242 0.021788877 0.000975557 -0.041136883 0.001531579 -0.003798283 -0.002621539 -0.064032443 0.183102012 0.002626480 0.182557881 0.027068153 0.092705376 0.084838554 0.085995339 -0.025079187 0.316532433 0.023468919 0.233205035 -0.046320617 0.012497460 -0.005959201 -0.005218827 -0.064893864 0.005319270 -0.001749541 -0.006241893 0.029794017 -0.000165541 0.084357001 0.004353236 -0.021239441 -0.012304108 0.025925409 0.101492599 -0.037614532 0.326062828 0.000194038 0.333767056 -0.062487576
-0.007965972 0.021726537 0.000338605 -0.041874710 0.001325690 -0.003239833 -0.002083796 -0.063942850 0.183131367 0.002967739 0.182574108 0.027078519 0.092737272 0.085381776 0.086057037 -0.025541548 0.316825271 0.023261817 0.226974770 -0.046785261 0.012364272 -0.005401670 -0.004686050 -0.064759813 0.005326954 -0.001369967 -0.006206442 0.029924050 -0.000143399 0.084919833 0.004312802 -0.021758420 -0.012641423 0.025829399 0.108507447 -0.038214095 0.326339185 0.000679488 0.332872480 -0.062806770
-0.008101328 0.021521855 -0.000333536 -0.042654801 0.001161995 -0.002721982 -0.001535303 -0.063874975 0.183178902 0.003305400 0.182561442 0.027080597 0.092787676 0.085925423 0.086126469 -0.026007906 0.316565156 0.023054453 0.220648468 -0.047253057 0.012274876 -0.004888333 -0.004163570 -0.064661361 0.005316162 -0.000983840 -0.006142705 0.030049454 -0.000139498 0.085494816 0.004265028 -0.022292009 -0.012691883 0.025574921 0.115578063 -0.038837396 0.326519161 0.001170472 0.332087070 -0.063127652
-0.007938516 0.021185916 -0.000959594 -0.043447681 0.001046958 -0.002245130 -0.001016454 -0.063852608 0.183239907 0.003639685 0.182530820 0.027074954 0.092856355 0.086469881 0.086197719 -0.026477588 0.315826148 0.022846017 0.214200884 -0.047722958 0.012231839 -0.004418452 -0.003689838 -0.064621434 0.005291590 -0.000594193 -0.006061469 0.030165181 -0.000153627 0.086080961 0.004215819 -0.022836220 -0.012474653 0.025179632 0.122662649 -0.039476026 0.326602519 0.001666474 0.331469506 -0.063449897
-0.007519418 0.020739162 -0.001473229 -0.044227563 0.000983534 -0.001807110 -0.000562219 -0.063894510 0.183308974 0.003970866 0.182493567 0.027062170 0.092941537 0.087015226 0.086265467 -0.026949927 0.314706713 0.022635819 0.207616404 -0.048193935 0.012235353 -0.003988829 -0.003296453 -0.064657137 0.005258661 -0.000204186 -0.005973983 0.030266477 -0.000184019 0.086676396 0.004170510 -0.023387196 -0.012023631 0.024669411 0.129730880 -0.040121842 0.326594114 0.002166834 0.331061512 -0.063772961
-0.006899198 0.020208845 -0.001829028 -0.044974294 0.000971285 -0.001403471 -0.000200156 -0.064013556 0.183380499 0.004299255 0.182460308 0.027042825 0.093040250 0.087561272 0.086325385 -0.027424123 0.313321084 0.022423292 0.200890511 -0.048665017 0.012283494 -0.003594187 -0.003006491 -0.064779103 0.005222871 0.000183146 -0.005890856 0.030349322 -0.000227702 0.087278537 0.004133426 -0.023941455 -0.011385016 0.024075894 0.136765078 -0.040767346 0.326503247 0.002670793 0.330886573 -0.064096168
-0.006140501 0.019626234 -0.002005332 -0.045674387 0.001006738 -0.001027892 0.000050858 -0.064216278 0.183449328 0.004625181 0.182439953 0.027017469 0.093148693 0.088107653 0.086374432 -0.027899668 0.311790675 0.022208020 0.194029793 -0.049135301 0.012372443 -0.003227590 -0.002833630 -0.064991236 0.005189358 0.000565091 -0.005821046 0.030410690 -0.000280899 0.087884322 0.004107599 -0.024496090 -0.010613628 0.023433825 0.143760026 -0.041405872 0.326342672 0.003177526 0.330949694 -0.064418696
-0.005308062 0.019023906 -0.002003907 -0.046321269 0.001083924 -0.000672683 0.000181227 -0.064502925 0.183511108 0.004948989 0.182439119 0.026986625 0.093262732 0.088653773 0.086411014 -0.028376119 0.310235411 0.021989737 0.187050372 -0.049603980 0.012496843 -0.002880984 -0.002782008 -0.065291084 0.005162483 0.000939424 -0.005771207 0.030448757 -0.000339463 0.088490404 0.004094635 -0.025049005 -0.009769825 0.022778466 0.150721386 -0.042031694 0.326127619 0.003686171 0.331238866 -0.064739674
-0.004463809 0.018433033 -0.001846942 -0.046914715 0.001195034 -0.000329354 0.000190540 -0.064867899 0.183562681 0.005270991 0.182461709 0.026950760 0.093378246 0.089198805 0.086434916 -0.028853163 0.308766663 0.021768298 0.179975554 -0.050070338 0.012650185 -0.002545731 -0.002846824 -0.065670475 0.005145502 0.001304527 -0.005745309 0.030462971 -0.000399287 0.089093566 0.004094738 -0.025598858 -0.008914585 0.022143051 0.157663137 -0.042640168 0.325874686 0.004195873 0.331727207 -0.065058172
-0.003662900 0.017881166 -0.001572055 -0.047459647 0.001331122 0.000010841 0.000086855 -0.065300599 0.183602095 0.005591491 0.182508975 0.026910298 0.093491510 0.089741953 0.086447194 -0.029330656 0.307480484 0.021543706 0.172832668 -0.050533757 0.012825130 -0.002213112 -0.003015543 -0.066116549 0.005140395 0.001659456 -0.005744471 0.030454000 -0.000456653 0.089690842 0.004106856 -0.026144851 -0.008105727 0.021556636 0.164604381 -0.043227736 0.325600952 0.004705809 0.332376242 -0.065373264
-0.002951320 0.017390670 -0.001226086 -0.047964621 0.001482772 0.000356375 -0.000114544 -0.065786511 0.183628753 0.005910780 0.182579547 0.026865581 0.093599476 0.090282388 0.086449914 -0.029808644 0.306453496 0.021315981 0.165650055 -0.050993774 0.013013872 -0.001874796 -0.003269481 -0.066612981 0.005147828 0.002003939 -0.005767313 0.030423636 -0.000508518 0.090279587 0.004128932 -0.026686853 -0.007394874 0.021042613 0.171566010 -0.043791946 0.325322837 0.005215210 0.333139688 -0.065684043
-0.002364657 0.016977536 -0.000858582 -0.048440158 0.001640745 0.000714962 -0.000392815 -0.066308461 0.183643192 0.006229124 0.182669818 0.026816869 0.093699947 0.090819255 0.086445816 -0.030287201 0.305739552 0.021085154 0.158454075 -0.051450055 0.013208500 -0.001523263 -0.003585701 -0.067141369 0.005167248 0.002338331 -0.005810266 0.030374557 -0.000552689 0.090857670 0.004158209 -0.027225172 -0.006823584 0.020617375 0.178567722 -0.044331424 0.325055480 0.005723384 0.333967149 -0.065989658
-0.001927297 0.016650822 -0.000515707 -0.048897129 0.001796552 0.001093156 -0.000723469 -0.066847995 0.183647007 0.006546752 0.182774737 0.026764337 0.093791679 0.091351710 0.086438015 -0.030766455 0.305367917 0.020851459 0.151266590 -0.051902395 0.013401389 -0.001152156 -0.003939004 -0.067682594 0.005197095 0.002663527 -0.005868181 0.030310106 -0.000587919 0.091423549 0.004191577 -0.027760448 -0.006420681 0.020289570 0.185625389 -0.044845782 0.324811965 0.006229746 0.334808260 -0.066289343
-0.001652212 0.016412532 -0.000235470 -0.049345288 0.001942836 0.001496062 -0.001080392 -0.067386679 0.183642536 0.006863857 0.182888314 0.026708091 0.093874335 0.091878913 0.086429656 -0.031246621 0.305344135 0.020615313 0.144103482 -0.052350745 0.013585547 -0.000756544 -0.004303894 -0.068218127 0.005235054 0.002980832 -0.005935089 0.030233903 -0.000613895 0.091976300 0.004225896 -0.028293472 -0.006201564 0.020060329 0.192749292 -0.045335591 0.324602872 0.006733795 0.335615873 -0.066582426
-0.001541635 0.016258100 -0.000044438 -0.049792249 0.002073623 0.001927136 -0.001437800 -0.067907348 0.183632627 0.007180592 0.183004454 0.026648255 0.093948469 0.092400089 0.086423606 -0.031727966 0.305651903 0.020377161 0.136973694 -0.052795131 0.013754941 -0.000333106 -0.004656449 -0.068731189 0.005278358 0.003291828 -0.006004858 0.030149577 -0.000631156 0.092515536 0.004258291 -0.028825052 -0.006167829 0.019923618 0.199943572 -0.045802176 0.324435949 0.007235134 0.336349338 -0.066868328
-0.001587793 0.016177088 0.000044098 -0.050242923 0.002184485 0.002388112 -0.001772043 -0.068395130 0.183620214 0.007497073 0.183117464 0.026584812 0.094015308 0.092914507 0.086422250 -0.032210790 0.306255937 0.020137455 0.129879326 -0.053235672 0.013904752 0.000119807 -0.004975663 -0.069207683 0.005324086 0.003598226 -0.006071746 0.030060519 -0.000640942 0.093041323 0.004286385 -0.029356103 -0.006308202 0.019867167 0.207206100 -0.046247527 0.324316025 0.007733480 0.336976469 -0.067146592
-0.001775604 0.016154611 0.000030018 -0.050699357 0.002272541 0.002879027 -0.002063121 -0.068838201 0.183608130 0.007813381 0.183222592 0.026517674 0.094076589 0.093421511 0.086427309 -0.032695416 0.307105958 0.019896686 0.122816361 -0.053672507 0.014031569 0.000602183 -0.005244596 -0.069636844 0.005369452 0.003901729 -0.006130939 0.029969681 -0.000645002 0.093554161 0.004308453 -0.029887531 -0.006600383 0.019873798 0.214529172 -0.046674095 0.324245065 0.008228658 0.337475181 -0.067416899
-0.002083568 0.016172532 -0.000075191 -0.051160965 0.002336417 0.003398337 -0.002295740 -0.069228351 0.183598831 0.008129558 0.183316380 0.026446708 0.094138034 0.093920529 0.086439773 -0.033182167 0.308140963 0.019655308 0.115776189 -0.054105856 0.014133476 0.001112446 -0.005451198 -0.070011646 0.005412029 0.004203929 -0.006179005 0.029879380 -0.000645384 0.094054863 0.004323506 -0.030420123 -0.007013944 0.019923048 0.221900985 -0.047084730 0.324222296 0.008720599 0.337834030 -0.067679018
-0.002485301 0.016210871 -0.000251143 -0.051625069 0.002376111 0.003943107 -0.002459977 -0.069561183 0.183594167 0.008445612 0.183396801 0.026371745 0.094203800 0.094411179 0.086459883 -0.033671357 0.309294164 0.019413730 0.108747117 -0.054535933 0.014210066 0.001647643 -0.005588693 -0.070328891 0.005449916 0.004506204 -0.006213970 0.029791212 -0.000644225 0.094544403 0.004331291 -0.030954437 -0.007513264 0.019992836 0.229307115 -0.047482494 0.324244589 0.009209321 0.338052154 -0.067932844
-0.002951208 0.016249232 -0.000471899 -0.052087646 0.002392793 0.004509266 -0.002551482 -0.069836095 0.183595374 0.008761524 0.183463350 0.026292600 0.094274879 0.094893239 0.086487241 -0.034163289 0.310497761 0.019172311 0.101716436 -0.054962941 0.014262346 0.002203677 -0.005655556 -0.070589103 0.005481861 0.004809661 -0.006235321 0.029706042 -0.000643556 0.095023900 0.004332223 -0.031490836 -0.008060580 0.020061100 0.236732244 -0.047870465 0.324306816 0.009694921 0.338138193 -0.068178371
-0.003450318 0.016268196 -0.000709572 -0.052544151 0.002388601 0.005091901 -0.002571349 -0.070055939 0.183603048 0.009077254 0.183516860 0.026209062 0.094352305 0.095366493 0.086520866 -0.034658253 0.311686873 0.018931314 0.094672032 -0.055387150 0.014292593 0.002775592 -0.005655168 -0.070796087 0.005507247 0.005115122 -0.006243840 0.029624069 -0.000645144 0.095494427 0.004327273 -0.032029510 -0.008618921 0.020107299 0.244161785 -0.048251681 0.324402243 0.010177567 0.338109136 -0.068415657
-0.003951905 0.016250486 -0.000937681 -0.052990329 0.002366413 0.005685560 -0.002525465 -0.070226558 0.183617115 0.009392743 0.183559269 0.026120920 0.094436929 0.095830806 0.086559385 -0.035156537 0.312803477 0.018690990 0.087603837 -0.055808879 0.014304085 0.003357898 -0.005595167 -0.070956379 0.005526117 0.005423083 -0.006241471 0.029544922 -0.000650374 0.095956959 0.004317810 -0.032570496 -0.009154594 0.020113768 0.251583368 -0.048629045 0.324523240 0.010657480 0.337988168 -0.068644874
-0.004427160 0.016181920 -0.001133927 -0.053422894 0.002329614 0.006284576 -0.002423679 -0.070356146 0.183636948 0.009707924 0.183593392 0.026027976 0.094529301 0.096286103 0.086601213 -0.035658348 0.313799351 0.018451529 0.080504775 -0.056228373 0.014300833 0.003944888 -0.005486566 -0.071078561 0.005539103 0.005733730 -0.006230998 0.029467717 -0.000660177 0.096412286 0.004305430 -0.033113696 -0.009638787 0.020066574 0.258987844 -0.049005229 0.324661523 0.011134936 0.337802708 -0.068866245
-0.004850802 0.016052140 -0.001282191 -0.053840004 0.002281904 0.006883354 -0.002278771 -0.070454471 0.183661431 0.010022749 0.183622375 0.025930041 0.094629437 0.096732415 0.086644687 -0.036163822 0.314638257 0.018213039 0.073371232 -0.056645881 0.014287287 0.004530953 -0.005342681 -0.071172483 0.005547279 0.006046990 -0.006215624 0.029391207 -0.000675011 0.096861064 0.004291788 -0.033659045 -0.010049042 0.019956205 0.266369939 -0.049382605 0.324808747 0.011610231 0.337582111 -0.069080040
-0.005202295 0.015855070 -0.001373574 -0.054241493 0.002227108 0.007476636 -0.002105316 -0.070532061 0.183689237 0.010337144 0.183649465 0.025826950 0.094737247 0.097169816 0.086688250 -0.036673099 0.315296829 0.017975610 0.066203162 -0.057061635 0.014268041 0.005110855 -0.005178105 -0.071248494 0.005552030 0.006362579 -0.006198623 0.029313961 -0.000694875 0.097303718 0.004278441 -0.034206439 -0.010369981 0.019777892 0.273728102 -0.049763177 0.324956983 0.012083668 0.337355554 -0.069286563
-0.005466999 0.015589100 -0.001406524 -0.054628890 0.002169004 0.008059734 -0.001918529 -0.070599444 0.183718815 0.010651031 0.183677658 0.025718570 0.094852328 0.097598426 0.086730577 -0.037186272 0.315765023 0.017739285 0.059003767 -0.057475828 0.014247552 0.005679983 -0.005007615 -0.071316674 0.005554873 0.006680069 -0.006183076 0.029234519 -0.000719366 0.097740546 0.004266723 -0.034755882 -0.010593291 0.019531546 0.281064242 -0.050148558 0.325099051 0.012555558 0.337150067 -0.069486141
-0.005636719 0.015256955 -0.001386171 -0.055005196 0.002111134 0.008628730 -0.001733231 -0.070666447 0.183748662 0.010964339 0.183709338 0.025604814 0.094973855 0.098018385 0.086770646 -0.037703425 0.316045403 0.017504105 0.051778883 -0.057888623 0.014229909 0.006234536 -0.004845144 -0.071386218 0.005557347 0.006998961 -0.006171586 0.029151514 -0.000747763 0.098171659 0.004257651 -0.035307541 -0.010717420 0.019221395 0.288382947 -0.050539926 0.325228721 0.013026199 0.336988837 -0.069679096
-0.005709944 0.014865325 -0.001322987 -0.055374511 0.002056675 0.009180602 -0.001562850 -0.070741594 0.183777422 0.011277015 0.183746323 0.025485609 0.095100701 0.098429896 0.086807802 -0.038224600 0.316151857 0.017270086 0.044536151 -0.058300186 0.014218630 0.006771664 -0.004702908 -0.071464866 0.005560860 0.007318732 -0.006166051 0.029063769 -0.000779125 0.098596983 0.004251875 -0.035861619 -0.010746910 0.018855399 0.295690566 -0.050938029 0.325340986 0.013495874 0.336890161 -0.069865748
-0.005691264 0.014424175 -0.001230830 -0.055741537 0.002008411 0.009713300 -0.001418588 -0.070831664 0.183803946 0.011589015 0.183789626 0.025360899 0.095231615 0.098833174 0.086841777 -0.038749792 0.316107541 0.017037190 0.037283756 -0.058710549 0.014216548 0.007289540 -0.004590739 -0.071558543 0.005566539 0.007638895 -0.006167603 0.028970342 -0.000812393 0.099016301 0.004249664 -0.036418371 -0.010691321 0.018444449 0.302994400 -0.051343214 0.325432181 0.013964836 0.336866438 -0.070046373
-0.005590675 0.013945955 -0.001125096 -0.056111019 0.001968623 0.010225771 -0.001308912 -0.070941374 0.183827475 0.011900302 0.183839574 0.025230652 0.095365375 0.099228472 0.086872675 -0.039278951 0.315942734 0.016805328 0.030029532 -0.059119672 0.014225718 0.007787379 -0.004515616 -0.071671143 0.005575195 0.007959035 -0.006176553 0.028870584 -0.000846496 0.099429317 0.004250925 -0.036978111 -0.010564134 0.018001508 0.310301572 -0.051755451 0.325500041 0.014433309 0.336924076 -0.070221223
-0.005422534 0.013444696 -0.001020849 -0.056487303 0.001939009 0.010717953 -0.001239254 -0.071073279 0.183847532 0.012210854 0.183895677 0.025094874 0.095500842 0.099616043 0.086900882 -0.039811913 0.315692216 0.016574387 0.022780396 -0.059527464 0.014247419 0.008265395 -0.004481460 -0.071804427 0.005587278 0.008278837 -0.006192487 0.028764129 -0.000880439 0.099835671 0.004255262 -0.037541285 -0.010381568 0.017540641 0.317618132 -0.052174337 0.325543523 0.014901484 0.337063521 -0.070390545
-0.005204339 0.012935083 -0.000931230 -0.056873918 0.001920650 0.011190699 -0.001211927 -0.071227774 0.183864027 0.012520668 0.183956802 0.024953604 0.095636822 0.099996135 0.086927041 -0.040348511 0.315392852 0.016344231 0.015541702 -0.059933793 0.014282181 0.008724711 -0.004489131 -0.071958125 0.005602833 0.008598111 -0.006214376 0.028650858 -0.000913373 0.100235015 0.004262038 -0.038108375 -0.010161349 0.017076122 0.324948609 -0.052599162 0.325562984 0.015369509 0.337279767 -0.070554517
-0.004955253 0.012431488 -0.000866268 -0.057273231 0.001914009 0.011645681 -0.001226274 -0.071403280 0.183877170 0.012829756 0.184021398 0.024806939 0.095772490 0.100368932 0.086951934 -0.040888548 0.315081120 0.016114715 0.008316870 -0.060338475 0.014329851 0.009167233 -0.004536641 -0.072130173 0.005621658 0.008916754 -0.006240749 0.028530860 -0.000944651 0.100627087 0.004270465 -0.038679723 -0.009921695 0.016621506 0.332295835 -0.053029034 0.325559795 0.015837496 0.337563097 -0.070713282
-0.004694632 0.011947129 -0.000832196 -0.057686251 0.001918948 0.012085252 -0.001278902 -0.071596555 0.183887407 0.013138146 0.184087798 0.024655042 0.095907256 0.100734577 0.086976424 -0.041431949 0.314791083 0.015885690 0.001107271 -0.060741283 0.014389608 0.009595520 -0.004619557 -0.072316952 0.005643291 0.009234749 -0.006269930 0.028404390 -0.000973854 0.101011679 0.004279689 -0.039255459 -0.009680161 0.016188873 0.339660555 -0.053462852 0.325536370 0.016305516 0.337900281 -0.070866950
-0.004440652 0.011493309 -0.000831215 -0.058112644 0.001934785 0.012512285 -0.001364261 -0.071803033 0.183895409 0.013445877 0.184154257 0.024498010 0.096040733 0.101093180 0.087001346 -0.041978642 0.314552486 0.015657017 -0.006087639 -0.061141986 0.014460179 0.010012595 -0.004731502 -0.072513759 0.005667103 0.009552164 -0.006300179 0.028271800 -0.001000797 0.101388611 0.004288874 -0.039835759 -0.009452582 0.015788162 0.346729845 -0.053899389 0.325495631 0.016773624 0.338275701 -0.071015567
-0.004209408 0.011078909 -0.001173306 -0.058550812 0.001960372 0.012930007 -0.001475196 -0.072017245 0.183901891 0.013753007 0.184219316 0.024335885 0.096172869 0.101444811 0.087027445 -0.042528611 0.314389348 0.015428573 -0.012663610 -0.061420701 0.014539963 0.010421751 -0.004864754 -0.072715186 0.005692358 0.009869138 -0.006329859 0.028133471 -0.001025518 0.101757802 0.004297265 -0.040420670 -0.009253057 0.015426895 0.353184670 -0.054337345 0.325441182 0.017241824 0.338672608 -0.071159162
-0.004014098 0.010710022 -0.002120320 -0.058991671 0.001994178 0.013341819 -0.001603533 -0.072233267 0.183907598 0.014059599 0.184281632 0.024168756 0.096303672 0.101789497 0.087055340 -0.043081772 0.314319372 0.015200268 -0.018069945 -0.061465550 0.014627133 0.010826382 -0.005010879 -0.072915561 0.005718430 0.010185833 -0.006357578 0.027989769 -0.001048245 0.102119215 0.004304254 -0.041010223 -0.009092927 0.015109866 0.358771324 -0.054775406 0.325376838 0.017710084 0.339074314 -0.071297713
-0.003864155 0.010389658 -0.003779677 -0.059414346 0.002034391 0.013751137 -0.001740683 -0.072445162 0.183913291 0.014365725 0.184340209 0.023996716 0.096433297 0.102127232 0.087085463 -0.043637991 0.314353079 0.014972044 -0.021977760 -0.061208390 0.014719754 0.011229808 -0.005161357 -0.073109359 0.005744605 0.010502432 -0.006382294 0.027841005 -0.001069359 0.102472842 0.004309403 -0.041604467 -0.008980416 0.014838997 0.363304943 -0.055212237 0.325306565 0.018178340 0.339465290 -0.071431167
-0.003765318 0.010117874 -0.006094874 -0.059785992 0.002079060 0.014161217 -0.001878239 -0.072647355 0.183919609 0.014671470 0.184394404 0.023819877 0.096562102 0.102457978 0.087118067 -0.044197258 0.314494491 0.014743820 -0.024283979 -0.060629003 0.014815870 0.011635133 -0.005308148 -0.073291600 0.005770214 0.010819105 -0.006403364 0.027687406 -0.001089339 0.102818727 0.004312469 -0.042203240 -0.008920407 0.014613412 0.366669536 -0.055646572 0.325234115 0.018646512 0.339832038 -0.071559444
-0.003719090 0.009891995 -0.008865900 -0.060065497 0.002126211 0.014575019 -0.002008514 -0.072835021 0.183927119 0.014976922 0.184443980 0.023638358 0.096690603 0.102781653 0.087153189 -0.044759531 0.314740956 0.014515540 -0.025084380 -0.059752580 0.014913608 0.012045109 -0.005444198 -0.073458090 0.005794695 0.011136009 -0.006420551 0.027529104 -0.001108717 0.103156924 0.004313396 -0.042806320 -0.008914272 0.014429669 0.368815690 -0.056077238 0.325163066 0.019114504 0.340163797 -0.071682453
-0.003724196 0.009707077 -0.011792355 -0.060210008 0.002173908 0.014995119 -0.002124978 -0.073004283 0.183936194 0.015282171 0.184489116 0.023452289 0.096819341 0.103098154 0.087190732 -0.045324765 0.315084189 0.014287197 -0.024624482 -0.058641907 0.015011244 0.012462045 -0.005563809 -0.073605672 0.005817659 0.011453244 -0.006434010 0.027366154 -0.001128028 0.103487484 0.004312302 -0.043413412 -0.008960129 0.014282210 0.369756043 -0.056503214 0.325096428 0.019582210 0.340453029 -0.071800075
-0.003776673 0.009556229 -0.014529356 -0.060182925 0.002220359 0.015423605 -0.002222561 -0.073152445 0.183947071 0.015587290 0.184530288 0.023261774 0.096948676 0.103407353 0.087230429 -0.045892809 0.315511227 0.014058812 -0.023238851 -0.057386190 0.015107260 0.012887734 -0.005662836 -0.073732339 0.005838895 0.011770865 -0.006444203 0.027198540 -0.001147765 0.103810467 0.004309441 -0.044024125 -0.009053253 0.014163806 0.369558930 -0.056923617 0.325036824 0.020049527 0.340695560 -0.071912184
-0.003870123 0.009431156 -0.016745774 -0.059961688 0.002263998 0.015861990 -0.002297823 -0.073278032 0.183959857 0.015892334 0.184568211 0.023066912 0.097078964 0.103709124 0.087271921 -0.046463516 0.316005766 0.013830422 -0.021289444 -0.056088317 0.015200435 0.013323407 -0.005738861 -0.073837288 0.005858366 0.012088884 -0.006451809 0.027026149 -0.001168348 0.104125924 0.004305171 -0.044638079 -0.009186679 0.014066122 0.368340909 -0.057337746 0.324986190 0.020516345 0.340890497 -0.072018653
-0.003996934 0.009322747 -0.018175326 -0.059543900 0.002303558 0.016311195 -0.002349067 -0.073380798 0.183974564 0.016197370 0.184603721 0.022867797 0.097210526 0.104003340 0.087314799 -0.047036588 0.316549182 0.013602076 -0.019111985 -0.054852501 0.015289795 0.013769731 -0.005791176 -0.073920831 0.005876184 0.012407268 -0.006457647 0.026848828 -0.001190100 0.104433857 0.004299908 -0.045254961 -0.009351869 0.013980298 0.366257697 -0.057745066 0.324945867 0.020982569 0.341040105 -0.072119348
-0.004148310 0.009221621 -0.018653411 -0.058950733 0.002338109 0.016771561 -0.002376283 -0.073461600 0.183990985 0.016502514 0.184637710 0.022664526 0.097343616 0.104289852 0.087358624 -0.047611762 0.317121953 0.013373857 -0.016976744 -0.053773694 0.015374593 0.014226840 -0.005820659 -0.073984340 0.005892592 0.012725961 -0.006462584 0.026666425 -0.001213229 0.104734175 0.004294085 -0.045874517 -0.009539068 0.013897358 0.363494366 -0.058145218 0.324916631 0.021448107 0.341149330 -0.072214134
-0.004314878 0.009118704 -0.018135665 -0.058226969 0.002367069 0.017242877 -0.002380997 -0.073522300 0.184008777 0.016807882 0.184671059 0.022457188 0.097478546 0.104568593 0.087402992 -0.048188787 0.317704827 0.013145840 -0.015066836 -0.052929841 0.015454379 0.014694351 -0.005829567 -0.074029997 0.005907919 0.013044883 -0.006467436 0.026478793 -0.001237832 0.105026759 0.004288110 -0.046496395 -0.009738095 0.013808785 0.360254973 -0.058537982 0.324898571 0.021912888 0.341225147 -0.072302923
-0.004487304 0.009005697 -0.016697194 -0.057437710 0.002390189 0.017724440 -0.002366052 -0.073565543 0.184027478 0.017113578 0.184704512 0.022245903 0.097615205 0.104839452 0.087447539 -0.048767552 0.318279892 0.012918089 -0.013474084 -0.052377276 0.015528997 0.015171427 -0.005821256 -0.074060604 0.005922548 0.013363954 -0.006472883 0.026285829 -0.001263897 0.105311424 0.004282340 -0.047120221 -0.009939009 0.013706993 0.356751472 -0.058923289 0.324891299 0.022376886 0.341276109 -0.072385639
-0.004656778 0.008875412 -0.014515122 -0.056662239 0.002407523 0.018215124 -0.002335305 -0.073594518 0.184046701 0.017419688 0.184738696 0.022030769 0.097753309 0.105102330 0.087491989 -0.049347967 0.318831682 0.012690661 -0.012209822 -0.052149214 0.015598556 0.015656857 -0.005799883 -0.074079379 0.005936881 0.013683098 -0.006479379 0.026087502 -0.001291319 0.105588004 0.004277052 -0.047745701 -0.010132606 0.013585672 0.353193134 -0.059301220 0.324893951 0.022840066 0.341311425 -0.072462223
-0.004815495 0.008722163 -0.011838620 -0.055985942 0.002419390 0.018713469 -0.002293271 -0.073612705 0.184066027 0.017726284 0.184774086 0.021811860 0.097892568 0.105357140 0.087536156 -0.049929995 0.319347799 0.012463618 -0.011226144 -0.052256797 0.015663400 0.016149137 -0.005770067 -0.074089684 0.005951290 0.014002264 -0.006487224 0.025883855 -0.001319917 0.105856314 0.004272435 -0.048372615 -0.010311030 0.013440078 0.349776059 -0.059671991 0.324905306 0.023302395 0.341340601 -0.072532639
-0.004956936 0.008541926 -0.008952214 -0.055491392 0.002426333 0.019217774 -0.002244773 -0.073623605 0.184085146 0.018033424 0.184810951 0.021589233 0.098032601 0.105603814 0.087579943 -0.050513621 0.319818914 0.012237014 -0.010442279 -0.052692000 0.015724074 0.016646568 -0.005736572 -0.074094787 0.005966113 0.014321430 -0.006496671 0.025674993 -0.001348722 0.106116220 0.004268579 -0.049000800 -0.010468098 0.013267185 0.346674204 -0.060035873 0.324923843 0.023763860 0.341372430 -0.072596878
-0.005076044 0.008332407 -0.006138307 -0.055249788 0.002429064 0.019726200 -0.002194622 -0.073630556 0.184103772 0.018341165 0.184849456 0.021362932 0.098173179 0.105842300 0.087623358 -0.051098861 0.320239455 0.012010836 -0.009770953 -0.053431544 0.015781282 0.017147340 -0.005704023 -0.074097618 0.005981678 0.014640611 -0.006507802 0.025461085 -0.001372899 0.106367603 0.004265482 -0.049630076 -0.010599487 0.013065716 0.344031572 -0.060393188 0.324947864 0.024224451 0.341414839 -0.072654955
-0.005169901 0.008093216 -0.003644158 -0.055313814 0.002428410 0.020236857 -0.002147330 -0.073636480 0.184121728 0.018649552 0.184889555 0.021133011 0.098314509 0.106072523 0.087666467 -0.051685710 0.320607036 0.011785107 -0.009140304 -0.054441109 0.015835848 0.017649632 -0.005676507 -0.074100696 0.005998189 0.014959855 -0.006520415 0.025242385 -0.001393421 0.106610470 0.004263062 -0.050260395 -0.010702802 0.012836087 0.341956913 -0.060744349 0.324975640 0.024684181 0.341474384 -0.072706886
-0.005236928 0.007825572 -0.001657297 -0.055712633 0.002425253 0.020747907 -0.002106850 -0.073643751 0.184138939 0.018958624 0.184931085 0.020899529 0.098456867 0.106294394 0.087709434 -0.052274019 0.320922524 0.011559906 -0.008508598 -0.055679157 0.015888659 0.018151714 -0.005657427 -0.074105933 0.006015729 0.015279253 -0.006534275 0.025019167 -0.001410745 0.106844686 0.004261173 -0.050891846 -0.010777572 0.012580254 0.340520173 -0.061089803 0.325005323 0.025143078 0.341555893 -0.072752699
-0.005277089 0.007532104 -0.000291558 -0.056449518 0.002420485 0.021257639 -0.002076381 -0.073654085 0.184155390 0.019268420 0.184973776 0.020662528 0.098600760 0.106507815 0.087752432 -0.052863747 0.321189612 0.011335329 -0.007870426 -0.057100032 0.015940631 0.018652003 -0.005649378 -0.074114561 0.006034287 0.015598931 -0.006549197 0.024791721 -0.001425859 0.107070304 0.004259624 -0.051524520 -0.010825156 0.012301522 0.339751750 -0.061430007 0.325035214 0.025601182 0.341662437 -0.072792448
-0.005291693 0.007216610 0.000415837 -0.057502203 0.002414975 0.021764526 -0.002058193 -0.073668487 0.184171170 0.019578967 0.185017243 0.020422038 0.098746948 0.106712729 0.087795690 -0.053454719 0.321414530 0.011111419 -0.007254724 -0.058656178 0.015992651 0.019149106 -0.005654010 -0.074127153 0.006053773 0.015919043 -0.006564970 0.024560340 -0.001439936 0.107287489 0.004258198 -0.052158531 -0.010848444 0.012004253 0.339644015 -0.061765406 0.325063705 0.026058547 0.341795206 -0.072826192
-0.005283365 0.006883764 0.000497413 -0.058825694 0.002409525 0.022267284 -0.002053580 -0.073687263 0.184186384 0.019890303 0.185061112 0.020178081 0.098896094 0.106909141 0.087839410 -0.054046925 0.321605265 0.010888231 -0.006716146 -0.060299519 0.016045548 0.019641861 -0.005672091 -0.074143559 0.006074036 0.016239762 -0.006581288 0.024325317 -0.001454255 0.107496381 0.004256677 -0.052793909 -0.010851148 0.011693445 0.340154767 -0.062096409 0.325089484 0.026515217 0.341953605 -0.072853990
-0.005256137 0.006538930 0.000041021 -0.060357023 0.002404844 0.022764912 -0.002062874 -0.073710017 0.184201226 0.020202454 0.185104981 0.019930713 0.099049442 0.107097000 0.087883808 -0.054640390 0.321771115 0.010665823 -0.006322341 -0.061982222 0.016100068 0.020129394 -0.005703497 -0.074163027 0.006094888 0.016561277 -0.006597830 0.024086928 -0.001469869 0.107697152 0.004254855 -0.053430684 -0.010837676 0.011374455 0.341212720 -0.062423371 0.325111479 0.026971254 0.342135519 -0.072875917
-0.005214586 0.006187615 -0.000829147 -0.062021274 0.002401523 0.023256714 -0.002085513 -0.073735796 0.184215933 0.020515440 0.185148373 0.019680001 0.099207647 0.107276306 0.087929048 -0.055235159 0.321921885 0.010444256 -0.006139616 -0.063657127 0.016156835 0.020611132 -0.005747328 -0.074184321 0.006116118 0.016883772 -0.006614255 0.023845410 -0.001487643 0.107889958 0.004252558 -0.054068908 -0.010812992 0.011052717 0.342724085 -0.062746577 0.325128883 0.027426733 0.342337549 -0.072892018
-0.005163709 0.005835254 -0.001972378 -0.063738108 0.002400031 0.023742301 -0.002120156 -0.073763140 0.184230775 0.020829294 0.185191050 0.019425984 0.099371120 0.107447021 0.087975264 -0.055831049 0.322067320 0.010223581 -0.006219545 -0.065278143 0.016216349 0.021086799 -0.005802050 -0.074205793 0.006137514 0.017207429 -0.006630267 0.023600966 -0.001507128 0.108074911 0.004249647 -0.054708775 -0.010782126 0.010733396 0.344579905 -0.063066266 0.325141132 0.027881728 0.342555374 -0.072902396
-0.005108589 0.005486970 -0.003249994 -0.065428160 0.002400703 0.024221588 -0.002164808 -0.073790252 0.184245899 0.021144031 0.185232818 0.019168708 0.099540003 0.107609197 0.088022552 -0.056428034 0.322216630 0.010003849 -0.006589049 -0.066800810 0.016278930 0.021556439 -0.005865606 -0.074225582 0.006158813 0.017532425 -0.006645820 0.023353757 -0.001528525 0.108252048 0.004246033 -0.055350401 -0.010750282 0.010421100 0.346663684 -0.063382611 0.325147986 0.028336322 0.342784107 -0.072907172
-0.005054144 0.005147329 -0.004540215 -0.067018673 0.002403743 0.024694772 -0.002217116 -0.073815092 0.184261486 0.021459663 0.185273841 0.018908214 0.099714570 0.107762925 0.088070959 -0.057026263 0.322378039 0.009785075 -0.007244822 -0.068183295 0.016344784 0.022020347 -0.005935580 -0.074241683 0.006179832 0.017858911 -0.006660732 0.023103863 -0.001552045 0.108421311 0.004241671 -0.055993807 -0.010722083 0.010119724 0.348858386 -0.063695692 0.325149387 0.028790593 0.343018532 -0.072906442
-0.005004734 0.004820089 -0.005748034 -0.068447866 0.002409216 0.025162298 -0.002274503 -0.073835552 0.184277639 0.021776209 0.185314074 0.018644577 0.099894717 0.107908301 0.088120468 -0.057625789 0.322558284 0.009567258 -0.008152643 -0.069387734 0.016413983 0.022479048 -0.006009392 -0.074252136 0.006200460 0.018186994 -0.006674952 0.022851327 -0.001577784 0.108582608 0.004236562 -0.056638934 -0.010701340 0.009832365 0.351052999 -0.064005546 0.325145513 0.029244626 0.343253553 -0.072900280
-0.004964023 0.004508081 -0.006809742 -0.069667995 0.002417077 0.025624825 -0.002334320 -0.073849641 0.184294403 0.022093685 0.185353532 0.018377855 0.100080200 0.108045399 0.088171035 -0.058226742 0.322762340 0.009350461 -0.009251296 -0.070381880 0.016486470 0.022933261 -0.006084468 -0.074255109 0.006220640 0.018516747 -0.006688502 0.022596166 -0.001605838 0.108735800 0.004230746 -0.057285659 -0.010691117 0.009561145 0.353147864 -0.064312138 0.325136811 0.029698499 0.343484551 -0.072888792
-0.004934839 0.004213140 -0.007692538 -0.070646815 0.002427194 0.026083173 -0.002394019 -0.073855579 0.184311807 0.022412123 0.185392290 0.018108102 0.100270964 0.108174302 0.088222601 -0.058829233 0.322993547 0.009134720 -0.010460079 -0.071140900 0.016562089 0.023383858 -0.006158396 -0.074249052 0.006240358 0.018848211 -0.006701553 0.022338364 -0.001635456 0.108880758 0.004224292 -0.057933822 -0.010693768 0.009307220 0.355058789 -0.064615391 0.325123787 0.030152287 0.343707442 -0.072872035
-0.004919150 0.003936071 -0.008390230 -0.071367778 0.002439357 0.026538286 -0.002451302 -0.073851906 0.184329808 0.022731554 0.185430452 0.017835362 0.100467414 0.108295135 0.088275068 -0.059433214 0.323253602 0.008920024 -0.011688475 -0.071649060 0.016640585 0.023831805 -0.006229061 -0.074232705 0.006259649 0.019181401 -0.006714298 0.022077892 -0.001665946 0.109017305 0.004217293 -0.058583267 -0.010710844 0.009070789 0.356719702 -0.064915143 0.325107098 0.030606067 0.343919039 -0.072850093
-0.004917986 0.003676725 -0.008916379 -0.071829073 0.002453302 0.026991170 -0.002504233 -0.073837504 0.184348211 0.023052007 0.185468137 0.017559696 0.100669287 0.108408004 0.088328324 -0.060038611 0.323542446 0.008706378 -0.012846549 -0.071901068 0.016721638 0.024278123 -0.006294752 -0.074205242 0.006278588 0.019516310 -0.006726863 0.021814693 -0.001696942 0.109145291 0.004209852 -0.059233647 -0.010743126 0.008851159 0.358084112 -0.065211184 0.325087458 0.031059906 0.344117075 -0.072823040
-0.004931478 0.003434086 -0.009296401 -0.072041795 0.002468712 0.027442859 -0.002551319 -0.073811688 0.184366912 0.023373520 0.185505405 0.017281119 0.100876354 0.108513154 0.088382266 -0.060645316 0.323858351 0.008493819 -0.013854560 -0.071902893 0.016804876 0.024723839 -0.006354208 -0.074166231 0.006297269 0.019852918 -0.006739389 0.021548692 -0.001728263 0.109264523 0.004202073 -0.059884738 -0.010790440 0.008646829 0.359125286 -0.065503299 0.325065643 0.031513866 0.344300270 -0.072790936
-0.004958958 0.003206391 -0.009559939 -0.072027676 0.002485243 0.027894367 -0.002591553 -0.073774189 0.184385806 0.023696147 0.185542256 0.016999710 0.101088159 0.108610682 0.088436797 -0.061253354 0.324198216 0.008282419 -0.014650626 -0.071671851 0.016889900 0.025169941 -0.006406680 -0.074115664 0.006315795 0.020191187 -0.006751957 0.021279827 -0.001759782 0.109374858 0.004194056 -0.060536467 -0.010851753 0.008455659 0.359835267 -0.065791249 0.325042427 0.031968009 0.344468355 -0.072753847
-0.004999073 0.002991290 -0.009734627 -0.071816541 0.002502536 0.028346643 -0.002624429 -0.073725142 0.184404939 0.024019901 0.185578674 0.016715562 0.101304308 0.108700618 0.088491820 -0.061862580 0.324558109 0.008072217 -0.015195648 -0.071235932 0.016976301 0.025617342 -0.006451924 -0.074053891 0.006334273 0.020531077 -0.006764750 0.021008071 -0.001791354 0.109476231 0.004185883 -0.061188750 -0.010925376 0.008275031 0.360223174 -0.066074789 0.325018495 0.032422379 0.344621927 -0.072711833
-0.005049919 0.002786030 -0.009841883 -0.071443766 0.002520233 0.028800549 -0.002649924 -0.073665068 0.184424341 0.024344774 0.185614705 0.016428756 0.101524435 0.108782984 0.088547274 -0.062472928 0.324933410 0.007863258 -0.015475218 -0.070632353 0.017063703 0.026066855 -0.006490166 -0.073981620 0.006352806 0.020872546 -0.006778008 0.020733416 -0.001822952 0.109568596 0.004177622 -0.061841466 -0.011009075 0.008102037 0.360312581 -0.066353679 0.324994534 0.032877024 0.344762385 -0.072664939
-0.005109197 0.002587631 -0.009894886 -0.070947990 0.002537994 0.029256826 -0.002668457 -0.073594816 0.184443966 0.024670796 0.185650378 0.016139371 0.101748571 0.108857639 0.088603109 -0.063084230 0.325319141 0.007655580 -0.015498585 -0.069905460 0.017151760 0.026519153 -0.006522033 -0.073899828 0.006371484 0.021215556 -0.006791722 0.020455850 -0.001854656 0.109651975 0.004169315 -0.062494513 -0.011100371 0.007933669 0.360138893 -0.066627674 0.324971139 0.033331987 0.344891638 -0.072613195
-0.005174384 0.002393061 -0.009898717 -0.070369102 0.002555495 0.029716078 -0.002680827 -0.073515452 0.184463739 0.024998019 0.185685769 0.015847489 0.101977184 0.108924255 0.088659301 -0.063696317 0.325710237 0.007449198 -0.015295218 -0.069104098 0.017240187 0.026974769 -0.006548493 -0.073809668 0.006390381 0.021560067 -0.006805832 0.020175353 -0.001886513 0.109726422 0.004160985 -0.063147813 -0.011196722 0.007767002 0.359746099 -0.066896565 0.324948758 0.033787314 0.345012188 -0.072556652
-0.005242874 0.002199395 -0.009852159 -0.069746584 0.002572459 0.030178756 -0.002688124 -0.073428214 0.184483618 0.025326496 0.185720921 0.015553191 0.102210157 0.108982794 0.088715851 -0.064308986 0.326101840 0.007244122 -0.014909538 -0.068278804 0.017328754 0.027434077 -0.006570779 -0.073712394 0.006409506 0.021906121 -0.006820199 0.019891936 -0.001918643 0.109792046 0.004152630 -0.063801289 -0.011295523 0.007599273 0.359183848 -0.067160152 0.324927807 0.034243036 0.345126748 -0.072495349
-0.005312054 0.002003945 -0.009750614 -0.069118097 0.002588660 0.030645154 -0.002691654 -0.073334433 0.184503555 0.025656264 0.185755953 0.015256572 0.102447189 0.109033279 0.088772774 -0.064922012 0.326489508 0.007040363 -0.014394810 -0.067478836 0.017417274 0.027897300 -0.006590239 -0.073609330 0.006428885 0.022253726 -0.006834680 0.019605640 -0.001951009 0.109848946 0.004144233 -0.064454839 -0.011394138 0.007428130 0.358504325 -0.067418270 0.324908525 0.034699194 0.345238060 -0.072429307
-0.005379612 0.001804444 -0.009589355 -0.068518430 0.002603811 0.031115415 -0.002692826 -0.073235430 0.184523553 0.025987355 0.185790896 0.014957711 0.102687836 0.109075755 0.088830099 -0.065535173 0.326869398 0.006837927 -0.013806961 -0.066749521 0.017505595 0.028364524 -0.006608304 -0.073501721 0.006448529 0.022602895 -0.006849155 0.019316509 -0.001983591 0.109897241 0.004135757 -0.065108389 -0.011489894 0.007251513 0.357759804 -0.067670792 0.324891061 0.035155822 0.345348865 -0.072358571
-0.005443506 0.001599096 -0.009366540 -0.067978591 0.002617782 0.031589534 -0.002693074 -0.073132440 0.184543610 0.026319835 0.185825706 0.014656683 0.102931276 0.109110393 0.088887863 -0.066148125 0.327238560 0.006636814 -0.013199084 -0.066129886 0.017593632 0.028835693 -0.006626344 -0.073390752 0.006468462 0.022953637 -0.006863580 0.019024594 -0.002016146 0.109937042 0.004127156 -0.065761961 -0.011580944 0.007067947 0.357000172 -0.067917593 0.324875474 0.035612963 0.345461607 -0.072283179
-0.005502391 0.001386659 -0.009085412 -0.067525148 0.002630515 0.032067381 -0.002693749 -0.073026583 0.184563741 0.026653782 0.185860410 0.014353560 0.103177071 0.109137341 0.088946134 -0.066760682 0.327594846 0.006437009 -0.012617022 -0.065650910 0.017681368 0.029310634 -0.006645597 -0.073277444 0.006488673 0.023305960 -0.006877949 0.018729949 -0.002048395 0.109968483 0.004118379 -0.066415504 -0.011666025 0.006876484 0.356271029 -0.068158589 0.324861676 0.036070645 0.345578343 -0.072203174
-0.005554718 0.001166245 -0.008755416 -0.067179672 0.002642013 0.032548729 -0.002696100 -0.072918750 0.184583962 0.026989264 0.185894921 0.014048404 0.103424996 0.109156720 0.089004941 -0.067372687 0.327937096 0.006238457 -0.012096617 -0.065334387 0.017768826 0.029789073 -0.006667115 -0.073162608 0.006509094 0.023659894 -0.006892336 0.018432651 -0.002080519 0.109991744 0.004109371 -0.067068890 -0.011744332 0.006676721 0.355611950 -0.068393745 0.324849546 0.036528897 0.345700711 -0.072118588
-0.005599491 0.000937550 -0.008392179 -0.066958271 0.002652329 0.033033259 -0.002701121 -0.072809607 0.184604287 0.027326358 0.185929194 0.013741277 0.103674956 0.109168604 0.089064352 -0.067984007 0.328265041 0.006041131 -0.011662358 -0.065192357 0.017856074 0.030270664 -0.006691742 -0.073046826 0.006529625 0.024015464 -0.006906746 0.018132778 -0.002112608 0.110006981 0.004100078 -0.067722052 -0.011815473 0.006468798 0.355055541 -0.068623036 0.324838877 0.036987752 0.345829874 -0.072029389
-0.005636415 0.000700874 -0.008016385 -0.066871263 0.002661558 0.033520579 -0.002709573 -0.072699592 0.184624761 0.027665127 0.185963243 0.013432245 0.103926912 0.109173037 0.089124396 -0.068594575 0.328579217 0.005845050 -0.011327548 -0.065227270 0.017943218 0.030755006 -0.006720078 -0.072930425 0.006550260 0.024372717 -0.006921179 0.017830411 -0.002144765 0.110014394 0.004090454 -0.068374902 -0.011879463 0.006253329 0.354626596 -0.068846457 0.324829400 0.037447251 0.345966339 -0.071935602
-0.005665649 0.000457003 -0.007651809 -0.066923045 0.002669830 0.034010265 -0.002721958 -0.072588913 0.184645414 0.028005632 0.185997069 0.013121386 0.104180947 0.109170064 0.089185111 -0.069204271 0.328880668 0.005650248 -0.011095546 -0.065432683 0.018030386 0.031241674 -0.006752463 -0.072813496 0.006570987 0.024731722 -0.006935638 0.017525639 -0.002177109 0.110014156 0.004080461 -0.069027379 -0.011936465 0.006031350 0.354341805 -0.069064006 0.324820817 0.037907422 0.346110255 -0.071837276
-0.005698570 0.027088322 -0.007329454 -0.096119292 0.002675650 0.059654012 -0.002740679 -0.099904113 0.184683278 0.053438269 0.186038584 -0.013829160 0.104448482 0.141269326 0.089263856 -0.098515153 0.329181701 0.033759065 -0.010941908 -0.097635664 0.018107073 0.053330231 -0.006784971 -0.101382025 0.006580339 0.046942461 -0.006952286 -0.010106142 -0.002204675 0.141366363 0.004054992 -0.095063359 -0.011972563 0.036313124 0.354204267 -0.096529968 0.324833930 0.065094195 0.346268982 -0.099354237
-0.005753117 0.077417456 -0.007074223 -0.151155815 0.002674580 0.108505875 -0.002760406 -0.151368394 0.184746593 0.101958334 0.186106727 -0.064542308 0.104617909 0.201450169 0.089374907 -0.154047042 0.329476863 0.086706296 -0.010836847 -0.158062637 0.018163277 0.095483944 -0.006806698 -0.155196965 0.006565156 0.089475878 -0.006960660 -0.062170502 -0.002332980 0.200212285 0.004003996 -0.144541964 -0.011982271 0.093380161 0.354215592 -0.148149595 0.324886054 0.116800472 0.346458405 -0.151142567
-0.005839925 0.147756428 -0.006904361 -0.228092283 0.002663466 0.178049207 -0.002776484 -0.223169461 0.184832305 0.170761347 0.186222836 -0.135580868 0.104526512 0.285058230 0.089647837 -0.232659414 0.329758376 0.160474837 -0.010754799 -0.242236480 0.018193537 0.155662701 -0.006807455 -0.230258971 0.006516689 0.150065139 -0.006942568 -0.135213539 -0.002644223 0.282083601 0.004038381 -0.214951321 -0.011959733 0.172924340 0.354375422 -0.220230624 0.324994326 0.190203726 0.346696675 -0.223314166
-0.005964701 0.234093338 -0.006836059 -0.313859820 0.002637192 0.265326887 -0.002784796 -0.309483975 0.184928581 0.256534189 0.186402634 -0.223124728 0.104386233 0.364496201 0.090262525 -0.317919493 0.330021888 0.250704825 -0.010678696 -0.326432437 0.018197535 0.231434375 -0.006782355 -0.315785766 0.006418744 0.225985825 -0.006893553 -0.225396067 -0.002913997 0.361852080 0.004283907 -0.302178949 -0.011917927 0.264821619 0.354679137 -0.306871682 0.325177163 0.280181110 0.347002655 -0.309612602
-0.006165421 0.319194078 -0.006874227 -0.390097618 0.002594274 0.346957237 -0.002787473 -0.386207968 0.185025498 0.339141488 0.186653271 -0.309444219 0.104268469 0.435107738 0.091189466 -0.393706203 0.330226004 0.333959848 -0.010597357 -0.401273280 0.018178174 0.316830546 -0.006736369 -0.391809553 0.006259308 0.311987400 -0.006829121 -0.311463177 -0.003132601 0.432757407 0.004679993 -0.379714638 -0.011911894 0.346508116 0.355108798 -0.383885920 0.325447530 0.360160977 0.347384870 -0.386322320
-0.006488844 0.394839197 -0.007012170 -0.457864553 0.002531950 0.419517547 -0.002791358 -0.454407096 0.185118943 0.412570208 0.186969370 -0.386172622 0.104164980 0.497873545 0.092385471 -0.461072177 0.330348879 0.407964319 -0.010508263 -0.467798471 0.018132111 0.392738283 -0.006679526 -0.459386289 0.006030887 0.388433248 -0.006772244 -0.387967259 -0.003295944 0.495784372 0.005105051 -0.448635221 -0.011971124 0.419118315 0.355646789 -0.452343047 0.325418413 0.431254208 0.347846299 -0.454508722
-0.006946014 0.462079287 -0.007238450 -0.518101811 0.002048137 0.484015584 -0.002801034 -0.515028536 0.185208455 0.477840185 0.187345102 -0.454375654 0.104072526 0.553665400 0.093839630 -0.520953059 0.330377370 0.473746061 -0.010416633 -0.526931942 0.018821714 0.460211784 -0.006623478 -0.519454479 0.005743826 0.456385106 -0.006739236 -0.455970913 -0.003405036 0.551808357 0.005432260 -0.509898007 -0.012112947 0.483660728 0.356270671 -0.513193846 0.324852496 0.494448185 0.348395050 -0.515118837
-0.007542537 0.521848261 -0.007535638 -0.571646035 0.000947184 0.541347206 -0.002821763 -0.568914235 0.185292363 0.535857975 0.187775940 -0.515000582 0.103992112 0.603258133 0.095502302 -0.574180484 0.330298096 0.532218695 -0.010326117 -0.579495072 0.020651044 0.520188272 -0.006581514 -0.572848439 0.005420086 0.516786754 -0.006749543 -0.516418576 -0.003465204 0.601607382 0.005572247 -0.564353764 -0.012356768 0.541031778 0.356956273 -0.567283392 0.323790640 0.550620615 0.349033266 -0.568994522
-0.008236240 0.574976206 -0.007879917 -0.619240940 -0.000625691 0.592308640 -0.002860921 -0.616812646 0.185374722 0.587429285 0.188257962 -0.568889439 0.103928119 0.647340536 0.097331047 -0.621493757 0.330103844 0.584194422 -0.010240194 -0.626217842 0.023417752 0.573500693 -0.006565765 -0.620309711 0.005083336 0.570477128 -0.006818035 -0.570149839 -0.003485121 0.645873249 0.005500045 -0.612758875 -0.012689978 0.592028260 0.357678086 -0.615363002 0.322253585 0.600551665 0.349760234 -0.616884053
-0.008986102 0.622201085 -0.008249384 -0.661547482 -0.002508166 0.637607634 -0.002920810 -0.659389019 0.185450956 0.633270502 0.188785911 -0.616790593 0.103887230 0.686524928 0.099304080 -0.663550019 0.329790562 0.630395055 -0.010164722 -0.667749226 0.026930561 0.620889485 -0.006582060 -0.662497520 0.004751977 0.618201911 -0.006950946 -0.617910981 -0.003475731 0.685220659 0.005209171 -0.655785680 -0.013078780 0.637358427 0.358411372 -0.658100486 0.320249647 0.644934773 0.350571632 -0.659452498
-0.009718344 0.664178729 -0.008621366 -0.699153364 -0.004531793 0.677873492 -0.002999858 -0.697234690 0.185517877 0.674018204 0.189348251 -0.659369409 0.103877403 0.721355498 0.101397015 -0.700933337 0.329344153 0.671462238 -0.010100989 -0.704665959 0.031015700 0.663012862 -0.006631167 -0.699997783 0.004439212 0.660623908 -0.007141564 -0.660365283 -0.003449170 0.720196128 0.004703467 -0.694031715 -0.013495210 0.677651942 0.359134227 -0.696089327 0.317778736 0.684386492 0.351458102 -0.697291076
-0.010393213 0.701492190 -0.008973523 -0.732580721 -0.006536092 0.713665307 -0.003097079 -0.730875313 0.185572892 0.710238397 0.189934134 -0.697217286 0.103906855 0.752315998 0.103566602 -0.734162986 0.328757942 0.707966447 -0.010046560 -0.737480819 0.035518914 0.700455904 -0.006710919 -0.733331382 0.004153386 0.698332369 -0.007376559 -0.698102474 -0.003417740 0.751285434 0.004009014 -0.728028178 -0.013897495 0.713468373 0.359825224 -0.729857147 0.314842373 0.719454646 0.352410346 -0.730925441
-0.011001132 0.734659731 -0.009288697 -0.762293994 -0.008383056 0.745480299 -0.003210322 -0.760778010 0.185617805 0.742434144 0.190535560 -0.730859756 0.103983186 0.779836416 0.105770670 -0.763700426 0.328019142 0.740414619 -0.009994955 -0.766649663 0.040311508 0.733738601 -0.006816037 -0.762961209 0.003895798 0.731850982 -0.007644126 -0.731646657 -0.003393007 0.778920412 0.003166920 -0.758247256 -0.014266797 0.745305240 0.360465288 -0.759873033 0.311451107 0.750626385 0.353419662 -0.760822594
-0.011518486 0.764141977 -0.009553256 -0.788705766 -0.009963956 0.773760259 -0.003337225 -0.787358224 0.185656041 0.771052539 0.191142559 -0.760764241 0.104112670 0.804299057 0.107961960 -0.789955914 0.327131420 0.769257426 -0.009938523 -0.792577446 0.045288879 0.763323188 -0.006939468 -0.789298832 0.003665497 0.761645317 -0.007931603 -0.761463702 -0.003385073 0.803484797 0.002235406 -0.785108685 -0.014577474 0.773604631 0.361040413 -0.786553800 0.307624996 0.778334558 0.354475290 -0.787397861
-0.011942723 0.790348470 -0.009759475 -0.812182903 -0.011200785 0.798897982 -0.003475768 -0.810985088 0.185691729 0.796491146 0.191745192 -0.787346005 0.104299672 0.826043606 0.110096820 -0.813294172 0.326101691 0.794895530 -0.009867918 -0.815624416 0.050369434 0.789620578 -0.007075309 -0.812710106 0.003460233 0.788129151 -0.008223341 -0.787967741 -0.003402031 0.825319827 0.001269481 -0.808985531 -0.014805392 0.798759699 0.361541152 -0.810270071 0.303394824 0.802964032 0.355566233 -0.811020315
-0.012272673 0.813643038 -0.009905614 -0.833051503 -0.012049138 0.821242690 -0.003624186 -0.831986785 0.185730472 0.819103241 0.192333162 -0.810974240 0.104546398 0.845372081 0.112135164 -0.834039271 0.324943304 0.817684889 -0.009773364 -0.836110592 0.055495247 0.812996089 -0.007217003 -0.833520114 0.003274282 0.811670363 -0.008506550 -0.811526895 -0.003449631 0.844728768 0.000315668 -0.830209315 -0.014937412 0.821119726 0.361962825 -0.831351161 0.298802048 0.824856937 0.356681824 -0.832018077
-0.012510837 0.834349394 -0.009992959 -0.851601303 -0.012498386 0.841104567 -0.003780769 -0.850654900 0.185779586 0.839202881 0.192897454 -0.831977069 0.104852684 0.862553000 0.114042930 -0.852479339 0.323673218 0.837942123 -0.009644289 -0.854320526 0.060629714 0.833774328 -0.007358800 -0.852017879 0.003101201 0.832595885 -0.008774268 -0.832468331 -0.003531148 0.861981094 -0.000587569 -0.849074960 -0.014967670 0.840995312 0.362305194 -0.850089908 0.293898761 0.844317257 0.357810795 -0.850682735
-0.012666842 0.852755010 -0.010025837 -0.868090034 -0.012568871 0.858759642 -0.003943017 -0.867248774 0.185846508 0.857069254 0.193430960 -0.850646317 0.105216101 0.877824843 0.115792595 -0.868870497 0.322312832 0.855948567 -0.009471989 -0.870507121 0.065753631 0.852243841 -0.007495285 -0.868460298 0.002934451 0.851196349 -0.009020685 -0.851082981 -0.003647424 0.877316535 -0.001409076 -0.865844429 -0.014895161 0.858662486 0.362571478 -0.866746604 0.288743854 0.861615360 0.358942449 -0.867273510
-0.012750107 0.869115591 -0.010010810 -0.882746696 -0.012305703 0.874453008 -0.004107163 -0.881998956 0.185937539 0.872950435 0.193927884 -0.867241144 0.105632149 0.891399860 0.117366567 -0.883440435 0.320890397 0.871954262 -0.009250342 -0.884895205 0.070859812 0.868661165 -0.007621790 -0.883075833 0.002767180 0.867730081 -0.009240939 -0.867629290 -0.003797077 0.890948057 -0.002125489 -0.880750597 -0.014724574 0.874366641 0.362768263 -0.881552517 0.283401430 0.876991391 0.360067427 -0.882020891
-0.012774060 0.883658290 -0.009955486 -0.895774841 -0.011772254 0.888402700 -0.004268613 -0.895110190 0.186059520 0.887067080 0.194387034 -0.881992161 0.106094554 0.903466582 0.118760176 -0.896391511 0.319437891 0.886181593 -0.008976053 -0.897684634 0.075950697 0.883254409 -0.007735520 -0.896067381 0.002592484 0.882426739 -0.009432471 -0.882337153 -0.003976824 0.903064907 -0.002722514 -0.894000530 -0.014465606 0.888325930 0.362904757 -0.894713342 0.277938306 0.890659034 0.361177564 -0.895129681
-0.012752130 0.896585107 -0.009867781 -0.907355428 -0.011043812 0.900802374 -0.004423436 -0.906764567 0.186218008 0.899615169 0.194808781 -0.895104110 0.106595732 0.914192498 0.119975187 -0.907903552 0.317987829 0.898828089 -0.008649487 -0.909053028 0.081034772 0.896226108 -0.007834126 -0.907615483 0.002403679 0.895490408 -0.009594564 -0.895410776 -0.004181894 0.913835466 -0.003196879 -0.905778229 -0.014133647 0.900734186 0.362991810 -0.906411886 0.272420377 0.902808011 0.362266541 -0.906781971
-0.012696913 0.908075690 -0.009754689 -0.917649269 -0.010199971 0.911824346 -0.004567807 -0.917124093 0.186416626 0.910769045 0.195194528 -0.906759202 0.107127197 0.923726678 0.121021941 -0.918136537 0.316572249 0.910069406 -0.008274587 -0.919158220 0.086121500 0.907756567 -0.007915985 -0.917880416 0.002195715 0.907102585 -0.009728059 -0.907031834 -0.004406482 0.923409343 -0.003553525 -0.916247308 -0.013748619 0.911763668 0.363042116 -0.916810572 0.266909868 0.913607121 0.363329738 -0.917139530
-0.012621274 0.918289483 -0.009622116 -0.926799357 -0.009318454 0.921621621 -0.004698458 -0.926332533 0.186657116 0.920683563 0.195547059 -0.917119324 0.107680082 0.932201505 0.121919066 -0.927232444 0.315222353 0.920061707 -0.007858319 -0.928140640 0.091219425 0.918005824 -0.007981038 -0.927004814 0.001964918 0.917424560 -0.009835492 -0.917361617 -0.004644223 0.931919396 -0.003805371 -0.925553203 -0.013331223 0.921567738 0.363069177 -0.926053822 0.261463165 0.923206329 0.364364058 -0.926346242
-0.012534874 0.927368462 -0.009475289 -0.934932768 -0.008469935 0.930330336 -0.004812867 -0.934517801 0.186938256 0.929496527 0.195870072 -0.926328301 0.108245544 0.939734638 0.122691378 -0.935317755 0.313965589 0.928943694 -0.007409950 -0.936125040 0.096333809 0.927116275 -0.008029894 -0.935115397 0.001709760 0.926599622 -0.009920886 -0.926543653 -0.004888634 0.939483881 -0.003973514 -0.933825076 -0.012904111 0.930282414 0.363086611 -0.934270084 0.256128937 0.931738973 0.365367889 -0.934529960
-0.012447035 0.935438633 -0.009318586 -0.942162454 -0.007713763 0.938071430 -0.004909473 -0.941793621 0.187256902 0.937330246 0.196168453 -0.934514046 0.108815178 0.946430802 0.123365633 -0.942504644 0.312824756 0.936838865 -0.006940179 -0.943222225 0.101465113 0.935214460 -0.008063720 -0.942324817 0.001431186 0.934755206 -0.009988759 -0.934705496 -0.005133523 0.946207941 -0.004079851 -0.941177845 -0.012487651 0.938028812 0.363107622 -0.941573381 0.250946850 0.939323545 0.366341412 -0.941804409
-0.012366756 0.942612112 -0.009155659 -0.948588848 -0.007095187 0.944952369 -0.004988013 -0.948260963 0.187608883 0.944293559 0.196448430 -0.941790223 0.109381370 0.952382922 0.123969972 -0.948893011 0.311819106 0.943856776 -0.006460375 -0.949530900 0.106607735 0.942412853 -0.008084306 -0.948733151 0.001131397 0.942004621 -0.010043165 -0.941960454 -0.005373318 0.952184796 -0.004147474 -0.947713614 -0.012098286 0.944914520 0.363144398 -0.948065221 0.245947242 0.946065366 0.367285937 -0.948270619
-0.012298564 0.948988557 -0.008989558 -0.954301178 -0.006643829 0.951068759 -0.005049119 -0.954009771 0.187989131 0.950483143 0.196716323 -0.948257983 0.109937504 0.957673728 0.124531351 -0.954571605 0.310962230 0.950094879 -0.005981244 -0.955138564 0.111749962 0.948811412 -0.008093668 -0.954429448 0.000813856 0.948448539 -0.010088102 -0.948409259 -0.005603299 0.957497597 -0.004197166 -0.953523219 -0.011750082 0.951035142 0.363207519 -0.953835785 0.241151556 0.952058077 0.368203521 -0.954018295
-0.012247657 0.954656482 -0.008822816 -0.959378839 -0.006373525 0.956505597 -0.005094362 -0.959119797 0.188391224 0.955985010 0.196978256 -0.954007089 0.110478140 0.962376654 0.125078291 -0.959619164 0.310262263 0.955639899 -0.005512818 -0.960123181 0.116874442 0.954499066 -0.008093910 -0.959492862 0.000483092 0.954176486 -0.010127419 -0.954141557 -0.005819782 0.962220073 -0.004247781 -0.958687305 -0.011451908 0.956475675 0.363306254 -0.958965123 0.236572042 0.957385004 0.369096845 -0.959127367
-0.012221328 0.959694624 -0.008658404 -0.963892281 -0.006283527 0.961338282 -0.005126149 -0.963662028 0.188808754 0.960875571 0.197240353 -0.959117413 0.110999130 0.966557026 0.125632107 -0.964105964 0.309722930 0.960568786 -0.005063900 -0.964553952 0.121959239 0.959554732 -0.008087196 -0.963993669 0.000143914 0.959267974 -0.010164630 -0.959236979 -0.006020225 0.966417849 -0.004314842 -0.963277578 -0.011212244 0.961311698 0.363447905 -0.963524580 0.232213378 0.962119997 0.369968832 -0.963668823
-0.012225569 0.964173019 -0.008499617 -0.967904270 -0.006360522 0.965634048 -0.005147532 -0.967699587 0.189235315 0.965222716 0.197508171 -0.963659942 0.111497596 0.970272899 0.126210794 -0.968094170 0.309344053 0.964950025 -0.004641284 -0.968492389 0.126978844 0.964048624 -0.008075541 -0.967994332 -0.000198771 0.963793755 -0.010202723 -0.963766158 -0.006203241 0.970149219 -0.004409843 -0.967357874 -0.011033614 0.965610385 0.363637388 -0.967577398 0.228074193 0.966328859 0.370822459 -0.967705607
-0.012265253 0.968153775 -0.008349850 -0.971470475 -0.006581166 0.969452500 -0.005161935 -0.971288502 0.189664796 0.969086885 0.197786331 -0.967697740 0.111971915 0.973575890 0.126829877 -0.971639276 0.309120387 0.968844473 -0.004249620 -0.971993208 0.131905198 0.968043208 -0.008061083 -0.971550524 -0.000540330 0.967816710 -0.010244070 -0.967792153 -0.006368549 0.973465979 -0.004540395 -0.970984757 -0.010912341 0.969431460 0.363877296 -0.971179903 0.224148437 0.970070124 0.371660709 -0.971293867
-0.012346185 0.971692264 -0.008212241 -0.974640429 -0.006915114 0.972846627 -0.005172886 -0.974478662 0.190091833 0.972521663 0.198078468 -0.971286833 0.112421565 0.976511896 0.127500325 -0.974790454 0.309042215 0.972306192 -0.003891352 -0.975105107 0.136710033 0.971593976 -0.008045727 -0.974711597 -0.000876584 0.971392632 -0.010290502 -0.971370816 -0.006516856 0.976414204 -0.004710521 -0.974208713 -0.010843884 0.972827971 0.364168048 -0.974382102 0.220427036 0.973395646 0.372485757 -0.974483430
-0.012469875 0.974837542 -0.008089483 -0.977458119 -0.007328039 0.975863695 -0.005184042 -0.977314353 0.190511882 0.975574791 0.198387578 -0.974477232 0.112846963 0.979121685 0.128229588 -0.977591515 0.309094369 0.975383282 -0.003567060 -0.977871180 0.141366109 0.974750221 -0.008031253 -0.977521420 -0.001204053 0.974571228 -0.010342818 -0.974551857 -0.006649701 0.979034841 -0.004920598 -0.977074385 -0.010822295 0.975847065 0.364508033 -0.977228582 0.216898844 0.976351678 0.373299301 -0.977318585
-0.012635355 0.977633417 -0.007984187 -0.979962766 -0.007784286 0.978545487 -0.005198631 -0.979835033 0.190921322 0.978288710 0.198715508 -0.977313101 0.113249280 0.981441498 0.129021496 -0.980081320 0.309259444 0.978118479 -0.003275674 -0.980329931 0.145848379 0.977555752 -0.008019339 -0.980019033 -0.001520050 0.977396607 -0.010400801 -0.977379382 -0.006769266 0.981364310 -0.005168205 -0.979621708 -0.010840584 0.978530765 0.364893854 -0.979758739 0.213551879 0.978979290 0.374102384 -0.979838789
-0.012840141 0.980118573 -0.007899106 -0.982189178 -0.008249694 0.980929315 -0.005218897 -0.982075572 0.191317454 0.980701089 0.199062809 -0.979833841 0.113630235 0.983503580 0.129876435 -0.982294559 0.309519351 0.980549753 -0.003014967 -0.982515514 0.150134876 0.980049551 -0.008011556 -0.982239127 -0.001822940 0.979908109 -0.010464528 -0.979892790 -0.006878170 0.983434916 -0.005448949 -0.981885910 -0.010891394 0.980916202 0.365320563 -0.982007742 0.210374936 0.981314898 0.374895364 -0.982078910
-0.013077766 0.982327640 -0.007836093 -0.984168112 -0.008693687 0.983048320 -0.005246338 -0.984067142 0.191698611 0.982845426 0.199429154 -0.982074559 0.113991857 0.985336483 0.130792037 -0.984261811 0.309854716 0.982710898 -0.002781870 -0.984458208 0.154207408 0.982266247 -0.008009129 -0.984212577 -0.002112154 0.982140541 -0.010533963 -0.982126951 -0.006979268 0.985275507 -0.005757119 -0.983898640 -0.010967513 0.983036637 0.365781665 -0.984006882 0.207358450 0.983391047 0.375677705 -0.984070122
-0.013341736 0.984291196 -0.007796041 -0.985927224 -0.009090818 0.984931827 -0.005281810 -0.985837460 0.192063957 0.984751463 0.199812934 -0.984066248 0.114336297 0.986965775 0.131763205 -0.986010492 0.310246110 0.984631896 -0.002572801 -0.986185074 0.158051863 0.984236658 -0.008012946 -0.985966742 -0.002387984 0.984124959 -0.010608803 -0.984112859 -0.007075453 0.986911535 -0.006086892 -0.985687673 -0.011061667 0.984921455 0.366269380 -0.985783875 0.204495221 0.985236466 0.376448303 -0.985840142
-0.013625693 0.986036658 -0.007778988 -0.987490892 -0.009422040 0.986606061 -0.005325568 -0.987411082 0.192413479 0.986445785 0.200211987 -0.985836685 0.114665650 0.988414049 0.132782608 -0.987564862 0.310675204 0.986339509 -0.002384093 -0.987720072 0.161658317 0.985988140 -0.008023498 -0.987526000 -0.002651538 0.985888839 -0.010688562 -0.985878050 -0.007169488 0.988365829 -0.006432405 -0.987277925 -0.011166939 0.986596823 0.366774946 -0.987363458 0.201780632 0.986876845 0.377205282 -0.987413466
-0.013923213 0.987588108 -0.007783820 -0.988880754 -0.009674911 0.988094270 -0.005377299 -0.988809884 0.192747772 0.987951756 0.200623855 -0.987410367 0.114981808 0.989701390 0.133841679 -0.988946557 0.311123550 0.987857342 -0.002212149 -0.989084542 0.165020928 0.987545013 -0.008040850 -0.988911986 -0.002904459 0.987456739 -0.010772692 -0.987447202 -0.007263857 0.989658535 -0.006789209 -0.988691509 -0.011276742 0.988086104 0.367289126 -0.988767505 0.199212685 0.988335013 0.377946049 -0.988811970
-0.014227367 0.988967240 -0.007808533 -0.990116239 -0.009843288 0.989417136 -0.005436294 -0.990053236 0.193067908 0.989290476 0.201046079 -0.988809228 0.115286328 0.990845680 0.134932280 -0.990174711 0.311574697 0.989206493 -0.002053708 -0.990297377 0.168137521 0.988928914 -0.008064785 -0.990144014 -0.003148768 0.988850415 -0.010861220 -0.988841951 -0.007360657 0.990807593 -0.007152363 -0.989947975 -0.011383926 0.989409864 0.367802262 -0.990015566 0.196791887 0.989631116 0.378667325 -0.990055084
-0.014531080 0.990193069 -0.007850245 -0.991214454 -0.009927304 0.990593016 -0.005501381 -0.991158426 0.193375185 0.990480423 0.201475680 -0.990052640 0.115580358 0.991862774 0.136045963 -0.991266429 0.312014461 0.990405798 -0.001905879 -0.991375446 0.171009123 0.990159035 -0.008094749 -0.991239071 -0.003386725 0.990089297 -0.010954550 -0.990081728 -0.007461519 0.991828918 -0.007519243 -0.991064847 -0.011483085 0.990586519 0.368304759 -0.991124988 0.194520742 0.990783215 0.379365385 -0.991160035
-0.014828715 0.991282761 -0.007905257 -0.992190599 -0.009932356 0.991638243 -0.005571170 -0.992140830 0.193670914 0.991538167 0.201909795 -0.991157889 0.115864597 0.992766917 0.137172461 -0.992236793 0.312430471 0.991471827 -0.001766141 -0.992333710 0.173639342 0.991252482 -0.008129829 -0.992212534 -0.003620628 0.991190493 -0.011051963 -0.991183758 -0.007567567 0.992736816 -0.007886715 -0.992057681 -0.011571391 0.991632462 0.368787378 -0.992111087 0.192403719 0.991807282 0.380036265 -0.992142260
-0.015115021 0.992251337 -0.007969433 -0.993058324 -0.009867889 0.992567301 -0.005644123 -0.993014038 0.193956375 0.992478371 0.202345818 -0.992140353 0.116139270 0.993570626 0.138301656 -0.993099391 0.312810987 0.992419362 -0.001632444 -0.993185520 0.176033810 0.992224395 -0.008168763 -0.993077815 -0.003852693 0.992169321 -0.011152589 -0.992163360 -0.007679414 0.993543863 -0.008251482 -0.992940128 -0.011648177 0.992562175 0.369241178 -0.992987633 0.190446481 0.992717624 0.380675852 -0.993015349
-0.015383919 0.993112266 -0.008038517 -0.993829608 -0.009746652 0.993393183 -0.005718837 -0.993790269 0.194232628 0.993314087 0.202780098 -0.993013620 0.116404161 0.994284987 0.139425054 -0.993866146 0.313145548 0.993261695 -0.001503196 -0.993942678 0.178199336 0.993088365 -0.008210115 -0.993846953 -0.004084908 0.993039370 -0.011256216 -0.993034065 -0.007797180 0.994261205 -0.008610944 -0.993724585 -0.011713146 0.993388653 0.369657874 -0.982184470 0.188655481 0.993526757 0.381280273 -0.993791401
-0.015632190 0.993877590 -0.008108613 -0.994515240 -0.009583157 0.994127274 -0.005794032 -0.994480252 0.194500446 0.994057000 0.203208059 -0.993789911 0.116658635 0.994920015 0.140535533 -0.994547665 0.313424200 0.987501025 -0.001377183 -0.994615734 0.180143267 0.993856311 -0.008252280 -0.994530618 -0.004318965 0.993812799 -0.011362331 -0.993808091 -0.007920537 0.994898856 -0.008965626 -0.994421840 -0.011765437 0.994123220 0.370034248 -0.949299932 0.187037095 0.994246006 0.381845802 -0.994481266
-0.015858164 0.982775509 -0.008176639 -0.995124638 -0.009392556 0.994779766 -0.005868622 -0.995093524 0.195028022 0.994717300 0.203625783 -0.994479895 0.116901740 0.995484412 0.141626909 -0.995153487 0.313650429 0.960084677 -0.001253201 -0.995213985 0.181872815 0.994538963 -0.008293807 -0.995138347 -0.004556110 0.994500279 -0.011470372 -0.994496047 -0.008048781 0.995465636 -0.009315194 -0.995041668 -0.011804394 0.994776189 0.370372713 -0.897291362 0.185597256 0.994885325 0.382368982 -0.992097437
-0.016042383 0.950598121 -0.008240501 -0.973078251 -0.009189656 0.995359838 -0.005941638 -0.988927782 0.195531443 0.995304286 0.204029694 -0.995093286 0.117132232 0.995986164 0.142693162 -0.995692015 0.313854605 0.913736045 -0.001129722 -0.995745778 0.183394909 0.995145738 -0.008333364 -0.995678484 -0.004797135 0.995111346 -0.011579905 -0.995107591 -0.008180906 0.995969474 -0.009659497 -0.995592594 -0.011827708 0.995356619 0.370676011 -0.829614818 0.184340984 0.995453656 0.382847100 -0.966270387
-0.016152740 0.900221229 -0.008290470 -0.928393424 -0.008987900 0.995875359 -0.006010890 -0.959319413 0.195991203 0.995826006 0.204416305 -0.995638430 0.117348693 0.996432126 0.143729106 -0.996170640 0.314068049 0.851687968 -0.001004436 -0.976230085 0.184715912 0.995685101 -0.008369529 -0.996158659 -0.005042525 0.995654523 -0.011690102 -0.995651186 -0.008315694 0.996417284 -0.009999285 -0.996082306 -0.011830446 0.995872557 0.370946676 -0.750028789 0.183272198 0.995958805 0.383279473 -0.919832110
-0.016165083 0.834982157 -0.008315331 -0.864645779 -0.008798889 0.996333659 -0.006071089 -0.909278512 0.196412101 0.996289790 0.204782322 -0.996123075 0.117549613 0.996828556 0.144730031 -0.996596158 0.314324677 0.777490377 -0.000865905 -0.932619810 0.185841098 0.996164560 -0.008400204 -0.978294373 -0.005292319 0.996137321 -0.011800047 -0.996134400 -0.008451799 0.996815383 -0.010335538 -0.996517599 -0.011803990 0.979492724 0.371184379 -0.662404299 0.182393506 0.996407807 0.383666128 -0.856185496
-0.016063867 0.758488774 -0.008306178 -0.785836756 -0.008631866 0.996741056 -0.006119194 -0.842357993 0.196800545 0.996702015 0.205124512 -0.996553838 0.117733464 0.997180939 0.145691574 -0.996974349 0.314638466 0.694835365 -0.000700084 -0.868638396 0.186774522 0.996590674 -0.008419314 -0.937290013 -0.005546103 0.974788964 -0.011908776 -0.996563911 -0.008587835 0.997169197 -0.010669242 -0.996904492 -0.011712512 0.940468550 0.371381968 -0.570553184 0.181706071 0.996806920 0.384007514 -0.779101133
-0.015852168 0.674439847 -0.008253768 -0.696182370 -0.008493420 0.997103155 -0.006156384 -0.762445986 0.197161272 0.987952113 0.205439776 -0.996936738 0.117898777 0.997494161 0.146609426 -0.997310519 0.315014035 0.607388616 -0.000491543 -0.788469374 0.187518939 0.996969521 -0.008418535 -0.876646757 -0.005790883 0.931967735 -0.012015381 -0.996945679 -0.008722455 0.997483730 -0.011000991 -0.997248471 -0.011508141 0.882199585 0.371526301 -0.478076607 0.181209624 0.997161746 0.384303123 -0.692519605
-0.015552226 0.586466730 -0.008153267 -0.599915385 -0.008387417 0.997425020 -0.006187278 -0.673570275 0.197500736 0.954610705 0.205725119 -0.997277081 0.118044190 0.997772634 0.147479624 -0.997609377 0.315484464 0.518633842 -0.000230420 -0.696533084 0.188076004 0.997306228 -0.008391694 -0.800317705 -0.006013826 0.871055067 -0.012119114 -0.997285068 -0.008854414 0.997763336 -0.011331033 -0.997554183 -0.011157423 0.808521092 0.371612281 -0.388242424 0.180902213 0.997477114 0.384555459 -0.600372672
-0.015161773 0.497979224 -0.008007061 -0.501107395 -0.008315093 0.997711122 -0.006212431 -0.579713881 0.197829947 0.900048852 0.205977559 -0.987329841 0.118168533 0.998020113 0.148298323 -0.997874975 0.316084653 0.431750804 0.000090371 -0.597279668 0.188446462 0.997605562 -0.008341859 -0.712493479 -0.005970212 0.795361459 -0.012218894 -0.997586727 -0.008982623 0.998011827 -0.011659828 -0.997825921 -0.010640311 0.723497093 0.371648371 -0.303885698 0.180779979 0.997757435 0.384768128 -0.506420851
-0.014706368 0.412058592 -0.007832523 -0.403514951 -0.008275483 0.997965455 -0.006231629 -0.484658808 0.198172584 0.828168154 0.206199199 -0.953048289 0.118270822 0.998240113 0.149060100 -0.998111069 0.316815019 0.349527776 0.000468853 -0.494999915 0.188630134 0.997871578 -0.008274096 -0.617404282 -0.005940631 0.709254801 -0.012314038 -0.997854888 -0.009106188 0.998232782 -0.011988494 -0.998067498 -0.009960190 0.631228268 0.371647567 -0.227338716 0.180839032 0.998006582 0.384945691 -0.414117903
-0.014254055 0.331383497 -0.007654470 -0.310463905 -0.008265788 0.998191535 -0.006242791 -0.391849548 0.198548242 0.743182778 0.206399277 -0.897763789 0.118350305 0.998435616 0.149760127 -0.998320997 0.317666590 0.274291962 0.000888274 -0.393664747 0.188626215 0.998108089 -0.008190268 -0.519140482 -0.005950428 0.616870761 -0.012403697 -0.998093247 -0.009224437 0.998429120 -0.012319070 -0.998282254 -0.009122631 0.535677671 0.371622890 -0.160387471 0.181074604 0.998228073 0.385093331 -0.326502144
-0.013852735 0.258145601 -0.007484984 -0.224763244 -0.008281464 0.998392463 -0.006248225 -0.304291397 0.198972166 0.649410605 0.206586123 -0.825338364 0.118406475 0.998609424 0.150394350 -0.998507559 0.318650067 0.207854390 0.001315508 -0.296798557 0.188433468 0.998318315 -0.008090971 -0.421501458 -0.005998144 0.522131205 -0.012485432 -0.984019041 -0.009336927 0.998603642 -0.012657372 -0.998473108 -0.008135830 0.440519571 0.371587634 -0.104259253 0.181481227 0.998424947 0.385213464 -0.246114790
-0.013522305 0.194017723 -0.007330030 -0.148643404 -0.008316765 0.998571098 -0.006249771 -0.224471778 0.199458376 0.551086605 0.206766918 -0.739949286 0.118439041 0.990269065 0.150958419 -0.998673379 0.319777787 0.151491120 0.001728662 -0.207389593 0.188050434 0.998505175 -0.007982427 -0.327871203 -0.006084362 0.428644031 -0.012546062 -0.944458067 -0.009443238 0.998758793 -0.013004386 -0.998642743 -0.007087212 0.349045217 0.371557236 -0.059632044 0.182053104 0.998599946 0.385310560 -0.174949422
-0.013286846 0.140149370 -0.007190839 -0.083730720 -0.008365275 0.998729825 -0.006246942 -0.154318348 0.200007543 0.452204108 0.206943169 -0.645880282 0.118447721 0.955456555 0.151449308 -0.998820782 0.321048766 0.105957799 0.002112410 -0.127824485 0.187475562 0.998671234 -0.007873400 -0.241125345 -0.006207220 0.339593053 -0.012565858 -0.883157790 -0.009542261 0.980370343 -0.013357610 -0.998793542 -0.006071675 0.264059186 0.371545404 -0.026663128 0.182784259 0.998755515 0.385392934 -0.114433505
-0.013144510 0.097169787 -0.007066173 -0.031045103 -0.008420388 0.998870969 -0.006243147 -0.095179327 0.200611994 0.356370538 0.207109585 -0.547332048 0.118432097 0.897867620 0.151865989 -0.998951793 0.322474420 0.071504116 0.002457886 -0.059858911 0.186707646 0.998818874 -0.007770645 -0.163570628 -0.006369227 0.257652521 -0.012530552 -0.804373562 -0.009631996 0.936681569 -0.013713486 -0.998927593 -0.005166797 0.187819064 0.371563315 -0.005036585 0.183668718 0.998893797 0.385466427 -0.065428406
-0.013080146 0.065218695 -0.006952982 0.008977632 -0.008475684 0.998996437 -0.006240798 -0.047832046 0.201263607 0.266698092 0.207254529 -0.448258460 0.118391722 0.821742296 0.152206197 -0.999068260 0.324065596 0.047922645 0.002761007 -0.004613507 0.185746133 0.998950124 -0.007683390 -0.096914820 -0.006573051 0.184940130 -0.012433221 -0.712635994 -0.009709750 0.871638060 -0.014067278 -0.999046743 -0.004449508 0.122010522 0.371620208 0.005973756 0.184700772 0.999016702 0.385536045 -0.028253179
-0.013077130 0.043994103 -0.006853511 0.036444008 -0.008525378 0.999107897 -0.006242218 -0.012509632 0.201944798 0.185730264 0.207375348 -0.352234185 0.118326351 0.731631517 0.152468532 -0.984009564 0.325824469 0.034605343 0.003019142 0.037405953 0.184591144 0.999066770 -0.007619469 -0.042260882 -0.006815157 0.122991376 -0.012270208 -0.612533987 -0.009772467 0.789643109 -0.014414418 -0.981672645 -0.003963631 0.067736790 0.371722460 0.007432412 0.185875028 0.999125957 0.385607272 -0.002729949
-0.013123523 0.032811936 -0.006771085 0.051941954 -0.008564599 0.999207020 -0.006245577 0.011049277 0.202641055 0.115402915 0.207465708 -0.262347072 0.118236192 0.632161617 0.152672231 -0.940732956 0.327744871 0.030610118 0.003227956 0.066265583 0.183243379 0.999170482 -0.007586546 -0.000126315 -0.007089075 0.072758615 -0.012048773 -0.508519113 -0.009817140 0.695320904 -0.014726651 -0.936887562 -0.003719361 0.025538923 0.371874273 0.000663854 0.187186569 0.999223053 0.385685623 0.011755568
-0.013214639 0.030672582 -0.006708397 0.056465507 -0.008589462 0.999295175 -0.006249201 0.023538278 0.203336865 0.057033617 0.207514465 -0.181122422 0.118122108 0.527843058 0.152861774 -0.873514056 0.329813212 0.034733918 0.003385970 0.082539156 0.181704164 0.999262631 -0.007584735 0.029515561 -0.007384916 0.034633372 -0.011789289 -0.404738933 -0.009841249 0.593287647 -0.014952965 -0.868923962 -0.003713425 -0.004558859 0.372077227 -0.012827917 0.188630879 0.999309421 0.385774612 0.016183581
-0.013349647 0.036332987 -0.006667333 0.051332910 -0.008597204 0.999373496 -0.006252062 0.026009925 0.204017699 0.011334134 0.207526237 -0.110482030 0.117985874 0.422895670 0.153081924 -0.787165165 0.332008392 0.045588102 0.003494507 0.087232031 0.179975405 0.999030352 -0.007611039 0.047176376 -0.007690233 0.008489630 -0.011521099 -0.304902166 -0.009843166 0.487975687 -0.015060574 -0.782526493 -0.003925944 -0.022999622 0.372330457 -0.031438705 0.190204009 0.999386132 0.385877341 0.011822352
-0.013531075 0.048382059 -0.006649740 0.038100045 -0.008586083 0.999443054 -0.006254067 0.019795524 0.204669863 -0.021555718 0.207515731 -0.051730726 0.117830239 0.321130395 0.153362051 -0.686774611 0.334303141 0.061673347 0.003556818 0.081696220 0.178059772 0.970508873 -0.007660573 0.053781725 -0.007990696 -0.006257216 -0.011286065 -0.212175608 -0.009822478 0.383475304 -0.015031226 -0.682698786 -0.004327698 -0.030627301 0.372631252 -0.053539466 0.191902891 0.999454319 0.385995835 0.000146655
-0.013764146 0.065315232 -0.006656824 0.018473158 -0.008554960 0.999504983 -0.006256089 0.006422014 0.205284044 -0.042014774 0.207492799 -0.005570381 0.117659025 0.225829676 0.153723910 -0.577467263 0.336665690 0.081451200 0.003577569 0.067540258 0.175970599 0.917286813 -0.007726588 0.050589859 -0.008274023 -0.010577193 -0.011116742 -0.129113317 -0.009780189 0.283428371 -0.014855378 -0.574466407 -0.004880959 -0.028611345 0.372974902 -0.077544600 0.193725809 0.999514997 0.386131346 -0.017243719
-0.014054787 0.085604675 -0.006689868 -0.005775293 -0.008502726 0.999559939 -0.006259765 -0.012470334 0.205855116 -0.050869387 0.207468435 0.027862661 0.117477007 0.139716044 0.154189751 -0.464203060 0.339061588 0.103409819 0.003562821 0.046537768 0.173718721 0.843593895 -0.007802088 0.039106347 -0.008530032 -0.005746535 -0.011018472 -0.057621807 -0.009718786 0.190910697 -0.014556705 -0.462673038 -0.005542484 -0.018367594 0.373354852 -0.101971462 0.195672870 0.999568880 0.386284173 -0.038701601
-0.014407014 0.107761852 -0.006749942 -0.032884490 -0.008428003 0.999354005 -0.006267462 -0.035206083 0.206380188 -0.049313791 0.207456157 0.048943739 0.117289819 0.064932026 0.154745847 -0.351578087 0.341455013 0.126121938 0.003519459 0.020539392 0.171312198 0.754059136 -0.007880689 0.020997567 -0.008751487 0.006735742 -0.010990757 0.001037426 -0.009642158 0.108445033 -0.014188728 -0.351805419 -0.006268890 -0.001476288 0.373763591 -0.125489444 0.197746381 0.983067989 0.386453032 -0.062603801
-0.014822652 0.130394369 -0.006836727 -0.061176036 -0.008328075 0.968592763 -0.006281221 -0.060145672 0.206858262 -0.038823228 0.207466543 0.058493543 0.117103666 0.002957688 0.155323684 -0.243689179 0.343810052 0.148293391 0.003454400 -0.008609708 0.168755099 0.653480113 -0.007957416 -0.001992948 -0.008933970 0.025231814 -0.011034222 0.046236359 -0.009555397 0.037933238 -0.013871723 -0.245846391 -0.007020188 0.020397726 0.374192327 -0.146957621 0.199957848 0.938090980 0.386636555 -0.087413967
-0.015297601 0.152250558 -0.006948136 -0.089112937 -0.008187130 0.911302388 -0.006302995 -0.085747786 0.207290336 -0.021064969 0.207506627 0.057698544 0.116925031 -0.045393683 0.155909851 -0.144031763 0.346091956 0.168801233 0.003374355 -0.039142989 0.166043043 0.546610415 -0.008029241 -0.028123034 -0.009076165 0.048045680 -0.011139265 0.077937223 -0.009464487 -0.019389506 -0.013677972 -0.148178235 -0.007761864 0.045579456 0.374631554 -0.165450767 0.202324837 0.869021416 0.386832029 -0.111735061
-0.015822923 0.172254354 -0.007080907 -0.115346313 -0.007991606 0.832149684 -0.006334212 -0.110620916 0.207679674 0.002189083 0.207580984 0.048024010 0.116760373 -0.079928346 0.156505749 -0.055413246 0.348269552 0.186720952 0.003285384 -0.069435336 0.163161919 0.437974662 -0.008094340 -0.055721883 -0.009179069 0.073497295 -0.011290995 0.096632227 -0.009375921 -0.062929727 -0.013646799 -0.061508492 -0.008464482 0.072450839 0.375071228 -0.180273846 0.204863787 0.780747294 0.387037069 -0.134351864
-0.016386148 0.189530656 -0.007231422 -0.138749599 -0.007732931 0.736183643 -0.006375837 -0.133563712 0.208030894 0.029144751 0.207691312 0.031125573 0.116615750 -0.101019725 0.156992450 0.020105923 0.350316286 0.201341361 0.003194437 -0.098054215 0.160100609 0.331707507 -0.008152857 -0.083248958 -0.009246331 0.099989131 -0.011475086 0.103268407 -0.009296292 -0.092703767 -0.013838891 0.012174674 -0.009105729 0.099508442 0.375501931 -0.190965444 0.207593217 0.678408563 0.387249678 -0.154260322
-0.016970634 0.203418419 -0.007395344 -0.158440381 -0.007402427 0.628589034 -0.006428257 -0.153593063 0.208349258 0.058059946 0.207836270 0.008762687 0.116496518 -0.109528624 0.157257915 0.081207730 0.352210164 0.212170020 0.003108145 -0.123796485 0.156853765 0.231430054 -0.008205388 -0.109342620 -0.009283839 0.126062438 -0.011675942 0.099163644 -0.009231881 -0.109264195 -0.014300226 0.071603879 -0.009670823 0.125410452 0.375914723 -0.197291523 0.210530400 0.567164481 0.387467235 -0.170685083
-0.017559610 0.213473856 -0.007567381 -0.173790053 -0.007010137 0.514468312 -0.006491258 -0.169960469 0.208639994 0.087308861 0.208012491 -0.017283646 0.116407067 -0.106715195 0.157204211 0.127262652 0.353934318 0.218930006 0.003032397 -0.145711660 0.153422818 0.140159845 -0.008254311 -0.132855415 -0.009299323 0.150441334 -0.011879494 0.085914575 -0.009188291 -0.113621183 -0.015087870 0.116208352 -0.010150622 0.149012685 0.376301199 -0.199230447 0.213681787 0.451989472 0.387686849 -0.183086172
-0.018136013 0.219464719 -0.007742632 -0.184421986 -0.006575984 0.398648441 -0.006562854 -0.182156742 0.208909258 0.115435049 0.208216980 -0.045285609 0.116350561 -0.094146520 0.156758875 0.158293575 0.355477363 0.221547559 0.002971627 -0.163113356 0.149808586 0.060256526 -0.008302614 -0.152877465 -0.009300887 0.172064602 -0.012073726 0.065303884 -0.009170134 -0.107152201 -0.016177986 0.146040484 -0.010541612 0.169392779 0.376654088 -0.196951106 0.217043370 0.337495744 0.387905657 -0.191155523
-0.018682528 0.221356407 -0.007916715 -0.190199718 -0.006121105 0.285521060 -0.006640149 -0.189906716 0.209162906 0.141192138 0.208445057 -0.073630899 0.116328880 -0.073601820 0.155924305 0.174911454 0.356834561 0.220133200 0.002928204 -0.175578728 0.146016121 -0.006604215 -0.008352401 -0.168747723 -0.009297072 0.190105483 -0.012251260 0.039208610 -0.009180811 -0.091508359 -0.017473081 0.161720857 -0.010843742 0.185863346 0.376967430 -0.190785453 0.220613822 0.227790967 0.388121039 -0.194804132
-0.019183133 0.219291583 -0.008085314 -0.191206828 -0.005663060 0.178916678 -0.006720443 -0.193154648 0.209407479 0.163571447 0.208691731 -0.100875802 0.116342492 -0.046980198 0.154745489 0.178218246 0.358006805 0.214957207 0.002903749 -0.182937413 0.142058715 -0.059426028 -0.008404726 -0.180053383 -0.009295607 0.203980148 -0.012407649 0.009516020 -0.009222376 -0.068519518 -0.018809676 0.164354905 -0.011061499 0.197974101 0.377236694 -0.181197375 0.224390477 0.126372367 0.388330519 -0.194141820
-0.019624433 0.213565066 -0.008244434 -0.187719688 -0.005218148 0.082018793 -0.006801628 -0.192042574 0.209648967 0.181816742 0.208951488 -0.125785768 0.116390519 -0.016212301 0.153396904 0.169713631 0.358999938 0.206420943 0.002899250 -0.185251206 0.137951568 -0.097860143 -0.008460416 -0.186619222 -0.009303357 0.213345066 -0.012541300 -0.021953193 -0.009295484 -0.040103249 -0.020022625 0.155441314 -0.011201244 0.205504015 0.377458751 -0.168749541 0.228366345 0.036059733 0.388531655 -0.189451098
-0.019996673 0.204595178 -0.008390638 -0.180175528 -0.004812536 -0.002687748 -0.006881605 -0.186883330 0.209892452 0.195427626 0.209220409 -0.147362739 0.116470814 0.016819011 0.152042761 0.151197895 0.359822720 0.195026413 0.002915140 -0.182786688 0.133711949 -0.122152328 -0.008519133 -0.188489407 -0.009325919 0.218085006 -0.012652430 -0.053510718 -0.009399431 -0.008179793 -0.020966660 0.136773020 -0.011270266 0.208445027 0.377632022 -0.154069617 0.232529819 -0.041043334 0.388722390 -0.181156829
-0.020294722 0.192893222 -0.008521169 -0.169137269 -0.004460301 -0.073440716 -0.006958722 -0.178129047 0.210142121 0.204151899 0.209495544 -0.164859727 0.116580091 0.050349046 0.150701761 0.124672778 0.360488474 0.181344450 0.002951418 -0.175982267 0.129357576 -0.133072540 -0.008579812 -0.185901627 -0.009367364 0.218292996 -0.012745944 -0.083652683 -0.009532260 0.025403546 -0.021532623 0.110338800 -0.011276627 0.206978887 0.377756387 -0.137817666 0.236873597 -0.103557371 0.388900846 -0.169793323
-0.020517863 0.179032773 -0.008634056 -0.155257091 -0.004170667 -0.129188552 -0.007031885 -0.166337609 0.210400879 0.207968816 0.209775016 -0.177784309 0.116714180 0.082788222 0.149520844 0.092246562 0.361013830 0.165984482 0.003007586 -0.165412068 0.124905437 -0.131831065 -0.008640943 -0.179256424 -0.009430366 0.214244068 -0.012825668 -0.111102559 -0.009690925 0.058937501 -0.021666529 0.078225583 -0.011228402 0.201449513 0.377832919 -0.120655529 0.241387978 -0.150800616 0.389065623 -0.155970648
-0.020668821 0.163619146 -0.008728256 -0.139240250 -0.003951094 -0.169556022 -0.007100856 -0.152138114 0.210670561 0.207065046 0.210057497 -0.185891300 0.116868198 0.112767704 0.148544148 0.056041077 0.361414939 0.149566442 0.003082784 -0.151748046 0.120371498 -0.119985968 -0.008700835 -0.169083104 -0.009516239 0.206364483 -0.012896458 -0.134837508 -0.009871499 0.090903722 -0.021368995 0.042525258 -0.011133476 0.192331895 0.377864003 -0.103219531 0.246060997 -0.182742596 0.389215827 -0.140341341
-0.020752721 0.147260994 -0.008803340 -0.121810697 -0.003807637 -0.194790244 -0.007165683 -0.136197701 0.210951880 0.201804712 0.210341707 -0.189165905 0.117036819 0.139166549 0.147788242 0.018102311 0.361710787 0.132693917 0.003175820 -0.135722265 0.115770489 -0.099346265 -0.008757848 -0.156004325 -0.009624901 0.195197880 -0.012961538 -0.154101178 -0.010069403 0.120015554 -0.020703975 0.005252532 -0.010999369 0.180198863 0.377852976 -0.086096957 0.250879198 -0.199940011 0.389350921 -0.123569101
-0.020777032 0.130546466 -0.008859267 -0.103679746 -0.003743832 -0.205687657 -0.007226398 -0.119190112 0.211244568 0.192695424 0.210626110 -0.187799424 0.117214531 0.161132634 0.147247910 -0.019687649 0.361923516 0.115930595 0.003285176 -0.118090838 0.111115724 -0.071875051 -0.008810627 -0.140700608 -0.009755525 0.181370571 -0.013025098 -0.168405697 -0.010279652 0.145240560 -0.019772649 -0.031729780 -0.010833221 0.165687859 0.377804309 -0.069807246 0.255826890 -0.203454971 0.389470935 -0.106300481
-0.020750072 0.114021346 -0.008896529 -0.085518211 -0.003760806 -0.203507379 -0.007284040 -0.101767458 0.211547375 0.180352345 0.210909009 -0.182159036 0.117395863 0.178085461 0.146923319 -0.055648636 0.362072766 0.099783070 0.003409001 -0.099600762 0.106418841 -0.039596114 -0.008858357 -0.123876408 -0.009906426 0.165557161 -0.013090257 -0.177522361 -0.010497089 0.165814698 -0.018693017 -0.066764772 -0.010641935 0.149468526 0.377723455 -0.054787785 0.260886937 -0.194762096 0.389576018 -0.089139856
-0.020682424 0.098171413 -0.008916614 -0.067933492 -0.003856837 -0.189875916 -0.007339495 -0.084535919 0.211857840 0.165461704 0.211188495 -0.172753811 0.117575616 0.189709768 0.146806970 -0.088353246 0.362178147 0.084685974 0.003545916 -0.080960594 0.101689897 -0.004507832 -0.008900940 -0.106228806 -0.010074959 0.148447543 -0.013160407 -0.181462914 -0.010716619 0.181246415 -0.017571548 -0.098455168 -0.010433431 0.132212773 0.377616793 -0.041384608 0.266041487 -0.175649896 0.389667243 -0.072629698
-0.020586655 0.083409831 -0.008922145 -0.051451456 -0.004027403 -0.166687667 -0.007392903 -0.068035968 0.212173194 0.148745134 0.211462855 -0.160198361 0.117749043 0.195939496 0.146893635 -0.116661824 0.362258881 0.070991084 0.003694513 -0.062815867 0.096936442 0.031493228 -0.008939154 -0.088420242 -0.010257784 0.130717069 -0.013238175 -0.180453077 -0.010933412 0.191304669 -0.016503828 -0.125699967 -0.010213850 0.114566989 0.377490401 -0.029847732 0.271272868 -0.148120314 0.389746457 -0.057234839
-0.020476149 0.070067912 -0.008916364 -0.036503736 -0.004265621 -0.136004999 -0.007444182 -0.052727032 0.212490261 0.130926833 0.211730108 -0.145176545 0.117912032 0.196934551 0.147188917 -0.139742255 0.362333387 0.058962159 0.003853125 -0.045729712 0.092163198 0.066676922 -0.008973633 -0.071055189 -0.010451276 0.113000520 -0.013324955 -0.174900472 -0.011143087 0.195998222 -0.015565224 -0.147701964 -0.009989220 0.097129412 0.377350867 -0.020331053 0.276564211 -0.114289768 0.389815867 -0.043331768
-0.020365367 0.058390934 -0.008902548 -0.023420237 -0.004561759 -0.099961899 -0.007492955 -0.038977474 0.212806299 0.112704031 0.211988375 -0.128406227 0.118061200 0.193049923 0.147692740 -0.157068923 0.362418771 0.048773583 0.004019004 -0.030168602 0.087372780 0.099530891 -0.009005425 -0.054661747 -0.010651753 0.095870584 -0.013421234 -0.165358394 -0.011341854 0.195550963 -0.014810316 -0.163964167 -0.009766043 0.080432072 0.377204657 -0.012895903 0.281899959 -0.076295353 0.389877498 -0.031202333
-0.020266736 0.048536900 -0.008884373 -0.012426091 -0.004904852 -0.060674470 -0.007539360 -0.027059184 0.213118389 0.094721407 0.212235615 -0.110606298 0.118194014 0.184800923 0.148398489 -0.168409824 0.362529576 0.040512484 0.004189204 -0.016493762 0.082566060 0.128798097 -0.009036216 -0.039678339 -0.010855508 0.079821520 -0.013526822 -0.152487636 -0.011526632 0.190370172 -0.014275423 -0.174280658 -0.009551151 0.064926408 0.377058148 -0.007518101 0.287266374 -0.036210280 0.389933258 -0.021032190
-0.020190626 0.040579733 -0.008865181 -0.003643642 -0.005282118 -0.020160977 -0.007583399 -0.017146630 0.213423342 0.077550471 0.212469935 -0.092467181 0.118308812 0.172826141 0.149298951 -0.173805103 0.362678260 0.034184143 0.004360795 -0.004957719 0.077742167 0.153499320 -0.009067410 -0.026445501 -0.011058684 0.065256692 -0.013641581 -0.137018219 -0.011695127 0.181011245 -0.013980349 -0.178714216 -0.009350295 0.050974179 0.376917094 -0.004097571 0.292650819 0.004030189 0.389985025 -0.012913351
-0.020144444 0.034514546 -0.008847794 0.002901877 -0.005679732 0.019725582 -0.007625100 -0.009320037 0.213717997 0.061674673 0.212688908 -0.074625924 0.118404821 0.157849744 0.150380597 -0.173535436 0.362874538 0.029720422 0.004530392 0.004294856 0.072899438 0.172943205 -0.009100159 -0.015202532 -0.011257101 0.052481972 -0.013764656 -0.119712800 -0.011845872 0.168139949 -0.013927102 -0.177565545 -0.009169788 0.038842477 0.376786560 -0.002470165 0.298043311 0.042688593 0.390034884 -0.006850271
-0.020132937 0.030265924 -0.008834805 0.007273425 -0.006084790 0.057352435 -0.007664549 -0.003571907 0.213999987 0.047478992 0.212890387 -0.057646289 0.118482128 0.140643239 0.151623935 -0.168084264 0.363125414 0.026990274 0.004695163 0.011221703 0.068033636 0.186724335 -0.009135410 -0.006088414 -0.011447213 0.041703593 -0.013894211 -0.101332314 -0.011978234 0.152494997 -0.014105411 -0.171335503 -0.009015513 0.028703235 0.376670986 -0.002420836 0.303434938 0.078273199 0.390085161 -0.002768853
-0.020158552 0.027698494 -0.008828536 0.009610494 -0.006484119 0.091346517 -0.007701975 0.000183570 0.214267671 0.035244633 0.213073879 -0.042003445 0.118541636 0.121990636 0.153001964 -0.158096805 0.363435656 0.025810957 0.004852643 0.015874004 0.063140318 0.194709376 -0.009173893 0.000853296 -0.011626688 0.033029962 -0.014028479 -0.082605615 -0.012092396 0.134853527 -0.014495235 -0.160683453 -0.008893033 0.020636311 0.376573920 -0.003697465 0.308818132 0.109570749 0.390138239 -0.000527445
-0.020221962 0.026628546 -0.008830938 0.010115689 -0.006866616 0.120621584 -0.007737771 0.002098950 0.214520112 0.025148615 0.213239223 -0.028073912 0.118584953 0.102656566 0.154481143 -0.144336849 0.363807768 0.025960714 0.005000723 0.018384695 0.058215350 0.197013855 -0.009216251 0.005666451 -0.011793916 0.026477467 -0.014165695 -0.064203836 -0.012189290 0.115994096 -0.015069909 -0.146383762 -0.008806608 0.014635837 0.376498073 -0.006024744 0.314187378 0.135664389 0.390196323 0.000070472
-0.020322518 0.026836339 -0.008843579 0.009040167 -0.007222464 0.144390121 -0.007772507 0.002380526 0.214756995 0.017267594 0.213387117 -0.016130790 0.118614316 0.083357751 0.156024188 -0.127643615 0.364241987 0.027191605 0.005137727 0.018954759 0.053254891 0.193971515 -0.009262862 0.008471304 -0.011948094 0.021979492 -0.014303836 -0.046719324 -0.012270530 0.096666165 -0.015796514 -0.129281923 -0.008759004 0.010619367 0.376445293 -0.009117550 0.319539607 0.155938357 0.390261292 -0.000737242
-0.020458460 0.028078293 -0.008867641 0.006668648 -0.007543967 0.162163287 -0.007806928 0.001274520 0.214978650 0.011585403 0.213519126 -0.006343113 0.118632451 0.064739168 0.157593265 -0.108890168 0.364736646 0.029242020 0.005262487 0.017838232 0.048255261 0.186098441 -0.009313855 0.009451745 -0.012089022 0.019397788 -0.014440265 -0.030650640 -0.012338300 0.077562332 -0.016638739 -0.110253230 -0.008751997 0.008439178 0.376416624 -0.012693327 0.324873835 0.170070827 0.390334815 -0.002685186
-0.020627309 0.030099060 -0.008903936 0.003304636 -0.007825092 0.173738733 -0.007841884 -0.000946894 0.215186134 0.008003172 0.213637024 0.001219675 0.118642442 0.047351990 0.159143478 -0.088943303 0.365288228 0.031848412 0.005374298 0.015326679 0.043213136 0.174053580 -0.009369198 0.008841425 -0.012217005 0.018535167 -0.014573939 -0.016391937 -0.012395243 0.059297718 -0.017560525 -0.090164207 -0.008785840 0.007894712 0.376412272 -0.016483061 0.330190212 0.178015739 0.390418142 -0.005493876
-0.020826172 0.032642737 -0.008952914 -0.000743562 -0.008062030 0.179178178 -0.007878261 -0.003999145 0.215380967 0.006351909 0.213743180 0.006580422 0.118647590 0.031646427 0.160635173 -0.068629734 0.365891576 0.034755886 0.005472925 0.011733733 0.038125593 0.158597827 -0.009428740 0.006909307 -0.012333058 0.019149564 -0.014703856 -0.004227882 -0.012444330 0.042393997 -0.018529573 -0.069836847 -0.008859240 0.008745748 0.376431644 -0.020240605 0.335490733 0.179975823 0.390512019 -0.008882299
-0.021051934 0.035462979 -0.009014650 -0.005175604 -0.008252289 0.178777471 -0.007916932 -0.007597885 0.215565100 0.006406505 0.213840604 0.009843931 0.118651301 0.017963469 0.162032604 -0.048707850 0.366540730 0.037727248 0.005558687 0.007380380 0.032990560 0.140553206 -0.009492267 0.003945324 -0.012438665 0.020968368 -0.014829842 0.005665977 -0.012488732 0.027268713 -0.019513236 -0.050022855 -0.008969516 0.010725843 0.376473606 -0.023750087 0.340779245 0.176368698 0.390616953 -0.012579351
-0.021301582 0.038331456 -0.009088933 -0.009710209 -0.008394631 0.173030779 -0.007958746 -0.011470248 0.215740666 0.007900535 0.213932693 0.011184320 0.118656911 0.006532999 0.163308561 -0.029846421 0.367228806 0.040550567 0.005632348 0.002581480 0.027805990 0.120763972 -0.009559528 0.000246697 -0.012535721 0.023702497 -0.014951650 0.013218751 -0.012531685 0.014229503 -0.020482218 -0.031379472 -0.009112877 0.013555434 0.376536429 -0.026831344 0.346060812 0.167788222 0.390733033 -0.016333554
-0.021572147 0.041044965 -0.009175335 -0.014094339 -0.008489370 0.162590742 -0.008004451 -0.015364510 0.215909943 0.010541122 0.214022681 0.010830846 0.118667610 -0.002524240 0.164437309 -0.012605831 0.367948383 0.043044958 0.005695049 -0.002366049 0.022570753 0.100061007 -0.009630262 -0.003894616 -0.012626379 0.027059583 -0.015069322 0.018456113 -0.012576365 0.003474289 -0.021414468 -0.014452565 -0.009284585 0.016954018 0.376617938 -0.029343342 0.351341277 0.154963076 0.390860111 -0.019921023
-0.021860756 0.043430679 -0.009273244 -0.018110268 -0.008538638 0.148226723 -0.008054637 -0.019057868 0.216075197 0.014023290 0.214113787 0.009053032 0.118686326 -0.009189943 0.165402398 0.002573879 0.368691772 0.045064360 0.005748090 -0.007193069 0.017284753 0.079230592 -0.009704277 -0.008202867 -0.012712961 0.030755961 -0.015183472 0.021489371 -0.012625784 -0.004906032 -0.022288099 0.000333142 -0.009479375 0.020651117 0.376715630 -0.031185668 0.356626272 0.138714522 0.390997738 -0.023151457
-0.022164730 0.045349717 -0.009381879 -0.021580482 -0.008546264 0.130782902 -0.008109716 -0.022362240 0.216238648 0.018043291 0.214209154 0.006145743 0.118715629 -0.013539023 0.166194811 0.015376857 0.369451314 0.046499591 0.005793019 -0.011665961 0.011948947 0.058988016 -0.009781401 -0.012427787 -0.012797798 0.034527034 -0.015295109 0.022502232 -0.012682678 -0.010919796 -0.023085704 0.012680030 -0.009691707 0.024395663 0.376826704 -0.032298226 0.361921608 0.119914941 0.391145319 -0.025872163
-0.022481544 0.046698961 -0.009500276 -0.024370518 -0.008517436 0.111138254 -0.008169948 -0.025128029 0.216402337 0.022310494 0.214311749 0.002414830 0.118757665 -0.015726507 0.166809469 0.025611725 0.370219618 0.047278743 0.005831547 -0.015592140 0.006565247 0.039956752 -0.009861474 -0.016351806 -0.012883136 0.038135808 -0.015405532 0.021736059 -0.012749441 -0.014663790 -0.023793634 0.022415983 -0.009915851 0.027963569 0.376948297 -0.032659363 0.367233306 0.099448740 0.391302019 -0.027970098
-0.022808807 0.047411244 -0.009627351 -0.026389774 -0.008458124 0.090168782 -0.008235391 -0.027246002 0.216568142 0.026557496 0.214424118 -0.001836148 0.118814126 -0.015973397 0.167250499 0.033205703 0.370989770 0.047366019 0.005865462 -0.018823398 0.001136568 0.022653224 -0.009944350 -0.019795185 -0.012971053 0.041379400 -0.015516254 0.019474396 -0.012828053 -0.016310504 -0.024402047 0.029488385 -0.010146376 0.031163584 0.377077460 -0.032282602 0.372566849 0.078177072 0.391466945 -0.029372128
-0.023144232 0.047454141 -0.009761957 -0.027590465 -0.008374988 0.068714395 -0.008305807 -0.028647341 0.216737732 0.030548278 0.214548647 -0.006317800 0.118886225 -0.014551166 0.167528898 0.038194083 0.371755362 0.046759345 0.005896562 -0.021257088 -0.004333342 0.007477358 -0.010029876 -0.022619111 -0.013063390 0.044093475 -0.015628878 0.016027380 -0.012920049 -0.016093479 -0.024902383 0.033953436 -0.010378152 0.033841122 0.377211362 -0.031212354 0.377854943 0.056907199 0.391639024 -0.030043660
-0.023485642 0.046827476 -0.009902900 -0.027964989 -0.008346735 0.047550503 -0.008380843 -0.029301982 0.216912508 0.034084190 0.214687169 -0.010764902 0.118974678 -0.011765987 0.167662933 0.040708624 0.372510791 0.045486808 0.005926576 -0.022835378 -0.009698391 -0.005244397 -0.010117902 -0.024726843 -0.013161664 0.046154715 -0.015745025 0.011716790 -0.013026494 -0.014291988 -0.025289530 0.035963006 -0.010606564 0.035880398 0.377347291 -0.029518798 0.383021742 0.036366977 0.391817033 -0.029985836
-0.023830900 0.045559786 -0.010048971 -0.027541954 -0.008456749 0.027366318 -0.008460040 -0.029215630 0.217093483 0.037007838 0.214840665 -0.014944335 0.119079739 -0.007943246 0.167676523 0.040962581 0.373251230 0.043602262 0.005957140 -0.023542803 -0.014800944 -0.015299975 -0.010208159 -0.026063062 -0.013267103 0.047481351 -0.015866091 0.006862155 -0.013147986 -0.011215555 -0.025562627 0.035748638 -0.010827584 0.037204720 0.377482802 -0.027292307 0.388003916 0.017184746 0.391999781 -0.029231623
-0.024178075 0.043704141 -0.010198974 -0.026381170 -0.008768031 0.008748226 -0.008542823 -0.028425680 0.217281342 0.039204914 0.215009913 -0.018660955 0.119201213 -0.003412924 0.167596504 0.039233964 0.373972744 0.041180417 0.005989749 -0.023402357 -0.019516913 -0.022602763 -0.010300447 -0.026611572 -0.013380617 0.048031982 -0.015993254 0.001768422 -0.013284678 -0.007188831 -0.025725540 0.033604279 -0.011037938 0.037775297 0.377615660 -0.024637578 0.392750204 -0.000124604 0.392186075 -0.027841020
-0.024525369 0.041333381 -0.010351777 -0.024567917 -0.009321893 -0.007831193 -0.008628553 -0.026996262 0.217476383 0.040604152 0.215195239 -0.021761341 0.119338512 0.001503691 0.167450875 0.035848010 0.374672443 0.038311567 0.006025701 -0.022470487 -0.023756137 -0.027183903 -0.010394654 -0.026391728 -0.013502781 0.047802914 -0.016127819 -0.003284527 -0.013436304 -0.002537486 -0.025786687 0.029868485 -0.011235189 0.037588648 0.377744019 -0.021667831 0.397220194 -0.015167871 0.392374754 -0.025895698
-0.024871133 0.038535055 -0.010506329 -0.022206785 -0.010138149 -0.022019047 -0.008716579 -0.025012746 0.217678651 0.041175544 0.215396821 -0.024135508 0.119490705 0.006505605 0.167267472 0.031159669 0.375348270 0.035096325 0.006066078 -0.020831276 -0.027461084 -0.029180415 -0.010490568 -0.025453854 -0.013633690 0.046824280 -0.016271133 -0.008050263 -0.013602233 0.002424338 -0.025758551 0.024906363 -0.011417664 0.036672920 0.377866328 -0.018499285 0.401383758 -0.027676078 0.392564833 -0.023493310
-0.025213899 0.035406325 -0.010661693 -0.019415399 -0.011216781 -0.033583131 -0.008806274 -0.022575965 0.217887893 0.040927142 0.215614125 -0.025716651 0.119656600 0.011321607 0.167072505 0.025536871 0.375999242 0.031640422 0.006111736 -0.018590122 -0.030604206 -0.028819993 -0.010587952 -0.023873858 -0.013773175 0.045155149 -0.016424077 -0.012322052 -0.013781518 0.007405034 -0.025656510 0.019092459 -0.011584507 0.035083421 0.377981365 -0.015246100 0.405220091 -0.037502233 0.392755389 -0.020741811
-0.025552493 0.032048982 -0.010817070 -0.016318262 -0.012540356 -0.042408574 -0.008897068 -0.019796431 0.218103707 0.039900620 0.215846121 -0.026479181 0.119834773 0.015717838 0.166887760 0.019343950 0.376625180 0.028049897 0.006163318 -0.015867263 -0.033184342 -0.026403474 -0.010686558 -0.021747408 -0.013920881 0.042878050 -0.016587183 -0.015936736 -0.013972965 0.012144377 -0.025498835 0.012794564 -0.011735770 0.032897636 0.378088325 -0.012015908 0.408717036 -0.044614721 0.392945617 -0.017753908
-0.025886023 0.028564915 -0.010971799 -0.013040985 -0.014077151 -0.048490956 -0.008988447 -0.016788809 0.218325481 0.038166039 0.216091409 -0.026435332 0.120023698 0.019502902 0.166733235 0.012928003 0.377226472 0.024426879 0.006221236 -0.012791354 -0.035222504 -0.022285905 -0.010786146 -0.019183932 -0.014076281 0.040093087 -0.016760496 -0.018776687 -0.014175198 0.016420415 -0.025306365 0.006360079 -0.011872052 0.030209668 0.378186792 -0.008906032 0.411870152 -0.049086977 0.393134952 -0.014641934
-0.026213771 0.025051968 -0.011125365 -0.009705082 -0.015784575 -0.051925924 -0.009079969 -0.013666774 0.218552515 0.035815980 0.216348276 -0.025630631 0.120221741 0.022530559 0.166625127 0.006607375 0.377804339 0.020865759 0.006285702 -0.009493390 -0.036757372 -0.016857157 -0.010886491 -0.016300723 -0.014238705 0.036912031 -0.016943779 -0.020769585 -0.014386721 0.020053813 -0.025101177 0.000104150 -0.011994507 0.027124770 0.378276616 -0.006000582 0.414681613 -0.051084131 0.393322945 -0.011513273
-0.026535243 0.021600418 -0.011277400 -0.006423444 -0.017612981 -0.052896202 -0.009171276 -0.010538456 0.218784019 0.032959431 0.216614902 -0.024138495 0.120427288 0.024700761 0.166576892 0.000661480 0.378360718 0.017450126 0.006356739 -0.006101165 -0.037840672 -0.010522955 -0.010987403 -0.013217323 -0.014407362 0.033452533 -0.017136440 -0.021886466 -0.014605991 0.022910455 -0.024903771 -0.005700071 -0.012104695 0.023754049 0.378357947 -0.003368379 0.417159259 -0.050847560 0.393509418 -0.008466489
-0.026850199 0.018290333 -0.011427703 -0.003296653 -0.019509209 -0.051656757 -0.009262098 -0.007502614 0.219019145 0.029715640 0.216889352 -0.022054287 0.120638773 0.025958786 0.166599005 -0.004676069 0.378898054 0.014250533 0.006434209 -0.002734445 -0.038532622 -0.003687161 -0.011088729 -0.010050449 -0.014581382 0.029832706 -0.017337635 -0.022138216 -0.014831470 0.024901850 -0.024733342 -0.010827436 -0.012204462 0.020209480 0.378431231 -0.001061698 0.419315964 -0.048678163 0.393694282 -0.005588213
-0.027158843 0.015189076 -0.011576276 -0.000410150 -0.021419775 -0.048518825 -0.009352244 -0.004645587 0.219257057 0.026208224 0.217169717 -0.019489139 0.120854720 0.026292639 0.166699231 -0.009221723 0.379419208 0.011322973 0.006517893 0.000499039 -0.038898204 0.003264446 -0.011190368 -0.006909519 -0.014759691 0.026166214 -0.017546324 -0.021570850 -0.015061692 0.025983766 -0.024606301 -0.015104911 -0.012295900 0.016599398 0.378497064 0.000884201 0.421168625 -0.044919048 0.393877685 -0.002950818
-0.027461734 0.012349959 -0.011723243 0.002167678 -0.023293659 -0.043833401 -0.009441595 -0.002039060 0.219496995 0.022559742 0.217454195 -0.016563719 0.121073835 0.025729021 0.166881457 -0.012844046 0.379927278 0.008708121 0.006607436 0.003506688 -0.039003637 0.009977967 -0.011292310 -0.003893013 -0.014941336 0.022558259 -0.017761374 -0.020259954 -0.015295302 0.026153164 -0.024536962 -0.018413406 -0.012381238 0.013024590 0.378556252 0.002450801 0.422737330 -0.039938327 0.394059896 -0.000610944
-0.027759662 0.009811514 -0.011868809 0.004386525 -0.025084628 -0.037974820 -0.009530131 0.000261361 0.219738230 0.018886851 0.217741162 -0.013402325 0.121294975 0.024328245 0.167147949 -0.015463451 0.380425721 0.006431292 0.006702363 0.006213219 -0.038913287 0.016142510 -0.011394550 -0.001085618 -0.015125480 0.019102126 -0.017981673 -0.018304499 -0.015531095 0.025444061 -0.024534741 -0.020686913 -0.012462775 0.009575218 0.378609747 0.003635393 0.424044937 -0.034112725 0.394241273 0.001391194
-0.028053798 0.007597623 -0.012013319 0.006214373 -0.026752910 -0.031325068 -0.009617909 0.002216759 0.219980136 0.015296236 0.218029141 -0.010127470 0.121517219 0.022178315 0.167498410 -0.017049972 0.380917996 0.004502924 0.006802121 0.008561937 -0.038687378 0.021498576 -0.011497130 0.001443773 -0.015311402 0.015876619 -0.018206140 -0.015820405 -0.015768059 0.023922367 -0.024606179 -0.021909419 -0.012542732 0.006328344 0.378658593 0.004449620 0.425116092 -0.027812477 0.394422233 0.003031762
-0.028345564 0.005718007 -0.012157245 0.007636932 -0.028266512 -0.024259137 -0.009705070 0.003804778 0.220222220 0.011881354 0.218316957 -0.006855077 0.121784516 0.019388637 0.167929396 -0.017619507 0.381407559 0.002919686 0.006906128 0.010515115 -0.038380302 0.025843581 -0.011600156 0.003643238 -0.015498430 0.012944441 -0.018433789 -0.012934095 -0.016005382 0.021679910 -0.024754463 -0.022110483 -0.012622843 0.003346033 0.378703922 0.004917578 0.425976753 -0.021388017 0.394603401 0.004302606
-0.028636537 0.004169269 -0.012301142 0.008656444 -0.029601796 -0.017132105 -0.009791786 0.005018829 0.220464230 0.008720092 0.218603671 -0.003690477 0.122102864 0.016083483 0.168435022 -0.017228173 0.381897777 0.001665998 0.007013811 0.012053574 -0.038039416 0.029034525 -0.011703797 0.005478169 -0.015686035 0.010351159 -0.018663757 -0.009776317 -0.016223045 0.018828139 -0.024979753 -0.021359356 -0.012704765 0.000674726 0.378746808 0.005073627 0.426653683 -0.015158746 0.394785345 0.005209992
-0.028928429 0.002936266 -0.012445637 0.009289960 -0.030743681 -0.010268083 -0.009878271 0.005866791 0.220706016 0.005873198 0.218888626 -0.000725231 0.122468553 0.012395692 0.169007525 -0.015965763 0.382391900 0.000715855 0.007124616 0.013175589 -0.037704360 0.030987950 -0.011808246 0.006930913 -0.015873829 0.008125163 -0.018895358 -0.006476435 -0.016389005 0.015491440 -0.025279442 -0.019758102 -0.012789927 -0.001655042 0.378788412 0.004960001 0.427173793 -0.009404043 0.394968778 0.005772902
-0.029222986 0.001993959 -0.012591389 0.009567152 -0.031685330 -0.003951361 -0.009964763 0.006369188 0.220947459 0.003383613 0.219171539 0.001965206 0.122879609 0.008460371 0.169637740 -0.013948647 0.382892877 0.000034924 0.007238031 0.013895209 -0.037406910 0.031677593 -0.011913751 0.007999728 -0.016061546 0.006278304 -0.019128162 -0.003157395 -0.016509039 0.011800555 -0.025648873 -0.017434016 -0.012879502 -0.003628232 0.378829718 0.004624358 0.427563697 -0.004356744 0.395154327 0.006020987
-0.029521987 0.001309353 -0.012739071 0.009527881 -0.032427594 0.001580231 -0.010051534 0.006557116 0.221188515 0.001276587 0.219452351 0.004322886 0.123334989 0.004409406 0.170315102 -0.011312477 0.383403450 -0.000417322 0.007353596 0.014240122 -0.037171204 0.031129971 -0.012020560 0.008697241 -0.016249062 0.004807068 -0.019361844 0.000068530 -0.016589547 0.007886721 -0.026080716 -0.014531964 -0.012974505 -0.005244304 0.378871799 0.004117351 0.427849501 -0.000199070 0.395342678 0.005992317
-0.029827211 0.000843632 -0.012889354 0.009219611 -0.032978132 0.006139554 -0.010138870 0.006469930 0.221429273 -0.000439517 0.219731405 0.006307904 0.123833962 0.000366771 0.171028763 -0.008204519 0.383925974 -0.000685408 0.007470875 0.014249204 -0.037014250 0.029418325 -0.012128916 0.009048472 -0.016436376 0.003694283 -0.019596517 0.003103106 -0.016638184 0.003876872 -0.026566712 -0.011206616 -0.013075772 -0.006515790 0.378915459 0.003490344 0.428056151 0.002939219 0.395534426 0.005731004
-0.030140389 0.000554264 -0.013042890 0.008694782 -0.033350382 0.009592220 -0.010227071 0.006152855 0.221669853 -0.001771841 0.220009133 0.007898171 0.124376565 -0.003555807 0.171767756 -0.004776770 0.384462595 -0.000815738 0.007589501 0.013969854 -0.036946658 0.026655240 -0.012239064 0.009088608 -0.016623570 0.002911181 -0.019832514 0.005864661 -0.016664214 -0.000110657 -0.027097447 -0.007615174 -0.013183975 -0.007466481 0.378961533 0.002793312 0.428207487 0.004980445 0.395730168 0.005284857
-0.030463057 0.000396987 -0.013200292 0.008008245 -0.033562370 0.011856520 -0.010316441 0.005654606 0.221910506 -0.002741158 0.220286280 0.009088511 0.124962367 -0.007261721 0.172521681 -0.001179284 0.385015130 -0.000854589 0.007709221 0.013455277 -0.036973536 0.022984464 -0.012351279 0.008860580 -0.016810868 0.002419726 -0.020070042 0.008289670 -0.016677650 -0.003969802 -0.027664561 -0.003910732 -0.013299683 -0.008129358 0.379010677 0.002073030 0.428325832 0.005896688 0.395930469 0.004703079
-0.030796668 0.000327753 -0.013362155 0.007214873 -0.033635538 0.012901438 -0.010407276 0.005025101 0.222151607 -0.003379673 0.220563695 0.009889173 0.125591755 -0.010671951 0.173281103 0.002445552 0.385584980 -0.000846325 0.007829836 0.012761815 -0.037095439 0.018572265 -0.012465813 0.008412573 -0.016998589 0.002175057 -0.020309364 0.010333416 -0.016688367 -0.007609609 -0.028258756 -0.000236495 -0.013423285 -0.008544435 0.379063398 0.001371555 0.428431958 0.005705813 0.396135807 0.004034225
-0.031142423 0.000304346 -0.013529020 0.006367405 -0.033593576 0.012743007 -0.010499857 0.004313386 0.222393587 -0.003728603 0.220842361 0.010323854 0.126265392 -0.013726294 0.174038813 0.005967908 0.386173278 -0.000831880 0.007951241 0.011946430 -0.037309356 0.013598747 -0.012582864 0.007795596 -0.017187128 0.002127955 -0.020550849 0.011969856 -0.016705567 -0.010956428 -0.028870672 0.003278839 -0.013554999 -0.008756420 0.379120141 0.000725074 0.428544849 0.004466180 0.396346539 0.003324382
-0.031501286 0.000287829 -0.013701350 0.005514606 -0.033461329 0.011439293 -0.010594462 0.003565785 0.222636864 -0.003835630 0.221123278 0.010427424 0.126983479 -0.016383760 0.174787894 0.009274625 0.386780828 -0.000847520 0.008073422 0.011064412 -0.037609629 0.008249473 -0.012702595 0.007061190 -0.017376928 0.002227219 -0.020794949 0.013190754 -0.016736917 -0.013954980 -0.029491732 0.006524826 -0.013694951 -0.008812575 0.379181176 0.000163087 0.428681701 0.002270351 0.396562934 0.002615587
-0.031874001 0.000243728 -0.013879585 0.004699768 -0.033263840 0.009084325 -0.010691347 0.002824367 0.222881868 -0.003752368 0.221407473 0.010243431 0.127745658 -0.018622387 0.175523311 0.012271843 0.387408316 -0.000923942 0.008196436 0.010167396 -0.037988774 0.002707623 -0.012825136 0.006259359 -0.017568473 0.002421862 -0.021042204 0.014004214 -0.016788926 -0.016568419 -0.030114138 0.009412026 -0.013843183 -0.008760765 0.379246682 -0.000292047 0.428857744 -0.000761870 0.396785200 0.001944597
-0.032261103 0.000142911 -0.014064035 0.003959551 -0.033025496 0.005801283 -0.010790728 0.002125752 0.223129034 -0.003531939 0.221696049 0.009821519 0.128551468 -0.020438168 0.176241204 0.014886560 0.388056010 -0.001085627 0.008320401 0.009301718 -0.038438294 -0.002852953 -0.012950604 0.005436760 -0.017762268 0.002663111 -0.021293197 0.014432717 -0.016866770 -0.018777883 -0.030731067 0.011873394 -0.013999656 -0.008647521 0.379316658 -0.000625235 0.429086447 -0.004490747 0.397013456 0.001341997
-0.032662913 -0.000037826 -0.014254895 0.003323224 -0.032769345 0.001735255 -0.010892780 0.001500241 0.223378733 -0.003226712 0.221989915 0.009214811 0.129399523 -0.021843348 0.176937923 0.017067498 0.388723910 -0.001350519 0.008445483 0.008507158 -0.038949307 -0.008273650 -0.013079069 0.004635243 -0.017958818 0.002906105 -0.021548556 0.014510787 -0.016974533 -0.020581113 -0.031336810 0.013864780 -0.014164196 -0.008516436 0.379391164 -0.000828489 0.429379463 -0.008763894 0.397247761 0.000831652
-0.033079591 -0.000315549 -0.014452361 0.002812349 -0.032516517 -0.002954139 -0.010997687 0.000971310 0.223631367 -0.002886383 0.222289950 0.008477503 0.130287915 -0.022864345 0.177611843 0.018784979 0.389411896 -0.001730005 0.008571881 0.007816061 -0.039513111 -0.013415864 -0.013210556 0.003890717 -0.018158605 0.003111232 -0.021808907 0.014282426 -0.017115442 -0.021990875 -0.031926885 0.015364440 -0.014336581 -0.008406760 0.379470080 -0.000900475 0.429746598 -0.013423303 0.397488087 0.000430483
-0.033510953 -0.000701197 -0.014656580 0.002440715 -0.032285843 -0.008099889 -0.011105645 0.000555415 0.223887339 -0.002556307 0.222597048 0.007662643 0.131214336 -0.023539335 0.178263202 0.020029897 0.390119672 -0.002229274 0.008699835 0.007252852 -0.040121585 -0.018164540 -0.013345079 0.003232368 -0.018362075 0.003245135 -0.022074793 0.013798425 -0.017291864 -0.023032933 -0.032498080 0.016371707 -0.014516561 -0.008352336 0.379553258 -0.000845878 0.430196077 -0.018311927 0.397734344 0.000148550
-0.033956952 -0.001199693 -0.014867659 0.002214609 -0.032093659 -0.013534326 -0.011216718 0.000262055 0.224147022 -0.002276173 0.222911939 0.006820170 0.132175997 -0.023915656 0.178893477 0.020811960 0.390846699 -0.002847733 0.008829618 0.006833895 -0.040767472 -0.022430483 -0.013482640 0.002682230 -0.018569652 0.003281374 -0.022346554 0.013113713 -0.017504981 -0.023743870 -0.033048406 0.016904954 -0.014703839 -0.008380907 0.379640490 -0.000674561 0.430734545 -0.023279535 0.397986412 -0.000010607
-0.034417488 -0.001810483 -0.015085668 0.002133352 -0.031953629 -0.019095346 -0.011330825 0.000094099 0.224410787 -0.002079039 0.223235145 0.005995270 0.133169562 -0.024046903 0.179505020 0.021157576 0.391592294 -0.003579637 0.008961519 0.006567704 -0.041444577 -0.026151400 -0.013623253 0.002255086 -0.018781718 0.003200733 -0.022624677 0.012284799 -0.017755015 -0.024168529 -0.033577230 0.016998990 -0.014898139 -0.008513653 0.379731566 -0.000400614 0.431367189 -0.028187787 0.398244202 -0.000049400
-0.034892373 -0.002528146 -0.015310650 0.002190071 -0.031876698 -0.024631841 -0.011447932 0.000048491 0.224678934 -0.001990739 0.223567054 0.005227101 0.134191364 -0.023990160 0.180101559 0.021107079 0.392355800 -0.004414923 0.009095842 0.006455432 -0.042147957 -0.029291876 -0.013766898 0.001958653 -0.018998625 0.002991214 -0.022909665 0.011367410 -0.018041527 -0.024357554 -0.034085020 0.016702050 -0.015099110 -0.008765145 0.379826188 -0.000041328 0.432097942 -0.032914348 0.398507476 0.000024555
-0.035381421 -0.003343112 -0.015542627 0.002372621 -0.031871311 -0.030008160 -0.011567976 0.000116988 0.224951744 -0.002029631 0.223908007 0.004547888 0.135237843 -0.023803931 0.180687830 0.020711737 0.393136680 -0.005340003 0.009232895 0.006491606 -0.042873923 -0.031842284 -0.013913541 0.001794042 -0.019220678 0.002647748 -0.023201950 0.010414401 -0.018363575 -0.024364876 -0.034573309 0.016072586 -0.015306423 -0.009143428 0.379924089 0.000383844 0.432929456 -0.037355978 0.398776114 0.000199305
-0.035884425 -0.004242489 -0.015781607 0.002664636 -0.031943522 -0.035107635 -0.011690888 0.000287098 0.225229472 -0.002206664 0.224258170 0.003982389 0.136305422 -0.023545604 0.181269482 0.020030636 0.393934339 -0.006338717 0.009372977 0.006665039 -0.043620013 -0.033816844 -0.014063139 0.001756428 -0.019448068 0.002171664 -0.023501975 0.009474029 -0.018719126 -0.024245270 -0.035044454 0.015176007 -0.015519688 -0.009650458 0.380025059 0.000854317 0.433863372 -0.041430641 0.399049878 0.000459536
-0.036401171 -0.005210948 -0.016027562 0.003046599 -0.032097187 -0.039835125 -0.011816567 0.000542980 0.225512341 -0.002525731 0.224617720 0.003547691 0.137390524 -0.023269352 0.181851551 0.019127656 0.394748360 -0.007393255 0.009516378 0.006959897 -0.044384893 -0.035250936 -0.014215638 0.001835894 -0.019680906 0.001569956 -0.023810182 0.008588556 -0.019105531 -0.024052255 -0.035501681 0.014081348 -0.015738277 -0.010282680 0.380128801 0.001349334 0.434900612 -0.045078620 0.399328649 0.000787571
-0.036931384 -0.006231641 -0.016280498 0.003497017 -0.032334190 -0.044118531 -0.011944906 0.000866476 0.225800574 -0.002984278 0.224986672 0.003253371 0.138489664 -0.023024390 0.182438478 0.018068517 0.395578325 -0.008485015 0.009663396 0.007356812 -0.045168288 -0.036197890 -0.014370985 0.002018376 -0.019919321 0.000854364 -0.024126910 0.007793214 -0.019519806 -0.023836333 -0.035949066 0.012858269 -0.015961865 -0.011031677 0.380235136 0.001848858 0.436041355 -0.048262704 0.399612248 0.001164324
-0.037474781 -0.007287040 -0.016540453 0.003993486 -0.032654766 -0.047909360 -0.012075791 0.001238095 0.226094350 -0.003574086 0.225365043 0.003101924 0.139599085 -0.022853659 0.183034331 0.016918011 0.396423966 -0.009595466 0.009814313 0.007834035 -0.045970801 -0.036725409 -0.014529057 0.002286636 -0.020163398 0.000040411 -0.024452453 0.007115569 -0.019958887 -0.023643378 -0.036391146 0.011574103 -0.016190229 -0.011885074 0.380343825 0.002334293 0.437285244 -0.050967507 0.399900585 0.001570249
-0.038031194 -0.008359667 -0.016807485 0.004513681 -0.033057757 -0.051182412 -0.012209108 0.001637982 0.226393864 -0.004282204 0.225752771 0.003089413 0.140715227 -0.022792829 0.183642820 0.015737733 0.397285134 -0.010706894 0.009969402 0.008368564 -0.046793744 -0.036911838 -0.014689781 0.002621353 -0.020413244 -0.000853631 -0.024787035 0.006575260 -0.020419490 -0.023513464 -0.036832541 0.010291531 -0.016423209 -0.012827449 0.380454719 0.002789117 0.438631475 -0.053198077 0.400193542 0.001986201
-0.038600519 -0.009432826 -0.017081680 0.005036285 -0.033540893 -0.053934664 -0.012344753 0.002046763 0.226699278 -0.005091966 0.226149738 0.003206310 0.141835406 -0.022869600 0.184267536 0.014583795 0.398161799 -0.011803036 0.010128923 0.008937202 -0.047639061 -0.036842294 -0.014853129 0.003002132 -0.020668972 -0.001807760 -0.025130823 0.006184061 -0.020898372 -0.023480041 -0.037277553 0.009066565 -0.016660688 -0.013841266 0.380567700 0.003199345 0.440078974 -0.054977898 0.400491118 0.002394191
-0.039182778 -0.010491170 -0.017363135 0.005541738 -0.034101088 -0.056183521 -0.012482642 0.002446301 0.227010742 -0.005984052 0.226555929 0.003438476 0.142957404 -0.023103509 0.184911683 0.013505272 0.399053961 -0.012869560 0.010293183 0.009517482 -0.048509195 -0.036605000 -0.015019100 0.003408450 -0.020930693 -0.002801243 -0.025483957 0.005946271 -0.021392416 -0.023569334 -0.037730426 0.007947008 -0.016902737 -0.014907718 0.380682707 0.003553862 0.441626459 -0.056346409 0.400793314 0.002778011
-0.039778110 -0.011521195 -0.017651984 0.006012866 -0.034734640 -0.057964485 -0.012622700 0.002820309 0.227328300 -0.006937543 0.226971209 0.003768233 0.144079313 -0.023506047 0.185577795 0.012542950 0.399961859 -0.013894522 0.010462457 0.010088552 -0.049406957 -0.036287833 -0.015187740 0.003820518 -0.021198494 -0.003813527 -0.025846498 0.005859315 -0.021898750 -0.023800163 -0.038195543 0.006971681 -0.017149406 -0.016007697 0.380799681 0.003844608 0.443272591 -0.057356182 0.401100099 0.003123709
-0.040386759 -0.012511637 -0.017948383 0.006435342 -0.035437495 -0.059328444 -0.012764871 0.003154838 0.227652073 -0.007930932 0.227395505 0.004175466 0.145199805 -0.024081059 0.186267957 0.011728657 0.400885791 -0.014868575 0.010636968 0.010631875 -0.050335400 -0.035975255 -0.015359101 0.004220005 -0.021472476 -0.004825057 -0.026218491 0.005914583 -0.022414820 -0.024184059 -0.038677156 0.006169545 -0.017400719 -0.017122615 0.380918592 0.004066609 0.445016086 -0.058069903 0.401411563 0.003419940
-0.041009020 -0.013453705 -0.018252529 0.006797982 -0.036205433 -0.060338691 -0.012909120 0.003438606 0.227982074 -0.008943050 0.227828726 0.004638688 0.146318436 -0.024825512 0.186984152 0.011084897 0.401826203 -0.015785113 0.010816919 0.011131738 -0.051297691 -0.035745673 -0.015533259 0.004590641 -0.021752710 -0.005817958 -0.026599946 0.006098418 -0.022938481 -0.024725642 -0.039178595 0.005559486 -0.017656755 -0.018235063 0.381039500 0.004217885 0.446855694 -0.058557332 0.401727855 0.003658166
-0.041645229 -0.014341189 -0.018564645 0.007092904 -0.037034210 -0.061067790 -0.013055426 0.003663203 0.228318393 -0.009953886 0.228270635 0.005136055 0.147434652 -0.025730209 0.187727660 0.010625124 0.402783602 -0.016640265 0.011002510 0.011575605 -0.052297071 -0.035669319 -0.015710292 0.004918660 -0.022039333 -0.006776603 -0.026990844 0.006393181 -0.023467895 -0.025423262 -0.039702542 0.005150619 -0.017917689 -0.019329378 0.381162465 0.004299247 0.448790401 -0.058892239 0.402049035 0.003832739
-0.042295758 -0.015170403 -0.018884955 0.007315526 -0.037919734 -0.061594483 -0.013203801 0.003823144 0.228661031 -0.010945284 0.228721172 0.005646298 0.148548111 -0.026780773 0.188499466 0.010354074 0.403758645 -0.017432798 0.011193939 0.011954312 -0.053336795 -0.035806585 -0.015890304 0.005193117 -0.022332394 -0.007688029 -0.027391206 0.006778384 -0.024001706 -0.026269635 -0.040251367 0.004942965 -0.018183740 -0.020392084 0.381287545 0.004314013 0.450819463 -0.059149567 0.402375340 0.003940843
-0.042961057 -0.015940217 -0.019213744 0.007464457 -0.038858175 -0.062000658 -0.013354268 0.003915789 0.229009971 -0.011901483 0.229180172 0.006149563 0.149658903 -0.027958822 0.189300284 0.010268508 0.404752105 -0.018163929 0.011391401 0.012262122 -0.054420043 -0.036207013 -0.016073409 0.005406051 -0.022631954 -0.008542197 -0.027801061 0.007231839 -0.024539014 -0.027252825 -0.040827118 0.004928344 -0.018455107 -0.021412220 0.381414860 0.004267642 0.452942431 -0.059402838 0.402706951 0.003982332
-0.043641675 -0.016651835 -0.019551327 0.007541244 -0.039846033 -0.062368575 -0.013506882 0.003941195 0.229365289 -0.012809487 0.229647771 0.006628056 0.150767207 -0.029243043 0.190130457 0.010358124 0.405764788 -0.018837018 0.011595113 0.012496613 -0.055549894 -0.036908735 -0.016259722 0.005552507 -0.022938102 -0.009332095 -0.028220499 0.007730712 -0.025079358 -0.028357226 -0.041431498 0.005091546 -0.018731967 -0.022381552 0.381544501 0.004167330 0.455159187 -0.059721891 0.403044045 0.003959478
-0.044338226 -0.017308522 -0.019898068 0.007550044 -0.040880233 -0.062778331 -0.013661739 0.003901864 0.229727089 -0.013659318 0.230124190 0.007066524 0.151873350 -0.030610394 0.190990090 0.010606712 0.406797528 -0.019457243 0.011805356 0.012658433 -0.056729324 -0.037938487 -0.016449383 0.005630432 -0.023250917 -0.010053720 -0.028649651 0.008252513 -0.025622735 -0.029564610 -0.042066269 0.005411550 -0.019014446 -0.023294628 0.381676584 0.004021570 0.457470059 -0.060170978 0.403386921 0.003876634
-0.045051392 -0.017915295 -0.020254347 0.007497219 -0.041958164 -0.063305736 -0.013818962 0.003802391 0.230095506 -0.014444121 0.230609626 0.007452658 0.152978048 -0.032037210 0.191879302 0.010993399 0.407851249 -0.020031195 0.012022355 0.012751079 -0.057961196 -0.039312031 -0.016642520 0.005640489 -0.023570504 -0.010705939 -0.029088689 0.008775959 -0.026169585 -0.030855088 -0.042732559 0.005863204 -0.019302731 -0.024148744 0.381811261 0.003839694 0.459875673 -0.060807325 0.403735876 0.003739858
-0.045782082 -0.018478489 -0.020620581 0.007390889 -0.043077677 -0.064020611 -0.013978686 0.003649090 0.230470672 -0.015160122 0.231104344 0.007777321 0.154082552 -0.033500198 0.192797855 0.011494069 0.408926994 -0.020566652 0.012246350 0.012780474 -0.059248310 -0.041035034 -0.016839260 0.005585764 -0.023896962 -0.011290264 -0.029537829 0.009281721 -0.026720535 -0.032208104 -0.043430857 0.006418548 -0.019597044 -0.024943773 0.381948680 0.003631448 0.462377220 -0.061680060 0.404091179 0.003556551
-0.046531159 -0.019005518 -0.020997174 0.007240453 -0.044237103 -0.064985506 -0.014141077 0.003449563 0.230852738 -0.015806457 0.231608599 0.008034608 0.155188978 -0.034977295 0.193745151 0.012082525 0.410025775 -0.021072056 0.012477594 0.012754502 -0.060593344 -0.043104276 -0.017039731 0.005471405 -0.024230430 -0.011810523 -0.029997254 0.009753014 -0.027277002 -0.033603255 -0.044161145 0.007048214 -0.019897627 -0.025681959 0.382089049 0.003406585 0.464976221 -0.062829651 0.404453069 0.003335017
-0.047299445 -0.019504493 -0.021384567 0.007056121 -0.045435321 -0.066254899 -0.014306303 0.003212297 0.231241912 -0.016384946 0.232122779 0.008221755 0.156299055 -0.036448460 0.194721118 0.012731603 0.411148816 -0.021556139 0.012716365 0.012682534 -0.061998915 -0.045509163 -0.017244061 0.005304223 -0.024571177 -0.012272506 -0.030467249 0.010176013 -0.027840303 -0.035021275 -0.044923089 0.007722686 -0.020204740 -0.026367597 0.382232606 0.003174505 0.467674762 -0.064287722 0.404821843 0.003084052
-0.048087768 -0.019983830 -0.021783257 0.006848472 -0.046671715 -0.067874834 -0.014474543 0.002946244 0.231638357 -0.016899765 0.232647285 0.008338965 0.157414317 -0.037896302 0.195725352 0.013414609 0.412297189 -0.022027576 0.012962953 0.012574935 -0.063467555 -0.048233405 -0.017452391 0.005092275 -0.024919441 -0.012683565 -0.030948184 0.010540119 -0.028411848 -0.036444582 -0.045716289 0.008413520 -0.020518655 -0.027006702 0.382379532 0.002943929 0.470475376 -0.066077299 0.405197710 0.002812559
-0.048896994 -0.020451924 -0.022193778 0.006628012 -0.047946189 -0.069883041 -0.014645958 0.002660435 0.232042253 -0.017357025 0.233182639 0.008389119 0.158536300 -0.039306484 0.196757138 0.014106332 0.413472116 -0.022494674 0.013217680 0.012442583 -0.065001763 -0.051256858 -0.017664917 0.004844440 -0.025275437 -0.013052153 -0.031440482 0.010838078 -0.028993357 -0.037857797 -0.046540227 0.009094403 -0.020839652 -0.027606627 0.382530004 0.002722646 0.473381191 -0.068213396 0.405580968 0.002529192
-0.049728051 -0.020916875 -0.022616701 0.006404792 -0.049259115 -0.072309449 -0.014820769 0.002363645 0.232453823 -0.017764408 0.233729407 0.008377390 0.159666419 -0.040668119 0.197815642 0.014783860 0.414674878 -0.022965109 0.013480964 0.012296399 -0.066604026 -0.054557476 -0.017881775 0.004569958 -0.025639394 -0.013387416 -0.031944644 0.011065948 -0.029587243 -0.039248202 -0.047394361 0.009742020 -0.021168012 -0.028175678 0.382684261 0.002517314 0.476395756 -0.070703894 0.405971855 0.002242052
-0.050581910 -0.021386230 -0.023052616 0.006188086 -0.050611310 -0.075177118 -0.014999166 0.002064056 0.232873365 -0.018130684 0.234288096 0.008310896 0.160806060 -0.041973837 0.198900372 0.015427230 0.415906757 -0.023445696 0.013753235 0.012146970 -0.068276837 -0.058113243 -0.018103102 0.004278066 -0.026011558 -0.013698745 -0.032461181 0.011222945 -0.030195601 -0.040605977 -0.048278078 0.010336661 -0.021504013 -0.028722731 0.382842481 0.002333334 0.479523122 -0.073550783 0.406370550 0.001958432
-0.051459543 -0.021866685 -0.023502145 0.005986127 -0.052004013 -0.078503482 -0.015181300 0.001768994 0.233301163 -0.018465275 0.234859332 0.008198197 0.161956042 -0.043219838 0.200011164 0.016019994 0.417169094 -0.023942236 0.014034925 0.012004193 -0.070022762 -0.061904125 -0.018329019 0.003977631 -0.026392199 -0.013995402 -0.032990646 0.011311181 -0.030820405 -0.041924443 -0.049190756 0.010862706 -0.021847956 -0.029256847 0.383004874 0.002174777 0.482767791 -0.076751500 0.406777352 0.001684627
-0.052361988 -0.022363957 -0.023965932 0.005805910 -0.053438865 -0.082302019 -0.015367307 0.001484752 0.233737648 -0.018777836 0.235443756 0.008048828 0.163117334 -0.044405717 0.201148197 0.016549401 0.418463111 -0.024459375 0.014326474 0.011876985 -0.071844496 -0.065913990 -0.018559648 0.003676861 -0.026781606 -0.014286184 -0.033533622 0.011335314 -0.031463590 -0.043200012 -0.050132051 0.011308908 -0.022200128 -0.029786957 0.383171678 0.002044383 0.486134857 -0.080300584 0.407192439 0.001425790
-0.053290218 -0.022882674 -0.024444623 0.005653067 -0.054917891 -0.086584106 -0.015557316 0.001216460 0.234183103 -0.019077847 0.236042038 0.007872847 0.164291203 -0.045534071 0.202311814 0.017006788 0.419790119 -0.025000632 0.014628340 0.011773069 -0.073744886 -0.070132442 -0.018795112 0.003383056 -0.027180104 -0.014579126 -0.034090709 0.011302135 -0.032126170 -0.044432178 -0.051101744 0.011668434 -0.022560876 -0.030321550 0.383343071 0.001943579 0.489629865 -0.084191352 0.407616049 0.001185865
-0.054245073 -0.023426473 -0.024938887 0.005531791 -0.056443375 -0.091361210 -0.015751431 0.000968007 0.234637886 -0.019374270 0.236654818 0.007680419 0.165479302 -0.046610434 0.203502417 0.017387586 0.421151489 -0.025568379 0.014941020 0.011698809 -0.075726919 -0.074556597 -0.019035527 0.003102426 -0.027588032 -0.014881283 -0.034662500 0.011220139 -0.032809734 -0.045623198 -0.052099500 0.011938702 -0.022930535 -0.030868430 0.383519322 0.001872612 0.493259043 -0.088417813 0.408048362 0.000967562
-0.055227682 -0.023997827 -0.025449457 0.005444871 -0.058017962 -0.096647374 -0.015949741 0.000742030 0.235102326 -0.019675268 0.237282872 0.007481442 0.166683272 -0.047642786 0.204721957 0.017690644 0.422548741 -0.026163857 0.015265028 0.011659140 -0.077793777 -0.079192899 -0.019281007 0.002839970 -0.028005656 -0.015198501 -0.035249494 0.011099044 -0.033516221 -0.046777818 -0.053125303 0.012121182 -0.023309376 -0.031434521 0.383700609 0.001830653 0.497029006 -0.092976473 0.408489674 0.000772390
-0.056239262 -0.024598181 -0.025977107 0.005393744 -0.059644673 -0.102461979 -0.016152360 0.000539969 0.235576779 -0.019987982 0.237926871 0.007285168 0.167904705 -0.048641097 0.205971196 0.017918358 0.423983335 -0.026787281 0.015600921 0.011657525 -0.079948902 -0.084058844 -0.019531688 0.002599424 -0.028433330 -0.015535412 -0.035852317 0.010949271 -0.034247514 -0.047902953 -0.054179423 0.012220973 -0.023697617 -0.032025721 0.383887172 0.001815960 0.500946939 -0.097868390 0.408940136 0.000600731
-0.057281114 -0.025227990 -0.026522651 0.005378595 -0.061326854 -0.108832881 -0.016359385 0.000362118 0.236061662 -0.020318359 0.238587588 0.007099958 0.169145405 -0.049616825 0.207251266 0.018076330 0.425456911 -0.027437951 0.015949288 0.011696012 -0.082176805 -0.089184903 -0.019787736 0.002383277 -0.028871441 -0.015895369 -0.036471616 0.010781508 -0.035005502 -0.049007349 -0.055262577 0.012246292 -0.024095453 -0.032646809 0.384079218 0.001826078 0.505020738 -0.103101306 0.409399986 0.000451954
-0.058354605 -0.025886832 -0.027086949 0.005398507 -0.063068070 -0.115799963 -0.016570909 0.000207745 0.236557379 -0.020671057 0.239265710 0.006933041 0.170407027 -0.050582416 0.208563209 0.018172856 0.426971346 -0.028114475 0.016310755 0.011775324 -0.084157161 -0.094616890 -0.020049302 0.002192774 -0.029320415 -0.016280439 -0.037108123 0.010606326 -0.035791546 -0.050101243 -0.056375563 0.012207922 -0.024503106 -0.033301439 0.384277016 0.001858020 0.509260178 -0.108691871 0.409869492 0.000324552
-0.059461154 -0.026573559 -0.027670931 0.005451642 -0.064870894 -0.123419397 -0.016787020 0.000075245 0.237064287 -0.021049378 0.239962012 0.006790383 0.171691224 -0.051550817 0.209907860 0.018218294 0.428528368 -0.028814767 0.016685987 0.011895003 -0.085917473 -0.100422248 -0.020316558 0.002028035 -0.029780686 -0.016691467 -0.037762642 0.010433774 -0.036607090 -0.051195949 -0.057519343 0.012118572 -0.024920866 -0.033992145 0.384480804 0.001908464 0.513676405 -0.114668079 0.410348862 0.000216307
-0.060602237 -0.027286446 -0.028275579 0.005535434 -0.066737317 -0.131768674 -0.017007815 -0.000037692 0.237582803 -0.021455342 0.240677238 0.006676588 0.172999755 -0.052535102 0.211286396 0.018224509 0.430129826 -0.029536322 0.017075673 0.012053584 -0.087482199 -0.106692649 -0.020589661 0.001888149 -0.030252691 -0.017128173 -0.038435992 0.010273095 -0.037454344 -0.052303422 -0.058695100 0.011992275 -0.025349054 -0.034720369 0.384690851 0.001973937 0.518281639 -0.121072084 0.410838366 0.000124463
-0.061779398 -0.028023377 -0.028901912 0.005646784 -0.068669379 -0.140952900 -0.017233379 -0.000133917 0.238113478 -0.021889688 0.241412118 0.006594891 0.174334496 -0.053548120 0.212700203 0.018204307 0.431777567 -0.030276349 0.017480539 0.012248789 -0.088873066 -0.113547586 -0.020868761 0.001771334 -0.030736919 -0.017589293 -0.039129023 0.010132479 -0.038334928 -0.053435821 -0.059904125 0.011843736 -0.025788054 -0.035486605 0.384907454 0.002050996 0.523088992 -0.127963454 0.411338270 0.000045893
-0.062994234 -0.028781977 -0.029550994 0.005782282 -0.070669189 -0.151113331 -0.017463837 -0.000216624 0.238656804 -0.022352057 0.242167458 0.006547181 0.175697386 -0.054602109 0.214150533 0.018170940 0.433473557 -0.031031966 0.017901350 0.012477744 -0.090109393 -0.121139936 -0.021154020 0.001675115 -0.031233879 -0.018072745 -0.039842598 0.010018866 -0.039250497 -0.054605424 -0.061147880 0.011687782 -0.026238153 -0.036290500 0.385130882 0.002136381 0.528112471 -0.135423318 0.411848873 -0.000022715
-0.064248405 -0.029559774 -0.030223941 0.005938422 -0.072739370 -0.162438497 -0.017699327 -0.000289172 0.239213303 -0.022841081 0.242944062 0.006534115 0.177090421 -0.055708516 0.215638638 0.018137591 0.435219824 -0.031800345 0.018338922 0.012737186 -0.091208346 -0.129663929 -0.021445619 0.001596515 -0.031744104 -0.018575788 -0.040577583 0.009937845 -0.040202621 -0.055824291 -0.062427096 0.011538652 -0.026699616 -0.037131011 0.385361552 0.002227128 0.533366203 -0.143559605 0.412370473 -0.000084698
-0.065543674 -0.030354364 -0.030921932 0.006111786 -0.074883394 -0.175179720 -0.017939974 -0.000354945 0.239783332 -0.023354577 0.243742704 0.006555221 0.178515419 -0.056877658 0.217166260 0.018116808 0.437018365 -0.032578785 0.018794153 0.013023671 -0.092185199 -0.139367267 -0.021743735 0.001532216 -0.032268144 -0.019095225 -0.041334860 0.009893600 -0.041192912 -0.057104100 -0.063742675 0.011409693 -0.027172701 -0.038006570 0.385442525 0.002320756 0.538864791 -0.152514204 0.412903368 -0.000143270
-0.066881873 -0.031163543 -0.031802174 0.006299224 -0.077105604 -0.189673871 -0.018185899 -0.000417194 0.240367413 -0.023889717 0.244564280 0.006609016 0.179974511 -0.058118820 0.218735471 0.018120196 0.438871324 -0.033364892 0.019578289 0.013203180 -0.093053512 -0.150569528 -0.022048550 0.001478746 -0.032806601 -0.019627506 -0.042115327 0.009888920 -0.042222850 -0.058455918 -0.065096505 0.011313283 -0.027657634 -0.038915273 0.385369241 0.002415338 0.544622958 -0.162472889 0.413447887 -0.000201401
-0.068265013 -0.031985424 -0.032866258 0.006496857 -0.079411328 -0.206377000 -0.018437229 -0.000478907 0.240966126 -0.024443207 0.245409682 0.006693231 0.181470156 -0.059440162 0.220349312 0.018158026 0.440780878 -0.034156665 0.020696193 0.013268540 -0.093825340 -0.163690850 -0.022360256 0.001432644 -0.033360071 -0.020169046 -0.042919952 0.009925270 -0.043294206 -0.059890166 -0.066490874 0.011260441 -0.028154599 -0.039855044 0.385157734 0.002509522 0.550655425 -0.173679620 0.414004356 -0.000261695
-0.069695324 -0.032818500 -0.034091525 0.006700355 -0.081698954 -0.225916833 -0.018694108 -0.000542709 0.241580144 -0.025011487 0.246279866 0.006805009 0.183004707 -0.060848672 0.222010374 0.018239236 0.442749381 -0.034952585 0.022108385 0.013236148 -0.094511412 -0.179297730 -0.022679053 0.001390610 -0.033929169 -0.020716347 -0.043749761 0.010002906 -0.044408899 -0.061416596 -0.067928366 0.011260555 -0.028663678 -0.040823862 0.384821296 0.002602609 0.556977093 -0.186457753 0.414573073 -0.000326313
-0.071175016 -0.033661786 -0.035455834 0.006905376 -0.083732404 -0.249178737 -0.018956674 -0.000610775 0.242210075 -0.025590921 0.247175768 0.006941096 0.184580624 -0.062350269 0.223721191 0.018371258 0.444779277 -0.035751678 0.023779085 0.013125401 -0.095121257 -0.198178634 -0.023005154 0.001349636 -0.034514520 -0.021266136 -0.044605885 0.010121044 -0.045568980 -0.063044332 -0.069412321 0.011321296 -0.029185133 -0.041819770 0.384370983 0.002694542 0.563603342 -0.201242507 0.415154397 -0.000396946
-0.072706319 -0.034514926 -0.036938157 0.007107974 -0.085539915 -0.277452826 -0.019225083 -0.000684785 0.242856532 -0.026177954 0.248098329 0.007098047 0.186200559 -0.063949957 0.225484371 0.018559920 0.446873158 -0.036553524 0.025676105 0.012957723 -0.095663339 -0.221474767 -0.023338787 0.001307102 -0.035116758 -0.021815475 -0.045489416 0.010277998 -0.046776600 -0.064781941 -0.070945919 0.011448493 -0.029719241 -0.042841069 0.383816272 0.002785891 0.570549667 -0.218632400 0.415748686 -0.000474778
-0.074291542 -0.035378207 -0.038519002 0.007304958 -0.087146595 -0.312689781 -0.019499501 -0.000765887 0.243520215 -0.026769262 0.249048591 0.007272413 0.187867329 -0.065651976 0.227302596 0.018809455 0.449033797 -0.037358295 0.027770692 0.012755641 -0.096145190 -0.250919551 -0.023680190 0.001260857 -0.035736520 -0.022361856 -0.046401478 0.010471399 -0.048034016 -0.066637635 -0.072532527 0.011646203 -0.030266358 -0.043886494 0.383165359 0.002877818 0.577830672 -0.239473701 0.416356444 -0.000560474
-0.075933114 -0.036252543 -0.040180784 0.007494182 -0.088574745 -0.357993633 -0.019780098 -0.000854699 0.244201764 -0.027361877 0.250027716 0.007460900 0.189583808 -0.067460112 0.229177728 0.019122556 0.451264083 -0.038166728 0.030037299 0.012541915 -0.096573502 -0.289310336 -0.024029611 0.001209271 -0.036374521 -0.022903278 -0.047343232 0.010698399 -0.049343690 -0.068619460 -0.074175641 0.011916845 -0.030826943 -0.044955313 0.382425666 0.002972041 0.585458994 -0.265007138 0.416978091 -0.000654195
-0.077633634 -0.037139513 -0.041908070 0.007674747 -0.089844219 -0.418660969 -0.020067055 -0.000951321 0.244901866 -0.027953295 0.251036912 0.007660532 0.191352636 -0.069378041 0.231111869 0.019500358 0.453567147 -0.038980111 0.032453544 0.012338703 -0.096954226 -0.341536671 -0.024387309 0.001151256 -0.037031502 -0.023438305 -0.048315898 0.010955888 -0.050708257 -0.070735611 -0.075878739 0.012261381 -0.031401362 -0.046047427 0.381603986 0.003070772 0.593443334 -0.297137111 0.417614102 -0.000755631
-0.079395980 -0.038041271 -0.043687709 0.007847141 -0.090972640 -0.483254194 -0.020360572 -0.001055368 0.245621279 -0.028541531 0.252077460 0.007868774 0.193176985 -0.071409330 0.233107924 0.019942783 0.455946237 -0.039800234 0.034999989 0.012166889 -0.097292647 -0.414699286 -0.024753563 0.001086274 -0.037708163 -0.023966065 -0.049320802 0.011240689 -0.052130535 -0.072994724 -0.077645354 0.012679551 -0.031989958 -0.047163434 0.380706817 0.003176645 0.601781547 -0.338967115 0.418264985 -0.000864041
-0.081223242 -0.038960602 -0.045508865 0.008013327 -0.091975681 -0.540670395 -0.020660855 -0.001166023 0.246360838 -0.029125161 0.253150791 0.008083593 0.195060164 -0.073558114 0.235169172 0.020448929 0.458404630 -0.040629312 0.037659913 0.012045510 -0.097593464 -0.479732692 -0.025128659 0.001014314 -0.038405299 -0.024486251 -0.050359309 0.011549762 -0.053613197 -0.075406380 -0.079479069 0.013170162 -0.032593008 -0.048304666 0.379740417 0.003292636 0.610435128 -0.395979226 0.418931127 -0.000978293
-0.083118580 -0.039900891 -0.047362998 0.008176741 -0.092867270 -0.591706991 -0.020968109 -0.001282103 0.247121379 -0.029703369 0.254258364 0.008303556 0.197005704 -0.075829417 0.237299100 0.021017194 0.460945785 -0.041469980 0.040419139 0.011991322 -0.097860858 -0.537540138 -0.025512896 0.000935851 -0.039123740 -0.024999119 -0.051432859 0.011880369 -0.055159420 -0.077981278 -0.081383951 0.013731263 -0.033210952 -0.049473140 0.378711075 0.003421997 0.619192481 -0.463092655 0.419613093 -0.001096984
-0.084994294 -0.040866099 -0.049243815 0.008342263 -0.093659796 -0.637072921 -0.021282574 -0.001402110 0.247903779 -0.030275907 0.255401760 0.008527883 0.199017510 -0.078229494 0.239501268 0.021645479 0.463574350 -0.042325135 0.043265786 0.012018493 -0.098098539 -0.588924587 -0.025906589 0.000851802 -0.039864339 -0.025505451 -0.052542981 0.012230221 -0.056772877 -0.080731899 -0.083363600 0.014360599 -0.033843286 -0.050671645 0.377625018 0.003568220 0.554942727 -0.522749007 0.420311391 -0.001218506
-0.086661592 -0.041861773 -0.051147170 0.008516129 -0.094364263 -0.455175906 -0.021604482 -0.001524333 0.248708919 -0.030843096 0.256582558 0.008756466 0.201099694 -0.080766417 0.241779640 0.022331504 0.466297656 -0.043198030 0.046190094 0.012138459 -0.098309815 -0.412377417 -0.026310066 0.000763454 -0.040628012 -0.026006479 -0.053691342 0.012597609 -0.058457375 -0.083673000 -0.085212089 0.015055910 -0.034486830 -0.051903758 0.376488596 0.003734960 0.497820228 -0.575776875 0.421026647 -0.001341096
-0.088143639 -0.042896956 -0.053070921 0.008705783 -0.084990457 -0.293489695 -0.021934077 -0.001646916 0.249537751 -0.031405788 0.257802516 0.008989848 0.203256533 -0.083450057 0.244141102 0.023073038 0.469125092 -0.044092096 0.049184158 0.012359910 -0.088497609 -0.255446583 -0.026723681 0.000672397 -0.041415729 -0.026503848 -0.054879665 0.012981484 -0.060216997 -0.086822055 -0.086855188 0.015817273 -0.035136580 -0.053173862 0.375308216 0.003925988 0.445029676 -0.622912824 0.421759486 -0.001462910
-0.089461014 -0.043983605 -0.055014811 0.008919718 -0.076658182 -0.149768621 -0.022271615 -0.001767930 0.250391245 -0.031965300 0.259063512 0.009229205 0.205491960 -0.086292788 0.246595994 0.023868142 0.472067952 -0.045011036 0.052241791 0.012688885 -0.079775654 -0.115952529 -0.027147783 0.000580447 -0.042228486 -0.026999518 -0.056109834 0.013381531 -0.062055964 -0.090199947 -0.088315725 0.016648063 -0.035786282 -0.054487169 0.374090403 0.004145155 0.398083687 -0.664811373 0.422510505 -0.001582091
-0.090632007 -0.045135774 -0.056980256 0.009167323 -0.069251716 -0.022016551 -0.022617362 -0.001885437 0.251270443 -0.032523349 0.260367483 0.009476288 0.207810730 -0.089309812 0.249157280 0.024715407 0.475138783 -0.045958735 0.055358328 0.013128984 -0.072022803 0.008042200 -0.027582733 0.000489568 -0.043067321 -0.027495701 -0.057383850 0.013798215 -0.063978657 -0.093831845 -0.089613982 0.017554782 -0.036429036 -0.055849779 0.372841835 0.004396379 0.356332809 -0.702054560 0.423280448 -0.001696834
-0.091672897 -0.046369087 -0.058970157 0.009458723 -0.062668197 0.091540843 -0.022971606 -0.001997551 0.252176374 -0.033081915 0.261716485 0.009733372 0.210218057 -0.092519715 0.251839787 0.025614163 0.478351116 -0.046939157 0.058530450 0.013681661 -0.065131381 0.118259735 -0.028028894 0.000401798 -0.043933321 -0.027994763 -0.058703795 0.014232785 -0.065989897 -0.097748034 -0.090767980 0.018546719 -0.037057705 -0.057268761 0.371569186 0.004683625 0.319197476 -0.735159636 0.424069971 -0.001805436
-0.092598133 -0.047700208 -0.060988758 0.009804668 -0.056488797 0.192480743 -0.023334634 -0.002102490 0.253110230 -0.033643294 0.263112783 0.010003184 0.212718800 -0.095945157 0.254659623 0.026564665 0.481718987 -0.047956374 0.061756007 0.014346615 -0.059005670 0.216230869 -0.028486673 0.000319180 -0.044827640 -0.028499190 -0.060071860 0.014687287 -0.068095043 -0.101985246 -0.091793761 0.019635545 -0.037665267 -0.058752153 0.370279312 0.005010919 0.286167026 -0.764586329 0.424879789 -0.001906343
-0.093420558 -0.049146283 -0.063041463 0.010216400 -0.050455481 0.282205105 -0.023706751 -0.002198620 0.254073232 -0.034209944 0.264558822 0.010288835 0.215318874 -0.099613644 0.257634163 0.027568236 0.485256881 -0.049014542 0.065033890 0.015122216 -0.053560596 0.303316325 -0.028956484 0.000243706 -0.045751505 -0.029011505 -0.061490357 0.015164536 -0.070299804 -0.106587984 -0.092705563 0.020834960 -0.038245052 -0.060309026 0.368979126 0.005382386 0.256785750 -0.790743411 0.425710678 -0.001998176
-0.094151609 -0.050724611 -0.065134704 0.010705572 -0.044815313 0.361960083 -0.024088269 -0.002284486 0.255066752 -0.034784459 0.266057014 0.010593744 0.218024775 -0.103558525 0.260781080 0.028627329 0.488979548 -0.050117917 0.068363905 0.016006019 -0.048720531 0.380725622 -0.029438762 0.000177263 -0.046706218 -0.029534208 -0.062961787 0.015668090 -0.072610229 -0.111610211 -0.093516059 0.022160448 -0.038790945 -0.061949544 0.367675513 0.005802299 0.230650321 -0.813994110 0.426563442 -0.002079754
-0.094801433 -0.052452341 -0.067275815 0.011284220 -0.039710123 0.432853431 -0.024479512 -0.002358830 0.256092101 -0.035369456 0.267609924 0.010921569 0.220843345 -0.107819989 0.264117837 0.029745840 0.492901832 -0.051270865 0.071746632 0.016995290 -0.044418249 0.449533880 -0.029933963 0.000121584 -0.047693178 -0.030069727 -0.064488783 0.016202187 -0.075032651 -0.117117554 -0.094236493 0.023629099 -0.039297529 -0.063684955 0.366375446 0.006275161 0.207402468 -0.834661424 0.427438885 -0.002150105
-0.095379047 -0.054346316 -0.069472902 0.011964818 -0.035115331 0.495869696 -0.024880817 -0.002420606 0.257150769 -0.035967555 0.269220382 0.011276137 0.223782182 -0.112446673 0.267661721 0.030929163 0.497038692 -0.052477930 0.075183339 0.018087544 -0.040594000 0.510696769 -0.030442586 0.000078219 -0.048713837 -0.030620409 -0.066074118 0.016771689 -0.077574186 -0.123190194 -0.094876885 0.025259493 -0.039760169 -0.065527596 0.365085959 0.006805801 0.186714098 -0.853032410 0.428337842 -0.002208471
-0.095892489 -0.056423001 -0.071734741 0.012760394 -0.031028857 0.551884174 -0.025292533 -0.002468974 0.258244306 -0.036581289 0.270891219 0.011661400 0.226849794 -0.117497616 0.271429509 0.032184247 0.501404941 -0.053743891 0.078675985 0.019281069 -0.037194666 0.565063834 -0.030965136 0.000048524 -0.049769633 -0.031188466 -0.067720748 0.017382057 -0.080065943 -0.129926920 -0.095446117 0.027071644 -0.040175080 -0.067491002 0.363814056 0.007399498 0.168301865 -0.869362116 0.429261178 -0.002254299
-0.096348882 -0.058698513 -0.074070707 0.013684707 -0.027382512 0.601674855 -0.025715020 -0.002503291 0.259374321 -0.037213095 0.272625476 0.012081393 0.230055913 -0.123044819 0.275437713 0.033519678 0.506015182 -0.055073846 0.082227029 0.020575482 -0.034173038 0.613390088 -0.031502139 0.000033647 -0.050862171 -0.031775996 -0.069431812 0.018039294 -0.082280837 -0.137452692 -0.095952109 0.029087074 -0.040539142 -0.069590025 0.362566829 0.008062097 0.151913464 -0.883877456 0.430209875 -0.002287216
-0.096754558 -0.061188959 -0.076490678 0.014752540 -0.024125211 0.645933211 -0.026148643 -0.002523093 0.260542542 -0.037865281 0.274426430 0.012540173 0.233413726 -0.129176795 0.279702783 0.034945749 0.510883808 -0.056473304 0.085839398 0.021972291 -0.031487145 0.656346738 -0.032054145 0.000034532 -0.051993173 -0.032384969 -0.071210682 0.018749928 -0.084249638 -0.145929307 -0.096401870 0.031328999 -0.040850025 -0.071840882 0.361351371 0.008800277 0.137326747 -0.896779954 0.431184858 -0.002307009
-0.097115166 -0.063910693 -0.079004996 0.015980106 -0.021208853 0.685273945 -0.026593784 -0.002528071 0.261750758 -0.038540017 0.276297599 0.013041808 0.236938015 -0.136002645 0.284240395 0.036474608 0.516025007 -0.057948310 0.089516476 0.023475446 -0.029099684 0.694530427 -0.032621734 0.000051927 -0.053164467 -0.033017244 -0.073061056 0.019521002 -0.085999675 -0.155564129 -0.096801661 0.033822469 -0.041106176 -0.074261308 0.360174805 0.009621723 0.124344893 -0.908248842 0.432187110 -0.002313604
-0.097435698 -0.066880822 -0.081337772 0.017385624 -0.018590704 0.720243514 -0.027050847 -0.002518042 0.263000965 -0.039239325 0.278242737 0.013590390 0.240645528 -0.143658817 0.289065361 0.038120396 0.521452427 -0.059505593 0.093263410 0.025091888 -0.026977496 0.728471458 -0.033205502 0.000086411 -0.054377984 -0.033674587 -0.074986756 0.020360030 -0.087555267 -0.166623950 -0.097157039 0.036595061 -0.041306835 -0.076870799 0.359045565 0.010535403 0.112791285 -0.918443441 0.433217704 -0.002307027
-0.097720623 -0.070117705 -0.083411358 0.018992206 -0.016242072 0.751327574 -0.027520260 -0.002492921 0.264295191 -0.039965108 0.280265838 0.014190056 0.244552940 -0.152318746 0.294191241 0.039899565 0.527179420 -0.061152734 0.097087167 0.026832171 -0.025091108 0.758641303 -0.033806082 0.000138409 -0.055635773 -0.034358718 -0.076991819 0.021275029 -0.088938013 -0.179455996 -0.097472921 0.039677426 -0.041451912 -0.079690859 0.357973695 0.011551905 0.102508508 -0.927505255 0.434277713 -0.002287382
-0.097973891 -0.073641770 -0.085254543 0.020829236 -0.014140746 0.778957844 -0.028002467 -0.002452683 0.265635550 -0.040719163 0.282371104 0.014845015 0.248677328 -0.162206024 0.299631119 0.041830845 0.533218861 -0.062898390 0.100995965 0.028711120 -0.023414318 0.785458922 -0.034424130 0.000208234 -0.056940012 -0.035071339 -0.079080567 0.022274565 -0.090167128 -0.194520146 -0.097753704 0.043104179 -0.041541703 -0.082745485 0.356970161 0.012683825 0.093356438 -0.935560226 0.435368329 -0.002254817
-0.098199010 -0.077476412 -0.086892925 0.022933107 -0.012258717 0.803518057 -0.028497914 -0.002397325 0.267024398 -0.041503217 0.284562916 0.015559562 0.253037184 -0.173614487 0.305397332 0.043935601 0.539583147 -0.064752497 0.104998916 0.030748589 -0.021923838 0.809296846 -0.035060342 0.000296117 -0.058292996 -0.035814214 -0.081257574 0.023367828 -0.091259666 -0.212440267 -0.098003298 0.046914943 -0.041576844 -0.086061656 0.356046647 0.013946290 0.085210703 -0.942720234 0.436490744 -0.002209469
-0.098399118 -0.081649095 -0.088349268 0.025348326 -0.010580137 0.825349391 -0.029007092 -0.002326832 0.268464208 -0.042318985 0.286846131 0.016338198 0.257650107 -0.186939076 0.311501771 0.046238322 0.546284258 -0.066726595 0.109105706 0.032970384 -0.020598967 0.830486059 -0.035715446 0.000402247 -0.059697174 -0.036589190 -0.083340064 0.024564764 -0.092230812 -0.234086573 -0.098225154 0.051155787 -0.041558180 -0.089670017 0.355215102 0.015357610 0.077960894 -0.949084640 0.437646210 -0.002151442
-0.098576993 -0.086192720 -0.089643791 0.028129121 -0.009090731 0.844754994 -0.029530516 -0.002241145 0.269957513 -0.043168213 0.289227992 0.017185710 0.262533665 -0.202724352 0.317955822 0.048767090 0.553333342 -0.068834119 0.113326386 0.035409376 -0.019421304 0.849320948 -0.036390189 0.000526803 -0.061155129 -0.037398309 -0.085191168 0.025878303 -0.093094058 -0.260717422 -0.098422356 0.055881210 -0.041486874 -0.093605742 0.354487687 0.016940128 0.071508430 -0.954741895 0.438836038 -0.002080782
-0.098735109 -0.091147214 -0.090794481 0.031341754 -0.007772889 0.862004459 -0.030068716 -0.002140129 0.271507084 -0.044052739 0.291719377 0.018107276 0.267705381 -0.221745029 0.324770302 0.051554535 0.560741246 -0.071090855 0.117671043 0.038107131 -0.018374493 0.866063058 -0.037085351 0.000669995 -0.062669590 -0.038243856 -0.086836591 0.027325878 -0.093861386 -0.294237137 -0.098597653 0.061156783 -0.041364364 -0.097909600 0.353876412 0.018721325 0.065765485 -0.959770560 0.440061659 -0.001997453
-0.098875649 -0.096561700 -0.091817319 0.035067927 -0.006610530 0.877337277 -0.030622244 -0.002023540 0.273115724 -0.044974547 0.294333786 0.019108575 0.273181260 -0.245145574 0.331955433 0.054638997 0.568518341 -0.073515438 0.122149698 0.041115940 -0.017443994 0.880944967 -0.037801761 0.000832100 -0.064243548 -0.039128423 -0.088299192 0.028929010 -0.094543450 -0.337695539 -0.098753467 0.067061856 -0.041191880 -0.102629542 0.353393167 0.020735307 0.060653977 -0.964240491 0.441324472 -0.001901314
-0.099000581 -0.102497108 -0.092726506 0.039409753 -0.005583268 0.890966475 -0.031191675 -0.001891007 0.274786592 -0.045935847 0.297086567 0.020195922 0.278973222 -0.274699211 0.339520663 0.058065437 0.576674521 -0.076129980 0.126772180 0.044501677 -0.016616883 0.894173324 -0.038540300 0.001013497 -0.065880090 -0.040055007 -0.089599282 0.030712830 -0.095149733 -0.396358192 -0.098891973 0.073693842 -0.040970657 -0.107822530 0.353049487 0.023024838 0.056104008 -0.968213797 0.442625999 -0.001792101
-0.099111624 -0.109029382 -0.093534671 0.044496879 -0.004676961 0.903081298 -0.031777587 -0.001742015 0.276522964 -0.046939146 0.299994379 0.021376446 0.285085946 -0.313329250 0.347474813 0.061887234 0.585219204 -0.078960873 0.131548047 0.048347887 -0.015881674 0.905931830 -0.039301895 0.001214696 -0.067582496 -0.041027106 -0.090754919 0.032705788 -0.095688656 -0.463429511 -0.099015087 0.081174426 -0.040701889 -0.113557041 0.352856606 0.025644206 0.052053850 -0.971745610 0.443967819 -0.001669413
-0.099210337 -0.116253927 -0.094253041 0.050497279 -0.003878372 0.913850069 -0.032380600 -0.001575876 0.278328389 -0.047987338 0.303074658 0.022658275 0.291519701 -0.366275281 0.355826050 0.066168681 0.594161332 -0.082039826 0.136486456 0.052761655 -0.015228155 0.916383862 -0.040087517 0.001436367 -0.069354258 -0.042048819 -0.091782153 0.034939494 -0.096167691 -0.523048460 -0.099124521 0.089657478 -0.040386662 -0.119916551 0.352825195 0.028663265 0.048448596 -0.974884987 0.445351541 -0.001532704
-0.099298075 -0.124291509 -0.094891593 0.057633702 -0.003175009 0.923422277 -0.033001360 -0.001391719 0.280206561 -0.049083792 0.306345254 0.024050757 0.298259616 -0.436689138 0.364582330 0.070988119 0.603509188 -0.085405216 0.141596198 0.057882350 -0.014647248 0.925674498 -0.040898196 0.001679361 -0.071199112 -0.043124948 -0.092695244 0.037448686 -0.096593507 -0.576043069 -0.099221796 0.099340327 -0.040025908 -0.127004057 0.352965623 0.032173432 0.045239367 -0.977675498 0.446778923 -0.001381275
-0.099376068 -0.133296475 -0.095459193 0.066209547 -0.002555585 0.931930900 -0.033640545 -0.001188485 0.282161474 -0.050232425 0.309824079 0.025564713 0.266927063 -0.499279231 0.373752058 0.076442376 0.613270462 -0.089103937 0.146885633 0.063894905 -0.014130888 0.933932900 -0.041735012 0.001944734 -0.073121049 -0.044261120 -0.093506880 0.040271409 -0.096972004 -0.623149395 -0.099308260 0.110479832 -0.039620299 -0.134948298 0.353287607 0.036296681 0.042382654 -0.980156004 0.448251784 -0.001214275
-0.099445395 -0.143468484 -0.095963724 0.076651119 -0.002010293 0.939494133 -0.034298871 -0.000964920 0.284197360 -0.051437825 0.313528925 0.027212743 0.239025041 -0.554914892 0.383342683 0.082653239 0.623452604 -0.093193717 0.152362570 0.071050718 -0.013671900 0.941273689 -0.042599108 0.002233760 -0.075124308 -0.045463920 -0.094228342 0.043449532 -0.097308449 -0.645710886 -0.099385120 0.123416349 -0.039170612 -0.143912822 0.353800476 0.041199483 0.039839722 -0.982360899 0.449772090 -0.001030715
-0.099507019 -0.155069202 -0.096412204 0.089579985 -0.001530901 0.946217000 -0.034977078 -0.000719574 0.286318749 -0.052705325 0.317477316 0.029009588 0.213556424 -0.604368746 0.393360972 0.089776352 0.634062588 -0.097746268 0.158034459 0.079701796 -0.013263911 0.947798848 -0.043491688 0.002547944 -0.077213399 -0.046741053 -0.094869636 0.047029424 -0.087607510 -0.462854117 -0.099453442 0.138610959 -0.038677797 -0.154108033 0.354512841 0.047115594 0.037576072 -0.984320819 0.451341867 -0.000829444
-0.099561788 -0.168447539 -0.096810848 0.105944432 -0.001109512 0.952192903 -0.035675939 -0.000450792 0.288530439 -0.054041162 0.321686238 0.030972574 0.190747961 -0.648327768 0.403812945 0.098013617 0.645106912 -0.102851853 0.163907960 0.090358861 -0.012901255 0.953598976 -0.044414014 0.002889037 -0.079393141 -0.048101529 -0.095439680 0.051063068 -0.078984454 -0.300314784 -0.099514171 0.156703830 -0.038142528 -0.165809765 0.355432570 0.054384571 0.035560913 -0.986062944 0.452963263 -0.000609162
-0.099610478 -0.184079155 -0.097165197 0.127276897 -0.000740387 0.957504809 -0.036396258 -0.000156721 0.290837586 -0.055452596 0.326172203 0.033122145 0.170315772 -0.687402487 0.414704055 0.107632652 0.656591952 -0.108625792 0.169988960 0.103796601 -0.012578893 0.958754659 -0.045367379 0.003259012 -0.081668682 -0.049555901 -0.095946379 0.055609599 -0.071319513 -0.155835345 -0.099568151 0.178612277 -0.037565719 -0.179387033 0.356566489 0.063521013 0.033766970 -0.987611532 0.454638511 -0.000368424
-0.099653758 -0.202629894 -0.097480178 0.156250238 -0.000416601 0.962226510 -0.037138883 0.000164699 0.293245703 -0.056948096 0.330951035 0.035482559 0.152016312 -0.722135544 0.426039457 0.118996330 0.668523550 -0.115217835 0.176281616 0.121258572 -0.012292350 0.963337481 -0.046353187 0.003660132 -0.083705492 -0.051116508 -0.096396782 0.060737487 -0.064506233 -0.027409201 -0.099616133 0.205701828 -0.036947723 -0.195345685 0.357920438 0.075348243 0.032169949 -0.988987982 0.456369996 -0.000105661
-0.099692233 -0.225062415 -0.097760156 0.198058918 -0.000132826 0.966423571 -0.037904650 0.000515704 0.295763254 -0.058537520 0.336038023 0.038082726 0.135621443 -0.753009379 0.437822580 0.132611021 0.680906534 -0.122826084 0.182787806 0.144895628 -0.012037644 0.967411101 -0.047372926 0.004094932 -0.085515991 -0.052800592 -0.096797138 0.066527396 -0.058449987 0.086747378 -0.099658787 0.240102783 -0.036288675 -0.214398235 0.359496772 0.091283016 0.030748244 -0.990211546 0.458160222 0.000180843
-0.099726431 -0.252827793 -0.098009028 0.264635324 0.000115718 0.970154285 -0.038694464 0.000898772 0.298401088 -0.060232367 0.341447651 0.040957343 0.120934218 -0.780452788 0.450058371 0.149205998 0.693745673 -0.131718606 0.189502567 0.178840905 -0.011811239 0.971032083 -0.048428148 0.004566228 -0.087125331 -0.054630335 -0.097153015 0.073076054 -0.053066656 0.188219890 -0.099696696 0.285362124 -0.035590157 -0.237584308 0.361288577 0.114024170 0.029482603 -0.991299152 0.460011810 0.000492945
-0.099756822 -0.288228810 -0.098230243 0.346342504 0.000333556 0.973470449 -0.039509285 0.001316611 0.301171631 -0.062046088 0.347193867 0.044148307 0.107781552 -0.804846883 0.462749660 0.169875473 0.707045138 -0.142267942 0.196379527 0.232424632 -0.011609990 0.974250734 -0.049520511 0.005077154 -0.088555850 -0.056632940 -0.097469345 0.080501623 -0.048281472 0.278417677 -0.099730402 0.347925097 -0.034853529 -0.266488284 0.363241553 0.149574459 0.028355895 -0.992265940 0.461927503 0.000832641
-0.099783845 -0.335182220 -0.098426886 0.418971121 0.000524543 0.976418197 -0.040350121 0.001772168 0.304088473 -0.063994437 0.353289515 0.047706693 0.096006431 -0.826530576 0.475893617 0.196347892 0.720807910 -0.155008480 0.176967770 0.317710787 -0.011431103 0.977111757 -0.050651807 0.005631175 -0.089827418 -0.058840755 -0.097750530 0.088951051 -0.044027973 0.358593494 -0.099760354 0.420377851 -0.034078490 -0.303664953 0.343535364 0.215435803 0.027352871 -0.993125260 0.463910252 0.001202067
-0.099807858 -0.401040941 -0.085008949 0.261307657 0.000692529 0.979038358 -0.041218031 0.002268650 0.307165980 -0.066095985 0.359746993 0.051695284 0.085464045 -0.845804989 0.489481568 0.231546342 0.735034406 -0.170737609 0.159757659 0.393520713 -0.011272091 0.979654908 -0.051823910 0.006232085 -0.090957709 -0.061291765 -0.098000467 0.098610334 -0.040247086 0.429860890 -0.099786982 0.484780312 -0.033270441 -0.353549302 0.307844102 0.302609593 0.026459953 -0.993889153 0.465963095 0.001603518
-0.099829212 -0.467591941 -0.073055588 0.121162362 0.000840239 0.981367469 -0.042114113 0.002809546 0.310418785 -0.068372689 0.366578251 0.056192078 0.076022327 -0.862937748 0.503477693 0.280890852 0.749716640 -0.190706268 0.144443482 0.460907280 -0.011130747 0.981915474 -0.053038806 0.006884046 -0.091962405 -0.064030357 -0.098222643 0.109719172 -0.036886301 0.493209660 -0.099810652 0.542026937 -0.032445218 -0.424703956 0.276110232 0.380097419 0.025665049 -0.994568110 0.468089312 0.002039465
-0.099848188 -0.526748419 -0.062437128 -0.003411235 0.000970102 0.983437717 -0.043039531 0.003398657 0.313861668 -0.070850752 0.373794675 0.061295062 0.067564100 -0.878166914 0.449570477 0.355935156 0.764808238 -0.217010543 0.130811915 0.520806491 -0.011005109 0.983924866 -0.054298609 0.007591622 -0.092855468 -0.067108572 -0.098420121 0.122592345 -0.033898935 0.549519718 -0.099831693 0.592912853 -0.031661309 -0.488625765 0.247885674 0.448975474 0.024957398 -0.995171666 0.470292360 0.002512541
-0.099865057 -0.579331934 -0.053012811 -0.114143319 0.001084257 0.985278010 -0.043995496 0.004040131 0.317509234 -0.073561601 0.381407231 0.067129269 0.059985209 -0.891703904 0.401553035 0.427497923 0.740010083 -0.253493458 0.118679374 0.574050188 -0.010893431 0.985710979 -0.055605542 0.008359826 -0.093649305 -0.070587948 -0.098595664 0.137651965 -0.031243498 0.599573076 -0.099850394 0.415922523 -0.039254498 -0.545445085 0.222776175 0.510200441 0.024327427 -0.995708108 0.472575873 0.003025571
-0.099880047 -0.626072824 -0.044630881 -0.212571844 0.001184463 0.986913741 -0.044983275 0.004738518 0.321375847 -0.076543294 0.389426291 0.073856890 0.053187206 -0.903736770 0.358829945 0.491109252 0.661743581 -0.308205068 0.107879616 0.621377945 -0.010794160 0.987298667 -0.056961972 0.009194179 -0.094354942 -0.074542224 -0.098751701 0.155477926 -0.028883109 0.644064963 -0.067108825 0.258597821 -0.046003997 -0.595951200 0.200440168 0.564622581 0.023766614 -0.996185005 0.474943668 0.003581604
-0.099893376 -0.445398062 -0.037158035 -0.300063848 0.001272353 0.988367796 -0.046004191 0.005498826 0.325475395 -0.079842366 0.397861868 0.081692338 0.047088932 -0.914432704 0.317848831 0.547652662 0.592156410 -0.385071158 0.098268740 0.663447082 -0.010705920 0.988709927 -0.058370452 0.010100785 -0.094982170 -0.079061434 -0.098890401 0.176890165 -0.026784984 0.683613300 -0.060763404 0.118753605 -0.052003555 -0.418623298 0.180569351 0.612997890 0.023267370 -0.996608913 0.477399796 0.004183958
-0.099905223 -0.284798265 -0.030507719 -0.377834529 0.001349428 0.989660263 -0.047059633 0.006326595 0.329821259 -0.083516389 0.406723559 0.090925395 0.041617807 -0.923940182 0.281421185 0.597913504 0.530254900 -0.453396589 0.089708671 0.700841844 -0.010627485 0.989964366 -0.059833664 0.011086415 -0.095539704 -0.084257454 -0.099013694 0.203088894 -0.024919987 0.718767345 -0.055123024 -0.005552351 -0.055335242 -0.260998487 0.162892491 0.655998111 0.022822930 -0.996985674 0.479948550 0.004836260
-0.089915752 -0.142042905 -0.024589114 -0.446964025 0.001417003 0.990809143 -0.048151087 0.007228012 0.334426254 -0.087637462 0.416020453 0.101958536 0.036709648 -0.932391286 0.249041051 0.642589748 0.470226586 -0.514130294 0.082084969 0.734081626 -0.010557764 0.991079450 -0.061354447 0.012158622 -0.096035294 -0.090272583 -0.099123284 0.235906929 -0.023262210 0.750015438 -0.050109357 -0.116046533 -0.050297990 -0.120887548 0.147164553 0.694220543 0.022427283 -0.997320592 0.482594371 0.005542501
-0.081036225 -0.015149250 -0.019331397 -0.508412480 0.001476212 0.991830349 -0.049280107 0.008209992 0.339302689 -0.092297211 0.425760716 0.115368761 0.032304741 -0.939903378 0.220258713 0.682301998 0.416868091 -0.568115830 0.075291358 0.763628125 -0.010495790 0.992070615 -0.062935837 0.013325863 -0.096475817 -0.097292297 -0.099220693 0.278308004 -0.021788631 0.777791500 -0.045652762 -0.214263588 -0.045820437 0.003655516 0.133166999 0.728196025 0.022075074 -0.997618318 0.485342145 0.006307101
-0.073143311 0.097645111 -0.014664966 -0.563033283 0.001528078 0.992738068 -0.050448295 0.009280294 0.344462305 -0.097614005 0.435952216 0.132016793 0.028351629 -0.946580768 0.194674417 0.717601776 0.369438291 -0.616102934 0.069237567 0.789891660 -0.010440703 0.992951632 -0.064581089 0.014597661 -0.096867390 -0.105564803 -0.099307284 0.335460424 -0.020478783 0.802481353 -0.041691344 -0.301567644 -0.041840389 0.114360459 0.120708413 0.758396506 0.021761531 -0.997882962 0.488196880 0.007134985
-0.066127390 0.197906762 -0.010527030 -0.611585140 0.001573502 0.993544936 -0.051657312 0.010447666 0.349916309 -0.103743613 0.446601510 0.153252125 0.024803631 -0.952516258 0.171932817 0.748979390 0.327278495 -0.658758163 0.063843109 0.813237011 -0.010391735 0.993734777 -0.066293620 0.015984807 -0.097215459 -0.115432218 -0.099384256 0.409298152 -0.019314473 0.824427843 -0.038170081 -0.379171222 -0.038302567 0.212764859 0.109620444 0.785241306 0.021482412 -0.998118162 0.491163969 0.008031668
-0.059891012 0.287028223 -0.006855232 -0.654742360 0.001613273 0.994262159 -0.052908905 0.011722051 0.355675220 -0.110895589 0.457709551 0.181333423 0.021618551 -0.957792222 0.151718050 0.776870549 0.289803088 -0.696673930 0.059035845 0.833988488 -0.010348209 0.994430959 -0.068077043 0.017499592 -0.097524852 -0.127382189 -0.099452667 0.474931687 -0.018279532 0.843935847 -0.035040073 -0.448152214 -0.035157837 0.300235420 0.099752419 0.809103370 0.021233935 -0.998327255 0.494249135 0.009003362
-0.054347567 0.366247326 -0.003598407 -0.693104327 0.001648087 0.994899690 -0.054204900 0.013114790 0.361748964 -0.119359076 0.469261110 0.220396712 0.018758785 -0.962481976 0.133749381 0.801662743 0.256491631 -0.730376840 0.054752611 0.852434218 -0.010309519 0.995049715 -0.069935262 0.019156091 -0.097799867 -0.142138019 -0.099513486 0.533272624 -0.017359585 0.861276329 -0.032257844 -0.509468615 -0.032362521 0.377987057 0.090969555 0.830314100 0.021012744 -0.998513103 0.497458369 0.010057122
-0.049420059 0.436664283 -0.000710969 -0.727203846 0.001678554 0.995466411 -0.055547193 0.014638867 0.368147016 -0.129545480 0.421148181 0.279092968 0.016191244 -0.966650605 0.117777228 0.823700190 0.226881459 -0.760334969 0.050936017 0.868830383 -0.010275128 0.995599747 -0.071872421 0.020970499 -0.098044328 -0.160826489 -0.099567540 0.585131228 -0.016541854 0.876690090 -0.029784748 -0.563972116 -0.029877799 0.447099596 0.083151154 0.849168122 0.020815840 -0.998678327 0.500798106 0.011200972
-0.045040052 0.499257147 0.001849557 -0.757514536 0.001705211 0.995970130 -0.056937750 0.016309315 0.374878228 -0.142062500 0.378281504 0.359193742 0.013885692 -0.970356107 0.103579760 0.843289077 0.200561300 -0.786964417 0.047535859 0.883404791 -0.010244559 0.996088684 -0.073892973 0.022961572 -0.098261625 -0.185317561 -0.099615589 0.631227732 -0.015814980 0.890391171 -0.027586443 -0.612419665 -0.027669154 0.508533001 0.076192386 0.865927219 0.020640559 -0.998825192 0.504275143 0.012444082
-0.041146714 0.554895222 0.004117895 -0.784457386 0.001728525 0.996417880 -0.058378622 0.018143611 0.381950438 -0.157851219 0.339999735 0.430394441 0.011815445 -0.973649859 0.090959787 0.860701382 0.177165598 -0.810635030 0.044506844 0.896359801 -0.010217385 0.996523261 -0.076001666 0.025151137 -0.098454781 -0.218993843 -0.093382895 0.449980229 -0.015168872 0.902569950 -0.025632394 -0.655484140 -0.025705915 0.563140392 0.069998555 0.880824208 0.020484526 -0.998955727 0.507896721 0.013796994
-0.037685968 0.604351342 0.006127197 -0.808406532 0.001748913 0.996815920 -0.059871927 0.020162161 0.389370561 -0.178460687 0.301110864 0.493683934 0.009956972 -0.976577699 0.079742029 0.876178980 0.156369418 -0.831675589 0.041808188 0.907875419 -0.010193232 0.996909559 -0.078203626 0.027564764 -0.098626472 -0.268790960 -0.084118128 0.288871288 -0.014594552 0.913395524 -0.023895461 -0.693763673 -0.023960812 0.611680388 0.064485528 0.894065917 0.020345626 -0.999071777 0.511670589 0.015271894
-0.034609750 0.648312271 0.007906180 -0.829694688 0.001766735 0.997169733 -0.061419867 0.022388937 0.397144794 -0.206661314 0.266543001 0.549941301 0.008288840 -0.979180157 0.069770694 0.889936924 0.137883931 -0.850378275 0.039403562 0.918111444 -0.010171762 0.997252941 -0.080504306 0.030232595 -0.098779082 -0.350036412 -0.075882785 0.145663381 -0.014084047 0.923018217 -0.022351522 -0.727789938 -0.022409612 0.654826999 0.059578937 0.905836403 0.020221980 -0.999174893 0.515604973 0.016882928
-0.031875331 0.687388718 0.009480667 -0.848617494 0.001782311 0.997484207 -0.063024752 0.024852293 0.405272484 -0.248038098 0.235816002 0.599947810 0.006791729 -0.981493473 0.060907282 0.902166128 0.121452384 -0.867002904 0.037260957 0.927210212 -0.010152677 0.997558177 -0.082670495 0.033190392 -0.098914742 -0.422254592 -0.068562470 0.018367449 -0.013630264 0.931571722 -0.020979131 -0.758035481 -0.021030765 0.693179548 0.055212110 0.916299045 0.020111913 -0.999266565 0.519709826 0.018646622
-0.029444739 0.722123265 0.010872071 -0.865437806 0.001795919 0.997763693 -0.064687908 0.027586002 0.364863008 -0.316226780 0.208503112 0.644398034 0.005447006 -0.983549774 0.053028695 0.913036585 0.106846564 -0.881780386 0.035351813 0.935297966 -0.010135713 0.997829497 -0.084595993 0.036483303 -0.099035323 -0.486448526 -0.062055532 -0.094784491 -0.013226901 0.939174891 -0.019759227 -0.784920454 -0.019805126 0.727270722 0.051325575 0.925599098 0.020013932 -0.999348044 0.523996830 0.020582424
-0.027284212 0.752998471 0.012100439 -0.880389154 0.001807804 0.998012185 -0.066409461 0.030630579 0.328924775 -0.392201573 0.184224993 0.683909357 0.004239262 -0.985377550 0.046025507 0.922699153 0.093863614 -0.894915879 0.033650715 0.942487061 -0.010120634 0.998070657 -0.086307548 0.040168568 -0.099142514 -0.321287572 -0.056271583 -0.195363984 -0.012868357 0.945933223 -0.018674869 -0.808818161 -0.018715667 0.757573962 0.047866654 0.933865905 0.019926712 -0.999420524 0.528479218 0.022713343
-0.025363745 0.780443072 0.013184354 -0.893679261 0.001818180 0.998233080 -0.068188876 0.034035053 0.294180661 -0.459734738 0.162644431 0.719030559 0.003154640 -0.987002254 0.039800450 0.931288123 0.082323208 -0.906591892 0.032135174 0.948877394 -0.010107229 0.998285055 -0.087828934 0.044317231 -0.089237787 -0.174477845 -0.051130295 -0.284767985 -0.012549650 0.951940656 -0.017710995 -0.830060601 -0.017747259 0.784510195 0.044788308 0.941214144 0.019849075 -0.999484897 0.533171475 0.025066797
-0.023656663 0.804838300 0.014140537 -0.905492663 0.001827236 0.998429358 -0.070025347 0.037859324 0.263257354 -0.519764185 0.143461719 0.750249386 0.002180680 -0.988446474 0.034267068 0.938922822 0.072065078 -0.916970611 0.030784829 0.954557657 -0.010095315 0.998475552 -0.089181274 0.049016710 -0.080433592 -0.043980304 -0.046560265 -0.364238203 -0.012266356 0.957280576 -0.016854217 -0.848942757 -0.016886452 0.808453500 0.042048868 0.947745860 0.019779971 -0.999542117 0.538088620 0.027675724
-0.022139255 0.826522946 0.014983831 -0.915993452 0.001835137 0.998603880 -0.071918152 0.042177301 0.235753670 -0.573123753 0.126410410 0.777999461 0.001306164 -0.989730179 0.029348506 0.945709169 0.062946737 -0.926196098 0.029581729 0.959606826 -0.010084725 0.998644948 -0.090383358 0.054374583 -0.072607636 0.072017506 -0.042498011 -0.434878409 -0.012014539 0.962027192 -0.016092638 -0.865726888 -0.016121291 0.829736471 0.039611001 0.953551888 0.019718461 -0.999593019 0.543246448 0.030580003
-0.020790448 0.845798194 0.015727112 -0.925327539 0.001842028 0.998759031 -0.073866963 0.047081225 0.211278737 -0.620554447 0.111253701 0.802666187 0.000521009 -0.990871310 0.024976449 0.951741457 0.054841541 -0.934396505 0.028509812 0.964094937 -0.010075311 0.998795509 -0.091451868 0.060523961 -0.065651231 0.175126672 -0.038887121 -0.497669697 -0.011790701 0.966246367 -0.015415678 -0.880646110 -0.015441148 0.848654628 0.037441496 0.958712816 0.019663712 -0.999638200 0.548661172 0.033828370
-0.019591510 0.862931728 0.016381616 -0.933624446 0.001848036 0.998896897 -0.075872041 0.052687723 0.189492121 -0.662715077 0.097781070 0.824592173 -0.000183855 -0.991885602 0.021090176 0.957103550 0.047636926 -0.941685796 0.027554777 0.968084395 -0.010066943 0.998929322 -0.092401661 0.067631416 -0.059467763 0.266779274 -0.035677440 -0.553484201 -0.011591734 0.969996810 -0.014813935 -0.893907666 -0.014807716 0.865470767 0.035510808 0.963300288 0.019614981 -0.999678433 0.554349184 0.037481103
-0.018525787 0.878161490 0.016957859 -0.940999508 0.001853271 0.999019504 -0.077934533 0.059146490 0.170089364 -0.700191140 0.085805394 0.844081938 -0.000816638 -0.992787182 0.017635712 0.961869776 0.041232824 -0.948165119 0.026703892 0.971630573 -0.010059505 0.999048293 -0.093245924 0.075908750 -0.053971343 0.348248243 -0.032824393 -0.603097022 -0.011414875 0.973330498 -0.014279054 -0.905695677 -0.014145868 0.880418479 0.033792783 0.967378020 0.019571608 -0.999714136 0.560327172 0.041613661
-0.017578477 0.891699135 0.017465172 -0.947555125 0.001857832 0.999128401 -0.080056407 0.066652730 0.152805299 -0.733503222 0.075160354 0.861406147 -0.001384723 -0.993588626 0.014565078 0.966106474 0.035540286 -0.953924596 0.025945816 0.974782765 -0.010052893 0.999154031 -0.093996376 0.085630454 -0.049085639 0.420665085 -0.030288350 -0.647197366 -0.011257666 0.976293743 -0.013803604 -0.916173935 -0.013477352 0.893705308 0.032263990 0.971002698 0.019533001 -0.999745905 0.566611946 0.046321765
-0.016736424 0.903732538 0.017911931 -0.953382373 0.001861801 0.999225259 -0.082240693 0.075466119 0.137405366 -0.763113976 0.065698087 0.876805484 -0.001894679 -0.994300961 0.011835624 0.969872415 0.030480254 -0.959044039 0.025270425 0.977584660 -0.010047017 0.999248028 -0.094663449 0.097160846 -0.044742789 0.485035658 -0.028034087 -0.686397672 -0.011117926 0.978927791 -0.013380981 -0.925487936 -0.012815314 0.905515850 0.030903578 0.974224627 0.019498639 -0.999774158 0.573220193 0.051728766
-0.015987933 0.914428949 0.018305467 -0.958562076 0.001865258 0.999311328 -0.084213950 0.085940003 0.123683512 -0.789434671 0.057287190 0.890493751 -0.002352419 -0.994934201 0.009409444 0.973219931 0.025982449 -0.963594735 0.024668701 0.980075240 -0.010041792 0.999331594 -0.095256396 0.110996924 -0.040882479 0.542253911 -0.026030300 -0.721242368 -0.010993712 0.981269121 -0.013005316 -0.933767080 -0.012166823 0.916014075 0.029693000 0.977088511 0.019468052 -0.999799252 0.580169439 0.057996511
-0.015322607 0.923936844 0.018652093 -0.963166296 0.001868264 0.999387860 -0.085967958 0.098571420 0.111454554 -0.812830806 0.049810838 0.902661085 -0.002763250 -0.995497048 0.007252839 0.976195514 0.021984398 -0.967639744 0.024132594 0.982289135 -0.010037148 0.999405861 -0.095783465 0.127839074 -0.037451092 0.593114555 -0.024249157 -0.752215445 -0.010883300 0.983350337 -0.012671392 -0.941126287 -0.011536663 0.925345838 0.028615752 0.979634285 0.019440830 -0.999821544 0.587477386 0.065341815
-0.014731206 0.932388306 0.018957347 -0.967258930 0.001870879 0.999455869 -0.087527074 0.114081196 0.100553945 -0.833627403 0.043165188 0.913476527 -0.003131954 -0.995997429 0.005335857 0.978840470 0.018430578 -0.971235335 0.023654912 0.984256983 -0.010033021 0.999471903 -0.096251965 0.148713127 -0.034400973 0.638324082 -0.022665916 -0.779747069 -0.010785155 0.985200286 -0.012374571 -0.947667837 -0.010929109 0.933640718 0.027657185 0.981897116 0.019416599 -0.999841392 0.595161617 0.074062422
-0.014205516 0.939900696 0.019226139 -0.970896840 0.001873152 0.999516308 -0.088912949 0.133556977 0.090832472 -0.852113247 0.037257943 0.923090279 -0.003462821 -0.996442139 0.003631873 0.981191516 0.015271624 -0.974431396 0.023229331 0.986006200 -0.010029352 0.999530554 -0.096668415 0.175195009 -0.031689752 0.678510308 -0.021258593 -0.804219604 -0.010697915 0.986844718 -0.012110730 -0.953482509 -0.010347771 0.941013992 0.026804257 0.983908534 0.019395031 -0.999858975 0.603239059 0.084579505
-0.013738237 0.946578383 0.019462803 -0.974130511 0.001875124 0.999570072 -0.090144843 0.158728167 0.082162254 -0.868545115 0.032007061 0.931635797 -0.003759713 -0.996837437 0.002117220 0.983281314 0.012463666 -0.977272391 0.022850187 0.987561107 -0.010026091 0.999582708 -0.097038589 0.209856361 -0.029279780 0.714231372 -0.020007638 -0.825972974 -0.010620370 0.988306403 -0.011876204 -0.958651125 -0.009795441 0.947567999 0.026045324 0.985696495 0.019375833 -0.999874651 0.611725688 0.097510740
-0.013322878 0.952514112 0.019671172 -0.977004886 0.001876837 0.999617875 -0.091239862 0.192545414 0.074431099 -0.883151174 0.027339611 0.939231813 -0.004026095 -0.997188866 0.000770863 0.985138953 0.009967702 -0.979797661 0.022512412 0.988943160 -0.010023192 0.999629080 -0.097367637 0.257248223 -0.027137583 0.745983422 -0.018895678 -0.845309317 -0.010551440 0.989605725 -0.011667737 -0.963245451 -0.009273690 0.953393757 0.025370030 0.987285793 0.019358747 -0.999888599 0.620634675 0.113803722
-0.012953669 0.957790375 0.019854568 -0.979559898 0.001878322 0.999660313 -0.092213213 0.240567699 0.067537062 -0.896134377 0.023190765 0.945983827 -0.004265086 -0.997501194 -0.000425900 0.986790180 0.007749069 -0.982042372 0.022211522 0.990171731 -0.010020615 0.999670327 -0.097660124 0.326412350 -0.025233407 0.774207473 -0.017907269 -0.862497151 -0.010490169 0.990760624 -0.011482433 -0.967329264 -0.008782667 0.958572268 0.024769155 0.988698483 0.019343540 -0.999900997 0.629973173 0.134999499
-0.012625484 0.962480307 0.020015962 -0.981831014 0.001879611 0.999698043 -0.093078412 0.314956367 0.061389223 -0.907675028 0.019502902 0.951985657 -0.004479484 -0.997778833 -0.001489689 0.988257945 0.005776950 -0.984037638 0.021943523 0.991263747 -0.010018324 0.999706924 -0.097920105 0.401255429 -0.023540806 0.799295545 -0.017028684 -0.877775252 -0.010435705 0.991787195 -0.011317718 -0.970959365 -0.008321588 0.963175356 0.024234498 0.989954174 0.019330004 -0.999911964 0.639727175 0.163808241
-0.012333763 0.966649175 0.020157976 -0.983849823 0.001880728 0.999731600 -0.093847476 0.391072333 0.055904277 -0.917933345 0.016224802 0.957320571 -0.004671806 -0.998025656 -0.002435279 0.989562631 0.004023956 -0.985811234 0.021704817 0.992234468 -0.010016289 0.999739468 -0.098151207 0.467782587 -0.022036271 0.821596026 -0.016247720 -0.891355813 -0.010387294 0.992699742 -0.011171306 -0.974186122 -0.007890134 0.967266977 0.023758773 0.991070390 0.019317955 -0.999921739 0.649762273 0.205560923
-0.012074456 0.970354795 0.020282920 -0.985644281 0.001881694 0.999761403 -0.094531089 0.458730966 0.051009990 -0.927051842 0.013310935 0.962062716 -0.004844315 -0.998245001 -0.003275804 0.990722358 0.002465738 -0.987387776 0.021492206 0.993097305 -0.010014479 0.999768436 -0.098356627 0.526917875 -0.020698909 0.841418684 -0.015553528 -0.903427362 -0.010344261 0.993510902 -0.011041160 -0.977054298 -0.007487827 0.970903933 0.023335481 0.992062569 0.019307232 -0.999930441 0.582312405 0.272751033
-0.011843961 0.973648727 0.020392839 -0.987239361 0.001882531 0.999787927 -0.095138744 0.296649724 0.046642080 -0.935157239 0.010720831 0.966277957 -0.004999037 -0.998440027 -0.004022936 0.991753161 0.001080656 -0.988789141 0.021302832 0.993864238 -0.010012870 0.999794185 -0.098539226 0.357260317 -0.019510141 0.859038830 -0.014936469 -0.914157689 -0.010306010 0.994231880 -0.010925476 -0.979603827 -0.007113879 0.974136829 0.022958847 0.992944479 0.019297687 -0.999938190 0.522348821 0.353556484
