1474.067138672 1448.848266602 1398.023681641 1617.247924805 1579.156738281 1640.683715820 1520.471435547 1574.263061523 1579.322265625 1512.412475586 1395.287109375 1608.269287109 1510.807128906 1565.442871094 1468.132446289 1475.123413086 1521.774658203 1486.198364258 1450.271362305 1669.759399414
1471.746459961 1446.662841797 1395.616577148 1614.950195312 1576.823120117 1638.288696289 1518.035522461 1571.859741211 1577.022460938 1510.117431641 1392.917968750 1605.995971680 1508.504394531 1562.954589844 1465.805664062 1472.779541016 1519.349243164 1483.994384766 1447.932006836 1667.513061523
1469.428222656 1444.471679688 1393.211059570 1612.654907227 1574.482910156 1635.888183594 1515.601318359 1569.456420898 1574.716796875 1507.823364258 1390.552490234 1603.724609375 1506.204467773 1560.467895508 1463.472656250 1470.436767578 1516.924560547 1481.785766602 1445.586181641 1665.261108398
1467.113281250 1442.273681641 1390.807739258 1610.362792969 1572.134887695 1633.480834961 1513.169311523 1567.052612305 1572.404052734 1505.531005859 1388.191040039 1601.455688477 1503.907836914 1557.983520508 1461.132446289 1468.094970703 1514.501464844 1479.571044922 1443.232177734 1663.002441406
1464.802490234 1440.067871094 1388.407226562 1608.075317383 1569.779907227 1631.065795898 1510.740478516 1564.648559570 1570.083007812 1503.241210938 1385.834594727 1599.190673828 1501.612060547 1555.501953125 1458.784057617 1465.754394531 1512.080566406 1477.349487305 1440.868774414 1660.735961914
1462.495239258 1437.853393555 1386.010375977 1605.792968750 1567.420410156 1628.642211914 1508.315307617 1562.244140625 1567.752685547 1500.954589844 1383.483642578 1596.929931641 1499.315551758 1553.024169922 1456.426391602 1463.414306641 1509.662353516 1475.120117188 1438.495117188 1658.460693359
1460.189941406 1435.630004883 1383.618041992 1603.517089844 1565.057617188 1626.209594727 1505.894775391 1559.839599609 1565.412719727 1498.671752930 1381.139282227 1594.672241211 1497.016723633 1550.550537109 1454.059448242 1461.074584961 1507.247436523 1472.882690430 1436.110717773 1656.176635742
1457.884765625 1433.397583008 1381.231201172 1601.248657227 1562.693481445 1623.767822266 1503.479980469 1557.434204102 1563.062500000 1496.393676758 1378.799316406 1592.415893555 1494.714233398 1548.082153320 1451.682739258 1458.734863281 1504.836547852 1470.636474609 1433.715087891 1653.883300781
1455.578002930 1431.159179688 1378.850341797 1598.989013672 1560.329345703 1621.316772461 1501.071166992 1555.026977539 1560.701782227 1494.117919922 1376.462280273 1590.159545898 1492.407470703 1545.619995117 1449.299560547 1456.394653320 1502.430175781 1468.381713867 1431.307983398 1651.581909180
1453.269165039 1428.917724609 1376.476928711 1596.736694336 1557.964843750 1618.856567383 1498.666381836 1552.617065430 1558.330444336 1491.843017578 1374.126831055 1587.902587891 1490.096679688 1543.164794922 1446.912719727 1454.052856445 1500.029296875 1466.121215820 1428.889892578 1649.275756836
1450.956542969 1426.675292969 1374.112182617 1594.490478516 1555.598754883 1616.387817383 1496.264038086 1550.203247070 1555.948608398 1489.567260742 1371.792480469 1585.644287109 1487.784790039 1540.717651367 1444.524780273 1451.708618164 1497.634277344 1463.857788086 1426.463989258 1646.967529297
1448.640258789 1424.434448242 1371.753906250 1592.249389648 1553.229980469 1613.910522461 1493.863403320 1547.784545898 1553.556030273 1487.289550781 1369.458374023 1583.384521484 1485.473999023 1538.276855469 1442.138916016 1449.361328125 1495.246093750 1461.594116211 1424.033447266 1644.659790039
1446.319335938 1422.197631836 1369.401000977 1590.012817383 1550.858032227 1611.428588867 1491.463500977 1545.360351562 1551.153442383 1485.009277344 1367.124511719 1581.123413086 1483.165161133 1535.840820312 1439.757080078 1447.010253906 1492.862548828 1459.332763672 1421.600830078 1642.355468750
1443.996337891 1419.966796875 1367.052612305 1587.780395508 1548.482055664 1608.945190430 1489.063842773 1542.930297852 1548.741210938 1482.725830078 1364.790893555 1578.861938477 1480.857421875 1533.408325195 1437.381958008 1444.655273438 1490.481689453 1457.075805664 1419.168823242 1640.056884766
1441.673461914 1417.743774414 1364.707885742 1585.551879883 1546.102416992 1606.463500977 1486.664184570 1540.493896484 1546.322875977 1480.438964844 1362.458740234 1576.603149414 1478.550537109 1530.978637695 1435.015625000 1442.296386719 1488.101928711 1454.825561523 1416.739990234 1637.766235352
1439.353271484 1415.530273438 1362.366333008 1583.327148438 1543.720336914 1603.986450195 1484.264526367 1538.051025391 1543.901489258 1478.148559570 1360.130981445 1574.349975586 1476.244140625 1528.551391602 1432.659912109 1439.933227539 1485.722412109 1452.584106445 1414.316528320 1635.485107422
1437.037719727 1413.325317383 1360.027832031 1581.106079102 1541.336425781 1601.516357422 1481.864990234 1535.601806641 1541.479614258 1475.854125977 1357.810668945 1572.104858398 1473.937866211 1526.126098633 1430.315185547 1437.566406250 1483.341796875 1450.353149414 1411.900512695 1633.212890625
1434.726806641 1411.127807617 1357.692749023 1578.888671875 1538.951049805 1599.055664062 1479.466674805 1533.146118164 1539.059936523 1473.556274414 1355.500732422 1569.869873047 1471.632202148 1523.702758789 1427.980224609 1435.196044922 1480.959472656 1448.133544922 1409.493652344 1630.948730469
1432.420166016 1408.937011719 1355.360839844 1576.674682617 1536.563842773 1596.606445312 1477.072631836 1530.684448242 1536.645019531 1471.257934570 1353.203979492 1567.644531250 1469.326660156 1521.281494141 1425.654052734 1432.823364258 1478.574829102 1445.924072266 1407.097534180 1628.692260742
1430.117431641 1406.752197266 1353.031982422 1574.467163086 1534.173950195 1594.170288086 1474.685180664 1528.216918945 1534.237060547 1468.961669922 1350.922241211 1565.427856445 1467.021240234 1518.862182617 1423.335815430 1430.449096680 1476.187622070 1443.723999023 1404.710693359 1626.442871094
1427.819091797 1404.573364258 1350.706542969 1572.268310547 1531.781005859 1591.748901367 1472.306762695 1525.744140625 1531.837890625 1466.670410156 1348.657104492 1563.219238281 1464.716064453 1516.444946289 1421.024780273 1428.074584961 1473.797485352 1441.532836914 1402.331909180 1624.200439453
1425.526733398 1402.400146484 1348.387329102 1570.080322266 1529.384643555 1589.340942383 1469.939453125 1523.266601562 1529.449707031 1464.386230469 1346.407348633 1561.017944336 1462.411987305 1514.032714844 1418.720336914 1425.700439453 1471.404541016 1439.349975586 1399.960205078 1621.964721680
1423.242431641 1400.233154297 1346.076293945 1567.905273438 1526.984497070 1586.944824219 1467.583862305 1520.785156250 1527.073486328 1462.110595703 1344.172485352 1558.823242188 1460.109008789 1511.627441406 1416.421875000 1423.327758789 1469.008422852 1437.175048828 1397.594360352 1619.735351562
1420.968017578 1398.075073242 1343.775756836 1565.742187500 1524.580444336 1584.558837891 1465.238769531 1518.299926758 1524.707641602 1459.842285156 1341.951904297 1556.635131836 1457.807617188 1509.231201172 1414.131347656 1420.956909180 1466.609008789 1435.007568359 1395.233642578 1617.512451172
1418.703979492 1395.927856445 1341.486816406 1563.590454102 1522.171997070 1582.181884766 1462.903198242 1515.812133789 1522.351196289 1457.580322266 1339.744140625 1554.453491211 1455.507446289 1506.845214844 1411.851074219 1418.588867188 1464.209106445 1432.847290039 1392.876586914 1615.296020508
1416.449951172 1393.792480469 1339.210449219 1561.449829102 1519.759155273 1579.812622070 1460.577148438 1513.322265625 1520.002685547 1455.323852539 1337.548461914 1552.279418945 1453.208129883 1504.470947266 1409.583129883 1416.224365234 1461.811279297 1430.693725586 1390.522216797 1613.086303711
1414.205688477 1391.668212891 1336.945068359 1559.320068359 1517.341552734 1577.450195312 1458.259887695 1510.831054688 1517.661743164 1453.072143555 1335.364257812 1550.113403320 1450.909667969 1502.108642578 1407.328369141 1413.864257812 1459.417724609 1428.547607422 1388.169799805 1610.883789062
1411.970947266 1389.554565430 1334.689331055 1557.200317383 1514.919433594 1575.093383789 1455.951293945 1508.338745117 1515.327026367 1450.824462891 1333.191894531 1547.955444336 1448.611206055 1499.756835938 1405.086425781 1411.508911133 1457.030517578 1426.410156250 1385.818359375 1608.690307617
1409.746582031 1387.450927734 1332.441650391 1555.090820312 1512.492187500 1572.742797852 1453.651733398 1505.845825195 1512.998168945 1448.580688477 1331.030761719 1545.805786133 1446.312622070 1497.413940430 1402.857055664 1409.159057617 1454.651855469 1424.283203125 1383.467895508 1606.506958008
1407.533691406 1385.357177734 1330.200805664 1552.991333008 1510.060424805 1570.400390625 1451.362670898 1503.352539062 1510.675048828 1446.340332031 1328.880126953 1543.664672852 1444.013916016 1495.078613281 1400.639892578 1406.815307617 1452.281982422 1422.167236328 1381.119140625 1604.334106445
1405.333496094 1383.273071289 1327.965942383 1550.901855469 1507.623657227 1568.067260742 1449.084838867 1500.859252930 1508.356689453 1444.103149414 1326.739135742 1541.532714844 1441.714477539 1492.749511719 1398.434692383 1404.478027344 1449.920043945 1420.061889648 1378.773315430 1602.171386719
1403.146362305 1381.198486328 1325.736206055 1548.822998047 1505.182250977 1565.743774414 1446.818969727 1498.366577148 1506.042846680 1441.869140625 1324.606811523 1539.410156250 1439.414428711 1490.425903320 1396.241455078 1402.147705078 1447.564819336 1417.966552734 1376.430786133 1600.019042969
1400.971313477 1379.133544922 1323.510864258 1546.754516602 1502.735839844 1563.428955078 1444.564941406 1495.874633789 1503.734741211 1439.638427734 1322.482543945 1537.296997070 1437.113281250 1488.107543945 1394.060180664 1399.824462891 1445.215698242 1415.881347656 1374.091064453 1597.876831055
1398.807250977 1377.078002930 1321.289062500 1544.697021484 1500.284790039 1561.121704102 1442.322265625 1493.383789062 1501.433593750 1437.411010742 1320.365600586 1535.193481445 1434.810913086 1485.795288086 1391.891235352 1397.508178711 1442.871704102 1413.805786133 1371.753173828 1595.744995117
1396.653564453 1375.031738281 1319.070800781 1542.650756836 1497.829467773 1558.821289062 1440.091186523 1490.894165039 1499.141235352 1435.186889648 1318.255249023 1533.099609375 1432.506469727 1483.489990234 1389.735595703 1395.199096680 1440.532348633 1411.739379883 1369.416503906 1593.623535156
1394.509277344 1372.994873047 1316.855224609 1540.616088867 1495.369140625 1556.527099609 1437.871582031 1488.406372070 1496.858032227 1432.966552734 1316.151000977 1531.015991211 1430.198852539 1481.191894531 1387.593994141 1392.897094727 1438.197021484 1409.682373047 1367.081054688 1591.512695312
1392.373779297 1370.967407227 1314.642211914 1538.593505859 1492.903320312 1554.238281250 1435.663696289 1485.920532227 1494.583251953 1430.750488281 1314.052368164 1528.942993164 1427.886474609 1478.900634766 1385.467407227 1390.602172852 1435.865112305 1407.634155273 1364.746215820 1589.412597656
1390.246704102 1368.948730469 1312.431762695 1536.583129883 1490.431396484 1551.954711914 1433.467529297 1483.436645508 1492.315551758 1428.539062500 1311.958740234 1526.880615234 1425.567871094 1476.615966797 1383.356323242 1388.314208984 1433.536254883 1405.594848633 1362.411987305 1587.323364258
1388.127441406 1366.938598633 1310.223754883 1534.584960938 1487.951416016 1549.676025391 1431.283325195 1480.955322266 1490.053833008 1426.332275391 1309.869995117 1524.829711914 1423.240844727 1474.336914062 1381.261108398 1386.032958984 1431.210083008 1403.563720703 1360.078369141 1585.244873047
1386.014526367 1364.935302734 1308.018310547 1532.597900391 1485.462158203 1547.401733398 1429.111083984 1478.476074219 1487.796020508 1424.130126953 1307.785888672 1522.789672852 1420.903320312 1472.063110352 1379.181762695 1383.757080078 1428.886230469 1401.539672852 1357.745239258 1583.176269531
1383.905761719 1362.937255859 1305.816162109 1530.620239258 1482.962280273 1545.130249023 1426.951049805 1475.998779297 1485.539916992 1421.932128906 1305.705810547 1520.759399414 1418.553588867 1469.793457031 1377.118408203 1381.485229492 1426.565429688 1399.521118164 1355.412719727 1581.116210938
1381.798706055 1360.942626953 1303.617431641 1528.649658203 1480.449707031 1542.859985352 1424.803222656 1473.522338867 1483.282836914 1419.737426758 1303.628540039 1518.737182617 1416.189819336 1467.526977539 1375.070434570 1379.214965820 1424.247680664 1397.505737305 1353.080688477 1579.062255859
1379.690551758 1358.948242188 1301.420898438 1526.683227539 1477.922973633 1540.587890625 1422.667724609 1471.045166016 1481.022216797 1417.544311523 1301.552856445 1516.720581055 1413.810791016 1465.261962891 1373.036254883 1376.944213867 1421.932373047 1395.490478516 1350.749023438 1577.011596680
1377.578002930 1356.951049805 1299.224853516 1524.717529297 1475.381103516 1538.311523438 1420.543090820 1468.565307617 1478.755004883 1415.351196289 1299.476440430 1514.706542969 1411.415039062 1462.996948242 1371.013671875 1374.669799805 1419.618041992 1393.472534180 1348.416748047 1574.961059570
1375.458496094 1354.947998047 1297.026855469 1522.749755859 1472.822875977 1536.027832031 1418.427612305 1466.080810547 1476.478637695 1413.155395508 1297.396972656 1512.692138672 1409.001953125 1460.729248047 1369.000244141 1372.389526367 1417.302490234 1391.448852539 1346.082397461 1572.907470703
1373.329833984 1352.936645508 1294.824462891 1520.776977539 1470.247314453 1533.734375000 1416.318725586 1463.589355469 1474.190307617 1410.954223633 1295.312255859 1510.674438477 1406.570800781 1458.456665039 1366.992431641 1370.101074219 1414.983032227 1389.416625977 1343.744140625 1570.847656250
1371.189819336 1350.913940430 1292.614868164 1518.796752930 1467.653442383 1531.429199219 1414.213500977 1461.088623047 1471.888183594 1408.744873047 1293.219482422 1508.651123047 1404.120605469 1456.177246094 1364.986938477 1367.802490234 1412.656616211 1387.373413086 1341.399414062 1568.779052734
1369.036254883 1348.877807617 1290.395263672 1516.806396484 1465.041015625 1529.109985352 1412.108154297 1458.577026367 1469.570190430 1406.524902344 1291.116455078 1506.619384766 1401.651367188 1453.887939453 1362.980346680 1365.492187500 1410.320678711 1385.317016602 1339.045776367 1566.699096680
1366.867431641 1346.826416016 1288.163818359 1514.803833008 1462.408935547 1526.775146484 1409.999511719 1456.052978516 1467.234252930 1404.291870117 1289.000854492 1504.577148438 1399.162719727 1451.586791992 1360.969848633 1363.168823242 1407.972412109 1383.245239258 1336.680908203 1564.605590820
1364.681274414 1344.757934570 1285.918334961 1512.786987305 1459.756958008 1524.423461914 1407.884399414 1453.515014648 1464.879150391 1402.044311523 1286.870605469 1502.521850586 1396.654174805 1449.271972656 1358.952392578 1360.831298828 1405.609863281 1381.156616211 1334.302490234 1562.496826172
1362.476074219 1342.670776367 1283.656982422 1510.753906250 1457.085327148 1522.053344727 1405.760864258 1450.961791992 1462.503051758 1399.779785156 1284.723999023 1500.451293945 1394.125854492 1446.941284180 1356.925781250 1358.478393555 1403.231201172 1379.049438477 1331.908569336 1560.370605469
1360.250488281 1340.563476562 1281.378173828 1508.702880859 1454.393188477 1519.663696289 1403.626098633 1448.392456055 1460.104980469 1397.497070312 1282.558959961 1498.363891602 1391.577392578 1444.593872070 1354.887207031 1356.109375000 1400.834350586 1376.921997070 1329.496948242 1558.225341797
1358.002929688 1338.435180664 1279.079956055 1506.632446289 1451.681152344 1517.253295898 1401.478759766 1445.806396484 1457.683959961 1395.194702148 1280.374145508 1496.257568359 1389.008911133 1442.228149414 1352.834838867 1353.723510742 1398.417724609 1374.773559570 1327.066162109 1556.060058594
1355.732543945 1336.285034180 1276.760986328 1504.541137695 1448.949096680 1514.821044922 1399.316894531 1443.203002930 1455.239257812 1392.871215820 1278.167968750 1494.131103516 1386.420776367 1439.842895508 1350.767089844 1351.320434570 1395.980102539 1372.602661133 1324.614746094 1553.873046875
1353.438354492 1334.112060547 1274.419921875 1502.427856445 1446.197265625 1512.365966797 1397.139282227 1440.581420898 1452.769775391 1390.525756836 1275.938964844 1491.983032227 1383.812988281 1437.437377930 1348.682495117 1348.899658203 1393.520019531 1370.408569336 1322.140869141 1551.663574219
1351.119506836 1331.915649414 1272.055419922 1500.291503906 1443.426269531 1509.887573242 1394.944580078 1437.941894531 1450.274414062 1388.157226562 1273.686157227 1489.812377930 1381.186645508 1435.010864258 1346.579956055 1346.460937500 1391.036499023 1368.190551758 1319.643432617 1549.430664062
1348.775756836 1329.694946289 1269.666137695 1498.131225586 1440.638427734 1507.385009766 1392.731933594 1435.283935547 1447.753173828 1385.764770508 1271.408081055 1487.617919922 1378.542480469 1432.562500000 1344.458496094 1344.003906250 1388.528808594 1365.948120117 1317.121337891 1547.173217773
1346.406250000 1327.449707031 1267.251098633 1495.946166992 1437.846923828 1504.858032227 1390.500366211 1432.607421875 1445.204711914 1383.347778320 1269.103881836 1485.399047852 1375.882812500 1430.091674805 1342.317504883 1341.528564453 1385.995727539 1363.680786133 1314.573364258 1544.890625000
1344.010742188 1325.179321289 1264.809448242 1493.735717773 1435.052734375 1502.306274414 1388.249389648 1429.912353516 1442.628784180 1380.905273438 1266.772583008 1483.154785156 1373.209960938 1427.597900391 1340.156616211 1339.035034180 1383.437377930 1361.388427734 1311.998535156 1542.582275391
1341.588867188 1322.883300781 1262.340454102 1491.499023438 1432.256713867 1499.729736328 1385.978759766 1427.198730469 1440.025146484 1378.437133789 1264.413818359 1480.884521484 1370.525756836 1425.080932617 1337.975341797 1336.523193359 1380.853271484 1359.070556641 1309.396484375 1540.247436523
1339.140258789 1320.561523438 1259.843383789 1489.235717773 1429.459594727 1497.128295898 1383.687744141 1424.466796875 1437.393066406 1375.942993164 1262.026855469 1478.588012695 1367.832397461 1422.540405273 1335.773437500 1333.993164062 1378.243041992 1356.726806641 1306.766601562 1537.885620117
1336.664428711 1318.213623047 1257.318115234 1486.945312500 1426.662841797 1494.502197266 1381.376342773 1421.726440430 1434.732543945 1373.422851562 1259.611206055 1476.264770508 1365.131835938 1419.976196289 1333.551025391 1331.446289062 1375.606445312 1354.357055664 1304.108642578 1535.496337891
1334.161621094 1315.839599609 1254.764038086 1484.627563477 1423.866943359 1491.851318359 1379.044677734 1418.979858398 1432.043823242 1370.876708984 1257.166625977 1473.914184570 1362.425781250 1417.388549805 1331.307861328 1328.883422852 1372.943969727 1351.960937500 1301.421752930 1533.078979492
1331.631469727 1313.439331055 1252.181274414 1482.282226562 1421.073364258 1489.176147461 1376.692504883 1416.227905273 1429.332153320 1368.304687500 1254.692993164 1471.536499023 1359.715942383 1414.777343750 1329.043823242 1326.306274414 1370.255493164 1349.538330078 1298.706420898 1530.633422852
1329.074462891 1311.012939453 1249.569946289 1479.908935547 1418.282592773 1486.476562500 1374.319824219 1413.471191406 1426.612060547 1365.715332031 1252.190185547 1469.130981445 1357.003906250 1412.142822266 1326.759277344 1323.716186523 1367.542968750 1347.089965820 1295.962524414 1528.159057617
1326.492919922 1308.561279297 1246.929809570 1477.507446289 1415.495727539 1483.753417969 1371.926757812 1410.710937500 1423.883422852 1363.118286133 1249.658081055 1466.697998047 1354.291137695 1409.485473633 1324.454101562 1321.114990234 1364.808349609 1344.624267578 1293.190063477 1525.671142578
1323.888305664 1306.086181641 1244.261108398 1475.079223633 1412.713378906 1481.007202148 1369.513549805 1407.948608398 1421.146606445 1360.513793945 1247.096923828 1464.238525391 1351.578857422 1406.805419922 1322.128662109 1318.504516602 1362.053100586 1342.150024414 1290.389038086 1523.173461914
1321.262329102 1303.589477539 1241.564331055 1472.625976562 1409.936035156 1478.238891602 1367.080200195 1405.185302734 1418.402709961 1357.901611328 1244.507080078 1461.754272461 1348.868041992 1404.103393555 1319.783081055 1315.886718750 1359.278808594 1339.667358398 1287.575073242 1520.666015625
1318.616577148 1301.072631836 1238.840698242 1470.149169922 1407.164672852 1475.449707031 1364.626953125 1402.422485352 1415.652343750 1355.282348633 1241.890136719 1459.246948242 1346.160400391 1401.380249023 1317.417724609 1313.263305664 1356.487548828 1337.175903320 1284.751098633 1518.148437500
1315.952758789 1298.537109375 1236.092041016 1467.657226562 1404.399047852 1472.640625000 1362.153808594 1399.661499023 1412.897094727 1352.656738281 1239.247314453 1456.718627930 1343.457275391 1398.637207031 1315.032592773 1310.636230469 1353.688476562 1334.676513672 1281.916870117 1515.620849609
1313.272827148 1295.992919922 1233.320556641 1465.154541016 1401.639648438 1469.823120117 1359.661132812 1396.903442383 1410.137939453 1350.025878906 1236.581176758 1454.179931641 1340.758911133 1395.876098633 1312.628051758 1308.007080078 1350.882202148 1332.169433594 1279.073242188 1513.083251953
1310.578491211 1293.440795898 1230.527587891 1462.641235352 1398.886596680 1467.000610352 1357.149169922 1394.149780273 1407.376220703 1347.390991211 1233.897216797 1451.630493164 1338.065551758 1393.099609375 1310.204345703 1305.377807617 1348.069580078 1329.655761719 1276.220825195 1510.535644531
1307.871704102 1290.881958008 1227.717895508 1460.117309570 1396.139770508 1464.173950195 1354.618164062 1391.401367188 1404.613159180 1344.753417969 1231.201660156 1449.070678711 1335.377563477 1390.309814453 1307.761962891 1302.749755859 1345.251953125 1327.136718750 1273.360717773 1507.978637695
1305.154296875 1288.317504883 1224.898315430 1457.582519531 1393.399047852 1461.344360352 1352.069091797 1388.659057617 1401.850219727 1342.114379883 1228.495239258 1446.500244141 1332.694946289 1387.508789062 1305.301513672 1300.124511719 1342.430175781 1324.614013672 1270.494384766 1505.413085938
1302.428344727 1285.748779297 1222.069824219 1455.037353516 1390.664062500 1458.513305664 1349.504760742 1385.923706055 1399.088378906 1339.475219727 1225.778686523 1443.919555664 1330.017700195 1384.698486328 1302.824218750 1297.503295898 1339.605468750 1322.088500977 1267.623291016 1502.839843750
1299.695556641 1283.177246094 1219.233642578 1452.482666016 1387.934204102 1455.681762695 1346.932495117 1383.195922852 1396.328369141 1336.837158203 1223.053100586 1441.329711914 1327.345703125 1381.880859375 1300.332031250 1294.887207031 1336.779296875 1319.562011719 1264.748901367 1500.260864258
1296.957519531 1280.604248047 1216.391235352 1449.919311523 1385.209594727 1452.850952148 1344.353393555 1380.475585938 1393.571289062 1334.201416016 1220.319824219 1438.731567383 1324.679199219 1379.057617188 1297.826782227 1292.277099609 1333.952514648 1317.035644531 1261.872680664 1497.677001953
1294.216064453 1278.031250000 1213.543945312 1447.348632812 1382.489135742 1450.021850586 1341.768798828 1377.763549805 1390.817993164 1331.569091797 1217.580444336 1436.126464844 1322.018188477 1376.230224609 1295.310913086 1289.673706055 1331.126342773 1314.510864258 1258.995971680 1495.090332031
1291.472656250 1275.459472656 1210.693603516 1444.771972656 1379.772583008 1447.195190430 1339.179931641 1375.059204102 1388.068847656 1328.940795898 1214.836914062 1433.515991211 1319.362304688 1373.400268555 1292.786010742 1287.077758789 1328.301879883 1311.988769531 1256.120239258 1492.501708984
1288.728637695 1272.890136719 1207.841674805 1442.191162109 1377.059448242 1444.371826172 1336.588623047 1372.362792969 1385.324340820 1326.317749023 1212.090454102 1430.901489258 1316.711303711 1370.569091797 1290.254028320 1284.489501953 1325.479736328 1309.470336914 1253.246826172 1489.912963867
1285.985229492 1270.324218750 1204.989624023 1439.607299805 1374.349121094 1441.552368164 1333.995849609 1369.673706055 1382.584960938 1323.699951172 1209.343017578 1428.284423828 1314.065063477 1367.737792969 1287.716918945 1281.909423828 1322.660522461 1306.956420898 1250.376586914 1487.325073242
1283.243286133 1267.762695312 1202.138671875 1437.021972656 1371.640747070 1438.737304688 1331.403076172 1366.991699219 1379.850219727 1321.088134766 1206.595947266 1425.666381836 1311.423217773 1364.907226562 1285.176147461 1279.337280273 1319.845092773 1304.447875977 1247.510742188 1484.739501953
1280.503784180 1265.206298828 1199.290039062 1434.436645508 1368.934570312 1435.926757812 1328.811645508 1364.316162109 1377.120239258 1318.482543945 1203.850463867 1423.048583984 1308.785888672 1362.078369141 1282.633666992 1276.773071289 1317.033691406 1301.944946289 1244.649658203 1482.156982422
1277.767211914 1262.655639648 1196.444946289 1431.852539062 1366.229614258 1433.120971680 1326.222778320 1361.646606445 1374.395019531 1315.883178711 1201.108032227 1420.432373047 1306.152343750 1359.251953125 1280.090576172 1274.216796875 1314.226684570 1299.448364258 1241.794189453 1479.578613281
1275.034545898 1260.110961914 1193.604248047 1429.270874023 1363.525878906 1430.319824219 1323.637207031 1358.982177734 1371.674072266 1313.289916992 1198.369506836 1417.818603516 1303.522827148 1356.428100586 1277.548461914 1271.668090820 1311.424560547 1296.957885742 1238.944824219 1477.005126953
1272.305908203 1257.572753906 1190.768676758 1426.692504883 1360.822875977 1427.523193359 1321.055908203 1356.322265625 1368.956909180 1310.702392578 1195.635742188 1415.208618164 1300.896850586 1353.607543945 1275.008056641 1269.126586914 1308.627319336 1294.473754883 1236.101440430 1474.436645508
1269.581298828 1255.041259766 1187.938598633 1424.118286133 1358.120361328 1424.730834961 1318.479248047 1353.666015625 1366.242919922 1308.120361328 1192.907836914 1412.602905273 1298.274291992 1350.790405273 1272.470581055 1266.591918945 1305.835083008 1291.995727539 1233.264282227 1471.873535156
1266.861328125 1252.516357422 1185.114990234 1421.549316406 1355.418457031 1421.942382812 1315.908203125 1351.012939453 1363.531616211 1305.543334961 1190.186035156 1410.002563477 1295.655273438 1347.976928711 1269.936889648 1264.063476562 1303.047485352 1289.523437500 1230.433471680 1469.316162109
1264.145263672 1249.998168945 1182.297973633 1418.985961914 1352.716796875 1419.157104492 1313.342407227 1348.362304688 1360.822387695 1302.970703125 1187.471191406 1407.407836914 1293.039550781 1345.166992188 1267.407470703 1261.540893555 1300.264282227 1287.056396484 1227.608276367 1466.764160156
1261.433471680 1247.486206055 1179.487792969 1416.428710938 1350.015625000 1416.374877930 1310.782226562 1345.713623047 1358.114501953 1300.401733398 1184.763427734 1404.819458008 1290.427246094 1342.360595703 1264.882568359 1259.023803711 1297.485351562 1284.593994141 1224.788452148 1464.217407227
1258.725585938 1244.980224609 1176.684326172 1413.877685547 1347.314819336 1413.594970703 1308.227539062 1343.066406250 1355.407592773 1297.835937500 1182.062866211 1402.237304688 1287.818359375 1339.557617188 1262.362426758 1256.511718750 1294.710083008 1282.135864258 1221.973510742 1461.675537109
1256.021606445 1242.479614258 1173.887573242 1411.333007812 1344.614379883 1410.816528320 1305.678222656 1340.420043945 1352.700805664 1295.272460938 1179.369384766 1399.661254883 1285.212524414 1336.757812500 1259.847534180 1254.004028320 1291.938232422 1279.681152344 1219.162841797 1459.137939453
1253.320678711 1239.984008789 1171.097290039 1408.794555664 1341.914550781 1408.039428711 1303.133789062 1337.774169922 1349.993774414 1292.710815430 1176.682983398 1397.091430664 1282.610473633 1333.960937500 1257.337524414 1251.500732422 1289.169067383 1277.229003906 1216.355712891 1456.604125977
1250.622802734 1237.492797852 1168.312988281 1406.261840820 1339.215332031 1405.262817383 1300.593505859 1335.128784180 1347.286254883 1290.150512695 1174.003295898 1394.527343750 1280.011596680 1331.166870117 1254.832519531 1249.001220703 1286.402465820 1274.779052734 1213.551513672 1454.073364258
1247.927490234 1235.005371094 1165.534301758 1403.734497070 1336.516967773 1402.486450195 1298.057128906 1332.483642578 1344.577392578 1287.590820312 1171.329711914 1391.968505859 1277.416503906 1328.375488281 1252.332031250 1246.505371094 1283.637817383 1272.330566406 1210.749633789 1451.545043945
1245.234497070 1232.521362305 1162.760620117 1401.212280273 1333.819458008 1399.709594727 1295.523803711 1329.838256836 1341.867309570 1285.031127930 1168.661865234 1389.414550781 1274.825073242 1325.586303711 1249.835815430 1244.012817383 1280.875000000 1269.882812500 1207.949340820 1449.018310547
1242.543579102 1230.040161133 1159.991210938 1398.694335938 1331.123168945 1396.932128906 1292.992797852 1327.193115234 1339.155761719 1282.471313477 1165.998901367 1386.864868164 1272.237426758 1322.799194336 1247.343750000 1241.523681641 1278.113281250 1267.435546875 1205.149902344 1446.492675781
1239.854125977 1227.561401367 1157.225830078 1396.180419922 1328.427978516 1394.153686523 1290.463623047 1324.547851562 1336.442138672 1279.911010742 1163.340454102 1384.318725586 1269.653686523 1320.013916016 1244.855102539 1239.037719727 1275.352539062 1264.988037109 1202.350952148 1443.967285156
1237.166259766 1225.084594727 1154.463745117 1393.669555664 1325.734130859 1391.373901367 1287.935546875 1321.902709961 1333.727050781 1277.349853516 1160.686157227 1381.775878906 1267.074096680 1317.230468750 1242.369750977 1236.554931641 1272.593017578 1262.539916992 1199.552001953 1441.441772461
1234.479492188 1222.609497070 1151.704711914 1391.161621094 1323.041748047 1388.592773438 1285.407836914 1319.257690430 1331.010009766 1274.787597656 1158.035156250 1379.235717773 1264.498413086 1314.448730469 1239.887084961 1234.075195312 1269.834106445 1260.091064453 1196.752807617 1438.915283203
1231.793945312 1220.136108398 1148.948120117 1388.655639648 1320.350952148 1385.809936523 1282.879882812 1316.613037109 1328.291137695 1272.224487305 1155.387084961 1376.697265625 1261.927001953 1311.668457031 1237.406982422 1231.598754883 1267.075927734 1257.641113281 1193.952758789 1436.387573242
1229.109375000 1217.663940430 1146.193725586 1386.151489258 1317.661865234 1383.025756836 1280.351196289 1313.968750000 1325.570800781 1269.660156250 1152.741455078 1374.160644531 1259.359863281 1308.889526367 1234.928833008 1229.125610352 1264.318481445 1255.190063477 1191.151733398 1433.858276367
1226.425659180 1215.193237305 1143.441162109 1383.648559570 1314.974487305 1380.239990234 1277.821289062 1311.325195312 1322.848754883 1267.094726562 1150.098022461 1371.625122070 1256.796997070 1306.112304688 1232.452392578 1226.655883789 1261.561767578 1252.737670898 1188.349853516 1431.327026367
1223.743041992 1212.723754883 1140.690307617 1381.146728516 1312.288696289 1377.452636719 1275.289672852 1308.682495117 1320.125244141 1264.528442383 1147.456542969 1369.090576172 1254.238525391 1303.336303711 1229.977416992 1224.189575195 1258.805908203 1250.284057617 1185.546752930 1428.793701172
1221.061279297 1210.255859375 1137.941040039 1378.645385742 1309.604492188 1374.664062500 1272.756469727 1306.040771484 1317.400634766 1261.961181641 1144.816894531 1366.556518555 1251.684326172 1300.562011719 1227.503662109 1221.727050781 1256.050903320 1247.829223633 1182.742553711 1426.258056641
1218.380737305 1207.789184570 1135.193481445 1376.144653320 1306.922119141 1371.874145508 1270.220947266 1303.400024414 1314.674926758 1259.393310547 1142.178833008 1364.023071289 1249.134643555 1297.789428711 1225.031127930 1219.268188477 1253.296630859 1245.373291016 1179.937255859 1423.720092773
1215.701293945 1205.324218750 1132.447265625 1373.644287109 1304.241333008 1369.083129883 1267.683227539 1300.760742188 1311.948486328 1256.824707031 1139.542236328 1361.489990234 1246.589233398 1295.018310547 1222.559326172 1216.813232422 1250.543334961 1242.916625977 1177.131103516 1421.179931641
1213.023071289 1202.860961914 1129.702880859 1371.144287109 1301.562133789 1366.291137695 1265.143188477 1298.122680664 1309.221191406 1254.255737305 1136.907348633 1358.957153320 1244.048339844 1292.249145508 1220.088378906 1214.362426758 1247.790405273 1240.458984375 1174.324340820 1418.637451172
1210.346313477 1200.399658203 1126.960205078 1368.644531250 1298.884765625 1363.498413086 1262.600830078 1295.486206055 1306.493408203 1251.686523438 1134.274291992 1356.424682617 1241.511840820 1289.481811523 1217.618408203 1211.915649414 1245.038208008 1238.000732422 1171.516967773 1416.092895508
1207.671142578 1197.940551758 1124.219482422 1366.145263672 1296.208496094 1360.705200195 1260.056152344 1292.851196289 1303.765258789 1249.117309570 1131.642944336 1353.892700195 1238.979370117 1286.716552734 1215.149169922 1209.473144531 1242.286254883 1235.541992188 1168.709228516 1413.546264648
1204.997558594 1195.483764648 1121.480957031 1363.646606445 1293.533813477 1357.911254883 1257.509521484 1290.217773438 1301.036621094 1246.547973633 1129.013671875 1351.361206055 1236.451293945 1283.953491211 1212.680908203 1207.035034180 1239.534790039 1233.083007812 1165.901367188 1410.997924805
1202.325927734 1193.029418945 1118.744873047 1361.148437500 1290.860229492 1355.117187500 1254.960449219 1287.585815430 1298.307861328 1243.979003906 1126.386718750 1348.830566406 1233.927124023 1281.192626953 1210.213623047 1204.601196289 1236.783569336 1230.623901367 1163.093627930 1408.447875977
1199.656250000 1190.577758789 1116.011352539 1358.651367188 1288.188110352 1352.322875977 1252.409667969 1284.955566406 1295.578979492 1241.410156250 1123.762329102 1346.300659180 1231.407470703 1278.434204102 1207.747314453 1202.171875000 1234.032958984 1228.164916992 1160.286132812 1405.896362305
1196.988525391 1188.128906250 1113.280639648 1356.154907227 1285.516967773 1349.528442383 1249.857177734 1282.326782227 1292.850219727 1238.841796875 1121.140380859 1343.771850586 1228.891723633 1275.678100586 1205.282226562 1199.746826172 1231.283325195 1225.706054688 1157.479248047 1403.343627930
1194.323120117 1185.682983398 1110.552978516 1353.659423828 1282.846679688 1346.733886719 1247.302978516 1279.699584961 1290.121093750 1236.273803711 1118.521362305 1341.244140625 1226.380004883 1272.924560547 1202.818359375 1197.326293945 1228.534423828 1223.247436523 1154.672729492 1400.789794922
1191.659912109 1183.240234375 1107.828735352 1351.164550781 1280.177612305 1343.939453125 1244.747436523 1277.073608398 1287.391845703 1233.706176758 1115.904907227 1338.717895508 1223.872192383 1270.173706055 1200.355834961 1194.910034180 1225.786621094 1220.789184570 1151.867187500 1398.234863281
1188.998901367 1180.800415039 1105.107910156 1348.670410156 1277.509399414 1341.145141602 1242.190551758 1274.449096680 1284.662597656 1231.138916016 1113.291137695 1336.193359375 1221.368164062 1267.425292969 1197.894897461 1192.497558594 1223.040039062 1218.331298828 1149.062622070 1395.679199219
1186.340454102 1178.363891602 1102.390747070 1346.176391602 1274.842041016 1338.350830078 1239.632568359 1271.825683594 1281.933105469 1228.572143555 1110.679687500 1333.670532227 1218.867309570 1264.679809570 1195.435302734 1190.088256836 1220.294799805 1215.873901367 1146.258911133 1393.122802734
1183.684204102 1175.930541992 1099.677124023 1343.682739258 1272.175537109 1335.556762695 1237.073608398 1269.203247070 1279.203247070 1226.005737305 1108.070190430 1331.149536133 1216.369140625 1261.937011719 1192.976684570 1187.681518555 1217.550659180 1213.416748047 1143.456176758 1390.565673828
1181.030639648 1173.500366211 1096.967651367 1341.189086914 1269.509643555 1332.762451172 1234.513793945 1266.581909180 1276.473266602 1223.439575195 1105.462768555 1328.630493164 1213.872802734 1259.196777344 1190.518676758 1185.276611328 1214.808227539 1210.959838867 1140.654541016 1388.008056641
1178.379272461 1171.073364258 1094.262084961 1338.695678711 1266.844482422 1329.968383789 1231.953002930 1263.961425781 1273.742797852 1220.873535156 1102.857299805 1326.113647461 1211.377685547 1256.459350586 1188.060546875 1182.873046875 1212.067138672 1208.503540039 1137.854125977 1385.449707031
1175.730102539 1168.649291992 1091.560424805 1336.202514648 1264.180053711 1327.174072266 1229.391479492 1261.341552734 1271.011840820 1218.307739258 1100.253662109 1323.598754883 1208.883300781 1253.724609375 1185.602172852 1180.470092773 1209.327148438 1206.047241211 1135.054565430 1382.890869141
1173.083496094 1166.228149414 1088.862915039 1333.709716797 1261.516479492 1324.379638672 1226.828979492 1258.722412109 1268.280273438 1215.741699219 1097.652099609 1321.086059570 1206.389282227 1250.992431641 1183.142578125 1178.067382812 1206.588500977 1203.591186523 1132.256103516 1380.331298828
1170.439086914 1163.808837891 1086.169189453 1331.217407227 1258.853393555 1321.584960938 1224.265869141 1256.103759766 1265.548095703 1213.175781250 1095.052246094 1318.575561523 1203.894775391 1248.262939453 1180.681762695 1175.664550781 1203.850952148 1201.135131836 1129.458374023 1377.771118164
1167.796997070 1161.390869141 1083.479736328 1328.725708008 1256.191040039 1318.790039062 1221.701904297 1253.485473633 1262.814941406 1210.609375000 1092.454711914 1316.067260742 1201.400146484 1245.536010742 1178.219238281 1173.261596680 1201.114257812 1198.678955078 1126.661743164 1375.210205078
1165.156860352 1158.973510742 1080.793945312 1326.234497070 1253.529541016 1315.994750977 1219.137084961 1250.867553711 1260.081054688 1208.042724609 1089.859252930 1313.560913086 1198.905395508 1242.811523438 1175.754760742 1170.858398438 1198.378173828 1196.222900391 1123.865722656 1372.648315430
1162.518920898 1156.555786133 1078.111328125 1323.743774414 1250.868652344 1313.198852539 1216.571166992 1248.250122070 1257.346313477 1205.475585938 1087.265869141 1311.056640625 1196.410278320 1240.089721680 1173.288452148 1168.455078125 1195.642822266 1193.767089844 1121.070312500 1370.085571289
1159.883056641 1154.137451172 1075.431640625 1321.253540039 1248.208374023 1310.402465820 1214.004272461 1245.632812500 1254.610351562 1202.907958984 1084.674682617 1308.554199219 1193.915283203 1237.369995117 1170.820068359 1166.051513672 1192.907592773 1191.311645508 1118.275634766 1367.521728516
1157.249145508 1151.717773438 1072.754028320 1318.763916016 1245.549072266 1307.605590820 1211.436279297 1243.015625000 1251.873657227 1200.339477539 1082.085327148 1306.053466797 1191.420776367 1234.652221680 1168.349853516 1163.647827148 1190.173095703 1188.856445312 1115.481201172 1364.956787109
1154.617065430 1149.296875000 1070.078125000 1316.274658203 1242.890380859 1304.807861328 1208.866943359 1240.398681641 1249.135742188 1197.770385742 1079.497680664 1303.553833008 1188.926269531 1231.935424805 1165.877685547 1161.244140625 1187.438842773 1186.401611328 1112.687255859 1362.390380859
1151.986816406 1146.874877930 1067.403320312 1313.785766602 1240.232421875 1302.009643555 1206.296142578 1237.781738281 1246.396728516 1195.200561523 1076.911376953 1301.054687500 1186.432495117 1229.219482422 1163.403686523 1158.840454102 1184.704956055 1183.947265625 1109.893676758 1359.822631836
1149.358520508 1144.451782227 1064.729125977 1311.296875000 1237.575561523 1299.210449219 1203.723999023 1235.164794922 1243.656616211 1192.629638672 1074.325561523 1298.555419922 1183.939575195 1226.503417969 1160.927856445 1156.436767578 1181.971435547 1181.493652344 1107.100219727 1357.253417969
1146.731933594 1142.027587891 1062.055541992 1308.807373047 1234.919067383 1296.410522461 1201.150146484 1232.548217773 1240.915283203 1190.057861328 1071.740234375 1296.055664062 1181.447387695 1223.786865234 1158.450195312 1154.033203125 1179.238159180 1179.040283203 1104.307006836 1354.682495117
1144.107177734 1139.602416992 1059.381958008 1306.317016602 1232.263671875 1293.609863281 1198.574584961 1229.931518555 1238.172851562 1187.485107422 1069.154418945 1293.554687500 1178.956420898 1221.069213867 1155.970825195 1151.629882812 1176.505615234 1176.587646484 1101.513671875 1352.110107422
1141.484008789 1137.176513672 1056.708374023 1303.825195312 1229.609008789 1290.808227539 1195.997192383 1227.314819336 1235.429321289 1184.911254883 1066.568237305 1291.052001953 1176.466552734 1218.350219727 1153.489624023 1149.226440430 1173.773559570 1174.135620117 1098.720581055 1349.535766602
1138.862426758 1134.749755859 1054.034667969 1301.331298828 1226.955322266 1288.005859375 1193.417968750 1224.698242188 1232.684570312 1182.336425781 1063.980834961 1288.547485352 1173.977661133 1215.629760742 1151.006591797 1146.823242188 1171.042114258 1171.683715820 1095.927490234 1346.959594727
1136.242797852 1132.322265625 1051.360473633 1298.834960938 1224.302124023 1285.202514648 1190.836547852 1222.081787109 1229.938964844 1179.760620117 1061.392456055 1286.040405273 1171.489624023 1212.907836914 1148.521606445 1144.419799805 1168.311035156 1169.231689453 1093.134277344 1344.381591797
1133.624755859 1129.894042969 1048.685791016 1296.335815430 1221.649902344 1282.398559570 1188.253173828 1219.465454102 1227.192016602 1177.183715820 1058.802734375 1283.530883789 1169.002441406 1210.184448242 1146.034545898 1142.016235352 1165.580688477 1166.779052734 1090.341064453 1341.801635742
1131.008300781 1127.465454102 1046.010498047 1293.833618164 1218.998657227 1279.593627930 1185.667602539 1216.849121094 1224.444091797 1174.605834961 1056.212036133 1281.018432617 1166.516113281 1207.459838867 1143.545532227 1139.612426758 1162.850952148 1164.325805664 1087.547973633 1339.219604492
1128.393554688 1125.036499023 1043.334472656 1291.328369141 1216.348022461 1276.787963867 1183.079833984 1214.233032227 1221.695068359 1172.026611328 1053.620117188 1278.503295898 1164.030273438 1204.734130859 1141.053833008 1137.208251953 1160.121704102 1161.871582031 1084.754638672 1336.635742188
1125.780639648 1122.607421875 1040.657714844 1288.820068359 1213.698242188 1273.981445312 1180.489868164 1211.616943359 1218.945190430 1169.446655273 1051.027465820 1275.985229492 1161.544921875 1202.007446289 1138.559936523 1134.803710938 1157.393066406 1159.416381836 1081.961547852 1334.049682617
1123.169433594 1120.178222656 1037.979980469 1286.308837891 1211.049438477 1271.174316406 1177.897583008 1209.000976562 1216.194213867 1166.865478516 1048.434204102 1273.464233398 1159.060058594 1199.280029297 1136.063354492 1132.398925781 1154.664916992 1156.960327148 1079.168457031 1331.461791992
1120.559814453 1117.748413086 1035.301635742 1283.794921875 1208.401123047 1268.366333008 1175.302978516 1206.384887695 1213.442260742 1164.283325195 1045.840332031 1270.940307617 1156.575561523 1196.551879883 1133.564208984 1129.993774414 1151.937255859 1154.503295898 1076.375244141 1328.871826172
1117.951904297 1115.318115234 1032.622680664 1281.278320312 1205.753662109 1265.557617188 1172.705932617 1203.769165039 1210.689331055 1161.700317383 1043.246093750 1268.413696289 1154.091430664 1193.823364258 1131.062500000 1127.588500977 1149.210083008 1152.045532227 1073.582153320 1326.279785156
1115.345947266 1112.886840820 1029.943115234 1278.759399414 1203.106933594 1262.748413086 1170.106567383 1201.153442383 1207.935546875 1159.116088867 1040.651855469 1265.884521484 1151.607788086 1191.094360352 1128.558227539 1125.183227539 1146.483398438 1149.587158203 1070.789428711 1323.685791016
1112.741699219 1110.454223633 1027.263305664 1276.238525391 1200.461059570 1259.938476562 1167.505126953 1198.537719727 1205.180908203 1156.530761719 1038.057495117 1263.352905273 1149.124877930 1188.365112305 1126.051391602 1122.777832031 1143.757202148 1147.128051758 1067.996582031 1321.089843750
1110.139160156 1108.020263672 1024.583618164 1273.715454102 1197.815673828 1257.127929688 1164.901123047 1195.922119141 1202.425170898 1153.944458008 1035.463256836 1260.819213867 1146.642333984 1185.635620117 1123.542114258 1120.372680664 1141.031616211 1144.668090820 1065.204101562 1318.491943359
1107.538574219 1105.584838867 1021.903808594 1271.190673828 1195.171020508 1254.316650391 1162.294921875 1193.306518555 1199.668457031 1151.357177734 1032.869140625 1258.283569336 1144.160766602 1182.905517578 1121.030517578 1117.967529297 1138.306640625 1142.207153320 1062.411621094 1315.892089844
1104.939697266 1103.147827148 1019.224487305 1268.664062500 1192.527221680 1251.504882812 1159.686279297 1190.690917969 1196.911132812 1148.768676758 1030.275024414 1255.745849609 1141.680053711 1180.174926758 1118.516601562 1115.562866211 1135.582153320 1139.744995117 1059.619506836 1313.290283203
1102.342773438 1100.709350586 1016.545471191 1266.135986328 1189.884033203 1248.692504883 1157.075439453 1188.075317383 1194.152465820 1146.179199219 1027.681274414 1253.206542969 1139.200073242 1177.443725586 1116.000610352 1113.158447266 1132.858398438 1137.281250000 1056.827636719 1310.686523438
1099.747558594 1098.269531250 1013.867187500 1263.606445312 1187.241333008 1245.879516602 1154.462158203 1185.459472656 1191.393188477 1143.588623047 1025.087768555 1250.665527344 1136.721069336 1174.712036133 1113.482421875 1110.754272461 1130.135253906 1134.815917969 1054.036010742 1308.080810547
1097.154296875 1095.828369141 1011.189453125 1261.075195312 1184.599243164 1243.065917969 1151.846557617 1182.843872070 1188.632934570 1140.996948242 1022.494567871 1248.123046875 1134.242919922 1171.979370117 1110.962158203 1108.350463867 1127.412963867 1132.348632812 1051.244628906 1305.473144531
1094.562866211 1093.386108398 1008.512268066 1258.542480469 1181.957885742 1240.251831055 1149.228759766 1180.227783203 1185.871582031 1138.404174805 1019.901611328 1245.578735352 1131.765869141 1169.245971680 1108.439941406 1105.946655273 1124.691040039 1129.879394531 1048.453491211 1302.863647461
1091.972900391 1090.942626953 1005.836059570 1256.007934570 1179.317138672 1237.437133789 1146.608642578 1177.611816406 1183.109375000 1135.810302734 1017.309020996 1243.032836914 1129.289672852 1166.511840820 1105.915527344 1103.543090820 1121.969970703 1127.408081055 1045.662841797 1300.252319336
1089.384277344 1088.498046875 1003.160156250 1253.471679688 1176.676879883 1234.621826172 1143.986206055 1174.995605469 1180.346191406 1133.215087891 1014.716674805 1240.484985352 1126.814208984 1163.776977539 1103.389160156 1101.139526367 1119.249389648 1124.934814453 1042.872314453 1297.638916016
1086.796264648 1086.052246094 1000.484802246 1250.933593750 1174.037353516 1231.806030273 1141.361450195 1172.379150391 1177.582031250 1130.618774414 1012.124572754 1237.935424805 1124.339721680 1161.041503906 1100.860595703 1098.735961914 1116.529174805 1122.459472656 1040.082031250 1295.023559570
1084.208374023 1083.605102539 997.809936523 1248.393432617 1171.398315430 1228.989624023 1138.734497070 1169.762451172 1174.816894531 1128.020996094 1009.532775879 1235.383911133 1121.865600586 1158.305297852 1098.329833984 1096.332031250 1113.809204102 1119.982421875 1037.292114258 1292.406372070
1081.620117188 1081.156616211 995.135681152 1245.851196289 1168.760009766 1226.172485352 1136.104980469 1167.145507812 1172.050659180 1125.422119141 1006.941223145 1232.830322266 1119.392333984 1155.568847656 1095.796875000 1093.927978516 1111.089111328 1117.503540039 1034.502441406 1289.787231445
1079.031005859 1078.706665039 992.461730957 1243.306762695 1166.122070312 1223.354858398 1133.473144531 1164.528198242 1169.283447266 1122.821899414 1004.349670410 1230.274658203 1116.919433594 1152.832031250 1093.261352539 1091.523559570 1108.368286133 1115.023193359 1031.713012695 1287.166015625
1076.440673828 1076.255371094 989.788085938 1240.760131836 1163.484741211 1220.536621094 1130.839111328 1161.910644531 1166.515380859 1120.220336914 1001.758544922 1227.716796875 1114.446899414 1150.094970703 1090.723632812 1089.118530273 1105.646728516 1112.541381836 1028.923950195 1284.542846680
1073.848876953 1073.802246094 987.114746094 1238.211303711 1160.848144531 1217.717773438 1128.202514648 1159.292602539 1163.745971680 1117.617431641 999.167175293 1225.156860352 1111.974975586 1147.357788086 1088.183227539 1086.713256836 1102.923706055 1110.058105469 1026.135009766 1281.917602539
1071.255493164 1071.347778320 984.441833496 1235.660156250 1158.211914062 1214.898193359 1125.563598633 1156.674316406 1160.975708008 1115.013061523 996.575927734 1222.594726562 1109.503295898 1144.620361328 1085.640258789 1084.307373047 1100.198852539 1107.573364258 1023.346374512 1279.290405273
1068.660156250 1068.891723633 981.769104004 1233.106811523 1155.576293945 1212.078125000 1122.922241211 1154.055419922 1158.204223633 1112.407226562 993.984558105 1220.030517578 1107.031860352 1141.883056641 1083.094604492 1081.900756836 1097.472290039 1105.087158203 1020.557739258 1276.661132812
1066.063232422 1066.434204102 979.096801758 1230.551025391 1152.941284180 1209.257446289 1120.278198242 1151.436279297 1155.431884766 1109.799926758 991.393188477 1217.464111328 1104.560913086 1139.145507812 1080.546386719 1079.493652344 1094.743652344 1102.599487305 1017.769592285 1274.029785156
1063.464111328 1063.975097656 976.424621582 1227.993164062 1150.306762695 1206.436035156 1117.631835938 1148.816528320 1152.658447266 1107.191284180 988.801635742 1214.895629883 1102.090209961 1136.407836914 1077.995361328 1077.086059570 1092.012939453 1100.110229492 1014.981384277 1271.396240234
1060.863525391 1061.514648438 973.752868652 1225.433105469 1147.672973633 1203.614013672 1114.982788086 1146.196411133 1149.883911133 1104.581054688 986.209960938 1212.325195312 1099.620117188 1133.669921875 1075.441650391 1074.677856445 1089.280395508 1097.619384766 1012.193542480 1268.760620117
1058.260742188 1059.052612305 971.081298828 1222.870849609 1145.039428711 1200.791381836 1112.331298828 1143.575805664 1147.108276367 1101.969238281 983.618286133 1209.752807617 1097.150268555 1130.931762695 1072.885253906 1072.268920898 1086.546020508 1095.126831055 1009.405700684 1266.122924805
1055.656372070 1056.588867188 968.410034180 1220.306518555 1142.406616211 1197.968139648 1109.677246094 1140.954589844 1144.331542969 1099.355834961 981.026550293 1207.178344727 1094.680786133 1128.193237305 1070.326049805 1069.859619141 1083.810058594 1092.632568359 1006.618164062 1263.482910156
1053.050292969 1054.123657227 965.738830566 1217.740112305 1139.774169922 1195.144165039 1107.020629883 1138.332885742 1141.553833008 1096.740966797 978.434631348 1204.602172852 1092.211914062 1125.454223633 1067.764282227 1067.449707031 1081.072875977 1090.136474609 1003.830688477 1260.840820312
1050.442504883 1051.656860352 963.068054199 1215.171752930 1137.142333984 1192.319702148 1104.361206055 1135.710693359 1138.775024414 1094.124511719 975.842773438 1202.023925781 1089.743408203 1122.714843750 1065.199584961 1065.039062500 1078.334472656 1087.638671875 1001.043395996 1258.196533203
1047.833496094 1049.188232422 960.397338867 1212.601440430 1134.511108398 1189.494628906 1101.699218750 1133.087768555 1135.995239258 1091.506469727 973.250793457 1199.443725586 1087.275512695 1119.974853516 1062.632202148 1062.627929688 1075.595336914 1085.139160156 998.256225586 1255.549926758
1045.222900391 1046.717773438 957.726928711 1210.029052734 1131.880249023 1186.668945312 1099.034545898 1130.464355469 1133.214355469 1088.886718750 970.658752441 1196.861572266 1084.807983398 1117.234375000 1060.062133789 1060.215942383 1072.855346680 1082.637817383 995.469177246 1252.901245117
1042.611206055 1044.245605469 955.056762695 1207.454589844 1129.250000000 1183.842529297 1096.367187500 1127.840454102 1130.432373047 1086.265502930 968.066833496 1194.277465820 1082.340942383 1114.493408203 1057.489257812 1057.803466797 1070.114746094 1080.134765625 992.682312012 1250.250366211
1039.998535156 1041.771484375 952.386657715 1204.878173828 1126.619995117 1181.015747070 1093.697143555 1125.215698242 1127.649414062 1083.642578125 965.474731445 1191.691284180 1079.874267578 1111.751831055 1054.913696289 1055.390380859 1067.373779297 1077.629760742 989.895568848 1247.597290039
1037.384887695 1039.295410156 949.716857910 1202.299438477 1123.990722656 1178.188232422 1091.024291992 1122.590454102 1124.865356445 1081.017944336 962.882568359 1189.102783203 1077.408325195 1109.009643555 1052.335327148 1052.976440430 1064.632324219 1075.123046875 987.108825684 1244.941894531
1034.770507812 1036.817382812 947.047241211 1199.718627930 1121.361938477 1175.360229492 1088.348632812 1119.964477539 1122.080322266 1078.391723633 960.290466309 1186.512207031 1074.942626953 1106.267089844 1049.754272461 1050.561889648 1061.890625000 1072.614379883 984.322509766 1242.284179688
1032.155395508 1034.337524414 944.377746582 1197.135620117 1118.733520508 1172.531616211 1085.670410156 1117.337890625 1119.294189453 1075.763793945 957.698181152 1183.919433594 1072.477294922 1103.523925781 1047.170410156 1048.146484375 1059.148315430 1070.103759766 981.536132812 1239.624267578
1029.539672852 1031.855590820 941.708435059 1194.550292969 1116.105590820 1169.702514648 1082.989379883 1114.710571289 1116.506958008 1073.134155273 955.105773926 1181.324218750 1070.012451172 1100.780517578 1044.583740234 1045.730346680 1056.405639648 1067.591308594 978.749877930 1236.962158203
1026.923217773 1029.371948242 939.039489746 1191.962524414 1113.477905273 1166.872802734 1080.305419922 1112.082641602 1113.718750000 1070.502807617 952.513427734 1178.726806641 1067.547851562 1098.036621094 1041.994140625 1043.313354492 1053.662353516 1065.076904297 975.963928223 1234.297851562
1024.306152344 1026.886352539 936.370544434 1189.372314453 1110.850952148 1164.042602539 1077.618774414 1109.453857422 1110.929565430 1067.869873047 949.920776367 1176.126831055 1065.083740234 1095.292480469 1039.401733398 1040.895629883 1050.918457031 1062.560424805 973.178100586 1231.631225586
1021.688232422 1024.398803711 933.701782227 1186.779785156 1108.224243164 1161.211791992 1074.929321289 1106.824340820 1108.139282227 1065.235107422 947.328063965 1173.524414062 1062.619995117 1092.547973633 1036.806396484 1038.477050781 1048.173828125 1060.041992188 970.392333984 1228.962402344
1019.069641113 1021.909729004 931.033386230 1184.184814453 1105.597900391 1158.380737305 1072.236938477 1104.194091797 1105.348022461 1062.598754883 944.735290527 1170.919677734 1060.156372070 1089.803100586 1034.208251953 1036.057617188 1045.428466797 1057.521728516 967.606811523 1226.291381836
1016.450012207 1019.418640137 928.364929199 1181.587280273 1102.972045898 1155.548950195 1069.541992188 1101.563110352 1102.555786133 1059.960449219 942.142333984 1168.312377930 1057.693115234 1087.058105469 1031.607299805 1033.637329102 1042.682128906 1054.999267578 964.821350098 1223.618041992
1013.829467773 1016.925598145 925.696594238 1178.987304688 1100.346557617 1152.716796875 1066.843994141 1098.931152344 1099.762451172 1057.320434570 939.549133301 1165.702636719 1055.230224609 1084.312744141 1029.003295898 1031.216186523 1039.934936523 1052.474853516 962.036071777 1220.942382812
1011.207885742 1014.430847168 923.028503418 1176.385009766 1097.721435547 1149.884033203 1064.143432617 1096.298583984 1096.968017578 1054.678588867 936.955871582 1163.090698242 1052.767578125 1081.567016602 1026.396606445 1028.794189453 1037.186767578 1049.948486328 959.251037598 1218.264648438
1008.585205078 1011.934265137 920.360656738 1173.780151367 1095.096679688 1147.050781250 1061.439941406 1093.664916992 1094.172607422 1052.035156250 934.362487793 1160.476196289 1050.305297852 1078.821166992 1023.786865234 1026.371337891 1034.437622070 1047.420166016 956.466125488 1215.584472656
1005.961425781 1009.435668945 917.692687988 1171.172973633 1092.472290039 1144.217163086 1058.733520508 1091.030639648 1091.376220703 1049.389648438 931.768859863 1157.859497070 1047.843261719 1076.074951172 1021.174255371 1023.947509766 1031.687500000 1044.889648438 953.681274414 1212.902221680
1003.336486816 1006.935180664 915.025085449 1168.563476562 1089.848266602 1141.383056641 1056.024291992 1088.395263672 1088.578857422 1046.742553711 929.175231934 1155.240356445 1045.381591797 1073.328369141 1018.558715820 1021.522766113 1028.936401367 1042.357299805 950.896667480 1210.217651367
1000.710388184 1004.432861328 912.357543945 1165.951782227 1087.224365234 1138.548583984 1053.312255859 1085.759033203 1085.780273438 1044.093505859 926.581298828 1152.619140625 1042.920166016 1070.581787109 1015.940368652 1019.097167969 1026.184082031 1039.822998047 948.112243652 1207.530883789
998.083251953 1001.928588867 909.690124512 1163.337646484 1084.601074219 1135.713500977 1050.597290039 1083.121826172 1082.980957031 1041.442626953 923.987304688 1149.995605469 1040.458984375 1067.834594727 1013.318969727 1016.670532227 1023.430969238 1037.286499023 945.327941895 1204.841796875
995.455017090 999.422241211 907.023010254 1160.721435547 1081.977905273 1132.878051758 1047.879638672 1080.483642578 1080.180297852 1038.789916992 921.393188477 1147.369995117 1037.998168945 1065.087280273 1010.694824219 1014.242797852 1020.676879883 1034.747924805 942.543762207 1202.150512695
992.825866699 996.914001465 904.355957031 1158.102905273 1079.355102539 1130.042236328 1045.158935547 1077.844604492 1077.378784180 1036.135253906 918.798950195 1144.742309570 1035.537475586 1062.339843750 1008.067687988 1011.814147949 1017.921752930 1032.207397461 939.759826660 1199.456909180
990.195678711 994.403747559 901.689147949 1155.482177734 1076.732666016 1127.205810547 1042.435546875 1075.204345703 1074.576171875 1033.478881836 916.204406738 1142.112426758 1033.077026367 1059.592041016 1005.437683105 1009.384460449 1015.165893555 1029.664550781 936.975891113 1196.761230469
987.564636230 991.891418457 899.022521973 1152.859252930 1074.110473633 1124.369140625 1039.709106445 1072.563110352 1071.772583008 1030.820434570 913.609924316 1139.480346680 1030.616943359 1056.844116211 1002.804687500 1006.953491211 1012.409179688 1027.119628906 934.192199707 1194.063232422
984.932556152 989.377075195 896.356140137 1150.234252930 1071.488403320 1121.531982422 1036.979736328 1069.921020508 1068.967773438 1028.160034180 911.015197754 1136.846313477 1028.156860352 1054.095947266 1000.168762207 1004.521606445 1009.651672363 1024.572509766 931.408569336 1191.363037109
982.299682617 986.860595703 893.689941406 1147.607055664 1068.866699219 1118.694458008 1034.247680664 1067.277709961 1066.161987305 1025.497802734 908.420349121 1134.209960938 1025.697143555 1051.347534180 997.529907227 1002.088439941 1006.893371582 1022.023193359 928.625061035 1188.660522461
979.665954590 984.342041016 891.023803711 1144.977539062 1066.245239258 1115.856567383 1031.512573242 1064.633300781 1063.355346680 1022.833496094 905.825378418 1131.571533203 1023.237365723 1048.598999023 994.888061523 999.654174805 1004.134460449 1019.471618652 925.841613770 1185.955566406
977.031311035 981.821350098 888.358093262 1142.345947266 1063.624145508 1113.018188477 1028.774658203 1061.987792969 1060.547607422 1020.167297363 903.230224609 1128.930908203 1020.777832031 1045.850341797 992.243286133 997.218566895 1001.374816895 1016.917907715 923.058532715 1183.248657227
974.395935059 979.298461914 885.692443848 1139.712036133 1061.003051758 1110.179443359 1026.033813477 1059.341064453 1057.738769531 1017.499084473 900.635009766 1126.288085938 1018.318359375 1043.101562500 989.595458984 994.781860352 998.614685059 1014.361816406 920.275390625 1180.539184570
971.759582520 976.773559570 883.026977539 1137.075805664 1058.382324219 1107.340454102 1023.290039062 1056.693359375 1054.928955078 1014.829040527 898.039489746 1123.643066406 1015.859008789 1040.352661133 986.944580078 992.343872070 995.853698730 1011.803588867 917.492309570 1177.827636719
969.122375488 974.246398926 880.361633301 1134.437500000 1055.761718750 1104.500976562 1020.543212891 1054.044311523 1052.118041992 1012.156921387 895.443847656 1120.995849609 1013.399780273 1037.603637695 984.290649414 989.904541016 993.092041016 1009.243286133 914.709289551 1175.113891602
966.484130859 971.717041016 877.696472168 1131.796630859 1053.141357422 1101.661132812 1017.793579102 1051.394042969 1049.306030273 1009.482666016 892.848083496 1118.346313477 1010.940612793 1034.854492188 981.633789062 987.463928223 990.329711914 1006.680908203 911.926513672 1172.397705078
963.844970703 969.185485840 875.031433105 1129.153564453 1050.521118164 1098.821044922 1015.040954590 1048.742675781 1046.493041992 1006.806579590 890.252014160 1115.694458008 1008.481445312 1032.105224609 978.973876953 985.022033691 987.566467285 1004.116516113 909.143737793 1169.679443359
961.204956055 966.651794434 872.366516113 1126.508178711 1047.901123047 1095.980590820 1012.285400391 1046.089965820 1043.679077148 1004.128417969 887.655822754 1113.040405273 1006.022521973 1029.355834961 976.310852051 982.578735352 984.802490234 1001.550109863 906.361022949 1166.958862305
958.563903809 964.115966797 869.701843262 1123.860351562 1045.281250000 1093.139648438 1009.526855469 1043.436035156 1040.864013672 1001.448120117 885.059387207 1110.383911133 1003.563537598 1026.606323242 973.644897461 980.134094238 982.037719727 998.981567383 903.578430176 1164.235961914
955.921813965 961.578186035 867.037292480 1121.210205078 1042.661499023 1090.298583984 1006.765502930 1040.780883789 1038.047973633 998.765869141 882.462768555 1107.725341797 1001.104492188 1023.856872559 970.975891113 977.688110352 979.272033691 996.411071777 900.796020508 1161.510986328
953.278686523 959.038208008 864.372619629 1118.557739258 1040.041870117 1087.457153320 1004.001098633 1038.124389648 1035.230834961 996.081542969 879.865722656 1105.064453125 998.645507812 1021.107238770 968.303771973 975.240722656 976.505432129 993.838439941 898.013488770 1158.783691406
950.634521484 956.496215820 861.708129883 1115.902954102 1037.422363281 1084.615356445 1001.233764648 1035.466552734 1032.412719727 993.395202637 877.268554688 1102.401123047 996.186645508 1018.357421875 965.628601074 972.791870117 973.737915039 991.263793945 895.231018066 1156.054077148
947.989196777 953.952148438 859.043823242 1113.245727539 1034.802978516 1081.773315430 998.463378906 1032.807373047 1029.593627930 990.706665039 874.671142578 1099.735595703 993.727844238 1015.607666016 962.950378418 970.341613770 970.969543457 988.687011719 892.448791504 1153.322265625
945.342773438 951.406066895 856.379455566 1110.586303711 1032.183715820 1078.930908203 995.690063477 1030.146850586 1026.773315430 988.016113281 872.073303223 1097.067749023 991.268981934 1012.857788086 960.269226074 967.889953613 968.200134277 986.108215332 889.666503906 1150.588256836
942.695434570 948.857849121 853.715087891 1107.924560547 1029.564453125 1076.088378906 992.913818359 1027.484985352 1023.952209473 985.323486328 869.475219727 1094.397827148 988.809997559 1010.107788086 957.584899902 965.436828613 965.429870605 983.527404785 886.884216309 1147.851928711
940.046997070 946.307556152 851.051025391 1105.260498047 1026.945312500 1073.245605469 990.134643555 1024.821655273 1021.130065918 982.628723145 866.876953125 1091.725585938 986.351135254 1007.357849121 954.897521973 962.982177734 962.658752441 980.944396973 884.102111816 1145.113403320
937.397460938 943.755249023 848.386657715 1102.594238281 1024.326171875 1070.402465820 987.352416992 1022.156921387 1018.306823730 979.931945801 864.278198242 1089.051025391 983.892028809 1004.607727051 952.207153320 960.525878906 959.886596680 978.359375000 881.319824219 1142.372680664
934.746887207 941.200805664 845.722473145 1099.925659180 1021.707092285 1067.558959961 984.567199707 1019.490783691 1015.482543945 977.232971191 861.679199219 1086.374511719 981.433044434 1001.857666016 949.513671875 958.068176270 957.113647461 975.772277832 878.537719727 1139.629760742
932.095336914 938.644104004 843.058410645 1097.254882812 1019.088195801 1064.715454102 981.779052734 1016.823181152 1012.657226562 974.531860352 859.079833984 1083.695678711 978.973937988 999.107543945 946.817199707 955.608886719 954.339904785 973.182922363 875.755615234 1136.884643555
929.442810059 936.085327148 840.394226074 1094.581909180 1016.469116211 1061.871582031 978.987854004 1014.154113770 1009.830993652 971.828674316 856.480163574 1081.014770508 976.514709473 996.357482910 944.117614746 953.148010254 951.565307617 970.591674805 872.973510742 1134.137329102
926.789306641 933.524291992 837.730102539 1091.906616211 1013.850036621 1059.027587891 976.193847656 1011.483520508 1007.003540039 969.123352051 853.880126953 1078.331420898 974.055297852 993.607421875 941.415039062 950.685546875 948.789916992 967.998168945 870.191406250 1131.387695312
924.134826660 930.960998535 835.066040039 1089.229248047 1011.231079102 1056.183349609 973.396728516 1008.811340332 1004.175170898 966.415893555 851.279785156 1075.646240234 971.596008301 990.857482910 938.709411621 948.221374512 946.013671875 965.402648926 867.409362793 1128.635986328
921.479553223 928.395568848 832.401855469 1086.549560547 1008.611938477 1053.338867188 970.596740723 1006.137695312 1001.345886230 963.706237793 848.678955078 1072.958740234 969.136352539 988.107482910 936.000671387 945.755554199 943.236877441 962.804992676 864.627258301 1125.881958008
918.823425293 925.827941895 829.737731934 1083.867797852 1005.992797852 1050.494262695 967.793701172 1003.462463379 998.515502930 960.994506836 846.077880859 1070.269165039 966.676574707 985.357543945 933.288940430 943.288208008 940.459167480 960.205200195 861.845214844 1123.125732422
916.166259766 923.258117676 827.073486328 1081.183837891 1003.373596191 1047.649536133 964.987731934 1000.785705566 995.684020996 958.280578613 843.476318359 1067.577392578 964.216552734 982.607666016 930.574096680 940.819152832 937.680725098 957.603271484 859.062988281 1120.367553711
913.508361816 920.685913086 824.409484863 1078.497558594 1000.754333496 1044.804565430 962.178649902 998.107360840 992.851623535 955.564514160 840.874511719 1064.883544922 961.756469727 979.857910156 927.856201172 938.348144531 934.901733398 954.999084473 856.281005859 1117.607055664
910.849609375 918.111755371 821.745300293 1075.809082031 998.134948730 1041.959472656 959.366821289 995.427246094 990.018249512 952.846191406 838.272155762 1062.187622070 959.296081543 977.108215332 925.135314941 935.875610352 932.121948242 952.392883301 853.498840332 1114.844482422
908.190002441 915.535278320 819.081054688 1073.118530273 995.515502930 1039.114135742 956.551879883 992.745666504 987.183776855 950.125793457 835.669494629 1059.489379883 956.835510254 974.358581543 922.411254883 933.401306152 929.341491699 949.784423828 850.716552734 1112.079589844
905.529479980 912.956604004 816.416809082 1070.425781250 992.895935059 1036.268676758 953.733947754 990.062316895 984.348327637 947.403137207 833.066467285 1056.789062500 954.374816895 971.609130859 919.684204102 930.925231934 926.560241699 947.173889160 847.934387207 1109.312622070
902.868286133 910.375610352 813.752563477 1067.730712891 990.276367188 1033.423339844 950.913208008 987.377380371 981.511962891 944.678222656 830.462951660 1054.086669922 951.913940430 968.859802246 916.954101562 928.447265625 923.778381348 944.561096191 845.151977539 1106.543457031
900.205993652 907.792541504 811.088134766 1065.033447266 987.656433105 1030.577636719 948.089477539 984.690673828 978.674377441 941.951293945 827.859069824 1051.382080078 949.452575684 966.110656738 914.221069336 925.967590332 920.995605469 941.946105957 842.369567871 1103.772338867
897.542968750 905.207214355 808.423828125 1062.334106445 985.036376953 1027.731811523 945.262756348 982.002319336 975.835937500 939.222106934 825.254638672 1048.675415039 946.990905762 963.361572266 911.484863281 923.486083984 918.212341309 939.328979492 839.587280273 1100.998901367
894.878967285 902.619750977 805.759399414 1059.632446289 982.416259766 1024.885986328 942.433044434 979.312194824 972.996398926 936.490661621 822.649902344 1045.966552734 944.529052734 960.612609863 908.745544434 921.002624512 915.428039551 936.709655762 836.804687500 1098.223510742
892.213989258 900.029968262 803.094848633 1056.928710938 979.795837402 1022.040100098 939.600402832 976.620178223 970.155822754 933.757080078 820.044677734 1043.255615234 942.066894531 957.863891602 906.003295898 918.517333984 912.643066406 934.088134766 834.022094727 1095.445922852
889.548278809 897.437866211 800.430358887 1054.222778320 977.175292969 1019.194091797 936.764831543 973.926574707 967.314392090 931.021240234 817.438964844 1040.542602539 939.604431152 955.115295410 903.257995605 916.030212402 909.857360840 931.464355469 831.239501953 1092.666137695
886.881469727 894.843688965 797.765563965 1051.514648438 974.554382324 1016.348022461 933.926269531 971.231079102 964.471801758 928.283203125 814.832763672 1037.827392578 937.141479492 952.366943359 900.509643555 913.541015625 907.070739746 928.838378906 828.456542969 1089.884399414
884.213745117 892.247192383 795.100830078 1048.804443359 971.933288574 1013.501892090 931.084777832 968.533752441 961.628234863 925.542968750 812.226135254 1035.110229492 934.678222656 949.618713379 897.758300781 911.049987793 904.283508301 926.210266113 825.673706055 1087.100341797
881.545104980 889.648254395 792.435852051 1046.092163086 969.312011719 1010.655639648 928.240417480 965.834716797 958.783691406 922.800476074 809.618835449 1032.390991211 932.214538574 946.870727539 895.003906250 908.557006836 901.495239258 923.579772949 822.890625000 1084.314453125
878.875549316 887.047119141 789.770812988 1043.377685547 966.690490723 1007.809387207 925.393005371 963.133789062 955.938110352 920.055786133 807.011230469 1029.669677734 929.750671387 944.122924805 892.246398926 906.062072754 898.706298828 920.947143555 820.107482910 1081.526367188
876.205139160 884.443664551 787.105590820 1040.661010742 964.068603516 1004.963134766 922.542785645 960.430908203 953.091552734 917.308837891 804.402893066 1026.946411133 927.286254883 941.375427246 889.485961914 903.564941406 895.916625977 918.312194824 817.324035645 1078.736206055
873.533569336 881.837951660 784.440246582 1037.942260742 961.446411133 1002.116821289 919.689575195 957.726257324 950.243957520 914.559753418 801.794067383 1024.221069336 924.821350098 938.628112793 886.722534180 901.065979004 893.125976562 915.675048828 814.540649414 1075.943969727
870.861267090 879.229858398 781.774719238 1035.221557617 958.823974609 999.270568848 916.833435059 955.019653320 947.395446777 911.808288574 799.184692383 1021.493591309 922.356079102 935.880981445 883.955993652 898.564941406 890.334655762 913.035644531 811.756958008 1073.149780273
868.187927246 876.619628906 779.109008789 1032.498657227 956.201110840 996.424194336 913.974365234 952.311157227 944.545776367 909.054748535 796.574829102 1018.764221191 919.890258789 933.134155273 881.186584473 896.061828613 887.542419434 910.394104004 808.973144531 1070.353393555
865.513732910 874.006896973 776.443054199 1029.773803711 953.578002930 993.577819824 911.112487793 949.600708008 941.695312500 906.298828125 793.964172363 1016.032897949 917.423950195 930.387634277 878.414062500 893.556640625 884.749633789 907.750244141 806.188964844 1067.555053711
862.838500977 871.391967773 773.776916504 1027.046875000 950.954406738 990.731628418 908.247619629 946.888244629 938.843688965 903.540771484 791.353027344 1013.299499512 914.957336426 927.641357422 875.638488770 891.049316406 881.955871582 905.104125977 803.404846191 1064.754760742
860.162414551 868.774780273 771.110534668 1024.317871094 948.330566406 987.885253906 905.379882812 944.173889160 935.991027832 900.780456543 788.741333008 1010.564270020 912.490051270 924.895385742 872.860046387 888.539916992 879.161376953 902.455810547 800.620361328 1061.952270508
857.485473633 866.155212402 768.444030762 1021.586791992 945.706176758 985.038940430 902.509216309 941.457397461 933.137512207 898.017944336 786.128906250 1007.826904297 910.022155762 922.149780273 870.078552246 886.028259277 876.366271973 899.805236816 797.835693359 1059.147949219
854.807678223 863.533447266 765.777160645 1018.853759766 943.081542969 982.192810059 899.635681152 938.739074707 930.282897949 895.253112793 783.515869141 1005.087707520 907.553833008 919.404418945 867.294128418 883.514587402 873.570312500 897.152343750 795.050781250 1056.341674805
852.129028320 860.909301758 763.109985352 1016.118652344 940.456359863 979.346740723 896.759277344 936.018615723 927.427429199 892.486083984 780.902099609 1002.346435547 905.084960938 916.659301758 864.506713867 880.998718262 870.773742676 894.497314453 792.265686035 1053.533203125
849.449462891 858.282958984 760.442687988 1013.381591797 937.830749512 976.500610352 893.879943848 933.296203613 924.570861816 889.716857910 778.287780762 999.603332520 902.615539551 913.914672852 861.716308594 878.480651855 867.976440430 891.839965820 789.480224609 1050.722900391
846.768920898 855.654296875 757.775085449 1010.642456055 935.204772949 973.654541016 890.997863770 930.571655273 921.713256836 886.945373535 775.672729492 996.858276367 900.145385742 911.170288086 858.923034668 875.960266113 865.178283691 889.180419922 786.694580078 1047.910522461
844.087768555 853.023376465 755.107055664 1007.901367188 932.578125000 970.808593750 888.112854004 927.845092773 918.854736328 884.171691895 773.056823730 994.111328125 897.674621582 908.426330566 856.126647949 873.437805176 862.379455566 886.518554688 783.908569336 1045.096313477
841.405639648 850.390075684 752.438842773 1005.158325195 929.951110840 967.962768555 885.225036621 925.116394043 915.995300293 881.395690918 770.440429688 991.362487793 895.203308105 905.682556152 853.327392578 870.912963867 859.580078125 883.854431152 781.122375488 1042.280029297
838.722717285 847.754577637 749.770324707 1002.413146973 927.323669434 965.116943359 882.334289551 922.385620117 913.134765625 878.617492676 767.823181152 988.611572266 892.731384277 902.939270020 850.525207520 868.385986328 856.779846191 881.188171387 778.335754395 1039.461791992
836.038818359 845.116699219 747.101318359 999.666198730 924.695495605 962.271301270 879.440795898 919.652709961 910.273193359 875.837036133 765.205261230 985.858947754 890.258605957 900.196411133 847.720092773 865.856628418 853.978942871 878.519592285 775.548889160 1036.641723633
833.354187012 842.476562500 744.432067871 996.917114258 922.066894531 959.425720215 876.544372559 916.917663574 907.410766602 873.054382324 762.586547852 983.104370117 887.785278320 897.453857422 844.912109375 863.325012207 851.177368164 875.848754883 772.761657715 1033.819702148
830.668762207 839.834106445 741.762390137 994.166198730 919.437744141 956.580383301 873.645263672 914.180419922 904.547241211 870.269470215 759.967041016 980.347900391 885.311218262 894.711669922 842.101196289 860.791015625 848.375061035 873.175720215 769.974182129 1030.995849609
827.982421875 837.189392090 739.092529297 991.413330078 916.807922363 953.735046387 870.743164062 911.441040039 901.682861328 867.482360840 757.346862793 977.589599609 882.836486816 891.969970703 839.287292480 858.254760742 845.572082520 870.500366211 767.186279297 1028.169921875
825.295227051 834.542480469 736.422119141 988.658508301 914.177551270 950.889892578 867.838378906 908.699462891 898.817321777 864.693176270 754.725830078 974.829467773 880.360961914 889.228698730 836.470458984 855.716125488 842.768310547 867.822753906 764.398132324 1025.342285156
822.607177734 831.893127441 733.751342773 985.901733398 911.546569824 948.044799805 864.930847168 905.955749512 895.950927734 861.902038574 752.103942871 972.067443848 877.884582520 886.487731934 833.650878906 853.175109863 839.963867188 865.142883301 761.609497070 1022.512695312
819.918334961 829.241516113 731.080078125 983.143005371 908.914916992 945.199951172 862.020385742 903.209716797 893.083557129 859.109069824 749.481201172 969.303588867 875.407470703 883.747253418 830.828369141 850.631713867 837.158752441 862.460937500 758.820373535 1019.681152344
817.228637695 826.587707520 728.408569336 980.382568359 906.282653809 942.355224609 859.107299805 900.461486816 890.215209961 856.314392090 746.857727051 966.537963867 872.929565430 881.007263184 828.002929688 848.085937500 834.352905273 859.776550293 756.031005859 1016.847900391
814.538085938 823.931762695 725.736450195 977.620117188 903.649780273 939.510803223 856.191284180 897.710998535 887.345825195 853.518066406 744.233276367 963.770568848 870.450927734 878.267700195 825.174682617 845.537719727 831.546325684 857.090087891 753.241149902 1014.012756348
811.846679688 821.273620605 723.063903809 974.855773926 901.016113281 936.666381836 853.272583008 894.958374023 884.475463867 850.720031738 741.608032227 961.001342773 867.971374512 875.528625488 822.343627930 842.987121582 828.739074707 854.401245117 750.450805664 1011.175720215
809.154479980 818.613464355 720.390930176 972.089660645 898.381896973 933.822143555 850.351196289 892.203369141 881.604248047 847.920410156 738.981750488 958.230285645 865.491027832 872.789978027 819.509582520 840.434020996 825.931091309 851.710205078 747.660095215 1008.336853027
806.461303711 815.951416016 717.717468262 969.321594238 895.746887207 930.978210449 847.426940918 889.446044922 878.731811523 845.119323730 736.354675293 955.457580566 863.009826660 870.051818848 816.672851562 837.878417969 823.122436523 849.016906738 744.868896484 1005.496215820
803.767517090 813.287414551 715.043579102 966.551879883 893.111022949 928.134399414 844.499938965 886.686401367 875.858703613 842.316345215 733.726684570 952.683105469 860.527648926 867.314147949 813.833190918 835.320373535 820.313049316 846.321472168 742.077270508 1002.653747559
801.072692871 810.621459961 712.369018555 963.780212402 890.474365234 925.290832520 841.570373535 883.924438477 872.984436035 839.511840820 731.097778320 949.906921387 858.044494629 864.576965332 810.990905762 832.759826660 817.502929688 843.623657227 739.285034180 999.809509277
798.377136230 807.953674316 709.694091797 961.006774902 887.837158203 922.447448730 838.638000488 881.160217285 870.109252930 836.705627441 728.467956543 947.129028320 855.560546875 861.840332031 808.145690918 830.196716309 814.692077637 840.923645020 736.492553711 996.963500977
795.680786133 805.284118652 707.018493652 958.231445312 885.198974609 919.604187012 835.702941895 878.393676758 867.233154297 833.897705078 725.837036133 944.349304199 853.075561523 859.104125977 805.297607422 827.631164551 811.880737305 838.221496582 733.699340820 994.115661621
792.983581543 802.612609863 704.342346191 955.454467773 882.560119629 916.761413574 832.765197754 875.624755859 864.356018066 831.088012695 723.205261230 941.567993164 850.589660645 856.368591309 802.446838379 825.063049316 809.068603516 835.517028809 730.905517578 991.266113281
790.285522461 799.939270020 701.665588379 952.675659180 879.920349121 913.918701172 829.824707031 872.853393555 861.477966309 828.276489258 720.572326660 938.784973145 848.102783203 853.633483887 799.593261719 822.492370605 806.255676270 832.810424805 728.111328125 988.414794922
787.586669922 797.263916016 698.988281250 949.895019531 877.279846191 911.076232910 826.881713867 870.079711914 858.598876953 825.463256836 717.938415527 936.000244141 845.614929199 850.898925781 796.736938477 819.919128418 803.442199707 830.101501465 725.316467285 985.561706543
784.887145996 794.586669922 696.310424805 947.112731934 874.638488770 908.233947754 823.935913086 867.303588867 855.718994141 822.648254395 715.303527832 933.213928223 843.126098633 848.164855957 793.877929688 817.343200684 800.628173828 827.390563965 722.521118164 982.706970215
782.186706543 791.907409668 693.631835938 944.328674316 871.996093750 905.392089844 820.987487793 864.525085449 852.838012695 819.831359863 712.667541504 930.425903320 840.636047363 845.431335449 791.016052246 814.764709473 797.813232422 824.677185059 719.725158691 979.850463867
779.485412598 789.225952148 690.952697754 941.542846680 869.352844238 902.550354004 818.036376953 861.744140625 849.956115723 817.012634277 710.030395508 927.636230469 838.145019531 842.698425293 788.151489258 812.183654785 794.997802734 821.961669922 716.928527832 976.992248535
776.783508301 786.542419434 688.272766113 938.755371094 866.708801270 899.708923340 815.082702637 858.960815430 847.073242188 814.192138672 707.392150879 924.844970703 835.653015137 839.966064453 785.284240723 809.599975586 792.181823730 819.243957520 714.131286621 974.132324219
774.080688477 783.856750488 685.592285156 935.966003418 864.063720703 896.867736816 812.126403809 856.175048828 844.189514160 811.369689941 704.752868652 922.051940918 833.159851074 837.234191895 782.414184570 807.013610840 789.364990234 816.524047852 711.333374023 971.270629883
771.377075195 781.168884277 682.911010742 933.175109863 861.417602539 894.026977539 809.167480469 853.386779785 841.304809570 808.545471191 702.112487793 919.257507324 830.665466309 834.502990723 779.541503906 804.424621582 786.547546387 813.801940918 708.534912109 968.407409668
768.672729492 778.478881836 680.229064941 930.382568359 858.770751953 891.186340332 806.205993652 850.596069336 838.419067383 805.719299316 699.470886230 916.461425781 828.170104980 831.772338867 776.666198730 801.832885742 783.729614258 811.077697754 705.735595703 965.542419434
765.967651367 775.786682129 677.546386719 927.588195801 856.122741699 888.346069336 803.241882324 847.802856445 835.532531738 802.891174316 696.828125000 913.663696289 825.673522949 829.042297363 773.788146973 799.238647461 780.910949707 808.351257324 702.935791016 962.675781250
763.261718750 773.092224121 674.862976074 924.792236328 853.473754883 885.506042480 800.275207520 845.007141113 832.644897461 800.061157227 694.184265137 910.864440918 823.175781250 826.312805176 770.907470703 796.641479492 778.091552734 805.622558594 700.135192871 959.807556152
760.555114746 770.395751953 672.178710938 921.994567871 850.823791504 882.666320801 797.305969238 842.208984375 829.756347656 797.229187012 691.539062500 908.063659668 820.676879883 823.583984375 768.024108887 794.041748047 775.271667480 802.891784668 697.333862305 956.937683105
757.847717285 767.697143555 669.493774414 919.195312500 848.172729492 879.826965332 794.334167480 839.408264160 826.866882324 794.395385742 688.892700195 905.261352539 818.176757812 820.855712891 765.138122559 791.439270020 772.450988770 800.158874512 694.531860352 954.066162109
755.139465332 764.996337891 666.808044434 916.394287109 845.520751953 876.987854004 791.359802246 836.605102539 823.976501465 791.559509277 686.245117188 902.457336426 815.675354004 818.128051758 762.249572754 788.834167480 769.629882812 797.423767090 691.729064941 951.192993164
752.430603027 762.293518066 664.121520996 913.591796875 842.867553711 874.149108887 788.383056641 833.799377441 821.085266113 788.721740723 683.596252441 899.651977539 813.172729492 815.401000977 759.358337402 786.226196289 766.808105469 794.686401367 688.925476074 948.318176270
749.721008301 759.588562012 661.433959961 910.787658691 840.213256836 871.310668945 785.403625488 830.991149902 818.192993164 785.882141113 680.946105957 896.845031738 810.668884277 812.674621582 756.464538574 783.615478516 763.985778809 791.946899414 686.121093750 945.441894531
747.010498047 756.881530762 658.745727539 907.981811523 837.557922363 868.472473145 782.421813965 828.180358887 815.299865723 783.040649414 678.294677734 894.036621094 808.163757324 809.948791504 753.568115234 781.002014160 761.162658691 789.205383301 683.315979004 942.563964844
744.299438477 754.172485352 656.056579590 905.174560547 834.901367188 865.634643555 779.437438965 825.366943359 812.405822754 780.197387695 675.641845703 891.226745605 805.657165527 807.223693848 750.669189453 778.385803223 758.339050293 786.461608887 680.509948730 939.684509277
741.587463379 751.461425781 653.366577148 902.365661621 832.243774414 862.797241211 776.450622559 822.551086426 809.510803223 777.352294922 672.987731934 888.415344238 803.149475098 804.499145508 747.767700195 775.766784668 755.514831543 783.715759277 677.703125000 936.803527832
738.874816895 748.748413086 650.675598145 899.555175781 829.585021973 859.960021973 773.461364746 819.732604980 806.614868164 774.505554199 670.332214355 885.602539062 800.640319824 801.775207520 744.863464355 773.145019531 752.689941406 780.967834473 674.895446777 933.920898438
736.161499023 746.033325195 647.983825684 896.743225098 826.924987793 857.123229980 770.469604492 816.911499023 803.718139648 771.656921387 667.675415039 882.788269043 798.129821777 799.052001953 741.956970215 770.520385742 749.864562988 778.217651367 672.086914062 931.036804199
733.447387695 743.316406250 645.291015625 893.929626465 824.263854980 854.286804199 767.475402832 814.087768555 800.820312500 768.806701660 665.017272949 879.972534180 795.617980957 796.329406738 739.047790527 767.893005371 747.038513184 775.465515137 669.277526855 928.151123047
730.732543945 740.597351074 642.597229004 891.114562988 821.601379395 851.450683594 764.478759766 811.261596680 797.921569824 765.954772949 662.357604980 877.155334473 793.104675293 793.607421875 736.136108398 765.262756348 744.211914062 772.711120605 666.467163086 925.264038086
728.017028809 737.876464844 639.902404785 888.297973633 818.937805176 848.614990234 761.479675293 808.432739258 795.022033691 763.101257324 659.696472168 874.336791992 790.589965820 790.886108398 733.221984863 762.629638672 741.384704590 769.954772949 663.655883789 922.375244141
725.300842285 735.153625488 637.206665039 885.479797363 816.272888184 845.779541016 758.478271484 805.601318359 792.121582031 760.246032715 657.033935547 871.516906738 788.073852539 788.165588379 730.305297852 759.993713379 738.556945801 767.196289062 660.843627930 919.485168457
722.583923340 732.428833008 634.510009766 882.660217285 813.606811523 842.944519043 755.474365234 802.767272949 789.220214844 757.389160156 654.369873047 868.695556641 785.556396484 785.445617676 727.386169434 757.354980469 735.728698730 764.435668945 658.030456543 916.593322754
719.866210938 729.702148438 631.812133789 879.839172363 810.939331055 840.109802246 752.468200684 799.930541992 786.317993164 754.530700684 651.704406738 865.872924805 783.037292480 782.726257324 724.464660645 754.713256836 732.899719238 761.672973633 655.216369629 913.700256348
717.147888184 726.973632812 629.113342285 877.016540527 808.270629883 837.275451660 749.459655762 797.091247559 783.414794922 751.670654297 649.037414551 863.048767090 780.516845703 780.007629395 721.540649414 752.068847656 730.070312500 758.908264160 652.401245117 910.805541992
714.428894043 724.243286133 626.413391113 874.192565918 805.600463867 834.441467285 746.448669434 794.249267578 780.510742188 748.808959961 646.368774414 860.223327637 777.994689941 777.289733887 718.614257812 749.421508789 727.240356445 756.141418457 649.585021973 907.909484863
711.709167480 721.511047363 623.712402344 871.367004395 802.929077148 831.607910156 743.435424805 791.404724121 777.605834961 745.945678711 643.698730469 857.396545410 775.471191406 774.572448730 715.685363770 746.771301270 724.409851074 753.372619629 646.767822266 905.012023926
708.988830566 718.776916504 621.010253906 868.540100098 800.256347656 828.774658203 740.419799805 788.557434082 774.700012207 743.080749512 641.027038574 854.568481445 772.946044922 771.855834961 712.754089355 744.118164062 721.578674316 750.601684570 643.949584961 902.113037109
706.267761230 716.040954590 618.307006836 865.711730957 797.582153320 825.941772461 737.401855469 785.707580566 771.793395996 740.214233398 638.353698730 851.739074707 770.419372559 769.139831543 709.820495605 741.462097168 718.747131348 747.828735352 641.130310059 899.212646484
703.546081543 713.303161621 615.602600098 862.881958008 794.906616211 823.109252930 734.381652832 782.855041504 768.885742188 737.346130371 635.678833008 848.908325195 767.891174316 766.424682617 706.884399414 738.803161621 715.915039062 745.053771973 638.309936523 896.310791016
700.808959961 710.545776367 612.874145508 860.035339355 792.206237793 820.257690430 731.344848633 779.979614258 765.962707520 734.459777832 632.977844238 846.061401367 765.336486816 763.691223145 703.931640625 736.119873047 713.068969727 742.258117676 635.466125488 893.392089844
698.056701660 707.769226074 610.121887207 857.172241211 789.481445312 817.387512207 728.291870117 777.081542969 763.024475098 731.555725098 630.251098633 843.198730469 762.755798340 760.939697266 700.962341309 733.412597656 710.209106445 739.442260742 632.599365234 890.456726074
695.289367676 704.973937988 607.345825195 854.292541504 786.732482910 814.498596191 725.222778320 774.160888672 760.070922852 728.634094238 627.498535156 840.320190430 760.149475098 758.170227051 697.976745605 730.681274414 707.335510254 736.606506348 629.709411621 887.504699707
692.506469727 702.159667969 604.545593262 851.396179199 783.959777832 811.590698242 722.137329102 771.217407227 757.101867676 725.695007324 624.720092773 837.425537109 757.517883301 755.382629395 694.974487305 727.925659180 704.447814941 733.750915527 626.796203613 884.536010742
689.707580566 699.326416016 601.720825195 848.482666016 781.163024902 808.663574219 719.035400391 768.250854492 754.116882324 722.738342285 621.915222168 834.514404297 754.860778809 752.576049805 691.955444336 725.145446777 701.545776367 730.875305176 623.859130859 881.550170898
686.892333984 696.474121094 598.871276855 845.551757812 778.342468262 805.716613770 715.916870117 765.261413574 751.115783691 719.764160156 619.083801270 831.586486816 752.178344727 749.750427246 688.919555664 722.340515137 698.628906250 727.979553223 620.898071289 878.546875000
684.060485840 693.602783203 595.996948242 842.603271484 775.497985840 802.749694824 712.781860352 762.249206543 748.098144531 716.772521973 616.225891113 828.641784668 749.470214844 746.905273438 685.866699219 719.511169434 695.696899414 725.063842773 617.913146973 875.526062012
681.211669922 690.712646484 593.097961426 839.637084961 772.630004883 799.762573242 709.630371094 759.214538574 745.064086914 713.763793945 613.341796875 825.680114746 746.736938477 744.040405273 682.796936035 716.657531738 692.750061035 722.128295898 614.904357910 872.487548828
678.345825195 687.803955078 590.174438477 836.653137207 769.738647461 796.755126953 706.462463379 756.157775879 742.013366699 710.738159180 610.431457520 822.701354980 743.978576660 741.155761719 679.710388184 713.779785156 689.787963867 719.172973633 611.871948242 869.431396484
675.462890625 684.876770020 587.226684570 833.651550293 766.824523926 793.727600098 703.278442383 753.079284668 738.946044922 707.695922852 607.495178223 819.705627441 741.195556641 738.251342773 676.607177734 710.878479004 686.810852051 716.198181152 608.816284180 866.357727051
672.562866211 681.931518555 584.255187988 830.632202148 763.887817383 790.679870605 700.078369141 749.979431152 735.862182617 704.637329102 604.533386230 816.693176270 738.388061523 735.327209473 673.487548828 707.953735352 683.818847656 713.204101562 605.737487793 863.266479492
669.646057129 678.968688965 581.260131836 827.595581055 760.929260254 787.612243652 696.862548828 746.858825684 732.761962891 701.562927246 601.546264648 813.664062500 735.556701660 732.383666992 670.351684570 705.006225586 680.812133789 710.191345215 602.636291504 860.157958984
666.712524414 675.988464355 578.242370605 824.541687012 757.949279785 784.524963379 693.631408691 743.717956543 729.645690918 698.473144531 598.534301758 810.618591309 732.702148438 729.420776367 667.199890137 702.036437988 677.791015625 707.160034180 599.513000488 857.032287598
663.762512207 672.991516113 575.202270508 821.470764160 754.948669434 781.418090820 690.385192871 740.557373047 726.513610840 695.368469238 595.498229980 807.556884766 729.824829102 726.438903809 664.032470703 699.044799805 674.755798340 704.110717773 596.368041992 853.889709473
660.796630859 669.978271484 572.140441895 818.383300781 751.927917480 778.292175293 687.124389648 737.377807617 723.366088867 692.249389648 592.438293457 804.479492188 726.925476074 723.438415527 660.850036621 696.031982422 671.706970215 701.043762207 593.202392578 850.730773926
657.815063477 666.949218750 569.057739258 815.279479980 748.887939453 775.147644043 683.849304199 734.179626465 720.203430176 689.116394043 589.355224609 801.386596680 724.004638672 720.419677734 657.652770996 692.998596191 668.644836426 697.959716797 590.016540527 847.555480957
654.818298340 663.904907227 565.954589844 812.159790039 745.829345703 771.984741211 680.560363770 730.963745117 717.026245117 685.970092773 586.249572754 798.278869629 721.063049316 717.383239746 654.441162109 689.945251465 665.570068359 694.859069824 586.810913086 844.364562988
651.807006836 660.845886230 562.831848145 809.024780273 742.752624512 768.804077148 677.258056641 727.730529785 713.834838867 682.811035156 583.122192383 795.156555176 718.101318359 714.329528809 651.215820312 686.872558594 662.483093262 691.742370605 583.586669922 841.158264160
648.781738281 657.772705078 559.690246582 805.874816895 739.659118652 765.606201172 673.943054199 724.480895996 710.629943848 679.639892578 579.973510742 792.020263672 715.120605469 711.258972168 647.977233887 683.781127930 659.384521484 688.610107422 580.344238281 837.937072754
645.742980957 654.686218262 556.530517578 802.710510254 736.549194336 762.391479492 670.615783691 721.215270996 707.411987305 676.457214355 576.804443359 788.870544434 712.121215820 708.172302246 644.725891113 680.671630859 656.274963379 685.463134766 577.084594727 834.701660156
642.691528320 651.587219238 553.353393555 799.532348633 733.423706055 759.160522461 667.276672363 717.934387207 704.181579590 673.263854980 573.615661621 785.708068848 709.104125977 705.070007324 641.462463379 677.544799805 653.155029297 682.302185059 573.808471680 831.452392578
639.627990723 648.476440430 550.159606934 796.341003418 730.283813477 755.913879395 663.926574707 714.638977051 700.939453125 670.060668945 570.407775879 782.533203125 706.070129395 701.952636719 638.187438965 674.401306152 650.025390625 679.128112793 570.516662598 828.189880371
636.553222656 645.354736328 546.950134277 793.137084961 727.130004883 752.652160645 660.565795898 711.329650879 697.686462402 666.848266602 567.181701660 779.346862793 703.020019531 698.820922852 634.901550293 671.241699219 646.886962891 675.941711426 567.209960938 824.914794922
633.467956543 642.222778320 543.725585938 789.921569824 723.963500977 749.375976562 657.195129395 708.007080078 694.423156738 663.627319336 563.938049316 776.149719238 699.955078125 695.675415039 631.605468750 668.066894531 643.740295410 672.743591309 563.889282227 821.628112793
630.373229980 639.081237793 540.486816406 786.695129395 720.785034180 746.085937500 653.815185547 704.671997070 691.150573730 660.398559570 560.677734375 772.942565918 696.875976562 692.516784668 628.299743652 664.877380371 640.586425781 669.534667969 560.555358887 818.330383301
627.269714355 635.930847168 537.234497070 783.458496094 717.595703125 742.782592773 650.426757812 701.325012207 687.869384766 657.162536621 557.401306152 769.726196289 693.783752441 689.345764160 624.985107422 661.673950195 637.425659180 666.315551758 557.208923340 815.022460938
624.158020020 632.772155762 533.969482422 780.212463379 714.396118164 739.466857910 647.030334473 697.966857910 684.580139160 653.919921875 554.109558105 766.501281738 690.679199219 686.163024902 621.662414551 658.457336426 634.259033203 663.086914062 553.850952148 811.705078125
621.039001465 629.605957031 530.692626953 776.957702637 711.187255859 736.139526367 643.626770020 694.598388672 681.283752441 650.671203613 550.803405762 763.268615723 687.563110352 682.969482422 618.332397461 655.228393555 631.087036133 659.849426270 550.482238770 808.378784180
617.913452148 626.432739258 527.404663086 773.694885254 707.969726562 732.801269531 640.216796875 691.220397949 677.980773926 647.416931152 547.483398438 760.028564453 684.436340332 679.765869141 614.995666504 651.987976074 627.910217285 656.603698730 547.103393555 805.044433594
614.781738281 623.253112793 524.106384277 770.424682617 704.744262695 729.452941895 636.800903320 687.833496094 674.671813965 644.157836914 544.150451660 756.782104492 681.299621582 676.552917480 611.652832031 648.736816406 624.729370117 653.350341797 543.715393066 801.702575684
611.644592285 620.067626953 520.798645020 767.147583008 701.511474609 726.095092773 633.379943848 684.438415527 671.357482910 640.894165039 540.805297852 753.529541016 678.153564453 673.331237793 608.304809570 645.475524902 621.544738770 650.089965820 540.318969727 798.353759766
608.502685547 616.876831055 517.482116699 763.864379883 698.272094727 722.728637695 629.954345703 681.035705566 668.038391113 637.626525879 537.448669434 750.271545410 674.998962402 670.101623535 604.951965332 642.205017090 618.357055664 646.822998047 536.914855957 794.998718262
605.356323242 613.681091309 514.157775879 760.575439453 695.026794434 719.353942871 626.524719238 677.626159668 664.714782715 634.355407715 534.081481934 747.008728027 671.836547852 666.864624023 601.594909668 638.925781250 615.166748047 643.550109863 533.503845215 791.637756348
602.206298828 610.480957031 510.826293945 757.281433105 691.775939941 715.971740723 623.091613770 674.210144043 661.387634277 631.081115723 530.704589844 743.741455078 668.666625977 663.620849609 598.234313965 635.638427734 611.974365234 640.271728516 530.086730957 788.271667480
599.052978516 607.277038574 507.488311768 753.982788086 688.520385742 712.582641602 619.655517578 670.788452148 658.057128906 627.804260254 527.318603516 740.470458984 665.490173340 660.370849609 594.870544434 632.343688965 608.780334473 636.988403320 526.664062500 784.900878906
595.896911621 604.069580078 504.144561768 750.680053711 685.260375977 709.187133789 616.217041016 667.361389160 654.723754883 624.525146484 523.924255371 737.195983887 662.307495117 657.115173340 591.504333496 629.042053223 605.585083008 633.700439453 523.236572266 781.525756836
592.738403320 600.859069824 500.795715332 747.373657227 681.996520996 705.785705566 612.776428223 663.929504395 651.388061523 621.244262695 520.522216797 733.918640137 659.119079590 653.854309082 588.135925293 625.734008789 602.389038086 630.408569336 519.804870605 778.146911621
589.578063965 597.646057129 497.442260742 744.064086914 678.729309082 702.378845215 609.334228516 660.493469238 648.050415039 617.961914062 517.113098145 730.638732910 655.925781250 650.588684082 584.765686035 622.420166016 599.192687988 627.112976074 516.369323730 774.764831543
586.416381836 594.430847168 494.084747314 740.751770020 675.459167480 698.967102051 605.890991211 657.053527832 644.711181641 614.678527832 513.697448730 727.356872559 652.727783203 647.318847656 581.394470215 619.101013184 595.996337891 623.814208984 512.930664062 771.379760742
583.253540039 591.213928223 490.723724365 737.437133789 672.186706543 695.550842285 602.446960449 653.610229492 641.370910645 611.394470215 510.275756836 724.073303223 649.525695801 644.045104980 578.022338867 615.777038574 592.800354004 620.512695312 509.489288330 767.992248535
580.090148926 587.995483398 487.359771729 734.120544434 668.912170410 692.130493164 599.002685547 650.163940430 638.029846191 608.110046387 506.848693848 720.788452148 646.320007324 640.768066406 574.649841309 612.448547363 589.605163574 617.208801270 506.045715332 764.602783203
576.926513672 584.776123047 483.993255615 730.802551270 665.636108398 688.706542969 595.558288574 646.715148926 634.688354492 604.825683594 503.416687012 717.502929688 643.111145020 637.488037109 571.277282715 609.116210938 586.411132812 613.902832031 502.600372314 761.211608887
573.763183594 581.556152344 480.624633789 727.483398438 662.358825684 685.279357910 592.114440918 643.264160156 631.347045898 601.541687012 499.980194092 714.216796875 639.899536133 634.205383301 567.905090332 605.780395508 583.218750000 610.595336914 499.153686523 757.819091797
570.600341797 578.335937500 477.254425049 724.163452148 659.080932617 681.849365234 588.671325684 639.811462402 628.005920410 598.258422852 496.539764404 710.930480957 636.685729980 630.920532227 564.533691406 602.441467285 580.028137207 607.286560059 495.706115723 754.425720215
567.438598633 575.115783691 473.882965088 720.843078613 655.802612305 678.416931152 585.229248047 636.357421875 624.665710449 594.976135254 493.095703125 707.644531250 633.470092773 627.634033203 561.163330078 599.099975586 576.839843750 603.976928711 492.258026123 751.031677246
564.278137207 571.896179199 470.510681152 717.522705078 652.524353027 674.982421875 581.788574219 632.902343750 621.326416016 591.695251465 489.648498535 704.359069824 630.253051758 624.346069336 557.794433594 595.756103516 573.654113770 600.666748047 488.809814453 747.637451172
561.119445801 568.677368164 467.137939453 714.202697754 649.246520996 671.546203613 578.349670410 629.446533203 617.988525391 588.416015625 486.198577881 701.074584961 627.034912109 621.057128906 554.427307129 592.410400391 570.471252441 597.356445312 485.361846924 744.243408203
557.962829590 565.459655762 463.765258789 710.883361816 645.969543457 668.108642578 574.912902832 625.990478516 614.652282715 585.138671875 482.746429443 697.791381836 623.816406250 617.767517090 551.062255859 589.063232422 567.291687012 594.046203613 481.914581299 740.849792480
554.808471680 562.243469238 460.392883301 707.564941406 642.693664551 664.670227051 571.478393555 622.534484863 611.317810059 581.863647461 479.292327881 694.509765625 620.597656250 614.477722168 547.699645996 585.714965820 564.115783691 590.736389160 478.468261719 737.456848145
551.656677246 559.028930664 457.021209717 704.247802734 639.419311523 661.231140137 568.046569824 619.078796387 607.985290527 578.591003418 475.836700439 691.230041504 617.379211426 611.188049316 544.339782715 582.365966797 560.943664551 587.427001953 475.023284912 734.064819336
548.507385254 555.816040039 453.650634766 700.932067871 636.146789551 657.791809082 564.617553711 615.623718262 604.654663086 575.320922852 472.379943848 687.952514648 614.161315918 607.898864746 540.982849121 579.016662598 557.775634766 584.118164062 471.580017090 730.673950195
545.360839844 552.605102539 450.281494141 697.617919922 632.876586914 654.352539062 561.191833496 612.169738770 601.326110840 572.053527832 468.922454834 684.677246094 610.944580078 604.610473633 537.629333496 575.667419434 554.611816406 580.809997559 468.138824463 727.284240723
542.216735840 549.396057129 446.914123535 694.305358887 629.608886719 650.913818359 557.769592285 608.716918945 597.999450684 568.788635254 465.464538574 681.404357910 607.728942871 601.323425293 534.279418945 572.318481445 551.452087402 577.502502441 464.699859619 723.895751953
539.075134277 546.188659668 443.548889160 690.994384766 626.343688965 647.475769043 554.351074219 605.265747070 594.674499512 565.526184082 462.006591797 678.133911133 604.514770508 598.037963867 530.933410645 568.970275879 548.296447754 574.195556641 461.263671875 720.508483887
535.935852051 542.982971191 440.186157227 687.684997559 623.081420898 644.038757324 550.936523438 601.816345215 591.351257324 562.265930176 458.549041748 674.865783691 601.302124023 594.754394531 527.591552734 565.623107910 545.144531250 570.889221191 457.830444336 717.122314453
532.798583984 539.778686523 436.826202393 684.376892090 619.821838379 640.603088379 547.526245117 598.369079590 588.029357910 559.007751465 455.092071533 671.599792480 598.091125488 591.473144531 524.254211426 562.277343750 541.996215820 567.583435059 454.400421143 713.737060547
529.663208008 536.575744629 433.469390869 681.070129395 616.564941406 637.168884277 544.120483398 594.924255371 584.708862305 555.751220703 451.636169434 668.335815430 594.881652832 588.194519043 520.921569824 558.933349609 538.851013184 564.278076172 450.973999023 710.352783203
526.529663086 533.373901367 430.115997314 677.764587402 613.310668945 633.736328125 540.719421387 591.482055664 581.389526367 552.496215820 448.181610107 665.073608398 591.673828125 584.918823242 517.593933105 555.591369629 535.708679199 560.973205566 447.551391602 706.969299316
523.397644043 530.172912598 426.766326904 674.459899902 610.058776855 630.305236816 537.323242188 588.042785645 578.071289062 549.242370605 444.728637695 661.812927246 588.467285156 581.646118164 514.271545410 552.251708984 532.568847656 557.668640137 444.132904053 703.586486816
520.267028809 526.972900391 423.420745850 671.156188965 606.809143066 626.875610352 533.931884766 584.606689453 574.754028320 545.989501953 441.277740479 658.553527832 585.262145996 578.376525879 510.954437256 548.914733887 529.431030273 554.364440918 440.718780518 700.204284668
517.137695312 523.773620605 420.079406738 667.853088379 603.561279297 623.447509766 530.545349121 581.174011230 571.437683105 542.737487793 437.829071045 655.295227051 582.058105469 575.109924316 507.642608643 545.580749512 526.294921875 551.060668945 437.309265137 696.822509766
514.009582520 520.574890137 416.742797852 664.550720215 600.315002441 620.020507812 527.163208008 577.744995117 568.122131348 539.486022949 434.383117676 652.037902832 578.855041504 571.846130371 504.335784912 542.250000000 523.160400391 547.757263184 433.904754639 693.441162109
510.882720947 517.376770020 413.411010742 661.248962402 597.070251465 616.594665527 523.785400391 574.319763184 564.807434082 536.235046387 430.939971924 648.781372070 575.653137207 568.584960938 501.033813477 538.922790527 520.027099609 544.454101562 430.505371094 690.060363770
507.757049561 514.179321289 410.084381104 657.947692871 593.826599121 613.169738770 520.411315918 570.898315430 561.493652344 532.984558105 427.500000000 645.525390625 572.451904297 565.326110840 497.736236572 535.598999023 516.894958496 541.151367188 427.111267090 686.679809570
504.632537842 510.982330322 406.763244629 654.647033691 590.584167480 609.745422363 517.040527344 567.480529785 558.180603027 529.734436035 424.063659668 642.270202637 569.251647949 562.069274902 494.442657471 532.278686523 513.763732910 537.848999023 423.722930908 683.299682617
501.509185791 507.786010742 403.447875977 651.346923828 587.342590332 606.321777344 513.672668457 564.066345215 554.868530273 526.484802246 420.630981445 639.015625000 566.052185059 558.814025879 491.152526855 528.961730957 510.633544922 534.547119141 420.340484619 679.920043945
498.387176514 504.590332031 400.138458252 648.047424316 584.101867676 602.898559570 510.307250977 560.655212402 551.557373047 523.235534668 417.202148438 635.761474609 562.853515625 555.560180664 487.865417480 525.647827148 507.504333496 531.245666504 416.964172363 676.540771484
495.266479492 501.395294189 396.835327148 644.748474121 580.861877441 599.475708008 506.943786621 557.247009277 548.247131348 519.986755371 413.777099609 632.508056641 559.655517578 552.307373047 484.580780029 522.336730957 504.376068115 527.944702148 413.594207764 673.162109375
492.147125244 498.201049805 393.538665771 641.450195312 577.622680664 596.053161621 503.581848145 553.841125488 544.938049316 516.738464355 410.355804443 629.255187988 556.458496094 549.055297852 481.298187256 519.028015137 501.248901367 524.644226074 410.230865479 669.783874512
489.029205322 495.007476807 390.248657227 638.152587891 574.384338379 592.630920410 500.221130371 550.437194824 541.629943848 513.490783691 406.937896729 626.003112793 553.262268066 545.803894043 478.017181396 515.721252441 498.122833252 521.344238281 406.874053955 666.406250000
485.912841797 491.814849854 386.965240479 634.855834961 571.146911621 589.208923340 496.861389160 547.034912109 538.323059082 510.243835449 403.523223877 622.751831055 550.067138672 542.553100586 474.737457275 512.416137695 494.998107910 518.044860840 403.523590088 663.029174805
482.798065186 488.623107910 383.688140869 631.559814453 567.910400391 585.787231445 493.502441406 543.633789062 535.017333984 506.997589111 400.111328125 619.501342773 546.872924805 539.302612305 471.458801270 509.112335205 491.874786377 514.746032715 400.179229736 659.652770996
479.684997559 485.432281494 380.416961670 628.264648438 564.674743652 582.365844727 490.144073486 540.233520508 531.712829590 503.752166748 396.701843262 616.251770020 543.679626465 536.052612305 468.180969238 505.809478760 488.752929688 511.447845459 396.840484619 656.277099609
476.573638916 482.242492676 377.151275635 624.970458984 561.440307617 578.944824219 486.786315918 536.833801270 528.409667969 500.507629395 393.294311523 613.003173828 540.487609863 532.802856445 464.903900146 502.507446289 485.632629395 508.150360107 393.506774902 652.902160645
473.464050293 479.053710938 373.890319824 621.677062988 558.206848145 575.524230957 483.429138184 533.434387207 525.107788086 497.263977051 389.888336182 609.755615234 537.296691895 529.553588867 461.627532959 499.205932617 482.514160156 504.853363037 390.177429199 649.527954102
470.356323242 475.866027832 370.633483887 618.384765625 554.974792480 572.104064941 480.072479248 530.035278320 521.807128906 494.021423340 386.483551025 606.509216309 534.107055664 526.304809570 458.351806641 495.904937744 479.397430420 501.557098389 386.851806641 646.154541016
467.250396729 472.679443359 367.380065918 615.093505859 551.743835449 568.684448242 476.716491699 526.636291504 518.507812500 490.779815674 383.079803467 603.263916016 530.918701172 523.056579590 455.076843262 492.604461670 476.282531738 498.261413574 383.529144287 642.781921387
464.146331787 469.493865967 364.129241943 611.803161621 548.514343262 565.265380859 473.361328125 523.237365723 515.209777832 487.539215088 379.676574707 600.019836426 527.731567383 519.809082031 451.802764893 489.304412842 473.169677734 494.966339111 380.208709717 639.410034180
461.044067383 466.309448242 360.880493164 608.513854980 545.286254883 561.846923828 470.007019043 519.838562012 511.912994385 484.299652100 376.273895264 596.776916504 524.545837402 516.562255859 448.529632568 486.004882812 470.058715820 491.671905518 376.890075684 636.039001465
457.943542480 463.126068115 357.633056641 605.225524902 542.059631348 558.429138184 466.653717041 516.440063477 508.617370605 481.061096191 372.871551514 593.535278320 521.361511230 513.316406250 445.257598877 482.705963135 466.949768066 488.378021240 373.572479248 632.668701172
454.844879150 459.943817139 354.386627197 601.938171387 538.834472656 555.012145996 463.301574707 513.041809082 505.322937012 477.823547363 369.469543457 590.294738770 518.178466797 510.071441650 441.986816406 479.407775879 463.842773438 485.084716797 370.255706787 629.299072266
451.747894287 456.762451172 351.140686035 598.651794434 535.610778809 551.595886230 459.950744629 509.643829346 502.029602051 474.586883545 366.067779541 587.055419922 514.996887207 506.827575684 438.717468262 476.110382080 460.737731934 481.791809082 366.939392090 625.930236816
448.652526855 453.582092285 347.894927979 595.366333008 532.388610840 548.180419922 456.601226807 506.246368408 498.737274170 471.351135254 362.666351318 583.817260742 511.816558838 503.584838867 435.449645996 472.813873291 457.634490967 478.499420166 363.623138428 622.561950684
445.558746338 450.402618408 344.649200439 592.081665039 529.167846680 544.765747070 453.253295898 502.849578857 495.445861816 468.116180420 359.265289307 580.580139160 508.637664795 500.343322754 432.183471680 469.518432617 454.533050537 475.207427979 360.306884766 619.194335938
442.466491699 447.224029541 341.403350830 588.797851562 525.948547363 541.351745605 449.907012939 499.453399658 492.155426025 464.882019043 355.864715576 577.344055176 505.459960938 497.103057861 428.919219971 466.224029541 451.433380127 471.915832520 356.990600586 615.827209473
439.375549316 444.046142578 338.157531738 585.514709473 522.730529785 537.938659668 446.562286377 496.058135986 488.865753174 461.648468018 352.464782715 574.109008789 502.283508301 493.864105225 425.656707764 462.930847168 448.335266113 468.624603271 353.674316406 612.460571289
436.286071777 440.868988037 334.911560059 582.232299805 519.513916016 534.526245117 443.219390869 492.663848877 485.576843262 458.415588379 349.065551758 570.874816895 499.108245850 490.626464844 422.396331787 459.638916016 445.238739014 465.333679199 350.358123779 609.094421387
433.197814941 437.692535400 331.665771484 578.950561523 516.298400879 531.114562988 439.878234863 489.270538330 482.288604736 455.183074951 345.667175293 567.641418457 495.934112549 487.390167236 419.137847900 456.348297119 442.143585205 462.043029785 347.042144775 605.728637695
430.110717773 434.516571045 328.420166016 575.669311523 513.084106445 527.703491211 436.538757324 485.878326416 479.001007080 451.951019287 342.269744873 564.408691406 492.761016846 484.155120850 415.881469727 453.059051514 439.049621582 458.752563477 343.726562500 602.363220215
427.024780273 431.341217041 325.175140381 572.388610840 509.870788574 524.293090820 433.200988770 482.487335205 475.714019775 448.719329834 338.873443604 561.176818848 489.588928223 480.921386719 412.627136230 449.771240234 435.956909180 455.462432861 340.411529541 598.998107910
423.939880371 428.166381836 321.930725098 569.108398438 506.658538818 520.883178711 429.864929199 479.097503662 472.427551270 445.487884521 335.478363037 557.945495605 486.417816162 477.688812256 409.374755859 446.484771729 432.865295410 452.172454834 337.097351074 595.633239746
420.855987549 424.991943359 318.687286377 565.828613281 503.447052002 517.473815918 426.530395508 475.708831787 469.141540527 442.256683350 332.084625244 554.714599609 483.247589111 474.457397461 406.124359131 443.199768066 429.774566650 448.882690430 333.784149170 592.268615723
417.773071289 421.817962646 315.444946289 562.549255371 500.236480713 514.064819336 423.197387695 472.321380615 465.856018066 439.025604248 328.692260742 551.484375000 480.078247070 471.227050781 402.875823975 439.916198730 426.684783936 445.593048096 330.472167969 588.904174805
414.691192627 418.644470215 312.203948975 559.270202637 497.026611328 510.656280518 419.865783691 468.935119629 462.571044922 435.794769287 325.301330566 548.254516602 476.909667969 467.997711182 399.629058838 436.633972168 423.595855713 442.303680420 327.161560059 585.539978027
411.610137939 415.471282959 308.964508057 555.991638184 493.817382812 507.248016357 416.535369873 465.549987793 459.286376953 432.563964844 321.911834717 545.025146484 473.741821289 464.769256592 396.383941650 433.353118896 420.507537842 439.014465332 323.852539062 582.175903320
408.530029297 412.298461914 305.726806641 552.713378906 490.608795166 503.839965820 413.206146240 462.165832520 456.002197266 429.333160400 318.523803711 541.796203613 470.574859619 461.541595459 393.140350342 430.073547363 417.420043945 435.725341797 320.545196533 578.812072754
405.450866699 409.126007080 302.490875244 549.435424805 487.400665283 500.432220459 409.877990723 458.782653809 452.718383789 426.102508545 315.137207031 538.567565918 467.408538818 458.314697266 389.898254395 426.795227051 414.333160400 432.436462402 317.239562988 575.448303223
402.372558594 405.954071045 299.256988525 546.157836914 484.193176270 497.024597168 406.550689697 455.400390625 449.435028076 422.871887207 311.752075195 535.339294434 464.242858887 455.088470459 386.657318115 423.518066406 411.246917725 429.147796631 313.935943604 572.084777832
399.295166016 402.782379150 296.025024414 542.880676270 480.986114502 493.617095947 403.224182129 452.018859863 446.152069092 419.641265869 308.368225098 532.111450195 461.077972412 451.862854004 383.417663574 420.242065430 408.161315918 425.859252930 310.634063721 568.721435547
396.218658447 399.611145020 292.795135498 539.603759766 477.779479980 490.209747314 399.898437500 448.638092041 442.869537354 416.410766602 304.985626221 528.883972168 457.913726807 448.637725830 380.179016113 416.967132568 405.076293945 422.570892334 307.334197998 565.358215332
393.143157959 396.440277100 289.567291260 536.327331543 474.573364258 486.802520752 396.573211670 445.257812500 439.587402344 413.180236816 301.604248047 525.656921387 454.750183105 445.413146973 376.941345215 413.693084717 401.991943359 419.282745361 304.036071777 561.995178223
390.068542480 393.269836426 286.341430664 533.051147461 471.367736816 483.395385742 393.248535156 441.878082275 436.305755615 409.949798584 298.223937988 522.430114746 451.587280273 442.188964844 373.704498291 410.419982910 398.908172607 415.994781494 300.739868164 558.632385254
386.994903564 390.099792480 283.117462158 529.775390625 468.162414551 479.988311768 389.924377441 438.498687744 433.024536133 406.719451904 294.844482422 519.203857422 448.425140381 438.965209961 370.468505859 407.147766113 395.825073242 412.707000732 297.445251465 555.269775391
383.922241211 386.930175781 279.895294189 526.500000000 464.957702637 476.581359863 386.600555420 435.119659424 429.743743896 403.489166260 291.465972900 515.977905273 445.263671875 435.741943359 367.233184814 403.876342773 392.742614746 409.419433594 294.152252197 551.907287598
380.850433350 383.760986328 276.674835205 523.224975586 461.753356934 473.174530029 383.277099609 431.740875244 426.463317871 400.258911133 288.088195801 512.752441406 442.102966309 432.518981934 363.998504639 400.605651855 389.660827637 406.131988525 290.860687256 548.545043945
377.779724121 380.592285156 273.455932617 519.950439453 458.549499512 469.767791748 379.953979492 428.362335205 423.183380127 397.028808594 284.711059570 509.527374268 438.942932129 429.296478271 360.764495850 397.335723877 386.579711914 402.844818115 287.570465088 545.182922363
374.709930420 377.424011230 270.238311768 516.676269531 455.346130371 466.361145020 376.631195068 424.983886719 419.903869629 393.798797607 281.334411621 506.302795410 435.783630371 426.074371338 357.531097412 394.066406250 383.499359131 399.557830811 284.281341553 541.821105957
371.641082764 374.256195068 267.021972656 513.402465820 452.143188477 462.954620361 373.308715820 421.605621338 416.624694824 390.568847656 277.958282471 503.078643799 432.625091553 422.852630615 354.298309326 390.797912598 380.419586182 396.270965576 280.993133545 538.459411621
368.573211670 371.088897705 263.806701660 510.129058838 448.940795898 459.548278809 369.986541748 418.227447510 413.345977783 387.339050293 274.582794189 499.855010986 429.467285156 419.631439209 351.066070557 387.530029297 377.340606689 392.984344482 277.705841064 535.098022461
365.506439209 367.922027588 260.592376709 506.856109619 445.738891602 456.142028809 366.664642334 414.849334717 410.067596436 384.109375000 271.207977295 496.631805420 426.310211182 416.410583496 347.834472656 384.262847900 374.262390137 389.697845459 274.419219971 531.736755371
362.440490723 364.755523682 257.378692627 503.583587646 442.537384033 452.735992432 363.343200684 411.471343994 406.789611816 380.879730225 267.833862305 493.409057617 423.153900146 413.190307617 344.603546143 380.996398926 371.184814453 386.411468506 271.133056641 528.375732422
359.375579834 361.589538574 254.165771484 500.311401367 439.336425781 449.330017090 360.022003174 408.093414307 403.511993408 377.650207520 264.460449219 490.186828613 419.998291016 409.970428467 341.373138428 377.730590820 368.108001709 383.125335693 267.847351074 525.014831543
356.311614990 358.423950195 250.953430176 497.039611816 436.135864258 445.924255371 356.701202393 404.715606689 400.234680176 374.420745850 261.088043213 486.964996338 416.843353271 406.751159668 338.143493652 374.465484619 365.031890869 379.839294434 264.562011719 521.654113770
353.248596191 355.258819580 247.741516113 493.768249512 432.935882568 442.518676758 353.380767822 401.337890625 396.957702637 371.191314697 257.716522217 483.743682861 413.689208984 403.532318115 334.914489746 371.201141357 361.956512451 376.553405762 261.276885986 518.293640137
350.186370850 352.094177246 244.530075073 490.497283936 429.736328125 439.113220215 350.060699463 397.960388184 393.680908203 367.962005615 254.345993042 480.522766113 410.535736084 400.314147949 331.686157227 367.937561035 358.881713867 373.267608643 257.991943359 514.933227539
347.125213623 348.929840088 241.319107056 487.226593018 426.537200928 435.708007812 346.741058350 394.583007812 390.404510498 364.732635498 250.976440430 477.302307129 407.382965088 397.096527100 328.458587646 364.674713135 355.807617188 369.981903076 254.707077026 511.572937012
344.064880371 345.765960693 238.108535767 483.956298828 423.338470459 432.302886963 343.421813965 391.205841064 387.128326416 361.503295898 247.608047485 474.082244873 404.230804443 393.879455566 325.231750488 361.412689209 352.734222412 366.696350098 251.422393799 508.212829590
341.005432129 342.602478027 234.898391724 480.686401367 420.140167236 428.897979736 340.103027344 387.828826904 383.852355957 358.274017334 244.240829468 470.862670898 401.079437256 390.662963867 322.005676270 358.151428223 349.661376953 363.410949707 248.137710571 504.852813721
337.946838379 339.439361572 231.688796997 477.416748047 416.942230225 425.493103027 336.784637451 384.452056885 380.576629639 355.044616699 240.874771118 467.643402100 397.928649902 387.447052002 318.780364990 354.890991211 346.589111328 360.125488281 244.853134155 501.492828369
334.889099121 336.276611328 228.479660034 474.147460938 413.744689941 422.088409424 333.466583252 381.075500488 377.300994873 351.815307617 237.509933472 464.424560547 394.778533936 384.231689453 315.555786133 351.631347656 343.517456055 356.840240479 241.568649292 498.133026123
331.832214355 333.114227295 225.271194458 470.878509521 410.547393799 418.683868408 330.148986816 377.699218750 374.025604248 348.585815430 234.146316528 461.206115723 391.629058838 381.017028809 312.331970215 348.372528076 340.446319580 353.554992676 238.284301758 494.773315430
328.776092529 329.952270508 222.063354492 467.609893799 407.350402832 415.279418945 326.831726074 374.323181152 370.750335693 345.356262207 230.784011841 457.988098145 388.480102539 377.802856445 309.108978271 345.114562988 337.375701904 350.269805908 234.999969482 491.413696289
325.720886230 326.790588379 218.856277466 464.341491699 404.153808594 411.874969482 323.514862061 370.947448730 367.475280762 342.126678467 227.423019409 454.770294189 385.331787109 374.589233398 305.886657715 341.857452393 334.305572510 346.984710693 231.715911865 488.054077148
322.666412354 323.629333496 215.649993896 461.073394775 400.957397461 408.470703125 320.198333740 367.571899414 364.200286865 338.897003174 224.063217163 451.552947998 382.184051514 371.376251221 302.665100098 338.601165771 331.235870361 343.699737549 228.431991577 484.694549561
319.612731934 320.468383789 212.444610596 457.805664062 397.761230469 405.066436768 316.882019043 364.196624756 360.925445557 335.667175293 220.704788208 448.335876465 379.036834717 368.163787842 299.444213867 335.345703125 328.166625977 340.414794922 225.148315430 481.335083008
316.559936523 317.307739258 209.240112305 454.538238525 394.565307617 401.662322998 313.566131592 360.821563721 357.650695801 332.437164307 217.347595215 445.119232178 375.890289307 364.951873779 296.224121094 332.091125488 325.097839355 337.129852295 221.864837646 477.975708008
313.507934570 314.147521973 206.036636353 451.270996094 391.369567871 398.258209229 310.250366211 357.446746826 354.376068115 329.207122803 213.991638184 441.902832031 372.744293213 361.740478516 293.004577637 328.837310791 322.029541016 333.845001221 218.581512451 474.616333008
310.456695557 310.987670898 202.834259033 448.004119873 388.174102783 394.854095459 306.934814453 354.072082520 351.101593018 325.976898193 210.637039185 438.686767578 369.598754883 358.529602051 289.785675049 325.584320068 318.961517334 330.560241699 215.298614502 471.257049561
307.406250000 307.828094482 199.632843018 444.737487793 384.978698730 391.450103760 303.619506836 350.697662354 347.827117920 322.746520996 207.283523560 435.471099854 366.453796387 355.319244385 286.567382812 322.332214355 315.893951416 327.275512695 212.015930176 467.897796631
304.356597900 304.668945312 196.432540894 441.471221924 381.783508301 388.046051025 300.304351807 347.323425293 344.552734375 319.516021729 203.931335449 432.255737305 363.309448242 352.109375000 283.349700928 319.080841064 312.826751709 323.990844727 208.733520508 464.538574219
301.307800293 301.510162354 193.233367920 438.205230713 378.588470459 384.642059326 296.989318848 343.949340820 341.278533936 316.285339355 200.580307007 429.040710449 360.165618896 348.900024414 280.132537842 315.830352783 309.759948730 320.706237793 205.451416016 461.179473877
298.259826660 298.351715088 190.035293579 434.939514160 375.393524170 381.238067627 293.674377441 340.575347900 338.004333496 313.054565430 197.230468750 425.826049805 357.022277832 345.691192627 276.915832520 312.580627441 306.693450928 317.421691895 202.169540405 457.820404053
295.212615967 295.193634033 186.838317871 431.674102783 372.198730469 377.834136963 290.359466553 337.201507568 334.730224609 309.823608398 193.881683350 422.611663818 353.879455566 342.482788086 273.699615479 309.331695557 303.627410889 314.137207031 198.887954712 454.461395264
292.166198730 292.035980225 183.642425537 428.409057617 369.004058838 374.430145264 287.044586182 333.827789307 331.456176758 306.592498779 190.534103394 419.397674561 350.737243652 339.274902344 270.483856201 306.083587646 300.561676025 310.852844238 195.606582642 451.102416992
289.120697021 288.878692627 180.447509766 425.144226074 365.809478760 371.026184082 283.729827881 330.454101562 328.182250977 303.361206055 187.187500000 416.184051514 347.595458984 336.067535400 267.268554688 302.836273193 297.496337891 307.568450928 192.325393677 447.743530273
286.075958252 285.721862793 177.253677368 421.879791260 362.615142822 367.622253418 280.415039062 327.080505371 324.908355713 300.129791260 183.842071533 412.970794678 344.454345703 332.860595703 264.053680420 299.589782715 294.431365967 304.284210205 189.044387817 444.384674072
283.032135010 282.565338135 174.060760498 418.615661621 359.420745850 364.218353271 277.100219727 323.706970215 321.634521484 296.898223877 180.497573853 409.757812500 341.313629150 329.654235840 260.839202881 296.344085693 291.366821289 300.999938965 185.763534546 441.025878906
279.989013672 279.409271240 170.868789673 415.351837158 356.226593018 360.814453125 273.785369873 320.333465576 318.360687256 293.666503906 177.154113770 406.545288086 338.173614502 326.448333740 257.625000000 293.099212646 288.302520752 297.715820312 182.482650757 437.667175293
276.946868896 276.253631592 167.677642822 412.088348389 353.032501221 357.410552979 270.470520020 316.960021973 315.086944580 290.434600830 173.811691284 403.333129883 335.034057617 323.242950439 254.411331177 289.855163574 285.238647461 294.431671143 179.201934814 434.308532715
273.905517578 273.098327637 164.487396240 408.825195312 349.838439941 354.006652832 267.155639648 313.586578369 311.813293457 287.202514648 170.470214844 400.121337891 331.895019531 320.038085938 251.197982788 286.611907959 282.175109863 291.147583008 175.921157837 430.949981689
270.865020752 269.943511963 161.297866821 405.562377930 346.644561768 350.602844238 263.840698242 310.213165283 308.539611816 283.970336914 167.129760742 396.909973145 328.756561279 316.833801270 247.985000610 283.369537354 279.111968994 287.863616943 172.640396118 427.591430664
267.825408936 266.789123535 158.109085083 402.299896240 343.450744629 347.199035645 260.525695801 306.839843750 305.265960693 280.737945557 163.790206909 393.698913574 325.618652344 313.630035400 244.772323608 280.128021240 276.049194336 284.579711914 169.359497070 424.232940674
264.786651611 263.635192871 154.921005249 399.037750244 340.257019043 343.795257568 257.210601807 303.466491699 301.992340088 277.505371094 160.451721191 390.488311768 322.481323242 310.426788330 241.560073853 276.887359619 272.986755371 281.295837402 166.078506470 420.874542236
261.748748779 260.481689453 151.733535767 395.776000977 337.063385010 340.391510010 253.895553589 300.093139648 298.718750000 274.272674561 157.114105225 387.278106689 319.344512939 307.224151611 238.348205566 273.647583008 269.924621582 278.012023926 162.797378540 417.516235352
258.711730957 257.328582764 148.546661377 392.514526367 333.869781494 336.987792969 250.580398560 296.719848633 295.445159912 271.039764404 153.777526855 384.068267822 316.208221436 304.022125244 235.136688232 270.408660889 266.862976074 274.728271484 159.516052246 414.157928467
255.675628662 254.175903320 145.360321045 389.253448486 330.676269531 333.584075928 247.265167236 293.346588135 292.171539307 267.806579590 150.441864014 380.858917236 313.072540283 300.820648193 231.925552368 267.170684814 263.801635742 271.444549561 156.234451294 410.799713135
252.640319824 251.023712158 142.174591064 385.992706299 327.482818604 330.180450439 243.949783325 289.973388672 288.897949219 264.573272705 147.107299805 377.649902344 309.937377930 297.619750977 228.714797974 263.933654785 260.740661621 268.160919189 152.952713013 407.441558838
249.606018066 247.872009277 138.989395142 382.732269287 324.289428711 326.776855469 240.634384155 286.600189209 285.624328613 261.339813232 143.773696899 374.441284180 306.802734375 294.419525146 225.504425049 260.697509766 257.680023193 264.877288818 149.670639038 404.083465576
246.572525024 244.720733643 135.804580688 379.472198486 321.096099854 323.373260498 237.318893433 283.227050781 282.350616455 258.106140137 140.441070557 371.233123779 303.668731689 291.219909668 222.294509888 257.462371826 254.619674683 261.593719482 146.388275146 400.725402832
243.539962769 241.569931030 132.620437622 376.212524414 317.902832031 319.969665527 234.003280640 279.853973389 279.076965332 254.872192383 137.109573364 368.025360107 300.535278320 288.020904541 219.084930420 254.228195190 251.559768677 258.310241699 143.105667114 397.367401123
240.508285522 238.419555664 129.436645508 372.953186035 314.709503174 316.566192627 230.687637329 276.480895996 275.803283691 251.638061523 133.779067993 364.818054199 297.402252197 284.822570801 215.875778198 250.994979858 248.500137329 255.026748657 139.822723389 394.009460449
237.477539062 235.269760132 126.253425598 369.694213867 311.516265869 313.162689209 227.371841431 273.107879639 272.529479980 248.403747559 130.449676514 361.611114502 294.269805908 281.624847412 212.667053223 247.762802124 245.440856934 251.743362427 136.539382935 390.651580811
234.447723389 232.120346069 123.070648193 366.435607910 308.322998047 309.759216309 224.055862427 269.734985352 269.255645752 245.169128418 127.121376038 358.404632568 291.137847900 278.427825928 209.458694458 244.531646729 242.381851196 248.459945679 133.255767822 387.293762207
231.418853760 228.971481323 119.888442993 363.177368164 305.129730225 306.355804443 220.739807129 266.362030029 265.981750488 241.934295654 123.794258118 355.198577881 288.006591797 275.231475830 206.250839233 241.301452637 239.323226929 245.176635742 129.971801758 383.935974121
228.390869141 225.823074341 116.706741333 359.919464111 301.936462402 302.952392578 217.423629761 262.989227295 262.707824707 238.699249268 120.468223572 351.992919922 284.875732422 272.035797119 203.043380737 238.072372437 236.264968872 241.893356323 126.687477112 380.578216553
225.363922119 222.675231934 113.525527954 356.661956787 298.743164062 299.549011230 214.107269287 259.616455078 259.433807373 235.463958740 117.143371582 348.787719727 281.745513916 268.840820312 199.836303711 234.844314575 233.206985474 238.610153198 123.402770996 377.220458984
222.337921143 219.527770996 110.344863892 353.404846191 295.549926758 296.145690918 210.790725708 256.243682861 256.159698486 232.228302002 113.819656372 345.582916260 278.615844727 265.646514893 196.629699707 231.617340088 230.149307251 235.326904297 120.117752075 373.862823486
219.312866211 216.380935669 107.164787292 350.148071289 292.356597900 292.742370605 207.474029541 252.871063232 252.885528564 228.992507935 110.497177124 342.378662109 275.486663818 262.452972412 193.423522949 228.391494751 227.092025757 232.043762207 116.832229614 370.505279541
216.288803101 213.234634399 103.985198975 346.891723633 289.163238525 289.339080811 204.157180786 249.498397827 249.611251831 225.756408691 107.175849915 339.174774170 272.358032227 259.260070801 190.217773438 225.166641235 224.034973145 228.760635376 113.546363831 367.147735596
213.265686035 210.088836670 100.806266785 343.635772705 285.969818115 285.935821533 200.840026855 246.125808716 246.336883545 222.520034790 103.855812073 335.971374512 269.230010986 256.067901611 187.012451172 221.942932129 220.978256226 225.477569580 110.260108948 363.790252686
210.243652344 206.943603516 97.627952576 340.380187988 282.776397705 282.532531738 197.522766113 242.753280640 243.062438965 219.283386230 100.537071228 332.768432617 266.102539062 252.876495361 183.807556152 218.720413208 217.921829224 222.194580078 106.973419189 360.432830811
207.222610474 203.798950195 94.450248718 337.125000000 279.582885742 279.129302979 194.205245972 239.380767822 239.787933350 216.046493530 97.219520569 329.565917969 262.975585938 249.685867310 180.603118896 215.498977661 214.865798950 218.911621094 103.686279297 357.075439453
204.202621460 200.654830933 91.273147583 333.870239258 276.389251709 275.726104736 190.887435913 236.008285522 236.513198853 212.809234619 93.903289795 326.363922119 259.849182129 246.495971680 177.399108887 212.278717041 211.810058594 215.628707886 100.398674011 353.718139648
201.183670044 197.511306763 88.096740723 330.615875244 273.195617676 272.322937012 187.569427490 232.635864258 233.238449097 209.571731567 90.588409424 323.162384033 256.723419189 243.306838989 174.195541382 209.059646606 208.754577637 212.345809937 97.110618591 350.360870361
198.165847778 194.368301392 84.920982361 327.361907959 270.001953125 268.919769287 184.251052856 229.263458252 229.963562012 206.333877563 87.274780273 319.961364746 253.598220825 240.118453979 170.992309570 205.841720581 205.699508667 209.062942505 93.822052002 347.003662109
195.149047852 191.225997925 81.745834351 324.108367920 266.808166504 265.516662598 180.932510376 225.891082764 226.688583374 203.095748901 83.962509155 316.760772705 250.473571777 236.930908203 167.789627075 202.625045776 202.644714355 205.780166626 90.532951355 343.646484375
192.133346558 188.084228516 78.571395874 320.855316162 263.614227295 262.113494873 177.613616943 222.518753052 223.413406372 199.857345581 80.651649475 313.560699463 247.349517822 233.744155884 164.587326050 199.409576416 199.590209961 202.497436523 87.243309021 340.289398193
189.118835449 184.943176270 75.397682190 317.602661133 260.420288086 258.710479736 174.294418335 219.146377563 220.138183594 196.618576050 77.342155457 310.361175537 244.226104736 230.558212280 161.385513306 196.195358276 196.536102295 199.214752197 83.953117371 336.932403564
186.105392456 181.802688599 72.224586487 314.350372314 257.226257324 255.307403564 170.974960327 215.774063110 216.862808228 193.379470825 74.034065247 307.162109375 241.103195190 227.373062134 158.184173584 192.982437134 193.482269287 195.932083130 80.662300110 333.575347900
183.093124390 178.662887573 69.052230835 311.098571777 254.032028198 251.904357910 167.655120850 212.401748657 213.587280273 190.140075684 70.727401733 303.963623047 237.980926514 224.188827515 154.983169556 189.770797729 190.428756714 192.649551392 77.370880127 330.218475342
180.082046509 175.523742676 65.880500793 307.847259521 250.837814331 248.501403809 164.334945679 209.029510498 210.311599731 186.900329590 67.422187805 300.765625000 234.859298706 221.005462646 151.782714844 186.560516357 187.375610352 189.366973877 74.078727722 326.861602783
177.072219849 172.385299683 62.709411621 304.596374512 247.643493652 245.098449707 161.014434814 205.657165527 207.035781860 183.660263062 64.118438721 297.568176270 231.738296509 217.822952271 148.582687378 183.351470947 184.322860718 186.084442139 70.785896301 323.504852295
174.063537598 169.247497559 59.539058685 301.345947266 244.448989868 241.695526123 157.693603516 202.284957886 203.759841919 180.419769287 60.816215515 294.371246338 228.617904663 214.641342163 145.383193970 180.143875122 181.270446777 182.802047729 67.492340088 320.148101807
171.056167603 166.110397339 56.369373322 298.095977783 241.254409790 238.292648315 154.372329712 198.912658691 200.483718872 177.178924561 57.515560150 291.174835205 225.498092651 211.460632324 142.184127808 176.937622070 178.218307495 179.519607544 64.197975159 316.791442871
168.049987793 162.974090576 53.200321198 294.846496582 238.059631348 234.889770508 151.050781250 195.540390015 197.207489014 173.937774658 54.216350555 287.979095459 222.378952026 208.280868530 138.985565186 173.732818604 175.166595459 176.237289429 60.902770996 313.434814453
165.045135498 159.838470459 50.031879425 291.597534180 234.864868164 231.486984253 147.728759766 192.168167114 193.931030273 170.696151733 50.918735504 284.783843994 219.260452271 205.102066040 135.787490845 170.529495239 172.115188599 172.954986572 57.606697083 310.078308105
162.041595459 156.703567505 46.864143372 288.349060059 231.669845581 228.084259033 144.406402588 188.795913696 190.654434204 167.454162598 47.622661591 281.589233398 216.142639160 201.924255371 132.589920044 167.327667236 169.064163208 169.672698975 54.309726715 306.721893311
159.039321899 153.569473267 43.696910858 285.101043701 228.474716187 224.681503296 141.083648682 185.423736572 187.377624512 164.211776733 44.328044891 278.395141602 213.025436401 198.747390747 129.392898560 164.127304077 166.013534546 166.390487671 51.011749268 303.365478516
156.038482666 150.436187744 40.530334473 281.853546143 225.279495239 221.278823853 137.760437012 182.051437378 184.100738525 160.969024658 41.035034180 275.201660156 209.908889771 195.571533203 126.196388245 160.928451538 162.963241577 163.108352661 47.712718964 300.009185791
153.038986206 147.303649902 37.364360809 278.606506348 222.084091187 217.876174927 134.436813354 178.679260254 180.823562622 157.726181030 37.743499756 272.008758545 206.793075562 192.396728516 123.000450134 157.731262207 159.913299561 159.826217651 44.412712097 296.652923584
150.040847778 144.171966553 34.198802948 275.359954834 218.888565063 214.473617554 131.112777710 175.307037354 177.546234131 154.483352661 34.453437805 268.816436768 203.677978516 189.222991943 119.805007935 154.535644531 156.863769531 156.544174194 41.111427307 293.296691895
147.044250488 141.041076660 31.033828735 272.114074707 215.692855835 211.071029663 127.788322449 171.934814453 174.268783569 151.240585327 31.164846420 265.624847412 200.563507080 186.050308228 116.610221863 151.341659546 153.814666748 153.262115479 37.809036255 289.940612793
144.049102783 137.911056519 27.869140625 268.868621826 212.496994019 207.668518066 124.463378906 168.562576294 170.991027832 147.997817993 27.877571106 262.433807373 197.449768066 182.878677368 113.416007996 148.149337769 150.765884399 149.980148315 34.505218506 286.584533691
141.055465698 134.782012939 24.704952240 265.623687744 209.300933838 204.266052246 121.137924194 165.190414429 167.713119507 144.755081177 24.591630936 259.243377686 194.336761475 179.708221436 110.222366333 144.958755493 147.717590332 146.698242188 31.200130463 283.228576660
138.063293457 131.653869629 21.540889740 262.379272461 206.104766846 200.863601685 117.811996460 161.818222046 164.435012817 141.512390137 21.306947708 256.053619385 191.224487305 176.538848877 107.029281616 141.769943237 144.669616699 143.416366577 27.893426895 279.872680664
135.072677612 128.526672363 18.377014160 259.135437012 202.908309937 197.461273193 114.485588074 158.446029663 161.156677246 138.269699097 18.023450851 252.864471436 188.112899780 173.370666504 103.836914062 138.582885742 141.622055054 140.134490967 24.585208893 276.516815186
132.083724976 125.400558472 15.213062286 255.892181396 199.711791992 194.058959961 111.158714294 155.073791504 157.878097534 135.027053833 14.741027832 249.675979614 185.002075195 170.203659058 100.645225525 135.397613525 138.574890137 136.852722168 21.275169373 273.161041260
129.096420288 122.275497437 12.049059868 252.649490356 196.515045166 190.656677246 107.831298828 151.701583862 154.599395752 131.784469604 11.459646225 246.488250732 181.892013550 167.037857056 97.454109192 132.214233398 135.528182983 133.570999146 17.963336945 269.805328369
126.110748291 119.151489258 8.885089874 249.407363892 193.318084717 187.254394531 104.503288269 148.329391479 151.320343018 128.541854858 8.179334641 243.301147461 178.782730103 163.873199463 94.263687134 129.032806396 132.481903076 130.289215088 14.649391174 266.449707031
123.126754761 116.028625488 5.722673416 246.165817261 190.120956421 183.852233887 101.174789429 144.957153320 148.041091919 125.299308777 4.901362419 240.114715576 175.674285889 160.709930420 91.073997498 125.853309631 129.435974121 127.007575989 11.333266258 263.094207764
120.144523621 112.907005310 2.572275877 242.924850464 186.923614502 180.450103760 97.845664978 141.584899902 144.761611938 122.056770325 1.639321566 236.929016113 172.566604614 157.547882080 87.884971619 122.675773621 126.390571594 123.725936890 8.015184402 259.738677979
117.164184570 109.786582947 1.136874199 239.684463501 183.726089478 177.047973633 94.515991211 138.212646484 141.481964111 118.814346313 0.180970609 233.744018555 169.459747314 154.387100220 84.696762085 119.500305176 123.345596313 120.444412231 4.696807384 256.383331299
114.185546875 106.667495728 0.513147533 236.444732666 180.528274536 173.645919800 91.185699463 134.840362549 138.201995850 115.571914673 1.293611407 230.559707642 166.353652954 151.227645874 81.509277344 116.326850891 120.301078796 117.162864685 1.400974035 253.027984619
111.208816528 103.549690247 0.513147533 233.205581665 177.330337524 170.243911743 87.854812622 131.468048096 134.921783447 112.329460144 1.293611407 227.376205444 163.248458862 148.069610596 78.322578430 113.155517578 117.256980896 113.881347656 1.400974035 249.672775269
108.233978271 100.433296204 0.513147533 229.967010498 174.132125854 166.841903687 84.523193359 128.095687866 131.641372681 109.087120056 1.293611407 224.193313599 160.144149780 144.912872314 75.136650085 109.986366272 114.213386536 110.599929810 1.400974035 246.317550659
105.261039734 97.318283081 0.513147533 226.729110718 170.933685303 163.440063477 81.191070557 124.723327637 128.360626221 105.844734192 1.293611407 221.011230469 157.040725708 141.757659912 71.951622009 106.819381714 111.170242310 107.318504333 1.400974035 242.962448120
102.289978027 94.204765320 0.513147533 223.491897583 167.734985352 160.038223267 77.858184814 121.350936890 125.079635620 102.602394104 1.293611407 217.829956055 153.938140869 138.603866577 68.767425537 103.654594421 108.127571106 104.037132263 1.400974035 239.607437134
99.320968628 91.092750549 0.513147533 220.255249023 164.536163330 156.636398315 74.524589539 117.978462219 121.798416138 99.360153198 1.293611407 214.649398804 150.836547852 135.451522827 65.584053040 100.491966248 105.085464478 100.755783081 1.400974035 236.252487183
96.353790283 87.982299805 0.513147533 217.019393921 161.336990356 153.234619141 71.190269470 114.606002808 118.516860962 96.117866516 1.293611407 211.469711304 147.735778809 132.300750732 62.401611328 97.331634521 102.043777466 97.474487305 1.400974035 232.897689819
93.388618469 84.873512268 0.513147533 213.784042358 158.137588501 149.832901001 67.855171204 111.233406067 115.235076904 92.875671387 1.293611407 208.290740967 144.636016846 129.151473999 59.220046997 94.173484802 99.002609253 94.193252563 1.400974035 229.542800903
90.425468445 81.766372681 0.513147533 210.549484253 154.937988281 146.431243896 64.519325256 107.860778809 111.953010559 89.633407593 1.293611407 205.112640381 141.537216187 126.003784180 56.039455414 91.017608643 95.961929321 90.911994934 1.400974035 226.188140869
87.464187622 78.660949707 0.513147533 207.315567017 151.738052368 143.029586792 61.182723999 104.488082886 108.670600891 86.391212463 1.293611407 201.935317993 138.439437866 122.857749939 52.859874725 87.864028931 92.921760559 87.630805969 1.400974035 222.833511353
84.504989624 75.557243347 0.513147533 204.082397461 148.537948608 139.628021240 57.845245361 101.115341187 105.387947083 83.148994446 1.293611407 198.758895874 135.342712402 119.713340759 49.681243896 84.712669373 89.882064819 84.349609375 1.400974035 219.479034424
81.547721863 72.455406189 0.513147533 200.849884033 145.337478638 136.226409912 54.506923676 97.742439270 102.104988098 79.906776428 1.293611407 195.583251953 132.246932983 116.570617676 46.503650665 81.563568115 86.842880249 81.068489075 1.400974035 216.124526978
78.592475891 69.355422974 0.513147533 197.618087769 142.136795044 132.824996948 51.167655945 94.369491577 98.821723938 76.664550781 1.293611407 192.408538818 129.152236938 113.429725647 43.326980591 78.416717529 83.804237366 77.787361145 1.400974035 212.770126343
75.639122009 66.257400513 0.513147533 194.387100220 138.935867310 129.423522949 47.827487946 90.996406555 95.538070679 73.422271729 1.293611407 189.234695435 126.058654785 110.290534973 40.151390076 75.272117615 80.765991211 74.506210327 1.400974035 209.415847778
72.687812805 63.161354065 0.513147533 191.156814575 135.734603882 126.022148132 44.486316681 87.623275757 92.254150391 70.180015564 1.293611407 186.061767578 122.966217041 107.153236389 36.976703644 72.129852295 77.728233337 71.225158691 1.400974035 206.061630249
69.738441467 60.067344666 0.513147533 187.927276611 132.533081055 122.620811462 41.144092560 84.249977112 88.969955444 66.937728882 1.293611407 182.889694214 119.874893188 104.017776489 33.802928925 68.989761353 74.690963745 67.944084167 1.400974035 202.707489014
66.791046143 56.975391388 0.513147533 184.698547363 129.331253052 119.219490051 37.800781250 80.876579285 85.685371399 63.695411682 1.293611407 179.718566895 116.784721375 100.884231567 30.630084991 65.851974487 71.654136658 64.663047791 1.400974035 199.353454590
63.845577240 53.885551453 0.513147533 181.470520020 126.129165649 115.818183899 34.456447601 77.503005981 82.400459290 60.453067780 1.293611407 176.548370361 113.695716858 97.752647400 27.458095551 62.716350555 68.617774963 61.382003784 1.400974035 195.999435425
60.902061462 50.797782898 0.513147533 178.243316650 122.926689148 112.416908264 31.110788345 74.129264832 79.115188599 57.210632324 1.293611407 173.379150391 110.607994080 94.623100281 24.286828995 59.582939148 65.581771851 58.100994110 1.400974035 192.645492554
57.960441589 47.712196350 0.513147533 175.016998291 119.724006653 109.015754700 27.763919830 70.755393982 75.829582214 53.968101501 1.293611407 170.210937500 107.521507263 91.495628357 21.116239548 56.451789856 62.546195984 54.819877625 1.400974035 189.291748047
55.020755768 44.628799438 0.513147533 171.791427612 116.520980835 105.614532471 24.415645599 67.381294250 72.543518066 50.725513458 1.293611407 167.043670654 104.436325073 88.370208740 17.946180344 53.322719574 59.510963440 51.538875580 1.400974035 185.938003540
52.082969666 41.547565460 0.513147533 168.566680908 113.317649841 102.213424683 21.065908432 64.007034302 69.257232666 47.482852936 1.293611407 163.877410889 101.352462769 85.246955872 14.776622772 50.195827484 56.476158142 48.257801056 1.400974035 182.584350586
49.146961212 38.468490601 0.513147533 165.342834473 110.113983154 98.812339783 17.714584351 60.632541656 65.970405579 44.240097046 1.293611407 160.712203979 98.269973755 82.125831604 11.607418060 47.071018219 53.441566467 44.976676941 1.400974035 179.230804443
46.212902069 35.391571045 0.513147533 162.119796753 106.909942627 95.411247253 14.361622810 57.257774353 62.683303833 40.997180939 1.293611407 157.547958374 95.188789368 79.006835938 8.438795090 43.948341370 50.407329559 41.695568085 1.400974035 175.877288818
43.280559540 32.316883087 0.513147533 158.897644043 103.705612183 92.010192871 11.006840706 53.882736206 59.395702362 37.754104614 1.293611407 154.384872437 92.109100342 75.890075684 5.272299767 40.827648163 47.373268127 38.414409637 1.400974035 172.523895264
40.350116730 29.244293213 0.513147533 155.676391602 100.500946045 88.609130859 7.650404930 50.507396698 56.107772827 34.510887146 1.293611407 151.222808838 89.030906677 72.775489807 2.120943785 37.708972931 44.339462280 35.133182526 1.400974035 169.170516968
37.421337128 26.173999786 0.513147533 152.456039429 97.295951843 85.208129883 4.294272423 47.131816864 52.819347382 31.267505646 1.293611407 148.061828613 85.954208374 69.663124084 0.672661126 34.592334747 41.305778503 31.851959229 1.400974035 165.817276001
34.494365692 23.105716705 0.513147533 149.236557007 94.090583801 81.807106018 0.971459866 43.755798340 49.530490875 28.023883820 1.293611407 144.902008057 82.879112244 66.552978516 0.815258682 31.477481842 38.272228241 28.570611954 1.400974035 162.464096069
31.569030762 20.039539337 0.513147533 146.018081665 90.884857178 78.406120300 0.971459866 40.379413605 46.241226196 24.779989243 1.293611407 141.743331909 79.805564880 63.445014954 0.815258682 28.364530563 35.238704681 25.289159775 1.400974035 159.111007690
28.645336151 16.975419998 0.513147533 142.800521851 87.678703308 75.005088806 0.971459866 37.002571106 42.951435089 21.535778046 1.293611407 138.585784912 76.733673096 60.339256287 0.815258682 25.253343582 32.205173492 22.007551193 1.400974035 155.757980347
25.723321915 13.913373947 0.513147533 139.583938599 84.472229004 71.604095459 0.971459866 33.625301361 39.661155701 18.291276932 1.293611407 135.429428101 73.663536072 57.235671997 0.815258682 22.143821716 29.171653748 18.725866318 1.400974035 152.405029297
22.802721024 10.853247643 0.513147533 136.368362427 81.265319824 68.203063965 0.971459866 30.247442245 36.370395660 15.046332359 1.293611407 132.274307251 70.595046997 54.134361267 0.815258682 19.035882950 26.137849808 15.444003105 1.400974035 149.052154541
19.883657455 7.795150757 0.513147533 133.153793335 78.058135986 64.802001953 0.971459866 26.868997574 33.079059601 11.800928116 1.293611407 129.120407104 67.528480530 51.035190582 0.815258682 15.929467201 23.103879929 12.161941528 1.400974035 145.699371338
16.966026306 4.739310741 0.513147533 129.940200806 74.850479126 61.400913239 0.971459866 23.489912033 29.787155151 8.555011749 1.293611407 125.967704773 64.463623047 47.938194275 0.815258682 12.824481010 20.069507599 8.879667282 1.400974035 142.346633911
14.049736023 1.690019369 0.513147533 126.727638245 71.642364502 57.999870300 0.971459866 20.110006332 26.494657516 5.308760166 1.293611407 122.816322327 61.400592804 44.843368530 0.815258682 9.720890045 17.034729004 5.597304821 1.400974035 138.993957520
11.134763718 0.393679261 0.513147533 123.516128540 68.433883667 54.598674774 0.971459866 16.729232788 23.201580048 2.064299822 1.293611407 119.666198730 58.339466095 41.750648499 0.815258682 6.619214535 13.999423027 2.315603495 1.400974035 135.641357422
8.221097946 0.393679261 0.513147533 120.305717468 65.225006104 51.197429657 0.971459866 13.347620964 19.907758713 2.064299822 1.293611407 116.517448425 55.280265808 38.659912109 0.815258682 3.522819996 10.963392258 2.315603495 1.400974035 132.288864136
5.309391499 0.393679261 0.513147533 117.096450806 62.015674591 47.796150208 0.971459866 9.964967728 16.613267899 2.064299822 1.293611407 113.370040894 52.222877502 35.571346283 0.815258682 0.529423594 7.926700592 2.315603495 1.400974035 128.936416626
2.404657364 0.393679261 0.513147533 113.888282776 58.805885315 44.394790649 0.971459866 6.581563473 13.318013191 2.064299822 1.293611407 110.224006653 49.167449951 32.484817505 0.815258682 1.043139696 4.890365601 2.315603495 1.400974035 125.584060669
1.066451788 0.393679261 0.513147533 110.681182861 55.595653534 40.993301392 0.971459866 3.200100660 10.021961212 2.064299822 1.293611407 107.079376221 46.113914490 29.400142670 0.815258682 2.490195990 1.863414526 2.315603495 1.400974035 122.231697083
0.315217912 0.393679261 0.513147533 107.475280762 52.384941101 37.591678619 0.971459866 0.345705122 6.725154877 2.064299822 1.293611407 103.936203003 43.062335968 26.317384720 0.815258682 3.952055216 0.534393489 2.315603495 1.400974035 118.879455566
1.633514524 0.393679261 0.513147533 104.270553589 49.173698425 34.189922333 0.971459866 0.345705122 3.428482771 2.064299822 1.293611407 100.794425964 40.012580872 23.236482620 0.815258682 3.952055216 0.840093791 2.315603495 1.400974035 115.527198792
2.973980188 0.393679261 0.513147533 101.067031860 45.961971283 30.787998199 0.971459866 0.345705122 0.215035900 2.064299822 1.293611407 97.654212952 36.964843750 20.157369614 0.815258682 3.952055216 2.175560951 2.315603495 1.400974035 112.175071716
2.973980188 0.393679261 0.513147533 97.864685059 42.749744415 27.385869980 0.971459866 0.345705122 0.215035900 2.064299822 1.293611407 94.515495300 33.918968201 17.079927444 0.815258682 3.952055216 2.175560951 2.315603495 1.400974035 108.822982788
2.973980188 0.393679261 0.513147533 94.663665771 39.536949158 23.983522415 0.971459866 0.345705122 0.215035900 2.064299822 1.293611407 91.378364563 30.875047684 14.004031181 0.815258682 3.952055216 2.175560951 2.315603495 1.400974035 105.470924377
2.973980188 0.393679261 0.513147533 91.463882446 36.323596954 20.580856323 0.971459866 0.345705122 0.215035900 2.064299822 1.293611407 88.242874146 27.832927704 10.929675102 0.815258682 3.952055216 2.175560951 2.315603495 1.400974035 102.118942261
2.973980188 0.393679261 0.513147533 88.265411377 33.109653473 17.177963257 0.971459866 0.345705122 0.215035900 2.064299822 1.293611407 85.108940125 24.792684555 7.857041359 0.815258682 3.952055216 2.175560951 2.315603495 1.400974035 98.766990662
2.973980188 0.393679261 0.513147533 85.068252563 29.895126343 13.774641991 0.971459866 0.345705122 0.215035900 2.064299822 1.293611407 81.976707458 21.754327774 4.787388325 0.815258682 3.952055216 2.175560951 2.315603495 1.400974035 95.415107727
2.973980188 0.393679261 0.513147533 81.872474670 26.679935455 10.370929718 0.971459866 0.345705122 0.215035900 2.064299822 1.293611407 78.846183777 18.717735291 1.733136177 0.815258682 3.952055216 2.175560951 2.315603495 1.400974035 92.063224792
2.973980188 0.393679261 0.513147533 78.678001404 23.464097977 6.966894150 0.971459866 0.345705122 0.215035900 2.064299822 1.293611407 75.717376709 15.682944298 0.290882021 0.815258682 3.952055216 2.175560951 2.315603495 1.400974035 88.711349487
2.973980188 0.393679261 0.513147533 75.484970093 20.247497559 3.563486576 0.971459866 0.345705122 0.215035900 2.064299822 1.293611407 72.590385437 12.649831772 1.151650190 0.815258682 3.952055216 2.175560951 2.315603495 1.400974035 85.359542847
2.973980188 0.393679261 0.513147533 72.293357849 17.030124664 0.241335168 0.971459866 0.345705122 0.215035900 2.064299822 1.293611407 69.465217590 9.618458748 2.593995810 0.815258682 3.952055216 2.175560951 2.315603495 1.400974035 82.007759094
2.973980188 0.393679261 0.513147533 69.103195190 13.811957359 0.241335168 0.971459866 0.345705122 0.215035900 2.064299822 1.293611407 66.341896057 6.588909626 2.593995810 0.815258682 3.952055216 2.175560951 2.315603495 1.400974035 78.655937195
2.973980188 0.393679261 0.513147533 65.914505005 10.592852592 0.241335168 0.971459866 0.345705122 0.215035900 2.064299822 1.293611407 63.220489502 3.561683655 2.593995810 0.815258682 3.952055216 2.175560951 2.315603495 1.400974035 75.304145813
2.973980188 0.393679261 0.513147533 62.727371216 7.372877121 0.241335168 0.971459866 0.345705122 0.215035900 2.064299822 1.293611407 60.101016998 0.557917953 2.593995810 0.815258682 3.952055216 2.175560951 2.315603495 1.400974035 71.952369690
2.973980188 0.393679261 0.513147533 59.541820526 4.152356148 0.241335168 0.971459866 0.345705122 0.215035900 2.064299822 1.293611407 56.983638763 0.736106515 2.593995810 0.815258682 3.952055216 2.175560951 2.315603495 1.400974035 68.600654602
2.973980188 0.393679261 0.513147533 56.357776642 0.939922750 0.241335168 0.971459866 0.345705122 0.215035900 2.064299822 1.293611407 53.868167877 2.015415192 2.593995810 0.815258682 3.952055216 2.175560951 2.315603495 1.400974035 65.248847961
2.973980188 0.393679261 0.513147533 53.175342560 0.939922750 0.241335168 0.971459866 0.345705122 0.215035900 2.064299822 1.293611407 50.754680634 2.015415192 2.593995810 0.815258682 3.952055216 2.175560951 2.315603495 1.400974035 61.896972656
2.973980188 0.393679261 0.513147533 49.994544983 0.939922750 0.241335168 0.971459866 0.345705122 0.215035900 2.064299822 1.293611407 47.643329620 2.015415192 2.593995810 0.815258682 3.952055216 2.175560951 2.315603495 1.400974035 58.545158386
2.973980188 0.393679261 0.513147533 46.815441132 0.939922750 0.241335168 0.971459866 0.345705122 0.215035900 2.064299822 1.293611407 44.533954620 2.015415192 2.593995810 0.815258682 3.952055216 2.175560951 2.315603495 1.400974035 55.193271637
2.973980188 0.393679261 0.513147533 43.637973785 0.939922750 0.241335168 0.971459866 0.345705122 0.215035900 2.064299822 1.293611407 41.426658630 2.015415192 2.593995810 0.815258682 3.952055216 2.175560951 2.315603495 1.400974035 51.841335297
2.973980188 0.393679261 0.513147533 40.462299347 0.939922750 0.241335168 0.971459866 0.345705122 0.215035900 2.064299822 1.293611407 38.321403503 2.015415192 2.593995810 0.815258682 3.952055216 2.175560951 2.315603495 1.400974035 48.489311218
2.973980188 0.393679261 0.513147533 37.288280487 0.939922750 0.241335168 0.971459866 0.345705122 0.215035900 2.064299822 1.293611407 35.218124390 2.015415192 2.593995810 0.815258682 3.952055216 2.175560951 2.315603495 1.400974035 45.137165070
2.973980188 0.393679261 0.513147533 34.116115570 0.939922750 0.241335168 0.971459866 0.345705122 0.215035900 2.064299822 1.293611407 32.116909027 2.015415192 2.593995810 0.815258682 3.952055216 2.175560951 2.315603495 1.400974035 41.785011292
2.973980188 0.393679261 0.513147533 30.945690155 0.939922750 0.241335168 0.971459866 0.345705122 0.215035900 2.064299822 1.293611407 29.017616272 2.015415192 2.593995810 0.815258682 3.952055216 2.175560951 2.315603495 1.400974035 38.432670593
2.973980188 0.393679261 0.513147533 27.777044296 0.939922750 0.241335168 0.971459866 0.345705122 0.215035900 2.064299822 1.293611407 25.920255661 2.015415192 2.593995810 0.815258682 3.952055216 2.175560951 2.315603495 1.400974035 35.080169678
2.973980188 0.393679261 0.513147533 24.610219955 0.939922750 0.241335168 0.971459866 0.345705122 0.215035900 2.064299822 1.293611407 22.824800491 2.015415192 2.593995810 0.815258682 3.952055216 2.175560951 2.315603495 1.400974035 31.727565765
2.973980188 0.393679261 0.513147533 21.445215225 0.939922750 0.241335168 0.971459866 0.345705122 0.215035900 2.064299822 1.293611407 19.731195450 2.015415192 2.593995810 0.815258682 3.952055216 2.175560951 2.315603495 1.400974035 28.374696732
2.973980188 0.393679261 0.513147533 18.282016754 0.939922750 0.241335168 0.971459866 0.345705122 0.215035900 2.064299822 1.293611407 16.639343262 2.015415192 2.593995810 0.815258682 3.952055216 2.175560951 2.315603495 1.400974035 25.021656036
2.973980188 0.393679261 0.513147533 15.120461464 0.939922750 0.241335168 0.971459866 0.345705122 0.215035900 2.064299822 1.293611407 13.549129486 2.015415192 2.593995810 0.815258682 3.952055216 2.175560951 2.315603495 1.400974035 21.668296814
2.973980188 0.393679261 0.513147533 11.960675240 0.939922750 0.241335168 0.971459866 0.345705122 0.215035900 2.064299822 1.293611407 10.460605621 2.015415192 2.593995810 0.815258682 3.952055216 2.175560951 2.315603495 1.400974035 18.314615250
2.973980188 0.393679261 0.513147533 8.802598953 0.939922750 0.241335168 0.971459866 0.345705122 0.215035900 2.064299822 1.293611407 7.373824596 2.015415192 2.593995810 0.815258682 3.952055216 2.175560951 2.315603495 1.400974035 14.960573196
2.973980188 0.393679261 0.513147533 5.646569729 0.939922750 0.241335168 0.971459866 0.345705122 0.215035900 2.064299822 1.293611407 4.289966583 2.015415192 2.593995810 0.815258682 3.952055216 2.175560951 2.315603495 1.400974035 11.606153488
2.973980188 0.393679261 0.513147533 2.495588779 0.939922750 0.241335168 0.971459866 0.345705122 0.215035900 2.064299822 1.293611407 1.225439429 2.015415192 2.593995810 0.815258682 3.952055216 2.175560951 2.315603495 1.400974035 8.251237869
2.973980188 0.393679261 0.513147533 1.107141018 0.939922750 0.241335168 0.971459866 0.345705122 0.215035900 2.064299822 1.293611407 0.180276722 2.015415192 2.593995810 0.815258682 3.952055216 2.175560951 2.315603495 1.400974035 4.896244049
2.973980188 0.393679261 0.513147533 0.385235310 0.939922750 0.241335168 0.971459866 0.345705122 0.215035900 2.064299822 1.293611407 1.577332973 2.015415192 2.593995810 0.815258682 3.952055216 2.175560951 2.315603495 1.400974035 1.546068668
