reference_sample_id,data_status,reference_severity_class,source_difficulty_score,effective_failure_severity,source_E_co_time_s,source_E_n_g,source_E_miss_m,source_E_t_s,E_co_time_s,E_n_g,E_miss_m,E_t_s
1,synthetic_planning_reference_v4,low,0.8705762427194775,0.3110794730782737,0.0816666666666677,0.0909233197248755,2.95536510102062,30.4,0.09177190619515446,0.11067200109671853,2.9668819996243085,31.8
2,synthetic_planning_reference_v4,moderate,0.33676487268022626,1.2209358596454876,0.0574999999999967,0.0883256414340566,2.64165364276849,26.8,0.07326670942280192,0.13045606560954207,2.878300124150406,29.35
3,synthetic_planning_reference_v4,mild,0.7781969749757925,0.5718384175622241,0.0558333333333309,0.0808742103083003,2.95442518819733,28.85,0.061861944096489464,0.10116479481345184,3.1703674569784686,30.6
4,synthetic_planning_reference_v4,mild,0.4716144032581893,0.5947283042473758,0.0499999999999965,0.0658452295163723,3.13251575665829,28.85,0.058804734513715505,0.10798899786664341,3.331307766929781,30.700000000000003
5,synthetic_planning_reference_v4,mild,0.7340003174484648,0.5710538739436255,0.0491666666666774,0.0851101813517012,3.47360005877085,28.95,0.053886250374294085,0.11622410067070177,3.8404177863124844,30.700000000000003
6,synthetic_planning_reference_v4,mild,0.7656506324649198,0.6815938532785552,0.0475000000000122,0.0843220729632527,3.31008708057413,29.3,0.05604018581906945,0.1090316569175186,3.6445771578410096,30.8
7,synthetic_planning_reference_v4,mild,0.6407481848105674,0.6550604094589796,0.047500000000008,0.0768817651820473,3.07748314151531,29.05,0.0583244096346388,0.09175391671217935,3.4142495852263566,30.35
8,synthetic_planning_reference_v4,moderate,0.27709756426725934,0.43169281413267635,0.0383333333333397,0.0707863195668664,2.95462278474342,29.05,0.042968287794266376,0.08896576886885678,3.0819231159154836,30.35
9,synthetic_planning_reference_v4,mild,0.4657185649216887,0.6385736893274094,0.0458333333333456,0.0701840753652389,3.23227794476437,28.75,0.05211595365590038,0.09017754988668977,3.526607414472076,30.150000000000002
10,synthetic_planning_reference_v4,moderate,0.4346164649390149,1.2318128661096788,0.0491666666666788,0.0722043013204763,2.84843450636653,30.05,0.07293600992058603,0.11240803126038025,3.2164615417401796,33.35
11,synthetic_planning_reference_v4,low,0.76443625215372,0.11788010568502698,0.0708333333333457,0.0859928456735493,2.85545912333203,29.3,0.07236145660563104,0.09667600296251566,2.8934742213055626,29.85
12,synthetic_planning_reference_v4,moderate,0.5019953288114833,2.2195852124753452,0.0375000000000085,0.069960734807405,2.8213541013603,28.95,0.052061693023447236,0.13141667113638095,3.7099998914106003,35.4
13,synthetic_planning_reference_v4,moderate,0.46930769049785326,1.5169549042865584,0.0408333333333417,0.0744821572518586,3.01358453093047,29.65,0.059575734862299105,0.11226266263853515,3.623576800060189,33.65
14,synthetic_planning_reference_v4,mild,0.2460176608756894,0.5268878830223089,0.0475000000000108,0.0791966912578081,2.8926492368973,27.9,0.05485361741506398,0.09508623134096776,3.1840097736038406,29.150000000000002
15,synthetic_planning_reference_v4,low,0.26704817989401464,0.11656211347279848,0.0425000000000097,0.0504970551849063,3.57863540186973,27.05,0.044000847573671786,0.049532216953073215,3.8032149228996763,26.700000000000003
16,synthetic_planning_reference_v4,mild,0.790262501036078,0.6845491695607835,0.0708333333333485,0.102775166662208,2.62847399592588,29.95,0.08082796425915183,0.12442760335676717,2.7437747153112326,31.75
17,synthetic_planning_reference_v4,moderate,0.3846182154656938,1.9026260231522931,0.028333333333336,0.0711898230809554,2.22366740804037,29.35,0.031449727117807635,0.1382370731620033,2.6863531554318856,34.5
18,synthetic_planning_reference_v4,low,0.5021248731943718,0.09622272509461827,0.0433333333332939,0.0649848250886361,2.62627198112998,29.35,0.03978606591573023,0.06169745556593785,2.524963815918323,29.75
19,synthetic_planning_reference_v4,severe,0.5311115476698552,5.424796144336116,0.0591666666666129,0.0703983459382287,3.16907896963486,29.05,0.10247798015252528,0.1477300104245647,4.318179507900904,39.35
20,synthetic_planning_reference_v4,mild,0.2847961385681191,0.8210432127430364,0.0491666666666219,0.0638760872598726,2.85728344121279,28.8,0.04896939539801669,0.08770094892916105,3.2785074496637496,31.5
21,synthetic_planning_reference_v4,severe,0.5260332288618137,4.023024201531815,0.0558333333332826,0.0620536101290202,2.33043854772348,28.15,0.1092743144806586,0.13091306147717202,3.780336481648708,40.050000000000004
22,synthetic_planning_reference_v4,mild,0.4553367641672375,0.44630102066963684,0.0516666666666197,0.081684559973447,3.00322654752624,28.55,0.052667571208069905,0.10875248032814021,3.2512727983902012,29.55
23,synthetic_planning_reference_v4,mild,0.6553822646493115,1.2060787665634003,0.0491666666666219,0.0777663494772587,2.81710778678364,29.15,0.06205125635808907,0.12048162940008383,3.2918230238163755,31.6
24,synthetic_planning_reference_v4,mild,0.4310893169998162,1.0707049105134123,0.0408333333333019,0.0624787809502571,3.09525870922007,28.7,0.04576236336128158,0.091781808852793,3.607949486716422,31.400000000000002
25,synthetic_planning_reference_v4,mild,0.45546304763055084,0.5222748494564811,0.0499999999999716,0.0774809643433698,2.81369709903783,29.5,0.05574042573857712,0.09620160029671738,2.9454231350430518,30.950000000000003
26,synthetic_planning_reference_v4,low,0.33966097231826275,0.20932766131790287,0.0291666666666515,0.057543456900336,3.281711228215,29.4,0.02916123024819033,0.05561863980893103,3.4555054502259166,29.8
27,synthetic_planning_reference_v4,low,0.42875785387116855,0.11787739147632931,0.0499999999999602,0.0699113115237012,2.22048189787385,28.85,0.04981783370393349,0.0743104933056221,1.897320750949555,29.25
28,synthetic_planning_reference_v4,moderate,0.7689729419998363,2.0809614771882066,0.0591666666666129,0.105012196040762,2.71673347970598,29.9,0.09571911986413396,0.14592842342234164,3.3025162734327194,35.6
29,synthetic_planning_reference_v4,severe,0.740759113489259,4.429242471792566,0.0549999999999443,0.0845979476923939,3.08364413339449,29.6,0.10593913070527637,0.14757057142725147,4.396637070413027,38.800000000000004
30,synthetic_planning_reference_v4,moderate,0.749439422385871,2.0067586286744463,0.0674999999999386,0.0827898759056302,3.08076834710764,30.2,0.08461180986996122,0.14127914541481104,3.5869751112669084,35.45
31,synthetic_planning_reference_v4,moderate,0.670170486440297,1.1184908065527617,0.0616666666666163,0.0836283285517419,2.92939935100803,30.35,0.07057772772834847,0.11891225376573522,3.3552840396331556,33.5
32,synthetic_planning_reference_v4,mild,0.22204218020220998,0.7383471070183255,0.0324999999999704,0.0723881539409018,2.8683870847741,29.4,0.032756228693273055,0.08434750313554494,3.2057420467256836,31.150000000000002
33,synthetic_planning_reference_v4,mild,0.6126938259900306,1.0958366361839498,0.0491666666666333,0.07882966887032,3.2735720452826,29.85,0.054746527847767235,0.1187996726331571,3.7108131725102407,32.95
34,synthetic_planning_reference_v4,low,0.6949844112146099,0.12321239205194733,0.0816666666665981,0.0675287707645968,2.92912199075104,29.6,0.08825599645372448,0.0665827005602015,2.950967134759782,30.0
35,synthetic_planning_reference_v4,mild,0.5377610298008517,0.5484927212053976,0.0541666666666117,0.0665324017467453,2.79223924530897,28.9,0.06103854252420857,0.07600417052593607,2.9380707010273643,30.05
36,synthetic_planning_reference_v4,moderate,0.3457255600010717,1.006355534841787,0.0483333333333007,0.0705408087915691,3.09752623927664,27.85,0.04931483423518328,0.08583052871969532,3.585678243806649,30.25
37,synthetic_planning_reference_v4,severe,0.26787855968125307,3.2802346702215885,0.0391666666666424,0.0541813519927473,3.01054796000745,29.15,0.08234016672196338,0.1336725399356618,3.94764219679513,39.400000000000006
38,synthetic_planning_reference_v4,severe,0.49277740013550525,1.4131465098539209,0.0474999999999568,0.0593293785812117,3.25414851418088,29.85,0.05738926609514172,0.11657508489533729,3.874319824675665,33.300000000000004
39,synthetic_planning_reference_v4,mild,0.3866091038802376,0.7141962987471369,0.0666666666666174,0.0653302368027139,2.9604430285276,29.25,0.07537329735140874,0.08952940711715951,3.3077966621039634,31.200000000000003
40,synthetic_planning_reference_v4,mild,0.4518921983887914,0.530180797697475,0.0333333333332917,0.069929047529472,2.87648289267671,28.95,0.0360297977779442,0.08409419225739964,3.190346362777437,30.5
41,synthetic_planning_reference_v4,low,0.5235870599768939,0.16138258885126985,0.0474999999999454,0.0701795319369838,3.16808572939297,29.55,0.0477264457714325,0.07458189465944799,3.299497949048657,30.150000000000002
42,synthetic_planning_reference_v4,moderate,0.6067893558370051,1.1102347647212722,0.0399999999999636,0.0684353403418572,3.39928104994154,29.75,0.048689371475836705,0.08622100026492358,3.966574133143764,32.4
43,synthetic_planning_reference_v4,mild,0.6307969230781589,1.0257609158113428,0.0408333333332848,0.0803185911724748,3.09630822703216,28.4,0.055440273160708015,0.10150682573317102,3.6177701702434812,31.700000000000003
44,synthetic_planning_reference_v4,low,0.4119644536500235,0.16525469166350426,0.0433333333332826,0.0765258958007611,2.54149730587415,27.35,0.04304670474593624,0.0829471837605949,2.408028464811055,27.5
45,synthetic_planning_reference_v4,mild,0.864487439100414,0.6098749283374381,0.0624999999999432,0.0756095467327795,3.33263653684042,29.2,0.07021492911130402,0.09273288585422239,3.6898562125071903,31.1
46,synthetic_planning_reference_v4,moderate,0.41297285139369083,1.3287899187959467,0.0449999999999477,0.0617205710380304,3.28211678596737,28.9,0.05797737728066006,0.10096907774477684,4.043731169108491,32.4
47,synthetic_planning_reference_v4,moderate,0.4841703818676356,3.1435887515492817,0.0349999999999568,0.0686379676579812,2.7872232519079,29.35,0.07284572097416948,0.11413145150853883,4.274782148688855,39.400000000000006
48,synthetic_planning_reference_v4,mild,0.3089478407337305,0.7407936962430641,0.0449999999999704,0.0706409049077509,3.1030008258002,28.4,0.04768932075743248,0.10187817507766904,3.446132637495425,31.05
49,synthetic_planning_reference_v4,moderate,0.06563788700238901,0.5666881815480106,0.0258333333333553,0.0550614027161656,2.94313075628704,27.8,0.027996757066166875,0.07055190440232209,3.167118923564032,28.650000000000002
50,synthetic_planning_reference_v4,moderate,0.23587249230504848,1.3972843023021395,0.0541666666666174,0.061005748102668,3.11984126971186,27.95,0.07130859461580433,0.10503117068715202,3.4366553792337786,31.650000000000002
51,synthetic_planning_reference_v4,low,0.804463089155177,0.11523087247757954,0.0533333333332848,0.0749806379091877,2.94548003104497,29.5,0.053777395937238924,0.0783707326908991,2.8919802283320126,29.85
52,synthetic_planning_reference_v4,mild,0.646498108200962,1.270081257633396,0.0641666666666083,0.0867051098044936,2.88063766948335,28.7,0.08388034831466934,0.1154837502232786,3.2562347554813607,31.900000000000002
53,synthetic_planning_reference_v4,mild,0.5734691513642912,0.6062686275943258,0.0408333333332848,0.0743101575073759,2.8679412402608,27.95,0.04913441943111028,0.09080346672572938,3.1114669561214807,29.05
54,synthetic_planning_reference_v4,low,0.36822240466271455,0.0989984394365979,0.0474999999999454,0.0648499536178181,3.32992533672064,28.2,0.045651510803305456,0.06275155852938126,3.54924700908403,28.25
55,synthetic_planning_reference_v4,low,0.8758812735328939,0.15722468632523104,0.0583333333332803,0.0890887658204951,3.364433829851,29.9,0.06192938589169343,0.10355196048038588,3.4932894124736174,30.8
56,synthetic_planning_reference_v4,mild,0.2878341899160079,0.3600554405686872,0.0483333333332894,0.0460655281316516,3.11768204117952,28.15,0.048636533677156146,0.043660073457149916,3.3813256756766497,28.85
57,synthetic_planning_reference_v4,low,0.1900788823249203,0.10234562778044835,0.048333333333278,0.0650776836703626,3.05743491677296,26.85,0.05054447852454778,0.07282360295964688,3.072924526959334,26.450000000000003
58,synthetic_planning_reference_v4,mild,0.8350340127900583,0.8134685449433923,0.0499999999999773,0.0843646405283446,3.02187552037194,29.55,0.056873466527259796,0.11620354033794357,3.3738029773217675,31.700000000000003
59,synthetic_planning_reference_v4,low,0.878182207783258,0.18503631287215483,0.0783333333332621,0.0877118431803573,2.99405034415538,29.05,0.08722212235860485,0.09894905742196743,3.0799629246243447,29.400000000000002
60,synthetic_planning_reference_v4,mild,0.7738067898556428,1.0734597360758806,0.0608333333332894,0.0843145041658912,3.08667704540527,29.2,0.07705080500147049,0.1146663306864572,3.5646781228887083,32.25
61,synthetic_planning_reference_v4,low,0.2907082703638469,0.06814944516829197,0.0466666666666242,0.0718497977486643,3.01058721178508,29.6,0.04658193616165757,0.0776023646065962,2.9524554364002773,29.75
62,synthetic_planning_reference_v4,mild,0.5067624634841462,0.8327371068218296,0.0433333333332939,0.074230038891235,3.56967450706339,28.0,0.05732313156867569,0.09596918557551692,4.04470446972504,29.150000000000002
63,synthetic_planning_reference_v4,low,0.4697133272085243,0.1101226914609781,0.0574999999999591,0.0746236010408256,2.73023994877996,28.2,0.060667115092483875,0.08280625309035326,2.683228684153527,28.5
64,synthetic_planning_reference_v4,mild,0.5040575748098837,1.0788010623119626,0.066666666666606,0.0746465905545317,3.55380171873137,29.35,0.07711028501659116,0.08641676005282775,4.14448623237144,31.400000000000002
65,synthetic_planning_reference_v4,mild,0.4065972223344592,0.9411848156336919,0.0483333333332894,0.0728158731078029,3.22850302594549,29.3,0.05664097308697672,0.09732637312851442,3.7431176550160554,31.200000000000003
66,synthetic_planning_reference_v4,mild,0.3992308935698175,0.7671521349124019,0.0458333333332803,0.0749045566948625,2.60476935171051,29.25,0.04665740723043587,0.09674714043680746,2.6765242304704993,31.450000000000003
67,synthetic_planning_reference_v4,low,0.372790343079714,0.10106339323043585,0.0458333333332803,0.0797552389490927,3.19602068299174,29.5,0.04769395125734234,0.08684580541073454,3.270116799343675,30.1
68,synthetic_planning_reference_v4,severe,0.27889365436815944,1.2694756104961362,0.0408333333332962,0.0847421329066132,3.14881866212172,29.45,0.05077054725823971,0.11785229800412599,3.723600961476625,32.4
69,synthetic_planning_reference_v4,mild,0.06240703220962442,0.3911058700344077,0.0208333333332916,0.0651479236439753,2.85314392388212,28.75,0.01901820353591847,0.0724189972203435,2.9809388505223353,29.900000000000002
70,synthetic_planning_reference_v4,low,0.45913611021757494,0.07488314418106554,0.0466666666668289,0.0604442949226893,3.23200893982974,27.55,0.04475207065297902,0.05841623201729204,3.356579807322311,27.6
71,synthetic_planning_reference_v4,low,0.7236549127719213,0.19239902478019782,0.0700000000002547,0.0886772200345055,3.04102165853596,28.95,0.0744744843882117,0.10548499617765864,3.093932859923373,29.8
72,synthetic_planning_reference_v4,low,0.7186482632090573,0.28291349546486344,0.0625000000002274,0.0779192301858054,3.47470108244001,28.75,0.07070906431624802,0.08460139697257235,3.677035072332248,29.200000000000003
73,synthetic_planning_reference_v4,low,0.7531323134053285,0.11850247241997161,0.0641666666669153,0.0728481836498816,2.91417720802636,28.75,0.0673375534132832,0.0779155314956017,2.9091134855519587,28.75
74,synthetic_planning_reference_v4,mild,0.5009702569811535,1.0464960781051882,0.0666666666669244,0.0756040521914151,2.7392192522775,29.0,0.0794386866880028,0.08614639243890375,3.21129840875829,31.200000000000003
75,synthetic_planning_reference_v4,low,0.347672531972121,0.06290897111477294,0.0550000000002001,0.0683162613770049,2.91019300108276,29.2,0.05670643935741891,0.06545079810434358,2.7940962819606607,29.650000000000002
76,synthetic_planning_reference_v4,low,0.5747330822297199,0.11163806353737227,0.0516666666668698,0.072609595791462,3.24229915778647,27.0,0.05833599537998411,0.07747413255081377,3.2893168270007753,26.700000000000003
77,synthetic_planning_reference_v4,low,0.4320062804505003,0.06930389152050795,0.049166666666838,0.086835153024569,2.75294491185464,29.8,0.04739623587619057,0.09591590664045511,2.658697607723709,30.3
78,synthetic_planning_reference_v4,mild,0.17783275735015525,0.7016238314496561,0.0391666666668243,0.0572470133343907,2.99243708145589,29.15,0.04396715235734392,0.0838507162674093,3.172533357370001,30.900000000000002
79,synthetic_planning_reference_v4,low,0.861843933218599,0.17371452895198652,0.0700000000002547,0.101177802118527,2.56961895510671,30.35,0.07674179720143187,0.1138584652031037,2.533791056730378,31.05
80,synthetic_planning_reference_v4,severe,0.5409704062914588,2.7437482264403434,0.056666666666888,0.0739741899826757,2.99466537088092,29.05,0.09001581923095547,0.13778329272866363,4.196975881092517,36.7
81,synthetic_planning_reference_v4,low,0.5918126221280859,0.1013090738786951,0.0625000000002501,0.0679184998381808,2.95365891830291,29.4,0.06710906062291662,0.07294263165281208,2.9461497527407565,30.1
82,synthetic_planning_reference_v4,moderate,0.38301271895291183,0.9675479709114982,0.052500000000191,0.0584842072863597,2.76072977875961,29.85,0.06803893028219074,0.07611639029185475,2.9446793809035476,32.6
83,synthetic_planning_reference_v4,mild,0.300110245962665,0.7804127081088305,0.0383333333334804,0.0787255800565753,2.55295956279022,27.0,0.039994361771135134,0.09830890351468674,2.683836064525751,29.05
84,synthetic_planning_reference_v4,low,0.3789109104971296,0.07870666462173782,0.0458333333335077,0.0608156938203018,2.90059940601813,26.85,0.04523600581881641,0.057602001841196626,2.886331991893434,26.400000000000002
85,synthetic_planning_reference_v4,mild,0.5186935469097032,1.6770751727126316,0.0475000000001728,0.0745273318560432,3.24343639342262,29.15,0.07543094890849292,0.12831871678788365,3.900727742364477,34.1
86,synthetic_planning_reference_v4,mild,0.6165200000796501,0.6152192894527622,0.0791666666669698,0.0725249265592823,2.99424810976031,28.35,0.09033640133250721,0.08808978340880606,3.2214929850822482,29.900000000000002
87,synthetic_planning_reference_v4,mild,0.20179109807942788,0.7066793831532562,0.0433333333334986,0.0551380059049758,2.7885089404431,28.95,0.0522193484780918,0.07312974508276561,2.8641452910244984,30.900000000000002
88,synthetic_planning_reference_v4,low,0.6248033775754576,0.10039516366486637,0.0541666666668789,0.0845392297098086,2.6766743757683,29.2,0.05316257454245798,0.09518310063471987,2.5977959624305225,29.650000000000002
89,synthetic_planning_reference_v4,mild,0.5371730758610049,0.979823972840302,0.0341666666668061,0.064391217518416,3.14362226513631,29.45,0.028529950960203287,0.08708188280420026,3.544131912820511,32.4
90,synthetic_planning_reference_v4,low,0.8598309520825188,0.15771000992197484,0.0758333333336168,0.0757853416214359,2.94642767307362,29.2,0.08251752887941127,0.08271471260986474,2.9080239256052183,29.85
91,synthetic_planning_reference_v4,mild,0.8707506561787567,0.5873234685016309,0.0858333333336532,0.0912605309581232,2.96478737502861,28.5,0.09606378935087821,0.1273433699279865,3.0801719257911047,29.5
92,synthetic_planning_reference_v4,low,0.517007955603366,0.13208213692609144,0.0591666666668971,0.0711426253571649,2.77271674573731,29.35,0.06073967721206714,0.07477310295277101,2.821910154745261,29.75
93,synthetic_planning_reference_v4,low,0.17901640958852608,0.0699592141386401,0.0383333333335031,0.0520236677447797,2.75464912199356,27.15,0.034282893116138836,0.04600875199386371,2.6886159616920904,26.950000000000003
94,synthetic_planning_reference_v4,moderate,0.7322064458813393,2.399782446482512,0.0458333333334622,0.0800790270769753,2.74802866293213,28.6,0.06466363986294109,0.13361530076161188,3.9815339899491637,36.0
95,synthetic_planning_reference_v4,mild,0.21327147042114433,0.4425774016323214,0.0625000000002501,0.0528324579220932,2.87370208841528,27.4,0.07247864809456767,0.05894817624769088,2.976568944262489,28.25
96,synthetic_planning_reference_v4,low,0.7585803106717796,0.13767127176089977,0.0658333333335804,0.0864823430867871,2.56289289787504,28.45,0.07210219426042644,0.0953094943355441,2.5189557406800556,28.700000000000003
97,synthetic_planning_reference_v4,mild,0.3961249836783659,0.8930049482016824,0.0558333333334986,0.066626836367135,2.8598757953565,29.35,0.06571434571020146,0.08198645945029284,3.449962223984145,31.900000000000002
98,synthetic_planning_reference_v4,mild,0.24460071059455923,0.44648434537405424,0.0450000000002547,0.0872714741544423,2.86617027465134,25.7,0.05308332636890009,0.11274747365641986,2.9840168737660107,26.25
99,synthetic_planning_reference_v4,mild,0.7245245225553808,0.8318995105563853,0.0658333333336032,0.0659795229596178,3.01816009566608,29.9,0.07945857746087587,0.11360250024190467,3.3372011973968427,32.6
100,synthetic_planning_reference_v4,low,0.744762611235596,0.17461943772618693,0.0491666666669062,0.0615423521341718,3.37507039462564,29.85,0.04962238147024164,0.05855300847938686,3.5573422079431554,30.55
101,synthetic_planning_reference_v4,mild,0.35173376428847547,0.5630241598428961,0.0350000000001501,0.0744104286505885,3.31992808303986,29.8,0.03821766243570366,0.09757991190209404,3.507582564939993,32.25
102,synthetic_planning_reference_v4,mild,0.5219232065505437,0.4178461074447587,0.0541666666668789,0.0645743220310499,3.16604353430846,28.85,0.05896087314666501,0.07607412296144372,3.362791914030139,29.950000000000003
103,synthetic_planning_reference_v4,mild,0.7034278022461559,1.0039041478221453,0.0583333333335531,0.0827972581213207,3.19166249919787,29.75,0.07290817980992317,0.10350164240038419,3.7040637636083438,32.050000000000004
104,synthetic_planning_reference_v4,mild,0.35145915955498763,0.5109539822279933,0.0375000000001592,0.0615995545775712,2.87255144290532,29.45,0.03935727696233714,0.07488794995611467,2.9086017177821697,30.55
105,synthetic_planning_reference_v4,low,0.6068115612589826,0.1313206146259557,0.0475000000001955,0.0877985376868186,3.19956649167443,28.85,0.047960880414959536,0.0992153447559282,3.3977684270217345,29.150000000000002
106,synthetic_planning_reference_v4,moderate,0.6337457183402094,2.083484843421635,0.0416666666668561,0.0739519460128869,2.83696509921179,29.85,0.06224667546661645,0.14177550925077503,3.759083617361324,34.95
107,synthetic_planning_reference_v4,mild,0.42727656077408066,0.3933605373559638,0.0458333333334849,0.0776446818274322,3.16466829204658,28.5,0.051127765919738596,0.09010245637144279,3.4812747943888707,29.1
108,synthetic_planning_reference_v4,low,0.46057399792236076,0.09367204445517648,0.0591666666668743,0.0652396191186744,3.41157037293071,28.15,0.06022187277050475,0.06474889999256749,3.660691131309206,28.200000000000003
109,synthetic_planning_reference_v4,mild,0.8380767737709098,1.666868417333984,0.0608333333335395,0.0862801287858127,3.36421430801901,29.45,0.07558964534041077,0.13285203720521888,4.240827619226885,33.65
110,synthetic_planning_reference_v4,mild,0.6012908423556005,1.3872321611814409,0.051666666666847,0.076877479836234,2.91855060035787,27.75,0.06560331511493765,0.11829836180572821,3.274606971017363,31.05
111,synthetic_planning_reference_v4,moderate,0.40936675289378743,1.6811405343877401,0.0491666666668607,0.060693947066351,3.20922411363912,28.6,0.06649136182794745,0.0795891358278875,3.8209980174702345,33.85
112,synthetic_planning_reference_v4,low,0.2750958755096535,0.053778224056974924,0.0533333333335349,0.0803390152426727,2.5974649825888,28.7,0.055027069957377016,0.08924738640731934,2.474552023231816,28.950000000000003
113,synthetic_planning_reference_v4,low,0.31666566136748947,0.10395893799448226,0.0458333333334849,0.0649778953730957,2.9532746269018,28.55,0.043841181416982185,0.061451882042180106,2.998448060122789,28.700000000000003
114,synthetic_planning_reference_v4,low,0.6052303080456637,0.09072245007610648,0.0475000000001955,0.0634820581531919,3.29640351370374,28.65,0.046287159808856074,0.06584354065673609,3.4914029290029136,28.700000000000003
115,synthetic_planning_reference_v4,low,0.7400795976794262,0.2379187065147116,0.0683333333335895,0.0822217134944214,2.85374599903739,28.7,0.07842110553437388,0.09379986008085817,2.8585796881873393,29.450000000000003
116,synthetic_planning_reference_v4,mild,0.18917162727771072,0.6486296259966464,0.0341666666667834,0.0670794690087757,2.91679256736671,28.4,0.03553978864540236,0.09035133202035858,2.9633749046400273,29.75
117,synthetic_planning_reference_v4,low,0.30607888257003174,0.06109286873541576,0.0375000000001364,0.0681625251818173,3.25415940373357,29.85,0.03044880519799596,0.06705189393991429,3.384105364764023,30.450000000000003
118,synthetic_planning_reference_v4,mild,0.5391643805971323,0.6018548382849807,0.0408333333334895,0.0616619465936906,3.2686897688854,29.0,0.045765301026127234,0.0711590033005741,3.481802117797888,30.450000000000003
119,synthetic_planning_reference_v4,moderate,0.5950310202816879,1.5864555489680854,0.060833333333585,0.0826922849233657,2.80026336611908,28.75,0.07570890922168115,0.12450344518412754,3.3108215934287974,32.550000000000004
120,synthetic_planning_reference_v4,moderate,0.3639145201665605,0.661647104013112,0.0550000000001774,0.0749096845708665,2.54151262921582,27.5,0.06617649086327133,0.08616095195645311,2.627798950610896,29.150000000000002
121,synthetic_planning_reference_v4,low,0.5029005886183827,0.06249093652374688,0.031666666666797,0.0592094932121508,3.11239640176094,29.6,0.0268125029837113,0.052132244819402915,3.2124076380032016,30.150000000000002
122,synthetic_planning_reference_v4,mild,0.43626879913270306,0.7465224579379481,0.064166666666938,0.0743703666042568,2.43974779107234,30.05,0.07502698306315657,0.097499283782247,2.285600391837667,32.0
123,synthetic_planning_reference_v4,mild,0.4048373855331065,0.8852444712785186,0.0400000000001683,0.0901125616757764,2.99912647237006,27.25,0.047672619673974424,0.13068790833423022,3.321161495822212,29.3
124,synthetic_planning_reference_v4,mild,0.2162958695286112,0.4509408805097974,0.0333333333334849,0.0645664995334862,2.84558908639395,29.15,0.03199784706407696,0.07375545305318974,2.986451166250154,30.700000000000003
125,synthetic_planning_reference_v4,low,0.22580936686620193,0.14731561015795647,0.0308333333334758,0.0498254489250108,2.99885729323789,28.35,0.023496880732617263,0.04420908907170851,3.0093484152631267,28.400000000000002
126,synthetic_planning_reference_v4,moderate,0.37010798548347107,0.9938172885465942,0.0375000000001137,0.0626068311133173,2.94086709859086,29.4,0.03474663461611134,0.09079869205967228,3.4217227434180266,32.4
127,synthetic_planning_reference_v4,mild,0.06444628840530067,0.3651514025853995,0.0400000000001683,0.0566524125101633,2.41812895185804,28.65,0.04043455983765019,0.06162001735358856,2.416627201070101,29.25
128,synthetic_planning_reference_v4,low,0.505861167999272,0.1420450119099489,0.0458333333334622,0.066754120583078,3.14286820739606,29.75,0.04734844218750274,0.06859698277848356,3.1977178955633723,30.400000000000002
129,synthetic_planning_reference_v4,mild,0.5174304055086614,1.1197997572918321,0.0441666666668425,0.0748306164424312,2.87484371071814,28.25,0.04915966947869422,0.11409845921391915,3.27661562959982,31.400000000000002
130,synthetic_planning_reference_v4,low,0.2278923115303581,0.0774151640353441,0.0408333333334895,0.0583485736271604,2.64908392486267,28.75,0.03973719554338464,0.056152319565115995,2.5092158014048125,29.1
131,synthetic_planning_reference_v4,mild,0.30485680183822556,0.7802136041879284,0.0416666666668107,0.0734963058013449,2.80823860485153,27.75,0.04867860919988317,0.09936379753724242,2.99143065265702,29.3
132,synthetic_planning_reference_v4,moderate,0.7376804112943954,3.6420586000887822,0.0591666666668743,0.0849320264585277,2.65206180031538,28.95,0.12132220965644192,0.14729613897684563,4.248398791999582,38.35
133,synthetic_planning_reference_v4,low,0.42473531549988286,0.12227630804186643,0.0425000000001546,0.0664633132658474,2.78244584108362,28.05,0.0400041590163276,0.07059493784007925,2.7794110857490697,28.3
134,synthetic_planning_reference_v4,mild,0.2406943303232241,0.4121658517256248,0.0425000000001546,0.0669307248276827,2.71522980696172,30.05,0.04701912879675261,0.07412138085649078,2.7317196729231124,31.450000000000003
135,synthetic_planning_reference_v4,low,0.7856653945256047,0.18336106141094996,0.0625000000002274,0.0852443836485585,2.69880534490898,28.65,0.07005666338099847,0.09752023250342393,2.5984445966922873,28.950000000000003
136,synthetic_planning_reference_v4,low,0.5725095747162123,0.21468526578614067,0.0550000000002228,0.0693265768600052,3.41624746371025,29.75,0.05790894366601025,0.07261380507258101,3.548561546677369,30.450000000000003
137,synthetic_planning_reference_v4,low,0.8282692697659998,0.15706698711350509,0.0733333333336077,0.0845677798649035,3.36201208164096,29.7,0.07794168361316524,0.09515584848673733,3.5747138440612938,30.3
138,synthetic_planning_reference_v4,severe,0.12463426787787867,1.4729165297686149,0.040000000000191,0.0510999178936023,3.11499408653925,29.6,0.056595373652247136,0.07516331159381368,3.5269242554160676,34.0
139,synthetic_planning_reference_v4,moderate,0.5924814916653696,1.7704511715479638,0.0758333333336395,0.0802834944398284,2.56093274890948,28.35,0.09672575592484473,0.13824648673430312,3.1332364909394097,32.15
140,synthetic_planning_reference_v4,mild,0.23990155048829034,0.6606165519490536,0.0466666666668516,0.0537830840542921,2.82282869634691,28.3,0.045783040353098124,0.05823731945700178,2.9294356411567453,29.85
141,synthetic_planning_reference_v4,mild,0.5443015801583618,1.2138292263861348,0.0600000000003092,0.0556737366609123,3.31221866245649,29.9,0.06985222482163225,0.10027927663329,3.9916524833294806,33.15
142,synthetic_planning_reference_v4,moderate,0.6200723566047995,1.9902527929051699,0.0466666666668516,0.0765906020835233,2.76754067792649,28.95,0.06727001809846939,0.12107217444617226,3.554698250918972,34.2
143,synthetic_planning_reference_v4,moderate,0.6617096666134943,0.8888882302186097,0.0491666666668607,0.0822297505582834,3.09554227535588,28.95,0.06323827254189397,0.13383151003528004,3.4853326023666065,31.35
144,synthetic_planning_reference_v4,low,0.40640637265820007,0.06994618317486796,0.0391666666667788,0.0519471598408434,3.32235187522981,28.8,0.03504738390623039,0.04439793244229122,3.487727874375826,29.1
145,synthetic_planning_reference_v4,low,0.6155300467055353,0.0821807271818372,0.0533333333334667,0.0741837420561043,2.92303522724768,29.3,0.05529117936558204,0.07723340053037331,2.9608272849291755,29.900000000000002
146,synthetic_planning_reference_v4,low,0.8727214179983195,0.1846838370770264,0.060833333333585,0.084083555131403,2.81741856905776,29.4,0.06385034849637827,0.09647553209920882,2.9074485740645075,30.05
147,synthetic_planning_reference_v4,mild,0.36979936080383663,0.7195132911952896,0.052500000000191,0.0502958257965307,3.36810804588336,29.55,0.05569533631145948,0.061437229814787386,4.017317935203581,32.35
148,synthetic_planning_reference_v4,mild,0.8120299180358006,1.2799621744328957,0.0575000000001637,0.064110933838071,3.65244519988817,30.4,0.07366848700503066,0.09078683925676129,4.141354234841219,33.7
149,synthetic_planning_reference_v4,low,0.2718215464554909,0.10733664475440499,0.0425000000001546,0.06704069701728,2.70773265529644,27.45,0.03982890829421468,0.06997788319684668,2.590952317609897,27.200000000000003
150,synthetic_planning_reference_v4,mild,0.8837577125626431,0.772079059425186,0.0691666666669335,0.077827695591608,3.08618093979573,29.4,0.08071567630674464,0.09671828594683746,3.451617921997323,31.35
151,synthetic_planning_reference_v4,low,0.3351485186431933,0.0891216211834894,0.0433333333334758,0.0620486483348521,3.25888306861667,27.6,0.038378726561449715,0.06323884052286108,3.410099057586308,27.6
152,synthetic_planning_reference_v4,severe,0.1495773591247619,0.8217210609435013,0.0366666666667243,0.0610676825959233,2.82161826106629,26.75,0.043201799986366814,0.07771013203067749,3.2503998189425234,28.950000000000003
153,synthetic_planning_reference_v4,mild,0.08719462446488098,0.3327623298100081,0.0333333333334394,0.0500666975042593,2.63544297692602,27.25,0.02936760145741032,0.04654982837082365,2.5919558352461984,27.6
154,synthetic_planning_reference_v4,moderate,0.7654106191447675,1.1342095215795553,0.069166666666888,0.0681135890735232,3.47291264856884,29.4,0.08218202310587493,0.08142713920869672,4.035698794621135,32.7
155,synthetic_planning_reference_v4,mild,0.5699981883710977,0.8528972470670074,0.0625000000002274,0.0697554261709372,3.13538087290867,29.4,0.0752864697445964,0.10103749500162511,3.489238190528423,31.950000000000003
156,synthetic_planning_reference_v4,low,0.5362309645400237,0.12281701351499882,0.056666666666888,0.0716215776090743,2.78398228678066,28.65,0.05919625195590794,0.07224636154720276,2.817769509673263,28.900000000000002
157,synthetic_planning_reference_v4,low,0.25882415283907884,0.06863655950512629,0.048333333333494,0.0634692128596729,2.26101156683056,29.1,0.0508499862260497,0.06286809623032309,2.0201296677869913,29.35
158,synthetic_planning_reference_v4,low,0.13394478702845194,0.07690927774631484,0.0325000000001182,0.0481527481331342,3.26920410089706,28.45,0.02827407263468281,0.04264780387405585,3.4340283774666824,28.55
159,synthetic_planning_reference_v4,low,0.16102697258090135,0.07584151336623962,0.0425000000001091,0.0699959933151541,3.30743883403976,27.2,0.03848293696548947,0.06960698475695884,3.426451120252569,27.0
160,synthetic_planning_reference_v4,mild,0.6597711947661279,0.9408781758128785,0.0566666666668425,0.0994184567897981,3.00902135688369,27.45,0.06498116282851167,0.12357097071143544,3.525846557064134,30.05
161,synthetic_planning_reference_v4,low,0.28479745862551864,0.07251434815685398,0.0358333333334485,0.0719729714305025,2.87515732500884,28.15,0.03186871823524454,0.07261726128391656,2.84848850593507,28.200000000000003
162,synthetic_planning_reference_v4,mild,0.7283308918833519,0.7817051670533327,0.056666666666888,0.0760367650693256,2.63099440913058,28.4,0.06937901914284664,0.10343233308819483,2.753623637133437,30.55
163,synthetic_planning_reference_v4,low,0.6205834085851997,0.20665223383749146,0.0541666666668789,0.0841960145364016,2.82107280280165,28.95,0.06050456785398625,0.09372206318593931,2.8498574626962196,29.650000000000002
164,synthetic_planning_reference_v4,mild,0.5339685930499772,0.9296484794473003,0.0408333333334212,0.0738886459468171,2.89404709827804,29.85,0.049346451531149416,0.10201428085810336,3.2745843111816084,32.050000000000004
165,synthetic_planning_reference_v4,mild,0.584460020956028,0.8487891619405121,0.0416666666667879,0.0617367701687188,3.03008253568697,29.1,0.045769859928808734,0.12660013733746192,3.2051643392965534,30.55
166,synthetic_planning_reference_v4,moderate,0.3335567531303244,1.818453433726521,0.0458333333335759,0.052409605822088,2.84082170643905,29.35,0.05934126247102539,0.06876293921282342,3.509825423553776,34.2
167,synthetic_planning_reference_v4,moderate,0.35136349822311214,0.7350584150923511,0.0358333333334485,0.0753632632463902,3.27072548730102,29.15,0.03207963813171143,0.094988964191234,3.8302904894801872,31.8
168,synthetic_planning_reference_v4,low,0.15679827395888635,0.06285458139079508,0.0425000000001546,0.0593076772659683,2.80492712009407,28.75,0.04229850114556307,0.05395969590301157,2.792245009514008,28.8
169,synthetic_planning_reference_v4,low,0.22709571106719983,0.11184365661471414,0.0508333333335031,0.0659809609801317,2.27423691720392,28.05,0.052186975642386384,0.06701739137014566,2.019102821079731,28.0
170,synthetic_planning_reference_v4,low,0.5587163463431554,0.12040438349922013,0.052500000000191,0.075140414783775,2.77603036726188,26.15,0.05400770367822914,0.08311813514333598,2.7205360372374545,25.55
171,synthetic_planning_reference_v4,mild,0.4440255873678786,0.5385505257630726,0.048333333333494,0.0582035537768905,3.32195851305996,29.1,0.05631666055778245,0.07222121384662991,3.6919234941830985,31.150000000000002
172,synthetic_planning_reference_v4,low,0.3966806129216532,0.14795774326543548,0.0391666666667788,0.070054428615383,3.43938638121388,27.2,0.0407849707770715,0.07664606968394898,3.626502203431427,27.200000000000003
173,synthetic_planning_reference_v4,moderate,0.2613357710047917,0.7701420347152893,0.0383333333334576,0.0678788134807937,2.99904147470413,27.9,0.043528507783129576,0.09650081568496746,3.2471538939908995,29.5
174,synthetic_planning_reference_v4,low,0.31326520632072785,0.1264875783510629,0.0450000000001637,0.0594812393878863,2.55203814577555,28.55,0.04310180338603343,0.058598856721298616,2.484496351267491,28.6
175,synthetic_planning_reference_v4,moderate,0.26748376521304,1.366751868385002,0.0375000000001819,0.0591070461528401,3.18483695224288,28.8,0.05601247093168427,0.08861070906763321,3.5627917509080516,31.55
176,synthetic_planning_reference_v4,mild,0.30366549158264117,0.5190144190251081,0.0325000000000728,0.0772216589288665,2.75721148658872,28.85,0.031892811225006756,0.08774318557663588,2.783175073764447,29.950000000000003
177,synthetic_planning_reference_v4,mild,0.6415745089986185,0.6858722394696491,0.0533333333335122,0.0998440393211243,2.73069612656974,29.9,0.06473494614409561,0.12439630817286794,3.062830976539529,32.300000000000004
178,synthetic_planning_reference_v4,low,0.7209188091673816,0.10350062157585091,0.0683333333335213,0.067633982681227,2.78357854662687,28.8,0.07349445333291468,0.06813622927671155,2.7571767100979327,29.05
179,synthetic_planning_reference_v4,mild,0.5013688550850521,0.6871597459817694,0.060833333333494,0.0698957992040272,2.91464652404433,29.2,0.07185745506839769,0.07763988404599964,3.10291574915173,30.650000000000002
180,synthetic_planning_reference_v4,severe,0.6767590463478103,3.174680656626374,0.0583333333335759,0.0807041247475728,3.48056637657102,28.55,0.09654084918826596,0.1414228556913568,4.393456036620213,36.2
181,synthetic_planning_reference_v4,moderate,0.26019579462730824,0.8457618804137016,0.0308333333334758,0.0864413555892922,3.15688337607451,29.05,0.03727662720387695,0.11628310556457268,3.5828993497947192,31.55
182,synthetic_planning_reference_v4,low,0.793813999075352,0.18606924430461752,0.0725000000002638,0.0748089748372882,2.72137326490173,28.85,0.08070714647089205,0.08411159528468119,2.648008741086233,29.3
183,synthetic_planning_reference_v4,low,0.600525653165217,0.08605667894633114,0.0516666666668243,0.089559732771174,2.96728666950669,29.2,0.05559736035812085,0.10349560230271004,2.907704493280013,29.3
184,synthetic_planning_reference_v4,moderate,0.8906624045683919,2.478637335855411,0.0600000000002183,0.0884865862951268,3.67141949449295,28.7,0.08478323108734037,0.14730157966581026,4.476451643553928,35.15
185,synthetic_planning_reference_v4,low,0.3851068915101537,0.07198748602469182,0.0466666666668971,0.0853531671469569,3.23850584284038,29.25,0.046532520265506014,0.09276741696847893,3.3820125859662196,29.75
186,synthetic_planning_reference_v4,severe,0.740513761245713,3.3005927965326056,0.0408333333334667,0.0838663947074656,3.43440456105133,29.4,0.05533635493932666,0.11658225390428187,4.464894409090779,38.800000000000004
187,synthetic_planning_reference_v4,low,0.33348515741524154,0.128500291146884,0.052500000000191,0.0821465754184119,3.08544768096016,28.5,0.056569382335031476,0.08969785696768967,3.1142372551572857,28.900000000000002
188,synthetic_planning_reference_v4,moderate,0.641354763456226,1.987642828023268,0.0458333333335304,0.0739939677676302,3.31424604313349,29.45,0.05981968752099919,0.11869998927116908,4.2257888314795515,34.550000000000004
189,synthetic_planning_reference_v4,mild,0.6856809788355052,1.1066121112460452,0.0666666666669244,0.0844589440664906,2.72968414137963,30.0,0.0844959038227038,0.12848515135690697,3.1920523356465993,34.2
190,synthetic_planning_reference_v4,low,0.41799065018661713,0.20393472450884298,0.0650000000002365,0.0632940159206423,2.76971136764147,28.6,0.07083831848644838,0.06283449002049929,2.700106271545571,29.3
191,synthetic_planning_reference_v4,mild,0.4298084441785448,0.7472811509836835,0.0508333333335941,0.0759003962054255,3.47168977471109,29.3,0.05764274732932196,0.10341414533789264,4.15305421032541,31.55
192,synthetic_planning_reference_v4,low,0.48998699368197707,0.092291816736639,0.0625000000002729,0.0840740320264368,3.07582028452328,28.45,0.06860263594989807,0.09068784733717318,3.166310375776281,28.25
193,synthetic_planning_reference_v4,low,0.2908315870559354,0.1329648485261235,0.0300000000000637,0.0515299196275349,2.74474822498185,30.05,0.024434098002927163,0.04835569475502072,2.6729186669675933,30.650000000000002
194,synthetic_planning_reference_v4,low,0.5165785604089543,0.11971660722404372,0.0450000000002547,0.0921635376407473,2.88082728570632,29.2,0.045734793444475265,0.10955140485147795,2.8922760248354757,29.55
195,synthetic_planning_reference_v4,low,0.2608357796798868,0.07666013303819649,0.0425000000001091,0.0500790293243149,2.99320529169834,28.45,0.04165494874111485,0.04352823956933119,3.082679729423928,28.6
196,synthetic_planning_reference_v4,moderate,0.576774008465459,1.0054597234177984,0.0566666666668425,0.0785220460317645,3.14952351889481,29.35,0.06178508892789638,0.10057963552147545,3.7796985888431274,31.85
197,synthetic_planning_reference_v4,low,0.7104101234931873,0.07480972287957431,0.0625000000002274,0.0832970480948928,2.81378727302689,28.55,0.06622911691371189,0.09153740694128071,2.8183297644901515,28.75
198,synthetic_planning_reference_v4,mild,0.38057046784094145,0.4917247829030958,0.0475000000002183,0.0742843164123918,3.0579248492363,28.8,0.05214416963892745,0.09687349327381929,3.245808378221146,30.200000000000003
199,synthetic_planning_reference_v4,moderate,0.28994027283002966,1.4321778403936452,0.0508333333335486,0.0642676551127522,3.07394492243411,26.6,0.06775164523721634,0.10086725893826173,3.859220735912495,30.1
200,synthetic_planning_reference_v4,low,0.2794823957950758,0.10796227526890845,0.0458333333335759,0.0725032621015612,2.69192367469279,28.8,0.045383997215082475,0.07643981986394076,2.6079189306235655,29.200000000000003
201,synthetic_planning_reference_v4,severe,0.5209647792765673,3.9993381989663255,0.0575000000001637,0.0683047238867379,2.97463942055959,29.3,0.10040289429449256,0.14595627687997656,4.4255773433259415,37.4
202,synthetic_planning_reference_v4,low,0.7506728930032447,0.07415822542822183,0.0658333333335577,0.0808428435559937,3.06506951222909,28.95,0.07585246180449164,0.08919281780468828,3.0838458662566715,29.0
203,synthetic_planning_reference_v4,low,0.3304617614145075,0.06959726992855075,0.0558333333335668,0.0556589698148813,2.82667170328622,29.25,0.05753857787011594,0.05404722006755065,2.7521794020592636,29.6
204,synthetic_planning_reference_v4,mild,0.731640932021119,1.0175606668361543,0.0575000000002547,0.0746337379645386,3.08499362711532,29.75,0.07470388797280195,0.13171911254009921,3.6753535557651666,31.400000000000002
205,synthetic_planning_reference_v4,low,0.7341067286768485,0.1438993738013966,0.063333333333685,0.0700978163879875,2.99254844332566,28.6,0.06934260300043703,0.07301252725928752,3.0757864804300885,29.0
206,synthetic_planning_reference_v4,mild,0.4690674987961332,0.7214613570535963,0.0408333333334212,0.0658821351639157,2.42731125650268,30.45,0.04535113508798577,0.0814906740752848,2.4385677612868473,33.15
207,synthetic_planning_reference_v4,low,0.7030029958320271,0.11394831445432338,0.0683333333335213,0.0786218746763229,2.80585714174233,29.85,0.0726217127714099,0.08876150234135166,2.7961948664259575,30.25
208,synthetic_planning_reference_v4,low,0.8169461354051046,0.15242072872111356,0.0600000000002183,0.074508598147475,2.85603651803609,30.1,0.05956967488973438,0.08067316711134201,2.8588831206715772,31.05
209,synthetic_planning_reference_v4,moderate,0.5272282678779979,1.2110795826929555,0.0558333333335668,0.0718027326646229,2.67108484615641,29.05,0.07574851203137246,0.1159874546234085,3.070274566913405,32.85
210,synthetic_planning_reference_v4,mild,0.7011928178160948,1.1145041611675257,0.0508333333335031,0.0906910579927898,3.24834925189225,30.3,0.06571960507315452,0.11995852797580335,3.935994968784197,33.95
211,synthetic_planning_reference_v4,moderate,0.20689512839648694,2.2270122924063442,0.0258333333335486,0.0678967861830807,3.20154293071616,28.6,0.055686720103338756,0.12204049821113347,4.109455365152744,33.050000000000004
212,synthetic_planning_reference_v4,moderate,0.6082847127086978,1.0145611087096078,0.0666666666668789,0.0781353828505969,2.93953508562705,28.3,0.07651963301026966,0.10818742245356774,3.2246086377480676,30.400000000000002
213,synthetic_planning_reference_v4,moderate,0.8643004380108821,2.4653234064873164,0.0783333333336032,0.0855520885326193,3.05626658847809,29.9,0.13314927535993284,0.1417755219092957,4.257013131354358,37.15
214,synthetic_planning_reference_v4,low,0.3410404414680054,0.08300148330597963,0.0516666666668698,0.0722470659392486,3.01088498049616,29.75,0.05182119830360619,0.0751862905173041,3.0681202669147645,30.25
215,synthetic_planning_reference_v4,moderate,0.7142551905112354,1.7114629932753387,0.0491666666668607,0.0693480406751075,2.70051660735323,28.6,0.068772997706593,0.11437399125477239,3.348985209215605,33.25
216,synthetic_planning_reference_v4,low,0.43832597064828943,0.09573280588558974,0.0475000000001728,0.0917917550102138,2.81344957085717,27.85,0.04891641565392226,0.10142710287717978,2.8260956955308147,27.75
217,synthetic_planning_reference_v4,low,0.6926930251434202,0.08742879269616975,0.0616666666668607,0.0803645596872893,3.28974676338528,29.7,0.06417622288712427,0.09076573249055,3.4022423304522706,29.950000000000003
218,synthetic_planning_reference_v4,mild,0.43157012671446365,0.8165375854435248,0.0516666666669607,0.0597967728477926,2.94938084140265,29.25,0.058546102816283904,0.07648839122343584,3.3015131769492916,31.200000000000003
219,synthetic_planning_reference_v4,mild,0.8111490990416829,0.44591067396554346,0.0708333333336213,0.0717519010044368,3.18576276042253,28.9,0.07874110247515581,0.09435129224897644,3.4411786261243655,30.0
220,synthetic_planning_reference_v4,mild,0.7051372396013202,0.7538568408130681,0.048333333333494,0.0804385270074911,3.01630577702242,29.0,0.05376977015790615,0.09342055449251539,3.434460883140999,31.35
221,synthetic_planning_reference_v4,low,0.5070446255612309,0.16837055438833592,0.0391666666667334,0.0797444653785431,3.24193055354029,28.55,0.03867792642514659,0.09117826527986259,3.4930869650489385,29.1
222,synthetic_planning_reference_v4,mild,0.37314040542552546,0.45005078880391625,0.0308333333333849,0.0784326010730247,2.70856146879908,27.6,0.03034228912247899,0.09721060974446029,2.777102880716159,28.3
223,synthetic_planning_reference_v4,mild,0.31708413237206645,0.555932480808563,0.0450000000002547,0.0547154983072864,3.18584802181914,28.45,0.0466573033004944,0.0577353688303541,3.478688016070311,29.35
224,synthetic_planning_reference_v4,mild,0.2077367638776314,1.146074400223942,0.0333333333334394,0.0625265828221229,2.8061227184623,29.0,0.037067038678410914,0.10551899626038494,3.323102086546682,31.650000000000002
225,synthetic_planning_reference_v4,moderate,0.3698718620267063,1.3542577432010308,0.0458333333334849,0.0715125629841253,2.3781961957046,28.2,0.06332660029284945,0.11483735479446139,2.4916686705609847,31.0
226,synthetic_planning_reference_v4,mild,0.8150400500120217,1.4562170846966322,0.0700000000002547,0.0844412956019903,3.30823325724367,29.2,0.0905528125547426,0.11502242293187089,4.009527034479375,32.2
227,synthetic_planning_reference_v4,mild,0.14007022735856847,0.8257670196678475,0.0333333333334849,0.0447846685737999,3.29107715583123,28.45,0.038059934598869666,0.048101870779283476,3.7013785770041054,30.150000000000002
228,synthetic_planning_reference_v4,low,0.31724843305296824,0.08595212378704972,0.0458333333337123,0.0854338412525068,2.87985796278546,26.85,0.04902700988532942,0.09299742384094252,2.792662926909613,26.5
229,synthetic_planning_reference_v4,low,0.6718392998444396,0.11941308439454695,0.0458333333335759,0.0832559244751502,3.03837395473864,29.5,0.04553727526549218,0.09396030557901155,3.1222883801479173,30.1
230,synthetic_planning_reference_v4,mild,0.5990103268438646,0.7090276659047422,0.0458333333334849,0.0642233785646525,2.94085015595445,28.75,0.05394646527704597,0.07538599331011908,3.196990602379902,30.400000000000002
231,synthetic_planning_reference_v4,low,0.3634325768556074,0.17066424259649546,0.0283333333334667,0.045908366229128,2.83821679724304,28.75,0.029091421627910077,0.03979809599009633,2.890131965707891,29.150000000000002
232,synthetic_planning_reference_v4,low,0.48263375245713735,0.09989123580526202,0.042500000000291,0.0619840903126205,3.7149238407602,30.4,0.04193856271332337,0.06324089204172428,4.047697560794124,30.950000000000003
233,synthetic_planning_reference_v4,low,0.7192242528937766,0.2104720122393941,0.0633333333335941,0.0708242531462715,3.02955382432443,29.65,0.07184688701476707,0.07935772509843707,3.0946185664880805,30.400000000000002
234,synthetic_planning_reference_v4,mild,0.29389932978680405,0.29354058116116394,0.0350000000001273,0.0502868257851988,2.89492800736284,29.55,0.03486791481440513,0.0498208401567808,2.973582733535155,30.200000000000003
235,synthetic_planning_reference_v4,severe,0.23168308156722905,2.39700240079275,0.0441666666667516,0.0710064394963392,3.19236443688807,29.6,0.05929598396882813,0.12576910873306943,4.065128999179437,36.85
236,synthetic_planning_reference_v4,low,0.36313512507054746,0.06493531231397719,0.0491666666667243,0.0636476515345697,3.15971723783004,29.35,0.050316780756237627,0.06082947346851596,3.2724076178190247,29.6
237,synthetic_planning_reference_v4,low,0.5116313115060548,0.1368674377528046,0.060833333333585,0.0692593767188805,2.61375389199014,29.85,0.06563748823155022,0.07195252462885772,2.5074917630700257,30.5
238,synthetic_planning_reference_v4,mild,0.35073411859341247,0.6673646640132244,0.0325000000001182,0.0789036386464012,3.27102006182173,27.9,0.03482428746891377,0.10612266816643731,3.5635120539558836,29.900000000000002
239,synthetic_planning_reference_v4,mild,0.34035779577922115,0.6116117301571725,0.0366666666668152,0.0656693728511231,2.98002835590322,28.85,0.03857951063382886,0.07494790530024634,3.3698228095323093,30.75
240,synthetic_planning_reference_v4,mild,0.5620773760336875,0.7236451005847734,0.048333333333494,0.0889265248113588,2.81709663039193,30.25,0.05684408448823274,0.10650957024847031,2.965995237147711,33.25
241,synthetic_planning_reference_v4,low,0.4684608768431855,0.09421851292306914,0.0525000000002819,0.0739880201186939,2.7984166054063,29.85,0.0528761125296079,0.08186555929614504,2.790899468274515,30.35
242,synthetic_planning_reference_v4,mild,0.41313461010720043,0.7836874409565675,0.0383333333335486,0.0996253819761702,2.67810710618784,29.05,0.04831845435489438,0.12925312720938045,2.9265280746973215,31.400000000000002
243,synthetic_planning_reference_v4,mild,0.21322988355853556,0.8699424345779901,0.0533333333335122,0.0781560704762827,2.91788662132946,29.2,0.06488625416967672,0.11553485005698358,3.0900290853674823,31.5
244,synthetic_planning_reference_v4,mild,0.595059774829163,0.5192909499109847,0.0533333333335577,0.0695977019936068,3.25747570647264,29.75,0.06068428412278361,0.08585074540030993,3.694600734745389,31.5
245,synthetic_planning_reference_v4,mild,0.7538872923581774,0.9540677439964879,0.0741666666669516,0.0652113971905653,3.22050991005994,29.4,0.08415780912718285,0.09192219164009947,3.965660454965268,31.450000000000003
246,synthetic_planning_reference_v4,moderate,0.7901249297148714,3.0311823490838616,0.0625000000001819,0.0635330827182824,3.47042309237686,27.85,0.10776005953397527,0.11045484007894031,4.448244285758013,38.45
247,synthetic_planning_reference_v4,severe,0.36580877597740785,2.7835933436568303,0.0550000000001546,0.0587740787729398,2.95251785050147,28.4,0.09136610197452134,0.12261508029675977,4.102647616343415,35.2
248,synthetic_planning_reference_v4,low,0.2231866864732672,0.06838196217667017,0.0350000000001273,0.0532768414802582,2.79512114892571,27.4,0.0318635854363602,0.04869188829049868,2.662299896335514,27.0
249,synthetic_planning_reference_v4,low,0.4014035811046468,0.06809253303114354,0.0616666666668607,0.0561035948016932,2.80027751915286,29.85,0.06449975388559705,0.04924111452619433,2.7549779362340954,30.700000000000003
250,synthetic_planning_reference_v4,mild,0.33138883029377125,2.043046085972955,0.0450000000001637,0.0574265655700959,3.19853574506811,28.75,0.05902557257234782,0.10047885994636156,4.156508561786382,33.800000000000004
251,synthetic_planning_reference_v4,low,0.42321182146039443,0.21626756223985413,0.0483333333335395,0.0625506579260887,2.74754518830601,27.7,0.051060885664241336,0.06385292049391171,2.8060578245809573,27.8
252,synthetic_planning_reference_v4,mild,0.8031893006168033,1.0887544078744658,0.0658333333335122,0.0750315831646331,3.23514085203145,29.8,0.07561360620258513,0.11397297786574327,3.6781992628506104,32.45
253,synthetic_planning_reference_v4,mild,0.30238395313817334,0.2395471933212466,0.0450000000001637,0.0768663182102145,3.09970303079524,27.6,0.04507938852762698,0.08761394056814895,3.1475516638719374,27.700000000000003
254,synthetic_planning_reference_v4,mild,0.43989900340059085,0.48790853341472656,0.052500000000191,0.0769390329475762,2.2792983191343,28.45,0.05620923196244366,0.09128720106917597,2.220418417278834,29.35
255,synthetic_planning_reference_v4,low,0.3980744896541896,0.0774362494735977,0.0500000000001819,0.0668546126860979,2.9269596494315,27.8,0.0519932797060601,0.0677905753259915,2.9709803744656984,27.700000000000003
256,synthetic_planning_reference_v4,moderate,0.5107873645168246,1.1057800582909154,0.0583333333335304,0.0661605426404144,3.08469352102418,28.55,0.07550583980695055,0.09114925311833376,3.8144737632261725,31.200000000000003
257,synthetic_planning_reference_v4,moderate,0.4738972567062819,2.630840592597269,0.0291666666668334,0.070621838715785,3.0230154700005,28.8,0.04347661926380722,0.13663744909559916,3.981991069228989,34.65
258,synthetic_planning_reference_v4,low,0.4916578240179419,0.1403247407354053,0.0383333333335031,0.0579027045994201,3.00559331401563,30.0,0.038903514712808826,0.05664961016873219,3.074660209120002,30.75
259,synthetic_planning_reference_v4,low,0.6340154663446499,0.08255896307636959,0.0575000000002547,0.0700196138002255,2.96589549315339,28.7,0.0604650716378542,0.07043416656104529,2.99438643828379,29.1
260,synthetic_planning_reference_v4,severe,0.5992517647478981,1.7365796244739211,0.0483333333335395,0.0619329935210523,3.48207146149046,29.1,0.07060386078700075,0.12392217472352852,4.328561924829324,33.45
261,synthetic_planning_reference_v4,low,0.07766203746486304,0.07774675773805126,0.0291666666669698,0.062237722257802,2.87313716977105,29.25,0.025883303157485226,0.05959460759684189,2.7843674911466922,29.6
262,synthetic_planning_reference_v4,mild,0.48353969654741125,0.49132482965903324,0.0291666666668334,0.0675260448291852,3.20078317441022,29.7,0.028555665475656234,0.08424653909218056,3.5420408897052544,31.150000000000002
263,synthetic_planning_reference_v4,low,0.37834523443050194,0.07166382098659933,0.0333333333335304,0.0510895194431085,3.13038334890434,29.1,0.029285783622061957,0.04387678171565283,3.2073689758300024,29.5
264,synthetic_planning_reference_v4,low,0.5149478714601152,0.14207018568786114,0.0450000000001182,0.066597340907115,2.87230860776567,28.35,0.04431292301196848,0.06588109807224768,2.943702161958212,28.55
265,synthetic_planning_reference_v4,low,0.7339189621141102,0.1671755064293623,0.0500000000002274,0.073973873964118,3.18465739425948,29.6,0.04869168442606615,0.08190662756372082,3.28577630864144,30.400000000000002
266,synthetic_planning_reference_v4,mild,0.28565229715313367,0.48703421397209185,0.0308333333334758,0.0647400420375248,3.2459099784556,28.8,0.03277211223550042,0.07124497315010109,3.586255657593584,29.900000000000002
267,synthetic_planning_reference_v4,low,0.4604427023869679,0.16646465147169806,0.0416666666668334,0.0635609696931137,3.2650996792338,29.8,0.0395852493409299,0.06382154603847423,3.4509865804072315,30.6
268,synthetic_planning_reference_v4,low,0.40902259647521566,0.09049438899538344,0.0591666666668971,0.0590583289764774,3.32334107477834,29.25,0.06313045774193372,0.05730771902137858,3.4382943151733385,29.700000000000003
269,synthetic_planning_reference_v4,mild,0.8358705831247574,0.9871027124336115,0.0641666666668243,0.0901165361726876,3.64505340515304,28.6,0.07642813076547635,0.13739410322621204,4.093778865400132,30.650000000000002
270,synthetic_planning_reference_v4,low,0.6447235686076423,0.10598255034209828,0.0491666666668607,0.0810277847291975,3.02360667178734,29.75,0.05381401421777343,0.09394301284520994,3.12852414834459,30.400000000000002
271,synthetic_planning_reference_v4,low,0.5811752769958416,0.05787970316217179,0.0416666666668789,0.0788465954619042,2.98813395010676,27.85,0.04129431193912013,0.08473816329239747,2.9995468074241876,27.450000000000003
272,synthetic_planning_reference_v4,mild,0.22524744061856736,0.5839909922069444,0.0491666666668152,0.0673359889787789,2.68500759010724,29.0,0.05889787200406378,0.08737278606432475,2.8393012782480533,30.55
273,synthetic_planning_reference_v4,low,0.6813319977378991,0.1764047223908648,0.0575000000001637,0.0827340226883049,2.83510202490831,29.1,0.06014409848477327,0.08976075715780994,2.871546827287834,29.6
274,synthetic_planning_reference_v4,mild,0.5187729131226471,0.5657458851645996,0.0475000000002183,0.0729859570170077,2.74783882657657,29.45,0.051290709536042124,0.10045054247893917,2.8126017968028694,31.05
275,synthetic_planning_reference_v4,low,0.8987244303843801,0.28851544253339667,0.0650000000002365,0.0999600839768389,2.63962166026694,29.1,0.06980426623238989,0.11451193871673337,2.6015879395960937,29.5
276,synthetic_planning_reference_v4,mild,0.5943693113602888,1.039642896114439,0.0466666666668516,0.0872526323275192,3.36566788992322,29.05,0.05238752586054417,0.14210060534839491,4.1229867000523095,31.85
277,synthetic_planning_reference_v4,mild,0.781086364456894,0.628589920616251,0.0666666666668334,0.097084207715469,2.86450991847848,27.45,0.07469236221068154,0.11916710742201411,3.0965664810000946,28.950000000000003
278,synthetic_planning_reference_v4,mild,0.46833485678332587,1.080040705582405,0.051666666666506,0.0699943692526277,2.93389406004496,28.95,0.05962266917398744,0.10921795381571199,3.4881774324760157,31.900000000000002
279,synthetic_planning_reference_v4,moderate,0.6093516990433263,1.714943036078575,0.0549999999991996,0.062823354524551,3.12898730271204,28.05,0.06828619600009914,0.11956884338366389,4.049051619703211,32.25
280,synthetic_planning_reference_v4,mild,0.7181852874919636,0.5741114476604554,0.0666666666656965,0.0721118580806195,2.48643511272164,26.9,0.07561977892167698,0.08899786957534843,2.516739239936359,28.3
281,synthetic_planning_reference_v4,mild,0.2875983092632079,0.8908357206648666,0.0374999999994543,0.0710016516746626,2.76266967470949,29.35,0.044585058955285195,0.10285463208226085,2.880564566097774,32.35
282,synthetic_planning_reference_v4,mild,0.4581296824222404,0.5588369532305881,0.0433333333327027,0.0584733902028412,2.94883744694239,27.9,0.04588853241976688,0.08535411486036042,3.2207430908483143,28.700000000000003
283,synthetic_planning_reference_v4,moderate,0.340083649721584,1.446589913240968,0.0383333333327755,0.0652756911367087,3.15810098774362,29.65,0.05558084083156232,0.1315078883769544,3.7073417978154213,33.050000000000004
284,synthetic_planning_reference_v4,mild,0.5901314109749575,0.5220837125746248,0.0391666666660967,0.0931757306030589,2.72461174787263,29.75,0.04047355918665164,0.12348533566574925,2.8354092469576093,31.05
285,synthetic_planning_reference_v4,moderate,0.8594082291076479,1.3696993585385846,0.0783333333321934,0.0957809123994379,2.56803079981558,29.0,0.10087252802759854,0.12468256306454631,2.7917684157289115,32.15
286,synthetic_planning_reference_v4,severe,0.13388704831353515,1.2244796244551268,0.0341666666661695,0.0627150164834551,2.66763682614427,29.15,0.03776764793200911,0.11532328176084301,3.067390201095824,31.5
287,synthetic_planning_reference_v4,low,0.3867342077905581,0.14038114233043197,0.0299999999995634,0.0632769909668168,2.62343085555673,29.65,0.028392196812875796,0.06431754827949898,2.5417916289220646,30.05
288,synthetic_planning_reference_v4,low,0.7773002212478124,0.10734510061466246,0.0533333333325572,0.0843556165122053,3.3792486757047,29.2,0.053494610583894986,0.092208050342256,3.5095165176051717,29.35
289,synthetic_planning_reference_v4,moderate,0.41301415290040316,1.193236630663794,0.0466666666659876,0.0649301456206005,2.98807075620096,29.0,0.051102431340915,0.08121561573752552,3.5295609519493083,32.85
290,synthetic_planning_reference_v4,low,0.6516827264816227,0.10719763434856656,0.0533333333325572,0.0720777403627757,3.35475416059474,29.2,0.056613999107118756,0.07600024099500438,3.52424869757848,29.5
291,synthetic_planning_reference_v4,mild,0.3401409546172252,0.6564211887036299,0.0374999999994543,0.0502938108275368,2.94446045512908,27.7,0.04347003098098696,0.06600410648737015,3.116501410658101,28.950000000000003
292,synthetic_planning_reference_v4,mild,0.2621751016451832,0.560817744331956,0.04833333333263,0.0620974014903405,2.92197818494039,27.7,0.05324509569768708,0.0941250150243121,3.0478446788231817,29.200000000000003
293,synthetic_planning_reference_v4,mild,0.24365972273694658,0.5536399490278385,0.0599999999991269,0.0725914049364193,2.79813258315181,28.0,0.07077170956277871,0.08130275173477576,3.006093380726472,29.55
294,synthetic_planning_reference_v4,low,0.5182079623103062,0.19943245655426664,0.0666666666656965,0.0725902864408508,2.62107379987048,28.55,0.07143766492100986,0.08383214571882595,2.502315196565109,28.8
295,synthetic_planning_reference_v4,moderate,0.7376714183918774,2.1827458416757834,0.0633333333324117,0.0820828080004833,2.92385176028754,26.45,0.08495287864673812,0.145572633184298,4.031612461308879,33.1
296,synthetic_planning_reference_v4,moderate,0.7607578410865835,2.019454315612565,0.0474999999993088,0.0800569080453631,3.34475698226119,29.7,0.059134107589566845,0.11225588208447594,4.267182723089304,36.300000000000004
297,synthetic_planning_reference_v4,mild,0.48953245257506384,0.37644871574016253,0.0491666666659512,0.0544654662111792,3.02782783826316,29.3,0.05125029328142458,0.06702134669442017,3.2113922499098235,30.35
298,synthetic_planning_reference_v4,low,0.7112899789017356,0.11376743798198286,0.052499999999236,0.0733538564759937,3.32076433371014,29.6,0.05459949211341175,0.07696754367588864,3.474435501067795,30.450000000000003
299,synthetic_planning_reference_v4,moderate,0.5673150594119554,1.9560042948806216,0.0458333333326664,0.088191633719725,3.13038337668424,29.2,0.072260235197518,0.14030398504049976,3.5102154719207923,33.75
300,synthetic_planning_reference_v4,low,0.5106244270398564,0.24568382444816064,0.0466666666659876,0.0769683422330718,2.41064053739295,28.8,0.04780142511759037,0.08006222134368471,2.247494612376871,29.6
301,synthetic_planning_reference_v4,moderate,0.2578868109227258,1.1099984369049845,0.044166666666024,0.0709420771150914,3.24538809727955,28.5,0.05194320442597692,0.1153277013064645,3.7107274211230767,31.6
302,synthetic_planning_reference_v4,low,0.35700626130403895,0.07681687841154085,0.0466666666659876,0.0599764039914158,3.14042562697563,28.6,0.04534696486730072,0.05879026753469818,3.161175924059804,28.650000000000002
303,synthetic_planning_reference_v4,mild,0.44303991932901715,0.686227340820258,0.0533333333325572,0.0548299397802735,3.01982876604332,29.95,0.0646459472524928,0.05665690956913259,3.3323620475044393,32.35
304,synthetic_planning_reference_v4,moderate,0.5508958237904286,1.4527118577979587,0.0374999999994543,0.0717079250301482,2.72233943630405,29.9,0.05372862812714408,0.1160110295529977,3.3224168956734577,34.300000000000004
305,synthetic_planning_reference_v4,low,0.13350447830891762,0.11610931173212481,0.0374999999994543,0.0722788111190309,2.50478521689866,27.45,0.03759796104480591,0.07542395000203433,2.4036347631543054,27.1
306,synthetic_planning_reference_v4,mild,0.6551317391880049,0.8044936394597006,0.0799999999988358,0.0604960295830704,2.98095761233368,29.0,0.09406022171330121,0.07009578368674295,3.3460078943962697,31.25
307,synthetic_planning_reference_v4,mild,0.29210125115653485,0.3685339646327089,0.044166666666024,0.0551413432199514,2.90742189977596,29.15,0.045911324381693194,0.06584722544989861,2.9791199276853573,30.35
308,synthetic_planning_reference_v4,moderate,0.7406752439281449,3.2756578061136463,0.0674999999990177,0.0587179547575727,2.86747765258476,30.25,0.10332361614597774,0.14194914922755508,4.202872639194026,39.95
309,synthetic_planning_reference_v4,mild,0.22706810184425288,0.6986089175377821,0.0291666666662422,0.0560780797994493,3.19251553618411,28.55,0.030333076009004534,0.056824033129252105,3.6136771015781357,30.35
310,synthetic_planning_reference_v4,low,0.5486068389997907,0.2947150830074797,0.0433333333327027,0.0714487512845545,2.90219528880333,29.15,0.044171668215981834,0.07923571010236598,2.892539586333354,29.85
311,synthetic_planning_reference_v4,mild,0.8296924629928072,0.6685128108129271,0.0774999999988722,0.0755886245175794,3.11540902871839,29.4,0.08792611687275254,0.09453448788287569,3.470657697689258,31.1
312,synthetic_planning_reference_v4,low,0.36792932918960136,0.11567136769102326,0.0466666666659876,0.0779009008986268,3.00614184228253,28.1,0.04919088107019108,0.0850042698973737,3.0273949004444365,28.3
313,synthetic_planning_reference_v4,moderate,0.39357048522920685,1.2861252678736455,0.044166666666024,0.0791478613968956,3.21985936151284,28.5,0.06221408176634779,0.1293124949609776,3.5851800249330883,31.25
314,synthetic_planning_reference_v4,mild,0.7228861533811061,0.9077271236080837,0.052499999999236,0.0775289401441266,3.44891286196905,29.65,0.058958654166911956,0.08873608532038889,3.9676242678039535,32.1
315,synthetic_planning_reference_v4,low,0.7808310413836738,0.18140514353771292,0.0641666666657329,0.0747482581074909,3.23749723559634,26.85,0.07239215191904652,0.08090811163154325,3.474635679858297,26.85
316,synthetic_planning_reference_v4,mild,0.2482117983243891,0.8211545255611277,0.0458333333326664,0.0696159226036691,2.53097006881878,28.2,0.048647608219133005,0.09985026957571003,2.524872078225672,30.5
317,synthetic_planning_reference_v4,moderate,0.29190068257874674,1.538079310983698,0.0549999999991996,0.0602785906536248,2.74803882950762,26.25,0.0754884885708309,0.09417375488458712,3.3851822943680743,30.0
318,synthetic_planning_reference_v4,low,0.45808952647916684,0.08015803506857094,0.0399999999994179,0.0764125755099878,2.88473012291298,28.45,0.04161654908867661,0.08170163022657195,2.9240997691262236,28.55
319,synthetic_planning_reference_v4,moderate,0.551302742785295,1.0345074340715836,0.0549999999991996,0.0744124641728988,2.66729674159152,28.65,0.07608330524516042,0.10772886455759886,2.94429391465139,31.5
320,synthetic_planning_reference_v4,mild,0.2617242621838826,0.4866136159607344,0.0466666666659876,0.0638212676853659,2.97207076208518,28.25,0.05360290709224739,0.0795261054756855,3.1291542543999773,29.25
321,synthetic_planning_reference_v4,moderate,0.5636214456667911,1.1568565580696357,0.0499999999992724,0.0822696903196685,3.69155148712761,28.25,0.06070053751944189,0.10741062299055096,4.2231817302066235,31.5
322,synthetic_planning_reference_v4,low,0.5817248562532971,0.3063128293620141,0.0591666666658057,0.0709443496422502,3.46008418786227,29.1,0.06907128239340031,0.07723538598976949,3.7612526311806787,30.0
323,synthetic_planning_reference_v4,moderate,0.6651000218625565,1.6902001208441488,0.0674999999990177,0.0716598001838388,3.07009855074896,29.6,0.0893885024614886,0.13178621790575717,3.4847501845677846,35.25
324,synthetic_planning_reference_v4,low,0.711298181391264,0.13189984157864504,0.0508333333325936,0.0867942052852884,2.86411722832775,28.9,0.051591119744437426,0.09429859357324587,2.923190047356433,29.05
325,synthetic_planning_reference_v4,mild,0.434353454596452,0.5447951805958872,0.0508333333325936,0.0742173725590833,2.77087445828822,29.6,0.06055532685820726,0.08489948790131416,2.9149917593203263,31.8
326,synthetic_planning_reference_v4,mild,0.7541613625284775,1.1880784151862636,0.068333333332339,0.0676941159691798,3.57264323606949,27.65,0.08419883698150335,0.13498160634944467,4.190518572308254,30.75
327,synthetic_planning_reference_v4,moderate,0.294426006343941,2.323161209821863,0.0616666666657693,0.0609344769146424,2.78627446373317,30.0,0.08421289317261964,0.12818555250629277,4.10291333643666,35.9
328,synthetic_planning_reference_v4,mild,0.46717773523553596,0.6311490598702658,0.044166666666024,0.0599417503581765,3.11917983194382,28.85,0.0504559513459438,0.07988356659118218,3.3419605116584448,30.3
329,synthetic_planning_reference_v4,low,0.5865949503307751,0.23584305839209643,0.0541666666658784,0.0770270364970006,2.76392193768921,27.7,0.05618297787008834,0.08935012018904553,2.6895213763616423,27.950000000000003
330,synthetic_planning_reference_v4,low,0.39835757595564525,0.08065305284776006,0.0474999999993088,0.0767541548732932,3.03061164449506,27.9,0.04497907450734572,0.08549397793633554,2.9986642838066944,27.900000000000002
331,synthetic_planning_reference_v4,mild,0.6690229945460395,0.564736087611171,0.0733333333322662,0.0647201506011825,3.23336440325413,29.95,0.09254256834069476,0.07319823012770321,3.4731202225433373,32.2
332,synthetic_planning_reference_v4,low,0.36052800906311333,0.09768439765398292,0.0308333333328846,0.0526348816195993,3.09894163326688,28.4,0.02764249722208322,0.04569886022717038,3.189797715191109,28.650000000000002
333,synthetic_planning_reference_v4,low,0.20080391110792106,0.0983592199051515,0.0408333333327391,0.0547737183077759,3.51165397683183,28.6,0.03917821486661497,0.04682283461701437,3.683115794295156,28.700000000000003
334,synthetic_planning_reference_v4,low,0.21382089769179624,0.24983732302417094,0.0366666666661331,0.0662925152469676,3.2939568933724,28.6,0.03705878640550135,0.07667008431651237,3.6195732955308473,29.25
335,synthetic_planning_reference_v4,low,0.5157705703414509,0.14818729534670977,0.0458333333326664,0.0470731087110394,3.04711156158005,28.9,0.04458078626354374,0.03827169837941028,3.1740693462018434,29.5
336,synthetic_planning_reference_v4,low,0.4495921094434629,0.19261725216211484,0.0691666666656602,0.0891627329836959,2.90306976066834,26.5,0.07658015691165646,0.10254032970914556,2.9216741093477103,26.400000000000002
337,synthetic_planning_reference_v4,low,0.45359965001378805,0.06085410192724819,0.0616666666657693,0.0750048310959319,2.64160893339175,29.8,0.0661785939002553,0.07795177360155639,2.5951526538350054,30.25
338,synthetic_planning_reference_v4,mild,0.4885899620510883,0.6268566011147865,0.0358333333328119,0.0590425468776969,3.14225943565287,28.7,0.040205234529185424,0.09566308479190141,3.472189114909649,30.5
339,synthetic_planning_reference_v4,moderate,0.6969353579289813,1.5231871230329528,0.0649999999990541,0.0796022468518214,2.79163432779278,29.8,0.08841329800223237,0.14158952712020642,3.1788570085650947,34.5
340,synthetic_planning_reference_v4,mild,0.5855828187431346,0.5365508811246867,0.0716666666656238,0.0690143652196239,2.76988984460363,27.9,0.08441815728960363,0.07465366142096863,3.056052480320448,28.8
341,synthetic_planning_reference_v4,low,0.5705106415396999,0.17947150917981883,0.0558333333325209,0.0841025177145978,3.10207642099742,29.1,0.05616208097031435,0.09712789645093624,3.309568467540003,29.400000000000002
342,synthetic_planning_reference_v4,low,0.28502120447157653,0.07829493849293001,0.0449999999993452,0.0559368165383241,2.93454406318946,28.9,0.04369960719637561,0.055100520998347335,2.9092863103882034,29.05
343,synthetic_planning_reference_v4,mild,0.7962706156459495,1.163508201359304,0.0733333333322662,0.0870381477773614,3.15249084633477,27.95,0.09217884930266868,0.12331517671822986,3.500337641320393,29.6
344,synthetic_planning_reference_v4,low,0.7132836518998668,0.11942824121368203,0.0649999999990541,0.0874817506018315,2.92390075410024,27.7,0.06994141396023512,0.10061819495165025,2.972264011651179,27.55
345,synthetic_planning_reference_v4,moderate,0.4761752643687054,1.8468586305710541,0.0541666666658784,0.0617225427628091,3.03753320551624,29.0,0.06661502053375863,0.1161181876139851,3.9506091817983613,33.7
346,synthetic_planning_reference_v4,mild,0.816941327883261,0.6136362510214611,0.0541666666658784,0.0848443762968446,3.33495384021749,28.55,0.06451106312108269,0.1096425501807946,3.7070585298139664,30.200000000000003
347,synthetic_planning_reference_v4,moderate,0.19093694865343622,0.9384834496835118,0.0508333333325936,0.0530561079833814,2.76489546128709,28.65,0.06079640283735233,0.06768253244168183,3.1800984035507365,30.8
348,synthetic_planning_reference_v4,low,0.35895398352084035,0.1095634881376113,0.0466666666659876,0.0741704086503246,2.92886356530997,28.95,0.047452371435332666,0.07940189177345687,2.972927489635328,29.3
349,synthetic_planning_reference_v4,mild,0.47843213109062194,1.0604898828874274,0.0383333333327755,0.0729604773494689,3.03512678692013,29.95,0.04464636676545304,0.11039775419374843,3.4478540225038783,33.7
350,synthetic_planning_reference_v4,low,0.15729639896518982,0.13459849768493126,0.0324999999995271,0.0605357477498396,3.09584098671901,28.65,0.029996251973155197,0.06085378179264849,3.2564422383968092,29.25
351,synthetic_planning_reference_v4,low,0.5064821562683034,0.1628624663421295,0.0499999999992724,0.0607952957099691,2.76296770700276,28.75,0.05001270186017184,0.0640310260590377,2.749813423726721,29.25
352,synthetic_planning_reference_v4,moderate,0.5570642101931875,1.22200341403125,0.068333333332339,0.0706016296965465,2.37071428643231,26.45,0.08292257853442923,0.10989526835093716,2.4812217285312053,28.05
353,synthetic_planning_reference_v4,low,0.4322022837779037,0.07878880931043393,0.0408333333327391,0.067635951451399,3.48617378442662,28.15,0.040571071473634444,0.07148466359739555,3.732906102111996,28.25
354,synthetic_planning_reference_v4,mild,0.3663559793704688,0.526173182955745,0.0566666666658421,0.07864658898556,2.30135367216575,27.55,0.05925987460298973,0.0910549762558836,2.31337701971331,28.450000000000003
355,synthetic_planning_reference_v4,severe,0.7530833766408046,3.048785662503742,0.0541666666658784,0.0985438692946857,2.70571331022222,29.1,0.08537612219722991,0.14463738810876586,3.9411761969546353,38.15
356,synthetic_planning_reference_v4,low,0.5252952350861917,0.15652352331263322,0.0458333333326664,0.0723663642164466,3.14666979892246,29.9,0.046870195728838444,0.07748439130987457,3.244035736438975,30.6
357,synthetic_planning_reference_v4,low,0.9120024492115977,0.1056173843948461,0.0633333333324117,0.0926189845663838,3.22399609915712,29.25,0.06795272864962022,0.10715435717759203,3.3470349281010185,29.700000000000003
358,synthetic_planning_reference_v4,mild,0.13175496025638045,0.45559638861949603,0.0333333333328483,0.0602633546604584,3.16762476619513,26.35,0.03531925895894795,0.07123321758673146,3.3871744511124025,26.400000000000002
359,synthetic_planning_reference_v4,moderate,0.9272825971172071,1.9890408260694823,0.0783333333321934,0.0987722740540449,2.82269566227848,29.45,0.11477780451896616,0.14241112801889158,3.382187487264422,33.35
360,synthetic_planning_reference_v4,mild,0.3381089899572169,0.4592858740383868,0.0308333333328846,0.0748638224532169,2.76424139941481,27.45,0.03300668203286629,0.09287282169209078,2.8007870050213777,28.200000000000003
361,synthetic_planning_reference_v4,low,0.4311704889610095,0.13214396028868755,0.0324999999995271,0.0941699799432451,3.13778031522987,29.8,0.03141068670469531,0.10329326585791812,3.297600125449777,30.5
362,synthetic_planning_reference_v4,moderate,0.6240998923686337,1.6837502171491776,0.0516666666659148,0.0840617681484205,2.92087182538037,28.85,0.06131949325784679,0.134558865631277,3.529049816965198,33.15
363,synthetic_planning_reference_v4,mild,0.2726138592247156,0.6717968046459825,0.0416666666660603,0.0823853668256529,3.02516591469674,26.0,0.04725162401104344,0.10618389480479551,3.243034874817223,26.75
364,synthetic_planning_reference_v4,low,0.5794980114487877,0.22718870625146717,0.0491666666659512,0.0702814932791694,2.98256637009013,29.85,0.05393685744504556,0.0759598564669285,3.049782361733307,30.650000000000002
365,synthetic_planning_reference_v4,low,0.7414243271195918,0.22999384966654657,0.0599999999991269,0.0879278057929715,3.2434101279885,28.15,0.06349062362552367,0.10972781461928056,3.4344925634647705,28.6
366,synthetic_planning_reference_v4,low,0.5119647449871738,0.13081407341112727,0.0499999999992724,0.0663970024883587,3.41084809625477,28.65,0.050429517215653356,0.07034461729454534,3.61169575260664,29.200000000000003
367,synthetic_planning_reference_v4,mild,0.7846320902317424,1.2155513780871225,0.0699999999989814,0.0842662725052688,2.69936147551217,27.25,0.08082903371165713,0.11512167336354798,2.7044168836741993,30.150000000000002
368,synthetic_planning_reference_v4,moderate,0.8465571428921579,1.501979519771435,0.0608333333324481,0.072490915626282,3.3183360745417,29.3,0.08370033436476779,0.11631831137950231,4.136735594814431,33.0
369,synthetic_planning_reference_v4,mild,0.14525466699115705,0.42315785207106393,0.04833333333263,0.0439618096374314,2.5818489906154,28.25,0.050713012576598555,0.05216391150019529,2.650645938760671,29.450000000000003
370,synthetic_planning_reference_v4,mild,0.5370085498938345,1.3041238079478266,0.0458333333326664,0.0765480346383518,3.17135869964749,30.0,0.05404599849940617,0.10637445784403556,3.702691313325718,34.1
371,synthetic_planning_reference_v4,mild,0.7227135951801613,0.756088529741393,0.0633333333324117,0.0700877707675542,3.29039652531479,27.2,0.07825326600607063,0.09195212315686953,3.6069865828146046,28.3
372,synthetic_planning_reference_v4,moderate,0.5163356180506999,1.4789514936435433,0.068333333332339,0.0638616151524345,3.03059708157374,29.3,0.08982341663442334,0.06846384224879636,3.459192056654456,32.5
373,synthetic_planning_reference_v4,low,0.480940823396973,0.08757598000447944,0.0466666666659876,0.0877051849923707,2.85080242071977,28.6,0.0464992725979099,0.10090207131797248,2.856769522416722,28.900000000000002
374,synthetic_planning_reference_v4,mild,0.2902757180994082,0.9789898918377282,0.0499999999992724,0.0751932130146213,2.60666032553196,29.85,0.05385017810211655,0.09919956664190889,2.7505720671234277,32.0
375,synthetic_planning_reference_v4,moderate,0.5719483331008077,1.1958052157819201,0.0599999999991269,0.0757159359510891,3.37635596205211,29.5,0.0764053446586756,0.10538331150947879,3.896320328816459,33.15
376,synthetic_planning_reference_v4,low,0.38762535914817586,0.13255392553167364,0.0466666666659876,0.0855390333704429,2.50751493897208,29.35,0.04702365675675316,0.0980772135548555,2.3256453968201134,29.6
377,synthetic_planning_reference_v4,low,0.1596702510825208,0.0569216424400541,0.0358333333328119,0.0517506225134481,3.05813026777765,26.85,0.034597822522158525,0.045488437345597106,3.0972037744569842,26.200000000000003
378,synthetic_planning_reference_v4,moderate,0.6553764718282994,1.6879473052592722,0.0433333333327027,0.079687510763047,3.14872587161878,28.55,0.05766644740667049,0.1443180911050262,3.7247898930913914,32.45
379,synthetic_planning_reference_v4,moderate,0.7047743507683208,2.055796488644262,0.0533333333325572,0.0631889734876177,3.14310690761182,29.85,0.06412454501145193,0.12285965900110653,3.8311881689052174,35.35
380,synthetic_planning_reference_v4,moderate,0.36548654832892835,0.9443039253456382,0.0466666666659876,0.0591401904085817,3.33629783464047,29.7,0.05588759023971869,0.08049847644772491,3.8002588855705084,33.0
381,synthetic_planning_reference_v4,low,0.8960239971086035,0.19816351852033254,0.0824999999987995,0.0825817442015842,3.2481027783945,28.6,0.09413945036514508,0.09000383339792452,3.3915200175180376,29.150000000000002
382,synthetic_planning_reference_v4,low,0.5650113599407592,0.12562594583659692,0.0366666666661331,0.0649440329227579,3.06127906586476,30.25,0.038429175677762946,0.06423032007251925,3.112193769749335,31.0
383,synthetic_planning_reference_v4,low,0.42748837555016167,0.1326233637121293,0.052499999999236,0.0626595082715299,3.02819238271366,30.1,0.05503437269608727,0.06080795985501438,3.1304385608317715,30.6
384,synthetic_planning_reference_v4,mild,0.2852714069161176,0.8684120076138746,0.0474999999993088,0.0510938639340349,2.8010451540776,29.35,0.05804280807750139,0.08359818717799987,3.2582846933256486,31.6
385,synthetic_planning_reference_v4,mild,0.6792008124679295,1.0112276242531555,0.0533333333325572,0.0793117425702738,2.78763734613135,28.5,0.0657389179823071,0.1137244852869531,3.149639039190111,31.400000000000002
386,synthetic_planning_reference_v4,mild,0.539921718473204,1.5869785917071955,0.0558333333325209,0.0678799750932088,2.74621204833542,29.0,0.0717121739788201,0.11532525064588338,2.9893355618489705,32.550000000000004
387,synthetic_planning_reference_v4,low,0.507368002283368,0.12940825016124652,0.0591666666658057,0.0711448740154584,2.9535926007945,29.65,0.06268084669147765,0.07650227738382415,3.0378866916238105,30.200000000000003
388,synthetic_planning_reference_v4,moderate,0.6416918742222097,1.0150362852572885,0.0624999999990905,0.0570004392877817,3.11588836621158,30.35,0.08863991370734464,0.08070402358060275,3.5816122992485417,33.0
389,synthetic_planning_reference_v4,moderate,0.8350138837674907,1.6692265849715286,0.0708333333323026,0.0847973799540569,2.8123100483731,29.45,0.09621968196164982,0.11664125542612674,3.3377744195652816,34.300000000000004
390,synthetic_planning_reference_v4,mild,0.5845046772311593,1.1295860444145196,0.0499999999992724,0.063223679327397,2.95956560768776,29.95,0.06543512558281585,0.0952290551878039,3.3960033041005873,33.65
391,synthetic_planning_reference_v4,low,0.7267573866361565,0.184688447279082,0.04833333333263,0.0780188907128638,2.97847471061266,29.45,0.04823042678591765,0.08602173580216332,2.979198038350035,30.150000000000002
392,synthetic_planning_reference_v4,low,0.6813513750098479,0.15386906814343126,0.0566666666658421,0.0809167713928571,2.72943612612538,28.6,0.062335212206623455,0.08686371927146204,2.6796581859709656,29.200000000000003
393,synthetic_planning_reference_v4,low,0.8279340957060891,0.09616925411805222,0.0608333333324481,0.0935460086680427,3.55027414749203,28.9,0.06042007179265996,0.10846109510501542,3.7313445184680476,28.950000000000003
394,synthetic_planning_reference_v4,low,0.5762700763590772,0.09547849256930487,0.0558333333325209,0.0680169092217471,3.39172119842876,29.4,0.055746603804760944,0.07412830924208658,3.5862909627595676,29.8
395,synthetic_planning_reference_v4,low,0.7247319675007604,0.133600074339584,0.0366666666661331,0.0762095200759554,3.46459859090433,28.55,0.03794776079297066,0.08273757144662255,3.648316214947412,28.8
396,synthetic_planning_reference_v4,moderate,0.4754436905237286,0.987026689055617,0.0499999999992724,0.0747519039556189,3.11539905274522,28.45,0.05980683695010448,0.10082811875188756,3.6205627096419497,30.25
397,synthetic_planning_reference_v4,mild,0.22590005990712034,0.3394403809084079,0.0474999999993088,0.0774484379095401,2.93945531993559,28.55,0.04610095792014407,0.10500500229474394,3.0810944348299603,29.8
398,synthetic_planning_reference_v4,low,0.30469895103291306,0.07514441828871811,0.0474999999993088,0.0720571178175614,2.7242740460248,29.6,0.04412504422843256,0.07376057883791945,2.6621628169667706,29.85
399,synthetic_planning_reference_v4,low,0.2923697958712257,0.12491344079871286,0.0358333333328119,0.0596900589859974,2.84744267184554,29.2,0.033778205225671924,0.06480697925151171,2.8494219792218547,29.8
400,synthetic_planning_reference_v4,mild,0.7381099159148394,0.49466531323010077,0.0708333333323026,0.0671526523889796,2.87267478459783,29.7,0.08033848185074699,0.08720521853184675,2.984112665430141,30.85
401,synthetic_planning_reference_v4,low,0.6344228658609582,0.12996062806943495,0.0583333333324845,0.0775829577605875,2.85249404526778,29.45,0.062007828509846125,0.0813941964810747,2.874018218301269,30.25
402,synthetic_planning_reference_v4,low,0.5602883500465301,0.11784955478878886,0.0399999999994179,0.0755387931780031,3.06940070288782,28.0,0.03567824096740417,0.07822570927433975,3.114354327295666,27.950000000000003
403,synthetic_planning_reference_v4,mild,0.7571136832794976,0.5070614680094556,0.0508333333325936,0.0689646930653195,3.20139791259957,30.1,0.058812475999220994,0.08930632529841015,3.4570269488196566,31.400000000000002
404,synthetic_planning_reference_v4,low,0.3533715251780573,0.07013484075738032,0.0566666666658421,0.0742053978003409,2.93130239361339,28.6,0.06101253679583811,0.07372863978402583,2.925240793839632,28.85
405,synthetic_planning_reference_v4,low,0.4859585868154766,0.17411052375586597,0.0433333333327027,0.0669165482748048,2.93306967120977,29.3,0.04439352588854071,0.07151413033551143,2.9433893825766195,30.0
406,synthetic_planning_reference_v4,low,0.5532719529531839,0.06656310488124428,0.0533333333325572,0.0761756391285709,2.78626607368647,27.55,0.05758167158546738,0.0830036027701881,2.668403960701683,27.35
407,synthetic_planning_reference_v4,moderate,0.42276498194613027,1.2132930008646166,0.0416666666660603,0.0612428264859255,3.14790247890192,28.85,0.05310101768327327,0.09138846130963976,3.7127510431309165,32.0
408,synthetic_planning_reference_v4,moderate,0.485532116879537,2.9974246938082354,0.0491666666659512,0.078883736837531,3.17909688265887,28.05,0.09041889537209419,0.14636257644760908,4.047764926225804,35.2
409,synthetic_planning_reference_v4,moderate,0.36817442782263243,1.2931511612593,0.04833333333263,0.0609252960737059,2.70822219439483,29.45,0.0639097017406693,0.10216027549598028,3.263067647470232,33.7
410,synthetic_planning_reference_v4,low,0.18318319867375973,0.08402941293060107,0.0383333333327755,0.0524268231563072,2.83065750068128,28.2,0.03552508421492692,0.04988807874921264,2.8273837959687165,28.450000000000003
411,synthetic_planning_reference_v4,mild,0.6259654860985213,0.8291939563425607,0.0499999999992724,0.0883467947997119,2.71392670039454,29.25,0.06155661058611311,0.11565228406417795,2.7394868348556325,31.450000000000003
412,synthetic_planning_reference_v4,mild,0.37581130108327515,0.6223387842559553,0.0574999999991633,0.0570151232720232,3.16198035733889,28.25,0.06706061061568933,0.06557724887743763,3.3766491221104777,29.950000000000003
413,synthetic_planning_reference_v4,mild,0.48523971616256695,0.7706367622099117,0.0416666666660603,0.078340330649008,2.91852098678198,29.3,0.050427717535654996,0.08894458519172153,3.124613550988334,31.1
414,synthetic_planning_reference_v4,low,0.5085743712154364,0.09537735623282532,0.0533333333325572,0.0876091757368445,2.91049906401152,29.35,0.05172224473484429,0.09583323664975554,2.9542151361658604,29.8
415,synthetic_planning_reference_v4,mild,0.7236650890583783,1.2839629736460116,0.0699999999989814,0.0915763465590741,3.12101829399355,26.85,0.08934482721066903,0.12048833535240333,3.5592977602583806,30.400000000000002
416,synthetic_planning_reference_v4,low,0.6751654068473988,0.08392637922311014,0.052499999999236,0.0871315007826556,3.29044178643142,29.75,0.05287234507772039,0.09295818286843217,3.387141549785702,30.200000000000003
417,synthetic_planning_reference_v4,mild,0.2831003701287867,0.5882012029867583,0.0366666666661331,0.0681923802974514,2.81421186997291,26.35,0.038137896035467946,0.0855573786955857,2.85291995338385,26.900000000000002
418,synthetic_planning_reference_v4,moderate,0.5563928140706058,1.9590742222320754,0.052499999999236,0.0758418305450793,3.10365332109257,29.5,0.07737874118889519,0.14570331664472236,3.996669596922037,33.300000000000004
419,synthetic_planning_reference_v4,moderate,0.6453765883984101,1.2972317749099933,0.0674999999990177,0.0832022612091803,3.00586670568244,29.25,0.08029534320860172,0.11858140941547635,3.4772376572475556,31.75
420,synthetic_planning_reference_v4,moderate,0.5348640907391935,1.59676229418385,0.0466666666659876,0.0601839469904175,3.2450589236001,29.7,0.05978350965852465,0.11699220876563186,3.9882894911511517,34.85
421,synthetic_planning_reference_v4,moderate,0.8554362281643351,1.8726855963831956,0.0774999999988722,0.0716128462130629,3.12381684561888,29.5,0.09841191514846448,0.1203932127671907,4.232929771758488,34.85
422,synthetic_planning_reference_v4,mild,0.556811616528606,1.0209234611949556,0.0416666666660603,0.0826255034954771,3.14553852044441,30.05,0.05374552746230583,0.12465345486935792,3.7321326621393616,33.9
423,synthetic_planning_reference_v4,mild,0.18170651763305998,0.7015670215918375,0.0374999999994543,0.0580329118985256,2.98741523708401,27.85,0.037308839637431646,0.07821806113440372,3.2027352852174666,29.700000000000003
424,synthetic_planning_reference_v4,mild,0.6928442704514695,1.2165737901881402,0.0499999999992724,0.0769744103169468,2.90601684525178,28.85,0.06424660825215409,0.11891152043810768,3.477862646898106,31.75
425,synthetic_planning_reference_v4,low,0.27878705604204035,0.08228697602425938,0.0374999999994543,0.0621665095925727,2.78109218002696,29.5,0.0363639540247437,0.05981183640733595,2.846018147137478,30.05
426,synthetic_planning_reference_v4,low,0.3858337768433965,0.0877213792077026,0.0366666666661331,0.0616661116373131,2.92495661220348,28.6,0.035931635608717774,0.05935096127064011,3.012646629259762,28.75
427,synthetic_planning_reference_v4,moderate,0.42225265534221634,1.6565123117692484,0.0449999999993452,0.0567400316241435,2.92090675904798,30.15,0.06367811164027903,0.09614313915766595,3.7645943746751063,35.0
428,synthetic_planning_reference_v4,low,0.36765093027291845,0.0736457652563352,0.0574999999991633,0.0562289099479694,2.77718071441193,28.65,0.05942150148004762,0.051764605470449,2.7252862941901266,28.650000000000002
429,synthetic_planning_reference_v4,low,0.4692157175980449,0.09171900024661406,0.044166666666024,0.0699183097257277,3.02375541341002,28.3,0.04271078623051962,0.07679261153455369,3.0530350223737615,28.450000000000003
430,synthetic_planning_reference_v4,low,0.563440641916236,0.05479036311937097,0.0691666666656602,0.0594314318653017,2.6140153027944,29.7,0.07397915575095775,0.05521893589062404,2.5294802351126697,30.200000000000003
431,synthetic_planning_reference_v4,mild,0.637953905130268,0.7884273681460816,0.0558333333325209,0.0691325989365594,2.84151094775186,29.45,0.05915629974810027,0.09334813065203773,3.146321277484473,32.0
432,synthetic_planning_reference_v4,mild,0.8668646582906897,0.7104349128360445,0.0741666666655874,0.0975775614745335,3.17095762738491,29.0,0.08489895237317649,0.13802641606745855,3.6039726168585453,30.75
433,synthetic_planning_reference_v4,mild,0.1262542492783376,0.6334174790850621,0.0349999999994907,0.061533868828919,2.68348277945266,28.05,0.03936757452814175,0.07129803663848479,2.8474520105210743,29.150000000000002
434,synthetic_planning_reference_v4,mild,0.3051614196348799,0.3631409506101559,0.0341666666661695,0.0767305657913108,3.31429541969245,28.55,0.033853250993290014,0.09602876156979141,3.553138169322524,29.5
435,synthetic_planning_reference_v4,low,0.6876670659960408,0.1786938853738257,0.0583333333324845,0.058873312548626,3.49526422553697,29.4,0.05759977952928144,0.0605996501933207,3.8009942293682455,30.150000000000002
436,synthetic_planning_reference_v4,low,0.5507002507024199,0.09558993890330363,0.0433333333327027,0.0840933951901024,3.50995934458724,29.05,0.04435759876077725,0.09217956827086968,3.7792139178303743,29.35
437,synthetic_planning_reference_v4,low,0.31751201781115773,0.1173531945222209,0.0424999999993815,0.0620586472014305,3.23283647494499,28.65,0.04149776439437541,0.06079126070246776,3.318531366868839,28.900000000000002
438,synthetic_planning_reference_v4,low,0.3196033360484764,0.06848001885128627,0.0383333333327755,0.0677024295759637,2.9776600828425,28.5,0.035073363943617215,0.06590152995367812,3.051465781765399,29.0
439,synthetic_planning_reference_v4,mild,0.7143340995149803,0.7046457834786706,0.0616666666657693,0.0815547415190547,3.26218549854236,29.95,0.06780085395972571,0.11826878588413477,3.7279438583199114,31.5
440,synthetic_planning_reference_v4,mild,0.5808349635762761,0.824386922261928,0.0574999999991633,0.0815178991508567,3.13906230365786,30.1,0.06464493493872975,0.09559112044852237,3.5945241029283457,32.300000000000004
441,synthetic_planning_reference_v4,low,0.6201286109606227,0.09593529349886525,0.044166666666024,0.0817196517599734,3.15980519309481,28.9,0.042808350217594986,0.0885503301949669,3.2441872633248794,29.400000000000002
442,synthetic_planning_reference_v4,mild,0.6016213183198683,1.0463633010190512,0.0449999999993452,0.0951143460877263,2.94625613294573,29.0,0.04807201949686667,0.13535214249482752,3.2354217908823344,31.35
443,synthetic_planning_reference_v4,moderate,0.47899816153380537,0.5887385959475957,0.0449999999993452,0.0798888874396252,3.00903640200683,28.95,0.046375159726537475,0.11288640573568855,3.192160317104375,30.1
444,synthetic_planning_reference_v4,mild,0.8209740135473413,1.2415747373044066,0.0666666666656965,0.0704702342623856,3.37221630645663,29.4,0.08497900164998153,0.11264709363926373,3.9478073349853506,33.0
445,synthetic_planning_reference_v4,low,0.43827261367713605,0.11807634317548214,0.0508333333325936,0.074225478284997,2.25083753512971,29.45,0.050961712036056345,0.0786105787881821,1.9612216252243146,29.75
446,synthetic_planning_reference_v4,severe,0.7072677624565796,2.633531329738353,0.0574999999991633,0.0657616889250295,3.2407166115356,28.95,0.08415797944849168,0.13583155744402087,4.314533345883309,34.45
447,synthetic_planning_reference_v4,mild,0.5247671632058786,0.7517799494149842,0.0616666666657693,0.0761739476497935,2.6192297258744,28.35,0.07309147579505025,0.10211058799157628,2.7028657136758376,29.950000000000003
448,synthetic_planning_reference_v4,mild,0.45478179686672765,0.3453949205607966,0.0508333333325936,0.0743502721779995,2.9432024824752,27.05,0.05386365722242701,0.08814847534718062,3.165685820248701,27.450000000000003
449,synthetic_planning_reference_v4,low,0.3916909776653075,0.07247579057399402,0.0566666666658421,0.0609727200985091,3.26988960582279,29.55,0.06286398595563915,0.05889643225290133,3.306525731262932,29.75
450,synthetic_planning_reference_v4,mild,0.7686341803739414,0.646820835934661,0.0466666666659876,0.0886244155182123,3.20199916081923,29.7,0.04834160716315971,0.11865046890535806,3.476526839090109,31.55
451,synthetic_planning_reference_v4,moderate,0.8301679031936376,3.640577739464935,0.0599999999991269,0.0772763283570742,3.22205185680582,29.8,0.09425308278412932,0.1475665532923822,4.399591288816516,38.45
452,synthetic_planning_reference_v4,low,0.6131509393828068,0.1106299083212027,0.0624999999990905,0.086250125530261,3.03222305110586,28.9,0.06598993827461005,0.09635431068255952,3.13556190636154,29.35
453,synthetic_planning_reference_v4,low,0.21109254861224874,0.061324037777756406,0.0258333333329574,0.0557523680094842,2.8016531529921,29.0,0.022495440354709482,0.04862079909751404,2.850979432967269,29.25
454,synthetic_planning_reference_v4,severe,0.5099569961021846,2.869063218238084,0.0549999999991996,0.0582020260901463,3.17081062849746,28.9,0.08623098793490377,0.12585177600884548,4.463719998033653,36.35
455,synthetic_planning_reference_v4,mild,0.6962017809350614,0.8147117536895594,0.0583333333324845,0.0742454154211617,2.70720815330072,28.9,0.06761010456650085,0.104000483140837,2.923668279412177,30.85
456,synthetic_planning_reference_v4,low,0.3088208584725812,0.10388574745228413,0.0408333333327391,0.0698440742848606,3.05468872341571,28.55,0.038448857576983735,0.07263395439629787,3.0927543294923443,28.55
457,synthetic_planning_reference_v4,low,0.24742822495079395,0.10035983580506544,0.0266666666662786,0.0640988971806098,2.81774135817634,29.3,0.020924161330005867,0.0643686029027205,2.7512683671968685,29.55
458,synthetic_planning_reference_v4,low,0.7420194879893509,0.2089352838807253,0.0783333333321934,0.079309761496069,3.19246327035166,29.35,0.08537445939154821,0.08690399294120574,3.3128473309056052,30.450000000000003
459,synthetic_planning_reference_v4,mild,0.3125615485435274,0.4251023261108321,0.052499999999236,0.0688423661094339,3.18640954430907,28.25,0.05794233118982494,0.08064227380191646,3.3085863501181345,29.6
460,synthetic_planning_reference_v4,mild,0.6056456359905996,1.3110093974238508,0.0508333333325936,0.0794754467226788,3.14642057665332,28.2,0.06580595673478536,0.13254231484917908,3.777966545684592,31.700000000000003
461,synthetic_planning_reference_v4,mild,0.802181156233381,1.3205011614310125,0.0641666666657329,0.0655377769187685,3.0063528988752,29.7,0.07884336672298083,0.08347530443400895,3.7826392250191887,32.25
462,synthetic_planning_reference_v4,low,0.4043511912834996,0.11244235119463529,0.0516666666659148,0.0854068307210404,3.22227825639784,27.75,0.05398413333052198,0.09773540716238407,3.382188967544493,27.700000000000003
463,synthetic_planning_reference_v4,mild,0.5380792911192723,1.2398801180576715,0.0516666666659148,0.0740356262183144,3.21697676251272,29.9,0.07594722894779733,0.1163972353086121,3.8792706128257763,33.45
464,synthetic_planning_reference_v4,moderate,0.2748734845867046,0.5838346089078044,0.0316666666662059,0.0496643373505601,3.26744866812941,29.65,0.032246733343241775,0.05655160111621999,3.4946466959048603,31.650000000000002
465,synthetic_planning_reference_v4,mild,0.7941450740247774,0.7278867628494274,0.0733333333322662,0.0896279809464577,3.29106786827874,29.45,0.0871824034200595,0.11135124728618198,3.564296624547404,31.1
466,synthetic_planning_reference_v4,mild,0.3455198491990683,0.4430648110837744,0.0474999999993088,0.0707436693054458,3.24775869084731,29.4,0.05374834126949314,0.08038033156460848,3.4877597056693412,30.8
467,synthetic_planning_reference_v4,low,0.2822562342549021,0.30905799170619586,0.0449999999993452,0.0730609111669216,2.63167339139452,29.1,0.04475467279445572,0.08564772640769351,2.6404658369750122,29.700000000000003
468,synthetic_planning_reference_v4,moderate,0.8574616419790839,2.4657899275915147,0.0491666666659512,0.0886988074886939,2.94770418957059,28.6,0.07973946119585715,0.13064584580390526,4.065055191692037,34.4
469,synthetic_planning_reference_v4,mild,0.6660219244965135,0.504899879717557,0.0583333333324845,0.0607095410841034,3.11625854781944,29.15,0.06326509208548488,0.07311268321084548,3.4150523958302923,30.55
470,synthetic_planning_reference_v4,mild,0.5727779455003978,1.6662615510454417,0.0716666666656238,0.0697393462928545,2.71891821430011,28.5,0.08714702172198265,0.11571617477386631,3.359884743068283,33.2
471,synthetic_planning_reference_v4,low,0.8571252086647868,0.11732716515008927,0.0733333333322662,0.0744313768970162,3.53356803444233,30.4,0.0801678455281714,0.07669514550995285,3.7652630145803094,31.35
472,synthetic_planning_reference_v4,moderate,0.5609308427221698,1.6521083729896793,0.04833333333263,0.0822859436773674,3.13604905639624,28.75,0.056755957825999986,0.14331285604882166,3.8256123985668484,32.800000000000004
473,synthetic_planning_reference_v4,low,0.6831769073700369,0.2389058620260606,0.0574999999991633,0.0821480045904538,2.58470760642503,27.75,0.05919092006991985,0.09674400742173357,2.565280253341165,28.35
474,synthetic_planning_reference_v4,low,0.3249329253956879,0.07417528333712872,0.0349999999994907,0.0572215823382235,3.08143650166773,27.75,0.03390043253650794,0.05214089627366763,3.20279120766904,27.5
475,synthetic_planning_reference_v4,low,0.603265876373364,0.24468640301724473,0.0508333333325936,0.0794832798459883,2.91384796535747,29.35,0.05305869370793377,0.08748283401800112,2.942616668783825,29.900000000000002
476,synthetic_planning_reference_v4,low,0.8104305442028505,0.1792139072737419,0.0583333333324845,0.086070890329309,3.21384333666454,29.1,0.06258644086508176,0.10049895479165534,3.3815620764417997,29.650000000000002
477,synthetic_planning_reference_v4,low,0.3209886598264904,0.10007930552926238,0.0383333333327755,0.0844794432304868,2.63290758578559,28.9,0.03717376384877561,0.09636019469328339,2.4877600240912754,29.0
478,synthetic_planning_reference_v4,moderate,0.7397662926954572,2.6949776347724717,0.072499999998945,0.062077853011177,3.05705806644386,28.9,0.10325757090417324,0.0970360384629646,3.989681278622009,36.95
479,synthetic_planning_reference_v4,low,0.32820806218813575,0.08428250534484873,0.0358333333328119,0.076667107245817,3.29504867175672,29.7,0.0326874945464171,0.07965888657464763,3.444710384092058,30.150000000000002
480,synthetic_planning_reference_v4,mild,0.35312286956693073,0.39988774155088064,0.0399999999994179,0.0684399123375477,2.87208638825251,28.55,0.04510761848355544,0.07734699302582572,3.0387705885767033,29.5
481,synthetic_planning_reference_v4,low,0.11963162544040155,0.10299858684818088,0.0458333333326664,0.0421689622893957,2.74546472516583,29.55,0.04422209179775772,0.03017109466171836,2.6037890660851057,30.25
482,synthetic_planning_reference_v4,mild,0.31986862423225315,0.6934830297903274,0.0491666666659512,0.0765529645285141,3.03839398727283,28.35,0.059083307246283134,0.09981263574042545,3.3311371535537613,29.85
483,synthetic_planning_reference_v4,low,0.24846511643788485,0.11903176445960037,0.0316666666662059,0.0662601360045809,2.82111070345068,28.95,0.02457440310953035,0.06465294913790146,2.8517931139104786,29.400000000000002
484,synthetic_planning_reference_v4,mild,0.6555563553756397,0.7583073296599925,0.052499999999236,0.0811477507201843,3.26239889651056,29.65,0.05519609932978059,0.10323282263921536,3.6563712810551126,32.1
485,synthetic_planning_reference_v4,mild,0.5096172542515847,0.7150906779422621,0.0616666666657693,0.0753412580376589,3.14613718341934,27.8,0.069028296239021,0.09118575965012901,3.441783517775136,29.400000000000002
486,synthetic_planning_reference_v4,low,0.4298023365391213,0.1432819897195601,0.0416666666660603,0.0677125964943014,2.98554562059859,27.15,0.04135612235054395,0.06482715854399135,3.08973058931663,27.0
487,synthetic_planning_reference_v4,low,0.06112636908623661,0.08194857939755325,0.0191666666663878,0.0353751514261434,2.81939259263278,28.95,0.008506287585171645,0.024029349021596324,2.7294655060859205,29.1
488,synthetic_planning_reference_v4,mild,0.22567530178199902,0.8773522775876044,0.0416666666660603,0.0612214953073165,2.5607920166544,29.95,0.0468610681414265,0.09264721005808137,2.612630967936189,32.5
489,synthetic_planning_reference_v4,low,0.5369793202977197,0.10446510973330107,0.0491666666659512,0.0717876758480312,3.680815637199,29.8,0.04950359295687304,0.0753207128817115,3.931311272633863,30.55
490,synthetic_planning_reference_v4,mild,0.21233967637865248,1.0241921313415452,0.0416666666660603,0.068985247923602,3.22472671833434,27.0,0.054814379460773215,0.08700961337000757,3.738908340255619,28.700000000000003
491,synthetic_planning_reference_v4,mild,0.6757169486568064,0.6184349912287115,0.0666666666656965,0.0755297377175307,3.16182799135447,29.45,0.07917511745325564,0.10359999369794652,3.5730996819835537,30.650000000000002
492,synthetic_planning_reference_v4,mild,0.5931338208677402,1.102979592705853,0.0466666666659876,0.0739027138181037,2.85423827919121,28.35,0.05674386388289642,0.10311981551800037,3.2880470109948003,31.200000000000003
493,synthetic_planning_reference_v4,low,0.44977332393831776,0.12040561589614836,0.0649999999990541,0.0619552831884153,3.15603433280448,27.45,0.07304842197634907,0.06438442441604805,3.24049245387888,27.35
494,synthetic_planning_reference_v4,mild,0.8919141589354472,0.7715833192780744,0.0616666666657693,0.0831570895924318,3.26790581720854,30.05,0.07228146512736458,0.11558230268237223,3.7588788334080006,32.85
495,synthetic_planning_reference_v4,low,0.5650787085844168,0.15722513375641833,0.0399999999994179,0.0714237492273818,2.82597732756982,29.2,0.04063895559050537,0.0764822746196799,2.794889642077798,29.450000000000003
496,synthetic_planning_reference_v4,severe,0.3610495689160817,1.3627026936950435,0.0374999999994543,0.061841171801451,2.90135265542304,29.65,0.03988041387289098,0.08997206641509617,3.4057103505032424,33.800000000000004
497,synthetic_planning_reference_v4,mild,0.616466500058771,0.5020435663429745,0.0558333333325209,0.075625766586763,2.9751767151032,28.7,0.05799277885476209,0.1024819318255667,3.213125860629775,29.75
498,synthetic_planning_reference_v4,moderate,0.151223255859475,1.0466707320088318,0.0366666666661331,0.0564964103072413,2.76224788782686,28.35,0.047466209045446385,0.09295968460416905,2.914142598469703,30.85
499,synthetic_planning_reference_v4,low,0.4053945752948914,0.06848028953894235,0.0516666666659148,0.0576681289642815,3.04860234314205,28.85,0.053832480581579176,0.057996473803764756,3.1466212149402644,28.950000000000003
500,synthetic_planning_reference_v4,mild,0.33129293446847197,0.795986562703848,0.0474999999993088,0.0751042356364705,3.48039803379069,26.6,0.049589287485450426,0.11629069489617684,3.9934884262248045,27.950000000000003
501,synthetic_planning_reference_v4,mild,0.6894231010718996,0.7409335476679223,0.052499999999236,0.0779019699898571,3.16648527353265,29.0,0.055726493431568665,0.11776846981531812,3.6070017823423033,30.700000000000003
502,synthetic_planning_reference_v4,low,0.8043989092864644,0.16305331068572312,0.0508333333325936,0.083998881028255,2.92535233506826,29.3,0.05364492082755904,0.10122126521790624,2.91562175718213,30.200000000000003
503,synthetic_planning_reference_v4,mild,0.6657668876342309,0.892866205761833,0.0558333333325209,0.0791969486633314,2.81036080465365,29.65,0.060860644051584596,0.127464845001818,2.972480892015694,32.4
504,synthetic_planning_reference_v4,low,0.24648785922093755,0.14522912768654045,0.0424999999993815,0.0659680958844254,2.50705170863728,28.55,0.046007073657375205,0.06704511978318828,2.418753559155661,29.05
505,synthetic_planning_reference_v4,low,0.5498841430533997,0.09343879467999934,0.0449999999993452,0.0687104882043464,2.9214472474379,28.75,0.043780297609635255,0.06766469228568632,2.96849308702751,28.8
506,synthetic_planning_reference_v4,mild,0.46144321917106,0.5978652444270796,0.0458333333326664,0.0694785493968538,3.42093532974654,26.85,0.05465427916624992,0.08930093060819555,3.752567097389234,27.950000000000003
507,synthetic_planning_reference_v4,mild,0.18932863306570155,0.594351820406388,0.0399999999994179,0.0619228090357534,3.4643370749712,29.3,0.045237185576414526,0.07899088481540309,3.8665964110585125,31.150000000000002
508,synthetic_planning_reference_v4,mild,0.5718951463689791,1.4359080177638897,0.0599999999991269,0.0689811754402875,2.94494654528738,27.45,0.0850816089512737,0.1205669842441642,3.2944785410493034,30.700000000000003
509,synthetic_planning_reference_v4,mild,0.4524151006460977,0.4185739138697753,0.0391666666660967,0.0674729121669571,3.2046155920183,29.1,0.04045416790251357,0.08717457569350524,3.4372234317805295,30.3
510,synthetic_planning_reference_v4,moderate,0.3950631977692553,1.4547384116786148,0.0541666666658784,0.0630961329553898,2.90459088341685,29.55,0.06640280702442412,0.10976315461941391,3.424818732770531,32.7
511,synthetic_planning_reference_v4,low,0.6388353209270184,0.08301555616806319,0.0641666666657329,0.0819500365298862,2.5257317910527,30.15,0.06725282345732927,0.08556243926371472,2.422066555987255,30.55
512,synthetic_planning_reference_v4,severe,0.5277265549083799,1.4472889357500862,0.052499999999236,0.0665441784389034,3.24028996052553,28.25,0.06678190636395583,0.10561009330263281,3.968353895387318,31.25
513,synthetic_planning_reference_v4,low,0.8030828342427727,0.18876711941151358,0.0558333333325209,0.0889216567161552,3.47134661572881,27.45,0.057201196999257325,0.10205355951053181,3.693030088001397,27.35
514,synthetic_planning_reference_v4,mild,0.4515113901738477,0.7838686733859858,0.0299999999995634,0.0698786865007098,3.24823023646346,28.4,0.035138734546690496,0.09078036500244369,3.721612946200047,30.400000000000002
515,synthetic_planning_reference_v4,mild,0.3770730576706343,0.5762433688633646,0.0433333333327027,0.0658189033215321,2.96462393509772,27.35,0.04661385086942318,0.08260008431893576,3.14325154733448,28.650000000000002
516,synthetic_planning_reference_v4,mild,0.5621904481103318,0.7994271990130546,0.0358333333328119,0.0682680786392995,3.16029858777937,29.8,0.040559807007993026,0.09686142172018755,3.577731553087502,32.35
517,synthetic_planning_reference_v4,moderate,0.4399435979577726,1.197184931007652,0.0324999999995271,0.075031893817391,3.08752851474413,28.8,0.04236304287328497,0.11649942112415296,3.492563250748357,31.75
518,synthetic_planning_reference_v4,low,0.6666687047250031,0.12491452944096647,0.0691666666656602,0.0813673835850805,2.88966629393152,29.35,0.0739094237765547,0.08957123139185598,2.832746849041157,29.700000000000003
519,synthetic_planning_reference_v4,low,0.49771246919571793,0.10628143508178299,0.0416666666660603,0.0934427648079425,2.96498114822903,27.75,0.042321860311891266,0.10845603686397658,2.9561023823578667,28.05
520,synthetic_planning_reference_v4,moderate,0.5276129764318466,1.4211749966330391,0.052499999999236,0.0686348808317236,2.54153879371118,26.7,0.07335572150165558,0.1267284690137261,2.818444188167778,29.05
521,synthetic_planning_reference_v4,low,0.20941255080456897,0.10669601852944514,0.0399999999994179,0.0573508824078558,2.73129484723837,29.15,0.04100750888646595,0.05720302071333166,2.634107019836158,29.6
522,synthetic_planning_reference_v4,low,0.5100330831851095,0.15676438470437346,0.0716666666656238,0.0734107160341762,2.9926781043497,29.15,0.07811466630244907,0.07906363465642365,3.0801625960576415,29.75
523,synthetic_planning_reference_v4,moderate,0.47357958788706034,4.039884276997173,0.0583333333324845,0.0898348371479518,2.93515399592804,28.7,0.08676808417878563,0.14562746491242196,4.128594903273621,39.35
524,synthetic_planning_reference_v4,severe,0.6583556355790974,3.142867828576977,0.0499999999992724,0.0769642479305096,2.93321311842579,28.55,0.07349955428357476,0.1276317158212898,4.143625591220067,36.95
525,synthetic_planning_reference_v4,moderate,0.273096531658845,1.2011077817323468,0.0341666666661695,0.0621381018137029,2.5923839672691,29.5,0.04027643289263019,0.08244495394726471,3.073851886828142,33.6
526,synthetic_planning_reference_v4,mild,0.8906708726810297,0.6439838797600094,0.0666666666656965,0.0758263990095766,3.64246829091147,28.55,0.07457806818142614,0.0865291011839892,4.0907777511105055,30.25
527,synthetic_planning_reference_v4,moderate,0.5801815856347446,1.8326155771347488,0.052499999999236,0.0849528326928469,2.68710956160883,29.6,0.07916905950988354,0.14405050557895432,3.3895420635481646,35.550000000000004
528,synthetic_planning_reference_v4,moderate,0.6202027735822134,1.5540639521152904,0.0424999999993815,0.0761363467107588,3.83651080684731,29.7,0.054487395997934125,0.12554536602371796,4.4579856988664766,33.0
529,synthetic_planning_reference_v4,mild,0.6713573842407858,0.9190309429665465,0.04833333333263,0.0754532355847998,3.0585820828272,30.0,0.05800895770621295,0.11612419270510599,3.4011820473774605,34.050000000000004
530,synthetic_planning_reference_v4,mild,0.31387875021565476,0.6860900437260956,0.0466666666659876,0.0751721830741947,2.89870702499376,26.6,0.04762610087536276,0.11130550525567008,3.0881328150377203,28.0
531,synthetic_planning_reference_v4,low,0.1453116232468842,0.05538389707573766,0.0333333333328483,0.0749420336914361,2.60977321725427,26.8,0.02983032214332604,0.07857015186201105,2.4826852544397027,26.3
532,synthetic_planning_reference_v4,low,0.510217546653082,0.2515792583217169,0.0491666666659512,0.0681663381263375,3.31958331425092,27.3,0.04902369043951661,0.06962746328067343,3.5869996097503645,27.55
533,synthetic_planning_reference_v4,mild,0.7630284123204186,0.9235888675120086,0.0674999999990177,0.079538295034338,2.87798819128587,29.1,0.07327939479880853,0.10232680802770747,3.1980755776570637,31.6
534,synthetic_planning_reference_v4,severe,0.8434109918967296,3.0264038225941037,0.0566666666658421,0.0779154204212698,3.14908442651385,28.5,0.0956988889950518,0.1217125925072754,4.4408806064163295,35.7
535,synthetic_planning_reference_v4,low,0.8478852952238283,0.12428744626868256,0.0591666666658057,0.0797960429593852,2.86435101487858,29.25,0.06170110190512999,0.08818274849466017,2.816112047520343,29.55
536,synthetic_planning_reference_v4,low,0.7426632951357137,0.10335413510924783,0.0533333333325572,0.0683207400862717,3.12790809296685,28.4,0.05283034523487468,0.07142256940953634,3.2039639186568474,28.5
537,synthetic_planning_reference_v4,low,0.05864851766045561,0.08540983028622058,0.0383333333327755,0.0708792760506448,2.48973710595807,25.65,0.03733840405211516,0.07394468127032017,2.372451337186821,25.05
538,synthetic_planning_reference_v4,low,0.8350033528761681,0.17573660919176884,0.0674999999990177,0.0808474194736652,2.92809312466984,29.25,0.07418062261730837,0.09255351429984233,2.915869036096281,29.700000000000003
539,synthetic_planning_reference_v4,severe,0.565442378728645,3.805130329023975,0.0591666666658057,0.0629708889142158,3.2268354758682,28.9,0.11280041334874258,0.13345975839976157,4.3388893244744,38.1
540,synthetic_planning_reference_v4,moderate,0.5319622357173631,2.52334076687846,0.0416666666660603,0.075117769894732,2.96505028511238,29.2,0.06098826998752878,0.12095235869800314,4.35059160626155,34.35
541,synthetic_planning_reference_v4,moderate,0.41348197013284504,1.2147071784174726,0.0416666666660603,0.0726546520064636,3.0989651455209,27.75,0.054454923374905456,0.12466497611410027,3.482182247022367,30.8
542,synthetic_planning_reference_v4,low,0.5982066809962955,0.24325005247560602,0.0624999999990905,0.0859845469009245,3.57704479739678,28.5,0.06801538332284737,0.09756863024695998,3.9551881170128156,29.200000000000003
543,synthetic_planning_reference_v4,low,0.6212348176270039,0.16135249130062215,0.0499999999992724,0.0704533042184346,3.07038239468406,29.65,0.051779395923060384,0.07483536434865405,3.160566237347783,30.400000000000002
544,synthetic_planning_reference_v4,mild,0.4265996871719476,0.7095100039824606,0.0399999999994179,0.0667370385296805,2.83124505988369,30.25,0.04271075117425554,0.08552815350354813,3.044162394257123,32.2
545,synthetic_planning_reference_v4,low,0.6978379959497231,0.10668115856484281,0.0649999999990541,0.0822131693427896,2.96586819380389,28.45,0.07020439326234107,0.08939600813910814,2.97987040068376,28.8
546,synthetic_planning_reference_v4,mild,0.6677374940028369,0.9336037659242259,0.0666666666656965,0.0809301281140525,3.07285746177329,28.6,0.07514802021559615,0.11998431605626032,3.407210938588472,30.700000000000003
547,synthetic_planning_reference_v4,moderate,0.5424040367189107,2.039619816517563,0.0399999999994179,0.0739819839872739,3.2840543946885,29.3,0.054858253674464764,0.10577139347605541,4.25619695111306,36.1
548,synthetic_planning_reference_v4,mild,0.24059505916593235,0.5498254198790119,0.028333333332921,0.0625315388665492,2.8852510671311,29.75,0.02565196615038625,0.08124016618059045,3.1585727340963397,31.6
549,synthetic_planning_reference_v4,low,0.1959342746614051,0.05857602286578984,0.0316666666662059,0.0577788861955158,3.13466632794522,28.75,0.024376114909492146,0.055930810306045076,3.1566182964430802,28.8
550,synthetic_planning_reference_v4,mild,0.5712063735240039,0.7457604984432116,0.0758333333322298,0.07847171843959,2.61694242317036,28.6,0.09012010927970154,0.11205199390121291,2.8057903613995046,30.75
551,synthetic_planning_reference_v4,low,0.25447761694575616,0.12461121797443062,0.0308333333328846,0.0695018579480685,2.69765987894892,28.85,0.027683753878054784,0.07636297786034739,2.6439824747438943,29.3
552,synthetic_planning_reference_v4,low,0.2892824950439192,0.09573453534784218,0.0391666666660967,0.0624827427044025,3.32797513211823,27.8,0.03568786806836988,0.06152069321557475,3.4239570526602923,27.6
553,synthetic_planning_reference_v4,mild,0.5122696729944061,0.6732868381032051,0.0583333333324845,0.0667918180935056,2.8079380612247,29.75,0.0671576338587701,0.06862795291542324,3.1068256408816097,32.050000000000004
554,synthetic_planning_reference_v4,mild,0.821598308127176,1.0413867434716173,0.0649999999990541,0.0745540098313806,3.12870941413698,29.8,0.0856531648052179,0.12824907495503643,3.7061467223354256,32.35
555,synthetic_planning_reference_v4,mild,0.7049155853596257,1.0507026250980156,0.052499999999236,0.0828901742262979,2.73785556319101,28.6,0.060373988032721086,0.10590008858594475,3.1070435342541587,31.05
556,synthetic_planning_reference_v4,low,0.38524292490619905,0.05625418913908677,0.0458333333326664,0.0566781630581643,3.51690917219309,29.45,0.04614308926738818,0.05465883788578048,3.7537878564272567,29.85
557,synthetic_planning_reference_v4,moderate,0.6055812303068094,1.2324080586632318,0.0499999999992724,0.0741246209289095,3.29314206002054,30.0,0.06191784279963955,0.10505039198228627,3.698538982502005,34.65
558,synthetic_planning_reference_v4,low,0.4334004460604348,0.08663409541370143,0.0449999999993452,0.0635538408782573,3.19335967009448,28.9,0.046067855393484076,0.06241859610269434,3.288021824607798,29.3
559,synthetic_planning_reference_v4,mild,0.47028138815914966,1.1071756411729736,0.0574999999991633,0.0719862222576985,2.47494186950988,29.05,0.074108619330666,0.09581508369913933,2.5483973493902754,31.55
560,synthetic_planning_reference_v4,low,0.5139404570849064,0.09953620004264471,0.0424999999991996,0.0633040292948827,3.21926108775379,29.5,0.037950609303202806,0.06338243148948847,3.3736440005519546,29.950000000000003
561,synthetic_planning_reference_v4,low,0.5670064725569806,0.11984897714485748,0.0633333333324117,0.059709231839474,2.91236918309751,29.95,0.06797861743746053,0.055652276641883575,2.9326670744892644,30.700000000000003
562,synthetic_planning_reference_v4,mild,0.13328426671383595,0.6694028337217235,0.0374999999996362,0.0598277550342782,2.59844653972667,29.35,0.04163445230039835,0.07055017512052834,2.6675468100547977,31.35
563,synthetic_planning_reference_v4,low,0.6242670202824124,0.1042990966829905,0.0616666666657693,0.0700940923555438,2.80321084053534,29.65,0.06368718410733072,0.07738270120016745,2.8099065598364854,30.1
564,synthetic_planning_reference_v4,mild,0.6716096677813104,0.7845371762345031,0.0516666666657329,0.0749849898376331,3.03581772632035,28.55,0.06334894830149138,0.09683537803995514,3.2910041016178244,30.5
565,synthetic_planning_reference_v4,mild,0.3183273076468781,0.6806205320467142,0.0358333333328119,0.0580750898334231,2.92388109662551,29.1,0.036310649183836724,0.07144375452068844,3.112724254726758,31.55
566,synthetic_planning_reference_v4,low,0.5542253275404103,0.08429933535048148,0.0408333333327391,0.0616209962640128,3.17519175789319,29.4,0.037526329447590386,0.060945331338689915,3.2347620026850907,29.700000000000003
567,synthetic_planning_reference_v4,moderate,0.4204550080772935,0.8714630568436578,0.036666666666315,0.0575774925903468,2.94255044717251,29.35,0.03531024020058124,0.08349233679356456,3.343632007937808,31.400000000000002
568,synthetic_planning_reference_v4,low,0.7156902006766753,0.2267125494328027,0.0483333333328119,0.0986865078408231,3.04644784293061,28.35,0.051486087203581124,0.11860358194325196,3.062511696780108,28.950000000000003
569,synthetic_planning_reference_v4,mild,0.26677414818895046,0.47643790235336814,0.0366666666661331,0.0607532145705176,2.85906884093643,28.4,0.03376094811781905,0.0651485458741684,2.9691414682618498,29.6
570,synthetic_planning_reference_v4,moderate,0.190000581874664,1.4179372169878623,0.0474999999993088,0.0537114737404668,3.45578639104552,26.3,0.06221747627911253,0.06838019946092344,4.166695552602746,28.75
571,synthetic_planning_reference_v4,low,0.7549667417418043,0.08433051845423163,0.0608333333324481,0.0754507712486899,2.77475853978727,29.15,0.06488478570899474,0.08054557845500346,2.7286241381956384,29.55
572,synthetic_planning_reference_v4,moderate,0.21994285847177703,0.8347743544120302,0.0541666666658784,0.0529022179647713,3.40568631155607,28.55,0.06521114880724231,0.06499606123621379,3.773638908147016,30.900000000000002
573,synthetic_planning_reference_v4,mild,0.23787470239540484,0.28062064959009564,0.036666666666315,0.0543326494533446,3.22415831397875,28.25,0.035410370814824024,0.05206902496535922,3.4382323508637103,28.400000000000002
574,synthetic_planning_reference_v4,mild,0.2090161012939817,0.5233967496671433,0.0383333333324117,0.0644280823185403,3.13708349350367,28.45,0.03859154597051237,0.10238408035565773,3.2852415482953856,29.6
575,synthetic_planning_reference_v4,low,0.22573586396466253,0.13845529280740435,0.0358333333328119,0.0673204365885127,3.01276514679479,28.05,0.03399624839543636,0.06704062705076906,3.120442842879616,28.150000000000002
576,synthetic_planning_reference_v4,low,0.686783204287094,0.1206889989970359,0.0608333333324481,0.0711460869953278,3.13209320171103,30.0,0.062016420573417094,0.07700698214270925,3.2507719494266802,30.35
577,synthetic_planning_reference_v4,severe,0.7990057451056484,4.821829626227623,0.0533333333325572,0.0843984363055617,2.93773019638657,27.45,0.1107275368645788,0.1471932796009005,4.4686601750427135,40.050000000000004
578,synthetic_planning_reference_v4,low,0.13923402139905375,0.046921778101207304,0.0408333333327391,0.0676030622793658,2.58547283587977,26.1,0.0377401238142149,0.06709749951011294,2.4004201227208974,25.400000000000002
579,synthetic_planning_reference_v4,low,0.1635122406315297,0.06327448380805527,0.0408333333327391,0.0578719892764003,2.82138773552366,25.95,0.038617803743503216,0.05749094468305098,2.821689044009168,25.1
580,synthetic_planning_reference_v4,low,0.304016504885812,0.07922620772822,0.0516666666657329,0.0602861076991554,3.10660207953486,29.25,0.05240074938440639,0.055732047203497406,3.199404368283921,29.6
581,synthetic_planning_reference_v4,low,0.2806818590840967,0.08402227172165651,0.0499999999990905,0.0718937559274807,2.61609603059084,28.0,0.04841261422898329,0.07167860677862539,2.5255609307504576,28.05
582,synthetic_planning_reference_v4,low,0.4482794147776959,0.10088853919663779,0.0624999999992724,0.0712227749681754,2.7578058957319,27.4,0.06501628196921583,0.07426415640392743,2.755499291277079,27.450000000000003
583,synthetic_planning_reference_v4,mild,0.5029597590687409,0.7880603847370968,0.044166666666024,0.0585679840344672,3.13307519049661,28.85,0.04920525410612161,0.07038741912052103,3.636327992209564,30.85
584,synthetic_planning_reference_v4,mild,0.4306582912997175,0.9385151075310363,0.0441666666658421,0.0710026714407958,3.2668994721104,29.45,0.0591099102025765,0.08199629331513728,3.72059488423657,31.950000000000003
585,synthetic_planning_reference_v4,mild,0.4648746722824917,1.0323527860718862,0.0616666666659512,0.0691667839236467,3.13138253464877,28.65,0.07646653526686785,0.12068280286119146,3.6108924515760683,30.900000000000002
586,synthetic_planning_reference_v4,mild,0.23498654902933197,0.7698674281380554,0.0383333333327755,0.0546030742564955,2.96263452413287,29.85,0.04373025798786977,0.08453557280546185,3.418965174281077,32.2
587,synthetic_planning_reference_v4,low,0.4865173057437415,0.24670290349194576,0.0416666666658784,0.0629104538937262,2.91026902584503,28.9,0.04116565161969913,0.06204950781826683,3.042290574050563,29.55
588,synthetic_planning_reference_v4,moderate,0.8367076596949437,0.9789677389627914,0.0549999999993815,0.0787966159988972,3.07381685066392,29.4,0.062019724839631925,0.10040919577751191,3.5400179072791245,32.050000000000004
589,synthetic_planning_reference_v4,moderate,0.4144350252614674,2.532651526369382,0.0474999999993088,0.0708641780152612,3.1124103534879,28.25,0.06484316366430984,0.1159297372879133,3.737605043896759,34.85
590,synthetic_planning_reference_v4,low,0.6509736430179961,0.10619387476647764,0.0649999999990541,0.0872239385090792,2.5788365646074,28.55,0.07103798991668386,0.10024604734309508,2.433570795685396,28.900000000000002
591,synthetic_planning_reference_v4,low,0.4137482630318891,0.10500901054229025,0.0499999999994543,0.0631356735785817,3.28106242733376,28.95,0.04965195228855233,0.06600233840278923,3.463681761581657,29.400000000000002
592,synthetic_planning_reference_v4,moderate,0.6016454832840904,1.6594640829790732,0.0558333333327028,0.087973925724877,2.99223022059859,29.25,0.08556905478312542,0.12802414792445488,3.7938108377763724,34.25
593,synthetic_planning_reference_v4,low,0.7135035789081917,0.14924914347396595,0.0674999999990177,0.0869812991870162,2.89430864301488,27.75,0.0730328998657023,0.09643732135235362,2.8268829422545516,27.75
594,synthetic_planning_reference_v4,mild,0.2096732918931958,0.6081563062207588,0.0466666666659876,0.0634978484419722,2.72007428366117,29.2,0.054661881337418165,0.07214904306555328,2.7184872880461413,30.450000000000003
595,synthetic_planning_reference_v4,mild,0.7906117727699374,0.7038812361744735,0.0674999999988359,0.0760261450917578,3.67370415178672,29.05,0.07763296235536446,0.09073631378546007,4.02096451296376,30.8
596,synthetic_planning_reference_v4,mild,0.7721638116910535,0.866535693651854,0.0658333333323753,0.0914578607661687,2.72962874785103,29.6,0.0733142588580102,0.12048367895538423,2.99947416942891,31.400000000000002
597,synthetic_planning_reference_v4,low,0.717413910900742,0.09924655673623743,0.0616666666659512,0.092987523460231,3.35155789871605,29.1,0.06364545328198518,0.10278960249186349,3.530661063689562,29.450000000000003
598,synthetic_planning_reference_v4,moderate,0.35673780845335645,2.1125110572269037,0.04833333333263,0.0842952504724178,2.66070409740982,28.6,0.061145505962409516,0.12426043460678823,3.4344846637650988,35.0
599,synthetic_planning_reference_v4,severe,0.6319709936872651,2.8365278322076533,0.0741666666655874,0.0927661419244903,2.72229251553038,27.85,0.09714601397925195,0.145580685181656,3.8853219420660423,32.95
600,synthetic_planning_reference_v4,mild,0.7964543477907765,1.155695705871167,0.0491666666659512,0.0727141293583432,2.91790125246996,29.7,0.0574380587280883,0.10220337114451626,3.2640057304823893,32.6
601,synthetic_planning_reference_v4,low,0.16497507339049944,0.03859652753196107,0.0349999999994907,0.0691074306551508,2.46867014007803,29.8,0.0317535625938714,0.06993916266142247,2.3282266416721136,29.85
602,synthetic_planning_reference_v4,moderate,0.20529875743416454,0.7692399153312021,0.032499999999709,0.0598389017020253,2.70570848648267,28.9,0.03939625838422296,0.07498136437148101,2.910693855787422,31.3
603,synthetic_planning_reference_v4,low,0.620530524607842,0.16636861248979173,0.0449999999993452,0.0908350119251229,2.86303991492155,30.05,0.04606097088609708,0.10086894591574298,2.9181893915154324,30.900000000000002
604,synthetic_planning_reference_v4,low,0.7175919786532792,0.17042680228160229,0.0558333333325209,0.0717668260757517,3.26849232701491,29.2,0.05908210143432405,0.0793985262456121,3.498885754721569,29.650000000000002
605,synthetic_planning_reference_v4,mild,0.37657751312036514,0.7835468587732768,0.0341666666661695,0.0717993749841811,3.03188120057047,28.95,0.03875627416432359,0.10059356307142313,3.5010296829641705,31.25
606,synthetic_planning_reference_v4,low,0.5712593096806919,0.08470347776484462,0.0508333333327755,0.0729609327051152,3.26249147202198,28.7,0.05433608530081996,0.07924765300265695,3.3568403577408175,28.950000000000003
607,synthetic_planning_reference_v4,mild,0.13259248296432302,0.36581831933112835,0.0491666666657693,0.0687416017929954,2.77740838851671,26.7,0.05727754823917085,0.07409306954779042,2.746769989170521,27.05
608,synthetic_planning_reference_v4,moderate,0.4677601750360529,1.692679160462681,0.0508333333324117,0.0871821823996101,2.68980118450253,29.55,0.06558703947314667,0.12406247266560526,3.206260414889827,34.9
609,synthetic_planning_reference_v4,mild,0.37937332408779195,0.4566977006710651,0.0416666666662422,0.0538458258510082,3.14010413425696,28.5,0.044777734214478525,0.052843285606421916,3.299405876077214,29.25
610,synthetic_planning_reference_v4,mild,0.3752597485596038,0.5765796285651297,0.052499999999236,0.0660800344068505,2.8957616066683,28.65,0.06045037903982934,0.07232083949642212,2.987504052445162,30.05
611,synthetic_planning_reference_v4,low,0.696620750389326,0.12729184553136083,0.0374999999994543,0.0752512766341015,3.21619895176101,29.0,0.03382891589333626,0.08328429567672686,3.373584061406368,29.5
612,synthetic_planning_reference_v4,mild,0.31605518124889787,0.6220118716676025,0.0391666666659148,0.0842028321849862,2.74835118721452,29.2,0.04708669452145165,0.11719681615332417,2.8021673684971065,30.900000000000002
613,synthetic_planning_reference_v4,moderate,0.9189179250159237,2.282303761716239,0.0833333333321207,0.0833452489224623,3.13382016085117,28.3,0.11198290685791232,0.14093679081437174,4.22497676849034,35.300000000000004
614,synthetic_planning_reference_v4,low,0.3430382482663899,0.06461206608258911,0.0424999999993815,0.0630694835737937,3.35827323294826,29.0,0.0395527177122937,0.06275207505664922,3.4619431131792564,29.05
615,synthetic_planning_reference_v4,mild,0.77382819025669,1.4503530621313456,0.0658333333325572,0.0891050991586214,2.86940378030576,28.5,0.07719494757067524,0.1413140903893638,3.168234562216629,32.5
616,synthetic_planning_reference_v4,mild,0.23905228300345754,0.5064250708469783,0.028333333332921,0.048523211244783,2.90026682848292,28.75,0.025834288909313958,0.060961563572399166,3.132584383180944,30.05
617,synthetic_planning_reference_v4,mild,0.33137566819477954,0.9405528967253632,0.0508333333325936,0.07204307167773,2.98482845419526,27.95,0.062499624434123026,0.10544602951022018,3.244353846838589,29.900000000000002
618,synthetic_planning_reference_v4,low,0.4325014070890365,0.07462137433008979,0.0466666666659876,0.0604918469146215,3.15794140482942,29.25,0.04960678021055005,0.06046263271040302,3.2009878080967256,29.8
619,synthetic_planning_reference_v4,mild,0.5602176040897519,1.3846643910516663,0.0641666666659148,0.0781107245188855,2.89854444021799,28.7,0.08159203416353555,0.12842110046752822,3.5656647465494107,31.55
620,synthetic_planning_reference_v4,mild,0.27173778292862344,0.4575784511994946,0.0458333333326664,0.0850527297638573,2.6187297634564,26.5,0.04863045552159843,0.0990997887766416,2.610127776772433,27.25
621,synthetic_planning_reference_v4,mild,0.6157728221133495,1.6969432305644618,0.044166666666024,0.0832398304867656,2.82177435167649,29.25,0.04835653319535829,0.11763877985285699,3.317633861030176,34.2
622,synthetic_planning_reference_v4,mild,0.47867086098604766,0.9663498870528445,0.0474999999993088,0.0746607361684592,2.72756126803643,29.55,0.05347144560999895,0.10618273881278258,3.1739904636123106,32.7
623,synthetic_planning_reference_v4,mild,0.4692909450143466,0.609033279860158,0.0491666666659512,0.0711720981627792,2.90766482136218,28.55,0.05719744151644745,0.09222614676771286,3.138343370872925,30.450000000000003
624,synthetic_planning_reference_v4,low,0.8703783330219579,0.2076662249211416,0.0758333333322298,0.0866601526423136,2.72858590867893,29.65,0.08147923216710536,0.09820561560751069,2.6708697432520405,30.35
625,synthetic_planning_reference_v4,low,0.31173612916623916,0.08613580293632282,0.0291666666664241,0.0814065018838545,2.99307240107817,29.6,0.021579081065817914,0.08864190605918094,3.025952423175943,30.150000000000002
626,synthetic_planning_reference_v4,low,0.4112024416152916,0.12583972171777172,0.04833333333263,0.07387421366119,2.96737327495636,29.5,0.04744003978870811,0.07631806352639033,3.0537195883193773,30.05
627,synthetic_planning_reference_v4,mild,0.6836957131325683,1.0286728246233567,0.0508333333325936,0.0732186161065752,3.03992708590018,29.05,0.05815489968082212,0.10264802694151819,3.5148995946642767,31.700000000000003
628,synthetic_planning_reference_v4,moderate,0.34621738558851534,1.5687337372502905,0.0549999999990177,0.0760356197332925,2.70272132497256,28.35,0.06420858235873618,0.1250762588765999,3.1610855037941747,32.25
629,synthetic_planning_reference_v4,moderate,0.38092556285289914,1.2545163715520957,0.0341666666661695,0.0676779159865469,2.81890310642134,29.15,0.037676914650989865,0.08948607595370382,3.3023350760854884,32.25
630,synthetic_planning_reference_v4,moderate,0.4261407163127581,2.081533454117806,0.0408333333325572,0.0878841353694549,2.97866166901028,26.95,0.05127295101531166,0.13945424093058142,3.855194636733335,32.4
631,synthetic_planning_reference_v4,low,0.5013717809224191,0.1760998727159906,0.0458333333326664,0.0703119750270275,2.87109021117817,28.15,0.048186605999949304,0.07829250384847557,2.9073599736754865,28.5
632,synthetic_planning_reference_v4,moderate,0.18959156493522208,1.1821555540345463,0.0416666666662422,0.0715487969154956,3.26559241391234,29.35,0.05203452805396386,0.12057078168472926,3.658830754430085,32.800000000000004
633,synthetic_planning_reference_v4,low,0.45786919754040156,0.15752878530550252,0.0391666666660967,0.0597078010614744,3.08326374945082,28.75,0.03527214630560817,0.05601170391269667,3.1199919385754913,29.0
634,synthetic_planning_reference_v4,moderate,0.49607680645659963,1.5729492510301502,0.0574999999991633,0.0753396731975655,2.92151291936574,29.5,0.08365630386756706,0.13775164734136408,3.76133739984715,33.45
635,synthetic_planning_reference_v4,mild,0.21666586500516813,0.2633048514784996,0.0533333333325572,0.0704326581896545,2.80032484236525,26.85,0.05711821081205929,0.0778782721182389,2.8914705828151264,27.0
636,synthetic_planning_reference_v4,mild,0.6148484104734351,0.8031413851300165,0.0649999999988722,0.0717919796956667,2.90832375332068,29.8,0.07644222114390067,0.0814113820523418,3.3302078254414087,32.15
637,synthetic_planning_reference_v4,low,0.2491951182148094,0.09172898504211653,0.0474999999993088,0.0670801791448126,2.98591332248332,28.9,0.04862140457922926,0.06531437827711101,2.990792015839532,29.150000000000002
638,synthetic_planning_reference_v4,low,0.5413014702335169,0.1512652376961488,0.0583333333326664,0.0647764266670249,2.84255827551456,29.4,0.062094228960131094,0.06863233660433492,2.8737312983345014,30.3
639,synthetic_planning_reference_v4,low,0.27040087262616114,0.059242004878275224,0.0333333333326664,0.0635692054911144,3.04345112376938,28.7,0.03265380327057308,0.05897778308684713,3.134277031018221,28.75
640,synthetic_planning_reference_v4,low,0.49978729337686467,0.10030830913404755,0.0466666666659876,0.0680987409136082,3.60807398558988,29.5,0.04374034486869338,0.0684465883758262,3.8362616056305794,29.75
641,synthetic_planning_reference_v4,mild,0.6452836699996529,0.9604924053687154,0.0499999999992724,0.0628695345718143,2.77691074452227,29.4,0.056778514642391566,0.1268241704213942,3.1768456816770834,31.950000000000003
642,synthetic_planning_reference_v4,mild,0.14491585338611768,0.539549116197496,0.0333333333328483,0.0484935510692573,2.92485151271456,28.1,0.032927702741301704,0.060755376873931254,3.1999639313833743,29.35
643,synthetic_planning_reference_v4,low,0.44218948473367536,0.15306488906811425,0.0508333333325936,0.0662259992019113,2.92790661995678,30.15,0.05166725434983721,0.07186601273975662,3.0282086710344545,31.05
644,synthetic_planning_reference_v4,moderate,0.20520431092632782,0.7280965234400477,0.0349999999994907,0.0625081398438632,2.98981787010227,29.35,0.04049469834580827,0.09692454241549602,3.3018842644952024,31.400000000000002
645,synthetic_planning_reference_v4,low,0.7137455443068869,0.13304198178553933,0.0666666666658784,0.0571683208214112,3.54301116013888,30.15,0.07500444582489674,0.057513447437476876,3.7678793825215564,31.05
646,synthetic_planning_reference_v4,mild,0.23026195687338444,0.5248547682546458,0.0291666666662422,0.0538678769222799,2.93256528621451,28.7,0.027049306086536686,0.06833503388020178,3.092019097710647,30.3
647,synthetic_planning_reference_v4,low,0.4865295613631296,0.14602950077766796,0.044166666666024,0.0637284005226224,2.53603769484912,26.5,0.04640086956997107,0.06670561979600545,2.4573035075651792,26.3
648,synthetic_planning_reference_v4,mild,0.3894584946105486,0.551889782228094,0.0533333333325572,0.0601158467972497,2.9043718662078,29.05,0.061026333983104857,0.06353160378722471,3.1026658258928865,30.05
649,synthetic_planning_reference_v4,low,0.25849150966022316,0.1558148790576014,0.032499999999709,0.0607256863216179,3.0257552573141,26.2,0.02944516893781678,0.05905810863267901,3.113249068068696,25.900000000000002
650,synthetic_planning_reference_v4,moderate,0.6710707438095024,5.543821855827417,0.0566666666658421,0.0883636426375459,2.83341211994663,27.85,0.09810843912628392,0.14733428921587458,4.458691634821933,40.2
651,synthetic_planning_reference_v4,mild,0.499960884062002,1.1793667246914243,0.0399999999994179,0.0542926326635376,3.38128784788927,29.15,0.05239278168946764,0.06927900089778564,4.196848601216793,32.050000000000004
652,synthetic_planning_reference_v4,low,0.7854996516264214,0.30263892730233327,0.0574999999991633,0.0849234199947348,3.35311037654589,28.05,0.059932272146693874,0.09555586039528575,3.6899957086877264,29.0
653,synthetic_planning_reference_v4,mild,0.42577269278019053,0.7227732990400483,0.0566666666654783,0.0467298628980076,3.06778292924956,29.25,0.06171790340762363,0.05778108136531725,3.3533117382550803,31.05
654,synthetic_planning_reference_v4,mild,0.3694746897224334,0.6496076382376278,0.0449999999993452,0.0809701651608522,2.66939821390224,29.65,0.051510701855574874,0.09241576911117674,2.792045538203001,31.3
655,synthetic_planning_reference_v4,moderate,0.5004080857742634,1.446143345261541,0.0458333333328483,0.075330440618732,3.23654208002315,28.75,0.061704730122652436,0.10891226500161665,3.9099944683683434,33.95
656,synthetic_planning_reference_v4,mild,0.46557987310031057,0.8011852195983491,0.0466666666659876,0.0662941346428062,3.02483090152531,28.95,0.05776357357488081,0.09087079847406054,3.400916121933409,31.5
657,synthetic_planning_reference_v4,low,0.5350381510933285,0.18615274781339625,0.0541666666660603,0.074127610950863,3.0511104613944,27.5,0.050068598729117515,0.08273122316576184,3.1129182187643334,27.25
658,synthetic_planning_reference_v4,low,0.5304431853224911,0.1275524601743105,0.0491666666657693,0.0906881011054737,3.21344916116501,28.55,0.04954972920170836,0.10295196842396087,3.304554590226712,28.8
659,synthetic_planning_reference_v4,low,0.8410154194233422,0.13926351526652078,0.0816666666652964,0.0643376264282364,3.1954876515079,29.6,0.09105743397364946,0.06563452349143356,3.311276985252908,30.1
660,synthetic_planning_reference_v4,low,0.5471263072846119,0.1411806362047241,0.0566666666658421,0.0662139819674334,2.69881275993901,29.4,0.061976313149398346,0.06746800959134937,2.68399801333843,29.75
661,synthetic_planning_reference_v4,mild,0.9342795799929724,0.9711694064627446,0.0899999999986903,0.0952115525654108,3.18556733507954,29.8,0.10585121435738139,0.12323859207386911,3.736346970772073,32.800000000000004
662,synthetic_planning_reference_v4,low,0.4904335058366857,0.1746039071401831,0.0474999999994907,0.0658595862351132,2.94455167453825,29.55,0.04670254177452117,0.06964777806991715,3.024591485764056,30.3
663,synthetic_planning_reference_v4,low,0.623865995173103,0.15913237559839322,0.052499999999236,0.071931333500398,3.11390398319001,28.1,0.05503612059995012,0.07753627809636722,3.1329202317631055,28.35
664,synthetic_planning_reference_v4,mild,0.669118375409776,1.6745495624737408,0.0758333333322298,0.078031413877877,3.14945624002945,28.35,0.08558981571601937,0.13700475153046235,3.818444514928097,33.4
665,synthetic_planning_reference_v4,mild,0.28777626198085066,0.6758689550127865,0.0416666666660603,0.0642123075518433,2.93455171852856,28.15,0.044256129099905527,0.07720571226715958,3.199351234517232,29.400000000000002
666,synthetic_planning_reference_v4,mild,0.16884173675570419,0.4888102543845755,0.0408333333327391,0.0613252164565406,2.94769002261812,28.95,0.04617779869374198,0.06650474960258684,3.1630800985771192,29.900000000000002
667,synthetic_planning_reference_v4,low,0.27885484707123875,0.11831082574242284,0.0391666666662786,0.0559819703728347,3.18905511382958,28.95,0.041213372460913805,0.05524241498075403,3.2361110734720127,29.150000000000002
668,synthetic_planning_reference_v4,mild,0.74192056666252,1.0364988131503812,0.0674999999990177,0.0790867055985302,3.12101452382166,28.2,0.08540197699871013,0.10594256562325094,3.6670697197447764,30.150000000000002
669,synthetic_planning_reference_v4,mild,0.7418859682097969,0.5800931343858912,0.0674999999988359,0.079235504995475,2.81637175568355,29.65,0.07634744114121186,0.1228286428735044,3.1912085018553276,31.150000000000002
670,synthetic_planning_reference_v4,mild,0.7838504205309526,1.8926158149865355,0.0566666666662059,0.10800580721945,3.42881475984427,30.15,0.07425330109668013,0.13984397679019064,4.3743243049978995,36.15
671,synthetic_planning_reference_v4,low,0.5711469661029293,0.18592787495638707,0.0666666666653327,0.0720718601128039,2.71456114063201,29.2,0.07252775893362005,0.07643245188978598,2.688422189936789,29.900000000000002
672,synthetic_planning_reference_v4,mild,0.45664789912919224,0.5947472124670937,0.04833333333263,0.0777366592860838,3.2503440113154,27.65,0.055259663399279374,0.0988745873276005,3.4191966789081523,28.8
673,synthetic_planning_reference_v4,mild,0.6272597882453059,1.9218043536875045,0.0408333333325572,0.100974972360458,2.58514679731657,28.35,0.0598395588888463,0.13765088200918146,2.941062399412786,33.7
674,synthetic_planning_reference_v4,mild,0.8320347249889837,1.0660012128800112,0.072499999998945,0.0787412110844332,3.47320501275665,29.75,0.09279240412899784,0.11588141219527573,4.113743844900448,33.25
675,synthetic_planning_reference_v4,mild,0.25943193541970716,0.583300297438326,0.0566666666656602,0.0659894476364205,3.07471002364965,27.6,0.06569753188975166,0.0762679845293757,3.260063554702409,28.8
676,synthetic_planning_reference_v4,mild,0.8772337319215342,1.1027209958632391,0.0558333333325209,0.0844924297435445,3.62171103833078,28.45,0.06608465404262648,0.11302574154429505,4.122162678145709,30.400000000000002
677,synthetic_planning_reference_v4,low,0.6132033493369288,0.14398151074360577,0.0466666666659876,0.0675799994910718,2.95440602861136,29.15,0.044021444940573126,0.0715810486372137,2.978654445912804,29.400000000000002
678,synthetic_planning_reference_v4,low,0.3501150308959158,0.21833430975095125,0.0474999999991269,0.0735411840422739,2.69924452129134,28.6,0.04480216289970452,0.0836066822740472,2.6924266796386354,29.150000000000002
679,synthetic_planning_reference_v4,mild,0.5166453869236032,0.920605149037941,0.0433333333327027,0.0641664774893399,3.16148161677268,28.45,0.05188818572264809,0.09350017727140926,3.4247603137942337,30.900000000000002
680,synthetic_planning_reference_v4,mild,0.5835370892503198,0.8033811103270829,0.0516666666659148,0.0847865375339268,3.0208174821762,29.5,0.06331854684338631,0.11461238094249795,3.4315353976535024,32.050000000000004
681,synthetic_planning_reference_v4,low,0.38497373924887046,0.09769662092503362,0.0474999999994907,0.0705533940740244,2.94530967764767,28.0,0.047298443521250524,0.07396265948926105,2.9306451389787687,27.85
682,synthetic_planning_reference_v4,low,0.24782654624153042,0.04280166365816001,0.0508333333325936,0.0539792264193416,2.41447276049347,29.3,0.04985132590916205,0.04637873330900053,2.1910294542429924,29.55
683,synthetic_planning_reference_v4,moderate,0.39530032827477896,1.9109118789277995,0.0324999999991633,0.0574396993509484,3.0263106472603,28.75,0.04899533397290297,0.1280645283091203,3.9075321773047738,33.9
684,synthetic_planning_reference_v4,low,0.6559446662145246,0.19654257308645184,0.0549999999993815,0.0687676391986072,2.98988160607988,29.25,0.059337440236883636,0.07391267622489008,3.0638385271981705,29.8
685,synthetic_planning_reference_v4,moderate,0.8340633300990558,2.45870912124871,0.0641666666659148,0.0993607577760674,2.77203549016468,29.7,0.09816620595547329,0.14818013240104802,4.014330865771836,36.75
686,synthetic_planning_reference_v4,moderate,0.2550430191075115,0.8810631316074561,0.0458333333328483,0.0639277560754039,3.11682521965401,28.75,0.0571541488551318,0.08213546260584333,3.5215178093152875,31.5
687,synthetic_planning_reference_v4,moderate,0.4438403361522965,1.2134637315667642,0.0649999999990541,0.0866266606796926,3.26377394880033,28.9,0.08077427956325763,0.11986375174871386,3.7394052810170404,31.150000000000002
688,synthetic_planning_reference_v4,moderate,0.7453582916672201,2.7670808403879263,0.0574999999993452,0.070779919841356,3.44995628064349,29.1,0.08351739558587536,0.13049078808347853,4.367613888949484,39.1
689,synthetic_planning_reference_v4,mild,0.7906547081001093,0.9447601606871122,0.0624999999990905,0.058327495926472,3.30816559337967,29.95,0.07459512036994646,0.07548908872054007,3.787567643691317,33.0
690,synthetic_planning_reference_v4,low,0.2525522328333252,0.14025443031265797,0.0449999999993452,0.0636556662833062,3.15564224215716,27.15,0.04336526590080252,0.06401821831191573,3.3017423589896797,26.900000000000002
691,synthetic_planning_reference_v4,mild,0.7357717813464586,0.9091354759859361,0.0508333333325936,0.0648403414927755,3.63432863434058,29.4,0.060799078410322824,0.10188611698095953,4.1635516892300215,32.4
692,synthetic_planning_reference_v4,low,0.45529838385356114,0.10563656734811615,0.0474999999994907,0.0640918974926512,3.02352323732343,28.7,0.05028851565460505,0.06045578590432921,3.16454239077811,29.05
693,synthetic_planning_reference_v4,mild,0.4938802866220551,0.605199631992891,0.0416666666660603,0.09559096475546,2.78692234959872,29.1,0.048484391225740435,0.1328804320361112,3.0298460537134404,30.55
694,synthetic_planning_reference_v4,low,0.5247680068701005,0.20042134760417693,0.0716666666656238,0.0670560159483792,3.06486557896287,27.85,0.07979978816704315,0.07266807391122683,3.199065090312121,28.150000000000002
695,synthetic_planning_reference_v4,mild,0.622839188952441,0.9761046752858988,0.044166666666024,0.0712272738319324,3.53458293505611,28.4,0.05348789502160362,0.08982963520768229,4.115048155336716,30.950000000000003
696,synthetic_planning_reference_v4,mild,0.5169446284896002,0.7024007342477923,0.0558333333325209,0.0832524178341599,2.9520641068726,27.95,0.06103314398342651,0.10677091978035161,3.305491368240608,28.950000000000003
697,synthetic_planning_reference_v4,mild,0.7995457717185015,0.8578181283724148,0.0666666666655146,0.0680311801959491,2.8522218460419,29.25,0.07965244410859057,0.09074051047176643,3.0981315204963207,31.700000000000003
698,synthetic_planning_reference_v4,low,0.67389423218243,0.20000590496308293,0.0499999999992724,0.0683737939410788,3.17319257345917,29.85,0.05381593978589014,0.07679575411009061,3.236711859067726,31.0
699,synthetic_planning_reference_v4,low,0.5951443061169488,0.16585256925210623,0.0508333333325936,0.0828433004722382,2.99594881473649,29.15,0.050310404185497405,0.09742510164214757,3.136090283255175,29.35
700,synthetic_planning_reference_v4,moderate,0.5861578741528285,1.029172067998414,0.0516666666659148,0.0695115373485667,3.393643882329,29.0,0.06770503544644063,0.10359235125859025,4.151977889415005,31.35
701,synthetic_planning_reference_v4,low,0.507225653764207,0.081272476788026,0.0499999999992724,0.0747566393661472,2.80858868813283,28.05,0.049220741616340484,0.07718753257908645,2.7871630580064672,28.0
702,synthetic_planning_reference_v4,mild,0.67615565815909,0.7705865578964628,0.0808333333321571,0.0964687384842424,2.63241941148586,27.75,0.09449087222425476,0.12021989180124791,2.969216915050155,29.8
703,synthetic_planning_reference_v4,low,0.7391823215637175,0.09734424742047194,0.044166666666024,0.0876021950888915,3.00244668005978,29.1,0.04246270801808475,0.09484829107791923,3.02671988941217,29.6
704,synthetic_planning_reference_v4,mild,0.9334934738568028,1.3733070911655387,0.0674999999990177,0.0759032099311392,3.3926514065111,30.05,0.08399951540662898,0.10413986601874003,3.947851266912742,34.75
705,synthetic_planning_reference_v4,mild,0.9159107592562465,1.2487567340162222,0.0858333333320843,0.0928374132501436,2.53712263709075,29.8,0.10951194980679567,0.13566675976190593,2.8083596234625334,34.050000000000004
706,synthetic_planning_reference_v4,mild,0.45518852745585314,1.2600672221608515,0.0391666666660967,0.0586547719676942,2.87191846261978,29.1,0.04730928778744138,0.07643894737831725,3.4542944075912367,32.800000000000004
707,synthetic_planning_reference_v4,mild,0.434571407201058,0.7832247844592372,0.0358333333328119,0.0608870724716911,3.01314182539743,28.65,0.03998882422433095,0.07665499107160798,3.2410977541215327,30.900000000000002
708,synthetic_planning_reference_v4,severe,0.281266017354224,3.173961312857965,0.0366666666661331,0.077467327457298,2.82555408872768,29.1,0.07278729985906947,0.1244823585850335,3.6433189528473036,36.2
709,synthetic_planning_reference_v4,mild,0.8733896125805313,0.8290390630139438,0.0591666666658057,0.0788603250353045,2.89747720904517,29.3,0.07161060581357677,0.09561950564378391,3.16735278134228,31.75
710,synthetic_planning_reference_v4,moderate,0.5697605971893942,1.5820634990378548,0.0616666666657693,0.0846733619654924,3.0635866509032,27.55,0.07063145874565983,0.12401172678758661,3.443874755204862,32.6
711,synthetic_planning_reference_v4,mild,0.7395092628143095,0.9211925149013707,0.0733333333320843,0.0790909993565848,3.32554067972196,29.4,0.09554241805423343,0.09914409897834207,3.7792614631984653,31.1
712,synthetic_planning_reference_v4,low,0.7138192342957016,0.07257185617365387,0.0566666666658421,0.0699529895657461,3.46238150147443,29.4,0.05771460813099846,0.07003339720110983,3.6758425794131138,29.75
713,synthetic_planning_reference_v4,severe,0.5627842454295808,2.675609148260349,0.0424999999993815,0.0554586501419714,3.29521434508645,29.9,0.06072059484933853,0.1440177106018307,4.031304420845127,36.75
714,synthetic_planning_reference_v4,moderate,0.833368655117397,2.3108308354292313,0.0508333333325936,0.0971532431744891,2.68103452481998,29.25,0.07749881058115163,0.14266644712567353,3.184344215327715,35.7
715,synthetic_planning_reference_v4,low,0.5785666234896312,0.0932829095196334,0.0599999999991269,0.0803803671904828,2.74511937337576,28.55,0.06485611173869756,0.0910142161474403,2.6934760980271344,28.5
716,synthetic_planning_reference_v4,moderate,0.42509578433398065,1.1404516157236386,0.0599999999991269,0.0687266066311756,3.21735911044992,28.1,0.07063336659718453,0.09823601501088983,3.6441582441733695,30.3
717,synthetic_planning_reference_v4,moderate,0.4644489014286673,1.3110697022296924,0.0449999999993452,0.0835714563544016,2.61597535062088,28.2,0.052860606459136185,0.11886263846207656,3.1830524582029733,31.900000000000002
718,synthetic_planning_reference_v4,low,0.241897351143343,0.1280279382272113,0.0358333333328119,0.0567677400919762,3.12029487392048,28.8,0.03304645342908711,0.05559149210727122,3.179879107771712,29.150000000000002
719,synthetic_planning_reference_v4,mild,0.29874434606872663,1.0390576328330916,0.0449999999993452,0.0703745931965511,3.16102129896575,28.9,0.051890305204625536,0.10296553171653196,3.5903249948831117,32.4
720,synthetic_planning_reference_v4,severe,0.13831931756869892,1.34798731895008,0.0424999999993815,0.0635017637954065,2.80578194383591,28.45,0.05788090405690468,0.09961008030582426,3.1901716780781304,31.75
721,synthetic_planning_reference_v4,low,0.503712426560348,0.07461852580786268,0.044166666666024,0.0775438663659052,2.64371737342832,29.1,0.04093985514757367,0.08288994259573959,2.590195103461905,29.450000000000003
722,synthetic_planning_reference_v4,mild,0.1469018156998812,0.5872199496893106,0.0249999999994543,0.0543156497502614,2.90045741230921,28.3,0.023122086420848863,0.06085459017414629,3.1441218449952477,29.6
723,synthetic_planning_reference_v4,low,0.7104748867181148,0.13538250513414885,0.0649999999990541,0.077782417735669,2.72329222042904,28.65,0.07178438905474527,0.08876168853577839,2.7434548828613967,29.0
724,synthetic_planning_reference_v4,low,0.6018966274690748,0.10364670198684015,0.0599999999993088,0.0677463140649618,3.0514682469076,28.95,0.06449115895597031,0.0734203888709298,3.2113822994250714,29.150000000000002
725,synthetic_planning_reference_v4,mild,0.23048325444663126,0.339640233832716,0.0266666666664605,0.0699120658679297,2.60839537070649,27.85,0.0214188041606777,0.07862153060608476,2.526726626287084,28.6
726,synthetic_planning_reference_v4,low,0.5592591509476658,0.0947137662737979,0.0466666666659876,0.0807834537694819,3.04436052112911,29.15,0.047362497588487824,0.08914817762175523,3.0385858945052058,29.200000000000003
727,synthetic_planning_reference_v4,low,0.7395116578027835,0.12110024499680164,0.0624999999989086,0.0610362005869179,3.59143728996971,28.7,0.06617165806509145,0.06004067866205022,3.80400806626985,29.200000000000003
728,synthetic_planning_reference_v4,moderate,0.8032738179774319,1.3860875776671606,0.0591666666658057,0.0706007642516379,2.82593334054136,29.65,0.08235271702551598,0.12026988780590178,3.331228742674838,34.75
729,synthetic_planning_reference_v4,mild,0.7002473959910014,1.1137131328569188,0.0549999999991996,0.068732895205918,2.94581002458327,28.35,0.06632840120958965,0.11405099995697857,3.5542521721788454,31.400000000000002
730,synthetic_planning_reference_v4,moderate,0.6880946073414935,1.8461721026079567,0.0591666666658057,0.0772145123992285,2.9907969561319,28.7,0.07994219523806147,0.11521813354225321,4.102667069933026,33.1
731,synthetic_planning_reference_v4,mild,0.1854840961125856,0.5426874463758411,0.04833333333263,0.0694895257289884,2.8777887306078,28.0,0.05195726082894235,0.0860701600200146,2.9467093885860747,28.950000000000003
732,synthetic_planning_reference_v4,mild,0.7061992825466039,0.452476004053214,0.0591666666658057,0.0716149578509548,3.46645163631411,28.0,0.06834225987217848,0.08997640234347343,3.780889089590478,28.950000000000003
733,synthetic_planning_reference_v4,mild,0.21847957684316968,0.689365376822182,0.0399999999994179,0.0685045418678971,2.58078667131488,28.7,0.04007540804905896,0.10329485147816038,2.7083621192898915,30.35
734,synthetic_planning_reference_v4,moderate,0.30972031697894,1.125670176416641,0.0499999999990905,0.0889492581178229,2.77099520258309,28.1,0.06125025371183627,0.11886687423897233,3.038387498102027,30.85
735,synthetic_planning_reference_v4,low,0.11588146136987672,0.06980648218217249,0.0424999999993815,0.0679135819932626,2.66831217165016,28.2,0.04069973792864097,0.06614650347012387,2.61989587874167,28.1
736,synthetic_planning_reference_v4,mild,0.8632600053545056,0.7867074611426293,0.0749999999989086,0.0731898283513324,3.07928330363261,29.85,0.09088663304199253,0.09079074238790727,3.2911435516315346,31.5
737,synthetic_planning_reference_v4,mild,0.6390292441075788,1.7084787129219656,0.0508333333325936,0.0602613917002713,2.65884129216231,28.3,0.0690138490763817,0.1019543076733289,3.3462124117149212,32.300000000000004
738,synthetic_planning_reference_v4,mild,0.4240736683713173,0.6341660169432414,0.0508333333325936,0.0692086191679504,2.78238449294529,28.15,0.061586604003822286,0.0900926830783656,3.06434624225717,29.75
739,synthetic_planning_reference_v4,mild,0.5555724609941949,1.500798358566884,0.072499999998945,0.062400488656744,2.46598811548866,29.15,0.09740483757638262,0.09194985478643536,3.0041508158000982,32.4
740,synthetic_planning_reference_v4,low,0.3928876300229568,0.1423891915483992,0.0516666666659148,0.0570670018323115,3.27906882158238,29.25,0.05659693743114186,0.05286195197590755,3.412253889351228,29.55
741,synthetic_planning_reference_v4,moderate,0.32427103929489537,1.0686406810970561,0.03583333333263,0.0629657953308741,3.09020259103223,27.95,0.033079675531702026,0.06852142572529919,3.506918372379843,30.6
742,synthetic_planning_reference_v4,low,0.5082392581821837,0.08275677293057915,0.044166666666024,0.0677851192974362,2.84058352098203,30.05,0.04271665316257852,0.06659973008683534,2.843590947575886,30.5
743,synthetic_planning_reference_v4,mild,0.7549019865186553,0.8649607407483663,0.0566666666658421,0.0753729730468806,3.15342913559176,29.75,0.07253890101360222,0.09776877686687456,3.72036881056666,32.2
744,synthetic_planning_reference_v4,moderate,0.8252563764196011,0.8954980034909443,0.0658333333321934,0.0752506640144084,3.01988507864291,28.65,0.08024402222132383,0.10558796205206444,3.3393273171592135,31.0
745,synthetic_planning_reference_v4,low,0.7889690829578127,0.20291500691267986,0.069166666666024,0.077898431822165,3.0140925050448,30.05,0.07777631091557159,0.08544985376093747,3.0564117709946363,30.75
746,synthetic_planning_reference_v4,mild,0.5997939651342324,0.7492390571400586,0.0458333333326664,0.0810277119558859,3.19825223530905,28.35,0.05565958845139875,0.11934148992680003,3.4321083650005413,29.650000000000002
747,synthetic_planning_reference_v4,moderate,0.44650124768115995,1.338901543799368,0.0483333333328119,0.0603425558066697,3.29432746029977,29.75,0.07233743895105665,0.09239995863887655,3.785793915858062,34.1
748,synthetic_planning_reference_v4,low,0.5254884836429763,0.11739356263345763,0.0474999999991269,0.0692459418958931,3.57314806164533,28.55,0.04869897326703181,0.07186027431904891,3.7862872176989013,28.5
749,synthetic_planning_reference_v4,low,0.18507854898758733,0.0638781685050008,0.032499999999709,0.067272881918393,2.65143967739008,27.05,0.02870454183193032,0.06720015558200595,2.5430692277149936,26.700000000000003
750,synthetic_planning_reference_v4,mild,0.42046001088894136,0.6509118833743585,0.044166666666024,0.0679272172010155,3.2725735109744,29.15,0.046648374917122724,0.09336994364127255,3.5802654981867823,31.200000000000003
751,synthetic_planning_reference_v4,low,0.8320891714422161,0.13779844671201918,0.055833333332339,0.0817174516551686,3.57321487768283,28.95,0.05696505587412997,0.08947042775773131,3.8823911984540675,29.200000000000003
752,synthetic_planning_reference_v4,low,0.15656780014757235,0.09490793673627698,0.0416666666658784,0.0580908743852739,3.30685129914861,27.3,0.0420939881916447,0.05531095301326606,3.41307122476982,27.0
753,synthetic_planning_reference_v4,low,0.7069693362701582,0.12570044509214373,0.0608333333322662,0.0771319504287056,2.90118377426851,28.95,0.06328526785689148,0.08816586736663462,2.863794578495233,29.5
754,synthetic_planning_reference_v4,moderate,0.5472047946541019,2.7621119622456645,0.0683333333325209,0.0843339160587084,2.95808889875853,28.55,0.08932962026274185,0.14667992896903645,3.774640759656081,35.45
755,synthetic_planning_reference_v4,moderate,0.38731339771198453,2.3068142313741005,0.0458333333324845,0.0638694837862743,3.4213106950719,27.55,0.06132360222647159,0.1257047356614886,4.150267821888434,32.75
756,synthetic_planning_reference_v4,mild,0.7046818114737263,0.8099439674420219,0.0599999999993088,0.0931882097929075,3.45135090489161,28.9,0.07196018146348362,0.1195184440774377,3.8965694030053544,31.1
757,synthetic_planning_reference_v4,mild,0.7298010655266236,0.8368668023675199,0.0699999999989814,0.0536650848751553,2.98650677313302,29.55,0.08476924188134166,0.06480521007878799,3.393344762001427,31.400000000000002
758,synthetic_planning_reference_v4,low,0.8646099361769779,0.2175803911985497,0.0633333333325936,0.0848953759360895,3.22972192540923,29.5,0.0691510192964191,0.0939212453195756,3.3352751160229377,30.35
759,synthetic_planning_reference_v4,low,0.5640335023420014,0.10331591748446439,0.059999999998945,0.0610622281803851,2.8434764792448,29.1,0.06780511233319109,0.0586803722066351,2.8298806933693217,29.35
760,synthetic_planning_reference_v4,mild,0.6126937886641965,0.6985361090892254,0.0591666666654419,0.081659219225593,3.04068553434629,29.55,0.06781421051392822,0.1164244800818639,3.2898135063282985,31.05
761,synthetic_planning_reference_v4,moderate,0.6174823174755869,2.4147064485878174,0.0858333333322662,0.0844242459107055,2.81238388480149,28.9,0.11379950962680817,0.14126163036445602,4.047794190155422,35.800000000000004
762,synthetic_planning_reference_v4,severe,0.42231828331944526,3.730310071345693,0.0541666666655146,0.0777035755864206,3.17392250813931,28.85,0.10112164435306761,0.14595450988306075,4.430839959937017,37.4
763,synthetic_planning_reference_v4,low,0.7583781505110904,0.14779844411074392,0.068333333332157,0.0761083899062159,2.58305926970096,29.2,0.072257686004024,0.08450048397253318,2.4701001292096074,29.6
764,synthetic_planning_reference_v4,mild,0.3368683188223977,0.7864679450466037,0.0375,0.0672445576469888,2.56778946516438,28.55,0.0424383853103451,0.1039734733014387,2.753646480658854,30.3
765,synthetic_planning_reference_v4,low,0.2718564271256305,0.12634781316519808,0.0474999999993088,0.067397149394671,2.71451697104234,29.8,0.04235273375531219,0.06958829526772796,2.707597386051839,30.450000000000003
766,synthetic_planning_reference_v4,low,0.433332560100436,0.09453226590707904,0.0391666666657329,0.0771799003458282,2.93612809796166,28.75,0.035795513325738125,0.0832957565120409,2.9490770200828043,28.85
767,synthetic_planning_reference_v4,moderate,0.3994917793581045,0.6579108417286892,0.0399999999994179,0.0634771409916325,2.47950406620425,29.05,0.04231922945777354,0.09047135149694145,2.551941901529817,30.900000000000002
768,synthetic_planning_reference_v4,severe,0.41346752473705867,1.3963747310472183,0.0308333333330665,0.0833418068224683,2.96484968137468,28.65,0.04712709439914489,0.13116535644291677,3.4577993226612262,32.65
769,synthetic_planning_reference_v4,low,0.5002968945838655,0.12279285056777262,0.0449999999995271,0.0643053105229563,3.00663598935533,29.5,0.04928119276227171,0.06668935232671461,3.05446400606655,29.950000000000003
770,synthetic_planning_reference_v4,mild,0.39767766000104904,0.3969337442931125,0.0674999999991996,0.0723385380288694,2.57548841342734,28.95,0.077240507962582,0.08769712358991036,2.6580026724508437,30.1
771,synthetic_planning_reference_v4,mild,0.5016947498500027,1.0489862594002264,0.0483333333329938,0.0739006784160323,3.40660697787848,29.7,0.06227831002398569,0.09298828424068532,4.099763849623497,33.300000000000004
772,synthetic_planning_reference_v4,mild,0.3181602721035846,0.5066485609029011,0.0333333333326664,0.0587932839604741,3.25276086098789,26.75,0.03287141247606302,0.0680722571487403,3.5933513837113087,26.950000000000003
773,synthetic_planning_reference_v4,mild,0.5511712872235377,1.1425071579512263,0.0674999999990177,0.0703765504336532,2.89048334636722,29.8,0.0762749149959525,0.11291736437033487,3.2701976267574815,32.75
774,synthetic_planning_reference_v4,low,0.5654147686472735,0.1584785183227703,0.0491666666657693,0.077408079020804,3.08826325194298,29.1,0.05211874018017124,0.08637422043032612,3.1582896200515815,29.85
775,synthetic_planning_reference_v4,low,0.5471350081649026,0.12226930636255413,0.0483333333322662,0.070344066495625,3.04071738358173,27.65,0.04830432670008068,0.0790502184882963,3.109022088104197,27.85
776,synthetic_planning_reference_v4,low,0.6493728562377571,0.182152817453048,0.0441666666658421,0.0839189679380637,2.83229691059774,28.7,0.04178032966351889,0.09709144496404021,2.8109259429981663,29.150000000000002
777,synthetic_planning_reference_v4,low,0.5938641392536937,0.17299425273457394,0.0449999999993452,0.0761684891854632,2.73492962665785,29.25,0.043010895529695885,0.08556891319890524,2.650523438022134,29.6
778,synthetic_planning_reference_v4,severe,0.8401620431774548,3.2953359733047445,0.068333333332157,0.0831285072832177,2.81338144109487,29.75,0.11541154739676587,0.14587885136020626,4.041115151242076,38.800000000000004
779,synthetic_planning_reference_v4,mild,0.7805360332022931,0.8278841734877302,0.0749999999989086,0.0663053559979179,2.76640551058474,29.7,0.08337843455547934,0.07833218677067609,2.6763199135724975,32.0
780,synthetic_planning_reference_v4,low,0.809791295363585,0.14352186134281203,0.0666666666655146,0.0861406514327541,3.12264484561378,29.15,0.07333342919605025,0.10156904237603906,3.12063287764026,29.75
781,synthetic_planning_reference_v4,low,0.49831607556402724,0.07267712724587816,0.0491666666659512,0.0596686369866528,3.52360897582398,29.7,0.04715486321027727,0.054142163162376064,3.7190735099418966,30.150000000000002
782,synthetic_planning_reference_v4,low,0.7812637548961113,0.10054161500711725,0.052499999999236,0.0878821931436746,3.29282088698419,28.5,0.05463854312295403,0.09667170083795368,3.382296504213752,28.650000000000002
783,synthetic_planning_reference_v4,mild,0.32634896511457806,0.6088768751148034,0.0383333333325936,0.0692308878366267,2.79540199764753,29.05,0.04335036604276771,0.07651404859044396,2.997049648934776,31.0
784,synthetic_planning_reference_v4,mild,0.7699047527018,0.647097042598304,0.055833333332339,0.0711863332543821,2.91488540499129,29.3,0.0648670004267294,0.0812816489442073,3.11967690792205,30.700000000000003
785,synthetic_planning_reference_v4,low,0.23701601997866972,0.06644630114056276,0.0424999999997453,0.0708539487560424,2.98807222315067,28.0,0.0392435014394693,0.07469592138914884,2.998130494607883,27.700000000000003
786,synthetic_planning_reference_v4,low,0.39498043715478603,0.08975093156996342,0.0374999999998181,0.0677884078794508,3.09243893893757,28.25,0.03477163186837873,0.06881289359735483,3.242360739585963,28.200000000000003
787,synthetic_planning_reference_v4,mild,0.34434850343954615,0.7275414827867387,0.0383333333327755,0.0602785257112797,2.80741228044203,30.05,0.0441545091797985,0.0796876565308312,3.007533311965317,32.1
788,synthetic_planning_reference_v4,moderate,0.23464229323469962,0.8994634942697418,0.0433333333328847,0.0716639151483983,3.15647607414454,28.3,0.047559899155469765,0.1025559105763389,3.486165861933933,29.85
789,synthetic_planning_reference_v4,moderate,0.611523213662748,1.1766357352819883,0.0424999999991996,0.0843346448958512,3.51876152199019,28.25,0.056344504589167996,0.10731087714745437,4.119901996672501,30.950000000000003
790,synthetic_planning_reference_v4,mild,0.12936125944523255,0.5129286445539545,0.0358333333328119,0.055228369156237,2.8688394767951,29.5,0.034911113007310715,0.07502306201592557,3.0793567149131724,30.950000000000003
791,synthetic_planning_reference_v4,mild,0.3583669194176034,0.4387959864102749,0.0483333333328119,0.0829726929283591,2.88667955710013,29.35,0.051300985223376436,0.1052847062734298,3.0945295788500946,30.200000000000003
792,synthetic_planning_reference_v4,low,0.66256665859687,0.08556685339313201,0.0599999999993088,0.0613862364239115,3.05486236178693,29.45,0.0641246357118442,0.062151292865088414,3.088608392489232,29.85
793,synthetic_planning_reference_v4,mild,0.31295949388902455,0.41622108154180765,0.0491666666659512,0.0576593663803933,2.98827047829903,29.15,0.05641408803763168,0.06553695577829623,3.223078342668273,30.200000000000003
794,synthetic_planning_reference_v4,low,0.1172491596221002,0.06105947383899624,0.0383333333329574,0.0577849031688302,2.55808163727135,26.85,0.039076455673396036,0.051884129823961296,2.4484784064728613,26.35
795,synthetic_planning_reference_v4,mild,0.3912120391800516,0.5489602232062185,0.0483333333320843,0.080720571919991,2.94122086649524,28.7,0.04959056607444716,0.09783693014022743,3.113820356429206,30.5
796,synthetic_planning_reference_v4,mild,0.7888761942146459,0.7660830656539321,0.0633333333324117,0.0630419723996583,3.21699733574768,28.8,0.06831200771053479,0.07909702313554008,3.692074136996868,30.200000000000003
797,synthetic_planning_reference_v4,severe,0.40320573540440996,3.2146243677174193,0.0458333333330302,0.0610584304805456,3.62945544694446,28.25,0.06909796529359691,0.1271550212557282,4.477485383003012,37.7
798,synthetic_planning_reference_v4,moderate,0.2987531327161452,0.9628732448364501,0.0483333333324481,0.0705263899584289,2.92685471462873,28.05,0.056734297461586494,0.09484372465023384,3.166454395725607,29.85
799,synthetic_planning_reference_v4,moderate,0.6786064373379477,1.1261937883605486,0.0649999999988722,0.0799465751931522,3.06201316817563,28.65,0.07641190787898593,0.10670747425978283,3.551284534569724,32.15
800,synthetic_planning_reference_v4,low,0.6431760724769717,0.17968145850297002,0.0474999999994907,0.0854157089187666,2.91497359709958,28.6,0.04824082335640265,0.09881391239361893,2.899277011805702,29.0
801,synthetic_planning_reference_v4,moderate,0.29720966450637704,1.2350360967357472,0.0499999999990905,0.079012315063666,3.10762521460057,29.0,0.05672656618625927,0.12138457245858525,3.6462440692260327,32.300000000000004
802,synthetic_planning_reference_v4,moderate,0.8785298109451484,1.6330758360660318,0.0633333333324117,0.07273445356839,3.08677767925183,29.6,0.0785115567207892,0.10271566784973411,3.5966507897951496,33.4
803,synthetic_planning_reference_v4,mild,0.46170635997607345,0.6685045136838643,0.0516666666659148,0.0867497248158884,2.97961393708333,27.9,0.05694127554053869,0.10037412780996348,3.1181498828175203,29.75
804,synthetic_planning_reference_v4,moderate,0.4544743155994781,0.9652590443618897,0.0533333333325572,0.0624976777199236,2.96151759611688,28.15,0.06791432940002728,0.0777458392515385,3.4211545523647873,30.450000000000003
805,synthetic_planning_reference_v4,moderate,0.46406429962139867,2.3874405364696543,0.0333333333326664,0.0758194165938457,3.11938404451809,30.05,0.043719955881457,0.13101023192166592,4.0572397521712515,36.95
806,synthetic_planning_reference_v4,moderate,0.280886751393041,1.613507486461874,0.0433333333328847,0.0584784038145022,3.33402353473986,28.1,0.06351612093308265,0.10419852160870505,4.086334234662009,32.95
807,synthetic_planning_reference_v4,mild,0.6341794505092563,0.5624030774708192,0.0474999999991269,0.0928900941024555,2.94552220889255,29.6,0.05297447644603517,0.1142217589893101,3.149312204514815,31.1
808,synthetic_planning_reference_v4,moderate,0.3918352592497289,1.1919298526589013,0.0349999999993088,0.0809357764044217,2.39398564237422,29.6,0.05478210162598626,0.12710438352180184,2.6990811797617345,32.35
809,synthetic_planning_reference_v4,mild,0.46825764246761464,1.3835534317937244,0.0666666666660603,0.0733229699643064,2.95251003325799,29.25,0.08403039613183824,0.12231319192171584,3.3258907952567847,32.9
810,synthetic_planning_reference_v4,mild,0.3746936500456979,0.6170001444642447,0.0474999999998545,0.0615084598229537,2.86780296573926,28.5,0.053664727644044515,0.07372563477288782,3.074717813174815,29.8
811,synthetic_planning_reference_v4,mild,0.6218324044511249,0.8285765043041027,0.0558333333325209,0.0752725196336322,2.68516223082552,29.15,0.06549316104921146,0.10195212410545702,2.9561745649342877,31.75
812,synthetic_planning_reference_v4,low,0.7096835874666714,0.18257092029512756,0.0641666666657329,0.0897681805504497,2.91698327101102,29.6,0.07054614448750816,0.10183724332160615,2.959589059544888,30.400000000000002
813,synthetic_planning_reference_v4,low,0.25600304398970697,0.04135661784652132,0.0458333333326664,0.0690768574433355,3.20585028120421,27.8,0.04595059485177155,0.06772442924466444,3.261113582204527,27.8
814,synthetic_planning_reference_v4,moderate,0.7479863550796384,1.7161260999268362,0.0741666666654055,0.0807086190351118,3.01703084390112,29.6,0.1117502644296859,0.12873898118501897,4.096545370540909,33.15
815,synthetic_planning_reference_v4,mild,0.35342424067576245,0.3289472704517616,0.0541666666660603,0.0702153976949486,2.61538719935029,27.4,0.056739526743064095,0.08257427733596776,2.623685528742534,27.650000000000002
816,synthetic_planning_reference_v4,low,0.7351524500525308,0.109817638438976,0.0549999999988358,0.0857728680504941,3.23544946547861,30.15,0.05509404623065231,0.0985482018605656,3.2872257801850844,30.900000000000002
817,synthetic_planning_reference_v4,moderate,0.43132158721663266,1.6710722136201257,0.0658333333321934,0.0792684716221982,2.83453800948671,28.6,0.08860133040064831,0.13644614306520936,3.349724669606152,31.700000000000003
818,synthetic_planning_reference_v4,low,0.43884748046372113,0.10839504063868939,0.0408333333325572,0.0723369867529783,2.77614162063184,29.05,0.03893402317247453,0.07268334798714068,2.7185948356623513,29.400000000000002
819,synthetic_planning_reference_v4,low,0.6974183765570701,0.1398508012618155,0.0599999999991269,0.068140763689895,2.96261436201024,29.5,0.06076416993096325,0.07055279015473095,2.9836426877220177,29.900000000000002
820,synthetic_planning_reference_v4,low,0.24909246663191545,0.14355295178463773,0.0341666666661695,0.0634156343457413,2.45483012881995,28.85,0.03051231633478414,0.07027402868373546,2.453410700800475,28.950000000000003
821,synthetic_planning_reference_v4,mild,0.714373593311598,1.0652547853216678,0.0616666666661331,0.0718158767333401,3.02977015768069,29.2,0.08140008561043333,0.09781324515750163,3.404745411351921,32.65
822,synthetic_planning_reference_v4,low,0.263549137345461,0.0841953865379983,0.06083333333263,0.0649538078492906,2.68535219593385,27.15,0.06369169459354332,0.06222367563225196,2.5816861806413196,26.85
823,synthetic_planning_reference_v4,low,0.19505158580947476,0.12292527076280454,0.0466666666661695,0.0636381296863361,3.1615403625281,29.8,0.04869367348248701,0.06518286396481508,3.2748940226846432,30.700000000000003
824,synthetic_planning_reference_v4,mild,0.70645949233985,0.6123908866223058,0.0516666666659148,0.0766651899204519,2.94708678790332,29.8,0.0551731622151098,0.08901521542646214,3.063709409676107,31.650000000000002
825,synthetic_planning_reference_v4,moderate,0.3392237971822449,3.2951136793754006,0.0391666666660967,0.0686087083739619,3.08070864652466,29.35,0.07154972440762747,0.1486254507665191,4.371142558784618,38.550000000000004
826,synthetic_planning_reference_v4,moderate,0.5081121732947083,1.3769419631929654,0.0391666666660967,0.0795535204793561,3.32246432589867,29.15,0.04970960565152857,0.12003347254736635,3.8336078369320434,33.75
827,synthetic_planning_reference_v4,moderate,0.575595352120443,1.5356091788023907,0.0566666666658421,0.0818647639865061,2.9746497683999,29.2,0.07965700376152854,0.12612116430370351,3.8060661342313002,32.800000000000004
828,synthetic_planning_reference_v4,mild,0.3709932829844928,0.6050794467698828,0.0449999999991633,0.0514583270553028,3.49903724041869,28.95,0.047609245182698864,0.06595006484616697,4.0671796272950616,31.150000000000002
829,synthetic_planning_reference_v4,moderate,0.7445922495965069,0.9851360699541293,0.068333333332157,0.081363994707894,2.76779364858089,28.9,0.08043517225729375,0.11068485021868878,3.0004040488533574,31.75
830,synthetic_planning_reference_v4,mild,0.679676839878041,0.8105114951124963,0.0591666666658057,0.0690663782111594,2.54102974491999,30.05,0.0646563568540553,0.08849815550411716,2.754468262051375,32.800000000000004
831,synthetic_planning_reference_v4,low,0.27859658073017235,0.103963256431718,0.056666666666024,0.0610816199625958,2.58405949632258,29.1,0.056283478967855204,0.05593833769051267,2.449650738583636,29.6
832,synthetic_planning_reference_v4,moderate,0.5145055357961644,1.77956772242435,0.0499999999994543,0.0706418919388015,2.88520497497473,29.25,0.06221119530393601,0.12361124611759203,3.430263653852319,33.65
833,synthetic_planning_reference_v4,low,0.19821678103943466,0.10413617595417496,0.0266666666662786,0.0589098689329181,3.08625417576622,29.85,0.020342484166844196,0.05720498557923045,3.067120778895737,30.75
834,synthetic_planning_reference_v4,mild,0.4282878725286966,0.4707954899902836,0.0599999999991269,0.0757297002464244,2.85795370778637,29.55,0.06643605944760199,0.09200490381728237,2.99444133778158,31.05
835,synthetic_planning_reference_v4,mild,0.18251515459459253,0.49746752309456405,0.0408333333327391,0.0747612043904586,2.94420377542202,27.9,0.04772452060466023,0.08839819439514777,3.2089244712487126,28.8
836,synthetic_planning_reference_v4,mild,0.3426878167404812,1.0119547405559104,0.0466666666659876,0.0487757812969776,3.30905233669129,27.9,0.05544242567521153,0.06695343351228134,3.8511418515379643,29.450000000000003
837,synthetic_planning_reference_v4,low,0.18332977275806941,0.16909687965645123,0.0408333333327391,0.0569119711346058,2.96994314742689,28.85,0.038364388606166734,0.051501354360202256,3.0242406709737364,29.1
838,synthetic_planning_reference_v4,low,0.6350530192949944,0.08784775102001989,0.0599999999991269,0.0752308420091356,2.88339704873657,29.45,0.061193527366917994,0.07882923506725151,2.864538115751817,29.75
839,synthetic_planning_reference_v4,severe,0.6791446102590472,2.830547492035737,0.0583333333323026,0.0664177437744843,3.56939608716326,29.6,0.0899264823818179,0.11724214880295128,4.461151998795272,37.85
840,synthetic_planning_reference_v4,mild,0.7608743127908083,0.7476916807601804,0.0633333333324117,0.0815180425185461,2.88103727820003,29.4,0.07105776380409645,0.11453456267749278,3.265482034403589,31.85
841,synthetic_planning_reference_v4,mild,0.28390782499894873,0.5985082338979367,0.0416666666671517,0.0716787543399332,3.00971691714329,28.15,0.04640110671026375,0.08085278560847045,3.287318375860032,29.450000000000003
842,synthetic_planning_reference_v4,low,0.6020519063631575,0.1090428198406617,0.0583333333324845,0.0730556861830792,2.58421666897221,28.4,0.06529068008654039,0.08267320893184356,2.530709310394798,28.450000000000003
843,synthetic_planning_reference_v4,low,0.4542730702524639,0.10400175579351079,0.0433333333328847,0.0802654077922281,3.14464355904391,29.5,0.04130474396855082,0.08829177572486062,3.1841257438145445,29.75
844,synthetic_planning_reference_v4,moderate,0.41563682220942005,2.3898709692300804,0.0458333333326664,0.0656049112266653,3.09116858371094,29.35,0.06919279284522062,0.13426101145676386,3.9084768535997694,36.550000000000004
845,synthetic_planning_reference_v4,moderate,0.5358632404379248,2.1358133268818067,0.0433333333330665,0.0559312179202112,3.51628848906483,29.05,0.06835781487351456,0.09373369430902916,4.336285915730058,35.6
846,synthetic_planning_reference_v4,low,0.388737427745418,0.0781031353446377,0.044166666666024,0.0740007888519286,2.63350186673832,27.95,0.0443798796780538,0.07770372108530177,2.55194010389005,28.05
847,synthetic_planning_reference_v4,moderate,0.5110130045023944,1.388915384032293,0.0449999999995271,0.0731837608145413,2.99256360364999,29.25,0.054778569639461004,0.13188380823304566,3.53880251713863,32.550000000000004
848,synthetic_planning_reference_v4,moderate,0.3655152178034424,0.8772270009533927,0.0499999999994543,0.0664900400374998,2.88548306210972,29.1,0.05151981292541432,0.09047369779764168,3.126314364902885,32.0
849,synthetic_planning_reference_v4,low,0.6679660401495497,0.1699293649081263,0.0466666666658057,0.0689305030651869,3.25042441368483,29.1,0.051894755998617675,0.07569997251720961,3.5282489644497868,30.0
850,synthetic_planning_reference_v4,low,0.5461260008514128,0.08590280353288508,0.0474999999991269,0.0581327406807137,2.72653580218285,29.1,0.04802996769626382,0.04848154521885962,2.679087029545723,29.35
851,synthetic_planning_reference_v4,mild,0.4438845156623725,0.8891926574036415,0.0449999999991633,0.0726264689520733,2.74797299627512,28.9,0.04699025660846742,0.08510340793648333,2.8283024571271245,31.25
852,synthetic_planning_reference_v4,mild,0.42583869227087495,0.692465990456565,0.0449999999993452,0.0567147005066901,3.21369701920753,28.0,0.050739147653320264,0.07398261008776803,3.477720452105647,29.8
853,synthetic_planning_reference_v4,moderate,0.5050011088341356,2.5950256310974416,0.0383333333329574,0.0760864927511969,3.04302383802188,29.8,0.061809920654067575,0.14796528309812756,3.984229455032395,37.7
854,synthetic_planning_reference_v4,mild,0.5566963614260015,0.6716800438400323,0.0474999999994907,0.0727673974661684,3.28109886462054,28.7,0.05242934894178269,0.09289565479814688,3.6998191747527045,30.55
855,synthetic_planning_reference_v4,mild,0.6486102168650744,0.6083734031159445,0.0608333333324481,0.0727357428215504,2.6989126509148,29.4,0.07455956389331295,0.0907676403640824,2.846372292382706,30.900000000000002
856,synthetic_planning_reference_v4,low,0.1676317820452924,0.11806159536280962,0.0341666666661695,0.0646332261678493,2.79290558942068,28.5,0.029681100662222088,0.0668116648472905,2.8838785274587924,28.55
857,synthetic_planning_reference_v4,moderate,0.7293542313018414,1.3056407283548352,0.0566666666662059,0.0764885008346214,2.98480617315572,30.0,0.070139932034465,0.12685009661911933,3.6292287067535933,32.800000000000004
858,synthetic_planning_reference_v4,moderate,0.6929412041210505,1.7928111884885969,0.0558333333330665,0.0767776117004142,3.1829054633546,29.7,0.08424907516433676,0.1360897652140739,4.093432944454913,34.95
859,synthetic_planning_reference_v4,mild,0.4927474440070971,0.7769078960594141,0.0591666666656238,0.0838468685625236,2.89143077942931,29.45,0.08029318253786263,0.1322116556508743,3.1515843727134434,31.8
860,synthetic_planning_reference_v4,low,0.3204806783516906,0.14471802151771776,0.0374999999994543,0.0594928798772209,2.63503421055373,29.6,0.03729887465714379,0.05796026331633601,2.571801960666291,30.1
861,synthetic_planning_reference_v4,low,0.3747373805456476,0.06311172723687805,0.0458333333332121,0.0518228733299122,3.0752717424517,29.1,0.045096427363313825,0.04269182810905024,3.0925604826665007,29.3
862,synthetic_planning_reference_v4,low,0.6221244368636162,0.1425088852340739,0.0533333333325572,0.0539935781264246,3.32990512813672,29.55,0.05548080405627375,0.04535208616834609,3.4442734383789886,29.900000000000002
863,synthetic_planning_reference_v4,mild,0.7588079775829503,0.8373780706056245,0.0591666666656238,0.0847732037656364,2.68698071063069,28.65,0.06670303264390764,0.1077154685729133,2.907786361945375,31.25
864,synthetic_planning_reference_v4,low,0.24769304654329014,0.05203383021376861,0.040833333332921,0.0657671380776796,3.04266775819811,25.95,0.04136060865523831,0.06356558193511433,3.084518721283112,25.25
865,synthetic_planning_reference_v4,mild,0.6268300626623832,0.9029696148634722,0.0583333333326664,0.0751996475147064,3.66289374569663,27.9,0.0627578516374789,0.11605026012796109,4.193105524715801,29.8
866,synthetic_planning_reference_v4,low,0.7687447690450965,0.16651193613317594,0.0608333333322662,0.0750328135830163,3.30613208657127,28.9,0.06735820216752886,0.09057837139507362,3.4486256880630584,29.5
867,synthetic_planning_reference_v4,mild,0.5450326674535674,0.737795812363125,0.0541666666662422,0.0860209787998217,2.89709337358995,29.45,0.06355958792194608,0.09818599387035111,2.996916794420271,31.55
868,synthetic_planning_reference_v4,low,0.521845615597663,0.10773879658303244,0.0449999999993452,0.0797044679997096,3.33036055247329,27.65,0.04320531552526747,0.08793975561715635,3.456164568526581,27.8
869,synthetic_planning_reference_v4,severe,0.39895967446913155,6.222068491261638,0.0583333333324845,0.0695161770584417,2.79681211059639,29.1,0.1454162427352601,0.13904538508205785,4.469908526236034,40.2
870,synthetic_planning_reference_v4,mild,0.7233115475575357,1.2148816277590029,0.0624999999989086,0.0849786160152875,2.70576045601092,26.9,0.08255899357159584,0.12252392460239535,3.2561112202412144,28.950000000000003
871,synthetic_planning_reference_v4,severe,0.32919759274842986,2.196101075248595,0.0499999999992724,0.0840975750515385,2.57670335054138,28.4,0.06965660539620618,0.13873687648337119,3.215584468492886,34.5
872,synthetic_planning_reference_v4,low,0.17508098330042582,0.07993846879172767,0.0458333333335759,0.0733319538473763,2.55899197364899,28.55,0.047997154502486844,0.07909791643192346,2.4277931714756553,28.650000000000002
873,synthetic_planning_reference_v4,mild,0.566260684795682,1.061596889178037,0.0358333333329938,0.0768095460376954,2.69011441622401,28.75,0.04227385152063431,0.10004820934335622,2.87294760382954,31.1
874,synthetic_planning_reference_v4,mild,0.5349361245756358,1.0690585656900393,0.0483333333324481,0.0633539130716133,2.8030784835138,30.15,0.07018107968440686,0.09670716362174642,3.154729791449603,33.35
875,synthetic_planning_reference_v4,low,0.2011316021312357,0.15628952877439695,0.0474999999993088,0.0433346121483231,2.9399416415803,28.1,0.0488878502882964,0.03500804318315877,3.065119472743028,28.200000000000003
876,synthetic_planning_reference_v4,low,0.5540800153126133,0.1692441417032571,0.0583333333326664,0.0629790932038417,2.6640005971988,30.35,0.06246748205065617,0.06758397194949038,2.609008695904028,31.5
877,synthetic_planning_reference_v4,low,0.403911202864397,0.12041561728449345,0.052499999999236,0.0761232634530825,2.81189747008698,28.5,0.05607127370805221,0.08698964883903557,2.7955306680820566,28.5
878,synthetic_planning_reference_v4,low,0.12704227915862698,0.08686615881839206,0.0424999999993815,0.0645680013498078,2.81442301180658,29.45,0.0425099305431129,0.06897996487881249,2.766674580414698,29.900000000000002
879,synthetic_planning_reference_v4,severe,0.5410111384988616,2.921061959478134,0.0441666666662059,0.048989301666567,3.44730181375879,29.65,0.06381588307831478,0.10815820063038277,4.443539836399032,36.85
880,synthetic_planning_reference_v4,moderate,0.3265443161864816,1.1922661074216678,0.0549999999988358,0.0575399764453681,2.90282429795662,29.35,0.07226980971240753,0.08315886325100703,3.415836068488932,33.25
881,synthetic_planning_reference_v4,mild,0.8542657371718622,0.9023419756262588,0.0558333333325209,0.0854863117915967,3.28713537431587,30.25,0.05974552669936039,0.11035387355997091,3.8189885957483787,33.45
882,synthetic_planning_reference_v4,low,0.8572701427652587,0.10866297915486493,0.0516666666657329,0.0733507389889212,3.42035046351188,28.4,0.05201705805610391,0.07778616014833721,3.6113287455457295,28.35
883,synthetic_planning_reference_v4,low,0.7670114675061223,0.11256697955404002,0.0366666666661331,0.0638650473025059,3.40274010175869,28.6,0.03400113093469769,0.0647328742638298,3.4986540456548925,28.900000000000002
884,synthetic_planning_reference_v4,mild,0.21624304887609141,0.4728181539691591,0.0349999999994907,0.0577411906694435,3.19105127378738,28.85,0.03762845738150131,0.06169935356490999,3.5111507783609217,29.85
885,synthetic_planning_reference_v4,mild,0.4781889463581649,0.5442171011841421,0.052499999999236,0.0710924458498357,3.22163075237507,28.5,0.062336944203502075,0.08092294337993126,3.5794654849963243,29.950000000000003
886,synthetic_planning_reference_v4,moderate,0.299513153087876,1.3885125465270132,0.0274999999994179,0.0656636391202134,2.9965780111506,28.6,0.03220352836496636,0.1007667037987652,3.541127508506708,32.7
887,synthetic_planning_reference_v4,low,0.45400373212346706,0.09557499352856239,0.0458333333328483,0.0777810673937913,3.15306788059257,29.35,0.04793206498319688,0.08551941111477317,3.2076610393047984,29.8
888,synthetic_planning_reference_v4,mild,0.41659084742626096,0.9032060065052282,0.040833333332921,0.0638384538869416,3.02484211366279,29.4,0.05399891796892418,0.08405405745769856,3.3989827857059556,32.300000000000004
889,synthetic_planning_reference_v4,low,0.3223487020092987,0.13710713422997872,0.0516666666660967,0.0824957577372183,2.79303575581431,28.95,0.05356994141413001,0.09093259113972312,2.840136135245659,29.450000000000003
890,synthetic_planning_reference_v4,mild,0.41902011136118017,0.7372455236935264,0.0391666666660967,0.05538798706716,3.35960600182884,29.15,0.03856450598146451,0.07670177276785935,3.842264998049971,31.700000000000003
891,synthetic_planning_reference_v4,mild,0.4684809529783875,0.7752511429397658,0.0416666666662422,0.07490552146302,2.81650700341102,29.65,0.04997803468932194,0.10505465739280932,3.03302068064461,32.1
892,synthetic_planning_reference_v4,moderate,0.7748829988557504,2.900371386741517,0.0683333333328846,0.102353479970992,2.91130312302958,29.85,0.09534567596830854,0.14588155024231178,3.877193578925298,38.400000000000006
893,synthetic_planning_reference_v4,low,0.47024271924107214,0.12389934766607463,0.0549999999995634,0.0672923117421235,2.94280263152158,29.1,0.05974619659953838,0.06805860559444758,2.934224531199354,29.5
894,synthetic_planning_reference_v4,mild,0.517555546046109,0.7347282266575959,0.0491666666661331,0.0699754810963611,3.13176251502399,29.35,0.05513130074423914,0.08743526066745366,3.5003013090345902,31.650000000000002
895,synthetic_planning_reference_v4,severe,0.2891478624469565,2.2372582940269305,0.0358333333328119,0.0565463172723814,3.01429957194106,28.95,0.060770050184951255,0.08355945544473445,3.7791613751367255,35.4
896,synthetic_planning_reference_v4,low,0.20898156459576947,0.08176461490618384,0.0266666666662786,0.0627906012697932,2.95905700716503,29.45,0.020666805068640968,0.06607791957651442,3.0439808932407377,29.8
897,synthetic_planning_reference_v4,moderate,0.6059544758946839,1.9966660795345887,0.0491666666661331,0.0679874482237747,2.32478144518875,30.15,0.07146365868294949,0.10198527070985912,2.7798296233367883,36.1
898,synthetic_planning_reference_v4,mild,0.2064965365369069,0.41232056415651763,0.0233333333329938,0.0547847697927108,2.94360105045828,29.0,0.015579550798407879,0.05678732053314925,3.0374807735197096,30.400000000000002
899,synthetic_planning_reference_v4,mild,0.282724897667314,0.3017115618272028,0.0458333333324845,0.053139331379266,2.92628978887326,28.95,0.048056790682939096,0.051296693850530754,2.9319377502381307,29.5
900,synthetic_planning_reference_v4,moderate,0.061248049284812936,0.5816531309778885,0.024166666666315,0.0510990916668007,2.87415809059738,28.35,0.02227656526413252,0.0562620999413921,3.153635613645763,29.950000000000003
901,synthetic_planning_reference_v4,low,0.5306271090608574,0.1297432744358237,0.0574999999993452,0.0761222409258749,2.84753269176482,28.3,0.05893792585076285,0.07865891739656274,2.83984812394492,28.5
902,synthetic_planning_reference_v4,moderate,0.23916224448011467,1.931233161647769,0.0466666666659876,0.0780160737188253,2.62339751702746,28.4,0.06200636245097272,0.13236950758209812,3.7185377901987664,33.300000000000004
903,synthetic_planning_reference_v4,mild,0.42111736716445847,0.7321899769858323,0.0541666666656965,0.0756032214418585,2.96090085269039,28.65,0.06786215157528577,0.11059804356209339,3.3568598280369253,30.650000000000002
904,synthetic_planning_reference_v4,low,0.22965667228625317,0.08673529602042893,0.0383333333327755,0.0729783024813163,2.66826748946827,27.2,0.03735215803338037,0.07463896355508574,2.5602132427801987,27.05
905,synthetic_planning_reference_v4,low,0.8472302395903226,0.31976202219735067,0.0624999999987267,0.0733964930745754,3.3162361963059,29.6,0.06919655788257624,0.08819572022073968,3.478506978934461,30.8
906,synthetic_planning_reference_v4,mild,0.5966022139263368,2.0406886637293646,0.0533333333327391,0.0756491046008321,2.93169833812277,27.8,0.0705341880214492,0.14504557449365263,3.6394703590209216,33.4
907,synthetic_planning_reference_v4,mild,0.3050477986129649,0.5857340314363608,0.0374999999992724,0.0523449026135192,3.0289925102214,29.0,0.03854658297837142,0.05670172830045042,3.3542390750732083,30.85
908,synthetic_planning_reference_v4,low,0.6373963295640083,0.09953722227667935,0.0758333333324117,0.0743279158559628,2.93695132546638,28.25,0.08430012605272619,0.0801018843364731,3.001504360281204,28.35
909,synthetic_planning_reference_v4,mild,0.43332661122491334,0.5906304821348111,0.0508333333325936,0.0631242258906704,3.24125096037003,29.65,0.0529479401473272,0.07294889391265728,3.399512301766782,31.55
910,synthetic_planning_reference_v4,moderate,0.5750179991565709,1.6150960918919746,0.0341666666661695,0.0743404375051283,3.17635537120675,28.7,0.05783839799811789,0.12648307166066297,3.8511000748305393,32.7
911,synthetic_planning_reference_v4,mild,0.2825525315933581,0.5921948579905211,0.0524999999990541,0.0737315060832137,3.01817800873517,26.7,0.06209933230991462,0.09262290178942344,3.1118326730926187,27.650000000000002
912,synthetic_planning_reference_v4,mild,0.4142126741742313,0.8199110429756372,0.0399999999995998,0.0717261350464799,2.95922077026789,29.25,0.04703298232866377,0.09437902078969332,3.126528370989757,31.5
913,synthetic_planning_reference_v4,mild,0.7131941653159912,0.6707468580261129,0.0458333333324845,0.0855965821339484,3.09402016824047,29.1,0.046235252296974665,0.12105002304805462,3.411459317347897,30.6
914,synthetic_planning_reference_v4,moderate,0.5890559566299749,1.6639469401161122,0.0558333333327028,0.0872371963251571,2.60011559391083,29.65,0.07741652294617626,0.12693910188288868,3.126859061432645,32.95
915,synthetic_planning_reference_v4,mild,0.4038175666353048,0.8424983301746333,0.03583333333263,0.0677802127603324,3.16538782687556,28.95,0.04521338403246902,0.0990855220455314,3.5214466906742112,30.8
916,synthetic_planning_reference_v4,low,0.20887869347079818,0.09305102226865908,0.0299999999997453,0.0537801234561679,2.77512660312153,29.2,0.024907958680779912,0.04804856718725739,2.717934325706639,29.5
917,synthetic_planning_reference_v4,severe,0.7465040102859263,3.3490482466883993,0.0649999999990541,0.0711960270196596,2.86075533214482,30.0,0.10682243599423841,0.130507685455865,3.850257290482352,39.85
918,synthetic_planning_reference_v4,moderate,0.7825762795091183,1.5993746509500666,0.0508333333327755,0.0841921542808375,3.06387097460518,29.15,0.06901958698161255,0.14373373198666894,3.954835582003785,34.15
919,synthetic_planning_reference_v4,mild,0.6304235020548136,0.576705642794772,0.04833333333263,0.0577961339835662,3.19746176026945,29.05,0.050669401023106936,0.06766078574333584,3.389156622277702,30.450000000000003
920,synthetic_planning_reference_v4,mild,0.4370973188718441,0.5386872842641606,0.0458333333328483,0.0719337748189358,3.21479246360519,28.6,0.0436938931425911,0.08334994118619388,3.5305121585479387,30.05
921,synthetic_planning_reference_v4,low,0.4413962952982131,0.05733079521346187,0.0474999999991269,0.0758263239307956,2.92197232929437,28.15,0.04545514538934366,0.08128283391341036,2.8974978075086293,28.1
922,synthetic_planning_reference_v4,low,0.20830253889110645,0.15664155861678092,0.025833333333685,0.063776194843344,3.60175387181402,28.5,0.022840625089526067,0.06812845362431307,3.8547571059444166,28.75
923,synthetic_planning_reference_v4,low,0.5433769188380994,0.11039198635344391,0.0466666666659876,0.079654728513883,2.88825080998269,29.5,0.045770758598365095,0.08640392694313405,2.9173773825812943,29.950000000000003
924,synthetic_planning_reference_v4,low,0.47615493558550154,0.09816769930590417,0.0624999999992724,0.059854567122251,3.18209917317435,28.65,0.0663588779008875,0.057153633306142246,3.354522207823312,28.75
925,synthetic_planning_reference_v4,mild,0.18396575992919145,0.5954792735057765,0.0383333333327755,0.0547099079105519,3.52545003493155,29.0,0.039958651212261505,0.07531543739177067,3.9011430527533935,30.5
926,synthetic_planning_reference_v4,mild,0.4329600617875182,1.0166933156146079,0.0408333333327391,0.0699316173120402,2.89222628847922,28.3,0.04917379011699799,0.11841205524501415,3.366019929238577,30.05
927,synthetic_planning_reference_v4,low,0.2609608490386407,0.0632520605296395,0.0366666666661331,0.0610101041117817,3.44653585150089,28.9,0.03287954085323317,0.05808578205897156,3.5882871322801444,29.0
928,synthetic_planning_reference_v4,mild,0.3864395992151651,0.6213791436936374,0.0508333333329574,0.0741061455493983,3.09770505610376,29.75,0.051764727756800216,0.09126143964774677,3.2554159918279604,31.650000000000002
929,synthetic_planning_reference_v4,low,0.7543834881425368,0.0977354585455148,0.069166666666024,0.0813043441104732,2.87119439198547,30.1,0.07173866616295779,0.09024853075811433,2.8390989327278087,31.05
930,synthetic_planning_reference_v4,low,0.7605497882554338,0.07235872769405893,0.0541666666656965,0.0905613064133136,3.02530857715067,29.3,0.05422810670048329,0.10077785516395377,3.1451403349202716,29.400000000000002
931,synthetic_planning_reference_v4,low,0.5395873661003713,0.1980198193250165,0.0508333333327755,0.0675056563917408,3.24033561795285,29.6,0.052290064320852744,0.06985356274219914,3.3748061410398806,30.25
932,synthetic_planning_reference_v4,moderate,0.21901883018962148,1.0217512071148087,0.0358333333324481,0.0731359571474166,2.97882367031449,27.0,0.040206067437999524,0.11777451565286953,3.2048077572553373,28.75
933,synthetic_planning_reference_v4,mild,0.5061983010819838,1.3716895587963076,0.049166666666315,0.0676371734662401,3.13278874596703,29.85,0.05533318472949003,0.09900698738032938,3.5069863580208565,32.85
934,synthetic_planning_reference_v4,low,0.3880083573800589,0.07672440258975156,0.0399999999995998,0.0596533574662919,2.83872732920426,29.0,0.03455696539634549,0.05832164711935611,2.788005054793501,29.400000000000002
935,synthetic_planning_reference_v4,severe,0.5080383304705474,2.6151274739081933,0.0483333333328119,0.0673848009375536,2.68054566189785,28.1,0.06766272250879812,0.13339426173309554,3.4295158854788337,34.6
936,synthetic_planning_reference_v4,low,0.2788435475834759,0.07211593977821333,0.0491666666657693,0.0732006425438415,2.95294670759716,28.1,0.05148168800902964,0.07603194961928958,2.914136827429383,27.950000000000003
937,synthetic_planning_reference_v4,moderate,0.5299586926427415,1.6426825127897475,0.0433333333328847,0.0785434353727643,3.3240197106142,29.45,0.06240917430863074,0.14490725959793496,4.205215030875994,33.25
938,synthetic_planning_reference_v4,low,0.4123036838522859,0.08323056261339226,0.0508333333333212,0.0522748706734071,2.93592750249185,28.55,0.0541825840496624,0.04738265363604432,2.8823810231147986,28.8
939,synthetic_planning_reference_v4,mild,0.5850243852382192,0.9815587866010437,0.0583333333323026,0.0801116214421728,2.61823699161907,27.95,0.07295252180620242,0.09984972394728514,2.9324102409615294,30.5
940,synthetic_planning_reference_v4,severe,0.8963706432197384,3.998798645731182,0.0674999999988359,0.0881629897933754,2.84923229504081,28.4,0.11377726730761076,0.14665271970113147,4.141316718420449,36.65
941,synthetic_planning_reference_v4,mild,0.3053149457214969,1.0476822376008714,0.0349999999996726,0.0463843254344503,2.94392828810801,28.7,0.045137578268545905,0.08988656848000427,3.3159937011242753,31.450000000000003
942,synthetic_planning_reference_v4,moderate,0.7676117263262756,1.7492795815554074,0.0599999999991269,0.0742789388830831,2.58516182844584,28.8,0.08376989941547631,0.12896871395986786,2.923316941590105,33.1
943,synthetic_planning_reference_v4,low,0.7631756130459728,0.1313124937484809,0.0633333333324117,0.0859224931014937,2.91028647035884,28.45,0.06702487710780744,0.09522326375347384,2.8897470310662277,28.450000000000003
944,synthetic_planning_reference_v4,severe,0.24447960738674193,1.8022871272547982,0.0383333333329574,0.0682103015272561,2.53719978603039,27.9,0.05166548680743212,0.11719729378242377,2.9863258791845047,31.450000000000003
945,synthetic_planning_reference_v4,severe,0.8417803000444031,7.435550541792073,0.07166666666526,0.0861524420052701,3.16723464653155,29.65,0.13730209828236525,0.14896752299218013,4.4836098060586105,40.25
946,synthetic_planning_reference_v4,low,0.7405548208839344,0.14236211836880597,0.0608333333320843,0.0983894392172796,3.38898264746295,28.15,0.06413174379834469,0.11582175839873454,3.5423676787004377,28.3
947,synthetic_planning_reference_v4,low,0.4799861315153783,0.10793376143014116,0.0358333333328119,0.073888862213673,2.85313086421916,29.6,0.03139049272641059,0.0848377105757915,2.8651072954955255,30.1
948,synthetic_planning_reference_v4,low,0.3266963365182231,0.17123070558879744,0.040833333332921,0.080004889484291,2.83487398534743,28.85,0.03893868311471538,0.08704459924906831,2.8136528796586617,29.35
949,synthetic_planning_reference_v4,mild,0.4519424788384925,0.6282030338229937,0.0433333333332484,0.0628569972106145,3.23314591180232,29.1,0.05061251900706725,0.07127457130817541,3.5168838578744213,30.950000000000003
950,synthetic_planning_reference_v4,mild,0.7015311918281708,0.5810255375779386,0.0566666666658421,0.0712711274392265,3.28752738282527,29.2,0.059622460456539766,0.09059291973890578,3.6680018114546296,30.5
951,synthetic_planning_reference_v4,mild,0.637456465151265,0.44103664363306694,0.0524999999994179,0.0700671802325098,2.70606623597076,29.6,0.05707451303770005,0.07827464536241593,2.6643159940030805,30.950000000000003
952,synthetic_planning_reference_v4,severe,0.5873150038779114,2.217694834254868,0.0708333333324845,0.0736412738159957,2.86808978238452,29.3,0.08412803299394334,0.10304705149822263,3.8312864901313515,34.85
953,synthetic_planning_reference_v4,moderate,0.5237114170555783,1.2409267386132785,0.055833333332339,0.0616156456458717,2.93041612331647,29.35,0.06824527541022736,0.08549187461150586,3.319492413173224,33.050000000000004
954,synthetic_planning_reference_v4,low,0.2565734743810488,0.11003903027758126,0.0508333333327755,0.0658198159393856,3.0705499104623,27.8,0.045871427768248936,0.06326108553578685,3.122014735740572,27.55
955,synthetic_planning_reference_v4,mild,0.4368009600393542,0.36783499095488525,0.0508333333324117,0.0616117461288411,3.02803475404805,30.5,0.054478379011081095,0.07043747639473386,3.1775772211097344,32.300000000000004
956,synthetic_planning_reference_v4,mild,0.22449438316181727,0.4631394707455478,0.0383333333329574,0.0674119167367524,2.88429191857818,29.25,0.037293828455694664,0.0796711401850569,3.1005984392296826,30.950000000000003
957,synthetic_planning_reference_v4,mild,0.4015024012972201,0.4225300735387813,0.0508333333325936,0.0674150544254128,3.21139429678934,29.5,0.053532344618408785,0.07138121453872934,3.468040989626548,30.5
958,synthetic_planning_reference_v4,severe,0.23466119914302627,4.254462351693471,0.0366666666664969,0.0894181826158264,2.87454824795138,28.0,0.0681246486036237,0.14650795996101001,4.390664916150909,36.300000000000004
959,synthetic_planning_reference_v4,moderate,0.668682012810236,1.8612031383742922,0.0566666666658421,0.067110415566167,3.10293566542906,29.6,0.08174532926397421,0.119195513160292,3.8742305741403884,34.6
960,synthetic_planning_reference_v4,mild,0.29285844142555867,0.8269570073387432,0.0399999999994179,0.0743199127213928,2.79742117347719,27.3,0.04264615663070077,0.09719026283280716,3.0560076737762087,29.1
961,synthetic_planning_reference_v4,low,0.8710772267486836,0.16010705180348775,0.0741666666654055,0.0778865447839913,2.65778734223421,28.7,0.08049226260066245,0.0887871319408318,2.607484274782722,29.05
962,synthetic_planning_reference_v4,moderate,0.2796442830251299,2.116149313544947,0.03583333333263,0.0756485618591458,2.73340497779978,28.95,0.04544853542568488,0.1257065643958293,3.2217749860638705,34.15
963,synthetic_planning_reference_v4,low,0.7483372623959366,0.10810490527013608,0.0549999999990177,0.084887503227441,2.79077002606078,29.45,0.056633445006384335,0.09072331679323263,2.729961776120496,29.900000000000002
964,synthetic_planning_reference_v4,moderate,0.7989078213558998,1.247423036756631,0.0583333333321207,0.091578154792272,3.0251854444419,29.55,0.06735695792455992,0.1286466259118809,3.352317351807477,32.300000000000004
965,synthetic_planning_reference_v4,low,0.26810125526397016,0.14992246946827015,0.049166666666315,0.0587001812812246,3.23622077322362,29.7,0.05193767420603877,0.05483638864102289,3.4137359328593244,30.150000000000002
966,synthetic_planning_reference_v4,low,0.19841518072698444,0.0947541179137107,0.0391666666657329,0.045284193036459,3.21062802980751,27.0,0.03639256883868313,0.03555997614306884,3.407467580427251,26.75
967,synthetic_planning_reference_v4,low,0.7871235942050183,0.19300845403903344,0.0524999999994179,0.0727627521676489,3.44637712461779,29.55,0.05681665819305699,0.0796492881525531,3.642965937327368,30.3
968,synthetic_planning_reference_v4,moderate,0.28798898064732475,1.0713665946181201,0.0358333333329938,0.0632897777810537,3.36919858119307,28.75,0.04456055445113922,0.07927056346366652,3.8653770430425336,31.0
969,synthetic_planning_reference_v4,moderate,0.6260439091173619,1.3033986574855976,0.0558333333327028,0.0712156088349234,3.23878424438091,28.5,0.06035475339329631,0.1289617972462555,3.8302511880309145,31.8
970,synthetic_planning_reference_v4,low,0.5807500916596784,0.10396339094630744,0.0583333333328483,0.0676631277835386,3.24971350908877,29.15,0.05877861928299075,0.07097840973385473,3.3456342341499146,29.6
971,synthetic_planning_reference_v4,moderate,0.42287782799053725,1.7830464468068916,0.0524999999990541,0.0693574490244226,2.97833654451594,28.7,0.0725091466250698,0.11507457674779548,3.6456709994989573,32.95
972,synthetic_planning_reference_v4,mild,0.7695131563552011,0.8684926520555155,0.0699999999989814,0.0660120863733205,3.23248935573575,30.0,0.08543413891092495,0.07463566129311236,3.9749572136526994,31.400000000000002
973,synthetic_planning_reference_v4,mild,0.33743378957494774,0.4919957564743187,0.040833333332921,0.0716839439750888,3.0499655889889,26.55,0.0417564735821019,0.08944488618521364,3.1690688919748022,26.8
974,synthetic_planning_reference_v4,moderate,0.8865881408264932,2.626932546499325,0.0783333333323753,0.0830244429276789,2.9679975751354,27.7,0.10597272551598484,0.14168377065851462,4.159805493315009,34.85
975,synthetic_planning_reference_v4,low,0.52348392816713,0.09488167715080842,0.0549999999993815,0.0741717726463232,2.58747373920904,29.95,0.05811078542886411,0.08276228955919981,2.5330634110874555,30.35
976,synthetic_planning_reference_v4,mild,0.10623597410902946,0.5422429451742261,0.0366666666657693,0.0436732539765862,2.99022164751585,27.95,0.03879663483013632,0.05777247937867184,3.1588905309919544,28.900000000000002
977,synthetic_planning_reference_v4,low,0.8527795115461085,0.1256913262828791,0.0691666666658421,0.0815244471062596,3.27495834075161,28.85,0.07264707780903304,0.08755271530040883,3.3763839325350853,29.35
978,synthetic_planning_reference_v4,mild,0.5697298171107766,0.5351551743242744,0.0458333333328483,0.0828463107157402,2.99534610579563,28.75,0.05057606463654169,0.11566041375029104,3.133143747782891,30.450000000000003
979,synthetic_planning_reference_v4,mild,0.6868169315115814,0.6626000645191263,0.0674999999988359,0.0756449330367789,2.81788596900996,29.15,0.07507126230108332,0.09025489600639393,2.9230092616100514,30.950000000000003
980,synthetic_planning_reference_v4,mild,0.45138436288174416,0.7215614420714276,0.0466666666659876,0.0822721283748659,2.94809846709009,28.85,0.04877200332247793,0.09959214824089217,3.331512444846866,30.75
981,synthetic_planning_reference_v4,mild,0.2742257985281493,1.0082602376907255,0.0366666666659512,0.0781276694403742,2.2853069260481,27.35,0.04779026565160973,0.10464441811126964,2.425285457873836,28.950000000000003
982,synthetic_planning_reference_v4,mild,0.6096676288238497,1.798067426168765,0.0516666666659148,0.0747386859423922,2.9741936793002,27.5,0.07971155739773621,0.1268172533902713,3.6569404784100725,31.700000000000003
983,synthetic_planning_reference_v4,low,0.35243023972911686,0.24578535657159997,0.0424999999995634,0.0612587267793732,3.27819619403432,28.05,0.042366917163161474,0.06532108279540146,3.5523418715255977,28.450000000000003
984,synthetic_planning_reference_v4,moderate,0.5352514482856812,1.7148026463909416,0.0549999999995634,0.0752576667067866,3.01815703357816,28.7,0.06579399447840044,0.14733001036597593,3.835805770201419,32.75
985,synthetic_planning_reference_v4,moderate,0.4175352998949714,0.6842472043229607,0.0308333333325209,0.0618680517001457,3.21528934370348,28.4,0.03362990012578037,0.09320865629485352,3.489882324357576,30.1
986,synthetic_planning_reference_v4,moderate,0.18340145766989938,1.3986328408296902,0.0341666666663514,0.0582832211725726,2.65106876284095,27.8,0.03641937841147469,0.0692856328909295,2.961517265205664,30.5
987,synthetic_planning_reference_v4,moderate,0.6923509942124194,2.117387149521228,0.064999999999236,0.0899761891995195,2.84952856818032,28.95,0.09785352966659457,0.1262998198080678,3.8162108448280976,34.4
988,synthetic_planning_reference_v4,moderate,0.8553383765692962,1.7806078449503777,0.0758333333325936,0.0903750142068814,2.81010224759125,29.3,0.09592972170780197,0.1390547937181005,3.425509835848312,33.2
989,synthetic_planning_reference_v4,mild,0.4790070214689031,0.8804760915932651,0.0641666666657329,0.0747940528425217,2.9135027714388,29.4,0.0742055648186849,0.10157908137138714,3.3457537265860897,32.35
990,synthetic_planning_reference_v4,low,0.681546880402996,0.08730947551565661,0.0499999999992724,0.0786595439177254,3.28148614231631,29.1,0.05089098138238615,0.0861670756710299,3.4279268880953424,29.5
991,synthetic_planning_reference_v4,mild,0.3195938020523538,0.9396496568811527,0.0408333333327391,0.0686228880086987,3.09870603009049,28.9,0.04809902457417122,0.11182381815248288,3.6309599866119036,31.35
992,synthetic_planning_reference_v4,low,0.6678994879096674,0.12257180178554115,0.0533333333325572,0.0798218511702546,3.31170800559409,28.25,0.05303418200730696,0.0870221966730328,3.4793133182928417,28.5
993,synthetic_planning_reference_v4,severe,0.6329258890588532,1.787476076725409,0.0383333333329574,0.0751283170649559,2.95937654127411,29.2,0.055591147846773346,0.1257148138626863,3.6286676900088546,34.15
994,synthetic_planning_reference_v4,low,0.517100641098842,0.1359770446843618,0.0374999999994543,0.081833201280354,2.88785575411843,28.9,0.03411164594980173,0.09195508513495858,2.835968566530415,29.35
995,synthetic_planning_reference_v4,mild,0.22996724707547544,0.3219419828116868,0.0441666666658421,0.0655286402366524,2.55190847472288,28.7,0.04514166894930857,0.06900151126389244,2.5498485267998254,29.05
996,synthetic_planning_reference_v4,low,0.369836855660245,0.09120460214653678,0.0391666666659148,0.078745525731501,2.85398693420668,28.5,0.04094255725204188,0.09024974608926918,2.851440630219281,28.35
997,synthetic_planning_reference_v4,low,0.4348402829625387,0.0735220759498782,0.0383333333331393,0.0572621656040596,3.04963927768421,29.5,0.036857828555408007,0.05337713342010394,3.127676562949356,29.900000000000002
998,synthetic_planning_reference_v4,low,0.8673902456137447,0.20033217866806546,0.0608333333320843,0.0877344905907079,3.13084837280224,28.65,0.06495483201389342,0.10150032666638946,3.3923326706176966,29.05
999,synthetic_planning_reference_v4,mild,0.4393588772817107,0.5573135983606494,0.044166666666024,0.0669218334604521,2.93496735686303,28.4,0.045056657189071564,0.10893610897336144,3.126997607115366,29.950000000000003
1000,synthetic_planning_reference_v4,low,0.6956738271785765,0.15345887306822376,0.0449999999991633,0.0650995923128612,3.17602728910336,30.0,0.04657966876237303,0.07132745912090387,3.317846056311796,30.75
