episode,step,time,case,defender_id,target_id,defender_pos_x,defender_pos_y,defender_pos_z,defender_vx,defender_vy,defender_vz,defender_speed,defender_pitch,defender_yaw,load_y,load_z,load_norm,dist_to_target,tgo
1,535,26.75,case1,4,24,871.969351446533,155.9994506570728,50.17225317939252,34.8898839791833,6.17927091181673,3.6499451957625704,35.62035223035514,0.10264813646975353,0.17529010749728735,0.011642206887837177,0.45590027414778117,0.5521988765423171,2.747806457579717,0.18934234422995352
1,535,26.75,case1,12,24,872.8230668118313,155.84845753210286,50.863451591041354,35.43580267817096,3.681127816043243,-0.11958646313243261,35.62669103869288,-0.0033566599707395605,0.10351032371054868,0.013512147190764033,0.3261661926944397,0.34013113010398843,1.9276234885662034,0.16583895209732663
1,566,28.3,case1,17,21,-775.3987453228862,351.38709007379043,47.95661650696028,-36.588196774009944,9.5899102507019,1.3593926019916232,37.84852005080963,0.0359243912552141,2.8852548946602967,0.01490502846584863,0.084373006647079,0.26064086181848484,2.883815306622571,0.18391547284349757
1,567,28.35,case1,1,21,-774.8161901028882,350.3784496449822,48.65239429234073,-37.09941299953988,9.03360024157441,2.895844130733229,38.29305800617788,0.07569548029831537,2.902743649812262,0.019539075461331868,0.21220007810404895,0.3565614852853917,1.8132328915110143,0.1484888425789958
1,567,28.35,case1,9,21,-776.1487773509913,353.20493928443204,48.07225937723107,-35.85041926955646,11.721464745237213,0.3418593153528402,37.719519686341684,0.009063317839332076,2.825593770272474,0.012223935598744844,0.20789130487998383,0.6200320806956354,1.450631562256163,0.0949222705479425
1,570,28.5,case1,7,27,-661.9906583781415,-613.8978939403427,51.14928846911261,-26.24974419335837,-24.445454610461525,1.9117399373656945,35.920524368625316,0.05324653881813211,-2.391770409882616,0.012052459248675994,0.09330595187855167,0.28258701133417,1.8394413512016563,0.11120833852739387
1,570,28.5,case1,15,27,-662.5089051460297,-613.869410683432,53.09675689452376,-27.64025747259654,-23.196278287013108,1.738298470254497,36.12579190954399,0.04813652155181824,-2.4433898671386647,0.016341100960574725,-0.30840463787490924,0.3230144222803583,1.1883144157349546,0.09010177282789884
1,584,29.2,case1,14,26,-519.9845658486971,-622.6691352543176,49.718252522130086,-24.729817132672462,-23.157713684181257,3.3332699827655827,34.04341709158971,0.09806944448176264,-2.3890117812352565,0.014255296572741822,0.02571750205494444,0.33100105142314373,2.246521462229074,0.1622249603535403
1,585,29.25,case1,6,26,-519.4007150035403,-621.1789751263742,47.17738085164493,-25.584497099279098,-23.739242148523555,3.5856344957633945,35.085251664288606,0.10237651060266095,-2.393588143520366,0.0314274417311206,0.1672208687811947,0.3272010377744061,1.3734612786470883,0.1419355248575173
1,603,30.15,case1,11,23,375.15190616462536,945.5882228330294,55.32816390747025,18.147678403615622,34.06767971109878,3.4342659432795695,38.75228012528086,0.08873741534838878,1.0813362015267989,0.005100816646289372,-0.07761480900280615,0.1443491069304319,1.9222558829271486,0.14508822431938267
1,603,30.15,case1,19,23,377.0090222199685,945.3121237468905,53.69912344380065,19.680601463267795,33.54241989274798,2.612123237343741,38.97747033895946,0.06706649835076339,1.0401856147751445,0.011358876096891991,-0.29241206004164544,0.29654073543721443,1.8845973790197565,0.13620536155974422
1,604,30.2,case1,3,23,375.32204593053785,944.5793284154181,53.35401695604019,19.324602804875894,34.589993209495454,2.157369349547729,39.68075284454073,0.05439497584429938,1.0613164081209958,0.018203546855514577,-0.5169006897419728,0.5186106804800761,1.0587582764569352,0.11597911885454967
1,626,31.3,case1,0,20,-807.5132560169792,-567.8014911515727,54.1773882859653,-34.2959066224102,-14.322586545225528,1.4579933468760422,37.19504592009654,0.0392086350252491,-2.74599123863387,0.004210675967818878,0.0481621364947091,0.14681811021073682,0.8743191070537095,0.12368592166030559
1,626,31.3,case1,8,20,-806.9231831226173,-566.4518710965516,53.822043200810604,-35.43232753635053,-13.430229636235445,3.8652865938844228,38.08886114309672,0.10165575328398091,-2.7792857604572405,0.020138834347628268,-0.024701859399690385,0.40601124380439696,2.318674608533901,0.15526680242087093
1,627,31.35,case1,16,20,-806.7955627719793,-567.0746475162595,54.37799679699551,-35.52042335528702,-14.70629294711445,4.406149615575515,38.69611972821053,0.11411290921154554,-2.7490557403230453,0.02368696227947399,0.08238011714236396,0.35541487016589524,0.4639424877133271,0.09692978019173652
1,661,33.05,case1,10,22,734.5587254729011,-883.4065326689971,64.42749398760921,22.31122829893952,-28.833202712515813,1.2390836233318454,36.478484276269455,0.033974054731844915,-0.9122343179132202,0.0072337287415715846,0.479016941965218,0.6069530034911621,1.7488050135410769,0.1390518034177287
1,661,33.05,case1,18,22,734.3215792186271,-883.9808090357501,63.761047578777706,24.496428970299693,-27.351821262561515,1.3619568192904101,36.743054922715146,0.03707554790037637,-0.8404146929785058,0.01112007303831437,0.690678122213101,0.6964074018883064,1.5815511073679709,0.13223899529337757
1,662,33.1,case1,2,22,735.1562812802581,-883.384082041425,63.720005312730514,22.560471910090307,-29.244903125028113,0.3902611464338713,36.93767122275941,0.010565593187992797,-0.9137188600203479,0.012594508759839203,-0.6414632309380921,0.684555952148539,0.7584371345268905,0.0901426193266594
1,662,33.1,case1,13,25,814.5919858053603,-209.986009110835,44.06808693879444,29.75992736583894,-15.866036832275716,2.5208141130625443,33.819209118129216,0.07460713209448998,-0.4898023249890639,0.011956723378727805,0.4186347772519466,0.5480306386254017,2.5193612634933906,0.18027560016046046
1,663,33.15,case1,5,25,814.3912468029057,-210.6923581443167,43.9566487498301,30.563360443192533,-14.866042533176348,3.075492798143987,34.125897469958936,0.09024440357519152,-0.4527091697956826,0.018215722693491046,0.38467594055569565,0.4184092925175827,1.92672352594337,0.122661295979486
2,535,26.75,case1,4,24,872.0386792834327,155.85247411326353,51.24786741360599,35.2606721336566,4.8757109376371295,-0.8212708990525909,35.605646214529685,-0.02306779477716272,0.13740485716176945,0.012394343090997361,0.33080498222376414,0.7484445516896903,2.783541878135795,0.1887056128411329
2,535,26.75,case1,12,24,872.7414063997834,156.29999631168636,52.28258914730449,35.05626784988074,5.332717067980328,3.48975262772903,35.63085966255168,0.09809912497069387,0.15096146760300352,0.013295390368456238,-0.487102054277132,0.5061756694280839,2.7858699551599955,0.1727646097513389
2,567,28.35,case1,1,21,-774.0025581722975,351.9774681570324,49.47708648373687,-36.23639712152915,11.414311273427202,4.686906410432387,38.279629960280516,0.12274665500672825,2.836435690698694,0.017747559890150675,-0.07500508989458282,0.5563343239966918,2.2311027300764197,0.15489089350857166
2,567,28.35,case1,9,21,-776.3686792084039,351.56867261029663,47.45132566918745,-36.06162075472983,10.686537110046029,2.5767994916276074,37.6999000327906,0.0684036319844685,2.8534961021777456,0.010440396250916962,-0.2975549930927957,0.5632940783882696,1.0029523082016454,0.1036531763980606
2,567,28.35,case1,17,21,-776.8420618735751,351.9095356456048,48.08545817965277,-36.41713174285566,10.33114130034556,1.2593843965466418,37.875137148299224,0.033257083007901846,2.8651663876061697,0.015331392671948156,-0.11778045589253913,0.15920027441754303,0.9818827886935273,0.08469242416923725
2,570,28.5,case1,7,27,-662.9572812010548,-612.7099688670038,51.244325021561124,-26.765761642205796,-23.97866264829772,0.1986225700248198,35.936356376427014,0.005527092931365215,-2.4110636015588267,0.013767584955302373,-0.26053352997613843,0.455807775542505,1.3832165652665385,0.10749115563599217
2,570,28.5,case1,15,27,-663.4426729685235,-612.7765745997027,52.85483034408343,-28.482374243344253,-21.97873023062097,3.152015789063341,36.114338269208766,0.08738998174317832,-2.4843721779064944,0.016540253373390802,0.12127734333222817,0.1321787732948286,0.990279002462783,0.08871159340740906
2,584,29.2,case1,14,26,-521.1001916045036,-621.6550051688488,48.34670297119326,-26.268341669879298,-21.3503972221321,3.6859555714844268,34.05071958275332,0.10846150729018904,-2.4591071310630515,0.014103654892061664,-0.12210064273050986,0.13111204957453929,2.099127149019074,0.1607793617820795
2,585,29.25,case1,6,26,-519.4281306558566,-621.2179187825182,47.99310549840908,-26.640007728168094,-22.821170565480227,0.27598765166285066,35.079509787331226,0.007867570002188273,-2.4332503962984404,0.030164037586261135,-0.34542616476373417,0.35841447939373217,1.0322934507528505,0.13678165818947235
2,603,30.15,case1,11,23,375.4772620859138,945.4904215796695,54.56461362111227,19.59436443937864,33.374947511250106,2.382496344534242,38.77502453891686,0.0614828246405947,1.0399176211009022,0.007523236910574774,-0.3680099689212632,0.37312278002696225,1.593804198003169,0.1425173941824401
2,603,30.15,case1,19,23,375.9827231271325,946.041953581229,52.25649380230125,17.450682074672287,34.846586355693724,1.068831566239459,38.98657828577802,0.02741880790737177,1.106520127441155,0.012300885443131598,0.07762656468302703,0.38723724423917394,2.3299468200415827,0.13761954328792206
2,604,30.2,case1,3,23,374.75489535879046,945.0386583063042,53.735204364871194,19.79758252936973,34.30581036921381,1.592677619627847,39.64050354240883,0.04018885463160179,1.0473918474112334,0.018197857173967616,-0.07303526765436108,0.1027317625685736,0.9764954535902125,0.11105161697650069
2,626,31.3,case1,0,20,-807.178506527493,-568.5689794818804,54.13255331913078,-33.61979943125635,-15.756031845560948,2.015484231758488,37.18340530404259,0.05423044117716773,-2.703335330483946,0.004196496577501537,-0.3386016064058135,0.4786906762569992,0.9975578873040138,0.12266274345641169
2,626,31.3,case1,8,20,-806.735527259505,-567.0316256702303,53.64069575917687,-34.804380493100886,-15.303851651035698,2.2467227407429045,38.08675018873652,0.059023880721180776,-2.7273283459915088,0.020424548499855203,0.7170167879186681,0.7197506860270527,2.027717115700853,0.15129629246514117
2,627,31.35,case1,16,20,-806.8979346311338,-566.7231398649899,54.25510039489519,-35.51158945251537,-15.390691327999653,0.6513265789383736,38.70879217064511,0.01682711551593582,-2.7326294465131866,0.024265535065578745,0.10587776284869929,0.14420691903880536,0.6927716918405297,0.10062445119604309
2,661,33.05,case1,10,22,735.2054563424919,-882.9557067221766,64.22326269916218,24.11832192970797,-27.28529396762213,1.7558941087087079,36.459071350290685,0.048179329273726174,-0.8469302957215978,0.005227804866329182,0.33850296848664985,0.34129220149754563,1.9011220744687702,0.13924292150028
2,661,33.05,case1,13,25,816.1715389962753,-210.3155782571864,43.62341542347585,30.09335627673515,-15.693211741785728,0.7074001048994547,33.946831982961946,0.020839980366665053,-0.48068692571210736,0.016448431823015232,-0.22763538779749606,0.2302297847884173,2.9990697768281236,0.1972768608137632
2,661,33.05,case1,18,22,734.5085429000153,-883.939301248427,62.57739770230661,22.29725307714032,-29.20333479082578,0.4047093183237187,36.74460569013412,0.011014337853581047,-0.918700088819222,0.012474678660657561,-0.08639069280893871,0.3039415484635142,2.1655054044968085,0.1369283371292305
2,662,33.1,case1,2,22,734.6318626955112,-883.7930512813676,63.81148164975253,22.88245279661975,-28.76012635119913,3.804375729124118,36.94894840742857,0.10314582978820408,-0.898724992129935,0.011867704692543833,0.06481504070793015,0.3969793432743773,0.3758298376071528,0.08899991030991779
2,662,33.1,case1,5,25,817.5737834407379,-209.3053550732139,43.05545075234496,31.39138129485478,-12.703929745838748,2.524956647662963,33.95856381914204,0.07442272929066049,-0.3845470816044018,0.014738513181814093,0.12957871584049718,0.3937835716449854,0.8270685151274084,0.10316463893933048
3,535,26.75,case1,4,24,872.3119779537174,155.29550798252055,49.40625235283629,35.15248953529198,5.106117616743765,2.9994764227227098,35.6478164332025,0.08424154302263664,0.14424735266770988,0.012190446626351485,0.01770380532228072,0.16435853518062452,2.589319744392523,0.18470974027209147
3,535,26.75,case1,12,24,873.2042190837124,155.08183034239553,50.99022204016725,35.0990472676201,3.6941552594173594,4.681587477414288,35.60206684286733,0.1318795793660266,0.10486337650222333,0.011150137188782161,0.13897558246891353,0.4091170578714691,1.6755309833287522,0.15750614063193533
3,567,28.35,case1,1,21,-774.4249375247225,350.822933874477,49.93460569414651,-36.80425320678626,9.864376321147931,3.7601782944926363,38.288352212139316,0.09836539540199961,2.87972465807454,0.020886823789055764,-0.3169995063085024,0.4124826494818346,2.399583683864704,0.15638186319573688
3,567,28.35,case1,9,21,-776.6934359750596,350.9467141869966,48.48936063853058,-36.03371487406702,10.802783302761991,2.237162404612773,37.684660411586634,0.05940025779903059,2.8503225234886838,0.011243496299236596,-0.33598935137861075,0.45657610576580504,1.1829070640798518,0.10094636097640652
3,567,28.35,case1,17,21,-777.2627319836951,350.59612229608126,48.77141642155215,-36.848114806602325,8.737170214986783,1.2712163277776176,37.89112955716953,0.03355547677141924,2.9087791397232414,0.01631797865155176,0.0760577120845318,0.5351468719675015,1.8813229110496257,0.09454157995944991
3,570,28.5,case1,7,27,-661.8131584486651,-613.7914697072508,52.91870479313208,-26.843130678684098,-23.840871931798535,1.5593365126931151,35.93566987633803,0.043406072017340994,-2.4153601945250367,0.013306864685545637,-0.32657901510693343,0.35501224114544605,1.2509459640049012,0.10795606167881713
3,570,28.5,case1,15,27,-662.9845488582172,-613.1791665780164,52.65077392999541,-27.602370905620607,-22.977611024614617,3.7148640377722058,36.10625572984653,0.10306938437226958,-2.4473755438053186,0.017958239923872892,0.7098232340882507,0.7163831968837611,0.6123278644696737,0.08962089848046631
3,584,29.2,case1,14,26,-521.3396489339,-621.8978337410396,47.81193586801283,-24.87749546077583,-23.203507059972775,0.4203626956919441,34.02159939037343,0.012356073780279399,-2.3909964374736905,0.013918297249282986,0.2619138588034213,0.29637463067999176,1.8829266040674741,0.15326314125411983
3,585,29.25,case1,6,26,-519.6665303136318,-620.9998369727231,48.119562997403406,-26.004017477752978,-23.491194726705277,2.2905280785720814,35.11825271208685,0.06526962569353786,-2.406919945140324,0.03038741156602886,0.5017941644877193,0.6320584720014948,1.183623160645048,0.13753285963295514
3,603,30.15,case1,11,23,376.3355587209436,945.0989762517098,54.37438898291456,19.94608838999402,32.98950697832553,4.171288574835666,38.77568388963627,0.1077834253544533,1.026987297039346,0.005586890045468285,-0.2686352616470977,0.37049473445407777,1.7829050807385505,0.14376200133353761
3,603,30.15,case1,19,23,376.165344296735,945.9253298529845,54.046373825666954,19.32201308837651,33.801077709248666,1.7333922586109873,38.97252484528393,0.04449196665425263,1.051491622297961,0.012106616909671108,-0.4039324568058309,0.40755359163593463,1.02562752896787,0.12565535046369491
3,604,30.2,case1,3,23,375.4560735644028,944.6156150076532,53.929126766385345,18.692587992500524,34.92277321566729,2.3460536256418716,39.6801827433379,0.059158563549957036,1.0793441091413258,0.0181340548913414,0.2787349989585609,0.33252935102775605,0.5346600362226901,0.11105881727976033
3,626,31.3,case1,0,20,-807.5397160772156,-567.4250632290041,53.83935540203936,-35.217451007279536,-11.593015423141223,2.700470299968251,37.174714550246854,0.07270670493136192,-2.8235812890688554,0.004097991455152507,0.07907542452375102,0.11240646641113516,1.1827168706263103,0.12841807003818792
3,626,31.3,case1,8,20,-806.4457802752988,-567.2735042879564,53.753935247588295,-35.405890643661856,-14.066570719131322,0.1759193900930244,38.098247357313895,0.004617535646531289,-2.763420653377495,0.01955205477015084,0.42823273357475644,0.4513371659079522,2.07948455609845,0.15353664730681468
3,627,31.35,case1,16,20,-807.2580986483507,-565.5476914470084,53.78136716890202,-36.13041545603905,-13.832543769017986,1.2981950626509895,38.70957889939486,0.033543080886447287,-2.775957272285322,0.025143273060878768,0.5041172602696836,0.5927849545397831,1.8926328428527315,0.11552562659229565
3,661,33.05,case1,10,22,734.4346091270485,-883.6692997312052,63.073658993236386,22.08899497592213,-29.002935198645243,0.8244405655960142,36.4660616385884,0.022610360948741907,-0.9199046145490505,0.006067666680051514,-0.060747736481273074,0.13342928805846388,1.9978521835898184,0.1402167361440791
3,661,33.05,case1,18,22,734.9868993929521,-883.5432672646914,64.10449004424285,21.665143837001267,-29.602711890875202,2.1312326041464544,36.7456277832492,0.05803219160555186,-0.9390039893392069,0.013265700728374626,-0.418740234228151,0.5165617852984151,1.4120857753988978,0.12886987571847672
3,662,33.1,case1,2,22,735.3044241276388,-883.2570617752291,64.2660634512803,24.103502774029955,-27.709395169020027,4.062138784715352,36.949836239378236,0.11015924727937468,-0.8548806245611474,0.011474547028608239,0.2501869159025918,0.3979138670653661,0.814122557457565,0.08936045813780286
3,662,33.1,case1,13,25,816.2209800917684,-209.11517801107695,43.240747266146975,30.671542434454732,-13.741062527366772,2.1451114625682144,33.67731904229317,0.0637391780859327,-0.42119522370581364,0.013111564535156694,0.08297177753665858,0.4731187023564579,0.9426328404999417,0.14140083291480332
3,663,33.15,case1,5,25,815.9585458259818,-208.3351171205984,44.513946556121624,31.42213045466746,-13.391273217975325,2.5913311107439676,34.254802256532045,0.07572103488584739,-0.4028640282997965,0.022009535934062453,0.2541984350416556,0.34895324486455,1.5549057842512468,0.09469172302399667
4,535,26.75,case1,4,24,872.3952082043853,154.49605457203788,51.10628842254058,35.075096237010925,4.66387280508738,4.36326154492536,35.65181814279653,0.12269298280689117,0.13219277071938793,0.011892684920913449,0.31632787126486006,0.3683547009221877,2.6395876531951377,0.1836511246020027
4,535,26.75,case1,12,24,873.4718296150834,154.55103526514557,50.30137678227311,35.405559216475595,2.757522091403297,2.5189831808407708,35.60200595164963,0.0708131349891984,0.07772696553289486,0.01165524286458701,-0.21677704372020884,0.3486718184479222,1.613131587412459,0.15419390762206006
4,567,28.35,case1,1,21,-774.3820511953488,351.32255702950795,50.159777504348426,-36.39370957427792,11.124772892095464,4.081783031740689,38.27432064969667,0.10684866578180935,2.8449344440858475,0.022127614197105332,0.05028613438424531,0.4798612150180273,2.438839744117741,0.15411519945166274
4,567,28.35,case1,9,21,-776.5810545292142,351.64727084106397,48.21009134501453,-36.441154691678705,8.874345320188416,3.739681431304912,37.69213415730732,0.09937999984848186,2.9027169910812605,0.010730849919649876,0.2999875525998196,0.3078243028091377,0.7116658168437145,0.09346629994603337
4,567,28.35,case1,17,21,-777.3310482006236,351.2725031701106,47.16240231668257,-36.450174898620396,10.354035294334903,0.03351486800449366,37.892247495533,0.0008844783455569926,2.8648231311989147,0.01642613707739079,-0.48319266156187823,0.4849516074778041,1.9102485619167309,0.08849507352509406
4,570,28.5,case1,7,27,-663.3020466615844,-612.1180845554024,52.66379127685774,-28.513094003793853,-21.489461121833454,3.9605344396065854,35.923241808379245,0.110474496680311,-2.4957469339488396,0.012328216779706722,0.1408903883345822,0.3204866617201347,1.0679604299259535,0.10591549413324147
4,570,28.5,case1,15,27,-662.6541031741081,-613.6777694012935,52.77382287117413,-26.676679015121856,-24.189388633385835,2.802155412039283,36.119576418973125,0.07765799591860748,-2.4050543861413316,0.01396674950124448,0.4438484819242236,0.6249529791677537,0.9038168189885861,0.08830870305455155
4,584,29.2,case1,14,26,-520.336880595567,-621.9170658741369,47.98925041143151,-26.422164868643293,-21.23892250058403,3.267833432092763,34.05732462586405,0.09609881642801257,-2.4645208492634194,0.01408562006395408,0.1769788117105573,0.1783828105226553,2.0194152472863487,0.1674890934855486
4,585,29.25,case1,6,26,-518.9750002041433,-621.1183300900365,47.567594386953694,-26.495101171506658,-22.955338631217856,0.811856950389468,35.06561092395443,0.02315458016077171,-2.4276546263628855,0.02952967217592608,-0.14538622014074443,0.27823499411104,1.4296765197716748,0.1485365877504304
4,603,30.15,case1,11,23,375.60560638788303,945.3828670612135,54.449560299592974,17.300374056220267,34.70527305382706,0.4159809610684347,38.78056163061341,0.010726738371358308,1.1083541587069652,0.007980142229250987,0.4980570563292839,0.6077259573231053,1.627488721158183,0.14395332964023078
4,603,30.15,case1,19,23,375.9927552750255,945.76636840855,55.41200133328076,18.28868793467823,33.98601340393724,5.320394828696911,38.95936106506203,0.13699075199681976,1.0771166996585366,0.009243995482129078,-0.04294690272732099,0.04697711508029048,1.5152120896157115,0.13099070112053682
4,604,30.2,case1,3,23,374.7334760164172,944.8755352055157,53.93924379165083,18.499893552480493,34.98884836706864,2.694521268245918,39.67021573387093,0.06797536668315966,1.0844244033820025,0.017175276476408492,-0.24357779981164157,0.24930309778147092,0.897032624241846,0.11386267741304826
4,626,31.3,case1,0,20,-807.5256943126662,-567.8581507871002,54.86835141448141,-34.35374608910644,-13.971475102889364,2.5323344829572334,37.17249930848109,0.06817667184780292,-2.755328623114212,0.004238373085897873,-0.32044311880234655,0.4746625013017425,1.1063815842960698,0.12321168762167829
4,626,31.3,case1,8,20,-806.5463173659269,-567.3619879044253,54.44440413632128,-35.69007036491057,-13.34955309231317,-0.3864509840898581,38.106968323127724,-0.010141389500298435,-2.7836629298000943,0.019107106108733243,-0.47085963067586245,0.6837414004360733,1.9374346168475647,0.14949231424374632
4,627,31.35,case1,16,20,-806.3618887691574,-568.2124392307899,53.121924220667836,-35.299632238266206,-15.912803357826418,0.14656975610752984,38.72083198428334,0.0037853036367859055,-2.7180800230951685,0.024088170768038167,-0.4189436825007784,0.44870573578927,1.3052482626115032,0.09896134163636922
4,661,33.05,case1,5,25,816.4384034728125,-209.98196680203267,44.521400658194864,29.883234824247086,-15.452543717430718,1.2428392148717597,33.66501864271316,0.036926214644454794,-0.47723180413767197,0.011791236402802245,0.09261425511746293,0.20377929568013203,2.812563228192552,0.19305340968635773
4,661,33.05,case1,10,22,735.1491354466556,-883.0232712690041,64.11265914576028,22.68830658400273,-28.52780411086442,0.8803191817919231,36.46052419945969,0.024146793128830717,-0.8989247244680458,0.006320565827543757,-0.0011785864791654388,0.14571686604580572,1.851553834196926,0.1389850742367639
4,661,33.05,case1,18,22,734.3126638833093,-884.0249038800481,64.82521069514452,23.475783420848277,-28.12011476910958,2.8683350164284422,36.74344305610103,0.07814336523367152,-0.8751698053590237,0.010761782062071292,0.7503412783220151,0.7506345173336298,1.5975381114379745,0.13052025822407082
4,662,33.1,case1,2,22,734.3300438705435,-884.0353933754894,63.80203611013295,21.054816031058046,-30.26366346614536,2.692054743402551,36.96541306728867,0.0728908416364465,-0.962953521725651,0.013983622702200497,0.24867765249261264,0.2635835477584649,0.5882846783804576,0.08924507982987599
4,662,33.1,case1,13,25,817.7671486621947,-210.06741672139475,43.07234521740285,30.449399774014452,-15.625091562174482,1.4600772049911317,34.255528872995406,0.042636027207848114,-0.4741117151848231,0.022941530477467418,-0.10472224472738478,0.10926853208144975,1.1490506105049987,0.08990958025447683
5,535,26.75,case1,4,24,872.3366599417428,155.08884968291014,49.89456443704004,35.20978175358709,4.780622459998387,2.593562104131586,35.627372154402046,0.07286134627732112,0.1349501780082008,0.011808920380388279,0.3971267024640821,0.6461371647190202,2.4551543644130143,0.18286437299637076
5,535,26.75,case1,12,24,873.2074659618887,155.38577072486962,49.55982352218612,35.14374142419428,5.407638217524757,2.1890469074589767,35.624668963308544,0.06148623643877454,0.15267458900195513,0.012597092138655236,0.014787206481142984,0.32936176876516177,1.712546285848224,0.15907898870214743
5,567,28.35,case1,1,21,-774.9256990348345,349.8517699294686,48.193709127741634,-37.298358556058524,8.455621405522207,1.904397810475046,38.292190004625894,0.04975384647974092,2.9186585872532675,0.023198952648823414,0.37707377741676606,0.40384216754503954,2.1738258514150623,0.1533583229651642
5,567,28.35,case1,9,21,-776.5300660828383,351.51699675993007,49.14788312247564,-36.751847413945875,7.8210329890143875,2.952276877903673,37.690619311932466,0.07840954143124938,2.931913996021376,0.011537666784287127,0.19471383558514382,0.22084364214142777,1.094779832329296,0.09652919970180565
5,567,28.35,case1,17,21,-777.2909913100237,351.3398732556132,48.693148021178665,-36.3233494843853,10.648893231490737,1.412687894315423,37.878494319431816,0.03730390074489273,2.856414219459855,0.015254542593084843,-0.11001627357734875,0.2617576998636716,1.5227101837227652,0.08192843455935724
5,570,28.5,case1,7,27,-662.9659898861947,-612.4272276347867,53.45500063734849,-28.080912523450827,-22.41809218610753,0.11464749482136419,35.932181251109455,0.0031906687920221187,-2.4678652379377173,0.01351329560770109,0.3655603676726251,0.8559278624944856,1.091736731059274,0.10744447678398274
5,570,28.5,case1,15,27,-663.282068081225,-612.9737688113437,51.681412615022985,-27.529668722319713,-23.37709121756541,0.5723809829682591,36.120612865020796,0.015847043977382992,-2.437586502824676,0.016329931608908475,0.062427138770464324,0.37061860104150507,1.174968941242885,0.09234231396358422
5,584,29.2,case1,14,26,-521.3486365613842,-621.8838067846251,48.19817470280091,-25.884890029903495,-22.087573916126367,0.3527392524809605,34.02958827756786,0.010365848881374165,-2.435185947786536,0.014362275945031965,0.1659398307315964,0.5003220752955331,1.8674641586369778,0.15209122008151638
5,585,29.25,case1,6,26,-519.8090145147544,-620.9577540882115,48.431949130644135,-27.400411727692276,-21.90344053381402,1.5197507842341094,35.11200524765801,0.04329646495820394,-2.467227661009635,0.03094699053736212,-0.09494337728702981,0.4433269248259378,1.2767075837731716,0.13555361385671266
5,603,30.15,case1,11,23,375.56293754869415,945.4943683096138,54.330068845894644,17.70092848597121,34.50206534296587,0.9114140753198169,38.788478415793065,0.023499193581833527,1.0967714763888494,0.010182695233883769,-0.0694423063665692,0.615677726816535,1.5459234805611943,0.14182368939325388
5,603,30.15,case1,19,23,376.45817362900976,945.7729584673865,52.74370059202781,18.617179025784846,34.21395777021161,-1.0430763357297295,38.965141722084184,-0.026772671899029148,1.0724633751536874,0.010698447347972881,-0.07134495364657872,0.44523002096745157,2.0154920460762153,0.13387149037448673
5,604,30.2,case1,3,23,375.268646564569,944.73027004852,54.19365243261177,21.347220623756716,33.238689977261245,3.561616519725135,39.663578406359285,0.0899167570314313,0.9998955551145412,0.016437068407245153,-0.08790314880215194,0.14830563509255218,0.39115249378891903,0.10950801075829526
5,626,31.3,case1,0,20,-807.4515914785692,-567.9930799338769,54.09383267064179,-34.09271942219112,-14.399382839479085,3.623787348645432,37.18585185936091,0.09760560673715052,-2.7419606846830717,0.0037784371899853885,0.37509161325321994,0.4749562245100574,0.8119408618487071,0.12263852563932319
5,626,31.3,case1,8,20,-806.5059198683268,-567.4744129089624,54.189132428152035,-34.91153157510361,-14.9732737444952,2.88261740071458,38.09623927142872,0.07573910921237867,-2.736430140248236,0.0200428706449356,-0.36301911687481225,0.6686385287499209,1.8903905229269171,0.14913843672828464
5,627,31.35,case1,16,20,-806.8951181656536,-566.7442684376387,53.67366616380671,-35.604382347663204,-14.605733348568297,4.236456590306368,38.716237594188065,0.10964279842917861,-2.7523046058856995,0.02501438444209481,0.21463116655768238,0.5006655631706066,0.7270982978908791,0.10125840765721877
5,661,33.05,case1,10,22,733.8473116515601,-884.0846164638183,63.967090109094954,21.361078963443482,-29.461178987006317,2.48878391110767,36.475345195667146,0.06828500415010678,-0.943449774651063,0.006247005961516441,0.02205342779410277,0.1375317065855672,1.894688746206892,0.13907660651635628
5,661,33.05,case1,18,22,734.2707857806528,-884.0486660386279,64.24957442040939,20.42968846427586,-30.490012236495684,1.8717425442461104,36.749373288274775,0.05095468524333461,-0.9804583365067687,0.012938941549555666,0.12170939999430858,0.18591002060347722,1.5120481014743934,0.12997693862881374
5,662,33.1,case1,2,22,734.2098861764222,-884.0235794943345,65.37142187430617,22.73483533769884,-28.78931729306475,4.474418583428325,36.955621354440325,0.12137323409030769,-0.9023693974575341,0.011301131980846417,0.367047957257291,0.3727394575877557,1.323835445093443,0.09396652974580565
5,662,33.1,case1,5,25,816.7701542458113,-209.52549016340635,43.418355171234936,31.865544067983404,-11.687944511835465,2.519372488852327,34.03480840842097,0.07409117608516184,-0.35155299774634535,0.015347341717208545,0.3228238313682115,0.38214053884826754,0.3507457625478957,0.1213381147376497
5,662,33.1,case1,13,25,817.4180769887387,-210.85741424079256,44.13257679388908,30.89661684508352,-13.427079924559317,3.6050561317223377,33.88043443471869,0.10660706908277012,-0.40995769753716355,0.012941276765996214,0.21334745523874074,0.3326818529192248,1.5666975056056618,0.09702124783126832
6,535,26.75,case1,4,24,872.1666932126155,155.50136904781598,49.62247916651628,35.111679158242005,5.615526839169866,2.6214008087656313,35.65439520161519,0.07358891511937811,0.1585902298199518,0.012866794092992316,0.09397862104186701,0.552615172246056,2.6344679923099275,0.18676222653373173
6,535,26.75,case1,12,24,873.1562829062613,154.31701371270609,52.12769815010813,34.95743424418898,5.835124275627494,3.330838333528182,35.597266303087295,0.0937071403512974,0.16539597064833372,0.011777724794775398,0.4834095225400338,0.6476852655307792,2.6421076975692737,0.1699515470252684
6,567,28.35,case1,1,21,-774.5827119075826,349.89708200989287,48.56332026487143,-36.511448418982425,11.645281738062588,0.14045240313102667,38.32385913877168,0.0036648897240592346,2.8328435785975707,0.025158808150132925,-0.03330383111561458,0.314599683726538,2.3209584325332235,0.16127159349118392
6,567,28.35,case1,9,21,-776.5364867944737,350.831982942379,47.48987735327036,-36.3190394186337,10.10217299214116,1.7817851663221231,37.739916293419896,0.047229775195315765,2.8702994553385577,0.012455918406960854,0.20265357324209546,0.389385340928401,1.4170146218363522,0.10914502953766922
6,567,28.35,case1,17,21,-777.1035077722239,351.2672038782548,47.95477753514482,-36.866768133051885,8.37096472205989,1.5946458323242345,37.83879673410256,0.042155627944148545,2.9183184348815208,0.01319879821180284,0.05728465286823223,0.058952414154049795,1.3676918212469291,0.08700817531286953
6,570,28.5,case1,7,27,-662.4300329666991,-613.3083292614892,52.642159210387305,-27.850231333565908,-22.60731748624042,1.7996457848875789,35.916081554198975,0.05012795447586818,-2.459730362495304,0.011703106723347682,-0.23090295833918306,0.3765939118540751,0.5065003868122475,0.09987767844168494
6,570,28.5,case1,15,27,-663.2243525936877,-613.0365477577651,52.87659374108855,-27.480432835756805,-23.39756245316306,1.6331229139667587,36.128758739297005,0.04521825942489218,-2.436271148138659,0.01730228311451098,0.0010845107103552576,0.11366814960943161,0.8237987720247687,0.08779806333305135
6,584,29.2,case1,14,26,-520.7048256390899,-622.7552801623436,48.002162575894495,-25.55059305605918,-22.364964053260454,2.440174563822158,34.04377879322295,0.07173906554732706,-2.422581024078244,0.014328996501924186,0.11930120457286628,0.32785871083327345,1.107910525057322,0.1420666198704084
6,585,29.25,case1,6,26,-520.0424086101691,-620.9129513946499,47.82475654495496,-26.747098753390475,-22.72497323078789,-0.09820974333569349,35.097597427991204,-0.0027981935714880444,-2.4373169997470794,0.03115279329817653,0.1194035672339872,0.3355729524111643,1.2899999843304346,0.13363545868817941
6,603,30.15,case1,11,23,375.5747520996339,945.5288073495595,54.13151804411936,18.40869458492446,33.92133170128374,3.387675911812333,38.742910690770486,0.08755170043669419,1.0735843783771288,0.004781918219838887,0.19393232474468383,0.49726440154790413,1.533900360144524,0.14135442076136667
6,603,30.15,case1,19,23,377.0728663209653,945.2318886734369,54.49042626018919,18.73303621140436,34.14889703451813,1.8832234686765876,38.995132324495096,0.048312601177910655,1.0690522129677693,0.013380822295686604,0.3674034066741838,0.43256819042854655,1.8451248699209168,0.13629585407209527
6,604,30.2,case1,3,23,376.4080073641121,944.0187518206798,53.676499910778695,19.337021816465725,34.60953583664041,1.753966386534155,39.68396126451164,0.0442127724710943,1.0612833553898728,0.019090225656794562,-0.23394009101953026,0.23506532444350617,1.4400159629149156,0.11930394011500711
6,626,31.3,case1,0,20,-807.0663550365688,-568.4540953904655,54.540396783420725,-34.01547847558759,-14.802972211624562,2.803331054220354,37.202680376833705,0.07542442488145122,-2.731128274236875,0.004388917292689313,0.4142132564694099,0.4142469163411245,1.1685698171719376,0.12651535915632034
6,626,31.3,case1,8,20,-806.3397507009365,-567.8648861002902,53.77135525898171,-35.04577718771856,-14.400383982044257,3.783361727841857,38.07743929789962,0.09952388407821872,-2.7517233742005867,0.017887580161395758,-0.23202432353888425,0.2367145066698962,1.9279248111073495,0.1492323550347441
6,627,31.35,case1,16,20,-806.8623645247022,-566.9734798451075,53.830043133641716,-35.95185155475263,-14.211897699941723,1.5556616425019103,38.6902280892027,0.040218969904208014,-2.7651414095416764,0.024486215931331618,0.26339834222445685,0.3660059426928614,0.4693204035933954,0.09756905203237103
6,661,33.05,case1,10,22,734.6054521686248,-883.3154052354987,64.19863141700681,21.99903397070974,-28.81616684959346,3.980793103546548,36.471573605772676,0.10936571732615573,-0.9187573021780816,0.007416762954932588,-0.0775277884209197,0.23705946111045123,1.7892263798750467,0.14031658003133643
6,661,33.05,case1,18,22,735.8082417567056,-882.7763341607582,63.43236003318434,22.345877947659304,-29.167534841947106,0.5911686355832422,36.748235744911376,0.016087687607098965,-0.9170569928477287,0.013297228366460554,-0.1747635311223952,0.18975432197347145,2.213639400429854,0.13888083144656777
6,662,33.1,case1,2,22,735.3632868371155,-882.9890302764198,65.35588592186238,22.229960189783135,-29.189182981108054,4.290639265247135,36.94034540239752,0.11641325274866597,-0.9199237691445875,0.012321825675447887,-0.5848420037439045,0.6182113367354408,1.5657894644267971,0.09902440492673578
6,663,33.15,case1,5,25,814.8884526307945,-209.44439106155303,43.374805578071424,30.36586736238505,-13.782790828367776,3.280231918697451,33.508374253743526,0.09804992937801175,-0.426084885058732,0.01105831785604264,0.25783689544390626,0.29632098619530933,0.5914830578826471,0.11129006196547786
6,663,33.15,case1,13,25,813.5496098300058,-208.1650240476026,42.50000328778712,31.18298063880333,-14.762516102942577,0.7663104289493943,34.50938125905967,0.022207683619081094,-0.44215498792936536,0.032808005187333275,0.07056551542105674,0.16988863717845232,1.8277477362575358,0.16040707775632837
7,535,26.75,case1,4,24,872.3293082799138,155.50969401331852,50.559010347099125,35.339354591778914,4.0834934233135955,1.9998104848295128,35.63066296712657,0.056155618688730126,0.11504067967815507,0.013510958720778619,-0.39159612996991117,0.40422797882177053,2.3584723618454624,0.1801044214933951
7,535,26.75,case1,12,24,873.2623836299324,154.94485728319202,50.990800687892786,34.904717224880265,5.03486210570498,4.9534934836659525,35.612163914385185,0.13954802628200236,0.14325776433947182,0.012483226591422304,-0.1406060564667612,0.1592194608290117,1.6746672900044801,0.1568434966716564
7,567,28.35,case1,1,21,-774.1227532522947,352.0575337603299,48.23446112931604,-36.470296374283194,11.325082052408417,3.052011274837027,38.309982693073216,0.07975072513353494,2.8405045008622114,0.022229054264395948,0.5583048372567128,0.6209018209540672,1.7892455551608923,0.150342953120235
7,567,28.35,case1,9,21,-776.5777639083155,351.40858297871193,47.36073785439703,-36.25949703873097,10.28311351935222,1.276138320733804,37.711033904777395,0.03384638058660395,2.865250839387772,0.012604493073362453,-0.0613529098982033,0.32149695885937385,1.2289363186096283,0.1010550264255677
7,567,28.35,case1,17,21,-776.990531393636,351.9721699567804,48.05979876417499,-36.66136413996572,9.320905686392464,1.5109911889731784,37.85786573211625,0.03992281688106194,2.8926243141312202,0.014001298827318947,0.04107216861987792,0.3444695264680812,1.139467164681744,0.08040314054088867
7,570,28.5,case1,7,27,-662.1010691086826,-613.7309777869923,52.733814483678316,-26.634969821788605,-24.095644556344244,0.9019326694786105,35.92819486884284,0.025106394363328156,-2.406207834390005,0.013458284507257902,0.17418836829819284,0.3312953216363447,1.016351511644928,0.10127269435910148
7,570,28.5,case1,15,27,-663.7238014364034,-612.5355915745339,52.73456465471476,-27.080241436693857,-23.854541881285222,1.4713153943612585,36.11846361108548,0.04074709912848362,-2.419440022387185,0.01648857919788102,0.7810096956520148,0.9111587985842452,1.2671878369587068,0.09093281237140556
7,584,29.2,case1,14,26,-519.8660642710063,-622.8473694854601,48.904055757362265,-24.669158987383664,-23.14433700242095,3.857146145803127,34.0456357969201,0.11353718076218644,-2.3880747226355803,0.013814259682562878,0.029926638771683167,0.5369943226616051,1.7620759495908336,0.15712649312577784
7,585,29.25,case1,6,26,-519.5089065065592,-620.6657606466647,48.74860384979483,-26.304465501126202,-22.92018436059505,3.8358220775076197,35.09947702507688,0.1095030175465087,-2.424838227507502,0.029648036097643382,-0.3084702336239403,0.39177274810888296,1.6971363405830096,0.14794151679805162
7,603,30.15,case1,11,23,375.83741452099616,945.4308497163993,53.194434648882876,16.74522318690849,34.9483448985458,1.4125950776545664,38.77866340631796,0.03643518223467494,1.1239738420588454,0.006916791742711634,0.5772566579323366,0.5881762362982224,1.9373392766785453,0.14512119766909004
7,603,30.15,case1,19,23,376.5922311150775,945.6930203410255,51.72180077193459,20.897614344906017,32.90881845978946,0.025703651581283408,38.98334616737647,0.000659349593370792,1.0050271529152384,0.011607043352019217,0.0514227749347875,0.19870748077510209,2.963210700561969,0.14548302469818652
7,604,30.2,case1,3,23,375.86642470671256,944.3728328239224,54.66399907776199,20.7425686716411,33.78699616096241,1.269552858293584,39.66644714539779,0.032011178145532435,1.0202031528866236,0.016670359675223363,0.08027711320723405,0.11727136139524376,0.7770260124765155,0.11175252320884614
7,626,31.3,case1,0,20,-807.8077187219367,-567.0534539585607,54.10846587582275,-34.38128810679446,-14.061727231311542,-1.6429180715931304,37.18204303693091,-0.04420018398250557,-2.7533572859829825,0.0050321458329651274,0.12050556265132481,0.7247643642556505,1.3809388726874416,0.1290022172432413
7,626,31.3,case1,8,20,-806.7243431584537,-567.0010523524356,54.186771291269,-35.59848868548447,-13.296687560507607,2.7898492737211993,38.10298617880765,0.07328423053828205,-2.784121625952818,0.018907418064296612,-0.45245116005172104,0.5367913441842461,1.9970340298945255,0.15025654667534363
7,627,31.35,case1,16,20,-806.8963792732058,-567.0033956337954,53.27283970067181,-36.30438758472064,-13.197523039862945,2.489806260510025,38.70894350798283,0.06436564915050574,-2.7929207278648858,0.023963326426822917,0.12979948070739777,0.21145822040011217,0.8675164258938531,0.09883734569902282
7,661,33.05,case1,10,22,734.6557407589966,-883.3069775937333,64.35014133929683,23.392582222993358,-27.677768861865612,4.121506221202526,36.472710425217564,0.11324435719146943,-0.8691095974892961,0.006370566439882965,0.4233625972525028,0.42499913348351015,1.7722589189853555,0.13936145438272182
7,661,33.05,case1,18,22,735.0701744868584,-883.4779932683921,63.05103493590177,21.897065565525207,-29.502084709474275,0.10353712025922882,36.740511734612205,0.0028180679149860583,-0.932292422933332,0.012500550968470124,-0.26778431056167157,0.3932709765238124,1.8661185445198618,0.13352600157985844
7,662,33.1,case1,2,22,734.9396088169278,-883.4762002659653,64.30468758446854,21.353398468322933,-30.156162863559754,0.6975887694590305,36.9573864726903,0.018876610766743854,-0.9546587678516444,0.01384264915269067,-0.25719628221128915,0.3699711995830738,0.4079594275233037,0.0898598482968808
7,663,33.15,case1,5,25,815.5348835245215,-209.45287884426762,44.410462793729025,30.57724777104047,-13.391169988638326,3.9230050246192563,33.61073464444648,0.11698546569379878,-0.4127843611085335,0.010752693496811593,-0.10860717532453856,0.11706870172512854,1.2369001079088764,0.09297428797867122
7,663,33.15,case1,13,25,814.1562553578643,-210.42477550564567,42.73019121352803,30.009449252927254,-16.597659893549704,1.9318350953556933,34.347945284130354,0.05627279953240336,-0.5052056783314405,0.02898720036926616,0.09267813059485852,0.11694129747709515,1.889239457416849,0.13038640006135543
8,535,26.75,case1,4,24,872.5039360835522,155.4989830237453,50.97203887985324,34.883025780222994,6.77529817152891,2.69743372575271,35.637147775904474,0.07576409048449081,0.1918404950191911,0.010614029611972995,0.5843511151265951,0.6444591291354963,2.2524434286650608,0.1752679423243637
8,535,26.75,case1,12,24,873.5303728942105,155.28441930193986,50.45707887832273,35.48600719877316,2.9788689994281308,-0.2409636476977617,35.61163336476784,-0.006766482289766719,0.08374854091139815,0.013143523639772437,-0.10887684300270425,0.24514973585590769,1.197626583829678,0.14765215092218828
8,567,28.35,case1,1,21,-775.0571359122929,349.1756498950303,47.680553136666816,-36.70740499792525,10.728453808815514,2.2447956817199284,38.30890771690396,0.058630810412796136,2.8572430907632866,0.02232892188157182,-0.42882691033488224,0.6809306172315582,2.8198423630092306,0.1638396239479246
8,567,28.35,case1,9,21,-776.6817876225685,351.0614827788553,48.21076901572631,-36.81079944483123,7.978943091058039,0.9535592399689944,37.67768256995194,0.025311032912930256,2.9281391667454932,0.009292265806689402,0.07107130946325427,0.07964206044340753,1.0830657359341425,0.09834885860567957
8,567,28.35,case1,17,21,-777.6096728488773,349.77697086903476,48.52779487631682,-36.092835103477725,10.824860340951549,3.9083095406869486,37.883310714267886,0.10335094429573086,2.8502118674444104,0.016332789263381265,-0.6219283432671899,0.8438604391341766,2.660778779134864,0.10743903759262478
8,570,28.5,case1,7,27,-662.5279156311959,-613.1265579754747,51.48617553014062,-28.285899776487568,-22.143257199432036,-0.8618121762271755,35.93269661176004,-0.0239863662637106,-2.4774047388723726,0.012841079342427028,-0.4811144335240535,0.5315482255358639,1.1048996791348893,0.10547371288632343
8,570,28.5,case1,15,27,-662.7074115741734,-613.7146786767278,51.86477625916495,-27.197940775872766,-23.711620944840167,1.6139426335226246,36.11888371896295,0.044699061463983315,-2.4245683905427704,0.01624201769637267,0.34428784598152296,0.348191716160566,1.146113402259427,0.09013312036843737
8,584,29.2,case1,14,26,-520.1956178311933,-622.4991322409751,47.9734592007555,-25.130870516588214,-22.768244806608543,3.304843687900481,34.07162479683989,0.09714969542852367,-2.4054795850988913,0.014213671379543867,-0.003679319551002258,0.3071073587421517,1.5985221911215377,0.1576233984159263
8,585,29.25,case1,6,26,-520.4036764223754,-620.1257486824558,47.56718473686277,-27.05477038516094,-22.10340002543957,2.692678824981794,35.03956924011607,0.07692263887024704,-2.4565791737882527,0.030272833427541355,0.19156145927298193,0.27331464037678094,2.171875465641088,0.1493646902327057
8,603,30.15,case1,11,23,377.1517171253126,944.7120616744531,54.52625180202953,19.61792610677142,33.35141644610733,2.5091302709267196,38.77467908840643,0.0647557834742624,1.0390846039044594,0.010089104676942707,0.22608341806036922,0.363972560684243,2.351748581033931,0.1491844416732301
8,603,30.15,case1,19,23,375.82225267695634,946.1339254333578,53.79377600153398,18.331518862515804,34.34787520220326,1.6446128398491209,38.96826742499465,0.042216438208949075,1.0805522656310953,0.010526649648500593,0.44657287511666294,0.48809985368383135,1.0582410810106133,0.125245473466548
8,604,30.2,case1,3,23,375.4593470501854,944.2840880339147,56.58277664567998,19.829660634587245,33.9230319089795,5.436486558781396,39.6679079469078,0.13748268980160777,1.0418156343494784,0.01868209799373115,-0.3665847091547633,0.6678042342966793,2.382263305945026,0.1264959591162706
8,626,31.3,case1,0,20,-807.6426422845993,-567.5794920482602,53.64787233256112,-33.740159134269646,-15.534016319816496,1.9306267798332921,37.19450659967375,0.051929570879136015,-2.7101226703526495,0.004163421622841296,0.5626865258965362,0.5729178465124524,1.0757103190328483,0.12563944627685744
8,626,31.3,case1,8,20,-806.9431724788423,-566.2198942428746,54.68958169485927,-35.67873660818142,-12.330874240283928,5.096459370182624,38.09194932787773,0.13419602620205814,-2.80883543797723,0.01826305565773736,0.30087239556929646,0.4599844462254773,2.5481000535354834,0.15731902632584446
8,627,31.35,case1,16,20,-806.9441386275024,-566.9999958522236,53.44238370164196,-36.4707437323845,-12.824731951397252,1.736069057749278,38.698873805212045,0.04487603186904384,-2.803453662307705,0.02252829765351259,-0.015635626817088494,0.08426657708928066,0.7473261601492224,0.09657595080137557
8,661,33.05,case1,10,22,733.3873400210988,-884.254803905,65.57268629277803,21.50507893479016,-29.342570206163177,2.693870538220327,36.478922472735704,0.07391460203205807,-0.9383313543970376,0.005902324604388366,0.09745291093834879,0.18815286747209997,2.6168128045371835,0.14837562099597532
8,661,33.05,case1,18,22,734.3531529525693,-883.982628410666,64.31271791712264,23.391759155345245,-28.328892401775462,0.4859959420863232,36.74148517886524,0.013227829874199444,-0.880567473140987,0.007610515547573471,0.7419568673307341,0.9321894937873947,1.4798080498391857,0.1303341889361168
8,662,33.1,case1,2,22,734.0091707388981,-884.104039824791,65.69162042593383,19.64412994758908,-31.055012400616366,3.9268812867341736,36.95573072258626,0.10646004663805966,-1.0067797289572806,0.012942856398606255,0.07435529082922937,0.1922913389409495,1.7010748967269065,0.0982680502873198
8,662,33.1,case1,5,25,814.525499733579,-208.3599029353736,43.4352189563831,31.26908341766245,-13.828800828772202,2.046181708745913,34.251688567540576,0.05977517688029911,-0.4163916660912196,0.0217730333200954,-0.22138113238495374,0.22731136489761886,2.712750964121398,0.19315550078931787
8,662,33.1,case1,13,25,816.2674409825885,-209.61651331970253,44.37528008655297,30.57676777004547,-14.089425234546258,0.95432413338546,33.680281549516806,0.028338595579096737,-0.43178939968015845,0.009824330805741273,0.17085876663170674,0.44709861992708333,1.0566375726625046,0.1356692685409756
9,535,26.75,case1,4,24,872.5078910830161,154.81733781551964,49.612758617019615,35.26296075715342,4.094916670058761,2.8694892604667857,35.61570878855567,0.08065549931963212,0.11560735038552547,0.011028837151052955,-0.15888048316495285,0.21314272429847075,2.4453746177083806,0.18083133012731395
9,535,26.75,case1,12,24,873.4521896237865,153.70513613199532,50.28180151551123,35.11580494781955,5.796383129382087,1.7827538706860724,35.63560054046149,0.050048218879313086,0.16358969544160065,0.012969878568549597,0.3178453208691513,0.31894702522851603,2.2736639012544546,0.1645346847628883
9,567,28.35,case1,1,21,-774.6181043667219,350.3507845881228,48.26453295576067,-37.026688048496915,9.362116744554074,2.925537702846634,38.30383308012583,0.07645160546837369,2.89393550598591,0.021231419458617472,-0.09252888525288827,0.09751148051803446,1.9266906542301976,0.1536489469402158
9,567,28.35,case1,9,21,-776.3233675018959,352.0120186458573,48.54479727093305,-36.29166623296681,10.149916347275392,1.2160250703892685,37.70390638638876,0.03225755900994266,2.8688842087146473,0.009432443323805629,-0.06681815431037072,0.1625823480346622,0.5397184330758663,0.09589312017557695
9,567,28.35,case1,17,21,-777.4266679783658,350.32316906169314,47.80797871835546,-36.677678476158384,9.398788086553584,-0.2943324440355809,37.86391352573062,-0.007773507303938842,2.890736940730309,0.01699149752542557,-0.34033880633787367,0.376721455257706,2.1845620233719107,0.09864490870359187
9,570,28.5,case1,7,27,-662.9726972115064,-612.5649639413353,52.387860313395095,-25.251413784626205,-25.321497471914082,3.4777986512304744,35.92919726073855,0.09694768554028306,-2.3548086960847274,0.01278647889899083,0.6410702709524285,0.6493847637729354,0.5561846860393442,0.10351908680420753
9,570,28.5,case1,15,27,-662.4549574422333,-614.0426935228941,51.54645594769528,-28.90768240447383,-21.655594759489087,-0.20057723172539335,36.12006530463399,-0.005553098005241521,-2.4986489620215133,0.01825802536923397,-0.49425637783902343,0.5003811525312647,1.5830481437050647,0.09476078997115088
9,584,29.2,case1,14,26,-520.5019980406139,-622.2900970824785,48.4531461899509,-25.635984457162543,-22.220752981579356,3.071695759013645,34.0646573003779,0.09029516249175303,-2.4274373631105406,0.014284994664706821,0.09117060366756227,0.1494983826582631,1.633215385378286,0.15575666663077095
9,585,29.25,case1,6,26,-519.9650502167835,-620.6499266911645,48.043617086968325,-26.645788107595695,-22.716750600149364,1.5332787407005306,35.04853385522651,0.04376126659803845,-2.4356225666975257,0.029050686137832044,0.4042302302622384,0.47579806638086225,1.5250193497276048,0.14106971197889812
9,603,30.15,case1,11,23,375.87573957459284,945.3190206808625,54.955979227379004,19.551288163642557,33.24800855956238,3.8156683501226323,38.75877019453339,0.098606296621339,1.0392144741869194,0.005335974457679568,-0.316763350440911,0.410208021535083,1.6920099327356422,0.14237305530364897
9,603,30.15,case1,19,23,376.64469526184496,945.628233012895,53.009779043847644,19.051709298033696,33.95132256171216,2.0298288978796117,38.98435758379091,0.052091333728309215,1.059434665361436,0.014262441076922577,-0.1922251162642335,0.4297943740303417,1.9232989271399452,0.13489360927866662
9,604,30.2,case1,3,23,376.00283318157136,944.3298886595073,53.819758935574654,19.64527652521889,34.44512349757311,0.9891214731520389,39.66587681879766,0.02493891703757986,1.0524746127720321,0.018057638886767372,0.4642918655985555,0.5755520659270018,0.9351501188462239,0.11322133345222157
9,626,31.3,case1,0,20,-807.7508902164384,-567.2051025117213,54.78433509447367,-34.32264625362249,-13.829280895889534,3.719884120117136,37.190463748329634,0.10019006047721332,-2.758571565748921,0.0040876461717354404,0.25001608974770584,0.45123886011475683,1.4113912590454818,0.12764562852600037
9,626,31.3,case1,8,20,-806.8614337182485,-566.7137640138919,53.9558949633288,-35.52110084654869,-13.189203276386424,3.85544817945724,38.086325224166806,0.10140288923892077,-2.7860643514814822,0.01879790047424212,0.401138107747678,0.5278254027311607,2.1264112974873917,0.15194128789487493
9,627,31.35,case1,16,20,-807.1197431655374,-566.6675370096676,53.37001935301487,-35.67774519774015,-14.963110306395528,0.6881779346733782,38.694570178592265,0.0177858085849182,-2.7444780443095382,0.02166916095061443,0.14121914279493789,0.1769311972408601,1.0556161356404448,0.09913350176877149
9,661,33.05,case1,10,22,735.0880673631985,-882.9602436927514,64.85394443621887,22.644415714361323,-28.43774603029179,2.9448503183956483,36.47118185260721,0.08083257823373682,-0.8983276397377856,0.006957856089953834,0.26298236868024427,0.5939035431887693,2.0164649350521393,0.14133506808370183
9,661,33.05,case1,18,22,735.1992924514923,-883.3948820938828,62.97444108802915,22.698325398971058,-28.870277775261187,0.7667352437909069,36.73274830001678,0.020874858743194336,-0.9045158632369547,0.01049082235339661,-0.3804875004659986,0.5118527107586816,1.9465244049877077,0.13426623853887723
9,662,33.1,case1,2,22,735.0191997253107,-883.4922240472755,63.28522382609319,23.92046262208367,-28.129046949335187,1.3247527245934048,36.9484341226218,0.0358617828395727,-0.866079967983394,0.011641610054737078,0.4411963500652163,0.4716242003058951,0.9837619455289432,0.09215686845767884
9,662,33.1,case1,5,25,816.4069545462943,-208.94977379433712,43.13048276262636,31.366437991320364,-13.095734984737879,1.4053828231728778,34.01950628585757,0.04132284748017322,-0.39550767786456964,0.01382725788843087,0.22548178859533996,0.2776440765797379,0.9277612032831918,0.1374881689631832
9,662,33.1,case1,13,25,816.8351400251408,-210.6650000917371,43.9601052917061,30.441213075344418,-14.69376802791778,2.5075359792575656,33.89486700142147,0.07404746349981729,-0.4497065953163822,0.015951408222271986,0.01976525597500836,0.3895385013205425,1.2920702642325959,0.11317227253787267
10,535,26.75,case1,4,24,872.1825499517869,154.05698722796316,50.95188260636131,35.3403617357068,4.332647940978058,1.5957893258317184,35.64070074175744,0.044789326959445326,0.12198898225447022,0.012322490055102999,0.24530298392797412,0.25394561815919325,2.9943903235345775,0.19320859033982282
10,535,26.75,case1,12,24,873.1453267551527,153.81986907761046,50.36421304658915,35.34725161306688,3.4130693280324462,2.7899985349434187,35.621079863760464,0.07840467179989011,0.09625984678370567,0.012030906049414706,0.27575481675834734,0.3714836383622747,2.3620299440864225,0.16991725045537773
10,567,28.35,case1,1,21,-774.2369648843705,352.0581260023977,48.66371471982251,-36.72959471451996,10.628829852833514,1.6902846944006573,38.27391036047275,0.04417721116746923,2.8599067336028074,0.022679639308200977,0.36660532527215994,0.6345155422587911,1.7133661530966258,0.14748072676100604
10,567,28.35,case1,9,21,-776.4603477565629,351.87094724484456,48.36841008695154,-36.15832032435875,10.168464157608037,3.041246030975263,37.683829017556285,0.08079213784144072,2.867452457279273,0.010256698077135862,0.09195292888565815,0.24893298244172765,0.5774283190229834,0.09389750965080654
10,567,28.35,case1,17,21,-776.7475798055341,352.4600556851072,48.155933438561114,-37.00680132905968,8.117584689308062,1.0033080026190817,37.89993605198696,0.026475644283807716,2.925658743414086,0.015048730428981204,0.27241021820148154,0.3036765761576851,1.0933814024491024,0.08197215267104972
10,570,28.5,case1,7,27,-662.939005579438,-612.4217949155639,53.146157146489465,-28.83796570181587,-21.42960835512073,0.3271498631716028,35.929979224958394,0.009105331836486485,-2.50251959779118,0.012836714091177431,0.15714193988548675,0.5471722649551715,0.8402149401253283,0.10625289476101542
10,570,28.5,case1,15,27,-664.2144086329675,-611.7381407389227,52.18456209142074,-28.412866939608737,-22.25874538973126,1.2966206015979234,36.116810200200156,0.0359084671096821,-2.477053641211826,0.016965552431959036,0.0865116209568075,0.09432155360960007,2.055198830919789,0.10537157894066822
10,584,29.2,case1,14,26,-521.0101200355659,-622.2235201570453,48.469120508773685,-25.847965026798107,-22.043331910593267,2.4065811622867184,34.05609212223021,0.07072416219274993,-2.43547109346588,0.014441668128595441,0.3548593499095708,0.4868845470783149,1.5623686572674857,0.14851674306961768
10,585,29.25,case1,6,26,-519.1159769434521,-622.211430307484,46.17572894420872,-25.221975522433013,-24.326967764007478,-0.47633869517064364,35.04534645852122,-0.013592485489119604,-2.3742556309219336,0.030264042591285813,-0.33215342168864015,0.44112049275577386,1.9851520137788836,0.13522894645632852
10,603,30.15,case1,11,23,376.75026856473283,944.6824307153256,54.798033460658594,18.257171116871145,34.012151928679835,3.5341571138440164,38.763914179500084,0.0912980977940954,1.078156524547762,0.0065938097430439276,-0.09649813099878221,0.2871388962847896,2.2863720408576955,0.1521883420002904
10,603,30.15,case1,19,23,375.2316172668838,946.090504991436,55.194527740062206,18.64696908926371,34.03772932501777,3.324365752938017,38.95289310793793,0.08544717109036445,1.0696188651855179,0.007996765474019328,-0.2643471792880954,0.3166186503887898,1.502150950600347,0.1321594071001361
10,604,30.2,case1,3,23,376.35920797979884,943.7533063789377,55.07058987080457,19.693985358570625,34.29532702133393,3.3006982642682807,39.68522551070581,0.0832681580798855,1.0495282029078488,0.018887176262670412,0.5147064532169029,0.5762218995500292,1.6612429167987328,0.12457471636336402
10,626,31.3,case1,0,20,-807.5115950002739,-567.8629927404168,53.07427342407467,-35.15599330419424,-11.90166418559961,2.333423869135594,37.18922347326422,0.06278586755137305,-2.815164609941286,0.004144889119272285,-0.6671860841796351,0.7315429477568981,1.3479229659545149,0.12697641709436755
10,626,31.3,case1,8,20,-805.996180707393,-568.7031933326033,54.264605330629,-36.043042001040675,-11.973816290988196,2.867184929029032,38.087975828026984,0.07534923402748135,-2.8208545064182404,0.017669570718412343,-0.8931232499096728,0.9549540818137272,2.1901553090751156,0.14972526492893148
10,627,31.35,case1,16,20,-806.8639962146656,-566.9349607238504,54.81572216600897,-35.990383905037255,-13.933050968448407,2.90611669733549,38.702495490341164,0.0751593544294988,-2.772227837441007,0.023009873552815058,0.3542215436270043,0.3598673960433865,0.9101794898984521,0.09839179549664806
10,661,33.05,case1,10,22,735.0741134017242,-883.1121290700988,63.79493490525773,23.344285306052655,-27.922500073468665,2.2532008379218973,36.46503230245732,0.06183011468082983,-0.8744636764981027,0.0049687546113271926,0.08620961562066817,0.09310803338488478,1.8360382683905527,0.13862929594936238
10,661,33.05,case1,18,22,734.1374906107327,-884.1232387682712,64.27171459963374,21.72169735202446,-29.573878543019145,2.135119900909394,36.75602215857224,0.058121700033742625,-0.9372961936050331,0.010542951625044103,-0.056117451270046775,0.07814020659888768,1.5942182253749364,0.13141912945429693
10,662,33.1,case1,2,22,734.5402551171502,-883.8789051826218,64.25028750923518,21.852197754162212,-29.766827388990688,1.2517186926099442,36.94792767095886,0.03388439706671112,-0.9375410470967974,0.013276820655564781,-0.23480077584298245,0.3114589398230576,0.2457765689574454,0.08737534609383812
10,662,33.1,case1,5,25,815.5453172101169,-210.6855201520664,43.83265677364349,31.099835442108493,-13.001017814083422,2.7527563309164025,33.820169960331995,0.08148406468287196,-0.39596189258388736,0.012569625309596927,0.35721204448419275,0.5909023299276799,1.9436968358669617,0.15253647165235631
10,662,33.1,case1,13,25,816.5250857114869,-209.03887096355442,44.12086915516556,30.99470541711273,-14.164292718123317,0.6694485899215474,34.084411591119284,0.01964216507737726,-0.4286521801986224,0.017325481280764422,-0.21054922989279534,0.5070366276079172,0.7781214415263265,0.13188785843711098
11,535,26.75,case1,4,24,872.3507889147794,154.96396636237793,50.026220918874735,35.34981319594228,4.482117070365595,0.36243141033260473,35.634674447056106,0.010170926627436199,0.1261202470569168,0.012106931974830362,-0.08088303434802743,0.08499064202106218,2.447880662923327,0.1825336898156176
11,535,26.75,case1,12,24,873.4055177432008,153.31721482777257,51.08421840317082,35.034667082648205,4.912068534004991,4.207159690819372,35.62662638447277,0.11836652423568315,0.13929791982301015,0.012864320159185053,0.7631599960326955,0.9192272672811466,2.7143184349809495,0.17012277589910269
11,567,28.35,case1,1,21,-774.6445195435449,350.04290289133667,49.30854122061166,-37.67393894973196,6.135230370401764,2.8744379401897175,38.27831136764046,0.07516387732978064,2.980159011833506,0.020766778495889187,-0.1670342913818796,0.27205445806370837,2.374597132079832,0.15673289487499517
11,567,28.35,case1,9,21,-776.7701745743384,350.38034766748297,48.54247822766648,-36.56710012224265,8.726411858418055,2.9010313551477824,37.70568999761718,0.07701493210949152,2.9073329882860968,0.010785497295261893,-0.28965415853694015,0.4080625598450086,1.6833868469563273,0.10778897524678938
11,567,28.35,case1,17,21,-777.0556579383492,351.15914373443985,49.650421308480084,-36.7056061637043,9.293819697081773,0.4820173096179791,37.86699023019395,0.012729565375067076,2.8936055193740597,0.0150338780396931,-0.387160955821808,0.7396422655019524,1.8907805681270773,0.09439542781591065
11,570,28.5,case1,7,27,-661.7274139718374,-614.0981407018724,52.48787810244968,-27.170885733751874,-23.346117667208613,2.821227577861335,35.93407250415456,0.07859209369088108,-2.4317628038491375,0.012100730760271522,-0.1884759800939326,0.49740310676115757,1.4991131367311124,0.10744525415823274
11,570,28.5,case1,15,27,-662.9007714495293,-613.489144010541,52.784195501233704,-27.184565174069654,-23.74341360931102,1.3026572293787435,36.117131522081166,0.036075396111358064,-2.423660920432496,0.016529785569916935,0.1769974431320247,0.40778463602503706,0.8172674738139318,0.08595932592328953
11,584,29.2,case1,14,26,-520.4815904699233,-622.8519513495835,47.28454370607999,-25.318145807846804,-22.756455237397144,-1.1728662610057834,34.06230141058082,-0.03443977947216478,-2.4094298807720818,0.014912493603047186,-0.08096241430722492,0.4768201296988949,1.427606957192445,0.1465075772198526
11,585,29.25,case1,6,26,-520.5258815349717,-620.4331154933094,47.72337626384157,-26.505461308687856,-22.893579024349656,1.6112263015089867,35.06068296432866,0.04597155070488759,-2.429181059060488,0.02947172355947044,0.3715217775957803,0.4307596502718368,1.8951348447968746,0.13989080085663816
11,603,30.15,case1,11,23,376.1899536823809,945.0013039531013,54.6637756089724,19.28398907437389,33.62764359790204,1.2027517171103057,38.78320848332569,0.03101714994041786,1.0501228405190388,0.008559952801037378,-0.10791617690266755,0.1113756252901382,1.8950198884655292,0.14750716555538534
11,603,30.15,case1,19,23,376.00334630581676,945.7972338783148,54.0450383804586,18.79993888553137,34.1048027349805,1.6312896936201382,38.97738290029436,0.041864439782425183,1.067001432027564,0.011599280866733097,-0.00999089865485367,0.1928853859753177,1.168629707641817,0.13029584283689413
11,604,30.2,case1,3,23,376.26961775450064,943.9975250106484,53.37675002043265,19.24747909992957,34.67027628937885,1.0850710175893499,39.669520904559754,0.02735617527036091,1.0640017134049267,0.018919783500596893,0.41380264422108076,0.6684939688391914,1.5372243520594908,0.12189687211605592
11,626,31.3,case1,0,20,-807.5306481695636,-567.8737169567976,54.803436803054154,-34.00408179776382,-14.539034044954871,3.828297758788408,37.17952331054439,0.10315073323164684,-2.7375494761870334,0.0035648967042673546,0.07393312908068847,0.11666722039747711,1.053700894161107,0.12251041647294261
11,626,31.3,case1,8,20,-807.0069433448333,-566.4055951017435,54.869524963881595,-35.53642986801542,-13.678775220189111,1.171321321692768,38.09617740571212,0.030751272963389507,-2.774151215650801,0.021303102917812386,-0.2955144742424862,0.5557429975873085,2.4090414638278252,0.1545339863688993
11,627,31.35,case1,16,20,-806.5471178036489,-567.885302436648,54.06930261889227,-36.64004944198822,-12.405871871507852,0.8309742110733441,38.69223950798248,0.0214781598252977,-2.8151206026563314,0.024269378249758822,-0.29289259323633576,0.3092953018797444,0.5864598012108236,0.0937077343791381
11,661,33.05,case1,10,22,734.3809076262502,-883.6363537031077,64.29254551384454,22.183031577036765,-28.83317257476506,2.5838574628304865,36.47074238430332,0.07090680749240529,-0.9150207812875939,0.005380162256721565,-0.03167353603766998,0.1508431764184778,1.6797240968033003,0.13723312509300967
11,661,33.05,case1,18,22,735.5908310623272,-882.9712314622074,64.61674710554094,23.463346348505116,-28.223546124503535,1.7521033397500831,36.744619249967066,0.0477013509315103,-0.8772359432972656,0.012677509008585622,-0.1533763288974553,0.4167873072426371,1.8870060210142823,0.13362581549251015
11,662,33.1,case1,2,22,735.254899094996,-883.2887346631286,64.51296816557225,23.807065381389464,-28.18381579364858,1.9885002847885473,36.9466908957578,0.05384681273465858,-0.8693831820396741,0.01062473157350594,0.1515489122097123,0.1756910776417139,0.8270832233361936,0.08957652517072777
11,662,33.1,case1,5,25,815.1045831242913,-210.03268468787775,43.90412773620579,30.490484916356266,-13.55865712657758,3.3788361485116165,33.53987756729489,0.10091204255020932,-0.4184250740645056,0.010076773607359814,0.20689412248967942,0.21223923907102427,2.018372713425683,0.167027659275153
11,662,33.1,case1,13,25,814.137765738255,-209.14216921275315,43.23325107139251,30.268011739803555,-16.075743679618288,3.0313016851722905,34.40597127593118,0.08821832323003614,-0.4882273356569493,0.02594510836770508,0.33727518063272566,0.3400694612963869,2.9178918524206905,0.19651022201066976
12,535,26.75,case1,12,24,873.3162323845975,153.35224841269104,50.522383978031364,35.46788274761885,3.153138140465923,1.1447358531145622,35.626161832354406,0.03213742002500618,0.08866811891034954,0.014136111410988809,0.3963045723864864,0.39659331215667515,2.6445687179890767,0.1709692314139081
12,536,26.8,case1,4,24,874.0057556383907,154.1159669526956,52.28962330701285,35.25073472673162,3.8977749214696513,3.4829888222574596,35.63619170518661,0.09789368323257235,0.11012551298593624,0.011173690371742564,0.19321230070342268,0.19408890522297736,2.788386884413726,0.09616261177114305
12,567,28.35,case1,1,21,-774.3151280025853,351.8945133272708,48.39731632761137,-36.84570222772451,9.911786347789215,3.0241125563240723,38.275247066631465,0.07909205052038507,2.8788057052683986,0.020838172849584554,0.49582095410979204,0.6137815650271823,1.5821694457061435,0.1463986638929571
12,567,28.35,case1,9,21,-776.5509366631427,351.2900185419242,48.507427383444465,-35.89112327536321,11.028772009400425,3.4012685593634315,37.70112955622905,0.090339451977866,2.843466655400514,0.010944597873577017,-0.27506903232689345,0.30172992370747526,0.8559520896571055,0.09886181415573224
12,567,28.35,case1,17,21,-776.8500851202328,352.31162905061626,48.2973018462443,-36.00164858929527,11.138210750318601,3.866421477658241,37.883078741154556,0.10223999186292179,2.841552199515757,0.011946195864465088,-0.17893359662024297,0.3099526183549337,1.0884348947587472,0.08023160296561503
12,570,28.5,case1,7,27,-661.4995572432294,-614.115233091877,52.943098718993774,-25.44259489092604,-25.321108669801397,1.5018845448837772,35.926867887944645,0.041816123106813825,-2.358587656582423,0.013749839031885598,-0.574809884806504,0.7520289581035122,1.688377859818591,0.11171558072430783
12,570,28.5,case1,15,27,-663.5309469393915,-612.6098142867522,52.65623599933193,-27.7396314809117,-23.133200337382195,0.3467686110205014,36.12135602404534,0.009600246942191934,-2.4464961949836708,0.016999295578727102,0.31387576233356124,0.3218574316106211,1.0546955186543687,0.09165507324113241
12,584,29.2,case1,14,26,-520.5341268251991,-622.9955871767816,48.47893337161686,-24.490408058030972,-23.50757993623897,2.315569207885153,34.02570002313015,0.06810617517331749,-2.376668073269107,0.01449306442178524,0.2786238678227395,0.32124204211704616,1.0431159757128858,0.1399486693509004
12,585,29.25,case1,6,26,-519.704669320258,-621.242029612358,47.74440288665605,-27.072707477726425,-22.261429820317968,2.0391542489308567,35.10927082510286,0.058112925601638554,-2.4534113675597307,0.03117627346817512,0.4780420115096249,0.6208208615064134,0.9770504720275189,0.13164726071692515
12,603,30.15,case1,11,23,374.00668889890886,946.182433858157,53.55101523230429,17.61068374676382,34.54744429867273,-0.42731539406333885,38.77943640699836,-0.011019346376443247,1.0993763266316805,0.008347365087300107,-0.4523315728923442,0.46808093691651537,2.498324481811512,0.15070990169384824
12,603,30.15,case1,19,23,376.5707078472087,945.502889310544,54.98918989299163,19.03374522465596,33.72350446639914,4.2916389520414135,38.961216301176165,0.11037554170550909,1.0569602327344794,0.008437954390619935,0.048887391321762064,0.5483837474457725,1.526379239104184,0.13190690330733343
12,604,30.2,case1,3,23,376.1435667531511,944.1225445921147,52.64146226568575,16.959889843255617,35.8804506337819,0.5183755499899589,39.690216859944876,0.01306090843904002,1.1292444614356547,0.018550631643115295,0.8526228553469775,0.8777833494736035,1.9682465113873766,0.1256188083876463
12,626,31.3,case1,0,20,-807.7676105163107,-567.6903146048863,53.923039492753375,-34.31467428738529,-13.96268420248256,3.113416382578061,37.17723474330632,0.08384343644198279,-2.755151108490488,0.004219913577641268,-0.09000335900365714,0.3959619216805292,0.8278233805304013,0.11997580012717354
12,626,31.3,case1,8,20,-806.5772529541636,-567.7442902154384,54.26901610132005,-34.97652307000216,-14.734894241746916,3.270415094498933,38.094223830814386,0.08595649138055932,-2.7428774680804424,0.01892187893739569,0.15861352750108196,0.5938160550519476,1.7139162736867606,0.14406197681772417
12,627,31.35,case1,16,20,-806.6243193742214,-567.9060765489915,54.09923037837061,-35.16120874695845,-15.94390416039577,2.817876655277854,38.70993553685453,0.07285910590171085,-2.7158721366027185,0.02359185331871292,-0.18388237164531127,0.5776473284240765,0.6090478401830073,0.09141362244960899
12,661,33.05,case1,10,22,734.0952113413599,-883.9496872720218,64.28304481209437,23.167538938683585,-28.10081387227452,1.7938121766008976,36.46379523423965,0.049214199539926305,-0.8813273807667773,0.004598810129562858,0.11041675291443878,0.12156637575085862,1.7139522630915922,0.13660045240234184
12,661,33.05,case1,13,25,816.2637848067388,-209.9237314796578,43.860183897952766,31.34664747821851,-12.538906636338284,2.4717181435964437,33.85182237841702,0.0730808418591118,-0.3805131876183812,0.012834821475946234,0.4969965880265814,0.5085238129571545,2.885473081833296,0.19795701519403808
12,661,33.05,case1,18,22,734.2358857998945,-884.1000724508881,65.23934096183885,21.480314382573546,-29.695587812141486,2.7278936169447126,36.75150670473484,0.07429368035833178,-0.9445702649285012,0.011299068348084529,-0.4196380828813684,0.43177527838217694,1.81341408683189,0.13145948251268672
12,662,33.1,case1,2,22,735.2172567113695,-883.4833818269054,64.06719517881436,22.032947925906598,-29.57890572809662,2.174010490365595,36.947107870434984,0.05887516182947564,-0.9305754558368596,0.013644273938002643,-0.1528546037246433,0.16138930141299812,0.644671372941398,0.08617691921441573
12,662,33.1,case1,5,25,816.8543812365278,-209.48899428834,43.86322913102321,31.228594726884683,-13.57804293761702,0.11218463308717644,34.052914178138735,0.0032944268860080114,-0.4101379258962411,0.017617906854197063,-0.08162806230547659,0.34002301804470225,0.2725320380783769,0.11826579911215127
13,535,26.75,case1,4,24,872.1918300381152,156.73206522525163,49.883470639369946,35.013054252602004,6.666217925049204,0.6890107784920265,35.64866288337862,0.019329019051329777,0.18814060567455107,0.013406927717445435,-0.09159375453480403,0.2117010543785606,2.776841249181324,0.1836078983110361
13,535,26.75,case1,12,24,873.3932646731442,155.40624606271467,50.67935046470726,35.324711846070386,4.311168806077763,-0.10837325791886952,35.58698060029026,-0.003045311054730046,0.12144341131263622,0.010787737323375365,-0.21397959185662668,0.237120743358165,1.3327280879774486,0.15112860544288703
13,567,28.35,case1,1,21,-774.2036780573611,351.8952798538286,47.420646749693915,-37.15832218455523,9.056224040917966,1.9774509809776082,38.297081009297294,0.051657480739982116,2.902533313203515,0.022315749772107808,0.3152618549235445,0.7349568609254685,1.9073710971214377,0.15199045544024553
13,567,28.35,case1,9,21,-776.1337508266171,352.7828616850198,48.22893312264098,-35.192776015419625,13.424739166967633,1.3610275373739775,37.69094720659193,0.03611804946388108,2.7771679341318767,0.010471029873268069,-0.3916500449276593,0.40174936561069435,1.018732576003318,0.09557881785995802
13,567,28.35,case1,17,21,-776.8816425560898,351.84344263566,48.71026260449824,-36.40180384076074,9.544529354017952,4.302959554550511,37.87749759922151,0.11384777876125986,2.8851656115003395,0.013801408746133696,0.17998222511652895,0.18221243583179722,1.0714740109301522,0.08334954841845603
13,570,28.5,case1,7,27,-662.4637872956631,-613.1528244451856,52.24634252569904,-26.10520133060602,-24.58156862231099,2.2185009680775667,35.92571222662426,0.06179177107978105,-2.3862452124091384,0.011536880260222428,0.2920274589441898,0.29320462784060547,0.45247949313114066,0.10235175354382815
13,570,28.5,case1,15,27,-663.3252909787798,-612.7192511935941,53.27275762436252,-27.046810746200595,-23.601391524287155,3.9640027691145847,36.11466421520535,0.10998318206474302,-2.4241163333855362,0.015356257081894755,-0.2830721237441323,0.28902289320755303,1.1018594102863781,0.09320056776353607
13,584,29.2,case1,14,26,-521.0934496604033,-621.9393620711223,48.73520768518999,-26.572032112267134,-20.747394200379293,4.7508514827087005,34.04552608628693,0.14000097094555838,-2.478670297277977,0.013774909516746963,0.0014570043320362436,0.08490816239610595,1.8983091020968943,0.1533356252214088
13,585,29.25,case1,6,26,-520.5649257927519,-620.104252177855,48.968834858779864,-25.53387166934017,-23.9451279582435,2.2646889823288308,35.07814948867269,0.06460617894057527,-2.3882929168633975,0.03100541191653436,0.7291742038060386,0.8690762229843977,2.3852423765801,0.14950119448613053
13,603,30.15,case1,11,23,376.00719456613103,945.346378311309,53.686685088042026,18.51993266170139,34.061785424885606,0.7488884545049029,38.77826667145135,0.019313266863097006,1.0727905970972689,0.007348774673159936,0.08743289203410257,0.1689261623803849,1.7135401588233137,0.14259790929863073
13,603,30.15,case1,19,23,374.8324366569178,946.4770676902488,55.79563828848921,18.678543315347092,34.05257452154866,3.139128532496219,38.96562510562937,0.08064888090294627,1.0690895348399898,0.01380053561873807,-0.6445947694201257,0.8942043208309209,2.015706967295276,0.1322133509703487
13,604,30.2,case1,3,23,375.04604879909743,944.8172904620542,53.53615759297658,17.100514349032665,35.815376179863925,0.24121368080150316,39.68912881314532,0.0060776130136398,1.1253403818545527,0.019886205551528282,0.44047301003325906,0.6364496823472136,0.932895508020698,0.11229687382811963
13,626,31.3,case1,0,20,-807.9234684447684,-566.4266702204385,54.7109455858553,-35.360129207424265,-11.056061404538484,3.1120479502049263,37.17875836806601,0.08380305585937435,-2.8385526646647565,0.0038698319989692335,0.15175831028984274,0.17138289038594406,2.0588774505359493,0.13669631095130116
13,626,31.3,case1,8,20,-806.7092836836309,-566.8931631994611,53.63086803592459,-34.791289662492254,-15.436056807993515,1.9509464815591555,38.11183383586982,0.05121242778160467,-2.724010279939909,0.01893702793985825,-0.06591143113113054,0.1851355663851667,2.1428461482553773,0.15387571781624723
13,627,31.35,case1,16,20,-806.6474990709737,-567.2725211600495,54.2310972460484,-36.4405416146851,-12.946168554309828,1.4478393933719411,38.698999887816186,0.037421570898971336,-2.800232219953453,0.023373555912707747,-0.4188618789840732,0.5361594619453159,0.21213695785374526,0.09749454196929276
13,661,33.05,case1,10,22,734.6272522530298,-883.5398396756741,62.319329244541045,23.411305606851126,-27.960306882653445,-0.010418929163163664,36.467356632248816,-0.0002857056355901473,-0.8737186719481349,0.004464138481641132,0.4834946689028402,0.4839797377731041,2.4986687759677375,0.14586112818777167
13,661,33.05,case1,18,22,734.9866344997379,-883.4561414618721,64.60103334474675,23.87203600027489,-27.768273237106992,3.0156178310547808,36.74295922040069,0.08216577407102654,-0.8607050150152046,0.009289586002990062,0.2809407769134044,0.3637176605274212,1.526687362348029,0.13019569431945985
13,662,33.1,case1,2,22,734.7713866990315,-883.5005180781906,66.07308168943621,21.049765279030552,-30.03182151341519,4.544441615990642,36.954767910474764,0.12328514886165234,-0.9594562844758507,0.013313547448528073,-0.6053165143809697,0.6115247557189655,1.9254752121168153,0.1011025566552929
13,663,33.15,case1,5,25,814.498070595674,-209.28571352951815,44.517652773057776,31.03410666735299,-13.658826525922786,2.524181314827786,34.00074719790759,0.07430735890592774,-0.41460998421846756,0.0158961970826632,0.2486072549457882,0.2696234838531745,1.1285010503980877,0.1239398192698237
13,663,33.15,case1,13,25,815.1848030598335,-210.36126499698747,43.465185403750624,30.168117540146692,-15.166838398234363,3.4092066921825084,33.93775174027126,0.10062442303172295,-0.4658403540554232,0.015137328309986013,-0.00934654876611829,0.04272971939390971,1.51895292329779,0.09900624414697197
14,535,26.75,case1,4,24,872.4609197134852,155.3818360208998,50.38485044608518,35.20077690257284,5.279921443299906,1.6951616065058404,35.63489634984638,0.047588228701500895,0.14888452729557103,0.012588460224308963,-0.43241558151309817,0.4333127828178015,2.2316225989851106,0.17700083446806691
14,535,26.75,case1,12,24,873.492041424052,154.78724475762584,50.10259226112529,35.45570734048961,3.175720577251143,1.1707691816775148,35.61689324851328,0.03287709893406159,0.08933029419151936,0.01187686945234771,0.15686464931158994,0.17727148583913224,1.4788534563021274,0.15228115945926984
14,567,28.35,case1,1,21,-774.4448250671458,350.6980544336922,46.8768947847132,-36.31520507049559,12.087099157005854,1.8739032123253168,38.31975467813701,0.04892126535071219,2.8202874960942665,0.021794062309378547,-0.39523927072243775,0.8010213947436722,2.3095859837363424,0.15989050553184944
14,567,28.35,case1,9,21,-776.1719647077349,352.4911241313274,48.74476832454161,-36.375125257784035,9.1409160348582,3.5358647266650394,37.6723827603336,0.09399662605977402,2.8953947906404744,0.010868201855036268,0.3287010091253454,0.38234292239211465,0.8696174487489359,0.09634167045466202
14,567,28.35,case1,17,21,-776.6142492521317,352.8051684328865,48.007835894155264,-35.34484652903662,13.457932658967927,2.343424322922613,37.89281944078235,0.06188298252778381,2.7777809938400924,0.015376416755749623,-0.28966766086500323,0.45394509947062106,1.2759178836721503,0.08364685460621586
14,570,28.5,case1,7,27,-662.6846017334086,-612.8908577777028,52.32157112186353,-27.387479910225156,-23.204092631238556,1.470623428292764,35.92585007957264,0.040946406240731995,-2.4386962054984584,0.011669999646508984,0.13404521786850648,0.15886682380663597,0.2987039866184334,0.10212094967393724
14,570,28.5,case1,15,27,-662.7801307504268,-613.3369769311552,53.72334016494882,-27.0739356749755,-23.54464053654253,4.153567577025955,36.11924991669447,0.11525092595180526,-2.4258051546910697,0.01739496109052946,0.5052830288486658,0.6167005030192275,1.31665319603903,0.09388120205609612
14,584,29.2,case1,14,26,-521.158173018566,-621.8729695408911,45.92937649077401,-26.555328842486336,-21.3357323632627,-0.4813636774725384,34.068030122085894,-0.014129953917090009,-2.464754945044668,0.014936650750200998,-0.11260689799512116,0.3783851862702474,2.9043423877622843,0.16884465916996255
14,585,29.25,case1,6,26,-519.401048411619,-621.535755466798,45.95364065406519,-25.6972524438984,-23.827435311111028,-0.36804207682538786,35.046125486862834,-0.010501841129211719,-2.393931819336391,0.02856632542312365,0.0719564648951164,0.6122966463574654,2.2106063155622704,0.1447358451999506
14,603,30.15,case1,11,23,375.31313154920576,945.7761359140604,52.89450666899207,18.050137752855843,34.292015915711566,0.6264079400733193,38.75747947645556,0.016162950307110596,1.0862793878911408,0.006507626906429952,0.0783806460032978,0.3010756455354585,2.0968273562302833,0.14458128613154403
14,603,30.15,case1,19,23,375.5276734083754,946.077621301136,54.63839798197218,16.782019244303573,34.90551172933313,4.473065286668705,38.98768051656303,0.1149834253158824,1.1226391763772738,0.008794516220627272,0.5325507576105429,0.7373319881178572,1.0985449390774418,0.12785123576586233
14,604,30.2,case1,3,23,375.2695663645375,944.7047260220345,53.37382169522937,19.783961230687833,34.09933320343441,4.263107542441834,39.652789722976976,0.10771910815898426,1.0450732439911636,0.016478999542092396,0.02323871134224953,0.41062371451825697,1.0119863067616572,0.11415739948440846
14,626,31.3,case1,0,20,-807.5352373479608,-567.5671657742756,54.57377104265619,-34.35672852700993,-13.798082813657706,3.5249949922785824,37.19136289660279,0.09492241774847751,-2.7596971847808023,0.004081032597657417,0.02899809280557275,0.40660018993757774,1.1220185925646888,0.12629352898644255
14,626,31.3,case1,8,20,-806.9858347894649,-566.3269415427812,53.26686423407545,-34.56987401765478,-15.810395634754592,2.377161265667806,38.087999362095424,0.0624529329428312,-2.7126465620736657,0.02019590921057098,0.8830323615337382,0.9438867640534006,2.525502362456637,0.15904818754430888
14,627,31.35,case1,16,20,-807.1729376336539,-565.9961090976989,54.64830961459452,-36.58880589551586,-12.446673633725075,2.2684616600951326,38.71442004870439,0.05862832854608032,-2.8136954128048095,0.023350786243462117,0.2142513529441662,0.3127079513848033,1.55784028073459,0.10709815076152902
14,661,33.05,case1,10,22,734.2040548118082,-883.7882527235629,64.19795745573836,20.081809829124026,-30.331880081336674,2.738461215452918,36.48014809605672,0.07513784372574842,-0.9859831988290529,0.008022970951642434,-0.3895597717466084,0.5466361782698639,1.713684786845757,0.13704167227580036
14,661,33.05,case1,13,25,816.9758729869212,-209.349384585671,43.313499872656756,31.97615502133639,-11.216193752316293,2.1659660194288644,33.95539575730721,0.06383190495569376,-0.33735833596303033,0.014569212918870315,0.609468445321282,0.6249661967150539,2.303162159075345,0.18234651198761506
14,661,33.05,case1,18,22,734.4969972193587,-883.9557903377506,63.963123561773735,22.266292312271457,-29.23230058241896,0.03235301151499508,36.74664906346924,0.0008804344482930765,-0.9198481134937869,0.012683268131948722,0.018304829795032007,0.3983194204551646,1.407655291951335,0.12840491193302653
14,662,33.1,case1,2,22,733.3199035198904,-884.8011748886082,64.22846091313069,21.7609260117137,-29.832134393538393,1.5561944463732635,36.95829926439172,0.04211921800594141,-0.9405801828556898,0.011352749491675137,0.46882917441342625,0.4778561926939693,1.7200720304313637,0.09921336672858
14,662,33.1,case1,5,25,817.4936385878135,-210.74351015078656,42.71553513367336,30.169472902982477,-15.268672991890469,2.977576622764538,33.944004370750264,0.08783314242532488,-0.4685131263087803,0.016334401709766286,-0.36312002553465933,0.8025416022115724,1.6883835602155628,0.09964622613396347
15,535,26.75,case1,4,24,872.123720002075,155.6756281273379,50.765584485263965,35.294441132127794,4.628775629332569,1.43382481553744,35.625538483756124,0.04025797927476263,0.13040320941031572,0.012831164740225633,0.3104909669642021,0.7822338815563713,2.5828390343733494,0.1854674345853973
15,535,26.75,case1,12,24,873.0753676079297,155.3836912326069,50.15693405858555,35.303302197808975,4.687955743247622,0.5811729329219274,35.61794262865885,0.016317582703738932,0.13201849340854427,0.012603926997821039,-0.045326559972683034,0.2204929108038571,1.6400464556953285,0.16031551372290204
15,567,28.35,case1,1,21,-774.4678780606082,350.89594198192384,48.61465060970351,-36.812702318979326,10.291079382116191,2.699354760206432,38.31928865462212,0.07050215092606611,2.8689990555905904,0.02267770561447004,0.5188137471333027,0.5434069622102478,1.7128200479560083,0.15087419317184053
15,567,28.35,case1,9,21,-776.7889210069447,350.55668827860313,47.8118562377185,-36.44061306628619,9.408468088083033,-2.0924726065994648,37.6937129243145,-0.0555410609541367,2.8889241748531607,0.01424847766920051,-0.5701923317273031,1.0193722656519224,1.607366700201716,0.10567169857973505
15,567,28.35,case1,17,21,-777.0407148623844,351.7184279326753,47.67728099752213,-36.275250287222924,10.872879161865978,0.3320381466896813,37.87114381689657,0.008767688729608985,2.850381095122267,0.01320714384576914,-0.6680358080422757,0.6889832933061416,1.311161257099732,0.08429027165052826
15,570,28.5,case1,7,27,-662.4523890115001,-613.1424771353668,53.59525667891509,-27.053998383158827,-23.550213312271843,2.0553154507082927,35.927088626430425,0.05723921065696677,-2.425323163670091,0.013069553221828718,-0.0815309991902427,0.6039241999921352,1.0996329670698075,0.10444046621329264
15,570,28.5,case1,15,27,-662.7889907192213,-613.53740877647,52.39037240294853,-27.244421229459267,-23.718358787525563,0.20605375624118571,36.12286657856022,0.00570427801608351,-2.425273374670467,0.01763615007475526,0.2624794950644497,0.2657867145029336,0.7914519721906493,0.08802669599317647
15,584,29.2,case1,14,26,-519.6421938655454,-622.9631980592333,48.86521666237145,-24.542969019548774,-23.337882850454346,3.766395509636843,34.0763824278792,0.11075432216683874,-2.3813576141696178,0.014103543662977116,-0.007159052289850504,0.06141018475729146,1.8691483166625764,0.15959531782333733
15,585,29.25,case1,6,26,-519.784252950063,-620.895956667017,47.70135453822111,-25.46663031579652,-24.011854686705085,1.3451075836280932,35.027528310579115,0.03841088613898682,-2.3855882081696267,0.028312327075064064,0.6539477970168457,0.8619465702073976,1.3148043637740119,0.1393187040629766
15,603,30.15,case1,11,23,375.7579389835833,945.582603185235,54.88371487876129,18.886062336746193,33.76241923058211,2.3262326849764596,38.75558877624873,0.06005925454875989,1.0607792065888455,0.007059550294700907,0.1402970935400464,0.21211580743209185,1.4621362142027319,0.13757368492906927
15,603,30.15,case1,19,23,375.7312771381995,946.1181537049602,54.74497540979119,17.792962687003445,34.69031123712805,0.5311817808559084,38.99088828167707,0.013623649939367601,1.096875162731239,0.01177319769682674,0.3767843273802238,0.3770806024577592,0.9756154147839358,0.12499875121323466
15,604,30.2,case1,3,23,376.72848795945157,944.0924753997614,53.105734544442164,21.028997407082358,33.572332202849694,2.009514196196331,39.66558166459039,0.05068310363895691,1.0112061238623269,0.01951202543530333,0.3002106418033099,0.677791093923621,1.9075084925055321,0.11894325980290012
15,626,31.3,case1,0,20,-807.3107566394006,-568.2792592683489,53.76003333154145,-34.34921101321137,-14.074234121419146,2.1505027554241787,37.18302066045371,0.05786790356595185,-2.752718315668364,0.00446155985315299,-0.31458201294343685,0.43204521650750144,0.9335713993162441,0.12336336430662065
15,626,31.3,case1,8,20,-806.5163825983761,-567.6411764127544,53.412938920754414,-35.34017395617082,-14.196628381990386,0.9185489986608012,38.096140026670554,0.024113677188387,-2.7596099115384805,0.01916760550034239,-0.03652968818090921,0.1984123152036291,1.9435012094421484,0.14853831392417333
15,627,31.35,case1,16,20,-806.658124058984,-567.2036642706477,54.99987807998663,-35.46257802038148,-15.16376423234939,3.479533897684752,38.72520292640259,0.08997326423760543,-2.73752265916695,0.025056450170032524,-0.028175884614778074,0.501644897075538,0.9786428464278412,0.09997375983287264
15,661,33.05,case1,10,22,734.448686662163,-883.6422024104124,63.79996440946184,22.17942845915684,-28.88031526360258,2.081075705486082,36.473696448151465,0.05708789398210648,-0.915888631441566,0.006223255875871551,0.3432698027653508,0.3643982571359907,1.6874832002134101,0.13697378346532174
15,661,33.05,case1,18,22,735.0683332737078,-883.4618223706264,64.44042320516249,22.330372927597615,-29.16848494653242,0.7954754966631821,36.74341914448714,0.021651160074979695,-0.9174077755830576,0.011026732259164255,0.19107459287887738,0.27141753650226647,1.4622808156870264,0.12920421630119577
15,662,33.1,case1,2,22,734.6255157473647,-883.8790221302173,63.53652275561765,22.711541643483674,-29.065615084325234,2.2662692649195577,36.95619136809104,0.06136162802808823,-0.9075072425627599,0.011982739775963711,0.4167218642404523,0.4519534174876338,0.6629102898080087,0.08870954607497362
15,662,33.1,case1,13,25,814.5947717885293,-208.92111428090453,43.38222891284987,30.800795251323848,-14.188788272245196,1.7750849838527105,33.95823357373696,0.05229642927231351,-0.43168585421889166,0.014374780423400754,0.10951035724139097,0.5632019994258665,2.48328660314619,0.18729341434865326
15,663,33.15,case1,5,25,815.290417038054,-209.58705680214115,42.46505844630962,31.138011230276597,-13.510279971234343,-1.375914453438625,33.970524706885946,-0.040514267680215,-0.4093712143947188,0.015479172485761064,0.2936485757286461,0.2944566613342692,1.3512898274335168,0.10308426466454898
16,535,26.75,case1,4,24,872.3996180371637,154.0569668425697,50.65042029216,35.27325338262421,3.4790106210094334,3.5791050206367285,35.62465314700838,0.10063686934886201,0.09831230432170342,0.012822231568782507,0.05837671319373325,0.3460243203592419,2.7729475465943207,0.18682333611858168
16,535,26.75,case1,12,24,872.9507264187351,155.73641423634137,51.85272204888492,34.858650511925006,5.474016772236422,4.891913412561068,35.62332370752693,0.1377586337834577,0.15576262227118193,0.01136170993614616,0.22429461070098694,0.38773888429609243,2.2599567417187174,0.16443477383616972
16,567,28.35,case1,1,21,-774.7940385864181,350.0726179258348,49.34827032383705,-37.3955480030907,7.79991728392936,2.4907483452739703,38.28145174111199,0.06511009774314068,2.935962051903725,0.022717911965000205,-0.29304383402006584,0.5866388377821673,2.2948416969003733,0.1539849095622493
16,567,28.35,case1,9,21,-776.5366419826375,352.1559706718856,48.637431916106884,-35.70642490703581,11.938329282638657,1.4818290289206122,37.67848594322026,0.03933839833526922,2.818930247222842,0.009684790403335785,-0.6622372522068488,0.8988992623503559,0.8106404626079323,0.08947009433205035
16,567,28.35,case1,17,21,-777.3091755756085,350.98184529689524,48.789502133842944,-36.499751273967455,9.83145796094596,2.7020865538092314,37.89710649170479,0.07136115457934278,2.878480367918684,0.016658684335698656,-0.28286589542688567,0.2867532441726715,1.7056240543656322,0.08715396163797963
16,570,28.5,case1,7,27,-662.5465321219677,-613.1644606001197,53.0086806631415,-27.20446312672463,-23.390740389727927,1.8554535343190788,35.9256490242137,0.051670031147823564,-2.4314293774087865,0.012598075472423607,0.08421850652444976,0.2992730088351991,0.5804681447239246,0.09969788074988237
16,570,28.5,case1,15,27,-663.28530154088,-612.963065967418,53.289068942710195,-28.721677510738935,-21.782182699346784,2.2537030934759192,36.117550025052246,0.06243967771908275,-2.492744645499105,0.01513564339945941,-0.5693215168552158,0.8382077224896766,1.0890270187552125,0.08875964049315606
16,584,29.2,case1,14,26,-520.1482199318585,-622.4516461896912,48.406408524618996,-25.144713429109864,-22.944558782173562,0.6176540198528988,34.045423886756296,0.018143052316621337,-2.401914072798772,0.015281194979426224,0.21208573365790875,0.5462504230088634,1.6748615479212823,0.15935409688794264
16,585,29.25,case1,6,26,-518.8823028293341,-621.1539603814641,49.52849310370703,-26.303461080208738,-22.856039375266548,3.9519867335877734,35.069770456395126,0.11292914493327204,-2.4262071430248553,0.0290280593783563,-0.28947322095400274,0.3310075215178261,2.043617755011876,0.1520156888420659
16,603,30.15,case1,11,23,376.86973388271343,944.6137528753512,53.665544740244584,18.6192996539077,33.95821158376545,2.161704695847218,38.788031926895144,0.05576011947441635,1.0692589578783807,0.010055505608968316,0.704448413737557,0.8900785759047678,2.4665488709529284,0.15529469471390928
16,603,30.15,case1,19,23,375.98660087015594,945.7719024718522,54.48375475968858,17.95143237406397,34.44704452721529,2.926821859173224,38.95406380771946,0.07520608609458652,1.0903869567541176,0.008910150758319507,0.4918782119774967,0.5887573451120148,1.139033128319046,0.13043203921068264
16,604,30.2,case1,3,23,376.03217836170364,944.1164293425151,52.72577622814624,17.52869240874288,35.60301060568567,0.7677834405868178,39.69154712480387,0.01934495845842783,1.113297595605896,0.017565244888456327,0.6317150282722269,0.6814272306499163,1.8680889055313568,0.12551476148434607
16,626,31.3,case1,0,20,-807.6756541181553,-567.7120308017654,53.784210548453984,-34.558625332194254,-13.429105401325652,3.0207277700354225,37.198981881115444,0.08129409408002797,-2.7709617903829815,0.004035497303573693,-0.426123874661709,0.5034058251607377,0.9019610889336035,0.12194523616714387
16,626,31.3,case1,8,20,-807.1971707891587,-566.2416715910853,53.63875651281879,-35.76294495604936,-12.493904204191994,3.967575818641072,38.08973000783293,0.10435321695067797,-2.805494041012977,0.019146714077521495,-0.08135780032816156,0.40028743601332706,2.404103082715509,0.1534948961164047
16,627,31.35,case1,16,20,-806.7669631722177,-567.6358835819357,55.29670153051939,-36.293605312487685,-13.091681094038304,2.7243965725762793,38.6786793612618,0.07049502283776433,-2.7954034391196774,0.02344495866589644,-0.2085579526126653,0.6928586260197984,1.32307880451886,0.0943982195784056
16,661,33.05,case1,10,22,734.365989692485,-883.7223141966297,63.52263666596505,21.935692619575505,-29.01214988406373,2.637960303120766,36.46694785907808,0.07240162844766995,-0.9234112739609123,0.007962394722156641,-0.08655249470048496,0.2683991396040568,1.7837303728287124,0.13805483312289815
16,661,33.05,case1,18,22,734.1639080292294,-884.2048661982,63.53532195979157,21.74671462227359,-29.57923635062819,1.8086504722872276,36.757611952898095,0.04922466385591227,-0.9368333811637416,0.012532027309894368,0.38122728060920713,0.4152957252069225,1.6921512485443395,0.13154359931296472
16,662,33.1,case1,2,22,735.0967580687311,-883.4424371624751,64.52336775529278,23.076938823789227,-28.774693634971992,2.2074796321429595,36.95133374574907,0.05977577974875898,-0.8948447911330418,0.011337268725171717,0.20444784721410678,0.5202871840930701,0.648474712118257,0.0881891044965941
16,663,33.15,case1,5,25,814.4072362378197,-210.26425670374508,43.00927177670792,30.666414761136163,-14.127097448968797,1.365545925526851,33.79154616630339,0.040421881174062424,-0.43169159214681846,0.011160409617196996,0.1907055643485472,0.3091218438165342,1.5578097650140945,0.12433020809233308
16,663,33.15,case1,13,25,814.2936778664368,-210.27954534792752,44.43549597603728,30.801528571809957,-14.304577017818627,3.5216052085001532,34.14318071391805,0.10332602925656213,-0.43477350094409545,0.021053259542196296,-0.028924200532270794,0.15860535936221737,1.7658912263064417,0.12609296122778282
17,535,26.75,case1,4,24,872.3097766206048,154.39117789489578,51.260851283123614,35.04784249004763,3.5278536482208587,5.255514014442117,35.61484861860921,0.1481061174278515,0.10032031878490838,0.01226115458404256,0.0030584059446094602,0.2974789184436482,2.8021512408643496,0.18666724253259334
17,535,26.75,case1,12,24,873.2370496869344,153.94040561394655,50.383297050647904,35.59475641572114,1.7962601487303895,0.6765819756932322,35.64647244800348,0.01898147444257207,0.05042140612197668,0.015387692101477078,0.04639940111253282,0.1272103662205609,2.2105944659472767,0.1654574586788676
17,567,28.35,case1,1,21,-774.7136645413518,349.7463160349659,47.52903756118755,-37.012931519329136,9.637200227983977,1.9801980581221754,38.29822335615835,0.05172776306264483,2.8868744300220857,0.02426168551868924,-0.4995038485902053,0.51647537252329,2.4877981449154998,0.1618988909637817
17,567,28.35,case1,9,21,-775.8987143824809,352.8739303479518,49.75830695506452,-36.070080013512744,10.524246787308561,2.681567862494218,37.66963297966344,0.07124672165525303,2.85770128282799,0.011805622383065484,0.15430624225083586,0.594745468407032,1.810440241768035,0.10671081128797366
17,567,28.35,case1,17,21,-776.9580292195956,351.45547367674294,48.300895144190704,-35.87949202535411,11.830590314771118,2.862970992781134,37.88795874811563,0.07563623581413119,2.823087455765773,0.014932391451195947,-0.5999786449369532,0.6288360835866333,1.1196730635269563,0.08781139909570378
17,570,28.5,case1,7,27,-662.6771176630233,-612.9613244814163,52.82801439063418,-26.543040225953025,-24.052906348870614,2.749845465798443,35.9254358129428,0.07661807473395882,-2.4053708849458895,0.011469366970601242,-0.3081611272789664,0.3967024568837723,0.3617672976135136,0.10022286980676799
17,570,28.5,case1,15,27,-662.6859340529682,-613.6863923377582,52.62476713244625,-26.93622659936543,-23.837169604772743,3.271240232131371,36.117474591053266,0.09069652212656124,-2.4171558848334493,0.015456175845140847,0.3457499520344878,0.4309941319815358,0.8926779929653433,0.08766177131494908
17,584,29.2,case1,14,26,-520.3599476079493,-622.3786089389556,48.97320966129954,-24.41044482219053,-23.704810679317013,1.4553172858807264,34.05739000807393,0.042744336636690014,-2.3708589360844776,0.014172657709074709,0.08375807859330836,0.20372683330013797,1.7934061276210496,0.15803190079255783
17,585,29.25,case1,6,26,-520.0768919005719,-620.553883978002,47.46691343631881,-27.245832666629706,-21.843251372182518,2.997015131324521,35.049181558257935,0.08561339556353183,-2.4658100125698077,0.029788658588383726,0.3441007850098814,0.46707731850500445,1.7275338016544863,0.1430661973293224
17,603,30.15,case1,11,23,375.8744935002449,945.4383029758593,54.06542971200688,19.30279402098372,33.5357196749237,2.1228340387364635,38.75240348014052,0.054806850125089894,1.04851945073271,0.0072879472254768155,0.268519739877379,0.35694811446763386,1.5281895878348066,0.14039942564553823
17,603,30.15,case1,19,23,375.8898901009782,945.9484538262864,54.692957600222805,18.36421871821291,34.36732589907191,1.3813793376478087,38.99058639540909,0.03543595028760061,1.0800469492908509,0.012006881301072027,0.059851448417485686,0.4348737297410704,1.0341538503346772,0.1271241397826653
17,604,30.2,case1,3,23,374.7460578986328,944.8963409318085,55.15072771186076,18.00519517104923,35.21452607053198,3.0042217672114173,39.66453388036141,0.07581335971872,1.098149457769411,0.01697023583624171,0.1623608294473137,0.21474065633570838,1.1648590974708375,0.11308966649451258
17,626,31.3,case1,0,20,-807.6566160010841,-567.7927119310577,53.160359940444714,-34.33661732885514,-14.273817228604377,-0.19584383647187995,37.185797055759366,-0.005266654404522541,-2.7476233643221386,0.004922791192141491,0.00427788467666268,0.006753318944162945,1.246568096642401,0.12389682407150587
17,626,31.3,case1,8,20,-806.9054309117239,-566.3734412091903,55.02288777073121,-35.77846930142724,-12.38988959658693,4.212634442607471,38.09664707970804,0.11080415931849354,-2.8082226928695557,0.019333793307358925,0.33812315347975347,0.39317169403607505,2.5349200274843495,0.1562910833896523
17,627,31.35,case1,16,20,-807.0447249814076,-566.6404578569166,53.802511781726956,-36.34680572817463,-13.309171454960868,-0.403168483526918,38.70900252247947,-0.010415555733492432,-2.790584241474729,0.024576336189588925,-0.2081802245618406,0.482989230788076,0.8327323557711029,0.09846928240943571
17,661,33.05,case1,10,22,734.626378662767,-883.4515189620574,63.89865441375505,23.438226931300363,-27.702430032946953,3.6474687115754327,36.47025005967709,0.10017964869462848,-0.8685875871378648,0.004810514044066689,0.3653886079578655,0.4019838914437167,1.6994888990131116,0.13772083526271453
17,661,33.05,case1,18,22,734.4068988427252,-883.9433026055412,64.78608957789372,22.36363683829611,-28.97086727312623,3.261424773798032,36.74343879861321,0.08887906991700227,-0.9134037539157913,0.010317910147330231,-0.11196477780136872,0.2467169823696735,1.554598107118534,0.12999929575251343
17,662,33.1,case1,2,22,734.1241073972703,-884.1302843969563,64.73709677360642,20.22058505985817,-30.93321381677533,0.4806295094256901,36.9589878368257,0.013004767865348984,-0.9918347941917837,0.013287573229974165,-0.41359766146070864,0.534835439849418,0.885477308908694,0.09082666514765858
17,662,33.1,case1,5,25,816.391771044043,-208.2784321280548,42.93812333253467,31.724183980641087,-12.33929404508228,0.4330832727066969,34.04217366575856,0.012722306163864,-0.3709490988939865,0.014381987371590835,0.7242032181777774,0.724437354945101,1.4841294133855403,0.14661790168406094
17,662,33.1,case1,13,25,816.4557163125226,-210.96671494816283,43.98104495593985,29.836198368818796,-15.867205341726407,2.3533200576086415,33.87484396648285,0.06952702495437302,-0.48877102599696004,0.016299566502821074,0.34463008177680293,0.39224847092755344,1.6737518766685027,0.12370449030433307
18,535,26.75,case1,4,24,872.2342947188715,155.3408621358772,49.837271780229706,35.434027768033054,3.2622621991886085,2.1662198216358526,35.64975717782157,0.06080139818478424,0.09180699732331016,0.01350823948488559,-0.27726537083327196,0.36859114305037716,2.5254852095908573,0.1845884008066037
18,535,26.75,case1,12,24,873.3374132998181,154.16662002765656,50.506474122259625,35.28356385141581,4.539318642467212,1.5834582398241104,35.60958623449666,0.044481857528837106,0.12794966924442233,0.011581789926402337,0.7034824511543669,0.7144704556867394,1.9776345453614292,0.1616234848083292
18,567,28.35,case1,1,21,-774.4396088859016,351.1162726697078,48.499702431682174,-37.16867658862035,8.845762207357861,2.7105537979377976,38.3028083862018,0.07082564922202149,2.9079493508523675,0.02144339065737544,-0.21240413399230762,0.389380115431043,1.6151132368158767,0.1491454791659456
18,567,28.35,case1,9,21,-776.6184038094231,351.1220825857496,48.60332052194946,-36.544062310936674,8.789581776098869,2.8022099086501386,37.69055078340576,0.07441647506190684,2.905555950528488,0.011352176674186346,-0.11919755632609916,0.38154889062268793,1.035704659233296,0.09888336590062065
18,567,28.35,case1,17,21,-776.9103781005318,352.2229461669903,48.213924086663475,-35.9203810351638,11.484725283796061,3.5468419585074966,37.87813058262312,0.09377563393538911,2.8321371272882283,0.01299367879940203,-0.43637718738882947,0.5912562528348962,1.1083191159678405,0.07980040405073055
18,570,28.5,case1,7,27,-662.8831298379974,-612.4250930140759,54.05045805104765,-27.867750811808314,-22.566142035510886,2.2553207326526246,35.92949725897966,0.06281202334475876,-2.460929797768906,0.011927885067157543,-0.02387105753143165,0.07022074202432121,1.6001101174588312,0.11244622102154612
18,570,28.5,case1,15,27,-662.5122705840979,-613.7515810645157,52.86651060566357,-27.098679616625137,-23.791267463856393,1.9718408440419088,36.11441541566855,0.05462699203702018,-2.421094679581167,0.015026036288886708,0.14517104905437012,0.1463381455252901,0.988630353396732,0.0908760582470527
18,584,29.2,case1,14,26,-520.3504124613554,-621.4348376790005,47.58366895586611,-24.87924218696288,-23.25105535001241,-0.2588868810613612,34.05371182564509,-0.007602383440161076,-2.390010324637342,0.01416707944201324,0.5889625173869056,0.5944495533173595,2.5189372459370722,0.18032757234404118
18,585,29.25,case1,6,26,-518.1927492469354,-621.6265453464699,46.20099693592164,-25.281643970314498,-24.23687145715828,1.4468691469830246,35.05254470364519,0.04128888039121481,-2.377289983828156,0.02831617378562904,0.392880250634886,0.6788628979026922,2.5115923079298175,0.16462540726430808
18,603,30.15,case1,11,23,376.7114363094351,944.7953536461083,54.2919863941551,20.242912552600036,33.078295268516996,0.8003952007410435,38.78904173810917,0.020636034694386865,1.0216220745971318,0.007730569873480764,-0.11648787581281156,0.450828739507519,2.138876709968108,0.14892276874694255
18,603,30.15,case1,19,23,375.69965371900935,946.0930312775778,54.37961927351531,20.043355675633823,33.248591924136456,3.219599785842767,38.95601101831029,0.08274143782575825,1.0282961814356957,0.009488490863628471,-0.443868866813748,0.5150928034088182,0.9573559155050032,0.12581975053429312
18,604,30.2,case1,3,23,375.854808340278,944.2432511519286,54.961515689082496,19.165751237448692,34.66294150940544,2.4898199914764683,39.68683330993019,0.06277790288936912,1.0657158580066253,0.01894946752781645,0.33243343935556113,0.5218294582559956,1.0355461904035743,0.11572801764348015
18,626,31.3,case1,0,20,-807.7070386573703,-567.7708320158391,52.43958006277025,-34.36060420592086,-14.185721735368285,0.8993072614890033,37.184601330386926,0.024187295857504624,-2.7500593415413084,0.004892258756966044,0.3958949686560156,0.5114717316191715,1.8584463026877527,0.12952483494351436
18,626,31.3,case1,8,20,-806.4421436301672,-568.1367427616007,53.42160534001206,-35.2314115496109,-14.506020185887483,1.0404192063916653,38.11508170706787,0.027300176422790055,-2.7510106467009896,0.018520916403358827,-0.36789755950560693,0.5994367919551492,1.8759259030004296,0.1448788283071107
18,627,31.35,case1,16,20,-806.0538818809808,-569.2580538154888,54.8078376872938,-35.4624882909335,-15.237747904322942,2.6482573459114085,38.68837427381083,0.0685045534533784,-2.7357593134601803,0.025455263124437286,-0.5577901331435574,0.8039447005006336,2.1733401661842997,0.10130579796816906
18,661,33.05,case1,10,22,734.8506884206276,-883.311040528482,63.12298032961319,21.827199658944025,-29.148443386654336,2.0418853549097933,36.47228663819962,0.05601385840836563,-0.9280450805266994,0.005961268089159876,-0.5880990353940472,0.6163833020794998,2.014913836391102,0.14112178571296916
18,661,33.05,case1,18,22,735.6393227288302,-883.0259082900003,63.2560365845087,22.799647959126823,-28.653966249772694,3.013843192018583,36.74176070480708,0.08211999662210792,-0.8986895293607339,0.012092115034693495,0.012589933581639873,0.10222659771056454,2.0513211285648616,0.1359142762618217
18,662,33.1,case1,2,22,735.8560763565847,-882.799861839375,64.56055226601146,21.6424676896648,-29.883272706242167,1.8868779375703908,36.945455792087785,0.05109421805255451,-0.9439907234817361,0.014678403638800993,-0.7894698383972749,0.943164978059038,1.569881284472701,0.0977701082765728
18,663,33.15,case1,5,25,814.9367772911901,-208.78987288880833,43.47078419523669,30.47419932456466,-14.375034039781927,1.295608337069452,33.71938654663323,0.038432708187340826,-0.44076189913486674,0.012172931415451851,-0.09033959484032991,0.3079528188137628,0.12385176510556573,0.11426275552641538
18,663,33.15,case1,13,25,814.146945424685,-209.62143528885548,44.3986300290218,31.66915010398958,-12.817483017351798,1.8047350166709901,34.212278610018416,0.05277558640176725,-0.3845780578463514,0.023466164107381088,0.32305085374084147,0.46156065551540265,1.3532607090341968,0.13211655151045548
19,535,26.75,case1,12,24,873.1540173456425,155.152265560095,49.909301375143905,35.09142453356794,4.351805527687006,4.088842797276436,35.59585541276878,0.11512263032952912,0.12338341774681744,0.01111736489941119,-0.1429152938400916,0.2676334006242111,1.6695074305789326,0.16027423943715494
19,536,26.8,case1,4,24,874.0804474055226,153.63667304276777,50.58186042050375,35.05372724218488,5.665494847270109,3.270612280178687,35.658919362779265,0.09184841889634086,0.1602375234330913,0.012212492049393505,0.7466417235333714,0.8310756222789505,2.307843879508955,0.09152598164893005
19,567,28.35,case1,1,21,-774.6936125566141,350.6782956073346,47.74125770653329,-36.64987041564521,10.758945628755168,2.836146996620526,38.3015879868255,0.07411560097683377,2.85605429482158,0.021967925721037642,0.19137566140400314,0.22685192925657335,1.7322708400141402,0.14969571356766376
19,567,28.35,case1,9,21,-776.5800996677294,351.46962435354976,47.969929962262555,-35.29037150965189,13.099071296971943,2.1190575776998255,37.70260462023826,0.05623417411852172,2.786175442328457,0.011392664852180929,-0.871421216303933,0.8759671831304356,0.8319984277662877,0.0975909372189956
19,567,28.35,case1,17,21,-777.0810124007954,351.6727675164389,49.08863330045304,-36.56726887008212,9.761443185544723,1.364304134788293,37.872315105545034,0.036031580922813874,2.880730588535539,0.014230583599292593,-0.27227889698025454,0.5041929013815077,1.430564643081399,0.08257458542029987
19,570,28.5,case1,7,27,-662.6728878092218,-613.1411126919643,52.195639179489035,-27.225755735941345,-23.43411874650331,0.55527567187301,35.92642520332541,0.015456527582851584,-2.430900177284278,0.011828945788319374,0.015756526925647912,0.3141991178386916,0.5074524376174742,0.09815264571580985
19,570,28.5,case1,15,27,-663.6560665832412,-612.5759336355435,53.01684108507387,-28.02458100901447,-22.491042144351034,3.698443563210912,36.123435637547615,0.10256321369729415,-2.465300618582676,0.016438726472851578,0.5030641174575645,0.5739399431156107,1.2687960259035331,0.09011729906616564
19,584,29.2,case1,14,26,-521.1389907218985,-622.2714062376937,47.755056279331995,-24.72447314409253,-23.35013760036097,1.646856840061882,34.04762305448653,0.048388096685147236,-2.384774260570518,0.01415315835292429,0.7008430120747722,0.7415197768208891,1.524948163464437,0.14707421847509056
19,585,29.25,case1,6,26,-520.1989540156301,-620.8056405694867,47.91953621555666,-26.222402560867554,-23.20101035167123,2.097188155031123,35.0756250915098,0.05982615288540652,-2.417251316884638,0.029657493997367196,0.39933409907093625,0.4058750888225474,1.4167001553425516,0.13430718951531667
19,603,30.15,case1,11,23,375.69747784707107,945.4287411425292,54.09511867135763,17.721945947696454,34.434736541564504,1.7617580357915208,38.767541065132164,0.04545980839096152,1.0954950264613503,0.006562765689740863,-0.08459569637076639,0.32032127820812717,1.58291621382063,0.14247643514013822
19,603,30.15,case1,19,23,375.34880969293107,946.1787276527353,54.7601236039572,18.94348486145195,33.99195667928746,2.1973965832899687,38.97611177794508,0.05640794362697737,1.0623710118869554,0.011220021136491414,-0.0037537450130204764,0.09841620642770979,1.188589016958619,0.12814826745562455
19,604,30.2,case1,3,23,376.23516386296205,943.9661338222612,55.28982016000588,17.562156508363245,35.33126435009943,4.123461849206124,39.67027248989741,0.10413145810651869,1.1094944439738448,0.019268104780257107,0.4435975279756595,0.4569734574249222,1.5740301234508844,0.12127187308454726
19,626,31.3,case1,0,20,-807.1911376704867,-568.1938051499394,53.220420788912115,-34.862610345772495,-12.97127518458122,0.02928830062926184,37.19753268484148,0.0007873722137338303,-2.7853946388175985,0.004607699551688784,-0.0020466629858817698,0.29809184877532074,1.3448177927533131,0.1291376170131425
19,626,31.3,case1,8,20,-806.2865623255468,-567.6909147369219,53.315842976154066,-35.0650045964702,-14.813513079054205,1.7340063907001955,38.10513738666711,0.045521562869218136,-2.741876554642936,0.020034758728103643,-0.2972261237409572,0.697088527315666,2.159323329433127,0.15388470666644757
19,627,31.35,case1,16,20,-806.6711391802244,-567.2535220395167,53.352001628021995,-36.17754155334323,-13.672064744030987,0.8289198683364609,38.68367841037062,0.021429795479487666,-2.7802681147561494,0.02308212514712441,0.21439352161411163,0.2790495691028093,0.6827318690417286,0.09966793667821885
19,661,33.05,case1,10,22,733.5529068507482,-884.2168858811623,64.00311361300663,21.17027801685578,-29.57048434493239,2.7593407328835458,36.4720190966309,0.07572873572317135,-0.9494615605670728,0.006002784189615792,0.4434199306153992,0.645730851749531,2.120137323582758,0.14272115191760418
19,661,33.05,case1,18,22,733.7783699397164,-884.4082971729553,63.40461626213899,22.328629320640438,-28.942384427586468,3.912689512027842,36.7632757369402,0.10663125016518041,-0.9136857154651047,0.011274028025361139,0.42871739207402765,0.7129731418252749,2.022377515662277,0.13713344255936244
19,662,33.1,case1,2,22,733.4582375018389,-884.6708618225954,64.03533531546577,21.59841756493989,-29.97708931494699,0.46775377854763495,36.95045762508441,0.012659282248415664,-0.946445711130665,0.011126330172088075,0.17732080647997756,0.3751555580543094,1.533996997354367,0.09746106448442844
19,662,33.1,case1,5,25,816.6614937421667,-210.52827454753768,44.86131525102836,30.123635859119375,-15.073245225476324,0.7619157941048469,33.69297663723812,0.022615417867690148,-0.46395104015156335,0.011951440662945557,0.40363369311256037,0.5231473401022989,1.676191234223026,0.12273306014329176
19,662,33.1,case1,13,25,816.5889521174414,-209.70926593290085,44.30272431760794,30.31604906507167,-14.860764832975033,5.656370923637367,34.23302052642435,0.16599266174862584,-0.45577259822664984,0.023159224834298088,-0.012462508474751832,0.4039802013260243,0.8281146313653154,0.12284073222696791
20,535,26.75,case1,4,24,872.6182273061385,154.60858264194295,50.65258028645522,35.35504117651673,3.455965292282723,2.656266144438705,35.62272283984967,0.07463589713238478,0.0974407176732361,0.012203537637400329,-0.14254386575634068,0.18779112946535953,2.30795153511991,0.17660278099358273
20,535,26.75,case1,12,24,873.2845093482428,155.6169249855887,51.85294200083632,35.190893772849215,4.872975540684843,2.6607239172355777,35.62617502505454,0.07475412761658433,0.1375976173398477,0.012444106604635472,0.3860307441218299,0.4464087436304393,2.0124773073680533,0.15663115470442684
20,567,28.35,case1,1,21,-774.6188186428063,350.13076610235277,47.095187539954296,-36.86483487295949,10.17753421335499,2.053776775580193,38.299037219210796,0.05365049652989522,2.8722254101707345,0.02079582252036806,-0.3973264215825181,0.4071173878230935,2.419409831761724,0.16108416177116966
20,567,28.35,case1,9,21,-776.4414696942553,351.06397656377277,48.47681529831598,-36.291190263148856,10.157912905522407,0.8877269630723623,37.696442066502975,0.02355153394686946,2.8686764592702167,0.01144385326986659,-0.28071754296109624,0.5279991220264895,0.9320077759459481,0.10434914907257228
20,567,28.35,case1,17,21,-776.9533271041258,351.236564027155,48.52187257496825,-36.05945332930694,10.630469794833541,4.585334847540333,37.8723693229167,0.12137112174136257,2.8549096550694077,0.011557337647830028,-0.40823855530205766,0.7203489662250938,1.2199903421129352,0.09032370532918227
20,570,28.5,case1,7,27,-662.2834790252621,-613.4714582010339,51.63089693116655,-27.273305605394533,-23.356606735193292,1.1976907904071312,35.92768765252153,0.0333423276521128,-2.433400108305204,0.011928493875702915,-0.017502308079919843,0.03413078164804201,1.1468260250727556,0.10515983504374017
20,570,28.5,case1,15,27,-662.7279888930854,-613.6104970237384,52.372578160850416,-27.832518694607156,-22.811466946473484,3.0853929480254076,36.11830243490735,0.08552887754975286,-2.455015633032141,0.01643487749635729,-0.29855756530193156,0.3633082426514373,0.8436737775742567,0.08877689501778513
20,584,29.2,case1,14,26,-520.4654188654212,-623.1673278615795,47.0388573368011,-25.131508224382518,-22.96796748536025,-0.7905762123992413,34.05503262057436,-0.023216751781899594,-2.4011447385724973,0.015070156340470013,-0.05180869488001652,0.054227308578278385,1.4437513026508755,0.14206998848184962
20,585,29.25,case1,6,26,-518.8382738277325,-622.4987780438017,48.181195940399334,-26.563471609410943,-22.89146762206628,-0.37611731446802993,35.06820180833817,-0.010725515035944998,-2.430307983696109,0.031559211843501446,-0.5566727747710719,0.6286514425376144,1.0549911781881578,0.12501586371736367
20,603,30.15,case1,11,23,375.8046041749413,945.3909029114053,54.21666010575125,17.756434103673307,34.41089136177633,1.7896284786361805,38.763425628827115,0.04618438179847951,1.0944212976270764,0.0071392237220879685,0.3083625168871399,0.3084595039355973,1.5646126601667727,0.14208219231769392
20,603,30.15,case1,19,23,376.2611433457918,945.7332167037197,54.731620365720794,17.578889880561583,34.52526295237026,4.203737605859615,38.970277920771096,0.108080652077712,1.099847438391088,0.009990034211501443,-0.040468543478614755,0.11606720230731409,1.1889526117279994,0.12877220606875728
20,604,30.2,case1,3,23,376.89988153893347,943.6242206260267,54.64710023316401,20.788446590304854,33.67908247399523,2.945982043780359,39.68776786530589,0.0742973035831148,1.017788758318805,0.01841177947981474,0.41148660254376224,0.4135841406370135,1.9493298708846136,0.12486583869457267
20,626,31.3,case1,0,20,-807.606258645681,-567.8818260943492,54.19400553089452,-34.57528450503613,-13.472458960444618,2.267390465955171,37.176585488317244,0.061027619442987735,-2.7700354030547487,0.004119656530587477,-0.3013804801462885,0.33515735006740477,0.7528195096590984,0.12024811772827568
20,626,31.3,case1,8,20,-806.8369755135536,-566.9836588470959,53.18201061773612,-35.56090447473722,-13.708769814153502,0.37168380563413805,38.113599222983424,0.009752154211223914,-2.773647422518826,0.017844899228322036,0.12282034693251298,0.3537169992708561,2.1511399916778022,0.15084186347303938
20,627,31.35,case1,16,20,-807.0091794210163,-566.7065932722463,54.23799156016898,-36.58212114746472,-12.326550609599886,2.915525843815501,38.71299172790406,0.07538267683595651,-2.8165856087653935,0.024498548560349543,-0.1083047768359946,0.29768732052264213,0.7564997192781749,0.09723755632345657
20,661,33.05,case1,10,22,734.7259617573077,-883.3871692972441,63.75670857362378,23.03137832387329,-28.198627962343178,1.9983286112219172,36.46368499883756,0.05483072435580097,-0.8859219230228046,0.005033998141423317,0.16797687007509166,0.17999852150406534,1.7347284584344225,0.13790469765697017
20,661,33.05,case1,18,22,734.986261244985,-883.4697984065139,63.97098810831174,23.644853889744482,-28.093411703871258,1.482342719497153,36.749370560169076,0.04034749337405377,-0.8711691794176087,0.010861326783987385,0.10413822344192575,0.23953249236394417,1.4978268039650546,0.13055526671195614
20,662,33.1,case1,2,22,735.2083667051704,-883.2152662327026,65.42759478212679,22.67523034898977,-28.965714151708138,3.3996695580713587,36.94233913549992,0.09215676560702069,-0.9066129264217319,0.011727369949204675,-0.1356036958279166,0.240939402778278,1.4714075951970536,0.09606444085478805
20,662,33.1,case1,5,25,817.1167151449666,-209.2075607009806,43.80957734086789,30.394862019237543,-14.75193104574125,1.6247590633976685,33.82465001682776,0.04805325476387176,-0.4518533398355251,0.013900339275987944,-0.5983875734239991,0.598578482039017,0.2873714328993497,0.11397926746242096
20,662,33.1,case1,13,25,817.3802138485506,-208.98239115224288,43.648728410535824,29.964809167840357,-15.8494071997746,3.58605611068544,34.087436035559215,0.10539672115136506,-0.4865260066920326,0.022376505028654195,-0.3274427037126699,0.5808909645275471,0.5742592394824942,0.10948651630818793
