variant,variant_label,case,seed,episode,hit_count,target_hit_count,target_sync_count,evaluator_all_hit,evaluator_all_sync,complete_group_count,has_complete_group,strict_all_8_groups_complete,E_co_time_s,E_n_terminal_sample_g,E_miss_m,E_t_s
full,ART-MAPPO,case1,701,1,20,8,8,True,True,8,1,1,0.017361111111111455,0.3305618544054672,1.9647248703256739,35.28125
full,ART-MAPPO,case1,701,2,19,8,7,True,False,7,1,0,0.01626984126984102,0.27876787118991414,1.8946382800321362,35.728571428571435
full,ART-MAPPO,case1,701,3,20,8,8,True,True,8,1,1,0.01736111111111116,0.2377152816437277,1.944706138822073,35.287499999999994
full,ART-MAPPO,case1,701,4,20,8,8,True,True,8,1,1,0.014236111111110894,0.31909338886942956,2.0339546463744274,35.287499999999994
full,ART-MAPPO,case1,701,5,20,8,8,True,True,8,1,1,0.01736111111111116,0.26359476968627416,1.8696866664694074,35.287499999999994
full,ART-MAPPO,case1,701,6,20,8,8,True,True,8,1,1,0.01180555555555592,0.30987648722670463,1.9683400243890827,35.28125
full,ART-MAPPO,case1,701,7,20,8,8,True,True,8,1,1,0.014236111111110894,0.2964229673295236,1.7409043791776075,35.287499999999994
full,ART-MAPPO,case1,701,8,20,8,8,True,True,8,1,1,0.011111111111111072,0.2711858654063979,1.708685954170467,35.287499999999994
full,ART-MAPPO,case1,701,9,20,8,8,True,True,8,1,1,0.01458333333333354,0.27053046036012884,1.9930306765824861,35.28125
full,ART-MAPPO,case1,701,10,20,8,8,True,True,8,1,1,0.011458333333333274,0.30421457580387634,2.0182077467666857,35.28125
full,ART-MAPPO,case1,701,11,20,8,8,True,True,8,1,1,0.014583333333333245,0.3050646027089443,2.037195232522133,35.28125
full,ART-MAPPO,case1,701,12,19,8,7,True,False,7,1,0,0.0067460317460317,0.311080583870677,1.9753165713401888,34.771428571428565
full,ART-MAPPO,case1,701,13,20,8,8,True,True,8,1,1,0.017361111111110716,0.31428906937926715,1.959124221607585,35.29375
full,ART-MAPPO,case1,701,14,20,8,8,True,True,8,1,1,0.017708333333333513,0.3542133213774406,2.041308278224671,35.287499999999994
full,ART-MAPPO,case1,701,15,20,8,8,True,True,8,1,1,0.011458333333333274,0.3059708840687996,2.140482164287123,35.26875
full,ART-MAPPO,case1,701,16,20,8,8,True,True,8,1,1,0.01458333333333354,0.32370971992261743,2.1078248057866023,35.28125
full,ART-MAPPO,case1,701,17,20,8,8,True,True,8,1,1,0.01736111111111116,0.2956824238975357,1.7793761095201996,35.287499999999994
full,ART-MAPPO,case1,701,18,20,8,8,True,True,8,1,1,0.014583333333333245,0.31274431206038267,2.05906645123782,35.28125
full,ART-MAPPO,case1,701,19,20,8,8,True,True,8,1,1,0.014236111111110894,0.24012012632076557,1.9158406985407277,35.28125
full,ART-MAPPO,case1,701,20,20,8,8,True,True,8,1,1,0.014236111111111189,0.28100825647801186,2.0514300819778613,35.275000000000006
full,ART-MAPPO,case1,702,1,19,8,7,True,False,7,1,0,0.016666666666666902,0.2796173818547529,1.6431569825091425,35.73571428571429
full,ART-MAPPO,case1,702,2,20,8,8,True,True,8,1,1,0.011805555555554886,0.2641889738936123,1.7142729856245478,35.275
full,ART-MAPPO,case1,702,3,20,8,8,True,True,8,1,1,0.011458333333332979,0.31123969854846695,1.7611355220785212,35.28125
full,ART-MAPPO,case1,702,4,20,8,8,True,True,8,1,1,0.009722222222222559,0.2638019922161684,1.7350492804191477,35.28125
full,ART-MAPPO,case1,702,5,20,8,8,True,True,8,1,1,0.014236111111110599,0.2635792918412276,1.4014496716970561,35.287499999999994
full,ART-MAPPO,case1,702,6,20,8,8,True,True,8,1,1,0.00902777777777771,0.2972382645628058,1.5474241760772778,35.275
full,ART-MAPPO,case1,702,7,20,8,8,True,True,8,1,1,0.008680555555555358,0.26386542270926955,1.5310378783599399,35.28125
full,ART-MAPPO,case1,702,8,20,8,8,True,True,8,1,1,0.017361111111110866,0.31345067259087755,1.430492419491126,35.287499999999994
full,ART-MAPPO,case1,702,9,20,8,8,True,True,8,1,1,0.014236111111110894,0.2994782437659991,1.3403667760871167,35.29375
full,ART-MAPPO,case1,702,10,20,8,8,True,True,8,1,1,0.014236111111110599,0.32180503243488723,1.5327946736736382,35.287499999999994
full,ART-MAPPO,case1,702,11,19,8,7,True,False,7,1,0,0.006349206349205988,0.30741016483701145,1.7736292152442183,34.771428571428565
full,ART-MAPPO,case1,702,12,20,8,8,True,True,8,1,1,0.014236111111110599,0.3171774103039806,1.6778694806175412,35.287499999999994
full,ART-MAPPO,case1,702,13,20,8,8,True,True,8,1,1,0.014583333333332801,0.3628109042836051,1.6488585540968468,35.287499999999994
full,ART-MAPPO,case1,702,14,20,8,8,True,True,8,1,1,0.01180555555555518,0.3013053585264669,1.5395073917157698,35.28125
full,ART-MAPPO,case1,702,15,20,8,8,True,True,8,1,1,0.008680555555555063,0.3293939737825856,1.9407917353407067,35.26875
full,ART-MAPPO,case1,702,16,20,8,8,True,True,8,1,1,0.005902777777777443,0.2697680603253759,1.6624872555074397,35.26875
full,ART-MAPPO,case1,702,17,19,8,7,True,False,7,1,0,0.013492063492062726,0.3238314146085645,1.752294512313645,35.57857142857143
full,ART-MAPPO,case1,702,18,20,8,8,True,True,8,1,1,0.011458333333332979,0.2564647346559548,1.457570576937357,35.28125
full,ART-MAPPO,case1,702,19,20,8,8,True,True,8,1,1,0.011805555555554886,0.26430750255769175,1.7326130225214578,35.275
full,ART-MAPPO,case1,702,20,20,8,8,True,True,8,1,1,0.014930555555555152,0.23578785662376395,1.8557106664601393,35.275
full,ART-MAPPO,case1,703,1,20,8,8,True,True,8,1,1,0.020486111111110244,0.23846264131737993,1.8902747689237913,35.175
full,ART-MAPPO,case1,703,2,20,8,8,True,True,8,1,1,0.014236111111110894,0.30095215813136716,1.8891891656309308,35.181250000000006
full,ART-MAPPO,case1,703,3,20,8,8,True,True,8,1,1,0.020486111111111278,0.2429462670339151,1.713460772544496,35.181250000000006
full,ART-MAPPO,case1,703,4,20,8,8,True,True,8,1,1,0.017361111111110716,0.30284560111859726,1.7188106405723986,35.18125
full,ART-MAPPO,case1,703,5,20,8,8,True,True,8,1,1,0.017361111111110716,0.2861725571483767,1.706094884497943,35.18125
full,ART-MAPPO,case1,703,6,20,8,8,True,True,8,1,1,0.01180555555555518,0.2802068060888353,1.891144536585168,35.162499999999994
full,ART-MAPPO,case1,703,7,20,8,8,True,True,8,1,1,0.014930555555555447,0.3163565837445113,1.9680071628174378,35.16875
full,ART-MAPPO,case1,703,8,20,8,8,True,True,8,1,1,0.014583333333333098,0.2837765478664558,1.7624845871937447,35.175
full,ART-MAPPO,case1,703,9,20,8,8,True,True,8,1,1,0.014583333333333098,0.29030880330375475,1.7734623950131299,35.175
full,ART-MAPPO,case1,703,10,19,8,7,True,False,7,1,0,0.009920634920634695,0.31693654320705494,1.930296333563128,34.65714285714286
full,ART-MAPPO,case1,703,11,20,8,8,True,True,8,1,1,0.01458333333333354,0.2938366386773684,2.043950483616329,35.175
full,ART-MAPPO,case1,703,12,20,8,8,True,True,8,1,1,0.014583333333332801,0.3528752265793099,2.1150507892602577,35.16875
full,ART-MAPPO,case1,703,13,20,8,8,True,True,8,1,1,0.014236111111110894,0.31104877952029064,1.5619420596271598,35.175
full,ART-MAPPO,case1,703,14,19,8,7,True,False,7,1,0,0.020238095238094937,0.28321981863205953,1.6397019062347309,35.614285714285714
full,ART-MAPPO,case1,703,15,20,8,8,True,True,8,1,1,0.011458333333332979,0.28611639891080043,1.9165885115375805,35.1625
full,ART-MAPPO,case1,703,16,20,8,8,True,True,8,1,1,0.01180555555555518,0.3288708969178492,1.9295909339646036,35.16875
full,ART-MAPPO,case1,703,17,20,8,8,True,True,8,1,1,0.01736111111111101,0.2504180817165411,1.888961161351257,35.175
full,ART-MAPPO,case1,703,18,20,8,8,True,True,8,1,1,0.011458333333332979,0.31253877815763453,1.5676801753375402,35.16875
full,ART-MAPPO,case1,703,19,20,8,8,True,True,8,1,1,0.014583333333332801,0.26392332557149467,1.8002180379835275,35.16875
full,ART-MAPPO,case1,703,20,20,8,8,True,True,8,1,1,0.011458333333333275,0.3469132677373997,1.9315740425935486,35.16875
full,ART-MAPPO,case1,704,1,20,8,8,True,True,8,1,1,0.011458333333332682,0.33189469644432545,1.910568782559648,35.275
full,ART-MAPPO,case1,704,2,20,8,8,True,True,8,1,1,0.011458333333332682,0.2771945306286027,1.7062239805836508,35.26875
full,ART-MAPPO,case1,704,3,20,8,8,True,True,8,1,1,0.014236111111110599,0.26329733837256414,1.5888270926005066,35.275
full,ART-MAPPO,case1,704,4,20,8,8,True,True,8,1,1,0.014583333333332504,0.2893124875223891,1.4915799685723918,35.275
full,ART-MAPPO,case1,704,5,20,8,8,True,True,8,1,1,0.011458333333332682,0.30584681546312986,1.6168020672486132,35.26875
full,ART-MAPPO,case1,704,6,20,8,8,True,True,8,1,1,0.011458333333332682,0.2894051105175666,1.6303431692934995,35.26875
full,ART-MAPPO,case1,704,7,20,8,8,True,True,8,1,1,0.014583333333332504,0.31287015242183985,1.6897484924083033,35.275
full,ART-MAPPO,case1,704,8,20,8,8,True,True,8,1,1,0.011458333333332682,0.3040110017537716,1.6786008694350212,35.26875
full,ART-MAPPO,case1,704,9,19,8,7,True,False,7,1,0,0.006746031746031363,0.28348007115604196,1.7523436775449188,34.74285714285714
full,ART-MAPPO,case1,704,10,20,8,8,True,True,8,1,1,0.014583333333332504,0.3091593265224022,1.8327317595886972,35.275
full,ART-MAPPO,case1,704,11,20,8,8,True,True,8,1,1,0.011458333333332682,0.3326295003785617,1.6537955490056966,35.26875
full,ART-MAPPO,case1,704,12,20,8,8,True,True,8,1,1,0.011458333333332682,0.2889459740278095,1.6203534957879722,35.26875
full,ART-MAPPO,case1,704,13,20,8,8,True,True,8,1,1,0.011458333333332682,0.33734200190804675,1.7174966393963245,35.26875
full,ART-MAPPO,case1,704,14,20,8,8,True,True,8,1,1,0.011458333333332682,0.2971610912319463,1.698701003078987,35.26875
full,ART-MAPPO,case1,704,15,20,8,8,True,True,8,1,1,0.011458333333332682,0.3377236456651108,1.8326991461859645,35.26875
full,ART-MAPPO,case1,704,16,20,8,8,True,True,8,1,1,0.011458333333332682,0.24476210883567878,1.6243842685217094,35.26875
full,ART-MAPPO,case1,704,17,20,8,8,True,True,8,1,1,0.011458333333332682,0.2740203000369275,1.4868616849135385,35.26875
full,ART-MAPPO,case1,704,18,20,8,8,True,True,8,1,1,0.011458333333332682,0.2721940186939654,1.538396576750471,35.26875
full,ART-MAPPO,case1,704,19,20,8,8,True,True,8,1,1,0.011458333333332682,0.338072432680364,1.6978512767696095,35.26875
full,ART-MAPPO,case1,704,20,20,8,8,True,True,8,1,1,0.011458333333332682,0.3025904697247989,1.7925728013943618,35.26875
full,ART-MAPPO,case1,705,1,20,8,8,True,True,8,1,1,0.014236111111110747,0.27052346502228514,1.837126161120043,35.3375
full,ART-MAPPO,case1,705,2,20,8,8,True,True,8,1,1,0.014583333333332948,0.29831256027109226,1.5862301996946966,35.34375
full,ART-MAPPO,case1,705,3,19,8,7,True,False,7,1,0,0.016269841269840345,0.2967049975083177,1.357560140830969,35.771428571428565
full,ART-MAPPO,case1,705,4,20,8,8,True,True,8,1,1,0.011458333333332682,0.28391343923080464,1.6671893353067948,35.33125
full,ART-MAPPO,case1,705,5,20,8,8,True,True,8,1,1,0.011458333333333126,0.3205635619426418,1.9020821506303278,35.33125
full,ART-MAPPO,case1,705,6,20,8,8,True,True,8,1,1,0.014930555555555152,0.3179686981319226,1.72287721922267,35.34375
full,ART-MAPPO,case1,705,7,20,8,8,True,True,8,1,1,0.01736111111111057,0.3157338724180128,1.8083675998200257,35.34375
full,ART-MAPPO,case1,705,8,18,8,6,True,False,6,1,0,0.0037037037037034935,0.2800311981964911,1.7130554130284814,34.925000000000004
full,ART-MAPPO,case1,705,9,20,8,8,True,True,8,1,1,0.017361111111110127,0.36117005004044456,1.728465703045746,35.349999999999994
full,ART-MAPPO,case1,705,10,20,8,8,True,True,8,1,1,0.01180555555555533,0.3481638147335842,1.8572985082450755,35.337500000000006
full,ART-MAPPO,case1,705,11,20,8,8,True,True,8,1,1,0.011458333333332682,0.33238353233862683,1.6625477726978621,35.33125
full,ART-MAPPO,case1,705,12,20,8,8,True,True,8,1,1,0.011458333333332682,0.34573567489626916,1.6916966309050903,35.3375
full,ART-MAPPO,case1,705,13,20,8,8,True,True,8,1,1,0.011458333333332682,0.30932926245934333,1.667702324335111,35.33125
full,ART-MAPPO,case1,705,14,20,8,8,True,True,8,1,1,0.014583333333332948,0.3235494085588017,1.8683683359843912,35.337500000000006
full,ART-MAPPO,case1,705,15,20,8,8,True,True,8,1,1,0.014583333333332948,0.25384582146893053,1.6754350931334365,35.34375
full,ART-MAPPO,case1,705,16,20,8,8,True,True,8,1,1,0.011458333333332682,0.28998560948589586,1.7303094490181814,35.33125
full,ART-MAPPO,case1,705,17,20,8,8,True,True,8,1,1,0.008680555555555063,0.295913465629413,1.5302145889175371,35.33125
full,ART-MAPPO,case1,705,18,20,8,8,True,True,8,1,1,0.011458333333332682,0.3729134198572538,1.77971954776634,35.337500000000006
full,ART-MAPPO,case1,705,19,20,8,8,True,True,8,1,1,0.011458333333333126,0.2918933390658718,1.9182771974293162,35.33125
full,ART-MAPPO,case1,705,20,20,8,8,True,True,8,1,1,0.011458333333332682,0.27791788430323927,1.8425799633266637,35.337500000000006
full,ART-MAPPO,case2,701,1,10,4,1,False,False,3,1,0,3.4777777777777756,0.4085860701599517,2.449229241567304,69.49999999999999
full,ART-MAPPO,case2,701,2,8,4,1,False,False,2,1,0,4.927777777777777,0.34651074189273934,2.212595062839188,67.95
full,ART-MAPPO,case2,701,3,7,3,1,False,False,2,1,0,5.066666666666666,0.33619040012305607,2.6101525138453456,68.225
full,ART-MAPPO,case2,701,4,8,4,2,False,False,2,1,0,0.02222222222221859,0.39979774375209864,2.2810370484707634,68.25
full,ART-MAPPO,case2,701,5,9,4,3,False,False,3,1,0,0.040740740740738426,0.3655748455891262,2.5823646139270937,67.73333333333333
full,ART-MAPPO,case2,701,6,8,4,1,False,False,2,1,0,5.033333333333332,0.5573149404233239,2.44210861146575,68.2
full,ART-MAPPO,case2,701,7,11,5,2,False,False,3,1,0,3.377777777777776,0.3990838074103391,2.445053130007342,69.18333333333334
full,ART-MAPPO,case2,701,8,10,5,2,False,False,3,1,0,3.428703703703704,0.2792843758754468,2.4730153518508113,67.88333333333334
full,ART-MAPPO,case2,701,9,10,5,3,False,False,3,1,0,0.09259259259258891,0.3733150921332411,2.6180609146723834,67.8
full,ART-MAPPO,case2,701,10,10,4,2,False,False,3,1,0,3.3333333333333353,0.37464512197423055,2.4175410923256835,69.33333333333333
full,ART-MAPPO,case2,701,11,10,4,2,False,False,3,1,0,3.3601851851851854,0.32529576211837574,2.3278882046464218,67.98333333333333
full,ART-MAPPO,case2,701,12,10,4,3,False,False,3,1,0,0.03703703703703651,0.30773294600075557,2.649739526444059,67.85000000000001
full,ART-MAPPO,case2,701,13,10,4,3,False,False,3,1,0,0.05555555555555477,0.41125323504777134,2.4394976723137938,69.68333333333334
full,ART-MAPPO,case2,701,14,9,4,2,False,False,3,1,0,3.3814814814814795,0.4251202309760265,2.434935138827207,67.71666666666667
full,ART-MAPPO,case2,701,15,11,5,2,False,False,3,1,0,3.4342592592592562,0.5219267518536682,2.456763683129257,67.89999999999999
full,ART-MAPPO,case2,701,16,9,4,2,False,False,3,1,0,3.40185185185185,0.3717217285489138,2.4920359025313505,67.91666666666667
full,ART-MAPPO,case2,701,17,9,4,2,False,False,2,1,0,0.061111111111110006,0.2796236974015616,2.339687982158306,71.82499999999999
full,ART-MAPPO,case2,701,18,9,5,1,False,False,2,1,0,5.033333333333333,0.34944770588491575,2.364914840269013,68.15
full,ART-MAPPO,case2,701,19,11,4,1,False,False,4,1,0,2.610416666666667,0.4641392464860064,2.5954962397758186,68.825
full,ART-MAPPO,case2,701,20,9,4,2,False,False,3,1,0,3.3833333333333333,0.37323350705940067,2.5900849468309377,67.8
full,ART-MAPPO,case2,702,1,9,3,3,False,False,3,1,0,0.033333333333333805,0.44620172679952225,2.3963078399127795,61.199999999999996
full,ART-MAPPO,case2,702,2,9,3,3,False,False,3,1,0,0.007407407407408566,0.4393744634943233,2.3648127656430504,61.13333333333333
full,ART-MAPPO,case2,702,3,8,3,2,False,False,2,1,0,0.027777777777778567,0.400736429755408,2.4451550068571155,69.5
full,ART-MAPPO,case2,702,4,9,4,2,False,False,2,1,0,0.027777777777776198,0.2856475744283876,2.104982745747682,69.525
full,ART-MAPPO,case2,702,5,9,3,3,False,False,3,1,0,0.014814814814813974,0.47051097346165127,2.3581734295122487,61.166666666666664
full,ART-MAPPO,case2,702,6,8,3,2,False,False,2,1,0,0.011111111111112848,0.32076513585178823,2.4311692914921172,69.575
full,ART-MAPPO,case2,702,7,8,3,2,False,False,2,1,0,0.04444444444444429,0.3252746287196763,2.2878761023174583,69.55
full,ART-MAPPO,case2,702,8,8,3,2,False,False,2,1,0,0.04999999999999953,0.31858874213312927,2.3697833153692347,69.5
full,ART-MAPPO,case2,702,9,9,3,3,False,False,3,1,0,0.025925925925926033,0.43277380863052056,2.3780890369221317,61.18333333333334
full,ART-MAPPO,case2,702,10,9,3,3,False,False,3,1,0,0.018518518518517466,0.43963873505283296,2.4978956325949357,61.166666666666664
full,ART-MAPPO,case2,702,11,8,3,2,False,False,2,1,0,0.05555555555555477,0.4278092276774832,1.916876385655315,69.525
full,ART-MAPPO,case2,702,12,8,3,2,False,False,2,1,0,0.04444444444444192,0.2948605803321867,2.170808557257987,69.525
full,ART-MAPPO,case2,702,13,10,4,3,False,False,3,1,0,0.023148148148146832,0.430004360463272,2.4284422023906704,69.23333333333333
full,ART-MAPPO,case2,702,14,7,3,2,False,False,2,1,0,0.04444444444444666,0.3931927001036646,2.376481501932167,69.625
full,ART-MAPPO,case2,702,15,8,3,2,False,False,2,1,0,0.033333333333333805,0.3287709021451005,2.2939274518569595,69.475
full,ART-MAPPO,case2,702,16,9,4,2,False,False,2,1,0,0.04444444444444666,0.301693584575203,2.221246654747758,69.5
full,ART-MAPPO,case2,702,17,10,4,3,False,False,3,1,0,0.018518518518519045,0.39676874294128744,2.6262923250045653,61.13333333333335
full,ART-MAPPO,case2,702,18,9,3,3,False,False,3,1,0,0.02962962962963031,0.40924838591237206,2.394173230684213,61.28333333333333
full,ART-MAPPO,case2,702,19,9,3,3,False,False,3,1,0,0.018518518518517466,0.4035490179561365,2.313606615964523,61.18333333333334
full,ART-MAPPO,case2,702,20,7,3,2,False,False,2,1,0,0.04444444444444429,0.27318325307944313,2.5189377447216668,69.6
full,ART-MAPPO,case2,703,1,11,4,4,False,False,4,1,0,0.028472222222221493,0.440726923162283,2.5568419440666466,60.06249999999999
full,ART-MAPPO,case2,703,2,11,4,4,False,False,4,1,0,0.025000000000001542,0.451941869405038,2.5383369849148028,60.1125
full,ART-MAPPO,case2,703,3,11,4,4,False,False,4,1,0,0.03680555555555761,0.4088013561580608,2.4391999483986675,60.1375
full,ART-MAPPO,case2,703,4,11,4,4,False,False,4,1,0,0.034027777777777025,0.45155464156116915,2.5726304952428145,60.175000000000004
full,ART-MAPPO,case2,703,5,11,4,4,False,False,4,1,0,0.033333333333333215,0.4784571809531961,2.3995570295621063,60.0875
full,ART-MAPPO,case2,703,6,11,4,4,False,False,4,1,0,0.02361111111111125,0.4798903639025143,2.6447510740589566,60.1125
full,ART-MAPPO,case2,703,7,11,4,4,False,False,4,1,0,0.053472222222222435,0.4606574754314511,2.5425933594433694,60.18749999999999
full,ART-MAPPO,case2,703,8,11,4,4,False,False,4,1,0,0.028472222222223266,0.46740473320883297,2.6274517323860067,60.1375
full,ART-MAPPO,case2,703,9,11,4,4,False,False,4,1,0,0.019444444444446297,0.49101675177059084,2.4620424318525025,60.137499999999996
full,ART-MAPPO,case2,703,10,11,4,4,False,False,4,1,0,0.022222222222222737,0.4263556010268767,2.4800315064516862,60.074999999999996
full,ART-MAPPO,case2,703,11,11,4,4,False,False,4,1,0,0.022916666666666845,0.41753798190765273,2.660708765479623,60.0875
full,ART-MAPPO,case2,703,12,11,4,4,False,False,4,1,0,0.028472222222220307,0.44229652873854447,2.3527957196904214,60.162499999999994
full,ART-MAPPO,case2,703,13,10,4,3,False,False,3,1,0,0.07500000000000324,0.4178420037679475,2.5665811593940586,59.03333333333333
full,ART-MAPPO,case2,703,14,11,4,4,False,False,4,1,0,0.03125000000000119,0.4848733702064286,2.5186175482165063,60.137499999999996
full,ART-MAPPO,case2,703,15,10,4,3,False,False,3,1,0,0.026851851851851904,0.5444429215770951,2.5461512658516567,56.76666666666667
full,ART-MAPPO,case2,703,16,11,4,4,False,False,4,1,0,0.023611111111113026,0.5028584186381997,2.654762204154524,60.1
full,ART-MAPPO,case2,703,17,11,4,4,False,False,4,1,0,0.028472222222224453,0.4582344202427738,2.5143797135880437,60.137499999999996
full,ART-MAPPO,case2,703,18,11,4,4,False,False,4,1,0,0.04305555555555696,0.4854604493088931,2.3264961494641128,60.175
full,ART-MAPPO,case2,703,19,11,4,4,False,False,4,1,0,0.017361111111111015,0.44934293669664277,2.438179832076938,60.162499999999994
full,ART-MAPPO,case2,703,20,10,4,3,False,False,3,1,0,0.0157407407407434,0.43622850208792396,2.4755953026569437,58.916666666666664
full,ART-MAPPO,case2,704,1,9,3,3,False,False,3,1,0,0.10370370370370412,0.37995283339639907,2.338282593747714,69.64999999999999
full,ART-MAPPO,case2,704,2,9,3,3,False,False,3,1,0,0.09629629629629398,0.44686953070086893,2.621251936011898,69.48333333333333
full,ART-MAPPO,case2,704,3,9,3,1,False,False,3,1,0,3.6148148148148143,0.4376125632387096,2.7201860817895773,69.78333333333335
full,ART-MAPPO,case2,704,4,9,3,2,False,False,3,1,0,3.5148148148148137,0.37704821529251986,2.644652338241499,69.48333333333333
full,ART-MAPPO,case2,704,5,9,3,1,False,False,3,1,0,3.6296296296296284,0.4039398979919646,2.587600766120066,69.8
full,ART-MAPPO,case2,704,6,7,3,1,False,False,1,1,0,0.0777777777777781,0.2528857014185758,2.6084444782684573,65.2
full,ART-MAPPO,case2,704,7,9,3,2,False,False,3,1,0,3.6185185185185182,0.3847163471569927,2.4181532142214235,69.64999999999999
full,ART-MAPPO,case2,704,8,9,3,2,False,False,3,1,0,3.5,0.3816081885958018,2.4691627487890844,69.5
full,ART-MAPPO,case2,704,9,9,3,2,False,False,3,1,0,0.11111111111110794,0.34726529349937435,2.6390419350436587,69.46666666666667
full,ART-MAPPO,case2,704,10,9,3,2,False,False,3,1,0,0.12962962962962857,0.34878469514881344,2.6527350829408367,69.53333333333333
full,ART-MAPPO,case2,704,11,9,3,2,False,False,3,1,0,3.5851851851851855,0.4060668310867135,2.5460725019468904,69.60000000000001
full,ART-MAPPO,case2,704,12,7,3,0,False,False,1,1,0,10.755555555555555,0.5772231022078839,2.776376975835935,65.95
full,ART-MAPPO,case2,704,13,9,3,2,False,False,3,1,0,3.5333333333333328,0.40747189400828604,2.6159620100218763,69.61666666666667
full,ART-MAPPO,case2,704,14,9,3,3,False,False,3,1,0,0.05185185185185048,0.4374463376656991,2.686013294627383,69.43333333333332
full,ART-MAPPO,case2,704,15,9,3,1,False,False,3,1,0,3.577777777777777,0.3964863312346076,2.6173208010505165,69.7
full,ART-MAPPO,case2,704,16,9,3,2,False,False,3,1,0,3.5888888888888886,0.3525854874594669,2.5429158742487594,69.63333333333334
full,ART-MAPPO,case2,704,17,9,3,2,False,False,3,1,0,3.503703703703705,0.430397059994668,2.6672518280704867,69.56666666666668
full,ART-MAPPO,case2,704,18,8,3,1,False,False,2,1,0,5.311111111111112,0.28854786005278643,2.795555749058262,68.5
full,ART-MAPPO,case2,704,19,9,3,2,False,False,3,1,0,0.1148148148148146,0.3827621749526045,2.6173287401427174,69.56666666666668
full,ART-MAPPO,case2,704,20,8,3,1,False,False,2,1,0,5.316666666666665,0.492759417011237,2.5626603143040807,68.425
full,ART-MAPPO,case2,705,1,9,3,3,False,False,3,1,0,0.06296296296296333,0.4275895866629196,2.5616747758203595,60.38333333333335
full,ART-MAPPO,case2,705,2,10,4,2,False,False,3,1,0,0.13240740740740778,0.42725980749708636,2.291016595577745,62.85
full,ART-MAPPO,case2,705,3,13,5,3,False,False,4,1,0,0.13194444444444345,0.4097052835965945,2.208580456996797,63.199999999999996
full,ART-MAPPO,case2,705,4,9,3,2,False,False,3,1,0,3.4740740740740748,0.4289897000200445,2.3043492653163384,60.46666666666667
full,ART-MAPPO,case2,705,5,10,4,3,False,False,3,1,0,0.05185185185185206,0.4058257291089194,2.1592487952414636,60.449999999999996
full,ART-MAPPO,case2,705,6,9,3,2,False,False,3,1,0,3.422222222222223,0.42482595540930773,2.384190496385463,60.31666666666666
full,ART-MAPPO,case2,705,7,9,3,2,False,False,3,1,0,0.12222222222222161,0.3232154862602205,2.2971842850902857,60.466666666666676
full,ART-MAPPO,case2,705,8,9,3,2,False,False,3,1,0,0.11481481481481383,0.3797512657787603,2.266135703790972,60.5
full,ART-MAPPO,case2,705,9,9,3,2,False,False,3,1,0,0.10740740740740841,0.44522908358385527,2.581812382530833,60.33333333333334
full,ART-MAPPO,case2,705,10,11,4,2,False,False,4,1,0,2.665972222222223,0.4314940760006497,2.4391418634195925,63.0625
full,ART-MAPPO,case2,705,11,9,3,2,False,False,3,1,0,3.4148148148148176,0.5072253895301699,2.458400881259981,60.400000000000006
full,ART-MAPPO,case2,705,12,9,3,2,False,False,3,1,0,3.451851851851854,0.39431494953702456,2.340096956890918,60.466666666666676
full,ART-MAPPO,case2,705,13,11,5,2,False,False,3,1,0,0.13981481481481556,0.555170335922439,2.3487413484438973,62.866666666666674
full,ART-MAPPO,case2,705,14,11,4,3,False,False,4,1,0,0.14930555555555594,0.3264742179871296,2.1624625556773744,63.175000000000004
full,ART-MAPPO,case2,705,15,11,4,2,False,False,3,1,0,0.10740740740740841,0.3398662780821126,2.3728748725653843,60.45000000000001
full,ART-MAPPO,case2,705,16,9,3,3,False,False,3,1,0,0.025925925925926824,0.3748954693300237,2.3953440648303057,60.35
full,ART-MAPPO,case2,705,17,9,3,2,False,False,3,1,0,3.4888888888888894,0.37138147916347924,2.280817032017205,60.46666666666667
full,ART-MAPPO,case2,705,18,8,3,2,False,False,2,1,0,0.04999999999999953,0.4436142825298949,2.4632192551976315,58.625
full,ART-MAPPO,case2,705,19,9,3,2,False,False,3,1,0,3.4888888888888894,0.5924725894335225,2.325009630625248,60.43333333333334
full,ART-MAPPO,case2,705,20,9,3,2,False,False,3,1,0,3.451851851851852,0.46909285091396313,2.3592780680769976,60.416666666666664
no_trust,w/o Trust,case1,701,1,19,8,7,True,False,7,1,0,0.0134920634920634,0.30115718344024306,1.614594161169433,35.98571428571429
no_trust,w/o Trust,case1,701,2,20,8,8,True,True,8,1,1,0.011805555555555475,0.35928838226166104,2.1212155735568192,36.60625
no_trust,w/o Trust,case1,701,3,20,8,8,True,True,8,1,1,0.014583333333333393,0.2847412465264214,1.7367000957786163,36.60625
no_trust,w/o Trust,case1,701,4,19,8,7,True,False,7,1,0,0.013095238095238366,0.29544306172417023,1.9305905807789576,36.464285714285715
no_trust,w/o Trust,case1,701,5,19,8,7,True,False,7,1,0,0.016666666666666736,0.3430769595209871,1.928468772897858,36.6
no_trust,w/o Trust,case1,701,6,20,8,8,True,True,8,1,1,0.014583333333333393,0.3075683865867439,1.9054038404658649,36.60625
no_trust,w/o Trust,case1,701,7,20,8,8,True,True,8,1,1,0.005902777777777738,0.2935691309036994,1.8119771973999794,36.60625
no_trust,w/o Trust,case1,701,8,20,8,8,True,True,8,1,1,0.011805555555555475,0.2917417586201034,1.716912367057378,36.60625
no_trust,w/o Trust,case1,701,9,20,8,8,True,True,8,1,1,0.014583333333333393,0.3272819501854629,1.8037940762070301,36.60625
no_trust,w/o Trust,case1,701,10,19,8,7,True,False,7,1,0,0.013095238095238366,0.2268201384125151,1.8053679208016746,35.98571428571429
no_trust,w/o Trust,case1,701,11,20,8,8,True,True,8,1,1,0.011805555555555475,0.31215410734233423,1.737556726910396,36.612500000000004
no_trust,w/o Trust,case1,701,12,20,8,8,True,True,8,1,1,0.005902777777777738,0.2883790359944008,1.6466283533407804,36.60625
no_trust,w/o Trust,case1,701,13,20,8,8,True,True,8,1,1,0.008680555555555653,0.23420943198806923,1.7553858302475516,36.60625
no_trust,w/o Trust,case1,701,14,20,8,8,True,True,8,1,1,0.00902777777777756,0.3376588901211121,1.9055473472968032,36.612500000000004
no_trust,w/o Trust,case1,701,15,20,8,8,True,True,8,1,1,0.014930555555555742,0.2865204765984564,1.8440116193068077,36.612500000000004
no_trust,w/o Trust,case1,701,16,20,8,8,True,True,8,1,1,0.008680555555555653,0.2623946572290292,1.5058355026100028,36.60625
no_trust,w/o Trust,case1,701,17,20,8,8,True,True,8,1,1,0.014930555555555742,0.33083341305094716,1.7394821277677797,36.612500000000004
no_trust,w/o Trust,case1,701,18,20,8,8,True,True,8,1,1,0.014930555555555298,0.2846836435806551,1.7558733145963354,36.612500000000004
no_trust,w/o Trust,case1,701,19,19,8,7,True,False,7,1,0,0.0134920634920634,0.2965645865641213,1.9386876488334626,35.98571428571429
no_trust,w/o Trust,case1,701,20,20,8,8,True,True,8,1,1,0.008680555555555653,0.29985658448605,1.9936203489311373,36.6
no_trust,w/o Trust,case1,702,1,20,8,8,True,True,8,1,1,0.008680555555555063,0.23864974357820418,1.5387554109925965,33.96875
no_trust,w/o Trust,case1,702,2,20,8,8,True,True,8,1,1,0.014583333333332801,0.3105083578508862,1.6855172200478505,33.975
no_trust,w/o Trust,case1,702,3,20,8,8,True,True,8,1,1,0.014583333333332801,0.25715939197102833,1.6348047217659638,33.975
no_trust,w/o Trust,case1,702,4,20,8,8,True,True,8,1,1,0.011458333333332979,0.2593154401763317,1.5807043068765216,33.975
no_trust,w/o Trust,case1,702,5,20,8,8,True,True,8,1,1,0.011458333333332979,0.22910607319101567,1.4559793525334632,33.975
no_trust,w/o Trust,case1,702,6,20,8,8,True,True,8,1,1,0.014583333333332801,0.27227090550035116,1.604408818486414,33.975
no_trust,w/o Trust,case1,702,7,20,8,8,True,True,8,1,1,0.011458333333332979,0.2923736343105556,1.4933020668595731,33.975
no_trust,w/o Trust,case1,702,8,20,8,8,True,True,8,1,1,0.014583333333332801,0.27450958954172,1.5626889156580495,33.975
no_trust,w/o Trust,case1,702,9,20,8,8,True,True,8,1,1,0.011458333333332979,0.2427906662479562,1.4489474431946092,33.975
no_trust,w/o Trust,case1,702,10,20,8,8,True,True,8,1,1,0.008680555555555063,0.25503551850992706,1.5579346434719534,33.96875
no_trust,w/o Trust,case1,702,11,20,8,8,True,True,8,1,1,0.008333333333333156,0.28535292080733693,1.450504386192513,33.975
no_trust,w/o Trust,case1,702,12,20,8,8,True,True,8,1,1,0.014583333333332801,0.22205192949772476,1.6294782490477284,33.975
no_trust,w/o Trust,case1,702,13,20,8,8,True,True,8,1,1,0.011458333333332979,0.28401609991503884,1.5749487099021837,33.975
no_trust,w/o Trust,case1,702,14,20,8,8,True,True,8,1,1,0.014583333333332801,0.2628048576408607,1.5593843440747066,33.975
no_trust,w/o Trust,case1,702,15,20,8,8,True,True,8,1,1,0.011458333333332979,0.18509874830967676,1.4811104097818997,33.975
no_trust,w/o Trust,case1,702,16,20,8,8,True,True,8,1,1,0.014583333333332801,0.2778056826312628,1.786161079981909,33.975
no_trust,w/o Trust,case1,702,17,20,8,8,True,True,8,1,1,0.014583333333332801,0.27878057929927413,1.7885056789468297,33.975
no_trust,w/o Trust,case1,702,18,20,8,8,True,True,8,1,1,0.011458333333332979,0.2695468314241948,1.5063712947231052,33.975
no_trust,w/o Trust,case1,702,19,20,8,8,True,True,8,1,1,0.011458333333332979,0.2563364809267628,1.33055052145935,33.975
no_trust,w/o Trust,case1,702,20,20,8,8,True,True,8,1,1,0.014583333333332801,0.274723862778255,1.5347232679405118,33.975
no_trust,w/o Trust,case1,703,1,20,8,8,True,True,8,1,1,0.011458333333332979,0.26997431191140003,1.7004142215638614,35.4375
no_trust,w/o Trust,case1,703,2,20,8,8,True,True,8,1,1,0.011458333333332979,0.30396307539126066,1.7884397684948952,35.4375
no_trust,w/o Trust,case1,703,3,20,8,8,True,True,8,1,1,0.014583333333332801,0.2407824583643498,1.9876741717050066,35.4375
no_trust,w/o Trust,case1,703,4,20,8,8,True,True,8,1,1,0.011458333333332979,0.262864626743038,1.85056785290432,35.4375
no_trust,w/o Trust,case1,703,5,20,8,8,True,True,8,1,1,0.011458333333332979,0.2335749760265658,1.6018336380291356,35.4375
no_trust,w/o Trust,case1,703,6,20,8,8,True,True,8,1,1,0.011458333333332979,0.2831637338741995,1.680192044369294,35.4375
no_trust,w/o Trust,case1,703,7,20,8,8,True,True,8,1,1,0.011458333333332979,0.22312846680451354,1.498189446268676,35.4375
no_trust,w/o Trust,case1,703,8,20,8,8,True,True,8,1,1,0.014583333333333245,0.2908952222300997,1.7984208778235118,35.44375
no_trust,w/o Trust,case1,703,9,20,8,8,True,True,8,1,1,0.011458333333332979,0.2887346840339265,1.844232563516531,35.4375
no_trust,w/o Trust,case1,703,10,20,8,8,True,True,8,1,1,0.011458333333332979,0.27430491070026664,1.6925196102498652,35.4375
no_trust,w/o Trust,case1,703,11,20,8,8,True,True,8,1,1,0.011458333333332979,0.32762247439707387,1.9234804171050315,35.4375
no_trust,w/o Trust,case1,703,12,19,8,7,True,False,7,1,0,0.01349206349206357,0.31941114321554753,1.9647971873583339,35.00714285714286
no_trust,w/o Trust,case1,703,13,20,8,8,True,True,8,1,1,0.011458333333332979,0.32444500538015514,1.7632982244669582,35.4375
no_trust,w/o Trust,case1,703,14,20,8,8,True,True,8,1,1,0.011458333333332979,0.26446535496810186,1.8084142640776428,35.4375
no_trust,w/o Trust,case1,703,15,20,8,8,True,True,8,1,1,0.011458333333332979,0.27598670601422837,1.6023057908135023,35.4375
no_trust,w/o Trust,case1,703,16,19,8,7,True,False,7,1,0,0.01309523809523769,0.2363937097386434,1.7590373969298376,34.81428571428572
no_trust,w/o Trust,case1,703,17,20,8,8,True,True,8,1,1,0.011458333333332979,0.26492488364160316,1.8749282392504376,35.4375
no_trust,w/o Trust,case1,703,18,20,8,8,True,True,8,1,1,0.014583333333332801,0.2420033921374746,1.7342432326784558,35.4375
no_trust,w/o Trust,case1,703,19,19,8,7,True,False,7,1,0,0.01309523809523769,0.21436032994776757,1.6317393908540923,34.81428571428572
no_trust,w/o Trust,case1,703,20,20,8,8,True,True,8,1,1,0.011458333333332979,0.32379420904033085,1.8825202298717225,35.4375
no_trust,w/o Trust,case1,704,1,20,8,8,True,True,8,1,1,0.020486111111110837,0.2860443055111075,2.0689545420477375,37.14375
no_trust,w/o Trust,case1,704,2,20,8,8,True,True,8,1,1,0.01736111111111042,0.2670565775288286,1.977148430858067,37.14375
no_trust,w/o Trust,case1,704,3,20,8,8,True,True,8,1,1,0.018749999999999822,0.27003093992361904,1.9979842549661242,37.14375
no_trust,w/o Trust,case1,704,4,20,8,8,True,True,8,1,1,0.018749999999999822,0.3096074669752789,2.1269721389045113,37.14375
no_trust,w/o Trust,case1,704,5,20,8,8,True,True,8,1,1,0.017361111111111015,0.28271161742227235,2.0062264789902393,37.137499999999996
no_trust,w/o Trust,case1,704,6,20,8,8,True,True,8,1,1,0.02361111111111066,0.2902059804618736,1.8786407113363541,37.14375
no_trust,w/o Trust,case1,704,7,19,8,7,True,False,7,1,0,0.019841269841269053,0.24904458378713862,2.0099962159341573,36.58571428571429
no_trust,w/o Trust,case1,704,8,20,8,8,True,True,8,1,1,0.018749999999999822,0.3153877277432759,1.7713148677965864,37.15
no_trust,w/o Trust,case1,704,9,20,8,8,True,True,8,1,1,0.015625,0.2878729893784582,1.7745533435050285,37.14375
no_trust,w/o Trust,case1,704,10,20,8,8,True,True,8,1,1,0.023611111111110066,0.32910995950714084,1.7512866946087193,37.15
no_trust,w/o Trust,case1,704,11,20,8,8,True,True,8,1,1,0.020486111111110244,0.41110705428184846,1.8854416680938886,37.15
no_trust,w/o Trust,case1,704,12,20,8,8,True,True,8,1,1,0.018750000000000266,0.23835868493550313,1.8076550277998433,37.15
no_trust,w/o Trust,case1,704,13,20,8,8,True,True,8,1,1,0.017361111111111015,0.23712374741620634,1.963675594460791,37.137499999999996
no_trust,w/o Trust,case1,704,14,20,8,8,True,True,8,1,1,0.01423611111111119,0.34972039640338226,2.2909758669814577,37.125
no_trust,w/o Trust,case1,704,15,20,8,8,True,True,8,1,1,0.01736111111111042,0.30263584341661154,1.8552328261925108,37.14375
no_trust,w/o Trust,case1,704,16,20,8,8,True,True,8,1,1,0.01736111111111042,0.33484765791765453,2.05388742518704,37.14375
no_trust,w/o Trust,case1,704,17,20,8,8,True,True,8,1,1,0.014236111111110599,0.29483889147420217,1.8747240218135937,37.14375
no_trust,w/o Trust,case1,704,18,20,8,8,True,True,8,1,1,0.020486111111110244,0.2502707203421672,1.8770582288340725,37.14375
no_trust,w/o Trust,case1,704,19,20,8,8,True,True,8,1,1,0.020486111111110244,0.29182806461746535,1.940596683989409,37.15
no_trust,w/o Trust,case1,704,20,20,8,8,True,True,8,1,1,0.02361111111111066,0.2591702081760984,2.0574311751140373,37.14375
no_trust,w/o Trust,case1,705,1,20,8,8,True,True,8,1,1,0.011458333333333423,0.2895166194321027,1.661065685903128,35.26875
no_trust,w/o Trust,case1,705,2,20,8,8,True,True,8,1,1,0.011458333333333423,0.2734419211791954,1.6198137930876315,35.26875
no_trust,w/o Trust,case1,705,3,20,8,8,True,True,8,1,1,0.011458333333333423,0.2731550128264545,1.5043398707530473,35.26875
no_trust,w/o Trust,case1,705,4,20,8,8,True,True,8,1,1,0.011458333333333423,0.22884954591637766,1.5333817138356172,35.26875
no_trust,w/o Trust,case1,705,5,20,8,8,True,True,8,1,1,0.011458333333333423,0.2401167844488412,1.5730942926036278,35.26875
no_trust,w/o Trust,case1,705,6,20,8,8,True,True,8,1,1,0.014236111111111338,0.29233958146318706,1.7142855802168664,35.275
no_trust,w/o Trust,case1,705,7,20,8,8,True,True,8,1,1,0.011458333333333423,0.21158562492398392,1.6935573748896195,35.26875
no_trust,w/o Trust,case1,705,8,19,8,7,True,False,7,1,0,0.013095238095238198,0.2606555433619183,1.6189559500102555,34.76428571428572
no_trust,w/o Trust,case1,705,9,20,8,8,True,True,8,1,1,0.011458333333333423,0.27754094803614643,1.6343520314076898,35.26875
no_trust,w/o Trust,case1,705,10,20,8,8,True,True,8,1,1,0.011458333333333423,0.2745730528271157,1.8878269329015283,35.26875
no_trust,w/o Trust,case1,705,11,20,8,8,True,True,8,1,1,0.011458333333333423,0.30681435951119307,1.5735908905773286,35.26875
no_trust,w/o Trust,case1,705,12,20,8,8,True,True,8,1,1,0.011458333333333423,0.27278088043934257,1.7153743686757346,35.26875
no_trust,w/o Trust,case1,705,13,20,8,8,True,True,8,1,1,0.011458333333333423,0.3165121909099654,1.6085472918742445,35.26875
no_trust,w/o Trust,case1,705,14,20,8,8,True,True,8,1,1,0.011458333333333423,0.22720851750146348,1.6154408389418895,35.26875
no_trust,w/o Trust,case1,705,15,20,8,8,True,True,8,1,1,0.011458333333333423,0.259228406746712,1.7091478797141595,35.26875
no_trust,w/o Trust,case1,705,16,20,8,8,True,True,8,1,1,0.011458333333333423,0.2222758960816106,1.4455747714584322,35.26875
no_trust,w/o Trust,case1,705,17,20,8,8,True,True,8,1,1,0.011458333333333423,0.2297890243477821,1.5740140736999826,35.26875
no_trust,w/o Trust,case1,705,18,20,8,8,True,True,8,1,1,0.008333333333333156,0.3202868898627612,1.7362514079801974,35.26875
no_trust,w/o Trust,case1,705,19,20,8,8,True,True,8,1,1,0.011458333333333423,0.273430261713802,1.676344250449742,35.26875
no_trust,w/o Trust,case1,705,20,20,8,8,True,True,8,1,1,0.011458333333333423,0.23875389940494485,1.7241811396960949,35.26875
no_trust,w/o Trust,case2,701,1,2,1,0,False,False,0,0,0,nan,nan,nan,nan
no_trust,w/o Trust,case2,701,2,2,2,0,False,False,0,0,0,nan,nan,nan,nan
no_trust,w/o Trust,case2,701,3,2,1,0,False,False,0,0,0,nan,nan,nan,nan
no_trust,w/o Trust,case2,701,4,1,1,0,False,False,0,0,0,nan,nan,nan,nan
no_trust,w/o Trust,case2,701,5,2,1,0,False,False,0,0,0,nan,nan,nan,nan
no_trust,w/o Trust,case2,701,6,2,1,0,False,False,0,0,0,nan,nan,nan,nan
no_trust,w/o Trust,case2,701,7,3,1,1,False,False,1,1,0,0.02222222222222096,0.7707468414913045,2.8184448981069266,53.8
no_trust,w/o Trust,case2,701,8,1,1,0,False,False,0,0,0,nan,nan,nan,nan
no_trust,w/o Trust,case2,701,9,1,1,0,False,False,0,0,0,nan,nan,nan,nan
no_trust,w/o Trust,case2,701,10,2,1,0,False,False,0,0,0,nan,nan,nan,nan
no_trust,w/o Trust,case2,701,11,2,1,0,False,False,0,0,0,nan,nan,nan,nan
no_trust,w/o Trust,case2,701,12,3,1,1,False,False,1,1,0,0.0,0.8045616381386868,2.789788193030328,53.85
no_trust,w/o Trust,case2,701,13,1,1,0,False,False,0,0,0,nan,nan,nan,nan
no_trust,w/o Trust,case2,701,14,2,1,0,False,False,0,0,0,nan,nan,nan,nan
no_trust,w/o Trust,case2,701,15,1,1,0,False,False,0,0,0,nan,nan,nan,nan
no_trust,w/o Trust,case2,701,16,2,1,0,False,False,0,0,0,nan,nan,nan,nan
no_trust,w/o Trust,case2,701,17,0,0,0,False,False,0,0,0,nan,nan,nan,nan
no_trust,w/o Trust,case2,701,18,0,0,0,False,False,0,0,0,nan,nan,nan,nan
no_trust,w/o Trust,case2,701,19,1,1,0,False,False,0,0,0,nan,nan,nan,nan
no_trust,w/o Trust,case2,701,20,2,1,0,False,False,0,0,0,nan,nan,nan,nan
no_trust,w/o Trust,case2,702,1,11,4,3,False,False,4,1,0,0.16736111111111285,0.36386589411069764,2.469982904508603,63.7125
no_trust,w/o Trust,case2,702,2,13,5,3,False,False,5,1,0,0.10833333333333287,0.3947197473035663,2.491218122837721,65.27000000000001
no_trust,w/o Trust,case2,702,3,11,4,3,False,False,4,1,0,0.3194444444444435,0.2667191258632416,2.2433416694967523,64.125
no_trust,w/o Trust,case2,702,4,11,5,2,False,False,3,1,0,0.22592592592592495,0.34760916451388807,2.4015940775144347,61.25
no_trust,w/o Trust,case2,702,5,11,4,3,False,False,4,1,0,0.15625000000000178,0.3510244661147709,2.2457975821373584,63.53750000000001
no_trust,w/o Trust,case2,702,6,11,4,3,False,False,4,1,0,0.09930555555555583,0.3265393666600744,2.4851022488672383,64.0375
no_trust,w/o Trust,case2,702,7,12,5,3,False,False,4,1,0,0.19444444444444522,0.306832492045509,2.4147979646609623,63.8375
no_trust,w/o Trust,case2,702,8,11,4,3,False,False,4,1,0,0.08611111111111096,0.3303226258507499,2.3159397698727147,63.425000000000004
no_trust,w/o Trust,case2,702,9,12,5,3,False,False,4,1,0,0.2756944444444466,0.31548494209541034,2.3383151761592513,64.1875
no_trust,w/o Trust,case2,702,10,11,4,3,False,False,4,1,0,0.245138888888888,0.3681293068239424,2.2401197746810615,64.1375
no_trust,w/o Trust,case2,702,11,13,5,4,False,False,5,1,0,0.15111111111111059,0.3760809806704117,2.166974013321969,65.66
no_trust,w/o Trust,case2,702,12,11,4,3,False,False,4,1,0,0.08055555555555453,0.4039024395372648,2.080814587821073,63.52499999999999
no_trust,w/o Trust,case2,702,13,11,4,3,False,False,4,1,0,0.2840277777777782,0.37376655568369416,2.282930323845824,64.225
no_trust,w/o Trust,case2,702,14,11,4,3,False,False,4,1,0,0.10833333333333546,0.31391702857239157,2.438513930450996,63.6875
no_trust,w/o Trust,case2,702,15,11,4,3,False,False,4,1,0,0.0944444444444444,0.3614320689021395,2.375229695305276,63.5125
no_trust,w/o Trust,case2,702,16,11,4,3,False,False,4,1,0,0.07291666666666607,0.3306036812942356,2.348172864281105,63.89999999999999
no_trust,w/o Trust,case2,702,17,13,5,4,False,False,5,1,0,0.148333333333332,0.3753166108809104,2.1370858991290245,65.94
no_trust,w/o Trust,case2,702,18,13,5,3,False,False,5,1,0,0.12888888888889008,0.27224536362238744,2.304111398653203,65.36
no_trust,w/o Trust,case2,702,19,11,4,3,False,False,4,1,0,0.09513888888888762,0.2619111391908151,2.204949419731483,63.575
no_trust,w/o Trust,case2,702,20,12,5,3,False,False,4,1,0,0.2333333333333325,0.3976062625940204,2.321744957210985,63.8125
no_trust,w/o Trust,case2,703,1,6,2,1,False,False,2,1,0,0.2055555555555557,0.29422559568605766,2.2833102965791556,55.925000000000004
no_trust,w/o Trust,case2,703,2,6,2,1,False,False,2,1,0,0.705555555555558,0.3952757160580377,2.2663604339533125,57.300000000000004
no_trust,w/o Trust,case2,703,3,6,2,1,False,False,2,1,0,0.21111111111111094,0.3084261972854718,2.2799280648030225,56.65
no_trust,w/o Trust,case2,703,4,6,2,1,False,False,2,1,0,0.11111111111110952,0.3477069691895119,1.9319374311300652,55.725
no_trust,w/o Trust,case2,703,5,6,2,1,False,False,2,1,0,0.3555555555555567,0.35423887887962024,2.0098448318445032,57.050000000000004
no_trust,w/o Trust,case2,703,6,8,3,2,False,False,3,1,0,0.2509259259259243,0.3685255040736557,2.032358252727123,61.96666666666666
no_trust,w/o Trust,case2,703,7,6,2,1,False,False,2,1,0,0.24999999999999764,0.31066715882702917,1.8429019980802495,56.25
no_trust,w/o Trust,case2,703,8,6,2,1,False,False,2,1,0,0.3611111111111095,0.33100224819488266,2.0435782660983106,56.675
no_trust,w/o Trust,case2,703,9,6,2,1,False,False,2,1,0,0.44444444444444525,0.31299895230881225,2.351496790929786,56.85
no_trust,w/o Trust,case2,703,10,6,2,1,False,False,2,1,0,0.43888888888889,0.33528699082925095,2.129583514816376,57.025
no_trust,w/o Trust,case2,703,11,6,2,1,False,False,2,1,0,0.23333333333333192,0.3652457380438412,1.9376885443929135,56.275
no_trust,w/o Trust,case2,703,12,7,3,1,False,False,2,1,0,0.4611111111111133,0.29745632439529096,2.1733770324771635,56.85
no_trust,w/o Trust,case2,703,13,7,3,1,False,False,2,1,0,0.3388888888888886,0.27727750216283964,2.261573080911008,57.125
no_trust,w/o Trust,case2,703,14,6,2,1,False,False,2,1,0,0.1999999999999981,0.4095882977253678,2.4008429081201372,56.125
no_trust,w/o Trust,case2,703,15,6,2,1,False,False,2,1,0,0.26111111111111046,0.3300765334448464,1.9594422348496159,57.5
no_trust,w/o Trust,case2,703,16,6,2,2,False,False,2,1,0,0.07222222222222521,0.3844698525363691,2.024460156642454,56.325
no_trust,w/o Trust,case2,703,17,7,3,1,False,False,2,1,0,0.1444444444444457,0.34147929906598695,2.2691549482778264,56.25
no_trust,w/o Trust,case2,703,18,6,2,1,False,False,2,1,0,0.41111111111110904,0.2000573989258202,2.2956879400804846,56.95
no_trust,w/o Trust,case2,703,19,7,3,1,False,False,2,1,0,0.3333333333333333,0.3922623426237839,2.1030700903494726,56.225
no_trust,w/o Trust,case2,703,20,6,2,1,False,False,2,1,0,0.16111111111110907,0.2927045360179669,2.381036285001805,56.325
no_trust,w/o Trust,case2,704,1,8,3,2,False,False,2,1,0,0.01111111111110811,0.3028751685140992,2.529777909757652,68.725
no_trust,w/o Trust,case2,704,2,8,3,2,False,False,2,1,0,0.02222222222222333,0.3218184554217576,2.059367537876788,68.75
no_trust,w/o Trust,case2,704,3,9,3,2,False,False,3,1,0,3.696296296296298,0.3882205468508058,2.3131770454405443,67.38333333333334
no_trust,w/o Trust,case2,704,4,9,3,3,False,False,3,1,0,0.007407407407405407,0.4373222291923004,2.0663870273478877,59.166666666666664
no_trust,w/o Trust,case2,704,5,9,3,3,False,False,3,1,0,0.007407407407405407,0.45767550418559716,2.343658036580028,59.06666666666666
no_trust,w/o Trust,case2,704,6,9,3,3,False,False,3,1,0,0.014814814814812394,0.3807141666818059,2.239898943464009,59.083333333333336
no_trust,w/o Trust,case2,704,7,9,3,2,False,False,3,1,0,3.5592592592592602,0.4876906184505631,2.299336259310758,67.06666666666666
no_trust,w/o Trust,case2,704,8,9,3,3,False,False,3,1,0,0.022222222222222542,0.3766275344149413,2.1944577873537354,59.13333333333335
no_trust,w/o Trust,case2,704,9,9,3,2,False,False,3,1,0,3.625925925925926,0.4656774858049193,2.4946659517953353,67.2
no_trust,w/o Trust,case2,704,10,9,3,3,False,False,3,1,0,0.02222222222222096,0.36797113976746126,2.354017883775507,59.116666666666674
no_trust,w/o Trust,case2,704,11,9,3,2,False,False,3,1,0,3.5629629629629602,0.4495779124545633,2.3433662547902485,67.14999999999999
no_trust,w/o Trust,case2,704,12,9,3,2,False,False,3,1,0,3.5222222222222244,0.4010374025558338,2.379961549608703,67.05000000000001
no_trust,w/o Trust,case2,704,13,9,3,2,False,False,3,1,0,3.6037037037037045,0.29872703099689724,2.3877162119003725,67.16666666666667
no_trust,w/o Trust,case2,704,14,9,3,2,False,False,3,1,0,3.729629629629629,0.2902672584934581,2.273780403450841,67.41666666666667
no_trust,w/o Trust,case2,704,15,9,3,3,False,False,3,1,0,0.022222222222222542,0.4799324366117981,1.9359728986119753,59.06666666666666
no_trust,w/o Trust,case2,704,16,9,3,2,False,False,3,1,0,3.68888888888889,0.44018832162683325,2.1428811693442396,67.5
no_trust,w/o Trust,case2,704,17,9,3,2,False,False,3,1,0,3.5037037037037067,0.41683883002961936,2.329589002156716,66.96666666666667
no_trust,w/o Trust,case2,704,18,9,3,3,False,False,3,1,0,0.007407407407408566,0.49711939885725026,2.1495965691231373,59.20000000000001
no_trust,w/o Trust,case2,704,19,9,3,3,False,False,3,1,0,0.022222222222222542,0.3408012584480484,2.1118749960404144,59.13333333333335
no_trust,w/o Trust,case2,704,20,9,3,3,False,False,3,1,0,0.02222222222222096,0.43083096029956575,2.105565679353853,59.06666666666666
no_trust,w/o Trust,case2,705,1,8,3,3,False,False,3,1,0,0.033333333333333014,0.389379936657148,2.8319272071691337,62.083333333333336
no_trust,w/o Trust,case2,705,2,7,3,2,False,False,2,1,0,0.04027777777777786,0.5011322492507251,2.6601492833778932,69.55
no_trust,w/o Trust,case2,705,3,7,3,2,False,False,2,1,0,0.04444444444444784,0.3531670655434662,2.4021248577036585,57.1
no_trust,w/o Trust,case2,705,4,8,3,3,False,False,3,1,0,0.029629629629629523,0.4262767077952903,2.3139629883825967,62.11666666666667
no_trust,w/o Trust,case2,705,5,8,3,3,False,False,3,1,0,0.025925925925928402,0.396899948241181,2.5304081100719023,62.083333333333336
no_trust,w/o Trust,case2,705,6,8,3,3,False,False,3,1,0,0.022222222222226487,0.24869526410608636,2.267250611807274,62.1
no_trust,w/o Trust,case2,705,7,8,3,3,False,False,3,1,0,0.04537037037037015,0.42660361467358304,2.5985465728711907,62.1
no_trust,w/o Trust,case2,705,8,8,3,3,False,False,3,1,0,0.03425925925926126,0.4350594979099136,2.503508270996376,62.06666666666667
no_trust,w/o Trust,case2,705,9,8,3,3,False,False,3,1,0,0.04444444444444507,0.4660842021033935,2.447250954633996,62.13333333333333
no_trust,w/o Trust,case2,705,10,8,3,3,False,False,3,1,0,0.007407407407406987,0.32089404394299886,2.4521289051422834,62.03333333333333
no_trust,w/o Trust,case2,705,11,8,3,3,False,False,3,1,0,0.022222222222222535,0.27469142383330275,2.614550575974422,62.06666666666667
no_trust,w/o Trust,case2,705,12,8,3,3,False,False,3,1,0,0.04814814814814778,0.5114761911487157,2.7013722231357407,62.133333333333326
no_trust,w/o Trust,case2,705,13,8,3,3,False,False,3,1,0,0.022222222222222535,0.36224286488931146,2.5321775589052384,62.050000000000004
no_trust,w/o Trust,case2,705,14,8,3,3,False,False,3,1,0,0.025925925925926033,0.3032624099765823,2.5716685531723935,62.06666666666666
no_trust,w/o Trust,case2,705,15,8,3,3,False,False,3,1,0,0.033333333333333014,0.33327325852061956,2.4329247676801065,62.06666666666666
no_trust,w/o Trust,case2,705,16,8,3,3,False,False,3,1,0,0.0444444444444435,0.3434870920150112,2.5045472015366124,62.11666666666667
no_trust,w/o Trust,case2,705,17,8,3,3,False,False,3,1,0,0.040740740740742375,0.4463312233673327,2.568136560569149,62.116666666666674
no_trust,w/o Trust,case2,705,18,8,3,3,False,False,3,1,0,0.02592592592592761,0.28223055191382024,2.487478987543822,62.083333333333336
no_trust,w/o Trust,case2,705,19,8,3,3,False,False,3,1,0,0.02222222222222096,0.46258091326199074,2.4901693109122927,62.083333333333336
no_trust,w/o Trust,case2,705,20,8,3,3,False,False,3,1,0,0.029629629629631893,0.3892798852609922,2.6422958189859265,62.116666666666674
no_gru,w/o GRU,case1,701,1,20,8,8,True,True,8,1,1,0.017361111111110644,0.2991890824217277,1.6465341997090297,35.3125
no_gru,w/o GRU,case1,701,2,20,8,8,True,True,8,1,1,0.01770833333333329,0.28551212223338346,1.7083042040478857,35.31875
no_gru,w/o GRU,case1,701,3,20,8,8,True,True,8,1,1,0.017361111111110644,0.26332858970765005,1.903370689613479,35.3125
no_gru,w/o GRU,case1,701,4,20,8,8,True,True,8,1,1,0.017361111111110644,0.293021213599573,1.5542751312278325,35.31875
no_gru,w/o GRU,case1,701,5,20,8,8,True,True,8,1,1,0.014583333333333023,0.25655657583455094,1.5252087078357426,35.31875
no_gru,w/o GRU,case1,701,6,20,8,8,True,True,8,1,1,0.014236111111110599,0.17931525965891218,1.5977695428038532,35.31875
no_gru,w/o GRU,case1,701,7,20,8,8,True,True,8,1,1,0.017361111111110644,0.2569475707111864,1.6661549732006982,35.3125
no_gru,w/o GRU,case1,701,8,20,8,8,True,True,8,1,1,0.014236111111110599,0.33131242201439054,1.6382781475150936,35.31875
no_gru,w/o GRU,case1,701,9,20,8,8,True,True,8,1,1,0.017361111111110866,0.2474859384776694,1.5611282078860453,35.31875
no_gru,w/o GRU,case1,701,10,20,8,8,True,True,8,1,1,0.014236111111110599,0.24280981999838086,1.5756977072386755,35.31875
no_gru,w/o GRU,case1,701,11,20,8,8,True,True,8,1,1,0.014236111111110599,0.2596177085598324,1.4197426073720925,35.31875
no_gru,w/o GRU,case1,701,12,19,8,7,True,False,7,1,0,0.016666666666666226,0.24410579245314068,1.460375160367038,34.8
no_gru,w/o GRU,case1,701,13,20,8,8,True,True,8,1,1,0.014236111111110599,0.2954464032398947,1.5484705653406152,35.31875
no_gru,w/o GRU,case1,701,14,20,8,8,True,True,8,1,1,0.014236111111110894,0.30585653029830084,1.5928572974612205,35.31875
no_gru,w/o GRU,case1,701,15,20,8,8,True,True,8,1,1,0.02048611111111091,0.26654178695068237,1.7482148044216599,35.31875
no_gru,w/o GRU,case1,701,16,20,8,8,True,True,8,1,1,0.017361111111110866,0.2970688475453219,1.7025909477127228,35.31875
no_gru,w/o GRU,case1,701,17,20,8,8,True,True,8,1,1,0.011458333333332979,0.3005294720942842,1.6898839189376689,35.30625
no_gru,w/o GRU,case1,701,18,20,8,8,True,True,8,1,1,0.014583333333333023,0.29545679867061525,1.529229049789322,35.31875
no_gru,w/o GRU,case1,701,19,20,8,8,True,True,8,1,1,0.02048611111111091,0.2419121699143113,1.7508819123871335,35.31875
no_gru,w/o GRU,case1,701,20,20,8,8,True,True,8,1,1,0.017361111111110644,0.2578534500233213,1.8363705478102852,35.3125
no_gru,w/o GRU,case1,702,1,20,8,8,True,True,8,1,1,0.014930555555555374,0.3102417633401531,1.7387173675170415,35.26875
no_gru,w/o GRU,case1,702,2,20,8,8,True,True,8,1,1,0.014583333333333245,0.2846949190146646,1.8448054447101176,35.26875
no_gru,w/o GRU,case1,702,3,20,8,8,True,True,8,1,1,0.011805555555555552,0.2860777847426209,1.561478603760981,35.26875
no_gru,w/o GRU,case1,702,4,20,8,8,True,True,8,1,1,0.020486111111111205,0.2501186795210664,1.5910628655611694,35.28125
no_gru,w/o GRU,case1,702,5,20,8,8,True,True,8,1,1,0.008680555555555507,0.21239926533289535,1.68026742566529,35.2625
no_gru,w/o GRU,case1,702,6,20,8,8,True,True,8,1,1,0.014236111111111043,0.2931351070354208,1.7153139908022534,35.262499999999996
no_gru,w/o GRU,case1,702,7,20,8,8,True,True,8,1,1,0.011805555555555552,0.31222246320335356,1.5940200356501908,35.26875
no_gru,w/o GRU,case1,702,8,20,8,8,True,True,8,1,1,0.011805555555555552,0.24024588275236292,1.6775461070112256,35.2625
no_gru,w/o GRU,case1,702,9,20,8,8,True,True,8,1,1,0.008680555555555507,0.27509554704990336,1.7685719143016054,35.2625
no_gru,w/o GRU,case1,702,10,20,8,8,True,True,8,1,1,0.014583333333333023,0.24145132951397694,1.769812466011909,35.26875
no_gru,w/o GRU,case1,702,11,19,8,7,True,False,7,1,0,0.01666666666666665,0.26117869093738744,1.6103594721089909,34.74285714285714
no_gru,w/o GRU,case1,702,12,20,8,8,True,True,8,1,1,0.014583333333333467,0.284230020485837,1.6229284635228756,35.275
no_gru,w/o GRU,case1,702,13,20,8,8,True,True,8,1,1,0.014236111111111338,0.2887388256534361,1.468276742368084,35.28125
no_gru,w/o GRU,case1,702,14,20,8,8,True,True,8,1,1,0.01180555555555533,0.276984754238493,1.7309880246910088,35.2625
no_gru,w/o GRU,case1,702,15,20,8,8,True,True,8,1,1,0.014930555555555152,0.29686216788368586,1.8957245510484133,35.26875
no_gru,w/o GRU,case1,702,16,20,8,8,True,True,8,1,1,0.008680555555555507,0.27910861698681555,1.693668398907601,35.256249999999994
no_gru,w/o GRU,case1,702,17,20,8,8,True,True,8,1,1,0.011805555555555552,0.2877073755169341,1.5938499959923982,35.26875
no_gru,w/o GRU,case1,702,18,20,8,8,True,True,8,1,1,0.014583333333333467,0.23231234959592909,1.7495551846697626,35.26875
no_gru,w/o GRU,case1,702,19,20,8,8,True,True,8,1,1,0.008680555555555507,0.2340560301433358,1.8026560839653514,35.256249999999994
no_gru,w/o GRU,case1,702,20,20,8,8,True,True,8,1,1,0.020486111111111205,0.23664914050460722,1.4541848376385786,35.28125
no_gru,w/o GRU,case1,703,1,20,8,8,True,True,8,1,1,0.011458333333333274,0.2736925083299016,2.0411069662143646,35.225
no_gru,w/o GRU,case1,703,2,20,8,8,True,True,8,1,1,0.02048611111111106,0.32337084631132534,1.7778331749582583,35.24375
no_gru,w/o GRU,case1,703,3,20,8,8,True,True,8,1,1,0.01423611111111119,0.2578090490786194,1.942598163184392,35.23125
no_gru,w/o GRU,case1,703,4,20,8,8,True,True,8,1,1,0.014236111111110894,0.2657983607756949,1.9793823136224138,35.23125
no_gru,w/o GRU,case1,703,5,20,8,8,True,True,8,1,1,0.011458333333333274,0.25450672652529993,1.8185816862761894,35.225
no_gru,w/o GRU,case1,703,6,20,8,8,True,True,8,1,1,0.014236111111110894,0.3441151446219488,1.9630645469972658,35.23125
no_gru,w/o GRU,case1,703,7,20,8,8,True,True,8,1,1,0.014236111111110894,0.2749600714228718,1.9606776791700509,35.23125
no_gru,w/o GRU,case1,703,8,20,8,8,True,True,8,1,1,0.014236111111110894,0.24623493213929623,1.8691745810837423,35.2375
no_gru,w/o GRU,case1,703,9,20,8,8,True,True,8,1,1,0.01736111111111094,0.27273344563577273,1.9517864695464042,35.2375
no_gru,w/o GRU,case1,703,10,19,8,7,True,False,7,1,0,0.013095238095238026,0.28340911694216664,2.1045560313228235,34.70714285714286
no_gru,w/o GRU,case1,703,11,20,8,8,True,True,8,1,1,0.017361111111111015,0.25472736760830716,1.857566821314173,35.2375
no_gru,w/o GRU,case1,703,12,20,8,8,True,True,8,1,1,0.02048611111111106,0.2767917805443181,1.9515746977040842,35.24375
no_gru,w/o GRU,case1,703,13,20,8,8,True,True,8,1,1,0.011458333333333274,0.2697369466505851,1.9638324895817854,35.225
no_gru,w/o GRU,case1,703,14,19,8,7,True,False,7,1,0,0.01984126984126939,0.28189670900337077,1.7578093779580841,35.77142857142857
no_gru,w/o GRU,case1,703,15,20,8,8,True,True,8,1,1,0.008680555555555358,0.2932826608575742,1.7750326122569402,35.225
no_gru,w/o GRU,case1,703,16,20,8,8,True,True,8,1,1,0.014583333333332801,0.2693998993560428,1.8434045855657568,35.2375
no_gru,w/o GRU,case1,703,17,20,8,8,True,True,8,1,1,0.01423611111111119,0.24336427204072458,1.9727433739924365,35.23125
no_gru,w/o GRU,case1,703,18,20,8,8,True,True,8,1,1,0.011458333333333274,0.26768622998955993,1.9606965013603546,35.225
no_gru,w/o GRU,case1,703,19,20,8,8,True,True,8,1,1,0.014583333333333096,0.2559112709002651,1.8769492103993257,35.23125
no_gru,w/o GRU,case1,703,20,20,8,8,True,True,8,1,1,0.011458333333332979,0.2671531104809802,1.8557392988026615,35.23125
no_gru,w/o GRU,case1,704,1,20,8,8,True,True,8,1,1,0.01145833333333372,0.30174962177570896,1.7570367853105104,35.30625
no_gru,w/o GRU,case1,704,2,20,8,8,True,True,8,1,1,0.014236111111111338,0.24987386632571437,1.7120129509464899,35.3125
no_gru,w/o GRU,case1,704,3,20,8,8,True,True,8,1,1,0.01145833333333372,0.2327943528495134,1.7192959792371765,35.30625
no_gru,w/o GRU,case1,704,4,20,8,8,True,True,8,1,1,0.014236111111111931,0.23836471203038723,1.5693132146838096,35.30625
no_gru,w/o GRU,case1,704,5,20,8,8,True,True,8,1,1,0.01145833333333372,0.3148034939282752,1.6172289466612386,35.30625
no_gru,w/o GRU,case1,704,6,20,8,8,True,True,8,1,1,0.008680555555556099,0.2459725529334996,1.74385774973973,35.3
no_gru,w/o GRU,case1,704,7,20,8,8,True,True,8,1,1,0.014236111111111931,0.24769893444073524,1.8924159717952882,35.30625
no_gru,w/o GRU,case1,704,8,20,8,8,True,True,8,1,1,0.014583333333333986,0.29640288963835537,1.7232924609652231,35.3125
no_gru,w/o GRU,case1,704,9,19,8,7,True,False,7,1,0,0.006349206349206666,0.2771833704541344,1.8961878524936344,34.77142857142858
no_gru,w/o GRU,case1,704,10,20,8,8,True,True,8,1,1,0.01145833333333372,0.2919696771747087,1.9055194222020966,35.30625
no_gru,w/o GRU,case1,704,11,20,8,8,True,True,8,1,1,0.017708333333333808,0.3372975834735049,1.743068103372293,35.31875
no_gru,w/o GRU,case1,704,12,20,8,8,True,True,8,1,1,0.011805555555556069,0.252622478348957,1.6234945546301796,35.306250000000006
no_gru,w/o GRU,case1,704,13,19,8,7,True,False,7,1,0,0.017063492063492787,0.2570340666264334,1.801943512545421,35.83571428571428
no_gru,w/o GRU,case1,704,14,20,8,8,True,True,8,1,1,0.008680555555556099,0.3030936518754088,1.5874972800895124,35.3
no_gru,w/o GRU,case1,704,15,20,8,8,True,True,8,1,1,0.01145833333333372,0.3094282234212778,1.7583861649130061,35.30625
no_gru,w/o GRU,case1,704,16,20,8,8,True,True,8,1,1,0.014583333333333986,0.25622340272777777,1.738049856291298,35.3125
no_gru,w/o GRU,case1,704,17,20,8,8,True,True,8,1,1,0.011458333333334014,0.29917152332965025,1.5728599856507302,35.306250000000006
no_gru,w/o GRU,case1,704,18,20,8,8,True,True,8,1,1,0.01145833333333372,0.28146360101934553,1.5895254063030455,35.30625
no_gru,w/o GRU,case1,704,19,20,8,8,True,True,8,1,1,0.01145833333333372,0.26680745729958166,1.8202611078729662,35.30625
no_gru,w/o GRU,case1,704,20,20,8,8,True,True,8,1,1,0.011458333333334311,0.2238238523117715,1.8770126750972278,35.3
no_gru,w/o GRU,case1,705,1,20,8,8,True,True,8,1,1,0.011458333333332979,0.24703282216835104,1.7319082284642189,35.29375
no_gru,w/o GRU,case1,705,2,20,8,8,True,True,8,1,1,0.011458333333332979,0.19145828917273638,1.6861714662052443,35.29375
no_gru,w/o GRU,case1,705,3,20,8,8,True,True,8,1,1,0.014583333333332801,0.2694436865467769,1.577773172310152,35.29375
no_gru,w/o GRU,case1,705,4,20,8,8,True,True,8,1,1,0.011458333333332979,0.32671217093194005,1.890517678029136,35.2875
no_gru,w/o GRU,case1,705,5,20,8,8,True,True,8,1,1,0.011458333333332979,0.24397170405073745,1.7869907972473964,35.2875
no_gru,w/o GRU,case1,705,6,20,8,8,True,True,8,1,1,0.014236111111110599,0.24734269021885524,1.9631400979094982,35.29375
no_gru,w/o GRU,case1,705,7,20,8,8,True,True,8,1,1,0.017708333333332847,0.2846372140986946,1.595220202411831,35.3
no_gru,w/o GRU,case1,705,8,19,8,7,True,False,7,1,0,0.01666666666666572,0.26043481505502225,1.639882978902921,34.778571428571425
no_gru,w/o GRU,case1,705,9,20,8,8,True,True,8,1,1,0.014236111111110599,0.28171058018510814,1.8603707774277876,35.29375
no_gru,w/o GRU,case1,705,10,20,8,8,True,True,8,1,1,0.017708333333333142,0.2907955465406072,1.6507735429275139,35.306250000000006
no_gru,w/o GRU,case1,705,11,20,8,8,True,True,8,1,1,0.011458333333332979,0.2606732099417528,1.6244034624957182,35.29375
no_gru,w/o GRU,case1,705,12,19,8,7,True,False,7,1,0,0.013492063492063064,0.2814257602406192,1.4983436161388963,35.83571428571429
no_gru,w/o GRU,case1,705,13,20,8,8,True,True,8,1,1,0.011458333333332979,0.3172533330451933,1.501602631214847,35.29375
no_gru,w/o GRU,case1,705,14,20,8,8,True,True,8,1,1,0.008680555555555358,0.29619405735722715,1.839004078086628,35.2875
no_gru,w/o GRU,case1,705,15,20,8,8,True,True,8,1,1,0.014583333333332801,0.23305118056345037,1.58959929230055,35.3
no_gru,w/o GRU,case1,705,16,20,8,8,True,True,8,1,1,0.011458333333332979,0.2672525385725695,1.4786042989379604,35.29375
no_gru,w/o GRU,case1,705,17,20,8,8,True,True,8,1,1,0.017361111111110644,0.23580977882311394,1.7187796167252105,35.300000000000004
no_gru,w/o GRU,case1,705,18,20,8,8,True,True,8,1,1,0.008680555555555358,0.30432643522874997,1.8071906299267302,35.2875
no_gru,w/o GRU,case1,705,19,20,8,8,True,True,8,1,1,0.014583333333332801,0.2505730936091533,1.7348147016046918,35.29375
no_gru,w/o GRU,case1,705,20,20,8,8,True,True,8,1,1,0.014583333333333023,0.25384241884400305,1.372622308802025,35.306250000000006
no_gru,w/o GRU,case2,701,1,10,4,3,False,False,3,1,0,0.03425925925925731,0.34710169641014404,2.632778416801532,69.58333333333333
no_gru,w/o GRU,case2,701,2,11,4,4,False,False,4,1,0,0.022916666666665364,0.37134719261401766,2.592881621592926,63.587500000000006
no_gru,w/o GRU,case2,701,3,8,4,2,False,False,2,1,0,0.027777777777780933,0.2700011599655897,2.529355055711808,67.75
no_gru,w/o GRU,case2,701,4,8,4,2,False,False,2,1,0,0.02222222222221859,0.30605774984117706,2.7118370404887395,67.775
no_gru,w/o GRU,case2,701,5,9,4,3,False,False,3,1,0,0.014814814814810813,0.3871055176699125,2.6016379183297875,69.46666666666665
no_gru,w/o GRU,case2,701,6,10,4,3,False,False,3,1,0,0.037962962962962386,0.3618809284721823,2.644576048405343,69.66666666666667
no_gru,w/o GRU,case2,701,7,9,4,3,False,False,3,1,0,0.02592592592592761,0.38236594392063156,2.461403264124361,69.53333333333335
no_gru,w/o GRU,case2,701,8,10,4,3,False,False,3,1,0,0.026851851851854274,0.3799552987041716,2.5359958833670735,69.66666666666667
no_gru,w/o GRU,case2,701,9,10,4,3,False,False,3,1,0,0.034259259259258885,0.2941775260729196,2.5830308142948635,69.53333333333333
no_gru,w/o GRU,case2,701,10,10,4,3,False,False,3,1,0,0.029629629629631102,0.4164769605580479,2.6236203640932576,60.63333333333333
no_gru,w/o GRU,case2,701,11,10,4,3,False,False,3,1,0,0.018518518518520623,0.2829267603461076,2.6352799032726693,69.68333333333334
no_gru,w/o GRU,case2,701,12,8,4,2,False,False,2,1,0,0.03333333333333144,0.369462160474907,2.451320364101667,67.75
no_gru,w/o GRU,case2,701,13,11,4,4,False,False,4,1,0,0.02847222222222297,0.37377511864119667,2.5803915555816492,63.66250000000001
no_gru,w/o GRU,case2,701,14,9,4,2,False,False,2,1,0,0.04444444444444191,0.3352507234657622,2.5830261011056397,68.05
no_gru,w/o GRU,case2,701,15,9,4,3,False,False,3,1,0,0.014814814814815551,0.43808675786039103,2.541361973094694,69.58333333333333
no_gru,w/o GRU,case2,701,16,10,4,3,False,False,3,1,0,0.02592592592592603,0.4014202318102817,2.394450573609253,69.55
no_gru,w/o GRU,case2,701,17,9,4,3,False,False,3,1,0,0.02222222222221938,0.38953536453865717,2.6647304523860744,69.56666666666666
no_gru,w/o GRU,case2,701,18,9,4,2,False,False,2,1,0,0.0277777777777762,0.2743910849806515,2.573213252648,67.82499999999999
no_gru,w/o GRU,case2,701,19,7,3,2,False,False,2,1,0,0.038888888888891415,0.34087179057244127,2.630008608695349,67.875
no_gru,w/o GRU,case2,701,20,11,4,4,False,False,4,1,0,0.028472222222221788,0.4753529122166171,2.586817954416677,63.637499999999996
no_gru,w/o GRU,case2,702,1,9,4,2,False,False,2,1,0,0.02222222222222096,0.3569973786284587,2.6864118118197684,67.525
no_gru,w/o GRU,case2,702,2,7,3,2,False,False,2,1,0,0.02222222222222096,0.28977489769419085,2.4267303344790827,67.425
no_gru,w/o GRU,case2,702,3,8,4,2,False,False,2,1,0,0.0277777777777762,0.39496459173496273,2.6884005916126235,67.675
no_gru,w/o GRU,case2,702,4,7,3,2,False,False,2,1,0,0.01111111111110811,0.4589899957180629,2.6933377847558626,67.44999999999999
no_gru,w/o GRU,case2,702,5,6,2,2,False,False,2,1,0,0.027777777777778567,0.4354376949350325,2.3368911600761955,67.6
no_gru,w/o GRU,case2,702,6,8,4,2,False,False,2,1,0,0.03888888888888668,0.38168821359404403,2.4640968168113,67.44999999999999
no_gru,w/o GRU,case2,702,7,8,4,2,False,False,2,1,0,0.0277777777777762,0.41516729063103713,2.5097054418887605,67.525
no_gru,w/o GRU,case2,702,8,8,3,2,False,False,2,1,0,0.0277777777777762,0.4038141955963285,2.708879235618884,67.44999999999999
no_gru,w/o GRU,case2,702,9,7,3,2,False,False,2,1,0,0.03333333333333144,0.32026476877554705,2.5905421177949637,67.57499999999999
no_gru,w/o GRU,case2,702,10,8,4,2,False,False,2,1,0,0.02222222222222333,0.33398025728596553,2.427142602186741,67.6
no_gru,w/o GRU,case2,702,11,6,2,2,False,False,2,1,0,0.02222222222222333,0.3403331703911825,2.7243952340776665,67.45
no_gru,w/o GRU,case2,702,12,8,4,2,False,False,2,1,0,0.027777777777778567,0.3121138814375787,2.586386240209164,67.575
no_gru,w/o GRU,case2,702,13,11,5,3,False,False,3,1,0,0.025925925925926033,0.40340041387536857,2.5608837175578,69.38333333333334
no_gru,w/o GRU,case2,702,14,9,4,2,False,False,2,1,0,0.03333333333333144,0.35480137851718196,2.5272275161746958,67.625
no_gru,w/o GRU,case2,702,15,11,5,3,False,False,3,1,0,0.02222222222222096,0.34829345890351754,2.5378313520634825,69.25
no_gru,w/o GRU,case2,702,16,6,2,2,False,False,2,1,0,0.03333333333333144,0.4697355381812543,2.697574539077019,67.55
no_gru,w/o GRU,case2,702,17,9,5,2,False,False,2,1,0,0.03333333333333144,0.29334099630074817,2.5662016826374843,67.55
no_gru,w/o GRU,case2,702,18,7,3,2,False,False,2,1,0,0.033333333333333805,0.34497200910993076,2.6423120054612697,67.525
no_gru,w/o GRU,case2,702,19,8,4,2,False,False,2,1,0,0.034722222222226165,0.41514602664963013,2.820074962958605,71.55000000000001
no_gru,w/o GRU,case2,702,20,7,3,2,False,False,2,1,0,0.027777777777778567,0.3254097071214533,2.5963532613555875,67.625
no_gru,w/o GRU,case2,703,1,8,4,2,False,False,2,1,0,0.02222222222222096,0.2300022771382546,2.4892708585236187,67.725
no_gru,w/o GRU,case2,703,2,8,3,2,False,False,2,1,0,0.0277777777777762,0.3256195571819387,2.584429357506996,67.8
no_gru,w/o GRU,case2,703,3,8,4,2,False,False,2,1,0,0.01111111111111048,0.42936850082527717,2.5140666150280655,67.67500000000001
no_gru,w/o GRU,case2,703,4,6,2,2,False,False,2,1,0,0.0277777777777762,0.4682442660716404,2.447374793206815,67.775
no_gru,w/o GRU,case2,703,5,8,4,2,False,False,2,1,0,0.0277777777777762,0.4009484416739185,2.6326204513684015,67.675
no_gru,w/o GRU,case2,703,6,12,5,4,False,False,4,1,0,0.031249999999998224,0.4124165180541547,2.6289089380373376,69.95
no_gru,w/o GRU,case2,703,7,6,2,2,False,False,2,1,0,0.02222222222222333,0.28610871571129304,2.609010972745616,67.67500000000001
no_gru,w/o GRU,case2,703,8,9,4,2,False,False,2,1,0,0.02222222222222333,0.3288347260264087,2.5879450521848435,67.85
no_gru,w/o GRU,case2,703,9,9,4,2,False,False,2,1,0,0.0277777777777762,0.3104144175517697,2.6333181823306138,67.8
no_gru,w/o GRU,case2,703,10,7,3,2,False,False,2,1,0,0.011111111111112848,0.33629058406108187,2.690733082377661,67.575
no_gru,w/o GRU,case2,703,11,11,5,3,False,False,3,1,0,0.03055555555555382,0.48875842939816433,2.7630503906502035,69.41666666666667
no_gru,w/o GRU,case2,703,12,10,4,3,False,False,3,1,0,0.018518518518519045,0.41933739385881336,2.7741595203754685,69.45
no_gru,w/o GRU,case2,703,13,11,5,3,False,False,3,1,0,0.023148148148149205,0.5094274845104713,2.6368009249799926,69.36666666666666
no_gru,w/o GRU,case2,703,14,10,4,3,False,False,3,1,0,0.02222222222222096,0.3992261317545336,2.458025355523086,69.41666666666667
no_gru,w/o GRU,case2,703,15,8,4,2,False,False,2,1,0,0.027777777777778567,0.4153563926008558,2.7809300312580936,67.725
no_gru,w/o GRU,case2,703,16,11,6,3,False,False,3,1,0,0.0768518518518538,0.3324502478180367,2.58208179260941,69.78333333333333
no_gru,w/o GRU,case2,703,17,9,5,2,False,False,2,1,0,0.027777777777773828,0.24329028117128493,2.71994756624982,67.65
no_gru,w/o GRU,case2,703,18,7,3,2,False,False,2,1,0,0.04999999999999953,0.5207232557866331,2.5873401570411207,67.75
no_gru,w/o GRU,case2,703,19,9,4,3,False,False,3,1,0,0.037962962962965544,0.3931358037063171,2.5711927048852012,69.51666666666667
no_gru,w/o GRU,case2,703,20,9,4,3,False,False,3,1,0,0.038888888888890624,0.3636756934925727,2.3090373344323947,69.46666666666665
no_gru,w/o GRU,case2,704,1,10,4,4,False,False,4,1,0,0.06111111111111119,0.3574663506072401,2.4333489333158917,70.44999999999999
no_gru,w/o GRU,case2,704,2,9,4,3,False,False,3,1,0,0.014814814814810813,0.3547822422532782,2.652757337945277,69.28333333333333
no_gru,w/o GRU,case2,704,3,10,4,4,False,False,4,1,0,0.053472222222225696,0.43738487474115106,2.210144082013045,70.35000000000001
no_gru,w/o GRU,case2,704,4,11,5,4,False,False,4,1,0,0.03819444444444583,0.4041243985863711,2.495727708703572,70.2875
no_gru,w/o GRU,case2,704,5,10,5,3,False,False,3,1,0,0.030555555555555402,0.2588270000964194,2.526580347034384,69.5
no_gru,w/o GRU,case2,704,6,10,4,4,False,False,4,1,0,0.05347222222222333,0.3414057096697416,2.556263372015588,70.36250000000001
no_gru,w/o GRU,case2,704,7,8,4,2,False,False,2,1,0,0.044444444444449026,0.2566997415794719,2.6810987204029364,67.80000000000001
no_gru,w/o GRU,case2,704,8,10,4,4,False,False,4,1,0,0.02291666666666714,0.28620330866914434,2.647407448921634,70.42500000000001
no_gru,w/o GRU,case2,704,9,8,4,2,False,False,2,1,0,0.03333333333333144,0.32925166339729195,2.5798385086495847,67.525
no_gru,w/o GRU,case2,704,10,9,4,3,False,False,3,1,0,0.018518518518519045,0.31696290615567896,2.455863157959556,69.39999999999999
no_gru,w/o GRU,case2,704,11,10,4,4,False,False,4,1,0,0.031944444444442624,0.3893043869958373,2.585722428823737,70.4625
no_gru,w/o GRU,case2,704,12,10,4,4,False,False,4,1,0,0.0791666666666669,0.4445407095931534,2.384422852589021,70.3875
no_gru,w/o GRU,case2,704,13,10,4,3,False,False,4,1,0,0.10694444444444487,0.4883687425165429,2.667257819781694,70.35
no_gru,w/o GRU,case2,704,14,8,4,2,False,False,2,1,0,0.01111111111111048,0.38836375511294974,2.430453860338038,68.9
no_gru,w/o GRU,case2,704,15,10,5,3,False,False,3,1,0,0.06018518518518414,0.36421337052560016,2.271374721757302,69.55
no_gru,w/o GRU,case2,704,16,9,4,3,False,False,3,1,0,0.07222222222222206,0.25668891781978354,2.7241320486420535,69.48333333333333
no_gru,w/o GRU,case2,704,17,10,4,3,False,False,4,1,0,0.13125000000000026,0.45190335835563245,2.5697858501162028,70.4625
no_gru,w/o GRU,case2,704,18,10,4,4,False,False,4,1,0,0.04444444444444606,0.3610833844249649,2.3739840607189553,70.42500000000001
no_gru,w/o GRU,case2,704,19,10,4,4,False,False,4,1,0,0.025694444444444166,0.35991876739223794,2.5206744250476643,70.17500000000001
no_gru,w/o GRU,case2,704,20,9,4,3,False,False,3,1,0,0.02222222222222096,0.3664221534006294,2.452798871798551,69.46666666666665
no_gru,w/o GRU,case2,705,1,8,4,2,False,False,2,1,0,0.027777777777778567,0.4559864786589655,2.7015982844681234,67.95
no_gru,w/o GRU,case2,705,2,9,4,3,False,False,3,1,0,0.03425925925926126,0.4081390251240475,2.4796263136633363,69.63333333333334
no_gru,w/o GRU,case2,705,3,10,5,3,False,False,3,1,0,0.025925925925926033,0.3809798551512618,2.4390104286217222,69.61666666666667
no_gru,w/o GRU,case2,705,4,10,5,3,False,False,3,1,0,0.022222222222222542,0.3850450768903409,2.4222347685082064,69.66666666666667
no_gru,w/o GRU,case2,705,5,10,4,2,False,False,2,1,0,0.02222222222222333,0.48099205886242513,2.485956326590942,67.95
no_gru,w/o GRU,case2,705,6,8,4,2,False,False,2,1,0,0.02222222222222333,0.40134937919327696,2.6231810929505492,68.0
no_gru,w/o GRU,case2,705,7,10,5,3,False,False,3,1,0,0.011111111111112059,0.382237919033975,2.5702870814101173,69.63333333333334
no_gru,w/o GRU,case2,705,8,11,6,2,False,False,2,1,0,0.022222222222225696,0.3837375005337278,2.6214255611480253,67.9
no_gru,w/o GRU,case2,705,9,9,4,3,False,False,3,1,0,0.018518518518519045,0.2929155673508301,2.5967783714798593,69.63333333333334
no_gru,w/o GRU,case2,705,10,9,4,2,False,False,2,1,0,0.027777777777780933,0.2841201916359332,2.509386093052427,68.075
no_gru,w/o GRU,case2,705,11,8,3,3,False,False,3,1,0,0.02592592592592761,0.41416067058786665,2.451092286952202,69.65
no_gru,w/o GRU,case2,705,12,9,4,3,False,False,3,1,0,0.030555555555556974,0.38687962102236945,2.5618938079044917,69.63333333333334
no_gru,w/o GRU,case2,705,13,8,4,2,False,False,2,1,0,0.02222222222222333,0.3954222859917521,2.7195323550328716,68.0
no_gru,w/o GRU,case2,705,14,10,5,2,False,False,2,1,0,0.03888888888888905,0.338276360784977,2.526077589600783,68.0
no_gru,w/o GRU,case2,705,15,8,4,2,False,False,2,1,0,0.02222222222222333,0.4120342008259007,2.5326369864812097,67.92500000000001
no_gru,w/o GRU,case2,705,16,12,5,4,False,False,4,1,0,0.028472222222223564,0.4581216599746531,2.4784477774234412,64.375
no_gru,w/o GRU,case2,705,17,12,5,4,False,False,4,1,0,0.03125000000000533,0.40699231012182513,2.4421330753343935,64.3875
no_gru,w/o GRU,case2,705,18,9,5,2,False,False,2,1,0,0.03888888888888905,0.36690851414692843,2.441351460885404,67.975
no_gru,w/o GRU,case2,705,19,10,5,3,False,False,3,1,0,0.01481481481481397,0.37339893563866733,2.394176961570268,69.63333333333333
no_gru,w/o GRU,case2,705,20,8,4,2,False,False,2,1,0,0.02222222222222333,0.2834376421984247,2.5565888948861346,67.95
no_attention_residual,w/o A-R,case1,701,1,20,8,8,True,True,8,1,1,0.011458333333333126,0.28644201921405654,1.693606023025505,35.45625
no_attention_residual,w/o A-R,case1,701,2,18,8,6,True,False,6,1,0,0.01157407407407401,0.2609745408643398,1.5047350366288288,36.291666666666664
no_attention_residual,w/o A-R,case1,701,3,20,8,8,True,True,8,1,1,0.011458333333333126,0.26547256403998903,1.5609048247163437,35.462500000000006
no_attention_residual,w/o A-R,case1,701,4,20,8,8,True,True,8,1,1,0.011458333333333126,0.3629172018846335,1.7315979145904499,35.462500000000006
no_attention_residual,w/o A-R,case1,701,5,20,8,8,True,True,8,1,1,0.011458333333333126,0.26773657313259847,1.551595450730243,35.462500000000006
no_attention_residual,w/o A-R,case1,701,6,20,8,8,True,True,8,1,1,0.011458333333333126,0.31123062809287927,1.535774652464706,35.462500000000006
no_attention_residual,w/o A-R,case1,701,7,20,8,8,True,True,8,1,1,0.011458333333333126,0.29817596055803275,1.503863137516201,35.462500000000006
no_attention_residual,w/o A-R,case1,701,8,20,8,8,True,True,8,1,1,0.011458333333333126,0.28278869522700734,1.50192387913818,35.462500000000006
no_attention_residual,w/o A-R,case1,701,9,20,8,8,True,True,8,1,1,0.011458333333333126,0.2998341209683988,1.42436349670221,35.462500000000006
no_attention_residual,w/o A-R,case1,701,10,20,8,8,True,True,8,1,1,0.011458333333333126,0.28521953290886737,1.4557307620011326,35.462500000000006
no_attention_residual,w/o A-R,case1,701,11,20,8,8,True,True,8,1,1,0.014583333333333393,0.30506059528922663,1.5416571056228277,35.46875
no_attention_residual,w/o A-R,case1,701,12,20,8,8,True,True,8,1,1,0.014236111111110747,0.3017608277355428,1.7939002684728782,35.462500000000006
no_attention_residual,w/o A-R,case1,701,13,20,8,8,True,True,8,1,1,0.014236111111110747,0.3208772700393261,1.7691481023513593,35.462500000000006
no_attention_residual,w/o A-R,case1,701,14,19,8,7,True,False,7,1,0,0.009920634920634866,0.34884642642261315,1.6424431939470554,35.7
no_attention_residual,w/o A-R,case1,701,15,20,8,8,True,True,8,1,1,0.011458333333333126,0.2595882586266315,1.3736519449015931,35.462500000000006
no_attention_residual,w/o A-R,case1,701,16,20,8,8,True,True,8,1,1,0.011458333333333126,0.3341711645476525,1.5467657228803808,35.462500000000006
no_attention_residual,w/o A-R,case1,701,17,20,8,8,True,True,8,1,1,0.011458333333333126,0.2821860438985272,1.3957230327048187,35.462500000000006
no_attention_residual,w/o A-R,case1,701,18,20,8,8,True,True,8,1,1,0.011458333333333126,0.32368502761598444,1.6585906472359073,35.462500000000006
no_attention_residual,w/o A-R,case1,701,19,20,8,8,True,True,8,1,1,0.011458333333333126,0.2781235126208164,1.49113416740362,35.462500000000006
no_attention_residual,w/o A-R,case1,701,20,20,8,8,True,True,8,1,1,0.011458333333333126,0.286569308282366,1.472256490998384,35.462500000000006
no_attention_residual,w/o A-R,case1,702,1,20,8,8,True,True,8,1,1,0.01770833333333277,0.2634472220367847,1.5667576963131806,35.4375
no_attention_residual,w/o A-R,case1,702,2,20,8,8,True,True,8,1,1,0.017361111111110866,0.31840612697536863,1.9498993793910433,35.431250000000006
no_attention_residual,w/o A-R,case1,702,3,18,7,7,False,False,7,1,0,0.013095238095237351,0.26154458986272283,1.5472238297418897,35.75714285714285
no_attention_residual,w/o A-R,case1,702,4,20,8,8,True,True,8,1,1,0.014583333333332948,0.31501661492005606,1.6164017807943403,35.4375
no_attention_residual,w/o A-R,case1,702,5,19,8,7,True,False,7,1,0,0.013095238095237351,0.31307484178317974,1.6889713695948925,35.74999999999999
no_attention_residual,w/o A-R,case1,702,6,18,7,7,False,False,7,1,0,0.013095238095237351,0.2796252830830616,1.4600748942639223,35.74999999999999
no_attention_residual,w/o A-R,case1,702,7,19,8,7,True,False,7,1,0,0.013095238095237351,0.24599143284341068,1.3674060407086353,35.74999999999999
no_attention_residual,w/o A-R,case1,702,8,19,8,7,True,False,7,1,0,0.01666666666666572,0.27698218748599784,1.5487503069391302,35.75714285714285
no_attention_residual,w/o A-R,case1,702,9,19,8,7,True,False,7,1,0,0.013095238095237351,0.3024190725698493,1.5385820518192317,35.75714285714285
no_attention_residual,w/o A-R,case1,702,10,19,8,7,True,False,7,1,0,0.013095238095237351,0.27904226815181227,1.7568328331685379,35.74999999999999
no_attention_residual,w/o A-R,case1,702,11,19,8,7,True,False,7,1,0,0.013492063492062726,0.26289067187621956,1.6059593185882075,35.75000000000001
no_attention_residual,w/o A-R,case1,702,12,19,8,7,True,False,7,1,0,0.01666666666666572,0.32957303631302654,1.6415054589973113,35.75714285714285
no_attention_residual,w/o A-R,case1,702,13,20,8,8,True,True,8,1,1,0.008680555555555063,0.3148604605494781,1.6895251698099742,35.41875
no_attention_residual,w/o A-R,case1,702,14,19,8,7,True,False,7,1,0,0.013095238095237351,0.3083228112182836,1.7342491074631359,35.74999999999999
no_attention_residual,w/o A-R,case1,702,15,20,8,8,True,True,8,1,1,0.01770833333333277,0.35643841911400553,1.8017416859894988,35.4375
no_attention_residual,w/o A-R,case1,702,16,19,8,7,True,False,7,1,0,0.01309523809523769,0.2973766904309002,1.751893261366553,35.74285714285715
no_attention_residual,w/o A-R,case1,702,17,19,8,7,True,False,7,1,0,0.009920634920634358,0.2882612107412851,1.5492945027809155,35.76428571428571
no_attention_residual,w/o A-R,case1,702,18,20,8,8,True,True,8,1,1,0.014583333333332504,0.3034854566667641,1.7399140072808834,35.4375
no_attention_residual,w/o A-R,case1,702,19,20,8,8,True,True,8,1,1,0.008680555555555063,0.3356080977525491,1.7972699128151304,35.41875
no_attention_residual,w/o A-R,case1,702,20,20,8,8,True,True,8,1,1,0.011458333333333126,0.28112201449379703,1.4845668650970318,35.43125
no_attention_residual,w/o A-R,case1,703,1,20,8,8,True,True,8,1,1,0.014236111111110894,0.2981346689975749,1.8124695001321176,35.449999999999996
no_attention_residual,w/o A-R,case1,703,2,20,8,8,True,True,8,1,1,0.014236111111110599,0.2812762208917249,2.0151140395753595,35.443749999999994
no_attention_residual,w/o A-R,case1,703,3,20,8,8,True,True,8,1,1,0.01736111111111116,0.2636468251309063,1.5539336671424444,35.45625
no_attention_residual,w/o A-R,case1,703,4,20,8,8,True,True,8,1,1,0.011458333333332979,0.2652466537799978,1.6235378022179905,35.449999999999996
no_attention_residual,w/o A-R,case1,703,5,19,8,7,True,False,7,1,0,0.01626984126984102,0.2782940941058365,1.4000215868248118,35.9
no_attention_residual,w/o A-R,case1,703,6,20,8,8,True,True,8,1,1,0.017361111111110866,0.28461920460862256,1.735493490342407,35.449999999999996
no_attention_residual,w/o A-R,case1,703,7,20,8,8,True,True,8,1,1,0.014236111111110599,0.3145360653977153,1.737278153747388,35.443749999999994
no_attention_residual,w/o A-R,case1,703,8,20,8,8,True,True,8,1,1,0.01736111111111116,0.2787607696367972,1.728746147383825,35.45625
no_attention_residual,w/o A-R,case1,703,9,20,8,8,True,True,8,1,1,0.01736111111111116,0.3484094465755375,1.6892862098231956,35.45625
no_attention_residual,w/o A-R,case1,703,10,19,8,7,True,False,7,1,0,0.01309523809523769,0.3172206107754962,1.5653871760005704,34.93571428571428
no_attention_residual,w/o A-R,case1,703,11,20,8,8,True,True,8,1,1,0.014236111111110894,0.3483964047455198,1.69864665979618,35.45625
no_attention_residual,w/o A-R,case1,703,12,20,8,8,True,True,8,1,1,0.014236111111110894,0.3574114945511158,1.7015847186773483,35.449999999999996
no_attention_residual,w/o A-R,case1,703,13,20,8,8,True,True,8,1,1,0.014236111111110599,0.3448146050051969,1.7444784247815728,35.443749999999994
no_attention_residual,w/o A-R,case1,703,14,20,8,8,True,True,8,1,1,0.014583333333333245,0.3039176571594638,1.810967492623188,35.449999999999996
no_attention_residual,w/o A-R,case1,703,15,20,8,8,True,True,8,1,1,0.01736111111111116,0.288697410745592,1.504260348429005,35.45625
no_attention_residual,w/o A-R,case1,703,16,20,8,8,True,True,8,1,1,0.005902777777777443,0.3446278072689156,1.684928224351186,35.443749999999994
no_attention_residual,w/o A-R,case1,703,17,20,8,8,True,True,8,1,1,0.011458333333332979,0.25917973435168334,1.6006410347058768,35.45625
no_attention_residual,w/o A-R,case1,703,18,20,8,8,True,True,8,1,1,0.014236111111110599,0.27387012344710127,1.7474177614794637,35.443749999999994
no_attention_residual,w/o A-R,case1,703,19,20,8,8,True,True,8,1,1,0.017361111111110866,0.2803707087102441,1.7870466122253046,35.449999999999996
no_attention_residual,w/o A-R,case1,703,20,20,8,8,True,True,8,1,1,0.01736111111111116,0.34856587119741694,1.6386435706470825,35.45625
no_attention_residual,w/o A-R,case1,704,1,20,8,8,True,True,8,1,1,0.01423611111111119,0.3956525436972451,1.8280934586626376,35.10625
no_attention_residual,w/o A-R,case1,704,2,20,8,8,True,True,8,1,1,0.014236111111111487,0.36272847316561685,1.8548880222728212,35.1
no_attention_residual,w/o A-R,case1,704,3,20,8,8,True,True,8,1,1,0.011458333333333867,0.3381203902122182,1.8818149451653101,35.1
no_attention_residual,w/o A-R,case1,704,4,20,8,8,True,True,8,1,1,0.01736111111111131,0.38843145815137525,1.9581828384722253,35.1
no_attention_residual,w/o A-R,case1,704,5,20,8,8,True,True,8,1,1,0.011458333333333275,0.3520295959531482,1.3113774556451958,35.10625
no_attention_residual,w/o A-R,case1,704,6,20,8,8,True,True,8,1,1,0.008680555555555655,0.3410234797005753,1.6585161525772645,35.1
no_attention_residual,w/o A-R,case1,704,7,20,8,8,True,True,8,1,1,0.012847222222222676,0.3840968451275304,1.7041393502411348,35.10625
no_attention_residual,w/o A-R,case1,704,8,20,8,8,True,True,8,1,1,0.008680555555555655,0.35043426625929386,1.424244165492106,35.1
no_attention_residual,w/o A-R,case1,704,9,19,8,7,True,False,7,1,0,0.01309523809523803,0.360564549250968,1.6794328274572616,34.521428571428565
no_attention_residual,w/o A-R,case1,704,10,20,8,8,True,True,8,1,1,0.01736111111111205,0.3396454831349862,1.514766366501565,35.10625
no_attention_residual,w/o A-R,case1,704,11,20,8,8,True,True,8,1,1,0.011458333333333867,0.34778761025053806,1.6972140930295554,35.1
no_attention_residual,w/o A-R,case1,704,12,20,8,8,True,True,8,1,1,0.011458333333333275,0.32689992074521623,1.496756270931207,35.10625
no_attention_residual,w/o A-R,case1,704,13,20,8,8,True,True,8,1,1,0.01145833333333357,0.34757224997286,1.7779146113800852,35.1
no_attention_residual,w/o A-R,case1,704,14,20,8,8,True,True,8,1,1,0.012500000000000622,0.3388456894283006,1.6955298677246216,35.1
no_attention_residual,w/o A-R,case1,704,15,20,8,8,True,True,8,1,1,0.011458333333333126,0.3559464044739945,1.781018355433241,35.09375
no_attention_residual,w/o A-R,case1,704,16,20,8,8,True,True,8,1,1,0.01145833333333357,0.3951802524227591,1.8289662832647617,35.1
no_attention_residual,w/o A-R,case1,704,17,20,8,8,True,True,8,1,1,0.01145833333333357,0.35526394107378956,1.7115854933962331,35.1
no_attention_residual,w/o A-R,case1,704,18,19,8,7,True,False,7,1,0,0.013095238095238704,0.37715483089456175,1.4804680381793973,34.714285714285715
no_attention_residual,w/o A-R,case1,704,19,20,8,8,True,True,8,1,1,0.014236111111111782,0.36544404923030266,1.837663046410643,35.1
no_attention_residual,w/o A-R,case1,704,20,20,8,8,True,True,8,1,1,0.014236111111111487,0.34684531237521293,1.6788087051145522,35.10625
no_attention_residual,w/o A-R,case1,705,1,20,8,8,True,True,8,1,1,0.01736111111111205,0.2645857089935676,1.927225775593613,35.806250000000006
no_attention_residual,w/o A-R,case1,705,2,20,8,8,True,True,8,1,1,0.014583333333333837,0.2441676691717718,2.1245131487562947,35.800000000000004
no_attention_residual,w/o A-R,case1,705,3,20,8,8,True,True,8,1,1,0.01736111111111175,0.2890342160421756,1.961609762411957,35.806250000000006
no_attention_residual,w/o A-R,case1,705,4,20,8,8,True,True,8,1,1,0.01145833333333357,0.2481900745435024,2.044526882950275,35.79375
no_attention_residual,w/o A-R,case1,705,5,20,8,8,True,True,8,1,1,0.014236111111111486,0.26849030850158706,1.8233992408094615,35.800000000000004
no_attention_residual,w/o A-R,case1,705,6,20,8,8,True,True,8,1,1,0.014236111111111486,0.3203282000128483,1.935284846126385,35.806250000000006
no_attention_residual,w/o A-R,case1,705,7,20,8,8,True,True,8,1,1,0.017361111111111306,0.332586786092411,1.8706247237919762,35.8125
no_attention_residual,w/o A-R,case1,705,8,20,8,8,True,True,8,1,1,0.014236111111111486,0.27344037875694593,2.066460067933606,35.800000000000004
no_attention_residual,w/o A-R,case1,705,9,20,8,8,True,True,8,1,1,0.014236111111111486,0.316901504908606,1.9514484850724672,35.806250000000006
no_attention_residual,w/o A-R,case1,705,10,20,8,8,True,True,8,1,1,0.014583333333333393,0.3643852720048091,2.12641490690479,35.806250000000006
no_attention_residual,w/o A-R,case1,705,11,20,8,8,True,True,8,1,1,0.020486111111111573,0.3242906947978053,1.7930718306973912,35.8125
no_attention_residual,w/o A-R,case1,705,12,20,8,8,True,True,8,1,1,0.014236111111111782,0.30818589223928305,2.037357034209381,35.800000000000004
no_attention_residual,w/o A-R,case1,705,13,20,8,8,True,True,8,1,1,0.01736111111111175,0.3347779547851112,1.8862659357079705,35.806250000000006
no_attention_residual,w/o A-R,case1,705,14,19,8,7,True,False,7,1,0,0.016269841269842034,0.3033678752613512,1.7303731269184444,35.15714285714286
no_attention_residual,w/o A-R,case1,705,15,20,8,8,True,True,8,1,1,0.01736111111111175,0.3175451085567065,2.1055482102435343,35.806250000000006
no_attention_residual,w/o A-R,case1,705,16,20,8,8,True,True,8,1,1,0.014583333333333837,0.2739385652601959,2.0042487905953714,35.800000000000004
no_attention_residual,w/o A-R,case1,705,17,20,8,8,True,True,8,1,1,0.014583333333333837,0.28331140811562794,1.9463478592373082,35.800000000000004
no_attention_residual,w/o A-R,case1,705,18,20,8,8,True,True,8,1,1,0.011458333333334162,0.3482936925148125,1.9326491331299396,35.800000000000004
no_attention_residual,w/o A-R,case1,705,19,20,8,8,True,True,8,1,1,0.01145833333333357,0.2646136061391632,2.1304125229562674,35.79375
no_attention_residual,w/o A-R,case1,705,20,20,8,8,True,True,8,1,1,0.014236111111111486,0.3186919802599643,2.0323200849317327,35.800000000000004
no_attention_residual,w/o A-R,case2,701,1,10,4,4,False,False,4,1,0,0.05625000000000213,0.5565847829033286,2.786249623700707,60.35
no_attention_residual,w/o A-R,case2,701,2,8,4,2,False,False,2,1,0,0.02361111111110977,0.5652811523074708,2.5714021361682704,54.75
no_attention_residual,w/o A-R,case2,701,3,6,4,0,False,False,1,1,0,10.233333333333333,0.5051505533666346,2.801020120718272,63.6
no_attention_residual,w/o A-R,case2,701,4,8,3,2,False,False,3,1,0,3.4722222222222228,0.3701882271496421,2.697082196259674,57.71666666666666
no_attention_residual,w/o A-R,case2,701,5,7,3,2,False,False,2,1,0,0.05000000000000071,0.513787363568342,2.6170355248047006,54.650000000000006
no_attention_residual,w/o A-R,case2,701,6,6,4,1,False,False,1,1,0,0.02499999999999858,0.37883461675647934,2.7714284856165783,67.0
no_attention_residual,w/o A-R,case2,701,7,8,4,2,False,False,2,1,0,0.04166666666666548,0.5270440505555308,2.811351412404781,65.275
no_attention_residual,w/o A-R,case2,701,8,8,3,2,False,False,3,1,0,3.4796296296296294,0.40846700023758126,2.61015145754792,57.71666666666667
no_attention_residual,w/o A-R,case2,701,9,8,3,3,False,False,3,1,0,0.039814814814812555,0.4015860313861501,2.4347887399308865,57.65
no_attention_residual,w/o A-R,case2,701,10,8,4,2,False,False,2,1,0,0.09722222222222025,0.39426623429656243,2.710307530240866,65.275
no_attention_residual,w/o A-R,case2,701,11,9,4,3,False,False,3,1,0,0.049074074074075234,0.36217461689286146,2.3831273941273663,57.71666666666667
no_attention_residual,w/o A-R,case2,701,12,8,4,2,False,False,2,1,0,0.033333333333333805,0.425826031075945,2.7910926306227397,65.35
no_attention_residual,w/o A-R,case2,701,13,7,3,2,False,False,2,1,0,0.04444444444444429,0.5279425587712173,2.220173031737422,52.925
no_attention_residual,w/o A-R,case2,701,14,8,3,2,False,False,3,1,0,3.458333333333334,0.42146211642798614,2.6144528866714984,57.65
no_attention_residual,w/o A-R,case2,701,15,7,4,1,False,False,1,1,0,0.05000000000000426,0.580843161794252,2.578668141525151,67.15
no_attention_residual,w/o A-R,case2,701,16,9,4,3,False,False,3,1,0,0.03518518518518792,0.4393982540129497,2.488790380098959,57.650000000000006
no_attention_residual,w/o A-R,case2,701,17,4,3,0,False,False,0,0,0,nan,nan,nan,nan
no_attention_residual,w/o A-R,case2,701,18,7,3,2,False,False,2,1,0,0.09027777777777975,0.3566736707167875,2.5740633342368238,65.325
no_attention_residual,w/o A-R,case2,701,19,7,3,2,False,False,2,1,0,0.0625,0.32841545465402844,2.337172479496826,54.75
no_attention_residual,w/o A-R,case2,701,20,8,3,3,False,False,3,1,0,0.03888888888888747,0.38263836308507804,2.6870157507352856,57.6
no_attention_residual,w/o A-R,case2,702,1,12,5,4,False,False,4,1,0,0.02291666666666773,0.3824949949189165,2.373254247060909,68.3875
no_attention_residual,w/o A-R,case2,702,2,10,4,3,False,False,3,1,0,0.044444444444445085,0.3545976342402322,2.4104324428011883,67.0
no_attention_residual,w/o A-R,case2,702,3,12,5,4,False,False,4,1,0,0.025694444444445352,0.35059156129998614,2.4161935205395206,68.3125
no_attention_residual,w/o A-R,case2,702,4,12,5,4,False,False,4,1,0,0.05069444444444511,0.3953422407298675,2.62560996548006,68.325
no_attention_residual,w/o A-R,case2,702,5,12,5,4,False,False,4,1,0,0.03819444444444464,0.4729626547777931,2.5854898885575364,68.38749999999999
no_attention_residual,w/o A-R,case2,702,6,12,5,4,False,False,4,1,0,0.04791666666666512,0.3587000125272918,2.510436970334572,68.35
no_attention_residual,w/o A-R,case2,702,7,12,5,4,False,False,4,1,0,0.05347222222222273,0.3819369213856926,2.4219071216978287,68.45
no_attention_residual,w/o A-R,case2,702,8,11,5,3,False,False,3,1,0,0.05185185185185522,0.343880275311947,2.714472836360766,67.10000000000001
no_attention_residual,w/o A-R,case2,702,9,11,4,4,False,False,4,1,0,0.031249999999998224,0.3313707677874199,2.393638939628268,68.4
no_attention_residual,w/o A-R,case2,702,10,12,5,4,False,False,4,1,0,0.02222222222222333,0.4052273968747647,2.633954378515887,68.425
no_attention_residual,w/o A-R,case2,702,11,11,4,4,False,False,4,1,0,0.03333333333333499,0.3909787216574694,2.4632171422500617,68.35
no_attention_residual,w/o A-R,case2,702,12,11,4,4,False,False,4,1,0,0.02222222222222333,0.25717094118397144,2.459011559515374,68.38749999999999
no_attention_residual,w/o A-R,case2,702,13,11,4,4,False,False,4,1,0,0.03402777777777821,0.38242245641850603,2.3975471098228827,68.46249999999999
no_attention_residual,w/o A-R,case2,702,14,10,4,3,False,False,3,1,0,0.030555555555556977,0.411798138157692,2.4956472054030088,67.01666666666667
no_attention_residual,w/o A-R,case2,702,15,11,4,4,False,False,4,1,0,0.04236111111111107,0.34237998277624626,2.556833218677051,68.3
no_attention_residual,w/o A-R,case2,702,16,9,4,2,False,False,2,1,0,0.03611111111110906,0.3041313879353714,2.763951646988368,65.44999999999999
no_attention_residual,w/o A-R,case2,702,17,12,5,4,False,False,4,1,0,0.047916666666666316,0.30335430138485353,2.64707011007334,68.4125
no_attention_residual,w/o A-R,case2,702,18,11,4,4,False,False,4,1,0,0.04027777777777786,0.36114437272969546,2.5288956822154325,68.3625
no_attention_residual,w/o A-R,case2,702,19,12,5,4,False,False,4,1,0,0.01736111111111131,0.40733093108735485,2.3770783465869627,68.2875
no_attention_residual,w/o A-R,case2,702,20,12,5,4,False,False,4,1,0,0.03124999999999941,0.3729171988858078,2.6947343698824686,68.3875
no_attention_residual,w/o A-R,case2,703,1,8,3,2,False,False,2,1,0,0.044444444444445466,0.5833639236623919,2.4709319341576474,56.425000000000004
no_attention_residual,w/o A-R,case2,703,2,9,4,2,False,False,2,1,0,0.07777777777777928,0.5604128648337109,2.350164590155888,56.550000000000004
no_attention_residual,w/o A-R,case2,703,3,11,5,3,False,False,3,1,0,0.09629629629629714,0.4364311812964245,2.5703217873051116,60.26666666666667
no_attention_residual,w/o A-R,case2,703,4,9,4,2,False,False,2,1,0,0.061111111111111185,0.559686395387978,2.69450515111635,56.575
no_attention_residual,w/o A-R,case2,703,5,12,5,3,False,False,4,1,0,0.17152777777777928,0.5364559683011008,2.5383968062656574,60.3375
no_attention_residual,w/o A-R,case2,703,6,10,4,3,False,False,3,1,0,0.09907407407407316,0.5546733596936403,2.4217343674914624,65.98333333333333
no_attention_residual,w/o A-R,case2,703,7,11,4,4,False,False,4,1,0,0.10763888888888987,0.48595940766436274,2.4465505990905996,60.400000000000006
no_attention_residual,w/o A-R,case2,703,8,9,3,3,False,False,3,1,0,0.02592592592592761,0.5628961522353071,2.5714888636362265,58.0
no_attention_residual,w/o A-R,case2,703,9,11,4,4,False,False,4,1,0,0.040972222222221674,0.5368078296057681,2.6792459152607035,60.25
no_attention_residual,w/o A-R,case2,703,10,8,4,2,False,False,2,1,0,0.05555555555555595,0.5945643520992749,2.522811406663072,56.45
no_attention_residual,w/o A-R,case2,703,11,11,5,3,False,False,3,1,0,0.05185185185185285,0.5464397845564998,2.559097737583936,57.833333333333336
no_attention_residual,w/o A-R,case2,703,12,8,4,1,False,False,1,1,0,0.02222222222222096,0.5222728715183549,2.618847135333945,69.75
no_attention_residual,w/o A-R,case2,703,13,11,4,3,False,False,4,1,0,0.1354166666666655,0.45296531162072473,2.638025408351773,60.400000000000006
no_attention_residual,w/o A-R,case2,703,14,9,4,2,False,False,2,1,0,0.0388888888888926,0.5435498294434334,2.1142107656942635,56.5
no_attention_residual,w/o A-R,case2,703,15,9,4,2,False,False,2,1,0,0.0388888888888926,0.5573003120816833,2.4959066097647753,56.45
no_attention_residual,w/o A-R,case2,703,16,11,4,4,False,False,4,1,0,0.09374999999999882,0.5337161411668025,2.483344639628058,60.237500000000004
no_attention_residual,w/o A-R,case2,703,17,10,4,3,False,False,3,1,0,0.05000000000000506,0.5140159284879732,2.4408918135726023,60.1
no_attention_residual,w/o A-R,case2,703,18,10,4,3,False,False,3,1,0,0.088888888888887,0.5455517321597755,2.586804956297427,60.1
no_attention_residual,w/o A-R,case2,703,19,9,3,3,False,False,3,1,0,0.07037037037037426,0.48579601830901514,2.4452099056125127,58.03333333333334
no_attention_residual,w/o A-R,case2,703,20,12,5,3,False,False,4,1,0,0.10625000000000165,0.48452399855899936,2.598902679865818,60.325
no_attention_residual,w/o A-R,case2,704,1,4,2,0,False,False,1,1,0,11.100000000000003,0.4106776659823293,2.587164716014923,66.2
no_attention_residual,w/o A-R,case2,704,2,3,1,1,False,False,1,1,0,0.0777777777777781,0.44884706770098143,2.6771575699086547,65.5
no_attention_residual,w/o A-R,case2,704,3,3,1,0,False,False,1,1,0,10.899999999999999,0.47567425410047964,2.6034539929431926,65.75
no_attention_residual,w/o A-R,case2,704,4,3,1,0,False,False,1,1,0,10.866666666666662,0.7280795671030938,2.775906726211833,65.6
no_attention_residual,w/o A-R,case2,704,5,4,2,0,False,False,1,1,0,11.044444444444444,0.3282862594722819,2.6461830854691963,66.0
no_attention_residual,w/o A-R,case2,704,6,3,1,1,False,False,1,1,0,0.04444444444444192,0.2472843542287133,2.6201619077444542,65.75
no_attention_residual,w/o A-R,case2,704,7,3,1,0,False,False,1,1,0,10.844444444444443,0.5444543922595731,2.7895653043678466,65.5
no_attention_residual,w/o A-R,case2,704,8,3,1,0,False,False,1,1,0,10.866666666666669,0.511664307427133,2.6513857423757474,65.65
no_attention_residual,w/o A-R,case2,704,9,3,1,1,False,False,1,1,0,0.1777777777777819,0.2744718731469544,2.6161542189306974,65.95
no_attention_residual,w/o A-R,case2,704,10,4,2,0,False,False,1,1,0,10.633333333333335,0.4021728688179662,2.66674466237102,65.15
no_attention_residual,w/o A-R,case2,704,11,3,1,0,False,False,1,1,0,11.066666666666665,0.4133916370075917,2.6198098453210323,66.0
no_attention_residual,w/o A-R,case2,704,12,4,2,0,False,False,1,1,0,10.944444444444443,0.3883902715206535,2.7493667619496467,65.85
no_attention_residual,w/o A-R,case2,704,13,4,2,0,False,False,1,1,0,10.777777777777779,0.4760163113045574,2.7179849963320475,65.6
no_attention_residual,w/o A-R,case2,704,14,3,1,1,False,False,1,1,0,0.06666666666667236,0.3738040996194507,2.6559082507945955,65.95
no_attention_residual,w/o A-R,case2,704,15,4,2,0,False,False,1,1,0,10.722222222222221,0.5149307834663763,2.8041327876601763,65.5
no_attention_residual,w/o A-R,case2,704,16,3,1,0,False,False,1,1,0,10.800000000000002,0.41655660743037964,2.687917552406128,65.45
no_attention_residual,w/o A-R,case2,704,17,3,1,0,False,False,1,1,0,10.700000000000003,0.45163220682193655,2.637227650724862,65.25
no_attention_residual,w/o A-R,case2,704,18,3,1,0,False,False,1,1,0,10.788888888888886,0.39991429343248736,2.8876727398106303,65.45
no_attention_residual,w/o A-R,case2,704,19,3,1,1,False,False,1,1,0,0.1333333333333305,0.5305607621476202,2.82381731416168,65.3
no_attention_residual,w/o A-R,case2,704,20,3,1,0,False,False,1,1,0,11.099999999999996,0.513014874625915,2.607208685607967,66.1
no_attention_residual,w/o A-R,case2,705,1,6,2,2,False,False,2,1,0,0.1666666666666643,0.3616922969560907,2.683184140573964,67.775
no_attention_residual,w/o A-R,case2,705,2,5,2,0,False,False,1,1,0,10.344444444444443,0.5704356108160454,2.6840199274647816,64.55
no_attention_residual,w/o A-R,case2,705,3,6,2,1,False,False,2,1,0,5.1944444444444455,0.46478694897634876,2.6414823475417597,67.7
no_attention_residual,w/o A-R,case2,705,4,6,2,0,False,False,2,1,0,5.411111111111109,0.4451281490428355,2.780109739910835,68.475
no_attention_residual,w/o A-R,case2,705,5,5,2,0,False,False,1,1,0,10.244444444444445,0.34103387742395674,2.7492004676327357,64.25
no_attention_residual,w/o A-R,case2,705,6,6,2,1,False,False,2,1,0,5.227777777777777,0.34761172401134555,2.6296628845510246,67.825
no_attention_residual,w/o A-R,case2,705,7,6,2,1,False,False,2,1,0,5.1555555555555586,0.3539855617548624,2.5275776327084887,67.7
no_attention_residual,w/o A-R,case2,705,8,6,2,1,False,False,2,1,0,0.18888888888888525,0.26424746369201524,2.5156033238013524,67.82499999999999
no_attention_residual,w/o A-R,case2,705,9,6,2,0,False,False,2,1,0,5.172222222222222,0.4179592794689268,2.48316870548431,67.65
no_attention_residual,w/o A-R,case2,705,10,6,2,1,False,False,2,1,0,5.2333333333333325,0.41989169111582925,2.229564581658395,67.875
no_attention_residual,w/o A-R,case2,705,11,5,2,0,False,False,1,1,0,10.399999999999997,0.42279940449625464,2.405052042813748,64.6
no_attention_residual,w/o A-R,case2,705,12,6,2,1,False,False,2,1,0,5.194444444444442,0.4234991823016313,2.437602719219753,67.875
no_attention_residual,w/o A-R,case2,705,13,6,2,1,False,False,2,1,0,5.227777777777775,0.49610058519906375,2.7754025441272043,67.775
no_attention_residual,w/o A-R,case2,705,14,6,3,1,False,False,1,1,0,0.02222222222222096,0.5402325492553732,2.6644350866478828,41.25
no_attention_residual,w/o A-R,case2,705,15,6,2,1,False,False,2,1,0,5.194444444444446,0.31718476619690983,2.5050379265544396,67.725
no_attention_residual,w/o A-R,case2,705,16,5,2,0,False,False,1,1,0,10.255555555555553,0.4078704256487644,2.6149127038260107,64.3
no_attention_residual,w/o A-R,case2,705,17,6,2,1,False,False,2,1,0,5.177777777777776,0.30938971234450374,2.492204593071138,67.825
no_attention_residual,w/o A-R,case2,705,18,6,2,1,False,False,2,1,0,0.2333333333333331,0.38241918003227704,2.6214880361080857,68.0
no_attention_residual,w/o A-R,case2,705,19,6,2,1,False,False,2,1,0,5.316666666666666,0.4911440850165662,2.551523292894621,68.0
no_attention_residual,w/o A-R,case2,705,20,6,2,0,False,False,2,1,0,5.455555555555557,0.4315492742125338,2.587611231100844,68.275
