reference_sample_id,data_status,reference_severity_class,source_difficulty_score,effective_failure_severity,source_E_co_time_s,source_E_n_g,source_E_miss_m,source_E_t_s,E_co_time_s,E_n_g,E_miss_m,E_t_s
1,synthetic_planning_reference_v3,moderate,0.3671884464574108,1.5746372371485367,0.0608333333333331,0.155815100959486,2.63173769256959,38.5,0.07907197081209696,0.32022412848349757,3.2329647534340666,44.0
2,synthetic_planning_reference_v3,low,0.46174450392625327,0.15141655749032848,0.0833333333333286,0.203024047438897,2.98428007862642,31.05,0.1056971569753339,0.2249329414507963,2.9800490251389595,31.1
3,synthetic_planning_reference_v3,moderate,0.43895718644078735,1.7366752237442618,0.0424999999999969,0.204024830714689,3.10306402262995,32.55,0.08611946223684264,0.2866095821513404,3.839457593335139,40.800000000000004
4,synthetic_planning_reference_v3,low,0.8646572014663294,0.08075313205386213,0.158333333333366,0.130756801915058,3.23884582005335,34.85,0.1920092015025813,0.1120010324266429,3.2938418038219606,35.85
5,synthetic_planning_reference_v3,moderate,0.33911443077896825,2.2293827041256904,0.0758333333333539,0.192856915758986,2.91049274758638,31.4,0.13960799661732648,0.5752828956892607,3.5812342723749677,43.7
6,synthetic_planning_reference_v3,mild,0.136040724794041,0.5505212062829736,0.0275000000000048,0.190270206697486,2.93597561130937,32.05,0.01624440217274311,0.23650654536448953,3.2153594268735954,33.75
7,synthetic_planning_reference_v3,low,0.4200484308829827,0.05246646390708103,0.0816666666666862,0.161208245386472,3.22786915206773,33.05,0.07593755687320428,0.1543325797246332,3.322483906886487,33.75
8,synthetic_planning_reference_v3,moderate,0.5057462625677244,1.8843067985804585,0.120000000000027,0.145152308519479,3.32874309092452,29.35,0.17839057673730344,0.22837332168253485,4.322927352423188,38.6
9,synthetic_planning_reference_v3,low,0.45573482109750346,0.13283006036070613,0.0875000000000199,0.216461839603344,3.03072047565314,34.7,0.09310278250899791,0.2695842892782508,3.023834599928815,35.75
10,synthetic_planning_reference_v3,mild,0.45382065795070625,0.682922206845076,0.0625000000000171,0.224988895204547,2.98219293199097,32.45,0.06859413179817017,0.34422240228744366,3.4066173059257587,35.2
11,synthetic_planning_reference_v3,low,0.7501331222048798,0.15405728864808438,0.131666666666698,0.0947572724414859,2.92026057559567,32.75,0.16182221937549573,0.06802700057038945,2.9136235784120825,32.300000000000004
12,synthetic_planning_reference_v3,low,0.37631371143627124,0.07294854415822924,0.0741666666666845,0.160790074686905,3.24082729323248,34.55,0.0628751347660564,0.16531518475834006,3.3613636148915402,34.45
13,synthetic_planning_reference_v3,moderate,0.5375399983668102,1.4615753035399799,0.0550000000000097,0.208831216813965,3.24049785646734,32.0,0.0627035504500765,0.27133950521784495,3.966194992606403,38.800000000000004
14,synthetic_planning_reference_v3,mild,0.75383506172118,0.7310001783906745,0.107500000000022,0.110337509570215,3.35491200385582,35.65,0.13111900537032317,0.1645081222369197,3.97318778790335,38.15
15,synthetic_planning_reference_v3,moderate,0.658192100099498,2.0791597551760423,0.0608333333333491,0.196237071328945,3.00902244858685,33.15,0.09385179833028323,0.3515032198454788,4.319483418749715,42.45
16,synthetic_planning_reference_v3,mild,0.5637967760806473,1.4478244193319607,0.0374999999999659,0.198839002023672,3.12875944021243,30.9,0.038912184898871716,0.3251620605407624,3.8896857576581496,35.2
17,synthetic_planning_reference_v3,moderate,0.69752160975256,2.431477598737754,0.104166666666572,0.166242153564083,3.28962311488593,42.2,0.15979239998990455,0.3486322729744189,4.662790000927714,45.0
18,synthetic_planning_reference_v3,moderate,0.3187723366045973,0.9164793710612916,0.0524999999999523,0.210760983619369,2.49234160475036,29.65,0.07820307169932865,0.33853243830768814,2.639087785146822,31.450000000000003
19,synthetic_planning_reference_v3,mild,0.4964259965668695,1.264408367998373,0.05499999999995,0.142954468577435,2.91393366323409,30.75,0.10291085214015103,0.2735778179578988,3.5419420906302514,36.2
20,synthetic_planning_reference_v3,mild,0.4320055525176753,0.9568593720083342,0.137499999999875,0.211106056816091,3.12718295887678,35.7,0.17167739923611228,0.28593514777108925,3.9080566709070133,40.85
21,synthetic_planning_reference_v3,low,0.7477374975079922,0.13167288393681012,0.0566666666666265,0.187651970849092,3.52959210298463,31.65,0.07039481699503175,0.20474832507079405,3.8486258344942144,32.5
22,synthetic_planning_reference_v3,moderate,0.763672662385195,1.6053989214682782,0.0958333333332291,0.207766163184493,3.36795365054132,31.7,0.11611948370074002,0.36488009421450657,4.058030936540893,36.65
23,synthetic_planning_reference_v3,mild,0.924735328001348,1.0522248536909116,0.152499999999867,0.230383521333832,3.42701230666201,41.1,0.20313621818216737,0.3294491099826528,4.133509430472235,44.6
24,synthetic_planning_reference_v3,moderate,0.3580285756739244,0.7771656337023638,0.0683333333332655,0.144259108980993,2.73620780545206,31.75,0.07863943323226566,0.1479124166506763,2.895349268546822,34.800000000000004
25,synthetic_planning_reference_v3,moderate,0.9566989189037672,3.4615743493108333,0.268333333333089,0.118761809541695,2.81475641812666,37.85,0.4681528350242741,0.21337843539426796,4.645665212438062,44.75
26,synthetic_planning_reference_v3,mild,0.6436450175488778,1.7944562982318744,0.113333333333225,0.244620921204531,3.42544300909563,31.25,0.135620085358986,0.489363969148493,4.631040933757659,40.150000000000006
27,synthetic_planning_reference_v3,low,0.30616445614754934,0.08106298115351747,0.0524999999999579,0.138901184865284,3.01573135400676,30.0,0.03373854775713492,0.143356283942036,2.9799814523666077,29.25
28,synthetic_planning_reference_v3,moderate,0.14591699708075792,1.2776375348903306,0.0708333333332746,0.0885570471846007,3.11110453669832,32.75,0.098578468207875,0.12921240037248516,3.948305784722192,40.35
29,synthetic_planning_reference_v3,mild,0.6301388835102364,0.9494866742603845,0.105833333333226,0.199981137690587,3.08726922182115,34.0,0.12017203622105346,0.241120877639294,3.725238111390473,39.050000000000004
30,synthetic_planning_reference_v3,low,0.3662113084674065,0.08032571207392096,0.0449999999999648,0.167118176600415,3.14416623254147,32.35,0.03172453529913403,0.1813457786684403,3.231939361402856,32.25
31,synthetic_planning_reference_v3,moderate,0.7170850332358171,1.4813803280983417,0.060833333333278,0.121188842810906,3.45606200650544,34.6,0.09057284445072483,0.21806815829945553,4.509925991271962,42.2
32,synthetic_planning_reference_v3,mild,0.5231371883335432,0.7161092266913246,0.10666666666657,0.25276807475337,2.84809660171892,34.8,0.12712014993834744,0.331759553747099,2.9073957306820133,36.75
33,synthetic_planning_reference_v3,moderate,0.4181370110658464,1.5071877225193697,0.0491666666666106,0.134997870534296,2.96141480593651,33.45,0.045409616448017685,0.26176691114931444,3.6289224427449525,40.800000000000004
34,synthetic_planning_reference_v3,mild,0.31284435867067634,0.7833586949171704,0.110833333333244,0.149002182998707,2.46154945640841,40.5,0.14308414954997392,0.21972639111303602,2.4164119420051606,44.550000000000004
35,synthetic_planning_reference_v3,mild,0.3545617983623005,0.45710987308400836,0.0516666666666197,0.221791828554109,2.90241933713734,34.6,0.04015281508161796,0.299945247757603,3.0507488277620647,36.7
36,synthetic_planning_reference_v3,moderate,0.49320703078635025,1.4403259866887608,0.0716666666666015,0.0991330985779559,3.08981852123906,31.6,0.11470622194810497,0.1617909730535943,4.02227308522681,38.45
37,synthetic_planning_reference_v3,low,0.5165113032153733,0.08576019585088519,0.0658333333332735,0.160771424827282,3.09261815155988,36.0,0.062113959902578106,0.18116966282288494,3.141454226309627,36.800000000000004
38,synthetic_planning_reference_v3,mild,0.5747793813133203,1.4642955940408853,0.0583333333332916,0.175177505338873,3.15729661694749,35.95,0.07302026975895974,0.3340066011315949,4.074813417183907,44.400000000000006
39,synthetic_planning_reference_v3,mild,0.714954933494105,0.7807287088354941,0.120833333333223,0.190650594026042,3.1224924221541,36.35,0.1511614264341658,0.2987919323561439,3.6797700067439427,40.550000000000004
40,synthetic_planning_reference_v3,mild,0.07539051665357613,0.2879634015556014,0.0416666666666288,0.191375075674754,2.96994512640471,30.55,0.022242850539544484,0.19803784099228824,2.9111786520729734,31.200000000000003
41,synthetic_planning_reference_v3,mild,0.6442592956797203,1.3326590154275664,0.0974999999999113,0.114565797625668,3.48118171753788,38.4,0.11496882117648889,0.20740553438324968,4.265213403826272,44.35
42,synthetic_planning_reference_v3,moderate,0.5196567738802705,1.4706649397469724,0.0808333333332712,0.245928398829361,3.19183066394663,30.75,0.10110622404823333,0.4330342525728451,4.135844700341562,36.800000000000004
43,synthetic_planning_reference_v3,low,0.4589841567537872,0.08610198486562391,0.0499999999999432,0.198915411745271,3.44012649344909,31.25,0.03191396860157414,0.22624845102774804,3.7826773155340576,30.700000000000003
44,synthetic_planning_reference_v3,mild,0.24018494789464873,0.6424359780464591,0.066666666666606,0.112891834734064,3.31150674251378,32.15,0.07384547143714093,0.10985965373279177,3.7626299117033906,36.6
45,synthetic_planning_reference_v3,low,0.4160631773195197,0.08523962917526645,0.0633333333332303,0.164442386241477,2.61076306651002,34.95,0.05370484842667044,0.15483014709854429,2.3502625024670225,35.85
46,synthetic_planning_reference_v3,mild,0.5478587113694104,0.9555416512959651,0.0508333333332871,0.227130857802304,3.29991472396129,30.35,0.10278876072511993,0.32317582161936836,3.8830874792041894,33.0
47,synthetic_planning_reference_v3,low,0.3174928825369895,0.08090334426745108,0.0533333333332735,0.177256937214462,2.99853170606918,33.6,0.04764384777755094,0.1953451488241104,2.9944538216641394,33.9
48,synthetic_planning_reference_v3,moderate,0.280880007096514,1.0056439661992376,0.0716666666666015,0.126071232999995,2.91786059042471,30.25,0.07695076598047235,0.16824114022195383,3.4583737260443055,33.800000000000004
49,synthetic_planning_reference_v3,moderate,0.44528585227455886,1.3675967664481055,0.107499999999914,0.186589202688216,3.11485387242571,32.65,0.13935814745745262,0.26983757250670515,3.658396612988166,37.35
50,synthetic_planning_reference_v3,low,0.6872172447287594,0.10437065209680858,0.0583333333332916,0.261017704540549,3.00735471580301,32.05,0.05905045071099554,0.3240583363432809,3.0301788569087362,32.550000000000004
51,synthetic_planning_reference_v3,moderate,0.20421138876473321,1.0629977809120292,0.0808333333332712,0.0950985303877874,3.03379766654494,31.85,0.1075330609058631,0.08359798374045244,3.48531788110891,36.050000000000004
52,synthetic_planning_reference_v3,severe,0.36042918660943307,3.1277776775084685,0.0741666666666106,0.114819088391281,3.05674478268038,28.6,0.1865821532057821,0.35600394766620785,4.244770743267352,40.050000000000004
53,synthetic_planning_reference_v3,moderate,0.5854927566174657,1.036184312841497,0.070833333333303,0.226210083047484,3.43904121959225,33.5,0.06957239749969134,0.3255780626327398,4.425924269198102,37.15
54,synthetic_planning_reference_v3,moderate,0.42339369239026153,2.3467811917956998,0.0691666666666151,0.125859083896493,3.44245497266875,32.45,0.1122470696191677,0.33447718656852177,4.423807538321899,38.050000000000004
55,synthetic_planning_reference_v3,mild,0.6382165346307062,1.0297803357281166,0.113333333333219,0.108603403549747,3.36838707039277,39.95,0.15228785941912348,0.11156176512269808,4.017639895642224,43.900000000000006
56,synthetic_planning_reference_v3,mild,0.6155590851187119,0.6262912790652404,0.0583333333332803,0.239087994086964,2.73306828972563,31.45,0.06139214861860565,0.3389321679614763,2.7992191361331584,32.7
57,synthetic_planning_reference_v3,severe,0.6028834862451474,3.591948610560058,0.105833333333226,0.124684342422088,3.5007127435477,31.4,0.23497615589735543,0.5283416891516575,5.908463863906431,44.650000000000006
58,synthetic_planning_reference_v3,moderate,0.3248507197541869,1.7339588296740895,0.0716666666666015,0.0876492392052778,2.97916415388097,31.6,0.11389239473758046,0.0992528794480454,3.8568614178449323,38.650000000000006
59,synthetic_planning_reference_v3,low,0.5557015349037862,0.11288486883576829,0.0874999999999091,0.206411769473979,3.64114519586269,32.05,0.08844871598142956,0.23963910739219085,4.097464367701524,32.6
60,synthetic_planning_reference_v3,severe,0.4511962295951991,2.8125593002407983,0.0683333333332712,0.194347835971634,3.26587289331933,31.1,0.1343049154209768,0.5706155706140976,4.990050993676236,38.45
61,synthetic_planning_reference_v3,low,0.41566540074594205,0.06610031686687685,0.0741666666666219,0.120580416554798,3.63091418219778,31.05,0.08146880162487574,0.11654844033489711,3.9087570776289837,30.150000000000002
62,synthetic_planning_reference_v3,moderate,0.6361148352338423,1.665938964828608,0.109166666667056,0.135606420729121,2.80616788233591,31.6,0.17884031007019152,0.22855214989158332,3.690461057845711,38.800000000000004
63,synthetic_planning_reference_v3,moderate,0.423224470057035,2.3511797753069157,0.0591666666668971,0.178870197914363,3.24325436298689,33.75,0.09279008203601256,0.4105960123453936,4.445862602125422,44.550000000000004
64,synthetic_planning_reference_v3,mild,0.4619518844841667,0.4592497936402346,0.0550000000002001,0.198269681673262,3.12062165757581,33.4,0.04957954895296891,0.25275553061322387,3.3358382424432986,35.9
65,synthetic_planning_reference_v3,moderate,0.32014372157177456,1.2027883244722912,0.0883333333336395,0.132734760603241,3.34804708237125,30.35,0.11678252852134685,0.1210876922772348,4.072926559191248,33.95
66,synthetic_planning_reference_v3,mild,0.5081877777363997,0.31742144107876447,0.0741666666669289,0.182783003924133,2.96845721951895,32.15,0.06875108092446441,0.21173294467524056,3.1035586432017395,33.7
67,synthetic_planning_reference_v3,moderate,0.14322589039985628,0.8171520089728632,0.0750000000002728,0.201039527730671,2.80961032297709,28.45,0.09152778384518218,0.2518067979096033,3.313531541974384,30.200000000000003
68,synthetic_planning_reference_v3,moderate,0.41137688764341157,3.116958964349744,0.113333333333753,0.116333700242427,3.05116610781894,34.35,0.21915848689077075,0.30883314991699023,4.874740842186762,44.95
69,synthetic_planning_reference_v3,moderate,0.0907892855746251,0.8012986876418039,0.0508333333335258,0.0843347158540126,2.99141871016158,31.95,0.04064959699287142,0.07175160171851289,3.253476238645044,34.2
70,synthetic_planning_reference_v3,mild,0.18150967920447036,0.8737121144156772,0.0391666666668016,0.187109018528063,2.91115647926769,33.55,0.03468249865559751,0.21041467059282923,3.320094844892972,35.6
71,synthetic_planning_reference_v3,moderate,0.3586174422448251,1.1121452016941484,0.0466666666668516,0.138736009140844,3.40900944010872,32.55,0.06710269438242614,0.15938234994199738,3.924092312076272,36.2
72,synthetic_planning_reference_v3,low,0.2013581679883933,0.05868486431225675,0.0908333333336941,0.0823590778908487,3.07370103473895,31.9,0.10105453843673194,0.04498264957306037,3.1622083602974556,31.950000000000003
73,synthetic_planning_reference_v3,low,0.6489022867848371,0.214521448704779,0.0958333333336668,0.173944132954045,3.20802573505451,31.75,0.11231480014807872,0.2138161897944583,3.323524404225033,32.1
74,synthetic_planning_reference_v3,moderate,0.29716663452113684,2.5260553484332338,0.055833333333544,0.190345910699642,3.07952230092183,32.85,0.12983564307946732,0.3233665344218877,3.846277549592688,41.6
75,synthetic_planning_reference_v3,severe,0.7246511811425107,2.728528558842306,0.0975000000003547,0.100819850506829,3.19817070213234,35.75,0.18145666600048943,0.2300821014456887,4.42084796569981,44.95
76,synthetic_planning_reference_v3,mild,0.723054560649802,0.6891653681249009,0.105833333333749,0.24924219480061,2.76167508687376,32.4,0.1129923194367117,0.30528471664027457,2.9152077995748216,35.65
77,synthetic_planning_reference_v3,severe,0.4486670388790648,7.127914688054799,0.0308333333334531,0.182109050179749,3.44082615143554,32.0,0.11099901288379206,0.48609182475751694,6.940744930599188,45.0
78,synthetic_planning_reference_v3,low,0.8489819579786984,0.1166484842191908,0.140833333333853,0.13209571684204,3.27430387171979,36.15,0.17359026104902528,0.11004291632545178,3.390944584402081,37.9
79,synthetic_planning_reference_v3,low,0.4157326136285526,0.03708513286448401,0.0850000000003092,0.19939608326071,2.87651977386976,33.25,0.09204153206863222,0.2164566034183044,2.750685984508897,34.15
80,synthetic_planning_reference_v3,low,0.4935374916110289,0.10785780529031821,0.0700000000002547,0.134186732037583,3.01077975493291,32.45,0.07100629145368476,0.1216592525408808,3.0366380782358213,32.85
81,synthetic_planning_reference_v3,low,0.8914252506322675,0.08011075868301226,0.165833333333944,0.127658438206748,2.94889825531361,43.45,0.19796680451339208,0.0965866957891867,2.8925698843693923,44.7
82,synthetic_planning_reference_v3,mild,0.7252462337727706,1.3369268627156583,0.0916666666670153,0.212350951731776,3.22808190783639,34.25,0.10193242242599276,0.34549791893253123,3.8844085050368147,38.35
83,synthetic_planning_reference_v3,low,0.4585768100494851,0.07452028095405222,0.113333333333753,0.133579113293919,2.85711235239572,32.8,0.11503220986191487,0.11422873739099297,2.75489368378413,33.1
84,synthetic_planning_reference_v3,mild,0.4813111049049406,1.0228357112070385,0.0458333333335986,0.21621704347001,2.99321156856556,32.35,0.06230950683697507,0.2989045254453157,3.3804619359040755,37.800000000000004
85,synthetic_planning_reference_v3,moderate,0.7482806022643888,2.1951097520406995,0.0816666666669562,0.217114888469789,3.22813915201537,29.75,0.1305574321953077,0.3221155207412804,4.285056578102952,39.7
86,synthetic_planning_reference_v3,mild,0.47790477521175345,0.8791097089193998,0.104166666667038,0.0940286962992389,3.25254075578304,36.0,0.12569454193449214,0.09289378788067794,3.8881043498427323,39.550000000000004
87,synthetic_planning_reference_v3,mild,0.5731766987118907,0.8062075665993698,0.0625000000002729,0.194248704835977,3.03339163451722,32.0,0.0743217765321507,0.25840061331225905,3.2792038118860893,34.2
88,synthetic_planning_reference_v3,mild,0.4374759597536028,0.622081304928327,0.0625000000002274,0.225590448376553,2.93793304412364,34.35,0.06488000309554717,0.2849423671060733,3.204891915315147,36.65
89,synthetic_planning_reference_v3,moderate,0.5259774564869452,3.0896742176527265,0.116666666667084,0.124725075531505,2.87905719661578,35.65,0.19584792789316477,0.5062007846381724,4.357870204877084,43.550000000000004
90,synthetic_planning_reference_v3,moderate,0.5651268222002427,1.0038023945239203,0.0766666666669607,0.243120101992374,2.84186723961665,31.95,0.09872580474440283,0.33376758839163045,3.203448142558004,34.95
91,synthetic_planning_reference_v3,severe,0.6086748080824579,4.806866791445702,0.105000000000405,0.220792363279563,3.03465609328287,33.4,0.2267640091884033,0.6114496531134315,5.710465479669265,45.0
92,synthetic_planning_reference_v3,mild,0.7863794525211305,0.6711867386688514,0.145833333333849,0.185536187617522,3.22598103082981,37.85,0.21307338097584877,0.28894546945457583,3.706151551846117,42.95
93,synthetic_planning_reference_v3,moderate,0.6618945445668256,1.3982558210512872,0.0600000000002183,0.208969204139384,3.14893238388,31.05,0.12477838454186492,0.27621144204461495,3.7152894504098297,36.45
94,synthetic_planning_reference_v3,moderate,0.38789496960177305,2.5451529435195797,0.0508333333335486,0.137644788510875,3.55107812017026,29.5,0.06660665277501472,0.4116032696640628,5.335727040296321,36.550000000000004
95,synthetic_planning_reference_v3,moderate,0.771642718659885,2.0310404639703243,0.145833333333917,0.141735747816659,3.18322026637739,33.8,0.21482306092338327,0.3121158924146458,4.288216474469929,39.25
96,synthetic_planning_reference_v3,mild,0.5212299878591028,0.5042439941326693,0.0650000000002365,0.189521130781011,3.21189466820951,32.4,0.06879999875935178,0.23233024086109802,3.5118999950361984,34.6
97,synthetic_planning_reference_v3,low,0.505516922319108,0.0734171805545929,0.0616666666669062,0.199985756202264,2.75435348982716,32.4,0.05741241781745565,0.23765859289609942,2.5974939876475274,31.75
98,synthetic_planning_reference_v3,severe,0.27912057083796576,2.8199211924212952,0.106666666667047,0.0887534837601357,3.08277769448875,35.4,0.20395326546066841,0.23012238935616644,4.590774408454781,43.300000000000004
99,synthetic_planning_reference_v3,low,0.6694748274145447,0.11676996303031673,0.0941666666670244,0.247659198949646,2.83978284485074,33.4,0.09777097731084743,0.290320386409748,2.821875691274949,33.45
100,synthetic_planning_reference_v3,severe,0.5852597286939623,3.0610641380239545,0.0666666666669016,0.124112121319979,3.04001127130041,31.45,0.09555854336333858,0.16457764678478723,4.508374891284744,42.150000000000006
101,synthetic_planning_reference_v3,mild,0.7672208029548093,0.7449507134925603,0.104166666667015,0.101763460092862,3.06261723832721,34.05,0.14046875627330996,0.10688298596761846,3.5074059357099174,36.1
102,synthetic_planning_reference_v3,moderate,0.37406792245576453,1.4488278478365952,0.0691666666669562,0.191698443538943,3.08870756926491,31.9,0.11481931570817382,0.34607000774708996,3.7527728469447927,37.550000000000004
103,synthetic_planning_reference_v3,mild,0.44282435079745386,0.7142143511157654,0.0441666666668198,0.206747781202237,3.20908147990806,30.1,0.05138599342847156,0.26463691265257455,3.6497059529061233,31.75
104,synthetic_planning_reference_v3,mild,0.6461871108655475,0.9647856069358333,0.138333333333821,0.0991644186446114,3.32439991183294,35.4,0.18087267086917017,0.09403967736465882,4.027360823805067,40.2
105,synthetic_planning_reference_v3,mild,0.7851929429120004,1.1316522241280271,0.130000000000496,0.214672721502811,3.17455585419854,36.95,0.17354114785313235,0.4333060177740688,3.8081106537948255,42.75
106,synthetic_planning_reference_v3,moderate,0.5336127026649019,2.0642076249424623,0.0900000000003274,0.20851695821788,3.53451682490081,33.45,0.14508495531919316,0.372431629305207,4.978604039729681,42.7
107,synthetic_planning_reference_v3,moderate,0.7631940660700194,3.481293334316593,0.144166666667206,0.162556379287649,2.90970208821022,37.2,0.2552075153016179,0.41111335916971226,5.514219172909778,45.0
108,synthetic_planning_reference_v3,mild,0.392010974596137,0.4677266376197696,0.0508333333335713,0.235688463915828,2.77264352133298,30.8,0.06536194070976335,0.30702646800080585,2.7633553390128234,31.950000000000003
109,synthetic_planning_reference_v3,moderate,0.4848338665881124,2.167002367067075,0.0725000000002638,0.14456218317002,3.18081470192083,34.95,0.11585018918050853,0.32656082410946874,4.110586506396702,44.95
110,synthetic_planning_reference_v3,moderate,0.8445351383538864,1.869793920211429,0.145833333333849,0.166505814149996,3.33369487988698,36.3,0.1962704192717909,0.3758162626887456,4.240719589949971,43.95
111,synthetic_planning_reference_v3,low,0.21386514980327706,0.06127453062622251,0.0491666666668152,0.148220748040676,2.84579223910534,33.65,0.03146826977111556,0.16077605428628555,2.806080088674027,34.15
112,synthetic_planning_reference_v3,moderate,0.5748638457881251,0.8305524622555605,0.105000000000359,0.11858954852494,3.32097905596008,35.85,0.13232224581008978,0.10502887374774895,3.974774561941363,37.050000000000004
113,synthetic_planning_reference_v3,mild,0.3773962743824917,0.7499567380856768,0.0758333333336395,0.241327160374859,3.01733561637623,33.95,0.07990494749198195,0.3322504960043837,3.4429758494082643,38.0
114,synthetic_planning_reference_v3,moderate,0.2090825999171968,1.075892666812725,0.0441666666668652,0.123647863292222,2.81377118973152,33.1,0.025285836231774043,0.20516620968429097,3.1037218192116565,35.65
115,synthetic_planning_reference_v3,mild,0.6473713226573855,0.5579798535208284,0.15083333333389,0.126957151711656,3.15225013452568,36.45,0.1891222748175046,0.10841426868424749,3.4773785988029196,40.25
116,synthetic_planning_reference_v3,moderate,0.2655356923207818,2.1449248776788017,0.0600000000002638,0.230380075037511,3.13718244080404,33.6,0.08478364710055798,0.4092650307328982,4.287474461397669,38.1
117,synthetic_planning_reference_v3,moderate,0.27512147461703806,1.7576284153941963,0.0808333333336577,0.0768507533838619,3.13024914383731,32.1,0.10270683202438495,0.09370894197035762,3.948521278105141,35.45
118,synthetic_planning_reference_v3,severe,0.7614417975079745,3.593044038705502,0.100833333333662,0.155156858606632,3.0347992999939,38.2,0.232963796389671,0.4092176691044736,4.727853583334543,45.0
119,synthetic_planning_reference_v3,mild,0.4170357668356091,0.8437071910610817,0.0625000000002729,0.196817091592143,3.15710860951807,32.0,0.07835692465830718,0.26632723459655694,3.54970794693033,35.300000000000004
120,synthetic_planning_reference_v3,low,0.7512515471877766,0.14422996034786079,0.158333333333894,0.145106987001393,3.44341940500092,33.9,0.18952242765017469,0.14813658717317582,3.783669271027432,34.6
121,synthetic_planning_reference_v3,mild,0.3507178635066294,1.0990671840922155,0.0700000000003001,0.189524978863291,2.91605322164669,34.0,0.0802899063381158,0.291879759067511,3.6490613246054298,38.650000000000006
122,synthetic_planning_reference_v3,low,0.36475918187653694,0.09031826491074632,0.0516666666667788,0.166520719463039,2.94229254126569,35.4,0.04791958686569308,0.1684773524723508,2.968869988347535,36.15
123,synthetic_planning_reference_v3,low,0.855462438294194,0.11306304548538244,0.128333333333785,0.19031427302745,3.3658578486441,39.0,0.1495184972263221,0.20823621926273253,3.6406231166551417,40.75
124,synthetic_planning_reference_v3,mild,0.3634799231731284,0.5332448918777243,0.0525000000001455,0.12768607680823,3.53419290971773,32.05,0.0541902548816455,0.15257170807039966,4.07608117596513,34.45
125,synthetic_planning_reference_v3,mild,0.43112552003693483,0.8079400198926269,0.0608333333335395,0.112728111668265,3.05720011121953,35.7,0.0689614574821257,0.12880912035348094,3.38021053994638,39.5
126,synthetic_planning_reference_v3,moderate,0.4259536763427405,1.6212446662578903,0.0816666666669789,0.236814407075463,3.0709228252922,33.1,0.09402548083036759,0.41156798525695076,3.871063531343025,39.6
127,synthetic_planning_reference_v3,mild,0.4066112737006988,0.3863362725026206,0.0516666666668243,0.117931483201938,3.75164930247227,35.2,0.03871922095733279,0.09599536231789024,4.289017571304758,36.9
128,synthetic_planning_reference_v3,mild,0.5423720635512985,0.7155326761360125,0.0950000000003001,0.153394884995258,2.74709062117621,35.85,0.10633957097197227,0.17102302961982782,2.841043931596255,39.45
129,synthetic_planning_reference_v3,low,0.7284370890770729,0.13399485291330893,0.0575000000001637,0.235238128240702,3.45892705024491,30.1,0.04282542575337899,0.2910439578507088,3.7331540799919405,30.0
130,synthetic_planning_reference_v3,mild,0.23881202150119657,0.8905098985954509,0.0658333333336032,0.116403569361759,3.04508047284736,30.8,0.08328910337729684,0.1889152394663529,3.486996923452038,32.800000000000004
131,synthetic_planning_reference_v3,low,0.8887210358865384,0.09207370121847262,0.0983333333336759,0.129170677009312,3.58608436786153,37.65,0.10503729711470025,0.09841369242608704,3.9572077481472654,38.6
132,synthetic_planning_reference_v3,mild,0.5529754619131642,0.9048994389753932,0.0416666666668334,0.257025368960854,2.67133328674819,33.0,0.049507324468861316,0.39214175404522045,2.8469916694983097,36.15
133,synthetic_planning_reference_v3,severe,0.4417180367714986,2.5862259988397094,0.123333333333767,0.0901307502748821,3.64386947961953,34.05,0.21213692340367393,0.2471718832327104,5.637167471174254,43.35
134,synthetic_planning_reference_v3,moderate,0.5931421253077167,1.938003908272981,0.088333333333685,0.18038834432886,3.40527568035034,39.55,0.11623994909266049,0.318184881955887,4.662318238896743,44.95
135,synthetic_planning_reference_v3,mild,0.3809646645102345,0.5184803189534148,0.0616666666669516,0.165102425479847,3.28867276090126,32.5,0.0696519758735606,0.21872438463876892,3.5974938389049838,34.4
136,synthetic_planning_reference_v3,moderate,0.48174062648273996,1.5571527423726823,0.0875000000002728,0.119762007553637,2.91602950341828,33.5,0.11484138931928432,0.19524738742057168,3.8296808201702763,39.400000000000006
137,synthetic_planning_reference_v3,mild,0.32237224535718206,0.5412587669297577,0.0575000000001637,0.190192695325023,3.06660181491203,28.65,0.0497918635571843,0.2606977100242944,3.3394294939211457,30.25
138,synthetic_planning_reference_v3,moderate,0.6552063564682619,0.9605265481189719,0.0716666666668971,0.208391174646969,3.04170278648878,32.05,0.07334949901885447,0.295563729899571,3.483689338959228,35.0
139,synthetic_planning_reference_v3,moderate,0.6139573798551206,1.1985286650895002,0.170833333333985,0.107550464652582,3.50659279227078,35.8,0.24444843880194417,0.11580079841282168,4.321511570279523,42.1
140,synthetic_planning_reference_v3,mild,0.2850661013224555,0.46340415829251663,0.0850000000003092,0.212085267060363,3.26712175475113,34.1,0.10344109627428508,0.25278781741053385,3.607684070062099,35.6
141,synthetic_planning_reference_v3,mild,0.44031370505076844,0.665870744168924,0.0616666666668607,0.201783894541098,2.88328863347332,33.0,0.05769039292755648,0.2615905418540905,3.048097566284379,36.6
142,synthetic_planning_reference_v3,low,0.6222746915770551,0.11258323246982536,0.0716666666669425,0.135604721322352,2.95599200755692,39.9,0.06876183574844942,0.13159702583768423,2.8537604441145903,41.85
143,synthetic_planning_reference_v3,mild,0.3154613694811401,1.3822892052998659,0.0658333333335577,0.159745931093298,2.990097789167,31.9,0.09308421182836993,0.21819815397866685,3.631077693000398,36.65
144,synthetic_planning_reference_v3,mild,0.4041561551533762,0.5864756016796688,0.0691666666669335,0.125153923547888,2.66658829352947,32.8,0.07519897628339481,0.12269657740615487,2.7964943955355435,34.300000000000004
145,synthetic_planning_reference_v3,low,0.3833809006596593,0.1071402404655708,0.112500000000409,0.138403964955439,2.55761415652152,28.1,0.1459307710229379,0.11886237764000412,2.3413924317864554,26.85
146,synthetic_planning_reference_v3,moderate,0.4098077546408111,1.888583769722922,0.0791666666669244,0.175485310370212,3.06976302836067,33.6,0.09831081575565125,0.32985705789253417,3.9895655546661173,41.1
147,synthetic_planning_reference_v3,severe,0.6299626352875618,3.6722523037493624,0.148333333333812,0.112848775017202,3.37431193575321,37.5,0.2388234097637031,0.46398651262240076,5.576368771178357,45.0
148,synthetic_planning_reference_v3,mild,0.2862227837526217,0.43336168034868305,0.0791666666669698,0.241109811217116,2.59980648689487,31.7,0.08310002705574795,0.3138066586511612,2.6303256213265,33.050000000000004
149,synthetic_planning_reference_v3,mild,0.7180274339245415,0.9459580364034892,0.140833333333831,0.145636666853127,2.97529975973438,34.35,0.17994338360911732,0.14397697520357453,3.2785232338335244,37.95
150,synthetic_planning_reference_v3,moderate,0.34204206269279,1.6279907087744783,0.0525000000001455,0.126017537826652,3.07640057887286,35.15,0.10091293771891763,0.21591470858399697,3.592013652919894,42.2
151,synthetic_planning_reference_v3,moderate,0.47551127831849066,2.2108378440823735,0.0708333333335759,0.220636669850483,2.505845177926,34.75,0.09246811567082135,0.38140762245333426,3.4043729382227332,43.95
152,synthetic_planning_reference_v3,moderate,0.3707884304664008,0.9156665107459498,0.125833333333821,0.0977023880612737,2.96545548105149,31.9,0.17357793432221283,0.16006945196612163,3.464485917292299,35.45
153,synthetic_planning_reference_v3,mild,0.30254982190781854,0.44590616829242236,0.0458333333334849,0.148715847604939,2.86877689817279,35.7,0.030979743550686865,0.15866514561532144,3.0429914899149466,38.35
154,synthetic_planning_reference_v3,moderate,0.5208959824242322,1.0779673893260993,0.0808333333336122,0.223657234031324,3.1640451614018,33.15,0.10720565516425916,0.353430483442616,3.630866422476909,39.5
155,synthetic_planning_reference_v3,low,0.6152505798283191,0.12887843142606095,0.164166666667325,0.100616151839565,3.1150742339526,34.7,0.1909361593124002,0.06980262975796428,3.2374186366436697,35.1
156,synthetic_planning_reference_v3,mild,0.4502022759068163,0.4218870235656512,0.0583333333336213,0.186747313707867,3.59880168574431,33.2,0.044615892407198404,0.23277834321139224,4.080751741540644,36.050000000000004
157,synthetic_planning_reference_v3,mild,0.8151986722125788,0.9371647252155048,0.131666666667115,0.200159679098995,3.39692704937669,35.0,0.17814406604592697,0.2552176858737843,4.202947441795297,38.5
158,synthetic_planning_reference_v3,moderate,0.8508257414691255,2.3573752219467976,0.144166666667206,0.182694567155987,3.21497598036958,39.6,0.18250176848987898,0.37563341705932457,4.519240306983698,45.0
159,synthetic_planning_reference_v3,moderate,0.4464562818037018,2.309445684854918,0.0491666666669971,0.188291130316043,3.241782558986,31.85,0.07866644750486704,0.3011710232937015,4.725408669966507,38.650000000000006
160,synthetic_planning_reference_v3,low,0.1223406135313994,0.08286024642476204,0.0758333333335941,0.0812878182229157,3.2322078375675,33.3,0.07638682527195988,0.046063543933740486,3.285228948367984,33.75
161,synthetic_planning_reference_v3,moderate,0.4914157118687865,1.9215825960088302,0.103333333333603,0.211703284716939,2.90789869647184,32.65,0.11573825518274193,0.32718069700975017,3.629762796112564,40.5
162,synthetic_planning_reference_v3,mild,0.40233359564334104,0.9416490975506895,0.0500000000001364,0.20488617404763,3.06094606517963,30.15,0.06866271270142192,0.30284459489704746,3.57604249404487,33.550000000000004
163,synthetic_planning_reference_v3,mild,0.6012755714790399,1.3051932728945679,0.0675000000002456,0.165578913044749,3.42521636771009,34.9,0.1250617046455421,0.2843447261534529,4.132505245369715,42.300000000000004
164,synthetic_planning_reference_v3,low,0.9103674174383294,0.13349798949202762,0.132500000000528,0.27893158618029,3.0260441588094,36.45,0.1527408428662147,0.3448783028266857,3.1114875713181167,37.300000000000004
165,synthetic_planning_reference_v3,moderate,0.6883428669070656,1.496788191956318,0.0633333333335941,0.170063934252421,3.28123457785941,33.0,0.08823936379831816,0.21491639258369424,4.110693006152907,39.300000000000004
166,synthetic_planning_reference_v3,low,0.8946010931175273,0.1184116376788375,0.161666666667179,0.118313327101019,3.15754495265575,36.0,0.2009966284806753,0.10638798848015171,3.2353755290707196,37.2
167,synthetic_planning_reference_v3,mild,0.7156507766229003,0.778871910259004,0.0808333333335668,0.228366367493423,3.49230551139873,33.5,0.08893487841463654,0.30765612285299904,3.988787537771725,35.800000000000004
168,synthetic_planning_reference_v3,low,0.434268413812338,0.17242859126388937,0.0741666666669516,0.111822949701584,3.40551739038418,35.45,0.07053884551303252,0.0951182129158321,3.7112149497892015,37.1
169,synthetic_planning_reference_v3,mild,0.49166547053249987,0.7824394588570767,0.085833333333585,0.164368177914387,2.81574969869697,34.6,0.10718556421674497,0.21214137630122304,3.3882325943477216,38.900000000000006
170,synthetic_planning_reference_v3,moderate,0.31067217228121424,2.1561886072934886,0.0450000000001637,0.193618787123258,2.53984054702404,29.95,0.07234883965184193,0.27833876032100413,3.468705444207025,38.400000000000006
171,synthetic_planning_reference_v3,mild,0.6540211559624387,0.7348529314375147,0.0875000000002728,0.126336841222375,2.98522299142765,34.55,0.10661829991961476,0.12898148597922876,3.4385573656584323,38.5
172,synthetic_planning_reference_v3,mild,0.48735480035667367,0.6492537917944019,0.084166666667079,0.109023868725717,2.9764684623541,34.4,0.08950620703174213,0.10783944029033554,3.2176472339816033,36.300000000000004
173,synthetic_planning_reference_v3,low,0.40567579736188863,0.1291174046599688,0.0683333333335668,0.221824088115939,2.90672049743791,32.7,0.06161927834428305,0.2398921103938166,2.8656346046157934,32.7
174,synthetic_planning_reference_v3,moderate,0.5849964788227172,1.3786334894553325,0.111666666667043,0.0830001460211673,3.24233759691285,33.75,0.1544988368997133,0.1653914484595458,4.10533463993228,40.0
175,synthetic_planning_reference_v3,low,0.42364638525865655,0.09333430819513096,0.0950000000003911,0.121614907393066,3.00936659747437,32.25,0.10807968756305465,0.10777572930145833,2.9892822642822736,33.300000000000004
176,synthetic_planning_reference_v3,moderate,0.61564959819578,3.4761756085588558,0.0458333333335304,0.215345070516812,3.00432764018031,29.2,0.08977815496911544,0.624324364675327,5.170957095391272,38.95
177,synthetic_planning_reference_v3,low,0.5657036835246629,0.09823440942499843,0.0566666666668425,0.190460976953141,2.99809478927527,31.5,0.04273546959691154,0.218866817942812,2.9853984904416087,31.400000000000002
178,synthetic_planning_reference_v3,mild,0.6693501683010488,0.9341159989676873,0.183333333334031,0.083728393444732,2.82304016687869,34.3,0.24248692990816534,0.16090362965134303,3.1750041976677106,38.35
179,synthetic_planning_reference_v3,low,0.3215999798291061,0.047053674586349944,0.0533333333336031,0.185330112082786,2.68160747418226,30.45,0.04460901485859869,0.19823840385382502,2.433446175123202,29.25
180,synthetic_planning_reference_v3,mild,0.5224345993753744,0.9152902133608422,0.0658333333335122,0.199688916266514,3.50665221355155,32.55,0.0664104924988384,0.280698832446038,4.100751827856701,35.9
181,synthetic_planning_reference_v3,low,0.3877827249099017,0.09075685393977209,0.0675000000002456,0.154223320403782,3.33205783233802,32.6,0.05392185247560004,0.15725220065341028,3.430990867315768,32.550000000000004
182,synthetic_planning_reference_v3,mild,0.3642499095278325,0.7311710537804328,0.0783333333336032,0.157548182558613,3.14839301245463,30.2,0.10875935127438727,0.21050916088532512,3.6129995158669224,31.6
183,synthetic_planning_reference_v3,low,0.6033398528744804,0.08091823782344977,0.0808333333336577,0.1925037724258,3.14307343822615,32.85,0.0795669616754251,0.2237650886924155,3.238155165057577,33.300000000000004
184,synthetic_planning_reference_v3,low,0.23587717388897678,0.044722246086032175,0.0558333333334758,0.175127346823929,3.13146714872985,30.5,0.04861876987740929,0.18293957838606525,3.1688648485263067,29.3
185,synthetic_planning_reference_v3,mild,0.3752747042081847,0.9044606126452918,0.125833333333776,0.077321320407955,3.43209287703757,34.0,0.1624058810714819,0.08822620379545965,4.060041337218461,36.7
186,synthetic_planning_reference_v3,low,0.3866346191788933,0.04533353932137312,0.105833333333703,0.207962875083226,2.79565826738034,36.15,0.1145583242036154,0.23861489110141682,2.6245991058578966,36.95
187,synthetic_planning_reference_v3,moderate,0.49644562633601896,1.0939302124875994,0.0416666666667879,0.182118908002986,3.16293952707345,31.95,0.04619493896834122,0.2345839686460139,3.9207013218928464,35.85
188,synthetic_planning_reference_v3,mild,0.5540502147618788,0.8281057484333103,0.121666666667079,0.104866468705588,3.05108621192983,34.3,0.14692941393130887,0.10846152615907802,3.5120809223201914,36.75
189,synthetic_planning_reference_v3,moderate,0.5286007918131822,2.4573142748852623,0.0583333333336213,0.215284812901632,2.82544657632759,31.5,0.1044115288052519,0.44765473052200827,3.6973246198981213,40.0
190,synthetic_planning_reference_v3,low,0.20346487728197307,0.07115240581736097,0.069166666666797,0.158343459070483,2.84014703809592,33.45,0.06690629050062241,0.153353205259353,2.75291139209906,34.0
191,synthetic_planning_reference_v3,mild,0.579571390596146,0.9718855820309372,0.0725000000002638,0.0865757421135513,3.45758296336221,34.0,0.11219150158907501,0.10866311215057783,4.117672735296374,38.45
192,synthetic_planning_reference_v3,severe,0.4707036601877731,2.2928325313816864,0.0691666666668425,0.192460470402434,3.3705198288214,31.15,0.12162405555489589,0.4414050554451764,4.212272810820141,38.900000000000006
193,synthetic_planning_reference_v3,moderate,0.5265921034461378,0.8672242201543648,0.0508333333335031,0.210023589123814,3.48255616467918,33.9,0.038925343740894944,0.3427184427511045,4.186185024087847,37.800000000000004
194,synthetic_planning_reference_v3,mild,0.23956878332154694,1.3771118423488313,0.0975000000003092,0.111491362297412,3.0606325195633,29.0,0.124493420395729,0.15123678126423187,3.6771825371899243,34.25
195,synthetic_planning_reference_v3,mild,0.6247112215274253,0.7586372016742641,0.121666666667124,0.150740167548792,3.02274661290672,33.7,0.15791859979933387,0.21375675084109924,3.5816860475500962,36.550000000000004
196,synthetic_planning_reference_v3,mild,0.6095762121516348,0.9219195545826231,0.0591666666668971,0.187227728018535,3.1569374269367,34.55,0.06430657215642553,0.2439217957181922,3.6136424116883346,38.35
197,synthetic_planning_reference_v3,mild,0.3663274027465262,0.7174743948702511,0.0691666666669335,0.164340957551386,2.72261531473057,34.8,0.08965517226494565,0.20736964775911002,3.001222546550014,37.0
198,synthetic_planning_reference_v3,moderate,0.6642796338116534,1.3846872198865465,0.105000000000473,0.186585708384524,3.0534711872858,32.65,0.16073310302061655,0.31631866014741156,3.9329415762594024,38.050000000000004
199,synthetic_planning_reference_v3,moderate,0.4729932151952168,2.5724379579914682,0.0683333333336577,0.226498531566009,3.56024165734866,32.0,0.12272415317047698,0.4950446464792362,5.436374311485626,42.5
200,synthetic_planning_reference_v3,mild,0.5242275719524779,1.059546000767122,0.136666666667088,0.135411108589289,3.24562447259039,36.5,0.17105520971069826,0.17303195194026655,3.5887724407885613,40.7
201,synthetic_planning_reference_v3,low,0.6593783151136985,0.1431308181999861,0.130000000000382,0.197039541467329,3.39998502507793,30.7,0.14612473680994234,0.21532853181704426,3.5670983776897476,30.55
202,synthetic_planning_reference_v3,severe,0.39567898935067,2.4796124156543957,0.0616666666668607,0.158348194325343,3.6145246088777,28.5,0.14659092526395784,0.2357516557441001,5.446610754640866,38.45
203,synthetic_planning_reference_v3,moderate,0.49712408749908554,1.747739739095857,0.0658333333336032,0.224522491568801,2.77503751326414,29.35,0.08986945101404602,0.3799593202135934,3.7024718624657194,32.35
204,synthetic_planning_reference_v3,mild,0.17235813756914486,0.3074392323941241,0.0416666666669244,0.0929869400941464,2.48427965833632,31.45,0.03387874135508646,0.06145386662640903,2.3182604267859865,32.1
205,synthetic_planning_reference_v3,mild,0.4213440553667814,0.6117146553434993,0.0858333333337669,0.107056295056374,3.02115627369192,34.25,0.1052565850046489,0.10796848262256367,3.2900449982736593,36.2
206,synthetic_planning_reference_v3,low,0.7913019243498377,0.1233796039404772,0.0866666666669516,0.256693487596715,3.30003472550349,32.95,0.0822662665418475,0.31563276147911823,3.444421335967432,33.95
207,synthetic_planning_reference_v3,mild,0.5696804349455118,0.9517430816819498,0.137500000000591,0.127338918579646,2.71010356487304,31.5,0.20019433957989377,0.14170737742055076,3.122881071791042,34.25
208,synthetic_planning_reference_v3,low,0.7832368539290832,0.11703412251343043,0.0816666666669789,0.218160563740309,3.20395624475889,34.0,0.09243885002693467,0.2829050584367602,3.3249190638797805,33.95
209,synthetic_planning_reference_v3,severe,0.5115709435266156,3.2097854351639037,0.0733333333336304,0.144270869364938,2.93174173191066,34.55,0.08765621015730594,0.39506104545391035,4.940527796819839,44.1
210,synthetic_planning_reference_v3,mild,0.8296928190860872,0.6189019997956221,0.117500000000518,0.134830844649318,3.43100049258624,36.6,0.14863068795041845,0.19366782860119594,3.8237741459836383,39.150000000000006
211,synthetic_planning_reference_v3,low,0.679037837905288,0.16666254220081028,0.0775000000002819,0.253018979595746,3.29480200250373,34.0,0.07607433135171447,0.3054651067019908,3.5271150618992397,35.15
212,synthetic_planning_reference_v3,mild,0.47938598766860635,0.7161698265767042,0.0891666666669153,0.197351097711172,2.8634590232066,33.8,0.11985623373009949,0.2811291963464931,3.0627939453933783,35.45
213,synthetic_planning_reference_v3,mild,0.8499409328395149,1.4045378384439375,0.0975000000003547,0.170937370298063,3.36592694936718,39.2,0.14706674444206336,0.19282130451179247,4.344719219822885,44.95
214,synthetic_planning_reference_v3,moderate,0.5800437582748151,0.7586437956719843,0.0800000000002001,0.157683240882773,3.10663131001079,35.95,0.10778868311675077,0.20484931396100653,3.5966276142109326,39.050000000000004
215,synthetic_planning_reference_v3,moderate,0.47771712410581363,1.4625698158796987,0.0900000000002819,0.0992423247072081,2.76957247701024,34.55,0.1337592848945377,0.15418461199179231,3.045212840604433,40.900000000000006
216,synthetic_planning_reference_v3,mild,0.7758970271893564,0.958210372359434,0.0841666666669425,0.26118858898568,2.7136812020786,32.75,0.10014925147434471,0.35182780155007254,3.1040595851338137,36.75
217,synthetic_planning_reference_v3,severe,0.49782082673075756,1.928373707291673,0.10083333333373,0.129737301146045,3.38630682993404,35.35,0.1684705328784165,0.21183541314715212,4.583786129975608,43.1
218,synthetic_planning_reference_v3,mild,0.7711937994374045,1.3937618559272236,0.084166666666988,0.195423713818235,3.11479336682925,32.9,0.09129546474580011,0.28473597862697064,3.8695205705362676,36.5
219,synthetic_planning_reference_v3,mild,0.5573245389347289,0.5796509980627427,0.0466666666668516,0.217576914957072,2.83916969372538,31.0,0.04722305901694386,0.3233361078974053,3.0610019490552007,32.35
220,synthetic_planning_reference_v3,low,0.4972512542870719,0.1152832838367466,0.110833333333767,0.166074733823957,3.56438017804518,34.65,0.12538955507268745,0.18645792233387867,3.8903007289621656,36.050000000000004
221,synthetic_planning_reference_v3,moderate,0.5499307540495358,2.239103871383179,0.0975000000004002,0.174597672265002,3.10526314869299,37.6,0.12666904998060982,0.21456236231394368,4.314438044297464,44.95
222,synthetic_planning_reference_v3,severe,0.30400354019210596,1.7812146385620569,0.0416666666667879,0.118120613843967,2.85795459797001,32.5,0.07587039137634709,0.22330494426260689,3.40224090444692,37.75
223,synthetic_planning_reference_v3,mild,0.45389090730096127,0.45808588011947654,0.0650000000003274,0.098977311602998,2.76900942843682,33.1,0.06438520883409615,0.09106007643934737,2.7361646799121,34.550000000000004
224,synthetic_planning_reference_v3,mild,0.5905290529764169,0.7224516528764664,0.0708333333336213,0.232666382369132,2.99218132107622,35.55,0.09414514041346514,0.32039018493296256,3.286642587300665,38.95
225,synthetic_planning_reference_v3,severe,0.4208058708421916,2.260452805302809,0.048333333333585,0.162367528082253,3.37356424952305,28.75,0.08991390355447008,0.2901299240286704,4.468295793003983,35.35
226,synthetic_planning_reference_v3,moderate,0.2224906520255965,1.121814665714864,0.0441666666668425,0.141679056309727,2.72856545332252,30.1,0.05093426431235725,0.20895614180185076,3.1177104067542443,34.050000000000004
227,synthetic_planning_reference_v3,mild,0.27966432017366183,0.7280770724294805,0.109166666667079,0.135411132975939,2.55246440016569,33.4,0.13704414334516815,0.16965182311913996,2.64086191077636,36.2
228,synthetic_planning_reference_v3,low,0.2791854471114505,0.1145862638105287,0.0483333333335395,0.173354305467379,2.73903968959688,33.65,0.04471078694153638,0.18818489312511044,2.562983762123879,34.65
229,synthetic_planning_reference_v3,moderate,0.4906427248993193,2.18511126296462,0.080000000000382,0.175292707382043,2.71935874095283,30.75,0.15798674439454244,0.34895873006572103,3.9553752398715574,38.7
230,synthetic_planning_reference_v3,mild,0.6043972036523729,0.4628643485375172,0.0716666666656238,0.113704506507292,3.33772594624656,37.85,0.07931496121029154,0.10100956630603103,3.7611882080673813,41.85
231,synthetic_planning_reference_v3,mild,0.4971311673036569,1.0945800445443292,0.0633333333324117,0.200900184737649,2.86293375199826,30.05,0.0810458113241825,0.2924489130653835,3.5774310382957366,35.050000000000004
232,synthetic_planning_reference_v3,mild,0.5752525204164305,0.5467043099524358,0.0341666666661695,0.209263996981806,3.53709796137935,31.95,0.007943608725865258,0.27285860188723776,4.052925546718812,32.800000000000004
233,synthetic_planning_reference_v3,moderate,0.38919553225696585,1.4049691630998549,0.0799999999988358,0.0936814262607312,2.99974257290957,36.05,0.11958381535092666,0.16945542039501132,3.3424538919005644,43.85
234,synthetic_planning_reference_v3,moderate,0.267959470445553,0.8656050149904242,0.0508333333325936,0.198537441256567,2.7925171214969,35.1,0.05266486553021366,0.3213758731742227,3.0071909626132207,37.85
235,synthetic_planning_reference_v3,severe,0.40324571419785343,3.1271554273003135,0.0466666666659876,0.107207529855021,3.22785918277799,32.3,0.09861479308716584,0.297120273622846,5.458364947336803,44.400000000000006
236,synthetic_planning_reference_v3,mild,0.5110699818009746,1.1943528302118405,0.0883333333320479,0.179980207224543,3.26977743705877,33.65,0.11821700410338079,0.2950658228253929,3.9413456527540385,37.2
237,synthetic_planning_reference_v3,moderate,0.38751197064541565,2.1714018651225695,0.0433333333327027,0.191906001015784,2.915398383756,34.2,0.09302422564918769,0.3912869501733785,4.360075751059689,41.2
238,synthetic_planning_reference_v3,mild,0.46122467798313793,0.8253702394890344,0.0933333333319752,0.132275810615193,2.82922728304151,32.45,0.11881483640375336,0.16084971471861945,3.2648412762862016,35.800000000000004
239,synthetic_planning_reference_v3,low,0.7380694209993752,0.0981788217771269,0.0733333333322662,0.25844385207632,3.09210744322687,32.45,0.06995085206160166,0.31021907858881337,3.0406422492402703,33.1
240,synthetic_planning_reference_v3,low,0.6141650476801439,0.14145853118461138,0.0541666666658784,0.197791390004475,3.49105888730068,33.7,0.039943952629371206,0.22663622155125374,3.706716172715174,34.050000000000004
241,synthetic_planning_reference_v3,low,0.17472604534375502,0.07992513681958678,0.0716666666656238,0.0814212885963275,2.63633863777389,27.85,0.07480178069152314,0.0452290629048609,2.4139636047992927,26.8
242,synthetic_planning_reference_v3,mild,0.45911090419652434,0.47951863721537885,0.0824999999987995,0.122905784235018,3.03669419780751,35.6,0.10536935581424992,0.11812866073213865,3.2824488675422026,37.4
243,synthetic_planning_reference_v3,mild,0.618731406345663,1.2903748861427247,0.0808333333321571,0.245263218401846,2.85241488121142,30.9,0.10727190459585953,0.3527265591247202,3.19286816121468,32.800000000000004
244,synthetic_planning_reference_v3,mild,0.3902788335192843,0.3206225086738129,0.0649999999990541,0.104984086438334,3.26606238574497,36.7,0.06336054954225281,0.08355386077424402,3.5041367500894056,38.7
245,synthetic_planning_reference_v3,mild,0.6137198014123744,1.0114884697299513,0.104166666665151,0.236839037525422,3.13616413140858,34.7,0.138909960935366,0.34398754560917144,3.5936932214159114,41.2
246,synthetic_planning_reference_v3,moderate,0.2702082940375061,0.8866166411751002,0.0633333333324117,0.198463057494104,3.06701809481825,28.3,0.0756357928859457,0.237420006963975,3.339813820715879,30.1
247,synthetic_planning_reference_v3,mild,0.34246760373687557,0.8247718165673187,0.0916666666653327,0.0857254062257856,3.03135287947245,30.45,0.1305047995707712,0.12199871605769125,3.4350232592363126,32.9
248,synthetic_planning_reference_v3,mild,0.20575038566743095,0.42828974461362307,0.0774999999988722,0.0807880213651998,2.55356570601354,29.65,0.08194813574527461,0.06702858031484908,2.550674171697253,30.35
249,synthetic_planning_reference_v3,mild,0.3510793461260568,0.7487950126673173,0.0716666666656238,0.200564407125397,2.55219155695287,35.9,0.08883887058034766,0.27944739956730186,2.5886835870683247,40.6
250,synthetic_planning_reference_v3,moderate,0.1923621542755999,1.064326009885155,0.0566666666658421,0.155226311763575,3.08920797002246,31.6,0.0803981483543942,0.17285069506893136,3.7050073525567937,34.15
251,synthetic_planning_reference_v3,mild,0.2542828879053335,0.5383396307689526,0.0874999999987267,0.105915338821857,2.77783690592121,31.75,0.10499986471312422,0.097683841486749,2.9821243899549343,33.85
252,synthetic_planning_reference_v3,severe,0.7230892178888891,4.3563381664642495,0.109166666665078,0.211760806064366,3.13834894050635,35.7,0.2316239808911311,0.4264644567337417,5.322849855301141,45.0
253,synthetic_planning_reference_v3,moderate,0.2518251289318274,1.1394741041092589,0.0691666666656602,0.198782919068784,2.6058180611535,31.4,0.09434057911559193,0.3423085370515145,2.8637466086571144,35.550000000000004
254,synthetic_planning_reference_v3,moderate,0.9711096204127446,1.468837452061196,0.316666666662059,0.129062786511753,3.62355298629206,42.45,0.43953933075601276,0.1419849983120277,4.5287914640744775,45.0
255,synthetic_planning_reference_v3,moderate,0.30786987184327547,1.6823460526833853,0.0591666666658057,0.200198788846231,2.92542052430634,33.35,0.10091144788166999,0.32691280210050916,3.7028326569122814,38.5
256,synthetic_planning_reference_v3,moderate,0.5715057189839812,1.6218951237504224,0.147499999997854,0.113618667894659,3.77060954559685,34.2,0.20607105004235488,0.2176708284816018,4.764134676120733,39.800000000000004
257,synthetic_planning_reference_v3,moderate,0.6490143007762249,1.8147349807871214,0.0858333333320843,0.17463225929123,3.09628478526218,34.75,0.11252067339277091,0.3054578347701457,4.0496511298515925,42.45
258,synthetic_planning_reference_v3,low,0.6162547383376987,0.18785910256097732,0.044166666666024,0.222241002562436,3.25583187620409,32.7,0.03686544316076067,0.2718102732858041,3.4000839056489425,33.800000000000004
259,synthetic_planning_reference_v3,severe,0.683150488838838,4.432387531467629,0.132499999998072,0.110831479265626,3.22247888613242,35.8,0.293580781931368,0.22317546386321252,5.914061400281401,45.0
260,synthetic_planning_reference_v3,moderate,0.2988870111606647,1.986343309398805,0.0674999999990177,0.192236079455564,3.12341715401185,28.45,0.12283272011893834,0.38595395241032576,4.095487880355389,36.300000000000004
261,synthetic_planning_reference_v3,severe,0.7176096398554553,2.947244256560057,0.0599999999991269,0.223227234387108,3.10573411816083,32.6,0.11852927788170771,0.3947402935510188,4.458011025052779,43.300000000000004
262,synthetic_planning_reference_v3,low,0.07804164565306669,0.08219450212372448,0.0674999999990177,0.0996473930712736,2.75652854930888,36.1,0.04987190371975753,0.06338397141901256,2.5969496098922815,37.7
263,synthetic_planning_reference_v3,moderate,0.23943377186700676,1.22291719022263,0.0533333333325572,0.13523137721915,2.78725978336349,28.4,0.0888225975060979,0.14024514012808106,3.0697127835776934,30.650000000000002
264,synthetic_planning_reference_v3,mild,0.4494419735796358,0.7760369023139785,0.0658333333323753,0.222606747078446,3.13019441400411,29.4,0.07581921985911978,0.2859346967041228,3.5186140716879613,30.5
265,synthetic_planning_reference_v3,mild,0.26059418158043646,0.4809150361680369,0.0591666666658057,0.205403678863414,2.76469029824111,30.75,0.06099578332799435,0.26405991041116694,2.850882640519272,31.85
266,synthetic_planning_reference_v3,mild,0.20548612801077282,0.9201989708964909,0.0633333333324117,0.137971066884169,3.31151285434172,31.75,0.07927624022395247,0.23448205214497989,4.020418094902721,34.4
267,synthetic_planning_reference_v3,mild,0.5750771298088195,0.6873478192132365,0.0616666666657693,0.159493518232937,3.5790753994863,33.0,0.06574559257346188,0.17611384648907402,4.2441297518556285,36.4
268,synthetic_planning_reference_v3,low,0.5740015511738562,0.10118881283784834,0.0733333333322662,0.211567594609207,3.18061323946576,33.4,0.07328258408517624,0.2411182235306531,3.269007779494026,34.300000000000004
269,synthetic_planning_reference_v3,severe,0.8678053592645162,2.461585790671813,0.190833333330556,0.147029519752277,3.41703341901139,38.75,0.2972089263990925,0.3658476456647235,4.9276147513545245,45.0
270,synthetic_planning_reference_v3,severe,0.6031646918141266,4.667318968358173,0.0716666666656238,0.226668028112873,2.76502679075672,34.0,0.2262734330009381,0.5165561613527033,5.473900731606024,45.0
271,synthetic_planning_reference_v3,severe,0.4885054045727629,2.526705848117676,0.0699999999989814,0.118932296276359,3.14922586773798,34.45,0.12051480599443509,0.13269551149893652,4.334202409471837,43.900000000000006
272,synthetic_planning_reference_v3,low,0.39430288963285887,0.10911541596190678,0.139999999997963,0.0909360818401557,2.82106493546203,37.35,0.17427050473134612,0.06703750118570644,2.7113430512059233,38.400000000000006
273,synthetic_planning_reference_v3,severe,0.6167584165196356,5.372855994891777,0.0624999999990905,0.225163986818588,3.57697186735637,32.05,0.20350281239425935,0.48885267006671557,6.492700273973912,44.900000000000006
274,synthetic_planning_reference_v3,mild,0.6735745670765357,0.7578965849115514,0.101666666665187,0.107533231686317,2.9933597101519,33.85,0.13699194278169893,0.10320509084110853,3.2141267520759813,36.2
275,synthetic_planning_reference_v3,mild,0.8227095386060023,2.110673162569242,0.160833333330993,0.189576750503173,3.22151419158454,36.35,0.2616263771012333,0.34354519938363404,4.715899518117057,43.650000000000006
276,synthetic_planning_reference_v3,severe,0.300453150649748,2.01158224675323,0.0491666666659512,0.21721593785132,3.03518726151433,30.3,0.09884073688473434,0.5111670381622506,3.979974727534639,38.1
277,synthetic_planning_reference_v3,moderate,0.4986796235459728,1.8907269648836573,0.0774999999988722,0.0846623715307635,3.63501908546665,36.5,0.15138920727994895,0.1095934208311111,5.206773570370825,44.45
278,synthetic_planning_reference_v3,mild,0.37620024295773785,0.493681485965772,0.0466666666659876,0.17994909853953,3.26781727364507,32.85,0.039324242167650535,0.2409554992941544,3.5144274048647923,34.5
279,synthetic_planning_reference_v3,mild,0.2972062529850363,0.8648926792346942,0.0366666666661331,0.183452418308601,3.09086334440534,31.15,0.057091163484449925,0.22284155074413928,3.4477300126443806,34.300000000000004
280,synthetic_planning_reference_v3,moderate,0.49243210582866975,1.8860696924735945,0.105833333331793,0.118011118967218,3.09012825912711,38.35,0.17206053302426655,0.24646610013596354,3.9194832676733506,44.300000000000004
281,synthetic_planning_reference_v3,low,0.323081844445045,0.06412042543511606,0.092499999998654,0.211836770601492,2.77803286358677,33.5,0.0955493547236291,0.23838704949560602,2.645012646547552,33.95
282,synthetic_planning_reference_v3,low,0.49475227493445156,0.11010465213588899,0.076666666665551,0.179024311013544,3.15525889155721,30.3,0.0801015024053244,0.18673246380159128,3.2762843816859517,30.400000000000002
283,synthetic_planning_reference_v3,severe,0.6314242951147251,1.7786345469826745,0.106666666665114,0.138845286544612,3.49033401733111,43.15,0.16254529425681627,0.24212925620125922,4.940091242608268,45.0
284,synthetic_planning_reference_v3,moderate,0.18144751487847496,0.8484870191248242,0.0641666666657329,0.143267283548513,2.8896415821574,31.15,0.058636703165291224,0.23488285188508554,3.302101256610023,34.300000000000004
285,synthetic_planning_reference_v3,low,0.4183906589535388,0.07807840838190974,0.106666666665114,0.104569814999688,3.02433413781947,33.2,0.11706576535047906,0.08164149785004535,3.074565569756184,33.7
286,synthetic_planning_reference_v3,low,0.7276244490785784,0.09391047713614277,0.0833333333321207,0.258087632017229,3.14800083123046,33.6,0.07442591717836845,0.2960287331338802,3.1910076649490056,33.85
287,synthetic_planning_reference_v3,mild,0.4627912992088428,0.5579029396430444,0.0516666666659148,0.202181040593633,3.59851772433148,28.0,0.0838457720048118,0.24911779968563863,4.252759141788148,29.35
288,synthetic_planning_reference_v3,low,0.5713676802509084,0.11788905528727209,0.142499999997926,0.199596945643723,3.03269155788923,33.7,0.1625251938901902,0.22953330304512548,3.1124919902218178,33.65
289,synthetic_planning_reference_v3,severe,0.5704375876187727,4.250709766747218,0.0916666666653327,0.204267157429453,3.10145879308382,37.0,0.15944003125057848,0.4318231793902817,4.168367828238853,45.0
290,synthetic_planning_reference_v3,mild,0.623818582240424,0.691041172850888,0.052499999999236,0.178042418678184,3.36066953002145,31.1,0.04140079015062549,0.2011211383035389,3.822744601629278,32.6
291,synthetic_planning_reference_v3,moderate,0.6046533570512792,1.9599009497315012,0.0641666666657329,0.156337975605058,2.89097906896558,31.95,0.11460199798900127,0.2862150134588627,4.028228175566515,40.150000000000006
292,synthetic_planning_reference_v3,mild,0.5972937799505091,0.8033274917779433,0.112499999998363,0.157824980419389,3.1485986321829,37.55,0.14359618467299387,0.20656229980753163,3.743007759685326,41.75
293,synthetic_planning_reference_v3,mild,0.27833429150447875,0.5902072808875288,0.052499999999236,0.149283024679036,3.22402079492271,30.4,0.05218816309081296,0.16692589014791187,3.6121619561713296,32.9
294,synthetic_planning_reference_v3,mild,0.7280999655031586,1.3031719985393417,0.146666666664532,0.164949864298965,3.89256392178558,39.9,0.20634209857368238,0.21617907477566975,4.996907716561817,44.85
295,synthetic_planning_reference_v3,severe,0.44006725522858847,2.9922585898873084,0.0716666666656238,0.223374635020071,2.92650726922694,30.9,0.16501580372054434,0.40333789826980404,4.497352485030579,41.050000000000004
296,synthetic_planning_reference_v3,mild,0.11683661069661529,0.6636503836022978,0.044166666666024,0.157150035195817,2.85956001876556,32.1,0.04226682699189134,0.19175839909239303,2.979236216468356,34.1
297,synthetic_planning_reference_v3,moderate,0.3779471841189239,0.9948874782054634,0.108333333331757,0.082779529191521,3.29500530071769,29.15,0.16200078552535307,0.11185128028546303,4.0311512940117336,30.900000000000002
298,synthetic_planning_reference_v3,moderate,0.6481011798872778,0.9640543198862677,0.0958333333319388,0.193756084452919,3.40251304806686,37.7,0.12992313811972042,0.30670179283360893,4.199147351548603,42.75
299,synthetic_planning_reference_v3,severe,0.4936659373488665,3.018720268452341,0.0599999999991269,0.173019913746774,3.03581757597008,31.95,0.10204880132133459,0.34197755129965807,5.301967795471475,44.400000000000006
300,synthetic_planning_reference_v3,mild,0.2951240308544381,0.7217593680543241,0.109999999998399,0.079443297269691,3.44019275591948,30.0,0.13875052214091532,0.04423708911018365,3.9260039221477334,30.75
301,synthetic_planning_reference_v3,mild,0.6121478029025411,0.7670335438769275,0.0833333333321207,0.178615164254378,2.38750888377867,37.7,0.10533471963495844,0.23120447840457664,2.3614104034185455,41.900000000000006
302,synthetic_planning_reference_v3,low,0.25952719656613166,0.10417371875738297,0.0458333333326664,0.169515010795703,2.96999233140516,31.1,0.03455377761173474,0.1610420838822544,2.921895919430169,30.5
303,synthetic_planning_reference_v3,low,0.31290140632019164,0.06465681209836825,0.0733333333322662,0.112427029991108,2.78298660243928,34.0,0.06163302670567595,0.0828994764116034,2.631364605361214,34.95
304,synthetic_planning_reference_v3,moderate,0.6599708606082927,2.058768708609336,0.106666666665114,0.214781314226194,2.99340665834989,33.05,0.17010789864687464,0.39842191916823133,3.919782224179061,42.25
305,synthetic_planning_reference_v3,moderate,0.526189744819894,2.7962055096097305,0.0458333333326664,0.185128045336981,3.02274992212328,33.4,0.14131405629361404,0.40203867953778016,4.256327221818422,43.5
306,synthetic_planning_reference_v3,low,0.679163344807533,0.16308864660918945,0.0799999999988358,0.137917377204284,3.76472491015369,39.1,0.08372995807903544,0.13395152842646607,4.123725828885269,40.800000000000004
307,synthetic_planning_reference_v3,low,0.6233487768147303,0.2553719333375916,0.0783333333321934,0.233002865462945,3.60832496786756,31.65,0.0846422842945099,0.2773103066995353,4.0793938568297365,31.6
308,synthetic_planning_reference_v3,severe,0.6996106000084462,3.891973253897089,0.119999999998254,0.104397871512026,2.56540158582896,32.95,0.2187346748011441,0.26740606088459523,4.914266086725107,44.95
309,synthetic_planning_reference_v3,moderate,0.55479694824185,1.1854857240357655,0.156666666664387,0.0843980406681114,3.13876684459894,35.2,0.2014872497841732,0.12724713982809577,3.997763438372365,41.6
310,synthetic_planning_reference_v3,low,0.41854814380871924,0.054321794063857586,0.0708333333323026,0.257450580084642,3.12504532075437,32.1,0.06452050812505006,0.32111307508198916,3.254735002036196,31.450000000000003
311,synthetic_planning_reference_v3,mild,0.3509691203906333,0.7139043423037962,0.0583333333324845,0.0975759619627023,3.31564977133673,34.7,0.05376761480930004,0.09877630804959824,3.892390378086676,37.35
312,synthetic_planning_reference_v3,severe,0.47260772285685626,2.5784563901392064,0.0658333333323753,0.111390632672713,3.04158801107522,33.8,0.14103372150322382,0.22177255504991447,4.255871199354871,42.1
313,synthetic_planning_reference_v3,low,0.26279759580516004,0.10519984439545597,0.0666666666656965,0.253519594396536,2.68571227132575,32.6,0.06623524591850236,0.304386297515036,2.5716329136787643,33.0
314,synthetic_planning_reference_v3,low,0.7780517157112272,0.08950563738791746,0.109166666665078,0.12129756391068,3.10630886886654,33.25,0.12849519744526455,0.11796435061710733,3.1395597447991173,33.65
315,synthetic_planning_reference_v3,low,0.8888668755091166,0.07187521201788394,0.229999999996653,0.157465955631863,3.09519666618811,35.85,0.29232331961378577,0.1594381016130329,3.1092946646278983,36.800000000000004
316,synthetic_planning_reference_v3,low,0.4508725155284968,0.11759481452032347,0.0516666666659148,0.223818526535854,3.3701603972802,33.5,0.04635489080194741,0.2656845808619418,3.6772412612266887,33.95
317,synthetic_planning_reference_v3,low,0.25252841170509177,0.07939893127169842,0.105833333331793,0.0746606863693783,3.37422967427842,31.25,0.12430033872268087,0.01884938984718072,3.685488355531918,32.15
318,synthetic_planning_reference_v3,moderate,0.5146916030834983,0.9645423035056975,0.0499999999992724,0.162056044970873,3.53917989187715,32.6,0.07692577740811765,0.1756180436524592,4.417470820726653,35.050000000000004
319,synthetic_planning_reference_v3,severe,0.3937428142284266,2.798934627703521,0.0691666666656602,0.167299723304702,2.99231260042907,31.1,0.13228232780046376,0.23240046587996782,4.387060428659738,38.95
320,synthetic_planning_reference_v3,severe,0.4894086149643584,2.217761210075909,0.0658333333323753,0.149813108517781,2.95706558502109,29.9,0.08733925381499869,0.24183127173109054,3.977273736349456,36.300000000000004
321,synthetic_planning_reference_v3,mild,0.8179890244042071,0.6442832551025766,0.104166666665151,0.139520588476179,3.55845570306726,37.55,0.13295369156438944,0.15238104544389536,4.11385212374748,41.150000000000006
322,synthetic_planning_reference_v3,low,0.6084330759318712,0.10796865137279248,0.0733333333322662,0.221652078084814,2.62441294485149,32.6,0.06389485204707876,0.267611093294249,2.475971828121377,33.15
323,synthetic_planning_reference_v3,moderate,0.8070971513431782,2.5071236317544705,0.133333333331393,0.190720993327616,3.23416361051267,36.9,0.18709328390337435,0.35086595842685414,4.203683327104735,44.900000000000006
324,synthetic_planning_reference_v3,low,0.8767797531835911,0.11866008925690515,0.124999999998181,0.245072341792376,3.35381594507626,34.55,0.14074056541025046,0.29090177511753407,3.5248890811539053,34.85
325,synthetic_planning_reference_v3,low,0.2909566657678828,0.03342709625290606,0.0558333333325209,0.19759730486639,2.74573441325271,29.45,0.040882924442245235,0.22645934406672535,2.607849349729649,28.0
326,synthetic_planning_reference_v3,moderate,0.6199941762567539,0.9975892589319811,0.072499999998945,0.176655719131032,3.33424924028013,31.55,0.10047354208250837,0.21850544903298844,3.965367573808493,36.0
327,synthetic_planning_reference_v3,mild,0.48099386795648325,1.60290374993261,0.130833333331429,0.128760349488,3.02827536662804,35.35,0.17474671943273154,0.20431192952750132,3.7697833812007846,42.95
328,synthetic_planning_reference_v3,mild,0.5808299114774451,0.7857107263495243,0.076666666665551,0.229286724526501,3.09870765114421,29.55,0.09955446905241905,0.33805127922779377,3.421773659275371,32.300000000000004
329,synthetic_planning_reference_v3,moderate,0.49470568453823494,1.6047579376993397,0.0624999999990905,0.203654795825828,3.54391409146141,34.45,0.07845964113888118,0.29901718721473153,4.28551595222046,38.35
330,synthetic_planning_reference_v3,mild,0.8187490696492924,2.4069296444083452,0.167499999997563,0.184560862323228,3.07978984404294,36.85,0.27935354412518987,0.3204372207883088,4.421076199791537,44.85
331,synthetic_planning_reference_v3,moderate,0.49480645236577414,0.7925008695878353,0.0833333333321207,0.228261657616334,2.86295864425619,30.8,0.10338529250494201,0.3613323427830176,3.1677554881631895,33.2
332,synthetic_planning_reference_v3,mild,0.32857435752914554,0.7618312524718306,0.0774999999988722,0.16360766494488,3.29603715368405,33.85,0.08591411905997767,0.21254547368315807,3.8196061954451492,37.45
333,synthetic_planning_reference_v3,moderate,0.38302032762992444,1.4470773654073397,0.0791666666655146,0.123919415219045,2.95813640537594,32.15,0.09774315990529886,0.1814228432126,3.6893291685530394,37.9
334,synthetic_planning_reference_v3,moderate,0.29798992847572936,1.094668431250693,0.0299999999995634,0.170680246937535,3.52960372647703,28.75,0.02549491888731833,0.29085889542089977,4.158383629516002,31.1
335,synthetic_planning_reference_v3,moderate,0.6625814836497187,2.0456131444097068,0.0716666666656238,0.225155546495296,2.78750138660533,32.05,0.14048864928340066,0.4044938043422851,3.809677952669349,43.75
336,synthetic_planning_reference_v3,mild,0.8083444066932333,0.8767561900744343,0.148333333331175,0.0810587244284684,3.39746633160064,34.9,0.1921643795270435,0.0776234220769712,3.9781391894598914,38.25
337,synthetic_planning_reference_v3,severe,0.1972298223984155,1.0389436773216225,0.0949999999986176,0.140308919864768,3.00706731148977,31.05,0.13337673844775721,0.223630666451196,3.600969922599492,35.1
338,synthetic_planning_reference_v3,moderate,0.22383076094021387,1.5515989150069365,0.0433333333327027,0.212548041481756,2.20447206149837,31.65,0.09308744213952727,0.32466988680031056,2.5633667551887966,37.6
339,synthetic_planning_reference_v3,moderate,0.5698701003999779,1.1781333121731055,0.0658333333323753,0.138331822100443,2.91675031681053,29.6,0.12082453739935912,0.16499436231094744,3.3421369176746554,33.25
340,synthetic_planning_reference_v3,moderate,0.2634838486264213,1.7356512097303145,0.0983333333319024,0.114546963743553,2.84986031412785,30.65,0.13293286795662157,0.24198317292161348,3.9179390622723953,34.85
341,synthetic_planning_reference_v3,moderate,0.48703998051662056,0.6136874460684972,0.104166666665151,0.152082492188911,3.28286495556438,32.05,0.12020540626310758,0.18516720136535475,3.719973118535253,32.75
342,synthetic_planning_reference_v3,mild,0.5396755006049562,0.4433880165291547,0.0916666666653327,0.210305514551378,2.78902681642114,28.7,0.09658040842845873,0.2632673086700704,2.8848222738427536,28.900000000000002
343,synthetic_planning_reference_v3,low,0.4051099777558843,0.07803786540610899,0.0608333333324481,0.22029145835112,3.01864240008926,33.1,0.05473269475010667,0.25887266644137547,3.0326192816327677,33.0
344,synthetic_planning_reference_v3,mild,0.9429127470775833,1.0559445648402555,0.196666666663805,0.166127793802856,3.63981390008985,40.5,0.2594355453522658,0.20004543902627386,4.399467703848201,44.650000000000006
345,synthetic_planning_reference_v3,moderate,0.403953288154773,2.1756857473527007,0.0424999999993815,0.210698213950483,2.78603188082047,31.0,0.07036902597157,0.4810367223090849,3.886214118282069,39.35
346,synthetic_planning_reference_v3,mild,0.6154109640874129,0.611540951389459,0.132499999998072,0.175459526629489,3.13925321718659,33.35,0.1729025608483846,0.22047380110903442,3.455593374049705,35.0
347,synthetic_planning_reference_v3,mild,0.7748884397420838,1.4194230476050964,0.116666666664969,0.181856600036702,2.64761859758003,36.75,0.1457299845534854,0.2788360392034804,3.1900350361104315,42.5
348,synthetic_planning_reference_v3,severe,0.5266510203420222,3.401638425465498,0.0624999999990905,0.208048664534338,3.37016615577254,32.3,0.17662646533924167,0.3589530284410249,5.225271677433908,43.800000000000004
349,synthetic_planning_reference_v3,mild,0.24482270295289596,0.5011086293817963,0.0474999999993088,0.115833019307909,3.08789132939049,37.05,0.06453406609135331,0.11349663413104295,3.382807528188228,40.35
350,synthetic_planning_reference_v3,moderate,0.39947289643931966,1.6671392067633843,0.108333333331757,0.239153005230972,3.38280190716518,30.65,0.1461779282443473,0.4280987823475978,4.540423159639263,34.35
351,synthetic_planning_reference_v3,low,0.4873111735132294,0.09283549134609312,0.0408333333327391,0.212885184264997,2.748584711465,30.25,0.019800987998938254,0.24616805307125805,2.5760950497796484,29.700000000000003
352,synthetic_planning_reference_v3,moderate,0.22030510984455554,0.8137532332460821,0.0949999999986176,0.130217602542631,2.85341617762466,36.65,0.12843704930252994,0.1942422805066761,3.0835948199931886,41.1
353,synthetic_planning_reference_v3,low,0.7625231099639523,0.1253271136041654,0.072499999998945,0.236253899694326,3.42579744254486,34.4,0.06855554423577345,0.27985443984182135,3.62573815567155,34.7
354,synthetic_planning_reference_v3,moderate,0.33600019419349186,1.4276840929250463,0.0408333333327391,0.174069542798009,3.06255322915405,33.95,0.046731455156207684,0.2307819713606623,3.9922573388393716,40.85
355,synthetic_planning_reference_v3,moderate,0.5684014617632113,2.384121371308342,0.0791666666655146,0.124513617009261,3.01171516580239,37.3,0.15347222903874955,0.18724688823522084,4.162576671703856,44.35
356,synthetic_planning_reference_v3,moderate,0.4757058851032777,2.63411730657983,0.076666666665551,0.261666565807863,2.79239755510925,32.8,0.11669885645790314,0.4237815999981226,4.205728729375443,44.400000000000006
357,synthetic_planning_reference_v3,low,0.7997549313361758,0.12829337185091724,0.15916666666435,0.125755237461073,3.27972001562057,34.45,0.1951462657859141,0.1142854082351093,3.536116020286646,35.75
358,synthetic_planning_reference_v3,mild,0.35129265000696475,0.5260881719284611,0.102499999998508,0.106384781246632,2.97502873030457,32.2,0.11596751477916854,0.10540391209921321,3.141257053990938,33.5
359,synthetic_planning_reference_v3,mild,0.6734021156762581,0.9507622410731071,0.11749999999829,0.264463786299372,2.98649316186903,32.2,0.15805650107528477,0.3638466925707129,3.6283728301466853,35.6
360,synthetic_planning_reference_v3,mild,0.497664457230001,0.7272963734133144,0.120833333331575,0.125296942573412,2.8981139553768,32.5,0.15200533385337706,0.1689238288909733,3.1606078572026797,36.1
361,synthetic_planning_reference_v3,low,0.41992139837437115,0.08849413316845856,0.11083333333172,0.246764065536017,2.98874484080013,34.6,0.1188660081809279,0.28815808359723466,2.9546845446805836,34.9
362,synthetic_planning_reference_v3,mild,0.3981731173837244,0.528571613916525,0.116666666664969,0.0908856087096355,2.69698181363114,30.6,0.12649830319427444,0.10224907249301246,2.686199636505871,32.65
363,synthetic_planning_reference_v3,severe,0.719672266238677,4.571213093838088,0.141666666664605,0.147641839658032,3.34442568509485,39.3,0.27109267193227576,0.48546215588961045,6.1544995150938675,45.0
364,synthetic_planning_reference_v3,low,0.3669192831346233,0.11225373195210037,0.0491666666659512,0.224225734670825,2.88157778735004,31.15,0.0388757788339028,0.2716966361533518,2.8301402440626724,29.900000000000002
365,synthetic_planning_reference_v3,mild,0.22865446165479178,0.4933052973061976,0.0933333333319752,0.0914009247847157,2.91663043412447,35.85,0.11248529175940045,0.0921181142588714,3.199452080683309,39.0
366,synthetic_planning_reference_v3,severe,0.4713188982680491,2.404653691742561,0.0999999999985448,0.216016750719049,2.81174338241354,31.05,0.18047688406564577,0.3027109362525864,3.8460957829708766,39.25
367,synthetic_planning_reference_v3,low,0.41041764719337914,0.05744051945333829,0.04833333333263,0.226159613843769,3.21771537850819,32.0,0.038439912204361014,0.266507996109865,3.336440975350533,32.0
368,synthetic_planning_reference_v3,severe,0.8161177373057029,2.2444659769617314,0.194166666663841,0.1039740614631,2.80949885260694,35.1,0.32889934314587327,0.1532520166055306,4.036399423409438,43.400000000000006
369,synthetic_planning_reference_v3,mild,0.49664561533571666,1.0499878784293226,0.0658333333323753,0.185193262974523,2.64167671883082,35.95,0.07173112319716789,0.2411279927157371,2.78561849661214,40.300000000000004
370,synthetic_planning_reference_v3,moderate,0.5495240598956629,1.4892790144366774,0.0416666666660603,0.238644406470683,2.80304137225186,31.6,0.05095020784801632,0.39848333443953204,3.2688792724638476,37.0
371,synthetic_planning_reference_v3,moderate,0.5222843816277827,1.3387826447536764,0.0899999999986903,0.0960615316774199,3.03786446811068,35.1,0.11494777496066742,0.129835888049689,3.4496465986464027,42.25
372,synthetic_planning_reference_v3,moderate,0.2351145898127855,1.3100717529096382,0.0633333333324117,0.155078938157848,2.94033525996792,31.8,0.07460014667232187,0.2392219267815729,3.662137680792118,32.95
373,synthetic_planning_reference_v3,moderate,0.20602878078356351,1.4738224780828895,0.0374999999994543,0.200205922439002,2.76020399980306,32.7,0.05846485846060885,0.33126216089369237,3.3058943285858216,36.7
374,synthetic_planning_reference_v3,low,0.5607343695621807,0.06889003058606132,0.141666666664605,0.141743104937026,3.13451078831779,36.65,0.16684534099238957,0.13597759603764387,3.1453187284272874,37.1
375,synthetic_planning_reference_v3,moderate,0.4647556051251142,0.9880586564366652,0.0833333333321207,0.205315720666266,3.1067032520687,30.35,0.11792382060041603,0.28807600314853293,3.440984794310825,32.7
376,synthetic_planning_reference_v3,severe,0.6425959985232909,3.0040478902786116,0.0841666666654419,0.253721294988091,2.9500543586194,32.7,0.1390905915304176,0.45274757167996793,4.860650522825944,44.35
377,synthetic_planning_reference_v3,low,0.9602067080661818,0.10894948310515484,0.194999999997162,0.137848653139279,3.47265575142168,36.1,0.2356224098867273,0.11949102247577711,3.7918976063338863,37.65
378,synthetic_planning_reference_v3,mild,0.45648914943614566,2.0979254258308284,0.0624999999990905,0.220260459638644,2.95761906103754,35.3,0.09877064013938389,0.30917901328295355,4.02327382600882,44.45
379,synthetic_planning_reference_v3,mild,0.3406106708797982,0.716093640624602,0.0774999999988722,0.118459165959188,3.02896439441904,36.4,0.08845519144186131,0.10895038001355416,3.4406008416715013,39.550000000000004
380,synthetic_planning_reference_v3,severe,0.5517835783051805,3.0627269999031657,0.0883333333320479,0.215999346494062,3.22948173270651,33.35,0.13662760895167508,0.7179705546148828,4.925133441280594,44.5
381,synthetic_planning_reference_v3,severe,0.27102193311891165,1.4327312594515638,0.052499999999236,0.178988721435398,2.50894473174539,30.85,0.07166929097398929,0.2315200924673737,3.1496803890897316,37.300000000000004
382,synthetic_planning_reference_v3,mild,0.6523406103793602,0.6815241863995503,0.0841666666654419,0.132170599075132,3.49849068885334,37.8,0.08676370886658787,0.148212389946964,4.159484316834852,41.25
383,synthetic_planning_reference_v3,mild,0.5293730428129176,1.0988366953575148,0.0591666666658057,0.218468739868936,3.25928458154719,32.05,0.09103726683459325,0.2671528132663826,3.7298414034919114,35.75
384,synthetic_planning_reference_v3,moderate,0.6252055030666563,1.49760102783291,0.0424999999993815,0.22617926752826,2.61141029398206,32.55,0.07047964073174753,0.31326595552309394,3.094010849743044,39.75
385,synthetic_planning_reference_v3,low,0.5987787248530494,0.0961255115092213,0.163333333330957,0.110406521342571,3.16617546932932,34.5,0.20357714814584002,0.0861906739728758,3.2300730336677463,35.5
386,synthetic_planning_reference_v3,mild,0.7633263254358188,0.32316992741172124,0.0949999999986176,0.214415943615281,3.27126258835129,30.8,0.11466950788092878,0.2653492081077892,3.5615998218690263,31.200000000000003
387,synthetic_planning_reference_v3,moderate,0.63168940305381,1.8696517071932273,0.0641666666657329,0.218922528558381,3.0334705729086,33.25,0.11223139347850578,0.417962993929879,3.6988583529797228,43.5
388,synthetic_planning_reference_v3,mild,0.31533383976278095,0.47798076816126905,0.0649999999990541,0.135694517581149,2.81275546859458,33.3,0.058914547396940006,0.15558048456186363,2.7575396116513966,34.75
389,synthetic_planning_reference_v3,mild,0.5938449220522609,1.3940092322614122,0.0708333333323026,0.178145707806652,3.12447421514204,35.5,0.09798197846954448,0.26759860582750833,3.8658669644055994,42.650000000000006
390,synthetic_planning_reference_v3,moderate,0.3972756514549469,0.8768471702728663,0.0591666666658057,0.171736757605291,2.88885922423689,33.15,0.07360371555525198,0.25987740970939793,3.2019967746194156,37.550000000000004
391,synthetic_planning_reference_v3,moderate,0.8397822192108977,2.142799171247127,0.203333333330374,0.0715224910828983,3.46396883053962,36.4,0.3088110266542333,0.2797968722938283,5.084495890124404,44.550000000000004
392,synthetic_planning_reference_v3,moderate,0.32664059864309647,1.153080620879343,0.0741666666655874,0.189117843126415,2.62801987508809,31.9,0.07549470551779007,0.2663750582855729,2.76941838859371,37.35
393,synthetic_planning_reference_v3,moderate,0.26126826187204105,1.3623763493085912,0.04833333333263,0.142889317726086,2.71502110830213,31.2,0.05005696648843272,0.22773368197308233,3.322051670726967,37.4
394,synthetic_planning_reference_v3,mild,0.39349490895452954,0.9449320944337878,0.102499999998508,0.0837432310538345,2.9128701971337,33.45,0.12839266394732268,0.09601714336412698,3.1658399913802726,38.15
395,synthetic_planning_reference_v3,mild,0.49263193272665384,0.5669267966843006,0.11083333333172,0.205056318208238,3.14200805880966,31.35,0.13038586384529563,0.2892315981858319,3.4741405663543503,34.25
396,synthetic_planning_reference_v3,mild,0.4134949266096351,0.8074359641766394,0.0649999999990541,0.187243725537728,3.02119323136968,31.5,0.06800139448579882,0.27005120021872225,3.3018900181530713,34.15
397,synthetic_planning_reference_v3,low,0.6129152589367133,0.11123665334410578,0.107499999998436,0.145337763627041,3.09847320176352,35.55,0.12320993647683791,0.13564705597899618,3.1447474042322425,36.1
398,synthetic_planning_reference_v3,mild,0.6735160588193734,1.058863685818328,0.0991666666652236,0.190078947260108,3.39763009294699,31.65,0.14057354419958695,0.24856770822635013,4.186642971093111,35.800000000000004
399,synthetic_planning_reference_v3,low,0.222685735464542,0.04855159552671603,0.0491666666659512,0.199741172698121,2.8419432821193,30.9,0.038616214152950544,0.2170526116333236,2.6916289798772093,30.3
400,synthetic_planning_reference_v3,moderate,0.2589147584834417,1.0342114477786368,0.0533333333325572,0.185123256250893,3.20526236066018,29.1,0.05969228940958013,0.2741143021317803,3.8426642181884456,31.5
401,synthetic_planning_reference_v3,moderate,0.5645114683597796,0.9337635040447171,0.106666666665114,0.0846246495741828,3.38476478066985,31.65,0.14227403131401797,0.11343458015174106,3.9598011854244595,34.35
402,synthetic_planning_reference_v3,low,0.5408252853428083,0.12932974123621582,0.0808333333321571,0.113860751640002,2.99530757294188,34.25,0.09007695213101881,0.07371691120221698,3.0045628852314636,35.300000000000004
403,synthetic_planning_reference_v3,low,0.5221892700203923,0.0667220274536935,0.0599999999991269,0.250861320256691,3.23996844773934,33.4,0.05675999786043543,0.29509950369789545,3.4093119429959864,33.7
404,synthetic_planning_reference_v3,mild,0.3349422651986387,0.4024537967681157,0.0958333333319388,0.0959852741563075,3.45370417735508,35.6,0.10954167856193825,0.08950108673116566,3.9506575040689924,38.15
405,synthetic_planning_reference_v3,mild,0.6725053238216797,0.6288988152979051,0.122499999998217,0.215177854450137,3.35493628443256,35.1,0.1546726625018573,0.265430314339628,3.773385350596513,36.95
406,synthetic_planning_reference_v3,mild,0.3056480760627536,0.740491390430152,0.0458333333326664,0.210815426723795,2.87111879547917,31.95,0.0429557068612566,0.2586013303475692,3.180571080427336,36.25
407,synthetic_planning_reference_v3,mild,0.8007382414923576,1.1812371661368073,0.112499999998363,0.168126249637244,3.0304617336958,41.15,0.18663615536670214,0.21180994719754123,3.6758833794805743,44.900000000000006
408,synthetic_planning_reference_v3,low,0.2874339442484071,0.052912984547577785,0.0633333333324117,0.160776055475045,3.03043169266992,32.0,0.05725926241631741,0.16538506254095095,3.0007063321889227,31.6
409,synthetic_planning_reference_v3,mild,0.3712565297565251,1.1515516345860684,0.0466666666659876,0.106055249548884,3.34902128251,37.05,0.04397108476956304,0.14741955188461872,3.926478194669932,40.050000000000004
410,synthetic_planning_reference_v3,mild,0.4651251928906726,0.6145803214571861,0.0791666666655146,0.221486137035942,2.9903179988583,33.9,0.09056644470199991,0.28400319648818834,3.3200080764769506,36.85
411,synthetic_planning_reference_v3,low,0.3211841674533223,0.07573771397220241,0.0658333333323753,0.129808188381931,3.1529660947399,33.95,0.04931033587562533,0.11041874915287796,3.2190321488682714,35.1
412,synthetic_planning_reference_v3,severe,0.7835458638619053,3.6982683318747083,0.107499999998436,0.182451551424788,3.11559609938825,40.45,0.19179328133376475,0.3488058514269217,4.612266173581569,45.0
413,synthetic_planning_reference_v3,mild,0.6510674710565093,1.447796235897731,0.0941666666652964,0.177439439261497,3.26385964162053,33.3,0.12279161526385769,0.2710761356144712,4.255876331087907,38.25
414,synthetic_planning_reference_v3,moderate,0.7657817898669481,1.8839382949075316,0.137499999997999,0.191919480100257,3.30891573845275,38.0,0.18135784241053562,0.43202522836983737,4.1967750623691495,44.400000000000006
415,synthetic_planning_reference_v3,low,0.5816712103302241,0.07422999553224462,0.0849999999987631,0.194663558798355,2.8514623245146,32.65,0.08961847343232784,0.2212966554343226,2.73012355307586,32.6
416,synthetic_planning_reference_v3,mild,0.2646101303672579,0.5585354323395589,0.0458333333326664,0.122039540936827,3.18957018789475,28.65,0.03038349623922892,0.1259361121618855,3.4802002224386315,28.700000000000003
417,synthetic_planning_reference_v3,mild,0.7336078228930412,1.292100577448888,0.139166666664642,0.128946086561581,3.57342334491122,32.75,0.1784116390505667,0.24132768060995796,4.361025197029155,36.1
418,synthetic_planning_reference_v3,moderate,0.26826315852385046,1.3500543430744,0.0791666666655146,0.233983891681943,2.92313153047315,32.65,0.1215669415899538,0.39811873342689885,3.453424820780498,38.5
419,synthetic_planning_reference_v3,moderate,0.17278869249829545,0.9961783729324032,0.0383333333327755,0.189943220602668,2.7521333553765,28.25,0.06668914119537175,0.282843842315209,3.226629598374215,30.400000000000002
420,synthetic_planning_reference_v3,moderate,0.24520825820789052,1.5263284954233027,0.102499999998508,0.115549093969191,3.07707636730814,36.2,0.1370147949380346,0.16566258249995316,3.735997329663987,43.550000000000004
421,synthetic_planning_reference_v3,mild,0.8497144461364152,0.950725441672079,0.0983333333319024,0.225976541331833,3.215653084929,35.8,0.12376759736786136,0.313354246855221,3.7679399957139132,40.25
422,synthetic_planning_reference_v3,low,0.5110841757523408,0.12092718376806573,0.0466666666659876,0.21450694067054,3.45743757969062,31.95,0.031751565110288024,0.2619265103391207,3.7454395759840575,32.300000000000004
423,synthetic_planning_reference_v3,moderate,0.8813300336177091,1.7017853347129581,0.217499999996835,0.138843823489383,2.77856492177581,36.45,0.2814749118804635,0.20698950717258527,3.5002843797178596,42.650000000000006
424,synthetic_planning_reference_v3,low,0.4681393517298942,0.08561767301530777,0.0566666666658421,0.180012560993304,3.0458770145133,31.35,0.044151954871165425,0.18538794459085547,3.0171122106849637,30.35
425,synthetic_planning_reference_v3,mild,0.22360749348583142,0.5983005452100815,0.0558333333325209,0.206414970799352,3.0338917938551,33.8,0.06599373929113633,0.2604459259021335,3.336242399152054,36.7
426,synthetic_planning_reference_v3,moderate,0.37719826165885634,1.2517086899713725,0.11083333333172,0.106685331135038,2.94301448824821,32.6,0.14222935795297695,0.13535628730486993,3.8112277909388386,39.35
427,synthetic_planning_reference_v3,mild,0.7198872361567976,0.9897776912596788,0.0716666666656238,0.177412756384784,2.91846423145688,33.2,0.09654901873747301,0.23454486777543382,3.120199518366706,37.550000000000004
428,synthetic_planning_reference_v3,mild,0.2692687272030661,0.7285275341316142,0.0416666666660603,0.213701708527765,2.84073713092896,32.9,0.05716885790503317,0.29536685456877904,2.9528941380476805,36.35
429,synthetic_planning_reference_v3,moderate,0.33820251885080177,1.1461265826026252,0.0783333333321934,0.172452214939739,2.91286482789674,39.75,0.13212138465574527,0.26726282118829825,3.368678366093772,44.45
430,synthetic_planning_reference_v3,low,0.5694819114215436,0.08834690227686365,0.0433333333327027,0.194076666450506,3.12141448576242,31.8,0.030763018090538368,0.20579101108433492,3.261419095835521,32.25
431,synthetic_planning_reference_v3,mild,0.4169585581688482,0.6280204494150651,0.0633333333324117,0.124740245990642,2.93034217692442,31.3,0.07323631271446197,0.13697279474421778,3.291253314141778,34.1
432,synthetic_planning_reference_v3,low,0.2295201264122888,0.08031091932154556,0.0599999999991269,0.166009194770813,2.78355371661146,35.6,0.05262806072146962,0.1633108389635699,2.7118556943932557,36.4
433,synthetic_planning_reference_v3,moderate,0.44164423648128914,1.4582930590917427,0.0533333333325572,0.201391294033536,2.99529150307569,34.1,0.09521605477843106,0.3669290680687536,3.56209869349007,40.0
434,synthetic_planning_reference_v3,moderate,0.6356853176265731,1.6430614307700713,0.104999999998472,0.104994552412924,3.41020482412947,36.15,0.16243533326916568,0.20320677107276874,4.420319131118557,44.150000000000006
435,synthetic_planning_reference_v3,low,0.6706977553654554,0.1179635694870913,0.068333333332339,0.223905574886034,3.04805150803862,29.95,0.06470232186913252,0.2684027003900409,3.069387160617368,28.85
436,synthetic_planning_reference_v3,moderate,0.2193247041692126,1.2884735994566672,0.0474999999993088,0.182898619273937,3.19493775805393,28.8,0.0639985618619063,0.28182473277655706,3.9636755826160543,31.700000000000003
437,synthetic_planning_reference_v3,mild,0.4377312530841297,1.0236093268268605,0.0566666666658421,0.16564121171057,3.01001070029645,33.3,0.05065655046405343,0.2665182135147149,3.4767378384947527,39.900000000000006
438,synthetic_planning_reference_v3,low,0.8078867453728383,0.11708870689827841,0.156666666664387,0.12962626695798,2.67757236000689,33.3,0.18034460160222895,0.11287477736270324,2.446394298481216,34.0
439,synthetic_planning_reference_v3,low,0.41835791000341493,0.06552640053143176,0.0749999999989086,0.188841150301334,2.96049076019302,30.25,0.0797708495954753,0.19652478639165571,2.861845899388836,30.05
440,synthetic_planning_reference_v3,mild,0.5511693540799644,1.223731582248524,0.0908333333320115,0.231820798434098,2.89742785672616,32.65,0.13453474881626998,0.3348990394306485,3.1489870240397293,36.25
441,synthetic_planning_reference_v3,low,0.44292257532508694,0.13434456135556058,0.109166666665078,0.0911560847664873,3.16279954708413,35.25,0.11495144036321357,0.051059924001932835,3.224937743280176,36.75
442,synthetic_planning_reference_v3,mild,0.8796350347175964,0.9536135416266789,0.134999999998035,0.180168316145823,3.20492729737623,35.5,0.18310703262921652,0.27417727556625454,3.907780790704469,38.900000000000006
443,synthetic_planning_reference_v3,mild,0.2764877907207272,0.4881980666060436,0.072499999998945,0.0721750231970255,2.58851323138795,29.55,0.07277600711504867,0.03491012289990026,2.4662459636142993,31.05
444,synthetic_planning_reference_v3,mild,0.612521975234397,0.7983449006112914,0.0816666666654783,0.0998130551540624,3.27326372258052,37.1,0.0979775620807569,0.08801857628175844,3.8344347466051962,42.300000000000004
445,synthetic_planning_reference_v3,low,0.516075758620487,0.06412146914723917,0.0616666666657693,0.199552646233174,3.13350047189181,32.05,0.05231365616070283,0.2158252882475665,3.216545341814918,31.75
446,synthetic_planning_reference_v3,mild,0.39878820720084573,0.5717033524413648,0.13833333333132,0.084617126818508,2.99160635307436,30.6,0.18518559645699756,0.09361241296467027,3.1420645383159793,32.95
447,synthetic_planning_reference_v3,mild,0.7378666495225626,0.649686703436692,0.0908333333320115,0.157400672351365,3.19903775260814,34.15,0.1003369852797942,0.17058868730217083,3.763550259732275,37.25
448,synthetic_planning_reference_v3,mild,0.3214764485803079,0.5095927196519322,0.0624999999990905,0.203844012438746,2.86654035304653,34.45,0.07595438594974394,0.24274973353860818,3.062311053812059,37.0
449,synthetic_planning_reference_v3,severe,0.5590967451657594,2.5176546796439294,0.0908333333320115,0.0978450645887438,2.82158185945748,35.65,0.14649974416602818,0.2369743040796697,3.842681618635244,44.400000000000006
450,synthetic_planning_reference_v3,moderate,0.30746748207946967,1.6151161845834028,0.044166666666024,0.161305540035459,2.83891449275326,31.35,0.07272375932909064,0.2841744357321158,3.4163226890549634,34.6
451,synthetic_planning_reference_v3,severe,0.4282794834415171,3.3627927089967233,0.0691666666656602,0.223541413873719,3.10099391042504,33.6,0.1338240262081511,0.49328463551347035,4.544896779528084,44.300000000000004
452,synthetic_planning_reference_v3,moderate,0.5381166012442993,1.9492211654717935,0.0608333333324481,0.112888505981674,3.39736554538201,39.45,0.13408264922296748,0.12702632825433194,4.439554206752724,45.0
453,synthetic_planning_reference_v3,mild,0.5783580243187274,1.3967663206765035,0.0658333333323753,0.241064339667935,2.89438398167383,31.55,0.08069633589948348,0.5120987726979043,3.517900164366465,36.25
454,synthetic_planning_reference_v3,mild,0.6632833081849923,0.7164600932566338,0.0799999999988358,0.167340988709377,2.94732719779478,33.95,0.09760763203348709,0.22669063960407276,3.2572456734485757,35.45
455,synthetic_planning_reference_v3,mild,0.7868941571406303,0.7439650311040605,0.16583333333092,0.224450170133042,3.16708851865164,34.7,0.2165553437096449,0.28445112850546533,3.506392298919196,36.9
456,synthetic_planning_reference_v3,mild,0.5322956544972277,0.9210869782115548,0.0658333333323753,0.197413145783711,3.52775747238569,33.65,0.07906049556202342,0.27455668945859657,4.256148332745075,36.5
457,synthetic_planning_reference_v3,mild,0.37233964362618593,0.5947301184784796,0.0983333333319024,0.118007400494035,3.07436550425452,31.9,0.1104474601653206,0.12888069441577943,3.3185102273398432,33.7
458,synthetic_planning_reference_v3,mild,0.8281140011463791,0.7049581847444535,0.11749999999829,0.190123629689464,3.42676044245097,34.85,0.15379736412238143,0.2407506960166304,4.226677224121575,38.650000000000006
459,synthetic_planning_reference_v3,severe,0.42601729265703503,2.570233024674917,0.0391666666660967,0.197365736438312,3.01450023795336,31.7,0.10108695939524949,0.49202558659983425,4.658714860903547,42.800000000000004
460,synthetic_planning_reference_v3,moderate,0.4889035149933253,1.3445496963399937,0.0774999999988722,0.139285874137277,3.56654526394387,33.4,0.143099105680613,0.20303128082842326,4.693518579185403,40.85
461,synthetic_planning_reference_v3,mild,0.5548356682007868,1.0782703905052127,0.114999999998327,0.161321057389313,3.21163625640888,31.7,0.16131594210682573,0.19377033965559726,4.033373559084246,33.300000000000004
462,synthetic_planning_reference_v3,mild,0.5346657264589749,0.9442742577552939,0.0691666666656602,0.174086137689647,3.00524411196616,32.45,0.07271779986382533,0.1982182699411849,3.4954032768439722,35.4
463,synthetic_planning_reference_v3,moderate,0.6574159592152794,1.5403265299996063,0.102499999998508,0.170841788217867,3.09302586854037,35.6,0.17542285860226653,0.19414629211181925,3.9350559229657116,40.5
464,synthetic_planning_reference_v3,mild,0.4755494194919007,0.7799885297120654,0.0958333333319388,0.14940871560478,3.21106748687208,32.75,0.12940620972013933,0.17631508734320692,3.6494141571213787,34.4
465,synthetic_planning_reference_v3,severe,0.4312499441757871,1.7525063274479937,0.0758333333324117,0.205506109551185,3.31590012200737,33.4,0.10929355820309276,0.35609033116567484,4.07936820704272,39.2
466,synthetic_planning_reference_v3,mild,0.6954325491457047,0.8281625092115459,0.123333333331539,0.148950773287515,3.07922668496338,33.0,0.14304155391420087,0.17732226240370663,3.388196501375462,35.050000000000004
467,synthetic_planning_reference_v3,moderate,0.48175409882077946,1.7710889094310525,0.0716666666656238,0.170410876943761,3.14064918269205,32.5,0.091431013015378,0.25782474999386196,4.2373893767827955,40.25
468,synthetic_planning_reference_v3,low,0.2749635866877844,0.057789898597639194,0.0433333333327027,0.20093294969201,3.07277705967715,32.1,0.02548938711316709,0.22566262230620485,3.171091024927417,32.35
469,synthetic_planning_reference_v3,severe,0.6132094393042741,4.662869053626477,0.0549999999990177,0.207771684081873,3.15272985774758,30.7,0.15400276668715135,0.4588830147878358,5.122592774905531,44.75
470,synthetic_planning_reference_v3,mild,0.13908797663538844,0.6095150289112518,0.0858333333324481,0.0762290399765763,2.70932842464543,32.6,0.11716455177768893,0.041058534271985574,2.8483356464529206,36.2
471,synthetic_planning_reference_v3,mild,0.2724469738252315,0.6281774255009392,0.0849999999987631,0.153901134532882,3.1924576154678,30.35,0.09633138790874068,0.20422368168349275,3.5130250247820225,31.950000000000003
472,synthetic_planning_reference_v3,moderate,0.4553899313453282,1.3166131196546742,0.0691666666656602,0.230221448028036,2.90380952788452,29.9,0.09726491754928757,0.3743028082503288,3.5687766234335037,34.2
473,synthetic_planning_reference_v3,moderate,0.33029869175676685,1.2387058227065717,0.0499999999990905,0.147725831606452,2.89855577162594,32.15,0.07398573366713125,0.22420874629895327,3.4850308842421196,34.5
474,synthetic_planning_reference_v3,low,0.7852749335385304,0.150255855360446,0.154999999997744,0.105608399281701,3.20109802256591,36.45,0.19303174826075614,0.09410678020523296,3.413199330124781,38.5
475,synthetic_planning_reference_v3,low,0.6539898186979599,0.12035659542208393,0.0824999999987995,0.253552371912646,2.92296969194485,35.5,0.08409659424664286,0.3098506790679712,2.877984275059905,36.95
476,synthetic_planning_reference_v3,severe,0.27377107986772564,1.6742608648292454,0.0783333333321934,0.0937356518090423,3.0479515811616,29.5,0.13299206797410046,0.11426259027143566,3.971155519681648,37.9
477,synthetic_planning_reference_v3,severe,0.7788186880675335,2.514347835980481,0.150833333331138,0.134752263487165,3.19733152841548,37.85,0.3158875084265235,0.3385054396862415,4.741124447468073,44.85
478,synthetic_planning_reference_v3,moderate,0.48278902440794685,2.0186029891435724,0.0458333333326664,0.252769290079929,2.8730405483587,32.65,0.07695941234057527,0.47183353372806247,3.7921600678499408,40.1
479,synthetic_planning_reference_v3,low,0.4335682193025275,0.16121419496605027,0.092499999998654,0.0804110992915137,3.12818712360154,30.7,0.0993338101894146,0.044221262993508766,3.2259719389955195,31.05
480,synthetic_planning_reference_v3,low,0.40704855197701784,0.08747413831163567,0.118333333331429,0.0777380669495172,2.80802541561994,32.15,0.13354214241458315,0.04141288897298564,2.769380624200975,31.75
481,synthetic_planning_reference_v3,severe,0.6479251315701486,2.515039378954234,0.0508333333327755,0.142004303899788,3.0748585250469,33.7,0.08292730811163299,0.3450145207932805,4.319700292170194,43.6
482,synthetic_planning_reference_v3,mild,0.3797916869625529,0.3860877152435293,0.0949999999987995,0.0798465128879126,2.86681695813865,34.8,0.10687778647178792,0.09046884298517273,2.8725093671302324,37.300000000000004
483,synthetic_planning_reference_v3,moderate,0.5740841074499234,0.9849769632581565,0.0899999999986903,0.223080178317078,2.77795060591701,31.6,0.10996658142105946,0.3315731102812056,3.104461466386414,35.9
484,synthetic_planning_reference_v3,severe,0.4377239311144851,2.36801670161172,0.0808333333321571,0.141282511811133,3.46338209301375,33.35,0.13111212834004637,0.2185548743661483,5.314926999126255,42.6
485,synthetic_planning_reference_v3,severe,0.23000584163554744,3.9311982271244714,0.0958333333319388,0.104042036696844,3.26424743477089,37.4,0.1858138696703795,0.3431892384465522,5.159106693968846,45.0
486,synthetic_planning_reference_v3,mild,0.8355283676570243,0.8902730032821635,0.0899999999985084,0.263628402945144,2.86806654652869,33.95,0.10686900906901958,0.45785749697109707,3.3666847275463674,37.95
487,synthetic_planning_reference_v3,moderate,0.4458826910608245,3.5501006976508815,0.109999999998763,0.0826520909127078,3.26734283728186,35.1,0.18969994829163986,0.15096442501299304,5.363964366091636,44.900000000000006
488,synthetic_planning_reference_v3,mild,0.4552504991858112,0.5268314623854734,0.10249999999869,0.157977978135713,3.10078491857143,34.9,0.12440768190242403,0.20536432494659151,3.326826277629712,36.300000000000004
489,synthetic_planning_reference_v3,moderate,0.4128576725739179,1.1372155520325933,0.0466666666659876,0.197806575386406,2.64586626667429,34.45,0.0531285290812443,0.2954567506307166,3.077193905662575,38.35
490,synthetic_planning_reference_v3,moderate,0.8360112885929398,1.521934986264692,0.132499999998254,0.157734048595057,2.68619090740977,38.85,0.18464324847125177,0.22774982789892725,3.20309628646651,44.85
491,synthetic_planning_reference_v3,moderate,0.7208967080824793,2.438780965761013,0.0541666666658784,0.186828577817228,3.3159636055179,34.05,0.08425660511635659,0.3585987070580284,4.752559663381442,43.1
492,synthetic_planning_reference_v3,mild,0.40542416982307944,1.0583106840045235,0.0941666666652964,0.173969286087832,3.39915875745731,31.7,0.1413886642807399,0.27037757145002944,4.118181170646101,35.65
493,synthetic_planning_reference_v3,low,0.49263267928125043,0.2502774986179479,0.0691666666654783,0.196770156031686,3.42008998541382,30.4,0.07209802463741985,0.22883440376175604,3.8015048630144292,30.900000000000002
494,synthetic_planning_reference_v3,mild,0.5998584783929065,1.2688080963310786,0.0716666666656238,0.234702250346094,3.1254688989069,30.2,0.06602509078681557,0.3827412039058111,3.973731050814205,33.9
495,synthetic_planning_reference_v3,mild,0.8051246613487859,1.7244686378342413,0.101666666665369,0.0856302725353836,3.40239051232679,37.7,0.15570582487236104,0.1032380065418421,4.232134458911246,43.95
496,synthetic_planning_reference_v3,mild,0.49485583778797165,1.0809495071673536,0.0599999999991269,0.207405215011894,3.05470733674744,32.35,0.07328719747187364,0.3857424496339519,3.795756349159791,37.050000000000004
497,synthetic_planning_reference_v3,mild,0.5083578187364435,0.590567483695558,0.0833333333319388,0.183779954802831,2.96607688042835,33.25,0.09476695549913453,0.23500581773273244,3.189978045657338,36.1
498,synthetic_planning_reference_v3,moderate,0.23650811233924388,0.7887554032177869,0.0974999999987631,0.102674364889931,3.1111291403585,30.05,0.11442135198532317,0.15353812544642775,3.5666470084698445,31.0
499,synthetic_planning_reference_v3,mild,0.3951232705748523,1.266190733250204,0.0716666666654419,0.159744576039883,3.04671631706492,35.0,0.10930152221435536,0.2412432200818577,3.7165684190713075,40.45
500,synthetic_planning_reference_v3,severe,0.36858558103221717,2.6623351452821447,0.0674999999988359,0.210654809353217,3.1971039818701,32.7,0.09818134252275096,0.38970480264428997,4.484121010426173,40.45
501,synthetic_planning_reference_v3,moderate,0.720680134742638,3.3135559466578446,0.0783333333320115,0.196920681597211,3.3655759156855,30.8,0.13169202768447272,0.47955760693664456,4.801494022636185,43.1
502,synthetic_planning_reference_v3,mild,0.6207859205749695,1.9839930755687925,0.0766666666653691,0.217604928038476,2.96042693948655,33.95,0.13970346022854205,0.30570979876287113,4.300552089402101,43.95
503,synthetic_planning_reference_v3,mild,0.5382589126523727,0.46007637949618624,0.17249999999749,0.149605101339444,3.18947992741722,35.3,0.22364243816647755,0.17066075556038818,3.4955111218298676,38.95
504,synthetic_planning_reference_v3,mild,0.6322682911845765,0.8109152609919656,0.0849999999987631,0.178566312799535,3.14654545228428,31.3,0.10269764710333897,0.21855755233917548,3.7111476314609995,32.35
505,synthetic_planning_reference_v3,moderate,0.4103646511211605,0.9342098481862336,0.0608333333324481,0.214558164563305,2.82728951038572,33.35,0.0961091087628036,0.3213246958292933,3.2596601856534613,38.0
506,synthetic_planning_reference_v3,moderate,0.8830916422167124,1.8508378008566804,0.144166666664751,0.150305797563948,3.06474639686472,39.75,0.20721953951753713,0.2697073436281188,4.278298356351094,44.95
507,synthetic_planning_reference_v3,severe,0.42919088144026174,2.174580908613045,0.0699999999991633,0.236652431467152,3.12598344487931,31.5,0.10730899268021932,0.37561031019516367,4.268772953777232,40.800000000000004
508,synthetic_planning_reference_v3,moderate,0.30393603378443695,1.635206714789843,0.092499999998654,0.147387158168208,3.01986012853938,35.4,0.1422807068280114,0.24207922859063458,4.194706815281707,42.1
509,synthetic_planning_reference_v3,mild,0.6363596543996876,0.6469735824920075,0.0758333333324117,0.204399967597366,2.71843897019563,33.45,0.08956484821417139,0.2798137702383126,2.812565789681605,37.15
510,synthetic_planning_reference_v3,low,0.5647068773468005,0.08539721445547027,0.0508333333325936,0.200839424410583,3.17181817889766,32.85,0.0500005440049795,0.22040498558383687,3.2499151953399807,32.4
511,synthetic_planning_reference_v3,low,0.797526701629266,0.0991173490343035,0.184166666663987,0.141121661460065,3.38032183746635,36.8,0.22265722141971514,0.1309992535824531,3.5386043582820688,38.7
512,synthetic_planning_reference_v3,mild,0.32119389957778127,0.47114818087115906,0.059999999998945,0.203084986035395,2.63717727684647,30.6,0.04054071772607985,0.2739007841067289,2.6171878757345013,30.950000000000003
513,synthetic_planning_reference_v3,mild,0.393790701307231,0.3701725101351858,0.0399999999994179,0.196151065674663,3.22637086279846,30.6,0.022709140277684614,0.22291444031961113,3.4673124839950065,31.55
514,synthetic_planning_reference_v3,moderate,0.578303468696189,2.3518725834138534,0.104999999998472,0.128022446732738,3.13383643870114,37.35,0.15689340621955214,0.25357537746647124,4.448703889579302,44.95
515,synthetic_planning_reference_v3,severe,0.3796903906712529,2.1027297541864227,0.0808333333321571,0.231607956422548,3.10507473707941,32.8,0.1518011439394623,0.3166089235429763,4.354792149005522,41.1
516,synthetic_planning_reference_v3,moderate,0.2607029395511873,1.2010840773980975,0.0491666666659512,0.135255760872558,2.9331786424092,31.25,0.05680073142355012,0.20408629843375417,3.3176765858729245,36.35
517,synthetic_planning_reference_v3,moderate,0.662317534382612,2.1815444490226032,0.105833333331793,0.118839885726682,3.6404744767913,37.25,0.1825147152152525,0.1971461166739462,5.110477029429112,44.95
518,synthetic_planning_reference_v3,low,0.49680212882973995,0.10162386659925704,0.0674999999991996,0.228942970160254,3.4249615044345,28.15,0.05345560092158407,0.2574572030906834,3.699750481029207,26.8
519,synthetic_planning_reference_v3,low,0.6434853496032957,0.06345397227363046,0.040833333332921,0.21153319209098,3.08151486577653,32.1,0.02427080028904118,0.25407066407629497,3.069528915625316,31.950000000000003
520,synthetic_planning_reference_v3,mild,0.46991640595550277,0.8485729725402659,0.0641666666657329,0.15963356419212,2.94899665557542,32.9,0.07555405473036694,0.20274680519753022,3.3219068229186184,35.050000000000004
521,synthetic_planning_reference_v3,moderate,0.8561096177814649,1.7658176706512023,0.131666666664751,0.19549278814291,3.22516448463439,35.25,0.17855710511580614,0.3373669511261623,4.142355831223925,40.75
522,synthetic_planning_reference_v3,mild,0.41871662651949676,0.7864593362865832,0.0583333333324845,0.199357797438035,3.21330597864163,33.85,0.08359320064120648,0.3038162517190405,3.7786436929429894,37.2
523,synthetic_planning_reference_v3,severe,0.37498383286724196,2.0049484608498696,0.0916666666653327,0.110405361931036,3.14506407446361,32.95,0.19814715034630578,0.16855508846882222,4.276944613911539,41.900000000000006
524,synthetic_planning_reference_v3,low,0.551841476139832,0.16323418237981865,0.0749999999990905,0.175309325924928,3.27706191883084,34.1,0.07829524910606894,0.1951185339293297,3.5080648274962374,34.550000000000004
525,synthetic_planning_reference_v3,mild,0.13581397531672992,0.24130812670994597,0.0466666666659876,0.178376895629127,2.69840350483095,32.1,0.040446815001307285,0.20276823433347296,2.6857896548656104,33.0
526,synthetic_planning_reference_v3,mild,0.34250823764971755,0.6294935690722595,0.0708333333323026,0.125049724387306,3.00421354584199,35.3,0.09471904345687666,0.14828541068067191,3.453547593752963,39.0
527,synthetic_planning_reference_v3,mild,0.4077117023284313,0.5822876487974805,0.0858333333320843,0.217352128638795,2.78292556563605,35.6,0.08728438858431645,0.28430002243259,2.9036053654125116,38.400000000000006
528,synthetic_planning_reference_v3,moderate,0.2744300546911842,1.8616915156834382,0.0424999999995634,0.150062479624865,2.95995181229607,31.45,0.04468735419041315,0.20332652512900684,3.9890661341822287,37.75
529,synthetic_planning_reference_v3,moderate,0.31579642871391034,0.5205160755630963,0.0674999999988359,0.0878108065295655,3.05592955434566,33.35,0.07530897856166764,0.06905082522120061,3.2155051630497256,35.7
530,synthetic_planning_reference_v3,moderate,0.4338295034315191,2.6262056092654222,0.0774999999988722,0.199219577171888,2.66484620412435,31.8,0.12188701435607842,0.45846891929481204,3.9306829143960678,44.150000000000006
531,synthetic_planning_reference_v3,low,0.5595283912587636,0.12024473384172596,0.0624999999989086,0.211616807001888,3.34836212174462,34.35,0.05643480834122589,0.2600654611324994,3.615519976672999,35.2
532,synthetic_planning_reference_v3,moderate,0.4697399039381109,1.5995344809782495,0.0599999999991269,0.220905537322766,2.96698738089905,31.05,0.09781230912745005,0.3772714461913066,3.878451309989454,35.85
533,synthetic_planning_reference_v3,mild,0.2914072640036864,0.6741613587167454,0.04833333333263,0.16099682855732,3.20438658524122,29.25,0.03761884593267522,0.17179016324159618,3.509633267024889,30.200000000000003
534,synthetic_planning_reference_v3,moderate,0.4750442084703035,1.6299041134490058,0.0591666666658057,0.172054279691085,3.20182795276477,31.95,0.056441803179352476,0.31780091056277576,4.420073309739889,35.550000000000004
535,synthetic_planning_reference_v3,low,0.4287632078957305,0.0535814119462419,0.0441666666662059,0.10815505621328,3.36498006302113,34.25,0.025910052010667997,0.07077827859287623,3.5408827248813144,34.15
536,synthetic_planning_reference_v3,mild,0.5150084708447146,0.5716003888576006,0.0558333333325209,0.249158389404705,3.02382934767017,32.8,0.04470326622714192,0.3528481979477788,3.288187057175201,34.85
537,synthetic_planning_reference_v3,mild,0.2551023693773189,0.7396243765454766,0.04833333333263,0.141515909003008,2.88974951682797,37.1,0.05068269529575921,0.18223300450801713,3.375008899511106,40.6
538,synthetic_planning_reference_v3,low,0.4849472290912265,0.1320918002288589,0.0658333333323753,0.192946618088375,2.98776205930193,33.45,0.05496063988117084,0.21940962418517115,2.9567598856674344,34.1
539,synthetic_planning_reference_v3,severe,0.34494632378346407,4.068848160182626,0.0516666666659148,0.18484224024216,3.05482338490705,33.95,0.16048729627195632,0.4760996505632048,4.985790287081951,45.0
540,synthetic_planning_reference_v3,mild,0.741312656014869,0.6848754632267557,0.122499999998217,0.102750001223591,3.05239064871617,37.3,0.16062943103146368,0.12221818677014987,3.4485803840800036,40.150000000000006
541,synthetic_planning_reference_v3,moderate,0.6075652537242483,1.705073676195718,0.10333333333183,0.209480214340137,2.71557082428562,32.85,0.14034110874721828,0.3403249452680673,3.3586178055447746,37.800000000000004
542,synthetic_planning_reference_v3,moderate,0.3549177654485488,0.8997443180355698,0.0608333333322662,0.106966168659919,3.37879862269253,31.6,0.07658765624297983,0.12852230216044422,4.125243435522246,34.4
543,synthetic_planning_reference_v3,mild,0.29541921020961737,0.48968244079289125,0.0649999999990541,0.0810515746932334,3.63637515714036,34.3,0.06736265618442132,0.05982163603269583,4.120243271045467,36.65
544,synthetic_planning_reference_v3,severe,0.36696474339498464,1.9929861586191104,0.0758333333322298,0.203857945374549,2.94664065442482,33.0,0.11711180524548162,0.3340317484068821,4.089190034051073,38.550000000000004
545,synthetic_planning_reference_v3,low,0.6069922752345374,0.11875361009042543,0.092499999998654,0.148338058254852,3.52693974034101,34.5,0.10256165611426946,0.1544074381635904,3.847863058801537,35.6
546,synthetic_planning_reference_v3,moderate,0.4705787388052788,1.3510618017427865,0.068333333332339,0.115328773480577,2.8051413551207,32.05,0.09814374345714375,0.19003787523753787,3.3319153666086487,37.050000000000004
547,synthetic_planning_reference_v3,mild,0.42861070685651603,1.1958268941298973,0.0774999999988722,0.206872941337115,3.24429657324624,30.1,0.09868975537616767,0.36428592040881713,4.116727235636785,33.7
548,synthetic_planning_reference_v3,mild,0.6507889207494,1.0625718790492737,0.0416666666660603,0.189539686336426,3.21424225531936,32.0,0.07286235712439498,0.263749233249978,3.7900292345354623,35.65
549,synthetic_planning_reference_v3,low,0.3963294334495351,0.08580777652775044,0.0674999999990177,0.115081787856341,3.53376463247989,33.35,0.06186412403964409,0.09419421226687585,3.7838287980689453,33.35
550,synthetic_planning_reference_v3,mild,0.6855628461994221,0.4619190096522311,0.0824999999987995,0.237951433218931,3.14646804006029,35.45,0.08504797650004785,0.31801087204340195,3.5162951987152478,37.800000000000004
551,synthetic_planning_reference_v3,moderate,0.4510529794886225,0.7882239804477643,0.0583333333326664,0.176759415966088,2.53420932286244,32.6,0.08027762759708956,0.21424957814982867,2.658407854419132,34.15
552,synthetic_planning_reference_v3,mild,0.5578635062073962,0.6158125175404294,0.0699999999989814,0.15164969336474,2.97604066719379,41.1,0.07767992378618743,0.19701041801133198,3.2217231597067513,44.7
553,synthetic_planning_reference_v3,mild,0.5632842354449147,0.6500683058918565,0.0649999999990541,0.241696984391161,3.10825702006067,29.95,0.0672271703324753,0.3692197737519807,3.503807391409675,31.5
554,synthetic_planning_reference_v3,low,0.16604265635318324,0.08401475594051758,0.0666666666656965,0.117540992456816,2.89045950892014,31.05,0.07093822928060119,0.08259209353434585,2.8496251899984952,30.450000000000003
555,synthetic_planning_reference_v3,mild,0.20700947873278677,0.6590677596676299,0.0458333333326664,0.0924476196897245,2.95671661712226,34.75,0.03569671314085185,0.0819577657500509,3.2226341454255256,38.0
556,synthetic_planning_reference_v3,mild,0.6986419980241596,0.6426365075078802,0.0916666666653327,0.233694472270564,2.92311392545005,32.6,0.10666176003253844,0.3108562290022398,3.08063836032558,35.1
557,synthetic_planning_reference_v3,moderate,0.49387785649455496,2.057603492140847,0.0799999999991996,0.140987317587894,3.4979847884201,33.7,0.10876532698604585,0.3232743788426265,4.70332455660277,42.150000000000006
558,synthetic_planning_reference_v3,mild,0.49857130025155444,0.9167795677241035,0.104166666665151,0.0782401326671116,2.70691821271056,29.8,0.11806183393672903,0.11541530314637873,3.0511352809049894,32.85
559,synthetic_planning_reference_v3,severe,0.8118343534380301,3.2064545419055825,0.152499999997781,0.240729120309708,3.1697492246161,34.6,0.3005290818745352,0.37771604001771525,4.902990160951643,44.75
560,synthetic_planning_reference_v3,moderate,0.4782249569771909,2.1520425422413556,0.0533333333325572,0.164860287113391,2.81432545326642,31.2,0.06944509048330731,0.3592809218773552,3.7025033988510665,38.400000000000006
561,synthetic_planning_reference_v3,moderate,0.5502540096861409,2.075627105046186,0.115833333331648,0.13888884917142,3.39490976889024,39.45,0.19288336043917398,0.2864008301710938,4.627099161925453,44.900000000000006
562,synthetic_planning_reference_v3,mild,0.5867206948809726,0.9761554581886486,0.0858333333320843,0.236459558995953,2.6744413089068,31.45,0.10866706749539595,0.33646308686961346,2.8712343198639756,34.65
563,synthetic_planning_reference_v3,severe,0.34108522978369815,2.7981770630859,0.0499999999992724,0.248204633797553,2.67927040641545,29.8,0.07702699786281379,0.45730273136806765,3.8972991158806094,41.85
564,synthetic_planning_reference_v3,mild,0.19254511165603846,0.43584822431728965,0.0599999999993088,0.0842290449216553,2.93437362236714,30.1,0.06815229354792192,0.05408715689703324,3.1323354938698866,30.75
565,synthetic_planning_reference_v3,severe,0.4634595470194232,4.221321905528596,0.0574999999991633,0.0935925593513387,2.81806472133375,38.8,0.19759789858260685,0.2276495300377808,5.2981499123495,45.0
566,synthetic_planning_reference_v3,mild,0.5160183003681807,1.2022714212918546,0.0583333333324845,0.257824015774366,3.09872929901459,31.45,0.05383148200499883,0.3708237861451362,3.8003602971524937,36.15
567,synthetic_planning_reference_v3,severe,0.47429160050961194,2.7442500172827966,0.134999999998217,0.129449665512676,3.06800926808155,30.8,0.20729933264344924,0.3673572392651444,4.663328628622779,40.2
568,synthetic_planning_reference_v3,mild,0.47102475642297426,1.1746097427773965,0.0824999999987995,0.110307524277548,2.91927818917836,37.3,0.09845267632396791,0.16118077746414453,3.394356643266171,43.2
569,synthetic_planning_reference_v3,moderate,0.32220763038404476,1.4017144752951356,0.0616666666657693,0.205514612325746,3.15407505621304,31.4,0.09032258692269393,0.3411855543265724,4.152862609323131,37.050000000000004
570,synthetic_planning_reference_v3,moderate,0.6756213592448325,1.260483616351649,0.107499999998618,0.0874163005388576,3.64334396244804,34.6,0.13967218033109638,0.15052221915488678,4.539444415615161,40.050000000000004
571,synthetic_planning_reference_v3,mild,0.4169005130564923,0.8064539768156768,0.0849999999987631,0.137498894567734,2.46297466638069,35.05,0.0873148679046071,0.15813799897027894,2.748386984704887,39.75
572,synthetic_planning_reference_v3,moderate,0.4364423413401933,1.9110332353009842,0.0733333333324481,0.196083958245855,2.99349507733725,30.0,0.11184580938293416,0.2909130895456236,3.657170418267901,38.650000000000006
573,synthetic_planning_reference_v3,low,0.37818685677524316,0.07414026276922679,0.0849999999987631,0.109220116703632,2.79119592727327,35.9,0.07764045221492306,0.08666006534436131,2.721511076316242,36.7
574,synthetic_planning_reference_v3,mild,0.5814454825511891,0.8926598959302903,0.0849999999987631,0.143190920481691,3.1316807574207,34.95,0.09960751867672023,0.17636007903383613,3.7785129028412334,39.150000000000006
575,synthetic_planning_reference_v3,moderate,0.24305491356224856,1.508566596791867,0.0774999999988722,0.235113526536835,2.58342041688097,32.3,0.12736409974187618,0.3555591740583979,3.1414302290847393,40.25
576,synthetic_planning_reference_v3,moderate,0.35975546577368944,0.9118891473028037,0.0699999999989814,0.0800783143423921,3.32834176215597,35.0,0.08938246869581154,0.07359315047042513,3.8724129672287715,38.7
577,synthetic_planning_reference_v3,mild,0.2842084905117551,0.8676107036196562,0.0758333333324117,0.13391659735657,2.37154756765878,29.45,0.10572475027217823,0.18394602261986692,2.410569336906771,32.15
578,synthetic_planning_reference_v3,mild,0.6820304600237305,0.9063671295089901,0.0774999999986903,0.260036006653993,2.86349416669682,31.8,0.10491411537984299,0.3578309202469278,3.293071346618541,35.550000000000004
579,synthetic_planning_reference_v3,mild,0.7219860903714488,0.9609021403048549,0.134166666664714,0.149820061713807,3.57447172155179,39.05,0.16803415164971144,0.2120154788212821,4.204900463964433,43.85
580,synthetic_planning_reference_v3,mild,0.3564078839686667,0.8012562064032365,0.0449999999995271,0.181701142197401,3.22291071795234,33.7,0.04478286835228086,0.25354817819049,3.7686690459500873,36.85
581,synthetic_planning_reference_v3,severe,0.8528391061131708,4.516652019279596,0.149999999998181,0.133124324800059,3.66371216958665,34.15,0.26435758826325045,0.3311605714575553,5.886330574747193,44.95
582,synthetic_planning_reference_v3,low,0.5710760964832463,0.07818423962040029,0.0733333333320843,0.21839769132213,3.10373646661108,33.05,0.06696688320699827,0.2635908540957067,3.1285155438909604,33.4
583,synthetic_planning_reference_v3,moderate,0.27571059862613423,0.870654321780851,0.0383333333327755,0.175574762180982,3.05750605812504,32.6,0.03383774801781986,0.26213534409953054,3.492647311385728,36.050000000000004
584,synthetic_planning_reference_v3,mild,0.4843076402086963,0.5720683851124895,0.113333333331684,0.134184890045283,3.31451011875484,33.0,0.14365514587472927,0.15548503169678887,3.7160429941528834,35.800000000000004
585,synthetic_planning_reference_v3,mild,0.6002489067176388,0.5778745799390272,0.0708333333324845,0.219104921217797,2.80441102276551,32.9,0.07212763716488697,0.3075566300495045,2.9844838307655643,34.45
586,synthetic_planning_reference_v3,low,0.6880721944355211,0.10672343198883737,0.0583333333326664,0.192758345035587,3.40255006302619,36.45,0.05245648883276721,0.2106320502203074,3.688490989513271,37.25
587,synthetic_planning_reference_v3,moderate,0.4269688238645795,1.379922531253879,0.0733333333322662,0.136732065780098,3.21405175191241,29.45,0.07803440184643848,0.2121541813679264,4.036638156266131,34.050000000000004
588,synthetic_planning_reference_v3,mild,0.23280398402350663,0.8743355338691915,0.0474999999993088,0.179102475212613,2.95612738694981,35.15,0.03903462357089479,0.22173130287743822,3.361763137254649,38.7
589,synthetic_planning_reference_v3,severe,0.2864505732900212,1.5782945851303654,0.0491666666659512,0.170650977051214,2.9772371857999,32.05,0.09228819040230299,0.30781585754305196,3.524063010961928,39.300000000000004
590,synthetic_planning_reference_v3,low,0.34477290146612705,0.07973745297600017,0.0849999999987631,0.117872261952571,3.41348280942715,35.45,0.09642962885405414,0.10273867215861973,3.5933787517867812,36.300000000000004
591,synthetic_planning_reference_v3,moderate,0.4718455438877121,2.310126362395291,0.0549999999991996,0.215045025344014,3.03252684427438,33.0,0.09101631376026265,0.4096072703810808,4.569506915987125,40.050000000000004
592,synthetic_planning_reference_v3,moderate,0.4829389054355743,1.8083481323214678,0.0733333333324481,0.161198280499472,2.73062156955545,33.35,0.12165366946836478,0.2863009791237632,3.6791029431909172,40.150000000000006
593,synthetic_planning_reference_v3,severe,0.7042846632377364,2.118094506677248,0.0899999999988722,0.151344991598024,3.21979541912731,34.65,0.143905106854876,0.24101956000126493,4.0621781637459655,44.7
594,synthetic_planning_reference_v3,low,0.347073510073921,0.0708410733211336,0.0849999999987631,0.198357931182807,3.06044173050186,29.75,0.08157253611889774,0.23696792500453057,3.0056872821046414,29.25
595,synthetic_planning_reference_v3,moderate,0.3640664380992946,2.2641877431386446,0.0608333333324481,0.214663867072827,2.77875815829367,27.95,0.11929008792786606,0.3648806577503705,3.843005616899264,37.95
596,synthetic_planning_reference_v3,low,0.28785715573474396,0.10222440013974894,0.119999999998072,0.117676904223785,3.03927637939083,32.7,0.13691857318978526,0.09888878584323219,3.0602041360131813,33.95
597,synthetic_planning_reference_v3,low,0.48962498715145386,0.12069360315471253,0.107499999998618,0.0842892957030811,3.07962958638517,31.65,0.12406592850330245,0.06823629696400257,3.1032183108753952,31.5
598,synthetic_planning_reference_v3,severe,0.8184736320039895,4.466366789848049,0.0649999999986903,0.242437917684206,3.30703300217648,35.45,0.15983198694138387,0.43347793785051486,4.936063624332572,44.900000000000006
599,synthetic_planning_reference_v3,moderate,0.45439345833067396,1.8528993063163832,0.11583333333183,0.129299719276145,2.86095829071973,35.4,0.1644867499606652,0.23965907121589225,3.508517934492729,41.25
600,synthetic_planning_reference_v3,mild,0.5324836915488462,0.9417144932307,0.0883333333322298,0.140123545122124,3.30084709185148,31.6,0.09305129778055929,0.20032361467636448,3.755433190803699,36.15
601,synthetic_planning_reference_v3,mild,0.8268765436920785,1.5723306721482957,0.0941666666651145,0.245937355983924,3.45129072080329,32.6,0.13191595277939983,0.3605662021541775,4.41657031497775,38.400000000000006
602,synthetic_planning_reference_v3,low,0.4719982342655664,0.11475276136483334,0.0783333333321934,0.100660254546467,2.90533572164622,30.05,0.07393231447831214,0.08683589885160746,2.8207667751469634,29.3
603,synthetic_planning_reference_v3,mild,0.5399178286866756,1.8325583295904495,0.107499999998618,0.124344679378077,2.61623441367719,40.2,0.19703994575466385,0.18252417596383366,3.3655396868494583,44.95
604,synthetic_planning_reference_v3,moderate,0.3239719395552908,1.2662213136949345,0.0524999999990541,0.208772609046166,2.95119086413486,32.25,0.07570068475947409,0.26886268368027705,3.474953262993493,37.050000000000004
605,synthetic_planning_reference_v3,mild,0.5946372507625274,0.9574493012922151,0.134166666664532,0.100842062482432,3.44322430675237,35.2,0.16953957424651628,0.12286665518065694,4.117426327255162,38.7
606,synthetic_planning_reference_v3,low,0.5465263750693322,0.06951187638749648,0.109999999998399,0.202767625536488,3.33249665145739,31.8,0.11813795881440246,0.21649868770339345,3.4705238233376954,31.85
607,synthetic_planning_reference_v3,moderate,0.5448330018395213,1.2324810054092958,0.0674999999991996,0.230232674308672,3.37722396591542,34.45,0.07146031103394876,0.3780256102321373,4.064682350149552,40.0
608,synthetic_planning_reference_v3,moderate,0.7033519747489152,1.1566295682200416,0.104166666665151,0.121816686097865,3.51939340524506,36.25,0.1402952940035945,0.2090876826119203,4.450727117164749,41.050000000000004
609,synthetic_planning_reference_v3,low,0.32548457181930407,0.07675004630784939,0.0491666666657693,0.18024151442351,3.21048235867914,27.7,0.038018907540945515,0.18732070212143315,3.2529519330846406,26.200000000000003
610,synthetic_planning_reference_v3,moderate,0.7096513912304865,1.940529793508816,0.0791666666653327,0.241240460944236,2.49062174028092,33.05,0.12018983266343441,0.4119612297549764,3.0443651158648035,40.5
611,synthetic_planning_reference_v3,mild,0.24178245389691366,0.610223062437001,0.0499999999990905,0.107943489327297,3.01399557438916,33.95,0.05005473588736099,0.1132004375446697,3.1366866605211876,35.95
612,synthetic_planning_reference_v3,severe,0.3008628013873964,1.7101820334734619,0.101666666665369,0.0968748318184304,3.27442412118296,32.45,0.12636212170428793,0.17413108728703214,4.123396829940126,39.400000000000006
613,synthetic_planning_reference_v3,low,0.6022220195703096,0.16087771458136774,0.0799999999988358,0.251429081810031,2.85709422662862,33.3,0.0745704885547015,0.3089808162350914,2.8247759067815985,33.800000000000004
614,synthetic_planning_reference_v3,severe,0.58563850898527,3.918690776516292,0.109999999998399,0.102571032252925,3.59132209667548,34.55,0.23284316944788389,0.17244148792373465,5.860506969782576,44.95
615,synthetic_planning_reference_v3,severe,0.4435836360209638,2.565502108932889,0.0983333333320843,0.168935332434331,3.22822701679029,36.0,0.1730354065766139,0.3075624686551068,4.6873752058823115,44.900000000000006
616,synthetic_planning_reference_v3,severe,0.24841756346880137,1.713001959149888,0.0408333333327391,0.226972469075188,2.99213676772797,31.3,0.058484638253263534,0.39487619966845533,3.946526228774852,37.45
617,synthetic_planning_reference_v3,moderate,0.5230922111620642,1.6023369860629397,0.0674999999991996,0.0706253514960304,3.24207427619008,29.6,0.11088803256846903,0.11790124421819606,4.208133912490632,35.800000000000004
618,synthetic_planning_reference_v3,low,0.7416635099256008,0.14252694825631512,0.088333333331866,0.123155973418377,3.29881242380472,35.15,0.0862966348164768,0.11431567374377838,3.5299545306802202,36.5
619,synthetic_planning_reference_v3,moderate,0.5450108651402376,1.6711042943302719,0.0749999999989086,0.234813282297612,2.78985566067488,33.0,0.12064983410719891,0.4010708077279708,3.47501875915433,40.050000000000004
620,synthetic_planning_reference_v3,mild,0.27884231755019534,0.2814124185191929,0.0433333333327027,0.0915532416553593,3.14891752364826,35.1,0.02916229029606001,0.06564698734283689,3.3797755309769326,36.300000000000004
621,synthetic_planning_reference_v3,mild,0.5496617709652498,0.9254541588256808,0.0983333333319024,0.20450222278669,3.64729016432909,31.65,0.11562706685458196,0.2552202935574851,4.4433443692515135,36.25
622,synthetic_planning_reference_v3,mild,0.21384825066547325,1.1207162426955413,0.0466666666659876,0.209757266260514,2.3252465741785,32.6,0.08541008138762399,0.25654465773828977,2.4536271878439058,37.7
623,synthetic_planning_reference_v3,moderate,0.24012891451452673,1.2204154519534165,0.0524999999990541,0.113021379142797,2.95202679249643,30.25,0.07678385449053926,0.22215656602650896,3.4652027701827137,34.0
624,synthetic_planning_reference_v3,mild,0.7970916819317385,1.9308737484602383,0.200833333330229,0.106312360870321,3.06740449335894,36.25,0.28806769400372323,0.19638778233387594,4.498436285210485,43.6
625,synthetic_planning_reference_v3,mild,0.6035810988826407,1.1455043219133352,0.0733333333322662,0.231997405483332,2.86250825254178,31.1,0.11788993145629831,0.3788111792373507,3.2817447540994182,34.0
626,synthetic_planning_reference_v3,low,0.3519431053011292,0.04957217907067203,0.0666666666658784,0.152803194725217,2.68728326912744,29.2,0.049791251155411026,0.14369450558808036,2.5959351832873576,27.650000000000002
627,synthetic_planning_reference_v3,severe,0.4528586400933027,4.017574822523915,0.0974999999983993,0.109276957236891,2.98276933602067,32.45,0.12229712921373695,0.4349983953459963,4.3408993648077105,44.650000000000006
628,synthetic_planning_reference_v3,mild,0.34066866213700325,0.6871939281010695,0.11083333333172,0.20516640476068,2.89074333667763,33.5,0.13453864881576008,0.26667016193191245,3.025234220065483,37.5
629,synthetic_planning_reference_v3,moderate,0.4669403065418534,0.9540277815442739,0.0491666666661331,0.225314595788201,3.35040948958933,32.05,0.067675216062954,0.3752523484357538,3.964435059771841,37.2
630,synthetic_planning_reference_v3,severe,0.22426095853958047,1.9629886499780513,0.0591666666658057,0.164104176285989,3.31386134910915,29.8,0.08033194461364061,0.24995820217255318,4.604150266882041,38.25
631,synthetic_planning_reference_v3,moderate,0.45289241747315945,1.3765184172884068,0.0783333333321934,0.117284321224181,3.4150335453989,32.8,0.08664329033174054,0.13909947146578416,4.206087372074686,38.050000000000004
632,synthetic_planning_reference_v3,mild,0.19920688090133756,0.6701936191998472,0.0449999999995271,0.178207005328911,2.67459239253589,34.85,0.02848601830187934,0.24391578505247774,2.8603336100305263,38.15
633,synthetic_planning_reference_v3,severe,0.32047277472605334,2.2560646917813187,0.0349999999993088,0.16582721509072,3.17455698018294,31.15,0.04552953606927294,0.3042311164248672,4.246817925691048,40.2
634,synthetic_planning_reference_v3,moderate,0.6496888627833973,4.599587082495313,0.150833333331502,0.132330235291388,3.21962878409079,35.8,0.2902949317369717,0.2959157550472394,5.962982300597547,45.0
635,synthetic_planning_reference_v3,severe,0.5804702661225787,4.286760806038338,0.0658333333323753,0.242168246484736,3.28589474725638,33.1,0.14013956526395413,0.3482983345476027,4.6875660012553695,45.0
636,synthetic_planning_reference_v3,low,0.4225182519038787,0.17978198689169525,0.0791666666655146,0.0892420156629148,2.58466824439654,32.7,0.08939561292451775,0.07251825372822825,2.404325958524194,33.5
637,synthetic_planning_reference_v3,mild,0.4043113855732399,0.6198586641040427,0.0858333333320843,0.211026286951225,2.72671992021897,32.9,0.10366102437884592,0.27598801743356755,2.8343505996905214,35.35
638,synthetic_planning_reference_v3,mild,0.41787279857616383,0.36787124966359525,0.0624999999989086,0.113208345113408,3.41344468821704,32.0,0.05446946551704878,0.11932628789063814,3.747332513947437,32.800000000000004
639,synthetic_planning_reference_v3,low,0.8728092446165653,0.20254604783097913,0.109166666665078,0.117794800908223,3.52373091899841,43.3,0.13544362370684426,0.10412843938149048,3.9418093788915844,44.800000000000004
640,synthetic_planning_reference_v3,moderate,0.36683856114756824,0.9368525346661101,0.0541666666658784,0.202320058197572,3.3465570948465,32.6,0.05866992974850395,0.24990476827395378,3.9818933640469796,36.7
641,synthetic_planning_reference_v3,moderate,0.5664182064633866,2.1252147069328573,0.0674999999990177,0.173142041312604,3.5150119234532,39.75,0.1275210962937874,0.20786082068359735,4.523087474220074,45.0
642,synthetic_planning_reference_v3,mild,0.5257563190613705,0.5936538566620287,0.0416666666658784,0.19510939567002,2.83926258237729,30.9,0.03624284384378628,0.23885103673883726,2.9603728062382024,31.75
643,synthetic_planning_reference_v3,severe,0.8199972243040249,7.168529123245174,0.125833333331502,0.223576395328438,3.36665202738881,32.35,0.1962173157895294,0.6948892013660701,6.673250007377423,45.0
644,synthetic_planning_reference_v3,low,0.5504359928057106,0.14549351728009555,0.0524999999994179,0.195838687729529,2.94264067484272,32.8,0.0423494301646851,0.20354836510937965,2.9459894773356736,33.7
645,synthetic_planning_reference_v3,mild,0.9422731383977835,1.0091669806410233,0.28166666666275,0.111728678348237,3.56252183624648,38.0,0.3752466202402333,0.13579652708473286,4.682127369938527,41.550000000000004
646,synthetic_planning_reference_v3,severe,0.5807304210638758,4.454614321961866,0.111666666665224,0.231631405012455,2.57239564880966,34.45,0.2273212029774448,0.6617215307727778,4.421439450935612,45.0
647,synthetic_planning_reference_v3,low,0.37821172398587977,0.14539418372400748,0.0783333333321934,0.0902192809952708,2.98450602932094,30.8,0.08153210365933793,0.05948635966234994,2.9996291867285385,30.650000000000002
648,synthetic_planning_reference_v3,moderate,0.5937275420385252,1.815105914838279,0.0983333333315386,0.114879279231006,3.39947400736957,37.8,0.13209832874539867,0.23253660609232435,4.716183029764777,44.85
649,synthetic_planning_reference_v3,moderate,0.3937907482643141,1.3562442850103646,0.0524999999994179,0.204569397346333,3.45045648300026,33.25,0.07474945624325662,0.2782115122176645,4.1448378105135495,39.5
650,synthetic_planning_reference_v3,low,0.5096595450964301,0.09630280087874436,0.106666666665296,0.105526975559317,3.47860395696984,34.9,0.1082114182615714,0.06646303510971606,3.7223831916961982,35.85
651,synthetic_planning_reference_v3,moderate,0.7505523435254038,1.7170984920959806,0.119999999998618,0.260396966114191,3.24770665399797,36.25,0.17154942995644257,0.4318290291341724,4.063514343949989,44.35
652,synthetic_planning_reference_v3,moderate,0.6188652890315104,2.0091710286297584,0.0624999999992724,0.157344441821238,3.09755819303797,32.25,0.08640507052356303,0.24214001020860407,4.052463252645255,38.7
653,synthetic_planning_reference_v3,low,0.5951121109749613,0.08040421057146536,0.0666666666658784,0.122653638155399,2.82007091460301,41.15,0.06643918150840825,0.11281427134534949,2.7001276186529566,43.85
654,synthetic_planning_reference_v3,severe,0.6136820018475775,2.4400699561077013,0.0633333333324117,0.243834765850911,3.32839141044202,31.05,0.1143728270046498,0.3945216513438885,4.487338308623101,41.7
655,synthetic_planning_reference_v3,moderate,0.4453491705002352,1.884723553409893,0.0724999999993088,0.0811102690083004,3.71235230617433,33.3,0.10579677431767037,0.26611808505425644,4.833004346740699,40.900000000000006
656,synthetic_planning_reference_v3,low,0.460653463803534,0.10776086651949787,0.0691666666658421,0.240371037261933,3.57257345789218,33.5,0.06201748570531335,0.2900380706486378,3.934407879060001,34.0
657,synthetic_planning_reference_v3,moderate,0.9066489493940861,3.09661158640099,0.151666666664642,0.120655915714926,3.14910028488243,34.75,0.22163941783474522,0.18978888888097514,4.341892476485798,44.650000000000006
658,synthetic_planning_reference_v3,low,0.5317384878036278,0.10222856158150379,0.112499999998363,0.066408765446817,3.18442221787493,36.15,0.12852843102869208,0.028263811219378748,3.298333176972024,36.9
659,synthetic_planning_reference_v3,low,0.6981124207622397,0.12463110620201263,0.0849999999985812,0.234433126093866,3.22188095910697,31.65,0.10003813393742181,0.2745956165883268,3.346880262140296,31.6
660,synthetic_planning_reference_v3,mild,0.26654767032960186,0.2981203795560981,0.0724999999991269,0.120476122955703,3.3359418754564,34.0,0.0715656547800936,0.11469970716677394,3.6884653696119765,34.95
661,synthetic_planning_reference_v3,moderate,0.6931348870286725,1.0356617780462216,0.112499999998181,0.14468088404743,2.88420568511682,39.3,0.1423827895653924,0.2121214354049019,3.3954940341363105,44.0
662,synthetic_planning_reference_v3,mild,0.9625662693064503,0.8590447479835145,0.238333333329865,0.22001473224206,3.14842815180825,35.4,0.31220678208265995,0.28936209181039296,3.4736996313277224,40.300000000000004
663,synthetic_planning_reference_v3,low,0.8249723222909754,0.1196989490494415,0.102499999998872,0.23198506609706,3.61760256180866,39.6,0.11281754667346251,0.28091945959698883,3.9580049583661308,42.7
664,synthetic_planning_reference_v3,moderate,0.6684093503131397,2.2394238317212296,0.0941666666654783,0.125991279670634,3.64055502791396,33.45,0.140309389053415,0.31882798185898736,5.421767677109902,39.85
665,synthetic_planning_reference_v3,mild,0.5288501196154147,1.1166409588178712,0.114999999998327,0.0994435878121459,3.04127422540396,33.4,0.17102414625420692,0.08242899782669409,3.6548960686634726,37.85
666,synthetic_planning_reference_v3,mild,0.49389882698112003,0.742531033983993,0.0874999999989086,0.228055689233021,2.77581289452627,32.7,0.11309015972602281,0.2660344311277245,3.0302117968507227,34.6
667,synthetic_planning_reference_v3,mild,0.5361681088327098,1.1249347631779751,0.0858333333322662,0.128128449840797,3.02617284770633,31.85,0.09574247323965292,0.17598213120959302,3.687618360930506,37.7
668,synthetic_planning_reference_v3,low,0.49939004375121554,0.05822632055398528,0.155833333330884,0.104690452838112,3.2517642576606,36.5,0.19192038289652244,0.08019053485438922,3.3565245185799237,37.75
669,synthetic_planning_reference_v3,moderate,0.47738208210174893,4.207622509949867,0.0499999999992724,0.179423765413858,3.08034055090226,30.35,0.20561037958300052,0.41955556936854127,5.0526077750259715,44.1
670,synthetic_planning_reference_v3,moderate,0.5156316367098712,1.42082774526594,0.122499999998217,0.139229110069047,2.87861846861119,33.1,0.14729296166230746,0.16813007642371505,3.378925482612385,40.300000000000004
671,synthetic_planning_reference_v3,low,0.4591482783880175,0.14379834423102708,0.0941666666651145,0.1916348374183,3.09751905003209,34.55,0.09915870295026999,0.24056343214098555,3.244557587493368,35.45
672,synthetic_planning_reference_v3,low,0.514879052516933,0.09083886999048979,0.118333333331611,0.174226408450809,2.80160325334766,33.4,0.13893172281355315,0.16264990384341868,2.7866567560779543,34.0
673,synthetic_planning_reference_v3,moderate,0.5552044825974842,1.7872191082337514,0.0533333333325572,0.151286870726443,3.15163130033093,31.65,0.07187586219069877,0.25225783126636026,4.239156093118728,39.400000000000006
674,synthetic_planning_reference_v3,moderate,0.8102859693060535,2.5836020467655434,0.142499999997744,0.13896151861339,3.30827916534392,36.1,0.20382026168939174,0.2135564485916925,5.041831685197923,44.800000000000004
675,synthetic_planning_reference_v3,low,0.6993510403683426,0.0894949150831082,0.100833333332048,0.230368415260997,2.92061750359017,32.75,0.10908499724783653,0.27059786206071607,2.919719454995489,33.0
676,synthetic_planning_reference_v3,mild,0.5100399009939357,1.459633331905653,0.0774999999988722,0.151296419359828,3.35568012887961,33.55,0.1004318272168488,0.16963866936247432,4.260341732764071,37.95
677,synthetic_planning_reference_v3,moderate,0.8631768836400336,2.1748007612520097,0.133333333331393,0.110138787111621,3.22487216164368,38.4,0.19922530422257737,0.25006670509912626,4.456500084210355,44.900000000000006
678,synthetic_planning_reference_v3,severe,0.3263694813875614,2.0282257789989555,0.0641666666660967,0.2230352206993,3.34235429631048,33.65,0.1318327533205645,0.32231144289014135,4.403335065686596,43.550000000000004
679,synthetic_planning_reference_v3,moderate,0.5487586367665668,2.513115226151658,0.137499999998181,0.0881293918030587,2.94660219144192,33.65,0.2246443917839089,0.14942371364749443,4.259297471993287,43.95
680,synthetic_planning_reference_v3,low,0.3190011333865806,0.077196744529147,0.0641666666657329,0.180780750428957,2.90155463222422,33.7,0.05895206219032226,0.19515193385520646,2.872005826175306,34.25
681,synthetic_planning_reference_v3,moderate,0.7550689451570909,1.9017933871811201,0.0691666666656602,0.218741138294436,3.04522844026653,29.8,0.1250532225504356,0.34631955612139675,3.739675732284575,38.45
682,synthetic_planning_reference_v3,moderate,0.5036060104037581,1.8568699699270321,0.101666666665369,0.113109787455104,3.09839473259314,34.35,0.1361803346204274,0.17594231023352833,4.5071249193511145,44.550000000000004
683,synthetic_planning_reference_v3,moderate,0.7526255590821346,1.9525983383978098,0.114999999997781,0.190234232015365,3.41796636346797,35.85,0.22072291649755416,0.36390826613014166,4.283663429554186,42.75
684,synthetic_planning_reference_v3,mild,0.36929945877832265,0.6912133967857437,0.0333333333328483,0.198996929347771,2.89763739399696,29.05,0.02710902208894674,0.25538046791012414,3.2188197314816884,31.150000000000002
685,synthetic_planning_reference_v3,moderate,0.3364192658203979,1.7430317230144674,0.0608333333322662,0.0992960390770411,3.01863753124396,34.05,0.11335289435014245,0.20197096782149784,3.944739604791086,41.0
686,synthetic_planning_reference_v3,low,0.4891113036496796,0.09314898099596357,0.0833333333323026,0.125422286286736,3.26677894101486,31.65,0.08658839574045155,0.13075217553245227,3.4369390737165437,31.450000000000003
687,synthetic_planning_reference_v3,mild,0.6804179825689836,0.7097495138809318,0.0916666666651508,0.209440176141782,2.69634821944844,33.25,0.10771624491385398,0.2689876044463466,2.9157913297691245,35.550000000000004
688,synthetic_planning_reference_v3,low,0.5354257301348377,0.16709574235204044,0.0599999999994907,0.131275134962941,2.69805580317939,28.8,0.05696385224700716,0.15226250306053904,2.5641425475594097,28.8
689,synthetic_planning_reference_v3,mild,0.45863195104873283,0.6045624372484614,0.0708333333324845,0.0916049025650686,3.11618119883968,34.35,0.07547058827102297,0.08395796727510355,3.555500270718284,38.300000000000004
690,synthetic_planning_reference_v3,low,0.5021875185478949,0.0874765483525864,0.0474999999991269,0.247982539193296,3.09677384105945,36.6,0.036340644776934994,0.30757951737114186,3.1835913873487685,37.5
691,synthetic_planning_reference_v3,mild,0.5075738328792411,0.6505401187922158,0.0874999999989086,0.105615918522267,3.63300755369895,34.3,0.11975839022953694,0.1087851868461803,4.231897441650453,36.2
692,synthetic_planning_reference_v3,mild,0.5084070500242094,0.7582474466819746,0.0899999999988722,0.0914388853497011,3.22286027879549,33.6,0.11535485056610567,0.13122479211809313,3.676292579006168,36.050000000000004
693,synthetic_planning_reference_v3,mild,0.4876643145138046,0.3598887997762448,0.079999999998654,0.253472504372522,2.6912105142358,31.0,0.08084506573538507,0.32001327775011296,2.731473265552558,31.5
694,synthetic_planning_reference_v3,low,0.268482023571396,0.09004398575130215,0.0891666666653691,0.107256982414765,2.77406254477116,32.95,0.09675023185489465,0.07722976816555699,2.5962766372384154,32.6
695,synthetic_planning_reference_v3,mild,0.3947281273352962,0.4028326999341178,0.110833333331357,0.123719204706671,3.11946756477833,38.75,0.12655874767616407,0.12716943074007958,3.347887375952482,42.050000000000004
696,synthetic_planning_reference_v3,mild,0.2243645212741064,0.8438223583356141,0.118333333331429,0.0873821871304642,2.81864179478172,32.4,0.1359995881984773,0.0479131881773539,3.237377674076636,34.35
697,synthetic_planning_reference_v3,low,0.35702707835776054,0.08418013898971302,0.0974999999985812,0.157569556481656,2.87133224259094,30.3,0.10184664146606016,0.1638972873114325,2.7573448761661323,30.0
698,synthetic_planning_reference_v3,moderate,0.406894520219842,1.8315023854895527,0.059999999998945,0.220144585190457,2.85147067949871,32.75,0.06382725158432247,0.31605869093181094,3.5486959765275623,37.7
699,synthetic_planning_reference_v3,mild,0.5671767350292739,1.0860178333330002,0.0991666666654055,0.0812618731237792,3.06844478014834,36.15,0.13027086234582638,0.08519201354713904,3.687163617275074,42.6
700,synthetic_planning_reference_v3,mild,0.2932480632639812,0.7188973383703535,0.0458333333328483,0.168878838454796,2.96296069541425,31.65,0.05342899882909669,0.23622105765277868,3.2170089501064036,34.35
701,synthetic_planning_reference_v3,moderate,0.3194618988239,1.0212013535358213,0.0558333333325209,0.230233944828837,2.74307556903604,32.15,0.06979140514648394,0.3245354697965641,3.2477099244933156,35.85
702,synthetic_planning_reference_v3,low,0.4118992252436223,0.1205040546060599,0.104166666665151,0.0912307130532607,3.20228886547367,34.4,0.11059085639763704,0.051933302868336265,3.2771090797960403,35.5
703,synthetic_planning_reference_v3,mild,0.6509875951540464,0.9210846536341826,0.0708333333324845,0.17225119010497,2.96581025089221,35.55,0.09001530390021503,0.24654013278560138,3.4945278327005864,40.550000000000004
704,synthetic_planning_reference_v3,low,0.235207138957708,0.05902031949997756,0.0549999999990177,0.205195770155617,2.85141283348364,34.4,0.03617869960351261,0.21487471218483753,2.6725428171436953,34.15
705,synthetic_planning_reference_v3,mild,0.49014533746814937,0.7677739505689035,0.119999999998436,0.0959343868289424,3.32389514266744,32.55,0.14618635450544734,0.15217805544482157,3.8415273987322496,34.6
706,synthetic_planning_reference_v3,low,0.4723962210098244,0.06986158606246001,0.121666666664714,0.163676919740311,2.72036696256899,34.5,0.13816762245392175,0.16810399480306054,2.569656318177533,35.85
707,synthetic_planning_reference_v3,moderate,0.4698344485831121,1.3066437150417896,0.059999999998945,0.20834449284198,3.05601943967906,32.7,0.0823659777847296,0.29115266007019425,3.7925355536148526,37.9
708,synthetic_planning_reference_v3,moderate,0.2572575746311721,0.9712474851738654,0.0641666666659148,0.0560304915930112,2.97979935589089,32.2,0.08051967609746885,0.06868689997688826,3.4885002083759917,36.45
709,synthetic_planning_reference_v3,mild,0.2539226428920667,0.8757586600762534,0.0866666666655874,0.12425212140495,2.62444573437231,31.4,0.10939714427978557,0.17339839150143388,2.9062133192247877,33.5
710,synthetic_planning_reference_v3,mild,0.74306319299558,2.1673449066720445,0.0608333333324481,0.250702726551077,3.33743879864127,33.4,0.10800434151911215,0.5057727982524449,4.257073609668502,44.25
711,synthetic_planning_reference_v3,mild,0.3040753566135574,0.7316689879074163,0.127499999997963,0.0764391734180034,2.98263214969506,34.45,0.15427268880609082,0.10636774024795083,3.309507313518024,36.9
712,synthetic_planning_reference_v3,low,0.17322661925782348,0.07165813244247175,0.0391666666660967,0.12423075427253,2.76400433442574,29.05,0.022429736128485964,0.1098093993767048,2.5935029368197733,27.650000000000002
713,synthetic_planning_reference_v3,severe,0.150145110032715,2.5698276639527897,0.0616666666657693,0.2069642609226,3.10566239596722,31.3,0.11515582601871954,0.5263719449129094,4.729978097086479,43.85
714,synthetic_planning_reference_v3,mild,0.6362739293137853,0.815851573822503,0.0999999999987267,0.155238652211146,2.87867567400802,33.15,0.14342688851254354,0.21208368920700418,3.3789590226014163,36.300000000000004
715,synthetic_planning_reference_v3,severe,0.6982419312579597,3.742176311644183,0.141666666664423,0.088623542851525,3.05034784973744,37.7,0.29633521185771733,0.3097679190023685,5.609632890023845,45.0
716,synthetic_planning_reference_v3,moderate,0.6024450680719936,1.870305047878836,0.0891666666653691,0.241932943731913,2.9451804107995,32.45,0.11828490192489921,0.4736684384352092,3.7922459455045203,40.25
717,synthetic_planning_reference_v3,moderate,0.822535863180211,4.254236675989172,0.129166666664787,0.115676360874906,3.11445978582323,37.75,0.2753544507046762,0.3795475396444512,5.5136031854351675,45.0
718,synthetic_planning_reference_v3,severe,0.5599886374900952,2.309008505014582,0.0674999999991996,0.141502444833751,3.17982593355849,32.15,0.11260090685331639,0.3045766204599167,4.254137870761435,42.300000000000004
719,synthetic_planning_reference_v3,mild,0.5665347441978053,0.5569135995043754,0.0733333333324481,0.225767639243131,2.97066747443901,33.45,0.07980929957489072,0.30322212908826884,3.149450027919827,35.35
720,synthetic_planning_reference_v3,severe,0.4697828140761042,1.2888561215688288,0.123333333331721,0.0804847317454059,3.23190746922076,32.7,0.15537344232096648,0.09623946916988432,3.854358018212862,38.050000000000004
721,synthetic_planning_reference_v3,mild,0.23084154189789338,0.6696022025223614,0.0699999999993452,0.131596422904859,2.99898632472993,32.1,0.09519757102764775,0.17552606588465489,3.172760148844991,36.550000000000004
722,synthetic_planning_reference_v3,low,0.5913866530750861,0.10132502073486815,0.0608333333322662,0.229298875995615,3.02326766166485,32.3,0.04663665122633339,0.26931232442022374,3.0582907466238782,32.75
723,synthetic_planning_reference_v3,severe,0.7583830972665601,4.344979206729784,0.114999999998508,0.106410261605331,3.45450702686969,33.75,0.25085646304772635,0.2691734688142943,5.434902167074966,44.95
724,synthetic_planning_reference_v3,mild,0.6772270991301549,0.9949160994121641,0.126666666664642,0.13479768212628,2.91053264539012,38.15,0.18160783697858823,0.16558633697395514,3.261714321921212,44.150000000000006
725,synthetic_planning_reference_v3,severe,0.27107761812524095,1.6311021432269612,0.0516666666657329,0.167954941093983,2.88231451657398,35.65,0.08144738180793837,0.24376844374782344,3.5632569814260973,42.6
726,synthetic_planning_reference_v3,mild,0.42710249788684274,0.523752458832161,0.0674999999990177,0.144537353220177,3.14463688854727,34.75,0.07577759446920303,0.18923413661840752,3.2854786387892374,36.800000000000004
727,synthetic_planning_reference_v3,low,0.3891044394169625,0.05230432926772529,0.0633333333327755,0.155423942601468,3.22156092867136,31.5,0.05296242230273566,0.15032133360391317,3.3665740458348834,31.35
728,synthetic_planning_reference_v3,low,0.8825632460016929,0.14772483466082842,0.13916666666446,0.177070860768727,2.66546796910304,40.7,0.15749808958683634,0.18816218998292084,2.5230858287762445,43.7
729,synthetic_planning_reference_v3,moderate,0.4276796625589611,0.8585766772653264,0.052499999999236,0.145604777040045,3.16545383377326,33.15,0.07447985196596803,0.1840756625720682,3.731038550462387,36.35
730,synthetic_planning_reference_v3,mild,0.5258192916031424,0.9062273300191936,0.114999999998327,0.124306760975768,2.72346984108205,39.95,0.14530039034356868,0.15493589041532976,2.9337619758825637,44.300000000000004
731,synthetic_planning_reference_v3,severe,0.3536638920347657,2.8542458463544373,0.0858333333324481,0.220638048754146,2.72754780336367,29.7,0.1843521951335965,0.3801632524095343,3.5515961821230415,43.800000000000004
732,synthetic_planning_reference_v3,low,0.5579232721240038,0.1208375456023846,0.0899999999988722,0.0994163386233932,3.30742027733835,33.35,0.08676951667305574,0.06981766394655084,3.473557207566224,34.050000000000004
733,synthetic_planning_reference_v3,mild,0.9503874289728713,0.9105393592379064,0.199999999996908,0.149499719051248,3.18636369985351,37.0,0.2489747770162151,0.23983054463996561,3.7599685862541286,41.900000000000006
734,synthetic_planning_reference_v3,moderate,0.3621333397976033,2.1175901243646735,0.0333333333328483,0.203966741618962,2.74189538179905,32.35,0.0775466620510537,0.3622392564958734,3.577273310360181,36.4
735,synthetic_planning_reference_v3,mild,0.687760731166805,0.6098284746660775,0.076666666665551,0.0950585776473286,3.25965639620491,34.15,0.11102035542779079,0.10488692379088371,3.641877599125396,35.45
736,synthetic_planning_reference_v3,moderate,0.3018482610409345,1.4438511041846607,0.0599999999991269,0.0817317927809975,3.46030571875462,29.3,0.11020089621177367,0.093620259338859,4.607138192731343,33.4
737,synthetic_planning_reference_v3,low,0.8526489634018912,0.11938731034780996,0.0749999999987267,0.245021444919974,3.52778848670124,34.75,0.07384309112506514,0.3037878372254188,3.8701282630818845,35.15
738,synthetic_planning_reference_v3,mild,0.5712031111501745,1.0000104949318105,0.104166666665515,0.105988783624082,3.30771448876437,29.05,0.15670898667488717,0.1256130390913876,4.028722739801072,32.550000000000004
739,synthetic_planning_reference_v3,mild,0.35587232903121374,0.5543644338471316,0.0983333333320843,0.0890011451990848,3.03081803032874,35.85,0.10125474600837203,0.07250087929146669,3.3980521254746625,39.300000000000004
740,synthetic_planning_reference_v3,moderate,0.40216519553786445,1.3732530844838122,0.0566666666662059,0.24355130635736,2.8434259731896,32.0,0.07707849415216948,0.32658905427917045,3.4478067738555764,37.300000000000004
741,synthetic_planning_reference_v3,mild,0.45267272181224455,0.5159331291548417,0.0524999999994179,0.108375838348657,3.35280110845363,29.75,0.05134910522587916,0.09835277742368931,3.7017236782709326,31.6
742,synthetic_planning_reference_v3,moderate,0.7398820611470619,1.571112435328548,0.189999999997235,0.117926451267351,2.88550291270527,37.0,0.2723322920128883,0.14713677339176726,3.5648832475968972,43.5
743,synthetic_planning_reference_v3,severe,0.5170492094084592,5.036305923799686,0.0624999999994543,0.271337946650276,3.39850444334224,32.75,0.18359451456655998,0.5247096320869085,6.634937307163885,45.0
744,synthetic_planning_reference_v3,low,0.32196027596346216,0.09428712756942376,0.0358333333331757,0.139808594478327,2.93544432453313,33.8,0.021859432278590933,0.1308225757258397,2.8722667448115327,33.65
745,synthetic_planning_reference_v3,low,0.8442028379000956,0.0789747563848352,0.126666666665369,0.121478315462723,3.47151777324522,35.85,0.1460788798843872,0.10553960002072889,3.7694504179975543,36.45
746,synthetic_planning_reference_v3,mild,0.6324002934219444,0.7126595515042901,0.0849999999987631,0.22999653302273,3.22274256550293,32.15,0.09141401337042995,0.2872472308118798,3.6390683364014382,35.4
747,synthetic_planning_reference_v3,mild,0.8226202533854335,1.240094080454514,0.119166666664933,0.128082117398657,3.42391562204654,34.65,0.16726056470745984,0.18245841821839007,4.279993168496574,38.25
748,synthetic_planning_reference_v3,low,0.5129623106236378,0.07677043020741162,0.126666666664642,0.121220826243521,3.10779133962265,33.4,0.14469895225245283,0.11435898745048563,3.1301492957174304,33.6
749,synthetic_planning_reference_v3,mild,0.6926337945674308,0.6782467714820644,0.072499999998945,0.252059114287143,3.82680470014582,32.75,0.1103436583051526,0.3157245049536548,4.435147377234059,35.45
750,synthetic_planning_reference_v3,low,0.6861784575323915,0.12812127329104622,0.16583333333092,0.11820539154175,3.24487289282635,36.8,0.20599055747924996,0.09661959814293718,3.372566384409038,38.95
751,synthetic_planning_reference_v3,moderate,0.6608806630372477,0.6589810925735937,0.0766666666651872,0.186862142322916,2.85177629592153,32.7,0.07737791054052935,0.2322425700762484,2.9128011969172585,36.050000000000004
752,synthetic_planning_reference_v3,low,0.673117324823626,0.18950257885666058,0.0591666666656238,0.2297582284219,3.18970284351084,34.45,0.047505212552645754,0.2726925616036372,3.4318276575947535,36.0
753,synthetic_planning_reference_v3,severe,0.4083644012816272,3.0528189353276516,0.12416666666486,0.101529822707734,3.24936667453388,31.1,0.22422738711721885,0.2745838388444177,5.146939219370484,41.25
754,synthetic_planning_reference_v3,severe,0.48601196939616526,4.6631985880622695,0.0983333333317205,0.134067862065675,3.38074461256727,36.75,0.2025016359240043,0.3374056442405984,5.419734115436536,45.0
755,synthetic_planning_reference_v3,low,0.3315514192033537,0.08865370125529604,0.0408333333325572,0.202132906250546,3.06271233429236,29.85,0.02030703175807513,0.23415659734744004,3.0758296315039937,29.200000000000003
756,synthetic_planning_reference_v3,low,0.4315079585771457,0.1287348000727809,0.09666666666526,0.0916288436406295,3.11994512705939,34.55,0.1059819017793981,0.04761187216119077,3.21139122412192,35.35
757,synthetic_planning_reference_v3,moderate,0.5994278665823969,1.4045661300480938,0.0874999999987267,0.152992415738125,2.94029538080857,31.3,0.13445219945068793,0.2595228225300677,3.6869101145788115,35.800000000000004
758,synthetic_planning_reference_v3,low,0.4670755463632532,0.18459643991072042,0.0724999999983993,0.235158750019383,2.48472211055035,30.05,0.07017200283257534,0.2724145909262518,2.274725202392703,29.6
759,synthetic_planning_reference_v3,mild,0.3887949887818132,1.2564123141565184,0.0774999999988722,0.115339696195962,3.21956539923579,29.9,0.10357289289913829,0.12073042250287463,3.7043805085261474,32.9
760,synthetic_planning_reference_v3,moderate,0.2557986137098851,2.0104953268606445,0.0558333333327028,0.128739629762978,3.03211578925307,35.5,0.09467603062372505,0.30378044538760185,4.230668639252204,44.300000000000004
761,synthetic_planning_reference_v3,low,0.6666375555512238,0.14508945517452,0.114166666665005,0.242416164039103,3.21883227586228,33.45,0.13028940344757656,0.2796370113377792,3.305677354486848,33.45
762,synthetic_planning_reference_v3,low,0.22590884486090904,0.11152986397330793,0.0716666666659876,0.185972379912368,2.88638859861181,31.85,0.06488841015757826,0.20103120948567038,2.8236513919767936,32.4
763,synthetic_planning_reference_v3,moderate,0.24089224379672974,0.6347545290787466,0.0766666666653691,0.124850210825757,3.29510156339913,34.0,0.07872158034328887,0.150995310984459,3.6472827550358433,35.45
764,synthetic_planning_reference_v3,moderate,0.4981016232621762,1.220742540775804,0.0516666666660967,0.202993614399385,3.0749239732375,33.15,0.07136431663712184,0.27835210556409906,3.630242966277275,37.2
765,synthetic_planning_reference_v3,moderate,0.26397311472231805,0.939077070124405,0.0616666666659512,0.137382115262114,2.92086780973453,30.65,0.07696829870512742,0.19391066909488747,3.3559017774926603,34.0
766,synthetic_planning_reference_v3,mild,0.5011580175452426,0.7620019772246652,0.0341666666663514,0.0983797265082877,3.52095469059641,36.3,0.04244003171221968,0.07361873844616743,4.009115534878903,40.45
767,synthetic_planning_reference_v3,moderate,0.4126630837132251,1.515064355056942,0.0758333333320479,0.212429768817551,2.79165616008391,30.7,0.10289546823337752,0.4809163190808597,3.343457549631545,37.1
768,synthetic_planning_reference_v3,severe,0.4582267891815487,3.088953465214882,0.069166666666024,0.162150449763068,2.79328253581803,33.05,0.139456053180344,0.268666075564165,4.47573056741426,43.900000000000006
769,synthetic_planning_reference_v3,moderate,0.5340125690354863,0.9588933124855324,0.119999999998254,0.223114835405798,2.55762426466013,31.7,0.16803341393961668,0.30532420205754074,2.5957404033089304,33.75
770,synthetic_planning_reference_v3,mild,0.20349541701973428,0.4877174700751402,0.0508333333327755,0.170706657939883,2.85266286956826,26.7,0.04693037751218749,0.19657948315110355,2.911950476339437,26.150000000000002
771,synthetic_planning_reference_v3,low,0.5560700816152874,0.03329508812260848,0.0758333333324117,0.212065490277517,2.9819004672774,33.8,0.06760259329759336,0.24487165413230425,3.066120028582242,33.85
772,synthetic_planning_reference_v3,mild,0.4030085120852114,1.424792288206118,0.0616666666659512,0.136258617261368,3.41387228802293,40.25,0.0907693813659615,0.2422118772084719,4.242354639914714,44.85
773,synthetic_planning_reference_v3,severe,0.6027570499045136,2.5672227208167495,0.129166666664605,0.0946023434557598,3.34284090398651,34.55,0.16762146632118946,0.1853524677793607,4.623711979967934,42.800000000000004
774,synthetic_planning_reference_v3,low,0.6792636237782795,0.09256389902484528,0.115833333331466,0.169052571599418,3.06550718326111,37.7,0.13069515170587329,0.17682188775038746,3.1419470955746864,39.550000000000004
775,synthetic_planning_reference_v3,moderate,0.5109261746657052,1.960161938456092,0.0691666666652964,0.251627125750636,3.19137663776559,31.15,0.13102873904812531,0.3939717710276239,4.242879705293656,38.0
776,synthetic_planning_reference_v3,low,0.37648452716264447,0.06193629266755981,0.0966666666650781,0.0930113600104101,3.13359763607448,32.8,0.10235281447259463,0.06369784486739972,3.1394250709787395,32.800000000000004
777,synthetic_planning_reference_v3,moderate,0.4112664684597918,1.7143368377261838,0.08416666666526,0.134188336379075,3.18670535106702,30.8,0.1157764784261064,0.20436051034068556,4.543887342922422,36.5
778,synthetic_planning_reference_v3,low,0.2941098434881011,0.05149009761845339,0.0666666666656965,0.185045126342418,3.01797115072892,28.95,0.054352079754383414,0.19980752770267549,2.9530802410121657,27.55
779,synthetic_planning_reference_v3,mild,0.3756894919813608,1.111558400418538,0.0499999999994543,0.159807690310314,2.62694020015089,29.2,0.0626762668932529,0.22276013512778245,2.960488768190932,32.300000000000004
780,synthetic_planning_reference_v3,low,0.5689352991174823,0.1649428908454099,0.0624999999989086,0.204046059473674,2.96599128547627,28.15,0.07342930514285075,0.22489168262629197,2.9724925242954345,27.400000000000002
781,synthetic_planning_reference_v3,mild,0.38704313689518877,0.8565617365941033,0.0774999999983265,0.0880875496940404,3.66972058376434,35.1,0.08449163207747812,0.09115246730687675,4.318196801594455,38.35
782,synthetic_planning_reference_v3,low,0.5260485067531636,0.07720909421355934,0.0758333333324117,0.189152250046836,3.01638769433525,33.75,0.07589077273170791,0.20930538583560582,3.0011966653487883,34.4
783,synthetic_planning_reference_v3,moderate,0.5554241612707879,3.321314781135764,0.0666666666655146,0.246944978982564,3.42286254488079,33.35,0.11141201851902988,0.5034645049128227,4.910473121436771,45.0
784,synthetic_planning_reference_v3,moderate,0.44118642476396946,1.0830145638201276,0.0774999999988722,0.116153849312144,3.09445135335694,37.7,0.09709122133414147,0.14390137245458312,3.6368846702302986,44.25
785,synthetic_planning_reference_v3,severe,0.6700875818525207,2.029110466247277,0.0666666666658784,0.214412997542267,3.12320331029615,32.6,0.16312421420867493,0.37433245538433,4.7400137848939865,39.050000000000004
786,synthetic_planning_reference_v3,mild,0.7509317302478178,2.065295373961222,0.184166666664169,0.20412801448591,3.16355450517231,32.35,0.2657571547216523,0.4868672292111151,4.209357939029536,38.95
787,synthetic_planning_reference_v3,moderate,0.6254858830581702,1.999586070297785,0.093333333332339,0.182897430196299,3.33905915214601,38.4,0.14840182980473057,0.3049582294006815,4.460706440543491,44.75
788,synthetic_planning_reference_v3,low,0.16827920465974783,0.08029702572332081,0.0483333333328119,0.18641718821708,3.26399371394446,29.6,0.04099680996868024,0.21314351106423074,3.394240496858671,28.650000000000002
789,synthetic_planning_reference_v3,moderate,0.4380229282526231,1.7965356481843908,0.0708333333326664,0.195366862295271,3.47263870017647,34.45,0.11167062703102337,0.3321794075338187,4.4059690011262695,43.45
790,synthetic_planning_reference_v3,moderate,0.7384534919504632,1.644585961192047,0.0849999999985812,0.179791239623851,2.86601924823554,36.7,0.1306722302409121,0.36417685218645035,3.4007666452902052,43.650000000000006
791,synthetic_planning_reference_v3,mild,0.46330623275488736,0.4650980226004031,0.0416666666662422,0.187703895727077,2.88754339336924,32.95,0.031083232910779916,0.2282017336799115,2.9303498223821034,34.5
792,synthetic_planning_reference_v3,low,0.8026522954183632,0.09357151523672694,0.151666666664642,0.119435864010856,3.69321101114158,35.8,0.18128726388909616,0.09535895634669807,4.064676479234827,37.2
793,synthetic_planning_reference_v3,moderate,0.4405675861501418,1.9547899984744859,0.101666666665551,0.229175757944333,2.91573380598617,31.8,0.17373168988681045,0.3371786682366013,4.063015134137038,42.75
794,synthetic_planning_reference_v3,moderate,0.2601451737245325,1.157984146512079,0.0499999999992724,0.158041413122343,2.8895299354823,33.1,0.07683116557644222,0.2620953851780017,3.2949943745571604,36.65
795,synthetic_planning_reference_v3,moderate,0.7847289566353695,4.708163772595477,0.114166666665005,0.14262977087719,3.54857099237041,36.35,0.22489546720208312,0.7339981873863737,6.068787703457485,44.75
796,synthetic_planning_reference_v3,mild,0.7204717946367492,0.937739393842687,0.0716666666654419,0.262977941243138,3.19906958082707,35.0,0.07336904503890081,0.40755399004715165,3.8152898858681277,38.550000000000004
797,synthetic_planning_reference_v3,mild,0.2720541063707794,0.6320641810241668,0.105833333331793,0.0886520974035909,3.01028738187869,33.6,0.10408316787495926,0.08681478540282107,3.2279145158391973,36.25
798,synthetic_planning_reference_v3,mild,0.49223863218212927,0.8593619722539193,0.0974999999983993,0.137466613129651,3.17855562883776,34.15,0.12743792997445683,0.18408749795103602,3.4744867418131182,38.45
799,synthetic_planning_reference_v3,moderate,0.4849209348165596,1.3424550849602739,0.0474999999994907,0.223109501915462,3.16416116486869,29.05,0.07137600163253964,0.2943394033425344,3.9896183248652917,33.15
800,synthetic_planning_reference_v3,low,0.5250244898767347,0.11384296927505624,0.134166666664896,0.144021588495948,3.18535866733393,34.6,0.14801260375378003,0.13249770393451127,3.292325750242539,35.5
801,synthetic_planning_reference_v3,moderate,0.6076621816487902,2.0569928383921865,0.0841666666654419,0.129255810966509,3.20753394898419,36.15,0.12854250461221028,0.18556149365162142,4.304989852135214,44.45
802,synthetic_planning_reference_v3,moderate,0.27699488667982897,1.1913907208332433,0.0641666666659148,0.232223879657442,2.67942194242561,29.15,0.08935581961090197,0.35548225253200066,3.2375917320458587,35.6
803,synthetic_planning_reference_v3,low,0.11856186147423559,0.0840268332616731,0.0391666666662786,0.146938675489432,2.93240395891219,29.0,0.01291381908749663,0.1381270701840194,2.885175256146681,28.05
804,synthetic_planning_reference_v3,low,0.3828079289633114,0.04623318741998468,0.0866666666654055,0.12110575685109,3.22645976183986,34.95,0.08763653116593402,0.09903977197894351,3.3572366279856243,35.15
805,synthetic_planning_reference_v3,mild,0.6265722945026088,1.0188303249435962,0.104166666665151,0.242027947767308,3.33989305622033,34.65,0.13648304514583404,0.33064489852764106,4.232242220400916,40.650000000000006
806,synthetic_planning_reference_v3,low,0.46642654288708923,0.10482739035530961,0.0633333333324117,0.222348669145865,2.88138825025119,30.9,0.05374380019216053,0.2693622390467134,2.8541228867724646,30.25
807,synthetic_planning_reference_v3,moderate,0.33867848930622496,1.1757932276264074,0.0733333333322662,0.136847799091587,3.25227440878734,29.6,0.09152866287810466,0.1862889594673835,4.037803017005596,33.2
808,synthetic_planning_reference_v3,severe,0.19667935095454625,1.2895424778368778,0.0858333333320843,0.139649121986923,3.15350563789077,36.3,0.15710024875889952,0.21100475782110462,3.5949248438948977,43.550000000000004
809,synthetic_planning_reference_v3,low,0.28914052630305215,0.1348996830428806,0.0308333333328846,0.218451434709113,2.84099081904012,32.6,0.013600333871222331,0.26056651392625935,2.656293630920963,33.65
810,synthetic_planning_reference_v3,moderate,0.4718168171355786,1.3049090453098904,0.0591666666658057,0.12931988874433,3.02456100668147,32.1,0.07607506496151226,0.18184982250893503,3.8877085646831144,37.050000000000004
811,synthetic_planning_reference_v3,moderate,0.48457312759609006,1.4834899362982092,0.0833333333321207,0.199579997161957,3.25533690494208,39.5,0.09294430960352357,0.2756917457568348,4.378883494586164,44.900000000000006
812,synthetic_planning_reference_v3,mild,0.5097795085936913,0.5453533759208822,0.0983333333322662,0.115826066155555,2.85360671972688,34.8,0.11391691864151697,0.12047123595162475,2.9326491109383133,36.4
813,synthetic_planning_reference_v3,low,0.8062669844453659,0.10634214482912599,0.192499999997381,0.101722105786649,3.24282416879464,35.25,0.240368088714922,0.06846055895903023,3.391729965743895,35.65
814,synthetic_planning_reference_v3,low,0.390798262321858,0.16777233812454112,0.0583333333323026,0.211729876954324,3.40334917044234,30.3,0.051184541115264076,0.2322631069791318,3.6368849571662136,29.900000000000002
815,synthetic_planning_reference_v3,low,0.5064290013878906,0.14388494736796612,0.0449999999993452,0.140324234623427,3.53670256196118,35.05,0.02853348527607414,0.15108841825513736,3.84479242486188,36.9
816,synthetic_planning_reference_v3,moderate,0.25368753522962567,1.9377082970866095,0.095833333331575,0.0491885310032788,3.11556813277424,29.6,0.12422134669833423,0.10085305728631425,4.348581402866834,38.050000000000004
817,synthetic_planning_reference_v3,moderate,0.6651940348118152,2.184027286144239,0.144166666664569,0.248285239748822,2.97327808070016,34.2,0.20411197133147907,0.3580039157497385,4.364963750917714,43.2
818,synthetic_planning_reference_v3,mild,0.23966678915958614,0.42294997924021394,0.0399999999997817,0.161282641569695,3.09650828196864,32.05,0.028770438675340737,0.18782108166515513,3.296119688751309,32.95
819,synthetic_planning_reference_v3,mild,0.5665127019324612,0.7559560241603157,0.139999999998145,0.0707551934799481,3.02452958908639,31.75,0.17379008425720086,0.0901872359573951,3.4719162900061282,33.5
820,synthetic_planning_reference_v3,moderate,0.187031893699882,1.0216421655434778,0.0574999999991633,0.168843846647468,2.93736186843386,31.4,0.10040385345386259,0.28375937917745436,3.5166272918698933,33.9
821,synthetic_planning_reference_v3,moderate,0.720405588348116,2.1948642256397712,0.0441666666662059,0.213674345919714,3.26669043350888,34.0,0.08097991913272956,0.303978875477272,4.6641026392125795,44.25
822,synthetic_planning_reference_v3,mild,0.1703916942642815,0.4270815245938564,0.104999999998472,0.076380746227678,2.80394631991928,29.35,0.12980953601865552,0.04380678688083488,2.881018503596481,29.6
823,synthetic_planning_reference_v3,mild,0.7208064586899617,1.480985649121187,0.089166666665551,0.205359532739061,3.70625867909344,35.5,0.11340611233655366,0.3430584011397112,5.057107633550906,43.85
824,synthetic_planning_reference_v3,low,0.5231361137095326,0.20324456015511017,0.0708333333323026,0.191809433798862,2.94900125151234,30.05,0.06862520474008336,0.22361527372649292,2.8835382814623944,30.0
825,synthetic_planning_reference_v3,low,0.41452575785196993,0.09050519104632547,0.121666666664532,0.106390919237783,3.25541806897092,28.8,0.13604096563573023,0.07984931086213284,3.405864497658425,27.75
826,synthetic_planning_reference_v3,low,0.27056896660332524,0.13186726918364575,0.0858333333319024,0.104311803551939,3.16292567710778,27.7,0.0935484728827082,0.08224375776238822,3.295296763384884,26.5
827,synthetic_planning_reference_v3,severe,0.5624547235452803,1.593545065761855,0.101666666664823,0.128129108680197,3.13361816015018,29.8,0.14675793340470142,0.2546716339992515,4.24373791289455,36.300000000000004
828,synthetic_planning_reference_v3,moderate,0.8196051567920902,2.12686576543202,0.113333333331684,0.21464759361909,3.28577154243053,34.6,0.19825489087757303,0.3520456914116215,4.548909377441134,42.5
829,synthetic_planning_reference_v3,mild,0.5970197513937591,0.48310636734721,0.068333333332339,0.215099411512248,3.3329857816104,32.3,0.07357812059215132,0.24272923707068458,3.675577186617434,33.25
830,synthetic_planning_reference_v3,low,0.7979194145016077,0.16898300734137345,0.162499999997635,0.162280515450734,3.57722552627481,40.25,0.19547180414889845,0.19695320562569474,3.904626530467885,42.5
831,synthetic_planning_reference_v3,moderate,0.4299125987664887,1.4962779752756454,0.0516666666660967,0.213063503417992,3.19632234263734,31.6,0.06949486030135979,0.32083650980413136,4.052340525167508,39.050000000000004
832,synthetic_planning_reference_v3,severe,0.19595939985584654,2.0960680749453915,0.0424999999993815,0.146296060376401,3.79385586270798,30.4,0.07347243147721824,0.26280145284332007,5.318610351849057,38.7
833,synthetic_planning_reference_v3,low,0.6091315605642491,0.04677518062324119,0.0791666666656965,0.137033161942188,3.10391211415563,36.7,0.08002430868427349,0.12889108982137729,3.155705453053981,37.85
834,synthetic_planning_reference_v3,mild,0.7468833958229262,0.5816639724161347,0.0758333333322298,0.241051012713122,3.08483297765855,31.2,0.07470208965079964,0.3137434070981609,3.349722733650933,32.9
835,synthetic_planning_reference_v3,mild,0.12211190976280482,0.37441211359972437,0.056666666666024,0.154456627357438,2.80681001819497,36.05,0.04854221814747546,0.1579479149303086,2.7899874876566897,38.650000000000006
836,synthetic_planning_reference_v3,moderate,0.5010551439721191,2.7187816384931933,0.138333333331502,0.181916674740741,2.63377767618462,33.55,0.21266060732581274,0.3508519920624569,3.6247571228365945,43.25
837,synthetic_planning_reference_v3,moderate,0.48341506634924214,0.8841383550881353,0.0633333333320479,0.18269270352134,3.27643606125259,33.0,0.07375843844311405,0.2794531414162513,3.8709110878610558,36.0
838,synthetic_planning_reference_v3,moderate,0.532583179953918,1.2684661348064914,0.0799999999988358,0.11929970293949,3.26955372992825,31.8,0.1046587025467089,0.1404986484760465,3.96598547750639,35.550000000000004
839,synthetic_planning_reference_v3,mild,0.6697896371113843,0.7478504925423103,0.0908333333323753,0.200542099255837,2.74870659683531,37.75,0.1181009736449026,0.25617416633048135,2.869880246444962,42.650000000000006
840,synthetic_planning_reference_v3,low,0.08768957429665951,0.043733906145984706,0.0466666666661695,0.137516991630179,3.0415747705614,34.3,0.03827482101087773,0.12004693611456599,2.9833462877612433,35.25
841,synthetic_planning_reference_v3,severe,0.6379494247642457,4.913295445341765,0.107499999998618,0.0763038475234139,3.36910973802401,31.1,0.24523204689731432,0.4922856521295621,6.2961867936406035,44.85
842,synthetic_planning_reference_v3,low,0.3526995015566102,0.1372563599661931,0.0691666666654783,0.212710932642353,3.2230913127592,32.85,0.06052732228177288,0.24695279714598334,3.339613385089982,33.300000000000004
843,synthetic_planning_reference_v3,low,0.42995952820371963,0.07622278878596729,0.0458333333324845,0.185935858055261,3.50557458172505,32.8,0.028223434730172296,0.21993723039760235,3.8182126346167444,32.95
844,synthetic_planning_reference_v3,low,0.8747129403083582,0.08533632666341479,0.200833333330229,0.0690729698124268,3.80132855048693,33.3,0.2562972109794791,0.030127224038931553,4.215655966633636,34.1
845,synthetic_planning_reference_v3,moderate,0.4776287768734105,1.36316262994293,0.100833333331866,0.158948113399577,3.10393023512773,28.3,0.13229799047870977,0.23306597648894287,3.6751832202421126,29.400000000000002
846,synthetic_planning_reference_v3,moderate,0.43810333351215164,0.807086513546959,0.0708333333321207,0.189258955001977,2.9269955980722,30.15,0.08064095119725428,0.21731687058030866,3.1771843198509035,32.75
847,synthetic_planning_reference_v3,moderate,0.6253650625809581,2.038377946566728,0.0916666666653327,0.23086871709008,3.22784900854873,32.85,0.14372137981904443,0.31752036958454194,4.418401975811786,40.550000000000004
848,synthetic_planning_reference_v3,moderate,0.6451062754098178,2.28062534456884,0.160833333331175,0.0814062727480295,3.02792423594932,31.2,0.2440313142349113,0.17634878970822443,4.3782081136796585,39.0
849,synthetic_planning_reference_v3,severe,0.22828455300156308,2.641206024426629,0.0691666666654783,0.0854439917579556,2.91496724573015,31.15,0.1285641721989377,0.17241539138542658,3.923417332142761,40.550000000000004
850,synthetic_planning_reference_v3,moderate,0.30736151278504065,1.382122450713454,0.0549999999993815,0.211774813995827,3.36966578496928,31.65,0.0706414564050706,0.32451577501945944,4.3070809339487095,33.800000000000004
851,synthetic_planning_reference_v3,low,0.27779334865971705,0.05626597396420415,0.045833333333394,0.134206671002336,2.85239683768224,33.55,0.025263896513641637,0.10174274393062739,2.7631334494250863,34.25
852,synthetic_planning_reference_v3,severe,0.30442402318931183,2.33699539681106,0.0749999999990905,0.111058202678555,2.87523807515719,37.1,0.10505307527851741,0.25769240287817613,4.175696046640102,44.5
853,synthetic_planning_reference_v3,moderate,0.5479312217904987,1.9395250694400108,0.0633333333325936,0.227612371134404,3.19438055546921,30.65,0.15324784484525705,0.3676008596171649,4.24842460469128,39.2
854,synthetic_planning_reference_v3,mild,0.8075437459883366,0.7216390931706449,0.131666666664387,0.120644332400812,3.09436052392228,35.65,0.1553503756076357,0.1727195488797736,3.2163359242023954,38.45
855,synthetic_planning_reference_v3,mild,0.21747688471394147,0.43873249640294093,0.0566666666658421,0.219629518822634,2.7611861724461,29.1,0.05006221170508378,0.28027009924823226,2.865309956377911,29.5
856,synthetic_planning_reference_v3,mild,0.6055865641217443,1.5568706684518863,0.064999999999236,0.168847402303682,3.18694523705078,33.75,0.0776326529939527,0.22485020447418008,3.800029611657983,40.400000000000006
857,synthetic_planning_reference_v3,mild,0.31628100707890244,0.7765969720155664,0.114166666665005,0.0658442540810991,2.92435846104443,31.6,0.1355391277791249,0.14152843178979935,3.321131717872719,33.1
858,synthetic_planning_reference_v3,severe,0.4671545771989461,1.518778727855982,0.072499999998945,0.182302899051984,3.05055413632382,32.85,0.08666057656812792,0.3447201142274118,3.976940244200304,39.35
859,synthetic_planning_reference_v3,severe,0.29640599920837635,2.5675049079454917,0.0474999999991269,0.224346627864285,2.97694160401377,30.9,0.08829707734708708,0.4817775213794487,4.14309548759293,40.400000000000006
860,synthetic_planning_reference_v3,mild,0.6511121791685719,1.1754654000915477,0.121666666664714,0.130923814075543,3.43085858342097,37.7,0.1606103752880881,0.15241846119862607,4.16571137389475,44.2
861,synthetic_planning_reference_v3,mild,0.5832907427470029,0.8109593336658482,0.0658333333325572,0.231321225510014,2.87291241332976,33.45,0.08467928811456513,0.37257349580333243,3.2391816938428946,37.6
862,synthetic_planning_reference_v3,low,0.2563343828185143,0.06719439427531047,0.04833333333263,0.169734787274289,2.63744202670265,31.65,0.03444233877834227,0.18247718873113894,2.396168404718085,30.55
863,synthetic_planning_reference_v3,mild,0.375132331374524,1.85351669554265,0.0433333333328847,0.116669141408021,3.56320061149444,38.05,0.09033849845221924,0.13575549206821,4.689385849308194,44.6
864,synthetic_planning_reference_v3,moderate,0.48904380038574247,2.060777540846101,0.0616666666659512,0.213522392052633,3.44135477305275,33.85,0.13302249438685695,0.3064438191441483,5.028403124801102,40.85
865,synthetic_planning_reference_v3,mild,0.5068822173664438,1.008598258855973,0.0766666666660967,0.123553770770203,2.5846008780026,37.0,0.0862738691118123,0.18354725002221126,2.841350226128536,42.650000000000006
866,synthetic_planning_reference_v3,moderate,0.3451742785960806,2.448838526485066,0.0508333333324117,0.166617200973719,3.00232842469107,33.25,0.10579010130026265,0.32889874058771507,3.8514744728583445,42.900000000000006
867,synthetic_planning_reference_v3,mild,0.6368849869880115,0.5970288983791545,0.0541666666655146,0.213222712954543,2.91768306030887,32.1,0.05639625010128526,0.2684682555358592,3.0245127776984146,33.0
868,synthetic_planning_reference_v3,low,0.4575896359639036,0.17658372446106185,0.0999999999985448,0.0762592961389849,3.70526554478695,34.25,0.11546313477432252,0.04773851686923267,4.072951161416613,35.15
869,synthetic_planning_reference_v3,moderate,0.679903237776123,1.3319541093984084,0.0724999999991269,0.168118495064876,3.07694417438571,34.1,0.08863224443979703,0.24397036948716164,3.966503442042771,38.75
870,synthetic_planning_reference_v3,mild,0.3703612067254224,0.4738112924226252,0.0549999999993815,0.220667916224393,2.57305034232122,29.5,0.05090821131762106,0.31824165500472446,2.404081269197013,30.5
871,synthetic_planning_reference_v3,mild,0.5648780784600277,0.47881836316767507,0.106666666665478,0.0959269618715611,3.21577787823505,32.9,0.12918569878650926,0.09972141779610273,3.5971449801190376,33.2
872,synthetic_planning_reference_v3,low,0.31489362322934245,0.08274327448860701,0.0916666666653327,0.132410637856921,2.98380115039396,33.15,0.09105885158835372,0.11464905455988177,3.0100170269611644,32.85
873,synthetic_planning_reference_v3,moderate,0.265287218666523,1.9250520031565135,0.0491666666659512,0.229776438057928,3.01935666047358,30.6,0.07760996956212184,0.3486093549102983,3.8848779341862656,38.45
874,synthetic_planning_reference_v3,mild,0.483694375529727,0.5117535436419178,0.068333333332339,0.140640215037883,3.05227283974515,35.3,0.06803809957317616,0.16950920474982073,3.3492574360153813,37.5
875,synthetic_planning_reference_v3,mild,0.16494616878531282,0.4982329251558385,0.0741666666654055,0.0842438151453733,2.98388593099408,28.6,0.08581967534014388,0.08187253688798972,3.1466812904022343,29.700000000000003
876,synthetic_planning_reference_v3,severe,0.4330207542591488,2.7424739592255625,0.0574999999993452,0.236846393872972,3.11932600004919,31.45,0.10648996449382613,0.5575127720409059,5.032543208477407,41.6
877,synthetic_planning_reference_v3,low,0.7195938402426895,0.12822838391333125,0.095833333331575,0.230411604237701,3.22719386028292,33.1,0.11061617257524842,0.26936420260631727,3.3290902862792886,33.15
878,synthetic_planning_reference_v3,moderate,0.19478197333337546,0.9406434685835399,0.06083333333263,0.139094240490827,3.03035968897837,29.1,0.07316064168173209,0.20667487822005906,3.590987721861071,32.6
879,synthetic_planning_reference_v3,mild,0.8351328912632645,1.1309636397746432,0.149999999997635,0.141949305436451,3.29859109707511,36.15,0.17993552725776177,0.20756750856901962,3.993671921784524,41.35
880,synthetic_planning_reference_v3,mild,0.5133244234477464,0.8477231164678865,0.109166666664896,0.211333482819652,2.83960817228467,33.5,0.14140714699831902,0.29787385173735104,3.1032045492968647,36.45
881,synthetic_planning_reference_v3,mild,0.39823705128586623,0.7586339696913458,0.0449999999993452,0.160482544747152,3.25714855222225,30.6,0.05889238751527016,0.22921441368184545,3.6864755660228794,33.35
882,synthetic_planning_reference_v3,low,0.29562588788389094,0.08797705893227023,0.0383333333329574,0.186567766358903,2.96087647103006,29.25,0.01881105137050563,0.2031396608676005,2.946818807086347,28.5
883,synthetic_planning_reference_v3,severe,0.903656350798474,2.8441847505162627,0.138333333331138,0.185512170509736,3.20571362446543,33.7,0.1828238253708634,0.39989939620862114,4.541010574325188,44.85
884,synthetic_planning_reference_v3,low,0.41044849587741605,0.06727863452293907,0.100833333332048,0.175725146468862,2.85640362620187,33.35,0.10312667202385943,0.2056182989780114,2.838633806642999,33.5
885,synthetic_planning_reference_v3,moderate,0.4928984868009832,2.1771192184112826,0.0458333333330302,0.170346325591518,3.38445390761781,31.75,0.06777118369967236,0.3223154172112565,4.821037345413046,35.4
886,synthetic_planning_reference_v3,mild,0.35123014069521197,1.1713397578464748,0.0624999999990905,0.0955707148347758,3.00178246999141,34.15,0.08969361811221127,0.13777775760345853,3.647450441150263,38.45
887,synthetic_planning_reference_v3,moderate,0.37408956506863666,2.441717295070182,0.0883333333322298,0.082932279846204,3.16882242577446,31.25,0.16016601681285403,0.2078189388394912,4.572953820953218,37.800000000000004
888,synthetic_planning_reference_v3,mild,0.8673862411278834,1.1767146159275792,0.115833333331466,0.244133557682837,2.78152291386731,32.8,0.1618213797471355,0.36053867060183004,3.2033756351301848,36.0
889,synthetic_planning_reference_v3,mild,0.4496517157440452,1.326306724756081,0.0616666666659512,0.156055143883027,2.69355869861555,32.65,0.07093893325114195,0.19315029019531094,2.959376486426799,39.050000000000004
890,synthetic_planning_reference_v3,low,0.7350703122617313,0.05119933028430939,0.140833333331102,0.108570710255257,3.13715516267041,35.25,0.17212456588001937,0.07576609984993095,3.1731918061755895,36.45
891,synthetic_planning_reference_v3,mild,0.5382424113482988,0.6455601243193803,0.0441666666658421,0.24113315328556,3.04827914599516,34.15,0.06739090666400513,0.31281624631723887,3.4000050070103365,36.85
892,synthetic_planning_reference_v3,severe,0.38239202102918357,1.3869689411212056,0.04833333333263,0.115410107584221,2.96061571679513,32.3,0.05698846107635377,0.19813099189960223,3.8740531481379765,36.300000000000004
893,synthetic_planning_reference_v3,mild,0.172088679177285,0.3510591530153908,0.108333333331939,0.0884063790966257,2.87187369598328,29.85,0.14621119572362704,0.07092525513552668,2.9386713965748306,29.650000000000002
894,synthetic_planning_reference_v3,low,0.8029323218878988,0.06021787290775751,0.17666666666446,0.216596802560099,2.87492554019629,32.8,0.21280444202153567,0.2407368514209315,2.832888247440458,33.95
895,synthetic_planning_reference_v3,low,0.24062779670688267,0.09912162398646618,0.040833333332921,0.212220386917823,3.27023821910387,29.55,0.027800477171619202,0.2305484829666809,3.456437989686357,29.05
896,synthetic_planning_reference_v3,mild,0.2539360975138701,0.5119856105920209,0.0508333333325936,0.184451283237455,3.06765958648057,30.9,0.05119362220761251,0.21447962493103526,3.2759818333541477,32.45
897,synthetic_planning_reference_v3,mild,0.6355110040208752,0.8388523328575908,0.0949999999987995,0.15108563953571,3.26880144933879,39.0,0.12615680654030464,0.2584516510815283,3.83103797439121,43.85
898,synthetic_planning_reference_v3,severe,0.30554593695478466,6.2309827682943775,0.03583333333263,0.172454810453637,3.09525221757835,31.5,0.2684120128617693,0.645606635190928,6.587067682660261,44.650000000000006
899,synthetic_planning_reference_v3,moderate,0.3915787682863719,2.2055397921247484,0.0508333333327755,0.134906096542578,2.85960793691213,32.25,0.10848696955661216,0.28880320824109823,3.649148785292841,41.6
900,synthetic_planning_reference_v3,moderate,0.6187638073033458,1.483813358369014,0.119999999998618,0.218424294136675,3.16119206284601,38.45,0.1635876313792209,0.3280963149313813,4.047070545530311,43.900000000000006
901,synthetic_planning_reference_v3,mild,0.24395965303526507,0.5728199868087254,0.0350000000000364,0.217274726648832,2.84835217334432,34.05,0.03336358545087185,0.2872577602217668,3.0038940388686752,37.65
902,synthetic_planning_reference_v3,mild,0.4025634060099173,0.7869242147399755,0.10333333333183,0.109211791818016,2.78983005887943,35.05,0.13368313926084377,0.10765838097424013,3.133748891020271,39.95
903,synthetic_planning_reference_v3,mild,0.5129312721562962,0.9061784200986726,0.0791666666655146,0.271270491711551,2.97719814051869,32.8,0.07668618798804692,0.3586894911427125,3.5426908316728785,35.95
904,synthetic_planning_reference_v3,mild,0.27720505520533745,1.084723999786797,0.064999999999236,0.108472205847322,2.66362183391716,32.3,0.08993332523220485,0.11371814418470871,3.0726953058129847,35.6
905,synthetic_planning_reference_v3,low,0.2054013126073147,0.06726055735028841,0.0499999999989086,0.0938957089267637,2.64820691560845,33.6,0.03529483566037806,0.06665100214752627,2.454893786821724,33.95
906,synthetic_planning_reference_v3,low,0.4201165185891725,0.13031111182104016,0.0708333333326664,0.255384239390553,2.6038180153543,32.4,0.06351026610240507,0.32408471540951816,2.454273407168912,31.650000000000002
907,synthetic_planning_reference_v3,mild,0.21562431278380792,0.471579905146491,0.0416666666658784,0.120768192962812,3.29902546783871,36.5,0.018142513401360107,0.14479984271988033,3.4419289771773864,38.650000000000006
908,synthetic_planning_reference_v3,low,0.38412139531620043,0.04080778804261997,0.0741666666657693,0.212686040315986,3.10496415757834,29.35,0.07099033720836465,0.23349590480713617,3.098390962993531,28.200000000000003
909,synthetic_planning_reference_v3,mild,0.3726926332681529,0.7152187611466442,0.0408333333327391,0.175496376372009,3.14605264336528,32.35,0.04107441375487033,0.2378731244994405,3.4683870397214234,35.0
910,synthetic_planning_reference_v3,low,0.954107849049394,0.33062653314332724,0.199999999996908,0.137968212520982,3.20927529625413,41.85,0.2631222203886233,0.1352285693243724,3.425913888814945,44.45
911,synthetic_planning_reference_v3,severe,0.4662364072927958,1.1985030433549184,0.0483333333328119,0.232460425908779,2.68766608245046,31.0,0.08211432518964276,0.33662272984021896,3.225682925090878,33.0
912,synthetic_planning_reference_v3,mild,0.4046099383912698,0.7582153724700171,0.0766666666653691,0.115922286233056,3.28794880280382,35.45,0.09356543601630059,0.13359081190541747,3.911224045397718,39.150000000000006
913,synthetic_planning_reference_v3,mild,0.366208101640824,0.8324363186068082,0.0741666666652236,0.161075872575026,3.1246395225229,32.75,0.10605663345274483,0.2125919540717778,3.6136594789066265,37.300000000000004
914,synthetic_planning_reference_v3,mild,0.6470258770824149,0.7893856200802114,0.0708333333323026,0.213842374545461,3.38041846619621,34.15,0.10129853864901088,0.3055700181971068,4.156740206697899,39.0
915,synthetic_planning_reference_v3,mild,0.7847000513043659,0.8797248123852092,0.173333333330811,0.139382189919988,2.9978547938309,39.2,0.21216601051592682,0.15293111778500396,3.2991831358295065,43.6
916,synthetic_planning_reference_v3,mild,0.7246789618433119,0.8437076471156855,0.0424999999990177,0.238031821298856,3.32850622730722,34.05,0.02990187537556086,0.32521310640957535,3.896005294272265,37.5
917,synthetic_planning_reference_v3,moderate,0.4783706905685775,2.300253182103001,0.0824999999986176,0.163831636339323,3.18731252928324,30.6,0.15767999214502423,0.2545181367836644,4.367705941593355,39.75
918,synthetic_planning_reference_v3,severe,0.4552275842335148,2.0446326815316835,0.0716666666658057,0.147412014292729,2.602868243043,35.6,0.09988923830050839,0.3693076286299044,3.10864187502688,41.150000000000006
919,synthetic_planning_reference_v3,moderate,0.24466501053287357,1.4831441555327434,0.0608333333324481,0.16873893517185,3.05654980773975,29.65,0.09829367967193695,0.2242635567468075,3.6743623443602287,33.6
920,synthetic_planning_reference_v3,mild,0.37773860256421116,0.4826691864880966,0.0424999999997453,0.204193280674504,2.62812403272902,28.35,0.04155499283141716,0.24931344089528182,2.5596669950047226,29.05
921,synthetic_planning_reference_v3,low,0.7454059669809447,0.07449198200551081,0.144166666664751,0.0918461905438957,3.1830413433204,34.45,0.16923998961509704,0.05814100451358047,3.325868575305945,35.050000000000004
922,synthetic_planning_reference_v3,moderate,0.34904835433072423,1.3788906993128083,0.0791666666655146,0.163267146521846,3.1479833477888,35.1,0.11562651464513184,0.27901656055509577,3.8100070015624086,38.45
923,synthetic_planning_reference_v3,moderate,0.4168381314942209,1.29992065808387,0.0474999999991269,0.23688890766949,3.00988800650848,32.05,0.060475796842976,0.3482225349170913,3.648282141123011,33.45
924,synthetic_planning_reference_v3,low,0.2959395639613158,0.07259000960385016,0.0808333333321571,0.0738921283123373,3.3326190426293,31.6,0.07870080766696178,0.016316682983734683,3.4505625404000613,30.85
925,synthetic_planning_reference_v3,moderate,0.8069579881470272,0.9622886300185589,0.18666666666395,0.191120745664038,3.25642387195748,36.35,0.2338612650860775,0.277372549821096,3.960884844709267,40.800000000000004
926,synthetic_planning_reference_v3,mild,0.5635675671831448,0.8523189891916656,0.0483333333328119,0.213434042914121,2.89373339634826,29.65,0.03745957221638119,0.3230361881348416,3.251180130877292,31.05
927,synthetic_planning_reference_v3,severe,0.5199679803576613,3.52127707474511,0.21416666666355,0.106231796875788,3.2275935837632,36.55,0.4080491103401122,0.3119376831073114,4.901155266004308,44.800000000000004
928,synthetic_planning_reference_v3,mild,0.22255180608065353,0.3323212572738055,0.0700000000037107,0.124759337826857,2.65417626525196,31.3,0.07470713988566152,0.12080225812713971,2.5265397256314506,31.950000000000003
929,synthetic_planning_reference_v3,mild,0.7985431173030269,0.6940165921308411,0.0933333333388873,0.250987225048887,3.19979085261049,33.55,0.11665906711385708,0.33350342553643364,3.4873797730881453,36.25
930,synthetic_planning_reference_v3,mild,0.7530770032110987,2.002565801379683,0.158333333342671,0.131461590704637,3.21732105853191,38.65,0.24752743204652838,0.18666776021083914,4.583235791444634,44.85
931,synthetic_planning_reference_v3,low,0.16513808921552497,0.07816458246742417,0.0616666666704987,0.184582200639696,2.8789392437565,28.9,0.0681333811306157,0.2040500619098948,2.779992374303934,27.200000000000003
932,synthetic_planning_reference_v3,mild,0.40342678476186283,0.7336935497690379,0.0858333333384508,0.233185107035506,3.05763248535316,28.15,0.0864453584579199,0.32296800284161703,3.486990859763617,31.05
933,synthetic_planning_reference_v3,low,0.24026751043087316,0.09200506675143595,0.0558333333363407,0.116565046319935,2.97826538362003,31.7,0.05483065469915295,0.09274359111404736,2.9973531071896446,31.6
934,synthetic_planning_reference_v3,low,0.7592767458759773,0.0938834052162362,0.0975000000056752,0.111202916553677,3.17949917882121,42.85,0.09784156504271563,0.10593124701298756,3.209097990854896,44.400000000000006
935,synthetic_planning_reference_v3,moderate,0.7299068592795558,0.8606273650699982,0.0441666666691162,0.184652111895315,3.49041828767016,35.75,0.06260423404358167,0.2841686251915044,4.128249478949826,41.2
936,synthetic_planning_reference_v3,mild,0.4658227185092348,0.9638080054519481,0.104166666672245,0.154097268722218,2.96334816951492,33.25,0.15143460851156312,0.2036875461525046,3.17765129833761,34.9
937,synthetic_planning_reference_v3,moderate,0.313583985750268,1.7443372808555209,0.0500000000025466,0.188181128845468,3.0177743613263,32.2,0.12292651510860161,0.34502529933527937,3.693840742130872,38.300000000000004
938,synthetic_planning_reference_v3,low,0.16372891419865968,0.11984902205403984,0.0416666666693345,0.16964916490977,2.77395006422806,30.8,0.03332926727430391,0.1820153675524078,2.622943716724597,30.200000000000003
939,synthetic_planning_reference_v3,mild,0.6511256956747467,0.701564337669941,0.0983333333388146,0.183754780522825,2.99670411379288,44.65,0.12174346852637462,0.2289530774676784,3.1783240088086377,45.0
940,synthetic_planning_reference_v3,severe,0.45180415808688884,2.3302404111194988,0.085833333338087,0.118408289161016,3.35599058537772,31.05,0.11329771933078144,0.17707181334800096,4.4410781857968065,41.1
941,synthetic_planning_reference_v3,mild,0.3984834237979582,0.5543739435149545,0.0900000000056025,0.0776190597811294,3.07256085423922,35.5,0.11262511133532063,0.06745541185479706,3.4472476748366256,39.650000000000006
942,synthetic_planning_reference_v3,mild,0.36998020739479576,0.6129811329838996,0.0808333333381597,0.248468378587137,2.33180374984237,32.95,0.106914570692125,0.31833274228663977,2.273804591360996,36.1
943,synthetic_planning_reference_v3,mild,0.28555597315042225,0.5152757347680403,0.0675000000042928,0.112799705965985,2.9929384991834,33.25,0.07589174925119811,0.13146242352498425,3.2600532798611366,34.6
944,synthetic_planning_reference_v3,mild,0.6639316342349059,0.7237571807470937,0.112500000006185,0.0931589605983003,2.84777587892395,34.95,0.13420237439424873,0.07025587555253157,3.1030957398070784,39.1
945,synthetic_planning_reference_v3,mild,0.3968950920476001,0.8628123500096079,0.0525000000034197,0.211023227535063,2.9141612597905,31.3,0.056275464438578914,0.2925399068299464,3.113202043327485,33.95
946,synthetic_planning_reference_v3,low,0.34322535380162095,0.18506418294343638,0.0775000000048749,0.15416503306672,3.06296262438189,35.85,0.08593469769630355,0.15673456747422237,3.110291939194859,36.85
947,synthetic_planning_reference_v3,mild,0.5687655159032656,0.950207824084481,0.105833333339615,0.0994077986157122,3.47205527596213,32.95,0.1365606630450541,0.1381067044085304,4.235400657509116,34.4
948,synthetic_planning_reference_v3,mild,0.34231795100359724,1.327276324396829,0.0883333333375049,0.22356586148458,2.74595196656076,32.2,0.10659195118131669,0.3453617378473527,3.4017237822519673,40.7
949,synthetic_planning_reference_v3,low,0.33336904142461316,0.1324734178240943,0.107500000005894,0.0824662697763213,3.29727624236202,32.5,0.12719651403274929,0.03524175241317881,3.417678509081638,33.25
950,synthetic_planning_reference_v3,mild,0.4947406524682591,0.9584767251098395,0.10833333333976,0.0972855476173335,3.26792264323175,38.9,0.14207652975070775,0.10923522845803776,4.018341957749678,43.900000000000006
951,synthetic_planning_reference_v3,moderate,0.5775667526747195,1.8527667303698583,0.0500000000029104,0.218715176121276,2.9075330200142,34.55,0.06780385351750996,0.4255704950888281,3.6861145624645246,40.2
952,synthetic_planning_reference_v3,moderate,0.6480345272278603,2.47244712189894,0.125000000007276,0.10971825745376,2.80669291714194,32.65,0.21646670435996862,0.2902034661235118,4.119127118693483,42.6
953,synthetic_planning_reference_v3,moderate,0.5153212536146947,0.8902335872461832,0.0875000000050932,0.179994426673505,3.24112149135258,34.6,0.11066316818952211,0.23270778126050798,3.8582956627471328,39.75
954,synthetic_planning_reference_v3,moderate,0.5134689159335551,1.4836047353143507,0.046666666668898,0.192116178101882,2.98728805183294,35.35,0.051662552883860624,0.2809004432944484,3.585630324685477,39.650000000000006
955,synthetic_planning_reference_v3,moderate,0.8946104105390058,2.9738019486908263,0.184166666676902,0.255186629918138,2.62566853895753,41.4,0.32963219907888064,0.41980775401210524,3.7170064857695313,44.95
956,synthetic_planning_reference_v3,moderate,0.35029771433139856,1.8081936061545594,0.101666666672463,0.112899028848865,2.97950008682267,34.75,0.15797169357399946,0.30791214194923006,3.9661188985616334,42.650000000000006
957,synthetic_planning_reference_v3,low,0.8246135267533884,0.0738405075715332,0.130000000007931,0.145087622557128,3.6843506209189,32.65,0.16026817108767283,0.12304096250278371,4.0502958723034705,32.85
958,synthetic_planning_reference_v3,moderate,0.7055550001475658,1.2832022995516388,0.0666666666707897,0.240859472200975,3.11643917846888,33.5,0.06790216918671309,0.3489237253390603,3.6228761774006712,38.650000000000006
959,synthetic_planning_reference_v3,moderate,0.5080410468417232,1.2066217210641272,0.0566666666702076,0.10249322884346,2.99954570827626,31.05,0.05144574060663661,0.12637486281156632,3.755667192947179,37.1
960,synthetic_planning_reference_v3,mild,0.803178717861126,0.5903203151908077,0.169166666676392,0.148308536498266,2.88181883486856,41.3,0.2194632432418076,0.1673403055931819,3.0799648153475716,44.85
961,synthetic_planning_reference_v3,mild,0.5835392259396215,1.0567834636496742,0.0691666666705714,0.179251329054038,3.06389765613973,34.05,0.1020448558034313,0.22407621591916113,3.4996985680784696,39.1
962,synthetic_planning_reference_v3,mild,0.3890050191039656,0.5787799032876182,0.0808333333381597,0.147519974647714,3.28263774487793,34.9,0.08959477496067773,0.1705312044713361,3.666692293403635,39.0
963,synthetic_planning_reference_v3,moderate,0.5769030312947926,3.987590844594002,0.0691666666709352,0.228480766525327,3.02028204343931,31.4,0.13959686947527622,0.5288777310173951,4.354338829245813,44.7
964,synthetic_planning_reference_v3,mild,0.8901342133797405,1.220979160348456,0.182500000010987,0.20353568187279,2.98295754509227,36.65,0.2576951185316372,0.26222853022310877,3.5899325591233704,43.550000000000004
965,synthetic_planning_reference_v3,moderate,0.6913259197972459,1.2558448865718663,0.0650000000034197,0.202236427353546,2.98944559175476,35.1,0.09511852304043855,0.3420445681906929,3.5635823476653776,40.300000000000004
966,synthetic_planning_reference_v3,low,0.46588136976252,0.11903212652628961,0.05833333333685,0.211453918186877,3.17158889524611,33.3,0.047643238406728204,0.236821141183372,3.2526381898930046,34.1
967,synthetic_planning_reference_v3,mild,0.6095888963196928,0.41263973804310616,0.062500000003638,0.123153040366797,3.05386542357168,36.55,0.06798145003245501,0.11599347535205173,3.3079471853837497,39.5
968,synthetic_planning_reference_v3,mild,0.4585479128615622,0.9431319583902025,0.0600000000034925,0.209079777373398,2.91753047311776,31.9,0.05973041918016865,0.26675223549009786,3.210990849991025,34.2
969,synthetic_planning_reference_v3,severe,0.31853957731369653,2.4193699810607336,0.0625000000032742,0.167478400547831,2.88415981491963,32.1,0.1235355105626385,0.3433781213460682,3.79559638904548,40.75
970,synthetic_planning_reference_v3,low,0.43465255004438647,0.11443458030249126,0.0550000000035652,0.138377173299698,2.69254115419449,37.0,0.0463025246444467,0.12172643664636229,2.491444006585275,38.050000000000004
971,synthetic_planning_reference_v3,mild,0.3086423952426417,0.5485254936683117,0.097500000006039,0.210397296175646,2.90416621750675,32.7,0.11708570856206132,0.2624511967164728,3.0909926906008143,35.2
972,synthetic_planning_reference_v3,moderate,0.8465988125835331,3.060738579556027,0.128333333340561,0.114962686720281,3.47064334418686,33.6,0.23443865902771122,0.17552024845281625,5.342702720909778,44.150000000000006
973,synthetic_planning_reference_v3,mild,0.5891806683445275,0.6722148949001446,0.10250000000633,0.199133477473485,3.36065614376225,36.65,0.1279631625621797,0.2646424164878857,3.7321298082601952,41.25
974,synthetic_planning_reference_v3,severe,0.3415428572018461,2.1951020446035794,0.0575000000026193,0.242665114211634,3.05429566013197,32.95,0.10191799578343691,0.5561398855234188,4.555271008597323,40.1
975,synthetic_planning_reference_v3,low,0.21743932150666595,0.05059862844558249,0.0766666666713718,0.0788820822265741,3.16336082135871,28.5,0.07566848865425353,0.033768286092374485,3.2206351735022225,28.35
976,synthetic_planning_reference_v3,moderate,0.4371869336558992,1.5043852091648222,0.115833333339833,0.0613511073071975,3.09218935486177,32.45,0.148626304683667,0.10385239222464483,4.013820142743056,37.7
977,synthetic_planning_reference_v3,moderate,0.32186526439293944,2.1059173097611943,0.0933333333388873,0.189424474782769,2.76442982518994,28.35,0.13554828392749585,0.3511968853342632,3.6575485299877037,37.45
978,synthetic_planning_reference_v3,moderate,0.41954846911397325,1.0725498490097536,0.0391666666688252,0.19687008795367,2.92440576507345,31.1,0.03682383425048856,0.2999539176170883,3.319001543376855,35.0
979,synthetic_planning_reference_v3,mild,0.44426245681421034,0.835325094786591,0.0483333333366318,0.209840557541059,3.1486868390947,33.1,0.03424294179811532,0.35944800152009904,3.68671305118981,36.65
980,synthetic_planning_reference_v3,mild,0.43885061944348475,0.574181544566017,0.105000000006476,0.115560092524154,3.57089198648587,33.4,0.1270386836602546,0.13219965235467482,4.192887857312736,35.75
981,synthetic_planning_reference_v3,moderate,0.16844020980871635,1.3189937196138817,0.0558333333363407,0.166905981383195,2.95196832350217,28.85,0.0785483266845843,0.20403706808382768,3.617041889246513,31.1
982,synthetic_planning_reference_v3,moderate,0.5361019368208152,2.4740103108315274,0.102500000005966,0.237758003920799,2.90583682936337,33.55,0.183984434775065,0.627008947145254,4.061447617641782,40.1
983,synthetic_planning_reference_v3,moderate,0.5836068846266365,2.4352150710214633,0.170833333342671,0.116324594017753,2.8226771134949,35.95,0.24910080725120992,0.21510899513845533,3.5434331546253452,44.95
984,synthetic_planning_reference_v3,moderate,0.3545148170387993,0.8606860696957591,0.0700000000040745,0.196237367152414,2.55915563314442,34.4,0.0885005744231232,0.2760155751642656,2.6993386759562092,37.800000000000004
985,synthetic_planning_reference_v3,mild,0.1687229902502613,0.5027494352604039,0.0525000000030559,0.142588797893841,3.13250381380279,28.4,0.046583000624972136,0.15981665199070924,3.467735641789718,29.25
986,synthetic_planning_reference_v3,mild,0.26736152408350083,0.5616798736039963,0.0466666666696256,0.149513396416846,3.12836684979776,30.9,0.044293654176678285,0.1538485915273047,3.387090177809472,31.900000000000002
987,synthetic_planning_reference_v3,moderate,0.6170464106315823,1.1162506542535093,0.125833333340779,0.151177547269389,3.31272557461275,34.1,0.14937900462209383,0.23002796656899113,3.93396967935549,38.45
988,synthetic_planning_reference_v3,moderate,0.6274101571989084,1.956223973245273,0.0791666666711535,0.224180300754605,2.84389975513559,32.65,0.09028175482299161,0.47531109552502027,3.5912100256311574,41.2
989,synthetic_planning_reference_v3,moderate,0.7780589033606191,2.586059208284379,0.0925000000053842,0.214081725984659,3.44319051435644,30.7,0.16545030693242196,0.40282209050294476,4.621976704044309,38.75
990,synthetic_planning_reference_v3,moderate,0.6108943966849927,2.37257320599935,0.138333333341507,0.110986941288591,3.16117981671144,35.35,0.19341673044797625,0.29689778103793485,4.680094801093943,44.300000000000004
991,synthetic_planning_reference_v3,moderate,0.41252373501340356,3.8989716729061734,0.0350000000024011,0.14901880427621,2.86821674430138,30.6,0.13562937627076752,0.4013720796055435,4.847947991859699,44.2
992,synthetic_planning_reference_v3,mild,0.6852968521540777,1.2193213577577988,0.0541666666696983,0.209488043382452,3.27000507196779,33.95,0.08697855035259512,0.3267678604119627,3.676481433081752,36.6
993,synthetic_planning_reference_v3,mild,0.8017265651505232,1.0500491984982792,0.178333333343835,0.13558638379919,3.28426915142372,38.65,0.23919010421994694,0.20532121226050978,3.9796394997806313,44.050000000000004
994,synthetic_planning_reference_v3,mild,0.39380505278858075,0.665096353787256,0.048333333336268,0.194966492261566,2.87746555926767,30.5,0.05607137218195604,0.2250122307983767,3.2090617073030816,30.6
995,synthetic_planning_reference_v3,severe,0.32568667183159,2.0880226453626913,0.0541666666693345,0.150938000668792,2.88050964165732,34.65,0.11284200271110975,0.2701608292880562,3.531763001536271,43.2
996,synthetic_planning_reference_v3,moderate,0.5527524154677408,1.067641693898695,0.0975000000056752,0.214557202257509,3.00899248294951,35.5,0.13220729220829391,0.3178920795716032,3.401911725080659,39.800000000000004
997,synthetic_planning_reference_v3,mild,0.6261670139537927,0.9502367660230756,0.0541666666696983,0.204336804289579,3.0746458296954,32.25,0.07716372570646367,0.2714778255826734,3.356465157572439,36.65
998,synthetic_planning_reference_v3,moderate,0.08703060880487098,1.0606222944051744,0.037500000001819,0.133499475842704,2.4521815738857,29.1,0.03495275588300427,0.22556270667546272,2.772565877001904,30.8
999,synthetic_planning_reference_v3,mild,0.664248844261264,0.862159880112559,0.0816666666716628,0.203975695373826,2.88152000278196,33.4,0.09888793043701072,0.2461041498333965,3.2268902152638623,35.85
1000,synthetic_planning_reference_v3,mild,0.544091264136826,0.984507866080853,0.111666666673045,0.140717997607119,3.3896173845222,36.65,0.13350624272209582,0.17829414728768048,4.040113056721886,40.550000000000004
