27.418047809 -2.756598242 24.554460622 2.748876889 22.055508380 -0.751513759 27.590250496 1.084535417 22.468576496 0.052410550 20.698075478 -0.459239099 23.252390469 -2.301961321 24.349768393 -2.528927623 20.440727555 -2.829592767 27.287837261 2.828196050 25.468365177 -0.767665644 30.019661519 0.995547515 26.747374531 0.048859270 20.362630895 -0.356704540 23.317563396 -2.405110784 26.377112419 -2.326994019 26.485001803 -2.581252620 23.307670348 2.937254285 22.049962052 -0.750813964 27.069566399 0.999657447
27.420881706 -2.753865353 24.629194622 2.745834219 22.130193835 -0.748127483 27.664986104 1.087244200 22.543266539 0.055734776 20.702125317 -0.455619296 23.270975797 -2.298741051 24.424477379 -2.531995803 20.515455942 -2.825940000 27.290736944 2.825450120 25.471245201 -0.764723558 30.022130860 0.998043617 26.750030539 0.051660706 20.399870019 -0.353031088 23.321210588 -2.401897451 26.380030280 -2.329834748 26.558521098 -2.578430985 23.382387330 2.934049377 22.124647444 -0.747426838 27.144301205 1.002418191
27.427916927 -2.747365736 24.807308175 2.738644623 22.308232133 -0.740131818 27.843140830 1.093649533 22.721348409 0.063584946 20.712052399 -0.447012248 23.313940572 -2.291093653 24.602535997 -2.539245375 20.693579522 -2.817320466 27.297944126 2.818919483 25.478394424 -0.757726450 30.028275499 1.003980375 26.756630465 0.058323489 20.484326581 -0.344326793 23.330246352 -2.394255956 26.387251505 -2.336590822 26.728436777 -2.571759008 23.560497549 2.926479115 22.302685689 -0.739429183 27.322463132 1.008945642
27.437058062 -2.738970895 25.037520761 2.729441271 22.538457262 -0.729906478 28.073374031 1.101857079 22.951556947 0.073625840 20.724853162 -0.435898984 23.365368695 -2.281234550 24.832623924 -2.548525375 20.923794240 -2.806307235 27.307277050 2.810484425 25.487726013 -0.748688769 30.036204966 1.011648843 26.765177304 0.066929685 20.582105891 -0.333135543 23.341928216 -2.384387275 26.396589359 -2.345317251 26.933620836 -2.563205587 23.790731133 2.916793185 22.532754249 -0.729201087 27.552679047 1.017308334
27.447868769 -2.728998533 25.311148964 2.718622619 22.812046942 -0.717899709 28.347007710 1.111516190 23.225162794 0.085418199 20.740041440 -0.422702209 23.420499787 -2.269544895 25.106323676 -2.559434736 21.197384817 -2.793389436 27.318371331 2.800463865 25.498722781 -0.737951692 30.045557183 1.020759423 26.775419423 0.077154685 20.681758710 -0.319901792 23.355846886 -2.372665020 26.407690041 -2.355684880 27.155113107 -2.553125253 24.064365153 2.905413902 22.806462789 -0.717189977 27.826297338 1.027148309
27.460043538 -2.717713821 25.620899961 2.706523143 23.121829120 -0.704487301 28.656739606 1.122332606 23.534920478 0.098593602 20.758580628 -0.407775524 23.475098457 -2.256341096 25.416047387 -2.571636564 21.507086760 -2.778977315 27.330854523 2.789124254 25.511204340 -0.725798966 30.056027410 1.031070437 26.786955124 0.088727494 20.774023842 -0.304987979 23.372814364 -2.359401868 26.420216168 -2.367419615 27.376432167 -2.541806964 24.374097399 2.892695884 23.116221106 -0.703771981 28.136043366 1.038165237
27.473348638 -2.705338024 25.960759079 2.693421525 23.461695579 -0.689982505 28.994803444 1.134061691 23.874782174 0.112845321 20.784847068 -0.391417670 23.526123108 -2.241884191 25.745719669 -2.584853324 21.846915781 -2.763411130 27.344506771 2.776688133 25.524975554 -0.712467510 30.067387413 1.042380034 26.799521584 0.101421665 20.855615794 -0.288688932 23.394820351 -2.344861045 26.433966583 -2.380292886 27.584219723 -2.529483130 24.713937356 2.878934192 23.456095703 -0.689259555 28.475910881 1.050108854
27.487590058 -2.692055700 26.325703553 2.679548614 23.826635209 -0.674643607 29.345129393 1.146503887 24.239752163 0.127919912 20.823459813 -0.373884992 23.572690284 -2.226389417 26.069919279 -2.598868008 22.211848587 -2.746971444 27.359178791 2.763341087 25.539629979 -0.698156443 30.079479209 1.054519758 26.812915306 0.115048069 20.928016050 -0.271247945 23.423040517 -2.329263981 26.448649396 -2.394113159 27.768501313 -2.516338422 25.078876844 2.864372883 23.821074280 -0.673911022 28.840870201 1.062771579
27.507254350 -2.678021716 26.701888455 2.665091392 24.212513379 -0.658681902 29.686753146 1.159505020 24.625634453 0.143608798 20.875889195 -0.355395165 23.615498714 -2.210035669 26.367763089 -2.613518975 22.597702129 -2.729888275 27.374735148 2.749237856 25.555048813 -0.683031595 30.092191663 1.067349492 26.827021939 0.129449239 20.992794917 -0.252865635 23.457594815 -2.312797053 26.467335159 -2.408719283 27.926268188 -2.502519075 25.464744329 2.849211957 24.206989487 -0.657939010 29.217128085 1.075984396
27.539712726 -2.663371111 27.065788524 2.650188812 24.615806508 -0.642270035 30.003081934 1.172947736 25.028947198 0.159741631 20.941034937 -0.336131631 23.655151442 -2.192972140 26.626116658 -2.628682838 23.001011362 -2.712348342 27.391055306 2.734507326 25.571101242 -0.667231686 30.105411404 1.080752483 26.841717786 0.144493496 21.051186833 -0.233707013 23.497769611 -2.295616771 26.499671223 -2.423970521 28.060741204 -2.488144757 25.868063935 2.833614649 24.610299712 -0.641517907 29.583171043 1.089620051
27.588952434 -2.648220286 27.396720119 2.634939647 25.026225482 -0.625545502 30.282130078 1.186744293 25.446785975 0.176179974 21.015928582 -0.316246821 23.692168391 -2.175322918 26.844628604 -2.644265310 23.418849455 -2.694502325 27.411567010 2.719257774 25.587657329 -0.650872565 30.123587035 1.094630077 26.856889777 0.160070542 21.104249946 -0.213908381 23.542278021 -2.277853351 26.555638556 -2.439740642 28.175760491 -2.473313780 26.285897284 2.817713442 25.019965218 -0.624785326 29.925046461 1.103583524
27.655961593 -2.632668707 27.682568411 2.619412394 25.420007004 -0.608607495 30.519817212 1.200829440 25.876742947 0.192811858 21.096570719 -0.295865303 23.726977429 -2.157190716 27.029894519 -2.660189974 23.848798305 -2.676471619 27.446333257 2.703585471 25.604651943 -0.634049782 30.155395821 1.108894500 26.872456850 0.176088444 21.152876732 -0.193582343 23.589516836 -2.259614339 26.639515175 -2.455918346 28.274550629 -2.458106814 26.715832692 2.801616217 25.411806919 -0.607838403 30.237960008 1.117801765
27.739396884 -2.616800828 27.924148469 2.603658117 25.771645868 -0.591511394 30.720368033 1.215151097 26.303137376 0.209552460 21.178532244 -0.275087015 23.759944031 -2.138661004 27.187388328 -2.676393638 24.288852929 -2.658353241 27.505535378 2.687580279 25.630665673 -0.616847997 30.206983971 1.123468363 26.888357705 0.192470577 21.198307620 -0.172822505 23.637828845 -2.240988033 26.751099018 -2.472408643 28.359762457 -2.442590019 27.152429842 2.785408583 25.768227435 -0.590733729 30.520421036 1.132218103
27.836359361 -2.600687149 28.128744337 2.587719339 26.073399935 -0.574288447 30.889865633 1.229666629 26.699593509 0.226354481 21.257741352 -0.253990938 23.791809571 -2.119804563 27.321730603 -2.692823806 24.737313007 -2.640224193 27.593593332 2.671322083 25.681329274 -0.599351365 30.280751233 1.138283774 26.904662206 0.209153263 21.243203158 -0.151708650 23.685569153 -2.222045345 26.886770576 -2.489129394 28.433643990 -2.426818127 27.582776180 2.769152268 26.087024314 -0.573513648 30.771465477 1.146789343
27.943005046 -2.584385311 28.302514701 2.571630609 26.332810230 -0.556967824 31.034687718 1.244340665 27.046285119 0.243196151 21.331045953 -0.232638815 23.823809219 -2.100680480 27.436741024 -2.709439235 25.192791023 -2.622145362 27.710308864 2.654880463 25.766764501 -0.581641191 30.376223463 1.153282351 26.930818460 0.226080302 21.290541049 -0.130310696 23.731503397 -2.202845032 27.040774657 -2.506012811 28.498037019 -2.410836228 27.991001270 2.752885259 26.369788742 -0.556210676 30.990858181 1.161482975
28.055001744 -2.567941599 28.450513589 2.555419904 26.558370656 -0.539574005 31.161819132 1.259142764 27.338989739 0.260070732 21.397104358 -0.211078841 23.857077968 -2.081339312 27.535604937 -2.726206289 25.654107286 -2.604164395 27.852311164 2.638314286 25.890301429 -0.563793259 30.491109686 1.168414778 26.981504958 0.243191815 21.341808156 -0.108688965 23.774853891 -2.183435147 27.206133783 -2.523005305 28.554530789 -2.394681713 28.364473726 2.736628367 26.618259375 -0.538849810 31.179154487 1.176274939
28.167953138 -2.551392020 28.576999580 2.539110202 26.757143455 -0.522128789 31.277144096 1.274046213 27.585629469 0.276970549 21.456439540 -0.189350166 23.892226166 -2.061824236 27.620974175 -2.743097428 26.120286503 -2.586318320 28.013954416 2.621671471 26.049813375 -0.545871028 30.622855346 1.183640201 27.064261621 0.260429802 21.393678518 -0.086894903 23.815311036 -2.163854779 27.375508574 -2.540067137 28.604392007 -2.378385323 28.694099847 2.720389674 26.834591540 -0.521449408 31.338869500 1.191147017
28.277808830 -2.534764070 28.690560394 2.522721832 26.934649530 -0.504976614 31.384696964 1.289028013 27.793874388 0.293888931 21.507417672 -0.167485941 23.929442747 -2.042171219 27.695078072 -2.760089804 26.590528623 -2.568635538 28.190061151 2.604989546 26.239649989 -0.527928109 30.769076857 1.198924398 27.180787746 0.277741342 21.447809235 -0.064970702 23.853004532 -2.144135839 27.542075019 -2.557168763 28.648714257 -2.361972666 28.976030942 2.704168955 27.021391552 -0.504042649 31.474160422 1.206084379
28.381126694 -2.518078234 28.802466098 2.506278501 27.094920388 -0.488710816 31.487033103 1.304068541 27.970004928 0.310821237 21.552693066 -0.145513572 23.968401896 -2.022409468 27.760189662 -2.775098585 27.064144846 -2.551137470 28.379622365 2.588299774 26.452121707 -0.510006019 30.926454246 1.214239358 27.328477816 0.295080824 21.506162151 -0.042949869 23.888426611 -2.124305403 27.699791200 -2.574291145 28.688403575 -2.345464943 29.213992467 2.687963407 27.181978939 -0.487603802 31.589080386 1.221074679
28.475168855 -2.501349098 28.919835259 2.489803800 27.240784893 -0.474358695 31.585538773 1.319151354 28.119399913 0.327763064 21.596397095 -0.123455260 24.008559860 -2.002563949 27.817068937 -2.787884180 27.540577564 -2.533839956 28.582405968 2.571630155 26.678425173 -0.492311709 31.090722388 1.229563228 27.501691275 0.312411360 21.564349057 -0.020858391 23.922266122 -2.104386232 27.843826987 -2.591422126 28.725673667 -2.328880163 29.415209578 2.671772015 27.319468963 -0.472890273 31.686984821 1.236107838
28.558072541 -2.484586604 29.046065007 2.473319726 27.373863243 -0.462678195 31.680765895 1.334262897 28.246440918 0.344711525 21.638225440 -0.101330779 24.049251328 -1.982654880 27.868907620 -2.799049694 28.010015371 -2.516751472 28.795421538 2.555002838 26.909563719 -0.476069478 31.257316496 1.244879791 27.692883524 0.329704908 21.620462196 0.001283910 23.955250558 -2.084397367 27.970757006 -2.608556581 28.763568975 -2.312235354 29.585744049 2.655593868 27.437676449 -0.461415739 31.770691250 1.251175507
28.630033536 -2.467797714 29.181805869 2.456845474 27.495356180 -0.454638001 31.772687460 1.349392202 28.354850285 0.361664034 21.679474848 -0.079157833 24.089827671 -1.962698664 27.919702800 -2.807155404 28.452335118 -2.499862914 29.014040992 2.538434026 27.137099191 -0.463037526 31.421676569 1.260177891 27.893696106 0.346942468 21.673380380 0.023462076 23.988031525 -2.064354941 28.080039651 -2.625694190 28.803983464 -2.295545858 29.730637584 2.639428190 27.539523797 -0.453685755 31.842545252 1.266270812
28.692732841 -2.450988494 29.325680156 2.440396874 27.605742659 -0.450869846 31.860860478 1.364530700 28.447678637 0.378618746 21.721296473 -0.056952417 24.129751876 -1.942708503 27.973111809 -2.811616273 28.849429914 -2.483152275 29.232822310 2.521934230 27.353719302 -0.454421254 31.579623096 1.275450598 28.095920033 0.364112521 21.721954375 0.045665299 24.021103848 -2.044272724 28.173957445 -2.642832447 28.851218259 -2.278826181 29.854121715 2.623274347 27.628499053 -0.449264937 31.904507238 1.281388110
28.751133617 -2.434164993 29.474974623 2.423985997 27.705563345 -0.450670602 31.944669461 1.379671901 28.527498193 0.395573990 21.763859836 -0.034728156 24.168682931 -1.922694826 28.031052724 -2.812445258 29.190551850 -2.466591015 29.446236056 2.505508704 27.553509495 -0.450261658 31.727596419 1.290694489 28.292030671 0.381210645 21.766213832 0.067886085 24.054776177 -2.024162638 28.255052222 -2.659969283 28.915131551 -2.262094727 29.959697782 2.607131679 27.707296402 -0.448544656 31.958209014 1.296522695
28.816247782 -2.417338243 29.626299928 2.407621292 27.795318626 -0.453425213 32.023435638 1.394811121 28.596455899 0.412528522 21.807153463 -0.012496062 24.206391582 -1.902665612 28.094084991 -2.810259250 29.477384240 -2.450150895 29.649169381 2.489158189 27.732418106 -0.449767295 31.862802344 1.305908928 28.475699189 0.398237326 21.806980524 0.090117272 24.089142467 -2.004034706 28.325426976 -2.677104480 29.005005041 -2.245375255 30.050313597 2.590999615 27.780641072 -0.450891420 32.005012593 1.311670670
28.898875140 -2.400525855 29.775990998 2.391307704 27.876833097 -0.458649604 32.096536321 1.409945195 28.656335588 0.429481123 21.851108208 0.009734326 24.242873186 -1.882627490 28.161752028 -2.805534052 29.718897027 -2.433811341 29.837223925 2.472879811 27.887903537 -0.452291373 31.983246371 1.321095379 28.641975882 0.415197470 21.844740262 0.112353360 24.124151818 -1.983897182 28.387018459 -2.693488565 29.124429526 -2.228691843 30.128427869 2.574877602 27.854260135 -0.455779858 32.047280032 1.326828511
29.004386451 -2.383747115 29.920481575 2.375047086 27.954185961 -0.465919269 32.163530417 1.425072216 28.709721881 0.446430567 21.895133715 0.031955712 24.278280685 -1.862586318 28.232890792 -2.798705742 29.922580196 -2.417555683 30.007057452 2.456667886 28.020701532 -0.457305632 32.088051112 1.336256720 28.787487911 0.432099041 21.880911114 0.134589135 24.159623424 -1.963756724 28.441115106 -2.708305959 29.272589604 -2.212066438 30.196884374 2.558765362 27.931603398 -0.462772397 32.088232182 1.341991841
29.133736952 -2.367020517 30.056671343 2.358838666 28.031344228 -0.474880526 32.225261374 1.440190934 28.761039174 0.463373697 21.938303133 0.054162921 24.312855679 -1.842546743 28.305908208 -2.790137593 30.094676110 -2.401370357 30.156425687 2.440514739 28.134087765 -0.464377321 32.177899074 1.351396292 28.911939384 0.448950726 21.916988686 0.156818391 24.195299745 -1.943618991 28.489170728 -2.720121518 29.445498555 -2.195517156 30.259880617 2.542664089 28.014105778 -0.471503892 32.130258435 1.357156007
29.284698905 -2.350361933 30.182714965 2.342679891 28.110455085 -0.485239188 32.283620792 1.455299571 28.814517692 0.480304830 21.980078802 0.076352762 24.346889553 -1.822512878 28.378982479 -2.780130552 30.240399246 -2.385244230 30.284863387 2.424411765 28.231296612 -0.473150420 32.254745762 1.366517046 29.017960544 0.465760443 21.953191045 0.179035733 24.230930393 -1.923488461 28.531865822 -2.727511895 29.637121931 -2.179057369 30.321527876 2.526576907 28.101698574 -0.481669749 32.174701498 1.372316446
29.452944717 -2.333783629 30.298960497 2.326567783 28.192223912 -0.496541928 32.340004311 1.470396171 28.872514067 0.497217914 22.019872684 0.098522835 24.380648134 -1.802487980 28.450305098 -2.768934000 30.364116250 -2.369168148 30.394422953 2.408351094 28.315014402 -0.483331382 32.320736292 1.381621312 29.108602662 0.482534308 21.989336221 0.201237243 24.266254777 -1.903368405 28.570038245 -2.730796867 29.840391119 -2.162695416 30.384369558 2.510507423 28.193222961 -0.493016437 32.222087575 1.387468931
29.632774211 -2.317293781 30.406674035 2.310500016 28.276187784 -0.508620506 32.395181864 1.485478928 28.935930944 0.514107059 22.057155565 0.120672662 24.414386056 -1.782474864 28.518261879 -2.756754000 30.469445705 -2.353134641 30.488172583 2.392326751 28.387519808 -0.494678654 32.377669781 1.396711055 29.186400327 0.499277146 22.025539859 0.223419506 24.301079467 -1.883261105 28.604468965 -2.730668804 30.047963113 -2.146434796 30.449637650 2.494459476 28.286826345 -0.505333623 32.272336304 1.402609726
29.818039073 -2.300896278 30.506551246 2.294474349 28.361280696 -0.521541835 32.449439691 1.500546324 29.004547359 0.530966789 22.092297104 0.142801686 24.448245601 -1.762476302 28.581485114 -2.743761748 30.559423321 -2.337137516 30.568763976 2.376333598 28.450684824 -0.506992058 32.427025116 1.411787948 29.253477156 0.515992906 22.061921435 0.245579515 24.335358685 -1.863168280 28.636576268 -2.727703530 30.252877067 -2.130274695 30.517576788 2.478436583 28.380341477 -0.518448526 32.324872863 1.417735763
30.002626030 -2.284591339 30.598944466 2.278488358 28.445981148 -0.535154830 32.502745212 1.515597281 29.077337062 0.547793019 22.125731530 0.164909246 24.482304422 -1.742494450 28.638989899 -2.730098035 30.636579383 -2.321171633 30.638363227 2.360367474 28.506065900 -0.520105713 32.470094010 1.426853492 29.311601058 0.532684511 22.097282656 0.267715355 24.369008150 -1.843091702 28.668158252 -2.722379933 30.448972333 -2.114210714 30.587697868 2.462441772 28.471505135 -0.532217770 32.378850251 1.432844807
30.180904920 -2.268375844 30.683981951 2.262539403 28.528626308 -0.549334745 32.554817032 1.530630963 29.152793493 0.564582910 22.157238754 0.186995077 24.516562283 -1.722531344 28.690237785 -2.715877878 30.703034196 -2.305232699 30.698787555 2.344425026 28.554971718 -0.533883020 32.507877091 1.441908768 29.362260266 0.549354809 22.131134410 0.289827617 24.402055601 -1.823032508 28.700355233 -2.715096122 30.631135026 -2.098235579 30.659056452 2.446477088 28.558282213 -0.546524520 32.433301972 1.447935289
30.348065100 -2.252244128 30.761707524 2.246624656 28.607614446 -0.563878654 32.605260257 1.545647005 29.229137675 0.581335266 22.186393120 0.209060102 24.550968867 -1.702588437 28.735581685 -2.701196624 30.760537949 -2.289317199 30.751879702 2.328503703 28.598478455 -0.548209833 32.541268330 1.456954764 29.406688167 0.566006340 22.164746520 0.311914855 24.434566246 -1.802992017 28.733774110 -2.706183498 30.795480713 -2.082340047 30.730469884 2.430543378 28.638861210 -0.561272116 32.487201916 1.463006297
30.500907728 -2.236188538 30.832162189 2.230741222 28.682133665 -0.578184153 32.653636343 1.560645447 29.304503828 0.598049850 22.214296520 0.231104838 24.585440403 -1.682666552 28.775956481 -2.686133590 30.811113860 -2.273422216 30.799586510 2.312601578 28.638023673 -0.562991621 32.570982881 1.471992176 29.445914512 0.582641079 22.197846787 0.333975621 24.466680052 -1.782971224 28.768585260 -2.695918615 30.939419894 -2.066513697 30.800683858 2.414641014 28.712032315 -0.576270023 32.539570264 1.478057732
30.639226185 -2.220200929 30.895497331 2.214886024 28.752227289 -0.591993676 32.699513904 1.575626545 29.377123156 0.614727262 22.241632294 0.253127957 24.619868690 -1.662766676 28.812176510 -2.670754773 30.858461860 -2.257546473 30.843458590 2.296717824 28.675665036 -0.578148358 32.597638769 1.487021600 29.480797184 0.599260726 22.228722060 0.356011005 24.498518379 -1.762971039 28.804557458 -2.684533329 31.062591826 -2.050745778 30.868539721 2.398769589 28.776950012 -0.591473480 32.589518926 1.493089907
30.764405165 -2.204274728 30.952000999 2.199056120 28.818357375 -0.605426666 32.742522974 1.590591013 29.445503341 0.631369426 22.267463494 0.275130045 24.654148645 -1.642889874 28.844920907 -2.655115112 30.906577875 -2.241691325 30.884671066 2.280851961 28.713237426 -0.593612993 32.621886470 1.502043361 29.512048072 0.615866741 22.257563271 0.378023135 24.530179330 -1.742992258 28.841335566 -2.672219996 31.167278483 -2.035026862 30.933068815 2.382928072 28.834006718 -0.606644395 32.636325101 1.508103631
30.877378307 -2.188403919 31.002112909 2.183248752 28.880664718 -0.618177089 32.782503291 1.605539837 29.508442928 0.647978987 22.292466285 0.297111979 24.688194602 -1.623037226 28.874747113 -2.639260845 30.957966099 -2.225859216 30.924011457 2.265003552 28.751926051 -0.609329758 32.644556932 1.517057522 29.540849946 0.632460151 22.285097849 0.400011841 24.561765161 -1.723034965 28.878371380 -2.659137435 31.256642253 -2.019349763 30.993542635 2.367114860 28.884428585 -0.621188035 32.679456759 1.523100160
30.978852210 -2.172582713 31.046474332 2.167461252 28.938993984 -0.630306542 32.819783581 1.620473939 29.565108982 0.664559100 22.317802325 0.319072256 24.721954963 -1.603209068 28.902174958 -2.623230579 31.014231629 -2.210053377 30.961936168 2.249172320 28.792563069 -0.625133032 32.666471616 1.532063558 29.568795902 0.649040129 22.310299696 0.421978682 24.593319978 -1.703099823 28.915096183 -2.645419077 31.333727154 -2.003708508 31.049524436 2.351328136 28.929567160 -0.635228491 32.718605050 1.538080813
31.069395986 -2.156805720 31.086212183 2.151691744 28.993384261 -0.641810015 32.854928749 1.635393936 29.615113993 0.681113157 22.344410323 0.341009579 24.755371957 -1.583405493 28.927608669 -2.607054249 31.076134424 -2.194277342 30.998682659 2.233358043 28.835612882 -0.640428528 32.688267552 1.547061081 29.597112338 0.665606175 22.333534923 0.443925913 24.624834208 -1.683187419 28.950939828 -2.631174845 31.401321234 -1.988098687 31.100856325 2.335565996 28.970976867 -0.648286393 32.753685755 1.553047163
31.149559810 -2.141067698 31.122749616 2.135939019 29.043608362 -0.652921398 32.888334632 1.650300314 29.658923871 0.697644849 22.371395095 0.362921828 24.788466989 -1.563627065 28.951715570 -2.590758371 31.143523463 -2.178534100 31.034357204 2.217560481 28.880952303 -0.654614890 32.710414726 1.562049622 29.626469560 0.682157391 22.356036741 0.465853443 24.656287380 -1.663297973 28.985405067 -2.616495232 31.461694200 -1.972516864 31.147474461 2.319826098 29.009596793 -0.659446191 32.784971822 1.568000751
31.219981944 -2.125363733 31.157196114 2.120202155 29.089843353 -0.663689424 32.920238434 1.665193547 29.697588393 0.714157397 22.396636328 0.384811136 24.821280861 -1.543873640 28.975228277 -2.574364432 31.215535515 -2.162826179 31.068979878 2.201779337 28.928107069 -0.667850879 32.733177342 1.577028850 29.657108526 0.698693123 22.376834266 0.487761913 24.687662178 -1.643432696 29.018140068 -2.601455942 31.516630836 -1.956960681 31.189480563 2.304106239 29.046191935 -0.669435893 32.813032484 1.582942727
31.281406969 -2.109689429 31.190352410 2.104480750 29.132307701 -0.672771207 32.950759183 1.680074114 29.731937803 0.730652677 22.420811209 0.406678902 24.853822484 -1.524144989 28.998686461 -2.557889788 31.290819446 -2.147155336 31.102569658 2.186014278 28.976741406 -0.678774085 32.756715708 1.591998117 29.688976397 0.715212784 22.395437322 0.509654110 24.718905876 -1.623590569 29.048926594 -2.586119710 31.567428421 -1.941428293 31.227166315 2.288404345 29.081539251 -0.678452760 32.838421738 1.597874225
31.334754597 -2.094040739 31.222750408 2.088774749 29.171035050 -0.679818362 32.979954958 1.694942632 29.762678861 0.747132290 22.442758530 0.428525560 24.886130991 -1.504441065 29.022443076 -2.541348671 31.367729087 -2.131522323 31.135298454 2.170264921 29.025589488 -0.687079873 32.781061292 1.606956918 29.721739448 0.731715093 22.414001683 0.531530206 24.749997656 -1.603771197 29.077705276 -2.570538129 31.614984043 -1.925918296 31.260965996 2.272718518 29.115796631 -0.686851269 32.861676618 1.612796047
31.381174647 -2.078414268 31.254701915 2.073084231 29.206354273 -0.686524250 33.007839356 1.709799531 29.790408082 0.763597611 22.461789322 0.450355510 24.918252928 -1.484761628 29.046792643 -2.524752618 31.444498322 -2.115926954 31.167379066 2.154530992 29.074004775 -0.694379279 32.806157900 1.621904841 29.754963602 0.748199719 22.433364074 0.553388215 24.780904052 -1.583975248 29.104585716 -2.554752417 31.659900891 -1.910429491 31.291435176 2.257047228 29.149346861 -0.695099149 32.883294132 1.627708966
31.421806614 -2.062807199 31.286315598 2.057409234 29.238906910 -0.693099955 33.034402317 1.724645254 29.815622369 0.780049712 22.479288563 0.472169351 24.950233361 -1.465106566 29.071781355 -2.508114148 31.519409423 -2.100368202 31.198882645 2.138812346 29.121188154 -0.700228645 32.831836305 1.636841636 29.788152099 0.764666512 22.452679692 0.575228226 24.811595904 -1.564202582 29.129810131 -2.538798909 31.702567461 -1.894960998 31.319111472 2.241389071 29.182199877 -0.702552843 32.903696219 1.642613410
31.457601766 -2.047217188 31.317629264 2.041749816 29.269028248 -0.699028856 33.059657203 1.739480369 29.838739148 0.796489676 22.495186368 0.493968534 24.982105093 -1.445475758 29.097192289 -2.491446383 31.590915066 -2.084844464 31.229788219 2.123108811 29.166295360 -0.704517951 32.857903070 1.651767053 29.820789841 0.781115450 22.471047338 0.597050818 24.842027494 -1.544453662 29.153623601 -2.522707609 31.743159983 -1.879511837 31.344451438 2.225742788 29.214551643 -0.709179910 32.923207259 1.657509722
31.489347574 -2.031642473 31.348543500 2.026105605 29.297200971 -0.705405156 33.083619438 1.754305173 29.860104063 0.812918501 22.509252813 0.515754621 25.013885147 -1.425869422 29.122895946 -2.474757148 31.657709394 -2.069353353 31.259985699 2.107420034 29.208742852 -0.708377113 32.884131054 1.666680954 29.852397223 0.797546679 22.487094265 0.618858135 24.872196299 -1.524729369 29.176363581 -2.506501333 31.781700633 -1.864081040 31.367910183 2.210107603 29.246883345 -0.715285394 32.942090719 1.672398077
31.517730257 -2.016081591 31.378890057 2.010476213 29.324217031 -0.712359857 33.106349269 1.769120112 29.880213584 0.829337056 22.521374404 0.537529563 25.045576111 -1.406287419 29.148681961 -2.458051551 31.718764901 -2.053891866 31.289323696 2.091745633 29.248150350 -0.712231429 32.910263739 1.681583351 29.882550722 0.813961203 22.500701489 0.640653073 24.902138427 -1.505029998 29.198343011 -2.490201434 31.818643385 -1.848667760 31.389992047 2.194482838 29.279580330 -0.721116905 32.960552853 1.687278564
31.543735305 -2.000533083 31.408505400 1.994861285 29.350772984 -0.719625673 33.127936367 1.783925704 29.899724221 0.845745649 22.532915373 0.559294399 25.077164631 -1.386729779 29.174356760 -2.441522503 31.773409558 -2.038456746 31.317774160 2.076085273 29.284310202 -0.716119024 32.936052240 1.696474343 29.910932725 0.830360444 22.512932269 0.662436848 24.931802436 -1.485355009 29.219875416 -2.473825812 31.854943222 -1.833271651 31.411122999 2.178868330 29.312747354 -0.726472790 32.978722317 1.702151138
31.568797477 -1.984996469 31.437247404 1.979260422 29.377531547 -0.726822950 33.148478340 1.798722431 29.919154057 0.862144398 22.545205508 0.581047772 25.108612305 -1.367196295 29.199735980 -2.425681272 31.821364220 -2.023044596 31.345389351 2.060438464 29.317304067 -0.719909094 32.961258513 1.711354162 29.937378225 0.846745669 22.525233735 0.684209556 24.961239359 -1.465704563 29.241234865 -2.457390595 31.891353589 -1.817892787 31.431675476 2.163263741 29.346209426 -0.731616111 32.996793341 1.717015806
31.594113805 -1.969472146 31.465010362 1.963673119 29.404719385 -0.733390733 33.168100939 1.813510750 29.938874171 0.878533450 22.555447347 0.602790189 25.139904047 -1.347686793 29.224638718 -2.410941839 31.863152156 -2.007652251 31.372204026 2.044804764 29.347261818 -0.724124518 32.985647730 1.726223197 29.961843751 0.863117842 22.537773878 0.705970074 24.990524647 -1.446078189 29.262620538 -2.440906971 31.928271074 -1.802632902 31.451947529 2.147668965 29.379802233 -0.736600925 33.015032031 1.731872321
31.620359932 -1.953960542 31.491768478 1.948098954 29.432376946 -0.739908209 33.186958318 1.828290997 29.959039285 0.894912146 22.561383665 0.624527436 25.171044920 -1.328200939 29.249023735 -2.397774974 31.899786500 -1.992277216 31.398250043 2.029183840 29.374669879 -0.728828902 33.009035360 1.741081897 29.984431875 0.879477943 22.546778031 0.727720718 25.019640976 -1.426475158 29.284199836 -2.424736740 31.965704135 -1.787606925 31.472154947 2.132084031 29.413119207 -0.740820470 33.033609308 1.746720544
31.647855431 -1.938462275 31.517524774 1.932537361 29.460549297 -0.746171484 33.205204226 1.843063388 29.979708369 0.911280498 22.567313115 0.646260958 25.202011989 -1.308738567 29.272613324 -2.385585325 31.932110618 -1.976917419 31.423521655 2.013575210 29.399881856 -0.734358478 33.031299553 1.755930779 30.005349596 0.895826858 22.552094967 0.749467811 25.048607735 -1.406894999 29.306032752 -2.409230905 32.003539445 -1.773206749 31.492443546 2.116509052 29.445755562 -0.744356747 33.052622896 1.761560170
31.676589433 -1.922977915 31.542341727 1.916987887 29.489147360 -0.752201651 33.223071339 1.857827998 30.000795233 0.927637603 22.575541261 0.667986072 25.232803501 -1.289299407 29.295760519 -2.374698419 31.960835038 -1.961571128 31.448042981 1.997978246 29.423677797 -0.740879071 33.052338843 1.770770464 30.024843777 0.912165486 22.555854850 0.771211118 25.077366741 -1.387337158 29.328461560 -2.396308665 32.041488796 -1.760341834 31.512899309 2.100943984 29.477293251 -0.748322124 33.072063371 1.776391077
31.706353874 -1.907507856 31.566325545 1.901450083 29.518363368 -0.757722084 33.240818732 1.872584808 30.022154355 0.943982448 22.584139207 0.689702798 25.263476628 -1.270014827 29.318318575 -2.366653699 31.986540837 -1.946237090 31.471787738 1.982392634 29.446559088 -0.748176488 33.072146461 1.785601631 30.043208076 0.928494859 22.556727454 0.792953428 25.105947771 -1.367801429 29.350926290 -2.387428039 32.079049739 -1.749571739 31.533539336 2.085388902 29.507545239 -0.753240104 33.091871477 1.791213137
31.736820470 -1.892052382 31.589609691 1.885923629 29.548017419 -0.762215789 33.258624177 1.887333596 30.043657417 0.960314464 22.592494811 0.711411585 25.293990326 -1.250948709 29.340303713 -2.361345033 32.009736533 -1.930914209 31.494755463 1.966817961 29.469293487 -0.755337297 33.090764410 1.800424727 30.060734111 0.944815403 22.553820852 0.814477978 25.134344690 -1.348287545 29.373497698 -2.382321313 32.115810353 -1.740969638 31.554319879 2.069843892 29.536322529 -0.758616391 33.111933236 1.806026350
31.767508616 -1.876611690 31.612344083 1.870408245 29.577962979 -0.766725068 33.276578418 1.902074330 30.065080960 0.976634097 22.602001887 0.733112042 25.324530405 -1.232805558 29.361874054 -2.358883516 32.030828808 -1.915601457 31.516950486 1.951253833 29.491935809 -0.762032060 33.108264776 1.815240044 30.077733936 0.961127599 22.549897282 0.835080671 25.162581879 -1.328795053 29.396070758 -2.379774013 32.151338327 -1.734592847 31.575177435 2.054309071 29.563575079 -0.764055266 33.132098563 1.820830728
31.797961676 -1.861185656 31.634687793 1.854903743 29.608035072 -0.771730923 33.294774758 1.916806942 30.086255797 0.992941356 22.611665611 0.754802135 25.354931118 -1.216732370 29.383149260 -2.359064943 32.050180871 -1.900298029 31.538418631 1.935699843 29.514799804 -0.769702010 33.124777500 1.830047901 30.094452076 0.977431671 22.548133193 0.854299244 25.190728864 -1.309323453 29.418654223 -2.378315451 32.185236930 -1.730171298 31.596035616 2.038784616 29.589233746 -0.770239088 33.152181034 1.835626272
31.827744000 -1.845773900 31.656790909 1.839409925 29.637985435 -0.777157793 33.313319015 1.931531308 30.107016575 1.009236738 22.616798056 0.776486305 25.385070489 -1.202546297 29.404224725 -2.361492590 32.068073872 -1.885003132 31.559206055 1.920155612 29.538156956 -0.778105591 33.140527920 1.844848775 30.111098942 0.993728007 22.544827516 0.871716766 25.218732926 -1.289872571 29.441181662 -2.378445613 32.217239689 -1.727707859 31.616788063 2.023270344 29.613592053 -0.777368312 33.171987588 1.850413022
31.856593192 -1.830376040 31.678775854 1.823926686 29.667565870 -0.782902882 33.332257483 1.946247363 30.127257501 1.025520677 22.618804357 0.798170356 25.415087333 -1.190044763 29.425274888 -2.365518055 32.084854708 -1.869716136 31.579376785 1.904620847 29.562215646 -0.786559151 33.155806526 1.859642961 30.127825759 1.010016647 22.538001958 0.886640449 25.246762538 -1.271027998 29.463608599 -2.380549163 32.247101029 -1.727131829 31.637328461 2.007766227 29.636765724 -0.785004634 33.191376640 1.865191212
31.884524628 -1.814991730 31.700743422 1.808454005 29.696448430 -0.789172048 33.351615725 1.960954674 30.146893711 1.041793763 22.621019635 0.819852186 25.444914382 -1.179634753 29.446365072 -2.369930749 32.101044027 -1.854436743 31.599010781 1.889095548 29.587133307 -0.794326336 33.170834095 1.874430605 30.144683083 1.026297077 22.529918680 0.898633364 25.274737024 -1.253790454 29.485866249 -2.384687174 32.274711621 -1.727970154 31.657548698 1.992272089 29.659114434 -0.793383251 33.210238770 1.879960934
31.911563896 -1.799620488 31.722788145 1.793078252 29.724514717 -0.795616299 33.371377413 1.975653090 30.165895925 1.058056477 22.624836763 0.840740203 25.474552199 -1.171356159 29.467536337 -2.374644993 32.117124532 -1.839164790 31.618254449 1.873579775 29.612814893 -0.801503651 33.185814572 1.889211947 30.161737040 1.042569008 22.519336142 0.907807201 25.302499194 -1.238332634 29.507951616 -2.390830883 32.300034398 -1.730275254 31.677358785 1.976787727 29.681097177 -0.801946411 33.228500539 1.894722503
31.937712223 -1.784499545 31.745076005 1.778383249 29.751503457 -0.802158571 33.391454114 1.990342613 30.184286646 1.074309512 22.628423814 0.859805472 25.504041757 -1.165578245 29.488782030 -2.379834811 32.133516345 -1.823900268 31.637300334 1.858073612 29.639218834 -0.808435303 33.200853987 1.903986761 30.178943388 1.058830987 22.508132076 0.914432634 25.330227048 -1.224855874 29.529846802 -2.398642575 32.323165511 -1.733965482 31.696682968 1.961312824 29.702948394 -0.810322238 33.246117977 1.909476233
31.962938859 -1.770195316 31.767541630 1.765066076 29.777344650 -0.809388604 33.411772120 2.005023202 30.202121044 1.090553458 22.631506255 0.876785734 25.533338955 -1.162535129 29.510181859 -2.385714557 32.150459655 -1.808643452 31.656288662 1.842576989 29.666140718 -0.815059694 33.216038321 1.918754882 30.196316701 1.075082111 22.498081100 0.918496094 25.357810725 -1.213402776 29.551744409 -2.406434716 32.344414821 -1.738469140 31.715477700 1.945847043 29.724845223 -0.818974693 33.263091627 1.924222335
31.987167603 -1.757140928 31.790107645 1.753272780 29.802068358 -0.817184469 33.432269176 2.019578069 30.219528337 1.106788997 22.635242134 0.891457944 25.562447367 -1.161508043 29.531748317 -2.391698940 32.168209929 -1.793642297 31.675304939 1.827090023 29.693368642 -0.821667495 33.231411612 1.933516130 30.213794960 1.091322486 22.486571129 0.920281364 25.385428931 -1.204004157 29.573415200 -2.412836968 32.364230917 -1.743229268 31.733726003 1.930390189 29.746988151 -0.828496864 33.279470657 1.938961095
32.010353661 -1.745690291 31.812807021 1.743337529 29.825730473 -0.825509633 33.452902916 2.033375747 30.236610463 1.122829507 22.638839894 0.903622953 25.591384069 -1.162277309 29.553317223 -2.397868560 32.186735039 -1.779116013 31.694404935 1.811612835 29.720624266 -0.828701520 33.246965333 1.948270348 30.231393915 1.107151788 22.475664464 0.920295480 25.413065897 -1.197077452 29.594874544 -2.418666958 32.382965238 -1.748231721 31.751444682 1.914942012 29.769660685 -0.838721523 33.295299502 1.953692896
32.032440629 -1.736577803 31.835458343 1.735354546 29.848459008 -0.834319485 33.473457745 2.045856725 30.253500052 1.138054695 22.639739032 0.913187267 25.620135746 -1.165113368 29.574987247 -2.404169516 32.206172349 -1.765723319 31.713698975 1.796434836 29.747706810 -0.836159181 33.262679805 1.963017335 30.249075475 1.121649923 22.470303980 0.918792235 25.440736407 -1.192788538 29.616251541 -2.423919820 32.400998120 -1.753374887 31.768680055 1.899502249 29.793008862 -0.848819794 33.310659907 1.968417955
32.053364426 -1.729899904 31.858085893 1.729236876 29.870451602 -0.843479651 33.493840941 2.056788884 30.270269498 1.151565330 22.634563550 0.920119232 25.648707454 -1.169731947 29.596725643 -2.408976443 32.226314579 -1.754365094 31.733141402 1.782168500 29.774343426 -0.843794081 33.278557002 1.977757121 30.266617762 1.134414507 22.468522949 0.916233906 25.468424717 -1.190863242 29.637571986 -2.427074255 32.418518859 -1.758133887 31.785490125 1.884070611 29.817044620 -0.858410890 33.325639778 1.983136566
32.073257376 -1.725243512 31.880551688 1.725096937 29.892027843 -0.852332393 33.513921063 2.065967436 30.286981885 1.162432526 22.623184951 0.924700958 25.677133877 -1.175683561 29.618397875 -2.411776085 32.246940621 -1.744985682 31.752664918 1.769298461 29.800400298 -0.851355382 33.294614627 1.992489836 30.284063142 1.145066001 22.464513180 0.913194486 25.496172385 -1.191134718 29.658775514 -2.427968521 32.435677485 -1.762443662 31.801933204 1.868646808 29.841738166 -0.867404031 33.340327082 1.997848948
32.092170628 -1.722651025 31.902798143 1.722796431 29.913291840 -0.860514825 33.533673561 2.073030797 30.303587407 1.170629403 22.610758715 0.927330996 25.705327935 -1.183224782 29.639977597 -2.414057313 32.267940068 -1.737158614 31.772243587 1.757714187 29.825639465 -0.859097134 33.310878798 2.007215518 30.301317145 1.152888141 22.457942321 0.909975016 25.523994286 -1.193552902 29.679948998 -2.427522720 32.452605898 -1.766781497 31.818088066 1.853230580 29.866985053 -0.875561502 33.354834664 2.012555212
32.110179726 -1.721974426 31.924743477 1.722416588 29.934509498 -0.868440867 33.553000190 2.077737545 30.320252791 1.176392145 22.600052760 0.928174607 25.733399730 -1.192430484 29.661618870 -2.415731907 32.289164089 -1.731146098 31.792071651 1.747718868 29.850119327 -0.866711520 33.327390675 2.021830511 30.318327204 1.157942552 22.450267108 0.906986712 25.551833153 -1.197962275 29.701083869 -2.426198923 32.469390077 -1.771048146 31.834026325 1.837821863 29.892563137 -0.883415148 33.369283761 2.027107978
32.127446242 -1.722920624 31.946283341 1.723804286 29.955995328 -0.875334478 33.571884072 2.080265628 30.336999596 1.179308010 22.588180142 0.927289517 25.761361197 -1.203018421 29.683154007 -2.415885769 32.310369259 -1.727382190 31.812101949 1.740189481 29.873656632 -0.873888310 33.344193236 2.035899492 30.335156302 1.160803175 22.443220692 0.904497588 25.579646875 -1.204248426 29.722296621 -2.425111154 32.486014329 -1.774773122 31.849854454 1.822507205 29.918431841 -0.890827271 33.383813672 2.041058890
32.144134766 -1.725366627 31.967342753 1.726953694 29.977664657 -0.881849913 33.590306587 2.080999850 30.353839336 1.179434877 22.573273495 0.924999410 25.789251568 -1.214988998 29.704673133 -2.415306034 32.331358845 -1.725417185 31.832226733 1.734965040 29.896355397 -0.881162545 33.361310101 2.048514525 30.351851136 1.161222495 22.436785647 0.902137469 25.607407068 -1.212230129 29.743524268 -2.424128063 32.502485707 -1.777896818 31.865677517 1.807403570 29.944308304 -0.897064995 33.398549642 2.053611962
32.160376074 -1.729095111 31.987855096 1.731810296 29.999791890 -0.889507222 33.608266474 2.080183183 30.370800491 1.177051068 22.556078888 0.921885582 25.817064690 -1.228107145 29.726052467 -2.413748941 32.352006988 -1.725146752 31.852493674 1.731630387 29.918342547 -0.888203568 33.378541450 2.059318036 30.368450810 1.158894768 22.430338492 0.899717163 25.635103180 -1.221965143 29.764767268 -2.422487194 32.518881396 -1.780770245 31.881695934 1.792901273 29.969942982 -0.902509906 33.413442078 2.064420419
32.176301422 -1.733603684 32.007789199 1.737636758 30.022472903 -0.898237380 33.625733608 2.077951773 30.387894636 1.172374492 22.536361108 0.918427552 25.844850761 -1.242032195 29.747431038 -2.411175720 32.372165518 -1.726767068 31.872823794 1.730003867 29.939749977 -0.894476267 33.395963706 2.068177220 30.385021049 1.154264564 22.428131937 0.897622833 25.662720561 -1.233254686 29.786000364 -2.420374381 32.535360555 -1.783546983 31.897981475 1.779730352 29.995176387 -0.907470775 33.428642958 2.073454474
32.192024708 -1.737989711 32.027084260 1.743889388 30.045771458 -0.907747398 33.642703091 2.075085896 30.405178342 1.165789561 22.514197503 0.914827292 25.872628009 -1.256625672 29.768662134 -2.407907215 32.391735678 -1.729925706 31.893150982 1.730020668 29.960626804 -0.900847982 33.413477595 2.074803783 30.401638803 1.147717919 22.424233646 0.896265386 25.690313987 -1.245834977 29.807243722 -2.418690757 32.552021342 -1.785770116 31.914609967 1.768687746 30.019834536 -0.912271327 33.444237203 2.080203817
32.207573201 -1.742124079 32.045722965 1.750590607 30.069709565 -0.917409832 33.659187714 2.072117540 30.422655973 1.157774942 22.494821437 0.911048808 25.900363713 -1.271875481 29.789814206 -2.403922574 32.410681646 -1.734425002 31.913388109 1.731662504 29.981314872 -0.907658104 33.431071988 2.079578235 30.418362910 1.139576567 22.418114564 0.895808855 25.717900291 -1.259487203 29.828427897 -2.417994976 32.568857893 -1.787379117 31.931572691 1.760089290 30.043858990 -0.916745202 33.460216963 2.084715825
32.223126357 -1.746087223 32.063782491 1.757620809 30.094220341 -0.926063873 33.675239818 2.068857295 30.440245346 1.148571252 22.476040317 0.907445646 25.928044584 -1.287668454 29.810857271 -2.399113164 32.429013260 -1.739950281 31.933419810 1.734792306 30.001986464 -0.914083529 33.448773223 2.082524767 30.435259682 1.130233739 22.409924016 0.896076267 25.745488387 -1.274028585 29.849569423 -2.417046263 32.585852057 -1.788578921 31.948962009 1.754026743 30.067201415 -0.919883919 33.476665595 2.087737255
32.238674021 -1.749924666 32.081318580 1.764665726 30.119054440 -0.932747811 33.690923309 2.065100202 30.457984360 1.138220384 22.451845620 0.904586778 25.955674809 -1.303865868 29.831838478 -2.394197182 32.446768425 -1.745916693 31.953200996 1.739278435 30.022863482 -0.919293762 33.466480792 2.083938054 30.452335642 1.119964186 22.393409725 0.896844412 25.772978253 -1.289306579 29.870671554 -2.415467620 32.602955954 -1.789143864 31.966766620 1.750349881 30.089739300 -0.922160430 33.493618524 2.089228258
32.254281781 -1.753979122 32.098357279 1.771707953 30.143992314 -0.937153918 33.706351430 2.060990943 30.475835658 1.126915895 22.427166208 0.902623142 25.983258066 -1.320397193 29.852689429 -2.390354860 32.463931601 -1.751884377 31.972684278 1.744396338 30.044011229 -0.922577937 33.484152337 2.084027028 30.469595089 1.108799698 22.373100865 0.898032141 25.800453044 -1.305195613 29.891739439 -2.414006371 32.620103750 -1.789184102 31.985007780 1.748291689 30.111600743 -0.923749675 33.511028028 2.089066763
32.270066663 -1.757857244 32.115077834 1.778285404 30.168837814 -0.939216878 33.721628359 2.056786150 30.493800525 1.114819024 22.402893703 0.901457962 26.010795127 -1.337302610 29.873412649 -2.387839945 32.480549754 -1.757526728 31.991725735 1.750054097 30.065480173 -0.924439743 33.501725784 2.082744551 30.487070017 1.096819584 22.351100154 0.899716524 25.827822253 -1.321556806 29.912747441 -2.413019302 32.637232292 -1.789263160 32.003679428 1.747632364 30.132853279 -0.924852503 33.528844712 2.087605788
32.286072373 -1.761344049 32.131537543 1.783883069 30.193373393 -0.939783097 33.736854249 2.052662697 30.511880975 1.102063521 22.377926650 0.901111350 26.038286361 -1.354516392 29.894110878 -2.386320094 32.496703534 -1.762537690 32.010405537 1.756352834 30.087335571 -0.925316083 33.519169599 2.080699075 30.504764345 1.084161797 22.326615195 0.901855847 25.855242148 -1.337950043 29.933670377 -2.411940097 32.654321120 -1.789420663 32.022735478 1.748414369 30.153580898 -0.925800896 33.546995610 2.084981058
32.302286917 -1.764772088 32.147837521 1.788617520 30.217453692 -0.938867950 33.752115366 2.048853438 30.530044019 1.088761487 22.352510247 0.901361657 26.065673998 -1.371983637 29.914693400 -2.386096054 32.512447048 -1.767270389 32.028617324 1.762948304 30.109592505 -0.926101879 33.536439020 2.078059294 30.522628447 1.070940910 22.302666239 0.904265436 25.882495041 -1.354398517 29.954536709 -2.410657298 32.671291832 -1.789660496 32.042122393 1.750240554 30.174062973 -0.926299017 33.565395111 2.081411049
32.318705236 -1.768443670 32.164123275 1.792743510 30.240963510 -0.936128946 33.767493946 2.045328335 30.548299426 1.075006476 22.327564537 0.902101345 26.093017816 -1.389604039 29.935169778 -2.387496835 32.527913331 -1.772036084 32.046438862 1.769502606 30.132243455 -0.926551912 33.553531542 2.074776189 30.540681455 1.057253026 22.282162377 0.906872056 25.909738317 -1.371246504 29.975303628 -2.409744153 32.688055951 -1.790345702 32.061714181 1.753316294 30.194401476 -0.926940241 33.583945704 2.077067542
32.335317000 -1.772163061 32.180460428 1.796766175 30.263789804 -0.931631547 33.783076969 2.041930979 30.566613372 1.060875514 22.306766272 0.903490241 26.120283248 -1.407348923 29.955605368 -2.389732933 32.543200769 -1.776320817 32.063821522 1.775604396 30.155186006 -0.925994678 33.570438100 2.070970050 30.558877308 1.043183211 22.266532257 0.909595714 25.936988628 -1.388423987 29.995970695 -2.409091697 32.704582789 -1.791216305 32.081406591 1.757307269 30.214724031 -0.926429449 33.602592578 2.072420143
32.352105074 -1.775317530 32.196990949 1.800782523 30.286054900 -0.926694599 33.798910652 2.038701603 30.584994859 1.046433032 22.289425948 0.905698217 26.147497280 -1.425249505 29.975982488 -2.392541052 32.558395135 -1.779720909 32.080855631 1.781016527 30.178324287 -0.924795254 33.587150499 2.067035772 30.577205908 1.028796536 22.254408765 0.912349773 25.964230669 -1.405873018 30.016518242 -2.407644163 32.720802390 -1.792172538 32.101015953 1.761752582 30.235121721 -0.924556420 33.621186524 2.067572907
32.368980195 -1.777990380 32.213771980 1.804457320 30.307575543 -0.922210183 33.815055721 2.035823945 30.603422242 1.031731784 22.274219273 0.908503412 26.174689877 -1.443277073 29.996370632 -2.395522090 32.573560913 -1.782493729 32.097580488 1.785842044 30.201514221 -0.922386016 33.603645921 2.063201408 30.595649660 1.014141592 22.240854965 0.914998255 25.991460347 -1.423544558 30.036976849 -2.405373409 32.736744452 -1.793567224 32.120465091 1.766603304 30.255695267 -0.922927881 33.639709159 2.062565948
32.385872759 -1.780549517 32.230853808 1.807704934 30.328510076 -0.917630283 33.831515951 2.033299136 30.621896550 1.016815396 22.260560141 0.911365842 26.201866852 -1.461407242 30.016771498 -2.397217802 32.588811808 -1.784703928 32.114077570 1.790416868 30.224632115 -0.918644280 33.619930934 2.059129288 30.614178358 0.999264854 22.228328308 0.917525380 26.018633599 -1.441399991 30.057356120 -2.403693831 32.752446272 -1.795167925 32.139646103 1.771510811 30.276511407 -0.921857968 33.658074442 2.058015973
32.402715094 -1.782950077 32.248234019 1.810812783 30.348950044 -0.913799582 33.848292539 2.031205044 30.640501281 1.001745221 22.246795475 0.914426431 26.229000790 -1.479619043 30.037149665 -2.397683252 32.604184836 -1.786289803 32.130428226 1.794925231 30.247589698 -0.915095294 33.636110708 2.054710011 30.632776996 0.984204997 22.218624403 0.919966963 26.045799670 -1.459406054 30.077640318 -2.403580046 32.767879682 -1.796749073 32.158456684 1.776859139 30.297618669 -0.921260961 33.676202783 2.054010414
32.419466671 -1.785183867 32.265893423 1.814325977 30.368968993 -0.911052079 33.865342987 2.029432312 30.659176055 0.986548329 22.234262165 0.917740047 26.256096882 -1.497895324 30.057505950 -2.398558450 32.619717828 -1.787546697 32.146739509 1.799444623 30.270207344 -0.912940231 33.652251105 2.050657666 30.651402253 0.968994157 22.208935572 0.922273404 26.072968801 -1.477534472 30.097810108 -2.405722921 32.783093538 -1.798554364 32.176914240 1.782594448 30.319019817 -0.920689849 33.694044191 2.050096332
32.436063254 -1.787367651 32.283843170 1.818324576 30.388711769 -0.908885206 33.882648197 2.027667034 30.677878731 0.971222488 22.222773103 0.921060513 26.283174984 -1.516222449 30.077837942 -2.399863909 32.635451875 -1.788281460 32.163099819 1.803830995 30.292378782 -0.912157713 33.668374336 2.047341609 30.670096746 0.953658267 22.198746260 0.924792243 26.100062333 -1.495760574 30.117988764 -2.408563113 32.798157123 -1.800661886 32.194947348 1.788333576 30.340704013 -0.920041390 33.711615224 2.046312156
32.452485322 -1.789421401 32.301982844 1.822625659 30.408335458 -0.907164938 33.900162773 2.025972220 30.696650436 0.955790412 22.208226876 0.924302749 26.310246106 -1.534588348 30.098171106 -2.400515553 32.651361052 -1.788969706 32.179560923 1.808300644 30.314072701 -0.911859517 33.684537300 2.044422211 30.688819875 0.938219561 22.187354490 0.927320840 26.127124399 -1.514065370 30.138118866 -2.410445326 32.813116796 -1.802899908 32.212620068 1.793919532 30.362613029 -0.919616429 33.728878026 2.042919944
32.468709023 -1.790657323 32.320236070 1.827140743 30.427961636 -0.905574308 33.917819365 2.024470863 30.715452191 0.940271839 22.189656069 0.927307081 26.337320931 -1.552983626 30.118517956 -2.400680018 32.667455231 -1.789860014 32.196195679 1.813091492 30.335278854 -0.911849342 33.700789116 2.041731382 30.707592305 0.922851979 22.176561963 0.929426827 26.154212734 -1.532433491 30.158199196 -2.412123886 32.828027715 -1.805714996 32.229854303 1.799559027 30.384645914 -0.919537021 33.745860824 2.040020017
32.484683636 -1.791184640 32.338502342 1.831728446 30.447696567 -0.903710668 33.935539058 2.023292975 30.734301511 0.924683388 22.169539834 0.929919387 26.364369519 -1.571400258 30.138819722 -2.400388515 32.683693599 -1.790714412 32.213039813 1.818090433 30.355968336 -0.912964872 33.717164986 2.039126196 30.726369140 0.907666672 22.168826915 0.931413115 26.181280504 -1.550851176 30.178262222 -2.414238296 32.842950505 -1.809011619 32.246779381 1.805381260 30.406775886 -0.920089120 33.762579893 2.037792620
32.500433420 -1.791755347 32.356686537 1.836108859 30.467639371 -0.902406793 33.953267824 2.022346857 30.753336981 0.909685402 22.146216603 0.932206748 26.391383813 -1.589833737 30.159066779 -2.399268449 32.700038368 -1.791800899 32.230138113 1.823073623 30.376214861 -0.914698805 33.733719603 2.036577787 30.745102025 0.892479466 22.163665269 0.933365458 26.208322994 -1.569306944 30.198331523 -2.416821664 32.857911643 -1.812183088 32.263474869 1.811062462 30.428859495 -0.921151784 33.779059641 2.035990104
32.515963497 -1.792598834 32.374697013 1.840024967 30.487822409 -0.902579023 33.970947863 2.021547792 30.772248923 0.895180621 22.120680224 0.934254565 26.418373254 -1.608279696 30.179216142 -2.397305961 32.716446879 -1.793492644 32.247450932 1.828118796 30.396098433 -0.915954814 33.750479935 2.034482408 30.763874166 0.877451054 22.157130926 0.934934733 26.235325008 -1.587790087 30.218430660 -2.418603207 32.872944964 -1.815363701 32.279984777 1.816733412 30.450820729 -0.922179362 33.795360719 2.034345800
32.531283358 -1.793510679 32.392485115 1.843302542 30.508299915 -0.903845264 33.988523782 2.020798944 30.791163032 0.880444094 22.101742569 0.936175781 26.445425938 -1.626734377 30.199339654 -2.395315623 32.732868417 -1.795993030 32.264989121 1.833435160 30.415665786 -0.917300413 33.767422352 2.032938069 30.782605278 0.862555423 22.145948939 0.936188394 26.262298398 -1.606293509 30.238468044 -2.419739237 32.888074443 -1.818586742 32.296419898 1.822596695 30.472560955 -0.923208233 33.811535863 2.032871021
32.546405937 -1.794081209 32.409951305 1.846618364 30.529093622 -0.905888449 34.005930907 2.019845093 30.810186950 0.865517186 22.086445273 0.938094770 26.472424984 -1.645192541 30.219351050 -2.393647227 32.749273184 -1.798643965 32.282701785 1.839102268 30.435014676 -0.919875124 33.784545570 2.031503940 30.801339714 0.847492341 22.132514248 0.937217895 26.289296331 -1.624811977 30.258502591 -2.420741985 32.903332840 -1.821636394 32.312873380 1.828824902 30.493993421 -0.924611435 33.827633718 2.031620645
32.561345116 -1.794893629 32.427134866 1.850241310 30.550195262 -0.908857434 34.023147892 2.018651047 30.829194353 0.850431583 22.069496994 0.939981940 26.499342665 -1.663650710 30.239276491 -2.392048039 32.765578848 -1.801238618 32.300573114 1.844921435 30.454313694 -0.922704596 33.801818916 2.030079872 30.820059114 0.832292754 22.117988070 0.938081289 26.316261086 -1.643339012 30.278486217 -2.421411913 32.918735525 -1.824683249 32.329424656 1.835407353 30.515104770 -0.925196280 33.843694258 2.030419093
32.576190948 -1.796254671 32.444034109 1.853954852 30.571589474 -0.911928127 34.040169719 2.017555153 30.848225596 0.835216152 22.053601066 0.941649829 26.526311983 -1.682107480 30.259129043 -2.390933978 32.781750839 -1.803925695 32.318488473 1.850575057 30.473634392 -0.924126020 33.819201627 2.028832524 30.838830441 0.817186527 22.101938561 0.938692319 26.343177305 -1.661870098 30.298433535 -2.422354790 32.934296288 -1.827904306 32.346122735 1.842180913 30.535880800 -0.924655188 33.859782792 2.029115179
32.590996866 -1.797895507 32.460661145 1.858205555 30.593174077 -0.914855623 34.056965730 2.016349383 30.867263328 0.819894291 22.040070738 0.943038327 26.553238576 -1.700558026 30.278911034 -2.390040989 32.797749769 -1.806644861 32.336348993 1.856355212 30.493011533 -0.924613556 33.836658287 2.027711220 30.857559718 0.802159355 22.086678579 0.938762614 26.370037055 -1.680400694 30.318475693 -2.422806367 32.949966178 -1.831293065 32.363007556 1.848767918 30.556233276 -0.925008948 33.875916756 2.027312439
32.605824580 -1.799543026 32.477114350 1.862851515 30.614897731 -0.917234769 34.073562087 2.014776183 30.886313717 0.804485812 22.027053358 0.944300378 26.580155096 -1.719000347 30.298627772 -2.389035138 32.813583557 -1.809214557 32.354120730 1.862410582 30.512532607 -0.925117714 33.854121727 2.026256004 30.876333883 0.786992392 22.069762210 0.938585859 26.396848108 -1.698928139 30.338481259 -2.422670511 32.965733115 -1.834783097 32.380048208 1.855119355 30.576255923 -0.925983831 33.892163390 2.025045822
32.620677731 -1.800984127 32.493382075 1.867882497 30.636592612 -0.919147057 34.089968034 2.012933763 30.905360470 0.789006700 22.014947456 0.945614325 26.607027343 -1.737430489 30.318302073 -2.388647902 32.829205976 -1.811597031 32.371771820 1.868392789 30.532251144 -0.926342334 33.871569469 2.024637962 30.895098277 0.771711334 22.051121574 0.938675565 26.423633325 -1.717448284 30.358426386 -2.422860598 32.981557982 -1.837962495 32.397283196 1.861560242 30.595972446 -0.926744449 33.908565479 2.023227999
32.635569748 -1.802593087 32.509568706 1.873169907 30.658210472 -0.920951589 34.106218456 2.011256031 30.924393412 0.773482470 22.006830459 0.946994876 26.633892587 -1.755846570 30.337912767 -2.389417335 32.844615541 -1.814003580 32.389256820 1.874076324 30.552225420 -0.928185525 33.888935299 2.023115425 30.913929178 0.756621515 22.034566454 0.938969064 26.450389235 -1.735960040 30.378353269 -2.423575056 32.997365803 -1.840463482 32.414755424 1.867810141 30.615457000 -0.927764339 33.925120643 2.022029017
32.650528962 -1.804651029 32.525655794 1.878785013 30.679643380 -0.922199092 34.122320983 2.009593525 30.943400417 0.757920413 22.003516373 0.948190524 26.660702146 -1.774246233 30.357500710 -2.390229961 32.859811134 -1.816696842 32.406532500 1.879571903 30.572448069 -0.930028739 33.906187671 2.021355992 30.932755628 0.741691570 22.024028178 0.939343033 26.477117450 -1.754461861 30.398221479 -2.423744815 33.013100487 -1.842676937 32.432423418 1.873536417 30.634779080 -0.928372718 33.941823137 2.021009639
32.665623374 -1.807281024 32.541753194 1.885212410 30.700820389 -0.923343877 34.138326678 2.007603652 30.962381583 0.742315349 22.000835113 0.949217717 26.687562841 -1.792626286 30.377074146 -2.390889676 32.874822159 -1.819565954 32.423626688 1.884756296 30.592929443 -0.931622052 33.923294808 2.019557343 30.951565159 0.726611163 22.018796559 0.940072761 26.503802037 -1.772953022 30.417963847 -2.422303407 33.028773187 -1.844577427 32.450175496 1.879189984 30.653998714 -0.928667130 33.958658501 2.020290720
32.680849798 -1.810500683 32.557931379 1.892410788 30.721692113 -0.924283079 34.154238791 2.005368554 30.981497617 0.727223208 21.996576814 0.949996072 26.714460399 -1.810987418 30.396610525 -2.391759249 32.889702923 -1.822429030 32.440473959 1.889968664 30.613602981 -0.932026880 33.940216654 2.017938836 30.970358606 0.711406839 22.019987291 0.941078844 26.530467892 -1.791429868 30.437627944 -2.420975719 33.044320211 -1.845841698 32.468046733 1.884886097 30.673193733 -0.928642193 33.975573347 2.019658089
32.696184023 -1.814229814 32.574250943 1.899971239 30.742210510 -0.924663635 34.170133914 2.002825607 31.000458548 0.712796887 21.992200454 0.950476346 26.741308616 -1.829279813 30.416084724 -2.393382055 32.904477767 -1.825522596 32.457132384 1.895522689 30.634406779 -0.931616679 33.956938917 2.016202417 30.989171079 0.696099619 22.021529430 0.942243120 26.557145122 -1.809892470 30.457187471 -2.420488620 33.059697450 -1.847062251 32.485929783 1.890329997 30.692428034 -0.927895612 33.992561831 2.018629847
32.711668823 -1.818080393 32.590719848 1.907540100 30.762394085 -0.924285252 34.186044007 1.999980432 31.019362178 0.698377979 21.992063012 0.950902020 26.768132439 -1.847511553 30.435551500 -2.395373154 32.919215750 -1.828487114 32.473601091 1.901090862 30.655279807 -0.930975410 33.973497308 2.014354185 31.007966231 0.680781030 22.015020250 0.943427826 26.583828901 -1.828342745 30.476633807 -2.419968978 33.074854228 -1.848574472 32.503775355 1.895562000 30.711737373 -0.926247619 34.009582727 2.017140595
32.727245221 -1.821829182 32.607351592 1.915330559 30.782243566 -0.923874614 34.201989778 1.996730487 31.038243288 0.683729988 21.993857407 0.951169163 26.794943426 -1.865740905 30.454922393 -2.397247887 32.933937402 -1.831046901 32.489913112 1.906635156 30.676115762 -0.929849359 33.989889092 2.012424788 31.026920164 0.666170839 22.005768356 0.944533460 26.610502789 -1.846778861 30.495992027 -2.419427549 33.089796328 -1.850487253 32.521504575 1.900780020 30.731211670 -0.924482986 34.026608956 2.015394735
32.742895652 -1.825589545 32.624206746 1.923219847 30.801795313 -0.923723969 34.217972521 1.993421247 31.057074854 0.668893597 21.999862362 0.951245397 26.821740002 -1.883965849 30.474303328 -2.399641487 32.948660333 -1.833636703 32.506099924 1.912035802 30.696841388 -0.928030274 34.006117809 2.010354698 31.045629999 0.652081115 21.993918123 0.945828915 26.637158079 -1.865200435 30.515226879 -2.418521229 33.104570429 -1.852744844 32.539079224 1.906449442 30.750834792 -0.923343171 34.043599731 2.013497289
32.758571871 -1.829393460 32.641197097 1.931336596 30.821092908 -0.923172683 34.234014367 1.990178537 31.075865843 0.653902122 22.010249366 0.951531775 26.848489219 -1.902185548 30.493578004 -2.401626708 32.963433140 -1.836332149 32.522212326 1.917425460 30.717431334 -0.925987635 34.022170929 2.008146329 31.064300010 0.637711050 21.980539386 0.947269031 26.663774436 -1.883606092 30.534382666 -2.417455992 33.119151511 -1.855239819 32.556455272 1.913111258 30.770646291 -0.922357241 34.060536039 2.011234693
32.774228464 -1.833390629 32.658450137 1.939326060 30.840210109 -0.922354177 34.250105957 1.986585255 31.094678996 0.638923844 22.019811146 0.951992256 26.875184034 -1.920399090 30.512851054 -2.403296367 32.978312562 -1.838575819 32.538238193 1.923586360 30.737747658 -0.923672706 34.038122567 2.005642074 31.083144089 0.623933489 21.966909917 0.948789887 26.690358808 -1.901995696 30.553486937 -2.416987098 33.133586638 -1.857955262 32.573701878 1.920505411 30.790627075 -0.921785335 34.077379179 2.008498808
32.789801069 -1.838011467 32.675738185 1.947069572 30.859189252 -0.921715556 34.266285711 1.982363308 31.113449697 0.623958077 22.024059159 0.952442221 26.901894710 -1.938606297 30.532060074 -2.405271015 32.993284259 -1.840257388 32.554281694 1.930835667 30.757817094 -0.920854231 34.053938653 2.002485473 31.101870698 0.611266043 21.952117675 0.950335675 26.716887865 -1.920370544 30.572536810 -2.417168627 33.147911914 -1.860914748 32.590766013 1.927802303 30.810748562 -0.922218471 34.094131391 2.005284317
32.805313413 -1.842945444 32.693184404 1.954566608 30.878087545 -0.920840044 34.282584450 1.978166142 31.132204389 0.608875455 22.024851017 0.953097050 26.928587681 -1.956805258 30.551200426 -2.406876020 33.008348097 -1.842061953 32.570390360 1.938753537 30.777625717 -0.918495327 34.069706794 1.998579133 31.120438635 0.598700963 21.941175425 0.951777645 26.743404133 -1.938731046 30.591565744 -2.417165249 33.162210293 -1.863816911 32.607606604 1.934912155 30.830979140 -0.923437484 34.110784206 2.001959201
32.820654819 -1.847826422 32.710562399 1.961853450 30.897002818 -0.919808953 34.298903468 1.974374729 31.151073839 0.594234380 22.023930836 0.954021128 26.955197889 -1.974994233 30.570253401 -2.407830791 33.023527678 -1.844447178 32.586608873 1.947178425 30.797114131 -0.916912446 34.085482178 1.994677170 31.138981961 0.585606311 21.938077191 0.953067282 26.769844015 -1.957074962 30.610539112 -2.417002709 33.176469863 -1.866822393 32.624239836 1.942530607 30.851267241 -0.924837483 34.127303696 1.998627491
32.835861403 -1.852604299 32.727952472 1.969202696 30.915947420 -0.919194374 34.315219351 1.970426963 31.169789548 0.580093652 22.023954953 0.955106719 26.981759240 -1.993173464 30.589303931 -2.408432037 33.038820495 -1.847466116 32.603008783 1.955726557 30.816332592 -0.915945926 34.101271647 1.991222327 31.157497129 0.572072116 21.937863677 0.954155771 26.796212356 -1.975402517 30.629471478 -2.416563932 33.190764021 -1.869947781 32.640800044 1.950638549 30.871567194 -0.926688823 34.143716094 1.995346433
32.850855859 -1.857386502 32.745228504 1.976461623 30.934987701 -0.918649130 34.331599388 1.966477196 31.188540556 0.566070185 22.031314356 0.955997814 27.008402704 -2.010942392 30.608310868 -2.408896454 33.054186448 -1.851323004 32.619492515 1.964181590 30.835290516 -0.915971306 34.117106478 1.987968300 31.176030485 0.558337929 21.938791445 0.955222716 26.822520940 -1.993713373 30.648383484 -2.415943563 33.205067620 -1.873186936 32.657307987 1.958700753 30.891811649 -0.929141496 34.159988560 1.991952417
32.865691686 -1.862159232 32.762360961 1.983990275 30.954162399 -0.918087908 34.347924767 1.962800131 31.207188875 0.552003198 22.039282495 0.956867128 27.034879170 -2.028366024 30.627241711 -2.409946476 33.069672203 -1.855758271 32.636234269 1.972239382 30.854052459 -0.916484001 34.133007249 1.984584709 31.194508710 0.544437228 21.947928562 0.956254319 26.848774601 -2.012007619 30.667272933 -2.415692017 33.219441357 -1.877010013 32.673730574 1.966787212 30.911980145 -0.931278049 34.176152189 1.988221659
32.880356338 -1.866452626 32.779423597 1.991481534 30.973488551 -0.918044943 34.364213426 1.959648938 31.225780265 0.537664654 22.043492226 0.957832465 27.061303698 -2.045898262 30.646172511 -2.410933634 33.085161746 -1.860830832 32.653015385 1.979744321 30.872641427 -0.916901995 34.149012923 1.980954092 31.213011756 0.530275663 21.961797054 0.957096816 26.874974635 -2.030285793 30.686138438 -2.416237072 33.233904650 -1.881085937 32.690097638 1.974839484 30.931970644 -0.931882083 34.192245136 1.984821819
32.894824509 -1.870412565 32.796247687 1.998967930 30.992978370 -0.918294464 34.380422423 1.957405894 31.244346698 0.523188965 22.044444593 0.958593588 27.087705014 -2.063518149 30.665057097 -2.410991383 33.100742732 -1.865978588 32.669940554 1.986789689 30.891175408 -0.916842603 34.165107887 1.976974423 31.231485339 0.515899391 21.964763721 0.957851333 26.901124289 -2.048548308 30.704994466 -2.418112486 33.248482685 -1.884983517 32.706393392 1.982810174 30.951727193 -0.931234678 34.208233805 1.981703236
32.909189237 -1.874139432 32.812915264 2.006538656 31.012584467 -0.918581090 34.396510102 1.955951571 31.262922746 0.508786670 22.043426146 0.959238056 27.114157514 -2.080774297 30.683884081 -2.410538573 33.116267166 -1.870365669 32.686869426 1.993668280 30.909686343 -0.916401002 34.181308913 1.972885619 31.250120706 0.502056790 21.961519711 0.958669138 26.927276219 -2.066795797 30.723824503 -2.420783074 33.263120494 -1.889195845 32.722694782 1.990655866 30.971247693 -0.930476564 34.224180649 1.978449397
32.923404014 -1.877648913 32.829396766 2.013733420 31.032295707 -0.919619381 34.412450567 1.954780945 31.281578276 0.495210073 22.044140841 0.959962585 27.140660703 -2.096857503 30.702679511 -2.410630038 33.131690058 -1.874619404 32.703868356 2.001054394 30.928211486 -0.916475158 34.197527451 1.968765149 31.268600891 0.488914833 21.962132338 0.959637033 26.953363649 -2.085024250 30.742643549 -2.423043695 33.277934837 -1.893906515 32.739024978 1.997848645 30.990487934 -0.929916170 34.240087242 1.974953592
32.937480834 -1.881206134 32.845722706 2.020367793 31.052076612 -0.920613287 34.428288721 1.953339625 31.299998694 0.482158527 22.046485044 0.960754672 27.167118247 -2.111495357 30.721407690 -2.411483962 33.146992430 -1.879158684 32.720908842 2.008734690 30.946772765 -0.916949890 34.213789334 1.964306146 31.287024074 0.475759665 21.963755497 0.960648366 26.979398666 -2.103234052 30.761415488 -2.424859713 33.292861048 -1.898511665 32.755326095 2.004524110 31.009494589 -0.928663178 34.255999240 1.971322497
32.951472072 -1.884914653 32.861832105 2.027085057 31.071882974 -0.920655240 34.444038888 1.951440361 31.318464979 0.469122252 22.052378923 0.961622811 27.193399088 -2.125481039 30.740132212 -2.412315330 33.162149497 -1.884058130 32.738025871 2.016339880 30.965431588 -0.917535420 34.230081438 1.959813200 31.305414753 0.462339565 21.965353468 0.961604763 27.005385273 -2.121425078 30.780193411 -2.425750496 33.307871752 -1.902878851 32.771621856 2.011733186 31.028241254 -0.926378184 34.271881666 1.967460425
32.965453044 -1.888236621 32.877864602 2.034327922 31.091641614 -0.921103351 34.459711950 1.948786970 31.336780492 0.456094980 22.066146865 0.962565947 27.219577546 -2.139819755 30.758792171 -2.412183828 33.177190491 -1.889076192 32.755189089 2.023381492 30.984170161 -0.917958145 34.246365781 1.955749655 31.323780011 0.448707534 21.962572217 0.962254532 27.031297202 -2.139598963 30.798916621 -2.425540856 33.322919183 -1.907163812 32.788104868 2.018891176 31.046811290 -0.924505824 34.287797580 1.963220264
32.979415467 -1.891090326 32.893815449 2.041540637 31.111289172 -0.923119772 34.475350813 1.945840871 31.355187962 0.443262552 22.084935501 0.963483491 27.245692994 -2.154764901 30.777367494 -2.410361738 33.192082452 -1.893758332 32.772286936 2.029868516 31.003011440 -0.918675459 34.262595571 1.952208949 31.342107257 0.434901049 21.953613763 0.962783783 27.057153479 -2.157757811 30.817603383 -2.425152353 33.338008521 -1.911535617 32.804598775 2.025796371 31.065191915 -0.923732037 34.303772328 1.959151355
32.993432199 -1.894235329 32.909573190 2.049241233 31.130851627 -0.925985552 34.490940657 1.942980587 31.373397690 0.430576599 22.102730159 0.964456906 27.271933401 -2.169341808 30.795891657 -2.407985445 33.206781389 -1.898497765 32.789332095 2.036650662 31.021987451 -0.920608638 34.278733072 1.949053948 31.360407839 0.420791010 21.939751110 0.963547061 27.083152459 -2.174980563 30.836224251 -2.424200227 33.353028823 -1.916286262 32.821110709 2.033648934 31.083471152 -0.923432889 34.319794561 1.955334722
33.007550835 -1.898043376 32.925278888 2.058140938 31.150303795 -0.928706992 34.506520112 1.939942782 31.391577912 0.417400619 22.117862316 0.965495659 27.297931394 -2.183606526 30.814356795 -2.406661163 33.221359880 -1.903343941 32.806245133 2.044439702 31.041085530 -0.923597343 34.294771911 1.945969722 31.378679235 0.406429519 21.923937357 0.964332228 27.108849872 -2.191422515 30.854771366 -2.422541436 33.368083433 -1.921387847 32.837692636 2.042561047 31.101685814 -0.923761061 34.335848417 1.951556655
33.021768006 -1.902496157 32.940998025 2.067942110 31.169583920 -0.931256827 34.522093258 1.936681751 31.409848881 0.404409794 22.128855536 0.966313263 27.323975898 -2.198392830 30.832719582 -2.406844137 33.235794455 -1.908032668 32.823128164 2.053105609 31.060291253 -0.926721806 34.310684461 1.942793618 31.397062029 0.392540486 21.909310162 0.965115269 27.134631794 -2.207381413 30.873291311 -2.421330617 33.383088153 -1.926156641 32.854376583 2.052261455 31.119913049 -0.924437920 34.352031837 1.948154836
33.036103685 -1.907242239 32.956701925 2.078299879 31.188704646 -0.933185044 34.537694698 1.932900707 31.427997195 0.391740557 22.139166158 0.967218892 27.350116872 -2.213609975 30.851049224 -2.407361080 33.250135168 -1.912687997 32.839807104 2.062501069 31.079551031 -0.929387769 34.326438421 1.939371873 31.415289886 0.379381646 21.895437496 0.965622251 27.160151688 -2.222935419 30.891729791 -2.421118557 33.397950921 -1.930577972 32.871177925 2.062401070 31.138176733 -0.924502215 34.368207327 1.944683719
33.050510288 -1.912037376 32.972471915 2.088944015 31.207614859 -0.933953323 34.553369217 1.928740246 31.446261713 0.379676922 22.158300124 0.968287692 27.376322723 -2.228880860 30.869330705 -2.407604963 33.264322539 -1.917982860 32.856361722 2.072740634 31.098821396 -0.931237675 34.342046121 1.935427759 31.433522365 0.366610891 21.885151815 0.965801144 27.185855246 -2.237649388 30.910101150 -2.421253909 33.412666809 -1.935240669 32.888013654 2.072998649 31.156515541 -0.924098432 34.384435738 1.940850349
33.065046379 -1.916571672 32.988357947 2.099607662 31.226329242 -0.933769165 34.569063834 1.924305293 31.464285903 0.367951515 22.184623362 0.969071417 27.402392501 -2.244195314 30.887568960 -2.407240067 33.278510281 -1.924081553 32.872774872 2.083635057 31.118046967 -0.932365292 34.357532922 1.930925618 31.451582269 0.353829114 21.874060006 0.965879673 27.211370186 -2.250882847 30.928434782 -2.421882369 33.427291307 -1.940300088 32.904998144 2.083894406 31.174950452 -0.923857374 34.400631996 1.936978410
33.079609522 -1.920865934 33.004283991 2.110475597 31.244863213 -0.932630240 34.584815359 1.919573882 31.482381405 0.356011753 22.205893299 0.969570412 27.428609653 -2.259013509 30.905777966 -2.406079780 33.292731853 -1.929888411 32.889086531 2.094928962 31.137202600 -0.932792486 34.372963115 1.926032538 31.469689101 0.341137059 21.862435062 0.966080903 27.236857368 -2.263203119 30.946709079 -2.423217730 33.441785537 -1.945388881 32.922033032 2.094620105 31.193478222 -0.924489879 34.416773651 1.932701026
33.094174364 -1.925634364 33.020395836 2.121574049 31.263217609 -0.930664334 34.600613089 1.915054798 31.500382482 0.344014717 22.215313646 0.969904391 27.454749394 -2.272349645 30.923934034 -2.405459269 33.306906622 -1.935334647 32.905258071 2.106400188 31.156225913 -0.931449237 34.388338112 1.921184703 31.487701072 0.329025838 21.848138573 0.966595770 27.262140566 -2.275541551 30.964945432 -2.424369272 33.456090430 -1.950930103 32.939012559 2.105620917 31.212126673 -0.925459409 34.432850615 1.927856683
33.108799373 -1.930792884 33.036692699 2.132222935 31.281457862 -0.929559923 34.616407510 1.910788410 31.518348502 0.331541467 22.218169277 0.970082545 27.480668704 -2.284828928 30.942046264 -2.406137518 33.321126948 -1.940424939 32.921408642 2.117470246 31.175071505 -0.928437928 34.403666386 1.916550061 31.505626780 0.317347499 21.830488727 0.967219519 27.287389089 -2.288815412 30.983129245 -2.424947792 33.470296615 -1.957381337 32.955976264 2.117261814 31.230856451 -0.926314051 34.448880845 1.922822587
33.123421818 -1.936140780 33.053016568 2.142532571 31.299566043 -0.929139784 34.632179770 1.906043765 31.536312165 0.318637976 22.222938175 0.970176425 27.506408761 -2.297657960 30.960062677 -2.407951179 33.335328275 -1.945159025 32.937362478 2.128136837 31.193733907 -0.924956342 34.418953039 1.911982429 31.523473130 0.305971821 21.824423090 0.967499369 27.312612826 -2.302866042 31.001281238 -2.425845741 33.484433625 -1.964387470 32.972960377 2.129036312 31.249630758 -0.928536517 34.464820880 1.917818209
33.138078798 -1.941877258 33.069613500 2.151858601 31.317618162 -0.929081194 34.647998631 1.900781605 31.554227416 0.305378344 22.235547201 0.970540137 27.532230885 -2.310276275 30.978055334 -2.410028581 33.349599148 -1.949625671 32.953308052 2.138608341 31.212200610 -0.921909257 34.434258470 1.907812274 31.541165268 0.294345004 21.825510288 0.967093658 27.338047796 -2.316352282 31.019367584 -2.427855129 33.498535065 -1.971390798 32.989915218 2.140274012 31.268474674 -0.932186349 34.480691417 1.912817618
33.152752221 -1.947737397 33.086075458 2.160471994 31.335660329 -0.929377095 34.663842124 1.895644920 31.572125458 0.291739814 22.243343486 0.971256099 27.557899331 -2.321917564 30.996019897 -2.411339379 33.363907649 -1.953701292 32.969128120 2.149128262 31.230435226 -0.919555405 34.449513823 1.903620497 31.558906819 0.282655649 21.818700788 0.966505435 27.363195984 -2.329366729 31.037450295 -2.429285640 33.512532817 -1.978280887 33.006752154 2.150943093 31.287369524 -0.936128602 34.496467567 1.907850890
33.167379062 -1.953483050 33.102650205 2.169912522 31.353731006 -0.928919103 34.679682131 1.890921536 31.590120705 0.278326844 22.242271583 0.971842915 27.583492582 -2.333287533 31.013974124 -2.411682720 33.378266752 -1.957924658 32.984957922 2.160147804 31.248469702 -0.918480560 34.464805282 1.898983361 31.576478021 0.270915224 21.808057043 0.966372684 27.388405935 -2.342669545 31.055488641 -2.429979612 33.526508268 -1.985140106 33.023428362 2.161587537 31.306281119 -0.939201569 34.512151426 1.903101605
33.181969173 -1.958965317 33.119457641 2.179221546 31.371847249 -0.928418119 34.695458650 1.886328046 31.607957965 0.265103469 22.250157357 0.971965413 27.609037740 -2.344524102 31.031889246 -2.411989457 33.392758490 -1.962115856 33.000851227 2.171248717 31.266331455 -0.918279694 34.480160238 1.894523946 31.594017776 0.258544742 21.795928191 0.966461996 27.413508640 -2.355965649 31.073468997 -2.431459075 33.540488372 -1.991401223 33.040152939 2.171602339 31.325111686 -0.941397658 34.527730650 1.898753882
33.196478475 -1.964041514 33.136130107 2.188420735 31.390023322 -0.928167336 34.711186718 1.881234294 31.625836452 0.251875029 22.268349887 0.971926550 27.634373355 -2.356139914 31.049782417 -2.412690248 33.407284580 -1.966147264 33.016803345 2.182023989 31.284053856 -0.917980179 34.495537552 1.890401001 31.611538204 0.245649728 21.779268534 0.966628060 27.438509603 -2.369668732 31.091413446 -2.432802031 33.554380116 -1.997283640 33.056684091 2.180465375 31.343923707 -0.943222761 34.543221806 1.894544699
33.210826827 -1.968785961 33.152831694 2.198551384 31.408273760 -0.927931135 34.726921251 1.875818676 31.643564422 0.238644845 22.283490167 0.971851571 27.659826461 -2.367977067 31.067633043 -2.413358646 33.421852590 -1.970341852 33.032862616 2.192237062 31.301692347 -0.917649105 34.510904490 1.885914090 31.629067631 0.232318791 21.761729658 0.967343396 27.463611974 -2.382843863 31.109290741 -2.434006119 33.568304031 -2.002897207 33.073119180 2.188484526 31.362563176 -0.944273638 34.558622218 1.890431720
33.225028613 -1.973777234 33.169521562 2.209456773 31.426587990 -0.927107814 34.742573679 1.870164479 31.661414823 0.225817389 22.295387793 0.971915223 27.685122810 -2.379633121 31.085447918 -2.414389647 33.436474225 -1.974336673 33.048932373 2.202053699 31.319302399 -0.917577007 34.526340665 1.880882120 31.646581254 0.218626913 21.754667380 0.968539076 27.488404626 -2.395687071 31.127108898 -2.435728531 33.582173413 -2.008118058 33.089315934 2.196627029 31.381055032 -0.944741780 34.573924753 1.885983799
33.239182100 -1.979118098 33.186286307 2.220453517 31.444963234 -0.925502865 34.758249838 1.864741993 31.679094188 0.213640137 22.309524433 0.971882403 27.710285291 -2.391932793 31.103253605 -2.415153740 33.451052598 -1.978613072 33.065002356 2.212221207 31.336878120 -0.918493506 34.541817915 1.875590872 31.664141857 0.204900434 21.757556521 0.969415779 27.513191645 -2.409360529 31.144887466 -2.437078560 33.596037396 -2.013086363 33.105502581 2.205500442 31.399377139 -0.945073871 34.589236532 1.881425538
33.253262614 -1.984290737 33.202999570 2.230761153 31.463367860 -0.923571092 34.773822025 1.859910788 31.696614726 0.201228029 22.329552770 0.971485557 27.735385756 -2.405127488 31.121011105 -2.415515952 33.465649581 -1.983594166 33.081249736 2.222849500 31.354480180 -0.920008529 34.557314798 1.869910457 31.681697823 0.191511937 21.755196098 0.970020698 27.538002991 -2.423341189 31.162605312 -2.438000876 33.609910352 -2.017650847 33.121651348 2.214504758 31.417515311 -0.945484400 34.604488453 1.877087135
33.267252057 -1.989694612 33.219609357 2.240390601 31.481793957 -0.921497077 34.789248459 1.854457960 31.714318678 0.189268480 22.354556933 0.971044617 27.760430224 -2.419064095 31.138709235 -2.415670481 33.480223189 -1.988793897 33.097565080 2.233809731 31.372131724 -0.920936134 34.572829033 1.864076217 31.699267433 0.178697850 21.754120452 0.970965771 27.562885838 -2.436304637 31.180288323 -2.438456477 33.623781952 -2.022319148 33.137719012 2.223805584 31.435470960 -0.945072427 34.619706866 1.872365627
33.281244398 -1.995428707 33.236015052 2.250217297 31.500201019 -0.919852264 34.804680910 1.848400555 31.731804531 0.177882377 22.378389366 0.970664141 27.785417838 -2.433616288 31.156374855 -2.415393335 33.494728176 -1.994638713 33.114003951 2.245176737 31.389820523 -0.921302171 34.588383255 1.858829181 31.716807483 0.166590749 21.753601415 0.972130741 27.587630293 -2.447167753 31.197901499 -2.438291334 33.637688717 -2.027010232 33.153813607 2.233522953 31.453232508 -0.943015002 34.634925481 1.867238308
33.295145187 -2.001520761 33.252397779 2.260622529 31.518567751 -0.918596602 34.820031556 1.842366757 31.749254392 0.166649014 22.400360645 0.970231218 27.810429696 -2.448434606 31.174000763 -2.415078652 33.509261558 -2.001166463 33.130700406 2.255750360 31.407550333 -0.922037370 34.603860185 1.853746459 31.734258862 0.154931509 21.746792825 0.973143475 27.611973343 -2.457490872 31.215542735 -2.437857989 33.651508319 -2.032308202 33.169918369 2.243559144 31.470839623 -0.939940158 34.650201897 1.862120361
33.309012656 -2.008084773 33.268794777 2.270615600 31.536873055 -0.917843035 34.835311275 1.836254478 31.766565410 0.155348897 22.414099555 0.969646556 27.835314768 -2.463468566 31.191558478 -2.414230625 33.523724230 -2.008007634 33.147313911 2.265245127 31.425337381 -0.922982714 34.619375408 1.848386257 31.751563311 0.143054699 21.741108664 0.973866999 27.636288316 -2.468894063 31.233171144 -2.437000699 33.665376108 -2.038867102 33.186088689 2.253910722 31.488321164 -0.937275447 34.665485585 1.857044415
33.322851856 -2.014793015 33.285004477 2.280074914 31.555067826 -0.917786251 34.850483990 1.830356927 31.783921796 0.143743949 22.426412414 0.969044146 27.860401148 -2.477853319 31.209110888 -2.413375538 33.538150271 -2.015127811 33.163898946 2.274650406 31.443186610 -0.923971344 34.634891697 1.843423835 31.768817918 0.130583417 21.747172161 0.974322285 27.660864186 -2.480278113 31.250760771 -2.435609158 33.679288188 -2.046029463 33.202264139 2.264742361 31.505697177 -0.935548923 34.680749432 1.851538256
33.336581183 -2.021911099 33.301060886 2.289981189 31.573157597 -0.917734414 34.865536707 1.824892427 31.801148168 0.131929368 22.450355482 0.968330030 27.885362393 -2.490573006 31.226602630 -2.412289714 33.552513041 -2.022322048 33.180487532 2.284200881 31.461054512 -0.925585087 34.650328928 1.838542568 31.786059601 0.117760101 21.769492152 0.974550722 27.685256714 -2.490892017 31.268324941 -2.433980715 33.693189516 -2.053470385 33.218501994 2.276227054 31.522980448 -0.934119422 34.696088679 1.845716581
33.350219029 -2.029842571 33.317070361 2.300689597 31.591109491 -0.918365509 34.880505564 1.819838084 31.818330396 0.119648465 22.477445783 0.967796964 27.910421015 -2.500587219 31.244126235 -2.411166932 33.566776376 -2.029788559 33.197044842 2.293963521 31.478961767 -0.926949086 34.665726052 1.833079317 31.803291380 0.104779771 21.800285753 0.974436621 27.709648537 -2.500604376 31.285861488 -2.432783602 33.707137577 -2.061222834 33.234863130 2.288016452 31.540201843 -0.932883233 34.711484703 1.839836582
33.363935967 -2.037861408 33.333018767 2.312064702 31.608930841 -0.919747742 34.895285376 1.814567303 31.835510272 0.107266309 22.497569556 0.967278814 27.935345296 -2.507532107 31.261608265 -2.411352651 33.581028364 -2.037350382 33.213617196 2.303703546 31.496853873 -0.927316520 34.681133930 1.827424483 31.820463124 0.091608114 21.834163470 0.974410341 27.733962130 -2.509037940 31.303347829 -2.432537408 33.721155039 -2.068775864 33.251256534 2.299983102 31.557389813 -0.931141861 34.726920387 1.833578531
33.377651480 -2.045110033 33.348919758 2.323993894 31.626670894 -0.921541108 34.910029482 1.808904995 31.852567767 0.094711797 22.507857754 0.966436467 27.960202260 -2.512227091 31.279033079 -2.412341697 33.595254673 -2.044191932 33.230138962 2.312921733 31.514702917 -0.926886772 34.696472165 1.822216684 31.837643435 0.078403449 21.865837651 0.974357056 27.758246905 -2.515535784 31.320756875 -2.432790660 33.735092236 -2.075747279 33.267735498 2.312062335 31.574619554 -0.929106687 34.742506906 1.827462903
33.391373562 -2.051670064 33.364989099 2.335551165 31.644295311 -0.923844086 34.924705810 1.802999946 31.869784920 0.082611389 22.513301852 0.965498157 27.984945475 -2.514060509 31.296445955 -2.413250912 33.609321590 -2.050639724 33.246519035 2.321675990 31.532494536 -0.925987226 34.711680023 1.817061432 31.854719949 0.065093097 21.897814592 0.973960798 27.782385599 -2.520111388 31.338121844 -2.433011364 33.749059103 -2.082127535 33.284196877 2.324310625 31.591849499 -0.927141255 34.758127171 1.822188810
33.405077406 -2.057905465 33.380878198 2.346797338 31.661816909 -0.925853185 34.939393000 1.796810840 31.886819364 0.070889563 22.532601439 0.964564585 28.009569489 -2.514023984 31.313837666 -2.414172713 33.623257006 -2.057868945 33.262702034 2.330824926 31.550205438 -0.925175173 34.726830415 1.811844777 31.871850086 0.051770526 21.930518595 0.973673932 27.806472140 -2.522798470 31.355443408 -2.433267667 33.762916619 -2.088078930 33.300850462 2.336098457 31.609143760 -0.925536742 34.773759012 1.817395807
33.418861863 -2.063377928 33.396790861 2.358588693 31.679215345 -0.927041760 34.954102807 1.790571905 31.903731329 0.058557595 22.562855604 0.963637736 28.034089655 -2.513074270 31.331175294 -2.414824781 33.637290224 -2.065136068 33.278808459 2.340907443 31.567877444 -0.925177281 34.741781627 1.806045085 31.888842056 0.038440753 21.965657896 0.973416679 27.830467506 -2.523321805 31.372726189 -2.433155699 33.776769053 -2.093739191 33.317479805 2.346637507 31.626474440 -0.924406207 34.789354346 1.812274689
33.432607468 -2.068184717 33.412798061 2.370503545 31.696513960 -0.927664403 34.968873376 1.784659967 31.920729054 0.046722995 22.588249305 0.962901994 28.058551581 -2.510168882 31.348423844 -2.414246063 33.651289524 -2.071344351 33.294817937 2.351766588 31.585401597 -0.925391729 34.756618590 1.799103067 31.905934243 0.025345267 21.999523941 0.972974329 27.854388439 -2.521684506 31.389966294 -2.432904262 33.790573423 -2.099334167 33.334043497 2.356423193 31.643882286 -0.923663853 34.804959818 1.806619007
33.446388985 -2.073239032 33.428763690 2.382547317 31.713723457 -0.928118537 34.983632899 1.778862339 31.937732116 0.036235112 22.602952402 0.962603189 28.082949890 -2.505994070 31.365667850 -2.413312648 33.665244336 -2.076838337 33.310767985 2.363271414 31.602806366 -0.925231382 34.771401440 1.791776796 31.922943808 0.012962327 22.022759005 0.972008884 27.878234437 -2.517583293 31.407160205 -2.432686106 33.804416185 -2.104807340 33.350522613 2.366217415 31.661349904 -0.923773237 34.820473227 1.800159957
33.460185200 -2.078870245 33.444864252 2.394584108 31.730849468 -0.928362199 34.998455364 1.772646351 31.954585203 0.026878086 22.612316766 0.962261519 28.107236524 -2.501474773 31.382812239 -2.413221906 33.679172502 -2.082055699 33.326646057 2.375305532 31.620085420 -0.924874783 34.786102391 1.784470562 31.939877182 0.001209323 22.046422383 0.970434318 27.902072786 -2.511861342 31.424327034 -2.432893501 33.818174480 -2.110357480 33.366941871 2.376500426 31.678844087 -0.924448187 34.835982675 1.792664200
33.473995530 -2.085291730 33.460898699 2.406613702 31.747949082 -0.928922892 35.013354925 1.766230481 31.971456143 0.019159899 22.630489923 0.962011328 28.131401445 -2.496430724 31.399896404 -2.413455812 33.693088838 -2.087602129 33.342559281 2.387584644 31.637240147 -0.924406711 34.800742914 1.777249403 31.956887217 -0.008791308 22.067861241 0.969032433 27.925796500 -2.504791844 31.441489907 -2.433401430 33.832012223 -2.115738595 33.383456495 2.386599132 31.696360750 -0.925255656 34.851478289 1.784697345
33.487901314 -2.091765556 33.477189080 2.417911426 31.765033964 -0.930114073 35.028265715 1.759431393 31.988086658 0.012960190 22.660351559 0.961809526 28.155444936 -2.490683564 31.416908135 -2.413627113 33.707052581 -2.093537303 33.358422304 2.400072515 31.654272115 -0.924005400 34.815302849 1.770175397 31.973577999 -0.017183746 22.089459215 0.968345956 27.949551212 -2.496986049 31.458614690 -2.433821997 33.845773891 -2.120228098 33.399769882 2.396643781 31.713864193 -0.926384223 34.866952402 1.776741556
33.501765593 -2.097872456 33.493305448 2.428363747 31.782131588 -0.930434568 35.043267039 1.752106647 32.004526694 0.007364170 22.714157395 0.961554866 28.179495432 -2.485442669 31.433849723 -2.413348282 33.721001169 -2.099713558 33.374341452 2.412925484 31.671217991 -0.923561584 34.829865786 1.763431640 31.990248647 -0.024103251 22.119941667 0.967936832 27.973303215 -2.490499503 31.475696884 -2.434617793 33.859463762 -2.124705674 33.416050456 2.407459967 31.731351892 -0.927966405 34.882367505 1.768968306
33.515523402 -2.104397636 33.509459490 2.438981672 31.799267148 -0.929899670 35.058289609 1.744201946 32.020867870 0.002390502 22.782321517 0.960976647 28.203453925 -2.481807932 31.450750425 -2.412091388 33.734942160 -2.106137305 33.390316184 2.426081134 31.688080002 -0.923711411 34.844385563 1.756757767 32.006704314 -0.028486900 22.154417414 0.967790917 27.996852415 -2.485301643 31.492745236 -2.434950982 33.873123982 -2.129840671 33.432406927 2.418207143 31.748801136 -0.929455415 34.897724625 1.761501771
33.529298161 -2.111035964 33.525715966 2.449195001 31.816391782 -0.929794213 35.073432992 1.735911248 32.037066429 -0.001395489 22.840951724 0.960142453 28.227320721 -2.479317746 31.467638290 -2.410918051 33.748909220 -2.112317282 33.406320229 2.439487762 31.704866933 -0.924348114 34.858984874 1.750273863 32.022919487 -0.030532616 22.194088323 0.967637075 28.020360402 -2.481341249 31.509732074 -2.434630730 33.886793690 -2.135558506 33.448574809 2.428895526 31.766164201 -0.931404112 34.912973309 1.754443788
33.542965249 -2.117578502 33.541925911 2.458788105 31.833539042 -0.929417008 35.088648857 1.727921343 32.053108025 -0.003718351 22.889971862 0.959586023 28.251102545 -2.477971627 31.484466988 -2.410394140 33.762828868 -2.118658084 33.422530163 2.452332391 31.721586570 -0.925732275 34.873559252 1.743860792 32.038875257 -0.031281440 22.232142006 0.966919229 28.043800939 -2.479600673 31.526598018 -2.434887597 33.900487881 -2.141474784 33.464863304 2.439351446 31.783482109 -0.933529420 34.928165541 1.748124784
33.556545668 -2.124872930 33.558075485 2.468485850 31.850703031 -0.928799913 35.103865760 1.720297089 32.068954158 -0.004790573 22.932817025 0.959060107 28.274843613 -2.477660972 31.501246649 -2.410114534 33.776745439 -2.125657641 33.438578919 2.464704994 31.738304072 -0.927421358 34.888242942 1.737310818 32.054626712 -0.031109228 22.267468418 0.965754671 28.067125552 -2.479826572 31.543524213 -2.436256690 33.914129383 -2.148086538 33.480933943 2.449613582 31.800708223 -0.934960007 34.943168112 1.742301889
33.570086880 -2.132974919 33.574196015 2.478847638 31.867857974 -0.928469419 35.119056446 1.712635785 32.084685737 -0.004749000 22.984636466 0.958362425 28.298534294 -2.478187675 31.517999367 -2.409688007 33.790670598 -2.132980520 33.454684677 2.477164260 31.754992366 -0.928800484 34.902986299 1.730708140 32.070159472 -0.029874473 22.299595876 0.964187207 28.090373098 -2.479829845 31.560333463 -2.438057864 33.927852600 -2.155527685 33.497135902 2.459736310 31.817821905 -0.936177757 34.958126356 1.736691961
33.583604677 -2.141148147 33.590464142 2.488915818 31.884999658 -0.928802321 35.134414260 1.705807324 32.100290562 -0.003446950 23.052688407 0.957358109 28.322222275 -2.479661214 31.534712954 -2.409311574 33.804534535 -2.140725918 33.470813690 2.489264447 31.771672847 -0.930314553 34.917862791 1.723852300 32.085465224 -0.027536495 22.337026905 0.962403509 28.113537800 -2.480285102 31.577091426 -2.439292655 33.941538276 -2.163500274 33.513178807 2.469742442 31.834809533 -0.938188289 34.972937127 1.731561553
33.596978683 -2.149563006 33.606502951 2.498738538 31.902140894 -0.929289586 35.149657493 1.700249168 32.115699609 -0.001275489 23.123705474 0.956112754 28.345898000 -2.482171582 31.551371698 -2.408882943 33.818335243 -2.149335349 33.486975714 2.500591544 31.788346472 -0.931671568 34.932820122 1.717115817 32.100607065 -0.023850469 22.386096542 0.960649712 28.136659585 -2.482072391 31.593773499 -2.439814255 33.955265150 -2.172079830 33.529195954 2.480519313 31.851752504 -0.940130840 34.987624398 1.726523917
33.610400445 -2.158238541 33.622612020 2.508900065 31.919266504 -0.929210376 35.164791746 1.694935227 32.130945787 0.001276296 23.201243978 0.955171453 28.369559244 -2.485405193 31.568014449 -2.408888502 33.832291818 -2.157762342 33.502976976 2.511478160 31.805023409 -0.932521524 34.947887562 1.710421415 32.115623816 -0.019820447 22.446010449 0.958951601 28.159688347 -2.483885943 31.610418917 -2.440227229 33.969020830 -2.180539870 33.545333759 2.491197399 31.868584692 -0.940513322 35.002262058 1.721331020
33.623793229 -2.166465096 33.638688131 2.518991497 31.936360332 -0.928905077 35.179834540 1.689456891 32.146026792 0.003953813 23.284565807 0.954167287 28.393183649 -2.488662639 31.584610867 -2.409491518 33.846119500 -2.165436905 33.519079928 2.521813180 31.821682757 -0.933376015 34.962990439 1.703214215 32.130382555 -0.015415981 22.513263167 0.957006525 28.182663169 -2.485249713 31.627046878 -2.441139677 33.982713764 -2.188532384 33.561485122 2.500934211 31.885298679 -0.939453150 35.016841650 1.715535469
33.637173261 -2.174096360 33.654741661 2.529113543 31.953403083 -0.928892368 35.194787252 1.683602905 32.160942447 0.006535889 23.366302101 0.952289933 28.416718283 -2.492372502 31.601163562 -2.409645585 33.859948511 -2.173269040 33.535088978 2.531200120 31.838333256 -0.934281772 34.978170885 1.695554844 32.144981774 -0.009618474 22.583407839 0.954473136 28.205579001 -2.486611579 31.643629416 -2.441962862 33.996312034 -2.196820316 33.577493001 2.510625037 31.901928053 -0.937901295 35.031454716 1.708994633
33.650555627 -2.180778465 33.670714486 2.539611210 31.970389659 -0.929846167 35.209665092 1.677220798 32.175725811 0.008897699 23.438693128 0.949595532 28.440244859 -2.495680568 31.617664300 -2.409488775 33.873754881 -2.181493022 33.550969232 2.540645966 31.854968877 -0.935013135 34.993296028 1.687338254 32.159548141 -0.003420932 22.660635950 0.952034758 28.228472660 -2.488372826 31.660206789 -2.441866975 34.009943902 -2.205612166 33.593580152 2.520860263 31.918407163 -0.935808110 35.046119216 1.702244034
33.663869978 -2.186890708 33.686841768 2.549802735 31.987326866 -0.931404413 35.224494676 1.670769283 32.190348658 0.011312171 23.509939515 0.946329622 28.463703761 -2.496754550 31.634157920 -2.409917469 33.887596121 -2.189819159 33.566884715 2.550228219 31.871589672 -0.935793297 35.008477130 1.678685468 32.174013808 0.001660496 22.732175413 0.949864384 28.251301486 -2.489576864 31.676769204 -2.440784814 34.023505189 -2.214920307 33.609652529 2.531491326 31.934797985 -0.932976184 35.060799619 1.695025802
33.677098267 -2.193615984 33.702846498 2.559396341 32.004217931 -0.932862279 35.239185753 1.664630907 32.204843884 0.013965643 23.583466246 0.942933576 28.487119640 -2.496253725 31.650675030 -2.410669595 33.901458002 -2.197642535 33.582744704 2.559583190 31.888196713 -0.936448724 35.023631131 1.670283763 32.188356840 0.005308755 22.802236210 0.947468426 28.274064036 -2.491460912 31.693279265 -2.438658569 34.037184508 -2.224375801 33.625752695 2.542628358 31.951118859 -0.929366511 35.075603358 1.687284822
33.690275826 -2.201507712 33.718800486 2.569284833 32.021043887 -0.934036684 35.253688358 1.658109058 32.219171511 0.017450336 23.643833897 0.939647059 28.510503369 -2.495737738 31.667150142 -2.411205491 33.915212122 -2.205163206 33.598528998 2.568959172 31.904792728 -0.936926568 35.038788277 1.662838372 32.202626661 0.007361169 22.879374995 0.944984677 28.296808858 -2.494845010 31.709756699 -2.435925149 34.050809177 -2.233509181 33.641819477 2.554242645 31.967428683 -0.925428870 35.090446636 1.679280980
33.703537525 -2.209835512 33.734799287 2.579134714 32.037766383 -0.935097147 35.268146105 1.650642678 32.233487392 0.020342959 23.692047093 0.936526726 28.533814233 -2.495320554 31.683590547 -2.412243133 33.928997852 -2.212319631 33.614189831 2.578789431 31.921358296 -0.937396889 35.053696919 1.656052938 32.216818417 0.007664274 22.964311557 0.942065909 28.319569940 -2.498407485 31.726201140 -2.433467459 34.064470677 -2.242307484 33.657888829 2.566350742 31.983675152 -0.922476600 35.105378485 1.670893045
33.716878415 -2.217700871 33.750762827 2.588607463 32.054433612 -0.934851387 35.282682855 1.642966745 32.247629975 0.021668456 23.734641061 0.932985965 28.557069264 -2.494263578 31.700011647 -2.413010949 33.942674538 -2.219173871 33.629833868 2.589413507 31.937901132 -0.937517366 35.068534667 1.649425304 32.230988068 0.007393064 23.054483313 0.938500404 28.342280917 -2.501842206 31.742627662 -2.431530692 34.078067410 -2.250770228 33.673926350 2.578868224 31.999832503 -0.920546650 35.120374889 1.662041702
33.730214655 -2.224970279 33.766651510 2.597939724 32.070977600 -0.932489857 35.297167896 1.635785025 32.261678066 0.022453028 23.771243503 0.928706172 28.580251890 -2.492101425 31.716398780 -2.413094365 33.956345563 -2.226055169 33.645439631 2.600641633 31.954397292 -0.936474660 35.083243432 1.643281200 32.245145019 0.007321065 23.143498175 0.934504801 28.364941550 -2.505603720 31.759019646 -2.429770180 34.091635324 -2.259350228 33.689932603 2.591724902 32.015969576 -0.920106758 35.135450891 1.652705747
33.743505743 -2.232034149 33.782390770 2.607688561 32.087445049 -0.929597832 35.311579466 1.628850798 32.275660808 0.022036321 23.805371677 0.923943979 28.603408519 -2.489529464 31.732745731 -2.412799938 33.969951109 -2.232993318 33.660987875 2.612371479 31.970848327 -0.934362505 35.097752481 1.636979024 32.259265441 0.007117517 23.228126260 0.930433745 28.387626822 -2.508257457 31.775380729 -2.427977149 34.105213445 -2.267856587 33.705902143 2.604862789 32.032104087 -0.921159956 35.150675255 1.643525069
33.756782382 -2.239416003 33.798200709 2.618234869 32.103773312 -0.927002085 35.326039487 1.622283529 32.289603684 0.021010270 23.844193769 0.918881142 28.626500072 -2.487459477 31.749044749 -2.412042591 33.983546580 -2.240039614 33.676715108 2.623534180 31.987237331 -0.932002077 35.112193846 1.630270838 32.273364326 0.005938018 23.317124221 0.926403802 28.410212429 -2.508738563 31.791722469 -2.426689495 34.118662773 -2.276630511 33.721900266 2.618012516 32.048282456 -0.922457659 35.165913609 1.634756668
33.770045310 -2.247583000 33.813966940 2.629443903 32.119960425 -0.923871631 35.340390981 1.615760219 32.303530791 0.020334816 23.889962094 0.914528678 28.649521458 -2.486138642 31.765278689 -2.410942667 33.997062166 -2.247233061 33.692374352 2.633234218 32.003551264 -0.930017392 35.126538691 1.623486415 32.287491964 0.004098099 23.424078676 0.922215644 28.432734411 -2.508095600 31.808014016 -2.426278084 34.132279906 -2.285158215 33.737805388 2.631097093 32.064479531 -0.924209617 35.181253826 1.626659466
33.783502321 -2.255850745 33.829820136 2.640518945 32.136096340 -0.920819011 35.354688437 1.608585225 32.317430807 0.019211989 23.939341144 0.910862856 28.672453483 -2.485551027 31.781479777 -2.409567287 34.010539378 -2.254928641 33.707838511 2.642592034 32.019763725 -0.928444397 35.140785841 1.616534232 32.301615849 0.003085125 23.540500718 0.917721853 28.455221783 -2.507523662 31.824274545 -2.426083249 34.145771682 -2.292818689 33.753878783 2.643155980 32.080708441 -0.927149742 35.196493017 1.619230904
33.796935219 -2.263868700 33.845508708 2.651480668 32.152127564 -0.918840047 35.368986359 1.600744194 32.331340111 0.017714055 23.983702621 0.906655325 28.695281165 -2.485743771 31.797624651 -2.409036658 34.024075300 -2.262361979 33.723258034 2.652627845 32.035884999 -0.927418883 35.154926414 1.609225345 32.315692217 0.002895717 23.667861627 0.913276397 28.477659805 -2.506890956 31.840458732 -2.425884809 34.159259597 -2.299791615 33.769734466 2.653997547 32.097004606 -0.930546844 35.211695840 1.612094593
33.810335836 -2.272412820 33.861231536 2.663029807 32.168062374 -0.918078967 35.383411051 1.592766671 32.345244011 0.016945808 24.039243865 0.901919597 28.718011041 -2.487456592 31.813663276 -2.410144837 34.037446247 -2.269889799 33.738738132 2.662949580 32.051915971 -0.926997470 35.168950545 1.601256755 32.329749097 0.003387596 23.802644452 0.909002550 28.500017561 -2.505449522 31.856642549 -2.425384206 34.172689489 -2.305645844 33.785564418 2.664395086 32.113337160 -0.933671630 35.226785421 1.605133188
33.823805578 -2.281059606 33.876998542 2.675006473 32.183950335 -0.917845246 35.397858752 1.585405169 32.359132899 0.016644674 24.108781587 0.896920091 28.740698572 -2.489822554 31.829663031 -2.411852007 34.050929592 -2.278099225 33.754139980 2.673407662 32.067869211 -0.926398634 35.183025914 1.592977827 32.343756072 0.003699435 23.930413000 0.903936474 28.522332915 -2.503303175 31.872750882 -2.425149243 34.186001590 -2.311388282 33.801219896 2.674858498 32.129665924 -0.936741493 35.241756864 1.597963197
33.837250944 -2.289598337 33.892778528 2.687338683 32.199846486 -0.917470846 35.412305273 1.578366510 32.373017021 0.016383291 24.186363061 0.891745450 28.763321661 -2.491818389 31.845581912 -2.414013395 34.064480336 -2.286115722 33.769603749 2.684007455 32.083735484 -0.925132452 35.197000801 1.584806233 32.357711758 0.004009905 24.047582254 0.897790860 28.544564499 -2.500446357 31.888786510 -2.425897947 34.199361172 -2.317842679 33.816830629 2.685994335 32.146034662 -0.939001946 35.256551791 1.590316368
33.850613810 -2.298750797 33.908612269 2.699762118 32.215754396 -0.917226506 35.426753426 1.570695226 32.386898396 0.016221523 24.265979309 0.886258605 28.785892256 -2.493632261 31.861469514 -2.416942586 34.078005100 -2.293890278 33.785012077 2.694850086 32.099533354 -0.924246756 35.210964272 1.576707345 32.371615316 0.005393188 24.165935627 0.891068723 28.566743121 -2.497529108 31.904755062 -2.426988734 34.212714463 -2.324348464 33.832388541 2.697689328 32.162337531 -0.940315451 35.271309446 1.582727132
33.864050853 -2.307970071 33.924574075 2.711289454 32.231652049 -0.917679034 35.441371228 1.562676657 32.400743044 0.016290493 24.347650633 0.880065229 28.808399294 -2.494100941 31.877326190 -2.419726564 34.091542536 -2.301828116 33.800553406 2.705606057 32.115239974 -0.924744071 35.224907680 1.568866319 32.385455547 0.007657545 24.290369877 0.883804689 28.588782541 -2.494835191 31.920656024 -2.428706348 34.225937702 -2.331168462 33.848055889 2.709027583 32.178587999 -0.941191318 35.285861214 1.575246424
33.877511156 -2.315615921 33.940334839 2.722304877 32.247554501 -0.918732594 35.455945838 1.554410241 32.414542442 0.016020943 24.437507823 0.872841650 28.830962013 -2.493930217 31.893181249 -2.421899444 34.105154481 -2.309849610 33.816030147 2.715799022 32.130911269 -0.925310338 35.238813089 1.560932699 32.399234449 0.010380135 24.411673435 0.875732779 28.610749985 -2.492333504 31.936539244 -2.430328514 34.239148688 -2.338741394 33.863526784 2.719919800 32.194766412 -0.941612867 35.300241763 1.566986121
33.890729729 -2.322315372 33.956120105 2.733862143 32.263490902 -0.920295333 35.470629760 1.545653823 32.428330614 0.015254639 24.529059279 0.864427954 28.853462969 -2.494013484 31.909026531 -2.423287444 34.118840132 -2.317533459 33.831441956 2.725990410 32.146530414 -0.925899346 35.252776603 1.552574363 32.412956227 0.012785857 24.536842083 0.866717962 28.632654675 -2.490127522 31.952345105 -2.430768381 34.252321834 -2.346970606 33.879150214 2.729933982 32.210842098 -0.941382779 35.314634349 1.558428142
33.903947576 -2.328914650 33.972021479 2.745236763 32.279484731 -0.921922550 35.485332329 1.536825324 32.442112744 0.015565743 24.632341177 0.855424836 28.875924189 -2.493517360 31.924874012 -2.423478682 34.132541221 -2.324796871 33.846957138 2.735876091 32.162124938 -0.926896669 35.266854077 1.544231632 32.426615828 0.014487679 24.672872765 0.857131393 28.654519219 -2.488278643 31.968183856 -2.430403755 34.265633309 -2.355223695 33.894606403 2.738701609 32.226827259 -0.940269768 35.328954673 1.550411045
33.917020203 -2.335376466 33.987946517 2.755427629 32.295495203 -0.923164675 35.500091049 1.528152951 32.455830961 0.017864596 24.753486786 0.845951993 28.898334474 -2.492774064 31.940686175 -2.422816875 34.146156670 -2.332365849 33.862356648 2.745447394 32.177671320 -0.927884026 35.281030540 1.536497750 32.440202674 0.015953368 24.802532081 0.846628165 28.676328062 -2.487315300 31.983997799 -2.430099244 34.278854677 -2.363293726 33.910035017 2.747047275 32.242706653 -0.939243995 35.343119385 1.542448432
33.930074292 -2.341494954 34.003737988 2.764596295 32.311521032 -0.924557198 35.514883233 1.520109101 32.469507457 0.021616338 24.880923106 0.835570972 28.920667446 -2.491282587 31.956464907 -2.422306275 34.159818705 -2.340466326 33.877725847 2.755459721 32.193215954 -0.928863554 35.295209253 1.529255406 32.453735757 0.017350421 24.919939742 0.835203832 28.698079946 -2.487062860 31.999854248 -2.430082366 34.292067164 -2.371762938 33.925402520 2.755298394 32.258480449 -0.939018587 35.357346516 1.534505247
33.942917621 -2.347753705 34.019364075 2.773854783 32.327566274 -0.925496449 35.529562086 1.512204322 32.483144286 0.025940254 25.007922280 0.824001380 28.942975642 -2.490245796 31.972208331 -2.421869702 34.173569795 -2.347719501 33.893172381 2.765539330 32.208762583 -0.928852256 35.309411424 1.521863201 32.467185597 0.018679359 25.027260398 0.823027220 28.719743144 -2.487387309 32.015646916 -2.429227247 34.305376131 -2.379818534 33.940788186 2.763489894 32.274176579 -0.939105051 35.371548237 1.527063274
33.955743386 -2.355138441 34.035104481 2.783178831 32.343608449 -0.925447572 35.544226213 1.503820880 32.496676055 0.030577377 25.139231258 0.811793267 28.965190485 -2.490789712 31.987893140 -2.422215349 34.187100965 -2.354724541 33.908500562 2.775673309 32.224302984 -0.928158973 35.323649648 1.514021272 32.480611512 0.020417843 25.122239034 0.809663258 28.741332485 -2.488845345 32.031452774 -2.428223869 34.318533074 -2.387310276 33.956094651 2.771778463 32.289783402 -0.939088453 35.385676615 1.519599404
33.968627924 -2.363089043 34.050825142 2.791350909 32.359604648 -0.925983233 35.558901032 1.495471522 32.510235031 0.034512469 25.267159354 0.799070347 28.987331765 -2.491749236 32.003568709 -2.422726514 34.200648078 -2.362519811 33.923862489 2.786155156 32.239834868 -0.927390127 35.337976559 1.506040545 32.494010552 0.021872232 25.218243573 0.795418352 28.762900401 -2.491148252 32.047203201 -2.427895953 34.331665983 -2.395296846 33.971347051 2.780834672 32.305307932 -0.938927539 35.399799271 1.511771960
33.981462796 -2.371275284 34.066378571 2.798669167 32.375573456 -0.927679304 35.573423941 1.486874250 32.523659275 0.036929643 25.393519924 0.785298872 29.009414470 -2.492337953 32.019179237 -2.422861735 34.214226827 -2.370166156 33.939157985 2.797016361 32.255359624 -0.926614126 35.352261436 1.497660373 32.507376977 0.022922592 25.320459073 0.780459258 28.784454294 -2.492751570 32.062942811 -2.427749636 34.344875226 -2.403786124 33.986581083 2.790787640 32.320765621 -0.938434967 35.413908695 1.503756705
33.994367612 -2.379229598 34.081843926 2.806314846 32.391496003 -0.930336382 35.588025093 1.478185555 32.537015257 0.038237987 25.514671836 0.770677158 29.031408662 -2.492392829 32.034728755 -2.422314838 34.227635296 -2.378121977 33.954430221 2.808410930 32.270883015 -0.925815839 35.366639985 1.488685229 32.520730058 0.023660636 25.424724802 0.764830011 28.805932654 -2.493975166 32.078645323 -2.428240863 34.358131962 -2.412247258 34.001805426 2.801486989 32.336161446 -0.937970697 35.428018033 1.495733253
34.007213683 -2.386798438 34.097242470 2.814832231 32.407387922 -0.934063713 35.602532317 1.469920891 32.550319668 0.038340838 25.630036987 0.755424842 29.053321901 -2.491891294 32.050252193 -2.421182831 34.241043286 -2.386743575 33.969699239 2.819996935 32.286391878 -0.924691544 35.381212905 1.480354255 32.534056738 0.024123240 25.530213928 0.748656842 28.827361099 -2.494136506 32.094315020 -2.428973680 34.371413039 -2.420510769 34.017123469 2.812101375 32.351512356 -0.937511942 35.442170735 1.488139735
34.020017846 -2.394557723 34.112598616 2.824328130 32.423257191 -0.937705979 35.616944417 1.461285847 32.563599866 0.038078933 25.748364841 0.739670069 29.075157932 -2.490391865 32.065723378 -2.420316639 34.254333162 -2.395918638 33.985123578 2.830628136 32.301896515 -0.923362436 35.395709883 1.472755628 32.547358114 0.024103384 25.635490380 0.732046834 28.848728060 -2.493224507 32.109930370 -2.429656705 34.384724364 -2.428549772 34.032250273 2.822644779 32.366834958 -0.936840051 35.456336450 1.481040556
34.032812262 -2.402658211 34.128081604 2.833582967 32.439074817 -0.940807389 35.631382124 1.452333633 32.576841866 0.038577478 25.867945269 0.723440480 29.096944164 -2.488598790 32.081140361 -2.418953349 34.267724237 -2.405026098 34.000369433 2.840350386 32.317377329 -0.922883691 35.410115180 1.464629339 32.560633582 0.022365410 25.740693471 0.715084842 28.870049230 -2.493186166 32.125467206 -2.431288003 34.398114552 -2.435719815 34.047478106 2.833251114 32.382128292 -0.935534670 35.470481091 1.473711290
34.045501049 -2.411377539 34.143338801 2.842636060 32.454825208 -0.943213330 35.645745214 1.443529454 32.590061917 0.038415491 25.979854822 0.706831498 29.118685683 -2.488423359 32.096551206 -2.418454276 34.280952147 -2.413649356 34.015527585 2.850491351 32.332849366 -0.923311288 35.424592075 1.456110727 32.573935838 0.020186183 25.852682467 0.697847967 28.891318890 -2.492536257 32.140948546 -2.434383230 34.411439134 -2.441960506 34.062627011 2.843476804 32.397389894 -0.933682379 35.484734243 1.466363165
34.058324691 -2.420376234 34.158576320 2.852574870 32.470479839 -0.944755325 35.660151431 1.435673208 32.603340785 0.037696944 26.085735431 0.689909002 29.140372127 -2.489311683 32.111929676 -2.419396769 34.294070889 -2.422792849 34.030751105 2.861038954 32.348298616 -0.923878776 35.439055997 1.447940861 32.587224421 0.017788309 25.970632766 0.680402510 28.912577614 -2.490809447 32.156414538 -2.438013876 34.424669984 -2.448556364 34.077681643 2.853787858 32.412649456 -0.932227237 35.498896857 1.458772792
34.071031953 -2.429640873 34.173787085 2.863250131 32.486025321 -0.944981370 35.674432932 1.429660122 32.616593103 0.037440368 26.198716900 0.672747734 29.161984947 -2.488561333 32.127296114 -2.420513006 34.307291469 -2.432022563 34.045869582 2.871925217 32.363728646 -0.924681831 35.453453716 1.440149402 32.600528460 0.014729593 26.088021516 0.662797405 28.933784464 -2.489893103 32.171844985 -2.441376740 34.437904225 -2.456145067 34.092919492 2.863349800 32.427882831 -0.931063603 35.513139036 1.450597614
34.083718277 -2.439723635 34.188964458 2.874537010 32.501443973 -0.943768379 35.688501442 1.424482274 32.629833143 0.037711486 26.310391804 0.655402499 29.183590762 -2.487775852 32.142646249 -2.421067655 34.320425761 -2.440941497 34.061024188 2.882955832 32.379127000 -0.925587691 35.467785231 1.432771034 32.613872736 0.012425014 26.202050114 0.645070625 28.954897300 -2.489962249 32.187224977 -2.444153054 34.451151837 -2.464632901 34.107941901 2.872274090 32.443113015 -0.930333977 35.527337060 1.441935416
34.096575902 -2.449619604 34.204123474 2.886331413 32.516722411 -0.941605756 35.702458490 1.418817408 32.643076072 0.039102785 26.419909475 0.637912159 29.205159017 -2.487579958 32.157966707 -2.420379947 34.333612551 -2.449419018 34.076032734 2.894106320 32.394489477 -0.927025928 35.481947263 1.425273104 32.627131012 0.010615697 26.307931950 0.627252143 28.975913214 -2.491279117 32.202548738 -2.446257587 34.464415386 -2.474002519 34.122925318 2.881916723 32.458336272 -0.930316981 35.541556037 1.432414214
34.109353970 -2.458768196 34.219297624 2.898547016 32.531916316 -0.939149361 35.716426057 1.412996690 32.656298251 0.040691042 26.526101471 0.620315782 29.226728037 -2.486471150 32.173276408 -2.418804515 34.346694658 -2.457480149 34.091087130 2.905149779 32.409849181 -0.928442304 35.495978193 1.416904188 32.640438555 0.009088203 26.408669748 0.609362385 28.996884277 -2.493316946 32.217845240 -2.447608315 34.477686376 -2.483976477 34.138014507 2.891750339 32.473565568 -0.930020826 35.555959889 1.423279665
34.122116375 -2.467654862 34.234440908 2.911113114 32.547019174 -0.936798857 35.730273832 1.407114670 32.669490237 0.041613537 26.628475208 0.602636674 29.248278437 -2.485497651 32.188578889 -2.417388487 34.359722208 -2.465909050 34.106015167 2.915784418 32.425144099 -0.929109682 35.509960820 1.408098737 32.653681119 0.008924282 26.510470624 0.591428370 29.017812828 -2.494121472 32.233066647 -2.448459749 34.491085161 -2.493508987 34.152995202 2.901690230 32.488793958 -0.929346376 35.570257240 1.414983304
34.134963298 -2.475946320 34.249545980 2.923970328 32.562017386 -0.934565424 35.744078670 1.400748253 32.682611770 0.041601579 26.732832408 0.584903932 29.269758092 -2.484597853 32.203840494 -2.416402274 34.372813350 -2.474221277 34.120882671 2.926471828 32.440373816 -0.929480119 35.523736456 1.398929719 32.666871779 0.010286433 26.613960993 0.573469224 29.038699450 -2.494681647 32.248263058 -2.448511992 34.504292031 -2.502516953 34.167927236 2.912315338 32.504022443 -0.928802284 35.584587499 1.407157612
34.147692963 -2.483763872 34.264835219 2.936109085 32.576898051 -0.932096010 35.757875469 1.393966215 32.695690500 0.040593562 26.837326400 0.567138451 29.291238552 -2.484270091 32.219030731 -2.415364246 34.385847648 -2.481883617 34.135767747 2.936871170 32.455517610 -0.929164435 35.537431949 1.388985339 32.679983840 0.012510097 26.718423075 0.555503066 29.059569460 -2.496696738 32.263411586 -2.448076495 34.517534392 -2.511085653 34.182921242 2.923080541 32.519244695 -0.928587130 35.598800747 1.399273590
34.160362395 -2.491841741 34.279929867 2.947225767 32.591732647 -0.928978485 35.771696265 1.386973924 32.708733217 0.038763489 26.934685140 0.549354531 29.312657125 -2.484876420 32.234172569 -2.414092316 34.398858585 -2.489141223 34.150699414 2.945951285 32.470568875 -0.928153736 35.551174555 1.379234399 32.693048868 0.015640456 26.822152024 0.537541133 29.080454443 -2.499066255 32.278491690 -2.446873726 34.530646418 -2.519276350 34.197863072 2.933728927 32.534439671 -0.929375528 35.613064985 1.390934916
34.173085294 -2.499621670 34.295026376 2.957822958 32.606564301 -0.925701320 35.785493944 1.379655544 32.721784353 0.036625366 27.025279731 0.531557600 29.334025338 -2.485381264 32.249265018 -2.413220617 34.411850941 -2.495953820 34.165502002 2.953570538 32.485542759 -0.927312240 35.564776376 1.370220308 32.706077361 0.019135000 26.925564910 0.519594541 29.101291436 -2.500806413 32.293554755 -2.444278951 34.543795021 -2.527229651 34.212906453 2.943878539 32.549628730 -0.930828510 35.627385195 1.383245069
34.185641626 -2.507409447 34.310002990 2.968267711 32.621461045 -0.923022977 35.799315874 1.371617395 32.734847772 0.034932512 27.114978089 0.513761364 29.355335082 -2.485611242 32.264289065 -2.413615010 34.424710506 -2.502845097 34.180273128 2.960116139 32.500414386 -0.927256839 35.578265381 1.361806597 32.719058861 0.022054297 27.027275481 0.501671000 29.122061337 -2.502012889 32.308577035 -2.441471486 34.556858285 -2.534647517 34.227800519 2.953611540 32.564785804 -0.932538518 35.641527229 1.375837256
34.198228476 -2.515786076 34.325135440 2.977955891 32.636334417 -0.920727528 35.813177033 1.362747892 32.747835753 0.032574741 27.202333210 0.495973891 29.376582304 -2.485573402 32.279261774 -2.414603376 34.437710943 -2.509288592 34.194927402 2.966173136 32.515186292 -0.927734751 35.591548759 1.353364980 32.731979930 0.024192172 27.122294928 0.483774518 29.142761484 -2.502014713 32.323606772 -2.439077889 34.569851978 -2.541911161 34.242660107 2.963662652 32.579924013 -0.934029298 35.655740073 1.368560582
34.210878625 -2.523928780 34.340152143 2.985986810 32.651217297 -0.918428987 35.827104709 1.353072018 32.760878998 0.029134816 27.284690275 0.478200434 29.397775306 -2.484727153 32.294161972 -2.415348637 34.450515935 -2.515465661 34.209548817 2.972512450 32.529895024 -0.928314499 35.604882125 1.344756397 32.744844112 0.025705438 27.209902999 0.465903629 29.163364125 -2.500067376 32.338568837 -2.437072963 34.582850962 -2.548964191 34.257455174 2.974185930 32.595036119 -0.934660794 35.669821064 1.361478936
34.223452621 -2.531785395 34.355175168 2.992290774 32.666119591 -0.917118002 35.841073713 1.342725166 32.773922435 0.026246875 27.360161351 0.460442396 29.418894333 -2.483589350 32.309076114 -2.415952479 34.463367175 -2.522208560 34.224165472 2.978806529 32.544521644 -0.928872511 35.618216397 1.336763416 32.757666549 0.027000960 27.293677156 0.448061948 29.183923941 -2.496533966 32.353599707 -2.435436616 34.595754709 -2.556070905 34.272366583 2.984822954 32.610077100 -0.935590462 35.683833115 1.353680304
34.236058988 -2.539571750 34.370067778 2.997413706 32.681004769 -0.916525510 35.855095757 1.331821242 32.786942079 0.024012642 27.430491729 0.442701511 29.439911712 -2.482476268 32.323920246 -2.416788541 34.476170290 -2.529394619 34.238744175 2.985138735 32.559083749 -0.928569090 35.631590958 1.329993762 32.770451617 0.028454255 27.373737343 0.430251118 29.204476991 -2.493331635 32.368632989 -2.434269199 34.608654985 -2.563447371 34.287232412 2.994701871 32.625064814 -0.937017498 35.697799804 1.345250220
34.248630220 -2.547048514 34.384957412 3.001641146 32.695908226 -0.915905513 35.869250235 1.320861341 32.799928896 0.022363408 27.495397389 0.424979915 29.460901067 -2.480849359 32.338717933 -2.417418144 34.489084981 -2.536608086 34.253328332 2.991869405 32.573590415 -0.927566988 35.644826075 1.323665589 32.783195775 0.030550383 27.449675851 0.412472020 29.224901985 -2.490859004 32.383603461 -2.432959008 34.621597532 -2.570388874 34.302096947 3.002897573 32.639980133 -0.938201114 35.711757822 1.336855189
34.261063564 -2.554664934 34.399759525 3.005279521 32.710831542 -0.915889785 35.883417684 1.310313086 32.812874231 0.021561832 27.554591040 0.407276619 29.481774471 -2.478600654 32.353480698 -2.417527795 34.501869929 -2.544029017 34.267917506 2.998330713 32.588061187 -0.927023394 35.658057547 1.316346099 32.795941506 0.033250839 27.520585168 0.394724147 29.245273767 -2.488291768 32.398536034 -2.431876808 34.634467756 -2.577121152 34.316920066 3.008183218 32.654826077 -0.938578419 35.725650301 1.329093653
34.273419199 -2.563080333 34.414601654 3.007887076 32.725748210 -0.917115055 35.897486941 1.299701951 32.825761005 0.020974614 27.609151564 0.389592425 29.502600688 -2.476475382 32.368205875 -2.417859212 34.514747293 -2.551925167 34.282514942 3.003462657 32.602487767 -0.926926255 35.671355925 1.308363606 32.808669770 0.035480962 27.585723815 0.377006053 29.265607795 -2.486127659 32.413419417 -2.431353169 34.647346940 -2.584339909 34.331529304 3.010202328 32.669577796 -0.938182485 35.739318529 1.321195640
34.285838332 -2.571996335 34.429397199 3.008412992 32.740671355 -0.919595304 35.911721149 1.289399984 32.838598556 0.020517884 27.658247228 0.371926405 29.523365877 -2.475382054 32.382913029 -2.418299516 34.527608337 -2.559686009 34.297011909 3.007029990 32.616886610 -0.927202557 35.684651447 1.300004170 32.821332168 0.037206855 27.644485815 0.359315532 29.285858222 -2.485154723 32.428254214 -2.430605393 34.660244257 -2.591934467 34.346023915 3.009500888 32.684238976 -0.937712050 35.752988595 1.312844274
34.298286171 -2.580852065 34.444174416 3.007494117 32.755631008 -0.922047277 35.925859652 1.279686401 32.851368180 0.021536190 27.701199594 0.354276776 29.544070933 -2.474814736 32.397580005 -2.419231835 34.540417424 -2.567895347 34.311451649 3.008818925 32.631279910 -0.927022165 35.698108392 1.291929876 32.833979649 0.038915928 27.696383374 0.341649763 29.306022472 -2.486354985 32.443020715 -2.429820007 34.673222681 -2.598834697 34.360446362 3.007202348 32.698844815 -0.937138915 35.766505430 1.304116002
34.310821766 -2.588600427 34.458955527 3.005950400 32.770618599 -0.923065267 35.940018403 1.270023078 32.864109988 0.023048858 27.737462219 0.336641063 29.564732850 -2.474256025 32.412216209 -2.421007221 34.553240146 -2.576802068 34.325809538 3.008622199 32.645685674 -0.926256206 35.711453989 1.283891608 32.846587490 0.040172236 27.741025888 0.324005435 29.326145109 -2.489039849 32.457790044 -2.429718212 34.686017412 -2.605378217 34.374741282 3.004315025 32.713385446 -0.936132912 35.780143464 1.295416975
34.323217630 -2.595009886 34.473688547 3.003552772 32.785562866 -0.923004505 35.954252269 1.260843673 32.876736308 0.024821418 27.766661032 0.319016227 29.585356016 -2.475118365 32.426792796 -2.423659077 34.566001049 -2.586385241 34.340147175 3.007100715 32.660094085 -0.926167691 35.724913146 1.275244944 32.859190410 0.040340337 27.778100105 0.306378837 29.346248608 -2.491653594 32.472434055 -2.431255685 34.698837562 -2.612096479 34.388961907 3.000955561 32.727838238 -0.934866210 35.793682262 1.287303532
34.335538669 -2.601110099 34.488469862 3.000387872 32.800485008 -0.922391315 35.968422193 1.252230531 32.889299972 0.028308784 27.790498746 0.301398769 29.605931210 -2.477665406 32.441418526 -2.426399134 34.578827985 -2.596253597 34.354438958 3.004630733 32.674484206 -0.926487854 35.738370375 1.266092168 32.871770459 0.038675719 27.807445255 0.288765940 29.366310604 -2.493371817 32.487111199 -2.434135274 34.711583008 -2.618392454 34.403127534 2.997045293 32.742227372 -0.933797687 35.807107030 1.278819124
34.347733548 -2.607913799 34.503210439 2.996698295 32.815322230 -0.921947669 35.982607289 1.244485826 32.901860069 0.031848897 27.814371838 0.283785083 29.626488451 -2.479514057 32.456040080 -2.428424555 34.591622774 -2.605957111 34.368727962 3.001853176 32.688870734 -0.925968348 35.751883091 1.256177348 32.884346045 0.035560852 27.831172735 0.271162449 29.386281238 -2.495022986 32.501733661 -2.436345678 34.724321224 -2.624468712 34.417250735 2.992851821 32.756591377 -0.933207501 35.820621006 1.270165153
34.360009224 -2.614931669 34.517918917 2.992150800 32.830017293 -0.923335136 35.996654344 1.237559329 32.914322688 0.034440396 27.838192176 0.266172569 29.646967852 -2.480197516 32.470637840 -2.430214065 34.604438241 -2.615391003 34.382947572 2.998624960 32.703256572 -0.924760956 35.765517663 1.246223713 32.896962108 0.032232076 27.854808191 0.253563862 29.406277924 -2.496178767 32.516308426 -2.437354049 34.736948034 -2.630978565 34.431299086 2.988034496 32.770883385 -0.932762627 35.834043420 1.261651244
34.372181494 -2.621618426 34.532652302 2.988166956 32.844656897 -0.925944416 36.010606114 1.230766767 32.926725556 0.036175854 27.862007550 0.248559513 29.667374242 -2.480422566 32.485223360 -2.431523078 34.617249870 -2.624033283 34.397181804 2.994820477 32.717631328 -0.924090988 35.779194336 1.237027094 32.909573146 0.029033855 27.878425828 0.235965500 29.426194819 -2.495419886 32.530834929 -2.438180514 34.749528117 -2.638591814 34.445383617 2.982573761 32.785165040 -0.932627620 35.847481602 1.253038287
34.384250526 -2.629020372 34.547292808 2.985317065 32.859266785 -0.928110193 36.024527418 1.224168237 32.939063248 0.037541597 27.885776867 0.230945180 29.687725134 -2.480265290 32.499737335 -2.432258064 34.629993075 -2.631654427 34.411391842 2.991181017 32.731996185 -0.924088037 35.792710761 1.227866828 32.922183919 0.025598082 27.902281732 0.218363263 29.446061076 -2.493372119 32.545318483 -2.439311077 34.762197300 -2.646442316 34.459565774 2.978274648 32.799400869 -0.932932949 35.860852197 1.244242669
34.396288886 -2.637300851 34.561867525 2.983700932 32.873805393 -0.929085309 36.038341341 1.217874466 32.951390298 0.038808749 27.909492700 0.213329162 29.708075029 -2.479856136 32.514218196 -2.432505825 34.642701513 -2.638233428 34.425554108 2.987339897 32.746360146 -0.924357569 35.806352815 1.218893251 32.934816103 0.022223828 27.926201950 0.200756777 29.465834027 -2.490163596 32.559760061 -2.440827641 34.774801548 -2.653946931 34.473701364 2.975703649 32.813620745 -0.933385092 35.874181969 1.234812168
34.408349797 -2.645573175 34.576442187 2.983588873 32.888265473 -0.928798490 36.051969452 1.211249388 32.963686711 0.040298265 27.933201741 0.195711104 29.728394806 -2.479291109 32.528681177 -2.431690965 34.655366578 -2.643900611 34.439806110 2.984012652 32.760690665 -0.925464251 35.819922935 1.210996271 32.947378229 0.018597385 27.949898596 0.183148407 29.485579754 -2.486595812 32.574190990 -2.442491374 34.787367581 -2.661884157 34.487802845 2.973152255 32.827833515 -0.934375484 35.887617768 1.225291218
34.420259433 -2.653962598 34.590975762 2.985134343 32.902645640 -0.927680425 36.065477911 1.203588542 32.975996037 0.042248775 27.956946607 0.178091863 29.748665484 -2.478879942 32.543065152 -2.430119423 34.667924643 -2.649707341 34.454021585 2.982012534 32.775029884 -0.926822960 35.833453689 1.204159257 32.960057433 0.015526072 27.973637562 0.165539316 29.505244015 -2.483789992 32.588600181 -2.443289933 34.799945360 -2.670724016 34.501959326 2.970260922 32.842028493 -0.935589566 35.901004483 1.216177980
34.432225573 -2.662597461 34.605479942 2.987677901 32.916942132 -0.926198985 36.079027507 1.195737790 32.988300399 0.044192889 27.980701145 0.160475381 29.768930401 -2.478497308 32.557412867 -2.428274168 34.680473262 -2.655932587 34.468212424 2.980850364 32.789365549 -0.927630607 35.846839485 1.197784267 32.972655390 0.014923564 27.997272731 0.147933796 29.524854436 -2.481447807 32.602992127 -2.443634064 34.812549751 -2.680442441 34.516139700 2.968921653 32.856238499 -0.936722787 35.914367731 1.207169818
34.444118349 -2.671377595 34.619892868 2.989665759 32.931177887 -0.925386721 36.092434264 1.188194473 33.000583188 0.046380708 28.004345933 0.142868741 29.789182164 -2.477977071 32.571699079 -2.426218437 34.692873942 -2.662764871 34.482369311 2.980208080 32.803683774 -0.928235929 35.860174351 1.191254318 32.985196494 0.016189901 28.020888215 0.130334618 29.544423429 -2.478897698 32.617346436 -2.444712540 34.825295481 -2.690162681 34.530279872 2.968720666 32.870443551 -0.937706321 35.927655058 1.197768120
34.455998564 -2.680477901 34.634220498 2.991451308 32.945379121 -0.925558610 36.105725249 1.180274829 33.012885300 0.048597779 28.027929618 0.125277010 29.809408823 -2.477176243 32.585942037 -2.424312420 34.705284969 -2.670355775 34.496487154 2.980060175 32.817973893 -0.929163873 35.873380580 1.184097216 32.997625317 0.018612612 28.044463393 0.112746785 29.564003951 -2.476809288 32.631730556 -2.445100889 34.837954139 -2.699502492 34.544492039 2.969273294 32.884645568 -0.938215883 35.940997500 1.188027977
34.467848348 -2.689862419 34.648493073 2.992694438 32.959524503 -0.925946836 36.119074181 1.172471579 33.025169005 0.050316015 28.051512494 0.107703577 29.829578684 -2.476072066 32.600142489 -2.422833467 34.717572554 -2.678577730 34.510540363 2.981189858 32.832223049 -0.930565650 35.886622960 1.176597855 33.009956401 0.022097599 28.067993975 0.095176692 29.583541139 -2.475954674 32.646054457 -2.444444709 34.850568881 -2.709252680 34.558716124 2.970760203 32.898836008 -0.938225900 35.954427197 1.178864208
34.479661586 -2.699804509 34.662631394 2.994046093 32.973642044 -0.926311706 36.132253350 1.164598010 33.037432446 0.051031102 28.075122352 0.090147664 29.849711417 -2.475113927 32.614316125 -2.422261987 34.729852583 -2.687448282 34.524539558 2.983502936 32.846410215 -0.931833485 35.899808703 1.169661970 33.022247948 0.024385851 28.091528925 0.077627077 29.603039972 -2.476217129 32.660330069 -2.443951133 34.863309282 -2.719132565 34.572912621 2.972576564 32.912987602 -0.936932667 35.967803539 1.170647504
34.491614658 -2.709426530 34.676756509 2.996381811 32.987736205 -0.926845928 36.145422222 1.155980788 33.049668427 0.050570246 28.098696952 0.072607721 29.869797306 -2.473645063 32.628466203 -2.421976448 34.742181908 -2.695924013 34.538480424 2.985873519 32.860546425 -0.932938263 35.912819870 1.162690896 33.034425897 0.024485233 28.115026753 0.060100057 29.622489867 -2.477648609 32.674571483 -2.443523980 34.876003664 -2.728520235 34.587176461 2.974691166 32.927117960 -0.934277979 35.981173145 1.163295001
34.503430267 -2.718574788 34.690866441 2.998615540 33.001806579 -0.927660882 36.158557079 1.146769408 33.061891165 0.049820083 28.122308360 0.055088366 29.889863955 -2.471951107 32.642581630 -2.422249494 34.754409603 -2.703923996 34.552326350 2.988356064 32.874634275 -0.933705418 35.925830489 1.155166911 33.046511279 0.024598395 28.138684210 0.042597810 29.641926993 -2.479390167 32.688772922 -2.442556520 34.888720047 -2.737077255 34.601418824 2.976266474 32.941184376 -0.930970315 35.994405263 1.155955882
34.515297340 -2.727078897 34.704974464 2.999562501 33.015843404 -0.929106530 36.171865824 1.137815945 33.074143117 0.049096644 28.145952387 0.037588099 29.909850361 -2.470487865 32.656623481 -2.424209234 34.766593936 -2.712110017 34.566087835 2.991482871 32.888642201 -0.933634609 35.938776749 1.147058807 33.058551312 0.024978984 28.162236261 0.025116504 29.661327168 -2.480664397 32.702960216 -2.441614770 34.901306995 -2.745138266 34.615653601 2.976779522 32.955228966 -0.927439644 36.007588189 1.147697544
34.527032234 -2.734340067 34.719033643 2.999248908 33.029885758 -0.930529602 36.185032734 1.129053175 33.086367997 0.047135837 28.169560724 0.020104752 29.929765074 -2.468890755 32.670630609 -2.426892837 34.778720270 -2.720681610 34.579853000 2.994151957 32.902582846 -0.932901622 35.951734694 1.138513807 33.070543222 0.025523420 28.185761765 0.007659483 29.680658483 -2.481776875 32.717115822 -2.440819968 34.913899390 -2.753175962 34.629888272 2.976632634 32.969242849 -0.924953636 36.020886306 1.139364148
34.538828983 -2.740517242 34.733128568 2.998417210 33.043907832 -0.931671175 36.198349483 1.120258013 33.098606419 0.044174236 28.193120512 0.002641362 29.949617026 -2.467609183 32.684592199 -2.429943304 34.790953735 -2.728578605 34.593534583 2.995540825 32.916456091 -0.931745802 35.964726576 1.130321694 33.082521025 0.026326839 28.209462476 -0.009772479 29.699978238 -2.483426080 32.731300438 -2.439845469 34.926565972 -2.760256213 34.644025148 2.976369673 32.983195067 -0.923604526 36.034049354 1.131119699
34.550554357 -2.746256707 34.747159003 2.996246512 33.057929965 -0.932795629 36.211604000 1.111808723 33.110899356 0.042495025 28.216755413 -0.014799102 29.969394849 -2.467361363 32.698551621 -2.433142196 34.803030358 -2.735334811 34.607158082 2.995195528 32.930229435 -0.929608863 35.977663059 1.122942217 33.094464706 0.027650799 28.233128091 -0.027183191 29.719235926 -2.485235693 32.745406393 -2.438704364 34.939082968 -2.766476510 34.658054842 2.975814913 32.997106320 -0.923253523 36.047283965 1.122952564
34.562288829 -2.752298036 34.761270515 2.993778485 33.071935493 -0.933295276 36.224980338 1.104212177 33.123145395 0.042204119 28.240410424 -0.032218929 29.989092425 -2.467307648 32.712508514 -2.435191429 34.815044184 -2.741957061 34.620779595 2.993617693 32.943947426 -0.927094181 35.990536152 1.116269209 33.106434826 0.028962785 28.256794058 -0.044573962 29.738422485 -2.487290057 32.759497796 -2.437593282 34.951609908 -2.772421343 34.671924259 2.975220585 33.010983924 -0.923397024 36.060345242 1.114698906
34.574041778 -2.758730661 34.775346125 2.992321046 33.085900584 -0.933860561 36.238262585 1.097815646 33.135340018 0.042783482 28.263999509 -0.049619681 30.008760980 -2.466655438 32.726420806 -2.435735734 34.826977036 -2.749294874 34.634390774 2.992053590 32.957560643 -0.924604413 36.003272401 1.109781088 33.118368733 0.029466715 28.280485594 -0.061946989 29.757593461 -2.489184845 32.773543157 -2.436975356 34.964031905 -2.778607829 34.685693054 2.974978300 33.024849009 -0.923721464 36.073476868 1.106402851
34.585815740 -2.765626387 34.789407485 2.990858679 33.099823362 -0.935134655 36.251437392 1.091193482 33.147446827 0.044321915 28.287631193 -0.067000440 30.028374854 -2.466657264 32.740307899 -2.435450877 34.838993558 -2.757084163 34.648056500 2.990891896 32.971138975 -0.922642501 36.015935565 1.103023827 33.130302630 0.030155846 28.304096952 -0.079306427 29.776681808 -2.490753432 32.787528865 -2.436246327 34.976469413 -2.785247586 34.699305566 2.974863011 33.038696044 -0.924104173 36.086512383 1.098565513
34.597653711 -2.772402146 34.803492681 2.989991287 33.113759171 -0.936115899 36.264687658 1.084237562 33.159558284 0.045844883 28.311220769 -0.084363161 30.047928729 -2.467373693 32.754188689 -2.435079307 34.850960884 -2.764644443 34.661715838 2.990045977 32.984632864 -0.921718256 36.028522907 1.095881598 33.142246087 0.030936999 28.327684585 -0.096653806 29.795690594 -2.492594050 32.801468691 -2.436167953 34.988830317 -2.791927050 34.712765298 2.974679114 33.052504472 -0.925144510 36.099562350 1.091353097
34.609381530 -2.779217237 34.817609140 2.990315248 33.127657361 -0.935996786 36.277849040 1.076978691 33.171528031 0.047851095 28.334793847 -0.101707892 30.067455318 -2.468888245 32.768054664 -2.434062179 34.862828931 -2.772489750 34.675399293 2.989319101 32.998085491 -0.921466307 36.041150881 1.089040306 33.154157738 0.032164027 28.351248939 -0.113989362 29.814679951 -2.493939517 32.815390469 -2.437376210 35.001106185 -2.798573586 34.726104631 2.974076215 33.066301319 -0.927276552 36.112573702 1.085325174
34.621097566 -2.786432640 34.831769084 2.989935912 33.141521143 -0.934837609 36.291102862 1.069541287 33.183496930 0.050019514 28.358362727 -0.119035006 30.086955045 -2.472120805 32.781920386 -2.432151790 34.874688710 -2.780860728 34.689099516 2.988707928 33.011503822 -0.921324558 36.053595531 1.082209080 33.166063184 0.033889070 28.374760756 -0.131313428 29.833710110 -2.494695341 32.829289082 -2.439472719 35.013267306 -2.805739494 34.739354540 2.972968774 33.080079921 -0.929403675 36.125392596 1.079434147
34.632681513 -2.794021417 34.845915012 2.988806500 33.155357895 -0.933288288 36.304211231 1.061876182 33.195315534 0.050382143 28.381917937 -0.136345746 30.106458106 -2.475561972 32.795787279 -2.430318588 34.886624005 -2.788837269 34.702784794 2.987898359 33.024906612 -0.920834428 36.065992519 1.074329424 33.177959840 0.035200711 28.398230773 -0.148627400 29.852668824 -2.495338596 32.843164091 -2.441496186 35.025349882 -2.814047771 34.752506751 2.971634777 33.093839408 -0.930538296 36.138100746 1.072502240
34.644146733 -2.802435831 34.860056057 2.987663173 33.169155426 -0.932001420 36.317302830 1.053233685 33.207090470 0.049826457 28.405423770 -0.153642128 30.125978313 -2.477866589 32.809635162 -2.428812859 34.898415060 -2.796574479 34.716447771 2.986474253 33.038289933 -0.920433644 36.078406328 1.065709241 33.189797110 0.036457411 28.421632156 -0.165932366 29.871608839 -2.495152347 32.856984147 -2.442566042 35.037449772 -2.822789592 34.765630347 2.970354664 33.107547940 -0.930832922 36.150781724 1.064662326
34.655688981 -2.810811148 34.874188456 2.986427561 33.182906575 -0.930848779 36.330384152 1.043786784 33.218837703 0.049716970 28.428868240 -0.170925921 30.145416253 -2.479594183 32.823460226 -2.427753178 34.910211779 -2.804653650 34.730073598 2.983953191 33.051670698 -0.919658897 36.090801603 1.056612934 33.201610774 0.037746854 28.445051989 -0.183229522 29.890545829 -2.493944113 32.870762698 -2.442304822 35.049525331 -2.831718046 34.778768207 2.969250686 33.121188013 -0.931462921 36.163456351 1.056785259
34.667173638 -2.818320439 34.888235557 2.984938130 33.196610591 -0.929338050 36.343464271 1.033670831 33.230543898 0.049889825 28.452311978 -0.188197970 30.164791334 -2.481439664 32.837247327 -2.427087855 34.922044291 -2.812180305 34.743721594 2.981431649 33.065058492 -0.919291321 36.103157807 1.046906281 33.213367981 0.038862168 28.468398937 -0.200517002 29.909462333 -2.492593034 32.884540857 -2.441247310 35.061651738 -2.840625454 34.791971484 2.969246843 33.134782125 -0.932475337 36.175970741 1.048766352
34.678658529 -2.824856965 34.902192023 2.982634331 33.210266422 -0.927452456 36.356579937 1.023214732 33.242186773 0.050344036 28.475683171 -0.205455034 30.184134543 -2.483364549 32.850986935 -2.426061031 34.933893267 -2.818112655 34.757332474 2.980030131 33.078413067 -0.920461326 36.115629082 1.037196516 33.225119222 0.040054302 28.491696965 -0.217793910 29.928323235 -2.491359506 32.898278300 -2.441027258 35.073841407 -2.848002618 34.805201961 2.970715309 33.148329691 -0.933437853 36.188563829 1.041041187
34.690143981 -2.829565587 34.916120392 2.980896257 33.223877429 -0.925649920 36.369664531 1.012606742 33.253838688 0.050929315 28.498999868 -0.222697986 30.203421317 -2.484059069 32.864673698 -2.424262595 34.945651903 -2.822713676 34.770928585 2.979566785 33.091775489 -0.922163151 36.128152472 1.028414227 33.236822730 0.041136639 28.514932758 -0.235058139 29.947086159 -2.490863892 32.912023469 -2.441806187 35.085903581 -2.853247928 34.818512435 2.972125674 33.161831444 -0.933652856 36.200920270 1.033471401
34.701566782 -2.832426053 34.929940689 2.980283064 33.237476614 -0.924996910 36.382880597 1.002443081 33.265413520 0.051663778 28.522247287 -0.239927735 30.222669323 -2.483785631 32.878350483 -2.422496468 34.957486218 -2.825499408 34.784474050 2.980034539 33.105131003 -0.923743432 36.140582961 1.020175697 33.248497448 0.040930471 28.538100059 -0.252307184 29.965815203 -2.490678224 32.925730714 -2.442504777 35.097914780 -2.856977636 34.831850226 2.973420588 33.175289068 -0.933548347 36.213250078 1.025080994
34.712981501 -2.833355923 34.943659276 2.979547643 33.250996348 -0.925929941 36.396102191 0.993413229 33.277034854 0.051608682 28.545447293 -0.257145010 30.241889860 -2.484128124 32.891978834 -2.421069851 34.969261357 -2.826116540 34.797996230 2.980847534 33.118483602 -0.925490497 36.153085090 1.012327575 33.260149889 0.039107654 28.561236071 -0.269538409 29.984417210 -2.490078950 32.939405184 -2.442694364 35.109936882 -2.858903627 34.845278748 2.974805072 33.188677843 -0.933369011 36.225599621 1.016558647
34.724329653 -2.832117002 34.957283408 2.978567782 33.264495077 -0.927356784 36.409374586 0.986001970 33.288665451 0.050282525 28.568575639 -0.274347456 30.261076879 -2.485064607 32.905568682 -2.419802475 34.981008014 -2.825526628 34.811491252 2.981041811 33.131832685 -0.927497597 36.165517012 1.004820505 33.271807545 0.037454826 28.584330347 -0.286752183 30.002928155 -2.489690266 32.953072356 -2.443223021 35.121926487 -2.858748027 34.858762017 2.975880442 33.202005371 -0.932431566 36.237888038 1.008078007
34.735686665 -2.830042149 34.970808694 2.978282795 33.277977378 -0.928590661 36.422454701 0.979673503 33.300319221 0.048592361 28.591640314 -0.291536024 30.280240271 -2.485457639 32.919101504 -2.419646029 34.992722950 -2.823857675 34.824923551 2.981786989 33.145197517 -0.928725491 36.177976615 0.997201045 33.283466049 0.035936236 28.607378659 -0.303947944 30.021373821 -2.488336524 32.966718565 -2.444772800 35.133871614 -2.856616338 34.872255192 2.976239538 33.215330443 -0.931522830 36.250266163 1.000057807
34.746997386 -2.828371162 34.984269058 2.979101614 33.291449149 -0.929212321 36.435487066 0.973333944 33.311990875 0.047366062 28.614637714 -0.308711774 30.299362067 -2.484562400 32.932620108 -2.419830317 35.004469693 -2.821834273 34.838324018 2.983412727 33.158528122 -0.928720008 36.190431412 0.989605357 33.295111655 0.033793855 28.630430633 -0.321125446 30.039805059 -2.485941640 32.980364797 -2.446139770 35.145959581 -2.853613099 34.885776972 2.976386432 33.228566060 -0.930357476 36.262517693 0.992403858
34.758262515 -2.826762248 34.997605541 2.981455013 33.304886431 -0.929089721 36.448476734 0.967114579 33.323662848 0.046672738 28.637575002 -0.325875263 30.318442337 -2.482258784 32.946101456 -2.419605890 35.016222858 -2.820477930 34.851691327 2.984097998 33.171821579 -0.928244530 36.202798743 0.981588368 33.306750128 0.030930021 28.653430487 -0.338287219 30.058191006 -2.484278521 32.993946902 -2.445669245 35.157991304 -2.849884117 34.899312287 2.976917490 33.241784395 -0.929738689 36.274900796 0.985063610
34.769523198 -2.824762226 35.010906502 2.984932093 33.318292042 -0.929251259 36.461358605 0.960795721 33.335321428 0.046260805 28.660461059 -0.343026326 30.337445097 -2.478836332 32.959558190 -2.420202982 35.027920083 -2.819062381 34.865007970 2.983975441 33.185069695 -0.927665561 36.215215935 0.973118348 33.318459835 0.028297601 28.676370830 -0.355435029 30.076551659 -2.483842749 33.007550694 -2.444816526 35.170120456 -2.845363393 34.912842227 2.977289110 33.254933826 -0.930592996 36.287235412 0.978327148
34.780785429 -2.823462966 35.024198018 2.987611979 33.331669079 -0.929278281 36.474255179 0.954810685 33.346923056 0.045889950 28.683289974 -0.360164157 30.356430766 -2.476256528 32.972960038 -2.422187834 35.039586156 -2.816841352 34.878279160 2.984123544 33.198263344 -0.926906872 36.227650577 0.965106556 33.330154210 0.027655019 28.699235259 -0.372568358 30.094798406 -2.484090696 33.021104170 -2.445091490 35.182232582 -2.840971825 34.926342591 2.977055890 33.268063221 -0.931803646 36.299554982 0.971880735
34.792026110 -2.823162939 35.037409411 2.989656355 33.344996480 -0.929041957 36.487041400 0.949995602 33.358523145 0.045536534 28.706066628 -0.377288696 30.375292987 -2.475749762 32.986363741 -2.424929036 35.051243578 -2.814703995 34.891492273 2.984870985 33.211409487 -0.925498864 36.240010119 0.957858309 33.341809164 0.028282393 28.722099345 -0.389684789 30.113031452 -2.484314896 33.034637304 -2.445946850 35.194338465 -2.836828385 34.939795441 2.975527939 33.281188021 -0.932878155 36.311783173 0.965221866
34.803255919 -2.822919005 35.050659813 2.991585389 33.358294890 -0.928931855 36.499708708 0.946052248 33.370160687 0.046416688 28.728788055 -0.394399711 30.394044249 -2.475214471 32.999749725 -2.427190885 35.062871229 -2.812970947 34.904642953 2.985972914 33.224516614 -0.923722382 36.252295212 0.951163129 33.353436734 0.029198184 28.744875526 -0.406788620 30.131211479 -2.484398505 33.048130961 -2.447344497 35.206415780 -2.833003470 34.953230007 2.973603149 33.294304401 -0.933918857 36.324031333 0.958340787
34.814485561 -2.822347947 35.063933358 2.992719972 33.371542471 -0.928620033 36.512305232 0.942903566 33.381706025 0.048431924 28.751464167 -0.411498142 30.412794026 -2.473736751 33.013112028 -2.428623603 35.074488953 -2.811930871 34.917740994 2.986744929 33.237574086 -0.922156023 36.264608583 0.946015731 33.365012520 0.030492719 28.767591093 -0.423879403 30.149309916 -2.483903377 33.061591149 -2.449284472 35.218482546 -2.829564834 34.966579040 2.971549566 33.307425717 -0.934823918 36.336299291 0.952379940
34.825701823 -2.821287657 35.077259852 2.993042646 33.384756460 -0.928136917 36.524814869 0.941050257 33.393212349 0.049844819 28.774091415 -0.428583121 30.431447296 -2.471776095 33.026422811 -2.429927465 35.086093813 -2.811416411 34.930787461 2.986577703 33.250587179 -0.921244217 36.276788924 0.942848266 33.376511914 0.031983011 28.790244318 -0.440955715 30.167351041 -2.483805106 33.075023211 -2.451430000 35.230541232 -2.827113014 34.979912370 2.969845123 33.320533567 -0.935577833 36.348525798 0.948351458
34.836854666 -2.819871237 35.090649108 2.992823938 33.397936068 -0.928010894 36.537218636 0.940696101 33.404603094 0.051544459 28.796667660 -0.445655308 30.450032636 -2.469051402 33.039674143 -2.431839124 35.097698760 -2.811229538 34.943811339 2.985661618 33.263552397 -0.920740391 36.288874512 0.941443515 33.387953114 0.034462510 28.812825651 -0.458018187 30.185425708 -2.483585206 33.088448704 -2.452257043 35.242550072 -2.825161000 34.993148566 2.969216744 33.333637169 -0.936541431 36.360644675 0.946664460
34.847950228 -2.818839136 35.104048043 2.991328898 33.411069853 -0.928526461 36.549493626 0.941263882 33.416001441 0.053764492 28.819187756 -0.462714321 30.468631436 -2.466752525 33.052913677 -2.434009143 35.109287189 -2.810745743 34.956772344 2.984309479 33.276496468 -0.920357487 36.300828806 0.942081016 33.399350123 0.037978519 28.835340934 -0.475065885 30.203492861 -2.482298556 33.101796056 -2.451422859 35.254558481 -2.824032962 35.006332065 2.968894217 33.346724219 -0.937001942 36.372667622 0.946359431
34.859002470 -2.818453132 35.117489599 2.988018684 33.424171264 -0.929048991 36.561669328 0.941985533 33.427301588 0.055643921 28.841663187 -0.479758657 30.487158044 -2.466397728 33.066138950 -2.435808366 35.120857319 -2.809555618 34.969692289 2.983035973 33.289380802 -0.921029001 36.312666953 0.943605905 33.410687528 0.041715492 28.857795116 -0.492099255 30.221520338 -2.481040988 33.115126371 -2.450435169 35.266519817 -2.824347790 35.019461432 2.968616428 33.359778697 -0.936675424 36.384623011 0.946892608
34.870022430 -2.817943662 35.130996846 2.983904202 33.437251459 -0.929421254 36.573737106 0.942424423 33.438552113 0.057124831 28.864077963 -0.496790016 30.505628924 -2.467918551 33.079342818 -2.436860070 35.132375678 -2.808700956 34.982562313 2.982099205 33.302197059 -0.923477347 36.324387311 0.944897651 33.421963585 0.045209391 28.880180952 -0.509119470 30.239487848 -2.479773858 33.128407552 -2.449940232 35.278431204 -2.825845306 35.032526944 2.967754889 33.372806823 -0.936180349 36.396495381 0.948574316
34.881025075 -2.817319444 35.144558882 2.980261247 33.450296211 -0.930206338 36.585691155 0.942769037 33.449749982 0.057875204 28.886433035 -0.513807844 30.524090858 -2.470182349 33.092516764 -2.437436553 35.143887597 -2.808190729 34.995394420 2.981154913 33.315035486 -0.927009924 36.335998615 0.945998153 33.433125076 0.048525280 28.902494518 -0.526126544 30.257410971 -2.478876189 33.141641451 -2.448915190 35.290293155 -2.828433906 35.045541675 2.966930548 33.385786245 -0.935758032 36.408267814 0.951247877
34.892021367 -2.816147916 35.158092083 2.977330832 33.463335645 -0.931400717 36.597572636 0.943340566 33.460913433 0.058870551 28.908716605 -0.530813378 30.542519488 -2.472517963 33.105656041 -2.437598986 35.155372844 -2.808365040 35.008225571 2.980810825 33.327919123 -0.930286293 36.347502745 0.947091358 33.444289444 0.050821941 28.924753891 -0.543118718 30.275266837 -2.479233097 33.154854548 -2.447138276 35.302106453 -2.831360430 35.058429300 2.967545632 33.398727693 -0.935184861 36.419928798 0.954706141
34.903057741 -2.815297644 35.171640333 2.975892156 33.476367381 -0.932232678 36.609417374 0.944705063 33.472043324 0.058920081 28.930947601 -0.547807478 30.560956652 -2.474524050 33.118751785 -2.437088503 35.166774737 -2.808591657 35.020991096 2.980739879 33.340815983 -0.932309120 36.358881281 0.948401942 33.455383527 0.052109143 28.946938823 -0.560097717 30.293056095 -2.480010412 33.168056216 -2.445154172 35.313898808 -2.833673869 35.071311509 2.969067741 33.411639261 -0.934731985 36.431479129 0.958654350
34.914053510 -2.815536753 35.185126521 2.975977199 33.489382444 -0.932791435 36.621239306 0.947068045 33.483121368 0.057480546 28.953103068 -0.564788530 30.579345817 -2.476002552 33.131849750 -2.436288235 35.178113796 -2.807928296 35.033739433 2.979912128 33.353683284 -0.933248591 36.370133867 0.950397524 33.466406709 0.052992293 28.969053728 -0.577064108 30.310797509 -2.481292191 33.181234621 -2.443374643 35.325586254 -2.835496819 35.084100804 2.970573985 33.424518172 -0.934432530 36.442949189 0.962298908
34.925014085 -2.816300811 35.198583602 2.976044627 33.502375062 -0.932274403 36.633020758 0.949876666 33.494228776 0.056330735 28.975184356 -0.581756366 30.597734406 -2.477949552 33.144918013 -2.436151676 35.189441252 -2.807203151 35.046480241 2.978589490 33.366516118 -0.933330667 36.381294488 0.952749886 33.477378757 0.052497923 28.991107550 -0.594019250 30.328536782 -2.482212838 33.194393334 -2.442674273 35.337217165 -2.837139392 35.096804099 2.971096697 33.437368393 -0.934264971 36.454260839 0.965248876
34.935924476 -2.817895887 35.211995804 2.975933472 33.515350476 -0.930885430 36.644793611 0.952489335 33.505398265 0.056241893 28.997193517 -0.598711770 30.616124832 -2.480493976 33.157952603 -2.436264194 35.200777664 -2.806305470 35.059220205 2.977437621 33.379306651 -0.932677151 36.392385309 0.954692388 33.488335940 0.051060109 29.013104971 -0.610963311 30.346187637 -2.482121205 33.207492934 -2.442765963 35.348791213 -2.838586604 35.109463191 2.970141995 33.450191348 -0.934410088 36.465454542 0.967749844
34.946798449 -2.819519661 35.225370823 2.976198143 33.528266707 -0.929665758 36.656481323 0.954405425 33.516543280 0.056896765 29.019122294 -0.615655041 30.634497337 -2.482467849 33.170954080 -2.435904215 35.212104720 -2.806280791 35.071955742 2.977278689 33.392028936 -0.932233465 36.403427983 0.956239283 33.499261390 0.049750968 29.035158999 -0.627257215 30.363762972 -2.482161288 33.220554025 -2.442472063 35.360322044 -2.839899464 35.122063717 2.968200360 33.462995459 -0.934843577 36.476511716 0.970322598
34.957642190 -2.820522080 35.238699864 2.976368318 33.541139547 -0.928670889 36.668108556 0.955999729 33.527660280 0.057953652 29.040985916 -0.632588003 30.652815257 -2.483402356 33.183930745 -2.434329347 35.223415509 -2.807132882 35.084651783 2.978421489 33.404677583 -0.932522088 36.414418893 0.957808835 33.510287748 0.049353947 29.057030200 -0.642859865 30.381260462 -2.481960850 33.233589384 -2.442478042 35.371818666 -2.840356181 35.134642638 2.965719174 33.475770296 -0.935057356 36.487533992 0.972196480
34.968463370 -2.821067279 35.251974667 2.976384191 33.553960907 -0.927480207 36.679657677 0.957051062 33.538751467 0.058939371 29.062791075 -0.649510306 30.671077160 -2.484101284 33.196877128 -2.430986535 35.234680684 -2.808077554 35.097361163 2.979670409 33.417318686 -0.933211282 36.425393944 0.958917396 33.521271952 0.048703558 29.078767749 -0.658522081 30.398702126 -2.481165377 33.246585865 -2.442920310 35.383296237 -2.840253367 35.147187770 2.963160082 33.488512787 -0.935080107 36.498438405 0.973127830
34.979239043 -2.821511341 35.265203185 2.977125454 33.566746591 -0.926119731 36.691142215 0.957000127 33.549790707 0.058830783 29.084516477 -0.666420442 30.689308689 -2.484968066 33.209835973 -2.427456242 35.245918066 -2.809616538 35.110083313 2.979889652 33.429913462 -0.934105140 36.436321778 0.958723764 33.532236252 0.046829432 29.100454445 -0.674137217 30.416129558 -2.479817253 33.259566783 -2.442769165 35.394790441 -2.839883505 35.159776956 2.960968802 33.501224366 -0.935397341 36.509276721 0.973889401
34.989986930 -2.821381786 35.278392214 2.978255583 33.579494040 -0.925679340 36.702586328 0.957130863 33.560797332 0.057453982 29.106192974 -0.683176082 30.707516325 -2.485274563 33.222736397 -2.424490088 35.257114487 -2.811132615 35.122798321 2.979912364 33.442468159 -0.934884425 36.447218652 0.957819405 33.543175512 0.044158843 29.121977004 -0.689713622 30.433567223 -2.478611934 33.272466174 -2.441738431 35.406296940 -2.839679483 35.172369990 2.959957674 33.513904705 -0.936230847 36.520083260 0.973996470
35.000694909 -2.820957252 35.291507543 2.979175054 33.592196080 -0.926624870 36.713993287 0.957785762 33.571809840 0.056444449 29.127975836 -0.698813860 30.725715084 -2.484783048 33.235608520 -2.422371981 35.268264673 -2.812568729 35.135505570 2.980487780 33.454983443 -0.935214031 36.458071913 0.956798581 33.554205860 0.041660173 29.143389080 -0.705500862 30.450961442 -2.478027373 33.285380500 -2.440266237 35.417787386 -2.839729799 35.185034645 2.960113468 33.526570135 -0.936850716 36.530905273 0.973282086
35.011320994 -2.820972173 35.304552297 2.979922505 33.604892674 -0.928032058 36.725361635 0.958832981 33.582799470 0.056668735 29.149710995 -0.712068728 30.743838140 -2.483675591 33.248425605 -2.420984562 35.279396934 -2.813958216 35.148207101 2.980697513 33.467449411 -0.935409435 36.468910774 0.956076039 33.565248283 0.040197703 29.165317473 -0.718795965 30.468329887 -2.477339141 33.298277090 -2.439763729 35.429246471 -2.839794092 35.197701452 2.960742631 33.539201382 -0.936839119 36.541767934 0.971670786
35.021911274 -2.820609619 35.317539197 2.980685198 33.617580730 -0.929169027 36.736709125 0.959846542 33.593755343 0.057658929 29.171188542 -0.723077118 30.761894087 -2.481484066 33.261223367 -2.420437486 35.290494942 -2.815016910 35.160892175 2.979990654 33.479853788 -0.935017197 36.479724005 0.955646398 33.576288963 0.040078366 29.186754800 -0.728562984 30.485652415 -2.476792383 33.311136195 -2.439608796 35.440725623 -2.839321784 35.210358720 2.961783274 33.551798676 -0.936803322 36.552687570 0.969535165
35.032483089 -2.819652236 35.330505934 2.981457160 33.630267040 -0.930158157 36.748041061 0.960015597 33.604700779 0.058553566 29.192523423 -0.732029103 30.779939702 -2.479062163 33.273989534 -2.420723028 35.301551316 -2.814835576 35.173556817 2.979316172 33.492199295 -0.933633759 36.490495912 0.954509707 33.587285912 0.042031663 29.207942682 -0.736821624 30.502929285 -2.476879526 33.323978814 -2.439442138 35.452317292 -2.837964236 35.222991808 2.963175210 33.564347420 -0.936125486 36.563612474 0.966810229
35.043056386 -2.818882533 35.343417948 2.981011287 33.642941958 -0.930190592 36.759379928 0.959177069 33.615551819 0.058410087 29.213597028 -0.739018505 30.797913629 -2.477620847 33.286727574 -2.421551215 35.312587834 -2.813399409 35.186212015 2.979007616 33.504506050 -0.931952745 36.501271990 0.953369591 33.598230578 0.045582684 29.228996836 -0.742922304 30.520171766 -2.477138052 33.336788360 -2.440282445 35.463959169 -2.836568007 35.235605285 2.964949988 33.576859141 -0.934792781 36.574597101 0.964016029
35.053649554 -2.818708398 35.356282392 2.978756306 33.655604282 -0.929500242 36.770737317 0.958159385 33.626416840 0.057976883 29.234474579 -0.743944425 30.815840329 -2.477042699 33.299440004 -2.422862314 35.323612048 -2.811800903 35.198858969 2.978546413 33.516757317 -0.931132819 36.512011841 0.952799831 33.609224049 0.048671050 29.249760021 -0.746400487 30.537403776 -2.477044817 33.349565663 -2.442101513 35.475633635 -2.835003729 35.248191951 2.966958844 33.589343359 -0.933596801 36.585686881 0.962356419
35.064257239 -2.818724383 35.369143827 2.976208396 33.668226614 -0.928989204 36.782078963 0.957531460 33.637217055 0.057294490 29.255067535 -0.746330932 30.833747236 -2.477249356 33.312135785 -2.423871206 35.334614056 -2.810044919 35.211478618 2.977622750 33.528968456 -0.930811475 36.522727930 0.952276032 33.620098836 0.050779037 29.270258381 -0.748251158 30.554575726 -2.477254786 33.362321455 -2.444888326 35.487302619 -2.833030984 35.260746798 2.968064565 33.601751342 -0.932689700 36.596747126 0.961297045
35.074873832 -2.818500406 35.381932630 2.973872297 33.680810507 -0.928347094 36.793444635 0.955815959 33.648004446 0.055730176 29.275374009 -0.746236268 30.851615252 -2.477374704 33.324762641 -2.424669920 35.345625540 -2.809339047 35.224060636 2.976396188 33.541128972 -0.929738874 36.533417196 0.952353828 33.630932199 0.052545960 29.290478039 -0.748713747 30.571715921 -2.477525124 33.375095258 -2.447842120 35.498980163 -2.831135192 35.273257694 2.967850551 33.614112680 -0.932317550 36.607827205 0.961242274
35.085475716 -2.818847623 35.394706858 2.972584255 33.693355225 -0.927736728 36.804921951 0.953826274 33.658817689 0.054380721 29.295407581 -0.743592004 30.869451517 -2.476846051 33.337369025 -2.425677217 35.356575765 -2.810595533 35.236687639 2.975402470 33.553379222 -0.927591249 36.544079052 0.953855463 33.641689410 0.054604244 29.310503387 -0.747781575 30.588801276 -2.477293010 33.387804512 -2.450302321 35.510608089 -2.829634984 35.285710419 2.967023033 33.626422253 -0.932094327 36.618872496 0.962165186
35.096024794 -2.819916093 35.407440012 2.972609718 33.705853478 -0.926921157 36.816387356 0.952320734 33.669620802 0.053601824 29.315190061 -0.739570659 30.887217257 -2.475452856 33.349939646 -2.426842661 35.367531865 -2.812591158 35.249279994 2.974569526 33.565615174 -0.925014528 36.554752309 0.955900201 33.652429173 0.056065279 29.330281002 -0.745872323 30.605901166 -2.477428516 33.400501672 -2.451998774 35.522138553 -2.827992939 35.298117172 2.966448058 33.638717284 -0.931828213 36.629884856 0.963542678
35.106541071 -2.821634691 35.420085669 2.973456895 33.718310367 -0.925663652 36.827888289 0.950861576 33.680404568 0.053394636 29.334797703 -0.735315621 30.904948913 -2.473570546 33.362468540 -2.427911140 35.378483605 -2.814167508 35.261848756 2.973609565 33.577832292 -0.922334431 36.565407381 0.957526097 33.663098879 0.055872681 29.349838436 -0.742382875 30.622991769 -2.477315742 33.413131804 -2.453161807 35.533607183 -2.826289001 35.310490440 2.966016636 33.650978702 -0.932090863 36.640833666 0.965533177
35.117090192 -2.822820845 35.432679668 2.975273570 33.730709651 -0.924327745 36.839388752 0.949713443 33.691173041 0.053132881 29.354095768 -0.729892376 30.922625553 -2.472490824 33.374991449 -2.428375398 35.389399576 -2.814926884 35.274391175 2.973297718 33.590074047 -0.920328944 36.576108830 0.958942018 33.673745691 0.055535231 29.369132023 -0.736687573 30.640055023 -2.476969534 33.425769534 -2.453860000 35.545044866 -2.825558467 35.322848625 2.965086239 33.663213099 -0.932464188 36.651716800 0.967453685
35.127573138 -2.823085610 35.445260360 2.977379012 33.743090097 -0.923122273 36.850888451 0.949138474 33.701930910 0.052382998 29.373299052 -0.723622292 30.940256412 -2.472623645 33.387528753 -2.428323572 35.400284422 -2.814947781 35.286890874 2.973411555 33.602240172 -0.919540457 36.586850003 0.960290238 33.684365804 0.054910265 29.388292663 -0.729368398 30.657043930 -2.477454093 33.438383470 -2.453558029 35.556437253 -2.826004766 35.335167558 2.964097646 33.675446909 -0.932437651 36.662491152 0.968721201
35.138036956 -2.823890949 35.457824542 2.979462675 33.755400094 -0.922498028 36.862385106 0.949381390 33.712676554 0.051614106 29.392298016 -0.717867685 30.957887613 -2.472890746 33.400014166 -2.428529906 35.411123813 -2.815323406 35.299339022 2.973839601 33.614370401 -0.919153314 36.597604765 0.961352580 33.694974822 0.053494573 29.407291476 -0.721194928 30.673923968 -2.479598514 33.450957456 -2.452886927 35.567794971 -2.827111434 35.347462453 2.963597801 33.687694893 -0.931886065 36.673203434 0.969441800
35.148464197 -2.824404801 35.470365000 2.981432054 33.767675452 -0.922093588 36.873857955 0.950458787 33.723381662 0.051813928 29.411153844 -0.712923013 30.975496217 -2.472587210 33.412478224 -2.428946078 35.421914985 -2.816614189 35.311756743 2.974568273 33.626479598 -0.918880829 36.608352087 0.961853587 33.705590656 0.051791188 29.426146210 -0.712993144 30.690783607 -2.483302766 33.463523222 -2.451866965 35.579118753 -2.828378316 35.359728601 2.963535034 33.699907553 -0.931063852 36.683803931 0.970028386
35.158825197 -2.824440611 35.482943312 2.982606141 33.779947394 -0.921932570 36.885269680 0.952085003 33.734026517 0.053525743 29.429845356 -0.708923170 30.993061645 -2.471720725 33.424913109 -2.429619700 35.432702193 -2.817757320 35.324083809 2.974320025 33.638557281 -0.918993340 36.619079257 0.963002119 33.716186864 0.050497921 29.444878884 -0.705873976 30.707632796 -2.487179467 33.476083575 -2.450535008 35.590384252 -2.829929954 35.371971661 2.963589768 33.712087859 -0.930490211 36.694329232 0.970668785
35.169130761 -2.824995731 35.495498709 2.982059201 33.792183718 -0.921697035 36.896578890 0.954363401 33.744623709 0.056042184 29.448417638 -0.706452090 31.010595131 -2.470439970 33.437326039 -2.430511806 35.443451995 -2.818522087 35.336344400 2.973894252 33.650592283 -0.919231544 36.629809049 0.965057882 33.726767692 0.050214038 29.463361696 -0.699621358 30.724452630 -2.490553044 33.488641077 -2.449253175 35.601602939 -2.831854089 35.384159099 2.963467478 33.724234670 -0.929979557 36.704786948 0.971529989
35.179442101 -2.825112082 35.508098812 2.980873612 33.804388987 -0.921424265 36.907820198 0.957158178 33.755167121 0.059432737 29.466866005 -0.705134604 31.028078163 -2.469168731 33.449690625 -2.431647958 35.454157693 -2.819176141 35.348535146 2.973340061 33.662587103 -0.919370805 36.640522355 0.966821357 33.737395939 0.050258841 29.481783831 -0.694315783 30.741258800 -2.492358912 33.501184310 -2.448073556 35.612771963 -2.833771988 35.396339851 2.963547412 33.736338885 -0.928817159 36.715187046 0.972255208
35.189695094 -2.824531010 35.520698788 2.980228792 33.816547094 -0.922367076 36.918873174 0.960729487 33.765718578 0.062171606 29.485233347 -0.704152836 31.045519374 -2.468218886 33.462044761 -2.432978717 35.464846864 -2.818969544 35.360623028 2.972323592 33.674537258 -0.919890079 36.651190295 0.968539697 33.747958626 0.050360719 29.500045596 -0.690266565 30.757993929 -2.492718613 33.513684607 -2.447146512 35.623859993 -2.836157763 35.408499464 2.963498535 33.748402846 -0.927425472 36.725544354 0.972789806
35.199892417 -2.823276659 35.533293543 2.979403492 33.828691433 -0.923685054 36.929902851 0.964413946 33.776179875 0.064005612 29.503523268 -0.702988404 31.062882936 -2.467560001 33.474307364 -2.434337310 35.475523709 -2.817695113 35.372613316 2.971288442 33.686448752 -0.920477307 36.661851083 0.969660027 33.758514825 0.050574230 29.518244782 -0.687563022 30.774708973 -2.492539847 33.526141048 -2.446391156 35.634942477 -2.838375480 35.420643242 2.963238054 33.760457692 -0.925956820 36.735896246 0.973056532
35.210113992 -2.821539474 35.545827026 2.977618523 33.840852138 -0.924322391 36.940801780 0.966698560 33.786598068 0.066573023 29.521768787 -0.701482165 31.080272229 -2.466494396 33.486621192 -2.435621220 35.486189245 -2.816094535 35.384542294 2.969559607 33.698326499 -0.921067089 36.672457263 0.969510122 33.768983457 0.050641146 29.536338879 -0.686257868 30.791394503 -2.491778587 33.538578041 -2.445886128 35.645940263 -2.839022439 35.432769513 2.962707709 33.772464006 -0.924581781 36.746212265 0.972536024
35.220354210 -2.819959929 35.558352359 2.975399542 33.852987258 -0.925580061 36.951586676 0.967606278 33.797008956 0.070079102 29.539963436 -0.700544757 31.097647669 -2.465553482 33.498856215 -2.436619795 35.496848456 -2.814494434 35.396473272 2.968124492 33.710222448 -0.921860412 36.682997198 0.968381423 33.779429430 0.050424495 29.554390090 -0.685058109 30.808017847 -2.490820315 33.550966010 -2.446084881 35.656879720 -2.839164463 35.444895254 2.961967348 33.784417946 -0.924349131 36.756573791 0.972232507
35.230594605 -2.818248389 35.570800306 2.973283856 33.865114428 -0.928159583 36.962279597 0.967945285 33.807440908 0.072410409 29.558097616 -0.699508771 31.114955965 -2.464918378 33.511069390 -2.437191520 35.507485165 -2.812452646 35.408383029 2.966973442 33.722106551 -0.922563344 36.693494176 0.967079761 33.789842751 0.049613598 29.572392012 -0.684791204 30.824612320 -2.489564187 33.563348668 -2.447091417 35.667813397 -2.839747492 35.456991186 2.961287872 33.796341241 -0.924888281 36.766917301 0.972316569
35.240820389 -2.816392389 35.583176818 2.970875326 33.877273288 -0.930817776 36.972900611 0.968574664 33.817759442 0.072023726 29.576202796 -0.698010495 31.132258350 -2.464186217 33.523270533 -2.437439233 35.518128981 -2.809550488 35.420362495 2.964798632 33.733980126 -0.922950035 36.703949277 0.966117574 33.800217422 0.048895943 29.590356423 -0.685643653 30.841190992 -2.488289238 33.575695484 -2.447742893 35.678746330 -2.840050861 35.469106297 2.960232588 33.808241912 -0.925680253 36.777267628 0.972575458
35.251042996 -2.814297319 35.595483785 2.968302559 33.889414550 -0.933038180 36.983478091 0.969324639 33.828073468 0.070542816 29.594262610 -0.696502426 31.149492870 -2.464443766 33.535457502 -2.437508841 35.528796215 -2.806200340 35.432423618 2.962704197 33.745804570 -0.923702329 36.714342245 0.964653968 33.810557398 0.048648504 29.608272710 -0.686935054 30.857691855 -2.486691184 33.588012948 -2.447761598 35.689689700 -2.840246747 35.481200757 2.958919578 33.820127173 -0.926796358 36.787653868 0.973945439
35.261270497 -2.811888163 35.607811577 2.966193780 33.901568401 -0.934502524 36.994050249 0.969199671 33.838368293 0.069055211 29.612262523 -0.694516083 31.166699343 -2.465717427 33.547631703 -2.436619107 35.539485018 -2.803174461 35.444455780 2.961264773 33.757613233 -0.924753163 36.724734992 0.964036338 33.820872416 0.048023091 29.626215806 -0.688499268 30.874181211 -2.484417703 33.600278423 -2.448327861 35.700660757 -2.840495247 35.493300794 2.958320600 33.832004689 -0.927723928 36.798067402 0.975935202
35.271502873 -2.809823232 35.620012608 2.964138706 33.913688738 -0.935816654 37.004613805 0.968380033 33.848670365 0.066518093 29.630220159 -0.692057558 31.183865630 -2.466997283 33.559774478 -2.434968916 35.550133484 -2.801184889 35.456444143 2.960264529 33.769378371 -0.926078121 36.735069709 0.964572148 33.831178934 0.047496645 29.644099861 -0.689892652 30.890645694 -2.482290832 33.612519311 -2.448312198 35.711617830 -2.840667997 35.505403324 2.958388590 33.843866725 -0.928207608 36.808496917 0.977296079
35.281654760 -2.809078285 35.632207188 2.962441193 33.925805280 -0.936957169 37.015165346 0.967880994 33.859081162 0.064529412 29.648173416 -0.690190374 31.200995331 -2.468444865 33.571888532 -2.432613010 35.560730725 -2.800248150 35.468371885 2.960150049 33.781153309 -0.927354136 36.745402669 0.965582455 33.841468182 0.047387195 29.661970026 -0.690148830 30.907081098 -2.480070541 33.624701379 -2.446733278 35.722546246 -2.840356045 35.517542173 2.958401559 33.855703626 -0.928948770 36.818951491 0.978123278
35.291743464 -2.809453294 35.644389166 2.962318708 33.937859756 -0.936778830 37.025764099 0.967021054 33.869438193 0.063619946 29.666060846 -0.688866007 31.218097647 -2.469751120 33.584032436 -2.429772814 35.571278918 -2.800593025 35.480222601 2.961006115 33.792865953 -0.928123152 36.755717693 0.967109999 33.851731908 0.047649371 29.679814018 -0.689061127 30.923477856 -2.477526410 33.636841677 -2.444074738 35.733441083 -2.839096692 35.529712970 2.958657478 33.867505130 -0.930599077 36.829415523 0.978337807
35.301746558 -2.810585589 35.656581664 2.962968014 33.949876426 -0.935780870 37.036453935 0.966034227 33.879798625 0.062413051 29.683894860 -0.687705208 31.235152804 -2.470209818 33.596189172 -2.427259696 35.581803562 -2.802052869 35.491983416 2.961871955 33.804591938 -0.928274510 36.765966413 0.968477358 33.861979009 0.047826684 29.697597370 -0.687627712 30.939873544 -2.475291854 33.648958172 -2.441009997 35.744400280 -2.837417061 35.541875345 2.958788378 33.879335101 -0.932541826 36.839885275 0.977908444
35.311716009 -2.812293909 35.668792650 2.963953521 33.961815905 -0.934495650 37.047186057 0.964958232 33.890147714 0.062505918 29.701679653 -0.686115868 31.252141052 -2.470530823 33.608300880 -2.425690338 35.592254187 -2.803999755 35.503657700 2.963253665 33.816299450 -0.927832350 36.776144540 0.969888720 33.872199430 0.046620522 29.715359551 -0.687517916 30.956209665 -2.473942211 33.661099890 -2.438069043 35.755391018 -2.835971392 35.553990398 2.958933163 33.891158006 -0.933768402 36.850368172 0.978145125
35.321662957 -2.814286516 35.681038936 2.965832216 33.973709239 -0.932751755 37.057951406 0.963069106 33.900472616 0.063451894 29.719441713 -0.684048475 31.269042423 -2.471254714 33.620325905 -2.425731726 35.602646723 -2.806519834 35.515271087 2.965650556 33.827976872 -0.927892923 36.786289383 0.971195711 33.882457332 0.044784838 29.733094585 -0.687549956 30.972480840 -2.472809722 33.673206467 -2.435521278 35.766400137 -2.835025676 35.566041598 2.959108005 33.902969923 -0.934453797 36.860858279 0.978559819
35.331526269 -2.816738361 35.693324175 2.967952398 33.985530776 -0.930639865 37.068780373 0.961582545 33.910782849 0.064306483 29.737154662 -0.683128523 31.285913443 -2.472428976 33.632320264 -2.426754590 35.613034010 -2.809166078 35.526806045 2.968095150 33.839617327 -0.927886050 36.796397304 0.971495517 33.892724696 0.043608563 29.750766891 -0.685820070 30.988718109 -2.471775171 33.685302639 -2.434590334 35.777384588 -2.834025069 35.578034744 2.958298178 33.914758792 -0.935189196 36.871320913 0.978692964
35.341393064 -2.819048823 35.705614055 2.969813859 33.997310191 -0.928560368 37.079583412 0.960670533 33.921028923 0.065427471 29.754782312 -0.684182760 31.302769436 -2.474493918 33.644292115 -2.427627852 35.623378792 -2.811420597 35.538247308 2.971257167 33.851266494 -0.927818583 36.806492274 0.971029234 33.902974667 0.043856889 29.768435422 -0.684118822 31.004897239 -2.472360138 33.697314852 -2.435829496 35.788356879 -2.832874062 35.589969048 2.956624580 33.926519502 -0.935401211 36.881721215 0.978356160
35.351210701 -2.820569102 35.717951525 2.971509931 34.009032286 -0.926663042 37.090387713 0.959808331 33.931211664 0.067123589 29.772420695 -0.685684077 31.319667047 -2.476848709 33.656177866 -2.429344676 35.633684929 -2.813453273 35.549747289 2.974682537 33.862868311 -0.928856196 36.816573455 0.970877501 33.913204186 0.045463746 29.786040630 -0.682949730 31.021048682 -2.473443622 33.709347124 -2.438193205 35.799283878 -2.832090875 35.601831007 2.955412036 33.938249479 -0.934294053 36.892089315 0.977923518
35.360988807 -2.821853187 35.730279311 2.973210902 34.020693225 -0.924668136 37.101197344 0.959533260 33.941346536 0.069264318 29.790022425 -0.685696473 31.336435158 -2.479140707 33.668063334 -2.431721724 35.643962116 -2.814317293 35.561238309 2.977462293 33.874461181 -0.929732405 36.826650037 0.971189509 33.923414353 0.047111243 29.803585281 -0.680885136 31.037154685 -2.473985896 33.721311490 -2.441005401 35.810151122 -2.831403416 35.613595090 2.955328271 33.949964254 -0.932839468 36.902414716 0.978114897
35.370749891 -2.822675243 35.742631449 2.975740341 34.032318016 -0.922269671 37.112004712 0.959365011 33.951467952 0.071076489 29.807587797 -0.684399091 31.353172328 -2.481544153 33.679931443 -2.433032714 35.654172989 -2.813775584 35.572762662 2.979666209 33.886009077 -0.929689947 36.836683533 0.970509002 33.933565331 0.047911532 29.821123312 -0.678229491 31.053237994 -2.474698834 33.733260179 -2.444205017 35.820976100 -2.831120217 35.625277029 2.956039291 33.961630928 -0.931848738 36.912655108 0.978761155
35.380473827 -2.822695781 35.755015992 2.979020964 34.043916633 -0.919773487 37.122836993 0.958954131 33.961511717 0.071475039 29.825115239 -0.682412018 31.369851990 -2.483819076 33.691767213 -2.434102529 35.664349718 -2.813197906 35.584316986 2.981030502 33.897510805 -0.930166734 36.846718159 0.969239889 33.943671320 0.049371222 29.838612389 -0.676977180 31.069221114 -2.476091201 33.745164386 -2.448053634 35.831746103 -2.830962086 35.636824902 2.957859141 33.973269041 -0.931273183 36.922840331 0.979643121
35.390178537 -2.822091359 35.767421205 2.981973306 34.055495275 -0.917586752 37.133686594 0.959575302 33.971492809 0.070997683 29.842595562 -0.680244339 31.386496396 -2.485790203 33.703545155 -2.435723993 35.674501057 -2.812753510 35.595857970 2.981183535 33.908968318 -0.931446496 36.856719607 0.968561472 33.953753499 0.051132352 29.856061761 -0.676025816 31.085170801 -2.476897657 33.757123753 -2.451501220 35.842448206 -2.831607647 35.648367206 2.960247127 33.984845185 -0.930159496 36.932956093 0.979995510
35.399878602 -2.820924768 35.779840724 2.983492191 34.067046663 -0.917012044 37.144531386 0.960893180 33.981484903 0.071393843 29.860025544 -0.677614572 31.403106900 -2.487886461 33.715321997 -2.436611635 35.684622137 -2.812294665 35.607406523 2.980489937 33.920403230 -0.932901156 36.866687463 0.967646154 33.963718605 0.053115318 29.873475955 -0.675333232 31.101037205 -2.476694885 33.769002501 -2.453533045 35.853131499 -2.833216588 35.659807973 2.962122124 33.996408346 -0.928799831 36.943024803 0.979910282
35.409566124 -2.819647194 35.792181809 2.984480972 34.078567656 -0.917744918 37.155331763 0.962388210 33.991450270 0.072171898 29.877409577 -0.674535476 31.419788521 -2.489468787 33.727059577 -2.435733781 35.694750490 -2.812155037 35.618935661 2.978713054 33.931800887 -0.934221892 36.876622405 0.966181110 33.973669933 0.056099384 29.890843173 -0.676148267 31.116859722 -2.476466633 33.780831487 -2.454976930 35.863760233 -2.834609339 35.671184011 2.962591752 34.007932406 -0.928351518 36.953055368 0.979718851
35.419232973 -2.818504299 35.804489334 2.984695186 34.090102800 -0.918732587 37.166111707 0.964278743 34.001388802 0.072628894 29.894760628 -0.672760535 31.436460966 -2.488817597 33.738799727 -2.434320248 35.704844084 -2.812454201 35.630490468 2.975369482 33.943157481 -0.934162721 36.886514095 0.963922647 33.983562758 0.058834144 29.908171649 -0.677807631 31.132650618 -2.475738011 33.792652775 -2.456084085 35.874307697 -2.836191453 35.682438865 2.961027130 34.019401925 -0.928788271 36.963045587 0.979533240
35.428887636 -2.817616627 35.816698584 2.983120259 34.101627624 -0.920431028 37.176832345 0.966296875 34.011305122 0.072642752 29.911947443 -0.671043720 31.453135725 -2.486281204 33.750501086 -2.432957877 35.714912704 -2.812631924 35.642095357 2.971791338 33.954427149 -0.932164580 36.896406904 0.961716391 33.993383487 0.061394075 29.925473054 -0.679576275 31.148355641 -2.474628736 33.804441547 -2.456972508 35.884794006 -2.837335735 35.693655300 2.958858286 34.030864578 -0.929457643 36.973030257 0.979308911
35.438539076 -2.816850024 35.828793954 2.980200904 34.113178809 -0.922298413 37.187516584 0.967956109 34.021168443 0.071167661 29.929122140 -0.667910822 31.469829547 -2.483255223 33.762193923 -2.432048828 35.724960176 -2.811809182 35.653700872 2.968945229 33.965706818 -0.929782939 36.906271084 0.960151974 34.003189116 0.063431116 29.942795212 -0.681020013 31.164015325 -2.473722404 33.816258035 -2.457445975 35.895226845 -2.837673936 35.704881498 2.957415411 34.042298054 -0.929791760 36.983050516 0.978977065
35.448169734 -2.815297491 35.840798642 2.975920182 34.124750234 -0.923326084 37.198092497 0.968633358 34.031093940 0.069207734 29.946265344 -0.666106524 31.486467803 -2.480645940 33.773852891 -2.431806641 35.734995351 -2.810077911 35.665290909 2.966980654 33.976917933 -0.927757711 36.916122546 0.959472565 34.012940542 0.064043686 29.960056968 -0.682151087 31.179599710 -2.473483626 33.828024493 -2.457309180 35.905631132 -2.837680205 35.716045621 2.956312930 34.053698687 -0.930221139 36.993054275 0.978745366
35.457784976 -2.813118013 35.852759245 2.971533850 34.136316637 -0.923472358 37.208603192 0.968173237 34.040988087 0.068080485 29.963309299 -0.666303845 31.503070867 -2.478543768 33.785483762 -2.431011366 35.745059331 -2.808534666 35.676850249 2.965508945 33.988083275 -0.926121578 36.925978807 0.959662919 34.022664307 0.063082021 29.977302588 -0.683309477 31.195156374 -2.473837148 33.839833384 -2.456446142 35.915995335 -2.838034677 35.727212720 2.955153953 34.065072694 -0.930491585 37.003071413 0.978728854
35.467345184 -2.811867107 35.864514373 2.966769529 34.147859826 -0.924080124 37.219069247 0.967816472 34.050891046 0.067446309 29.980380010 -0.667428271 31.519652482 -2.476714233 33.797081124 -2.429352316 35.755105570 -2.807215175 35.688346040 2.963466085 33.999185441 -0.924509785 36.935785042 0.959883804 34.032408025 0.061235821 29.994533538 -0.684995487 31.210741784 -2.474351874 33.851621412 -2.454881231 35.926358116 -2.838436468 35.738411038 2.954559883 34.076404014 -0.930308526 37.013081795 0.979032729
35.476835172 -2.811004683 35.876328072 2.962186997 34.159382959 -0.925605626 37.229514884 0.968271319 34.060793240 0.067316951 29.997399469 -0.669407889 31.536143815 -2.474470356 33.808660006 -2.427779459 35.765233038 -2.806173706 35.699855523 2.960896022 34.010280975 -0.923386424 36.945594321 0.959479088 34.042099926 0.058120239 30.011723623 -0.686309845 31.226253351 -2.474957329 33.863389626 -2.452558928 35.936729265 -2.838826408 35.749638892 2.955484200 34.087691142 -0.930702043 37.023051801 0.979533231
35.486287305 -2.809753437 35.888049289 2.959604666 34.170883405 -0.927654402 37.239936379 0.968896997 34.070665610 0.067911584 30.014353290 -0.672206539 31.552556144 -2.471025205 33.820227867 -2.426701986 35.775355726 -2.805293107 35.711333838 2.959528770 34.021316892 -0.923366179 36.955424732 0.959597622 34.051967124 0.054703987 30.028857681 -0.686697376 31.241669928 -2.476966316 33.875177004 -2.450292615 35.947114234 -2.839435208 35.760955315 2.957002353 34.098961135 -0.931298042 37.032963588 0.980412904
35.495665822 -2.808816502 35.899710823 2.958703799 34.182370114 -0.929789707 37.250373239 0.969392344 34.080506492 0.068236319 30.031291162 -0.675270062 31.569019865 -2.467544288 33.831767164 -2.425970507 35.785480582 -2.803554435 35.722747544 2.959230678 34.032355322 -0.923401039 36.965284918 0.960929828 34.061881964 0.052854763 30.045941364 -0.686749540 31.257136906 -2.479975072 33.886935248 -2.449263940 35.957487817 -2.838997944 35.772277807 2.956884996 34.110192170 -0.931193932 37.042822721 0.981120108
35.504987201 -2.808673835 35.911328619 2.958436147 34.193870890 -0.931826916 37.260809618 0.969423573 34.090309970 0.067620841 30.048229806 -0.678146499 31.585402570 -2.465027932 33.843256287 -2.426317224 35.795616724 -2.801621844 35.734131186 2.960117963 34.043366159 -0.922680988 36.975145298 0.962427671 34.071810831 0.052361063 30.062971881 -0.686543146 31.272528706 -2.483211166 33.898650059 -2.448585059 35.967877924 -2.837750634 35.783696825 2.956093068 34.121388783 -0.931031731 37.052564199 0.981175464
35.514237321 -2.808862012 35.922920207 2.958537043 34.205377869 -0.933412572 37.271222742 0.969547929 34.100090247 0.067126884 30.065161694 -0.680695354 31.601730587 -2.463747755 33.854715242 -2.427475639 35.805696499 -2.799977748 35.745498283 2.962125353 34.054362454 -0.921293429 36.984969043 0.964437204 34.081684741 0.052579736 30.079965584 -0.685239033 31.287958219 -2.486264883 33.910355254 -2.448229704 35.978303752 -2.836529569 35.795107241 2.955689055 34.132548488 -0.931002281 37.062238770 0.981184340
35.523402324 -2.809183398 35.934543179 2.959023232 34.216847835 -0.933760235 37.281619870 0.970423626 34.109854136 0.067343173 30.082067303 -0.682724373 31.617929781 -2.464600907 33.866162535 -2.428792915 35.815751829 -2.799251843 35.756860415 2.963628911 34.065353927 -0.920026421 36.994770957 0.967161525 34.091619898 0.052856424 30.096910488 -0.683147706 31.303310556 -2.488473278 33.921995114 -2.447735902 35.988784480 -2.835061991 35.806499767 2.956381176 34.143672115 -0.931430853 37.071853684 0.980481579
35.532528767 -2.810467854 35.946178498 2.959816955 34.228264488 -0.932487470 37.291998002 0.971497874 34.119594872 0.067876064 30.099002575 -0.684827620 31.634121636 -2.467078388 33.877588661 -2.430697487 35.825705277 -2.799563983 35.768288279 2.964967126 34.076323165 -0.919307050 37.004552227 0.970089035 34.101494642 0.053217459 30.113807150 -0.681207413 31.318627982 -2.489829523 33.933604643 -2.446859035 35.999284270 -2.833434752 35.817902597 2.957363334 34.154782251 -0.931886541 37.081371694 0.978632013
35.541632507 -2.812485118 35.957828547 2.960759925 34.239638724 -0.929947172 37.302359425 0.972014186 34.129299910 0.068735430 30.115898583 -0.685664978 31.650260410 -2.469872229 33.889022827 -2.432573257 35.835560520 -2.800256301 35.779804896 2.966273077 34.087272610 -0.918880457 37.014285911 0.972965887 34.111307166 0.054621579 30.130627632 -0.678892959 31.333902767 -2.489298676 33.945157514 -2.445930418 36.009825077 -2.832232669 35.829264158 2.957646652 34.165854964 -0.931960741 37.090892473 0.976704374
35.550709233 -2.813509799 35.969468437 2.961293140 34.250955282 -0.927218327 37.312687773 0.972011287 34.138970764 0.070332733 30.132811035 -0.684466048 31.666401554 -2.471650837 33.900421962 -2.433311654 35.845373931 -2.801888807 35.791328186 2.967172403 34.098193743 -0.918468974 37.023933134 0.976398045 34.121080131 0.056589635 30.147428586 -0.677059635 31.349163305 -2.487381423 33.956681851 -2.444140219 36.020387620 -2.831516113 35.840605388 2.958076219 34.176899257 -0.932621487 37.100429008 0.976313021
35.559748232 -2.813690622 35.981088917 2.961326419 34.262220642 -0.924951862 37.323003736 0.972224040 34.148620048 0.072055960 30.149719390 -0.683144250 31.682459096 -2.472865802 33.911805351 -2.433655041 35.855068175 -2.804059982 35.802839818 2.968165702 34.109116693 -0.918123040 37.033570174 0.980261187 34.130756686 0.058701040 30.164138233 -0.675678564 31.364374728 -2.484262481 33.968200054 -2.442462231 36.030920345 -2.830729674 35.851909506 2.958507590 34.187925492 -0.934036270 37.109986950 0.977005804
35.568828453 -2.814174063 35.992687473 2.961103461 34.273395802 -0.922735279 37.333297321 0.972998988 34.158220134 0.072785066 30.166534193 -0.681318578 31.698464212 -2.473944181 33.923168812 -2.434784261 35.864667163 -2.805771575 35.814334670 2.968785398 34.120062324 -0.918338377 37.043166658 0.983532796 34.140428968 0.060955877 30.180808648 -0.673230022 31.379702739 -2.481111659 33.979678694 -2.441444447 36.041443454 -2.829808008 35.863175534 2.958354874 34.198945490 -0.935406881 37.119534860 0.978546232
35.577995647 -2.813842653 36.004246891 2.961401963 34.284530010 -0.920723489 37.343551592 0.973346075 34.167759991 0.071968612 30.183270295 -0.678284568 31.714428188 -2.474226106 33.934475586 -2.436850318 35.874226523 -2.806557220 35.825764843 2.969795380 34.130990139 -0.919045339 37.052710244 0.985458643 34.150014767 0.062579841 30.197442131 -0.669832653 31.394972381 -2.479068581 33.991142087 -2.441796557 36.051943139 -2.829217658 35.874436003 2.957991089 34.209952841 -0.936545940 37.129094780 0.981419890
35.587234972 -2.812831033 36.015783699 2.963101915 34.295603186 -0.919987519 37.353744967 0.972530074 34.177300874 0.070197778 30.200000801 -0.675612283 31.730386381 -2.474173999 33.945797861 -2.438857974 35.883687649 -2.806410419 35.837156965 2.971116844 34.141908567 -0.919622533 37.062148344 0.986267630 34.159532876 0.063712225 30.214031774 -0.666138815 31.410217406 -2.477939790 34.002563236 -2.443777504 36.062384401 -2.829310788 35.885642997 2.958832067 34.220941525 -0.936923828 37.138662573 0.984394118
35.596469388 -2.812089171 36.027321808 2.965491275 34.306613340 -0.920690587 37.363906798 0.970493632 34.186854184 0.068645103 30.216664078 -0.673875185 31.746325809 -2.472932554 33.957049752 -2.441173915 35.893127251 -2.805757499 35.848439867 2.972207460 34.152809594 -0.920464329 37.071548434 0.985883765 34.168976566 0.065841012 30.230598500 -0.662985821 31.425419144 -2.477600489 34.013956566 -2.446235802 36.072799634 -2.829539417 35.896818665 2.960289936 34.231913095 -0.936304151 37.148190599 0.987008568
35.605745008 -2.811846136 36.038801665 2.967204939 34.317585579 -0.922956676 37.374060507 0.967870773 34.196413388 0.067796434 30.233252566 -0.672163966 31.762248704 -2.470669489 33.968288169 -2.444289257 35.902530623 -2.804532602 35.859657514 2.973512594 34.163684656 -0.922192761 37.080942695 0.984737787 34.178442932 0.068022014 30.247108844 -0.661651140 31.440583739 -2.477505422 34.025328659 -2.448710980 36.083169276 -2.829930229 35.907960023 2.961676520 34.242861411 -0.935401102 37.157712644 0.988459566
35.614979778 -2.811796835 36.050234479 2.968530529 34.328615500 -0.925389306 37.384206912 0.965632156 34.205945301 0.067886200 30.249783329 -0.669809180 31.778142457 -2.469090399 33.979527647 -2.446530884 35.911959550 -2.803732811 35.870789472 2.975102132 34.174571219 -0.924176160 37.090278558 0.983615571 34.187828644 0.068555999 30.263554480 -0.662311400 31.455674705 -2.477198687 34.036683773 -2.450163401 36.093480216 -2.830230153 35.919087395 2.962126675 34.253784486 -0.934350488 37.167201476 0.988692962
35.624236576 -2.811484012 36.061629186 2.970047400 34.339647153 -0.926439794 37.394313585 0.964009498 34.215503853 0.068361833 30.266306113 -0.667293377 31.794025458 -2.468156247 33.990709926 -2.447299253 35.921397838 -2.804244078 35.881873013 2.975849923 34.185445558 -0.925927796 37.099592089 0.982514213 34.197165290 0.067463087 30.279918603 -0.664900545 31.470739947 -2.476110369 34.047968780 -2.450038962 36.103722242 -2.829936170 35.930196274 2.961627533 34.264680470 -0.933413913 37.176687270 0.989268525
35.633546048 -2.810919864 36.073013881 2.971068824 34.350655178 -0.926787236 37.404403392 0.963378167 34.224990665 0.068449965 30.282741377 -0.664945840 31.809913166 -2.467664629 34.001864330 -2.447148050 35.930863846 -2.805496195 35.892825888 2.974416416 34.196309313 -0.927159967 37.108883068 0.980980950 34.206519432 0.065360939 30.296301234 -0.668550223 31.485740868 -2.474739565 34.059211614 -2.448609503 36.113920275 -2.829303089 35.941243386 2.960336963 34.275554711 -0.933147565 37.186172830 0.990149730
35.642841972 -2.810913659 36.084378751 2.970765162 34.361640534 -0.927290728 37.414450713 0.964006361 34.234477323 0.068671918 30.299120988 -0.662841525 31.825780282 -2.468204716 34.013010845 -2.446132952 35.940377296 -2.806466084 35.903757409 2.972244013 34.207105428 -0.928196304 37.118218394 0.979354644 34.215897034 0.063063339 30.312761062 -0.671662259 31.500720294 -2.474330335 34.070479108 -2.447196498 36.124063273 -2.828821946 35.952267118 2.957216338 34.286410977 -0.933333540 37.195628844 0.990759155
35.652142530 -2.811871578 36.095720567 2.969448180 34.372603876 -0.926892686 37.424490672 0.965357572 34.243937777 0.069225879 30.315496493 -0.660919412 31.841649258 -2.469498037 34.024133298 -2.444438041 35.949888482 -2.806772571 35.914526154 2.969895733 34.217918146 -0.929132129 37.127548041 0.978166313 34.225287718 0.060638466 30.329155885 -0.673186885 31.515713512 -2.474877565 34.081733023 -2.446624688 36.134140045 -2.829060091 35.963361807 2.953534198 34.297246050 -0.932852711 37.205041282 0.991180380
35.661388940 -2.812296123 36.107067221 2.968192903 34.383555307 -0.926212393 37.434494365 0.967125292 34.253308304 0.070976353 30.331792272 -0.658957564 31.857467982 -2.470838092 34.035208274 -2.441769956 35.959402845 -2.806487207 35.925281449 2.967698415 34.228659125 -0.929829381 37.136889745 0.977158993 34.234731372 0.059025729 30.345605926 -0.672166068 31.530689746 -2.475481127 34.092972696 -2.446616779 36.144184669 -2.829104485 35.974387935 2.949786463 34.308064552 -0.931666688 37.214421300 0.991263627
35.670582722 -2.811400228 36.118388284 2.966830438 34.394482252 -0.925868257 37.444468962 0.968617100 34.262686046 0.073188281 30.347983622 -0.656158571 31.873253710 -2.471557103 34.046236568 -2.437442732 35.968951810 -2.805815538 35.935935369 2.966032977 34.239396642 -0.930153817 37.146258687 0.976855813 34.244144866 0.058466025 30.362003815 -0.670064278 31.545638755 -2.476004792 34.104191752 -2.447231800 36.154163934 -2.828663477 35.985443382 2.946107397 34.318880997 -0.930495866 37.223778488 0.991552651
35.679748672 -2.810484158 36.129774102 2.964966656 34.405378629 -0.924857706 37.454388671 0.970154934 34.271964247 0.074777609 30.364203878 -0.653150622 31.888971704 -2.470422937 34.057351309 -2.433288046 35.978568774 -2.804589102 35.946488236 2.964233860 34.250050219 -0.928798999 37.155610902 0.977237478 34.253565017 0.058140190 30.378216859 -0.667063461 31.560505672 -2.476524058 34.115395756 -2.447550665 36.164114569 -2.827875324 35.996452046 2.943196612 34.329666737 -0.929321545 37.233111975 0.991716234
35.688863923 -2.809911140 36.141193093 2.962971993 34.416249084 -0.923774624 37.464274157 0.972015816 34.281212698 0.075711931 30.380286719 -0.650742258 31.904738746 -2.468806505 34.068361933 -2.430398337 35.988237109 -2.802793705 35.956978064 2.962634603 34.260702249 -0.926332794 37.164944566 0.976916837 34.262957488 0.057554645 30.394445663 -0.663434933 31.575313968 -2.477211373 34.126549942 -2.447150428 36.174041888 -2.827028949 36.007472617 2.941450126 34.340416418 -0.927807903 37.242412199 0.991338417
35.697928231 -2.809609842 36.152678735 2.961354709 34.427086702 -0.923437505 37.474134486 0.973782203 34.290388797 0.075891409 30.396337102 -0.648310019 31.920429394 -2.467154452 34.079362815 -2.429032763 35.997996159 -2.801704399 35.967423974 2.962059207 34.271263497 -0.924123099 37.174306983 0.975594744 34.272333867 0.057251393 30.410582166 -0.660715296 31.590070610 -2.478984360 34.137734004 -2.446669599 36.183929836 -2.826635029 36.018429729 2.941499769 34.351155124 -0.926558309 37.251683588 0.990820508
35.706900863 -2.810356106 36.164113138 2.959659573 34.437887291 -0.924188375 37.483966936 0.976147527 34.299617681 0.075901005 30.412360901 -0.645826759 31.936199207 -2.465835702 34.090316577 -2.428818745 36.007770365 -2.801798626 35.977848336 2.961419482 34.281745375 -0.922336223 37.183659263 0.974575146 34.281656270 0.057508038 30.426692871 -0.658237389 31.604782386 -2.481681381 34.148882965 -2.446448630 36.193923225 -2.826687458 36.029334400 2.942566914 34.361846118 -0.926429063 37.260949157 0.989887584
35.715841958 -2.812002243 36.175684018 2.958344943 34.448688703 -0.924401438 37.493787709 0.979374848 34.308777625 0.075227085 30.428314344 -0.643937183 31.951873248 -2.466216369 34.101250707 -2.428949964 36.017572310 -2.802440417 35.988283314 2.960456986 34.292170090 -0.921210667 37.192984271 0.974433753 34.290905114 0.058748351 30.442751812 -0.656232861 31.619541447 -2.483388610 34.159997936 -2.446536027 36.203915374 -2.826861677 36.040192916 2.943945813 34.372526432 -0.926966831 37.270229362 0.989420050
35.724740226 -2.813746151 36.187233487 2.958878683 34.459468984 -0.923812644 37.503664289 0.982428936 34.317962159 0.075047344 30.444207885 -0.642771913 31.967497537 -2.467112322 34.112179084 -2.429407111 36.027343867 -2.803359736 35.998711636 2.959245585 34.302522865 -0.920275643 37.202260649 0.974692409 34.300096292 0.061511662 30.458825667 -0.655176947 31.634177533 -2.484247935 34.171100916 -2.447041443 36.213894161 -2.827140596 36.050979682 2.945116318 34.383182065 -0.927872875 37.279500209 0.988777322
35.733614408 -2.814618758 36.198847765 2.959934201 34.470235859 -0.923955645 37.513559372 0.983652524 34.327135471 0.075628593 30.460042461 -0.642342958 31.983062232 -2.467995499 34.123090276 -2.429738626 36.037080652 -2.804759115 36.009205875 2.957720664 34.312852073 -0.919432410 37.211547819 0.974840901 34.309263481 0.064673933 30.474925376 -0.654758473 31.648760982 -2.484880762 34.182174841 -2.447074069 36.223925055 -2.827454107 36.061723033 2.946187866 34.393821583 -0.929124091 37.288774768 0.987592832
35.742420931 -2.814562711 36.210403185 2.961228378 34.480969336 -0.924868618 37.523443730 0.983240003 34.336275767 0.076042308 30.475819384 -0.643403949 31.998643598 -2.468649502 34.133965248 -2.430467953 36.046784569 -2.805861153 36.019773900 2.956334988 34.323218847 -0.919273123 37.220779630 0.974666436 34.318357846 0.067235529 30.490953544 -0.654374199 31.663269597 -2.485070199 34.193189031 -2.445662439 36.233954508 -2.827934567 36.072388452 2.947355041 34.404449870 -0.930044808 37.298030602 0.986582737
35.751199136 -2.814179525 36.221949557 2.962908008 34.491691957 -0.925864682 37.533323833 0.981901335 34.345410178 0.076511540 30.491599469 -0.644979874 32.014093563 -2.468490527 34.144830852 -2.431396489 36.056405644 -2.806672571 36.030383928 2.954644193 34.333594341 -0.919783591 37.229983666 0.974367732 34.327355693 0.069626940 30.506923366 -0.654092105 31.677726848 -2.484410844 34.204170271 -2.444164664 36.243991617 -2.829140251 36.082995624 2.947350851 34.415050369 -0.930748596 37.307289816 0.985397031
35.759903767 -2.813774093 36.233447535 2.963870672 34.502395328 -0.926984390 37.543239304 0.980035314 34.354517854 0.076604340 30.507335815 -0.647417744 32.029493333 -2.467757953 34.155679225 -2.432324621 36.065973984 -2.807156189 36.041049714 2.953419222 34.343919164 -0.921194925 37.239157861 0.974315772 34.336275827 0.072756269 30.522892340 -0.653725559 31.692210077 -2.482805963 34.215158845 -2.443606591 36.254001328 -2.830539823 36.093563094 2.946828728 34.425648510 -0.931638390 37.316591378 0.985025643
35.768493098 -2.812976208 36.244870120 2.964467270 34.513084779 -0.928607829 37.553143491 0.978437645 34.363645049 0.076014539 30.523110808 -0.650974833 32.044929821 -2.467607961 34.166519063 -2.432938561 36.075495342 -2.806662569 36.051734444 2.952834426 34.354311112 -0.923051018 37.248287826 0.975152640 34.345190744 0.076063472 30.538811626 -0.653451208 31.706665156 -2.481137888 34.226107285 -2.444017102 36.263978575 -2.832312154 36.104098152 2.946720333 34.436209926 -0.932319719 37.325892557 0.985108746
35.777074620 -2.811922239 36.256270332 2.964830308 34.523731242 -0.931281048 37.563092094 0.976991807 34.372768601 0.075388419 30.538956669 -0.654047227 32.060279045 -2.467381989 34.177334075 -2.433243948 36.084959226 -2.805386067 36.062466389 2.952664940 34.364710122 -0.924509695 37.257385795 0.977097761 34.354022612 0.078765605 30.554682520 -0.653718398 31.721110707 -2.479463283 34.237029103 -2.444612347 36.273960916 -2.834203467 36.114602056 2.947554367 34.446729368 -0.932376101 37.335172537 0.984613858
35.785598452 -2.811473190 36.267623028 2.965121837 34.534443612 -0.934227906 37.573034310 0.975631800 34.381876388 0.075793814 30.554777432 -0.655904899 32.075582364 -2.466560002 34.188144067 -2.432962149 36.094341094 -2.803732009 36.073258276 2.953199908 34.375101716 -0.925577997 37.266416810 0.979100467 34.362843203 0.079993519 30.570519420 -0.653468692 31.735530849 -2.477540880 34.247885599 -2.444566148 36.283941290 -2.835348674 36.125122104 2.949008081 34.457260185 -0.931866686 37.344524116 0.983674743
35.794042050 -2.812009199 36.278915439 2.964800880 34.545142527 -0.936429082 37.582984316 0.974781000 34.391015959 0.076238226 30.570638401 -0.656696974 32.090828735 -2.465212373 34.198945623 -2.431281055 36.103675909 -2.802029698 36.084073035 2.953716078 34.385465713 -0.926879835 37.275411332 0.980768386 34.371606240 0.079281390 30.586258996 -0.653884164 31.749955529 -2.476196571 34.258662997 -2.444550514 36.293890735 -2.835591788 36.135615854 2.949770012 34.467769925 -0.931206067 37.353849837 0.982293096
35.802421946 -2.813771494 36.290172383 2.963485753 34.555840250 -0.937859198 37.592916839 0.973918468 34.400118425 0.075524486 30.586484449 -0.657392580 32.106057009 -2.462545565 34.209724906 -2.430120864 36.112947154 -2.800312028 36.094906685 2.953553629 34.395840360 -0.928273239 37.284377786 0.982056361 34.380378705 0.077872502 30.602033878 -0.654756232 31.764303832 -2.475477132 34.269577769 -2.445363192 36.303810889 -2.834851160 36.146121926 2.950166113 34.478231569 -0.930594697 37.363186201 0.981276868
35.810819070 -2.816177553 36.301377225 2.962342394 34.566523418 -0.938554780 37.602850119 0.973235244 34.409205361 0.075249689 30.602298394 -0.657648225 32.121333659 -2.459528137 34.220456846 -2.430217688 36.122168467 -2.799149634 36.105732150 2.953054773 34.406173833 -0.929913222 37.293254905 0.982698279 34.389169936 0.076606608 30.617676043 -0.654926506 31.778568209 -2.473931365 34.280381402 -2.446586988 36.313717298 -2.833222289 36.156630459 2.951424044 34.488689698 -0.930083751 37.372505779 0.981356308
35.819219080 -2.818322624 36.312483703 2.961746560 34.577181974 -0.938360675 37.612743496 0.973058367 34.418264358 0.076209704 30.618067407 -0.657832839 32.136567997 -2.456693079 34.231169980 -2.430802670 36.131332458 -2.799022863 36.116525768 2.952200011 34.416517931 -0.931367085 37.302059903 0.982759397 34.397997580 0.075942383 30.633421467 -0.654651142 31.792746550 -2.470983240 34.291125480 -2.448491579 36.323629005 -2.830786602 36.167215922 2.953127419 34.499085247 -0.929390588 37.381798620 0.981954531
35.827668629 -2.819721480 36.323496437 2.961394969 34.587801255 -0.936693378 37.622574587 0.972166505 34.427296186 0.077023663 30.633831554 -0.658404371 32.151713769 -2.453393059 34.241806296 -2.432342472 36.140449029 -2.799164618 36.127288392 2.951369819 34.426823071 -0.931276482 37.310840387 0.982170426 34.406837938 0.075946366 30.649052554 -0.654438575 31.806921130 -2.468106407 34.301894876 -2.450882184 36.333535373 -2.828135436 36.177803069 2.954470853 34.509417631 -0.928125172 37.391034795 0.982699432
35.836134199 -2.819824688 36.334405434 2.961017185 34.598378571 -0.934263477 37.632385846 0.971059318 34.436241272 0.077752817 30.649544712 -0.658642421 32.166924310 -2.450753062 34.252409175 -2.434515749 36.149495652 -2.799775599 36.138008929 2.951194182 34.437106453 -0.930559999 37.319617567 0.981313076 34.415688613 0.076218130 30.664641813 -0.654909761 31.821059664 -2.465361556 34.312582745 -2.453552447 36.343464302 -2.826294070 36.188398694 2.955423432 34.519725712 -0.926629724 37.400228469 0.983694354
35.844593451 -2.818809805 36.345273783 2.961024445 34.608859639 -0.931170019 37.642162993 0.970624557 34.445148502 0.079005632 30.665217750 -0.658798928 32.182136766 -2.449468916 34.262932190 -2.437250357 36.158471393 -2.801896175 36.148633165 2.951228897 34.447335059 -0.929797595 37.328437536 0.980892856 34.424539320 0.076482763 30.680175563 -0.655099371 31.835178401 -2.462801873 34.323264408 -2.457149159 36.353355365 -2.825157287 36.198985972 2.956016619 34.529997005 -0.924674136 37.409352847 0.985400516
35.853114721 -2.817269755 36.356046558 2.961038622 34.619332714 -0.927779708 37.651991911 0.971061426 34.454076059 0.080168634 30.680854220 -0.658005830 32.197290784 -2.449537000 34.273475061 -2.440302773 36.167445643 -2.804393014 36.159177751 2.950080474 34.457513270 -0.928677794 37.337270305 0.981385771 34.433470181 0.076428014 30.695697565 -0.654999861 31.849309970 -2.461077496 34.334074438 -2.460471641 36.363183946 -2.823725096 36.209549415 2.957024872 34.540298222 -0.922904706 37.418415546 0.987567252
35.861686010 -2.815222860 36.366743221 2.960822054 34.629734135 -0.925421678 37.661803111 0.972639478 34.462946196 0.080268340 30.696427792 -0.656490360 32.212406809 -2.450777684 34.284011766 -2.442836240 36.176348708 -2.806740614 36.169620400 2.947809418 34.467648548 -0.927503430 37.346144168 0.982188846 34.442314788 0.075204088 30.711170677 -0.654441892 31.863461834 -2.460845597 34.344826265 -2.463833863 36.373014434 -2.822510964 36.220098179 2.958150362 34.550548873 -0.922113021 37.427413828 0.989295941
35.870272769 -2.812276325 36.377355884 2.960087150 34.640067381 -0.924933446 37.671579973 0.974658072 34.471737217 0.079048619 30.711917407 -0.654081468 32.227473056 -2.452615540 34.294571627 -2.444248066 36.185242723 -2.809007169 36.180011027 2.946439530 34.477746152 -0.926872190 37.355038682 0.982732846 34.451183780 0.072197032 30.726616613 -0.653185137 31.877500179 -2.461626746 34.355612666 -2.466241624 36.382813788 -2.822063923 36.230626228 2.958982498 34.560762025 -0.921315731 37.436319183 0.990058057
35.878939244 -2.808913087 36.387934440 2.958067428 34.650356344 -0.925655948 37.681300517 0.976071306 34.480527420 0.077298400 30.727368458 -0.650269112 32.242514532 -2.455204915 34.305074477 -2.444659136 36.194077827 -2.811046062 36.190230198 2.945797295 34.487814266 -0.926495686 37.363941604 0.983354532 34.460162835 0.069794464 30.742026245 -0.651475766 31.891465688 -2.462685128 34.366348254 -2.466429921 36.392507155 -2.821465769 36.241141568 2.959376449 34.570971486 -0.920818313 37.445112589 0.990007511
35.887588115 -2.805810593 36.398484062 2.954855088 34.660633720 -0.926456610 37.690964758 0.976471657 34.489336550 0.076970763 30.742795647 -0.646371698 32.257553502 -2.457683399 34.315572264 -2.444302774 36.202915871 -2.812373694 36.200402612 2.945057936 34.497831429 -0.926911740 37.372814448 0.984383771 34.469098983 0.068980903 30.757411414 -0.649182585 31.905462026 -2.464308638 34.377044626 -2.466177858 36.402173993 -2.820667239 36.251624220 2.959408651 34.581143265 -0.921046353 37.453812920 0.989372295
35.896218175 -2.803666186 36.409138767 2.950982966 34.670903801 -0.927044049 37.700533725 0.975938059 34.498140946 0.077918212 30.758128271 -0.643276233 32.272563226 -2.459063923 34.326025552 -2.442495595 36.211712272 -2.813390640 36.210502256 2.944115676 34.507831400 -0.928229667 37.381672533 0.985794846 34.478031981 0.068471501 30.772773305 -0.646800107 31.919405402 -2.466281843 34.387744032 -2.466184066 36.411775898 -2.820164232 36.262100114 2.958854008 34.591328194 -0.921901016 37.462478517 0.988055872
35.904757534 -2.802692510 36.419894515 2.947456371 34.681187132 -0.927711891 37.710029688 0.975180631 34.506922775 0.078885029 30.773378123 -0.640648990 32.287487174 -2.459526007 34.336515127 -2.440505046 36.220504443 -2.814474330 36.220537036 2.942743987 34.517819214 -0.929084948 37.390524784 0.986713531 34.486944280 0.067697694 30.788109758 -0.645498289 31.933272530 -2.468816247 34.398411023 -2.465103163 36.421305045 -2.819859365 36.272561503 2.957378303 34.601507758 -0.922768708 37.471083173 0.986563386
35.913258030 -2.802740992 36.430673294 2.944753588 34.691474126 -0.929283897 37.719456739 0.974963687 34.515679341 0.079047101 30.788597347 -0.638862629 32.302389382 -2.460398260 34.346967241 -2.439932129 36.229301067 -2.814561842 36.230542687 2.941928195 34.527765702 -0.929579398 37.399321584 0.987340769 34.495866835 0.066538237 30.803360773 -0.644843272 31.947081313 -2.472419821 34.409017481 -2.462079729 36.430776243 -2.820051765 36.283021271 2.955634685 34.611665383 -0.923714718 37.479670029 0.985428735
35.921693077 -2.804100025 36.441543538 2.943149996 34.701775760 -0.930802348 37.728885379 0.975353281 34.524414671 0.078995577 30.803689631 -0.637431224 32.317270546 -2.462348057 34.357396546 -2.439697462 36.238124588 -2.814857262 36.240521139 2.942199835 34.537706847 -0.930494816 37.408077177 0.987283071 34.504754414 0.065771504 30.818583991 -0.642740310 31.960925663 -2.477114603 34.419688424 -2.459095260 36.440228871 -2.821291109 36.293462731 2.954055160 34.621818641 -0.925059182 37.488256269 0.984529543
35.930093025 -2.805405491 36.452410280 2.943431871 34.712070415 -0.931246426 37.738224458 0.976153116 34.533134260 0.079258799 30.818774950 -0.635553851 32.332138158 -2.464839856 34.367812448 -2.439036504 36.247026805 -2.815068857 36.250542618 2.943187192 34.547646944 -0.931409506 37.416787109 0.986415231 34.513602883 0.065144450 30.833841821 -0.640195465 31.974782070 -2.480979195 34.430311965 -2.456596953 36.449680098 -2.823771005 36.303856671 2.952162594 34.631947098 -0.926660612 37.496815425 0.983523916
35.938453848 -2.805032036 36.463287744 2.945678615 34.722351390 -0.931145340 37.747529171 0.976916081 34.541841799 0.078704677 30.833729223 -0.632984415 32.347057033 -2.467042676 34.378215825 -2.438601263 36.255959490 -2.814484998 36.260661340 2.945101308 34.557565290 -0.931711566 37.425446935 0.985482997 34.522444776 0.064702478 30.848997930 -0.638221687 31.988574261 -2.483407152 34.440878857 -2.453122102 36.459124004 -2.826921723 36.314275889 2.950028716 34.642078817 -0.928525157 37.505379359 0.982397055
35.946810146 -2.803787829 36.474184610 2.949241691 34.732604816 -0.931199732 37.756810981 0.977182023 34.550548965 0.078611524 30.848766493 -0.630807823 32.361901099 -2.467999572 34.388590357 -2.438601317 36.264923544 -2.813500836 36.270745946 2.947731765 34.567464283 -0.931504038 37.434058770 0.984335220 34.531255458 0.064667973 30.864207257 -0.636409143 32.002395575 -2.484580947 34.451484720 -2.449621750 36.468565685 -2.829458419 36.324654557 2.947540371 34.652212256 -0.930194279 37.513951978 0.981873791
35.955126082 -2.803246255 36.485109666 2.953162484 34.742822554 -0.931530279 37.766077237 0.977567873 34.559250433 0.079940115 30.863748901 -0.629934180 32.376708857 -2.468917690 34.398927614 -2.439162353 36.273949222 -2.812358709 36.280863911 2.950610927 34.577345279 -0.931125183 37.442641135 0.983011407 34.539986641 0.065504478 30.879336357 -0.635625815 32.016147423 -2.484413828 34.462029928 -2.446616989 36.478013448 -2.831333959 36.335049277 2.944936553 34.662338609 -0.931091497 37.522512475 0.982052874
35.963358484 -2.803896830 36.496036371 2.956937295 34.753048006 -0.931472681 37.775338620 0.977958640 34.567954956 0.081599428 30.878634215 -0.629961902 32.391513662 -2.469987806 34.409182463 -2.441247447 36.282964108 -2.811214022 36.291049803 2.952617528 34.587216260 -0.931013802 37.451174046 0.981159020 34.548704585 0.067285331 30.894456714 -0.635527206 32.029850658 -2.483739199 34.472597326 -2.445008813 36.487521738 -2.832238792 36.345415965 2.943703811 34.672438341 -0.930795483 37.531170620 0.983104024
35.971503863 -2.805572835 36.506961914 2.959942639 34.763249397 -0.931085188 37.784571756 0.978021141 34.576603283 0.083293304 30.893495821 -0.630710143 32.406289408 -2.469562317 34.419431433 -2.444773015 36.291990436 -2.809583032 36.301191659 2.953736941 34.597053273 -0.930926532 37.459717449 0.979574994 34.557345954 0.069275538 30.909514549 -0.635702723 32.043560200 -2.482770145 34.483097454 -2.445276092 36.496984560 -2.832367996 36.355720929 2.943645263 34.682494639 -0.929935064 37.539844654 0.985552862
35.979573121 -2.807072952 36.517828305 2.961772711 34.773427900 -0.930910759 37.793759317 0.978341509 34.585245428 0.085238297 30.908327560 -0.631179907 32.421018047 -2.467788311 34.429718049 -2.447686055 36.301025244 -2.808931312 36.311316256 2.954587424 34.606878662 -0.930752684 37.468198207 0.979793730 34.565878283 0.072022615 30.924533179 -0.636158917 32.057237470 -2.480638178 34.493584932 -2.446501962 36.506441523 -2.832689010 36.365986947 2.943867905 34.692513358 -0.928968682 37.548580396 0.988661952
35.987491597 -2.808055411 36.528668696 2.963135871 34.783581484 -0.930346086 37.802919292 0.979455429 34.593872328 0.087060263 30.923178728 -0.631059548 32.435704627 -2.465324512 34.439895990 -2.450369166 36.310029951 -2.809452163 36.321391494 2.954755071 34.616674065 -0.930833642 37.476633304 0.981099411 34.574408817 0.075053155 30.939525039 -0.637000370 32.070899155 -2.477140474 34.504055868 -2.447489643 36.515883964 -2.832611408 36.376218304 2.944692476 34.702489562 -0.928004070 37.557324567 0.992198573
35.995335094 -2.809111723 36.539513437 2.964078751 34.793716051 -0.929291329 37.812057264 0.980975330 34.602452823 0.088296299 30.938016146 -0.630358380 32.450416000 -2.463105089 34.450037751 -2.454222191 36.319020950 -2.810273933 36.331471681 2.953584021 34.626442702 -0.931077821 37.485042176 0.982263363 34.582812838 0.077887090 30.954463569 -0.638461390 32.084538321 -2.473408371 34.514489723 -2.448173774 36.525311897 -2.832160565 36.386424300 2.945659655 34.712409308 -0.927868305 37.566085207 0.995809864
36.003159650 -2.809940184 36.550374917 2.964576140 34.803808113 -0.927691817 37.821163946 0.982445784 34.611004155 0.088486369 30.952845084 -0.629666240 32.465101910 -2.461888968 34.460222433 -2.457789560 36.327950962 -2.811394636 36.341506570 2.951079334 34.636181205 -0.931208341 37.493384692 0.983151099 34.591206007 0.080216993 30.969414355 -0.640117234 32.098142647 -2.470123584 34.524929948 -2.448406174 36.534712387 -2.831410664 36.396593456 2.946054474 34.722300472 -0.928864306 37.574883800 0.998482247
36.011070538 -2.810028030 36.561380787 2.964891344 34.813871915 -0.924971379 37.830199712 0.984856768 34.619539038 0.087578164 30.967635676 -0.629502181 32.479747275 -2.460858379 34.470368349 -2.460101271 36.336817053 -2.812212761 36.351533417 2.949303893 34.645871223 -0.931413872 37.501683224 0.984279225 34.599523274 0.081023996 30.984330612 -0.641345250 32.111684570 -2.467252652 34.535339409 -2.447618990 36.544114090 -2.830268773 36.406742222 2.946256220 34.732171488 -0.929889979 37.583657717 1.000411977
36.019023406 -2.809792349 36.572323816 2.964022693 34.823954634 -0.923061976 37.839265205 0.987739936 34.628064077 0.086128935 30.982415608 -0.629261850 32.494319881 -2.459041754 34.480457863 -2.461281226 36.345629201 -2.812873215 36.361443239 2.948426184 34.655542443 -0.931119996 37.509992516 0.985140773 34.607776860 0.080750050 30.999223686 -0.641626441 32.125222143 -2.464939340 34.545724393 -2.446846253 36.553469793 -2.829105202 36.416871929 2.946231049 34.742034919 -0.930307331 37.592390557 1.002247902
36.027051737 -2.809309569 36.583200965 2.961072813 34.833947425 -0.922050603 37.848382534 0.989146325 34.636587707 0.084447972 30.997171299 -0.628437959 32.508897046 -2.457800544 34.490554238 -2.460694159 36.354401098 -2.813198736 36.371372888 2.948208592 34.665235561 -0.929859856 37.518266912 0.985669937 34.616049179 0.079701275 31.014057685 -0.641481466 32.138687078 -2.462851688 34.556059726 -2.445888950 36.562794843 -2.828048262 36.426979193 2.946391144 34.751863847 -0.930189405 37.601088702 1.003720455
36.035079398 -2.808580920 36.594156928 2.958448924 34.843933363 -0.920956999 37.857436668 0.990250794 34.645112042 0.082820278 31.011907913 -0.627868603 32.523396373 -2.457675749 34.500652959 -2.457959275 36.363111142 -2.812267330 36.381150888 2.948926521 34.674859471 -0.927896229 37.526520798 0.986591497 34.624318275 0.078704068 31.028847469 -0.641701370 32.152178076 -2.461552911 34.566388940 -2.445064355 36.572101240 -2.827483794 36.437058486 2.946905632 34.761676581 -0.930238286 37.609761129 1.003763149
36.043136500 -2.808150033 36.604982893 2.956819165 34.853894124 -0.920366956 37.866515075 0.992780456 34.653667937 0.081715340 31.026572406 -0.628081508 32.537893234 -2.457993625 34.510716275 -2.454031180 36.371820325 -2.810373299 36.390920911 2.949690510 34.684505768 -0.925653298 37.534753689 0.987528476 34.632612862 0.078100223 31.043602794 -0.641552889 32.165596995 -2.462466664 34.576661837 -2.445463886 36.581409225 -2.827143761 36.447099919 2.946920636 34.771458343 -0.931062825 37.618353866 1.001835876
36.051143634 -2.808100431 36.615777575 2.954895520 34.863830819 -0.920479963 37.875608001 0.995342033 34.662239241 0.081231711 31.041244604 -0.628840532 32.552394144 -2.459348595 34.520842993 -2.450523718 36.380521410 -2.808077353 36.400647724 2.951170647 34.694140287 -0.924026110 37.542959127 0.988432840 34.640878868 0.076203350 31.058327240 -0.640848201 32.179016927 -2.463856120 34.586927040 -2.446525291 36.590706240 -2.826874232 36.457115870 2.946034727 34.781217313 -0.932220568 37.626966203 0.999291226
36.059105809 -2.807963826 36.626519170 2.953055933 34.873754056 -0.920762332 37.884665000 0.997064599 34.670761804 0.081464676 31.055909492 -0.629825883 32.566887702 -2.460947431 34.530934496 -2.447486099 36.389226575 -2.805814192 36.410334171 2.953484684 34.703725304 -0.923024793 37.551133088 0.989029054 34.649254568 0.073894807 31.073015419 -0.640620170 32.192469593 -2.464137680 34.597152472 -2.447018068 36.599974466 -2.826086249 36.467066746 2.944767940 34.790962048 -0.933286353 37.635550482 0.997149068
36.067015781 -2.806897088 36.637199904 2.952195164 34.883667791 -0.920762571 37.893703353 0.998560914 34.679238680 0.081909937 31.070576576 -0.631559517 32.581292018 -2.462310888 34.541005170 -2.444814411 36.397881368 -2.803583881 36.420015630 2.955234144 34.713274163 -0.922792773 37.559251168 0.988570071 34.657613050 0.072807464 31.087627057 -0.639624601 32.205827777 -2.463900380 34.607321403 -2.447357326 36.609262758 -2.824667782 36.476946680 2.942711938 34.800704364 -0.934101671 37.644087619 0.995070528
36.074880497 -2.805562707 36.647832408 2.952118326 34.893565951 -0.921046195 37.902802038 0.998991072 34.687720750 0.081479656 31.085252136 -0.633099719 32.595723127 -2.463951315 34.551050982 -2.443315516 36.406527360 -2.801655889 36.429649931 2.956210273 34.722780309 -0.923718241 37.567367038 0.988321553 34.665930220 0.072975747 31.102296073 -0.637574435 32.219110671 -2.464028808 34.617467609 -2.447810125 36.618554038 -2.823783619 36.486838384 2.940315389 34.810411515 -0.935211421 37.652598230 0.993224812
36.082716975 -2.804159451 36.658434139 2.951841597 34.903444185 -0.922112748 37.911939988 0.997458265 34.696151890 0.081267231 31.099895320 -0.634327469 32.610191283 -2.465357227 34.561030793 -2.442546150 36.415141596 -2.800347677 36.439277643 2.957164185 34.732285769 -0.925183867 37.575477247 0.988751886 34.674223051 0.072872284 31.116866581 -0.635358397 32.232303341 -2.464504701 34.627581783 -2.449076728 36.627846985 -2.824142513 36.496649421 2.938074419 34.820126089 -0.936694019 37.661034342 0.991577091
36.090529892 -2.803247098 36.669024488 2.951273802 34.913338709 -0.923637011 37.921154208 0.995050519 34.704520666 0.082484269 31.114505369 -0.636283365 32.624608468 -2.466421516 34.571016097 -2.442323354 36.423771609 -2.799515547 36.448898920 2.957061298 34.741791487 -0.927130447 37.583588860 0.988374544 34.682598614 0.071336388 31.131405483 -0.632172361 32.245513376 -2.464521402 34.637733586 -2.450739482 36.637145114 -2.825676780 36.506462670 2.935830328 34.829817223 -0.938003841 37.669423015 0.990360793
36.098281249 -2.803130544 36.679571331 2.950699045 34.923217882 -0.925186482 37.930440126 0.992596675 34.712848187 0.084196004 31.129130286 -0.638099060 32.639042385 -2.466503762 34.580980133 -2.442173612 36.432399328 -2.799045192 36.458532708 2.955814756 34.751315169 -0.929263531 37.591699412 0.988245090 34.690992258 0.069864485 31.145948230 -0.628633664 32.258615576 -2.464566486 34.647812489 -2.452023307 36.646433362 -2.827384866 36.516242636 2.934421766 34.839494485 -0.938202033 37.677753887 0.989700447
36.105931135 -2.803977179 36.690142595 2.950720299 34.933090764 -0.926866314 37.939786039 0.990192300 34.721103497 0.086032380 31.143726240 -0.639529783 32.653489847 -2.465306507 34.590932320 -2.441934751 36.441043317 -2.798727167 36.468119137 2.953894135 34.760808245 -0.931622792 37.599802489 0.989153489 34.699364211 0.068945431 31.160424919 -0.626411062 32.271675838 -2.464736460 34.657882299 -2.453564588 36.655710212 -2.828707588 36.525987618 2.933572525 34.849140071 -0.937349148 37.686038787 0.989668161
36.113506490 -2.806209214 36.700700317 2.950979498 34.942968886 -0.928446011 37.949209505 0.988690239 34.729345557 0.087804037 31.158300286 -0.640609748 32.667953867 -2.463425924 34.600842352 -2.441160560 36.449739471 -2.798952130 36.477756592 2.951753679 34.770328558 -0.934131243 37.607898102 0.989719728 34.707894632 0.068566922 31.174908627 -0.625668386 32.284669710 -2.465288028 34.667938952 -2.454426636 36.664974145 -2.829704119 36.535683995 2.933745634 34.858726941 -0.935569002 37.694286442 0.990418815
36.121034528 -2.809034895 36.711226311 2.951141723 34.952806860 -0.929849550 37.958649668 0.987804529 34.737637742 0.088237264 31.172829510 -0.640128418 32.682368390 -2.461322295 34.610757997 -2.439663700 36.458410441 -2.799654643 36.487357386 2.950112477 34.779835023 -0.936084493 37.615950407 0.989652331 34.716371995 0.068741903 31.189308460 -0.625947556 32.297652390 -2.465733966 34.677963516 -2.454308006 36.674220499 -2.830328990 36.545380026 2.934579716 34.868310497 -0.932996323 37.702498633 0.991598990
36.128589328 -2.811797246 36.721789878 2.951245692 34.962682705 -0.930163965 37.968121960 0.986515423 34.745827096 0.087654151 31.187339488 -0.639073471 32.696724433 -2.459481091 34.620615470 -2.438491786 36.467120322 -2.800479012 36.496979692 2.949025864 34.789324167 -0.937488268 37.623962953 0.989123758 34.724793946 0.069678882 31.203707031 -0.626567150 32.310634329 -2.466065295 34.687979550 -2.453763281 36.683444003 -2.830650502 36.555028469 2.934462430 34.877854982 -0.931137398 37.710652803 0.993599231
36.136152836 -2.813726116 36.732371476 2.950896667 34.972532745 -0.928880470 37.977568923 0.985155763 34.754015852 0.087034460 31.201764623 -0.638398583 32.711098850 -2.458929220 34.630448375 -2.436931396 36.475835773 -2.801497271 36.506592653 2.947994611 34.798804492 -0.937636619 37.631964039 0.988172764 34.733122302 0.071855111 31.218093597 -0.626962304 32.323578317 -2.466449443 34.697964477 -2.452819293 36.692659077 -2.831318122 36.564648491 2.934561964 34.887354342 -0.930005107 37.718780458 0.996382937
36.143716949 -2.815380988 36.742978195 2.950415284 34.982340946 -0.926873947 37.986956974 0.984542888 34.762210275 0.087531009 31.216125293 -0.636787929 32.725388545 -2.460746607 34.640296255 -2.435281020 36.484530479 -2.802644105 36.516309432 2.946762197 34.808241648 -0.936300815 37.639943484 0.987590119 34.741486898 0.073765478 31.232427959 -0.628417006 32.336584923 -2.466010248 34.707985556 -2.451410475 36.701913208 -2.832092308 36.574271481 2.935401879 34.896808122 -0.928450096 37.726857704 0.999529667
36.151346006 -2.816420388 36.753560721 2.950048087 34.992108740 -0.924910743 37.996267596 0.985465671 34.770439654 0.088237259 31.230472793 -0.634758266 32.739652512 -2.463929308 34.650083615 -2.433735946 36.493168100 -2.803931783 36.526036040 2.946011456 34.817684282 -0.934757970 37.647936104 0.987381786 34.749722524 0.074438880 31.246772241 -0.631039283 32.349522095 -2.465819963 34.718002321 -2.450537986 36.711132265 -2.833037006 36.583886583 2.936431086 34.906236341 -0.926489246 37.734897288 1.002590777
36.158975268 -2.816229589 36.764110317 2.949250097 35.001811043 -0.923318373 38.005456619 0.987249854 34.778679324 0.087465275 31.244733100 -0.633316382 32.753946093 -2.465793244 34.659883167 -2.433064556 36.501733365 -2.805995616 36.535786019 2.945519222 34.827053572 -0.933280227 37.655932992 0.987312600 34.757905515 0.075057955 31.261112884 -0.633246582 32.362440306 -2.465524290 34.727999576 -2.450665206 36.720363504 -2.834104966 36.593527714 2.937669859 34.915639004 -0.924846296 37.742846392 1.005673739
36.166574553 -2.816050873 36.774630234 2.949139716 35.011465265 -0.922039963 38.014540364 0.988443748 34.786856318 0.085798053 31.258936465 -0.632697740 32.768198882 -2.466568782 34.669611567 -2.434263338 36.510277816 -2.808215869 36.545519936 2.945647556 34.836369771 -0.931243222 37.663937688 0.987254385 34.766050045 0.076193188 31.275436441 -0.635213272 32.375301961 -2.463863460 34.737981361 -2.451281804 36.729569723 -2.834464922 36.603174218 2.938725645 34.925000095 -0.922946110 37.750835982 1.008357506
36.174139574 -2.817044928 36.785095881 2.950420452 35.021064326 -0.920601587 38.023501854 0.989003969 34.795092487 0.083594090 31.273091524 -0.632232361 32.782403539 -2.467348176 34.679358522 -2.435680154 36.518751232 -2.809564929 36.555212488 2.946539371 34.845661085 -0.929480912 37.671921842 0.988004284 34.774143223 0.076891940 31.289759470 -0.636586958 32.388143032 -2.461363011 34.747997927 -2.452155776 36.738740168 -2.833948961 36.612903273 2.939495273 34.934380256 -0.921514118 37.758791834 1.009429420
36.181660693 -2.818560375 36.795509185 2.952125378 35.030626170 -0.919177194 38.032372925 0.989049402 34.803338463 0.081988991 31.287206577 -0.631752216 32.796591303 -2.466892618 34.689048832 -2.436457578 36.527166184 -2.810179676 36.564889485 2.947376549 34.854871194 -0.928182916 37.679935804 0.989389402 34.782170520 0.077268184 31.304036493 -0.636896911 32.401014200 -2.459264831 34.757956212 -2.453373888 36.747898081 -2.833029485 36.622617585 2.938813652 34.943714775 -0.920882133 37.766728550 1.008620592
36.189169534 -2.819733235 36.805891376 2.953268212 35.040145850 -0.918284928 38.041144648 0.988487091 34.811567750 0.082311429 31.301283968 -0.630985284 32.810731059 -2.465467585 34.698723686 -2.436619276 36.535538565 -2.810058705 36.574494612 2.948196238 34.864093497 -0.927289111 37.687972591 0.990368005 34.790200287 0.077836801 31.318264774 -0.636351964 32.413832731 -2.458635332 34.767974269 -2.455433750 36.757048093 -2.831964295 36.632376129 2.937283881 34.953023996 -0.920739122 37.774684267 1.006375830
36.196726642 -2.821138177 36.816187087 2.953343326 35.049633913 -0.917911038 38.049863464 0.987646803 34.819799714 0.083880623 31.315363012 -0.629887662 32.824863302 -2.463464744 34.708402968 -2.436536906 36.543840667 -2.808543842 36.584044286 2.949259760 34.873236569 -0.926955798 37.695998374 0.990996752 34.798207920 0.077953050 31.332374304 -0.634028650 32.426620533 -2.458768795 34.777974849 -2.457825893 36.766241669 -2.831080639 36.642095772 2.935674630 34.962328766 -0.921044417 37.782670187 1.003693788
36.204272776 -2.822725385 36.826408612 2.952832522 35.059097987 -0.917830363 38.058578298 0.986910622 34.827913672 0.086381090 31.329398823 -0.629009313 32.839016072 -2.461437120 34.718018129 -2.436841144 36.552123964 -2.806284751 36.593558789 2.949463258 34.882328312 -0.925912742 37.704033545 0.991004337 34.806180810 0.077605224 31.346475022 -0.631545934 32.439340894 -2.457898378 34.787940500 -2.459879682 36.775436909 -2.830699850 36.651790317 2.933595778 34.971620098 -0.920904364 37.790779676 1.001495126
36.211815140 -2.823760253 36.836569595 2.951222444 35.068550434 -0.917627538 38.067264868 0.986268617 34.836074861 0.089518565 31.343412619 -0.628790021 32.853104047 -2.460291556 34.727618527 -2.437310494 36.560372775 -2.804311756 36.603016056 2.948158448 34.891386058 -0.923764133 37.712047516 0.990993921 34.814124205 0.077806079 31.360478284 -0.630454847 32.452006155 -2.457245469 34.797885876 -2.461803139 36.784631205 -2.830937516 36.661395093 2.930661705 34.980893046 -0.920952322 37.798915147 0.999364471
36.219303828 -2.823822448 36.846721606 2.948156210 35.077981035 -0.917838162 38.075948463 0.985182163 34.844152049 0.090957252 31.357392725 -0.629115692 32.867200541 -2.459222706 34.737185660 -2.438034456 36.568584419 -2.802490975 36.612460525 2.946170539 34.900432554 -0.921274095 37.720021109 0.991089638 34.822039857 0.077616575 31.374380758 -0.629047280 32.464618752 -2.457753651 34.807802480 -2.463930321 36.793819532 -2.831485376 36.670992168 2.926986392 34.990142807 -0.921582176 37.807112000 0.997460511
36.226767737 -2.823258962 36.856740920 2.943760526 35.087397445 -0.918724499 38.084693354 0.983375929 34.852122569 0.090230139 31.371340527 -0.628361416 32.881271715 -2.457828764 34.746737381 -2.439621147 36.576744973 -2.801150379 36.621886957 2.944650910 34.909448569 -0.919335769 37.727945551 0.991634049 34.829958547 0.077301730 31.388224285 -0.626212280 32.477210485 -2.458064126 34.817755458 -2.465647151 36.803007549 -2.831687441 36.680557925 2.923857777 34.999426808 -0.922608227 37.815331175 0.995566221
36.234212553 -2.822983645 36.866737722 2.938146253 35.096799703 -0.919944057 38.093521666 0.981536251 34.860035109 0.088424023 31.385270510 -0.627102951 32.895321226 -2.456989403 34.756304318 -2.440934338 36.584879956 -2.799913305 36.631284329 2.943777800 34.918439338 -0.918925494 37.735867476 0.992234901 34.837959796 0.077262454 31.402072821 -0.623322763 32.489778021 -2.458661566 34.827661492 -2.465981313 36.812185182 -2.831868037 36.690090552 2.922200105 35.008692605 -0.923923036 37.823577445 0.993828524
36.241619321 -2.822591087 36.876750135 2.931994282 35.106221105 -0.921183165 38.102419983 0.980426822 34.867974444 0.085983235 31.399157883 -0.626293481 32.909362862 -2.456961266 34.765864255 -2.440843635 36.592993532 -2.798559078 36.640650025 2.942814321 34.927424672 -0.919313819 37.743745020 0.992007491 34.845886160 0.077233401 31.415921847 -0.621060327 32.502306386 -2.460186776 34.837500467 -2.464371054 36.821365630 -2.832099886 36.699663909 2.921973769 35.018008426 -0.925112945 37.831781177 0.993091128
36.249012310 -2.821706202 36.886893326 2.926967096 35.115642922 -0.921903187 38.111311397 0.980102913 34.875954769 0.083740235 31.413028746 -0.625361697 32.923333261 -2.458358082 34.775431742 -2.440009145 36.601081321 -2.797826975 36.649992328 2.941653771 34.936384778 -0.919818921 37.751612186 0.992013273 34.853786775 0.077895875 31.429646466 -0.617907544 32.514782088 -2.462695632 34.847373905 -2.462495562 36.830520420 -2.831477275 36.709189282 2.923232633 35.027302602 -0.925901900 37.840001078 0.992914345
36.256402150 -2.820270681 36.896974318 2.924393746 35.125031478 -0.922856225 38.120307533 0.981247410 34.883952011 0.083322353 31.426826234 -0.624715549 32.937326433 -2.459972053 34.784971481 -2.439177060 36.609111425 -2.797426035 36.659294534 2.940189461 34.945338099 -0.920856180 37.759455663 0.992410113 34.861710540 0.077711759 31.443368528 -0.614001568 32.527245825 -2.466226853 34.857208760 -2.461998234 36.839634288 -2.829931823 36.718750688 2.925528668 35.036591195 -0.926098587 37.848185853 0.993821868
36.263783213 -2.818692438 36.907034886 2.923648483 35.134422734 -0.923579951 38.129323561 0.983329814 34.891944254 0.083931377 31.440649302 -0.623570777 32.951312210 -2.460918757 34.794481363 -2.439022996 36.617116838 -2.796956193 36.668605987 2.938922043 34.954293066 -0.922045122 37.767249135 0.992400445 34.869640779 0.076612609 31.457061317 -0.610830804 32.539729653 -2.469968492 34.867005615 -2.461333285 36.848752495 -2.828297024 36.728314936 2.927462668 35.045854276 -0.925541934 37.856281832 0.996351590
36.271129189 -2.817309043 36.917107905 2.924184708 35.143788435 -0.923840686 38.138328382 0.984906031 34.899898091 0.084053026 31.454411988 -0.621380630 32.965348711 -2.462365649 34.803983452 -2.438212705 36.625103976 -2.796786343 36.677866516 2.939253432 34.963271730 -0.922803425 37.774976209 0.992437863 34.877628584 0.075231354 31.470691193 -0.608579685 32.552081685 -2.473934611 34.876763470 -2.460666739 36.857826064 -2.826634676 36.737815994 2.929239810 35.055094005 -0.924798771 37.864383780 0.999423868
36.278464364 -2.816346083 36.927226588 2.925982135 35.153141470 -0.924208992 38.147290292 0.986776361 34.907882230 0.084392947 31.468129186 -0.618730776 32.979308128 -2.463910366 34.813486814 -2.436080398 36.633073087 -2.797198448 36.687117243 2.940401320 34.972221964 -0.923823125 37.782630508 0.993677754 34.885589934 0.074068945 31.484281932 -0.607167170 32.564468558 -2.477254128 34.886533417 -2.461126862 36.866905705 -2.825309922 36.747275248 2.931068697 35.064301966 -0.924924995 37.872359596 1.002483350
36.285721046 -2.816490741 36.937384095 2.928846083 35.162475482 -0.924645074 38.156236359 0.989662871 34.915790281 0.085134753 31.481819839 -0.616438614 32.993177749 -2.465473330 34.822978777 -2.434990136 36.641024782 -2.797097501 36.696365288 2.941195848 34.981192427 -0.925534969 37.790200668 0.996001538 34.893531876 0.073194296 31.497828915 -0.605823541 32.576764812 -2.479901498 34.896246762 -2.462314251 36.875978626 -2.825229413 36.756700844 2.932134898 35.073495823 -0.925367992 37.880252803 1.005812310
36.292932806 -2.816822410 36.947596627 2.932468220 35.171784812 -0.925734885 38.165204229 0.992661584 34.923665374 0.086976005 31.495464136 -0.615019546 33.007024970 -2.466954597 34.832412400 -2.435850997 36.648974258 -2.796326902 36.705585857 2.941974281 34.990127997 -0.927810222 37.797734182 0.997745026 34.901434717 0.072990803 31.511370659 -0.605209085 32.589113402 -2.481488796 34.905977998 -2.462908176 36.885016691 -2.826542131 36.766008079 2.932608738 35.082646273 -0.926498124 37.888075123 1.009207403
36.300110093 -2.815905850 36.957821397 2.936807077 35.181100460 -0.926865937 38.174104564 0.995705919 34.931564688 0.089056950 31.509066300 -0.614214135 33.020916762 -2.467920177 34.841839198 -2.437091421 36.656903338 -2.796198212 36.714708562 2.943907299 34.999109370 -0.929655769 37.805159528 0.998112407 34.909282076 0.074657129 31.524886900 -0.605445629 32.601416673 -2.481301934 34.915641367 -2.462559534 36.894031777 -2.827966945 36.775220148 2.932581956 35.091806355 -0.928154734 37.895863373 1.012135208
36.307371985 -2.814105213 36.968115441 2.941265928 35.190397086 -0.927957049 38.182946580 0.999514112 34.939375296 0.090602916 31.522626471 -0.613944081 33.034797662 -2.468245729 34.851228360 -2.438196568 36.664795847 -2.796963814 36.723921474 2.945869431 35.008073263 -0.930594103 37.812583392 0.998644787 34.917192527 0.077491728 31.538380182 -0.606437654 32.613702822 -2.480986236 34.925283293 -2.461532563 36.902988293 -2.828311392 36.784325272 2.932229701 35.100942408 -0.929563479 37.903541184 1.014781178
36.314635557 -2.812124608 36.978379476 2.945209420 35.199699753 -0.929070894 38.191738798 1.003994873 34.947154306 0.091156545 31.536157409 -0.613198535 33.048733657 -2.467966675 34.860601084 -2.439235941 36.672714526 -2.797918724 36.733014249 2.947870480 35.017001277 -0.931669248 37.819932518 0.999819323 34.924849743 0.081414200 31.551900668 -0.608267832 32.625930393 -2.479561835 34.934869169 -2.459167929 36.911922540 -2.827628077 36.793444410 2.932217202 35.110055424 -0.931318704 37.911205459 1.017058387
36.321869843 -2.810332556 36.988659245 2.948215170 35.208998391 -0.929107730 38.200553467 1.007287827 34.954875116 0.091268914 31.549682016 -0.612058370 33.062620746 -2.467625447 34.869929772 -2.440082520 36.680620435 -2.798587646 36.742152428 2.950630629 35.025912017 -0.932823245 37.827318358 1.000767142 34.932609944 0.085369758 31.565390668 -0.610355184 32.638134162 -2.477428397 34.944527493 -2.457500235 36.920803824 -2.826971727 36.802336204 2.933042759 35.119196498 -0.932762552 37.918773875 1.018114252
36.329065222 -2.808586560 36.998877157 2.950576930 35.218263412 -0.928133163 38.209258230 1.008628516 34.962563639 0.092749575 31.563153393 -0.612093988 33.076457521 -2.466923679 34.879242540 -2.440904572 36.688502606 -2.799404939 36.751283182 2.952531765 35.034814300 -0.933631787 37.834663795 1.001402507 34.940268008 0.087947370 31.578877944 -0.613388094 32.650298494 -2.475103210 34.954100301 -2.457775992 36.929658550 -2.826213936 36.811199776 2.934914472 35.128332301 -0.933387861 37.926305768 1.018838995
36.336269741 -2.806869827 37.009120739 2.951899764 35.227475211 -0.926593436 38.217894348 1.008535512 34.970263829 0.094602721 31.576641371 -0.613080278 33.090286796 -2.466372959 34.888562917 -2.440983082 36.696398419 -2.800583474 36.760363992 2.952624903 35.043707931 -0.933752506 37.842018687 1.000943864 34.947793791 0.090253158 31.592441262 -0.616358528 32.662475714 -2.472280088 34.963778210 -2.458015886 36.938494510 -2.824871916 36.820046071 2.936754396 35.137427659 -0.934192699 37.933804011 1.019133144
36.343446329 -2.806001817 37.019340094 2.951452585 35.236725335 -0.925054908 38.226524552 1.007335375 34.977911827 0.095659234 31.590126451 -0.613904523 33.104089496 -2.466483177 34.897982423 -2.440525763 36.704330577 -2.801275530 36.769488867 2.950957820 35.052553361 -0.933559716 37.849374597 0.999095978 34.955160090 0.093737308 31.606075805 -0.618732429 32.674584026 -2.469925108 34.973378241 -2.457687477 36.947322782 -2.823759409 36.828783355 2.938087061 35.146523841 -0.935378212 37.941230745 1.017671045
36.350599978 -2.806275228 37.029584010 2.950719874 35.245905152 -0.923755448 38.235156454 1.005740431 34.985527583 0.094826105 31.603593808 -0.614415985 33.117851687 -2.466991749 34.907314021 -2.440837757 36.712250762 -2.801808309 36.778652377 2.949175674 35.061424873 -0.933515172 37.856799382 0.996455649 34.962517960 0.098436088 31.619614057 -0.621127123 32.686675036 -2.467255703 34.982977072 -2.457227083 36.956155502 -2.823024227 36.837513492 2.938929026 35.155555444 -0.936634180 37.948699959 1.015642593
36.357712746 -2.807178181 37.039807830 2.950697597 35.255061710 -0.923134838 38.243769680 1.004036845 34.993142026 0.092730544 31.617025574 -0.614494639 33.131580041 -2.468359296 34.916590491 -2.442689896 36.720173641 -2.802633637 36.787863294 2.947894508 35.070295551 -0.933183535 37.864372670 0.994233584 34.969920120 0.101902607 31.633297328 -0.622130813 32.698692842 -2.463712599 34.992560424 -2.457148759 36.964969004 -2.822111298 36.846293000 2.939112587 35.164602010 -0.937911511 37.956196438 1.013999318
36.364791967 -2.808401959 37.049962532 2.952090891 35.264179391 -0.923018985 38.252328728 1.001339095 35.000761089 0.090476112 31.630469520 -0.614659292 33.145243275 -2.468878345 34.925866345 -2.445397214 36.728079988 -2.803219642 36.797066510 2.946476050 35.079098769 -0.932776117 37.872045814 0.993454038 34.977151872 0.104132117 31.646865850 -0.621412467 32.710708778 -2.460096357 35.002106387 -2.457745133 36.973780044 -2.821979073 36.855086333 2.938497873 35.173588516 -0.938691049 37.963720872 1.012284023
36.371849453 -2.810147505 37.060144846 2.953960057 35.273277877 -0.922084288 38.260966903 0.998052831 35.008433950 0.088587931 31.643899246 -0.615580342 33.158884066 -2.467883538 34.935085928 -2.448540123 36.735984397 -2.803729794 36.806237475 2.943865155 35.087837507 -0.932515228 37.879815955 0.993519476 34.984369184 0.105430493 31.660493434 -0.621156694 32.722739719 -2.457952820 35.011693120 -2.458966510 36.982590517 -2.822667970 36.864070370 2.936716851 35.182612783 -0.938936192 37.971279474 1.011332630
36.378875034 -2.811368156 37.070333121 2.954921616 35.282366616 -0.920770237 38.269543436 0.994864093 35.016114865 0.088308514 31.657280988 -0.616081825 33.172574397 -2.466948710 34.944392273 -2.450596528 36.743839657 -2.804040529 36.815350333 2.939633093 35.096515213 -0.932025490 37.887523276 0.994817791 34.991531472 0.104369519 31.674014131 -0.621276648 32.734679462 -2.455865393 35.021291840 -2.461315376 36.991363017 -2.822230231 36.873053028 2.934868321 35.191622762 -0.938981112 37.978834705 1.010312544
36.385833068 -2.812238549 37.080460113 2.955454200 35.291429825 -0.919550817 38.278148475 0.992021444 35.023773840 0.090270759 31.670618824 -0.615780436 33.186124254 -2.466293640 34.953629632 -2.450932966 36.751691183 -2.804493755 36.824590625 2.935975713 35.105136088 -0.931338234 37.895208630 0.997292984 34.998759189 0.101165287 31.687484906 -0.621392712 32.746620917 -2.453201663 35.030909587 -2.463702008 37.000145595 -2.821154332 36.882084096 2.933245711 35.200590712 -0.938267648 37.986452916 1.008982497
36.392740591 -2.813687188 37.090600627 2.955095986 35.300465598 -0.918080394 38.286726749 0.990926646 35.031447962 0.092893437 31.683917414 -0.614903341 33.199644911 -2.465133802 34.962806298 -2.449836708 36.759464173 -2.805080621 36.833722682 2.933873814 35.113699423 -0.930504643 37.902979225 0.999163331 35.006113056 0.098009309 31.700883432 -0.621475413 32.758537613 -2.451237618 35.040475031 -2.464460511 37.008916568 -2.821349947 36.891161473 2.930858559 35.209498218 -0.936417338 37.994096101 1.007737474
36.399648880 -2.814430331 37.100738985 2.953710890 35.309499525 -0.917126333 38.295191857 0.991937858 35.039019877 0.095799260 31.697181251 -0.613674245 33.213149081 -2.462855508 34.972041672 -2.447839096 36.767247913 -2.805398896 36.842767160 2.932051671 35.122222722 -0.929005506 37.910666235 1.000492396 35.013446857 0.095261334 31.714213761 -0.620156550 32.770373350 -2.449761175 35.050038397 -2.464115827 37.017723122 -2.822011385 36.900239225 2.927168034 35.218373060 -0.934610976 38.001785546 1.006286777
36.406551907 -2.814157807 37.110845791 2.951994073 35.318488489 -0.916480905 38.303578087 0.994165584 35.046575859 0.097965197 31.710482280 -0.613171805 33.226680947 -2.460621102 34.981230477 -2.446824202 36.775028171 -2.805158957 36.851766893 2.930891937 35.130749138 -0.927079523 37.918306069 1.002046456 35.020888428 0.092816208 31.727527751 -0.617685163 32.782172831 -2.449362533 35.059530535 -2.463878193 37.026501602 -2.822074014 36.909598000 2.922731933 35.227174980 -0.932885895 38.009485811 1.004873305
36.413467744 -2.814131222 37.121008807 2.950464119 35.327466917 -0.915894659 38.311938197 0.996622201 35.054041695 0.097609298 31.723664058 -0.613071006 33.240174177 -2.460073673 34.990367346 -2.447036373 36.782770824 -2.805094275 36.860631240 2.931349968 35.139252073 -0.925381970 37.925894124 1.003933446 35.028312140 0.092027604 31.740742642 -0.614730160 32.793861363 -2.450864920 35.069000915 -2.463107545 37.035265746 -2.822106834 36.918971285 2.919891062 35.235931696 -0.931008299 38.017160476 1.003021051
36.420366195 -2.815046576 37.131165627 2.949038462 35.336450771 -0.916158353 38.320271039 0.998374514 35.061404706 0.095140703 31.736798559 -0.612929121 33.253690444 -2.460094366 34.999490749 -2.447412356 36.790486210 -2.804938320 36.869442976 2.933120533 35.147696098 -0.923895295 37.933456136 1.005529413 35.035856194 0.092304049 31.753863935 -0.611386385 32.805518910 -2.454071558 35.078437016 -2.462404474 37.044005585 -2.821879560 36.928276712 2.918974998 35.244634801 -0.928830516 38.024826151 1.001851205
36.427238546 -2.816453001 37.141286742 2.947996446 35.345436248 -0.917139526 38.328591835 0.999234868 35.068840175 0.091690834 31.749869693 -0.612116503 33.267277587 -2.459544795 35.008564356 -2.447107375 36.798195938 -2.804181061 36.878202152 2.935744591 35.156085906 -0.922324019 37.940920298 1.006611604 35.043352331 0.093198849 31.766920177 -0.607742353 32.817234490 -2.456609697 35.087884271 -2.462751864 37.052678056 -2.820704345 36.937569233 2.919604400 35.253294018 -0.925939724 38.032436010 1.002226918
36.434113049 -2.816609218 37.151309611 2.946432220 35.354413571 -0.919233066 38.336890674 0.999348647 35.076338850 0.088798458 31.762871619 -0.610219048 33.280836176 -2.458680356 35.017595636 -2.445651070 36.805867134 -2.803595418 36.886856427 2.938599704 35.164536850 -0.921290876 37.948331013 1.007254777 35.050855232 0.094055290 31.779861328 -0.603894356 32.828855899 -2.458505225 35.097284375 -2.462747535 37.061262263 -2.818008988 36.946825046 2.921532672 35.261912837 -0.922972140 38.039973372 1.003517353
36.440974032 -2.815858050 37.161227125 2.943296221 35.363428808 -0.921894044 38.345234947 0.999231560 35.083869425 0.086642353 31.775972411 -0.608176103 33.294416076 -2.457694233 35.026636591 -2.443159328 36.813591803 -2.803377897 36.895569649 2.940786293 35.172916169 -0.921275520 37.955649789 1.007301795 35.058385277 0.093884157 31.792761165 -0.600495980 32.840372815 -2.461967478 35.106663170 -2.463051056 37.069913769 -2.815096881 36.956067364 2.922862794 35.270440020 -0.919586057 38.047395090 1.004923899
36.447779596 -2.815559807 37.171074626 2.938850092 35.372397278 -0.924886643 38.353720316 0.999613727 35.091445404 0.085113690 31.788951553 -0.606018740 33.307912415 -2.457794962 35.035672281 -2.440827053 36.821267567 -2.803927406 36.904128900 2.941258819 35.181291208 -0.921000145 37.962884388 1.007145286 35.065850456 0.093921765 31.805596119 -0.598156921 32.851934088 -2.466179723 35.116041060 -2.463407690 37.078535433 -2.813078512 36.965207697 2.923278161 35.278959420 -0.916093815 38.054789169 1.006178548
36.454541571 -2.814619694 37.180844221 2.933950751 35.381439569 -0.927740993 38.362277425 0.999994879 35.099013281 0.084945943 31.801837433 -0.603335448 33.321452777 -2.457941232 35.044637842 -2.440195382 36.828956715 -2.804381256 36.912630369 2.940106186 35.189676849 -0.920576020 37.970028313 1.007209773 35.073277153 0.095015254 31.818325951 -0.595962477 32.863460540 -2.469199309 35.125343830 -2.462205478 37.087141468 -2.811991929 36.974224285 2.922853760 35.287421728 -0.913860666 38.062105159 1.007312282
36.461300688 -2.812562312 37.190609435 2.929324209 35.390429807 -0.930449420 38.370864408 1.000276534 35.106603967 0.085200505 31.814751916 -0.600032981 33.335012849 -2.457007020 35.053606538 -2.440394432 36.836615705 -2.803593875 36.921100691 2.938513015 35.198055003 -0.920912652 37.977120593 1.007380835 35.080668972 0.094999784 31.831092302 -0.594039242 32.874941111 -2.471222657 35.134627058 -2.459886635 37.095740724 -2.811395902 36.983157015 2.921483171 35.295836183 -0.913533316 38.069298641 1.008848416
36.468039499 -2.809764066 37.200314265 2.926119813 35.399475120 -0.933066451 38.379467560 1.000190814 35.114117358 0.086088669 31.827673592 -0.597699916 33.348550625 -2.457095553 35.062541616 -2.439415331 36.844305045 -2.802188616 36.929538739 2.936596865 35.206455359 -0.921418500 37.984190023 1.007041020 35.088011034 0.092653957 31.843744065 -0.592784791 32.886448203 -2.471936144 35.143957108 -2.457929033 37.104330851 -2.811384505 36.992045424 2.919920698 35.304231809 -0.914449372 38.076490616 1.010164902
36.474779794 -2.806301433 37.209912593 2.925653017 35.408485907 -0.934603294 38.388064332 1.000395481 35.121647203 0.087537087 31.840479847 -0.596603028 33.362076562 -2.457771903 35.071491856 -2.438437649 36.851999187 -2.801936343 36.938018040 2.933499884 35.214868015 -0.922270961 37.991211014 1.006569520 35.095400210 0.090261677 31.856376901 -0.592287604 32.897899632 -2.470825649 35.153251406 -2.457912567 37.112900448 -2.812090759 37.000804505 2.919331528 35.312613387 -0.916112375 38.083625956 1.010303508
36.481529501 -2.802549812 37.219498165 2.926643950 35.417460023 -0.935717968 38.396748944 1.001208637 35.129083472 0.088293716 31.853223432 -0.595493276 33.375557967 -2.457802195 35.080413630 -2.438100578 36.859728819 -2.802416686 36.946527780 2.929222420 35.223249565 -0.923992007 37.998305168 1.006030616 35.102769876 0.088820813 31.869037944 -0.593787785 32.909350176 -2.469656205 35.162536904 -2.459570656 37.121438382 -2.813405787 37.009400759 2.919478517 35.321053453 -0.918278216 38.090776848 1.009952793
36.488324451 -2.799502105 37.229157615 2.928122426 35.426409451 -0.936516597 38.405498307 1.001167616 35.136613831 0.088906881 31.865945169 -0.594267013 33.388996155 -2.456583287 35.089298144 -2.438439715 36.867494172 -2.803053930 36.955155146 2.925608824 35.231655180 -0.925641855 38.005374486 1.005379250 35.110158198 0.087965645 31.881709081 -0.597093810 32.920729801 -2.468836574 35.171839320 -2.461335767 37.129987825 -2.815371887 37.017946043 2.920521039 35.329524351 -0.920121097 38.098115138 1.009520569
36.495003035 -2.797531634 37.238844744 2.930452027 35.435312525 -0.936592556 38.414261910 1.000640930 35.144146727 0.090376213 31.878637803 -0.593204154 33.402472741 -2.454928618 35.098188629 -2.438391001 36.875306752 -2.803522843 36.963686193 2.923656968 35.240065781 -0.926230035 38.012457852 1.004997599 35.117502259 0.086821850 31.894450761 -0.601386263 32.932106447 -2.467663825 35.181111876 -2.462981433 37.138515859 -2.817764557 37.026421073 2.922641553 35.338020117 -0.921576110 38.105469141 1.009086494
36.501624490 -2.795608960 37.248657639 2.933044713 35.444150889 -0.935497701 38.423008511 1.000639852 35.151625657 0.092160544 31.891296052 -0.593723730 33.415904260 -2.454572747 35.107043973 -2.438503504 36.883109709 -2.803469063 36.972272076 2.923128150 35.248449975 -0.926921395 38.019545483 1.005266336 35.124853909 0.084975007 31.907268626 -0.605875149 32.943486297 -2.465655120 35.190392416 -2.464500167 37.147038704 -2.819786402 37.034956279 2.923722925 35.346508449 -0.923509523 38.112892646 1.008837160
36.508191830 -2.794797753 37.258666385 2.935562490 35.452935319 -0.933194401 38.431725286 1.001201741 35.159037894 0.093130352 31.903912790 -0.594874341 33.429350354 -2.454576342 35.115863528 -2.440845583 36.890877069 -2.803711988 36.980832777 2.924371333 35.256841093 -0.928539906 38.026599593 1.006125792 35.132202177 0.083843701 31.920209987 -0.608746593 32.954873864 -2.463967817 35.199647404 -2.464598715 37.155504327 -2.821328793 37.043416789 2.923626240 35.355071040 -0.925536129 38.120351772 1.009387884
36.514691361 -2.795659849 37.268719554 2.939187018 35.461682271 -0.930944714 38.440424747 1.001821738 35.166356592 0.095007068 31.916522747 -0.594725947 33.442754908 -2.454424150 35.124670367 -2.444052368 36.898647131 -2.803777486 36.989347638 2.927588786 35.265218653 -0.930497429 38.033600993 1.007210528 35.139527688 0.083320323 31.933114072 -0.609568206 32.966211202 -2.464198477 35.208888945 -2.464402501 37.163990809 -2.822016441 37.051876875 2.923645115 35.363622585 -0.927192873 38.127904024 1.009868467
36.521160952 -2.796249472 37.278888707 2.942206522 35.470342792 -0.929537158 38.449079236 1.002549665 35.173705424 0.098277534 31.929119262 -0.593320794 33.456162480 -2.454391840 35.133405972 -2.447532916 36.906432908 -2.803600199 36.997933900 2.930922715 35.273600527 -0.932673505 38.040557768 1.007864433 35.146775322 0.084119426 31.946036663 -0.609738410 32.977559912 -2.464657339 35.218112383 -2.464890611 37.172435706 -2.822018794 37.060356967 2.923499310 35.372182698 -0.929577792 38.135443622 1.009989714
36.527636618 -2.796097662 37.288972824 2.943208122 35.478954420 -0.928692905 38.457628999 1.004150151 35.181023192 0.100722662 31.941692827 -0.592036353 33.469608750 -2.454491336 35.142133717 -2.451130402 36.914187775 -2.803245035 37.006419801 2.934100647 35.281947543 -0.934826032 38.047403333 1.007407238 35.153969509 0.086043155 31.958911028 -0.610481689 32.988903657 -2.465500806 35.227332603 -2.465246963 37.180910278 -2.822612299 37.068877508 2.922550497 35.380802869 -0.931524674 38.142947720 1.010606295
36.534059589 -2.796499426 37.298981473 2.943025005 35.487505176 -0.927643679 38.466129542 1.006373982 35.188215177 0.100969793 31.954205600 -0.591996943 33.483070977 -2.454941949 35.150801828 -2.454192430 36.921941204 -2.802337438 37.014958853 2.936880286 35.290342046 -0.936262352 38.054203947 1.006292732 35.161254143 0.087660574 31.971771302 -0.611254619 33.000211776 -2.467439712 35.236524597 -2.465698810 37.189407896 -2.823336671 37.077427331 2.920659852 35.389398041 -0.932630967 38.150429323 1.011534691
36.540432417 -2.797322744 37.308962715 2.941380138 35.496014808 -0.925422770 38.474596859 1.007754616 35.195411045 0.100549206 31.966689524 -0.591233213 33.496516121 -2.456194118 35.159547600 -2.455581784 36.929665944 -2.801336930 37.023420183 2.937490996 35.298707533 -0.936737638 38.060888637 1.005135988 35.168411090 0.088837891 31.984595548 -0.610979231 33.011446985 -2.468547701 35.245701882 -2.466021832 37.197925193 -2.824551506 37.086053169 2.919337786 35.397985579 -0.933496787 38.157833725 1.011636701
36.546751392 -2.798192667 37.318844428 2.940017119 35.504561628 -0.923378782 38.482963965 1.007646874 35.202589949 0.100448798 31.979175518 -0.589564903 33.509979045 -2.457810695 35.168258524 -2.455859089 36.937370311 -2.800371025 37.031821058 2.936423402 35.307026980 -0.936087198 38.067461763 1.004622324 35.175443735 0.090891718 31.997396142 -0.609914364 33.022665634 -2.469260377 35.254906288 -2.466411221 37.206473856 -2.825773607 37.094700050 2.919987052 35.406575311 -0.934031640 38.165098101 1.010817143
36.553024860 -2.800214541 37.328731055 2.940381233 35.513058125 -0.922233338 38.491236772 1.007099145 35.209741491 0.100471532 31.991599035 -0.588531542 33.523383970 -2.459405899 35.176936692 -2.456490441 36.945074682 -2.799589678 37.040201312 2.933868292 35.315317047 -0.934954313 38.073953808 1.004722069 35.182464342 0.093583411 32.010100503 -0.607247008 33.033863976 -2.469805262 35.264050891 -2.466066892 37.214998937 -2.826678569 37.103340014 2.921523101 35.415165305 -0.934268994 38.172335421 1.010884736
36.559281328 -2.802835565 37.338499147 2.940786787 35.521533618 -0.921642913 38.499462375 1.006183561 35.216871868 0.100271466 32.003968809 -0.588750658 33.536783827 -2.461403929 35.185613763 -2.457019938 36.952781927 -2.798684409 37.048624782 2.931039529 35.323537396 -0.933982283 38.080319101 1.005202828 35.189412741 0.094477992 32.022769584 -0.603218109 33.045001983 -2.469070690 35.273217015 -2.464329495 37.223532889 -2.828465866 37.111994092 2.923537815 35.423715675 -0.934327908 38.179454603 1.012135948
36.565397611 -2.805692522 37.348200463 2.939798529 35.529986065 -0.921936971 38.507670213 1.004885874 35.223989797 0.099471464 32.016326130 -0.590457493 33.550110465 -2.464170766 35.194261863 -2.457072940 36.960481824 -2.797283064 37.057017412 2.929994578 35.331702552 -0.932601104 38.086613371 1.006078597 35.196251599 0.093718960 32.035381408 -0.599224477 33.056114531 -2.468650333 35.282371279 -2.462661156 37.232114425 -2.830385475 37.120619483 2.926352834 35.432226134 -0.934984655 38.186443507 1.014540262
36.571498632 -2.808653289 37.357843312 2.937050797 35.538430722 -0.922423991 38.515811275 1.004151100 35.231156769 0.098025695 32.028670515 -0.592978472 33.563387547 -2.467393526 35.202879212 -2.456001393 36.968166615 -2.796381979 37.065330271 2.929631661 35.339797537 -0.930741612 38.092810946 1.006757385 35.203149818 0.092101428 32.047900747 -0.595675342 33.067174509 -2.468412949 35.291504748 -2.460625818 37.240649901 -2.831358379 37.129296915 2.929539748 35.440710580 -0.935915437 38.193421441 1.018244883
36.577512466 -2.810825967 37.367491387 2.933221518 35.546855025 -0.923705669 38.523896108 1.004912636 35.238337188 0.096095764 32.040989981 -0.596357251 33.576629538 -2.470216221 35.211465180 -2.454696682 36.975800782 -2.795760886 37.073555278 2.927826335 35.347849635 -0.929009599 38.098935757 1.007150062 35.210012100 0.089417039 32.060367256 -0.593488237 33.078188276 -2.466939309 35.300587799 -2.457552574 37.249184188 -2.832397814 37.137888413 2.933521463 35.449166684 -0.936121641 38.200320211 1.022115939
36.583448400 -2.812901851 37.377132400 2.929784721 35.555301331 -0.926140590 38.531934048 1.006552380 35.245599046 0.095029154 32.053512062 -0.599683032 33.589830906 -2.471199042 35.220068155 -2.452876063 36.983370054 -2.795679678 37.081744877 2.924470130 35.355800525 -0.927198188 38.104999712 1.008349351 35.216967338 0.087495384 32.072745763 -0.593324044 33.089148624 -2.464505128 35.309740938 -2.454892099 37.257751004 -2.833168530 37.146518280 2.938275873 35.457549626 -0.935032940 38.207174810 1.024424491
36.589339073 -2.814950971 37.386661437 2.926021030 35.563813071 -0.928402962 38.539987870 1.008371434 35.252989892 0.095442848 32.065930294 -0.603256227 33.603004354 -2.469617465 35.228575135 -2.449034986 36.990962628 -2.796414056 37.090008820 2.921959228 35.363744996 -0.925026243 38.111165225 1.010413809 35.223889423 0.087619693 32.085079422 -0.593794482 33.100098069 -2.461809433 35.318834948 -2.453004301 37.266270174 -2.832127319 37.155195760 2.941823213 35.465893429 -0.932561736 38.213884111 1.025449878
36.595237011 -2.815546709 37.396204032 2.920692428 35.572351049 -0.930124627 38.548115666 1.010360184 35.260266770 0.095811430 32.078447541 -0.607127482 33.616243666 -2.468335707 35.237053384 -2.443659066 36.998561488 -2.797486397 37.098105491 2.919797835 35.371618111 -0.922683700 38.117430185 1.012063051 35.230833168 0.088368456 32.097391624 -0.594460080 33.110998253 -2.460271837 35.327917597 -2.452238181 37.274779639 -2.830170507 37.163745357 2.944529552 35.474220284 -0.929994797 38.220522819 1.026003781
36.601140857 -2.815629448 37.405794030 2.914621337 35.580915690 -0.931012677 38.556285425 1.011884420 35.267427350 0.096708704 32.091013659 -0.610279999 33.629424150 -2.467777771 35.245500931 -2.437006140 37.006107715 -2.798780730 37.106197652 2.916675326 35.379481660 -0.919827631 38.123820341 1.012797050 35.237746387 0.087936878 32.109702149 -0.594738949 33.121797620 -2.459247421 35.337004596 -2.453671107 37.283308949 -2.828517127 37.172324839 2.946619722 35.482444221 -0.927918187 38.227079238 1.026184696
36.607023843 -2.815332430 37.415425457 2.908943391 35.589461775 -0.930290753 38.564475264 1.013490024 35.274580540 0.099781989 32.103633637 -0.612359978 33.642589333 -2.466164891 35.253990671 -2.429821034 37.013630166 -2.799236859 37.114249937 2.914902299 35.387290213 -0.917256771 38.130410176 1.013428381 35.244649679 0.087758324 32.121999277 -0.594075174 33.132553374 -2.457985571 35.346038438 -2.456420806 37.291841026 -2.827131807 37.180885961 2.946577027 35.490605051 -0.925872859 38.233639037 1.026215744
36.612925629 -2.814451330 37.425181121 2.905224866 35.598010216 -0.928839894 38.572708494 1.015042127 35.281688624 0.103858558 32.116307022 -0.612218991 33.655700015 -2.463499533 35.262559019 -2.424294807 37.021158008 -2.798681758 37.122133951 2.913793383 35.395109013 -0.915750526 38.136987847 1.014555595 35.251484774 0.089057231 32.134281503 -0.593054630 33.143257342 -2.456383324 35.355204448 -2.458744086 37.300365523 -2.826447632 37.189403098 2.944339792 35.498760663 -0.924632580 38.240127825 1.026737651
36.618782969 -2.814315681 37.434874550 2.904084139 35.606534685 -0.927934321 38.580926530 1.015806737 35.288724742 0.107334832 32.128866060 -0.610678271 33.668899360 -2.459706860 35.270968306 -2.420562312 37.028652185 -2.798735208 37.130008389 2.912170878 35.402879521 -0.915619273 38.143675411 1.014627510 35.258340227 0.089342482 32.146528109 -0.591859573 33.153974784 -2.454717847 35.364281614 -2.460262767 37.308866277 -2.825857945 37.197892330 2.940274787 35.506859000 -0.924744197 38.246636143 1.027336681
36.624624873 -2.814382693 37.444568506 2.904622757 35.615008551 -0.927428756 38.589168645 1.015710295 35.295627314 0.109259731 32.141364295 -0.608889772 33.682105503 -2.455461316 35.279375935 -2.418286984 37.036110940 -2.799337145 37.137802774 2.910947390 35.410626845 -0.915687565 38.150341592 1.014058043 35.265116465 0.089490805 32.158773990 -0.590987006 33.164641930 -2.454450145 35.373325188 -2.461599440 37.317420128 -2.824360021 37.206351667 2.934687145 35.514929507 -0.925360157 38.253144127 1.026785773
36.630470668 -2.814367395 37.454380253 2.906791484 35.623455382 -0.926791531 38.597407168 1.014391670 35.302541279 0.109004997 32.153823692 -0.606896288 33.695275052 -2.451489076 35.287710531 -2.418455822 37.043514828 -2.800286280 37.145551946 2.911178993 35.418361819 -0.915943681 38.157197779 1.014064368 35.272048653 0.090013649 32.170972433 -0.590359200 33.175296730 -2.455347639 35.382321678 -2.462185073 37.325974494 -2.822124141 37.214784962 2.927831324 35.522987745 -0.925472088 38.259627580 1.025546347
36.636300622 -2.814514677 37.464149329 2.910783569 35.631870459 -0.926092463 38.605673927 1.013197468 35.309350338 0.107512038 32.166166946 -0.604868082 33.708461676 -2.447745529 35.296050321 -2.419234789 37.050890437 -2.801861708 37.153209056 2.912243131 35.426091908 -0.917175995 38.164026075 1.013401627 35.278897052 0.089963269 32.183133726 -0.589522417 33.185960589 -2.456312502 35.391244752 -2.461493894 37.334530651 -2.819541567 37.223429169 2.922058501 35.531031667 -0.925816519 38.266160097 1.023895793
36.642137013 -2.814977198 37.474114222 2.914201871 35.640243142 -0.925725994 38.613990855 1.011859535 35.316184619 0.105673027 32.178440995 -0.602401750 33.721621713 -2.444515193 35.304313191 -2.420522135 37.058211758 -2.802574643 37.160845642 2.912864187 35.433837825 -0.918903800 38.170866007 1.013207117 35.285751535 0.090265506 32.195271681 -0.588095247 33.196519463 -2.456062084 35.400238657 -2.459994066 37.343079361 -2.817385838 37.231927633 2.918839122 35.539066805 -0.926520891 38.272755128 1.021887482
36.647983775 -2.815338801 37.484001992 2.915441763 35.648612916 -0.925474234 38.622324029 1.009079845 35.323065308 0.102634691 32.190622441 -0.599162390 33.734759008 -2.442406890 35.312677642 -2.422443331 37.065464391 -2.802061711 37.168521120 2.913688792 35.441636964 -0.920310409 38.177679387 1.013985784 35.292620334 0.091914630 32.207387920 -0.587284055 33.207011510 -2.456084297 35.409129805 -2.457660444 37.351639142 -2.815728210 37.240398303 2.916716279 35.547096979 -0.926383727 38.279424894 1.019938694
36.653863115 -2.814793103 37.493824572 2.915551433 35.657024791 -0.924942465 38.630726085 1.006471319 35.330126907 0.100232314 32.202706542 -0.594977839 33.747895179 -2.440836849 35.320874669 -2.424885378 37.072687822 -2.801032985 37.176193614 2.914240278 35.449434381 -0.920864000 38.184398402 1.014898088 35.299404155 0.094986319 32.219445271 -0.588319429 33.217565383 -2.457433857 35.417882761 -2.453871620 37.360241031 -2.814627816 37.248865750 2.915493785 35.555101284 -0.925609667 38.286229529 1.018196903
36.659701779 -2.813640862 37.503651746 2.914876578 35.665386488 -0.924172586 38.639093568 1.004394753 35.337334695 0.099480374 32.214801179 -0.591387751 33.761054329 -2.438984358 35.329228751 -2.428136046 37.079883970 -2.799478186 37.183885505 2.914388196 35.457229971 -0.921051568 38.191054554 1.016481784 35.306194894 0.097194055 32.231516552 -0.589469901 33.228072689 -2.459126714 35.426712485 -2.449989931 37.368900555 -2.814812023 37.257284216 2.913914989 35.563081285 -0.924581351 38.293088166 1.016551461
36.665504818 -2.812612670 37.513414150 2.913567690 35.673714036 -0.923247684 38.647488702 1.003133073 35.344423914 0.099365688 32.226718705 -0.588778223 33.774237653 -2.437375535 35.337414479 -2.432048806 37.087020123 -2.797276332 37.191529688 2.914722338 35.465005716 -0.921808888 38.197647123 1.017488656 35.312881382 0.096984585 32.243561384 -0.589277709 33.238557813 -2.460583640 35.435641199 -2.447359311 37.377644120 -2.815530766 37.265720307 2.911492134 35.571038747 -0.923285871 38.299991046 1.015640553
36.671289301 -2.811993119 37.523083302 2.911146786 35.682001370 -0.922349469 38.655868611 1.002453025 35.351576880 0.100026325 32.238617375 -0.586228592 33.787386043 -2.437611021 35.345717089 -2.435462496 37.094158416 -2.795222954 37.199188210 2.915070656 35.472763810 -0.923208396 38.204148372 1.016977590 35.319469949 0.094653156 32.255620328 -0.588547311 33.248917855 -2.460284945 35.444354092 -2.444787956 37.386369582 -2.816473268 37.274060506 2.908366070 35.578999535 -0.922476463 38.306953798 1.016046986
36.677010605 -2.812478170 37.532805267 2.907888698 35.690254024 -0.921755395 38.664298362 1.001566999 35.358704631 0.100135224 32.250414529 -0.584401066 33.800484116 -2.439844962 35.353855308 -2.438114067 37.101280746 -2.794386339 37.206776528 2.914674945 35.480487961 -0.925408314 38.210681299 1.015661645 35.326210127 0.092450121 32.267638750 -0.588379617 33.259242417 -2.460166115 35.453113047 -2.443248318 37.395115190 -2.817344574 37.282484202 2.905761341 35.586928694 -0.922647633 38.313950079 1.017608257
36.682784856 -2.813259446 37.542551818 2.905312261 35.698478720 -0.921845710 38.672739081 1.000273182 35.365765238 0.098638514 32.262228842 -0.584386842 33.813618138 -2.442121925 35.361927640 -2.442014045 37.108330613 -2.793336160 37.214347017 2.912840544 35.488224541 -0.928114930 38.217192520 1.013984446 35.332921305 0.092510852 32.279608135 -0.589788691 33.269447425 -2.461796806 35.461945963 -2.442152578 37.403861754 -2.817829396 37.290772094 2.904959484 35.594851438 -0.923917136 38.320950467 1.019947008
36.688485778 -2.813078614 37.552277124 2.903559260 35.706678267 -0.922021744 38.681140505 0.998868202 35.372929105 0.095424815 32.274002395 -0.585583817 33.826742909 -2.443441640 35.370107802 -2.445231065 37.115420589 -2.792030899 37.221881829 2.910042941 35.495975777 -0.929790295 38.223693913 1.011535623 35.339585782 0.094339506 32.291600591 -0.591262268 33.279618552 -2.462434748 35.470641462 -2.440038491 37.412571594 -2.819154983 37.299035423 2.905154772 35.602803818 -0.925870995 38.327956249 1.022071359
36.694163406 -2.812137781 37.561987035 2.903124968 35.714851976 -0.922318350 38.689485915 0.997958775 35.380125483 0.090436272 32.285783218 -0.587171973 33.839873592 -2.443264778 35.378233100 -2.446710627 37.122428327 -2.792198562 37.229425005 2.907922550 35.503763021 -0.930527908 38.230225515 1.008525579 35.346167822 0.097640692 32.303563824 -0.590888295 33.289771214 -2.461856680 35.479292888 -2.438874442 37.421257241 -2.820765106 37.307279124 2.905627866 35.610778077 -0.927552078 38.334893054 1.023366255
36.699859085 -2.810213617 37.571693486 2.904828768 35.723022890 -0.922876180 38.697780759 0.997286822 35.387356676 0.085215409 32.297560520 -0.589612284 33.853034573 -2.441585449 35.386540765 -2.446901381 37.129398116 -2.793334339 37.236960017 2.907919169 35.511562984 -0.930464173 38.236736736 1.005828224 35.352761359 0.101034138 32.315510744 -0.589873325 33.299872784 -2.461120137 35.487878236 -2.439889376 37.429852071 -2.821362572 37.315483590 2.904642514 35.618804908 -0.928553490 38.341779322 1.024131085
36.705538245 -2.807267114 37.581428007 2.907529588 35.731213172 -0.924085535 38.705976226 0.997614123 35.394801729 0.081534354 32.309348532 -0.592650526 33.866252220 -2.440804514 35.394849016 -2.447447296 37.136379098 -2.794332258 37.244500903 2.907893871 35.519355062 -0.929742086 38.243171648 1.004054936 35.359220109 0.103533826 32.327416804 -0.589918479 33.309908660 -2.460523798 35.496425835 -2.442648113 37.438417901 -2.821111958 37.323767768 2.902543851 35.626803589 -0.929461775 38.348488484 1.023981117
36.711229695 -2.804113200 37.591178559 2.908883683 35.739444614 -0.925832329 38.714105485 0.998201969 35.402108019 0.077890287 32.321221247 -0.595125331 33.879404867 -2.441757865 35.403092084 -2.447902031 37.143318815 -2.795692614 37.252064660 2.906966060 35.527087286 -0.928724866 38.249504182 1.002920149 35.365615639 0.104746803 32.339262057 -0.589700024 33.319942119 -2.460291402 35.505022105 -2.445526897 37.446910898 -2.820119606 37.332076868 2.901126432 35.634812176 -0.930765532 38.355184771 1.023344043
36.716916335 -2.801844501 37.600821402 2.909785655 35.747723794 -0.927323953 38.722181879 0.999223632 35.409597562 0.074854093 32.333093649 -0.595615418 33.892514028 -2.443046341 35.411233806 -2.445970352 37.150202500 -2.798060655 37.259693543 2.906180698 35.534734016 -0.927438661 38.255728094 1.002117438 35.372042396 0.104653899 32.351029216 -0.587191284 33.329932853 -2.460135501 35.513759654 -2.447598581 37.455418616 -2.818911975 37.340394939 2.901535029 35.642809517 -0.931649103 38.361744066 1.021925686
36.722542121 -2.800262478 37.610353667 2.912487668 35.756000160 -0.928519060 38.730239363 1.001334160 35.416998709 0.074633198 32.344923306 -0.593720076 33.905508417 -2.445260049 35.419383921 -2.442882534 37.157107583 -2.800987956 37.267289224 2.905459374 35.542343134 -0.925834280 38.261879529 1.002287973 35.378547333 0.103373370 32.362783035 -0.583714120 33.340030035 -2.460534043 35.522454212 -2.448718498 37.463877191 -2.817753652 37.348710171 2.902996066 35.650789179 -0.932068556 38.368233697 1.019622406
36.728198622 -2.799730678 37.620075472 2.915130840 35.764261855 -0.928099048 38.738319660 1.003433391 35.424302831 0.076757568 32.356784006 -0.591452689 33.918461821 -2.449521062 35.427523969 -2.438831308 37.164060423 -2.803036679 37.274862581 2.903898561 35.549902210 -0.924634903 38.267956168 1.003875065 35.385048955 0.102306534 32.374480019 -0.581203436 33.350143307 -2.462454544 35.531218073 -2.449628219 37.472356764 -2.816536162 37.357024984 2.903718595 35.658728221 -0.932568427 38.374774493 1.017778809
36.733777727 -2.799604489 37.629542854 2.916817769 35.772485196 -0.926064408 38.746395530 1.005948330 35.431550713 0.079832144 32.368535967 -0.590146745 33.931582747 -2.454625963 35.435768063 -2.435152987 37.170971627 -2.803564148 37.282519792 2.901057483 35.557379879 -0.923096563 38.273992726 1.006510071 35.391508659 0.103157733 32.386078307 -0.579176272 33.360159136 -2.464054355 35.539925492 -2.450168445 37.480819349 -2.815390319 37.365291682 2.903945383 35.666652108 -0.933318273 38.381303173 1.016680019
36.739343503 -2.798256558 37.639081754 2.918482309 35.780700113 -0.924583567 38.754460579 1.009647462 35.438618097 0.083698763 32.380210725 -0.588939719 33.944599364 -2.458321910 35.443881542 -2.432362259 37.177903423 -2.803875103 37.290399811 2.898111618 35.564848825 -0.921446961 38.279996135 1.008768130 35.398006590 0.103295773 32.397594544 -0.576012146 33.370164704 -2.463966256 35.548634100 -2.451119252 37.489229729 -2.813723075 37.373561309 2.903990784 35.674546733 -0.933032560 38.387873796 1.016525052
36.744908893 -2.796455007 37.648553965 2.921034572 35.788843517 -0.924475504 38.762598666 1.013639994 35.445576335 0.089229851 32.391978423 -0.587167112 33.957445624 -2.460644031 35.451994993 -2.430469654 37.184849000 -2.804796632 37.298231625 2.896278450 35.572241886 -0.919751958 38.285920315 1.010202506 35.404452078 0.101100414 32.409118934 -0.572676645 33.380142517 -2.462472804 35.557373094 -2.453725028 37.497633234 -2.811708670 37.381748451 2.903509526 35.682426787 -0.931489490 38.394492132 1.016876084
36.750499493 -2.794895568 37.657998697 2.925218979 35.796952362 -0.923792612 38.770782771 1.015843178 35.452650150 0.096148834 32.403616023 -0.584697255 33.970319206 -2.462539274 35.460054819 -2.430236300 37.191802454 -2.805075694 37.305915414 2.894411522 35.579654457 -0.917836151 38.291940160 1.011461620 35.410875392 0.096961270 32.420494549 -0.569157409 33.390058538 -2.460042157 35.566150141 -2.455617396 37.506050210 -2.810090012 37.389878933 2.901801313 35.690258992 -0.929621012 38.401093184 1.018263476
36.756006225 -2.793626062 37.667591665 2.928893446 35.805066629 -0.922953552 38.779082453 1.016793030 35.459341770 0.104224490 32.415227090 -0.581466249 33.983311633 -2.463175519 35.468050887 -2.431528929 37.198723348 -2.803916514 37.313592756 2.891713912 35.586996871 -0.916395459 38.297976745 1.012589270 35.417446821 0.092022894 32.431918488 -0.565749548 33.399955260 -2.457635136 35.574840246 -2.457403910 37.514428036 -2.807906885 37.398035608 2.899196138 35.698052051 -0.927804902 38.407724923 1.019884759
36.761513904 -2.793364366 37.677191468 2.930086279 35.813103765 -0.923381761 38.787424964 1.018431731 35.466401033 0.110955614 32.426815678 -0.577617906 33.996185437 -2.461743343 35.475971828 -2.434913085 37.205647000 -2.802067548 37.321198979 2.890518266 35.594309764 -0.915438973 38.304004307 1.013700655 35.423972342 0.086419243 32.443252252 -0.564743828 33.409775581 -2.453984388 35.583574983 -2.459705914 37.522917703 -2.805941312 37.406188545 2.896509853 35.705768386 -0.926157325 38.414363777 1.020488221
36.766972463 -2.794263507 37.686830702 2.928906956 35.821137446 -0.923884011 38.795884480 1.020058451 35.472806788 0.116564987 32.438459849 -0.574748242 34.009201927 -2.459096329 35.484048578 -2.437732258 37.212612106 -2.799927494 37.328625527 2.891715625 35.601580046 -0.915352147 38.310126353 1.014309205 35.430741032 0.081749959 32.454556306 -0.565763495 33.419501304 -2.449043272 35.592202610 -2.462346326 37.531386210 -2.806067540 37.414333539 2.894719396 35.713445396 -0.924189053 38.421026938 1.020785364
36.772436114 -2.795976580 37.696482034 2.926729184 35.829190197 -0.924446236 38.804350274 1.020216501 35.479430601 0.122358552 32.449953322 -0.573415746 34.022181386 -2.455934000 35.491969953 -2.440081101 37.219567101 -2.797147971 37.335926142 2.894906385 35.608834784 -0.915514778 38.316207867 1.014271066 35.437551359 0.079156573 32.465835574 -0.567499940 33.429155433 -2.443392270 35.600895617 -2.466326416 37.539866337 -2.806921772 37.422374702 2.893652501 35.721107867 -0.923257816 38.427677690 1.020706517
36.777981405 -2.797358983 37.706197814 2.925887262 35.837253300 -0.925476509 38.812822854 1.019344165 35.485800557 0.127738399 32.461393698 -0.572909664 34.035283257 -2.451482953 35.499843611 -2.444252144 37.226596246 -2.793810773 37.343146610 2.899757351 35.616069517 -0.916226934 38.322327535 1.014550137 35.444249884 0.075984601 32.477140961 -0.569380099 33.438914993 -2.438236787 35.609561103 -2.470901955 37.548330984 -2.807675275 37.430428940 2.892485934 35.728714340 -0.923043959 38.434313208 1.019834448
36.783492684 -2.797838192 37.715914193 2.926822443 35.845326298 -0.926283951 38.821284701 1.017861393 35.492082623 0.132945336 32.472800746 -0.572146876 34.048542033 -2.447170727 35.507752041 -2.449160384 37.233712194 -2.791428895 37.350280482 2.905991380 35.623304264 -0.917712630 38.328388453 1.015385419 35.451032305 0.072837300 32.488518852 -0.571918135 33.448634398 -2.435287145 35.618379767 -2.474102859 37.556784595 -2.808699314 37.438371603 2.892057062 35.736295631 -0.922285835 38.440892458 1.017660693
36.788967626 -2.797261108 37.725674752 2.927592294 35.853442304 -0.926840872 38.829758362 1.017006292 35.498394118 0.136265015 32.484202346 -0.571007243 34.061638105 -2.442919343 35.515566187 -2.454385606 37.240832689 -2.789488692 37.357400134 2.912985680 35.630572500 -0.919327866 38.334409192 1.016090809 35.457697975 0.069710175 32.499941496 -0.575425256 33.458146313 -2.434987683 35.627057190 -2.476026640 37.565183052 -2.809634143 37.446144770 2.893163661 35.743868370 -0.921996562 38.447537974 1.016006827
36.794429409 -2.796125730 37.735430628 2.928754910 35.861505053 -0.928267576 38.838152663 1.017306458 35.504500313 0.137861830 32.495513830 -0.570057149 34.074711966 -2.437013998 35.523490691 -2.458504854 37.247970966 -2.787341160 37.364541975 2.918421324 35.637859395 -0.921186422 38.340349818 1.016400391 35.464538087 0.064981681 32.511443133 -0.578560244 33.467484527 -2.437186357 35.635725336 -2.476886459 37.573555071 -2.810029493 37.453963541 2.895842924 35.751396305 -0.922013267 38.454137873 1.016553527
36.799807660 -2.796634876 37.745279175 2.929723546 35.869548565 -0.930070818 38.846571737 1.017709021 35.510546178 0.140287658 32.506876510 -0.568920208 34.087892845 -2.430878786 35.531253947 -2.461542942 37.255140875 -2.786506403 37.371437920 2.922493142 35.645183108 -0.923060744 38.346164474 1.016432190 35.471456972 0.061227709 32.522968706 -0.580203638 33.476775380 -2.440907094 35.644346492 -2.475306299 37.581866226 -2.809991903 37.461553754 2.899534145 35.758947511 -0.921452939 38.460718118 1.017116613
36.805135211 -2.798102395 37.755128413 2.930530435 35.877589085 -0.931875684 38.854862141 1.017826719 35.516678993 0.142264036 32.518231205 -0.566491152 34.101160342 -2.426952111 35.538928041 -2.465696778 37.262235825 -2.786986516 37.378278842 2.925428210 35.652511333 -0.924448187 38.351902365 1.017015885 35.478254854 0.060407693 32.534507408 -0.581083387 33.485993872 -2.445581597 35.652954041 -2.472143480 37.590224403 -2.810189509 37.469087057 2.903901618 35.766498039 -0.921617567 38.467262896 1.016020174
36.810396855 -2.798311295 37.765069497 2.931202580 35.885640647 -0.933561963 38.863081400 1.017067487 35.522989543 0.141598804 32.529539271 -0.563680077 34.114307344 -2.426079406 35.546701709 -2.469024747 37.269345503 -2.787261910 37.385060301 2.926706616 35.659821284 -0.926323110 38.357614900 1.018236330 35.484919399 0.062031769 32.546035128 -0.581928297 33.495199777 -2.450391433 35.661615792 -2.469852008 37.598501374 -2.811644968 37.476718367 2.908960840 35.774020319 -0.923557484 38.473745558 1.014062255
36.815604477 -2.797523890 37.774989203 2.929594349 35.893666304 -0.933876613 38.871259760 1.015561876 35.529235653 0.138730808 32.540765598 -0.562359313 34.127414661 -2.427204748 35.554472995 -2.470056145 37.276413322 -2.787351548 37.391609849 2.926604107 35.667178088 -0.928221975 38.363275084 1.019682319 35.491668538 0.064138416 32.557570152 -0.582163074 33.504327486 -2.455056497 35.670242520 -2.470132235 37.606858575 -2.814108210 37.484277851 2.913864676 35.781579400 -0.925996526 38.480219845 1.013264099
36.820747047 -2.796257924 37.784900847 2.926086685 35.901641481 -0.934018940 38.879466988 1.014269226 35.535466261 0.134027980 32.551927608 -0.561421179 34.140535688 -2.429535478 35.562069575 -2.471476769 37.283395690 -2.788037761 37.398160701 2.924326224 35.674522389 -0.929624847 38.368811203 1.021219678 35.498197983 0.066267820 32.569073730 -0.582054265 33.513467706 -2.458371408 35.678817363 -2.471065849 37.615155258 -2.816200158 37.491671353 2.918336220 35.789162920 -0.927213726 38.486635057 1.013206093
36.825913112 -2.794656450 37.794868059 2.921895813 35.909599418 -0.933564798 38.887727668 1.013251344 35.541968667 0.130110254 32.563054201 -0.559519184 34.153686727 -2.431404069 35.569741058 -2.473133620 37.290349709 -2.789559298 37.404673261 2.922131358 35.681869759 -0.930341512 38.374272608 1.022669169 35.504697253 0.068539495 32.580538781 -0.581878483 33.522509119 -2.459706098 35.687382641 -2.470282630 37.623371772 -2.817196544 37.499093727 2.922878223 35.796758297 -0.927753573 38.493029119 1.013764773
36.831002618 -2.793093950 37.804765575 2.917569576 35.917538740 -0.932165318 38.896013679 1.012947546 35.548467737 0.129158101 32.574195212 -0.558016149 34.166878153 -2.432304966 35.577323659 -2.472684402 37.297277130 -2.791777313 37.411086020 2.921640062 35.689195699 -0.930239308 38.379502424 1.025239919 35.511120753 0.071308769 32.591985161 -0.581561797 33.531536348 -2.459851612 35.695863936 -2.467369562 37.631478372 -2.816892134 37.506583705 2.926332708 35.804338328 -0.927700110 38.499344163 1.016097980
36.836000547 -2.791645974 37.814771459 2.913831739 35.925417449 -0.931575648 38.904267519 1.014196045 35.554965667 0.128364686 32.585285236 -0.557436116 34.179963121 -2.432968990 35.584955207 -2.471864230 37.304199099 -2.794460196 37.417472779 2.922730364 35.696434076 -0.929504633 38.384780946 1.028776262 35.517357441 0.075922863 32.603401032 -0.581488696 33.540490139 -2.458281787 35.704291082 -2.462648951 37.639550823 -2.815715381 37.514242566 2.927942182 35.811894171 -0.925843492 38.505605335 1.019909273
36.840929146 -2.790423322 37.824730434 2.912317059 35.933243665 -0.930846042 38.912415250 1.016857044 35.561515313 0.125392044 32.596359625 -0.556807123 34.193143580 -2.433645884 35.592476599 -2.470951501 37.311181387 -2.796751627 37.424103052 2.923884148 35.703665812 -0.928121584 38.389923086 1.030982224 35.523424699 0.082072639 32.614781010 -0.581447287 33.549366963 -2.455357208 35.712846494 -2.458265255 37.647751230 -2.814688028 37.521881660 2.927446944 35.819479591 -0.924485649 38.511910042 1.024510732
36.845783011 -2.789381660 37.834642683 2.911710122 35.941036718 -0.929750751 38.920631386 1.019409995 35.568091130 0.120964444 32.607427770 -0.556524381 34.206210070 -2.435773601 35.599998812 -2.468176932 37.318154290 -2.797624716 37.430661364 2.923035897 35.710822362 -0.926020620 38.394941383 1.031897942 35.529658028 0.087195328 32.626103809 -0.580071036 33.558270971 -2.453453832 35.721313373 -2.455464099 37.655933586 -2.813713578 37.529558750 2.924850013 35.826997575 -0.924199835 38.518171041 1.029200018
36.850587894 -2.788269750 37.844578938 2.910903732 35.948776124 -0.930099974 38.928743867 1.020925445 35.574675754 0.115326748 32.618462825 -0.556577339 34.219221787 -2.439940389 35.607433282 -2.463635021 37.325122628 -2.797784279 37.437175354 2.920140861 35.717952786 -0.923789236 38.399938649 1.032095983 35.535591861 0.091463173 32.637358168 -0.576977888 33.567026847 -2.451868460 35.729772808 -2.454431707 37.664195864 -2.811862246 37.537198086 2.920503377 35.834489454 -0.924341889 38.524413604 1.033478583
36.855303498 -2.785866310 37.854510278 2.910128846 35.956516587 -0.931426182 38.936757137 1.022130760 35.581339785 0.108324372 32.629513246 -0.556595625 34.232445071 -2.445352573 35.615085698 -2.459850015 37.332097387 -2.797496161 37.443761197 2.917729099 35.724948691 -0.921011034 38.404804200 1.031368681 35.541439625 0.097323694 32.648678192 -0.574260892 33.575876315 -2.448453350 35.738249527 -2.455055244 37.672504515 -2.809839977 37.545024978 2.914911321 35.841974644 -0.925475241 38.530625151 1.036242574
36.860081174 -2.783301837 37.864477209 2.909034266 35.964258810 -0.932016891 38.944743036 1.022283153 35.588109116 0.100188029 32.640548784 -0.556835779 34.245733082 -2.449407882 35.622531601 -2.457906520 37.339069464 -2.796221266 37.450350422 2.915720092 35.731976390 -0.918156129 38.409656160 1.030704518 35.547204579 0.104512090 32.659876987 -0.572461355 33.584683721 -2.445627195 35.746670313 -2.456163210 37.680865730 -2.808301731 37.552756347 2.908342812 35.849445205 -0.926865690 38.536864216 1.038928181
36.864814158 -2.781153026 37.874483228 2.906967307 35.971967685 -0.930861014 38.952777471 1.021617198 35.595259601 0.091108975 32.651573670 -0.557053073 34.258938483 -2.451489919 35.629888351 -2.455195230 37.346023535 -2.794358591 37.456926637 2.912450572 35.738919069 -0.916536519 38.414520780 1.031342753 35.553130173 0.110503417 32.671003931 -0.570359518 33.593346447 -2.444678943 35.755163700 -2.457914535 37.689290281 -2.806703143 37.560494866 2.900752221 35.856942645 -0.928018513 38.543176810 1.041745031
36.869584283 -2.778922874 37.884449253 2.903228731 35.979688881 -0.928927557 38.960831034 1.020281551 35.602605910 0.083546570 32.662580962 -0.557615504 34.272154421 -2.451928481 35.637441706 -2.452009731 37.352985105 -2.792082371 37.463410897 2.908440302 35.745802449 -0.915542790 38.419451575 1.032624598 35.558719112 0.115497844 32.682025639 -0.566935139 33.601928645 -2.445620754 35.763610248 -2.460431524 37.697735080 -2.805347916 37.568263098 2.892250970 35.864437982 -0.929768703 38.549553080 1.043259802
36.874275421 -2.778108527 37.894409399 2.897953420 35.987371557 -0.927137182 38.968949017 1.019109612 35.610049414 0.079550018 32.673557303 -0.558155855 34.285361429 -2.451214088 35.644821825 -2.448430119 37.360035084 -2.790339746 37.469995490 2.904567712 35.752658247 -0.915450870 38.424428380 1.033090939 35.564475462 0.121967673 32.693042072 -0.562818701 33.610464535 -2.446405421 35.772049476 -2.461864380 37.706186887 -2.804098394 37.576303653 2.882992212 35.871901255 -0.932798407 38.555854104 1.044182072
36.878848049 -2.779463661 37.904498644 2.891927447 35.995018055 -0.926221900 38.977166071 1.019529077 35.617213639 0.078521362 32.684531655 -0.558830470 34.298576373 -2.449540284 35.652273493 -2.445448114 37.366977033 -2.788881043 37.476413049 2.901149914 35.759502071 -0.916712382 38.429624325 1.033912346 35.570178533 0.127359724 32.704038530 -0.559374480 33.618966351 -2.446609968 35.780502482 -2.460769872 37.714699780 -2.803740586 37.584540728 2.874791298 35.879474357 -0.935375315 38.562132867 1.044390371
36.883348244 -2.781832405 37.914849074 2.887435988 36.002608973 -0.925594894 38.985462159 1.019697211 35.624307671 0.078878256 32.695526542 -0.560620057 34.312043279 -2.447784665 35.659585024 -2.443901841 37.373957111 -2.788303520 37.482881112 2.898455741 35.766360070 -0.918876316 38.434783749 1.036379561 35.575592412 0.131853669 32.714935146 -0.557549784 33.627443146 -2.447134559 35.788914729 -2.459857932 37.723215062 -2.805303893 37.592492920 2.867995605 35.886990472 -0.935773823 38.568319482 1.042932869
36.887733302 -2.785045785 37.925055728 2.885852670 36.010224916 -0.924388937 38.993883697 1.019703484 35.631334827 0.080388350 32.706512026 -0.562520184 34.325384865 -2.445960530 35.666991655 -2.441252127 37.381038324 -2.788190419 37.489288918 2.897900113 35.773207329 -0.921443553 38.440047582 1.039191821 35.580980935 0.135598318 32.725883835 -0.557592808 33.635866248 -2.447354936 35.797262729 -2.459098247 37.731788844 -2.807045850 37.600341458 2.860681984 35.894490055 -0.936114236 38.574491426 1.040849670
36.892011595 -2.789698929 37.935213990 2.884533417 36.017810863 -0.923551942 39.002317640 1.020418644 35.638390709 0.081645990 32.717424118 -0.565278370 34.338694232 -2.442056196 35.674384402 -2.439044690 37.388051789 -2.786274723 37.495654689 2.898511030 35.780087620 -0.924188633 38.445301866 1.040160789 35.586247470 0.136412320 32.736861516 -0.558409730 33.644255831 -2.447693369 35.805594254 -2.457017792 37.740355877 -2.808494728 37.608408816 2.854588726 35.901958217 -0.937425675 38.580592728 1.038374841
36.896353910 -2.794480909 37.945364731 2.882525287 36.025383807 -0.922527793 39.010776101 1.020508074 35.645405422 0.080398031 32.728380975 -0.568805432 34.352113719 -2.438804320 35.681649149 -2.437206068 37.395168002 -2.783094632 37.502053054 2.898953798 35.786970314 -0.927218299 38.450561589 1.038838238 35.591555149 0.134783060 32.747796328 -0.559672332 33.652545402 -2.447597165 35.813925939 -2.456123400 37.748903855 -2.809988827 37.616206430 2.850529528 35.909401773 -0.938115031 38.586649824 1.034928831
36.900708255 -2.797557558 37.955480647 2.881230006 36.032961765 -0.920904107 39.019224517 1.018943139 35.652793996 0.079358680 32.739350104 -0.571398694 34.365493337 -2.436096033 35.688985823 -2.433378985 37.402485654 -2.780616477 37.508445070 2.900365880 35.793938987 -0.929437672 38.455911293 1.037109658 35.596729104 0.131117800 32.758765851 -0.561688673 33.660731626 -2.445965060 35.822296655 -2.456300449 37.757522870 -2.811605331 37.623875250 2.846897661 35.916808213 -0.937797078 38.592733070 1.031560659
36.904906990 -2.800034432 37.965541058 2.880426628 36.040500782 -0.918526507 39.027582688 1.016024853 17.828237799 0.079511846 32.750361418 -0.572291965 34.378815519 -2.431858045 35.696318214 -2.427896137 37.409682371 -2.779642172 37.515069553 2.903723389 35.800925923 -0.929872270 38.461384729 1.035962546 17.799729579 0.128823043 32.769766899 -0.563786513 33.668904825 -2.444605293 35.830760324 -2.457311074 37.766099705 -2.812919062 37.631606775 2.844779423 35.924180941 -0.937290094 38.598718709 1.028121313
36.909120799 -2.803539843 37.975714358 2.880904188 36.048045114 -0.915968487 39.036013643 1.013686051 0.000000000 0.000000000 32.761357056 -0.571472512 34.392167158 -2.426881018 35.703538134 -2.421070320 37.416842379 -2.779343248 37.521776137 2.906520593 35.807845422 -0.928759905 38.466902676 1.035691617 0.000000000 0.000000000 32.780818578 -0.564958006 33.676984676 -2.445082924 35.839240342 -2.458094507 37.774677446 -2.813248934 37.639020766 2.843294764 35.931511049 -0.936644641 38.604730731 1.024928036
36.913277267 -2.808028434 37.985758269 2.881302198 36.055588658 -0.914586951 39.044313993 1.013444356 0.000000000 0.000000000 32.772330885 -0.570248662 34.405468017 -2.421196388 35.710788363 -2.413127181 37.423934842 -2.780270562 37.528380295 2.907671829 35.814733505 -0.926810293 38.472313772 1.036486952 0.000000000 0.000000000 32.791847004 -0.565736599 33.685002842 -2.445744844 35.847623963 -2.456465266 37.783361825 -2.813979420 37.646416318 2.840162158 35.938784020 -0.934667025 38.610708952 1.023589454
36.917639434 -2.812045374 37.995759580 2.881631044 36.063063550 -0.914413143 39.052601071 1.014112358 0.000000000 0.000000000 32.783185914 -0.569126746 34.418970921 -2.415510298 35.718202597 -2.406509190 37.431007554 -2.782026033 37.534912096 2.909224509 35.821541296 -0.924993961 38.477804012 1.038404694 0.000000000 0.000000000 32.802879875 -0.566236990 33.693010006 -2.444950960 35.856139680 -2.454076490 37.792089975 -2.815010858 37.653588074 2.835376400 35.946060340 -0.932700611 38.616555535 1.024594597
36.921914361 -2.814322107 38.005818032 2.883758193 36.070567821 -0.914870148 39.060806550 1.013440874 0.000000000 0.000000000 32.793956980 -0.567805577 34.432426679 -2.411740415 35.725477622 -2.403288332 37.437972134 -2.783469071 37.541462171 2.912291109 35.828250986 -0.922668394 38.483274213 1.040002542 0.000000000 0.000000000 32.813923099 -0.565963788 33.700887475 -2.442305246 35.864582884 -2.451728999 37.800845536 -2.814442450 37.660846892 2.831388441 35.953216769 -0.930797621 38.622295060 1.027477744
36.926309717 -2.816461965 38.015902128 2.887355003 36.078049853 -0.915952272 39.069141939 1.012198075 0.000000000 0.000000000 32.804699734 -0.566492612 34.445950880 -2.410822241 35.732593515 -2.401788064 37.444835497 -2.784407151 37.547979483 2.914989963 35.834955661 -0.921185925 38.488675154 1.039674948 0.000000000 0.000000000 32.824876351 -0.565580725 33.708868332 -2.439193538 35.873036636 -2.449100338 37.809608817 -2.812620512 37.667893175 2.828533428 35.960364106 -0.929026436 38.628057920 1.031379821
36.930779742 -2.817848479 38.026167543 2.891064394 36.085529479 -0.918221234 39.077362296 1.011354830 0.000000000 0.000000000 32.815410743 -0.564936868 34.459371132 -2.412435224 35.739662539 -2.401721205 37.451614573 -2.785278640 37.554481936 2.915560996 35.841557859 -0.920800754 38.494181664 1.037743680 0.000000000 0.000000000 32.835798806 -0.565076896 33.716728977 -2.437525159 35.881439612 -2.446266819 37.818391369 -2.810677314 37.674943059 2.824446587 35.967422708 -0.928608023 38.633761728 1.034779142
36.935226810 -2.817182185 38.036698416 2.892743606 36.093094918 -0.921020279 39.085554493 1.010933277 0.000000000 0.000000000 32.826090995 -0.564433881 34.472751990 -2.416156049 35.746724854 -2.402513799 37.458461792 -2.787542828 37.560924003 2.914966248 35.848206421 -0.920234116 38.499677763 1.035823073 0.000000000 0.000000000 32.846659476 -0.563766711 33.724559599 -2.435984326 35.890008596 -2.444608908 37.827182874 -2.809189223 37.681968293 2.821041151 35.974526122 -0.927575720 38.639343145 1.036896592
36.939709483 -2.815569184 38.047186449 2.893784520 36.100709373 -0.922836193 39.093774785 1.012084232 0.000000000 0.000000000 32.836692055 -0.564686684 34.486356596 -2.419326220 35.753743006 -2.401733098 37.465079017 -2.791345515 37.567281182 2.913041940 35.854828124 -0.919477117 38.505042190 1.035423916 0.000000000 0.000000000 32.857462595 -0.561015099 33.732246481 -2.432273951 35.898397155 -2.445506964 37.835959706 -2.808733306 37.688834332 2.820317641 35.981618503 -0.925870953 38.644895879 1.037713200
36.944179519 -2.813239096 38.057722482 2.895392603 36.108339010 -0.923875288 39.102089601 1.014845543 0.000000000 0.000000000 32.847228579 -0.565434118 34.499952025 -2.421017443 35.760987255 -2.399729323 37.471701886 -2.795393865 37.573775411 2.911059867 35.861445011 -0.918082840 38.510255987 1.034479756 0.000000000 0.000000000 32.868271606 -0.557782491 33.740149660 -2.429183325 35.906810868 -2.448534278 37.844866615 -2.809204427 37.695626344 2.821828599 35.988625116 -0.923710850 38.650501445 1.038656872
36.948705761 -2.810329282 38.068366791 2.895679168 36.115976382 -0.923933535 39.110359997 1.018948572 0.000000000 0.000000000 32.857768935 -0.567152048 34.513501224 -2.422211868 35.768007532 -2.398081358 37.478219249 -2.799570240 37.580127759 2.911209297 35.868029341 -0.916624399 38.515435420 1.032193090 0.000000000 0.000000000 32.878967272 -0.555370208 33.747825703 -2.426608585 35.915110429 -2.453334787 37.853664790 -2.810349180 37.702484798 2.825263717 35.995680924 -0.921822105 38.656251258 1.039633851
36.953242698 -2.808141945 38.078975011 2.893766471 36.123604592 -0.922880554 39.118721435 1.023910075 0.000000000 0.000000000 32.868415613 -0.568138854 34.527074409 -2.421637709 35.775052287 -2.395796373 37.484833267 -2.802812290 37.586506100 2.911333776 35.874560970 -0.916360999 38.520481121 1.030165069 0.000000000 0.000000000 32.889585031 -0.554404125 33.755639749 -2.424463766 35.923604778 -2.457333859 37.862365497 -2.810617071 37.709241451 2.830301310 36.002656761 -0.921380941 38.662037590 1.040464326
36.957653874 -2.805851945 38.089717662 2.892173210 36.131211573 -0.921890636 39.127174114 1.027645677 0.000000000 0.000000000 32.879156038 -0.567916060 34.540648472 -2.418787279 35.782253308 -2.393892847 37.491397221 -2.804271431 37.592934038 2.910724355 35.881062074 -0.916836879 38.525322859 1.028175590 0.000000000 0.000000000 32.900085561 -0.554534461 33.763329416 -2.424466594 35.932015801 -2.458538887 37.870968337 -2.808819017 37.716078911 2.834498050 36.009588137 -0.921495780 38.667900880 1.040784334
36.961992277 -2.801943470 38.100410793 2.891012848 36.138760847 -0.920605566 39.135698171 1.028818228 0.000000000 0.000000000 32.889829812 -0.567037641 34.554329746 -2.416413585 35.789280339 -2.393946746 37.497944596 -2.805172657 37.599316111 2.909503726 35.887566819 -0.917227973 38.530085643 1.025782704 0.000000000 0.000000000 32.910604663 -0.553652910 33.770967389 -2.425432825 35.940400361 -2.457416637 37.879596769 -2.806806420 37.722803371 2.835819864 36.016509477 -0.922370246 38.673744318 1.038932618
36.966345290 -2.797971037 38.111294881 2.889119957 36.146274496 -0.918691442 39.144232636 1.028896018 0.000000000 0.000000000 32.900415297 -0.564986999 34.568103260 -2.416805845 35.796195072 -2.395542009 37.504541428 -2.804787129 37.605857397 2.907429417 35.894071631 -0.917740413 38.534821525 1.024730522 0.000000000 0.000000000 32.921061584 -0.551820412 33.778646961 -2.426148252 35.948745612 -2.454205279 37.888162053 -2.805675448 37.729423831 2.836921300 36.023539875 -0.922461475 38.679616209 1.036124440
36.970734937 -2.795755858 38.122130264 2.886821563 36.153736305 -0.916400917 39.152776804 1.029628771 0.000000000 0.000000000 32.911015630 -0.560792740 34.581817791 -2.417738446 35.803099835 -2.399066241 37.511190435 -2.802797531 37.612362778 2.904643685 35.900581050 -0.918561728 38.539388681 1.024991606 0.000000000 0.000000000 32.931445916 -0.549339386 33.786241778 -2.427479935 35.957186220 -2.451529413 37.896666877 -2.804709041 37.736023362 2.840012536 36.030581553 -0.922428057 38.685501398 1.034478245
36.975004948 -2.795020005 38.133005878 2.885277998 36.161184840 -0.914403017 39.161292831 1.031284989 0.000000000 0.000000000 32.921639418 -0.556117768 34.595685752 -2.419120759 35.809915474 -2.404286212 37.517829250 -2.800117150 37.618947367 2.900448334 35.907117172 -0.918944320 38.543871129 1.026346973 0.000000000 0.000000000 32.941868712 -0.546647924 33.793904938 -2.428827814 35.965507743 -2.449743400 37.905247318 -2.803212200 37.742681593 2.844762152 36.037626439 -0.922764809 38.691439160 1.035064739
36.979220230 -2.794329578 38.143756908 2.886139672 36.168561981 -0.913903742 39.169811089 1.032596589 0.000000000 0.000000000 32.932079131 -0.551901730 34.609571839 -2.422615956 35.816726474 -2.410918302 37.524555495 -2.797288774 37.625538101 2.896548403 35.913664735 -0.918150008 38.548342936 1.029019025 0.000000000 0.000000000 32.952218025 -0.545117521 33.801471149 -2.429041408 35.974036647 -2.448698924 37.913803978 -2.801861188 37.749351640 2.850567819 36.044653196 -0.923133135 38.697348107 1.037670199
36.983315816 -2.792191700 38.154380916 2.889006080 36.175932034 -0.914043610 39.178323159 1.032280875 0.000000000 0.000000000 32.942447855 -0.548371826 34.623634844 -2.425505820 35.823674751 -2.416444070 37.531353323 -2.794876478 37.632016176 2.892592668 35.920192388 -0.918140420 38.552784141 1.031867406 0.000000000 0.000000000 32.962519445 -0.544926633 33.809104366 -2.428441544 35.982411480 -2.447828708 37.922275008 -2.800196917 37.755951623 2.857251689 36.051672793 -0.924656180 38.703235344 1.041848054
36.987327810 -2.788407650 38.165328960 2.891395205 36.183277484 -0.914076731 39.186932252 1.030157546 0.000000000 0.000000000 32.952791132 -0.545683384 34.637692721 -2.427912387 35.830394659 -2.421047763 37.538255864 -2.793292336 37.638768562 2.889297539 35.926684926 -0.919832046 38.557188474 1.035091890 0.000000000 0.000000000 32.972788074 -0.545313167 33.816661389 -2.426315056 35.990802305 -2.447103622 37.930781186 -2.798439426 37.762655660 2.864990390 36.058673080 -0.927234269 38.709155805 1.047010399
36.991458649 -2.783769679 38.175994428 2.893386015 36.190582596 -0.914916841 39.195716821 1.026951755 0.000000000 0.000000000 32.963125255 -0.543898175 34.652102985 -2.432276841 35.837055138 -2.427165548 37.545187892 -2.791713369 37.645307603 2.888726222 35.933221228 -0.921705144 38.561735226 1.037426544 0.000000000 0.000000000 32.983087324 -0.545706242 33.824216982 -2.423425000 35.999109365 -2.448774581 37.939278638 -2.798407507 37.769558846 2.872542563 36.065729234 -0.930542370 38.715002751 1.053102912
36.995592806 -2.779768850 38.186554850 2.897194245 36.197895021 -0.917460360 39.204669518 1.024933640 0.000000000 0.000000000 32.973364946 -0.543504129 34.666578787 -2.436856375 35.843787191 -2.434544726 37.552164787 -2.790332141 37.651759286 2.890424156 35.939735242 -0.923438334 38.566166189 1.039371807 0.000000000 0.000000000 32.993313103 -0.544903484 33.831671607 -2.419635288 36.007480612 -2.450166694 37.947804252 -2.800250579 37.776386382 2.879938548 36.072768437 -0.934751239 38.720926413 1.059661246
36.999625474 -2.776966815 38.197229921 2.902517847 36.205286394 -0.921323029 39.213618331 1.023688391 0.000000000 0.000000000 32.983526699 -0.543859851 34.680939557 -2.441615040 35.850712105 -2.440692712 37.559145145 -2.790709429 37.658236147 2.891855790 35.946248503 -0.925328457 38.570542476 1.043116417 0.000000000 0.000000000 33.003649138 -0.542466210 33.839216883 -2.416636537 36.015797594 -2.450838870 37.956549971 -2.802349906 37.783302419 2.887797789 36.079953996 -0.939323193 38.726859387 1.065126088
37.003556470 -2.774763846 38.207739224 2.909102760 36.212679005 -0.926226144 39.222610416 1.022060374 0.000000000 0.000000000 32.993767118 -0.544961680 34.695533271 -2.445579248 35.857383483 -2.445814765 37.566100663 -2.791479881 37.664630234 2.890891313 35.952756695 -0.926329732 38.574919180 1.047662405 0.000000000 0.000000000 33.013924641 -0.541149927 33.846836022 -2.416555431 36.024129441 -2.453185381 37.965307150 -2.804339637 37.790017622 2.896044066 36.087192444 -0.942702973 38.732709654 1.068248275
37.007498907 -2.774090696 38.218510888 2.914588363 36.220265328 -0.931270873 39.231726936 1.021544432 0.000000000 0.000000000 33.004051645 -0.546345670 34.710090979 -2.448731533 35.863977429 -2.452362784 37.572971223 -2.792568516 37.671124805 2.887912752 35.959221321 -0.926446798 38.579474057 1.050752587 0.000000000 0.000000000 33.024112497 -0.541469691 33.854217773 -2.418905540 36.032445967 -2.455140383 37.974100796 -2.807800006 37.796636439 2.905082759 36.094421862 -0.945114742 38.738459225 1.069925847
37.011359703 -2.775156562 38.229167703 2.919157622 36.227929327 -0.934337750 39.240818433 1.021351231 0.000000000 0.000000000 33.014316221 -0.546594629 34.724842209 -2.451207545 35.870527024 -2.459816790 37.580024452 -2.793390877 37.677452301 2.883256147 35.965639772 -0.927610111 38.583769341 1.051865760 0.000000000 0.000000000 33.034244007 -0.542549207 33.861751904 -2.421573534 36.040645169 -2.456768808 37.982982780 -2.811837445 37.803186163 2.914782703 36.101664945 -0.946352055 38.744098536 1.072464091
37.015276142 -2.776603369 38.240027262 2.922964548 36.235548106 -0.935291343 39.249896516 1.019561587 0.000000000 0.000000000 33.024548856 -0.545276950 34.739793983 -2.451801042 35.877103944 -2.468025859 37.586901973 -2.791896147 37.683743711 2.879376326 35.972057538 -0.929208614 38.588049450 1.051868291 0.000000000 0.000000000 33.044550164 -0.542845346 33.869139334 -2.424505965 36.048931541 -2.460195475 37.991877404 -2.815655430 37.809988914 2.922866521 36.108869999 -0.946153677 38.749794578 1.076447991
37.019109712 -2.777623601 38.250951973 2.923989463 36.243215954 -0.934377445 39.259203442 1.018070907 0.000000000 0.000000000 33.034777307 -0.544273758 34.754634318 -2.453181718 35.883523864 -2.477145786 37.593853295 -2.788609898 37.689799217 2.876144232 35.978463197 -0.930628826 38.592235792 1.050283154 0.000000000 0.000000000 33.054774683 -0.542672709 33.876426688 -2.429365425 36.057306458 -2.462848835 38.001074285 -2.818273678 37.816466270 2.929602718 36.115998815 -0.944353228 38.755508118 1.080725319
37.022827912 -2.779160671 38.261652459 2.924843577 36.250846660 -0.932997800 39.268440282 1.017470175 0.000000000 0.000000000 33.045055801 -0.544386553 34.769608228 -2.454332020 35.890011669 -2.487025094 37.600868276 -2.785311274 37.696093817 2.871278779 35.984873519 -0.933083256 38.596469335 1.047419957 0.000000000 0.000000000 33.064962834 -0.542807704 33.883855873 -2.433413366 36.065531363 -2.465059678 38.010224751 -2.820090997 37.823016061 2.935215160 36.123016175 -0.940585503 38.761216740 1.083378388
37.026646498 -2.782105459 38.272052162 2.927701333 36.258359409 -0.932458096 39.277871341 1.017292491 0.000000000 0.000000000 33.055259185 -0.545747488 34.784885266 -2.454417897 35.896456449 -2.496869111 37.607935275 -2.784012280 37.702385368 2.865051997 35.991331038 -0.934770323 38.600908559 1.044914158 0.000000000 0.000000000 33.075152108 -0.542378534 33.891312729 -2.435666369 36.073574226 -2.469171990 38.019411703 -2.821693041 37.829202934 2.938692386 36.129987067 -0.935853326 38.766897043 1.083475501
37.030510103 -2.785412384 38.282802590 2.930083177 36.265826576 -0.931621329 39.287280572 1.018909138 0.000000000 0.000000000 33.065493679 -0.547285564 34.800089982 -2.454036922 35.903122696 -2.504405214 37.614930389 -2.784316007 37.708576030 2.857690679 35.997751989 -0.934871532 38.605425245 1.042125724 0.000000000 0.000000000 33.085309025 -0.541508366 33.898626197 -2.438838901 36.081756002 -2.472598632 38.028596813 -2.821878692 37.835335594 2.940389813 36.136927762 -0.932537528 38.772388770 1.081442484
37.034266968 -2.789306597 38.293841994 2.929921850 36.273182999 -0.930600596 39.296740917 1.021560165 0.000000000 0.000000000 33.075743754 -0.547260718 34.815485766 -2.453326822 35.909318538 -2.510684257 37.621896335 -2.784341127 37.714708578 2.849385239 36.004144641 -0.935080195 38.610065252 1.039802579 0.000000000 0.000000000 33.095440699 -0.539651514 33.906009442 -2.441482324 36.090049776 -2.473183999 38.037711922 -2.820338806 37.841231224 2.939637661 36.143669383 -0.930075821 38.777902385 1.079061289
37.038069937 -2.794693503 19.149753793 2.929263593 36.280612577 -0.929744262 39.306187675 1.024843689 0.000000000 0.000000000 33.085932611 -0.547425423 34.830829694 -2.451923188 35.915621174 -2.518195373 37.628900975 -2.782718489 18.859119129 2.845017687 36.010523544 -0.935631864 38.614679161 1.037867429 0.000000000 0.000000000 33.105566313 -0.538724967 33.913356258 -2.443685031 36.098255790 -2.471401836 38.046838309 -2.817189347 18.922118964 2.938704696 36.150357841 -0.926733708 38.783339596 1.076390384
37.041937592 -2.799711317 0.000000000 0.000000000 36.287873332 -0.929075045 39.315664320 1.028736089 0.000000000 0.000000000 33.096173289 -0.549482018 34.846308191 -2.450753853 35.921983279 -2.526732981 37.635969864 -2.781366792 0.000000000 0.000000000 36.016813249 -0.935350502 38.619630128 1.036252250 0.000000000 0.000000000 33.115642764 -0.538683616 33.920582159 -2.447933378 36.106409035 -2.469916733 38.056158062 -2.814807667 0.000000000 0.000000000 36.156953539 -0.922942267 38.788878855 1.073315099
37.045651049 -2.802934851 0.000000000 0.000000000 36.295150295 -0.928990490 39.325083414 1.033364495 0.000000000 0.000000000 33.106432470 -0.551821857 34.861829021 -2.449779922 35.928347257 -2.536127087 37.643087161 -2.780240773 0.000000000 0.000000000 36.023177244 -0.934131034 38.624416752 1.034903311 0.000000000 0.000000000 33.125655877 -0.539009067 33.927932852 -2.452902175 36.114508311 -2.470949002 38.065577422 -2.812823728 0.000000000 0.000000000 36.163573623 -0.920415479 38.794389920 1.070814045
37.049312598 -2.804260685 0.000000000 0.000000000 36.302423879 -0.929568579 39.334629513 1.038154773 0.000000000 0.000000000 33.116674205 -0.553267525 34.877545971 -2.448968621 17.966081079 -2.541019451 37.650266496 -2.778850672 0.000000000 0.000000000 36.029408364 -0.932099328 38.629402148 1.033779559 0.000000000 0.000000000 33.135793754 -0.539476177 33.935115111 -2.458470393 18.059276338 -2.472037183 38.075045429 -2.810978896 0.000000000 0.000000000 36.170067767 -0.919499686 38.799934254 1.069641004
37.052925466 -2.803283478 0.000000000 0.000000000 36.309617699 -0.930912438 39.344024211 1.043080326 0.000000000 0.000000000 33.126938954 -0.554149171 34.893392369 -2.450641638 0.000000000 0.000000000 37.657464329 -2.778678655 0.000000000 0.000000000 36.035583905 -0.929439430 38.634304253 1.034507036 0.000000000 0.000000000 33.145851167 -0.539743379 33.942513300 -2.463110069 0.000000000 0.000000000 38.084497389 -2.811339635 0.000000000 0.000000000 36.176585155 -0.918208247 38.805485117 1.069519538
37.056419044 -2.800312061 0.000000000 0.000000000 36.316843849 -0.931741906 39.353479548 1.049265764 0.000000000 0.000000000 33.137193806 -0.553921019 34.909467055 -2.453602378 0.000000000 0.000000000 37.664693976 -2.778931990 0.000000000 0.000000000 36.041744764 -0.927714327 38.639235549 1.034659023 0.000000000 0.000000000 33.155910373 -0.540299927 33.949762284 -2.464678780 0.000000000 0.000000000 38.093947571 -2.813657597 0.000000000 0.000000000 36.183103410 -0.917678130 38.811038378 1.068163064
37.059948089 -2.797323017 0.000000000 0.000000000 36.324111076 -0.931486880 39.362904998 1.054420010 0.000000000 0.000000000 33.147375896 -0.551962312 34.925677818 -2.457635380 0.000000000 0.000000000 37.671946986 -2.778236778 0.000000000 0.000000000 36.047776895 -0.927414502 38.644180784 1.034785632 0.000000000 0.000000000 33.165957485 -0.539971878 33.956897916 -2.466100855 0.000000000 0.000000000 38.103473616 -2.815516976 0.000000000 0.000000000 36.189588918 -0.918697571 38.816838775 1.066669873
37.063423255 -2.795582727 0.000000000 0.000000000 36.331299335 -0.930262718 39.372217990 1.057851221 0.000000000 0.000000000 33.157596235 -0.548947313 34.942206855 -2.460994299 0.000000000 0.000000000 37.679219878 -2.777613435 0.000000000 0.000000000 36.053717491 -0.928006855 38.649296951 1.035929191 0.000000000 0.000000000 33.175986474 -0.539097123 33.964089641 -2.468062632 0.000000000 0.000000000 38.112921366 -2.816444375 0.000000000 0.000000000 36.196039872 -0.921007453 38.822570014 1.066320333
37.066840430 -2.795446716 0.000000000 0.000000000 36.338476081 -0.929059255 39.381454512 1.059846019 0.000000000 0.000000000 33.167694155 -0.545548513 34.958729782 -2.462638481 0.000000000 0.000000000 37.686434738 -2.776915564 0.000000000 0.000000000 36.059607149 -0.929795263 38.654301293 1.035804144 0.000000000 0.000000000 33.185956967 -0.538407845 33.971394400 -2.468405138 0.000000000 0.000000000 38.122434387 -2.816595241 0.000000000 0.000000000 36.202538014 -0.925191989 38.828426638 1.065177922
37.070215282 -2.796855093 0.000000000 0.000000000 36.345691994 -0.928421206 39.390645550 1.061507895 0.000000000 0.000000000 33.177695195 -0.541081160 34.975334988 -2.465198540 0.000000000 0.000000000 37.693807744 -2.775673307 0.000000000 0.000000000 36.065629747 -0.931400574 38.659378886 1.035587244 0.000000000 0.000000000 33.195975974 -0.539131668 33.978502547 -2.466621466 0.000000000 0.000000000 38.131902593 -2.815910863 0.000000000 0.000000000 36.209336890 -0.929642079 38.834282436 1.062181582
37.073568972 -2.799087738 0.000000000 0.000000000 36.352860269 -0.926821597 39.399943597 1.063426031 0.000000000 0.000000000 33.187584932 -0.535280355 34.991966415 -2.467330954 0.000000000 0.000000000 37.701130032 -2.774101432 0.000000000 0.000000000 36.071665166 -0.931907887 38.664400090 1.036758247 0.000000000 0.000000000 33.205932045 -0.540679139 33.985677887 -2.462723697 0.000000000 0.000000000 38.141267145 -2.814530439 0.000000000 0.000000000 36.216185731 -0.932387521 38.840155850 1.057641108
37.076907639 -2.800485922 0.000000000 0.000000000 36.359999838 -0.924272738 39.409319826 1.065015417 0.000000000 0.000000000 33.197512415 -0.529639749 35.008705837 -2.467248342 0.000000000 0.000000000 37.708522746 -2.772236881 0.000000000 0.000000000 36.077722841 -0.931732661 38.669341426 1.038685481 0.000000000 0.000000000 33.215959556 -0.541438274 33.992888685 -2.459476117 0.000000000 0.000000000 38.150820169 -2.813380003 0.000000000 0.000000000 36.222990976 -0.934278473 38.846185792 1.053858029
37.080137223 -2.801651167 0.000000000 0.000000000 36.367046034 -0.920593004 39.418595622 1.067876573 0.000000000 0.000000000 33.207265501 -0.525588395 35.025543042 -2.467662397 0.000000000 0.000000000 37.715866767 -2.770005143 0.000000000 0.000000000 36.083665498 -0.929808179 38.674294401 1.041892979 0.000000000 0.000000000 33.225973714 -0.542268998 33.999951241 -2.459180783 0.000000000 0.000000000 38.160364667 -2.812552964 0.000000000 0.000000000 36.229849718 -0.936997737 38.851972134 1.050705531
37.083289236 -2.804053360 0.000000000 0.000000000 36.374130576 -0.916897147 39.427972453 1.071823769 0.000000000 0.000000000 33.216958122 -0.523721001 35.042511713 -2.468007278 0.000000000 0.000000000 37.723403854 -2.767907750 0.000000000 0.000000000 36.089583087 -0.926640136 38.679294532 1.044565578 0.000000000 0.000000000 33.235984681 -0.542475941 34.006946617 -2.458934515 0.000000000 0.000000000 38.169807140 -2.809849063 0.000000000 0.000000000 36.236795418 -0.939126837 38.857752250 1.045971649
37.086355325 -2.806598582 0.000000000 0.000000000 36.381125692 -0.914552469 39.437477311 1.074596797 0.000000000 0.000000000 33.226515872 -0.522779180 35.059497656 -2.465956833 0.000000000 0.000000000 37.730906625 -2.768091818 0.000000000 0.000000000 36.095341625 -0.922602666 38.684132546 1.044678658 0.000000000 0.000000000 33.245972989 -0.541303121 34.014103696 -2.458729215 0.000000000 0.000000000 38.179256225 -2.805450739 0.000000000 0.000000000 36.243707932 -0.940107664 38.863603167 1.042027117
37.089585086 -2.807831570 0.000000000 0.000000000 36.388011067 -0.911822796 39.446914811 1.076907347 0.000000000 0.000000000 33.236103269 -0.520526791 35.076302670 -2.461912504 0.000000000 0.000000000 37.738398254 -2.769642874 0.000000000 0.000000000 36.101107208 -0.918477143 38.688843809 1.044238455 0.000000000 0.000000000 33.255918693 -0.540470237 34.021185874 -2.460970865 0.000000000 0.000000000 38.188981728 -2.801786003 0.000000000 0.000000000 36.250595278 -0.941223363 38.869234094 1.040846737
37.092529819 -2.808859075 0.000000000 0.000000000 36.394859090 -0.907604422 39.456458311 1.079162779 0.000000000 0.000000000 33.245644073 -0.516909501 35.092959724 -2.456207680 0.000000000 0.000000000 37.745958805 -2.770561605 0.000000000 0.000000000 36.106736129 -0.914965328 38.693379383 1.043337067 0.000000000 0.000000000 33.265871717 -0.539133140 34.028295117 -2.462838639 0.000000000 0.000000000 38.198689513 -2.799767855 0.000000000 0.000000000 36.257451335 -0.941673956 38.874825230 1.039863090
37.095432141 -2.810313808 0.000000000 0.000000000 36.401733615 -0.903062574 39.466108208 1.080677435 0.000000000 0.000000000 33.255257359 -0.514235491 35.108486928 -2.449119678 0.000000000 0.000000000 37.753433644 -2.771520629 0.000000000 0.000000000 36.112301549 -0.912891904 38.697784345 1.041781654 0.000000000 0.000000000 33.275718690 -0.535581141 17.015920085 -2.463029630 0.000000000 0.000000000 38.208488490 -2.797578750 0.000000000 0.000000000 36.264334816 -0.941388146 38.880369820 1.039043480
37.098214339 -2.809916404 0.000000000 0.000000000 36.408576601 -0.899595671 39.475878768 1.081697192 0.000000000 0.000000000 33.264721768 -0.512289709 17.558098567 -2.445261226 0.000000000 0.000000000 37.760881562 -2.773939459 0.000000000 0.000000000 36.117720281 -0.913431885 38.702098064 1.039680827 0.000000000 0.000000000 33.285463629 -0.530162379 0.000000000 0.000000000 0.000000000 0.000000000 38.218462601 -2.796055083 0.000000000 0.000000000 36.271135325 -0.940133220 38.885838784 1.040466240
37.101007666 -2.808486999 0.000000000 0.000000000 36.415310950 -0.896863114 39.485755351 1.082998384 0.000000000 0.000000000 33.274168132 -0.509717739 0.000000000 0.000000000 0.000000000 0.000000000 37.768421427 -2.775610892 0.000000000 0.000000000 36.123183110 -0.915236335 38.706342748 1.037929809 0.000000000 0.000000000 33.295091951 -0.523188920 0.000000000 0.000000000 0.000000000 0.000000000 38.228432437 -2.794484555 0.000000000 0.000000000 36.277902422 -0.936936367 38.891220719 1.043757199
37.103734708 -2.806197680 0.000000000 0.000000000 36.422075067 -0.895450927 39.495812314 1.084779129 0.000000000 0.000000000 33.283586989 -0.507291397 0.000000000 0.000000000 0.000000000 0.000000000 37.775903195 -2.774895281 0.000000000 0.000000000 36.128631333 -0.917632917 38.710178697 1.036470563 0.000000000 0.000000000 33.304637101 -0.515062457 0.000000000 0.000000000 0.000000000 0.000000000 38.238452464 -2.791329777 0.000000000 0.000000000 36.284585191 -0.932955458 38.896495712 1.048604770
37.106419315 -2.802082471 0.000000000 0.000000000 36.428806823 -0.896133411 39.506145704 1.084886140 0.000000000 0.000000000 33.293007744 -0.503759128 0.000000000 0.000000000 0.000000000 0.000000000 37.783272557 -2.772476328 0.000000000 0.000000000 36.134164017 -0.920192584 38.713979530 1.035254312 0.000000000 0.000000000 33.314291401 -0.508312610 0.000000000 0.000000000 0.000000000 0.000000000 38.248614220 -2.788996570 0.000000000 0.000000000 36.291311538 -0.930554239 38.901813665 1.054749726
37.109044251 -2.796445223 0.000000000 0.000000000 36.435536812 -0.898560928 39.516588405 1.082903587 0.000000000 0.000000000 33.302523435 -0.500815953 0.000000000 0.000000000 0.000000000 0.000000000 37.790653872 -2.769828805 0.000000000 0.000000000 36.139744233 -0.921586342 38.717687455 1.036356941 0.000000000 0.000000000 33.323620307 -0.503695438 0.000000000 0.000000000 0.000000000 0.000000000 38.258740225 -2.789193293 0.000000000 0.000000000 36.297977599 -0.929514510 38.907269979 1.059869796
37.111714981 -2.789737419 0.000000000 0.000000000 36.442312432 -0.902830232 39.527128931 1.081252018 0.000000000 0.000000000 33.311877654 -0.500683579 0.000000000 0.000000000 0.000000000 0.000000000 37.797936893 -2.766705337 0.000000000 0.000000000 36.145331439 -0.921674206 38.721372299 1.039194892 0.000000000 0.000000000 33.332937683 -0.500975077 0.000000000 0.000000000 0.000000000 0.000000000 38.268944714 -2.790321619 0.000000000 0.000000000 36.304565751 -0.929010814 38.912489209 1.062752412
37.114382199 -2.782137276 0.000000000 0.000000000 36.449283020 -0.907715001 39.537731661 1.079876167 0.000000000 0.000000000 33.321198145 -0.501981691 0.000000000 0.000000000 0.000000000 0.000000000 37.805190525 -2.761936500 0.000000000 0.000000000 36.150900881 -0.920170893 38.724816075 1.041361824 0.000000000 0.000000000 33.342204443 -0.501163521 0.000000000 0.000000000 0.000000000 0.000000000 38.279134718 -2.790085830 0.000000000 0.000000000 36.311046188 -0.930156202 38.917754900 1.063770372
37.116955253 -2.773596060 0.000000000 0.000000000 36.456283934 -0.913017309 39.548344929 1.076660188 0.000000000 0.000000000 33.330456847 -0.504609916 0.000000000 0.000000000 0.000000000 0.000000000 37.812386547 -2.755797486 0.000000000 0.000000000 36.156394243 -0.916709173 38.728240650 1.043168039 0.000000000 0.000000000 33.351459774 -0.501583179 0.000000000 0.000000000 0.000000000 0.000000000 38.289360724 -2.789042541 0.000000000 0.000000000 36.317562036 -0.931068918 38.922910987 1.062513460
37.119468020 -2.764272387 0.000000000 0.000000000 36.463528621 -0.918143231 39.559099050 1.072793565 0.000000000 0.000000000 33.339850725 -0.506798899 0.000000000 0.000000000 0.000000000 0.000000000 37.819751107 -2.750624366 0.000000000 0.000000000 36.161981596 -0.913235535 38.731567843 1.044673271 0.000000000 0.000000000 33.360805730 -0.502195383 0.000000000 0.000000000 0.000000000 0.000000000 38.299623363 -2.789064914 0.000000000 0.000000000 36.324020845 -0.931681585 38.928087513 1.059361537
37.122374235 -2.756504949 0.000000000 0.000000000 36.470849271 -0.922408367 39.569957354 1.070453437 0.000000000 0.000000000 33.349355029 -0.508094464 0.000000000 0.000000000 0.000000000 0.000000000 37.827037220 -2.748420354 0.000000000 0.000000000 36.167345799 -0.910500874 38.734826032 1.045928074 0.000000000 0.000000000 33.370165954 -0.504841051 0.000000000 0.000000000 0.000000000 0.000000000 38.309952342 -2.790820902 0.000000000 0.000000000 36.330461447 -0.932503661 38.933407563 1.056735035
37.124799559 -2.750032632 0.000000000 0.000000000 36.478247444 -0.926392540 39.580710099 1.068503597 0.000000000 0.000000000 33.358930093 -0.510212188 0.000000000 0.000000000 0.000000000 0.000000000 37.834309610 -2.746927643 0.000000000 0.000000000 36.172780190 -0.907898526 38.738235993 1.046974138 0.000000000 0.000000000 33.379657608 -0.507634536 0.000000000 0.000000000 0.000000000 0.000000000 38.320427842 -2.792284469 0.000000000 0.000000000 36.336895432 -0.932906915 38.938690952 1.055443048
37.127178300 -2.742434295 0.000000000 0.000000000 36.485700899 -0.929853316 39.591536403 1.064811194 0.000000000 0.000000000 33.368376001 -0.513541603 0.000000000 0.000000000 0.000000000 0.000000000 37.841842797 -2.743865128 0.000000000 0.000000000 36.178102210 -0.906472104 38.741436130 1.047845861 0.000000000 0.000000000 33.389112576 -0.510867528 0.000000000 0.000000000 0.000000000 0.000000000 38.331003304 -2.792192582 0.000000000 0.000000000 36.343391937 -0.932450911 38.944030384 1.053159350
37.129802282 -2.735740234 0.000000000 0.000000000 36.493216357 -0.931638654 39.602414559 1.060700651 0.000000000 0.000000000 33.377924027 -0.518357210 0.000000000 0.000000000 0.000000000 0.000000000 37.849469628 -2.741313803 0.000000000 0.000000000 36.183336118 -0.905742355 38.744610662 1.048572393 0.000000000 0.000000000 33.398872023 -0.513561386 0.000000000 0.000000000 0.000000000 0.000000000 38.341632289 -2.792939417 0.000000000 0.000000000 36.349850094 -0.930890522 38.949538011 1.051257044
37.132279251 -2.732004153 0.000000000 0.000000000 36.500631669 -0.930882749 39.613379972 1.058308790 0.000000000 0.000000000 33.387648286 -0.523453690 0.000000000 0.000000000 0.000000000 0.000000000 37.857034739 -2.739188037 0.000000000 0.000000000 36.188586685 -0.905353790 38.747685631 1.047057285 0.000000000 0.000000000 33.408552987 -0.513637735 0.000000000 0.000000000 0.000000000 0.000000000 38.352421493 -2.793561439 0.000000000 0.000000000 36.356332777 -0.929290124 38.955224604 1.049672439
37.134609443 -2.731096269 0.000000000 0.000000000 36.508108897 -0.930018899 39.624288020 1.058381891 0.000000000 0.000000000 33.397352154 -0.528462439 0.000000000 0.000000000 0.000000000 0.000000000 37.864821649 -2.737416814 0.000000000 0.000000000 36.193787143 -0.906660749 38.750963974 1.045794042 0.000000000 0.000000000 33.418265863 -0.513983341 0.000000000 0.000000000 0.000000000 0.000000000 38.363222302 -2.792529970 0.000000000 0.000000000 36.362707620 -0.926585085 38.960876640 1.046250963
37.136945443 -2.731558677 0.000000000 0.000000000 36.515460620 -0.930352651 39.635206575 1.058442834 0.000000000 0.000000000 33.407214353 -0.533139693 0.000000000 0.000000000 0.000000000 0.000000000 37.872620405 -2.738101317 0.000000000 0.000000000 36.199010869 -0.909660166 38.753939717 1.044741183 0.000000000 0.000000000 33.427980577 -0.514990451 0.000000000 0.000000000 0.000000000 0.000000000 38.374373713 -2.791850468 0.000000000 0.000000000 36.369051214 -0.923226676 38.966518291 1.041299195
37.139174991 -2.732384189 0.000000000 0.000000000 36.522783651 -0.929675064 39.646086900 1.058493617 0.000000000 0.000000000 33.417057343 -0.537443703 0.000000000 0.000000000 0.000000000 0.000000000 37.880503437 -2.738671597 0.000000000 0.000000000 36.204302413 -0.913441298 38.756947367 1.041740626 0.000000000 0.000000000 33.437692235 -0.515256572 0.000000000 0.000000000 0.000000000 0.000000000 38.385326056 -2.790881836 0.000000000 0.000000000 36.375335413 -0.921492287 38.972181888 1.035073636
37.141284404 -2.734499851 0.000000000 0.000000000 36.529981811 -0.926867355 39.656688290 1.058535916 0.000000000 0.000000000 33.427070151 -0.540202588 0.000000000 0.000000000 0.000000000 0.000000000 37.888433374 -2.739146723 0.000000000 0.000000000 36.209730820 -0.915963485 38.759956025 1.039240006 0.000000000 0.000000000 33.447315862 -0.514743110 0.000000000 0.000000000 0.000000000 0.000000000 38.396401855 -2.788517202 0.000000000 0.000000000 36.381620930 -0.921513436 38.978084324 1.027787683
37.143473288 -2.738470817 0.000000000 0.000000000 36.537076560 -0.922283865 39.666305141 1.058571127 0.000000000 0.000000000 33.436996562 -0.540054359 0.000000000 0.000000000 0.000000000 0.000000000 37.896390159 -2.739542586 0.000000000 0.000000000 36.215126852 -0.918064869 19.380768002 1.038682155 0.000000000 0.000000000 33.456960223 -0.512423887 0.000000000 0.000000000 0.000000000 0.000000000 38.407620604 -2.787118863 0.000000000 0.000000000 36.387975930 -0.922742128 19.490690159 1.023903918
37.145666174 -2.741882203 0.000000000 0.000000000 36.544276521 -0.917710858 19.835387584 1.059149469 0.000000000 0.000000000 33.446857166 -0.537484772 0.000000000 0.000000000 0.000000000 0.000000000 37.904368527 -2.739872332 0.000000000 0.000000000 36.220567771 -0.921039036 0.000000000 0.000000000 0.000000000 0.000000000 33.466564913 -0.510491735 0.000000000 0.000000000 0.000000000 0.000000000 38.419092787 -2.785953955 0.000000000 0.000000000 36.394211117 -0.925679364 0.000000000 0.000000000
37.147621183 -2.744827330 0.000000000 0.000000000 36.551467291 -0.914695636 0.000000000 0.000000000 0.000000000 0.000000000 33.456598112 -0.532898417 0.000000000 0.000000000 0.000000000 0.000000000 37.912583092 -2.741623608 0.000000000 0.000000000 36.226029224 -0.923248256 0.000000000 0.000000000 0.000000000 0.000000000 33.475975317 -0.508882438 0.000000000 0.000000000 0.000000000 0.000000000 38.430575585 -2.782896578 0.000000000 0.000000000 36.400628935 -0.929015118 0.000000000 0.000000000
37.149579075 -2.749490290 0.000000000 0.000000000 36.558475241 -0.913262117 0.000000000 0.000000000 0.000000000 0.000000000 33.466223093 -0.527154010 0.000000000 0.000000000 0.000000000 0.000000000 37.920857335 -2.743619853 0.000000000 0.000000000 36.231416790 -0.925492446 0.000000000 0.000000000 0.000000000 0.000000000 33.485359601 -0.507542050 0.000000000 0.000000000 0.000000000 0.000000000 38.442221900 -2.778845467 0.000000000 0.000000000 36.407055698 -0.931655951 0.000000000 0.000000000
37.151596518 -2.754701063 0.000000000 0.000000000 36.565366220 -0.913135299 0.000000000 0.000000000 0.000000000 0.000000000 33.475795670 -0.522889330 0.000000000 0.000000000 0.000000000 0.000000000 37.929113849 -2.746500486 0.000000000 0.000000000 36.236899686 -0.927118314 0.000000000 0.000000000 0.000000000 0.000000000 33.494816831 -0.508869147 0.000000000 0.000000000 0.000000000 0.000000000 38.453999059 -2.774632268 0.000000000 0.000000000 36.413460312 -0.935080096 0.000000000 0.000000000
37.153454198 -2.760367472 0.000000000 0.000000000 36.572168725 -0.914566194 0.000000000 0.000000000 0.000000000 0.000000000 33.485088646 -0.519877878 0.000000000 0.000000000 0.000000000 0.000000000 37.937551451 -2.748900659 0.000000000 0.000000000 36.242301759 -0.926575200 0.000000000 0.000000000 0.000000000 0.000000000 33.504082125 -0.512417115 0.000000000 0.000000000 0.000000000 0.000000000 38.465823169 -2.769702399 0.000000000 0.000000000 36.419919159 -0.939414599 0.000000000 0.000000000
37.155317788 -2.767296500 0.000000000 0.000000000 36.579152972 -0.916650966 0.000000000 0.000000000 0.000000000 0.000000000 33.494365855 -0.516711352 0.000000000 0.000000000 0.000000000 0.000000000 37.945907615 -2.750900351 0.000000000 0.000000000 36.247641570 -0.924489958 0.000000000 0.000000000 0.000000000 0.000000000 33.513462803 -0.516171260 0.000000000 0.000000000 0.000000000 0.000000000 38.477770577 -2.764437215 0.000000000 0.000000000 36.426485517 -0.942257607 0.000000000 0.000000000
37.157351667 -2.773920220 0.000000000 0.000000000 36.586002463 -0.919280516 0.000000000 0.000000000 0.000000000 0.000000000 33.503439690 -0.512872376 0.000000000 0.000000000 0.000000000 0.000000000 37.954233130 -2.754721573 0.000000000 0.000000000 36.252930905 -0.921636413 0.000000000 0.000000000 0.000000000 0.000000000 33.523017421 -0.518663140 0.000000000 0.000000000 0.000000000 0.000000000 38.489685798 -2.758892752 0.000000000 0.000000000 36.433103836 -0.942535230 0.000000000 0.000000000
37.159259680 -2.779533913 0.000000000 0.000000000 36.593051931 -0.921470804 0.000000000 0.000000000 0.000000000 0.000000000 33.512484294 -0.507627818 0.000000000 0.000000000 0.000000000 0.000000000 37.962681068 -2.757905593 0.000000000 0.000000000 36.258178064 -0.918970874 0.000000000 0.000000000 0.000000000 0.000000000 33.532501280 -0.520285118 0.000000000 0.000000000 0.000000000 0.000000000 38.501736544 -2.752149376 0.000000000 0.000000000 36.439717924 -0.940799054 0.000000000 0.000000000
37.161367854 -2.783662580 0.000000000 0.000000000 36.600001480 -0.923295196 0.000000000 0.000000000 0.000000000 0.000000000 33.521424161 -0.501209647 0.000000000 0.000000000 0.000000000 0.000000000 37.971018650 -2.760558942 0.000000000 0.000000000 36.263258031 -0.916128479 0.000000000 0.000000000 0.000000000 0.000000000 33.542047908 -0.520176678 0.000000000 0.000000000 0.000000000 0.000000000 38.514196201 -2.744407155 0.000000000 0.000000000 36.446163162 -0.937273020 0.000000000 0.000000000
37.163252520 -2.787308475 0.000000000 0.000000000 36.607097470 -0.925995260 0.000000000 0.000000000 0.000000000 0.000000000 33.530636186 -0.493408612 0.000000000 0.000000000 0.000000000 0.000000000 37.979497977 -2.763029792 0.000000000 0.000000000 36.268370003 -0.914182477 0.000000000 0.000000000 0.000000000 0.000000000 33.551498388 -0.518899136 0.000000000 0.000000000 0.000000000 0.000000000 38.526866286 -2.737956584 0.000000000 0.000000000 36.452613776 -0.932322109 0.000000000 0.000000000
37.165214629 -2.792551896 0.000000000 0.000000000 36.614349834 -0.928423178 0.000000000 0.000000000 0.000000000 0.000000000 33.539870639 -0.486906394 0.000000000 0.000000000 0.000000000 0.000000000 37.988002271 -2.763193447 0.000000000 0.000000000 36.273356626 -0.913347620 0.000000000 0.000000000 0.000000000 0.000000000 33.560870928 -0.519084960 0.000000000 0.000000000 0.000000000 0.000000000 38.539449361 -2.732581592 0.000000000 0.000000000 36.458826742 -0.926275539 0.000000000 0.000000000
37.167140761 -2.799126915 0.000000000 0.000000000 36.621535748 -0.929445088 0.000000000 0.000000000 0.000000000 0.000000000 33.548705239 -0.482863465 0.000000000 0.000000000 0.000000000 0.000000000 37.996585512 -2.763329926 0.000000000 0.000000000 36.278305066 -0.911898507 0.000000000 0.000000000 0.000000000 0.000000000 33.570208516 -0.520594154 0.000000000 0.000000000 0.000000000 0.000000000 38.552560287 -2.728102626 0.000000000 0.000000000 36.465066558 -0.919283296 0.000000000 0.000000000
37.169063026 -2.806809602 0.000000000 0.000000000 36.628678953 -0.928061327 0.000000000 0.000000000 0.000000000 0.000000000 33.557429719 -0.480869850 0.000000000 0.000000000 0.000000000 0.000000000 38.005447995 -2.765600322 0.000000000 0.000000000 36.283206264 -0.910514156 0.000000000 0.000000000 0.000000000 0.000000000 33.579488335 -0.523150522 0.000000000 0.000000000 0.000000000 0.000000000 38.565599437 -2.726493149 0.000000000 0.000000000 36.471301170 -0.913610779 0.000000000 0.000000000
37.171271310 -2.813209335 0.000000000 0.000000000 36.635840757 -0.926908637 0.000000000 0.000000000 0.000000000 0.000000000 33.566054867 -0.480500598 0.000000000 0.000000000 0.000000000 0.000000000 38.014055622 -2.769649529 0.000000000 0.000000000 36.288047076 -0.910723421 0.000000000 0.000000000 0.000000000 0.000000000 33.589115756 -0.525225260 0.000000000 0.000000000 0.000000000 0.000000000 38.578572937 -2.725152041 0.000000000 0.000000000 36.477228991 -0.910684753 0.000000000 0.000000000
37.173209467 -2.818539949 0.000000000 0.000000000 36.642986786 -0.926233423 0.000000000 0.000000000 0.000000000 0.000000000 33.574694056 -0.480629894 0.000000000 0.000000000 0.000000000 0.000000000 38.022798240 -2.773024658 0.000000000 0.000000000 36.292849980 -0.911152997 0.000000000 0.000000000 0.000000000 0.000000000 33.598466919 -0.524549849 0.000000000 0.000000000 0.000000000 0.000000000 38.591876743 -2.724034471 0.000000000 0.000000000 36.483038482 -0.910047099 0.000000000 0.000000000
37.175413621 -2.825182544 0.000000000 0.000000000 36.650003065 -0.923722998 0.000000000 0.000000000 0.000000000 0.000000000 33.583280543 -0.482223731 0.000000000 0.000000000 0.000000000 0.000000000 38.031603885 -2.773680101 0.000000000 0.000000000 36.297698205 -0.910875691 0.000000000 0.000000000 0.000000000 0.000000000 33.607939204 -0.524019700 0.000000000 0.000000000 0.000000000 0.000000000 38.605138267 -2.725134367 0.000000000 0.000000000 36.488960222 -0.911758694 0.000000000 0.000000000
37.177795217 -2.830717067 0.000000000 0.000000000 36.657041039 -0.921384164 0.000000000 0.000000000 0.000000000 0.000000000 33.591888612 -0.485458121 0.000000000 0.000000000 0.000000000 0.000000000 38.040188650 -2.773829617 0.000000000 0.000000000 36.302522552 -0.912009520 0.000000000 0.000000000 0.000000000 0.000000000 33.617284735 -0.523924062 0.000000000 0.000000000 0.000000000 0.000000000 38.618651351 -2.725959938 0.000000000 0.000000000 36.494872880 -0.914020409 0.000000000 0.000000000
37.179996440 -2.833127129 0.000000000 0.000000000 36.663953335 -0.919353807 0.000000000 0.000000000 0.000000000 0.000000000 33.600647281 -0.487859077 0.000000000 0.000000000 0.000000000 0.000000000 38.048723105 -2.775715514 0.000000000 0.000000000 36.307297394 -0.914688533 0.000000000 0.000000000 0.000000000 0.000000000 33.626561951 -0.522461743 0.000000000 0.000000000 0.000000000 0.000000000 38.631928941 -2.724525992 0.000000000 0.000000000 36.500922829 -0.915276152 0.000000000 0.000000000
37.182109435 -2.832933810 0.000000000 0.000000000 36.670890045 -0.917827605 0.000000000 0.000000000 0.000000000 0.000000000 33.609489808 -0.489255282 0.000000000 0.000000000 0.000000000 0.000000000 38.057463261 -2.779445265 0.000000000 0.000000000 36.312153860 -0.916400205 0.000000000 0.000000000 0.000000000 0.000000000 33.635940567 -0.519514280 0.000000000 0.000000000 0.000000000 0.000000000 38.644995467 -2.721209232 0.000000000 0.000000000 36.507089666 -0.914857983 0.000000000 0.000000000
37.184200811 -2.830572225 0.000000000 0.000000000 36.677752071 -0.917566497 0.000000000 0.000000000 0.000000000 0.000000000 33.618299793 -0.490121850 0.000000000 0.000000000 0.000000000 0.000000000 38.066522221 -2.784712278 0.000000000 0.000000000 36.316905964 -0.917826335 0.000000000 0.000000000 0.000000000 0.000000000 33.645150479 -0.515530216 0.000000000 0.000000000 0.000000000 0.000000000 38.657650097 -2.716322651 0.000000000 0.000000000 36.513229619 -0.913894322 0.000000000 0.000000000
37.186610980 -2.828604846 0.000000000 0.000000000 36.684593791 -0.918359274 0.000000000 0.000000000 0.000000000 0.000000000 33.627367205 -0.489126650 0.000000000 0.000000000 0.000000000 0.000000000 38.075717910 -2.791259386 0.000000000 0.000000000 36.321632804 -0.921269130 0.000000000 0.000000000 0.000000000 0.000000000 33.654331865 -0.510681868 0.000000000 0.000000000 0.000000000 0.000000000 38.670235163 -2.710127071 0.000000000 0.000000000 36.519368347 -0.912475910 0.000000000 0.000000000
37.188860006 -2.826965465 0.000000000 0.000000000 36.691475291 -0.919891116 0.000000000 0.000000000 0.000000000 0.000000000 33.636235171 -0.486317112 0.000000000 0.000000000 0.000000000 0.000000000 38.084546776 -2.796715386 0.000000000 0.000000000 36.326514986 -0.924137561 0.000000000 0.000000000 0.000000000 0.000000000 33.663567441 -0.506439430 0.000000000 0.000000000 0.000000000 0.000000000 38.683103454 -2.704964277 0.000000000 0.000000000 36.525671073 -0.911293769 0.000000000 0.000000000
18.595013601 -2.825620449 0.000000000 0.000000000 36.698358922 -0.919853162 0.000000000 0.000000000 0.000000000 0.000000000 33.645008740 -0.483196330 0.000000000 0.000000000 0.000000000 0.000000000 19.044338729 -2.798607310 0.000000000 0.000000000 36.331281772 -0.926527924 0.000000000 0.000000000 0.000000000 0.000000000 33.672631276 -0.504589761 0.000000000 0.000000000 0.000000000 0.000000000 38.695065816 -2.702784024 0.000000000 0.000000000 36.531839607 -0.910308807 0.000000000 0.000000000
0.000000000 0.000000000 0.000000000 0.000000000 36.705205903 -0.918147678 0.000000000 0.000000000 0.000000000 0.000000000 33.653669957 -0.481016937 0.000000000 0.000000000 0.000000000 0.000000000 0.000000000 0.000000000 0.000000000 0.000000000 36.336072093 -0.929997331 0.000000000 0.000000000 0.000000000 0.000000000 33.681622600 -0.504919015 0.000000000 0.000000000 0.000000000 0.000000000 19.350324968 -2.702371800 0.000000000 0.000000000 36.538026821 -0.908531332 0.000000000 0.000000000
0.000000000 0.000000000 0.000000000 0.000000000 36.712048305 -0.915953405 0.000000000 0.000000000 0.000000000 0.000000000 33.662243161 -0.479584044 0.000000000 0.000000000 0.000000000 0.000000000 0.000000000 0.000000000 0.000000000 0.000000000 36.340782694 -0.934297891 0.000000000 0.000000000 0.000000000 0.000000000 33.690659701 -0.505176907 0.000000000 0.000000000 0.000000000 0.000000000 0.000000000 0.000000000 0.000000000 0.000000000 36.544218261 -0.906093422 0.000000000 0.000000000
0.000000000 0.000000000 0.000000000 0.000000000 36.718888382 -0.915070307 0.000000000 0.000000000 0.000000000 0.000000000 33.670705010 -0.477394999 0.000000000 0.000000000 0.000000000 0.000000000 0.000000000 0.000000000 0.000000000 0.000000000 36.345739037 -0.938754055 0.000000000 0.000000000 0.000000000 0.000000000 33.699712327 -0.504167932 0.000000000 0.000000000 0.000000000 0.000000000 0.000000000 0.000000000 0.000000000 0.000000000 36.550399057 -0.903377590 0.000000000 0.000000000
0.000000000 0.000000000 0.000000000 0.000000000 36.725697816 -0.916565146 0.000000000 0.000000000 0.000000000 0.000000000 33.679497330 -0.475571904 0.000000000 0.000000000 0.000000000 0.000000000 0.000000000 0.000000000 0.000000000 0.000000000 36.350663714 -0.941153271 0.000000000 0.000000000 0.000000000 0.000000000 33.708753791 -0.504535771 0.000000000 0.000000000 0.000000000 0.000000000 0.000000000 0.000000000 0.000000000 0.000000000 36.556564251 -0.902672260 0.000000000 0.000000000
0.000000000 0.000000000 0.000000000 0.000000000 36.732833993 -0.919816339 0.000000000 0.000000000 0.000000000 0.000000000 33.687869371 -0.476480867 0.000000000 0.000000000 0.000000000 0.000000000 0.000000000 0.000000000 0.000000000 0.000000000 36.355474579 -0.940898608 0.000000000 0.000000000 0.000000000 0.000000000 33.717765999 -0.507269206 0.000000000 0.000000000 0.000000000 0.000000000 0.000000000 0.000000000 0.000000000 0.000000000 36.562628574 -0.902084743 0.000000000 0.000000000
0.000000000 0.000000000 0.000000000 0.000000000 36.739899470 -0.924531000 0.000000000 0.000000000 0.000000000 0.000000000 33.696414355 -0.479664755 0.000000000 0.000000000 0.000000000 0.000000000 0.000000000 0.000000000 0.000000000 0.000000000 36.360259422 -0.940686380 0.000000000 0.000000000 0.000000000 0.000000000 33.727091626 -0.510043546 0.000000000 0.000000000 0.000000000 0.000000000 0.000000000 0.000000000 0.000000000 0.000000000 36.568733314 -0.899790525 0.000000000 0.000000000
0.000000000 0.000000000 0.000000000 0.000000000 36.747138596 -0.929223249 0.000000000 0.000000000 0.000000000 0.000000000 33.704809119 -0.484335737 0.000000000 0.000000000 0.000000000 0.000000000 0.000000000 0.000000000 0.000000000 0.000000000 36.364952149 -0.942190498 0.000000000 0.000000000 0.000000000 0.000000000 33.736334864 -0.511025473 0.000000000 0.000000000 0.000000000 0.000000000 0.000000000 0.000000000 0.000000000 0.000000000 36.574815427 -0.898315365 0.000000000 0.000000000
0.000000000 0.000000000 0.000000000 0.000000000 36.754487412 -0.932572855 0.000000000 0.000000000 0.000000000 0.000000000 33.713270295 -0.490244700 0.000000000 0.000000000 0.000000000 0.000000000 0.000000000 0.000000000 0.000000000 0.000000000 36.369581593 -0.942871544 0.000000000 0.000000000 0.000000000 0.000000000 33.745584118 -0.510028666 0.000000000 0.000000000 0.000000000 0.000000000 0.000000000 0.000000000 0.000000000 0.000000000 36.580806152 -0.899326179 0.000000000 0.000000000
0.000000000 0.000000000 0.000000000 0.000000000 36.761846113 -0.934039707 0.000000000 0.000000000 0.000000000 0.000000000 33.721952679 -0.497591601 0.000000000 0.000000000 0.000000000 0.000000000 0.000000000 0.000000000 0.000000000 0.000000000 36.374133907 -0.941186027 0.000000000 0.000000000 0.000000000 0.000000000 33.754802768 -0.506787926 0.000000000 0.000000000 0.000000000 0.000000000 0.000000000 0.000000000 0.000000000 0.000000000 36.586997511 -0.900168109 0.000000000 0.000000000
0.000000000 0.000000000 0.000000000 0.000000000 36.769132312 -0.935261611 0.000000000 0.000000000 0.000000000 0.000000000 33.730917932 -0.503712377 0.000000000 0.000000000 0.000000000 0.000000000 0.000000000 0.000000000 0.000000000 0.000000000 36.378605966 -0.939233603 0.000000000 0.000000000 0.000000000 0.000000000 33.764054034 -0.502149524 0.000000000 0.000000000 0.000000000 0.000000000 0.000000000 0.000000000 0.000000000 0.000000000 36.593177400 -0.900509852 0.000000000 0.000000000
0.000000000 0.000000000 0.000000000 0.000000000 36.776439288 -0.938243158 0.000000000 0.000000000 0.000000000 0.000000000 33.739842892 -0.506388616 0.000000000 0.000000000 0.000000000 0.000000000 0.000000000 0.000000000 0.000000000 0.000000000 36.382962109 -0.938687254 0.000000000 0.000000000 0.000000000 0.000000000 33.773303802 -0.496348018 0.000000000 0.000000000 0.000000000 0.000000000 0.000000000 0.000000000 0.000000000 0.000000000 36.599285984 -0.902672363 0.000000000 0.000000000
0.000000000 0.000000000 0.000000000 0.000000000 36.783860289 -0.940461248 0.000000000 0.000000000 0.000000000 0.000000000 33.748647641 -0.508618296 0.000000000 0.000000000 0.000000000 0.000000000 0.000000000 0.000000000 0.000000000 0.000000000 36.387134084 -0.937608030 0.000000000 0.000000000 0.000000000 0.000000000 33.782265434 -0.489094643 0.000000000 0.000000000 0.000000000 0.000000000 0.000000000 0.000000000 0.000000000 0.000000000 36.605462221 -0.906710884 0.000000000 0.000000000
0.000000000 0.000000000 0.000000000 0.000000000 36.791190207 -0.940748253 0.000000000 0.000000000 0.000000000 0.000000000 33.757406655 -0.512897932 0.000000000 0.000000000 0.000000000 0.000000000 0.000000000 0.000000000 0.000000000 0.000000000 36.391157853 -0.934456187 0.000000000 0.000000000 0.000000000 0.000000000 33.791246414 -0.481136992 0.000000000 0.000000000 0.000000000 0.000000000 0.000000000 0.000000000 0.000000000 0.000000000 36.611697701 -0.912312403 0.000000000 0.000000000
0.000000000 0.000000000 0.000000000 0.000000000 36.798515194 -0.939426382 0.000000000 0.000000000 0.000000000 0.000000000 33.766297541 -0.517173537 0.000000000 0.000000000 0.000000000 0.000000000 0.000000000 0.000000000 0.000000000 0.000000000 36.395055069 -0.929577104 0.000000000 0.000000000 0.000000000 0.000000000 33.800192232 -0.475011978 0.000000000 0.000000000 0.000000000 0.000000000 0.000000000 0.000000000 0.000000000 0.000000000 36.618118661 -0.918310249 0.000000000 0.000000000
0.000000000 0.000000000 0.000000000 0.000000000 36.805754251 -0.936097394 0.000000000 0.000000000 0.000000000 0.000000000 33.775306727 -0.520227948 0.000000000 0.000000000 0.000000000 0.000000000 0.000000000 0.000000000 0.000000000 0.000000000 36.398993539 -0.924881380 0.000000000 0.000000000 0.000000000 0.000000000 33.808746157 -0.469909651 0.000000000 0.000000000 0.000000000 0.000000000 0.000000000 0.000000000 0.000000000 0.000000000 36.624645836 -0.924637571 0.000000000 0.000000000
0.000000000 0.000000000 0.000000000 0.000000000 36.813012501 -0.933175985 0.000000000 0.000000000 0.000000000 0.000000000 33.784337976 -0.521555142 0.000000000 0.000000000 0.000000000 0.000000000 0.000000000 0.000000000 0.000000000 0.000000000 36.402738340 -0.922591497 0.000000000 0.000000000 0.000000000 0.000000000 33.817734222 -0.465658983 0.000000000 0.000000000 0.000000000 0.000000000 0.000000000 0.000000000 0.000000000 0.000000000 36.631366185 -0.930703716 0.000000000 0.000000000
0.000000000 0.000000000 0.000000000 0.000000000 36.820074119 -0.930594789 0.000000000 0.000000000 0.000000000 0.000000000 33.793124675 -0.522660909 0.000000000 0.000000000 0.000000000 0.000000000 0.000000000 0.000000000 0.000000000 0.000000000 36.406284446 -0.922935092 0.000000000 0.000000000 0.000000000 0.000000000 33.826397270 -0.463408548 0.000000000 0.000000000 0.000000000 0.000000000 0.000000000 0.000000000 0.000000000 0.000000000 36.638249821 -0.934317410 0.000000000 0.000000000
0.000000000 0.000000000 0.000000000 0.000000000 36.827194650 -0.928444675 0.000000000 0.000000000 0.000000000 0.000000000 33.801807658 -0.526002587 0.000000000 0.000000000 0.000000000 0.000000000 0.000000000 0.000000000 0.000000000 0.000000000 36.409754425 -0.923221337 0.000000000 0.000000000 0.000000000 0.000000000 33.834938107 -0.462824317 0.000000000 0.000000000 0.000000000 0.000000000 0.000000000 0.000000000 0.000000000 0.000000000 36.645038414 -0.936668545 0.000000000 0.000000000
0.000000000 0.000000000 0.000000000 0.000000000 36.834156821 -0.926653353 0.000000000 0.000000000 0.000000000 0.000000000 33.810677412 -0.528787271 0.000000000 0.000000000 0.000000000 0.000000000 0.000000000 0.000000000 0.000000000 0.000000000 36.413189432 -0.923459724 0.000000000 0.000000000 0.000000000 0.000000000 33.843408137 -0.463200585 0.000000000 0.000000000 0.000000000 0.000000000 0.000000000 0.000000000 0.000000000 0.000000000 36.651803164 -0.940201422 0.000000000 0.000000000
0.000000000 0.000000000 0.000000000 0.000000000 36.841025119 -0.922936222 0.000000000 0.000000000 0.000000000 0.000000000 33.819515459 -0.530741647 0.000000000 0.000000000 0.000000000 0.000000000 0.000000000 0.000000000 0.000000000 0.000000000 36.416600342 -0.925905978 0.000000000 0.000000000 0.000000000 0.000000000 33.851852968 -0.463500214 0.000000000 0.000000000 0.000000000 0.000000000 0.000000000 0.000000000 0.000000000 0.000000000 36.658634102 -0.945378804 0.000000000 0.000000000
0.000000000 0.000000000 0.000000000 0.000000000 36.847935131 -0.919838792 0.000000000 0.000000000 0.000000000 0.000000000 33.828217178 -0.533888930 0.000000000 0.000000000 0.000000000 0.000000000 0.000000000 0.000000000 0.000000000 0.000000000 36.420415632 -0.927943504 0.000000000 0.000000000 0.000000000 0.000000000 33.860277267 -0.465287800 0.000000000 0.000000000 0.000000000 0.000000000 0.000000000 0.000000000 0.000000000 0.000000000 36.665616655 -0.949692558 0.000000000 0.000000000
0.000000000 0.000000000 0.000000000 0.000000000 36.854761944 -0.917257465 0.000000000 0.000000000 0.000000000 0.000000000 33.836999490 -0.535976453 0.000000000 0.000000000 0.000000000 0.000000000 0.000000000 0.000000000 0.000000000 0.000000000 36.424069375 -0.929641174 0.000000000 0.000000000 0.000000000 0.000000000 33.868791712 -0.466777145 0.000000000 0.000000000 0.000000000 0.000000000 0.000000000 0.000000000 0.000000000 0.000000000 36.672573188 -0.951859969 0.000000000 0.000000000
0.000000000 0.000000000 0.000000000 0.000000000 36.861629049 -0.915106703 0.000000000 0.000000000 0.000000000 0.000000000 33.846010154 -0.535331040 0.000000000 0.000000000 0.000000000 0.000000000 0.000000000 0.000000000 0.000000000 0.000000000 36.427698499 -0.932870570 0.000000000 0.000000000 0.000000000 0.000000000 33.877260166 -0.467956270 0.000000000 0.000000000 0.000000000 0.000000000 0.000000000 0.000000000 0.000000000 0.000000000 36.679448072 -0.953227526 0.000000000 0.000000000
0.000000000 0.000000000 0.000000000 0.000000000 36.868363522 -0.913597430 0.000000000 0.000000000 0.000000000 0.000000000 33.854735567 -0.534828985 0.000000000 0.000000000 0.000000000 0.000000000 0.000000000 0.000000000 0.000000000 0.000000000 36.431376153 -0.935130568 0.000000000 0.000000000 0.000000000 0.000000000 33.885769159 -0.468876900 0.000000000 0.000000000 0.000000000 0.000000000 0.000000000 0.000000000 0.000000000 0.000000000 36.686345244 -0.953428203 0.000000000 0.000000000
0.000000000 0.000000000 0.000000000 0.000000000 36.875196670 -0.912622507 0.000000000 0.000000000 0.000000000 0.000000000 33.863603284 -0.534410574 0.000000000 0.000000000 0.000000000 0.000000000 0.000000000 0.000000000 0.000000000 0.000000000 36.435042833 -0.934768072 0.000000000 0.000000000 0.000000000 0.000000000 33.894451683 -0.467230418 0.000000000 0.000000000 0.000000000 0.000000000 0.000000000 0.000000000 0.000000000 0.000000000 36.693120463 -0.953900182 0.000000000 0.000000000
0.000000000 0.000000000 0.000000000 0.000000000 36.881957899 -0.914033685 0.000000000 0.000000000 0.000000000 0.000000000 33.872262916 -0.531640287 0.000000000 0.000000000 0.000000000 0.000000000 0.000000000 0.000000000 0.000000000 0.000000000 36.438559761 -0.932220425 0.000000000 0.000000000 0.000000000 0.000000000 33.902741596 -0.463444844 0.000000000 0.000000000 0.000000000 0.000000000 0.000000000 0.000000000 0.000000000 0.000000000 36.699911413 -0.954293495 0.000000000 0.000000000
0.000000000 0.000000000 0.000000000 0.000000000 36.888748415 -0.917432253 0.000000000 0.000000000 0.000000000 0.000000000 33.881057242 -0.527538256 0.000000000 0.000000000 0.000000000 0.000000000 0.000000000 0.000000000 0.000000000 0.000000000 36.442022483 -0.930097823 0.000000000 0.000000000 0.000000000 0.000000000 33.910700766 -0.457877665 0.000000000 0.000000000 0.000000000 0.000000000 0.000000000 0.000000000 0.000000000 0.000000000 36.706585489 -0.952390314 0.000000000 0.000000000
0.000000000 0.000000000 0.000000000 0.000000000 36.895640914 -0.922486679 0.000000000 0.000000000 0.000000000 0.000000000 33.889778651 -0.524748973 0.000000000 0.000000000 0.000000000 0.000000000 0.000000000 0.000000000 0.000000000 0.000000000 36.445381115 -0.928329393 0.000000000 0.000000000 0.000000000 0.000000000 33.918397935 -0.450826934 0.000000000 0.000000000 0.000000000 0.000000000 0.000000000 0.000000000 0.000000000 0.000000000 36.713315946 -0.950804845 0.000000000 0.000000000
0.000000000 0.000000000 0.000000000 0.000000000 36.902833578 -0.926697227 0.000000000 0.000000000 0.000000000 0.000000000 33.898371489 -0.522425428 0.000000000 0.000000000 0.000000000 0.000000000 0.000000000 0.000000000 0.000000000 0.000000000 36.448592482 -0.926855876 0.000000000 0.000000000 0.000000000 0.000000000 33.926204463 -0.444951847 0.000000000 0.000000000 0.000000000 0.000000000 0.000000000 0.000000000 0.000000000 0.000000000 36.719867231 -0.949483820 0.000000000 0.000000000
0.000000000 0.000000000 0.000000000 0.000000000 36.910028325 -0.930204519 0.000000000 0.000000000 0.000000000 0.000000000 33.906902262 -0.519340045 0.000000000 0.000000000 0.000000000 0.000000000 0.000000000 0.000000000 0.000000000 0.000000000 36.451570995 -0.925628247 0.000000000 0.000000000 0.000000000 0.000000000 33.933902260 -0.442468271 0.000000000 0.000000000 0.000000000 0.000000000 0.000000000 0.000000000 0.000000000 0.000000000 36.726372880 -0.946154044 0.000000000 0.000000000
0.000000000 0.000000000 0.000000000 0.000000000 36.917332756 -0.933126761 0.000000000 0.000000000 0.000000000 0.000000000 33.915134408 -0.518039643 0.000000000 0.000000000 0.000000000 0.000000000 0.000000000 0.000000000 0.000000000 0.000000000 36.454636950 -0.924605469 0.000000000 0.000000000 0.000000000 0.000000000 33.941164770 -0.440398994 0.000000000 0.000000000 0.000000000 0.000000000 0.000000000 0.000000000 0.000000000 0.000000000 36.732778097 -0.941150816 0.000000000 0.000000000
0.000000000 0.000000000 0.000000000 0.000000000 36.924641930 -0.935561761 0.000000000 0.000000000 0.000000000 0.000000000 33.923310815 -0.516955492 0.000000000 0.000000000 0.000000000 0.000000000 0.000000000 0.000000000 0.000000000 0.000000000 36.457530536 -0.925996348 0.000000000 0.000000000 0.000000000 0.000000000 33.948066613 -0.436263536 0.000000000 0.000000000 0.000000000 0.000000000 0.000000000 0.000000000 0.000000000 0.000000000 36.739229109 -0.936982756 0.000000000 0.000000000
0.000000000 0.000000000 0.000000000 0.000000000 36.932091076 -0.939809791 0.000000000 0.000000000 0.000000000 0.000000000 33.931850648 -0.513629521 0.000000000 0.000000000 0.000000000 0.000000000 0.000000000 0.000000000 0.000000000 0.000000000 36.460397935 -0.929398451 0.000000000 0.000000000 0.000000000 0.000000000 33.954747661 -0.430406098 0.000000000 0.000000000 0.000000000 0.000000000 0.000000000 0.000000000 0.000000000 0.000000000 36.745439224 -0.933510567 0.000000000 0.000000000
0.000000000 0.000000000 0.000000000 0.000000000 36.939693198 -0.943348315 0.000000000 0.000000000 0.000000000 0.000000000 33.940523759 -0.508435951 0.000000000 0.000000000 0.000000000 0.000000000 0.000000000 0.000000000 0.000000000 0.000000000 36.463423520 -0.934476762 0.000000000 0.000000000 0.000000000 0.000000000 33.961563745 -0.425207680 0.000000000 0.000000000 0.000000000 0.000000000 0.000000000 0.000000000 0.000000000 0.000000000 36.751453793 -0.928390752 0.000000000 0.000000000
0.000000000 0.000000000 0.000000000 0.000000000 36.946380987 -0.946296864 0.000000000 0.000000000 0.000000000 0.000000000 33.949340694 -0.504109409 0.000000000 0.000000000 0.000000000 0.000000000 0.000000000 0.000000000 0.000000000 0.000000000 18.232663181 -0.937397069 0.000000000 0.000000000 0.000000000 0.000000000 33.968091583 -0.420557745 0.000000000 0.000000000 0.000000000 0.000000000 0.000000000 0.000000000 0.000000000 0.000000000 18.377353258 -0.925457174 0.000000000 0.000000000
0.000000000 0.000000000 0.000000000 0.000000000 18.474794919 -0.948242167 0.000000000 0.000000000 0.000000000 0.000000000 33.957498248 -0.502925892 0.000000000 0.000000000 0.000000000 0.000000000 0.000000000 0.000000000 0.000000000 0.000000000 0.000000000 0.000000000 0.000000000 0.000000000 0.000000000 0.000000000 16.985858214 -0.417785378 0.000000000 0.000000000 0.000000000 0.000000000 0.000000000 0.000000000 0.000000000 0.000000000 0.000000000 0.000000000 0.000000000 0.000000000
0.000000000 0.000000000 0.000000000 0.000000000 0.000000000 0.000000000 0.000000000 0.000000000 0.000000000 0.000000000 33.965335289 -0.504358766 0.000000000 0.000000000 0.000000000 0.000000000 0.000000000 0.000000000 0.000000000 0.000000000 0.000000000 0.000000000 0.000000000 0.000000000 0.000000000 0.000000000 0.000000000 0.000000000 0.000000000 0.000000000 0.000000000 0.000000000 0.000000000 0.000000000 0.000000000 0.000000000 0.000000000 0.000000000 0.000000000 0.000000000
0.000000000 0.000000000 0.000000000 0.000000000 0.000000000 0.000000000 0.000000000 0.000000000 0.000000000 0.000000000 33.973025831 -0.507970122 0.000000000 0.000000000 0.000000000 0.000000000 0.000000000 0.000000000 0.000000000 0.000000000 0.000000000 0.000000000 0.000000000 0.000000000 0.000000000 0.000000000 0.000000000 0.000000000 0.000000000 0.000000000 0.000000000 0.000000000 0.000000000 0.000000000 0.000000000 0.000000000 0.000000000 0.000000000 0.000000000 0.000000000
0.000000000 0.000000000 0.000000000 0.000000000 0.000000000 0.000000000 0.000000000 0.000000000 0.000000000 0.000000000 33.980814175 -0.513394252 0.000000000 0.000000000 0.000000000 0.000000000 0.000000000 0.000000000 0.000000000 0.000000000 0.000000000 0.000000000 0.000000000 0.000000000 0.000000000 0.000000000 0.000000000 0.000000000 0.000000000 0.000000000 0.000000000 0.000000000 0.000000000 0.000000000 0.000000000 0.000000000 0.000000000 0.000000000 0.000000000 0.000000000
0.000000000 0.000000000 0.000000000 0.000000000 0.000000000 0.000000000 0.000000000 0.000000000 0.000000000 0.000000000 33.988747236 -0.520325631 0.000000000 0.000000000 0.000000000 0.000000000 0.000000000 0.000000000 0.000000000 0.000000000 0.000000000 0.000000000 0.000000000 0.000000000 0.000000000 0.000000000 0.000000000 0.000000000 0.000000000 0.000000000 0.000000000 0.000000000 0.000000000 0.000000000 0.000000000 0.000000000 0.000000000 0.000000000 0.000000000 0.000000000
0.000000000 0.000000000 0.000000000 0.000000000 0.000000000 0.000000000 0.000000000 0.000000000 0.000000000 0.000000000 33.997080499 -0.528510377 0.000000000 0.000000000 0.000000000 0.000000000 0.000000000 0.000000000 0.000000000 0.000000000 0.000000000 0.000000000 0.000000000 0.000000000 0.000000000 0.000000000 0.000000000 0.000000000 0.000000000 0.000000000 0.000000000 0.000000000 0.000000000 0.000000000 0.000000000 0.000000000 0.000000000 0.000000000 0.000000000 0.000000000
0.000000000 0.000000000 0.000000000 0.000000000 0.000000000 0.000000000 0.000000000 0.000000000 0.000000000 0.000000000 34.005505552 -0.537740167 0.000000000 0.000000000 0.000000000 0.000000000 0.000000000 0.000000000 0.000000000 0.000000000 0.000000000 0.000000000 0.000000000 0.000000000 0.000000000 0.000000000 0.000000000 0.000000000 0.000000000 0.000000000 0.000000000 0.000000000 0.000000000 0.000000000 0.000000000 0.000000000 0.000000000 0.000000000 0.000000000 0.000000000
0.000000000 0.000000000 0.000000000 0.000000000 0.000000000 0.000000000 0.000000000 0.000000000 0.000000000 0.000000000 34.014095055 -0.547839763 0.000000000 0.000000000 0.000000000 0.000000000 0.000000000 0.000000000 0.000000000 0.000000000 0.000000000 0.000000000 0.000000000 0.000000000 0.000000000 0.000000000 0.000000000 0.000000000 0.000000000 0.000000000 0.000000000 0.000000000 0.000000000 0.000000000 0.000000000 0.000000000 0.000000000 0.000000000 0.000000000 0.000000000
0.000000000 0.000000000 0.000000000 0.000000000 0.000000000 0.000000000 0.000000000 0.000000000 0.000000000 0.000000000 34.022728717 -0.558665812 0.000000000 0.000000000 0.000000000 0.000000000 0.000000000 0.000000000 0.000000000 0.000000000 0.000000000 0.000000000 0.000000000 0.000000000 0.000000000 0.000000000 0.000000000 0.000000000 0.000000000 0.000000000 0.000000000 0.000000000 0.000000000 0.000000000 0.000000000 0.000000000 0.000000000 0.000000000 0.000000000 0.000000000
0.000000000 0.000000000 0.000000000 0.000000000 0.000000000 0.000000000 0.000000000 0.000000000 0.000000000 0.000000000 34.031472241 -0.570098096 0.000000000 0.000000000 0.000000000 0.000000000 0.000000000 0.000000000 0.000000000 0.000000000 0.000000000 0.000000000 0.000000000 0.000000000 0.000000000 0.000000000 0.000000000 0.000000000 0.000000000 0.000000000 0.000000000 0.000000000 0.000000000 0.000000000 0.000000000 0.000000000 0.000000000 0.000000000 0.000000000 0.000000000
0.000000000 0.000000000 0.000000000 0.000000000 0.000000000 0.000000000 0.000000000 0.000000000 0.000000000 0.000000000 34.040184433 -0.582034288 0.000000000 0.000000000 0.000000000 0.000000000 0.000000000 0.000000000 0.000000000 0.000000000 0.000000000 0.000000000 0.000000000 0.000000000 0.000000000 0.000000000 0.000000000 0.000000000 0.000000000 0.000000000 0.000000000 0.000000000 0.000000000 0.000000000 0.000000000 0.000000000 0.000000000 0.000000000 0.000000000 0.000000000
0.000000000 0.000000000 0.000000000 0.000000000 0.000000000 0.000000000 0.000000000 0.000000000 0.000000000 0.000000000 34.048906252 -0.594392181 0.000000000 0.000000000 0.000000000 0.000000000 0.000000000 0.000000000 0.000000000 0.000000000 0.000000000 0.000000000 0.000000000 0.000000000 0.000000000 0.000000000 0.000000000 0.000000000 0.000000000 0.000000000 0.000000000 0.000000000 0.000000000 0.000000000 0.000000000 0.000000000 0.000000000 0.000000000 0.000000000 0.000000000
0.000000000 0.000000000 0.000000000 0.000000000 0.000000000 0.000000000 0.000000000 0.000000000 0.000000000 0.000000000 34.057581689 -0.607102816 0.000000000 0.000000000 0.000000000 0.000000000 0.000000000 0.000000000 0.000000000 0.000000000 0.000000000 0.000000000 0.000000000 0.000000000 0.000000000 0.000000000 0.000000000 0.000000000 0.000000000 0.000000000 0.000000000 0.000000000 0.000000000 0.000000000 0.000000000 0.000000000 0.000000000 0.000000000 0.000000000 0.000000000
0.000000000 0.000000000 0.000000000 0.000000000 0.000000000 0.000000000 0.000000000 0.000000000 0.000000000 0.000000000 34.066339931 -0.620109914 0.000000000 0.000000000 0.000000000 0.000000000 0.000000000 0.000000000 0.000000000 0.000000000 0.000000000 0.000000000 0.000000000 0.000000000 0.000000000 0.000000000 0.000000000 0.000000000 0.000000000 0.000000000 0.000000000 0.000000000 0.000000000 0.000000000 0.000000000 0.000000000 0.000000000 0.000000000 0.000000000 0.000000000
0.000000000 0.000000000 0.000000000 0.000000000 0.000000000 0.000000000 0.000000000 0.000000000 0.000000000 0.000000000 34.075069011 -0.633364166 0.000000000 0.000000000 0.000000000 0.000000000 0.000000000 0.000000000 0.000000000 0.000000000 0.000000000 0.000000000 0.000000000 0.000000000 0.000000000 0.000000000 0.000000000 0.000000000 0.000000000 0.000000000 0.000000000 0.000000000 0.000000000 0.000000000 0.000000000 0.000000000 0.000000000 0.000000000 0.000000000 0.000000000
0.000000000 0.000000000 0.000000000 0.000000000 0.000000000 0.000000000 0.000000000 0.000000000 0.000000000 0.000000000 34.083726537 -0.646825442 0.000000000 0.000000000 0.000000000 0.000000000 0.000000000 0.000000000 0.000000000 0.000000000 0.000000000 0.000000000 0.000000000 0.000000000 0.000000000 0.000000000 0.000000000 0.000000000 0.000000000 0.000000000 0.000000000 0.000000000 0.000000000 0.000000000 0.000000000 0.000000000 0.000000000 0.000000000 0.000000000 0.000000000
0.000000000 0.000000000 0.000000000 0.000000000 0.000000000 0.000000000 0.000000000 0.000000000 0.000000000 0.000000000 34.092285490 -0.660461905 0.000000000 0.000000000 0.000000000 0.000000000 0.000000000 0.000000000 0.000000000 0.000000000 0.000000000 0.000000000 0.000000000 0.000000000 0.000000000 0.000000000 0.000000000 0.000000000 0.000000000 0.000000000 0.000000000 0.000000000 0.000000000 0.000000000 0.000000000 0.000000000 0.000000000 0.000000000 0.000000000 0.000000000
0.000000000 0.000000000 0.000000000 0.000000000 0.000000000 0.000000000 0.000000000 0.000000000 0.000000000 0.000000000 34.100827285 -0.674248469 0.000000000 0.000000000 0.000000000 0.000000000 0.000000000 0.000000000 0.000000000 0.000000000 0.000000000 0.000000000 0.000000000 0.000000000 0.000000000 0.000000000 0.000000000 0.000000000 0.000000000 0.000000000 0.000000000 0.000000000 0.000000000 0.000000000 0.000000000 0.000000000 0.000000000 0.000000000 0.000000000 0.000000000
0.000000000 0.000000000 0.000000000 0.000000000 0.000000000 0.000000000 0.000000000 0.000000000 0.000000000 0.000000000 34.109267848 -0.688163643 0.000000000 0.000000000 0.000000000 0.000000000 0.000000000 0.000000000 0.000000000 0.000000000 0.000000000 0.000000000 0.000000000 0.000000000 0.000000000 0.000000000 0.000000000 0.000000000 0.000000000 0.000000000 0.000000000 0.000000000 0.000000000 0.000000000 0.000000000 0.000000000 0.000000000 0.000000000 0.000000000 0.000000000
0.000000000 0.000000000 0.000000000 0.000000000 0.000000000 0.000000000 0.000000000 0.000000000 0.000000000 0.000000000 34.117652386 -0.702191253 0.000000000 0.000000000 0.000000000 0.000000000 0.000000000 0.000000000 0.000000000 0.000000000 0.000000000 0.000000000 0.000000000 0.000000000 0.000000000 0.000000000 0.000000000 0.000000000 0.000000000 0.000000000 0.000000000 0.000000000 0.000000000 0.000000000 0.000000000 0.000000000 0.000000000 0.000000000 0.000000000 0.000000000
0.000000000 0.000000000 0.000000000 0.000000000 0.000000000 0.000000000 0.000000000 0.000000000 0.000000000 0.000000000 34.125976974 -0.716318197 0.000000000 0.000000000 0.000000000 0.000000000 0.000000000 0.000000000 0.000000000 0.000000000 0.000000000 0.000000000 0.000000000 0.000000000 0.000000000 0.000000000 0.000000000 0.000000000 0.000000000 0.000000000 0.000000000 0.000000000 0.000000000 0.000000000 0.000000000 0.000000000 0.000000000 0.000000000 0.000000000 0.000000000
0.000000000 0.000000000 0.000000000 0.000000000 0.000000000 0.000000000 0.000000000 0.000000000 0.000000000 0.000000000 34.134239487 -0.730534165 0.000000000 0.000000000 0.000000000 0.000000000 0.000000000 0.000000000 0.000000000 0.000000000 0.000000000 0.000000000 0.000000000 0.000000000 0.000000000 0.000000000 0.000000000 0.000000000 0.000000000 0.000000000 0.000000000 0.000000000 0.000000000 0.000000000 0.000000000 0.000000000 0.000000000 0.000000000 0.000000000 0.000000000
0.000000000 0.000000000 0.000000000 0.000000000 0.000000000 0.000000000 0.000000000 0.000000000 0.000000000 0.000000000 34.142443475 -0.744831179 0.000000000 0.000000000 0.000000000 0.000000000 0.000000000 0.000000000 0.000000000 0.000000000 0.000000000 0.000000000 0.000000000 0.000000000 0.000000000 0.000000000 0.000000000 0.000000000 0.000000000 0.000000000 0.000000000 0.000000000 0.000000000 0.000000000 0.000000000 0.000000000 0.000000000 0.000000000 0.000000000 0.000000000
0.000000000 0.000000000 0.000000000 0.000000000 0.000000000 0.000000000 0.000000000 0.000000000 0.000000000 0.000000000 34.150585213 -0.759203206 0.000000000 0.000000000 0.000000000 0.000000000 0.000000000 0.000000000 0.000000000 0.000000000 0.000000000 0.000000000 0.000000000 0.000000000 0.000000000 0.000000000 0.000000000 0.000000000 0.000000000 0.000000000 0.000000000 0.000000000 0.000000000 0.000000000 0.000000000 0.000000000 0.000000000 0.000000000 0.000000000 0.000000000
0.000000000 0.000000000 0.000000000 0.000000000 0.000000000 0.000000000 0.000000000 0.000000000 0.000000000 0.000000000 34.158659403 -0.773645840 0.000000000 0.000000000 0.000000000 0.000000000 0.000000000 0.000000000 0.000000000 0.000000000 0.000000000 0.000000000 0.000000000 0.000000000 0.000000000 0.000000000 0.000000000 0.000000000 0.000000000 0.000000000 0.000000000 0.000000000 0.000000000 0.000000000 0.000000000 0.000000000 0.000000000 0.000000000 0.000000000 0.000000000
0.000000000 0.000000000 0.000000000 0.000000000 0.000000000 0.000000000 0.000000000 0.000000000 0.000000000 0.000000000 34.166667705 -0.788156029 0.000000000 0.000000000 0.000000000 0.000000000 0.000000000 0.000000000 0.000000000 0.000000000 0.000000000 0.000000000 0.000000000 0.000000000 0.000000000 0.000000000 0.000000000 0.000000000 0.000000000 0.000000000 0.000000000 0.000000000 0.000000000 0.000000000 0.000000000 0.000000000 0.000000000 0.000000000 0.000000000 0.000000000
0.000000000 0.000000000 0.000000000 0.000000000 0.000000000 0.000000000 0.000000000 0.000000000 0.000000000 0.000000000 34.174610903 -0.802731852 0.000000000 0.000000000 0.000000000 0.000000000 0.000000000 0.000000000 0.000000000 0.000000000 0.000000000 0.000000000 0.000000000 0.000000000 0.000000000 0.000000000 0.000000000 0.000000000 0.000000000 0.000000000 0.000000000 0.000000000 0.000000000 0.000000000 0.000000000 0.000000000 0.000000000 0.000000000 0.000000000 0.000000000
0.000000000 0.000000000 0.000000000 0.000000000 0.000000000 0.000000000 0.000000000 0.000000000 0.000000000 0.000000000 34.182491268 -0.817372334 0.000000000 0.000000000 0.000000000 0.000000000 0.000000000 0.000000000 0.000000000 0.000000000 0.000000000 0.000000000 0.000000000 0.000000000 0.000000000 0.000000000 0.000000000 0.000000000 0.000000000 0.000000000 0.000000000 0.000000000 0.000000000 0.000000000 0.000000000 0.000000000 0.000000000 0.000000000 0.000000000 0.000000000
0.000000000 0.000000000 0.000000000 0.000000000 0.000000000 0.000000000 0.000000000 0.000000000 0.000000000 0.000000000 34.190317313 -0.832077291 0.000000000 0.000000000 0.000000000 0.000000000 0.000000000 0.000000000 0.000000000 0.000000000 0.000000000 0.000000000 0.000000000 0.000000000 0.000000000 0.000000000 0.000000000 0.000000000 0.000000000 0.000000000 0.000000000 0.000000000 0.000000000 0.000000000 0.000000000 0.000000000 0.000000000 0.000000000 0.000000000 0.000000000
0.000000000 0.000000000 0.000000000 0.000000000 0.000000000 0.000000000 0.000000000 0.000000000 0.000000000 0.000000000 34.198093855 -0.846847207 0.000000000 0.000000000 0.000000000 0.000000000 0.000000000 0.000000000 0.000000000 0.000000000 0.000000000 0.000000000 0.000000000 0.000000000 0.000000000 0.000000000 0.000000000 0.000000000 0.000000000 0.000000000 0.000000000 0.000000000 0.000000000 0.000000000 0.000000000 0.000000000 0.000000000 0.000000000 0.000000000 0.000000000
0.000000000 0.000000000 0.000000000 0.000000000 0.000000000 0.000000000 0.000000000 0.000000000 0.000000000 0.000000000 34.205822118 -0.861683130 0.000000000 0.000000000 0.000000000 0.000000000 0.000000000 0.000000000 0.000000000 0.000000000 0.000000000 0.000000000 0.000000000 0.000000000 0.000000000 0.000000000 0.000000000 0.000000000 0.000000000 0.000000000 0.000000000 0.000000000 0.000000000 0.000000000 0.000000000 0.000000000 0.000000000 0.000000000 0.000000000 0.000000000
0.000000000 0.000000000 0.000000000 0.000000000 0.000000000 0.000000000 0.000000000 0.000000000 0.000000000 0.000000000 34.213507015 -0.876586590 0.000000000 0.000000000 0.000000000 0.000000000 0.000000000 0.000000000 0.000000000 0.000000000 0.000000000 0.000000000 0.000000000 0.000000000 0.000000000 0.000000000 0.000000000 0.000000000 0.000000000 0.000000000 0.000000000 0.000000000 0.000000000 0.000000000 0.000000000 0.000000000 0.000000000 0.000000000 0.000000000 0.000000000
0.000000000 0.000000000 0.000000000 0.000000000 0.000000000 0.000000000 0.000000000 0.000000000 0.000000000 0.000000000 34.221152149 -0.891559525 0.000000000 0.000000000 0.000000000 0.000000000 0.000000000 0.000000000 0.000000000 0.000000000 0.000000000 0.000000000 0.000000000 0.000000000 0.000000000 0.000000000 0.000000000 0.000000000 0.000000000 0.000000000 0.000000000 0.000000000 0.000000000 0.000000000 0.000000000 0.000000000 0.000000000 0.000000000 0.000000000 0.000000000
0.000000000 0.000000000 0.000000000 0.000000000 0.000000000 0.000000000 0.000000000 0.000000000 0.000000000 0.000000000 34.228759602 -0.906604232 0.000000000 0.000000000 0.000000000 0.000000000 0.000000000 0.000000000 0.000000000 0.000000000 0.000000000 0.000000000 0.000000000 0.000000000 0.000000000 0.000000000 0.000000000 0.000000000 0.000000000 0.000000000 0.000000000 0.000000000 0.000000000 0.000000000 0.000000000 0.000000000 0.000000000 0.000000000 0.000000000 0.000000000
0.000000000 0.000000000 0.000000000 0.000000000 0.000000000 0.000000000 0.000000000 0.000000000 0.000000000 0.000000000 34.236333179 -0.921723317 0.000000000 0.000000000 0.000000000 0.000000000 0.000000000 0.000000000 0.000000000 0.000000000 0.000000000 0.000000000 0.000000000 0.000000000 0.000000000 0.000000000 0.000000000 0.000000000 0.000000000 0.000000000 0.000000000 0.000000000 0.000000000 0.000000000 0.000000000 0.000000000 0.000000000 0.000000000 0.000000000 0.000000000
0.000000000 0.000000000 0.000000000 0.000000000 0.000000000 0.000000000 0.000000000 0.000000000 0.000000000 0.000000000 34.243877066 -0.936919659 0.000000000 0.000000000 0.000000000 0.000000000 0.000000000 0.000000000 0.000000000 0.000000000 0.000000000 0.000000000 0.000000000 0.000000000 0.000000000 0.000000000 0.000000000 0.000000000 0.000000000 0.000000000 0.000000000 0.000000000 0.000000000 0.000000000 0.000000000 0.000000000 0.000000000 0.000000000 0.000000000 0.000000000
0.000000000 0.000000000 0.000000000 0.000000000 0.000000000 0.000000000 0.000000000 0.000000000 0.000000000 0.000000000 34.251394100 -0.952196382 0.000000000 0.000000000 0.000000000 0.000000000 0.000000000 0.000000000 0.000000000 0.000000000 0.000000000 0.000000000 0.000000000 0.000000000 0.000000000 0.000000000 0.000000000 0.000000000 0.000000000 0.000000000 0.000000000 0.000000000 0.000000000 0.000000000 0.000000000 0.000000000 0.000000000 0.000000000 0.000000000 0.000000000
0.000000000 0.000000000 0.000000000 0.000000000 0.000000000 0.000000000 0.000000000 0.000000000 0.000000000 0.000000000 34.258886642 -0.967556834 0.000000000 0.000000000 0.000000000 0.000000000 0.000000000 0.000000000 0.000000000 0.000000000 0.000000000 0.000000000 0.000000000 0.000000000 0.000000000 0.000000000 0.000000000 0.000000000 0.000000000 0.000000000 0.000000000 0.000000000 0.000000000 0.000000000 0.000000000 0.000000000 0.000000000 0.000000000 0.000000000 0.000000000
0.000000000 0.000000000 0.000000000 0.000000000 0.000000000 0.000000000 0.000000000 0.000000000 0.000000000 0.000000000 34.266357448 -0.983004567 0.000000000 0.000000000 0.000000000 0.000000000 0.000000000 0.000000000 0.000000000 0.000000000 0.000000000 0.000000000 0.000000000 0.000000000 0.000000000 0.000000000 0.000000000 0.000000000 0.000000000 0.000000000 0.000000000 0.000000000 0.000000000 0.000000000 0.000000000 0.000000000 0.000000000 0.000000000 0.000000000 0.000000000
0.000000000 0.000000000 0.000000000 0.000000000 0.000000000 0.000000000 0.000000000 0.000000000 0.000000000 0.000000000 34.273808072 -0.998543326 0.000000000 0.000000000 0.000000000 0.000000000 0.000000000 0.000000000 0.000000000 0.000000000 0.000000000 0.000000000 0.000000000 0.000000000 0.000000000 0.000000000 0.000000000 0.000000000 0.000000000 0.000000000 0.000000000 0.000000000 0.000000000 0.000000000 0.000000000 0.000000000 0.000000000 0.000000000 0.000000000 0.000000000
0.000000000 0.000000000 0.000000000 0.000000000 0.000000000 0.000000000 0.000000000 0.000000000 0.000000000 0.000000000 34.281240661 -1.014177039 0.000000000 0.000000000 0.000000000 0.000000000 0.000000000 0.000000000 0.000000000 0.000000000 0.000000000 0.000000000 0.000000000 0.000000000 0.000000000 0.000000000 0.000000000 0.000000000 0.000000000 0.000000000 0.000000000 0.000000000 0.000000000 0.000000000 0.000000000 0.000000000 0.000000000 0.000000000 0.000000000 0.000000000
0.000000000 0.000000000 0.000000000 0.000000000 0.000000000 0.000000000 0.000000000 0.000000000 0.000000000 0.000000000 34.288655940 -1.029909810 0.000000000 0.000000000 0.000000000 0.000000000 0.000000000 0.000000000 0.000000000 0.000000000 0.000000000 0.000000000 0.000000000 0.000000000 0.000000000 0.000000000 0.000000000 0.000000000 0.000000000 0.000000000 0.000000000 0.000000000 0.000000000 0.000000000 0.000000000 0.000000000 0.000000000 0.000000000 0.000000000 0.000000000
0.000000000 0.000000000 0.000000000 0.000000000 0.000000000 0.000000000 0.000000000 0.000000000 0.000000000 0.000000000 34.296052727 -1.045745920 0.000000000 0.000000000 0.000000000 0.000000000 0.000000000 0.000000000 0.000000000 0.000000000 0.000000000 0.000000000 0.000000000 0.000000000 0.000000000 0.000000000 0.000000000 0.000000000 0.000000000 0.000000000 0.000000000 0.000000000 0.000000000 0.000000000 0.000000000 0.000000000 0.000000000 0.000000000 0.000000000 0.000000000
0.000000000 0.000000000 0.000000000 0.000000000 0.000000000 0.000000000 0.000000000 0.000000000 0.000000000 0.000000000 34.303431514 -1.061689820 0.000000000 0.000000000 0.000000000 0.000000000 0.000000000 0.000000000 0.000000000 0.000000000 0.000000000 0.000000000 0.000000000 0.000000000 0.000000000 0.000000000 0.000000000 0.000000000 0.000000000 0.000000000 0.000000000 0.000000000 0.000000000 0.000000000 0.000000000 0.000000000 0.000000000 0.000000000 0.000000000 0.000000000
0.000000000 0.000000000 0.000000000 0.000000000 0.000000000 0.000000000 0.000000000 0.000000000 0.000000000 0.000000000 34.310793463 -1.077746136 0.000000000 0.000000000 0.000000000 0.000000000 0.000000000 0.000000000 0.000000000 0.000000000 0.000000000 0.000000000 0.000000000 0.000000000 0.000000000 0.000000000 0.000000000 0.000000000 0.000000000 0.000000000 0.000000000 0.000000000 0.000000000 0.000000000 0.000000000 0.000000000 0.000000000 0.000000000 0.000000000 0.000000000
0.000000000 0.000000000 0.000000000 0.000000000 0.000000000 0.000000000 0.000000000 0.000000000 0.000000000 0.000000000 34.318138638 -1.093919668 0.000000000 0.000000000 0.000000000 0.000000000 0.000000000 0.000000000 0.000000000 0.000000000 0.000000000 0.000000000 0.000000000 0.000000000 0.000000000 0.000000000 0.000000000 0.000000000 0.000000000 0.000000000 0.000000000 0.000000000 0.000000000 0.000000000 0.000000000 0.000000000 0.000000000 0.000000000 0.000000000 0.000000000
0.000000000 0.000000000 0.000000000 0.000000000 0.000000000 0.000000000 0.000000000 0.000000000 0.000000000 0.000000000 34.325467930 -1.110215398 0.000000000 0.000000000 0.000000000 0.000000000 0.000000000 0.000000000 0.000000000 0.000000000 0.000000000 0.000000000 0.000000000 0.000000000 0.000000000 0.000000000 0.000000000 0.000000000 0.000000000 0.000000000 0.000000000 0.000000000 0.000000000 0.000000000 0.000000000 0.000000000 0.000000000 0.000000000 0.000000000 0.000000000
0.000000000 0.000000000 0.000000000 0.000000000 0.000000000 0.000000000 0.000000000 0.000000000 0.000000000 0.000000000 34.332782940 -1.126638490 0.000000000 0.000000000 0.000000000 0.000000000 0.000000000 0.000000000 0.000000000 0.000000000 0.000000000 0.000000000 0.000000000 0.000000000 0.000000000 0.000000000 0.000000000 0.000000000 0.000000000 0.000000000 0.000000000 0.000000000 0.000000000 0.000000000 0.000000000 0.000000000 0.000000000 0.000000000 0.000000000 0.000000000
0.000000000 0.000000000 0.000000000 0.000000000 0.000000000 0.000000000 0.000000000 0.000000000 0.000000000 0.000000000 34.340084087 -1.143194302 0.000000000 0.000000000 0.000000000 0.000000000 0.000000000 0.000000000 0.000000000 0.000000000 0.000000000 0.000000000 0.000000000 0.000000000 0.000000000 0.000000000 0.000000000 0.000000000 0.000000000 0.000000000 0.000000000 0.000000000 0.000000000 0.000000000 0.000000000 0.000000000 0.000000000 0.000000000 0.000000000 0.000000000
0.000000000 0.000000000 0.000000000 0.000000000 0.000000000 0.000000000 0.000000000 0.000000000 0.000000000 0.000000000 34.347371618 -1.159888391 0.000000000 0.000000000 0.000000000 0.000000000 0.000000000 0.000000000 0.000000000 0.000000000 0.000000000 0.000000000 0.000000000 0.000000000 0.000000000 0.000000000 0.000000000 0.000000000 0.000000000 0.000000000 0.000000000 0.000000000 0.000000000 0.000000000 0.000000000 0.000000000 0.000000000 0.000000000 0.000000000 0.000000000
0.000000000 0.000000000 0.000000000 0.000000000 0.000000000 0.000000000 0.000000000 0.000000000 0.000000000 0.000000000 34.354645518 -1.176726525 0.000000000 0.000000000 0.000000000 0.000000000 0.000000000 0.000000000 0.000000000 0.000000000 0.000000000 0.000000000 0.000000000 0.000000000 0.000000000 0.000000000 0.000000000 0.000000000 0.000000000 0.000000000 0.000000000 0.000000000 0.000000000 0.000000000 0.000000000 0.000000000 0.000000000 0.000000000 0.000000000 0.000000000
0.000000000 0.000000000 0.000000000 0.000000000 0.000000000 0.000000000 0.000000000 0.000000000 0.000000000 0.000000000 34.361904237 -1.193714690 0.000000000 0.000000000 0.000000000 0.000000000 0.000000000 0.000000000 0.000000000 0.000000000 0.000000000 0.000000000 0.000000000 0.000000000 0.000000000 0.000000000 0.000000000 0.000000000 0.000000000 0.000000000 0.000000000 0.000000000 0.000000000 0.000000000 0.000000000 0.000000000 0.000000000 0.000000000 0.000000000 0.000000000
0.000000000 0.000000000 0.000000000 0.000000000 0.000000000 0.000000000 0.000000000 0.000000000 0.000000000 0.000000000 34.369146610 -1.210859110 0.000000000 0.000000000 0.000000000 0.000000000 0.000000000 0.000000000 0.000000000 0.000000000 0.000000000 0.000000000 0.000000000 0.000000000 0.000000000 0.000000000 0.000000000 0.000000000 0.000000000 0.000000000 0.000000000 0.000000000 0.000000000 0.000000000 0.000000000 0.000000000 0.000000000 0.000000000 0.000000000 0.000000000
0.000000000 0.000000000 0.000000000 0.000000000 0.000000000 0.000000000 0.000000000 0.000000000 0.000000000 0.000000000 34.376372941 -1.228166248 0.000000000 0.000000000 0.000000000 0.000000000 0.000000000 0.000000000 0.000000000 0.000000000 0.000000000 0.000000000 0.000000000 0.000000000 0.000000000 0.000000000 0.000000000 0.000000000 0.000000000 0.000000000 0.000000000 0.000000000 0.000000000 0.000000000 0.000000000 0.000000000 0.000000000 0.000000000 0.000000000 0.000000000
0.000000000 0.000000000 0.000000000 0.000000000 0.000000000 0.000000000 0.000000000 0.000000000 0.000000000 0.000000000 34.383583759 -1.245642829 0.000000000 0.000000000 0.000000000 0.000000000 0.000000000 0.000000000 0.000000000 0.000000000 0.000000000 0.000000000 0.000000000 0.000000000 0.000000000 0.000000000 0.000000000 0.000000000 0.000000000 0.000000000 0.000000000 0.000000000 0.000000000 0.000000000 0.000000000 0.000000000 0.000000000 0.000000000 0.000000000 0.000000000
0.000000000 0.000000000 0.000000000 0.000000000 0.000000000 0.000000000 0.000000000 0.000000000 0.000000000 0.000000000 34.390779161 -1.263295853 0.000000000 0.000000000 0.000000000 0.000000000 0.000000000 0.000000000 0.000000000 0.000000000 0.000000000 0.000000000 0.000000000 0.000000000 0.000000000 0.000000000 0.000000000 0.000000000 0.000000000 0.000000000 0.000000000 0.000000000 0.000000000 0.000000000 0.000000000 0.000000000 0.000000000 0.000000000 0.000000000 0.000000000
0.000000000 0.000000000 0.000000000 0.000000000 0.000000000 0.000000000 0.000000000 0.000000000 0.000000000 0.000000000 34.397960100 -1.281132608 0.000000000 0.000000000 0.000000000 0.000000000 0.000000000 0.000000000 0.000000000 0.000000000 0.000000000 0.000000000 0.000000000 0.000000000 0.000000000 0.000000000 0.000000000 0.000000000 0.000000000 0.000000000 0.000000000 0.000000000 0.000000000 0.000000000 0.000000000 0.000000000 0.000000000 0.000000000 0.000000000 0.000000000
0.000000000 0.000000000 0.000000000 0.000000000 0.000000000 0.000000000 0.000000000 0.000000000 0.000000000 0.000000000 34.405126985 -1.299160693 0.000000000 0.000000000 0.000000000 0.000000000 0.000000000 0.000000000 0.000000000 0.000000000 0.000000000 0.000000000 0.000000000 0.000000000 0.000000000 0.000000000 0.000000000 0.000000000 0.000000000 0.000000000 0.000000000 0.000000000 0.000000000 0.000000000 0.000000000 0.000000000 0.000000000 0.000000000 0.000000000 0.000000000
0.000000000 0.000000000 0.000000000 0.000000000 0.000000000 0.000000000 0.000000000 0.000000000 0.000000000 0.000000000 34.412278182 -1.317388038 0.000000000 0.000000000 0.000000000 0.000000000 0.000000000 0.000000000 0.000000000 0.000000000 0.000000000 0.000000000 0.000000000 0.000000000 0.000000000 0.000000000 0.000000000 0.000000000 0.000000000 0.000000000 0.000000000 0.000000000 0.000000000 0.000000000 0.000000000 0.000000000 0.000000000 0.000000000 0.000000000 0.000000000
0.000000000 0.000000000 0.000000000 0.000000000 0.000000000 0.000000000 0.000000000 0.000000000 0.000000000 0.000000000 34.419412274 -1.335822924 0.000000000 0.000000000 0.000000000 0.000000000 0.000000000 0.000000000 0.000000000 0.000000000 0.000000000 0.000000000 0.000000000 0.000000000 0.000000000 0.000000000 0.000000000 0.000000000 0.000000000 0.000000000 0.000000000 0.000000000 0.000000000 0.000000000 0.000000000 0.000000000 0.000000000 0.000000000 0.000000000 0.000000000
0.000000000 0.000000000 0.000000000 0.000000000 0.000000000 0.000000000 0.000000000 0.000000000 0.000000000 0.000000000 34.426528762 -1.354474007 0.000000000 0.000000000 0.000000000 0.000000000 0.000000000 0.000000000 0.000000000 0.000000000 0.000000000 0.000000000 0.000000000 0.000000000 0.000000000 0.000000000 0.000000000 0.000000000 0.000000000 0.000000000 0.000000000 0.000000000 0.000000000 0.000000000 0.000000000 0.000000000 0.000000000 0.000000000 0.000000000 0.000000000
0.000000000 0.000000000 0.000000000 0.000000000 0.000000000 0.000000000 0.000000000 0.000000000 0.000000000 0.000000000 34.433628420 -1.373350343 0.000000000 0.000000000 0.000000000 0.000000000 0.000000000 0.000000000 0.000000000 0.000000000 0.000000000 0.000000000 0.000000000 0.000000000 0.000000000 0.000000000 0.000000000 0.000000000 0.000000000 0.000000000 0.000000000 0.000000000 0.000000000 0.000000000 0.000000000 0.000000000 0.000000000 0.000000000 0.000000000 0.000000000
0.000000000 0.000000000 0.000000000 0.000000000 0.000000000 0.000000000 0.000000000 0.000000000 0.000000000 0.000000000 34.440712039 -1.392461414 0.000000000 0.000000000 0.000000000 0.000000000 0.000000000 0.000000000 0.000000000 0.000000000 0.000000000 0.000000000 0.000000000 0.000000000 0.000000000 0.000000000 0.000000000 0.000000000 0.000000000 0.000000000 0.000000000 0.000000000 0.000000000 0.000000000 0.000000000 0.000000000 0.000000000 0.000000000 0.000000000 0.000000000
0.000000000 0.000000000 0.000000000 0.000000000 0.000000000 0.000000000 0.000000000 0.000000000 0.000000000 0.000000000 34.447779374 -1.411817160 0.000000000 0.000000000 0.000000000 0.000000000 0.000000000 0.000000000 0.000000000 0.000000000 0.000000000 0.000000000 0.000000000 0.000000000 0.000000000 0.000000000 0.000000000 0.000000000 0.000000000 0.000000000 0.000000000 0.000000000 0.000000000 0.000000000 0.000000000 0.000000000 0.000000000 0.000000000 0.000000000 0.000000000
0.000000000 0.000000000 0.000000000 0.000000000 0.000000000 0.000000000 0.000000000 0.000000000 0.000000000 0.000000000 34.454830884 -1.431428010 0.000000000 0.000000000 0.000000000 0.000000000 0.000000000 0.000000000 0.000000000 0.000000000 0.000000000 0.000000000 0.000000000 0.000000000 0.000000000 0.000000000 0.000000000 0.000000000 0.000000000 0.000000000 0.000000000 0.000000000 0.000000000 0.000000000 0.000000000 0.000000000 0.000000000 0.000000000 0.000000000 0.000000000
0.000000000 0.000000000 0.000000000 0.000000000 0.000000000 0.000000000 0.000000000 0.000000000 0.000000000 0.000000000 34.461865968 -1.451304920 0.000000000 0.000000000 0.000000000 0.000000000 0.000000000 0.000000000 0.000000000 0.000000000 0.000000000 0.000000000 0.000000000 0.000000000 0.000000000 0.000000000 0.000000000 0.000000000 0.000000000 0.000000000 0.000000000 0.000000000 0.000000000 0.000000000 0.000000000 0.000000000 0.000000000 0.000000000 0.000000000 0.000000000
0.000000000 0.000000000 0.000000000 0.000000000 0.000000000 0.000000000 0.000000000 0.000000000 0.000000000 0.000000000 34.468883413 -1.471459411 0.000000000 0.000000000 0.000000000 0.000000000 0.000000000 0.000000000 0.000000000 0.000000000 0.000000000 0.000000000 0.000000000 0.000000000 0.000000000 0.000000000 0.000000000 0.000000000 0.000000000 0.000000000 0.000000000 0.000000000 0.000000000 0.000000000 0.000000000 0.000000000 0.000000000 0.000000000 0.000000000 0.000000000
0.000000000 0.000000000 0.000000000 0.000000000 0.000000000 0.000000000 0.000000000 0.000000000 0.000000000 0.000000000 34.475883997 -1.491903609 0.000000000 0.000000000 0.000000000 0.000000000 0.000000000 0.000000000 0.000000000 0.000000000 0.000000000 0.000000000 0.000000000 0.000000000 0.000000000 0.000000000 0.000000000 0.000000000 0.000000000 0.000000000 0.000000000 0.000000000 0.000000000 0.000000000 0.000000000 0.000000000 0.000000000 0.000000000 0.000000000 0.000000000
0.000000000 0.000000000 0.000000000 0.000000000 0.000000000 0.000000000 0.000000000 0.000000000 0.000000000 0.000000000 34.482868960 -1.512650292 0.000000000 0.000000000 0.000000000 0.000000000 0.000000000 0.000000000 0.000000000 0.000000000 0.000000000 0.000000000 0.000000000 0.000000000 0.000000000 0.000000000 0.000000000 0.000000000 0.000000000 0.000000000 0.000000000 0.000000000 0.000000000 0.000000000 0.000000000 0.000000000 0.000000000 0.000000000 0.000000000 0.000000000
0.000000000 0.000000000 0.000000000 0.000000000 0.000000000 0.000000000 0.000000000 0.000000000 0.000000000 0.000000000 34.489838148 -1.533712941 0.000000000 0.000000000 0.000000000 0.000000000 0.000000000 0.000000000 0.000000000 0.000000000 0.000000000 0.000000000 0.000000000 0.000000000 0.000000000 0.000000000 0.000000000 0.000000000 0.000000000 0.000000000 0.000000000 0.000000000 0.000000000 0.000000000 0.000000000 0.000000000 0.000000000 0.000000000 0.000000000 0.000000000
0.000000000 0.000000000 0.000000000 0.000000000 0.000000000 0.000000000 0.000000000 0.000000000 0.000000000 0.000000000 34.496791298 -1.555105797 0.000000000 0.000000000 0.000000000 0.000000000 0.000000000 0.000000000 0.000000000 0.000000000 0.000000000 0.000000000 0.000000000 0.000000000 0.000000000 0.000000000 0.000000000 0.000000000 0.000000000 0.000000000 0.000000000 0.000000000 0.000000000 0.000000000 0.000000000 0.000000000 0.000000000 0.000000000 0.000000000 0.000000000
0.000000000 0.000000000 0.000000000 0.000000000 0.000000000 0.000000000 0.000000000 0.000000000 0.000000000 0.000000000 34.503729436 -1.576843919 0.000000000 0.000000000 0.000000000 0.000000000 0.000000000 0.000000000 0.000000000 0.000000000 0.000000000 0.000000000 0.000000000 0.000000000 0.000000000 0.000000000 0.000000000 0.000000000 0.000000000 0.000000000 0.000000000 0.000000000 0.000000000 0.000000000 0.000000000 0.000000000 0.000000000 0.000000000 0.000000000 0.000000000
0.000000000 0.000000000 0.000000000 0.000000000 0.000000000 0.000000000 0.000000000 0.000000000 0.000000000 0.000000000 34.510652780 -1.598943254 0.000000000 0.000000000 0.000000000 0.000000000 0.000000000 0.000000000 0.000000000 0.000000000 0.000000000 0.000000000 0.000000000 0.000000000 0.000000000 0.000000000 0.000000000 0.000000000 0.000000000 0.000000000 0.000000000 0.000000000 0.000000000 0.000000000 0.000000000 0.000000000 0.000000000 0.000000000 0.000000000 0.000000000
0.000000000 0.000000000 0.000000000 0.000000000 0.000000000 0.000000000 0.000000000 0.000000000 0.000000000 0.000000000 34.517561241 -1.621420708 0.000000000 0.000000000 0.000000000 0.000000000 0.000000000 0.000000000 0.000000000 0.000000000 0.000000000 0.000000000 0.000000000 0.000000000 0.000000000 0.000000000 0.000000000 0.000000000 0.000000000 0.000000000 0.000000000 0.000000000 0.000000000 0.000000000 0.000000000 0.000000000 0.000000000 0.000000000 0.000000000 0.000000000
0.000000000 0.000000000 0.000000000 0.000000000 0.000000000 0.000000000 0.000000000 0.000000000 0.000000000 0.000000000 34.524455416 -1.644294232 0.000000000 0.000000000 0.000000000 0.000000000 0.000000000 0.000000000 0.000000000 0.000000000 0.000000000 0.000000000 0.000000000 0.000000000 0.000000000 0.000000000 0.000000000 0.000000000 0.000000000 0.000000000 0.000000000 0.000000000 0.000000000 0.000000000 0.000000000 0.000000000 0.000000000 0.000000000 0.000000000 0.000000000
0.000000000 0.000000000 0.000000000 0.000000000 0.000000000 0.000000000 0.000000000 0.000000000 0.000000000 0.000000000 34.531334870 -1.667582908 0.000000000 0.000000000 0.000000000 0.000000000 0.000000000 0.000000000 0.000000000 0.000000000 0.000000000 0.000000000 0.000000000 0.000000000 0.000000000 0.000000000 0.000000000 0.000000000 0.000000000 0.000000000 0.000000000 0.000000000 0.000000000 0.000000000 0.000000000 0.000000000 0.000000000 0.000000000 0.000000000 0.000000000
0.000000000 0.000000000 0.000000000 0.000000000 0.000000000 0.000000000 0.000000000 0.000000000 0.000000000 0.000000000 34.538198940 -1.691307056 0.000000000 0.000000000 0.000000000 0.000000000 0.000000000 0.000000000 0.000000000 0.000000000 0.000000000 0.000000000 0.000000000 0.000000000 0.000000000 0.000000000 0.000000000 0.000000000 0.000000000 0.000000000 0.000000000 0.000000000 0.000000000 0.000000000 0.000000000 0.000000000 0.000000000 0.000000000 0.000000000 0.000000000
0.000000000 0.000000000 0.000000000 0.000000000 0.000000000 0.000000000 0.000000000 0.000000000 0.000000000 0.000000000 34.545047820 -1.715488339 0.000000000 0.000000000 0.000000000 0.000000000 0.000000000 0.000000000 0.000000000 0.000000000 0.000000000 0.000000000 0.000000000 0.000000000 0.000000000 0.000000000 0.000000000 0.000000000 0.000000000 0.000000000 0.000000000 0.000000000 0.000000000 0.000000000 0.000000000 0.000000000 0.000000000 0.000000000 0.000000000 0.000000000
0.000000000 0.000000000 0.000000000 0.000000000 0.000000000 0.000000000 0.000000000 0.000000000 0.000000000 0.000000000 34.551881432 -1.740149893 0.000000000 0.000000000 0.000000000 0.000000000 0.000000000 0.000000000 0.000000000 0.000000000 0.000000000 0.000000000 0.000000000 0.000000000 0.000000000 0.000000000 0.000000000 0.000000000 0.000000000 0.000000000 0.000000000 0.000000000 0.000000000 0.000000000 0.000000000 0.000000000 0.000000000 0.000000000 0.000000000 0.000000000
0.000000000 0.000000000 0.000000000 0.000000000 0.000000000 0.000000000 0.000000000 0.000000000 0.000000000 0.000000000 34.558700292 -1.765316465 0.000000000 0.000000000 0.000000000 0.000000000 0.000000000 0.000000000 0.000000000 0.000000000 0.000000000 0.000000000 0.000000000 0.000000000 0.000000000 0.000000000 0.000000000 0.000000000 0.000000000 0.000000000 0.000000000 0.000000000 0.000000000 0.000000000 0.000000000 0.000000000 0.000000000 0.000000000 0.000000000 0.000000000
0.000000000 0.000000000 0.000000000 0.000000000 0.000000000 0.000000000 0.000000000 0.000000000 0.000000000 0.000000000 34.565566684 -1.791009669 0.000000000 0.000000000 0.000000000 0.000000000 0.000000000 0.000000000 0.000000000 0.000000000 0.000000000 0.000000000 0.000000000 0.000000000 0.000000000 0.000000000 0.000000000 0.000000000 0.000000000 0.000000000 0.000000000 0.000000000 0.000000000 0.000000000 0.000000000 0.000000000 0.000000000 0.000000000 0.000000000 0.000000000
0.000000000 0.000000000 0.000000000 0.000000000 0.000000000 0.000000000 0.000000000 0.000000000 0.000000000 0.000000000 34.572498012 -1.817224793 0.000000000 0.000000000 0.000000000 0.000000000 0.000000000 0.000000000 0.000000000 0.000000000 0.000000000 0.000000000 0.000000000 0.000000000 0.000000000 0.000000000 0.000000000 0.000000000 0.000000000 0.000000000 0.000000000 0.000000000 0.000000000 0.000000000 0.000000000 0.000000000 0.000000000 0.000000000 0.000000000 0.000000000
0.000000000 0.000000000 0.000000000 0.000000000 0.000000000 0.000000000 0.000000000 0.000000000 0.000000000 0.000000000 34.579447065 -1.843924831 0.000000000 0.000000000 0.000000000 0.000000000 0.000000000 0.000000000 0.000000000 0.000000000 0.000000000 0.000000000 0.000000000 0.000000000 0.000000000 0.000000000 0.000000000 0.000000000 0.000000000 0.000000000 0.000000000 0.000000000 0.000000000 0.000000000 0.000000000 0.000000000 0.000000000 0.000000000 0.000000000 0.000000000
0.000000000 0.000000000 0.000000000 0.000000000 0.000000000 0.000000000 0.000000000 0.000000000 0.000000000 0.000000000 34.586414439 -1.871048956 0.000000000 0.000000000 0.000000000 0.000000000 0.000000000 0.000000000 0.000000000 0.000000000 0.000000000 0.000000000 0.000000000 0.000000000 0.000000000 0.000000000 0.000000000 0.000000000 0.000000000 0.000000000 0.000000000 0.000000000 0.000000000 0.000000000 0.000000000 0.000000000 0.000000000 0.000000000 0.000000000 0.000000000
0.000000000 0.000000000 0.000000000 0.000000000 0.000000000 0.000000000 0.000000000 0.000000000 0.000000000 0.000000000 34.593370362 -1.898504252 0.000000000 0.000000000 0.000000000 0.000000000 0.000000000 0.000000000 0.000000000 0.000000000 0.000000000 0.000000000 0.000000000 0.000000000 0.000000000 0.000000000 0.000000000 0.000000000 0.000000000 0.000000000 0.000000000 0.000000000 0.000000000 0.000000000 0.000000000 0.000000000 0.000000000 0.000000000 0.000000000 0.000000000
0.000000000 0.000000000 0.000000000 0.000000000 0.000000000 0.000000000 0.000000000 0.000000000 0.000000000 0.000000000 34.600315274 -1.926177979 0.000000000 0.000000000 0.000000000 0.000000000 0.000000000 0.000000000 0.000000000 0.000000000 0.000000000 0.000000000 0.000000000 0.000000000 0.000000000 0.000000000 0.000000000 0.000000000 0.000000000 0.000000000 0.000000000 0.000000000 0.000000000 0.000000000 0.000000000 0.000000000 0.000000000 0.000000000 0.000000000 0.000000000
0.000000000 0.000000000 0.000000000 0.000000000 0.000000000 0.000000000 0.000000000 0.000000000 0.000000000 0.000000000 34.607248667 -1.953938388 0.000000000 0.000000000 0.000000000 0.000000000 0.000000000 0.000000000 0.000000000 0.000000000 0.000000000 0.000000000 0.000000000 0.000000000 0.000000000 0.000000000 0.000000000 0.000000000 0.000000000 0.000000000 0.000000000 0.000000000 0.000000000 0.000000000 0.000000000 0.000000000 0.000000000 0.000000000 0.000000000 0.000000000
0.000000000 0.000000000 0.000000000 0.000000000 0.000000000 0.000000000 0.000000000 0.000000000 0.000000000 0.000000000 34.614195937 -1.981652526 0.000000000 0.000000000 0.000000000 0.000000000 0.000000000 0.000000000 0.000000000 0.000000000 0.000000000 0.000000000 0.000000000 0.000000000 0.000000000 0.000000000 0.000000000 0.000000000 0.000000000 0.000000000 0.000000000 0.000000000 0.000000000 0.000000000 0.000000000 0.000000000 0.000000000 0.000000000 0.000000000 0.000000000
0.000000000 0.000000000 0.000000000 0.000000000 0.000000000 0.000000000 0.000000000 0.000000000 0.000000000 0.000000000 34.621209125 -2.009217776 0.000000000 0.000000000 0.000000000 0.000000000 0.000000000 0.000000000 0.000000000 0.000000000 0.000000000 0.000000000 0.000000000 0.000000000 0.000000000 0.000000000 0.000000000 0.000000000 0.000000000 0.000000000 0.000000000 0.000000000 0.000000000 0.000000000 0.000000000 0.000000000 0.000000000 0.000000000 0.000000000 0.000000000
0.000000000 0.000000000 0.000000000 0.000000000 0.000000000 0.000000000 0.000000000 0.000000000 0.000000000 0.000000000 34.628323385 -2.036552114 0.000000000 0.000000000 0.000000000 0.000000000 0.000000000 0.000000000 0.000000000 0.000000000 0.000000000 0.000000000 0.000000000 0.000000000 0.000000000 0.000000000 0.000000000 0.000000000 0.000000000 0.000000000 0.000000000 0.000000000 0.000000000 0.000000000 0.000000000 0.000000000 0.000000000 0.000000000 0.000000000 0.000000000
0.000000000 0.000000000 0.000000000 0.000000000 0.000000000 0.000000000 0.000000000 0.000000000 0.000000000 0.000000000 34.635558107 -2.063591970 0.000000000 0.000000000 0.000000000 0.000000000 0.000000000 0.000000000 0.000000000 0.000000000 0.000000000 0.000000000 0.000000000 0.000000000 0.000000000 0.000000000 0.000000000 0.000000000 0.000000000 0.000000000 0.000000000 0.000000000 0.000000000 0.000000000 0.000000000 0.000000000 0.000000000 0.000000000 0.000000000 0.000000000
0.000000000 0.000000000 0.000000000 0.000000000 0.000000000 0.000000000 0.000000000 0.000000000 0.000000000 0.000000000 34.642919674 -2.090289740 0.000000000 0.000000000 0.000000000 0.000000000 0.000000000 0.000000000 0.000000000 0.000000000 0.000000000 0.000000000 0.000000000 0.000000000 0.000000000 0.000000000 0.000000000 0.000000000 0.000000000 0.000000000 0.000000000 0.000000000 0.000000000 0.000000000 0.000000000 0.000000000 0.000000000 0.000000000 0.000000000 0.000000000
0.000000000 0.000000000 0.000000000 0.000000000 0.000000000 0.000000000 0.000000000 0.000000000 0.000000000 0.000000000 34.650403991 -2.116611258 0.000000000 0.000000000 0.000000000 0.000000000 0.000000000 0.000000000 0.000000000 0.000000000 0.000000000 0.000000000 0.000000000 0.000000000 0.000000000 0.000000000 0.000000000 0.000000000 0.000000000 0.000000000 0.000000000 0.000000000 0.000000000 0.000000000 0.000000000 0.000000000 0.000000000 0.000000000 0.000000000 0.000000000
0.000000000 0.000000000 0.000000000 0.000000000 0.000000000 0.000000000 0.000000000 0.000000000 0.000000000 0.000000000 34.658002245 -2.142533415 0.000000000 0.000000000 0.000000000 0.000000000 0.000000000 0.000000000 0.000000000 0.000000000 0.000000000 0.000000000 0.000000000 0.000000000 0.000000000 0.000000000 0.000000000 0.000000000 0.000000000 0.000000000 0.000000000 0.000000000 0.000000000 0.000000000 0.000000000 0.000000000 0.000000000 0.000000000 0.000000000 0.000000000
0.000000000 0.000000000 0.000000000 0.000000000 0.000000000 0.000000000 0.000000000 0.000000000 0.000000000 0.000000000 34.665703844 -2.168042019 0.000000000 0.000000000 0.000000000 0.000000000 0.000000000 0.000000000 0.000000000 0.000000000 0.000000000 0.000000000 0.000000000 0.000000000 0.000000000 0.000000000 0.000000000 0.000000000 0.000000000 0.000000000 0.000000000 0.000000000 0.000000000 0.000000000 0.000000000 0.000000000 0.000000000 0.000000000 0.000000000 0.000000000
0.000000000 0.000000000 0.000000000 0.000000000 0.000000000 0.000000000 0.000000000 0.000000000 0.000000000 0.000000000 34.673494939 -2.193129940 0.000000000 0.000000000 0.000000000 0.000000000 0.000000000 0.000000000 0.000000000 0.000000000 0.000000000 0.000000000 0.000000000 0.000000000 0.000000000 0.000000000 0.000000000 0.000000000 0.000000000 0.000000000 0.000000000 0.000000000 0.000000000 0.000000000 0.000000000 0.000000000 0.000000000 0.000000000 0.000000000 0.000000000
0.000000000 0.000000000 0.000000000 0.000000000 0.000000000 0.000000000 0.000000000 0.000000000 0.000000000 0.000000000 34.681363354 -2.217795559 0.000000000 0.000000000 0.000000000 0.000000000 0.000000000 0.000000000 0.000000000 0.000000000 0.000000000 0.000000000 0.000000000 0.000000000 0.000000000 0.000000000 0.000000000 0.000000000 0.000000000 0.000000000 0.000000000 0.000000000 0.000000000 0.000000000 0.000000000 0.000000000 0.000000000 0.000000000 0.000000000 0.000000000
0.000000000 0.000000000 0.000000000 0.000000000 0.000000000 0.000000000 0.000000000 0.000000000 0.000000000 0.000000000 34.689299695 -2.242041471 0.000000000 0.000000000 0.000000000 0.000000000 0.000000000 0.000000000 0.000000000 0.000000000 0.000000000 0.000000000 0.000000000 0.000000000 0.000000000 0.000000000 0.000000000 0.000000000 0.000000000 0.000000000 0.000000000 0.000000000 0.000000000 0.000000000 0.000000000 0.000000000 0.000000000 0.000000000 0.000000000 0.000000000
0.000000000 0.000000000 0.000000000 0.000000000 0.000000000 0.000000000 0.000000000 0.000000000 0.000000000 0.000000000 34.697294822 -2.265873444 0.000000000 0.000000000 0.000000000 0.000000000 0.000000000 0.000000000 0.000000000 0.000000000 0.000000000 0.000000000 0.000000000 0.000000000 0.000000000 0.000000000 0.000000000 0.000000000 0.000000000 0.000000000 0.000000000 0.000000000 0.000000000 0.000000000 0.000000000 0.000000000 0.000000000 0.000000000 0.000000000 0.000000000
0.000000000 0.000000000 0.000000000 0.000000000 0.000000000 0.000000000 0.000000000 0.000000000 0.000000000 0.000000000 34.705339624 -2.289299579 0.000000000 0.000000000 0.000000000 0.000000000 0.000000000 0.000000000 0.000000000 0.000000000 0.000000000 0.000000000 0.000000000 0.000000000 0.000000000 0.000000000 0.000000000 0.000000000 0.000000000 0.000000000 0.000000000 0.000000000 0.000000000 0.000000000 0.000000000 0.000000000 0.000000000 0.000000000 0.000000000 0.000000000
0.000000000 0.000000000 0.000000000 0.000000000 0.000000000 0.000000000 0.000000000 0.000000000 0.000000000 0.000000000 34.713426077 -2.312329648 0.000000000 0.000000000 0.000000000 0.000000000 0.000000000 0.000000000 0.000000000 0.000000000 0.000000000 0.000000000 0.000000000 0.000000000 0.000000000 0.000000000 0.000000000 0.000000000 0.000000000 0.000000000 0.000000000 0.000000000 0.000000000 0.000000000 0.000000000 0.000000000 0.000000000 0.000000000 0.000000000 0.000000000
0.000000000 0.000000000 0.000000000 0.000000000 0.000000000 0.000000000 0.000000000 0.000000000 0.000000000 0.000000000 34.721547494 -2.334974572 0.000000000 0.000000000 0.000000000 0.000000000 0.000000000 0.000000000 0.000000000 0.000000000 0.000000000 0.000000000 0.000000000 0.000000000 0.000000000 0.000000000 0.000000000 0.000000000 0.000000000 0.000000000 0.000000000 0.000000000 0.000000000 0.000000000 0.000000000 0.000000000 0.000000000 0.000000000 0.000000000 0.000000000
0.000000000 0.000000000 0.000000000 0.000000000 0.000000000 0.000000000 0.000000000 0.000000000 0.000000000 0.000000000 34.729698489 -2.357246018 0.000000000 0.000000000 0.000000000 0.000000000 0.000000000 0.000000000 0.000000000 0.000000000 0.000000000 0.000000000 0.000000000 0.000000000 0.000000000 0.000000000 0.000000000 0.000000000 0.000000000 0.000000000 0.000000000 0.000000000 0.000000000 0.000000000 0.000000000 0.000000000 0.000000000 0.000000000 0.000000000 0.000000000
0.000000000 0.000000000 0.000000000 0.000000000 0.000000000 0.000000000 0.000000000 0.000000000 0.000000000 0.000000000 34.737874013 -2.379156083 0.000000000 0.000000000 0.000000000 0.000000000 0.000000000 0.000000000 0.000000000 0.000000000 0.000000000 0.000000000 0.000000000 0.000000000 0.000000000 0.000000000 0.000000000 0.000000000 0.000000000 0.000000000 0.000000000 0.000000000 0.000000000 0.000000000 0.000000000 0.000000000 0.000000000 0.000000000 0.000000000 0.000000000
0.000000000 0.000000000 0.000000000 0.000000000 0.000000000 0.000000000 0.000000000 0.000000000 0.000000000 0.000000000 34.746068358 -2.400717064 0.000000000 0.000000000 0.000000000 0.000000000 0.000000000 0.000000000 0.000000000 0.000000000 0.000000000 0.000000000 0.000000000 0.000000000 0.000000000 0.000000000 0.000000000 0.000000000 0.000000000 0.000000000 0.000000000 0.000000000 0.000000000 0.000000000 0.000000000 0.000000000 0.000000000 0.000000000 0.000000000 0.000000000
0.000000000 0.000000000 0.000000000 0.000000000 0.000000000 0.000000000 0.000000000 0.000000000 0.000000000 0.000000000 34.754276867 -2.421941279 0.000000000 0.000000000 0.000000000 0.000000000 0.000000000 0.000000000 0.000000000 0.000000000 0.000000000 0.000000000 0.000000000 0.000000000 0.000000000 0.000000000 0.000000000 0.000000000 0.000000000 0.000000000 0.000000000 0.000000000 0.000000000 0.000000000 0.000000000 0.000000000 0.000000000 0.000000000 0.000000000 0.000000000
0.000000000 0.000000000 0.000000000 0.000000000 0.000000000 0.000000000 0.000000000 0.000000000 0.000000000 0.000000000 34.762495796 -2.442840932 0.000000000 0.000000000 0.000000000 0.000000000 0.000000000 0.000000000 0.000000000 0.000000000 0.000000000 0.000000000 0.000000000 0.000000000 0.000000000 0.000000000 0.000000000 0.000000000 0.000000000 0.000000000 0.000000000 0.000000000 0.000000000 0.000000000 0.000000000 0.000000000 0.000000000 0.000000000 0.000000000 0.000000000
0.000000000 0.000000000 0.000000000 0.000000000 0.000000000 0.000000000 0.000000000 0.000000000 0.000000000 0.000000000 34.770720546 -2.463428019 0.000000000 0.000000000 0.000000000 0.000000000 0.000000000 0.000000000 0.000000000 0.000000000 0.000000000 0.000000000 0.000000000 0.000000000 0.000000000 0.000000000 0.000000000 0.000000000 0.000000000 0.000000000 0.000000000 0.000000000 0.000000000 0.000000000 0.000000000 0.000000000 0.000000000 0.000000000 0.000000000 0.000000000
0.000000000 0.000000000 0.000000000 0.000000000 0.000000000 0.000000000 0.000000000 0.000000000 0.000000000 0.000000000 34.778946991 -2.483714263 0.000000000 0.000000000 0.000000000 0.000000000 0.000000000 0.000000000 0.000000000 0.000000000 0.000000000 0.000000000 0.000000000 0.000000000 0.000000000 0.000000000 0.000000000 0.000000000 0.000000000 0.000000000 0.000000000 0.000000000 0.000000000 0.000000000 0.000000000 0.000000000 0.000000000 0.000000000 0.000000000 0.000000000
0.000000000 0.000000000 0.000000000 0.000000000 0.000000000 0.000000000 0.000000000 0.000000000 0.000000000 0.000000000 34.787172874 -2.503711063 0.000000000 0.000000000 0.000000000 0.000000000 0.000000000 0.000000000 0.000000000 0.000000000 0.000000000 0.000000000 0.000000000 0.000000000 0.000000000 0.000000000 0.000000000 0.000000000 0.000000000 0.000000000 0.000000000 0.000000000 0.000000000 0.000000000 0.000000000 0.000000000 0.000000000 0.000000000 0.000000000 0.000000000
0.000000000 0.000000000 0.000000000 0.000000000 0.000000000 0.000000000 0.000000000 0.000000000 0.000000000 0.000000000 34.795397541 -2.523429464 0.000000000 0.000000000 0.000000000 0.000000000 0.000000000 0.000000000 0.000000000 0.000000000 0.000000000 0.000000000 0.000000000 0.000000000 0.000000000 0.000000000 0.000000000 0.000000000 0.000000000 0.000000000 0.000000000 0.000000000 0.000000000 0.000000000 0.000000000 0.000000000 0.000000000 0.000000000 0.000000000 0.000000000
0.000000000 0.000000000 0.000000000 0.000000000 0.000000000 0.000000000 0.000000000 0.000000000 0.000000000 0.000000000 34.803619183 -2.542880139 0.000000000 0.000000000 0.000000000 0.000000000 0.000000000 0.000000000 0.000000000 0.000000000 0.000000000 0.000000000 0.000000000 0.000000000 0.000000000 0.000000000 0.000000000 0.000000000 0.000000000 0.000000000 0.000000000 0.000000000 0.000000000 0.000000000 0.000000000 0.000000000 0.000000000 0.000000000 0.000000000 0.000000000
0.000000000 0.000000000 0.000000000 0.000000000 0.000000000 0.000000000 0.000000000 0.000000000 0.000000000 0.000000000 34.811835351 -2.562073385 0.000000000 0.000000000 0.000000000 0.000000000 0.000000000 0.000000000 0.000000000 0.000000000 0.000000000 0.000000000 0.000000000 0.000000000 0.000000000 0.000000000 0.000000000 0.000000000 0.000000000 0.000000000 0.000000000 0.000000000 0.000000000 0.000000000 0.000000000 0.000000000 0.000000000 0.000000000 0.000000000 0.000000000
0.000000000 0.000000000 0.000000000 0.000000000 0.000000000 0.000000000 0.000000000 0.000000000 0.000000000 0.000000000 34.820045070 -2.581019120 0.000000000 0.000000000 0.000000000 0.000000000 0.000000000 0.000000000 0.000000000 0.000000000 0.000000000 0.000000000 0.000000000 0.000000000 0.000000000 0.000000000 0.000000000 0.000000000 0.000000000 0.000000000 0.000000000 0.000000000 0.000000000 0.000000000 0.000000000 0.000000000 0.000000000 0.000000000 0.000000000 0.000000000
0.000000000 0.000000000 0.000000000 0.000000000 0.000000000 0.000000000 0.000000000 0.000000000 0.000000000 0.000000000 34.828246953 -2.599726885 0.000000000 0.000000000 0.000000000 0.000000000 0.000000000 0.000000000 0.000000000 0.000000000 0.000000000 0.000000000 0.000000000 0.000000000 0.000000000 0.000000000 0.000000000 0.000000000 0.000000000 0.000000000 0.000000000 0.000000000 0.000000000 0.000000000 0.000000000 0.000000000 0.000000000 0.000000000 0.000000000 0.000000000
0.000000000 0.000000000 0.000000000 0.000000000 0.000000000 0.000000000 0.000000000 0.000000000 0.000000000 0.000000000 34.836439394 -2.618205852 0.000000000 0.000000000 0.000000000 0.000000000 0.000000000 0.000000000 0.000000000 0.000000000 0.000000000 0.000000000 0.000000000 0.000000000 0.000000000 0.000000000 0.000000000 0.000000000 0.000000000 0.000000000 0.000000000 0.000000000 0.000000000 0.000000000 0.000000000 0.000000000 0.000000000 0.000000000 0.000000000 0.000000000
0.000000000 0.000000000 0.000000000 0.000000000 0.000000000 0.000000000 0.000000000 0.000000000 0.000000000 0.000000000 34.844620421 -2.636464839 0.000000000 0.000000000 0.000000000 0.000000000 0.000000000 0.000000000 0.000000000 0.000000000 0.000000000 0.000000000 0.000000000 0.000000000 0.000000000 0.000000000 0.000000000 0.000000000 0.000000000 0.000000000 0.000000000 0.000000000 0.000000000 0.000000000 0.000000000 0.000000000 0.000000000 0.000000000 0.000000000 0.000000000
0.000000000 0.000000000 0.000000000 0.000000000 0.000000000 0.000000000 0.000000000 0.000000000 0.000000000 0.000000000 34.852789557 -2.654512317 0.000000000 0.000000000 0.000000000 0.000000000 0.000000000 0.000000000 0.000000000 0.000000000 0.000000000 0.000000000 0.000000000 0.000000000 0.000000000 0.000000000 0.000000000 0.000000000 0.000000000 0.000000000 0.000000000 0.000000000 0.000000000 0.000000000 0.000000000 0.000000000 0.000000000 0.000000000 0.000000000 0.000000000
0.000000000 0.000000000 0.000000000 0.000000000 0.000000000 0.000000000 0.000000000 0.000000000 0.000000000 0.000000000 34.860946998 -2.672356426 0.000000000 0.000000000 0.000000000 0.000000000 0.000000000 0.000000000 0.000000000 0.000000000 0.000000000 0.000000000 0.000000000 0.000000000 0.000000000 0.000000000 0.000000000 0.000000000 0.000000000 0.000000000 0.000000000 0.000000000 0.000000000 0.000000000 0.000000000 0.000000000 0.000000000 0.000000000 0.000000000 0.000000000
0.000000000 0.000000000 0.000000000 0.000000000 0.000000000 0.000000000 0.000000000 0.000000000 0.000000000 0.000000000 34.869092037 -2.690004985 0.000000000 0.000000000 0.000000000 0.000000000 0.000000000 0.000000000 0.000000000 0.000000000 0.000000000 0.000000000 0.000000000 0.000000000 0.000000000 0.000000000 0.000000000 0.000000000 0.000000000 0.000000000 0.000000000 0.000000000 0.000000000 0.000000000 0.000000000 0.000000000 0.000000000 0.000000000 0.000000000 0.000000000
0.000000000 0.000000000 0.000000000 0.000000000 0.000000000 0.000000000 0.000000000 0.000000000 0.000000000 0.000000000 34.877223769 -2.707465514 0.000000000 0.000000000 0.000000000 0.000000000 0.000000000 0.000000000 0.000000000 0.000000000 0.000000000 0.000000000 0.000000000 0.000000000 0.000000000 0.000000000 0.000000000 0.000000000 0.000000000 0.000000000 0.000000000 0.000000000 0.000000000 0.000000000 0.000000000 0.000000000 0.000000000 0.000000000 0.000000000 0.000000000
0.000000000 0.000000000 0.000000000 0.000000000 0.000000000 0.000000000 0.000000000 0.000000000 0.000000000 0.000000000 34.885339880 -2.724745240 0.000000000 0.000000000 0.000000000 0.000000000 0.000000000 0.000000000 0.000000000 0.000000000 0.000000000 0.000000000 0.000000000 0.000000000 0.000000000 0.000000000 0.000000000 0.000000000 0.000000000 0.000000000 0.000000000 0.000000000 0.000000000 0.000000000 0.000000000 0.000000000 0.000000000 0.000000000 0.000000000 0.000000000
0.000000000 0.000000000 0.000000000 0.000000000 0.000000000 0.000000000 0.000000000 0.000000000 0.000000000 0.000000000 34.893438870 -2.741851119 0.000000000 0.000000000 0.000000000 0.000000000 0.000000000 0.000000000 0.000000000 0.000000000 0.000000000 0.000000000 0.000000000 0.000000000 0.000000000 0.000000000 0.000000000 0.000000000 0.000000000 0.000000000 0.000000000 0.000000000 0.000000000 0.000000000 0.000000000 0.000000000 0.000000000 0.000000000 0.000000000 0.000000000
0.000000000 0.000000000 0.000000000 0.000000000 0.000000000 0.000000000 0.000000000 0.000000000 0.000000000 0.000000000 34.901521470 -2.758789843 0.000000000 0.000000000 0.000000000 0.000000000 0.000000000 0.000000000 0.000000000 0.000000000 0.000000000 0.000000000 0.000000000 0.000000000 0.000000000 0.000000000 0.000000000 0.000000000 0.000000000 0.000000000 0.000000000 0.000000000 0.000000000 0.000000000 0.000000000 0.000000000 0.000000000 0.000000000 0.000000000 0.000000000
0.000000000 0.000000000 0.000000000 0.000000000 0.000000000 0.000000000 0.000000000 0.000000000 0.000000000 0.000000000 34.909588044 -2.775567856 0.000000000 0.000000000 0.000000000 0.000000000 0.000000000 0.000000000 0.000000000 0.000000000 0.000000000 0.000000000 0.000000000 0.000000000 0.000000000 0.000000000 0.000000000 0.000000000 0.000000000 0.000000000 0.000000000 0.000000000 0.000000000 0.000000000 0.000000000 0.000000000 0.000000000 0.000000000 0.000000000 0.000000000
0.000000000 0.000000000 0.000000000 0.000000000 0.000000000 0.000000000 0.000000000 0.000000000 0.000000000 0.000000000 34.917638575 -2.792191367 0.000000000 0.000000000 0.000000000 0.000000000 0.000000000 0.000000000 0.000000000 0.000000000 0.000000000 0.000000000 0.000000000 0.000000000 0.000000000 0.000000000 0.000000000 0.000000000 0.000000000 0.000000000 0.000000000 0.000000000 0.000000000 0.000000000 0.000000000 0.000000000 0.000000000 0.000000000 0.000000000 0.000000000
0.000000000 0.000000000 0.000000000 0.000000000 0.000000000 0.000000000 0.000000000 0.000000000 0.000000000 0.000000000 34.925674031 -2.808666360 0.000000000 0.000000000 0.000000000 0.000000000 0.000000000 0.000000000 0.000000000 0.000000000 0.000000000 0.000000000 0.000000000 0.000000000 0.000000000 0.000000000 0.000000000 0.000000000 0.000000000 0.000000000 0.000000000 0.000000000 0.000000000 0.000000000 0.000000000 0.000000000 0.000000000 0.000000000 0.000000000 0.000000000
0.000000000 0.000000000 0.000000000 0.000000000 0.000000000 0.000000000 0.000000000 0.000000000 0.000000000 0.000000000 34.933694495 -2.824998609 0.000000000 0.000000000 0.000000000 0.000000000 0.000000000 0.000000000 0.000000000 0.000000000 0.000000000 0.000000000 0.000000000 0.000000000 0.000000000 0.000000000 0.000000000 0.000000000 0.000000000 0.000000000 0.000000000 0.000000000 0.000000000 0.000000000 0.000000000 0.000000000 0.000000000 0.000000000 0.000000000 0.000000000
0.000000000 0.000000000 0.000000000 0.000000000 0.000000000 0.000000000 0.000000000 0.000000000 0.000000000 0.000000000 34.941699211 -2.841193690 0.000000000 0.000000000 0.000000000 0.000000000 0.000000000 0.000000000 0.000000000 0.000000000 0.000000000 0.000000000 0.000000000 0.000000000 0.000000000 0.000000000 0.000000000 0.000000000 0.000000000 0.000000000 0.000000000 0.000000000 0.000000000 0.000000000 0.000000000 0.000000000 0.000000000 0.000000000 0.000000000 0.000000000
0.000000000 0.000000000 0.000000000 0.000000000 0.000000000 0.000000000 0.000000000 0.000000000 0.000000000 0.000000000 34.949688723 -2.857256987 0.000000000 0.000000000 0.000000000 0.000000000 0.000000000 0.000000000 0.000000000 0.000000000 0.000000000 0.000000000 0.000000000 0.000000000 0.000000000 0.000000000 0.000000000 0.000000000 0.000000000 0.000000000 0.000000000 0.000000000 0.000000000 0.000000000 0.000000000 0.000000000 0.000000000 0.000000000 0.000000000 0.000000000
0.000000000 0.000000000 0.000000000 0.000000000 0.000000000 0.000000000 0.000000000 0.000000000 0.000000000 0.000000000 34.957663206 -2.873193707 0.000000000 0.000000000 0.000000000 0.000000000 0.000000000 0.000000000 0.000000000 0.000000000 0.000000000 0.000000000 0.000000000 0.000000000 0.000000000 0.000000000 0.000000000 0.000000000 0.000000000 0.000000000 0.000000000 0.000000000 0.000000000 0.000000000 0.000000000 0.000000000 0.000000000 0.000000000 0.000000000 0.000000000
0.000000000 0.000000000 0.000000000 0.000000000 0.000000000 0.000000000 0.000000000 0.000000000 0.000000000 0.000000000 34.965620130 -2.889008887 0.000000000 0.000000000 0.000000000 0.000000000 0.000000000 0.000000000 0.000000000 0.000000000 0.000000000 0.000000000 0.000000000 0.000000000 0.000000000 0.000000000 0.000000000 0.000000000 0.000000000 0.000000000 0.000000000 0.000000000 0.000000000 0.000000000 0.000000000 0.000000000 0.000000000 0.000000000 0.000000000 0.000000000
0.000000000 0.000000000 0.000000000 0.000000000 0.000000000 0.000000000 0.000000000 0.000000000 0.000000000 0.000000000 34.973559404 -2.904707408 0.000000000 0.000000000 0.000000000 0.000000000 0.000000000 0.000000000 0.000000000 0.000000000 0.000000000 0.000000000 0.000000000 0.000000000 0.000000000 0.000000000 0.000000000 0.000000000 0.000000000 0.000000000 0.000000000 0.000000000 0.000000000 0.000000000 0.000000000 0.000000000 0.000000000 0.000000000 0.000000000 0.000000000
0.000000000 0.000000000 0.000000000 0.000000000 0.000000000 0.000000000 0.000000000 0.000000000 0.000000000 0.000000000 34.981482642 -2.920293995 0.000000000 0.000000000 0.000000000 0.000000000 0.000000000 0.000000000 0.000000000 0.000000000 0.000000000 0.000000000 0.000000000 0.000000000 0.000000000 0.000000000 0.000000000 0.000000000 0.000000000 0.000000000 0.000000000 0.000000000 0.000000000 0.000000000 0.000000000 0.000000000 0.000000000 0.000000000 0.000000000 0.000000000
0.000000000 0.000000000 0.000000000 0.000000000 0.000000000 0.000000000 0.000000000 0.000000000 0.000000000 0.000000000 34.989389442 -2.935773232 0.000000000 0.000000000 0.000000000 0.000000000 0.000000000 0.000000000 0.000000000 0.000000000 0.000000000 0.000000000 0.000000000 0.000000000 0.000000000 0.000000000 0.000000000 0.000000000 0.000000000 0.000000000 0.000000000 0.000000000 0.000000000 0.000000000 0.000000000 0.000000000 0.000000000 0.000000000 0.000000000 0.000000000
0.000000000 0.000000000 0.000000000 0.000000000 0.000000000 0.000000000 0.000000000 0.000000000 0.000000000 0.000000000 34.997279860 -2.951149568 0.000000000 0.000000000 0.000000000 0.000000000 0.000000000 0.000000000 0.000000000 0.000000000 0.000000000 0.000000000 0.000000000 0.000000000 0.000000000 0.000000000 0.000000000 0.000000000 0.000000000 0.000000000 0.000000000 0.000000000 0.000000000 0.000000000 0.000000000 0.000000000 0.000000000 0.000000000 0.000000000 0.000000000
0.000000000 0.000000000 0.000000000 0.000000000 0.000000000 0.000000000 0.000000000 0.000000000 0.000000000 0.000000000 35.005153355 -2.966427324 0.000000000 0.000000000 0.000000000 0.000000000 0.000000000 0.000000000 0.000000000 0.000000000 0.000000000 0.000000000 0.000000000 0.000000000 0.000000000 0.000000000 0.000000000 0.000000000 0.000000000 0.000000000 0.000000000 0.000000000 0.000000000 0.000000000 0.000000000 0.000000000 0.000000000 0.000000000 0.000000000 0.000000000
0.000000000 0.000000000 0.000000000 0.000000000 0.000000000 0.000000000 0.000000000 0.000000000 0.000000000 0.000000000 35.013009151 -2.981610701 0.000000000 0.000000000 0.000000000 0.000000000 0.000000000 0.000000000 0.000000000 0.000000000 0.000000000 0.000000000 0.000000000 0.000000000 0.000000000 0.000000000 0.000000000 0.000000000 0.000000000 0.000000000 0.000000000 0.000000000 0.000000000 0.000000000 0.000000000 0.000000000 0.000000000 0.000000000 0.000000000 0.000000000
0.000000000 0.000000000 0.000000000 0.000000000 0.000000000 0.000000000 0.000000000 0.000000000 0.000000000 0.000000000 35.020848816 -2.996703787 0.000000000 0.000000000 0.000000000 0.000000000 0.000000000 0.000000000 0.000000000 0.000000000 0.000000000 0.000000000 0.000000000 0.000000000 0.000000000 0.000000000 0.000000000 0.000000000 0.000000000 0.000000000 0.000000000 0.000000000 0.000000000 0.000000000 0.000000000 0.000000000 0.000000000 0.000000000 0.000000000 0.000000000
0.000000000 0.000000000 0.000000000 0.000000000 0.000000000 0.000000000 0.000000000 0.000000000 0.000000000 0.000000000 35.028673985 -3.011710558 0.000000000 0.000000000 0.000000000 0.000000000 0.000000000 0.000000000 0.000000000 0.000000000 0.000000000 0.000000000 0.000000000 0.000000000 0.000000000 0.000000000 0.000000000 0.000000000 0.000000000 0.000000000 0.000000000 0.000000000 0.000000000 0.000000000 0.000000000 0.000000000 0.000000000 0.000000000 0.000000000 0.000000000
0.000000000 0.000000000 0.000000000 0.000000000 0.000000000 0.000000000 0.000000000 0.000000000 0.000000000 0.000000000 35.036484333 -3.026634893 0.000000000 0.000000000 0.000000000 0.000000000 0.000000000 0.000000000 0.000000000 0.000000000 0.000000000 0.000000000 0.000000000 0.000000000 0.000000000 0.000000000 0.000000000 0.000000000 0.000000000 0.000000000 0.000000000 0.000000000 0.000000000 0.000000000 0.000000000 0.000000000 0.000000000 0.000000000 0.000000000 0.000000000
0.000000000 0.000000000 0.000000000 0.000000000 0.000000000 0.000000000 0.000000000 0.000000000 0.000000000 0.000000000 35.044279853 -3.041480572 0.000000000 0.000000000 0.000000000 0.000000000 0.000000000 0.000000000 0.000000000 0.000000000 0.000000000 0.000000000 0.000000000 0.000000000 0.000000000 0.000000000 0.000000000 0.000000000 0.000000000 0.000000000 0.000000000 0.000000000 0.000000000 0.000000000 0.000000000 0.000000000 0.000000000 0.000000000 0.000000000 0.000000000
0.000000000 0.000000000 0.000000000 0.000000000 0.000000000 0.000000000 0.000000000 0.000000000 0.000000000 0.000000000 35.052060759 -3.056251287 0.000000000 0.000000000 0.000000000 0.000000000 0.000000000 0.000000000 0.000000000 0.000000000 0.000000000 0.000000000 0.000000000 0.000000000 0.000000000 0.000000000 0.000000000 0.000000000 0.000000000 0.000000000 0.000000000 0.000000000 0.000000000 0.000000000 0.000000000 0.000000000 0.000000000 0.000000000 0.000000000 0.000000000
0.000000000 0.000000000 0.000000000 0.000000000 0.000000000 0.000000000 0.000000000 0.000000000 0.000000000 0.000000000 35.059826788 -3.070950642 0.000000000 0.000000000 0.000000000 0.000000000 0.000000000 0.000000000 0.000000000 0.000000000 0.000000000 0.000000000 0.000000000 0.000000000 0.000000000 0.000000000 0.000000000 0.000000000 0.000000000 0.000000000 0.000000000 0.000000000 0.000000000 0.000000000 0.000000000 0.000000000 0.000000000 0.000000000 0.000000000 0.000000000
0.000000000 0.000000000 0.000000000 0.000000000 0.000000000 0.000000000 0.000000000 0.000000000 0.000000000 0.000000000 35.067578598 -3.085582165 0.000000000 0.000000000 0.000000000 0.000000000 0.000000000 0.000000000 0.000000000 0.000000000 0.000000000 0.000000000 0.000000000 0.000000000 0.000000000 0.000000000 0.000000000 0.000000000 0.000000000 0.000000000 0.000000000 0.000000000 0.000000000 0.000000000 0.000000000 0.000000000 0.000000000 0.000000000 0.000000000 0.000000000
0.000000000 0.000000000 0.000000000 0.000000000 0.000000000 0.000000000 0.000000000 0.000000000 0.000000000 0.000000000 35.075316925 -3.100149306 0.000000000 0.000000000 0.000000000 0.000000000 0.000000000 0.000000000 0.000000000 0.000000000 0.000000000 0.000000000 0.000000000 0.000000000 0.000000000 0.000000000 0.000000000 0.000000000 0.000000000 0.000000000 0.000000000 0.000000000 0.000000000 0.000000000 0.000000000 0.000000000 0.000000000 0.000000000 0.000000000 0.000000000
0.000000000 0.000000000 0.000000000 0.000000000 0.000000000 0.000000000 0.000000000 0.000000000 0.000000000 0.000000000 35.083041736 -3.114655442 0.000000000 0.000000000 0.000000000 0.000000000 0.000000000 0.000000000 0.000000000 0.000000000 0.000000000 0.000000000 0.000000000 0.000000000 0.000000000 0.000000000 0.000000000 0.000000000 0.000000000 0.000000000 0.000000000 0.000000000 0.000000000 0.000000000 0.000000000 0.000000000 0.000000000 0.000000000 0.000000000 0.000000000
0.000000000 0.000000000 0.000000000 0.000000000 0.000000000 0.000000000 0.000000000 0.000000000 0.000000000 0.000000000 35.090752770 -3.129103889 0.000000000 0.000000000 0.000000000 0.000000000 0.000000000 0.000000000 0.000000000 0.000000000 0.000000000 0.000000000 0.000000000 0.000000000 0.000000000 0.000000000 0.000000000 0.000000000 0.000000000 0.000000000 0.000000000 0.000000000 0.000000000 0.000000000 0.000000000 0.000000000 0.000000000 0.000000000 0.000000000 0.000000000
0.000000000 0.000000000 0.000000000 0.000000000 0.000000000 0.000000000 0.000000000 0.000000000 0.000000000 0.000000000 35.098448892 3.139687411 0.000000000 0.000000000 0.000000000 0.000000000 0.000000000 0.000000000 0.000000000 0.000000000 0.000000000 0.000000000 0.000000000 0.000000000 0.000000000 0.000000000 0.000000000 0.000000000 0.000000000 0.000000000 0.000000000 0.000000000 0.000000000 0.000000000 0.000000000 0.000000000 0.000000000 0.000000000 0.000000000 0.000000000
0.000000000 0.000000000 0.000000000 0.000000000 0.000000000 0.000000000 0.000000000 0.000000000 0.000000000 0.000000000 35.106205881 3.125344665 0.000000000 0.000000000 0.000000000 0.000000000 0.000000000 0.000000000 0.000000000 0.000000000 0.000000000 0.000000000 0.000000000 0.000000000 0.000000000 0.000000000 0.000000000 0.000000000 0.000000000 0.000000000 0.000000000 0.000000000 0.000000000 0.000000000 0.000000000 0.000000000 0.000000000 0.000000000 0.000000000 0.000000000
0.000000000 0.000000000 0.000000000 0.000000000 0.000000000 0.000000000 0.000000000 0.000000000 0.000000000 0.000000000 35.114123896 3.111050123 0.000000000 0.000000000 0.000000000 0.000000000 0.000000000 0.000000000 0.000000000 0.000000000 0.000000000 0.000000000 0.000000000 0.000000000 0.000000000 0.000000000 0.000000000 0.000000000 0.000000000 0.000000000 0.000000000 0.000000000 0.000000000 0.000000000 0.000000000 0.000000000 0.000000000 0.000000000 0.000000000 0.000000000
0.000000000 0.000000000 0.000000000 0.000000000 0.000000000 0.000000000 0.000000000 0.000000000 0.000000000 0.000000000 35.122223144 3.096800781 0.000000000 0.000000000 0.000000000 0.000000000 0.000000000 0.000000000 0.000000000 0.000000000 0.000000000 0.000000000 0.000000000 0.000000000 0.000000000 0.000000000 0.000000000 0.000000000 0.000000000 0.000000000 0.000000000 0.000000000 0.000000000 0.000000000 0.000000000 0.000000000 0.000000000 0.000000000 0.000000000 0.000000000
0.000000000 0.000000000 0.000000000 0.000000000 0.000000000 0.000000000 0.000000000 0.000000000 0.000000000 0.000000000 35.130488016 3.082593671 0.000000000 0.000000000 0.000000000 0.000000000 0.000000000 0.000000000 0.000000000 0.000000000 0.000000000 0.000000000 0.000000000 0.000000000 0.000000000 0.000000000 0.000000000 0.000000000 0.000000000 0.000000000 0.000000000 0.000000000 0.000000000 0.000000000 0.000000000 0.000000000 0.000000000 0.000000000 0.000000000 0.000000000
0.000000000 0.000000000 0.000000000 0.000000000 0.000000000 0.000000000 0.000000000 0.000000000 0.000000000 0.000000000 35.138892739 3.068425857 0.000000000 0.000000000 0.000000000 0.000000000 0.000000000 0.000000000 0.000000000 0.000000000 0.000000000 0.000000000 0.000000000 0.000000000 0.000000000 0.000000000 0.000000000 0.000000000 0.000000000 0.000000000 0.000000000 0.000000000 0.000000000 0.000000000 0.000000000 0.000000000 0.000000000 0.000000000 0.000000000 0.000000000
0.000000000 0.000000000 0.000000000 0.000000000 0.000000000 0.000000000 0.000000000 0.000000000 0.000000000 0.000000000 35.147414710 3.054294430 0.000000000 0.000000000 0.000000000 0.000000000 0.000000000 0.000000000 0.000000000 0.000000000 0.000000000 0.000000000 0.000000000 0.000000000 0.000000000 0.000000000 0.000000000 0.000000000 0.000000000 0.000000000 0.000000000 0.000000000 0.000000000 0.000000000 0.000000000 0.000000000 0.000000000 0.000000000 0.000000000 0.000000000
0.000000000 0.000000000 0.000000000 0.000000000 0.000000000 0.000000000 0.000000000 0.000000000 0.000000000 0.000000000 35.156034540 3.040196516 0.000000000 0.000000000 0.000000000 0.000000000 0.000000000 0.000000000 0.000000000 0.000000000 0.000000000 0.000000000 0.000000000 0.000000000 0.000000000 0.000000000 0.000000000 0.000000000 0.000000000 0.000000000 0.000000000 0.000000000 0.000000000 0.000000000 0.000000000 0.000000000 0.000000000 0.000000000 0.000000000 0.000000000
0.000000000 0.000000000 0.000000000 0.000000000 0.000000000 0.000000000 0.000000000 0.000000000 0.000000000 0.000000000 35.164733566 3.026129262 0.000000000 0.000000000 0.000000000 0.000000000 0.000000000 0.000000000 0.000000000 0.000000000 0.000000000 0.000000000 0.000000000 0.000000000 0.000000000 0.000000000 0.000000000 0.000000000 0.000000000 0.000000000 0.000000000 0.000000000 0.000000000 0.000000000 0.000000000 0.000000000 0.000000000 0.000000000 0.000000000 0.000000000
0.000000000 0.000000000 0.000000000 0.000000000 0.000000000 0.000000000 0.000000000 0.000000000 0.000000000 0.000000000 35.173496112 3.012089842 0.000000000 0.000000000 0.000000000 0.000000000 0.000000000 0.000000000 0.000000000 0.000000000 0.000000000 0.000000000 0.000000000 0.000000000 0.000000000 0.000000000 0.000000000 0.000000000 0.000000000 0.000000000 0.000000000 0.000000000 0.000000000 0.000000000 0.000000000 0.000000000 0.000000000 0.000000000 0.000000000 0.000000000
0.000000000 0.000000000 0.000000000 0.000000000 0.000000000 0.000000000 0.000000000 0.000000000 0.000000000 0.000000000 35.182308816 2.998075454 0.000000000 0.000000000 0.000000000 0.000000000 0.000000000 0.000000000 0.000000000 0.000000000 0.000000000 0.000000000 0.000000000 0.000000000 0.000000000 0.000000000 0.000000000 0.000000000 0.000000000 0.000000000 0.000000000 0.000000000 0.000000000 0.000000000 0.000000000 0.000000000 0.000000000 0.000000000 0.000000000 0.000000000
0.000000000 0.000000000 0.000000000 0.000000000 0.000000000 0.000000000 0.000000000 0.000000000 0.000000000 0.000000000 35.191161441 2.984083315 0.000000000 0.000000000 0.000000000 0.000000000 0.000000000 0.000000000 0.000000000 0.000000000 0.000000000 0.000000000 0.000000000 0.000000000 0.000000000 0.000000000 0.000000000 0.000000000 0.000000000 0.000000000 0.000000000 0.000000000 0.000000000 0.000000000 0.000000000 0.000000000 0.000000000 0.000000000 0.000000000 0.000000000
0.000000000 0.000000000 0.000000000 0.000000000 0.000000000 0.000000000 0.000000000 0.000000000 0.000000000 0.000000000 35.200045515 2.970110663 0.000000000 0.000000000 0.000000000 0.000000000 0.000000000 0.000000000 0.000000000 0.000000000 0.000000000 0.000000000 0.000000000 0.000000000 0.000000000 0.000000000 0.000000000 0.000000000 0.000000000 0.000000000 0.000000000 0.000000000 0.000000000 0.000000000 0.000000000 0.000000000 0.000000000 0.000000000 0.000000000 0.000000000
0.000000000 0.000000000 0.000000000 0.000000000 0.000000000 0.000000000 0.000000000 0.000000000 0.000000000 0.000000000 35.208953893 2.956154751 0.000000000 0.000000000 0.000000000 0.000000000 0.000000000 0.000000000 0.000000000 0.000000000 0.000000000 0.000000000 0.000000000 0.000000000 0.000000000 0.000000000 0.000000000 0.000000000 0.000000000 0.000000000 0.000000000 0.000000000 0.000000000 0.000000000 0.000000000 0.000000000 0.000000000 0.000000000 0.000000000 0.000000000
0.000000000 0.000000000 0.000000000 0.000000000 0.000000000 0.000000000 0.000000000 0.000000000 0.000000000 0.000000000 35.217881972 2.942212849 0.000000000 0.000000000 0.000000000 0.000000000 0.000000000 0.000000000 0.000000000 0.000000000 0.000000000 0.000000000 0.000000000 0.000000000 0.000000000 0.000000000 0.000000000 0.000000000 0.000000000 0.000000000 0.000000000 0.000000000 0.000000000 0.000000000 0.000000000 0.000000000 0.000000000 0.000000000 0.000000000 0.000000000
0.000000000 0.000000000 0.000000000 0.000000000 0.000000000 0.000000000 0.000000000 0.000000000 0.000000000 0.000000000 35.226823972 2.928282239 0.000000000 0.000000000 0.000000000 0.000000000 0.000000000 0.000000000 0.000000000 0.000000000 0.000000000 0.000000000 0.000000000 0.000000000 0.000000000 0.000000000 0.000000000 0.000000000 0.000000000 0.000000000 0.000000000 0.000000000 0.000000000 0.000000000 0.000000000 0.000000000 0.000000000 0.000000000 0.000000000 0.000000000
0.000000000 0.000000000 0.000000000 0.000000000 0.000000000 0.000000000 0.000000000 0.000000000 0.000000000 0.000000000 35.235774320 2.914360211 0.000000000 0.000000000 0.000000000 0.000000000 0.000000000 0.000000000 0.000000000 0.000000000 0.000000000 0.000000000 0.000000000 0.000000000 0.000000000 0.000000000 0.000000000 0.000000000 0.000000000 0.000000000 0.000000000 0.000000000 0.000000000 0.000000000 0.000000000 0.000000000 0.000000000 0.000000000 0.000000000 0.000000000
0.000000000 0.000000000 0.000000000 0.000000000 0.000000000 0.000000000 0.000000000 0.000000000 0.000000000 0.000000000 35.244729992 2.900444063 0.000000000 0.000000000 0.000000000 0.000000000 0.000000000 0.000000000 0.000000000 0.000000000 0.000000000 0.000000000 0.000000000 0.000000000 0.000000000 0.000000000 0.000000000 0.000000000 0.000000000 0.000000000 0.000000000 0.000000000 0.000000000 0.000000000 0.000000000 0.000000000 0.000000000 0.000000000 0.000000000 0.000000000
0.000000000 0.000000000 0.000000000 0.000000000 0.000000000 0.000000000 0.000000000 0.000000000 0.000000000 0.000000000 35.253688628 2.886531100 0.000000000 0.000000000 0.000000000 0.000000000 0.000000000 0.000000000 0.000000000 0.000000000 0.000000000 0.000000000 0.000000000 0.000000000 0.000000000 0.000000000 0.000000000 0.000000000 0.000000000 0.000000000 0.000000000 0.000000000 0.000000000 0.000000000 0.000000000 0.000000000 0.000000000 0.000000000 0.000000000 0.000000000
0.000000000 0.000000000 0.000000000 0.000000000 0.000000000 0.000000000 0.000000000 0.000000000 0.000000000 0.000000000 35.262647915 2.872618630 0.000000000 0.000000000 0.000000000 0.000000000 0.000000000 0.000000000 0.000000000 0.000000000 0.000000000 0.000000000 0.000000000 0.000000000 0.000000000 0.000000000 0.000000000 0.000000000 0.000000000 0.000000000 0.000000000 0.000000000 0.000000000 0.000000000 0.000000000 0.000000000 0.000000000 0.000000000 0.000000000 0.000000000
0.000000000 0.000000000 0.000000000 0.000000000 0.000000000 0.000000000 0.000000000 0.000000000 0.000000000 0.000000000 35.271604452 2.858703958 0.000000000 0.000000000 0.000000000 0.000000000 0.000000000 0.000000000 0.000000000 0.000000000 0.000000000 0.000000000 0.000000000 0.000000000 0.000000000 0.000000000 0.000000000 0.000000000 0.000000000 0.000000000 0.000000000 0.000000000 0.000000000 0.000000000 0.000000000 0.000000000 0.000000000 0.000000000 0.000000000 0.000000000
0.000000000 0.000000000 0.000000000 0.000000000 0.000000000 0.000000000 0.000000000 0.000000000 0.000000000 0.000000000 35.280556527 2.844784389 0.000000000 0.000000000 0.000000000 0.000000000 0.000000000 0.000000000 0.000000000 0.000000000 0.000000000 0.000000000 0.000000000 0.000000000 0.000000000 0.000000000 0.000000000 0.000000000 0.000000000 0.000000000 0.000000000 0.000000000 0.000000000 0.000000000 0.000000000 0.000000000 0.000000000 0.000000000 0.000000000 0.000000000
0.000000000 0.000000000 0.000000000 0.000000000 0.000000000 0.000000000 0.000000000 0.000000000 0.000000000 0.000000000 35.289503555 2.830857224 0.000000000 0.000000000 0.000000000 0.000000000 0.000000000 0.000000000 0.000000000 0.000000000 0.000000000 0.000000000 0.000000000 0.000000000 0.000000000 0.000000000 0.000000000 0.000000000 0.000000000 0.000000000 0.000000000 0.000000000 0.000000000 0.000000000 0.000000000 0.000000000 0.000000000 0.000000000 0.000000000 0.000000000
0.000000000 0.000000000 0.000000000 0.000000000 0.000000000 0.000000000 0.000000000 0.000000000 0.000000000 0.000000000 35.298444251 2.816919756 0.000000000 0.000000000 0.000000000 0.000000000 0.000000000 0.000000000 0.000000000 0.000000000 0.000000000 0.000000000 0.000000000 0.000000000 0.000000000 0.000000000 0.000000000 0.000000000 0.000000000 0.000000000 0.000000000 0.000000000 0.000000000 0.000000000 0.000000000 0.000000000 0.000000000 0.000000000 0.000000000 0.000000000
0.000000000 0.000000000 0.000000000 0.000000000 0.000000000 0.000000000 0.000000000 0.000000000 0.000000000 0.000000000 35.307379385 2.802969268 0.000000000 0.000000000 0.000000000 0.000000000 0.000000000 0.000000000 0.000000000 0.000000000 0.000000000 0.000000000 0.000000000 0.000000000 0.000000000 0.000000000 0.000000000 0.000000000 0.000000000 0.000000000 0.000000000 0.000000000 0.000000000 0.000000000 0.000000000 0.000000000 0.000000000 0.000000000 0.000000000 0.000000000
0.000000000 0.000000000 0.000000000 0.000000000 0.000000000 0.000000000 0.000000000 0.000000000 0.000000000 0.000000000 35.316408359 2.789426184 0.000000000 0.000000000 0.000000000 0.000000000 0.000000000 0.000000000 0.000000000 0.000000000 0.000000000 0.000000000 0.000000000 0.000000000 0.000000000 0.000000000 0.000000000 0.000000000 0.000000000 0.000000000 0.000000000 0.000000000 0.000000000 0.000000000 0.000000000 0.000000000 0.000000000 0.000000000 0.000000000 0.000000000
0.000000000 0.000000000 0.000000000 0.000000000 0.000000000 0.000000000 0.000000000 0.000000000 0.000000000 0.000000000 35.325507249 2.777113221 0.000000000 0.000000000 0.000000000 0.000000000 0.000000000 0.000000000 0.000000000 0.000000000 0.000000000 0.000000000 0.000000000 0.000000000 0.000000000 0.000000000 0.000000000 0.000000000 0.000000000 0.000000000 0.000000000 0.000000000 0.000000000 0.000000000 0.000000000 0.000000000 0.000000000 0.000000000 0.000000000 0.000000000
0.000000000 0.000000000 0.000000000 0.000000000 0.000000000 0.000000000 0.000000000 0.000000000 0.000000000 0.000000000 35.334644830 2.766759104 0.000000000 0.000000000 0.000000000 0.000000000 0.000000000 0.000000000 0.000000000 0.000000000 0.000000000 0.000000000 0.000000000 0.000000000 0.000000000 0.000000000 0.000000000 0.000000000 0.000000000 0.000000000 0.000000000 0.000000000 0.000000000 0.000000000 0.000000000 0.000000000 0.000000000 0.000000000 0.000000000 0.000000000
0.000000000 0.000000000 0.000000000 0.000000000 0.000000000 0.000000000 0.000000000 0.000000000 0.000000000 0.000000000 35.343842623 2.758608406 0.000000000 0.000000000 0.000000000 0.000000000 0.000000000 0.000000000 0.000000000 0.000000000 0.000000000 0.000000000 0.000000000 0.000000000 0.000000000 0.000000000 0.000000000 0.000000000 0.000000000 0.000000000 0.000000000 0.000000000 0.000000000 0.000000000 0.000000000 0.000000000 0.000000000 0.000000000 0.000000000 0.000000000
0.000000000 0.000000000 0.000000000 0.000000000 0.000000000 0.000000000 0.000000000 0.000000000 0.000000000 0.000000000 35.353057360 2.752530042 0.000000000 0.000000000 0.000000000 0.000000000 0.000000000 0.000000000 0.000000000 0.000000000 0.000000000 0.000000000 0.000000000 0.000000000 0.000000000 0.000000000 0.000000000 0.000000000 0.000000000 0.000000000 0.000000000 0.000000000 0.000000000 0.000000000 0.000000000 0.000000000 0.000000000 0.000000000 0.000000000 0.000000000
0.000000000 0.000000000 0.000000000 0.000000000 0.000000000 0.000000000 0.000000000 0.000000000 0.000000000 0.000000000 35.362159573 2.748603003 0.000000000 0.000000000 0.000000000 0.000000000 0.000000000 0.000000000 0.000000000 0.000000000 0.000000000 0.000000000 0.000000000 0.000000000 0.000000000 0.000000000 0.000000000 0.000000000 0.000000000 0.000000000 0.000000000 0.000000000 0.000000000 0.000000000 0.000000000 0.000000000 0.000000000 0.000000000 0.000000000 0.000000000
0.000000000 0.000000000 0.000000000 0.000000000 0.000000000 0.000000000 0.000000000 0.000000000 0.000000000 0.000000000 35.371255699 2.747003422 0.000000000 0.000000000 0.000000000 0.000000000 0.000000000 0.000000000 0.000000000 0.000000000 0.000000000 0.000000000 0.000000000 0.000000000 0.000000000 0.000000000 0.000000000 0.000000000 0.000000000 0.000000000 0.000000000 0.000000000 0.000000000 0.000000000 0.000000000 0.000000000 0.000000000 0.000000000 0.000000000 0.000000000
0.000000000 0.000000000 0.000000000 0.000000000 0.000000000 0.000000000 0.000000000 0.000000000 0.000000000 0.000000000 35.380172257 2.747456222 0.000000000 0.000000000 0.000000000 0.000000000 0.000000000 0.000000000 0.000000000 0.000000000 0.000000000 0.000000000 0.000000000 0.000000000 0.000000000 0.000000000 0.000000000 0.000000000 0.000000000 0.000000000 0.000000000 0.000000000 0.000000000 0.000000000 0.000000000 0.000000000 0.000000000 0.000000000 0.000000000 0.000000000
0.000000000 0.000000000 0.000000000 0.000000000 0.000000000 0.000000000 0.000000000 0.000000000 0.000000000 0.000000000 35.388997926 2.749559708 0.000000000 0.000000000 0.000000000 0.000000000 0.000000000 0.000000000 0.000000000 0.000000000 0.000000000 0.000000000 0.000000000 0.000000000 0.000000000 0.000000000 0.000000000 0.000000000 0.000000000 0.000000000 0.000000000 0.000000000 0.000000000 0.000000000 0.000000000 0.000000000 0.000000000 0.000000000 0.000000000 0.000000000
0.000000000 0.000000000 0.000000000 0.000000000 0.000000000 0.000000000 0.000000000 0.000000000 0.000000000 0.000000000 35.397706594 2.752855748 0.000000000 0.000000000 0.000000000 0.000000000 0.000000000 0.000000000 0.000000000 0.000000000 0.000000000 0.000000000 0.000000000 0.000000000 0.000000000 0.000000000 0.000000000 0.000000000 0.000000000 0.000000000 0.000000000 0.000000000 0.000000000 0.000000000 0.000000000 0.000000000 0.000000000 0.000000000 0.000000000 0.000000000
0.000000000 0.000000000 0.000000000 0.000000000 0.000000000 0.000000000 0.000000000 0.000000000 0.000000000 0.000000000 35.406292144 2.756674802 0.000000000 0.000000000 0.000000000 0.000000000 0.000000000 0.000000000 0.000000000 0.000000000 0.000000000 0.000000000 0.000000000 0.000000000 0.000000000 0.000000000 0.000000000 0.000000000 0.000000000 0.000000000 0.000000000 0.000000000 0.000000000 0.000000000 0.000000000 0.000000000 0.000000000 0.000000000 0.000000000 0.000000000
0.000000000 0.000000000 0.000000000 0.000000000 0.000000000 0.000000000 0.000000000 0.000000000 0.000000000 0.000000000 35.414686752 2.761307910 0.000000000 0.000000000 0.000000000 0.000000000 0.000000000 0.000000000 0.000000000 0.000000000 0.000000000 0.000000000 0.000000000 0.000000000 0.000000000 0.000000000 0.000000000 0.000000000 0.000000000 0.000000000 0.000000000 0.000000000 0.000000000 0.000000000 0.000000000 0.000000000 0.000000000 0.000000000 0.000000000 0.000000000
0.000000000 0.000000000 0.000000000 0.000000000 0.000000000 0.000000000 0.000000000 0.000000000 0.000000000 0.000000000 35.423001800 2.766393530 0.000000000 0.000000000 0.000000000 0.000000000 0.000000000 0.000000000 0.000000000 0.000000000 0.000000000 0.000000000 0.000000000 0.000000000 0.000000000 0.000000000 0.000000000 0.000000000 0.000000000 0.000000000 0.000000000 0.000000000 0.000000000 0.000000000 0.000000000 0.000000000 0.000000000 0.000000000 0.000000000 0.000000000
0.000000000 0.000000000 0.000000000 0.000000000 0.000000000 0.000000000 0.000000000 0.000000000 0.000000000 0.000000000 35.431139376 2.771309021 0.000000000 0.000000000 0.000000000 0.000000000 0.000000000 0.000000000 0.000000000 0.000000000 0.000000000 0.000000000 0.000000000 0.000000000 0.000000000 0.000000000 0.000000000 0.000000000 0.000000000 0.000000000 0.000000000 0.000000000 0.000000000 0.000000000 0.000000000 0.000000000 0.000000000 0.000000000 0.000000000 0.000000000
0.000000000 0.000000000 0.000000000 0.000000000 0.000000000 0.000000000 0.000000000 0.000000000 0.000000000 0.000000000 35.439162340 2.775964637 0.000000000 0.000000000 0.000000000 0.000000000 0.000000000 0.000000000 0.000000000 0.000000000 0.000000000 0.000000000 0.000000000 0.000000000 0.000000000 0.000000000 0.000000000 0.000000000 0.000000000 0.000000000 0.000000000 0.000000000 0.000000000 0.000000000 0.000000000 0.000000000 0.000000000 0.000000000 0.000000000 0.000000000
0.000000000 0.000000000 0.000000000 0.000000000 0.000000000 0.000000000 0.000000000 0.000000000 0.000000000 0.000000000 35.447048293 2.779879150 0.000000000 0.000000000 0.000000000 0.000000000 0.000000000 0.000000000 0.000000000 0.000000000 0.000000000 0.000000000 0.000000000 0.000000000 0.000000000 0.000000000 0.000000000 0.000000000 0.000000000 0.000000000 0.000000000 0.000000000 0.000000000 0.000000000 0.000000000 0.000000000 0.000000000 0.000000000 0.000000000 0.000000000
0.000000000 0.000000000 0.000000000 0.000000000 0.000000000 0.000000000 0.000000000 0.000000000 0.000000000 0.000000000 35.454844736 2.782694657 0.000000000 0.000000000 0.000000000 0.000000000 0.000000000 0.000000000 0.000000000 0.000000000 0.000000000 0.000000000 0.000000000 0.000000000 0.000000000 0.000000000 0.000000000 0.000000000 0.000000000 0.000000000 0.000000000 0.000000000 0.000000000 0.000000000 0.000000000 0.000000000 0.000000000 0.000000000 0.000000000 0.000000000
0.000000000 0.000000000 0.000000000 0.000000000 0.000000000 0.000000000 0.000000000 0.000000000 0.000000000 0.000000000 35.462524631 2.784273445 0.000000000 0.000000000 0.000000000 0.000000000 0.000000000 0.000000000 0.000000000 0.000000000 0.000000000 0.000000000 0.000000000 0.000000000 0.000000000 0.000000000 0.000000000 0.000000000 0.000000000 0.000000000 0.000000000 0.000000000 0.000000000 0.000000000 0.000000000 0.000000000 0.000000000 0.000000000 0.000000000 0.000000000
0.000000000 0.000000000 0.000000000 0.000000000 0.000000000 0.000000000 0.000000000 0.000000000 0.000000000 0.000000000 35.470088097 2.785083839 0.000000000 0.000000000 0.000000000 0.000000000 0.000000000 0.000000000 0.000000000 0.000000000 0.000000000 0.000000000 0.000000000 0.000000000 0.000000000 0.000000000 0.000000000 0.000000000 0.000000000 0.000000000 0.000000000 0.000000000 0.000000000 0.000000000 0.000000000 0.000000000 0.000000000 0.000000000 0.000000000 0.000000000
0.000000000 0.000000000 0.000000000 0.000000000 0.000000000 0.000000000 0.000000000 0.000000000 0.000000000 0.000000000 35.477598872 2.785500287 0.000000000 0.000000000 0.000000000 0.000000000 0.000000000 0.000000000 0.000000000 0.000000000 0.000000000 0.000000000 0.000000000 0.000000000 0.000000000 0.000000000 0.000000000 0.000000000 0.000000000 0.000000000 0.000000000 0.000000000 0.000000000 0.000000000 0.000000000 0.000000000 0.000000000 0.000000000 0.000000000 0.000000000
0.000000000 0.000000000 0.000000000 0.000000000 0.000000000 0.000000000 0.000000000 0.000000000 0.000000000 0.000000000 35.485061465 2.785419473 0.000000000 0.000000000 0.000000000 0.000000000 0.000000000 0.000000000 0.000000000 0.000000000 0.000000000 0.000000000 0.000000000 0.000000000 0.000000000 0.000000000 0.000000000 0.000000000 0.000000000 0.000000000 0.000000000 0.000000000 0.000000000 0.000000000 0.000000000 0.000000000 0.000000000 0.000000000 0.000000000 0.000000000
0.000000000 0.000000000 0.000000000 0.000000000 0.000000000 0.000000000 0.000000000 0.000000000 0.000000000 0.000000000 35.492497644 2.784592071 0.000000000 0.000000000 0.000000000 0.000000000 0.000000000 0.000000000 0.000000000 0.000000000 0.000000000 0.000000000 0.000000000 0.000000000 0.000000000 0.000000000 0.000000000 0.000000000 0.000000000 0.000000000 0.000000000 0.000000000 0.000000000 0.000000000 0.000000000 0.000000000 0.000000000 0.000000000 0.000000000 0.000000000
0.000000000 0.000000000 0.000000000 0.000000000 0.000000000 0.000000000 0.000000000 0.000000000 0.000000000 0.000000000 35.499923119 2.783028883 0.000000000 0.000000000 0.000000000 0.000000000 0.000000000 0.000000000 0.000000000 0.000000000 0.000000000 0.000000000 0.000000000 0.000000000 0.000000000 0.000000000 0.000000000 0.000000000 0.000000000 0.000000000 0.000000000 0.000000000 0.000000000 0.000000000 0.000000000 0.000000000 0.000000000 0.000000000 0.000000000 0.000000000
0.000000000 0.000000000 0.000000000 0.000000000 0.000000000 0.000000000 0.000000000 0.000000000 0.000000000 0.000000000 35.507358195 2.781116275 0.000000000 0.000000000 0.000000000 0.000000000 0.000000000 0.000000000 0.000000000 0.000000000 0.000000000 0.000000000 0.000000000 0.000000000 0.000000000 0.000000000 0.000000000 0.000000000 0.000000000 0.000000000 0.000000000 0.000000000 0.000000000 0.000000000 0.000000000 0.000000000 0.000000000 0.000000000 0.000000000 0.000000000
0.000000000 0.000000000 0.000000000 0.000000000 0.000000000 0.000000000 0.000000000 0.000000000 0.000000000 0.000000000 35.514806134 2.779048113 0.000000000 0.000000000 0.000000000 0.000000000 0.000000000 0.000000000 0.000000000 0.000000000 0.000000000 0.000000000 0.000000000 0.000000000 0.000000000 0.000000000 0.000000000 0.000000000 0.000000000 0.000000000 0.000000000 0.000000000 0.000000000 0.000000000 0.000000000 0.000000000 0.000000000 0.000000000 0.000000000 0.000000000
0.000000000 0.000000000 0.000000000 0.000000000 0.000000000 0.000000000 0.000000000 0.000000000 0.000000000 0.000000000 35.522281251 2.776965192 0.000000000 0.000000000 0.000000000 0.000000000 0.000000000 0.000000000 0.000000000 0.000000000 0.000000000 0.000000000 0.000000000 0.000000000 0.000000000 0.000000000 0.000000000 0.000000000 0.000000000 0.000000000 0.000000000 0.000000000 0.000000000 0.000000000 0.000000000 0.000000000 0.000000000 0.000000000 0.000000000 0.000000000
0.000000000 0.000000000 0.000000000 0.000000000 0.000000000 0.000000000 0.000000000 0.000000000 0.000000000 0.000000000 35.529780322 2.775582791 0.000000000 0.000000000 0.000000000 0.000000000 0.000000000 0.000000000 0.000000000 0.000000000 0.000000000 0.000000000 0.000000000 0.000000000 0.000000000 0.000000000 0.000000000 0.000000000 0.000000000 0.000000000 0.000000000 0.000000000 0.000000000 0.000000000 0.000000000 0.000000000 0.000000000 0.000000000 0.000000000 0.000000000
0.000000000 0.000000000 0.000000000 0.000000000 0.000000000 0.000000000 0.000000000 0.000000000 0.000000000 0.000000000 35.537280735 2.774732269 0.000000000 0.000000000 0.000000000 0.000000000 0.000000000 0.000000000 0.000000000 0.000000000 0.000000000 0.000000000 0.000000000 0.000000000 0.000000000 0.000000000 0.000000000 0.000000000 0.000000000 0.000000000 0.000000000 0.000000000 0.000000000 0.000000000 0.000000000 0.000000000 0.000000000 0.000000000 0.000000000 0.000000000
0.000000000 0.000000000 0.000000000 0.000000000 0.000000000 0.000000000 0.000000000 0.000000000 0.000000000 0.000000000 35.544805216 2.774050168 0.000000000 0.000000000 0.000000000 0.000000000 0.000000000 0.000000000 0.000000000 0.000000000 0.000000000 0.000000000 0.000000000 0.000000000 0.000000000 0.000000000 0.000000000 0.000000000 0.000000000 0.000000000 0.000000000 0.000000000 0.000000000 0.000000000 0.000000000 0.000000000 0.000000000 0.000000000 0.000000000 0.000000000
0.000000000 0.000000000 0.000000000 0.000000000 0.000000000 0.000000000 0.000000000 0.000000000 0.000000000 0.000000000 35.552339697 2.773591895 0.000000000 0.000000000 0.000000000 0.000000000 0.000000000 0.000000000 0.000000000 0.000000000 0.000000000 0.000000000 0.000000000 0.000000000 0.000000000 0.000000000 0.000000000 0.000000000 0.000000000 0.000000000 0.000000000 0.000000000 0.000000000 0.000000000 0.000000000 0.000000000 0.000000000 0.000000000 0.000000000 0.000000000
0.000000000 0.000000000 0.000000000 0.000000000 0.000000000 0.000000000 0.000000000 0.000000000 0.000000000 0.000000000 35.559892534 2.773291336 0.000000000 0.000000000 0.000000000 0.000000000 0.000000000 0.000000000 0.000000000 0.000000000 0.000000000 0.000000000 0.000000000 0.000000000 0.000000000 0.000000000 0.000000000 0.000000000 0.000000000 0.000000000 0.000000000 0.000000000 0.000000000 0.000000000 0.000000000 0.000000000 0.000000000 0.000000000 0.000000000 0.000000000
0.000000000 0.000000000 0.000000000 0.000000000 0.000000000 0.000000000 0.000000000 0.000000000 0.000000000 0.000000000 35.567445973 2.773602600 0.000000000 0.000000000 0.000000000 0.000000000 0.000000000 0.000000000 0.000000000 0.000000000 0.000000000 0.000000000 0.000000000 0.000000000 0.000000000 0.000000000 0.000000000 0.000000000 0.000000000 0.000000000 0.000000000 0.000000000 0.000000000 0.000000000 0.000000000 0.000000000 0.000000000 0.000000000 0.000000000 0.000000000
0.000000000 0.000000000 0.000000000 0.000000000 0.000000000 0.000000000 0.000000000 0.000000000 0.000000000 0.000000000 35.574997085 2.774496985 0.000000000 0.000000000 0.000000000 0.000000000 0.000000000 0.000000000 0.000000000 0.000000000 0.000000000 0.000000000 0.000000000 0.000000000 0.000000000 0.000000000 0.000000000 0.000000000 0.000000000 0.000000000 0.000000000 0.000000000 0.000000000 0.000000000 0.000000000 0.000000000 0.000000000 0.000000000 0.000000000 0.000000000
0.000000000 0.000000000 0.000000000 0.000000000 0.000000000 0.000000000 0.000000000 0.000000000 0.000000000 0.000000000 35.582535436 2.775510870 0.000000000 0.000000000 0.000000000 0.000000000 0.000000000 0.000000000 0.000000000 0.000000000 0.000000000 0.000000000 0.000000000 0.000000000 0.000000000 0.000000000 0.000000000 0.000000000 0.000000000 0.000000000 0.000000000 0.000000000 0.000000000 0.000000000 0.000000000 0.000000000 0.000000000 0.000000000 0.000000000 0.000000000
0.000000000 0.000000000 0.000000000 0.000000000 0.000000000 0.000000000 0.000000000 0.000000000 0.000000000 0.000000000 35.590064039 2.776238651 0.000000000 0.000000000 0.000000000 0.000000000 0.000000000 0.000000000 0.000000000 0.000000000 0.000000000 0.000000000 0.000000000 0.000000000 0.000000000 0.000000000 0.000000000 0.000000000 0.000000000 0.000000000 0.000000000 0.000000000 0.000000000 0.000000000 0.000000000 0.000000000 0.000000000 0.000000000 0.000000000 0.000000000
0.000000000 0.000000000 0.000000000 0.000000000 0.000000000 0.000000000 0.000000000 0.000000000 0.000000000 0.000000000 35.597564410 2.776820807 0.000000000 0.000000000 0.000000000 0.000000000 0.000000000 0.000000000 0.000000000 0.000000000 0.000000000 0.000000000 0.000000000 0.000000000 0.000000000 0.000000000 0.000000000 0.000000000 0.000000000 0.000000000 0.000000000 0.000000000 0.000000000 0.000000000 0.000000000 0.000000000 0.000000000 0.000000000 0.000000000 0.000000000
0.000000000 0.000000000 0.000000000 0.000000000 0.000000000 0.000000000 0.000000000 0.000000000 0.000000000 0.000000000 35.605036708 2.777589191 0.000000000 0.000000000 0.000000000 0.000000000 0.000000000 0.000000000 0.000000000 0.000000000 0.000000000 0.000000000 0.000000000 0.000000000 0.000000000 0.000000000 0.000000000 0.000000000 0.000000000 0.000000000 0.000000000 0.000000000 0.000000000 0.000000000 0.000000000 0.000000000 0.000000000 0.000000000 0.000000000 0.000000000
0.000000000 0.000000000 0.000000000 0.000000000 0.000000000 0.000000000 0.000000000 0.000000000 0.000000000 0.000000000 35.612482508 2.778763503 0.000000000 0.000000000 0.000000000 0.000000000 0.000000000 0.000000000 0.000000000 0.000000000 0.000000000 0.000000000 0.000000000 0.000000000 0.000000000 0.000000000 0.000000000 0.000000000 0.000000000 0.000000000 0.000000000 0.000000000 0.000000000 0.000000000 0.000000000 0.000000000 0.000000000 0.000000000 0.000000000 0.000000000
0.000000000 0.000000000 0.000000000 0.000000000 0.000000000 0.000000000 0.000000000 0.000000000 0.000000000 0.000000000 35.619904239 2.780522259 0.000000000 0.000000000 0.000000000 0.000000000 0.000000000 0.000000000 0.000000000 0.000000000 0.000000000 0.000000000 0.000000000 0.000000000 0.000000000 0.000000000 0.000000000 0.000000000 0.000000000 0.000000000 0.000000000 0.000000000 0.000000000 0.000000000 0.000000000 0.000000000 0.000000000 0.000000000 0.000000000 0.000000000
0.000000000 0.000000000 0.000000000 0.000000000 0.000000000 0.000000000 0.000000000 0.000000000 0.000000000 0.000000000 35.627317428 2.782147479 0.000000000 0.000000000 0.000000000 0.000000000 0.000000000 0.000000000 0.000000000 0.000000000 0.000000000 0.000000000 0.000000000 0.000000000 0.000000000 0.000000000 0.000000000 0.000000000 0.000000000 0.000000000 0.000000000 0.000000000 0.000000000 0.000000000 0.000000000 0.000000000 0.000000000 0.000000000 0.000000000 0.000000000
0.000000000 0.000000000 0.000000000 0.000000000 0.000000000 0.000000000 0.000000000 0.000000000 0.000000000 0.000000000 35.634704869 2.783090261 0.000000000 0.000000000 0.000000000 0.000000000 0.000000000 0.000000000 0.000000000 0.000000000 0.000000000 0.000000000 0.000000000 0.000000000 0.000000000 0.000000000 0.000000000 0.000000000 0.000000000 0.000000000 0.000000000 0.000000000 0.000000000 0.000000000 0.000000000 0.000000000 0.000000000 0.000000000 0.000000000 0.000000000
0.000000000 0.000000000 0.000000000 0.000000000 0.000000000 0.000000000 0.000000000 0.000000000 0.000000000 0.000000000 35.642065803 2.783613981 0.000000000 0.000000000 0.000000000 0.000000000 0.000000000 0.000000000 0.000000000 0.000000000 0.000000000 0.000000000 0.000000000 0.000000000 0.000000000 0.000000000 0.000000000 0.000000000 0.000000000 0.000000000 0.000000000 0.000000000 0.000000000 0.000000000 0.000000000 0.000000000 0.000000000 0.000000000 0.000000000 0.000000000
0.000000000 0.000000000 0.000000000 0.000000000 0.000000000 0.000000000 0.000000000 0.000000000 0.000000000 0.000000000 35.649416798 2.783902063 0.000000000 0.000000000 0.000000000 0.000000000 0.000000000 0.000000000 0.000000000 0.000000000 0.000000000 0.000000000 0.000000000 0.000000000 0.000000000 0.000000000 0.000000000 0.000000000 0.000000000 0.000000000 0.000000000 0.000000000 0.000000000 0.000000000 0.000000000 0.000000000 0.000000000 0.000000000 0.000000000 0.000000000
0.000000000 0.000000000 0.000000000 0.000000000 0.000000000 0.000000000 0.000000000 0.000000000 0.000000000 0.000000000 35.656750035 2.783918079 0.000000000 0.000000000 0.000000000 0.000000000 0.000000000 0.000000000 0.000000000 0.000000000 0.000000000 0.000000000 0.000000000 0.000000000 0.000000000 0.000000000 0.000000000 0.000000000 0.000000000 0.000000000 0.000000000 0.000000000 0.000000000 0.000000000 0.000000000 0.000000000 0.000000000 0.000000000 0.000000000 0.000000000
0.000000000 0.000000000 0.000000000 0.000000000 0.000000000 0.000000000 0.000000000 0.000000000 0.000000000 0.000000000 35.664089469 2.783741968 0.000000000 0.000000000 0.000000000 0.000000000 0.000000000 0.000000000 0.000000000 0.000000000 0.000000000 0.000000000 0.000000000 0.000000000 0.000000000 0.000000000 0.000000000 0.000000000 0.000000000 0.000000000 0.000000000 0.000000000 0.000000000 0.000000000 0.000000000 0.000000000 0.000000000 0.000000000 0.000000000 0.000000000
0.000000000 0.000000000 0.000000000 0.000000000 0.000000000 0.000000000 0.000000000 0.000000000 0.000000000 0.000000000 35.671443002 2.783590295 0.000000000 0.000000000 0.000000000 0.000000000 0.000000000 0.000000000 0.000000000 0.000000000 0.000000000 0.000000000 0.000000000 0.000000000 0.000000000 0.000000000 0.000000000 0.000000000 0.000000000 0.000000000 0.000000000 0.000000000 0.000000000 0.000000000 0.000000000 0.000000000 0.000000000 0.000000000 0.000000000 0.000000000
0.000000000 0.000000000 0.000000000 0.000000000 0.000000000 0.000000000 0.000000000 0.000000000 0.000000000 0.000000000 35.678795785 2.783472726 0.000000000 0.000000000 0.000000000 0.000000000 0.000000000 0.000000000 0.000000000 0.000000000 0.000000000 0.000000000 0.000000000 0.000000000 0.000000000 0.000000000 0.000000000 0.000000000 0.000000000 0.000000000 0.000000000 0.000000000 0.000000000 0.000000000 0.000000000 0.000000000 0.000000000 0.000000000 0.000000000 0.000000000
0.000000000 0.000000000 0.000000000 0.000000000 0.000000000 0.000000000 0.000000000 0.000000000 0.000000000 0.000000000 35.686148639 2.783287761 0.000000000 0.000000000 0.000000000 0.000000000 0.000000000 0.000000000 0.000000000 0.000000000 0.000000000 0.000000000 0.000000000 0.000000000 0.000000000 0.000000000 0.000000000 0.000000000 0.000000000 0.000000000 0.000000000 0.000000000 0.000000000 0.000000000 0.000000000 0.000000000 0.000000000 0.000000000 0.000000000 0.000000000
0.000000000 0.000000000 0.000000000 0.000000000 0.000000000 0.000000000 0.000000000 0.000000000 0.000000000 0.000000000 35.693498353 2.783049714 0.000000000 0.000000000 0.000000000 0.000000000 0.000000000 0.000000000 0.000000000 0.000000000 0.000000000 0.000000000 0.000000000 0.000000000 0.000000000 0.000000000 0.000000000 0.000000000 0.000000000 0.000000000 0.000000000 0.000000000 0.000000000 0.000000000 0.000000000 0.000000000 0.000000000 0.000000000 0.000000000 0.000000000
0.000000000 0.000000000 0.000000000 0.000000000 0.000000000 0.000000000 0.000000000 0.000000000 0.000000000 0.000000000 35.700843426 2.782976243 0.000000000 0.000000000 0.000000000 0.000000000 0.000000000 0.000000000 0.000000000 0.000000000 0.000000000 0.000000000 0.000000000 0.000000000 0.000000000 0.000000000 0.000000000 0.000000000 0.000000000 0.000000000 0.000000000 0.000000000 0.000000000 0.000000000 0.000000000 0.000000000 0.000000000 0.000000000 0.000000000 0.000000000
0.000000000 0.000000000 0.000000000 0.000000000 0.000000000 0.000000000 0.000000000 0.000000000 0.000000000 0.000000000 35.708184431 2.782995440 0.000000000 0.000000000 0.000000000 0.000000000 0.000000000 0.000000000 0.000000000 0.000000000 0.000000000 0.000000000 0.000000000 0.000000000 0.000000000 0.000000000 0.000000000 0.000000000 0.000000000 0.000000000 0.000000000 0.000000000 0.000000000 0.000000000 0.000000000 0.000000000 0.000000000 0.000000000 0.000000000 0.000000000
0.000000000 0.000000000 0.000000000 0.000000000 0.000000000 0.000000000 0.000000000 0.000000000 0.000000000 0.000000000 35.715520877 2.783036025 0.000000000 0.000000000 0.000000000 0.000000000 0.000000000 0.000000000 0.000000000 0.000000000 0.000000000 0.000000000 0.000000000 0.000000000 0.000000000 0.000000000 0.000000000 0.000000000 0.000000000 0.000000000 0.000000000 0.000000000 0.000000000 0.000000000 0.000000000 0.000000000 0.000000000 0.000000000 0.000000000 0.000000000
0.000000000 0.000000000 0.000000000 0.000000000 0.000000000 0.000000000 0.000000000 0.000000000 0.000000000 0.000000000 35.722848379 2.783342565 0.000000000 0.000000000 0.000000000 0.000000000 0.000000000 0.000000000 0.000000000 0.000000000 0.000000000 0.000000000 0.000000000 0.000000000 0.000000000 0.000000000 0.000000000 0.000000000 0.000000000 0.000000000 0.000000000 0.000000000 0.000000000 0.000000000 0.000000000 0.000000000 0.000000000 0.000000000 0.000000000 0.000000000
0.000000000 0.000000000 0.000000000 0.000000000 0.000000000 0.000000000 0.000000000 0.000000000 0.000000000 0.000000000 35.730165247 2.783676253 0.000000000 0.000000000 0.000000000 0.000000000 0.000000000 0.000000000 0.000000000 0.000000000 0.000000000 0.000000000 0.000000000 0.000000000 0.000000000 0.000000000 0.000000000 0.000000000 0.000000000 0.000000000 0.000000000 0.000000000 0.000000000 0.000000000 0.000000000 0.000000000 0.000000000 0.000000000 0.000000000 0.000000000
0.000000000 0.000000000 0.000000000 0.000000000 0.000000000 0.000000000 0.000000000 0.000000000 0.000000000 0.000000000 35.737463118 2.783976056 0.000000000 0.000000000 0.000000000 0.000000000 0.000000000 0.000000000 0.000000000 0.000000000 0.000000000 0.000000000 0.000000000 0.000000000 0.000000000 0.000000000 0.000000000 0.000000000 0.000000000 0.000000000 0.000000000 0.000000000 0.000000000 0.000000000 0.000000000 0.000000000 0.000000000 0.000000000 0.000000000 0.000000000
0.000000000 0.000000000 0.000000000 0.000000000 0.000000000 0.000000000 0.000000000 0.000000000 0.000000000 0.000000000 35.744742017 2.784563438 0.000000000 0.000000000 0.000000000 0.000000000 0.000000000 0.000000000 0.000000000 0.000000000 0.000000000 0.000000000 0.000000000 0.000000000 0.000000000 0.000000000 0.000000000 0.000000000 0.000000000 0.000000000 0.000000000 0.000000000 0.000000000 0.000000000 0.000000000 0.000000000 0.000000000 0.000000000 0.000000000 0.000000000
0.000000000 0.000000000 0.000000000 0.000000000 0.000000000 0.000000000 0.000000000 0.000000000 0.000000000 0.000000000 35.751999626 2.785180041 0.000000000 0.000000000 0.000000000 0.000000000 0.000000000 0.000000000 0.000000000 0.000000000 0.000000000 0.000000000 0.000000000 0.000000000 0.000000000 0.000000000 0.000000000 0.000000000 0.000000000 0.000000000 0.000000000 0.000000000 0.000000000 0.000000000 0.000000000 0.000000000 0.000000000 0.000000000 0.000000000 0.000000000
0.000000000 0.000000000 0.000000000 0.000000000 0.000000000 0.000000000 0.000000000 0.000000000 0.000000000 0.000000000 35.759235013 2.785850475 0.000000000 0.000000000 0.000000000 0.000000000 0.000000000 0.000000000 0.000000000 0.000000000 0.000000000 0.000000000 0.000000000 0.000000000 0.000000000 0.000000000 0.000000000 0.000000000 0.000000000 0.000000000 0.000000000 0.000000000 0.000000000 0.000000000 0.000000000 0.000000000 0.000000000 0.000000000 0.000000000 0.000000000
0.000000000 0.000000000 0.000000000 0.000000000 0.000000000 0.000000000 0.000000000 0.000000000 0.000000000 0.000000000 35.766441039 2.786990243 0.000000000 0.000000000 0.000000000 0.000000000 0.000000000 0.000000000 0.000000000 0.000000000 0.000000000 0.000000000 0.000000000 0.000000000 0.000000000 0.000000000 0.000000000 0.000000000 0.000000000 0.000000000 0.000000000 0.000000000 0.000000000 0.000000000 0.000000000 0.000000000 0.000000000 0.000000000 0.000000000 0.000000000
0.000000000 0.000000000 0.000000000 0.000000000 0.000000000 0.000000000 0.000000000 0.000000000 0.000000000 0.000000000 35.773631934 2.788298815 0.000000000 0.000000000 0.000000000 0.000000000 0.000000000 0.000000000 0.000000000 0.000000000 0.000000000 0.000000000 0.000000000 0.000000000 0.000000000 0.000000000 0.000000000 0.000000000 0.000000000 0.000000000 0.000000000 0.000000000 0.000000000 0.000000000 0.000000000 0.000000000 0.000000000 0.000000000 0.000000000 0.000000000
0.000000000 0.000000000 0.000000000 0.000000000 0.000000000 0.000000000 0.000000000 0.000000000 0.000000000 0.000000000 35.780797644 2.789468157 0.000000000 0.000000000 0.000000000 0.000000000 0.000000000 0.000000000 0.000000000 0.000000000 0.000000000 0.000000000 0.000000000 0.000000000 0.000000000 0.000000000 0.000000000 0.000000000 0.000000000 0.000000000 0.000000000 0.000000000 0.000000000 0.000000000 0.000000000 0.000000000 0.000000000 0.000000000 0.000000000 0.000000000
0.000000000 0.000000000 0.000000000 0.000000000 0.000000000 0.000000000 0.000000000 0.000000000 0.000000000 0.000000000 35.787949663 2.790248903 0.000000000 0.000000000 0.000000000 0.000000000 0.000000000 0.000000000 0.000000000 0.000000000 0.000000000 0.000000000 0.000000000 0.000000000 0.000000000 0.000000000 0.000000000 0.000000000 0.000000000 0.000000000 0.000000000 0.000000000 0.000000000 0.000000000 0.000000000 0.000000000 0.000000000 0.000000000 0.000000000 0.000000000
0.000000000 0.000000000 0.000000000 0.000000000 0.000000000 0.000000000 0.000000000 0.000000000 0.000000000 0.000000000 35.795086313 2.790381845 0.000000000 0.000000000 0.000000000 0.000000000 0.000000000 0.000000000 0.000000000 0.000000000 0.000000000 0.000000000 0.000000000 0.000000000 0.000000000 0.000000000 0.000000000 0.000000000 0.000000000 0.000000000 0.000000000 0.000000000 0.000000000 0.000000000 0.000000000 0.000000000 0.000000000 0.000000000 0.000000000 0.000000000
0.000000000 0.000000000 0.000000000 0.000000000 0.000000000 0.000000000 0.000000000 0.000000000 0.000000000 0.000000000 35.802224931 2.790287566 0.000000000 0.000000000 0.000000000 0.000000000 0.000000000 0.000000000 0.000000000 0.000000000 0.000000000 0.000000000 0.000000000 0.000000000 0.000000000 0.000000000 0.000000000 0.000000000 0.000000000 0.000000000 0.000000000 0.000000000 0.000000000 0.000000000 0.000000000 0.000000000 0.000000000 0.000000000 0.000000000 0.000000000
0.000000000 0.000000000 0.000000000 0.000000000 0.000000000 0.000000000 0.000000000 0.000000000 0.000000000 0.000000000 35.809364871 2.790305834 0.000000000 0.000000000 0.000000000 0.000000000 0.000000000 0.000000000 0.000000000 0.000000000 0.000000000 0.000000000 0.000000000 0.000000000 0.000000000 0.000000000 0.000000000 0.000000000 0.000000000 0.000000000 0.000000000 0.000000000 0.000000000 0.000000000 0.000000000 0.000000000 0.000000000 0.000000000 0.000000000 0.000000000
0.000000000 0.000000000 0.000000000 0.000000000 0.000000000 0.000000000 0.000000000 0.000000000 0.000000000 0.000000000 35.816505169 2.790575909 0.000000000 0.000000000 0.000000000 0.000000000 0.000000000 0.000000000 0.000000000 0.000000000 0.000000000 0.000000000 0.000000000 0.000000000 0.000000000 0.000000000 0.000000000 0.000000000 0.000000000 0.000000000 0.000000000 0.000000000 0.000000000 0.000000000 0.000000000 0.000000000 0.000000000 0.000000000 0.000000000 0.000000000
0.000000000 0.000000000 0.000000000 0.000000000 0.000000000 0.000000000 0.000000000 0.000000000 0.000000000 0.000000000 35.823645595 2.791127321 0.000000000 0.000000000 0.000000000 0.000000000 0.000000000 0.000000000 0.000000000 0.000000000 0.000000000 0.000000000 0.000000000 0.000000000 0.000000000 0.000000000 0.000000000 0.000000000 0.000000000 0.000000000 0.000000000 0.000000000 0.000000000 0.000000000 0.000000000 0.000000000 0.000000000 0.000000000 0.000000000 0.000000000
0.000000000 0.000000000 0.000000000 0.000000000 0.000000000 0.000000000 0.000000000 0.000000000 0.000000000 0.000000000 35.830793093 2.791537697 0.000000000 0.000000000 0.000000000 0.000000000 0.000000000 0.000000000 0.000000000 0.000000000 0.000000000 0.000000000 0.000000000 0.000000000 0.000000000 0.000000000 0.000000000 0.000000000 0.000000000 0.000000000 0.000000000 0.000000000 0.000000000 0.000000000 0.000000000 0.000000000 0.000000000 0.000000000 0.000000000 0.000000000
0.000000000 0.000000000 0.000000000 0.000000000 0.000000000 0.000000000 0.000000000 0.000000000 0.000000000 0.000000000 35.837938777 2.791497661 0.000000000 0.000000000 0.000000000 0.000000000 0.000000000 0.000000000 0.000000000 0.000000000 0.000000000 0.000000000 0.000000000 0.000000000 0.000000000 0.000000000 0.000000000 0.000000000 0.000000000 0.000000000 0.000000000 0.000000000 0.000000000 0.000000000 0.000000000 0.000000000 0.000000000 0.000000000 0.000000000 0.000000000
0.000000000 0.000000000 0.000000000 0.000000000 0.000000000 0.000000000 0.000000000 0.000000000 0.000000000 0.000000000 35.845094205 2.791060031 0.000000000 0.000000000 0.000000000 0.000000000 0.000000000 0.000000000 0.000000000 0.000000000 0.000000000 0.000000000 0.000000000 0.000000000 0.000000000 0.000000000 0.000000000 0.000000000 0.000000000 0.000000000 0.000000000 0.000000000 0.000000000 0.000000000 0.000000000 0.000000000 0.000000000 0.000000000 0.000000000 0.000000000
0.000000000 0.000000000 0.000000000 0.000000000 0.000000000 0.000000000 0.000000000 0.000000000 0.000000000 0.000000000 35.852248996 2.790630556 0.000000000 0.000000000 0.000000000 0.000000000 0.000000000 0.000000000 0.000000000 0.000000000 0.000000000 0.000000000 0.000000000 0.000000000 0.000000000 0.000000000 0.000000000 0.000000000 0.000000000 0.000000000 0.000000000 0.000000000 0.000000000 0.000000000 0.000000000 0.000000000 0.000000000 0.000000000 0.000000000 0.000000000
0.000000000 0.000000000 0.000000000 0.000000000 0.000000000 0.000000000 0.000000000 0.000000000 0.000000000 0.000000000 35.859395619 2.790505953 0.000000000 0.000000000 0.000000000 0.000000000 0.000000000 0.000000000 0.000000000 0.000000000 0.000000000 0.000000000 0.000000000 0.000000000 0.000000000 0.000000000 0.000000000 0.000000000 0.000000000 0.000000000 0.000000000 0.000000000 0.000000000 0.000000000 0.000000000 0.000000000 0.000000000 0.000000000 0.000000000 0.000000000
0.000000000 0.000000000 0.000000000 0.000000000 0.000000000 0.000000000 0.000000000 0.000000000 0.000000000 0.000000000 35.866525954 2.790284425 0.000000000 0.000000000 0.000000000 0.000000000 0.000000000 0.000000000 0.000000000 0.000000000 0.000000000 0.000000000 0.000000000 0.000000000 0.000000000 0.000000000 0.000000000 0.000000000 0.000000000 0.000000000 0.000000000 0.000000000 0.000000000 0.000000000 0.000000000 0.000000000 0.000000000 0.000000000 0.000000000 0.000000000
0.000000000 0.000000000 0.000000000 0.000000000 0.000000000 0.000000000 0.000000000 0.000000000 0.000000000 0.000000000 35.873641593 2.789985857 0.000000000 0.000000000 0.000000000 0.000000000 0.000000000 0.000000000 0.000000000 0.000000000 0.000000000 0.000000000 0.000000000 0.000000000 0.000000000 0.000000000 0.000000000 0.000000000 0.000000000 0.000000000 0.000000000 0.000000000 0.000000000 0.000000000 0.000000000 0.000000000 0.000000000 0.000000000 0.000000000 0.000000000
0.000000000 0.000000000 0.000000000 0.000000000 0.000000000 0.000000000 0.000000000 0.000000000 0.000000000 0.000000000 35.880732581 2.789979192 0.000000000 0.000000000 0.000000000 0.000000000 0.000000000 0.000000000 0.000000000 0.000000000 0.000000000 0.000000000 0.000000000 0.000000000 0.000000000 0.000000000 0.000000000 0.000000000 0.000000000 0.000000000 0.000000000 0.000000000 0.000000000 0.000000000 0.000000000 0.000000000 0.000000000 0.000000000 0.000000000 0.000000000
0.000000000 0.000000000 0.000000000 0.000000000 0.000000000 0.000000000 0.000000000 0.000000000 0.000000000 0.000000000 35.887799754 2.790325666 0.000000000 0.000000000 0.000000000 0.000000000 0.000000000 0.000000000 0.000000000 0.000000000 0.000000000 0.000000000 0.000000000 0.000000000 0.000000000 0.000000000 0.000000000 0.000000000 0.000000000 0.000000000 0.000000000 0.000000000 0.000000000 0.000000000 0.000000000 0.000000000 0.000000000 0.000000000 0.000000000 0.000000000
0.000000000 0.000000000 0.000000000 0.000000000 0.000000000 0.000000000 0.000000000 0.000000000 0.000000000 0.000000000 35.894851576 2.790859607 0.000000000 0.000000000 0.000000000 0.000000000 0.000000000 0.000000000 0.000000000 0.000000000 0.000000000 0.000000000 0.000000000 0.000000000 0.000000000 0.000000000 0.000000000 0.000000000 0.000000000 0.000000000 0.000000000 0.000000000 0.000000000 0.000000000 0.000000000 0.000000000 0.000000000 0.000000000 0.000000000 0.000000000
0.000000000 0.000000000 0.000000000 0.000000000 0.000000000 0.000000000 0.000000000 0.000000000 0.000000000 0.000000000 35.901884832 2.791030656 0.000000000 0.000000000 0.000000000 0.000000000 0.000000000 0.000000000 0.000000000 0.000000000 0.000000000 0.000000000 0.000000000 0.000000000 0.000000000 0.000000000 0.000000000 0.000000000 0.000000000 0.000000000 0.000000000 0.000000000 0.000000000 0.000000000 0.000000000 0.000000000 0.000000000 0.000000000 0.000000000 0.000000000
0.000000000 0.000000000 0.000000000 0.000000000 0.000000000 0.000000000 0.000000000 0.000000000 0.000000000 0.000000000 35.908903508 2.790566372 0.000000000 0.000000000 0.000000000 0.000000000 0.000000000 0.000000000 0.000000000 0.000000000 0.000000000 0.000000000 0.000000000 0.000000000 0.000000000 0.000000000 0.000000000 0.000000000 0.000000000 0.000000000 0.000000000 0.000000000 0.000000000 0.000000000 0.000000000 0.000000000 0.000000000 0.000000000 0.000000000 0.000000000
0.000000000 0.000000000 0.000000000 0.000000000 0.000000000 0.000000000 0.000000000 0.000000000 0.000000000 0.000000000 35.915894756 2.789878718 0.000000000 0.000000000 0.000000000 0.000000000 0.000000000 0.000000000 0.000000000 0.000000000 0.000000000 0.000000000 0.000000000 0.000000000 0.000000000 0.000000000 0.000000000 0.000000000 0.000000000 0.000000000 0.000000000 0.000000000 0.000000000 0.000000000 0.000000000 0.000000000 0.000000000 0.000000000 0.000000000 0.000000000
0.000000000 0.000000000 0.000000000 0.000000000 0.000000000 0.000000000 0.000000000 0.000000000 0.000000000 0.000000000 35.922871845 2.789649530 0.000000000 0.000000000 0.000000000 0.000000000 0.000000000 0.000000000 0.000000000 0.000000000 0.000000000 0.000000000 0.000000000 0.000000000 0.000000000 0.000000000 0.000000000 0.000000000 0.000000000 0.000000000 0.000000000 0.000000000 0.000000000 0.000000000 0.000000000 0.000000000 0.000000000 0.000000000 0.000000000 0.000000000
0.000000000 0.000000000 0.000000000 0.000000000 0.000000000 0.000000000 0.000000000 0.000000000 0.000000000 0.000000000 35.929822780 2.789994979 0.000000000 0.000000000 0.000000000 0.000000000 0.000000000 0.000000000 0.000000000 0.000000000 0.000000000 0.000000000 0.000000000 0.000000000 0.000000000 0.000000000 0.000000000 0.000000000 0.000000000 0.000000000 0.000000000 0.000000000 0.000000000 0.000000000 0.000000000 0.000000000 0.000000000 0.000000000 0.000000000 0.000000000
0.000000000 0.000000000 0.000000000 0.000000000 0.000000000 0.000000000 0.000000000 0.000000000 0.000000000 0.000000000 35.936760361 2.790280394 0.000000000 0.000000000 0.000000000 0.000000000 0.000000000 0.000000000 0.000000000 0.000000000 0.000000000 0.000000000 0.000000000 0.000000000 0.000000000 0.000000000 0.000000000 0.000000000 0.000000000 0.000000000 0.000000000 0.000000000 0.000000000 0.000000000 0.000000000 0.000000000 0.000000000 0.000000000 0.000000000 0.000000000
0.000000000 0.000000000 0.000000000 0.000000000 0.000000000 0.000000000 0.000000000 0.000000000 0.000000000 0.000000000 35.943682728 2.790471488 0.000000000 0.000000000 0.000000000 0.000000000 0.000000000 0.000000000 0.000000000 0.000000000 0.000000000 0.000000000 0.000000000 0.000000000 0.000000000 0.000000000 0.000000000 0.000000000 0.000000000 0.000000000 0.000000000 0.000000000 0.000000000 0.000000000 0.000000000 0.000000000 0.000000000 0.000000000 0.000000000 0.000000000
0.000000000 0.000000000 0.000000000 0.000000000 0.000000000 0.000000000 0.000000000 0.000000000 0.000000000 0.000000000 35.950595585 2.790868102 0.000000000 0.000000000 0.000000000 0.000000000 0.000000000 0.000000000 0.000000000 0.000000000 0.000000000 0.000000000 0.000000000 0.000000000 0.000000000 0.000000000 0.000000000 0.000000000 0.000000000 0.000000000 0.000000000 0.000000000 0.000000000 0.000000000 0.000000000 0.000000000 0.000000000 0.000000000 0.000000000 0.000000000
0.000000000 0.000000000 0.000000000 0.000000000 0.000000000 0.000000000 0.000000000 0.000000000 0.000000000 0.000000000 35.957498054 2.791513605 0.000000000 0.000000000 0.000000000 0.000000000 0.000000000 0.000000000 0.000000000 0.000000000 0.000000000 0.000000000 0.000000000 0.000000000 0.000000000 0.000000000 0.000000000 0.000000000 0.000000000 0.000000000 0.000000000 0.000000000 0.000000000 0.000000000 0.000000000 0.000000000 0.000000000 0.000000000 0.000000000 0.000000000
0.000000000 0.000000000 0.000000000 0.000000000 0.000000000 0.000000000 0.000000000 0.000000000 0.000000000 0.000000000 35.964395809 2.792084935 0.000000000 0.000000000 0.000000000 0.000000000 0.000000000 0.000000000 0.000000000 0.000000000 0.000000000 0.000000000 0.000000000 0.000000000 0.000000000 0.000000000 0.000000000 0.000000000 0.000000000 0.000000000 0.000000000 0.000000000 0.000000000 0.000000000 0.000000000 0.000000000 0.000000000 0.000000000 0.000000000 0.000000000
0.000000000 0.000000000 0.000000000 0.000000000 0.000000000 0.000000000 0.000000000 0.000000000 0.000000000 0.000000000 35.971289609 2.792336478 0.000000000 0.000000000 0.000000000 0.000000000 0.000000000 0.000000000 0.000000000 0.000000000 0.000000000 0.000000000 0.000000000 0.000000000 0.000000000 0.000000000 0.000000000 0.000000000 0.000000000 0.000000000 0.000000000 0.000000000 0.000000000 0.000000000 0.000000000 0.000000000 0.000000000 0.000000000 0.000000000 0.000000000
0.000000000 0.000000000 0.000000000 0.000000000 0.000000000 0.000000000 0.000000000 0.000000000 0.000000000 0.000000000 35.978178407 2.793103475 0.000000000 0.000000000 0.000000000 0.000000000 0.000000000 0.000000000 0.000000000 0.000000000 0.000000000 0.000000000 0.000000000 0.000000000 0.000000000 0.000000000 0.000000000 0.000000000 0.000000000 0.000000000 0.000000000 0.000000000 0.000000000 0.000000000 0.000000000 0.000000000 0.000000000 0.000000000 0.000000000 0.000000000
0.000000000 0.000000000 0.000000000 0.000000000 0.000000000 0.000000000 0.000000000 0.000000000 0.000000000 0.000000000 35.985078690 2.794372249 0.000000000 0.000000000 0.000000000 0.000000000 0.000000000 0.000000000 0.000000000 0.000000000 0.000000000 0.000000000 0.000000000 0.000000000 0.000000000 0.000000000 0.000000000 0.000000000 0.000000000 0.000000000 0.000000000 0.000000000 0.000000000 0.000000000 0.000000000 0.000000000 0.000000000 0.000000000 0.000000000 0.000000000
0.000000000 0.000000000 0.000000000 0.000000000 0.000000000 0.000000000 0.000000000 0.000000000 0.000000000 0.000000000 35.991979019 2.795415200 0.000000000 0.000000000 0.000000000 0.000000000 0.000000000 0.000000000 0.000000000 0.000000000 0.000000000 0.000000000 0.000000000 0.000000000 0.000000000 0.000000000 0.000000000 0.000000000 0.000000000 0.000000000 0.000000000 0.000000000 0.000000000 0.000000000 0.000000000 0.000000000 0.000000000 0.000000000 0.000000000 0.000000000
0.000000000 0.000000000 0.000000000 0.000000000 0.000000000 0.000000000 0.000000000 0.000000000 0.000000000 0.000000000 35.998881168 2.796090824 0.000000000 0.000000000 0.000000000 0.000000000 0.000000000 0.000000000 0.000000000 0.000000000 0.000000000 0.000000000 0.000000000 0.000000000 0.000000000 0.000000000 0.000000000 0.000000000 0.000000000 0.000000000 0.000000000 0.000000000 0.000000000 0.000000000 0.000000000 0.000000000 0.000000000 0.000000000 0.000000000 0.000000000
0.000000000 0.000000000 0.000000000 0.000000000 0.000000000 0.000000000 0.000000000 0.000000000 0.000000000 0.000000000 36.005775187 2.796523151 0.000000000 0.000000000 0.000000000 0.000000000 0.000000000 0.000000000 0.000000000 0.000000000 0.000000000 0.000000000 0.000000000 0.000000000 0.000000000 0.000000000 0.000000000 0.000000000 0.000000000 0.000000000 0.000000000 0.000000000 0.000000000 0.000000000 0.000000000 0.000000000 0.000000000 0.000000000 0.000000000 0.000000000
0.000000000 0.000000000 0.000000000 0.000000000 0.000000000 0.000000000 0.000000000 0.000000000 0.000000000 0.000000000 36.012656296 2.796604988 0.000000000 0.000000000 0.000000000 0.000000000 0.000000000 0.000000000 0.000000000 0.000000000 0.000000000 0.000000000 0.000000000 0.000000000 0.000000000 0.000000000 0.000000000 0.000000000 0.000000000 0.000000000 0.000000000 0.000000000 0.000000000 0.000000000 0.000000000 0.000000000 0.000000000 0.000000000 0.000000000 0.000000000
0.000000000 0.000000000 0.000000000 0.000000000 0.000000000 0.000000000 0.000000000 0.000000000 0.000000000 0.000000000 36.019523451 2.796490725 0.000000000 0.000000000 0.000000000 0.000000000 0.000000000 0.000000000 0.000000000 0.000000000 0.000000000 0.000000000 0.000000000 0.000000000 0.000000000 0.000000000 0.000000000 0.000000000 0.000000000 0.000000000 0.000000000 0.000000000 0.000000000 0.000000000 0.000000000 0.000000000 0.000000000 0.000000000 0.000000000 0.000000000
0.000000000 0.000000000 0.000000000 0.000000000 0.000000000 0.000000000 0.000000000 0.000000000 0.000000000 0.000000000 36.026382055 2.796462351 0.000000000 0.000000000 0.000000000 0.000000000 0.000000000 0.000000000 0.000000000 0.000000000 0.000000000 0.000000000 0.000000000 0.000000000 0.000000000 0.000000000 0.000000000 0.000000000 0.000000000 0.000000000 0.000000000 0.000000000 0.000000000 0.000000000 0.000000000 0.000000000 0.000000000 0.000000000 0.000000000 0.000000000
0.000000000 0.000000000 0.000000000 0.000000000 0.000000000 0.000000000 0.000000000 0.000000000 0.000000000 0.000000000 36.033229943 2.796391546 0.000000000 0.000000000 0.000000000 0.000000000 0.000000000 0.000000000 0.000000000 0.000000000 0.000000000 0.000000000 0.000000000 0.000000000 0.000000000 0.000000000 0.000000000 0.000000000 0.000000000 0.000000000 0.000000000 0.000000000 0.000000000 0.000000000 0.000000000 0.000000000 0.000000000 0.000000000 0.000000000 0.000000000
0.000000000 0.000000000 0.000000000 0.000000000 0.000000000 0.000000000 0.000000000 0.000000000 0.000000000 0.000000000 36.040064464 2.796416617 0.000000000 0.000000000 0.000000000 0.000000000 0.000000000 0.000000000 0.000000000 0.000000000 0.000000000 0.000000000 0.000000000 0.000000000 0.000000000 0.000000000 0.000000000 0.000000000 0.000000000 0.000000000 0.000000000 0.000000000 0.000000000 0.000000000 0.000000000 0.000000000 0.000000000 0.000000000 0.000000000 0.000000000
0.000000000 0.000000000 0.000000000 0.000000000 0.000000000 0.000000000 0.000000000 0.000000000 0.000000000 0.000000000 36.046876672 2.796431850 0.000000000 0.000000000 0.000000000 0.000000000 0.000000000 0.000000000 0.000000000 0.000000000 0.000000000 0.000000000 0.000000000 0.000000000 0.000000000 0.000000000 0.000000000 0.000000000 0.000000000 0.000000000 0.000000000 0.000000000 0.000000000 0.000000000 0.000000000 0.000000000 0.000000000 0.000000000 0.000000000 0.000000000
0.000000000 0.000000000 0.000000000 0.000000000 0.000000000 0.000000000 0.000000000 0.000000000 0.000000000 0.000000000 36.053666427 2.796069354 0.000000000 0.000000000 0.000000000 0.000000000 0.000000000 0.000000000 0.000000000 0.000000000 0.000000000 0.000000000 0.000000000 0.000000000 0.000000000 0.000000000 0.000000000 0.000000000 0.000000000 0.000000000 0.000000000 0.000000000 0.000000000 0.000000000 0.000000000 0.000000000 0.000000000 0.000000000 0.000000000 0.000000000
0.000000000 0.000000000 0.000000000 0.000000000 0.000000000 0.000000000 0.000000000 0.000000000 0.000000000 0.000000000 36.060432185 2.795466890 0.000000000 0.000000000 0.000000000 0.000000000 0.000000000 0.000000000 0.000000000 0.000000000 0.000000000 0.000000000 0.000000000 0.000000000 0.000000000 0.000000000 0.000000000 0.000000000 0.000000000 0.000000000 0.000000000 0.000000000 0.000000000 0.000000000 0.000000000 0.000000000 0.000000000 0.000000000 0.000000000 0.000000000
0.000000000 0.000000000 0.000000000 0.000000000 0.000000000 0.000000000 0.000000000 0.000000000 0.000000000 0.000000000 36.067157784 2.795049815 0.000000000 0.000000000 0.000000000 0.000000000 0.000000000 0.000000000 0.000000000 0.000000000 0.000000000 0.000000000 0.000000000 0.000000000 0.000000000 0.000000000 0.000000000 0.000000000 0.000000000 0.000000000 0.000000000 0.000000000 0.000000000 0.000000000 0.000000000 0.000000000 0.000000000 0.000000000 0.000000000 0.000000000
0.000000000 0.000000000 0.000000000 0.000000000 0.000000000 0.000000000 0.000000000 0.000000000 0.000000000 0.000000000 36.073852406 2.795094871 0.000000000 0.000000000 0.000000000 0.000000000 0.000000000 0.000000000 0.000000000 0.000000000 0.000000000 0.000000000 0.000000000 0.000000000 0.000000000 0.000000000 0.000000000 0.000000000 0.000000000 0.000000000 0.000000000 0.000000000 0.000000000 0.000000000 0.000000000 0.000000000 0.000000000 0.000000000 0.000000000 0.000000000
0.000000000 0.000000000 0.000000000 0.000000000 0.000000000 0.000000000 0.000000000 0.000000000 0.000000000 0.000000000 36.080522696 2.795464792 0.000000000 0.000000000 0.000000000 0.000000000 0.000000000 0.000000000 0.000000000 0.000000000 0.000000000 0.000000000 0.000000000 0.000000000 0.000000000 0.000000000 0.000000000 0.000000000 0.000000000 0.000000000 0.000000000 0.000000000 0.000000000 0.000000000 0.000000000 0.000000000 0.000000000 0.000000000 0.000000000 0.000000000
0.000000000 0.000000000 0.000000000 0.000000000 0.000000000 0.000000000 0.000000000 0.000000000 0.000000000 0.000000000 36.087171754 2.796042164 0.000000000 0.000000000 0.000000000 0.000000000 0.000000000 0.000000000 0.000000000 0.000000000 0.000000000 0.000000000 0.000000000 0.000000000 0.000000000 0.000000000 0.000000000 0.000000000 0.000000000 0.000000000 0.000000000 0.000000000 0.000000000 0.000000000 0.000000000 0.000000000 0.000000000 0.000000000 0.000000000 0.000000000
0.000000000 0.000000000 0.000000000 0.000000000 0.000000000 0.000000000 0.000000000 0.000000000 0.000000000 0.000000000 36.093812942 2.796919459 0.000000000 0.000000000 0.000000000 0.000000000 0.000000000 0.000000000 0.000000000 0.000000000 0.000000000 0.000000000 0.000000000 0.000000000 0.000000000 0.000000000 0.000000000 0.000000000 0.000000000 0.000000000 0.000000000 0.000000000 0.000000000 0.000000000 0.000000000 0.000000000 0.000000000 0.000000000 0.000000000 0.000000000
0.000000000 0.000000000 0.000000000 0.000000000 0.000000000 0.000000000 0.000000000 0.000000000 0.000000000 0.000000000 36.100436206 2.798012074 0.000000000 0.000000000 0.000000000 0.000000000 0.000000000 0.000000000 0.000000000 0.000000000 0.000000000 0.000000000 0.000000000 0.000000000 0.000000000 0.000000000 0.000000000 0.000000000 0.000000000 0.000000000 0.000000000 0.000000000 0.000000000 0.000000000 0.000000000 0.000000000 0.000000000 0.000000000 0.000000000 0.000000000
0.000000000 0.000000000 0.000000000 0.000000000 0.000000000 0.000000000 0.000000000 0.000000000 0.000000000 0.000000000 36.107057507 2.798948147 0.000000000 0.000000000 0.000000000 0.000000000 0.000000000 0.000000000 0.000000000 0.000000000 0.000000000 0.000000000 0.000000000 0.000000000 0.000000000 0.000000000 0.000000000 0.000000000 0.000000000 0.000000000 0.000000000 0.000000000 0.000000000 0.000000000 0.000000000 0.000000000 0.000000000 0.000000000 0.000000000 0.000000000
0.000000000 0.000000000 0.000000000 0.000000000 0.000000000 0.000000000 0.000000000 0.000000000 0.000000000 0.000000000 36.113671546 2.799756212 0.000000000 0.000000000 0.000000000 0.000000000 0.000000000 0.000000000 0.000000000 0.000000000 0.000000000 0.000000000 0.000000000 0.000000000 0.000000000 0.000000000 0.000000000 0.000000000 0.000000000 0.000000000 0.000000000 0.000000000 0.000000000 0.000000000 0.000000000 0.000000000 0.000000000 0.000000000 0.000000000 0.000000000
0.000000000 0.000000000 0.000000000 0.000000000 0.000000000 0.000000000 0.000000000 0.000000000 0.000000000 0.000000000 36.120294001 2.800378229 0.000000000 0.000000000 0.000000000 0.000000000 0.000000000 0.000000000 0.000000000 0.000000000 0.000000000 0.000000000 0.000000000 0.000000000 0.000000000 0.000000000 0.000000000 0.000000000 0.000000000 0.000000000 0.000000000 0.000000000 0.000000000 0.000000000 0.000000000 0.000000000 0.000000000 0.000000000 0.000000000 0.000000000
0.000000000 0.000000000 0.000000000 0.000000000 0.000000000 0.000000000 0.000000000 0.000000000 0.000000000 0.000000000 36.126917848 2.800542136 0.000000000 0.000000000 0.000000000 0.000000000 0.000000000 0.000000000 0.000000000 0.000000000 0.000000000 0.000000000 0.000000000 0.000000000 0.000000000 0.000000000 0.000000000 0.000000000 0.000000000 0.000000000 0.000000000 0.000000000 0.000000000 0.000000000 0.000000000 0.000000000 0.000000000 0.000000000 0.000000000 0.000000000
0.000000000 0.000000000 0.000000000 0.000000000 0.000000000 0.000000000 0.000000000 0.000000000 0.000000000 0.000000000 36.133541550 2.800399134 0.000000000 0.000000000 0.000000000 0.000000000 0.000000000 0.000000000 0.000000000 0.000000000 0.000000000 0.000000000 0.000000000 0.000000000 0.000000000 0.000000000 0.000000000 0.000000000 0.000000000 0.000000000 0.000000000 0.000000000 0.000000000 0.000000000 0.000000000 0.000000000 0.000000000 0.000000000 0.000000000 0.000000000
0.000000000 0.000000000 0.000000000 0.000000000 0.000000000 0.000000000 0.000000000 0.000000000 0.000000000 0.000000000 36.140171339 2.800100008 0.000000000 0.000000000 0.000000000 0.000000000 0.000000000 0.000000000 0.000000000 0.000000000 0.000000000 0.000000000 0.000000000 0.000000000 0.000000000 0.000000000 0.000000000 0.000000000 0.000000000 0.000000000 0.000000000 0.000000000 0.000000000 0.000000000 0.000000000 0.000000000 0.000000000 0.000000000 0.000000000 0.000000000
0.000000000 0.000000000 0.000000000 0.000000000 0.000000000 0.000000000 0.000000000 0.000000000 0.000000000 0.000000000 36.146799126 2.799586071 0.000000000 0.000000000 0.000000000 0.000000000 0.000000000 0.000000000 0.000000000 0.000000000 0.000000000 0.000000000 0.000000000 0.000000000 0.000000000 0.000000000 0.000000000 0.000000000 0.000000000 0.000000000 0.000000000 0.000000000 0.000000000 0.000000000 0.000000000 0.000000000 0.000000000 0.000000000 0.000000000 0.000000000
0.000000000 0.000000000 0.000000000 0.000000000 0.000000000 0.000000000 0.000000000 0.000000000 0.000000000 0.000000000 36.153426242 2.799002641 0.000000000 0.000000000 0.000000000 0.000000000 0.000000000 0.000000000 0.000000000 0.000000000 0.000000000 0.000000000 0.000000000 0.000000000 0.000000000 0.000000000 0.000000000 0.000000000 0.000000000 0.000000000 0.000000000 0.000000000 0.000000000 0.000000000 0.000000000 0.000000000 0.000000000 0.000000000 0.000000000 0.000000000
0.000000000 0.000000000 0.000000000 0.000000000 0.000000000 0.000000000 0.000000000 0.000000000 0.000000000 0.000000000 36.160056329 2.798186131 0.000000000 0.000000000 0.000000000 0.000000000 0.000000000 0.000000000 0.000000000 0.000000000 0.000000000 0.000000000 0.000000000 0.000000000 0.000000000 0.000000000 0.000000000 0.000000000 0.000000000 0.000000000 0.000000000 0.000000000 0.000000000 0.000000000 0.000000000 0.000000000 0.000000000 0.000000000 0.000000000 0.000000000
0.000000000 0.000000000 0.000000000 0.000000000 0.000000000 0.000000000 0.000000000 0.000000000 0.000000000 0.000000000 36.166692168 2.797047789 0.000000000 0.000000000 0.000000000 0.000000000 0.000000000 0.000000000 0.000000000 0.000000000 0.000000000 0.000000000 0.000000000 0.000000000 0.000000000 0.000000000 0.000000000 0.000000000 0.000000000 0.000000000 0.000000000 0.000000000 0.000000000 0.000000000 0.000000000 0.000000000 0.000000000 0.000000000 0.000000000 0.000000000
0.000000000 0.000000000 0.000000000 0.000000000 0.000000000 0.000000000 0.000000000 0.000000000 0.000000000 0.000000000 36.173336250 2.795908555 0.000000000 0.000000000 0.000000000 0.000000000 0.000000000 0.000000000 0.000000000 0.000000000 0.000000000 0.000000000 0.000000000 0.000000000 0.000000000 0.000000000 0.000000000 0.000000000 0.000000000 0.000000000 0.000000000 0.000000000 0.000000000 0.000000000 0.000000000 0.000000000 0.000000000 0.000000000 0.000000000 0.000000000
0.000000000 0.000000000 0.000000000 0.000000000 0.000000000 0.000000000 0.000000000 0.000000000 0.000000000 0.000000000 36.179986691 2.795112552 0.000000000 0.000000000 0.000000000 0.000000000 0.000000000 0.000000000 0.000000000 0.000000000 0.000000000 0.000000000 0.000000000 0.000000000 0.000000000 0.000000000 0.000000000 0.000000000 0.000000000 0.000000000 0.000000000 0.000000000 0.000000000 0.000000000 0.000000000 0.000000000 0.000000000 0.000000000 0.000000000 0.000000000
0.000000000 0.000000000 0.000000000 0.000000000 0.000000000 0.000000000 0.000000000 0.000000000 0.000000000 0.000000000 36.186628764 2.794939595 0.000000000 0.000000000 0.000000000 0.000000000 0.000000000 0.000000000 0.000000000 0.000000000 0.000000000 0.000000000 0.000000000 0.000000000 0.000000000 0.000000000 0.000000000 0.000000000 0.000000000 0.000000000 0.000000000 0.000000000 0.000000000 0.000000000 0.000000000 0.000000000 0.000000000 0.000000000 0.000000000 0.000000000
0.000000000 0.000000000 0.000000000 0.000000000 0.000000000 0.000000000 0.000000000 0.000000000 0.000000000 0.000000000 36.193260781 2.795145530 0.000000000 0.000000000 0.000000000 0.000000000 0.000000000 0.000000000 0.000000000 0.000000000 0.000000000 0.000000000 0.000000000 0.000000000 0.000000000 0.000000000 0.000000000 0.000000000 0.000000000 0.000000000 0.000000000 0.000000000 0.000000000 0.000000000 0.000000000 0.000000000 0.000000000 0.000000000 0.000000000 0.000000000
0.000000000 0.000000000 0.000000000 0.000000000 0.000000000 0.000000000 0.000000000 0.000000000 0.000000000 0.000000000 36.199878970 2.795374895 0.000000000 0.000000000 0.000000000 0.000000000 0.000000000 0.000000000 0.000000000 0.000000000 0.000000000 0.000000000 0.000000000 0.000000000 0.000000000 0.000000000 0.000000000 0.000000000 0.000000000 0.000000000 0.000000000 0.000000000 0.000000000 0.000000000 0.000000000 0.000000000 0.000000000 0.000000000 0.000000000 0.000000000
0.000000000 0.000000000 0.000000000 0.000000000 0.000000000 0.000000000 0.000000000 0.000000000 0.000000000 0.000000000 36.206480644 2.795552805 0.000000000 0.000000000 0.000000000 0.000000000 0.000000000 0.000000000 0.000000000 0.000000000 0.000000000 0.000000000 0.000000000 0.000000000 0.000000000 0.000000000 0.000000000 0.000000000 0.000000000 0.000000000 0.000000000 0.000000000 0.000000000 0.000000000 0.000000000 0.000000000 0.000000000 0.000000000 0.000000000 0.000000000
0.000000000 0.000000000 0.000000000 0.000000000 0.000000000 0.000000000 0.000000000 0.000000000 0.000000000 0.000000000 36.213065603 2.795901096 0.000000000 0.000000000 0.000000000 0.000000000 0.000000000 0.000000000 0.000000000 0.000000000 0.000000000 0.000000000 0.000000000 0.000000000 0.000000000 0.000000000 0.000000000 0.000000000 0.000000000 0.000000000 0.000000000 0.000000000 0.000000000 0.000000000 0.000000000 0.000000000 0.000000000 0.000000000 0.000000000 0.000000000
0.000000000 0.000000000 0.000000000 0.000000000 0.000000000 0.000000000 0.000000000 0.000000000 0.000000000 0.000000000 36.219636948 2.796543237 0.000000000 0.000000000 0.000000000 0.000000000 0.000000000 0.000000000 0.000000000 0.000000000 0.000000000 0.000000000 0.000000000 0.000000000 0.000000000 0.000000000 0.000000000 0.000000000 0.000000000 0.000000000 0.000000000 0.000000000 0.000000000 0.000000000 0.000000000 0.000000000 0.000000000 0.000000000 0.000000000 0.000000000
0.000000000 0.000000000 0.000000000 0.000000000 0.000000000 0.000000000 0.000000000 0.000000000 0.000000000 0.000000000 36.226197588 2.797116361 0.000000000 0.000000000 0.000000000 0.000000000 0.000000000 0.000000000 0.000000000 0.000000000 0.000000000 0.000000000 0.000000000 0.000000000 0.000000000 0.000000000 0.000000000 0.000000000 0.000000000 0.000000000 0.000000000 0.000000000 0.000000000 0.000000000 0.000000000 0.000000000 0.000000000 0.000000000 0.000000000 0.000000000
0.000000000 0.000000000 0.000000000 0.000000000 0.000000000 0.000000000 0.000000000 0.000000000 0.000000000 0.000000000 36.232740447 2.797650246 0.000000000 0.000000000 0.000000000 0.000000000 0.000000000 0.000000000 0.000000000 0.000000000 0.000000000 0.000000000 0.000000000 0.000000000 0.000000000 0.000000000 0.000000000 0.000000000 0.000000000 0.000000000 0.000000000 0.000000000 0.000000000 0.000000000 0.000000000 0.000000000 0.000000000 0.000000000 0.000000000 0.000000000
0.000000000 0.000000000 0.000000000 0.000000000 0.000000000 0.000000000 0.000000000 0.000000000 0.000000000 0.000000000 36.239259482 2.798532313 0.000000000 0.000000000 0.000000000 0.000000000 0.000000000 0.000000000 0.000000000 0.000000000 0.000000000 0.000000000 0.000000000 0.000000000 0.000000000 0.000000000 0.000000000 0.000000000 0.000000000 0.000000000 0.000000000 0.000000000 0.000000000 0.000000000 0.000000000 0.000000000 0.000000000 0.000000000 0.000000000 0.000000000
0.000000000 0.000000000 0.000000000 0.000000000 0.000000000 0.000000000 0.000000000 0.000000000 0.000000000 0.000000000 36.245745173 2.799838186 0.000000000 0.000000000 0.000000000 0.000000000 0.000000000 0.000000000 0.000000000 0.000000000 0.000000000 0.000000000 0.000000000 0.000000000 0.000000000 0.000000000 0.000000000 0.000000000 0.000000000 0.000000000 0.000000000 0.000000000 0.000000000 0.000000000 0.000000000 0.000000000 0.000000000 0.000000000 0.000000000 0.000000000
0.000000000 0.000000000 0.000000000 0.000000000 0.000000000 0.000000000 0.000000000 0.000000000 0.000000000 0.000000000 36.252219230 2.801499771 0.000000000 0.000000000 0.000000000 0.000000000 0.000000000 0.000000000 0.000000000 0.000000000 0.000000000 0.000000000 0.000000000 0.000000000 0.000000000 0.000000000 0.000000000 0.000000000 0.000000000 0.000000000 0.000000000 0.000000000 0.000000000 0.000000000 0.000000000 0.000000000 0.000000000 0.000000000 0.000000000 0.000000000
0.000000000 0.000000000 0.000000000 0.000000000 0.000000000 0.000000000 0.000000000 0.000000000 0.000000000 0.000000000 36.258665218 2.803130826 0.000000000 0.000000000 0.000000000 0.000000000 0.000000000 0.000000000 0.000000000 0.000000000 0.000000000 0.000000000 0.000000000 0.000000000 0.000000000 0.000000000 0.000000000 0.000000000 0.000000000 0.000000000 0.000000000 0.000000000 0.000000000 0.000000000 0.000000000 0.000000000 0.000000000 0.000000000 0.000000000 0.000000000
0.000000000 0.000000000 0.000000000 0.000000000 0.000000000 0.000000000 0.000000000 0.000000000 0.000000000 0.000000000 36.265083900 2.804382935 0.000000000 0.000000000 0.000000000 0.000000000 0.000000000 0.000000000 0.000000000 0.000000000 0.000000000 0.000000000 0.000000000 0.000000000 0.000000000 0.000000000 0.000000000 0.000000000 0.000000000 0.000000000 0.000000000 0.000000000 0.000000000 0.000000000 0.000000000 0.000000000 0.000000000 0.000000000 0.000000000 0.000000000
0.000000000 0.000000000 0.000000000 0.000000000 0.000000000 0.000000000 0.000000000 0.000000000 0.000000000 0.000000000 36.271479169 2.805356961 0.000000000 0.000000000 0.000000000 0.000000000 0.000000000 0.000000000 0.000000000 0.000000000 0.000000000 0.000000000 0.000000000 0.000000000 0.000000000 0.000000000 0.000000000 0.000000000 0.000000000 0.000000000 0.000000000 0.000000000 0.000000000 0.000000000 0.000000000 0.000000000 0.000000000 0.000000000 0.000000000 0.000000000
0.000000000 0.000000000 0.000000000 0.000000000 0.000000000 0.000000000 0.000000000 0.000000000 0.000000000 0.000000000 36.277855490 2.806227064 0.000000000 0.000000000 0.000000000 0.000000000 0.000000000 0.000000000 0.000000000 0.000000000 0.000000000 0.000000000 0.000000000 0.000000000 0.000000000 0.000000000 0.000000000 0.000000000 0.000000000 0.000000000 0.000000000 0.000000000 0.000000000 0.000000000 0.000000000 0.000000000 0.000000000 0.000000000 0.000000000 0.000000000
0.000000000 0.000000000 0.000000000 0.000000000 0.000000000 0.000000000 0.000000000 0.000000000 0.000000000 0.000000000 36.284226401 2.806646565 0.000000000 0.000000000 0.000000000 0.000000000 0.000000000 0.000000000 0.000000000 0.000000000 0.000000000 0.000000000 0.000000000 0.000000000 0.000000000 0.000000000 0.000000000 0.000000000 0.000000000 0.000000000 0.000000000 0.000000000 0.000000000 0.000000000 0.000000000 0.000000000 0.000000000 0.000000000 0.000000000 0.000000000
0.000000000 0.000000000 0.000000000 0.000000000 0.000000000 0.000000000 0.000000000 0.000000000 0.000000000 0.000000000 36.290576547 2.806550444 0.000000000 0.000000000 0.000000000 0.000000000 0.000000000 0.000000000 0.000000000 0.000000000 0.000000000 0.000000000 0.000000000 0.000000000 0.000000000 0.000000000 0.000000000 0.000000000 0.000000000 0.000000000 0.000000000 0.000000000 0.000000000 0.000000000 0.000000000 0.000000000 0.000000000 0.000000000 0.000000000 0.000000000
0.000000000 0.000000000 0.000000000 0.000000000 0.000000000 0.000000000 0.000000000 0.000000000 0.000000000 0.000000000 36.296914431 2.806103885 0.000000000 0.000000000 0.000000000 0.000000000 0.000000000 0.000000000 0.000000000 0.000000000 0.000000000 0.000000000 0.000000000 0.000000000 0.000000000 0.000000000 0.000000000 0.000000000 0.000000000 0.000000000 0.000000000 0.000000000 0.000000000 0.000000000 0.000000000 0.000000000 0.000000000 0.000000000 0.000000000 0.000000000
0.000000000 0.000000000 0.000000000 0.000000000 0.000000000 0.000000000 0.000000000 0.000000000 0.000000000 0.000000000 36.303252347 2.805736470 0.000000000 0.000000000 0.000000000 0.000000000 0.000000000 0.000000000 0.000000000 0.000000000 0.000000000 0.000000000 0.000000000 0.000000000 0.000000000 0.000000000 0.000000000 0.000000000 0.000000000 0.000000000 0.000000000 0.000000000 0.000000000 0.000000000 0.000000000 0.000000000 0.000000000 0.000000000 0.000000000 0.000000000
0.000000000 0.000000000 0.000000000 0.000000000 0.000000000 0.000000000 0.000000000 0.000000000 0.000000000 0.000000000 36.309594311 2.805459759 0.000000000 0.000000000 0.000000000 0.000000000 0.000000000 0.000000000 0.000000000 0.000000000 0.000000000 0.000000000 0.000000000 0.000000000 0.000000000 0.000000000 0.000000000 0.000000000 0.000000000 0.000000000 0.000000000 0.000000000 0.000000000 0.000000000 0.000000000 0.000000000 0.000000000 0.000000000 0.000000000 0.000000000
0.000000000 0.000000000 0.000000000 0.000000000 0.000000000 0.000000000 0.000000000 0.000000000 0.000000000 0.000000000 36.315943047 2.804860883 0.000000000 0.000000000 0.000000000 0.000000000 0.000000000 0.000000000 0.000000000 0.000000000 0.000000000 0.000000000 0.000000000 0.000000000 0.000000000 0.000000000 0.000000000 0.000000000 0.000000000 0.000000000 0.000000000 0.000000000 0.000000000 0.000000000 0.000000000 0.000000000 0.000000000 0.000000000 0.000000000 0.000000000
0.000000000 0.000000000 0.000000000 0.000000000 0.000000000 0.000000000 0.000000000 0.000000000 0.000000000 0.000000000 36.322288649 2.803788880 0.000000000 0.000000000 0.000000000 0.000000000 0.000000000 0.000000000 0.000000000 0.000000000 0.000000000 0.000000000 0.000000000 0.000000000 0.000000000 0.000000000 0.000000000 0.000000000 0.000000000 0.000000000 0.000000000 0.000000000 0.000000000 0.000000000 0.000000000 0.000000000 0.000000000 0.000000000 0.000000000 0.000000000
0.000000000 0.000000000 0.000000000 0.000000000 0.000000000 0.000000000 0.000000000 0.000000000 0.000000000 0.000000000 36.328638025 2.802529630 0.000000000 0.000000000 0.000000000 0.000000000 0.000000000 0.000000000 0.000000000 0.000000000 0.000000000 0.000000000 0.000000000 0.000000000 0.000000000 0.000000000 0.000000000 0.000000000 0.000000000 0.000000000 0.000000000 0.000000000 0.000000000 0.000000000 0.000000000 0.000000000 0.000000000 0.000000000 0.000000000 0.000000000
0.000000000 0.000000000 0.000000000 0.000000000 0.000000000 0.000000000 0.000000000 0.000000000 0.000000000 0.000000000 36.334977286 2.801436018 0.000000000 0.000000000 0.000000000 0.000000000 0.000000000 0.000000000 0.000000000 0.000000000 0.000000000 0.000000000 0.000000000 0.000000000 0.000000000 0.000000000 0.000000000 0.000000000 0.000000000 0.000000000 0.000000000 0.000000000 0.000000000 0.000000000 0.000000000 0.000000000 0.000000000 0.000000000 0.000000000 0.000000000
0.000000000 0.000000000 0.000000000 0.000000000 0.000000000 0.000000000 0.000000000 0.000000000 0.000000000 0.000000000 36.341307344 2.800451296 0.000000000 0.000000000 0.000000000 0.000000000 0.000000000 0.000000000 0.000000000 0.000000000 0.000000000 0.000000000 0.000000000 0.000000000 0.000000000 0.000000000 0.000000000 0.000000000 0.000000000 0.000000000 0.000000000 0.000000000 0.000000000 0.000000000 0.000000000 0.000000000 0.000000000 0.000000000 0.000000000 0.000000000
0.000000000 0.000000000 0.000000000 0.000000000 0.000000000 0.000000000 0.000000000 0.000000000 0.000000000 0.000000000 36.347628314 2.799506835 0.000000000 0.000000000 0.000000000 0.000000000 0.000000000 0.000000000 0.000000000 0.000000000 0.000000000 0.000000000 0.000000000 0.000000000 0.000000000 0.000000000 0.000000000 0.000000000 0.000000000 0.000000000 0.000000000 0.000000000 0.000000000 0.000000000 0.000000000 0.000000000 0.000000000 0.000000000 0.000000000 0.000000000
0.000000000 0.000000000 0.000000000 0.000000000 0.000000000 0.000000000 0.000000000 0.000000000 0.000000000 0.000000000 36.353932906 2.799099682 0.000000000 0.000000000 0.000000000 0.000000000 0.000000000 0.000000000 0.000000000 0.000000000 0.000000000 0.000000000 0.000000000 0.000000000 0.000000000 0.000000000 0.000000000 0.000000000 0.000000000 0.000000000 0.000000000 0.000000000 0.000000000 0.000000000 0.000000000 0.000000000 0.000000000 0.000000000 0.000000000 0.000000000
0.000000000 0.000000000 0.000000000 0.000000000 0.000000000 0.000000000 0.000000000 0.000000000 0.000000000 0.000000000 36.360219356 2.799261241 0.000000000 0.000000000 0.000000000 0.000000000 0.000000000 0.000000000 0.000000000 0.000000000 0.000000000 0.000000000 0.000000000 0.000000000 0.000000000 0.000000000 0.000000000 0.000000000 0.000000000 0.000000000 0.000000000 0.000000000 0.000000000 0.000000000 0.000000000 0.000000000 0.000000000 0.000000000 0.000000000 0.000000000
0.000000000 0.000000000 0.000000000 0.000000000 0.000000000 0.000000000 0.000000000 0.000000000 0.000000000 0.000000000 36.366483071 2.799838200 0.000000000 0.000000000 0.000000000 0.000000000 0.000000000 0.000000000 0.000000000 0.000000000 0.000000000 0.000000000 0.000000000 0.000000000 0.000000000 0.000000000 0.000000000 0.000000000 0.000000000 0.000000000 0.000000000 0.000000000 0.000000000 0.000000000 0.000000000 0.000000000 0.000000000 0.000000000 0.000000000 0.000000000
0.000000000 0.000000000 0.000000000 0.000000000 0.000000000 0.000000000 0.000000000 0.000000000 0.000000000 0.000000000 36.372726471 2.801180586 0.000000000 0.000000000 0.000000000 0.000000000 0.000000000 0.000000000 0.000000000 0.000000000 0.000000000 0.000000000 0.000000000 0.000000000 0.000000000 0.000000000 0.000000000 0.000000000 0.000000000 0.000000000 0.000000000 0.000000000 0.000000000 0.000000000 0.000000000 0.000000000 0.000000000 0.000000000 0.000000000 0.000000000
0.000000000 0.000000000 0.000000000 0.000000000 0.000000000 0.000000000 0.000000000 0.000000000 0.000000000 0.000000000 36.378965561 2.802842338 0.000000000 0.000000000 0.000000000 0.000000000 0.000000000 0.000000000 0.000000000 0.000000000 0.000000000 0.000000000 0.000000000 0.000000000 0.000000000 0.000000000 0.000000000 0.000000000 0.000000000 0.000000000 0.000000000 0.000000000 0.000000000 0.000000000 0.000000000 0.000000000 0.000000000 0.000000000 0.000000000 0.000000000
0.000000000 0.000000000 0.000000000 0.000000000 0.000000000 0.000000000 0.000000000 0.000000000 0.000000000 0.000000000 36.385203275 2.804211496 0.000000000 0.000000000 0.000000000 0.000000000 0.000000000 0.000000000 0.000000000 0.000000000 0.000000000 0.000000000 0.000000000 0.000000000 0.000000000 0.000000000 0.000000000 0.000000000 0.000000000 0.000000000 0.000000000 0.000000000 0.000000000 0.000000000 0.000000000 0.000000000 0.000000000 0.000000000 0.000000000 0.000000000
0.000000000 0.000000000 0.000000000 0.000000000 0.000000000 0.000000000 0.000000000 0.000000000 0.000000000 0.000000000 36.391435354 2.805254657 0.000000000 0.000000000 0.000000000 0.000000000 0.000000000 0.000000000 0.000000000 0.000000000 0.000000000 0.000000000 0.000000000 0.000000000 0.000000000 0.000000000 0.000000000 0.000000000 0.000000000 0.000000000 0.000000000 0.000000000 0.000000000 0.000000000 0.000000000 0.000000000 0.000000000 0.000000000 0.000000000 0.000000000
0.000000000 0.000000000 0.000000000 0.000000000 0.000000000 0.000000000 0.000000000 0.000000000 0.000000000 0.000000000 36.397665021 2.806151786 0.000000000 0.000000000 0.000000000 0.000000000 0.000000000 0.000000000 0.000000000 0.000000000 0.000000000 0.000000000 0.000000000 0.000000000 0.000000000 0.000000000 0.000000000 0.000000000 0.000000000 0.000000000 0.000000000 0.000000000 0.000000000 0.000000000 0.000000000 0.000000000 0.000000000 0.000000000 0.000000000 0.000000000
0.000000000 0.000000000 0.000000000 0.000000000 0.000000000 0.000000000 0.000000000 0.000000000 0.000000000 0.000000000 36.403883495 2.807211884 0.000000000 0.000000000 0.000000000 0.000000000 0.000000000 0.000000000 0.000000000 0.000000000 0.000000000 0.000000000 0.000000000 0.000000000 0.000000000 0.000000000 0.000000000 0.000000000 0.000000000 0.000000000 0.000000000 0.000000000 0.000000000 0.000000000 0.000000000 0.000000000 0.000000000 0.000000000 0.000000000 0.000000000
0.000000000 0.000000000 0.000000000 0.000000000 0.000000000 0.000000000 0.000000000 0.000000000 0.000000000 0.000000000 36.410108349 2.808043906 0.000000000 0.000000000 0.000000000 0.000000000 0.000000000 0.000000000 0.000000000 0.000000000 0.000000000 0.000000000 0.000000000 0.000000000 0.000000000 0.000000000 0.000000000 0.000000000 0.000000000 0.000000000 0.000000000 0.000000000 0.000000000 0.000000000 0.000000000 0.000000000 0.000000000 0.000000000 0.000000000 0.000000000
0.000000000 0.000000000 0.000000000 0.000000000 0.000000000 0.000000000 0.000000000 0.000000000 0.000000000 0.000000000 36.416317457 2.807825501 0.000000000 0.000000000 0.000000000 0.000000000 0.000000000 0.000000000 0.000000000 0.000000000 0.000000000 0.000000000 0.000000000 0.000000000 0.000000000 0.000000000 0.000000000 0.000000000 0.000000000 0.000000000 0.000000000 0.000000000 0.000000000 0.000000000 0.000000000 0.000000000 0.000000000 0.000000000 0.000000000 0.000000000
0.000000000 0.000000000 0.000000000 0.000000000 0.000000000 0.000000000 0.000000000 0.000000000 0.000000000 0.000000000 36.422521697 2.807295662 0.000000000 0.000000000 0.000000000 0.000000000 0.000000000 0.000000000 0.000000000 0.000000000 0.000000000 0.000000000 0.000000000 0.000000000 0.000000000 0.000000000 0.000000000 0.000000000 0.000000000 0.000000000 0.000000000 0.000000000 0.000000000 0.000000000 0.000000000 0.000000000 0.000000000 0.000000000 0.000000000 0.000000000
0.000000000 0.000000000 0.000000000 0.000000000 0.000000000 0.000000000 0.000000000 0.000000000 0.000000000 0.000000000 36.428710235 2.807002424 0.000000000 0.000000000 0.000000000 0.000000000 0.000000000 0.000000000 0.000000000 0.000000000 0.000000000 0.000000000 0.000000000 0.000000000 0.000000000 0.000000000 0.000000000 0.000000000 0.000000000 0.000000000 0.000000000 0.000000000 0.000000000 0.000000000 0.000000000 0.000000000 0.000000000 0.000000000 0.000000000 0.000000000
0.000000000 0.000000000 0.000000000 0.000000000 0.000000000 0.000000000 0.000000000 0.000000000 0.000000000 0.000000000 36.434884643 2.806483160 0.000000000 0.000000000 0.000000000 0.000000000 0.000000000 0.000000000 0.000000000 0.000000000 0.000000000 0.000000000 0.000000000 0.000000000 0.000000000 0.000000000 0.000000000 0.000000000 0.000000000 0.000000000 0.000000000 0.000000000 0.000000000 0.000000000 0.000000000 0.000000000 0.000000000 0.000000000 0.000000000 0.000000000
0.000000000 0.000000000 0.000000000 0.000000000 0.000000000 0.000000000 0.000000000 0.000000000 0.000000000 0.000000000 36.441052941 2.805972913 0.000000000 0.000000000 0.000000000 0.000000000 0.000000000 0.000000000 0.000000000 0.000000000 0.000000000 0.000000000 0.000000000 0.000000000 0.000000000 0.000000000 0.000000000 0.000000000 0.000000000 0.000000000 0.000000000 0.000000000 0.000000000 0.000000000 0.000000000 0.000000000 0.000000000 0.000000000 0.000000000 0.000000000
0.000000000 0.000000000 0.000000000 0.000000000 0.000000000 0.000000000 0.000000000 0.000000000 0.000000000 0.000000000 36.447212584 2.805614742 0.000000000 0.000000000 0.000000000 0.000000000 0.000000000 0.000000000 0.000000000 0.000000000 0.000000000 0.000000000 0.000000000 0.000000000 0.000000000 0.000000000 0.000000000 0.000000000 0.000000000 0.000000000 0.000000000 0.000000000 0.000000000 0.000000000 0.000000000 0.000000000 0.000000000 0.000000000 0.000000000 0.000000000
0.000000000 0.000000000 0.000000000 0.000000000 0.000000000 0.000000000 0.000000000 0.000000000 0.000000000 0.000000000 36.453364559 2.805110159 0.000000000 0.000000000 0.000000000 0.000000000 0.000000000 0.000000000 0.000000000 0.000000000 0.000000000 0.000000000 0.000000000 0.000000000 0.000000000 0.000000000 0.000000000 0.000000000 0.000000000 0.000000000 0.000000000 0.000000000 0.000000000 0.000000000 0.000000000 0.000000000 0.000000000 0.000000000 0.000000000 0.000000000
0.000000000 0.000000000 0.000000000 0.000000000 0.000000000 0.000000000 0.000000000 0.000000000 0.000000000 0.000000000 36.459506331 2.804758901 0.000000000 0.000000000 0.000000000 0.000000000 0.000000000 0.000000000 0.000000000 0.000000000 0.000000000 0.000000000 0.000000000 0.000000000 0.000000000 0.000000000 0.000000000 0.000000000 0.000000000 0.000000000 0.000000000 0.000000000 0.000000000 0.000000000 0.000000000 0.000000000 0.000000000 0.000000000 0.000000000 0.000000000
0.000000000 0.000000000 0.000000000 0.000000000 0.000000000 0.000000000 0.000000000 0.000000000 0.000000000 0.000000000 36.465640243 2.804837772 0.000000000 0.000000000 0.000000000 0.000000000 0.000000000 0.000000000 0.000000000 0.000000000 0.000000000 0.000000000 0.000000000 0.000000000 0.000000000 0.000000000 0.000000000 0.000000000 0.000000000 0.000000000 0.000000000 0.000000000 0.000000000 0.000000000 0.000000000 0.000000000 0.000000000 0.000000000 0.000000000 0.000000000
0.000000000 0.000000000 0.000000000 0.000000000 0.000000000 0.000000000 0.000000000 0.000000000 0.000000000 0.000000000 36.471767974 2.805070417 0.000000000 0.000000000 0.000000000 0.000000000 0.000000000 0.000000000 0.000000000 0.000000000 0.000000000 0.000000000 0.000000000 0.000000000 0.000000000 0.000000000 0.000000000 0.000000000 0.000000000 0.000000000 0.000000000 0.000000000 0.000000000 0.000000000 0.000000000 0.000000000 0.000000000 0.000000000 0.000000000 0.000000000
0.000000000 0.000000000 0.000000000 0.000000000 0.000000000 0.000000000 0.000000000 0.000000000 0.000000000 0.000000000 36.477890464 2.805271037 0.000000000 0.000000000 0.000000000 0.000000000 0.000000000 0.000000000 0.000000000 0.000000000 0.000000000 0.000000000 0.000000000 0.000000000 0.000000000 0.000000000 0.000000000 0.000000000 0.000000000 0.000000000 0.000000000 0.000000000 0.000000000 0.000000000 0.000000000 0.000000000 0.000000000 0.000000000 0.000000000 0.000000000
0.000000000 0.000000000 0.000000000 0.000000000 0.000000000 0.000000000 0.000000000 0.000000000 0.000000000 0.000000000 36.484009818 2.805661778 0.000000000 0.000000000 0.000000000 0.000000000 0.000000000 0.000000000 0.000000000 0.000000000 0.000000000 0.000000000 0.000000000 0.000000000 0.000000000 0.000000000 0.000000000 0.000000000 0.000000000 0.000000000 0.000000000 0.000000000 0.000000000 0.000000000 0.000000000 0.000000000 0.000000000 0.000000000 0.000000000 0.000000000
0.000000000 0.000000000 0.000000000 0.000000000 0.000000000 0.000000000 0.000000000 0.000000000 0.000000000 0.000000000 36.490123214 2.806391625 0.000000000 0.000000000 0.000000000 0.000000000 0.000000000 0.000000000 0.000000000 0.000000000 0.000000000 0.000000000 0.000000000 0.000000000 0.000000000 0.000000000 0.000000000 0.000000000 0.000000000 0.000000000 0.000000000 0.000000000 0.000000000 0.000000000 0.000000000 0.000000000 0.000000000 0.000000000 0.000000000 0.000000000
0.000000000 0.000000000 0.000000000 0.000000000 0.000000000 0.000000000 0.000000000 0.000000000 0.000000000 0.000000000 36.496230764 2.807140826 0.000000000 0.000000000 0.000000000 0.000000000 0.000000000 0.000000000 0.000000000 0.000000000 0.000000000 0.000000000 0.000000000 0.000000000 0.000000000 0.000000000 0.000000000 0.000000000 0.000000000 0.000000000 0.000000000 0.000000000 0.000000000 0.000000000 0.000000000 0.000000000 0.000000000 0.000000000 0.000000000 0.000000000
0.000000000 0.000000000 0.000000000 0.000000000 0.000000000 0.000000000 0.000000000 0.000000000 0.000000000 0.000000000 36.502321380 2.807844294 0.000000000 0.000000000 0.000000000 0.000000000 0.000000000 0.000000000 0.000000000 0.000000000 0.000000000 0.000000000 0.000000000 0.000000000 0.000000000 0.000000000 0.000000000 0.000000000 0.000000000 0.000000000 0.000000000 0.000000000 0.000000000 0.000000000 0.000000000 0.000000000 0.000000000 0.000000000 0.000000000 0.000000000
0.000000000 0.000000000 0.000000000 0.000000000 0.000000000 0.000000000 0.000000000 0.000000000 0.000000000 0.000000000 36.508390926 2.808810914 0.000000000 0.000000000 0.000000000 0.000000000 0.000000000 0.000000000 0.000000000 0.000000000 0.000000000 0.000000000 0.000000000 0.000000000 0.000000000 0.000000000 0.000000000 0.000000000 0.000000000 0.000000000 0.000000000 0.000000000 0.000000000 0.000000000 0.000000000 0.000000000 0.000000000 0.000000000 0.000000000 0.000000000
0.000000000 0.000000000 0.000000000 0.000000000 0.000000000 0.000000000 0.000000000 0.000000000 0.000000000 0.000000000 36.514448162 2.809857434 0.000000000 0.000000000 0.000000000 0.000000000 0.000000000 0.000000000 0.000000000 0.000000000 0.000000000 0.000000000 0.000000000 0.000000000 0.000000000 0.000000000 0.000000000 0.000000000 0.000000000 0.000000000 0.000000000 0.000000000 0.000000000 0.000000000 0.000000000 0.000000000 0.000000000 0.000000000 0.000000000 0.000000000
0.000000000 0.000000000 0.000000000 0.000000000 0.000000000 0.000000000 0.000000000 0.000000000 0.000000000 0.000000000 36.520473258 2.810908753 0.000000000 0.000000000 0.000000000 0.000000000 0.000000000 0.000000000 0.000000000 0.000000000 0.000000000 0.000000000 0.000000000 0.000000000 0.000000000 0.000000000 0.000000000 0.000000000 0.000000000 0.000000000 0.000000000 0.000000000 0.000000000 0.000000000 0.000000000 0.000000000 0.000000000 0.000000000 0.000000000 0.000000000
0.000000000 0.000000000 0.000000000 0.000000000 0.000000000 0.000000000 0.000000000 0.000000000 0.000000000 0.000000000 36.526482397 2.811685784 0.000000000 0.000000000 0.000000000 0.000000000 0.000000000 0.000000000 0.000000000 0.000000000 0.000000000 0.000000000 0.000000000 0.000000000 0.000000000 0.000000000 0.000000000 0.000000000 0.000000000 0.000000000 0.000000000 0.000000000 0.000000000 0.000000000 0.000000000 0.000000000 0.000000000 0.000000000 0.000000000 0.000000000
0.000000000 0.000000000 0.000000000 0.000000000 0.000000000 0.000000000 0.000000000 0.000000000 0.000000000 0.000000000 36.532460222 2.812164832 0.000000000 0.000000000 0.000000000 0.000000000 0.000000000 0.000000000 0.000000000 0.000000000 0.000000000 0.000000000 0.000000000 0.000000000 0.000000000 0.000000000 0.000000000 0.000000000 0.000000000 0.000000000 0.000000000 0.000000000 0.000000000 0.000000000 0.000000000 0.000000000 0.000000000 0.000000000 0.000000000 0.000000000
0.000000000 0.000000000 0.000000000 0.000000000 0.000000000 0.000000000 0.000000000 0.000000000 0.000000000 0.000000000 36.538421937 2.812388223 0.000000000 0.000000000 0.000000000 0.000000000 0.000000000 0.000000000 0.000000000 0.000000000 0.000000000 0.000000000 0.000000000 0.000000000 0.000000000 0.000000000 0.000000000 0.000000000 0.000000000 0.000000000 0.000000000 0.000000000 0.000000000 0.000000000 0.000000000 0.000000000 0.000000000 0.000000000 0.000000000 0.000000000
0.000000000 0.000000000 0.000000000 0.000000000 0.000000000 0.000000000 0.000000000 0.000000000 0.000000000 0.000000000 36.544368917 2.812320643 0.000000000 0.000000000 0.000000000 0.000000000 0.000000000 0.000000000 0.000000000 0.000000000 0.000000000 0.000000000 0.000000000 0.000000000 0.000000000 0.000000000 0.000000000 0.000000000 0.000000000 0.000000000 0.000000000 0.000000000 0.000000000 0.000000000 0.000000000 0.000000000 0.000000000 0.000000000 0.000000000 0.000000000
0.000000000 0.000000000 0.000000000 0.000000000 0.000000000 0.000000000 0.000000000 0.000000000 0.000000000 0.000000000 36.550302146 2.812163278 0.000000000 0.000000000 0.000000000 0.000000000 0.000000000 0.000000000 0.000000000 0.000000000 0.000000000 0.000000000 0.000000000 0.000000000 0.000000000 0.000000000 0.000000000 0.000000000 0.000000000 0.000000000 0.000000000 0.000000000 0.000000000 0.000000000 0.000000000 0.000000000 0.000000000 0.000000000 0.000000000 0.000000000
0.000000000 0.000000000 0.000000000 0.000000000 0.000000000 0.000000000 0.000000000 0.000000000 0.000000000 0.000000000 36.556225168 2.811878598 0.000000000 0.000000000 0.000000000 0.000000000 0.000000000 0.000000000 0.000000000 0.000000000 0.000000000 0.000000000 0.000000000 0.000000000 0.000000000 0.000000000 0.000000000 0.000000000 0.000000000 0.000000000 0.000000000 0.000000000 0.000000000 0.000000000 0.000000000 0.000000000 0.000000000 0.000000000 0.000000000 0.000000000
0.000000000 0.000000000 0.000000000 0.000000000 0.000000000 0.000000000 0.000000000 0.000000000 0.000000000 0.000000000 36.562142707 2.811658882 0.000000000 0.000000000 0.000000000 0.000000000 0.000000000 0.000000000 0.000000000 0.000000000 0.000000000 0.000000000 0.000000000 0.000000000 0.000000000 0.000000000 0.000000000 0.000000000 0.000000000 0.000000000 0.000000000 0.000000000 0.000000000 0.000000000 0.000000000 0.000000000 0.000000000 0.000000000 0.000000000 0.000000000
0.000000000 0.000000000 0.000000000 0.000000000 0.000000000 0.000000000 0.000000000 0.000000000 0.000000000 0.000000000 36.568060634 2.811233338 0.000000000 0.000000000 0.000000000 0.000000000 0.000000000 0.000000000 0.000000000 0.000000000 0.000000000 0.000000000 0.000000000 0.000000000 0.000000000 0.000000000 0.000000000 0.000000000 0.000000000 0.000000000 0.000000000 0.000000000 0.000000000 0.000000000 0.000000000 0.000000000 0.000000000 0.000000000 0.000000000 0.000000000
0.000000000 0.000000000 0.000000000 0.000000000 0.000000000 0.000000000 0.000000000 0.000000000 0.000000000 0.000000000 36.573983208 2.810734128 0.000000000 0.000000000 0.000000000 0.000000000 0.000000000 0.000000000 0.000000000 0.000000000 0.000000000 0.000000000 0.000000000 0.000000000 0.000000000 0.000000000 0.000000000 0.000000000 0.000000000 0.000000000 0.000000000 0.000000000 0.000000000 0.000000000 0.000000000 0.000000000 0.000000000 0.000000000 0.000000000 0.000000000
0.000000000 0.000000000 0.000000000 0.000000000 0.000000000 0.000000000 0.000000000 0.000000000 0.000000000 0.000000000 36.579906650 2.810315472 0.000000000 0.000000000 0.000000000 0.000000000 0.000000000 0.000000000 0.000000000 0.000000000 0.000000000 0.000000000 0.000000000 0.000000000 0.000000000 0.000000000 0.000000000 0.000000000 0.000000000 0.000000000 0.000000000 0.000000000 0.000000000 0.000000000 0.000000000 0.000000000 0.000000000 0.000000000 0.000000000 0.000000000
0.000000000 0.000000000 0.000000000 0.000000000 0.000000000 0.000000000 0.000000000 0.000000000 0.000000000 0.000000000 36.585831345 2.809812658 0.000000000 0.000000000 0.000000000 0.000000000 0.000000000 0.000000000 0.000000000 0.000000000 0.000000000 0.000000000 0.000000000 0.000000000 0.000000000 0.000000000 0.000000000 0.000000000 0.000000000 0.000000000 0.000000000 0.000000000 0.000000000 0.000000000 0.000000000 0.000000000 0.000000000 0.000000000 0.000000000 0.000000000
0.000000000 0.000000000 0.000000000 0.000000000 0.000000000 0.000000000 0.000000000 0.000000000 0.000000000 0.000000000 36.591756917 2.809611389 0.000000000 0.000000000 0.000000000 0.000000000 0.000000000 0.000000000 0.000000000 0.000000000 0.000000000 0.000000000 0.000000000 0.000000000 0.000000000 0.000000000 0.000000000 0.000000000 0.000000000 0.000000000 0.000000000 0.000000000 0.000000000 0.000000000 0.000000000 0.000000000 0.000000000 0.000000000 0.000000000 0.000000000
0.000000000 0.000000000 0.000000000 0.000000000 0.000000000 0.000000000 0.000000000 0.000000000 0.000000000 0.000000000 36.597681981 2.809552459 0.000000000 0.000000000 0.000000000 0.000000000 0.000000000 0.000000000 0.000000000 0.000000000 0.000000000 0.000000000 0.000000000 0.000000000 0.000000000 0.000000000 0.000000000 0.000000000 0.000000000 0.000000000 0.000000000 0.000000000 0.000000000 0.000000000 0.000000000 0.000000000 0.000000000 0.000000000 0.000000000 0.000000000
0.000000000 0.000000000 0.000000000 0.000000000 0.000000000 0.000000000 0.000000000 0.000000000 0.000000000 0.000000000 36.603609663 2.809283944 0.000000000 0.000000000 0.000000000 0.000000000 0.000000000 0.000000000 0.000000000 0.000000000 0.000000000 0.000000000 0.000000000 0.000000000 0.000000000 0.000000000 0.000000000 0.000000000 0.000000000 0.000000000 0.000000000 0.000000000 0.000000000 0.000000000 0.000000000 0.000000000 0.000000000 0.000000000 0.000000000 0.000000000
0.000000000 0.000000000 0.000000000 0.000000000 0.000000000 0.000000000 0.000000000 0.000000000 0.000000000 0.000000000 36.609537480 2.808920895 0.000000000 0.000000000 0.000000000 0.000000000 0.000000000 0.000000000 0.000000000 0.000000000 0.000000000 0.000000000 0.000000000 0.000000000 0.000000000 0.000000000 0.000000000 0.000000000 0.000000000 0.000000000 0.000000000 0.000000000 0.000000000 0.000000000 0.000000000 0.000000000 0.000000000 0.000000000 0.000000000 0.000000000
0.000000000 0.000000000 0.000000000 0.000000000 0.000000000 0.000000000 0.000000000 0.000000000 0.000000000 0.000000000 36.615456929 2.808538985 0.000000000 0.000000000 0.000000000 0.000000000 0.000000000 0.000000000 0.000000000 0.000000000 0.000000000 0.000000000 0.000000000 0.000000000 0.000000000 0.000000000 0.000000000 0.000000000 0.000000000 0.000000000 0.000000000 0.000000000 0.000000000 0.000000000 0.000000000 0.000000000 0.000000000 0.000000000 0.000000000 0.000000000
0.000000000 0.000000000 0.000000000 0.000000000 0.000000000 0.000000000 0.000000000 0.000000000 0.000000000 0.000000000 36.621370271 2.807916488 0.000000000 0.000000000 0.000000000 0.000000000 0.000000000 0.000000000 0.000000000 0.000000000 0.000000000 0.000000000 0.000000000 0.000000000 0.000000000 0.000000000 0.000000000 0.000000000 0.000000000 0.000000000 0.000000000 0.000000000 0.000000000 0.000000000 0.000000000 0.000000000 0.000000000 0.000000000 0.000000000 0.000000000
0.000000000 0.000000000 0.000000000 0.000000000 0.000000000 0.000000000 0.000000000 0.000000000 0.000000000 0.000000000 36.627281034 2.807354521 0.000000000 0.000000000 0.000000000 0.000000000 0.000000000 0.000000000 0.000000000 0.000000000 0.000000000 0.000000000 0.000000000 0.000000000 0.000000000 0.000000000 0.000000000 0.000000000 0.000000000 0.000000000 0.000000000 0.000000000 0.000000000 0.000000000 0.000000000 0.000000000 0.000000000 0.000000000 0.000000000 0.000000000
0.000000000 0.000000000 0.000000000 0.000000000 0.000000000 0.000000000 0.000000000 0.000000000 0.000000000 0.000000000 36.633182324 2.807259068 0.000000000 0.000000000 0.000000000 0.000000000 0.000000000 0.000000000 0.000000000 0.000000000 0.000000000 0.000000000 0.000000000 0.000000000 0.000000000 0.000000000 0.000000000 0.000000000 0.000000000 0.000000000 0.000000000 0.000000000 0.000000000 0.000000000 0.000000000 0.000000000 0.000000000 0.000000000 0.000000000 0.000000000
0.000000000 0.000000000 0.000000000 0.000000000 0.000000000 0.000000000 0.000000000 0.000000000 0.000000000 0.000000000 36.639071606 2.807698269 0.000000000 0.000000000 0.000000000 0.000000000 0.000000000 0.000000000 0.000000000 0.000000000 0.000000000 0.000000000 0.000000000 0.000000000 0.000000000 0.000000000 0.000000000 0.000000000 0.000000000 0.000000000 0.000000000 0.000000000 0.000000000 0.000000000 0.000000000 0.000000000 0.000000000 0.000000000 0.000000000 0.000000000
0.000000000 0.000000000 0.000000000 0.000000000 0.000000000 0.000000000 0.000000000 0.000000000 0.000000000 0.000000000 36.644951619 2.808520979 0.000000000 0.000000000 0.000000000 0.000000000 0.000000000 0.000000000 0.000000000 0.000000000 0.000000000 0.000000000 0.000000000 0.000000000 0.000000000 0.000000000 0.000000000 0.000000000 0.000000000 0.000000000 0.000000000 0.000000000 0.000000000 0.000000000 0.000000000 0.000000000 0.000000000 0.000000000 0.000000000 0.000000000
0.000000000 0.000000000 0.000000000 0.000000000 0.000000000 0.000000000 0.000000000 0.000000000 0.000000000 0.000000000 36.650817325 2.809243158 0.000000000 0.000000000 0.000000000 0.000000000 0.000000000 0.000000000 0.000000000 0.000000000 0.000000000 0.000000000 0.000000000 0.000000000 0.000000000 0.000000000 0.000000000 0.000000000 0.000000000 0.000000000 0.000000000 0.000000000 0.000000000 0.000000000 0.000000000 0.000000000 0.000000000 0.000000000 0.000000000 0.000000000
0.000000000 0.000000000 0.000000000 0.000000000 0.000000000 0.000000000 0.000000000 0.000000000 0.000000000 0.000000000 36.656657313 2.810046877 0.000000000 0.000000000 0.000000000 0.000000000 0.000000000 0.000000000 0.000000000 0.000000000 0.000000000 0.000000000 0.000000000 0.000000000 0.000000000 0.000000000 0.000000000 0.000000000 0.000000000 0.000000000 0.000000000 0.000000000 0.000000000 0.000000000 0.000000000 0.000000000 0.000000000 0.000000000 0.000000000 0.000000000
0.000000000 0.000000000 0.000000000 0.000000000 0.000000000 0.000000000 0.000000000 0.000000000 0.000000000 0.000000000 36.662483823 2.810702699 0.000000000 0.000000000 0.000000000 0.000000000 0.000000000 0.000000000 0.000000000 0.000000000 0.000000000 0.000000000 0.000000000 0.000000000 0.000000000 0.000000000 0.000000000 0.000000000 0.000000000 0.000000000 0.000000000 0.000000000 0.000000000 0.000000000 0.000000000 0.000000000 0.000000000 0.000000000 0.000000000 0.000000000
0.000000000 0.000000000 0.000000000 0.000000000 0.000000000 0.000000000 0.000000000 0.000000000 0.000000000 0.000000000 36.668283704 2.810946369 0.000000000 0.000000000 0.000000000 0.000000000 0.000000000 0.000000000 0.000000000 0.000000000 0.000000000 0.000000000 0.000000000 0.000000000 0.000000000 0.000000000 0.000000000 0.000000000 0.000000000 0.000000000 0.000000000 0.000000000 0.000000000 0.000000000 0.000000000 0.000000000 0.000000000 0.000000000 0.000000000 0.000000000
0.000000000 0.000000000 0.000000000 0.000000000 0.000000000 0.000000000 0.000000000 0.000000000 0.000000000 0.000000000 36.674057655 2.811368261 0.000000000 0.000000000 0.000000000 0.000000000 0.000000000 0.000000000 0.000000000 0.000000000 0.000000000 0.000000000 0.000000000 0.000000000 0.000000000 0.000000000 0.000000000 0.000000000 0.000000000 0.000000000 0.000000000 0.000000000 0.000000000 0.000000000 0.000000000 0.000000000 0.000000000 0.000000000 0.000000000 0.000000000
0.000000000 0.000000000 0.000000000 0.000000000 0.000000000 0.000000000 0.000000000 0.000000000 0.000000000 0.000000000 36.679814037 2.812166989 0.000000000 0.000000000 0.000000000 0.000000000 0.000000000 0.000000000 0.000000000 0.000000000 0.000000000 0.000000000 0.000000000 0.000000000 0.000000000 0.000000000 0.000000000 0.000000000 0.000000000 0.000000000 0.000000000 0.000000000 0.000000000 0.000000000 0.000000000 0.000000000 0.000000000 0.000000000 0.000000000 0.000000000
0.000000000 0.000000000 0.000000000 0.000000000 0.000000000 0.000000000 0.000000000 0.000000000 0.000000000 0.000000000 36.685565675 2.812952939 0.000000000 0.000000000 0.000000000 0.000000000 0.000000000 0.000000000 0.000000000 0.000000000 0.000000000 0.000000000 0.000000000 0.000000000 0.000000000 0.000000000 0.000000000 0.000000000 0.000000000 0.000000000 0.000000000 0.000000000 0.000000000 0.000000000 0.000000000 0.000000000 0.000000000 0.000000000 0.000000000 0.000000000
0.000000000 0.000000000 0.000000000 0.000000000 0.000000000 0.000000000 0.000000000 0.000000000 0.000000000 0.000000000 36.691311252 2.813402515 0.000000000 0.000000000 0.000000000 0.000000000 0.000000000 0.000000000 0.000000000 0.000000000 0.000000000 0.000000000 0.000000000 0.000000000 0.000000000 0.000000000 0.000000000 0.000000000 0.000000000 0.000000000 0.000000000 0.000000000 0.000000000 0.000000000 0.000000000 0.000000000 0.000000000 0.000000000 0.000000000 0.000000000
0.000000000 0.000000000 0.000000000 0.000000000 0.000000000 0.000000000 0.000000000 0.000000000 0.000000000 0.000000000 36.697051737 2.813590566 0.000000000 0.000000000 0.000000000 0.000000000 0.000000000 0.000000000 0.000000000 0.000000000 0.000000000 0.000000000 0.000000000 0.000000000 0.000000000 0.000000000 0.000000000 0.000000000 0.000000000 0.000000000 0.000000000 0.000000000 0.000000000 0.000000000 0.000000000 0.000000000 0.000000000 0.000000000 0.000000000 0.000000000
0.000000000 0.000000000 0.000000000 0.000000000 0.000000000 0.000000000 0.000000000 0.000000000 0.000000000 0.000000000 36.702785713 2.813917930 0.000000000 0.000000000 0.000000000 0.000000000 0.000000000 0.000000000 0.000000000 0.000000000 0.000000000 0.000000000 0.000000000 0.000000000 0.000000000 0.000000000 0.000000000 0.000000000 0.000000000 0.000000000 0.000000000 0.000000000 0.000000000 0.000000000 0.000000000 0.000000000 0.000000000 0.000000000 0.000000000 0.000000000
0.000000000 0.000000000 0.000000000 0.000000000 0.000000000 0.000000000 0.000000000 0.000000000 0.000000000 0.000000000 36.708507110 2.814057092 0.000000000 0.000000000 0.000000000 0.000000000 0.000000000 0.000000000 0.000000000 0.000000000 0.000000000 0.000000000 0.000000000 0.000000000 0.000000000 0.000000000 0.000000000 0.000000000 0.000000000 0.000000000 0.000000000 0.000000000 0.000000000 0.000000000 0.000000000 0.000000000 0.000000000 0.000000000 0.000000000 0.000000000
0.000000000 0.000000000 0.000000000 0.000000000 0.000000000 0.000000000 0.000000000 0.000000000 0.000000000 0.000000000 36.714217710 2.813728880 0.000000000 0.000000000 0.000000000 0.000000000 0.000000000 0.000000000 0.000000000 0.000000000 0.000000000 0.000000000 0.000000000 0.000000000 0.000000000 0.000000000 0.000000000 0.000000000 0.000000000 0.000000000 0.000000000 0.000000000 0.000000000 0.000000000 0.000000000 0.000000000 0.000000000 0.000000000 0.000000000 0.000000000
0.000000000 0.000000000 0.000000000 0.000000000 0.000000000 0.000000000 0.000000000 0.000000000 0.000000000 0.000000000 36.719905506 2.813439209 0.000000000 0.000000000 0.000000000 0.000000000 0.000000000 0.000000000 0.000000000 0.000000000 0.000000000 0.000000000 0.000000000 0.000000000 0.000000000 0.000000000 0.000000000 0.000000000 0.000000000 0.000000000 0.000000000 0.000000000 0.000000000 0.000000000 0.000000000 0.000000000 0.000000000 0.000000000 0.000000000 0.000000000
0.000000000 0.000000000 0.000000000 0.000000000 0.000000000 0.000000000 0.000000000 0.000000000 0.000000000 0.000000000 36.725573409 2.813625447 0.000000000 0.000000000 0.000000000 0.000000000 0.000000000 0.000000000 0.000000000 0.000000000 0.000000000 0.000000000 0.000000000 0.000000000 0.000000000 0.000000000 0.000000000 0.000000000 0.000000000 0.000000000 0.000000000 0.000000000 0.000000000 0.000000000 0.000000000 0.000000000 0.000000000 0.000000000 0.000000000 0.000000000
0.000000000 0.000000000 0.000000000 0.000000000 0.000000000 0.000000000 0.000000000 0.000000000 0.000000000 0.000000000 36.731223741 2.814088257 0.000000000 0.000000000 0.000000000 0.000000000 0.000000000 0.000000000 0.000000000 0.000000000 0.000000000 0.000000000 0.000000000 0.000000000 0.000000000 0.000000000 0.000000000 0.000000000 0.000000000 0.000000000 0.000000000 0.000000000 0.000000000 0.000000000 0.000000000 0.000000000 0.000000000 0.000000000 0.000000000 0.000000000
0.000000000 0.000000000 0.000000000 0.000000000 0.000000000 0.000000000 0.000000000 0.000000000 0.000000000 0.000000000 36.734050573 2.814271604 0.000000000 0.000000000 0.000000000 0.000000000 0.000000000 0.000000000 0.000000000 0.000000000 0.000000000 0.000000000 0.000000000 0.000000000 0.000000000 0.000000000 0.000000000 0.000000000 0.000000000 0.000000000 0.000000000 0.000000000 0.000000000 0.000000000 0.000000000 0.000000000 0.000000000 0.000000000 0.000000000 0.000000000
