0.000000000 2073.631103516 0.000000000 2070.505859375 0.000000000 2102.956542969 0.000000000 2084.143066406 0.000000000 2024.561157227 0.000000000 2036.940795898 0.000000000 2020.700317383 0.000000000 2091.260742188 0.000000000 2082.938720703 0.000000000 2067.250732422 0.000000000 2096.678955078 0.000000000 2075.026855469 0.000000000 2025.962158203 0.000000000 2032.591430664 0.000000000 2010.464233398 0.000000000 2093.935791016 0.000000000 2088.907470703 0.000000000 2072.432373047 0.000000000 2098.430175781 0.000000000 2075.326416016
74.878234863 2071.817871094 82.855735779 2068.345214844 93.502853394 2100.472412109 74.655715942 2082.382568359 88.380912781 2021.918945312 97.346931458 2035.651733398 85.074348450 2018.093261719 84.337287903 2088.066406250 99.833389282 2081.473876953 74.345451355 2064.939453125 80.677429199 2094.019775391 68.476684570 2073.147705078 74.283638000 2023.094482422 98.804023743 2031.325439453 84.349731445 2007.843017578 77.822540283 2090.638183594 78.067199707 2087.147460938 87.294982910 2070.324462891 93.324386597 2095.945556641 75.672065735 2073.597412109
74.079864502 2069.978759766 81.172782898 2066.148437500 91.395423889 2097.959960938 73.545410156 2080.590087891 86.411178589 2019.241455078 96.216423035 2034.337768555 83.241806030 2015.452636719 82.571281433 2084.843750000 97.468368530 2079.972656250 72.972259521 2062.592041016 79.079460144 2091.332031250 67.793838501 2071.241943359 72.864753723 2020.191772461 97.541145325 2030.033935547 82.537414551 2005.187500000 76.305480957 2087.311279297 76.999336243 2085.359130859 85.437545776 2068.179687500 91.220245361 2093.432617188 74.451446533 2071.834716797
73.250999451 2068.115478516 79.552116394 2063.916748047 89.375007629 2095.420166016 72.436164856 2078.766357422 84.520988464 2016.529418945 95.048805237 2032.999633789 81.480728149 2012.779785156 80.871513367 2081.593750000 95.208038330 2078.437011719 71.644676208 2060.209228516 77.538658142 2088.616699219 67.084899902 2069.310791016 71.493972778 2017.254516602 96.248657227 2028.717651367 80.795501709 2002.499145508 74.840866089 2083.956787109 75.918457031 2083.543457031 83.652420044 2065.999023438 89.202995300 2090.892578125 73.239921570 2070.039062500
72.399864197 2066.227539062 77.990318298 2061.651611328 87.436256409 2092.853027344 71.333221436 2076.912353516 82.705581665 2013.784057617 93.853096008 2031.638183594 79.786979675 2010.075439453 79.234291077 2078.316894531 93.045524597 2076.867187500 70.360458374 2057.792236328 76.051971436 2085.874267578 66.355903625 2067.354003906 70.168876648 2014.283691406 94.935653687 2027.377441406 79.119926453 1999.778686523 73.425987244 2080.574707031 74.832489014 2081.700439453 81.935447693 2063.783447266 87.267295837 2088.324951172 72.042419434 2068.211425781
71.531166077 2064.313964844 76.484184265 2059.353027344 85.574241638 2090.258544922 70.239402771 2075.027343750 80.960533142 2011.005004883 92.638847351 2030.252807617 78.156692505 2007.339355469 77.656166077 2075.012939453 90.974525452 2075.263183594 69.117462158 2055.341064453 74.616539001 2083.104003906 65.610870361 2065.371093750 68.887161255 2011.279541016 93.611724854 2026.012817383 77.506896973 1997.026000977 72.058303833 2077.164794922 73.745445251 2079.829589844 80.282714844 2061.533447266 85.408241272 2085.729980469 70.861366272 2066.351074219
70.647682190 2062.374755859 75.030723572 2057.020507812 83.784439087 2087.636718750 69.155212402 2073.110839844 79.281753540 2008.193115234 91.408691406 2028.843017578 76.586311340 2004.572021484 76.133941650 2071.682128906 88.989250183 2073.625488281 67.913681030 2052.855712891 73.229713440 2080.306640625 64.851753235 2063.361328125 67.646675110 2008.242309570 92.279159546 2024.623291016 75.952911377 1994.241210938 70.735443115 2073.727539062 72.659255981 2077.930664062 78.690612793 2059.248535156 83.621292114 2083.107910156 69.696754456 2064.458251953
69.752037048 2060.408935547 73.627159119 2054.655029297 82.062675476 2084.987548828 68.081108093 2071.162597656 77.665466309 2005.347778320 90.165138245 2027.408203125 75.072525024 2001.773315430 74.664657593 2068.324218750 87.084403992 2071.953857422 66.751304626 2050.336914062 71.889015198 2077.481689453 64.080413818 2061.323974609 66.445419312 2005.171508789 90.940132141 2023.208374023 74.454727173 1991.424682617 69.455200195 2070.262939453 71.575660706 2076.002929688 77.155807495 2056.928955078 81.902290344 2080.458251953 68.548561096 2062.531494141
68.846664429 2058.415771484 72.270912170 2052.256103516 80.405075073 2082.311279297 67.017517090 2069.182373047 76.108184814 2002.469238281 88.910614014 2025.948120117 73.612274170 1998.943115234 73.245544434 2064.939697266 85.255119324 2070.248046875 65.675712585 2047.785522461 70.592147827 2074.629394531 63.298610687 2059.258544922 65.281509399 2002.067993164 89.596694946 2021.767700195 73.009338379 1988.576049805 68.215499878 2066.770751953 70.496276855 2074.045898438 75.675178528 2054.575195312 80.247360229 2077.781738281 67.416770935 2060.571533203
67.933845520 2056.394531250 70.959571838 2049.823974609 78.808067322 2079.607666016 65.977386475 2067.169433594 74.606674194 1999.557983398 87.647354126 2024.462036133 72.202713013 1996.081909180 71.874038696 2061.528320312 83.496894836 2068.508300781 64.678123474 2045.202514648 69.336936951 2071.750000000 62.516735077 2057.164550781 64.202484131 1998.932495117 88.250831604 2020.300659180 71.613929749 1985.695800781 67.026153564 2063.251708984 69.422538757 2072.059326172 74.245857239 2052.186523438 78.652938843 2075.077880859 66.327774048 2058.577880859
67.015693665 2054.345214844 69.690887451 2047.358764648 77.268341064 2076.877197266 65.012794495 2065.125488281 73.157928467 1996.613525391 86.377647400 2022.949584961 70.841186523 1993.189575195 70.547737122 2058.090332031 81.805603027 2066.734863281 63.750877380 2042.589477539 68.121383667 2068.843505859 61.786231995 2055.042968750 63.201015472 1995.766357422 86.904464722 2018.807128906 70.265914917 1982.783447266 65.924018860 2059.706787109 68.355781555 2070.042724609 72.865150452 2049.763671875 77.115707397 2072.346923828 65.319259644 2056.551757812
66.094161987 2052.266845703 68.462768555 2044.860351562 75.782806396 2074.119140625 64.116394043 2063.051513672 71.759155273 1993.636352539 85.103599548 2021.410156250 69.525238037 1990.265991211 69.264396667 2054.625732422 80.177413940 2064.927490234 62.887252808 2039.947509766 66.963119507 2065.910156250 61.102592468 2052.894531250 62.269454956 1992.570922852 85.559387207 2017.286254883 68.962852478 1979.839599609 64.900321960 2056.137451172 67.297164917 2067.995361328 71.530570984 2047.306518555 75.632606506 2069.588867188 64.383262634 2054.494628906
65.171058655 2050.158935547 67.273239136 2042.328979492 74.348617554 2071.334472656 63.281730652 2060.948730469 70.407760620 1990.626464844 83.827217102 2019.843261719 68.252555847 1987.311523438 68.021926880 2051.134521484 78.608787537 2063.085937500 62.081333160 2037.277343750 65.890274048 2062.951171875 60.461788177 2050.720458984 61.401096344 1989.347045898 84.217292786 2015.737670898 67.702484131 1976.864135742 63.947391510 2052.544677734 66.247764587 2065.916992188 70.239784241 2044.814941406 74.200759888 2066.803710938 63.512802124 2052.407714844
64.248054504 2048.020751953 66.138572693 2039.764892578 72.963096619 2068.522460938 62.503120422 2058.817626953 69.101310730 1987.583618164 82.550376892 2018.248535156 67.021003723 1984.325927734 66.818367004 2047.616699219 77.096458435 2061.210449219 61.327888489 2034.580200195 64.894279480 2059.967773438 59.860218048 2048.521240234 60.590038300 1986.096069336 82.879760742 2014.161132812 66.482696533 1973.856933594 63.058486938 2048.929443359 65.257797241 2063.808593750 68.990608215 2042.288940430 72.817520142 2063.991699219 62.701732635 2050.291503906
63.372592926 2045.853515625 65.087921143 2037.169677734 71.623764038 2065.683593750 61.775531769 2056.659912109 67.837562561 1984.508300781 81.274864197 2016.625488281 65.828559875 1981.309692383 65.699874878 2044.073730469 75.637374878 2059.301513672 60.622268677 2031.857055664 63.967662811 2056.961425781 59.294662476 2046.297973633 59.831069946 1982.818969727 81.548271179 2012.556030273 65.301521301 1970.818481445 62.227680206 2045.292968750 64.338356018 2061.671142578 67.781021118 2039.729003906 71.480400085 2061.152587891 61.944629669 2048.147460938
62.556884766 2043.657836914 64.112846375 2034.544311523 70.328308105 2062.817871094 61.094486237 2054.475830078 66.614395142 1981.400390625 80.002326965 2014.973510742 64.673355103 1978.262573242 64.661636353 2040.506347656 74.228713989 2057.358642578 59.960346222 2029.108764648 63.103843689 2053.932617188 58.762210846 2044.051025391 59.119564056 1979.516601562 80.224205017 2010.921875000 64.157096863 1967.748413086 61.449718475 2041.636352539 63.482711792 2059.505371094 66.609123230 2037.134765625 70.187095642 2058.286621094 61.236686707 2045.976318359
61.795459747 2041.434692383 63.205993652 2031.890014648 69.074569702 2059.925292969 60.456001282 2052.266601562 65.429847717 1978.260009766 78.734329224 2013.292236328 63.594429016 1975.185668945 63.695743561 2036.916137695 72.867843628 2055.381591797 59.338424683 2026.336059570 62.297039032 2050.882812500 58.260257721 2041.781372070 58.451404572 1976.189941406 78.908843994 2009.258544922 63.096405029 1964.648193359 60.719947815 2037.960449219 62.684936523 2057.312500000 65.514617920 2034.507324219 68.935440063 2055.393798828 60.573627472 2043.778930664
61.083473206 2039.185302734 62.360881805 2029.207763672 67.860519409 2057.005371094 59.856502533 2050.032958984 64.286758423 1975.087402344 77.472312927 2011.581054688 62.593513489 1972.080322266 62.795253754 2033.304077148 71.552322388 2053.371093750 58.753196716 2023.539916992 61.542118073 2047.812866211 57.786426544 2039.489746094 57.822914124 1972.839965820 77.603363037 2007.565185547 62.111949921 1961.519287109 60.034214020 2034.266113281 61.939800262 2055.093994141 64.499969482 2031.848144531 67.723411560 2052.474121094 59.951633453 2041.556152344
60.416618347 2036.910400391 61.571815491 2026.498657227 66.697502136 2054.059326172 59.292797089 2047.775756836 63.227893829 1971.884033203 76.217605591 2009.839599609 61.662883759 1968.947387695 61.954059601 2029.671142578 70.279853821 2051.326660156 58.201683044 2020.721191406 60.834526062 2044.723510742 57.338581085 2037.176757812 57.230796814 1969.467529297 76.308845520 2005.841674805 61.196212769 1958.362304688 59.388809204 2030.554199219 61.242641449 2052.850097656 63.557254791 2029.158081055 66.561744690 2049.527832031 59.367286682 2039.309082031
59.791049957 2034.610839844 60.833740234 2023.763793945 65.620506287 2051.088134766 58.762001038 2045.495727539 62.244735718 1968.650756836 74.971443176 2008.067382812 60.795776367 1965.788574219 61.166770935 2026.018554688 69.048301697 2049.248535156 57.681209564 2017.880615234 60.170211792 2041.615722656 56.914772034 2034.842651367 56.672100067 1966.073486328 75.026290894 2004.087280273 60.342613220 1955.178833008 58.780410767 2026.825683594 60.589324951 2050.582275391 62.679557800 2026.438720703 65.486015320 2046.556396484 58.817523956 2037.037963867
59.203323364 2032.287353516 60.142177582 2021.003906250 64.620880127 2048.092529297 58.261524200 2043.193603516 61.329849243 1965.388916016 73.734954834 2006.264160156 59.986232758 1962.604370117 60.428596497 2022.346801758 67.855690002 2047.136840820 57.189350128 2015.018676758 59.545543671 2038.490478516 56.513225555 2032.488525391 56.144157410 1962.658325195 73.756599426 2002.301879883 59.545349121 1951.969726562 58.206027985 2023.081542969 59.976150513 2048.290771484 61.860778809 2023.690673828 64.487571716 2043.560791016 58.299575806 2034.744018555
58.650356293 2029.940795898 59.493129730 2018.220214844 63.691066742 2045.073974609 57.789016724 2040.869995117 60.476699829 1962.099731445 72.509170532 2004.429199219 59.228996277 1959.395996094 59.735282898 2018.657348633 66.700126648 2044.991088867 56.723915100 2012.136474609 58.957267761 2035.348144531 56.132328033 2030.114868164 55.644557953 1959.223022461 72.500587463 2000.484863281 58.799293518 1948.736206055 57.662975311 2019.322021484 59.399799347 2045.976684570 61.095539093 2020.915039062 63.558868408 2040.542114258 57.810955048 2032.427856445
58.129364014 2027.572143555 58.883026123 2015.413208008 62.824428558 2042.033325195 57.342350006 2038.525512695 59.679546356 1958.784301758 71.295043945 2002.562133789 58.519409180 1956.164428711 59.083026886 2014.950561523 65.629379272 2042.813110352 56.282913208 2009.234252930 58.402454376 2032.189941406 55.770599365 2027.722045898 55.171127319 1955.768432617 71.258995056 1998.635986328 58.099906921 1945.479003906 57.148811340 2015.548095703 58.857299805 2043.640625000 60.379070282 2018.113159180 62.693279266 2037.501342773 57.349399567 2030.089965820
57.637836456 2025.181884766 58.308658600 2012.583618164 62.015129089 2038.971923828 56.919593811 2036.160766602 58.933303833 1955.443359375 70.093406677 2000.662353516 57.853324890 1952.910644531 58.468425751 2011.227783203 64.637062073 2040.603759766 55.864536285 2006.312622070 57.878471375 2029.016235352 55.426692963 2025.310424805 54.721889496 1952.294921875 70.032463074 1996.754516602 57.443141937 1942.199096680 56.661334991 2011.760375977 58.345958710 2041.283691406 59.707126617 2015.285522461 61.884963989 2034.439819336 56.912860870 2027.730957031
57.173503876 2022.770507812 57.767150879 2009.732543945 61.257995605 2035.890502930 56.518989563 2033.776611328 58.233467102 1952.078002930 68.905044556 1998.729736328 57.227043152 1949.635131836 57.888416290 2007.489257812 63.715465546 2038.364135742 55.467128754 2003.372680664 57.382930756 2025.828125000 55.099361420 2022.881103516 54.295043945 1948.803222656 68.821586609 1994.840576172 56.825386047 1938.897460938 56.198551178 2007.959960938 57.863357544 2038.906005859 59.075916290 2012.433349609 61.128753662 2031.358398438 56.499485016 2025.351806641
56.734306335 2020.338989258 57.255897522 2006.860473633 60.548435211 2032.789916992 56.138927460 2031.373413086 57.576019287 1948.689331055 67.730621338 1996.763549805 56.637248993 1946.339355469 57.340248108 2003.736083984 62.857807159 2036.095458984 55.089191437 2000.414428711 56.913673401 2022.625732422 54.787467957 2020.433837891 53.888954163 1945.293945312 67.626876831 1992.893066406 56.243400574 1935.574829102 55.758628845 2004.146850586 57.407291412 2036.508666992 58.482051849 2009.557006836 60.420063019 2028.257690430 56.107570648 2022.952636719
56.318374634 2017.887817383 56.772560120 2003.968139648 59.882362366 2029.671142578 55.777946472 2028.951538086 56.957374573 1945.278198242 66.570755005 1994.763671875 56.080966949 1943.023437500 56.821437836 1999.968994141 62.058124542 2033.798706055 54.729339600 1997.438598633 56.468734741 2019.410156250 54.489967346 2017.969482422 53.502124786 1941.767822266 66.453559875 1990.912109375 55.694282532 1932.231811523 55.339920044 2000.322143555 56.975769043 2034.092041016 57.922489166 2006.657958984 59.754810333 2025.139038086 55.735569000 2020.534301758
55.924003601 2015.417602539 56.315002441 2001.056518555 59.256114960 2026.534912109 55.434696198 2026.511840820 56.374317169 1941.845458984 65.431793213 1992.729614258 55.555519104 1939.688476562 56.329730988 1996.188598633 61.311153412 2031.474975586 54.386310577 1994.445922852 56.046325684 2016.181518555 54.205890656 2015.488281250 53.133186340 1938.225341797 65.316947937 1988.897949219 55.175411224 1928.869628906 54.940902710 1996.485961914 56.566978455 2031.656982422 57.394481659 2003.736450195 59.129337311 2022.002807617 55.382064819 2018.097290039
55.549633026 2012.928710938 55.881298065 1998.125854492 58.666427612 2023.382202148 55.107952118 2024.054687500 55.823963165 1938.391723633 64.355422974 1990.661865234 55.058486938 1936.335083008 55.863082886 1992.395385742 60.612213135 2029.125000000 54.058940887 1991.436645508 55.644821167 2012.940917969 53.934345245 2012.990844727 52.780883789 1934.666992188 64.242301941 1986.850830078 54.684417725 1925.488647461 54.560192108 1992.639160156 56.179264069 2029.203491211 56.895561218 2000.793457031 58.540374756 2018.850097656 55.045764923 2015.641967773
55.193840027 2010.421997070 55.469680786 1995.176757812 58.110343933 2020.213623047 54.796573639 2021.580444336 55.303710938 1934.917846680 63.358867645 1988.562133789 54.587688446 1932.964233398 55.419643402 1988.589965820 59.957149506 2026.749877930 53.746170044 1988.411132812 55.262733459 2009.688354492 53.674510956 2010.477539062 52.444068909 1931.093261719 63.247409821 1984.772216797 54.219165802 1922.089721680 54.196514130 1988.782348633 55.811111450 2026.732788086 56.423480988 1997.829589844 57.984977722 2015.681518555 54.725475311 2013.169067383
54.855327606 2007.897827148 55.078548431 1992.209960938 57.585212708 2017.030029297 54.499526978 2019.089477539 54.811203003 1931.424682617 62.434169769 1986.431274414 54.141128540 1929.576049805 54.997722626 1984.773315430 59.342247009 2024.350463867 53.447006226 1985.370239258 54.898696899 2006.424682617 53.425624847 2007.948364258 52.121685028 1927.504638672 62.324321747 1982.663085938 53.777709961 1918.673461914 53.848709106 1984.915771484 55.461139679 2024.244995117 55.976211548 1994.845703125 57.460491180 2012.497924805 54.420101166 2010.678710938
54.532890320 2005.356567383 54.706439972 1989.225952148 57.088634491 2013.831909180 54.215847015 2016.582397461 54.344318390 1927.912719727 61.574371338 1984.270385742 53.717006683 1926.171508789 54.595767975 1980.945678711 58.764171600 2021.927246094 53.160549164 1982.313842773 54.551464081 2003.150268555 53.186981201 2005.404174805 51.812755585 1923.901733398 61.466079712 1980.524780273 53.358287811 1915.240356445 53.515697479 1981.039916992 55.128082275 2021.740722656 55.551902771 1991.841918945 56.964523315 2009.299804688 54.128635406 2008.171630859
54.225437164 2002.798828125 54.352005005 1986.225219727 56.618434906 2010.619873047 53.944648743 2014.059814453 53.901123047 1924.382568359 60.773345947 1982.080810547 53.313682556 1922.751220703 54.212375641 1977.107666016 58.219936371 2019.481323242 52.885959625 1979.242797852 54.219886780 1999.865722656 52.957923889 2002.845092773 51.516384125 1920.284790039 60.666564941 1978.358276367 52.959281921 1911.791259766 53.196495056 1977.155395508 54.810775757 2019.220336914 55.148876190 1988.819458008 56.494899750 2006.087890625 53.850151062 2005.648193359
53.931949615 2000.224975586 54.014019012 1983.208251953 56.172641754 2007.394775391 53.685115814 2011.521606445 53.479862213 1920.835205078 60.025695801 1979.863281250 52.929653168 1919.315551758 53.846248627 1973.259765625 57.706851959 2017.013427734 52.622463226 1976.157348633 53.902908325 1996.571289062 52.737842560 2000.271362305 51.231739044 1916.654296875 59.920379639 1976.164428711 52.579227448 1908.326416016 52.890186310 1973.262695312 54.508148193 2016.684326172 54.765594482 1985.778564453 56.049648285 2002.862670898 53.583786011 2003.108764648
53.651496887 1997.635253906 53.691349030 1980.175537109 55.749458313 2004.157226562 53.436485291 2008.968383789 53.078929901 1917.270996094 59.326637268 1977.618774414 52.563549042 1915.864990234 53.496196747 1969.402587891 57.222476959 2014.523925781 52.369338989 1973.057739258 53.599555969 1993.267333984 52.526180267 1997.683349609 50.958053589 1913.010742188 59.222747803 1973.944213867 52.216781616 1904.846679688 52.595932007 1969.362182617 54.219215393 2014.133056641 54.400650024 1982.719848633 55.626976013 1999.625122070 53.328754425 2000.553588867
53.383220673 1995.030517578 53.382953644 1977.127685547 55.347244263 2000.907470703 53.198062897 2006.400634766 52.696861267 1913.690551758 58.671920776 1975.348266602 52.214107513 1912.400146484 53.161136627 1965.536621094 56.764617920 2012.014038086 52.125930786 1969.944702148 53.308933258 1989.954467773 52.322402954 1995.081665039 50.694622040 1909.354492188 58.569423676 1971.698852539 51.870708466 1901.352416992 52.312957764 1965.454223633 53.943061829 2011.566894531 54.052761078 1979.643920898 55.225246429 1996.375366211 53.084312439 1997.983276367
53.126319885 1992.410766602 53.087879181 1974.064697266 54.964508057 1997.646362305 52.969188690 2003.818481445 52.332328796 1910.094482422 58.057758331 1973.052856445 51.880180359 1908.921630859 52.840057373 1961.662231445 56.331268311 2009.483886719 51.891613007 1966.817993164 53.030212402 1986.633178711 52.126029968 1992.466064453 50.440784454 1905.685791016 57.956615448 1969.428955078 51.539875031 1897.843994141 52.040534973 1961.539184570 53.678852081 2008.986328125 53.720737457 1976.551147461 54.842967987 1993.114257812 52.849788666 1995.397949219
52.880058289 1989.776489258 52.805236816 1970.987426758 54.599876404 1994.374145508 52.749263763 2001.222412109 51.984096527 1906.483398438 57.480754852 1970.733032227 51.560703278 1905.429443359 52.532035828 1957.779785156 55.920616150 2006.934204102 51.665817261 1963.678588867 52.762622833 1983.303466797 51.936595917 1989.837158203 50.195930481 1902.005126953 57.380939484 1967.135253906 51.223247528 1894.322021484 51.778003693 1957.617431641 53.425807953 2006.391723633 53.403503418 1973.442138672 54.478771210 1989.842163086 52.624546051 1992.798217773
52.643753052 1987.128051758 52.534206390 1967.896118164 54.252098083 1991.091430664 52.537727356 1998.612670898 51.651039124 1902.857299805 56.937866211 1968.389892578 51.254707336 1901.924804688 52.236217499 1953.889770508 55.530998230 2004.365844727 51.448009491 1960.526245117 52.505458832 1979.965942383 51.753681183 1987.195190430 49.959491730 1898.312866211 56.839347839 1964.818725586 50.919864655 1890.787109375 51.524738312 1953.689575195 53.183208466 2003.783325195 53.100051880 1970.317382812 54.131404877 1986.559692383 52.408000946 1990.184082031
52.416770935 1984.465820312 52.274040222 1964.790893555 53.920021057 1987.798828125 52.334049225 1995.989257812 51.332126617 1899.217163086 56.426353455 1966.023803711 50.961284637 1898.407470703 51.951808929 1949.992553711 55.160911560 2001.779052734 51.237693787 1957.361572266 52.258060455 1976.620971680 51.576889038 1984.540039062 49.730945587 1894.609252930 56.329105377 1962.479858398 50.628845215 1887.239379883 51.280170441 1949.755493164 52.950389862 2001.161743164 52.809467316 1967.176879883 53.799713135 1983.267089844 52.199607849 1987.555908203
52.198524475 1981.789916992 52.024032593 1961.672485352 53.602581024 1984.496582031 52.137752533 1993.352905273 51.026405334 1895.563354492 55.943748474 1963.635742188 50.679607391 1894.877929688 51.678081512 1946.088623047 54.808963776 1999.174438477 51.034404755 1954.184814453 52.019817352 1973.268676758 51.405841827 1981.872558594 49.509799957 1890.894531250 55.847747803 1960.119628906 50.349372864 1883.679321289 51.043758392 1945.815917969 52.726726532 1998.526733398 52.530891418 1964.021850586 53.482639313 1979.964843750 51.998855591 1984.914184570
51.988464355 1979.100952148 51.783538818 1958.540893555 53.298805237 1981.185180664 51.948375702 1990.703613281 50.732990265 1891.896240234 55.487815857 1961.226440430 50.408912659 1891.336669922 51.414360046 1942.178222656 54.473884583 1996.552490234 50.837718964 1950.995849609 51.790157318 1969.909667969 51.240200043 1979.192504883 49.295597076 1887.169067383 55.393043518 1957.738647461 50.080692291 1880.107421875 50.815006256 1941.870971680 52.511646271 1995.879028320 52.263545990 1960.852172852 53.179210663 1976.653442383 51.805278778 1982.259155273
51.786083221 1976.399047852 51.551948547 1955.396606445 53.007793427 1977.864990234 51.765495300 1988.041870117 50.451072693 1888.216308594 55.056526184 1958.796386719 50.148483276 1887.784179688 51.160015106 1938.261718750 54.154518127 1993.913818359 50.647224426 1947.795654297 51.568557739 1966.543701172 51.079635620 1976.500366211 49.087909698 1883.433349609 54.962963104 1955.337402344 49.822109222 1876.524169922 50.593448639 1937.921020508 52.304615021 1993.218872070 52.006698608 1957.667968750 52.888526917 1973.333374023 51.618427277 1979.590942383
51.590908051 1973.684448242 51.328712463 1952.239990234 52.728710175 1974.536499023 51.588722229 1985.367675781 50.179904938 1884.523803711 54.648044586 1956.346313477 49.897663116 1884.220581055 50.914459229 1934.339477539 53.849788666 1991.259033203 50.462554932 1944.583862305 51.354526520 1963.171752930 50.923847198 1973.796264648 48.886344910 1879.687133789 54.555667877 1952.916503906 49.572975159 1872.929687500 50.378662109 1933.966552734 52.105133057 1990.546508789 51.759674072 1954.470336914 52.609752655 1970.005126953 51.437896729 1976.910034180
51.402488708 1970.957519531 51.113300323 1949.071289062 52.460788727 1971.199951172 51.417682648 1982.681274414 49.918788910 1880.819091797 54.260688782 1953.876953125 49.655841827 1880.646240234 50.677154541 1930.412109375 53.558708191 1988.587890625 50.283348083 1941.360961914 51.147602081 1959.793457031 50.772544861 1971.080200195 48.690528870 1875.931152344 54.169483185 1950.476928711 49.332695007 1869.324340820 50.170230865 1930.007568359 51.912734985 1987.861938477 51.521846771 1951.258911133 52.342128754 1966.668579102 51.263301849 1974.216430664
51.220420837 1968.218383789 50.905227661 1945.890869141 52.203315735 1967.855834961 51.252029419 1979.983032227 49.667079926 1877.102783203 53.892929077 1951.388427734 49.422454834 1877.061523438 50.447593689 1926.479370117 53.280368805 1985.901489258 50.109287262 1938.127441406 50.947357178 1956.409545898 50.625465393 1968.352783203 48.500118256 1872.165649414 53.802883148 1948.018676758 49.100704193 1865.708251953 49.967788696 1926.044189453 51.726985931 1985.165649414 51.292636871 1948.034790039 52.084934235 1963.324707031 51.094284058 1971.510498047
51.044319153 1965.467407227 50.704048157 1942.698486328 51.955627441 1964.504394531 51.091442108 1977.273315430 49.424179077 1873.374877930 53.543373108 1948.881469727 49.196971893 1873.466796875 50.225311279 1922.541992188 53.013931274 1983.200073242 49.940055847 1934.882934570 50.753398895 1953.020141602 50.482357025 1965.613891602 48.314785004 1868.390502930 53.454471588 1945.542480469 48.876487732 1862.082275391 49.770977020 1922.077026367 51.547485352 1982.458007812 51.071502686 1944.797607422 51.837512970 1959.973510742 50.930503845 1968.792480469
50.873817444 1962.704711914 50.509338379 1939.494995117 51.717121124 1961.146118164 50.935619354 1974.551879883 49.189537048 1869.635986328 53.210731506 1946.356811523 48.978904724 1869.862060547 50.009864807 1918.599975586 52.758621216 1980.483886719 49.775371552 1931.628051758 50.565345764 1949.625366211 50.342983246 1962.863891602 48.134227753 1864.606079102 53.122962952 1943.048950195 48.659568787 1858.446289062 49.579471588 1918.106201172 51.373855591 1979.739135742 50.857944489 1941.547851562 51.599254608 1956.615112305 50.771648407 1966.062377930
50.708580017 1959.930664062 50.320701599 1936.280395508 51.487216949 1957.781005859 50.784275055 1971.819091797 48.962631226 1865.886230469 52.893836975 1943.814819336 48.767791748 1866.248046875 49.800846100 1914.653808594 52.513713837 1977.753417969 49.614963531 1928.362792969 50.382858276 1946.225463867 50.207126617 1960.102661133 47.958164215 1860.812866211 52.807189941 1940.538574219 48.449489594 1854.800781250 49.392963409 1914.132202148 51.205738068 1977.009033203 50.651489258 1938.286010742 51.369590759 1953.250244141 50.617427826 1963.320556641
50.548297882 1957.145385742 50.137771606 1933.054931641 51.265388489 1954.409545898 50.637142181 1969.075317383 48.742988586 1862.126220703 52.591606140 1941.255859375 48.563213348 1862.624633789 49.597877502 1910.703491211 52.278545380 1975.008911133 49.458576202 1925.087280273 50.205608368 1942.820800781 50.074577332 1957.330566406 47.786327362 1857.010864258 52.506069183 1938.011596680 48.245841980 1851.145751953 49.211166382 1910.154663086 51.042804718 1974.267944336 50.451705933 1935.011962891 51.147991180 1949.879028320 50.467559814 1960.567504883
50.392669678 1954.348999023 49.960205078 1929.818969727 51.051143646 1951.032104492 50.493972778 1966.320678711 48.530155182 1858.355834961 52.303047180 1938.680419922 48.364768982 1858.992309570 49.400596619 1906.749633789 52.052497864 1972.250732422 49.305973053 1921.802246094 50.033287048 1939.411376953 49.945140839 1954.547973633 47.618465424 1853.200317383 52.218608856 1935.468505859 48.048225403 1847.481811523 49.033802032 1906.174560547 50.884750366 1971.516357422 50.258182526 1931.726684570 50.933959961 1946.501586914 50.321788788 1957.802856445
50.241420746 1951.541992188 49.787681580 1926.572387695 50.844024658 1947.648803711 50.354534149 1963.555297852 48.323715210 1854.575439453 52.027240753 1936.088989258 48.172084808 1855.351074219 49.208667755 1902.791870117 51.834999084 1969.479125977 49.156932831 1918.507202148 49.865612030 1935.997558594 49.818634033 1951.754638672 47.454349518 1849.381225586 51.943897247 1932.909912109 47.856281281 1843.808715820 48.860622406 1902.191406250 50.731281281 1968.754394531 50.070537567 1928.429687500 50.727046967 1943.118530273 50.179870605 1955.027221680
50.094291687 1948.724243164 49.619895935 1923.315673828 50.643600464 1944.259765625 50.218605042 1960.779174805 48.123279572 1850.785522461 51.763347626 1933.481811523 47.984821320 1851.701293945 49.021778107 1898.830566406 51.625507355 1966.694580078 49.011241913 1915.202636719 49.702320099 1932.579589844 49.694885254 1948.951049805 47.293758392 1845.553955078 51.681087494 1930.335815430 47.669666290 1840.127319336 48.691387177 1898.205566406 50.582126617 1965.982055664 49.888420105 1925.121582031 50.526817322 1939.729736328 50.041580200 1952.240478516
49.951038361 1945.895996094 49.456569672 1920.048828125 50.449474335 1940.865844727 50.085979462 1957.992797852 47.928485870 1846.986206055 51.510578156 1930.859497070 47.802650452 1848.043090820 48.839633942 1894.865844727 51.423530579 1963.897216797 48.868709564 1911.888671875 49.543151855 1929.157470703 49.573734283 1946.136962891 47.136482239 1841.718872070 51.429397583 1927.747070312 47.488063812 1836.437500000 48.525871277 1894.216918945 50.437030792 1963.199462891 49.711498260 1921.802734375 50.332874298 1936.335815430 49.906700134 1949.442993164
49.811431885 1943.057495117 49.297439575 1916.772338867 50.261272430 1937.466552734 49.956462860 1955.196044922 47.738994598 1843.177734375 51.268215179 1928.222290039 47.625270844 1844.376831055 48.661964417 1890.897827148 51.228607178 1961.087402344 48.729148865 1908.565551758 49.387878418 1925.731445312 49.455020905 1943.312866211 46.982330322 1837.875854492 51.188106537 1925.143798828 47.311176300 1832.739501953 48.363864899 1890.226196289 50.295753479 1960.406860352 49.539455414 1918.472900391 50.144844055 1932.936889648 49.775035858 1946.634887695
49.675258636 1940.208984375 49.142253876 1913.485961914 50.078639984 1934.062377930 49.829872131 1952.389160156 47.554489136 1839.360229492 51.035583496 1925.570434570 47.452392578 1840.702636719 48.488510132 1886.926879883 51.040298462 1958.265625000 48.592380524 1905.233032227 49.236278534 1922.301757812 49.338611603 1940.478881836 46.831123352 1834.024902344 50.956542969 1922.526245117 47.138721466 1829.033447266 48.205169678 1886.232910156 50.158073425 1957.604614258 49.372005463 1915.132812500 49.962383270 1929.532958984 49.646389008 1943.816284180
49.542320251 1937.350341797 48.990783691 1910.190063477 49.901260376 1930.653930664 49.706035614 1949.572387695 47.374668121 1835.534301758 50.812068939 1922.904418945 47.283760071 1837.020629883 48.319026947 1882.953247070 50.858203888 1955.431640625 48.458251953 1901.891723633 49.088142395 1918.868652344 49.224361420 1937.635009766 46.682689667 1830.166625977 50.734088898 1919.894897461 46.970443726 1825.319824219 48.049602509 1882.237548828 50.023777008 1954.792602539 49.208869934 1911.782470703 49.785160065 1926.124755859 49.520587921 1940.987548828
49.412422180 1934.482055664 48.842803955 1906.885009766 49.728820801 1927.240844727 49.584793091 1946.745727539 47.199256897 1831.699462891 50.597087860 1920.224487305 47.119113922 1833.331054688 48.153293610 1878.976440430 50.681949615 1952.585937500 48.326599121 1898.541625977 48.943275452 1915.432006836 49.112148285 1934.781250000 46.536865234 1826.301025391 50.520164490 1917.249755859 46.806091309 1821.598388672 47.896984100 1878.239990234 49.892669678 1951.971069336 49.049800873 1908.421997070 49.612873077 1922.711914062 49.397464752 1938.148437500
49.285388947 1931.604125977 48.698116302 1903.570678711 49.561042786 1923.823730469 49.465988159 1943.909301758 47.027996063 1827.856567383 50.390106201 1917.531250000 46.958229065 1829.634155273 47.991096497 1874.997192383 50.511180878 1949.728881836 48.197280884 1895.182739258 48.801498413 1911.992187500 49.001850128 1931.917846680 46.393501282 1822.427978516 50.314235687 1914.591674805 46.645435333 1817.869628906 47.747150421 1874.240478516 49.764560699 1949.140136719 48.894550323 1905.051635742 49.445236206 1919.295043945 49.276859283 1935.299316406
49.161052704 1928.716430664 48.556526184 1900.247192383 49.397651672 1920.402465820 49.349483490 1941.063354492 46.860637665 1824.005493164 50.190624237 1914.824218750 46.800880432 1825.929931641 47.832233429 1871.015380859 50.345565796 1946.860473633 48.070159912 1891.815307617 48.662635803 1908.549438477 48.893356323 1929.045166016 46.252456665 1818.548095703 50.115806580 1911.920410156 46.488265991 1814.133666992 47.599948883 1870.239257812 49.639274597 1946.299926758 48.742900848 1901.671386719 49.281982422 1915.874023438 49.158630371 1932.440307617
49.039253235 1925.819702148 48.417850494 1896.914794922 49.238395691 1916.977416992 49.235141754 1938.207763672 46.696952820 1820.146240234 49.998176575 1912.104614258 46.646862030 1822.218627930 47.676513672 1867.031127930 50.184803009 1943.981201172 47.945106506 1888.439453125 48.526523590 1905.103515625 48.786552429 1926.162963867 46.113594055 1814.661010742 49.924407959 1909.236328125 46.334377289 1810.390625000 47.455230713 1866.235961914 49.516651154 1943.450805664 48.594635010 1898.281860352 49.122856140 1912.449340820 49.042629242 1929.571533203
48.919845581 1922.913574219 48.281921387 1893.573730469 49.083045959 1913.548828125 49.122833252 1935.343017578 46.536727905 1816.279663086 49.812332153 1909.371948242 46.495983124 1818.500366211 47.523769379 1863.044555664 50.028594971 1941.090942383 47.822006226 1885.055175781 48.393013000 1901.655029297 48.681346893 1923.271606445 45.976791382 1810.767211914 49.739604950 1906.539916992 46.183574677 1806.640747070 47.312862396 1862.231079102 49.396530151 1940.592529297 48.449554443 1894.882934570 48.967632294 1909.020874023 48.928730011 1926.693237305
48.802688599 1919.998413086 48.148574829 1890.224121094 48.931377411 1910.117065430 49.012439728 1932.468994141 46.379760742 1812.405151367 49.632682800 1906.626953125 46.348060608 1814.775512695 47.373828888 1859.055908203 49.876678467 1938.190185547 47.700737000 1881.662719727 48.261962891 1898.203979492 48.577636719 1920.370727539 45.841926575 1806.866699219 49.561000824 1903.831054688 46.035686493 1802.884155273 47.172714233 1858.224609375 49.278770447 1937.725463867 48.307476044 1891.474975586 48.816082001 1905.589233398 48.816806793 1923.805297852
48.687648773 1917.074096680 48.017662048 1886.865722656 48.783180237 1906.681640625 48.903850555 1929.585693359 46.225860596 1808.523437500 49.458854675 1903.869628906 46.202926636 1811.043701172 47.226535797 1855.064941406 49.728797913 1935.278930664 47.581192017 1878.262084961 48.133232117 1894.750244141 48.475337982 1917.460937500 45.708885193 1802.959594727 49.388210297 1901.110351562 45.890541077 1799.120849609 47.034664154 1854.216308594 49.163227081 1934.849365234 48.168220520 1888.057617188 48.667999268 1902.154296875 48.706741333 1920.907958984
48.574604034 1914.141113281 47.889041901 1883.499145508 48.638263702 1903.243408203 48.796951294 1926.693359375 46.074848175 1804.634155273 49.290493011 1901.100219727 46.060413361 1807.305664062 47.081745148 1851.072265625 49.584712982 1932.357666016 47.463275909 1874.853637695 48.006698608 1891.294311523 48.374362946 1914.542114258 45.577568054 1799.046020508 49.220886230 1898.377685547 45.747982025 1795.351318359 46.898593903 1850.206787109 49.049777985 1931.964965820 48.031623840 1884.631713867 48.523189545 1898.716186523 48.598430634 1918.001220703
48.463436127 1911.199218750 47.762577057 1880.124023438 48.496444702 1899.801879883 48.691650391 1923.792114258 45.926559448 1800.737792969 49.127269745 1898.318969727 45.920379639 1803.561157227 46.939315796 1847.077514648 49.444198608 1929.426025391 47.346885681 1871.437011719 47.882240295 1887.835815430 48.274627686 1911.614501953 45.447872162 1795.125976562 49.058696747 1895.633666992 45.607856750 1791.575317383 46.764400482 1846.195800781 48.938293457 1929.071655273 47.897533417 1881.196777344 48.381469727 1895.275024414 48.491760254 1915.085327148
48.354034424 1908.248657227 47.638145447 1876.740844727 48.357547760 1896.357788086 48.587848663 1920.882324219 45.780834198 1796.834594727 48.968872070 1895.526367188 45.782672882 1799.810546875 46.799121857 1843.080932617 49.307048798 1926.484375000 47.231933594 1868.012573242 47.759742737 1884.375366211 48.176063538 1908.677978516 45.319705963 1791.199707031 48.901336670 1892.878295898 45.470031738 1787.793212891 46.631977081 1842.183471680 48.828662872 1926.169921875 47.765800476 1877.753295898 48.242671967 1891.831298828 48.386642456 1912.160400391
48.246295929 1905.289672852 47.515621185 1873.349487305 48.221408844 1892.911010742 48.485458374 1917.963378906 45.637527466 1792.924438477 48.815013885 1892.722045898 45.647167206 1796.053466797 46.661037445 1839.082763672 49.173065186 1923.533325195 47.118335724 1864.580322266 47.639102936 1880.912963867 48.078594208 1905.732910156 45.192974091 1787.267578125 48.748508453 1890.111450195 45.334369659 1784.005004883 46.501228333 1838.169799805 48.720775604 1923.260009766 47.636287689 1874.301513672 48.106632233 1888.384887695 48.282978058 1909.226562500
48.140121460 1902.322143555 47.394901276 1869.950439453 48.087882996 1889.461914062 48.384391785 1915.036010742 45.496494293 1789.007568359 48.665424347 1889.906616211 45.513732910 1792.290771484 46.524944305 1835.082885742 49.042064667 1920.572387695 47.006008148 1861.140625000 47.520221710 1877.448730469 47.982154846 1902.779052734 45.067600250 1783.328857422 48.599952698 1887.333862305 45.200748444 1780.211059570 46.372066498 1834.155151367 48.614528656 1920.341674805 47.508865356 1870.841308594 47.973194122 1884.936157227 48.180679321 1906.283691406
48.035415649 1899.346313477 47.275875092 1866.543090820 47.956821442 1886.010253906 48.284568787 1912.099975586 45.357604980 1785.084228516 48.519844055 1887.080322266 45.382251740 1788.521972656 46.390739441 1831.081298828 48.913867950 1917.602172852 46.894874573 1857.693359375 47.402999878 1873.982666016 47.886684418 1899.816650391 44.943504333 1779.384643555 48.455406189 1884.545288086 45.069053650 1776.411132812 46.244403839 1830.139160156 48.509826660 1917.415161133 47.383411407 1867.372802734 47.842216492 1881.484741211 48.079666138 1903.332153320
47.932098389 1896.362060547 47.158439636 1863.128173828 47.828090668 1882.556274414 48.185920715 1909.155517578 45.220741272 1781.154174805 48.378044128 1884.243041992 45.252613068 1784.747192383 46.258316040 1827.078369141 48.788314819 1914.622558594 46.784870148 1854.238403320 47.287349701 1870.514648438 47.792114258 1896.845703125 44.820610046 1775.434204102 48.314636230 1881.746093750 44.939170837 1772.605346680 46.118156433 1826.122070312 48.406578064 1914.480468750 47.259811401 1863.896240234 47.713569641 1878.031250000 47.979862213 1900.371826172
47.830081940 1893.369873047 47.042507172 1859.705566406 47.701564789 1879.100463867 48.088367462 1906.202636719 45.085777283 1777.218017578 48.239795685 1881.395019531 45.124706268 1780.967163086 46.127574921 1823.074096680 48.665248871 1911.634033203 46.675918579 1850.776000977 47.173191071 1867.045288086 47.698390961 1893.866455078 44.698848724 1771.478149414 48.177413940 1878.936401367 44.810997009 1768.794311523 45.993255615 1822.104125977 48.304695129 1911.537841797 47.137954712 1860.411621094 47.587120056 1874.575683594 47.881191254 1897.403076172
47.729286194 1890.369384766 46.927986145 1856.275268555 47.577117920 1875.642578125 47.991844177 1903.241333008 44.952610016 1773.275390625 48.104888916 1878.536621094 44.998435974 1777.181274414 45.998432159 1819.068115234 48.544521332 1908.636108398 46.567962646 1847.306640625 47.060436249 1863.574584961 47.605464935 1890.878906250 44.578155518 1767.516357422 48.043533325 1876.116455078 44.684436798 1764.977539062 45.869621277 1818.084960938 48.204093933 1908.587158203 47.017738342 1856.919189453 47.462753296 1871.118164062 47.783588409 1894.425537109
47.629642487 1887.361083984 46.814788818 1852.837280273 47.454643250 1872.182861328 47.896289825 1900.271850586 44.821132660 1769.326904297 47.973125458 1875.667846680 44.873710632 1773.389770508 45.870792389 1815.061035156 48.426002502 1905.629516602 46.460933685 1843.829589844 46.949020386 1860.102294922 47.513282776 1887.883178711 44.458461761 1763.549072266 47.912799835 1873.286254883 44.559398651 1761.155517578 45.747188568 1814.064941406 48.104701996 1905.628662109 46.899066925 1853.418945312 47.340351105 1867.658691406 47.686981201 1891.439697266
47.531078339 1884.344604492 46.702842712 1849.392089844 47.334033966 1868.721313477 47.801639557 1897.294189453 44.691249847 1765.372192383 47.844318390 1872.788940430 44.750438690 1769.593017578 45.744579315 1811.052612305 48.309562683 1902.614013672 46.354782104 1840.345703125 46.838863373 1856.628906250 47.421794891 1884.879150391 44.339714050 1759.576171875 47.785022736 1870.446044922 44.435794830 1757.328247070 45.625888824 1810.044189453 48.006443024 1902.662353516 46.781852722 1849.911132812 47.219810486 1864.197875977 47.591312408 1888.445434570
47.433525085 1881.320556641 46.592067719 1845.939208984 47.215187073 1865.258300781 47.707843781 1894.308471680 44.562866211 1761.411621094 47.718299866 1869.899780273 44.628536224 1765.791137695 45.619712830 1807.043212891 48.195072174 1899.590087891 46.249450684 1836.854614258 46.729904175 1853.154418945 47.330955505 1881.867065430 44.221855164 1755.597778320 47.660030365 1867.595703125 44.313537598 1753.495727539 45.505668640 1806.022338867 47.909252167 1899.688354492 46.666004181 1846.395507812 47.101032257 1860.735107422 47.496520996 1885.442993164
47.336929321 1878.288574219 46.482395172 1842.479248047 47.098011017 1861.793701172 47.614841461 1891.314575195 44.435897827 1757.445068359 47.594902039 1867.000854492 44.507923126 1761.984008789 45.496120453 1803.032470703 48.082424164 1896.557373047 46.144886017 1833.356445312 46.622081757 1849.678466797 47.240722656 1878.846801758 44.104831696 1751.614013672 47.537654877 1864.735717773 44.192558289 1749.658203125 45.386466980 1801.999755859 47.813060760 1896.706665039 46.551445007 1842.872558594 46.983917236 1857.270996094 47.402549744 1882.432250977
47.241222382 1875.249023438 46.373760223 1839.012207031 46.982410431 1858.327758789 47.522586823 1888.312866211 44.310264587 1753.473022461 47.473968506 1864.092163086 44.388530731 1758.171508789 45.373737335 1799.020751953 47.971508026 1893.516113281 46.041042328 1829.851318359 46.515327454 1846.201660156 47.151058197 1875.818847656 43.988594055 1747.625000000 47.417747498 1861.865966797 44.072776794 1745.815795898 45.268226624 1797.976562500 47.717811584 1893.717285156 46.438095093 1839.342163086 46.868377686 1853.805297852 47.309352875 1879.413330078
47.146354675 1872.201660156 46.266098022 1835.537597656 46.868305206 1854.860351562 47.431030273 1885.302978516 44.185882568 1749.495239258 47.355354309 1861.173706055 44.270282745 1754.354003906 45.252494812 1795.007934570 47.862220764 1890.466796875 45.937873840 1826.338989258 46.409587860 1842.723876953 47.061916351 1872.782714844 43.873096466 1743.630737305 47.300159454 1858.986816406 43.954128265 1741.968383789 45.150901794 1793.952392578 47.623439789 1890.720458984 46.325881958 1835.804443359 46.754329681 1850.338134766 47.216876984 1876.386230469
47.052272797 1869.146972656 46.159347534 1832.056274414 46.755607605 1851.391357422 47.340126038 1882.285400391 44.062683105 1745.511718750 47.238925934 1858.245727539 44.153114319 1750.531616211 45.132331848 1790.994262695 47.754467010 1887.409179688 45.835338593 1822.820190430 46.304809570 1839.244995117 46.973270416 1869.738891602 43.758293152 1739.631347656 47.184757233 1856.098144531 43.836547852 1738.115966797 45.034439087 1789.927734375 47.529895782 1887.716064453 46.214740753 1832.259643555 46.641689301 1846.869750977 47.125076294 1873.351440430
46.958927155 1866.084716797 46.053455353 1828.567504883 46.644245148 1847.921142578 47.249828339 1879.260131836 43.940601349 1741.522949219 47.124549866 1855.308349609 44.036968231 1746.704345703 45.013195038 1786.979370117 47.648159027 1884.343383789 45.733390808 1819.294311523 46.200939178 1835.765136719 46.885078430 1866.687133789 43.644138336 1735.626708984 47.071407318 1853.200317383 43.719970703 1734.259033203 44.918792725 1785.902221680 47.437129974 1884.704223633 46.104602814 1828.707641602 46.530380249 1843.399902344 47.033905029 1870.308471680
46.866271973 1863.015014648 45.948364258 1825.072021484 46.534145355 1844.449707031 47.160102844 1876.227172852 43.819564819 1737.528686523 47.012111664 1852.361694336 43.921775818 1742.872314453 44.895019531 1782.963623047 47.543205261 1881.269531250 45.631999969 1815.762084961 46.097930908 1832.284301758 46.797313690 1863.627929688 43.530601501 1731.617187500 46.959987640 1850.292968750 43.604339600 1730.397338867 44.803920746 1781.876220703 47.345085144 1881.685058594 45.995410919 1825.148681641 46.420333862 1839.928833008 46.943321228 1867.257812500
46.774257660 1859.937988281 45.844028473 1821.569213867 46.425243378 1840.976928711 47.070903778 1873.186279297 43.699512482 1733.529052734 46.901489258 1849.405883789 43.807491302 1739.035156250 44.777763367 1778.947143555 47.439529419 1878.187866211 45.531120300 1812.222656250 45.995731354 1828.802734375 46.709941864 1860.560913086 43.417636871 1727.602661133 46.850387573 1847.376708984 43.489604950 1726.531005859 44.689781189 1777.849731445 47.253719330 1878.658691406 45.887100220 1821.582397461 46.311481476 1836.456542969 46.853286743 1864.199218750
46.682849884 1856.853881836 45.740398407 1818.059814453 46.317470551 1837.502929688 46.982200623 1870.137939453 43.580394745 1729.524169922 46.792575836 1846.440673828 43.694057465 1735.193603516 44.661373138 1774.929809570 47.337051392 1875.098266602 45.430725098 1808.676757812 45.894309998 1825.319946289 46.622932434 1857.486206055 43.305213928 1723.583129883 46.742496490 1844.451171875 43.375705719 1722.660400391 44.576335907 1773.822387695 47.162990570 1875.625000000 45.779624939 1818.009399414 46.203754425 1832.982910156 46.763763428 1861.132934570
46.592002869 1853.762084961 45.637428284 1814.543457031 46.210769653 1834.028076172 46.893955231 1867.082031250 43.462146759 1725.514160156 46.685272217 1843.466796875 43.581420898 1731.347656250 44.545803070 1770.911499023 47.235702515 1872.000854492 45.330776215 1805.124267578 45.793613434 1821.836669922 46.536262512 1854.404174805 43.193294525 1719.558837891 46.636215210 1841.516967773 43.262599945 1718.785156250 44.463550568 1769.794799805 47.072853088 1872.583984375 45.672931671 1814.429565430 46.097099304 1829.508178711 46.674716949 1858.059082031
46.501682281 1850.663574219 45.535076141 1811.020507812 46.105083466 1830.552001953 46.806137085 1864.018554688 43.344722748 1721.499023438 46.579479218 1840.483886719 43.469539642 1727.496704102 44.431011200 1766.892578125 47.135414124 1868.895751953 45.231243134 1801.565307617 45.693611145 1818.352539062 46.449901581 1851.314453125 43.081851959 1715.529907227 46.531444550 1838.573608398 43.150241852 1714.905639648 44.351387024 1765.766601562 46.983272552 1869.535888672 45.566967010 1810.843017578 45.991451263 1826.032592773 46.586112976 1854.977416992
46.411849976 1847.557739258 45.433303833 1807.490722656 46.000354767 1827.074951172 46.718715668 1860.947631836 43.228073120 1717.479003906 46.475109100 1837.492187500 43.358371735 1723.641601562 44.316955566 1762.872924805 47.036117554 1865.783203125 45.132099152 1797.999755859 45.594261169 1814.867553711 46.363826752 1848.217285156 42.970851898 1711.496093750 46.428096771 1835.621826172 43.038581848 1711.021728516 44.239810944 1761.737670898 46.894210815 1866.480834961 45.461692810 1807.249755859 45.886764526 1822.555786133 46.497920990 1851.888427734
46.322475433 1844.444946289 45.332069397 1803.954223633 45.896533966 1823.596679688 46.631664276 1857.869262695 43.112148285 1713.453857422 46.372074127 1834.491699219 43.247867584 1719.781982422 44.203590393 1758.852416992 46.937759399 1862.662963867 45.033317566 1794.427856445 45.495529175 1811.381713867 46.278015137 1845.112670898 42.860271454 1707.457641602 46.326080322 1832.661132812 42.927585602 1707.133666992 44.128791809 1757.708496094 46.805625916 1863.418457031 45.357055664 1803.649658203 45.782981873 1819.078125000 46.410110474 1848.791748047
46.233524323 1841.325073242 45.231338501 1800.411132812 45.793571472 1820.117675781 46.544948578 1854.783569336 42.996910095 1709.424072266 46.270298004 1831.482543945 43.137992859 1715.918090820 44.090888977 1754.831420898 46.840278625 1859.535278320 44.934867859 1790.849487305 45.397388458 1807.895385742 46.192443848 1842.000854492 42.750080109 1703.414550781 46.225318909 1829.692016602 42.817207336 1703.241455078 44.018306732 1753.678955078 46.717494965 1860.349243164 45.253021240 1800.042968750 45.680057526 1815.599365234 46.322650909 1845.687744141
46.144969940 1838.198242188 45.131076813 1796.861450195 45.691425323 1816.637573242 46.458545685 1851.690673828 42.882312775 1705.389160156 46.169696808 1828.464965820 43.028705597 1712.049926758 43.978809357 1750.809692383 46.743618011 1856.400268555 44.836727142 1787.264770508 45.299800873 1804.408203125 46.107093811 1838.881713867 42.640251160 1699.366943359 46.125736237 1826.714355469 42.707416534 1699.345214844 43.908317566 1749.648925781 46.629776001 1857.273193359 45.149551392 1796.430053711 45.577945709 1812.119506836 46.235519409 1842.576171875
46.056781769 1835.064575195 45.031253815 1793.305175781 45.590045929 1813.156616211 46.372432709 1848.590454102 42.768318176 1701.349609375 46.070201874 1825.438842773 42.919975281 1708.177490234 43.867321014 1746.787353516 46.647727966 1853.258056641 44.738876343 1783.673706055 45.202739716 1800.920410156 46.021942139 1835.755249023 42.530765533 1695.314819336 46.027259827 1823.728027344 42.598175049 1695.444824219 43.798805237 1745.618286133 46.542449951 1854.189941406 45.046604156 1792.810546875 45.476600647 1808.638916016 46.148685455 1839.457275391
45.968933105 1831.923950195 44.931835175 1789.742309570 45.489398956 1809.674926758 46.286582947 1845.482910156 42.654891968 1697.305419922 45.971744537 1822.404418945 42.811767578 1704.301025391 43.756393433 1742.764526367 46.552562714 1850.108520508 44.641284943 1780.076293945 45.106178284 1797.431884766 45.936973572 1832.621459961 42.421592712 1691.258422852 45.929817200 1820.733398438 42.489452362 1691.540771484 43.689739227 1741.587402344 46.455478668 1851.099853516 44.944149017 1789.184448242 45.375984192 1805.157348633 46.062133789 1836.331298828
45.881397247 1828.776489258 44.832798004 1786.173339844 45.389438629 1806.192382812 46.200977325 1842.368286133 42.541999817 1693.256591797 45.874263763 1819.361450195 42.704051971 1700.420288086 43.645992279 1738.741088867 46.458072662 1846.951660156 44.543937683 1776.472656250 45.010086060 1793.942871094 45.852169037 1829.480834961 42.312721252 1687.197387695 45.833351135 1817.730468750 42.381214142 1687.632568359 43.581100464 1737.556152344 46.368843079 1848.002929688 44.842155457 1785.552246094 45.276058197 1801.675170898 45.975830078 1833.197875977
45.794155121 1825.622680664 44.734111786 1782.597656250 45.290134430 1802.708740234 46.115596771 1839.246459961 42.429603577 1689.203002930 45.777694702 1816.310546875 42.596794128 1696.535522461 43.536094666 1734.716918945 46.364219666 1843.787963867 44.446815491 1772.863037109 44.914443970 1790.453125000 45.767513275 1826.332885742 42.204124451 1683.132080078 45.737792969 1814.719360352 42.273433685 1683.720458984 43.472866058 1733.524536133 46.282512665 1844.899291992 44.740585327 1781.913696289 45.176784515 1798.191894531 45.889762878 1830.057373047
45.707176208 1822.461669922 44.635749817 1779.015625000 45.191448212 1799.224609375 46.030414581 1836.117431641 42.317680359 1685.145141602 45.681980133 1813.251098633 42.489967346 1692.646728516 43.426670074 1730.692504883 46.270957947 1840.617065430 44.349895477 1769.247070312 44.819221497 1786.962890625 45.682987213 1823.177856445 42.095787048 1679.062377930 45.643093109 1811.700073242 42.166084290 1679.804809570 43.365013123 1729.492553711 46.196468353 1841.788818359 44.639411926 1778.268920898 45.078125000 1794.708007812 45.803909302 1826.909545898
45.620445251 1819.294311523 44.537689209 1775.427246094 45.093349457 1795.739624023 45.945419312 1832.981567383 42.206192017 1681.082519531 45.587070465 1810.183715820 42.383548737 1688.754150391 43.317699432 1726.667480469 46.178245544 1837.439331055 44.253162384 1765.625000000 44.724403381 1783.472045898 45.598579407 1820.015991211 41.987686157 1674.988525391 45.549190521 1808.672485352 42.059135437 1675.885253906 43.257522583 1725.460571289 46.110683441 1838.671630859 44.538608551 1774.617797852 44.980052948 1791.223510742 45.718246460 1823.754882812
45.533939362 1816.119995117 44.439903259 1771.832641602 44.995803833 1792.254150391 45.860588074 1829.838623047 42.095115662 1677.015625000 45.492908478 1807.108276367 42.277511597 1684.857543945 43.209148407 1722.641967773 46.086055756 1834.254394531 44.156597137 1761.996826172 44.629962921 1779.980590820 45.514270782 1816.846801758 41.879810333 1670.910400391 45.456035614 1805.636962891 41.952568054 1671.962036133 43.150371552 1721.427856445 46.025135040 1835.547851562 44.438152313 1770.960693359 44.882534027 1787.738037109 45.632759094 1820.592895508
45.447639465 1812.939453125 44.342376709 1768.231689453 44.898784637 1788.767700195 45.775909424 1826.688598633 41.984424591 1672.944580078 45.399444580 1804.024902344 42.171829224 1680.957275391 43.101005554 1718.615966797 45.994346619 1831.062866211 44.060188293 1758.362670898 44.535881042 1776.488769531 45.430053711 1813.671020508 41.772140503 1666.828247070 45.363582611 1802.593383789 41.846355438 1668.035400391 43.043548584 1717.395019531 45.939811707 1832.417236328 44.338008881 1767.297241211 44.785541534 1784.251953125 45.547431946 1817.423950195
45.361526489 1809.752319336 44.245082855 1764.624267578 44.802261353 1785.280761719 45.691360474 1823.531738281 41.874092102 1668.869018555 45.306640625 1800.933471680 42.066478729 1677.053222656 42.993244171 1714.589599609 45.903087616 1827.864501953 43.963916779 1754.722412109 44.442138672 1772.996337891 45.345916748 1810.488159180 41.664665222 1662.741943359 45.271781921 1799.541870117 41.740474701 1664.104980469 42.937030792 1713.361938477 45.854682922 1829.279907227 44.238166809 1763.628051758 44.689044952 1780.765380859 45.462245941 1814.248291016
45.275588989 1806.558593750 44.148002625 1761.010986328 44.706211090 1781.793090820 45.606933594 1820.367919922 41.764099121 1664.789306641 45.214447021 1797.834228516 41.961444855 1673.145263672 42.885841370 1710.562866211 45.812244415 1824.659179688 43.867767334 1751.076171875 44.348720551 1769.503417969 45.261840820 1807.298583984 41.557361603 1658.651611328 45.180591583 1796.482421875 41.634906769 1660.171264648 42.830806732 1709.328491211 45.769741058 1826.136230469 44.138591766 1759.952514648 44.593017578 1777.277709961 45.377185822 1811.065429688
45.189800262 1803.358276367 44.051120758 1757.391357422 44.610607147 1778.304687500 45.522605896 1817.197265625 41.654422760 1660.705078125 45.122821808 1794.727172852 41.856704712 1669.234008789 42.778781891 1706.535644531 45.721794128 1821.447387695 43.771732330 1747.423950195 44.255607605 1766.010009766 45.177818298 1804.102050781 41.450225830 1654.557006836 45.089973450 1793.415161133 41.529628754 1656.234130859 42.724857330 1705.294921875 45.684963226 1822.985839844 44.039272308 1756.271362305 44.497432709 1773.789794922 45.292236328 1807.875732422
45.104156494 1800.151855469 43.954421997 1753.765747070 44.515422821 1774.815795898 45.438373566 1814.019775391 41.545036316 1656.616943359 45.031730652 1791.612426758 41.752235413 1665.318847656 42.672050476 1702.507812500 45.631702423 1818.228881836 43.675792694 1743.765869141 44.162784576 1762.516113281 45.093841553 1800.898803711 41.343238831 1650.458618164 44.999881744 1790.339965820 41.424629211 1652.293457031 42.619171143 1701.261108398 45.600330353 1819.829223633 43.940185547 1752.584106445 44.402271271 1770.301147461 45.207386017 1804.679321289
45.018634796 1796.938964844 43.857879639 1750.133911133 44.420642853 1771.326416016 45.354217529 1810.835571289 41.435928345 1652.524780273 44.941135406 1788.489746094 41.648025513 1661.400268555 42.565624237 1698.479858398 45.541946411 1815.003784180 43.579940796 1740.101806641 44.070236206 1759.021972656 45.009895325 1797.688598633 41.236392975 1646.356323242 44.910282135 1787.257080078 41.319885254 1648.349487305 42.513729095 1697.227050781 45.515834808 1816.665893555 43.841308594 1748.890869141 44.307510376 1766.811889648 45.122619629 1801.475830078
44.933219910 1793.719726562 43.761489868 1746.496093750 44.326240540 1767.836303711 45.270130157 1807.644409180 41.327072144 1648.428466797 44.851001740 1785.359497070 41.544052124 1657.478149414 42.459487915 1694.451538086 45.452503204 1811.772216797 43.484165192 1736.432006836 43.977943420 1755.527221680 44.925971985 1794.471801758 41.129673004 1642.250000000 44.821144104 1784.166381836 41.215381622 1644.402343750 42.408523560 1693.192626953 45.431453705 1813.495971680 43.742626190 1745.192016602 44.213127136 1763.322143555 45.037929535 1798.265625000
44.847908020 1790.494018555 43.665229797 1742.852050781 44.232192993 1764.345581055 45.186096191 1804.446899414 41.218456268 1644.328125000 44.761291504 1782.221801758 41.440303802 1653.552734375 42.353626251 1690.422851562 45.363346100 1808.534057617 43.388450623 1732.756469727 43.885898590 1752.031982422 44.842063904 1791.248413086 41.023071289 1638.140136719 44.732429504 1781.068115234 41.111103058 1640.451904297 42.303543091 1689.158203125 45.347183228 1810.319824219 43.644126892 1741.487182617 44.119102478 1759.831665039 44.953300476 1795.048950195
44.762680054 1787.262207031 43.569084167 1739.202148438 44.138488770 1760.854492188 45.102108002 1801.242431641 41.110061646 1640.223876953 44.671981812 1779.076538086 41.336765289 1649.623657227 42.248027802 1686.393676758 45.274452209 1805.289428711 43.292789459 1729.074829102 43.794086456 1748.536499023 44.758163452 1788.018554688 40.916572571 1634.026367188 44.644107819 1777.962280273 41.007034302 1636.498413086 42.198772430 1685.123535156 45.263000488 1807.137207031 43.545787811 1737.776733398 44.025413513 1756.340820312 44.868721008 1791.825439453
44.677524567 1784.024047852 43.473049164 1735.546142578 44.045104980 1757.362915039 45.018150330 1798.031250000 41.001873016 1636.115722656 44.583034515 1775.923583984 41.233421326 1645.691284180 42.142673492 1682.364379883 45.185802460 1802.038452148 43.197174072 1725.387573242 43.702491760 1745.040527344 44.674259186 1784.781738281 40.810176849 1629.908813477 44.556152344 1774.848754883 40.903160095 1632.541625977 42.094200134 1681.088745117 45.178897858 1803.948120117 43.447593689 1734.060424805 43.932048798 1752.849487305 44.784179688 1788.595214844
44.592433929 1780.779907227 43.377101898 1731.884277344 43.952026367 1753.870605469 44.934219360 1794.813476562 40.893875122 1632.003784180 44.494430542 1772.763183594 41.130256653 1641.755859375 42.037555695 1678.334838867 45.097377777 1798.781250000 43.101593018 1721.694702148 43.611106873 1741.544311523 44.590343475 1781.538696289 40.703865051 1625.787475586 44.468532562 1771.727661133 40.799468994 1628.582153320 41.989814758 1677.053710938 45.094863892 1800.752929688 43.349533081 1730.338378906 43.838985443 1749.357421875 44.699668884 1785.358398438
44.507396698 1777.529418945 43.281238556 1728.216430664 43.859237671 1750.378051758 44.850303650 1791.589233398 40.786056519 1627.887939453 44.406139374 1769.595458984 41.027263641 1637.817016602 41.932659149 1674.304809570 45.009159088 1795.517578125 43.006038666 1717.995971680 43.519920349 1738.047485352 44.506412506 1778.288818359 40.597637177 1621.662475586 44.381225586 1768.599121094 40.695953369 1624.619262695 41.885612488 1673.018554688 45.010887146 1797.551269531 43.251594543 1726.610961914 43.746212006 1745.864990234 44.615180969 1782.114990234
44.422401428 1774.273071289 43.185443878 1724.542358398 43.766719818 1746.885009766 44.766395569 1788.358276367 40.678401947 1623.768188477 44.318134308 1766.420166016 40.924427032 1633.875122070 41.827972412 1670.274658203 44.921123505 1792.247802734 42.910503387 1714.291503906 43.428920746 1734.550415039 44.422458649 1775.032592773 40.491481781 1617.533935547 44.294200897 1765.463012695 40.592594147 1620.653686523 41.781578064 1668.983154297 44.926956177 1794.343383789 43.153762817 1722.877563477 43.653709412 1742.372192383 44.530704498 1778.864990234
44.337436676 1771.010498047 43.089706421 1720.862915039 43.674461365 1743.391357422 44.682483673 1785.120971680 40.570896149 1619.645141602 44.230392456 1763.237670898 40.821735382 1629.929809570 41.723487854 1666.244140625 44.833263397 1788.971679688 42.814975739 1710.581420898 43.338096619 1731.053100586 44.338474274 1771.769775391 40.385387421 1613.401977539 44.207439423 1762.319458008 40.489383698 1616.685058594 41.677703857 1664.947631836 44.843063354 1791.129272461 43.056026459 1719.138793945 43.561466217 1738.878784180 44.446235657 1775.608642578
44.252498627 1767.741821289 42.994014740 1717.177246094 43.582447052 1739.897338867 44.598567963 1781.876953125 40.463535309 1615.518066406 44.142894745 1760.047851562 40.719177246 1625.981567383 41.619186401 1662.213134766 44.745555878 1785.689453125 42.719455719 1706.865600586 43.247440338 1727.555175781 44.254455566 1768.500610352 40.279354095 1609.266113281 44.120914459 1759.168579102 40.386310577 1612.713745117 41.573986053 1660.911865234 44.759197235 1787.908935547 42.958370209 1715.394409180 43.469467163 1735.385009766 44.361759186 1772.345581055
44.167575836 1764.467041016 42.898365021 1713.485961914 43.490665436 1736.402954102 44.514633179 1778.626586914 40.356300354 1611.387573242 44.055614471 1756.850830078 40.616748810 1622.030273438 41.515068054 1658.182128906 44.657985687 1782.401000977 42.623928070 1703.144165039 43.156944275 1724.057128906 44.170391083 1765.225097656 40.173370361 1605.127075195 44.034606934 1756.010253906 40.283363342 1608.739624023 41.470409393 1656.876098633 44.675350189 1784.682373047 42.860790253 1711.644653320 43.377696991 1731.890747070 44.277271271 1769.076293945
44.082664490 1761.186401367 42.802745819 1709.788696289 43.399105072 1732.908081055 44.430675507 1775.369628906 40.249183655 1607.253295898 43.968536377 1753.646362305 40.514434814 1618.076049805 41.411113739 1654.150756836 44.570541382 1779.106323242 42.528392792 1699.417236328 43.066596985 1720.558593750 44.086284637 1761.943115234 40.067436218 1600.984497070 43.948501587 1752.844482422 40.180541992 1604.762573242 41.366970062 1652.840087891 44.591510773 1781.449462891 42.763271332 1707.889160156 43.286148071 1728.396118164 44.192768097 1765.800415039
43.997749329 1757.899780273 42.707145691 1706.085693359 43.307750702 1729.412719727 44.346687317 1772.106323242 40.142177582 1603.115478516 43.881641388 1750.434936523 40.412227631 1614.118774414 41.307323456 1650.119262695 44.483211517 1775.805908203 42.432838440 1695.684814453 42.976390839 1717.059814453 44.002120972 1758.654907227 39.961536407 1596.838500977 43.862571716 1749.671752930 40.077827454 1600.782836914 41.263660431 1648.804077148 44.507678986 1778.210693359 42.665802002 1704.128295898 43.194805145 1724.901000977 44.108238220 1762.518188477
43.912830353 1754.607177734 42.611557007 1702.376831055 43.216590881 1725.917114258 44.262664795 1768.836791992 40.035270691 1598.974365234 43.794906616 1747.216308594 40.310119629 1610.158691406 41.203681946 1646.087402344 44.395980835 1772.499267578 42.337265015 1691.946777344 42.886322021 1713.560791016 43.917903900 1755.360229492 39.855670929 1592.689208984 43.776802063 1746.491455078 39.975215912 1596.800659180 41.160472870 1644.767822266 44.423835754 1774.965698242 42.568382263 1700.362060547 43.103660583 1721.405395508 44.023677826 1759.229736328
43.827899933 1751.308837891 42.515979767 1698.662475586 43.125621796 1722.421142578 44.178600311 1765.560546875 39.928455353 1594.829711914 43.708324432 1743.990356445 40.208106995 1606.195800781 41.100185394 1642.055541992 44.308834076 1769.186767578 42.241661072 1688.203125000 42.796379089 1710.061523438 43.833625793 1752.059326172 39.749835968 1588.536621094 43.691173553 1743.303955078 39.872699738 1592.815795898 41.057403564 1640.731445312 44.339984894 1771.714599609 42.470993042 1696.590332031 43.012702942 1717.909667969 43.939079285 1755.934814453
43.742950439 1748.004516602 42.420394897 1694.942260742 43.034824371 1718.924682617 44.094490051 1762.278320312 39.821720123 1590.681762695 43.621868134 1740.757446289 40.106174469 1602.230224609 40.996822357 1638.023315430 44.221767426 1765.868286133 42.146026611 1684.454101562 42.706554413 1706.561889648 43.749282837 1748.752197266 39.644027710 1584.380615234 43.605674744 1740.109252930 39.770271301 1588.828369141 40.954444885 1636.695068359 44.256114960 1768.457397461 42.373634338 1692.813354492 42.921916962 1714.413330078 43.854438782 1752.633666992
43.657974243 1744.694213867 42.324806213 1691.216308594 42.944198608 1715.427856445 44.010326385 1758.989501953 39.715065002 1586.530273438 43.535530090 1737.517578125 40.004322052 1598.261840820 40.893589020 1633.990844727 44.134761810 1762.543701172 42.050354004 1680.699584961 42.616847992 1703.061889648 43.664867401 1745.438720703 39.538234711 1580.221557617 43.520290375 1736.907104492 39.667926788 1584.838500977 40.851589203 1632.658447266 44.172218323 1765.194091797 42.276290894 1689.030761719 42.831298828 1710.916870117 43.769752502 1749.326171875
43.572967529 1741.378173828 42.229198456 1687.484619141 42.853729248 1711.930786133 43.926105499 1755.694458008 39.608474731 1582.375610352 43.449291229 1734.270751953 39.902542114 1594.290771484 40.790481567 1629.958251953 44.047813416 1759.213378906 41.954643250 1676.939575195 42.527244568 1699.561645508 43.580379486 1742.119140625 39.432460785 1576.059204102 43.435001373 1733.698364258 39.565658569 1580.846313477 40.748832703 1628.621826172 44.088291168 1761.924682617 42.178962708 1685.243286133 42.740840912 1707.419799805 43.685016632 1746.012573242
43.487926483 1738.056518555 42.133575439 1683.747314453 42.763408661 1708.433471680 43.841827393 1752.393188477 39.501945496 1578.217773438 43.363140106 1731.016479492 39.800827026 1590.317016602 40.687484741 1625.925659180 43.960910797 1755.877319336 41.858879089 1673.173950195 42.437747955 1696.061279297 43.495815277 1738.793579102 39.326698303 1571.893798828 43.349796295 1730.481933594 39.463459015 1576.851562500 40.646171570 1624.585205078 44.004329681 1758.649414062 42.081638336 1681.450073242 42.650527954 1703.922729492 43.600219727 1742.692749023
43.402847290 1734.729003906 42.037921906 1680.004516602 42.673229218 1704.935668945 43.757480621 1749.085815430 39.395473480 1574.056518555 43.277065277 1727.755493164 39.699169159 1586.340698242 40.584598541 1621.892700195 43.874042511 1752.535400391 41.763069153 1669.403320312 42.348342896 1692.560424805 43.411170959 1735.461791992 39.220943451 1567.725463867 43.264659882 1727.258666992 39.361320496 1572.854736328 40.543598175 1620.548461914 43.920322418 1755.368286133 41.984313965 1677.651977539 42.560359955 1700.425048828 43.515361786 1739.366577148
43.317718506 1731.395629883 41.942237854 1676.255859375 42.583183289 1701.437500000 43.673065186 1745.772094727 39.289051056 1569.892333984 43.191051483 1724.487670898 39.597572327 1582.362060547 40.481815338 1617.859497070 43.787200928 1749.187622070 41.667205811 1665.627075195 42.259033203 1689.059326172 43.326446533 1732.123779297 39.115192413 1563.553833008 43.179584503 1724.028076172 39.259246826 1568.855346680 40.441108704 1616.511474609 43.836273193 1752.081054688 41.886981964 1673.848510742 42.470325470 1696.926879883 43.430438995 1736.034423828
43.232543945 1728.056884766 41.846515656 1672.501831055 42.493263245 1697.938964844 43.588573456 1742.451904297 39.182674408 1565.724853516 43.105087280 1721.212768555 39.496021271 1578.380859375 40.379131317 1613.826171875 43.700382233 1745.834350586 41.571281433 1661.845458984 42.169807434 1685.558227539 43.241630554 1728.779541016 39.009445190 1559.379150391 43.094554901 1720.790771484 39.157222748 1564.854125977 40.338699341 1612.474487305 43.752166748 1748.787841797 41.789634705 1670.039672852 42.380413055 1693.428710938 43.345447540 1732.696044922
43.147315979 1724.712280273 41.750751495 1668.742309570 42.403465271 1694.440307617 43.504009247 1739.125976562 39.076332092 1561.554443359 43.019165039 1717.931152344 39.394515991 1574.397216797 40.276538849 1609.792724609 43.613574982 1742.475219727 41.475296021 1658.058593750 42.080665588 1682.056762695 43.156730652 1725.429443359 38.903694153 1555.201782227 43.009563446 1717.546142578 39.055252075 1560.850463867 40.236366272 1608.437377930 43.668010712 1745.488769531 41.692272186 1666.225952148 42.290626526 1689.930175781 43.260379791 1729.351562500
43.062026978 1721.362060547 41.654941559 1664.977050781 42.313781738 1690.941162109 43.419361115 1735.793701172 38.970024109 1557.381103516 42.933273315 1714.642578125 39.293052673 1570.411132812 40.174034119 1605.759033203 43.526771545 1739.110229492 41.379245758 1654.266357422 41.991600037 1678.554931641 43.071735382 1722.073242188 38.797943115 1551.021484375 42.924594879 1714.294555664 38.953327179 1556.844848633 40.134105682 1604.400146484 43.583789825 1742.183837891 41.594886780 1662.407104492 42.200946808 1686.431274414 43.175239563 1726.000976562
42.976676941 1718.006103516 41.559082031 1661.206420898 42.224205017 1687.441894531 43.334629059 1732.455322266 38.863746643 1553.204711914 42.847400665 1711.347167969 39.191627502 1566.422973633 40.071613312 1601.725219727 43.439964294 1735.739868164 41.283130646 1650.468994141 41.902610779 1675.052856445 42.986648560 1718.711059570 38.692184448 1546.838256836 42.839641571 1711.035888672 38.851444244 1552.837036133 40.031909943 1600.363159180 43.499504089 1738.873168945 41.497470856 1658.582885742 42.111377716 1682.932006836 43.090015411 1722.644531250
42.891265869 1714.644775391 41.463165283 1657.430175781 42.134731293 1683.942138672 43.249813080 1729.110839844 38.757495880 1549.025390625 42.761535645 1708.044921875 39.090236664 1562.432617188 39.969272614 1597.691284180 43.353153229 1732.363647461 41.186943054 1646.666137695 41.813686371 1671.550781250 42.901462555 1715.342773438 38.586418152 1542.652221680 42.754695892 1707.770385742 38.749599457 1548.827514648 39.929782867 1596.325683594 43.415153503 1735.556518555 41.400020599 1654.753540039 42.021911621 1679.432617188 43.004711151 1719.281860352
42.805786133 1711.277709961 41.367191315 1653.648315430 42.045349121 1680.442382812 43.164905548 1725.760253906 38.651264191 1544.843139648 42.675674438 1704.736083984 38.988876343 1558.439819336 39.867004395 1593.657104492 43.266323090 1728.982055664 41.090682983 1642.858154297 41.724830627 1668.048217773 42.816181183 1711.968627930 38.480640411 1538.463623047 42.669746399 1704.497924805 38.647789001 1544.815795898 39.827713013 1592.288452148 43.330730438 1732.234008789 41.302536011 1650.919311523 41.932537079 1675.932861328 42.919322968 1715.913452148
42.720233917 1707.905029297 41.271156311 1649.861328125 41.956062317 1676.942138672 43.079906464 1722.403808594 38.545051575 1540.658203125 42.589809418 1701.420166016 38.887542725 1554.444946289 39.764804840 1589.622924805 43.179473877 1725.594726562 40.994346619 1639.044799805 41.636035919 1664.545532227 42.730800629 1708.588623047 38.374851227 1534.272094727 42.584789276 1701.218383789 38.546012878 1540.802124023 39.725704193 1588.250976562 43.246234894 1728.905761719 41.205009460 1647.080078125 41.843257904 1672.432739258 42.833843231 1712.538818359
42.634605408 1704.526855469 41.175056458 1646.068603516 41.866859436 1673.441528320 42.994812012 1719.041137695 38.438854218 1536.470458984 42.503925323 1698.097656250 38.786235809 1550.448242188 39.662677765 1585.588500977 43.092601776 1722.202148438 40.897933960 1635.226440430 41.547298431 1661.042724609 42.645313263 1705.202514648 38.269050598 1530.077880859 42.499809265 1697.932128906 38.444267273 1536.786987305 39.623748779 1584.213623047 43.161659241 1725.571533203 41.107437134 1643.235595703 41.754062653 1668.932373047 42.748275757 1709.158325195
42.548904419 1701.143432617 41.078884125 1642.270507812 41.777736664 1669.941040039 42.909622192 1715.672363281 38.332668304 1532.280029297 42.418022156 1694.768310547 38.684951782 1546.449462891 39.560607910 1581.553833008 43.005699158 1718.804077148 40.801441193 1631.402709961 41.458618164 1657.539794922 42.559726715 1701.810668945 38.163234711 1525.881347656 42.414806366 1694.638793945 38.342548370 1532.769897461 39.521842957 1580.176025391 43.077003479 1722.231811523 41.009815216 1639.386352539 41.664947510 1665.431762695 42.662612915 1705.771972656
42.463123322 1697.754272461 40.982646942 1638.467163086 41.688694000 1666.440063477 42.824333191 1712.297851562 38.226490021 1528.086791992 42.332092285 1691.432495117 38.583686829 1542.448730469 39.458602905 1577.519287109 42.918758392 1715.400268555 40.704864502 1627.573852539 41.369987488 1654.036499023 42.474029541 1698.412963867 38.057399750 1521.682128906 42.329769135 1691.338623047 38.240856171 1528.751098633 39.419990540 1576.138305664 42.992263794 1718.886230469 40.912143707 1635.531982422 41.575908661 1661.931030273 42.576854706 1702.379638672
42.377262115 1694.359863281 40.886329651 1634.658325195 41.599723816 1662.938720703 42.738941193 1708.917236328 38.120315552 1523.891113281 42.246124268 1688.089965820 38.482440948 1538.445922852 39.356651306 1573.484497070 42.831779480 1711.991210938 40.608203888 1623.739990234 41.281406403 1650.532836914 42.388229370 1695.009277344 37.951549530 1517.480468750 42.244689941 1688.031738281 38.139186859 1524.730590820 39.318180084 1572.100708008 42.907440186 1715.535034180 40.814414978 1631.672729492 41.486946106 1658.429809570 42.490997314 1698.981445312
42.291313171 1690.959838867 40.789939880 1630.844360352 41.510822296 1659.437255859 42.653446198 1705.530517578 38.014148712 1519.692871094 42.160114288 1684.740844727 38.381214142 1534.441406250 39.254753113 1569.449584961 42.744754791 1708.576660156 40.511459351 1619.900878906 41.192874908 1647.029174805 42.302318573 1691.599731445 37.845680237 1513.276245117 42.159564972 1684.717895508 38.037536621 1520.708618164 39.216415405 1568.062988281 42.822525024 1712.177978516 40.716629028 1627.808593750 41.398048401 1654.928588867 42.405040741 1695.577392578
42.205284119 1687.554565430 40.693466187 1627.024780273 41.421981812 1655.935668945 42.567844391 1702.138183594 37.907978058 1515.492187500 42.074054718 1681.384765625 38.279998779 1530.435302734 39.152908325 1565.414672852 42.657680511 1705.156860352 40.414627075 1616.056640625 41.104385376 1643.525390625 42.216297150 1688.184692383 37.739791870 1509.069702148 42.074386597 1681.397216797 37.935909271 1516.685180664 39.114692688 1564.025390625 42.737522125 1708.815307617 40.618782043 1623.939453125 41.309215546 1651.427001953 42.318984985 1692.167724609
42.119163513 1684.144042969 40.596916199 1623.199951172 41.333206177 1652.433715820 42.482139587 1698.739868164 37.801811218 1511.288940430 41.987945557 1678.022460938 38.178794861 1526.427368164 39.051109314 1561.379394531 42.570556641 1701.731689453 40.317703247 1612.207519531 41.015937805 1640.021362305 42.130165100 1684.763549805 37.633884430 1504.860839844 41.989151001 1678.069824219 37.834297180 1512.660156250 39.013011932 1559.987304688 42.652427673 1705.447021484 40.520874023 1620.065551758 41.220447540 1647.925170898 42.232826233 1688.751953125
42.032955170 1680.727783203 40.500278473 1619.369873047 41.244491577 1648.931518555 42.396324158 1695.335449219 37.695640564 1507.083374023 41.901775360 1674.653320312 38.077602386 1522.417724609 38.949356079 1557.344238281 42.483379364 1698.301025391 40.220691681 1608.353149414 40.927532196 1636.517089844 42.043922424 1681.336791992 37.527954102 1500.649658203 41.903850555 1674.735473633 37.732704163 1508.633911133 38.911365509 1555.949584961 42.567234039 1702.073120117 40.422897339 1616.186767578 41.131732941 1644.423095703 42.146560669 1685.330444336
41.946655273 1677.306518555 40.403556824 1615.534667969 41.155826569 1645.429199219 42.310398102 1691.925415039 37.589466095 1502.875610352 41.815544128 1671.277709961 37.976425171 1518.406616211 38.847644806 1553.309082031 42.396141052 1694.865356445 40.123588562 1604.493896484 40.839160919 1633.012573242 41.957565308 1677.904418945 37.422004700 1496.436401367 41.818481445 1671.394287109 37.631122589 1504.606079102 38.809757233 1551.911743164 42.481945038 1698.693603516 40.324851990 1612.303222656 41.043075562 1640.920776367 42.060192108 1681.903320312
41.860260010 1673.879882812 40.306747437 1611.693847656 41.067214966 1641.926513672 42.224361420 1688.509277344 37.483287811 1498.665283203 41.729244232 1667.895385742 37.875251770 1514.393920898 38.745979309 1549.273559570 42.308837891 1691.424072266 40.026393890 1600.629516602 40.750823975 1629.508056641 41.871089935 1674.466064453 37.316032410 1492.220947266 41.733039856 1668.046630859 37.529560089 1500.577148438 38.708179474 1547.873901367 42.396560669 1695.308471680 40.226737976 1608.414550781 40.954471588 1637.418334961 41.973712921 1678.470336914
41.773773193 1670.448120117 40.209850311 1607.848144531 40.978656769 1638.423828125 42.138210297 1685.087524414 37.377098083 1494.453125000 41.642868042 1664.506713867 37.774089813 1510.379760742 38.644348145 1545.238037109 42.221473694 1687.977905273 39.929100037 1596.760131836 40.662525177 1626.003417969 41.784503937 1671.022338867 37.210041046 1488.003417969 41.647521973 1664.692138672 37.428009033 1496.546997070 38.606636047 1543.835937500 42.311073303 1691.917846680 40.128551483 1604.521484375 40.865913391 1633.915771484 41.887123108 1675.031738281
41.687191010 1667.010742188 40.112861633 1603.997192383 40.890140533 1634.920776367 42.051948547 1681.659912109 37.270904541 1490.238647461 41.556419373 1661.111572266 37.672939301 1506.364379883 38.542751312 1541.202392578 42.134040833 1684.526245117 39.831714630 1592.885864258 40.574253082 1622.498413086 41.697799683 1667.572753906 37.104022980 1483.783691406 41.561916351 1661.330688477 37.326473236 1492.515625000 38.505123138 1539.797851562 42.225486755 1688.521484375 40.030292511 1600.623657227 40.777404785 1630.412841797 41.800426483 1671.587402344
41.600509644 1663.568481445 40.015781403 1600.140991211 40.801666260 1631.417602539 41.965568542 1678.226440430 37.164703369 1486.021972656 41.469886780 1657.709716797 37.571792603 1502.347534180 38.441192627 1537.166748047 42.046539307 1681.069580078 39.734233856 1589.006469727 40.486011505 1618.993164062 41.610977173 1664.117431641 36.997985840 1479.562133789 41.476226807 1657.962646484 37.224948883 1488.483154297 38.403636932 1535.759887695 42.139797211 1685.119873047 39.931953430 1596.720825195 40.688938141 1626.909667969 41.713619232 1668.137207031
41.513732910 1660.120727539 39.918605804 1596.279663086 40.713237762 1627.914184570 41.879074097 1674.787109375 37.058490753 1481.803222656 41.383266449 1654.301391602 37.470653534 1498.329589844 38.339668274 1533.130737305 41.958961487 1677.607788086 39.636653900 1585.122436523 40.397796631 1615.487915039 41.524040222 1660.656616211 36.891929626 1475.338623047 41.390449524 1654.587890625 37.123435974 1484.449829102 38.302181244 1531.721801758 42.054000854 1681.712402344 39.833541870 1592.813598633 40.600509644 1623.406250000 41.626697540 1664.681640625
41.426856995 1656.668090820 39.821338654 1592.413208008 40.624847412 1624.410644531 41.792465210 1671.342285156 36.952270508 1477.582641602 41.296562195 1650.886840820 37.369518280 1494.310424805 38.238170624 1529.094970703 41.871311188 1674.140869141 39.538978577 1581.233398438 40.309608459 1611.982666016 41.436981201 1657.190185547 36.785846710 1471.113159180 41.304576874 1651.206542969 37.021934509 1480.415527344 38.200748444 1527.683837891 41.968101501 1678.299682617 39.735050201 1588.901489258 40.512123108 1619.902954102 41.539661407 1661.220214844
41.339878082 1653.210083008 39.723972321 1588.541503906 40.536491394 1620.906738281 41.705734253 1667.891601562 36.846038818 1473.360351562 41.209762573 1647.465576172 37.268394470 1490.290039062 38.136703491 1525.058959961 41.783584595 1670.668579102 39.441204071 1577.339477539 40.221446991 1608.477050781 41.349807739 1653.718261719 36.679744720 1466.886108398 41.218605042 1647.818481445 36.920448303 1476.380126953 38.099342346 1523.645507812 41.882091522 1674.881469727 39.636478424 1584.984741211 40.423774719 1616.399291992 41.452514648 1657.753417969
41.252799988 1649.746826172 39.626510620 1584.665039062 40.448173523 1617.402832031 41.618885040 1664.435302734 36.739795685 1469.135864258 41.122871399 1644.037841797 37.167274475 1486.268676758 38.035263062 1521.022827148 41.695777893 1667.191528320 39.343330383 1573.440795898 40.133308411 1604.971313477 41.262512207 1650.240722656 36.573623657 1462.657104492 41.132530212 1644.423706055 36.818969727 1472.343994141 37.997955322 1519.607421875 41.795978546 1671.457763672 39.537822723 1581.063476562 40.335456848 1612.895385742 41.365249634 1654.280883789
41.165622711 1646.278808594 39.528949738 1580.783325195 40.359886169 1613.898559570 41.531917572 1660.973144531 36.633544922 1464.909912109 41.035881042 1640.603881836 37.066162109 1482.246582031 37.933853149 1516.986694336 41.607891083 1663.709228516 39.245357513 1569.536987305 40.045192719 1601.465454102 41.175094604 1646.757690430 36.467479706 1458.426513672 41.046356201 1641.022338867 36.717506409 1468.307373047 37.896591187 1515.569335938 41.709754944 1668.028686523 39.439086914 1577.137573242 40.247177124 1609.391235352 41.277870178 1650.802856445
41.078338623 1642.805419922 39.431289673 1576.896362305 40.271629333 1610.394165039 41.444828033 1657.505371094 36.527278900 1460.682128906 40.948787689 1637.163452148 36.965057373 1478.223266602 37.832462311 1512.950439453 41.519920349 1660.221923828 39.147285461 1565.628662109 39.957096100 1597.959472656 41.087558746 1643.268798828 36.361316681 1454.194580078 40.960071564 1637.614135742 36.616050720 1464.269897461 37.795249939 1511.531005859 41.623420715 1664.594238281 39.340267181 1573.207031250 40.158924103 1605.887084961 41.190372467 1647.319213867
40.990951538 1639.327026367 39.333530426 1573.004760742 40.183403015 1606.889648438 41.357616425 1654.031982422 36.421005249 1456.452758789 40.861591339 1633.716552734 36.863956451 1474.199218750 37.731098175 1508.914306641 41.431865692 1656.729736328 39.049110413 1561.715576172 39.869018555 1594.453247070 40.999900818 1639.774658203 36.255134583 1449.960815430 40.873680115 1634.199462891 36.514610291 1460.231811523 37.693927765 1507.492919922 41.536979675 1661.154174805 39.241359711 1569.271972656 40.070701599 1602.382568359 41.102760315 1643.830078125
40.903461456 1635.843505859 39.235671997 1569.108032227 40.095207214 1603.385009766 41.270286560 1650.552978516 36.314720154 1452.221801758 40.774288177 1630.263305664 36.762866974 1470.174438477 37.629756927 1504.877807617 41.343723297 1653.232421875 38.950836182 1557.797607422 39.780960083 1590.947021484 40.912120819 1636.274902344 36.148933411 1445.725708008 40.787174225 1630.778198242 36.413181305 1456.193237305 37.592624664 1503.454467773 41.450424194 1657.708862305 39.142372131 1565.332397461 39.982505798 1598.878051758 41.015026093 1640.335205078
40.815868378 1632.355224609 39.137710571 1565.206176758 40.007034302 1599.880126953 41.182834625 1647.068237305 36.208423615 1447.989257812 40.686878204 1626.803710938 36.661769867 1466.148559570 37.528434753 1500.841430664 41.255496979 1649.730224609 38.852458954 1553.874877930 39.692920685 1587.440673828 40.824218750 1632.769775391 36.042713165 1441.489013672 40.700557709 1627.350341797 36.311756134 1452.153808594 37.491336823 1499.416259766 41.363758087 1654.258300781 39.043296814 1561.388427734 39.894336700 1595.373168945 40.927177429 1636.835205078
40.728164673 1628.861816406 39.039649963 1561.299560547 39.918884277 1596.375244141 41.095256805 1643.577758789 36.102115631 1443.755371094 40.599353790 1623.337890625 36.560668945 1462.121459961 37.427131653 1496.804931641 41.167182922 1646.223144531 38.753982544 1549.947509766 39.604896545 1583.934082031 40.736194611 1629.259277344 35.936477661 1437.251342773 40.613819122 1623.915893555 36.210330963 1448.113403320 37.390068054 1495.377929688 41.276981354 1650.802490234 38.944133759 1557.439819336 39.806190491 1591.868286133 40.839210510 1633.329467773
40.640361786 1625.363281250 38.941486359 1557.388061523 39.830760956 1592.869873047 41.007556915 1640.082031250 35.995800018 1439.520141602 40.511718750 1619.865478516 36.459560394 1458.093139648 37.325847626 1492.768188477 41.078777313 1642.710937500 38.655403137 1546.015502930 39.516887665 1580.427246094 40.648048401 1625.743164062 35.830226898 1433.012207031 40.526962280 1620.474609375 36.108901978 1444.072021484 37.288814545 1491.339477539 41.190090179 1647.341064453 38.844882965 1553.486938477 39.718070984 1588.363159180 40.751121521 1629.818359375
40.552448273 1621.859863281 38.843219757 1553.471801758 39.742656708 1589.364624023 40.919734955 1636.580566406 35.889476776 1435.283569336 40.423965454 1616.386718750 36.358444214 1454.063720703 37.224582672 1488.731811523 40.990280151 1639.193969727 38.556724548 1542.078735352 39.428894043 1576.920288086 40.559780121 1622.221923828 35.723960876 1428.771972656 40.439987183 1617.027099609 36.007476807 1440.029907227 37.187576294 1487.301391602 41.103084564 1643.874633789 38.745540619 1549.529541016 39.629970551 1584.857910156 40.662914276 1626.302001953
40.464427948 1618.351440430 38.744853973 1549.550537109 39.654575348 1585.859130859 40.831787109 1633.073608398 35.783142090 1431.045776367 40.336097717 1612.901855469 36.257320404 1450.033325195 37.123332977 1484.694946289 40.901691437 1635.672241211 38.457942963 1538.137451172 39.340911865 1573.413452148 40.471389771 1618.695068359 35.617679596 1424.530639648 40.352886200 1613.572875977 35.906047821 1435.987060547 37.086353302 1483.262817383 41.015964508 1640.402709961 38.646114349 1545.567749023 39.541889191 1581.352416992 40.574584961 1622.780029297
40.376304626 1614.838256836 38.646381378 1545.624267578 39.566509247 1582.353393555 40.743717194 1629.561035156 35.676799774 1426.806884766 40.248111725 1609.410644531 36.156188965 1446.001708984 37.022098541 1480.658081055 40.813011169 1632.145629883 38.359058380 1534.191528320 39.252944946 1569.906250000 40.382877350 1615.162963867 35.511386871 1420.288208008 40.265663147 1610.112060547 35.804615021 1431.943237305 36.985141754 1479.224365234 40.928733826 1636.925659180 38.546600342 1541.601562500 39.453830719 1577.847045898 40.486137390 1619.252807617
40.288070679 1611.320068359 38.547805786 1541.693359375 39.478466034 1578.847656250 40.655521393 1626.042846680 35.570449829 1422.567138672 40.160003662 1605.913085938 36.055049896 1441.968994141 36.920883179 1476.621215820 40.724239349 1628.614257812 38.260074615 1530.241210938 39.164989471 1566.399169922 40.294239044 1611.625366211 35.405086517 1416.044921875 40.178310394 1606.644775391 35.703182220 1427.898437500 36.883941650 1475.186035156 40.841384888 1633.443481445 38.446994781 1537.631103516 39.365787506 1574.341186523 40.397567749 1615.719970703
40.199729919 1607.796997070 38.449127197 1537.757812500 39.390438080 1575.341674805 40.567199707 1622.519287109 35.464096069 1418.326049805 40.071773529 1602.409179688 35.953899384 1437.935302734 36.819679260 1472.584350586 40.635368347 1625.077880859 38.160984039 1526.286132812 39.077045441 1562.891845703 40.205482483 1608.082397461 35.298770905 1411.800659180 40.090827942 1603.171020508 35.601741791 1423.853027344 36.782756805 1471.147583008 40.753925323 1629.956054688 38.347297668 1533.656494141 39.277763367 1570.835205078 40.308879852 1612.181884766
40.111282349 1604.269042969 38.350349426 1533.817382812 39.302425385 1571.835571289 40.478755951 1618.990234375 35.357738495 1414.084350586 39.983421326 1598.899169922 35.852741241 1433.900512695 36.718486786 1468.547363281 40.546405792 1621.536865234 38.061798096 1522.326538086 38.989109039 1559.384277344 40.116600037 1604.534301758 35.192447662 1407.555908203 40.003219604 1599.690551758 35.500301361 1419.806762695 36.681579590 1467.109375000 40.666347504 1626.463256836 38.247512817 1529.677246094 39.189754486 1567.329467773 40.220066071 1608.638427734
40.022727966 1600.736450195 38.251464844 1529.872436523 39.214427948 1568.329345703 40.390182495 1615.455688477 35.251373291 1409.841552734 39.894939423 1595.382690430 35.751571655 1429.864624023 36.617309570 1464.510253906 40.457347870 1617.991210938 37.962505341 1518.362548828 38.901187897 1555.876831055 40.027591705 1600.980834961 35.086120605 1403.310180664 39.915477753 1596.203735352 35.398857117 1415.759765625 36.580417633 1463.070678711 40.578655243 1622.965454102 38.147640228 1525.693969727 39.101760864 1563.823242188 40.131134033 1605.089721680
39.934062958 1597.198730469 38.152473450 1525.922729492 39.126445770 1564.822875977 40.301486969 1611.915893555 35.144992828 1405.597778320 39.806335449 1591.860107422 35.650390625 1425.828002930 36.516143799 1460.473266602 40.368190765 1614.440795898 37.863113403 1514.394042969 38.813270569 1552.369018555 39.938461304 1597.422119141 34.979766846 1399.063110352 39.827602386 1592.710327148 35.297405243 1411.712036133 36.479263306 1459.032348633 40.490844727 1619.462524414 38.047676086 1521.706665039 39.013778687 1560.316894531 40.042079926 1601.535644531
39.845294952 1593.656494141 38.053382874 1521.968261719 39.038478851 1561.316406250 40.212665558 1608.370483398 35.038597107 1401.352539062 39.717601776 1588.331298828 35.549201965 1421.790283203 36.414985657 1456.436157227 40.278942108 1610.885620117 37.763622284 1510.421386719 38.725364685 1548.861328125 39.849208832 1593.858032227 34.873397827 1394.815185547 39.739593506 1589.210449219 35.195949554 1407.663574219 36.378120422 1454.993774414 40.402919769 1615.954711914 37.947620392 1517.714965820 38.925811768 1556.810546875 39.952903748 1597.976196289
39.756416321 1590.109619141 37.954189301 1518.009277344 38.950519562 1557.809814453 40.123718262 1604.819702148 34.932182312 1397.106079102 39.628738403 1584.796142578 35.447998047 1417.751464844 36.313842773 1452.398925781 40.189590454 1607.325927734 37.664028168 1506.444091797 38.637466431 1545.353393555 39.759834290 1590.288818359 34.767002106 1390.565795898 39.651447296 1585.704101562 35.094486237 1403.614135742 36.276985168 1450.955322266 40.314880371 1612.441650391 37.847476959 1513.719238281 38.837860107 1553.303833008 39.863609314 1594.411865234
39.667427063 1586.557739258 37.854892731 1514.045654297 38.862575531 1554.303100586 40.034645081 1601.263427734 34.825748444 1392.858398438 39.539749146 1581.254882812 35.346786499 1413.712036133 36.212707520 1448.361694336 40.100143433 1603.761596680 37.564334869 1502.462402344 38.549579620 1541.845458984 39.670333862 1586.714233398 34.660587311 1386.315185547 39.563167572 1582.191406250 34.993019104 1399.564331055 36.175857544 1446.916748047 40.226726532 1608.923217773 37.747241974 1509.719238281 38.749916077 1549.797119141 39.774188995 1590.841918945
39.578330994 1583.000976562 37.755493164 1510.077514648 38.774642944 1550.796142578 39.945449829 1597.702026367 34.719299316 1388.609375000 39.450622559 1577.707519531 35.245563507 1409.671386719 36.111583710 1444.324340820 40.010601044 1600.192382812 37.464542389 1498.476562500 38.461696625 1538.337280273 39.580715179 1583.134521484 34.554153442 1382.063476562 39.474746704 1578.672119141 34.891548157 1395.513671875 36.074741364 1442.878295898 40.138454437 1605.400024414 37.646915436 1505.715209961 38.661987305 1546.290283203 39.684650421 1587.266967773
39.489128113 1579.439819336 37.655990601 1506.104980469 38.686717987 1547.288940430 39.856124878 1594.135131836 34.612831116 1384.359252930 39.361366272 1574.153808594 35.144325256 1405.629882812 36.010467529 1440.287109375 39.920955658 1596.618896484 37.364646912 1494.486328125 38.373821259 1534.828979492 39.490970612 1579.549804688 34.447696686 1377.810546875 39.386188507 1575.146362305 34.790065765 1391.462280273 35.973628998 1438.839843750 40.050067902 1601.871826172 37.546501160 1501.707153320 38.574066162 1542.783325195 39.594985962 1583.686645508
39.399818420 1575.874023438 37.556388855 1502.127807617 38.598804474 1543.781860352 39.766674042 1590.562988281 34.506347656 1380.108154297 39.271980286 1570.593994141 35.043079376 1401.587524414 35.909358978 1436.249633789 39.831214905 1593.040527344 37.264656067 1490.491821289 38.285949707 1531.320800781 39.401100159 1575.959594727 34.341217041 1373.556884766 39.297492981 1571.614135742 34.688579559 1387.410156250 35.872528076 1434.801147461 39.961566925 1598.338378906 37.445999146 1497.694946289 38.486156464 1539.276245117 39.505203247 1580.101074219
39.310401917 1572.303466797 37.456684113 1498.146484375 38.510902405 1540.274658203 39.677101135 1586.985229492 34.399845123 1375.855590820 39.182456970 1567.027832031 34.941818237 1397.544311523 35.808258057 1432.212402344 39.741374969 1589.457885742 37.164566040 1486.493286133 38.198085785 1527.812377930 39.311111450 1572.364501953 34.234718323 1369.301635742 39.208656311 1568.075561523 34.587085724 1383.357421875 35.771430969 1430.762695312 39.872947693 1594.800170898 37.345405579 1493.678955078 38.398254395 1535.769165039 39.415298462 1576.510375977
39.220874786 1568.728271484 37.356876373 1494.160400391 38.423007965 1536.767211914 39.587398529 1583.402465820 34.293323517 1371.602050781 39.092800140 1563.455688477 34.840545654 1393.500244141 35.707168579 1428.174804688 39.651435852 1585.870483398 37.064376831 1482.490356445 38.110229492 1524.303833008 39.220996857 1568.764038086 34.128200531 1365.045532227 39.119678497 1564.530517578 34.485584259 1379.304077148 35.670341492 1426.723999023 39.784214020 1591.256958008 37.244728088 1489.658935547 38.310359955 1532.261840820 39.325267792 1572.914672852
39.131240845 1565.148437500 37.256969452 1490.170166016 38.335117340 1533.259765625 39.497573853 1579.814331055 34.186782837 1367.347412109 39.003005981 1559.877441406 34.739261627 1389.455322266 35.606082916 1424.137329102 39.561397552 1582.278686523 36.964092255 1478.483398438 38.022377014 1520.795166016 39.130760193 1565.158569336 34.021663666 1360.788452148 39.030555725 1560.979125977 34.384078979 1375.250122070 35.569259644 1422.685546875 39.695365906 1587.708862305 37.143955231 1485.634887695 38.222476959 1528.754272461 39.235122681 1569.313842773
39.041500092 1561.564331055 37.156959534 1486.175415039 38.247238159 1529.752075195 39.407623291 1576.220825195 34.080226898 1363.091796875 38.913074493 1556.292968750 34.637966156 1385.409423828 35.505004883 1420.099609375 39.471260071 1578.682617188 36.863708496 1474.472290039 37.934528351 1517.286499023 39.040405273 1561.547973633 33.915103912 1356.530273438 38.941291809 1557.421142578 34.282562256 1371.195312500 35.468185425 1418.646850586 39.606403351 1584.155883789 37.043098450 1481.607055664 38.134597778 1525.246826172 39.144851685 1565.707641602
38.951652527 1557.975341797 37.056854248 1482.176635742 38.159366608 1526.244384766 39.317546844 1572.622192383 33.973651886 1358.834838867 38.823009491 1552.702270508 34.536659241 1381.362915039 35.403930664 1416.062133789 39.381027222 1575.081787109 36.763229370 1470.457153320 37.846683502 1513.777587891 38.949924469 1557.932373047 33.808528900 1352.270996094 38.851886749 1553.857055664 34.181037903 1367.140136719 35.367111206 1414.608276367 39.517326355 1580.597900391 36.942153931 1477.575561523 38.046726227 1521.739013672 39.054458618 1562.096557617
38.861698151 1554.381958008 36.956649780 1478.173706055 38.071498871 1522.736450195 39.227344513 1569.018310547 33.867061615 1354.577148438 38.732807159 1549.105468750 34.435337067 1377.315551758 35.302864075 1412.024536133 39.290691376 1571.476806641 36.662654877 1466.437988281 37.758846283 1510.268798828 38.859321594 1554.311767578 33.701931000 1348.010864258 38.762332916 1550.286254883 34.079509735 1363.084228516 35.266048431 1410.569702148 39.428131104 1577.035278320 36.841121674 1473.540161133 37.958862305 1518.231323242 38.963947296 1558.480224609
38.771636963 1550.783935547 36.856346130 1474.166381836 37.983638763 1519.228515625 39.137020111 1565.409301758 33.760452271 1350.318481445 38.642463684 1545.502563477 34.334003448 1373.267456055 35.201805115 1407.986816406 39.200256348 1567.867309570 36.561985016 1462.414794922 37.671009064 1506.759765625 38.768600464 1550.686035156 33.595314026 1343.749755859 38.672637939 1546.709228516 33.977970123 1359.027954102 35.164985657 1406.531005859 39.338825226 1573.467651367 36.740005493 1469.500854492 37.871006012 1514.723388672 38.873313904 1554.858886719
38.681472778 1547.181518555 36.755943298 1470.154785156 37.895786285 1515.720581055 39.046569824 1561.794921875 33.653823853 1346.058593750 38.551982880 1541.893676758 34.232658386 1369.218505859 35.100749969 1403.949218750 39.109722137 1564.253295898 36.461219788 1458.387695312 37.583179474 1503.250610352 38.677757263 1547.055297852 33.488677979 1339.487670898 38.582798004 1543.125854492 33.876426697 1354.970703125 35.063930511 1402.492431641 39.249401093 1569.895141602 36.638801575 1465.458007812 37.783153534 1511.215454102 38.782558441 1551.232666016
38.591197968 1543.574707031 36.655445099 1466.139282227 37.807937622 1512.212280273 38.955993652 1558.175415039 33.547180176 1341.797851562 38.461364746 1538.278686523 34.131301880 1365.168823242 34.999698639 1399.911376953 39.019088745 1560.635253906 36.360363007 1454.356567383 37.495349884 1499.741577148 38.586791992 1543.419433594 33.382022858 1335.224609375 38.492809296 1539.536132812 33.774871826 1350.913330078 34.962879181 1398.453735352 39.159866333 1566.318115234 36.537509918 1461.411254883 37.695304871 1507.707275391 38.691684723 1547.601318359
38.500820160 1539.963378906 36.554851532 1462.119750977 37.720092773 1508.703979492 38.865295410 1554.550781250 33.440521240 1337.536132812 38.370605469 1534.657348633 34.029933929 1361.118530273 34.898654938 1395.873657227 38.928359985 1557.012573242 36.259414673 1450.321655273 37.407524109 1496.232299805 38.495704651 1539.778808594 33.275352478 1330.960693359 38.402675629 1535.939941406 33.673309326 1346.855102539 34.861831665 1394.415283203 39.070217133 1562.736206055 36.436138153 1457.361083984 37.607463837 1504.199096680 38.600688934 1543.964843750
38.410335541 1536.347656250 36.454162598 1458.095947266 37.632251740 1505.195678711 38.774471283 1550.921142578 33.333843231 1333.273681641 38.279708862 1531.030151367 33.928550720 1357.067260742 34.797611237 1391.835815430 38.837528229 1553.385742188 36.158374786 1446.282836914 37.319702148 1492.723022461 38.404499054 1536.133178711 33.168663025 1326.695922852 38.312397003 1532.337646484 33.571739197 1342.796386719 34.760791779 1390.376586914 38.980457306 1559.149414062 36.334678650 1453.307128906 37.519626617 1500.690795898 38.509574890 1540.323608398
38.319747925 1532.727539062 36.353378296 1454.068115234 37.544418335 1501.687133789 38.683525085 1547.286376953 33.227146149 1329.010009766 38.188667297 1527.396850586 33.827156067 1353.015502930 34.696575165 1387.797973633 38.746601105 1549.754516602 36.057243347 1442.240356445 37.231880188 1489.213623047 38.313171387 1532.482543945 33.061954498 1322.430297852 38.221969604 1528.728759766 33.470161438 1338.737182617 34.659751892 1386.337768555 38.890579224 1555.557983398 36.233139038 1449.249755859 37.431793213 1497.182495117 38.418338776 1536.677124023
38.229053497 1529.103027344 36.252498627 1450.036743164 37.456588745 1498.178588867 38.592456818 1543.646362305 33.120433807 1324.745483398 38.097488403 1523.757446289 33.725749969 1348.963012695 34.595542908 1383.760131836 38.655574799 1546.119262695 35.956024170 1438.194213867 37.144062042 1485.704101562 38.221725464 1528.826904297 32.955226898 1318.163818359 38.131393433 1525.113525391 33.368576050 1334.677368164 34.558715820 1382.299316406 38.800594330 1551.961914062 36.131515503 1445.188842773 37.343963623 1493.673950195 38.326984406 1533.026123047
38.138259888 1525.474243164 36.151531219 1446.001342773 37.368759155 1494.669921875 38.501262665 1540.001342773 33.013706207 1320.480224609 38.006168365 1520.112182617 33.624332428 1344.909790039 34.494514465 1379.722167969 38.564449310 1542.479736328 35.854713440 1434.144287109 37.056247711 1482.194458008 38.130157471 1525.166503906 32.848484039 1313.896362305 38.040672302 1521.492065430 33.266983032 1330.617187500 34.457683563 1378.260620117 38.710494995 1548.361206055 36.029811859 1441.124389648 37.256137848 1490.165283203 38.235507965 1529.369873047
38.047355652 1521.841186523 36.050468445 1441.962036133 37.280937195 1491.161254883 38.409946442 1536.351318359 32.906963348 1316.214233398 37.914707184 1516.460693359 33.522903442 1340.855957031 34.393489838 1375.684204102 38.473228455 1538.836059570 35.753314972 1430.090698242 36.968433380 1478.684936523 38.038471222 1521.501098633 32.741722107 1309.628417969 37.949802399 1517.864379883 33.165382385 1326.556396484 34.356655121 1374.221923828 38.620285034 1544.755859375 35.928028107 1437.056518555 37.168319702 1486.656616211 38.143917084 1525.708862305
37.956352234 1518.203735352 35.949317932 1437.918945312 37.193115234 1487.652465820 38.318508148 1532.696166992 32.800205231 1311.947143555 37.823104858 1512.803222656 33.421459198 1336.801513672 34.292465210 1371.646362305 38.381908417 1535.188232422 35.651832581 1426.033569336 36.880622864 1475.175292969 37.946670532 1517.830932617 32.634948730 1305.359375000 37.858783722 1514.230224609 33.063774109 1322.495239258 34.255630493 1370.183349609 38.529964447 1541.145874023 35.826160431 1432.985473633 37.080497742 1483.147949219 38.052204132 1522.042846680
37.865245819 1514.562133789 35.848079681 1433.872192383 37.105297089 1484.143432617 38.226951599 1529.036254883 32.693428040 1307.679443359 37.731357574 1509.139648438 33.320007324 1332.746459961 34.191448212 1367.608276367 38.290493011 1531.536132812 35.550262451 1421.972900391 36.792816162 1471.665527344 37.854747772 1514.156005859 32.528152466 1301.089721680 37.767616272 1510.589843750 32.962158203 1318.433471680 34.154609680 1366.144653320 38.439533234 1537.531250000 35.724216461 1428.910888672 36.992683411 1479.639160156 37.960376740 1518.372070312
37.774040222 1510.916381836 35.746749878 1429.821777344 37.017482758 1480.634277344 38.135269165 1525.370971680 32.586635590 1303.410766602 37.639472961 1505.470214844 33.218544006 1328.690673828 34.090431213 1363.570190430 38.198978424 1527.879882812 35.448608398 1417.908691406 36.705005646 1468.155517578 37.762706757 1510.475952148 32.421344757 1296.819213867 37.676300049 1506.943237305 32.860534668 1314.371215820 34.053588867 1362.105957031 38.348991394 1533.912353516 35.622196198 1424.833129883 36.904869080 1476.130126953 37.868427277 1514.696289062
37.682727814 1507.266113281 35.645332336 1425.767700195 36.929668427 1477.125244141 38.043464661 1521.701049805 32.479827881 1299.141479492 37.547443390 1501.794799805 33.117065430 1324.634277344 33.989418030 1359.532104492 38.107368469 1524.219604492 35.346870422 1413.841064453 36.617198944 1464.645629883 37.670547485 1506.791503906 32.314517975 1292.548217773 37.584835052 1503.290405273 32.758899689 1310.308593750 33.952571869 1358.067260742 38.258342743 1530.288818359 35.520099640 1420.752075195 36.817058563 1472.621093750 37.776363373 1511.015869141
37.591316223 1503.612060547 35.543830872 1421.709960938 36.841861725 1473.616088867 37.951541901 1518.026000977 32.373008728 1294.871337891 37.455268860 1498.113281250 33.015579224 1320.577392578 33.888404846 1355.494140625 38.015663147 1520.555541992 35.245052338 1409.770019531 36.529396057 1461.135620117 37.578273773 1503.102050781 32.207679749 1288.276123047 37.493221283 1499.631103516 32.657260895 1306.245605469 33.851558685 1354.028686523 38.167583466 1526.660644531 35.417922974 1416.667846680 36.729251862 1469.111938477 37.684177399 1507.330566406
37.499805450 1499.953613281 35.442245483 1417.648803711 36.754051208 1470.106811523 37.859497070 1514.345947266 32.266170502 1290.600463867 37.362957001 1494.425903320 32.914081573 1316.519897461 33.787395477 1351.455932617 37.923862457 1516.887207031 35.143150330 1405.695678711 36.441589355 1457.625610352 37.485881805 1499.407836914 32.100822449 1284.003662109 37.401458740 1495.965698242 32.555614471 1302.182006836 33.750549316 1349.989990234 38.076713562 1523.028320312 35.315673828 1412.580444336 36.641445160 1465.602661133 37.591880798 1503.640380859
37.408191681 1496.291259766 35.340576172 1413.584106445 36.666244507 1466.597412109 37.767333984 1510.661254883 32.159320831 1286.328735352 37.270500183 1490.732543945 32.812572479 1312.461791992 33.686389923 1347.417846680 37.831966400 1513.214721680 35.041172028 1401.618041992 36.353786469 1454.115356445 37.393371582 1495.708862305 31.993951797 1279.730346680 37.309547424 1492.294189453 32.453960419 1298.118041992 33.649539948 1345.951171875 37.985740662 1519.391357422 35.213352203 1408.490112305 36.553642273 1462.093505859 37.499462128 1499.945678711
37.316478729 1492.624633789 35.238826752 1409.516235352 36.578441620 1463.088134766 37.675048828 1506.971679688 32.052452087 1282.056518555 37.177902222 1487.033081055 32.711051941 1308.403076172 33.585384369 1343.379638672 37.739978790 1509.538574219 34.939113617 1397.537353516 36.265987396 1450.605346680 37.300746918 1492.005371094 31.887065887 1275.456298828 37.217483521 1488.616210938 32.352298737 1294.053710938 33.548530579 1341.912475586 37.894657135 1515.750122070 35.110958099 1404.396606445 36.465839386 1458.584106445 37.406932831 1496.246215820
37.224670410 1488.954101562 35.136993408 1405.444946289 36.490638733 1459.578613281 37.582645416 1503.276977539 31.945573807 1277.783447266 37.085159302 1483.327758789 32.609519958 1304.343994141 33.484382629 1339.341430664 37.647891998 1505.858276367 34.836978912 1393.453369141 36.178184509 1447.095214844 37.208007812 1488.296997070 31.780164719 1271.181762695 37.125270844 1484.932128906 32.250629425 1289.989013672 33.447525024 1337.873901367 37.803470612 1512.104492188 35.008495331 1400.300048828 36.378040314 1455.074829102 37.314285278 1492.541870117
37.132759094 1485.279296875 35.035083771 1401.370239258 36.402839661 1456.068969727 37.490123749 1499.577636719 31.838678360 1273.509765625 36.992275238 1479.616455078 32.507980347 1300.284301758 33.383384705 1335.303222656 37.555713654 1502.174072266 34.734767914 1389.366210938 36.090385437 1443.584716797 37.115154266 1484.583984375 31.673252106 1266.906494141 37.032913208 1481.241821289 32.148952484 1285.923828125 33.346523285 1333.835205078 37.712173462 1508.454467773 34.905956268 1396.200805664 36.290241241 1451.565185547 37.221523285 1488.832885742
37.040752411 1481.600708008 34.933094025 1397.292480469 36.315036774 1452.559326172 37.397483826 1495.873535156 31.731771469 1269.235595703 36.899250031 1475.899291992 32.406429291 1296.223999023 33.282386780 1331.265014648 37.463443756 1498.486206055 34.632484436 1385.276245117 36.002586365 1440.074340820 37.022182465 1480.866455078 31.566324234 1262.630737305 36.940402985 1477.545288086 32.047267914 1281.858398438 33.245521545 1329.796508789 37.620777130 1504.800292969 34.803352356 1392.098632812 36.202442169 1448.055664062 37.128643036 1485.119384766
36.948650360 1477.918090820 34.831027985 1393.211547852 36.227241516 1449.049560547 37.304725647 1492.164672852 31.624849319 1264.960571289 36.806079865 1472.176147461 32.304866791 1292.163208008 33.181388855 1327.226806641 37.371078491 1494.794311523 34.530124664 1381.183105469 35.914787292 1436.563964844 36.929100037 1477.144287109 31.459381104 1258.354248047 36.847740173 1473.842651367 31.945575714 1277.792358398 33.144523621 1325.757812500 37.529273987 1501.141601562 34.700683594 1387.993774414 36.114646912 1444.545898438 37.035652161 1481.401123047
36.856449127 1474.231445312 34.728889465 1389.127563477 36.139442444 1445.539794922 37.211853027 1488.451049805 31.517913818 1260.684936523 36.712768555 1468.447387695 32.203292847 1288.102172852 33.080394745 1323.188476562 37.278625488 1491.098632812 34.427696228 1377.087158203 35.826988220 1433.053466797 36.835903168 1473.417480469 31.352426529 1254.077148438 36.754932404 1470.133789062 31.843877792 1273.726074219 33.043525696 1321.719116211 37.437667847 1497.479003906 34.597946167 1383.885986328 36.026851654 1441.036254883 36.942550659 1477.678222656
36.764152527 1470.541015625 34.626674652 1385.040405273 36.051647186 1442.029907227 37.118862152 1484.732421875 31.410966873 1256.408691406 36.619312286 1464.712402344 32.101711273 1284.040405273 32.979400635 1319.150146484 37.186077118 1487.399169922 34.325199127 1372.988281250 35.739189148 1429.542846680 36.742595673 1469.686035156 31.245460510 1249.799438477 36.661975861 1466.418823242 31.742174149 1269.659301758 32.942527771 1317.680419922 37.345958710 1493.812011719 34.495143890 1379.775634766 35.939056396 1437.526489258 36.849330902 1473.950683594
36.671764374 1466.846923828 34.524391174 1380.950439453 35.963851929 1438.520019531 37.025753021 1481.009399414 31.304006577 1252.131835938 36.525714874 1460.971801758 32.000122070 1279.978271484 32.878406525 1315.111816406 37.093441010 1483.696044922 34.222629547 1368.886718750 35.651393890 1426.032348633 36.649173737 1465.950073242 31.138479233 1245.521362305 36.568866730 1462.697631836 31.640462875 1265.592407227 32.841533661 1313.641845703 37.254146576 1490.140991211 34.392280579 1375.662719727 35.851264954 1434.016479492 36.756000519 1470.218750000
36.579277039 1463.148681641 34.422035217 1376.857666016 35.876056671 1435.010009766 36.932533264 1477.281494141 31.197032928 1247.854370117 36.431976318 1457.225219727 31.898519516 1275.915771484 32.777416229 1311.073364258 37.000713348 1479.989135742 34.119998932 1364.782348633 35.563594818 1422.521606445 36.555641174 1462.209716797 31.031486511 1241.242553711 36.475608826 1458.970458984 31.538743973 1261.525146484 32.740539551 1309.603027344 37.162235260 1486.465820312 34.289352417 1371.547119141 35.763469696 1430.506591797 36.662559509 1466.482055664
36.486698151 1459.446655273 34.319614410 1372.761962891 35.788261414 1431.499877930 36.839195251 1473.549072266 31.090047836 1243.576416016 36.338096619 1453.472778320 31.796909332 1271.852539062 32.676425934 1307.035034180 36.907897949 1476.278564453 34.017299652 1360.675415039 35.475799561 1419.010864258 36.461997986 1458.464599609 30.924482346 1236.963134766 36.382205963 1455.236938477 31.437019348 1257.457397461 32.639549255 1305.564331055 37.070220947 1482.786499023 34.186367035 1367.429077148 35.675678253 1426.996582031 36.569004059 1462.740966797
36.394027710 1455.740844727 34.217124939 1368.663574219 35.700469971 1427.989746094 36.745742798 1469.812011719 30.983051300 1239.297973633 36.244071960 1449.714355469 31.695291519 1267.789062500 32.575435638 1302.996582031 36.814990997 1472.564208984 33.914539337 1356.565795898 35.388000488 1415.500122070 36.368240356 1454.715332031 30.817466736 1232.683593750 36.288650513 1451.497436523 31.335289001 1253.389404297 32.538558960 1301.525634766 36.978107452 1479.103149414 34.083324432 1363.308715820 35.587886810 1423.486572266 36.475337982 1458.995483398
36.301265717 1452.031372070 34.114570618 1364.562622070 35.612674713 1424.479614258 36.652179718 1466.070434570 30.876041412 1235.018920898 36.149906158 1445.950317383 31.593662262 1263.725097656 32.474449158 1298.958251953 36.721996307 1468.846313477 33.811717987 1352.453735352 35.300205231 1411.989379883 36.274375916 1450.961547852 30.710437775 1228.403198242 36.194946289 1447.751953125 31.233551025 1249.321044922 32.437568665 1297.487060547 36.885898590 1475.415893555 33.980220795 1359.185913086 35.500095367 1419.976440430 36.381565094 1455.245361328
36.208408356 1448.318481445 34.011951447 1360.458862305 35.524883270 1420.969360352 36.558502197 1462.324218750 30.769021988 1230.739257812 36.055599213 1442.180419922 31.492025375 1259.660766602 32.373462677 1294.919799805 36.628917694 1465.124877930 33.708835602 1348.339111328 35.212409973 1408.478393555 36.180404663 1447.203247070 30.603399277 1224.122314453 36.101097107 1444.000244141 31.131809235 1245.252563477 32.336582184 1293.448242188 36.793590546 1471.724609375 33.877063751 1355.060791016 35.412307739 1416.466308594 36.287677765 1451.490844727
36.115463257 1444.601318359 33.909275055 1356.352661133 35.437091827 1417.458984375 36.464710236 1458.573364258 30.661991119 1226.459228516 35.961147308 1438.404785156 31.390380859 1255.596069336 32.272476196 1290.881347656 36.535747528 1461.399780273 33.605895996 1344.222167969 35.124610901 1404.967651367 36.086318970 1443.440673828 30.496349335 1219.841064453 36.007095337 1440.242553711 31.030059814 1241.183593750 32.235595703 1289.409545898 36.701183319 1468.029296875 33.773853302 1350.933471680 35.324516296 1412.956176758 36.193683624 1447.732055664
36.022430420 1440.880981445 33.806537628 1352.244262695 35.349300385 1413.948608398 36.370807648 1454.817993164 30.554946899 1222.178588867 35.866558075 1434.623291016 31.288726807 1251.531005859 32.171489716 1286.842895508 36.442493439 1457.671142578 33.502899170 1340.103149414 35.036815643 1401.456542969 35.992130280 1439.673583984 30.389287949 1215.559326172 35.912948608 1436.478759766 30.928304672 1237.114379883 32.134609222 1285.370849609 36.608680725 1464.330078125 33.670593262 1346.804199219 35.236728668 1409.445678711 36.099582672 1443.968627930
35.929306030 1437.156860352 33.703742981 1348.133300781 35.261508942 1410.438232422 36.276798248 1451.058349609 30.447895050 1217.897460938 35.771827698 1430.836059570 31.187065125 1247.465454102 32.070507050 1282.804443359 36.349155426 1453.939208984 33.399848938 1335.981811523 34.949020386 1397.945556641 35.897830963 1435.902343750 30.282217026 1211.277221680 35.818653107 1432.709106445 30.826543808 1233.044799805 32.033622742 1281.332275391 36.516086578 1460.627197266 33.567279816 1342.672729492 35.148937225 1405.935424805 36.005371094 1440.201049805
35.836093903 1433.429199219 33.600891113 1344.020141602 35.173717499 1406.927612305 36.182674408 1447.294067383 30.340829849 1213.615844727 35.676952362 1427.043090820 31.085393906 1243.399536133 31.969524384 1278.765991211 36.255733490 1450.203735352 33.296745300 1331.858276367 34.861225128 1394.434570312 35.803428650 1432.126708984 30.175136566 1206.994506836 35.724208832 1428.933227539 30.724777222 1228.975097656 31.932640076 1277.293579102 36.423393250 1456.920410156 33.463920593 1338.539184570 35.061149597 1402.424926758 35.911056519 1436.428955078
35.742797852 1429.697998047 33.497989655 1339.905029297 35.085926056 1403.417236328 36.088443756 1443.525512695 30.233757019 1209.333862305 35.581939697 1423.244506836 30.983716965 1239.333251953 31.868541718 1274.727539062 36.162227631 1446.464843750 33.193592072 1327.732910156 34.773426056 1390.923583984 35.708915710 1428.346801758 30.068044662 1202.711547852 35.629619598 1425.151489258 30.623004913 1224.905151367 31.831655502 1273.255004883 36.330608368 1453.209838867 33.360511780 1334.403930664 34.973358154 1398.914672852 35.816631317 1432.652709961
35.649414062 1425.963500977 33.395034790 1335.787597656 34.998134613 1399.906494141 35.994102478 1439.752685547 30.126672745 1205.051391602 35.486785889 1419.439941406 30.882030487 1235.266723633 31.767559052 1270.688964844 36.068641663 1442.722778320 33.090389252 1323.605346680 34.685630798 1387.412109375 35.614299774 1424.562744141 29.960943222 1198.427978516 35.534881592 1421.363769531 30.521228790 1220.834838867 31.730674744 1269.216186523 36.237731934 1449.495605469 33.257061005 1330.266601562 34.885570526 1395.404052734 35.722103119 1428.872314453
35.555942535 1422.225341797 33.292030334 1331.668212891 34.910343170 1396.395751953 35.899654388 1435.975219727 30.019578934 1200.768432617 35.391494751 1415.629882812 30.780338287 1231.199707031 31.666578293 1266.650390625 35.974967957 1438.977050781 32.987144470 1319.476074219 34.597835541 1383.901000977 35.519580841 1420.774414062 29.853834152 1194.144042969 35.439998627 1417.570068359 30.419445038 1216.764282227 31.629692078 1265.177490234 36.144767761 1445.777587891 33.153564453 1326.127685547 34.797782898 1391.893554688 35.627468109 1425.087524414
35.462390900 1418.483886719 33.188980103 1327.546875000 34.822551727 1392.885253906 35.805099487 1432.193603516 29.912475586 1196.485107422 35.296058655 1411.814086914 30.678638458 1227.132324219 31.565597534 1262.611816406 35.881217957 1435.228149414 32.883850098 1315.344848633 34.510036469 1380.389770508 35.424758911 1416.982055664 29.746715546 1189.859863281 35.344966888 1413.770385742 30.317657471 1212.693359375 31.528713226 1261.138916016 36.051708221 1442.056030273 33.050029755 1321.987182617 34.709995270 1388.382812500 35.532730103 1421.298583984
35.368751526 1414.738891602 33.085887909 1323.423706055 34.734760284 1389.374511719 35.710437775 1428.407714844 29.805362701 1192.201293945 35.200489044 1407.992675781 30.576931000 1223.064941406 31.464616776 1258.573242188 35.787387848 1431.475952148 32.780517578 1311.212036133 34.422241211 1376.878540039 35.329830170 1413.185302734 29.639587402 1185.575073242 35.249794006 1409.964965820 30.215864182 1208.622558594 31.427732468 1257.100219727 35.958560944 1438.330810547 32.946456909 1317.844848633 34.622203827 1384.872192383 35.437885284 1417.505493164
35.275032043 1410.990844727 32.982749939 1319.298828125 34.646968842 1385.863647461 35.615669250 1424.617553711 29.698240280 1187.917236328 35.104774475 1404.165649414 30.475217819 1218.996948242 31.363637924 1254.534667969 35.693477631 1427.720581055 32.677143097 1307.077514648 34.334442139 1373.367187500 35.234802246 1409.384643555 29.532449722 1181.290161133 35.154472351 1406.153564453 30.114067078 1204.551269531 31.326753616 1253.061523438 35.865325928 1434.602050781 32.842845917 1313.701293945 34.534416199 1381.361450195 35.342941284 1413.708129883
35.181232452 1407.239257812 32.879570007 1315.172241211 34.559177399 1382.352661133 35.520797729 1420.823120117 29.591110229 1183.632568359 35.008926392 1400.333129883 30.373495102 1214.928833008 31.262657166 1250.496093750 35.599487305 1423.962036133 32.573734283 1302.941528320 34.246646881 1369.855834961 35.139671326 1405.579833984 29.425304413 1177.004638672 35.059005737 1402.336303711 30.012266159 1200.479736328 31.225776672 1249.022827148 35.772006989 1430.869873047 32.739200592 1309.556030273 34.446628571 1377.850830078 35.247894287 1409.906860352
35.087352753 1403.484619141 32.776355743 1311.044311523 34.471385956 1378.841918945 35.425823212 1417.024536133 29.483970642 1179.347656250 34.912937164 1396.494750977 30.271768570 1210.860229492 31.161678314 1246.457519531 35.505424500 1420.200195312 32.470287323 1298.804199219 34.158847809 1366.344482422 35.044441223 1401.770874023 29.318151474 1172.719116211 34.963397980 1398.513061523 29.910459518 1196.408081055 31.124797821 1244.984130859 35.678600311 1427.134033203 32.635524750 1305.409667969 34.358837128 1374.339965820 35.152748108 1406.101318359
34.993392944 1399.726684570 32.673103333 1306.914794922 34.383594513 1375.330932617 35.330741882 1413.221923828 29.376823425 1175.062377930 34.816810608 1392.651000977 30.170034409 1206.791503906 31.060701370 1242.418823242 35.411281586 1416.435424805 32.366806030 1294.665405273 34.071048737 1362.833129883 34.949111938 1397.958007812 29.210988998 1168.432861328 34.867645264 1394.684204102 29.808647156 1192.336181641 31.023820877 1240.945556641 35.585105896 1423.394897461 32.531814575 1301.261840820 34.271049500 1370.829101562 35.057498932 1402.291870117
34.899353027 1395.965698242 32.569820404 1302.783935547 34.295803070 1371.819946289 35.235561371 1409.415039062 29.269668579 1170.776733398 34.720550537 1388.801513672 30.068294525 1202.722412109 30.959722519 1238.380126953 35.317066193 1412.667602539 32.263298035 1290.525268555 33.983253479 1359.321533203 34.853683472 1394.141357422 29.103820801 1164.146484375 34.771747589 1390.849365234 29.706832886 1188.264038086 30.922845840 1236.906860352 35.491531372 1419.652343750 32.428077698 1297.113037109 34.183258057 1367.318115234 34.962150574 1398.478393555
34.805236816 1392.201538086 32.466506958 1298.651733398 34.208011627 1368.308837891 35.140281677 1405.604125977 29.162504196 1166.490600586 34.624149323 1384.946655273 29.966548920 1198.652954102 30.858745575 1234.341552734 35.222774506 1408.896850586 32.159759521 1286.384033203 33.895454407 1355.810180664 34.758155823 1390.320434570 28.996644974 1159.859741211 34.675704956 1387.008911133 29.605012894 1184.191650391 30.821868896 1232.868164062 35.397876740 1415.906616211 32.324314117 1292.963012695 34.095470428 1363.807250977 34.866706848 1394.661010742
34.711048126 1388.434204102 32.363132477 1294.517333984 34.120220184 1364.797851562 35.044902802 1401.789306641 29.055332184 1162.204467773 34.527614594 1381.086303711 29.864797592 1194.583496094 30.757766724 1230.302856445 35.128410339 1405.122924805 32.056167603 1282.240844727 33.807655334 1352.298583984 34.662532806 1386.495849609 28.889461517 1155.572875977 34.579524994 1383.162719727 29.503189087 1180.119262695 30.720893860 1228.829467773 35.304138184 1412.157470703 32.220504761 1288.811035156 34.007682800 1360.296142578 34.771163940 1390.839599609
34.616779327 1384.663940430 32.259704590 1290.380615234 34.032428741 1361.286621094 34.949420929 1397.970458984 28.948154449 1157.917724609 34.430942535 1377.220336914 29.763040543 1190.513549805 30.656789780 1226.264282227 35.033973694 1401.346191406 31.952520370 1278.095214844 33.719856262 1348.786987305 34.566814423 1382.667480469 28.782270432 1151.285400391 34.483200073 1379.310668945 29.401361465 1176.046630859 30.619920731 1224.790893555 35.210319519 1408.405151367 32.116649628 1284.657348633 33.919891357 1356.785156250 34.675521851 1387.014404297
34.522441864 1380.890747070 32.156215668 1286.241333008 33.944637299 1357.775512695 34.853843689 1394.147705078 28.840969086 1153.630737305 34.334136963 1373.348999023 29.661277771 1186.443603516 30.555812836 1222.225585938 34.939464569 1397.566528320 31.848825455 1273.947631836 33.632057190 1345.275512695 34.471000671 1378.834960938 28.675073624 1146.997802734 34.386734009 1375.452880859 29.299528122 1171.973754883 30.518945694 1220.752197266 35.116424561 1404.649658203 32.012748718 1280.501586914 33.832099915 1353.274291992 34.579788208 1383.185302734
34.428028107 1377.114624023 32.052673340 1282.100097656 33.856842041 1354.264282227 34.758167267 1390.320922852 28.733776093 1149.343383789 34.237194061 1369.472167969 29.559509277 1182.373168945 30.454837799 1218.186767578 34.844886780 1393.784179688 31.745079041 1269.797973633 33.544258118 1341.763793945 34.375091553 1374.999023438 28.567869186 1142.709960938 34.290130615 1371.589477539 29.197692871 1167.900756836 30.417972565 1216.713623047 35.022449493 1400.891235352 31.908800125 1276.344238281 33.744312286 1349.763061523 34.483955383 1379.352416992
34.333541870 1373.335571289 31.949079514 1277.956665039 33.769050598 1350.753173828 34.662395477 1386.490478516 28.626575470 1145.055786133 34.140117645 1365.589965820 29.457735062 1178.302612305 30.353860855 1214.148193359 34.750240326 1389.998779297 31.641283035 1265.646484375 33.456459045 1338.252075195 34.279090881 1371.159179688 28.460659027 1138.421752930 34.193386078 1367.720581055 29.095855713 1163.827514648 30.316999435 1212.675048828 34.928401947 1397.129516602 31.804809570 1272.185058594 33.656520844 1346.251953125 34.388031006 1375.515747070
34.238990784 1369.553833008 31.845432281 1273.811157227 33.681255341 1347.241821289 34.566532135 1382.656127930 28.519369125 1140.767944336 34.042911530 1361.702392578 29.355957031 1174.231811523 30.252883911 1210.109497070 34.655529022 1386.210815430 31.537439346 1261.493041992 33.368656158 1334.740600586 34.182998657 1367.315673828 28.353443146 1134.133422852 34.096500397 1363.846069336 28.994012833 1159.754150391 30.216028214 1208.636352539 34.834278107 1393.364868164 31.700777054 1268.024047852 33.568729401 1342.740722656 34.292015076 1371.675292969
34.144367218 1365.769165039 31.741733551 1269.663452148 33.593463898 1343.730590820 34.470569611 1378.817871094 28.412155151 1136.479858398 33.945568085 1357.809448242 29.254175186 1170.160888672 30.151908875 1206.070800781 34.560749054 1382.420166016 31.433547974 1257.337646484 33.280857086 1331.228881836 34.086811066 1363.468627930 28.246219635 1129.844726562 33.999477386 1359.965820312 28.892166138 1155.680786133 30.115055084 1204.597778320 34.740077972 1389.597290039 31.596702576 1263.861572266 33.480937958 1339.229614258 34.195907593 1367.831176758
34.049674988 1361.981811523 31.637983322 1265.513916016 33.505668640 1340.219238281 34.374519348 1374.976074219 28.304937363 1132.191406250 33.848094940 1353.911254883 29.152387619 1166.089721680 30.050931931 1202.031982422 34.465904236 1378.626953125 31.329612732 1253.180419922 33.193058014 1327.717041016 33.990539551 1359.617797852 28.138992310 1125.555786133 33.902317047 1356.080200195 28.790317535 1151.607055664 30.014083862 1200.559082031 34.645809174 1385.826904297 31.492586136 1259.697265625 33.393146515 1335.718383789 34.099704742 1363.983642578
33.954917908 1358.191772461 31.534185410 1261.362182617 33.417873383 1336.707885742 34.278373718 1371.130737305 28.197711945 1127.902587891 33.750492096 1350.007812500 29.050594330 1162.018310547 29.949956894 1197.993286133 34.370994568 1374.831054688 31.225629807 1249.021362305 33.105255127 1324.205322266 33.894176483 1355.763427734 28.031759262 1121.266723633 33.805019379 1352.188720703 28.688467026 1147.533325195 29.913112640 1196.520507812 34.551471710 1382.053710938 31.388429642 1255.531372070 33.305355072 1332.207153320 34.003417969 1360.132202148
33.860095978 1354.399169922 31.430337906 1257.208618164 33.330081940 1333.196411133 34.182140350 1367.281494141 28.090480804 1123.613769531 33.652755737 1346.098999023 28.948799133 1157.946777344 29.848981857 1193.954467773 34.276020050 1371.032592773 31.121604919 1244.860473633 33.017456055 1320.693481445 33.797725677 1351.905639648 27.924520493 1116.977294922 33.707584381 1348.292114258 28.586610794 1143.459350586 29.812141418 1192.481811523 34.457065582 1378.277709961 31.284235001 1251.363647461 33.217563629 1328.695922852 33.907039642 1356.277221680
33.765209198 1350.603881836 31.326444626 1253.053100586 33.242286682 1329.685058594 34.085819244 1363.428710938 27.983243942 1119.324462891 33.554889679 1342.184936523 28.846998215 1153.875122070 29.748006821 1189.915771484 34.180988312 1367.231567383 31.017536163 1240.697875977 32.929653168 1317.181640625 33.701187134 1348.044311523 27.817276001 1112.687744141 33.610015869 1344.389892578 28.484752655 1139.385375977 29.711172104 1188.443115234 34.362586975 1374.498901367 31.180000305 1247.194702148 33.129772186 1325.184448242 33.810573578 1352.418945312
33.670261383 1346.806152344 31.222503662 1248.895751953 33.154491425 1326.173583984 33.989406586 1359.572509766 27.876001358 1115.035034180 33.456897736 1338.265625000 28.745193481 1149.803222656 29.647031784 1185.877075195 34.085891724 1363.428344727 30.913423538 1236.533813477 32.841850281 1313.669921875 33.604564667 1344.179687500 27.710025787 1108.397949219 33.512313843 1340.482299805 28.382892609 1135.311157227 29.610202789 1184.404663086 34.268047333 1370.717529297 31.075729370 1243.024291992 33.041980743 1321.673217773 33.714023590 1348.557006836
33.575248718 1343.005981445 31.118518829 1244.736572266 33.066696167 1322.661987305 33.892910004 1355.712890625 27.768753052 1110.745605469 33.358776093 1334.341430664 28.643384933 1145.731079102 29.546056747 1181.838134766 33.990737915 1359.622436523 30.809272766 1232.367797852 32.754047394 1310.157958984 33.507858276 1340.311523438 27.602771759 1104.107910156 33.414474487 1336.569458008 28.281030655 1131.236938477 29.509231567 1180.366088867 34.173442841 1366.933471680 30.971420288 1238.852172852 32.954189301 1318.161743164 33.617385864 1344.691894531
33.480182648 1339.203491211 31.014490128 1240.575805664 32.978900909 1319.150512695 33.796325684 1351.849731445 27.661500931 1106.455688477 33.260524750 1330.411987305 28.541572571 1141.658813477 29.445081711 1177.799438477 33.895526886 1355.814575195 30.705080032 1228.200317383 32.666248322 1306.646118164 33.411067963 1336.440185547 27.495513916 1099.817749023 33.316505432 1332.651123047 28.179164886 1127.162475586 29.408264160 1176.327392578 34.078773499 1363.146850586 30.867076874 1234.678588867 32.866394043 1314.650390625 33.520664215 1340.823242188
33.385051727 1335.398681641 30.910419464 1236.413085938 32.891101837 1315.638916016 33.699657440 1347.983154297 27.554243088 1102.165649414 33.162147522 1326.477416992 28.439758301 1137.586425781 29.344106674 1173.760620117 33.800262451 1352.004150391 30.600849152 1224.031250000 32.578445435 1303.134155273 33.314197540 1332.565429688 27.388250351 1095.527343750 33.218406677 1328.727661133 28.077297211 1123.088012695 29.307294846 1172.288940430 33.984043121 1359.358032227 30.762699127 1230.503662109 32.778602600 1311.138916016 33.423862457 1336.951293945
33.289867401 1331.591308594 30.806306839 1232.248657227 32.803306580 1312.127441406 33.602909088 1344.113403320 27.446981430 1097.875244141 33.063648224 1322.537719727 28.337940216 1133.513793945 29.243131638 1169.721801758 33.704936981 1348.191650391 30.496580124 1219.860717773 32.490642548 1299.622314453 33.217247009 1328.687500000 27.280984879 1091.236816406 33.120174408 1324.798706055 27.975425720 1119.013427734 29.206325531 1168.250366211 33.889255524 1355.566528320 30.658285141 1226.327514648 32.690807343 1307.627441406 33.326976776 1333.076049805
33.194629669 1327.781982422 30.702152252 1228.082641602 32.715511322 1308.615722656 33.506076813 1340.240234375 27.339714050 1093.584838867 32.965023041 1318.593139648 28.236116409 1129.441162109 29.142156601 1165.682983398 33.609561920 1344.376831055 30.392274857 1215.688476562 32.402839661 1296.110351562 33.120216370 1324.806274414 27.173713684 1086.946166992 33.021812439 1320.864746094 27.873554230 1114.938842773 29.105358124 1164.211791992 33.794406891 1351.772949219 30.553838730 1222.149780273 32.603015900 1304.115966797 33.230014801 1329.197509766
33.099334717 1323.970458984 30.597959518 1223.915283203 32.627712250 1305.104125977 33.409168243 1336.364013672 27.232442856 1089.294189453 32.866271973 1314.643554688 28.134292603 1125.368408203 29.041183472 1161.644287109 33.514133453 1340.560180664 30.287931442 1211.515014648 32.315032959 1292.598266602 33.023105621 1320.922119141 27.066438675 1082.655273438 32.923320770 1316.925537109 27.771678925 1110.863891602 29.004390717 1160.173095703 33.699504852 1347.976928711 30.449359894 1217.970825195 32.515220642 1300.604370117 33.132968903 1325.316040039
33.003990173 1320.156616211 30.493726730 1219.746215820 32.539916992 1301.592529297 33.312175751 1332.484497070 27.125167847 1085.003295898 32.767398834 1310.689086914 28.032464981 1121.295410156 28.940208435 1157.605468750 33.418655396 1336.741210938 30.183553696 1207.339965820 32.227230072 1289.086425781 32.925922394 1317.034790039 26.959159851 1078.364257812 32.824703217 1312.981201172 27.669801712 1106.788940430 28.903423309 1156.134643555 33.604545593 1344.178710938 30.344850540 1213.790649414 32.427425385 1297.092895508 33.035850525 1321.431396484
32.908592224 1316.341064453 30.389457703 1215.575439453 32.452117920 1298.080932617 33.215110779 1328.602050781 27.017887115 1080.712280273 32.668403625 1306.729736328 27.930633545 1117.222290039 28.839233398 1153.566528320 33.323127747 1332.920410156 30.079141617 1203.163574219 32.139427185 1285.574340820 32.828662872 1313.144653320 26.851877213 1074.072998047 32.725959778 1309.031860352 27.567924500 1102.714111328 28.802455902 1152.096069336 33.509532928 1340.378540039 30.240308762 1209.609130859 32.339630127 1293.581420898 32.938652039 1317.543701172
32.813144684 1312.523193359 30.285150528 1211.403320312 32.364318848 1294.568969727 33.117965698 1324.716430664 26.910604477 1076.421142578 32.569290161 1302.765502930 27.828800201 1113.149169922 28.738258362 1149.527832031 33.227554321 1329.097534180 29.974695206 1198.985717773 32.051624298 1282.062255859 32.731327057 1309.251342773 26.744590759 1069.781616211 32.627090454 1305.077392578 27.466043472 1098.639038086 28.701490402 1148.057495117 33.414470673 1336.576171875 30.135736465 1205.426269531 32.251834869 1290.069580078 32.841381073 1313.652954102
32.717651367 1308.703735352 30.180809021 1207.229736328 32.276523590 1291.057373047 33.020751953 1320.827880859 26.803316116 1072.129882812 32.470054626 1298.796386719 27.726964951 1109.075927734 28.637285233 1145.488891602 33.131931305 1325.272949219 29.870218277 1194.806762695 31.963817596 1278.550292969 32.633922577 1305.355102539 26.637302399 1065.490234375 32.528099060 1301.118041992 27.364162445 1094.563842773 28.600522995 1144.018920898 33.319358826 1332.771850586 30.031135559 1201.242431641 32.164043427 1286.558105469 32.744033813 1309.759277344
32.622112274 1304.882202148 30.076431274 1203.054809570 32.188724518 1287.545776367 32.923461914 1316.936401367 26.696025848 1067.838500977 32.370704651 1294.822509766 27.625125885 1105.002563477 28.536310196 1141.450073242 33.036262512 1321.446411133 29.765707016 1190.626464844 31.876012802 1275.038330078 32.536445618 1301.456176758 26.530008316 1061.198730469 32.428981781 1297.153564453 27.262279510 1090.488769531 28.499557495 1139.980468750 33.224197388 1328.965576172 29.926506042 1197.057373047 32.076248169 1283.046508789 32.646617889 1305.862792969
32.526531219 1301.058959961 29.972021103 1198.878540039 32.100925446 1284.033935547 32.826099396 1313.041992188 26.588731766 1063.546752930 32.271232605 1290.844116211 27.523284912 1100.929077148 28.435337067 1137.411254883 32.940555573 1317.618286133 29.661165237 1186.444946289 31.788208008 1271.526123047 32.438899994 1297.554321289 26.422714233 1056.907104492 32.329742432 1293.184448242 27.160394669 1086.413574219 28.398591995 1135.941894531 33.128993988 1325.157348633 29.821847916 1192.871337891 31.988451004 1279.534912109 32.549129486 1301.963134766
32.430904388 1297.234008789 29.867576599 1194.700805664 32.013126373 1280.521972656 32.728672028 1309.145019531 26.481433868 1059.254882812 32.171646118 1286.860961914 27.421443939 1096.855468750 28.334362030 1133.372436523 32.844802856 1313.788452148 29.556594849 1182.262207031 31.700403214 1268.014038086 32.341285706 1293.649902344 26.315416336 1052.615112305 32.230384827 1289.210449219 27.058507919 1082.338134766 28.297626495 1131.903320312 33.033744812 1321.347534180 29.717163086 1188.684082031 31.900655746 1276.023193359 32.451576233 1298.061157227
32.335235596 1293.407470703 29.763101578 1190.521972656 31.925327301 1277.010131836 32.631172180 1305.245239258 26.374132156 1054.963134766 32.071949005 1282.873168945 27.319599152 1092.781860352 28.233386993 1129.333374023 32.749011993 1309.957153320 29.451993942 1178.078247070 31.612598419 1264.501953125 32.243602753 1289.742797852 26.208114624 1048.323242188 32.130908966 1285.231567383 26.956621170 1078.262695312 28.196660995 1127.864746094 32.938449860 1317.536010742 29.612451553 1184.495727539 31.812858582 1272.511474609 32.353950500 1294.156250000
32.239528656 1289.579345703 29.658594131 1186.341674805 31.837526321 1273.498291016 32.533611298 1301.342773438 26.266828537 1050.671020508 31.972133636 1278.880859375 27.217752457 1088.708007812 28.132413864 1125.294677734 32.653182983 1306.124145508 29.347364426 1173.893188477 31.524791718 1260.989746094 32.145858765 1285.833007812 26.100811005 1044.031250000 32.031314850 1281.248046875 26.854732513 1074.187377930 28.095695496 1123.826293945 32.843120575 1313.722900391 29.507715225 1180.306396484 31.725063324 1268.999755859 32.256263733 1290.248779297
32.143783569 1285.749633789 29.554056168 1182.160400391 31.749727249 1269.986572266 32.435981750 1297.437744141 26.159521103 1046.378906250 31.872205734 1274.883911133 27.115903854 1084.634277344 28.031438828 1121.255737305 32.557319641 1302.289672852 29.242708206 1169.706909180 31.436986923 1257.477661133 32.048053741 1281.920776367 25.993505478 1039.739013672 31.931604385 1277.259765625 26.752843857 1070.111938477 27.994731903 1119.787841797 32.747749329 1309.908081055 29.402952194 1176.115966797 31.637266159 1265.488037109 32.158508301 1286.338745117
32.048004150 1281.918579102 29.449489594 1177.977783203 31.661928177 1266.474731445 32.338291168 1293.530151367 26.052211761 1042.086547852 31.772169113 1270.882812500 27.014055252 1080.560424805 27.930465698 1117.216796875 32.461418152 1298.453857422 29.138023376 1165.519531250 31.349180222 1253.965454102 31.950183868 1278.006225586 25.886198044 1035.446655273 31.831777573 1273.267089844 26.650953293 1066.036376953 27.893766403 1115.749267578 32.652343750 1306.092041016 29.298166275 1171.924682617 31.549468994 1261.976318359 32.060691833 1282.426269531
31.952192307 1278.086059570 29.344894409 1173.794189453 31.574127197 1262.962768555 32.240539551 1289.620239258 25.944898605 1037.794067383 31.672021866 1266.877197266 26.912204742 1076.486450195 27.829490662 1113.178100586 32.365486145 1294.616699219 29.033313751 1161.331420898 31.261373520 1250.453369141 31.852254868 1274.089111328 25.778888702 1031.154296875 31.731840134 1269.269775391 26.549062729 1061.960815430 27.792802811 1111.710815430 32.556900024 1302.274291992 29.193355560 1167.732421875 31.461673737 1258.464599609 31.962814331 1278.511108398
31.856346130 1274.252319336 29.240270615 1169.609375000 31.486326218 1259.450927734 32.142726898 1285.707763672 25.837585449 1033.501708984 31.571767807 1262.867065430 26.810352325 1072.412353516 27.728517532 1109.139160156 32.269519806 1290.778198242 28.928579330 1157.142089844 31.173568726 1246.941284180 31.754268646 1270.169677734 25.671575546 1026.861938477 31.631790161 1265.267944336 26.447170258 1057.885253906 27.691839218 1107.672363281 32.461425781 1298.455444336 29.088521957 1163.539184570 31.373876572 1254.952880859 31.864879608 1274.593750000
31.760471344 1270.417480469 29.135622025 1165.423339844 31.398525238 1255.938964844 32.044857025 1281.793090820 25.730268478 1029.209106445 31.471406937 1258.852905273 26.708498001 1068.338378906 27.627542496 1105.100219727 32.173526764 1286.938476562 28.823820114 1152.951782227 31.085762024 1243.428955078 31.656225204 1266.247924805 25.564262390 1022.569458008 31.531629562 1261.261718750 26.345277786 1053.809692383 27.590875626 1103.633789062 32.365924835 1294.635375977 28.983665466 1159.344970703 31.286079407 1251.441040039 31.766885757 1270.674072266
31.664567947 1266.581420898 29.030944824 1161.236328125 31.310724258 1252.427001953 31.946933746 1277.876220703 25.622947693 1024.916503906 31.370939255 1254.834472656 26.606643677 1064.264282227 27.526569366 1101.061401367 32.077503204 1283.097778320 28.719036102 1148.760498047 30.997955322 1239.916870117 31.558128357 1262.324096680 25.456945419 1018.276855469 31.431360245 1257.251220703 26.243383408 1049.734008789 27.489912033 1099.595336914 32.270393372 1290.814208984 28.878787994 1155.149902344 31.198282242 1247.929443359 31.668836594 1266.752197266
31.568637848 1262.744262695 28.926244736 1157.048461914 31.222923279 1248.915039062 31.848957062 1273.957153320 25.515626907 1020.623657227 31.270370483 1250.811645508 26.504787445 1060.190185547 27.425594330 1097.022460938 31.981456757 1279.255981445 28.614231110 1144.568359375 30.910148621 1236.404663086 31.459978104 1258.398071289 25.349628448 1013.984252930 31.330984116 1253.236328125 26.141490936 1045.658203125 27.388950348 1095.556884766 32.174835205 1286.991943359 28.773889542 1150.954223633 31.110483170 1244.417480469 31.570732117 1262.828125000
31.472684860 1258.906127930 28.821517944 1152.859497070 31.135122299 1245.403198242 31.750926971 1270.036132812 25.408304214 1016.330749512 31.169698715 1246.785034180 26.402931213 1056.115966797 27.324621201 1092.983642578 31.885383606 1275.413208008 28.509401321 1140.375244141 30.822340012 1232.892456055 31.361776352 1254.470336914 25.242309570 1009.691467285 31.230504990 1249.217285156 26.039596558 1041.582641602 27.287986755 1091.518554688 32.079250336 1283.168823242 28.668972015 1146.757446289 31.022686005 1240.905639648 31.472576141 1258.901977539
31.376707077 1255.067138672 28.716768265 1148.669555664 31.047321320 1241.891113281 31.652847290 1266.112792969 25.300977707 1012.037841797 31.068925858 1242.754272461 26.301074982 1052.041748047 27.223646164 1088.944702148 31.789291382 1271.569580078 28.404552460 1136.181152344 30.734533310 1229.380126953 31.263526917 1250.540283203 25.134988785 1005.398742676 31.129920959 1245.193969727 25.937702179 1037.506713867 27.187025070 1087.480102539 31.983648300 1279.344726562 28.564031601 1142.559936523 30.934888840 1237.393798828 31.374370575 1254.973754883
31.280710220 1251.227294922 28.611997604 1144.478759766 30.959518433 1238.379150391 31.554719925 1262.187866211 25.193651199 1007.744812012 30.968055725 1238.719604492 26.199216843 1047.967529297 27.122673035 1084.905761719 31.693176270 1267.724975586 28.299680710 1131.986450195 30.646726608 1225.868041992 31.165231705 1246.608520508 25.027666092 1001.105957031 31.029233932 1241.166748047 25.835805893 1033.431152344 27.086063385 1083.441650391 31.888025284 1275.519897461 28.459074020 1138.361694336 30.847091675 1233.882080078 31.276115417 1251.043823242
31.184673309 1247.385864258 28.507202148 1140.286987305 30.871717453 1234.867187500 31.456546783 1258.260986328 25.086322784 1003.451721191 30.867086411 1234.681030273 26.097358704 1043.893310547 27.021697998 1080.866943359 31.597024918 1263.879150391 28.194789886 1127.790771484 30.558919907 1222.355712891 31.066888809 1242.674804688 24.920343399 996.812927246 30.928449631 1237.135498047 25.733911514 1029.355346680 26.985099792 1079.403198242 31.792352676 1271.692993164 28.354097366 1134.162719727 30.759292603 1230.370239258 31.177814484 1247.111694336
31.088594437 1243.542846680 28.402387619 1136.094482422 30.783916473 1231.355102539 31.358329773 1254.332397461 24.978992462 999.158630371 30.766023636 1230.638671875 25.995500565 1039.818969727 26.920724869 1076.828125000 31.500835419 1260.031738281 28.089878082 1123.594482422 30.471111298 1218.843505859 30.968503952 1238.739501953 24.813018799 992.520080566 30.827566147 1233.100341797 25.632017136 1025.279663086 26.884140015 1075.364868164 31.696632385 1267.864257812 28.249103546 1129.963012695 30.671495438 1226.858276367 31.079469681 1243.177856445
30.992475510 1239.698120117 28.297552109 1131.901123047 30.696113586 1227.843139648 31.260072708 1250.401977539 24.871660233 994.865356445 30.664867401 1226.592529297 25.893640518 1035.744628906 26.819749832 1072.789062500 31.404607773 1256.182617188 27.984949112 1119.397216797 30.383304596 1215.331298828 30.870079041 1234.802612305 24.705694199 988.227111816 30.726587296 1229.061279297 25.530120850 1021.203857422 26.783178329 1071.326416016 31.600866318 1264.033569336 28.144090652 1125.762573242 30.583696365 1223.346435547 30.981082916 1239.242553711
30.896318436 1235.851806641 28.192695618 1127.706909180 30.608310699 1224.331176758 31.161773682 1246.470214844 24.764328003 990.572204590 30.563619614 1222.542846680 25.791780472 1031.670288086 26.718776703 1068.750122070 31.308347702 1252.332275391 27.880001068 1115.199462891 30.295495987 1211.819091797 30.771614075 1230.863891602 24.598367691 983.934143066 30.625514984 1225.018554688 25.428226471 1017.128112793 26.682216644 1067.287963867 31.505054474 1260.201171875 28.039062500 1121.561523438 30.495897293 1219.834716797 30.882654190 1235.305297852
30.800123215 1232.004150391 28.087820053 1123.511840820 30.520509720 1220.819091797 31.063438416 1242.536743164 24.656991959 986.278747559 30.462282181 1218.489257812 25.689922333 1027.596069336 26.617803574 1064.711303711 31.212049484 1248.480712891 27.775035858 1111.000732422 30.207689285 1208.306762695 30.673110962 1226.923828125 24.491039276 979.640991211 30.524349213 1220.972045898 25.326332092 1013.052368164 26.581256866 1063.249511719 31.409198761 1256.367065430 27.934017181 1117.359619141 30.408100128 1216.322753906 30.784187317 1231.366699219
30.703889847 1228.154907227 27.982927322 1119.316284180 30.432706833 1217.307006836 30.965068817 1238.602050781 24.549657822 981.985351562 30.360855103 1214.432373047 25.588062286 1023.521667480 26.516828537 1060.672363281 31.115718842 1244.627197266 27.670053482 1106.801635742 30.119880676 1204.794433594 30.574575424 1222.982421875 24.383712769 975.347900391 30.423095703 1216.921997070 25.224435806 1008.976623535 26.480295181 1059.211181641 31.313299179 1252.531127930 27.828956604 1113.157348633 30.320301056 1212.810791016 30.685684204 1227.426635742
30.607620239 1224.304077148 27.878015518 1115.119750977 30.344903946 1213.795043945 30.866664886 1234.665893555 24.442319870 977.692016602 30.259344101 1210.372070312 25.486202240 1019.447265625 26.415855408 1056.633422852 31.019351959 1240.772827148 27.565055847 1102.601684570 30.032073975 1201.282226562 30.476005554 1219.039550781 24.276384354 971.054748535 30.321752548 1212.868286133 25.122541428 1004.900817871 26.379335403 1055.172729492 31.217355728 1248.693359375 27.723880768 1108.954345703 30.232501984 1209.298950195 30.587146759 1223.485107422
30.511316299 1220.451904297 27.773086548 1110.922851562 30.257101059 1210.282958984 30.768230438 1230.728637695 24.334983826 973.398498535 30.157749176 1206.308227539 25.384344101 1015.372985840 26.314880371 1052.594482422 30.922954559 1236.916992188 27.460041046 1098.401123047 29.944265366 1197.769897461 30.377405167 1215.095703125 24.169054031 966.761718750 30.220325470 1208.811279297 25.020647049 1000.825134277 26.278375626 1051.134399414 31.121370316 1244.854125977 27.618789673 1104.750854492 30.144704819 1205.786987305 30.488576889 1219.542480469
30.414976120 1216.598266602 27.668142319 1106.724853516 30.169298172 1206.770996094 30.669769287 1226.790161133 24.227643967 969.105041504 30.056072235 1202.241210938 25.282484055 1011.298645020 26.213907242 1048.555664062 30.826522827 1233.059692383 27.355010986 1094.199829102 29.856458664 1194.257812500 30.278776169 1211.150634766 24.061725616 962.468566895 30.118814468 1204.751098633 24.918754578 996.749450684 26.177415848 1047.096191406 31.025342941 1241.012939453 27.513685226 1100.546508789 30.056905746 1202.275390625 30.389976501 1215.598510742
30.318601608 1212.743530273 27.563180923 1102.526611328 30.081495285 1203.258911133 30.571279526 1222.850708008 24.120306015 964.811523438 29.954317093 1198.171142578 25.180625916 1007.224365234 26.112932205 1044.516723633 30.730060577 1229.201293945 27.249967575 1089.998168945 29.768650055 1190.745361328 30.180122375 1207.204467773 23.954395294 958.175415039 30.017221451 1200.687500000 24.816860199 992.673767090 26.076456070 1043.057739258 30.929277420 1237.170532227 27.408567429 1096.341918945 29.969106674 1198.763305664 30.291349411 1211.653320312
30.222192764 1208.887084961 27.458204269 1098.327636719 29.993692398 1199.746948242 30.472768784 1218.910278320 24.012966156 960.518066406 29.852481842 1194.097900391 25.078767776 1003.150024414 26.011959076 1040.477661133 30.633565903 1225.341552734 27.144910812 1085.796020508 29.680841446 1187.233154297 30.081443787 1203.257446289 23.847064972 953.882202148 29.915552139 1196.620605469 24.714967728 988.598022461 25.975496292 1039.019409180 30.833171844 1233.326171875 27.303434372 1092.136718750 29.881307602 1195.251586914 30.192697525 1207.707275391
30.125751495 1205.029541016 27.353214264 1094.127929688 29.905889511 1196.234741211 30.374202728 1214.967651367 23.905624390 956.224365234 29.750574112 1190.021728516 24.976909637 999.075744629 25.910984039 1036.438842773 30.537040710 1221.480590820 27.039838791 1081.593139648 29.593034744 1183.720825195 29.982717514 1199.308349609 23.739734650 949.588928223 29.813804626 1192.550903320 24.613075256 984.522399902 25.874538422 1034.981079102 30.737028122 1229.480590820 27.198291779 1087.930908203 29.793508530 1191.739624023 30.093994141 1203.759155273
30.029279709 1201.170654297 27.248210907 1089.927856445 29.818086624 1192.722778320 30.275587082 1211.022949219 23.798284531 951.930786133 29.648591995 1185.942382812 24.875051498 995.001464844 25.810010910 1032.400024414 30.440486908 1217.618530273 26.934755325 1077.389770508 29.505226135 1180.208496094 29.883939743 1195.357299805 23.632404327 945.295776367 29.711982727 1188.478027344 24.511184692 980.446777344 25.773578644 1030.942871094 30.640848160 1225.633300781 27.093135834 1083.724731445 29.705711365 1188.227783203 29.995243073 1199.809204102
29.932775497 1197.310546875 27.143192291 1085.727172852 29.730283737 1189.210693359 30.176918030 1207.076293945 23.690942764 947.637145996 29.546539307 1181.860229492 24.773195267 990.927368164 25.709035873 1028.360839844 30.343902588 1213.755249023 26.829658508 1073.186035156 29.417417526 1176.696166992 29.785116196 1191.404418945 23.525074005 941.002563477 29.610090256 1184.402465820 24.409292221 976.371276855 25.672620773 1026.904296875 30.544630051 1221.784545898 26.987966537 1079.518066406 29.617912292 1184.715698242 29.896442413 1195.857299805
29.836240768 1193.449218750 27.038162231 1081.526000977 29.642480850 1185.698486328 30.078201294 1203.127563477 23.583600998 943.343505859 29.444417953 1177.775634766 24.671339035 986.853088379 25.608062744 1024.322021484 30.247291565 1209.890747070 26.724552155 1068.981811523 29.329610825 1173.183959961 29.686246872 1187.449462891 23.417743683 936.709411621 29.508129120 1180.323974609 24.307403564 972.295593262 25.571662903 1022.866088867 30.448375702 1217.934570312 26.882787704 1075.311035156 29.530113220 1181.203735352 29.797595978 1191.903442383
29.739675522 1189.586425781 26.933118820 1077.324218750 29.554677963 1182.186401367 29.979436874 1199.177001953 23.476259232 939.049865723 29.342231750 1173.688110352 24.569484711 982.778930664 25.507087708 1020.283020020 30.150651932 1206.025146484 26.619432449 1064.776855469 29.241802216 1169.671630859 29.587331772 1183.492919922 23.310411453 932.416198730 29.406101227 1176.242919922 24.205513000 968.220092773 25.470705032 1018.827880859 30.352087021 1214.083129883 26.777599335 1071.103393555 29.442314148 1177.691894531 29.698703766 1187.947753906
29.643079758 1185.722778320 26.828065872 1073.122192383 29.466875076 1178.674194336 29.880622864 1195.224609375 23.368915558 934.756164551 29.239982605 1169.598388672 24.467630386 978.704711914 25.406114578 1016.244140625 30.053983688 1202.158569336 26.514303207 1060.571899414 29.153993607 1166.159301758 29.488370895 1179.534545898 23.203081131 928.122985840 29.304010391 1172.159423828 24.103624344 964.144531250 25.369747162 1014.789489746 30.255765915 1210.230102539 26.672399521 1066.895385742 29.354516983 1174.180053711 29.599767685 1183.990234375
29.546457291 1181.857910156 26.723001480 1068.919555664 29.379072189 1175.162231445 29.781764984 1191.270263672 23.261573792 930.462524414 29.137672424 1165.505981445 24.365777969 974.630676270 25.305139542 1012.205139160 29.957288742 1198.290771484 26.409164429 1056.366333008 29.066186905 1162.647094727 29.389368057 1175.574584961 23.095750809 923.829833984 29.201856613 1168.073364258 24.001737595 960.069030762 25.268789291 1010.751220703 30.159410477 1206.375976562 26.567188263 1062.687133789 29.266717911 1170.668090820 29.500785828 1180.031127930
29.449806213 1177.991943359 26.617925644 1064.716674805 29.291267395 1171.650146484 29.682859421 1187.314086914 23.154232025 926.168884277 29.035303116 1161.411254883 24.263925552 970.556640625 25.204166412 1008.166259766 29.860569000 1194.421997070 26.304014206 1052.160278320 28.978378296 1159.134765625 29.290323257 1171.612670898 22.988420486 919.536621094 29.099645615 1163.984985352 23.899850845 955.993652344 25.167833328 1006.712951660 30.063022614 1202.520385742 26.461969376 1058.478271484 29.178918839 1167.156127930 29.401762009 1176.070068359
29.353128433 1174.124755859 26.512840271 1060.513305664 29.203464508 1168.137939453 29.583911896 1183.356079102 23.046888351 921.875122070 28.932878494 1157.314208984 24.162075043 966.482543945 25.103191376 1004.127258301 29.763822556 1190.552246094 26.198856354 1047.953979492 28.890571594 1155.622436523 29.191236496 1167.649169922 22.881092072 915.243469238 28.997379303 1159.894287109 23.797966003 951.918273926 25.066875458 1002.674682617 29.966602325 1198.663696289 26.356742859 1054.269287109 29.091119766 1163.644165039 29.302698135 1172.107421875
29.256423950 1170.256591797 26.407745361 1056.309448242 29.115661621 1164.625976562 29.484920502 1179.396484375 22.939546585 917.581420898 28.830400467 1153.215087891 24.060224533 962.408691406 25.002218246 1000.088317871 29.667051315 1186.681396484 26.093690872 1043.747314453 28.802762985 1152.110229492 29.092109680 1163.684082031 22.773761749 910.950195312 28.895061493 1155.801635742 23.696081161 947.842956543 24.965919495 998.636474609 29.870153427 1194.805664062 26.251504898 1050.059692383 29.003322601 1160.132324219 29.203590393 1168.143188477
29.159694672 1166.387451172 26.302642822 1052.105346680 29.027858734 1161.114013672 29.385887146 1175.435180664 22.832202911 913.287719727 28.727872849 1149.114135742 23.958377838 958.334777832 24.901243210 996.049499512 29.570257187 1182.809814453 25.988515854 1039.540283203 28.714956284 1148.597900391 28.992942810 1159.717407227 22.666433334 906.657104492 28.792692184 1151.706909180 23.594198227 943.767639160 24.864963531 994.598266602 29.773672104 1190.946533203 26.146261215 1045.849975586 28.915523529 1156.620483398 29.104444504 1164.177490234
29.062938690 1162.517211914 26.197530746 1047.900878906 28.940055847 1157.601806641 29.286811829 1171.472290039 22.724861145 908.994079590 28.625297546 1145.011230469 23.856529236 954.260925293 24.800270081 992.010498047 29.473438263 1178.937011719 25.883333206 1035.333007812 28.627147675 1145.085693359 28.893737793 1155.749389648 22.559104919 902.364013672 28.690275192 1147.610229492 23.492317200 939.692382812 24.764005661 990.559997559 29.677164078 1187.086303711 26.041007996 1041.639892578 28.827726364 1153.108642578 29.005258560 1160.210083008
28.966157913 1158.646118164 26.092411041 1043.696166992 28.852252960 1154.089721680 29.187696457 1167.507690430 22.617519379 904.700378418 28.522676468 1140.906494141 23.754684448 950.187072754 24.699295044 987.971557617 29.376596451 1175.063354492 25.778142929 1031.125488281 28.539340973 1141.573364258 28.794494629 1151.779541016 22.451776505 898.070861816 28.587816238 1143.512084961 23.390436172 935.617187500 24.663051605 986.521850586 29.580625534 1183.224731445 25.935749054 1037.429565430 28.739927292 1149.596679688 28.906036377 1156.241088867
28.869352341 1154.773803711 25.987283707 1039.491088867 28.764450073 1150.577636719 29.088542938 1163.541503906 22.510177612 900.406738281 28.420015335 1136.799926758 23.652839661 946.113281250 24.598321915 983.932556152 29.279731750 1171.188720703 25.672945023 1026.917602539 28.451534271 1138.061035156 28.695215225 1147.808471680 22.344449997 893.777709961 28.485315323 1139.411865234 23.288557053 931.541992188 24.562095642 982.483642578 29.484060287 1179.362060547 25.830482483 1033.218994141 28.652130127 1146.084838867 28.806776047 1152.270751953
28.772525787 1150.900756836 25.882150650 1035.285766602 28.676647186 1147.065429688 28.989351273 1159.573730469 22.402835846 896.113159180 28.317314148 1132.691894531 23.550996780 942.039672852 24.497346878 979.893554688 29.182844162 1167.313232422 25.567743301 1022.709533691 28.363725662 1134.548706055 28.595901489 1143.835937500 22.237123489 889.484741211 28.382776260 1135.310424805 23.186679840 927.466918945 24.461139679 978.445434570 29.387468338 1175.498413086 25.725210190 1029.008178711 28.564332962 1142.572875977 28.707479477 1148.298828125
28.675674438 1147.026733398 25.777009964 1031.080200195 28.588846207 1143.553344727 28.890123367 1155.604614258 22.295494080 891.819458008 28.214576721 1128.582519531 23.449155807 937.966064453 24.396373749 975.854614258 29.085935593 1163.436889648 25.462533951 1018.501159668 28.275918961 1131.036376953 28.496551514 1139.861938477 22.129796982 885.191711426 28.280202866 1131.207519531 23.084802628 923.391845703 24.360185623 974.407165527 29.290849686 1171.633666992 25.619930267 1024.796875000 28.476533890 1139.060913086 28.608146667 1144.325561523
28.578800201 1143.151855469 25.671865463 1026.874389648 28.501043320 1140.041503906 28.790859222 1151.634277344 22.188154221 887.525817871 28.111806870 1124.471801758 23.347316742 933.892517090 24.295398712 971.815734863 28.989006042 1159.559814453 25.357318878 1014.292602539 28.188112259 1127.524291992 28.397167206 1135.886596680 22.022470474 880.898681641 28.177598953 1127.103393555 22.982927322 919.316894531 24.259229660 970.369079590 29.194206238 1167.768066406 25.514646530 1020.585632324 28.388736725 1135.549194336 28.508781433 1140.351074219
28.481906891 1139.276000977 25.566713333 1022.668273926 28.413240433 1136.529418945 28.691558838 1147.662109375 22.080814362 883.232299805 28.009008408 1120.359863281 23.245479584 929.818908691 24.194425583 967.776733398 28.892055511 1155.681762695 25.252098083 1010.083801270 28.100305557 1124.011962891 28.297752380 1131.909912109 21.915147781 876.605651855 28.074966431 1122.998168945 22.881053925 915.241821289 24.158275604 966.330749512 29.097537994 1163.901245117 25.409355164 1016.374023438 28.300939560 1132.037353516 28.409379959 1136.375122070
28.384990692 1135.399414062 25.461557388 1018.462097168 28.325437546 1133.017211914 28.592224121 1143.688720703 21.973474503 878.938659668 27.906181335 1116.246826172 23.143642426 925.745605469 24.093450546 963.737915039 28.795085907 1151.803100586 25.146873474 1005.874755859 28.012498856 1120.499755859 28.198303223 1127.932006836 21.807823181 872.312744141 27.972309113 1118.891845703 22.779182434 911.167053223 24.057321548 962.292724609 29.000846863 1160.033569336 25.304059982 1012.162170410 28.213142395 1128.525390625 28.309947968 1132.397827148
28.288055420 1131.522094727 25.356395721 1014.255554199 28.237636566 1129.505126953 28.492856979 1139.714111328 21.866134644 874.645141602 27.803287506 1112.130981445 23.041809082 921.672180176 23.992477417 959.698974609 28.698095322 1147.923461914 25.041645050 1001.665649414 27.924692154 1116.987426758 28.098823547 1123.952758789 21.700500488 868.019897461 27.869579315 1114.782714844 22.677310944 907.092163086 23.956367493 958.254577637 28.904130936 1156.165039062 25.198759079 1007.950134277 28.125345230 1125.013549805 28.210483551 1128.419189453
28.191099167 1127.643798828 25.251230240 1010.049011230 28.149833679 1125.993041992 28.393457413 1135.738037109 21.758796692 870.351745605 27.700325012 1108.012451172 22.939977646 917.598876953 23.891502380 955.659912109 28.601085663 1144.043090820 24.936412811 997.456359863 27.836885452 1113.475219727 27.999313354 1119.972412109 21.593177795 863.727050781 27.766778946 1110.670654297 22.575443268 903.017456055 23.855413437 954.216491699 28.807392120 1152.295532227 25.093454361 1003.738037109 28.037548065 1121.501708984 28.110988617 1124.439331055
28.094123840 1123.764770508 25.146060944 1005.842224121 28.062032700 1122.480957031 28.294025421 1131.760864258 21.651458740 866.058166504 27.597299576 1103.891479492 22.838146210 913.525634766 23.790529251 951.620971680 28.504058838 1140.162109375 24.831174850 993.246887207 27.749078751 1109.963012695 27.899772644 1115.990722656 21.485857010 859.434204102 27.663911819 1106.556030273 22.473575592 898.942810059 23.754461288 950.178222656 28.710632324 1148.425170898 24.988145828 999.525695801 27.949750900 1117.989868164 28.011463165 1120.458374023
27.997129440 1119.885009766 25.040887833 1001.635375977 27.974229813 1118.968994141 28.194564819 1127.782470703 21.544120789 861.764709473 27.494209290 1099.767944336 22.736318588 909.452453613 23.689554214 947.581970215 28.407014847 1136.280395508 24.725934982 989.037353516 27.661272049 1106.450683594 27.800205231 1112.008056641 21.378538132 855.141418457 27.560977936 1102.438720703 22.371709824 894.868164062 23.653507233 946.140197754 28.613851547 1144.553955078 24.882833481 995.313232422 27.861955643 1114.478027344 27.911907196 1116.476196289
27.900117874 1116.004516602 24.935712814 997.428405762 27.886428833 1115.456909180 28.095071793 1123.802856445 21.436784744 857.471130371 27.391057968 1095.641967773 22.634490967 905.379516602 23.588581085 943.543029785 28.309951782 1132.397827148 24.620693207 984.827575684 27.573467255 1102.938476562 27.700609207 1108.024291992 21.271219254 850.848632812 27.457979202 1098.318847656 22.269845963 890.793640137 23.552555084 942.101989746 28.517049789 1140.681884766 24.777519226 991.100585938 27.774158478 1110.966064453 27.812324524 1112.492797852
27.803087234 1112.123413086 24.830533981 993.221191406 27.798627853 1111.944946289 27.995552063 1119.821899414 21.329448700 853.177795410 27.287847519 1091.513549805 22.532667160 901.306579590 23.487606049 939.504150391 28.212871552 1128.514526367 24.515447617 980.617736816 27.485660553 1099.426269531 27.600984573 1104.039184570 21.163900375 846.555969238 27.354919434 1094.196411133 22.167984009 886.719177246 23.451602936 938.064025879 28.420228958 1136.808959961 24.672199249 986.887878418 27.686363220 1107.454345703 27.712713242 1108.508300781
27.706041336 1108.241455078 24.725355148 989.013977051 27.710826874 1108.432861328 27.896003723 1115.839965820 21.222114563 848.884399414 27.184579849 1087.382812500 22.430845261 897.233642578 23.386632919 935.465209961 28.115776062 1124.630859375 24.410200119 976.407836914 27.397855759 1095.914184570 27.501335144 1100.053344727 21.056583405 842.263183594 27.251800537 1090.071655273 22.066123962 882.644714355 23.350650787 934.025939941 28.323387146 1132.935424805 24.566877365 982.674926758 27.598566055 1103.942382812 27.613073349 1104.522827148
27.608976364 1104.358886719 24.620172501 984.806701660 27.623025894 1104.920776367 27.796426773 1111.857055664 21.114780426 844.591064453 27.081256866 1083.249877930 22.329025269 893.160888672 23.285657883 931.426208496 28.018663406 1120.746337891 24.304950714 972.197875977 27.310049057 1092.401855469 27.401659012 1096.066162109 20.949268341 837.970520020 27.148622513 1085.944580078 21.964263916 878.570495605 23.249698639 929.987792969 28.226528168 1129.061035156 24.461553574 978.461975098 27.510770798 1100.430664062 27.513408661 1100.536254883
27.511896133 1100.475830078 24.514987946 980.599365234 27.535224915 1101.408691406 27.696825027 1107.872802734 21.007446289 840.297729492 26.977878571 1079.114746094 22.227207184 889.088195801 23.184684753 927.387268066 27.921535492 1116.861206055 24.199699402 967.987854004 27.222244263 1088.889526367 27.301958084 1092.078125000 20.841953278 833.678039551 27.045387268 1081.815185547 21.862407684 874.496276855 23.148746490 925.949707031 28.129650116 1125.186035156 24.356225967 974.248840332 27.422975540 1096.918701172 27.413719177 1096.548583984
27.414800644 1096.592041016 24.409803391 976.391967773 27.447423935 1097.896728516 27.597196579 1103.887817383 20.900114059 836.004455566 26.874446869 1074.977539062 22.125391006 885.015441895 23.083709717 923.348327637 27.824392319 1112.975463867 24.094446182 963.777709961 27.134439468 1085.377441406 27.202232361 1088.089355469 20.734640121 829.385498047 26.942096710 1077.683471680 21.760553360 870.421997070 23.047794342 921.911743164 28.032756805 1121.310180664 24.250898361 970.035705566 27.335180283 1093.407104492 27.314002991 1092.560058594
27.317691803 1092.707519531 24.304616928 972.184570312 27.359622955 1094.384765625 27.497543335 1099.901611328 20.792783737 831.711181641 26.770965576 1070.838378906 22.023578644 880.943054199 22.982736588 919.309387207 27.727235794 1109.089111328 23.989192963 959.567626953 27.046634674 1081.865234375 27.102483749 1084.099243164 20.627326965 825.093017578 26.838754654 1073.549804688 21.658700943 866.347900391 22.946844101 917.873718262 27.935844421 1117.433715820 24.145566940 965.822509766 27.247385025 1089.895263672 27.214263916 1088.570434570
27.220565796 1088.822509766 24.199432373 967.977233887 27.271821976 1090.872802734 27.397867203 1095.914550781 20.685453415 827.418029785 26.667434692 1066.697143555 21.921768188 876.870666504 22.881763458 915.270324707 27.630064011 1105.202392578 23.883939743 955.357543945 26.958829880 1078.353027344 27.002714157 1080.108398438 20.520015717 820.800537109 26.735361099 1069.414184570 21.556850433 862.273864746 22.845893860 913.835571289 27.838916779 1113.556518555 24.040235519 961.609252930 27.159589767 1086.383544922 27.114501953 1084.579956055
27.123426437 1084.937011719 24.094245911 963.769775391 27.184022903 1087.360717773 27.298166275 1091.926513672 20.578123093 823.124816895 26.563856125 1062.553955078 21.819959641 872.798278809 22.780788422 911.231445312 27.532876968 1101.314941406 23.778684616 951.147399902 26.871025085 1074.840942383 26.902919769 1076.116699219 20.412706375 816.508117676 26.631917953 1065.276489258 21.454999924 858.199951172 22.744941711 909.797668457 27.741973877 1109.678955078 23.934902191 957.395996094 27.071796417 1082.871704102 27.014717102 1080.588623047
27.026273727 1081.050781250 23.989059448 959.562316895 27.096221924 1083.848754883 27.198444366 1087.937744141 20.470794678 818.831726074 26.460231781 1058.409057617 21.718153000 868.725952148 22.679815292 907.192565918 27.435678482 1097.426879883 23.673431396 946.937194824 26.783220291 1071.328735352 26.803106308 1072.124145508 20.305397034 812.215820312 26.528427124 1061.136840820 21.353153229 854.126037598 22.643991470 905.759643555 27.645015717 1105.800537109 23.829566956 953.182617188 26.984001160 1079.359863281 26.914911270 1076.596313477
26.929107666 1077.164184570 23.883872986 955.354858398 27.008422852 1080.336791992 27.098699570 1083.947875977 20.363468170 814.538574219 26.356561661 1054.262329102 21.616348267 864.653930664 22.578840256 903.153564453 27.338466644 1093.538574219 23.568176270 942.726989746 26.695417404 1067.816528320 26.703269958 1068.130737305 20.198089600 807.923522949 26.424890518 1056.995361328 21.251308441 850.052246094 22.543041229 901.721557617 27.548042297 1101.921508789 23.724233627 948.969238281 26.896207809 1075.848144531 26.815082550 1072.603149414
26.831928253 1073.277099609 23.778686523 951.147338867 26.920623779 1076.824829102 26.998933792 1079.957275391 20.256141663 810.245605469 26.252849579 1050.113769531 21.514547348 860.581726074 22.477867126 899.114501953 27.241241455 1089.649536133 23.462923050 938.516845703 26.607612610 1064.304443359 26.603416443 1064.136474609 20.090784073 803.631347656 26.321310043 1052.852172852 21.149465561 845.978515625 22.442092896 897.683593750 27.451055527 1098.042236328 23.618898392 944.755737305 26.808414459 1072.336425781 26.715232849 1068.609252930
26.734737396 1069.389404297 23.673503876 946.940002441 26.832824707 1073.312866211 26.899147034 1075.965820312 20.148817062 805.952575684 26.149097443 1045.963623047 21.412748337 856.509826660 22.376892090 895.075622559 27.144004822 1085.760009766 23.357669830 934.306640625 26.519809723 1060.792236328 26.503541946 1060.141723633 19.983478546 799.339111328 26.217685699 1048.707275391 21.047624588 841.904968262 22.341142654 893.645568848 27.354057312 1094.162109375 23.513561249 940.542358398 26.720621109 1068.824707031 26.615364075 1064.614501953
26.637535095 1065.501342773 23.568321228 942.732666016 26.745025635 1069.800903320 26.799341202 1071.973510742 20.041492462 801.659545898 26.045303345 1041.811889648 21.310951233 852.437988281 22.275918961 891.036621094 27.046754837 1081.870117188 23.252416611 930.096557617 26.432006836 1057.280273438 26.403648376 1056.145874023 19.876174927 795.046875000 26.114021301 1044.560791016 20.945787430 837.831298828 22.240194321 889.607666016 27.257043839 1090.281616211 23.408226013 936.328918457 26.632827759 1065.312988281 26.515476227 1060.618896484
26.540319443 1061.612792969 23.463138580 938.525512695 26.657226562 1066.288940430 26.699516296 1067.980590820 19.934169769 797.366699219 25.941471100 1037.658569336 21.209157944 848.366271973 22.174943924 886.997680664 26.949495316 1077.979736328 23.147165298 925.886657715 26.344203949 1053.768066406 26.303737640 1052.149291992 19.768873215 790.754882812 26.010316849 1040.412475586 20.843950272 833.757995605 22.139244080 885.569763184 27.160018921 1086.400756836 23.302890778 932.115600586 26.545034409 1061.801269531 26.415569305 1056.622680664
26.443094254 1057.723632812 23.357959747 934.318298340 26.569427490 1062.776977539 26.599674225 1063.986816406 19.826847076 793.073791504 25.837600708 1033.503906250 21.107366562 844.294616699 22.073970795 882.958801270 26.852224350 1074.088867188 23.041915894 921.676635742 26.256401062 1050.255981445 26.203809738 1048.152343750 19.661571503 786.462768555 25.906574249 1036.262817383 20.742115021 829.684570312 22.038295746 881.531860352 27.062982559 1082.519287109 23.197555542 927.902160645 26.457242966 1058.289672852 26.315645218 1052.625732422
26.345859528 1053.834228516 23.252782822 930.111267090 26.481630325 1059.265014648 26.499813080 1059.992431641 19.719526291 788.781066895 25.733695984 1029.347656250 21.005578995 840.223083496 21.972995758 878.919799805 26.754943848 1070.197631836 22.936668396 917.466735840 26.168598175 1046.743774414 26.103864670 1044.154541016 19.554271698 782.170898438 25.802795410 1032.111694336 20.640283585 825.611267090 21.937347412 877.493896484 26.965934753 1078.637451172 23.092222214 923.688781738 26.369449615 1054.777832031 26.215702057 1048.628051758
26.248613358 1049.944458008 23.147607803 925.904235840 26.393831253 1055.753173828 26.399934769 1055.997436523 19.612207413 784.488342285 25.629756927 1025.190063477 20.903793335 836.151672363 21.872022629 874.880859375 26.657651901 1066.305908203 22.831422806 913.256774902 26.080795288 1043.231689453 26.003902435 1040.156127930 19.446973801 777.878967285 25.698980331 1027.959106445 20.538454056 821.538085938 21.836400986 873.455932617 26.868877411 1074.755126953 22.986886978 919.475402832 26.281658173 1051.266235352 26.115743637 1044.629760742
26.151357651 1046.054199219 23.042434692 921.697265625 26.306034088 1052.241333008 26.300041199 1052.001464844 19.504888535 780.195434570 25.525783539 1021.031188965 20.802009583 832.080322266 21.771049500 870.841918945 26.560348511 1062.413818359 22.726177216 909.046997070 25.992992401 1039.719726562 25.903924942 1036.156982422 19.339677811 773.587036133 25.595132828 1023.805175781 20.436626434 817.465026855 21.735452652 869.418151855 26.771808624 1070.872314453 22.881555557 915.262145996 26.193866730 1047.754638672 26.015768051 1040.630615234
26.054092407 1042.163574219 22.937265396 917.490539551 26.218236923 1048.729492188 26.200130463 1048.005126953 19.397571564 775.902832031 25.421779633 1016.871032715 20.700229645 828.009094238 21.670074463 866.802978516 26.463037491 1058.521362305 22.620935440 904.837524414 25.905191422 1036.207519531 25.803934097 1032.157348633 19.232381821 769.295288086 25.491252899 1019.650024414 20.334800720 813.391906738 21.634506226 865.380249023 26.674730301 1066.989135742 22.776224136 911.048950195 26.106075287 1044.242919922 25.915777206 1036.630981445
25.956817627 1038.272705078 22.832098007 913.283874512 26.130439758 1045.217529297 26.100206375 1044.008178711 19.290256500 771.610107422 25.317745209 1012.709594727 20.598451614 823.938049316 21.569101334 862.763916016 26.365716934 1054.628662109 22.515697479 900.627929688 25.817390442 1032.695556641 25.703927994 1028.157104492 19.125087738 765.003479004 25.387342453 1015.493591309 20.232976913 809.319030762 21.533557892 861.342346191 26.577644348 1063.105712891 22.670892715 906.835754395 26.018283844 1040.731323242 25.815771103 1032.630981445
25.859535217 1034.381347656 22.726934433 909.077331543 26.042642593 1041.705566406 26.000265121 1040.010620117 19.182941437 767.317687988 25.213680267 1008.547058105 20.496675491 819.867004395 21.468126297 858.724975586 26.268388748 1050.735473633 22.410461426 896.418395996 25.729589462 1029.183471680 25.603906631 1024.156250000 19.017795563 760.711791992 25.283403397 1011.335876465 20.131155014 805.246093750 21.432611465 857.304382324 26.480548859 1059.221801758 22.565565109 902.622558594 25.930494308 1037.219604492 25.715751648 1028.630004883
25.762245178 1030.489746094 22.621774673 904.870910645 25.954845428 1038.193725586 25.900312424 1036.012451172 19.075628281 763.025146484 25.109588623 1004.383422852 20.394903183 815.796081543 21.367153168 854.686096191 26.171051025 1046.841918945 22.305227280 892.209045410 25.641788483 1025.671508789 25.503873825 1020.154968262 18.910505295 756.420227051 25.179435730 1007.177307129 20.029336929 801.173400879 21.331665039 853.266540527 26.383443832 1055.337646484 22.460237503 898.409484863 25.842702866 1033.708007812 25.615716934 1024.628662109
25.664947510 1026.597900391 22.516618729 900.664550781 25.867050171 1034.681884766 25.800346375 1032.013916016 18.968317032 758.732543945 25.005470276 1000.218750000 20.293134689 811.725280762 21.266180038 850.647094727 26.073705673 1042.948120117 22.199996948 887.999694824 25.553987503 1022.159362793 25.403825760 1016.153076172 18.803215027 752.128540039 25.075439453 1003.017578125 19.927520752 797.100708008 21.230718613 849.228637695 26.286333084 1051.453247070 22.354913712 894.196472168 25.754913330 1030.196411133 25.515668869 1020.626770020
25.567640305 1022.705566406 22.411466599 896.458618164 25.779253006 1031.170166016 25.700365067 1028.014648438 18.861005783 754.440124512 24.901327133 996.052917480 20.191368103 807.654663086 21.165205002 846.608154297 25.976352692 1039.054077148 22.094768524 883.790771484 25.466186523 1018.647399902 25.303768158 1012.150695801 18.695926666 747.837097168 24.971420288 998.856750488 19.825706482 793.028198242 21.129772186 845.190856934 26.189212799 1047.568481445 22.249589920 889.983581543 25.667123795 1026.684936523 25.415607452 1016.624206543
25.470329285 1018.813110352 22.306318283 892.252685547 25.691457748 1027.658325195 25.600374222 1024.014892578 18.753696442 750.147705078 24.797157288 991.886291504 20.089603424 803.584045410 21.064231873 842.569213867 25.878992081 1035.159545898 21.989545822 879.581726074 25.378387451 1015.135437012 25.203697205 1008.147827148 18.588640213 743.545532227 24.867376328 994.695007324 19.723894119 788.955688477 21.028827667 841.153076172 26.092086792 1043.683471680 22.144269943 885.770751953 25.579334259 1023.173339844 25.315534592 1012.621276855
25.373008728 1014.920349121 22.201173782 888.046875000 25.603662491 1024.146484375 25.500370026 1020.014831543 18.646387100 745.855529785 24.692966461 987.718627930 19.987842560 799.513732910 20.963256836 838.530212402 25.781623840 1031.264892578 21.884325027 875.372985840 25.290586472 1011.623474121 25.103614807 1004.144592285 18.481355667 739.254211426 24.763309479 990.532287598 19.622083664 784.883361816 20.927881241 837.115112305 25.994955063 1039.798217773 22.038951874 881.557983398 25.491544724 1019.661804199 25.215450287 1008.617980957
25.275682449 1011.027282715 22.096033096 883.841308594 25.515867233 1020.634643555 25.400356293 1016.014160156 18.539079666 741.563232422 24.588752747 983.550048828 19.886085510 795.443298340 20.862283707 834.491271973 25.684247971 1027.369873047 21.779108047 871.164306641 25.202787399 1008.111450195 25.003522873 1000.140808105 18.374071121 734.962829590 24.659219742 986.368713379 19.520277023 780.811096191 20.826936722 833.077453613 25.897815704 1035.912597656 21.933635712 877.345336914 25.403757095 1016.150207520 25.115352631 1004.614013672
25.178350449 1007.134033203 21.990898132 879.635925293 25.428073883 1017.122924805 25.300331116 1012.013244629 18.431774139 737.270874023 24.484519958 979.380676270 19.784328461 791.373168945 20.761310577 830.452331543 25.586868286 1023.474670410 21.673896790 866.955871582 25.114988327 1004.599426270 24.903419495 996.136840820 18.266788483 730.671508789 24.555110931 982.204406738 19.418472290 776.738891602 20.725992203 829.039611816 25.800672531 1032.026855469 21.828323364 873.132934570 25.315969467 1012.638732910 25.015245438 1000.609863281
25.081014633 1003.240478516 21.885768890 875.430725098 25.340278625 1013.611083984 25.200294495 1008.011779785 18.324470520 732.978759766 24.380266190 975.210510254 19.682577133 787.303039551 20.660335541 826.413452148 25.489479065 1019.579101562 21.568687439 862.747497559 25.027189255 1001.087585449 24.803306580 992.132324219 18.159507751 726.380310059 24.450983047 978.039245605 19.316669464 772.666809082 20.625047684 825.001953125 25.703521729 1028.140869141 21.723012924 868.920532227 25.228181839 1009.127197266 24.915128708 996.605102539
24.983671188 999.346862793 21.780643463 871.225708008 25.252485275 1010.099365234 25.100250244 1004.010009766 18.217166901 728.686645508 24.275993347 971.039672852 19.580827713 783.233093262 20.559362411 822.374450684 25.392086029 1015.683410645 21.463483810 858.539306641 24.939390182 997.575622559 24.703186035 988.127441406 18.052228928 722.089050293 24.346836090 973.873474121 19.214870453 768.594787598 20.524105072 820.964172363 25.606369019 1024.254760742 21.617706299 864.708190918 25.140394211 1005.615722656 24.815000534 992.599975586
24.886323929 995.452819824 21.675523758 867.020996094 25.164691925 1006.587524414 25.000196457 1000.007751465 18.109865189 724.394592285 24.171703339 966.868103027 19.479080200 779.163146973 20.458387375 818.335449219 25.294687271 1011.787475586 21.358283997 854.331359863 24.851593018 994.063659668 24.603054047 984.122131348 17.944950104 717.798034668 24.242671967 969.706909180 19.113071442 764.522827148 20.423160553 816.926391602 25.509210587 1020.368347168 21.512401581 860.496093750 25.052606583 1002.104125977 24.714862823 988.594482422
24.788970947 991.558837891 21.570407867 862.816345215 25.076898575 1003.075805664 24.900133133 996.005249023 18.002563477 720.102600098 24.067396164 962.695739746 19.377338409 775.093444824 20.357414246 814.296569824 25.197282791 1007.891357422 21.253087997 850.123474121 24.763793945 990.551757812 24.502914429 980.116455078 17.837673187 713.506896973 24.138492584 965.539672852 19.011276245 760.450988770 20.322217941 812.888610840 25.412046432 1016.481872559 21.407100677 856.283996582 24.964818954 998.592712402 24.614715576 984.588562012
24.691614151 987.664550781 21.465299606 858.611877441 24.989105225 999.564208984 24.800062180 992.002502441 17.895263672 715.810607910 23.963071823 958.522766113 19.275596619 771.023742676 20.256441116 810.257629395 25.099874496 1003.994934082 21.147897720 845.915893555 24.675996780 987.039855957 24.402767181 976.110656738 17.730398178 709.215942383 24.034299850 961.371826172 18.909482956 756.379272461 20.221273422 808.851013184 25.314880371 1012.595214844 21.301803589 852.072082520 24.877033234 995.081237793 24.514560699 980.582397461
24.594253540 983.770080566 21.360195160 854.407775879 24.901311874 996.052429199 24.699983597 987.999328613 17.787965775 711.518615723 23.858734131 954.349304199 19.173858643 766.954345703 20.155466080 806.218627930 25.002460480 1000.098388672 21.042711258 841.708435059 24.588199615 983.527954102 24.302612305 972.104492188 17.623125076 704.924926758 23.930089951 957.203552246 18.807693481 752.307739258 20.120330811 804.813232422 25.217712402 1008.708496094 21.196508408 847.860229492 24.789247513 991.569885254 24.414398193 976.575866699
24.496887207 979.875427246 21.255096436 850.203918457 24.813520432 992.540832520 24.599897385 983.995849609 17.680669785 707.226806641 23.754383087 950.175354004 19.072124481 762.885009766 20.054492950 802.179687500 24.905042648 996.201721191 20.937530518 837.501220703 24.500402451 980.016113281 24.202449799 968.097900391 17.515851974 700.634094238 23.825870514 953.034790039 18.705905914 748.236206055 20.019388199 800.775512695 25.120538712 1004.821472168 21.091218948 843.648742676 24.701461792 988.058532715 24.314226151 972.568969727
24.399518967 975.980773926 21.150005341 846.000183105 24.725727081 989.029113770 24.499805450 979.992126465 17.573373795 702.934936523 23.650018692 946.000732422 18.970392227 758.815734863 19.953519821 798.140747070 24.807619095 992.304748535 20.832355499 833.294189453 24.412605286 976.504211426 24.102281570 964.091247559 17.408580780 696.343200684 23.721635818 948.865417480 18.604120255 744.164733887 19.918447495 796.737792969 25.023365021 1000.934509277 20.985931396 839.437255859 24.613676071 984.546997070 24.214048386 968.561889648
24.302148819 972.085876465 21.044918060 841.796691895 24.637935638 985.517395020 24.399705887 975.988220215 17.466079712 698.643127441 23.545642853 941.825683594 18.868663788 754.746582031 19.852544785 794.101806641 24.710193634 988.407775879 20.727184296 829.087402344 24.324810028 972.992309570 24.002105713 960.084167480 17.301311493 692.052429199 23.617393494 944.695678711 18.502336502 740.093505859 19.817504883 792.700195312 24.926187515 997.047546387 20.880647659 835.225830078 24.525892258 981.035705566 24.113862991 964.554382324
24.204774857 968.190917969 20.939838409 837.593505859 24.550144196 982.005798340 24.299600601 971.984008789 17.358787537 694.351501465 23.441255569 937.650207520 18.766939163 750.677551270 19.751571655 790.062866211 24.612762451 984.510437012 20.622018814 824.880798340 24.237012863 969.480590820 23.901924133 956.076965332 17.194044113 687.761657715 23.513139725 940.525512695 18.400556564 736.022216797 19.716564178 788.662475586 24.829008102 993.160278320 20.775369644 831.014770508 24.438108444 977.524353027 24.013669968 960.546752930
24.107397079 964.295837402 20.834764481 833.390502930 24.462354660 978.494079590 24.199491501 967.979614258 17.251495361 690.059814453 23.336858749 933.474365234 18.665216446 746.608642578 19.650598526 786.023864746 24.515329361 980.613098145 20.516859055 820.674316406 24.149217606 965.968627930 23.801736832 952.069458008 17.086776733 683.471069336 23.408876419 936.355041504 18.298778534 731.951049805 19.615621567 784.624816895 24.731826782 989.273010254 20.670093536 826.803649902 24.350322723 974.012878418 23.913473129 956.538818359
24.010017395 960.400756836 20.729696274 829.187744141 24.374563217 974.982482910 24.099374771 963.975036621 17.144205093 685.768249512 23.232452393 929.298034668 18.563495636 742.539855957 19.549623489 781.984924316 24.417892456 976.715698242 20.411703110 816.468078613 24.061422348 962.456909180 23.701545715 948.061889648 16.979511261 679.180480957 23.304605484 932.184204102 18.197002411 727.880065918 19.514680862 780.587219238 24.634645462 985.385803223 20.564821243 822.592834473 24.262540817 970.501586914 23.813268661 952.530700684
23.912635803 956.505432129 20.624633789 824.985351562 24.286773682 971.470947266 23.999256134 959.970214844 17.036916733 681.476562500 23.128036499 925.121398926 18.461780548 738.471191406 19.448650360 777.945922852 24.320453644 972.818054199 20.306554794 812.262207031 23.973627090 958.945068359 23.601348877 944.053955078 16.872247696 674.889892578 23.200328827 928.013061523 18.095228195 723.809082031 19.413740158 776.549560547 24.537464142 981.498474121 20.459554672 818.382202148 24.174757004 966.990295410 23.713058472 948.522277832
23.815252304 952.610107422 20.519578934 820.783203125 24.198984146 967.959350586 23.899129868 955.965209961 16.929628372 677.185058594 23.023612976 920.944458008 18.360065460 734.402709961 19.347677231 773.906982422 24.223011017 968.920349121 20.201410294 808.056396484 23.885831833 955.433288574 23.501146317 940.045837402 16.764986038 670.599365234 23.096044540 923.841674805 17.993457794 719.738342285 19.312799454 772.512023926 24.440280914 977.611145020 20.354291916 814.171691895 24.086975098 963.479003906 23.612844467 944.513671875
23.717868805 948.714721680 20.414531708 816.581176758 24.111194611 964.447692871 23.799001694 951.960021973 16.822341919 672.893615723 22.919183731 916.767272949 18.258356094 730.334228516 19.246702194 769.868041992 24.125566483 965.022644043 20.096271515 803.850830078 23.798038483 951.921569824 23.400941849 936.037536621 16.657724380 666.308898926 22.991754532 919.670104980 17.891689301 715.667541504 19.211860657 768.474426270 24.343095779 973.723937988 20.249032974 809.961242676 23.999191284 959.967651367 23.512624741 940.504943848
23.620481491 944.819213867 20.309488297 812.379577637 24.023405075 960.936157227 23.698869705 947.954895020 16.715057373 668.602233887 22.814746857 912.589843750 18.156648636 726.265930176 19.145729065 765.829162598 24.028118134 961.124816895 19.991140366 799.645629883 23.710245132 948.409790039 23.300731659 932.029296875 16.550464630 662.018493652 22.887460709 915.498413086 17.789922714 711.596923828 19.110919952 764.436828613 24.245912552 969.836547852 20.143777847 805.751220703 23.911409378 956.456420898 23.412401199 936.496032715
23.523094177 940.923828125 20.204454422 808.178100586 23.935615540 957.424682617 23.598733902 943.949401855 16.607772827 664.310913086 22.710304260 908.412170410 18.054943085 722.197753906 19.044755936 761.790100098 23.930669785 957.226745605 19.886013031 795.440429688 23.622449875 944.898071289 23.200517654 928.020751953 16.443206787 657.728210449 22.783161163 911.326477051 17.688159943 707.526367188 19.009981155 760.399230957 24.148731232 965.949218750 20.038528442 801.541198730 23.823627472 952.945190430 23.312171936 932.486938477
23.425706863 937.028198242 20.099426270 803.976989746 23.847827911 953.913146973 23.498596191 939.943847656 16.500490189 660.019653320 22.605857849 904.234313965 17.953241348 718.129760742 18.943780899 757.751220703 23.833219528 953.328735352 19.780893326 791.235656738 23.534658432 941.386291504 23.100301743 924.012145996 16.335948944 653.437988281 22.678859711 907.154357910 17.586399078 703.455993652 18.909042358 756.361694336 24.051548004 962.061828613 19.933282852 797.331237793 23.735847473 949.433898926 23.211940765 928.477600098
23.328317642 933.132629395 19.994403839 799.776245117 23.760040283 950.401611328 23.398454666 935.938232422 16.393209457 655.728332520 22.501407623 900.056213379 17.851543427 714.061767578 18.842807770 753.712280273 23.735767365 949.430603027 19.675777435 787.031250000 23.446865082 937.874633789 23.000082016 920.003356934 16.228693008 649.147705078 22.574556351 902.982116699 17.484640121 699.385620117 18.808103561 752.324157715 23.954366684 958.174621582 19.828042984 793.121826172 23.648067474 945.922668457 23.111705780 924.468200684
23.230928421 929.237060547 19.889390945 795.575622559 23.672252655 946.890197754 23.298311234 931.932495117 16.285928726 651.437011719 22.396953583 895.878112793 17.749849319 709.993957520 18.741834641 749.673278809 23.638313293 945.532470703 19.570669174 782.826782227 23.359071732 934.362915039 22.899860382 915.994445801 16.121438980 644.857482910 22.470251083 898.809997559 17.382884979 695.315368652 18.707164764 748.286621094 23.857185364 954.287414551 19.722806931 788.912231445 23.560285568 942.411560059 23.011466980 920.458740234
23.133537292 925.341491699 19.784383774 791.375244141 23.584465027 943.378601074 23.198165894 927.926574707 16.178649902 647.145935059 22.292495728 891.699768066 17.648157120 705.926269531 18.640859604 745.634399414 23.540857315 941.634216309 19.465566635 778.622680664 23.271280289 930.851196289 22.799636841 911.985412598 16.014186859 640.567382812 22.365943909 894.637756348 17.281129837 691.245239258 18.606227875 744.249084473 23.760007858 950.400207520 19.617574692 784.702941895 23.472507477 938.900268555 22.911226273 916.448974609
23.036148071 921.445861816 19.679382324 787.175354004 23.496677399 939.867187500 23.098020554 923.920776367 16.071371078 642.854797363 22.188037872 887.521484375 17.546466827 701.858703613 18.539886475 741.595458984 23.443401337 937.736022949 19.360469818 774.418884277 23.183488846 927.339538574 22.699411392 907.976379395 15.906934738 636.277343750 22.261636734 890.465454102 17.179378510 687.175231934 18.505289078 740.211608887 23.662830353 946.513183594 19.512348175 780.494018555 23.384727478 935.389099121 22.810981750 912.439270020
22.938758850 917.550354004 19.574390411 782.975585938 23.408891678 936.355651855 22.997871399 919.914916992 15.964095116 638.563781738 22.083578110 883.343078613 17.444780350 697.791198730 18.438913345 737.556518555 23.345945358 933.837829590 19.255380630 770.215209961 23.095695496 923.827819824 22.599184036 903.967346191 15.799684525 631.987365723 22.157331467 886.293273926 17.077630997 683.105224609 18.404352188 736.174072266 23.565654755 942.626220703 19.407125473 776.284973145 23.296947479 931.877929688 22.710735321 908.429443359
22.841369629 913.654724121 19.469404221 778.776062012 23.321105957 932.844238281 22.897722244 915.908996582 15.856819153 634.272827148 21.979116440 879.164611816 17.343097687 693.723876953 18.337938309 733.517578125 23.248487473 929.939453125 19.150297165 766.011840820 23.007905960 920.316223145 22.498954773 899.958190918 15.692435265 627.697448730 22.053026199 882.120971680 16.975885391 679.035339355 18.303415298 732.136596680 23.468481064 938.739196777 19.301908493 772.076293945 23.209169388 928.366760254 22.610486984 904.419555664
22.743982315 909.759338379 19.364425659 774.577087402 23.233320236 929.332885742 22.797573090 911.902893066 15.749545097 629.981750488 21.874654770 874.986206055 17.241418839 689.656738281 18.236965179 729.478576660 23.151029587 926.041198730 19.045219421 761.808776855 22.920114517 916.804626465 22.398723602 895.948913574 15.585187912 623.407470703 21.948722839 877.948913574 16.874141693 674.965576172 18.202478409 728.099121094 23.371311188 934.852416992 19.196697235 767.867980957 23.121391296 924.855712891 22.510236740 900.409484863
22.646595001 905.863830566 19.259454727 770.378234863 23.145534515 925.821411133 22.697423935 907.896911621 15.642271996 625.690795898 21.770193100 870.807800293 17.139741898 685.589599609 18.135992050 725.439636230 23.053571701 922.142944336 18.940147400 757.605834961 22.832324982 913.292968750 22.298492432 891.939697266 15.477941513 619.117553711 21.844421387 873.776855469 16.772399902 670.895996094 18.101543427 724.061706543 23.274143219 930.965759277 19.091489792 763.659606934 23.033613205 921.344482422 22.409986496 896.399475098
22.549207687 901.968322754 19.154491425 766.179626465 23.057750702 922.310058594 22.597272873 903.890869141 15.535000801 621.400024414 21.665733337 866.629333496 17.038066864 681.522705078 18.035017014 721.400695801 22.956113815 918.244567871 18.835083008 753.403259277 22.744533539 909.781372070 22.198259354 887.930358887 15.370696068 614.827880859 21.740123749 869.604919434 16.670661926 666.826416016 18.000606537 720.024169922 23.176977158 927.079101562 18.986288071 759.451477051 22.945837021 917.833496094 22.309734344 892.389343262
22.451822281 898.072814941 19.049535751 761.981445312 22.969964981 918.798583984 22.497123718 899.884948730 15.427729607 617.109252930 21.561275482 862.450927734 16.936395645 677.455810547 17.934043884 717.361755371 22.858655930 914.346130371 18.730024338 749.200988770 22.656744003 906.269836426 22.098028183 883.921142578 15.263452530 610.538085938 21.635828018 865.433105469 16.568923950 662.756958008 17.899671555 715.986816406 23.079814911 923.192565918 18.881090164 755.243652344 22.858058929 914.322326660 22.209480286 888.379150391
22.354438782 894.177551270 18.944585800 757.783386230 22.882181168 915.287231445 22.396972656 895.878906250 15.320460320 612.818359375 21.456817627 858.272705078 16.834728241 673.389160156 17.833070755 713.322814941 22.761198044 910.447875977 18.624973297 744.998840332 22.568954468 902.758239746 21.997795105 879.911743164 15.156208992 606.248352051 21.531538010 861.261474609 16.467191696 658.687622070 17.798734665 711.949401855 22.982656479 919.306274414 18.775897980 751.035888672 22.770282745 910.811340332 22.109226227 884.369018555
22.257057190 890.282287598 18.839645386 753.585693359 22.794397354 911.775878906 22.296823502 891.872985840 15.213191986 608.527648926 21.352363586 854.094604492 16.733062744 669.322570801 17.732097626 709.283874512 22.663742065 906.549621582 18.519926071 740.796997070 22.481166840 899.246582031 21.897562027 875.902526855 15.048968315 601.958679199 21.427251816 857.090148926 16.365459442 654.618347168 17.697799683 707.911987305 22.885501862 915.420104980 18.670711517 746.828369141 22.682508469 907.300231934 22.008970261 880.358886719
22.159675598 886.387084961 18.734710693 749.388488770 22.706615448 908.264648438 22.196676254 887.867065430 15.105924606 604.237060547 21.247911453 849.916442871 16.631401062 665.256042480 17.631122589 705.244934082 22.566286087 902.651428223 18.414888382 736.595520020 22.393377304 895.735046387 21.797330856 871.893249512 14.941727638 597.669189453 21.322971344 852.918762207 16.263731003 650.549194336 17.596864700 703.874633789 22.788351059 911.534057617 18.565528870 742.621154785 22.594732285 903.789306641 21.908716202 876.348693848
22.062297821 882.491943359 18.629785538 745.191406250 22.618831635 904.753295898 22.096529007 883.861083984 14.998659134 599.946350098 21.143463135 845.738525391 16.529743195 661.189758301 17.530149460 701.205932617 22.468830109 898.753234863 18.309856415 732.394165039 22.305589676 892.223571777 21.697097778 867.883911133 14.834488869 593.379577637 21.218696594 848.747802734 16.162004471 646.480163574 17.495931625 699.837219238 22.691204071 907.648132324 18.460351944 738.414123535 22.506956100 900.278320312 21.808460236 872.338439941
21.964920044 878.596862793 18.524866104 740.994689941 22.531049728 901.241943359 21.996381760 879.855285645 14.891393661 595.655761719 21.039020538 841.560852051 16.428087234 657.123474121 17.429176331 697.167053223 22.371376038 894.855041504 18.204830170 728.193237305 22.217802048 888.712036133 21.596866608 863.874694824 14.727250099 589.090026855 21.114427567 844.577087402 16.060279846 642.411193848 17.394996643 695.799926758 22.594060898 903.762512207 18.355180740 734.207336426 22.419181824 896.767333984 21.708206177 868.328186035
21.867546082 874.701904297 18.419956207 736.798217773 22.443267822 897.730773926 21.896238327 875.849548340 14.784130096 591.365112305 20.934579849 837.383178711 16.326435089 653.057373047 17.328201294 693.128051758 22.273921967 890.956848145 18.099809647 723.992431641 22.130014420 885.200561523 21.496637344 859.865539551 14.620014191 584.800476074 21.010164261 840.406555176 15.958559036 638.342346191 17.294063568 691.762512207 22.496921539 899.876892090 18.250015259 730.000671387 22.331407547 893.256347656 21.607950211 864.318115234
21.770174026 870.806945801 18.315052032 732.602050781 22.355485916 894.219421387 21.796094894 871.843750000 14.676866531 587.074707031 20.830144882 833.205749512 16.224784851 648.991394043 17.227228165 689.089111328 22.176469803 887.058776855 17.994796753 719.791809082 22.042226791 881.689025879 21.396408081 855.856262207 14.512778282 580.511108398 20.905908585 836.236267090 15.856840134 634.273620605 17.193130493 687.725219727 22.399787903 895.991455078 18.144853592 725.794067383 22.243635178 889.745300293 21.507696152 860.307800293
21.672805786 866.912170410 18.210155487 728.406250000 22.267704010 890.708190918 21.695953369 867.838256836 14.569604874 582.784240723 20.725715637 829.028564453 16.123138428 644.925537109 17.126255035 685.050109863 22.079017639 883.160705566 17.889791489 715.591735840 21.954439163 878.177612305 21.296178818 851.847229004 14.405543327 576.221740723 20.801660538 832.066406250 15.755123138 630.204956055 17.092197418 683.687866211 22.302658081 892.106323242 18.039697647 721.587890625 22.155860901 886.234436035 21.407444000 856.297790527
21.575437546 863.017517090 18.105268478 724.210754395 22.179924011 887.197021484 21.595815659 863.832580566 14.462344170 578.493896484 20.621290207 824.851623535 16.021493912 640.859741211 17.025281906 681.011230469 21.981569290 879.262695312 17.784791946 711.391662598 21.866653442 874.666198730 21.195953369 847.838012695 14.298310280 571.932495117 20.697420120 827.896789551 15.653409004 626.136291504 16.991264343 679.650512695 22.205533981 888.221252441 17.934547424 717.381835938 22.068088531 882.723632812 21.307189941 852.287597656
21.478075027 859.122924805 18.000387192 720.015441895 22.092144012 883.685729980 21.495679855 859.827209473 14.355084419 574.203430176 20.516872406 820.674926758 15.919854164 636.794189453 16.924306870 676.972290039 21.884120941 875.364807129 17.679798126 707.191894531 21.778867722 871.154785156 21.095727921 843.829162598 14.191078186 567.643127441 20.593189240 823.727600098 15.551696777 622.067871094 16.890331268 675.613281250 22.108413696 884.336486816 17.829401016 713.175964355 21.980316162 879.212585449 21.206939697 848.277648926
21.380712509 855.228515625 17.895513535 715.820617676 22.004364014 880.174560547 21.395545959 855.821838379 14.247825623 569.912963867 20.412460327 816.498474121 15.818216324 632.728637695 16.823333740 672.933349609 21.786674500 871.466979980 17.574811935 702.992492676 21.691082001 867.643310547 20.995504379 839.820190430 14.083847046 563.353820801 20.488965988 819.558654785 15.449987411 617.999450684 16.789400101 671.575988770 22.011299133 880.452026367 17.724262238 708.970520020 21.892543793 875.701843262 21.106689453 844.267517090
21.283355713 851.334106445 17.790649414 711.625915527 21.916584015 876.663269043 21.295413971 851.816528320 14.140567780 565.622802734 20.308055878 812.322204590 15.716581345 628.663269043 16.722360611 668.894409180 21.689231873 867.569213867 17.469833374 698.793273926 21.603296280 864.131774902 20.895282745 835.811279297 13.976616859 559.064697266 20.384752274 815.390075684 15.348280907 613.931213379 16.688468933 667.538757324 21.914190292 876.567565918 17.619127274 704.765075684 21.804771423 872.190856934 21.006441116 840.257568359
21.186000824 847.440002441 17.685791016 707.431701660 21.828804016 873.152099609 21.195285797 847.811462402 14.033311844 561.332458496 20.203657150 808.146240234 15.614950180 624.598022461 16.621385574 664.855407715 21.591789246 863.671569824 17.364860535 694.594421387 21.515510559 860.620422363 20.795064926 831.802612305 13.869387627 554.775573730 20.280546188 811.221862793 15.246576309 609.863098145 16.587537766 663.501464844 21.817087173 872.683410645 17.513996124 700.559936523 21.717000961 868.680053711 20.906192780 836.247802734
21.088649750 843.545898438 17.580940247 703.237670898 21.741025925 869.640991211 21.095161438 843.806457520 13.926055908 557.042297363 20.099267960 803.970703125 15.513320923 620.532836914 16.520412445 660.816467285 21.494350433 859.773925781 17.259893417 690.395751953 21.427726746 857.109069824 20.694847107 827.793945312 13.762159348 550.486389160 20.176351547 807.054077148 15.144873619 605.794982910 16.486606598 659.464233398 21.719989777 868.799560547 17.408872604 696.354919434 21.629230499 865.169250488 20.805948257 832.237976074
20.991300583 839.651977539 17.476099014 699.043884277 21.653247833 866.129821777 20.995038986 839.801574707 13.818800926 552.752014160 19.994884491 799.795410156 15.411695480 616.467773438 16.419439316 656.777587891 21.396911621 855.876403809 17.154933929 686.197326660 21.339942932 853.597656250 20.594633102 823.785278320 13.654932022 546.197265625 20.072168350 802.886718750 15.043173790 601.726928711 16.385675430 655.427001953 21.622898102 864.915832520 17.303752899 692.150085449 21.541460037 861.658386230 20.705705643 828.228210449
20.893957138 835.758239746 17.371263504 694.850585938 21.565469742 862.618774414 20.894922256 835.796813965 13.711546898 548.461853027 19.890508652 795.620300293 15.310071945 612.402893066 16.318466187 652.738586426 21.299476624 851.979003906 17.049980164 681.999267578 21.252159119 850.086364746 20.494421005 819.776794434 13.547706604 541.908264160 19.967992783 798.719726562 14.941476822 597.659118652 16.284744263 651.389770508 21.525812149 861.032409668 17.198640823 687.945678711 21.453691483 858.147644043 20.605464935 824.218566895
20.796615601 831.864562988 17.266437531 690.657409668 21.477691650 859.107604980 20.794805527 831.792236328 13.604293823 544.171691895 19.786142349 791.445739746 15.208452225 608.338012695 16.217491150 648.699707031 21.202045441 848.081726074 16.945034027 677.801269531 21.164375305 846.574951172 20.394212723 815.768432617 13.440481186 537.619201660 19.863830566 794.553283691 14.839781761 593.591247559 16.183815002 647.352600098 21.428731918 857.149291992 17.093530655 683.741271973 21.365921021 854.636779785 20.505226135 820.208984375
20.699279785 827.971191406 17.161617279 686.464599609 21.389915466 855.596618652 20.694694519 827.787780762 13.497042656 539.881774902 19.681785583 787.271423340 15.106835365 604.273376465 16.116518021 644.660705566 21.104614258 844.184570312 16.840093613 673.603698730 21.076591492 843.063720703 20.294006348 811.760192871 13.333257675 533.330261230 19.759677887 790.387084961 14.738088608 589.523559570 16.082885742 643.315368652 21.331659317 853.266296387 16.988428116 679.537048340 21.278152466 851.126098633 20.404989243 816.199523926
20.601945877 824.077880859 17.056804657 682.272155762 21.302137375 852.085449219 20.594587326 823.783447266 13.389791489 535.591613770 19.577436447 783.097351074 15.005221367 600.208862305 16.015544891 640.621826172 21.007186890 840.287536621 16.735158920 669.406433105 20.988809586 839.552307129 20.193801880 807.752014160 13.226034164 529.041320801 19.655536652 786.221435547 14.636398315 585.455932617 15.981955528 639.278259277 21.234592438 849.383728027 16.883331299 675.333251953 21.190383911 847.615295410 20.304754257 812.190124512
20.504617691 820.184753418 16.952001572 678.080017090 21.214361191 848.574401855 20.494483948 819.779357910 13.282541275 531.301574707 19.473096848 778.923828125 14.903610229 596.144409180 15.914570808 636.582824707 20.909763336 836.390563965 16.630233765 665.209289551 20.901027679 836.041076660 20.093601227 803.744079590 13.118811607 524.752441406 19.551408768 782.056274414 14.534710884 581.388427734 15.881027222 635.241088867 21.137531281 845.501281738 16.778238297 671.129455566 21.102615356 844.104614258 20.204523087 808.180969238
20.407291412 816.291748047 16.847204208 673.888183594 21.126585007 845.063415527 20.394384384 815.775329590 13.175292015 527.011657715 19.368764877 774.750671387 14.802000999 592.080017090 15.813597679 632.543945312 20.812341690 832.493713379 16.525312424 661.012512207 20.813245773 832.529785156 19.993404388 799.736206055 13.011590958 520.463562012 19.447290421 777.891723633 14.433025360 577.320983887 15.780097961 631.203918457 21.040477753 841.619140625 16.673151016 666.926025391 21.014848709 840.593872070 20.104293823 804.171752930
20.309970856 812.398864746 16.742414474 669.696594238 21.038810730 841.552368164 20.294288635 811.771606445 13.068043709 522.721740723 19.264444351 770.577758789 14.700395584 588.015808105 15.712623596 628.504943848 20.714923859 828.596984863 16.420398712 656.815917969 20.725463867 829.018554688 19.893211365 795.728454590 12.904370308 516.174865723 19.343185425 773.727416992 14.331341743 573.253601074 15.679169655 627.166809082 20.943429947 837.737182617 16.568067551 662.722717285 20.927082062 837.083251953 20.004068375 800.162780762
20.212656021 808.506225586 16.637632370 665.505249023 20.951034546 838.041381836 20.194198608 807.768005371 12.960795403 518.431884766 19.160133362 766.405334473 14.598793030 583.951782227 15.611649513 624.466003418 20.617507935 824.700378418 16.315490723 652.619628906 20.637681961 825.507263184 19.793020248 791.720886230 12.797150612 511.886077881 19.239093781 769.563659668 14.229660988 569.186462402 15.578242302 623.129699707 20.846389771 833.855590820 16.462991714 658.519592285 20.839315414 833.572631836 19.903846741 796.153869629
20.115343094 804.613769531 16.532857895 661.314392090 20.863260269 834.530395508 20.094112396 803.764404297 12.853549004 514.141906738 19.055833817 762.233337402 14.497193336 579.887756348 15.510676384 620.427062988 20.520095825 820.803894043 16.210590363 648.423645020 20.549901962 821.996093750 19.692834854 787.713317871 12.689931870 507.597290039 19.135013580 765.400512695 14.127982140 565.119262695 15.477314949 619.092590332 20.749357224 829.974182129 16.357919693 654.316833496 20.751548767 830.061950684 19.803627014 792.145019531
20.018035889 800.721374512 16.428091049 657.123657227 20.775485992 831.019470215 19.994029999 799.761169434 12.746303558 509.852172852 18.951541901 758.061706543 14.395596504 575.823852539 15.409702301 616.388061523 20.422687531 816.907409668 16.105695724 644.227783203 20.462120056 818.484863281 19.592651367 783.705993652 12.582714081 503.308624268 19.030944824 761.237854004 14.026306152 561.052246094 15.376387596 615.055480957 20.652330399 826.093200684 16.252853394 650.114074707 20.663782120 826.551269531 19.703409195 788.136352539
19.920732498 796.829345703 16.323331833 652.933349609 20.687711716 827.508544922 19.893953323 795.758117676 12.639058113 505.562286377 18.847263336 753.890563965 14.294002533 571.760131836 15.308729172 612.349121094 20.325281143 813.011230469 16.000806808 640.032287598 20.374340057 814.973632812 19.492471695 779.698913574 12.475497246 499.019927979 18.926891327 757.075683594 13.924632072 556.985290527 15.275460243 611.018432617 20.555311203 822.212402344 16.147790909 645.911682129 20.576017380 823.040771484 19.603197098 784.127929688
19.823434830 792.937438965 16.218580246 648.743225098 20.599939346 823.997619629 19.793880463 791.755126953 12.531813622 501.272491455 18.742992401 749.719726562 14.192411423 567.696411133 15.207755089 608.310180664 20.227880478 809.115295410 15.895925522 635.837036133 20.286560059 811.462463379 19.392295837 775.691772461 12.368281364 494.731231689 18.822851181 752.913940430 13.822959900 552.918395996 15.174533844 606.981323242 20.458299637 818.331970215 16.042736053 641.709472656 20.488252640 819.530151367 19.502986908 780.119445801
19.726140976 789.045654297 16.113834381 644.553344727 20.512165070 820.486633301 19.693811417 787.752502441 12.424570084 496.982757568 18.638734818 745.549316406 14.090823174 563.632873535 15.106781960 604.271301270 20.130481720 805.219238281 15.791049957 631.641906738 20.198781967 807.951293945 19.292123795 771.684997559 12.261066437 490.442596436 18.718822479 748.752868652 13.721290588 548.851623535 15.073607445 602.944335938 20.361293793 814.451721191 15.937685013 637.507324219 20.400487900 816.019531250 19.402780533 776.111206055
19.628852844 785.154113770 16.009098053 640.363952637 20.424392700 816.975646973 19.593748093 783.749938965 12.317327499 492.693054199 18.534486771 741.379394531 13.989236832 559.569519043 15.005807877 600.232299805 20.033086777 801.323486328 15.686181068 627.447204590 20.111001968 804.440002441 19.191955566 767.678222656 12.153851509 486.154052734 18.614809036 744.592346191 13.619623184 544.784973145 14.972681999 598.907287598 20.264297485 810.571838379 15.832638741 633.305603027 20.312723160 812.508911133 19.302577972 772.103088379
19.531568527 781.262695312 15.904367447 636.174682617 20.336620331 813.464904785 19.493690491 779.747741699 12.210084915 488.403411865 18.430250168 737.210083008 13.887654305 555.506164551 14.904834747 596.193420410 19.935695648 797.427795410 15.581317902 623.252685547 20.023223877 800.929016113 19.091791153 763.671752930 12.046637535 481.865509033 18.510808945 740.432434082 13.517958641 540.718383789 14.871756554 594.870239258 20.167306900 806.692260742 15.727598190 629.103881836 20.224960327 808.998474121 19.202377319 768.095153809
19.434289932 777.371643066 15.799644470 631.985839844 20.248847961 809.954040527 19.393638611 775.745483398 12.102843285 484.113800049 18.326026917 733.041076660 13.786073685 551.442993164 14.803860664 592.154418945 19.838308334 793.532348633 15.476461411 619.058471680 19.935445786 797.417846680 18.991632462 759.665283203 11.939424515 477.577026367 18.406822205 736.272949219 13.416295052 536.651855469 14.770831108 590.833251953 20.070325851 802.812988281 15.622562408 624.902526855 20.137197495 805.487915039 19.102182388 764.087219238
19.337017059 773.480651855 15.694929123 627.797180176 20.161077499 806.443176270 19.293590546 771.743591309 11.995602608 479.824035645 18.221813202 728.872497559 13.684496880 547.379882812 14.702887535 588.115539551 19.740924835 789.636962891 15.371610641 614.864440918 19.847667694 793.906738281 18.891477585 755.659057617 11.832212448 473.288421631 18.302850723 732.113952637 13.314635277 532.585388184 14.669906616 586.796264648 19.973350525 798.934020996 15.517531395 620.701232910 20.049434662 801.977416992 19.001991272 760.079589844
19.239748001 769.589965820 15.590220451 623.608764648 20.073305130 802.932312012 19.193548203 767.741882324 11.888362885 475.534545898 18.117610931 724.704406738 13.582921982 543.316894531 14.601913452 584.076477051 19.643545151 785.741821289 15.266766548 610.670654297 19.759889603 790.395568848 18.791324615 751.652954102 11.725000381 469.000061035 18.198892593 727.955627441 13.212976456 528.519042969 14.568982124 582.759277344 19.876384735 795.055358887 15.412506104 616.500183105 19.961671829 798.466918945 18.901802063 756.072143555
19.142484665 765.699401855 15.485519409 619.420776367 19.985534668 799.421447754 19.093509674 763.740417480 11.781124115 471.244934082 18.013422012 720.536865234 13.481349945 539.254028320 14.500939369 580.037597656 19.546169281 781.846862793 15.161928177 606.477172852 19.672111511 786.884521484 18.691179276 747.647155762 11.617790222 464.711578369 18.094947815 723.797973633 13.111320496 524.452758789 14.468057632 578.722290039 19.779424667 791.177001953 15.307485580 612.299438477 19.873910904 794.956420898 18.801618576 752.064758301
19.045227051 761.809082031 15.380825043 615.232971191 19.897764206 795.910705566 18.993478775 759.739074707 11.673885345 466.955322266 17.909242630 716.369628906 13.379780769 535.191223145 14.399966240 575.998657227 19.448799133 777.952026367 15.057096481 602.283874512 19.584335327 783.373413086 18.591035843 743.641357422 11.510580063 460.423187256 17.991018295 719.640747070 13.009666443 520.386657715 14.367134094 574.685363770 19.682474136 787.299011230 15.202469826 608.098754883 19.786148071 791.445922852 18.701438904 748.057556152
18.947973251 757.918884277 15.276137352 611.045532227 19.809995651 792.399841309 18.893451691 755.738037109 11.566646576 462.665924072 17.805076599 712.203125000 13.278214455 531.128601074 14.298992157 571.959655762 19.351430893 774.057189941 14.952270508 598.090881348 19.496559143 779.862304688 18.490898132 739.635864258 11.403369904 456.134887695 17.887104034 715.484191895 12.908015251 516.320617676 14.266210556 570.648437500 19.585531235 783.421203613 15.097458839 603.898376465 19.698387146 787.935485840 18.601263046 744.050476074
18.850725174 754.029052734 15.171457291 606.858276367 19.722225189 788.889038086 18.793430328 751.737182617 11.459409714 458.376464844 17.700922012 708.036926270 13.176650047 527.066040039 14.198019028 567.920776367 19.254068375 770.162719727 14.847450256 593.898010254 19.408782959 776.351257324 18.390764236 735.630493164 11.296161652 451.846527100 17.783203125 711.328186035 12.806365013 512.254638672 14.165287018 566.611450195 19.488595963 779.543884277 14.992452621 599.698120117 19.610626221 784.425048828 18.501091003 740.043518066
18.753482819 750.139343262 15.066783905 602.671264648 19.634456635 785.378234863 18.693414688 747.736511230 11.352172852 454.086853027 17.596780777 703.871215820 13.075089455 523.003540039 14.097044945 563.881835938 19.156707764 766.268371582 14.742636681 589.705383301 19.321006775 772.840209961 18.290634155 731.625305176 11.188952446 447.558074951 17.679317474 707.172729492 12.704717636 508.188720703 14.064364433 562.574584961 19.391668320 775.666748047 14.887452126 595.497985840 19.522867203 780.914672852 18.400922775 736.036804199
18.656246185 746.249816895 14.962117195 598.484741211 19.546688080 781.867492676 18.593404770 743.736206055 11.244936943 449.797424316 17.492650986 699.705993652 12.973530769 518.941223145 13.996071815 559.842895508 19.059352875 762.374145508 14.637828827 585.513183594 19.233230591 769.329223633 18.190509796 727.620422363 11.081745148 443.269775391 17.575447083 703.017883301 12.603073120 504.122924805 13.963441849 558.537719727 19.294750214 771.789978027 14.782455444 591.298278809 19.435106277 777.404235840 18.300758362 732.030456543
18.559015274 742.360534668 14.857458115 594.298278809 19.458919525 778.356750488 18.493400574 739.735961914 11.137701035 445.508087158 17.388534546 695.541381836 12.871974945 514.878967285 13.895097733 555.803894043 18.962001801 758.480102539 14.533026695 581.321044922 19.145456314 765.818176270 18.090389252 723.615539551 10.974537849 438.981536865 17.471591949 698.863647461 12.501429558 500.057189941 13.862520218 554.500854492 19.197837830 767.913574219 14.677464485 587.098571777 19.347347260 773.893859863 18.200599670 728.023925781
18.461788177 738.471557617 14.752804756 590.112243652 19.371150970 774.846130371 18.393400192 735.735961914 11.030466080 441.218597412 17.284429550 691.377197266 12.770421982 510.816833496 13.794124603 551.764953613 18.864656448 754.586242676 14.428230286 577.129211426 19.057680130 762.307250977 17.990274429 719.610900879 10.867331505 434.693206787 17.367750168 694.710083008 12.399788857 495.991546631 13.761598587 550.463928223 19.100936890 764.037414551 14.572477341 582.899108887 19.259588242 770.383605957 18.100444794 724.017761230
18.364568710 734.582702637 14.648159027 585.926330566 19.283384323 771.335388184 18.293407440 731.736267090 10.923231125 436.929290771 17.180335999 687.213500977 12.668870926 506.754821777 13.693150520 547.726013184 18.767314911 750.692565918 14.323439598 572.937622070 18.969905853 758.796264648 17.890163422 715.606506348 10.760126114 430.405090332 17.263923645 690.557006836 12.298150063 491.925994873 13.660676956 546.427062988 19.004041672 760.161621094 14.467495918 578.699768066 19.171831131 766.873229980 18.000293732 720.011779785
18.267353058 730.694091797 14.543519020 581.740844727 19.195617676 767.824707031 18.193420410 727.736816406 10.815997124 432.639923096 17.076255798 683.050231934 12.567322731 502.692932129 13.592176437 543.687072754 18.669977188 746.799072266 14.218654633 568.746215820 18.882131577 755.285278320 17.790056229 711.602233887 10.652920723 426.116821289 17.160112381 686.404541016 12.196513176 487.860534668 13.559755325 542.390258789 18.907155991 756.286254883 14.362518311 574.500793457 19.084072113 763.362854004 17.900146484 716.005859375
18.170143127 726.805664062 14.438886642 577.555419922 19.107851028 764.313964844 18.093437195 723.737548828 10.708764076 428.350524902 16.972188950 678.887573242 12.465777397 498.631103516 13.491203308 539.648132324 18.572643280 742.905700684 14.113875389 564.555053711 18.794359207 751.774291992 17.689954758 707.598266602 10.545715332 421.828582764 17.056316376 682.252685547 12.094878197 483.795166016 13.458835602 538.353332520 18.810277939 752.411010742 14.257545471 570.301879883 18.996315002 759.852539062 17.800004959 712.000244141
18.072938919 722.917541504 14.334259987 573.370361328 19.020084381 760.803466797 17.993461609 719.738464355 10.601531029 424.061187744 16.868133545 674.725402832 12.364233971 494.569366455 13.390229225 535.609130859 18.475315094 739.012573242 14.009101868 560.364074707 18.706584930 748.263427734 17.589859009 703.594360352 10.438510895 417.540405273 16.952535629 678.101440430 11.993246078 479.729827881 13.357914925 534.316589355 18.713407516 748.536254883 14.152577400 566.103088379 18.908557892 756.342346191 17.699867249 707.994750977
17.975742340 719.029724121 14.229640007 569.185607910 18.932317734 757.292724609 17.893489838 715.739624023 10.494298935 419.771911621 16.764091492 670.563659668 12.262693405 490.507781982 13.289256096 531.570251465 18.377990723 735.119628906 13.904334068 556.173339844 18.618812561 744.752563477 17.489765167 699.590576172 10.331307411 413.252227783 16.848770142 673.950805664 11.891615868 475.664611816 13.256995201 530.279785156 18.616546631 744.661865234 14.047614098 561.904602051 18.820800781 752.832092285 17.599733353 703.989318848
17.878549576 715.141967773 14.125026703 565.001037598 18.844552994 753.782104492 17.793525696 711.741027832 10.387066841 415.482604980 16.660062790 666.402465820 12.161155701 486.446258545 13.188282013 527.531250000 18.280672073 731.226806641 13.799571991 551.982788086 18.531038284 741.241577148 17.389678955 695.587158203 10.224103928 408.964080811 16.745018005 669.800659180 11.789987564 471.599517822 13.156075478 526.242980957 18.519693375 740.787780762 13.942655563 557.706176758 18.733043671 749.321716309 17.499605179 699.984191895
17.781362534 711.254455566 14.020420074 560.816894531 18.756788254 750.271423340 17.693567276 707.742675781 10.279834747 411.193450928 16.556045532 662.241882324 12.059620857 482.384887695 13.087308884 523.492309570 18.183357239 727.334289551 13.694814682 547.792663574 18.443265915 737.730590820 17.289596558 691.583801270 10.116901398 404.676055908 16.641283035 665.651367188 11.688361168 467.534484863 13.055155754 522.206237793 18.422849655 736.913940430 13.837700844 553.508117676 18.645288467 745.811462402 17.399480820 695.979187012
17.684181213 707.367248535 13.915819168 556.632812500 18.669021606 746.760925293 17.593612671 703.744567871 10.172603607 406.904235840 16.452041626 658.081604004 11.958087921 478.323516846 12.986334801 519.453369141 18.086046219 723.441833496 13.590063095 543.602539062 18.355493546 734.219787598 17.189517975 687.580688477 10.009698868 400.388000488 16.537563324 661.502502441 11.586736679 463.469451904 12.954236984 518.169433594 18.326013565 733.040527344 13.732750893 549.310058594 18.557533264 742.301391602 17.299360275 691.974365234
17.587007523 703.480224609 13.811224937 552.448913574 18.581258774 743.250366211 17.493665695 699.746582031 10.065373421 402.614898682 16.348051071 653.921936035 11.856556892 474.262268066 12.885360718 515.414489746 17.988740921 719.549621582 13.485317230 539.412658691 18.267723083 730.708923340 17.089445114 683.577758789 9.902496338 396.099822998 16.433856964 657.354248047 11.485114098 459.404541016 12.853318214 514.132812500 18.229187012 729.167480469 13.627805710 545.112182617 18.469778061 738.791137695 17.199245453 687.969726562
17.489837646 699.593566895 13.706636429 548.265502930 18.493494034 739.739746094 17.393724442 695.748901367 9.958143234 398.325744629 16.244071960 649.762878418 11.755029678 470.201202393 12.784387589 511.375549316 17.891439438 715.657592773 13.380576134 535.223083496 18.179950714 727.198059082 16.989376068 679.575073242 9.795294762 391.811859131 16.330167770 653.206665039 11.383494377 455.339782715 12.752400398 510.096008301 18.132368088 725.294677734 13.522864342 540.914611816 18.382022858 735.280883789 17.099134445 683.965332031
17.392673492 695.706909180 13.602054596 544.082214355 18.405731201 736.229187012 17.293788910 691.751525879 9.850913048 394.036499023 16.140106201 645.604187012 11.653503418 466.140197754 12.683413506 507.336547852 17.794143677 711.765747070 13.275840759 531.033630371 18.092180252 723.687194824 16.889312744 675.572509766 9.688093185 387.523742676 16.226491928 649.059631348 11.281875610 451.275054932 12.651482582 506.059326172 18.035556793 721.422363281 13.417927742 536.717041016 18.294267654 731.770751953 16.999027252 679.961059570
17.295516968 691.820678711 13.497478485 539.899169922 18.317966461 732.718688965 17.193859100 687.754333496 9.743683815 389.747283936 16.036151886 641.446105957 11.551980972 462.079193115 12.582440376 503.297607422 17.696851730 707.874145508 13.171110153 526.844421387 18.004409790 720.176391602 16.789255142 671.570251465 9.580892563 383.235656738 16.122831345 644.913269043 11.180259705 447.210388184 12.550564766 502.022552490 17.938755035 717.550231934 13.312994957 532.519836426 18.206514359 728.260620117 16.898925781 675.956970215
17.198364258 687.934631348 13.392908096 535.716369629 18.230203629 729.208068848 17.093933105 683.757324219 9.636454582 385.458129883 15.932211876 637.288452148 11.450460434 458.018402100 12.481466293 499.258605957 17.599565506 703.982666016 13.066384315 522.655334473 17.916639328 716.665527344 16.689201355 667.568054199 9.473691940 378.947601318 16.019187927 640.767395020 11.078644753 443.145782471 12.449647903 497.985870361 17.841962814 713.678527832 13.208065987 528.322631836 18.118761063 724.750366211 16.798828125 671.953063965
17.101219177 684.048767090 13.288344383 531.533691406 18.142440796 725.697692871 16.994014740 679.760681152 9.529225349 381.168975830 15.828284264 633.131347656 11.348941803 453.957672119 12.380493164 495.219757080 17.502283096 700.091369629 12.961664200 518.466491699 17.828868866 713.154785156 16.589151382 663.566101074 9.366492271 374.659606934 15.915556908 636.622314453 10.977032661 439.081298828 12.348731041 493.949218750 17.745178223 709.807189941 13.103141785 524.125610352 18.031007767 721.240295410 16.698734283 667.949401855
17.004077911 680.163146973 13.183785439 527.351440430 18.054679871 722.187194824 16.894102097 675.764160156 9.421997070 376.879852295 15.724369049 628.974792480 11.247426033 449.897064209 12.279519081 491.180725098 17.405006409 696.200195312 12.856948853 514.278015137 17.741098404 709.643920898 16.489107132 659.564392090 9.259292603 370.371643066 15.811942101 632.477783203 10.875422478 435.016906738 12.247814178 489.912597656 17.648401260 705.936035156 12.998221397 519.928894043 17.943254471 717.730163574 16.598646164 663.945922852
16.906944275 676.277770996 13.079233170 523.169250488 17.966917038 718.676696777 16.794195175 671.767822266 9.314769745 372.590728760 15.620466232 624.818603516 11.145912170 445.836517334 12.178544998 487.141845703 17.307733536 692.309387207 12.752239227 510.089538574 17.653329849 706.133117676 16.389068604 655.562744141 9.152092934 366.083709717 15.708342552 628.333618164 10.773813248 430.952606201 12.146898270 485.875976562 17.551633835 702.065307617 12.893305779 515.732238770 17.855503082 714.220092773 16.498561859 659.942443848
16.809816360 672.392700195 12.974686623 518.987426758 17.879156113 715.166259766 16.694293976 667.771789551 9.207541466 368.301635742 15.516576767 620.663024902 11.044401169 441.776000977 12.077571869 483.102874756 17.210466385 688.418701172 12.647533417 505.901336670 17.565561295 702.622436523 16.289033890 651.561340332 9.044894218 361.795745850 15.604757309 624.190307617 10.672206879 426.888244629 12.045982361 481.839294434 17.454875946 698.195068359 12.788393974 511.535766602 17.767749786 710.710021973 16.398481369 655.939270020
16.712694168 668.507812500 12.870145798 514.805847168 17.791395187 711.655761719 16.594398499 663.775939941 9.100314140 364.012603760 15.412698746 616.507934570 10.942892075 437.715698242 11.976597786 479.063934326 17.113203049 684.528198242 12.542833328 501.713317871 17.477790833 699.111694336 16.189002991 647.560058594 8.937695503 357.507843018 15.501187325 620.047546387 10.570602417 422.824127197 11.945067406 477.802673340 17.358123779 694.325012207 12.683485985 507.339416504 17.679998398 707.199890137 16.298406601 651.936218262
16.615577698 664.623107910 12.765609741 510.624450684 17.703634262 708.145385742 16.494508743 659.780334473 8.993086815 359.723449707 15.308834076 612.353393555 10.841385841 433.655426025 11.875624657 475.025024414 17.015945435 680.637878418 12.438137054 497.525543213 17.390024185 695.600952148 16.088977814 643.559082031 8.830496788 353.219848633 15.397632599 615.905334473 10.468999863 418.759948730 11.844152451 473.766082764 17.261383057 690.455322266 12.578581810 503.143280029 17.592247009 703.689941406 16.198335648 647.933410645
16.518466949 660.738647461 12.661080360 506.443237305 17.615873337 704.634948730 16.394624710 655.784973145 8.885860443 355.434448242 15.204981804 608.199340820 10.739881516 429.595306396 11.774650574 470.986022949 16.918691635 676.747741699 12.333446503 493.337829590 17.302255630 692.090148926 15.988957405 639.558227539 8.723299026 348.931976318 15.294092178 611.763793945 10.367399216 414.696014404 11.743237495 469.729522705 17.164649963 686.585998535 12.473681450 498.947265625 17.504497528 700.179870605 16.098270416 643.930725098
16.421361923 656.854492188 12.556555748 502.262176514 17.528114319 701.124450684 16.294746399 651.789794922 8.778633118 351.145324707 15.101141930 604.045654297 10.638380051 425.535156250 11.673676491 466.947052002 16.821443558 672.857788086 12.228759766 489.150329590 17.214487076 688.579467773 15.888940811 635.557617188 8.616100311 344.644012451 15.190567017 607.622558594 10.265799522 410.632019043 11.642322540 465.692871094 17.067924500 682.717041016 12.368784904 494.751342773 17.416746140 696.669799805 15.998208046 639.928283691
16.324262619 652.970520020 12.452036858 498.081481934 17.440353394 697.614196777 16.194873810 647.794860840 8.671406746 346.856231689 14.997314453 599.892517090 10.536879539 421.475189209 11.572703362 462.908142090 16.724201202 668.968017578 12.124077797 484.963134766 17.126720428 685.068786621 15.788929939 631.557128906 8.508902550 340.356109619 15.087056160 603.482177734 10.164202690 406.568115234 11.541408539 461.656341553 16.971208572 678.848327637 12.263892174 490.555725098 17.328996658 693.159851074 15.898150444 635.925964355
16.227170944 649.086791992 12.347523689 493.900848389 17.352594376 694.103759766 16.095006943 643.800292969 8.564181328 342.567321777 14.893499374 595.739929199 10.435382843 417.415283203 11.471729279 458.869171143 16.626962662 665.078430176 12.019400597 480.775970459 17.038951874 681.558044434 15.688922882 627.556945801 8.401705742 336.068237305 14.983559608 599.342346191 10.062607765 402.504302979 11.440495491 457.619812012 16.874500275 674.979980469 12.159003258 486.360137939 17.241247177 689.649780273 15.798097610 631.923889160
16.130083084 645.203369141 12.243015289 489.720611572 17.264835358 690.593444824 15.995144844 639.805786133 8.456954956 338.278289795 14.789696693 591.587829590 10.333887100 413.355468750 11.370756149 454.830261230 16.529729843 661.189208984 11.914728165 476.589141846 16.951185226 678.047424316 15.588920593 623.556823730 8.294507980 331.780364990 14.880077362 595.203063965 9.961013794 398.440582275 11.339581490 453.583282471 16.777801514 671.112121582 12.054118156 482.164794922 17.153497696 686.139892578 15.698048592 627.921997070
16.033002853 641.320068359 12.138511658 485.540496826 17.177076340 687.083068848 15.895288467 635.811584473 8.349729538 333.989196777 14.685906410 587.436218262 10.232394218 409.295776367 11.269782066 450.791290283 16.432500839 657.300048828 11.810059547 472.402374268 16.863418579 674.536743164 15.488924026 619.556945801 8.187311172 327.492523193 14.776610374 591.064331055 9.859421730 394.376892090 11.238669395 449.546752930 16.681110382 667.244445801 11.949236870 477.969482422 17.065748215 682.629882812 15.598004341 623.920227051
15.935926437 637.437011719 12.034013748 481.360626221 17.089319229 683.572753906 15.795437813 631.817504883 8.242504120 329.700195312 14.582128525 583.285095215 10.130903244 405.236145020 11.168808937 446.752349854 16.335275650 653.411071777 11.705395699 468.215850830 16.775651932 671.026123047 15.388930321 615.557250977 8.080114365 323.204620361 14.673157692 586.926269531 9.757832527 390.313293457 11.137756348 445.510223389 16.584428787 663.377136230 11.844358444 473.774444580 16.977998734 679.120056152 15.497964859 619.918579102
15.838857651 633.554321289 11.929520607 477.180847168 17.001560211 680.062377930 15.695592880 627.823669434 8.135278702 325.411102295 14.478362083 579.134460449 10.029415131 401.176605225 11.067834854 442.713439941 16.238058090 649.522338867 11.600735664 464.029449463 16.687887192 667.515441895 15.288942337 611.557617188 7.972917557 318.916687012 14.569718361 582.788696289 9.656244278 386.249755859 11.036844254 441.473785400 16.487754822 659.510192871 11.739484787 469.579376221 16.890251160 675.609985352 15.397929192 615.917114258
15.741793633 629.671813965 11.825032234 473.001251221 16.913803101 676.552185059 15.595753670 623.830078125 8.028053284 321.122192383 14.374608040 574.984313965 9.927928925 397.117156982 10.966860771 438.674468994 16.140844345 645.633789062 11.496080399 459.843200684 16.600120544 664.004882812 15.188958168 607.558288574 7.865720749 314.628845215 14.466294289 578.651733398 9.554657936 382.186340332 10.935932159 437.437286377 16.391090393 655.643615723 11.634613991 465.384490967 16.802503586 672.100158691 15.297897339 611.915893555
15.644736290 625.789428711 11.720549583 468.821990967 16.826045990 673.041809082 15.495919228 619.836730957 7.920828342 316.833190918 14.270865440 570.834655762 9.826444626 393.057769775 10.865887642 434.635528564 16.043634415 641.745361328 11.391428947 455.657165527 16.512355804 660.494201660 15.088978767 603.559204102 7.758524418 310.341003418 14.362883568 574.515441895 9.453073502 378.122985840 10.835021019 433.400848389 16.294433594 651.777282715 11.529746056 461.189880371 16.714756012 668.590209961 15.197870255 607.914855957
15.547684669 621.907409668 11.616070747 464.642791748 16.738288879 669.531555176 15.396090508 615.843627930 7.813603878 312.544097900 14.167135239 566.685485840 9.724962234 388.998535156 10.764913559 430.596496582 15.946430206 637.857177734 11.286782265 451.471282959 16.424591064 656.983581543 14.989004135 599.560241699 7.651328564 306.053070068 14.259487152 570.379455566 9.351490974 374.059631348 10.734108925 429.364349365 16.197784424 647.911376953 11.424881935 456.995269775 16.627008438 665.080322266 15.097847939 603.913940430
15.450637817 618.025451660 11.511597633 460.463958740 16.650531769 666.021301270 15.296266556 611.850646973 7.706378937 308.255218506 14.063416481 562.536682129 9.623482704 384.939270020 10.663940430 426.557586670 15.849230766 633.969177246 11.182138443 447.285614014 16.336826324 653.472961426 14.889033318 595.561340332 7.544132233 301.765350342 14.156105042 566.244201660 9.249910355 369.996398926 10.633198738 425.327972412 16.101144791 644.045715332 11.320021629 452.800903320 16.539260864 661.570434570 14.997828484 599.913146973
15.353597641 614.143859863 11.407129288 456.285156250 16.562776566 662.511047363 15.196448326 607.857910156 7.599154472 303.966156006 13.959710121 558.388366699 9.522004128 380.880187988 10.562966347 422.518646240 15.752036095 630.081420898 11.077499390 443.099975586 16.249061584 649.962463379 14.789067268 591.562744141 7.436936378 297.477478027 14.052736282 562.109436035 9.148330688 365.933227539 10.532287598 421.291503906 16.004512787 640.180480957 11.215164185 448.606536865 16.451515198 658.060668945 14.897813797 595.912597656
15.256564140 610.262573242 11.302664757 452.106536865 16.475019455 659.000793457 15.096635818 603.865356445 7.491930008 299.677154541 13.856014252 554.240539551 9.420528412 376.821166992 10.461992264 418.479705811 15.654846191 626.193847656 10.972864151 438.914489746 16.161296844 646.451843262 14.689105988 587.564208984 7.329740524 293.189575195 13.949380875 557.975219727 9.046752930 361.870178223 10.431377411 417.255126953 15.907889366 636.315551758 11.110309601 444.412384033 16.363769531 654.550720215 14.797803879 591.912109375
15.159535408 606.381408691 11.198204994 447.928192139 16.387264252 655.490600586 14.996828079 599.873107910 7.384706020 295.388275146 13.752330780 550.093322754 9.319054604 372.762176514 10.361019135 414.440795898 15.557661057 622.306396484 10.868232727 434.729309082 16.073532104 642.941345215 14.589147568 583.565917969 7.222544670 288.901855469 13.846039772 553.841613770 8.945177078 357.807067871 10.330468178 413.218750000 15.811274529 632.450988770 11.005458832 440.218383789 16.276023865 651.040954590 14.697797775 587.911926270
15.062512398 602.500488281 11.093750000 443.749969482 16.299509048 651.980346680 14.897025108 595.881042480 7.277481556 291.099304199 13.648658752 545.946411133 9.217583656 368.703308105 10.260045052 410.401824951 15.460481644 618.419250488 10.763605118 430.544219971 15.985769272 639.430725098 14.489194870 579.567810059 7.115348816 284.614013672 13.742711067 549.708496094 8.843603134 353.744140625 10.229558945 409.182312012 15.714668274 628.586730957 10.900610924 436.024414062 16.188278198 647.531066895 14.597794533 583.911804199
14.965495110 598.619750977 10.989298820 439.571990967 16.211753845 648.470153809 14.797227859 591.889160156 7.170257568 286.810302734 13.544998169 541.799926758 9.116113663 364.644531250 10.159071922 406.362854004 15.363306046 614.532226562 10.658981323 426.359283447 15.898005486 635.920227051 14.389245033 575.569824219 7.008153439 280.326202393 13.639396667 545.575866699 8.742031097 349.681274414 10.128649712 405.145965576 15.618069649 624.722717285 10.795766830 431.830657959 16.100532532 644.021301270 14.497797012 579.911926270
14.868483543 594.739318848 10.884853363 435.394073486 16.124000549 644.960021973 14.697435379 587.897460938 7.063033581 282.521362305 13.441348076 537.653930664 9.014645576 360.585845947 10.058097839 402.323883057 15.266136169 610.645385742 10.554361343 422.174438477 15.810242653 632.409729004 14.289299965 571.572021484 6.900958061 276.038330078 13.536095619 541.443786621 8.640460014 345.618408203 10.027740479 401.109558105 15.521479607 620.859130859 10.690924644 427.636962891 16.012788773 640.511535645 14.397802353 575.912109375
14.771478653 590.859191895 10.780410767 431.216491699 16.036245346 641.449768066 14.597647667 583.905883789 6.955809593 278.232421875 13.337709427 533.508422852 8.913180351 356.527252197 9.957124710 398.285003662 15.168970108 606.758850098 10.449745178 417.989868164 15.722479820 628.899169922 14.189359665 567.574340820 6.793762207 271.750518799 13.432807922 537.312377930 8.538890839 341.555633545 9.926832199 397.073333740 15.424898148 616.995971680 10.586086273 423.443481445 15.925044060 637.001708984 14.297811508 571.912414551
14.674478531 586.979187012 10.675972939 427.038909912 15.948491096 637.939636230 14.497865677 579.914550781 6.848585606 273.943389893 13.234082222 529.363342285 8.811717033 352.468627930 9.856150627 394.246032715 15.071809769 602.872375488 10.345131874 413.805236816 15.634716988 625.388732910 14.089422226 563.576843262 6.686566830 267.462615967 13.329532623 533.181274414 8.437323570 337.492919922 9.825923920 393.036956787 15.328324318 613.132995605 10.481250763 419.250000000 15.837299347 633.492004395 14.197825432 567.912963867
14.577484131 583.099365234 10.571538925 422.861511230 15.860737801 634.429504395 14.398087502 575.923522949 6.741362095 269.654510498 13.130466461 525.218627930 8.710255623 348.410186768 9.755177498 390.207061768 14.974653244 598.986145020 10.240522385 409.620849609 15.546955109 621.878173828 13.989489555 559.579528809 6.579371452 263.174865723 13.226270676 529.050781250 8.335758209 333.430297852 9.725016594 389.000640869 15.231758118 609.270324707 10.376417160 415.056671143 15.749555588 629.982177734 14.097842216 563.913696289
14.480495453 579.219787598 10.467109680 418.684448242 15.772984505 630.919372559 14.298315048 571.932617188 6.634138107 265.365539551 13.026860237 521.074401855 8.608795166 344.351837158 9.654203415 386.168121338 14.877502441 595.100097656 10.135915756 405.436676025 15.459193230 618.367736816 13.889560699 555.582397461 6.472176075 258.887115479 13.123021126 524.920837402 8.234193802 329.367736816 9.624109268 384.964385986 15.135200500 605.408020020 10.271587372 410.863525391 15.661812782 626.472534180 13.997863770 559.914550781
14.383512497 575.340454102 10.362684250 414.507324219 15.685231209 627.409301758 14.198547363 567.941772461 6.526914120 261.076538086 12.923265457 516.930664062 8.507337570 340.293487549 9.553229332 382.129211426 14.780356407 591.214294434 10.031312943 401.252502441 15.371431351 614.857299805 13.789635658 551.585327148 6.364980698 254.599182129 13.019783974 520.791381836 8.132631302 325.305236816 9.523201942 380.928100586 15.038651466 601.546020508 10.166760445 406.670349121 15.574069977 622.962829590 13.897888184 555.915466309
14.286534309 571.461425781 10.258262634 410.330535889 15.597478867 623.899108887 14.098783493 563.951293945 6.419690609 256.787658691 12.819682121 512.787292480 8.405881882 336.235290527 9.452256203 378.090240479 14.683214188 587.328613281 9.926713943 397.068603516 15.283669472 611.346801758 13.689714432 547.588562012 6.257785797 250.311447144 12.916560173 516.662475586 8.031070709 321.242797852 9.422295570 376.891784668 14.942110062 597.684387207 10.061935425 402.477478027 15.486327171 619.453063965 13.797916412 551.916687012
14.189562798 567.582519531 10.153844833 406.153747559 15.509726524 620.389099121 13.999025345 559.961059570 6.312466621 252.498626709 12.716108322 508.644317627 8.304428101 332.177154541 9.351282120 374.051300049 14.586076736 583.443115234 9.822117805 392.884643555 15.195908546 607.836364746 13.589797020 543.591918945 6.150590420 246.023590088 12.813347816 512.533874512 7.929511070 317.180450439 9.321389198 372.855529785 14.845576286 593.823059082 9.957114220 398.284515381 15.398584366 615.943420410 13.697948456 547.917968750
14.092596054 563.703796387 10.049430847 401.977294922 15.421974182 616.878967285 13.899271011 555.970886230 6.205243111 248.209671021 12.612545013 504.501770020 8.202976227 328.119049072 9.250308990 370.012359619 14.488945007 579.557800293 9.717524529 388.701049805 15.108147621 604.325866699 13.489883423 539.595336914 6.043395042 241.735763550 12.710148811 508.405914307 7.827953815 313.118164062 9.220482826 368.819335938 14.749051094 589.962036133 9.852294922 394.091888428 15.310842514 612.433654785 13.597984314 543.919433594
13.995635986 559.825439453 9.945019722 397.800842285 15.334221840 613.368896484 13.799521446 551.980895996 6.098019600 243.920837402 12.508992195 500.359710693 8.101526260 324.061065674 9.149334908 365.973419189 14.391817093 575.672729492 9.612934113 384.517364502 15.020386696 600.815429688 13.389973640 535.598937988 5.936199665 237.447998047 12.606961250 504.278472900 7.726397514 309.055908203 9.119577408 364.783081055 14.652532578 586.101318359 9.747478485 389.899139404 15.223100662 608.924011230 13.498023987 539.920959473
13.898679733 555.947204590 9.840613365 393.624511719 15.246470451 609.858886719 13.699776649 547.991088867 5.990795612 239.631835938 12.405449867 496.217987061 8.000078201 320.003143311 9.048361778 361.934478760 14.294693947 571.787719727 9.508347511 380.333862305 14.932626724 597.305053711 13.290067673 531.602722168 5.829004288 233.160186768 12.503786087 500.151428223 7.624843121 304.993774414 9.018671989 360.746917725 14.556023598 582.240905762 9.642663956 385.706542969 15.135358810 605.414428711 13.398066521 535.922729492
13.801730156 552.069152832 9.736210823 389.448425293 15.158719063 606.348754883 13.600036621 544.001464844 5.883572102 235.342880249 12.301917076 492.076660156 7.898632050 315.945281982 8.947387695 357.895507812 14.197575569 567.903015137 9.403763771 376.150604248 14.844865799 593.794555664 13.190164566 527.606567383 5.721808910 228.872375488 12.400622368 496.024902344 7.523290157 300.931610107 8.917767525 356.710693359 14.459521294 578.380798340 9.537853241 381.514160156 15.047617912 601.904663086 13.298112869 531.924560547
13.704785347 548.191467285 9.631811142 385.272399902 15.070968628 602.838745117 13.500300407 540.011962891 5.776348114 231.053894043 12.198394775 487.935760498 7.797187328 311.887512207 8.846414566 353.856597900 14.100461960 564.018493652 9.299182892 371.967285156 14.757105827 590.284240723 13.090265274 523.610595703 5.614613533 224.584518433 12.297470093 491.898773193 7.421738625 296.869567871 8.816863060 352.674499512 14.363026619 574.521118164 9.433043480 377.321716309 14.959877014 598.395080566 13.198163033 527.926452637
13.607846260 544.313903809 9.527414322 381.096618652 14.983217239 599.328796387 13.400568008 536.022766113 5.669124126 226.764984131 12.094882011 483.795318604 7.695744514 307.829803467 8.745440483 349.817626953 14.003353119 560.134094238 9.194604874 367.784210205 14.669346809 586.773864746 12.990369797 519.614868164 5.507417679 220.296707153 12.194330215 487.773193359 7.320188522 292.807556152 8.715958595 348.638305664 14.266540527 570.661621094 9.328236580 373.129516602 14.872136116 594.885498047 13.098216057 523.928649902
13.510912895 540.436523438 9.423022270 376.920837402 14.895467758 595.818603516 13.300840378 532.033569336 5.561900616 222.476058960 11.991378784 479.655212402 7.594304085 303.772125244 8.644467354 345.778686523 13.906248093 556.249938965 9.090028763 363.601165771 14.581586838 583.263488770 12.890478134 515.619079590 5.400222301 216.008911133 12.091201782 483.648101807 7.218640327 288.745574951 8.615054131 344.602142334 14.170061111 566.802429199 9.223432541 368.937286377 14.784396172 591.375793457 12.998271942 519.930847168
13.413984299 536.559326172 9.318632126 372.745361328 14.807717323 592.308654785 13.201117516 528.044616699 5.454676628 218.187103271 11.887886047 475.515441895 7.492865086 299.714538574 8.543493271 341.739776611 13.809148788 552.365905762 8.985456467 359.418334961 14.493827820 579.753112793 12.790589333 511.623504639 5.293026447 211.721130371 11.988083839 479.523345947 7.117093086 284.683685303 8.514150620 340.566070557 14.073590279 562.943603516 9.118630409 364.745300293 14.696656227 587.866210938 12.898331642 515.933227539
13.317061424 532.682495117 9.214246750 368.569854736 14.719966888 588.798767090 13.101397514 524.055908203 5.347452641 213.898056030 11.784401894 471.376129150 7.391427517 295.657135010 8.442520142 337.700805664 13.712053299 548.482116699 8.880887032 355.235504150 14.406068802 576.242797852 12.690703392 507.628112793 5.185831070 207.433166504 11.884978294 475.399139404 7.015547752 280.621887207 8.413248062 336.529907227 13.977127075 559.085083008 9.013831139 360.553253174 14.608916283 584.356689453 12.798394203 511.935821533
13.220143318 528.805786133 9.109863281 364.394500732 14.632217407 585.288696289 13.001682281 520.067321777 5.240228653 209.609176636 11.680928230 467.237091064 7.289992332 291.599700928 8.341547012 333.661865234 13.614961624 544.598449707 8.776319504 351.052734375 14.318310738 572.732360840 12.590821266 503.632843018 5.078635216 203.145385742 11.781883240 471.275299072 6.914003849 276.560180664 8.312344551 332.493804932 13.880670547 555.226806641 8.909032822 356.361267090 14.521177292 580.847045898 12.698460579 507.938446045
13.123229980 524.929260254 9.005483627 360.219329834 14.544468880 581.778686523 12.901970863 516.078796387 5.133004665 205.320220947 11.577463150 463.098510742 7.188558578 287.542327881 8.240572929 329.622955322 13.517875671 540.715026855 8.671754837 346.870178223 14.230551720 569.222106934 12.490942001 499.637664795 4.971439362 198.857620239 11.678798676 467.151977539 6.812461853 272.498504639 8.211441994 328.457733154 13.784221649 551.368896484 8.804237366 352.169494629 14.433438301 577.337524414 12.598528862 503.941101074
13.026323318 521.052917480 8.901106834 356.044219971 14.456719398 578.268798828 12.802264214 512.090515137 5.025780201 201.031204224 11.474006653 458.960235596 7.087126732 283.485076904 8.139599800 325.583984375 13.420793533 536.831726074 8.567193031 342.687713623 14.142793655 565.711730957 12.391066551 495.642608643 4.864243507 194.569732666 11.575725555 463.028961182 6.710920811 268.436859131 8.110540390 324.421569824 13.687780380 547.511230469 8.699444771 347.977691650 14.345699310 573.828002930 12.498600960 499.944000244
12.929420471 517.176818848 8.796732903 351.869354248 14.368970871 574.758789062 12.702560425 508.102416992 4.918556213 196.742324829 11.370559692 454.822418213 6.985696316 279.427825928 8.038625717 321.545043945 13.323715210 532.948608398 8.462633133 338.505401611 14.055035591 562.201416016 12.291193008 491.647766113 4.757047176 190.281951904 11.472662926 458.906524658 6.609381199 264.375244141 8.009638786 320.385559082 13.591346741 543.653869629 8.594653130 343.786163330 14.257961273 570.318359375 12.398675919 495.947052002
12.832523346 513.300903320 8.692361832 347.694458008 14.281222343 571.248901367 12.602860451 504.114471436 4.811331749 192.453262329 11.267121315 450.684906006 6.884268284 275.370727539 7.937652588 317.506103516 13.226642609 529.065612793 8.358076096 334.322998047 13.967277527 558.691101074 12.191323280 487.653015137 4.649851322 185.994079590 11.369609833 454.784423828 6.507843018 260.313690186 7.908736706 316.349487305 13.494920731 539.796752930 8.489863396 339.594543457 14.170222282 566.808898926 12.298753738 491.950195312
12.735630989 509.425201416 8.587993622 343.519744873 14.193473816 567.739013672 12.503164291 500.126556396 4.704107285 188.164260864 11.163692474 446.547637939 6.782841206 271.313659668 7.836678982 313.467163086 13.129572868 525.182922363 8.253520966 330.140869141 13.879520416 555.180847168 12.091456413 483.658203125 4.542654991 181.706192017 11.266568184 450.662689209 6.406306744 256.252288818 7.807835579 312.313415527 13.398501396 535.940002441 8.385076523 335.403045654 14.082485199 563.299377441 12.198834419 487.953399658
12.638744354 505.549804688 8.483628273 339.345153809 14.105726242 564.229064941 12.403471947 496.138885498 4.596882820 183.875259399 11.060272217 442.410888672 6.681416035 267.256683350 7.735705376 309.428222656 13.032508850 521.300354004 8.148968697 325.958709717 13.791763306 551.670532227 11.991592407 479.663726807 4.435458660 177.418304443 11.163536072 446.541412354 6.304771423 252.190856934 7.706934929 308.277435303 13.302088737 532.083557129 8.280290604 331.211639404 13.994747162 559.789916992 12.098917961 483.956726074
12.541861534 501.674499512 8.379265785 335.170654297 14.017978668 560.719116211 12.303783417 492.151306152 4.489658356 179.586395264 10.956859589 438.274414062 6.579992771 263.199707031 7.634731770 305.389251709 12.935448647 517.417968750 8.044418335 321.776763916 13.704006195 548.160217285 11.891732216 475.669250488 4.328261852 173.130554199 11.060514450 442.420593262 6.203237534 248.129501343 7.606034756 304.241363525 13.205683708 528.227416992 8.175507545 327.020294189 13.907010078 556.280334473 11.999004364 479.960144043
12.444984436 497.799346924 8.274906158 330.996246338 13.930231094 557.209228516 12.204097748 488.163909912 4.382433414 175.297393799 10.853455544 434.138214111 6.478571415 259.142852783 7.533758640 301.350341797 12.838392258 513.535705566 7.939870358 317.594818115 13.616249084 544.649963379 11.791872978 471.674957275 4.221065521 168.842681885 10.957502365 438.300079346 6.101705551 244.068222046 7.505134583 300.205352783 13.109286308 524.371398926 8.070725441 322.829071045 13.819272995 552.770935059 11.899093628 475.963745117
12.348112106 493.924438477 8.170548439 326.821899414 13.842483521 553.699401855 12.104415894 484.176635742 4.275208950 171.008407593 10.750060081 430.002441406 6.377151012 255.086074829 7.432785034 297.311370850 12.741340637 509.653594971 7.835324287 313.412933350 13.528492928 541.139709473 11.692017555 467.680725098 4.113868713 164.554794312 10.854500771 434.180023193 6.000174522 240.006973267 7.404234409 296.169372559 13.012895584 520.515808105 7.965945721 318.637817383 13.731535912 549.261474609 11.799184799 471.967376709
12.251244545 490.049804688 8.066193581 322.647735596 13.754736900 550.189453125 12.004736900 480.189514160 4.167984009 166.719406128 10.646673203 425.866973877 6.275732994 251.029296875 7.331811428 293.272460938 12.644292831 505.771759033 7.730780125 309.231231689 13.440735817 537.629455566 11.592164993 463.686614990 4.006671906 160.266921997 10.751507759 430.060363770 5.898644924 235.945785522 7.303335190 292.133392334 12.916512489 516.660461426 7.861167908 314.446655273 13.643798828 545.751892090 11.699279785 467.971191406
12.154382706 486.175323486 7.961841583 318.473663330 13.666990280 546.679565430 11.905061722 476.202514648 4.060758591 162.430358887 10.543293953 421.731689453 6.174315929 246.972625732 7.230838299 289.233520508 12.547249794 501.890014648 7.626238346 305.049530029 13.352979660 534.119201660 11.492314339 459.692565918 3.899474621 155.979034424 10.648525238 425.940917969 5.797116756 231.884643555 7.202435970 288.097412109 12.820135117 512.805419922 7.756391048 310.255645752 13.556062698 542.242492676 11.599376678 463.975036621
12.057524681 482.300933838 7.857491493 314.299652100 13.579243660 543.169738770 11.805390358 472.215637207 3.953533649 158.141433716 10.439922333 417.596893311 6.072900772 242.916000366 7.129864693 285.194549561 12.450210571 498.008392334 7.521698475 300.867919922 13.265223503 530.608947754 11.392466545 455.698699951 3.792277575 151.691162109 10.545551300 421.822021484 5.695590019 227.823547363 7.101537228 284.061431885 12.723765373 508.950531006 7.651616573 306.064636230 13.468326569 538.733093262 11.499475479 459.979095459
11.960671425 478.426910400 7.753143787 310.125762939 13.491497040 539.659912109 11.705720901 468.228851318 3.846308231 153.852310181 10.336558342 413.462371826 5.971487522 238.859481812 7.028891563 281.155609131 12.353176117 494.127105713 7.417160511 296.686462402 13.177468300 527.098754883 11.292621613 451.704864502 3.685080290 147.403152466 10.442586899 417.703491211 5.594064713 223.762557983 7.000638962 280.025512695 12.627402306 505.096160889 7.546843052 301.873718262 13.380591393 535.223754883 11.399577141 455.983093262
11.863823891 474.552917480 7.648798943 305.951995850 13.403751373 536.150024414 11.606055260 464.242187500 3.739082813 149.563323975 10.233202934 409.328125000 5.870075703 234.803039551 6.927917957 277.116760254 12.256144524 490.245788574 7.312624454 292.505004883 13.089712143 523.588439941 11.192778587 447.711151123 3.577882767 143.115325928 10.339631081 413.585266113 5.492540836 219.701629639 6.899740696 275.989685059 12.531045914 501.241821289 7.442071438 297.682861328 13.292855263 531.714172363 11.299680710 451.987213135
11.766980171 470.679229736 7.544455528 301.778228760 13.316005707 532.640258789 11.506392479 460.255676270 3.631857157 145.274322510 10.129854202 405.194122314 5.768665314 230.746627808 6.826944828 273.077758789 12.159117699 486.364746094 7.208089828 288.323638916 13.001956940 520.078247070 11.092938423 443.717468262 3.470685244 138.827453613 10.236684799 409.467346191 5.391018391 215.640716553 6.798843384 271.953735352 12.434697151 497.387878418 7.337301731 293.492065430 13.205120087 528.204772949 11.199787140 447.991424561
11.670141220 466.805664062 7.440114975 297.604583740 13.228260040 529.130371094 11.406732559 456.269317627 3.524631500 140.985214233 10.026513100 401.060485840 5.667256355 226.690200806 6.725971222 269.038848877 12.062094688 482.483734131 7.103557587 284.142303467 12.914201736 516.568115234 10.993100166 439.723999023 3.363487482 134.539443970 10.133746147 405.349884033 5.289496899 211.579849243 6.697945595 267.917785645 12.338354111 493.534149170 7.232532978 289.301300049 13.117384911 524.695434570 11.099895477 443.995788574
11.573307037 462.932342529 7.335776329 293.431060791 13.140515327 525.620605469 11.307075500 452.283020020 3.417405605 136.696228027 9.923178673 396.927185059 5.565849304 222.633987427 6.624998093 264.999908447 11.965076447 478.603118896 6.999026775 279.961059570 12.826447487 513.057922363 10.893263817 435.730590820 3.256289482 130.251617432 10.030817032 401.232666016 5.187976837 207.519088745 6.597048759 263.881958008 12.242017746 489.680755615 7.127765656 285.110626221 13.029650688 521.186035156 11.000006676 440.000244141
11.476476669 459.059051514 7.231439590 289.257537842 13.052769661 522.110778809 11.207421303 448.296813965 3.310179710 132.407165527 9.819851875 392.794158936 5.464443684 218.577758789 6.524024487 260.961029053 11.868061066 474.722442627 6.894497395 275.779907227 12.738692284 509.547637939 10.793430328 431.737182617 3.149091482 125.963607788 9.927895546 397.115875244 5.086458206 203.458358765 6.496151924 259.846099854 12.145688057 485.827514648 7.022999763 280.919982910 12.941915512 517.676574707 10.900118828 436.004699707
11.379652023 455.186126709 7.127104759 285.084197998 12.965024948 518.601013184 11.107769966 444.310760498 3.202953577 128.118164062 9.716532707 388.661254883 5.363039494 214.521560669 6.423051357 256.922058105 11.771050453 470.842071533 6.789969921 271.598785400 12.650938034 506.037536621 10.693598747 427.743927002 3.041893244 121.675773621 9.824983597 392.999298096 4.984941006 199.397613525 6.395255566 255.810226440 12.049365044 481.974609375 6.918235302 276.729461670 12.854181290 514.167297363 10.800233841 432.009338379
11.282831192 451.313201904 7.022772312 280.910919189 12.877280235 515.091247559 11.008121490 440.324920654 3.095727205 123.829101562 9.613219261 384.528778076 5.261636734 210.465484619 6.322078228 252.883117676 11.674043655 466.961669922 6.685444355 267.417785645 12.563183784 502.527343750 10.593769073 423.750793457 2.934694767 117.387763977 9.722078323 388.883178711 4.883424759 195.337020874 6.294359684 251.774398804 11.953047752 478.121856689 6.813472271 272.538909912 12.766447067 510.657928467 10.700350761 428.014099121
11.186015129 447.440612793 6.918441296 276.737701416 12.789536476 511.581481934 10.908474922 436.338958740 2.988500834 119.539978027 9.509913445 380.396575928 5.160235882 206.409423828 6.221104622 248.844207764 11.577040672 463.081634521 6.580919743 263.236846924 12.475429535 499.017211914 10.493941307 419.757568359 2.827496052 113.099807739 9.619182587 384.767333984 4.781910419 191.276412964 6.193463802 247.738555908 11.856737137 474.269500732 6.708710670 268.348419189 12.678713799 507.148590088 10.600469589 424.018676758
11.089202881 443.568145752 6.814112663 272.564514160 12.701791763 508.071746826 10.808831215 432.353271484 2.881274223 115.251029968 9.406614304 376.264587402 5.058836460 202.353500366 6.120131493 244.805236816 11.480040550 459.201690674 6.476397038 259.055908203 12.387675285 495.507080078 10.394115448 415.764648438 2.720297337 108.811965942 9.516293526 380.651794434 4.680397034 187.215881348 6.092568398 243.702758789 11.760433197 470.417388916 6.603950024 264.158050537 12.590979576 503.639282227 10.500590324 420.023651123
10.992395401 439.695800781 6.709785461 268.391387939 12.614048004 504.561920166 10.709190369 428.367645264 2.774047375 110.961891174 9.303320885 372.132781982 4.957438469 198.297561646 6.019158363 240.766342163 11.383045197 455.321838379 6.371875286 254.875015259 12.299921036 491.996826172 10.294291496 411.771697998 2.613098383 104.523941040 9.413412094 376.536437988 4.578884602 183.155380249 5.991673470 239.666961670 11.664135933 466.565399170 6.499190807 259.967620850 12.503246307 500.129821777 10.400712013 416.028503418
10.895592690 435.823669434 6.605459690 264.218383789 12.526304245 501.052215576 10.609551430 424.382019043 2.666820526 106.672821045 9.200034142 368.001373291 4.856041908 194.241653442 5.918185234 236.727416992 11.286053658 451.442138672 6.267355442 250.694213867 12.212167740 488.486724854 10.194469452 407.778808594 2.505899429 100.235977173 9.310539246 372.421478271 4.477374077 179.094940186 5.890778542 235.631179810 11.567843437 462.713775635 6.394432545 255.777252197 12.415513039 496.620574951 10.300836563 412.033477783
10.798792839 431.951751709 6.501135826 260.045410156 12.438561440 497.542449951 10.509914398 420.396606445 2.559593439 102.383743286 9.096754074 363.870178223 4.754646778 190.185852051 5.817212105 232.688476562 11.189065933 447.562683105 6.162836552 246.513473511 12.124414444 484.976654053 10.094649315 403.786041260 2.398699999 95.948005676 9.207673073 368.306884766 4.375864506 175.034591675 5.789884567 231.595321655 11.471558571 458.862365723 6.289675236 251.587005615 12.327780724 493.111236572 10.200962067 408.038574219
10.701998711 428.079895020 6.396813869 255.872573853 12.350817680 494.032775879 10.410280228 416.411254883 2.452366114 98.094665527 8.993479729 359.739196777 4.653253555 186.130111694 5.716238976 228.649566650 11.092081070 443.683227539 6.058319092 242.332748413 12.036661148 481.466491699 9.994830132 399.793243408 2.291500568 91.660034180 9.104813576 364.192565918 4.274356365 170.974258423 5.688990593 227.559600830 11.375278473 455.011169434 6.184919357 247.396804810 12.240047455 489.601959229 10.101090431 404.043609619
10.605208397 424.208312988 6.292493343 251.699768066 12.263074875 490.522979736 10.310647964 412.425994873 2.345138788 93.805580139 8.890211105 355.608459473 4.551861286 182.074432373 5.615265846 224.610656738 10.995100975 439.804016113 5.953802586 238.152130127 11.948907852 477.956298828 9.895013809 395.800598145 2.184300900 87.372055054 9.001962662 360.078491211 4.172849178 166.913986206 5.588096619 223.523864746 11.279005051 451.160247803 6.080164433 243.206619263 12.152315140 486.092590332 10.001218796 400.048797607
10.508421898 420.336853027 6.188174248 247.526992798 12.175332069 487.013275146 10.211018562 408.440765381 2.237910986 89.516426086 8.786949158 351.478057861 4.450470448 178.018829346 5.514292717 220.571701050 10.898123741 435.924957275 5.849287987 233.971542358 11.861155510 474.446166992 9.795198441 391.807922363 2.077101231 83.084068298 8.899117470 355.964752197 4.071343422 162.853729248 5.487203121 219.488189697 11.182738304 447.309478760 5.975410461 239.016479492 12.064582825 482.583312988 9.901350021 396.053985596
10.411639214 416.465545654 6.083856583 243.354263306 12.087589264 483.503570557 10.111390114 404.455566406 2.130683422 85.227340698 8.683691978 347.347656250 4.349081516 173.963256836 5.413319588 216.532791138 10.801150322 432.045989990 5.744773865 229.790908813 11.773402214 470.936096191 9.695384026 387.815368652 1.969901204 78.796028137 8.796279907 351.851165771 3.969839096 158.793533325 5.386310101 215.452438354 11.086476326 443.458984375 5.870657921 234.826293945 11.976850510 479.074066162 9.801482201 392.059234619
10.314861298 412.594512939 5.979540348 239.181625366 11.999846458 479.993896484 10.011764526 400.470520020 2.023455381 80.938240051 8.580441475 343.217620850 4.247693539 169.907730103 5.312346458 212.493865967 10.704180717 428.167266846 5.640261173 225.610427856 11.685649872 467.426025391 9.595571518 383.822784424 1.862700939 74.508041382 8.693449020 347.737915039 3.868335962 154.733474731 5.285417557 211.416748047 10.990221024 439.608917236 5.765905857 230.636184692 11.889119148 475.564758301 9.701615334 388.064544678
10.218087196 408.723419189 5.875225544 235.009017944 11.912104607 476.484222412 9.912139893 396.485595703 1.916227460 76.649139404 8.477195740 339.087860107 4.146307468 165.852264404 5.211373329 208.454925537 10.607213974 424.288543701 5.535749435 221.429962158 11.597897530 463.915924072 9.495760918 379.830383301 1.755500674 70.220039368 8.590623856 343.624969482 3.766833782 150.673355103 5.184525013 207.380996704 10.893970490 435.758850098 5.661154747 226.446182251 11.801387787 472.055572510 9.601750374 384.070007324
10.121316910 404.852661133 5.770912170 230.836486816 11.824362755 472.974578857 9.812517166 392.500701904 1.808999181 72.359970093 8.373955727 334.958251953 4.044922352 161.796890259 5.110400200 204.416046143 10.510251045 420.410003662 5.431239128 217.249588013 11.510145187 460.405883789 9.395950317 375.838012695 1.648300171 65.931983948 8.487806320 339.512268066 3.665333271 146.613311768 5.083632946 203.345367432 10.797726631 431.908996582 5.556404591 222.256164551 11.713656425 468.546295166 9.501886368 380.075439453
10.024550438 400.982086182 5.666600227 226.664001465 11.736619949 469.464782715 9.712897301 388.515899658 1.701770782 68.070800781 8.270721436 330.828857422 3.943539143 157.741531372 5.009427547 200.377059937 10.413291931 416.531707764 5.326729298 213.069152832 11.422392845 456.895690918 9.296142578 371.845703125 1.541099429 61.643981934 8.384993553 335.399810791 3.563833714 142.553314209 4.982741356 199.309631348 10.701487541 428.059509277 5.451655388 218.066238403 11.625925064 465.036926270 9.402024269 376.080993652
9.927787781 397.111541748 5.562289238 222.491577148 11.648879051 465.955108643 9.613278389 384.531188965 1.594542265 63.781692505 8.167490959 326.699737549 3.842156887 153.686264038 4.908454418 196.338195801 10.316336632 412.653503418 5.222220898 208.888854980 11.334641457 453.385620117 9.196334839 367.853424072 1.433898568 57.355911255 8.282188416 331.287567139 3.462335348 138.493392944 4.881850243 195.274002075 10.605254173 424.210266113 5.346906662 213.876251221 11.538193703 461.527679443 9.302162170 372.086547852
9.831028938 393.241149902 5.457979679 218.319168091 11.561137199 462.445495605 9.513660431 380.546386719 1.487313509 59.492515564 8.064267159 322.570617676 3.740776300 149.631027222 4.807481289 192.299240112 10.219383240 408.775299072 5.117712975 204.708572388 11.246890068 449.875579834 9.096529007 363.861114502 1.326697469 53.067897797 8.179388046 327.175476074 3.360838413 134.433517456 4.780959129 191.238327026 10.509027481 420.361053467 5.242158890 209.686416626 11.450463295 458.018524170 9.202301979 368.092041016
9.734273911 389.370910645 5.353671074 214.146804810 11.473396301 458.935791016 9.414045334 376.561767578 1.380084634 55.203392029 7.961047173 318.441864014 3.639397144 145.575927734 4.706508636 188.260375977 10.122434616 404.897308350 5.013206482 200.528213501 11.159137726 446.365509033 8.996723175 359.868957520 1.219496250 48.779823303 8.076594353 323.063751221 3.259342432 130.373733521 4.680068016 187.202758789 10.412804604 416.512115479 5.137412071 205.496459961 11.362731934 454.509307861 9.102442741 364.097747803
9.637523651 385.500915527 5.249363422 209.974548340 11.385654449 455.426208496 9.314431190 372.577270508 1.272855639 50.914207458 7.857831955 314.313262939 3.538019180 141.520751953 4.605535507 184.221450806 10.025488853 401.019531250 4.908700466 196.347991943 11.071386337 442.855529785 8.896919250 355.876831055 1.112294793 44.491802216 7.973806381 318.952239990 3.157847881 126.313873291 4.579177856 183.167114258 10.316588402 412.663482666 5.032665730 201.306594849 11.275001526 451.000091553 9.002585411 360.103454590
9.540776253 381.631011963 5.145057201 205.802307129 11.297913551 451.916534424 9.214818001 368.592681885 1.165626407 46.625076294 7.754621983 310.184875488 3.436642647 137.465713501 4.504562855 180.182525635 9.928545952 397.141815186 4.804195404 192.167831421 10.983634949 439.345367432 8.797116280 351.884643555 1.005093217 40.203720093 7.871024132 314.840972900 3.056354523 122.254150391 4.478287697 179.131546021 10.220376968 408.815093994 4.927920341 197.116836548 11.187271118 447.490844727 8.902728081 356.109039307
9.444031715 377.761322021 5.040751457 201.630065918 11.210172653 448.406890869 9.115206718 364.608276367 1.058397055 42.335880280 7.651416302 306.056701660 3.335267544 133.410705566 4.403590202 176.143585205 9.831606865 393.264282227 4.699690819 187.987655640 10.895884514 435.835357666 8.697314262 347.892578125 0.897891521 35.915691376 7.768247128 310.729888916 2.954862118 118.194458008 4.377398014 175.095932007 10.124171257 404.966888428 4.823175430 192.927032471 11.099541664 443.981597900 8.802871704 352.114898682
9.347291946 373.891693115 4.936447144 197.457901001 11.122432709 444.897277832 9.015596390 360.623870850 0.951167524 38.046680450 7.548214912 301.928619385 3.233893871 129.355728149 4.302617073 172.104660034 9.734670639 389.386840820 4.595187187 183.807479858 10.808133125 432.325317383 8.597513199 343.900573730 0.790689647 31.627542496 7.665475368 306.619018555 2.853371143 114.134849548 4.276508331 171.060348511 10.027970314 401.118774414 4.718431473 188.737258911 11.011811256 440.472503662 8.703016281 348.120697021
9.250555992 370.022308350 4.832143784 193.285781860 11.034691811 441.387756348 8.915987015 356.639526367 0.843937814 33.757537842 7.445018291 297.800781250 3.132521391 125.300880432 4.201644421 168.065750122 9.637737274 385.509552002 4.490684509 179.627380371 10.720382690 428.815307617 8.497713089 339.908508301 0.683487535 27.339506149 7.562708855 302.508422852 2.751881361 110.075286865 4.175619602 167.024795532 9.931774139 397.270996094 4.613687515 184.547531128 10.924081802 436.963256836 8.603161812 344.126464844
9.153822899 366.152923584 4.727840900 189.113662720 10.946951866 437.878051758 8.816379547 352.655181885 0.736707985 29.468330383 7.341825962 293.673065186 3.031150341 121.246017456 4.100671768 164.026901245 9.540807724 381.632324219 4.386182308 175.447296143 10.632631302 425.305267334 8.397912979 335.916534424 0.576285303 23.051404953 7.459947109 298.397918701 2.650392771 106.015708923 4.074730873 162.989227295 9.835583687 393.423370361 4.508944511 180.357788086 10.836352348 433.454162598 8.503308296 340.132293701
9.057093620 362.283660889 4.623539448 184.941558838 10.859210968 434.368499756 8.716773033 348.670898438 0.629478037 25.179117203 7.238637447 289.545410156 2.929780722 117.191238403 3.999698877 159.987899780 9.443881035 377.755187988 4.281680584 171.267227173 10.544880867 421.795349121 8.298113823 331.924560547 0.469082892 18.763301849 7.357190609 294.287597656 2.548905373 101.956222534 3.973842144 158.953659058 9.739398003 389.575866699 4.404201984 176.168045044 10.748622894 429.944976807 8.403454781 336.138153076
8.960367203 358.414733887 4.519238472 180.769531250 10.771471024 430.858764648 8.617166519 344.686645508 0.522247851 20.889963150 7.135452747 285.418090820 2.828412294 113.136497498 3.898726225 155.949081421 9.346957207 373.878356934 4.177179813 167.087188721 10.457130432 418.285156250 8.198315620 327.932647705 0.361880362 14.475253105 7.254438877 290.177520752 2.447418928 97.896766663 3.872954130 154.918167114 9.643218040 385.728759766 4.299460411 171.978378296 10.660893440 426.435668945 8.303602219 332.144104004
8.863644600 354.545776367 4.414937973 176.597518921 10.683732033 427.349212646 8.517561913 340.702453613 0.415017605 16.600742340 7.032272339 281.290924072 2.727045298 109.081832886 3.797753572 151.910156250 9.250036240 370.001464844 4.072679520 162.907196045 10.369380951 414.775207520 8.098517418 323.940673828 0.254677653 10.187143326 7.151691914 286.067657471 2.345933914 93.837348938 3.772066355 150.882644653 9.547041893 381.881713867 4.194718838 167.788726807 10.573163986 422.926544189 8.203750610 328.149963379
8.766925812 350.676971436 4.310638428 172.425552368 10.595992088 423.839630127 8.417958260 336.718322754 0.307787180 12.311520576 6.929095745 277.163818359 2.625679493 105.027206421 3.696780920 147.871276855 9.153119087 366.124755859 3.968179703 158.727188110 10.281630516 411.265228271 7.998720646 319.948822021 0.147474796 5.899029732 7.048949718 281.958007812 2.244450092 89.778015137 3.671178818 146.847137451 9.450871468 378.034820557 4.089977741 163.599090576 10.485435486 419.417419434 8.103899002 324.156005859
8.670209885 346.808380127 4.206339836 168.253631592 10.508252144 420.330108643 8.318355560 332.734191895 0.200556636 8.022296906 6.825922489 273.036895752 2.524315119 100.972610474 3.595808268 143.832382202 9.056204796 362.248199463 3.863680363 154.547210693 10.193880081 407.755218506 7.898923874 315.956970215 0.068783060 1.610916018 6.946211815 277.848449707 2.142967224 85.718719482 3.570291519 142.811691284 9.354705811 374.188232422 3.985237122 159.409500122 10.397706985 415.908325195 8.004048347 320.161956787
8.573496819 342.939849854 4.102041721 164.081695557 10.420513153 416.820556641 8.218752861 328.750152588 0.093325958 3.733007193 6.722753048 268.910156250 2.422952175 96.918098450 3.494835854 139.793365479 8.959292412 358.371704102 3.759181738 150.367279053 10.106130600 404.245239258 7.799127579 311.965118408 0.018782975 0.696555734 6.843478203 273.739135742 2.041485786 81.659416199 3.469404697 138.776153564 9.258543968 370.341766357 3.880497217 155.219894409 10.309978485 412.399139404 7.904197693 316.167938232
8.476787567 339.071472168 3.997744560 159.909790039 10.332774162 413.311035156 8.119152069 324.766082764 0.043516446 0.556222320 6.619586945 264.783477783 2.321590424 92.863578796 3.393863201 135.754516602 8.862383842 354.495361328 3.654683352 146.187362671 10.018381119 400.735229492 7.699331760 307.973266602 0.696550906 2.988535166 6.740748882 269.629974365 1.940005422 77.600196838 3.368518114 134.740692139 9.162387848 366.495483398 3.775757313 151.030319214 10.222249985 408.890045166 7.804347992 312.173950195
8.380081177 335.203247070 3.893447638 155.737869263 10.245035172 409.801391602 8.019550323 320.782073975 0.556192994 0.556222320 6.516424656 260.656982422 2.220230103 88.809181213 3.292890787 131.715652466 8.765478134 350.619110107 3.550185442 142.007385254 9.930630684 397.225280762 7.599535942 303.981506348 2.988545179 2.988535166 6.638023376 265.520935059 1.838526130 73.541015625 3.267632008 130.705307007 9.066235542 362.649475098 3.671018124 146.840728760 10.134521484 405.380920410 7.704498291 308.179962158
8.283378601 331.335113525 3.789151430 151.566055298 10.157296181 406.291839600 7.919950485 316.798065186 0.556192994 0.556222320 6.413265228 256.530639648 2.118870974 84.754859924 3.191918373 127.676742554 8.668574333 346.742950439 3.445688009 137.827484131 9.842881203 393.715209961 7.499740601 299.989654541 2.988545179 2.988535166 6.535302162 261.412109375 1.737048030 69.481956482 3.166746140 126.669830322 8.970088959 358.803527832 3.566279173 142.651153564 10.046793938 401.871704102 7.604648590 304.186004639
8.186677933 327.467163086 3.684855700 147.394195557 10.069557190 402.782287598 7.820350647 312.814025879 0.556192994 0.556222320 6.310109138 252.404434204 2.017513037 80.700492859 3.090945959 123.637825012 8.571674347 342.866973877 3.341191053 133.647613525 9.755132675 390.205261230 7.399945736 295.997833252 2.988545179 2.988535166 6.432584286 257.303436279 1.635571122 65.422897339 3.065860510 122.634422302 8.873945236 354.957794189 3.461540461 138.461608887 9.959065437 398.362579346 7.504799843 300.191955566
8.089981079 323.599273682 3.580560446 143.222396851 9.981819153 399.272735596 7.720751762 308.830017090 0.556192994 0.556222320 6.206955910 248.278198242 1.916156530 76.646247864 2.989973545 119.598945618 8.474776268 338.991119385 3.236694336 129.467773438 9.667383194 386.695312500 7.300150871 292.006011963 2.988545179 2.988535166 6.329870701 253.194763184 1.534095407 61.363784790 2.964975119 118.598960876 8.777807236 351.112304688 3.356802225 134.272094727 9.871337891 394.853485107 7.404950619 296.197998047
7.993287563 319.731506348 3.476265907 139.050613403 9.894080162 395.763183594 7.621152878 304.846160889 0.556192994 0.556222320 6.103806019 244.152191162 1.814801335 72.592079163 2.889001131 115.560112000 8.377882004 335.115264893 3.132198095 125.287940979 9.579633713 383.185363770 7.200356007 288.014251709 2.988545179 2.988535166 6.227160454 249.086380005 1.432620764 57.304840088 2.864090204 114.563674927 8.681673050 347.266937256 3.252064228 130.082550049 9.783610344 391.344390869 7.305101871 292.204071045
7.896596909 315.863830566 3.371971607 134.878875732 9.806342125 392.253692627 7.521554470 300.862213135 0.556192994 0.556222320 6.000658512 240.026321411 1.713447452 68.537910461 2.788028717 111.521179199 8.280989647 331.239562988 3.027701855 121.108093262 9.491885185 379.675445557 7.100561142 284.022491455 2.988545179 2.988535166 6.124453545 244.978134155 1.331147313 53.245895386 2.763205528 110.528236389 8.585543633 343.421752930 3.147326469 125.893089294 9.695882797 387.835357666 7.205253124 288.210144043
7.799909115 311.996307373 3.267677784 130.707138062 9.718604088 388.744171143 7.421956062 296.878204346 0.556192994 0.556222320 5.897514343 235.900527954 1.612094879 64.483818054 2.687056541 107.482200623 8.184100151 327.363983154 2.923206329 116.928260803 9.404135704 376.165435791 7.000766754 280.030609131 2.988545179 2.988535166 6.021750450 240.869995117 1.229675055 49.186985016 2.662321329 106.492790222 8.489418030 339.576721191 3.042588949 121.703590393 9.608155251 384.326232910 7.105404854 284.216125488
7.703224182 308.128906250 3.163384199 126.535324097 9.630866051 385.234680176 7.322358131 292.894317627 0.556192994 0.556222320 5.794372559 231.774917603 1.510743499 60.429759979 2.586084127 103.443344116 8.087213516 323.488464355 2.818710804 112.748382568 9.316387177 372.655517578 6.900971889 276.038818359 2.988545179 2.988535166 5.919050694 236.761993408 1.128203988 45.128162384 2.561437368 102.457473755 8.393297195 335.731842041 2.937851667 117.514045715 9.520427704 380.817169189 7.005556107 280.222198486
7.606542110 304.261688232 3.059091091 122.363655090 9.543128014 381.725067139 7.222760677 288.910461426 0.556192994 0.556222320 5.691233635 227.649337769 1.409393430 56.375743866 2.485111952 99.404487610 7.990328789 319.613159180 2.714215517 108.568595886 9.228638649 369.145477295 6.801177025 272.047088623 2.988545179 2.988535166 5.816353798 232.654113770 1.026733875 41.069374084 2.460553646 98.422142029 8.297180176 331.887237549 2.833114624 113.324584961 9.432701111 377.308013916 6.905707359 276.228302002
7.509862900 300.394561768 2.954798460 118.191940308 9.455389977 378.215545654 7.123162746 284.926544189 0.556192994 0.556222320 5.588097095 223.523864746 1.308044672 52.321765900 2.384139776 95.365577698 7.893446922 315.737915039 2.609720469 104.388801575 9.140890121 365.635589600 6.701382160 268.055358887 2.988545179 2.988535166 5.713659763 228.546386719 0.925265074 37.010581970 2.359670162 94.386802673 8.201066971 328.042724609 2.728377819 109.135078430 9.344973564 373.798889160 6.805858612 272.234375000
7.413186550 296.527465820 2.850506067 114.020248413 9.367651939 374.706054688 7.023565292 280.942596436 0.556192994 0.556222320 5.484962940 219.398498535 1.206697226 48.267910004 2.283167601 91.326705933 7.796567917 311.862701416 2.505225897 100.209045410 9.053141594 362.125640869 6.601587296 264.063446045 2.988545179 2.988535166 5.610969067 224.438796997 0.823797345 32.951911926 2.258787155 90.351493835 8.104958534 324.198333740 2.623641253 104.945655823 9.257246971 370.289855957 6.706009865 268.240417480
7.316513062 292.660491943 2.746213913 109.848579407 9.279914856 371.196533203 6.923967838 276.958679199 0.556192994 0.556222320 5.381831169 215.273269653 1.105350971 44.214004517 2.182195663 87.287834167 7.699690819 307.987609863 2.400731325 96.029243469 8.965393066 358.615692139 6.501791954 260.071655273 2.988545179 2.988535166 5.508281231 220.331253052 0.722330749 28.893243790 2.157904387 86.316184998 8.008853912 320.354125977 2.518904924 100.756187439 9.169520378 366.780792236 6.606161118 264.246398926
7.219841957 288.793640137 2.641921997 105.676918030 9.192177773 367.687103271 6.824370384 272.974792480 0.556192994 0.556222320 5.278701782 211.148101807 1.004006028 40.160221100 2.081223488 83.248908997 7.602816582 304.112640381 2.296236753 91.849502563 8.877644539 355.105773926 6.401996613 256.079864502 2.988545179 2.988535166 5.405595779 216.223876953 0.620865345 24.834611893 2.057021856 82.280853271 7.912752628 316.510101318 2.414168596 96.566780090 9.081793785 363.271789551 6.506311893 260.252410889
7.123173714 284.926940918 2.537630320 101.505226135 9.104439735 364.177612305 6.724772930 268.990875244 0.556192994 0.556222320 5.175574303 207.023025513 0.902662396 36.106475830 1.980251431 79.210021973 7.505944729 300.237823486 2.191742659 87.669723511 8.789896965 351.595886230 6.302201271 252.088012695 2.988545179 2.988535166 5.302913666 212.116561890 0.519401014 20.776020050 1.956139684 78.245605469 7.816655636 312.666198730 2.309432507 92.377342224 8.994067192 359.762695312 6.406462193 256.258483887
7.026507854 281.060302734 2.433338881 97.333534241 9.016702652 360.668121338 6.625174999 265.007049561 0.556192994 0.556222320 5.072448730 202.898010254 0.801320016 32.052806854 1.879279494 75.171173096 7.409075260 296.362976074 2.087248564 83.489891052 8.702148438 348.085968018 6.202404976 248.096237183 2.988545179 2.988535166 5.200233459 208.009414673 0.417937815 16.717508316 1.855257750 74.210311890 7.720562458 308.822479248 2.204696417 88.187843323 8.906341553 356.253692627 6.306612492 252.264541626
6.929844856 277.193786621 2.329047680 93.161865234 8.928965569 357.158660889 6.525577068 261.023040771 0.556192994 0.556222320 4.969325542 198.773086548 0.699978888 27.999141693 1.778307438 71.132278442 7.312208176 292.488281250 1.982754588 79.310188293 8.614400864 344.576049805 6.102608681 244.104263306 2.988545179 2.988535166 5.097556114 203.902282715 0.316475719 12.659038544 1.754376173 70.175041199 7.624473095 304.978881836 2.099960566 83.998428345 8.818614960 352.744659424 6.206762791 248.270462036
6.833184719 273.327392578 2.224756718 88.990272522 8.841228485 353.649200439 6.425979137 257.039184570 0.556192994 0.556222320 4.866204262 194.648101807 0.598638952 23.945592880 1.677335620 67.093376160 7.215343475 288.613739014 1.878260732 75.130439758 8.526652336 341.066101074 6.002811909 240.112487793 2.988545179 2.988535166 4.994880676 199.795166016 0.215014711 8.600561142 1.653494954 66.139770508 7.528387070 301.135467529 1.995224714 79.808952332 8.730888367 349.235595703 6.106912136 244.276504517
6.736526489 269.461090088 2.120465994 84.818618774 8.753492355 350.139648438 6.326380730 253.055282593 0.556192994 0.556222320 4.763084888 190.523361206 0.497300327 19.892042160 1.576363683 63.054557800 7.118480682 284.739227295 1.773766994 70.950683594 8.438904762 337.556152344 5.903014660 236.120620728 2.988545179 2.988535166 4.892208099 195.688293457 0.113554753 4.542215347 1.552613974 62.104568481 7.432305336 297.292236328 1.890488982 75.619544983 8.643162727 345.726470947 6.007061481 240.282516479
6.639871120 265.594848633 2.016175270 80.647041321 8.665755272 346.630187988 6.226782322 249.071304321 0.556192994 0.556222320 4.659966946 186.398635864 0.395962924 15.838484764 1.475391865 59.015651703 7.021620274 280.864776611 1.669273376 66.770950317 8.351157188 334.046264648 5.803216934 232.128707886 2.988545179 2.988535166 4.789537430 191.581466675 0.055960376 0.486256540 1.451733351 58.069282532 7.336226940 293.449035645 1.785753369 71.430145264 8.555437088 342.217437744 5.907210350 236.288452148
6.543218136 261.728759766 1.911884785 76.475410461 8.578018188 343.120758057 6.127182961 245.087371826 0.556192994 0.556222320 4.556850910 182.274002075 0.294626743 11.785092354 1.374420047 54.976821899 6.924762249 276.990509033 1.564779758 62.591209412 8.263409615 330.536407471 5.703418732 228.136779785 2.988545179 2.988535166 4.686868668 187.474700928 0.005994541 1.597992778 1.350852966 54.034156799 7.240151882 289.606109619 1.681017756 67.240753174 8.467711449 338.708465576 5.807358265 232.294403076
6.446568012 257.862701416 1.807594299 72.303802490 8.490282059 339.611297607 6.027583599 241.103393555 0.556192994 0.556222320 4.453736305 178.149429321 0.193291768 7.731698036 1.273448348 50.937942505 6.827906609 273.116333008 1.460286260 58.411483765 8.175662041 327.026458740 5.603619576 224.144805908 2.988545179 2.988535166 4.584202290 183.368057251 1.598001122 3.678407431 1.249972939 49.998897552 7.144080639 285.763244629 1.576282263 63.051307678 8.379985809 335.199371338 5.707506180 228.300247192
6.349919796 253.996749878 1.703304052 68.132133484 8.402545929 336.101837158 5.927983761 237.119384766 0.556192994 0.556222320 4.350623131 174.024932861 0.091957934 3.678344011 1.172476530 46.899063110 6.731052876 269.242065430 1.355792761 54.231697083 8.087914467 323.516601562 5.503820419 220.152847290 2.988545179 2.988535166 4.481537342 179.261459351 3.678424597 5.759158134 1.149093151 45.963710785 7.048012733 281.920471191 1.471546888 58.861858368 8.292260170 331.690399170 5.607653141 224.306152344
6.253273964 250.130935669 1.599013805 63.960517883 8.314808846 332.592407227 5.828382969 233.135360718 0.556192994 0.556222320 4.247511864 169.900451660 0.045373760 0.374972045 1.071504951 42.860218048 6.634201527 265.368041992 1.251299381 50.051971436 8.000166893 320.006713867 5.404020309 216.160812378 2.988545179 2.988535166 4.378874779 175.154968262 5.759171486 7.839979649 1.048213720 41.928558350 6.951948166 278.077911377 1.366811514 54.672416687 8.204534531 328.181427002 5.507799625 220.312026978
6.156630516 246.265258789 1.494723678 59.788913727 8.227072716 329.082946777 5.728782177 229.151214600 0.556192994 0.556222320 4.144402027 165.776031494 0.374996692 0.374972045 0.970533252 38.821327209 6.537352085 261.494110107 1.146806002 45.872257233 7.912419796 316.496856689 5.304219246 212.168716431 2.988545179 2.988535166 4.276213646 171.048538208 7.839983940 7.839979649 0.947334588 37.893398285 6.855886936 274.235534668 1.262076139 50.483051300 8.116808891 324.672393799 5.407945633 216.317764282
6.059988976 242.399536133 1.390433550 55.617370605 8.139336586 325.573516846 5.629180431 225.167236328 0.556192994 0.556222320 4.041293144 161.651702881 0.374996692 0.374972045 0.869561672 34.782474518 6.440504551 257.620147705 1.042312741 41.692531586 7.824672699 312.986968994 5.204418182 208.176742554 2.988545179 2.988535166 4.173553944 166.942169189 7.839983940 7.839979649 0.846455693 33.858276367 6.759829044 270.393157959 1.157340765 46.293613434 8.029084206 321.163391113 5.308091164 212.323669434
5.963350296 238.534011841 1.286143541 51.445777893 8.051600456 322.064086914 5.529578209 221.183090210 0.556192994 0.556222320 3.938185453 157.527450562 0.374996692 0.374972045 0.768590093 30.743577957 6.343659401 253.746383667 0.937819362 37.512756348 7.736925602 309.477050781 5.104615688 204.184585571 2.988545179 2.988535166 4.070896149 162.835876465 7.839983940 7.839979649 0.745577097 29.823066711 6.663774490 266.550964355 1.052605510 42.104244232 7.941359043 317.654388428 5.208235741 208.329376221
5.866713524 234.668502808 1.181853652 47.274188995 7.963864803 318.554565430 5.429975033 217.198913574 0.556192994 0.556222320 3.835079193 153.403167725 0.374996692 0.374972045 0.667618573 26.704713821 6.246816158 249.872619629 0.833326101 33.333049774 7.649178505 305.967102051 5.004812717 200.192474365 2.988545179 2.988535166 3.968239784 158.729583740 7.839983940 7.839979649 0.644698799 25.787969589 6.567723274 262.708892822 0.947870255 37.914817810 7.853633881 314.145294189 5.108379364 204.335128784
5.770078659 230.803161621 1.077563643 43.102600098 7.876129150 315.045135498 5.330371380 213.214874268 0.556192994 0.556222320 3.731974125 149.278991699 0.374996692 0.374972045 0.566647112 22.665933609 6.149974823 245.998992920 0.728832781 29.153329849 7.561431885 302.457244873 4.905008793 196.200332642 2.988545179 2.988535166 3.865584850 154.623382568 7.839983940 7.839979649 0.543820798 21.752868652 6.471674919 258.867004395 0.843134999 33.725440979 7.765908718 310.636322021 5.008522511 200.340896606
5.673446178 226.937805176 0.973273814 38.930953979 7.788393021 311.535705566 5.230766773 209.230636597 0.556192994 0.556222320 3.628870010 145.154830933 0.374996692 0.374972045 0.465675712 18.627023697 6.053135395 242.125396729 0.624339521 24.973564148 7.473684788 298.947387695 4.805204391 192.208145142 2.988545179 2.988535166 3.762931347 150.517257690 7.839983940 7.839979649 0.442943096 17.717718124 6.375629902 255.025131226 0.738399744 29.535957336 7.678184032 307.127319336 4.908664703 196.346572876
5.576816082 223.072677612 0.868983924 34.759368896 7.700657368 308.026275635 5.131161690 205.246475220 0.556192994 0.556222320 3.525766850 141.030685425 0.374996692 0.374972045 0.364704311 14.588192940 5.956297874 238.251953125 0.519846261 20.793838501 7.385938168 295.437500000 4.705398560 188.215988159 2.988545179 2.988535166 3.660279036 146.411178589 7.839983940 7.839979649 0.342065662 13.682646751 6.279587746 251.183502197 0.633664489 25.346588135 7.590459347 303.618377686 4.808805943 192.352249146
5.480187893 219.207534790 0.764694035 30.587791443 7.612921715 304.516906738 5.031555653 201.262252808 0.556192994 0.556222320 3.422664642 136.906616211 0.374996692 0.374972045 0.263732970 10.549313545 5.859462738 234.378494263 0.415352970 16.614131927 7.298191071 291.927673340 4.605592251 184.223678589 2.988545179 2.988535166 3.557627916 142.305130005 7.839983940 7.839979649 0.241188496 9.647568703 6.183548450 247.341934204 0.528929234 21.157161713 7.502734661 300.109375000 4.708946705 188.357864380
5.383561611 215.342468262 0.660404205 26.416147232 7.525186539 301.007415771 4.931948662 197.277877808 0.556192994 0.556222320 3.319563389 132.782577515 0.374996692 0.374972045 0.162761673 6.510474682 5.762629032 230.505157471 0.310859710 12.434423447 7.210444450 288.417785645 4.505784988 180.231369019 2.988545179 2.988535166 3.454977989 138.199127197 7.839983940 7.839979649 0.140311599 5.612481117 6.087512493 243.500442505 0.424193978 16.967742920 7.415009975 296.600372314 4.609086514 184.363403320
5.286937237 211.477462769 0.556114376 22.244560242 7.437450886 297.498046875 4.832340240 193.293670654 0.556192994 0.556222320 3.216463089 128.658554077 0.374996692 0.374972045 0.080597982 2.471635818 5.665797234 226.631835938 0.206366435 8.254648209 7.122697830 284.907928467 4.405976295 176.239120483 2.988545179 2.988535166 3.352329016 134.093200684 7.839983940 7.839979649 0.069545954 1.577434182 5.991479397 239.659164429 0.319458753 12.778366089 7.327285290 293.091430664 4.509225368 180.369064331
5.190315247 207.612609863 0.451824516 18.072984695 7.349715710 293.988677979 4.732731342 189.309265137 0.556192994 0.556222320 3.113363266 124.534568787 0.374996692 0.374972045 0.030598015 2.471635818 5.568967342 222.758712769 0.101873159 4.074940205 7.034951210 281.398101807 4.306167126 172.246658325 2.988545179 2.988535166 3.249681234 129.987289429 7.839983940 7.839979649 0.019546125 1.577434182 5.895448685 235.817962646 0.214723498 8.588949203 7.239561081 289.582458496 4.409362793 176.374511719
5.093694687 203.747817993 0.347534657 13.901389122 7.261980057 290.479278564 4.633121490 185.324829102 0.556192994 0.556222320 3.010264397 120.410629272 0.374996692 0.374972045 0.030598015 2.471635818 5.472138882 218.885589600 0.048746277 0.102341317 6.947205067 277.888244629 4.206356525 168.254272461 2.988545179 2.988535166 3.147034168 125.881431580 7.839983940 7.839979649 0.019546125 1.577434182 5.799421310 231.976867676 0.109988265 4.399572372 7.151836872 286.073516846 4.309499741 172.379974365
4.997076511 199.883071899 0.243244827 9.729753494 7.174244881 286.969848633 4.533510685 181.340469360 0.556192994 0.556222320 2.907166243 116.286705017 0.374996692 0.374972045 0.030598015 2.471635818 5.375312805 215.012542725 0.102382362 2.327105999 6.859458447 274.378387451 4.106544971 164.261825562 2.988545179 2.988535166 3.044388294 121.775573730 7.839983940 7.839979649 0.019546125 1.577434182 5.703396797 228.135925293 0.052507762 0.210096806 7.064112663 282.564514160 4.209635735 168.385467529
4.900460243 196.018386841 0.138954982 5.558176041 7.086509705 283.460449219 4.433898449 177.355987549 0.556192994 0.556222320 2.804068565 112.162796021 0.374996692 0.374972045 0.030598015 2.471635818 5.278488159 211.139526367 2.327100754 4.552696228 6.771712303 270.868530273 4.006732464 160.269317627 2.988545179 2.988535166 2.941742897 117.669769287 7.839983940 7.839979649 0.019546125 1.577434182 5.607374668 224.294967651 0.002507762 2.017296791 6.976388454 279.055572510 4.109770298 164.390869141
4.803845406 192.153839111 0.066619620 1.386590123 6.998774529 279.950958252 4.334285259 173.371429443 0.556192994 0.556222320 2.700971603 108.038795471 0.374996692 0.374972045 0.030598015 2.471635818 5.181665421 207.266586304 4.552703857 6.778311729 6.683965683 267.358581543 3.906918764 156.276748657 2.988545179 2.988535166 2.839098454 113.563873291 7.839983940 7.839979649 0.019546125 1.577434182 5.511355400 220.454223633 2.017287493 4.242831707 6.888664246 275.546539307 4.009904385 160.396148682
4.707232952 188.289321899 0.016619617 1.386590123 6.911039829 276.441528320 4.234671116 169.386825562 0.556192994 0.556222320 2.597875118 103.914970398 0.374996692 0.374972045 0.030598015 2.471635818 5.084844112 203.393798828 6.778319836 6.778311729 6.596219540 263.848724365 3.807103872 152.284118652 2.988545179 2.988535166 2.736454725 109.458145142 7.839983940 7.839979649 0.019546125 1.577434182 5.415338993 216.613571167 4.242822647 4.242831707 6.800940037 272.037567139 3.910036802 156.401458740
4.610621929 184.424911499 0.016619617 1.386590123 6.823304653 272.932220459 4.135055542 165.402282715 0.556192994 0.556222320 2.494779110 99.791122437 0.374996692 0.374972045 0.030598015 2.471635818 4.988024235 199.520965576 6.778319836 6.778311729 6.508473396 260.338897705 3.707287788 148.291564941 2.988545179 2.988535166 2.633811712 105.352447510 7.839983940 7.839979649 0.019546125 1.577434182 5.319324970 212.772994995 4.242822647 4.242831707 6.713215828 268.528625488 3.810168266 152.406768799
4.514012814 180.560516357 0.016619617 1.386590123 6.735569954 269.422790527 4.035439014 161.417617798 0.556192994 0.556222320 2.391683578 95.667297363 0.374996692 0.374972045 0.030598015 2.471635818 4.891206741 195.648223877 6.778319836 6.778311729 6.420727253 256.829040527 3.607470512 144.298889160 2.988545179 2.988535166 2.531169176 101.246742249 7.839983940 7.839979649 0.019546125 1.577434182 5.223313332 208.932495117 4.242822647 4.242831707 6.625492096 265.019653320 3.710298777 148.411987305
4.417405128 176.696212769 0.016619617 1.386590123 6.647835255 265.913360596 3.935821295 157.432846069 0.556192994 0.556222320 2.288588285 91.543495178 0.374996692 0.374972045 0.030598015 2.471635818 4.794390202 191.775634766 6.778319836 6.778311729 6.332981110 253.319198608 3.507652283 140.306121826 2.988545179 2.988535166 2.428527355 97.141067505 7.839983940 7.839979649 0.019546125 1.577434182 5.127304554 205.092163086 4.242822647 4.242831707 6.537768364 261.510711670 3.610428095 144.417114258
4.320799828 172.831985474 0.016619617 1.386590123 6.560100555 262.404022217 3.836202145 153.448104858 0.556192994 0.556222320 2.185493708 87.419731140 0.374996692 0.374972045 0.030598015 2.471635818 4.697575569 187.902999878 6.778319836 6.778311729 6.245234966 249.809371948 3.407832623 136.313308716 2.988545179 2.988535166 2.325885773 93.035423279 7.839983940 7.839979649 0.019546125 1.577434182 5.031297684 201.251937866 4.242822647 4.242831707 6.450044632 258.001770020 3.510555983 140.422241211
4.224195480 168.967834473 0.016619617 1.386590123 6.472365856 258.894622803 3.736581564 149.463256836 0.556192994 0.556222320 2.082399130 83.295928955 0.374996692 0.374972045 0.030598015 2.471635818 4.600762367 184.030517578 6.778319836 6.778311729 6.157489300 246.299560547 3.308011532 132.320434570 2.988545179 2.988535166 2.223244905 88.929748535 7.839983940 7.839979649 0.019546125 1.577434182 4.935293674 197.411758423 4.242822647 4.242831707 6.362320900 254.492828369 3.410682917 136.427307129
4.127593517 165.103713989 0.016619617 1.386590123 6.384631157 255.385269165 3.636960030 145.478363037 0.556192994 0.556222320 1.979305148 79.172187805 0.374996692 0.374972045 0.030598015 2.471635818 4.503951073 180.158020020 6.778319836 6.778311729 6.069743156 242.789764404 3.208189487 128.327545166 2.988545179 2.988535166 2.120604277 84.824165344 7.839983940 7.839979649 0.019546125 1.577434182 4.839292049 193.571701050 4.242822647 4.242831707 6.274597168 250.983917236 3.310808659 132.432342529
4.030992508 161.239700317 0.016619617 1.386590123 6.296896458 251.875839233 3.537336826 141.493515015 0.556192994 0.556222320 1.876211286 75.048408508 0.374996692 0.374972045 0.030598015 2.471635818 4.407140732 176.285614014 6.778319836 6.778311729 5.981997490 239.279891968 3.108366013 124.334663391 2.988545179 2.988535166 2.017964125 80.718544006 7.839983940 7.839979649 0.019546125 1.577434182 4.743292809 189.731704712 4.242822647 4.242831707 6.186873436 247.474929810 3.210932970 128.437347412
3.934393644 157.375701904 0.016619617 1.386590123 6.209161758 248.366516113 3.437712431 137.508422852 0.556192994 0.556222320 1.773117661 70.924674988 0.374996692 0.374972045 0.030598015 2.471635818 4.310332298 172.413269043 6.778319836 6.778311729 5.894251347 235.770095825 3.008541107 120.341598511 2.988545179 2.988535166 1.915324330 76.612968445 7.839983940 7.839979649 0.019546125 1.577434182 4.647295952 185.891799927 4.242822647 4.242831707 6.099150181 243.966003418 3.111056328 124.442214966
3.837796211 153.511840820 0.016619617 1.386590123 6.121427536 244.857177734 3.338086605 133.523498535 0.556192994 0.556222320 1.670024276 66.800933838 0.374996692 0.374972045 0.030598015 2.471635818 4.213525295 168.540985107 6.778319836 6.778311729 5.806505680 232.260269165 2.908715010 116.348602295 2.988545179 2.988535166 1.812684774 72.507377625 7.839983940 7.839979649 0.019546125 1.577434182 4.551301479 182.052017212 4.242822647 4.242831707 6.011426449 240.457138062 3.011178255 120.447143555
3.741200209 149.648010254 0.016619617 1.386590123 6.033692837 241.347778320 3.238459349 129.538406372 0.556192994 0.556222320 1.566931009 62.677284241 0.374996692 0.374972045 0.030598015 2.471635818 4.116719723 164.668777466 6.778319836 6.778311729 5.718760014 228.750427246 2.808887482 112.355514526 2.988545179 2.988535166 1.710045457 68.401817322 7.839983940 7.839979649 0.019546125 1.577434182 4.455308914 178.212356567 4.242822647 4.242831707 5.923703194 236.948165894 2.911298752 116.451972961
3.644605875 145.784225464 0.016619617 1.386590123 5.945958614 237.838333130 3.138830662 125.553184509 0.556192994 0.556222320 1.463837981 58.553455353 0.374996692 0.374972045 0.030598015 2.471635818 4.019915581 160.796600342 6.778319836 6.778311729 5.631014347 225.240509033 2.709058523 108.362342834 2.988545179 2.988535166 1.607406497 64.296241760 7.839983940 7.839979649 0.019546125 1.577434182 4.359318733 174.372756958 4.242822647 4.242831707 5.835979462 233.439117432 2.811418056 112.456687927
3.548013210 141.920516968 0.016619617 1.386590123 5.858224392 234.328948975 3.039200306 121.568031311 0.556192994 0.556222320 1.360745072 54.429851532 0.374996692 0.374972045 0.030598015 2.471635818 3.923112869 156.924545288 6.778319836 6.778311729 5.543268681 221.730728149 2.609228373 104.369155884 2.988545179 2.988535166 1.504767656 60.190723419 7.839983940 7.839979649 0.019546125 1.577434182 4.263330460 170.533233643 4.242822647 4.242831707 5.748256207 229.930252075 2.711535931 108.461425781
3.451421976 138.056900024 0.016619617 1.386590123 5.770490170 230.819595337 2.939568758 117.582748413 0.556192994 0.556222320 1.257652164 50.306118011 0.374996692 0.374972045 0.030598015 2.471635818 3.826311588 153.052490234 6.778319836 6.778311729 5.455523014 218.220855713 2.509396791 100.375854492 2.988545179 2.988535166 1.402128935 56.085121155 7.839983940 7.839979649 0.019546125 1.577434182 4.167344570 166.693862915 4.242822647 4.242831707 5.660532951 226.421295166 2.611652613 104.466094971
3.354831934 134.193267822 0.016619617 1.386590123 5.682755947 227.310211182 2.839935541 113.597419739 0.556192994 0.556222320 1.154559493 46.182380676 0.374996692 0.374972045 0.030598015 2.471635818 3.729511499 149.180450439 6.778319836 6.778311729 5.367777348 214.711059570 2.409563541 96.382514954 2.988545179 2.988535166 1.299490452 51.979625702 7.839983940 7.839979649 0.019546125 1.577434182 4.071361065 162.854461670 4.242822647 4.242831707 5.572809696 222.912368774 2.511767864 100.470733643
3.258243561 130.329757690 0.016619617 1.386590123 5.595021725 223.800857544 2.740300894 109.611991882 0.556192994 0.556222320 1.051466823 42.058654785 0.374996692 0.374972045 0.030598015 2.471635818 3.632712841 145.308547974 6.778319836 6.778311729 5.280031681 211.201293945 2.309729099 92.389083862 2.988545179 2.988535166 1.196852088 47.874134064 7.839983940 7.839979649 0.019546125 1.577434182 3.975379229 159.015167236 4.242822647 4.242831707 5.485086441 219.403457642 2.411881685 96.475234985
3.161656857 126.466285706 0.016619617 1.386590123 5.507287502 220.291473389 2.640664577 105.626564026 0.556192994 0.556222320 0.948374212 37.935009003 0.374996692 0.374972045 0.030598015 2.471635818 3.535915613 141.436630249 6.778319836 6.778311729 5.192286015 207.691406250 2.209892988 88.395713806 2.988545179 2.988535166 1.094213724 43.768516541 7.839983940 7.839979649 0.019546125 1.577434182 3.879399538 155.175994873 4.242822647 4.242831707 5.397363663 215.894515991 2.311994314 92.479713440
3.065071106 122.602859497 0.016619617 1.386590123 5.419553280 216.782135010 2.541026592 101.641105652 0.556192994 0.556222320 0.845281661 33.811252594 0.374996692 0.374972045 0.030598015 2.471635818 3.439119816 137.564758301 6.778319836 6.778311729 5.104540825 204.181610107 2.110055685 84.402267456 2.988545179 2.988535166 0.991575480 39.663005829 7.839983940 7.839979649 0.019546125 1.577434182 3.783421755 151.336868286 4.242822647 4.242831707 5.309640408 212.385635376 2.212105513 88.484245300
2.968487024 118.739486694 0.016619617 1.386590123 5.331819534 213.272811890 2.441387177 97.655448914 0.556192994 0.556222320 0.742189109 29.687610626 0.374996692 0.374972045 0.030598015 2.471635818 3.342325211 133.692993164 6.778319836 6.778311729 5.016795158 200.671844482 2.010216713 80.408645630 2.988545179 2.988535166 0.888937294 35.557491302 7.839983940 7.839979649 0.019546125 1.577434182 3.687446117 147.497848511 4.242822647 4.242831707 5.221917152 208.876724243 2.112215042 84.488533020
2.871904373 114.876136780 0.016619617 1.386590123 5.244085312 209.763412476 2.341746330 93.669891357 0.556192994 0.556222320 0.639096618 25.563869476 0.374996692 0.374972045 0.030598015 2.471635818 3.245531797 129.821243286 6.778319836 6.778311729 4.929049492 197.162017822 1.910376310 76.415069580 2.988545179 2.988535166 0.786299169 31.451971054 7.839983940 7.839979649 0.019546125 1.577434182 3.591472387 143.658889771 4.242822647 4.242831707 5.134194374 205.367782593 2.012323380 80.492988586
2.775322914 111.012916565 0.016619617 1.386590123 5.156351566 206.254074097 2.242103577 89.684112549 0.556192994 0.556222320 0.536004126 21.440225601 0.374996692 0.374972045 0.030598015 2.471635818 3.148739576 125.949562073 6.778319836 6.778311729 4.841304302 193.652191162 1.810534477 72.421310425 2.988545179 2.988535166 0.683661103 27.346452713 7.839983940 7.839979649 0.019546125 1.577434182 3.495500326 139.819992065 4.242822647 4.242831707 5.046471119 201.858917236 1.912430286 76.497146606
2.678742886 107.149703979 0.016619617 1.386590123 5.068617344 202.744705200 2.142459393 85.698402405 0.556192994 0.556222320 0.432911605 17.316471100 0.374996692 0.374972045 0.030598015 2.471635818 3.051948786 122.077949524 6.778319836 6.778311729 4.753559113 190.142364502 1.710691094 68.427673340 2.988545179 2.988535166 0.581022978 23.240932465 7.839983940 7.839979649 0.019546125 1.577434182 3.399530411 135.981201172 4.242822647 4.242831707 4.958748341 198.349929810 1.812535644 72.501457214
2.582164049 103.286590576 0.016619617 1.386590123 4.980883598 199.235321045 2.042813540 81.712478638 0.556192994 0.556222320 0.329819113 13.192827225 0.374996692 0.374972045 0.030598015 2.471635818 2.955159187 118.206390381 6.778319836 6.778311729 4.665813446 186.632537842 1.610846162 64.433792114 2.988545179 2.988535166 0.478384912 19.135412216 7.839983940 7.839979649 0.019546125 1.577434182 3.303562403 132.142501831 4.242822647 4.242831707 4.871025562 194.840988159 1.712639570 68.505554199
2.485586643 99.423469543 0.016619617 1.386590123 4.893149853 195.726028442 1.943165898 77.726684570 0.556192994 0.556222320 0.226726606 9.069086075 0.374996692 0.374972045 0.030598015 2.471635818 2.858370781 114.334823608 6.778319836 6.778311729 4.578068256 183.122741699 1.510999799 60.440010071 2.988545179 2.988535166 0.375746846 15.029892921 7.839983940 7.839979649 0.019546125 1.577434182 3.207596064 128.303848267 4.242822647 4.242831707 4.783302784 191.332092285 1.612742066 64.509727478
2.389010429 95.560409546 0.016619617 1.386590123 4.805416107 192.216629028 1.843516588 73.740615845 0.556192994 0.556222320 0.123634100 4.945442677 0.374996692 0.374972045 0.030598015 2.471635818 2.761583567 110.463310242 6.778319836 6.778311729 4.490323067 179.612930298 1.411151767 56.445999146 2.988545179 2.988535166 0.273108780 10.924372673 7.839983940 7.839979649 0.019546125 1.577434182 3.111631393 124.465240479 4.242822647 4.242831707 4.695579529 187.823211670 1.512843132 60.513702393
2.292435646 91.697425842 0.016619617 1.386590123 4.717682362 188.707275391 1.743865728 69.754638672 0.556192994 0.556222320 0.059962701 0.821688235 0.374996692 0.374972045 0.030598015 2.471635818 2.664797544 106.591918945 6.778319836 6.778311729 4.402577877 176.103103638 1.311302304 52.452091217 2.988545179 2.988535166 0.170470700 6.818853378 7.839983940 7.839979649 0.019546125 1.577434182 3.015668631 120.626754761 4.242822647 4.242831707 4.607856750 184.314270020 1.412942648 56.517753601
2.195862055 87.834495544 0.016619617 1.386590123 4.629948616 185.197921753 1.644213080 65.768455505 0.556192994 0.556222320 0.009962701 1.409030437 0.374996692 0.374972045 0.030598015 2.471635818 2.568012714 102.720520020 6.778319836 6.778311729 4.314832687 172.593307495 1.211451292 48.457973480 2.988545179 2.988535166 0.083044566 2.713320255 7.839983940 7.839979649 0.019546125 1.577434182 2.919707537 116.788322449 4.242822647 4.242831707 4.520133972 180.805374146 1.313040733 52.521587372
2.099289656 83.971611023 0.016619617 1.386590123 4.542214870 181.688613892 1.544558764 61.782348633 0.556192994 0.556222320 1.409060240 1.409030437 0.374996692 0.374972045 0.030598015 2.471635818 2.471229076 98.849166870 6.778319836 6.778311729 4.227087021 169.083496094 1.111598730 44.463947296 2.988545179 2.988535166 0.033044565 2.713320255 7.839983940 7.839979649 0.019546125 1.577434182 2.823748350 112.949958801 4.242822647 4.242831707 4.432411671 177.296508789 1.213137388 48.525531769
2.002718449 80.108787537 0.016619617 1.386590123 4.454481125 178.179229736 1.444902658 57.796047211 0.556192994 0.556222320 1.409060240 1.409030437 0.374996692 0.374972045 0.030598015 2.471635818 2.374446392 94.977905273 6.778319836 6.778311729 4.139341831 165.573638916 1.011744618 40.469718933 2.988545179 2.988535166 0.033044565 2.713320255 7.839983940 7.839979649 0.019546125 1.577434182 2.727790594 109.111671448 4.242822647 4.242831707 4.344688892 173.787521362 1.113232493 44.529270172
1.906148434 76.245956421 0.016619617 1.386590123 4.366747379 174.669860840 1.345244884 53.809810638 0.556192994 0.556222320 1.409060240 1.409030437 0.374996692 0.374972045 0.030598015 2.471635818 2.277664900 91.106643677 6.778319836 6.778311729 4.051596642 162.063827515 0.911889017 36.475585938 2.988545179 2.988535166 0.033044565 2.713320255 7.839983940 7.839979649 0.019546125 1.577434182 2.631834507 105.273391724 4.242822647 4.242831707 4.256966114 170.278610229 1.013326168 40.533092499
1.809579611 72.383178711 0.016619617 1.386590123 4.279013634 171.160537720 1.245585442 49.823371887 0.556192994 0.556222320 1.409060240 1.409030437 0.374996692 0.374972045 0.030598015 2.471635818 2.180884600 87.235374451 6.778319836 6.778311729 3.963851690 158.554092407 0.812031865 32.481220245 2.988545179 2.988535166 0.033044565 2.713320255 7.839983940 7.839979649 0.019546125 1.577434182 2.535880327 101.435188293 4.242822647 4.242831707 4.169243336 166.769729614 0.913418293 36.536693573
1.713011980 68.520454407 0.016619617 1.386590123 4.191279888 167.651168823 1.145924211 45.836978912 0.556192994 0.556222320 1.409060240 1.409030437 0.374996692 0.374972045 0.030598015 2.471635818 2.084105492 83.364219666 6.778319836 6.778311729 3.876106501 155.044250488 0.712173104 28.486978531 2.988545179 2.988535166 0.033044565 2.713320255 7.839983940 7.839979649 0.019546125 1.577434182 2.439927578 97.597099304 4.242822647 4.242831707 4.081520557 163.260833740 0.813508928 32.540405273
1.616445541 64.657783508 0.016619617 1.386590123 4.103546619 164.141876221 1.046261191 41.850440979 0.556192994 0.556222320 1.409060240 1.409030437 0.374996692 0.374972045 0.030598015 2.471635818 1.987327218 79.493118286 6.778319836 6.778311729 3.788361549 151.534469604 0.612312853 24.492465973 2.988545179 2.988535166 0.033044565 2.713320255 7.839983940 7.839979649 0.019546125 1.577434182 2.343976259 93.759040833 4.242822647 4.242831707 3.993798256 159.751907349 0.713598073 28.543910980
1.519880176 60.795249939 0.016619617 1.386590123 4.015812874 160.632522583 0.946596563 37.863929749 0.556192994 0.556222320 1.409060240 1.409030437 0.374996692 0.374972045 0.030598015 2.471635818 1.890550137 75.622009277 6.778319836 6.778311729 3.700616360 148.024688721 0.512451053 20.498102188 2.988545179 2.988535166 0.033044565 2.713320255 7.839983940 7.839979649 0.019546125 1.577434182 2.248026609 89.921066284 4.242822647 4.242831707 3.906075478 156.243026733 0.613685787 24.547512054
1.423316121 56.932655334 0.016619617 1.386590123 3.928079128 157.123199463 0.846930146 33.877189636 0.556192994 0.556222320 1.409060240 1.409030437 0.374996692 0.374972045 0.030598015 2.471635818 1.793774128 71.750968933 6.778319836 6.778311729 3.612871170 144.514846802 0.412587732 16.503454208 2.988545179 2.988535166 0.033044565 2.713320255 7.839983940 7.839979649 0.019546125 1.577434182 2.152078629 86.083145142 4.242822647 4.242831707 3.818352938 152.734146118 0.513772011 20.550827026
1.326753020 53.070110321 0.016619617 1.386590123 3.840345621 153.613845825 0.747261941 29.890468597 0.556192994 0.556222320 1.409060240 1.409030437 0.374996692 0.374972045 0.030598015 2.471635818 1.696999192 67.879943848 6.778319836 6.778311729 3.525126219 141.005065918 0.312722921 12.508913994 2.988545179 2.988535166 0.033044565 2.713320255 7.839983940 7.839979649 0.019546125 1.577434182 2.056132078 82.245254517 4.242822647 4.242831707 3.730630398 149.225219727 0.413856745 16.554250717
1.230191112 49.207626343 0.016619617 1.386590123 3.752612114 150.104461670 0.647592068 25.903680801 0.556192994 0.556222320 1.409060240 1.409030437 0.374996692 0.374972045 0.030598015 2.471635818 1.600225329 64.009025574 6.778319836 6.778311729 3.437381029 137.495269775 0.212856606 8.514266968 2.988545179 2.988535166 0.033044565 2.713320255 7.839983940 7.839979649 0.019546125 1.577434182 1.960187078 78.407478333 4.242822647 4.242831707 3.642907858 145.716323853 0.313940018 12.557565689
1.133630276 45.345218658 0.016619617 1.386590123 3.664878607 146.595108032 0.547920406 21.916841507 0.556192994 0.556222320 1.409060240 1.409030437 0.374996692 0.374972045 0.030598015 2.471635818 1.503452420 60.138088226 6.778319836 6.778311729 3.349636078 133.985412598 0.112988889 4.519590855 2.988545179 2.988535166 0.033044565 2.713320255 7.839983940 7.839979649 0.019546125 1.577434182 1.864243507 74.569747925 4.242822647 4.242831707 3.555185318 142.207397461 0.214021891 8.560866356
1.037070513 41.482837677 0.016619617 1.386590123 3.577145100 143.085800171 0.448247075 17.929882050 0.556192994 0.556222320 1.409060240 1.409030437 0.374996692 0.374972045 0.030598015 2.471635818 1.406680465 56.267230988 6.778319836 6.778311729 3.261891127 130.475616455 0.056569271 0.527246654 2.988545179 2.988535166 0.033044565 2.713320255 7.839983940 7.839979649 0.019546125 1.577434182 1.768301368 70.732086182 4.242822647 4.242831707 3.467463017 138.698547363 0.114102386 4.564099312
0.940511882 37.620506287 0.016619617 1.386590123 3.489411831 139.576446533 0.348572016 13.942924500 0.556192994 0.556222320 1.409060240 1.409030437 0.374996692 0.374972045 0.030598015 2.471635818 1.309909582 52.396400452 6.778319836 6.778311729 3.174145937 126.965812683 0.006603047 1.501775503 2.988545179 2.988535166 0.033044565 2.713320255 7.839983940 7.839979649 0.019546125 1.577434182 1.672360659 66.894393921 4.242822647 4.242831707 3.379740477 135.189605713 0.057097152 0.569701612
0.843954325 33.758178711 0.016619617 1.386590123 3.401678324 136.067123413 0.248895288 9.955833435 0.556192994 0.556222320 1.409060240 1.409030437 0.374996692 0.374972045 0.030598015 2.471635818 1.213139772 48.525623322 6.778319836 6.778311729 3.086400986 123.456024170 1.501822710 3.524945021 2.988545179 2.988535166 0.033044565 2.713320255 7.839983940 7.839979649 0.019546125 1.577434182 1.576421499 63.056888580 4.242822647 4.242831707 3.292017937 131.680709839 0.007131270 1.459538937
0.747397780 29.895929337 0.016619617 1.386590123 3.313944817 132.557815552 0.149216935 5.968676567 0.556192994 0.556222320 1.409060240 1.409030437 0.374996692 0.374972045 0.030598015 2.471635818 1.116370916 44.654846191 6.778319836 6.778311729 2.998656034 119.946235657 3.524971008 5.548677444 2.988545179 2.988535166 0.033044565 2.713320255 7.839983940 7.839979649 0.019546125 1.577434182 1.480483651 59.219352722 4.242822647 4.242831707 3.204295635 128.171844482 1.459516883 3.482614040
0.650842309 26.033702850 0.016619617 1.386590123 3.226211548 129.048461914 0.074849211 1.981507897 0.556192994 0.556222320 1.409060240 1.409030437 0.374996692 0.374972045 0.030598015 2.471635818 1.019603014 40.784099579 6.778319836 6.778311729 2.910911083 116.436431885 5.548677444 7.572458267 2.988545179 2.988535166 0.033044565 2.713320255 7.839983940 7.839979649 0.019546125 1.577434182 1.384547234 55.381889343 4.242822647 4.242831707 3.116573095 124.662956238 3.482566357 5.506262302
0.554287910 22.171506882 0.016619617 1.386590123 3.138478041 125.539138794 0.024848066 1.981507897 0.556192994 0.556222320 1.409060240 1.409030437 0.374996692 0.374972045 0.030598015 2.471635818 0.922836065 36.913459778 6.778319836 6.778311729 2.823166132 112.926673889 7.572494030 7.572458267 2.988545179 2.988535166 0.033044565 2.713320255 7.839983940 7.839979649 0.019546125 1.577434182 1.288612247 51.544509888 4.242822647 4.242831707 3.028850794 121.154052734 5.506250381 5.506262302
0.457734525 18.309389114 0.016619617 1.386590123 3.050744772 122.029762268 0.024848066 1.981507897 0.556192994 0.556222320 1.409060240 1.409030437 0.374996692 0.374972045 0.030598015 2.471635818 0.826070070 33.042816162 6.778319836 6.778311729 2.735421181 109.416824341 7.572494030 7.572458267 2.988545179 2.988535166 0.033044565 2.713320255 7.839983940 7.839979649 0.019546125 1.577434182 1.192678571 47.707138062 4.242822647 4.242831707 2.941128492 117.645095825 5.506250381 5.506262302
0.361182153 14.447270393 0.016619617 1.386590123 2.963011265 118.520408630 0.024848066 1.981507897 0.556192994 0.556222320 1.409060240 1.409030437 0.374996692 0.374972045 0.030598015 2.471635818 0.729305029 29.172147751 6.778319836 6.778311729 2.647676229 105.906982422 7.572494030 7.572458267 2.988545179 2.988535166 0.033044565 2.713320255 7.839983940 7.839979649 0.019546125 1.577434182 1.096746206 43.869823456 4.242822647 4.242831707 2.853405952 114.136238098 5.506250381 5.506262302
0.265016347 10.587677002 0.016619617 1.386590123 2.875277996 115.011077881 0.024848066 1.981507897 0.556192994 0.556222320 1.409060240 1.409030437 0.374996692 0.374972045 0.030598015 2.471635818 0.632540941 25.301643372 6.778319836 6.778311729 2.559931278 102.397224426 7.572494030 7.572458267 2.988545179 2.988535166 0.033044565 2.713320255 7.839983940 7.839979649 0.019546125 1.577434182 1.000815153 40.032642365 4.242822647 4.242831707 2.765683651 110.627326965 5.506250381 5.506262302
0.168678686 6.730564594 0.016619617 1.386590123 2.787544489 111.501792908 0.024848066 1.981507897 0.556192994 0.556222320 1.409060240 1.409030437 0.374996692 0.374972045 0.030598015 2.471635818 0.535777807 21.431112289 6.778319836 6.778311729 2.472186327 98.887504578 7.572494030 7.572458267 2.988545179 2.988535166 0.033044565 2.713320255 7.839983940 7.839979649 0.019546125 1.577434182 0.904885530 36.195373535 4.242822647 4.242831707 2.677961349 107.118461609 5.506250381 5.506262302
0.087250516 2.876101017 0.016619617 1.386590123 2.699811220 107.992462158 0.024848066 1.981507897 0.556192994 0.556222320 1.409060240 1.409030437 0.374996692 0.374972045 0.030598015 2.471635818 0.439015627 17.560606003 6.778319836 6.778311729 2.384441376 95.377655029 7.572494030 7.572458267 2.988545179 2.988535166 0.033044565 2.713320255 7.839983940 7.839979649 0.019546125 1.577434182 0.808957160 32.358230591 4.242822647 4.242831707 2.590238810 103.609550476 5.506250381 5.506262302
0.037308082 1.036797643 0.016619617 1.386590123 2.612077951 104.483139038 0.024848066 1.981507897 0.556192994 0.556222320 1.409060240 1.409030437 0.374996692 0.374972045 0.030598015 2.471635818 0.342254311 13.690155029 6.778319836 6.778311729 2.296696424 91.867843628 7.572494030 7.572458267 2.988545179 2.988535166 0.033044565 2.713320255 7.839983940 7.839979649 0.019546125 1.577434182 0.713030040 28.521171570 4.242822647 4.242831707 2.502516508 100.100685120 5.506250381 5.506262302
0.014075484 1.083786249 0.016619617 1.386590123 2.524344444 100.973762512 0.024848066 1.981507897 0.556192994 0.556222320 1.409060240 1.409030437 0.374996692 0.374972045 0.030598015 2.471635818 0.245493904 9.819731712 6.778319836 6.778311729 2.208951473 88.358055115 7.572494030 7.572458267 2.988545179 2.988535166 0.033044565 2.713320255 7.839983940 7.839979649 0.019546125 1.577434182 0.617104292 24.684162140 4.242822647 4.242831707 2.414794207 96.591773987 5.506250381 5.506262302
1.083790898 2.927577257 0.016619617 1.386590123 2.436611176 97.464477539 0.024848066 1.981507897 0.556192994 0.556222320 1.409060240 1.409030437 0.374996692 0.374972045 0.030598015 2.471635818 0.148734361 5.949363232 6.778319836 6.778311729 2.121206522 84.848281860 7.572494030 7.572458267 2.988545179 2.988535166 0.033044565 2.713320255 7.839983940 7.839979649 0.019546125 1.577434182 0.521179736 20.847198486 4.242822647 4.242831707 2.327071905 93.082901001 5.506250381 5.506262302
2.927605867 4.823185444 0.016619617 1.386590123 2.348877907 93.955139160 0.024848066 1.981507897 0.556192994 0.556222320 1.409060240 1.409030437 0.374996692 0.374972045 0.030598015 2.471635818 0.076857731 2.081459999 6.778319836 6.778311729 2.033461809 81.338470459 7.572494030 7.572458267 2.988545179 2.988535166 0.033044565 2.713320255 7.839983940 7.839979649 0.019546125 1.577434182 0.425256461 17.010284424 4.242822647 4.242831707 2.239349604 89.573982239 5.506250381 5.506262302
4.823251724 6.727019787 0.016619617 1.386590123 2.261144638 90.445762634 0.024848066 1.981507897 0.556192994 0.556222320 1.409060240 1.409030437 0.374996692 0.374972045 0.030598015 2.471635818 0.026906637 0.337875158 6.778319836 6.778311729 1.945716858 77.828659058 7.572494030 7.572458267 2.988545179 2.988535166 0.033044565 2.713320255 7.839983940 7.839979649 0.019546125 1.577434182 0.329334438 13.173371315 4.242822647 4.242831707 2.151627302 86.065063477 5.506250381 5.506262302
6.727053642 8.633601189 0.016619617 1.386590123 2.173411369 86.936424255 0.024848066 1.981507897 0.556192994 0.556222320 1.409060240 1.409030437 0.374996692 0.374972045 0.030598015 2.471635818 0.007698683 1.786789060 6.778319836 6.778311729 1.857971907 74.318855286 7.572494030 7.572458267 2.988545179 2.988535166 0.033044565 2.713320255 7.839983940 7.839979649 0.019546125 1.577434182 0.233413592 9.336562157 4.242822647 4.242831707 2.063905001 82.556182861 5.506250381 5.506262302
8.633617401 10.541429520 0.016619617 1.386590123 2.085678101 83.427139282 0.024848066 1.981507897 0.556192994 0.556222320 1.409060240 1.409030437 0.374996692 0.374972045 0.030598015 2.471635818 1.786747575 3.683431149 6.778319836 6.778311729 1.770227075 70.809082031 7.572494030 7.572458267 2.988545179 2.988535166 0.033044565 2.713320255 7.839983940 7.839979649 0.019546125 1.577434182 0.137493938 5.499721050 4.242822647 4.242831707 1.976182699 79.047355652 5.506250381 5.506262302
10.541444778 12.449924469 0.016619617 1.386590123 1.997944713 79.917800903 0.024848066 1.981507897 0.556192994 0.556222320 1.409060240 1.409030437 0.374996692 0.374972045 0.030598015 2.471635818 3.683387756 5.589197636 6.778319836 6.778311729 1.682482123 67.299270630 7.572494030 7.572458267 2.988545179 2.988535166 0.033044565 2.713320255 7.839983940 7.839979649 0.019546125 1.577434182 0.071671404 1.663040876 4.242822647 4.242831707 1.888460398 75.538391113 5.506250381 5.506262302
12.449954987 12.449924469 0.016619617 1.386590123 1.910211444 76.408462524 0.024848066 1.981507897 0.556192994 0.556222320 1.409060240 1.409030437 0.374996692 0.374972045 0.030598015 2.471635818 5.589168549 5.589197636 6.778319836 6.778311729 1.594737291 63.789501190 7.572494030 7.572458267 2.988545179 2.988535166 0.033044565 2.713320255 7.839983940 7.839979649 0.019546125 1.577434182 0.021672213 1.663040876 4.242822647 4.242831707 1.800738096 72.029563904 5.506250381 5.506262302
12.449954987 12.449924469 0.016619617 1.386590123 1.822478175 72.899085999 0.024848066 1.981507897 0.556192994 0.556222320 1.409060240 1.409030437 0.374996692 0.374972045 0.030598015 2.471635818 5.589168549 5.589197636 6.778319836 6.778311729 1.506992340 60.279655457 7.572494030 7.572458267 2.988545179 2.988535166 0.033044565 2.713320255 7.839983940 7.839979649 0.019546125 1.577434182 0.021672213 1.663040876 4.242822647 4.242831707 1.713015795 68.520606995 5.506250381 5.506262302
12.449954987 12.449924469 0.016619617 1.386590123 1.734744906 69.389831543 0.024848066 1.981507897 0.556192994 0.556222320 1.409060240 1.409030437 0.374996692 0.374972045 0.030598015 2.471635818 5.589168549 5.589197636 6.778319836 6.778311729 1.419247508 56.769931793 7.572494030 7.572458267 2.988545179 2.988535166 0.033044565 2.713320255 7.839983940 7.839979649 0.019546125 1.577434182 0.021672213 1.663040876 4.242822647 4.242831707 1.625293612 65.011764526 5.506250381 5.506262302
12.449954987 12.449924469 0.016619617 1.386590123 1.647011638 65.880493164 0.024848066 1.981507897 0.556192994 0.556222320 1.409060240 1.409030437 0.374996692 0.374972045 0.030598015 2.471635818 5.589168549 5.589197636 6.778319836 6.778311729 1.331502557 53.260154724 7.572494030 7.572458267 2.988545179 2.988535166 0.033044565 2.713320255 7.839983940 7.839979649 0.019546125 1.577434182 0.021672213 1.663040876 4.242822647 4.242831707 1.537571311 61.502883911 5.506250381 5.506262302
12.449954987 12.449924469 0.016619617 1.386590123 1.559278369 62.371154785 0.024848066 1.981507897 0.556192994 0.556222320 1.409060240 1.409030437 0.374996692 0.374972045 0.030598015 2.471635818 5.589168549 5.589197636 6.778319836 6.778311729 1.243757725 49.750347137 7.572494030 7.572458267 2.988545179 2.988535166 0.033044565 2.713320255 7.839983940 7.839979649 0.019546125 1.577434182 0.021672213 1.663040876 4.242822647 4.242831707 1.449849010 57.993972778 5.506250381 5.506262302
12.449954987 12.449924469 0.016619617 1.386590123 1.471545100 58.861766815 0.024848066 1.981507897 0.556192994 0.556222320 1.409060240 1.409030437 0.374996692 0.374972045 0.030598015 2.471635818 5.589168549 5.589197636 6.778319836 6.778311729 1.156012893 46.240524292 7.572494030 7.572458267 2.988545179 2.988535166 0.033044565 2.713320255 7.839983940 7.839979649 0.019546125 1.577434182 0.021672213 1.663040876 4.242822647 4.242831707 1.362126708 54.485038757 5.506250381 5.506262302
12.449954987 12.449924469 0.016619617 1.386590123 1.383811831 55.352466583 0.024848066 1.981507897 0.556192994 0.556222320 1.409060240 1.409030437 0.374996692 0.374972045 0.030598015 2.471635818 5.589168549 5.589197636 6.778319836 6.778311729 1.068267941 42.730716705 7.572494030 7.572458267 2.988545179 2.988535166 0.033044565 2.713320255 7.839983940 7.839979649 0.019546125 1.577434182 0.021672213 1.663040876 4.242822647 4.242831707 1.274404526 50.976203918 5.506250381 5.506262302
12.449954987 12.449924469 0.016619617 1.386590123 1.296078563 51.843124390 0.024848066 1.981507897 0.556192994 0.556222320 1.409060240 1.409030437 0.374996692 0.374972045 0.030598015 2.471635818 5.589168549 5.589197636 6.778319836 6.778311729 0.980523109 39.220905304 7.572494030 7.572458267 2.988545179 2.988535166 0.033044565 2.713320255 7.839983940 7.839979649 0.019546125 1.577434182 0.021672213 1.663040876 4.242822647 4.242831707 1.186682224 47.467281342 5.506250381 5.506262302
12.449954987 12.449924469 0.016619617 1.386590123 1.208345413 48.333789825 0.024848066 1.981507897 0.556192994 0.556222320 1.409060240 1.409030437 0.374996692 0.374972045 0.030598015 2.471635818 5.589168549 5.589197636 6.778319836 6.778311729 0.892778218 35.711132050 7.572494030 7.572458267 2.988545179 2.988535166 0.033044565 2.713320255 7.839983940 7.839979649 0.019546125 1.577434182 0.021672213 1.663040876 4.242822647 4.242831707 1.098959923 43.958408356 5.506250381 5.506262302
12.449954987 12.449924469 0.016619617 1.386590123 1.120612144 44.824451447 0.024848066 1.981507897 0.556192994 0.556222320 1.409060240 1.409030437 0.374996692 0.374972045 0.030598015 2.471635818 5.589168549 5.589197636 6.778319836 6.778311729 0.805033326 32.201324463 7.572494030 7.572458267 2.988545179 2.988535166 0.033044565 2.713320255 7.839983940 7.839979649 0.019546125 1.577434182 0.021672213 1.663040876 4.242822647 4.242831707 1.011237621 40.449489594 5.506250381 5.506262302
12.449954987 12.449924469 0.016619617 1.386590123 1.032878876 41.315162659 0.024848066 1.981507897 0.556192994 0.556222320 1.409060240 1.409030437 0.374996692 0.374972045 0.030598015 2.471635818 5.589168549 5.589197636 6.778319836 6.778311729 0.717288494 28.691551208 7.572494030 7.572458267 2.988545179 2.988535166 0.033044565 2.713320255 7.839983940 7.839979649 0.019546125 1.577434182 0.021672213 1.663040876 4.242822647 4.242831707 0.923515439 36.940601349 5.506250381 5.506262302
12.449954987 12.449924469 0.016619617 1.386590123 0.945145607 37.805858612 0.024848066 1.981507897 0.556192994 0.556222320 1.409060240 1.409030437 0.374996692 0.374972045 0.030598015 2.471635818 5.589168549 5.589197636 6.778319836 6.778311729 0.629543602 25.181777954 7.572494030 7.572458267 2.988545179 2.988535166 0.033044565 2.713320255 7.839983940 7.839979649 0.019546125 1.577434182 0.021672213 1.663040876 4.242822647 4.242831707 0.835793138 33.431766510 5.506250381 5.506262302
12.449954987 12.449924469 0.016619617 1.386590123 0.857412338 34.296520233 0.024848066 1.981507897 0.556192994 0.556222320 1.409060240 1.409030437 0.374996692 0.374972045 0.030598015 2.471635818 5.589168549 5.589197636 6.778319836 6.778311729 0.541798711 21.671968460 7.572494030 7.572458267 2.988545179 2.988535166 0.033044565 2.713320255 7.839983940 7.839979649 0.019546125 1.577434182 0.021672213 1.663040876 4.242822647 4.242831707 0.748070896 29.922845840 5.506250381 5.506262302
12.449954987 12.449924469 0.016619617 1.386590123 0.769679070 30.787218094 0.024848066 1.981507897 0.556192994 0.556222320 1.409060240 1.409030437 0.374996692 0.374972045 0.030598015 2.471635818 5.589168549 5.589197636 6.778319836 6.778311729 0.454053879 18.162195206 7.572494030 7.572458267 2.988545179 2.988535166 0.033044565 2.713320255 7.839983940 7.839979649 0.019546125 1.577434182 0.021672213 1.663040876 4.242822647 4.242831707 0.660348654 26.413961411 5.506250381 5.506262302
12.449954987 12.449924469 0.016619617 1.386590123 0.681945860 27.277845383 0.024848066 1.981507897 0.556192994 0.556222320 1.409060240 1.409030437 0.374996692 0.374972045 0.030598015 2.471635818 5.589168549 5.589197636 6.778319836 6.778311729 0.366308987 14.652386665 7.572494030 7.572458267 2.988545179 2.988535166 0.033044565 2.713320255 7.839983940 7.839979649 0.019546125 1.577434182 0.021672213 1.663040876 4.242822647 4.242831707 0.572626352 22.905054092 5.506250381 5.506262302
12.449954987 12.449924469 0.016619617 1.386590123 0.594212592 23.768493652 0.024848066 1.981507897 0.556192994 0.556222320 1.409060240 1.409030437 0.374996692 0.374972045 0.030598015 2.471635818 5.589168549 5.589197636 6.778319836 6.778311729 0.278564125 11.142564774 7.572494030 7.572458267 2.988545179 2.988535166 0.033044565 2.713320255 7.839983940 7.839979649 0.019546125 1.577434182 0.021672213 1.663040876 4.242822647 4.242831707 0.484904110 19.396118164 5.506250381 5.506262302
12.449954987 12.449924469 0.016619617 1.386590123 0.506479323 20.259187698 0.024848066 1.981507897 0.556192994 0.556222320 1.409060240 1.409030437 0.374996692 0.374972045 0.030598015 2.471635818 5.589168549 5.589197636 6.778319836 6.778311729 0.190819249 7.632791519 7.572494030 7.572458267 2.988545179 2.988535166 0.033044565 2.713320255 7.839983940 7.839979649 0.019546125 1.577434182 0.021672213 1.663040876 4.242822647 4.242831707 0.397181839 15.887282372 5.506250381 5.506262302
12.449954987 12.449924469 0.016619617 1.386590123 0.418746114 16.749814987 0.024848066 1.981507897 0.556192994 0.556222320 1.409060240 1.409030437 0.374996692 0.374972045 0.030598015 2.471635818 5.589168549 5.589197636 6.778319836 6.778311729 0.103262268 4.125407696 7.572494030 7.572458267 2.988545179 2.988535166 0.033044565 2.713320255 7.839983940 7.839979649 0.019546125 1.577434182 0.021672213 1.663040876 4.242822647 4.242831707 0.309459597 12.378361702 5.506250381 5.506262302
12.449954987 12.449924469 0.016619617 1.386590123 0.331012845 13.240511894 0.024848066 1.981507897 0.556192994 0.556222320 1.409060240 1.409030437 0.374996692 0.374972045 0.030598015 2.471635818 5.589168549 5.589197636 6.778319836 6.778311729 0.058811240 0.620544493 7.572494030 7.572458267 2.988545179 2.988535166 0.033044565 2.713320255 7.839983940 7.839979649 0.019546125 1.577434182 0.021672213 1.663040876 4.242822647 4.242831707 0.221737340 8.869476318 5.506250381 5.506262302
12.449954987 12.449924469 0.016619617 1.386590123 0.243279606 9.731209755 0.024848066 1.981507897 0.556192994 0.556222320 1.409060240 1.409030437 0.374996692 0.374972045 0.030598015 2.471635818 5.589168549 5.589197636 6.778319836 6.778311729 0.008852837 0.895156264 7.572494030 7.572458267 2.988545179 2.988535166 0.033044565 2.713320255 7.839983940 7.839979649 0.019546125 1.577434182 0.021672213 1.663040876 4.242822647 4.242831707 0.134015068 5.360640049 5.506250381 5.506262302
12.449954987 12.449924469 0.016619617 1.386590123 0.155546352 6.221871376 0.024848066 1.981507897 0.556192994 0.556222320 1.409060240 1.409030437 0.374996692 0.374972045 0.030598015 2.471635818 5.589168549 5.589197636 6.778319836 6.778311729 0.895163476 2.408819675 7.572494030 7.572458267 2.988545179 2.988535166 0.033044565 2.713320255 7.839983940 7.839979649 0.019546125 1.577434182 0.021672213 1.663040876 4.242822647 4.242831707 0.076386012 1.851718664 5.506250381 5.506262302
12.449954987 12.449924469 0.016619617 1.386590123 0.088647328 2.712532759 0.024848066 1.981507897 0.556192994 0.556222320 1.409060240 1.409030437 0.374996692 0.374972045 0.030598015 2.471635818 5.589168549 5.589197636 6.778319836 6.778311729 2.408806086 3.922771454 7.572494030 7.572458267 2.988545179 2.988535166 0.033044565 2.713320255 7.839983940 7.839979649 0.019546125 1.577434182 0.021672213 1.663040876 4.242822647 4.242831707 0.026386015 0.353456974 5.506250381 5.506262302
