episode,step,time,case,defender_id,target_id,defender_pos_x,defender_pos_y,defender_pos_z,defender_vx,defender_vy,defender_vz,defender_speed,defender_pitch,defender_yaw,load_y,load_z,load_norm,dist_to_target,tgo
1,535,26.75,case1,4,24,872.0007704698121,155.3328631747719,51.03577586444526,35.29122203379418,4.7113720942681425,1.8118391431295924,35.65038766591164,0.050844328547889034,0.13271511582614773,0.01197292196340276,-0.23706099127988278,0.2875044476099806,2.767568797023759,0.19014227078071624
1,535,26.75,case1,12,24,873.0234632071531,155.58180626262958,50.29756658403595,35.41656866452682,3.3443263226263134,1.3424204851510877,35.59943745735749,0.03771797904877967,0.09414912764534512,0.012911120430911426,-0.23667424822728897,0.32056743073193184,1.660503817984919,0.16086216485798097
1,567,28.35,case1,1,21,-774.4616159074708,351.2325721650124,47.14867015410809,-37.14867293823697,8.807926379345245,2.8426205858995703,38.284252114563316,0.07431878335275849,2.9087921402033223,0.021056702605549326,0.12551586412203108,0.27413611418875217,1.9225037410590875,0.15217900660514913
1,567,28.35,case1,9,21,-776.1901419388142,352.45367398296696,48.47341122798348,-36.395823219059714,9.755853464847368,1.0111572891202805,37.69423117247468,0.026828471292229896,2.8797004169043423,0.011577868748456028,0.36334196845776057,0.4213318930470151,0.7418441556408694,0.09612729552712547
1,567,28.35,case1,17,21,-776.9858830978179,351.6109072971117,47.977561895021694,-35.99161917473019,11.837957552244598,0.33909555850948203,37.8899574508253,0.008949603220259198,2.8238295189504568,0.01798583464226896,-0.5607064349378325,0.6126005921803601,1.1568975509024615,0.08569963284231101
1,570,28.5,case1,7,27,-663.0432413478699,-612.3531097925578,52.20932484764993,-27.114169075342193,-23.552693600158058,1.0261665006620213,35.92993957907876,0.028564090804391908,-2.4263710692340665,0.011951952139605619,-0.23850562638598008,0.26095855498890486,0.7877054824520592,0.1067834181496817
1,570,28.5,case1,15,27,-663.9029609604079,-612.0877977532972,51.66904649806085,-28.953934310739754,-21.576184563726336,0.5924348871659625,36.11388973087981,0.01640536277503139,-2.5011770087935274,0.01740657719019547,0.07321733463644736,0.473115958191585,1.8059736569245524,0.10204629272418832
1,584,29.2,case1,14,26,-519.9936233389905,-622.7270966560841,47.610902719736615,-24.040207201999483,-24.109819096981305,0.9734885863025519,34.06115998071547,0.028584498241384895,-2.354748762083075,0.014036983336779121,0.7080747603507298,0.7725698874639285,1.655322956560678,0.15801447479691227
1,585,29.25,case1,6,26,-519.6214964306452,-620.870897798029,47.57943307498868,-24.991786832734,-24.470324785703273,2.315109005526324,35.05347249443469,0.06609317760280213,-2.3667367560096486,0.030318962732159935,0.5332831343692672,0.5541081977916272,1.3887309479722982,0.14313803645730236
1,603,30.15,case1,11,23,375.48621311553444,945.4081260763285,54.30197327290978,18.43781385196502,34.07598750947875,1.5973742486487155,38.777280833963985,0.041205219297701316,1.0748277560878756,0.007637134646538624,-0.047173695268705074,0.26906525618342164,1.6589955288787837,0.14468255685735104
1,603,30.15,case1,19,23,375.1870747352463,946.1982101018817,54.700468963352435,17.216176128295572,34.95679441329537,0.7842325753887258,38.97421220327864,0.020123190740121658,1.113167738087456,0.011422557054130021,0.2741991155383331,0.5024767094478683,1.2900567040243611,0.12978859253712077
1,604,30.2,case1,3,23,376.26634793622,944.0015343289361,54.137204944706355,20.764070755239082,33.718105961224815,2.446401051017609,39.67420045877899,0.06170140746053325,1.0188301973359135,0.017397316991290684,-0.3588475394181093,0.3854103167767304,1.2303827118057835,0.11830082626483829
1,626,31.3,case1,0,20,-807.757914269763,-567.2772841203004,54.22402132289695,-34.449024076754384,-13.886527723593835,1.6953837203638265,37.18124847309755,0.045613631501491295,-2.758413573412729,0.0046243138958466466,0.4672507697091569,0.484533542727325,1.1851769448641762,0.12616308902496345
1,626,31.3,case1,8,20,-806.4890160474082,-567.6093727391087,54.71244016850405,-34.94399792270068,-14.939414876158557,2.6766475134088727,38.09768430724806,0.07031541437504744,-2.737585685408735,0.016064685603169426,0.3998293758769581,0.5424787832614852,1.9323357039485551,0.14803741020871422
1,627,31.35,case1,16,20,-807.2353196188545,-566.2585835999996,54.121570582851454,-36.110286729456305,-13.64369278591823,2.861856985620928,38.7077948987825,0.07400242653287908,-2.78033972975845,0.023705445939705812,0.26611094069339025,0.3518957772063513,1.2292219823074784,0.10136030190196645
1,661,33.05,case1,10,22,734.0377388613206,-883.8801480554934,63.512572676752306,22.333081457019727,-28.6852625439364,3.061810469944884,36.48267394167131,0.08402388986112923,-0.9092684877222806,0.007197469963073537,0.4536503140798131,0.60957260337134,1.9423864206331112,0.14120544012777497
1,661,33.05,case1,18,22,734.9301452570226,-883.5505712631611,63.76447466979816,23.86401151601808,-27.86783734037452,1.850476366947291,36.735972376552745,0.05039365231534717,-0.8626399415027275,0.011224414933951491,-0.10513217288949306,0.19530370463227237,1.502187105312278,0.13032991526330032
1,662,33.1,case1,2,22,735.0075859205408,-883.5108436454482,63.8272542251401,22.441785422093172,-29.345800634491933,-0.3205248022142893,36.944722004089506,-0.00867590296840781,-0.9179307942082476,0.013001613099088673,-0.029708770185907285,0.17098223077084923,0.5443893542820701,0.08862676691450647
1,663,33.15,case1,5,25,815.4140039105083,-208.814437658783,45.38208966608957,30.162403186151177,-15.016951734106456,4.118527972118108,33.944685563509715,0.12163024395291007,-0.461942052924477,0.01798876697731984,-0.571303807132803,0.615335824996723,1.9229571992431393,0.1095537480161213
1,663,33.15,case1,13,25,815.5389455734743,-210.7296916968913,43.49567071717614,30.227159512621864,-15.312025370219066,2.7533939741660665,33.99588903848071,0.08108077806058137,-0.4688859189754919,0.01699090170883237,0.1389632337740448,0.24180681149585626,1.969251869294128,0.08965356519633828
2,535,26.75,case1,4,24,872.3015560571985,155.1982467813112,50.56949744781368,34.87016505578078,6.8868803758197075,2.5216620112519297,35.63307889626206,0.07082664780594156,0.1949911907623698,0.010786096690998078,0.5173551197023458,0.7182544875008042,2.4206336454474933,0.18205319401765094
2,535,26.75,case1,12,24,873.2846013083795,154.20204685194236,50.73591940404946,35.43165159677837,1.2277411882130007,3.5040676674270355,35.62566172744907,0.09851725218674862,0.03463711421236906,0.013939530508292127,0.2502498343977754,0.2593021961291028,2.0135476802342884,0.16117549724198968
2,567,28.35,case1,1,21,-774.5304539805993,351.0358391680496,48.584120466353234,-37.40554830829538,8.166273406245178,0.1651240528376681,38.28694727374582,0.0043128161551578646,2.926648056516755,0.02279103580971055,0.6943839591078678,0.9546321796216436,1.584024533364594,0.14776701889244442
2,567,28.35,case1,9,21,-776.5361392490134,351.88939392568517,48.19526250075708,-36.17836766299246,10.463667737886183,1.2178431531211569,37.68084090400774,0.03232558631863919,2.8600507851314103,0.0098513508758643,0.13099526683987875,0.4477819605944006,0.6603370886736817,0.09219832207506667
2,567,28.35,case1,17,21,-777.3713679115751,350.77816138283134,47.08717592180324,-36.99043347547,8.1683835989115,1.0695085859164566,37.89668201752611,0.028225442195318685,2.9242563158602097,0.017829857945148013,-0.20279876876956365,0.24295469506799297,2.169389575480509,0.0957882167223032
2,570,28.5,case1,7,27,-663.1166022395338,-612.4620308675288,52.08553178829333,-27.24043935802815,-23.38160587753076,-1.440605071476429,35.92793304383866,-0.04010782856724324,-2.432275675096454,0.012487620433785408,0.5345018823729408,0.5457045088114683,0.8455292240958038,0.10309654275637796
2,570,28.5,case1,15,27,-662.7311787529238,-613.7068290796419,52.00091379783864,-26.000745653380147,-24.87184306178751,3.1573426114413494,36.119470707472686,0.0875255758654647,-2.378381632082901,0.01567157158396592,0.4543833553172877,0.6521443337324381,1.0690209638025796,0.08878332330804511
2,584,29.2,case1,14,26,-520.2427073407241,-622.5408670760897,48.975910091535766,-24.420709984678698,-23.66226722125464,1.7330582483376762,34.04816378452705,0.050922201748318144,-2.3719668053624496,0.01398737880166886,0.5498093350324333,0.5703929703174483,1.7352288317177602,0.15662493681815529
2,585,29.25,case1,6,26,-519.2150025562061,-621.230140967081,49.16374172651879,-25.988484870706003,-23.12093996636026,4.411109968375497,35.06332987547035,0.12613830943362178,-2.4145191926146,0.029615248726671654,0.24369743259302296,0.27114664194507454,1.5959691796282316,0.14199798468771055
2,603,30.15,case1,11,23,376.4468866142916,944.9669311712194,55.43097079764167,18.853502434915427,33.66311683785095,3.702058262023646,38.760356353851854,0.0956572765757604,1.0602592271050562,0.008174403883446896,0.3956952884135862,0.395821358376239,2.174734013653441,0.14766501207670701
2,603,30.15,case1,19,23,375.0693933416474,946.3677260748586,54.942554875789554,17.453891138445627,34.77336224811046,2.2033053238305578,38.970239828118125,0.05656831621177682,1.1056036721545945,0.00908264059025745,0.3432600431008972,0.35047945900045974,1.386290294000451,0.12790296927418818
2,604,30.2,case1,3,23,375.6055075203269,944.3843839993893,54.916417421927335,19.580860839538687,34.341409403888086,3.347537702694713,39.673020048060316,0.08447863842387442,1.0525902788772297,0.018685816661216312,0.32771671871784747,0.45688595864506243,0.8566266298665256,0.1140691031771393
2,626,31.3,case1,0,20,-807.6678319280398,-566.9581545101864,54.049556633025624,-35.36652390297549,-11.452858798626881,1.0594285545360722,37.189802049798374,0.028490925967308005,-2.8284163396575535,0.004342612516619384,-0.46633704759990563,0.7924020724445342,1.5148989181938164,0.13243076652360308
2,626,31.3,case1,8,20,-806.4759047586541,-567.3154153251492,53.826430927625445,-35.248417023961444,-14.34948475282543,1.7798826815508764,38.0989054662565,0.04673443328638641,-2.7549841599629787,0.01836528798439384,-0.02694069640269492,0.035802765331459964,2.020025254353851,0.1523252136589612
2,627,31.35,case1,16,20,-806.4863169015604,-567.5121763406537,53.777090956821795,-35.6905621592845,-14.56004316472433,3.651535299753057,38.71879122919166,0.09444948782164063,-2.754249789554789,0.023584584733457512,-0.11427221281544436,0.2390055271842001,0.3443159400235804,0.09945816292272107
2,661,33.05,case1,10,22,734.5597662494226,-883.4354678753176,63.99478935811889,21.660858736483696,-29.320925898564685,1.194563689941163,36.47377796664817,0.03275715918034195,-0.9345336370273696,0.006456368475123288,-0.1232904720591439,0.14295070291552195,1.7335519111908726,0.1388298341447707
2,661,33.05,case1,13,25,816.6723329988463,-209.02130548189507,44.06580013859227,30.306947688068824,-14.638454818308638,2.645648450195161,33.76084852839193,0.07844482255643612,-0.44996067791808925,0.01279628036039491,-0.07026646889632104,0.1910160577478281,2.667716878380306,0.19311871310971057
2,661,33.05,case1,18,22,735.198389159452,-883.355801535479,63.28527991185895,23.028070161072222,-28.543235875217235,2.284715958622243,36.745452189123164,0.062216968150846645,-0.8919357738916293,0.010654471884691562,0.270767462537312,0.29918396348760634,1.7913320003410325,0.13330693970758217
2,662,33.1,case1,2,22,734.7772137368473,-883.6807118451593,63.86288821686513,22.291422150958514,-29.3838641692538,2.1802414242625763,36.94688657650969,0.05904445413576766,-0.9217961268650349,0.01158689900269157,-0.19274932261860112,0.24700225664785244,0.3457855146302422,0.08851955933704836
2,662,33.1,case1,5,25,816.4723218671487,-209.40621244215194,44.33129867643793,31.478251894893283,-13.029915608958532,2.4046114992841816,34.15320189378184,0.0704649185826065,-0.39246035233326715,0.018521067788621583,0.3929603275101704,0.42925693032932744,0.8685870726423554,0.13009094880367555
3,535,26.75,case1,12,24,873.0988285533824,154.556621415765,50.85038257556826,35.14309905388855,4.21270921475197,3.933568137426451,35.61260013438018,0.11068022903104288,0.11930374105548107,0.011535553284480676,0.312667996645572,0.3204754701660284,1.9546436255415052,0.16407493919705007
3,536,26.8,case1,4,24,873.8837957004024,154.5490430744704,51.53684972496981,35.14749148840532,4.3956671588743434,4.016897501933694,35.64833114242758,0.11292104778335915,0.12441748511887109,0.010639243655122208,0.6670412059944737,0.6727582274873218,2.042712603196402,0.08437734294696193
3,567,28.35,case1,1,21,-774.157665041616,351.88513706154527,47.235373595327495,-36.566635470249054,11.159980687660381,2.4688964123169757,38.311348815433014,0.06448763967658346,2.845375985018321,0.020680872370338287,0.22416142771714442,0.23932488793961404,2.038407137677649,0.1541550283131569
3,567,28.35,case1,9,21,-776.4931115047009,351.75564797267,47.900951137361886,-36.36972099016337,9.548572937908594,2.1705639050119494,37.66488016333825,0.057660268937821474,2.884845194405318,0.009474431966407027,0.17456389670317002,0.38508890067640367,0.7251040393219484,0.0956217579649775
3,567,28.35,case1,17,21,-776.8737799289152,352.0975452923848,47.357947484191776,-36.06232006907479,11.66273632581424,-0.019671947815171804,37.90132892598084,-0.0005190305790289491,2.8288040103744017,0.01630781616902887,0.09462467955611964,0.16792347834105054,1.396452054443306,0.08622769460821696
3,570,28.5,case1,7,27,-663.072228972832,-612.6045157027937,52.05395604932095,-27.074050686269576,-23.376950241628926,3.3700600999294568,35.928308173909684,0.09393767128404883,-2.429344748408958,0.011611047321298909,0.3961780847184915,0.4780349294488857,0.7821991589304411,0.10198612262677238
3,570,28.5,case1,15,27,-664.05543777772,-612.0986640830916,51.87863053088169,-28.911865740068524,-21.650890121723037,0.5031198436823444,36.12354015336508,0.013928206068132226,-2.498822644532469,0.017114671080175232,0.35445412945334387,0.3564664446059471,1.8363958100433118,0.09860465828824934
3,584,29.2,case1,14,26,-519.877312364455,-622.9453782793183,49.26885962746405,-24.465509970721453,-23.351790354957878,3.8234728895024013,34.03654265412594,0.1125719595729036,-2.3794814236760735,0.014226125601245273,0.049824949878360086,0.1457018427415987,1.895202811898054,0.15623126518804947
3,585,29.25,case1,6,26,-518.4330826596259,-621.9956917606421,48.15250427560328,-24.344302818094533,-24.753723903989524,5.154692888752739,35.09932742363286,0.1473932628317122,-2.347855833351491,0.03006310646088041,-0.5318466391357347,0.5884514004274304,1.4116483251720973,0.14170946985214591
3,603,30.15,case1,11,23,376.50244365419405,944.9460411175417,53.73773859206601,19.01099454904966,33.761946294062795,1.738849277509215,38.78544221891857,0.044847556377362006,1.0579592346097626,0.006761922108513307,0.7962995407617351,0.8061453212830658,2.064395011604267,0.14843641443246794
3,603,30.15,case1,19,23,377.2041993976325,945.2202520671999,54.18757753750504,19.129260681415733,33.593561055088735,4.924001865892032,38.97052415550554,0.12669058987931578,1.0531563444450862,0.008098759389785905,0.26845128337364405,0.27230619163022374,1.929685979530009,0.13633666581063658
3,604,30.2,case1,3,23,375.2992245984608,944.7358026627526,53.435249138603176,18.538349000500343,35.03733623027732,1.358303090596687,39.66270667848804,0.034253051555400205,1.0841385348836359,0.016207217637663494,0.10258304789091949,0.12305950696817139,0.9388605647997176,0.11214567394557248
3,626,31.3,case1,0,20,-807.7606734241833,-567.2207379116411,54.11134930843393,-34.47532095079539,-13.856407719725688,1.1434266794734893,37.17331319813929,0.03076419517951149,-2.7594300350145105,0.004641152375588749,0.6760995043189366,0.7006807394654587,1.2342919432162698,0.12714617374248421
3,626,31.3,case1,8,20,-806.9013828817938,-566.4953534585769,54.735807243806406,-34.938320522846674,-15.219720062860027,0.1403535449079407,38.109655192176184,0.0036828950953930652,-2.730763941280225,0.020430333098943237,0.7801331090035137,0.9813691895206418,2.3517949926116675,0.15559598784447784
3,627,31.35,case1,16,20,-806.473422317655,-568.1143147807342,52.779873996640596,-35.14451542656773,-16.243927603271963,-0.7268381183122116,38.723771022446016,-0.018770919880274167,-2.708636541240306,0.021971195717811018,0.036997936973123396,0.054449657292432146,1.4942636217387029,0.09927770040971821
3,661,33.05,case1,10,22,734.2684651061983,-883.5934882450537,65.53499104197725,21.37395131720502,-29.297100906075826,3.8550930187962344,36.46954426085704,0.10590504801157882,-0.9405065945083518,0.007296144368308932,-0.3015894996836701,0.35753288921824106,2.205630163773067,0.14255362849873984
3,661,33.05,case1,18,22,734.8569163096747,-883.6061192444882,64.02447036621278,23.424631199176414,-28.296246772500957,0.9743848837554336,36.74697748290859,0.02651916343898857,-0.8793115929560187,0.011119939187598234,-0.026831510783938778,0.2581252743765354,1.4265064483410235,0.1294979208169065
3,662,33.1,case1,2,22,734.4556662979882,-883.9599357776167,63.48080951983639,22.03975392919694,-29.660114113333133,-0.14669063871861232,36.952599916906834,-0.003969707796525015,-0.9317405658345361,0.012791819133552837,0.3310102661142057,0.37020367326563447,0.7589105524910956,0.08970581864988955
3,662,33.1,case1,5,25,815.10070286211,-210.49529997111952,44.01086437195722,30.155997958229804,-15.256442585965718,3.08229118689912,33.93587736005163,0.09095226484697407,-0.4683702758638835,0.0156989285985111,0.32975415673217046,0.6869088030690277,2.2208587906074357,0.16388311900846797
3,662,33.1,case1,13,25,815.8672527511386,-210.63133126271373,43.99659134837271,30.11857585426001,-15.48866233849894,2.9615437304003134,33.99702948482298,0.08722239038855009,-0.47498736182345375,0.016693276014605647,0.025867198485557463,0.1038797491635639,1.6999631046481725,0.1408714986354487
4,535,26.75,case1,12,24,873.2596533705093,153.93626899522684,50.58205487024247,35.39522165140378,3.916082336344398,1.4586092402400308,35.64105718876399,0.04093640374071775,0.11019057566448291,0.01248887491324018,0.7294900866501242,0.8180930571318772,2.206235477967074,0.16571413835515084
4,536,26.8,case1,4,24,874.270074692348,153.671555666389,49.757011797648104,35.47462849854662,2.6600055745774447,1.9469933485452566,35.62745682568374,0.05467591390346177,0.0748432653068943,0.010552453622565997,0.5545051640411931,0.5623649757666941,2.4603241359638237,0.08712795116722416
4,567,28.35,case1,1,21,-774.520586559396,351.3806571121019,48.94997976442225,-37.32320145073206,8.275546041086658,2.070841032759265,38.28569460507451,0.054115568249164456,2.9233960693004577,0.019194292614080902,0.3824736376437284,0.5314391181524167,1.5715363069355441,0.14523051634170334
4,567,28.35,case1,9,21,-776.6904543994043,351.10581036717406,48.49231394476332,-35.947235284739946,11.35315672243708,1.430734354543507,37.72459268135233,0.03793487116016993,2.835678413475812,0.011714140220176637,0.28519730502971385,0.3177786309045937,1.0726686437491346,0.09872478099551917
4,567,28.35,case1,17,21,-777.3914813864724,351.1618671586155,47.94787657036623,-36.1041897739886,10.93170396586331,3.1273011910832147,37.85227448348653,0.0827128605635332,2.847585392461764,0.01448566036688941,-0.5641039484213424,0.7696554045049966,1.6670295168174687,0.08453345953601016
4,570,28.5,case1,7,27,-663.5252658829177,-611.756713407831,53.04364326287042,-26.460133214519605,-23.934270714591754,4.293334013873715,35.93634206933383,0.11975658076422868,-2.4062744658567703,0.012090284073845181,0.44066062806803136,0.4429331805109795,1.5543663829709882,0.1129049668715563
4,570,28.5,case1,15,27,-663.2238936720934,-612.9682858316216,52.803999067905316,-28.359795281622645,-22.28318011871156,1.7831134117180505,36.11090691269795,0.04939889296652977,-2.475612867987059,0.01494579175184758,0.05382976743411652,0.15075616942042885,0.7809533941485465,0.08886916660455657
4,584,29.2,case1,14,26,-520.9487626095238,-622.3116192543781,50.14730982031946,-25.813490828755146,-22.028880557065616,2.785370130091545,34.049466576222535,0.0818951467414526,-2.435135924583862,0.014596422112171206,0.31337140779584427,0.605337389339254,2.467702463396487,0.15592324021182846
4,585,29.25,case1,6,26,-519.1403984509194,-622.152523879933,48.479511042313135,-25.513021148096993,-23.85061705593603,3.1389232584545583,35.065923932995375,0.08963489576968363,-2.3898584607761197,0.02838596075161428,-0.3016071478361898,0.34846982081510874,0.823160351508764,0.12366481781224448
4,603,30.15,case1,11,23,375.42501515088964,945.4945302933295,55.58240792572899,21.21091656937538,32.328901198790234,2.891096452662265,38.77395096108649,0.07463211781577306,0.9901464596077457,0.007765329700037139,-0.3497473120593056,0.37915315229650837,1.9880318962222057,0.14470970287013202
4,603,30.15,case1,19,23,376.02371336508025,945.9146962063309,54.016483571977446,19.840736828245387,33.390870294504204,3.2991060989742675,38.98062541781988,0.08473587574095043,1.0346550653953768,0.009197437846766231,-0.42899630619224044,0.5020341902893382,1.0666994789676278,0.1273348351316815
4,604,30.2,case1,3,23,375.63412116618326,944.5771357815896,54.67587901743539,19.508134577782126,34.47489706779488,1.704804475453716,39.648356849173936,0.04301137212939384,1.055854407484516,0.017961951186942843,-0.24639249755764336,0.5614042635719303,0.5559444317733281,0.1092476539159816
4,626,31.3,case1,0,20,-808.2286289615586,-566.0732842303695,54.2374069508975,-34.99592552463394,-12.350608259201232,2.274598712431926,37.18099147414673,0.06121461039659657,-2.8023227774908404,0.004323606822090494,0.5357839985673013,0.7102113284276121,2.318679928082819,0.13903142687209225
4,626,31.3,case1,8,20,-806.4846425020118,-567.7606334384848,53.56811309662592,-34.21308802565427,-16.16110451094756,4.385588620798787,38.091338632500396,0.11538937870806652,-2.7002954987279013,0.014756502356751697,0.6100778381745371,0.7811128792300372,1.8758618330007106,0.1478040372918567
4,627,31.35,case1,16,20,-807.0398971298576,-566.4303448358451,54.20713716958463,-36.52558842011436,-12.40737735908721,3.3246215357304307,38.71840299808638,0.08597256985542998,-2.814132044820756,0.022325019111577186,0.48363457641797414,0.5619703782210169,0.996067441204369,0.10117416502508897
4,661,33.05,case1,5,25,817.3309802982036,-210.52876524568504,44.48746336813532,31.028881351645726,-13.637333786477983,0.9303168843566022,33.906250754744924,0.027441360606274473,-0.414091689745999,0.01494341600923756,0.6479518428357443,0.7995925102352957,2.032949904246101,0.16437954938497745
4,661,33.05,case1,10,22,734.7523678526934,-883.3602069034201,64.5881193301582,21.884629369164706,-29.062419774345628,2.561935829487569,36.47087551677906,0.07030397458145929,-0.92536420739842,0.007068095662128449,-0.02435020131063742,0.5093488351970067,1.7091963874621214,0.13689938852495828
4,661,33.05,case1,13,25,818.5290582065822,-209.44846022174707,44.498160906267344,31.296732814647008,-13.158748934244406,1.614962536942176,33.988913815854836,0.04753228729532409,-0.39801147454040886,0.015359644692602646,0.04427020878413957,0.4155580787648311,1.0918786616097556,0.13778467180721798
4,661,33.05,case1,18,22,733.9124656084862,-884.3755743200558,64.01896659806924,22.132310597149488,-29.325722170881978,1.041236601603728,36.75488167404397,0.02833299625811317,-0.9242899117774043,0.013072996006408074,0.22946914108817507,0.235711324909407,1.7318414897098668,0.13193028139034774
4,662,33.1,case1,2,22,734.6226726422541,-883.8640587970783,63.36890771629937,21.332834522317576,-30.120913564417066,1.819520839283333,36.95497150311789,0.04925607341127855,-0.9545615711781746,0.01284544665782412,0.04569213773633382,0.4849133174247402,0.8188731863544334,0.09001901245380162
5,535,26.75,case1,4,24,872.3588760290675,154.7676679504541,50.34378268929541,35.42357838105616,2.845089927576414,3.111433891601282,35.67359615845634,0.08733048246792509,0.08014424333207028,0.014933905692302773,-0.3872241005594701,0.4921199794545351,2.4718377804120184,0.18254184505444146
5,535,26.75,case1,12,24,873.542734305867,154.80081346964462,48.77177102607168,35.44483290783131,2.432857397058994,2.0056773409861646,35.5847961435028,0.05639320796610497,0.06853037348033239,0.013894541853489982,-0.30273035169039125,0.6803978644302087,2.1489314567774795,0.15890980522939996
5,567,28.35,case1,1,21,-775.0385761416385,350.4910610250462,47.9371961939177,-36.85301631908349,10.14994772312802,2.3207621021575524,38.295589659015256,0.06063844379054718,2.872838789143788,0.020288662853835567,-0.2236262625174221,0.29018034924547015,1.6015687485681678,0.14329056795532455
5,567,28.35,case1,9,21,-776.8869841443072,351.69991334476043,47.84149967868638,-35.865671207482855,10.853252726599145,3.9275005096465905,37.67711143604258,0.10443073246363864,2.8477445695535866,0.008072033764614218,-0.22951738167222968,0.30728403480191374,1.101771427738707,0.08803314415056096
5,567,28.35,case1,17,21,-777.4795852722358,351.29296058458664,47.28921304646565,-35.7721269241036,12.3912347158548,-1.7825031722828153,37.89940738345102,-0.04704983840245676,2.8081342961610885,0.018011964081963455,-0.18762257304805025,0.19044018148640635,1.9504905136717892,0.08435259781351033
5,570,28.5,case1,7,27,-662.3029333452558,-613.4265973259145,52.227643774724164,-27.725266675298208,-22.67321333599374,2.8643025259310897,35.93006045299592,0.07980351317938829,-2.456102915852357,0.011113384979246107,-0.2574226178939702,0.26420067770888056,0.7168393462956344,0.10216277864367879
5,570,28.5,case1,15,27,-663.1019217924038,-613.1096296069265,53.689853595073664,-28.227242900435023,-22.395244535506396,2.462152586206367,36.116290160024064,0.06822582651928423,-2.470894512996324,0.017676131030919445,-0.1444168200431623,0.2371142472803566,1.3240157406338608,0.09189438309010335
5,584,29.2,case1,14,26,-521.7429189482995,-621.5738536315714,47.880837545132856,-24.509472803791088,-23.566987726155823,1.8947101908103923,34.05447245681123,0.05566637640696626,-2.3757958576590585,0.013768503297837383,0.7172209466392376,0.7315767085856995,2.2567413020379052,0.15693744762411188
5,585,29.25,case1,6,26,-520.374134525432,-620.6279308693556,49.17329760321972,-26.46278074132075,-22.876415750032844,2.35740544824209,35.05947122503374,0.06729095990923198,-2.428754826842574,0.02567855500331357,0.5191092228738118,0.5803274286859782,1.995813059310701,0.13833694869234536
5,603,30.15,case1,11,23,375.63649127500713,945.4471515529165,54.43176111086172,18.023607727843935,34.32731743073932,1.3960451720550642,38.79644442007996,0.03599161324597836,1.087308994368123,0.009260891428375958,0.3096139139579104,0.5461653846069888,1.5559653435063445,0.14202399473887117
5,603,30.15,case1,19,23,375.2700348252681,946.3160434865016,54.258633098032035,18.248567911761555,34.31498522052578,2.7528703427331083,38.96288922345179,0.07071256566929032,1.0820367404436109,0.010318957059295445,0.30223370613071376,0.30252211950428787,1.1366444220255323,0.12649560111621463
5,604,30.2,case1,3,23,374.37141385269894,945.2178906591662,54.57395573840726,19.612239162819495,34.37079442538485,2.5069806878267493,39.651940514694026,0.06326686370304084,1.0522692595015752,0.017765957199721464,-0.718214261118952,0.7411880644727911,1.2257260612997944,0.11159063981773759
5,626,31.3,case1,0,20,-807.5255224894554,-568.2632398797755,53.17254430708169,-34.17735452243157,-14.611385809303002,1.0593577160969279,37.1847602680309,0.028492884208063788,-2.7375923704949243,0.0047145983874917466,0.03244767744467228,0.050162830109105466,1.1576258458055824,0.1212151600790969
5,626,31.3,case1,8,20,-806.8151181389564,-566.8279794238764,54.77655569152162,-35.33253257104139,-13.51791809301461,4.529333448440705,38.10035208420411,0.11916084452617612,-2.7761832999398037,0.018172975502642495,0.23448698719239713,0.37058323825264156,2.1581068938089523,0.15087616486858685
5,627,31.35,case1,16,20,-807.2814437813145,-566.0243936620841,54.83829436105273,-36.421409131360214,-12.938129572734125,2.148080031423353,38.710831659578,0.05551892995398655,-2.800262494946469,0.024237194869520695,0.1310781633954967,0.3015301819561183,1.6622937378357974,0.10563099087163384
5,661,33.05,case1,10,22,734.820699062525,-883.283574666263,63.53717826912699,22.57022490281729,-28.498870949127497,2.8461920096930933,36.465072418614746,0.07813202336623006,-0.9009715001891242,0.007363862037906076,0.026631606691429388,0.7199618153877541,1.8517716711923349,0.13980466690803586
5,661,33.05,case1,18,22,735.4555835097215,-883.1449687290157,63.877982722467266,22.231369037160263,-29.08495327403687,3.1467350402132586,36.743301670272125,0.08574608736339387,-0.9181681123008162,0.013221329932091984,-0.4786066569889915,0.503862688770035,1.7200747707126285,0.1322678875784371
5,662,33.1,case1,2,22,734.1211828945173,-884.0746279419042,64.4978047883867,20.79599610398958,-30.35385508337154,3.493294392569574,36.959884714276754,0.09465712662025032,-0.9701277358261587,0.012831428759805311,-0.5288413496731333,0.5443251947251372,0.7205975951088656,0.09108399968862313
5,662,33.1,case1,5,25,815.1895875072129,-208.3360400956643,42.71063523792235,30.318730744371614,-14.894929691875678,2.5416166730339445,33.87542147026762,0.07509891213755608,-0.45664580871817845,0.014295232155959407,-0.18917198192637374,0.22028166925505613,2.320873819031546,0.1796401486613688
5,662,33.1,case1,13,25,814.9975338828986,-209.8782431181088,43.06417235786141,31.53575183352351,-12.823780237861289,0.026001495173885163,34.04340845703165,0.0007637748063536974,-0.3862196109143853,0.018978761139572385,0.3671862944278497,0.6742107882241357,2.146916898378658,0.17088320083175512
6,535,26.75,case1,4,24,872.1321313880384,154.367975263584,50.08299190953779,35.40503940577479,4.088671197880694,1.7290223123243615,35.68225841570794,0.04847506090325147,0.11497344634112748,0.01340411005056414,0.6844987494942624,0.7276471592713097,2.854820964346838,0.1921156069198598
6,535,26.75,case1,12,24,873.2350894090599,154.12799743292706,50.475598128680055,35.23224185426758,2.772302158414512,4.152987129318919,35.5843199658423,0.11697492755176557,0.07852471325572273,0.011820048192146833,0.39164068102052896,0.5338418403808539,2.074668356641569,0.16400716114390718
6,567,28.35,case1,1,21,-774.3730394028499,351.471858842365,47.82686725518343,-36.433091499795474,11.670002152347088,1.7932170326387262,38.29849518968599,0.04683925271975407,2.8316055769921955,0.021121557583871173,-0.39122391309045773,0.5781487963637167,1.6242153009169478,0.1490821563471856
6,567,28.35,case1,9,21,-776.4726618149308,351.6943528515776,48.60539186169561,-35.69497105809902,11.719191161014223,3.069394661804744,37.694715596444496,0.08151797133935722,2.824365460678542,0.009479325957346792,-0.2452422099033714,0.31428526562533476,0.6627467705348226,0.09563801949820423
6,567,28.35,case1,17,21,-777.2491556300935,351.06944502279015,48.009633773430515,-36.09679726080953,11.48975410116177,0.34266806147521167,37.88285421128541,0.009045589136762799,2.8334289486254285,0.016466083108362704,-0.5792020795824758,0.7859027459472502,1.5677773523584058,0.08843757830345852
6,570,28.5,case1,7,27,-662.9452089325938,-612.7812591422102,52.73534577313801,-28.04060229040173,-22.297845179707693,2.7218997998170504,35.92879089236013,0.07583083409298182,-2.469786313752273,0.012420786378429506,-0.2649068817063161,0.49774928922806005,0.4826346476578942,0.09815633771911843
6,570,28.5,case1,15,27,-663.1703809828481,-613.2838579344115,52.193375784374574,-26.037536736764814,-24.9635893296212,1.932762116236374,36.122979956453115,0.05353061931736749,-2.3772487060264376,0.01614816042810423,0.6738688015215796,0.6743721979976239,0.8883839616770498,0.08546902876195092
6,584,29.2,case1,14,26,-520.6803677402427,-621.7364488808413,46.20487647185421,-24.83181985520697,-23.194213767116615,2.09203389553045,34.04361078699205,0.0614903290241337,-2.3902795838121325,0.014424736292653574,0.7130222660971269,0.8898325129780754,2.840528622868172,0.17825576646204036
6,585,29.25,case1,6,26,-518.8757689921987,-621.1201494998497,47.94573124573174,-25.47772565393125,-24.076503292806336,1.3884167038076052,35.08162220093183,0.03958709213134992,-2.3844635020362768,0.029388346461415665,0.5843461552293105,0.6802437985110265,1.4191988803488134,0.14967476663801513
6,603,30.15,case1,11,23,375.8926484217879,945.4327758520174,55.28829487340291,17.29014297521529,34.4146456578551,4.325244700811871,38.755962400397344,0.11183502176418875,1.1052253413845268,0.005131860494295867,0.4625060475598924,0.7576601180407475,1.7258914134368486,0.14041307396115602
6,603,30.15,case1,19,23,376.73864785582623,945.5352377672891,55.152529648971644,18.302084869476523,34.37136395903218,1.969196915260631,38.990187322771995,0.05052643157870132,1.0815031200383782,0.012645801853722254,0.6149304384107868,0.6256667063669065,1.610504285795628,0.1311115443387004
6,604,30.2,case1,3,23,376.4814253814188,944.0672639439214,52.98931769078247,19.53835520506001,34.50268669548761,1.6518231215037986,39.68515129051177,0.04163523135152772,1.055536237000058,0.01926130598911877,0.08479272920554742,0.6779910042046435,1.8583344139119062,0.12194139786486895
6,626,31.3,case1,0,20,-807.6822268751378,-567.5849158569374,54.03064818550776,-34.58870081857561,-13.338826300662475,2.9287999615841858,37.187099653121024,0.07884014387496178,-2.773525549399606,0.004151084900004247,-0.07727315061169579,0.09654272025361343,0.9403383047821335,0.12296855253405226
6,626,31.3,case1,8,20,-806.6275186630185,-567.2810194575677,54.191062125085246,-34.99913464909751,-14.803138364067765,2.8406480943454144,38.106975912650185,0.07461325524808862,-2.7414534902673124,0.020084029242949088,0.174323070318714,0.34367463097818857,1.8914008282187917,0.14886209674891143
6,627,31.35,case1,16,20,-806.7285779660833,-567.8049669335902,53.3637113691447,-35.86902671069253,-14.433298043705056,1.1565362440257967,38.681322956622616,0.029903543629674408,-2.759028581681864,0.022799791996478826,-0.5430406955671433,0.5756455316190373,0.8446282105920712,0.09246466121748415
6,661,33.05,case1,10,22,734.9938987192533,-883.1046128849524,64.3580195279368,22.293477575134343,-28.840713890710248,1.1037180131617021,36.4692214555151,0.030268991962177326,-0.9127455381191726,0.0071420033153312855,-0.021369403845568985,0.6085111498283634,1.8144229698096794,0.13912133458752965
6,661,33.05,case1,18,22,733.4175825243339,-884.5874660747122,65.0602590621971,22.081480516567193,-29.21750810735872,3.0336732160088484,36.74857459805263,0.08264618513123716,-0.9236177658922435,0.011278419048122542,0.12322909455207026,0.20541879550369554,2.3136722918605765,0.1396667514881187
6,662,33.1,case1,2,22,734.8251829411888,-883.6608553973346,63.76389378868717,22.181449790386054,-29.497493143583338,1.7429950616591687,36.94802901839463,0.04719175110590512,-0.9260308482951876,0.012081820800869902,-0.1775744741863647,0.21014345360687736,0.4548717639048954,0.08857793751910233
6,662,33.1,case1,5,25,814.8086913441977,-209.63416326170662,42.20652860490954,31.165698080680947,-13.538942978323957,0.18884235231118424,33.97998492142829,0.005557486998248647,-0.40982073159022453,0.015579360201324957,0.7898328784149965,0.811035216392434,2.6429096229746527,0.18206916253643898
6,662,33.1,case1,13,25,815.6065121454284,-210.03353486007884,42.09269469076189,31.189743303263615,-13.34975571985848,1.0915609822228165,33.94418316120279,0.032163071839519344,-0.40442371195253074,0.015440046675503052,0.08404456184863512,0.7080171025827094,2.1853741808256215,0.15966512625738608
7,535,26.75,case1,4,24,872.4204896529496,155.69053667599795,50.00972756033864,35.287774921822376,4.757962314210826,1.375872228867625,35.63366790981271,0.038621180752698464,0.13402487368511634,0.01081076791505601,0.42947029735697223,0.6758636486724979,2.295033031566014,0.17781674357545094
7,535,26.75,case1,12,24,873.4391253182883,154.8377273825205,50.53649368636807,34.94376069283142,6.023406478684603,3.3200667252826452,35.614192115302274,0.09335869498772278,0.17069686349674035,0.01098338404161138,0.07565548588259555,0.2605304535716963,1.4703752848960088,0.1531605513425431
7,567,28.35,case1,1,21,-774.6778282564967,350.1932818312629,48.27660267531901,-36.83136847174563,9.938820745003436,3.257113614762121,38.287578278108384,0.08517266317053855,2.8780237715193238,0.020350577925546395,-0.35587892349795636,0.6906137169959403,2.01070209266885,0.1545580567079108
7,567,28.35,case1,9,21,-776.2535723535035,352.0390299806144,48.30086506984107,-35.97133791359269,11.227884869136416,1.0731754640920856,37.69819963214666,0.02847139858022659,2.839041073235711,0.010746025568123447,-0.09039617135546613,0.23700882270696294,0.4360147727998498,0.09760184823839593
7,567,28.35,case1,17,21,-777.2763892349543,350.6249672012403,47.18338220192725,-36.37001630864896,10.438128749953261,1.780730319322988,37.88012168093112,0.04702695681712781,2.862106394285734,0.015939101739457638,-0.3416834665011629,0.4794577646633147,2.131836554825742,0.1010198621237875
7,570,28.5,case1,7,27,-661.6167923104434,-613.9352323873915,53.90558674440008,-25.2017898917634,-25.44576296699865,2.8064194677522027,35.9234332567232,0.07820193445380329,-2.3513774521633994,0.013656960819585194,0.10032705889308269,0.6898661101056357,1.9708282957513672,0.11427964179511113
7,570,28.5,case1,15,27,-663.379856011954,-612.6594010635262,52.874115384481875,-28.35894573112261,-21.76410935900669,5.162705594698458,36.11869028950372,0.1434284879578767,-2.4870159546953707,0.01627048972948993,0.08543670145001211,0.20592008179398966,0.9496269863499605,0.091993370098525
7,584,29.2,case1,14,26,-521.1833062633673,-621.5832325576661,48.08274750621073,-24.411212352052985,-23.65486914156296,2.0646331798188102,34.054703533707354,0.06066416283567404,-2.3719286788620706,0.014489196372434307,0.42827375103514026,0.6130163688125325,2.161197944481462,0.16326665796099166
7,585,29.25,case1,6,26,-518.5361779595731,-622.1964632155364,47.74276224659366,-24.91006903955438,-24.613653482737313,1.5602515318568413,35.05392791352053,0.044524744154559634,-2.3621797433637273,0.029437510636754413,-0.4228209502345381,0.4248241690503896,1.323783562779779,0.13717972537771578
7,603,30.15,case1,11,23,376.03203393115587,945.1430891294465,54.641994725266095,18.553592435615947,33.98131898949666,2.2227382276420724,38.780232048835046,0.057347698022939105,1.0710340285994562,0.007596718809227985,0.13285329955932323,0.177382383114507,1.7637057933476303,0.14544455553466037
7,603,30.15,case1,19,23,376.7024294230252,945.4930827639685,53.35616726173536,21.311581399107286,32.61987965972425,0.44508475216512594,38.96714194269677,0.01142230115973217,0.9920829570102835,0.011870435130367793,-0.07692414870449477,0.19125129030609592,1.803176673825227,0.13401199974152925
7,604,30.2,case1,3,23,374.6478627114767,944.8685424416418,54.255748825089206,17.145966459216297,35.65861662094936,3.1407983793227423,39.6911289786518,0.07921380740801626,1.1225966666662803,0.017114063694841607,0.18133720166094078,0.1822514962634742,0.9054169901758167,0.1141382556675876
7,626,31.3,case1,0,20,-807.2962863898886,-568.2123775851333,54.27490789253638,-33.93257416630965,-14.945821175826536,2.854131920176595,37.18794467552168,0.07682439532623803,-2.7267034283413643,0.004047029678496615,0.19129567812790627,0.19877932542917656,0.8924959772037258,0.12348773949318899
7,626,31.3,case1,8,20,-806.5449039068748,-567.591290086588,53.248491726041124,-34.626919523596534,-15.882733879065864,-0.19746419506661997,38.096243689833656,-0.005183321507573691,-2.711542533019258,0.020212022239826013,0.4523364985254855,0.45423713147074507,2.006283642889292,0.14915770419454788
7,627,31.35,case1,16,20,-806.94121454648,-566.7876405799282,53.9356024879783,-35.937271678721714,-14.270562956578997,1.7039461803614098,38.70452034831987,0.04403870824631201,-2.763591841410444,0.024647632510839543,0.6983896319202636,0.7220297458379151,0.628478568324895,0.09851058720312826
7,661,33.05,case1,10,22,732.9413503561353,-884.5087226297571,64.94164391143153,22.117819144633113,-28.960820151647248,1.5624858097379044,36.474215405905426,0.042851205276399074,-0.9185751066039028,0.005039806082998539,0.733651596766653,0.8938067557159405,2.7375825841329426,0.1524935906497309
7,661,33.05,case1,18,22,734.9222554413192,-883.448358462871,64.11123077290574,21.48102548752885,-29.761665342344898,1.7483389160522405,36.74571905557136,0.04759736050096797,-0.9456096934477422,0.013082715698181683,-0.3067364970460634,0.3078347880638835,1.524258028631888,0.1319809949751447
7,662,33.1,case1,2,22,733.1443951075001,-884.7484539889816,64.29388355718369,22.260531279120062,-29.49058645315853,0.5407933293993377,36.95292139472904,0.014635179432448632,-0.9242078964584716,0.011171894663741359,0.504041318547437,0.5296904052071709,1.826365765566083,0.10454561890252256
7,662,33.1,case1,5,25,815.2982280033709,-209.2259271464503,44.70014232062315,31.374168807995318,-11.642572715401087,3.579388933571074,33.655608640518736,0.10655493783633876,-0.3553364328242789,0.010419560500901799,0.6989785677067484,0.7033000584153679,2.019056133097035,0.1672741981602543
7,662,33.1,case1,13,25,815.0145654420531,-208.5212940429704,43.59405013929698,31.36986625975959,-13.522874846851918,2.5293554014020923,34.253967536993805,0.07390850769761373,-0.40700790413043714,0.02412838573908576,-0.2520839417024924,0.28839600179920666,2.1922063781704786,0.17790127520930493
8,535,26.75,case1,4,24,872.1878355249388,155.32566361460366,48.88093605612978,35.345111780974705,3.898993434070611,2.502812232400352,35.647484422875834,0.07026787715957271,0.10986788305189212,0.014962351190548518,-0.30556933051591695,0.6902625762105612,2.93478977880515,0.19118139680599452
8,535,26.75,case1,12,24,873.1862144075503,154.83568277664162,49.89397013654404,35.42947113619312,3.1656809449190795,1.5710725776908283,35.605297778276444,0.04413901674255266,0.08911497521482725,0.01300316780602763,0.12200597538491569,0.23065404955795082,1.7602385555283198,0.16093195293484636
8,567,28.35,case1,1,21,-774.5764776819049,350.09075833845554,48.97693060756884,-36.499291930206496,10.418679240267489,5.183183490668969,38.30943199286517,0.13571406274596137,2.8635384568492928,0.017404013946540096,-0.12941268696904545,0.5453323173315463,2.256323006160693,0.15802162349551727
8,567,28.35,case1,9,21,-776.4458424077397,351.6138042231953,46.51458989451296,-36.639746344956365,8.655132699652889,2.2031965858026346,37.71254976088247,0.05845406305295683,2.9096224826815447,0.010596909695082304,-0.09404398874954828,0.5947236177909752,1.8818195480829587,0.11046326715420715
8,567,28.35,case1,17,21,-777.1198202043732,351.20183378762295,47.96221272935738,-36.93427198800664,7.800498859033446,2.8135868991723942,37.85372506072591,0.07439648354206081,2.933451924438846,0.014683631506058972,-0.5147300769309349,0.5155604759361081,1.406659210692491,0.08750565930205242
8,570,28.5,case1,7,27,-662.9128591197366,-612.7825104252739,52.54651973162127,-27.40592665668602,-23.226022982794532,0.7050617102673147,35.93090691207554,0.019623967946331235,-2.438562374841795,0.011434827900937616,0.5287469755489862,0.5755535489099091,0.4117298093157286,0.09914037301493966
8,570,28.5,case1,15,27,-663.6410739116017,-612.6257365857981,52.91622802907101,-26.884009974831102,-23.637321239542416,4.830447363179844,36.122100844726525,0.13412733790207715,-2.4203699637966105,0.01590540221440856,0.41319387073887653,0.5381768026174011,1.212212223940925,0.08955721954502541
8,584,29.2,case1,14,26,-519.8979536998951,-623.210977322603,48.79520351520946,-25.886873272783433,-21.910456114641217,2.919803930154299,34.04002864251604,0.0858811328938555,-2.4391966444732476,0.014300755603991213,-0.07518135795778774,0.31286189994311525,1.5331311218292658,0.14947262283166504
8,585,29.25,case1,6,26,-519.5711825232278,-621.1708026633262,48.11476635319143,-25.58479901237463,-23.965516058749287,1.6889040648246163,35.096727730743744,0.04814000274034585,-2.388862433480923,0.03168007252080564,0.6533944544038622,0.6565023785938962,1.0342337437898208,0.1354945843743132
8,603,30.15,case1,11,23,376.5503467460621,945.1226438246653,54.46802262932276,19.04293301168995,33.78026065098443,0.8495591749442889,38.78738271819704,0.021904729271530178,1.0574732948976553,0.010493843761401597,0.2354256477667406,0.32733873791475393,1.7836113726971314,0.14206036204418115
8,603,30.15,case1,19,23,375.8743980119714,946.178458992512,54.50942680866016,19.619486376930322,33.61336246290351,1.876803468603924,38.96543048673849,0.04818450317412167,1.0424623996892173,0.009334864979236718,0.16930621257785974,0.36836747700098454,0.7982177438906191,0.12179033730288726
8,604,30.2,case1,3,23,374.58659271415576,945.2524481969891,54.24653002177478,20.703599548885432,33.75669179121537,2.191440440433002,39.6605053695951,0.055283135552912734,1.0206414118129028,0.01859311101889421,-0.4606458839747432,0.708408514023791,0.9968350041530807,0.10794068184816097
8,626,31.3,case1,0,20,-808.0949081153997,-566.7707181184563,53.03638401123458,-34.58877248928907,-13.497919159124402,1.9946664588269596,37.18273387237721,0.05367072817627237,-2.769528367152195,0.0040120502263498595,0.29720521186450183,0.3027210448360719,1.9555165047854262,0.1328862421436679
8,626,31.3,case1,8,20,-806.6106482903954,-567.3914430514627,54.40218229509045,-35.1207686343005,-14.468657433424022,3.0368108381262395,38.10554628208868,0.07977932209630263,-2.7508112005340752,0.0199615487991565,-0.2603585602630457,0.38723335297192574,1.861744178759553,0.14760737332550714
8,627,31.35,case1,16,20,-806.9972933114685,-566.7194806325559,54.25911755449658,-35.850429954532096,-14.13485380251668,3.5998513649564865,38.70408699082193,0.09314421837844777,-2.7660331410408863,0.022295514979977418,0.5951741650808335,0.6214404732261728,0.7460841774934053,0.0979996782070835
8,661,33.05,case1,10,22,734.8736241915972,-883.2012609079933,63.972604243885364,23.19871075767752,-28.130667058837755,-0.6818876608592257,36.46888510464221,-0.018698882549422487,-0.8811885740436892,0.005262400780063525,0.4374565719256486,0.8940723069016615,1.7846234088978723,0.13881221979164649
8,661,33.05,case1,18,22,734.1735170584086,-883.9404801438866,65.87724009497335,20.721755343715188,-29.873751242644076,5.330300992930705,36.745670037535106,0.14557290119306276,-0.9643487249935192,0.011382703451791274,-0.2580931067788411,0.4296762171615004,2.3214099815041114,0.13800061857631385
8,662,33.1,case1,2,22,734.6370848828633,-883.7371831207319,64.13793837907743,21.961961690002887,-29.528059885961042,3.4024829484206043,36.956879902344966,0.09219685410634844,-0.9312970466545532,0.011311037209213344,0.35276078749674533,0.40411610871864795,0.08818944464248799,0.08877500714140128
8,662,33.1,case1,5,25,815.1008230535998,-208.9770425956137,43.36080061144387,30.903300234231537,-13.826212918629396,1.2291073165605637,33.87755649148787,0.036288836909766184,-0.42069172131123445,0.014610327872236276,0.022228687817036213,0.11014682887707813,1.9837713745330021,0.17296641767862703
8,662,33.1,case1,13,25,815.4649636432625,-209.47627390321637,43.248997755594615,31.17352485448968,-13.379782936126523,2.702037707864343,34.030989569010025,0.07948299128695747,-0.405425573120797,0.018122168491528194,0.050048882772921854,0.44059786247323124,1.59920122112657,0.15895132495807787
9,535,26.75,case1,4,24,872.3411205409645,154.90377322425402,50.50381543031377,34.9505247727336,5.739338290425728,4.025225807415668,35.64662156084496,0.11316162251433924,0.16276059668145826,0.012280239206127235,0.6012297530565621,0.727277440105303,2.446892117541865,0.1824217739352358
9,535,26.75,case1,12,24,873.3744709553271,154.63886992774084,50.09345551562126,35.55587575775715,0.9548117333204281,1.739137158842101,35.61118594493048,0.04885625605901322,0.02684738593009342,0.014440699445440542,-0.06444626004455944,0.24402734196258793,1.659332957193325,0.15598985748060093
9,567,28.35,case1,1,21,-774.6609836959217,350.05274685606037,49.094315447512805,-36.88765577808797,9.649257501788568,3.393919462524317,38.2795769106273,0.08877793455067545,2.885740528891682,0.02057972102436003,-0.36247399145106435,0.3900522120251644,2.275705460414781,0.15704904974735048
9,567,28.35,case1,9,21,-776.569061351137,351.1691563032652,47.97713264751126,-36.336074310616645,9.840503979374567,1.94238425526777,37.69507489672694,0.05155169121321782,2.877117505153214,0.01174246720181445,-0.39308605072717673,0.7006015782788335,0.9792386092507144,0.10087394596823047
9,567,28.35,case1,17,21,-777.1438721493507,351.4593332018181,47.361416954131386,-36.09742544708235,11.288503506323275,2.1780561155708984,37.884011980814776,0.05752447238408809,2.8385044278100917,0.014707227422854945,-0.47559377129472075,0.6295287783258392,1.6030485447853164,0.08886985193129317
9,570,28.5,case1,7,27,-662.4648694300118,-613.2456494756752,51.88405640794495,-27.484461328123626,-22.931217879505926,3.1729644565957082,35.93471958116989,0.08841315725835361,-2.4462641680254626,0.012137673594189578,-0.15239298224041598,0.5906402721518454,0.7901587674250404,0.1031892340589123
9,570,28.5,case1,15,27,-661.8972123670219,-614.5342157459598,53.081884609482664,-26.585521858154145,-24.1096228043063,4.003564984695596,36.1122197714707,0.11109292017471464,-2.404994692661866,0.01782582248720763,-0.14116774345231753,0.23949153207445148,1.8985516006270933,0.09830218443666643
9,584,29.2,case1,14,26,-520.1742373371135,-623.0638689765331,48.35046785081046,-25.2701278901825,-22.683117261202874,2.5778281067604625,34.055078476192996,0.07576832466339893,-2.4100908470402356,0.014282371616005226,-0.4938849002154562,0.5783260058048703,1.232778720596544,0.14579405558195416
9,585,29.25,case1,6,26,-520.0653381108589,-620.7615356930806,47.98707724609844,-26.82106542543842,-22.122339756789927,4.57751283966977,35.06737929569071,0.13090836148682344,-2.451904412629121,0.03111070831688394,0.18055878628210736,0.3312860520678508,1.427582104465147,0.13655982388029414
9,603,30.15,case1,11,23,375.22262911771753,945.7291551269786,54.46369315894796,17.61235214130413,34.42896720720658,2.4535588455344466,38.750079766533474,0.06335990159235663,1.0979465438917781,0.006874140205239591,0.46788235824488383,0.46917055723192824,1.5394575487632252,0.14026345972745727
9,603,30.15,case1,19,23,375.1772793820004,946.3666351514853,54.029686396293556,17.07338183540323,35.043780397517544,0.6469645607450781,38.986991099465115,0.016595131836398103,1.1174398531638343,0.011745367825503464,-0.24496505667886945,0.40826635415691914,1.2453969498998751,0.1268712814661576
9,604,30.2,case1,3,23,375.5672542490823,944.442007073336,54.56763602417448,18.02336767204754,35.241611318823225,2.7613517628748903,39.679188678035615,0.06964823665188889,1.0980521994983543,0.01865546568141292,0.3364652226968363,0.7570363520067124,0.6012226737021652,0.11308851783847394
9,626,31.3,case1,0,20,-807.536377484259,-568.1268799107768,53.062809026507374,-34.13515823238837,-14.66296977427351,1.2024776212873611,37.17065593423322,0.03235583093574914,-2.735869179268953,0.004580932841322151,0.3481349627845639,0.48631251906124817,1.2657175759909716,0.12342882866703887
9,626,31.3,case1,8,20,-806.3896201696087,-567.5735178406131,55.85467633777338,-35.477273178915,-13.56235223623426,3.140423900942543,38.11084586661205,0.08249590699433929,-2.7764523777454477,0.01975672086391407,-0.22947560263041003,0.3195233697246132,2.600322651503101,0.1550786528400476
9,627,31.35,case1,16,20,-806.937261326929,-566.8675816104114,54.56487037586387,-36.278633077729985,-13.028415553663695,3.432852187468894,38.699655088495554,0.08882172559859638,-2.796815526345396,0.022853606276316808,0.2935545345873414,0.4073760991743587,0.77172226837175,0.09673397306183826
9,661,33.05,case1,10,22,733.0337804382904,-884.470544826611,63.097414649409295,21.61284772481806,-29.36281320479237,-1.142676621160421,36.47733126115792,-0.03133078951921726,-0.9362754502717796,0.008617137536501021,0.5708073543429019,0.8234112804992777,2.8065857541794124,0.1533464513622991
9,661,33.05,case1,18,22,734.9875645778307,-883.3160332988318,64.30200766877691,21.665866283409933,-29.629234628336487,1.6220681396037187,36.74142636753683,0.04416256204205409,-0.9394148564746585,0.01042577424975261,0.017687569973755812,0.2681092493128565,1.6151944508833063,0.1337956280896037
9,662,33.1,case1,2,22,733.1756301949915,-884.713396055773,63.74403582008162,23.5598596561205,-28.401685085582773,1.915169928568061,36.951191842375,0.05185295334394403,-0.878310809783188,0.012071165055279031,0.7630718838397809,0.8644953107530051,1.8239795674764037,0.10641628222143083
9,662,33.1,case1,5,25,815.3513905009834,-208.79633396080246,44.15710096516753,30.341850866313695,-14.595538722976732,1.5187881827051621,33.70407070594677,0.045077720168365844,-0.4483620696302299,0.012360880176505681,-0.413924671131927,0.4430453343294065,1.8456364021808809,0.16774454193404617
9,662,33.1,case1,13,25,814.5434748660795,-209.7016419740862,42.62123904687158,31.78733762697777,-12.535059872121812,1.8327700713013122,34.21873179332357,0.053586073836099146,-0.3756186844133331,0.023123463920179752,0.6060594154987948,0.7709359769772942,2.6890614701668727,0.18646200100222654
10,535,26.75,case1,4,24,872.2081782795544,155.8327895832976,50.80132162275784,34.98173735892946,5.502447001845478,4.044195257260161,35.64203118420841,0.11371192380991076,0.15601652436173652,0.010824347014478429,0.024144440388316257,0.2015011208965132,2.5134364731694596,0.18227994853546609
10,535,26.75,case1,12,24,873.5543058025299,153.55340278245214,49.14976434309754,35.434355290618285,3.5727759179752483,0.08236367405518356,35.614113022741925,0.002312671592362801,0.10048840783559054,0.013361302097576227,0.2611551495912752,0.31037944451989485,2.6623193399760434,0.1673104194974158
10,567,28.35,case1,1,21,-774.8066645760157,349.7736947976946,48.63870754567652,-37.15105558554805,9.368270009888375,0.8992089299148278,38.324587288036035,0.02346513082362516,2.8945755089326126,0.025557177789325453,-0.3081680732880836,0.7207002947266322,2.3193797299462497,0.1572747080682162
10,567,28.35,case1,9,21,-776.7364625754676,351.1079825620576,46.955620054925426,-36.48399483092945,9.544540897785387,0.8757086372098701,37.72196979732194,0.023216902995181178,2.8857180807188443,0.012554370276137062,0.10303680725129291,0.35634137346000505,1.7334267554904506,0.10492436140038207
10,567,28.35,case1,17,21,-777.1646026653102,351.7336292624403,47.31734160938687,-36.97799929180489,8.083698659964826,0.6068245263809394,37.856133606796895,0.016030441017989585,2.9263701586458875,0.013898897657906225,-0.015544906789245416,0.024653132274927377,1.6116959178893555,0.08346282558892512
10,570,28.5,case1,7,27,-662.5704283895975,-613.0239418289485,52.932444198443754,-27.05167855622141,-23.588292583534464,1.5392069069371932,35.92450441715125,0.04285871867569977,-2.424480490164887,0.011231642562926053,0.006757495557459192,0.21559858247289695,0.44365302984598415,0.10154711991943781
10,570,28.5,case1,15,27,-662.5993423834009,-613.6941714372778,52.784611652287786,-26.236067030901157,-24.816029167845375,0.7566065606326069,36.121170667586114,0.020947878608532346,-2.384002786243526,0.016443540832757255,0.2599506201351119,0.5798570281057316,0.914787526618993,0.08931854050390578
10,584,29.2,case1,14,26,-520.2047866231159,-622.1084038696079,47.82315773374225,-25.597228944502156,-22.391700459058182,2.073594671423206,34.07207322642401,0.06089670079398698,-2.4228926577667576,0.014568990094989302,-0.06897889072069216,0.11636777035417745,1.9334469992229515,0.16633206500399234
10,585,29.25,case1,6,26,-519.5726205024522,-620.4783621709477,48.52637198206244,-27.492385823746762,-21.69213910875124,1.3064860479623859,35.04407343886677,0.03728986828472238,-2.4735806134369738,0.030446684292183727,-0.13574992295476934,0.13959961399431658,1.7807800884062968,0.15086390811452746
10,603,30.15,case1,11,23,375.7240301972824,945.5425030543704,53.700086932804204,19.334331337665066,33.586406813381686,1.5303153642940863,38.78408121926809,0.03946755165016373,1.0484666194375425,0.007767894345003876,-0.18397409269724915,0.29104576400008053,1.6027977026412774,0.14057980974749024
10,603,30.15,case1,19,23,376.7631823429366,945.6358392665272,53.97990707734131,20.254554345608703,33.16980757451315,2.83734067300153,38.96836676541776,0.07287587174801985,1.022595650054684,0.011613218251026321,-0.20905065643456158,0.2188255045807272,1.4154788811831525,0.12810586690684928
10,604,30.2,case1,3,23,376.54479556434643,944.1127096974253,54.58268190202513,19.746239152442435,34.22020330252662,3.5510063991737453,39.667945764542395,0.08963827578546057,1.047434383069895,0.017050410279237583,0.3200977647035407,0.32243919480371197,1.354456711343068,0.11421946931764984
10,626,31.3,case1,0,20,-807.337260760629,-567.7078620555683,54.393253300233894,-35.229102567376835,-11.596627527115379,2.600058061943033,37.17972215645084,0.06998928058734556,-2.8235870104796836,0.004440343535533821,-0.3107221126450962,0.3120710257777052,1.0988280173434162,0.12827304998843908
10,626,31.3,case1,8,20,-806.5000289773917,-566.9734652682981,55.01362848080904,-35.70394163265841,-12.65758148184926,4.0993304872463785,38.10236642941747,0.10779593657925013,-2.800901273148612,0.0180003202831717,-0.14257869804693157,0.2032406711784515,2.3521137341764446,0.1559102493779865
10,627,31.35,case1,16,20,-806.5374732500804,-567.5812066098957,54.0202225014743,-35.50332404220777,-15.310982871467168,1.6744074513471408,38.70033404054151,0.04327947892274675,-2.734435991255199,0.02295066678841187,0.1335924032267541,0.5584994567528881,0.2846319892555657,0.09689858997543492
10,661,33.05,case1,10,22,735.4222428294383,-882.7556199167108,63.693354249260665,23.13934418695491,-27.968174871919224,3.518091374119632,36.46950811274088,0.09661689955967839,-0.8796022642838145,0.006970643905218153,0.3716367219271455,0.6926213134325573,2.143434369365145,0.143088408832821
10,661,33.05,case1,18,22,735.7418953863757,-882.7056718341256,65.0091746034799,24.041961824437212,-27.696275811642828,2.1605038490452313,36.739180707849584,0.05884048023507327,-0.8559118782975907,0.01097060731618158,-0.22315305614839145,0.2686261385658584,2.2556590106897687,0.1389630531797026
10,662,33.1,case1,2,22,734.7790590966438,-883.5902118741312,64.44891653329267,21.723293566959256,-29.83455989067523,1.722139630760508,36.945476207168,0.04662990044621877,-0.9414427321166604,0.012138202407266267,-0.5374975605637807,0.6971167379618317,0.3434552207341215,0.08959298600541502
10,663,33.15,case1,5,25,813.276450978871,-209.2239913390977,43.396991560189655,31.380696442805153,-12.518705682623475,-0.1145652808294509,33.78578438348302,-0.00339093800763774,-0.37958374547327,0.010205675349293756,0.4163047574606071,0.6765963989984624,1.6435356136071306,0.1590848416868595
10,663,33.15,case1,13,25,813.0057384743334,-209.96927050904318,43.037283228167425,31.29079608571566,-13.647946817710729,0.3132949016569324,34.13910552009679,0.009177138490786524,-0.411289280441448,0.02037686564253136,0.46138583901462743,0.7392846802821437,2.2238392004950827,0.1643116486636405
11,535,26.75,case1,4,24,872.4236666643193,155.5640594912974,48.6582178247127,35.301892032737996,4.834996229164823,0.5650682328181272,35.63593792416398,0.015857360520082728,0.13611450900207636,0.012083361844530991,0.36677550902491596,0.3672141803869125,2.8530106632574794,0.1851972301310598
11,535,26.75,case1,12,24,873.3652414834233,155.13112873730162,50.037613690313414,35.27169306007995,4.6854884885200505,1.4746527114826067,35.61208691329432,0.04142061284879916,0.13206669520786937,0.011296835779532059,0.18574235081112897,0.20059343584958408,1.4480438639528288,0.15398092838419186
11,567,28.35,case1,1,21,-774.2699999451445,351.6188386065634,47.97950933854196,-36.61329455700026,11.041328427081547,2.6582662414268534,38.33419688949612,0.0694002100231575,2.8486996906668,0.02191914427966164,0.039093098533859144,0.23295696664648044,1.6630166366884114,0.1499824009331834
11,567,28.35,case1,9,21,-776.5230217963044,351.3038752277018,48.98581019117845,-36.28667286602308,9.81297829914095,2.961192964418798,37.70657548170757,0.07861348306519651,2.8774807638144178,0.01244346094914274,0.2566894226321734,0.4634470220470051,1.051961189764872,0.09946087486631865
11,567,28.35,case1,17,21,-777.1238022397924,351.72630950947706,47.72777970358464,-36.56693396911177,9.681609742331936,1.2612861709376937,37.847920285125255,0.03333128305303926,2.8827673983065036,0.0147451814434486,-0.10907227115334278,0.24469265792901718,1.362039878258093,0.08193776679862617
11,570,28.5,case1,7,27,-662.4177210032536,-613.0971380520026,53.51797036596441,-27.45616210541408,-22.91444566080474,3.4750500719344246,35.9303302309233,0.0968677608665778,-2.4461173325703975,0.01328026983561141,-0.36753027529847637,0.5097832432087976,1.0149793651737915,0.10501667525363073
11,570,28.5,case1,15,27,-663.0793439445097,-613.2570607016459,52.28472112001639,-28.00236693020048,-22.70604892782661,2.189008238110263,36.1177099034941,0.06064478077768552,-2.460263680398038,0.015293382430241614,-0.32602763120985545,0.4928462555999839,0.7716461551170032,0.08724513244403112
11,584,29.2,case1,14,26,-520.045555976192,-623.5607554026933,46.20737450813491,-24.966168086240256,-23.143592732435714,-0.10222676874814826,34.04329425580758,-0.003002850476568,-2.39406007440057,0.014544056744363265,-0.23030612633193126,0.25972786860642283,2.2596845937382004,0.15192591987133502
11,585,29.25,case1,6,26,-519.6882863928655,-621.1912774874883,48.91732060741383,-25.660324902783767,-23.74781820408987,3.153391024137295,35.104914449718244,0.0899488670705692,-2.3948835046849726,0.030528580073766465,-0.016099698545385427,0.22473081661357178,1.3288509336956666,0.1338857762816369
11,603,30.15,case1,11,23,374.9931698783391,945.6190331969663,55.99947677649387,18.198259425937167,34.20923309043376,1.4321699150995975,38.77498401592263,0.03694381274595245,1.081901619275851,0.008898815117917243,-0.44153136683113103,0.5742014602350292,2.3802123894275447,0.15005620443306295
11,603,30.15,case1,19,23,376.601577300064,945.569523676859,54.11389586844673,18.689439941701018,34.11589239793398,2.5392939465986943,38.982525485005354,0.06518544168718893,1.0696267427753081,0.010205732955498922,0.09761874763825396,0.2203836779252358,1.3902730285544473,0.1309225971454606
11,604,30.2,case1,3,23,376.43337739171665,944.0205486635193,53.84030046156655,19.78058937723554,34.29941718798737,2.4790782633601323,39.67199975527162,0.06253011077558163,1.047682863771526,0.017813217608418884,0.3223077518472143,0.32602534703876757,1.3910086812201181,0.11838028798862835
11,626,31.3,case1,0,20,-807.0696095553092,-569.0174303258565,53.927622899838035,-33.65524864921338,-15.633099952229962,2.2421100269928815,37.176560264902584,0.06034639658543239,-2.7067403763244786,0.004189894151096679,0.046016645430030756,0.13344461359811147,1.2750346871330274,0.12194785468501464
11,626,31.3,case1,8,20,-806.2772366293052,-567.9507557926675,54.6501265404985,-34.66492578602019,-15.581999958069442,2.748066462127684,38.105218431651,0.0721805116547946,-2.7191518262076184,0.02031994425883892,0.5889659071014999,0.5976089067650725,2.000638365978058,0.1490614152749842
11,627,31.35,case1,16,20,-806.5083541610372,-567.6197804712697,54.11977032126915,-35.15027092712322,-15.808338789419734,3.7579165047648098,38.72424380137101,0.0971959562385063,-2.7189583735504685,0.02285003682197021,0.035204492786104796,0.05110532473087279,0.3411107673395231,0.09696583991070906
11,661,33.05,case1,10,22,734.4416272905435,-883.7194489327588,63.42576737094081,21.44083507065132,-29.372489787601147,2.7476250246156098,36.46919258943772,0.0754124472169925,-0.9402426115819916,0.006415744103358409,0.2989966677964201,0.3183679089060983,1.7779206803406034,0.13725762980347445
11,661,33.05,case1,13,25,816.7168622792977,-209.66963691106758,43.279728410411956,29.910686064303913,-16.05987231808694,0.6710043482067382,33.95613179597923,0.019762204671343347,-0.49275143877650635,0.019135273148065006,-0.2861898278459965,0.3714777907978285,2.4965880109646825,0.1859973181658946
11,661,33.05,case1,18,22,734.6443912956594,-883.7396068929446,65.40278563330766,22.132819661801708,-29.262380747327335,2.105984833036953,36.7502898668891,0.05733666823603289,-0.9232388510912645,0.012669685897038594,0.15691205198685793,0.39252408185102056,1.8347542312165717,0.13242019970354255
11,662,33.1,case1,2,22,734.7114941448522,-883.6811589146445,65.46034292740426,22.08591366655521,-29.294006381884664,4.440312400453989,36.954604132666006,0.12044688270346017,-0.9247785900397624,0.012652659105563489,0.15640844611244475,0.16144350593596038,1.3035348333106918,0.09227822647038356
11,662,33.1,case1,5,25,817.7306894901275,-209.5011079268649,44.0590184361577,30.82721879997809,-14.166933882010518,1.3707063206121703,33.95435569078504,0.04038005917854054,-0.43077491353559444,0.015649379136275364,-0.43848896376874613,0.6504168962289488,0.8302418015129736,0.09402234056890488
12,535,26.75,case1,4,24,872.3745700580098,155.15095487583545,48.8229909113872,35.40793603873236,3.7659502632193993,1.531219256623496,35.64055202041431,0.04297606566003755,0.10596058035616576,0.010929626828549551,0.08126897064335072,0.41387276095369885,2.833427667026706,0.18704465478130422
12,535,26.75,case1,12,24,873.3530661609876,154.37112981769673,50.245163392400976,35.49805296221847,2.9058038595773987,0.04665001218821979,35.61681676402932,0.0013097752624945226,0.08167601405751623,0.01384743045812998,-0.1860322256367283,0.2407160689293664,1.8256618851231228,0.15892070024861382
12,567,28.35,case1,1,21,-774.2030022143653,351.18341382077887,48.54092097562677,-36.426670270356766,11.626012105920676,2.1605410516156422,38.297968642057555,0.05644395181255562,2.8326499745507303,0.0205373779743795,-0.5783707123687561,0.6341411535760191,1.8118163148142756,0.15469031285251578
12,567,28.35,case1,9,21,-776.1175613597,351.5465772981545,49.862266075064625,-36.02297911039579,10.92253007285587,2.2848349005980158,37.71176418179668,0.060623922293374724,2.8471934474950964,0.011946458097323337,0.07370283603549077,0.6389683357513903,1.594614604757387,0.11134102985165353
12,567,28.35,case1,17,21,-776.575130139541,352.15445914421747,49.781756858435394,-36.04833274941095,10.236734826684778,5.324332973192265,37.849987523558546,0.14113745021405144,2.8649040734805773,0.012593335639590182,-0.15401459152297903,0.15559229005447944,1.6675279621706083,0.09230352471771092
12,570,28.5,case1,7,27,-662.8222845780367,-612.693644314254,52.83668409994376,-26.96276192438266,-23.304620860692822,4.512363731636021,35.92293571658868,0.12594502796012774,-2.4288400798494747,0.010631138829992243,-0.02036570082437178,0.39334750078105196,0.44900807256295894,0.10226423335080649
12,570,28.5,case1,15,27,-662.3279104416399,-614.1419517256675,50.939351694316336,-27.207434942882983,-23.595271736044833,2.7458454053047134,36.118153765922735,0.07609739211843441,-2.4271768213739913,0.016467131128933717,-0.26815861176899725,0.6015820319129636,2.090500270696594,0.10435159307940088
12,584,29.2,case1,14,26,-520.9567419681547,-621.3885598115983,49.13871959726284,-25.674339258713452,-21.875893593942425,4.598062439781487,34.042159084070086,0.13548375413540847,-2.435908018538846,0.014574250003293652,0.4324658610804807,0.44598489356552873,2.563529774224119,0.1709282500902912
12,585,29.25,case1,6,26,-519.3724974044825,-620.9762440150122,47.06968141105443,-25.278936625482732,-24.160383451750178,2.852318586822921,35.0839633845937,0.08138961035785627,-2.3788153995318124,0.029343628027474464,0.7161344053658646,0.8702355227873071,1.596431241066061,0.14749157865847987
12,603,30.15,case1,11,23,376.6549722502012,944.9125768387266,53.576414017480296,19.913991766756375,33.245500660722996,0.6760941999222319,38.759353524481575,0.017444266458954263,1.0311138425109894,0.00964776308882998,0.45414416604713637,0.4827042836874032,2.176826665893017,0.14853523286719497
12,603,30.15,case1,19,23,376.02605424643144,945.8268501729591,53.992714294049705,20.09116176153975,33.37385983417207,1.6158717893733978,38.98820774027724,0.041457015802713416,1.0289053773441703,0.011034853123289478,-0.09020612256848931,0.3618113537019961,1.15476572468714,0.12925540482721168
12,604,30.2,case1,3,23,375.3355048651004,944.5420897548712,54.42705127733349,19.710162923904335,34.03259618323286,5.102706916139739,39.65785853182026,0.1290259409408193,1.0458447378080369,0.015428711714895686,-0.4021634448371626,0.6375513121931822,0.5027784336700389,0.11267855173241006
12,626,31.3,case1,0,20,-807.062211666108,-568.9436460430309,53.10321567801822,-33.37350343122426,-16.401516780349787,-0.1950605758637884,37.18653698044884,-0.005245486302976271,-2.6848057908158913,0.005200473786892592,0.16485665015584783,0.5218860690574435,1.6039566425779312,0.12576844310621468
12,626,31.3,case1,8,20,-806.4573684026448,-567.4242890378159,54.864876387553004,-35.15431270090803,-14.3887774811721,3.214270591408062,38.12078375782297,0.08441829293177242,-2.753091975742961,0.01874259345535779,-0.3058504269318094,0.31987054171393364,2.088845442611118,0.15111056072158102
12,627,31.35,case1,16,20,-806.9961247788214,-566.2837910224597,55.31043136739587,-35.730767912168616,-14.401674739871378,3.735542439351694,38.70465460668142,0.09666450525916268,-2.758450375494309,0.024887992353668904,0.28768434944938026,0.2894519087903313,1.6862545192369494,0.10862260113028015
12,661,33.05,case1,10,22,734.6322438408592,-883.4105247097407,64.477842308588,22.594390675028567,-28.52405491591012,2.4005848632571616,36.46767070306758,0.06587538897154203,-0.9008805691155535,0.006077438429603966,0.465060886010989,0.5028655749917238,1.710117382661173,0.13767731651137277
12,661,33.05,case1,13,25,816.6917585768481,-208.47310189972544,43.66086236048083,31.978633975018006,-11.652347198478855,2.187461697995352,34.105647843462386,0.0641818691269445,-0.34942687723018717,0.0155208370313043,0.5215273345645585,0.5520686920305788,2.877905254281909,0.1974398550920661
12,661,33.05,case1,18,22,735.2436794959673,-883.3053304620771,64.09581505500152,22.42551641661764,-29.099573750028387,0.8106530569679612,36.74705617276165,0.02206214341421659,-0.9142111874676324,0.013856793371952834,-0.4452296302921966,0.44911428681433085,1.5580537618847201,0.13050724741674674
12,662,33.1,case1,2,22,735.5941065290856,-882.9799475652263,64.31086023675861,24.86783641739217,-27.233497563996924,2.1623212861003642,36.942500064217704,0.05856555124019113,-0.8307720008872684,0.010580737689303957,0.3162459618742637,0.41656522404158924,1.2096652755527484,0.09279820032336887
12,662,33.1,case1,5,25,817.4624630570285,-210.60098880197123,44.90096482781779,30.064051304928988,-15.38254888741877,0.992455787598015,33.78542525453199,0.029379490365182,-0.4729314161861935,0.012545290448910493,0.13768785391407995,0.4467231230558887,1.775774823982565,0.09979241238062755
13,535,26.75,case1,4,24,872.2762714026571,155.6512795420346,51.71114415364241,35.27286593746906,3.553858917720207,3.565569854823263,35.63029992912421,0.10023906429853342,0.10041447407044429,0.011072136267475054,-0.17456006981278424,0.22848577940151446,2.7370472334749385,0.18317779913164894
13,535,26.75,case1,12,24,873.2235430004639,156.81073018529693,49.11511971441508,35.291100692277034,4.7125257639935505,0.4113201892232152,35.60672508735958,0.01155201262497921,0.13274768435521533,0.013230386943469194,-0.4965333303122953,0.5274944954167281,2.282867676792337,0.15989830476290426
13,567,28.35,case1,1,21,-774.5518112468908,350.8377604926395,47.192040813747205,-36.622698136916526,11.221850328344269,0.6211605254034183,38.30845577699248,0.016215421241921463,2.8442583254817753,0.02352138586993326,-0.026904753718737268,0.05828349212881904,1.9871695168410113,0.15344309286886032
13,567,28.35,case1,9,21,-776.3953091628949,351.80604318036217,48.71523338098087,-36.02201567489921,10.55027990360939,3.4741666982549435,37.695674202412825,0.09229451381936524,2.8566768163560643,0.009855959995597418,-0.22995006510915048,0.23032853579969206,0.6506822388169609,0.0960338543201216
13,567,28.35,case1,17,21,-777.0734865722792,351.5156433150114,48.35117236507535,-36.0726877798628,11.45420851228739,1.2763109121322298,37.869072682742676,0.033709636232963094,2.83413067112085,0.015634263949252963,-0.2991524550013912,0.579438298307304,1.2157953524060328,0.08416317141371157
13,570,28.5,case1,7,27,-662.5768035423221,-613.0093643202249,52.10726679659373,-27.855791317288933,-22.505645965919697,2.8349281858259,35.92333542524214,0.07899820448970513,-2.462032485105308,0.01177862146969938,-0.10817538904572671,0.21546857989672305,0.485343040521215,0.10328541150800673
13,570,28.5,case1,15,27,-662.8734954862556,-613.4542165255477,51.60702125765452,-27.375047130083978,-23.371832609091786,3.029429262763423,36.12219825176497,0.08396476294479698,-2.4349173875014474,0.017244014932453245,-0.3570572575194655,0.5910122578420396,1.1945058153987436,0.09323979142406193
13,584,29.2,case1,14,26,-520.6680818187905,-622.4945111096157,48.8273888003449,-25.017031334550307,-23.016013793668833,1.7986030779198163,34.041499978351844,0.052860213630590513,-2.397829601165612,0.01437298581082478,0.41515128797668105,0.5691002635422733,1.5107638432931538,0.14909548285871116
13,585,29.25,case1,6,26,-519.7300977912392,-621.0349763779167,48.95945211863436,-26.574013400733886,-22.843229206063704,1.8861414184116236,35.09343012920501,0.05377219226003209,-2.4315471437432428,0.03083489750724185,0.0583235667305364,0.45931117677107486,1.4705634055053316,0.13694268439845558
13,603,30.15,case1,11,23,375.9438728900117,945.169736068659,54.467279226572394,17.870527608636856,34.22750591219705,3.7053954845032226,38.789275240420686,0.09567217190952548,1.0896174720996008,0.007456726401214318,-0.22036998664895116,0.23579366612903266,1.73647973291096,0.14565492247795267
13,603,30.15,case1,19,23,376.856568212995,945.4147322901264,53.59361882198153,21.22349595068676,32.59425370224791,2.1337164911944586,38.95349664459039,0.05480342259831722,0.9936185320154044,0.010241698711043877,0.09841866832102009,0.39319946634808034,1.7869294935511046,0.13413731263651016
13,604,30.2,case1,3,23,375.40854186950145,944.3781926821619,55.6189172586066,17.571602271790653,35.37313296191007,3.78570372847548,39.67809590515604,0.09555577039259516,1.109752130937541,0.017577404273865217,0.29613023834749863,0.32453561642688017,1.451106211386264,0.11877371233034055
13,626,31.3,case1,0,20,-807.4817679587137,-568.1210545849509,52.7960639918517,-33.98534354195322,-15.120553298338981,-0.10234892612298092,37.1973813999745,-0.002751512375744475,-2.7229763344096414,0.004636999479515411,0.12250544865909924,0.4936538077011378,1.5225700210008342,0.12631661052949894
13,626,31.3,case1,8,20,-806.6065688648972,-567.0446598569673,55.69472936924216,-34.498168794067524,-15.525567933219365,4.466472565137953,38.09352027534491,0.11752051929584942,-2.7187051734779484,0.019605322834037788,0.36842462755413985,0.37541486415758557,2.5801831005071088,0.15597124424815784
13,627,31.35,case1,16,20,-806.9607240325586,-566.785135915952,54.10665471072619,-35.31196164515752,-15.082259330858017,4.888953356836262,38.708023027243975,0.12664160340262562,-2.7379321664537093,0.02406846609374189,0.019861823118544675,0.07419845600193446,0.6395865703870323,0.09813130571268723
13,661,33.05,case1,10,22,735.8381228132946,-882.4728050375795,65.4297295986412,21.934872718935157,-29.054276998338384,2.2114620574646837,36.471635794459054,0.06067233818920412,-0.9241271459056577,0.01152203882091965,-0.7954117788811854,0.9973588509084604,2.64361704667416,0.14726900836508813
13,661,33.05,case1,18,22,734.8291108591559,-883.7523596152344,64.28296469506795,21.648154218092422,-29.666840704403352,1.1365334256057487,36.743104477687716,0.030936818091900617,-0.940408573918959,0.012665858047815013,-0.0355993574303827,0.03800463086469931,1.301429419517503,0.1264971307870026
13,662,33.1,case1,2,22,734.4042125753631,-884.0608253323367,64.5755761440197,21.85186030584929,-29.666161189608566,2.8869367408115347,36.958345773311294,0.0781929123719828,-0.9359316355393349,0.011307104116455776,-0.489043813133733,0.5022247461411722,0.6108008591183155,0.08630722173909977
13,662,33.1,case1,5,25,816.2723970022753,-209.6220666367755,43.028614767920224,30.675947841525243,-13.977352215596113,1.5591416266759677,33.746274958087454,0.046218341328061255,-0.4275386515974048,0.010421294078357521,0.347194578804199,0.3514307277202272,0.9867813468502287,0.13644902250052643
13,662,33.1,case1,13,25,815.5973703830413,-210.58975075364378,43.43762993027398,31.296284220158466,-13.676627435591762,1.2860333215522042,34.17837658088903,0.037635988145219665,-0.4119947498230545,0.02204852267375375,0.5666159789599589,0.7168496288203309,1.8460112691848962,0.15014618342585664
14,535,26.75,case1,4,24,872.3937191009254,155.32838506845638,50.01114551125,35.2559284479971,5.176343911512368,0.8313410966496687,35.64359907528308,0.023325828788215028,0.14578038353290038,0.013679767281680546,-0.4090113047653562,0.6238987679848557,2.3375266761437627,0.17967640100865118
14,535,26.75,case1,12,24,873.4374835725164,155.0948786109006,49.7298815030976,35.423599859486046,3.281589271003216,1.4790599543630079,35.60600895210166,0.04155157208915238,0.09237485494132575,0.013089312363147093,0.0178730559899197,0.03724837960317702,1.506021320162611,0.15320138674028627
14,567,28.35,case1,9,21,-776.3293650477283,351.7964946861161,47.7695077625861,-35.95950211001447,10.738676898066615,3.5454830778685618,37.69582767066744,0.09419428222404073,2.851390895407978,0.012602448375593225,-0.09430278407556478,0.5989345662171766,0.6906826149187658,0.10021468941797727
14,567,28.35,case1,17,21,-776.4069254674181,353.19478553776423,49.39057696358374,-35.87726744721386,11.871565200426733,2.408324106033669,37.86703585952559,0.06364244212277408,2.822039287680808,0.015729881990128144,0.3844253667876131,0.38792880391410317,1.8447929051605922,0.09005191413118688
14,570,28.5,case1,7,27,-663.0662794626884,-612.2531792568032,53.791234165558734,-28.716270082466476,-21.377176738845193,2.8128386394258493,35.9098860202094,0.07841080441919387,-2.5016675933121157,0.013211286486827836,-0.10994002202634698,0.5325121191411556,1.4780898346595401,0.11016654182007941
14,570,28.5,case1,15,27,-662.9772607219273,-613.2194981827721,51.587925721079934,-25.50029630810757,-25.44324426497173,2.7782016590450382,36.12951971707653,0.07697159772827072,-2.357314397027297,0.01821280281231799,0.57355010246238,0.749593660380918,1.1430068310450174,0.09513995852495638
14,584,29.2,case1,14,26,-520.7367742274249,-622.2023159531808,47.35232144584528,-26.030633750438042,-21.938699876254397,0.3799769365073907,34.04474743895285,0.01116133484613494,-2.4412916037418753,0.014236925201386974,0.2095345607504549,0.22274719176021363,1.792298679650629,0.156177100246581
14,585,29.25,case1,6,26,-519.2527081886237,-621.2533337825574,48.99027726845949,-25.036855900179795,-24.39887355863632,2.9703921936788085,35.08521646051166,0.08476368293431955,-2.3690990621318004,0.028492590681730854,0.32910233604611105,0.33174459343348345,1.4475397535298176,0.14075621639097788
14,603,30.15,case1,11,23,374.86353047092945,945.7836909536398,55.06252637314449,18.782673435130306,33.682834248962344,3.6096620220727815,38.73437497014009,0.09332555838253438,1.0621114351387013,0.006104904597774056,-0.016180646313189245,0.533611140073729,1.8781922300444738,0.1440169784741031
14,603,30.15,case1,19,23,376.2305387005999,945.5460392560972,54.72893083170929,16.42196890845333,35.137965493247066,4.1286111552160945,39.005167758975276,0.10604645096561523,1.1336025595776837,0.009607120700228018,0.29745051347683055,0.37022200943664896,1.3696225942507922,0.1337673817012164
14,604,30.2,case1,3,23,375.85248818756,944.1578863998149,54.793385165573376,19.307153175022307,34.63719308930877,0.5510237620088296,39.65860481681285,0.013894626276444604,1.06228108341099,0.019177438103486287,0.3984798297106972,0.4424874262718524,1.0063583316137275,0.11775023174254895
14,626,31.3,case1,0,20,-807.5338652008087,-567.424132140266,55.30542284202554,-34.073872978735395,-14.254179168158666,4.322755593591522,37.18731852998935,0.11650612507091412,-2.74538369734658,0.0034380394487168466,-0.19065497235039308,0.19277558814311296,1.6421023961700092,0.13050073582833768
14,626,31.3,case1,8,20,-806.6535060546311,-566.9715937560666,54.21489065890431,-34.828692040642835,-14.985565088085783,3.747076534888529,38.10046630724492,0.0985064946439398,-2.7352710199180588,0.020079470500545208,0.03669410575925794,0.4678317099750328,2.0695266758484294,0.15264957343178848
14,627,31.35,case1,16,20,-806.9372323518295,-566.6080634850563,54.505076651528825,-36.25408097849829,-13.252099834498441,2.6592156597317524,38.69170409201419,0.06878253848771748,-2.791146643262194,0.023446881386986,0.44291185536647715,0.4851623208634002,0.9098308640229438,0.10091895076780555
14,661,33.05,case1,10,22,734.370340622656,-883.475119952485,65.06243510285469,22.406367599456203,-28.63226808201922,2.8903765164149013,36.47199420006013,0.07933239279942804,-0.9067825324470897,0.007230393229182569,-0.2707651975883593,0.29209317922977357,1.9797689811103063,0.14162295697513314
14,661,33.05,case1,18,22,735.2122580230618,-883.3299866114684,63.58973226611143,23.446777513076576,-28.276631913447787,0.3345644630619608,36.73460523125669,0.009107736054380717,-0.8785066688010251,0.011854852597105309,0.11871603957181634,0.13090069827721065,1.668195243113815,0.13157533520836567
14,662,33.1,case1,2,22,734.0761770102855,-884.2147261511877,63.60062206531415,20.010759491580945,-31.038378748995306,1.1570580468891074,36.94793951115341,0.03132102260884497,-0.9981487607964538,0.014306668475870532,-0.7614465477856674,0.796569785660294,0.9498660177592246,0.09131084663045026
14,663,33.15,case1,5,25,814.5434146978931,-209.9897829030496,42.52557142409724,30.794197164276934,-13.95961162735166,1.790427555245727,33.85792324714315,0.05290528424395534,-0.4256110353857219,0.01367999588825757,-0.007614458465480506,0.10850344713177544,1.5410494194541315,0.12378671543021871
14,663,33.15,case1,13,25,814.5467690210778,-210.26615900267484,44.16606678255838,30.266235179585582,-14.923142954289972,4.7540488892820605,34.07852943455516,0.1399592460428435,-0.4580821524803877,0.01719488454796905,0.12345306830152458,0.2555789321714249,1.561503034351345,0.11709149298354359
15,535,26.75,case1,4,24,872.6611725787336,153.85282314414457,49.595155232203076,35.17547382743585,2.9351480872550852,4.902907003036697,35.63660408006307,0.13801841600473755,0.08325017017327485,0.01378458333273425,0.5634899580662334,0.7677370649191027,2.7989340215197154,0.18441947678371165
15,535,26.75,case1,12,24,873.4894789083121,154.59918919776152,50.20965944150693,35.37027493219109,3.3081813236222555,2.667793646124334,35.62467593378288,0.07495628680248623,0.09325867969519415,0.012733456498071519,-0.33366606648713043,0.3343198627886024,1.5769606228753583,0.1536167475831319
15,567,28.35,case1,1,21,-774.1732204801308,351.70942743750805,47.30720237871797,-37.116301144236196,9.486276590947558,0.10117258312508626,38.309522185498025,0.0026409282851409376,2.8913668246435065,0.022988487792849722,0.4502440037510952,0.4709978339337199,1.9881442275529708,0.15401643601346893
15,567,28.35,case1,9,21,-776.1970176287354,351.9414572177689,48.662859402820686,-36.02630126574405,10.224292195850927,4.234990527794538,37.68773910128862,0.11260835186830387,2.8650629828089405,0.009473836740615875,0.01598794475500534,0.25150601371365705,0.4934797222007964,0.09941614991321834
15,567,28.35,case1,17,21,-776.8032046962365,352.0577822829877,48.14078083469889,-36.350265987855366,9.740126626854673,4.196671995250794,37.86586800709473,0.11105809892054529,2.8797906423197954,0.013458560311890065,0.4982253077977419,0.7664501213590666,0.9624108093173969,0.08409809882137027
15,570,28.5,case1,7,27,-662.9737644437585,-612.597002840519,51.893126786630496,-28.552196950545763,-21.823671949924734,-0.11624939550246174,35.9376421319296,-0.003234758635760621,-2.4889750412528517,0.013329407330950603,-0.09238160418275163,0.27838358218457526,0.8347535732009639,0.10352647199726654
15,570,28.5,case1,15,27,-662.7983399443015,-613.6116068288333,51.97728367832455,-28.341319551391006,-22.24616787113963,2.5186255105740365,36.11738990192256,0.06979107010045135,-2.4761038081315827,0.017407521214783405,-0.6839581240828563,0.7430061439644111,1.0216819289523948,0.08931663506243238
15,584,29.2,case1,14,26,-520.7480192540312,-622.189431393168,47.882700874441795,-24.054445157034674,-24.056966729863966,2.0089791426129135,34.07917219138435,0.05898454741301676,-2.3561420790755623,0.013894216735273357,0.43289622120292204,0.44279735242054213,1.635921020696135,0.1551905301062063
15,585,29.25,case1,6,26,-520.5093885700659,-620.34804983606,47.01648129395392,-26.925800356540545,-22.31622047272233,1.9041700964380774,35.02339624855932,0.05439533715243721,-2.44953318008484,0.029743539899223074,0.5730417920556312,0.6316188084572831,2.1913081444892666,0.14549306092778458
15,603,30.15,case1,11,23,376.269195356844,945.1914471878338,54.1311613700774,18.94060570124118,33.763608987996534,2.3338066908412647,38.783688451389274,0.06021132971623516,1.0595646106240881,0.006960408369074727,0.07124136119516394,0.12549033133993856,1.7115377200070567,0.14283734673253212
15,603,30.15,case1,19,23,375.3466541952124,946.3363710158507,54.95930719183065,18.813325239474185,34.04203392205039,2.203102481668979,38.95709101897884,0.056582214412488084,1.0659209520225095,0.011713557667134179,-0.4116703015420223,0.5314598146613643,1.1822900325326349,0.12498177927420266
15,604,30.2,case1,3,23,375.192347818907,944.6410206750678,55.02810720721268,20.475564143384524,33.61745978240782,4.978064375377036,39.67572877890284,0.12580030795613287,1.02373052622929,0.01714245396775062,0.2237901104570571,0.22610722905162475,0.8724305226097696,0.11218256994353282
15,626,31.3,case1,0,20,-807.6092819733966,-567.5146461481041,55.40989219988394,-34.37864113051074,-13.790207434831304,3.2046871345235215,37.17970961030091,0.08630160630632672,-2.7601149457736844,0.004812194856519131,0.060280218360072524,0.6812382122625135,1.6423460171811934,0.12834415988566686
15,626,31.3,case1,8,20,-807.0256663566599,-566.6404565906762,53.899747843253934,-35.8403392320032,-12.68545633642635,2.5239906735145707,38.102772177998226,0.06629019475024717,-2.801408992305071,0.01926294004945591,-0.08261411345248665,0.2793993306070143,2.0966990608995957,0.14951529882290537
15,627,31.35,case1,16,20,-806.4474971353569,-568.4436659540606,53.89004879239807,-35.45467015058634,-15.270993168253186,2.6722692128824206,38.69596736842009,0.06911308807754069,-2.7348881156364997,0.023976359369208885,-0.21870115925984093,0.42123773554575694,1.1590815217871677,0.09244113111111193
15,661,33.05,case1,10,22,734.0843217444313,-883.825518554265,65.14822202920553,20.937145948332645,-29.659292169490644,3.4405276180995945,36.46745018160575,0.09448569018287206,-0.9561069336927095,0.006653989437574803,-0.379231594541652,0.5812598612866874,2.0036648527365593,0.1396264283886869
15,661,33.05,case1,18,22,734.47396499497,-883.9717818079462,64.25760964684154,20.681187325045887,-30.289181378106285,2.3185356624452313,36.74944387807099,0.06313228972399022,-0.971713483085146,0.011590194948557894,-0.1337687759053579,0.38443262068166195,1.3871772577592145,0.1278346173320969
15,662,33.1,case1,2,22,733.9012613862376,-884.4024121960591,63.4316025252946,21.10025790459866,-30.32195509159761,1.356127994911145,36.96594280355936,0.03669410998380996,-0.9628449113762985,0.012410136905523582,0.15519931000845094,0.24339041909413664,1.2568082422933016,0.09350646102372243
15,662,33.1,case1,13,25,815.2903800793028,-208.4334092138326,43.639998109139185,31.169014723240892,-13.061076928369257,-0.3976555021109135,33.79729780980643,-0.011766167813598377,-0.39681201770010904,0.011413876528963965,0.2943561645812964,0.6557065831432081,1.9857350511271703,0.17289415384479304
15,663,33.15,case1,5,25,814.7741780898267,-209.92090384034444,43.31698833509428,30.19494930571043,-15.789905897753048,2.0702364835166986,34.137105485556376,0.060681992224213985,-0.4818244732836222,0.020507062976602868,0.36886226359624574,0.3933492095556089,1.073014272473666,0.11088535586987923
16,535,26.75,case1,4,24,872.0874225463934,154.4982790496406,50.17885400489475,35.2773210520529,4.841418906899403,1.414928368570221,35.636087606945324,0.0397153698864868,0.13638684739729465,0.012473786337127557,0.30756082042858135,0.409020794592381,2.8319107665398344,0.19249137492594187
16,535,26.75,case1,12,24,872.970830641046,154.94871543047063,49.850375312761386,35.417392713259545,3.703409899335376,0.913093238319187,35.622193794734336,0.02563551426085561,0.1041861089355682,0.011842834847834676,0.03414050515850192,0.08921429540309837,1.916083854382817,0.16618216374369058
16,567,28.35,case1,1,21,-774.6096147978627,350.3928502763988,47.713973085169506,-37.00376849048949,9.87773920063961,0.6766781095771305,38.30543704851279,0.017666246912203677,2.880736272096272,0.023323735128928408,-0.37179644134160705,0.40420703799630214,1.9900136267121022,0.1546387048998633
16,567,28.35,case1,9,21,-776.3505185409962,351.9975543088215,48.360889056619236,-36.40779224219384,9.655632923769364,1.227470995971323,37.68640694143288,0.03257641749094477,2.882352705690785,0.011309024346528328,-0.09127376136231344,0.1556478687354579,0.5045458914281632,0.09536685950692482
16,567,28.35,case1,17,21,-777.2409535094886,351.1095023590413,48.13109661261083,-36.59882913235241,9.741249003146786,0.6845162132802082,37.87921314450287,0.018072008843027842,2.8814606805334493,0.01698322078020579,-0.23722654232802975,0.3708398491625953,1.5239550111188809,0.08659791648353075
16,570,28.5,case1,7,27,-663.307545451856,-612.0421549004315,52.90473611430372,-27.287831543992905,-23.28136200597577,2.113605566150603,35.932087271906276,0.058856206072942376,-2.4352568170310676,0.0120239910713144,-0.0024018206032005995,0.07740304314808054,1.1729547193854941,0.10866283563063701
16,570,28.5,case1,15,27,-663.4881249622134,-612.3275280804414,54.4726964974233,-28.063231758408907,-22.361772564231803,4.053003872249949,36.11122663838869,0.11247365932999305,-2.4687844123591334,0.016492527982307707,0.3301132741497556,0.36283331726483253,2.218391923587126,0.10780562718342131
16,584,29.2,case1,14,26,-520.6947032261229,-621.7579077485474,47.14833896494223,-26.83764627407934,-20.929962669405093,-0.22882387962796055,34.034907892385775,-0.006723262018308433,-2.479245163894857,0.014832636385221724,-0.3256221179094692,0.3311999080383841,2.2773613877426353,0.16781582814245105
16,585,29.25,case1,6,26,-518.7351785511273,-621.3442333640489,47.424712150155706,-26.966400393890055,-22.36769152887632,2.209800159635573,35.10532140972483,0.06298937133055951,-2.4491415389431572,0.03010027495348465,0.15578673795538792,0.5516847101633049,1.4964441288531871,0.14940686617723403
16,603,30.15,case1,11,23,376.0646345705274,945.0671951455835,54.765241947540304,17.822351659374412,34.4361866398336,0.16546250199814022,38.775179519938106,0.004267240183235913,1.0932097104462342,0.008484333710837419,0.26100888564775143,0.2730570237657199,1.8542531075283635,0.14743263247625352
16,603,30.15,case1,19,23,375.473654423236,946.0577948792453,55.1367025285748,18.895094383474337,33.871143763423035,3.6757395622132787,38.95882484023478,0.09448988741786761,1.061944498400094,0.008572811957099118,0.031405541730484404,0.41232225697556385,1.338042759426153,0.1295756699150408
16,604,30.2,case1,3,23,374.71261315674144,944.7309605606374,54.99656470532865,17.776099618959105,35.449885700399896,1.3455276762042692,39.679901191434524,0.0339160539772445,1.105994926002247,0.0194627938274673,-0.4335482959152115,0.6172228207799911,1.1095879213535815,0.11687791369775753
16,626,31.3,case1,0,20,-807.5366007815277,-567.5523039119861,54.63130662913425,-35.09551363028479,-12.242808813679364,0.5592816166420345,37.17383811968472,0.015045600515359492,-2.8059493331911933,0.004820393178886151,0.07532161670413373,0.24013003005310957,1.1558120666138179,0.1265399116788494
16,626,31.3,case1,8,20,-806.258249381398,-568.0625233008993,53.752958706643035,-34.801790401576525,-15.504363198719108,1.170037579053284,38.11717304955151,0.03070063450915337,-2.7224832563482386,0.02029581057161973,-0.2090418019380536,0.5687002645464512,1.9661837344959012,0.14894069888093667
16,627,31.35,case1,16,20,-806.8794448605379,-566.9366006382877,53.82638672638725,-36.33178829906196,-13.140340176192177,2.2190978253924865,38.698730936718945,0.05737438199405443,-2.7945540501884985,0.023836742942857928,-0.11381488155773933,0.3645263068980015,0.5067914500718863,0.09744588193142219
16,661,33.05,case1,10,22,733.7237024722098,-884.0798894114747,63.830878466075426,20.948679847347048,-29.8234488769632,1.4018085153548427,36.47259734893038,0.0384440367808459,-0.9584459616262712,0.006526036192380543,0.4433756594657444,0.4434477923370531,2.032882046099501,0.14183285402309526
16,661,33.05,case1,18,22,733.9690279541944,-884.1707678332893,63.6497706013837,23.316482439965426,-28.4022021240745,-0.5590011836976431,36.75127101466524,-0.015210977068792915,-0.8834173190572184,0.009943005462458868,0.3507144617093016,0.35266827552483043,1.8284580433073159,0.13557567846779592
16,662,33.1,case1,2,22,734.4389595455417,-883.8411049760988,64.78201726367398,21.525078427161155,-30.027142470411295,0.7371191652541133,36.952694501180844,0.0199489663280781,-0.9488482568641257,0.0137091708582721,-0.23771047662454742,0.30647464317372175,0.6675548616733543,0.09091262684139631
16,662,33.1,case1,5,25,815.3920265492934,-209.63820099012446,44.31422357622874,30.55689761615189,-14.594728750887189,1.9129483541095547,33.91739186083524,0.056430164001281057,-0.44558766844910674,0.016644574487512248,0.2177240210106476,0.7638570048316362,1.763643596820353,0.15948013737569586
16,662,33.1,case1,13,25,816.1043393977948,-209.81900384396295,43.10318248906654,30.924266665649778,-14.105195124703442,0.8309870956462588,33.99937260990718,0.024443682021065907,-0.4279321485709095,0.01706897389623626,0.30922654118715887,0.3478199622907028,1.1315921477320345,0.138893479661832
17,535,26.75,case1,4,24,872.0461556728181,154.5011535650419,50.59039976575161,34.95782282518975,5.3507900666363035,4.61162952268981,35.66437238854927,0.12966941666336404,0.15188533353025369,0.009888615555477931,0.757928219682452,0.7632444709314389,2.8659658545905566,0.19287216900401727
17,535,26.75,case1,12,24,873.2139328746579,153.80684959094418,50.62953589313175,35.169649118177205,4.785710107161476,2.6539397138816097,35.59284529691899,0.07463312021954618,0.1352443387898611,0.011237456850889407,0.7973600903359909,0.8344198255655404,2.338785356407844,0.16875408672025183
17,567,28.35,case1,1,21,-774.6247397652448,351.0949046867874,48.692086277034676,-36.267198137893836,11.77806264612246,3.4875062574354505,38.29092738972101,0.09120557541530484,2.827579652960593,0.02146642530498336,-0.1539047634411259,0.2137443835784756,1.4990898180004524,0.14528507268385207
17,567,28.35,case1,9,21,-776.4926839313364,352.14449583115413,47.85784326620648,-35.99774059469935,11.181535183418362,0.2855631157237766,37.69543212743886,0.007575608794737634,2.8404235437690954,0.01089195907363195,-0.13314461526417062,0.21741232960994672,0.825538488588033,0.0919122929558581
17,567,28.35,case1,17,21,-777.2995838573736,351.0316736623514,49.79185977408424,-35.99125446341193,10.848502566476629,4.63666045604032,37.87557294575921,0.12272607124487844,2.8488331415800165,0.015469610245150573,0.0551913852128903,0.0776554175648944,2.1868121963243468,0.09170474156997933
17,570,28.5,case1,7,27,-662.852761758037,-612.437723977549,54.416144885701954,-27.097469800894572,-23.482975202021095,2.3027794985130225,35.93084729543548,0.06413316158921326,-2.427533538643607,0.01383771638354979,-0.2489703915712279,0.7690600223420686,1.9396529267458416,0.11653730427723673
17,570,28.5,case1,15,27,-663.1932881074595,-613.0377565400948,52.07250754759537,-27.39151484063778,-23.526113230825583,0.5533983839589269,36.11203869606194,0.015325084548763815,-2.43196395976345,0.01608454571233975,0.13511238550257498,0.24300014581531748,0.8664313880903322,0.09002457845506484
17,584,29.2,case1,14,26,-519.7281132392983,-622.9395704287159,48.587869837152795,-24.674468962198972,-23.41237907334883,1.2610481500394346,34.03761382467079,0.037057145703728235,-2.3824345175812827,0.01544685506689221,0.0005289249479004388,0.6484096339396066,1.7188719383222777,0.15827617351379047
17,585,29.25,case1,6,26,-519.3564350302768,-620.9184051502989,48.11644810623235,-25.63709032347918,-23.8734351995222,1.8897846937682572,35.08236871519391,0.05389316280116185,-2.3918012565736793,0.030160847133277116,0.05194843514427033,0.1255127577033898,1.3394210398139752,0.14493063185417235
17,603,30.15,case1,11,23,376.4229361786388,945.0728270800895,53.614980428409105,20.21651203825068,33.10606732183818,0.007219105969589386,38.79070899875778,0.00018610399751890316,1.0225762984829978,0.010896813586695343,0.2875057515085422,0.330849364864163,1.983518964462507,0.1455707929961009
17,603,30.15,case1,19,23,376.4377754688085,945.7069278109303,54.264891715116306,18.449917376016227,34.1674394722818,3.382839820719933,38.977647139437686,0.08689855158078733,1.075674392004098,0.011031648891092748,0.12532516928470916,0.13235045863463163,1.1973839561642519,0.128402124091438
17,604,30.2,case1,3,23,375.0872514194735,944.7530750814838,55.627921430593936,19.00331949891184,34.78955131104244,0.744186616689302,39.648364986741086,0.01877076949011866,1.0708472222179155,0.018419294667644484,0.5492903973514152,0.8603831625361456,1.4166261241903855,0.11496556777104822
17,626,31.3,case1,0,20,-807.8537015797561,-567.0144603604036,54.386002638339285,-34.429166291767736,-14.005930738810052,1.1983455686959645,37.18829949740312,0.03222930516433637,-2.7552343518141234,0.0046369235085261164,0.6830085191791965,0.9366797909127916,1.430329662157097,0.128749612612031
17,626,31.3,case1,8,20,-806.5126915244269,-567.6400886780237,54.00846670895683,-35.65826626680591,-13.37637659044803,-1.0069037704451065,38.097942976581436,-0.026432425237564235,-2.782710691215496,0.020633689086863,-0.49804869091494686,0.7812753467246362,1.8133092131855657,0.14682628232472553
17,627,31.35,case1,16,20,-806.8046869092769,-567.4779486295016,53.2333043381762,-36.528710814765645,-12.274160448943281,3.322249834587641,38.67866430577195,0.08599957150624295,-2.817431388074673,0.020774561024301738,-0.4822062200314027,0.4878451389875863,0.8416090002552039,0.09530161556776988
17,661,33.05,case1,10,22,734.7021568312027,-883.3293943400653,64.34346821580321,24.186911251334653,-27.10709512000236,3.149989478311884,36.465376940849936,0.08649081696913227,-0.8422670914631345,0.0036892142128724945,0.3604125117802227,0.4570697990627068,1.7289875164724386,0.13812182313618854
17,661,33.05,case1,18,22,734.4666166909569,-883.953445349132,63.175988025093616,19.897215549623255,-30.887056214820554,0.8408852918960351,36.750734908567225,0.022882771805937455,-0.9985144193012927,0.013678465999908152,-0.4034263302979434,0.4417043607599872,1.7653208874553397,0.1322248931311895
17,662,33.1,case1,2,22,734.502525187252,-883.9104249331747,63.7711389749067,23.469560643406805,-28.539324733241497,-0.3815686118641463,36.95211668672743,-0.010326212063446794,-0.8825699669198639,0.010561933649669607,-0.11178531286268364,0.22601454025129608,0.47533867978668676,0.08852361564522797
17,662,33.1,case1,13,25,814.6148457134202,-208.78225974060433,43.524532690727916,30.812130710261147,-13.80186503161952,0.6899630729809143,33.769141628109786,0.02043318407602105,-0.4211362431513027,0.011537486084210855,-0.11177155550766024,0.2608450692624895,2.4844564383399033,0.188452447838473
17,663,33.15,case1,5,25,813.7753513254823,-210.13197690100262,44.54984801239174,29.850049085226804,-16.249350589321768,3.533430843875036,34.16945944105041,0.10359422755279893,-0.49850736330932116,0.022504272346820897,0.33652133153203345,0.3612821379698753,1.953796580692066,0.1400838858902054
18,535,26.75,case1,4,24,872.0240103632968,155.30544742807493,51.048808736122886,35.070566946515896,4.373274138777673,4.565488970642902,35.63585107983275,0.12846813644392796,0.12405888139170468,0.01266115343378335,-0.11209396945430519,0.3075786045409487,2.751054626673872,0.18912958094113005
18,535,26.75,case1,12,24,872.8103267513595,156.2820584425719,51.74566411521211,35.26610956690489,4.564927188663157,1.7203864955797716,35.60192093015361,0.04834168214640739,0.1287265573161863,0.013986046182727665,-0.6710370950093413,0.7786878057516056,2.3967394923819363,0.16850945753753882
18,567,28.35,case1,1,21,-774.224586501,351.9963853326669,49.02685309820602,-35.9435919219798,13.173973660484775,1.4050779647947975,38.3075661762544,0.03668709205485936,2.7902789080762496,0.021021413559512977,-0.26104335464558176,0.4302380104369501,1.828004256862832,0.14837067592287895
18,567,28.35,case1,9,21,-776.2877922297932,352.53761438558416,48.59787957832083,-35.846693650931286,11.552299625944896,1.5982511089218963,37.696093683013025,0.042411034704871245,2.8298322865168184,0.009834287171887739,0.07897975838065624,0.1816755691615294,0.8907223988972802,0.09293800303330965
18,567,28.35,case1,17,21,-777.2141397135726,351.3412609952143,49.09685889915629,-36.47631712196445,9.959695001995703,2.2170970808048898,37.87654623616847,0.058568305197461056,2.8750444129495203,0.015204195852492199,-0.1291600310965659,0.19709509097955766,1.6080014251204289,0.08426761774144523
18,570,28.5,case1,7,27,-662.8725032254176,-612.6500266998708,53.22569813590726,-26.192306397324415,-24.51167247355582,1.9481008828156026,35.925674647970396,0.054252477684488355,-2.3893283563395133,0.011127860611996556,0.3207595482283432,0.3394988993128183,0.791262758460195,0.10351993775646201
18,570,28.5,case1,15,27,-663.906177440024,-612.0107209363572,53.29142790965878,-29.507281241892024,-20.816450524541374,0.6769070861850263,36.11734295227321,0.018742982326929784,-2.527206132494561,0.017764073856658274,0.2702126141729919,0.38777014584933417,1.781684393120422,0.10062351656896809
18,584,29.2,case1,14,26,-521.2596732010693,-621.9403767312845,47.74213514637614,-26.811152635617233,-20.895746154175367,2.226557902731424,34.06505061032957,0.06540857259303,-2.4795596087884553,0.014384747781340261,-0.068125086265483,0.07000941754526507,1.8503562654158943,0.15208778339197238
18,585,29.25,case1,6,26,-519.5437415679684,-621.7001591408094,47.60432603953247,-25.337603950279266,-23.945885325692227,3.6438916104377523,35.052496972983654,0.10414341690250395,-2.3844260314831343,0.0282333824197843,0.21965663833377644,0.7958119225048332,0.6930119257439289,0.12596389806441186
18,603,30.15,case1,11,23,375.4644314546772,945.6696674569056,53.44993868798482,19.33202505959295,33.55637852160025,1.9722323779570208,38.77689302848162,0.05088297500453543,1.048131388899075,0.0069312099873745855,-0.40490820184981446,0.5370991816048994,1.7329965891232746,0.1418271456679609
18,603,30.15,case1,19,23,375.5637771422965,946.1840753565424,54.515744013190535,18.343059018654227,34.26342355147861,2.897100968772983,38.97233892972189,0.07440600068249735,1.0792671788756127,0.01135727575290277,-0.061507744110606055,0.1846786110780643,0.9783845552395067,0.12527998642456753
18,604,30.2,case1,3,23,375.1980646044324,944.7130875925587,54.1233158835145,18.56634610721162,34.931567342027506,3.0723331507358256,39.678241338704574,0.07750876636018413,1.0822625550244138,0.017272130089265696,-0.11801582148681672,0.2547807370556256,0.4762494188795299,0.11105367442538464
18,626,31.3,case1,0,20,-808.0232360891201,-567.0803254129085,53.86509560381836,-34.57733187844262,-13.432911680001991,2.412313692189301,37.17330027565782,0.0649393519362643,-2.77104880354298,0.004415436835820278,0.20350189547761072,0.2350730830545575,1.3423328373122914,0.1245364464395745
18,626,31.3,case1,8,20,-806.680228364246,-567.315931659818,54.89548092667896,-35.04135015636713,-14.33331170154147,4.329666242859538,38.10624692736394,0.11386680453653969,-2.753317599778004,0.01694054351500644,0.29879635606704613,0.4802391714132468,1.9800688157178437,0.1473049324726968
18,627,31.35,case1,16,20,-806.7471833138372,-567.2859275839637,55.62526264525861,-35.911432641620316,-14.386715931865949,1.6188805000429316,38.719883312727816,0.041822247087539996,-2.7605548405372193,0.02483337554178179,0.15789772299367663,0.24181185989838305,1.604422330964942,0.1020485087099746
18,661,33.05,case1,10,22,734.3746291803459,-883.6448383830196,64.69722604079656,21.596073956039877,-29.30931977331032,2.0336047804714776,36.46316201719291,0.05580044041508794,-0.9357754940245474,0.00582791609562411,-0.36435425039209135,0.36609615876268736,1.7372349319444205,0.13728650852430302
18,661,33.05,case1,18,22,735.0466477820202,-883.5274141719626,64.14432854240987,22.216994932304296,-29.17019491679482,2.38538736188824,36.74486641929854,0.06496325153620991,-0.9198913173213392,0.01319417250306233,-0.25970154848544175,0.3972185098299465,1.3996122709610017,0.12820713320538615
18,662,33.1,case1,2,22,734.9991237877056,-883.5651615425908,63.772443551504544,21.836252302520332,-29.81099933483258,0.35333261014351064,36.95459971226997,0.009561407689264246,-0.938596266875868,0.013402089351830314,-0.7232602104711611,0.7249662857152605,0.5622397191559428,0.08791663356808153
18,662,33.1,case1,5,25,816.6058816654228,-209.46590589641156,43.71178068281205,30.875997789610917,-14.10721203564726,1.7339477259638132,33.99039931567654,0.05103501837593924,-0.4285762911000539,0.018096227348018253,-0.3747780984361019,0.4128331230847402,0.4128275948060989,0.1254475039543913
18,662,33.1,case1,13,25,817.4990730521015,-209.91818693049018,43.48033805090196,31.688576241883812,-11.802466849938206,2.6988784810145208,33.92267726811751,0.07964388552611351,-0.3565347510892572,0.014890623539772723,0.28324004855328905,0.4183614104346225,0.7152613458172,0.09796305097665806
19,535,26.75,case1,4,24,872.1956685397067,155.31104343254344,50.70695767255918,34.9622232328285,6.057150357231424,3.0579530738527545,35.61456444818786,0.08596828372308313,0.17154564236191752,0.00869880246176768,0.3993616581445385,0.5342411941638758,2.521472480027985,0.18446397120802177
19,535,26.75,case1,12,24,873.3134491628982,153.6976209003646,49.7417117638671,35.29876029062751,4.669751691763471,1.448155363164144,35.63574347300433,0.04064891328133508,0.13152847434817636,0.012210565103083252,0.29842583211722723,0.33341335516676973,2.4456298890487336,0.1691383148114314
19,566,28.3,case1,17,21,-775.1533438343158,352.0141196461491,47.76468563582848,-36.6455954341711,8.267200828964109,4.648483744255691,37.85306692187538,0.12311413144788999,2.9197083775550543,0.011846766148324,-0.12472706073568869,0.7554270712841464,2.925667688673559,0.18489181601522153
19,567,28.35,case1,1,21,-775.1416281637927,349.5861209370019,48.08300515412588,-37.37634030702412,8.314682943592137,0.7884435667382284,38.29812541700793,0.020588456025234198,2.922698602393579,0.023070679186213465,0.05541187001879161,0.23988308732780186,2.344205175898608,0.15286988012226652
19,567,28.35,case1,9,21,-776.6730439295724,351.64625468211125,48.04676593404437,-36.00757033895608,11.062474542990387,1.9029766154260015,37.716638035859425,0.05047599760970051,2.8435194329475526,0.010957086656585017,-0.13117889459562945,0.15902850052926723,0.8362610940721319,0.09228628505262436
19,570,28.5,case1,7,27,-662.2765544930669,-613.565837510126,51.63707974113413,-27.871179200215895,-22.637272828454602,0.5118743907602095,35.909758652939345,0.01425494757286108,-2.4594503222586317,0.010870078777261677,-0.2947745023900591,0.35735861059308693,1.199827451061653,0.10397411120287844
19,570,28.5,case1,15,27,-663.7145080329412,-612.3627986736897,52.68449548650326,-26.64111253802809,-24.35938468622148,1.5119606111575774,36.13052067774406,0.04185940912329483,-2.400904001418209,0.01812361545649533,0.5863519690899741,0.5870677687698013,1.3014108827682804,0.09554608875187155
19,584,29.2,case1,14,26,-520.5258440399466,-622.3654426061355,49.41971185645345,-26.422263152438994,-21.375751795236994,2.253307486610561,34.06077141724081,0.06620385438509899,-2.461384725104989,0.014344538123841368,-0.13973316136647812,0.5605367314665513,1.984995719236155,0.1563532005776775
19,585,29.25,case1,6,26,-519.9537976628689,-620.8238865053801,48.22287884178919,-26.70630866233889,-22.691326908796626,0.7605584939317285,35.05284137516796,0.021699187649269133,-2.4372950381570475,0.02888937559649906,-0.11634570148853768,0.3043819169947093,1.3646518875018847,0.13691673383385808
19,603,30.15,case1,11,23,376.3602166126353,945.2098444252869,53.92710987348669,17.957754099117604,34.10594791187656,4.23903562237829,38.77713292985705,0.10953683435087294,1.0861518313767389,0.005896173675915609,0.24616153323571982,0.24687933209825946,1.7429181309649309,0.14273173974448905
19,603,30.15,case1,19,23,376.2714153324592,945.9233564114919,54.52137640510966,18.714233015305517,34.043274329660505,3.109585319494238,38.972253787725535,0.07987462830035057,1.0681689189106571,0.009222201371116321,0.21197109865015606,0.3990436817269168,0.962026826410344,0.12400996684297622
19,604,30.2,case1,3,23,375.67220919624106,944.5785689346822,54.55259149288106,19.40015708528579,34.52812647672586,2.1321249177072965,39.662369692080304,0.053782796510673594,1.0588891224577315,0.017907476005430377,-0.17485487576442907,0.29669905298971505,0.4903495576510386,0.10875358208087714
19,626,31.3,case1,0,20,-807.5519663065589,-567.8360671474951,54.20558224288778,-34.52130553012059,-13.820882025305844,-0.008124135754667637,37.185176905091346,-0.0002184778047455314,-2.7607776642850292,0.005006860040259759,-0.23068341989904945,0.463588878628281,0.8244941082703615,0.12221093309448035
19,626,31.3,case1,8,20,-807.0855015509932,-566.4004597722288,53.189063199233395,-35.27405416761534,-14.339508993671128,1.0728667274873454,38.092406836722525,0.028168569819776272,-2.7554806750135534,0.020814533390252316,0.6472841492385273,0.6494179841878394,2.448918672376903,0.1553433362229089
19,627,31.35,case1,16,20,-807.0318478749912,-566.2571099369984,54.61456159236681,-36.04785155253489,-14.099468194142204,-0.8661233589633752,38.716828054273265,-0.02237258733611598,-2.7687544047336097,0.025955984918724608,0.5461284617836657,0.9430261056966281,1.276183837308756,0.10623661622749667
19,661,33.05,case1,10,22,733.7133333033161,-884.0976169978012,65.03413631588805,20.994200078827813,-29.692534614567837,2.8319153823303385,36.47496118599501,0.07771819766232722,-0.955352374317847,0.005540782355937702,-0.21626118127744598,0.39602375595501565,2.1434250147864264,0.14162410686744017
19,661,33.05,case1,18,22,734.6314519309004,-883.8637048006472,62.94907733812886,20.733603527151093,-30.328238284241866,1.3740864303773284,36.763738468292274,0.0373848421412438,-0.9711346697997735,0.013164817545686993,0.25488673356304903,0.3454678662445572,1.865592176764521,0.13323035588498613
19,662,33.1,case1,2,22,735.5948409697818,-883.1035450991888,64.13282187575241,22.972538777711325,-28.790313862144806,2.874517482252151,36.94431703158188,0.07788547683050634,-0.8973213242657001,0.01253306464987813,-0.48576994880094365,0.5062646792374914,1.1360867221972484,0.09099829380389302
19,662,33.1,case1,5,25,816.2185252175661,-210.00793114591818,43.66179017248268,30.446892394686248,-14.344181441441421,1.1057309807235667,33.674789364156794,0.0328414755751953,-0.44027896307661146,0.011053991030966858,0.2797901141276602,0.47044158526374674,0.9857764105017477,0.13381608722390298
19,662,33.1,case1,13,25,815.86393727005,-209.57671137419234,44.17274760130149,31.54139447424048,-13.269187932736514,1.0428793098607583,34.234755892643136,0.03046730269851527,-0.39821542442351676,0.021871282529801816,0.42996151369907465,0.4355171729087614,1.270382743649051,0.14570954130873492
20,535,26.75,case1,4,24,872.0190992587335,155.0945214170802,50.39105737645631,35.08697036991829,4.737232886603521,3.848944519522336,35.61391917601605,0.10828566172929065,0.13420249607156026,0.01210971170691042,0.1399197331506647,0.19611643107137577,2.7115789770580947,0.1904598180169745
20,535,26.75,case1,12,24,872.9718786850566,154.45031369704122,50.15048524296612,35.3016495200487,4.004904016983687,2.7826359842881545,35.63690191420491,0.07816255682667995,0.11296508482007526,0.013683878550030693,0.4327986478493753,0.5964641452384017,2.0828779652596547,0.16897343832286574
20,567,28.35,case1,1,21,-774.5064480288264,351.35345213199884,47.72766991664548,-36.47801458860196,10.87524181616354,4.466735450869711,38.32581582268465,0.11681185794418875,2.851851044983401,0.022045746987890313,0.1227689062233003,0.3765086358814509,1.5639641844055863,0.14732294488783174
20,567,28.35,case1,9,21,-776.6824685977994,350.9823229842969,49.25976004231022,-36.39274666000628,9.036181597349255,3.955720223816178,37.70586572151314,0.10510334389647256,2.89821818553798,0.012070484458940016,-0.10848682275272106,0.36930209544701365,1.4840042799680584,0.10094759292276106
20,567,28.35,case1,17,21,-777.2477299876374,351.36390166977014,49.67110347214654,-37.004262985982784,7.5282304037571155,2.4695973849055894,37.842947075926325,0.06530552835991711,2.9408894426672627,0.014559734412027157,0.5455176632281568,0.5785421505394257,1.9739169879487413,0.08592292771541978
20,570,28.5,case1,7,27,-662.305929569321,-613.3114679189558,52.02662027223064,-26.88022309105056,-23.796352943770284,1.2772806405066897,35.922753968532895,0.035563808075749985,-2.4169734948293735,0.01243169589943281,-0.5369928830522039,0.5444260788398365,0.744263713944595,0.10428155108366177
20,570,28.5,case1,15,27,-663.3814070282605,-612.8012344046623,52.41776958231074,-28.12955886722507,-22.580844564948787,1.8375662064641698,36.11846166289751,0.050898066128706926,-2.4651805634381887,0.016923210444196146,0.2006233193466675,0.3053192050493337,0.8883676748087823,0.0900591319118281
20,584,29.2,case1,14,26,-520.9534793781908,-622.3591063582987,48.30294726950334,-26.710445601720238,-21.052226790477654,0.6888289262725236,34.01644664526016,0.020251263123818922,-2.4741102182336414,0.014148568005816977,-0.22694949455783553,0.5401626401394687,1.4113866411834375,0.14589403113704064
20,585,29.25,case1,6,26,-518.6505317297515,-621.9683666257015,49.49875428300709,-26.011909011264887,-23.39948921175448,3.2495664759058385,35.1385143121144,0.09261109488887774,-2.4090161018869884,0.031254431564722844,-0.38623305080867354,0.41401332523870327,1.8949203857735626,0.1417066645396789
20,603,30.15,case1,11,23,376.7263378505395,944.7997131313598,54.4003605615079,19.232661845813556,33.63797924217417,1.5674309678053482,38.779708212042905,0.04042985713453198,1.0514046401749775,0.00723112258466632,0.07256792035448167,0.2498980300786313,2.134445136318999,0.14912494879161503
20,603,30.15,case1,19,23,376.2758257322214,945.6982747663034,53.643242118976566,17.92470070866801,34.60326618683311,0.4448289552145948,38.972795628380936,0.011414080180785527,1.0928478725691104,0.011902887598025927,0.06966620872417159,0.1007418998136799,1.4109963767321785,0.13178374441756596
20,604,30.2,case1,3,23,375.49125695531524,944.5295788705026,53.72547790605534,17.969141613806993,35.29257042635309,2.4436332927680424,39.67904889618282,0.06162397205065726,1.0998571296332187,0.017834120260839127,0.13764234998216696,0.2575107464023114,0.7395609787938374,0.1136163061760177
20,626,31.3,case1,0,20,-807.1583210314216,-568.7310204887576,54.03068559470356,-34.84279377453044,-12.92798436396394,1.5496861290344972,37.196163576743714,0.04167458807432798,-2.786300441468096,0.004697170325743011,-0.7321059539156394,0.7622811474175457,1.063160261578473,0.12202223705695894
20,626,31.3,case1,8,20,-806.1277148907404,-567.9943982947641,55.23599386675009,-33.94692642869314,-16.94429237964391,3.6845238184260114,38.11926775228653,0.09680892476354148,-2.678632726527879,0.021415139103344378,-0.12230880840997979,0.5678050424048555,2.3453760301628943,0.15331651480457292
20,627,31.35,case1,16,20,-806.5797219957043,-567.7615325003661,54.28867755927738,-36.365497837591214,-13.028255798098568,2.366214820919451,38.701212573965684,0.06117874268674839,-2.797579451279732,0.022744279795314633,0.05171723612523746,0.19215285388443365,0.5282514251646824,0.09384577336121214
20,661,33.05,case1,5,25,816.5999754367677,-209.58919155837012,43.37126200902754,30.33545924138169,-14.809520346183584,2.647612711066433,33.8610666302371,0.07827036271935538,-0.45415644747834694,0.014161709545691868,0.22163768199947198,0.22318485638111812,2.6056078604408954,0.19058398220623893
20,661,33.05,case1,10,22,734.6090273474739,-883.4245992159293,63.94995637033359,22.01117455558831,-29.070791688400835,0.8345297769064733,36.47326657506175,0.022882584646855934,-0.9227299893712112,0.007187547525559441,-0.30173035923033653,0.3031517751541089,1.721281771773759,0.13833264001889745
20,661,33.05,case1,13,25,817.1954540484267,-209.25862968889422,43.202708965105636,31.752159550531296,-12.198090463759899,1.2892294178270678,34.03902406909247,0.03788410183680848,-0.36678203549497346,0.01825694465658357,0.12488215089339286,0.1452177007500609,2.1523051987439508,0.17691539206961246
20,661,33.05,case1,18,22,735.8348236756692,-882.8548038948342,63.850369734226796,22.40307561064749,-29.103944290935587,0.7737849589263633,36.73603290053148,0.021064936147266358,-0.9147677888610509,0.014347480905648038,-0.4355720851362371,0.5768351432276853,2.023218800440525,0.13505039850754239
20,662,33.1,case1,2,22,733.7774086966011,-884.468967931037,63.66831547055785,21.512136858443732,-29.93146187744681,2.622252619086991,36.95322247295591,0.07102109586196469,-0.9476212595983358,0.01302467570945338,0.39043196524442925,0.6569015046194326,1.2581456646166393,0.09434391280198741
