case,ci95,cumulative_reward,data_type,episode,mean,n_episodes,nominal_abs_reward_sum,nominal_cumulative_reward,normalized_variation,parameter,parameter_value,reward_value,scaling,seed,standard_deviation,x_name,x_value
,,,distance_curve,,,,,,,alpha_dist,,4.0,0.5,,,distance,0.0
,,,distance_curve,,,,,,,alpha_dist,,3.996548074651085,0.5,,,distance,8.633539199929952
,,,distance_curve,,,,,,,alpha_dist,,3.993099128249324,0.5,,,distance,17.267078399859905
,,,distance_curve,,,,,,,alpha_dist,,3.9896531582239403,0.5,,,distance,25.900617599789857
,,,distance_curve,,,,,,,alpha_dist,,3.9862101620063775,0.5,,,distance,34.53415679971981
,,,distance_curve,,,,,,,alpha_dist,,3.9827701370302946,0.5,,,distance,43.167695999649766
,,,distance_curve,,,,,,,alpha_dist,,3.9793330807315654,0.5,,,distance,51.801235199579715
,,,distance_curve,,,,,,,alpha_dist,,3.975898990548277,0.5,,,distance,60.434774399509664
,,,distance_curve,,,,,,,alpha_dist,,3.972467863920728,0.5,,,distance,69.06831359943962
,,,distance_curve,,,,,,,alpha_dist,,3.9690396982914233,0.5,,,distance,77.70185279936958
,,,distance_curve,,,,,,,alpha_dist,,3.965614491105078,0.5,,,distance,86.33539199929953
,,,distance_curve,,,,,,,alpha_dist,,3.9621922398086102,0.5,,,distance,94.96893119922947
,,,distance_curve,,,,,,,alpha_dist,,3.958772941851143,0.5,,,distance,103.60247039915943
,,,distance_curve,,,,,,,alpha_dist,,3.9553565946839995,0.5,,,distance,112.23600959908939
,,,distance_curve,,,,,,,alpha_dist,,3.9519431957607027,0.5,,,distance,120.86954879901933
,,,distance_curve,,,,,,,alpha_dist,,3.948532742536973,0.5,,,distance,129.5030879989493
,,,distance_curve,,,,,,,alpha_dist,,3.945125232470727,0.5,,,distance,138.13662719887924
,,,distance_curve,,,,,,,alpha_dist,,3.9417206630220747,0.5,,,distance,146.77016639880918
,,,distance_curve,,,,,,,alpha_dist,,3.9383190316533176,0.5,,,distance,155.40370559873915
,,,distance_curve,,,,,,,alpha_dist,,3.934920335828948,0.5,,,distance,164.0372447986691
,,,distance_curve,,,,,,,alpha_dist,,3.931524573015646,0.5,,,distance,172.67078399859906
,,,distance_curve,,,,,,,alpha_dist,,3.9281317406822778,0.5,,,distance,181.304323198529
,,,distance_curve,,,,,,,alpha_dist,,3.924741836299893,0.5,,,distance,189.93786239845895
,,,distance_curve,,,,,,,alpha_dist,,3.921354857341725,0.5,,,distance,198.57140159838892
,,,distance_curve,,,,,,,alpha_dist,,3.917970801283188,0.5,,,distance,207.20494079831886
,,,distance_curve,,,,,,,alpha_dist,,3.914589665601874,0.5,,,distance,215.8384799982488
,,,distance_curve,,,,,,,alpha_dist,,3.911211447777551,0.5,,,distance,224.47201919817877
,,,distance_curve,,,,,,,alpha_dist,,3.9078361452921637,0.5,,,distance,233.1055583981087
,,,distance_curve,,,,,,,alpha_dist,,3.9044637556298287,0.5,,,distance,241.73909759803865
,,,distance_curve,,,,,,,alpha_dist,,3.9010942762768344,0.5,,,distance,250.37263679796862
,,,distance_curve,,,,,,,alpha_dist,,3.8977277047216377,0.5,,,distance,259.0061759978986
,,,distance_curve,,,,,,,alpha_dist,,3.8943640384548632,0.5,,,distance,267.63971519782854
,,,distance_curve,,,,,,,alpha_dist,,3.891003274969302,0.5,,,distance,276.2732543977585
,,,distance_curve,,,,,,,alpha_dist,,3.887645411759908,0.5,,,distance,284.9067935976884
,,,distance_curve,,,,,,,alpha_dist,,3.884290446323796,0.5,,,distance,293.54033279761836
,,,distance_curve,,,,,,,alpha_dist,,3.880938376160243,0.5,,,distance,302.17387199754836
,,,distance_curve,,,,,,,alpha_dist,,3.8775891987706816,0.5,,,distance,310.8074111974783
,,,distance_curve,,,,,,,alpha_dist,,3.874242911658703,0.5,,,distance,319.44095039740824
,,,distance_curve,,,,,,,alpha_dist,,3.870899512330051,0.5,,,distance,328.0744895973382
,,,distance_curve,,,,,,,alpha_dist,,3.867558998292622,0.5,,,distance,336.7080287972681
,,,distance_curve,,,,,,,alpha_dist,,3.864221367056465,0.5,,,distance,345.3415679971981
,,,distance_curve,,,,,,,alpha_dist,,3.8608866161337745,0.5,,,distance,353.97510719712807
,,,distance_curve,,,,,,,alpha_dist,,3.857554743038895,0.5,,,distance,362.608646397058
,,,distance_curve,,,,,,,alpha_dist,,3.854225745288314,0.5,,,distance,371.24218559698795
,,,distance_curve,,,,,,,alpha_dist,,3.850899620400664,0.5,,,distance,379.8757247969179
,,,distance_curve,,,,,,,alpha_dist,,3.847576365896717,0.5,,,distance,388.50926399684784
,,,distance_curve,,,,,,,alpha_dist,,3.844255979299386,0.5,,,distance,397.14280319677783
,,,distance_curve,,,,,,,alpha_dist,,3.8409384581337207,0.5,,,distance,405.7763423967078
,,,distance_curve,,,,,,,alpha_dist,,3.837623799926907,0.5,,,distance,414.4098815966377
,,,distance_curve,,,,,,,alpha_dist,,3.8343120022082653,0.5,,,distance,423.04342079656766
,,,distance_curve,,,,,,,alpha_dist,,3.8310030625092475,0.5,,,distance,431.6769599964976
,,,distance_curve,,,,,,,alpha_dist,,3.827696978363436,0.5,,,distance,440.3104991964276
,,,distance_curve,,,,,,,alpha_dist,,3.8243937473065417,0.5,,,distance,448.94403839635754
,,,distance_curve,,,,,,,alpha_dist,,3.821093366876402,0.5,,,distance,457.5775775962875
,,,distance_curve,,,,,,,alpha_dist,,3.817795834612979,0.5,,,distance,466.2111167962174
,,,distance_curve,,,,,,,alpha_dist,,3.8145011480583584,0.5,,,distance,474.84465599614737
,,,distance_curve,,,,,,,alpha_dist,,3.811209304756747,0.5,,,distance,483.4781951960773
,,,distance_curve,,,,,,,alpha_dist,,3.807920302254469,0.5,,,distance,492.1117343960073
,,,distance_curve,,,,,,,alpha_dist,,3.8046341380999693,0.5,,,distance,500.74527359593725
,,,distance_curve,,,,,,,alpha_dist,,3.8013508098438056,0.5,,,distance,509.3788127958672
,,,distance_curve,,,,,,,alpha_dist,,3.7980703150386512,0.5,,,distance,518.0123519957972
,,,distance_curve,,,,,,,alpha_dist,,3.79479265123929,0.5,,,distance,526.6458911957271
,,,distance_curve,,,,,,,alpha_dist,,3.791517816002618,0.5,,,distance,535.2794303956571
,,,distance_curve,,,,,,,alpha_dist,,3.7882458068876375,0.5,,,distance,543.912969595587
,,,distance_curve,,,,,,,alpha_dist,,3.7849766214554585,0.5,,,distance,552.546508795517
,,,distance_curve,,,,,,,alpha_dist,,3.7817102572692955,0.5,,,distance,561.1800479954469
,,,distance_curve,,,,,,,alpha_dist,,3.778446711894466,0.5,,,distance,569.8135871953768
,,,distance_curve,,,,,,,alpha_dist,,3.7751859828983876,0.5,,,distance,578.4471263953068
,,,distance_curve,,,,,,,alpha_dist,,3.771928067850579,0.5,,,distance,587.0806655952367
,,,distance_curve,,,,,,,alpha_dist,,3.7686729643226546,0.5,,,distance,595.7142047951667
,,,distance_curve,,,,,,,alpha_dist,,3.7654206698883255,0.5,,,distance,604.3477439950967
,,,distance_curve,,,,,,,alpha_dist,,3.7621711821233967,0.5,,,distance,612.9812831950267
,,,distance_curve,,,,,,,alpha_dist,,3.7589244986057646,0.5,,,distance,621.6148223949566
,,,distance_curve,,,,,,,alpha_dist,,3.755680616915416,0.5,,,distance,630.2483615948865
,,,distance_curve,,,,,,,alpha_dist,,3.7524395346344264,0.5,,,distance,638.8819007948165
,,,distance_curve,,,,,,,alpha_dist,,3.7492012493469575,0.5,,,distance,647.5154399947464
,,,distance_curve,,,,,,,alpha_dist,,3.7459657586392563,0.5,,,distance,656.1489791946764
,,,distance_curve,,,,,,,alpha_dist,,3.742733060099653,0.5,,,distance,664.7825183946063
,,,distance_curve,,,,,,,alpha_dist,,3.739503151318558,0.5,,,distance,673.4160575945363
,,,distance_curve,,,,,,,alpha_dist,,3.736276029888462,0.5,,,distance,682.0495967944662
,,,distance_curve,,,,,,,alpha_dist,,3.7330516934039335,0.5,,,distance,690.6831359943963
,,,distance_curve,,,,,,,alpha_dist,,3.729830139461616,0.5,,,distance,699.3166751943262
,,,distance_curve,,,,,,,alpha_dist,,3.726611365660227,0.5,,,distance,707.9502143942561
,,,distance_curve,,,,,,,alpha_dist,,3.7233953696005577,0.5,,,distance,716.5837535941861
,,,distance_curve,,,,,,,alpha_dist,,3.7201821488854687,0.5,,,distance,725.217292794116
,,,distance_curve,,,,,,,alpha_dist,,3.7169717011198893,0.5,,,distance,733.850831994046
,,,distance_curve,,,,,,,alpha_dist,,3.7137640239108154,0.5,,,distance,742.4843711939759
,,,distance_curve,,,,,,,alpha_dist,,3.710559114867309,0.5,,,distance,751.1179103939058
,,,distance_curve,,,,,,,alpha_dist,,3.7073569716004946,0.5,,,distance,759.7514495938358
,,,distance_curve,,,,,,,alpha_dist,,3.7041575917235585,0.5,,,distance,768.3849887937657
,,,distance_curve,,,,,,,alpha_dist,,3.700960972851747,0.5,,,distance,777.0185279936957
,,,distance_curve,,,,,,,alpha_dist,,3.697767112602364,0.5,,,distance,785.6520671936257
,,,distance_curve,,,,,,,alpha_dist,,3.6945760085947703,0.5,,,distance,794.2856063935557
,,,distance_curve,,,,,,,alpha_dist,,3.6913876584503797,0.5,,,distance,802.9191455934856
,,,distance_curve,,,,,,,alpha_dist,,3.6882020597926606,0.5,,,distance,811.5526847934156
,,,distance_curve,,,,,,,alpha_dist,,3.6850192102471313,0.5,,,distance,820.1862239933455
,,,distance_curve,,,,,,,alpha_dist,,3.6818391074413586,0.5,,,distance,828.8197631932754
,,,distance_curve,,,,,,,alpha_dist,,3.6786617490049576,0.5,,,distance,837.4533023932054
,,,distance_curve,,,,,,,alpha_dist,,3.6754871325695895,0.5,,,distance,846.0868415931353
,,,distance_curve,,,,,,,alpha_dist,,3.6723152557689573,0.5,,,distance,854.7203807930653
,,,distance_curve,,,,,,,alpha_dist,,3.6691461162388084,0.5,,,distance,863.3539199929952
,,,distance_curve,,,,,,,alpha_dist,,3.665979711616929,0.5,,,distance,871.9874591929251
,,,distance_curve,,,,,,,alpha_dist,,3.6628160395431446,0.5,,,distance,880.6209983928552
,,,distance_curve,,,,,,,alpha_dist,,3.659655097659317,0.5,,,distance,889.2545375927851
,,,distance_curve,,,,,,,alpha_dist,,3.6564968836093428,0.5,,,distance,897.8880767927151
,,,distance_curve,,,,,,,alpha_dist,,3.653341395039153,0.5,,,distance,906.521615992645
,,,distance_curve,,,,,,,alpha_dist,,3.650188629596709,0.5,,,distance,915.155155192575
,,,distance_curve,,,,,,,alpha_dist,,3.6470385849320026,0.5,,,distance,923.7886943925049
,,,distance_curve,,,,,,,alpha_dist,,3.643891258697053,0.5,,,distance,932.4222335924348
,,,distance_curve,,,,,,,alpha_dist,,3.640746648545907,0.5,,,distance,941.0557727923648
,,,distance_curve,,,,,,,alpha_dist,,3.6376047521346337,0.5,,,distance,949.6893119922947
,,,distance_curve,,,,,,,alpha_dist,,3.6344655671213273,0.5,,,distance,958.3228511922247
,,,distance_curve,,,,,,,alpha_dist,,3.631329091166101,0.5,,,distance,966.9563903921546
,,,distance_curve,,,,,,,alpha_dist,,3.6281953219310887,0.5,,,distance,975.5899295920847
,,,distance_curve,,,,,,,alpha_dist,,3.625064257080442,0.5,,,distance,984.2234687920146
,,,distance_curve,,,,,,,alpha_dist,,3.6219358942803264,0.5,,,distance,992.8570079919446
,,,distance_curve,,,,,,,alpha_dist,,3.618810231198924,0.5,,,distance,1001.4905471918745
,,,distance_curve,,,,,,,alpha_dist,,3.6156872655064265,0.5,,,distance,1010.1240863918044
,,,distance_curve,,,,,,,alpha_dist,,3.612566994875039,0.5,,,distance,1018.7576255917344
,,,distance_curve,,,,,,,alpha_dist,,3.6094494169789737,0.5,,,distance,1027.3911647916643
,,,distance_curve,,,,,,,alpha_dist,,3.6063345294944495,0.5,,,distance,1036.0247039915944
,,,distance_curve,,,,,,,alpha_dist,,3.603222330099692,0.5,,,distance,1044.6582431915242
,,,distance_curve,,,,,,,alpha_dist,,3.6001128164749305,0.5,,,distance,1053.2917823914543
,,,distance_curve,,,,,,,alpha_dist,,3.5970059863023947,0.5,,,distance,1061.925321591384
,,,distance_curve,,,,,,,alpha_dist,,3.5939018372663156,0.5,,,distance,1070.5588607913141
,,,distance_curve,,,,,,,alpha_dist,,3.590800367052923,0.5,,,distance,1079.192399991244
,,,distance_curve,,,,,,,alpha_dist,,3.5877015733504423,0.5,,,distance,1087.825939191174
,,,distance_curve,,,,,,,alpha_dist,,3.5846054538490946,0.5,,,distance,1096.4594783911039
,,,distance_curve,,,,,,,alpha_dist,,3.5815120062410943,0.5,,,distance,1105.093017591034
,,,distance_curve,,,,,,,alpha_dist,,3.578421228220648,0.5,,,distance,1113.726556790964
,,,distance_curve,,,,,,,alpha_dist,,3.57533311748395,0.5,,,distance,1122.3600959908938
,,,distance_curve,,,,,,,alpha_dist,,3.572247671729186,0.5,,,distance,1130.9936351908239
,,,distance_curve,,,,,,,alpha_dist,,3.569164888656525,0.5,,,distance,1139.6271743907537
,,,distance_curve,,,,,,,alpha_dist,,3.5660847659681223,0.5,,,distance,1148.2607135906837
,,,distance_curve,,,,,,,alpha_dist,,3.563007301368116,0.5,,,distance,1156.8942527906136
,,,distance_curve,,,,,,,alpha_dist,,3.5599324925626257,0.5,,,distance,1165.5277919905436
,,,distance_curve,,,,,,,alpha_dist,,3.5568603372597503,0.5,,,distance,1174.1613311904734
,,,distance_curve,,,,,,,alpha_dist,,3.553790833169566,0.5,,,distance,1182.7948703904035
,,,distance_curve,,,,,,,alpha_dist,,3.550723978004126,0.5,,,distance,1191.4284095903333
,,,distance_curve,,,,,,,alpha_dist,,3.547659769477458,0.5,,,distance,1200.0619487902634
,,,distance_curve,,,,,,,alpha_dist,,3.5445982053055616,0.5,,,distance,1208.6954879901934
,,,distance_curve,,,,,,,alpha_dist,,3.5415392832064088,0.5,,,distance,1217.3290271901233
,,,distance_curve,,,,,,,alpha_dist,,3.538483000899939,0.5,,,distance,1225.9625663900533
,,,distance_curve,,,,,,,alpha_dist,,3.5354293561080614,0.5,,,distance,1234.5961055899832
,,,distance_curve,,,,,,,alpha_dist,,3.5323783465546494,0.5,,,distance,1243.2296447899132
,,,distance_curve,,,,,,,alpha_dist,,3.5293299699655423,0.5,,,distance,1251.863183989843
,,,distance_curve,,,,,,,alpha_dist,,3.5262842240685397,0.5,,,distance,1260.496723189773
,,,distance_curve,,,,,,,alpha_dist,,3.5232411065934044,0.5,,,distance,1269.130262389703
,,,distance_curve,,,,,,,alpha_dist,,3.5202006152718575,0.5,,,distance,1277.763801589633
,,,distance_curve,,,,,,,alpha_dist,,3.5171627478375767,0.5,,,distance,1286.3973407895628
,,,distance_curve,,,,,,,alpha_dist,,3.514127502026197,0.5,,,distance,1295.0308799894929
,,,distance_curve,,,,,,,alpha_dist,,3.511094875575306,0.5,,,distance,1303.664419189423
,,,distance_curve,,,,,,,alpha_dist,,3.508064866224445,0.5,,,distance,1312.2979583893527
,,,distance_curve,,,,,,,alpha_dist,,3.505037471715106,0.5,,,distance,1320.9314975892828
,,,distance_curve,,,,,,,alpha_dist,,3.502012689790728,0.5,,,distance,1329.5650367892126
,,,distance_curve,,,,,,,alpha_dist,,3.4989905181967007,0.5,,,distance,1338.1985759891427
,,,distance_curve,,,,,,,alpha_dist,,3.495970954680357,0.5,,,distance,1346.8321151890725
,,,distance_curve,,,,,,,alpha_dist,,3.4929539969909738,0.5,,,distance,1355.4656543890026
,,,distance_curve,,,,,,,alpha_dist,,3.489939642879772,0.5,,,distance,1364.0991935889324
,,,distance_curve,,,,,,,alpha_dist,,3.486927890099912,0.5,,,distance,1372.7327327888624
,,,distance_curve,,,,,,,alpha_dist,,3.4839187364064936,0.5,,,distance,1381.3662719887925
,,,distance_curve,,,,,,,alpha_dist,,3.480912179556553,0.5,,,distance,1389.9998111887223
,,,distance_curve,,,,,,,alpha_dist,,3.477908217309064,0.5,,,distance,1398.6333503886524
,,,distance_curve,,,,,,,alpha_dist,,3.474906847424932,0.5,,,distance,1407.2668895885822
,,,distance_curve,,,,,,,alpha_dist,,3.4719080676669956,0.5,,,distance,1415.9004287885123
,,,distance_curve,,,,,,,alpha_dist,,3.4689118758000252,0.5,,,distance,1424.533967988442
,,,distance_curve,,,,,,,alpha_dist,,3.465918269590719,0.5,,,distance,1433.1675071883722
,,,distance_curve,,,,,,,alpha_dist,,3.462927246807702,0.5,,,distance,1441.801046388302
,,,distance_curve,,,,,,,alpha_dist,,3.459938805221526,0.5,,,distance,1450.434585588232
,,,distance_curve,,,,,,,alpha_dist,,3.4569529426046666,0.5,,,distance,1459.0681247881619
,,,distance_curve,,,,,,,alpha_dist,,3.4539696567315206,0.5,,,distance,1467.701663988092
,,,distance_curve,,,,,,,alpha_dist,,3.4509889453784073,0.5,,,distance,1476.335203188022
,,,distance_curve,,,,,,,alpha_dist,,3.448010806323563,0.5,,,distance,1484.9687423879518
,,,distance_curve,,,,,,,alpha_dist,,3.4450352373471427,0.5,,,distance,1493.6022815878819
,,,distance_curve,,,,,,,alpha_dist,,3.4420622362312168,0.5,,,distance,1502.2358207878117
,,,distance_curve,,,,,,,alpha_dist,,3.4390918007597695,0.5,,,distance,1510.8693599877417
,,,distance_curve,,,,,,,alpha_dist,,3.4361239287186973,0.5,,,distance,1519.5028991876716
,,,distance_curve,,,,,,,alpha_dist,,3.433158617895808,0.5,,,distance,1528.1364383876016
,,,distance_curve,,,,,,,alpha_dist,,3.430195866080818,0.5,,,distance,1536.7699775875315
,,,distance_curve,,,,,,,alpha_dist,,3.4272356710653513,0.5,,,distance,1545.4035167874615
,,,distance_curve,,,,,,,alpha_dist,,3.4242780306429372,0.5,,,distance,1554.0370559873913
,,,distance_curve,,,,,,,alpha_dist,,3.42132294260901,0.5,,,distance,1562.6705951873214
,,,distance_curve,,,,,,,alpha_dist,,3.418370404760906,0.5,,,distance,1571.3041343872515
,,,distance_curve,,,,,,,alpha_dist,,3.4154204148978624,0.5,,,distance,1579.9376735871813
,,,distance_curve,,,,,,,alpha_dist,,3.4124729708210157,0.5,,,distance,1588.5712127871113
,,,distance_curve,,,,,,,alpha_dist,,3.4095280703333994,0.5,,,distance,1597.2047519870412
,,,distance_curve,,,,,,,alpha_dist,,3.4065857112399445,0.5,,,distance,1605.8382911869712
,,,distance_curve,,,,,,,alpha_dist,,3.4036458913474745,0.5,,,distance,1614.471830386901
,,,distance_curve,,,,,,,alpha_dist,,3.4007086084647065,0.5,,,distance,1623.105369586831
,,,distance_curve,,,,,,,alpha_dist,,3.397773860402248,0.5,,,distance,1631.738908786761
,,,distance_curve,,,,,,,alpha_dist,,3.3948416449725975,0.5,,,distance,1640.372447986691
,,,distance_curve,,,,,,,alpha_dist,,3.3919119599901393,0.5,,,distance,1649.0059871866208
,,,distance_curve,,,,,,,alpha_dist,,3.388984803271145,0.5,,,distance,1657.6395263865509
,,,distance_curve,,,,,,,alpha_dist,,3.38606017263377,0.5,,,distance,1666.273065586481
,,,distance_curve,,,,,,,alpha_dist,,3.383138065898054,0.5,,,distance,1674.9066047864108
,,,distance_curve,,,,,,,alpha_dist,,3.3802184808859157,0.5,,,distance,1683.5401439863408
,,,distance_curve,,,,,,,alpha_dist,,3.3773014154211554,0.5,,,distance,1692.1736831862706
,,,distance_curve,,,,,,,alpha_dist,,3.374386867329451,0.5,,,distance,1700.8072223862007
,,,distance_curve,,,,,,,alpha_dist,,3.371474834438356,0.5,,,distance,1709.4407615861305
,,,distance_curve,,,,,,,alpha_dist,,3.368565314577299,0.5,,,distance,1718.0743007860606
,,,distance_curve,,,,,,,alpha_dist,,3.365658305577583,0.5,,,distance,1726.7078399859904
,,,distance_curve,,,,,,,alpha_dist,,3.362753805272381,0.5,,,distance,1735.3413791859205
,,,distance_curve,,,,,,,alpha_dist,,3.359851811496736,0.5,,,distance,1743.9749183858503
,,,distance_curve,,,,,,,alpha_dist,,3.35695232208756,0.5,,,distance,1752.6084575857803
,,,distance_curve,,,,,,,alpha_dist,,3.3540553348836317,0.5,,,distance,1761.2419967857104
,,,distance_curve,,,,,,,alpha_dist,,3.3511608477255947,0.5,,,distance,1769.8755359856402
,,,distance_curve,,,,,,,alpha_dist,,3.348268858455956,0.5,,,distance,1778.5090751855703
,,,distance_curve,,,,,,,alpha_dist,,3.3453793649190846,0.5,,,distance,1787.1426143855
,,,distance_curve,,,,,,,alpha_dist,,3.3424923649612093,0.5,,,distance,1795.7761535854302
,,,distance_curve,,,,,,,alpha_dist,,3.339607856430418,0.5,,,distance,1804.40969278536
,,,distance_curve,,,,,,,alpha_dist,,3.3367258371766564,0.5,,,distance,1813.04323198529
,,,distance_curve,,,,,,,alpha_dist,,3.333846305051724,0.5,,,distance,1821.6767711852199
,,,distance_curve,,,,,,,alpha_dist,,3.3309692579092753,0.5,,,distance,1830.31031038515
,,,distance_curve,,,,,,,alpha_dist,,3.3280946936048172,0.5,,,distance,1838.9438495850798
,,,distance_curve,,,,,,,alpha_dist,,3.325222609995706,0.5,,,distance,1847.5773887850098
,,,distance_curve,,,,,,,alpha_dist,,3.322353004941149,0.5,,,distance,1856.2109279849399
,,,distance_curve,,,,,,,alpha_dist,,3.319485876302199,0.5,,,distance,1864.8444671848697
,,,distance_curve,,,,,,,alpha_dist,,3.3166212219417557,0.5,,,distance,1873.4780063847998
,,,distance_curve,,,,,,,alpha_dist,,3.3137590397245633,0.5,,,distance,1882.1115455847296
,,,distance_curve,,,,,,,alpha_dist,,3.310899327517208,0.5,,,distance,1890.7450847846596
,,,distance_curve,,,,,,,alpha_dist,,3.3080420831881177,0.5,,,distance,1899.3786239845895
,,,distance_curve,,,,,,,alpha_dist,,3.305187304607559,0.5,,,distance,1908.0121631845195
,,,distance_curve,,,,,,,alpha_dist,,3.3023349896476373,0.5,,,distance,1916.6457023844494
,,,distance_curve,,,,,,,alpha_dist,,3.299485136182294,0.5,,,distance,1925.2792415843794
,,,distance_curve,,,,,,,alpha_dist,,3.2966377420873054,0.5,,,distance,1933.9127807843092
,,,distance_curve,,,,,,,alpha_dist,,3.29379280524028,0.5,,,distance,1942.5463199842393
,,,distance_curve,,,,,,,alpha_dist,,3.290950323520659,0.5,,,distance,1951.1798591841693
,,,distance_curve,,,,,,,alpha_dist,,3.288110294809714,0.5,,,distance,1959.8133983840992
,,,distance_curve,,,,,,,alpha_dist,,3.285272716990544,0.5,,,distance,1968.4469375840292
,,,distance_curve,,,,,,,alpha_dist,,3.2824375879480745,0.5,,,distance,1977.080476783959
,,,distance_curve,,,,,,,alpha_dist,,3.279604905569057,0.5,,,distance,1985.714015983889
,,,distance_curve,,,,,,,alpha_dist,,3.276774667742067,0.5,,,distance,1994.347555183819
,,,distance_curve,,,,,,,alpha_dist,,3.273946872357502,0.5,,,distance,2002.981094383749
,,,distance_curve,,,,,,,alpha_dist,,3.271121517307579,0.5,,,distance,2011.6146335836788
,,,distance_curve,,,,,,,alpha_dist,,3.2682986004863355,0.5,,,distance,2020.2481727836089
,,,distance_curve,,,,,,,alpha_dist,,3.2654781197896248,0.5,,,distance,2028.881711983539
,,,distance_curve,,,,,,,alpha_dist,,3.262660073115118,0.5,,,distance,2037.5152511834688
,,,distance_curve,,,,,,,alpha_dist,,3.259844458362298,0.5,,,distance,2046.1487903833988
,,,distance_curve,,,,,,,alpha_dist,,3.257031273432463,0.5,,,distance,2054.7823295833286
,,,distance_curve,,,,,,,alpha_dist,,3.2542205162287203,0.5,,,distance,2063.4158687832587
,,,coordination_curve,,,,,,,w_coord,,-0.0,0.5,,,tgo_mismatch,0.0
,,,coordination_curve,,,,,,,w_coord,,-0.03690230494201372,0.5,,,tgo_mismatch,0.025626600654176195
,,,coordination_curve,,,,,,,w_coord,,-0.07380460988402744,0.5,,,tgo_mismatch,0.05125320130835239
,,,coordination_curve,,,,,,,w_coord,,-0.11070691482604116,0.5,,,tgo_mismatch,0.07687980196252858
,,,coordination_curve,,,,,,,w_coord,,-0.14760921976805488,0.5,,,tgo_mismatch,0.10250640261670478
,,,coordination_curve,,,,,,,w_coord,,-0.1845115247100686,0.5,,,tgo_mismatch,0.12813300327088098
,,,coordination_curve,,,,,,,w_coord,,-0.2214138296520823,0.5,,,tgo_mismatch,0.15375960392505716
,,,coordination_curve,,,,,,,w_coord,,-0.2583161345940961,0.5,,,tgo_mismatch,0.17938620457923338
,,,coordination_curve,,,,,,,w_coord,,-0.29521843953610977,0.5,,,tgo_mismatch,0.20501280523340956
,,,coordination_curve,,,,,,,w_coord,,-0.33212074447812345,0.5,,,tgo_mismatch,0.23063940588758575
,,,coordination_curve,,,,,,,w_coord,,-0.3690230494201372,0.5,,,tgo_mismatch,0.25626600654176196
,,,coordination_curve,,,,,,,w_coord,,-0.40592535436215094,0.5,,,tgo_mismatch,0.28189260719593817
,,,coordination_curve,,,,,,,w_coord,,-0.4428276593041646,0.5,,,tgo_mismatch,0.30751920785011433
,,,coordination_curve,,,,,,,w_coord,,-0.47972996424617836,0.5,,,tgo_mismatch,0.33314580850429054
,,,coordination_curve,,,,,,,w_coord,,-0.5166322691881922,0.5,,,tgo_mismatch,0.35877240915846675
,,,coordination_curve,,,,,,,w_coord,,-0.5535345741302058,0.5,,,tgo_mismatch,0.3843990098126429
,,,coordination_curve,,,,,,,w_coord,,-0.5904368790722195,0.5,,,tgo_mismatch,0.4100256104668191
,,,coordination_curve,,,,,,,w_coord,,-0.6273391840142333,0.5,,,tgo_mismatch,0.43565221112099534
,,,coordination_curve,,,,,,,w_coord,,-0.6642414889562469,0.5,,,tgo_mismatch,0.4612788117751715
,,,coordination_curve,,,,,,,w_coord,,-0.7011437938982606,0.5,,,tgo_mismatch,0.4869054124293477
,,,coordination_curve,,,,,,,w_coord,,-0.7380460988402744,0.5,,,tgo_mismatch,0.5125320130835239
,,,coordination_curve,,,,,,,w_coord,,-0.7749484037822881,0.5,,,tgo_mismatch,0.5381586137377001
,,,coordination_curve,,,,,,,w_coord,,-0.8118507087243019,0.5,,,tgo_mismatch,0.5637852143918763
,,,coordination_curve,,,,,,,w_coord,,-0.8487530136663155,0.5,,,tgo_mismatch,0.5894118150460524
,,,coordination_curve,,,,,,,w_coord,,-0.8856553186083292,0.5,,,tgo_mismatch,0.6150384157002287
,,,coordination_curve,,,,,,,w_coord,,-0.922557623550343,0.5,,,tgo_mismatch,0.6406650163544049
,,,coordination_curve,,,,,,,w_coord,,-0.9594599284923567,0.5,,,tgo_mismatch,0.6662916170085811
,,,coordination_curve,,,,,,,w_coord,,-0.9963622334343705,0.5,,,tgo_mismatch,0.6919182176627573
,,,coordination_curve,,,,,,,w_coord,,-1.0332645383763843,0.5,,,tgo_mismatch,0.7175448183169335
,,,coordination_curve,,,,,,,w_coord,,-1.0701668433183977,0.5,,,tgo_mismatch,0.7431714189711096
,,,coordination_curve,,,,,,,w_coord,,-1.1070691482604116,0.5,,,tgo_mismatch,0.7687980196252858
,,,coordination_curve,,,,,,,w_coord,,-1.1439714532024252,0.5,,,tgo_mismatch,0.794424620279462
,,,coordination_curve,,,,,,,w_coord,,-1.180873758144439,0.5,,,tgo_mismatch,0.8200512209336382
,,,coordination_curve,,,,,,,w_coord,,-1.2177760630864527,0.5,,,tgo_mismatch,0.8456778215878145
,,,coordination_curve,,,,,,,w_coord,,-1.2546783680284666,0.5,,,tgo_mismatch,0.8713044222419907
,,,coordination_curve,,,,,,,w_coord,,-1.2915806729704802,0.5,,,tgo_mismatch,0.8969310228961669
,,,coordination_curve,,,,,,,w_coord,,-1.3284829779124938,0.5,,,tgo_mismatch,0.922557623550343
,,,coordination_curve,,,,,,,w_coord,,-1.3653852828545077,0.5,,,tgo_mismatch,0.9481842242045192
,,,coordination_curve,,,,,,,w_coord,,-1.4022875877965213,0.5,,,tgo_mismatch,0.9738108248586954
,,,coordination_curve,,,,,,,w_coord,,-1.4391898927385351,0.5,,,tgo_mismatch,0.9994374255128716
,,,coordination_curve,,,,,,,w_coord,,-1.4760921976805488,0.5,,,tgo_mismatch,1.0250640261670478
,,,coordination_curve,,,,,,,w_coord,,-1.5129945026225624,0.5,,,tgo_mismatch,1.050690626821224
,,,coordination_curve,,,,,,,w_coord,,-1.5498968075645763,0.5,,,tgo_mismatch,1.0763172274754003
,,,coordination_curve,,,,,,,w_coord,,-1.58679911250659,0.5,,,tgo_mismatch,1.1019438281295764
,,,coordination_curve,,,,,,,w_coord,,-1.6237014174486037,0.5,,,tgo_mismatch,1.1275704287837527
,,,coordination_curve,,,,,,,w_coord,,-1.6606037223906174,0.5,,,tgo_mismatch,1.1531970294379288
,,,coordination_curve,,,,,,,w_coord,,-1.697506027332631,0.5,,,tgo_mismatch,1.178823630092105
,,,coordination_curve,,,,,,,w_coord,,-1.7344083322746449,0.5,,,tgo_mismatch,1.2044502307462812
,,,coordination_curve,,,,,,,w_coord,,-1.7713106372166585,0.5,,,tgo_mismatch,1.2300768314004573
,,,coordination_curve,,,,,,,w_coord,,-1.8082129421586723,0.5,,,tgo_mismatch,1.2557034320546336
,,,coordination_curve,,,,,,,w_coord,,-1.845115247100686,0.5,,,tgo_mismatch,1.2813300327088097
,,,coordination_curve,,,,,,,w_coord,,-1.8820175520426998,0.5,,,tgo_mismatch,1.306956633362986
,,,coordination_curve,,,,,,,w_coord,,-1.9189198569847135,0.5,,,tgo_mismatch,1.3325832340171622
,,,coordination_curve,,,,,,,w_coord,,-1.955822161926727,0.5,,,tgo_mismatch,1.3582098346713383
,,,coordination_curve,,,,,,,w_coord,,-1.992724466868741,0.5,,,tgo_mismatch,1.3838364353255146
,,,coordination_curve,,,,,,,w_coord,,-2.0296267718107543,0.5,,,tgo_mismatch,1.4094630359796907
,,,coordination_curve,,,,,,,w_coord,,-2.0665290767527686,0.5,,,tgo_mismatch,1.435089636633867
,,,coordination_curve,,,,,,,w_coord,,-2.103431381694782,0.5,,,tgo_mismatch,1.4607162372880431
,,,coordination_curve,,,,,,,w_coord,,-2.1403336866367955,0.5,,,tgo_mismatch,1.4863428379422192
,,,coordination_curve,,,,,,,w_coord,,-2.1772359915788093,0.5,,,tgo_mismatch,1.5119694385963955
,,,coordination_curve,,,,,,,w_coord,,-2.214138296520823,0.5,,,tgo_mismatch,1.5375960392505716
,,,coordination_curve,,,,,,,w_coord,,-2.251040601462837,0.5,,,tgo_mismatch,1.563222639904748
,,,coordination_curve,,,,,,,w_coord,,-2.2879429064048504,0.5,,,tgo_mismatch,1.588849240558924
,,,coordination_curve,,,,,,,w_coord,,-2.3248452113468643,0.5,,,tgo_mismatch,1.6144758412131004
,,,coordination_curve,,,,,,,w_coord,,-2.361747516288878,0.5,,,tgo_mismatch,1.6401024418672765
,,,coordination_curve,,,,,,,w_coord,,-2.3986498212308915,0.5,,,tgo_mismatch,1.6657290425214526
,,,coordination_curve,,,,,,,w_coord,,-2.4355521261729054,0.5,,,tgo_mismatch,1.691355643175629
,,,coordination_curve,,,,,,,w_coord,,-2.4724544311149192,0.5,,,tgo_mismatch,1.716982243829805
,,,coordination_curve,,,,,,,w_coord,,-2.509356736056933,0.5,,,tgo_mismatch,1.7426088444839813
,,,coordination_curve,,,,,,,w_coord,,-2.5462590409989465,0.5,,,tgo_mismatch,1.7682354451381574
,,,coordination_curve,,,,,,,w_coord,,-2.5831613459409604,0.5,,,tgo_mismatch,1.7938620457923338
,,,coordination_curve,,,,,,,w_coord,,-2.620063650882974,0.5,,,tgo_mismatch,1.8194886464465099
,,,coordination_curve,,,,,,,w_coord,,-2.6569659558249876,0.5,,,tgo_mismatch,1.845115247100686
,,,coordination_curve,,,,,,,w_coord,,-2.6938682607670015,0.5,,,tgo_mismatch,1.8707418477548623
,,,coordination_curve,,,,,,,w_coord,,-2.7307705657090153,0.5,,,tgo_mismatch,1.8963684484090384
,,,coordination_curve,,,,,,,w_coord,,-2.767672870651029,0.5,,,tgo_mismatch,1.9219950490632147
,,,coordination_curve,,,,,,,w_coord,,-2.8045751755930426,0.5,,,tgo_mismatch,1.9476216497173908
,,,coordination_curve,,,,,,,w_coord,,-2.8414774805350564,0.5,,,tgo_mismatch,1.973248250371567
,,,coordination_curve,,,,,,,w_coord,,-2.8783797854770703,0.5,,,tgo_mismatch,1.9988748510257432
,,,coordination_curve,,,,,,,w_coord,,-2.915282090419084,0.5,,,tgo_mismatch,2.0245014516799196
,,,coordination_curve,,,,,,,w_coord,,-2.9521843953610976,0.5,,,tgo_mismatch,2.0501280523340957
,,,coordination_curve,,,,,,,w_coord,,-2.9890867003031114,0.5,,,tgo_mismatch,2.0757546529882718
,,,coordination_curve,,,,,,,w_coord,,-3.025989005245125,0.5,,,tgo_mismatch,2.101381253642448
,,,coordination_curve,,,,,,,w_coord,,-3.062891310187139,0.5,,,tgo_mismatch,2.1270078542966244
,,,coordination_curve,,,,,,,w_coord,,-3.0997936151291525,0.5,,,tgo_mismatch,2.1526344549508005
,,,coordination_curve,,,,,,,w_coord,,-3.1366959200711664,0.5,,,tgo_mismatch,2.1782610556049766
,,,coordination_curve,,,,,,,w_coord,,-3.17359822501318,0.5,,,tgo_mismatch,2.2038876562591527
,,,coordination_curve,,,,,,,w_coord,,-3.210500529955193,0.5,,,tgo_mismatch,2.229514256913329
,,,coordination_curve,,,,,,,w_coord,,-3.2474028348972075,0.5,,,tgo_mismatch,2.2551408575675054
,,,coordination_curve,,,,,,,w_coord,,-3.2843051398392213,0.5,,,tgo_mismatch,2.2807674582216815
,,,coordination_curve,,,,,,,w_coord,,-3.3212074447812348,0.5,,,tgo_mismatch,2.3063940588758576
,,,coordination_curve,,,,,,,w_coord,,-3.358109749723248,0.5,,,tgo_mismatch,2.3320206595300337
,,,coordination_curve,,,,,,,w_coord,,-3.395012054665262,0.5,,,tgo_mismatch,2.35764726018421
,,,coordination_curve,,,,,,,w_coord,,-3.4319143596072763,0.5,,,tgo_mismatch,2.3832738608383863
,,,coordination_curve,,,,,,,w_coord,,-3.4688166645492897,0.5,,,tgo_mismatch,2.4089004614925624
,,,coordination_curve,,,,,,,w_coord,,-3.5057189694913036,0.5,,,tgo_mismatch,2.4345270621467385
,,,coordination_curve,,,,,,,w_coord,,-3.542621274433317,0.5,,,tgo_mismatch,2.4601536628009146
,,,coordination_curve,,,,,,,w_coord,,-3.5795235793753304,0.5,,,tgo_mismatch,2.4857802634550907
,,,coordination_curve,,,,,,,w_coord,,-3.6164258843173447,0.5,,,tgo_mismatch,2.5114068641092673
,,,coordination_curve,,,,,,,w_coord,,-3.6533281892593585,0.5,,,tgo_mismatch,2.5370334647634434
,,,coordination_curve,,,,,,,w_coord,,-3.690230494201372,0.5,,,tgo_mismatch,2.5626600654176195
,,,coordination_curve,,,,,,,w_coord,,-3.7271327991433854,0.5,,,tgo_mismatch,2.5882866660717956
,,,coordination_curve,,,,,,,w_coord,,-3.7640351040853997,0.5,,,tgo_mismatch,2.613913266725972
,,,coordination_curve,,,,,,,w_coord,,-3.8009374090274135,0.5,,,tgo_mismatch,2.6395398673801482
,,,coordination_curve,,,,,,,w_coord,,-3.837839713969427,0.5,,,tgo_mismatch,2.6651664680343243
,,,coordination_curve,,,,,,,w_coord,,-3.8747420189114403,0.5,,,tgo_mismatch,2.6907930686885004
,,,coordination_curve,,,,,,,w_coord,,-3.911644323853454,0.5,,,tgo_mismatch,2.7164196693426765
,,,coordination_curve,,,,,,,w_coord,,-3.9485466287954685,0.5,,,tgo_mismatch,2.742046269996853
,,,coordination_curve,,,,,,,w_coord,,-3.985448933737482,0.5,,,tgo_mismatch,2.767672870651029
,,,coordination_curve,,,,,,,w_coord,,-4.022351238679495,0.5,,,tgo_mismatch,2.7932994713052053
,,,coordination_curve,,,,,,,w_coord,,-4.059253543621509,0.5,,,tgo_mismatch,2.8189260719593814
,,,coordination_curve,,,,,,,w_coord,,-4.096155848563523,0.5,,,tgo_mismatch,2.8445526726135575
,,,coordination_curve,,,,,,,w_coord,,-4.133058153505537,0.5,,,tgo_mismatch,2.870179273267734
,,,coordination_curve,,,,,,,w_coord,,-4.169960458447551,0.5,,,tgo_mismatch,2.89580587392191
,,,coordination_curve,,,,,,,w_coord,,-4.206862763389564,0.5,,,tgo_mismatch,2.9214324745760862
,,,coordination_curve,,,,,,,w_coord,,-4.2437650683315775,0.5,,,tgo_mismatch,2.9470590752302623
,,,coordination_curve,,,,,,,w_coord,,-4.280667373273591,0.5,,,tgo_mismatch,2.9726856758844384
,,,coordination_curve,,,,,,,w_coord,,-4.317569678215605,0.5,,,tgo_mismatch,2.998312276538615
,,,coordination_curve,,,,,,,w_coord,,-4.354471983157619,0.5,,,tgo_mismatch,3.023938877192791
,,,coordination_curve,,,,,,,w_coord,,-4.391374288099633,0.5,,,tgo_mismatch,3.049565477846967
,,,coordination_curve,,,,,,,w_coord,,-4.428276593041646,0.5,,,tgo_mismatch,3.0751920785011433
,,,coordination_curve,,,,,,,w_coord,,-4.465178897983661,0.5,,,tgo_mismatch,3.10081867915532
,,,coordination_curve,,,,,,,w_coord,,-4.502081202925674,0.5,,,tgo_mismatch,3.126445279809496
,,,coordination_curve,,,,,,,w_coord,,-4.5389835078676875,0.5,,,tgo_mismatch,3.152071880463672
,,,coordination_curve,,,,,,,w_coord,,-4.575885812809701,0.5,,,tgo_mismatch,3.177698481117848
,,,coordination_curve,,,,,,,w_coord,,-4.612788117751715,0.5,,,tgo_mismatch,3.2033250817720242
,,,coordination_curve,,,,,,,w_coord,,-4.649690422693729,0.5,,,tgo_mismatch,3.228951682426201
,,,coordination_curve,,,,,,,w_coord,,-4.686592727635743,0.5,,,tgo_mismatch,3.254578283080377
,,,coordination_curve,,,,,,,w_coord,,-4.723495032577756,0.5,,,tgo_mismatch,3.280204883734553
,,,coordination_curve,,,,,,,w_coord,,-4.76039733751977,0.5,,,tgo_mismatch,3.305831484388729
,,,coordination_curve,,,,,,,w_coord,,-4.797299642461783,0.5,,,tgo_mismatch,3.331458085042905
,,,coordination_curve,,,,,,,w_coord,,-4.834201947403797,0.5,,,tgo_mismatch,3.3570846856970817
,,,coordination_curve,,,,,,,w_coord,,-4.871104252345811,0.5,,,tgo_mismatch,3.382711286351258
,,,coordination_curve,,,,,,,w_coord,,-4.908006557287825,0.5,,,tgo_mismatch,3.408337887005434
,,,coordination_curve,,,,,,,w_coord,,-4.9449088622298385,0.5,,,tgo_mismatch,3.43396448765961
,,,coordination_curve,,,,,,,w_coord,,-4.981811167171852,0.5,,,tgo_mismatch,3.459591088313786
,,,coordination_curve,,,,,,,w_coord,,-5.018713472113866,0.5,,,tgo_mismatch,3.4852176889679627
,,,coordination_curve,,,,,,,w_coord,,-5.05561577705588,0.5,,,tgo_mismatch,3.510844289622139
,,,coordination_curve,,,,,,,w_coord,,-5.092518081997893,0.5,,,tgo_mismatch,3.536470890276315
,,,coordination_curve,,,,,,,w_coord,,-5.129420386939906,0.5,,,tgo_mismatch,3.562097490930491
,,,coordination_curve,,,,,,,w_coord,,-5.166322691881921,0.5,,,tgo_mismatch,3.5877240915846675
,,,coordination_curve,,,,,,,w_coord,,-5.203224996823935,0.5,,,tgo_mismatch,3.6133506922388436
,,,coordination_curve,,,,,,,w_coord,,-5.240127301765948,0.5,,,tgo_mismatch,3.6389772928930197
,,,coordination_curve,,,,,,,w_coord,,-5.277029606707962,0.5,,,tgo_mismatch,3.664603893547196
,,,coordination_curve,,,,,,,w_coord,,-5.313931911649975,0.5,,,tgo_mismatch,3.690230494201372
,,,coordination_curve,,,,,,,w_coord,,-5.3508342165919895,0.5,,,tgo_mismatch,3.7158570948555485
,,,coordination_curve,,,,,,,w_coord,,-5.387736521534003,0.5,,,tgo_mismatch,3.7414836955097246
,,,coordination_curve,,,,,,,w_coord,,-5.424638826476016,0.5,,,tgo_mismatch,3.7671102961639007
,,,coordination_curve,,,,,,,w_coord,,-5.461541131418031,0.5,,,tgo_mismatch,3.792736896818077
,,,coordination_curve,,,,,,,w_coord,,-5.498443436360044,0.5,,,tgo_mismatch,3.818363497472253
,,,coordination_curve,,,,,,,w_coord,,-5.535345741302058,0.5,,,tgo_mismatch,3.8439900981264294
,,,coordination_curve,,,,,,,w_coord,,-5.572248046244072,0.5,,,tgo_mismatch,3.8696166987806055
,,,coordination_curve,,,,,,,w_coord,,-5.609150351186085,0.5,,,tgo_mismatch,3.8952432994347816
,,,coordination_curve,,,,,,,w_coord,,-5.646052656128099,0.5,,,tgo_mismatch,3.9208699000889577
,,,coordination_curve,,,,,,,w_coord,,-5.682954961070113,0.5,,,tgo_mismatch,3.946496500743134
,,,coordination_curve,,,,,,,w_coord,,-5.719857266012127,0.5,,,tgo_mismatch,3.9721231013973104
,,,coordination_curve,,,,,,,w_coord,,-5.756759570954141,0.5,,,tgo_mismatch,3.9977497020514865
,,,coordination_curve,,,,,,,w_coord,,-5.793661875896155,0.5,,,tgo_mismatch,4.023376302705663
,,,coordination_curve,,,,,,,w_coord,,-5.830564180838168,0.5,,,tgo_mismatch,4.049002903359839
,,,coordination_curve,,,,,,,w_coord,,-5.867466485780182,0.5,,,tgo_mismatch,4.074629504014015
,,,coordination_curve,,,,,,,w_coord,,-5.904368790722195,0.5,,,tgo_mismatch,4.100256104668191
,,,coordination_curve,,,,,,,w_coord,,-5.9412710956642085,0.5,,,tgo_mismatch,4.1258827053223674
,,,coordination_curve,,,,,,,w_coord,,-5.978173400606223,0.5,,,tgo_mismatch,4.1515093059765436
,,,coordination_curve,,,,,,,w_coord,,-6.015075705548236,0.5,,,tgo_mismatch,4.17713590663072
,,,coordination_curve,,,,,,,w_coord,,-6.05197801049025,0.5,,,tgo_mismatch,4.202762507284896
,,,coordination_curve,,,,,,,w_coord,,-6.088880315432263,0.5,,,tgo_mismatch,4.228389107939072
,,,coordination_curve,,,,,,,w_coord,,-6.125782620374278,0.5,,,tgo_mismatch,4.254015708593249
,,,coordination_curve,,,,,,,w_coord,,-6.162684925316292,0.5,,,tgo_mismatch,4.279642309247425
,,,coordination_curve,,,,,,,w_coord,,-6.199587230258305,0.5,,,tgo_mismatch,4.305268909901601
,,,coordination_curve,,,,,,,w_coord,,-6.2364895352003185,0.5,,,tgo_mismatch,4.330895510555777
,,,coordination_curve,,,,,,,w_coord,,-6.273391840142333,0.5,,,tgo_mismatch,4.356522111209953
,,,coordination_curve,,,,,,,w_coord,,-6.310294145084346,0.5,,,tgo_mismatch,4.382148711864129
,,,coordination_curve,,,,,,,w_coord,,-6.34719645002636,0.5,,,tgo_mismatch,4.4077753125183055
,,,coordination_curve,,,,,,,w_coord,,-6.384098754968373,0.5,,,tgo_mismatch,4.433401913172482
,,,coordination_curve,,,,,,,w_coord,,-6.421001059910386,0.5,,,tgo_mismatch,4.459028513826658
,,,coordination_curve,,,,,,,w_coord,,-6.457903364852401,0.5,,,tgo_mismatch,4.484655114480834
,,,coordination_curve,,,,,,,w_coord,,-6.494805669794415,0.5,,,tgo_mismatch,4.510281715135011
,,,coordination_curve,,,,,,,w_coord,,-6.531707974736428,0.5,,,tgo_mismatch,4.535908315789187
,,,coordination_curve,,,,,,,w_coord,,-6.568610279678443,0.5,,,tgo_mismatch,4.561534916443363
,,,coordination_curve,,,,,,,w_coord,,-6.605512584620456,0.5,,,tgo_mismatch,4.587161517097539
,,,coordination_curve,,,,,,,w_coord,,-6.6424148895624695,0.5,,,tgo_mismatch,4.612788117751715
,,,coordination_curve,,,,,,,w_coord,,-6.679317194504483,0.5,,,tgo_mismatch,4.638414718405891
,,,coordination_curve,,,,,,,w_coord,,-6.716219499446496,0.5,,,tgo_mismatch,4.664041319060067
,,,coordination_curve,,,,,,,w_coord,,-6.753121804388511,0.5,,,tgo_mismatch,4.6896679197142435
,,,coordination_curve,,,,,,,w_coord,,-6.790024109330524,0.5,,,tgo_mismatch,4.71529452036842
,,,coordination_curve,,,,,,,w_coord,,-6.826926414272539,0.5,,,tgo_mismatch,4.7409211210225966
,,,coordination_curve,,,,,,,w_coord,,-6.863828719214553,0.5,,,tgo_mismatch,4.766547721676773
,,,coordination_curve,,,,,,,w_coord,,-6.900731024156566,0.5,,,tgo_mismatch,4.792174322330949
,,,coordination_curve,,,,,,,w_coord,,-6.937633329098579,0.5,,,tgo_mismatch,4.817800922985125
,,,coordination_curve,,,,,,,w_coord,,-6.974535634040593,0.5,,,tgo_mismatch,4.843427523639301
,,,coordination_curve,,,,,,,w_coord,,-7.011437938982607,0.5,,,tgo_mismatch,4.869054124293477
,,,coordination_curve,,,,,,,w_coord,,-7.0483402439246206,0.5,,,tgo_mismatch,4.894680724947653
,,,coordination_curve,,,,,,,w_coord,,-7.085242548866634,0.5,,,tgo_mismatch,4.920307325601829
,,,coordination_curve,,,,,,,w_coord,,-7.122144853808647,0.5,,,tgo_mismatch,4.945933926256005
,,,coordination_curve,,,,,,,w_coord,,-7.159047158750661,0.5,,,tgo_mismatch,4.9715605269101815
,,,coordination_curve,,,,,,,w_coord,,-7.195949463692676,0.5,,,tgo_mismatch,4.9971871275643585
,,,coordination_curve,,,,,,,w_coord,,-7.232851768634689,0.5,,,tgo_mismatch,5.022813728218535
,,,coordination_curve,,,,,,,w_coord,,-7.269754073576703,0.5,,,tgo_mismatch,5.048440328872711
,,,coordination_curve,,,,,,,w_coord,,-7.306656378518717,0.5,,,tgo_mismatch,5.074066929526887
,,,coordination_curve,,,,,,,w_coord,,-7.3435586834607305,0.5,,,tgo_mismatch,5.099693530181063
,,,coordination_curve,,,,,,,w_coord,,-7.380460988402744,0.5,,,tgo_mismatch,5.125320130835239
,,,coordination_curve,,,,,,,w_coord,,-7.417363293344757,0.5,,,tgo_mismatch,5.150946731489415
,,,coordination_curve,,,,,,,w_coord,,-7.454265598286771,0.5,,,tgo_mismatch,5.176573332143591
,,,coordination_curve,,,,,,,w_coord,,-7.491167903228785,0.5,,,tgo_mismatch,5.202199932797767
,,,coordination_curve,,,,,,,w_coord,,-7.528070208170799,0.5,,,tgo_mismatch,5.227826533451944
,,,coordination_curve,,,,,,,w_coord,,-7.564972513112813,0.5,,,tgo_mismatch,5.25345313410612
,,,coordination_curve,,,,,,,w_coord,,-7.601874818054827,0.5,,,tgo_mismatch,5.2790797347602965
,,,coordination_curve,,,,,,,w_coord,,-7.63877712299684,0.5,,,tgo_mismatch,5.304706335414473
,,,coordination_curve,,,,,,,w_coord,,-7.675679427938854,0.5,,,tgo_mismatch,5.330332936068649
,,,coordination_curve,,,,,,,w_coord,,-7.712581732880867,0.5,,,tgo_mismatch,5.355959536722825
,,,coordination_curve,,,,,,,w_coord,,-7.749484037822881,0.5,,,tgo_mismatch,5.381586137377001
,,,coordination_curve,,,,,,,w_coord,,-7.786386342764895,0.5,,,tgo_mismatch,5.407212738031177
,,,coordination_curve,,,,,,,w_coord,,-7.823288647706908,0.5,,,tgo_mismatch,5.432839338685353
,,,coordination_curve,,,,,,,w_coord,,-7.860190952648922,0.5,,,tgo_mismatch,5.458465939339529
,,,coordination_curve,,,,,,,w_coord,,-7.897093257590937,0.5,,,tgo_mismatch,5.484092539993706
,,,coordination_curve,,,,,,,w_coord,,-7.93399556253295,0.5,,,tgo_mismatch,5.509719140647882
,,,coordination_curve,,,,,,,w_coord,,-7.970897867474964,0.5,,,tgo_mismatch,5.535345741302058
,,,coordination_curve,,,,,,,w_coord,,-8.007800172416978,0.5,,,tgo_mismatch,5.5609723419562345
,,,coordination_curve,,,,,,,w_coord,,-8.04470247735899,0.5,,,tgo_mismatch,5.586598942610411
,,,coordination_curve,,,,,,,w_coord,,-8.081604782301005,0.5,,,tgo_mismatch,5.612225543264587
,,,coordination_curve,,,,,,,w_coord,,-8.118507087243017,0.5,,,tgo_mismatch,5.637852143918763
,,,coordination_curve,,,,,,,w_coord,,-8.155409392185032,0.5,,,tgo_mismatch,5.663478744572939
,,,coordination_curve,,,,,,,w_coord,,-8.192311697127046,0.5,,,tgo_mismatch,5.689105345227115
,,,coordination_curve,,,,,,,w_coord,,-8.22921400206906,0.5,,,tgo_mismatch,5.714731945881292
,,,coordination_curve,,,,,,,w_coord,,-8.266116307011075,0.5,,,tgo_mismatch,5.740358546535468
,,,coordination_curve,,,,,,,w_coord,,-8.303018611953087,0.5,,,tgo_mismatch,5.765985147189644
,,,coordination_curve,,,,,,,w_coord,,-8.339920916895101,0.5,,,tgo_mismatch,5.79161174784382
,,,coordination_curve,,,,,,,w_coord,,-8.376823221837114,0.5,,,tgo_mismatch,5.817238348497996
,,,coordination_curve,,,,,,,w_coord,,-8.413725526779128,0.5,,,tgo_mismatch,5.8428649491521725
,,,coordination_curve,,,,,,,w_coord,,-8.450627831721143,0.5,,,tgo_mismatch,5.868491549806349
,,,coordination_curve,,,,,,,w_coord,,-8.487530136663155,0.5,,,tgo_mismatch,5.894118150460525
,,,coordination_curve,,,,,,,w_coord,,-8.52443244160517,0.5,,,tgo_mismatch,5.919744751114701
,,,coordination_curve,,,,,,,w_coord,,-8.561334746547182,0.5,,,tgo_mismatch,5.945371351768877
,,,coordination_curve,,,,,,,w_coord,,-8.598237051489198,0.5,,,tgo_mismatch,5.970997952423054
,,,coordination_curve,,,,,,,w_coord,,-8.63513935643121,0.5,,,tgo_mismatch,5.99662455307723
,,,coordination_curve,,,,,,,w_coord,,-8.672041661373225,0.5,,,tgo_mismatch,6.022251153731406
,,,coordination_curve,,,,,,,w_coord,,-8.708943966315237,0.5,,,tgo_mismatch,6.047877754385582
,,,coordination_curve,,,,,,,w_coord,,-8.745846271257252,0.5,,,tgo_mismatch,6.073504355039758
,,,coordination_curve,,,,,,,w_coord,,-8.782748576199266,0.5,,,tgo_mismatch,6.099130955693934
,,,coordination_curve,,,,,,,w_coord,,-8.819650881141278,0.5,,,tgo_mismatch,6.1247575563481105
,,,energy_curve,,,,,,,w_energy,,-0.0,0.5,,,control_effort,0.0
,,,energy_curve,,,,,,,w_energy,,-1.9164402292917753e-07,0.5,,,control_effort,0.007665760917167101
,,,energy_curve,,,,,,,w_energy,,-3.8328804585835507e-07,0.5,,,control_effort,0.015331521834334201
,,,energy_curve,,,,,,,w_energy,,-5.749320687875327e-07,0.5,,,control_effort,0.022997282751501303
,,,energy_curve,,,,,,,w_energy,,-7.665760917167101e-07,0.5,,,control_effort,0.030663043668668403
,,,energy_curve,,,,,,,w_energy,,-9.582201146458877e-07,0.5,,,control_effort,0.038328804585835506
,,,energy_curve,,,,,,,w_energy,,-1.1498641375750653e-06,0.5,,,control_effort,0.045994565503002606
,,,energy_curve,,,,,,,w_energy,,-1.3415081605042427e-06,0.5,,,control_effort,0.053660326420169706
,,,energy_curve,,,,,,,w_energy,,-1.5331521834334203e-06,0.5,,,control_effort,0.061326087337336806
,,,energy_curve,,,,,,,w_energy,,-1.7247962063625979e-06,0.5,,,control_effort,0.06899184825450391
,,,energy_curve,,,,,,,w_energy,,-1.9164402292917754e-06,0.5,,,control_effort,0.07665760917167101
,,,energy_curve,,,,,,,w_energy,,-2.108084252220953e-06,0.5,,,control_effort,0.08432337008883811
,,,energy_curve,,,,,,,w_energy,,-2.2997282751501306e-06,0.5,,,control_effort,0.09198913100600521
,,,energy_curve,,,,,,,w_energy,,-2.4913722980793078e-06,0.5,,,control_effort,0.09965489192317231
,,,energy_curve,,,,,,,w_energy,,-2.6830163210084854e-06,0.5,,,control_effort,0.10732065284033941
,,,energy_curve,,,,,,,w_energy,,-2.874660343937663e-06,0.5,,,control_effort,0.11498641375750651
,,,energy_curve,,,,,,,w_energy,,-3.0663043668668405e-06,0.5,,,control_effort,0.12265217467467361
,,,energy_curve,,,,,,,w_energy,,-3.257948389796018e-06,0.5,,,control_effort,0.1303179355918407
,,,energy_curve,,,,,,,w_energy,,-3.4495924127251957e-06,0.5,,,control_effort,0.13798369650900782
,,,energy_curve,,,,,,,w_energy,,-3.641236435654373e-06,0.5,,,control_effort,0.1456494574261749
,,,energy_curve,,,,,,,w_energy,,-3.832880458583551e-06,0.5,,,control_effort,0.15331521834334202
,,,energy_curve,,,,,,,w_energy,,-4.024524481512728e-06,0.5,,,control_effort,0.1609809792605091
,,,energy_curve,,,,,,,w_energy,,-4.216168504441906e-06,0.5,,,control_effort,0.16864674017767622
,,,energy_curve,,,,,,,w_energy,,-4.407812527371083e-06,0.5,,,control_effort,0.1763125010948433
,,,energy_curve,,,,,,,w_energy,,-4.599456550300261e-06,0.5,,,control_effort,0.18397826201201042
,,,energy_curve,,,,,,,w_energy,,-4.791100573229438e-06,0.5,,,control_effort,0.1916440229291775
,,,energy_curve,,,,,,,w_energy,,-4.9827445961586155e-06,0.5,,,control_effort,0.19930978384634462
,,,energy_curve,,,,,,,w_energy,,-5.174388619087793e-06,0.5,,,control_effort,0.2069755447635117
,,,energy_curve,,,,,,,w_energy,,-5.366032642016971e-06,0.5,,,control_effort,0.21464130568067882
,,,energy_curve,,,,,,,w_energy,,-5.557676664946148e-06,0.5,,,control_effort,0.2223070665978459
,,,energy_curve,,,,,,,w_energy,,-5.749320687875326e-06,0.5,,,control_effort,0.22997282751501302
,,,energy_curve,,,,,,,w_energy,,-5.940964710804503e-06,0.5,,,control_effort,0.2376385884321801
,,,energy_curve,,,,,,,w_energy,,-6.132608733733681e-06,0.5,,,control_effort,0.24530434934934722
,,,energy_curve,,,,,,,w_energy,,-6.324252756662859e-06,0.5,,,control_effort,0.25297011026651434
,,,energy_curve,,,,,,,w_energy,,-6.515896779592036e-06,0.5,,,control_effort,0.2606358711836814
,,,energy_curve,,,,,,,w_energy,,-6.707540802521213e-06,0.5,,,control_effort,0.2683016321008485
,,,energy_curve,,,,,,,w_energy,,-6.899184825450391e-06,0.5,,,control_effort,0.27596739301801565
,,,energy_curve,,,,,,,w_energy,,-7.0908288483795686e-06,0.5,,,control_effort,0.28363315393518274
,,,energy_curve,,,,,,,w_energy,,-7.282472871308746e-06,0.5,,,control_effort,0.2912989148523498
,,,energy_curve,,,,,,,w_energy,,-7.474116894237923e-06,0.5,,,control_effort,0.2989646757695169
,,,energy_curve,,,,,,,w_energy,,-7.665760917167102e-06,0.5,,,control_effort,0.30663043668668405
,,,energy_curve,,,,,,,w_energy,,-7.857404940096279e-06,0.5,,,control_effort,0.31429619760385114
,,,energy_curve,,,,,,,w_energy,,-8.049048963025456e-06,0.5,,,control_effort,0.3219619585210182
,,,energy_curve,,,,,,,w_energy,,-8.240692985954633e-06,0.5,,,control_effort,0.3296277194381853
,,,energy_curve,,,,,,,w_energy,,-8.432337008883812e-06,0.5,,,control_effort,0.33729348035535245
,,,energy_curve,,,,,,,w_energy,,-8.62398103181299e-06,0.5,,,control_effort,0.34495924127251953
,,,energy_curve,,,,,,,w_energy,,-8.815625054742166e-06,0.5,,,control_effort,0.3526250021896866
,,,energy_curve,,,,,,,w_energy,,-9.007269077671344e-06,0.5,,,control_effort,0.3602907631068537
,,,energy_curve,,,,,,,w_energy,,-9.198913100600522e-06,0.5,,,control_effort,0.36795652402402085
,,,energy_curve,,,,,,,w_energy,,-9.3905571235297e-06,0.5,,,control_effort,0.37562228494118793
,,,energy_curve,,,,,,,w_energy,,-9.582201146458877e-06,0.5,,,control_effort,0.383288045858355
,,,energy_curve,,,,,,,w_energy,,-9.773845169388054e-06,0.5,,,control_effort,0.39095380677552216
,,,energy_curve,,,,,,,w_energy,,-9.965489192317231e-06,0.5,,,control_effort,0.39861956769268925
,,,energy_curve,,,,,,,w_energy,,-1.0157133215246408e-05,0.5,,,control_effort,0.40628532860985633
,,,energy_curve,,,,,,,w_energy,,-1.0348777238175585e-05,0.5,,,control_effort,0.4139510895270234
,,,energy_curve,,,,,,,w_energy,,-1.0540421261104764e-05,0.5,,,control_effort,0.42161685044419056
,,,energy_curve,,,,,,,w_energy,,-1.0732065284033941e-05,0.5,,,control_effort,0.42928261136135765
,,,energy_curve,,,,,,,w_energy,,-1.0923709306963119e-05,0.5,,,control_effort,0.43694837227852473
,,,energy_curve,,,,,,,w_energy,,-1.1115353329892296e-05,0.5,,,control_effort,0.4446141331956918
,,,energy_curve,,,,,,,w_energy,,-1.1306997352821475e-05,0.5,,,control_effort,0.45227989411285896
,,,energy_curve,,,,,,,w_energy,,-1.1498641375750652e-05,0.5,,,control_effort,0.45994565503002605
,,,energy_curve,,,,,,,w_energy,,-1.1690285398679829e-05,0.5,,,control_effort,0.46761141594719313
,,,energy_curve,,,,,,,w_energy,,-1.1881929421609006e-05,0.5,,,control_effort,0.4752771768643602
,,,energy_curve,,,,,,,w_energy,,-1.2073573444538185e-05,0.5,,,control_effort,0.48294293778152736
,,,energy_curve,,,,,,,w_energy,,-1.2265217467467362e-05,0.5,,,control_effort,0.49060869869869445
,,,energy_curve,,,,,,,w_energy,,-1.245686149039654e-05,0.5,,,control_effort,0.49827445961586153
,,,energy_curve,,,,,,,w_energy,,-1.2648505513325718e-05,0.5,,,control_effort,0.5059402205330287
,,,energy_curve,,,,,,,w_energy,,-1.2840149536254895e-05,0.5,,,control_effort,0.5136059814501958
,,,energy_curve,,,,,,,w_energy,,-1.3031793559184072e-05,0.5,,,control_effort,0.5212717423673628
,,,energy_curve,,,,,,,w_energy,,-1.322343758211325e-05,0.5,,,control_effort,0.5289375032845299
,,,energy_curve,,,,,,,w_energy,,-1.3415081605042427e-05,0.5,,,control_effort,0.536603264201697
,,,energy_curve,,,,,,,w_energy,,-1.3606725627971604e-05,0.5,,,control_effort,0.5442690251188641
,,,energy_curve,,,,,,,w_energy,,-1.3798369650900783e-05,0.5,,,control_effort,0.5519347860360313
,,,energy_curve,,,,,,,w_energy,,-1.399001367382996e-05,0.5,,,control_effort,0.5596005469531984
,,,energy_curve,,,,,,,w_energy,,-1.4181657696759137e-05,0.5,,,control_effort,0.5672663078703655
,,,energy_curve,,,,,,,w_energy,,-1.4373301719688314e-05,0.5,,,control_effort,0.5749320687875326
,,,energy_curve,,,,,,,w_energy,,-1.4564945742617491e-05,0.5,,,control_effort,0.5825978297046996
,,,energy_curve,,,,,,,w_energy,,-1.4756589765546669e-05,0.5,,,control_effort,0.5902635906218667
,,,energy_curve,,,,,,,w_energy,,-1.4948233788475846e-05,0.5,,,control_effort,0.5979293515390338
,,,energy_curve,,,,,,,w_energy,,-1.5139877811405023e-05,0.5,,,control_effort,0.6055951124562009
,,,energy_curve,,,,,,,w_energy,,-1.5331521834334204e-05,0.5,,,control_effort,0.6132608733733681
,,,energy_curve,,,,,,,w_energy,,-1.552316585726338e-05,0.5,,,control_effort,0.6209266342905352
,,,energy_curve,,,,,,,w_energy,,-1.5714809880192558e-05,0.5,,,control_effort,0.6285923952077023
,,,energy_curve,,,,,,,w_energy,,-1.5906453903121733e-05,0.5,,,control_effort,0.6362581561248694
,,,energy_curve,,,,,,,w_energy,,-1.6098097926050912e-05,0.5,,,control_effort,0.6439239170420364
,,,energy_curve,,,,,,,w_energy,,-1.6289741948980088e-05,0.5,,,control_effort,0.6515896779592035
,,,energy_curve,,,,,,,w_energy,,-1.6481385971909266e-05,0.5,,,control_effort,0.6592554388763706
,,,energy_curve,,,,,,,w_energy,,-1.6673029994838445e-05,0.5,,,control_effort,0.6669211997935378
,,,energy_curve,,,,,,,w_energy,,-1.6864674017767624e-05,0.5,,,control_effort,0.6745869607107049
,,,energy_curve,,,,,,,w_energy,,-1.70563180406968e-05,0.5,,,control_effort,0.682252721627872
,,,energy_curve,,,,,,,w_energy,,-1.724796206362598e-05,0.5,,,control_effort,0.6899184825450391
,,,energy_curve,,,,,,,w_energy,,-1.7439606086555154e-05,0.5,,,control_effort,0.6975842434622062
,,,energy_curve,,,,,,,w_energy,,-1.7631250109484333e-05,0.5,,,control_effort,0.7052500043793732
,,,energy_curve,,,,,,,w_energy,,-1.782289413241351e-05,0.5,,,control_effort,0.7129157652965403
,,,energy_curve,,,,,,,w_energy,,-1.8014538155342687e-05,0.5,,,control_effort,0.7205815262137074
,,,energy_curve,,,,,,,w_energy,,-1.8206182178271866e-05,0.5,,,control_effort,0.7282472871308746
,,,energy_curve,,,,,,,w_energy,,-1.8397826201201045e-05,0.5,,,control_effort,0.7359130480480417
,,,energy_curve,,,,,,,w_energy,,-1.858947022413022e-05,0.5,,,control_effort,0.7435788089652088
,,,energy_curve,,,,,,,w_energy,,-1.87811142470594e-05,0.5,,,control_effort,0.7512445698823759
,,,energy_curve,,,,,,,w_energy,,-1.8972758269988575e-05,0.5,,,control_effort,0.758910330799543
,,,energy_curve,,,,,,,w_energy,,-1.9164402292917754e-05,0.5,,,control_effort,0.76657609171671
,,,energy_curve,,,,,,,w_energy,,-1.935604631584693e-05,0.5,,,control_effort,0.7742418526338771
,,,energy_curve,,,,,,,w_energy,,-1.9547690338776108e-05,0.5,,,control_effort,0.7819076135510443
,,,energy_curve,,,,,,,w_energy,,-1.9739334361705287e-05,0.5,,,control_effort,0.7895733744682114
,,,energy_curve,,,,,,,w_energy,,-1.9930978384634462e-05,0.5,,,control_effort,0.7972391353853785
,,,energy_curve,,,,,,,w_energy,,-2.012262240756364e-05,0.5,,,control_effort,0.8049048963025456
,,,energy_curve,,,,,,,w_energy,,-2.0314266430492817e-05,0.5,,,control_effort,0.8125706572197127
,,,energy_curve,,,,,,,w_energy,,-2.0505910453421995e-05,0.5,,,control_effort,0.8202364181368798
,,,energy_curve,,,,,,,w_energy,,-2.069755447635117e-05,0.5,,,control_effort,0.8279021790540468
,,,energy_curve,,,,,,,w_energy,,-2.088919849928035e-05,0.5,,,control_effort,0.8355679399712139
,,,energy_curve,,,,,,,w_energy,,-2.108084252220953e-05,0.5,,,control_effort,0.8432337008883811
,,,energy_curve,,,,,,,w_energy,,-2.1272486545138707e-05,0.5,,,control_effort,0.8508994618055482
,,,energy_curve,,,,,,,w_energy,,-2.1464130568067883e-05,0.5,,,control_effort,0.8585652227227153
,,,energy_curve,,,,,,,w_energy,,-2.1655774590997062e-05,0.5,,,control_effort,0.8662309836398824
,,,energy_curve,,,,,,,w_energy,,-2.1847418613926237e-05,0.5,,,control_effort,0.8738967445570495
,,,energy_curve,,,,,,,w_energy,,-2.2039062636855416e-05,0.5,,,control_effort,0.8815625054742166
,,,energy_curve,,,,,,,w_energy,,-2.223070665978459e-05,0.5,,,control_effort,0.8892282663913836
,,,energy_curve,,,,,,,w_energy,,-2.242235068271377e-05,0.5,,,control_effort,0.8968940273085508
,,,energy_curve,,,,,,,w_energy,,-2.261399470564295e-05,0.5,,,control_effort,0.9045597882257179
,,,energy_curve,,,,,,,w_energy,,-2.2805638728572125e-05,0.5,,,control_effort,0.912225549142885
,,,energy_curve,,,,,,,w_energy,,-2.2997282751501304e-05,0.5,,,control_effort,0.9198913100600521
,,,energy_curve,,,,,,,w_energy,,-2.318892677443048e-05,0.5,,,control_effort,0.9275570709772192
,,,energy_curve,,,,,,,w_energy,,-2.3380570797359658e-05,0.5,,,control_effort,0.9352228318943863
,,,energy_curve,,,,,,,w_energy,,-2.3572214820288833e-05,0.5,,,control_effort,0.9428885928115533
,,,energy_curve,,,,,,,w_energy,,-2.3763858843218012e-05,0.5,,,control_effort,0.9505543537287204
,,,energy_curve,,,,,,,w_energy,,-2.395550286614719e-05,0.5,,,control_effort,0.9582201146458876
,,,energy_curve,,,,,,,w_energy,,-2.414714688907637e-05,0.5,,,control_effort,0.9658858755630547
,,,energy_curve,,,,,,,w_energy,,-2.4338790912005545e-05,0.5,,,control_effort,0.9735516364802218
,,,energy_curve,,,,,,,w_energy,,-2.4530434934934724e-05,0.5,,,control_effort,0.9812173973973889
,,,energy_curve,,,,,,,w_energy,,-2.47220789578639e-05,0.5,,,control_effort,0.988883158314556
,,,energy_curve,,,,,,,w_energy,,-2.491372298079308e-05,0.5,,,control_effort,0.9965489192317231
,,,energy_curve,,,,,,,w_energy,,-2.5105367003722257e-05,0.5,,,control_effort,1.0042146801488903
,,,energy_curve,,,,,,,w_energy,,-2.5297011026651436e-05,0.5,,,control_effort,1.0118804410660573
,,,energy_curve,,,,,,,w_energy,,-2.5488655049580612e-05,0.5,,,control_effort,1.0195462019832244
,,,energy_curve,,,,,,,w_energy,,-2.568029907250979e-05,0.5,,,control_effort,1.0272119629003915
,,,energy_curve,,,,,,,w_energy,,-2.5871943095438966e-05,0.5,,,control_effort,1.0348777238175586
,,,energy_curve,,,,,,,w_energy,,-2.6063587118368145e-05,0.5,,,control_effort,1.0425434847347257
,,,energy_curve,,,,,,,w_energy,,-2.625523114129732e-05,0.5,,,control_effort,1.0502092456518928
,,,energy_curve,,,,,,,w_energy,,-2.64468751642265e-05,0.5,,,control_effort,1.0578750065690599
,,,energy_curve,,,,,,,w_energy,,-2.6638519187155675e-05,0.5,,,control_effort,1.065540767486227
,,,energy_curve,,,,,,,w_energy,,-2.6830163210084854e-05,0.5,,,control_effort,1.073206528403394
,,,energy_curve,,,,,,,w_energy,,-2.702180723301403e-05,0.5,,,control_effort,1.0808722893205611
,,,energy_curve,,,,,,,w_energy,,-2.7213451255943208e-05,0.5,,,control_effort,1.0885380502377282
,,,energy_curve,,,,,,,w_energy,,-2.7405095278872383e-05,0.5,,,control_effort,1.0962038111548953
,,,energy_curve,,,,,,,w_energy,,-2.7596739301801566e-05,0.5,,,control_effort,1.1038695720720626
,,,energy_curve,,,,,,,w_energy,,-2.7788383324730744e-05,0.5,,,control_effort,1.1115353329892297
,,,energy_curve,,,,,,,w_energy,,-2.798002734765992e-05,0.5,,,control_effort,1.1192010939063968
,,,energy_curve,,,,,,,w_energy,,-2.81716713705891e-05,0.5,,,control_effort,1.1268668548235639
,,,energy_curve,,,,,,,w_energy,,-2.8363315393518274e-05,0.5,,,control_effort,1.134532615740731
,,,energy_curve,,,,,,,w_energy,,-2.8554959416447453e-05,0.5,,,control_effort,1.142198376657898
,,,energy_curve,,,,,,,w_energy,,-2.874660343937663e-05,0.5,,,control_effort,1.1498641375750651
,,,energy_curve,,,,,,,w_energy,,-2.8938247462305807e-05,0.5,,,control_effort,1.1575298984922322
,,,energy_curve,,,,,,,w_energy,,-2.9129891485234983e-05,0.5,,,control_effort,1.1651956594093993
,,,energy_curve,,,,,,,w_energy,,-2.9321535508164162e-05,0.5,,,control_effort,1.1728614203265664
,,,energy_curve,,,,,,,w_energy,,-2.9513179531093337e-05,0.5,,,control_effort,1.1805271812437335
,,,energy_curve,,,,,,,w_energy,,-2.9704823554022516e-05,0.5,,,control_effort,1.1881929421609005
,,,energy_curve,,,,,,,w_energy,,-2.989646757695169e-05,0.5,,,control_effort,1.1958587030780676
,,,energy_curve,,,,,,,w_energy,,-3.008811159988087e-05,0.5,,,control_effort,1.2035244639952347
,,,energy_curve,,,,,,,w_energy,,-3.0279755622810046e-05,0.5,,,control_effort,1.2111902249124018
,,,energy_curve,,,,,,,w_energy,,-3.0471399645739228e-05,0.5,,,control_effort,1.218855985829569
,,,energy_curve,,,,,,,w_energy,,-3.066304366866841e-05,0.5,,,control_effort,1.2265217467467362
,,,energy_curve,,,,,,,w_energy,,-3.085468769159758e-05,0.5,,,control_effort,1.2341875076639033
,,,energy_curve,,,,,,,w_energy,,-3.104633171452676e-05,0.5,,,control_effort,1.2418532685810704
,,,energy_curve,,,,,,,w_energy,,-3.123797573745594e-05,0.5,,,control_effort,1.2495190294982375
,,,energy_curve,,,,,,,w_energy,,-3.1429619760385116e-05,0.5,,,control_effort,1.2571847904154045
,,,energy_curve,,,,,,,w_energy,,-3.162126378331429e-05,0.5,,,control_effort,1.2648505513325716
,,,energy_curve,,,,,,,w_energy,,-3.1812907806243467e-05,0.5,,,control_effort,1.2725163122497387
,,,energy_curve,,,,,,,w_energy,,-3.200455182917265e-05,0.5,,,control_effort,1.2801820731669058
,,,energy_curve,,,,,,,w_energy,,-3.2196195852101824e-05,0.5,,,control_effort,1.2878478340840729
,,,energy_curve,,,,,,,w_energy,,-3.2387839875031e-05,0.5,,,control_effort,1.29551359500124
,,,energy_curve,,,,,,,w_energy,,-3.2579483897960175e-05,0.5,,,control_effort,1.303179355918407
,,,energy_curve,,,,,,,w_energy,,-3.277112792088936e-05,0.5,,,control_effort,1.3108451168355741
,,,energy_curve,,,,,,,w_energy,,-3.296277194381853e-05,0.5,,,control_effort,1.3185108777527412
,,,energy_curve,,,,,,,w_energy,,-3.315441596674771e-05,0.5,,,control_effort,1.3261766386699083
,,,energy_curve,,,,,,,w_energy,,-3.334605998967689e-05,0.5,,,control_effort,1.3338423995870756
,,,energy_curve,,,,,,,w_energy,,-3.3537704012606066e-05,0.5,,,control_effort,1.3415081605042427
,,,energy_curve,,,,,,,w_energy,,-3.372934803553525e-05,0.5,,,control_effort,1.3491739214214098
,,,energy_curve,,,,,,,w_energy,,-3.3920992058464424e-05,0.5,,,control_effort,1.3568396823385769
,,,energy_curve,,,,,,,w_energy,,-3.41126360813936e-05,0.5,,,control_effort,1.364505443255744
,,,energy_curve,,,,,,,w_energy,,-3.4304280104322775e-05,0.5,,,control_effort,1.372171204172911
,,,energy_curve,,,,,,,w_energy,,-3.449592412725196e-05,0.5,,,control_effort,1.3798369650900781
,,,energy_curve,,,,,,,w_energy,,-3.468756815018113e-05,0.5,,,control_effort,1.3875027260072452
,,,energy_curve,,,,,,,w_energy,,-3.487921217311031e-05,0.5,,,control_effort,1.3951684869244123
,,,energy_curve,,,,,,,w_energy,,-3.5070856196039483e-05,0.5,,,control_effort,1.4028342478415794
,,,energy_curve,,,,,,,w_energy,,-3.5262500218968666e-05,0.5,,,control_effort,1.4105000087587465
,,,energy_curve,,,,,,,w_energy,,-3.545414424189784e-05,0.5,,,control_effort,1.4181657696759136
,,,energy_curve,,,,,,,w_energy,,-3.564578826482702e-05,0.5,,,control_effort,1.4258315305930807
,,,energy_curve,,,,,,,w_energy,,-3.583743228775619e-05,0.5,,,control_effort,1.4334972915102477
,,,energy_curve,,,,,,,w_energy,,-3.6029076310685374e-05,0.5,,,control_effort,1.4411630524274148
,,,energy_curve,,,,,,,w_energy,,-3.6220720333614557e-05,0.5,,,control_effort,1.4488288133445821
,,,energy_curve,,,,,,,w_energy,,-3.641236435654373e-05,0.5,,,control_effort,1.4564945742617492
,,,energy_curve,,,,,,,w_energy,,-3.660400837947291e-05,0.5,,,control_effort,1.4641603351789163
,,,energy_curve,,,,,,,w_energy,,-3.679565240240209e-05,0.5,,,control_effort,1.4718260960960834
,,,energy_curve,,,,,,,w_energy,,-3.6987296425331265e-05,0.5,,,control_effort,1.4794918570132505
,,,energy_curve,,,,,,,w_energy,,-3.717894044826044e-05,0.5,,,control_effort,1.4871576179304176
,,,energy_curve,,,,,,,w_energy,,-3.7370584471189616e-05,0.5,,,control_effort,1.4948233788475846
,,,energy_curve,,,,,,,w_energy,,-3.75622284941188e-05,0.5,,,control_effort,1.5024891397647517
,,,energy_curve,,,,,,,w_energy,,-3.7753872517047974e-05,0.5,,,control_effort,1.5101549006819188
,,,energy_curve,,,,,,,w_energy,,-3.794551653997715e-05,0.5,,,control_effort,1.517820661599086
,,,energy_curve,,,,,,,w_energy,,-3.8137160562906325e-05,0.5,,,control_effort,1.525486422516253
,,,energy_curve,,,,,,,w_energy,,-3.832880458583551e-05,0.5,,,control_effort,1.53315218343342
,,,energy_curve,,,,,,,w_energy,,-3.852044860876468e-05,0.5,,,control_effort,1.5408179443505872
,,,energy_curve,,,,,,,w_energy,,-3.871209263169386e-05,0.5,,,control_effort,1.5484837052677543
,,,energy_curve,,,,,,,w_energy,,-3.8903736654623033e-05,0.5,,,control_effort,1.5561494661849213
,,,energy_curve,,,,,,,w_energy,,-3.9095380677552216e-05,0.5,,,control_effort,1.5638152271020886
,,,energy_curve,,,,,,,w_energy,,-3.92870247004814e-05,0.5,,,control_effort,1.5714809880192557
,,,energy_curve,,,,,,,w_energy,,-3.9478668723410573e-05,0.5,,,control_effort,1.5791467489364228
,,,energy_curve,,,,,,,w_energy,,-3.967031274633975e-05,0.5,,,control_effort,1.58681250985359
,,,energy_curve,,,,,,,w_energy,,-3.9861956769268924e-05,0.5,,,control_effort,1.594478270770757
,,,energy_curve,,,,,,,w_energy,,-4.005360079219811e-05,0.5,,,control_effort,1.602144031687924
,,,energy_curve,,,,,,,w_energy,,-4.024524481512728e-05,0.5,,,control_effort,1.6098097926050912
,,,energy_curve,,,,,,,w_energy,,-4.043688883805646e-05,0.5,,,control_effort,1.6174755535222582
,,,energy_curve,,,,,,,w_energy,,-4.062853286098563e-05,0.5,,,control_effort,1.6251413144394253
,,,energy_curve,,,,,,,w_energy,,-4.0820176883914815e-05,0.5,,,control_effort,1.6328070753565924
,,,energy_curve,,,,,,,w_energy,,-4.101182090684399e-05,0.5,,,control_effort,1.6404728362737595
,,,energy_curve,,,,,,,w_energy,,-4.1203464929773166e-05,0.5,,,control_effort,1.6481385971909266
,,,energy_curve,,,,,,,w_energy,,-4.139510895270234e-05,0.5,,,control_effort,1.6558043581080937
,,,energy_curve,,,,,,,w_energy,,-4.1586752975631524e-05,0.5,,,control_effort,1.6634701190252608
,,,energy_curve,,,,,,,w_energy,,-4.17783969985607e-05,0.5,,,control_effort,1.6711358799424278
,,,energy_curve,,,,,,,w_energy,,-4.197004102148988e-05,0.5,,,control_effort,1.6788016408595952
,,,energy_curve,,,,,,,w_energy,,-4.216168504441906e-05,0.5,,,control_effort,1.6864674017767622
,,,energy_curve,,,,,,,w_energy,,-4.235332906734823e-05,0.5,,,control_effort,1.6941331626939293
,,,energy_curve,,,,,,,w_energy,,-4.2544973090277415e-05,0.5,,,control_effort,1.7017989236110964
,,,energy_curve,,,,,,,w_energy,,-4.273661711320659e-05,0.5,,,control_effort,1.7094646845282635
,,,energy_curve,,,,,,,w_energy,,-4.2928261136135766e-05,0.5,,,control_effort,1.7171304454454306
,,,energy_curve,,,,,,,w_energy,,-4.311990515906494e-05,0.5,,,control_effort,1.7247962063625977
,,,energy_curve,,,,,,,w_energy,,-4.3311549181994123e-05,0.5,,,control_effort,1.7324619672797648
,,,energy_curve,,,,,,,w_energy,,-4.35031932049233e-05,0.5,,,control_effort,1.7401277281969318
,,,energy_curve,,,,,,,w_energy,,-4.3694837227852474e-05,0.5,,,control_effort,1.747793489114099
,,,energy_curve,,,,,,,w_energy,,-4.388648125078165e-05,0.5,,,control_effort,1.755459250031266
,,,energy_curve,,,,,,,w_energy,,-4.407812527371083e-05,0.5,,,control_effort,1.763125010948433
,,,energy_curve,,,,,,,w_energy,,-4.426976929664001e-05,0.5,,,control_effort,1.7707907718656002
,,,energy_curve,,,,,,,w_energy,,-4.446141331956918e-05,0.5,,,control_effort,1.7784565327827673
,,,energy_curve,,,,,,,w_energy,,-4.465305734249836e-05,0.5,,,control_effort,1.7861222936999344
,,,energy_curve,,,,,,,w_energy,,-4.484470136542754e-05,0.5,,,control_effort,1.7937880546171017
,,,energy_curve,,,,,,,w_energy,,-4.503634538835672e-05,0.5,,,control_effort,1.8014538155342688
,,,energy_curve,,,,,,,w_energy,,-4.52279894112859e-05,0.5,,,control_effort,1.8091195764514358
,,,energy_curve,,,,,,,w_energy,,-4.5419633434215074e-05,0.5,,,control_effort,1.816785337368603
,,,energy_curve,,,,,,,w_energy,,-4.561127745714425e-05,0.5,,,control_effort,1.82445109828577
,,,energy_curve,,,,,,,w_energy,,-4.580292148007343e-05,0.5,,,control_effort,1.832116859202937
,,,distance_curve,,,,,,,alpha_dist,,4.0,0.75,,,distance,0.0
,,,distance_curve,,,,,,,alpha_dist,,3.994823229242536,0.75,,,distance,8.633539199929952
,,,distance_curve,,,,,,,alpha_dist,,3.9896531582239403,0.75,,,distance,17.267078399859905
,,,distance_curve,,,,,,,alpha_dist,,3.9844897782734607,0.75,,,distance,25.900617599789857
,,,distance_curve,,,,,,,alpha_dist,,3.9793330807315654,0.75,,,distance,34.53415679971981
,,,distance_curve,,,,,,,alpha_dist,,3.97418305694993,0.75,,,distance,43.167695999649766
,,,distance_curve,,,,,,,alpha_dist,,3.9690396982914233,0.75,,,distance,51.801235199579715
,,,distance_curve,,,,,,,alpha_dist,,3.963902996130091,0.75,,,distance,60.434774399509664
,,,distance_curve,,,,,,,alpha_dist,,3.958772941851143,0.75,,,distance,69.06831359943962
,,,distance_curve,,,,,,,alpha_dist,,3.9536495268509393,0.75,,,distance,77.70185279936958
,,,distance_curve,,,,,,,alpha_dist,,3.948532742536973,0.75,,,distance,86.33539199929953
,,,distance_curve,,,,,,,alpha_dist,,3.943422580327859,0.75,,,distance,94.96893119922947
,,,distance_curve,,,,,,,alpha_dist,,3.9383190316533176,0.75,,,distance,103.60247039915943
,,,distance_curve,,,,,,,alpha_dist,,3.933222087954161,0.75,,,distance,112.23600959908939
,,,distance_curve,,,,,,,alpha_dist,,3.9281317406822778,0.75,,,distance,120.86954879901933
,,,distance_curve,,,,,,,alpha_dist,,3.92304798130062,0.75,,,distance,129.5030879989493
,,,distance_curve,,,,,,,alpha_dist,,3.917970801283188,0.75,,,distance,138.13662719887924
,,,distance_curve,,,,,,,alpha_dist,,3.9129001921150177,0.75,,,distance,146.77016639880918
,,,distance_curve,,,,,,,alpha_dist,,3.9078361452921637,0.75,,,distance,155.40370559873915
,,,distance_curve,,,,,,,alpha_dist,,3.902778652321686,0.75,,,distance,164.0372447986691
,,,distance_curve,,,,,,,alpha_dist,,3.8977277047216377,0.75,,,distance,172.67078399859906
,,,distance_curve,,,,,,,alpha_dist,,3.892683294021047,0.75,,,distance,181.304323198529
,,,distance_curve,,,,,,,alpha_dist,,3.887645411759908,0.75,,,distance,189.93786239845895
,,,distance_curve,,,,,,,alpha_dist,,3.8826140494891606,0.75,,,distance,198.57140159838892
,,,distance_curve,,,,,,,alpha_dist,,3.8775891987706816,0.75,,,distance,207.20494079831886
,,,distance_curve,,,,,,,alpha_dist,,3.872570851177268,0.75,,,distance,215.8384799982488
,,,distance_curve,,,,,,,alpha_dist,,3.867558998292622,0.75,,,distance,224.47201919817877
,,,distance_curve,,,,,,,alpha_dist,,3.8625536317113403,0.75,,,distance,233.1055583981087
,,,distance_curve,,,,,,,alpha_dist,,3.857554743038895,0.75,,,distance,241.73909759803865
,,,distance_curve,,,,,,,alpha_dist,,3.852562323891625,0.75,,,distance,250.37263679796862
,,,distance_curve,,,,,,,alpha_dist,,3.847576365896717,0.75,,,distance,259.0061759978986
,,,distance_curve,,,,,,,alpha_dist,,3.842596860692196,0.75,,,distance,267.63971519782854
,,,distance_curve,,,,,,,alpha_dist,,3.837623799926907,0.75,,,distance,276.2732543977585
,,,distance_curve,,,,,,,alpha_dist,,3.8326571752605045,0.75,,,distance,284.9067935976884
,,,distance_curve,,,,,,,alpha_dist,,3.827696978363436,0.75,,,distance,293.54033279761836
,,,distance_curve,,,,,,,alpha_dist,,3.8227432009169293,0.75,,,distance,302.17387199754836
,,,distance_curve,,,,,,,alpha_dist,,3.817795834612979,0.75,,,distance,310.8074111974783
,,,distance_curve,,,,,,,alpha_dist,,3.8128548711543306,0.75,,,distance,319.44095039740824
,,,distance_curve,,,,,,,alpha_dist,,3.807920302254469,0.75,,,distance,328.0744895973382
,,,distance_curve,,,,,,,alpha_dist,,3.8029921196376026,0.75,,,distance,336.7080287972681
,,,distance_curve,,,,,,,alpha_dist,,3.7980703150386512,0.75,,,distance,345.3415679971981
,,,distance_curve,,,,,,,alpha_dist,,3.7931548802032298,0.75,,,distance,353.97510719712807
,,,distance_curve,,,,,,,alpha_dist,,3.7882458068876375,0.75,,,distance,362.608646397058
,,,distance_curve,,,,,,,alpha_dist,,3.7833430868588422,0.75,,,distance,371.24218559698795
,,,distance_curve,,,,,,,alpha_dist,,3.778446711894466,0.75,,,distance,379.8757247969179
,,,distance_curve,,,,,,,alpha_dist,,3.773556673782773,0.75,,,distance,388.50926399684784
,,,distance_curve,,,,,,,alpha_dist,,3.7686729643226546,0.75,,,distance,397.14280319677783
,,,distance_curve,,,,,,,alpha_dist,,3.7637955753236167,0.75,,,distance,405.7763423967078
,,,distance_curve,,,,,,,alpha_dist,,3.7589244986057646,0.75,,,distance,414.4098815966377
,,,distance_curve,,,,,,,alpha_dist,,3.75405972599979,0.75,,,distance,423.04342079656766
,,,distance_curve,,,,,,,alpha_dist,,3.7492012493469575,0.75,,,distance,431.6769599964976
,,,distance_curve,,,,,,,alpha_dist,,3.7443490604990908,0.75,,,distance,440.3104991964276
,,,distance_curve,,,,,,,alpha_dist,,3.739503151318558,0.75,,,distance,448.94403839635754
,,,distance_curve,,,,,,,alpha_dist,,3.73466351367826,0.75,,,distance,457.5775775962875
,,,distance_curve,,,,,,,alpha_dist,,3.729830139461616,0.75,,,distance,466.2111167962174
,,,distance_curve,,,,,,,alpha_dist,,3.7250030205625473,0.75,,,distance,474.84465599614737
,,,distance_curve,,,,,,,alpha_dist,,3.7201821488854687,0.75,,,distance,483.4781951960773
,,,distance_curve,,,,,,,alpha_dist,,3.715367516345271,0.75,,,distance,492.1117343960073
,,,distance_curve,,,,,,,alpha_dist,,3.710559114867309,0.75,,,distance,500.74527359593725
,,,distance_curve,,,,,,,alpha_dist,,3.7057569363873872,0.75,,,distance,509.3788127958672
,,,distance_curve,,,,,,,alpha_dist,,3.700960972851747,0.75,,,distance,518.0123519957972
,,,distance_curve,,,,,,,alpha_dist,,3.6961712162170532,0.75,,,distance,526.6458911957271
,,,distance_curve,,,,,,,alpha_dist,,3.6913876584503797,0.75,,,distance,535.2794303956571
,,,distance_curve,,,,,,,alpha_dist,,3.686610291529197,0.75,,,distance,543.912969595587
,,,distance_curve,,,,,,,alpha_dist,,3.6818391074413586,0.75,,,distance,552.546508795517
,,,distance_curve,,,,,,,alpha_dist,,3.677074098185086,0.75,,,distance,561.1800479954469
,,,distance_curve,,,,,,,alpha_dist,,3.6723152557689573,0.75,,,distance,569.8135871953768
,,,distance_curve,,,,,,,alpha_dist,,3.6675625722118936,0.75,,,distance,578.4471263953068
,,,distance_curve,,,,,,,alpha_dist,,3.6628160395431446,0.75,,,distance,587.0806655952367
,,,distance_curve,,,,,,,alpha_dist,,3.6580756498022753,0.75,,,distance,595.7142047951667
,,,distance_curve,,,,,,,alpha_dist,,3.653341395039153,0.75,,,distance,604.3477439950967
,,,distance_curve,,,,,,,alpha_dist,,3.648613267313935,0.75,,,distance,612.9812831950267
,,,distance_curve,,,,,,,alpha_dist,,3.643891258697053,0.75,,,distance,621.6148223949566
,,,distance_curve,,,,,,,alpha_dist,,3.639175361269203,0.75,,,distance,630.2483615948865
,,,distance_curve,,,,,,,alpha_dist,,3.634465567121327,0.75,,,distance,638.8819007948165
,,,distance_curve,,,,,,,alpha_dist,,3.629761868354606,0.75,,,distance,647.5154399947464
,,,distance_curve,,,,,,,alpha_dist,,3.625064257080442,0.75,,,distance,656.1489791946764
,,,distance_curve,,,,,,,alpha_dist,,3.620372725420446,0.75,,,distance,664.7825183946063
,,,distance_curve,,,,,,,alpha_dist,,3.6156872655064265,0.75,,,distance,673.4160575945363
,,,distance_curve,,,,,,,alpha_dist,,3.611007869480374,0.75,,,distance,682.0495967944662
,,,distance_curve,,,,,,,alpha_dist,,3.6063345294944495,0.75,,,distance,690.6831359943963
,,,distance_curve,,,,,,,alpha_dist,,3.6016672377109695,0.75,,,distance,699.3166751943262
,,,distance_curve,,,,,,,alpha_dist,,3.5970059863023947,0.75,,,distance,707.9502143942561
,,,distance_curve,,,,,,,alpha_dist,,3.592350767451316,0.75,,,distance,716.5837535941861
,,,distance_curve,,,,,,,alpha_dist,,3.5877015733504423,0.75,,,distance,725.217292794116
,,,distance_curve,,,,,,,alpha_dist,,3.583058396202585,0.75,,,distance,733.850831994046
,,,distance_curve,,,,,,,alpha_dist,,3.578421228220648,0.75,,,distance,742.4843711939759
,,,distance_curve,,,,,,,alpha_dist,,3.5737900616276126,0.75,,,distance,751.1179103939058
,,,distance_curve,,,,,,,alpha_dist,,3.569164888656525,0.75,,,distance,759.7514495938358
,,,distance_curve,,,,,,,alpha_dist,,3.564545701550484,0.75,,,distance,768.3849887937657
,,,distance_curve,,,,,,,alpha_dist,,3.5599324925626257,0.75,,,distance,777.0185279936957
,,,distance_curve,,,,,,,alpha_dist,,3.5553252539561147,0.75,,,distance,785.6520671936257
,,,distance_curve,,,,,,,alpha_dist,,3.5507239780041258,0.75,,,distance,794.2856063935557
,,,distance_curve,,,,,,,alpha_dist,,3.5461286569898363,0.75,,,distance,802.9191455934856
,,,distance_curve,,,,,,,alpha_dist,,3.5415392832064088,0.75,,,distance,811.5526847934156
,,,distance_curve,,,,,,,alpha_dist,,3.53695584895698,0.75,,,distance,820.1862239933455
,,,distance_curve,,,,,,,alpha_dist,,3.5323783465546494,0.75,,,distance,828.8197631932754
,,,distance_curve,,,,,,,alpha_dist,,3.5278067683224634,0.75,,,distance,837.4533023932054
,,,distance_curve,,,,,,,alpha_dist,,3.5232411065934044,0.75,,,distance,846.0868415931353
,,,distance_curve,,,,,,,alpha_dist,,3.5186813537103774,0.75,,,distance,854.7203807930653
,,,distance_curve,,,,,,,alpha_dist,,3.514127502026197,0.75,,,distance,863.3539199929952
,,,distance_curve,,,,,,,alpha_dist,,3.509579543903574,0.75,,,distance,871.9874591929251
,,,distance_curve,,,,,,,alpha_dist,,3.5050374717151054,0.75,,,distance,880.6209983928552
,,,distance_curve,,,,,,,alpha_dist,,3.500501277843258,0.75,,,distance,889.2545375927851
,,,distance_curve,,,,,,,alpha_dist,,3.4959709546803563,0.75,,,distance,897.8880767927151
,,,distance_curve,,,,,,,alpha_dist,,3.491446494628573,0.75,,,distance,906.521615992645
,,,distance_curve,,,,,,,alpha_dist,,3.486927890099912,0.75,,,distance,915.155155192575
,,,distance_curve,,,,,,,alpha_dist,,3.482415133516198,0.75,,,distance,923.7886943925049
,,,distance_curve,,,,,,,alpha_dist,,3.477908217309064,0.75,,,distance,932.4222335924348
,,,distance_curve,,,,,,,alpha_dist,,3.4734071339199364,0.75,,,distance,941.0557727923648
,,,distance_curve,,,,,,,alpha_dist,,3.4689118758000252,0.75,,,distance,949.6893119922947
,,,distance_curve,,,,,,,alpha_dist,,3.46442243541031,0.75,,,distance,958.3228511922247
,,,distance_curve,,,,,,,alpha_dist,,3.459938805221526,0.75,,,distance,966.9563903921546
,,,distance_curve,,,,,,,alpha_dist,,3.4554609777141545,0.75,,,distance,975.5899295920847
,,,distance_curve,,,,,,,alpha_dist,,3.4509889453784073,0.75,,,distance,984.2234687920146
,,,distance_curve,,,,,,,alpha_dist,,3.4465227007142154,0.75,,,distance,992.8570079919446
,,,distance_curve,,,,,,,alpha_dist,,3.4420622362312168,0.75,,,distance,1001.4905471918745
,,,distance_curve,,,,,,,alpha_dist,,3.4376075444487433,0.75,,,distance,1010.1240863918044
,,,distance_curve,,,,,,,alpha_dist,,3.433158617895808,0.75,,,distance,1018.7576255917344
,,,distance_curve,,,,,,,alpha_dist,,3.428715449111093,0.75,,,distance,1027.3911647916643
,,,distance_curve,,,,,,,alpha_dist,,3.4242780306429372,0.75,,,distance,1036.0247039915944
,,,distance_curve,,,,,,,alpha_dist,,3.4198463550493226,0.75,,,distance,1044.6582431915242
,,,distance_curve,,,,,,,alpha_dist,,3.4154204148978624,0.75,,,distance,1053.2917823914543
,,,distance_curve,,,,,,,alpha_dist,,3.41100020276579,0.75,,,distance,1061.925321591384
,,,distance_curve,,,,,,,alpha_dist,,3.4065857112399445,0.75,,,distance,1070.5588607913141
,,,distance_curve,,,,,,,alpha_dist,,3.402176932916759,0.75,,,distance,1079.192399991244
,,,distance_curve,,,,,,,alpha_dist,,3.397773860402248,0.75,,,distance,1087.825939191174
,,,distance_curve,,,,,,,alpha_dist,,3.3933764863119964,0.75,,,distance,1096.4594783911039
,,,distance_curve,,,,,,,alpha_dist,,3.388984803271145,0.75,,,distance,1105.093017591034
,,,distance_curve,,,,,,,alpha_dist,,3.3845988039143786,0.75,,,distance,1113.726556790964
,,,distance_curve,,,,,,,alpha_dist,,3.3802184808859157,0.75,,,distance,1122.3600959908938
,,,distance_curve,,,,,,,alpha_dist,,3.375843826839493,0.75,,,distance,1130.9936351908239
,,,distance_curve,,,,,,,alpha_dist,,3.371474834438356,0.75,,,distance,1139.6271743907537
,,,distance_curve,,,,,,,alpha_dist,,3.367111496355244,0.75,,,distance,1148.2607135906837
,,,distance_curve,,,,,,,alpha_dist,,3.362753805272381,0.75,,,distance,1156.8942527906136
,,,distance_curve,,,,,,,alpha_dist,,3.3584017538814592,0.75,,,distance,1165.5277919905436
,,,distance_curve,,,,,,,alpha_dist,,3.3540553348836317,0.75,,,distance,1174.1613311904734
,,,distance_curve,,,,,,,alpha_dist,,3.349714540989496,0.75,,,distance,1182.7948703904035
,,,distance_curve,,,,,,,alpha_dist,,3.3453793649190846,0.75,,,distance,1191.4284095903333
,,,distance_curve,,,,,,,alpha_dist,,3.34104979940185,0.75,,,distance,1200.0619487902634
,,,distance_curve,,,,,,,alpha_dist,,3.3367258371766564,0.75,,,distance,1208.6954879901934
,,,distance_curve,,,,,,,alpha_dist,,3.3324074709917633,0.75,,,distance,1217.3290271901233
,,,distance_curve,,,,,,,alpha_dist,,3.328094693604817,0.75,,,distance,1225.9625663900533
,,,distance_curve,,,,,,,alpha_dist,,3.3237874977828357,0.75,,,distance,1234.5961055899832
,,,distance_curve,,,,,,,alpha_dist,,3.319485876302199,0.75,,,distance,1243.2296447899132
,,,distance_curve,,,,,,,alpha_dist,,3.3151898219486347,0.75,,,distance,1251.863183989843
,,,distance_curve,,,,,,,alpha_dist,,3.310899327517208,0.75,,,distance,1260.496723189773
,,,distance_curve,,,,,,,alpha_dist,,3.3066143858123085,0.75,,,distance,1269.130262389703
,,,distance_curve,,,,,,,alpha_dist,,3.3023349896476373,0.75,,,distance,1277.763801589633
,,,distance_curve,,,,,,,alpha_dist,,3.2980611318461976,0.75,,,distance,1286.3973407895628
,,,distance_curve,,,,,,,alpha_dist,,3.29379280524028,0.75,,,distance,1295.0308799894929
,,,distance_curve,,,,,,,alpha_dist,,3.2895300026714516,0.75,,,distance,1303.664419189423
,,,distance_curve,,,,,,,alpha_dist,,3.285272716990544,0.75,,,distance,1312.2979583893527
,,,distance_curve,,,,,,,alpha_dist,,3.281020941057641,0.75,,,distance,1320.9314975892828
,,,distance_curve,,,,,,,alpha_dist,,3.276774667742067,0.75,,,distance,1329.5650367892126
,,,distance_curve,,,,,,,alpha_dist,,3.2725338899223755,0.75,,,distance,1338.1985759891427
,,,distance_curve,,,,,,,alpha_dist,,3.2682986004863355,0.75,,,distance,1346.8321151890725
,,,distance_curve,,,,,,,alpha_dist,,3.2640687923309204,0.75,,,distance,1355.4656543890026
,,,distance_curve,,,,,,,alpha_dist,,3.259844458362298,0.75,,,distance,1364.0991935889324
,,,distance_curve,,,,,,,alpha_dist,,3.255625591495815,0.75,,,distance,1372.7327327888624
,,,distance_curve,,,,,,,alpha_dist,,3.251412184655988,0.75,,,distance,1381.3662719887925
,,,distance_curve,,,,,,,alpha_dist,,3.247204230776491,0.75,,,distance,1389.9998111887223
,,,distance_curve,,,,,,,alpha_dist,,3.243001722800141,0.75,,,distance,1398.6333503886524
,,,distance_curve,,,,,,,alpha_dist,,3.238804653678892,0.75,,,distance,1407.2668895885822
,,,distance_curve,,,,,,,alpha_dist,,3.2346130163738156,0.75,,,distance,1415.9004287885123
,,,distance_curve,,,,,,,alpha_dist,,3.2304268038550967,0.75,,,distance,1424.533967988442
,,,distance_curve,,,,,,,alpha_dist,,3.226246009102015,0.75,,,distance,1433.1675071883722
,,,distance_curve,,,,,,,alpha_dist,,3.2220706251029387,0.75,,,distance,1441.801046388302
,,,distance_curve,,,,,,,alpha_dist,,3.2179006448553094,0.75,,,distance,1450.434585588232
,,,distance_curve,,,,,,,alpha_dist,,3.2137360613656316,0.75,,,distance,1459.0681247881619
,,,distance_curve,,,,,,,alpha_dist,,3.20957686764946,0.75,,,distance,1467.701663988092
,,,distance_curve,,,,,,,alpha_dist,,3.2054230567313895,0.75,,,distance,1476.335203188022
,,,distance_curve,,,,,,,alpha_dist,,3.2012746216450427,0.75,,,distance,1484.9687423879518
,,,distance_curve,,,,,,,alpha_dist,,3.197131555433056,0.75,,,distance,1493.6022815878819
,,,distance_curve,,,,,,,alpha_dist,,3.1929938511470732,0.75,,,distance,1502.2358207878117
,,,distance_curve,,,,,,,alpha_dist,,3.188861501847728,0.75,,,distance,1510.8693599877417
,,,distance_curve,,,,,,,alpha_dist,,3.184734500604636,0.75,,,distance,1519.5028991876716
,,,distance_curve,,,,,,,alpha_dist,,3.1806128404963814,0.75,,,distance,1528.1364383876016
,,,distance_curve,,,,,,,alpha_dist,,3.1764965146105073,0.75,,,distance,1536.7699775875315
,,,distance_curve,,,,,,,alpha_dist,,3.1723855160435015,0.75,,,distance,1545.4035167874615
,,,distance_curve,,,,,,,alpha_dist,,3.1682798379007875,0.75,,,distance,1554.0370559873913
,,,distance_curve,,,,,,,alpha_dist,,3.16417947329671,0.75,,,distance,1562.6705951873214
,,,distance_curve,,,,,,,alpha_dist,,3.1600844153545276,0.75,,,distance,1571.3041343872515
,,,distance_curve,,,,,,,alpha_dist,,3.155994657206396,0.75,,,distance,1579.9376735871813
,,,distance_curve,,,,,,,alpha_dist,,3.151910191993361,0.75,,,distance,1588.5712127871113
,,,distance_curve,,,,,,,alpha_dist,,3.1478310128653453,0.75,,,distance,1597.2047519870412
,,,distance_curve,,,,,,,alpha_dist,,3.143757112981135,0.75,,,distance,1605.8382911869712
,,,distance_curve,,,,,,,alpha_dist,,3.139688485508372,0.75,,,distance,1614.471830386901
,,,distance_curve,,,,,,,alpha_dist,,3.135625123623541,0.75,,,distance,1623.105369586831
,,,distance_curve,,,,,,,alpha_dist,,3.131567020511955,0.75,,,distance,1631.738908786761
,,,distance_curve,,,,,,,alpha_dist,,3.127514169367748,0.75,,,distance,1640.372447986691
,,,distance_curve,,,,,,,alpha_dist,,3.1234665633938636,0.75,,,distance,1649.0059871866208
,,,distance_curve,,,,,,,alpha_dist,,3.11942419580204,0.75,,,distance,1657.6395263865509
,,,distance_curve,,,,,,,alpha_dist,,3.1153870598128015,0.75,,,distance,1666.273065586481
,,,distance_curve,,,,,,,alpha_dist,,3.111355148655446,0.75,,,distance,1674.9066047864108
,,,distance_curve,,,,,,,alpha_dist,,3.1073284555680347,0.75,,,distance,1683.5401439863408
,,,distance_curve,,,,,,,alpha_dist,,3.1033069737973795,0.75,,,distance,1692.1736831862706
,,,distance_curve,,,,,,,alpha_dist,,3.099290696599032,0.75,,,distance,1700.8072223862007
,,,distance_curve,,,,,,,alpha_dist,,3.0952796172372734,0.75,,,distance,1709.4407615861305
,,,distance_curve,,,,,,,alpha_dist,,3.0912737289851013,0.75,,,distance,1718.0743007860606
,,,distance_curve,,,,,,,alpha_dist,,3.0872730251242193,0.75,,,distance,1726.7078399859904
,,,distance_curve,,,,,,,alpha_dist,,3.0832774989450265,0.75,,,distance,1735.3413791859205
,,,distance_curve,,,,,,,alpha_dist,,3.079287143746605,0.75,,,distance,1743.9749183858503
,,,distance_curve,,,,,,,alpha_dist,,3.0753019528367096,0.75,,,distance,1752.6084575857803
,,,distance_curve,,,,,,,alpha_dist,,3.071321919531755,0.75,,,distance,1761.2419967857104
,,,distance_curve,,,,,,,alpha_dist,,3.0673470371568072,0.75,,,distance,1769.8755359856402
,,,distance_curve,,,,,,,alpha_dist,,3.06337729904557,0.75,,,distance,1778.5090751855703
,,,distance_curve,,,,,,,alpha_dist,,3.0594126985403753,0.75,,,distance,1787.1426143855
,,,distance_curve,,,,,,,alpha_dist,,3.055453228992171,0.75,,,distance,1795.7761535854302
,,,distance_curve,,,,,,,alpha_dist,,3.0514988837605093,0.75,,,distance,1804.40969278536
,,,distance_curve,,,,,,,alpha_dist,,3.047549656213538,0.75,,,distance,1813.04323198529
,,,distance_curve,,,,,,,alpha_dist,,3.043605539727986,0.75,,,distance,1821.6767711852199
,,,distance_curve,,,,,,,alpha_dist,,3.0396665276891564,0.75,,,distance,1830.31031038515
,,,distance_curve,,,,,,,alpha_dist,,3.0357326134909104,0.75,,,distance,1838.9438495850798
,,,distance_curve,,,,,,,alpha_dist,,3.03180379053566,0.75,,,distance,1847.5773887850098
,,,distance_curve,,,,,,,alpha_dist,,3.0278800522343565,0.75,,,distance,1856.2109279849399
,,,distance_curve,,,,,,,alpha_dist,,3.0239613920064774,0.75,,,distance,1864.8444671848697
,,,distance_curve,,,,,,,alpha_dist,,3.0200478032800175,0.75,,,distance,1873.4780063847998
,,,distance_curve,,,,,,,alpha_dist,,3.0161392794914765,0.75,,,distance,1882.1115455847296
,,,distance_curve,,,,,,,alpha_dist,,3.012235814085849,0.75,,,distance,1890.7450847846596
,,,distance_curve,,,,,,,alpha_dist,,3.0083374005166124,0.75,,,distance,1899.3786239845895
,,,distance_curve,,,,,,,alpha_dist,,3.0044440322457175,0.75,,,distance,1908.0121631845195
,,,distance_curve,,,,,,,alpha_dist,,3.0005557027435756,0.75,,,distance,1916.6457023844494
,,,distance_curve,,,,,,,alpha_dist,,2.9966724054890492,0.75,,,distance,1925.2792415843794
,,,distance_curve,,,,,,,alpha_dist,,2.9927941339694404,0.75,,,distance,1933.9127807843092
,,,distance_curve,,,,,,,alpha_dist,,2.9889208816804795,0.75,,,distance,1942.5463199842393
,,,distance_curve,,,,,,,alpha_dist,,2.985052642126315,0.75,,,distance,1951.1798591841693
,,,distance_curve,,,,,,,alpha_dist,,2.9811894088195023,0.75,,,distance,1959.8133983840992
,,,distance_curve,,,,,,,alpha_dist,,2.9773311752809923,0.75,,,distance,1968.4469375840292
,,,distance_curve,,,,,,,alpha_dist,,2.973477935040122,0.75,,,distance,1977.080476783959
,,,distance_curve,,,,,,,alpha_dist,,2.969629681634602,0.75,,,distance,1985.714015983889
,,,distance_curve,,,,,,,alpha_dist,,2.965786408610506,0.75,,,distance,1994.347555183819
,,,distance_curve,,,,,,,alpha_dist,,2.961948109522261,0.75,,,distance,2002.981094383749
,,,distance_curve,,,,,,,alpha_dist,,2.9581147779326358,0.75,,,distance,2011.6146335836788
,,,distance_curve,,,,,,,alpha_dist,,2.95428640741273,0.75,,,distance,2020.2481727836089
,,,distance_curve,,,,,,,alpha_dist,,2.9504629915419627,0.75,,,distance,2028.881711983539
,,,distance_curve,,,,,,,alpha_dist,,2.946644523908064,0.75,,,distance,2037.5152511834688
,,,distance_curve,,,,,,,alpha_dist,,2.9428309981070617,0.75,,,distance,2046.1487903833988
,,,distance_curve,,,,,,,alpha_dist,,2.9390224077432716,0.75,,,distance,2054.7823295833286
,,,distance_curve,,,,,,,alpha_dist,,2.935218746429287,0.75,,,distance,2063.4158687832587
,,,coordination_curve,,,,,,,w_coord,,-0.0,0.75,,,tgo_mismatch,0.0
,,,coordination_curve,,,,,,,w_coord,,-0.055353457413020585,0.75,,,tgo_mismatch,0.025626600654176195
,,,coordination_curve,,,,,,,w_coord,,-0.11070691482604117,0.75,,,tgo_mismatch,0.05125320130835239
,,,coordination_curve,,,,,,,w_coord,,-0.16606037223906175,0.75,,,tgo_mismatch,0.07687980196252858
,,,coordination_curve,,,,,,,w_coord,,-0.22141382965208234,0.75,,,tgo_mismatch,0.10250640261670478
,,,coordination_curve,,,,,,,w_coord,,-0.27676728706510295,0.75,,,tgo_mismatch,0.12813300327088098
,,,coordination_curve,,,,,,,w_coord,,-0.3321207444781235,0.75,,,tgo_mismatch,0.15375960392505716
,,,coordination_curve,,,,,,,w_coord,,-0.3874742018911441,0.75,,,tgo_mismatch,0.17938620457923338
,,,coordination_curve,,,,,,,w_coord,,-0.4428276593041647,0.75,,,tgo_mismatch,0.20501280523340956
,,,coordination_curve,,,,,,,w_coord,,-0.49818111671718524,0.75,,,tgo_mismatch,0.23063940588758575
,,,coordination_curve,,,,,,,w_coord,,-0.5535345741302059,0.75,,,tgo_mismatch,0.25626600654176196
,,,coordination_curve,,,,,,,w_coord,,-0.6088880315432265,0.75,,,tgo_mismatch,0.28189260719593817
,,,coordination_curve,,,,,,,w_coord,,-0.664241488956247,0.75,,,tgo_mismatch,0.30751920785011433
,,,coordination_curve,,,,,,,w_coord,,-0.7195949463692676,0.75,,,tgo_mismatch,0.33314580850429054
,,,coordination_curve,,,,,,,w_coord,,-0.7749484037822882,0.75,,,tgo_mismatch,0.35877240915846675
,,,coordination_curve,,,,,,,w_coord,,-0.8303018611953087,0.75,,,tgo_mismatch,0.3843990098126429
,,,coordination_curve,,,,,,,w_coord,,-0.8856553186083294,0.75,,,tgo_mismatch,0.4100256104668191
,,,coordination_curve,,,,,,,w_coord,,-0.94100877602135,0.75,,,tgo_mismatch,0.43565221112099534
,,,coordination_curve,,,,,,,w_coord,,-0.9963622334343705,0.75,,,tgo_mismatch,0.4612788117751715
,,,coordination_curve,,,,,,,w_coord,,-1.051715690847391,0.75,,,tgo_mismatch,0.4869054124293477
,,,coordination_curve,,,,,,,w_coord,,-1.1070691482604118,0.75,,,tgo_mismatch,0.5125320130835239
,,,coordination_curve,,,,,,,w_coord,,-1.1624226056734324,0.75,,,tgo_mismatch,0.5381586137377001
,,,coordination_curve,,,,,,,w_coord,,-1.217776063086453,0.75,,,tgo_mismatch,0.5637852143918763
,,,coordination_curve,,,,,,,w_coord,,-1.2731295204994733,0.75,,,tgo_mismatch,0.5894118150460524
,,,coordination_curve,,,,,,,w_coord,,-1.328482977912494,0.75,,,tgo_mismatch,0.6150384157002287
,,,coordination_curve,,,,,,,w_coord,,-1.3838364353255146,0.75,,,tgo_mismatch,0.6406650163544049
,,,coordination_curve,,,,,,,w_coord,,-1.4391898927385351,0.75,,,tgo_mismatch,0.6662916170085811
,,,coordination_curve,,,,,,,w_coord,,-1.494543350151556,0.75,,,tgo_mismatch,0.6919182176627573
,,,coordination_curve,,,,,,,w_coord,,-1.5498968075645765,0.75,,,tgo_mismatch,0.7175448183169335
,,,coordination_curve,,,,,,,w_coord,,-1.6052502649775968,0.75,,,tgo_mismatch,0.7431714189711096
,,,coordination_curve,,,,,,,w_coord,,-1.6606037223906174,0.75,,,tgo_mismatch,0.7687980196252858
,,,coordination_curve,,,,,,,w_coord,,-1.7159571798036382,0.75,,,tgo_mismatch,0.794424620279462
,,,coordination_curve,,,,,,,w_coord,,-1.7713106372166587,0.75,,,tgo_mismatch,0.8200512209336382
,,,coordination_curve,,,,,,,w_coord,,-1.8266640946296793,0.75,,,tgo_mismatch,0.8456778215878145
,,,coordination_curve,,,,,,,w_coord,,-1.8820175520427,0.75,,,tgo_mismatch,0.8713044222419907
,,,coordination_curve,,,,,,,w_coord,,-1.9373710094557206,0.75,,,tgo_mismatch,0.8969310228961669
,,,coordination_curve,,,,,,,w_coord,,-1.992724466868741,0.75,,,tgo_mismatch,0.922557623550343
,,,coordination_curve,,,,,,,w_coord,,-2.0480779242817615,0.75,,,tgo_mismatch,0.9481842242045192
,,,coordination_curve,,,,,,,w_coord,,-2.103431381694782,0.75,,,tgo_mismatch,0.9738108248586954
,,,coordination_curve,,,,,,,w_coord,,-2.158784839107803,0.75,,,tgo_mismatch,0.9994374255128716
,,,coordination_curve,,,,,,,w_coord,,-2.2141382965208236,0.75,,,tgo_mismatch,1.0250640261670478
,,,coordination_curve,,,,,,,w_coord,,-2.2694917539338437,0.75,,,tgo_mismatch,1.050690626821224
,,,coordination_curve,,,,,,,w_coord,,-2.3248452113468647,0.75,,,tgo_mismatch,1.0763172274754003
,,,coordination_curve,,,,,,,w_coord,,-2.3801986687598853,0.75,,,tgo_mismatch,1.1019438281295764
,,,coordination_curve,,,,,,,w_coord,,-2.435552126172906,0.75,,,tgo_mismatch,1.1275704287837527
,,,coordination_curve,,,,,,,w_coord,,-2.4909055835859264,0.75,,,tgo_mismatch,1.1531970294379288
,,,coordination_curve,,,,,,,w_coord,,-2.5462590409989465,0.75,,,tgo_mismatch,1.178823630092105
,,,coordination_curve,,,,,,,w_coord,,-2.6016124984119675,0.75,,,tgo_mismatch,1.2044502307462812
,,,coordination_curve,,,,,,,w_coord,,-2.656965955824988,0.75,,,tgo_mismatch,1.2300768314004573
,,,coordination_curve,,,,,,,w_coord,,-2.7123194132380086,0.75,,,tgo_mismatch,1.2557034320546336
,,,coordination_curve,,,,,,,w_coord,,-2.767672870651029,0.75,,,tgo_mismatch,1.2813300327088097
,,,coordination_curve,,,,,,,w_coord,,-2.82302632806405,0.75,,,tgo_mismatch,1.306956633362986
,,,coordination_curve,,,,,,,w_coord,,-2.8783797854770703,0.75,,,tgo_mismatch,1.3325832340171622
,,,coordination_curve,,,,,,,w_coord,,-2.933733242890091,0.75,,,tgo_mismatch,1.3582098346713383
,,,coordination_curve,,,,,,,w_coord,,-2.989086700303112,0.75,,,tgo_mismatch,1.3838364353255146
,,,coordination_curve,,,,,,,w_coord,,-3.044440157716132,0.75,,,tgo_mismatch,1.4094630359796907
,,,coordination_curve,,,,,,,w_coord,,-3.099793615129153,0.75,,,tgo_mismatch,1.435089636633867
,,,coordination_curve,,,,,,,w_coord,,-3.1551470725421735,0.75,,,tgo_mismatch,1.4607162372880431
,,,coordination_curve,,,,,,,w_coord,,-3.2105005299551936,0.75,,,tgo_mismatch,1.4863428379422192
,,,coordination_curve,,,,,,,w_coord,,-3.2658539873682146,0.75,,,tgo_mismatch,1.5119694385963955
,,,coordination_curve,,,,,,,w_coord,,-3.3212074447812348,0.75,,,tgo_mismatch,1.5375960392505716
,,,coordination_curve,,,,,,,w_coord,,-3.3765609021942558,0.75,,,tgo_mismatch,1.563222639904748
,,,coordination_curve,,,,,,,w_coord,,-3.4319143596072763,0.75,,,tgo_mismatch,1.588849240558924
,,,coordination_curve,,,,,,,w_coord,,-3.487267817020297,0.75,,,tgo_mismatch,1.6144758412131004
,,,coordination_curve,,,,,,,w_coord,,-3.5426212744333174,0.75,,,tgo_mismatch,1.6401024418672765
,,,coordination_curve,,,,,,,w_coord,,-3.597974731846338,0.75,,,tgo_mismatch,1.6657290425214526
,,,coordination_curve,,,,,,,w_coord,,-3.6533281892593585,0.75,,,tgo_mismatch,1.691355643175629
,,,coordination_curve,,,,,,,w_coord,,-3.708681646672379,0.75,,,tgo_mismatch,1.716982243829805
,,,coordination_curve,,,,,,,w_coord,,-3.7640351040854,0.75,,,tgo_mismatch,1.7426088444839813
,,,coordination_curve,,,,,,,w_coord,,-3.81938856149842,0.75,,,tgo_mismatch,1.7682354451381574
,,,coordination_curve,,,,,,,w_coord,,-3.874742018911441,0.75,,,tgo_mismatch,1.7938620457923338
,,,coordination_curve,,,,,,,w_coord,,-3.9300954763244618,0.75,,,tgo_mismatch,1.8194886464465099
,,,coordination_curve,,,,,,,w_coord,,-3.985448933737482,0.75,,,tgo_mismatch,1.845115247100686
,,,coordination_curve,,,,,,,w_coord,,-4.040802391150502,0.75,,,tgo_mismatch,1.8707418477548623
,,,coordination_curve,,,,,,,w_coord,,-4.096155848563523,0.75,,,tgo_mismatch,1.8963684484090384
,,,coordination_curve,,,,,,,w_coord,,-4.151509305976544,0.75,,,tgo_mismatch,1.9219950490632147
,,,coordination_curve,,,,,,,w_coord,,-4.206862763389564,0.75,,,tgo_mismatch,1.9476216497173908
,,,coordination_curve,,,,,,,w_coord,,-4.262216220802585,0.75,,,tgo_mismatch,1.973248250371567
,,,coordination_curve,,,,,,,w_coord,,-4.317569678215606,0.75,,,tgo_mismatch,1.9988748510257432
,,,coordination_curve,,,,,,,w_coord,,-4.372923135628627,0.75,,,tgo_mismatch,2.0245014516799196
,,,coordination_curve,,,,,,,w_coord,,-4.428276593041647,0.75,,,tgo_mismatch,2.0501280523340957
,,,coordination_curve,,,,,,,w_coord,,-4.483630050454667,0.75,,,tgo_mismatch,2.0757546529882718
,,,coordination_curve,,,,,,,w_coord,,-4.5389835078676875,0.75,,,tgo_mismatch,2.101381253642448
,,,coordination_curve,,,,,,,w_coord,,-4.594336965280709,0.75,,,tgo_mismatch,2.1270078542966244
,,,coordination_curve,,,,,,,w_coord,,-4.6496904226937295,0.75,,,tgo_mismatch,2.1526344549508005
,,,coordination_curve,,,,,,,w_coord,,-4.70504388010675,0.75,,,tgo_mismatch,2.1782610556049766
,,,coordination_curve,,,,,,,w_coord,,-4.760397337519771,0.75,,,tgo_mismatch,2.2038876562591527
,,,coordination_curve,,,,,,,w_coord,,-4.81575079493279,0.75,,,tgo_mismatch,2.229514256913329
,,,coordination_curve,,,,,,,w_coord,,-4.871104252345812,0.75,,,tgo_mismatch,2.2551408575675054
,,,coordination_curve,,,,,,,w_coord,,-4.926457709758832,0.75,,,tgo_mismatch,2.2807674582216815
,,,coordination_curve,,,,,,,w_coord,,-4.981811167171853,0.75,,,tgo_mismatch,2.3063940588758576
,,,coordination_curve,,,,,,,w_coord,,-5.037164624584873,0.75,,,tgo_mismatch,2.3320206595300337
,,,coordination_curve,,,,,,,w_coord,,-5.092518081997893,0.75,,,tgo_mismatch,2.35764726018421
,,,coordination_curve,,,,,,,w_coord,,-5.1478715394109145,0.75,,,tgo_mismatch,2.3832738608383863
,,,coordination_curve,,,,,,,w_coord,,-5.203224996823935,0.75,,,tgo_mismatch,2.4089004614925624
,,,coordination_curve,,,,,,,w_coord,,-5.258578454236956,0.75,,,tgo_mismatch,2.4345270621467385
,,,coordination_curve,,,,,,,w_coord,,-5.313931911649976,0.75,,,tgo_mismatch,2.4601536628009146
,,,coordination_curve,,,,,,,w_coord,,-5.369285369062997,0.75,,,tgo_mismatch,2.4857802634550907
,,,coordination_curve,,,,,,,w_coord,,-5.424638826476017,0.75,,,tgo_mismatch,2.5114068641092673
,,,coordination_curve,,,,,,,w_coord,,-5.479992283889038,0.75,,,tgo_mismatch,2.5370334647634434
,,,coordination_curve,,,,,,,w_coord,,-5.535345741302058,0.75,,,tgo_mismatch,2.5626600654176195
,,,coordination_curve,,,,,,,w_coord,,-5.590699198715079,0.75,,,tgo_mismatch,2.5882866660717956
,,,coordination_curve,,,,,,,w_coord,,-5.6460526561281,0.75,,,tgo_mismatch,2.613913266725972
,,,coordination_curve,,,,,,,w_coord,,-5.701406113541121,0.75,,,tgo_mismatch,2.6395398673801482
,,,coordination_curve,,,,,,,w_coord,,-5.756759570954141,0.75,,,tgo_mismatch,2.6651664680343243
,,,coordination_curve,,,,,,,w_coord,,-5.812113028367161,0.75,,,tgo_mismatch,2.6907930686885004
,,,coordination_curve,,,,,,,w_coord,,-5.867466485780182,0.75,,,tgo_mismatch,2.7164196693426765
,,,coordination_curve,,,,,,,w_coord,,-5.922819943193203,0.75,,,tgo_mismatch,2.742046269996853
,,,coordination_curve,,,,,,,w_coord,,-5.978173400606224,0.75,,,tgo_mismatch,2.767672870651029
,,,coordination_curve,,,,,,,w_coord,,-6.033526858019243,0.75,,,tgo_mismatch,2.7932994713052053
,,,coordination_curve,,,,,,,w_coord,,-6.088880315432264,0.75,,,tgo_mismatch,2.8189260719593814
,,,coordination_curve,,,,,,,w_coord,,-6.1442337728452845,0.75,,,tgo_mismatch,2.8445526726135575
,,,coordination_curve,,,,,,,w_coord,,-6.199587230258306,0.75,,,tgo_mismatch,2.870179273267734
,,,coordination_curve,,,,,,,w_coord,,-6.2549406876713265,0.75,,,tgo_mismatch,2.89580587392191
,,,coordination_curve,,,,,,,w_coord,,-6.310294145084347,0.75,,,tgo_mismatch,2.9214324745760862
,,,coordination_curve,,,,,,,w_coord,,-6.365647602497367,0.75,,,tgo_mismatch,2.9470590752302623
,,,coordination_curve,,,,,,,w_coord,,-6.421001059910387,0.75,,,tgo_mismatch,2.9726856758844384
,,,coordination_curve,,,,,,,w_coord,,-6.476354517323409,0.75,,,tgo_mismatch,2.998312276538615
,,,coordination_curve,,,,,,,w_coord,,-6.531707974736429,0.75,,,tgo_mismatch,3.023938877192791
,,,coordination_curve,,,,,,,w_coord,,-6.58706143214945,0.75,,,tgo_mismatch,3.049565477846967
,,,coordination_curve,,,,,,,w_coord,,-6.6424148895624695,0.75,,,tgo_mismatch,3.0751920785011433
,,,coordination_curve,,,,,,,w_coord,,-6.697768346975491,0.75,,,tgo_mismatch,3.10081867915532
,,,coordination_curve,,,,,,,w_coord,,-6.7531218043885115,0.75,,,tgo_mismatch,3.126445279809496
,,,coordination_curve,,,,,,,w_coord,,-6.808475261801532,0.75,,,tgo_mismatch,3.152071880463672
,,,coordination_curve,,,,,,,w_coord,,-6.863828719214553,0.75,,,tgo_mismatch,3.177698481117848
,,,coordination_curve,,,,,,,w_coord,,-6.919182176627573,0.75,,,tgo_mismatch,3.2033250817720242
,,,coordination_curve,,,,,,,w_coord,,-6.974535634040594,0.75,,,tgo_mismatch,3.228951682426201
,,,coordination_curve,,,,,,,w_coord,,-7.029889091453614,0.75,,,tgo_mismatch,3.254578283080377
,,,coordination_curve,,,,,,,w_coord,,-7.085242548866635,0.75,,,tgo_mismatch,3.280204883734553
,,,coordination_curve,,,,,,,w_coord,,-7.140596006279655,0.75,,,tgo_mismatch,3.305831484388729
,,,coordination_curve,,,,,,,w_coord,,-7.195949463692676,0.75,,,tgo_mismatch,3.331458085042905
,,,coordination_curve,,,,,,,w_coord,,-7.251302921105697,0.75,,,tgo_mismatch,3.3570846856970817
,,,coordination_curve,,,,,,,w_coord,,-7.306656378518717,0.75,,,tgo_mismatch,3.382711286351258
,,,coordination_curve,,,,,,,w_coord,,-7.362009835931738,0.75,,,tgo_mismatch,3.408337887005434
,,,coordination_curve,,,,,,,w_coord,,-7.417363293344758,0.75,,,tgo_mismatch,3.43396448765961
,,,coordination_curve,,,,,,,w_coord,,-7.472716750757779,0.75,,,tgo_mismatch,3.459591088313786
,,,coordination_curve,,,,,,,w_coord,,-7.5280702081708,0.75,,,tgo_mismatch,3.4852176889679627
,,,coordination_curve,,,,,,,w_coord,,-7.58342366558382,0.75,,,tgo_mismatch,3.510844289622139
,,,coordination_curve,,,,,,,w_coord,,-7.63877712299684,0.75,,,tgo_mismatch,3.536470890276315
,,,coordination_curve,,,,,,,w_coord,,-7.694130580409861,0.75,,,tgo_mismatch,3.562097490930491
,,,coordination_curve,,,,,,,w_coord,,-7.749484037822882,0.75,,,tgo_mismatch,3.5877240915846675
,,,coordination_curve,,,,,,,w_coord,,-7.804837495235903,0.75,,,tgo_mismatch,3.6133506922388436
,,,coordination_curve,,,,,,,w_coord,,-7.8601909526489235,0.75,,,tgo_mismatch,3.6389772928930197
,,,coordination_curve,,,,,,,w_coord,,-7.915544410061943,0.75,,,tgo_mismatch,3.664603893547196
,,,coordination_curve,,,,,,,w_coord,,-7.970897867474964,0.75,,,tgo_mismatch,3.690230494201372
,,,coordination_curve,,,,,,,w_coord,,-8.026251324887985,0.75,,,tgo_mismatch,3.7158570948555485
,,,coordination_curve,,,,,,,w_coord,,-8.081604782301005,0.75,,,tgo_mismatch,3.7414836955097246
,,,coordination_curve,,,,,,,w_coord,,-8.136958239714026,0.75,,,tgo_mismatch,3.7671102961639007
,,,coordination_curve,,,,,,,w_coord,,-8.192311697127046,0.75,,,tgo_mismatch,3.792736896818077
,,,coordination_curve,,,,,,,w_coord,,-8.247665154540067,0.75,,,tgo_mismatch,3.818363497472253
,,,coordination_curve,,,,,,,w_coord,,-8.303018611953089,0.75,,,tgo_mismatch,3.8439900981264294
,,,coordination_curve,,,,,,,w_coord,,-8.358372069366109,0.75,,,tgo_mismatch,3.8696166987806055
,,,coordination_curve,,,,,,,w_coord,,-8.413725526779128,0.75,,,tgo_mismatch,3.8952432994347816
,,,coordination_curve,,,,,,,w_coord,,-8.46907898419215,0.75,,,tgo_mismatch,3.9208699000889577
,,,coordination_curve,,,,,,,w_coord,,-8.52443244160517,0.75,,,tgo_mismatch,3.946496500743134
,,,coordination_curve,,,,,,,w_coord,,-8.57978589901819,0.75,,,tgo_mismatch,3.9721231013973104
,,,coordination_curve,,,,,,,w_coord,,-8.635139356431212,0.75,,,tgo_mismatch,3.9977497020514865
,,,coordination_curve,,,,,,,w_coord,,-8.690492813844232,0.75,,,tgo_mismatch,4.023376302705663
,,,coordination_curve,,,,,,,w_coord,,-8.745846271257253,0.75,,,tgo_mismatch,4.049002903359839
,,,coordination_curve,,,,,,,w_coord,,-8.801199728670273,0.75,,,tgo_mismatch,4.074629504014015
,,,coordination_curve,,,,,,,w_coord,,-8.856553186083294,0.75,,,tgo_mismatch,4.100256104668191
,,,coordination_curve,,,,,,,w_coord,,-8.911906643496314,0.75,,,tgo_mismatch,4.1258827053223674
,,,coordination_curve,,,,,,,w_coord,,-8.967260100909334,0.75,,,tgo_mismatch,4.1515093059765436
,,,coordination_curve,,,,,,,w_coord,,-9.022613558322355,0.75,,,tgo_mismatch,4.17713590663072
,,,coordination_curve,,,,,,,w_coord,,-9.077967015735375,0.75,,,tgo_mismatch,4.202762507284896
,,,coordination_curve,,,,,,,w_coord,,-9.133320473148396,0.75,,,tgo_mismatch,4.228389107939072
,,,coordination_curve,,,,,,,w_coord,,-9.188673930561418,0.75,,,tgo_mismatch,4.254015708593249
,,,coordination_curve,,,,,,,w_coord,,-9.24402738797444,0.75,,,tgo_mismatch,4.279642309247425
,,,coordination_curve,,,,,,,w_coord,,-9.299380845387459,0.75,,,tgo_mismatch,4.305268909901601
,,,coordination_curve,,,,,,,w_coord,,-9.354734302800479,0.75,,,tgo_mismatch,4.330895510555777
,,,coordination_curve,,,,,,,w_coord,,-9.4100877602135,0.75,,,tgo_mismatch,4.356522111209953
,,,coordination_curve,,,,,,,w_coord,,-9.46544121762652,0.75,,,tgo_mismatch,4.382148711864129
,,,coordination_curve,,,,,,,w_coord,,-9.520794675039541,0.75,,,tgo_mismatch,4.4077753125183055
,,,coordination_curve,,,,,,,w_coord,,-9.57614813245256,0.75,,,tgo_mismatch,4.433401913172482
,,,coordination_curve,,,,,,,w_coord,,-9.63150158986558,0.75,,,tgo_mismatch,4.459028513826658
,,,coordination_curve,,,,,,,w_coord,,-9.686855047278602,0.75,,,tgo_mismatch,4.484655114480834
,,,coordination_curve,,,,,,,w_coord,,-9.742208504691623,0.75,,,tgo_mismatch,4.510281715135011
,,,coordination_curve,,,,,,,w_coord,,-9.797561962104645,0.75,,,tgo_mismatch,4.535908315789187
,,,coordination_curve,,,,,,,w_coord,,-9.852915419517664,0.75,,,tgo_mismatch,4.561534916443363
,,,coordination_curve,,,,,,,w_coord,,-9.908268876930684,0.75,,,tgo_mismatch,4.587161517097539
,,,coordination_curve,,,,,,,w_coord,,-9.963622334343706,0.75,,,tgo_mismatch,4.612788117751715
,,,coordination_curve,,,,,,,w_coord,,-10.018975791756725,0.75,,,tgo_mismatch,4.638414718405891
,,,coordination_curve,,,,,,,w_coord,,-10.074329249169747,0.75,,,tgo_mismatch,4.664041319060067
,,,coordination_curve,,,,,,,w_coord,,-10.129682706582766,0.75,,,tgo_mismatch,4.6896679197142435
,,,coordination_curve,,,,,,,w_coord,,-10.185036163995786,0.75,,,tgo_mismatch,4.71529452036842
,,,coordination_curve,,,,,,,w_coord,,-10.24038962140881,0.75,,,tgo_mismatch,4.7409211210225966
,,,coordination_curve,,,,,,,w_coord,,-10.295743078821829,0.75,,,tgo_mismatch,4.766547721676773
,,,coordination_curve,,,,,,,w_coord,,-10.35109653623485,0.75,,,tgo_mismatch,4.792174322330949
,,,coordination_curve,,,,,,,w_coord,,-10.40644999364787,0.75,,,tgo_mismatch,4.817800922985125
,,,coordination_curve,,,,,,,w_coord,,-10.461803451060891,0.75,,,tgo_mismatch,4.843427523639301
,,,coordination_curve,,,,,,,w_coord,,-10.517156908473911,0.75,,,tgo_mismatch,4.869054124293477
,,,coordination_curve,,,,,,,w_coord,,-10.57251036588693,0.75,,,tgo_mismatch,4.894680724947653
,,,coordination_curve,,,,,,,w_coord,,-10.627863823299952,0.75,,,tgo_mismatch,4.920307325601829
,,,coordination_curve,,,,,,,w_coord,,-10.683217280712972,0.75,,,tgo_mismatch,4.945933926256005
,,,coordination_curve,,,,,,,w_coord,,-10.738570738125993,0.75,,,tgo_mismatch,4.9715605269101815
,,,coordination_curve,,,,,,,w_coord,,-10.793924195539015,0.75,,,tgo_mismatch,4.9971871275643585
,,,coordination_curve,,,,,,,w_coord,,-10.849277652952035,0.75,,,tgo_mismatch,5.022813728218535
,,,coordination_curve,,,,,,,w_coord,,-10.904631110365056,0.75,,,tgo_mismatch,5.048440328872711
,,,coordination_curve,,,,,,,w_coord,,-10.959984567778076,0.75,,,tgo_mismatch,5.074066929526887
,,,coordination_curve,,,,,,,w_coord,,-11.015338025191097,0.75,,,tgo_mismatch,5.099693530181063
,,,coordination_curve,,,,,,,w_coord,,-11.070691482604117,0.75,,,tgo_mismatch,5.125320130835239
,,,coordination_curve,,,,,,,w_coord,,-11.126044940017136,0.75,,,tgo_mismatch,5.150946731489415
,,,coordination_curve,,,,,,,w_coord,,-11.181398397430158,0.75,,,tgo_mismatch,5.176573332143591
,,,coordination_curve,,,,,,,w_coord,,-11.236751854843178,0.75,,,tgo_mismatch,5.202199932797767
,,,coordination_curve,,,,,,,w_coord,,-11.2921053122562,0.75,,,tgo_mismatch,5.227826533451944
,,,coordination_curve,,,,,,,w_coord,,-11.34745876966922,0.75,,,tgo_mismatch,5.25345313410612
,,,coordination_curve,,,,,,,w_coord,,-11.402812227082242,0.75,,,tgo_mismatch,5.2790797347602965
,,,coordination_curve,,,,,,,w_coord,,-11.458165684495262,0.75,,,tgo_mismatch,5.304706335414473
,,,coordination_curve,,,,,,,w_coord,,-11.513519141908281,0.75,,,tgo_mismatch,5.330332936068649
,,,coordination_curve,,,,,,,w_coord,,-11.568872599321303,0.75,,,tgo_mismatch,5.355959536722825
,,,coordination_curve,,,,,,,w_coord,,-11.624226056734322,0.75,,,tgo_mismatch,5.381586137377001
,,,coordination_curve,,,,,,,w_coord,,-11.679579514147344,0.75,,,tgo_mismatch,5.407212738031177
,,,coordination_curve,,,,,,,w_coord,,-11.734932971560363,0.75,,,tgo_mismatch,5.432839338685353
,,,coordination_curve,,,,,,,w_coord,,-11.790286428973383,0.75,,,tgo_mismatch,5.458465939339529
,,,coordination_curve,,,,,,,w_coord,,-11.845639886386406,0.75,,,tgo_mismatch,5.484092539993706
,,,coordination_curve,,,,,,,w_coord,,-11.900993343799426,0.75,,,tgo_mismatch,5.509719140647882
,,,coordination_curve,,,,,,,w_coord,,-11.956346801212447,0.75,,,tgo_mismatch,5.535345741302058
,,,coordination_curve,,,,,,,w_coord,,-12.011700258625467,0.75,,,tgo_mismatch,5.5609723419562345
,,,coordination_curve,,,,,,,w_coord,,-12.067053716038487,0.75,,,tgo_mismatch,5.586598942610411
,,,coordination_curve,,,,,,,w_coord,,-12.122407173451508,0.75,,,tgo_mismatch,5.612225543264587
,,,coordination_curve,,,,,,,w_coord,,-12.177760630864528,0.75,,,tgo_mismatch,5.637852143918763
,,,coordination_curve,,,,,,,w_coord,,-12.23311408827755,0.75,,,tgo_mismatch,5.663478744572939
,,,coordination_curve,,,,,,,w_coord,,-12.288467545690569,0.75,,,tgo_mismatch,5.689105345227115
,,,coordination_curve,,,,,,,w_coord,,-12.343821003103592,0.75,,,tgo_mismatch,5.714731945881292
,,,coordination_curve,,,,,,,w_coord,,-12.399174460516612,0.75,,,tgo_mismatch,5.740358546535468
,,,coordination_curve,,,,,,,w_coord,,-12.454527917929632,0.75,,,tgo_mismatch,5.765985147189644
,,,coordination_curve,,,,,,,w_coord,,-12.509881375342653,0.75,,,tgo_mismatch,5.79161174784382
,,,coordination_curve,,,,,,,w_coord,,-12.565234832755673,0.75,,,tgo_mismatch,5.817238348497996
,,,coordination_curve,,,,,,,w_coord,,-12.620588290168694,0.75,,,tgo_mismatch,5.8428649491521725
,,,coordination_curve,,,,,,,w_coord,,-12.675941747581714,0.75,,,tgo_mismatch,5.868491549806349
,,,coordination_curve,,,,,,,w_coord,,-12.731295204994733,0.75,,,tgo_mismatch,5.894118150460525
,,,coordination_curve,,,,,,,w_coord,,-12.786648662407755,0.75,,,tgo_mismatch,5.919744751114701
,,,coordination_curve,,,,,,,w_coord,,-12.842002119820775,0.75,,,tgo_mismatch,5.945371351768877
,,,coordination_curve,,,,,,,w_coord,,-12.897355577233798,0.75,,,tgo_mismatch,5.970997952423054
,,,coordination_curve,,,,,,,w_coord,,-12.952709034646817,0.75,,,tgo_mismatch,5.99662455307723
,,,coordination_curve,,,,,,,w_coord,,-13.008062492059837,0.75,,,tgo_mismatch,6.022251153731406
,,,coordination_curve,,,,,,,w_coord,,-13.063415949472859,0.75,,,tgo_mismatch,6.047877754385582
,,,coordination_curve,,,,,,,w_coord,,-13.118769406885878,0.75,,,tgo_mismatch,6.073504355039758
,,,coordination_curve,,,,,,,w_coord,,-13.1741228642989,0.75,,,tgo_mismatch,6.099130955693934
,,,coordination_curve,,,,,,,w_coord,,-13.22947632171192,0.75,,,tgo_mismatch,6.1247575563481105
,,,energy_curve,,,,,,,w_energy,,-0.0,0.75,,,control_effort,0.0
,,,energy_curve,,,,,,,w_energy,,-2.8746603439376627e-07,0.75,,,control_effort,0.007665760917167101
,,,energy_curve,,,,,,,w_energy,,-5.749320687875325e-07,0.75,,,control_effort,0.015331521834334201
,,,energy_curve,,,,,,,w_energy,,-8.623981031812988e-07,0.75,,,control_effort,0.022997282751501303
,,,energy_curve,,,,,,,w_energy,,-1.149864137575065e-06,0.75,,,control_effort,0.030663043668668403
,,,energy_curve,,,,,,,w_energy,,-1.4373301719688313e-06,0.75,,,control_effort,0.038328804585835506
,,,energy_curve,,,,,,,w_energy,,-1.7247962063625976e-06,0.75,,,control_effort,0.045994565503002606
,,,energy_curve,,,,,,,w_energy,,-2.0122622407563636e-06,0.75,,,control_effort,0.053660326420169706
,,,energy_curve,,,,,,,w_energy,,-2.29972827515013e-06,0.75,,,control_effort,0.061326087337336806
,,,energy_curve,,,,,,,w_energy,,-2.5871943095438964e-06,0.75,,,control_effort,0.06899184825450391
,,,energy_curve,,,,,,,w_energy,,-2.8746603439376625e-06,0.75,,,control_effort,0.07665760917167101
,,,energy_curve,,,,,,,w_energy,,-3.162126378331429e-06,0.75,,,control_effort,0.08432337008883811
,,,energy_curve,,,,,,,w_energy,,-3.4495924127251953e-06,0.75,,,control_effort,0.09198913100600521
,,,energy_curve,,,,,,,w_energy,,-3.7370584471189614e-06,0.75,,,control_effort,0.09965489192317231
,,,energy_curve,,,,,,,w_energy,,-4.024524481512727e-06,0.75,,,control_effort,0.10732065284033941
,,,energy_curve,,,,,,,w_energy,,-4.311990515906494e-06,0.75,,,control_effort,0.11498641375750651
,,,energy_curve,,,,,,,w_energy,,-4.59945655030026e-06,0.75,,,control_effort,0.12265217467467361
,,,energy_curve,,,,,,,w_energy,,-4.886922584694026e-06,0.75,,,control_effort,0.1303179355918407
,,,energy_curve,,,,,,,w_energy,,-5.174388619087793e-06,0.75,,,control_effort,0.13798369650900782
,,,energy_curve,,,,,,,w_energy,,-5.4618546534815585e-06,0.75,,,control_effort,0.1456494574261749
,,,energy_curve,,,,,,,w_energy,,-5.749320687875325e-06,0.75,,,control_effort,0.15331521834334202
,,,energy_curve,,,,,,,w_energy,,-6.036786722269091e-06,0.75,,,control_effort,0.1609809792605091
,,,energy_curve,,,,,,,w_energy,,-6.324252756662858e-06,0.75,,,control_effort,0.16864674017767622
,,,energy_curve,,,,,,,w_energy,,-6.611718791056624e-06,0.75,,,control_effort,0.1763125010948433
,,,energy_curve,,,,,,,w_energy,,-6.8991848254503906e-06,0.75,,,control_effort,0.18397826201201042
,,,energy_curve,,,,,,,w_energy,,-7.186650859844156e-06,0.75,,,control_effort,0.1916440229291775
,,,energy_curve,,,,,,,w_energy,,-7.474116894237923e-06,0.75,,,control_effort,0.19930978384634462
,,,energy_curve,,,,,,,w_energy,,-7.761582928631688e-06,0.75,,,control_effort,0.2069755447635117
,,,energy_curve,,,,,,,w_energy,,-8.049048963025454e-06,0.75,,,control_effort,0.21464130568067882
,,,energy_curve,,,,,,,w_energy,,-8.336514997419221e-06,0.75,,,control_effort,0.2223070665978459
,,,energy_curve,,,,,,,w_energy,,-8.623981031812988e-06,0.75,,,control_effort,0.22997282751501302
,,,energy_curve,,,,,,,w_energy,,-8.911447066206752e-06,0.75,,,control_effort,0.2376385884321801
,,,energy_curve,,,,,,,w_energy,,-9.19891310060052e-06,0.75,,,control_effort,0.24530434934934722
,,,energy_curve,,,,,,,w_energy,,-9.486379134994287e-06,0.75,,,control_effort,0.25297011026651434
,,,energy_curve,,,,,,,w_energy,,-9.773845169388052e-06,0.75,,,control_effort,0.2606358711836814
,,,energy_curve,,,,,,,w_energy,,-1.0061311203781819e-05,0.75,,,control_effort,0.2683016321008485
,,,energy_curve,,,,,,,w_energy,,-1.0348777238175585e-05,0.75,,,control_effort,0.27596739301801565
,,,energy_curve,,,,,,,w_energy,,-1.0636243272569352e-05,0.75,,,control_effort,0.28363315393518274
,,,energy_curve,,,,,,,w_energy,,-1.0923709306963117e-05,0.75,,,control_effort,0.2912989148523498
,,,energy_curve,,,,,,,w_energy,,-1.1211175341356883e-05,0.75,,,control_effort,0.2989646757695169
,,,energy_curve,,,,,,,w_energy,,-1.149864137575065e-05,0.75,,,control_effort,0.30663043668668405
,,,energy_curve,,,,,,,w_energy,,-1.1786107410144417e-05,0.75,,,control_effort,0.31429619760385114
,,,energy_curve,,,,,,,w_energy,,-1.2073573444538182e-05,0.75,,,control_effort,0.3219619585210182
,,,energy_curve,,,,,,,w_energy,,-1.2361039478931948e-05,0.75,,,control_effort,0.3296277194381853
,,,energy_curve,,,,,,,w_energy,,-1.2648505513325716e-05,0.75,,,control_effort,0.33729348035535245
,,,energy_curve,,,,,,,w_energy,,-1.2935971547719481e-05,0.75,,,control_effort,0.34495924127251953
,,,energy_curve,,,,,,,w_energy,,-1.3223437582113248e-05,0.75,,,control_effort,0.3526250021896866
,,,energy_curve,,,,,,,w_energy,,-1.3510903616507013e-05,0.75,,,control_effort,0.3602907631068537
,,,energy_curve,,,,,,,w_energy,,-1.3798369650900781e-05,0.75,,,control_effort,0.36795652402402085
,,,energy_curve,,,,,,,w_energy,,-1.4085835685294546e-05,0.75,,,control_effort,0.37562228494118793
,,,energy_curve,,,,,,,w_energy,,-1.4373301719688313e-05,0.75,,,control_effort,0.383288045858355
,,,energy_curve,,,,,,,w_energy,,-1.466076775408208e-05,0.75,,,control_effort,0.39095380677552216
,,,energy_curve,,,,,,,w_energy,,-1.4948233788475846e-05,0.75,,,control_effort,0.39861956769268925
,,,energy_curve,,,,,,,w_energy,,-1.523569982286961e-05,0.75,,,control_effort,0.40628532860985633
,,,energy_curve,,,,,,,w_energy,,-1.5523165857263376e-05,0.75,,,control_effort,0.4139510895270234
,,,energy_curve,,,,,,,w_energy,,-1.5810631891657146e-05,0.75,,,control_effort,0.42161685044419056
,,,energy_curve,,,,,,,w_energy,,-1.609809792605091e-05,0.75,,,control_effort,0.42928261136135765
,,,energy_curve,,,,,,,w_energy,,-1.6385563960444675e-05,0.75,,,control_effort,0.43694837227852473
,,,energy_curve,,,,,,,w_energy,,-1.6673029994838442e-05,0.75,,,control_effort,0.4446141331956918
,,,energy_curve,,,,,,,w_energy,,-1.696049602923221e-05,0.75,,,control_effort,0.45227989411285896
,,,energy_curve,,,,,,,w_energy,,-1.7247962063625975e-05,0.75,,,control_effort,0.45994565503002605
,,,energy_curve,,,,,,,w_energy,,-1.7535428098019742e-05,0.75,,,control_effort,0.46761141594719313
,,,energy_curve,,,,,,,w_energy,,-1.7822894132413505e-05,0.75,,,control_effort,0.4752771768643602
,,,energy_curve,,,,,,,w_energy,,-1.8110360166807275e-05,0.75,,,control_effort,0.48294293778152736
,,,energy_curve,,,,,,,w_energy,,-1.839782620120104e-05,0.75,,,control_effort,0.49060869869869445
,,,energy_curve,,,,,,,w_energy,,-1.8685292235594805e-05,0.75,,,control_effort,0.49827445961586153
,,,energy_curve,,,,,,,w_energy,,-1.8972758269988575e-05,0.75,,,control_effort,0.5059402205330287
,,,energy_curve,,,,,,,w_energy,,-1.9260224304382338e-05,0.75,,,control_effort,0.5136059814501958
,,,energy_curve,,,,,,,w_energy,,-1.9547690338776104e-05,0.75,,,control_effort,0.5212717423673628
,,,energy_curve,,,,,,,w_energy,,-1.983515637316987e-05,0.75,,,control_effort,0.5289375032845299
,,,energy_curve,,,,,,,w_energy,,-2.0122622407563638e-05,0.75,,,control_effort,0.536603264201697
,,,energy_curve,,,,,,,w_energy,,-2.04100884419574e-05,0.75,,,control_effort,0.5442690251188641
,,,energy_curve,,,,,,,w_energy,,-2.069755447635117e-05,0.75,,,control_effort,0.5519347860360313
,,,energy_curve,,,,,,,w_energy,,-2.0985020510744937e-05,0.75,,,control_effort,0.5596005469531984
,,,energy_curve,,,,,,,w_energy,,-2.1272486545138704e-05,0.75,,,control_effort,0.5672663078703655
,,,energy_curve,,,,,,,w_energy,,-2.155995257953247e-05,0.75,,,control_effort,0.5749320687875326
,,,energy_curve,,,,,,,w_energy,,-2.1847418613926234e-05,0.75,,,control_effort,0.5825978297046996
,,,energy_curve,,,,,,,w_energy,,-2.213488464832e-05,0.75,,,control_effort,0.5902635906218667
,,,energy_curve,,,,,,,w_energy,,-2.2422350682713767e-05,0.75,,,control_effort,0.5979293515390338
,,,energy_curve,,,,,,,w_energy,,-2.270981671710753e-05,0.75,,,control_effort,0.6055951124562009
,,,energy_curve,,,,,,,w_energy,,-2.29972827515013e-05,0.75,,,control_effort,0.6132608733733681
,,,energy_curve,,,,,,,w_energy,,-2.3284748785895067e-05,0.75,,,control_effort,0.6209266342905352
,,,energy_curve,,,,,,,w_energy,,-2.3572214820288833e-05,0.75,,,control_effort,0.6285923952077023
,,,energy_curve,,,,,,,w_energy,,-2.38596808546826e-05,0.75,,,control_effort,0.6362581561248694
,,,energy_curve,,,,,,,w_energy,,-2.4147146889076363e-05,0.75,,,control_effort,0.6439239170420364
,,,energy_curve,,,,,,,w_energy,,-2.443461292347013e-05,0.75,,,control_effort,0.6515896779592035
,,,energy_curve,,,,,,,w_energy,,-2.4722078957863896e-05,0.75,,,control_effort,0.6592554388763706
,,,energy_curve,,,,,,,w_energy,,-2.5009544992257666e-05,0.75,,,control_effort,0.6669211997935378
,,,energy_curve,,,,,,,w_energy,,-2.5297011026651433e-05,0.75,,,control_effort,0.6745869607107049
,,,energy_curve,,,,,,,w_energy,,-2.5584477061045196e-05,0.75,,,control_effort,0.682252721627872
,,,energy_curve,,,,,,,w_energy,,-2.5871943095438963e-05,0.75,,,control_effort,0.6899184825450391
,,,energy_curve,,,,,,,w_energy,,-2.615940912983273e-05,0.75,,,control_effort,0.6975842434622062
,,,energy_curve,,,,,,,w_energy,,-2.6446875164226496e-05,0.75,,,control_effort,0.7052500043793732
,,,energy_curve,,,,,,,w_energy,,-2.673434119862026e-05,0.75,,,control_effort,0.7129157652965403
,,,energy_curve,,,,,,,w_energy,,-2.7021807233014026e-05,0.75,,,control_effort,0.7205815262137074
,,,energy_curve,,,,,,,w_energy,,-2.7309273267407796e-05,0.75,,,control_effort,0.7282472871308746
,,,energy_curve,,,,,,,w_energy,,-2.7596739301801562e-05,0.75,,,control_effort,0.7359130480480417
,,,energy_curve,,,,,,,w_energy,,-2.7884205336195325e-05,0.75,,,control_effort,0.7435788089652088
,,,energy_curve,,,,,,,w_energy,,-2.8171671370589092e-05,0.75,,,control_effort,0.7512445698823759
,,,energy_curve,,,,,,,w_energy,,-2.845913740498286e-05,0.75,,,control_effort,0.758910330799543
,,,energy_curve,,,,,,,w_energy,,-2.8746603439376625e-05,0.75,,,control_effort,0.76657609171671
,,,energy_curve,,,,,,,w_energy,,-2.903406947377039e-05,0.75,,,control_effort,0.7742418526338771
,,,energy_curve,,,,,,,w_energy,,-2.932153550816416e-05,0.75,,,control_effort,0.7819076135510443
,,,energy_curve,,,,,,,w_energy,,-2.9609001542557925e-05,0.75,,,control_effort,0.7895733744682114
,,,energy_curve,,,,,,,w_energy,,-2.989646757695169e-05,0.75,,,control_effort,0.7972391353853785
,,,energy_curve,,,,,,,w_energy,,-3.0183933611345458e-05,0.75,,,control_effort,0.8049048963025456
,,,energy_curve,,,,,,,w_energy,,-3.047139964573922e-05,0.75,,,control_effort,0.8125706572197127
,,,energy_curve,,,,,,,w_energy,,-3.075886568013299e-05,0.75,,,control_effort,0.8202364181368798
,,,energy_curve,,,,,,,w_energy,,-3.104633171452675e-05,0.75,,,control_effort,0.8279021790540468
,,,energy_curve,,,,,,,w_energy,,-3.133379774892052e-05,0.75,,,control_effort,0.8355679399712139
,,,energy_curve,,,,,,,w_energy,,-3.162126378331429e-05,0.75,,,control_effort,0.8432337008883811
,,,energy_curve,,,,,,,w_energy,,-3.190872981770806e-05,0.75,,,control_effort,0.8508994618055482
,,,energy_curve,,,,,,,w_energy,,-3.219619585210182e-05,0.75,,,control_effort,0.8585652227227153
,,,energy_curve,,,,,,,w_energy,,-3.2483661886495584e-05,0.75,,,control_effort,0.8662309836398824
,,,energy_curve,,,,,,,w_energy,,-3.277112792088935e-05,0.75,,,control_effort,0.8738967445570495
,,,energy_curve,,,,,,,w_energy,,-3.305859395528312e-05,0.75,,,control_effort,0.8815625054742166
,,,energy_curve,,,,,,,w_energy,,-3.3346059989676884e-05,0.75,,,control_effort,0.8892282663913836
,,,energy_curve,,,,,,,w_energy,,-3.363352602407065e-05,0.75,,,control_effort,0.8968940273085508
,,,energy_curve,,,,,,,w_energy,,-3.392099205846442e-05,0.75,,,control_effort,0.9045597882257179
,,,energy_curve,,,,,,,w_energy,,-3.4208458092858184e-05,0.75,,,control_effort,0.912225549142885
,,,energy_curve,,,,,,,w_energy,,-3.449592412725195e-05,0.75,,,control_effort,0.9198913100600521
,,,energy_curve,,,,,,,w_energy,,-3.478339016164572e-05,0.75,,,control_effort,0.9275570709772192
,,,energy_curve,,,,,,,w_energy,,-3.5070856196039483e-05,0.75,,,control_effort,0.9352228318943863
,,,energy_curve,,,,,,,w_energy,,-3.535832223043325e-05,0.75,,,control_effort,0.9428885928115533
,,,energy_curve,,,,,,,w_energy,,-3.564578826482701e-05,0.75,,,control_effort,0.9505543537287204
,,,energy_curve,,,,,,,w_energy,,-3.593325429922078e-05,0.75,,,control_effort,0.9582201146458876
,,,energy_curve,,,,,,,w_energy,,-3.622072033361455e-05,0.75,,,control_effort,0.9658858755630547
,,,energy_curve,,,,,,,w_energy,,-3.6508186368008316e-05,0.75,,,control_effort,0.9735516364802218
,,,energy_curve,,,,,,,w_energy,,-3.679565240240208e-05,0.75,,,control_effort,0.9812173973973889
,,,energy_curve,,,,,,,w_energy,,-3.708311843679584e-05,0.75,,,control_effort,0.988883158314556
,,,energy_curve,,,,,,,w_energy,,-3.737058447118961e-05,0.75,,,control_effort,0.9965489192317231
,,,energy_curve,,,,,,,w_energy,,-3.765805050558338e-05,0.75,,,control_effort,1.0042146801488903
,,,energy_curve,,,,,,,w_energy,,-3.794551653997715e-05,0.75,,,control_effort,1.0118804410660573
,,,energy_curve,,,,,,,w_energy,,-3.8232982574370916e-05,0.75,,,control_effort,1.0195462019832244
,,,energy_curve,,,,,,,w_energy,,-3.8520448608764676e-05,0.75,,,control_effort,1.0272119629003915
,,,energy_curve,,,,,,,w_energy,,-3.880791464315844e-05,0.75,,,control_effort,1.0348777238175586
,,,energy_curve,,,,,,,w_energy,,-3.909538067755221e-05,0.75,,,control_effort,1.0425434847347257
,,,energy_curve,,,,,,,w_energy,,-3.9382846711945976e-05,0.75,,,control_effort,1.0502092456518928
,,,energy_curve,,,,,,,w_energy,,-3.967031274633974e-05,0.75,,,control_effort,1.0578750065690599
,,,energy_curve,,,,,,,w_energy,,-3.995777878073351e-05,0.75,,,control_effort,1.065540767486227
,,,energy_curve,,,,,,,w_energy,,-4.0245244815127275e-05,0.75,,,control_effort,1.073206528403394
,,,energy_curve,,,,,,,w_energy,,-4.0532710849521035e-05,0.75,,,control_effort,1.0808722893205611
,,,energy_curve,,,,,,,w_energy,,-4.08201768839148e-05,0.75,,,control_effort,1.0885380502377282
,,,energy_curve,,,,,,,w_energy,,-4.110764291830857e-05,0.75,,,control_effort,1.0962038111548953
,,,energy_curve,,,,,,,w_energy,,-4.139510895270234e-05,0.75,,,control_effort,1.1038695720720626
,,,energy_curve,,,,,,,w_energy,,-4.168257498709611e-05,0.75,,,control_effort,1.1115353329892297
,,,energy_curve,,,,,,,w_energy,,-4.1970041021489875e-05,0.75,,,control_effort,1.1192010939063968
,,,energy_curve,,,,,,,w_energy,,-4.225750705588364e-05,0.75,,,control_effort,1.1268668548235639
,,,energy_curve,,,,,,,w_energy,,-4.254497309027741e-05,0.75,,,control_effort,1.134532615740731
,,,energy_curve,,,,,,,w_energy,,-4.2832439124671175e-05,0.75,,,control_effort,1.142198376657898
,,,energy_curve,,,,,,,w_energy,,-4.311990515906494e-05,0.75,,,control_effort,1.1498641375750651
,,,energy_curve,,,,,,,w_energy,,-4.34073711934587e-05,0.75,,,control_effort,1.1575298984922322
,,,energy_curve,,,,,,,w_energy,,-4.369483722785247e-05,0.75,,,control_effort,1.1651956594093993
,,,energy_curve,,,,,,,w_energy,,-4.3982303262246234e-05,0.75,,,control_effort,1.1728614203265664
,,,energy_curve,,,,,,,w_energy,,-4.426976929664e-05,0.75,,,control_effort,1.1805271812437335
,,,energy_curve,,,,,,,w_energy,,-4.455723533103377e-05,0.75,,,control_effort,1.1881929421609005
,,,energy_curve,,,,,,,w_energy,,-4.4844701365427534e-05,0.75,,,control_effort,1.1958587030780676
,,,energy_curve,,,,,,,w_energy,,-4.51321673998213e-05,0.75,,,control_effort,1.2035244639952347
,,,energy_curve,,,,,,,w_energy,,-4.541963343421506e-05,0.75,,,control_effort,1.2111902249124018
,,,energy_curve,,,,,,,w_energy,,-4.570709946860884e-05,0.75,,,control_effort,1.218855985829569
,,,energy_curve,,,,,,,w_energy,,-4.59945655030026e-05,0.75,,,control_effort,1.2265217467467362
,,,energy_curve,,,,,,,w_energy,,-4.628203153739637e-05,0.75,,,control_effort,1.2341875076639033
,,,energy_curve,,,,,,,w_energy,,-4.6569497571790134e-05,0.75,,,control_effort,1.2418532685810704
,,,energy_curve,,,,,,,w_energy,,-4.68569636061839e-05,0.75,,,control_effort,1.2495190294982375
,,,energy_curve,,,,,,,w_energy,,-4.714442964057767e-05,0.75,,,control_effort,1.2571847904154045
,,,energy_curve,,,,,,,w_energy,,-4.743189567497143e-05,0.75,,,control_effort,1.2648505513325716
,,,energy_curve,,,,,,,w_energy,,-4.77193617093652e-05,0.75,,,control_effort,1.2725163122497387
,,,energy_curve,,,,,,,w_energy,,-4.8006827743758966e-05,0.75,,,control_effort,1.2801820731669058
,,,energy_curve,,,,,,,w_energy,,-4.8294293778152726e-05,0.75,,,control_effort,1.2878478340840729
,,,energy_curve,,,,,,,w_energy,,-4.858175981254649e-05,0.75,,,control_effort,1.29551359500124
,,,energy_curve,,,,,,,w_energy,,-4.886922584694026e-05,0.75,,,control_effort,1.303179355918407
,,,energy_curve,,,,,,,w_energy,,-4.9156691881334026e-05,0.75,,,control_effort,1.3108451168355741
,,,energy_curve,,,,,,,w_energy,,-4.944415791572779e-05,0.75,,,control_effort,1.3185108777527412
,,,energy_curve,,,,,,,w_energy,,-4.973162395012156e-05,0.75,,,control_effort,1.3261766386699083
,,,energy_curve,,,,,,,w_energy,,-5.001908998451533e-05,0.75,,,control_effort,1.3338423995870756
,,,energy_curve,,,,,,,w_energy,,-5.03065560189091e-05,0.75,,,control_effort,1.3415081605042427
,,,energy_curve,,,,,,,w_energy,,-5.0594022053302866e-05,0.75,,,control_effort,1.3491739214214098
,,,energy_curve,,,,,,,w_energy,,-5.0881488087696626e-05,0.75,,,control_effort,1.3568396823385769
,,,energy_curve,,,,,,,w_energy,,-5.116895412209039e-05,0.75,,,control_effort,1.364505443255744
,,,energy_curve,,,,,,,w_energy,,-5.145642015648416e-05,0.75,,,control_effort,1.372171204172911
,,,energy_curve,,,,,,,w_energy,,-5.1743886190877925e-05,0.75,,,control_effort,1.3798369650900781
,,,energy_curve,,,,,,,w_energy,,-5.203135222527169e-05,0.75,,,control_effort,1.3875027260072452
,,,energy_curve,,,,,,,w_energy,,-5.231881825966546e-05,0.75,,,control_effort,1.3951684869244123
,,,energy_curve,,,,,,,w_energy,,-5.2606284294059225e-05,0.75,,,control_effort,1.4028342478415794
,,,energy_curve,,,,,,,w_energy,,-5.289375032845299e-05,0.75,,,control_effort,1.4105000087587465
,,,energy_curve,,,,,,,w_energy,,-5.318121636284675e-05,0.75,,,control_effort,1.4181657696759136
,,,energy_curve,,,,,,,w_energy,,-5.346868239724052e-05,0.75,,,control_effort,1.4258315305930807
,,,energy_curve,,,,,,,w_energy,,-5.3756148431634285e-05,0.75,,,control_effort,1.4334972915102477
,,,energy_curve,,,,,,,w_energy,,-5.404361446602805e-05,0.75,,,control_effort,1.4411630524274148
,,,energy_curve,,,,,,,w_energy,,-5.4331080500421825e-05,0.75,,,control_effort,1.4488288133445821
,,,energy_curve,,,,,,,w_energy,,-5.461854653481559e-05,0.75,,,control_effort,1.4564945742617492
,,,energy_curve,,,,,,,w_energy,,-5.490601256920936e-05,0.75,,,control_effort,1.4641603351789163
,,,energy_curve,,,,,,,w_energy,,-5.5193478603603124e-05,0.75,,,control_effort,1.4718260960960834
,,,energy_curve,,,,,,,w_energy,,-5.548094463799689e-05,0.75,,,control_effort,1.4794918570132505
,,,energy_curve,,,,,,,w_energy,,-5.576841067239065e-05,0.75,,,control_effort,1.4871576179304176
,,,energy_curve,,,,,,,w_energy,,-5.605587670678442e-05,0.75,,,control_effort,1.4948233788475846
,,,energy_curve,,,,,,,w_energy,,-5.6343342741178184e-05,0.75,,,control_effort,1.5024891397647517
,,,energy_curve,,,,,,,w_energy,,-5.663080877557195e-05,0.75,,,control_effort,1.5101549006819188
,,,energy_curve,,,,,,,w_energy,,-5.691827480996572e-05,0.75,,,control_effort,1.517820661599086
,,,energy_curve,,,,,,,w_energy,,-5.7205740844359484e-05,0.75,,,control_effort,1.525486422516253
,,,energy_curve,,,,,,,w_energy,,-5.749320687875325e-05,0.75,,,control_effort,1.53315218343342
,,,energy_curve,,,,,,,w_energy,,-5.778067291314701e-05,0.75,,,control_effort,1.5408179443505872
,,,energy_curve,,,,,,,w_energy,,-5.806813894754078e-05,0.75,,,control_effort,1.5484837052677543
,,,energy_curve,,,,,,,w_energy,,-5.8355604981934543e-05,0.75,,,control_effort,1.5561494661849213
,,,energy_curve,,,,,,,w_energy,,-5.864307101632832e-05,0.75,,,control_effort,1.5638152271020886
,,,energy_curve,,,,,,,w_energy,,-5.8930537050722083e-05,0.75,,,control_effort,1.5714809880192557
,,,energy_curve,,,,,,,w_energy,,-5.921800308511585e-05,0.75,,,control_effort,1.5791467489364228
,,,energy_curve,,,,,,,w_energy,,-5.9505469119509617e-05,0.75,,,control_effort,1.58681250985359
,,,energy_curve,,,,,,,w_energy,,-5.979293515390338e-05,0.75,,,control_effort,1.594478270770757
,,,energy_curve,,,,,,,w_energy,,-6.008040118829715e-05,0.75,,,control_effort,1.602144031687924
,,,energy_curve,,,,,,,w_energy,,-6.0367867222690916e-05,0.75,,,control_effort,1.6098097926050912
,,,energy_curve,,,,,,,w_energy,,-6.0655333257084676e-05,0.75,,,control_effort,1.6174755535222582
,,,energy_curve,,,,,,,w_energy,,-6.094279929147844e-05,0.75,,,control_effort,1.6251413144394253
,,,energy_curve,,,,,,,w_energy,,-6.123026532587222e-05,0.75,,,control_effort,1.6328070753565924
,,,energy_curve,,,,,,,w_energy,,-6.151773136026598e-05,0.75,,,control_effort,1.6404728362737595
,,,energy_curve,,,,,,,w_energy,,-6.180519739465974e-05,0.75,,,control_effort,1.6481385971909266
,,,energy_curve,,,,,,,w_energy,,-6.20926634290535e-05,0.75,,,control_effort,1.6558043581080937
,,,energy_curve,,,,,,,w_energy,,-6.238012946344727e-05,0.75,,,control_effort,1.6634701190252608
,,,energy_curve,,,,,,,w_energy,,-6.266759549784104e-05,0.75,,,control_effort,1.6711358799424278
,,,energy_curve,,,,,,,w_energy,,-6.295506153223482e-05,0.75,,,control_effort,1.6788016408595952
,,,energy_curve,,,,,,,w_energy,,-6.324252756662858e-05,0.75,,,control_effort,1.6864674017767622
,,,energy_curve,,,,,,,w_energy,,-6.352999360102235e-05,0.75,,,control_effort,1.6941331626939293
,,,energy_curve,,,,,,,w_energy,,-6.381745963541612e-05,0.75,,,control_effort,1.7017989236110964
,,,energy_curve,,,,,,,w_energy,,-6.410492566980988e-05,0.75,,,control_effort,1.7094646845282635
,,,energy_curve,,,,,,,w_energy,,-6.439239170420364e-05,0.75,,,control_effort,1.7171304454454306
,,,energy_curve,,,,,,,w_energy,,-6.46798577385974e-05,0.75,,,control_effort,1.7247962063625977
,,,energy_curve,,,,,,,w_energy,,-6.496732377299117e-05,0.75,,,control_effort,1.7324619672797648
,,,energy_curve,,,,,,,w_energy,,-6.525478980738493e-05,0.75,,,control_effort,1.7401277281969318
,,,energy_curve,,,,,,,w_energy,,-6.55422558417787e-05,0.75,,,control_effort,1.747793489114099
,,,energy_curve,,,,,,,w_energy,,-6.582972187617247e-05,0.75,,,control_effort,1.755459250031266
,,,energy_curve,,,,,,,w_energy,,-6.611718791056623e-05,0.75,,,control_effort,1.763125010948433
,,,energy_curve,,,,,,,w_energy,,-6.640465394496e-05,0.75,,,control_effort,1.7707907718656002
,,,energy_curve,,,,,,,w_energy,,-6.669211997935377e-05,0.75,,,control_effort,1.7784565327827673
,,,energy_curve,,,,,,,w_energy,,-6.697958601374753e-05,0.75,,,control_effort,1.7861222936999344
,,,energy_curve,,,,,,,w_energy,,-6.72670520481413e-05,0.75,,,control_effort,1.7937880546171017
,,,energy_curve,,,,,,,w_energy,,-6.755451808253507e-05,0.75,,,control_effort,1.8014538155342688
,,,energy_curve,,,,,,,w_energy,,-6.784198411692883e-05,0.75,,,control_effort,1.8091195764514358
,,,energy_curve,,,,,,,w_energy,,-6.81294501513226e-05,0.75,,,control_effort,1.816785337368603
,,,energy_curve,,,,,,,w_energy,,-6.841691618571637e-05,0.75,,,control_effort,1.82445109828577
,,,energy_curve,,,,,,,w_energy,,-6.870438222011013e-05,0.75,,,control_effort,1.832116859202937
,,,distance_curve,,,,,,,alpha_dist,,4.0,1.0,,,distance,0.0
,,,distance_curve,,,,,,,alpha_dist,,3.993099128249324,1.0,,,distance,8.633539199929952
,,,distance_curve,,,,,,,alpha_dist,,3.9862101620063775,1.0,,,distance,17.267078399859905
,,,distance_curve,,,,,,,alpha_dist,,3.9793330807315654,1.0,,,distance,25.900617599789857
,,,distance_curve,,,,,,,alpha_dist,,3.972467863920728,1.0,,,distance,34.53415679971981
,,,distance_curve,,,,,,,alpha_dist,,3.965614491105078,1.0,,,distance,43.167695999649766
,,,distance_curve,,,,,,,alpha_dist,,3.958772941851143,1.0,,,distance,51.801235199579715
,,,distance_curve,,,,,,,alpha_dist,,3.9519431957607027,1.0,,,distance,60.434774399509664
,,,distance_curve,,,,,,,alpha_dist,,3.945125232470727,1.0,,,distance,69.06831359943962
,,,distance_curve,,,,,,,alpha_dist,,3.9383190316533176,1.0,,,distance,77.70185279936958
,,,distance_curve,,,,,,,alpha_dist,,3.931524573015646,1.0,,,distance,86.33539199929953
,,,distance_curve,,,,,,,alpha_dist,,3.924741836299893,1.0,,,distance,94.96893119922947
,,,distance_curve,,,,,,,alpha_dist,,3.917970801283188,1.0,,,distance,103.60247039915943
,,,distance_curve,,,,,,,alpha_dist,,3.911211447777551,1.0,,,distance,112.23600959908939
,,,distance_curve,,,,,,,alpha_dist,,3.9044637556298287,1.0,,,distance,120.86954879901933
,,,distance_curve,,,,,,,alpha_dist,,3.8977277047216377,1.0,,,distance,129.5030879989493
,,,distance_curve,,,,,,,alpha_dist,,3.891003274969302,1.0,,,distance,138.13662719887924
,,,distance_curve,,,,,,,alpha_dist,,3.884290446323796,1.0,,,distance,146.77016639880918
,,,distance_curve,,,,,,,alpha_dist,,3.8775891987706816,1.0,,,distance,155.40370559873915
,,,distance_curve,,,,,,,alpha_dist,,3.870899512330051,1.0,,,distance,164.0372447986691
,,,distance_curve,,,,,,,alpha_dist,,3.864221367056465,1.0,,,distance,172.67078399859906
,,,distance_curve,,,,,,,alpha_dist,,3.857554743038895,1.0,,,distance,181.304323198529
,,,distance_curve,,,,,,,alpha_dist,,3.850899620400664,1.0,,,distance,189.93786239845895
,,,distance_curve,,,,,,,alpha_dist,,3.844255979299386,1.0,,,distance,198.57140159838892
,,,distance_curve,,,,,,,alpha_dist,,3.837623799926907,1.0,,,distance,207.20494079831886
,,,distance_curve,,,,,,,alpha_dist,,3.8310030625092475,1.0,,,distance,215.8384799982488
,,,distance_curve,,,,,,,alpha_dist,,3.8243937473065417,1.0,,,distance,224.47201919817877
,,,distance_curve,,,,,,,alpha_dist,,3.817795834612979,1.0,,,distance,233.1055583981087
,,,distance_curve,,,,,,,alpha_dist,,3.811209304756747,1.0,,,distance,241.73909759803865
,,,distance_curve,,,,,,,alpha_dist,,3.8046341380999693,1.0,,,distance,250.37263679796862
,,,distance_curve,,,,,,,alpha_dist,,3.7980703150386512,1.0,,,distance,259.0061759978986
,,,distance_curve,,,,,,,alpha_dist,,3.791517816002618,1.0,,,distance,267.63971519782854
,,,distance_curve,,,,,,,alpha_dist,,3.7849766214554585,1.0,,,distance,276.2732543977585
,,,distance_curve,,,,,,,alpha_dist,,3.778446711894466,1.0,,,distance,284.9067935976884
,,,distance_curve,,,,,,,alpha_dist,,3.771928067850579,1.0,,,distance,293.54033279761836
,,,distance_curve,,,,,,,alpha_dist,,3.7654206698883255,1.0,,,distance,302.17387199754836
,,,distance_curve,,,,,,,alpha_dist,,3.7589244986057646,1.0,,,distance,310.8074111974783
,,,distance_curve,,,,,,,alpha_dist,,3.7524395346344264,1.0,,,distance,319.44095039740824
,,,distance_curve,,,,,,,alpha_dist,,3.7459657586392563,1.0,,,distance,328.0744895973382
,,,distance_curve,,,,,,,alpha_dist,,3.739503151318558,1.0,,,distance,336.7080287972681
,,,distance_curve,,,,,,,alpha_dist,,3.7330516934039335,1.0,,,distance,345.3415679971981
,,,distance_curve,,,,,,,alpha_dist,,3.726611365660227,1.0,,,distance,353.97510719712807
,,,distance_curve,,,,,,,alpha_dist,,3.7201821488854687,1.0,,,distance,362.608646397058
,,,distance_curve,,,,,,,alpha_dist,,3.7137640239108154,1.0,,,distance,371.24218559698795
,,,distance_curve,,,,,,,alpha_dist,,3.7073569716004946,1.0,,,distance,379.8757247969179
,,,distance_curve,,,,,,,alpha_dist,,3.700960972851747,1.0,,,distance,388.50926399684784
,,,distance_curve,,,,,,,alpha_dist,,3.6945760085947703,1.0,,,distance,397.14280319677783
,,,distance_curve,,,,,,,alpha_dist,,3.6882020597926606,1.0,,,distance,405.7763423967078
,,,distance_curve,,,,,,,alpha_dist,,3.6818391074413586,1.0,,,distance,414.4098815966377
,,,distance_curve,,,,,,,alpha_dist,,3.6754871325695895,1.0,,,distance,423.04342079656766
,,,distance_curve,,,,,,,alpha_dist,,3.6691461162388084,1.0,,,distance,431.6769599964976
,,,distance_curve,,,,,,,alpha_dist,,3.6628160395431446,1.0,,,distance,440.3104991964276
,,,distance_curve,,,,,,,alpha_dist,,3.6564968836093428,1.0,,,distance,448.94403839635754
,,,distance_curve,,,,,,,alpha_dist,,3.650188629596709,1.0,,,distance,457.5775775962875
,,,distance_curve,,,,,,,alpha_dist,,3.643891258697053,1.0,,,distance,466.2111167962174
,,,distance_curve,,,,,,,alpha_dist,,3.6376047521346337,1.0,,,distance,474.84465599614737
,,,distance_curve,,,,,,,alpha_dist,,3.631329091166101,1.0,,,distance,483.4781951960773
,,,distance_curve,,,,,,,alpha_dist,,3.625064257080442,1.0,,,distance,492.1117343960073
,,,distance_curve,,,,,,,alpha_dist,,3.618810231198924,1.0,,,distance,500.74527359593725
,,,distance_curve,,,,,,,alpha_dist,,3.612566994875039,1.0,,,distance,509.3788127958672
,,,distance_curve,,,,,,,alpha_dist,,3.6063345294944495,1.0,,,distance,518.0123519957972
,,,distance_curve,,,,,,,alpha_dist,,3.6001128164749305,1.0,,,distance,526.6458911957271
,,,distance_curve,,,,,,,alpha_dist,,3.5939018372663156,1.0,,,distance,535.2794303956571
,,,distance_curve,,,,,,,alpha_dist,,3.5877015733504423,1.0,,,distance,543.912969595587
,,,distance_curve,,,,,,,alpha_dist,,3.5815120062410943,1.0,,,distance,552.546508795517
,,,distance_curve,,,,,,,alpha_dist,,3.57533311748395,1.0,,,distance,561.1800479954469
,,,distance_curve,,,,,,,alpha_dist,,3.569164888656525,1.0,,,distance,569.8135871953768
,,,distance_curve,,,,,,,alpha_dist,,3.563007301368116,1.0,,,distance,578.4471263953068
,,,distance_curve,,,,,,,alpha_dist,,3.5568603372597503,1.0,,,distance,587.0806655952367
,,,distance_curve,,,,,,,alpha_dist,,3.550723978004126,1.0,,,distance,595.7142047951667
,,,distance_curve,,,,,,,alpha_dist,,3.5445982053055616,1.0,,,distance,604.3477439950967
,,,distance_curve,,,,,,,alpha_dist,,3.538483000899939,1.0,,,distance,612.9812831950267
,,,distance_curve,,,,,,,alpha_dist,,3.5323783465546494,1.0,,,distance,621.6148223949566
,,,distance_curve,,,,,,,alpha_dist,,3.5262842240685397,1.0,,,distance,630.2483615948865
,,,distance_curve,,,,,,,alpha_dist,,3.5202006152718575,1.0,,,distance,638.8819007948165
,,,distance_curve,,,,,,,alpha_dist,,3.514127502026197,1.0,,,distance,647.5154399947464
,,,distance_curve,,,,,,,alpha_dist,,3.508064866224445,1.0,,,distance,656.1489791946764
,,,distance_curve,,,,,,,alpha_dist,,3.502012689790728,1.0,,,distance,664.7825183946063
,,,distance_curve,,,,,,,alpha_dist,,3.495970954680357,1.0,,,distance,673.4160575945363
,,,distance_curve,,,,,,,alpha_dist,,3.489939642879772,1.0,,,distance,682.0495967944662
,,,distance_curve,,,,,,,alpha_dist,,3.4839187364064936,1.0,,,distance,690.6831359943963
,,,distance_curve,,,,,,,alpha_dist,,3.477908217309064,1.0,,,distance,699.3166751943262
,,,distance_curve,,,,,,,alpha_dist,,3.4719080676669956,1.0,,,distance,707.9502143942561
,,,distance_curve,,,,,,,alpha_dist,,3.465918269590719,1.0,,,distance,716.5837535941861
,,,distance_curve,,,,,,,alpha_dist,,3.459938805221526,1.0,,,distance,725.217292794116
,,,distance_curve,,,,,,,alpha_dist,,3.4539696567315206,1.0,,,distance,733.850831994046
,,,distance_curve,,,,,,,alpha_dist,,3.448010806323563,1.0,,,distance,742.4843711939759
,,,distance_curve,,,,,,,alpha_dist,,3.4420622362312168,1.0,,,distance,751.1179103939058
,,,distance_curve,,,,,,,alpha_dist,,3.4361239287186973,1.0,,,distance,759.7514495938358
,,,distance_curve,,,,,,,alpha_dist,,3.430195866080818,1.0,,,distance,768.3849887937657
,,,distance_curve,,,,,,,alpha_dist,,3.4242780306429372,1.0,,,distance,777.0185279936957
,,,distance_curve,,,,,,,alpha_dist,,3.418370404760906,1.0,,,distance,785.6520671936257
,,,distance_curve,,,,,,,alpha_dist,,3.4124729708210157,1.0,,,distance,794.2856063935557
,,,distance_curve,,,,,,,alpha_dist,,3.4065857112399445,1.0,,,distance,802.9191455934856
,,,distance_curve,,,,,,,alpha_dist,,3.4007086084647065,1.0,,,distance,811.5526847934156
,,,distance_curve,,,,,,,alpha_dist,,3.3948416449725975,1.0,,,distance,820.1862239933455
,,,distance_curve,,,,,,,alpha_dist,,3.388984803271145,1.0,,,distance,828.8197631932754
,,,distance_curve,,,,,,,alpha_dist,,3.383138065898054,1.0,,,distance,837.4533023932054
,,,distance_curve,,,,,,,alpha_dist,,3.3773014154211554,1.0,,,distance,846.0868415931353
,,,distance_curve,,,,,,,alpha_dist,,3.371474834438356,1.0,,,distance,854.7203807930653
,,,distance_curve,,,,,,,alpha_dist,,3.365658305577583,1.0,,,distance,863.3539199929952
,,,distance_curve,,,,,,,alpha_dist,,3.359851811496736,1.0,,,distance,871.9874591929251
,,,distance_curve,,,,,,,alpha_dist,,3.3540553348836317,1.0,,,distance,880.6209983928552
,,,distance_curve,,,,,,,alpha_dist,,3.348268858455956,1.0,,,distance,889.2545375927851
,,,distance_curve,,,,,,,alpha_dist,,3.3424923649612093,1.0,,,distance,897.8880767927151
,,,distance_curve,,,,,,,alpha_dist,,3.3367258371766564,1.0,,,distance,906.521615992645
,,,distance_curve,,,,,,,alpha_dist,,3.3309692579092753,1.0,,,distance,915.155155192575
,,,distance_curve,,,,,,,alpha_dist,,3.325222609995706,1.0,,,distance,923.7886943925049
,,,distance_curve,,,,,,,alpha_dist,,3.319485876302199,1.0,,,distance,932.4222335924348
,,,distance_curve,,,,,,,alpha_dist,,3.3137590397245633,1.0,,,distance,941.0557727923648
,,,distance_curve,,,,,,,alpha_dist,,3.3080420831881177,1.0,,,distance,949.6893119922947
,,,distance_curve,,,,,,,alpha_dist,,3.3023349896476373,1.0,,,distance,958.3228511922247
,,,distance_curve,,,,,,,alpha_dist,,3.2966377420873054,1.0,,,distance,966.9563903921546
,,,distance_curve,,,,,,,alpha_dist,,3.290950323520659,1.0,,,distance,975.5899295920847
,,,distance_curve,,,,,,,alpha_dist,,3.285272716990544,1.0,,,distance,984.2234687920146
,,,distance_curve,,,,,,,alpha_dist,,3.279604905569057,1.0,,,distance,992.8570079919446
,,,distance_curve,,,,,,,alpha_dist,,3.273946872357502,1.0,,,distance,1001.4905471918745
,,,distance_curve,,,,,,,alpha_dist,,3.2682986004863355,1.0,,,distance,1010.1240863918044
,,,distance_curve,,,,,,,alpha_dist,,3.262660073115118,1.0,,,distance,1018.7576255917344
,,,distance_curve,,,,,,,alpha_dist,,3.257031273432463,1.0,,,distance,1027.3911647916643
,,,distance_curve,,,,,,,alpha_dist,,3.251412184655988,1.0,,,distance,1036.0247039915944
,,,distance_curve,,,,,,,alpha_dist,,3.245802790032264,1.0,,,distance,1044.6582431915242
,,,distance_curve,,,,,,,alpha_dist,,3.240203072836764,1.0,,,distance,1053.2917823914543
,,,distance_curve,,,,,,,alpha_dist,,3.2346130163738156,1.0,,,distance,1061.925321591384
,,,distance_curve,,,,,,,alpha_dist,,3.22903260397655,1.0,,,distance,1070.5588607913141
,,,distance_curve,,,,,,,alpha_dist,,3.2234618190068516,1.0,,,distance,1079.192399991244
,,,distance_curve,,,,,,,alpha_dist,,3.2179006448553094,1.0,,,distance,1087.825939191174
,,,distance_curve,,,,,,,alpha_dist,,3.2123490649411686,1.0,,,distance,1096.4594783911039
,,,distance_curve,,,,,,,alpha_dist,,3.2068070627122776,1.0,,,distance,1105.093017591034
,,,distance_curve,,,,,,,alpha_dist,,3.2012746216450423,1.0,,,distance,1113.726556790964
,,,distance_curve,,,,,,,alpha_dist,,3.1957517252443757,1.0,,,distance,1122.3600959908938
,,,distance_curve,,,,,,,alpha_dist,,3.1902383570436474,1.0,,,distance,1130.9936351908239
,,,distance_curve,,,,,,,alpha_dist,,3.184734500604636,1.0,,,distance,1139.6271743907537
,,,distance_curve,,,,,,,alpha_dist,,3.1792401395174794,1.0,,,distance,1148.2607135906837
,,,distance_curve,,,,,,,alpha_dist,,3.1737552574006265,1.0,,,distance,1156.8942527906136
,,,distance_curve,,,,,,,alpha_dist,,3.1682798379007875,1.0,,,distance,1165.5277919905436
,,,distance_curve,,,,,,,alpha_dist,,3.162813864692886,1.0,,,distance,1174.1613311904734
,,,distance_curve,,,,,,,alpha_dist,,3.1573573214800095,1.0,,,distance,1182.7948703904035
,,,distance_curve,,,,,,,alpha_dist,,3.151910191993361,1.0,,,distance,1191.4284095903333
,,,distance_curve,,,,,,,alpha_dist,,3.1464724599922125,1.0,,,distance,1200.0619487902634
,,,distance_curve,,,,,,,alpha_dist,,3.141044109263852,1.0,,,distance,1208.6954879901934
,,,distance_curve,,,,,,,alpha_dist,,3.135625123623541,1.0,,,distance,1217.3290271901233
,,,distance_curve,,,,,,,alpha_dist,,3.1302154869144596,1.0,,,distance,1225.9625663900533
,,,distance_curve,,,,,,,alpha_dist,,3.1248151830076654,1.0,,,distance,1234.5961055899832
,,,distance_curve,,,,,,,alpha_dist,,3.11942419580204,1.0,,,distance,1243.2296447899132
,,,distance_curve,,,,,,,alpha_dist,,3.1140425092242436,1.0,,,distance,1251.863183989843
,,,distance_curve,,,,,,,alpha_dist,,3.108670107228666,1.0,,,distance,1260.496723189773
,,,distance_curve,,,,,,,alpha_dist,,3.1033069737973795,1.0,,,distance,1269.130262389703
,,,distance_curve,,,,,,,alpha_dist,,3.0979530929400907,1.0,,,distance,1277.763801589633
,,,distance_curve,,,,,,,alpha_dist,,3.0926084486940932,1.0,,,distance,1286.3973407895628
,,,distance_curve,,,,,,,alpha_dist,,3.0872730251242193,1.0,,,distance,1295.0308799894929
,,,distance_curve,,,,,,,alpha_dist,,3.0819468063227933,1.0,,,distance,1303.664419189423
,,,distance_curve,,,,,,,alpha_dist,,3.0766297764095834,1.0,,,distance,1312.2979583893527
,,,distance_curve,,,,,,,alpha_dist,,3.071321919531755,1.0,,,distance,1320.9314975892828
,,,distance_curve,,,,,,,alpha_dist,,3.0660232198638226,1.0,,,distance,1329.5650367892126
,,,distance_curve,,,,,,,alpha_dist,,3.0607336616076037,1.0,,,distance,1338.1985759891427
,,,distance_curve,,,,,,,alpha_dist,,3.055453228992171,1.0,,,distance,1346.8321151890725
,,,distance_curve,,,,,,,alpha_dist,,3.0501819062738047,1.0,,,distance,1355.4656543890026
,,,distance_curve,,,,,,,alpha_dist,,3.044919677735948,1.0,,,distance,1364.0991935889324
,,,distance_curve,,,,,,,alpha_dist,,3.0396665276891564,1.0,,,distance,1372.7327327888624
,,,distance_curve,,,,,,,alpha_dist,,3.034422440471055,1.0,,,distance,1381.3662719887925
,,,distance_curve,,,,,,,alpha_dist,,3.029187400446289,1.0,,,distance,1389.9998111887223
,,,distance_curve,,,,,,,alpha_dist,,3.0239613920064774,1.0,,,distance,1398.6333503886524
,,,distance_curve,,,,,,,alpha_dist,,3.0187443995701693,1.0,,,distance,1407.2668895885822
,,,distance_curve,,,,,,,alpha_dist,,3.013536407582793,1.0,,,distance,1415.9004287885123
,,,distance_curve,,,,,,,alpha_dist,,3.0083374005166124,1.0,,,distance,1424.533967988442
,,,distance_curve,,,,,,,alpha_dist,,3.0031473628706804,1.0,,,distance,1433.1675071883722
,,,distance_curve,,,,,,,alpha_dist,,2.9979662791707926,1.0,,,distance,1441.801046388302
,,,distance_curve,,,,,,,alpha_dist,,2.9927941339694404,1.0,,,distance,1450.434585588232
,,,distance_curve,,,,,,,alpha_dist,,2.9876309118457653,1.0,,,distance,1459.0681247881619
,,,distance_curve,,,,,,,alpha_dist,,2.982476597405515,1.0,,,distance,1467.701663988092
,,,distance_curve,,,,,,,alpha_dist,,2.9773311752809923,1.0,,,distance,1476.335203188022
,,,distance_curve,,,,,,,alpha_dist,,2.9721946301310167,1.0,,,distance,1484.9687423879518
,,,distance_curve,,,,,,,alpha_dist,,2.967066946640871,1.0,,,distance,1493.6022815878819
,,,distance_curve,,,,,,,alpha_dist,,2.961948109522261,1.0,,,distance,1502.2358207878117
,,,distance_curve,,,,,,,alpha_dist,,2.9568381035132685,1.0,,,distance,1510.8693599877417
,,,distance_curve,,,,,,,alpha_dist,,2.951736913378304,1.0,,,distance,1519.5028991876716
,,,distance_curve,,,,,,,alpha_dist,,2.946644523908064,1.0,,,distance,1528.1364383876016
,,,distance_curve,,,,,,,alpha_dist,,2.9415609199194837,1.0,,,distance,1536.7699775875315
,,,distance_curve,,,,,,,alpha_dist,,2.9364860862556923,1.0,,,distance,1545.4035167874615
,,,distance_curve,,,,,,,alpha_dist,,2.9314200077859685,1.0,,,distance,1554.0370559873913
,,,distance_curve,,,,,,,alpha_dist,,2.926362669405694,1.0,,,distance,1562.6705951873214
,,,distance_curve,,,,,,,alpha_dist,,2.92131405603631,1.0,,,distance,1571.3041343872515
,,,distance_curve,,,,,,,alpha_dist,,2.9162741526252716,1.0,,,distance,1579.9376735871813
,,,distance_curve,,,,,,,alpha_dist,,2.911242944146002,1.0,,,distance,1588.5712127871113
,,,distance_curve,,,,,,,alpha_dist,,2.906220415597849,1.0,,,distance,1597.2047519870412
,,,distance_curve,,,,,,,alpha_dist,,2.9012065520060397,1.0,,,distance,1605.8382911869712
,,,distance_curve,,,,,,,alpha_dist,,2.896201338421636,1.0,,,distance,1614.471830386901
,,,distance_curve,,,,,,,alpha_dist,,2.89120475992149,1.0,,,distance,1623.105369586831
,,,distance_curve,,,,,,,alpha_dist,,2.886216801608199,1.0,,,distance,1631.738908786761
,,,distance_curve,,,,,,,alpha_dist,,2.881237448610063,1.0,,,distance,1640.372447986691
,,,distance_curve,,,,,,,alpha_dist,,2.876266686081037,1.0,,,distance,1649.0059871866208
,,,distance_curve,,,,,,,alpha_dist,,2.87130449920069,1.0,,,distance,1657.6395263865509
,,,distance_curve,,,,,,,alpha_dist,,2.8663508731741594,1.0,,,distance,1666.273065586481
,,,distance_curve,,,,,,,alpha_dist,,2.8614057932321058,1.0,,,distance,1674.9066047864108
,,,distance_curve,,,,,,,alpha_dist,,2.856469244630672,1.0,,,distance,1683.5401439863408
,,,distance_curve,,,,,,,alpha_dist,,2.851541212651435,1.0,,,distance,1692.1736831862706
,,,distance_curve,,,,,,,alpha_dist,,2.846621682601366,1.0,,,distance,1700.8072223862007
,,,distance_curve,,,,,,,alpha_dist,,2.8417106398127845,1.0,,,distance,1709.4407615861305
,,,distance_curve,,,,,,,alpha_dist,,2.8368080696433147,1.0,,,distance,1718.0743007860606
,,,distance_curve,,,,,,,alpha_dist,,2.831913957475842,1.0,,,distance,1726.7078399859904
,,,distance_curve,,,,,,,alpha_dist,,2.8270282887184695,1.0,,,distance,1735.3413791859205
,,,distance_curve,,,,,,,alpha_dist,,2.822151048804474,1.0,,,distance,1743.9749183858503
,,,distance_curve,,,,,,,alpha_dist,,2.817282223192265,1.0,,,distance,1752.6084575857803
,,,distance_curve,,,,,,,alpha_dist,,2.812421797365338,1.0,,,distance,1761.2419967857104
,,,distance_curve,,,,,,,alpha_dist,,2.807569756832232,1.0,,,distance,1769.8755359856402
,,,distance_curve,,,,,,,alpha_dist,,2.8027260871264876,1.0,,,distance,1778.5090751855703
,,,distance_curve,,,,,,,alpha_dist,,2.7978907738066043,1.0,,,distance,1787.1426143855
,,,distance_curve,,,,,,,alpha_dist,,2.793063802455994,1.0,,,distance,1795.7761535854302
,,,distance_curve,,,,,,,alpha_dist,,2.788245158682943,1.0,,,distance,1804.40969278536
,,,distance_curve,,,,,,,alpha_dist,,2.7834348281205643,1.0,,,distance,1813.04323198529
,,,distance_curve,,,,,,,alpha_dist,,2.7786327964267583,1.0,,,distance,1821.6767711852199
,,,distance_curve,,,,,,,alpha_dist,,2.773839049284167,1.0,,,distance,1830.31031038515
,,,distance_curve,,,,,,,alpha_dist,,2.7690535724001353,1.0,,,distance,1838.9438495850798
,,,distance_curve,,,,,,,alpha_dist,,2.764276351506664,1.0,,,distance,1847.5773887850098
,,,distance_curve,,,,,,,alpha_dist,,2.7595073723603702,1.0,,,distance,1856.2109279849399
,,,distance_curve,,,,,,,alpha_dist,,2.7547466207424445,1.0,,,distance,1864.8444671848697
,,,distance_curve,,,,,,,alpha_dist,,2.749994082458606,1.0,,,distance,1873.4780063847998
,,,distance_curve,,,,,,,alpha_dist,,2.7452497433390652,1.0,,,distance,1882.1115455847296
,,,distance_curve,,,,,,,alpha_dist,,2.7405135892384753,1.0,,,distance,1890.7450847846596
,,,distance_curve,,,,,,,alpha_dist,,2.735785606035895,1.0,,,distance,1899.3786239845895
,,,distance_curve,,,,,,,alpha_dist,,2.7310657796347453,1.0,,,distance,1908.0121631845195
,,,distance_curve,,,,,,,alpha_dist,,2.7263540959627655,1.0,,,distance,1916.6457023844494
,,,distance_curve,,,,,,,alpha_dist,,2.721650540971973,1.0,,,distance,1925.2792415843794
,,,distance_curve,,,,,,,alpha_dist,,2.7169551006386214,1.0,,,distance,1933.9127807843092
,,,distance_curve,,,,,,,alpha_dist,,2.7122677609631585,1.0,,,distance,1942.5463199842393
,,,distance_curve,,,,,,,alpha_dist,,2.707588507970183,1.0,,,distance,1951.1798591841693
,,,distance_curve,,,,,,,alpha_dist,,2.7029173277084064,1.0,,,distance,1959.8133983840992
,,,distance_curve,,,,,,,alpha_dist,,2.698254206250607,1.0,,,distance,1968.4469375840292
,,,distance_curve,,,,,,,alpha_dist,,2.693599129693593,1.0,,,distance,1977.080476783959
,,,distance_curve,,,,,,,alpha_dist,,2.688952084158156,1.0,,,distance,1985.714015983889
,,,distance_curve,,,,,,,alpha_dist,,2.684313055789034,1.0,,,distance,1994.347555183819
,,,distance_curve,,,,,,,alpha_dist,,2.679682030754867,1.0,,,distance,2002.981094383749
,,,distance_curve,,,,,,,alpha_dist,,2.6750589952481594,1.0,,,distance,2011.6146335836788
,,,distance_curve,,,,,,,alpha_dist,,2.6704439354852347,1.0,,,distance,2020.2481727836089
,,,distance_curve,,,,,,,alpha_dist,,2.665836837706196,1.0,,,distance,2028.881711983539
,,,distance_curve,,,,,,,alpha_dist,,2.6612376881748863,1.0,,,distance,2037.5152511834688
,,,distance_curve,,,,,,,alpha_dist,,2.656646473178846,1.0,,,distance,2046.1487903833988
,,,distance_curve,,,,,,,alpha_dist,,2.652063179029273,1.0,,,distance,2054.7823295833286
,,,distance_curve,,,,,,,alpha_dist,,2.64748779206098,1.0,,,distance,2063.4158687832587
,,,coordination_curve,,,,,,,w_coord,,-0.0,1.0,,,tgo_mismatch,0.0
,,,coordination_curve,,,,,,,w_coord,,-0.07380460988402744,1.0,,,tgo_mismatch,0.025626600654176195
,,,coordination_curve,,,,,,,w_coord,,-0.14760921976805488,1.0,,,tgo_mismatch,0.05125320130835239
,,,coordination_curve,,,,,,,w_coord,,-0.2214138296520823,1.0,,,tgo_mismatch,0.07687980196252858
,,,coordination_curve,,,,,,,w_coord,,-0.29521843953610977,1.0,,,tgo_mismatch,0.10250640261670478
,,,coordination_curve,,,,,,,w_coord,,-0.3690230494201372,1.0,,,tgo_mismatch,0.12813300327088098
,,,coordination_curve,,,,,,,w_coord,,-0.4428276593041646,1.0,,,tgo_mismatch,0.15375960392505716
,,,coordination_curve,,,,,,,w_coord,,-0.5166322691881922,1.0,,,tgo_mismatch,0.17938620457923338
,,,coordination_curve,,,,,,,w_coord,,-0.5904368790722195,1.0,,,tgo_mismatch,0.20501280523340956
,,,coordination_curve,,,,,,,w_coord,,-0.6642414889562469,1.0,,,tgo_mismatch,0.23063940588758575
,,,coordination_curve,,,,,,,w_coord,,-0.7380460988402744,1.0,,,tgo_mismatch,0.25626600654176196
,,,coordination_curve,,,,,,,w_coord,,-0.8118507087243019,1.0,,,tgo_mismatch,0.28189260719593817
,,,coordination_curve,,,,,,,w_coord,,-0.8856553186083292,1.0,,,tgo_mismatch,0.30751920785011433
,,,coordination_curve,,,,,,,w_coord,,-0.9594599284923567,1.0,,,tgo_mismatch,0.33314580850429054
,,,coordination_curve,,,,,,,w_coord,,-1.0332645383763843,1.0,,,tgo_mismatch,0.35877240915846675
,,,coordination_curve,,,,,,,w_coord,,-1.1070691482604116,1.0,,,tgo_mismatch,0.3843990098126429
,,,coordination_curve,,,,,,,w_coord,,-1.180873758144439,1.0,,,tgo_mismatch,0.4100256104668191
,,,coordination_curve,,,,,,,w_coord,,-1.2546783680284666,1.0,,,tgo_mismatch,0.43565221112099534
,,,coordination_curve,,,,,,,w_coord,,-1.3284829779124938,1.0,,,tgo_mismatch,0.4612788117751715
,,,coordination_curve,,,,,,,w_coord,,-1.4022875877965213,1.0,,,tgo_mismatch,0.4869054124293477
,,,coordination_curve,,,,,,,w_coord,,-1.4760921976805488,1.0,,,tgo_mismatch,0.5125320130835239
,,,coordination_curve,,,,,,,w_coord,,-1.5498968075645763,1.0,,,tgo_mismatch,0.5381586137377001
,,,coordination_curve,,,,,,,w_coord,,-1.6237014174486037,1.0,,,tgo_mismatch,0.5637852143918763
,,,coordination_curve,,,,,,,w_coord,,-1.697506027332631,1.0,,,tgo_mismatch,0.5894118150460524
,,,coordination_curve,,,,,,,w_coord,,-1.7713106372166585,1.0,,,tgo_mismatch,0.6150384157002287
,,,coordination_curve,,,,,,,w_coord,,-1.845115247100686,1.0,,,tgo_mismatch,0.6406650163544049
,,,coordination_curve,,,,,,,w_coord,,-1.9189198569847135,1.0,,,tgo_mismatch,0.6662916170085811
,,,coordination_curve,,,,,,,w_coord,,-1.992724466868741,1.0,,,tgo_mismatch,0.6919182176627573
,,,coordination_curve,,,,,,,w_coord,,-2.0665290767527686,1.0,,,tgo_mismatch,0.7175448183169335
,,,coordination_curve,,,,,,,w_coord,,-2.1403336866367955,1.0,,,tgo_mismatch,0.7431714189711096
,,,coordination_curve,,,,,,,w_coord,,-2.214138296520823,1.0,,,tgo_mismatch,0.7687980196252858
,,,coordination_curve,,,,,,,w_coord,,-2.2879429064048504,1.0,,,tgo_mismatch,0.794424620279462
,,,coordination_curve,,,,,,,w_coord,,-2.361747516288878,1.0,,,tgo_mismatch,0.8200512209336382
,,,coordination_curve,,,,,,,w_coord,,-2.4355521261729054,1.0,,,tgo_mismatch,0.8456778215878145
,,,coordination_curve,,,,,,,w_coord,,-2.509356736056933,1.0,,,tgo_mismatch,0.8713044222419907
,,,coordination_curve,,,,,,,w_coord,,-2.5831613459409604,1.0,,,tgo_mismatch,0.8969310228961669
,,,coordination_curve,,,,,,,w_coord,,-2.6569659558249876,1.0,,,tgo_mismatch,0.922557623550343
,,,coordination_curve,,,,,,,w_coord,,-2.7307705657090153,1.0,,,tgo_mismatch,0.9481842242045192
,,,coordination_curve,,,,,,,w_coord,,-2.8045751755930426,1.0,,,tgo_mismatch,0.9738108248586954
,,,coordination_curve,,,,,,,w_coord,,-2.8783797854770703,1.0,,,tgo_mismatch,0.9994374255128716
,,,coordination_curve,,,,,,,w_coord,,-2.9521843953610976,1.0,,,tgo_mismatch,1.0250640261670478
,,,coordination_curve,,,,,,,w_coord,,-3.025989005245125,1.0,,,tgo_mismatch,1.050690626821224
,,,coordination_curve,,,,,,,w_coord,,-3.0997936151291525,1.0,,,tgo_mismatch,1.0763172274754003
,,,coordination_curve,,,,,,,w_coord,,-3.17359822501318,1.0,,,tgo_mismatch,1.1019438281295764
,,,coordination_curve,,,,,,,w_coord,,-3.2474028348972075,1.0,,,tgo_mismatch,1.1275704287837527
,,,coordination_curve,,,,,,,w_coord,,-3.3212074447812348,1.0,,,tgo_mismatch,1.1531970294379288
,,,coordination_curve,,,,,,,w_coord,,-3.395012054665262,1.0,,,tgo_mismatch,1.178823630092105
,,,coordination_curve,,,,,,,w_coord,,-3.4688166645492897,1.0,,,tgo_mismatch,1.2044502307462812
,,,coordination_curve,,,,,,,w_coord,,-3.542621274433317,1.0,,,tgo_mismatch,1.2300768314004573
,,,coordination_curve,,,,,,,w_coord,,-3.6164258843173447,1.0,,,tgo_mismatch,1.2557034320546336
,,,coordination_curve,,,,,,,w_coord,,-3.690230494201372,1.0,,,tgo_mismatch,1.2813300327088097
,,,coordination_curve,,,,,,,w_coord,,-3.7640351040853997,1.0,,,tgo_mismatch,1.306956633362986
,,,coordination_curve,,,,,,,w_coord,,-3.837839713969427,1.0,,,tgo_mismatch,1.3325832340171622
,,,coordination_curve,,,,,,,w_coord,,-3.911644323853454,1.0,,,tgo_mismatch,1.3582098346713383
,,,coordination_curve,,,,,,,w_coord,,-3.985448933737482,1.0,,,tgo_mismatch,1.3838364353255146
,,,coordination_curve,,,,,,,w_coord,,-4.059253543621509,1.0,,,tgo_mismatch,1.4094630359796907
,,,coordination_curve,,,,,,,w_coord,,-4.133058153505537,1.0,,,tgo_mismatch,1.435089636633867
,,,coordination_curve,,,,,,,w_coord,,-4.206862763389564,1.0,,,tgo_mismatch,1.4607162372880431
,,,coordination_curve,,,,,,,w_coord,,-4.280667373273591,1.0,,,tgo_mismatch,1.4863428379422192
,,,coordination_curve,,,,,,,w_coord,,-4.354471983157619,1.0,,,tgo_mismatch,1.5119694385963955
,,,coordination_curve,,,,,,,w_coord,,-4.428276593041646,1.0,,,tgo_mismatch,1.5375960392505716
,,,coordination_curve,,,,,,,w_coord,,-4.502081202925674,1.0,,,tgo_mismatch,1.563222639904748
,,,coordination_curve,,,,,,,w_coord,,-4.575885812809701,1.0,,,tgo_mismatch,1.588849240558924
,,,coordination_curve,,,,,,,w_coord,,-4.649690422693729,1.0,,,tgo_mismatch,1.6144758412131004
,,,coordination_curve,,,,,,,w_coord,,-4.723495032577756,1.0,,,tgo_mismatch,1.6401024418672765
,,,coordination_curve,,,,,,,w_coord,,-4.797299642461783,1.0,,,tgo_mismatch,1.6657290425214526
,,,coordination_curve,,,,,,,w_coord,,-4.871104252345811,1.0,,,tgo_mismatch,1.691355643175629
,,,coordination_curve,,,,,,,w_coord,,-4.9449088622298385,1.0,,,tgo_mismatch,1.716982243829805
,,,coordination_curve,,,,,,,w_coord,,-5.018713472113866,1.0,,,tgo_mismatch,1.7426088444839813
,,,coordination_curve,,,,,,,w_coord,,-5.092518081997893,1.0,,,tgo_mismatch,1.7682354451381574
,,,coordination_curve,,,,,,,w_coord,,-5.166322691881921,1.0,,,tgo_mismatch,1.7938620457923338
,,,coordination_curve,,,,,,,w_coord,,-5.240127301765948,1.0,,,tgo_mismatch,1.8194886464465099
,,,coordination_curve,,,,,,,w_coord,,-5.313931911649975,1.0,,,tgo_mismatch,1.845115247100686
,,,coordination_curve,,,,,,,w_coord,,-5.387736521534003,1.0,,,tgo_mismatch,1.8707418477548623
,,,coordination_curve,,,,,,,w_coord,,-5.461541131418031,1.0,,,tgo_mismatch,1.8963684484090384
,,,coordination_curve,,,,,,,w_coord,,-5.535345741302058,1.0,,,tgo_mismatch,1.9219950490632147
,,,coordination_curve,,,,,,,w_coord,,-5.609150351186085,1.0,,,tgo_mismatch,1.9476216497173908
,,,coordination_curve,,,,,,,w_coord,,-5.682954961070113,1.0,,,tgo_mismatch,1.973248250371567
,,,coordination_curve,,,,,,,w_coord,,-5.756759570954141,1.0,,,tgo_mismatch,1.9988748510257432
,,,coordination_curve,,,,,,,w_coord,,-5.830564180838168,1.0,,,tgo_mismatch,2.0245014516799196
,,,coordination_curve,,,,,,,w_coord,,-5.904368790722195,1.0,,,tgo_mismatch,2.0501280523340957
,,,coordination_curve,,,,,,,w_coord,,-5.978173400606223,1.0,,,tgo_mismatch,2.0757546529882718
,,,coordination_curve,,,,,,,w_coord,,-6.05197801049025,1.0,,,tgo_mismatch,2.101381253642448
,,,coordination_curve,,,,,,,w_coord,,-6.125782620374278,1.0,,,tgo_mismatch,2.1270078542966244
,,,coordination_curve,,,,,,,w_coord,,-6.199587230258305,1.0,,,tgo_mismatch,2.1526344549508005
,,,coordination_curve,,,,,,,w_coord,,-6.273391840142333,1.0,,,tgo_mismatch,2.1782610556049766
,,,coordination_curve,,,,,,,w_coord,,-6.34719645002636,1.0,,,tgo_mismatch,2.2038876562591527
,,,coordination_curve,,,,,,,w_coord,,-6.421001059910386,1.0,,,tgo_mismatch,2.229514256913329
,,,coordination_curve,,,,,,,w_coord,,-6.494805669794415,1.0,,,tgo_mismatch,2.2551408575675054
,,,coordination_curve,,,,,,,w_coord,,-6.568610279678443,1.0,,,tgo_mismatch,2.2807674582216815
,,,coordination_curve,,,,,,,w_coord,,-6.6424148895624695,1.0,,,tgo_mismatch,2.3063940588758576
,,,coordination_curve,,,,,,,w_coord,,-6.716219499446496,1.0,,,tgo_mismatch,2.3320206595300337
,,,coordination_curve,,,,,,,w_coord,,-6.790024109330524,1.0,,,tgo_mismatch,2.35764726018421
,,,coordination_curve,,,,,,,w_coord,,-6.863828719214553,1.0,,,tgo_mismatch,2.3832738608383863
,,,coordination_curve,,,,,,,w_coord,,-6.937633329098579,1.0,,,tgo_mismatch,2.4089004614925624
,,,coordination_curve,,,,,,,w_coord,,-7.011437938982607,1.0,,,tgo_mismatch,2.4345270621467385
,,,coordination_curve,,,,,,,w_coord,,-7.085242548866634,1.0,,,tgo_mismatch,2.4601536628009146
,,,coordination_curve,,,,,,,w_coord,,-7.159047158750661,1.0,,,tgo_mismatch,2.4857802634550907
,,,coordination_curve,,,,,,,w_coord,,-7.232851768634689,1.0,,,tgo_mismatch,2.5114068641092673
,,,coordination_curve,,,,,,,w_coord,,-7.306656378518717,1.0,,,tgo_mismatch,2.5370334647634434
,,,coordination_curve,,,,,,,w_coord,,-7.380460988402744,1.0,,,tgo_mismatch,2.5626600654176195
,,,coordination_curve,,,,,,,w_coord,,-7.454265598286771,1.0,,,tgo_mismatch,2.5882866660717956
,,,coordination_curve,,,,,,,w_coord,,-7.528070208170799,1.0,,,tgo_mismatch,2.613913266725972
,,,coordination_curve,,,,,,,w_coord,,-7.601874818054827,1.0,,,tgo_mismatch,2.6395398673801482
,,,coordination_curve,,,,,,,w_coord,,-7.675679427938854,1.0,,,tgo_mismatch,2.6651664680343243
,,,coordination_curve,,,,,,,w_coord,,-7.749484037822881,1.0,,,tgo_mismatch,2.6907930686885004
,,,coordination_curve,,,,,,,w_coord,,-7.823288647706908,1.0,,,tgo_mismatch,2.7164196693426765
,,,coordination_curve,,,,,,,w_coord,,-7.897093257590937,1.0,,,tgo_mismatch,2.742046269996853
,,,coordination_curve,,,,,,,w_coord,,-7.970897867474964,1.0,,,tgo_mismatch,2.767672870651029
,,,coordination_curve,,,,,,,w_coord,,-8.04470247735899,1.0,,,tgo_mismatch,2.7932994713052053
,,,coordination_curve,,,,,,,w_coord,,-8.118507087243017,1.0,,,tgo_mismatch,2.8189260719593814
,,,coordination_curve,,,,,,,w_coord,,-8.192311697127046,1.0,,,tgo_mismatch,2.8445526726135575
,,,coordination_curve,,,,,,,w_coord,,-8.266116307011075,1.0,,,tgo_mismatch,2.870179273267734
,,,coordination_curve,,,,,,,w_coord,,-8.339920916895101,1.0,,,tgo_mismatch,2.89580587392191
,,,coordination_curve,,,,,,,w_coord,,-8.413725526779128,1.0,,,tgo_mismatch,2.9214324745760862
,,,coordination_curve,,,,,,,w_coord,,-8.487530136663155,1.0,,,tgo_mismatch,2.9470590752302623
,,,coordination_curve,,,,,,,w_coord,,-8.561334746547182,1.0,,,tgo_mismatch,2.9726856758844384
,,,coordination_curve,,,,,,,w_coord,,-8.63513935643121,1.0,,,tgo_mismatch,2.998312276538615
,,,coordination_curve,,,,,,,w_coord,,-8.708943966315237,1.0,,,tgo_mismatch,3.023938877192791
,,,coordination_curve,,,,,,,w_coord,,-8.782748576199266,1.0,,,tgo_mismatch,3.049565477846967
,,,coordination_curve,,,,,,,w_coord,,-8.856553186083293,1.0,,,tgo_mismatch,3.0751920785011433
,,,coordination_curve,,,,,,,w_coord,,-8.930357795967321,1.0,,,tgo_mismatch,3.10081867915532
,,,coordination_curve,,,,,,,w_coord,,-9.004162405851348,1.0,,,tgo_mismatch,3.126445279809496
,,,coordination_curve,,,,,,,w_coord,,-9.077967015735375,1.0,,,tgo_mismatch,3.152071880463672
,,,coordination_curve,,,,,,,w_coord,,-9.151771625619402,1.0,,,tgo_mismatch,3.177698481117848
,,,coordination_curve,,,,,,,w_coord,,-9.22557623550343,1.0,,,tgo_mismatch,3.2033250817720242
,,,coordination_curve,,,,,,,w_coord,,-9.299380845387457,1.0,,,tgo_mismatch,3.228951682426201
,,,coordination_curve,,,,,,,w_coord,,-9.373185455271486,1.0,,,tgo_mismatch,3.254578283080377
,,,coordination_curve,,,,,,,w_coord,,-9.446990065155513,1.0,,,tgo_mismatch,3.280204883734553
,,,coordination_curve,,,,,,,w_coord,,-9.52079467503954,1.0,,,tgo_mismatch,3.305831484388729
,,,coordination_curve,,,,,,,w_coord,,-9.594599284923566,1.0,,,tgo_mismatch,3.331458085042905
,,,coordination_curve,,,,,,,w_coord,,-9.668403894807595,1.0,,,tgo_mismatch,3.3570846856970817
,,,coordination_curve,,,,,,,w_coord,,-9.742208504691622,1.0,,,tgo_mismatch,3.382711286351258
,,,coordination_curve,,,,,,,w_coord,,-9.81601311457565,1.0,,,tgo_mismatch,3.408337887005434
,,,coordination_curve,,,,,,,w_coord,,-9.889817724459677,1.0,,,tgo_mismatch,3.43396448765961
,,,coordination_curve,,,,,,,w_coord,,-9.963622334343704,1.0,,,tgo_mismatch,3.459591088313786
,,,coordination_curve,,,,,,,w_coord,,-10.037426944227732,1.0,,,tgo_mismatch,3.4852176889679627
,,,coordination_curve,,,,,,,w_coord,,-10.11123155411176,1.0,,,tgo_mismatch,3.510844289622139
,,,coordination_curve,,,,,,,w_coord,,-10.185036163995786,1.0,,,tgo_mismatch,3.536470890276315
,,,coordination_curve,,,,,,,w_coord,,-10.258840773879813,1.0,,,tgo_mismatch,3.562097490930491
,,,coordination_curve,,,,,,,w_coord,,-10.332645383763841,1.0,,,tgo_mismatch,3.5877240915846675
,,,coordination_curve,,,,,,,w_coord,,-10.40644999364787,1.0,,,tgo_mismatch,3.6133506922388436
,,,coordination_curve,,,,,,,w_coord,,-10.480254603531897,1.0,,,tgo_mismatch,3.6389772928930197
,,,coordination_curve,,,,,,,w_coord,,-10.554059213415924,1.0,,,tgo_mismatch,3.664603893547196
,,,coordination_curve,,,,,,,w_coord,,-10.62786382329995,1.0,,,tgo_mismatch,3.690230494201372
,,,coordination_curve,,,,,,,w_coord,,-10.701668433183979,1.0,,,tgo_mismatch,3.7158570948555485
,,,coordination_curve,,,,,,,w_coord,,-10.775473043068006,1.0,,,tgo_mismatch,3.7414836955097246
,,,coordination_curve,,,,,,,w_coord,,-10.849277652952033,1.0,,,tgo_mismatch,3.7671102961639007
,,,coordination_curve,,,,,,,w_coord,,-10.923082262836061,1.0,,,tgo_mismatch,3.792736896818077
,,,coordination_curve,,,,,,,w_coord,,-10.996886872720088,1.0,,,tgo_mismatch,3.818363497472253
,,,coordination_curve,,,,,,,w_coord,,-11.070691482604117,1.0,,,tgo_mismatch,3.8439900981264294
,,,coordination_curve,,,,,,,w_coord,,-11.144496092488144,1.0,,,tgo_mismatch,3.8696166987806055
,,,coordination_curve,,,,,,,w_coord,,-11.21830070237217,1.0,,,tgo_mismatch,3.8952432994347816
,,,coordination_curve,,,,,,,w_coord,,-11.292105312256197,1.0,,,tgo_mismatch,3.9208699000889577
,,,coordination_curve,,,,,,,w_coord,,-11.365909922140226,1.0,,,tgo_mismatch,3.946496500743134
,,,coordination_curve,,,,,,,w_coord,,-11.439714532024254,1.0,,,tgo_mismatch,3.9721231013973104
,,,coordination_curve,,,,,,,w_coord,,-11.513519141908281,1.0,,,tgo_mismatch,3.9977497020514865
,,,coordination_curve,,,,,,,w_coord,,-11.58732375179231,1.0,,,tgo_mismatch,4.023376302705663
,,,coordination_curve,,,,,,,w_coord,,-11.661128361676337,1.0,,,tgo_mismatch,4.049002903359839
,,,coordination_curve,,,,,,,w_coord,,-11.734932971560363,1.0,,,tgo_mismatch,4.074629504014015
,,,coordination_curve,,,,,,,w_coord,,-11.80873758144439,1.0,,,tgo_mismatch,4.100256104668191
,,,coordination_curve,,,,,,,w_coord,,-11.882542191328417,1.0,,,tgo_mismatch,4.1258827053223674
,,,coordination_curve,,,,,,,w_coord,,-11.956346801212446,1.0,,,tgo_mismatch,4.1515093059765436
,,,coordination_curve,,,,,,,w_coord,,-12.030151411096472,1.0,,,tgo_mismatch,4.17713590663072
,,,coordination_curve,,,,,,,w_coord,,-12.1039560209805,1.0,,,tgo_mismatch,4.202762507284896
,,,coordination_curve,,,,,,,w_coord,,-12.177760630864526,1.0,,,tgo_mismatch,4.228389107939072
,,,coordination_curve,,,,,,,w_coord,,-12.251565240748556,1.0,,,tgo_mismatch,4.254015708593249
,,,coordination_curve,,,,,,,w_coord,,-12.325369850632583,1.0,,,tgo_mismatch,4.279642309247425
,,,coordination_curve,,,,,,,w_coord,,-12.39917446051661,1.0,,,tgo_mismatch,4.305268909901601
,,,coordination_curve,,,,,,,w_coord,,-12.472979070400637,1.0,,,tgo_mismatch,4.330895510555777
,,,coordination_curve,,,,,,,w_coord,,-12.546783680284666,1.0,,,tgo_mismatch,4.356522111209953
,,,coordination_curve,,,,,,,w_coord,,-12.620588290168692,1.0,,,tgo_mismatch,4.382148711864129
,,,coordination_curve,,,,,,,w_coord,,-12.69439290005272,1.0,,,tgo_mismatch,4.4077753125183055
,,,coordination_curve,,,,,,,w_coord,,-12.768197509936746,1.0,,,tgo_mismatch,4.433401913172482
,,,coordination_curve,,,,,,,w_coord,,-12.842002119820773,1.0,,,tgo_mismatch,4.459028513826658
,,,coordination_curve,,,,,,,w_coord,,-12.915806729704801,1.0,,,tgo_mismatch,4.484655114480834
,,,coordination_curve,,,,,,,w_coord,,-12.98961133958883,1.0,,,tgo_mismatch,4.510281715135011
,,,coordination_curve,,,,,,,w_coord,,-13.063415949472857,1.0,,,tgo_mismatch,4.535908315789187
,,,coordination_curve,,,,,,,w_coord,,-13.137220559356885,1.0,,,tgo_mismatch,4.561534916443363
,,,coordination_curve,,,,,,,w_coord,,-13.211025169240912,1.0,,,tgo_mismatch,4.587161517097539
,,,coordination_curve,,,,,,,w_coord,,-13.284829779124939,1.0,,,tgo_mismatch,4.612788117751715
,,,coordination_curve,,,,,,,w_coord,,-13.358634389008966,1.0,,,tgo_mismatch,4.638414718405891
,,,coordination_curve,,,,,,,w_coord,,-13.432438998892993,1.0,,,tgo_mismatch,4.664041319060067
,,,coordination_curve,,,,,,,w_coord,,-13.506243608777021,1.0,,,tgo_mismatch,4.6896679197142435
,,,coordination_curve,,,,,,,w_coord,,-13.580048218661048,1.0,,,tgo_mismatch,4.71529452036842
,,,coordination_curve,,,,,,,w_coord,,-13.653852828545078,1.0,,,tgo_mismatch,4.7409211210225966
,,,coordination_curve,,,,,,,w_coord,,-13.727657438429105,1.0,,,tgo_mismatch,4.766547721676773
,,,coordination_curve,,,,,,,w_coord,,-13.801462048313132,1.0,,,tgo_mismatch,4.792174322330949
,,,coordination_curve,,,,,,,w_coord,,-13.875266658197159,1.0,,,tgo_mismatch,4.817800922985125
,,,coordination_curve,,,,,,,w_coord,,-13.949071268081186,1.0,,,tgo_mismatch,4.843427523639301
,,,coordination_curve,,,,,,,w_coord,,-14.022875877965214,1.0,,,tgo_mismatch,4.869054124293477
,,,coordination_curve,,,,,,,w_coord,,-14.096680487849241,1.0,,,tgo_mismatch,4.894680724947653
,,,coordination_curve,,,,,,,w_coord,,-14.170485097733268,1.0,,,tgo_mismatch,4.920307325601829
,,,coordination_curve,,,,,,,w_coord,,-14.244289707617295,1.0,,,tgo_mismatch,4.945933926256005
,,,coordination_curve,,,,,,,w_coord,,-14.318094317501322,1.0,,,tgo_mismatch,4.9715605269101815
,,,coordination_curve,,,,,,,w_coord,,-14.391898927385352,1.0,,,tgo_mismatch,4.9971871275643585
,,,coordination_curve,,,,,,,w_coord,,-14.465703537269379,1.0,,,tgo_mismatch,5.022813728218535
,,,coordination_curve,,,,,,,w_coord,,-14.539508147153406,1.0,,,tgo_mismatch,5.048440328872711
,,,coordination_curve,,,,,,,w_coord,,-14.613312757037434,1.0,,,tgo_mismatch,5.074066929526887
,,,coordination_curve,,,,,,,w_coord,,-14.687117366921461,1.0,,,tgo_mismatch,5.099693530181063
,,,coordination_curve,,,,,,,w_coord,,-14.760921976805488,1.0,,,tgo_mismatch,5.125320130835239
,,,coordination_curve,,,,,,,w_coord,,-14.834726586689515,1.0,,,tgo_mismatch,5.150946731489415
,,,coordination_curve,,,,,,,w_coord,,-14.908531196573541,1.0,,,tgo_mismatch,5.176573332143591
,,,coordination_curve,,,,,,,w_coord,,-14.98233580645757,1.0,,,tgo_mismatch,5.202199932797767
,,,coordination_curve,,,,,,,w_coord,,-15.056140416341599,1.0,,,tgo_mismatch,5.227826533451944
,,,coordination_curve,,,,,,,w_coord,,-15.129945026225625,1.0,,,tgo_mismatch,5.25345313410612
,,,coordination_curve,,,,,,,w_coord,,-15.203749636109654,1.0,,,tgo_mismatch,5.2790797347602965
,,,coordination_curve,,,,,,,w_coord,,-15.27755424599368,1.0,,,tgo_mismatch,5.304706335414473
,,,coordination_curve,,,,,,,w_coord,,-15.351358855877708,1.0,,,tgo_mismatch,5.330332936068649
,,,coordination_curve,,,,,,,w_coord,,-15.425163465761734,1.0,,,tgo_mismatch,5.355959536722825
,,,coordination_curve,,,,,,,w_coord,,-15.498968075645761,1.0,,,tgo_mismatch,5.381586137377001
,,,coordination_curve,,,,,,,w_coord,,-15.57277268552979,1.0,,,tgo_mismatch,5.407212738031177
,,,coordination_curve,,,,,,,w_coord,,-15.646577295413817,1.0,,,tgo_mismatch,5.432839338685353
,,,coordination_curve,,,,,,,w_coord,,-15.720381905297844,1.0,,,tgo_mismatch,5.458465939339529
,,,coordination_curve,,,,,,,w_coord,,-15.794186515181874,1.0,,,tgo_mismatch,5.484092539993706
,,,coordination_curve,,,,,,,w_coord,,-15.8679911250659,1.0,,,tgo_mismatch,5.509719140647882
,,,coordination_curve,,,,,,,w_coord,,-15.941795734949928,1.0,,,tgo_mismatch,5.535345741302058
,,,coordination_curve,,,,,,,w_coord,,-16.015600344833956,1.0,,,tgo_mismatch,5.5609723419562345
,,,coordination_curve,,,,,,,w_coord,,-16.08940495471798,1.0,,,tgo_mismatch,5.586598942610411
,,,coordination_curve,,,,,,,w_coord,,-16.16320956460201,1.0,,,tgo_mismatch,5.612225543264587
,,,coordination_curve,,,,,,,w_coord,,-16.237014174486035,1.0,,,tgo_mismatch,5.637852143918763
,,,coordination_curve,,,,,,,w_coord,,-16.310818784370063,1.0,,,tgo_mismatch,5.663478744572939
,,,coordination_curve,,,,,,,w_coord,,-16.384623394254092,1.0,,,tgo_mismatch,5.689105345227115
,,,coordination_curve,,,,,,,w_coord,,-16.45842800413812,1.0,,,tgo_mismatch,5.714731945881292
,,,coordination_curve,,,,,,,w_coord,,-16.53223261402215,1.0,,,tgo_mismatch,5.740358546535468
,,,coordination_curve,,,,,,,w_coord,,-16.606037223906174,1.0,,,tgo_mismatch,5.765985147189644
,,,coordination_curve,,,,,,,w_coord,,-16.679841833790203,1.0,,,tgo_mismatch,5.79161174784382
,,,coordination_curve,,,,,,,w_coord,,-16.753646443674228,1.0,,,tgo_mismatch,5.817238348497996
,,,coordination_curve,,,,,,,w_coord,,-16.827451053558256,1.0,,,tgo_mismatch,5.8428649491521725
,,,coordination_curve,,,,,,,w_coord,,-16.901255663442285,1.0,,,tgo_mismatch,5.868491549806349
,,,coordination_curve,,,,,,,w_coord,,-16.97506027332631,1.0,,,tgo_mismatch,5.894118150460525
,,,coordination_curve,,,,,,,w_coord,,-17.04886488321034,1.0,,,tgo_mismatch,5.919744751114701
,,,coordination_curve,,,,,,,w_coord,,-17.122669493094364,1.0,,,tgo_mismatch,5.945371351768877
,,,coordination_curve,,,,,,,w_coord,,-17.196474102978396,1.0,,,tgo_mismatch,5.970997952423054
,,,coordination_curve,,,,,,,w_coord,,-17.27027871286242,1.0,,,tgo_mismatch,5.99662455307723
,,,coordination_curve,,,,,,,w_coord,,-17.34408332274645,1.0,,,tgo_mismatch,6.022251153731406
,,,coordination_curve,,,,,,,w_coord,,-17.417887932630475,1.0,,,tgo_mismatch,6.047877754385582
,,,coordination_curve,,,,,,,w_coord,,-17.491692542514503,1.0,,,tgo_mismatch,6.073504355039758
,,,coordination_curve,,,,,,,w_coord,,-17.56549715239853,1.0,,,tgo_mismatch,6.099130955693934
,,,coordination_curve,,,,,,,w_coord,,-17.639301762282557,1.0,,,tgo_mismatch,6.1247575563481105
,,,energy_curve,,,,,,,w_energy,,-0.0,1.0,,,control_effort,0.0
,,,energy_curve,,,,,,,w_energy,,-3.8328804585835507e-07,1.0,,,control_effort,0.007665760917167101
,,,energy_curve,,,,,,,w_energy,,-7.665760917167101e-07,1.0,,,control_effort,0.015331521834334201
,,,energy_curve,,,,,,,w_energy,,-1.1498641375750653e-06,1.0,,,control_effort,0.022997282751501303
,,,energy_curve,,,,,,,w_energy,,-1.5331521834334203e-06,1.0,,,control_effort,0.030663043668668403
,,,energy_curve,,,,,,,w_energy,,-1.9164402292917754e-06,1.0,,,control_effort,0.038328804585835506
,,,energy_curve,,,,,,,w_energy,,-2.2997282751501306e-06,1.0,,,control_effort,0.045994565503002606
,,,energy_curve,,,,,,,w_energy,,-2.6830163210084854e-06,1.0,,,control_effort,0.053660326420169706
,,,energy_curve,,,,,,,w_energy,,-3.0663043668668405e-06,1.0,,,control_effort,0.061326087337336806
,,,energy_curve,,,,,,,w_energy,,-3.4495924127251957e-06,1.0,,,control_effort,0.06899184825450391
,,,energy_curve,,,,,,,w_energy,,-3.832880458583551e-06,1.0,,,control_effort,0.07665760917167101
,,,energy_curve,,,,,,,w_energy,,-4.216168504441906e-06,1.0,,,control_effort,0.08432337008883811
,,,energy_curve,,,,,,,w_energy,,-4.599456550300261e-06,1.0,,,control_effort,0.09198913100600521
,,,energy_curve,,,,,,,w_energy,,-4.9827445961586155e-06,1.0,,,control_effort,0.09965489192317231
,,,energy_curve,,,,,,,w_energy,,-5.366032642016971e-06,1.0,,,control_effort,0.10732065284033941
,,,energy_curve,,,,,,,w_energy,,-5.749320687875326e-06,1.0,,,control_effort,0.11498641375750651
,,,energy_curve,,,,,,,w_energy,,-6.132608733733681e-06,1.0,,,control_effort,0.12265217467467361
,,,energy_curve,,,,,,,w_energy,,-6.515896779592036e-06,1.0,,,control_effort,0.1303179355918407
,,,energy_curve,,,,,,,w_energy,,-6.899184825450391e-06,1.0,,,control_effort,0.13798369650900782
,,,energy_curve,,,,,,,w_energy,,-7.282472871308746e-06,1.0,,,control_effort,0.1456494574261749
,,,energy_curve,,,,,,,w_energy,,-7.665760917167102e-06,1.0,,,control_effort,0.15331521834334202
,,,energy_curve,,,,,,,w_energy,,-8.049048963025456e-06,1.0,,,control_effort,0.1609809792605091
,,,energy_curve,,,,,,,w_energy,,-8.432337008883812e-06,1.0,,,control_effort,0.16864674017767622
,,,energy_curve,,,,,,,w_energy,,-8.815625054742166e-06,1.0,,,control_effort,0.1763125010948433
,,,energy_curve,,,,,,,w_energy,,-9.198913100600522e-06,1.0,,,control_effort,0.18397826201201042
,,,energy_curve,,,,,,,w_energy,,-9.582201146458877e-06,1.0,,,control_effort,0.1916440229291775
,,,energy_curve,,,,,,,w_energy,,-9.965489192317231e-06,1.0,,,control_effort,0.19930978384634462
,,,energy_curve,,,,,,,w_energy,,-1.0348777238175585e-05,1.0,,,control_effort,0.2069755447635117
,,,energy_curve,,,,,,,w_energy,,-1.0732065284033941e-05,1.0,,,control_effort,0.21464130568067882
,,,energy_curve,,,,,,,w_energy,,-1.1115353329892296e-05,1.0,,,control_effort,0.2223070665978459
,,,energy_curve,,,,,,,w_energy,,-1.1498641375750652e-05,1.0,,,control_effort,0.22997282751501302
,,,energy_curve,,,,,,,w_energy,,-1.1881929421609006e-05,1.0,,,control_effort,0.2376385884321801
,,,energy_curve,,,,,,,w_energy,,-1.2265217467467362e-05,1.0,,,control_effort,0.24530434934934722
,,,energy_curve,,,,,,,w_energy,,-1.2648505513325718e-05,1.0,,,control_effort,0.25297011026651434
,,,energy_curve,,,,,,,w_energy,,-1.3031793559184072e-05,1.0,,,control_effort,0.2606358711836814
,,,energy_curve,,,,,,,w_energy,,-1.3415081605042427e-05,1.0,,,control_effort,0.2683016321008485
,,,energy_curve,,,,,,,w_energy,,-1.3798369650900783e-05,1.0,,,control_effort,0.27596739301801565
,,,energy_curve,,,,,,,w_energy,,-1.4181657696759137e-05,1.0,,,control_effort,0.28363315393518274
,,,energy_curve,,,,,,,w_energy,,-1.4564945742617491e-05,1.0,,,control_effort,0.2912989148523498
,,,energy_curve,,,,,,,w_energy,,-1.4948233788475846e-05,1.0,,,control_effort,0.2989646757695169
,,,energy_curve,,,,,,,w_energy,,-1.5331521834334204e-05,1.0,,,control_effort,0.30663043668668405
,,,energy_curve,,,,,,,w_energy,,-1.5714809880192558e-05,1.0,,,control_effort,0.31429619760385114
,,,energy_curve,,,,,,,w_energy,,-1.6098097926050912e-05,1.0,,,control_effort,0.3219619585210182
,,,energy_curve,,,,,,,w_energy,,-1.6481385971909266e-05,1.0,,,control_effort,0.3296277194381853
,,,energy_curve,,,,,,,w_energy,,-1.6864674017767624e-05,1.0,,,control_effort,0.33729348035535245
,,,energy_curve,,,,,,,w_energy,,-1.724796206362598e-05,1.0,,,control_effort,0.34495924127251953
,,,energy_curve,,,,,,,w_energy,,-1.7631250109484333e-05,1.0,,,control_effort,0.3526250021896866
,,,energy_curve,,,,,,,w_energy,,-1.8014538155342687e-05,1.0,,,control_effort,0.3602907631068537
,,,energy_curve,,,,,,,w_energy,,-1.8397826201201045e-05,1.0,,,control_effort,0.36795652402402085
,,,energy_curve,,,,,,,w_energy,,-1.87811142470594e-05,1.0,,,control_effort,0.37562228494118793
,,,energy_curve,,,,,,,w_energy,,-1.9164402292917754e-05,1.0,,,control_effort,0.383288045858355
,,,energy_curve,,,,,,,w_energy,,-1.9547690338776108e-05,1.0,,,control_effort,0.39095380677552216
,,,energy_curve,,,,,,,w_energy,,-1.9930978384634462e-05,1.0,,,control_effort,0.39861956769268925
,,,energy_curve,,,,,,,w_energy,,-2.0314266430492817e-05,1.0,,,control_effort,0.40628532860985633
,,,energy_curve,,,,,,,w_energy,,-2.069755447635117e-05,1.0,,,control_effort,0.4139510895270234
,,,energy_curve,,,,,,,w_energy,,-2.108084252220953e-05,1.0,,,control_effort,0.42161685044419056
,,,energy_curve,,,,,,,w_energy,,-2.1464130568067883e-05,1.0,,,control_effort,0.42928261136135765
,,,energy_curve,,,,,,,w_energy,,-2.1847418613926237e-05,1.0,,,control_effort,0.43694837227852473
,,,energy_curve,,,,,,,w_energy,,-2.223070665978459e-05,1.0,,,control_effort,0.4446141331956918
,,,energy_curve,,,,,,,w_energy,,-2.261399470564295e-05,1.0,,,control_effort,0.45227989411285896
,,,energy_curve,,,,,,,w_energy,,-2.2997282751501304e-05,1.0,,,control_effort,0.45994565503002605
,,,energy_curve,,,,,,,w_energy,,-2.3380570797359658e-05,1.0,,,control_effort,0.46761141594719313
,,,energy_curve,,,,,,,w_energy,,-2.3763858843218012e-05,1.0,,,control_effort,0.4752771768643602
,,,energy_curve,,,,,,,w_energy,,-2.414714688907637e-05,1.0,,,control_effort,0.48294293778152736
,,,energy_curve,,,,,,,w_energy,,-2.4530434934934724e-05,1.0,,,control_effort,0.49060869869869445
,,,energy_curve,,,,,,,w_energy,,-2.491372298079308e-05,1.0,,,control_effort,0.49827445961586153
,,,energy_curve,,,,,,,w_energy,,-2.5297011026651436e-05,1.0,,,control_effort,0.5059402205330287
,,,energy_curve,,,,,,,w_energy,,-2.568029907250979e-05,1.0,,,control_effort,0.5136059814501958
,,,energy_curve,,,,,,,w_energy,,-2.6063587118368145e-05,1.0,,,control_effort,0.5212717423673628
,,,energy_curve,,,,,,,w_energy,,-2.64468751642265e-05,1.0,,,control_effort,0.5289375032845299
,,,energy_curve,,,,,,,w_energy,,-2.6830163210084854e-05,1.0,,,control_effort,0.536603264201697
,,,energy_curve,,,,,,,w_energy,,-2.7213451255943208e-05,1.0,,,control_effort,0.5442690251188641
,,,energy_curve,,,,,,,w_energy,,-2.7596739301801566e-05,1.0,,,control_effort,0.5519347860360313
,,,energy_curve,,,,,,,w_energy,,-2.798002734765992e-05,1.0,,,control_effort,0.5596005469531984
,,,energy_curve,,,,,,,w_energy,,-2.8363315393518274e-05,1.0,,,control_effort,0.5672663078703655
,,,energy_curve,,,,,,,w_energy,,-2.874660343937663e-05,1.0,,,control_effort,0.5749320687875326
,,,energy_curve,,,,,,,w_energy,,-2.9129891485234983e-05,1.0,,,control_effort,0.5825978297046996
,,,energy_curve,,,,,,,w_energy,,-2.9513179531093337e-05,1.0,,,control_effort,0.5902635906218667
,,,energy_curve,,,,,,,w_energy,,-2.989646757695169e-05,1.0,,,control_effort,0.5979293515390338
,,,energy_curve,,,,,,,w_energy,,-3.0279755622810046e-05,1.0,,,control_effort,0.6055951124562009
,,,energy_curve,,,,,,,w_energy,,-3.066304366866841e-05,1.0,,,control_effort,0.6132608733733681
,,,energy_curve,,,,,,,w_energy,,-3.104633171452676e-05,1.0,,,control_effort,0.6209266342905352
,,,energy_curve,,,,,,,w_energy,,-3.1429619760385116e-05,1.0,,,control_effort,0.6285923952077023
,,,energy_curve,,,,,,,w_energy,,-3.1812907806243467e-05,1.0,,,control_effort,0.6362581561248694
,,,energy_curve,,,,,,,w_energy,,-3.2196195852101824e-05,1.0,,,control_effort,0.6439239170420364
,,,energy_curve,,,,,,,w_energy,,-3.2579483897960175e-05,1.0,,,control_effort,0.6515896779592035
,,,energy_curve,,,,,,,w_energy,,-3.296277194381853e-05,1.0,,,control_effort,0.6592554388763706
,,,energy_curve,,,,,,,w_energy,,-3.334605998967689e-05,1.0,,,control_effort,0.6669211997935378
,,,energy_curve,,,,,,,w_energy,,-3.372934803553525e-05,1.0,,,control_effort,0.6745869607107049
,,,energy_curve,,,,,,,w_energy,,-3.41126360813936e-05,1.0,,,control_effort,0.682252721627872
,,,energy_curve,,,,,,,w_energy,,-3.449592412725196e-05,1.0,,,control_effort,0.6899184825450391
,,,energy_curve,,,,,,,w_energy,,-3.487921217311031e-05,1.0,,,control_effort,0.6975842434622062
,,,energy_curve,,,,,,,w_energy,,-3.5262500218968666e-05,1.0,,,control_effort,0.7052500043793732
,,,energy_curve,,,,,,,w_energy,,-3.564578826482702e-05,1.0,,,control_effort,0.7129157652965403
,,,energy_curve,,,,,,,w_energy,,-3.6029076310685374e-05,1.0,,,control_effort,0.7205815262137074
,,,energy_curve,,,,,,,w_energy,,-3.641236435654373e-05,1.0,,,control_effort,0.7282472871308746
,,,energy_curve,,,,,,,w_energy,,-3.679565240240209e-05,1.0,,,control_effort,0.7359130480480417
,,,energy_curve,,,,,,,w_energy,,-3.717894044826044e-05,1.0,,,control_effort,0.7435788089652088
,,,energy_curve,,,,,,,w_energy,,-3.75622284941188e-05,1.0,,,control_effort,0.7512445698823759
,,,energy_curve,,,,,,,w_energy,,-3.794551653997715e-05,1.0,,,control_effort,0.758910330799543
,,,energy_curve,,,,,,,w_energy,,-3.832880458583551e-05,1.0,,,control_effort,0.76657609171671
,,,energy_curve,,,,,,,w_energy,,-3.871209263169386e-05,1.0,,,control_effort,0.7742418526338771
,,,energy_curve,,,,,,,w_energy,,-3.9095380677552216e-05,1.0,,,control_effort,0.7819076135510443
,,,energy_curve,,,,,,,w_energy,,-3.9478668723410573e-05,1.0,,,control_effort,0.7895733744682114
,,,energy_curve,,,,,,,w_energy,,-3.9861956769268924e-05,1.0,,,control_effort,0.7972391353853785
,,,energy_curve,,,,,,,w_energy,,-4.024524481512728e-05,1.0,,,control_effort,0.8049048963025456
,,,energy_curve,,,,,,,w_energy,,-4.062853286098563e-05,1.0,,,control_effort,0.8125706572197127
,,,energy_curve,,,,,,,w_energy,,-4.101182090684399e-05,1.0,,,control_effort,0.8202364181368798
,,,energy_curve,,,,,,,w_energy,,-4.139510895270234e-05,1.0,,,control_effort,0.8279021790540468
,,,energy_curve,,,,,,,w_energy,,-4.17783969985607e-05,1.0,,,control_effort,0.8355679399712139
,,,energy_curve,,,,,,,w_energy,,-4.216168504441906e-05,1.0,,,control_effort,0.8432337008883811
,,,energy_curve,,,,,,,w_energy,,-4.2544973090277415e-05,1.0,,,control_effort,0.8508994618055482
,,,energy_curve,,,,,,,w_energy,,-4.2928261136135766e-05,1.0,,,control_effort,0.8585652227227153
,,,energy_curve,,,,,,,w_energy,,-4.3311549181994123e-05,1.0,,,control_effort,0.8662309836398824
,,,energy_curve,,,,,,,w_energy,,-4.3694837227852474e-05,1.0,,,control_effort,0.8738967445570495
,,,energy_curve,,,,,,,w_energy,,-4.407812527371083e-05,1.0,,,control_effort,0.8815625054742166
,,,energy_curve,,,,,,,w_energy,,-4.446141331956918e-05,1.0,,,control_effort,0.8892282663913836
,,,energy_curve,,,,,,,w_energy,,-4.484470136542754e-05,1.0,,,control_effort,0.8968940273085508
,,,energy_curve,,,,,,,w_energy,,-4.52279894112859e-05,1.0,,,control_effort,0.9045597882257179
,,,energy_curve,,,,,,,w_energy,,-4.561127745714425e-05,1.0,,,control_effort,0.912225549142885
,,,energy_curve,,,,,,,w_energy,,-4.599456550300261e-05,1.0,,,control_effort,0.9198913100600521
,,,energy_curve,,,,,,,w_energy,,-4.637785354886096e-05,1.0,,,control_effort,0.9275570709772192
,,,energy_curve,,,,,,,w_energy,,-4.6761141594719316e-05,1.0,,,control_effort,0.9352228318943863
,,,energy_curve,,,,,,,w_energy,,-4.714442964057767e-05,1.0,,,control_effort,0.9428885928115533
,,,energy_curve,,,,,,,w_energy,,-4.7527717686436024e-05,1.0,,,control_effort,0.9505543537287204
,,,energy_curve,,,,,,,w_energy,,-4.791100573229438e-05,1.0,,,control_effort,0.9582201146458876
,,,energy_curve,,,,,,,w_energy,,-4.829429377815274e-05,1.0,,,control_effort,0.9658858755630547
,,,energy_curve,,,,,,,w_energy,,-4.867758182401109e-05,1.0,,,control_effort,0.9735516364802218
,,,energy_curve,,,,,,,w_energy,,-4.906086986986945e-05,1.0,,,control_effort,0.9812173973973889
,,,energy_curve,,,,,,,w_energy,,-4.94441579157278e-05,1.0,,,control_effort,0.988883158314556
,,,energy_curve,,,,,,,w_energy,,-4.982744596158616e-05,1.0,,,control_effort,0.9965489192317231
,,,energy_curve,,,,,,,w_energy,,-5.0210734007444515e-05,1.0,,,control_effort,1.0042146801488903
,,,energy_curve,,,,,,,w_energy,,-5.059402205330287e-05,1.0,,,control_effort,1.0118804410660573
,,,energy_curve,,,,,,,w_energy,,-5.0977310099161224e-05,1.0,,,control_effort,1.0195462019832244
,,,energy_curve,,,,,,,w_energy,,-5.136059814501958e-05,1.0,,,control_effort,1.0272119629003915
,,,energy_curve,,,,,,,w_energy,,-5.174388619087793e-05,1.0,,,control_effort,1.0348777238175586
,,,energy_curve,,,,,,,w_energy,,-5.212717423673629e-05,1.0,,,control_effort,1.0425434847347257
,,,energy_curve,,,,,,,w_energy,,-5.251046228259464e-05,1.0,,,control_effort,1.0502092456518928
,,,energy_curve,,,,,,,w_energy,,-5.2893750328453e-05,1.0,,,control_effort,1.0578750065690599
,,,energy_curve,,,,,,,w_energy,,-5.327703837431135e-05,1.0,,,control_effort,1.065540767486227
,,,energy_curve,,,,,,,w_energy,,-5.366032642016971e-05,1.0,,,control_effort,1.073206528403394
,,,energy_curve,,,,,,,w_energy,,-5.404361446602806e-05,1.0,,,control_effort,1.0808722893205611
,,,energy_curve,,,,,,,w_energy,,-5.4426902511886416e-05,1.0,,,control_effort,1.0885380502377282
,,,energy_curve,,,,,,,w_energy,,-5.481019055774477e-05,1.0,,,control_effort,1.0962038111548953
,,,energy_curve,,,,,,,w_energy,,-5.519347860360313e-05,1.0,,,control_effort,1.1038695720720626
,,,energy_curve,,,,,,,w_energy,,-5.557676664946149e-05,1.0,,,control_effort,1.1115353329892297
,,,energy_curve,,,,,,,w_energy,,-5.596005469531984e-05,1.0,,,control_effort,1.1192010939063968
,,,energy_curve,,,,,,,w_energy,,-5.63433427411782e-05,1.0,,,control_effort,1.1268668548235639
,,,energy_curve,,,,,,,w_energy,,-5.672663078703655e-05,1.0,,,control_effort,1.134532615740731
,,,energy_curve,,,,,,,w_energy,,-5.7109918832894906e-05,1.0,,,control_effort,1.142198376657898
,,,energy_curve,,,,,,,w_energy,,-5.749320687875326e-05,1.0,,,control_effort,1.1498641375750651
,,,energy_curve,,,,,,,w_energy,,-5.7876494924611615e-05,1.0,,,control_effort,1.1575298984922322
,,,energy_curve,,,,,,,w_energy,,-5.8259782970469966e-05,1.0,,,control_effort,1.1651956594093993
,,,energy_curve,,,,,,,w_energy,,-5.8643071016328324e-05,1.0,,,control_effort,1.1728614203265664
,,,energy_curve,,,,,,,w_energy,,-5.9026359062186675e-05,1.0,,,control_effort,1.1805271812437335
,,,energy_curve,,,,,,,w_energy,,-5.940964710804503e-05,1.0,,,control_effort,1.1881929421609005
,,,energy_curve,,,,,,,w_energy,,-5.979293515390338e-05,1.0,,,control_effort,1.1958587030780676
,,,energy_curve,,,,,,,w_energy,,-6.017622319976174e-05,1.0,,,control_effort,1.2035244639952347
,,,energy_curve,,,,,,,w_energy,,-6.055951124562009e-05,1.0,,,control_effort,1.2111902249124018
,,,energy_curve,,,,,,,w_energy,,-6.0942799291478456e-05,1.0,,,control_effort,1.218855985829569
,,,energy_curve,,,,,,,w_energy,,-6.132608733733681e-05,1.0,,,control_effort,1.2265217467467362
,,,energy_curve,,,,,,,w_energy,,-6.170937538319516e-05,1.0,,,control_effort,1.2341875076639033
,,,energy_curve,,,,,,,w_energy,,-6.209266342905352e-05,1.0,,,control_effort,1.2418532685810704
,,,energy_curve,,,,,,,w_energy,,-6.247595147491188e-05,1.0,,,control_effort,1.2495190294982375
,,,energy_curve,,,,,,,w_energy,,-6.285923952077023e-05,1.0,,,control_effort,1.2571847904154045
,,,energy_curve,,,,,,,w_energy,,-6.324252756662858e-05,1.0,,,control_effort,1.2648505513325716
,,,energy_curve,,,,,,,w_energy,,-6.362581561248693e-05,1.0,,,control_effort,1.2725163122497387
,,,energy_curve,,,,,,,w_energy,,-6.40091036583453e-05,1.0,,,control_effort,1.2801820731669058
,,,energy_curve,,,,,,,w_energy,,-6.439239170420365e-05,1.0,,,control_effort,1.2878478340840729
,,,energy_curve,,,,,,,w_energy,,-6.4775679750062e-05,1.0,,,control_effort,1.29551359500124
,,,energy_curve,,,,,,,w_energy,,-6.515896779592035e-05,1.0,,,control_effort,1.303179355918407
,,,energy_curve,,,,,,,w_energy,,-6.554225584177871e-05,1.0,,,control_effort,1.3108451168355741
,,,energy_curve,,,,,,,w_energy,,-6.592554388763707e-05,1.0,,,control_effort,1.3185108777527412
,,,energy_curve,,,,,,,w_energy,,-6.630883193349542e-05,1.0,,,control_effort,1.3261766386699083
,,,energy_curve,,,,,,,w_energy,,-6.669211997935378e-05,1.0,,,control_effort,1.3338423995870756
,,,energy_curve,,,,,,,w_energy,,-6.707540802521213e-05,1.0,,,control_effort,1.3415081605042427
,,,energy_curve,,,,,,,w_energy,,-6.74586960710705e-05,1.0,,,control_effort,1.3491739214214098
,,,energy_curve,,,,,,,w_energy,,-6.784198411692885e-05,1.0,,,control_effort,1.3568396823385769
,,,energy_curve,,,,,,,w_energy,,-6.82252721627872e-05,1.0,,,control_effort,1.364505443255744
,,,energy_curve,,,,,,,w_energy,,-6.860856020864555e-05,1.0,,,control_effort,1.372171204172911
,,,energy_curve,,,,,,,w_energy,,-6.899184825450391e-05,1.0,,,control_effort,1.3798369650900781
,,,energy_curve,,,,,,,w_energy,,-6.937513630036227e-05,1.0,,,control_effort,1.3875027260072452
,,,energy_curve,,,,,,,w_energy,,-6.975842434622062e-05,1.0,,,control_effort,1.3951684869244123
,,,energy_curve,,,,,,,w_energy,,-7.014171239207897e-05,1.0,,,control_effort,1.4028342478415794
,,,energy_curve,,,,,,,w_energy,,-7.052500043793733e-05,1.0,,,control_effort,1.4105000087587465
,,,energy_curve,,,,,,,w_energy,,-7.090828848379568e-05,1.0,,,control_effort,1.4181657696759136
,,,energy_curve,,,,,,,w_energy,,-7.129157652965403e-05,1.0,,,control_effort,1.4258315305930807
,,,energy_curve,,,,,,,w_energy,,-7.167486457551238e-05,1.0,,,control_effort,1.4334972915102477
,,,energy_curve,,,,,,,w_energy,,-7.205815262137075e-05,1.0,,,control_effort,1.4411630524274148
,,,energy_curve,,,,,,,w_energy,,-7.244144066722911e-05,1.0,,,control_effort,1.4488288133445821
,,,energy_curve,,,,,,,w_energy,,-7.282472871308746e-05,1.0,,,control_effort,1.4564945742617492
,,,energy_curve,,,,,,,w_energy,,-7.320801675894582e-05,1.0,,,control_effort,1.4641603351789163
,,,energy_curve,,,,,,,w_energy,,-7.359130480480418e-05,1.0,,,control_effort,1.4718260960960834
,,,energy_curve,,,,,,,w_energy,,-7.397459285066253e-05,1.0,,,control_effort,1.4794918570132505
,,,energy_curve,,,,,,,w_energy,,-7.435788089652088e-05,1.0,,,control_effort,1.4871576179304176
,,,energy_curve,,,,,,,w_energy,,-7.474116894237923e-05,1.0,,,control_effort,1.4948233788475846
,,,energy_curve,,,,,,,w_energy,,-7.51244569882376e-05,1.0,,,control_effort,1.5024891397647517
,,,energy_curve,,,,,,,w_energy,,-7.550774503409595e-05,1.0,,,control_effort,1.5101549006819188
,,,energy_curve,,,,,,,w_energy,,-7.58910330799543e-05,1.0,,,control_effort,1.517820661599086
,,,energy_curve,,,,,,,w_energy,,-7.627432112581265e-05,1.0,,,control_effort,1.525486422516253
,,,energy_curve,,,,,,,w_energy,,-7.665760917167101e-05,1.0,,,control_effort,1.53315218343342
,,,energy_curve,,,,,,,w_energy,,-7.704089721752937e-05,1.0,,,control_effort,1.5408179443505872
,,,energy_curve,,,,,,,w_energy,,-7.742418526338772e-05,1.0,,,control_effort,1.5484837052677543
,,,energy_curve,,,,,,,w_energy,,-7.780747330924607e-05,1.0,,,control_effort,1.5561494661849213
,,,energy_curve,,,,,,,w_energy,,-7.819076135510443e-05,1.0,,,control_effort,1.5638152271020886
,,,energy_curve,,,,,,,w_energy,,-7.85740494009628e-05,1.0,,,control_effort,1.5714809880192557
,,,energy_curve,,,,,,,w_energy,,-7.895733744682115e-05,1.0,,,control_effort,1.5791467489364228
,,,energy_curve,,,,,,,w_energy,,-7.93406254926795e-05,1.0,,,control_effort,1.58681250985359
,,,energy_curve,,,,,,,w_energy,,-7.972391353853785e-05,1.0,,,control_effort,1.594478270770757
,,,energy_curve,,,,,,,w_energy,,-8.010720158439621e-05,1.0,,,control_effort,1.602144031687924
,,,energy_curve,,,,,,,w_energy,,-8.049048963025456e-05,1.0,,,control_effort,1.6098097926050912
,,,energy_curve,,,,,,,w_energy,,-8.087377767611292e-05,1.0,,,control_effort,1.6174755535222582
,,,energy_curve,,,,,,,w_energy,,-8.125706572197127e-05,1.0,,,control_effort,1.6251413144394253
,,,energy_curve,,,,,,,w_energy,,-8.164035376782963e-05,1.0,,,control_effort,1.6328070753565924
,,,energy_curve,,,,,,,w_energy,,-8.202364181368798e-05,1.0,,,control_effort,1.6404728362737595
,,,energy_curve,,,,,,,w_energy,,-8.240692985954633e-05,1.0,,,control_effort,1.6481385971909266
,,,energy_curve,,,,,,,w_energy,,-8.279021790540468e-05,1.0,,,control_effort,1.6558043581080937
,,,energy_curve,,,,,,,w_energy,,-8.317350595126305e-05,1.0,,,control_effort,1.6634701190252608
,,,energy_curve,,,,,,,w_energy,,-8.35567939971214e-05,1.0,,,control_effort,1.6711358799424278
,,,energy_curve,,,,,,,w_energy,,-8.394008204297976e-05,1.0,,,control_effort,1.6788016408595952
,,,energy_curve,,,,,,,w_energy,,-8.432337008883811e-05,1.0,,,control_effort,1.6864674017767622
,,,energy_curve,,,,,,,w_energy,,-8.470665813469647e-05,1.0,,,control_effort,1.6941331626939293
,,,energy_curve,,,,,,,w_energy,,-8.508994618055483e-05,1.0,,,control_effort,1.7017989236110964
,,,energy_curve,,,,,,,w_energy,,-8.547323422641318e-05,1.0,,,control_effort,1.7094646845282635
,,,energy_curve,,,,,,,w_energy,,-8.585652227227153e-05,1.0,,,control_effort,1.7171304454454306
,,,energy_curve,,,,,,,w_energy,,-8.623981031812988e-05,1.0,,,control_effort,1.7247962063625977
,,,energy_curve,,,,,,,w_energy,,-8.662309836398825e-05,1.0,,,control_effort,1.7324619672797648
,,,energy_curve,,,,,,,w_energy,,-8.70063864098466e-05,1.0,,,control_effort,1.7401277281969318
,,,energy_curve,,,,,,,w_energy,,-8.738967445570495e-05,1.0,,,control_effort,1.747793489114099
,,,energy_curve,,,,,,,w_energy,,-8.77729625015633e-05,1.0,,,control_effort,1.755459250031266
,,,energy_curve,,,,,,,w_energy,,-8.815625054742166e-05,1.0,,,control_effort,1.763125010948433
,,,energy_curve,,,,,,,w_energy,,-8.853953859328002e-05,1.0,,,control_effort,1.7707907718656002
,,,energy_curve,,,,,,,w_energy,,-8.892282663913837e-05,1.0,,,control_effort,1.7784565327827673
,,,energy_curve,,,,,,,w_energy,,-8.930611468499672e-05,1.0,,,control_effort,1.7861222936999344
,,,energy_curve,,,,,,,w_energy,,-8.968940273085508e-05,1.0,,,control_effort,1.7937880546171017
,,,energy_curve,,,,,,,w_energy,,-9.007269077671345e-05,1.0,,,control_effort,1.8014538155342688
,,,energy_curve,,,,,,,w_energy,,-9.04559788225718e-05,1.0,,,control_effort,1.8091195764514358
,,,energy_curve,,,,,,,w_energy,,-9.083926686843015e-05,1.0,,,control_effort,1.816785337368603
,,,energy_curve,,,,,,,w_energy,,-9.12225549142885e-05,1.0,,,control_effort,1.82445109828577
,,,energy_curve,,,,,,,w_energy,,-9.160584296014686e-05,1.0,,,control_effort,1.832116859202937
,,,distance_curve,,,,,,,alpha_dist,,4.0,1.25,,,distance,0.0
,,,distance_curve,,,,,,,alpha_dist,,3.991375771350172,1.25,,,distance,8.633539199929952
,,,distance_curve,,,,,,,alpha_dist,,3.9827701370302946,1.25,,,distance,17.267078399859905
,,,distance_curve,,,,,,,alpha_dist,,3.97418305694993,1.25,,,distance,25.900617599789857
,,,distance_curve,,,,,,,alpha_dist,,3.965614491105078,1.25,,,distance,34.53415679971981
,,,distance_curve,,,,,,,alpha_dist,,3.957064399577987,1.25,,,distance,43.167695999649766
,,,distance_curve,,,,,,,alpha_dist,,3.948532742536973,1.25,,,distance,51.801235199579715
,,,distance_curve,,,,,,,alpha_dist,,3.94001948023623,1.25,,,distance,60.434774399509664
,,,distance_curve,,,,,,,alpha_dist,,3.931524573015646,1.25,,,distance,69.06831359943962
,,,distance_curve,,,,,,,alpha_dist,,3.92304798130062,1.25,,,distance,77.70185279936958
,,,distance_curve,,,,,,,alpha_dist,,3.914589665601874,1.25,,,distance,86.33539199929953
,,,distance_curve,,,,,,,alpha_dist,,3.9061495865152724,1.25,,,distance,94.96893119922947
,,,distance_curve,,,,,,,alpha_dist,,3.8977277047216377,1.25,,,distance,103.60247039915943
,,,distance_curve,,,,,,,alpha_dist,,3.889323980986565,1.25,,,distance,112.23600959908939
,,,distance_curve,,,,,,,alpha_dist,,3.880938376160243,1.25,,,distance,120.86954879901933
,,,distance_curve,,,,,,,alpha_dist,,3.872570851177268,1.25,,,distance,129.5030879989493
,,,distance_curve,,,,,,,alpha_dist,,3.864221367056465,1.25,,,distance,138.13662719887924
,,,distance_curve,,,,,,,alpha_dist,,3.855889884900703,1.25,,,distance,146.77016639880918
,,,distance_curve,,,,,,,alpha_dist,,3.847576365896717,1.25,,,distance,155.40370559873915
,,,distance_curve,,,,,,,alpha_dist,,3.839280771314925,1.25,,,distance,164.0372447986691
,,,distance_curve,,,,,,,alpha_dist,,3.8310030625092475,1.25,,,distance,172.67078399859906
,,,distance_curve,,,,,,,alpha_dist,,3.8227432009169293,1.25,,,distance,181.304323198529
,,,distance_curve,,,,,,,alpha_dist,,3.8145011480583584,1.25,,,distance,189.93786239845895
,,,distance_curve,,,,,,,alpha_dist,,3.8062768655368866,1.25,,,distance,198.57140159838892
,,,distance_curve,,,,,,,alpha_dist,,3.7980703150386512,1.25,,,distance,207.20494079831886
,,,distance_curve,,,,,,,alpha_dist,,3.7898814583323963,1.25,,,distance,215.8384799982488
,,,distance_curve,,,,,,,alpha_dist,,3.7817102572692955,1.25,,,distance,224.47201919817877
,,,distance_curve,,,,,,,alpha_dist,,3.773556673782773,1.25,,,distance,233.1055583981087
,,,distance_curve,,,,,,,alpha_dist,,3.7654206698883255,1.25,,,distance,241.73909759803865
,,,distance_curve,,,,,,,alpha_dist,,3.757302207683349,1.25,,,distance,250.37263679796862
,,,distance_curve,,,,,,,alpha_dist,,3.7492012493469575,1.25,,,distance,259.0061759978986
,,,distance_curve,,,,,,,alpha_dist,,3.74111775713981,1.25,,,distance,267.63971519782854
,,,distance_curve,,,,,,,alpha_dist,,3.7330516934039335,1.25,,,distance,276.2732543977585
,,,distance_curve,,,,,,,alpha_dist,,3.7250030205625473,1.25,,,distance,284.9067935976884
,,,distance_curve,,,,,,,alpha_dist,,3.7169717011198893,1.25,,,distance,293.54033279761836
,,,distance_curve,,,,,,,alpha_dist,,3.7089576976610394,1.25,,,distance,302.17387199754836
,,,distance_curve,,,,,,,alpha_dist,,3.700960972851747,1.25,,,distance,310.8074111974783
,,,distance_curve,,,,,,,alpha_dist,,3.6929814894382558,1.25,,,distance,319.44095039740824
,,,distance_curve,,,,,,,alpha_dist,,3.6850192102471313,1.25,,,distance,328.0744895973382
,,,distance_curve,,,,,,,alpha_dist,,3.677074098185086,1.25,,,distance,336.7080287972681
,,,distance_curve,,,,,,,alpha_dist,,3.6691461162388084,1.25,,,distance,345.3415679971981
,,,distance_curve,,,,,,,alpha_dist,,3.66123522747479,1.25,,,distance,353.97510719712807
,,,distance_curve,,,,,,,alpha_dist,,3.653341395039153,1.25,,,distance,362.608646397058
,,,distance_curve,,,,,,,alpha_dist,,3.645464582157478,1.25,,,distance,371.24218559698795
,,,distance_curve,,,,,,,alpha_dist,,3.6376047521346337,1.25,,,distance,379.8757247969179
,,,distance_curve,,,,,,,alpha_dist,,3.6297618683546062,1.25,,,distance,388.50926399684784
,,,distance_curve,,,,,,,alpha_dist,,3.6219358942803264,1.25,,,distance,397.14280319677783
,,,distance_curve,,,,,,,alpha_dist,,3.614126793453503,1.25,,,distance,405.7763423967078
,,,distance_curve,,,,,,,alpha_dist,,3.6063345294944495,1.25,,,distance,414.4098815966377
,,,distance_curve,,,,,,,alpha_dist,,3.5985590661019167,1.25,,,distance,423.04342079656766
,,,distance_curve,,,,,,,alpha_dist,,3.590800367052923,1.25,,,distance,431.6769599964976
,,,distance_curve,,,,,,,alpha_dist,,3.583058396202585,1.25,,,distance,440.3104991964276
,,,distance_curve,,,,,,,alpha_dist,,3.57533311748395,1.25,,,distance,448.94403839635754
,,,distance_curve,,,,,,,alpha_dist,,3.5676244949078293,1.25,,,distance,457.5775775962875
,,,distance_curve,,,,,,,alpha_dist,,3.5599324925626257,1.25,,,distance,466.2111167962174
,,,distance_curve,,,,,,,alpha_dist,,3.5522570746141726,1.25,,,distance,474.84465599614737
,,,distance_curve,,,,,,,alpha_dist,,3.5445982053055616,1.25,,,distance,483.4781951960773
,,,distance_curve,,,,,,,alpha_dist,,3.53695584895698,1.25,,,distance,492.1117343960073
,,,distance_curve,,,,,,,alpha_dist,,3.5293299699655423,1.25,,,distance,500.74527359593725
,,,distance_curve,,,,,,,alpha_dist,,3.5217205328051233,1.25,,,distance,509.3788127958672
,,,distance_curve,,,,,,,alpha_dist,,3.514127502026197,1.25,,,distance,518.0123519957972
,,,distance_curve,,,,,,,alpha_dist,,3.506550842255666,1.25,,,distance,526.6458911957271
,,,distance_curve,,,,,,,alpha_dist,,3.4989905181967007,1.25,,,distance,535.2794303956571
,,,distance_curve,,,,,,,alpha_dist,,3.491446494628573,1.25,,,distance,543.912969595587
,,,distance_curve,,,,,,,alpha_dist,,3.4839187364064936,1.25,,,distance,552.546508795517
,,,distance_curve,,,,,,,alpha_dist,,3.476407208461446,1.25,,,distance,561.1800479954469
,,,distance_curve,,,,,,,alpha_dist,,3.4689118758000252,1.25,,,distance,569.8135871953768
,,,distance_curve,,,,,,,alpha_dist,,3.4614327035042742,1.25,,,distance,578.4471263953068
,,,distance_curve,,,,,,,alpha_dist,,3.4539696567315206,1.25,,,distance,587.0806655952367
,,,distance_curve,,,,,,,alpha_dist,,3.4465227007142154,1.25,,,distance,595.7142047951667
,,,distance_curve,,,,,,,alpha_dist,,3.4390918007597695,1.25,,,distance,604.3477439950967
,,,distance_curve,,,,,,,alpha_dist,,3.431676922250394,1.25,,,distance,612.9812831950267
,,,distance_curve,,,,,,,alpha_dist,,3.4242780306429372,1.25,,,distance,621.6148223949566
,,,distance_curve,,,,,,,alpha_dist,,3.4168950914687253,1.25,,,distance,630.2483615948865
,,,distance_curve,,,,,,,alpha_dist,,3.4095280703333994,1.25,,,distance,638.8819007948165
,,,distance_curve,,,,,,,alpha_dist,,3.402176932916759,1.25,,,distance,647.5154399947464
,,,distance_curve,,,,,,,alpha_dist,,3.3948416449725975,1.25,,,distance,656.1489791946764
,,,distance_curve,,,,,,,alpha_dist,,3.3875221723285467,1.25,,,distance,664.7825183946063
,,,distance_curve,,,,,,,alpha_dist,,3.3802184808859157,1.25,,,distance,673.4160575945363
,,,distance_curve,,,,,,,alpha_dist,,3.3729305366195317,1.25,,,distance,682.0495967944662
,,,distance_curve,,,,,,,alpha_dist,,3.365658305577583,1.25,,,distance,690.6831359943963
,,,distance_curve,,,,,,,alpha_dist,,3.3584017538814592,1.25,,,distance,699.3166751943262
,,,distance_curve,,,,,,,alpha_dist,,3.3511608477255947,1.25,,,distance,707.9502143942561
,,,distance_curve,,,,,,,alpha_dist,,3.3439355533773103,1.25,,,distance,716.5837535941861
,,,distance_curve,,,,,,,alpha_dist,,3.3367258371766564,1.25,,,distance,725.217292794116
,,,distance_curve,,,,,,,alpha_dist,,3.329531665536256,1.25,,,distance,733.850831994046
,,,distance_curve,,,,,,,alpha_dist,,3.322353004941149,1.25,,,distance,742.4843711939759
,,,distance_curve,,,,,,,alpha_dist,,3.3151898219486347,1.25,,,distance,751.1179103939058
,,,distance_curve,,,,,,,alpha_dist,,3.3080420831881177,1.25,,,distance,759.7514495938358
,,,distance_curve,,,,,,,alpha_dist,,3.3009097553609505,1.25,,,distance,768.3849887937657
,,,distance_curve,,,,,,,alpha_dist,,3.29379280524028,1.25,,,distance,777.0185279936957
,,,distance_curve,,,,,,,alpha_dist,,3.286691199670892,1.25,,,distance,785.6520671936257
,,,distance_curve,,,,,,,alpha_dist,,3.279604905569057,1.25,,,distance,794.2856063935557
,,,distance_curve,,,,,,,alpha_dist,,3.2725338899223755,1.25,,,distance,802.9191455934856
,,,distance_curve,,,,,,,alpha_dist,,3.2654781197896248,1.25,,,distance,811.5526847934156
,,,distance_curve,,,,,,,alpha_dist,,3.2584375623006054,1.25,,,distance,820.1862239933455
,,,distance_curve,,,,,,,alpha_dist,,3.251412184655988,1.25,,,distance,828.8197631932754
,,,distance_curve,,,,,,,alpha_dist,,3.2444019541271603,1.25,,,distance,837.4533023932054
,,,distance_curve,,,,,,,alpha_dist,,3.2374068380560748,1.25,,,distance,846.0868415931353
,,,distance_curve,,,,,,,alpha_dist,,3.2304268038550967,1.25,,,distance,854.7203807930653
,,,distance_curve,,,,,,,alpha_dist,,3.2234618190068516,1.25,,,distance,863.3539199929952
,,,distance_curve,,,,,,,alpha_dist,,3.216511851064075,1.25,,,distance,871.9874591929251
,,,distance_curve,,,,,,,alpha_dist,,3.20957686764946,1.25,,,distance,880.6209983928552
,,,distance_curve,,,,,,,alpha_dist,,3.2026568364555077,1.25,,,distance,889.2545375927851
,,,distance_curve,,,,,,,alpha_dist,,3.1957517252443757,1.25,,,distance,897.8880767927151
,,,distance_curve,,,,,,,alpha_dist,,3.188861501847728,1.25,,,distance,906.521615992645
,,,distance_curve,,,,,,,alpha_dist,,3.1819861341665856,1.25,,,distance,915.155155192575
,,,distance_curve,,,,,,,alpha_dist,,3.175125590171177,1.25,,,distance,923.7886943925049
,,,distance_curve,,,,,,,alpha_dist,,3.1682798379007875,1.25,,,distance,932.4222335924348
,,,distance_curve,,,,,,,alpha_dist,,3.161448845463613,1.25,,,distance,941.0557727923648
,,,distance_curve,,,,,,,alpha_dist,,3.15463258103661,1.25,,,distance,949.6893119922947
,,,distance_curve,,,,,,,alpha_dist,,3.1478310128653453,1.25,,,distance,958.3228511922247
,,,distance_curve,,,,,,,alpha_dist,,3.1410441092638526,1.25,,,distance,966.9563903921546
,,,distance_curve,,,,,,,alpha_dist,,3.1342718386144806,1.25,,,distance,975.5899295920847
,,,distance_curve,,,,,,,alpha_dist,,3.127514169367748,1.25,,,distance,984.2234687920146
,,,distance_curve,,,,,,,alpha_dist,,3.120771070042197,1.25,,,distance,992.8570079919446
,,,distance_curve,,,,,,,alpha_dist,,3.1140425092242436,1.25,,,distance,1001.4905471918745
,,,distance_curve,,,,,,,alpha_dist,,3.1073284555680347,1.25,,,distance,1010.1240863918044
,,,distance_curve,,,,,,,alpha_dist,,3.100628877795301,1.25,,,distance,1018.7576255917344
,,,distance_curve,,,,,,,alpha_dist,,3.093943744695209,1.25,,,distance,1027.3911647916643
,,,distance_curve,,,,,,,alpha_dist,,3.0872730251242193,1.25,,,distance,1036.0247039915944
,,,distance_curve,,,,,,,alpha_dist,,3.08061668800594,1.25,,,distance,1044.6582431915242
,,,distance_curve,,,,,,,alpha_dist,,3.07397470233098,1.25,,,distance,1053.2917823914543
,,,distance_curve,,,,,,,alpha_dist,,3.0673470371568072,1.25,,,distance,1061.925321591384
,,,distance_curve,,,,,,,alpha_dist,,3.0607336616076037,1.25,,,distance,1070.5588607913141
,,,distance_curve,,,,,,,alpha_dist,,3.0541345448741213,1.25,,,distance,1079.192399991244
,,,distance_curve,,,,,,,alpha_dist,,3.047549656213538,1.25,,,distance,1087.825939191174
,,,distance_curve,,,,,,,alpha_dist,,3.040978964949315,1.25,,,distance,1096.4594783911039
,,,distance_curve,,,,,,,alpha_dist,,3.034422440471055,1.25,,,distance,1105.093017591034
,,,distance_curve,,,,,,,alpha_dist,,3.0278800522343565,1.25,,,distance,1113.726556790964
,,,distance_curve,,,,,,,alpha_dist,,3.0213517697606758,1.25,,,distance,1122.3600959908938
,,,distance_curve,,,,,,,alpha_dist,,3.014837562637181,1.25,,,distance,1130.9936351908239
,,,distance_curve,,,,,,,alpha_dist,,3.0083374005166124,1.25,,,distance,1139.6271743907537
,,,distance_curve,,,,,,,alpha_dist,,3.0018512531171413,1.25,,,distance,1148.2607135906837
,,,distance_curve,,,,,,,alpha_dist,,2.9953790902222273,1.25,,,distance,1156.8942527906136
,,,distance_curve,,,,,,,alpha_dist,,2.9889208816804795,1.25,,,distance,1165.5277919905436
,,,distance_curve,,,,,,,alpha_dist,,2.982476597405515,1.25,,,distance,1174.1613311904734
,,,distance_curve,,,,,,,alpha_dist,,2.976046207375818,1.25,,,distance,1182.7948703904035
,,,distance_curve,,,,,,,alpha_dist,,2.969629681634602,1.25,,,distance,1191.4284095903333
,,,distance_curve,,,,,,,alpha_dist,,2.9632269902896686,1.25,,,distance,1200.0619487902634
,,,distance_curve,,,,,,,alpha_dist,,2.9568381035132685,1.25,,,distance,1208.6954879901934
,,,distance_curve,,,,,,,alpha_dist,,2.9504629915419627,1.25,,,distance,1217.3290271901233
,,,distance_curve,,,,,,,alpha_dist,,2.944101624676484,1.25,,,distance,1225.9625663900533
,,,distance_curve,,,,,,,alpha_dist,,2.9377539732815987,1.25,,,distance,1234.5961055899832
,,,distance_curve,,,,,,,alpha_dist,,2.9314200077859685,1.25,,,distance,1243.2296447899132
,,,distance_curve,,,,,,,alpha_dist,,2.9250996986820117,1.25,,,distance,1251.863183989843
,,,distance_curve,,,,,,,alpha_dist,,2.918793016525767,1.25,,,distance,1260.496723189773
,,,distance_curve,,,,,,,alpha_dist,,2.912499931936757,1.25,,,distance,1269.130262389703
,,,distance_curve,,,,,,,alpha_dist,,2.906220415597849,1.25,,,distance,1277.763801589633
,,,distance_curve,,,,,,,alpha_dist,,2.8999544382551203,1.25,,,distance,1286.3973407895628
,,,distance_curve,,,,,,,alpha_dist,,2.893701970717721,1.25,,,distance,1295.0308799894929
,,,distance_curve,,,,,,,alpha_dist,,2.887462983857739,1.25,,,distance,1303.664419189423
,,,distance_curve,,,,,,,alpha_dist,,2.881237448610063,1.25,,,distance,1312.2979583893527
,,,distance_curve,,,,,,,alpha_dist,,2.8750253359722477,1.25,,,distance,1320.9314975892828
,,,distance_curve,,,,,,,alpha_dist,,2.868826617004379,1.25,,,distance,1329.5650367892126
,,,distance_curve,,,,,,,alpha_dist,,2.8626412628289395,1.25,,,distance,1338.1985759891427
,,,distance_curve,,,,,,,alpha_dist,,2.856469244630672,1.25,,,distance,1346.8321151890725
,,,distance_curve,,,,,,,alpha_dist,,2.8503105336564474,1.25,,,distance,1355.4656543890026
,,,distance_curve,,,,,,,alpha_dist,,2.8441651012151308,1.25,,,distance,1364.0991935889324
,,,distance_curve,,,,,,,alpha_dist,,2.8380329186774453,1.25,,,distance,1372.7327327888624
,,,distance_curve,,,,,,,alpha_dist,,2.831913957475842,1.25,,,distance,1381.3662719887925
,,,distance_curve,,,,,,,alpha_dist,,2.825808189104364,1.25,,,distance,1389.9998111887223
,,,distance_curve,,,,,,,alpha_dist,,2.8197155851185154,1.25,,,distance,1398.6333503886524
,,,distance_curve,,,,,,,alpha_dist,,2.813636117135129,1.25,,,distance,1407.2668895885822
,,,distance_curve,,,,,,,alpha_dist,,2.8075697568322315,1.25,,,distance,1415.9004287885123
,,,distance_curve,,,,,,,alpha_dist,,2.8015164759489157,1.25,,,distance,1424.533967988442
,,,distance_curve,,,,,,,alpha_dist,,2.7954762462852045,1.25,,,distance,1433.1675071883722
,,,distance_curve,,,,,,,alpha_dist,,2.789449039701923,1.25,,,distance,1441.801046388302
,,,distance_curve,,,,,,,alpha_dist,,2.7834348281205643,1.25,,,distance,1450.434585588232
,,,distance_curve,,,,,,,alpha_dist,,2.777433583523163,1.25,,,distance,1459.0681247881619
,,,distance_curve,,,,,,,alpha_dist,,2.7714452779521586,1.25,,,distance,1467.701663988092
,,,distance_curve,,,,,,,alpha_dist,,2.765469883510272,1.25,,,distance,1476.335203188022
,,,distance_curve,,,,,,,alpha_dist,,2.7595073723603702,1.25,,,distance,1484.9687423879518
,,,distance_curve,,,,,,,alpha_dist,,2.7535577167253398,1.25,,,distance,1493.6022815878819
,,,distance_curve,,,,,,,alpha_dist,,2.747620888887955,1.25,,,distance,1502.2358207878117
,,,distance_curve,,,,,,,alpha_dist,,2.7416968611907513,1.25,,,distance,1510.8693599877417
,,,distance_curve,,,,,,,alpha_dist,,2.735785606035895,1.25,,,distance,1519.5028991876716
,,,distance_curve,,,,,,,alpha_dist,,2.7298870958850543,1.25,,,distance,1528.1364383876016
,,,distance_curve,,,,,,,alpha_dist,,2.7240013032592727,1.25,,,distance,1536.7699775875315
,,,distance_curve,,,,,,,alpha_dist,,2.7181282007388377,1.25,,,distance,1545.4035167874615
,,,distance_curve,,,,,,,alpha_dist,,2.7122677609631585,1.25,,,distance,1554.0370559873913
,,,distance_curve,,,,,,,alpha_dist,,2.7064199566306324,1.25,,,distance,1562.6705951873214
,,,distance_curve,,,,,,,alpha_dist,,2.700584760498522,1.25,,,distance,1571.3041343872515
,,,distance_curve,,,,,,,alpha_dist,,2.694762145382827,1.25,,,distance,1579.9376735871813
,,,distance_curve,,,,,,,alpha_dist,,2.688952084158156,1.25,,,distance,1588.5712127871113
,,,distance_curve,,,,,,,alpha_dist,,2.683154549757603,1.25,,,distance,1597.2047519870412
,,,distance_curve,,,,,,,alpha_dist,,2.6773695151726185,1.25,,,distance,1605.8382911869712
,,,distance_curve,,,,,,,alpha_dist,,2.6715969534528865,1.25,,,distance,1614.471830386901
,,,distance_curve,,,,,,,alpha_dist,,2.665836837706196,1.25,,,distance,1623.105369586831
,,,distance_curve,,,,,,,alpha_dist,,2.6600891410983176,1.25,,,distance,1631.738908786761
,,,distance_curve,,,,,,,alpha_dist,,2.654353836852878,1.25,,,distance,1640.372447986691
,,,distance_curve,,,,,,,alpha_dist,,2.6486308982512363,1.25,,,distance,1649.0059871866208
,,,distance_curve,,,,,,,alpha_dist,,2.6429202986323563,1.25,,,distance,1657.6395263865509
,,,distance_curve,,,,,,,alpha_dist,,2.6372220113926867,1.25,,,distance,1666.273065586481
,,,distance_curve,,,,,,,alpha_dist,,2.6315360099860343,1.25,,,distance,1674.9066047864108
,,,distance_curve,,,,,,,alpha_dist,,2.62586226792344,1.25,,,distance,1683.5401439863408
,,,distance_curve,,,,,,,alpha_dist,,2.6202007587730582,1.25,,,distance,1692.1736831862706
,,,distance_curve,,,,,,,alpha_dist,,2.61455145616003,1.25,,,distance,1700.8072223862007
,,,distance_curve,,,,,,,alpha_dist,,2.608914333766364,1.25,,,distance,1709.4407615861305
,,,distance_curve,,,,,,,alpha_dist,,2.60328936533081,1.25,,,distance,1718.0743007860606
,,,distance_curve,,,,,,,alpha_dist,,2.59767652464874,1.25,,,distance,1726.7078399859904
,,,distance_curve,,,,,,,alpha_dist,,2.5920757855720242,1.25,,,distance,1735.3413791859205
,,,distance_curve,,,,,,,alpha_dist,,2.58648712200891,1.25,,,distance,1743.9749183858503
,,,distance_curve,,,,,,,alpha_dist,,2.5809105079239,1.25,,,distance,1752.6084575857803
,,,distance_curve,,,,,,,alpha_dist,,2.57534591733763,1.25,,,distance,1761.2419967857104
,,,distance_curve,,,,,,,alpha_dist,,2.5697933243267497,1.25,,,distance,1769.8755359856402
,,,distance_curve,,,,,,,alpha_dist,,2.5642527030238003,1.25,,,distance,1778.5090751855703
,,,distance_curve,,,,,,,alpha_dist,,2.558724027617096,1.25,,,distance,1787.1426143855
,,,distance_curve,,,,,,,alpha_dist,,2.553207272350601,1.25,,,distance,1795.7761535854302
,,,distance_curve,,,,,,,alpha_dist,,2.547702411523812,1.25,,,distance,1804.40969278536
,,,distance_curve,,,,,,,alpha_dist,,2.542209419491637,1.25,,,distance,1813.04323198529
,,,distance_curve,,,,,,,alpha_dist,,2.5367282706642764,1.25,,,distance,1821.6767711852199
,,,distance_curve,,,,,,,alpha_dist,,2.5312589395071035,1.25,,,distance,1830.31031038515
,,,distance_curve,,,,,,,alpha_dist,,2.5258014005405456,1.25,,,distance,1838.9438495850798
,,,distance_curve,,,,,,,alpha_dist,,2.5203556283399657,1.25,,,distance,1847.5773887850098
,,,distance_curve,,,,,,,alpha_dist,,2.5149215975355443,1.25,,,distance,1856.2109279849399
,,,distance_curve,,,,,,,alpha_dist,,2.50949928281216,1.25,,,distance,1864.8444671848697
,,,distance_curve,,,,,,,alpha_dist,,2.504088658909272,1.25,,,distance,1873.4780063847998
,,,distance_curve,,,,,,,alpha_dist,,2.498689700620803,1.25,,,distance,1882.1115455847296
,,,distance_curve,,,,,,,alpha_dist,,2.493302382795022,1.25,,,distance,1890.7450847846596
,,,distance_curve,,,,,,,alpha_dist,,2.4879266803344255,1.25,,,distance,1899.3786239845895
,,,distance_curve,,,,,,,alpha_dist,,2.4825625681956223,1.25,,,distance,1908.0121631845195
,,,distance_curve,,,,,,,alpha_dist,,2.477210021389216,1.25,,,distance,1916.6457023844494
,,,distance_curve,,,,,,,alpha_dist,,2.47186901497969,1.25,,,distance,1925.2792415843794
,,,distance_curve,,,,,,,alpha_dist,,2.4665395240852868,1.25,,,distance,1933.9127807843092
,,,distance_curve,,,,,,,alpha_dist,,2.4612215238778994,1.25,,,distance,1942.5463199842393
,,,distance_curve,,,,,,,alpha_dist,,2.455914989582949,1.25,,,distance,1951.1798591841693
,,,distance_curve,,,,,,,alpha_dist,,2.4506198964792727,1.25,,,distance,1959.8133983840992
,,,distance_curve,,,,,,,alpha_dist,,2.445336219899009,1.25,,,distance,1968.4469375840292
,,,distance_curve,,,,,,,alpha_dist,,2.4400639352274798,1.25,,,distance,1977.080476783959
,,,distance_curve,,,,,,,alpha_dist,,2.4348030179030795,1.25,,,distance,1985.714015983889
,,,distance_curve,,,,,,,alpha_dist,,2.4295534434171575,1.25,,,distance,1994.347555183819
,,,distance_curve,,,,,,,alpha_dist,,2.4243151873139057,1.25,,,distance,2002.981094383749
,,,distance_curve,,,,,,,alpha_dist,,2.419088225190244,1.25,,,distance,2011.6146335836788
,,,distance_curve,,,,,,,alpha_dist,,2.413872532695707,1.25,,,distance,2020.2481727836089
,,,distance_curve,,,,,,,alpha_dist,,2.40866808553233,1.25,,,distance,2028.881711983539
,,,distance_curve,,,,,,,alpha_dist,,2.4034748594545365,1.25,,,distance,2037.5152511834688
,,,distance_curve,,,,,,,alpha_dist,,2.398292830269024,1.25,,,distance,2046.1487903833988
,,,distance_curve,,,,,,,alpha_dist,,2.393121973834653,1.25,,,distance,2054.7823295833286
,,,distance_curve,,,,,,,alpha_dist,,2.3879622660623334,1.25,,,distance,2063.4158687832587
,,,coordination_curve,,,,,,,w_coord,,-0.0,1.25,,,tgo_mismatch,0.0
,,,coordination_curve,,,,,,,w_coord,,-0.0922557623550343,1.25,,,tgo_mismatch,0.025626600654176195
,,,coordination_curve,,,,,,,w_coord,,-0.1845115247100686,1.25,,,tgo_mismatch,0.05125320130835239
,,,coordination_curve,,,,,,,w_coord,,-0.2767672870651029,1.25,,,tgo_mismatch,0.07687980196252858
,,,coordination_curve,,,,,,,w_coord,,-0.3690230494201372,1.25,,,tgo_mismatch,0.10250640261670478
,,,coordination_curve,,,,,,,w_coord,,-0.46127881177517155,1.25,,,tgo_mismatch,0.12813300327088098
,,,coordination_curve,,,,,,,w_coord,,-0.5535345741302058,1.25,,,tgo_mismatch,0.15375960392505716
,,,coordination_curve,,,,,,,w_coord,,-0.6457903364852402,1.25,,,tgo_mismatch,0.17938620457923338
,,,coordination_curve,,,,,,,w_coord,,-0.7380460988402744,1.25,,,tgo_mismatch,0.20501280523340956
,,,coordination_curve,,,,,,,w_coord,,-0.8303018611953087,1.25,,,tgo_mismatch,0.23063940588758575
,,,coordination_curve,,,,,,,w_coord,,-0.9225576235503431,1.25,,,tgo_mismatch,0.25626600654176196
,,,coordination_curve,,,,,,,w_coord,,-1.0148133859053774,1.25,,,tgo_mismatch,0.28189260719593817
,,,coordination_curve,,,,,,,w_coord,,-1.1070691482604116,1.25,,,tgo_mismatch,0.30751920785011433
,,,coordination_curve,,,,,,,w_coord,,-1.199324910615446,1.25,,,tgo_mismatch,0.33314580850429054
,,,coordination_curve,,,,,,,w_coord,,-1.2915806729704804,1.25,,,tgo_mismatch,0.35877240915846675
,,,coordination_curve,,,,,,,w_coord,,-1.3838364353255146,1.25,,,tgo_mismatch,0.3843990098126429
,,,coordination_curve,,,,,,,w_coord,,-1.4760921976805488,1.25,,,tgo_mismatch,0.4100256104668191
,,,coordination_curve,,,,,,,w_coord,,-1.5683479600355832,1.25,,,tgo_mismatch,0.43565221112099534
,,,coordination_curve,,,,,,,w_coord,,-1.6606037223906174,1.25,,,tgo_mismatch,0.4612788117751715
,,,coordination_curve,,,,,,,w_coord,,-1.7528594847456518,1.25,,,tgo_mismatch,0.4869054124293477
,,,coordination_curve,,,,,,,w_coord,,-1.8451152471006862,1.25,,,tgo_mismatch,0.5125320130835239
,,,coordination_curve,,,,,,,w_coord,,-1.9373710094557206,1.25,,,tgo_mismatch,0.5381586137377001
,,,coordination_curve,,,,,,,w_coord,,-2.029626771810755,1.25,,,tgo_mismatch,0.5637852143918763
,,,coordination_curve,,,,,,,w_coord,,-2.1218825341657888,1.25,,,tgo_mismatch,0.5894118150460524
,,,coordination_curve,,,,,,,w_coord,,-2.214138296520823,1.25,,,tgo_mismatch,0.6150384157002287
,,,coordination_curve,,,,,,,w_coord,,-2.3063940588758576,1.25,,,tgo_mismatch,0.6406650163544049
,,,coordination_curve,,,,,,,w_coord,,-2.398649821230892,1.25,,,tgo_mismatch,0.6662916170085811
,,,coordination_curve,,,,,,,w_coord,,-2.4909055835859264,1.25,,,tgo_mismatch,0.6919182176627573
,,,coordination_curve,,,,,,,w_coord,,-2.583161345940961,1.25,,,tgo_mismatch,0.7175448183169335
,,,coordination_curve,,,,,,,w_coord,,-2.6754171082959948,1.25,,,tgo_mismatch,0.7431714189711096
,,,coordination_curve,,,,,,,w_coord,,-2.767672870651029,1.25,,,tgo_mismatch,0.7687980196252858
,,,coordination_curve,,,,,,,w_coord,,-2.8599286330060636,1.25,,,tgo_mismatch,0.794424620279462
,,,coordination_curve,,,,,,,w_coord,,-2.9521843953610976,1.25,,,tgo_mismatch,0.8200512209336382
,,,coordination_curve,,,,,,,w_coord,,-3.044440157716132,1.25,,,tgo_mismatch,0.8456778215878145
,,,coordination_curve,,,,,,,w_coord,,-3.1366959200711664,1.25,,,tgo_mismatch,0.8713044222419907
,,,coordination_curve,,,,,,,w_coord,,-3.228951682426201,1.25,,,tgo_mismatch,0.8969310228961669
,,,coordination_curve,,,,,,,w_coord,,-3.3212074447812348,1.25,,,tgo_mismatch,0.922557623550343
,,,coordination_curve,,,,,,,w_coord,,-3.413463207136269,1.25,,,tgo_mismatch,0.9481842242045192
,,,coordination_curve,,,,,,,w_coord,,-3.5057189694913036,1.25,,,tgo_mismatch,0.9738108248586954
,,,coordination_curve,,,,,,,w_coord,,-3.597974731846338,1.25,,,tgo_mismatch,0.9994374255128716
,,,coordination_curve,,,,,,,w_coord,,-3.6902304942013724,1.25,,,tgo_mismatch,1.0250640261670478
,,,coordination_curve,,,,,,,w_coord,,-3.7824862565564064,1.25,,,tgo_mismatch,1.050690626821224
,,,coordination_curve,,,,,,,w_coord,,-3.874742018911441,1.25,,,tgo_mismatch,1.0763172274754003
,,,coordination_curve,,,,,,,w_coord,,-3.966997781266475,1.25,,,tgo_mismatch,1.1019438281295764
,,,coordination_curve,,,,,,,w_coord,,-4.05925354362151,1.25,,,tgo_mismatch,1.1275704287837527
,,,coordination_curve,,,,,,,w_coord,,-4.1515093059765436,1.25,,,tgo_mismatch,1.1531970294379288
,,,coordination_curve,,,,,,,w_coord,,-4.2437650683315775,1.25,,,tgo_mismatch,1.178823630092105
,,,coordination_curve,,,,,,,w_coord,,-4.336020830686612,1.25,,,tgo_mismatch,1.2044502307462812
,,,coordination_curve,,,,,,,w_coord,,-4.428276593041646,1.25,,,tgo_mismatch,1.2300768314004573
,,,coordination_curve,,,,,,,w_coord,,-4.520532355396681,1.25,,,tgo_mismatch,1.2557034320546336
,,,coordination_curve,,,,,,,w_coord,,-4.612788117751715,1.25,,,tgo_mismatch,1.2813300327088097
,,,coordination_curve,,,,,,,w_coord,,-4.70504388010675,1.25,,,tgo_mismatch,1.306956633362986
,,,coordination_curve,,,,,,,w_coord,,-4.797299642461784,1.25,,,tgo_mismatch,1.3325832340171622
,,,coordination_curve,,,,,,,w_coord,,-4.889555404816818,1.25,,,tgo_mismatch,1.3582098346713383
,,,coordination_curve,,,,,,,w_coord,,-4.981811167171853,1.25,,,tgo_mismatch,1.3838364353255146
,,,coordination_curve,,,,,,,w_coord,,-5.074066929526887,1.25,,,tgo_mismatch,1.4094630359796907
,,,coordination_curve,,,,,,,w_coord,,-5.166322691881922,1.25,,,tgo_mismatch,1.435089636633867
,,,coordination_curve,,,,,,,w_coord,,-5.258578454236956,1.25,,,tgo_mismatch,1.4607162372880431
,,,coordination_curve,,,,,,,w_coord,,-5.3508342165919895,1.25,,,tgo_mismatch,1.4863428379422192
,,,coordination_curve,,,,,,,w_coord,,-5.443089978947024,1.25,,,tgo_mismatch,1.5119694385963955
,,,coordination_curve,,,,,,,w_coord,,-5.535345741302058,1.25,,,tgo_mismatch,1.5375960392505716
,,,coordination_curve,,,,,,,w_coord,,-5.627601503657093,1.25,,,tgo_mismatch,1.563222639904748
,,,coordination_curve,,,,,,,w_coord,,-5.719857266012127,1.25,,,tgo_mismatch,1.588849240558924
,,,coordination_curve,,,,,,,w_coord,,-5.812113028367161,1.25,,,tgo_mismatch,1.6144758412131004
,,,coordination_curve,,,,,,,w_coord,,-5.904368790722195,1.25,,,tgo_mismatch,1.6401024418672765
,,,coordination_curve,,,,,,,w_coord,,-5.996624553077229,1.25,,,tgo_mismatch,1.6657290425214526
,,,coordination_curve,,,,,,,w_coord,,-6.088880315432264,1.25,,,tgo_mismatch,1.691355643175629
,,,coordination_curve,,,,,,,w_coord,,-6.181136077787298,1.25,,,tgo_mismatch,1.716982243829805
,,,coordination_curve,,,,,,,w_coord,,-6.273391840142333,1.25,,,tgo_mismatch,1.7426088444839813
,,,coordination_curve,,,,,,,w_coord,,-6.365647602497367,1.25,,,tgo_mismatch,1.7682354451381574
,,,coordination_curve,,,,,,,w_coord,,-6.457903364852402,1.25,,,tgo_mismatch,1.7938620457923338
,,,coordination_curve,,,,,,,w_coord,,-6.5501591272074355,1.25,,,tgo_mismatch,1.8194886464465099
,,,coordination_curve,,,,,,,w_coord,,-6.6424148895624695,1.25,,,tgo_mismatch,1.845115247100686
,,,coordination_curve,,,,,,,w_coord,,-6.734670651917504,1.25,,,tgo_mismatch,1.8707418477548623
,,,coordination_curve,,,,,,,w_coord,,-6.826926414272538,1.25,,,tgo_mismatch,1.8963684484090384
,,,coordination_curve,,,,,,,w_coord,,-6.919182176627573,1.25,,,tgo_mismatch,1.9219950490632147
,,,coordination_curve,,,,,,,w_coord,,-7.011437938982607,1.25,,,tgo_mismatch,1.9476216497173908
,,,coordination_curve,,,,,,,w_coord,,-7.103693701337641,1.25,,,tgo_mismatch,1.973248250371567
,,,coordination_curve,,,,,,,w_coord,,-7.195949463692676,1.25,,,tgo_mismatch,1.9988748510257432
,,,coordination_curve,,,,,,,w_coord,,-7.288205226047711,1.25,,,tgo_mismatch,2.0245014516799196
,,,coordination_curve,,,,,,,w_coord,,-7.380460988402745,1.25,,,tgo_mismatch,2.0501280523340957
,,,coordination_curve,,,,,,,w_coord,,-7.472716750757779,1.25,,,tgo_mismatch,2.0757546529882718
,,,coordination_curve,,,,,,,w_coord,,-7.564972513112813,1.25,,,tgo_mismatch,2.101381253642448
,,,coordination_curve,,,,,,,w_coord,,-7.6572282754678485,1.25,,,tgo_mismatch,2.1270078542966244
,,,coordination_curve,,,,,,,w_coord,,-7.749484037822882,1.25,,,tgo_mismatch,2.1526344549508005
,,,coordination_curve,,,,,,,w_coord,,-7.841739800177916,1.25,,,tgo_mismatch,2.1782610556049766
,,,coordination_curve,,,,,,,w_coord,,-7.93399556253295,1.25,,,tgo_mismatch,2.2038876562591527
,,,coordination_curve,,,,,,,w_coord,,-8.026251324887983,1.25,,,tgo_mismatch,2.229514256913329
,,,coordination_curve,,,,,,,w_coord,,-8.11850708724302,1.25,,,tgo_mismatch,2.2551408575675054
,,,coordination_curve,,,,,,,w_coord,,-8.210762849598053,1.25,,,tgo_mismatch,2.2807674582216815
,,,coordination_curve,,,,,,,w_coord,,-8.303018611953087,1.25,,,tgo_mismatch,2.3063940588758576
,,,coordination_curve,,,,,,,w_coord,,-8.395274374308121,1.25,,,tgo_mismatch,2.3320206595300337
,,,coordination_curve,,,,,,,w_coord,,-8.487530136663155,1.25,,,tgo_mismatch,2.35764726018421
,,,coordination_curve,,,,,,,w_coord,,-8.57978589901819,1.25,,,tgo_mismatch,2.3832738608383863
,,,coordination_curve,,,,,,,w_coord,,-8.672041661373225,1.25,,,tgo_mismatch,2.4089004614925624
,,,coordination_curve,,,,,,,w_coord,,-8.764297423728259,1.25,,,tgo_mismatch,2.4345270621467385
,,,coordination_curve,,,,,,,w_coord,,-8.856553186083293,1.25,,,tgo_mismatch,2.4601536628009146
,,,coordination_curve,,,,,,,w_coord,,-8.948808948438327,1.25,,,tgo_mismatch,2.4857802634550907
,,,coordination_curve,,,,,,,w_coord,,-9.041064710793362,1.25,,,tgo_mismatch,2.5114068641092673
,,,coordination_curve,,,,,,,w_coord,,-9.133320473148396,1.25,,,tgo_mismatch,2.5370334647634434
,,,coordination_curve,,,,,,,w_coord,,-9.22557623550343,1.25,,,tgo_mismatch,2.5626600654176195
,,,coordination_curve,,,,,,,w_coord,,-9.317831997858464,1.25,,,tgo_mismatch,2.5882866660717956
,,,coordination_curve,,,,,,,w_coord,,-9.4100877602135,1.25,,,tgo_mismatch,2.613913266725972
,,,coordination_curve,,,,,,,w_coord,,-9.502343522568534,1.25,,,tgo_mismatch,2.6395398673801482
,,,coordination_curve,,,,,,,w_coord,,-9.594599284923568,1.25,,,tgo_mismatch,2.6651664680343243
,,,coordination_curve,,,,,,,w_coord,,-9.686855047278602,1.25,,,tgo_mismatch,2.6907930686885004
,,,coordination_curve,,,,,,,w_coord,,-9.779110809633636,1.25,,,tgo_mismatch,2.7164196693426765
,,,coordination_curve,,,,,,,w_coord,,-9.871366571988672,1.25,,,tgo_mismatch,2.742046269996853
,,,coordination_curve,,,,,,,w_coord,,-9.963622334343706,1.25,,,tgo_mismatch,2.767672870651029
,,,coordination_curve,,,,,,,w_coord,,-10.05587809669874,1.25,,,tgo_mismatch,2.7932994713052053
,,,coordination_curve,,,,,,,w_coord,,-10.148133859053774,1.25,,,tgo_mismatch,2.8189260719593814
,,,coordination_curve,,,,,,,w_coord,,-10.240389621408807,1.25,,,tgo_mismatch,2.8445526726135575
,,,coordination_curve,,,,,,,w_coord,,-10.332645383763843,1.25,,,tgo_mismatch,2.870179273267734
,,,coordination_curve,,,,,,,w_coord,,-10.424901146118877,1.25,,,tgo_mismatch,2.89580587392191
,,,coordination_curve,,,,,,,w_coord,,-10.517156908473911,1.25,,,tgo_mismatch,2.9214324745760862
,,,coordination_curve,,,,,,,w_coord,,-10.609412670828945,1.25,,,tgo_mismatch,2.9470590752302623
,,,coordination_curve,,,,,,,w_coord,,-10.701668433183979,1.25,,,tgo_mismatch,2.9726856758844384
,,,coordination_curve,,,,,,,w_coord,,-10.793924195539015,1.25,,,tgo_mismatch,2.998312276538615
,,,coordination_curve,,,,,,,w_coord,,-10.886179957894049,1.25,,,tgo_mismatch,3.023938877192791
,,,coordination_curve,,,,,,,w_coord,,-10.978435720249083,1.25,,,tgo_mismatch,3.049565477846967
,,,coordination_curve,,,,,,,w_coord,,-11.070691482604117,1.25,,,tgo_mismatch,3.0751920785011433
,,,coordination_curve,,,,,,,w_coord,,-11.162947244959152,1.25,,,tgo_mismatch,3.10081867915532
,,,coordination_curve,,,,,,,w_coord,,-11.255203007314186,1.25,,,tgo_mismatch,3.126445279809496
,,,coordination_curve,,,,,,,w_coord,,-11.34745876966922,1.25,,,tgo_mismatch,3.152071880463672
,,,coordination_curve,,,,,,,w_coord,,-11.439714532024254,1.25,,,tgo_mismatch,3.177698481117848
,,,coordination_curve,,,,,,,w_coord,,-11.531970294379288,1.25,,,tgo_mismatch,3.2033250817720242
,,,coordination_curve,,,,,,,w_coord,,-11.624226056734322,1.25,,,tgo_mismatch,3.228951682426201
,,,coordination_curve,,,,,,,w_coord,,-11.716481819089356,1.25,,,tgo_mismatch,3.254578283080377
,,,coordination_curve,,,,,,,w_coord,,-11.80873758144439,1.25,,,tgo_mismatch,3.280204883734553
,,,coordination_curve,,,,,,,w_coord,,-11.900993343799424,1.25,,,tgo_mismatch,3.305831484388729
,,,coordination_curve,,,,,,,w_coord,,-11.993249106154458,1.25,,,tgo_mismatch,3.331458085042905
,,,coordination_curve,,,,,,,w_coord,,-12.085504868509494,1.25,,,tgo_mismatch,3.3570846856970817
,,,coordination_curve,,,,,,,w_coord,,-12.177760630864528,1.25,,,tgo_mismatch,3.382711286351258
,,,coordination_curve,,,,,,,w_coord,,-12.270016393219562,1.25,,,tgo_mismatch,3.408337887005434
,,,coordination_curve,,,,,,,w_coord,,-12.362272155574596,1.25,,,tgo_mismatch,3.43396448765961
,,,coordination_curve,,,,,,,w_coord,,-12.45452791792963,1.25,,,tgo_mismatch,3.459591088313786
,,,coordination_curve,,,,,,,w_coord,,-12.546783680284666,1.25,,,tgo_mismatch,3.4852176889679627
,,,coordination_curve,,,,,,,w_coord,,-12.6390394426397,1.25,,,tgo_mismatch,3.510844289622139
,,,coordination_curve,,,,,,,w_coord,,-12.731295204994733,1.25,,,tgo_mismatch,3.536470890276315
,,,coordination_curve,,,,,,,w_coord,,-12.823550967349767,1.25,,,tgo_mismatch,3.562097490930491
,,,coordination_curve,,,,,,,w_coord,,-12.915806729704803,1.25,,,tgo_mismatch,3.5877240915846675
,,,coordination_curve,,,,,,,w_coord,,-13.008062492059837,1.25,,,tgo_mismatch,3.6133506922388436
,,,coordination_curve,,,,,,,w_coord,,-13.100318254414871,1.25,,,tgo_mismatch,3.6389772928930197
,,,coordination_curve,,,,,,,w_coord,,-13.192574016769905,1.25,,,tgo_mismatch,3.664603893547196
,,,coordination_curve,,,,,,,w_coord,,-13.284829779124939,1.25,,,tgo_mismatch,3.690230494201372
,,,coordination_curve,,,,,,,w_coord,,-13.377085541479975,1.25,,,tgo_mismatch,3.7158570948555485
,,,coordination_curve,,,,,,,w_coord,,-13.469341303835009,1.25,,,tgo_mismatch,3.7414836955097246
,,,coordination_curve,,,,,,,w_coord,,-13.561597066190043,1.25,,,tgo_mismatch,3.7671102961639007
,,,coordination_curve,,,,,,,w_coord,,-13.653852828545077,1.25,,,tgo_mismatch,3.792736896818077
,,,coordination_curve,,,,,,,w_coord,,-13.74610859090011,1.25,,,tgo_mismatch,3.818363497472253
,,,coordination_curve,,,,,,,w_coord,,-13.838364353255146,1.25,,,tgo_mismatch,3.8439900981264294
,,,coordination_curve,,,,,,,w_coord,,-13.93062011561018,1.25,,,tgo_mismatch,3.8696166987806055
,,,coordination_curve,,,,,,,w_coord,,-14.022875877965214,1.25,,,tgo_mismatch,3.8952432994347816
,,,coordination_curve,,,,,,,w_coord,,-14.115131640320248,1.25,,,tgo_mismatch,3.9208699000889577
,,,coordination_curve,,,,,,,w_coord,,-14.207387402675282,1.25,,,tgo_mismatch,3.946496500743134
,,,coordination_curve,,,,,,,w_coord,,-14.299643165030318,1.25,,,tgo_mismatch,3.9721231013973104
,,,coordination_curve,,,,,,,w_coord,,-14.391898927385352,1.25,,,tgo_mismatch,3.9977497020514865
,,,coordination_curve,,,,,,,w_coord,,-14.484154689740388,1.25,,,tgo_mismatch,4.023376302705663
,,,coordination_curve,,,,,,,w_coord,,-14.576410452095422,1.25,,,tgo_mismatch,4.049002903359839
,,,coordination_curve,,,,,,,w_coord,,-14.668666214450456,1.25,,,tgo_mismatch,4.074629504014015
,,,coordination_curve,,,,,,,w_coord,,-14.76092197680549,1.25,,,tgo_mismatch,4.100256104668191
,,,coordination_curve,,,,,,,w_coord,,-14.853177739160524,1.25,,,tgo_mismatch,4.1258827053223674
,,,coordination_curve,,,,,,,w_coord,,-14.945433501515557,1.25,,,tgo_mismatch,4.1515093059765436
,,,coordination_curve,,,,,,,w_coord,,-15.037689263870591,1.25,,,tgo_mismatch,4.17713590663072
,,,coordination_curve,,,,,,,w_coord,,-15.129945026225625,1.25,,,tgo_mismatch,4.202762507284896
,,,coordination_curve,,,,,,,w_coord,,-15.22220078858066,1.25,,,tgo_mismatch,4.228389107939072
,,,coordination_curve,,,,,,,w_coord,,-15.314456550935697,1.25,,,tgo_mismatch,4.254015708593249
,,,coordination_curve,,,,,,,w_coord,,-15.40671231329073,1.25,,,tgo_mismatch,4.279642309247425
,,,coordination_curve,,,,,,,w_coord,,-15.498968075645765,1.25,,,tgo_mismatch,4.305268909901601
,,,coordination_curve,,,,,,,w_coord,,-15.591223838000799,1.25,,,tgo_mismatch,4.330895510555777
,,,coordination_curve,,,,,,,w_coord,,-15.683479600355833,1.25,,,tgo_mismatch,4.356522111209953
,,,coordination_curve,,,,,,,w_coord,,-15.775735362710867,1.25,,,tgo_mismatch,4.382148711864129
,,,coordination_curve,,,,,,,w_coord,,-15.8679911250659,1.25,,,tgo_mismatch,4.4077753125183055
,,,coordination_curve,,,,,,,w_coord,,-15.960246887420935,1.25,,,tgo_mismatch,4.433401913172482
,,,coordination_curve,,,,,,,w_coord,,-16.052502649775967,1.25,,,tgo_mismatch,4.459028513826658
,,,coordination_curve,,,,,,,w_coord,,-16.144758412131,1.25,,,tgo_mismatch,4.484655114480834
,,,coordination_curve,,,,,,,w_coord,,-16.23701417448604,1.25,,,tgo_mismatch,4.510281715135011
,,,coordination_curve,,,,,,,w_coord,,-16.329269936841072,1.25,,,tgo_mismatch,4.535908315789187
,,,coordination_curve,,,,,,,w_coord,,-16.421525699196106,1.25,,,tgo_mismatch,4.561534916443363
,,,coordination_curve,,,,,,,w_coord,,-16.51378146155114,1.25,,,tgo_mismatch,4.587161517097539
,,,coordination_curve,,,,,,,w_coord,,-16.606037223906174,1.25,,,tgo_mismatch,4.612788117751715
,,,coordination_curve,,,,,,,w_coord,,-16.698292986261208,1.25,,,tgo_mismatch,4.638414718405891
,,,coordination_curve,,,,,,,w_coord,,-16.790548748616242,1.25,,,tgo_mismatch,4.664041319060067
,,,coordination_curve,,,,,,,w_coord,,-16.882804510971276,1.25,,,tgo_mismatch,4.6896679197142435
,,,coordination_curve,,,,,,,w_coord,,-16.97506027332631,1.25,,,tgo_mismatch,4.71529452036842
,,,coordination_curve,,,,,,,w_coord,,-17.067316035681348,1.25,,,tgo_mismatch,4.7409211210225966
,,,coordination_curve,,,,,,,w_coord,,-17.15957179803638,1.25,,,tgo_mismatch,4.766547721676773
,,,coordination_curve,,,,,,,w_coord,,-17.251827560391416,1.25,,,tgo_mismatch,4.792174322330949
,,,coordination_curve,,,,,,,w_coord,,-17.34408332274645,1.25,,,tgo_mismatch,4.817800922985125
,,,coordination_curve,,,,,,,w_coord,,-17.436339085101483,1.25,,,tgo_mismatch,4.843427523639301
,,,coordination_curve,,,,,,,w_coord,,-17.528594847456517,1.25,,,tgo_mismatch,4.869054124293477
,,,coordination_curve,,,,,,,w_coord,,-17.62085060981155,1.25,,,tgo_mismatch,4.894680724947653
,,,coordination_curve,,,,,,,w_coord,,-17.713106372166585,1.25,,,tgo_mismatch,4.920307325601829
,,,coordination_curve,,,,,,,w_coord,,-17.80536213452162,1.25,,,tgo_mismatch,4.945933926256005
,,,coordination_curve,,,,,,,w_coord,,-17.897617896876653,1.25,,,tgo_mismatch,4.9715605269101815
,,,coordination_curve,,,,,,,w_coord,,-17.98987365923169,1.25,,,tgo_mismatch,4.9971871275643585
,,,coordination_curve,,,,,,,w_coord,,-18.082129421586725,1.25,,,tgo_mismatch,5.022813728218535
,,,coordination_curve,,,,,,,w_coord,,-18.17438518394176,1.25,,,tgo_mismatch,5.048440328872711
,,,coordination_curve,,,,,,,w_coord,,-18.266640946296793,1.25,,,tgo_mismatch,5.074066929526887
,,,coordination_curve,,,,,,,w_coord,,-18.358896708651827,1.25,,,tgo_mismatch,5.099693530181063
,,,coordination_curve,,,,,,,w_coord,,-18.45115247100686,1.25,,,tgo_mismatch,5.125320130835239
,,,coordination_curve,,,,,,,w_coord,,-18.543408233361895,1.25,,,tgo_mismatch,5.150946731489415
,,,coordination_curve,,,,,,,w_coord,,-18.63566399571693,1.25,,,tgo_mismatch,5.176573332143591
,,,coordination_curve,,,,,,,w_coord,,-18.727919758071963,1.25,,,tgo_mismatch,5.202199932797767
,,,coordination_curve,,,,,,,w_coord,,-18.820175520427,1.25,,,tgo_mismatch,5.227826533451944
,,,coordination_curve,,,,,,,w_coord,,-18.912431282782034,1.25,,,tgo_mismatch,5.25345313410612
,,,coordination_curve,,,,,,,w_coord,,-19.004687045137068,1.25,,,tgo_mismatch,5.2790797347602965
,,,coordination_curve,,,,,,,w_coord,,-19.096942807492102,1.25,,,tgo_mismatch,5.304706335414473
,,,coordination_curve,,,,,,,w_coord,,-19.189198569847136,1.25,,,tgo_mismatch,5.330332936068649
,,,coordination_curve,,,,,,,w_coord,,-19.28145433220217,1.25,,,tgo_mismatch,5.355959536722825
,,,coordination_curve,,,,,,,w_coord,,-19.373710094557204,1.25,,,tgo_mismatch,5.381586137377001
,,,coordination_curve,,,,,,,w_coord,,-19.465965856912238,1.25,,,tgo_mismatch,5.407212738031177
,,,coordination_curve,,,,,,,w_coord,,-19.55822161926727,1.25,,,tgo_mismatch,5.432839338685353
,,,coordination_curve,,,,,,,w_coord,,-19.650477381622306,1.25,,,tgo_mismatch,5.458465939339529
,,,coordination_curve,,,,,,,w_coord,,-19.742733143977343,1.25,,,tgo_mismatch,5.484092539993706
,,,coordination_curve,,,,,,,w_coord,,-19.834988906332377,1.25,,,tgo_mismatch,5.509719140647882
,,,coordination_curve,,,,,,,w_coord,,-19.92724466868741,1.25,,,tgo_mismatch,5.535345741302058
,,,coordination_curve,,,,,,,w_coord,,-20.019500431042445,1.25,,,tgo_mismatch,5.5609723419562345
,,,coordination_curve,,,,,,,w_coord,,-20.11175619339748,1.25,,,tgo_mismatch,5.586598942610411
,,,coordination_curve,,,,,,,w_coord,,-20.204011955752513,1.25,,,tgo_mismatch,5.612225543264587
,,,coordination_curve,,,,,,,w_coord,,-20.296267718107547,1.25,,,tgo_mismatch,5.637852143918763
,,,coordination_curve,,,,,,,w_coord,,-20.38852348046258,1.25,,,tgo_mismatch,5.663478744572939
,,,coordination_curve,,,,,,,w_coord,,-20.480779242817615,1.25,,,tgo_mismatch,5.689105345227115
,,,coordination_curve,,,,,,,w_coord,,-20.573035005172652,1.25,,,tgo_mismatch,5.714731945881292
,,,coordination_curve,,,,,,,w_coord,,-20.665290767527686,1.25,,,tgo_mismatch,5.740358546535468
,,,coordination_curve,,,,,,,w_coord,,-20.75754652988272,1.25,,,tgo_mismatch,5.765985147189644
,,,coordination_curve,,,,,,,w_coord,,-20.849802292237754,1.25,,,tgo_mismatch,5.79161174784382
,,,coordination_curve,,,,,,,w_coord,,-20.94205805459279,1.25,,,tgo_mismatch,5.817238348497996
,,,coordination_curve,,,,,,,w_coord,,-21.034313816947822,1.25,,,tgo_mismatch,5.8428649491521725
,,,coordination_curve,,,,,,,w_coord,,-21.126569579302856,1.25,,,tgo_mismatch,5.868491549806349
,,,coordination_curve,,,,,,,w_coord,,-21.21882534165789,1.25,,,tgo_mismatch,5.894118150460525
,,,coordination_curve,,,,,,,w_coord,,-21.311081104012924,1.25,,,tgo_mismatch,5.919744751114701
,,,coordination_curve,,,,,,,w_coord,,-21.403336866367958,1.25,,,tgo_mismatch,5.945371351768877
,,,coordination_curve,,,,,,,w_coord,,-21.495592628722996,1.25,,,tgo_mismatch,5.970997952423054
,,,coordination_curve,,,,,,,w_coord,,-21.58784839107803,1.25,,,tgo_mismatch,5.99662455307723
,,,coordination_curve,,,,,,,w_coord,,-21.680104153433064,1.25,,,tgo_mismatch,6.022251153731406
,,,coordination_curve,,,,,,,w_coord,,-21.772359915788098,1.25,,,tgo_mismatch,6.047877754385582
,,,coordination_curve,,,,,,,w_coord,,-21.86461567814313,1.25,,,tgo_mismatch,6.073504355039758
,,,coordination_curve,,,,,,,w_coord,,-21.956871440498166,1.25,,,tgo_mismatch,6.099130955693934
,,,coordination_curve,,,,,,,w_coord,,-22.0491272028532,1.25,,,tgo_mismatch,6.1247575563481105
,,,energy_curve,,,,,,,w_energy,,-0.0,1.25,,,control_effort,0.0
,,,energy_curve,,,,,,,w_energy,,-4.791100573229438e-07,1.25,,,control_effort,0.007665760917167101
,,,energy_curve,,,,,,,w_energy,,-9.582201146458875e-07,1.25,,,control_effort,0.015331521834334201
,,,energy_curve,,,,,,,w_energy,,-1.4373301719688315e-06,1.25,,,control_effort,0.022997282751501303
,,,energy_curve,,,,,,,w_energy,,-1.916440229291775e-06,1.25,,,control_effort,0.030663043668668403
,,,energy_curve,,,,,,,w_energy,,-2.395550286614719e-06,1.25,,,control_effort,0.038328804585835506
,,,energy_curve,,,,,,,w_energy,,-2.874660343937663e-06,1.25,,,control_effort,0.045994565503002606
,,,energy_curve,,,,,,,w_energy,,-3.3537704012606067e-06,1.25,,,control_effort,0.053660326420169706
,,,energy_curve,,,,,,,w_energy,,-3.83288045858355e-06,1.25,,,control_effort,0.061326087337336806
,,,energy_curve,,,,,,,w_energy,,-4.311990515906495e-06,1.25,,,control_effort,0.06899184825450391
,,,energy_curve,,,,,,,w_energy,,-4.791100573229438e-06,1.25,,,control_effort,0.07665760917167101
,,,energy_curve,,,,,,,w_energy,,-5.270210630552382e-06,1.25,,,control_effort,0.08432337008883811
,,,energy_curve,,,,,,,w_energy,,-5.749320687875326e-06,1.25,,,control_effort,0.09198913100600521
,,,energy_curve,,,,,,,w_energy,,-6.22843074519827e-06,1.25,,,control_effort,0.09965489192317231
,,,energy_curve,,,,,,,w_energy,,-6.707540802521213e-06,1.25,,,control_effort,0.10732065284033941
,,,energy_curve,,,,,,,w_energy,,-7.186650859844157e-06,1.25,,,control_effort,0.11498641375750651
,,,energy_curve,,,,,,,w_energy,,-7.6657609171671e-06,1.25,,,control_effort,0.12265217467467361
,,,energy_curve,,,,,,,w_energy,,-8.144870974490044e-06,1.25,,,control_effort,0.1303179355918407
,,,energy_curve,,,,,,,w_energy,,-8.62398103181299e-06,1.25,,,control_effort,0.13798369650900782
,,,energy_curve,,,,,,,w_energy,,-9.103091089135931e-06,1.25,,,control_effort,0.1456494574261749
,,,energy_curve,,,,,,,w_energy,,-9.582201146458877e-06,1.25,,,control_effort,0.15331521834334202
,,,energy_curve,,,,,,,w_energy,,-1.0061311203781819e-05,1.25,,,control_effort,0.1609809792605091
,,,energy_curve,,,,,,,w_energy,,-1.0540421261104764e-05,1.25,,,control_effort,0.16864674017767622
,,,energy_curve,,,,,,,w_energy,,-1.1019531318427706e-05,1.25,,,control_effort,0.1763125010948433
,,,energy_curve,,,,,,,w_energy,,-1.1498641375750652e-05,1.25,,,control_effort,0.18397826201201042
,,,energy_curve,,,,,,,w_energy,,-1.1977751433073594e-05,1.25,,,control_effort,0.1916440229291775
,,,energy_curve,,,,,,,w_energy,,-1.245686149039654e-05,1.25,,,control_effort,0.19930978384634462
,,,energy_curve,,,,,,,w_energy,,-1.2935971547719481e-05,1.25,,,control_effort,0.2069755447635117
,,,energy_curve,,,,,,,w_energy,,-1.3415081605042427e-05,1.25,,,control_effort,0.21464130568067882
,,,energy_curve,,,,,,,w_energy,,-1.3894191662365369e-05,1.25,,,control_effort,0.2223070665978459
,,,energy_curve,,,,,,,w_energy,,-1.4373301719688314e-05,1.25,,,control_effort,0.22997282751501302
,,,energy_curve,,,,,,,w_energy,,-1.4852411777011256e-05,1.25,,,control_effort,0.2376385884321801
,,,energy_curve,,,,,,,w_energy,,-1.53315218343342e-05,1.25,,,control_effort,0.24530434934934722
,,,energy_curve,,,,,,,w_energy,,-1.5810631891657146e-05,1.25,,,control_effort,0.25297011026651434
,,,energy_curve,,,,,,,w_energy,,-1.6289741948980088e-05,1.25,,,control_effort,0.2606358711836814
,,,energy_curve,,,,,,,w_energy,,-1.6768852006303033e-05,1.25,,,control_effort,0.2683016321008485
,,,energy_curve,,,,,,,w_energy,,-1.724796206362598e-05,1.25,,,control_effort,0.27596739301801565
,,,energy_curve,,,,,,,w_energy,,-1.772707212094892e-05,1.25,,,control_effort,0.28363315393518274
,,,energy_curve,,,,,,,w_energy,,-1.8206182178271863e-05,1.25,,,control_effort,0.2912989148523498
,,,energy_curve,,,,,,,w_energy,,-1.8685292235594808e-05,1.25,,,control_effort,0.2989646757695169
,,,energy_curve,,,,,,,w_energy,,-1.9164402292917754e-05,1.25,,,control_effort,0.30663043668668405
,,,energy_curve,,,,,,,w_energy,,-1.9643512350240696e-05,1.25,,,control_effort,0.31429619760385114
,,,energy_curve,,,,,,,w_energy,,-2.0122622407563638e-05,1.25,,,control_effort,0.3219619585210182
,,,energy_curve,,,,,,,w_energy,,-2.0601732464886583e-05,1.25,,,control_effort,0.3296277194381853
,,,energy_curve,,,,,,,w_energy,,-2.108084252220953e-05,1.25,,,control_effort,0.33729348035535245
,,,energy_curve,,,,,,,w_energy,,-2.155995257953247e-05,1.25,,,control_effort,0.34495924127251953
,,,energy_curve,,,,,,,w_energy,,-2.2039062636855413e-05,1.25,,,control_effort,0.3526250021896866
,,,energy_curve,,,,,,,w_energy,,-2.2518172694178358e-05,1.25,,,control_effort,0.3602907631068537
,,,energy_curve,,,,,,,w_energy,,-2.2997282751501304e-05,1.25,,,control_effort,0.36795652402402085
,,,energy_curve,,,,,,,w_energy,,-2.3476392808824246e-05,1.25,,,control_effort,0.37562228494118793
,,,energy_curve,,,,,,,w_energy,,-2.3955502866147188e-05,1.25,,,control_effort,0.383288045858355
,,,energy_curve,,,,,,,w_energy,,-2.4434612923470137e-05,1.25,,,control_effort,0.39095380677552216
,,,energy_curve,,,,,,,w_energy,,-2.491372298079308e-05,1.25,,,control_effort,0.39861956769268925
,,,energy_curve,,,,,,,w_energy,,-2.539283303811602e-05,1.25,,,control_effort,0.40628532860985633
,,,energy_curve,,,,,,,w_energy,,-2.5871943095438963e-05,1.25,,,control_effort,0.4139510895270234
,,,energy_curve,,,,,,,w_energy,,-2.635105315276191e-05,1.25,,,control_effort,0.42161685044419056
,,,energy_curve,,,,,,,w_energy,,-2.6830163210084854e-05,1.25,,,control_effort,0.42928261136135765
,,,energy_curve,,,,,,,w_energy,,-2.7309273267407796e-05,1.25,,,control_effort,0.43694837227852473
,,,energy_curve,,,,,,,w_energy,,-2.7788383324730738e-05,1.25,,,control_effort,0.4446141331956918
,,,energy_curve,,,,,,,w_energy,,-2.8267493382053687e-05,1.25,,,control_effort,0.45227989411285896
,,,energy_curve,,,,,,,w_energy,,-2.874660343937663e-05,1.25,,,control_effort,0.45994565503002605
,,,energy_curve,,,,,,,w_energy,,-2.922571349669957e-05,1.25,,,control_effort,0.46761141594719313
,,,energy_curve,,,,,,,w_energy,,-2.9704823554022513e-05,1.25,,,control_effort,0.4752771768643602
,,,energy_curve,,,,,,,w_energy,,-3.018393361134546e-05,1.25,,,control_effort,0.48294293778152736
,,,energy_curve,,,,,,,w_energy,,-3.06630436686684e-05,1.25,,,control_effort,0.49060869869869445
,,,energy_curve,,,,,,,w_energy,,-3.114215372599135e-05,1.25,,,control_effort,0.49827445961586153
,,,energy_curve,,,,,,,w_energy,,-3.162126378331429e-05,1.25,,,control_effort,0.5059402205330287
,,,energy_curve,,,,,,,w_energy,,-3.210037384063723e-05,1.25,,,control_effort,0.5136059814501958
,,,energy_curve,,,,,,,w_energy,,-3.2579483897960175e-05,1.25,,,control_effort,0.5212717423673628
,,,energy_curve,,,,,,,w_energy,,-3.3058593955283124e-05,1.25,,,control_effort,0.5289375032845299
,,,energy_curve,,,,,,,w_energy,,-3.3537704012606066e-05,1.25,,,control_effort,0.536603264201697
,,,energy_curve,,,,,,,w_energy,,-3.401681406992901e-05,1.25,,,control_effort,0.5442690251188641
,,,energy_curve,,,,,,,w_energy,,-3.449592412725196e-05,1.25,,,control_effort,0.5519347860360313
,,,energy_curve,,,,,,,w_energy,,-3.49750341845749e-05,1.25,,,control_effort,0.5596005469531984
,,,energy_curve,,,,,,,w_energy,,-3.545414424189784e-05,1.25,,,control_effort,0.5672663078703655
,,,energy_curve,,,,,,,w_energy,,-3.593325429922078e-05,1.25,,,control_effort,0.5749320687875326
,,,energy_curve,,,,,,,w_energy,,-3.6412364356543725e-05,1.25,,,control_effort,0.5825978297046996
,,,energy_curve,,,,,,,w_energy,,-3.6891474413866674e-05,1.25,,,control_effort,0.5902635906218667
,,,energy_curve,,,,,,,w_energy,,-3.7370584471189616e-05,1.25,,,control_effort,0.5979293515390338
,,,energy_curve,,,,,,,w_energy,,-3.784969452851256e-05,1.25,,,control_effort,0.6055951124562009
,,,energy_curve,,,,,,,w_energy,,-3.832880458583551e-05,1.25,,,control_effort,0.6132608733733681
,,,energy_curve,,,,,,,w_energy,,-3.880791464315845e-05,1.25,,,control_effort,0.6209266342905352
,,,energy_curve,,,,,,,w_energy,,-3.928702470048139e-05,1.25,,,control_effort,0.6285923952077023
,,,energy_curve,,,,,,,w_energy,,-3.976613475780433e-05,1.25,,,control_effort,0.6362581561248694
,,,energy_curve,,,,,,,w_energy,,-4.0245244815127275e-05,1.25,,,control_effort,0.6439239170420364
,,,energy_curve,,,,,,,w_energy,,-4.0724354872450224e-05,1.25,,,control_effort,0.6515896779592035
,,,energy_curve,,,,,,,w_energy,,-4.1203464929773166e-05,1.25,,,control_effort,0.6592554388763706
,,,energy_curve,,,,,,,w_energy,,-4.1682574987096115e-05,1.25,,,control_effort,0.6669211997935378
,,,energy_curve,,,,,,,w_energy,,-4.216168504441906e-05,1.25,,,control_effort,0.6745869607107049
,,,energy_curve,,,,,,,w_energy,,-4.2640795101742e-05,1.25,,,control_effort,0.682252721627872
,,,energy_curve,,,,,,,w_energy,,-4.311990515906494e-05,1.25,,,control_effort,0.6899184825450391
,,,energy_curve,,,,,,,w_energy,,-4.359901521638788e-05,1.25,,,control_effort,0.6975842434622062
,,,energy_curve,,,,,,,w_energy,,-4.4078125273710825e-05,1.25,,,control_effort,0.7052500043793732
,,,energy_curve,,,,,,,w_energy,,-4.4557235331033774e-05,1.25,,,control_effort,0.7129157652965403
,,,energy_curve,,,,,,,w_energy,,-4.5036345388356716e-05,1.25,,,control_effort,0.7205815262137074
,,,energy_curve,,,,,,,w_energy,,-4.5515455445679665e-05,1.25,,,control_effort,0.7282472871308746
,,,energy_curve,,,,,,,w_energy,,-4.599456550300261e-05,1.25,,,control_effort,0.7359130480480417
,,,energy_curve,,,,,,,w_energy,,-4.647367556032555e-05,1.25,,,control_effort,0.7435788089652088
,,,energy_curve,,,,,,,w_energy,,-4.695278561764849e-05,1.25,,,control_effort,0.7512445698823759
,,,energy_curve,,,,,,,w_energy,,-4.743189567497143e-05,1.25,,,control_effort,0.758910330799543
,,,energy_curve,,,,,,,w_energy,,-4.7911005732294375e-05,1.25,,,control_effort,0.76657609171671
,,,energy_curve,,,,,,,w_energy,,-4.8390115789617324e-05,1.25,,,control_effort,0.7742418526338771
,,,energy_curve,,,,,,,w_energy,,-4.886922584694027e-05,1.25,,,control_effort,0.7819076135510443
,,,energy_curve,,,,,,,w_energy,,-4.9348335904263215e-05,1.25,,,control_effort,0.7895733744682114
,,,energy_curve,,,,,,,w_energy,,-4.982744596158616e-05,1.25,,,control_effort,0.7972391353853785
,,,energy_curve,,,,,,,w_energy,,-5.03065560189091e-05,1.25,,,control_effort,0.8049048963025456
,,,energy_curve,,,,,,,w_energy,,-5.078566607623204e-05,1.25,,,control_effort,0.8125706572197127
,,,energy_curve,,,,,,,w_energy,,-5.126477613355498e-05,1.25,,,control_effort,0.8202364181368798
,,,energy_curve,,,,,,,w_energy,,-5.1743886190877925e-05,1.25,,,control_effort,0.8279021790540468
,,,energy_curve,,,,,,,w_energy,,-5.2222996248200874e-05,1.25,,,control_effort,0.8355679399712139
,,,energy_curve,,,,,,,w_energy,,-5.270210630552382e-05,1.25,,,control_effort,0.8432337008883811
,,,energy_curve,,,,,,,w_energy,,-5.3181216362846765e-05,1.25,,,control_effort,0.8508994618055482
,,,energy_curve,,,,,,,w_energy,,-5.366032642016971e-05,1.25,,,control_effort,0.8585652227227153
,,,energy_curve,,,,,,,w_energy,,-5.413943647749265e-05,1.25,,,control_effort,0.8662309836398824
,,,energy_curve,,,,,,,w_energy,,-5.461854653481559e-05,1.25,,,control_effort,0.8738967445570495
,,,energy_curve,,,,,,,w_energy,,-5.509765659213853e-05,1.25,,,control_effort,0.8815625054742166
,,,energy_curve,,,,,,,w_energy,,-5.5576766649461475e-05,1.25,,,control_effort,0.8892282663913836
,,,energy_curve,,,,,,,w_energy,,-5.605587670678443e-05,1.25,,,control_effort,0.8968940273085508
,,,energy_curve,,,,,,,w_energy,,-5.653498676410737e-05,1.25,,,control_effort,0.9045597882257179
,,,energy_curve,,,,,,,w_energy,,-5.7014096821430315e-05,1.25,,,control_effort,0.912225549142885
,,,energy_curve,,,,,,,w_energy,,-5.749320687875326e-05,1.25,,,control_effort,0.9198913100600521
,,,energy_curve,,,,,,,w_energy,,-5.79723169360762e-05,1.25,,,control_effort,0.9275570709772192
,,,energy_curve,,,,,,,w_energy,,-5.845142699339914e-05,1.25,,,control_effort,0.9352228318943863
,,,energy_curve,,,,,,,w_energy,,-5.8930537050722083e-05,1.25,,,control_effort,0.9428885928115533
,,,energy_curve,,,,,,,w_energy,,-5.9409647108045025e-05,1.25,,,control_effort,0.9505543537287204
,,,energy_curve,,,,,,,w_energy,,-5.988875716536798e-05,1.25,,,control_effort,0.9582201146458876
,,,energy_curve,,,,,,,w_energy,,-6.036786722269092e-05,1.25,,,control_effort,0.9658858755630547
,,,energy_curve,,,,,,,w_energy,,-6.0846977280013865e-05,1.25,,,control_effort,0.9735516364802218
,,,energy_curve,,,,,,,w_energy,,-6.13260873373368e-05,1.25,,,control_effort,0.9812173973973889
,,,energy_curve,,,,,,,w_energy,,-6.180519739465975e-05,1.25,,,control_effort,0.988883158314556
,,,energy_curve,,,,,,,w_energy,,-6.22843074519827e-05,1.25,,,control_effort,0.9965489192317231
,,,energy_curve,,,,,,,w_energy,,-6.276341750930565e-05,1.25,,,control_effort,1.0042146801488903
,,,energy_curve,,,,,,,w_energy,,-6.324252756662858e-05,1.25,,,control_effort,1.0118804410660573
,,,energy_curve,,,,,,,w_energy,,-6.372163762395153e-05,1.25,,,control_effort,1.0195462019832244
,,,energy_curve,,,,,,,w_energy,,-6.420074768127447e-05,1.25,,,control_effort,1.0272119629003915
,,,energy_curve,,,,,,,w_energy,,-6.467985773859742e-05,1.25,,,control_effort,1.0348777238175586
,,,energy_curve,,,,,,,w_energy,,-6.515896779592035e-05,1.25,,,control_effort,1.0425434847347257
,,,energy_curve,,,,,,,w_energy,,-6.56380778532433e-05,1.25,,,control_effort,1.0502092456518928
,,,energy_curve,,,,,,,w_energy,,-6.611718791056625e-05,1.25,,,control_effort,1.0578750065690599
,,,energy_curve,,,,,,,w_energy,,-6.659629796788918e-05,1.25,,,control_effort,1.065540767486227
,,,energy_curve,,,,,,,w_energy,,-6.707540802521213e-05,1.25,,,control_effort,1.073206528403394
,,,energy_curve,,,,,,,w_energy,,-6.755451808253507e-05,1.25,,,control_effort,1.0808722893205611
,,,energy_curve,,,,,,,w_energy,,-6.803362813985802e-05,1.25,,,control_effort,1.0885380502377282
,,,energy_curve,,,,,,,w_energy,,-6.851273819718095e-05,1.25,,,control_effort,1.0962038111548953
,,,energy_curve,,,,,,,w_energy,,-6.899184825450391e-05,1.25,,,control_effort,1.1038695720720626
,,,energy_curve,,,,,,,w_energy,,-6.947095831182686e-05,1.25,,,control_effort,1.1115353329892297
,,,energy_curve,,,,,,,w_energy,,-6.99500683691498e-05,1.25,,,control_effort,1.1192010939063968
,,,energy_curve,,,,,,,w_energy,,-7.042917842647275e-05,1.25,,,control_effort,1.1268668548235639
,,,energy_curve,,,,,,,w_energy,,-7.090828848379568e-05,1.25,,,control_effort,1.134532615740731
,,,energy_curve,,,,,,,w_energy,,-7.138739854111863e-05,1.25,,,control_effort,1.142198376657898
,,,energy_curve,,,,,,,w_energy,,-7.186650859844157e-05,1.25,,,control_effort,1.1498641375750651
,,,energy_curve,,,,,,,w_energy,,-7.234561865576452e-05,1.25,,,control_effort,1.1575298984922322
,,,energy_curve,,,,,,,w_energy,,-7.282472871308745e-05,1.25,,,control_effort,1.1651956594093993
,,,energy_curve,,,,,,,w_energy,,-7.33038387704104e-05,1.25,,,control_effort,1.1728614203265664
,,,energy_curve,,,,,,,w_energy,,-7.378294882773335e-05,1.25,,,control_effort,1.1805271812437335
,,,energy_curve,,,,,,,w_energy,,-7.426205888505628e-05,1.25,,,control_effort,1.1881929421609005
,,,energy_curve,,,,,,,w_energy,,-7.474116894237923e-05,1.25,,,control_effort,1.1958587030780676
,,,energy_curve,,,,,,,w_energy,,-7.522027899970217e-05,1.25,,,control_effort,1.2035244639952347
,,,energy_curve,,,,,,,w_energy,,-7.569938905702512e-05,1.25,,,control_effort,1.2111902249124018
,,,energy_curve,,,,,,,w_energy,,-7.617849911434807e-05,1.25,,,control_effort,1.218855985829569
,,,energy_curve,,,,,,,w_energy,,-7.665760917167101e-05,1.25,,,control_effort,1.2265217467467362
,,,energy_curve,,,,,,,w_energy,,-7.713671922899396e-05,1.25,,,control_effort,1.2341875076639033
,,,energy_curve,,,,,,,w_energy,,-7.76158292863169e-05,1.25,,,control_effort,1.2418532685810704
,,,energy_curve,,,,,,,w_energy,,-7.809493934363985e-05,1.25,,,control_effort,1.2495190294982375
,,,energy_curve,,,,,,,w_energy,,-7.857404940096278e-05,1.25,,,control_effort,1.2571847904154045
,,,energy_curve,,,,,,,w_energy,,-7.905315945828573e-05,1.25,,,control_effort,1.2648505513325716
,,,energy_curve,,,,,,,w_energy,,-7.953226951560867e-05,1.25,,,control_effort,1.2725163122497387
,,,energy_curve,,,,,,,w_energy,,-8.001137957293162e-05,1.25,,,control_effort,1.2801820731669058
,,,energy_curve,,,,,,,w_energy,,-8.049048963025455e-05,1.25,,,control_effort,1.2878478340840729
,,,energy_curve,,,,,,,w_energy,,-8.09695996875775e-05,1.25,,,control_effort,1.29551359500124
,,,energy_curve,,,,,,,w_energy,,-8.144870974490045e-05,1.25,,,control_effort,1.303179355918407
,,,energy_curve,,,,,,,w_energy,,-8.192781980222338e-05,1.25,,,control_effort,1.3108451168355741
,,,energy_curve,,,,,,,w_energy,,-8.240692985954633e-05,1.25,,,control_effort,1.3185108777527412
,,,energy_curve,,,,,,,w_energy,,-8.288603991686927e-05,1.25,,,control_effort,1.3261766386699083
,,,energy_curve,,,,,,,w_energy,,-8.336514997419223e-05,1.25,,,control_effort,1.3338423995870756
,,,energy_curve,,,,,,,w_energy,,-8.384426003151517e-05,1.25,,,control_effort,1.3415081605042427
,,,energy_curve,,,,,,,w_energy,,-8.432337008883811e-05,1.25,,,control_effort,1.3491739214214098
,,,energy_curve,,,,,,,w_energy,,-8.480248014616106e-05,1.25,,,control_effort,1.3568396823385769
,,,energy_curve,,,,,,,w_energy,,-8.5281590203484e-05,1.25,,,control_effort,1.364505443255744
,,,energy_curve,,,,,,,w_energy,,-8.576070026080695e-05,1.25,,,control_effort,1.372171204172911
,,,energy_curve,,,,,,,w_energy,,-8.623981031812988e-05,1.25,,,control_effort,1.3798369650900781
,,,energy_curve,,,,,,,w_energy,,-8.671892037545283e-05,1.25,,,control_effort,1.3875027260072452
,,,energy_curve,,,,,,,w_energy,,-8.719803043277577e-05,1.25,,,control_effort,1.3951684869244123
,,,energy_curve,,,,,,,w_energy,,-8.767714049009872e-05,1.25,,,control_effort,1.4028342478415794
,,,energy_curve,,,,,,,w_energy,,-8.815625054742165e-05,1.25,,,control_effort,1.4105000087587465
,,,energy_curve,,,,,,,w_energy,,-8.86353606047446e-05,1.25,,,control_effort,1.4181657696759136
,,,energy_curve,,,,,,,w_energy,,-8.911447066206755e-05,1.25,,,control_effort,1.4258315305930807
,,,energy_curve,,,,,,,w_energy,,-8.959358071939048e-05,1.25,,,control_effort,1.4334972915102477
,,,energy_curve,,,,,,,w_energy,,-9.007269077671343e-05,1.25,,,control_effort,1.4411630524274148
,,,energy_curve,,,,,,,w_energy,,-9.055180083403638e-05,1.25,,,control_effort,1.4488288133445821
,,,energy_curve,,,,,,,w_energy,,-9.103091089135933e-05,1.25,,,control_effort,1.4564945742617492
,,,energy_curve,,,,,,,w_energy,,-9.151002094868227e-05,1.25,,,control_effort,1.4641603351789163
,,,energy_curve,,,,,,,w_energy,,-9.198913100600521e-05,1.25,,,control_effort,1.4718260960960834
,,,energy_curve,,,,,,,w_energy,,-9.246824106332816e-05,1.25,,,control_effort,1.4794918570132505
,,,energy_curve,,,,,,,w_energy,,-9.29473511206511e-05,1.25,,,control_effort,1.4871576179304176
,,,energy_curve,,,,,,,w_energy,,-9.342646117797405e-05,1.25,,,control_effort,1.4948233788475846
,,,energy_curve,,,,,,,w_energy,,-9.390557123529698e-05,1.25,,,control_effort,1.5024891397647517
,,,energy_curve,,,,,,,w_energy,,-9.438468129261993e-05,1.25,,,control_effort,1.5101549006819188
,,,energy_curve,,,,,,,w_energy,,-9.486379134994287e-05,1.25,,,control_effort,1.517820661599086
,,,energy_curve,,,,,,,w_energy,,-9.534290140726582e-05,1.25,,,control_effort,1.525486422516253
,,,energy_curve,,,,,,,w_energy,,-9.582201146458875e-05,1.25,,,control_effort,1.53315218343342
,,,energy_curve,,,,,,,w_energy,,-9.63011215219117e-05,1.25,,,control_effort,1.5408179443505872
,,,energy_curve,,,,,,,w_energy,,-9.678023157923465e-05,1.25,,,control_effort,1.5484837052677543
,,,energy_curve,,,,,,,w_energy,,-9.725934163655758e-05,1.25,,,control_effort,1.5561494661849213
,,,energy_curve,,,,,,,w_energy,,-9.773845169388055e-05,1.25,,,control_effort,1.5638152271020886
,,,energy_curve,,,,,,,w_energy,,-9.821756175120348e-05,1.25,,,control_effort,1.5714809880192557
,,,energy_curve,,,,,,,w_energy,,-9.869667180852643e-05,1.25,,,control_effort,1.5791467489364228
,,,energy_curve,,,,,,,w_energy,,-9.917578186584937e-05,1.25,,,control_effort,1.58681250985359
,,,energy_curve,,,,,,,w_energy,,-9.965489192317231e-05,1.25,,,control_effort,1.594478270770757
,,,energy_curve,,,,,,,w_energy,,-0.00010013400198049526,1.25,,,control_effort,1.602144031687924
,,,energy_curve,,,,,,,w_energy,,-0.0001006131120378182,1.25,,,control_effort,1.6098097926050912
,,,energy_curve,,,,,,,w_energy,,-0.00010109222209514115,1.25,,,control_effort,1.6174755535222582
,,,energy_curve,,,,,,,w_energy,,-0.00010157133215246408,1.25,,,control_effort,1.6251413144394253
,,,energy_curve,,,,,,,w_energy,,-0.00010205044220978703,1.25,,,control_effort,1.6328070753565924
,,,energy_curve,,,,,,,w_energy,,-0.00010252955226710997,1.25,,,control_effort,1.6404728362737595
,,,energy_curve,,,,,,,w_energy,,-0.00010300866232443292,1.25,,,control_effort,1.6481385971909266
,,,energy_curve,,,,,,,w_energy,,-0.00010348777238175585,1.25,,,control_effort,1.6558043581080937
,,,energy_curve,,,,,,,w_energy,,-0.0001039668824390788,1.25,,,control_effort,1.6634701190252608
,,,energy_curve,,,,,,,w_energy,,-0.00010444599249640175,1.25,,,control_effort,1.6711358799424278
,,,energy_curve,,,,,,,w_energy,,-0.0001049251025537247,1.25,,,control_effort,1.6788016408595952
,,,energy_curve,,,,,,,w_energy,,-0.00010540421261104765,1.25,,,control_effort,1.6864674017767622
,,,energy_curve,,,,,,,w_energy,,-0.00010588332266837058,1.25,,,control_effort,1.6941331626939293
,,,energy_curve,,,,,,,w_energy,,-0.00010636243272569353,1.25,,,control_effort,1.7017989236110964
,,,energy_curve,,,,,,,w_energy,,-0.00010684154278301647,1.25,,,control_effort,1.7094646845282635
,,,energy_curve,,,,,,,w_energy,,-0.00010732065284033941,1.25,,,control_effort,1.7171304454454306
,,,energy_curve,,,,,,,w_energy,,-0.00010779976289766236,1.25,,,control_effort,1.7247962063625977
,,,energy_curve,,,,,,,w_energy,,-0.0001082788729549853,1.25,,,control_effort,1.7324619672797648
,,,energy_curve,,,,,,,w_energy,,-0.00010875798301230825,1.25,,,control_effort,1.7401277281969318
,,,energy_curve,,,,,,,w_energy,,-0.00010923709306963118,1.25,,,control_effort,1.747793489114099
,,,energy_curve,,,,,,,w_energy,,-0.00010971620312695413,1.25,,,control_effort,1.755459250031266
,,,energy_curve,,,,,,,w_energy,,-0.00011019531318427707,1.25,,,control_effort,1.763125010948433
,,,energy_curve,,,,,,,w_energy,,-0.00011067442324160002,1.25,,,control_effort,1.7707907718656002
,,,energy_curve,,,,,,,w_energy,,-0.00011115353329892295,1.25,,,control_effort,1.7784565327827673
,,,energy_curve,,,,,,,w_energy,,-0.0001116326433562459,1.25,,,control_effort,1.7861222936999344
,,,energy_curve,,,,,,,w_energy,,-0.00011211175341356886,1.25,,,control_effort,1.7937880546171017
,,,energy_curve,,,,,,,w_energy,,-0.0001125908634708918,1.25,,,control_effort,1.8014538155342688
,,,energy_curve,,,,,,,w_energy,,-0.00011306997352821475,1.25,,,control_effort,1.8091195764514358
,,,energy_curve,,,,,,,w_energy,,-0.00011354908358553768,1.25,,,control_effort,1.816785337368603
,,,energy_curve,,,,,,,w_energy,,-0.00011402819364286063,1.25,,,control_effort,1.82445109828577
,,,energy_curve,,,,,,,w_energy,,-0.00011450730370018357,1.25,,,control_effort,1.832116859202937
,,,distance_curve,,,,,,,alpha_dist,,4.0,1.5,,,distance,0.0
,,,distance_curve,,,,,,,alpha_dist,,3.9896531582239403,1.5,,,distance,8.633539199929952
,,,distance_curve,,,,,,,alpha_dist,,3.9793330807315654,1.5,,,distance,17.267078399859905
,,,distance_curve,,,,,,,alpha_dist,,3.9690396982914233,1.5,,,distance,25.900617599789857
,,,distance_curve,,,,,,,alpha_dist,,3.958772941851143,1.5,,,distance,34.53415679971981
,,,distance_curve,,,,,,,alpha_dist,,3.948532742536973,1.5,,,distance,43.167695999649766
,,,distance_curve,,,,,,,alpha_dist,,3.9383190316533176,1.5,,,distance,51.801235199579715
,,,distance_curve,,,,,,,alpha_dist,,3.9281317406822778,1.5,,,distance,60.434774399509664
,,,distance_curve,,,,,,,alpha_dist,,3.917970801283188,1.5,,,distance,69.06831359943962
,,,distance_curve,,,,,,,alpha_dist,,3.9078361452921637,1.5,,,distance,77.70185279936958
,,,distance_curve,,,,,,,alpha_dist,,3.8977277047216377,1.5,,,distance,86.33539199929953
,,,distance_curve,,,,,,,alpha_dist,,3.887645411759908,1.5,,,distance,94.96893119922947
,,,distance_curve,,,,,,,alpha_dist,,3.8775891987706816,1.5,,,distance,103.60247039915943
,,,distance_curve,,,,,,,alpha_dist,,3.867558998292622,1.5,,,distance,112.23600959908939
,,,distance_curve,,,,,,,alpha_dist,,3.857554743038895,1.5,,,distance,120.86954879901933
,,,distance_curve,,,,,,,alpha_dist,,3.847576365896717,1.5,,,distance,129.5030879989493
,,,distance_curve,,,,,,,alpha_dist,,3.837623799926907,1.5,,,distance,138.13662719887924
,,,distance_curve,,,,,,,alpha_dist,,3.827696978363436,1.5,,,distance,146.77016639880918
,,,distance_curve,,,,,,,alpha_dist,,3.817795834612979,1.5,,,distance,155.40370559873915
,,,distance_curve,,,,,,,alpha_dist,,3.807920302254469,1.5,,,distance,164.0372447986691
,,,distance_curve,,,,,,,alpha_dist,,3.7980703150386512,1.5,,,distance,172.67078399859906
,,,distance_curve,,,,,,,alpha_dist,,3.7882458068876375,1.5,,,distance,181.304323198529
,,,distance_curve,,,,,,,alpha_dist,,3.778446711894466,1.5,,,distance,189.93786239845895
,,,distance_curve,,,,,,,alpha_dist,,3.7686729643226546,1.5,,,distance,198.57140159838892
,,,distance_curve,,,,,,,alpha_dist,,3.7589244986057646,1.5,,,distance,207.20494079831886
,,,distance_curve,,,,,,,alpha_dist,,3.7492012493469575,1.5,,,distance,215.8384799982488
,,,distance_curve,,,,,,,alpha_dist,,3.739503151318558,1.5,,,distance,224.47201919817877
,,,distance_curve,,,,,,,alpha_dist,,3.729830139461616,1.5,,,distance,233.1055583981087
,,,distance_curve,,,,,,,alpha_dist,,3.7201821488854687,1.5,,,distance,241.73909759803865
,,,distance_curve,,,,,,,alpha_dist,,3.710559114867309,1.5,,,distance,250.37263679796862
,,,distance_curve,,,,,,,alpha_dist,,3.700960972851747,1.5,,,distance,259.0061759978986
,,,distance_curve,,,,,,,alpha_dist,,3.6913876584503797,1.5,,,distance,267.63971519782854
,,,distance_curve,,,,,,,alpha_dist,,3.6818391074413586,1.5,,,distance,276.2732543977585
,,,distance_curve,,,,,,,alpha_dist,,3.6723152557689573,1.5,,,distance,284.9067935976884
,,,distance_curve,,,,,,,alpha_dist,,3.6628160395431446,1.5,,,distance,293.54033279761836
,,,distance_curve,,,,,,,alpha_dist,,3.653341395039153,1.5,,,distance,302.17387199754836
,,,distance_curve,,,,,,,alpha_dist,,3.643891258697053,1.5,,,distance,310.8074111974783
,,,distance_curve,,,,,,,alpha_dist,,3.634465567121327,1.5,,,distance,319.44095039740824
,,,distance_curve,,,,,,,alpha_dist,,3.625064257080442,1.5,,,distance,328.0744895973382
,,,distance_curve,,,,,,,alpha_dist,,3.6156872655064265,1.5,,,distance,336.7080287972681
,,,distance_curve,,,,,,,alpha_dist,,3.6063345294944495,1.5,,,distance,345.3415679971981
,,,distance_curve,,,,,,,alpha_dist,,3.5970059863023947,1.5,,,distance,353.97510719712807
,,,distance_curve,,,,,,,alpha_dist,,3.5877015733504423,1.5,,,distance,362.608646397058
,,,distance_curve,,,,,,,alpha_dist,,3.578421228220648,1.5,,,distance,371.24218559698795
,,,distance_curve,,,,,,,alpha_dist,,3.569164888656525,1.5,,,distance,379.8757247969179
,,,distance_curve,,,,,,,alpha_dist,,3.5599324925626257,1.5,,,distance,388.50926399684784
,,,distance_curve,,,,,,,alpha_dist,,3.5507239780041258,1.5,,,distance,397.14280319677783
,,,distance_curve,,,,,,,alpha_dist,,3.5415392832064088,1.5,,,distance,405.7763423967078
,,,distance_curve,,,,,,,alpha_dist,,3.5323783465546494,1.5,,,distance,414.4098815966377
,,,distance_curve,,,,,,,alpha_dist,,3.5232411065934044,1.5,,,distance,423.04342079656766
,,,distance_curve,,,,,,,alpha_dist,,3.514127502026197,1.5,,,distance,431.6769599964976
,,,distance_curve,,,,,,,alpha_dist,,3.5050374717151054,1.5,,,distance,440.3104991964276
,,,distance_curve,,,,,,,alpha_dist,,3.4959709546803563,1.5,,,distance,448.94403839635754
,,,distance_curve,,,,,,,alpha_dist,,3.486927890099912,1.5,,,distance,457.5775775962875
,,,distance_curve,,,,,,,alpha_dist,,3.477908217309064,1.5,,,distance,466.2111167962174
,,,distance_curve,,,,,,,alpha_dist,,3.4689118758000252,1.5,,,distance,474.84465599614737
,,,distance_curve,,,,,,,alpha_dist,,3.459938805221526,1.5,,,distance,483.4781951960773
,,,distance_curve,,,,,,,alpha_dist,,3.4509889453784073,1.5,,,distance,492.1117343960073
,,,distance_curve,,,,,,,alpha_dist,,3.4420622362312168,1.5,,,distance,500.74527359593725
,,,distance_curve,,,,,,,alpha_dist,,3.433158617895808,1.5,,,distance,509.3788127958672
,,,distance_curve,,,,,,,alpha_dist,,3.4242780306429372,1.5,,,distance,518.0123519957972
,,,distance_curve,,,,,,,alpha_dist,,3.4154204148978624,1.5,,,distance,526.6458911957271
,,,distance_curve,,,,,,,alpha_dist,,3.4065857112399445,1.5,,,distance,535.2794303956571
,,,distance_curve,,,,,,,alpha_dist,,3.397773860402248,1.5,,,distance,543.912969595587
,,,distance_curve,,,,,,,alpha_dist,,3.388984803271145,1.5,,,distance,552.546508795517
,,,distance_curve,,,,,,,alpha_dist,,3.3802184808859157,1.5,,,distance,561.1800479954469
,,,distance_curve,,,,,,,alpha_dist,,3.371474834438356,1.5,,,distance,569.8135871953768
,,,distance_curve,,,,,,,alpha_dist,,3.362753805272381,1.5,,,distance,578.4471263953068
,,,distance_curve,,,,,,,alpha_dist,,3.3540553348836317,1.5,,,distance,587.0806655952367
,,,distance_curve,,,,,,,alpha_dist,,3.3453793649190846,1.5,,,distance,595.7142047951667
,,,distance_curve,,,,,,,alpha_dist,,3.3367258371766564,1.5,,,distance,604.3477439950967
,,,distance_curve,,,,,,,alpha_dist,,3.328094693604817,1.5,,,distance,612.9812831950267
,,,distance_curve,,,,,,,alpha_dist,,3.319485876302199,1.5,,,distance,621.6148223949566
,,,distance_curve,,,,,,,alpha_dist,,3.310899327517208,1.5,,,distance,630.2483615948865
,,,distance_curve,,,,,,,alpha_dist,,3.3023349896476373,1.5,,,distance,638.8819007948165
,,,distance_curve,,,,,,,alpha_dist,,3.29379280524028,1.5,,,distance,647.5154399947464
,,,distance_curve,,,,,,,alpha_dist,,3.285272716990544,1.5,,,distance,656.1489791946764
,,,distance_curve,,,,,,,alpha_dist,,3.276774667742067,1.5,,,distance,664.7825183946063
,,,distance_curve,,,,,,,alpha_dist,,3.2682986004863355,1.5,,,distance,673.4160575945363
,,,distance_curve,,,,,,,alpha_dist,,3.259844458362298,1.5,,,distance,682.0495967944662
,,,distance_curve,,,,,,,alpha_dist,,3.251412184655988,1.5,,,distance,690.6831359943963
,,,distance_curve,,,,,,,alpha_dist,,3.243001722800141,1.5,,,distance,699.3166751943262
,,,distance_curve,,,,,,,alpha_dist,,3.2346130163738156,1.5,,,distance,707.9502143942561
,,,distance_curve,,,,,,,alpha_dist,,3.226246009102015,1.5,,,distance,716.5837535941861
,,,distance_curve,,,,,,,alpha_dist,,3.2179006448553094,1.5,,,distance,725.217292794116
,,,distance_curve,,,,,,,alpha_dist,,3.20957686764946,1.5,,,distance,733.850831994046
,,,distance_curve,,,,,,,alpha_dist,,3.2012746216450427,1.5,,,distance,742.4843711939759
,,,distance_curve,,,,,,,alpha_dist,,3.1929938511470732,1.5,,,distance,751.1179103939058
,,,distance_curve,,,,,,,alpha_dist,,3.184734500604636,1.5,,,distance,759.7514495938358
,,,distance_curve,,,,,,,alpha_dist,,3.1764965146105073,1.5,,,distance,768.3849887937657
,,,distance_curve,,,,,,,alpha_dist,,3.1682798379007875,1.5,,,distance,777.0185279936957
,,,distance_curve,,,,,,,alpha_dist,,3.1600844153545276,1.5,,,distance,785.6520671936257
,,,distance_curve,,,,,,,alpha_dist,,3.151910191993361,1.5,,,distance,794.2856063935557
,,,distance_curve,,,,,,,alpha_dist,,3.143757112981135,1.5,,,distance,802.9191455934856
,,,distance_curve,,,,,,,alpha_dist,,3.135625123623541,1.5,,,distance,811.5526847934156
,,,distance_curve,,,,,,,alpha_dist,,3.127514169367748,1.5,,,distance,820.1862239933455
,,,distance_curve,,,,,,,alpha_dist,,3.11942419580204,1.5,,,distance,828.8197631932754
,,,distance_curve,,,,,,,alpha_dist,,3.111355148655446,1.5,,,distance,837.4533023932054
,,,distance_curve,,,,,,,alpha_dist,,3.1033069737973795,1.5,,,distance,846.0868415931353
,,,distance_curve,,,,,,,alpha_dist,,3.0952796172372734,1.5,,,distance,854.7203807930653
,,,distance_curve,,,,,,,alpha_dist,,3.0872730251242193,1.5,,,distance,863.3539199929952
,,,distance_curve,,,,,,,alpha_dist,,3.079287143746605,1.5,,,distance,871.9874591929251
,,,distance_curve,,,,,,,alpha_dist,,3.071321919531755,1.5,,,distance,880.6209983928552
,,,distance_curve,,,,,,,alpha_dist,,3.06337729904557,1.5,,,distance,889.2545375927851
,,,distance_curve,,,,,,,alpha_dist,,3.055453228992171,1.5,,,distance,897.8880767927151
,,,distance_curve,,,,,,,alpha_dist,,3.047549656213538,1.5,,,distance,906.521615992645
,,,distance_curve,,,,,,,alpha_dist,,3.0396665276891564,1.5,,,distance,915.155155192575
,,,distance_curve,,,,,,,alpha_dist,,3.03180379053566,1.5,,,distance,923.7886943925049
,,,distance_curve,,,,,,,alpha_dist,,3.0239613920064774,1.5,,,distance,932.4222335924348
,,,distance_curve,,,,,,,alpha_dist,,3.0161392794914765,1.5,,,distance,941.0557727923648
,,,distance_curve,,,,,,,alpha_dist,,3.0083374005166124,1.5,,,distance,949.6893119922947
,,,distance_curve,,,,,,,alpha_dist,,3.0005557027435756,1.5,,,distance,958.3228511922247
,,,distance_curve,,,,,,,alpha_dist,,2.9927941339694404,1.5,,,distance,966.9563903921546
,,,distance_curve,,,,,,,alpha_dist,,2.985052642126315,1.5,,,distance,975.5899295920847
,,,distance_curve,,,,,,,alpha_dist,,2.9773311752809923,1.5,,,distance,984.2234687920146
,,,distance_curve,,,,,,,alpha_dist,,2.969629681634602,1.5,,,distance,992.8570079919446
,,,distance_curve,,,,,,,alpha_dist,,2.961948109522261,1.5,,,distance,1001.4905471918745
,,,distance_curve,,,,,,,alpha_dist,,2.95428640741273,1.5,,,distance,1010.1240863918044
,,,distance_curve,,,,,,,alpha_dist,,2.946644523908064,1.5,,,distance,1018.7576255917344
,,,distance_curve,,,,,,,alpha_dist,,2.9390224077432716,1.5,,,distance,1027.3911647916643
,,,distance_curve,,,,,,,alpha_dist,,2.931420007785968,1.5,,,distance,1036.0247039915944
,,,distance_curve,,,,,,,alpha_dist,,2.923837273036034,1.5,,,distance,1044.6582431915242
,,,distance_curve,,,,,,,alpha_dist,,2.9162741526252716,1.5,,,distance,1053.2917823914543
,,,distance_curve,,,,,,,alpha_dist,,2.9087305958170653,1.5,,,distance,1061.925321591384
,,,distance_curve,,,,,,,alpha_dist,,2.9012065520060393,1.5,,,distance,1070.5588607913141
,,,distance_curve,,,,,,,alpha_dist,,2.893701970717721,1.5,,,distance,1079.192399991244
,,,distance_curve,,,,,,,alpha_dist,,2.886216801608199,1.5,,,distance,1087.825939191174
,,,distance_curve,,,,,,,alpha_dist,,2.878750994463788,1.5,,,distance,1096.4594783911039
,,,distance_curve,,,,,,,alpha_dist,,2.87130449920069,1.5,,,distance,1105.093017591034
,,,distance_curve,,,,,,,alpha_dist,,2.8638772658646605,1.5,,,distance,1113.726556790964
,,,distance_curve,,,,,,,alpha_dist,,2.856469244630672,1.5,,,distance,1122.3600959908938
,,,distance_curve,,,,,,,alpha_dist,,2.849080385802578,1.5,,,distance,1130.9936351908239
,,,distance_curve,,,,,,,alpha_dist,,2.8417106398127845,1.5,,,distance,1139.6271743907537
,,,distance_curve,,,,,,,alpha_dist,,2.8343599572219125,1.5,,,distance,1148.2607135906837
,,,distance_curve,,,,,,,alpha_dist,,2.8270282887184695,1.5,,,distance,1156.8942527906136
,,,distance_curve,,,,,,,alpha_dist,,2.8197155851185154,1.5,,,distance,1165.5277919905436
,,,distance_curve,,,,,,,alpha_dist,,2.812421797365338,1.5,,,distance,1174.1613311904734
,,,distance_curve,,,,,,,alpha_dist,,2.805146876529118,1.5,,,distance,1182.7948703904035
,,,distance_curve,,,,,,,alpha_dist,,2.7978907738066043,1.5,,,distance,1191.4284095903333
,,,distance_curve,,,,,,,alpha_dist,,2.790653440520786,1.5,,,distance,1200.0619487902634
,,,distance_curve,,,,,,,alpha_dist,,2.7834348281205643,1.5,,,distance,1208.6954879901934
,,,distance_curve,,,,,,,alpha_dist,,2.77623488818043,1.5,,,distance,1217.3290271901233
,,,distance_curve,,,,,,,alpha_dist,,2.7690535724001353,1.5,,,distance,1225.9625663900533
,,,distance_curve,,,,,,,alpha_dist,,2.761890832604371,1.5,,,distance,1234.5961055899832
,,,distance_curve,,,,,,,alpha_dist,,2.7547466207424445,1.5,,,distance,1243.2296447899132
,,,distance_curve,,,,,,,alpha_dist,,2.747620888887955,1.5,,,distance,1251.863183989843
,,,distance_curve,,,,,,,alpha_dist,,2.740513589238475,1.5,,,distance,1260.496723189773
,,,distance_curve,,,,,,,alpha_dist,,2.733424674115227,1.5,,,distance,1269.130262389703
,,,distance_curve,,,,,,,alpha_dist,,2.7263540959627655,1.5,,,distance,1277.763801589633
,,,distance_curve,,,,,,,alpha_dist,,2.7193018073486557,1.5,,,distance,1286.3973407895628
,,,distance_curve,,,,,,,alpha_dist,,2.7122677609631585,1.5,,,distance,1295.0308799894929
,,,distance_curve,,,,,,,alpha_dist,,2.7052519096189096,1.5,,,distance,1303.664419189423
,,,distance_curve,,,,,,,alpha_dist,,2.698254206250607,1.5,,,distance,1312.2979583893527
,,,distance_curve,,,,,,,alpha_dist,,2.691274603914692,1.5,,,distance,1320.9314975892828
,,,distance_curve,,,,,,,alpha_dist,,2.684313055789034,1.5,,,distance,1329.5650367892126
,,,distance_curve,,,,,,,alpha_dist,,2.6773695151726185,1.5,,,distance,1338.1985759891427
,,,distance_curve,,,,,,,alpha_dist,,2.6704439354852347,1.5,,,distance,1346.8321151890725
,,,distance_curve,,,,,,,alpha_dist,,2.6635362702671586,1.5,,,distance,1355.4656543890026
,,,distance_curve,,,,,,,alpha_dist,,2.656646473178846,1.5,,,distance,1364.0991935889324
,,,distance_curve,,,,,,,alpha_dist,,2.649774498000619,1.5,,,distance,1372.7327327888624
,,,distance_curve,,,,,,,alpha_dist,,2.6429202986323563,1.5,,,distance,1381.3662719887925
,,,distance_curve,,,,,,,alpha_dist,,2.636083829093185,1.5,,,distance,1389.9998111887223
,,,distance_curve,,,,,,,alpha_dist,,2.629265043521171,1.5,,,distance,1398.6333503886524
,,,distance_curve,,,,,,,alpha_dist,,2.6224638961730116,1.5,,,distance,1407.2668895885822
,,,distance_curve,,,,,,,alpha_dist,,2.6156803414237286,1.5,,,distance,1415.9004287885123
,,,distance_curve,,,,,,,alpha_dist,,2.6089143337663634,1.5,,,distance,1424.533967988442
,,,distance_curve,,,,,,,alpha_dist,,2.6021658278116697,1.5,,,distance,1433.1675071883722
,,,distance_curve,,,,,,,alpha_dist,,2.5954347782878107,1.5,,,distance,1441.801046388302
,,,distance_curve,,,,,,,alpha_dist,,2.5887211400400543,1.5,,,distance,1450.434585588232
,,,distance_curve,,,,,,,alpha_dist,,2.5820248680304703,1.5,,,distance,1459.0681247881619
,,,distance_curve,,,,,,,alpha_dist,,2.57534591733763,1.5,,,distance,1467.701663988092
,,,distance_curve,,,,,,,alpha_dist,,2.5686842431563015,1.5,,,distance,1476.335203188022
,,,distance_curve,,,,,,,alpha_dist,,2.5620398007971525,1.5,,,distance,1484.9687423879518
,,,distance_curve,,,,,,,alpha_dist,,2.5554125456864485,1.5,,,distance,1493.6022815878819
,,,distance_curve,,,,,,,alpha_dist,,2.5488024333657546,1.5,,,distance,1502.2358207878117
,,,distance_curve,,,,,,,alpha_dist,,2.542209419491637,1.5,,,distance,1510.8693599877417
,,,distance_curve,,,,,,,alpha_dist,,2.535633459835365,1.5,,,distance,1519.5028991876716
,,,distance_curve,,,,,,,alpha_dist,,2.5290745102826153,1.5,,,distance,1528.1364383876016
,,,distance_curve,,,,,,,alpha_dist,,2.5225325268331753,1.5,,,distance,1536.7699775875315
,,,distance_curve,,,,,,,alpha_dist,,2.5160074656006484,1.5,,,distance,1545.4035167874615
,,,distance_curve,,,,,,,alpha_dist,,2.50949928281216,1.5,,,distance,1554.0370559873913
,,,distance_curve,,,,,,,alpha_dist,,2.503007934808062,1.5,,,distance,1562.6705951873214
,,,distance_curve,,,,,,,alpha_dist,,2.4965333780416414,1.5,,,distance,1571.3041343872515
,,,distance_curve,,,,,,,alpha_dist,,2.4900755690788294,1.5,,,distance,1579.9376735871813
,,,distance_curve,,,,,,,alpha_dist,,2.4836344645979067,1.5,,,distance,1588.5712127871113
,,,distance_curve,,,,,,,alpha_dist,,2.477210021389216,1.5,,,distance,1597.2047519870412
,,,distance_curve,,,,,,,alpha_dist,,2.47080219635487,1.5,,,distance,1605.8382911869712
,,,distance_curve,,,,,,,alpha_dist,,2.464410946508464,1.5,,,distance,1614.471830386901
,,,distance_curve,,,,,,,alpha_dist,,2.458036228974786,1.5,,,distance,1623.105369586831
,,,distance_curve,,,,,,,alpha_dist,,2.45167800098953,1.5,,,distance,1631.738908786761
,,,distance_curve,,,,,,,alpha_dist,,2.445336219899009,1.5,,,distance,1640.372447986691
,,,distance_curve,,,,,,,alpha_dist,,2.4390108431598683,1.5,,,distance,1649.0059871866208
,,,distance_curve,,,,,,,alpha_dist,,2.432701828338801,1.5,,,distance,1657.6395263865509
,,,distance_curve,,,,,,,alpha_dist,,2.4264091331122626,1.5,,,distance,1666.273065586481
,,,distance_curve,,,,,,,alpha_dist,,2.4201327152661882,1.5,,,distance,1674.9066047864108
,,,distance_curve,,,,,,,alpha_dist,,2.4138725326957067,1.5,,,distance,1683.5401439863408
,,,distance_curve,,,,,,,alpha_dist,,2.4076285434048623,1.5,,,distance,1692.1736831862706
,,,distance_curve,,,,,,,alpha_dist,,2.4014007055063287,1.5,,,distance,1700.8072223862007
,,,distance_curve,,,,,,,alpha_dist,,2.3951889772211308,1.5,,,distance,1709.4407615861305
,,,distance_curve,,,,,,,alpha_dist,,2.3889933168783632,1.5,,,distance,1718.0743007860606
,,,distance_curve,,,,,,,alpha_dist,,2.3828136829149122,1.5,,,distance,1726.7078399859904
,,,distance_curve,,,,,,,alpha_dist,,2.3766500338751744,1.5,,,distance,1735.3413791859205
,,,distance_curve,,,,,,,alpha_dist,,2.3705023284107813,1.5,,,distance,1743.9749183858503
,,,distance_curve,,,,,,,alpha_dist,,2.3643705252803198,1.5,,,distance,1752.6084575857803
,,,distance_curve,,,,,,,alpha_dist,,2.358254583349056,1.5,,,distance,1761.2419967857104
,,,distance_curve,,,,,,,alpha_dist,,2.352154461588661,1.5,,,distance,1769.8755359856402
,,,distance_curve,,,,,,,alpha_dist,,2.3460701190769333,1.5,,,distance,1778.5090751855703
,,,distance_curve,,,,,,,alpha_dist,,2.3400015149975255,1.5,,,distance,1787.1426143855
,,,distance_curve,,,,,,,alpha_dist,,2.333948608639671,1.5,,,distance,1795.7761535854302
,,,distance_curve,,,,,,,alpha_dist,,2.3279113593979086,1.5,,,distance,1804.40969278536
,,,distance_curve,,,,,,,alpha_dist,,2.321889726771813,1.5,,,distance,1813.04323198529
,,,distance_curve,,,,,,,alpha_dist,,2.3158836703657215,1.5,,,distance,1821.6767711852199
,,,distance_curve,,,,,,,alpha_dist,,2.309893149888463,1.5,,,distance,1830.31031038515
,,,distance_curve,,,,,,,alpha_dist,,2.3039181251530882,1.5,,,distance,1838.9438495850798
,,,distance_curve,,,,,,,alpha_dist,,2.2979585560765994,1.5,,,distance,1847.5773887850098
,,,distance_curve,,,,,,,alpha_dist,,2.2920144026796825,1.5,,,distance,1856.2109279849399
,,,distance_curve,,,,,,,alpha_dist,,2.2860856250864385,1.5,,,distance,1864.8444671848697
,,,distance_curve,,,,,,,alpha_dist,,2.280172183524115,1.5,,,distance,1873.4780063847998
,,,distance_curve,,,,,,,alpha_dist,,2.274274038322841,1.5,,,distance,1882.1115455847296
,,,distance_curve,,,,,,,alpha_dist,,2.2683911499153595,1.5,,,distance,1890.7450847846596
,,,distance_curve,,,,,,,alpha_dist,,2.2625234788367625,1.5,,,distance,1899.3786239845895
,,,distance_curve,,,,,,,alpha_dist,,2.2566709857242264,1.5,,,distance,1908.0121631845195
,,,distance_curve,,,,,,,alpha_dist,,2.250833631316748,1.5,,,distance,1916.6457023844494
,,,distance_curve,,,,,,,alpha_dist,,2.245011376454881,1.5,,,distance,1925.2792415843794
,,,distance_curve,,,,,,,alpha_dist,,2.239204182080473,1.5,,,distance,1933.9127807843092
,,,distance_curve,,,,,,,alpha_dist,,2.2334120092364036,1.5,,,distance,1942.5463199842393
,,,distance_curve,,,,,,,alpha_dist,,2.2276348190663233,1.5,,,distance,1951.1798591841693
,,,distance_curve,,,,,,,alpha_dist,,2.2218725728143935,1.5,,,distance,1959.8133983840992
,,,distance_curve,,,,,,,alpha_dist,,2.216125231825024,1.5,,,distance,1968.4469375840292
,,,distance_curve,,,,,,,alpha_dist,,2.210392757542617,1.5,,,distance,1977.080476783959
,,,distance_curve,,,,,,,alpha_dist,,2.204675111511307,1.5,,,distance,1985.714015983889
,,,distance_curve,,,,,,,alpha_dist,,2.198972255374701,1.5,,,distance,1994.347555183819
,,,distance_curve,,,,,,,alpha_dist,,2.1932841508756242,1.5,,,distance,2002.981094383749
,,,distance_curve,,,,,,,alpha_dist,,2.187610759855862,1.5,,,distance,2011.6146335836788
,,,distance_curve,,,,,,,alpha_dist,,2.1819520442559033,1.5,,,distance,2020.2481727836089
,,,distance_curve,,,,,,,alpha_dist,,2.176307966114687,1.5,,,distance,2028.881711983539
,,,distance_curve,,,,,,,alpha_dist,,2.1706784875693454,1.5,,,distance,2037.5152511834688
,,,distance_curve,,,,,,,alpha_dist,,2.1650635708549513,1.5,,,distance,2046.1487903833988
,,,distance_curve,,,,,,,alpha_dist,,2.1594631783042644,1.5,,,distance,2054.7823295833286
,,,distance_curve,,,,,,,alpha_dist,,2.1538772723474793,1.5,,,distance,2063.4158687832587
,,,coordination_curve,,,,,,,w_coord,,-0.0,1.5,,,tgo_mismatch,0.0
,,,coordination_curve,,,,,,,w_coord,,-0.11070691482604117,1.5,,,tgo_mismatch,0.025626600654176195
,,,coordination_curve,,,,,,,w_coord,,-0.22141382965208234,1.5,,,tgo_mismatch,0.05125320130835239
,,,coordination_curve,,,,,,,w_coord,,-0.3321207444781235,1.5,,,tgo_mismatch,0.07687980196252858
,,,coordination_curve,,,,,,,w_coord,,-0.4428276593041647,1.5,,,tgo_mismatch,0.10250640261670478
,,,coordination_curve,,,,,,,w_coord,,-0.5535345741302059,1.5,,,tgo_mismatch,0.12813300327088098
,,,coordination_curve,,,,,,,w_coord,,-0.664241488956247,1.5,,,tgo_mismatch,0.15375960392505716
,,,coordination_curve,,,,,,,w_coord,,-0.7749484037822882,1.5,,,tgo_mismatch,0.17938620457923338
,,,coordination_curve,,,,,,,w_coord,,-0.8856553186083294,1.5,,,tgo_mismatch,0.20501280523340956
,,,coordination_curve,,,,,,,w_coord,,-0.9963622334343705,1.5,,,tgo_mismatch,0.23063940588758575
,,,coordination_curve,,,,,,,w_coord,,-1.1070691482604118,1.5,,,tgo_mismatch,0.25626600654176196
,,,coordination_curve,,,,,,,w_coord,,-1.217776063086453,1.5,,,tgo_mismatch,0.28189260719593817
,,,coordination_curve,,,,,,,w_coord,,-1.328482977912494,1.5,,,tgo_mismatch,0.30751920785011433
,,,coordination_curve,,,,,,,w_coord,,-1.4391898927385351,1.5,,,tgo_mismatch,0.33314580850429054
,,,coordination_curve,,,,,,,w_coord,,-1.5498968075645765,1.5,,,tgo_mismatch,0.35877240915846675
,,,coordination_curve,,,,,,,w_coord,,-1.6606037223906174,1.5,,,tgo_mismatch,0.3843990098126429
,,,coordination_curve,,,,,,,w_coord,,-1.7713106372166587,1.5,,,tgo_mismatch,0.4100256104668191
,,,coordination_curve,,,,,,,w_coord,,-1.8820175520427,1.5,,,tgo_mismatch,0.43565221112099534
,,,coordination_curve,,,,,,,w_coord,,-1.992724466868741,1.5,,,tgo_mismatch,0.4612788117751715
,,,coordination_curve,,,,,,,w_coord,,-2.103431381694782,1.5,,,tgo_mismatch,0.4869054124293477
,,,coordination_curve,,,,,,,w_coord,,-2.2141382965208236,1.5,,,tgo_mismatch,0.5125320130835239
,,,coordination_curve,,,,,,,w_coord,,-2.3248452113468647,1.5,,,tgo_mismatch,0.5381586137377001
,,,coordination_curve,,,,,,,w_coord,,-2.435552126172906,1.5,,,tgo_mismatch,0.5637852143918763
,,,coordination_curve,,,,,,,w_coord,,-2.5462590409989465,1.5,,,tgo_mismatch,0.5894118150460524
,,,coordination_curve,,,,,,,w_coord,,-2.656965955824988,1.5,,,tgo_mismatch,0.6150384157002287
,,,coordination_curve,,,,,,,w_coord,,-2.767672870651029,1.5,,,tgo_mismatch,0.6406650163544049
,,,coordination_curve,,,,,,,w_coord,,-2.8783797854770703,1.5,,,tgo_mismatch,0.6662916170085811
,,,coordination_curve,,,,,,,w_coord,,-2.989086700303112,1.5,,,tgo_mismatch,0.6919182176627573
,,,coordination_curve,,,,,,,w_coord,,-3.099793615129153,1.5,,,tgo_mismatch,0.7175448183169335
,,,coordination_curve,,,,,,,w_coord,,-3.2105005299551936,1.5,,,tgo_mismatch,0.7431714189711096
,,,coordination_curve,,,,,,,w_coord,,-3.3212074447812348,1.5,,,tgo_mismatch,0.7687980196252858
,,,coordination_curve,,,,,,,w_coord,,-3.4319143596072763,1.5,,,tgo_mismatch,0.794424620279462
,,,coordination_curve,,,,,,,w_coord,,-3.5426212744333174,1.5,,,tgo_mismatch,0.8200512209336382
,,,coordination_curve,,,,,,,w_coord,,-3.6533281892593585,1.5,,,tgo_mismatch,0.8456778215878145
,,,coordination_curve,,,,,,,w_coord,,-3.7640351040854,1.5,,,tgo_mismatch,0.8713044222419907
,,,coordination_curve,,,,,,,w_coord,,-3.874742018911441,1.5,,,tgo_mismatch,0.8969310228961669
,,,coordination_curve,,,,,,,w_coord,,-3.985448933737482,1.5,,,tgo_mismatch,0.922557623550343
,,,coordination_curve,,,,,,,w_coord,,-4.096155848563523,1.5,,,tgo_mismatch,0.9481842242045192
,,,coordination_curve,,,,,,,w_coord,,-4.206862763389564,1.5,,,tgo_mismatch,0.9738108248586954
,,,coordination_curve,,,,,,,w_coord,,-4.317569678215606,1.5,,,tgo_mismatch,0.9994374255128716
,,,coordination_curve,,,,,,,w_coord,,-4.428276593041647,1.5,,,tgo_mismatch,1.0250640261670478
,,,coordination_curve,,,,,,,w_coord,,-4.5389835078676875,1.5,,,tgo_mismatch,1.050690626821224
,,,coordination_curve,,,,,,,w_coord,,-4.6496904226937295,1.5,,,tgo_mismatch,1.0763172274754003
,,,coordination_curve,,,,,,,w_coord,,-4.760397337519771,1.5,,,tgo_mismatch,1.1019438281295764
,,,coordination_curve,,,,,,,w_coord,,-4.871104252345812,1.5,,,tgo_mismatch,1.1275704287837527
,,,coordination_curve,,,,,,,w_coord,,-4.981811167171853,1.5,,,tgo_mismatch,1.1531970294379288
,,,coordination_curve,,,,,,,w_coord,,-5.092518081997893,1.5,,,tgo_mismatch,1.178823630092105
,,,coordination_curve,,,,,,,w_coord,,-5.203224996823935,1.5,,,tgo_mismatch,1.2044502307462812
,,,coordination_curve,,,,,,,w_coord,,-5.313931911649976,1.5,,,tgo_mismatch,1.2300768314004573
,,,coordination_curve,,,,,,,w_coord,,-5.424638826476017,1.5,,,tgo_mismatch,1.2557034320546336
,,,coordination_curve,,,,,,,w_coord,,-5.535345741302058,1.5,,,tgo_mismatch,1.2813300327088097
,,,coordination_curve,,,,,,,w_coord,,-5.6460526561281,1.5,,,tgo_mismatch,1.306956633362986
,,,coordination_curve,,,,,,,w_coord,,-5.756759570954141,1.5,,,tgo_mismatch,1.3325832340171622
,,,coordination_curve,,,,,,,w_coord,,-5.867466485780182,1.5,,,tgo_mismatch,1.3582098346713383
,,,coordination_curve,,,,,,,w_coord,,-5.978173400606224,1.5,,,tgo_mismatch,1.3838364353255146
,,,coordination_curve,,,,,,,w_coord,,-6.088880315432264,1.5,,,tgo_mismatch,1.4094630359796907
,,,coordination_curve,,,,,,,w_coord,,-6.199587230258306,1.5,,,tgo_mismatch,1.435089636633867
,,,coordination_curve,,,,,,,w_coord,,-6.310294145084347,1.5,,,tgo_mismatch,1.4607162372880431
,,,coordination_curve,,,,,,,w_coord,,-6.421001059910387,1.5,,,tgo_mismatch,1.4863428379422192
,,,coordination_curve,,,,,,,w_coord,,-6.531707974736429,1.5,,,tgo_mismatch,1.5119694385963955
,,,coordination_curve,,,,,,,w_coord,,-6.6424148895624695,1.5,,,tgo_mismatch,1.5375960392505716
,,,coordination_curve,,,,,,,w_coord,,-6.7531218043885115,1.5,,,tgo_mismatch,1.563222639904748
,,,coordination_curve,,,,,,,w_coord,,-6.863828719214553,1.5,,,tgo_mismatch,1.588849240558924
,,,coordination_curve,,,,,,,w_coord,,-6.974535634040594,1.5,,,tgo_mismatch,1.6144758412131004
,,,coordination_curve,,,,,,,w_coord,,-7.085242548866635,1.5,,,tgo_mismatch,1.6401024418672765
,,,coordination_curve,,,,,,,w_coord,,-7.195949463692676,1.5,,,tgo_mismatch,1.6657290425214526
,,,coordination_curve,,,,,,,w_coord,,-7.306656378518717,1.5,,,tgo_mismatch,1.691355643175629
,,,coordination_curve,,,,,,,w_coord,,-7.417363293344758,1.5,,,tgo_mismatch,1.716982243829805
,,,coordination_curve,,,,,,,w_coord,,-7.5280702081708,1.5,,,tgo_mismatch,1.7426088444839813
,,,coordination_curve,,,,,,,w_coord,,-7.63877712299684,1.5,,,tgo_mismatch,1.7682354451381574
,,,coordination_curve,,,,,,,w_coord,,-7.749484037822882,1.5,,,tgo_mismatch,1.7938620457923338
,,,coordination_curve,,,,,,,w_coord,,-7.8601909526489235,1.5,,,tgo_mismatch,1.8194886464465099
,,,coordination_curve,,,,,,,w_coord,,-7.970897867474964,1.5,,,tgo_mismatch,1.845115247100686
,,,coordination_curve,,,,,,,w_coord,,-8.081604782301005,1.5,,,tgo_mismatch,1.8707418477548623
,,,coordination_curve,,,,,,,w_coord,,-8.192311697127046,1.5,,,tgo_mismatch,1.8963684484090384
,,,coordination_curve,,,,,,,w_coord,,-8.303018611953089,1.5,,,tgo_mismatch,1.9219950490632147
,,,coordination_curve,,,,,,,w_coord,,-8.413725526779128,1.5,,,tgo_mismatch,1.9476216497173908
,,,coordination_curve,,,,,,,w_coord,,-8.52443244160517,1.5,,,tgo_mismatch,1.973248250371567
,,,coordination_curve,,,,,,,w_coord,,-8.635139356431212,1.5,,,tgo_mismatch,1.9988748510257432
,,,coordination_curve,,,,,,,w_coord,,-8.745846271257253,1.5,,,tgo_mismatch,2.0245014516799196
,,,coordination_curve,,,,,,,w_coord,,-8.856553186083294,1.5,,,tgo_mismatch,2.0501280523340957
,,,coordination_curve,,,,,,,w_coord,,-8.967260100909334,1.5,,,tgo_mismatch,2.0757546529882718
,,,coordination_curve,,,,,,,w_coord,,-9.077967015735375,1.5,,,tgo_mismatch,2.101381253642448
,,,coordination_curve,,,,,,,w_coord,,-9.188673930561418,1.5,,,tgo_mismatch,2.1270078542966244
,,,coordination_curve,,,,,,,w_coord,,-9.299380845387459,1.5,,,tgo_mismatch,2.1526344549508005
,,,coordination_curve,,,,,,,w_coord,,-9.4100877602135,1.5,,,tgo_mismatch,2.1782610556049766
,,,coordination_curve,,,,,,,w_coord,,-9.520794675039541,1.5,,,tgo_mismatch,2.2038876562591527
,,,coordination_curve,,,,,,,w_coord,,-9.63150158986558,1.5,,,tgo_mismatch,2.229514256913329
,,,coordination_curve,,,,,,,w_coord,,-9.742208504691623,1.5,,,tgo_mismatch,2.2551408575675054
,,,coordination_curve,,,,,,,w_coord,,-9.852915419517664,1.5,,,tgo_mismatch,2.2807674582216815
,,,coordination_curve,,,,,,,w_coord,,-9.963622334343706,1.5,,,tgo_mismatch,2.3063940588758576
,,,coordination_curve,,,,,,,w_coord,,-10.074329249169747,1.5,,,tgo_mismatch,2.3320206595300337
,,,coordination_curve,,,,,,,w_coord,,-10.185036163995786,1.5,,,tgo_mismatch,2.35764726018421
,,,coordination_curve,,,,,,,w_coord,,-10.295743078821829,1.5,,,tgo_mismatch,2.3832738608383863
,,,coordination_curve,,,,,,,w_coord,,-10.40644999364787,1.5,,,tgo_mismatch,2.4089004614925624
,,,coordination_curve,,,,,,,w_coord,,-10.517156908473911,1.5,,,tgo_mismatch,2.4345270621467385
,,,coordination_curve,,,,,,,w_coord,,-10.627863823299952,1.5,,,tgo_mismatch,2.4601536628009146
,,,coordination_curve,,,,,,,w_coord,,-10.738570738125993,1.5,,,tgo_mismatch,2.4857802634550907
,,,coordination_curve,,,,,,,w_coord,,-10.849277652952035,1.5,,,tgo_mismatch,2.5114068641092673
,,,coordination_curve,,,,,,,w_coord,,-10.959984567778076,1.5,,,tgo_mismatch,2.5370334647634434
,,,coordination_curve,,,,,,,w_coord,,-11.070691482604117,1.5,,,tgo_mismatch,2.5626600654176195
,,,coordination_curve,,,,,,,w_coord,,-11.181398397430158,1.5,,,tgo_mismatch,2.5882866660717956
,,,coordination_curve,,,,,,,w_coord,,-11.2921053122562,1.5,,,tgo_mismatch,2.613913266725972
,,,coordination_curve,,,,,,,w_coord,,-11.402812227082242,1.5,,,tgo_mismatch,2.6395398673801482
,,,coordination_curve,,,,,,,w_coord,,-11.513519141908281,1.5,,,tgo_mismatch,2.6651664680343243
,,,coordination_curve,,,,,,,w_coord,,-11.624226056734322,1.5,,,tgo_mismatch,2.6907930686885004
,,,coordination_curve,,,,,,,w_coord,,-11.734932971560363,1.5,,,tgo_mismatch,2.7164196693426765
,,,coordination_curve,,,,,,,w_coord,,-11.845639886386406,1.5,,,tgo_mismatch,2.742046269996853
,,,coordination_curve,,,,,,,w_coord,,-11.956346801212447,1.5,,,tgo_mismatch,2.767672870651029
,,,coordination_curve,,,,,,,w_coord,,-12.067053716038487,1.5,,,tgo_mismatch,2.7932994713052053
,,,coordination_curve,,,,,,,w_coord,,-12.177760630864528,1.5,,,tgo_mismatch,2.8189260719593814
,,,coordination_curve,,,,,,,w_coord,,-12.288467545690569,1.5,,,tgo_mismatch,2.8445526726135575
,,,coordination_curve,,,,,,,w_coord,,-12.399174460516612,1.5,,,tgo_mismatch,2.870179273267734
,,,coordination_curve,,,,,,,w_coord,,-12.509881375342653,1.5,,,tgo_mismatch,2.89580587392191
,,,coordination_curve,,,,,,,w_coord,,-12.620588290168694,1.5,,,tgo_mismatch,2.9214324745760862
,,,coordination_curve,,,,,,,w_coord,,-12.731295204994733,1.5,,,tgo_mismatch,2.9470590752302623
,,,coordination_curve,,,,,,,w_coord,,-12.842002119820775,1.5,,,tgo_mismatch,2.9726856758844384
,,,coordination_curve,,,,,,,w_coord,,-12.952709034646817,1.5,,,tgo_mismatch,2.998312276538615
,,,coordination_curve,,,,,,,w_coord,,-13.063415949472859,1.5,,,tgo_mismatch,3.023938877192791
,,,coordination_curve,,,,,,,w_coord,,-13.1741228642989,1.5,,,tgo_mismatch,3.049565477846967
,,,coordination_curve,,,,,,,w_coord,,-13.284829779124939,1.5,,,tgo_mismatch,3.0751920785011433
,,,coordination_curve,,,,,,,w_coord,,-13.395536693950982,1.5,,,tgo_mismatch,3.10081867915532
,,,coordination_curve,,,,,,,w_coord,,-13.506243608777023,1.5,,,tgo_mismatch,3.126445279809496
,,,coordination_curve,,,,,,,w_coord,,-13.616950523603064,1.5,,,tgo_mismatch,3.152071880463672
,,,coordination_curve,,,,,,,w_coord,,-13.727657438429105,1.5,,,tgo_mismatch,3.177698481117848
,,,coordination_curve,,,,,,,w_coord,,-13.838364353255146,1.5,,,tgo_mismatch,3.2033250817720242
,,,coordination_curve,,,,,,,w_coord,,-13.949071268081187,1.5,,,tgo_mismatch,3.228951682426201
,,,coordination_curve,,,,,,,w_coord,,-14.059778182907229,1.5,,,tgo_mismatch,3.254578283080377
,,,coordination_curve,,,,,,,w_coord,,-14.17048509773327,1.5,,,tgo_mismatch,3.280204883734553
,,,coordination_curve,,,,,,,w_coord,,-14.28119201255931,1.5,,,tgo_mismatch,3.305831484388729
,,,coordination_curve,,,,,,,w_coord,,-14.391898927385352,1.5,,,tgo_mismatch,3.331458085042905
,,,coordination_curve,,,,,,,w_coord,,-14.502605842211395,1.5,,,tgo_mismatch,3.3570846856970817
,,,coordination_curve,,,,,,,w_coord,,-14.613312757037434,1.5,,,tgo_mismatch,3.382711286351258
,,,coordination_curve,,,,,,,w_coord,,-14.724019671863475,1.5,,,tgo_mismatch,3.408337887005434
,,,coordination_curve,,,,,,,w_coord,,-14.834726586689516,1.5,,,tgo_mismatch,3.43396448765961
,,,coordination_curve,,,,,,,w_coord,,-14.945433501515557,1.5,,,tgo_mismatch,3.459591088313786
,,,coordination_curve,,,,,,,w_coord,,-15.0561404163416,1.5,,,tgo_mismatch,3.4852176889679627
,,,coordination_curve,,,,,,,w_coord,,-15.16684733116764,1.5,,,tgo_mismatch,3.510844289622139
,,,coordination_curve,,,,,,,w_coord,,-15.27755424599368,1.5,,,tgo_mismatch,3.536470890276315
,,,coordination_curve,,,,,,,w_coord,,-15.388261160819722,1.5,,,tgo_mismatch,3.562097490930491
,,,coordination_curve,,,,,,,w_coord,,-15.498968075645765,1.5,,,tgo_mismatch,3.5877240915846675
,,,coordination_curve,,,,,,,w_coord,,-15.609674990471806,1.5,,,tgo_mismatch,3.6133506922388436
,,,coordination_curve,,,,,,,w_coord,,-15.720381905297847,1.5,,,tgo_mismatch,3.6389772928930197
,,,coordination_curve,,,,,,,w_coord,,-15.831088820123886,1.5,,,tgo_mismatch,3.664603893547196
,,,coordination_curve,,,,,,,w_coord,,-15.941795734949928,1.5,,,tgo_mismatch,3.690230494201372
,,,coordination_curve,,,,,,,w_coord,,-16.05250264977597,1.5,,,tgo_mismatch,3.7158570948555485
,,,coordination_curve,,,,,,,w_coord,,-16.16320956460201,1.5,,,tgo_mismatch,3.7414836955097246
,,,coordination_curve,,,,,,,w_coord,,-16.273916479428053,1.5,,,tgo_mismatch,3.7671102961639007
,,,coordination_curve,,,,,,,w_coord,,-16.384623394254092,1.5,,,tgo_mismatch,3.792736896818077
,,,coordination_curve,,,,,,,w_coord,,-16.495330309080135,1.5,,,tgo_mismatch,3.818363497472253
,,,coordination_curve,,,,,,,w_coord,,-16.606037223906178,1.5,,,tgo_mismatch,3.8439900981264294
,,,coordination_curve,,,,,,,w_coord,,-16.716744138732217,1.5,,,tgo_mismatch,3.8696166987806055
,,,coordination_curve,,,,,,,w_coord,,-16.827451053558256,1.5,,,tgo_mismatch,3.8952432994347816
,,,coordination_curve,,,,,,,w_coord,,-16.9381579683843,1.5,,,tgo_mismatch,3.9208699000889577
,,,coordination_curve,,,,,,,w_coord,,-17.04886488321034,1.5,,,tgo_mismatch,3.946496500743134
,,,coordination_curve,,,,,,,w_coord,,-17.15957179803638,1.5,,,tgo_mismatch,3.9721231013973104
,,,coordination_curve,,,,,,,w_coord,,-17.270278712862424,1.5,,,tgo_mismatch,3.9977497020514865
,,,coordination_curve,,,,,,,w_coord,,-17.380985627688464,1.5,,,tgo_mismatch,4.023376302705663
,,,coordination_curve,,,,,,,w_coord,,-17.491692542514507,1.5,,,tgo_mismatch,4.049002903359839
,,,coordination_curve,,,,,,,w_coord,,-17.602399457340546,1.5,,,tgo_mismatch,4.074629504014015
,,,coordination_curve,,,,,,,w_coord,,-17.71310637216659,1.5,,,tgo_mismatch,4.100256104668191
,,,coordination_curve,,,,,,,w_coord,,-17.82381328699263,1.5,,,tgo_mismatch,4.1258827053223674
,,,coordination_curve,,,,,,,w_coord,,-17.934520201818668,1.5,,,tgo_mismatch,4.1515093059765436
,,,coordination_curve,,,,,,,w_coord,,-18.04522711664471,1.5,,,tgo_mismatch,4.17713590663072
,,,coordination_curve,,,,,,,w_coord,,-18.15593403147075,1.5,,,tgo_mismatch,4.202762507284896
,,,coordination_curve,,,,,,,w_coord,,-18.266640946296793,1.5,,,tgo_mismatch,4.228389107939072
,,,coordination_curve,,,,,,,w_coord,,-18.377347861122836,1.5,,,tgo_mismatch,4.254015708593249
,,,coordination_curve,,,,,,,w_coord,,-18.48805477594888,1.5,,,tgo_mismatch,4.279642309247425
,,,coordination_curve,,,,,,,w_coord,,-18.598761690774918,1.5,,,tgo_mismatch,4.305268909901601
,,,coordination_curve,,,,,,,w_coord,,-18.709468605600957,1.5,,,tgo_mismatch,4.330895510555777
,,,coordination_curve,,,,,,,w_coord,,-18.820175520427,1.5,,,tgo_mismatch,4.356522111209953
,,,coordination_curve,,,,,,,w_coord,,-18.93088243525304,1.5,,,tgo_mismatch,4.382148711864129
,,,coordination_curve,,,,,,,w_coord,,-19.041589350079082,1.5,,,tgo_mismatch,4.4077753125183055
,,,coordination_curve,,,,,,,w_coord,,-19.15229626490512,1.5,,,tgo_mismatch,4.433401913172482
,,,coordination_curve,,,,,,,w_coord,,-19.26300317973116,1.5,,,tgo_mismatch,4.459028513826658
,,,coordination_curve,,,,,,,w_coord,,-19.373710094557204,1.5,,,tgo_mismatch,4.484655114480834
,,,coordination_curve,,,,,,,w_coord,,-19.484417009383247,1.5,,,tgo_mismatch,4.510281715135011
,,,coordination_curve,,,,,,,w_coord,,-19.59512392420929,1.5,,,tgo_mismatch,4.535908315789187
,,,coordination_curve,,,,,,,w_coord,,-19.70583083903533,1.5,,,tgo_mismatch,4.561534916443363
,,,coordination_curve,,,,,,,w_coord,,-19.81653775386137,1.5,,,tgo_mismatch,4.587161517097539
,,,coordination_curve,,,,,,,w_coord,,-19.92724466868741,1.5,,,tgo_mismatch,4.612788117751715
,,,coordination_curve,,,,,,,w_coord,,-20.03795158351345,1.5,,,tgo_mismatch,4.638414718405891
,,,coordination_curve,,,,,,,w_coord,,-20.148658498339493,1.5,,,tgo_mismatch,4.664041319060067
,,,coordination_curve,,,,,,,w_coord,,-20.259365413165533,1.5,,,tgo_mismatch,4.6896679197142435
,,,coordination_curve,,,,,,,w_coord,,-20.370072327991572,1.5,,,tgo_mismatch,4.71529452036842
,,,coordination_curve,,,,,,,w_coord,,-20.48077924281762,1.5,,,tgo_mismatch,4.7409211210225966
,,,coordination_curve,,,,,,,w_coord,,-20.591486157643658,1.5,,,tgo_mismatch,4.766547721676773
,,,coordination_curve,,,,,,,w_coord,,-20.7021930724697,1.5,,,tgo_mismatch,4.792174322330949
,,,coordination_curve,,,,,,,w_coord,,-20.81289998729574,1.5,,,tgo_mismatch,4.817800922985125
,,,coordination_curve,,,,,,,w_coord,,-20.923606902121783,1.5,,,tgo_mismatch,4.843427523639301
,,,coordination_curve,,,,,,,w_coord,,-21.034313816947822,1.5,,,tgo_mismatch,4.869054124293477
,,,coordination_curve,,,,,,,w_coord,,-21.14502073177386,1.5,,,tgo_mismatch,4.894680724947653
,,,coordination_curve,,,,,,,w_coord,,-21.255727646599905,1.5,,,tgo_mismatch,4.920307325601829
,,,coordination_curve,,,,,,,w_coord,,-21.366434561425944,1.5,,,tgo_mismatch,4.945933926256005
,,,coordination_curve,,,,,,,w_coord,,-21.477141476251987,1.5,,,tgo_mismatch,4.9715605269101815
,,,coordination_curve,,,,,,,w_coord,,-21.58784839107803,1.5,,,tgo_mismatch,4.9971871275643585
,,,coordination_curve,,,,,,,w_coord,,-21.69855530590407,1.5,,,tgo_mismatch,5.022813728218535
,,,coordination_curve,,,,,,,w_coord,,-21.809262220730112,1.5,,,tgo_mismatch,5.048440328872711
,,,coordination_curve,,,,,,,w_coord,,-21.91996913555615,1.5,,,tgo_mismatch,5.074066929526887
,,,coordination_curve,,,,,,,w_coord,,-22.030676050382194,1.5,,,tgo_mismatch,5.099693530181063
,,,coordination_curve,,,,,,,w_coord,,-22.141382965208233,1.5,,,tgo_mismatch,5.125320130835239
,,,coordination_curve,,,,,,,w_coord,,-22.252089880034273,1.5,,,tgo_mismatch,5.150946731489415
,,,coordination_curve,,,,,,,w_coord,,-22.362796794860316,1.5,,,tgo_mismatch,5.176573332143591
,,,coordination_curve,,,,,,,w_coord,,-22.473503709686355,1.5,,,tgo_mismatch,5.202199932797767
,,,coordination_curve,,,,,,,w_coord,,-22.5842106245124,1.5,,,tgo_mismatch,5.227826533451944
,,,coordination_curve,,,,,,,w_coord,,-22.69491753933844,1.5,,,tgo_mismatch,5.25345313410612
,,,coordination_curve,,,,,,,w_coord,,-22.805624454164484,1.5,,,tgo_mismatch,5.2790797347602965
,,,coordination_curve,,,,,,,w_coord,,-22.916331368990523,1.5,,,tgo_mismatch,5.304706335414473
,,,coordination_curve,,,,,,,w_coord,,-23.027038283816562,1.5,,,tgo_mismatch,5.330332936068649
,,,coordination_curve,,,,,,,w_coord,,-23.137745198642605,1.5,,,tgo_mismatch,5.355959536722825
,,,coordination_curve,,,,,,,w_coord,,-23.248452113468645,1.5,,,tgo_mismatch,5.381586137377001
,,,coordination_curve,,,,,,,w_coord,,-23.359159028294687,1.5,,,tgo_mismatch,5.407212738031177
,,,coordination_curve,,,,,,,w_coord,,-23.469865943120727,1.5,,,tgo_mismatch,5.432839338685353
,,,coordination_curve,,,,,,,w_coord,,-23.580572857946766,1.5,,,tgo_mismatch,5.458465939339529
,,,coordination_curve,,,,,,,w_coord,,-23.691279772772813,1.5,,,tgo_mismatch,5.484092539993706
,,,coordination_curve,,,,,,,w_coord,,-23.801986687598852,1.5,,,tgo_mismatch,5.509719140647882
,,,coordination_curve,,,,,,,w_coord,,-23.912693602424895,1.5,,,tgo_mismatch,5.535345741302058
,,,coordination_curve,,,,,,,w_coord,,-24.023400517250934,1.5,,,tgo_mismatch,5.5609723419562345
,,,coordination_curve,,,,,,,w_coord,,-24.134107432076974,1.5,,,tgo_mismatch,5.586598942610411
,,,coordination_curve,,,,,,,w_coord,,-24.244814346903016,1.5,,,tgo_mismatch,5.612225543264587
,,,coordination_curve,,,,,,,w_coord,,-24.355521261729056,1.5,,,tgo_mismatch,5.637852143918763
,,,coordination_curve,,,,,,,w_coord,,-24.4662281765551,1.5,,,tgo_mismatch,5.663478744572939
,,,coordination_curve,,,,,,,w_coord,,-24.576935091381138,1.5,,,tgo_mismatch,5.689105345227115
,,,coordination_curve,,,,,,,w_coord,,-24.687642006207184,1.5,,,tgo_mismatch,5.714731945881292
,,,coordination_curve,,,,,,,w_coord,,-24.798348921033224,1.5,,,tgo_mismatch,5.740358546535468
,,,coordination_curve,,,,,,,w_coord,,-24.909055835859263,1.5,,,tgo_mismatch,5.765985147189644
,,,coordination_curve,,,,,,,w_coord,,-25.019762750685306,1.5,,,tgo_mismatch,5.79161174784382
,,,coordination_curve,,,,,,,w_coord,,-25.130469665511345,1.5,,,tgo_mismatch,5.817238348497996
,,,coordination_curve,,,,,,,w_coord,,-25.241176580337388,1.5,,,tgo_mismatch,5.8428649491521725
,,,coordination_curve,,,,,,,w_coord,,-25.351883495163428,1.5,,,tgo_mismatch,5.868491549806349
,,,coordination_curve,,,,,,,w_coord,,-25.462590409989467,1.5,,,tgo_mismatch,5.894118150460525
,,,coordination_curve,,,,,,,w_coord,,-25.57329732481551,1.5,,,tgo_mismatch,5.919744751114701
,,,coordination_curve,,,,,,,w_coord,,-25.68400423964155,1.5,,,tgo_mismatch,5.945371351768877
,,,coordination_curve,,,,,,,w_coord,,-25.794711154467596,1.5,,,tgo_mismatch,5.970997952423054
,,,coordination_curve,,,,,,,w_coord,,-25.905418069293635,1.5,,,tgo_mismatch,5.99662455307723
,,,coordination_curve,,,,,,,w_coord,,-26.016124984119674,1.5,,,tgo_mismatch,6.022251153731406
,,,coordination_curve,,,,,,,w_coord,,-26.126831898945717,1.5,,,tgo_mismatch,6.047877754385582
,,,coordination_curve,,,,,,,w_coord,,-26.237538813771756,1.5,,,tgo_mismatch,6.073504355039758
,,,coordination_curve,,,,,,,w_coord,,-26.3482457285978,1.5,,,tgo_mismatch,6.099130955693934
,,,coordination_curve,,,,,,,w_coord,,-26.45895264342384,1.5,,,tgo_mismatch,6.1247575563481105
,,,energy_curve,,,,,,,w_energy,,-0.0,1.5,,,control_effort,0.0
,,,energy_curve,,,,,,,w_energy,,-5.749320687875325e-07,1.5,,,control_effort,0.007665760917167101
,,,energy_curve,,,,,,,w_energy,,-1.149864137575065e-06,1.5,,,control_effort,0.015331521834334201
,,,energy_curve,,,,,,,w_energy,,-1.7247962063625976e-06,1.5,,,control_effort,0.022997282751501303
,,,energy_curve,,,,,,,w_energy,,-2.29972827515013e-06,1.5,,,control_effort,0.030663043668668403
,,,energy_curve,,,,,,,w_energy,,-2.8746603439376625e-06,1.5,,,control_effort,0.038328804585835506
,,,energy_curve,,,,,,,w_energy,,-3.4495924127251953e-06,1.5,,,control_effort,0.045994565503002606
,,,energy_curve,,,,,,,w_energy,,-4.024524481512727e-06,1.5,,,control_effort,0.053660326420169706
,,,energy_curve,,,,,,,w_energy,,-4.59945655030026e-06,1.5,,,control_effort,0.061326087337336806
,,,energy_curve,,,,,,,w_energy,,-5.174388619087793e-06,1.5,,,control_effort,0.06899184825450391
,,,energy_curve,,,,,,,w_energy,,-5.749320687875325e-06,1.5,,,control_effort,0.07665760917167101
,,,energy_curve,,,,,,,w_energy,,-6.324252756662858e-06,1.5,,,control_effort,0.08432337008883811
,,,energy_curve,,,,,,,w_energy,,-6.8991848254503906e-06,1.5,,,control_effort,0.09198913100600521
,,,energy_curve,,,,,,,w_energy,,-7.474116894237923e-06,1.5,,,control_effort,0.09965489192317231
,,,energy_curve,,,,,,,w_energy,,-8.049048963025454e-06,1.5,,,control_effort,0.10732065284033941
,,,energy_curve,,,,,,,w_energy,,-8.623981031812988e-06,1.5,,,control_effort,0.11498641375750651
,,,energy_curve,,,,,,,w_energy,,-9.19891310060052e-06,1.5,,,control_effort,0.12265217467467361
,,,energy_curve,,,,,,,w_energy,,-9.773845169388052e-06,1.5,,,control_effort,0.1303179355918407
,,,energy_curve,,,,,,,w_energy,,-1.0348777238175585e-05,1.5,,,control_effort,0.13798369650900782
,,,energy_curve,,,,,,,w_energy,,-1.0923709306963117e-05,1.5,,,control_effort,0.1456494574261749
,,,energy_curve,,,,,,,w_energy,,-1.149864137575065e-05,1.5,,,control_effort,0.15331521834334202
,,,energy_curve,,,,,,,w_energy,,-1.2073573444538182e-05,1.5,,,control_effort,0.1609809792605091
,,,energy_curve,,,,,,,w_energy,,-1.2648505513325716e-05,1.5,,,control_effort,0.16864674017767622
,,,energy_curve,,,,,,,w_energy,,-1.3223437582113248e-05,1.5,,,control_effort,0.1763125010948433
,,,energy_curve,,,,,,,w_energy,,-1.3798369650900781e-05,1.5,,,control_effort,0.18397826201201042
,,,energy_curve,,,,,,,w_energy,,-1.4373301719688313e-05,1.5,,,control_effort,0.1916440229291775
,,,energy_curve,,,,,,,w_energy,,-1.4948233788475846e-05,1.5,,,control_effort,0.19930978384634462
,,,energy_curve,,,,,,,w_energy,,-1.5523165857263376e-05,1.5,,,control_effort,0.2069755447635117
,,,energy_curve,,,,,,,w_energy,,-1.609809792605091e-05,1.5,,,control_effort,0.21464130568067882
,,,energy_curve,,,,,,,w_energy,,-1.6673029994838442e-05,1.5,,,control_effort,0.2223070665978459
,,,energy_curve,,,,,,,w_energy,,-1.7247962063625975e-05,1.5,,,control_effort,0.22997282751501302
,,,energy_curve,,,,,,,w_energy,,-1.7822894132413505e-05,1.5,,,control_effort,0.2376385884321801
,,,energy_curve,,,,,,,w_energy,,-1.839782620120104e-05,1.5,,,control_effort,0.24530434934934722
,,,energy_curve,,,,,,,w_energy,,-1.8972758269988575e-05,1.5,,,control_effort,0.25297011026651434
,,,energy_curve,,,,,,,w_energy,,-1.9547690338776104e-05,1.5,,,control_effort,0.2606358711836814
,,,energy_curve,,,,,,,w_energy,,-2.0122622407563638e-05,1.5,,,control_effort,0.2683016321008485
,,,energy_curve,,,,,,,w_energy,,-2.069755447635117e-05,1.5,,,control_effort,0.27596739301801565
,,,energy_curve,,,,,,,w_energy,,-2.1272486545138704e-05,1.5,,,control_effort,0.28363315393518274
,,,energy_curve,,,,,,,w_energy,,-2.1847418613926234e-05,1.5,,,control_effort,0.2912989148523498
,,,energy_curve,,,,,,,w_energy,,-2.2422350682713767e-05,1.5,,,control_effort,0.2989646757695169
,,,energy_curve,,,,,,,w_energy,,-2.29972827515013e-05,1.5,,,control_effort,0.30663043668668405
,,,energy_curve,,,,,,,w_energy,,-2.3572214820288833e-05,1.5,,,control_effort,0.31429619760385114
,,,energy_curve,,,,,,,w_energy,,-2.4147146889076363e-05,1.5,,,control_effort,0.3219619585210182
,,,energy_curve,,,,,,,w_energy,,-2.4722078957863896e-05,1.5,,,control_effort,0.3296277194381853
,,,energy_curve,,,,,,,w_energy,,-2.5297011026651433e-05,1.5,,,control_effort,0.33729348035535245
,,,energy_curve,,,,,,,w_energy,,-2.5871943095438963e-05,1.5,,,control_effort,0.34495924127251953
,,,energy_curve,,,,,,,w_energy,,-2.6446875164226496e-05,1.5,,,control_effort,0.3526250021896866
,,,energy_curve,,,,,,,w_energy,,-2.7021807233014026e-05,1.5,,,control_effort,0.3602907631068537
,,,energy_curve,,,,,,,w_energy,,-2.7596739301801562e-05,1.5,,,control_effort,0.36795652402402085
,,,energy_curve,,,,,,,w_energy,,-2.8171671370589092e-05,1.5,,,control_effort,0.37562228494118793
,,,energy_curve,,,,,,,w_energy,,-2.8746603439376625e-05,1.5,,,control_effort,0.383288045858355
,,,energy_curve,,,,,,,w_energy,,-2.932153550816416e-05,1.5,,,control_effort,0.39095380677552216
,,,energy_curve,,,,,,,w_energy,,-2.989646757695169e-05,1.5,,,control_effort,0.39861956769268925
,,,energy_curve,,,,,,,w_energy,,-3.047139964573922e-05,1.5,,,control_effort,0.40628532860985633
,,,energy_curve,,,,,,,w_energy,,-3.104633171452675e-05,1.5,,,control_effort,0.4139510895270234
,,,energy_curve,,,,,,,w_energy,,-3.162126378331429e-05,1.5,,,control_effort,0.42161685044419056
,,,energy_curve,,,,,,,w_energy,,-3.219619585210182e-05,1.5,,,control_effort,0.42928261136135765
,,,energy_curve,,,,,,,w_energy,,-3.277112792088935e-05,1.5,,,control_effort,0.43694837227852473
,,,energy_curve,,,,,,,w_energy,,-3.3346059989676884e-05,1.5,,,control_effort,0.4446141331956918
,,,energy_curve,,,,,,,w_energy,,-3.392099205846442e-05,1.5,,,control_effort,0.45227989411285896
,,,energy_curve,,,,,,,w_energy,,-3.449592412725195e-05,1.5,,,control_effort,0.45994565503002605
,,,energy_curve,,,,,,,w_energy,,-3.5070856196039483e-05,1.5,,,control_effort,0.46761141594719313
,,,energy_curve,,,,,,,w_energy,,-3.564578826482701e-05,1.5,,,control_effort,0.4752771768643602
,,,energy_curve,,,,,,,w_energy,,-3.622072033361455e-05,1.5,,,control_effort,0.48294293778152736
,,,energy_curve,,,,,,,w_energy,,-3.679565240240208e-05,1.5,,,control_effort,0.49060869869869445
,,,energy_curve,,,,,,,w_energy,,-3.737058447118961e-05,1.5,,,control_effort,0.49827445961586153
,,,energy_curve,,,,,,,w_energy,,-3.794551653997715e-05,1.5,,,control_effort,0.5059402205330287
,,,energy_curve,,,,,,,w_energy,,-3.8520448608764676e-05,1.5,,,control_effort,0.5136059814501958
,,,energy_curve,,,,,,,w_energy,,-3.909538067755221e-05,1.5,,,control_effort,0.5212717423673628
,,,energy_curve,,,,,,,w_energy,,-3.967031274633974e-05,1.5,,,control_effort,0.5289375032845299
,,,energy_curve,,,,,,,w_energy,,-4.0245244815127275e-05,1.5,,,control_effort,0.536603264201697
,,,energy_curve,,,,,,,w_energy,,-4.08201768839148e-05,1.5,,,control_effort,0.5442690251188641
,,,energy_curve,,,,,,,w_energy,,-4.139510895270234e-05,1.5,,,control_effort,0.5519347860360313
,,,energy_curve,,,,,,,w_energy,,-4.1970041021489875e-05,1.5,,,control_effort,0.5596005469531984
,,,energy_curve,,,,,,,w_energy,,-4.254497309027741e-05,1.5,,,control_effort,0.5672663078703655
,,,energy_curve,,,,,,,w_energy,,-4.311990515906494e-05,1.5,,,control_effort,0.5749320687875326
,,,energy_curve,,,,,,,w_energy,,-4.369483722785247e-05,1.5,,,control_effort,0.5825978297046996
,,,energy_curve,,,,,,,w_energy,,-4.426976929664e-05,1.5,,,control_effort,0.5902635906218667
,,,energy_curve,,,,,,,w_energy,,-4.4844701365427534e-05,1.5,,,control_effort,0.5979293515390338
,,,energy_curve,,,,,,,w_energy,,-4.541963343421506e-05,1.5,,,control_effort,0.6055951124562009
,,,energy_curve,,,,,,,w_energy,,-4.59945655030026e-05,1.5,,,control_effort,0.6132608733733681
,,,energy_curve,,,,,,,w_energy,,-4.6569497571790134e-05,1.5,,,control_effort,0.6209266342905352
,,,energy_curve,,,,,,,w_energy,,-4.714442964057767e-05,1.5,,,control_effort,0.6285923952077023
,,,energy_curve,,,,,,,w_energy,,-4.77193617093652e-05,1.5,,,control_effort,0.6362581561248694
,,,energy_curve,,,,,,,w_energy,,-4.8294293778152726e-05,1.5,,,control_effort,0.6439239170420364
,,,energy_curve,,,,,,,w_energy,,-4.886922584694026e-05,1.5,,,control_effort,0.6515896779592035
,,,energy_curve,,,,,,,w_energy,,-4.944415791572779e-05,1.5,,,control_effort,0.6592554388763706
,,,energy_curve,,,,,,,w_energy,,-5.001908998451533e-05,1.5,,,control_effort,0.6669211997935378
,,,energy_curve,,,,,,,w_energy,,-5.0594022053302866e-05,1.5,,,control_effort,0.6745869607107049
,,,energy_curve,,,,,,,w_energy,,-5.116895412209039e-05,1.5,,,control_effort,0.682252721627872
,,,energy_curve,,,,,,,w_energy,,-5.1743886190877925e-05,1.5,,,control_effort,0.6899184825450391
,,,energy_curve,,,,,,,w_energy,,-5.231881825966546e-05,1.5,,,control_effort,0.6975842434622062
,,,energy_curve,,,,,,,w_energy,,-5.289375032845299e-05,1.5,,,control_effort,0.7052500043793732
,,,energy_curve,,,,,,,w_energy,,-5.346868239724052e-05,1.5,,,control_effort,0.7129157652965403
,,,energy_curve,,,,,,,w_energy,,-5.404361446602805e-05,1.5,,,control_effort,0.7205815262137074
,,,energy_curve,,,,,,,w_energy,,-5.461854653481559e-05,1.5,,,control_effort,0.7282472871308746
,,,energy_curve,,,,,,,w_energy,,-5.5193478603603124e-05,1.5,,,control_effort,0.7359130480480417
,,,energy_curve,,,,,,,w_energy,,-5.576841067239065e-05,1.5,,,control_effort,0.7435788089652088
,,,energy_curve,,,,,,,w_energy,,-5.6343342741178184e-05,1.5,,,control_effort,0.7512445698823759
,,,energy_curve,,,,,,,w_energy,,-5.691827480996572e-05,1.5,,,control_effort,0.758910330799543
,,,energy_curve,,,,,,,w_energy,,-5.749320687875325e-05,1.5,,,control_effort,0.76657609171671
,,,energy_curve,,,,,,,w_energy,,-5.806813894754078e-05,1.5,,,control_effort,0.7742418526338771
,,,energy_curve,,,,,,,w_energy,,-5.864307101632832e-05,1.5,,,control_effort,0.7819076135510443
,,,energy_curve,,,,,,,w_energy,,-5.921800308511585e-05,1.5,,,control_effort,0.7895733744682114
,,,energy_curve,,,,,,,w_energy,,-5.979293515390338e-05,1.5,,,control_effort,0.7972391353853785
,,,energy_curve,,,,,,,w_energy,,-6.0367867222690916e-05,1.5,,,control_effort,0.8049048963025456
,,,energy_curve,,,,,,,w_energy,,-6.094279929147844e-05,1.5,,,control_effort,0.8125706572197127
,,,energy_curve,,,,,,,w_energy,,-6.151773136026598e-05,1.5,,,control_effort,0.8202364181368798
,,,energy_curve,,,,,,,w_energy,,-6.20926634290535e-05,1.5,,,control_effort,0.8279021790540468
,,,energy_curve,,,,,,,w_energy,,-6.266759549784104e-05,1.5,,,control_effort,0.8355679399712139
,,,energy_curve,,,,,,,w_energy,,-6.324252756662858e-05,1.5,,,control_effort,0.8432337008883811
,,,energy_curve,,,,,,,w_energy,,-6.381745963541612e-05,1.5,,,control_effort,0.8508994618055482
,,,energy_curve,,,,,,,w_energy,,-6.439239170420364e-05,1.5,,,control_effort,0.8585652227227153
,,,energy_curve,,,,,,,w_energy,,-6.496732377299117e-05,1.5,,,control_effort,0.8662309836398824
,,,energy_curve,,,,,,,w_energy,,-6.55422558417787e-05,1.5,,,control_effort,0.8738967445570495
,,,energy_curve,,,,,,,w_energy,,-6.611718791056623e-05,1.5,,,control_effort,0.8815625054742166
,,,energy_curve,,,,,,,w_energy,,-6.669211997935377e-05,1.5,,,control_effort,0.8892282663913836
,,,energy_curve,,,,,,,w_energy,,-6.72670520481413e-05,1.5,,,control_effort,0.8968940273085508
,,,energy_curve,,,,,,,w_energy,,-6.784198411692883e-05,1.5,,,control_effort,0.9045597882257179
,,,energy_curve,,,,,,,w_energy,,-6.841691618571637e-05,1.5,,,control_effort,0.912225549142885
,,,energy_curve,,,,,,,w_energy,,-6.89918482545039e-05,1.5,,,control_effort,0.9198913100600521
,,,energy_curve,,,,,,,w_energy,,-6.956678032329143e-05,1.5,,,control_effort,0.9275570709772192
,,,energy_curve,,,,,,,w_energy,,-7.014171239207897e-05,1.5,,,control_effort,0.9352228318943863
,,,energy_curve,,,,,,,w_energy,,-7.07166444608665e-05,1.5,,,control_effort,0.9428885928115533
,,,energy_curve,,,,,,,w_energy,,-7.129157652965402e-05,1.5,,,control_effort,0.9505543537287204
,,,energy_curve,,,,,,,w_energy,,-7.186650859844157e-05,1.5,,,control_effort,0.9582201146458876
,,,energy_curve,,,,,,,w_energy,,-7.24414406672291e-05,1.5,,,control_effort,0.9658858755630547
,,,energy_curve,,,,,,,w_energy,,-7.301637273601663e-05,1.5,,,control_effort,0.9735516364802218
,,,energy_curve,,,,,,,w_energy,,-7.359130480480417e-05,1.5,,,control_effort,0.9812173973973889
,,,energy_curve,,,,,,,w_energy,,-7.416623687359169e-05,1.5,,,control_effort,0.988883158314556
,,,energy_curve,,,,,,,w_energy,,-7.474116894237922e-05,1.5,,,control_effort,0.9965489192317231
,,,energy_curve,,,,,,,w_energy,,-7.531610101116677e-05,1.5,,,control_effort,1.0042146801488903
,,,energy_curve,,,,,,,w_energy,,-7.58910330799543e-05,1.5,,,control_effort,1.0118804410660573
,,,energy_curve,,,,,,,w_energy,,-7.646596514874183e-05,1.5,,,control_effort,1.0195462019832244
,,,energy_curve,,,,,,,w_energy,,-7.704089721752935e-05,1.5,,,control_effort,1.0272119629003915
,,,energy_curve,,,,,,,w_energy,,-7.761582928631688e-05,1.5,,,control_effort,1.0348777238175586
,,,energy_curve,,,,,,,w_energy,,-7.819076135510442e-05,1.5,,,control_effort,1.0425434847347257
,,,energy_curve,,,,,,,w_energy,,-7.876569342389195e-05,1.5,,,control_effort,1.0502092456518928
,,,energy_curve,,,,,,,w_energy,,-7.934062549267948e-05,1.5,,,control_effort,1.0578750065690599
,,,energy_curve,,,,,,,w_energy,,-7.991555756146702e-05,1.5,,,control_effort,1.065540767486227
,,,energy_curve,,,,,,,w_energy,,-8.049048963025455e-05,1.5,,,control_effort,1.073206528403394
,,,energy_curve,,,,,,,w_energy,,-8.106542169904207e-05,1.5,,,control_effort,1.0808722893205611
,,,energy_curve,,,,,,,w_energy,,-8.16403537678296e-05,1.5,,,control_effort,1.0885380502377282
,,,energy_curve,,,,,,,w_energy,,-8.221528583661714e-05,1.5,,,control_effort,1.0962038111548953
,,,energy_curve,,,,,,,w_energy,,-8.279021790540468e-05,1.5,,,control_effort,1.1038695720720626
,,,energy_curve,,,,,,,w_energy,,-8.336514997419222e-05,1.5,,,control_effort,1.1115353329892297
,,,energy_curve,,,,,,,w_energy,,-8.394008204297975e-05,1.5,,,control_effort,1.1192010939063968
,,,energy_curve,,,,,,,w_energy,,-8.451501411176728e-05,1.5,,,control_effort,1.1268668548235639
,,,energy_curve,,,,,,,w_energy,,-8.508994618055482e-05,1.5,,,control_effort,1.134532615740731
,,,energy_curve,,,,,,,w_energy,,-8.566487824934235e-05,1.5,,,control_effort,1.142198376657898
,,,energy_curve,,,,,,,w_energy,,-8.623981031812988e-05,1.5,,,control_effort,1.1498641375750651
,,,energy_curve,,,,,,,w_energy,,-8.68147423869174e-05,1.5,,,control_effort,1.1575298984922322
,,,energy_curve,,,,,,,w_energy,,-8.738967445570494e-05,1.5,,,control_effort,1.1651956594093993
,,,energy_curve,,,,,,,w_energy,,-8.796460652449247e-05,1.5,,,control_effort,1.1728614203265664
,,,energy_curve,,,,,,,w_energy,,-8.853953859328e-05,1.5,,,control_effort,1.1805271812437335
,,,energy_curve,,,,,,,w_energy,,-8.911447066206753e-05,1.5,,,control_effort,1.1881929421609005
,,,energy_curve,,,,,,,w_energy,,-8.968940273085507e-05,1.5,,,control_effort,1.1958587030780676
,,,energy_curve,,,,,,,w_energy,,-9.02643347996426e-05,1.5,,,control_effort,1.2035244639952347
,,,energy_curve,,,,,,,w_energy,,-9.083926686843012e-05,1.5,,,control_effort,1.2111902249124018
,,,energy_curve,,,,,,,w_energy,,-9.141419893721768e-05,1.5,,,control_effort,1.218855985829569
,,,energy_curve,,,,,,,w_energy,,-9.19891310060052e-05,1.5,,,control_effort,1.2265217467467362
,,,energy_curve,,,,,,,w_energy,,-9.256406307479273e-05,1.5,,,control_effort,1.2341875076639033
,,,energy_curve,,,,,,,w_energy,,-9.313899514358027e-05,1.5,,,control_effort,1.2418532685810704
,,,energy_curve,,,,,,,w_energy,,-9.37139272123678e-05,1.5,,,control_effort,1.2495190294982375
,,,energy_curve,,,,,,,w_energy,,-9.428885928115533e-05,1.5,,,control_effort,1.2571847904154045
,,,energy_curve,,,,,,,w_energy,,-9.486379134994287e-05,1.5,,,control_effort,1.2648505513325716
,,,energy_curve,,,,,,,w_energy,,-9.54387234187304e-05,1.5,,,control_effort,1.2725163122497387
,,,energy_curve,,,,,,,w_energy,,-9.601365548751793e-05,1.5,,,control_effort,1.2801820731669058
,,,energy_curve,,,,,,,w_energy,,-9.658858755630545e-05,1.5,,,control_effort,1.2878478340840729
,,,energy_curve,,,,,,,w_energy,,-9.716351962509299e-05,1.5,,,control_effort,1.29551359500124
,,,energy_curve,,,,,,,w_energy,,-9.773845169388052e-05,1.5,,,control_effort,1.303179355918407
,,,energy_curve,,,,,,,w_energy,,-9.831338376266805e-05,1.5,,,control_effort,1.3108451168355741
,,,energy_curve,,,,,,,w_energy,,-9.888831583145559e-05,1.5,,,control_effort,1.3185108777527412
,,,energy_curve,,,,,,,w_energy,,-9.946324790024312e-05,1.5,,,control_effort,1.3261766386699083
,,,energy_curve,,,,,,,w_energy,,-0.00010003817996903067,1.5,,,control_effort,1.3338423995870756
,,,energy_curve,,,,,,,w_energy,,-0.0001006131120378182,1.5,,,control_effort,1.3415081605042427
,,,energy_curve,,,,,,,w_energy,,-0.00010118804410660573,1.5,,,control_effort,1.3491739214214098
,,,energy_curve,,,,,,,w_energy,,-0.00010176297617539325,1.5,,,control_effort,1.3568396823385769
,,,energy_curve,,,,,,,w_energy,,-0.00010233790824418078,1.5,,,control_effort,1.364505443255744
,,,energy_curve,,,,,,,w_energy,,-0.00010291284031296832,1.5,,,control_effort,1.372171204172911
,,,energy_curve,,,,,,,w_energy,,-0.00010348777238175585,1.5,,,control_effort,1.3798369650900781
,,,energy_curve,,,,,,,w_energy,,-0.00010406270445054338,1.5,,,control_effort,1.3875027260072452
,,,energy_curve,,,,,,,w_energy,,-0.00010463763651933092,1.5,,,control_effort,1.3951684869244123
,,,energy_curve,,,,,,,w_energy,,-0.00010521256858811845,1.5,,,control_effort,1.4028342478415794
,,,energy_curve,,,,,,,w_energy,,-0.00010578750065690598,1.5,,,control_effort,1.4105000087587465
,,,energy_curve,,,,,,,w_energy,,-0.0001063624327256935,1.5,,,control_effort,1.4181657696759136
,,,energy_curve,,,,,,,w_energy,,-0.00010693736479448104,1.5,,,control_effort,1.4258315305930807
,,,energy_curve,,,,,,,w_energy,,-0.00010751229686326857,1.5,,,control_effort,1.4334972915102477
,,,energy_curve,,,,,,,w_energy,,-0.0001080872289320561,1.5,,,control_effort,1.4411630524274148
,,,energy_curve,,,,,,,w_energy,,-0.00010866216100084365,1.5,,,control_effort,1.4488288133445821
,,,energy_curve,,,,,,,w_energy,,-0.00010923709306963118,1.5,,,control_effort,1.4564945742617492
,,,energy_curve,,,,,,,w_energy,,-0.00010981202513841872,1.5,,,control_effort,1.4641603351789163
,,,energy_curve,,,,,,,w_energy,,-0.00011038695720720625,1.5,,,control_effort,1.4718260960960834
,,,energy_curve,,,,,,,w_energy,,-0.00011096188927599378,1.5,,,control_effort,1.4794918570132505
,,,energy_curve,,,,,,,w_energy,,-0.0001115368213447813,1.5,,,control_effort,1.4871576179304176
,,,energy_curve,,,,,,,w_energy,,-0.00011211175341356883,1.5,,,control_effort,1.4948233788475846
,,,energy_curve,,,,,,,w_energy,,-0.00011268668548235637,1.5,,,control_effort,1.5024891397647517
,,,energy_curve,,,,,,,w_energy,,-0.0001132616175511439,1.5,,,control_effort,1.5101549006819188
,,,energy_curve,,,,,,,w_energy,,-0.00011383654961993143,1.5,,,control_effort,1.517820661599086
,,,energy_curve,,,,,,,w_energy,,-0.00011441148168871897,1.5,,,control_effort,1.525486422516253
,,,energy_curve,,,,,,,w_energy,,-0.0001149864137575065,1.5,,,control_effort,1.53315218343342
,,,energy_curve,,,,,,,w_energy,,-0.00011556134582629402,1.5,,,control_effort,1.5408179443505872
,,,energy_curve,,,,,,,w_energy,,-0.00011613627789508155,1.5,,,control_effort,1.5484837052677543
,,,energy_curve,,,,,,,w_energy,,-0.00011671120996386909,1.5,,,control_effort,1.5561494661849213
,,,energy_curve,,,,,,,w_energy,,-0.00011728614203265663,1.5,,,control_effort,1.5638152271020886
,,,energy_curve,,,,,,,w_energy,,-0.00011786107410144417,1.5,,,control_effort,1.5714809880192557
,,,energy_curve,,,,,,,w_energy,,-0.0001184360061702317,1.5,,,control_effort,1.5791467489364228
,,,energy_curve,,,,,,,w_energy,,-0.00011901093823901923,1.5,,,control_effort,1.58681250985359
,,,energy_curve,,,,,,,w_energy,,-0.00011958587030780677,1.5,,,control_effort,1.594478270770757
,,,energy_curve,,,,,,,w_energy,,-0.0001201608023765943,1.5,,,control_effort,1.602144031687924
,,,energy_curve,,,,,,,w_energy,,-0.00012073573444538183,1.5,,,control_effort,1.6098097926050912
,,,energy_curve,,,,,,,w_energy,,-0.00012131066651416935,1.5,,,control_effort,1.6174755535222582
,,,energy_curve,,,,,,,w_energy,,-0.00012188559858295689,1.5,,,control_effort,1.6251413144394253
,,,energy_curve,,,,,,,w_energy,,-0.00012246053065174443,1.5,,,control_effort,1.6328070753565924
,,,energy_curve,,,,,,,w_energy,,-0.00012303546272053197,1.5,,,control_effort,1.6404728362737595
,,,energy_curve,,,,,,,w_energy,,-0.00012361039478931947,1.5,,,control_effort,1.6481385971909266
,,,energy_curve,,,,,,,w_energy,,-0.000124185326858107,1.5,,,control_effort,1.6558043581080937
,,,energy_curve,,,,,,,w_energy,,-0.00012476025892689454,1.5,,,control_effort,1.6634701190252608
,,,energy_curve,,,,,,,w_energy,,-0.00012533519099568207,1.5,,,control_effort,1.6711358799424278
,,,energy_curve,,,,,,,w_energy,,-0.00012591012306446963,1.5,,,control_effort,1.6788016408595952
,,,energy_curve,,,,,,,w_energy,,-0.00012648505513325716,1.5,,,control_effort,1.6864674017767622
,,,energy_curve,,,,,,,w_energy,,-0.0001270599872020447,1.5,,,control_effort,1.6941331626939293
,,,energy_curve,,,,,,,w_energy,,-0.00012763491927083223,1.5,,,control_effort,1.7017989236110964
,,,energy_curve,,,,,,,w_energy,,-0.00012820985133961976,1.5,,,control_effort,1.7094646845282635
,,,energy_curve,,,,,,,w_energy,,-0.00012878478340840727,1.5,,,control_effort,1.7171304454454306
,,,energy_curve,,,,,,,w_energy,,-0.0001293597154771948,1.5,,,control_effort,1.7247962063625977
,,,energy_curve,,,,,,,w_energy,,-0.00012993464754598234,1.5,,,control_effort,1.7324619672797648
,,,energy_curve,,,,,,,w_energy,,-0.00013050957961476987,1.5,,,control_effort,1.7401277281969318
,,,energy_curve,,,,,,,w_energy,,-0.0001310845116835574,1.5,,,control_effort,1.747793489114099
,,,energy_curve,,,,,,,w_energy,,-0.00013165944375234494,1.5,,,control_effort,1.755459250031266
,,,energy_curve,,,,,,,w_energy,,-0.00013223437582113247,1.5,,,control_effort,1.763125010948433
,,,energy_curve,,,,,,,w_energy,,-0.00013280930788992,1.5,,,control_effort,1.7707907718656002
,,,energy_curve,,,,,,,w_energy,,-0.00013338423995870754,1.5,,,control_effort,1.7784565327827673
,,,energy_curve,,,,,,,w_energy,,-0.00013395917202749507,1.5,,,control_effort,1.7861222936999344
,,,energy_curve,,,,,,,w_energy,,-0.0001345341040962826,1.5,,,control_effort,1.7937880546171017
,,,energy_curve,,,,,,,w_energy,,-0.00013510903616507014,1.5,,,control_effort,1.8014538155342688
,,,energy_curve,,,,,,,w_energy,,-0.00013568396823385767,1.5,,,control_effort,1.8091195764514358
,,,energy_curve,,,,,,,w_energy,,-0.0001362589003026452,1.5,,,control_effort,1.816785337368603
,,,energy_curve,,,,,,,w_energy,,-0.00013683383237143273,1.5,,,control_effort,1.82445109828577
,,,energy_curve,,,,,,,w_energy,,-0.00013740876444022027,1.5,,,control_effort,1.832116859202937
case1,,4423893.418528986,trajectory_episode,1,,,8835710.383985108,8823893.418528985,-0.4979792013073541,w_hit,100.0,,0.5,73001,,,
case1,,6623893.418528986,trajectory_episode,1,,,8835710.383985108,8823893.418528985,-0.248989600653677,w_hit,150.0,,0.75,73001,,,
case1,,8823893.418528985,trajectory_episode,1,,,8835710.383985108,8823893.418528985,0.0,w_hit,200.0,,1.0,73001,,,
case1,,11023893.418528985,trajectory_episode,1,,,8835710.383985108,8823893.418528985,0.24898960065367712,w_hit,250.0,,1.25,73001,,,
case1,,13223893.418528985,trajectory_episode,1,,,8835710.383985108,8823893.418528985,0.49797920130735424,w_hit,300.0,,1.5,73001,,,
case1,,4423894.288439861,trajectory_episode,2,,,8835711.273256872,8823894.288439862,-0.49797915118814734,w_hit,100.0,,0.5,73002,,,
case1,,6623894.2884398615,trajectory_episode,2,,,8835711.273256872,8823894.288439862,-0.24898957559407367,w_hit,150.0,,0.75,73002,,,
case1,,8823894.288439862,trajectory_episode,2,,,8835711.273256872,8823894.288439862,0.0,w_hit,200.0,,1.0,73002,,,
case1,,11023894.288439859,trajectory_episode,2,,,8835711.273256872,8823894.288439862,0.24898957559407317,w_hit,250.0,,1.25,73002,,,
case1,,13223894.288439859,trajectory_episode,2,,,8835711.273256872,8823894.288439862,0.49797915118814673,w_hit,300.0,,1.5,73002,,,
case1,,4423897.687561085,trajectory_episode,3,,,8835714.614213692,8823897.687561085,-0.49797896289247284,w_hit,100.0,,0.5,73003,,,
case1,,6623897.687561086,trajectory_episode,3,,,8835714.614213692,8823897.687561085,-0.2489894814462363,w_hit,150.0,,0.75,73003,,,
case1,,8823897.687561085,trajectory_episode,3,,,8835714.614213692,8823897.687561085,0.0,w_hit,200.0,,1.0,73003,,,
case1,,11023897.687561085,trajectory_episode,3,,,8835714.614213692,8823897.687561085,0.24898948144623642,w_hit,250.0,,1.25,73003,,,
case1,,13223897.687561085,trajectory_episode,3,,,8835714.614213692,8823897.687561085,0.49797896289247284,w_hit,300.0,,1.5,73003,,,
case1,,4423895.177509725,trajectory_episode,4,,,8835712.13971369,8823895.177509721,-0.4979791023547959,w_hit,100.0,,0.5,73004,,,
case1,,6623895.177509723,trajectory_episode,4,,,8835712.13971369,8823895.177509721,-0.24898955117739796,w_hit,150.0,,0.75,73004,,,
case1,,8823895.177509721,trajectory_episode,4,,,8835712.13971369,8823895.177509721,0.0,w_hit,200.0,,1.0,73004,,,
case1,,11023895.177509723,trajectory_episode,4,,,8835712.13971369,8823895.177509721,0.24898955117739838,w_hit,250.0,,1.25,73004,,,
case1,,13223895.177509723,trajectory_episode,4,,,8835712.13971369,8823895.177509721,0.49797910235479653,w_hit,300.0,,1.5,73004,,,
case1,,4423902.871233303,trajectory_episode,5,,,8835719.81260572,8823902.871233303,-0.49797866991239587,w_hit,100.0,,0.5,73005,,,
case1,,6623902.871233301,trajectory_episode,5,,,8835719.81260572,8823902.871233303,-0.24898933495619813,w_hit,150.0,,0.75,73005,,,
case1,,8823902.871233303,trajectory_episode,5,,,8835719.81260572,8823902.871233303,0.0,w_hit,200.0,,1.0,73005,,,
case1,,11023902.871233305,trajectory_episode,5,,,8835719.81260572,8823902.871233303,0.24898933495619813,w_hit,250.0,,1.25,73005,,,
case1,,13223902.871233305,trajectory_episode,5,,,8835719.81260572,8823902.871233303,0.4979786699123961,w_hit,300.0,,1.5,73005,,,
case1,,4423895.174584189,trajectory_episode,6,,,8835712.140746294,8823895.17458419,-0.497979102296599,w_hit,100.0,,0.5,73006,,,
case1,,6623895.174584189,trajectory_episode,6,,,8835712.140746294,8823895.17458419,-0.2489895511482995,w_hit,150.0,,0.75,73006,,,
case1,,8823895.17458419,trajectory_episode,6,,,8835712.140746294,8823895.17458419,0.0,w_hit,200.0,,1.0,73006,,,
case1,,11023895.174584193,trajectory_episode,6,,,8835712.140746294,8823895.17458419,0.2489895511482999,w_hit,250.0,,1.25,73006,,,
case1,,13223895.174584193,trajectory_episode,6,,,8835712.140746294,8823895.17458419,0.49797910229659936,w_hit,300.0,,1.5,73006,,,
case1,,4423900.018901492,trajectory_episode,7,,,8835717.005295508,8823900.01890149,-0.49797882813165556,w_hit,100.0,,0.5,73007,,,
case1,,6623900.018901492,trajectory_episode,7,,,8835717.005295508,8823900.01890149,-0.2489894140658277,w_hit,150.0,,0.75,73007,,,
case1,,8823900.01890149,trajectory_episode,7,,,8835717.005295508,8823900.01890149,0.0,w_hit,200.0,,1.0,73007,,,
case1,,11023900.018901492,trajectory_episode,7,,,8835717.005295508,8823900.01890149,0.2489894140658281,w_hit,250.0,,1.25,73007,,,
case1,,13223900.018901492,trajectory_episode,7,,,8835717.005295508,8823900.01890149,0.497978828131656,w_hit,300.0,,1.5,73007,,,
case1,,4423896.483793803,trajectory_episode,8,,,8835713.383285915,8823896.483793803,-0.4979790322673055,w_hit,100.0,,0.5,73008,,,
case1,,6623896.483793802,trajectory_episode,8,,,8835713.383285915,8823896.483793803,-0.24898951613365286,w_hit,150.0,,0.75,73008,,,
case1,,8823896.483793803,trajectory_episode,8,,,8835713.383285915,8823896.483793803,0.0,w_hit,200.0,,1.0,73008,,,
case1,,11023896.483793804,trajectory_episode,8,,,8835713.383285915,8823896.483793803,0.24898951613365297,w_hit,250.0,,1.25,73008,,,
case1,,13223896.483793804,trajectory_episode,8,,,8835713.383285915,8823896.483793803,0.4979790322673057,w_hit,300.0,,1.5,73008,,,
case1,,4423895.366703947,trajectory_episode,9,,,8835712.309330845,8823895.366703948,-0.4979790927952051,w_hit,100.0,,0.5,73009,,,
case1,,6623895.366703948,trajectory_episode,9,,,8835712.309330845,8823895.366703948,-0.24898954639760248,w_hit,150.0,,0.75,73009,,,
case1,,8823895.366703948,trajectory_episode,9,,,8835712.309330845,8823895.366703948,0.0,w_hit,200.0,,1.0,73009,,,
case1,,11023895.366703946,trajectory_episode,9,,,8835712.309330845,8823895.366703948,0.2489895463976023,w_hit,250.0,,1.25,73009,,,
case1,,13223895.366703946,trajectory_episode,9,,,8835712.309330845,8823895.366703948,0.4979790927952048,w_hit,300.0,,1.5,73009,,,
case1,,4423893.133077361,trajectory_episode,10,,,8835710.059933597,8823893.133077359,-0.4979792195708451,w_hit,100.0,,0.5,73010,,,
case1,,6623893.133077361,trajectory_episode,10,,,8835710.059933597,8823893.133077359,-0.24898960978542248,w_hit,150.0,,0.75,73010,,,
case1,,8823893.133077359,trajectory_episode,10,,,8835710.059933597,8823893.133077359,0.0,w_hit,200.0,,1.0,73010,,,
case1,,11023893.133077359,trajectory_episode,10,,,8835710.059933597,8823893.133077359,0.24898960978542267,w_hit,250.0,,1.25,73010,,,
case1,,13223893.133077359,trajectory_episode,10,,,8835710.059933597,8823893.133077359,0.49797921957084534,w_hit,300.0,,1.5,73010,,,
case1,,4423894.1170279,trajectory_episode,11,,,8835711.057295363,8823894.1170279,-0.49797916335970044,w_hit,100.0,,0.5,73011,,,
case1,,6623894.117027901,trajectory_episode,11,,,8835711.057295363,8823894.1170279,-0.24898958167985005,w_hit,150.0,,0.75,73011,,,
case1,,8823894.1170279,trajectory_episode,11,,,8835711.057295363,8823894.1170279,0.0,w_hit,200.0,,1.0,73011,,,
case1,,11023894.117027897,trajectory_episode,11,,,8835711.057295363,8823894.1170279,0.24898958167985005,w_hit,250.0,,1.25,73011,,,
case1,,13223894.117027897,trajectory_episode,11,,,8835711.057295363,8823894.1170279,0.4979791633597003,w_hit,300.0,,1.5,73011,,,
case1,,4423897.80516627,trajectory_episode,12,,,8835714.72924116,8823897.805166269,-0.4979789564095496,w_hit,100.0,,0.5,73012,,,
case1,,6623897.805166271,trajectory_episode,12,,,8835714.72924116,8823897.805166269,-0.24898947820477463,w_hit,150.0,,0.75,73012,,,
case1,,8823897.805166269,trajectory_episode,12,,,8835714.72924116,8823897.805166269,0.0,w_hit,200.0,,1.0,73012,,,
case1,,11023897.80516627,trajectory_episode,12,,,8835714.72924116,8823897.805166269,0.24898947820477504,w_hit,250.0,,1.25,73012,,,
case1,,13223897.80516627,trajectory_episode,12,,,8835714.72924116,8823897.805166269,0.49797895640954987,w_hit,300.0,,1.5,73012,,,
case1,,4423893.620923123,trajectory_episode,13,,,8835710.62161293,8823893.620923124,-0.4979791879146892,w_hit,100.0,,0.5,73013,,,
case1,,6623893.620923123,trajectory_episode,13,,,8835710.62161293,8823893.620923124,-0.24898959395734466,w_hit,150.0,,0.75,73013,,,
case1,,8823893.620923124,trajectory_episode,13,,,8835710.62161293,8823893.620923124,0.0,w_hit,200.0,,1.0,73013,,,
case1,,11023893.620923122,trajectory_episode,13,,,8835710.62161293,8823893.620923124,0.24898959395734432,w_hit,250.0,,1.25,73013,,,
case1,,13223893.620923122,trajectory_episode,13,,,8835710.62161293,8823893.620923124,0.49797918791468887,w_hit,300.0,,1.5,73013,,,
case1,,4423902.858148267,trajectory_episode,14,,,8835719.847977031,8823902.858148267,-0.4979786679188789,w_hit,100.0,,0.5,73014,,,
case1,,6623902.858148267,trajectory_episode,14,,,8835719.847977031,8823902.858148267,-0.2489893339594395,w_hit,150.0,,0.75,73014,,,
case1,,8823902.858148267,trajectory_episode,14,,,8835719.847977031,8823902.858148267,0.0,w_hit,200.0,,1.0,73014,,,
case1,,11023902.858148267,trajectory_episode,14,,,8835719.847977031,8823902.858148267,0.2489893339594394,w_hit,250.0,,1.25,73014,,,
case1,,13223902.858148267,trajectory_episode,14,,,8835719.847977031,8823902.858148267,0.4979786679188788,w_hit,300.0,,1.5,73014,,,
case1,,4423898.979498632,trajectory_episode,15,,,8835715.880402679,8823898.979498632,-0.49797889153034586,w_hit,100.0,,0.5,73015,,,
case1,,6623898.979498632,trajectory_episode,15,,,8835715.880402679,8823898.979498632,-0.24898944576517293,w_hit,150.0,,0.75,73015,,,
case1,,8823898.979498632,trajectory_episode,15,,,8835715.880402679,8823898.979498632,0.0,w_hit,200.0,,1.0,73015,,,
case1,,11023898.97949863,trajectory_episode,15,,,8835715.880402679,8823898.979498632,0.24898944576517273,w_hit,250.0,,1.25,73015,,,
case1,,13223898.97949863,trajectory_episode,15,,,8835715.880402679,8823898.979498632,0.4979788915303457,w_hit,300.0,,1.5,73015,,,
case1,,4423899.136020938,trajectory_episode,16,,,8835716.034264887,8823899.136020938,-0.4979788828587078,w_hit,100.0,,0.5,73016,,,
case1,,6623899.136020938,trajectory_episode,16,,,8835716.034264887,8823899.136020938,-0.2489894414293539,w_hit,150.0,,0.75,73016,,,
case1,,8823899.136020938,trajectory_episode,16,,,8835716.034264887,8823899.136020938,0.0,w_hit,200.0,,1.0,73016,,,
case1,,11023899.136020938,trajectory_episode,16,,,8835716.034264887,8823899.136020938,0.2489894414293539,w_hit,250.0,,1.25,73016,,,
case1,,13223899.136020938,trajectory_episode,16,,,8835716.034264887,8823899.136020938,0.4979788828587078,w_hit,300.0,,1.5,73016,,,
case1,,4423897.781335653,trajectory_episode,17,,,8835714.716959974,8823897.781335652,-0.4979789571017146,w_hit,100.0,,0.5,73017,,,
case1,,6623897.781335653,trajectory_episode,17,,,8835714.716959974,8823897.781335652,-0.24898947855085724,w_hit,150.0,,0.75,73017,,,
case1,,8823897.781335652,trajectory_episode,17,,,8835714.716959974,8823897.781335652,0.0,w_hit,200.0,,1.0,73017,,,
case1,,11023897.781335652,trajectory_episode,17,,,8835714.716959974,8823897.781335652,0.24898947855085735,w_hit,250.0,,1.25,73017,,,
case1,,13223897.781335652,trajectory_episode,17,,,8835714.716959974,8823897.781335652,0.4979789571017147,w_hit,300.0,,1.5,73017,,,
case1,,4423888.651460666,trajectory_episode,18,,,8835705.705941023,8823888.651460668,-0.49797946496129836,w_hit,100.0,,0.5,73018,,,
case1,,6623888.651460666,trajectory_episode,18,,,8835705.705941023,8823888.651460668,-0.2489897324806493,w_hit,150.0,,0.75,73018,,,
case1,,8823888.651460668,trajectory_episode,18,,,8835705.705941023,8823888.651460668,0.0,w_hit,200.0,,1.0,73018,,,
case1,,11023888.651460666,trajectory_episode,18,,,8835705.705941023,8823888.651460668,0.24898973248064887,w_hit,250.0,,1.25,73018,,,
case1,,13223888.651460666,trajectory_episode,18,,,8835705.705941023,8823888.651460668,0.49797946496129797,w_hit,300.0,,1.5,73018,,,
case1,,4423899.412058101,trajectory_episode,19,,,8835716.325160943,8823899.412058102,-0.4979788664638749,w_hit,100.0,,0.5,73019,,,
case1,,6623899.412058101,trajectory_episode,19,,,8835716.325160943,8823899.412058102,-0.2489894332319375,w_hit,150.0,,0.75,73019,,,
case1,,8823899.412058102,trajectory_episode,19,,,8835716.325160943,8823899.412058102,0.0,w_hit,200.0,,1.0,73019,,,
case1,,11023899.412058102,trajectory_episode,19,,,8835716.325160943,8823899.412058102,0.24898943323193742,w_hit,250.0,,1.25,73019,,,
case1,,13223899.412058102,trajectory_episode,19,,,8835716.325160943,8823899.412058102,0.49797886646387485,w_hit,300.0,,1.5,73019,,,
case1,,4423896.308788402,trajectory_episode,20,,,8835713.326897154,8823896.308788406,-0.49797903544536526,w_hit,100.0,,0.5,73020,,,
case1,,6623896.308788402,trajectory_episode,20,,,8835713.326897154,8823896.308788406,-0.24898951772268282,w_hit,150.0,,0.75,73020,,,
case1,,8823896.308788406,trajectory_episode,20,,,8835713.326897154,8823896.308788406,0.0,w_hit,200.0,,1.0,73020,,,
case1,,11023896.308788404,trajectory_episode,20,,,8835713.326897154,8823896.308788406,0.2489895177226822,w_hit,250.0,,1.25,73020,,,
case1,,13223896.308788404,trajectory_episode,20,,,8835713.326897154,8823896.308788406,0.4979790354453646,w_hit,300.0,,1.5,73020,,,
case1,,4423902.479431651,trajectory_episode,21,,,8835719.45564949,8823902.47943165,-0.4979786900303488,w_hit,100.0,,0.5,73021,,,
case1,,6623902.47943165,trajectory_episode,21,,,8835719.45564949,8823902.47943165,-0.24898934501517445,w_hit,150.0,,0.75,73021,,,
case1,,8823902.47943165,trajectory_episode,21,,,8835719.45564949,8823902.47943165,0.0,w_hit,200.0,,1.0,73021,,,
case1,,11023902.47943165,trajectory_episode,21,,,8835719.45564949,8823902.47943165,0.24898934501517445,w_hit,250.0,,1.25,73021,,,
case1,,13223902.47943165,trajectory_episode,21,,,8835719.45564949,8823902.47943165,0.4979786900303489,w_hit,300.0,,1.5,73021,,,
case1,,4423888.386512053,trajectory_episode,22,,,8835705.363241255,8823888.386512052,-0.4979794842758225,w_hit,100.0,,0.5,73022,,,
case1,,6623888.386512053,trajectory_episode,22,,,8835705.363241255,8823888.386512052,-0.2489897421379112,w_hit,150.0,,0.75,73022,,,
case1,,8823888.386512052,trajectory_episode,22,,,8835705.363241255,8823888.386512052,0.0,w_hit,200.0,,1.0,73022,,,
case1,,11023888.386512052,trajectory_episode,22,,,8835705.363241255,8823888.386512052,0.2489897421379113,w_hit,250.0,,1.25,73022,,,
case1,,13223888.386512052,trajectory_episode,22,,,8835705.363241255,8823888.386512052,0.4979794842758226,w_hit,300.0,,1.5,73022,,,
case1,,4423898.735216131,trajectory_episode,23,,,8835715.627808744,8823898.735216131,-0.4979789057664817,w_hit,100.0,,0.5,73023,,,
case1,,6623898.7352161305,trajectory_episode,23,,,8835715.627808744,8823898.735216131,-0.24898945288324095,w_hit,150.0,,0.75,73023,,,
case1,,8823898.735216131,trajectory_episode,23,,,8835715.627808744,8823898.735216131,0.0,w_hit,200.0,,1.0,73023,,,
case1,,11023898.735216131,trajectory_episode,23,,,8835715.627808744,8823898.735216131,0.24898945288324084,w_hit,250.0,,1.25,73023,,,
case1,,13223898.735216131,trajectory_episode,23,,,8835715.627808744,8823898.735216131,0.4979789057664817,w_hit,300.0,,1.5,73023,,,
case1,,4423892.807089888,trajectory_episode,24,,,8835709.796602571,8823892.807089888,-0.4979792344121407,w_hit,100.0,,0.5,73024,,,
case1,,6623892.807089888,trajectory_episode,24,,,8835709.796602571,8823892.807089888,-0.24898961720607035,w_hit,150.0,,0.75,73024,,,
case1,,8823892.807089888,trajectory_episode,24,,,8835709.796602571,8823892.807089888,0.0,w_hit,200.0,,1.0,73024,,,
case1,,11023892.807089888,trajectory_episode,24,,,8835709.796602571,8823892.807089888,0.24898961720607035,w_hit,250.0,,1.25,73024,,,
case1,,13223892.807089888,trajectory_episode,24,,,8835709.796602571,8823892.807089888,0.4979792344121407,w_hit,300.0,,1.5,73024,,,
case1,,4423896.869046753,trajectory_episode,25,,,8835713.81361389,8823896.869046753,-0.49797900801410844,w_hit,100.0,,0.5,73025,,,
case1,,6623896.869046753,trajectory_episode,25,,,8835713.81361389,8823896.869046753,-0.24898950400705422,w_hit,150.0,,0.75,73025,,,
case1,,8823896.869046753,trajectory_episode,25,,,8835713.81361389,8823896.869046753,0.0,w_hit,200.0,,1.0,73025,,,
case1,,11023896.869046753,trajectory_episode,25,,,8835713.81361389,8823896.869046753,0.24898950400705422,w_hit,250.0,,1.25,73025,,,
case1,,13223896.869046753,trajectory_episode,25,,,8835713.81361389,8823896.869046753,0.49797900801410844,w_hit,300.0,,1.5,73025,,,
case1,,4423894.971103631,trajectory_episode,26,,,8835711.929813273,8823894.971103633,-0.4979791141847455,w_hit,100.0,,0.5,73026,,,
case1,,6623894.971103633,trajectory_episode,26,,,8835711.929813273,8823894.971103633,-0.24898955709237264,w_hit,150.0,,0.75,73026,,,
case1,,8823894.971103633,trajectory_episode,26,,,8835711.929813273,8823894.971103633,0.0,w_hit,200.0,,1.0,73026,,,
case1,,11023894.971103631,trajectory_episode,26,,,8835711.929813273,8823894.971103633,0.24898955709237242,w_hit,250.0,,1.25,73026,,,
case1,,13223894.971103631,trajectory_episode,26,,,8835711.929813273,8823894.971103633,0.49797911418474505,w_hit,300.0,,1.5,73026,,,
case1,,4423903.350118699,trajectory_episode,27,,,8835720.270788046,8823903.350118699,-0.49797864408937087,w_hit,100.0,,0.5,73027,,,
case1,,6623903.3501186995,trajectory_episode,27,,,8835720.270788046,8823903.350118699,-0.24898932204468535,w_hit,150.0,,0.75,73027,,,
case1,,8823903.350118699,trajectory_episode,27,,,8835720.270788046,8823903.350118699,0.0,w_hit,200.0,,1.0,73027,,,
case1,,11023903.350118699,trajectory_episode,27,,,8835720.270788046,8823903.350118699,0.24898932204468543,w_hit,250.0,,1.25,73027,,,
case1,,13223903.350118699,trajectory_episode,27,,,8835720.270788046,8823903.350118699,0.49797864408937087,w_hit,300.0,,1.5,73027,,,
case1,,4423895.348646404,trajectory_episode,28,,,8835712.323735373,8823895.3486464,-0.4979790919833681,w_hit,100.0,,0.5,73028,,,
case1,,6623895.348646402,trajectory_episode,28,,,8835712.323735373,8823895.3486464,-0.24898954599168405,w_hit,150.0,,0.75,73028,,,
case1,,8823895.3486464,trajectory_episode,28,,,8835712.323735373,8823895.3486464,0.0,w_hit,200.0,,1.0,73028,,,
case1,,11023895.348646402,trajectory_episode,28,,,8835712.323735373,8823895.3486464,0.24898954599168446,w_hit,250.0,,1.25,73028,,,
case1,,13223895.348646402,trajectory_episode,28,,,8835712.323735373,8823895.3486464,0.4979790919833687,w_hit,300.0,,1.5,73028,,,
case1,,4423895.244043095,trajectory_episode,29,,,8835712.216649653,8823895.244043097,-0.4979790980186999,w_hit,100.0,,0.5,73029,,,
case1,,6623895.244043095,trajectory_episode,29,,,8835712.216649653,8823895.244043097,-0.24898954900935005,w_hit,150.0,,0.75,73029,,,
case1,,8823895.244043097,trajectory_episode,29,,,8835712.216649653,8823895.244043097,0.0,w_hit,200.0,,1.0,73029,,,
case1,,11023895.244043097,trajectory_episode,29,,,8835712.216649653,8823895.244043097,0.24898954900934983,w_hit,250.0,,1.25,73029,,,
case1,,13223895.244043097,trajectory_episode,29,,,8835712.216649653,8823895.244043097,0.49797909801869966,w_hit,300.0,,1.5,73029,,,
case1,,4423903.532098379,trajectory_episode,30,,,8835720.51972035,8823903.532098379,-0.4979786300596185,w_hit,100.0,,0.5,73030,,,
case1,,6623903.532098379,trajectory_episode,30,,,8835720.51972035,8823903.532098379,-0.24898931502980926,w_hit,150.0,,0.75,73030,,,
case1,,8823903.532098379,trajectory_episode,30,,,8835720.51972035,8823903.532098379,0.0,w_hit,200.0,,1.0,73030,,,
case1,,11023903.532098379,trajectory_episode,30,,,8835720.51972035,8823903.532098379,0.24898931502980926,w_hit,250.0,,1.25,73030,,,
case1,,13223903.532098379,trajectory_episode,30,,,8835720.51972035,8823903.532098379,0.4979786300596185,w_hit,300.0,,1.5,73030,,,
case1,,4423894.925786617,trajectory_episode,31,,,8835711.91962849,8823894.925786616,-0.4979791147587577,w_hit,100.0,,0.5,73031,,,
case1,,6623894.925786617,trajectory_episode,31,,,8835711.91962849,8823894.925786616,-0.2489895573793788,w_hit,150.0,,0.75,73031,,,
case1,,8823894.925786616,trajectory_episode,31,,,8835711.91962849,8823894.925786616,0.0,w_hit,200.0,,1.0,73031,,,
case1,,11023894.925786618,trajectory_episode,31,,,8835711.91962849,8823894.925786616,0.2489895573793791,w_hit,250.0,,1.25,73031,,,
case1,,13223894.925786618,trajectory_episode,31,,,8835711.91962849,8823894.925786616,0.497979114758758,w_hit,300.0,,1.5,73031,,,
case1,,4423897.263731249,trajectory_episode,32,,,8835714.287042595,8823897.263731247,-0.4979789813317655,w_hit,100.0,,0.5,73032,,,
case1,,6623897.263731248,trajectory_episode,32,,,8835714.287042595,8823897.263731247,-0.24898949066588275,w_hit,150.0,,0.75,73032,,,
case1,,8823897.263731247,trajectory_episode,32,,,8835714.287042595,8823897.263731247,0.0,w_hit,200.0,,1.0,73032,,,
case1,,11023897.263731247,trajectory_episode,32,,,8835714.287042595,8823897.263731247,0.24898949066588286,w_hit,250.0,,1.25,73032,,,
case1,,13223897.263731247,trajectory_episode,32,,,8835714.287042595,8823897.263731247,0.4979789813317657,w_hit,300.0,,1.5,73032,,,
case1,,4423897.815305716,trajectory_episode,33,,,8835714.7669299,8823897.815305714,-0.4979789542854202,w_hit,100.0,,0.5,73033,,,
case1,,6623897.815305715,trajectory_episode,33,,,8835714.7669299,8823897.815305714,-0.24898947714271005,w_hit,150.0,,0.75,73033,,,
case1,,8823897.815305714,trajectory_episode,33,,,8835714.7669299,8823897.815305714,0.0,w_hit,200.0,,1.0,73033,,,
case1,,11023897.815305714,trajectory_episode,33,,,8835714.7669299,8823897.815305714,0.24898947714271027,w_hit,250.0,,1.25,73033,,,
case1,,13223897.815305714,trajectory_episode,33,,,8835714.7669299,8823897.815305714,0.49797895428542055,w_hit,300.0,,1.5,73033,,,
case1,,4423894.247051853,trajectory_episode,34,,,8835711.138767151,8823894.247051856,-0.4979791587679649,w_hit,100.0,,0.5,73034,,,
case1,,6623894.247051853,trajectory_episode,34,,,8835711.138767151,8823894.247051856,-0.24898957938398258,w_hit,150.0,,0.75,73034,,,
case1,,8823894.247051856,trajectory_episode,34,,,8835711.138767151,8823894.247051856,0.0,w_hit,200.0,,1.0,73034,,,
case1,,11023894.247051854,trajectory_episode,34,,,8835711.138767151,8823894.247051856,0.24898957938398206,w_hit,250.0,,1.25,73034,,,
case1,,13223894.247051854,trajectory_episode,34,,,8835711.138767151,8823894.247051856,0.49797915876796434,w_hit,300.0,,1.5,73034,,,
case1,,4423900.834499242,trajectory_episode,35,,,8835717.771525258,8823900.834499242,-0.49797878494714004,w_hit,100.0,,0.5,73035,,,
case1,,6623900.834499243,trajectory_episode,35,,,8835717.771525258,8823900.834499242,-0.2489893924735699,w_hit,150.0,,0.75,73035,,,
case1,,8823900.834499242,trajectory_episode,35,,,8835717.771525258,8823900.834499242,0.0,w_hit,200.0,,1.0,73035,,,
case1,,11023900.83449924,trajectory_episode,35,,,8835717.771525258,8823900.834499242,0.2489893924735698,w_hit,250.0,,1.25,73035,,,
case1,,13223900.83449924,trajectory_episode,35,,,8835717.771525258,8823900.834499242,0.4979787849471398,w_hit,300.0,,1.5,73035,,,
case1,,4423888.622147755,trajectory_episode,36,,,8835705.61175949,8823888.622147754,-0.4979794702693597,w_hit,100.0,,0.5,73036,,,
case1,,6623888.622147755,trajectory_episode,36,,,8835705.61175949,8823888.622147754,-0.24898973513467978,w_hit,150.0,,0.75,73036,,,
case1,,8823888.622147754,trajectory_episode,36,,,8835705.61175949,8823888.622147754,0.0,w_hit,200.0,,1.0,73036,,,
case1,,11023888.622147754,trajectory_episode,36,,,8835705.61175949,8823888.622147754,0.2489897351346799,w_hit,250.0,,1.25,73036,,,
case1,,13223888.622147754,trajectory_episode,36,,,8835705.61175949,8823888.622147754,0.4979794702693598,w_hit,300.0,,1.5,73036,,,
case1,,4423898.597953301,trajectory_episode,37,,,8835715.541460242,8823898.5979533,-0.4979789106330635,w_hit,100.0,,0.5,73037,,,
case1,,6623898.597953301,trajectory_episode,37,,,8835715.541460242,8823898.5979533,-0.24898945531653174,w_hit,150.0,,0.75,73037,,,
case1,,8823898.5979533,trajectory_episode,37,,,8835715.541460242,8823898.5979533,0.0,w_hit,200.0,,1.0,73037,,,
case1,,11023898.597953299,trajectory_episode,37,,,8835715.541460242,8823898.5979533,0.24898945531653152,w_hit,250.0,,1.25,73037,,,
case1,,13223898.597953299,trajectory_episode,37,,,8835715.541460242,8823898.5979533,0.49797891063306327,w_hit,300.0,,1.5,73037,,,
case1,,4423890.96457974,trajectory_episode,38,,,8835708.010375295,8823890.964579742,-0.4979793350836538,w_hit,100.0,,0.5,73038,,,
case1,,6623890.964579741,trajectory_episode,38,,,8835708.010375295,8823890.964579742,-0.24898966754182694,w_hit,150.0,,0.75,73038,,,
case1,,8823890.964579742,trajectory_episode,38,,,8835708.010375295,8823890.964579742,0.0,w_hit,200.0,,1.0,73038,,,
case1,,11023890.96457974,trajectory_episode,38,,,8835708.010375295,8823890.964579742,0.24898966754182653,w_hit,250.0,,1.25,73038,,,
case1,,13223890.96457974,trajectory_episode,38,,,8835708.010375295,8823890.964579742,0.4979793350836533,w_hit,300.0,,1.5,73038,,,
case1,,4423896.62005378,trajectory_episode,39,,,8835713.556783093,8823896.620053781,-0.4979790224890397,w_hit,100.0,,0.5,73039,,,
case1,,6623896.620053779,trajectory_episode,39,,,8835713.556783093,8823896.620053781,-0.24898951124452,w_hit,150.0,,0.75,73039,,,
case1,,8823896.620053781,trajectory_episode,39,,,8835713.556783093,8823896.620053781,0.0,w_hit,200.0,,1.0,73039,,,
case1,,11023896.620053781,trajectory_episode,39,,,8835713.556783093,8823896.620053781,0.2489895112445198,w_hit,250.0,,1.25,73039,,,
case1,,13223896.620053781,trajectory_episode,39,,,8835713.556783093,8823896.620053781,0.4979790224890396,w_hit,300.0,,1.5,73039,,,
case1,,4423907.586242631,trajectory_episode,40,,,8835724.569533432,8823907.586242631,-0.4979784018134396,w_hit,100.0,,0.5,73040,,,
case1,,6623907.586242631,trajectory_episode,40,,,8835724.569533432,8823907.586242631,-0.2489892009067198,w_hit,150.0,,0.75,73040,,,
case1,,8823907.586242631,trajectory_episode,40,,,8835724.569533432,8823907.586242631,0.0,w_hit,200.0,,1.0,73040,,,
case1,,11023907.586242631,trajectory_episode,40,,,8835724.569533432,8823907.586242631,0.2489892009067198,w_hit,250.0,,1.25,73040,,,
case1,,13223907.586242631,trajectory_episode,40,,,8835724.569533432,8823907.586242631,0.4979784018134396,w_hit,300.0,,1.5,73040,,,
case1,,4423895.137714321,trajectory_episode,41,,,8835712.058935072,8823895.137714319,-0.4979791069074641,w_hit,100.0,,0.5,73041,,,
case1,,6623895.137714321,trajectory_episode,41,,,8835712.058935072,8823895.137714319,-0.24898955345373194,w_hit,150.0,,0.75,73041,,,
case1,,8823895.137714319,trajectory_episode,41,,,8835712.058935072,8823895.137714319,0.0,w_hit,200.0,,1.0,73041,,,
case1,,11023895.13771432,trajectory_episode,41,,,8835712.058935072,8823895.137714319,0.24898955345373236,w_hit,250.0,,1.25,73041,,,
case1,,13223895.13771432,trajectory_episode,41,,,8835712.058935072,8823895.137714319,0.49797910690746455,w_hit,300.0,,1.5,73041,,,
case1,,4423893.265468092,trajectory_episode,42,,,8835710.256736632,8823893.265468093,-0.4979792084790578,w_hit,100.0,,0.5,73042,,,
case1,,6623893.265468091,trajectory_episode,42,,,8835710.256736632,8823893.265468093,-0.24898960423952907,w_hit,150.0,,0.75,73042,,,
case1,,8823893.265468093,trajectory_episode,42,,,8835710.256736632,8823893.265468093,0.0,w_hit,200.0,,1.0,73042,,,
case1,,11023893.265468094,trajectory_episode,42,,,8835710.256736632,8823893.265468093,0.24898960423952907,w_hit,250.0,,1.25,73042,,,
case1,,13223893.265468094,trajectory_episode,42,,,8835710.256736632,8823893.265468093,0.4979792084790579,w_hit,300.0,,1.5,73042,,,
case1,,4423890.407153652,trajectory_episode,43,,,8835707.45658569,8823890.407153653,-0.4979793662951644,w_hit,100.0,,0.5,73043,,,
case1,,6623890.407153651,trajectory_episode,43,,,8835707.45658569,8823890.407153653,-0.24898968314758235,w_hit,150.0,,0.75,73043,,,
case1,,8823890.407153653,trajectory_episode,43,,,8835707.45658569,8823890.407153653,0.0,w_hit,200.0,,1.0,73043,,,
case1,,11023890.407153653,trajectory_episode,43,,,8835707.45658569,8823890.407153653,0.24898968314758216,w_hit,250.0,,1.25,73043,,,
case1,,13223890.407153653,trajectory_episode,43,,,8835707.45658569,8823890.407153653,0.4979793662951643,w_hit,300.0,,1.5,73043,,,
case1,,4423889.947694084,trajectory_episode,44,,,8835706.866765453,8823889.947694082,-0.4979793995373611,w_hit,100.0,,0.5,73044,,,
case1,,6623889.947694084,trajectory_episode,44,,,8835706.866765453,8823889.947694082,-0.24898969976868043,w_hit,150.0,,0.75,73044,,,
case1,,8823889.947694082,trajectory_episode,44,,,8835706.866765453,8823889.947694082,0.0,w_hit,200.0,,1.0,73044,,,
case1,,11023889.947694082,trajectory_episode,44,,,8835706.866765453,8823889.947694082,0.24898969976868066,w_hit,250.0,,1.25,73044,,,
case1,,13223889.947694082,trajectory_episode,44,,,8835706.866765453,8823889.947694082,0.4979793995373613,w_hit,300.0,,1.5,73044,,,
case1,,4423897.777165333,trajectory_episode,45,,,8835714.770162221,8823897.777165333,-0.49797895410324766,w_hit,100.0,,0.5,73045,,,
case1,,6623897.777165332,trajectory_episode,45,,,8835714.770162221,8823897.777165333,-0.24898947705162394,w_hit,150.0,,0.75,73045,,,
case1,,8823897.777165333,trajectory_episode,45,,,8835714.770162221,8823897.777165333,0.0,w_hit,200.0,,1.0,73045,,,
case1,,11023897.777165333,trajectory_episode,45,,,8835714.770162221,8823897.777165333,0.24898947705162383,w_hit,250.0,,1.25,73045,,,
case1,,13223897.777165333,trajectory_episode,45,,,8835714.770162221,8823897.777165333,0.49797895410324766,w_hit,300.0,,1.5,73045,,,
case1,,4423890.590486466,trajectory_episode,46,,,8835707.545195283,8823890.590486465,-0.4979793613011387,w_hit,100.0,,0.5,73046,,,
case1,,6623890.590486466,trajectory_episode,46,,,8835707.545195283,8823890.590486465,-0.24898968065056928,w_hit,150.0,,0.75,73046,,,
case1,,8823890.590486465,trajectory_episode,46,,,8835707.545195283,8823890.590486465,0.0,w_hit,200.0,,1.0,73046,,,
case1,,11023890.590486467,trajectory_episode,46,,,8835707.545195283,8823890.590486465,0.2489896806505696,w_hit,250.0,,1.25,73046,,,
case1,,13223890.590486467,trajectory_episode,46,,,8835707.545195283,8823890.590486465,0.497979361301139,w_hit,300.0,,1.5,73046,,,
case1,,4423893.326893779,trajectory_episode,47,,,8835710.293339709,8823893.326893779,-0.4979792064161141,w_hit,100.0,,0.5,73047,,,
case1,,6623893.326893779,trajectory_episode,47,,,8835710.293339709,8823893.326893779,-0.248989603208057,w_hit,150.0,,0.75,73047,,,
case1,,8823893.326893779,trajectory_episode,47,,,8835710.293339709,8823893.326893779,0.0,w_hit,200.0,,1.0,73047,,,
case1,,11023893.326893777,trajectory_episode,47,,,8835710.293339709,8823893.326893779,0.2489896032080569,w_hit,250.0,,1.25,73047,,,
case1,,13223893.326893777,trajectory_episode,47,,,8835710.293339709,8823893.326893779,0.497979206416114,w_hit,300.0,,1.5,73047,,,
case1,,4423897.7529595755,trajectory_episode,48,,,8835714.731398286,8823897.752959577,-0.4979789562879748,w_hit,100.0,,0.5,73048,,,
case1,,6623897.7529595755,trajectory_episode,48,,,8835714.731398286,8823897.752959577,-0.24898947814398747,w_hit,150.0,,0.75,73048,,,
case1,,8823897.752959577,trajectory_episode,48,,,8835714.731398286,8823897.752959577,0.0,w_hit,200.0,,1.0,73048,,,
case1,,11023897.752959576,trajectory_episode,48,,,8835714.731398286,8823897.752959577,0.24898947814398706,w_hit,250.0,,1.25,73048,,,
case1,,13223897.752959576,trajectory_episode,48,,,8835714.731398286,8823897.752959577,0.49797895628797434,w_hit,300.0,,1.5,73048,,,
case1,,4423898.568403735,trajectory_episode,49,,,8835715.538541766,8823898.568403736,-0.49797891079754825,w_hit,100.0,,0.5,73049,,,
case1,,6623898.568403736,trajectory_episode,49,,,8835715.538541766,8823898.568403736,-0.24898945539877407,w_hit,150.0,,0.75,73049,,,
case1,,8823898.568403736,trajectory_episode,49,,,8835715.538541766,8823898.568403736,0.0,w_hit,200.0,,1.0,73049,,,
case1,,11023898.568403738,trajectory_episode,49,,,8835715.538541766,8823898.568403736,0.2489894553987743,w_hit,250.0,,1.25,73049,,,
case1,,13223898.568403738,trajectory_episode,49,,,8835715.538541766,8823898.568403736,0.49797891079754836,w_hit,300.0,,1.5,73049,,,
case1,,4423897.651211205,trajectory_episode,50,,,8835714.597898934,8823897.651211206,-0.49797896381196916,w_hit,100.0,,0.5,73050,,,
case1,,6623897.651211205,trajectory_episode,50,,,8835714.597898934,8823897.651211206,-0.24898948190598463,w_hit,150.0,,0.75,73050,,,
case1,,8823897.651211206,trajectory_episode,50,,,8835714.597898934,8823897.651211206,0.0,w_hit,200.0,,1.0,73050,,,
case1,,11023897.651211206,trajectory_episode,50,,,8835714.597898934,8823897.651211206,0.24898948190598452,w_hit,250.0,,1.25,73050,,,
case1,,13223897.651211206,trajectory_episode,50,,,8835714.597898934,8823897.651211206,0.49797896381196904,w_hit,300.0,,1.5,73050,,,
case2,,4425735.792798969,trajectory_episode,1,,,8836520.995246984,8825735.792798968,-0.49793351957933274,w_hit,100.0,,0.5,83001,,,
case2,,6625735.792798968,trajectory_episode,1,,,8836520.995246984,8825735.792798968,-0.24896675978966643,w_hit,150.0,,0.75,83001,,,
case2,,8825735.792798968,trajectory_episode,1,,,8836520.995246984,8825735.792798968,0.0,w_hit,200.0,,1.0,83001,,,
case2,,11025735.792798968,trajectory_episode,1,,,8836520.995246984,8825735.792798968,0.24896675978966643,w_hit,250.0,,1.25,83001,,,
case2,,13225735.792798968,trajectory_episode,1,,,8836520.995246984,8825735.792798968,0.49793351957933285,w_hit,300.0,,1.5,83001,,,
case2,,4425732.476310214,trajectory_episode,2,,,8836517.675292432,8825732.476310214,-0.49793370665717457,w_hit,100.0,,0.5,83002,,,
case2,,6625732.476310214,trajectory_episode,2,,,8836517.675292432,8825732.476310214,-0.24896685332858728,w_hit,150.0,,0.75,83002,,,
case2,,8825732.476310214,trajectory_episode,2,,,8836517.675292432,8825732.476310214,0.0,w_hit,200.0,,1.0,83002,,,
case2,,11025732.476310216,trajectory_episode,2,,,8836517.675292432,8825732.476310214,0.24896685332858748,w_hit,250.0,,1.25,83002,,,
case2,,13225732.476310216,trajectory_episode,2,,,8836517.675292432,8825732.476310214,0.4979337066571748,w_hit,300.0,,1.5,83002,,,
case2,,4425733.67655922,trajectory_episode,3,,,8836518.88165831,8825733.67655922,-0.4979336386790214,w_hit,100.0,,0.5,83003,,,
case2,,6625733.676559219,trajectory_episode,3,,,8836518.88165831,8825733.67655922,-0.24896681933951073,w_hit,150.0,,0.75,83003,,,
case2,,8825733.67655922,trajectory_episode,3,,,8836518.88165831,8825733.67655922,0.0,w_hit,200.0,,1.0,83003,,,
case2,,11025733.676559221,trajectory_episode,3,,,8836518.88165831,8825733.67655922,0.24896681933951095,w_hit,250.0,,1.25,83003,,,
case2,,13225733.676559221,trajectory_episode,3,,,8836518.88165831,8825733.67655922,0.4979336386790217,w_hit,300.0,,1.5,83003,,,
case2,,4425729.553726155,trajectory_episode,4,,,8836514.786850167,8825729.553726153,-0.49793386941962064,w_hit,100.0,,0.5,83004,,,
case2,,6625729.553726154,trajectory_episode,4,,,8836514.786850167,8825729.553726153,-0.24896693470981032,w_hit,150.0,,0.75,83004,,,
case2,,8825729.553726153,trajectory_episode,4,,,8836514.786850167,8825729.553726153,0.0,w_hit,200.0,,1.0,83004,,,
case2,,11025729.553726155,trajectory_episode,4,,,8836514.786850167,8825729.553726153,0.24896693470981063,w_hit,250.0,,1.25,83004,,,
case2,,13225729.553726155,trajectory_episode,4,,,8836514.786850167,8825729.553726153,0.49793386941962103,w_hit,300.0,,1.5,83004,,,
case2,,4425725.384703899,trajectory_episode,5,,,8836510.649223404,8825725.384703899,-0.49793410257324744,w_hit,100.0,,0.5,83005,,,
case2,,6625725.384703899,trajectory_episode,5,,,8836510.649223404,8825725.384703899,-0.24896705128662372,w_hit,150.0,,0.75,83005,,,
case2,,8825725.384703899,trajectory_episode,5,,,8836510.649223404,8825725.384703899,0.0,w_hit,200.0,,1.0,83005,,,
case2,,11025725.384703899,trajectory_episode,5,,,8836510.649223404,8825725.384703899,0.24896705128662372,w_hit,250.0,,1.25,83005,,,
case2,,13225725.384703899,trajectory_episode,5,,,8836510.649223404,8825725.384703899,0.49793410257324744,w_hit,300.0,,1.5,83005,,,
case2,,4425731.499507847,trajectory_episode,6,,,8836516.712634543,8825731.499507848,-0.49793376090250985,w_hit,100.0,,0.5,83006,,,
case2,,6625731.499507849,trajectory_episode,6,,,8836516.712634543,8825731.499507848,-0.24896688045125479,w_hit,150.0,,0.75,83006,,,
case2,,8825731.499507848,trajectory_episode,6,,,8836516.712634543,8825731.499507848,0.0,w_hit,200.0,,1.0,83006,,,
case2,,11025731.499507848,trajectory_episode,6,,,8836516.712634543,8825731.499507848,0.24896688045125487,w_hit,250.0,,1.25,83006,,,
case2,,13225731.499507848,trajectory_episode,6,,,8836516.712634543,8825731.499507848,0.49793376090250974,w_hit,300.0,,1.5,83006,,,
case2,,4425728.158459714,trajectory_episode,7,,,8836513.427130902,8825728.158459714,-0.4979339460392379,w_hit,100.0,,0.5,83007,,,
case2,,6625728.158459714,trajectory_episode,7,,,8836513.427130902,8825728.158459714,-0.24896697301961895,w_hit,150.0,,0.75,83007,,,
case2,,8825728.158459714,trajectory_episode,7,,,8836513.427130902,8825728.158459714,0.0,w_hit,200.0,,1.0,83007,,,
case2,,11025728.158459714,trajectory_episode,7,,,8836513.427130902,8825728.158459714,0.24896697301961895,w_hit,250.0,,1.25,83007,,,
case2,,13225728.158459714,trajectory_episode,7,,,8836513.427130902,8825728.158459714,0.4979339460392379,w_hit,300.0,,1.5,83007,,,
case2,,4425727.982533334,trajectory_episode,8,,,8836513.248768073,8825727.982533334,-0.4979339560899112,w_hit,100.0,,0.5,83008,,,
case2,,6625727.982533335,trajectory_episode,8,,,8836513.248768073,8825727.982533334,-0.2489669780449555,w_hit,150.0,,0.75,83008,,,
case2,,8825727.982533334,trajectory_episode,8,,,8836513.248768073,8825727.982533334,0.0,w_hit,200.0,,1.0,83008,,,
case2,,11025727.982533334,trajectory_episode,8,,,8836513.248768073,8825727.982533334,0.2489669780449556,w_hit,250.0,,1.25,83008,,,
case2,,13225727.982533334,trajectory_episode,8,,,8836513.248768073,8825727.982533334,0.4979339560899112,w_hit,300.0,,1.5,83008,,,
case2,,4425726.792298436,trajectory_episode,9,,,8836512.02890709,8825726.792298436,-0.49793402482859483,w_hit,100.0,,0.5,83009,,,
case2,,6625726.792298437,trajectory_episode,9,,,8836512.02890709,8825726.792298436,-0.2489670124142973,w_hit,150.0,,0.75,83009,,,
case2,,8825726.792298436,trajectory_episode,9,,,8836512.02890709,8825726.792298436,0.0,w_hit,200.0,,1.0,83009,,,
case2,,11025726.792298438,trajectory_episode,9,,,8836512.02890709,8825726.792298436,0.2489670124142976,w_hit,250.0,,1.25,83009,,,
case2,,13225726.792298438,trajectory_episode,9,,,8836512.02890709,8825726.792298436,0.49793402482859506,w_hit,300.0,,1.5,83009,,,
case2,,4425727.8552182205,trajectory_episode,10,,,8836513.092965811,8825727.855218222,-0.49793396486930613,w_hit,100.0,,0.5,83010,,,
case2,,6625727.8552182205,trajectory_episode,10,,,8836513.092965811,8825727.855218222,-0.24896698243465315,w_hit,150.0,,0.75,83010,,,
case2,,8825727.855218222,trajectory_episode,10,,,8836513.092965811,8825727.855218222,0.0,w_hit,200.0,,1.0,83010,,,
case2,,11025727.85521822,trajectory_episode,10,,,8836513.092965811,8825727.855218222,0.24896698243465273,w_hit,250.0,,1.25,83010,,,
case2,,13225727.85521822,trajectory_episode,10,,,8836513.092965811,8825727.855218222,0.4979339648693057,w_hit,300.0,,1.5,83010,,,
case2,,4425734.142616615,trajectory_episode,11,,,8836519.380547496,8825734.142616613,-0.4979336105668544,w_hit,100.0,,0.5,83011,,,
case2,,6625734.142616614,trajectory_episode,11,,,8836519.380547496,8825734.142616613,-0.2489668052834272,w_hit,150.0,,0.75,83011,,,
case2,,8825734.142616613,trajectory_episode,11,,,8836519.380547496,8825734.142616613,0.0,w_hit,200.0,,1.0,83011,,,
case2,,11025734.142616613,trajectory_episode,11,,,8836519.380547496,8825734.142616613,0.2489668052834273,w_hit,250.0,,1.25,83011,,,
case2,,13225734.142616613,trajectory_episode,11,,,8836519.380547496,8825734.142616613,0.4979336105668546,w_hit,300.0,,1.5,83011,,,
case2,,4425727.585663726,trajectory_episode,12,,,8836512.805347905,8825727.585663727,-0.4979339810764601,w_hit,100.0,,0.5,83012,,,
case2,,6625727.585663725,trajectory_episode,12,,,8836512.805347905,8825727.585663727,-0.2489669905382302,w_hit,150.0,,0.75,83012,,,
case2,,8825727.585663727,trajectory_episode,12,,,8836512.805347905,8825727.585663727,0.0,w_hit,200.0,,1.0,83012,,,
case2,,11025727.585663727,trajectory_episode,12,,,8836512.805347905,8825727.585663727,0.24896699053823,w_hit,250.0,,1.25,83012,,,
case2,,13225727.585663727,trajectory_episode,12,,,8836512.805347905,8825727.585663727,0.49793398107646,w_hit,300.0,,1.5,83012,,,
case2,,4425726.594317458,trajectory_episode,13,,,8836511.862900693,8825726.594317457,-0.497934034182991,w_hit,100.0,,0.5,83013,,,
case2,,6625726.594317458,trajectory_episode,13,,,8836511.862900693,8825726.594317457,-0.24896701709149544,w_hit,150.0,,0.75,83013,,,
case2,,8825726.594317457,trajectory_episode,13,,,8836511.862900693,8825726.594317457,0.0,w_hit,200.0,,1.0,83013,,,
case2,,11025726.594317455,trajectory_episode,13,,,8836511.862900693,8825726.594317457,0.24896701709149535,w_hit,250.0,,1.25,83013,,,
case2,,13225726.594317455,trajectory_episode,13,,,8836511.862900693,8825726.594317457,0.49793403418299087,w_hit,300.0,,1.5,83013,,,
case2,,4425730.666578349,trajectory_episode,14,,,8836515.866752058,8825730.66657835,-0.4979338085676139,w_hit,100.0,,0.5,83014,,,
case2,,6625730.66657835,trajectory_episode,14,,,8836515.866752058,8825730.66657835,-0.24896690428380694,w_hit,150.0,,0.75,83014,,,
case2,,8825730.66657835,trajectory_episode,14,,,8836515.866752058,8825730.66657835,0.0,w_hit,200.0,,1.0,83014,,,
case2,,11025730.666578349,trajectory_episode,14,,,8836515.866752058,8825730.66657835,0.2489669042838066,w_hit,250.0,,1.25,83014,,,
case2,,13225730.666578349,trajectory_episode,14,,,8836515.866752058,8825730.66657835,0.49793380856761343,w_hit,300.0,,1.5,83014,,,
case2,,4425730.210792692,trajectory_episode,15,,,8836515.419567311,8825730.210792692,-0.49793383376628003,w_hit,100.0,,0.5,83015,,,
case2,,6625730.210792694,trajectory_episode,15,,,8836515.419567311,8825730.210792692,-0.24896691688313982,w_hit,150.0,,0.75,83015,,,
case2,,8825730.210792692,trajectory_episode,15,,,8836515.419567311,8825730.210792692,0.0,w_hit,200.0,,1.0,83015,,,
case2,,11025730.210792692,trajectory_episode,15,,,8836515.419567311,8825730.210792692,0.24896691688314002,w_hit,250.0,,1.25,83015,,,
case2,,13225730.210792692,trajectory_episode,15,,,8836515.419567311,8825730.210792692,0.49793383376628003,w_hit,300.0,,1.5,83015,,,
case2,,4425723.54772897,trajectory_episode,16,,,8836508.818144375,8825723.547728973,-0.4979342057538943,w_hit,100.0,,0.5,83016,,,
case2,,6625723.547728972,trajectory_episode,16,,,8836508.818144375,8825723.547728973,-0.2489671028769471,w_hit,150.0,,0.75,83016,,,
case2,,8825723.547728973,trajectory_episode,16,,,8836508.818144375,8825723.547728973,0.0,w_hit,200.0,,1.0,83016,,,
case2,,11025723.54772897,trajectory_episode,16,,,8836508.818144375,8825723.547728973,0.2489671028769468,w_hit,250.0,,1.25,83016,,,
case2,,13225723.547728973,trajectory_episode,16,,,8836508.818144375,8825723.547728973,0.49793420575389397,w_hit,300.0,,1.5,83016,,,
case2,,4425726.154738181,trajectory_episode,17,,,8836511.357552115,8825726.154738182,-0.4979340626591902,w_hit,100.0,,0.5,83017,,,
case2,,6625726.154738181,trajectory_episode,17,,,8836511.357552115,8825726.154738182,-0.24896703132959516,w_hit,150.0,,0.75,83017,,,
case2,,8825726.154738182,trajectory_episode,17,,,8836511.357552115,8825726.154738182,0.0,w_hit,200.0,,1.0,83017,,,
case2,,11025726.154738184,trajectory_episode,17,,,8836511.357552115,8825726.154738182,0.24896703132959527,w_hit,250.0,,1.25,83017,,,
case2,,13225726.154738184,trajectory_episode,17,,,8836511.357552115,8825726.154738182,0.4979340626591903,w_hit,300.0,,1.5,83017,,,
case2,,4425731.004115459,trajectory_episode,18,,,8836516.24376996,8825731.004115459,-0.49793378732282045,w_hit,100.0,,0.5,83018,,,
case2,,6625731.004115459,trajectory_episode,18,,,8836516.24376996,8825731.004115459,-0.24896689366141023,w_hit,150.0,,0.75,83018,,,
case2,,8825731.004115459,trajectory_episode,18,,,8836516.24376996,8825731.004115459,0.0,w_hit,200.0,,1.0,83018,,,
case2,,11025731.004115459,trajectory_episode,18,,,8836516.24376996,8825731.004115459,0.24896689366141023,w_hit,250.0,,1.25,83018,,,
case2,,13225731.004115459,trajectory_episode,18,,,8836516.24376996,8825731.004115459,0.49793378732282045,w_hit,300.0,,1.5,83018,,,
case2,,4425731.165724107,trajectory_episode,19,,,8836516.35576123,8825731.165724108,-0.49793378101216207,w_hit,100.0,,0.5,83019,,,
case2,,6625731.165724107,trajectory_episode,19,,,8836516.35576123,8825731.165724108,-0.2489668905060811,w_hit,150.0,,0.75,83019,,,
case2,,8825731.165724108,trajectory_episode,19,,,8836516.35576123,8825731.165724108,0.0,w_hit,200.0,,1.0,83019,,,
case2,,11025731.165724108,trajectory_episode,19,,,8836516.35576123,8825731.165724108,0.248966890506081,w_hit,250.0,,1.25,83019,,,
case2,,13225731.165724108,trajectory_episode,19,,,8836516.35576123,8825731.165724108,0.497933781012162,w_hit,300.0,,1.5,83019,,,
case2,,4425728.089462044,trajectory_episode,20,,,8836513.339103559,8825728.089462044,-0.497933950999543,w_hit,100.0,,0.5,83020,,,
case2,,6625728.089462045,trajectory_episode,20,,,8836513.339103559,8825728.089462044,-0.24896697549977143,w_hit,150.0,,0.75,83020,,,
case2,,8825728.089462044,trajectory_episode,20,,,8836513.339103559,8825728.089462044,0.0,w_hit,200.0,,1.0,83020,,,
case2,,11025728.089462044,trajectory_episode,20,,,8836513.339103559,8825728.089462044,0.2489669754997715,w_hit,250.0,,1.25,83020,,,
case2,,13225728.089462044,trajectory_episode,20,,,8836513.339103559,8825728.089462044,0.497933950999543,w_hit,300.0,,1.5,83020,,,
case2,,4425727.302984002,trajectory_episode,21,,,8836512.560269954,8825727.302984001,-0.4979339948865053,w_hit,100.0,,0.5,83021,,,
case2,,6625727.302984002,trajectory_episode,21,,,8836512.560269954,8825727.302984001,-0.2489669974432526,w_hit,150.0,,0.75,83021,,,
case2,,8825727.302984001,trajectory_episode,21,,,8836512.560269954,8825727.302984001,0.0,w_hit,200.0,,1.0,83021,,,
case2,,11025727.302984001,trajectory_episode,21,,,8836512.560269954,8825727.302984001,0.2489669974432527,w_hit,250.0,,1.25,83021,,,
case2,,13225727.302984001,trajectory_episode,21,,,8836512.560269954,8825727.302984001,0.4979339948865054,w_hit,300.0,,1.5,83021,,,
case2,,4425728.44559331,trajectory_episode,22,,,8836513.693380632,8825728.445593309,-0.49793393103617406,w_hit,100.0,,0.5,83022,,,
case2,,6625728.44559331,trajectory_episode,22,,,8836513.693380632,8825728.445593309,-0.24896696551808697,w_hit,150.0,,0.75,83022,,,
case2,,8825728.445593309,trajectory_episode,22,,,8836513.693380632,8825728.445593309,0.0,w_hit,200.0,,1.0,83022,,,
case2,,11025728.445593309,trajectory_episode,22,,,8836513.693380632,8825728.445593309,0.24896696551808709,w_hit,250.0,,1.25,83022,,,
case2,,13225728.445593309,trajectory_episode,22,,,8836513.693380632,8825728.445593309,0.49793393103617417,w_hit,300.0,,1.5,83022,,,
case2,,4425729.168606868,trajectory_episode,23,,,8836514.454776645,8825729.168606866,-0.4979338881318238,w_hit,100.0,,0.5,83023,,,
case2,,6625729.168606868,trajectory_episode,23,,,8836514.454776645,8825729.168606866,-0.24896694406591183,w_hit,150.0,,0.75,83023,,,
case2,,8825729.168606866,trajectory_episode,23,,,8836514.454776645,8825729.168606866,0.0,w_hit,200.0,,1.0,83023,,,
case2,,11025729.168606866,trajectory_episode,23,,,8836514.454776645,8825729.168606866,0.24896694406591202,w_hit,250.0,,1.25,83023,,,
case2,,13225729.168606866,trajectory_episode,23,,,8836514.454776645,8825729.168606866,0.49793388813182404,w_hit,300.0,,1.5,83023,,,
case2,,4425731.476596631,trajectory_episode,24,,,8836516.68955466,8825731.47659663,-0.49793376220305063,w_hit,100.0,,0.5,83024,,,
case2,,6625731.476596629,trajectory_episode,24,,,8836516.68955466,8825731.47659663,-0.24896688110152543,w_hit,150.0,,0.75,83024,,,
case2,,8825731.47659663,trajectory_episode,24,,,8836516.68955466,8825731.47659663,0.0,w_hit,200.0,,1.0,83024,,,
case2,,11025731.47659663,trajectory_episode,24,,,8836516.68955466,8825731.47659663,0.24896688110152543,w_hit,250.0,,1.25,83024,,,
case2,,13225731.47659663,trajectory_episode,24,,,8836516.68955466,8825731.47659663,0.49793376220305086,w_hit,300.0,,1.5,83024,,,
case2,,4425727.538289517,trajectory_episode,25,,,8836512.761806162,8825727.538289517,-0.4979339835300199,w_hit,100.0,,0.5,83025,,,
case2,,6625727.538289517,trajectory_episode,25,,,8836512.761806162,8825727.538289517,-0.24896699176500994,w_hit,150.0,,0.75,83025,,,
case2,,8825727.538289517,trajectory_episode,25,,,8836512.761806162,8825727.538289517,0.0,w_hit,200.0,,1.0,83025,,,
case2,,11025727.538289517,trajectory_episode,25,,,8836512.761806162,8825727.538289517,0.24896699176500994,w_hit,250.0,,1.25,83025,,,
case2,,13225727.538289517,trajectory_episode,25,,,8836512.761806162,8825727.538289517,0.4979339835300199,w_hit,300.0,,1.5,83025,,,
case2,,4425726.912080642,trajectory_episode,26,,,8836512.12019906,8825726.91208064,-0.4979340196843276,w_hit,100.0,,0.5,83026,,,
case2,,6625726.91208064,trajectory_episode,26,,,8836512.12019906,8825726.91208064,-0.2489670098421639,w_hit,150.0,,0.75,83026,,,
case2,,8825726.91208064,trajectory_episode,26,,,8836512.12019906,8825726.91208064,0.0,w_hit,200.0,,1.0,83026,,,
case2,,11025726.912080642,trajectory_episode,26,,,8836512.12019906,8825726.91208064,0.2489670098421641,w_hit,250.0,,1.25,83026,,,
case2,,13225726.912080642,trajectory_episode,26,,,8836512.12019906,8825726.91208064,0.497934019684328,w_hit,300.0,,1.5,83026,,,
case2,,4425732.522900084,trajectory_episode,27,,,8836517.782507073,8825732.522900084,-0.49793370061567893,w_hit,100.0,,0.5,83027,,,
case2,,6625732.522900084,trajectory_episode,27,,,8836517.782507073,8825732.522900084,-0.24896685030783947,w_hit,150.0,,0.75,83027,,,
case2,,8825732.522900084,trajectory_episode,27,,,8836517.782507073,8825732.522900084,0.0,w_hit,200.0,,1.0,83027,,,
case2,,11025732.522900084,trajectory_episode,27,,,8836517.782507073,8825732.522900084,0.24896685030783947,w_hit,250.0,,1.25,83027,,,
case2,,13225732.522900084,trajectory_episode,27,,,8836517.782507073,8825732.522900084,0.49793370061567893,w_hit,300.0,,1.5,83027,,,
case2,,4425732.63384807,trajectory_episode,28,,,8836517.832950905,8825732.63384807,-0.4979336977731922,w_hit,100.0,,0.5,83028,,,
case2,,6625732.63384807,trajectory_episode,28,,,8836517.832950905,8825732.63384807,-0.24896684888659604,w_hit,150.0,,0.75,83028,,,
case2,,8825732.63384807,trajectory_episode,28,,,8836517.832950905,8825732.63384807,0.0,w_hit,200.0,,1.0,83028,,,
case2,,11025732.63384807,trajectory_episode,28,,,8836517.832950905,8825732.63384807,0.24896684888659615,w_hit,250.0,,1.25,83028,,,
case2,,13225732.63384807,trajectory_episode,28,,,8836517.832950905,8825732.63384807,0.4979336977731923,w_hit,300.0,,1.5,83028,,,
case2,,4425735.240686869,trajectory_episode,29,,,8836520.461828925,8825735.240686871,-0.4979335496371746,w_hit,100.0,,0.5,83029,,,
case2,,6625735.240686869,trajectory_episode,29,,,8836520.461828925,8825735.240686871,-0.2489667748185874,w_hit,150.0,,0.75,83029,,,
case2,,8825735.240686871,trajectory_episode,29,,,8836520.461828925,8825735.240686871,0.0,w_hit,200.0,,1.0,83029,,,
case2,,11025735.240686871,trajectory_episode,29,,,8836520.461828925,8825735.240686871,0.2489667748185872,w_hit,250.0,,1.25,83029,,,
case2,,13225735.240686871,trajectory_episode,29,,,8836520.461828925,8825735.240686871,0.4979335496371744,w_hit,300.0,,1.5,83029,,,
case2,,4425730.644276596,trajectory_episode,30,,,8836515.94701117,8825730.644276597,-0.4979338040450479,w_hit,100.0,,0.5,83030,,,
case2,,6625730.644276596,trajectory_episode,30,,,8836515.94701117,8825730.644276597,-0.24896690202252397,w_hit,150.0,,0.75,83030,,,
case2,,8825730.644276597,trajectory_episode,30,,,8836515.94701117,8825730.644276597,0.0,w_hit,200.0,,1.0,83030,,,
case2,,11025730.644276597,trajectory_episode,30,,,8836515.94701117,8825730.644276597,0.2489669020225239,w_hit,250.0,,1.25,83030,,,
case2,,13225730.644276597,trajectory_episode,30,,,8836515.94701117,8825730.644276597,0.4979338040450478,w_hit,300.0,,1.5,83030,,,
case2,,4425739.788349408,trajectory_episode,31,,,8836525.008914407,8825739.788349407,-0.4979332934112922,w_hit,100.0,,0.5,83031,,,
case2,,6625739.788349409,trajectory_episode,31,,,8836525.008914407,8825739.788349407,-0.24896664670564594,w_hit,150.0,,0.75,83031,,,
case2,,8825739.788349407,trajectory_episode,31,,,8836525.008914407,8825739.788349407,0.0,w_hit,200.0,,1.0,83031,,,
case2,,11025739.788349405,trajectory_episode,31,,,8836525.008914407,8825739.788349407,0.24896664670564594,w_hit,250.0,,1.25,83031,,,
case2,,13225739.788349405,trajectory_episode,31,,,8836525.008914407,8825739.788349407,0.4979332934112921,w_hit,300.0,,1.5,83031,,,
case2,,4425724.338158722,trajectory_episode,32,,,8836509.586891029,8825724.338158723,-0.49793416243529065,w_hit,100.0,,0.5,83032,,,
case2,,6625724.338158722,trajectory_episode,32,,,8836509.586891029,8825724.338158723,-0.24896708121764538,w_hit,150.0,,0.75,83032,,,
case2,,8825724.338158723,trajectory_episode,32,,,8836509.586891029,8825724.338158723,0.0,w_hit,200.0,,1.0,83032,,,
case2,,11025724.338158723,trajectory_episode,32,,,8836509.586891029,8825724.338158723,0.2489670812176453,w_hit,250.0,,1.25,83032,,,
case2,,13225724.338158723,trajectory_episode,32,,,8836509.586891029,8825724.338158723,0.4979341624352906,w_hit,300.0,,1.5,83032,,,
case2,,4425726.980634834,trajectory_episode,33,,,8836512.202359922,8825726.980634835,-0.49793401505459534,w_hit,100.0,,0.5,83033,,,
case2,,6625726.980634834,trajectory_episode,33,,,8836512.202359922,8825726.980634835,-0.24896700752729772,w_hit,150.0,,0.75,83033,,,
case2,,8825726.980634835,trajectory_episode,33,,,8836512.202359922,8825726.980634835,0.0,w_hit,200.0,,1.0,83033,,,
case2,,11025726.980634835,trajectory_episode,33,,,8836512.202359922,8825726.980634835,0.2489670075272976,w_hit,250.0,,1.25,83033,,,
case2,,13225726.980634835,trajectory_episode,33,,,8836512.202359922,8825726.980634835,0.4979340150545952,w_hit,300.0,,1.5,83033,,,
case2,,4425731.451456793,trajectory_episode,34,,,8836516.68159611,8825731.451456793,-0.49793376265151157,w_hit,100.0,,0.5,83034,,,
case2,,6625731.451456793,trajectory_episode,34,,,8836516.68159611,8825731.451456793,-0.24896688132575578,w_hit,150.0,,0.75,83034,,,
case2,,8825731.451456793,trajectory_episode,34,,,8836516.68159611,8825731.451456793,0.0,w_hit,200.0,,1.0,83034,,,
case2,,11025731.451456793,trajectory_episode,34,,,8836516.68159611,8825731.451456793,0.24896688132575578,w_hit,250.0,,1.25,83034,,,
case2,,13225731.451456793,trajectory_episode,34,,,8836516.68159611,8825731.451456793,0.49793376265151157,w_hit,300.0,,1.5,83034,,,
case2,,4425737.5215227315,trajectory_episode,35,,,8836522.710081248,8825737.521522732,-0.4979334229493023,w_hit,100.0,,0.5,83035,,,
case2,,6625737.521522732,trajectory_episode,35,,,8836522.710081248,8825737.521522732,-0.2489667114746511,w_hit,150.0,,0.75,83035,,,
case2,,8825737.521522732,trajectory_episode,35,,,8836522.710081248,8825737.521522732,0.0,w_hit,200.0,,1.0,83035,,,
case2,,11025737.52152273,trajectory_episode,35,,,8836522.710081248,8825737.521522732,0.24896671147465088,w_hit,250.0,,1.25,83035,,,
case2,,13225737.52152273,trajectory_episode,35,,,8836522.710081248,8825737.521522732,0.497933422949302,w_hit,300.0,,1.5,83035,,,
case2,,4425733.615291947,trajectory_episode,36,,,8836518.806978064,8825733.615291946,-0.4979336428872178,w_hit,100.0,,0.5,83036,,,
case2,,6625733.615291947,trajectory_episode,36,,,8836518.806978064,8825733.615291946,-0.24896682144360885,w_hit,150.0,,0.75,83036,,,
case2,,8825733.615291946,trajectory_episode,36,,,8836518.806978064,8825733.615291946,0.0,w_hit,200.0,,1.0,83036,,,
case2,,11025733.615291946,trajectory_episode,36,,,8836518.806978064,8825733.615291946,0.24896682144360896,w_hit,250.0,,1.25,83036,,,
case2,,13225733.615291946,trajectory_episode,36,,,8836518.806978064,8825733.615291946,0.4979336428872179,w_hit,300.0,,1.5,83036,,,
case2,,4425729.4736667415,trajectory_episode,37,,,8836514.68472152,8825729.47366674,-0.49793387517452686,w_hit,100.0,,0.5,83037,,,
case2,,6625729.47366674,trajectory_episode,37,,,8836514.68472152,8825729.47366674,-0.2489669375872636,w_hit,150.0,,0.75,83037,,,
case2,,8825729.47366674,trajectory_episode,37,,,8836514.68472152,8825729.47366674,0.0,w_hit,200.0,,1.0,83037,,,
case2,,11025729.473666742,trajectory_episode,37,,,8836514.68472152,8825729.47366674,0.2489669375872637,w_hit,250.0,,1.25,83037,,,
case2,,13225729.473666742,trajectory_episode,37,,,8836514.68472152,8825729.47366674,0.4979338751745272,w_hit,300.0,,1.5,83037,,,
case2,,4425731.332483508,trajectory_episode,38,,,8836516.550893381,8825731.33248351,-0.4979337700165522,w_hit,100.0,,0.5,83038,,,
case2,,6625731.332483508,trajectory_episode,38,,,8836516.550893381,8825731.33248351,-0.2489668850082762,w_hit,150.0,,0.75,83038,,,
case2,,8825731.33248351,trajectory_episode,38,,,8836516.550893381,8825731.33248351,0.0,w_hit,200.0,,1.0,83038,,,
case2,,11025731.33248351,trajectory_episode,38,,,8836516.550893381,8825731.33248351,0.248966885008276,w_hit,250.0,,1.25,83038,,,
case2,,13225731.33248351,trajectory_episode,38,,,8836516.550893381,8825731.33248351,0.497933770016552,w_hit,300.0,,1.5,83038,,,
case2,,4425731.067278538,trajectory_episode,39,,,8836516.256756485,8825731.067278538,-0.4979337865910356,w_hit,100.0,,0.5,83039,,,
case2,,6625731.067278538,trajectory_episode,39,,,8836516.256756485,8825731.067278538,-0.2489668932955178,w_hit,150.0,,0.75,83039,,,
case2,,8825731.067278538,trajectory_episode,39,,,8836516.256756485,8825731.067278538,0.0,w_hit,200.0,,1.0,83039,,,
case2,,11025731.067278538,trajectory_episode,39,,,8836516.256756485,8825731.067278538,0.2489668932955178,w_hit,250.0,,1.25,83039,,,
case2,,13225731.067278538,trajectory_episode,39,,,8836516.256756485,8825731.067278538,0.4979337865910356,w_hit,300.0,,1.5,83039,,,
case2,,4425725.646730755,trajectory_episode,40,,,8836510.8772804,8825725.646730756,-0.49793408972232067,w_hit,100.0,,0.5,83040,,,
case2,,6625725.646730756,trajectory_episode,40,,,8836510.8772804,8825725.646730756,-0.24896704486116028,w_hit,150.0,,0.75,83040,,,
case2,,8825725.646730756,trajectory_episode,40,,,8836510.8772804,8825725.646730756,0.0,w_hit,200.0,,1.0,83040,,,
case2,,11025725.646730755,trajectory_episode,40,,,8836510.8772804,8825725.646730756,0.2489670448611601,w_hit,250.0,,1.25,83040,,,
case2,,13225725.646730755,trajectory_episode,40,,,8836510.8772804,8825725.646730756,0.49793408972232034,w_hit,300.0,,1.5,83040,,,
case2,,4425725.709007072,trajectory_episode,41,,,8836510.891871518,8825725.709007073,-0.4979340889001166,w_hit,100.0,,0.5,83041,,,
case2,,6625725.709007072,trajectory_episode,41,,,8836510.891871518,8825725.709007073,-0.24896704445005835,w_hit,150.0,,0.75,83041,,,
case2,,8825725.709007073,trajectory_episode,41,,,8836510.891871518,8825725.709007073,0.0,w_hit,200.0,,1.0,83041,,,
case2,,11025725.709007073,trajectory_episode,41,,,8836510.891871518,8825725.709007073,0.24896704445005824,w_hit,250.0,,1.25,83041,,,
case2,,13225725.709007073,trajectory_episode,41,,,8836510.891871518,8825725.709007073,0.4979340889001165,w_hit,300.0,,1.5,83041,,,
case2,,4425724.825845972,trajectory_episode,42,,,8836510.071549168,8825724.825845974,-0.4979341351249791,w_hit,100.0,,0.5,83042,,,
case2,,6625724.825845972,trajectory_episode,42,,,8836510.071549168,8825724.825845974,-0.24896706756248965,w_hit,150.0,,0.75,83042,,,
case2,,8825724.825845974,trajectory_episode,42,,,8836510.071549168,8825724.825845974,0.0,w_hit,200.0,,1.0,83042,,,
case2,,11025724.825845974,trajectory_episode,42,,,8836510.071549168,8825724.825845974,0.24896706756248943,w_hit,250.0,,1.25,83042,,,
case2,,13225724.825845974,trajectory_episode,42,,,8836510.071549168,8825724.825845974,0.49793413512497886,w_hit,300.0,,1.5,83042,,,
case2,,4425732.474484259,trajectory_episode,43,,,8836517.685402425,8825732.47448426,-0.4979337060874811,w_hit,100.0,,0.5,83043,,,
case2,,6625732.474484258,trajectory_episode,43,,,8836517.685402425,8825732.47448426,-0.24896685304374067,w_hit,150.0,,0.75,83043,,,
case2,,8825732.47448426,trajectory_episode,43,,,8836517.685402425,8825732.47448426,0.0,w_hit,200.0,,1.0,83043,,,
case2,,11025732.47448426,trajectory_episode,43,,,8836517.685402425,8825732.47448426,0.24896685304374055,w_hit,250.0,,1.25,83043,,,
case2,,13225732.47448426,trajectory_episode,43,,,8836517.685402425,8825732.47448426,0.4979337060874811,w_hit,300.0,,1.5,83043,,,
case2,,4425728.958200776,trajectory_episode,44,,,8836514.181160523,8825728.958200773,-0.4979339035499781,w_hit,100.0,,0.5,83044,,,
case2,,6625728.958200775,trajectory_episode,44,,,8836514.181160523,8825728.958200773,-0.24896695177498898,w_hit,150.0,,0.75,83044,,,
case2,,8825728.958200773,trajectory_episode,44,,,8836514.181160523,8825728.958200773,0.0,w_hit,200.0,,1.0,83044,,,
case2,,11025728.958200773,trajectory_episode,44,,,8836514.181160523,8825728.958200773,0.2489669517749892,w_hit,250.0,,1.25,83044,,,
case2,,13225728.958200773,trajectory_episode,44,,,8836514.181160523,8825728.958200773,0.4979339035499784,w_hit,300.0,,1.5,83044,,,
case2,,4425726.009642903,trajectory_episode,45,,,8836511.261568766,8825726.009642903,-0.4979340680678155,w_hit,100.0,,0.5,83045,,,
case2,,6625726.009642903,trajectory_episode,45,,,8836511.261568766,8825726.009642903,-0.24896703403390774,w_hit,150.0,,0.75,83045,,,
case2,,8825726.009642903,trajectory_episode,45,,,8836511.261568766,8825726.009642903,0.0,w_hit,200.0,,1.0,83045,,,
case2,,11025726.009642903,trajectory_episode,45,,,8836511.261568766,8825726.009642903,0.24896703403390774,w_hit,250.0,,1.25,83045,,,
case2,,13225726.009642903,trajectory_episode,45,,,8836511.261568766,8825726.009642903,0.4979340680678155,w_hit,300.0,,1.5,83045,,,
case2,,4425736.60473277,trajectory_episode,46,,,8836521.792968346,8825736.60473277,-0.497933474628139,w_hit,100.0,,0.5,83046,,,
case2,,6625736.6047327705,trajectory_episode,46,,,8836521.792968346,8825736.60473277,-0.24896673731406943,w_hit,150.0,,0.75,83046,,,
case2,,8825736.60473277,trajectory_episode,46,,,8836521.792968346,8825736.60473277,0.0,w_hit,200.0,,1.0,83046,,,
case2,,11025736.604732769,trajectory_episode,46,,,8836521.792968346,8825736.60473277,0.24896673731406924,w_hit,250.0,,1.25,83046,,,
case2,,13225736.604732769,trajectory_episode,46,,,8836521.792968346,8825736.60473277,0.49793347462813864,w_hit,300.0,,1.5,83046,,,
case2,,4425734.681856345,trajectory_episode,47,,,8836519.874329157,8825734.681856344,-0.49793358274249716,w_hit,100.0,,0.5,83047,,,
case2,,6625734.681856344,trajectory_episode,47,,,8836519.874329157,8825734.681856344,-0.24896679137124858,w_hit,150.0,,0.75,83047,,,
case2,,8825734.681856344,trajectory_episode,47,,,8836519.874329157,8825734.681856344,0.0,w_hit,200.0,,1.0,83047,,,
case2,,11025734.681856344,trajectory_episode,47,,,8836519.874329157,8825734.681856344,0.2489667913712487,w_hit,250.0,,1.25,83047,,,
case2,,13225734.681856344,trajectory_episode,47,,,8836519.874329157,8825734.681856344,0.4979335827424974,w_hit,300.0,,1.5,83047,,,
case2,,4425729.820869855,trajectory_episode,48,,,8836515.0168001,8825729.820869856,-0.49793385646203986,w_hit,100.0,,0.5,83048,,,
case2,,6625729.820869855,trajectory_episode,48,,,8836515.0168001,8825729.820869856,-0.24896692823101998,w_hit,150.0,,0.75,83048,,,
case2,,8825729.820869856,trajectory_episode,48,,,8836515.0168001,8825729.820869856,0.0,w_hit,200.0,,1.0,83048,,,
case2,,11025729.820869856,trajectory_episode,48,,,8836515.0168001,8825729.820869856,0.2489669282310199,w_hit,250.0,,1.25,83048,,,
case2,,13225729.820869856,trajectory_episode,48,,,8836515.0168001,8825729.820869856,0.4979338564620398,w_hit,300.0,,1.5,83048,,,
case2,,4425734.127344436,trajectory_episode,49,,,8836519.34336381,8825734.127344437,-0.4979336126621375,w_hit,100.0,,0.5,83049,,,
case2,,6625734.127344437,trajectory_episode,49,,,8836519.34336381,8825734.127344437,-0.24896680633106869,w_hit,150.0,,0.75,83049,,,
case2,,8825734.127344437,trajectory_episode,49,,,8836519.34336381,8825734.127344437,0.0,w_hit,200.0,,1.0,83049,,,
case2,,11025734.127344437,trajectory_episode,49,,,8836519.34336381,8825734.127344437,0.24896680633106869,w_hit,250.0,,1.25,83049,,,
case2,,13225734.127344437,trajectory_episode,49,,,8836519.34336381,8825734.127344437,0.49793361266213737,w_hit,300.0,,1.5,83049,,,
case2,,4425725.230719539,trajectory_episode,50,,,8836510.5170785,8825725.23071954,-0.49793411001956406,w_hit,100.0,,0.5,83050,,,
case2,,6625725.230719539,trajectory_episode,50,,,8836510.5170785,8825725.23071954,-0.24896705500978208,w_hit,150.0,,0.75,83050,,,
case2,,8825725.23071954,trajectory_episode,50,,,8836510.5170785,8825725.23071954,0.0,w_hit,200.0,,1.0,83050,,,
case2,,11025725.23071954,trajectory_episode,50,,,8836510.5170785,8825725.23071954,0.24896705500978197,w_hit,250.0,,1.25,83050,,,
case2,,13225725.23071954,trajectory_episode,50,,,8836510.5170785,8825725.23071954,0.49793411001956395,w_hit,300.0,,1.5,83050,,,
case1,,8829825.204150014,trajectory_episode,1,,,8835710.383985108,8823893.418528985,0.0006713422422468563,w_coord,9.0,,0.5,73001,,,
case1,,8826859.3113395,trajectory_episode,1,,,8835710.383985108,8823893.418528985,0.00033567112112342813,w_coord,13.5,,0.75,73001,,,
case1,,8823893.418528985,trajectory_episode,1,,,8835710.383985108,8823893.418528985,0.0,w_coord,18.0,,1.0,73001,,,
case1,,8820927.525718473,trajectory_episode,1,,,8835710.383985108,8823893.418528985,-0.0003356711211232173,w_coord,22.5,,1.25,73001,,,
case1,,8817961.632907959,trajectory_episode,1,,,8835710.383985108,8823893.418528985,-0.0006713422422466455,w_coord,27.0,,1.5,73001,,,
case1,,8829825.650777463,trajectory_episode,2,,,8835711.273256872,8823894.288439862,0.0006712942686971844,w_coord,9.0,,0.5,73002,,,
case1,,8826859.969608663,trajectory_episode,2,,,8835711.273256872,8823894.288439862,0.0003356471343485922,w_coord,13.5,,0.75,73002,,,
case1,,8823894.288439862,trajectory_episode,2,,,8835711.273256872,8823894.288439862,0.0,w_coord,18.0,,1.0,73002,,,
case1,,8820928.60727106,trajectory_episode,2,,,8835711.273256872,8823894.288439862,-0.00033564713434880303,w_coord,22.5,,1.25,73002,,,
case1,,8817962.926102258,trajectory_episode,2,,,8835711.273256872,8823894.288439862,-0.0006712942686976061,w_coord,27.0,,1.5,73002,,,
case1,,8829827.36955508,trajectory_episode,3,,,8835714.614213692,8823897.687561085,0.0006711038385572118,w_coord,9.0,,0.5,73003,,,
case1,,8826862.528558083,trajectory_episode,3,,,8835714.614213692,8823897.687561085,0.0003355519192786059,w_coord,13.5,,0.75,73003,,,
case1,,8823897.687561085,trajectory_episode,3,,,8835714.614213692,8823897.687561085,0.0,w_coord,18.0,,1.0,73003,,,
case1,,8820932.846564088,trajectory_episode,3,,,8835714.614213692,8823897.687561085,-0.0003355519192786059,w_coord,22.5,,1.25,73003,,,
case1,,8817968.00556709,trajectory_episode,3,,,8835714.614213692,8823897.687561085,-0.0006711038385572118,w_coord,27.0,,1.5,73003,,,
case1,,8829826.088432806,trajectory_episode,4,,,8835712.13971369,8823895.177509721,0.0006712431130963065,w_coord,9.0,,0.5,73004,,,
case1,,8826860.632971264,trajectory_episode,4,,,8835712.13971369,8823895.177509721,0.00033562155654825863,w_coord,13.5,,0.75,73004,,,
case1,,8823895.177509721,trajectory_episode,4,,,8835712.13971369,8823895.177509721,0.0,w_coord,18.0,,1.0,73004,,,
case1,,8820929.722048184,trajectory_episode,4,,,8835712.13971369,8823895.177509721,-0.0003356215565476262,w_coord,22.5,,1.25,73004,,,
case1,,8817964.266586643,trajectory_episode,4,,,8835712.13971369,8823895.177509721,-0.0006712431130956741,w_coord,27.0,,1.5,73004,,,
case1,,8829829.972636186,trajectory_episode,5,,,8835719.81260572,8823902.871233303,0.0006708113802371173,w_coord,9.0,,0.5,73005,,,
case1,,8826866.421934742,trajectory_episode,5,,,8835719.81260572,8823902.871233303,0.0003354056901183478,w_coord,13.5,,0.75,73005,,,
case1,,8823902.871233303,trajectory_episode,5,,,8835719.81260572,8823902.871233303,0.0,w_coord,18.0,,1.0,73005,,,
case1,,8820939.320531862,trajectory_episode,5,,,8835719.81260572,8823902.871233303,-0.00033540569011855864,w_coord,22.5,,1.25,73005,,,
case1,,8817975.769830422,trajectory_episode,5,,,8835719.81260572,8823902.871233303,-0.0006708113802369065,w_coord,27.0,,1.5,73005,,,
case1,,8829826.098683728,trajectory_episode,6,,,8835712.140746294,8823895.17458419,0.000671244604290326,w_coord,9.0,,0.5,73006,,,
case1,,8826860.636633955,trajectory_episode,6,,,8835712.140746294,8823895.17458419,0.0003356223021447414,w_coord,13.5,,0.75,73006,,,
case1,,8823895.17458419,trajectory_episode,6,,,8835712.140746294,8823895.17458419,0.0,w_coord,18.0,,1.0,73006,,,
case1,,8820929.71253442,trajectory_episode,6,,,8835712.140746294,8823895.17458419,-0.000335622302145163,w_coord,22.5,,1.25,73006,,,
case1,,8817964.250484653,trajectory_episode,6,,,8835712.140746294,8823895.17458419,-0.0006712446042901152,w_coord,27.0,,1.5,73006,,,
case1,,8829828.517011393,trajectory_episode,7,,,8835717.005295508,8823900.01890149,0.0006709696684887102,w_coord,9.0,,0.5,73007,,,
case1,,8826864.267956441,trajectory_episode,7,,,8835717.005295508,8823900.01890149,0.0003354848342443551,w_coord,13.5,,0.75,73007,,,
case1,,8823900.01890149,trajectory_episode,7,,,8835717.005295508,8823900.01890149,0.0,w_coord,18.0,,1.0,73007,,,
case1,,8820935.769846542,trajectory_episode,7,,,8835717.005295508,8823900.01890149,-0.0003354848342439335,w_coord,22.5,,1.25,73007,,,
case1,,8817971.52079159,trajectory_episode,7,,,8835717.005295508,8823900.01890149,-0.0006709696684882887,w_coord,27.0,,1.5,73007,,,
case1,,8829826.780969845,trajectory_episode,8,,,8835713.383285915,8823896.483793803,0.0006711735565416397,w_coord,9.0,,0.5,73008,,,
case1,,8826861.632381827,trajectory_episode,8,,,8835713.383285915,8823896.483793803,0.00033558677827113604,w_coord,13.5,,0.75,73008,,,
case1,,8823896.483793803,trajectory_episode,8,,,8835713.383285915,8823896.483793803,0.0,w_coord,18.0,,1.0,73008,,,
case1,,8820931.335205782,trajectory_episode,8,,,8835713.383285915,8823896.483793803,-0.00033558677827071444,w_coord,22.5,,1.25,73008,,,
case1,,8817966.18661776,trajectory_episode,8,,,8835713.383285915,8823896.483793803,-0.0006711735565416397,w_coord,27.0,,1.5,73008,,,
case1,,8829826.173426956,trajectory_episode,9,,,8835712.309330845,8823895.366703948,0.0006712313071516347,w_coord,9.0,,0.5,73009,,,
case1,,8826860.770065451,trajectory_episode,9,,,8835712.309330845,8823895.366703948,0.00033561565357571193,w_coord,13.5,,0.75,73009,,,
case1,,8823895.366703948,trajectory_episode,9,,,8835712.309330845,8823895.366703948,0.0,w_coord,18.0,,1.0,73009,,,
case1,,8820929.963342441,trajectory_episode,9,,,8835712.309330845,8823895.366703948,-0.0003356156535761336,w_coord,22.5,,1.25,73009,,,
case1,,8817964.559980938,trajectory_episode,9,,,8835712.309330845,8823895.366703948,-0.0006712313071518455,w_coord,27.0,,1.5,73009,,,
case1,,8829825.089821389,trajectory_episode,10,,,8835710.059933597,8823893.133077359,0.0006713616340727571,w_coord,9.0,,0.5,73010,,,
case1,,8826859.111449376,trajectory_episode,10,,,8835710.059933597,8823893.133077359,0.00033568081703658936,w_coord,13.5,,0.75,73010,,,
case1,,8823893.133077359,trajectory_episode,10,,,8835710.059933597,8823893.133077359,0.0,w_coord,18.0,,1.0,73010,,,
case1,,8820927.154705344,trajectory_episode,10,,,8835710.059933597,8823893.133077359,-0.00033568081703637853,w_coord,22.5,,1.25,73010,,,
case1,,8817961.17633333,trajectory_episode,10,,,8835710.059933597,8823893.133077359,-0.0006713616340725463,w_coord,27.0,,1.5,73010,,,
case1,,8829825.596506724,trajectory_episode,11,,,8835711.057295363,8823894.1170279,0.00067130754280692,w_coord,9.0,,0.5,73011,,,
case1,,8826859.856767312,trajectory_episode,11,,,8835711.057295363,8823894.1170279,0.00033565377140346,w_coord,13.5,,0.75,73011,,,
case1,,8823894.1170279,trajectory_episode,11,,,8835711.057295363,8823894.1170279,0.0,w_coord,18.0,,1.0,73011,,,
case1,,8820928.377288489,trajectory_episode,11,,,8835711.057295363,8823894.1170279,-0.0003356537714032492,w_coord,22.5,,1.25,73011,,,
case1,,8817962.637549076,trajectory_episode,11,,,8835711.057295363,8823894.1170279,-0.0006713075428067092,w_coord,27.0,,1.5,73011,,,
case1,,8829827.382912908,trajectory_episode,12,,,8835714.72924116,8823897.805166269,0.000671092031413771,w_coord,9.0,,0.5,73012,,,
case1,,8826862.59403959,trajectory_episode,12,,,8835714.72924116,8823897.805166269,0.0003355460157069909,w_coord,13.5,,0.75,73012,,,
case1,,8823897.805166269,trajectory_episode,12,,,8835714.72924116,8823897.805166269,0.0,w_coord,18.0,,1.0,73012,,,
case1,,8820933.01629295,trajectory_episode,12,,,8835714.72924116,8823897.805166269,-0.0003355460157067801,w_coord,22.5,,1.25,73012,,,
case1,,8817968.227419633,trajectory_episode,12,,,8835714.72924116,8823897.805166269,-0.0006710920314133494,w_coord,27.0,,1.5,73012,,,
case1,,8829825.35879597,trajectory_episode,13,,,8835710.62161293,8823893.620923124,0.0006713368201915609,w_coord,9.0,,0.5,73013,,,
case1,,8826859.489859544,trajectory_episode,13,,,8835710.62161293,8823893.620923124,0.00033566841009535883,w_coord,13.5,,0.75,73013,,,
case1,,8823893.620923124,trajectory_episode,13,,,8835710.62161293,8823893.620923124,0.0,w_coord,18.0,,1.0,73013,,,
case1,,8820927.751986701,trajectory_episode,13,,,8835710.62161293,8823893.620923124,-0.0003356684100957804,w_coord,22.5,,1.25,73013,,,
case1,,8817961.883050276,trajectory_episode,13,,,8835710.62161293,8823893.620923124,-0.0006713368201917717,w_coord,27.0,,1.5,73013,,,
case1,,8829831.934462104,trajectory_episode,14,,,8835719.847977031,8823902.858148267,0.0006710348919894719,w_coord,9.0,,0.5,73014,,,
case1,,8826867.396305185,trajectory_episode,14,,,8835719.847977031,8823902.858148267,0.00033551744599463057,w_coord,13.5,,0.75,73014,,,
case1,,8823902.858148267,trajectory_episode,14,,,8835719.847977031,8823902.858148267,0.0,w_coord,18.0,,1.0,73014,,,
case1,,8820938.319991348,trajectory_episode,14,,,8835719.847977031,8823902.858148267,-0.00033551744599484134,w_coord,22.5,,1.25,73014,,,
case1,,8817973.781834431,trajectory_episode,14,,,8835719.847977031,8823902.858148267,-0.0006710348919894719,w_coord,27.0,,1.5,73014,,,
case1,,8829828.009210825,trajectory_episode,15,,,8835715.880402679,8823898.979498632,0.000671029919074594,w_coord,9.0,,0.5,73015,,,
case1,,8826863.494354727,trajectory_episode,15,,,8835715.880402679,8823898.979498632,0.00033551495953708615,w_coord,13.5,,0.75,73015,,,
case1,,8823898.979498632,trajectory_episode,15,,,8835715.880402679,8823898.979498632,0.0,w_coord,18.0,,1.0,73015,,,
case1,,8820934.464642532,trajectory_episode,15,,,8835715.880402679,8823898.979498632,-0.0003355149595377186,w_coord,22.5,,1.25,73015,,,
case1,,8817969.949786438,trajectory_episode,15,,,8835715.880402679,8823898.979498632,-0.0006710299190748047,w_coord,27.0,,1.5,73015,,,
case1,,8829828.086671816,trajectory_episode,16,,,8835716.034264887,8823899.136020938,0.0006710209594656272,w_coord,9.0,,0.5,73016,,,
case1,,8826863.611346375,trajectory_episode,16,,,8835716.034264887,8823899.136020938,0.0003355104797326028,w_coord,13.5,,0.75,73016,,,
case1,,8823899.136020938,trajectory_episode,16,,,8835716.034264887,8823899.136020938,0.0,w_coord,18.0,,1.0,73016,,,
case1,,8820934.6606955,trajectory_episode,16,,,8835716.034264887,8823899.136020938,-0.0003355104797326028,w_coord,22.5,,1.25,73016,,,
case1,,8817970.185370062,trajectory_episode,16,,,8835716.034264887,8823899.136020938,-0.0006710209594654163,w_coord,27.0,,1.5,73016,,,
case1,,8829827.409672948,trajectory_episode,17,,,8835714.716959974,8823897.781335652,0.0006710977580471136,w_coord,9.0,,0.5,73017,,,
case1,,8826862.595504299,trajectory_episode,17,,,8835714.716959974,8823897.781335652,0.00033554887902345143,w_coord,13.5,,0.75,73017,,,
case1,,8823897.781335652,trajectory_episode,17,,,8835714.716959974,8823897.781335652,0.0,w_coord,18.0,,1.0,73017,,,
case1,,8820932.967167005,trajectory_episode,17,,,8835714.716959974,8823897.781335652,-0.00033554887902345143,w_coord,22.5,,1.25,73017,,,
case1,,8817968.15299836,trajectory_episode,17,,,8835714.716959974,8823897.781335652,-0.0006710977580466921,w_coord,27.0,,1.5,73017,,,
case1,,8829822.869976053,trajectory_episode,18,,,8835705.705941023,8823888.651460668,0.0006716179457397324,w_coord,9.0,,0.5,73018,,,
case1,,8826855.760718357,trajectory_episode,18,,,8835705.705941023,8823888.651460668,0.0003358089728694446,w_coord,13.5,,0.75,73018,,,
case1,,8823888.651460668,trajectory_episode,18,,,8835705.705941023,8823888.651460668,0.0,w_coord,18.0,,1.0,73018,,,
case1,,8820921.542202976,trajectory_episode,18,,,8835705.705941023,8823888.651460668,-0.0003358089728698662,w_coord,22.5,,1.25,73018,,,
case1,,8817954.432945283,trajectory_episode,18,,,8835705.705941023,8823888.651460668,-0.0006716179457397324,w_coord,27.0,,1.5,73018,,,
case1,,8829828.24542119,trajectory_episode,19,,,8835716.325160943,8823899.412058102,0.0006710076630917476,w_coord,9.0,,0.5,73019,,,
case1,,8826863.828739647,trajectory_episode,19,,,8835716.325160943,8823899.412058102,0.00033550383154597917,w_coord,13.5,,0.75,73019,,,
case1,,8823899.412058102,trajectory_episode,19,,,8835716.325160943,8823899.412058102,0.0,w_coord,18.0,,1.0,73019,,,
case1,,8820934.995376555,trajectory_episode,19,,,8835716.325160943,8823899.412058102,-0.00033550383154619,w_coord,22.5,,1.25,73019,,,
case1,,8817970.578695012,trajectory_episode,19,,,8835716.325160943,8823899.412058102,-0.0006710076630919583,w_coord,27.0,,1.5,73019,,,
case1,,8829828.664459536,trajectory_episode,20,,,8835713.326897154,8823896.308788406,0.0006714065352336858,w_coord,9.0,,0.5,73020,,,
case1,,8826862.486623967,trajectory_episode,20,,,8835713.326897154,8823896.308788406,0.0003357032676164213,w_coord,13.5,,0.75,73020,,,
case1,,8823896.308788406,trajectory_episode,20,,,8835713.326897154,8823896.308788406,0.0,w_coord,18.0,,1.0,73020,,,
case1,,8820930.130952837,trajectory_episode,20,,,8835713.326897154,8823896.308788406,-0.0003357032676172645,w_coord,22.5,,1.25,73020,,,
case1,,8817963.95311727,trajectory_episode,20,,,8835713.326897154,8823896.308788406,-0.0006714065352343182,w_coord,27.0,,1.5,73020,,,
case1,,8829829.733436199,trajectory_episode,21,,,8835719.45564949,8823902.47943165,0.0006708286783324017,w_coord,9.0,,0.5,73021,,,
case1,,8826866.106433924,trajectory_episode,21,,,8835719.45564949,8823902.47943165,0.00033541433916620085,w_coord,13.5,,0.75,73021,,,
case1,,8823902.47943165,trajectory_episode,21,,,8835719.45564949,8823902.47943165,0.0,w_coord,18.0,,1.0,73021,,,
case1,,8820938.852429377,trajectory_episode,21,,,8835719.45564949,8823902.47943165,-0.0003354143391659901,w_coord,22.5,,1.25,73021,,,
case1,,8817975.225427106,trajectory_episode,21,,,8835719.45564949,8823902.47943165,-0.0006708286783317693,w_coord,27.0,,1.5,73021,,,
case1,,8829822.715729635,trajectory_episode,22,,,8835705.363241255,8823888.386512052,0.0006716305007488406,w_coord,9.0,,0.5,73022,,,
case1,,8826855.551120846,trajectory_episode,22,,,8835705.363241255,8823888.386512052,0.0003358152503746311,w_coord,13.5,,0.75,73022,,,
case1,,8823888.386512052,trajectory_episode,22,,,8835705.363241255,8823888.386512052,0.0,w_coord,18.0,,1.0,73022,,,
case1,,8820921.221903263,trajectory_episode,22,,,8835705.363241255,8823888.386512052,-0.0003358152503742095,w_coord,22.5,,1.25,73022,,,
case1,,8817954.057294471,trajectory_episode,22,,,8835705.363241255,8823888.386512052,-0.0006716305007486298,w_coord,27.0,,1.5,73022,,,
case1,,8829827.88862193,trajectory_episode,23,,,8835715.627808744,8823898.735216131,0.0006710439375320897,w_coord,9.0,,0.5,73023,,,
case1,,8826863.311919032,trajectory_episode,23,,,8835715.627808744,8823898.735216131,0.00033552196876615023,w_coord,13.5,,0.75,73023,,,
case1,,8823898.735216131,trajectory_episode,23,,,8835715.627808744,8823898.735216131,0.0,w_coord,18.0,,1.0,73023,,,
case1,,8820934.158513231,trajectory_episode,23,,,8835715.627808744,8823898.735216131,-0.00033552196876615023,w_coord,22.5,,1.25,73023,,,
case1,,8817969.581810333,trajectory_episode,23,,,8835715.627808744,8823898.735216131,-0.0006710439375320897,w_coord,27.0,,1.5,73023,,,
case1,,8829824.918775355,trajectory_episode,24,,,8835709.796602571,8823892.807089888,0.0006713791899037752,w_coord,9.0,,0.5,73024,,,
case1,,8826858.86293262,trajectory_episode,24,,,8835709.796602571,8823892.807089888,0.00033568959495178214,w_coord,13.5,,0.75,73024,,,
case1,,8823892.807089888,trajectory_episode,24,,,8835709.796602571,8823892.807089888,0.0,w_coord,18.0,,1.0,73024,,,
case1,,8820926.751247155,trajectory_episode,24,,,8835709.796602571,8823892.807089888,-0.00033568959495178214,w_coord,22.5,,1.25,73024,,,
case1,,8817960.695404418,trajectory_episode,24,,,8835709.796602571,8823892.807089888,-0.0006713791899039859,w_coord,27.0,,1.5,73024,,,
case1,,8829826.946359048,trajectory_episode,25,,,8835713.81361389,8823896.869046753,0.0006711486403234847,w_coord,9.0,,0.5,73025,,,
case1,,8826861.9077029,trajectory_episode,25,,,8835713.81361389,8823896.869046753,0.00033557432016174233,w_coord,13.5,,0.75,73025,,,
case1,,8823896.869046753,trajectory_episode,25,,,8835713.81361389,8823896.869046753,0.0,w_coord,18.0,,1.0,73025,,,
case1,,8820931.830390606,trajectory_episode,25,,,8835713.81361389,8823896.869046753,-0.00033557432016174233,w_coord,22.5,,1.25,73025,,,
case1,,8817966.791734459,trajectory_episode,25,,,8835713.81361389,8823896.869046753,-0.0006711486403234847,w_coord,27.0,,1.5,73025,,,
case1,,8829825.98333749,trajectory_episode,26,,,8835711.929813273,8823894.971103633,0.0006712545950988702,w_coord,9.0,,0.5,73026,,,
case1,,8826860.477220561,trajectory_episode,26,,,8835711.929813273,8823894.971103633,0.0003356272975494351,w_coord,13.5,,0.75,73026,,,
case1,,8823894.971103633,trajectory_episode,26,,,8835711.929813273,8823894.971103633,0.0,w_coord,18.0,,1.0,73026,,,
case1,,8820929.464986699,trajectory_episode,26,,,8835711.929813273,8823894.971103633,-0.0003356272975500675,w_coord,22.5,,1.25,73026,,,
case1,,8817963.958869772,trajectory_episode,26,,,8835711.929813273,8823894.971103633,-0.0006712545950992918,w_coord,27.0,,1.5,73026,,,
case1,,8829832.18365724,trajectory_episode,27,,,8835720.270788046,8823903.350118699,0.000671007383307845,w_coord,9.0,,0.5,73027,,,
case1,,8826867.76688797,trajectory_episode,27,,,8835720.270788046,8823903.350118699,0.0003355036916540279,w_coord,13.5,,0.75,73027,,,
case1,,8823903.350118699,trajectory_episode,27,,,8835720.270788046,8823903.350118699,0.0,w_coord,18.0,,1.0,73027,,,
case1,,8820938.933349429,trajectory_episode,27,,,8835720.270788046,8823903.350118699,-0.0003355036916538171,w_coord,22.5,,1.25,73027,,,
case1,,8817974.516580157,trajectory_episode,27,,,8835720.270788046,8823903.350118699,-0.000671007383307845,w_coord,27.0,,1.5,73027,,,
case1,,8829826.182701496,trajectory_episode,28,,,8835712.323735373,8823895.3486464,0.0006712343994228866,w_coord,9.0,,0.5,73028,,,
case1,,8826860.765673948,trajectory_episode,28,,,8835712.323735373,8823895.3486464,0.0003356171997114433,w_coord,13.5,,0.75,73028,,,
case1,,8823895.3486464,trajectory_episode,28,,,8835712.323735373,8823895.3486464,0.0,w_coord,18.0,,1.0,73028,,,
case1,,8820929.931618854,trajectory_episode,28,,,8835712.323735373,8823895.3486464,-0.0003356171997112325,w_coord,22.5,,1.25,73028,,,
case1,,8817964.514591306,trajectory_episode,28,,,8835712.323735373,8823895.3486464,-0.0006712343994226758,w_coord,27.0,,1.5,73028,,,
case1,,8829826.157957073,trajectory_episode,29,,,8835712.216649653,8823895.244043097,0.0006712434457519373,w_coord,9.0,,0.5,73029,,,
case1,,8826860.701000083,trajectory_episode,29,,,8835712.216649653,8823895.244043097,0.0003356217228757578,w_coord,13.5,,0.75,73029,,,
case1,,8823895.244043097,trajectory_episode,29,,,8835712.216649653,8823895.244043097,0.0,w_coord,18.0,,1.0,73029,,,
case1,,8820929.787086107,trajectory_episode,29,,,8835712.216649653,8823895.244043097,-0.00033562172287617947,w_coord,22.5,,1.25,73029,,,
case1,,8817964.330129119,trajectory_episode,29,,,8835712.216649653,8823895.244043097,-0.000671243445752148,w_coord,27.0,,1.5,73029,,,
case1,,8829832.282054963,trajectory_episode,30,,,8835720.51972035,8823903.532098379,0.0006709979048512559,w_coord,9.0,,0.5,73030,,,
case1,,8826867.90707667,trajectory_episode,30,,,8835720.51972035,8823903.532098379,0.00033549895242552256,w_coord,13.5,,0.75,73030,,,
case1,,8823903.532098379,trajectory_episode,30,,,8835720.51972035,8823903.532098379,0.0,w_coord,18.0,,1.0,73030,,,
case1,,8820939.157120088,trajectory_episode,30,,,8835720.51972035,8823903.532098379,-0.00033549895242552256,w_coord,22.5,,1.25,73030,,,
case1,,8817974.782141794,trajectory_episode,30,,,8835720.51972035,8823903.532098379,-0.0006709979048514666,w_coord,27.0,,1.5,73030,,,
case1,,8829826.003015863,trajectory_episode,31,,,8835711.91962849,8823894.925786616,0.0006712619518604538,w_coord,9.0,,0.5,73031,,,
case1,,8826860.46440124,trajectory_episode,31,,,8835711.91962849,8823894.925786616,0.0003356309759302269,w_coord,13.5,,0.75,73031,,,
case1,,8823894.925786616,trajectory_episode,31,,,8835711.91962849,8823894.925786616,0.0,w_coord,18.0,,1.0,73031,,,
case1,,8820929.387171993,trajectory_episode,31,,,8835711.91962849,8823894.925786616,-0.0003356309759302269,w_coord,22.5,,1.25,73031,,,
case1,,8817963.848557372,trajectory_episode,31,,,8835711.91962849,8823894.925786616,-0.000671261951860243,w_coord,27.0,,1.5,73031,,,
case1,,8829827.127361832,trajectory_episode,32,,,8835714.287042595,8823897.263731247,0.0006711244204989067,w_coord,9.0,,0.5,73032,,,
case1,,8826862.19554654,trajectory_episode,32,,,8835714.287042595,8823897.263731247,0.00033556221024945334,w_coord,13.5,,0.75,73032,,,
case1,,8823897.263731247,trajectory_episode,32,,,8835714.287042595,8823897.263731247,0.0,w_coord,18.0,,1.0,73032,,,
case1,,8820932.331915954,trajectory_episode,32,,,8835714.287042595,8823897.263731247,-0.00033556221024945334,w_coord,22.5,,1.25,73032,,,
case1,,8817967.400100665,trajectory_episode,32,,,8835714.287042595,8823897.263731247,-0.000671124420498485,w_coord,27.0,,1.5,73032,,,
case1,,8829827.410670858,trajectory_episode,33,,,8835714.7669299,8823897.815305714,0.0006710940225614185,w_coord,9.0,,0.5,73033,,,
case1,,8826862.612988286,trajectory_episode,33,,,8835714.7669299,8823897.815305714,0.00033554701128070923,w_coord,13.5,,0.75,73033,,,
case1,,8823897.815305714,trajectory_episode,33,,,8835714.7669299,8823897.815305714,0.0,w_coord,18.0,,1.0,73033,,,
case1,,8820933.017623145,trajectory_episode,33,,,8835714.7669299,8823897.815305714,-0.0003355470112802876,w_coord,22.5,,1.25,73033,,,
case1,,8817968.219940573,trajectory_episode,33,,,8835714.7669299,8823897.815305714,-0.0006710940225609968,w_coord,27.0,,1.5,73033,,,
case1,,8829825.678386386,trajectory_episode,34,,,8835711.138767151,8823894.247051856,0.0006713020877862864,w_coord,9.0,,0.5,73034,,,
case1,,8826859.96271912,trajectory_episode,34,,,8835711.138767151,8823894.247051856,0.0003356510438930378,w_coord,13.5,,0.75,73034,,,
case1,,8823894.247051856,trajectory_episode,34,,,8835711.138767151,8823894.247051856,0.0,w_coord,18.0,,1.0,73034,,,
case1,,8820928.531384587,trajectory_episode,34,,,8835711.138767151,8823894.247051856,-0.0003356510438934594,w_coord,22.5,,1.25,73034,,,
case1,,8817962.81571732,trajectory_episode,34,,,8835711.138767151,8823894.247051856,-0.0006713020877867081,w_coord,27.0,,1.5,73034,,,
case1,,8829830.911867278,trajectory_episode,35,,,8835717.771525258,8823900.834499242,0.0006711483459947859,w_coord,9.0,,0.5,73035,,,
case1,,8826865.873183258,trajectory_episode,35,,,8835717.771525258,8823900.834499242,0.0003355741729971821,w_coord,13.5,,0.75,73035,,,
case1,,8823900.834499242,trajectory_episode,35,,,8835717.771525258,8823900.834499242,0.0,w_coord,18.0,,1.0,73035,,,
case1,,8820935.795815222,trajectory_episode,35,,,8835717.771525258,8823900.834499242,-0.00033557417299760376,w_coord,22.5,,1.25,73035,,,
case1,,8817970.757131206,trajectory_episode,35,,,8835717.771525258,8823900.834499242,-0.0006711483459947859,w_coord,27.0,,1.5,73035,,,
case1,,8829820.839129573,trajectory_episode,36,,,8835705.61175949,8823888.622147754,0.0006713914250293354,w_coord,9.0,,0.5,73036,,,
case1,,8826854.73063866,trajectory_episode,36,,,8835705.61175949,8823888.622147754,0.0003356957125143515,w_coord,13.5,,0.75,73036,,,
case1,,8823888.622147754,trajectory_episode,36,,,8835705.61175949,8823888.622147754,0.0,w_coord,18.0,,1.0,73036,,,
case1,,8820922.513656847,trajectory_episode,36,,,8835705.61175949,8823888.622147754,-0.0003356957125143515,w_coord,22.5,,1.25,73036,,,
case1,,8817956.40516594,trajectory_episode,36,,,8835705.61175949,8823888.622147754,-0.000671391425028703,w_coord,27.0,,1.5,73036,,,
case1,,8829827.841252925,trajectory_episode,37,,,8835715.541460242,8823898.5979533,0.0006710541180057105,w_coord,9.0,,0.5,73037,,,
case1,,8826863.219603114,trajectory_episode,37,,,8835715.541460242,8823898.5979533,0.0003355270590029606,w_coord,13.5,,0.75,73037,,,
case1,,8823898.5979533,trajectory_episode,37,,,8835715.541460242,8823898.5979533,0.0,w_coord,18.0,,1.0,73037,,,
case1,,8820933.976303488,trajectory_episode,37,,,8835715.541460242,8823898.5979533,-0.0003355270590029606,w_coord,22.5,,1.25,73037,,,
case1,,8817969.354653675,trajectory_episode,37,,,8835715.541460242,8823898.5979533,-0.0006710541180059213,w_coord,27.0,,1.5,73037,,,
case1,,8829823.993799612,trajectory_episode,38,,,8835708.010375295,8823890.964579742,0.0006714831695323893,w_coord,9.0,,0.5,73038,,,
case1,,8826857.479189675,trajectory_episode,38,,,8835708.010375295,8823890.964579742,0.0003357415847659838,w_coord,13.5,,0.75,73038,,,
case1,,8823890.964579742,trajectory_episode,38,,,8835708.010375295,8823890.964579742,0.0,w_coord,18.0,,1.0,73038,,,
case1,,8820924.449969804,trajectory_episode,38,,,8835708.010375295,8823890.964579742,-0.0003357415847666163,w_coord,22.5,,1.25,73038,,,
case1,,8817957.935359867,trajectory_episode,38,,,8835708.010375295,8823890.964579742,-0.0006714831695330217,w_coord,27.0,,1.5,73038,,,
case1,,8829826.821703358,trajectory_episode,39,,,8835713.556783093,8823896.620053781,0.0006711627319588542,w_coord,9.0,,0.5,73039,,,
case1,,8826861.72087857,trajectory_episode,39,,,8835713.556783093,8823896.620053781,0.0003355813659794271,w_coord,13.5,,0.75,73039,,,
case1,,8823896.620053781,trajectory_episode,39,,,8835713.556783093,8823896.620053781,0.0,w_coord,18.0,,1.0,73039,,,
case1,,8820931.519228993,trajectory_episode,39,,,8835713.556783093,8823896.620053781,-0.0003355813659794271,w_coord,22.5,,1.25,73039,,,
case1,,8817966.418404203,trajectory_episode,39,,,8835713.556783093,8823896.620053781,-0.0006711627319590651,w_coord,27.0,,1.5,73039,,,
case1,,8829834.29298785,trajectory_episode,40,,,8835724.569533432,8823907.586242631,0.0006707663529547349,w_coord,9.0,,0.5,73040,,,
case1,,8826870.939615242,trajectory_episode,40,,,8835724.569533432,8823907.586242631,0.0003353831764775783,w_coord,13.5,,0.75,73040,,,
case1,,8823907.586242631,trajectory_episode,40,,,8835724.569533432,8823907.586242631,0.0,w_coord,18.0,,1.0,73040,,,
case1,,8820944.232870026,trajectory_episode,40,,,8835724.569533432,8823907.586242631,-0.0003353831764769459,w_coord,22.5,,1.25,73040,,,
case1,,8817980.879497414,trajectory_episode,40,,,8835724.569533432,8823907.586242631,-0.0006707663529545242,w_coord,27.0,,1.5,73040,,,
case1,,8829826.089151844,trajectory_episode,41,,,8835712.058935072,8823895.137714319,0.0006712477045387423,w_coord,9.0,,0.5,73041,,,
case1,,8826860.613433082,trajectory_episode,41,,,8835712.058935072,8823895.137714319,0.00033562385226937113,w_coord,13.5,,0.75,73041,,,
case1,,8823895.137714319,trajectory_episode,41,,,8835712.058935072,8823895.137714319,0.0,w_coord,18.0,,1.0,73041,,,
case1,,8820929.66199556,trajectory_episode,41,,,8835712.058935072,8823895.137714319,-0.0003356238522689495,w_coord,22.5,,1.25,73041,,,
case1,,8817964.186276799,trajectory_episode,41,,,8835712.058935072,8823895.137714319,-0.0006712477045381099,w_coord,27.0,,1.5,73041,,,
case1,,8829825.15246099,trajectory_episode,42,,,8835710.256736632,8823893.265468093,0.0006713537248887462,w_coord,9.0,,0.5,73042,,,
case1,,8826859.208964538,trajectory_episode,42,,,8835710.256736632,8823893.265468093,0.0003356768624439515,w_coord,13.5,,0.75,73042,,,
case1,,8823893.265468093,trajectory_episode,42,,,8835710.256736632,8823893.265468093,0.0,w_coord,18.0,,1.0,73042,,,
case1,,8820927.321971642,trajectory_episode,42,,,8835710.256736632,8823893.265468093,-0.00033567686244458393,w_coord,22.5,,1.25,73042,,,
case1,,8817961.378475193,trajectory_episode,42,,,8835710.256736632,8823893.265468093,-0.000671353724888957,w_coord,27.0,,1.5,73042,,,
case1,,8829823.72241765,trajectory_episode,43,,,8835707.45658569,8823890.407153653,0.0006715155852715981,w_coord,9.0,,0.5,73043,,,
case1,,8826857.064785654,trajectory_episode,43,,,8835707.45658569,8823890.407153653,0.00033575779263600984,w_coord,13.5,,0.75,73043,,,
case1,,8823890.407153653,trajectory_episode,43,,,8835707.45658569,8823890.407153653,0.0,w_coord,18.0,,1.0,73043,,,
case1,,8820923.749521652,trajectory_episode,43,,,8835707.45658569,8823890.407153653,-0.00033575779263600984,w_coord,22.5,,1.25,73043,,,
case1,,8817957.091889651,trajectory_episode,43,,,8835707.45658569,8823890.407153653,-0.0006715155852720197,w_coord,27.0,,1.5,73043,,,
case1,,8829823.476913562,trajectory_episode,44,,,8835706.866765453,8823889.947694082,0.0006715398449668531,w_coord,9.0,,0.5,73044,,,
case1,,8826856.712303823,trajectory_episode,44,,,8835706.866765453,8823889.947694082,0.000335769922483532,w_coord,13.5,,0.75,73044,,,
case1,,8823889.947694082,trajectory_episode,44,,,8835706.866765453,8823889.947694082,0.0,w_coord,18.0,,1.0,73044,,,
case1,,8820923.183084346,trajectory_episode,44,,,8835706.866765453,8823889.947694082,-0.0003357699224828995,w_coord,22.5,,1.25,73044,,,
case1,,8817956.418474607,trajectory_episode,44,,,8835706.866765453,8823889.947694082,-0.0006715398449662207,w_coord,27.0,,1.5,73044,,,
case1,,8829827.394880116,trajectory_episode,45,,,8835714.770162221,8823897.777165333,0.0006710965517817763,w_coord,9.0,,0.5,73045,,,
case1,,8826862.586022722,trajectory_episode,45,,,8835714.770162221,8823897.777165333,0.00033554827589057196,w_coord,13.5,,0.75,73045,,,
case1,,8823897.777165333,trajectory_episode,45,,,8835714.770162221,8823897.777165333,0.0,w_coord,18.0,,1.0,73045,,,
case1,,8820932.968307938,trajectory_episode,45,,,8835714.770162221,8823897.777165333,-0.0003355482758912044,w_coord,22.5,,1.25,73045,,,
case1,,8817968.15945055,trajectory_episode,45,,,8835714.770162221,8823897.777165333,-0.0006710965517817763,w_coord,27.0,,1.5,73045,,,
case1,,8829823.808181213,trajectory_episode,46,,,8835707.545195283,8823890.590486465,0.0006715045359298455,w_coord,9.0,,0.5,73046,,,
case1,,8826857.199333841,trajectory_episode,46,,,8835707.545195283,8823890.590486465,0.00033575226796513357,w_coord,13.5,,0.75,73046,,,
case1,,8823890.590486465,trajectory_episode,46,,,8835707.545195283,8823890.590486465,0.0,w_coord,18.0,,1.0,73046,,,
case1,,8820923.981639093,trajectory_episode,46,,,8835707.545195283,8823890.590486465,-0.0003357522679647119,w_coord,22.5,,1.25,73046,,,
case1,,8817957.372791719,trajectory_episode,46,,,8835707.545195283,8823890.590486465,-0.0006715045359296347,w_coord,27.0,,1.5,73046,,,
case1,,8829825.212898865,trajectory_episode,47,,,8835710.293339709,8823893.326893779,0.0006713536103099979,w_coord,9.0,,0.5,73047,,,
case1,,8826859.269896325,trajectory_episode,47,,,8835710.293339709,8823893.326893779,0.00033567680515531517,w_coord,13.5,,0.75,73047,,,
case1,,8823893.326893779,trajectory_episode,47,,,8835710.293339709,8823893.326893779,0.0,w_coord,18.0,,1.0,73047,,,
case1,,8820927.383891238,trajectory_episode,47,,,8835710.293339709,8823893.326893779,-0.00033567680515468276,w_coord,22.5,,1.25,73047,,,
case1,,8817961.440888694,trajectory_episode,47,,,8835710.293339709,8823893.326893779,-0.0006713536103097872,w_coord,27.0,,1.5,73047,,,
case1,,8829829.382463302,trajectory_episode,48,,,8835714.731398286,8823897.752959577,0.0006713242430345409,w_coord,9.0,,0.5,73048,,,
case1,,8826863.567711439,trajectory_episode,48,,,8835714.731398286,8823897.752959577,0.00033566212151716506,w_coord,13.5,,0.75,73048,,,
case1,,8823897.752959577,trajectory_episode,48,,,8835714.731398286,8823897.752959577,0.0,w_coord,18.0,,1.0,73048,,,
case1,,8820931.93820771,trajectory_episode,48,,,8835714.731398286,8823897.752959577,-0.0003356621215177975,w_coord,22.5,,1.25,73048,,,
case1,,8817966.123455849,trajectory_episode,48,,,8835714.731398286,8823897.752959577,-0.0006713242430349625,w_coord,27.0,,1.5,73048,,,
case1,,8829829.815257648,trajectory_episode,49,,,8835715.538541766,8823898.568403736,0.0006712808745415014,w_coord,9.0,,0.5,73049,,,
case1,,8826864.191830691,trajectory_episode,49,,,8835715.538541766,8823898.568403736,0.00033564043727064526,w_coord,13.5,,0.75,73049,,,
case1,,8823898.568403736,trajectory_episode,49,,,8835715.538541766,8823898.568403736,0.0,w_coord,18.0,,1.0,73049,,,
case1,,8820932.94497678,trajectory_episode,49,,,8835715.538541766,8823898.568403736,-0.00033564043727064526,w_coord,22.5,,1.25,73049,,,
case1,,8817967.321549824,trajectory_episode,49,,,8835715.538541766,8823898.568403736,-0.0006712808745415014,w_coord,27.0,,1.5,73049,,,
case1,,8829827.329364125,trajectory_episode,50,,,8835714.597898934,8823897.651211206,0.0006711034050747687,w_coord,9.0,,0.5,73050,,,
case1,,8826862.490287663,trajectory_episode,50,,,8835714.597898934,8823897.651211206,0.0003355517025371736,w_coord,13.5,,0.75,73050,,,
case1,,8823897.651211206,trajectory_episode,50,,,8835714.597898934,8823897.651211206,0.0,w_coord,18.0,,1.0,73050,,,
case1,,8820932.812134746,trajectory_episode,50,,,8835714.597898934,8823897.651211206,-0.00033555170253738435,w_coord,22.5,,1.25,73050,,,
case1,,8817967.973058287,trajectory_episode,50,,,8835714.597898934,8823897.651211206,-0.0006711034050747687,w_coord,27.0,,1.5,73050,,,
case2,,8831437.99955265,trajectory_episode,1,,,8836520.995246984,8825735.792798968,0.000645299972325021,w_coord,9.0,,0.5,83001,,,
case2,,8828586.896175811,trajectory_episode,1,,,8836520.995246984,8825735.792798968,0.00032264998616272125,w_coord,13.5,,0.75,83001,,,
case2,,8825735.792798968,trajectory_episode,1,,,8836520.995246984,8825735.792798968,0.0,w_coord,18.0,,1.0,83001,,,
case2,,8822884.689422129,trajectory_episode,1,,,8836520.995246984,8825735.792798968,-0.00032264998616229966,w_coord,22.5,,1.25,83001,,,
case2,,8820033.586045286,trajectory_episode,1,,,8836520.995246984,8825735.792798968,-0.000645299972325021,w_coord,27.0,,1.5,83001,,,
case2,,8831436.35465278,trajectory_episode,2,,,8836517.675292432,8825732.476310214,0.0006454893830534196,w_coord,9.0,,0.5,83002,,,
case2,,8828584.415481497,trajectory_episode,2,,,8836517.675292432,8825732.476310214,0.0003227446915267098,w_coord,13.5,,0.75,83002,,,
case2,,8825732.476310214,trajectory_episode,2,,,8836517.675292432,8825732.476310214,0.0,w_coord,18.0,,1.0,83002,,,
case2,,8822880.537138931,trajectory_episode,2,,,8836517.675292432,8825732.476310214,-0.0003227446915267098,w_coord,22.5,,1.25,83002,,,
case2,,8820028.597967647,trajectory_episode,2,,,8836517.675292432,8825732.476310214,-0.0006454893830536303,w_coord,27.0,,1.5,83002,,,
case2,,8831436.91086215,trajectory_episode,3,,,8836518.88165831,8825733.67655922,0.0006454164110675485,w_coord,9.0,,0.5,83003,,,
case2,,8828585.293710684,trajectory_episode,3,,,8836518.88165831,8825733.67655922,0.00032270820553377425,w_coord,13.5,,0.75,83003,,,
case2,,8825733.67655922,trajectory_episode,3,,,8836518.88165831,8825733.67655922,0.0,w_coord,18.0,,1.0,83003,,,
case2,,8822882.059407756,trajectory_episode,3,,,8836518.88165831,8825733.67655922,-0.0003227082055335635,w_coord,22.5,,1.25,83003,,,
case2,,8820030.442256289,trajectory_episode,3,,,8836518.88165831,8825733.67655922,-0.0006454164110675485,w_coord,27.0,,1.5,83003,,,
case2,,8831434.877485903,trajectory_episode,4,,,8836514.786850167,8825729.553726153,0.0006456531672690418,w_coord,9.0,,0.5,83004,,,
case2,,8828582.215606028,trajectory_episode,4,,,8836514.786850167,8825729.553726153,0.0003228265836345209,w_coord,13.5,,0.75,83004,,,
case2,,8825729.553726153,trajectory_episode,4,,,8836514.786850167,8825729.553726153,0.0,w_coord,18.0,,1.0,83004,,,
case2,,8822876.891846282,trajectory_episode,4,,,8836514.786850167,8825729.553726153,-0.0003228265836340993,w_coord,22.5,,1.25,83004,,,
case2,,8820024.229966406,trajectory_episode,4,,,8836514.786850167,8825729.553726153,-0.0006456531672688309,w_coord,27.0,,1.5,83004,,,
case2,,8831432.814059796,trajectory_episode,5,,,8836510.649223404,8825725.384703899,0.0006458917532565421,w_coord,9.0,,0.5,83005,,,
case2,,8828579.099381847,trajectory_episode,5,,,8836510.649223404,8825725.384703899,0.00032294587662827105,w_coord,13.5,,0.75,83005,,,
case2,,8825725.384703899,trajectory_episode,5,,,8836510.649223404,8825725.384703899,0.0,w_coord,18.0,,1.0,83005,,,
case2,,8822871.670025952,trajectory_episode,5,,,8836510.649223404,8825725.384703899,-0.00032294587662806023,w_coord,22.5,,1.25,83005,,,
case2,,8820017.955348007,trajectory_episode,5,,,8836510.649223404,8825725.384703899,-0.0006458917532559097,w_coord,27.0,,1.5,83005,,,
case2,,8831435.825249858,trajectory_episode,6,,,8836516.712634543,8825731.499507848,0.000645540084120921,w_coord,9.0,,0.5,83006,,,
case2,,8828583.662378853,trajectory_episode,6,,,8836516.712634543,8825731.499507848,0.0003227700420604605,w_coord,13.5,,0.75,83006,,,
case2,,8825731.499507848,trajectory_episode,6,,,8836516.712634543,8825731.499507848,0.0,w_coord,18.0,,1.0,83006,,,
case2,,8822879.336636843,trajectory_episode,6,,,8836516.712634543,8825731.499507848,-0.0003227700420604605,w_coord,22.5,,1.25,83006,,,
case2,,8820027.173765838,trajectory_episode,6,,,8836516.712634543,8825731.499507848,-0.000645540084120921,w_coord,27.0,,1.5,83006,,,
case2,,8831434.176745364,trajectory_episode,7,,,8836513.427130902,8825728.158459714,0.0006457318638968478,w_coord,9.0,,0.5,83007,,,
case2,,8828581.167602539,trajectory_episode,7,,,8836513.427130902,8825728.158459714,0.0003228659319484239,w_coord,13.5,,0.75,83007,,,
case2,,8825728.158459714,trajectory_episode,7,,,8836513.427130902,8825728.158459714,0.0,w_coord,18.0,,1.0,83007,,,
case2,,8822875.149316892,trajectory_episode,7,,,8836513.427130902,8825728.158459714,-0.0003228659319480023,w_coord,22.5,,1.25,83007,,,
case2,,8820022.140174067,trajectory_episode,7,,,8836513.427130902,8825728.158459714,-0.0006457318638964263,w_coord,27.0,,1.5,83007,,,
case2,,8831434.079872223,trajectory_episode,8,,,8836513.248768073,8825727.982533334,0.0006457408231334118,w_coord,9.0,,0.5,83008,,,
case2,,8828581.031202778,trajectory_episode,8,,,8836513.248768073,8825727.982533334,0.0003228704115667059,w_coord,13.5,,0.75,83008,,,
case2,,8825727.982533334,trajectory_episode,8,,,8836513.248768073,8825727.982533334,0.0,w_coord,18.0,,1.0,83008,,,
case2,,8822874.93386389,trajectory_episode,8,,,8836513.248768073,8825727.982533334,-0.0003228704115667059,w_coord,22.5,,1.25,83008,,,
case2,,8820021.885194445,trajectory_episode,8,,,8836513.248768073,8825727.982533334,-0.0006457408231334118,w_coord,27.0,,1.5,83008,,,
case2,,8831433.469665473,trajectory_episode,9,,,8836512.02890709,8825726.792298436,0.0006458065522197869,w_coord,9.0,,0.5,83009,,,
case2,,8828580.130981954,trajectory_episode,9,,,8836512.02890709,8825726.792298436,0.00032290327610978806,w_coord,13.5,,0.75,83009,,,
case2,,8825726.792298436,trajectory_episode,9,,,8836512.02890709,8825726.792298436,0.0,w_coord,18.0,,1.0,83009,,,
case2,,8822873.453614919,trajectory_episode,9,,,8836512.02890709,8825726.792298436,-0.00032290327610978806,w_coord,22.5,,1.25,83009,,,
case2,,8820020.114931405,trajectory_episode,9,,,8836512.02890709,8825726.792298436,-0.0006458065522191546,w_coord,27.0,,1.5,83009,,,
case2,,8831434.023463938,trajectory_episode,10,,,8836513.092965811,8825727.855218222,0.0006457488588183432,w_coord,9.0,,0.5,83010,,,
case2,,8828580.93934108,trajectory_episode,10,,,8836513.092965811,8825727.855218222,0.00032287442940906615,w_coord,13.5,,0.75,83010,,,
case2,,8825727.855218222,trajectory_episode,10,,,8836513.092965811,8825727.855218222,0.0,w_coord,18.0,,1.0,83010,,,
case2,,8822874.77109536,trajectory_episode,10,,,8836513.092965811,8825727.855218222,-0.00032287442940969857,w_coord,22.5,,1.25,83010,,,
case2,,8820021.686972503,trajectory_episode,10,,,8836513.092965811,8825727.855218222,-0.0006457488588187647,w_coord,27.0,,1.5,83010,,,
case2,,8831437.17830878,trajectory_episode,11,,,8836519.380547496,8825734.142616613,0.0006453938984982102,w_coord,9.0,,0.5,83011,,,
case2,,8828585.660462696,trajectory_episode,11,,,8836519.380547496,8825734.142616613,0.0003226969492491051,w_coord,13.5,,0.75,83011,,,
case2,,8825734.142616613,trajectory_episode,11,,,8836519.380547496,8825734.142616613,0.0,w_coord,18.0,,1.0,83011,,,
case2,,8822882.624770531,trajectory_episode,11,,,8836519.380547496,8825734.142616613,-0.00032269694924889425,w_coord,22.5,,1.25,83011,,,
case2,,8820031.106924448,trajectory_episode,11,,,8836519.380547496,8825734.142616613,-0.0006453938984979994,w_coord,27.0,,1.5,83011,,,
case2,,8831433.881369304,trajectory_episode,12,,,8836512.805347905,8825727.585663727,0.0006457633040631004,w_coord,9.0,,0.5,83012,,,
case2,,8828580.733516514,trajectory_episode,12,,,8836512.805347905,8825727.585663727,0.00032288165203144475,w_coord,13.5,,0.75,83012,,,
case2,,8825727.585663727,trajectory_episode,12,,,8836512.805347905,8825727.585663727,0.0,w_coord,18.0,,1.0,83012,,,
case2,,8822874.437810937,trajectory_episode,12,,,8836512.805347905,8825727.585663727,-0.00032288165203165557,w_coord,22.5,,1.25,83012,,,
case2,,8820021.289958147,trajectory_episode,12,,,8836512.805347905,8825727.585663727,-0.0006457633040633111,w_coord,27.0,,1.5,83012,,,
case2,,8831433.410844289,trajectory_episode,13,,,8836511.862900693,8825726.594317457,0.0006458223126244666,w_coord,9.0,,0.5,83013,,,
case2,,8828580.002580874,trajectory_episode,13,,,8836511.862900693,8825726.594317457,0.00032291115631233867,w_coord,13.5,,0.75,83013,,,
case2,,8825726.594317457,trajectory_episode,13,,,8836511.862900693,8825726.594317457,0.0,w_coord,18.0,,1.0,83013,,,
case2,,8822873.186054042,trajectory_episode,13,,,8836511.862900693,8825726.594317457,-0.0003229111563121279,w_coord,22.5,,1.25,83013,,,
case2,,8820019.777790625,trajectory_episode,13,,,8836511.862900693,8825726.594317457,-0.0006458223126244666,w_coord,27.0,,1.5,83013,,,
case2,,8831435.434514863,trajectory_episode,14,,,8836515.866752058,8825730.66657835,0.000645590187641418,w_coord,9.0,,0.5,83014,,,
case2,,8828583.050546605,trajectory_episode,14,,,8836515.866752058,8825730.66657835,0.00032279509382049815,w_coord,13.5,,0.75,83014,,,
case2,,8825730.66657835,trajectory_episode,14,,,8836515.866752058,8825730.66657835,0.0,w_coord,18.0,,1.0,83014,,,
case2,,8822878.28261009,trajectory_episode,14,,,8836515.866752058,8825730.66657835,-0.0003227950938211305,w_coord,22.5,,1.25,83014,,,
case2,,8820025.898641832,trajectory_episode,14,,,8836515.866752058,8825730.66657835,-0.0006455901876420503,w_coord,27.0,,1.5,83014,,,
case2,,8831435.19794454,trajectory_episode,15,,,8836515.419567311,8825730.210792692,0.000645615028206164,w_coord,9.0,,0.5,83015,,,
case2,,8828582.704368617,trajectory_episode,15,,,8836515.419567311,8825730.210792692,0.00032280751410318736,w_coord,13.5,,0.75,83015,,,
case2,,8825730.210792692,trajectory_episode,15,,,8836515.419567311,8825730.210792692,0.0,w_coord,18.0,,1.0,83015,,,
case2,,8822877.717216767,trajectory_episode,15,,,8836515.419567311,8825730.210792692,-0.00032280751410318736,w_coord,22.5,,1.25,83015,,,
case2,,8820025.223640842,trajectory_episode,15,,,8836515.419567311,8825730.210792692,-0.0006456150282063747,w_coord,27.0,,1.5,83015,,,
case2,,8831431.849592874,trajectory_episode,16,,,8836508.818144375,8825723.547728973,0.0006459906260920852,w_coord,9.0,,0.5,83016,,,
case2,,8828577.69866092,trajectory_episode,16,,,8836508.818144375,8825723.547728973,0.000322995313045621,w_coord,13.5,,0.75,83016,,,
case2,,8825723.547728973,trajectory_episode,16,,,8836508.818144375,8825723.547728973,0.0,w_coord,18.0,,1.0,83016,,,
case2,,8822869.39679702,trajectory_episode,16,,,8836508.818144375,8825723.547728973,-0.0003229953130462534,w_coord,22.5,,1.25,83016,,,
case2,,8820015.245865071,trajectory_episode,16,,,8836508.818144375,8825723.547728973,-0.0006459906260920852,w_coord,27.0,,1.5,83016,,,
case2,,8831433.18128661,trajectory_episode,17,,,8836511.357552115,8825726.154738182,0.0006458461170370088,w_coord,9.0,,0.5,83017,,,
case2,,8828579.668012396,trajectory_episode,17,,,8836511.357552115,8825726.154738182,0.00032292305851839903,w_coord,13.5,,0.75,83017,,,
case2,,8825726.154738182,trajectory_episode,17,,,8836511.357552115,8825726.154738182,0.0,w_coord,18.0,,1.0,83017,,,
case2,,8822872.641463967,trajectory_episode,17,,,8836511.357552115,8825726.154738182,-0.0003229230585186098,w_coord,22.5,,1.25,83017,,,
case2,,8820019.128189752,trajectory_episode,17,,,8836511.357552115,8825726.154738182,-0.0006458461170372196,w_coord,27.0,,1.5,83017,,,
case2,,8831435.60259063,trajectory_episode,18,,,8836516.24376996,8825731.004115459,0.000645570982704093,w_coord,9.0,,0.5,83018,,,
case2,,8828583.303353043,trajectory_episode,18,,,8836516.24376996,8825731.004115459,0.00032278549135194103,w_coord,13.5,,0.75,83018,,,
case2,,8825731.004115459,trajectory_episode,18,,,8836516.24376996,8825731.004115459,0.0,w_coord,18.0,,1.0,83018,,,
case2,,8822878.704877874,trajectory_episode,18,,,8836516.24376996,8825731.004115459,-0.00032278549135194103,w_coord,22.5,,1.25,83018,,,
case2,,8820026.405640291,trajectory_episode,18,,,8836516.24376996,8825731.004115459,-0.0006455709827036713,w_coord,27.0,,1.5,83018,,,
case2,,8831435.700857047,trajectory_episode,19,,,8836516.35576123,8825731.165724108,0.0006455638062865979,w_coord,9.0,,0.5,83019,,,
case2,,8828583.433290578,trajectory_episode,19,,,8836516.35576123,8825731.165724108,0.0003227819031434043,w_coord,13.5,,0.75,83019,,,
case2,,8825731.165724108,trajectory_episode,19,,,8836516.35576123,8825731.165724108,0.0,w_coord,18.0,,1.0,83019,,,
case2,,8822878.898157638,trajectory_episode,19,,,8836516.35576123,8825731.165724108,-0.0003227819031434043,w_coord,22.5,,1.25,83019,,,
case2,,8820026.630591165,trajectory_episode,19,,,8836516.35576123,8825731.165724108,-0.0006455638062870194,w_coord,27.0,,1.5,83019,,,
case2,,8831434.146296075,trajectory_episode,20,,,8836513.339103559,8825728.089462044,0.0006457362327265791,w_coord,9.0,,0.5,83020,,,
case2,,8828581.11787906,trajectory_episode,20,,,8836513.339103559,8825728.089462044,0.00032286811636328953,w_coord,13.5,,0.75,83020,,,
case2,,8825728.089462044,trajectory_episode,20,,,8836513.339103559,8825728.089462044,0.0,w_coord,18.0,,1.0,83020,,,
case2,,8822875.061045028,trajectory_episode,20,,,8836513.339103559,8825728.089462044,-0.00032286811636328953,w_coord,22.5,,1.25,83020,,,
case2,,8820022.03262801,trajectory_episode,20,,,8836513.339103559,8825728.089462044,-0.0006457362327270007,w_coord,27.0,,1.5,83020,,,
case2,,8831433.741271865,trajectory_episode,21,,,8836512.560269954,8825727.302984001,0.0006457794575566333,w_coord,9.0,,0.5,83021,,,
case2,,8828580.522127934,trajectory_episode,21,,,8836512.560269954,8825727.302984001,0.0003228897287784221,w_coord,13.5,,0.75,83021,,,
case2,,8825727.302984001,trajectory_episode,21,,,8836512.560269954,8825727.302984001,0.0,w_coord,18.0,,1.0,83021,,,
case2,,8822874.083840068,trajectory_episode,21,,,8836512.560269954,8825727.302984001,-0.0003228897287784221,w_coord,22.5,,1.25,83021,,,
case2,,8820020.86469614,trajectory_episode,21,,,8836512.560269954,8825727.302984001,-0.0006457794575564225,w_coord,27.0,,1.5,83021,,,
case2,,8831434.346396985,trajectory_episode,22,,,8836513.693380632,8825728.445593309,0.0006457185493810895,w_coord,9.0,,0.5,83022,,,
case2,,8828581.395995148,trajectory_episode,22,,,8836513.693380632,8825728.445593309,0.00032285927469065016,w_coord,13.5,,0.75,83022,,,
case2,,8825728.445593309,trajectory_episode,22,,,8836513.693380632,8825728.445593309,0.0,w_coord,18.0,,1.0,83022,,,
case2,,8822875.495191472,trajectory_episode,22,,,8836513.693380632,8825728.445593309,-0.0003228592746904394,w_coord,22.5,,1.25,83022,,,
case2,,8820022.544789633,trajectory_episode,22,,,8836513.693380632,8825728.445593309,-0.0006457185493810895,w_coord,27.0,,1.5,83022,,,
case2,,8831434.676535534,trajectory_episode,23,,,8836514.454776645,8825729.168606866,0.0006456740333382734,w_coord,9.0,,0.5,83023,,,
case2,,8828581.922571203,trajectory_episode,23,,,8836514.454776645,8825729.168606866,0.0003228370166694529,w_coord,13.5,,0.75,83023,,,
case2,,8825729.168606866,trajectory_episode,23,,,8836514.454776645,8825729.168606866,0.0,w_coord,18.0,,1.0,83023,,,
case2,,8822876.414642533,trajectory_episode,23,,,8836514.454776645,8825729.168606866,-0.0003228370166690313,w_coord,22.5,,1.25,83023,,,
case2,,8820023.660678202,trajectory_episode,23,,,8836514.454776645,8825729.168606866,-0.0006456740333378518,w_coord,27.0,,1.5,83023,,,
case2,,8831435.816249391,trajectory_episode,24,,,8836516.68955466,8825731.47659663,0.0006455416600417582,w_coord,9.0,,0.5,83024,,,
case2,,8828583.64642301,trajectory_episode,24,,,8836516.68955466,8825731.47659663,0.0003227708300208791,w_coord,13.5,,0.75,83024,,,
case2,,8825731.47659663,trajectory_episode,24,,,8836516.68955466,8825731.47659663,0.0,w_coord,18.0,,1.0,83024,,,
case2,,8822879.30677025,trajectory_episode,24,,,8836516.68955466,8825731.47659663,-0.0003227708300206683,w_coord,22.5,,1.25,83024,,,
case2,,8820027.13694387,trajectory_episode,24,,,8836516.68955466,8825731.47659663,-0.0006455416600415475,w_coord,27.0,,1.5,83024,,,
case2,,8831433.853413144,trajectory_episode,25,,,8836512.761806162,8825727.538289517,0.0006457655047239025,w_coord,9.0,,0.5,83025,,,
case2,,8828580.695851333,trajectory_episode,25,,,8836512.761806162,8825727.538289517,0.00032288275236226746,w_coord,13.5,,0.75,83025,,,
case2,,8825727.538289517,trajectory_episode,25,,,8836512.761806162,8825727.538289517,0.0,w_coord,18.0,,1.0,83025,,,
case2,,8822874.380727705,trajectory_episode,25,,,8836512.761806162,8825727.538289517,-0.00032288275236184587,w_coord,22.5,,1.25,83025,,,
case2,,8820021.223165892,trajectory_episode,25,,,8836512.761806162,8825727.538289517,-0.0006457655047236917,w_coord,27.0,,1.5,83025,,,
case2,,8831433.552848618,trajectory_episode,26,,,8836512.12019906,8825726.91208064,0.0006458024037486354,w_coord,9.0,,0.5,83026,,,
case2,,8828580.232464628,trajectory_episode,26,,,8836512.12019906,8825726.91208064,0.00032290120187421234,w_coord,13.5,,0.75,83026,,,
case2,,8825726.91208064,trajectory_episode,26,,,8836512.12019906,8825726.91208064,0.0,w_coord,18.0,,1.0,83026,,,
case2,,8822873.591696652,trajectory_episode,26,,,8836512.12019906,8825726.91208064,-0.00032290120187421234,w_coord,22.5,,1.25,83026,,,
case2,,8820020.271312663,trajectory_episode,26,,,8836512.12019906,8825726.91208064,-0.0006458024037484247,w_coord,27.0,,1.5,83026,,,
case2,,8831436.358410405,trajectory_episode,27,,,8836517.782507073,8825732.522900084,0.0006454845280357355,w_coord,9.0,,0.5,83027,,,
case2,,8828584.440655243,trajectory_episode,27,,,8836517.782507073,8825732.522900084,0.0003227422640176569,w_coord,13.5,,0.75,83027,,,
case2,,8825732.522900084,trajectory_episode,27,,,8836517.782507073,8825732.522900084,0.0,w_coord,18.0,,1.0,83027,,,
case2,,8822880.605144925,trajectory_episode,27,,,8836517.782507073,8825732.522900084,-0.0003227422640176569,w_coord,22.5,,1.25,83027,,,
case2,,8820028.687389765,trajectory_episode,27,,,8836517.782507073,8825732.522900084,-0.0006454845280355246,w_coord,27.0,,1.5,83027,,,
case2,,8831436.382650478,trajectory_episode,28,,,8836517.832950905,8825732.63384807,0.0006454747118983453,w_coord,9.0,,0.5,83028,,,
case2,,8828584.508249274,trajectory_episode,28,,,8836517.832950905,8825732.63384807,0.00032273735594917267,w_coord,13.5,,0.75,83028,,,
case2,,8825732.63384807,trajectory_episode,28,,,8836517.832950905,8825732.63384807,0.0,w_coord,18.0,,1.0,83028,,,
case2,,8822880.759446869,trajectory_episode,28,,,8836517.832950905,8825732.63384807,-0.0003227373559487511,w_coord,22.5,,1.25,83028,,,
case2,,8820028.885045664,trajectory_episode,28,,,8836517.832950905,8825732.63384807,-0.0006454747118979237,w_coord,27.0,,1.5,83028,,,
case2,,8831437.70589024,trajectory_episode,29,,,8836520.461828925,8825735.240686871,0.0006453292591809127,w_coord,9.0,,0.5,83029,,,
case2,,8828586.473288555,trajectory_episode,29,,,8836520.461828925,8825735.240686871,0.00032266462959035095,w_coord,13.5,,0.75,83029,,,
case2,,8825735.240686871,trajectory_episode,29,,,8836520.461828925,8825735.240686871,0.0,w_coord,18.0,,1.0,83029,,,
case2,,8822884.008085184,trajectory_episode,29,,,8836520.461828925,8825735.240686871,-0.00032266462959077254,w_coord,22.5,,1.25,83029,,,
case2,,8820032.7754835,trajectory_episode,29,,,8836520.461828925,8825735.240686871,-0.0006453292591811234,w_coord,27.0,,1.5,83029,,,
case2,,8831435.452724317,trajectory_episode,30,,,8836515.94701117,8825730.644276597,0.0006455947663004055,w_coord,9.0,,0.5,83030,,,
case2,,8828583.048500456,trajectory_episode,30,,,8836515.94701117,8825730.644276597,0.00032279738315009736,w_coord,13.5,,0.75,83030,,,
case2,,8825730.644276597,trajectory_episode,30,,,8836515.94701117,8825730.644276597,0.0,w_coord,18.0,,1.0,83030,,,
case2,,8822878.240052735,trajectory_episode,30,,,8836515.94701117,8825730.644276597,-0.00032279738315030813,w_coord,22.5,,1.25,83030,,,
case2,,8820025.835828878,trajectory_episode,30,,,8836515.94701117,8825730.644276597,-0.0006455947663001947,w_coord,27.0,,1.5,83030,,,
case2,,8831439.998263655,trajectory_episode,31,,,8836525.008914407,8825739.788349407,0.0006450737035766873,w_coord,9.0,,0.5,83031,,,
case2,,8828589.893306533,trajectory_episode,31,,,8836525.008914407,8825739.788349407,0.00032253685178855446,w_coord,13.5,,0.75,83031,,,
case2,,8825739.788349407,trajectory_episode,31,,,8836525.008914407,8825739.788349407,0.0,w_coord,18.0,,1.0,83031,,,
case2,,8822889.683392284,trajectory_episode,31,,,8836525.008914407,8825739.788349407,-0.00032253685178813287,w_coord,22.5,,1.25,83031,,,
case2,,8820039.57843516,trajectory_episode,31,,,8836525.008914407,8825739.788349407,-0.0006450737035764765,w_coord,27.0,,1.5,83031,,,
case2,,8831432.266330332,trajectory_episode,32,,,8836509.586891029,8825724.338158723,0.0006459482803115287,w_coord,9.0,,0.5,83032,,,
case2,,8828578.302244525,trajectory_episode,32,,,8836509.586891029,8825724.338158723,0.0003229741401555536,w_coord,13.5,,0.75,83032,,,
case2,,8825724.338158723,trajectory_episode,32,,,8836509.586891029,8825724.338158723,0.0,w_coord,18.0,,1.0,83032,,,
case2,,8822870.374072919,trajectory_episode,32,,,8836509.586891029,8825724.338158723,-0.00032297414015576434,w_coord,22.5,,1.25,83032,,,
case2,,8820016.409987114,trajectory_episode,32,,,8836509.586891029,8825724.338158723,-0.0006459482803115287,w_coord,27.0,,1.5,83032,,,
case2,,8831433.584789528,trajectory_episode,33,,,8836512.202359922,8825726.980634835,0.0006457982543348866,w_coord,9.0,,0.5,83033,,,
case2,,8828580.282712182,trajectory_episode,33,,,8836512.202359922,8825726.980634835,0.00032289912716754876,w_coord,13.5,,0.75,83033,,,
case2,,8825726.980634835,trajectory_episode,33,,,8836512.202359922,8825726.980634835,0.0,w_coord,18.0,,1.0,83033,,,
case2,,8822873.678557483,trajectory_episode,33,,,8836512.202359922,8825726.980634835,-0.0003228991271679703,w_coord,22.5,,1.25,83033,,,
case2,,8820020.376480138,trajectory_episode,33,,,8836512.202359922,8825726.980634835,-0.0006457982543353083,w_coord,27.0,,1.5,83033,,,
case2,,8831435.844156113,trajectory_episode,34,,,8836516.68159611,8825731.451456793,0.0006455476637304898,w_coord,9.0,,0.5,83034,,,
case2,,8828583.647806453,trajectory_episode,34,,,8836516.68159611,8825731.451456793,0.0003227738318652449,w_coord,13.5,,0.75,83034,,,
case2,,8825731.451456793,trajectory_episode,34,,,8836516.68159611,8825731.451456793,0.0,w_coord,18.0,,1.0,83034,,,
case2,,8822879.255107133,trajectory_episode,34,,,8836516.68159611,8825731.451456793,-0.0003227738318652449,w_coord,22.5,,1.25,83034,,,
case2,,8820027.05875747,trajectory_episode,34,,,8836516.68159611,8825731.451456793,-0.0006455476637307006,w_coord,27.0,,1.5,83034,,,
case2,,8831438.854541939,trajectory_episode,35,,,8836522.710081248,8825737.521522732,0.0006452009694607438,w_coord,9.0,,0.5,83035,,,
case2,,8828588.188032335,trajectory_episode,35,,,8836522.710081248,8825737.521522732,0.00032260048473026654,w_coord,13.5,,0.75,83035,,,
case2,,8825737.521522732,trajectory_episode,35,,,8836522.710081248,8825737.521522732,0.0,w_coord,18.0,,1.0,83035,,,
case2,,8822886.855013128,trajectory_episode,35,,,8836522.710081248,8825737.521522732,-0.0003226004847304773,w_coord,22.5,,1.25,83035,,,
case2,,8820036.188503526,trajectory_episode,35,,,8836522.710081248,8825737.521522732,-0.0006452009694607438,w_coord,27.0,,1.5,83035,,,
case2,,8831436.919436892,trajectory_episode,36,,,8836518.806978064,8825733.615291946,0.0006454243203152634,w_coord,9.0,,0.5,83036,,,
case2,,8828585.267364418,trajectory_episode,36,,,8836518.806978064,8825733.615291946,0.00032271216015752625,w_coord,13.5,,0.75,83036,,,
case2,,8825733.615291946,trajectory_episode,36,,,8836518.806978064,8825733.615291946,0.0,w_coord,18.0,,1.0,83036,,,
case2,,8822881.963219473,trajectory_episode,36,,,8836518.806978064,8825733.615291946,-0.00032271216015752625,w_coord,22.5,,1.25,83036,,,
case2,,8820030.311147003,trajectory_episode,36,,,8836518.806978064,8825733.615291946,-0.0006454243203148417,w_coord,27.0,,1.5,83036,,,
case2,,8831434.833712291,trajectory_episode,37,,,8836514.68472152,8825729.47366674,0.0006456572810788232,w_coord,9.0,,0.5,83037,,,
case2,,8828582.153689517,trajectory_episode,37,,,8836514.68472152,8825729.47366674,0.000322828640539517,w_coord,13.5,,0.75,83037,,,
case2,,8825729.47366674,trajectory_episode,37,,,8836514.68472152,8825729.47366674,0.0,w_coord,18.0,,1.0,83037,,,
case2,,8822876.793643966,trajectory_episode,37,,,8836514.68472152,8825729.47366674,-0.0003228286405393062,w_coord,22.5,,1.25,83037,,,
case2,,8820024.113621188,trajectory_episode,37,,,8836514.68472152,8825729.47366674,-0.000645657281079034,w_coord,27.0,,1.5,83037,,,
case2,,8831435.740011774,trajectory_episode,38,,,8836516.550893381,8825731.33248351,0.0006455493514226176,w_coord,9.0,,0.5,83038,,,
case2,,8828583.536247643,trajectory_episode,38,,,8836516.550893381,8825731.33248351,0.0003227746757114142,w_coord,13.5,,0.75,83038,,,
case2,,8825731.33248351,trajectory_episode,38,,,8836516.550893381,8825731.33248351,0.0,w_coord,18.0,,1.0,83038,,,
case2,,8822879.128719373,trajectory_episode,38,,,8836516.550893381,8825731.33248351,-0.0003227746757118358,w_coord,22.5,,1.25,83038,,,
case2,,8820026.92495524,trajectory_episode,38,,,8836516.550893381,8825731.33248351,-0.0006455493514232499,w_coord,27.0,,1.5,83038,,,
case2,,8831435.625177251,trajectory_episode,39,,,8836516.256756485,8825731.067278538,0.0006455663898486597,w_coord,9.0,,0.5,83039,,,
case2,,8828583.346227895,trajectory_episode,39,,,8836516.256756485,8825731.067278538,0.00032278319492443525,w_coord,13.5,,0.75,83039,,,
case2,,8825731.067278538,trajectory_episode,39,,,8836516.256756485,8825731.067278538,0.0,w_coord,18.0,,1.0,83039,,,
case2,,8822878.78832918,trajectory_episode,39,,,8836516.256756485,8825731.067278538,-0.00032278319492443525,w_coord,22.5,,1.25,83039,,,
case2,,8820026.509379823,trajectory_episode,39,,,8836516.256756485,8825731.067278538,-0.0006455663898488705,w_coord,27.0,,1.5,83039,,,
case2,,8831432.935459858,trajectory_episode,40,,,8836510.8772804,8825725.646730756,0.0006458758222971762,w_coord,9.0,,0.5,83040,,,
case2,,8828579.291095305,trajectory_episode,40,,,8836510.8772804,8825725.646730756,0.0003229379111483773,w_coord,13.5,,0.75,83040,,,
case2,,8825725.646730756,trajectory_episode,40,,,8836510.8772804,8825725.646730756,0.0,w_coord,18.0,,1.0,83040,,,
case2,,8822872.002366206,trajectory_episode,40,,,8836510.8772804,8825725.646730756,-0.0003229379111485881,w_coord,22.5,,1.25,83040,,,
case2,,8820018.358001653,trajectory_episode,40,,,8836510.8772804,8825725.646730756,-0.0006458758222973869,w_coord,27.0,,1.5,83040,,,
case2,,8831432.971022679,trajectory_episode,41,,,8836510.891871518,8825725.709007073,0.0006458727981487932,w_coord,9.0,,0.5,83041,,,
case2,,8828579.340014873,trajectory_episode,41,,,8836510.891871518,8825725.709007073,0.00032293639907408044,w_coord,13.5,,0.75,83041,,,
case2,,8825725.709007073,trajectory_episode,41,,,8836510.891871518,8825725.709007073,0.0,w_coord,18.0,,1.0,83041,,,
case2,,8822872.077999268,trajectory_episode,41,,,8836510.891871518,8825725.709007073,-0.0003229363990747128,w_coord,22.5,,1.25,83041,,,
case2,,8820018.446991468,trajectory_episode,41,,,8836510.891871518,8825725.709007073,-0.0006458727981487932,w_coord,27.0,,1.5,83041,,,
case2,,8831432.495342793,trajectory_episode,42,,,8836510.071549168,8825724.825845974,0.0006459189714722682,w_coord,9.0,,0.5,83042,,,
case2,,8828578.660594383,trajectory_episode,42,,,8836510.071549168,8825724.825845974,0.0003229594857361341,w_coord,13.5,,0.75,83042,,,
case2,,8825724.825845974,trajectory_episode,42,,,8836510.071549168,8825724.825845974,0.0,w_coord,18.0,,1.0,83042,,,
case2,,8822870.991097562,trajectory_episode,42,,,8836510.071549168,8825724.825845974,-0.00032295948573634486,w_coord,22.5,,1.25,83042,,,
case2,,8820017.15634915,trajectory_episode,42,,,8836510.071549168,8825724.825845974,-0.0006459189714726897,w_coord,27.0,,1.5,83042,,,
case2,,8831436.322729625,trajectory_episode,43,,,8836517.685402425,8825732.47448426,0.0006454859763126005,w_coord,9.0,,0.5,83043,,,
case2,,8828584.398606943,trajectory_episode,43,,,8836517.685402425,8825732.47448426,0.00032274298815640565,w_coord,13.5,,0.75,83043,,,
case2,,8825732.47448426,trajectory_episode,43,,,8836517.685402425,8825732.47448426,0.0,w_coord,18.0,,1.0,83043,,,
case2,,8822880.550361576,trajectory_episode,43,,,8836517.685402425,8825732.47448426,-0.00032274298815640565,w_coord,22.5,,1.25,83043,,,
case2,,8820028.626238894,trajectory_episode,43,,,8836517.685402425,8825732.47448426,-0.0006454859763126005,w_coord,27.0,,1.5,83043,,,
case2,,8831434.569160352,trajectory_episode,44,,,8836514.181160523,8825728.958200773,0.0006456857130091735,w_coord,9.0,,0.5,83044,,,
case2,,8828581.763680564,trajectory_episode,44,,,8836514.181160523,8825728.958200773,0.0003228428565047976,w_coord,13.5,,0.75,83044,,,
case2,,8825728.958200773,trajectory_episode,44,,,8836514.181160523,8825728.958200773,0.0,w_coord,18.0,,1.0,83044,,,
case2,,8822876.152720988,trajectory_episode,44,,,8836514.181160523,8825728.958200773,-0.0003228428565041652,w_coord,22.5,,1.25,83044,,,
case2,,8820023.347241199,trajectory_episode,44,,,8836514.181160523,8825728.958200773,-0.000645685713008752,w_coord,27.0,,1.5,83044,,,
case2,,8831433.09502021,trajectory_episode,45,,,8836511.261568766,8825726.009642903,0.0006458527815302548,w_coord,9.0,,0.5,83045,,,
case2,,8828579.552331556,trajectory_episode,45,,,8836511.261568766,8825726.009642903,0.00032292639076502203,w_coord,13.5,,0.75,83045,,,
case2,,8825726.009642903,trajectory_episode,45,,,8836511.261568766,8825726.009642903,0.0,w_coord,18.0,,1.0,83045,,,
case2,,8822872.466954248,trajectory_episode,45,,,8836511.261568766,8825726.009642903,-0.0003229263907652328,w_coord,22.5,,1.25,83045,,,
case2,,8820018.924265595,trajectory_episode,45,,,8836511.261568766,8825726.009642903,-0.0006458527815302548,w_coord,27.0,,1.5,83045,,,
case2,,8831438.398510866,trajectory_episode,46,,,8836521.792968346,8825736.60473277,0.0006452531789863962,w_coord,9.0,,0.5,83046,,,
case2,,8828587.501621818,trajectory_episode,46,,,8836521.792968346,8825736.60473277,0.0003226265894931981,w_coord,13.5,,0.75,83046,,,
case2,,8825736.60473277,trajectory_episode,46,,,8836521.792968346,8825736.60473277,0.0,w_coord,18.0,,1.0,83046,,,
case2,,8822885.70784372,trajectory_episode,46,,,8836521.792968346,8825736.60473277,-0.00032262658949340885,w_coord,22.5,,1.25,83046,,,
case2,,8820034.810954673,trajectory_episode,46,,,8836521.792968346,8825736.60473277,-0.0006452531789866069,w_coord,27.0,,1.5,83046,,,
case2,,8831437.432560312,trajectory_episode,47,,,8836519.874329157,8825734.681856344,0.0006453616112532134,w_coord,9.0,,0.5,83047,,,
case2,,8828586.057208328,trajectory_episode,47,,,8836519.874329157,8825734.681856344,0.0003226808056266067,w_coord,13.5,,0.75,83047,,,
case2,,8825734.681856344,trajectory_episode,47,,,8836519.874329157,8825734.681856344,0.0,w_coord,18.0,,1.0,83047,,,
case2,,8822883.30650436,trajectory_episode,47,,,8836519.874329157,8825734.681856344,-0.0003226808056266067,w_coord,22.5,,1.25,83047,,,
case2,,8820031.931152377,trajectory_episode,47,,,8836519.874329157,8825734.681856344,-0.0006453616112530026,w_coord,27.0,,1.5,83047,,,
case2,,8831434.995730879,trajectory_episode,48,,,8836515.0168001,8825729.820869856,0.0006456363000771738,w_coord,9.0,,0.5,83048,,,
case2,,8828582.408300368,trajectory_episode,48,,,8836515.0168001,8825729.820869856,0.00032281815003869235,w_coord,13.5,,0.75,83048,,,
case2,,8825729.820869856,trajectory_episode,48,,,8836515.0168001,8825729.820869856,0.0,w_coord,18.0,,1.0,83048,,,
case2,,8822877.233439341,trajectory_episode,48,,,8836515.0168001,8825729.820869856,-0.0003228181500389031,w_coord,22.5,,1.25,83048,,,
case2,,8820024.64600883,trajectory_episode,48,,,8836515.0168001,8825729.820869856,-0.0006456363000773847,w_coord,27.0,,1.5,83048,,,
case2,,8831437.151808338,trajectory_episode,49,,,8836519.34336381,8825734.127344437,0.0006453926305479367,w_coord,9.0,,0.5,83049,,,
case2,,8828585.639576387,trajectory_episode,49,,,8836519.34336381,8825734.127344437,0.000322696315273863,w_coord,13.5,,0.75,83049,,,
case2,,8825734.127344437,trajectory_episode,49,,,8836519.34336381,8825734.127344437,0.0,w_coord,18.0,,1.0,83049,,,
case2,,8822882.615112487,trajectory_episode,49,,,8836519.34336381,8825734.127344437,-0.000322696315273863,w_coord,22.5,,1.25,83049,,,
case2,,8820031.102880534,trajectory_episode,49,,,8836519.34336381,8825734.127344437,-0.0006453926305481475,w_coord,27.0,,1.5,83049,,,
case2,,8831432.720310643,trajectory_episode,50,,,8836510.5170785,8825725.23071954,0.0006458985795435956,w_coord,9.0,,0.5,83050,,,
case2,,8828578.975515092,trajectory_episode,50,,,8836510.5170785,8825725.23071954,0.0003229492897717978,w_coord,13.5,,0.75,83050,,,
case2,,8825725.23071954,trajectory_episode,50,,,8836510.5170785,8825725.23071954,0.0,w_coord,18.0,,1.0,83050,,,
case2,,8822871.485923989,trajectory_episode,50,,,8836510.5170785,8825725.23071954,-0.0003229492897717978,w_coord,22.5,,1.25,83050,,,
case2,,8820017.741128435,trajectory_episode,50,,,8836510.5170785,8825725.23071954,-0.0006458985795438064,w_coord,27.0,,1.5,83050,,,
case1,,8823893.46587451,trajectory_episode,1,,,8835710.383985108,8823893.418528985,5.3584287619484495e-09,w_energy,0.0025,,0.5,73001,,,
case1,,8823893.442201748,trajectory_episode,1,,,8835710.383985108,8823893.418528985,2.6792144863786048e-09,w_energy,0.00375,,0.75,73001,,,
case1,,8823893.418528985,trajectory_episode,1,,,8835710.383985108,8823893.418528985,0.0,w_energy,0.005,,1.0,73001,,,
case1,,8823893.394856226,trajectory_episode,1,,,8835710.383985108,8823893.418528985,-2.6792140647610847e-09,w_energy,0.00625,,1.25,73001,,,
case1,,8823893.37118346,trajectory_episode,1,,,8835710.383985108,8823893.418528985,-5.3584287619484495e-09,w_energy,0.0075,,1.5,73001,,,
case1,,8823894.335779946,trajectory_episode,2,,,8835711.273256872,8823894.288439862,5.357812450322607e-09,w_energy,0.0025,,0.5,73002,,,
case1,,8823894.312109904,trajectory_episode,2,,,8835711.273256872,8823894.288439862,2.6789062251613034e-09,w_energy,0.00375,,0.75,73002,,,
case1,,8823894.288439862,trajectory_episode,2,,,8835711.273256872,8823894.288439862,0.0,w_energy,0.005,,1.0,73002,,,
case1,,8823894.264769819,trajectory_episode,2,,,8835711.273256872,8823894.288439862,-2.678906435970042e-09,w_energy,0.00625,,1.25,73002,,,
case1,,8823894.241099777,trajectory_episode,2,,,8835711.273256872,8823894.288439862,-5.357812661131345e-09,w_energy,0.0075,,1.5,73002,,,
case1,,8823897.734913742,trajectory_episode,3,,,8835714.614213692,8823897.687561085,5.359233382877067e-09,w_energy,0.0025,,0.5,73003,,,
case1,,8823897.711237414,trajectory_episode,3,,,8835714.614213692,8823897.687561085,2.6796166914385335e-09,w_energy,0.00375,,0.75,73003,,,
case1,,8823897.687561085,trajectory_episode,3,,,8835714.614213692,8823897.687561085,0.0,w_energy,0.005,,1.0,73003,,,
case1,,8823897.663884755,trajectory_episode,3,,,8835714.614213692,8823897.687561085,-2.6796169022471926e-09,w_energy,0.00625,,1.25,73003,,,
case1,,8823897.640208427,trajectory_episode,3,,,8835714.614213692,8823897.687561085,-5.359233593685726e-09,w_energy,0.0075,,1.5,73003,,,
case1,,8823895.224856896,trajectory_episode,4,,,8835712.13971369,8823895.177509721,5.358614473708831e-09,w_energy,0.0025,,0.5,73004,,,
case1,,8823895.20118331,trajectory_episode,4,,,8835712.13971369,8823895.177509721,2.6793073422587743e-09,w_energy,0.00375,,0.75,73004,,,
case1,,8823895.177509721,trajectory_episode,4,,,8835712.13971369,8823895.177509721,0.0,w_energy,0.005,,1.0,73004,,,
case1,,8823895.153836137,trajectory_episode,4,,,8835712.13971369,8823895.177509721,-2.6793069206413382e-09,w_energy,0.00625,,1.25,73004,,,
case1,,8823895.13016255,trajectory_episode,4,,,8835712.13971369,8823895.177509721,-5.358614052091394e-09,w_energy,0.0075,,1.5,73004,,,
case1,,8823902.918579955,trajectory_episode,5,,,8835719.81260572,8823902.871233303,5.358550583118229e-09,w_energy,0.0025,,0.5,73005,,,
case1,,8823902.894906629,trajectory_episode,5,,,8835719.81260572,8823902.871233303,2.6792752915591145e-09,w_energy,0.00375,,0.75,73005,,,
case1,,8823902.871233303,trajectory_episode,5,,,8835719.81260572,8823902.871233303,0.0,w_energy,0.005,,1.0,73005,,,
case1,,8823902.847559977,trajectory_episode,5,,,8835719.81260572,8823902.871233303,-2.6792752915591145e-09,w_energy,0.00625,,1.25,73005,,,
case1,,8823902.823886653,trajectory_episode,5,,,8835719.81260572,8823902.871233303,-5.358550372309694e-09,w_energy,0.0075,,1.5,73005,,,
case1,,8823895.22191903,trajectory_episode,6,,,8835712.140746294,8823895.17458419,5.357218497751822e-09,w_energy,0.0025,,0.5,73006,,,
case1,,8823895.19825161,trajectory_episode,6,,,8835712.140746294,8823895.17458419,2.67860935428027e-09,w_energy,0.00375,,0.75,73006,,,
case1,,8823895.17458419,trajectory_episode,6,,,8835712.140746294,8823895.17458419,0.0,w_energy,0.005,,1.0,73006,,,
case1,,8823895.150916768,trajectory_episode,6,,,8835712.140746294,8823895.17458419,-2.67860935428027e-09,w_energy,0.00625,,1.25,73006,,,
case1,,8823895.127249349,trajectory_episode,6,,,8835712.140746294,8823895.17458419,-5.357218497751822e-09,w_energy,0.0075,,1.5,73006,,,
case1,,8823900.066239294,trajectory_episode,7,,,8835717.005295508,8823900.01890149,5.357550944793486e-09,w_energy,0.0025,,0.5,73007,,,
case1,,8823900.042570394,trajectory_episode,7,,,8835717.005295508,8823900.01890149,2.678775683205345e-09,w_energy,0.00375,,0.75,73007,,,
case1,,8823900.01890149,trajectory_episode,7,,,8835717.005295508,8823900.01890149,0.0,w_energy,0.005,,1.0,73007,,,
case1,,8823899.995232591,trajectory_episode,7,,,8835717.005295508,8823900.01890149,-2.6787750507795394e-09,w_energy,0.00625,,1.25,73007,,,
case1,,8823899.97156369,trajectory_episode,7,,,8835717.005295508,8823900.01890149,-5.357550523176282e-09,w_energy,0.0075,,1.5,73007,,,
case1,,8823896.53109584,trajectory_episode,8,,,8835713.383285915,8823896.483793803,5.353505192571346e-09,w_energy,0.0025,,0.5,73008,,,
case1,,8823896.507444821,trajectory_episode,8,,,8835713.383285915,8823896.483793803,2.676752596285673e-09,w_energy,0.00375,,0.75,73008,,,
case1,,8823896.483793803,trajectory_episode,8,,,8835713.383285915,8823896.483793803,0.0,w_energy,0.005,,1.0,73008,,,
case1,,8823896.460142784,trajectory_episode,8,,,8835713.383285915,8823896.483793803,-2.676752596285673e-09,w_energy,0.00625,,1.25,73008,,,
case1,,8823896.436491767,trajectory_episode,8,,,8835713.383285915,8823896.483793803,-5.353504981762658e-09,w_energy,0.0075,,1.5,73008,,,
case1,,8823895.414043976,trajectory_episode,9,,,8835712.309330845,8823895.366703948,5.3578054978051e-09,w_energy,0.0025,,0.5,73009,,,
case1,,8823895.39037396,trajectory_episode,9,,,8835712.309330845,8823895.366703948,2.678902538093836e-09,w_energy,0.00375,,0.75,73009,,,
case1,,8823895.366703948,trajectory_episode,9,,,8835712.309330845,8823895.366703948,0.0,w_energy,0.005,,1.0,73009,,,
case1,,8823895.343033932,trajectory_episode,9,,,8835712.309330845,8823895.366703948,-2.6789029597112642e-09,w_energy,0.00625,,1.25,73009,,,
case1,,8823895.319363916,trajectory_episode,9,,,8835712.309330845,8823895.366703948,-5.3578059194225284e-09,w_energy,0.0075,,1.5,73009,,,
case1,,8823893.180416029,trajectory_episode,10,,,8835710.059933597,8823893.133077359,5.357653182204914e-09,w_energy,0.0025,,0.5,73010,,,
case1,,8823893.156746693,trajectory_episode,10,,,8835710.059933597,8823893.133077359,2.6788264856980733e-09,w_energy,0.00375,,0.75,73010,,,
case1,,8823893.133077359,trajectory_episode,10,,,8835710.059933597,8823893.133077359,0.0,w_energy,0.005,,1.0,73010,,,
case1,,8823893.109408028,trajectory_episode,10,,,8835710.059933597,8823893.133077359,-2.678826064080538e-09,w_energy,0.00625,,1.25,73010,,,
case1,,8823893.085738692,trajectory_episode,10,,,8835710.059933597,8823893.133077359,-5.357652760587379e-09,w_energy,0.0075,,1.5,73010,,,
case1,,8823894.164363459,trajectory_episode,11,,,8835711.057295363,8823894.1170279,5.357300526838815e-09,w_energy,0.0025,,0.5,73011,,,
case1,,8823894.14069568,trajectory_episode,11,,,8835711.057295363,8823894.1170279,2.6786503688237796e-09,w_energy,0.00375,,0.75,73011,,,
case1,,8823894.1170279,trajectory_episode,11,,,8835711.057295363,8823894.1170279,0.0,w_energy,0.005,,1.0,73011,,,
case1,,8823894.09336012,trajectory_episode,11,,,8835711.057295363,8823894.1170279,-2.6786501580150357e-09,w_energy,0.00625,,1.25,73011,,,
case1,,8823894.06969234,trajectory_episode,11,,,8835711.057295363,8823894.1170279,-5.357300526838815e-09,w_energy,0.0075,,1.5,73011,,,
case1,,8823897.85252468,trajectory_episode,12,,,8835714.72924116,8823897.805166269,5.359884501047269e-09,w_energy,0.0025,,0.5,73012,,,
case1,,8823897.828845477,trajectory_episode,12,,,8835714.72924116,8823897.805166269,2.679942566736619e-09,w_energy,0.00375,,0.75,73012,,,
case1,,8823897.805166269,trajectory_episode,12,,,8835714.72924116,8823897.805166269,0.0,w_energy,0.005,,1.0,73012,,,
case1,,8823897.781487064,trajectory_episode,12,,,8835714.72924116,8823897.805166269,-2.679942145119306e-09,w_energy,0.00625,,1.25,73012,,,
case1,,8823897.757807858,trajectory_episode,12,,,8835714.72924116,8823897.805166269,-5.359884501047269e-09,w_energy,0.0075,,1.5,73012,,,
case1,,8823893.668267615,trajectory_episode,13,,,8835710.62161293,8823893.620923124,5.3583116189801124e-09,w_energy,0.0025,,0.5,73013,,,
case1,,8823893.644595372,trajectory_episode,13,,,8835710.62161293,8823893.620923124,2.6791560202988104e-09,w_energy,0.00375,,0.75,73013,,,
case1,,8823893.620923124,trajectory_episode,13,,,8835710.62161293,8823893.620923124,0.0,w_energy,0.005,,1.0,73013,,,
case1,,8823893.597250877,trajectory_episode,13,,,8835710.62161293,8823893.620923124,-2.6791560202988104e-09,w_energy,0.00625,,1.25,73013,,,
case1,,8823893.573578632,trajectory_episode,13,,,8835710.62161293,8823893.620923124,-5.358311829788867e-09,w_energy,0.0075,,1.5,73013,,,
case1,,8823902.905469561,trajectory_episode,14,,,8835719.847977031,8823902.858148267,5.3556806142829905e-09,w_energy,0.0025,,0.5,73014,,,
case1,,8823902.881808918,trajectory_episode,14,,,8835719.847977031,8823902.858148267,2.6778407287585633e-09,w_energy,0.00375,,0.75,73014,,,
case1,,8823902.858148267,trajectory_episode,14,,,8835719.847977031,8823902.858148267,0.0,w_energy,0.005,,1.0,73014,,,
case1,,8823902.834487619,trajectory_episode,14,,,8835719.847977031,8823902.858148267,-2.6778405179500295e-09,w_energy,0.00625,,1.25,73014,,,
case1,,8823902.810826974,trajectory_episode,14,,,8835719.847977031,8823902.858148267,-5.3556806142829905e-09,w_energy,0.0075,,1.5,73014,,,
case1,,8823899.02683901,trajectory_episode,15,,,8835715.880402679,8823898.979498632,5.357842964399119e-09,w_energy,0.0025,,0.5,73015,,,
case1,,8823899.00316882,trajectory_episode,15,,,8835715.880402679,8823898.979498632,2.6789212713909304e-09,w_energy,0.00375,,0.75,73015,,,
case1,,8823898.979498632,trajectory_episode,15,,,8835715.880402679,8823898.979498632,0.0,w_energy,0.005,,1.0,73015,,,
case1,,8823898.955828443,trajectory_episode,15,,,8835715.880402679,8823898.979498632,-2.6789214821995593e-09,w_energy,0.00625,,1.25,73015,,,
case1,,8823898.932158252,trajectory_episode,15,,,8835715.880402679,8823898.979498632,-5.357843175207747e-09,w_energy,0.0075,,1.5,73015,,,
case1,,8823899.183340775,trajectory_episode,16,,,8835716.034264887,8823899.136020938,5.355518073581486e-09,w_energy,0.0025,,0.5,73016,,,
case1,,8823899.159680856,trajectory_episode,16,,,8835716.034264887,8823899.136020938,2.677759036790743e-09,w_energy,0.00375,,0.75,73016,,,
case1,,8823899.136020938,trajectory_episode,16,,,8835716.034264887,8823899.136020938,0.0,w_energy,0.005,,1.0,73016,,,
case1,,8823899.112361021,trajectory_episode,16,,,8835716.034264887,8823899.136020938,-2.6777588259821183e-09,w_energy,0.00625,,1.25,73016,,,
case1,,8823899.088701101,trajectory_episode,16,,,8835716.034264887,8823899.136020938,-5.355518073581486e-09,w_energy,0.0075,,1.5,73016,,,
case1,,8823897.828669516,trajectory_episode,17,,,8835714.716959974,8823897.781335652,5.357106472021082e-09,w_energy,0.0025,,0.5,73017,,,
case1,,8823897.805002587,trajectory_episode,17,,,8835714.716959974,8823897.781335652,2.6785535522235255e-09,w_energy,0.00375,,0.75,73017,,,
case1,,8823897.781335652,trajectory_episode,17,,,8835714.716959974,8823897.781335652,0.0,w_energy,0.005,,1.0,73017,,,
case1,,8823897.757668722,trajectory_episode,17,,,8835714.716959974,8823897.781335652,-2.678552919797556e-09,w_energy,0.00625,,1.25,73017,,,
case1,,8823897.734001787,trajectory_episode,17,,,8835714.716959974,8823897.781335652,-5.357106472021082e-09,w_energy,0.0075,,1.5,73017,,,
case1,,8823888.698774528,trajectory_episode,18,,,8835705.705941023,8823888.651460668,5.3548478481398694e-09,w_energy,0.0025,,0.5,73018,,,
case1,,8823888.675117595,trajectory_episode,18,,,8835705.705941023,8823888.651460668,2.6774236078566276e-09,w_energy,0.00375,,0.75,73018,,,
case1,,8823888.651460668,trajectory_episode,18,,,8835705.705941023,8823888.651460668,0.0,w_energy,0.005,,1.0,73018,,,
case1,,8823888.627803737,trajectory_episode,18,,,8835705.705941023,8823888.651460668,-2.6774240294743706e-09,w_energy,0.00625,,1.25,73018,,,
case1,,8823888.604146807,trajectory_episode,18,,,8835705.705941023,8823888.651460668,-5.354848058948741e-09,w_energy,0.0075,,1.5,73018,,,
case1,,8823899.459400233,trajectory_episode,19,,,8835716.325160943,8823899.412058102,5.358041065614241e-09,w_energy,0.0025,,0.5,73019,,,
case1,,8823899.435729166,trajectory_episode,19,,,8835716.325160943,8823899.412058102,2.6790204274028115e-09,w_energy,0.00375,,0.75,73019,,,
case1,,8823899.412058102,trajectory_episode,19,,,8835716.325160943,8823899.412058102,0.0,w_energy,0.005,,1.0,73019,,,
case1,,8823899.388387036,trajectory_episode,19,,,8835716.325160943,8823899.412058102,-2.6790206382114296e-09,w_energy,0.00625,,1.25,73019,,,
case1,,8823899.364715971,trajectory_episode,19,,,8835716.325160943,8823899.412058102,-5.358041065614241e-09,w_energy,0.0075,,1.5,73019,,,
case1,,8823896.356072005,trajectory_episode,20,,,8835713.326897154,8823896.308788406,5.351418431517365e-09,w_energy,0.0025,,0.5,73020,,,
case1,,8823896.332430204,trajectory_episode,20,,,8835713.326897154,8823896.308788406,2.6757091103543377e-09,w_energy,0.00375,,0.75,73020,,,
case1,,8823896.308788406,trajectory_episode,20,,,8835713.326897154,8823896.308788406,0.0,w_energy,0.005,,1.0,73020,,,
case1,,8823896.285146601,trajectory_episode,20,,,8835713.326897154,8823896.308788406,-2.675709742780407e-09,w_energy,0.00625,,1.25,73020,,,
case1,,8823896.261504803,trajectory_episode,20,,,8835713.326897154,8823896.308788406,-5.351418853134745e-09,w_energy,0.0075,,1.5,73020,,,
case1,,8823902.526781658,trajectory_episode,21,,,8835719.45564949,8823902.47943165,5.358930676594916e-09,w_energy,0.0025,,0.5,73021,,,
case1,,8823902.503106654,trajectory_episode,21,,,8835719.45564949,8823902.47943165,2.679465338297458e-09,w_energy,0.00375,,0.75,73021,,,
case1,,8823902.47943165,trajectory_episode,21,,,8835719.45564949,8823902.47943165,0.0,w_energy,0.005,,1.0,73021,,,
case1,,8823902.455756646,trajectory_episode,21,,,8835719.45564949,8823902.47943165,-2.679465338297458e-09,w_energy,0.00625,,1.25,73021,,,
case1,,8823902.432081643,trajectory_episode,21,,,8835719.45564949,8823902.47943165,-5.358930465786373e-09,w_energy,0.0075,,1.5,73021,,,
case1,,8823888.43382355,trajectory_episode,22,,,8835705.363241255,8823888.386512052,5.3545807501723515e-09,w_energy,0.0025,,0.5,73022,,,
case1,,8823888.410167802,trajectory_episode,22,,,8835705.363241255,8823888.386512052,2.6772904804906157e-09,w_energy,0.00375,,0.75,73022,,,
case1,,8823888.386512052,trajectory_episode,22,,,8835705.363241255,8823888.386512052,0.0,w_energy,0.005,,1.0,73022,,,
case1,,8823888.362856302,trajectory_episode,22,,,8835705.363241255,8823888.386512052,-2.6772904804906157e-09,w_energy,0.00625,,1.25,73022,,,
case1,,8823888.339200554,trajectory_episode,22,,,8835705.363241255,8823888.386512052,-5.3545807501723515e-09,w_energy,0.0075,,1.5,73022,,,
case1,,8823898.782539308,trajectory_episode,23,,,8835715.627808744,8823898.735216131,5.355896299825581e-09,w_energy,0.0025,,0.5,73023,,,
case1,,8823898.758877717,trajectory_episode,23,,,8835715.627808744,8823898.735216131,2.677947833699838e-09,w_energy,0.00375,,0.75,73023,,,
case1,,8823898.735216131,trajectory_episode,23,,,8835715.627808744,8823898.735216131,0.0,w_energy,0.005,,1.0,73023,,,
case1,,8823898.711554544,trajectory_episode,23,,,8835715.627808744,8823898.735216131,-2.677948044508473e-09,w_energy,0.00625,,1.25,73023,,,
case1,,8823898.687892955,trajectory_episode,23,,,8835715.627808744,8823898.735216131,-5.355896299825581e-09,w_energy,0.0075,,1.5,73023,,,
case1,,8823892.854424091,trajectory_episode,24,,,8835709.796602571,8823892.807089888,5.357147822439334e-09,w_energy,0.0025,,0.5,73024,,,
case1,,8823892.83075699,trajectory_episode,24,,,8835709.796602571,8823892.807089888,2.678574016624054e-09,w_energy,0.00375,,0.75,73024,,,
case1,,8823892.807089888,trajectory_episode,24,,,8835709.796602571,8823892.807089888,0.0,w_energy,0.005,,1.0,73024,,,
case1,,8823892.783422785,trajectory_episode,24,,,8835709.796602571,8823892.807089888,-2.678574016624054e-09,w_energy,0.00625,,1.25,73024,,,
case1,,8823892.759755686,trajectory_episode,24,,,8835709.796602571,8823892.807089888,-5.35714761163056e-09,w_energy,0.0075,,1.5,73024,,,
case1,,8823896.916380515,trajectory_episode,25,,,8835713.81361389,8823896.869046753,5.357095425243864e-09,w_energy,0.0025,,0.5,73025,,,
case1,,8823896.892713634,trajectory_episode,25,,,8835713.81361389,8823896.869046753,2.678547712621932e-09,w_energy,0.00375,,0.75,73025,,,
case1,,8823896.869046753,trajectory_episode,25,,,8835713.81361389,8823896.869046753,0.0,w_energy,0.005,,1.0,73025,,,
case1,,8823896.84537987,trajectory_episode,25,,,8835713.81361389,8823896.869046753,-2.6785479234306103e-09,w_energy,0.00625,,1.25,73025,,,
case1,,8823896.821712991,trajectory_episode,25,,,8835713.81361389,8823896.869046753,-5.357095425243864e-09,w_energy,0.0075,,1.5,73025,,,
case1,,8823895.018441495,trajectory_episode,26,,,8835711.929813273,8823894.971103633,5.357560557392328e-09,w_energy,0.0025,,0.5,73026,,,
case1,,8823894.99477256,trajectory_episode,26,,,8835711.929813273,8823894.971103633,2.6787799624830795e-09,w_energy,0.00375,,0.75,73026,,,
case1,,8823894.971103633,trajectory_episode,26,,,8835711.929813273,8823894.971103633,0.0,w_energy,0.005,,1.0,73026,,,
case1,,8823894.947434701,trajectory_episode,26,,,8835711.929813273,8823894.971103633,-2.6787803841005255e-09,w_energy,0.00625,,1.25,73026,,,
case1,,8823894.92376577,trajectory_episode,26,,,8835711.929813273,8823894.971103633,-5.357560768201051e-09,w_energy,0.0075,,1.5,73026,,,
case1,,8823903.397448976,trajectory_episode,27,,,8835720.270788046,8823903.350118699,5.356697087511967e-09,w_energy,0.0025,,0.5,73027,,,
case1,,8823903.373783836,trajectory_episode,27,,,8835720.270788046,8823903.350118699,2.678348438351722e-09,w_energy,0.00375,,0.75,73027,,,
case1,,8823903.350118699,trajectory_episode,27,,,8835720.270788046,8823903.350118699,0.0,w_energy,0.005,,1.0,73027,,,
case1,,8823903.32645356,trajectory_episode,27,,,8835720.270788046,8823903.350118699,-2.6783486491602458e-09,w_energy,0.00625,,1.25,73027,,,
case1,,8823903.30278842,trajectory_episode,27,,,8835720.270788046,8823903.350118699,-5.3566972983204915e-09,w_energy,0.0075,,1.5,73027,,,
case1,,8823895.39597725,trajectory_episode,28,,,8835712.323735373,8823895.3486464,5.356766623729559e-09,w_energy,0.0025,,0.5,73028,,,
case1,,8823895.372311827,trajectory_episode,28,,,8835712.323735373,8823895.3486464,2.6783835226734932e-09,w_energy,0.00375,,0.75,73028,,,
case1,,8823895.3486464,trajectory_episode,28,,,8835712.323735373,8823895.3486464,0.0,w_energy,0.005,,1.0,73028,,,
case1,,8823895.32498098,trajectory_episode,28,,,8835712.323735373,8823895.3486464,-2.678382890247352e-09,w_energy,0.00625,,1.25,73028,,,
case1,,8823895.301315555,trajectory_episode,28,,,8835712.323735373,8823895.3486464,-5.356766202112132e-09,w_energy,0.0075,,1.5,73028,,,
case1,,8823895.291340278,trajectory_episode,29,,,8835712.216649653,8823895.244043097,5.35295632110611e-09,w_energy,0.0025,,0.5,73029,,,
case1,,8823895.267691687,trajectory_episode,29,,,8835712.216649653,8823895.244043097,2.676478055148697e-09,w_energy,0.00375,,0.75,73029,,,
case1,,8823895.244043097,trajectory_episode,29,,,8835712.216649653,8823895.244043097,0.0,w_energy,0.005,,1.0,73029,,,
case1,,8823895.220394503,trajectory_episode,29,,,8835712.216649653,8823895.244043097,-2.6764784767661292e-09,w_energy,0.00625,,1.25,73029,,,
case1,,8823895.196745913,trajectory_episode,29,,,8835712.216649653,8823895.244043097,-5.352956531914826e-09,w_energy,0.0075,,1.5,73029,,,
case1,,8823903.579442281,trajectory_episode,30,,,8835720.51972035,8823903.532098379,5.3582390009055915e-09,w_energy,0.0025,,0.5,73030,,,
case1,,8823903.555770328,trajectory_episode,30,,,8835720.51972035,8823903.532098379,2.6791192896442777e-09,w_energy,0.00375,,0.75,73030,,,
case1,,8823903.532098379,trajectory_episode,30,,,8835720.51972035,8823903.532098379,0.0,w_energy,0.005,,1.0,73030,,,
case1,,8823903.508426428,trajectory_episode,30,,,8835720.51972035,8823903.532098379,-2.6791195004527958e-09,w_energy,0.00625,,1.25,73030,,,
case1,,8823903.484754479,trajectory_episode,30,,,8835720.51972035,8823903.532098379,-5.358238790097074e-09,w_energy,0.0075,,1.5,73030,,,
case1,,8823894.9731058,trajectory_episode,31,,,8835711.91962849,8823894.925786616,5.355446573690641e-09,w_energy,0.0025,,0.5,73031,,,
case1,,8823894.94944621,trajectory_episode,31,,,8835711.91962849,8823894.925786616,2.6777236030584056e-09,w_energy,0.00375,,0.75,73031,,,
case1,,8823894.925786616,trajectory_episode,31,,,8835711.91962849,8823894.925786616,0.0,w_energy,0.005,,1.0,73031,,,
case1,,8823894.902127024,trajectory_episode,31,,,8835711.91962849,8823894.925786616,-2.6777233922496824e-09,w_energy,0.00625,,1.25,73031,,,
case1,,8823894.878467433,trajectory_episode,31,,,8835711.91962849,8823894.925786616,-5.355446573690641e-09,w_energy,0.0075,,1.5,73031,,,
case1,,8823897.311068216,trajectory_episode,32,,,8835714.287042595,8823897.263731247,5.3574581507282e-09,w_energy,0.0025,,0.5,73032,,,
case1,,8823897.287399732,trajectory_episode,32,,,8835714.287042595,8823897.263731247,2.6787290753641e-09,w_energy,0.00375,,0.75,73032,,,
case1,,8823897.263731247,trajectory_episode,32,,,8835714.287042595,8823897.263731247,0.0,w_energy,0.005,,1.0,73032,,,
case1,,8823897.240062764,trajectory_episode,32,,,8835714.287042595,8823897.263731247,-2.6787288645554336e-09,w_energy,0.00625,,1.25,73032,,,
case1,,8823897.21639428,trajectory_episode,32,,,8835714.287042595,8823897.263731247,-5.357457939919534e-09,w_energy,0.0075,,1.5,73032,,,
case1,,8823897.862630017,trajectory_episode,33,,,8835714.7669299,8823897.815305714,5.3560243608962405e-09,w_energy,0.0025,,0.5,73033,,,
case1,,8823897.838967867,trajectory_episode,33,,,8835714.7669299,8823897.815305714,2.6780123912567757e-09,w_energy,0.00375,,0.75,73033,,,
case1,,8823897.815305714,trajectory_episode,33,,,8835714.7669299,8823897.815305714,0.0,w_energy,0.005,,1.0,73033,,,
case1,,8823897.791643566,trajectory_episode,33,,,8835714.7669299,8823897.815305714,-2.6780117588308095e-09,w_energy,0.00625,,1.25,73033,,,
case1,,8823897.767981414,trajectory_episode,33,,,8835714.7669299,8823897.815305714,-5.35602393927893e-09,w_energy,0.0075,,1.5,73033,,,
case1,,8823894.294358175,trajectory_episode,34,,,8835711.138767151,8823894.247051856,5.353991201809708e-09,w_energy,0.0025,,0.5,73034,,,
case1,,8823894.270705016,trajectory_episode,34,,,8835711.138767151,8823894.247051856,2.676995706309225e-09,w_energy,0.00375,,0.75,73034,,,
case1,,8823894.247051856,trajectory_episode,34,,,8835711.138767151,8823894.247051856,0.0,w_energy,0.005,,1.0,73034,,,
case1,,8823894.223398693,trajectory_episode,34,,,8835711.138767151,8823894.247051856,-2.6769959171179673e-09,w_energy,0.00625,,1.25,73034,,,
case1,,8823894.199745534,trajectory_episode,34,,,8835711.138767151,8823894.247051856,-5.35399141261845e-09,w_energy,0.0075,,1.5,73034,,,
case1,,8823900.8818229,trajectory_episode,35,,,8835717.771525258,8823900.834499242,5.355949599804426e-09,w_energy,0.0025,,0.5,73035,,,
case1,,8823900.858161073,trajectory_episode,35,,,8835717.771525258,8823900.834499242,2.6779750107107965e-09,w_energy,0.00375,,0.75,73035,,,
case1,,8823900.834499242,trajectory_episode,35,,,8835717.771525258,8823900.834499242,0.0,w_energy,0.005,,1.0,73035,,,
case1,,8823900.810837412,trajectory_episode,35,,,8835717.771525258,8823900.834499242,-2.677974799902213e-09,w_energy,0.00625,,1.25,73035,,,
case1,,8823900.78717558,trajectory_episode,35,,,8835717.771525258,8823900.834499242,-5.355949810613009e-09,w_energy,0.0075,,1.5,73035,,,
case1,,8823888.669436984,trajectory_episode,36,,,8835705.61175949,8823888.622147754,5.352060379480013e-09,w_energy,0.0025,,0.5,73036,,,
case1,,8823888.645792369,trajectory_episode,36,,,8835705.61175949,8823888.622147754,2.6760301897400065e-09,w_energy,0.00375,,0.75,73036,,,
case1,,8823888.622147754,trajectory_episode,36,,,8835705.61175949,8823888.622147754,0.0,w_energy,0.005,,1.0,73036,,,
case1,,8823888.59850314,trajectory_episode,36,,,8835705.61175949,8823888.622147754,-2.6760299789311327e-09,w_energy,0.00625,,1.25,73036,,,
case1,,8823888.574858524,trajectory_episode,36,,,8835705.61175949,8823888.622147754,-5.352060379480013e-09,w_energy,0.0075,,1.5,73036,,,
case1,,8823898.645250564,trajectory_episode,37,,,8835715.541460242,8823898.5979533,5.352963582410574e-09,w_energy,0.0025,,0.5,73037,,,
case1,,8823898.621601934,trajectory_episode,37,,,8835715.541460242,8823898.5979533,2.676481896609606e-09,w_energy,0.00375,,0.75,73037,,,
case1,,8823898.5979533,trajectory_episode,37,,,8835715.541460242,8823898.5979533,0.0,w_energy,0.005,,1.0,73037,,,
case1,,8823898.574304668,trajectory_episode,37,,,8835715.541460242,8823898.5979533,-2.676481896609606e-09,w_energy,0.00625,,1.25,73037,,,
case1,,8823898.550656037,trajectory_episode,37,,,8835715.541460242,8823898.5979533,-5.352963582410574e-09,w_energy,0.0075,,1.5,73037,,,
case1,,8823891.011930665,trajectory_episode,38,,,8835708.010375295,8823890.964579742,5.3590411253782065e-09,w_energy,0.0025,,0.5,73038,,,
case1,,8823890.988255203,trajectory_episode,38,,,8835708.010375295,8823890.964579742,2.6795204572846947e-09,w_energy,0.00375,,0.75,73038,,,
case1,,8823890.964579742,trajectory_episode,38,,,8835708.010375295,8823890.964579742,0.0,w_energy,0.005,,1.0,73038,,,
case1,,8823890.940904276,trajectory_episode,38,,,8835708.010375295,8823890.964579742,-2.6795210897111448e-09,w_energy,0.00625,,1.25,73038,,,
case1,,8823890.917228814,trajectory_episode,38,,,8835708.010375295,8823890.964579742,-5.359041757804656e-09,w_energy,0.0075,,1.5,73038,,,
case1,,8823896.667362526,trajectory_episode,39,,,8835713.556783093,8823896.620053781,5.35426420952241e-09,w_energy,0.0025,,0.5,73039,,,
case1,,8823896.643708155,trajectory_episode,39,,,8835713.556783093,8823896.620053781,2.677132210165547e-09,w_energy,0.00375,,0.75,73039,,,
case1,,8823896.620053781,trajectory_episode,39,,,8835713.556783093,8823896.620053781,0.0,w_energy,0.005,,1.0,73039,,,
case1,,8823896.59639941,trajectory_episode,39,,,8835713.556783093,8823896.620053781,-2.6771319993568626e-09,w_energy,0.00625,,1.25,73039,,,
case1,,8823896.572745036,trajectory_episode,39,,,8835713.556783093,8823896.620053781,-5.35426420952241e-09,w_energy,0.0075,,1.5,73039,,,
case1,,8823907.633596666,trajectory_episode,40,,,8835724.569533432,8823907.586242631,5.359383342794685e-09,w_energy,0.0025,,0.5,73040,,,
case1,,8823907.60991965,trajectory_episode,40,,,8835724.569533432,8823907.586242631,2.6796918822057643e-09,w_energy,0.00375,,0.75,73040,,,
case1,,8823907.586242631,trajectory_episode,40,,,8835724.569533432,8823907.586242631,0.0,w_energy,0.005,,1.0,73040,,,
case1,,8823907.562565617,trajectory_episode,40,,,8835724.569533432,8823907.586242631,-2.6796912497804996e-09,w_energy,0.00625,,1.25,73040,,,
case1,,8823907.5388886,trajectory_episode,40,,,8835724.569533432,8823907.586242631,-5.359382921177843e-09,w_energy,0.0075,,1.5,73040,,,
case1,,8823895.185060168,trajectory_episode,41,,,8835712.058935072,8823895.137714319,5.3584644268902e-09,w_energy,0.0025,,0.5,73041,,,
case1,,8823895.161387244,trajectory_episode,41,,,8835712.058935072,8823895.137714319,2.6792323188494597e-09,w_energy,0.00375,,0.75,73041,,,
case1,,8823895.137714319,trajectory_episode,41,,,8835712.058935072,8823895.137714319,0.0,w_energy,0.005,,1.0,73041,,,
case1,,8823895.114041397,trajectory_episode,41,,,8835712.058935072,8823895.137714319,-2.67923189723202e-09,w_energy,0.00625,,1.25,73041,,,
case1,,8823895.090368472,trajectory_episode,41,,,8835712.058935072,8823895.137714319,-5.3584642160814795e-09,w_energy,0.0075,,1.5,73041,,,
case1,,8823893.312799316,trajectory_episode,42,,,8835710.256736632,8823893.265468093,5.35681024943634e-09,w_energy,0.0025,,0.5,73042,,,
case1,,8823893.289133701,trajectory_episode,42,,,8835710.256736632,8823893.265468093,2.6784048085050256e-09,w_energy,0.00375,,0.75,73042,,,
case1,,8823893.265468093,trajectory_episode,42,,,8835710.256736632,8823893.265468093,0.0,w_energy,0.005,,1.0,73042,,,
case1,,8823893.241802482,trajectory_episode,42,,,8835710.256736632,8823893.265468093,-2.6784050193137885e-09,w_energy,0.00625,,1.25,73042,,,
case1,,8823893.218136871,trajectory_episode,42,,,8835710.256736632,8823893.265468093,-5.356810038627577e-09,w_energy,0.0075,,1.5,73042,,,
case1,,8823890.454484882,trajectory_episode,43,,,8835707.45658569,8823890.407153653,5.356812579505869e-09,w_energy,0.0025,,0.5,73043,,,
case1,,8823890.430819266,trajectory_episode,43,,,8835707.45658569,8823890.407153653,2.6784060789441047e-09,w_energy,0.00375,,0.75,73043,,,
case1,,8823890.407153653,trajectory_episode,43,,,8835707.45658569,8823890.407153653,0.0,w_energy,0.005,,1.0,73043,,,
case1,,8823890.383488037,trajectory_episode,43,,,8835707.45658569,8823890.407153653,-2.678406500561764e-09,w_energy,0.00625,,1.25,73043,,,
case1,,8823890.359822424,trajectory_episode,43,,,8835707.45658569,8823890.407153653,-5.356812579505869e-09,w_energy,0.0075,,1.5,73043,,,
case1,,8823889.995045353,trajectory_episode,44,,,8835706.866765453,8823889.947694082,5.35908124025531e-09,w_energy,0.0025,,0.5,73044,,,
case1,,8823889.971369717,trajectory_episode,44,,,8835706.866765453,8823889.947694082,2.679540620127655e-09,w_energy,0.00375,,0.75,73044,,,
case1,,8823889.947694082,trajectory_episode,44,,,8835706.866765453,8823889.947694082,0.0,w_energy,0.005,,1.0,73044,,,
case1,,8823889.92401845,trajectory_episode,44,,,8835706.866765453,8823889.947694082,-2.679540198509967e-09,w_energy,0.00625,,1.25,73044,,,
case1,,8823889.900342816,trajectory_episode,44,,,8835706.866765453,8823889.947694082,-5.359080607828778e-09,w_energy,0.0075,,1.5,73044,,,
case1,,8823897.824486416,trajectory_episode,45,,,8835714.770162221,8823897.777165333,5.3556598707718775e-09,w_energy,0.0025,,0.5,73045,,,
case1,,8823897.800825875,trajectory_episode,45,,,8835714.770162221,8823897.777165333,2.6778300407902667e-09,w_energy,0.00375,,0.75,73045,,,
case1,,8823897.777165333,trajectory_episode,45,,,8835714.770162221,8823897.777165333,0.0,w_energy,0.005,,1.0,73045,,,
case1,,8823897.75350479,trajectory_episode,45,,,8835714.770162221,8823897.777165333,-2.6778300407902667e-09,w_energy,0.00625,,1.25,73045,,,
case1,,8823897.72984425,trajectory_episode,45,,,8835714.770162221,8823897.777165333,-5.3556598707718775e-09,w_energy,0.0075,,1.5,73045,,,
case1,,8823890.637786347,trajectory_episode,46,,,8835707.545195283,8823890.590486465,5.353264824023804e-09,w_energy,0.0025,,0.5,73046,,,
case1,,8823890.614136407,trajectory_episode,46,,,8835707.545195283,8823890.590486465,2.676632517416316e-09,w_energy,0.00375,,0.75,73046,,,
case1,,8823890.590486465,trajectory_episode,46,,,8835707.545195283,8823890.590486465,0.0,w_energy,0.005,,1.0,73046,,,
case1,,8823890.566836525,trajectory_episode,46,,,8835707.545195283,8823890.590486465,-2.676632306607488e-09,w_energy,0.00625,,1.25,73046,,,
case1,,8823890.543186586,trajectory_episode,46,,,8835707.545195283,8823890.590486465,-5.353264402406148e-09,w_energy,0.0075,,1.5,73046,,,
case1,,8823893.374195037,trajectory_episode,47,,,8835710.293339709,8823893.326893779,5.353418946689123e-09,w_energy,0.0025,,0.5,73047,,,
case1,,8823893.350544408,trajectory_episode,47,,,8835710.293339709,8823893.326893779,2.6767094733445616e-09,w_energy,0.00375,,0.75,73047,,,
case1,,8823893.326893779,trajectory_episode,47,,,8835710.293339709,8823893.326893779,0.0,w_energy,0.005,,1.0,73047,,,
case1,,8823893.303243151,trajectory_episode,47,,,8835710.293339709,8823893.326893779,-2.6767092625357995e-09,w_energy,0.00625,,1.25,73047,,,
case1,,8823893.279592523,trajectory_episode,47,,,8835710.293339709,8823893.326893779,-5.353418525071599e-09,w_energy,0.0075,,1.5,73047,,,
case1,,8823897.800292814,trajectory_episode,48,,,8835714.731398286,8823897.752959577,5.357035420749967e-09,w_energy,0.0025,,0.5,73048,,,
case1,,8823897.776626194,trajectory_episode,48,,,8835714.731398286,8823897.752959577,2.6785174995663274e-09,w_energy,0.00375,,0.75,73048,,,
case1,,8823897.752959577,trajectory_episode,48,,,8835714.731398286,8823897.752959577,0.0,w_energy,0.005,,1.0,73048,,,
case1,,8823897.729292959,trajectory_episode,48,,,8835714.731398286,8823897.752959577,-2.6785177103749836e-09,w_energy,0.00625,,1.25,73048,,,
case1,,8823897.705626337,trajectory_episode,48,,,8835714.731398286,8823897.752959577,-5.35703584236728e-09,w_energy,0.0075,,1.5,73048,,,
case1,,8823898.615714433,trajectory_episode,49,,,8835715.538541766,8823898.568403736,5.3544839360684255e-09,w_energy,0.0025,,0.5,73049,,,
case1,,8823898.592059083,trajectory_episode,49,,,8835715.538541766,8823898.568403736,2.6772418626298944e-09,w_energy,0.00375,,0.75,73049,,,
case1,,8823898.568403736,trajectory_episode,49,,,8835715.538541766,8823898.568403736,0.0,w_energy,0.005,,1.0,73049,,,
case1,,8823898.544748386,trajectory_episode,49,,,8835715.538541766,8823898.568403736,-2.677242073438531e-09,w_energy,0.00625,,1.25,73049,,,
case1,,8823898.521093037,trajectory_episode,49,,,8835715.538541766,8823898.568403736,-5.354484146877062e-09,w_energy,0.0075,,1.5,73049,,,
case1,,8823897.69858009,trajectory_episode,50,,,8835714.597898934,8823897.651211206,5.361069957813355e-09,w_energy,0.0025,,0.5,73050,,,
case1,,8823897.674895648,trajectory_episode,50,,,8835714.597898934,8823897.651211206,2.6805349789066776e-09,w_energy,0.00375,,0.75,73050,,,
case1,,8823897.651211206,trajectory_episode,50,,,8835714.597898934,8823897.651211206,0.0,w_energy,0.005,,1.0,73050,,,
case1,,8823897.627526764,trajectory_episode,50,,,8835714.597898934,8823897.651211206,-2.6805349789066776e-09,w_energy,0.00625,,1.25,73050,,,
case1,,8823897.60384232,trajectory_episode,50,,,8835714.597898934,8823897.651211206,-5.361070168622014e-09,w_energy,0.0075,,1.5,73050,,,
case2,,8825735.864333568,trajectory_episode,1,,,8836520.995246984,8825735.792798968,8.095335273614942e-09,w_energy,0.0025,,0.5,83001,,,
case2,,8825735.828566266,trajectory_episode,1,,,8836520.995246984,8825735.792798968,4.04766742601805e-09,w_energy,0.00375,,0.75,83001,,,
case2,,8825735.792798968,trajectory_episode,1,,,8836520.995246984,8825735.792798968,0.0,w_energy,0.005,,1.0,83001,,,
case2,,8825735.75703167,trajectory_episode,1,,,8836520.995246984,8825735.792798968,-4.04766742601805e-09,w_energy,0.00625,,1.25,83001,,,
case2,,8825735.721264368,trajectory_episode,1,,,8836520.995246984,8825735.792798968,-8.095335273614942e-09,w_energy,0.0075,,1.5,83001,,,
case2,,8825732.547784843,trajectory_episode,2,,,8836517.675292432,8825732.476310214,8.08855152554502e-09,w_energy,0.0025,,0.5,83002,,,
case2,,8825732.51204753,trajectory_episode,2,,,8836517.675292432,8825732.476310214,4.04427586816726e-09,w_energy,0.00375,,0.75,83002,,,
case2,,8825732.476310214,trajectory_episode,2,,,8836517.675292432,8825732.476310214,0.0,w_energy,0.005,,1.0,83002,,,
case2,,8825732.4405729,trajectory_episode,2,,,8836517.675292432,8825732.476310214,-4.044275657377759e-09,w_energy,0.00625,,1.25,83002,,,
case2,,8825732.404835584,trajectory_episode,2,,,8836517.675292432,8825732.476310214,-8.08855173633452e-09,w_energy,0.0075,,1.5,83002,,,
case2,,8825733.748088991,trajectory_episode,3,,,8836518.88165831,8825733.67655922,8.094790843610062e-09,w_energy,0.0025,,0.5,83003,,,
case2,,8825733.712324105,trajectory_episode,3,,,8836518.88165831,8825733.67655922,4.047395421805031e-09,w_energy,0.00375,,0.75,83003,,,
case2,,8825733.67655922,trajectory_episode,3,,,8836518.88165831,8825733.67655922,0.0,w_energy,0.005,,1.0,83003,,,
case2,,8825733.640794333,trajectory_episode,3,,,8836518.88165831,8825733.67655922,-4.047395421805031e-09,w_energy,0.00625,,1.25,83003,,,
case2,,8825733.605029447,trajectory_episode,3,,,8836518.88165831,8825733.67655922,-8.094790843610062e-09,w_energy,0.0075,,1.5,83003,,,
case2,,8825729.625266392,trajectory_episode,4,,,8836514.786850167,8825729.553726153,8.095979021298013e-09,w_energy,0.0025,,0.5,83004,,,
case2,,8825729.589496275,trajectory_episode,4,,,8836514.786850167,8825729.553726153,4.047989826833361e-09,w_energy,0.00375,,0.75,83004,,,
case2,,8825729.553726153,trajectory_episode,4,,,8836514.786850167,8825729.553726153,0.0,w_energy,0.005,,1.0,83004,,,
case2,,8825729.517956035,trajectory_episode,4,,,8836514.786850167,8825729.553726153,-4.047989405254222e-09,w_energy,0.00625,,1.25,83004,,,
case2,,8825729.482185919,trajectory_episode,4,,,8836514.786850167,8825729.553726153,-8.095978599718874e-09,w_energy,0.0075,,1.5,83004,,,
case2,,8825725.456191957,trajectory_episode,5,,,8836510.649223404,8825725.384703899,8.090077750407149e-09,w_energy,0.0025,,0.5,83005,,,
case2,,8825725.420447927,trajectory_episode,5,,,8836510.649223404,8825725.384703899,4.0450387698087406e-09,w_energy,0.00375,,0.75,83005,,,
case2,,8825725.384703899,trajectory_episode,5,,,8836510.649223404,8825725.384703899,0.0,w_energy,0.005,,1.0,83005,,,
case2,,8825725.348959872,trajectory_episode,5,,,8836510.649223404,8825725.384703899,-4.045038559019072e-09,w_energy,0.00625,,1.25,83005,,,
case2,,8825725.313215846,trajectory_episode,5,,,8836510.649223404,8825725.384703899,-8.090077118038144e-09,w_energy,0.0075,,1.5,83005,,,
case2,,8825731.571036628,trajectory_episode,6,,,8836516.712634543,8825731.499507848,8.094680479752614e-09,w_energy,0.0025,,0.5,83006,,,
case2,,8825731.535272239,trajectory_episode,6,,,8836516.712634543,8825731.499507848,4.047340345271069e-09,w_energy,0.00375,,0.75,83006,,,
case2,,8825731.499507848,trajectory_episode,6,,,8836516.712634543,8825731.499507848,0.0,w_energy,0.005,,1.0,83006,,,
case2,,8825731.463743458,trajectory_episode,6,,,8836516.712634543,8825731.499507848,-4.047340345271069e-09,w_energy,0.00625,,1.25,83006,,,
case2,,8825731.427979069,trajectory_episode,6,,,8836516.712634543,8825731.499507848,-8.094680479752614e-09,w_energy,0.0075,,1.5,83006,,,
case2,,8825728.229979662,trajectory_episode,7,,,8836513.427130902,8825728.158459714,8.093684135931839e-09,w_energy,0.0025,,0.5,83007,,,
case2,,8825728.194219688,trajectory_episode,7,,,8836513.427130902,8825728.158459714,4.0468420679659194e-09,w_energy,0.00375,,0.75,83007,,,
case2,,8825728.158459714,trajectory_episode,7,,,8836513.427130902,8825728.158459714,0.0,w_energy,0.005,,1.0,83007,,,
case2,,8825728.122699741,trajectory_episode,7,,,8836513.427130902,8825728.158459714,-4.046841857176318e-09,w_energy,0.00625,,1.25,83007,,,
case2,,8825728.086939769,trajectory_episode,7,,,8836513.427130902,8825728.158459714,-8.093683714352635e-09,w_energy,0.0075,,1.5,83007,,,
case2,,8825728.054060804,trajectory_episode,8,,,8836513.248768073,8825727.982533334,8.094535467731297e-09,w_energy,0.0025,,0.5,83008,,,
case2,,8825728.018297069,trajectory_episode,8,,,8836513.248768073,8825727.982533334,4.0472677338656485e-09,w_energy,0.00375,,0.75,83008,,,
case2,,8825727.982533334,trajectory_episode,8,,,8836513.248768073,8825727.982533334,0.0,w_energy,0.005,,1.0,83008,,,
case2,,8825727.946769599,trajectory_episode,8,,,8836513.248768073,8825727.982533334,-4.0472677338656485e-09,w_energy,0.00625,,1.25,83008,,,
case2,,8825727.911005864,trajectory_episode,8,,,8836513.248768073,8825727.982533334,-8.094535467731297e-09,w_energy,0.0075,,1.5,83008,,,
case2,,8825726.863809982,trajectory_episode,9,,,8836512.02890709,8825726.792298436,8.092734544570582e-09,w_energy,0.0025,,0.5,83009,,,
case2,,8825726.828054212,trajectory_episode,9,,,8836512.02890709,8825726.792298436,4.046367588469744e-09,w_energy,0.00375,,0.75,83009,,,
case2,,8825726.792298436,trajectory_episode,9,,,8836512.02890709,8825726.792298436,0.0,w_energy,0.005,,1.0,83009,,,
case2,,8825726.756542664,trajectory_episode,9,,,8836512.02890709,8825726.792298436,-4.046367166890473e-09,w_energy,0.00625,,1.25,83009,,,
case2,,8825726.72078689,trajectory_episode,9,,,8836512.02890709,8825726.792298436,-8.092734544570582e-09,w_energy,0.0075,,1.5,83009,,,
case2,,8825727.926748015,trajectory_episode,10,,,8836513.092965811,8825727.855218222,8.094798465095027e-09,w_energy,0.0025,,0.5,83010,,,
case2,,8825727.89098312,trajectory_episode,10,,,8836513.092965811,8825727.855218222,4.047399337942319e-09,w_energy,0.00375,,0.75,83010,,,
case2,,8825727.855218222,trajectory_episode,10,,,8836513.092965811,8825727.855218222,0.0,w_energy,0.005,,1.0,83010,,,
case2,,8825727.819453323,trajectory_episode,10,,,8836513.092965811,8825727.855218222,-4.0473995487319286e-09,w_energy,0.00625,,1.25,83010,,,
case2,,8825727.783688426,trajectory_episode,10,,,8836513.092965811,8825727.855218222,-8.094798886674247e-09,w_energy,0.0075,,1.5,83010,,,
case2,,8825734.214148462,trajectory_episode,11,,,8836519.380547496,8825734.142616613,8.095025416845123e-09,w_energy,0.0025,,0.5,83011,,,
case2,,8825734.178382538,trajectory_episode,11,,,8836519.380547496,8825734.142616613,4.047512813817292e-09,w_energy,0.00375,,0.75,83011,,,
case2,,8825734.142616613,trajectory_episode,11,,,8836519.380547496,8825734.142616613,0.0,w_energy,0.005,,1.0,83011,,,
case2,,8825734.106850691,trajectory_episode,11,,,8836519.380547496,8825734.142616613,-4.047512392238372e-09,w_energy,0.00625,,1.25,83011,,,
case2,,8825734.071084768,trajectory_episode,11,,,8836519.380547496,8825734.142616613,-8.095024995266205e-09,w_energy,0.0075,,1.5,83011,,,
case2,,8825727.657180278,trajectory_episode,12,,,8836512.805347905,8825727.585663727,8.09330022518427e-09,w_energy,0.0025,,0.5,83012,,,
case2,,8825727.621422002,trajectory_episode,12,,,8836512.805347905,8825727.585663727,4.046650112592135e-09,w_energy,0.00375,,0.75,83012,,,
case2,,8825727.585663727,trajectory_episode,12,,,8836512.805347905,8825727.585663727,0.0,w_energy,0.005,,1.0,83012,,,
case2,,8825727.549905451,trajectory_episode,12,,,8836512.805347905,8825727.585663727,-4.046650112592135e-09,w_energy,0.00625,,1.25,83012,,,
case2,,8825727.514147175,trajectory_episode,12,,,8836512.805347905,8825727.585663727,-8.09330022518427e-09,w_energy,0.0075,,1.5,83012,,,
case2,,8825726.665804453,trajectory_episode,13,,,8836511.862900693,8825726.594317457,8.089956489156633e-09,w_energy,0.0025,,0.5,83013,,,
case2,,8825726.630060954,trajectory_episode,13,,,8836511.862900693,8825726.594317457,4.0449781391834964e-09,w_energy,0.00375,,0.75,83013,,,
case2,,8825726.594317457,trajectory_episode,13,,,8836511.862900693,8825726.594317457,0.0,w_energy,0.005,,1.0,83013,,,
case2,,8825726.558573958,trajectory_episode,13,,,8836511.862900693,8825726.594317457,-4.044978349973136e-09,w_energy,0.00625,,1.25,83013,,,
case2,,8825726.522830462,trajectory_episode,13,,,8836511.862900693,8825726.594317457,-8.089956278366993e-09,w_energy,0.0075,,1.5,83013,,,
case2,,8825730.738079775,trajectory_episode,14,,,8836515.866752058,8825730.66657835,8.091585599380582e-09,w_energy,0.0025,,0.5,83014,,,
case2,,8825730.70232906,trajectory_episode,14,,,8836515.866752058,8825730.66657835,4.045792483505975e-09,w_energy,0.00375,,0.75,83014,,,
case2,,8825730.66657835,trajectory_episode,14,,,8836515.866752058,8825730.66657835,0.0,w_energy,0.005,,1.0,83014,,,
case2,,8825730.630827636,trajectory_episode,14,,,8836515.866752058,8825730.66657835,-4.0457931158746065e-09,w_energy,0.00625,,1.25,83014,,,
case2,,8825730.59507692,trajectory_episode,14,,,8836515.866752058,8825730.66657835,-8.091586231749213e-09,w_energy,0.0075,,1.5,83014,,,
case2,,8825730.282315778,trajectory_episode,15,,,8836515.419567311,8825730.210792692,8.09403728059715e-09,w_energy,0.0025,,0.5,83015,,,
case2,,8825730.246554235,trajectory_episode,15,,,8836515.419567311,8825730.210792692,4.047018640298575e-09,w_energy,0.00375,,0.75,83015,,,
case2,,8825730.210792692,trajectory_episode,15,,,8836515.419567311,8825730.210792692,0.0,w_energy,0.005,,1.0,83015,,,
case2,,8825730.17503115,trajectory_episode,15,,,8836515.419567311,8825730.210792692,-4.047018640298575e-09,w_energy,0.00625,,1.25,83015,,,
case2,,8825730.139269609,trajectory_episode,15,,,8836515.419567311,8825730.210792692,-8.094037069807595e-09,w_energy,0.0075,,1.5,83015,,,
case2,,8825723.619276516,trajectory_episode,16,,,8836508.818144375,8825723.547728973,8.096811207056382e-09,w_energy,0.0025,,0.5,83016,,,
case2,,8825723.583502743,trajectory_episode,16,,,8836508.818144375,8825723.547728973,4.048405498133335e-09,w_energy,0.00375,,0.75,83016,,,
case2,,8825723.547728973,trajectory_episode,16,,,8836508.818144375,8825723.547728973,0.0,w_energy,0.005,,1.0,83016,,,
case2,,8825723.511955198,trajectory_episode,16,,,8836508.818144375,8825723.547728973,-4.048405919712759e-09,w_energy,0.00625,,1.25,83016,,,
case2,,8825723.476181423,trajectory_episode,16,,,8836508.818144375,8825723.547728973,-8.096811839425518e-09,w_energy,0.0075,,1.5,83016,,,
case2,,8825726.226245102,trajectory_episode,17,,,8836511.357552115,8825726.154738182,8.092211557922787e-09,w_energy,0.0025,,0.5,83017,,,
case2,,8825726.190491643,trajectory_episode,17,,,8836511.357552115,8825726.154738182,4.046105884356219e-09,w_energy,0.00375,,0.75,83017,,,
case2,,8825726.154738182,trajectory_episode,17,,,8836511.357552115,8825726.154738182,0.0,w_energy,0.005,,1.0,83017,,,
case2,,8825726.11898472,trajectory_episode,17,,,8836511.357552115,8825726.154738182,-4.046106095145871e-09,w_energy,0.00625,,1.25,83017,,,
case2,,8825726.083231261,trajectory_episode,17,,,8836511.357552115,8825726.154738182,-8.092211768712438e-09,w_energy,0.0075,,1.5,83017,,,
case2,,8825731.075629141,trajectory_episode,18,,,8836516.24376996,8825731.004115459,8.092972460075044e-09,w_energy,0.0025,,0.5,83018,,,
case2,,8825731.039872298,trajectory_episode,18,,,8836516.24376996,8825731.004115459,4.046486019247987e-09,w_energy,0.00375,,0.75,83018,,,
case2,,8825731.004115459,trajectory_episode,18,,,8836516.24376996,8825731.004115459,0.0,w_energy,0.005,,1.0,83018,,,
case2,,8825730.96835862,trajectory_episode,18,,,8836516.24376996,8825731.004115459,-4.046486019247987e-09,w_energy,0.00625,,1.25,83018,,,
case2,,8825730.932601776,trajectory_episode,18,,,8836516.24376996,8825731.004115459,-8.092972460075044e-09,w_energy,0.0075,,1.5,83018,,,
case2,,8825731.23720135,trajectory_episode,19,,,8836516.35576123,8825731.165724108,8.088848471098545e-09,w_energy,0.0025,,0.5,83019,,,
case2,,8825731.201462729,trajectory_episode,19,,,8836516.35576123,8825731.165724108,4.044424235549272e-09,w_energy,0.00375,,0.75,83019,,,
case2,,8825731.165724108,trajectory_episode,19,,,8836516.35576123,8825731.165724108,0.0,w_energy,0.005,,1.0,83019,,,
case2,,8825731.129985485,trajectory_episode,19,,,8836516.35576123,8825731.165724108,-4.0444244463388045e-09,w_energy,0.00625,,1.25,83019,,,
case2,,8825731.094246866,trajectory_episode,19,,,8836516.35576123,8825731.165724108,-8.088848471098545e-09,w_energy,0.0075,,1.5,83019,,,
case2,,8825728.161023818,trajectory_episode,20,,,8836513.339103559,8825728.089462044,8.098417497121529e-09,w_energy,0.0025,,0.5,83020,,,
case2,,8825728.12524293,trajectory_episode,20,,,8836513.339103559,8825728.089462044,4.049208643165963e-09,w_energy,0.00375,,0.75,83020,,,
case2,,8825728.089462044,trajectory_episode,20,,,8836513.339103559,8825728.089462044,0.0,w_energy,0.005,,1.0,83020,,,
case2,,8825728.053681158,trajectory_episode,20,,,8836513.339103559,8825728.089462044,-4.049208643165963e-09,w_energy,0.00625,,1.25,83020,,,
case2,,8825728.01790027,trajectory_episode,20,,,8836513.339103559,8825728.089462044,-8.098417497121529e-09,w_energy,0.0075,,1.5,83020,,,
case2,,8825727.37450534,trajectory_episode,21,,,8836512.560269954,8825727.302984001,8.093842178979988e-09,w_energy,0.0025,,0.5,83021,,,
case2,,8825727.33874467,trajectory_episode,21,,,8836512.560269954,8825727.302984001,4.046921089489994e-09,w_energy,0.00375,,0.75,83021,,,
case2,,8825727.302984001,trajectory_episode,21,,,8836512.560269954,8825727.302984001,0.0,w_energy,0.005,,1.0,83021,,,
case2,,8825727.267223332,trajectory_episode,21,,,8836512.560269954,8825727.302984001,-4.046921089489994e-09,w_energy,0.00625,,1.25,83021,,,
case2,,8825727.231462665,trajectory_episode,21,,,8836512.560269954,8825727.302984001,-8.093841968190366e-09,w_energy,0.0075,,1.5,83021,,,
case2,,8825728.517107144,trajectory_episode,22,,,8836513.693380632,8825728.445593309,8.092992080610795e-09,w_energy,0.0025,,0.5,83022,,,
case2,,8825728.481350226,trajectory_episode,22,,,8836513.693380632,8825728.445593309,4.046496040305397e-09,w_energy,0.00375,,0.75,83022,,,
case2,,8825728.445593309,trajectory_episode,22,,,8836513.693380632,8825728.445593309,0.0,w_energy,0.005,,1.0,83022,,,
case2,,8825728.409836393,trajectory_episode,22,,,8836513.693380632,8825728.445593309,-4.0464958295158014e-09,w_energy,0.00625,,1.25,83022,,,
case2,,8825728.374079473,trajectory_episode,22,,,8836513.693380632,8825728.445593309,-8.092992080610795e-09,w_energy,0.0075,,1.5,83022,,,
case2,,8825729.240152543,trajectory_episode,23,,,8836514.454776645,8825729.168606866,8.096594831108984e-09,w_energy,0.0025,,0.5,83023,,,
case2,,8825729.204379706,trajectory_episode,23,,,8836514.454776645,8825729.168606866,4.04829752094928e-09,w_energy,0.00375,,0.75,83023,,,
case2,,8825729.168606866,trajectory_episode,23,,,8836514.454776645,8825729.168606866,0.0,w_energy,0.005,,1.0,83023,,,
case2,,8825729.13283403,trajectory_episode,23,,,8836514.454776645,8825729.168606866,-4.048297099370126e-09,w_energy,0.00625,,1.25,83023,,,
case2,,8825729.09706119,trajectory_episode,23,,,8836514.454776645,8825729.168606866,-8.096594620319407e-09,w_energy,0.0075,,1.5,83023,,,
case2,,8825731.548114598,trajectory_episode,24,,,8836516.68955466,8825731.47659663,8.093457078496027e-09,w_energy,0.0025,,0.5,83024,,,
case2,,8825731.512355614,trajectory_episode,24,,,8836516.68955466,8825731.47659663,4.046728644642776e-09,w_energy,0.00375,,0.75,83024,,,
case2,,8825731.47659663,trajectory_episode,24,,,8836516.68955466,8825731.47659663,0.0,w_energy,0.005,,1.0,83024,,,
case2,,8825731.440837646,trajectory_episode,24,,,8836516.68955466,8825731.47659663,-4.046728433853252e-09,w_energy,0.00625,,1.25,83024,,,
case2,,8825731.40507866,trajectory_episode,24,,,8836516.68955466,8825731.47659663,-8.093457078496027e-09,w_energy,0.0075,,1.5,83024,,,
case2,,8825727.609797725,trajectory_episode,25,,,8836512.761806162,8825727.538289517,8.092356138364968e-09,w_energy,0.0025,,0.5,83025,,,
case2,,8825727.574043622,trajectory_episode,25,,,8836512.761806162,8825727.538289517,4.046178174577293e-09,w_energy,0.00375,,0.75,83025,,,
case2,,8825727.538289517,trajectory_episode,25,,,8836512.761806162,8825727.538289517,0.0,w_energy,0.005,,1.0,83025,,,
case2,,8825727.502535414,trajectory_episode,25,,,8836512.761806162,8825727.538289517,-4.046177963787675e-09,w_energy,0.00625,,1.25,83025,,,
case2,,8825727.46678131,trajectory_episode,25,,,8836512.761806162,8825727.538289517,-8.09235592757535e-09,w_energy,0.0075,,1.5,83025,,,
case2,,8825726.98358818,trajectory_episode,26,,,8836512.12019906,8825726.91208064,8.092281052461574e-09,w_energy,0.0025,,0.5,83026,,,
case2,,8825726.947834412,trajectory_episode,26,,,8836512.12019906,8825726.91208064,4.04614073702042e-09,w_energy,0.00375,,0.75,83026,,,
case2,,8825726.91208064,trajectory_episode,26,,,8836512.12019906,8825726.91208064,0.0,w_energy,0.005,,1.0,83026,,,
case2,,8825726.876326872,trajectory_episode,26,,,8836512.12019906,8825726.91208064,-4.046140315441153e-09,w_energy,0.00625,,1.25,83026,,,
case2,,8825726.840573102,trajectory_episode,26,,,8836512.12019906,8825726.91208064,-8.092280841671939e-09,w_energy,0.0075,,1.5,83026,,,
case2,,8825732.594419636,trajectory_episode,27,,,8836517.782507073,8825732.522900084,8.093635248523198e-09,w_energy,0.0025,,0.5,83027,,,
case2,,8825732.55865986,trajectory_episode,27,,,8836517.782507073,8825732.522900084,4.046817729656348e-09,w_energy,0.00375,,0.75,83027,,,
case2,,8825732.522900084,trajectory_episode,27,,,8836517.782507073,8825732.522900084,0.0,w_energy,0.005,,1.0,83027,,,
case2,,8825732.487140309,trajectory_episode,27,,,8836517.782507073,8825732.522900084,-4.0468175188668494e-09,w_energy,0.00625,,1.25,83027,,,
case2,,8825732.451380534,trajectory_episode,27,,,8836517.782507073,8825732.522900084,-8.093635037733699e-09,w_energy,0.0075,,1.5,83027,,,
case2,,8825732.70535044,trajectory_episode,28,,,8836517.832950905,8825732.63384807,8.09169087999984e-09,w_energy,0.0025,,0.5,83028,,,
case2,,8825732.669599256,trajectory_episode,28,,,8836517.832950905,8825732.63384807,4.045845545394668e-09,w_energy,0.00375,,0.75,83028,,,
case2,,8825732.63384807,trajectory_episode,28,,,8836517.832950905,8825732.63384807,0.0,w_energy,0.005,,1.0,83028,,,
case2,,8825732.598096883,trajectory_episode,28,,,8836517.832950905,8825732.63384807,-4.045845545394668e-09,w_energy,0.00625,,1.25,83028,,,
case2,,8825732.5623457,trajectory_episode,28,,,8836517.832950905,8825732.63384807,-8.091690669210342e-09,w_energy,0.0075,,1.5,83028,,,
case2,,8825735.312239181,trajectory_episode,29,,,8836520.461828925,8825735.240686871,8.09733994823245e-09,w_energy,0.0025,,0.5,83029,,,
case2,,8825735.276463024,trajectory_episode,29,,,8836520.461828925,8825735.240686871,4.0486697633267906e-09,w_energy,0.00375,,0.75,83029,,,
case2,,8825735.240686871,trajectory_episode,29,,,8836520.461828925,8825735.240686871,0.0,w_energy,0.005,,1.0,83029,,,
case2,,8825735.204910714,trajectory_episode,29,,,8836520.461828925,8825735.240686871,-4.048670184905659e-09,w_energy,0.00625,,1.25,83029,,,
case2,,8825735.16913456,trajectory_episode,29,,,8836520.461828925,8825735.240686871,-8.097340159021885e-09,w_energy,0.0075,,1.5,83029,,,
case2,,8825730.715819217,trajectory_episode,30,,,8836515.94701117,8825730.644276597,8.096247558187547e-09,w_energy,0.0025,,0.5,83030,,,
case2,,8825730.680047907,trajectory_episode,30,,,8836515.94701117,8825730.644276597,4.048123779093773e-09,w_energy,0.00375,,0.75,83030,,,
case2,,8825730.644276597,trajectory_episode,30,,,8836515.94701117,8825730.644276597,0.0,w_energy,0.005,,1.0,83030,,,
case2,,8825730.608505284,trajectory_episode,30,,,8836515.94701117,8825730.644276597,-4.0481239898833155e-09,w_energy,0.00625,,1.25,83030,,,
case2,,8825730.572733974,trajectory_episode,30,,,8836515.94701117,8825730.644276597,-8.096247768977089e-09,w_energy,0.0075,,1.5,83030,,,
case2,,8825739.8598488,trajectory_episode,31,,,8836525.008914407,8825739.788349407,8.091347256769102e-09,w_energy,0.0025,,0.5,83031,,,
case2,,8825739.824099105,trajectory_episode,31,,,8836525.008914407,8825739.788349407,4.045673839173877e-09,w_energy,0.00375,,0.75,83031,,,
case2,,8825739.788349407,trajectory_episode,31,,,8836525.008914407,8825739.788349407,0.0,w_energy,0.005,,1.0,83031,,,
case2,,8825739.752599709,trajectory_episode,31,,,8836525.008914407,8825739.788349407,-4.045673839173877e-09,w_energy,0.00625,,1.25,83031,,,
case2,,8825739.716850013,trajectory_episode,31,,,8836525.008914407,8825739.788349407,-8.091347467558429e-09,w_energy,0.0075,,1.5,83031,,,
case2,,8825724.409718065,trajectory_episode,32,,,8836509.586891029,8825724.338158723,8.098145644580923e-09,w_energy,0.0025,,0.5,83032,,,
case2,,8825724.373938393,trajectory_episode,32,,,8836509.586891029,8825724.338158723,4.049072716895614e-09,w_energy,0.00375,,0.75,83032,,,
case2,,8825724.338158723,trajectory_episode,32,,,8836509.586891029,8825724.338158723,0.0,w_energy,0.005,,1.0,83032,,,
case2,,8825724.302379051,trajectory_episode,32,,,8836509.586891029,8825724.338158723,-4.049072927685309e-09,w_energy,0.00625,,1.25,83032,,,
case2,,8825724.266599381,trajectory_episode,32,,,8836509.586891029,8825724.338158723,-8.098145644580923e-09,w_energy,0.0075,,1.5,83032,,,
case2,,8825727.052155629,trajectory_episode,33,,,8836512.202359922,8825726.980634835,8.09378095623691e-09,w_energy,0.0025,,0.5,83033,,,
case2,,8825727.016395232,trajectory_episode,33,,,8836512.202359922,8825726.980634835,4.046890478118455e-09,w_energy,0.00375,,0.75,83033,,,
case2,,8825726.980634835,trajectory_episode,33,,,8836512.202359922,8825726.980634835,0.0,w_energy,0.005,,1.0,83033,,,
case2,,8825726.944874434,trajectory_episode,33,,,8836512.202359922,8825726.980634835,-4.046890899697718e-09,w_energy,0.00625,,1.25,83033,,,
case2,,8825726.909114037,trajectory_episode,33,,,8836512.202359922,8825726.980634835,-8.093781377816173e-09,w_energy,0.0075,,1.5,83033,,,
case2,,8825731.522958443,trajectory_episode,34,,,8836516.68159611,8825731.451456793,8.091610358761517e-09,w_energy,0.0025,,0.5,83034,,,
case2,,8825731.487207616,trajectory_episode,34,,,8836516.68159611,8825731.451456793,4.045804968591234e-09,w_energy,0.00375,,0.75,83034,,,
case2,,8825731.451456793,trajectory_episode,34,,,8836516.68159611,8825731.451456793,0.0,w_energy,0.005,,1.0,83034,,,
case2,,8825731.415705968,trajectory_episode,34,,,8836516.68159611,8825731.451456793,-4.045805179380758e-09,w_energy,0.00625,,1.25,83034,,,
case2,,8825731.379955143,trajectory_episode,34,,,8836516.68159611,8825731.451456793,-8.091610358761517e-09,w_energy,0.0075,,1.5,83034,,,
case2,,8825737.59307116,trajectory_episode,35,,,8836522.710081248,8825737.521522732,8.096898602979085e-09,w_energy,0.0025,,0.5,83035,,,
case2,,8825737.557296947,trajectory_episode,35,,,8836522.710081248,8825737.521522732,4.048449301489542e-09,w_energy,0.00375,,0.75,83035,,,
case2,,8825737.521522732,trajectory_episode,35,,,8836522.710081248,8825737.521522732,0.0,w_energy,0.005,,1.0,83035,,,
case2,,8825737.485748516,trajectory_episode,35,,,8836522.710081248,8825737.521522732,-4.048449512278923e-09,w_energy,0.00625,,1.25,83035,,,
case2,,8825737.449974304,trajectory_episode,35,,,8836522.710081248,8825737.521522732,-8.096898602979085e-09,w_energy,0.0075,,1.5,83035,,,
case2,,8825733.686795417,trajectory_episode,36,,,8836518.806978064,8825733.615291946,8.091814564652176e-09,w_energy,0.0025,,0.5,83036,,,
case2,,8825733.651043683,trajectory_episode,36,,,8836518.806978064,8825733.615291946,4.0459074931155625e-09,w_energy,0.00375,,0.75,83036,,,
case2,,8825733.615291946,trajectory_episode,36,,,8836518.806978064,8825733.615291946,0.0,w_energy,0.005,,1.0,83036,,,
case2,,8825733.57954021,trajectory_episode,36,,,8836518.806978064,8825733.615291946,-4.045907282326088e-09,w_energy,0.00625,,1.25,83036,,,
case2,,8825733.543788472,trajectory_episode,36,,,8836518.806978064,8825733.615291946,-8.09181477544165e-09,w_energy,0.0075,,1.5,83036,,,
case2,,8825729.545189373,trajectory_episode,37,,,8836514.68472152,8825729.47366674,8.093986731832397e-09,w_energy,0.0025,,0.5,83037,,,
case2,,8825729.509428058,trajectory_episode,37,,,8836514.68472152,8825729.47366674,4.046993471310984e-09,w_energy,0.00375,,0.75,83037,,,
case2,,8825729.47366674,trajectory_episode,37,,,8836514.68472152,8825729.47366674,0.0,w_energy,0.005,,1.0,83037,,,
case2,,8825729.437905421,trajectory_episode,37,,,8836514.68472152,8825729.47366674,-4.046993682100556e-09,w_energy,0.00625,,1.25,83037,,,
case2,,8825729.402144104,trajectory_episode,37,,,8836514.68472152,8825729.47366674,-8.09398715341154e-09,w_energy,0.0075,,1.5,83037,,,
case2,,8825731.404037302,trajectory_episode,38,,,8836516.550893381,8825731.33248351,8.097511320481308e-09,w_energy,0.0025,,0.5,83038,,,
case2,,8825731.368260406,trajectory_episode,38,,,8836516.550893381,8825731.33248351,4.048755660240654e-09,w_energy,0.00375,,0.75,83038,,,
case2,,8825731.33248351,trajectory_episode,38,,,8836516.550893381,8825731.33248351,0.0,w_energy,0.005,,1.0,83038,,,
case2,,8825731.29670661,trajectory_episode,38,,,8836516.550893381,8825731.33248351,-4.0487560818197096e-09,w_energy,0.00625,,1.25,83038,,,
case2,,8825731.260929711,trajectory_episode,38,,,8836516.550893381,8825731.33248351,-8.09751195284989e-09,w_energy,0.0075,,1.5,83038,,,
case2,,8825731.138831306,trajectory_episode,39,,,8836516.256756485,8825731.067278538,8.097395655775272e-09,w_energy,0.0025,,0.5,83039,,,
case2,,8825731.10305492,trajectory_episode,39,,,8836516.256756485,8825731.067278538,4.048697617098101e-09,w_energy,0.00375,,0.75,83039,,,
case2,,8825731.067278538,trajectory_episode,39,,,8836516.256756485,8825731.067278538,0.0,w_energy,0.005,,1.0,83039,,,
case2,,8825731.031502154,trajectory_episode,39,,,8836516.256756485,8825731.067278538,-4.048697827887636e-09,w_energy,0.00625,,1.25,83039,,,
case2,,8825730.99572577,trajectory_episode,39,,,8836516.256756485,8825731.067278538,-8.097395655775272e-09,w_energy,0.0075,,1.5,83039,,,
case2,,8825725.718278423,trajectory_episode,40,,,8836510.8772804,8825725.646730756,8.096823232407303e-09,w_energy,0.0025,,0.5,83040,,,
case2,,8825725.682504589,trajectory_episode,40,,,8836510.8772804,8825725.646730756,4.04841151080882e-09,w_energy,0.00375,,0.75,83040,,,
case2,,8825725.646730756,trajectory_episode,40,,,8836510.8772804,8825725.646730756,0.0,w_energy,0.005,,1.0,83040,,,
case2,,8825725.610956922,trajectory_episode,40,,,8836510.8772804,8825725.646730756,-4.048411721598483e-09,w_energy,0.00625,,1.25,83040,,,
case2,,8825725.575183088,trajectory_episode,40,,,8836510.8772804,8825725.646730756,-8.096823443196966e-09,w_energy,0.0075,,1.5,83040,,,
case2,,8825725.780503418,trajectory_episode,41,,,8836510.891871518,8825725.709007073,8.091015331464673e-09,w_energy,0.0025,,0.5,83041,,,
case2,,8825725.744755246,trajectory_episode,41,,,8836510.891871518,8825725.709007073,4.045507665732336e-09,w_energy,0.00375,,0.75,83041,,,
case2,,8825725.709007073,trajectory_episode,41,,,8836510.891871518,8825725.709007073,0.0,w_energy,0.005,,1.0,83041,,,
case2,,8825725.673258899,trajectory_episode,41,,,8836510.891871518,8825725.709007073,-4.045507876521999e-09,w_energy,0.00625,,1.25,83041,,,
case2,,8825725.637510726,trajectory_episode,41,,,8836510.891871518,8825725.709007073,-8.091015542254336e-09,w_energy,0.0075,,1.5,83041,,,
case2,,8825724.897406591,trajectory_episode,42,,,8836510.071549168,8825724.825845974,8.098289591352299e-09,w_energy,0.0025,,0.5,83042,,,
case2,,8825724.861626282,trajectory_episode,42,,,8836510.071549168,8825724.825845974,4.049144795676149e-09,w_energy,0.00375,,0.75,83042,,,
case2,,8825724.825845974,trajectory_episode,42,,,8836510.071549168,8825724.825845974,0.0,w_energy,0.005,,1.0,83042,,,
case2,,8825724.790065665,trajectory_episode,42,,,8836510.071549168,8825724.825845974,-4.049144795676149e-09,w_energy,0.00625,,1.25,83042,,,
case2,,8825724.754285352,trajectory_episode,42,,,8836510.071549168,8825724.825845974,-8.098290012931663e-09,w_energy,0.0075,,1.5,83042,,,
case2,,8825732.546029394,trajectory_episode,43,,,8836517.685402425,8825732.47448426,8.096530531253921e-09,w_energy,0.0025,,0.5,83043,,,
case2,,8825732.510256827,trajectory_episode,43,,,8836517.685402425,8825732.47448426,4.048265265626961e-09,w_energy,0.00375,,0.75,83043,,,
case2,,8825732.47448426,trajectory_episode,43,,,8836517.685402425,8825732.47448426,0.0,w_energy,0.005,,1.0,83043,,,
case2,,8825732.438711692,trajectory_episode,43,,,8836517.685402425,8825732.47448426,-4.048265265626961e-09,w_energy,0.00625,,1.25,83043,,,
case2,,8825732.402939122,trajectory_episode,43,,,8836517.685402425,8825732.47448426,-8.096530742043422e-09,w_energy,0.0075,,1.5,83043,,,
case2,,8825729.02973802,trajectory_episode,44,,,8836514.181160523,8825728.958200773,8.095641048156367e-09,w_energy,0.0025,,0.5,83044,,,
case2,,8825728.993969398,trajectory_episode,44,,,8836514.181160523,8825728.958200773,4.047820629472976e-09,w_energy,0.00375,,0.75,83044,,,
case2,,8825728.958200773,trajectory_episode,44,,,8836514.181160523,8825728.958200773,0.0,w_energy,0.005,,1.0,83044,,,
case2,,8825728.922432154,trajectory_episode,44,,,8836514.181160523,8825728.958200773,-4.047819997104223e-09,w_energy,0.00625,,1.25,83044,,,
case2,,8825728.88666353,trajectory_episode,44,,,8836514.181160523,8825728.958200773,-8.095640626577199e-09,w_energy,0.0075,,1.5,83044,,,
case2,,8825726.081175607,trajectory_episode,45,,,8836511.261568766,8825726.009642903,8.095129606998389e-09,w_energy,0.0025,,0.5,83045,,,
case2,,8825726.045409251,trajectory_episode,45,,,8836511.261568766,8825726.009642903,4.047564381919887e-09,w_energy,0.00375,,0.75,83045,,,
case2,,8825726.009642903,trajectory_episode,45,,,8836511.261568766,8825726.009642903,0.0,w_energy,0.005,,1.0,83045,,,
case2,,8825725.973876555,trajectory_episode,45,,,8836511.261568766,8825726.009642903,-4.047564381919887e-09,w_energy,0.00625,,1.25,83045,,,
case2,,8825725.938110203,trajectory_episode,45,,,8836511.261568766,8825726.009642903,-8.095129185419081e-09,w_energy,0.0075,,1.5,83045,,,
case2,,8825736.676250376,trajectory_episode,46,,,8836521.792968346,8825736.60473277,8.093411300295825e-09,w_energy,0.0025,,0.5,83046,,,
case2,,8825736.640491573,trajectory_episode,46,,,8836521.792968346,8825736.60473277,4.0467056501479125e-09,w_energy,0.00375,,0.75,83046,,,
case2,,8825736.60473277,trajectory_episode,46,,,8836521.792968346,8825736.60473277,0.0,w_energy,0.005,,1.0,83046,,,
case2,,8825736.568973966,trajectory_episode,46,,,8836521.792968346,8825736.60473277,-4.046705860937316e-09,w_energy,0.00625,,1.25,83046,,,
case2,,8825736.533215161,trajectory_episode,46,,,8836521.792968346,8825736.60473277,-8.093411721874631e-09,w_energy,0.0075,,1.5,83046,,,
case2,,8825734.753343798,trajectory_episode,47,,,8836519.874329157,8825734.681856344,8.090001008787054e-09,w_energy,0.0025,,0.5,83047,,,
case2,,8825734.71760007,trajectory_episode,47,,,8836519.874329157,8825734.681856344,4.045000398998803e-09,w_energy,0.00375,,0.75,83047,,,
case2,,8825734.681856344,trajectory_episode,47,,,8836519.874329157,8825734.681856344,0.0,w_energy,0.005,,1.0,83047,,,
case2,,8825734.646112619,trajectory_episode,47,,,8836519.874329157,8825734.681856344,-4.045000188209355e-09,w_energy,0.00625,,1.25,83047,,,
case2,,8825734.610368893,trajectory_episode,47,,,8836519.874329157,8825734.681856344,-8.090000587208158e-09,w_energy,0.0075,,1.5,83047,,,
case2,,8825729.892421434,trajectory_episode,48,,,8836515.0168001,8825729.820869856,8.09726209748553e-09,w_energy,0.0025,,0.5,83048,,,
case2,,8825729.856645644,trajectory_episode,48,,,8836515.0168001,8825729.820869856,4.048630943347983e-09,w_energy,0.00375,,0.75,83048,,,
case2,,8825729.820869856,trajectory_episode,48,,,8836515.0168001,8825729.820869856,0.0,w_energy,0.005,,1.0,83048,,,
case2,,8825729.785094066,trajectory_episode,48,,,8836515.0168001,8825729.820869856,-4.048631154137547e-09,w_energy,0.00625,,1.25,83048,,,
case2,,8825729.749318276,trajectory_episode,48,,,8836515.0168001,8825729.820869856,-8.097262308275094e-09,w_energy,0.0075,,1.5,83048,,,
case2,,8825734.198875781,trajectory_episode,49,,,8836519.34336381,8825734.127344437,8.094968326964714e-09,w_energy,0.0025,,0.5,83049,,,
case2,,8825734.163110109,trajectory_episode,49,,,8836519.34336381,8825734.127344437,4.047484163482357e-09,w_energy,0.00375,,0.75,83049,,,
case2,,8825734.127344437,trajectory_episode,49,,,8836519.34336381,8825734.127344437,0.0,w_energy,0.005,,1.0,83049,,,
case2,,8825734.091578765,trajectory_episode,49,,,8836519.34336381,8825734.127344437,-4.047484163482357e-09,w_energy,0.00625,,1.25,83049,,,
case2,,8825734.055813093,trajectory_episode,49,,,8836519.34336381,8825734.127344437,-8.094968326964714e-09,w_energy,0.0075,,1.5,83049,,,
case2,,8825725.302236851,trajectory_episode,50,,,8836510.5170785,8825725.23071954,8.09338832318072e-09,w_energy,0.0025,,0.5,83050,,,
case2,,8825725.266478196,trajectory_episode,50,,,8836510.5170785,8825725.23071954,4.04669416159036e-09,w_energy,0.00375,,0.75,83050,,,
case2,,8825725.23071954,trajectory_episode,50,,,8836510.5170785,8825725.23071954,0.0,w_energy,0.005,,1.0,83050,,,
case2,,8825725.194960885,trajectory_episode,50,,,8836510.5170785,8825725.23071954,-4.04669416159036e-09,w_energy,0.00625,,1.25,83050,,,
case2,,8825725.15920223,trajectory_episode,50,,,8836510.5170785,8825725.23071954,-8.09338832318072e-09,w_energy,0.0075,,1.5,83050,,,
case1,,8827760.243158037,trajectory_episode,1,,,8835710.383985108,8823893.418528985,0.0004376359637206199,alpha_dist,0.0001,,0.5,73001,,,
case1,,8825759.370638758,trajectory_episode,1,,,8835710.383985108,8823893.418528985,0.000211183032114179,alpha_dist,0.00015000000000000001,,0.75,73001,,,
case1,,8823893.418528985,trajectory_episode,1,,,8835710.383985108,8823893.418528985,0.0,alpha_dist,0.0002,,1.0,73001,,,
case1,,8822152.177319713,trajectory_episode,1,,,8835710.383985108,8823893.418528985,-0.0001970686151538339,alpha_dist,0.00025,,1.25,73001,,,
case1,,8820526.259147847,trajectory_episode,1,,,8835710.383985108,8823893.418528985,-0.00038108530438494236,alpha_dist,0.00030000000000000003,,1.5,73001,,,
case1,,8827761.102361774,trajectory_episode,2,,,8835711.273256872,8823894.288439862,0.00043763470787183407,alpha_dist,0.0001,,0.5,73002,,,
case1,,8825760.235412287,trajectory_episode,2,,,8835711.273256872,8823894.288439862,0.00021118242942951782,alpha_dist,0.00015000000000000001,,0.75,73002,,,
case1,,8823894.288439862,trajectory_episode,2,,,8835711.273256872,8823894.288439862,0.0,alpha_dist,0.0002,,1.0,73002,,,
case1,,8822153.051970374,trajectory_episode,2,,,8835711.273256872,8823894.288439862,-0.0001970680588849488,alpha_dist,0.00025,,1.25,73002,,,
case1,,8820527.138172742,trajectory_episode,2,,,8835711.273256872,8823894.288439862,-0.00038108423453263296,alpha_dist,0.00030000000000000003,,1.5,73002,,,
case1,,8827764.483859688,trajectory_episode,3,,,8835714.614213692,8823897.687561085,0.0004376325478396758,alpha_dist,0.0001,,0.5,73003,,,
case1,,8825763.626083616,trajectory_episode,3,,,8835714.614213692,8823897.687561085,0.00021118139324340017,alpha_dist,0.00015000000000000001,,0.75,73003,,,
case1,,8823897.687561085,trajectory_episode,3,,,8835714.614213692,8823897.687561085,0.0,alpha_dist,0.0002,,1.0,73003,,,
case1,,8822156.458877975,trajectory_episode,3,,,8835714.614213692,8823897.687561085,-0.00019706710313043333,alpha_dist,0.00025,,1.25,73003,,,
case1,,8820530.552258097,trajectory_episode,3,,,8835714.614213692,8823897.687561085,-0.0003810823968411366,alpha_dist,0.00030000000000000003,,1.5,73003,,,
case1,,8827761.997695435,trajectory_episode,4,,,8835712.13971369,8823895.177509721,0.00043763537387477285,alpha_dist,0.0001,,0.5,73004,,,
case1,,8825761.12747029,trajectory_episode,4,,,8835712.13971369,8823895.177509721,0.00021118274690979053,alpha_dist,0.00015000000000000001,,0.75,73004,,,
case1,,8823895.177509721,trajectory_episode,4,,,8835712.13971369,8823895.177509721,0.0,alpha_dist,0.0002,,1.0,73004,,,
case1,,8822153.9383152,trajectory_episode,4,,,8835712.13971369,8823895.177509721,-0.00019706834797111251,alpha_dist,0.00025,,1.25,73004,,,
case1,,8820528.022033246,trajectory_episode,4,,,8835712.13971369,8823895.177509721,-0.0003810847867418464,alpha_dist,0.00030000000000000003,,1.5,73004,,,
case1,,8827769.657488339,trajectory_episode,5,,,8835719.81260572,8823902.871233303,0.00043763115366321297,alpha_dist,0.0001,,0.5,73005,,,
case1,,8825768.805002278,trajectory_episode,5,,,8835719.81260572,8823902.871233303,0.0002111807310042281,alpha_dist,0.00015000000000000001,,0.75,73005,,,
case1,,8823902.871233303,trajectory_episode,5,,,8835719.81260572,8823902.871233303,0.0,alpha_dist,0.0002,,1.0,73005,,,
case1,,8822161.64682026,trajectory_episode,5,,,8835719.81260572,8823902.871233303,-0.00019706650391502036,alpha_dist,0.00025,,1.25,73005,,,
case1,,8820535.74403479,trajectory_episode,5,,,8835719.81260572,8823902.871233303,-0.0003810812553958302,alpha_dist,0.00030000000000000003,,1.5,73005,,,
case1,,8827761.984298503,trajectory_episode,6,,,8835712.140746294,8823895.17458419,0.0004376341887012848,alpha_dist,0.0001,,0.5,73006,,,
case1,,8825761.119592937,trajectory_episode,6,,,8835712.140746294,8823895.17458419,0.00021118218645245224,alpha_dist,0.00015000000000000001,,0.75,73006,,,
case1,,8823895.17458419,trajectory_episode,6,,,8835712.140746294,8823895.17458419,0.0,alpha_dist,0.0002,,1.0,73006,,,
case1,,8822153.9398282,trajectory_episode,6,,,8835712.140746294,8823895.17458419,-0.00019706784560798217,alpha_dist,0.00025,,1.25,73006,,,
case1,,8820528.027520927,trajectory_episode,6,,,8835712.140746294,8823895.17458419,-0.00038108383451459523,alpha_dist,0.00030000000000000003,,1.5,73006,,,
case1,,8827766.832170565,trajectory_episode,7,,,8835717.005295508,8823900.01890149,0.0004376343500767974,alpha_dist,0.0001,,0.5,73007,,,
case1,,8825765.965614887,trajectory_episode,7,,,8835717.005295508,8823900.01890149,0.00021118226311220268,alpha_dist,0.00015000000000000001,,0.75,73007,,,
case1,,8823900.01890149,trajectory_episode,7,,,8835717.005295508,8823900.01890149,0.0,alpha_dist,0.0002,,1.0,73007,,,
case1,,8822158.78257805,trajectory_episode,7,,,8835717.005295508,8823900.01890149,-0.0001970679145107152,alpha_dist,0.00025,,1.25,73007,,,
case1,,8820532.868832493,trajectory_episode,7,,,8835717.005295508,8823900.01890149,-0.00038108396488688366,alpha_dist,0.00030000000000000003,,1.5,73007,,,
case1,,8827763.268339336,trajectory_episode,8,,,8835713.383285915,8823896.483793803,0.0004376312786297443,alpha_dist,0.0001,,0.5,73008,,,
case1,,8825762.416773437,trajectory_episode,8,,,8835713.383285915,8823896.483793803,0.00021118079533495568,alpha_dist,0.00015000000000000001,,0.75,73008,,,
case1,,8823896.483793803,trajectory_episode,8,,,8835713.383285915,8823896.483793803,0.0,alpha_dist,0.0002,,1.0,73008,,,
case1,,8822155.26005332,trajectory_episode,8,,,8835713.383285915,8823896.483793803,-0.00019706657119237142,alpha_dist,0.00025,,1.25,73008,,,
case1,,8820529.35783624,trajectory_episode,8,,,8835713.383285915,8823896.483793803,-0.0003810813922428814,alpha_dist,0.00030000000000000003,,1.5,73008,,,
case1,,8827762.195497606,trajectory_episode,9,,,8835712.309330845,8823895.366703948,0.00043763633969549085,alpha_dist,0.0001,,0.5,73009,,,
case1,,8825761.320744948,trajectory_episode,9,,,8835712.309330845,8823895.366703948,0.0002111832046670349,alpha_dist,0.00015000000000000001,,0.75,73009,,,
case1,,8823895.366703948,trajectory_episode,9,,,8835712.309330845,8823895.366703948,0.0,alpha_dist,0.0002,,1.0,73009,,,
case1,,8822154.123833306,trajectory_episode,9,,,8835712.309330845,8823895.366703948,-0.00019706876024053592,alpha_dist,0.00025,,1.25,73009,,,
case1,,8820528.204240827,trajectory_episode,9,,,8835712.309330845,8823895.366703948,-0.00038108557015434575,alpha_dist,0.00030000000000000003,,1.5,73009,,,
case1,,8827759.93206331,trajectory_episode,10,,,8835710.059933597,8823893.133077359,0.00043763307755932733,alpha_dist,0.0001,,0.5,73010,,,
case1,,8825759.072979301,trajectory_episode,10,,,8835710.059933597,8823893.133077359,0.00021118165821258403,alpha_dist,0.00015000000000000001,,0.75,73010,,,
case1,,8823893.133077359,trajectory_episode,10,,,8835710.059933597,8823893.133077359,0.0,alpha_dist,0.0002,,1.0,73010,,,
case1,,8822151.902962172,trajectory_episode,10,,,8835710.059933597,8823893.133077359,-0.00019706736678495185,alpha_dist,0.00025,,1.25,73010,,,
case1,,8820525.994873734,trajectory_episode,10,,,8835710.059933597,8823893.133077359,-0.0003810829215518578,alpha_dist,0.00030000000000000003,,1.5,73010,,,
case1,,8827760.90253757,trajectory_episode,11,,,8835711.057295363,8823894.1170279,0.00043763150295385365,alpha_dist,0.0001,,0.5,73011,,,
case1,,8825760.050472837,trajectory_episode,11,,,8835711.057295363,8823894.1170279,0.00021118090358976255,alpha_dist,0.00015000000000000001,,0.75,73011,,,
case1,,8823894.1170279,trajectory_episode,11,,,8835711.057295363,8823894.1170279,0.0,alpha_dist,0.0002,,1.0,73011,,,
case1,,8822152.892854335,trajectory_episode,11,,,8835711.057295363,8823894.1170279,-0.00019706667208484492,alpha_dist,0.00025,,1.25,73011,,,
case1,,8820526.99023508,trajectory_episode,11,,,8835711.057295363,8823894.1170279,-0.00038108158709423186,alpha_dist,0.00030000000000000003,,1.5,73011,,,
case1,,8827764.642973673,trajectory_episode,12,,,8835714.72924116,8823897.805166269,0.00043763723998544867,alpha_dist,0.0001,,0.5,73012,,,
case1,,8825763.763550272,trajectory_episode,12,,,8835714.72924116,8823897.805166269,0.00021118363835675178,alpha_dist,0.00015000000000000001,,0.75,73012,,,
case1,,8823897.805166269,trajectory_episode,12,,,8835714.72924116,8823897.805166269,0.0,alpha_dist,0.0002,,1.0,73012,,,
case1,,8822156.558256371,trajectory_episode,12,,,8835714.72924116,8823897.805166269,-0.00019706916341869247,alpha_dist,0.00025,,1.25,73012,,,
case1,,8820530.63490621,trajectory_episode,12,,,8835714.72924116,8823897.805166269,-0.00038108634821757076,alpha_dist,0.00030000000000000003,,1.5,73012,,,
case1,,8827760.396791236,trajectory_episode,13,,,8835710.62161293,8823893.620923124,0.00043763043332969114,alpha_dist,0.0001,,0.5,73013,,,
case1,,8825759.54971355,trajectory_episode,13,,,8835710.62161293,8823893.620923124,0.00021118038721884514,alpha_dist,0.00015000000000000001,,0.75,73013,,,
case1,,8823893.620923124,trajectory_episode,13,,,8835710.62161293,8823893.620923124,0.0,alpha_dist,0.0002,,1.0,73013,,,
case1,,8822152.4010932,trajectory_episode,13,,,8835710.62161293,8823893.620923124,-0.00019706619020152456,alpha_dist,0.00025,,1.25,73013,,,
case1,,8820526.502527047,trajectory_episode,13,,,8835710.62161293,8823893.620923124,-0.0003810806555661788,alpha_dist,0.00030000000000000003,,1.5,73013,,,
case1,,8827769.673400922,trajectory_episode,14,,,8835719.847977031,8823902.858148267,0.0004376344337739019,alpha_dist,0.0001,,0.5,73014,,,
case1,,8825768.805845467,trajectory_episode,14,,,8835719.847977031,8823902.858148267,0.00021118230651315822,alpha_dist,0.00015000000000000001,,0.75,73014,,,
case1,,8823902.858148267,trajectory_episode,14,,,8835719.847977031,8823902.858148267,0.0,alpha_dist,0.0002,,1.0,73014,,,
case1,,8822161.6208566,trajectory_episode,14,,,8835719.847977031,8823902.858148267,-0.00019706796068984383,alpha_dist,0.00025,,1.25,73014,,,
case1,,8820535.70615803,trajectory_episode,14,,,8835719.847977031,8823902.858148267,-0.00038108405972238195,alpha_dist,0.00030000000000000003,,1.5,73014,,,
case1,,8827765.78183459,trajectory_episode,15,,,8835715.880402679,8823898.979498632,0.0004376331684151935,alpha_dist,0.0001,,0.5,73015,,,
case1,,8825764.920968223,trajectory_episode,15,,,8835715.880402679,8823898.979498632,0.00021118169651988318,alpha_dist,0.00015000000000000001,,0.75,73015,,,
case1,,8823898.979498632,trajectory_episode,15,,,8835715.880402679,8823898.979498632,0.0,alpha_dist,0.0002,,1.0,73015,,,
case1,,8822157.748006228,trajectory_episode,15,,,8835715.880402679,8823898.979498632,-0.00019706739283750484,alpha_dist,0.00025,,1.25,73015,,,
case1,,8820531.838709334,trajectory_episode,15,,,8835715.880402679,8823898.979498632,-0.000381082963154864,alpha_dist,0.00030000000000000003,,1.5,73015,,,
case1,,8827765.938848352,trajectory_episode,16,,,8835716.034264887,8823899.136020938,0.0004376332164160406,alpha_dist,0.0001,,0.5,73016,,,
case1,,8825765.07766676,trajectory_episode,16,,,8835716.034264887,8823899.136020938,0.0002111817127876721,alpha_dist,0.00015000000000000001,,0.75,73016,,,
case1,,8823899.136020938,trajectory_episode,16,,,8835716.034264887,8823899.136020938,0.0,alpha_dist,0.0002,,1.0,73016,,,
case1,,8822157.90447299,trajectory_episode,16,,,8835716.034264887,8823899.136020938,-0.0001970673956921523,alpha_dist,0.00025,,1.25,73016,,,
case1,,8820531.995224917,trajectory_episode,16,,,8835716.034264887,8823899.136020938,-0.0003810829572796209,alpha_dist,0.00030000000000000003,,1.5,73016,,,
case1,,8827764.583983818,trajectory_episode,17,,,8835714.716959974,8823897.781335652,0.00043763326137544325,alpha_dist,0.0001,,0.5,73017,,,
case1,,8825763.722933853,trajectory_episode,17,,,8835714.716959974,8823897.781335652,0.00021118173888293765,alpha_dist,0.00015000000000000001,,0.75,73017,,,
case1,,8823897.781335652,trajectory_episode,17,,,8835714.716959974,8823897.781335652,0.0,alpha_dist,0.0002,,1.0,73017,,,
case1,,8822156.549762927,trajectory_episode,17,,,8835714.716959974,8823897.781335652,-0.000197067427876844,alpha_dist,0.00025,,1.25,73017,,,
case1,,8820530.640428012,trajectory_episode,17,,,8835714.716959974,8823897.781335652,-0.00038108302672747906,alpha_dist,0.00030000000000000003,,1.5,73017,,,
case1,,8827755.431032414,trajectory_episode,18,,,8835705.705941023,8823888.651460668,0.00043763109596843726,alpha_dist,0.0001,,0.5,73018,,,
case1,,8825754.582009178,trajectory_episode,18,,,8835705.705941023,8823888.651460668,0.00021118070368221446,alpha_dist,0.00015000000000000001,,0.75,73018,,,
case1,,8823888.651460668,trajectory_episode,18,,,8835705.705941023,8823888.651460668,0.0,alpha_dist,0.0002,,1.0,73018,,,
case1,,8822147.430042127,trajectory_episode,18,,,8835705.705941023,8823888.651460668,-0.00019706647963276417,alpha_dist,0.00025,,1.25,73018,,,
case1,,8820521.530040562,trajectory_episode,18,,,8835705.705941023,8823888.651460668,-0.0003810812098281982,alpha_dist,0.00030000000000000003,,1.5,73018,,,
case1,,8827766.196233466,trajectory_episode,19,,,8835716.325160943,8823899.412058102,0.00043763109102462806,alpha_dist,0.0001,,0.5,73019,,,
case1,,8825765.344851777,trajectory_episode,19,,,8835716.325160943,8823899.412058102,0.00021118070397546432,alpha_dist,0.00015000000000000001,,0.75,73019,,,
case1,,8823899.412058102,trajectory_episode,19,,,8835716.325160943,8823899.412058102,0.0,alpha_dist,0.0002,,1.0,73019,,,
case1,,8822158.188503612,trajectory_episode,19,,,8835716.325160943,8823899.412058102,-0.00019706648452845363,alpha_dist,0.00025,,1.25,73019,,,
case1,,8820532.286471173,trajectory_episode,19,,,8835716.325160943,8823899.412058102,-0.0003810812234137075,alpha_dist,0.00030000000000000003,,1.5,73019,,,
case1,,8827763.119467817,trajectory_episode,20,,,8835713.326897154,8823896.308788406,0.000437634239177996,alpha_dist,0.0001,,0.5,73020,,,
case1,,8825762.254219115,trajectory_episode,20,,,8835713.326897154,8823896.308788406,0.00021118220585867684,alpha_dist,0.00015000000000000001,,0.75,73020,,,
case1,,8823896.308788406,trajectory_episode,20,,,8835713.326897154,8823896.308788406,0.0,alpha_dist,0.0002,,1.0,73020,,,
case1,,8822155.0737154,trajectory_episode,20,,,8835713.326897154,8823896.308788406,-0.0001970678550316041,alpha_dist,0.00025,,1.25,73020,,,
case1,,8820529.161181584,trajectory_episode,20,,,8835713.326897154,8823896.308788406,-0.0003810838448743759,alpha_dist,0.00030000000000000003,,1.5,73020,,,
case1,,8827769.305064164,trajectory_episode,21,,,8835719.45564949,8823902.47943165,0.00043763562796711637,alpha_dist,0.0001,,0.5,73021,,,
case1,,8825768.431999803,trajectory_episode,21,,,8835719.45564949,8823902.47943165,0.00021118286716989912,alpha_dist,0.00015000000000000001,,0.75,73021,,,
case1,,8823902.47943165,trajectory_episode,21,,,8835719.45564949,8823902.47943165,0.0,alpha_dist,0.0002,,1.0,73021,,,
case1,,8822161.237841874,trajectory_episode,21,,,8835719.45564949,8823902.47943165,-0.00019706845588697057,alpha_dist,0.00025,,1.25,73021,,,
case1,,8820535.319359371,trajectory_episode,21,,,8835719.45564949,8823902.47943165,-0.00038108499134445646,alpha_dist,0.00030000000000000003,,1.5,73021,,,
case1,,8827755.186093548,trajectory_episode,22,,,8835705.363241255,8823888.386512052,0.0004376333775889471,alpha_dist,0.0001,,0.5,73022,,,
case1,,8825754.326661527,trajectory_episode,22,,,8835705.363241255,8823888.386512052,0.0002111817984829674,alpha_dist,0.00015000000000000001,,0.75,73022,,,
case1,,8823888.386512052,trajectory_episode,22,,,8835705.363241255,8823888.386512052,0.0,alpha_dist,0.0002,,1.0,73022,,,
case1,,8822147.156236459,trajectory_episode,22,,,8835705.363241255,8823888.386512052,-0.0001970674896921814,alpha_dist,0.00025,,1.25,73022,,,
case1,,8820521.248062897,trajectory_episode,22,,,8835705.363241255,8823888.386512052,-0.0003810831519080449,alpha_dist,0.00030000000000000003,,1.5,73022,,,
case1,,8827765.536060395,trajectory_episode,23,,,8835715.627808744,8823898.735216131,0.00043763301210071327,alpha_dist,0.0001,,0.5,73023,,,
case1,,8825764.675955877,trajectory_episode,23,,,8835715.627808744,8823898.735216131,0.00021118161995532976,alpha_dist,0.00015000000000000001,,0.75,73023,,,
case1,,8823898.735216131,trajectory_episode,23,,,8835715.627808744,8823898.735216131,0.0,alpha_dist,0.0002,,1.0,73023,,,
case1,,8822157.50442457,trajectory_episode,23,,,8835715.627808744,8823898.735216131,-0.00019706731915195537,alpha_dist,0.00025,,1.25,73023,,,
case1,,8820531.595802201,trajectory_episode,23,,,8835715.627808744,8823898.735216131,-0.000381082818389157,alpha_dist,0.00030000000000000003,,1.5,73023,,,
case1,,8827759.61338734,trajectory_episode,24,,,8835709.796602571,8823892.807089888,0.0004376339180967612,alpha_dist,0.0001,,0.5,73024,,,
case1,,8825758.750478627,trajectory_episode,24,,,8835709.796602571,8823892.807089888,0.00021118205913203225,alpha_dist,0.00015000000000000001,,0.75,73024,,,
case1,,8823892.807089888,trajectory_episode,24,,,8835709.796602571,8823892.807089888,0.0,alpha_dist,0.0002,,1.0,73024,,,
case1,,8822151.573795227,trajectory_episode,24,,,8835709.796602571,8823892.807089888,-0.00019706773250177922,alpha_dist,0.00025,,1.25,73024,,,
case1,,8820525.662806844,trajectory_episode,24,,,8835709.796602571,8823892.807089888,-0.00038108362096024535,alpha_dist,0.00030000000000000003,,1.5,73024,,,
case1,,8827763.678115964,trajectory_episode,25,,,8835713.81361389,8823896.869046753,0.0004376340328330646,alpha_dist,0.0001,,0.5,73025,,,
case1,,8825762.81368554,trajectory_episode,25,,,8835713.81361389,8823896.869046753,0.00021118210459825302,alpha_dist,0.00015000000000000001,,0.75,73025,,,
case1,,8823896.869046753,trajectory_episode,25,,,8835713.81361389,8823896.869046753,0.0,alpha_dist,0.0002,,1.0,73025,,,
case1,,8822155.634738442,trajectory_episode,25,,,8835713.81361389,8823896.869046753,-0.00019706775763027282,alpha_dist,0.00025,,1.25,73025,,,
case1,,8820529.7229416,trajectory_episode,25,,,8835713.81361389,8823896.869046753,-0.00038108365392793225,alpha_dist,0.00030000000000000003,,1.5,73025,,,
case1,,8827761.793105114,trajectory_episode,26,,,8835711.929813273,8823894.971103633,0.0004376355897745013,alpha_dist,0.0001,,0.5,73026,,,
case1,,8825760.92195213,trajectory_episode,26,,,8835711.929813273,8823894.971103633,0.00021118285241978048,alpha_dist,0.00015000000000000001,,0.75,73026,,,
case1,,8823894.971103633,trajectory_episode,26,,,8835711.929813273,8823894.971103633,0.0,alpha_dist,0.0002,,1.0,73026,,,
case1,,8822153.731060753,trajectory_episode,26,,,8835711.929813273,8823894.971103633,-0.00019706844866738152,alpha_dist,0.00025,,1.25,73026,,,
case1,,8820527.813969452,trajectory_episode,26,,,8835711.929813273,8823894.971103633,-0.00038108498340914645,alpha_dist,0.00030000000000000003,,1.5,73026,,,
case1,,8827770.162031077,trajectory_episode,27,,,8835720.270788046,8823903.350118699,0.00043763403478972075,alpha_dist,0.0001,,0.5,73027,,,
case1,,8825769.296120472,trajectory_episode,27,,,8835720.270788046,8823903.350118699,0.00021118210452437502,alpha_dist,0.00015000000000000001,,0.75,73027,,,
case1,,8823903.350118699,trajectory_episode,27,,,8835720.270788046,8823903.350118699,0.0,alpha_dist,0.0002,,1.0,73027,,,
case1,,8822162.114554806,trajectory_episode,27,,,8835720.270788046,8823903.350118699,-0.00019706775571535525,alpha_dist,0.00025,,1.25,73027,,,
case1,,8820536.201600777,trajectory_episode,27,,,8835720.270788046,8823903.350118699,-0.00038108364850048107,alpha_dist,0.00030000000000000003,,1.5,73027,,,
case1,,8827762.160774391,trajectory_episode,28,,,8835712.323735373,8823895.3486464,0.0004376344528106954,alpha_dist,0.0001,,0.5,73028,,,
case1,,8825761.294724278,trajectory_episode,28,,,8835712.323735373,8823895.3486464,0.00021118230307987334,alpha_dist,0.00015000000000000001,,0.75,73028,,,
case1,,8823895.3486464,trajectory_episode,28,,,8835712.323735373,8823895.3486464,0.0,alpha_dist,0.0002,,1.0,73028,,,
case1,,8822154.113062145,trajectory_episode,28,,,8835712.323735373,8823895.3486464,-0.00019706793526740645,alpha_dist,0.00025,,1.25,73028,,,
case1,,8820528.200136652,trajectory_episode,28,,,8835712.323735373,8823895.3486464,-0.00038108399033127293,alpha_dist,0.00030000000000000003,,1.5,73028,,,
case1,,8827762.031224215,trajectory_episode,29,,,8835712.216649653,8823895.244043097,0.0004376316347008324,alpha_dist,0.0001,,0.5,73029,,,
case1,,8825761.178231811,trajectory_episode,29,,,8835712.216649653,8823895.244043097,0.00021118096005867654,alpha_dist,0.00015000000000000001,,0.75,73029,,,
case1,,8823895.244043097,trajectory_episode,29,,,8835712.216649653,8823895.244043097,0.0,alpha_dist,0.0002,,1.0,73029,,,
case1,,8822154.019283913,trajectory_episode,29,,,8835712.216649653,8823895.244043097,-0.0001970667125059519,alpha_dist,0.00025,,1.25,73029,,,
case1,,8820528.116214592,trajectory_episode,29,,,8835712.216649653,8823895.244043097,-0.00038108165430739274,alpha_dist,0.00030000000000000003,,1.5,73029,,,
case1,,8827770.337294672,trajectory_episode,30,,,8835720.51972035,8823903.532098379,0.00043763326235392097,alpha_dist,0.0001,,0.5,73030,,,
case1,,8825769.474903254,trajectory_episode,30,,,8835720.51972035,8823903.532098379,0.00021118173675935931,alpha_dist,0.00015000000000000001,,0.75,73030,,,
case1,,8823903.532098379,trajectory_episode,30,,,8835720.51972035,8823903.532098379,0.0,alpha_dist,0.0002,,1.0,73030,,,
case1,,8822162.299439566,trajectory_episode,30,,,8835720.51972035,8823903.532098379,-0.0001970674213751485,alpha_dist,0.00025,,1.25,73030,,,
case1,,8820536.389126364,trajectory_episode,30,,,8835720.51972035,8823903.532098379,-0.0003810830100951874,alpha_dist,0.00030000000000000003,,1.5,73030,,,
case1,,8827761.709268257,trajectory_episode,31,,,8835711.91962849,8823894.925786616,0.00043763123071619177,alpha_dist,0.0001,,0.5,73031,,,
case1,,8825760.858235037,trajectory_episode,31,,,8835711.91962849,8823894.925786616,0.00021118077019640196,alpha_dist,0.00015000000000000001,,0.75,73031,,,
case1,,8823894.925786616,trajectory_episode,31,,,8835711.91962849,8823894.925786616,0.0,alpha_dist,0.0002,,1.0,73031,,,
case1,,8822153.702572554,trajectory_episode,31,,,8835711.91962849,8823894.925786616,-0.00019706654425817257,alpha_dist,0.00025,,1.25,73031,,,
case1,,8820527.800874367,trajectory_episode,31,,,8835711.91962849,8823894.925786616,-0.0003810813370645181,alpha_dist,0.00030000000000000003,,1.5,73031,,,
case1,,8827764.087911345,trajectory_episode,32,,,8835714.287042595,8823897.263731247,0.00043763571958962884,alpha_dist,0.0001,,0.5,73032,,,
case1,,8825763.215644922,trajectory_episode,32,,,8835714.287042595,8823897.263731247,0.0002111829166332003,alpha_dist,0.00015000000000000001,,0.75,73032,,,
case1,,8823897.263731247,trajectory_episode,32,,,8835714.287042595,8823897.263731247,0.0,alpha_dist,0.0002,,1.0,73032,,,
case1,,8822156.022670394,trajectory_episode,32,,,8835714.287042595,8823897.263731247,-0.00019706851130377778,alpha_dist,0.00025,,1.25,73032,,,
case1,,8820530.10460715,trajectory_episode,32,,,8835714.287042595,8823897.263731247,-0.00038108510695448013,alpha_dist,0.00030000000000000003,,1.5,73032,,,
case1,,8827764.632656768,trajectory_episode,33,,,8835714.7669299,8823897.815305714,0.000437634922929725,alpha_dist,0.0001,,0.5,73033,,,
case1,,8825763.763956722,trajectory_episode,33,,,8835714.7669299,8823897.815305714,0.000211182535904411,alpha_dist,0.00015000000000000001,,0.75,73033,,,
case1,,8823897.815305714,trajectory_episode,33,,,8835714.7669299,8823897.815305714,0.0,alpha_dist,0.0002,,1.0,73033,,,
case1,,8822156.577229882,trajectory_episode,33,,,8835714.7669299,8823897.815305714,-0.00019706816276471133,alpha_dist,0.00025,,1.25,73033,,,
case1,,8820530.661897821,trajectory_episode,33,,,8835714.7669299,8823897.815305714,-0.00038108443931380773,alpha_dist,0.00030000000000000003,,1.5,73033,,,
case1,,8827761.016996969,trajectory_episode,34,,,8835711.138767151,8823894.247051856,0.00043762973736741233,alpha_dist,0.0001,,0.5,73034,,,
case1,,8825760.173005426,trajectory_episode,34,,,8835711.138767151,8823894.247051856,0.00021118005379147179,alpha_dist,0.00015000000000000001,,0.75,73034,,,
case1,,8823894.247051856,trajectory_episode,34,,,8835711.138767151,8823894.247051856,0.0,alpha_dist,0.0002,,1.0,73034,,,
case1,,8822153.029830096,trajectory_episode,34,,,8835711.138767151,8823894.247051856,-0.00019706588348272013,alpha_dist,0.00025,,1.25,73034,,,
case1,,8820527.13366233,trajectory_episode,34,,,8835711.138767151,8823894.247051856,-0.00038108006663461124,alpha_dist,0.00030000000000000003,,1.5,73034,,,
case1,,8827767.659372497,trajectory_episode,35,,,8835717.771525258,8823900.834499242,0.00043763562545163305,alpha_dist,0.0001,,0.5,73035,,,
case1,,8825766.786748918,trajectory_episode,35,,,8835717.771525258,8823900.834499242,0.00021118287137796173,alpha_dist,0.00015000000000000001,,0.75,73035,,,
case1,,8823900.834499242,trajectory_episode,35,,,8835717.771525258,8823900.834499242,0.0,alpha_dist,0.0002,,1.0,73035,,,
case1,,8822159.593119338,trajectory_episode,35,,,8835717.771525258,8823900.834499242,-0.00019706846969638428,alpha_dist,0.00025,,1.25,73035,,,
case1,,8820533.674750382,trajectory_episode,35,,,8835717.771525258,8823900.834499242,-0.00038108502737728916,alpha_dist,0.00030000000000000003,,1.5,73035,,,
case1,,8827755.416950857,trajectory_episode,36,,,8835705.61175949,8823888.622147754,0.00043763282447494554,alpha_dist,0.0001,,0.5,73036,,,
case1,,8825754.560042996,trajectory_episode,36,,,8835705.61175949,8823888.622147754,0.00021118153741549943,alpha_dist,0.00015000000000000001,,0.75,73036,,,
case1,,8823888.622147754,trajectory_episode,36,,,8835705.61175949,8823888.622147754,0.0,alpha_dist,0.0002,,1.0,73036,,,
case1,,8822147.393884651,trajectory_episode,36,,,8835705.61175949,8823888.622147754,-0.00019706725638131962,alpha_dist,0.00025,,1.25,73036,,,
case1,,8820521.487507232,trajectory_episode,36,,,8835705.61175949,8823888.622147754,-0.00038108271013929696,alpha_dist,0.00030000000000000003,,1.5,73036,,,
case1,,8827765.379578145,trajectory_episode,37,,,8835715.541460242,8823898.5979533,0.0004376308411808888,alpha_dist,0.0001,,0.5,73037,,,
case1,,8825764.529534679,trajectory_episode,37,,,8835715.541460242,8823898.5979533,0.00021118058550237214,alpha_dist,0.00015000000000000001,,0.75,73037,,,
case1,,8823898.5979533,trajectory_episode,37,,,8835715.541460242,8823898.5979533,0.0,alpha_dist,0.0002,,1.0,73037,,,
case1,,8822157.3754973,trajectory_episode,37,,,8835715.541460242,8823898.5979533,-0.00019706637768388146,alpha_dist,0.00025,,1.25,73037,,,
case1,,8820531.474460503,trajectory_episode,37,,,8835715.541460242,8823898.5979533,-0.0003810810202069233,alpha_dist,0.00030000000000000003,,1.5,73037,,,
case1,,8827757.77402053,trajectory_episode,38,,,8835708.010375295,8823890.964579742,0.00043763436232244164,alpha_dist,0.0001,,0.5,73038,,,
case1,,8825756.909417024,trajectory_episode,38,,,8835708.010375295,8823890.964579742,0.0002111822657664108,alpha_dist,0.00015000000000000001,,0.75,73038,,,
case1,,8823890.964579742,trajectory_episode,38,,,8835708.010375295,8823890.964579742,0.0,alpha_dist,0.0002,,1.0,73038,,,
case1,,8822149.730053639,trajectory_episode,38,,,8835708.010375295,8823890.964579742,-0.00019706791171219382,alpha_dist,0.00025,,1.25,73038,,,
case1,,8820523.818024974,trajectory_episode,38,,,8835708.010375295,8823890.964579742,-0.0003810839551074149,alpha_dist,0.00030000000000000003,,1.5,73038,,,
case1,,8827763.42935134,trajectory_episode,39,,,8835713.556783093,8823896.620053781,0.0004376340713975961,alpha_dist,0.0001,,0.5,73039,,,
case1,,8825762.56481175,trajectory_episode,39,,,8835713.556783093,8823896.620053781,0.00021118212422535125,alpha_dist,0.00015000000000000001,,0.75,73039,,,
case1,,8823896.620053781,trajectory_episode,39,,,8835713.556783093,8823896.620053781,0.0,alpha_dist,0.0002,,1.0,73039,,,
case1,,8822155.385620803,trajectory_episode,39,,,8835713.556783093,8823896.620053781,-0.00019706777746793597,alpha_dist,0.00025,,1.25,73039,,,
case1,,8820529.473697556,trajectory_episode,39,,,8835713.556783093,8823896.620053781,-0.00038108369342055996,alpha_dist,0.00030000000000000003,,1.5,73039,,,
case1,,8827774.406265525,trajectory_episode,40,,,8835724.569533432,8823907.586242631,0.00043763473979568105,alpha_dist,0.0001,,0.5,73040,,,
case1,,8825773.53616284,trajectory_episode,40,,,8835724.569533432,8823907.586242631,0.0002111824452567398,alpha_dist,0.00015000000000000001,,0.75,73040,,,
case1,,8823907.586242631,trajectory_episode,40,,,8835724.569533432,8823907.586242631,0.0,alpha_dist,0.0002,,1.0,73040,,,
case1,,8822166.347016273,trajectory_episode,40,,,8835724.569533432,8823907.586242631,-0.0001970680743446892,alpha_dist,0.00025,,1.25,73040,,,
case1,,8820540.430639192,trajectory_episode,40,,,8835724.569533432,8823907.586242631,-0.0003810842650130749,alpha_dist,0.00030000000000000003,,1.5,73040,,,
case1,,8827761.938834298,trajectory_episode,41,,,8835712.058935072,8823895.137714319,0.0004376332200718545,alpha_dist,0.0001,,0.5,73041,,,
case1,,8825761.07849769,trajectory_episode,41,,,8835712.058935072,8823895.137714319,0.00021118171019203396,alpha_dist,0.00015000000000000001,,0.75,73041,,,
case1,,8823895.137714319,trajectory_episode,41,,,8835712.058935072,8823895.137714319,0.0,alpha_dist,0.0002,,1.0,73041,,,
case1,,8822153.907036837,trajectory_episode,41,,,8835712.058935072,8823895.137714319,-0.0001970673858391446,alpha_dist,0.00025,,1.25,73041,,,
case1,,8820527.998659315,trajectory_episode,41,,,8835712.058935072,8823895.137714319,-0.0003810829316918878,alpha_dist,0.00030000000000000003,,1.5,73041,,,
case1,,8827760.067478336,trajectory_episode,42,,,8835710.256736632,8823893.265468093,0.0004376334100923673,alpha_dist,0.0001,,0.5,73042,,,
case1,,8825759.206761936,trajectory_episode,42,,,8835710.256736632,8823893.265468093,0.00021118181104008433,alpha_dist,0.00015000000000000001,,0.75,73042,,,
case1,,8823893.265468093,trajectory_episode,42,,,8835710.256736632,8823893.265468093,0.0,alpha_dist,0.0002,,1.0,73042,,,
case1,,8822152.034171762,trajectory_episode,42,,,8835710.256736632,8823893.265468093,-0.00019706749607402744,alpha_dist,0.00025,,1.25,73042,,,
case1,,8820526.12508655,trajectory_episode,42,,,8835710.256736632,8823893.265468093,-0.00038108315955423603,alpha_dist,0.00030000000000000003,,1.5,73042,,,
case1,,8827757.209832968,trajectory_episode,43,,,8835707.45658569,8823890.407153653,0.00043763362450768893,alpha_dist,0.0001,,0.5,73043,,,
case1,,8825756.348742208,trajectory_episode,43,,,8835707.45658569,8823890.407153653,0.00021118191132094949,alpha_dist,0.00015000000000000001,,0.75,73043,,,
case1,,8823890.407153653,trajectory_episode,43,,,8835707.45658569,8823890.407153653,0.0,alpha_dist,0.0002,,1.0,73043,,,
case1,,8822149.17563186,trajectory_episode,43,,,8835707.45658569,8823890.407153653,-0.0001970675840444314,alpha_dist,0.00025,,1.25,73043,,,
case1,,8820523.266381217,trajectory_episode,43,,,8835707.45658569,8823890.407153653,-0.00038108332456459015,alpha_dist,0.00030000000000000003,,1.5,73043,,,
case1,,8827756.764393574,trajectory_episode,44,,,8835706.866765453,8823889.947694082,0.00043763524048499424,alpha_dist,0.0001,,0.5,73044,,,
case1,,8825755.895891586,trajectory_episode,44,,,8835706.866765453,8823889.947694082,0.00021118267340025347,alpha_dist,0.00015000000000000001,,0.75,73044,,,
case1,,8823889.947694082,trajectory_episode,44,,,8835706.866765453,8823889.947694082,0.0,alpha_dist,0.0002,,1.0,73044,,,
case1,,8822148.71028587,trajectory_episode,44,,,8835706.866765453,8823889.947694082,-0.0001970682634075299,alpha_dist,0.00025,,1.25,73044,,,
case1,,8820522.795799246,trajectory_episode,44,,,8835706.866765453,8823889.947694082,-0.0003810846088048631,alpha_dist,0.00030000000000000003,,1.5,73044,,,
case1,,8827764.5914204,trajectory_episode,45,,,8835714.770162221,8823897.777165333,0.00043763457237507513,alpha_dist,0.0001,,0.5,73045,,,
case1,,8825763.72430633,trajectory_episode,45,,,8835714.770162221,8823897.777165333,0.00021118236492858377,alpha_dist,0.00015000000000000001,,0.75,73045,,,
case1,,8823897.777165333,trajectory_episode,45,,,8835714.770162221,8823897.777165333,0.0,alpha_dist,0.0002,,1.0,73045,,,
case1,,8822156.540524762,trajectory_episode,45,,,8835714.770162221,8823897.777165333,-0.00019706800025400963,alpha_dist,0.00025,,1.25,73045,,,
case1,,8820530.626554715,trajectory_episode,45,,,8835714.770162221,8823897.777165333,-0.0003810841225872294,alpha_dist,0.00030000000000000003,,1.5,73045,,,
case1,,8827757.398891646,trajectory_episode,46,,,8835707.545195283,8823890.590486465,0.000437634268155933,alpha_dist,0.0001,,0.5,73046,,,
case1,,8825756.534873493,trajectory_episode,46,,,8835707.545195283,8823890.590486465,0.00021118222592628302,alpha_dist,0.00015000000000000001,,0.75,73046,,,
case1,,8823890.590486465,trajectory_episode,46,,,8835707.545195283,8823890.590486465,0.0,alpha_dist,0.0002,,1.0,73046,,,
case1,,8822149.356295252,trajectory_episode,46,,,8835707.545195283,8823890.590486465,-0.00019706788418542197,alpha_dist,0.00025,,1.25,73046,,,
case1,,8820523.444503402,trajectory_episode,46,,,8835707.545195283,8823890.590486465,-0.00038108391046664787,alpha_dist,0.00030000000000000003,,1.5,73046,,,
case1,,8827760.101579921,trajectory_episode,47,,,8835710.293339709,8823893.326893779,0.0004376303158171163,alpha_dist,0.0001,,0.5,73047,,,
case1,,8825759.255073035,trajectory_episode,47,,,8835710.293339709,8823893.326893779,0.00021118032589447172,alpha_dist,0.00015000000000000001,,0.75,73047,,,
case1,,8823893.326893779,trajectory_episode,47,,,8835710.293339709,8823893.326893779,0.0,alpha_dist,0.0002,,1.0,73047,,,
case1,,8822152.107704882,trajectory_episode,47,,,8835710.293339709,8823893.326893779,-0.0001970661249735018,alpha_dist,0.00025,,1.25,73047,,,
case1,,8820526.209800554,trajectory_episode,47,,,8835710.293339709,8823893.326893779,-0.00038108052227133176,alpha_dist,0.00030000000000000003,,1.5,73047,,,
case1,,8827764.567500291,trajectory_episode,48,,,8835714.731398286,8823897.752959577,0.0004376346066236214,alpha_dist,0.0001,,0.5,73048,,,
case1,,8825763.700276371,trajectory_episode,48,,,8835714.731398286,8823897.752959577,0.0002111823857512013,alpha_dist,0.00015000000000000001,,0.75,73048,,,
case1,,8823897.752959577,trajectory_episode,48,,,8835714.731398286,8823897.752959577,0.0,alpha_dist,0.0002,,1.0,73048,,,
case1,,8822156.516088787,trajectory_episode,48,,,8835714.731398286,8823897.752959577,-0.00019706802717411214,alpha_dist,0.00025,,1.25,73048,,,
case1,,8820530.6018442,trajectory_episode,48,,,8835714.731398286,8823897.752959577,-0.00038108418138615454,alpha_dist,0.00030000000000000003,,1.5,73048,,,
case1,,8827765.360037638,trajectory_episode,49,,,8835715.538541766,8823898.568403736,0.0004376319741208291,alpha_dist,0.0001,,0.5,73049,,,
case1,,8825764.504757807,trajectory_episode,49,,,8835715.538541766,8823898.568403736,0.0002111811257313127,alpha_dist,0.00015000000000000001,,0.75,73049,,,
case1,,8823898.568403736,trajectory_episode,49,,,8835715.538541766,8823898.568403736,0.0,alpha_dist,0.0002,,1.0,73049,,,
case1,,8822157.341596212,trajectory_episode,49,,,8835715.538541766,8823898.568403736,-0.0001970668702413759,alpha_dist,0.00025,,1.25,73049,,,
case1,,8820531.43659039,trajectory_episode,49,,,8835715.538541766,8823898.568403736,-0.0003810819620276259,alpha_dist,0.00030000000000000003,,1.5,73049,,,
case1,,8827764.467481049,trajectory_episode,50,,,8835714.597898934,8823897.651211206,0.0004376348089335533,alpha_dist,0.0001,,0.5,73050,,,
case1,,8825763.599263834,trajectory_episode,50,,,8835714.597898934,8823897.651211206,0.00021118247222150815,alpha_dist,0.00015000000000000001,,0.75,73050,,,
case1,,8823897.651211206,trajectory_episode,50,,,8835714.597898934,8823897.651211206,0.0,alpha_dist,0.0002,,1.0,73050,,,
case1,,8822156.41382637,trajectory_episode,50,,,8835714.597898934,8823897.651211206,-0.0001970680883297556,alpha_dist,0.00025,,1.25,73050,,,
case1,,8820530.499258133,trajectory_episode,50,,,8835714.597898934,8823897.651211206,-0.0003810842819520112,alpha_dist,0.00030000000000000003,,1.5,73050,,,
case2,,8829660.538896773,trajectory_episode,1,,,8836520.995246984,8825735.792798968,0.0004441505995307467,alpha_dist,0.0001,,0.5,83001,,,
case2,,8827631.407628343,trajectory_episode,1,,,8836520.995246984,8825735.792798968,0.00021452049176300228,alpha_dist,0.00015000000000000001,,0.75,83001,,,
case2,,8825735.792798968,trajectory_episode,1,,,8836520.995246984,8825735.792798968,0.0,alpha_dist,0.0002,,1.0,83001,,,
case2,,8823963.840401044,trajectory_episode,1,,,8836520.995246984,8825735.792798968,-0.00020052602136938507,alpha_dist,0.00025,,1.25,83001,,,
case2,,8822306.47131923,trajectory_episode,1,,,8836520.995246984,8825735.792798968,-0.00038808502594882456,alpha_dist,0.00030000000000000003,,1.5,83001,,,
case2,,8829657.210132295,trajectory_episode,2,,,8836517.675292432,8825732.476310214,0.0004441493771981115,alpha_dist,0.0001,,0.5,83002,,,
case2,,8827628.085234614,trajectory_episode,2,,,8836517.675292432,8825732.476310214,0.00021451990411339598,alpha_dist,0.00015000000000000001,,0.75,83002,,,
case2,,8825732.476310214,trajectory_episode,2,,,8836517.675292432,8825732.476310214,0.0,alpha_dist,0.0002,,1.0,83002,,,
case2,,8823960.529390173,trajectory_episode,2,,,8836517.675292432,8825732.476310214,-0.0002005254767944947,alpha_dist,0.00025,,1.25,83002,,,
case2,,8822303.165394362,trajectory_episode,2,,,8836517.675292432,8825732.476310214,-0.000388083976275018,alpha_dist,0.00030000000000000003,,1.5,83002,,,
case2,,8829658.451059531,trajectory_episode,3,,,8836518.88165831,8825733.67655922,0.00044415391998525765,alpha_dist,0.0001,,0.5,83003,,,
case2,,8827629.305088338,trajectory_episode,3,,,8836518.88165831,8825733.67655922,0.00021452209342901667,alpha_dist,0.00015000000000000001,,0.75,83003,,,
case2,,8825733.67655922,trajectory_episode,3,,,8836518.88165831,8825733.67655922,0.0,alpha_dist,0.0002,,1.0,83003,,,
case2,,8823961.711391686,trajectory_episode,3,,,8836518.88165831,8825733.67655922,-0.00020052751442783875,alpha_dist,0.00025,,1.25,83003,,,
case2,,8822304.330402993,trajectory_episode,3,,,8836518.88165831,8825733.67655922,-0.0003880879113317643,alpha_dist,0.00030000000000000003,,1.5,83003,,,
case2,,8829654.302121582,trajectory_episode,4,,,8836514.786850167,8825729.553726153,0.0004441511715986234,alpha_dist,0.0001,,0.5,83004,,,
case2,,8827625.16964969,trajectory_episode,4,,,8836514.786850167,8825729.553726153,0.0002145207663045903,alpha_dist,0.00015000000000000001,,0.75,83004,,,
case2,,8825729.553726153,trajectory_episode,4,,,8836514.786850167,8825729.553726153,0.0,alpha_dist,0.0002,,1.0,83004,,,
case2,,8823957.600335352,trajectory_episode,4,,,8836514.786850167,8825729.553726153,-0.00020052627461657308,alpha_dist,0.00025,,1.25,83004,,,
case2,,8822300.230354408,trajectory_episode,4,,,8836514.786850167,8825729.553726153,-0.0003880855127237387,alpha_dist,0.00030000000000000003,,1.5,83004,,,
case2,,8829650.113297498,trajectory_episode,5,,,8836510.649223404,8825725.384703899,0.0004441491386584789,alpha_dist,0.0001,,0.5,83005,,,
case2,,8827620.991020435,trajectory_episode,5,,,8836510.649223404,8825725.384703899,0.00021451977955837807,alpha_dist,0.00015000000000000001,,0.75,83005,,,
case2,,8825725.384703899,trajectory_episode,5,,,8836510.649223404,8825725.384703899,0.0,alpha_dist,0.0002,,1.0,83005,,,
case2,,8823953.440365463,trajectory_episode,5,,,8836510.649223404,8825725.384703899,-0.00020052534408375713,alpha_dist,0.00025,,1.25,83005,,,
case2,,8822296.078913538,trajectory_episode,5,,,8836510.649223404,8825725.384703899,-0.0003880837048119668,alpha_dist,0.00030000000000000003,,1.5,83005,,,
case2,,8829656.271249272,trajectory_episode,6,,,8836516.712634543,8825731.499507848,0.00044415371679341437,alpha_dist,0.0001,,0.5,83006,,,
case2,,8827627.126692567,trajectory_episode,6,,,8836516.712634543,8825731.499507848,0.0002145219939445664,alpha_dist,0.00015000000000000001,,0.75,83006,,,
case2,,8825731.499507848,trajectory_episode,6,,,8836516.712634543,8825731.499507848,0.0,alpha_dist,0.0002,,1.0,83006,,,
case2,,8823959.53561855,trajectory_episode,6,,,8836516.712634543,8825731.499507848,-0.00020052741899592496,alpha_dist,0.00025,,1.25,83006,,,
case2,,8822302.155845804,trajectory_episode,6,,,8836516.712634543,8825731.499507848,-0.0003880877243338116,alpha_dist,0.00030000000000000003,,1.5,83006,,,
case2,,8829652.909220299,trajectory_episode,7,,,8836513.427130902,8825728.158459714,0.00044415150759968727,alpha_dist,0.0001,,0.5,83007,,,
case2,,8827623.775398405,trajectory_episode,7,,,8836513.427130902,8825728.158459714,0.00021452091419580039,alpha_dist,0.00015000000000000001,,0.75,83007,,,
case2,,8825728.158459714,trajectory_episode,7,,,8836513.427130902,8825728.158459714,0.0,alpha_dist,0.0002,,1.0,83007,,,
case2,,8823956.204351315,trajectory_episode,7,,,8836513.427130902,8825728.158459714,-0.00020052638668074062,alpha_dist,0.00025,,1.25,83007,,,
case2,,8822298.833916673,trajectory_episode,7,,,8836513.427130902,8825728.158459714,-0.0003880857049920991,alpha_dist,0.00030000000000000003,,1.5,83007,,,
case2,,8829652.74188055,trajectory_episode,8,,,8836513.248768073,8825727.982533334,0.0004441524882863112,alpha_dist,0.0001,,0.5,83008,,,
case2,,8827623.60369402,trajectory_episode,8,,,8836513.248768073,8825727.982533334,0.00021452139631548573,alpha_dist,0.00015000000000000001,,0.75,83008,,,
case2,,8825727.982533334,trajectory_episode,8,,,8836513.248768073,8825727.982533334,0.0,alpha_dist,0.0002,,1.0,83008,,,
case2,,8823956.024340233,trajectory_episode,8,,,8836513.248768073,8825727.982533334,-0.0002005268529810696,alpha_dist,0.00025,,1.25,83008,,,
case2,,8822298.64995312,trajectory_episode,8,,,8836513.248768073,8825727.982533334,-0.00038808662236685504,alpha_dist,0.00030000000000000003,,1.5,83008,,,
case2,,8829651.56577667,trajectory_episode,9,,,8836512.02890709,8825726.792298436,0.0004441541487631073,alpha_dist,0.0001,,0.5,83009,,,
case2,,8827622.420292387,trajectory_episode,9,,,8836512.02890709,8825726.792298436,0.00021452219922854263,alpha_dist,0.00015000000000000001,,0.75,83009,,,
case2,,8825726.792298436,trajectory_episode,9,,,8836512.02890709,8825726.792298436,0.0,alpha_dist,0.0002,,1.0,83009,,,
case2,,8823954.82770615,trajectory_episode,9,,,8836512.02890709,8825726.792298436,-0.00020052760483874006,alpha_dist,0.00025,,1.25,83009,,,
case2,,8822297.447325485,trajectory_episode,9,,,8836512.02890709,8825726.792298436,-0.0003880880783880382,alpha_dist,0.00030000000000000003,,1.5,83009,,,
case2,,8829652.607980378,trajectory_episode,10,,,8836513.092965811,8825727.855218222,0.00044415175090725033,alpha_dist,0.0001,,0.5,83010,,,
case2,,8827623.473231703,trajectory_episode,10,,,8836513.092965811,8825727.855218222,0.0002145210439386617,alpha_dist,0.00015000000000000001,,0.75,83010,,,
case2,,8825727.855218222,trajectory_episode,10,,,8836513.092965811,8825727.855218222,0.0,alpha_dist,0.0002,,1.0,83010,,,
case2,,8823955.899908993,trajectory_episode,10,,,8836513.092965811,8825727.855218222,-0.00020052653015809063,alpha_dist,0.00025,,1.25,83010,,,
case2,,8822298.528167084,trajectory_episode,10,,,8836513.092965811,8825727.855218222,-0.00038808600350158205,alpha_dist,0.00030000000000000003,,1.5,83010,,,
case2,,8829658.885267884,trajectory_episode,11,,,8836519.380547496,8825734.142616613,0.0004441502906574887,alpha_dist,0.0001,,0.5,83011,,,
case2,,8827629.755810227,trajectory_episode,11,,,8836519.380547496,8825734.142616613,0.00021452034584877009,alpha_dist,0.00015000000000000001,,0.75,83011,,,
case2,,8825734.142616613,trajectory_episode,11,,,8836519.380547496,8825734.142616613,0.0,alpha_dist,0.0002,,1.0,83011,,,
case2,,8823962.191700216,trajectory_episode,11,,,8836519.380547496,8825734.142616613,-0.00020052589035193935,alpha_dist,0.00025,,1.25,83011,,,
case2,,8822304.823964149,trajectory_episode,11,,,8836519.380547496,8825734.142616613,-0.000388084776910386,alpha_dist,0.00030000000000000003,,1.5,83011,,,
case2,,8829652.345259946,trajectory_episode,12,,,8836512.805347905,8825727.585663727,0.0004441525387530702,alpha_dist,0.0001,,0.5,83012,,,
case2,,8827623.206980327,trajectory_episode,12,,,8836512.805347905,8825727.585663727,0.0002145214247246211,alpha_dist,0.00015000000000000001,,0.75,83012,,,
case2,,8825727.585663727,trajectory_episode,12,,,8836512.805347905,8825727.585663727,0.0,alpha_dist,0.0002,,1.0,83012,,,
case2,,8823955.627264747,trajectory_episode,12,,,8836512.805347905,8825727.585663727,-0.00020052688634217318,alpha_dist,0.00025,,1.25,83012,,,
case2,,8822298.25263282,trajectory_episode,12,,,8836512.805347905,8825727.585663727,-0.0003880866928447143,alpha_dist,0.00030000000000000003,,1.5,83012,,,
case2,,8829651.330434527,trajectory_episode,13,,,8836511.862900693,8825726.594317457,0.0004441499290628687,alpha_dist,0.0001,,0.5,83013,,,
case2,,8827622.204274401,trajectory_episode,13,,,8836511.862900693,8825726.594317457,0.00021452016206789816,alpha_dist,0.00015000000000000001,,0.75,83013,,,
case2,,8825726.594317457,trajectory_episode,13,,,8836511.862900693,8825726.594317457,0.0,alpha_dist,0.0002,,1.0,83013,,,
case2,,8823954.646567766,trajectory_episode,13,,,8836511.862900693,8825726.594317457,-0.00020052570258298963,alpha_dist,0.00025,,1.25,83013,,,
case2,,8822297.281920921,trajectory_episode,13,,,8836511.862900693,8825726.594317457,-0.0003880843991092585,alpha_dist,0.00030000000000000003,,1.5,83013,,,
case2,,8829655.41409805,trajectory_episode,14,,,8836515.866752058,8825730.66657835,0.0004441510182160102,alpha_dist,0.0001,,0.5,83014,,,
case2,,8827626.281999886,trajectory_episode,14,,,8836515.866752058,8825730.66657835,0.00021452068327832902,alpha_dist,0.00015000000000000001,,0.75,83014,,,
case2,,8825730.66657835,trajectory_episode,14,,,8836515.866752058,8825730.66657835,0.0,alpha_dist,0.0002,,1.0,83014,,,
case2,,8823958.713798475,trajectory_episode,14,,,8836515.866752058,8825730.66657835,-0.00020052618097401388,alpha_dist,0.00025,,1.25,83014,,,
case2,,8822301.344520116,trajectory_episode,14,,,8836515.866752058,8825730.66657835,-0.0003880853166503556,alpha_dist,0.00030000000000000003,,1.5,83014,,,
case2,,8829654.966413144,trajectory_episode,15,,,8836515.419567311,8825730.210792692,0.0004441519574289187,alpha_dist,0.0001,,0.5,83015,,,
case2,,8827625.830135528,trajectory_episode,15,,,8836515.419567311,8825730.210792692,0.00021452113789537653,alpha_dist,0.00015000000000000001,,0.75,83015,,,
case2,,8825730.210792692,trajectory_episode,15,,,8836515.419567311,8825730.210792692,0.0,alpha_dist,0.0002,,1.0,83015,,,
case2,,8823958.254331838,trajectory_episode,15,,,8836515.419567311,8825730.210792692,-0.00020052660768635927,alpha_dist,0.00025,,1.25,83015,,,
case2,,8822300.88159638,trajectory_episode,15,,,8836515.419567311,8825730.210792692,-0.0003880861440831904,alpha_dist,0.00030000000000000003,,1.5,83015,,,
case2,,8829648.319089917,trajectory_episode,16,,,8836508.818144375,8825723.547728973,0.0004441540705403992,alpha_dist,0.0001,,0.5,83016,,,
case2,,8827619.174700228,trajectory_episode,16,,,8836508.818144375,8825723.547728973,0.00021452216144045682,alpha_dist,0.00015000000000000001,,0.75,83016,,,
case2,,8825723.547728973,trajectory_episode,16,,,8836508.818144375,8825723.547728973,0.0,alpha_dist,0.0002,,1.0,83016,,,
case2,,8823951.584092941,trajectory_episode,16,,,8836508.818144375,8825723.547728973,-0.0002005275694845601,alpha_dist,0.00025,,1.25,83016,,,
case2,,8822294.20460707,trajectory_episode,16,,,8836508.818144375,8825723.547728973,-0.0003880880099232632,alpha_dist,0.00030000000000000003,,1.5,83016,,,
case2,,8829650.90008219,trajectory_episode,17,,,8836511.357552115,8825726.154738182,0.00044415099864644075,alpha_dist,0.0001,,0.5,83017,,,
case2,,8827621.769184068,trajectory_episode,17,,,8836511.357552115,8825726.154738182,0.0002145206823352927,alpha_dist,0.00015000000000000001,,0.75,83017,,,
case2,,8825726.154738182,trajectory_episode,17,,,8836511.357552115,8825726.154738182,0.0,alpha_dist,0.0002,,1.0,83017,,,
case2,,8823954.202734886,trajectory_episode,17,,,8836511.357552115,8825726.154738182,-0.00020052619541784076,alpha_dist,0.00025,,1.25,83017,,,
case2,,8822296.834057149,trajectory_episode,17,,,8836511.357552115,8825726.154738182,-0.0003880853588336975,alpha_dist,0.00030000000000000003,,1.5,83017,,,
case2,,8829655.75273903,trajectory_episode,18,,,8836516.24376996,8825731.004115459,0.00044415112418758567,alpha_dist,0.0001,,0.5,83018,,,
case2,,8827626.620178182,trajectory_episode,18,,,8836516.24376996,8825731.004115459,0.00021452074668674694,alpha_dist,0.00015000000000000001,,0.75,83018,,,
case2,,8825731.004115459,trajectory_episode,18,,,8836516.24376996,8825731.004115459,0.0,alpha_dist,0.0002,,1.0,83018,,,
case2,,8823959.050543766,trajectory_episode,18,,,8836516.24376996,8825731.004115459,-0.0002005262620256479,alpha_dist,0.00025,,1.25,83018,,,
case2,,8822301.680347802,trajectory_episode,18,,,8836516.24376996,8825731.004115459,-0.0003880854935421239,alpha_dist,0.00030000000000000003,,1.5,83018,,,
case2,,8829655.898135442,trajectory_episode,19,,,8836516.35576123,8825731.165724108,0.000444149283871969,alpha_dist,0.0001,,0.5,83019,,,
case2,,8827626.77396397,trajectory_episode,19,,,8836516.35576123,8825731.165724108,0.0002145198586799771,alpha_dist,0.00015000000000000001,,0.75,83019,,,
case2,,8825731.165724108,trajectory_episode,19,,,8836516.35576123,8825731.165724108,0.0,alpha_dist,0.0002,,1.0,83019,,,
case2,,8823959.219447596,trajectory_episode,19,,,8836516.35576123,8825731.165724108,-0.00020052543391228193,alpha_dist,0.00025,,1.25,83019,,,
case2,,8822301.856055064,trajectory_episode,19,,,8836516.35576123,8825731.165724108,-0.0003880838931292226,alpha_dist,0.00030000000000000003,,1.5,83019,,,
case2,,8829652.836723289,trajectory_episode,20,,,8836513.339103559,8825728.089462044,0.00044415111601505926,alpha_dist,0.0001,,0.5,83020,,,
case2,,8827623.704787675,trajectory_episode,20,,,8836513.339103559,8825728.089462044,0.00021452073378795794,alpha_dist,0.00015000000000000001,,0.75,83020,,,
case2,,8825728.089462044,trajectory_episode,20,,,8836513.339103559,8825728.089462044,0.0,alpha_dist,0.0002,,1.0,83020,,,
case2,,8823956.136716345,trajectory_episode,20,,,8836513.339103559,8825728.089462044,-0.00020052623446592934,alpha_dist,0.00025,,1.25,83020,,,
case2,,8822298.767415177,trajectory_episode,20,,,8836513.339103559,8825728.089462044,-0.0003880854263741242,alpha_dist,0.00030000000000000003,,1.5,83020,,,
case2,,8829652.0609391,trajectory_episode,21,,,8836512.560269954,8825727.302984001,0.000444152365351091,alpha_dist,0.0001,,0.5,83021,,,
case2,,8827622.92339704,trajectory_episode,21,,,8836512.560269954,8825727.302984001,0.0002145213284211038,alpha_dist,0.00015000000000000001,,0.75,83021,,,
case2,,8825727.302984001,trajectory_episode,21,,,8836512.560269954,8825727.302984001,0.0,alpha_dist,0.0002,,1.0,83021,,,
case2,,8823955.34562864,trajectory_episode,21,,,8836512.560269954,8825727.302984001,-0.00020052677380082837,alpha_dist,0.00025,,1.25,83021,,,
case2,,8822297.972157322,trajectory_episode,21,,,8836512.560269954,8825727.302984001,-0.0003880864541626905,alpha_dist,0.00030000000000000003,,1.5,83021,,,
case2,,8829653.172536606,trajectory_episode,22,,,8836513.693380632,8825728.445593309,0.0004441487988908223,alpha_dist,0.0001,,0.5,83022,,,
case2,,8827624.051141223,trajectory_episode,22,,,8836513.693380632,8825728.445593309,0.00021451961867430432,alpha_dist,0.00015000000000000001,,0.75,83022,,,
case2,,8825728.445593309,trajectory_episode,22,,,8836513.693380632,8825728.445593309,0.0,alpha_dist,0.0002,,1.0,83022,,,
case2,,8823956.501925034,trajectory_episode,22,,,8836513.693380632,8825728.445593309,-0.00020052519916328077,alpha_dist,0.00025,,1.25,83022,,,
case2,,8822299.141057763,trajectory_episode,22,,,8836513.693380632,8825728.445593309,-0.0003880834291146152,alpha_dist,0.00030000000000000003,,1.5,83022,,,
case2,,8829653.924760705,trajectory_episode,23,,,8836514.454776645,8825729.168606866,0.00044415206628413905,alpha_dist,0.0001,,0.5,83023,,,
case2,,8827624.788267327,trajectory_episode,23,,,8836514.454776645,8825729.168606866,0.00021452119726196226,alpha_dist,0.00015000000000000001,,0.75,83023,,,
case2,,8825729.168606866,trajectory_episode,23,,,8836514.454776645,8825729.168606866,0.0,alpha_dist,0.0002,,1.0,83023,,,
case2,,8823957.21174243,trajectory_episode,23,,,8836514.454776645,8825729.168606866,-0.00020052667525229714,alpha_dist,0.00025,,1.25,83023,,,
case2,,8822299.838531505,trajectory_episode,23,,,8836514.454776645,8825729.168606866,-0.0003880862859345049,alpha_dist,0.00030000000000000003,,1.5,83023,,,
case2,,8829656.24605205,trajectory_episode,24,,,8836516.68955466,8825731.47659663,0.00044415345925382423,alpha_dist,0.0001,,0.5,83024,,,
case2,,8827627.102678224,trajectory_episode,24,,,8836516.68955466,8825731.47659663,0.0002145218696679373,alpha_dist,0.00015000000000000001,,0.75,83024,,,
case2,,8825731.47659663,trajectory_episode,24,,,8836516.68955466,8825731.47659663,0.0,alpha_dist,0.0002,,1.0,83024,,,
case2,,8823959.513734499,trajectory_episode,24,,,8836516.68955466,8825731.47659663,-0.00020052730327831898,alpha_dist,0.00025,,1.25,83024,,,
case2,,8822302.13491623,trajectory_episode,24,,,8836516.68955466,8825731.47659663,-0.0003880875010912139,alpha_dist,0.00030000000000000003,,1.5,83024,,,
case2,,8829652.30185445,trajectory_episode,25,,,8836512.761806162,8825727.538289517,0.0004441529900683218,alpha_dist,0.0001,,0.5,83025,,,
case2,,8827623.161521468,trajectory_episode,25,,,8836512.761806162,8825727.538289517,0.0002145216425357922,alpha_dist,0.00015000000000000001,,0.75,83025,,,
case2,,8825727.538289517,trajectory_episode,25,,,8836512.761806162,8825727.538289517,0.0,alpha_dist,0.0002,,1.0,83025,,,
case2,,8823955.578098454,trajectory_episode,25,,,8836512.761806162,8825727.538289517,-0.00020052709013475113,alpha_dist,0.00025,,1.25,83025,,,
case2,,8822298.201784719,trajectory_episode,25,,,8836512.761806162,8825727.538289517,-0.00038808708788617583,alpha_dist,0.00030000000000000003,,1.5,83025,,,
case2,,8829651.664196914,trajectory_episode,26,,,8836512.12019906,8825726.91208064,0.0004441517267093021,alpha_dist,0.0001,,0.5,83026,,,
case2,,8827622.52983467,trajectory_episode,26,,,8836512.12019906,8825726.91208064,0.00021452103819288458,alpha_dist,0.00015000000000000001,,0.75,83026,,,
case2,,8825726.91208064,trajectory_episode,26,,,8836512.12019906,8825726.91208064,0.0,alpha_dist,0.0002,,1.0,83026,,,
case2,,8823954.956917364,trajectory_episode,26,,,8836512.12019906,8825726.91208064,-0.00020052653571598408,alpha_dist,0.00025,,1.25,83026,,,
case2,,8822297.585220212,trajectory_episode,26,,,8836512.12019906,8825726.91208064,-0.0003880860246418814,alpha_dist,0.00030000000000000003,,1.5,83026,,,
case2,,8829657.274350764,trajectory_episode,27,,,8836517.782507073,8825732.522900084,0.0004441513667804419,alpha_dist,0.0001,,0.5,83027,,,
case2,,8827628.140214765,trajectory_episode,27,,,8836517.782507073,8825732.522900084,0.00021452085101147066,alpha_dist,0.00015000000000000001,,0.75,83027,,,
case2,,8825732.522900084,trajectory_episode,27,,,8836517.782507073,8825732.522900084,0.0,alpha_dist,0.0002,,1.0,83027,,,
case2,,8823960.568360435,trajectory_episode,27,,,8836517.782507073,8825732.522900084,-0.00020052633664778915,alpha_dist,0.00025,,1.25,83027,,,
case2,,8822303.19744538,trajectory_episode,27,,,8836517.782507073,8825732.522900084,-0.00038808561688103164,alpha_dist,0.00030000000000000003,,1.5,83027,,,
case2,,8829657.414554333,trajectory_episode,28,,,8836517.832950905,8825732.63384807,0.0004441546750043077,alpha_dist,0.0001,,0.5,83028,,,
case2,,8827628.265329195,trajectory_episode,28,,,8836517.832950905,8825732.63384807,0.000214522452957345,alpha_dist,0.00015000000000000001,,0.75,83028,,,
case2,,8825732.63384807,trajectory_episode,28,,,8836517.832950905,8825732.63384807,0.0,alpha_dist,0.0002,,1.0,83028,,,
case2,,8823960.666002318,trajectory_episode,28,,,8836517.832950905,8825732.63384807,-0.00020052784131135897,alpha_dist,0.00025,,1.25,83028,,,
case2,,8822303.282583512,trajectory_episode,28,,,8836517.832950905,8825732.63384807,-0.00038808853548272167,alpha_dist,0.00030000000000000003,,1.5,83028,,,
case2,,8829660.00289308,trajectory_episode,29,,,8836520.461828925,8825735.240686871,0.00044415244927703583,alpha_dist,0.0001,,0.5,83029,,,
case2,,8827630.863230992,trajectory_episode,29,,,8836520.461828925,8825735.240686871,0.00021452137776509532,alpha_dist,0.00015000000000000001,,0.75,83029,,,
case2,,8825735.240686871,trajectory_episode,29,,,8836520.461828925,8825735.240686871,0.0,alpha_dist,0.0002,,1.0,83029,,,
case2,,8823963.281200744,trajectory_episode,29,,,8836520.461828925,8825735.240686871,-0.00020052683562282514,alpha_dist,0.00025,,1.25,83029,,,
case2,,8822305.905608786,trajectory_episode,29,,,8836520.461828925,8825735.240686871,-0.0003880865882559231,alpha_dist,0.00030000000000000003,,1.5,83029,,,
case2,,8829655.364733674,trajectory_episode,30,,,8836515.94701117,8825730.644276597,0.00044414795159222325,alpha_dist,0.0001,,0.5,83030,,,
case2,,8827626.246706313,trajectory_episode,30,,,8836515.94701117,8825730.644276597,0.00021451921108760945,alpha_dist,0.00015000000000000001,,0.75,83030,,,
case2,,8825730.644276597,trajectory_episode,30,,,8836515.94701117,8825730.644276597,0.0,alpha_dist,0.0002,,1.0,83030,,,
case2,,8823958.703494824,trajectory_episode,30,,,8836515.94701117,8825730.644276597,-0.00020052482136598997,alpha_dist,0.00025,,1.25,83030,,,
case2,,8822301.34529937,trajectory_episode,30,,,8836515.94701117,8825730.644276597,-0.0003880827011222598,alpha_dist,0.00030000000000000003,,1.5,83030,,,
case2,,8829664.53352604,trajectory_episode,31,,,8836525.008914407,8825739.788349407,0.0004441502935457641,alpha_dist,0.0001,,0.5,83031,,,
case2,,8827635.402720114,trajectory_episode,31,,,8836525.008914407,8825739.788349407,0.00021452034241911848,alpha_dist,0.00015000000000000001,,0.75,83031,,,
case2,,8825739.788349407,trajectory_episode,31,,,8836525.008914407,8825739.788349407,0.0,alpha_dist,0.0002,,1.0,83031,,,
case2,,8823967.83640314,trajectory_episode,31,,,8836525.008914407,8825739.788349407,-0.00020052587917517646,alpha_dist,0.00025,,1.25,83031,,,
case2,,8822310.467763174,trajectory_episode,31,,,8836525.008914407,8825739.788349407,-0.0003880847485604265,alpha_dist,0.00030000000000000003,,1.5,83031,,,
case2,,8829649.089385811,trajectory_episode,32,,,8836509.586891029,8825724.338158723,0.00044415175341524496,alpha_dist,0.0001,,0.5,83032,,,
case2,,8827619.955384169,trajectory_episode,32,,,8836509.586891029,8825724.338158723,0.00021452103987506073,alpha_dist,0.00015000000000000001,,0.75,83032,,,
case2,,8825724.338158723,trajectory_episode,32,,,8836509.586891029,8825724.338158723,0.0,alpha_dist,0.0002,,1.0,83032,,,
case2,,8823952.383670013,trajectory_episode,32,,,8836509.586891029,8825724.338158723,-0.0002005265168656938,alpha_dist,0.00025,,1.25,83032,,,
case2,,8822295.01277359,trajectory_episode,32,,,8836509.586891029,8825724.338158723,-0.0003880859689464053,alpha_dist,0.00030000000000000003,,1.5,83032,,,
case2,,8829651.734528743,trajectory_episode,33,,,8836512.202359922,8825726.980634835,0.0004441519237488236,alpha_dist,0.0001,,0.5,83033,,,
case2,,8827622.599156424,trajectory_episode,33,,,8836512.202359922,8825726.980634835,0.000214521123060695,alpha_dist,0.00015000000000000001,,0.75,83033,,,
case2,,8825726.980634835,trajectory_episode,33,,,8836512.202359922,8825726.980634835,0.0,alpha_dist,0.0002,,1.0,83033,,,
case2,,8823955.024920894,trajectory_episode,33,,,8836512.202359922,8825726.980634835,-0.00020052659616851513,alpha_dist,0.00025,,1.25,83033,,,
case2,,8822297.652866688,trajectory_episode,33,,,8836512.202359922,8825726.980634835,-0.0003880861237571922,alpha_dist,0.00030000000000000003,,1.5,83033,,,
case2,,8829656.183198472,trajectory_episode,34,,,8836516.68159611,8825731.451456793,0.00044414919171192256,alpha_dist,0.0001,,0.5,83034,,,
case2,,8827627.05931318,trajectory_episode,34,,,8836516.68159611,8825731.451456793,0.00021451980737333655,alpha_dist,0.00015000000000000001,,0.75,83034,,,
case2,,8825731.451456793,trajectory_episode,34,,,8836516.68159611,8825731.451456793,0.0,alpha_dist,0.0002,,1.0,83034,,,
case2,,8823959.505648958,trajectory_episode,34,,,8836516.68159611,8825731.451456793,-0.0002005253734795221,alpha_dist,0.00025,,1.25,83034,,,
case2,,8822302.142799411,trajectory_episode,34,,,8836516.68159611,8825731.451456793,-0.0003880837643326057,alpha_dist,0.00030000000000000003,,1.5,83034,,,
case2,,8829662.276307315,trajectory_episode,35,,,8836522.710081248,8825737.521522732,0.0004441514963917403,alpha_dist,0.0001,,0.5,83035,,,
case2,,8827633.14054502,trajectory_episode,35,,,8836522.710081248,8825737.521522732,0.00021452092463077017,alpha_dist,0.00015000000000000001,,0.75,83035,,,
case2,,8825737.521522732,trajectory_episode,35,,,8836522.710081248,8825737.521522732,0.0,alpha_dist,0.0002,,1.0,83035,,,
case2,,8823965.565207547,trajectory_episode,35,,,8836522.710081248,8825737.521522732,-0.0002005264257584398,alpha_dist,0.00025,,1.25,83035,,,
case2,,8822308.192461062,trajectory_episode,35,,,8836522.710081248,8825737.521522732,-0.00038808580865840357,alpha_dist,0.00030000000000000003,,1.5,83035,,,
case2,,8829658.353352446,trajectory_episode,36,,,8836518.806978064,8825733.615291946,0.00044414979996434424,alpha_dist,0.0001,,0.5,83036,,,
case2,,8827629.226237632,trajectory_episode,36,,,8836518.806978064,8825733.615291946,0.0002145201053824231,alpha_dist,0.00015000000000000001,,0.75,83036,,,
case2,,8825733.615291946,trajectory_episode,36,,,8836518.806978064,8825733.615291946,0.0,alpha_dist,0.0002,,1.0,83036,,,
case2,,8823961.666522084,trajectory_episode,36,,,8836518.806978064,8825733.615291946,-0.0002005256604515515,alpha_dist,0.00025,,1.25,83036,,,
case2,,8822304.300826406,trajectory_episode,36,,,8836518.806978064,8825733.615291946,-0.00038808432827998427,alpha_dist,0.00030000000000000003,,1.5,83036,,,
case2,,8829654.225460613,trajectory_episode,37,,,8836514.68472152,8825729.47366674,0.00044415156132298695,alpha_dist,0.0001,,0.5,83037,,,
case2,,8827625.091207704,trajectory_episode,37,,,8836514.68472152,8825729.47366674,0.00021452095182284347,alpha_dist,0.00015000000000000001,,0.75,83037,,,
case2,,8825729.47366674,trajectory_episode,37,,,8836514.68472152,8825729.47366674,0.0,alpha_dist,0.0002,,1.0,83037,,,
case2,,8823957.518808957,trajectory_episode,37,,,8836514.68472152,8825729.47366674,-0.00020052644294782097,alpha_dist,0.00025,,1.25,83037,,,
case2,,8822300.147499371,trajectory_episode,37,,,8836514.68472152,8825729.47366674,-0.0003880858335808147,alpha_dist,0.00030000000000000003,,1.5,83037,,,
case2,,8829656.105839312,trajectory_episode,38,,,8836516.550893381,8825731.33248351,0.0004441539076171053,alpha_dist,0.0001,,0.5,83038,,,
case2,,8827626.960456485,trajectory_episode,38,,,8836516.550893381,8825731.33248351,0.00021452208707555958,alpha_dist,0.00015000000000000001,,0.75,83038,,,
case2,,8825731.33248351,trajectory_episode,38,,,8836516.550893381,8825731.33248351,0.0,alpha_dist,0.0002,,1.0,83038,,,
case2,,8823959.36784172,trajectory_episode,38,,,8836516.550893381,8825731.33248351,-0.0002005275078231848,alpha_dist,0.00025,,1.25,83038,,,
case2,,8822301.987350203,trajectory_episode,38,,,8836516.550893381,8825731.33248351,-0.0003880878979352727,alpha_dist,0.00030000000000000003,,1.5,83038,,,
case2,,8829655.824063584,trajectory_episode,39,,,8836516.256756485,8825731.067278538,0.0004441520471424927,alpha_dist,0.0001,,0.5,83039,,,
case2,,8827626.68724375,trajectory_episode,39,,,8836516.256756485,8825731.067278538,0.00021452118800358803,alpha_dist,0.00015000000000000001,,0.75,83039,,,
case2,,8825731.067278538,trajectory_episode,39,,,8836516.256756485,8825731.067278538,0.0,alpha_dist,0.0002,,1.0,83039,,,
case2,,8823959.110127548,trajectory_episode,39,,,8836516.256756485,8825731.067278538,-0.00020052666678854216,alpha_dist,0.00025,,1.25,83039,,,
case2,,8822301.736645207,trajectory_episode,39,,,8836516.256756485,8825731.067278538,-0.0003880862699379964,alpha_dist,0.00030000000000000003,,1.5,83039,,,
case2,,8829650.384533038,trajectory_episode,40,,,8836510.8772804,8825725.646730756,0.0004441501693131947,alpha_dist,0.0001,,0.5,83040,,,
case2,,8827621.257560173,trajectory_episode,40,,,8836510.8772804,8825725.646730756,0.00021452028473030886,alpha_dist,0.00015000000000000001,,0.75,83040,,,
case2,,8825725.646730756,trajectory_episode,40,,,8836510.8772804,8825725.646730756,0.0,alpha_dist,0.0002,,1.0,83040,,,
case2,,8823953.69806195,trajectory_episode,40,,,8836510.8772804,8825725.646730756,-0.0002005258289628488,alpha_dist,0.00025,,1.25,83040,,,
case2,,8822296.33246112,trajectory_episode,40,,,8836510.8772804,8825725.646730756,-0.0003880846543688363,alpha_dist,0.00030000000000000003,,1.5,83040,,,
case2,,8829650.442464184,trajectory_episode,41,,,8836510.891871518,8825725.709007073,0.0004441496768505186,alpha_dist,0.0001,,0.5,83041,,,
case2,,8827621.317677926,trajectory_episode,41,,,8836510.891871518,8825725.709007073,0.00021452004009827008,alpha_dist,0.00015000000000000001,,0.75,83041,,,
case2,,8825725.709007073,trajectory_episode,41,,,8836510.891871518,8825725.709007073,0.0,alpha_dist,0.0002,,1.0,83041,,,
case2,,8823953.762459531,trajectory_episode,41,,,8836510.891871518,8825725.709007073,-0.0002005255885749811,alpha_dist,0.00025,,1.25,83041,,,
case2,,8822296.398934674,trajectory_episode,41,,,8836510.891871518,8825725.709007073,-0.0003880841787400739,alpha_dist,0.00030000000000000003,,1.5,83041,,,
case2,,8829649.590969656,trajectory_episode,42,,,8836510.071549168,8825724.825845974,0.0004441533016884831,alpha_dist,0.0001,,0.5,83042,,,
case2,,8827620.44979827,trajectory_episode,42,,,8836510.071549168,8825724.825845974,0.00021452178936557257,alpha_dist,0.00015000000000000001,,0.75,83042,,,
case2,,8825724.825845974,trajectory_episode,42,,,8836510.071549168,8825724.825845974,0.0,alpha_dist,0.0002,,1.0,83042,,,
case2,,8823952.86504396,trajectory_episode,42,,,8836510.071549168,8825724.825845974,-0.0002005272203240305,alpha_dist,0.00025,,1.25,83042,,,
case2,,8822295.488220558,trajectory_episode,42,,,8836510.071549168,8825724.825845974,-0.0003880873328552415,alpha_dist,0.00030000000000000003,,1.5,83042,,,
case2,,8829657.237019803,trajectory_episode,43,,,8836517.685402425,8825732.47448426,0.000444152626099268,alpha_dist,0.0001,,0.5,83043,,,
case2,,8827628.09725174,trajectory_episode,43,,,8836517.685402425,8825732.47448426,0.00021452147044435655,alpha_dist,0.00015000000000000001,,0.75,83043,,,
case2,,8825732.47448426,trajectory_episode,43,,,8836517.685402425,8825732.47448426,0.0,alpha_dist,0.0002,,1.0,83043,,,
case2,,8823960.514668956,trajectory_episode,43,,,8836517.685402425,8825732.47448426,-0.00020052693587996442,alpha_dist,0.00025,,1.25,83043,,,
case2,,8822303.138652876,trajectory_episode,43,,,8836517.685402425,8825732.47448426,-0.000388086795440739,alpha_dist,0.00030000000000000003,,1.5,83043,,,
case2,,8829653.715908108,trajectory_episode,44,,,8836514.181160523,8825728.958200773,0.00044415225584118354,alpha_dist,0.0001,,0.5,83044,,,
case2,,8827624.578504471,trajectory_episode,44,,,8836514.181160523,8825728.958200773,0.0002145212766974734,alpha_dist,0.00015000000000000001,,0.75,83044,,,
case2,,8825728.958200773,trajectory_episode,44,,,8836514.181160523,8825728.958200773,0.0,alpha_dist,0.0002,,1.0,83044,,,
case2,,8823957.00092731,trajectory_episode,44,,,8836514.181160523,8825728.958200773,-0.00020052672774979597,alpha_dist,0.00025,,1.25,83044,,,
case2,,8822299.627512254,trajectory_episode,44,,,8836514.181160523,8825728.958200773,-0.00038808636734050035,alpha_dist,0.00030000000000000003,,1.5,83044,,,
case2,,8829650.767955245,trajectory_episode,45,,,8836511.261568766,8825726.009642903,0.0004441524710563111,alpha_dist,0.0001,,0.5,83045,,,
case2,,8827621.630405387,trajectory_episode,45,,,8836511.261568766,8825726.009642903,0.00021452139949489684,alpha_dist,0.00015000000000000001,,0.75,83045,,,
case2,,8825726.009642903,trajectory_episode,45,,,8836511.261568766,8825726.009642903,0.0,alpha_dist,0.0002,,1.0,83045,,,
case2,,8823954.051638396,trajectory_episode,45,,,8836511.261568766,8825726.009642903,-0.0002005268767338984,alpha_dist,0.00025,,1.25,83045,,,
case2,,8822296.67725609,trajectory_episode,45,,,8836511.261568766,8825726.009642903,-0.0003880866877550245,alpha_dist,0.00030000000000000003,,1.5,83045,,,
case2,,8829661.357022518,trajectory_episode,46,,,8836521.792968346,8825736.60473277,0.0004441512601565627,alpha_dist,0.0001,,0.5,83046,,,
case2,,8827632.222472299,trajectory_episode,46,,,8836521.792968346,8825736.60473277,0.00021452080172957346,alpha_dist,0.00015000000000000001,,0.75,83046,,,
case2,,8825736.60473277,trajectory_episode,46,,,8836521.792968346,8825736.60473277,0.0,alpha_dist,0.0002,,1.0,83046,,,
case2,,8823964.649759484,trajectory_episode,46,,,8836521.792968346,8825736.60473277,-0.00020052629471202678,alpha_dist,0.00025,,1.25,83046,,,
case2,,8822307.278403632,trajectory_episode,46,,,8836521.792968346,8825736.60473277,-0.00038808553970488856,alpha_dist,0.00030000000000000003,,1.5,83046,,,
case2,,8829659.438524876,trajectory_episode,47,,,8836519.874329157,8825734.681856344,0.0004441518521260864,alpha_dist,0.0001,,0.5,83047,,,
case2,,8827630.3017437,trajectory_episode,47,,,8836519.874329157,8825734.681856344,0.0002145210913702183,alpha_dist,0.00015000000000000001,,0.75,83047,,,
case2,,8825734.681856344,trajectory_episode,47,,,8836519.874329157,8825734.681856344,0.0,alpha_dist,0.0002,,1.0,83047,,,
case2,,8823962.724817572,trajectory_episode,47,,,8836519.874329157,8825734.681856344,-0.0002005265719957296,alpha_dist,0.00025,,1.25,83047,,,
case2,,8822305.351477481,trajectory_episode,47,,,8836519.874329157,8825734.681856344,-0.0003880860822623842,alpha_dist,0.00030000000000000003,,1.5,83047,,,
case2,,8829654.58321793,trajectory_episode,48,,,8836515.0168001,8825729.820869856,0.00044415273901675666,alpha_dist,0.0001,,0.5,83048,,,
case2,,8827625.443460688,trajectory_episode,48,,,8836515.0168001,8825729.820869856,0.0002145215152385787,alpha_dist,0.00015000000000000001,,0.75,83048,,,
case2,,8825729.820869856,trajectory_episode,48,,,8836515.0168001,8825729.820869856,0.0,alpha_dist,0.0002,,1.0,83048,,,
case2,,8823957.861376649,trajectory_episode,48,,,8836515.0168001,8825729.820869856,-0.00020052695998795238,alpha_dist,0.00025,,1.25,83048,,,
case2,,8822300.485809745,trajectory_episode,48,,,8836515.0168001,8825729.820869856,-0.00038808682535936603,alpha_dist,0.00030000000000000003,,1.5,83048,,,
case2,,8829658.887037508,trajectory_episode,49,,,8836519.34336381,8825734.127344437,0.00044415222109129703,alpha_dist,0.0001,,0.5,83049,,,
case2,,8827629.748650212,trajectory_episode,49,,,8836519.34336381,8825734.127344437,0.00021452126477813926,alpha_dist,0.00015000000000000001,,0.75,83049,,,
case2,,8825734.127344437,trajectory_episode,49,,,8836519.34336381,8825734.127344437,0.0,alpha_dist,0.0002,,1.0,83049,,,
case2,,8823962.169054339,trajectory_episode,49,,,8836519.34336381,8825734.127344437,-0.00020052672565346312,alpha_dist,0.00025,,1.25,83049,,,
case2,,8822304.794611432,trajectory_episode,49,,,8836519.34336381,8825734.127344437,-0.000388086371992237,alpha_dist,0.00030000000000000003,,1.5,83049,,,
case2,,8829649.974726846,trajectory_episode,50,,,8836510.5170785,8825725.23071954,0.0004441508896210492,alpha_dist,0.0001,,0.5,83050,,,
case2,,8827620.844435854,trajectory_episode,50,,,8836510.5170785,8825725.23071954,0.00021452062017579508,alpha_dist,0.00015000000000000001,,0.75,83050,,,
case2,,8825725.23071954,trajectory_episode,50,,,8836510.5170785,8825725.23071954,0.0,alpha_dist,0.0002,,1.0,83050,,,
case2,,8823953.279552404,trajectory_episode,50,,,8836510.5170785,8825725.23071954,-0.0002005261198650469,alpha_dist,0.00025,,1.25,83050,,,
case2,,8822295.911802769,trajectory_episode,50,,,8836510.5170785,8825725.23071954,-0.0003880851960899778,alpha_dist,0.00030000000000000003,,1.5,83050,,,
,4.451472610550039e-06,,trajectory_summary,,-0.49795644142059414,100,,,,w_hit,,,0.5,,2.2711594951785913e-05,,
,2.225736305275465e-06,,trajectory_summary,,-0.24897822071029707,100,,,,w_hit,,,0.75,,1.1355797475895228e-05,,
,0.0,,trajectory_summary,,0.0,100,,,,w_hit,,,1.0,,0.0,,
,2.225736305275114e-06,,trajectory_summary,,0.24897822071029713,100,,,,w_hit,,,1.25,,1.135579747589344e-05,,
,4.4514726105504546e-06,,trajectory_summary,,0.49795644142059425,100,,,,w_hit,,,1.5,,2.2711594951788034e-05,,
,2.520229923100704e-06,,trajectory_summary,,0.0006584198187873319,100,,,,w_coord,,,0.5,,1.2858315934187267e-05,,
,1.260114961545915e-06,,trajectory_summary,,0.0003292099093936353,100,,,,w_coord,,,0.75,,6.429157967070995e-06,,
,0.0,,trajectory_summary,,0.0,100,,,,w_coord,,,1.0,,0.0,,
,1.260114961548569e-06,,trajectory_summary,,-0.0003292099093936648,100,,,,w_coord,,,1.25,,6.4291579670845355e-06,,
,2.5202299230958327e-06,,trajectory_summary,,-0.0006584198187873107,100,,,,w_coord,,,1.5,,1.2858315934162412e-05,,
,2.696226601424394e-10,,trajectory_summary,,6.725346018245408e-09,100,,,,w_energy,,,0.5,,1.3756258170532625e-09,,
,1.3481132819913532e-10,,trajectory_summary,,3.362673016501092e-09,100,,,,w_energy,,,0.75,,6.878128989751803e-10,,
,0.0,,trajectory_summary,,0.0,100,,,,w_energy,,,1.0,,0.0,,
,1.348113331798732e-10,,trajectory_summary,,-3.3626730038520106e-09,100,,,,w_energy,,,1.25,,6.878129243871081e-10,,
,2.696226651326325e-10,,trajectory_summary,,-6.725346018244257e-09,100,,,,w_energy,,,1.5,,1.3756258425134311e-09,,
,6.41985423174556e-07,,trajectory_summary,,0.0004408925715711226,100,,,,alpha_dist,,,0.5,,3.2754358325232453e-06,,
,3.288789395685554e-07,,trajectory_summary,,0.00021285142187401712,100,,,,alpha_dist,,,0.75,,1.677953773308956e-06,,
,0.0,,trajectory_summary,,0.0,100,,,,alpha_dist,,,1.0,,0.0,,
,3.406796898949363e-07,,trajectory_summary,,-0.00019879700551781585,100,,,,alpha_dist,,,1.25,,1.7381616831374302e-06,,
,6.897102851810687e-07,,trajectory_summary,,-0.0003845845646338285,100,,,,alpha_dist,,,1.5,,3.518930026434024e-06,,
