27.414732570 -2.759579866 24.472710622 2.752206241 21.973758380 -0.755220342 27.508500496 1.081572401 22.386826496 0.048772112 20.693421938 -0.463188747 23.231025866 -2.305477110 24.268018393 -2.525570283 20.358977555 -2.833592152 27.284427735 2.831191904 25.464956942 -0.770875525 30.016740278 0.992824290 26.744225938 0.045802881 20.319577070 -0.360719258 23.313284609 -2.408616746 26.373671136 -2.323894726 26.403251803 -2.584339286 23.225920348 2.940761729 21.968212052 -0.754521478 26.987816399 0.996637437
27.417348862 -2.755714893 24.578472137 2.747889996 22.079372406 -0.750414848 27.614265442 1.085414052 22.492420197 0.053489119 20.799266815 -0.458087355 23.336643219 -2.300931215 24.373640060 -2.529922247 20.464803696 -2.828407526 27.359144211 2.827315569 25.541587830 -0.766723454 30.122486115 0.996344447 26.828895569 0.049755819 20.425386429 -0.355524838 23.418905258 -2.404086351 26.479331970 -2.327900887 26.509004593 -2.580338240 23.331642151 2.936213970 22.073793411 -0.749715149 27.093616486 1.000551939
27.423690796 -2.751175642 24.702465057 2.742849588 22.202905655 -0.744806230 27.738298416 1.089902163 22.616060257 0.058995221 20.923511505 -0.452136338 23.460168839 -2.295623779 24.497169495 -2.535005808 20.588954926 -2.822358847 27.448869705 2.822779894 25.632137299 -0.761866510 30.246376038 1.000462532 26.929264069 0.054379571 20.549491882 -0.349464476 23.542459488 -2.398797512 26.602914810 -2.332581043 26.633045197 -2.575662851 23.455520630 2.930905342 22.197187424 -0.744105518 27.217681885 1.005126834
27.438129425 -2.745155334 24.866746902 2.736205816 22.366210938 -0.737420142 27.902772903 1.095822811 22.779727936 0.066247128 21.088268280 -0.444301426 23.623409271 -2.288630247 24.660057068 -2.541704893 20.753623962 -2.814398050 27.570688248 2.816789150 25.753534317 -0.755451441 30.410514832 1.005894303 27.063762665 0.060483173 20.714103699 -0.341488719 23.705854416 -2.391829014 26.766267776 -2.338752747 26.797430038 -2.569497824 23.619611740 2.923911572 22.360166550 -0.736716330 27.382135391 1.011160970
27.465394974 -2.737826347 25.067047119 2.728173018 22.564704895 -0.728497207 28.103403091 1.102988362 22.978967667 0.075009748 21.289196014 -0.434843540 23.821924210 -2.280176878 24.857675552 -2.549804688 20.954412460 -2.804789305 27.723022461 2.809526205 25.903900146 -0.747679234 30.610546112 1.012471557 27.229642868 0.067877352 20.914873123 -0.331860423 23.904735565 -2.383405209 26.964885712 -2.346220016 26.997812271 -2.562039137 23.819631577 2.915458918 22.558160782 -0.727790773 27.582674026 1.018460155
27.510171890 -2.729339838 25.299558640 2.718944788 22.794412613 -0.718253016 28.336143494 1.111226439 23.210037231 0.085069425 21.522405624 -0.423994154 24.052196503 -2.270470381 25.086122513 -2.559112310 21.187492371 -2.793767929 27.904911041 2.801158667 26.081586838 -0.738727212 30.842575073 1.020041585 27.424303055 0.076391026 21.147916794 -0.320819348 24.135337830 -2.373730659 27.194763184 -2.354805946 27.230445862 -2.553465605 24.051767349 2.905750513 22.787405014 -0.717544794 27.815362930 1.026853442
27.577047348 -2.719837666 25.560804367 2.708692551 23.052227020 -0.706885219 28.597314835 1.120390177 23.469421387 0.096235879 21.784374237 -0.411963552 24.310731888 -2.259690762 25.341960907 -2.569453239 21.449289322 -2.781550646 28.116197586 2.791838169 26.284732819 -0.728758395 31.103128433 1.028466344 27.645385742 0.085869782 21.409675598 -0.308579981 24.394241333 -2.362989426 27.452053070 -2.364350557 27.491342545 -2.543934345 24.312559128 2.894971132 23.044879913 -0.706172705 28.076536179 1.036187768
27.669794083 -2.709449291 25.847650528 2.697572470 23.335008621 -0.694567502 28.883832932 1.130341649 23.754106522 0.108336151 22.071804047 -0.398942679 24.594423294 -2.248003960 25.621915817 -2.580671072 21.736623764 -2.768326521 28.356859207 2.781701803 26.512258530 -0.717916191 31.389179230 1.037623286 27.890731812 0.096175112 21.697118759 -0.295332372 24.678438187 -2.351342678 27.733564377 -2.374714613 27.775787354 -2.533586025 24.599052429 2.883287191 23.327573776 -0.693849921 28.363130569 1.046321750
27.791618347 -2.698293686 26.157312393 2.685720682 23.639703751 -0.681454659 29.192985535 1.140959501 24.061374664 0.121219292 22.381885529 -0.385092050 24.900684357 -2.235554218 25.923288345 -2.592628241 22.046726227 -2.754265785 28.625329971 2.770872593 26.763092041 -0.706332266 31.697881699 1.047402501 28.159339905 0.107184075 22.007390976 -0.281245649 24.985137939 -2.338935137 28.036773682 -2.385771751 28.080001831 -2.522546768 24.908411026 2.870841980 23.632524490 -0.680733800 28.672451019 1.057132721
27.945487976 -2.686481237 26.487277985 2.673259258 23.963663101 -0.667682648 29.522396088 1.152139902 24.388767242 0.134752899 22.712081909 -0.370558739 25.227542877 -2.222471237 26.244337082 -2.605205297 22.376930237 -2.739516735 28.918601990 2.759458780 27.035457611 -0.694124222 32.026756287 1.057708144 28.451488495 0.118785337 22.337751389 -0.266469151 25.311731339 -2.325893879 28.359539032 -2.397410154 28.401903152 -2.510925293 25.238052368 2.857764006 23.957752228 -0.666957915 29.001903534 1.068513155
28.133962631 -2.674113989 26.835262299 2.660296440 24.305248260 -0.653368711 29.869800568 1.163786411 24.734062195 0.148817807 23.060012817 -0.355473012 25.572793961 -2.208868980 26.582992554 -2.618292332 22.724962234 -2.724208355 29.233734131 2.747558117 27.328784943 -0.681395292 32.373630524 1.068453193 28.765993118 0.130878806 22.685815811 -0.251135319 25.656295776 -2.312335491 28.700159073 -2.409531116 28.740318298 -2.498821497 25.585680008 2.844167233 24.300474167 -0.652641594 29.349363327 1.080366492
28.356161118 -2.661285162 27.199304581 2.646924973 24.663730621 -0.638620675 30.233116150 1.175816894 25.095565796 0.163309917 23.423831940 -0.339944750 25.934198380 -2.194842577 26.938632965 -2.631120682 23.088825226 -2.708455086 29.568313599 2.735256672 27.641904831 -0.668308556 32.736362457 1.079564095 29.100250244 0.143378109 23.049695969 -0.235356301 26.017293930 -2.298356056 29.057561874 -2.422048092 29.094820023 -2.486320972 25.949317932 2.830150604 24.658777237 -0.637890458 29.712842941 1.092607379
28.608369827 -2.648076534 27.577564240 2.633225441 25.037109375 -0.624147236 30.610500336 1.188159227 25.471149445 0.178143173 23.801599503 -0.324073315 26.309923172 -2.180483341 27.310684204 -2.642786980 23.466751099 -2.692354918 29.920139313 2.722629547 27.972894669 -0.655251145 33.113212585 1.090974450 29.451990128 0.156206608 23.427631378 -0.219229519 26.393121719 -2.284041405 29.429498672 -2.434885263 29.464399338 -2.473497868 26.327316284 2.815800905 25.030893326 -0.622797072 30.090572357 1.105161786
28.887174606 -2.634562731 27.968317032 2.619268894 25.423208237 -0.610858083 31.000291824 1.200750470 25.859575272 0.193237990 24.191873550 -0.307938933 26.698560715 -2.165864229 27.696884155 -2.652761221 23.857231140 -2.675995111 30.287351608 2.709742069 28.320756912 -0.643822789 33.502868652 1.102624059 29.819236755 0.169295922 23.818012238 -0.202841610 26.781784058 -2.269467592 29.814430237 -2.447976828 29.847389221 -2.460420132 26.717908859 2.801191807 25.415491104 -0.607932329 30.481023788 1.117966890
29.189550400 -2.620807886 28.370250702 2.605118752 25.820055008 -0.600131869 31.401451111 1.213534594 26.259614944 0.208524361 24.593301773 -0.291615009 27.099273682 -2.151049852 28.096673965 -2.660201073 24.258745193 -2.659447193 30.668312073 2.696651459 28.684774399 -0.635419130 33.903919220 1.114464879 30.200281143 0.182589188 24.219446182 -0.186267123 27.181818008 -2.254698038 30.211856842 -2.461266518 30.242382050 -2.447145939 27.119716644 2.786389351 25.812431335 -0.595408022 30.882558823 1.130966783
29.512922287 -2.606868982 28.782033920 2.590827465 26.227169037 -0.592823267 31.812786102 1.226464152 26.669322968 0.223948494 25.004535675 -0.275165200 27.510496140 -2.136097670 28.509597778 -2.664806366 24.670110703 -2.642773390 31.061557770 2.683408499 29.064134598 -0.629922509 34.315040588 1.126452208 30.593603134 0.196035445 24.630676270 -0.169567272 27.592020035 -2.239790916 30.620475769 -2.474699020 30.647935867 -2.433724403 27.531486511 2.771448612 26.220479965 -0.586524963 31.293905258 1.144112110
29.855007172 -2.592796087 29.202461243 2.576439857 26.644493103 -0.588473976 32.232925415 1.239498258 27.087909698 0.239457756 25.424591064 -0.258640617 27.930667877 -2.121055603 28.932060242 -2.666956902 25.090280533 -2.626029015 31.465644836 2.670056343 29.457210541 -0.626954436 34.735057831 1.138548255 30.997859955 0.209588885 25.050613403 -0.152795792 28.011497498 -2.224791527 31.039297104 -2.488233566 31.062751770 -2.420198917 27.952009201 2.756417990 26.638294220 -0.580798209 31.714164734 1.157358766
30.213752747 -2.578630924 29.630661011 2.561997175 27.070352554 -0.586681187 32.660736084 1.252600908 27.514404297 0.255010843 25.852512360 -0.242087021 28.359090805 -2.105966330 29.361577988 -2.666984320 25.518236160 -2.609259129 31.879245758 2.656631947 29.863193512 -0.626175761 35.163078308 1.150717854 31.411996841 0.223212719 25.478254318 -0.135999605 28.439054489 -2.209743500 31.466667175 -2.501835108 31.485866547 -2.406607866 28.380317688 2.741338968 27.064075470 -0.577804744 32.142341614 1.170673728
30.587278366 -2.564411640 30.065761566 2.547533512 27.503826141 -0.587094784 33.095283508 1.265742302 27.947792053 0.270571947 26.287281036 -0.225544468 28.794502258 -2.090862989 29.798938751 -2.665179491 25.953092575 -2.592502832 32.301391602 2.643168449 30.279224396 -0.627290249 35.598117828 1.162933111 31.835622787 0.236873820 25.912916183 -0.119217135 28.873359680 -2.194682598 31.900918961 -2.515467882 31.916387558 -2.392981768 28.815408707 2.726247072 27.497451782 -0.577165484 32.577503204 1.184023619
30.973970413 -2.550170898 30.506895065 2.533075571 27.944437027 -0.589408040 33.535877228 1.278894305 28.386919022 0.286108911 26.728269577 -0.209043294 29.235073090 -2.075775146 30.243686676 -2.661796570 26.394153595 -2.575792313 32.731056213 2.629692793 30.703355789 -0.630044639 36.039344788 1.175174117 32.267765045 0.250542760 26.353784561 -0.102481723 29.313581467 -2.179636002 32.341938019 -2.528913736 32.353443146 -2.379349232 29.256523132 2.711171627 27.937932968 -0.578556597 33.018730164 1.197381496
31.372179031 -2.535935402 30.953426361 2.518648863 28.391782761 -0.593351245 33.982154846 1.292034984 28.831264496 0.301598012 27.174961090 -0.192610309 29.680822372 -2.060731411 30.694156647 -2.657058001 26.840764999 -2.559156179 33.167430878 2.616228580 31.134927750 -0.634210885 36.486129761 1.187413573 32.706638336 0.264196187 26.800291061 -0.085819766 29.758880615 -2.164631128 32.789707184 -2.541471958 32.796272278 -2.365732908 29.703187943 2.696138144 28.384725571 -0.581695437 33.465225220 1.210725546
31.780508041 -2.521730423 31.404815674 2.504274130 28.845256805 -0.598688781 34.433494568 1.305145741 29.280548096 0.317014992 27.626415253 -0.176270083 30.132118225 -2.045750141 31.149589539 -2.651158094 27.292196274 -2.542615414 33.609611511 2.602796555 31.573560715 -0.639587522 36.937454224 1.199635029 33.151222229 0.277814150 27.251756668 -0.069254391 30.209247589 -2.149687767 33.243858337 -2.553092718 33.244274139 -2.352153063 30.154767990 2.681167603 28.837745667 -0.586331785 33.916439056 1.224034548
32.197978973 -2.507575274 31.860441208 2.489969015 29.303955078 -0.605220318 34.888992310 1.318209171 29.734025955 0.332343012 28.082256317 -0.160040438 30.587390900 -2.030849457 31.609004974 -2.644265890 27.747947693 -2.526189804 34.056880951 2.589414120 32.018657684 -0.646002591 37.392616272 1.211822987 33.600524902 0.291378766 27.707611084 -0.052805029 30.665266037 -2.134823799 33.703895569 -2.563578129 33.696838379 -2.338627815 30.610656738 2.666277885 29.296215057 -0.592247844 34.371742249 1.237293601
32.623668671 -2.493485212 32.319805145 2.475748062 29.766475677 -0.612767994 35.348182678 1.331212640 30.191965103 0.347567111 28.542076111 -0.143937528 31.045404434 -2.016043663 32.070617676 -2.636528492 28.207489014 -2.509896278 34.508914948 2.576095104 32.468585968 -0.653305471 37.851230621 1.223965168 34.054019928 0.304875582 28.167474747 -0.036487971 31.126171112 -2.120056629 34.167049408 -2.572583675 34.153144836 -2.325169563 31.070455551 2.651484966 29.758808136 -0.599254906 34.830520630 1.250489950
33.056400299 -2.479476690 32.782344818 2.461622715 30.232030869 -0.621172845 35.810585022 1.344143510 30.654685974 0.362672567 29.005119324 -0.127974167 31.506298065 -2.001347303 32.533618927 -2.628074169 28.670330048 -2.493745804 34.965038300 2.562851667 32.923294067 -0.661359787 38.312976837 1.236053467 34.511486053 0.318292409 28.630708694 -0.020315522 31.590852737 -2.105400085 34.632423401 -2.579947472 34.612846375 -2.311791420 31.533681870 2.636801004 30.224710464 -0.607191265 35.292369843 1.263612747
33.495342255 -2.465561628 33.247554779 2.447603703 30.700265884 -0.630307198 36.275794983 1.356991291 31.120950699 0.377648354 29.471216202 -0.112158813 31.969787598 -1.987896681 32.998924255 -2.619012833 29.136045456 -2.477749109 35.424629211 2.549693823 33.382450104 -0.670053422 38.777854919 1.248072505 34.972217560 0.331620663 29.097024918 -0.004296903 32.058414459 -2.090861797 35.100067139 -2.585260868 35.075466156 -2.298503160 31.999938965 2.622235775 30.693258286 -0.615913391 35.756923676 1.276648045
33.939926147 -2.451747894 33.715187073 2.433699131 31.170717239 -0.640052915 36.743705750 1.369748712 31.590114594 0.392488658 29.940093994 -0.096500449 32.435161591 -1.977222681 33.466842651 -2.609441996 29.604293823 -2.461913109 35.887622833 2.536630392 33.845500946 -0.679288507 39.245613098 1.260016799 35.436264038 0.344850391 29.566106796 0.011558751 32.528148651 -2.077327251 35.569122314 -2.588655949 35.540477753 -2.285312414 32.468803406 2.607797146 31.163930893 -0.625299573 36.223613739 1.289588451
34.389186859 -2.438045740 34.185180664 2.419915199 31.643211365 -0.650306165 37.213951111 1.382411599 32.061710358 0.407186121 30.411155701 -0.081005745 32.902816772 -1.969527721 33.936759949 -2.599448204 30.074697495 -2.446245193 36.353294373 2.523668528 34.312122345 -0.688972354 39.715744019 1.271883249 35.903369904 0.357974738 30.037469864 0.027245702 33.000328064 -2.066335440 36.039501190 -2.590439796 36.007602692 -2.272226095 32.939990997 2.593491554 31.636257172 -0.635240793 36.692214966 1.302430749
34.842498779 -2.424460411 34.657104492 2.406257153 32.117961884 -0.660984218 37.686386108 1.394973874 32.535163879 0.421734184 30.883926392 -0.065679327 33.372699738 -1.964416265 34.409004211 -2.589101553 30.546888351 -2.430750847 36.821113586 2.510812759 34.781417847 -0.699031115 39.965209961 1.283695579 36.372451782 0.370988786 30.510829926 0.042759981 33.474029541 -2.058331490 36.512157440 -2.590858459 36.476505280 -2.259248734 33.413089752 2.579325438 32.109893799 -0.645642877 37.162948608 1.315168858
35.299648285 -2.410996437 35.130462646 2.392728567 32.594436646 -0.672009110 38.160499573 1.407428265 33.009944916 0.436131805 31.358221054 -0.050524086 33.843635559 -1.961547613 34.883529663 -2.578627348 31.020593643 -2.415429831 37.291175842 2.498068333 35.252906799 -0.709398568 39.978771210 1.295580626 36.842811584 0.383888066 30.986040115 0.058097597 33.948566437 -2.052922249 36.986984253 -2.590433359 36.947109222 -2.246385574 33.887802124 2.565300941 32.584323883 -0.656425714 37.635601044 1.327796340
35.760093689 -2.397658348 35.605190277 2.379333496 33.071716309 -0.683314800 38.635959625 1.419771433 33.486293793 0.449431986 31.833841324 -0.035542317 34.316371918 -1.960619569 35.359272003 -2.568496227 31.495222092 -2.400286674 37.763248444 2.485438347 35.726413727 -0.720017850 39.978076935 1.307509661 37.314872742 0.395635158 31.462633133 0.073255852 34.424152374 -2.049762726 37.463348389 -2.589488268 37.419574738 -2.233640194 34.364181519 2.551421881 33.059364319 -0.667521954 38.109661102 1.340311646
36.223411560 -2.384450436 36.080947876 2.366073132 33.549942017 -0.694845140 39.112823486 1.432003975 33.964080811 0.460158169 32.310337067 -0.020734757 34.791172028 -1.961371183 35.836399078 -2.558916569 31.970542908 -2.385321617 38.237403870 2.472925663 36.201572418 -0.730837584 39.977138519 1.319478035 37.788112640 0.404923409 31.940507889 0.088235058 34.900581360 -2.048553944 37.941329956 -2.587976933 37.893909454 -2.221013546 34.841846466 2.537690401 33.535274506 -0.678873420 38.585189819 1.352711201
36.688964844 -2.371373177 36.557140350 2.352948666 34.029010773 -0.706551433 39.590579987 1.444124699 34.442810059 0.467978120 32.787857056 -0.006101741 35.267967224 -1.963577628 36.315124512 -2.550377369 32.446388245 -2.370535135 38.713462830 2.460532188 36.678527832 -0.741814613 39.976146698 1.331482649 38.261665344 0.411653280 32.419475555 0.103034206 35.377872467 -2.049034357 38.420619965 -2.586178303 38.369762421 -2.208509207 35.320358276 2.524106503 34.012783051 -0.690422833 39.062034607 1.364994526
37.156070709 -2.358428001 37.033893585 2.339961529 34.508296967 -0.718392849 39.902690887 1.456152320 34.922054291 0.473273873 33.266464233 0.008355596 35.746936798 -1.967036247 36.794307709 -2.543055058 32.922473907 -2.355926514 39.191230774 2.448259592 37.156707764 -0.752915502 39.974693298 1.343514681 38.736377716 0.416155457 32.899101257 0.117653504 35.856300354 -2.050976276 38.900825500 -2.584120035 38.846805573 -2.196410179 35.799545288 2.510671377 34.492500305 -0.702123463 39.539970398 1.377159357
37.624664307 -2.345616817 37.511325836 2.327481747 34.987930298 -0.730331361 39.974494934 1.468199015 35.401931763 0.476377875 33.745830536 0.022639731 36.227149963 -1.971573710 37.273902893 -2.537030220 33.399181366 -2.341493607 39.670524597 2.436108828 37.635700226 -0.764106572 39.972751617 1.355572224 39.212745667 0.418717891 33.379554749 0.132094339 36.334991455 -2.054178953 39.381690979 -2.581969261 39.324687958 -2.185600996 36.279006958 2.497385025 34.974193573 -0.713941634 39.871623993 1.389224291
38.095073700 -2.332939148 37.988952637 2.316714764 35.468711853 -0.742334425 39.972202301 1.480283618 35.884212494 0.477579802 34.225532532 0.036751397 36.707798004 -1.977040291 37.754573822 -2.532627344 33.877227783 -2.327237844 39.941795349 2.424243450 38.115486145 -0.775356591 39.971054077 1.367656946 39.689819336 0.419595808 33.860385895 0.146356970 36.813488007 -2.058469534 39.780445099 -2.580039024 39.760025024 -2.177016020 36.758987427 2.484246254 35.457641602 -0.725841284 39.962181091 1.401296854
38.566722870 -2.320394278 38.466526031 2.308502197 35.950634003 -0.754378557 39.970405579 1.492388129 36.367691040 0.477136791 34.706062317 0.050690610 37.188861847 -1.983301044 38.236186981 -2.529800177 34.357307434 -2.313156605 39.972702026 2.413185596 38.596050262 -0.786642909 39.969863892 1.379761815 39.932464600 0.419007063 34.341136932 0.160444602 37.292533875 -2.063696384 39.937595367 -2.578492880 39.954582214 -2.170798779 37.239723206 2.471254826 35.942478180 -0.737788677 39.959281921 1.413405895
39.039123535 -2.308085680 38.945281982 2.302690983 36.433670044 -0.766439378 39.968338013 1.504510403 36.850936890 0.475269586 35.187519073 0.064460538 37.671188354 -1.990241051 38.718761444 -2.528182507 34.838741302 -2.299248934 39.971813202 2.404025555 39.077724457 -0.797948182 39.968734741 1.391884089 39.934276581 0.417118549 34.822185516 0.174359441 37.771907806 -2.069725513 39.934906006 -2.577117920 39.951381683 -2.166620731 37.721008301 2.458510160 36.427562714 -0.749765217 39.957084656 1.425532699
39.512203217 -2.296409369 39.425682068 2.298970699 36.918067932 -0.778493524 39.965950012 1.516650438 37.334373474 0.472170770 35.669692993 0.078063592 38.154308319 -1.997760892 39.202095032 -2.527722597 35.320606232 -2.285511732 39.970626831 2.397246122 39.560401917 -0.809251308 39.966999054 1.404026270 39.930667877 0.414074421 35.304058075 0.188103229 38.251449585 -2.076441765 39.932052612 -2.575953007 39.948509216 -2.164271116 38.202415466 2.446833372 36.912673950 -0.761748850 39.954624176 1.437676907
39.847793579 -2.286543369 39.805065155 2.297067881 37.402805328 -0.790526450 39.963432312 1.528806806 37.817779541 0.468010247 36.153049469 0.091500111 38.637218475 -2.005772114 39.685958862 -2.528692007 35.803157806 -2.272631884 39.968635559 2.392583370 39.875988007 -0.820563734 39.965049744 1.416180611 39.928489685 0.410003841 35.786666870 0.201677576 38.731590271 -2.083745480 39.930049896 -2.575590611 39.945789337 -2.163546562 38.683712006 2.437408924 37.398471832 -0.773717821 39.952301025 1.449836135
39.943748474 -2.279151917 39.942443848 2.296745539 37.888195038 -0.802523911 39.960151672 1.540574074 38.301265717 0.462936252 36.637218475 0.104773663 39.120208740 -2.014198303 39.928371429 -2.530855179 36.286964417 -2.261911869 39.965988159 2.389802217 39.950172424 -0.831974089 39.962982178 1.428349495 39.925952911 0.405020893 36.269207001 0.215085030 39.212352753 -2.091547489 39.929359436 -2.575884104 39.943943024 -2.164267302 39.165149689 2.430525780 37.884502411 -0.785659432 39.950096130 1.462009907
39.937515259 -2.273935795 39.939201355 2.297821999 38.374866486 -0.814472377 39.956699371 1.551212072 38.784793854 0.457077056 37.121891022 0.117886357 39.603973389 -2.022973061 39.928913116 -2.534094810 36.772243500 -2.253886700 39.962882996 2.388693333 39.950580597 -0.843488514 39.960140228 1.440532327 39.923305511 0.399225533 36.751590729 0.228330046 39.684204102 -2.099772453 39.929779053 -2.576513052 39.942874908 -2.166270733 39.646163940 2.425856352 38.370765686 -0.797560751 39.947525024 1.474194646
39.931121826 -2.270663261 39.936508179 2.300143719 38.862194061 -0.826363862 39.953777313 1.559886813 39.268402100 0.450544864 37.607288361 0.130840793 39.877006531 -2.032061815 39.929645538 -2.538340092 37.258049011 -2.248309612 39.958560944 2.389071703 39.951419830 -0.855090201 39.956615448 1.452724338 39.921558380 0.392709315 37.234260559 0.241322011 39.913738251 -2.108384609 39.930664062 -2.577893019 39.941226959 -2.169417381 39.918037415 2.423108578 38.857620239 -0.809407830 39.944606781 1.486231804
39.925334930 -2.269118786 39.934680939 2.303571939 39.350006104 -0.838189542 39.951206207 1.566234112 39.718368530 0.443435818 38.092487335 0.143639877 39.906517029 -2.041518211 39.930534363 -2.543479681 37.743808746 -2.244860888 39.952968597 2.390772104 39.951385498 -0.866764903 39.952796936 1.464093566 39.919990540 0.385551035 37.717681885 0.253486633 39.910137177 -2.117426872 39.932052612 -2.580427408 39.938510895 -2.173579693 39.946743011 2.422024727 39.344341278 -0.821194172 39.941673279 1.497295022
39.920623779 -2.269112110 39.933265686 2.307984591 39.767406464 -0.849949360 39.948883057 1.570509911 39.924266815 0.435801357 38.577465057 0.156195328 39.903709412 -2.051294327 39.931980133 -2.549411058 38.229808807 -2.243258476 39.946319580 2.393648148 39.950611115 -0.878508091 39.948959351 1.473933339 39.918323517 0.377822340 38.202308655 0.263579994 39.907131195 -2.126829624 39.933879852 -2.583965778 39.935024261 -2.178643942 39.941059113 2.422424793 39.763275146 -0.832921863 39.938816071 1.506354570
39.916591644 -2.270471096 39.931598663 2.313271284 39.941154480 -0.861704946 39.946189880 1.572946906 39.919567108 0.427630723 39.062995911 0.167895421 39.900714874 -2.061349869 39.934085846 -2.556048155 38.716114044 -2.243259907 39.939506531 2.397569656 39.949909210 -0.890311897 39.945457458 1.481885552 39.917102814 0.369587749 38.687500000 0.271029979 39.905239105 -2.136555195 39.935836792 -2.588051796 39.930908203 -2.184509754 39.936058044 2.424145222 39.938709259 -0.844647825 39.936424255 1.513110876
39.913364410 -2.273042679 39.929225922 2.319335938 39.941730499 -0.873539269 39.943260193 1.573751211 39.913902283 0.419001102 39.548728943 0.177549332 39.897533417 -2.071654797 39.936656952 -2.563286066 39.202846527 -2.244651318 39.933475494 2.402420521 39.949306488 -0.902164578 39.942142487 1.487591386 39.916202545 0.360902369 39.173091888 0.276179671 39.904983521 -2.146566868 39.938018799 -2.592105865 39.926570892 -2.191090345 39.931697845 2.427039146 39.937862396 -0.856459916 39.934444427 1.517749906
39.911472321 -2.276695728 39.926631927 2.326092482 39.941986084 -0.885425806 39.940750122 1.573099971 39.907424927 0.409964651 39.871177673 0.184677109 39.894809723 -2.082181931 39.939228058 -2.571057796 39.690269470 -2.247246504 39.928115845 2.408098459 39.949035645 -0.914068460 39.938564301 1.491300225 39.915687561 0.351816595 39.658935547 0.279327452 39.905517578 -2.156830072 39.940647125 -2.596161604 39.922340393 -2.198306084 39.927738190 2.430977106 39.937129974 -0.868322909 39.933139801 1.520510674
39.910449982 -2.281309128 39.924850464 2.333463430 39.941802979 -0.897357523 39.938510895 1.571155429 39.901580811 0.400564462 39.950191498 0.189645275 39.892211914 -2.092905998 39.941146851 -2.579156637 39.937500000 -2.250893831 39.923301697 2.414510727 39.949115753 -0.926014125 39.934673309 1.493231893 39.916290283 0.342373818 39.923599243 0.280734897 39.906364441 -2.167319059 39.943218231 -2.600533962 39.917488098 -2.206085443 39.924995422 2.435842991 39.936733246 -0.880233824 39.932731628 1.521598577
39.911136627 -2.286775112 39.923542023 2.341380835 39.941398621 -0.909325123 39.936519623 1.568064451 39.897209167 0.390842021 39.948268890 0.192703217 39.890148163 -2.103804111 39.941757202 -2.587469578 39.940338135 -2.255508184 39.919029236 2.421576500 39.948940277 -0.937993288 39.932132721 1.493583322 39.917800903 0.332616955 39.943382263 0.280625850 39.907550812 -2.178009033 39.945663452 -2.605214357 39.912212372 -2.214367151 39.923423767 2.441533327 39.936325073 -0.892185748 39.932483673 1.521200418
39.914520264 -2.292997837 39.921234131 2.349783659 39.940559387 -0.921330035 39.934482574 1.563952923 39.894439697 0.380833507 39.945487976 0.194057286 39.888397217 -2.114858627 39.941879272 -2.595755816 39.939262390 -2.260974884 39.915214539 2.429223537 39.947467804 -0.950006902 39.930271149 1.492533326 39.919906616 0.322579503 39.939952850 0.279165417 39.908878326 -2.188874483 39.947959900 -2.610452890 39.907684326 -2.223095417 39.922508240 2.447956562 39.935707092 -0.904172897 39.933013916 1.519481301
39.918846130 -2.299894094 39.918334961 2.358618736 39.939060211 -0.933364511 39.931476593 1.558929205 39.893920898 0.370569348 39.943134308 0.193895623 39.888248444 -2.126052856 39.942012787 -2.603797197 39.937557220 -2.267199516 39.912483215 2.437386036 39.944915771 -0.962051570 39.929851532 1.490232468 39.921813965 0.312291622 39.937236786 0.276503086 39.911167145 -2.199898005 39.949504852 -2.616120815 39.904258728 -2.232220411 39.922050476 2.455031395 39.935306549 -0.916194558 39.933532715 1.516589284
39.922607422 -2.307389259 39.915946960 2.367838383 39.937412262 -0.945427597 39.927593231 1.553099394 39.895286560 0.360081166 39.940685272 0.192388028 39.890064240 -2.137368441 39.942375183 -2.611378431 39.935451508 -2.274097919 39.910045624 2.446008444 39.942119598 -0.974124968 39.930511475 1.486823201 39.922924042 0.301781774 39.934238434 0.272770971 39.914665222 -2.211061954 39.950489044 -2.621541739 39.901630402 -2.241697073 39.921802521 2.462685108 39.935779572 -0.928244710 39.933044434 1.512656212
39.926406860 -2.315414906 39.914028168 2.377398968 39.935901642 -0.957516015 39.923686981 1.546554923 39.898269653 0.349393129 39.938602448 0.189683944 39.892726898 -2.148790836 39.942989349 -2.618515253 39.933700562 -2.281593323 39.907806396 2.455038548 39.940536499 -0.986220419 39.930885315 1.482430339 39.923034668 0.291074634 39.931472778 0.268086940 39.917598724 -2.222349882 39.951538086 -2.626957417 39.900402069 -2.251486301 39.921527863 2.470853806 39.937046051 -0.940321922 39.932289124 1.507791400
39.930091858 -2.323914528 39.912513733 2.387263298 39.934604645 -0.969622910 39.919231415 1.539368987 39.901985168 0.338528007 39.937637329 0.185913816 39.897747040 -2.160310030 39.943740845 -2.625424385 39.932300568 -2.289620876 39.906711578 2.464430571 39.940006256 -0.998335421 39.931945801 1.477156758 39.922058105 0.280193627 39.929538727 0.262560636 39.919570923 -2.233747959 39.952545166 -2.632522106 39.901115417 -2.261554241 39.921119690 2.479480028 39.938323975 -0.952419758 39.931060791 1.502102494
39.933334351 -2.332833767 39.912494659 2.397396803 39.934017181 -0.981753051 39.913749695 1.531616449 39.906127930 0.327504724 39.936664581 0.181198791 39.904193878 -2.171913385 39.944297791 -2.632034779 39.930721283 -2.298123121 39.906116486 2.474145889 39.939769745 -1.010469794 39.932685852 1.471106172 39.920894623 0.269154817 39.928050995 0.256282508 39.921634674 -2.245243788 39.952983856 -2.638137579 39.903564453 -2.271869659 39.921115875 2.488512516 39.939468384 -0.964536667 39.929553986 1.495684385
39.936088562 -2.342125177 39.913295746 2.407770157 39.934661865 -0.993899465 39.907489777 1.523358941 39.910835266 0.316341877 39.934803009 0.175644100 39.911209106 -2.183589458 39.943618774 -2.638825893 39.929218292 -2.307045460 39.902805328 2.484147787 39.940212250 -1.022621512 39.933681488 1.464365125 39.919971466 0.257977277 39.926841736 0.249335542 39.923858643 -2.256827831 39.952732086 -2.644273758 39.906890869 -2.282403708 39.921035767 2.497907162 39.941028595 -0.976672053 39.928089142 1.488610864
39.937347412 -2.351748228 39.914047241 2.418355465 39.936191559 -1.006059289 39.902130127 1.514648795 39.915561676 0.305056334 39.932296753 0.169339702 39.918453217 -2.195333719 39.942012787 -2.645488262 39.928630829 -2.316340446 39.900348663 2.494404793 39.940696716 -1.034786224 39.935237885 1.457005739 39.919319153 0.246676132 39.926441193 0.241796836 39.926250458 -2.268489122 39.952548981 -2.650550842 39.909774780 -2.293131828 39.920688629 2.507623672 39.942890167 -0.988822401 39.926944733 1.480957866
39.936592102 -2.361666441 39.915023804 2.429130554 39.937850952 -1.018232822 39.898223877 1.505541563 39.920303345 0.293658793 39.930118561 0.162370950 39.924629211 -2.207135677 39.940174103 -2.651390076 39.928531647 -2.325968742 39.900234222 2.504888058 39.941040039 -1.046962857 39.936473846 1.449100852 39.919414520 0.235265613 39.926109314 0.233730569 39.928073883 -2.280218840 39.952198029 -2.656267405 39.912029266 -2.304031849 39.920589447 2.517625093 39.944671631 -1.000987411 39.925853729 1.472792387
39.935398102 -2.371847868 39.915588379 2.440073013 39.939392090 -1.030417442 39.894012451 1.496081471 39.924457550 0.282164693 39.928047180 0.154811844 39.930122375 -2.218988419 39.939033508 -2.657082558 39.928974152 -2.335891724 39.899238586 2.515573025 39.941467285 -1.059151769 39.937282562 1.440709710 39.920524597 0.223758012 39.924072266 0.225194663 39.929595947 -2.292009354 39.951290131 -2.661544085 39.914646149 -2.315086842 39.921257019 2.527880669 39.946304321 -1.013165355 39.924472809 1.464167476
39.934860229 -2.382264614 39.915283203 2.451165199 39.941085815 -1.042612314 39.889465332 1.486302733 39.928131104 0.270584285 39.925617218 0.146727115 39.935901642 -2.230888844 39.939006805 -2.662699461 39.929538727 -2.346076488 39.898288727 2.526436329 39.941120148 -1.071351409 39.938301086 1.431887984 39.921943665 0.212164074 39.920810699 0.216241017 39.931209564 -2.303854227 39.951019287 -2.666698933 39.917503357 -2.326277494 39.922779083 2.538361549 39.947105408 -1.025354028 39.923267365 1.455134392
39.934120178 -2.392888069 39.915500641 2.462390661 39.943054199 -1.054818273 39.885795593 1.476244926 39.931713104 0.258925319 39.922889709 0.138174534 39.941303253 -2.242830753 39.939624786 -2.667724609 39.929515839 -2.356495380 39.896739960 2.537458181 39.940464020 -1.083559513 39.939174652 1.422680616 39.923885345 0.200493827 39.916873932 0.206917420 39.932926178 -2.315747023 39.950672150 -2.671492100 39.920131683 -2.337588310 39.924873352 2.549041271 39.947654724 -1.037550926 39.922279358 1.445741415
39.932708740 -2.403695107 39.916419983 2.473733664 39.944946289 -1.067029595 39.882686615 1.465936661 39.935443878 0.247199267 39.919235229 0.129206613 39.945446014 -2.254808187 39.940052032 -2.672295332 39.929271698 -2.367119789 39.895435333 2.548622847 39.939987183 -1.095775485 39.938663483 1.413130522 39.926689148 0.188755810 39.912521362 0.197262570 39.934608459 -2.327684164 39.949634552 -2.675890923 39.922660828 -2.349008799 39.926780701 2.559900045 39.948791504 -1.049756885 39.921085358 1.436027527
39.931613922 -2.414667845 39.916511536 2.485181332 39.946708679 -1.079247475 39.881072998 1.455406189 39.939334869 0.235412240 39.915325165 0.119868964 39.949157715 -2.266817093 39.940677643 -2.676667452 39.929119110 -2.377930641 39.895774841 2.559914112 39.939704895 -1.108001232 39.937030792 1.403278112 39.928649902 0.176957741 39.908279419 0.187313840 39.936317444 -2.339658737 39.948699951 -2.680256128 39.925113678 -2.360524178 39.927822113 2.570916414 39.949569702 -1.061972737 39.919242859 1.426025629
39.931777954 -2.425785542 39.915489197 2.496722221 39.948898315 -1.091472268 39.881404877 1.444681168 39.942459106 0.223571345 39.911911011 0.110202521 39.952610016 -2.278854609 39.941486359 -2.680774212 39.930015564 -2.388904095 39.895435333 2.571315527 39.940238953 -1.120228767 39.934852600 1.393155456 39.929138184 0.165106118 39.903499603 0.177104682 39.938259125 -2.351665497 39.948894501 -2.684323788 39.927459717 -2.372123480 39.926883698 2.582074165 39.949710846 -1.074194551 39.916889191 1.415768147
39.932922363 -2.437033176 39.913848877 2.508347511 39.951423645 -1.103701830 39.881755829 1.433779597 39.944499969 0.211682960 39.908294678 0.100244075 39.954914093 -2.290919304 39.942089081 -2.684529543 39.931709290 -2.400022268 39.898567200 2.582815170 39.940681458 -1.132463098 39.932235718 1.382791519 39.929214478 0.153206736 39.898532867 0.166661635 39.939376831 -2.363702774 39.950035095 -2.687999725 39.929504395 -2.383798599 39.926532745 2.593357563 39.949501038 -1.086419821 39.914505005 1.405285597
39.934741974 -2.448393822 39.912391663 2.520047665 39.953788757 -1.115937948 39.882148743 1.422722578 39.945423126 0.199750185 39.904331207 0.090025350 39.956512451 -2.303007603 39.942653656 -2.687798977 39.933494568 -2.411270618 39.904788971 2.594401121 39.940628052 -1.144705772 39.929080963 1.372213960 39.929145813 0.141264126 39.893234253 0.156012014 39.940120697 -2.375766993 39.951183319 -2.691834211 39.931171417 -2.395541668 39.926883698 2.604751348 39.949184418 -1.098655701 39.912586212 1.394603014
39.937221527 -2.459857464 39.911636353 2.531811953 39.955722809 -1.128175020 39.883510590 1.411529422 39.945972443 0.187778711 39.899665833 0.079575166 39.958080292 -2.315114260 39.942855835 -2.690804243 39.934745789 -2.422632694 39.909030914 2.606065035 39.940830231 -1.156950235 39.925994873 1.361446500 39.929176331 0.129283607 39.887382507 0.145178333 39.940704346 -2.387856245 39.952388763 -2.695918083 39.932544708 -2.407344341 39.926013947 2.616244793 39.948772430 -1.110895634 39.910449982 1.383740306
39.939922333 -2.471410990 39.909057617 2.543634653 39.957195282 -1.140417099 39.885768890 1.400213957 39.946884155 0.175774470 39.894512177 0.068918347 39.958892822 -2.327240229 39.942378998 -2.693888187 39.935646057 -2.434096098 39.914184570 2.617796659 39.940746307 -1.169200778 39.923980713 1.350507975 39.929393768 0.117269710 39.880100250 0.134179384 39.941146851 -2.399966717 39.953624725 -2.699988127 39.933738708 -2.419198275 39.926227570 2.627825737 39.948410034 -1.123134613 39.907516479 1.372719526
39.941535950 -2.483042479 39.908573151 2.555512905 39.957935333 -1.152663112 39.887676239 1.388788581 39.947624207 0.163740873 39.889492035 0.058078658 39.958808899 -2.339383841 39.941204071 -2.697175026 39.936859131 -2.445650578 39.919734955 2.629588604 39.940643311 -1.181268096 39.922279358 1.339419484 39.928794861 0.105225138 39.871555328 0.123033963 39.942199707 -2.412093878 39.954689026 -2.703775883 39.934635162 -2.431101799 39.926460266 2.639485836 39.947628021 -1.135381699 39.904560089 1.361555219
39.942043304 -2.494749546 39.911167145 2.567433834 39.958019257 -1.164912224 39.888862610 1.377268434 39.948246002 0.151678473 39.885345459 0.047075912 39.958801270 -2.351541519 39.940002441 -2.700401545 39.937721252 -2.457286835 39.925014496 2.641433477 39.940456390 -1.193131208 39.920825958 1.328198314 39.928058624 0.093154080 39.862937927 0.111757994 39.942974091 -2.424238443 39.955696106 -2.707720280 39.935489655 -2.443045139 39.926143646 2.651215553 39.946556091 -1.147632003 39.901679993 1.350265265
39.942245483 -2.506518602 39.912582397 2.579394579 39.957679749 -1.177163005 39.890850067 1.365662694 39.948524475 0.139592558 39.882457733 0.035928521 39.959159851 -2.363710880 39.939281464 -2.703325272 39.938278198 -2.468992233 39.929969788 2.653326511 39.939231873 -1.204658985 39.920280457 1.316858053 39.928623199 0.081059508 39.854183197 0.100364536 39.943038940 -2.436398506 39.956996918 -2.711753130 39.936046600 -2.455026388 39.925685883 2.663006306 39.945751190 -1.159885406 39.899055481 1.338863850
39.942119598 -2.518342972 39.914257050 2.591392517 39.956573486 -1.189418435 39.894454956 1.353980064 39.948371887 0.127486125 39.879215240 0.024652164 39.959308624 -2.375892401 39.939373016 -2.706305265 39.938690186 -2.480763197 39.933860779 2.665261507 39.937904358 -1.215337038 39.920642853 1.305413008 39.929759979 0.068943597 39.845649719 0.088867143 39.942089081 -2.448571444 39.957996368 -2.715380669 39.936485291 -2.467042685 39.923042297 2.674851179 39.944942474 -1.172144532 39.897430420 1.327361584
39.942150116 -2.530219793 39.915977478 2.603421450 39.955299377 -1.201653838 39.898277283 1.342231512 39.947826385 0.115359351 39.875179291 0.013261125 39.958602905 -2.388085365 39.940143585 -2.709379196 39.938148499 -2.492591381 39.935913086 2.677233696 39.936721802 -1.225203395 39.922199249 1.293877482 39.930904388 0.056810267 39.837825775 0.077277258 39.940322876 -2.460759163 39.958400726 -2.718907356 39.937522888 -2.479086876 39.922691345 2.686748028 39.944541931 -1.184407234 39.896949768 1.315771699
39.943183899 -2.542142868 39.918426514 2.615479231 39.954483032 -1.213832617 39.901874542 1.330422163 39.947250366 0.103216209 39.871124268 0.001768088 39.957630157 -2.400287628 39.941402435 -2.712135077 39.936588287 -2.504469156 39.936813354 2.689240456 39.935668945 -1.234389067 39.924392700 1.282255650 39.932701111 0.044660404 39.831172943 0.065605626 39.938766479 -2.472954512 39.958240509 -2.722509861 39.938964844 -2.491157770 39.923915863 2.698686838 39.944450378 -1.196665764 39.897720337 1.304103374
39.944644928 -2.554102421 39.922195435 2.627561569 39.953506470 -1.225857973 39.905536652 1.318561196 39.946990967 0.091058016 39.866577148 -0.009816647 39.957061768 -2.412497997 39.943332672 -2.714609623 39.934726715 -2.516392231 39.937202454 2.701277733 39.935245514 -1.242796540 39.926677704 1.270561695 39.934719086 0.032496069 39.826126099 0.053860601 39.937023163 -2.485161066 39.957691193 -2.726048231 39.940399170 -2.503251314 39.922893524 2.710664272 39.944358826 -1.208930850 39.899497986 1.292365551
39.946125031 -2.566096544 39.923797607 2.639664888 39.952644348 -1.237445116 39.909038544 1.306653261 39.947074890 0.078886122 39.861953735 -0.021482917 39.956684113 -2.424715042 39.945182800 -2.717157841 39.933082581 -2.528356075 39.936882019 2.713342667 39.935573578 -1.250534296 39.928863525 1.258803606 39.937290192 0.020319812 39.821884155 0.042050868 39.935115814 -2.497376204 39.956970215 -2.729458332 39.942039490 -2.515364885 39.922641754 2.722675323 39.944763184 -1.221009731 39.901695251 1.280568600
39.947750092 -2.578123808 39.927978516 2.651789188 39.951618195 -1.248034954 39.912513733 1.294704676 39.947540283 0.066702865 39.858570099 -0.033220336 39.955726624 -2.436939478 39.946708679 -2.719868660 39.931884766 -2.540356398 39.936702728 2.725431919 39.936424255 -1.257702351 39.930713654 1.246987224 39.940895081 0.008132643 39.819774628 0.030184403 39.933231354 -2.509600163 39.956291199 -2.733034372 39.944026947 -2.527495384 39.923145294 2.734717369 39.945503235 -1.232912779 39.904479980 1.268717766
39.948753357 -2.590177536 39.935115814 2.663927317 39.950584412 -1.257419586 39.916442871 1.282718897 39.948097229 0.054508619 39.856517792 -0.045021754 39.954269409 -2.449169397 39.948089600 -2.722580671 39.930564880 -2.552388191 39.937492371 2.737542391 39.937377930 -1.264060736 39.932838440 1.235119104 39.945095062 -0.004063473 39.820331573 0.018267727 39.931602478 -2.521834135 39.955501556 -2.736753702 39.945701599 -2.539641380 39.923847198 2.746787786 39.946949005 -1.244602442 39.907855988 1.256817341
39.949626923 -2.602255821 39.940372467 2.676080227 39.950317383 -1.265749454 39.920494080 1.270699739 39.948310852 0.042305507 39.854801178 -0.056880038 39.952785492 -2.461404800 39.948852539 -2.725263596 39.928878784 -2.564448833 39.937099457 2.749671698 39.938037872 -1.269315720 39.935688019 1.223205566 39.949588776 -0.016267059 39.820892334 0.006306796 39.931079865 -2.534066200 39.955318451 -2.740589619 39.946956635 -2.551805496 39.925048828 2.758879662 39.948551178 -1.255796671 39.911289215 1.244875312
39.950523376 -2.614355564 39.945442200 2.688246250 39.950271606 -1.272976637 39.924297333 1.258654356 39.948204041 0.030094260 39.854080200 -0.068788327 39.951343536 -2.473645926 39.949226379 -2.727932692 39.927204132 -2.576534271 39.939514160 2.761816978 39.938659668 -1.273618698 39.938568115 1.211252451 39.953945160 -0.028478064 39.821353912 -0.005693622 39.930473328 -2.546309471 39.955207825 -2.744399548 39.947746277 -2.563979149 39.924190521 2.770992756 39.949790955 -1.266109586 39.915256500 1.232895732
39.950897217 -2.626476765 39.949390411 2.700422764 39.950515747 -1.279408693 39.928268433 1.246581674 39.947788239 0.017875159 39.855178833 -0.080740593 39.950099945 -2.485892773 39.949302673 -2.730778694 39.926589966 -2.588641882 39.944221497 2.773974657 39.940422058 -1.277385831 39.941291809 1.199264169 39.958312988 -0.040694937 39.822086334 -0.017729195 39.930244446 -2.558559179 39.954715729 -2.747988462 39.948436737 -2.576163530 39.925884247 2.783012152 39.951038361 -1.275462627 39.919658661 1.220881939
39.951309204 -2.638613701 39.952327728 2.712609053 39.950496674 -1.285054088 39.932136536 1.234485626 39.946773529 0.005649485 39.856910706 -0.092731126 39.949203491 -2.498142481 39.948925018 -2.734238386 39.926731110 -2.600769520 39.946659088 2.786146402 39.942638397 -1.280800939 39.943580627 1.187243581 39.962707520 -0.052916624 39.823280334 -0.029795296 39.931240082 -2.570807934 39.953815460 -2.751252174 39.949794769 -2.588360786 39.929546356 2.794775248 39.952110291 -1.284098506 39.923519135 1.208841562
39.951850891 -2.650766850 39.954246521 2.724807501 39.949542999 -1.289725423 39.935428619 1.222372055 39.945629120 -0.006582672 39.859470367 -0.104756840 39.948303223 -2.510392189 39.948135376 -2.738338470 39.926536560 -2.612915039 39.948905945 2.798266411 39.944313049 -1.283909559 39.945400238 1.175193906 39.966056824 -0.065142848 39.825279236 -0.041888855 39.932849884 -2.583060026 39.952514648 -2.754212618 39.951999664 -2.600565672 39.930290222 2.805663586 39.952564240 -1.291797876 39.927772522 1.196772695
39.952720642 -2.662933588 39.955669403 2.737013102 39.947937012 -1.293587923 39.938068390 1.210239410 39.944816589 -0.018820656 39.862567902 -0.116812475 39.947608948 -2.522650003 39.947452545 -2.742496967 39.926864624 -2.625074863 39.950630188 2.809480667 39.946319580 -1.286790609 39.946662903 1.163120151 39.968212128 -0.077373825 39.828273773 -0.054006368 39.935367584 -2.595316887 39.951667786 -2.756988764 39.954833984 -2.612775803 39.931076050 2.815315723 39.952686310 -1.298458934 39.933002472 1.184681535
39.953872681 -2.675110817 39.956466675 2.749224186 39.946674347 -1.296957016 39.940689087 1.198089480 39.943893433 -0.031063003 39.865768433 -0.128894553 39.947528839 -2.534910440 39.946823120 -2.746450186 39.927814484 -2.637248993 39.951847076 2.819187403 39.948799133 -1.289549112 39.948005676 1.151024342 39.969478607 -0.089609429 39.832740784 -0.066144340 39.938320160 -2.607576847 39.950634003 -2.759646893 39.957893372 -2.624990940 39.932369232 2.823723555 39.952297211 -1.304450750 39.938301086 1.172574043
39.954711914 -2.687300205 39.956478119 2.761443615 39.945644379 -1.300146341 39.943576813 1.185929060 39.942848206 -0.043309748 39.870315552 -0.140999958 39.948165894 -2.547167301 39.945755005 -2.750388145 39.928997040 -2.649435520 39.952777863 2.827168703 39.951560974 -1.292100549 39.949226379 1.138908625 39.970005035 -0.101848587 39.838550568 -0.078300156 39.940883636 -2.619833708 39.949596405 -2.762411118 39.960479736 -2.637216091 39.933872223 2.830288649 39.951515198 -1.309754491 39.943420410 1.160445333
39.955451965 -2.699498653 39.955741882 2.773359299 39.944320679 -1.302922964 39.946105957 1.173756242 39.942157745 -0.055560753 39.876068115 -0.153125539 39.949459076 -2.559429646 39.944862366 -2.754439592 39.931152344 -2.661630392 39.950866699 2.833018303 39.954681396 -1.294545174 39.949939728 1.126774549 39.969944000 -0.114091463 39.845420837 -0.090471230 39.942970276 -2.632097244 39.948768616 -2.765316486 39.962436676 -2.649444580 39.934688568 2.834759474 39.950553894 -1.314082503 39.948093414 1.148300648
39.955837250 -2.711704016 39.954528809 2.784254313 39.942680359 -1.305101871 39.948165894 1.161571383 39.940742493 -0.067815065 39.882423401 -0.165269271 39.951091766 -2.571693897 39.944633484 -2.758408785 39.934261322 -2.673836231 39.951007843 2.836853504 39.957355499 -1.296909213 39.951110840 1.114624977 39.969123840 -0.126337141 39.853359222 -0.102655299 39.945564270 -2.644361019 39.947593689 -2.768391371 39.963916779 -2.661676407 39.932807922 2.837367058 39.949520111 -1.317497849 39.951705933 1.136145115
39.955703735 -2.723919392 39.953300476 2.793889523 39.940151215 -1.307043910 39.949573517 1.149374485 39.938915253 -0.080073155 39.889068604 -0.177427635 39.953105927 -2.583957672 39.944824219 -2.762225866 39.938068390 -2.686048269 39.952495575 2.838899374 39.959049225 -1.299324036 39.952514648 1.102461934 39.966625214 -0.138586596 39.861763000 -0.114850625 39.948429108 -2.656623602 39.946659088 -2.771749973 39.964782715 -2.673916101 39.931163788 2.838322163 39.948490143 -1.320279598 39.954284668 1.123976111
39.955574036 -2.736141443 39.951480865 2.802214861 39.937862396 -1.308903813 39.950389862 1.137169719 39.937431335 -0.092334509 39.894908905 -0.189598247 39.955257416 -2.596222878 39.945655823 -2.765950918 39.941761017 -2.698266506 39.950588226 2.839353561 39.959957123 -1.301917553 39.953594208 1.090286851 39.962436676 -0.150840357 39.870792389 -0.127055496 39.950469971 -2.668889523 39.946342468 -2.775476456 39.965396881 -2.686153889 39.930908203 2.837805748 39.946262360 -1.322665930 39.956771851 1.111795783
39.955341339 -2.748369217 39.947429657 2.808677197 39.936576843 -1.310742021 39.951042175 1.124959707 39.935977936 -0.104597680 39.899337769 -0.201782957 39.957077026 -2.608488560 39.947055817 -2.769438267 39.945354462 -2.710493088 39.948844910 2.838391542 39.960075378 -1.304579139 39.953987122 1.078099251 39.957305908 -0.163097799 39.880294800 -0.139267415 39.952316284 -2.681151867 39.946670532 -2.779326439 39.965656281 -2.698398352 39.929199219 2.835980415 39.943675995 -1.324859619 39.958602905 1.099605560
39.954975128 -2.760601997 39.945224762 2.813344955 39.935718536 -1.312657356 39.951744080 1.112740874 39.934555054 -0.116863504 39.903572083 -0.213977858 39.958477020 -2.620756149 39.948448181 -2.772740126 39.948848724 -2.722720861 39.947563171 2.836173534 39.959690094 -1.307753325 39.954460144 1.065902472 39.952461243 -0.175358638 39.888881683 -0.151486561 39.954059601 -2.693418503 39.947536469 -2.783049107 39.965770721 -2.710650206 39.929153442 2.832994461 39.941974640 -1.326794267 39.959590912 1.087404609
39.954685211 -2.772839308 39.944908142 2.816415787 39.935329437 -1.314843416 39.952236176 1.100516438 39.933467865 -0.129131883 39.908222198 -0.226181552 39.959228516 -2.633019924 39.949775696 -2.775994062 39.951610565 -2.734955549 39.946067810 2.832835674 39.958786011 -1.311237574 39.955333710 1.053696990 39.948047638 -0.187622324 39.896556854 -0.163712516 39.955204010 -2.705689192 39.948894501 -2.786868811 39.966583252 -2.722895384 39.931308746 2.828975201 39.940235138 -1.328365803 39.960155487 1.075195909
39.954982758 -2.785081863 39.942707062 2.817783594 39.935943604 -1.317255974 39.952190399 1.088284135 39.933162689 -0.141401783 39.913448334 -0.238394067 39.958877563 -2.645288944 39.950614929 -2.779394388 39.953868866 -2.747193813 39.944339752 2.828506470 39.957271576 -1.314691067 39.956539154 1.041484594 39.943744659 -0.199889481 39.903297424 -0.175943702 39.956245422 -2.717955351 39.950546265 -2.790775299 39.968006134 -2.735146761 39.933456421 2.824038267 39.938491821 -1.329740047 39.960369110 1.062982440
39.956172943 -2.797327518 39.941150665 2.817635536 39.937747955 -1.319836140 39.952224731 1.076045752 39.934417725 -0.153673545 39.918769836 -0.250613958 39.958297729 -2.657560587 39.950599670 -2.783165455 39.955421448 -2.759435654 39.941944122 2.823294640 39.956180573 -1.318073511 39.957706451 1.029264808 39.940162659 -0.212159127 39.908946991 -0.188180014 39.956947327 -2.730220556 39.952259064 -2.794600964 39.969432831 -2.747403383 39.933658600 2.818284988 39.937618256 -1.330871582 39.960620880 1.050760746
39.957321167 -2.809574842 39.940364838 2.816137314 39.940849304 -1.322765589 39.952373505 1.063806176 39.937206268 -0.165944740 39.923992157 -0.262838453 39.958168030 -2.669828415 39.950885773 -2.786695957 39.956478119 -2.771681309 39.938674927 2.817292213 39.955547333 -1.321456075 39.958526611 1.017041802 39.937137604 -0.224431396 39.913944244 -0.200419858 39.956672668 -2.742492676 39.954502106 -2.798549652 39.970157623 -2.759660006 39.932041168 2.811805248 39.937862396 -1.332103968 39.960807800 1.038534164
39.958164215 -2.821827888 39.940135956 2.813440800 39.945026398 -1.325667620 39.952163696 1.051561356 39.939838409 -0.178216189 39.928791046 -0.275068283 39.958049774 -2.682096720 39.951160431 -2.789607048 39.957744598 -2.783929825 39.935714722 2.810594559 39.953952789 -1.325184107 39.959384918 1.004812717 39.934955597 -0.236704469 39.918292999 -0.212664515 39.956230164 -2.754765987 39.957153320 -2.802420855 39.970561981 -2.771918297 39.930744171 2.804681778 39.938846588 -1.333639264 39.960762024 1.026300311
39.959289551 -2.834081173 39.940147400 2.809679270 39.949363708 -1.328571796 39.951663971 1.039314508 39.942146301 -0.190488756 39.933483124 -0.287303984 39.957668304 -2.694368362 39.950889587 -2.792394400 39.959018707 -2.796180248 39.933769226 2.803277731 39.953701019 -1.329247713 39.960155487 0.992573798 39.933609009 -0.248978466 39.921977997 -0.224914074 39.956108093 -2.767035007 39.959800720 -2.805900097 39.970939636 -2.784175396 39.929878235 2.796984673 39.940235138 -1.335486770 39.961105347 1.014062166
39.960407257 -2.846334219 39.939945221 2.804971933 39.953777313 -1.331662416 39.950706482 1.027063131 39.945198059 -0.202761039 39.937862396 -0.299543113 39.957263947 -2.706639767 39.951122284 -2.795185566 39.960254669 -2.808432579 39.932033539 2.795407057 39.954807281 -1.333303690 39.960735321 0.980334640 39.932621002 -0.261254460 39.925579071 -0.237164602 39.956077576 -2.779303312 39.961677551 -2.809089422 39.970870972 -2.796432972 39.929149628 2.788775682 39.941528320 -1.337638855 39.961711884 1.001822829
39.960803986 -2.858595610 39.939437866 2.799424887 39.957988739 -1.334764600 39.949638367 1.014805555 39.948978424 -0.215032607 39.941741943 -0.311784834 39.957687378 -2.718909740 39.952098846 -2.797838688 39.961456299 -2.820688486 39.930484772 2.787046432 39.954994202 -1.337228298 39.960998535 0.968091071 39.932140350 -0.273532212 39.928939819 -0.249417797 39.956268311 -2.791573763 39.962787628 -2.811927319 39.970657349 -2.808696508 39.928951263 2.780115366 39.942935944 -1.339798450 39.961448669 0.989575744
39.961021423 -2.870855331 39.938850403 2.793128252 39.961784363 -1.337818146 39.949535370 1.002548099 39.952690125 -0.227302641 39.945590973 -0.324030131 39.957992554 -2.731185913 39.952720642 -2.800074339 39.962436676 -2.832946301 39.929725647 2.778247833 39.955181122 -1.341117859 39.961200714 0.955845475 39.932922363 -0.285810053 39.931747437 -0.261675388 39.956249237 -2.803848028 39.963890076 -2.814290524 39.970249176 -2.820958853 39.928974152 2.771053553 39.944362640 -1.342093945 39.960620880 0.977327943
39.961734772 -2.883112192 39.938316345 2.786165714 39.964992523 -1.340939999 39.950225830 0.990289032 39.956024170 -0.239573449 39.949077606 -0.336279243 39.957744598 -2.743456841 39.952754974 -2.802021503 39.962833405 -2.845205307 39.930061340 2.769062757 39.955249786 -1.344830751 39.961471558 0.943598092 39.934635162 -0.298086762 39.934585571 -0.273934245 39.955780029 -2.816122532 39.964904785 -2.816449404 39.969360352 -2.833220005 39.928752899 2.761631250 39.945911407 -1.344671130 39.960281372 0.965079010
39.962638855 -2.895373583 39.938179016 2.778610229 39.967453003 -1.344422936 39.951675415 0.978029013 39.959274292 -0.251844913 39.952281952 -0.348528594 39.957023621 -2.755730629 39.952857971 -2.804020643 39.962844849 -2.857465029 39.931472778 2.759534359 39.955055237 -1.348304033 39.962455750 0.931344926 39.935993195 -0.310363770 39.937599182 -0.286194533 39.955810547 -2.828394890 39.965011597 -2.818743944 39.968311310 -2.845488548 39.929286957 2.751891851 39.948139191 -1.347599030 39.960361481 0.952823758
39.962963104 -2.907640219 39.939270020 2.770532608 39.969303131 -1.348216414 39.954093933 0.965765893 39.961925507 -0.264114976 39.955059052 -0.360780716 39.955482483 -2.768005371 39.952880859 -2.806240082 39.963672638 -2.869726419 39.932991028 2.749700546 39.954982758 -1.351571918 39.964145660 0.919091523 39.936985016 -0.322641551 39.940448761 -0.298456192 39.956310272 -2.840526104 39.963932037 -2.821083307 39.967433929 -2.857753038 39.931144714 2.741872549 39.950428009 -1.350802898 39.960685730 0.940567017
39.962821960 -2.919903755 39.940608978 2.761990547 39.970375061 -1.351739764 39.956638336 0.953502357 39.963481903 -0.276383936 39.957382202 -0.373036087 39.954349518 -2.780275106 39.953231812 -2.808543682 39.964622498 -2.881989717 39.934627533 2.739595890 39.954853058 -1.354770541 39.965774536 0.906836390 39.938545227 -0.334920287 39.942646027 -0.310720116 39.956722260 -2.852152824 39.961875916 -2.823312283 39.966487885 -2.870021343 39.933216095 2.731599331 39.953060150 -1.354174137 39.960788727 0.928310156
39.962661743 -2.932168484 39.941505432 2.753029108 39.970916748 -1.355022907 39.958717346 0.941237509 39.963783264 -0.288654327 39.959346771 -0.385291964 39.954021454 -2.792553186 39.954074860 -2.810732365 39.964477539 -2.894253016 39.936477661 2.729246378 39.954601288 -1.358048439 39.966762543 0.894577861 39.940795898 -0.347197562 39.944618225 -0.322984219 39.957344055 -2.863113165 39.958972931 -2.825314045 39.965152740 -2.882289648 39.934909821 2.721102953 39.956108093 -1.357603312 39.960884094 0.916050494
39.961849213 -2.944437027 39.942378998 2.743699312 39.970951080 -1.358378887 39.960750580 0.928974569 39.963592529 -0.300926000 39.961261749 -0.397549331 39.954483032 -2.804828167 39.955242157 -2.812964439 39.963790894 -2.906518698 39.938163757 2.718685627 39.954563141 -1.361223698 39.967178345 0.882317483 39.943542480 -0.359473288 39.946506500 -0.335248828 39.958198547 -2.873521566 39.955825806 -2.827156305 39.963764191 -2.894557714 39.936237335 2.710411072 39.959087372 -1.360966682 39.961097717 0.903788447
39.960411072 -2.956700563 39.943634033 2.734043837 39.970710754 -1.361563206 39.962566376 0.916710794 39.963485718 -0.313196123 39.963287354 -0.409808964 39.954906464 -2.817102432 39.956806183 -2.815187931 39.963306427 -2.918784857 39.940315247 2.707933426 39.954139709 -1.364418149 39.967594147 0.870059729 39.946155548 -0.371749938 39.948642731 -0.347515941 39.958793640 -2.883629799 39.953266144 -2.828913927 39.962768555 -2.906830549 39.937263489 2.699540854 39.962192535 -1.364331603 39.960956573 0.891524971
39.958728790 -2.968970537 39.945034027 2.724097490 39.970302582 -1.364666581 39.963405609 0.904443681 39.962512970 -0.325467676 39.965328217 -0.422067404 39.955078125 -2.829376221 39.958335876 -2.817584515 39.963058472 -2.931050062 39.942684174 2.697010517 39.952640533 -1.367698550 39.967342377 0.857798576 39.948280334 -0.383925736 39.950473785 -0.359782755 39.959903717 -2.893024683 39.951595306 -2.830768347 39.962528229 -2.919095755 39.938438416 2.688514709 39.965240479 -1.367681623 39.960964203 0.879260838
39.956691742 -2.981244802 39.946113586 2.713890076 39.969421387 -1.367987633 39.963848114 0.892177045 39.961429596 -0.337739110 39.966606140 -0.434329748 39.956027985 -2.841619492 39.959270477 -2.820018291 39.963092804 -2.943319798 39.945026398 2.685940027 39.952575684 -1.370777726 39.966552734 0.845534146 39.950286865 -0.395974547 39.950996399 -0.372049928 39.961627960 -2.901244879 39.950531006 -2.832887411 39.962833405 -2.931369066 39.940616608 2.677410364 39.967948914 -1.371167302 39.961284637 0.866995275
39.954929352 -2.993512630 39.946643829 2.703453779 39.968090057 -1.371651053 39.964279175 0.879909277 39.960388184 -0.350011826 39.967338562 -0.446591765 39.957790375 -2.853833675 39.959774017 -2.822502851 39.963230133 -2.955589056 39.946926117 2.674734354 39.954116821 -1.373800755 39.965988159 0.833271205 39.951721191 -0.407631993 39.950698853 -0.384320170 39.963359833 -2.908184290 39.949516296 -2.835143566 39.963378906 -2.943642616 39.943180084 2.666378736 39.970558167 -1.374902606 39.962043762 0.854729295
39.953685760 -3.005784035 39.947418213 2.692814827 39.966667175 -1.375669479 39.964168549 0.867642224 39.958724976 -0.362286508 39.968143463 -0.458852530 39.959583282 -2.865959644 39.960689545 -2.825318098 39.963577271 -2.967855930 39.948265076 2.663426638 39.955234528 -1.376944065 39.965167999 0.821004570 39.952659607 -0.418672711 39.950336456 -0.396590948 39.965461731 -2.914052010 39.948696136 -2.837483883 39.964408875 -2.955907345 39.944942474 2.655422211 39.972988129 -1.378832102 39.963134766 0.842464209
39.953125000 -3.018060684 39.948307037 2.681990862 39.965370178 -1.379775047 39.963729858 0.855373144 39.957015991 -0.374560535 39.968559265 -0.471116364 39.961158752 -2.877812147 39.961341858 -2.828277111 39.964420319 -2.980125427 39.949550629 2.652099848 39.955890656 -1.380036473 39.964263916 0.808738828 39.954208374 -0.429093480 39.950531006 -0.408862054 39.968048096 -2.919099569 39.949150085 -2.839822531 39.965248108 -2.968181133 39.945617676 2.644755125 39.974208832 -1.382919431 39.964233398 0.830196261
39.953205109 -3.030336380 39.948772430 2.671007156 39.964202881 -1.383932710 39.963253021 0.843103647 39.956066132 -0.386834294 39.968696594 -0.483382136 39.962795258 -2.888778448 39.961021423 -2.831401587 39.965316772 -2.992395163 39.950611115 2.641091347 39.956054688 -1.383101225 39.964138031 0.796471715 39.955738068 -0.438696027 39.951103210 -0.421133697 39.970081329 -2.922964811 39.950832367 -2.842292786 39.965911865 -2.980454445 39.945968628 2.634493828 39.974720001 -1.387003899 39.965404510 0.817927599
39.953495026 -3.042607069 39.949550629 2.660166740 39.963718414 -1.388238072 39.962631226 0.830834568 39.955947876 -0.398956299 39.968952179 -0.495646358 39.964233398 -2.898492336 39.959857941 -2.834522486 39.965686798 -3.004662991 39.951522827 2.630299568 39.955963135 -1.386166930 39.964843750 0.784200847 39.957012177 -0.447068691 39.952125549 -0.433402359 39.970939636 -2.925584793 39.952774048 -2.844970465 39.967220306 -2.992720842 39.946529388 2.624425173 39.975708008 -1.390986562 39.966548920 0.805664539
39.954349518 -3.054879189 39.950820923 2.649451256 39.963775635 -1.392550349 39.961765289 0.818566799 39.956275940 -0.410564154 39.968746185 -0.507915735 39.965709686 -2.907048225 39.958290100 -2.837439060 39.965736389 -3.016934156 39.952205658 2.619346619 39.955276489 -1.389259219 39.965793610 0.771934330 39.958015442 -0.453909039 39.953384399 -0.445675761 39.971149445 -2.927008390 39.954807281 -2.847690582 39.968654633 -3.004991293 39.947132111 2.614655256 39.976352692 -1.394844294 39.967334747 0.793397188
39.955924988 -3.067154646 39.952457428 2.638795137 39.964347839 -1.396938920 39.960590363 0.806294084 39.957588196 -0.421346575 39.968708038 -0.520181477 39.966636658 -2.914458513 39.956924438 -2.840007067 39.965957642 -3.029206038 39.952667236 2.608390331 39.954448700 -1.392488837 39.966335297 0.759670138 39.959194183 -0.459200710 39.954250336 -0.457949460 39.971355438 -2.927083731 39.956352234 -2.850635529 39.969615936 -3.017265558 39.947422028 2.605351686 39.976108551 -1.398625851 39.967929840 0.781124711
39.958015442 -3.079426050 39.953907013 2.628561020 39.965530396 -1.401508808 39.959774017 0.794019759 39.959197998 -0.431361586 39.968963623 -0.532443225 39.966468811 -2.920742273 39.955440521 -2.842398167 39.966758728 -3.041473627 39.953033447 2.597689390 39.954338074 -1.395851851 39.966529846 0.747399449 39.960697174 -0.463001043 39.954627991 -0.470220596 39.970752716 -2.925962925 39.957138062 -2.853512287 39.970233917 -3.029535055 39.947574615 2.596226692 39.975376129 -1.402472377 39.968181610 0.768854618
39.959854126 -3.091698170 39.955299377 2.618470192 39.966449738 -1.406220675 39.959201813 0.781750262 39.960586548 -0.440354198 39.968429565 -0.544716835 39.965366364 -2.925694942 39.953647614 -2.844951153 39.968349457 -3.053744793 39.953765869 2.587544441 39.955162048 -1.399278879 39.966697693 0.735128462 39.962432861 -0.465441704 39.954582214 -0.482494801 39.970134735 -2.924185038 39.957752228 -2.856241941 39.970809937 -3.041802168 39.947917938 2.587258339 39.974102020 -1.406256318 39.968616486 0.756587625
39.961288452 -3.103972673 39.956268311 2.608312607 39.967433929 -1.410843968 39.958496094 0.769477069 39.961555481 -0.447923243 39.968093872 -0.556986272 39.963825226 -2.929132938 39.951709747 -2.847485542 39.970127106 -3.066017151 39.955303192 2.578053474 39.955390930 -1.402588844 39.967037201 0.722861171 39.964328766 -0.466436923 39.954658508 -0.494767129 39.970005035 -2.921779156 39.957633972 -2.859087467 39.971328735 -3.054073095 39.947570801 2.578918219 39.972782135 -1.409945250 39.969020844 0.744322002
39.962635040 -3.116244316 39.956996918 2.598108530 39.968879700 -1.415233493 39.957984924 0.757201314 39.961727142 -0.454151481 39.968276978 -0.569251418 39.962417603 -2.931335688 39.950038910 -2.849806547 39.971736908 -3.078284740 39.956409454 2.569171429 39.955734253 -1.405878067 39.967350006 0.710589945 39.965381622 -0.465962589 39.954929352 -0.507042527 39.969085693 -2.918725729 39.957099915 -2.862080574 39.971508026 -3.066345215 39.945713043 2.571466923 39.971660614 -1.413640499 39.969074249 0.732052624
39.963893890 -3.128519058 39.957550049 2.588204622 39.970291138 -1.419476628 39.958042145 0.744928241 39.961517334 -0.458973676 39.968120575 -0.581523180 39.961261749 -2.932563066 39.948738098 -2.852101326 39.973091125 -3.090552807 39.956390381 2.561316729 39.956733704 -1.408990145 39.967628479 0.698318362 39.966049194 -0.464310586 39.955627441 -0.519317329 39.967342377 -2.915367603 39.956508636 -2.865096331 39.971508026 -3.078617096 39.943565369 2.564685822 39.970306396 -1.417286754 39.968883514 0.719780266
39.964763641 -3.140790939 39.957382202 2.579115868 39.971160889 -1.423332691 39.958877563 0.732656837 39.960956573 -0.462192923 39.968418121 -0.593791604 39.960037231 -2.933149815 39.947174072 -2.854139566 39.974121094 -3.102819681 39.956027985 2.554704905 39.957107544 -1.411777020 39.968059540 0.686050534 39.966339111 -0.462034971 39.956638336 -0.531588018 39.965431213 -2.912024975 39.955749512 -2.867961884 39.971424103 -3.090883255 39.942050934 2.558275938 39.969459534 -1.420936823 39.968227386 0.707507789
39.965240479 3.130126953 39.957756042 2.571081877 39.971637726 -1.426668048 39.959899902 0.720383823 39.960170746 -0.463897258 39.968803406 -0.606058538 39.958259583 -2.933277130 39.944740295 -2.855724335 39.974746704 -3.115091085 39.954498291 2.548870802 39.957313538 -1.414395571 39.968666077 0.673779249 39.965881348 -0.459073931 39.957344055 -0.543860435 39.963352203 -2.908870935 39.955295563 -2.870900631 39.971393585 -3.103153229 39.941356659 2.552198887 39.969295502 -1.424718857 39.967727661 0.695239782
39.965637207 3.117854118 39.958686829 2.563824892 39.971656799 -1.429618359 39.961273193 0.708109021 39.960693359 -0.464383990 39.968647003 -0.618329942 39.956012726 -2.932722569 39.942577362 -2.857280970 39.975208282 -3.127362251 39.952003479 2.543562889 39.957473755 -1.416989684 39.969097137 0.661509931 39.964927673 -0.455341130 39.957729340 -0.556135774 39.961044312 -2.905920982 39.955036163 -2.873882055 39.971260071 -3.115428686 39.941440582 2.546774387 39.969600677 -1.428303719 39.967189789 0.682968616
39.966247559 3.105581999 39.959423065 2.557389021 39.971286774 -1.432092071 39.962982178 0.695836306 39.961551666 -0.463932246 39.968475342 -0.630599976 39.953960419 -2.931513071 39.942031860 -2.859021664 39.975357056 -3.139626980 39.949703217 2.539096355 39.957530975 -1.419721484 39.969562531 0.649241328 39.963165283 -0.450924754 39.957702637 -0.568412304 39.958232880 -2.903114796 39.954982758 -2.877125502 39.971130371 -3.127696753 39.941196442 2.542305470 39.970359802 -1.431514502 39.966808319 0.670698345
39.967231750 3.093308926 39.959632874 2.551638603 39.970939636 -1.434017777 39.964962006 0.683565378 39.961357117 -0.462486833 39.968307495 -0.642871201 39.952526093 -2.929665804 39.942119598 -2.860855818 39.974807739 3.131290197 39.947479248 2.535492897 39.957721710 -1.422688127 39.969631195 0.636969924 39.961200714 -0.445890188 39.957389832 -0.580683112 39.955039978 -2.900339365 39.955551147 -2.880350590 39.970756531 -3.139966488 39.941043854 2.538420677 39.971096039 -1.434550166 39.966579437 0.658427298
39.967975616 3.081036568 39.958984375 2.545962334 39.970504761 -1.435730934 39.967552185 0.671292841 39.960510254 -0.460179538 39.968101501 -0.655143976 39.951950073 -2.927204609 39.942951202 -2.862914562 39.973869324 3.119019747 39.945438385 2.532074690 39.958305359 -1.425832391 39.970046997 0.624699295 39.958854675 -0.440709978 39.956554413 -0.592955530 39.952594757 -2.897542715 39.956394196 -2.883199215 39.969764709 3.130945206 39.941913605 2.534775734 39.971736908 -1.437356830 39.966175079 0.646155357
39.968460083 3.068766594 39.957859039 2.540829897 39.970035553 -1.437301040 39.970176697 0.659023821 39.959300995 -0.457238048 39.967670441 -0.667414129 39.952274323 -2.924669027 39.944808960 -2.865051031 39.972694397 3.106745005 39.943790436 2.528738737 39.959323883 -1.428887963 39.971015930 0.612428784 39.954704285 -0.435718447 39.955673218 -0.605235279 39.950584412 -2.895179510 39.956794739 -2.885985613 39.968685150 3.118676901 39.943889618 2.531329870 39.972347260 -1.439731121 39.966323853 0.633885920
39.969463348 3.056494713 39.956256866 2.536430359 39.969890594 -1.438683271 39.972530365 0.646752715 39.956806183 -0.453585654 39.967041016 -0.679684579 39.953544617 -2.922047138 39.946907043 -2.866985321 39.971271515 3.094475746 39.942481995 2.525795937 39.960231781 -1.431864500 39.971313477 0.600159645 39.953632355 -0.430839419 39.955833435 -0.617509723 39.949302673 -2.893737555 39.957035065 -2.888512611 39.968437195 3.106405258 39.945835114 2.527929306 39.972736359 -1.441776633 39.966636658 0.621610701
39.970672607 3.044222593 39.954296112 2.532364368 39.970119476 -1.440008640 39.974372864 0.634481847 39.954376221 -0.449345946 39.966537476 -0.691955328 39.955451965 -2.919212341 39.948921204 -2.869010687 39.969898224 3.082209826 39.941326141 2.523288250 39.959030151 -1.434813261 39.971279144 0.587888241 39.954288483 -0.425707161 39.956695557 -0.629781127 39.949222565 -2.892921448 39.957183838 -2.890534401 39.968711853 3.094132423 39.947006226 2.524499893 39.972671509 -1.443581581 39.966918945 0.609340727
39.971446991 3.031954288 39.952533722 2.528460741 39.970516205 -1.441138029 39.975543976 0.622216463 39.952911377 -0.444728732 39.966121674 -0.704226732 39.957588196 -2.916635752 39.950935364 -2.871237040 39.969211578 3.069935322 39.940959930 2.521214962 39.959125519 -1.437699795 39.971084595 0.575618863 39.952548981 -0.420737773 39.957698822 -0.642057657 39.950000763 -2.892457485 39.956775665 -2.892224789 39.968589783 3.081859827 39.947002411 2.521193981 39.972812653 -1.445067286 39.967845917 0.597071826
39.971645355 3.019683599 39.950832367 2.524741173 39.971031189 -1.442106009 39.976459503 0.609942317 39.951473236 -0.439977497 39.965435028 -0.716501892 39.959705353 -2.914073467 39.953723907 -2.873496771 39.969032288 3.057662249 39.939720154 2.519315720 39.961128235 -1.440549016 39.970649719 0.563346326 39.951057434 -0.416595429 39.958667755 -0.654334784 39.951278687 -2.892331600 39.956394196 -2.893861294 39.968837738 3.069586515 39.945655823 2.518067837 39.973342896 -1.446492434 39.969455719 0.584797561
39.971408844 3.007412434 39.949794769 2.521260262 39.971687317 -1.443293571 39.977214813 0.597674251 39.949802399 -0.435038120 39.964179993 -0.728774369 39.961463928 -2.911527395 39.956798553 -2.875835896 39.969501495 3.045393229 39.939304352 2.517445087 39.961925507 -1.443246841 39.969921112 0.551073730 39.950004578 -0.413048178 39.960083008 -0.666605115 39.953285217 -2.892738342 39.956161499 -2.895336628 39.969894409 3.057315588 39.944511414 2.515117407 39.973945618 -1.448075294 39.971664429 0.572527230
39.971031189 2.995220661 39.949195862 2.517839909 39.972869873 -1.444751978 39.978015900 0.585411191 39.947685242 -0.429819286 39.962635040 -0.741042793 39.962612152 -2.909462929 39.959133148 -2.878146648 39.970027924 3.033119917 39.940757751 2.515605688 39.962486267 -1.445865870 39.969276428 0.538806915 39.949905396 -0.409910232 39.961696625 -0.678874850 39.955833435 -2.893589973 39.956462860 -2.896484375 39.971290588 3.045048714 39.944770813 2.512091398 39.973976135 -1.449732900 39.973373413 0.560258687
39.971023560 2.983127832 39.948883057 2.514536381 39.974063873 -1.446348548 39.978870392 0.573137641 39.945858002 -0.424667001 39.961177826 -0.753319800 39.962684631 -2.907422781 39.960983276 -2.880359173 39.970119476 3.020848274 39.942356110 2.513441086 39.963668823 -1.448351264 39.968681335 0.526535511 39.950656891 -0.407531917 39.963306427 -0.691151202 39.957599640 -2.894396782 39.957733154 -2.897381783 39.972908020 3.032776356 39.945022583 2.508587360 39.973735809 -1.451277852 39.974163055 0.547987223
39.971450806 2.971238136 39.948577881 2.511435509 39.975021362 -1.448013186 39.979518890 0.560869694 39.943702698 -0.419886708 39.960266113 -0.765596509 39.961769104 -2.905363798 39.962970734 -2.882547617 39.970375061 3.008579969 39.944286346 2.510694981 39.965122223 -1.450417399 39.968292236 0.514264464 39.949008942 -0.406026751 39.964954376 -0.703425229 39.958126068 -2.895313740 39.958759308 -2.898005962 39.974254608 3.020503044 39.945148468 2.504988909 39.974201202 -1.452693939 39.974533081 0.535715938
39.971637726 2.959940434 39.948188782 2.508266449 39.976364136 -1.449620962 39.980087280 0.548603356 39.942359924 -0.415365249 39.959636688 -0.777867436 39.960273743 -2.903810978 39.965003967 -2.884494066 39.970970154 2.996308327 39.945823669 2.507566452 39.966659546 -1.452340841 39.968112946 0.501992047 39.949958801 -0.404881299 39.966304779 -0.715700984 39.957904816 -2.896512985 39.959575653 -2.898573637 39.975284576 3.008238316 39.945774078 2.501397371 39.974708557 -1.454117537 39.974773407 0.523447454
39.971904755 2.949327707 39.947677612 2.504800558 39.978111267 -1.451294780 39.980705261 0.536334574 39.942111969 -0.410955340 39.958683014 -0.790141046 39.958930969 -2.902655363 39.966480255 -2.886327267 39.971569061 2.984036446 39.947399139 2.504058838 39.968643188 -1.454330325 39.967670441 0.489718616 39.953380585 -0.403800100 39.968257904 -0.727971017 39.957439423 -2.897458553 39.959972382 -2.899264574 39.976196289 2.995968819 39.946586609 2.497555971 39.974552155 -1.455669641 39.974876404 0.511179686
39.972625732 2.939513683 39.946704865 2.501155138 39.979412079 -1.453086019 39.980773926 0.524066031 39.943271637 -0.406910419 39.958515167 -0.802414298 39.957927704 -2.901984930 39.967536926 -2.888426542 39.971736908 2.972167015 39.948921204 2.500148058 39.970478058 -1.456153512 39.967243195 0.477447122 39.953170776 -0.402931422 39.970447540 -0.740238190 39.955547333 -2.898123741 39.960609436 -2.900204659 39.976673126 2.983695507 39.947483063 2.493535519 39.974147797 -1.457432032 39.974430084 0.498907745
39.973777771 2.930900574 39.945499420 2.497566700 39.980285645 -1.454863906 39.980361938 0.511798620 39.944908142 -0.403225392 39.959243774 -0.814690888 39.956718445 -2.901690483 39.968296051 -2.890649080 39.971603394 2.961195707 39.950057983 2.496137619 39.970695496 -1.457752585 39.966709137 0.465433568 39.952529907 -0.402426034 39.971942902 -0.752512872 39.955295563 -2.898751736 39.961505890 -2.901169538 39.976654053 2.971427202 39.948024750 2.489277124 39.973834991 -1.459132910 39.972976685 0.486639678
39.974884033 2.923718691 39.943973541 2.493797064 39.981002808 -1.456637144 39.979896545 0.499533117 39.945960999 -0.399768710 39.959850311 -0.826968849 39.955631256 -2.901624918 39.968681335 -2.892865896 39.971584320 2.950994253 39.951137543 2.491998911 39.971843719 -1.459234834 39.965732574 0.453764737 39.951969147 -0.402373642 39.973442078 -0.764782310 39.957263947 -2.899538994 39.962005615 -2.902178764 39.976154327 2.959305286 39.948604584 2.484960079 39.973365784 -1.460583448 39.970985413 0.474521130
39.975669861 2.917827606 39.942760468 2.489676476 39.980949402 -1.458438516 39.979427338 0.487262547 39.946369171 -0.397035867 39.960678101 -0.839237571 39.955760956 -2.901531219 39.968727112 -2.894994497 39.971664429 2.941466331 39.952190399 2.487613678 39.973873138 -1.460677028 39.965171814 0.442785919 39.950546265 -0.402445912 39.974975586 -0.777049124 39.958148956 -2.900806665 39.962356567 -2.903579950 39.975440979 2.947582960 39.949287415 2.480384111 39.972965240 -1.462106943 39.969055176 0.462539554
39.976627350 2.913211346 39.941471100 2.485179424 39.980857849 -1.460312366 39.978977203 0.474993467 39.946365356 -0.394936264 39.961921692 -0.851513207 39.956542969 -2.900938511 39.968086243 -2.896895409 39.971179962 2.932929754 39.951877594 2.482723713 39.974143982 -1.462294459 39.964706421 0.432690978 39.949371338 -0.402454793 39.975940704 -0.789321899 39.959781647 -2.902326345 39.962261200 -2.905182123 39.975181580 2.936354160 39.949722290 2.475502729 39.972545624 -1.463871956 39.966983795 0.450850338
39.977592468 2.909943819 39.940040588 2.480470181 39.980567932 -1.462511539 39.978057861 0.462725878 39.946788788 -0.392951459 39.963562012 -0.863786459 39.957420349 -2.900177002 39.967174530 -2.898711205 39.970779419 2.925478458 39.950481415 2.477136612 39.974330902 -1.464099407 39.964527130 0.423539668 39.946990967 -0.402626991 39.976581573 -0.801587343 39.961410522 -2.903645039 39.961956024 -2.907014132 39.975662231 2.925759315 39.949768066 2.470577717 39.971790314 -1.465635896 39.964870453 0.439837903
39.978157043 2.907766104 39.940021515 2.475836515 39.979843140 -1.464966297 39.976879120 0.450582087 39.946861267 -0.391176432 39.965045929 -0.876057327 39.958358765 -2.899698973 39.966548920 -2.900575399 39.970661163 2.919000864 39.948703766 2.471361160 39.974475861 -1.466019034 39.964874268 0.415630072 39.947490692 -0.403260112 39.976390839 -0.813856781 39.961734772 -2.904601574 39.961860657 -2.909003496 39.976619720 2.916129827 39.949703217 2.465741634 39.970703125 -1.467437029 39.962715149 0.429750860
39.978385925 2.906558990 39.941802979 2.471277714 39.978878021 -1.467389107 39.975955963 0.438893437 39.947360992 -0.389721423 39.966728210 -0.888335049 39.958801270 -2.899717569 39.965946198 -2.902273655 39.970279694 2.913709402 39.946765900 2.465418339 39.974636078 -1.468118787 39.965248108 0.408866823 39.950023651 -0.403894961 39.975830078 -0.826133013 39.961566925 -2.904993296 39.961906433 -2.911145687 39.977458954 2.907526493 39.949874878 2.460957527 39.969398499 -1.469586611 39.960830688 0.421107292
39.978427887 2.906374693 39.945175171 2.466805935 39.978252411 -1.469823837 39.975273132 0.427747667 39.948219299 -0.388747096 39.969131470 -0.900602162 39.958969116 -2.900131464 39.965412140 -2.903912783 39.970165253 2.909750938 39.944793701 2.459283113 39.974845886 -1.470248818 39.965408325 0.403250426 39.949031830 -0.404400408 39.975791931 -0.838396847 39.961071014 -2.904833317 39.961463928 -2.913342714 39.978218079 2.899884462 39.950500488 2.456073284 39.968307495 -1.472077727 39.959320068 0.413893104
39.978305817 2.907257080 39.948375702 2.462182522 39.978153229 -1.472263217 39.974567413 0.417188346 39.948284149 -0.388408482 39.971073151 -0.912875772 39.959381104 -2.900889158 39.965023041 -2.905564070 39.970348358 2.906989574 39.942905426 2.453353405 39.974899292 -1.472466111 39.965541840 0.399014711 39.948497772 -0.405009210 39.975589752 -0.850665569 39.960327148 -2.904487133 39.960369110 -2.915546894 39.979248047 2.893375874 39.951663971 2.451279402 39.967258453 -1.474741220 39.958389282 0.407950938
39.978366852 2.909148216 39.950939178 2.457218885 39.978260040 -1.474591255 39.973873138 0.407596409 39.948047638 -0.388595611 39.972991943 -0.925147235 39.960205078 -2.902234554 39.964653015 -2.907175541 39.970405579 2.905248880 39.941581726 2.447800875 39.974418640 -1.474792957 39.965240479 0.396028161 39.948444366 -0.405374438 39.975521088 -0.862937212 39.959056854 -2.904326200 39.959365845 -2.917848349 39.980049133 2.888192177 39.953044891 2.446441650 39.966564178 -1.477673292 39.958427429 0.403395563
39.976589203 2.911753178 39.952995300 2.452109098 39.978092194 -1.476887465 39.973392487 0.399205327 39.947914124 -0.389071137 39.975006104 -0.937411010 39.961006165 -2.904157162 39.964206696 -2.908805370 39.970329285 2.904622078 39.941143036 2.442602873 39.974830627 -1.477021694 39.964351654 0.394010454 39.948528290 -0.405185491 39.975612640 -0.875204027 39.957290649 -2.904232979 39.958786011 -2.920178413 39.980525970 2.884503365 39.954795837 2.441692352 39.966552734 -1.480935931 39.959499359 0.400118917
39.976409912 2.914842129 39.953548431 2.447399139 39.977527618 -1.479182363 39.973114014 0.392336607 39.948127747 -0.389748126 39.975898743 -0.949684918 39.961853027 -2.906581640 39.963523865 -2.910072565 39.970920563 2.904902458 39.941410065 2.437622309 39.975345612 -1.479108334 39.963054657 0.393205374 39.948638916 -0.404318959 39.975349426 -0.887477040 39.955615997 -2.904325008 39.958034515 -2.922166109 39.980571747 2.882123470 39.956508636 2.436988592 39.966888428 -1.484309554 39.960895538 0.397990674
39.977886200 2.918186665 39.953487396 2.443256378 39.977424622 -1.481577396 39.972751617 0.387029290 39.949378967 -0.390607685 39.975978851 -0.961958170 39.962997437 -2.909198523 39.962432861 -2.910905600 39.971958160 2.905806065 39.941574097 2.432744265 39.974956512 -1.481410980 39.961673737 0.393769562 39.945877075 -0.403068125 39.975616455 -0.899746537 39.954456329 -2.904639959 39.956977844 -2.923693657 39.979434967 2.880998135 39.957702637 2.432285547 39.967475891 -1.487560034 39.961715698 0.396984041
39.977176666 2.921563148 39.953464508 2.439440250 39.977619171 -1.484129786 39.972244263 0.382932127 39.950016022 -0.391608179 39.976009369 -0.974218607 39.964168549 -2.911657095 39.961402893 -2.911801577 39.972686768 2.907402039 39.941379547 2.428032637 39.974765778 -1.483893633 39.959682465 0.395556599 39.943611145 -0.401822925 39.975921631 -0.912014067 39.953365326 -2.904704094 39.955516815 -2.925046682 39.977470398 2.881004810 39.958587646 2.428054571 39.968086243 -1.490552902 39.962032318 0.397249818
39.976398468 2.924999237 39.953338623 2.435985804 39.977634430 -1.486631274 39.971141815 0.379961252 39.950347900 -0.392827183 39.975658417 -0.986490548 39.964962006 -2.913860798 39.960975647 -2.912653923 39.973060608 2.909660101 39.941413879 2.423357487 39.974422455 -1.486222267 39.959159851 0.398261666 39.942771912 -0.400873750 39.976009369 -0.924286246 39.952304840 -2.904733181 39.953643799 -2.926240444 39.975517273 2.881781816 39.958877563 2.423878670 39.968791962 -1.493334532 39.961822510 0.398734897
39.975677490 2.928591490 39.953239441 2.432808638 39.977668762 -1.488921762 39.969413757 0.378367573 39.951236725 -0.394175917 39.974983215 -0.998767614 39.964973450 -2.915761471 39.960865021 -2.913170815 39.972999573 2.912439823 39.941974640 2.418565273 39.974632263 -1.488356233 39.959430695 0.401670754 39.941131592 -0.400090963 39.976692200 -0.936560929 39.952037811 -2.904825926 39.951210022 -2.927325726 39.973789215 2.883555174 39.958580017 2.419728279 39.969318390 -1.495870233 39.961227417 0.401004583
39.975238800 2.932120323 39.953319550 2.430105686 39.977905273 -1.491120219 39.967746735 0.378314316 39.952762604 -0.395419389 39.974609375 -1.011034489 39.964534760 -2.917658329 39.960994720 -2.913528204 39.972690582 2.915517807 39.943164825 2.413930416 39.974975586 -1.490030646 39.958213806 0.405682534 39.939323425 -0.398942709 39.977584839 -0.948823094 39.952114105 -2.905061960 39.949634552 -2.928696871 39.972274780 2.886224985 39.958858490 2.415759087 39.969825745 -1.497869372 39.960384369 0.403860420
39.975307465 2.935311556 39.953140259 2.427815199 39.978046417 -1.493409991 39.966621399 0.379595369 39.955509186 -0.396415651 39.974491119 -1.023301482 39.963592529 -2.919575453 39.960910797 -2.913943291 39.972579956 2.918910027 39.945320129 2.409801722 39.975471497 -1.491402507 39.957725525 0.410034925 39.936878204 -0.397457123 39.977840424 -0.961087704 39.952400208 -2.905554771 39.949176788 -2.930346966 39.970809937 2.889453173 39.959701538 2.411711693 39.970470428 -1.499447465 39.959037781 0.407478034
39.972766876 2.938358784 39.952636719 2.425487995 39.978961945 -1.495513201 39.965900421 0.381831437 39.955989838 -0.397313803 39.974212646 -1.035572648 39.962917328 -2.921199560 39.960403442 -2.914641857 39.971500397 2.922497511 39.947711945 2.406317711 39.975563049 -1.492635608 39.957992554 0.414529234 39.934093475 -0.395807058 39.977542877 -0.973367810 39.952812195 -2.906166077 39.949459076 -2.931867838 39.969764709 2.893162251 39.960411072 2.407544136 39.971092224 -1.500849366 39.958732605 0.411794275
39.972595215 2.941447735 39.953006744 2.423042774 39.980052948 -1.497302651 39.965774536 0.384590805 39.957054138 -0.398087025 39.973804474 -1.047841668 39.962478638 -2.922597885 39.960075378 -2.915357113 39.970584869 2.926321507 39.949649811 2.403370619 39.975547791 -1.493822455 39.958248138 0.419099420 39.930984497 -0.393812150 39.977558136 -0.985633969 39.952857971 -2.906669140 39.950302124 -2.933555126 39.968940735 2.897235394 39.961017609 2.403040886 39.972579956 -1.501854420 39.958965302 0.416400880
39.974853516 2.944416523 39.954151154 2.420721769 39.980823517 -1.499037504 39.966053009 0.387811005 39.959831238 -0.398409933 39.972976685 -1.060115099 39.961479187 -2.923714638 39.960056305 -2.916058302 39.970428467 2.930562496 39.950881958 2.400865555 39.976245880 -1.495094776 39.958515167 0.423456728 39.925701141 -0.391635329 39.977046967 -0.997901797 39.953193665 -2.906765223 39.950984955 -2.935424328 39.965988159 2.901770830 39.961708069 2.398648262 39.974483490 -1.502385736 39.958557129 0.421036512
39.974285126 2.946939230 39.955066681 2.418222666 39.981021881 -1.500690699 39.966259003 0.391601980 39.960929871 -0.398199528 39.971820831 -1.072387695 39.960178375 -2.924286366 39.960712433 -2.917201996 39.969573975 2.934991121 39.952980042 2.398660183 39.977085114 -1.496240735 39.958705902 0.427445710 39.924091339 -0.389589995 39.975826263 -1.010170579 39.953781128 -2.906753063 39.952724457 -2.937106848 39.964881897 2.906281710 39.962379456 2.394586325 39.976062775 -1.502816916 39.958633423 0.425743520
39.973403931 2.949035406 39.956176758 2.415426254 39.980834961 -1.502190113 39.966575623 0.395989358 39.961421967 -0.397992402 39.970890045 -1.084651589 39.958209991 -2.924349785 39.961669922 -2.918715000 39.968826294 2.939349890 39.955524445 2.396808863 39.977836609 -1.497329116 39.957866669 0.430877894 39.926288605 -0.387828737 39.974605560 -1.022435784 39.954578400 -2.906899214 39.955043793 -2.938203096 39.966079712 2.910417080 39.962989807 2.390941143 39.977657318 -1.503470063 39.958816528 0.430161059
39.972805023 2.950795889 39.957595825 2.412532806 39.980930328 -1.503617048 39.967353821 0.400554001 39.961078644 -0.398149282 39.970031738 -1.096923709 39.955432892 -2.924009800 39.962253571 -2.920123577 39.968448639 2.943331242 39.957183838 2.394996643 39.978927612 -1.498421788 39.958717346 0.434258193 39.925876617 -0.386832029 39.973552704 -1.034710646 39.955387115 -2.907241821 39.957096100 -2.938634872 39.965679169 2.914358854 39.963344574 2.387874603 39.979209900 -1.504375458 39.959278107 0.434015989
39.972328186 2.952191114 39.958419800 2.409711123 39.981204987 -1.504891276 39.968540192 0.405064732 39.959640503 -0.398378819 39.969593048 -1.109201670 39.952548981 -2.923258305 39.962833405 -2.921453476 39.967983246 2.946653366 39.958583832 2.392774105 39.979927063 -1.499456763 39.960517883 0.437889665 39.925483704 -0.386260450 39.972434998 -1.046984553 39.956039429 -2.907799244 39.959476471 -2.938705444 39.965782166 2.918209791 39.963195801 2.385170937 39.980628967 -1.505460262 39.959972382 0.437301695
39.971927643 2.953423262 39.958732605 2.406906843 39.981430054 -1.506092548 39.969211578 0.409651965 39.957359314 -0.398440093 39.969585419 -1.121469975 39.950485229 -2.922311783 39.963218689 -2.922953844 39.967205048 2.949532270 39.959484100 2.390436172 39.980365753 -1.500597715 39.960559845 0.441328257 39.926055908 -0.385564655 39.971534729 -1.059254527 39.956352234 -2.907997370 39.962226868 -2.938579321 39.966812134 2.921988249 39.962390900 2.383097172 39.982147217 -1.506644487 39.960906982 0.439985871
39.972114563 2.954585791 39.958969116 2.403500080 39.981147766 -1.507273793 39.969371796 0.414095402 39.955131531 -0.397972614 39.969402313 -1.133697629 39.949695587 -2.921121597 39.963466644 -2.924480438 39.966880798 2.952091217 39.960136414 2.388323069 39.980842590 -1.501964331 39.960750580 0.444563359 39.927940369 -0.384887785 39.971267700 -1.071519375 39.955848694 -2.907951117 39.964736938 -2.938463688 39.967506409 2.925139904 39.960937500 2.381815195 39.983135223 -1.507938504 39.962455750 0.442366064
39.972091675 2.955329657 39.959835052 2.399693489 39.980869293 -1.508233309 39.969978333 0.418538302 39.952941895 -0.397132009 39.969120026 -1.145569921 39.949523926 -2.919852257 39.963634491 -2.925955296 39.967411041 2.954202175 39.960910797 2.386344910 39.978973389 -1.503548741 39.960693359 0.447560728 39.930557251 -0.384153217 39.971130371 -1.083791018 39.955093384 -2.907750368 39.966777802 -2.938310385 39.967357635 2.927479982 39.959640503 2.380957127 39.983459473 -1.509407282 39.963966370 0.444554627
39.971992493 2.955507994 39.961364746 2.396008492 39.980113983 -1.508905053 39.970218658 0.422851652 39.950168610 -0.396373272 39.968673706 -1.156935215 39.949298859 -2.918664455 39.963928223 -2.927461386 39.966922760 2.955872536 39.961772919 2.384013176 39.978591919 -1.505070567 39.960617065 0.450363278 39.930534363 -0.383437395 39.971076965 -1.096070290 39.954513550 -2.907268047 39.968421936 -2.938053846 39.967361450 2.929429293 39.959033966 2.379998684 39.983940125 -1.510845661 39.965229034 0.446481586
39.972549438 2.955310345 39.962760925 2.392230034 39.979404449 -1.509565473 39.969970703 0.426793039 39.948265076 -0.395447195 39.968261719 -1.167680144 39.948932648 -2.917412758 39.964702606 -2.928922892 39.967247009 2.957282066 39.962642670 2.381476641 39.979808807 -1.506365299 39.961418152 0.452810764 39.933593750 -0.382912099 39.971244812 -1.108335257 39.954280853 -2.906980038 39.969688416 -2.937787533 39.967052460 2.930993319 39.957378387 2.378913879 39.984664917 -1.512085319 39.966304779 0.448179454
39.973320007 2.954960585 39.963954926 2.388271332 39.979366302 -1.510334015 39.969982147 0.430440307 39.947021484 -0.394439101 39.967765808 -1.177466273 39.948623657 -2.916298389 39.965663910 -2.930189371 39.968971252 2.958365679 39.963188171 2.379132032 39.979381561 -1.507730007 39.962913513 0.454725444 39.939373016 -0.382739544 39.971012115 -1.120605469 39.955036163 -2.906933308 39.971103668 -2.937747955 39.967510223 2.931983471 39.955196381 2.377788782 39.985034943 -1.513106465 39.966236115 0.449451596
39.973949432 2.954384804 39.965187073 2.384556532 39.978324890 -1.511020780 39.970046997 0.433743864 39.944965363 -0.393300176 39.967346191 -1.186052561 39.948501587 -2.915321827 39.967128754 -2.931368589 39.969486237 2.959367752 39.963417053 2.376917362 39.979045868 -1.509213209 39.963542938 0.456129253 39.942955017 -0.382696241 39.970531464 -1.132884741 39.955879211 -2.907256603 39.971889496 -2.938200474 39.969017029 2.932393551 39.953693390 2.376376867 39.984863281 -1.513847828 39.967460632 0.450454354
39.973701477 2.953639507 39.966571808 2.381090641 39.977336884 -1.511692166 39.970211029 0.436785817 39.943603516 -0.391599596 39.967239380 -1.193331361 39.948970795 -2.914234638 39.969215393 -2.932480335 39.969684601 2.960397243 39.963455200 2.374768019 39.978748322 -1.510589242 39.965774536 0.457178056 39.945583344 -0.382614166 39.970527649 -1.145149946 39.955574036 -2.907749414 39.971229553 -2.939019203 39.969833374 2.932315826 39.952812195 2.374967337 39.985214233 -1.514501929 39.970016479 0.451611102
39.970672607 2.952875137 39.967639923 2.377701044 39.976848602 -1.512551785 39.970752716 0.439540833 39.942077637 -0.389339060 39.967948914 -1.199040413 39.949890137 -2.913306952 39.970382690 -2.933559656 39.970596313 2.961206675 39.962970734 2.372691631 39.978286743 -1.511808276 39.969261169 0.457994699 39.947048187 -0.382336944 39.970489502 -1.157297015 39.955471039 -2.908172607 39.970390320 -2.939805984 39.970279694 2.932006121 39.951957703 2.373944044 39.985855103 -1.515309215 39.971420288 0.452871531
39.969829559 2.952192783 39.968547821 2.374503613 39.976570129 -1.513598919 39.971412659 0.442107856 39.939720154 -0.386832148 39.968872070 -1.203143835 39.950260162 -2.912626743 39.971870422 -2.934382915 39.971637726 2.961745024 39.962413788 2.370939493 39.977806091 -1.513061643 39.971107483 0.458614707 39.948192596 -0.381834537 39.970497131 -1.169039965 39.956054688 -2.908556938 39.969532013 -2.940292597 39.970603943 2.931656361 39.951374054 2.373101711 39.986255646 -1.516238451 39.972927094 0.454212099
39.971305847 2.951636314 39.969524384 2.371276855 39.977035522 -1.514605045 39.971405029 0.444554776 39.938289642 -0.384326339 39.969535828 -1.206085920 39.951019287 -2.912125111 39.973632812 -2.934860229 39.972431183 2.961956024 39.961414337 2.369125128 39.977203369 -1.514394999 39.972774506 0.458811253 39.948917389 -0.381264418 39.970939636 -1.179936409 39.957084656 -2.908696413 39.968112946 -2.940772533 39.970893860 2.931439400 39.952190399 2.372042418 39.986602783 -1.517064452 39.974529266 0.455684036
39.970855713 2.951270580 39.970424652 2.368155718 39.977096558 -1.515537977 39.970909119 0.446362793 39.938434601 -0.381636202 39.969638824 -1.207876086 39.952495575 -2.911698341 39.973899841 -2.935442686 39.973552704 2.961994171 39.959407806 2.366941214 39.974788666 -1.515752673 39.974285126 0.458758503 39.947860718 -0.380417168 39.971324921 -1.189903617 39.958366394 -2.908743382 39.967124939 -2.941028357 39.971984863 2.931238413 39.952827454 2.370594501 39.986385345 -1.518027186 39.975410461 0.457131803
39.970645905 2.951277256 39.970703125 2.365207911 39.977462769 -1.516486406 39.970634460 0.447593778 39.937816620 -0.379045039 39.968914032 -1.208408117 39.953601837 -2.911128283 39.973690033 -2.936252594 39.974697113 2.961793661 39.957302094 2.364851713 39.974235535 -1.517273307 39.975330353 0.458656222 39.948818207 -0.379364967 39.971843719 -1.198701501 39.959255219 -2.908666134 39.966430664 -2.941056013 39.973625183 2.930735826 39.952571869 2.369138718 39.985473633 -1.519195199 39.975261688 0.458669871
39.970893860 2.951507807 39.970306396 2.362503052 39.977821350 -1.517312527 39.970615387 0.448500395 39.936962128 -0.376775175 39.967891693 -1.207851291 39.954296112 -2.910653830 39.973247528 -2.937018394 39.975601196 2.961264372 39.955135345 2.362686396 39.975868225 -1.518815875 39.975852966 0.458441198 39.951438904 -0.378331691 39.973003387 -1.205922842 39.959800720 -2.908410311 39.965778351 -2.941231966 39.974449158 2.930002451 39.951965332 2.367672443 39.985031128 -1.520310402 39.974479675 0.460033745
39.971023560 2.951794147 39.969512939 2.360249043 39.978141785 -1.518023849 39.970127106 0.449091017 39.937675476 -0.374592334 39.967796326 -1.206183672 39.955211639 -2.910305977 39.973262787 -2.937618971 39.976676941 2.960543871 39.953441620 2.360280514 39.976734161 -1.520181417 39.975727081 0.458383143 39.951957703 -0.377204746 39.975082397 -1.211714029 39.959644318 -2.908393860 39.965648651 -2.941324711 39.974937439 2.929165602 39.951580048 2.366011620 39.984695435 -1.521548033 39.973419189 0.460873544
39.971317291 2.952120304 39.967887878 2.358486414 39.978984833 -1.518640399 39.969272614 0.449512452 39.938415527 -0.372545600 39.968227386 -1.203350306 39.956432343 -2.910026789 39.973613739 -2.938256025 39.976928711 2.959621429 39.951667786 2.358049870 39.977375031 -1.521542788 39.975112915 0.458395004 39.951984406 -0.375960052 39.977699280 -1.216089010 39.959106445 -2.908665180 39.965358734 -2.941514254 39.975585938 2.928313732 39.951736450 2.364339828 39.983829498 -1.522937655 39.972118378 0.461605847
39.969085693 2.952655554 39.965644836 2.357196093 39.979049683 -1.519198418 39.968025208 0.449790329 39.939331055 -0.371048063 39.967769623 -1.199825406 39.956939697 -2.909873009 39.973896027 -2.938865423 39.977310181 2.958476067 39.950523376 2.355786800 39.977722168 -1.522777557 39.974304199 0.458673149 39.951290131 -0.374790817 39.979820251 -1.219183922 39.958786011 -2.908914566 39.964618683 -2.942067623 39.975898743 2.927737474 39.952304840 2.362578869 39.983310699 -1.524346828 39.970630646 0.462473005
39.969074249 2.953390121 39.963039398 2.355856895 39.979564667 -1.519841075 39.966674805 0.450010121 39.940113068 -0.369747430 39.966678619 -1.195829868 39.956024170 -2.909820318 39.974266052 -2.939237595 39.978103638 2.957324982 39.949634552 2.353064299 39.978294373 -1.523924470 39.973709106 0.459297895 39.950084686 -0.373355240 39.981334686 -1.221197128 39.958427429 -2.908637762 39.964263916 -2.942844868 39.975997925 2.927187204 39.953277588 2.360588312 39.982601166 -1.525736570 39.968490601 0.463254929
39.971557617 2.954208374 39.959739685 2.354612350 39.981121063 -1.520580649 39.965671539 0.450098574 39.939868927 -0.368566960 39.965568542 -1.191112399 39.954307556 -2.910002470 39.974105835 -2.939295292 39.978092194 2.956204653 39.947959900 2.349922895 39.979022980 -1.525182366 39.973392487 0.460004628 39.948451996 -0.371760607 39.982704163 -1.222241163 39.957660675 -2.907777548 39.964355469 -2.943569660 39.975807190 2.926510334 39.954158783 2.358181953 39.981838226 -1.527198911 39.965755463 0.463724434
39.970813751 2.955005169 39.956275940 2.353502274 39.982097626 -1.521472216 39.964427948 0.450130612 39.940490723 -0.367651910 39.965164185 -1.186121106 39.952724457 -2.910287380 39.973148346 -2.938994169 39.977710724 2.955181360 39.946598053 2.346708298 39.979610443 -1.526382685 39.973159790 0.460731834 39.944431305 -0.370364159 39.984119415 -1.222473264 39.956729889 -2.906543016 39.964199066 -2.943977594 39.975082397 2.926021814 39.954627991 2.355570793 39.981258392 -1.528787374 39.963577271 0.463896930
39.970581055 2.955984831 39.952827454 2.352581024 39.982704163 -1.522569537 39.962966919 0.450177908 39.943412781 -0.366458356 39.965270996 -1.180918455 39.952312469 -2.910414457 39.972225189 -2.938424349 39.977394104 2.954278708 39.945533752 2.343939304 39.980129242 -1.527479768 39.972541809 0.461438537 39.942840576 -0.369246781 39.984985352 -1.221872091 39.956085205 -2.905302048 39.964076996 -2.944226265 39.974681854 2.925871134 39.954929352 2.353008032 39.980045319 -1.530451536 39.961666107 0.464083046
39.970710754 2.957379818 39.949356079 2.352016449 39.983642578 -1.523842931 39.961551666 0.450402856 39.946823120 -0.365207642 39.965736389 -1.175352693 39.952754974 -2.910483837 39.970886230 -2.938019753 39.977020264 2.953305721 39.944488525 2.341475487 39.980701447 -1.528393269 39.971950531 0.462034315 39.942707062 -0.368348062 39.984825134 -1.220668316 39.955810547 -2.904239655 39.963451385 -2.944421768 39.974842072 2.925977468 39.955562592 2.350153685 39.979049683 -1.532241940 39.960174561 0.464460462
39.970672607 2.958849192 39.946701050 2.351764917 39.984462738 -1.525047302 39.960502625 0.450848281 39.950000763 -0.364044815 39.965450287 -1.169757724 39.953544617 -2.910567045 39.968597412 -2.937618017 39.976562500 2.952368736 39.943222046 2.339213848 39.980995178 -1.529127002 39.971656799 0.462404758 39.940471649 -0.367203891 39.982765198 -1.218723059 39.955570221 -2.903114319 39.962284088 -2.944411993 39.974945068 2.926269293 39.955955505 2.347083330 39.978340149 -1.534135699 39.959098816 0.464824229
39.970542908 2.960131407 39.944534302 2.351824045 39.984657288 -1.526292801 39.959911346 0.451483399 39.952003479 -0.362973511 39.965648651 -1.164246202 39.955184937 -2.910592318 39.965610504 -2.937263489 39.976406097 2.951579094 39.942508698 2.337203503 39.981662750 -1.529830575 39.970966339 0.462609619 39.938877106 -0.365820646 39.981098175 -1.215672851 39.955249786 -2.902098179 39.961208344 -2.944313049 39.974941254 2.926913738 39.955703735 2.343888521 39.978321075 -1.535854340 39.957611084 0.465107769
39.971138000 2.961280823 39.943237305 2.351845503 39.984916687 -1.527538419 39.959011078 0.452084303 39.952445984 -0.362292230 39.965671539 -1.159052849 39.957065582 -2.910642624 39.963352203 -2.937310219 39.976203918 2.950979471 39.943031311 2.335325956 39.982421875 -1.530492187 39.970550537 0.462759852 39.938312531 -0.364499778 39.980083466 -1.211777329 39.954421997 -2.901299000 39.959560394 -2.944246531 39.975334167 2.927910089 39.955123901 2.340488195 39.978576660 -1.537229419 39.955997467 0.465461373
39.972545624 2.962239742 39.942955017 2.351599693 39.985363007 -1.528707623 39.957878113 0.452174485 39.951805115 -0.361818433 39.964721680 -1.154079199 39.959041595 -2.910665989 39.961589813 -2.937410355 39.976036072 2.950619221 39.942996979 2.333866835 39.982440948 -1.531053662 39.968772888 0.462807626 39.939552307 -0.363293201 39.977657318 -1.207176447 39.954231262 -2.900389433 39.956775665 -2.944283247 39.975978851 2.929153442 39.954147339 2.337225199 39.978908539 -1.538600683 39.954875946 0.465932816
39.973114014 2.962975740 39.943275452 2.351070404 39.985149384 -1.530128241 39.957000732 0.451718211 39.950901031 -0.361067474 39.964176178 -1.149082184 39.960865021 -2.910688400 39.958992004 -2.937498093 39.975830078 2.950283766 39.944072723 2.332578659 39.982402802 -1.531656981 39.968505859 0.462691486 39.941707611 -0.361905932 39.975227356 -1.201920390 39.954551697 -2.899431705 39.954292297 -2.944438219 39.976593018 2.930316448 39.953968048 2.334026814 39.979892731 -1.539999008 39.954437256 0.466352999
39.973594666 2.963641167 39.943847656 2.350416660 39.985301971 -1.531755328 39.956119537 0.451007426 39.950366974 -0.359775603 39.963150024 -1.144194126 39.961669922 -2.910803080 39.956119537 -2.937959194 39.976200104 2.949875355 39.946659088 2.331245422 39.982368469 -1.532268047 39.969600677 0.462592512 39.942276001 -0.360256881 39.972656250 -1.196315289 39.954185486 -2.898721218 39.952503204 -2.944663048 39.976902008 2.931301832 39.954128265 2.330793619 39.981105804 -1.541275263 39.954734802 0.466571569
39.974193573 2.964118719 39.943656921 2.349460363 39.985267639 -1.533374548 39.955223083 0.450364888 39.948978424 -0.358095646 39.961940765 -1.139587045 39.961250305 -2.910647631 39.953887939 -2.938532352 39.976879120 2.949707508 39.948356628 2.330109119 39.982498169 -1.532783747 39.969459534 0.462722272 39.946006775 -0.358637422 39.969810486 -1.190743685 39.953548431 -2.898087740 39.950332642 -2.945209026 39.975944519 2.932239056 39.953868866 2.327538252 39.982315063 -1.542337537 39.955154419 0.466643274
39.973876953 2.964466333 39.943622589 2.348114967 39.984954834 -1.534836769 39.955154419 0.450238496 39.946647644 -0.356453925 39.960693359 -1.134918928 39.960483551 -2.910062551 39.953212738 -2.938879967 39.976291656 2.950385094 39.950393677 2.329308033 39.983089447 -1.533403039 39.969718933 0.463196903 39.953147888 -0.357087284 39.967769623 -1.185644984 39.953296661 -2.897511482 39.948741913 -2.946116209 39.976192474 2.933093071 39.954109192 2.324474573 39.983375549 -1.543021679 39.954341888 0.466704845
39.973125458 2.964831352 39.944534302 2.346459389 39.984764099 -1.536272407 39.955833435 0.450764775 39.944232941 -0.354820967 39.958721161 -1.130299330 39.959728241 -2.909179211 39.952785492 -2.939197540 39.976459503 2.951612473 39.952552795 2.328415394 39.983451843 -1.534190059 39.970127106 0.463883221 39.957817078 -0.355540127 39.965633392 -1.180856109 39.954097748 -2.896957636 39.948524475 -2.947248220 39.978096008 2.933717489 39.954093933 2.322026491 39.984378815 -1.543499589 39.953689575 0.466926903
39.970703125 2.964649916 39.945602417 2.344706535 39.983867645 -1.537611842 39.956920624 0.451600343 39.940853119 -0.353181422 39.958724976 -1.126081944 39.958732605 -2.908109665 39.952529907 -2.939609289 39.977745056 2.952986479 39.955059052 2.327252626 39.983722687 -1.535057187 39.970695496 0.464798272 39.960834503 -0.353918970 39.962932587 -1.176076293 39.954654694 -2.896099091 39.948993683 -2.948577642 39.979129791 2.934224129 39.953605652 2.320069790 39.984786987 -1.543969393 39.953979492 0.467060119
39.970260620 2.963932514 39.946605682 2.343304873 39.983501434 -1.538829565 39.957901001 0.452428967 39.939830780 -0.351495504 39.960700989 -1.122151136 39.957790375 -2.906694651 39.953571320 -2.940168142 39.978542328 2.954639673 39.957939148 2.326271534 39.984512329 -1.536012530 39.970497131 0.465894371 39.962802887 -0.352263868 39.961029053 -1.171302915 39.955150604 -2.894920826 39.950492859 -2.949662924 39.979034424 2.934941292 39.953014374 2.318207264 39.985347748 -1.544301867 39.954437256 0.467405051
39.971355438 2.963219881 39.948265076 2.341846943 39.983673096 -1.540154696 39.958564758 0.453100324 39.940673828 -0.349952072 39.962192535 -1.118504524 39.956092834 -2.904893637 39.954902649 -2.940884352 39.979011536 2.956434250 39.960479736 2.325246811 39.984779358 -1.537158251 39.969818115 0.467099756 39.964527130 -0.350740284 39.959068298 -1.166469097 39.955951691 -2.893842697 39.953224182 -2.950714827 39.978897095 2.935926914 39.952064514 2.316319942 39.985839844 -1.544412971 39.956363678 0.468313485
39.969997406 2.962806463 39.949939728 2.340156555 39.983818054 -1.541563630 39.960163116 0.453862429 39.940258026 -0.348471850 39.963539124 -1.115309119 39.953899384 -2.903092384 39.955997467 -2.941786289 39.979690552 2.957967043 39.961315155 2.324326277 39.984344482 -1.538410306 39.969108582 0.468588561 39.965694427 -0.349104941 39.957183838 -1.161742210 39.956222534 -2.892883301 39.955577850 -2.952025175 39.978801727 2.937062979 39.950664520 2.314658880 39.985778809 -1.544470191 39.959991455 0.469337672
39.969100952 2.962629795 39.951450348 2.338547468 39.983898163 -1.542827368 39.961399078 0.454952240 39.940406799 -0.346552640 39.964214325 -1.112815976 39.951629639 -2.901407719 39.957260132 -2.942903042 39.980178833 2.959285021 39.962493896 2.323827505 39.983810425 -1.539795876 39.967426300 0.470159590 39.963794708 -0.347475052 39.956192017 -1.157423496 39.957599640 -2.891757011 39.957496643 -2.953278542 39.978443146 2.938199043 39.948646545 2.313169956 39.985561371 -1.544676185 39.962528229 0.470727295
39.967975616 2.962399483 39.954341888 2.337109089 39.984363556 -1.543793559 39.962120056 0.456099927 39.941402435 -0.344207078 39.964675903 -1.110922337 39.949199677 -2.899862766 39.958602905 -2.943860054 39.979602814 2.960462093 39.964221954 2.323577642 39.983932495 -1.541468263 39.965091705 0.471963108 39.963066101 -0.345873982 39.956401825 -1.153427362 39.960044861 -2.890562534 39.959049225 -2.954424858 39.978145599 2.939448357 39.946651459 2.311837673 39.985275269 -1.544950843 39.964336395 0.472547233
39.967029572 2.962187767 39.958446503 2.335871458 39.985527039 -1.544710517 39.962749481 0.457257837 39.943172455 -0.341832370 39.964885712 -1.109202862 39.946861267 -2.898746729 39.959651947 -2.944507837 39.979053497 2.961258888 39.964179993 2.323693752 39.984298706 -1.543293357 39.962772369 0.474145949 39.964088440 -0.344478130 39.957645416 -1.149745464 39.962451935 -2.889316559 39.960445404 -2.955515623 39.977981567 2.940957069 39.945671082 2.310700893 39.985137939 -1.545084357 39.966720581 0.474438608
39.966827393 2.962258577 39.962322235 2.334593296 39.986766815 -1.545585394 39.962413788 0.458760470 39.944194794 -0.339411825 39.963447571 -1.107785583 39.944355011 -2.897794247 39.960388184 -2.945196867 39.978271484 2.961750031 39.963859558 2.323690891 39.984252930 -1.545057058 39.960426331 0.476435035 39.962493896 -0.343188584 39.958396912 -1.146186113 39.965320587 -2.887970448 39.961719513 -2.956504583 39.978008270 2.942452669 39.945747375 2.309427500 39.985054016 -1.545168281 39.968143463 0.476575971
39.963867188 2.962710857 39.965148926 2.333004236 39.987968445 -1.546219826 39.961429596 0.460672915 39.944587708 -0.336675197 39.963027954 -1.107097507 39.941772461 -2.896947622 39.962337494 -2.945852757 39.977073669 2.962085724 39.963615417 2.323298931 39.984554291 -1.546587944 39.958702087 0.478727579 39.960910797 -0.341530591 39.958637238 -1.142489433 39.967479706 -2.886548758 39.963165283 -2.957350254 39.977157593 2.943797350 39.946651459 2.308322668 39.984634399 -1.545278668 39.968776703 0.478915006
39.963706970 2.963550091 39.967231750 2.331288099 39.988891602 -1.546838760 39.960727692 0.462694734 39.943492889 -0.334043086 39.963165283 -1.106808901 39.940628052 -2.896274805 39.964900970 -2.946118355 39.975654602 2.962581635 39.963897705 2.322842598 39.984619141 -1.547813416 39.958263397 0.481006235 39.958194733 -0.339624226 39.958404541 -1.139067054 39.968479156 -2.885095119 39.965103149 -2.958217621 39.976493835 2.944932461 39.948253632 2.307491779 39.984184265 -1.545423508 39.968925476 0.481220156
39.966144562 2.964637280 39.968891144 2.329774141 39.989738464 -1.547560573 39.960586548 0.464549243 39.942600250 -0.331827641 39.961257935 -1.106673956 39.940494537 -2.895691156 39.966712952 -2.945929050 39.974601746 2.963199615 39.963989258 2.322213411 39.984603882 -1.548847795 39.958175659 0.483110577 39.954959869 -0.337462425 39.959705353 -1.136330724 39.969036102 -2.883721113 39.966735840 -2.958920240 39.976161957 2.945835590 39.949565887 2.306441307 39.983638763 -1.545659781 39.968521118 0.483423144
39.965446472 2.965648413 39.969829559 2.328122139 39.990116119 -1.548144698 39.960578918 0.466335505 39.942771912 -0.329770207 39.959209442 -1.106836200 39.940422058 -2.895572424 39.968769073 -2.945277452 39.974330902 2.963927507 39.963260651 2.321175337 39.984794617 -1.549695253 39.957790375 0.484979481 39.950965881 -0.334883869 39.961853027 -1.134359479 39.968852997 -2.882752419 39.968296051 -2.959381580 39.974658966 2.946497440 39.950019836 2.305143833 39.983715057 -1.545888901 39.967708588 0.485711932
39.965076447 2.966839075 39.970043182 2.326258898 39.990013123 -1.548602700 39.961082458 0.467988461 39.942684174 -0.327823430 39.957023621 -1.106971145 39.940124512 -2.895633698 39.970630646 -2.944224119 39.973842621 2.964991570 39.963764191 2.319911480 39.984806061 -1.550416708 39.956256866 0.486640751 39.946193695 -0.331948131 39.962741852 -1.132877827 39.967803955 -2.881868839 39.969104767 -2.959820032 39.972702026 2.947338104 39.950614929 2.304071188 39.984184265 -1.546339631 39.967266083 0.488448143
39.964839935 2.968283892 39.969890594 2.324460030 39.990272522 -1.548999786 39.961746216 0.469255447 39.943565369 -0.326032996 39.955387115 -1.107070088 39.940052032 -2.895609617 39.971771240 -2.942956686 39.972625732 2.966428518 39.963951111 2.318687677 39.984836578 -1.551138163 39.956378937 0.488065422 39.941757202 -0.328963399 39.963554382 -1.131647587 39.965724945 -2.880610228 39.969661713 -2.960040092 39.971248627 2.948793411 39.951698303 2.303296328 39.984580994 -1.547198772 39.967487335 0.491266161
39.964866638 2.969613552 39.969539642 2.322658300 39.990756989 -1.549144983 39.963352203 0.470245600 39.943885803 -0.324286759 39.954021454 -1.107044578 39.940544128 -2.895340919 39.972656250 -2.941574574 39.970199585 2.968005180 39.962818146 2.317100763 39.985248566 -1.551790953 39.957942963 0.489489198 39.937339783 -0.326001048 39.964145660 -1.130844355 39.963676453 -2.879296064 39.970149994 -2.960100651 39.969806671 2.950299263 39.953163147 2.302811623 39.985553741 -1.548126936 39.966724396 0.494023591
39.964920044 2.970634699 39.968814850 2.320909977 39.990489960 -1.549102902 39.965396881 0.471204907 39.943595886 -0.322462052 39.951705933 -1.106665373 39.941181183 -2.894651413 39.972846985 -2.940325260 39.967914581 2.969576359 39.962089539 2.315195084 39.985431671 -1.552363634 39.957412720 0.490664929 39.933811188 -0.323247045 39.964733124 -1.130302668 39.961650848 -2.878044844 39.970405579 -2.959981441 39.968544006 2.951550961 39.954822540 2.302743435 39.986316681 -1.548986197 39.966968536 0.496797621
39.964294434 2.971716881 39.967796326 2.319442272 39.989742279 -1.549258947 39.967029572 0.472444206 39.943943024 -0.320287049 39.950359344 -1.106058955 39.942226410 -2.893767595 39.972450256 -2.939193249 39.966506958 2.970943689 39.961078644 2.313288689 39.985134125 -1.552767992 39.956626892 0.491810143 39.932411194 -0.320775419 39.965457916 -1.129601955 39.959411621 -2.876906395 39.971054077 -2.959681511 39.967155457 2.952704668 39.956817627 2.302667618 39.986766815 -1.549887180 39.967525482 0.499571562
39.963684082 2.973166704 39.966518402 2.318274021 39.989181519 -1.549560189 39.968425751 0.473953247 39.944446564 -0.317840874 39.949855804 -1.105343223 39.943264008 -2.892919064 39.972068787 -2.937951803 39.964855194 2.971996307 39.959506989 2.311532974 39.985389709 -1.552840710 39.956790924 0.493255466 39.931106567 -0.318707198 39.966346741 -1.128751040 39.958194733 -2.876027584 39.971958160 -2.959348202 39.965595245 2.953766108 39.959407806 2.302619696 39.987483978 -1.550879836 39.966861725 0.502244413
39.963401794 2.974764824 39.965385437 2.317394972 39.988685608 -1.549785137 39.970207214 0.475793332 39.944461823 -0.315412790 39.949630737 -1.104750514 39.944786072 -2.892211437 39.971290588 -2.936653614 39.963359833 2.972987175 39.957721710 2.309784889 39.986034393 -1.552791357 39.957141876 0.494560540 39.928867340 -0.316971660 39.967460632 -1.127640367 39.956501007 -2.875485659 39.972846985 -2.958723307 39.964916229 2.954757690 39.961833954 2.302647352 39.988235474 -1.551880121 39.966148376 0.504712582
39.963836670 2.976781607 39.964862823 2.316762209 39.988281250 -1.549899459 39.972026825 0.477944016 39.945953369 -0.313229620 39.950836182 -1.103765011 39.946296692 -2.891661167 39.969856262 -2.935628176 39.962322235 2.974007130 39.956611633 2.308085918 39.986568451 -1.552898407 39.957313538 0.495886326 39.925582886 -0.314998269 39.966575623 -1.126353145 39.954895020 -2.875110388 39.972942352 -2.957997799 39.964778900 2.955600262 39.963577271 2.302690268 39.989021301 -1.552884221 39.965442657 0.506965756
39.964702606 2.979228973 39.964149475 2.316258907 39.987621307 -1.549960136 39.972850800 0.480170101 39.949039459 -0.311380357 39.952911377 -1.102002501 39.948482513 -2.890953779 39.967964172 -2.935220480 39.960582733 2.975368738 39.954273224 2.306736469 39.986358643 -1.553192258 39.957530975 0.497195035 39.925334930 -0.312726051 39.966949463 -1.125207186 39.952480316 -2.874694109 39.972534180 -2.957176685 39.965682983 2.956223965 39.964649200 2.302594423 39.989582062 -1.553827167 39.964275360 0.508624911
39.965602875 2.981516838 39.962612152 2.316138506 39.987232208 -1.550063014 39.972640991 0.482205421 39.951229095 -0.309826404 39.955226898 -1.099821806 39.951175690 -2.889799833 39.965061188 -2.934971333 39.959884644 2.976771116 39.953006744 2.305374861 39.986747742 -1.553509116 39.956878662 0.498316556 39.928306580 -0.310614169 39.968864441 -1.124239802 39.949192047 -2.874184608 39.971504211 -2.956193209 39.966808319 2.956779003 39.965541840 2.302430630 39.989925385 -1.554693580 39.962680817 0.509775400
39.966751099 2.983410358 39.961441040 2.316467047 39.987030029 -1.550307155 39.972141266 0.484022439 39.952758789 -0.308465034 39.958026886 -1.097241759 39.953384399 -2.888362646 39.962615967 -2.934556484 39.959751129 2.977912426 39.953540802 2.304118156 39.988166809 -1.553666234 39.957660675 0.499166906 39.929840088 -0.309305787 39.969287872 -1.123440385 39.946903229 -2.873527050 39.971073151 -2.955464840 39.967533112 2.957347393 39.966632843 2.302324057 39.990001678 -1.555548429 39.961467743 0.510518730
39.966060638 2.985029221 39.960842133 2.317052841 39.986209869 -1.550566316 39.972084045 0.486180812 39.954082489 -0.307334334 39.961170197 -1.094241977 39.955966949 -2.886745930 39.961181641 -2.934022188 39.958755493 2.979098320 39.953445435 2.303339243 39.988529205 -1.553582430 39.959075928 0.499869674 39.930866241 -0.308707893 39.970020294 -1.122441292 39.943351746 -2.872928381 39.971584320 -2.954985380 39.967872620 2.958137274 39.967731476 2.302114487 39.989913940 -1.556204677 39.960235596 0.511026204
39.966690063 2.986552477 39.960330963 2.318011522 39.985538483 -1.550638437 39.971088409 0.488449216 39.954635620 -0.306366473 39.961936951 -1.091035008 39.958618164 -2.884892225 39.959468842 -2.933189869 39.958576202 2.980310440 39.954006195 2.302720547 39.988616943 -1.553456545 39.959339142 0.500884533 39.932601929 -0.308214813 39.970722198 -1.121068239 39.942089081 -2.872582674 39.970905304 -2.954294443 39.967788696 2.959029913 39.968906403 2.301872730 39.989883423 -1.556788564 39.959335327 0.511485457
39.968799591 2.988052130 39.959651947 2.319110632 39.985347748 -1.550878763 39.969470978 0.490451813 39.954380035 -0.305585504 39.963863373 -1.087570667 39.961124420 -2.883005381 39.957538605 -2.932238817 39.958587646 2.981167316 39.954906464 2.301951170 39.988677979 -1.553364992 39.959484100 0.502241313 39.935546875 -0.307261199 39.971050262 -1.119621992 39.942874908 -2.872195721 39.969974518 -2.953680038 39.967716217 2.959798336 39.969604492 2.301949501 39.989471436 -1.557547808 39.958728790 0.511739194
39.969085693 2.989408970 39.959068298 2.319801807 39.985294342 -1.551332951 39.967861176 0.492205322 39.953941345 -0.304686069 39.966972351 -1.084081411 39.962581635 -2.881320238 39.956371307 -2.931276083 39.959171295 2.981651306 39.955535889 2.301167727 39.988250732 -1.553109050 39.958881378 0.503513396 39.938411713 -0.305917978 39.970775604 -1.117853284 39.942611694 -2.871932507 39.968933105 -2.953123331 39.967494965 2.960462809 39.970211029 2.302417994 39.989063263 -1.558341384 39.958194733 0.511886895
39.969554901 2.990596533 39.958377838 2.320203781 39.985252380 -1.551787138 39.965713501 0.493863791 39.952323914 -0.303357840 39.967399597 -1.080879450 39.963497162 -2.879666567 39.955513000 -2.929990292 39.960273743 2.982007742 39.955917358 2.300410986 39.988464355 -1.552811503 39.957736969 0.504663110 39.937660217 -0.304255575 39.970012665 -1.115490437 39.943626404 -2.872070312 39.967159271 -2.952216864 39.966842651 2.961146832 39.970985413 2.302965164 39.988212585 -1.558837295 39.957645416 0.511955976
39.970542908 2.991656303 39.959175110 2.320174694 39.985282898 -1.552153587 39.963218689 0.495806426 39.951038361 -0.301973492 39.966823578 -1.077719092 39.964084625 -2.877907038 39.954799652 -2.928623199 39.961662292 2.982320786 39.956752777 2.299654961 39.987056732 -1.552642941 39.956459045 0.505946398 39.937351227 -0.302132249 39.969303131 -1.112972379 39.945449829 -2.872249365 39.965045929 -2.951157093 39.966304779 2.961988449 39.971160889 2.303443670 39.986934662 -1.558955193 39.956611633 0.512128174
39.971652985 2.992805004 39.960964203 2.319611788 39.985591888 -1.552562118 39.961307526 0.497865081 39.950122833 -0.300638735 39.965999603 -1.074636817 39.964153290 -2.876032352 39.954322815 -2.927776575 39.963874817 2.982940674 39.958686829 2.299324989 39.987167358 -1.552490354 39.955749512 0.507205307 39.938552856 -0.300426573 39.967071533 -1.110474706 39.947792053 -2.872352600 39.963176727 -2.949911356 39.966709137 2.962789536 39.971321106 2.303779125 39.985958099 -1.559080839 39.955795288 0.512621641
39.972293854 2.994146585 39.961151123 2.319044590 39.985183716 -1.553130627 39.960216522 0.499619156 39.949108124 -0.299393207 39.965763092 -1.071983457 39.963771820 -2.874066830 39.952541351 -2.927442312 39.966220856 2.983930111 39.960922241 2.299530983 39.989433289 -1.552315831 39.953983307 0.508523643 39.936435699 -0.299557120 39.965766907 -1.107754827 39.950206757 -2.872190952 39.962139130 -2.948287964 39.967800140 2.963541269 39.971687317 2.304120302 39.985260010 -1.559267640 39.956008911 0.513626814
39.970279694 2.995374203 39.961307526 2.318436623 39.984420776 -1.553790569 39.959743500 0.501157582 39.948352814 -0.298215985 39.965126038 -1.069695115 39.963630676 -2.872093678 39.951038361 -2.927363873 39.967124939 2.985203505 39.962314606 2.299919605 39.989837646 -1.552182436 39.952503204 0.509663999 39.933872223 -0.299374998 39.965854645 -1.104946136 39.952129364 -2.871930838 39.961349487 -2.946213722 39.968521118 2.964521885 39.971767426 2.304498672 39.984642029 -1.559294105 39.957061768 0.514822483
39.970378876 2.996620655 39.961727142 2.318229198 39.984161377 -1.554641604 39.959289551 0.502644837 39.947322845 -0.296933442 39.961990356 -1.067648292 39.964012146 -2.870087385 39.950614929 -2.927412271 39.968162537 2.986712933 39.963272095 2.300359011 39.990219116 -1.552079558 39.950870514 0.510623515 39.932552338 -0.299527168 39.963958740 -1.102039814 39.953460693 -2.871781588 39.960971832 -2.943564415 39.969970703 2.965841055 39.971488953 2.304947138 39.984420776 -1.559110880 39.958133698 0.516001046
39.972126007 2.998339653 39.962158203 2.318229437 39.983242035 -1.555618286 39.958255768 0.504228473 39.947059631 -0.295629501 39.961425781 -1.065966129 39.963638306 -2.867908239 39.950492859 -2.927642345 39.969497681 2.988288403 39.963123322 2.300864458 39.990478516 -1.552140713 39.948532104 0.512049079 39.932502747 -0.299859494 39.961658478 -1.099320889 39.953239441 -2.871371984 39.961109161 -2.940580845 39.972442627 2.967464685 39.970893860 2.305557251 39.984592438 -1.558748364 39.959300995 0.517196655
39.971195221 3.000224113 39.962779999 2.317892313 39.982086182 -1.556549191 39.957439423 0.505880415 39.947143555 -0.294638723 39.962711334 -1.064465165 39.963184357 -2.865921736 39.950344086 -2.927911282 39.970050812 2.989806652 39.962566376 2.301461220 39.990661621 -1.552304983 39.947406769 0.513835967 39.932720184 -0.300419807 39.959663391 -1.096910834 39.953033447 -2.870704651 39.960868835 -2.937874556 39.973640442 2.969064713 39.969913483 2.306423426 39.984439850 -1.558435440 39.961967468 0.518239617
39.970584869 3.001748800 39.963199615 2.317341566 39.981601715 -1.557426929 39.956733704 0.507611096 39.946628571 -0.293726653 39.961620331 -1.062816262 39.962902069 -2.864463091 39.950901031 -2.928207397 39.971225739 2.991440535 39.961265564 2.302157164 39.990436554 -1.552610159 39.946666718 0.515680850 39.932575226 -0.300846994 39.957794189 -1.094439030 39.953063965 -2.869590998 39.959606171 -2.935586452 39.973930359 2.970675468 39.968692780 2.307481527 39.984817505 -1.558290482 39.964523315 0.519214272
39.969944000 3.002852917 39.963081360 2.316522598 39.981475830 -1.558258891 39.955169678 0.509329259 39.944869995 -0.292522967 39.960254669 -1.060855746 39.962921143 -2.863514423 39.951519012 -2.928460836 39.972370148 2.993201494 39.956398010 2.303170204 39.987678528 -1.553055406 39.946300507 0.517381728 39.931911469 -0.300948173 39.955959320 -1.091861010 39.952304840 -2.868042946 39.957916260 -2.933595181 39.974418640 2.972409010 39.967777252 2.308347940 39.985054016 -1.558424115 39.966171265 0.520132065
39.969120026 3.003720999 39.963150024 2.315804005 39.981422424 -1.558991671 39.953975677 0.510965228 39.944549561 -0.291115403 39.958854675 -1.058638334 39.962795258 -2.862913847 39.951076508 -2.928548336 39.973220825 2.994875669 39.953002930 2.304377079 39.987113953 -1.553421497 39.946052551 0.518897831 39.930934906 -0.300249636 39.953861237 -1.089069009 39.952098846 -2.866144896 39.955631256 -2.931912422 39.975318909 2.974098921 39.967540741 2.308869362 39.985229492 -1.558691382 39.967662811 0.521087646
39.967838287 3.004398823 39.963485718 2.315598965 39.981430054 -1.559644341 39.953071594 0.512344539 39.944881439 -0.289542139 39.957820892 -1.056607485 39.962364197 -2.862036943 39.951663971 -2.928516388 39.973426819 2.996838331 39.951267242 2.305486202 39.988433838 -1.553723574 39.946765900 0.520436704 39.930065155 -0.298650652 39.951885223 -1.086507320 39.951568604 -2.863925695 39.953994751 -2.930677414 39.975410461 2.975742340 39.967655182 2.309207201 39.985763550 -1.558848023 39.968513489 0.522334814
39.966575623 3.004795313 39.963317871 2.315769196 39.981803894 -1.560182571 39.951927185 0.513430119 39.943008423 -0.287908256 39.956398010 -1.054515958 39.961624146 -2.860775948 39.952770233 -2.928279877 39.973083496 2.999191761 39.948371887 2.306499481 39.988025665 -1.553876042 39.945838928 0.522053361 39.930500031 -0.296574831 39.951412201 -1.084229708 39.950244904 -2.861433029 39.952793121 -2.929725647 39.974704742 2.977101564 39.967308044 2.309277058 39.986286163 -1.559038997 39.968883514 0.523757339
39.965656281 3.005131245 39.963001251 2.315630913 39.982578278 -1.560522556 39.950935364 0.514566958 39.939380646 -0.286359638 39.952850342 -1.052224398 39.960296631 -2.859625578 39.953960419 -2.927782297 39.972209930 3.001405478 39.946643829 2.307487011 39.987430573 -1.553852916 39.945583344 0.523847163 39.931537628 -0.294166356 39.951892853 -1.081615925 39.948863983 -2.858775139 39.950939178 -2.928817034 39.973972321 2.978241920 39.966785431 2.309268475 39.987129211 -1.559188008 39.968280792 0.525027394
39.964546204 3.005389452 39.962596893 2.315214396 39.983451843 -1.560629606 39.950119019 0.515631855 39.936023712 -0.285151899 39.951618195 -1.050209165 39.959583282 -2.858618498 39.955425262 -2.926895380 39.971023560 3.003600597 39.946189880 2.308735847 39.986499786 -1.553871632 39.948993683 0.525854588 39.934040070 -0.291780680 39.952388763 -1.078868747 39.946651459 -2.856212139 39.949695587 -2.927985907 39.972866058 2.979305029 39.965919495 2.309442997 39.987644196 -1.559394240 39.966259003 0.526416183
39.962917328 3.005630493 39.963497162 2.315193653 39.984409332 -1.560523033 39.949310303 0.516741335 39.932544708 -0.284255713 39.952407837 -1.048449755 39.959537506 -2.857448816 39.956790924 -2.925737858 39.970077515 3.005785942 39.946743011 2.310231686 39.985809326 -1.553993464 39.952804565 0.528008461 39.935173035 -0.289100260 39.953109741 -1.076406956 39.944580078 -2.853847504 39.949363708 -2.927268744 39.970581055 2.980318785 39.965103149 2.309533834 39.988395691 -1.559764624 39.963878632 0.527952969
39.960441589 3.006254196 39.964031219 2.315794230 39.985763550 -1.560206532 39.948852539 0.517740965 39.928283691 -0.283042938 39.951351166 -1.046485543 39.959506989 -2.856255054 39.959121704 -2.924299955 39.968894958 3.007650614 39.947406769 2.311716795 39.985443115 -1.554081082 39.955577850 0.529958606 39.936363220 -0.285967678 39.953712463 -1.074009895 39.942874908 -2.851630926 39.949539185 -2.926710606 39.968360901 2.981377125 39.964061737 2.309743404 39.987915039 -1.560165167 39.961311340 0.529644430
39.958507538 3.007349730 39.963493347 2.316534042 39.986240387 -1.559802175 39.949127197 0.518493295 39.924625397 -0.281382352 39.950393677 -1.043840051 39.959491730 -2.855200052 39.961071014 -2.922632933 39.968315125 3.009312630 39.945476532 2.313128710 39.982387543 -1.554087400 39.957885742 0.531580806 39.939430237 -0.282798648 39.954040527 -1.071484327 39.941436768 -2.849354982 39.949752808 -2.926363945 39.966320038 2.982221603 39.962635040 2.310106754 39.987747192 -1.560573459 39.958503723 0.531607151
39.957992554 3.008476973 39.963851929 2.316993713 39.986427307 -1.559390068 39.949459076 0.519509017 39.921829224 -0.279564947 39.949188232 -1.040566921 39.959808350 -2.854039907 39.962635040 -2.920986652 39.967769623 3.010812759 39.945751190 2.314367294 39.981807709 -1.554041386 39.959571838 0.532991827 39.939712524 -0.279684812 39.954124451 -1.069021583 39.939830780 -2.847084045 39.950592041 -2.926196575 39.963405609 2.982917547 39.961353302 2.310570240 39.988586426 -1.560756803 39.955883026 0.533826888
39.956752777 3.009518623 39.964683533 2.317567348 39.987300873 -1.558825493 39.950046539 0.520856380 39.919441223 -0.277520776 39.948204041 -1.036926866 39.960372925 -2.852729797 39.964107513 -2.919120312 39.967163086 3.012223721 39.949214935 2.315408707 39.984260559 -1.554027200 39.960968018 0.534417093 39.938549042 -0.276744962 39.954475403 -1.066541791 39.937824249 -2.844888210 39.951602936 -2.926080704 39.961128235 2.983807564 39.960304260 2.311328411 39.988243103 -1.560859799 39.953975677 0.536412358
39.957641602 3.010865927 39.965675354 2.318762302 39.987987518 -1.558054924 39.951663971 0.522321999 39.917484283 -0.275021613 39.947345734 -1.033147097 39.960506439 -2.851487637 39.964881897 -2.916865349 39.966217041 3.013656616 39.950920105 2.316159248 39.984161377 -1.554172158 39.962867737 0.536129117 39.936939240 -0.274270892 39.954429626 -1.063799858 39.936550140 -2.842959881 39.953235626 -2.925894260 39.959442139 2.984854221 39.959877014 2.312176704 39.988128662 -1.561149716 39.952850342 0.539123952
39.960666656 3.012408733 39.965969086 2.320329428 39.988071442 -1.557310700 39.952953339 0.523784697 39.916683197 -0.272063494 39.944587708 -1.029499650 39.960266113 -2.850441694 39.965049744 -2.914460897 39.964073181 3.015220165 39.952495575 2.316798687 39.984424591 -1.554237127 39.964237213 0.537992835 39.935169220 -0.272243738 39.953514099 -1.061102629 39.936592102 -2.841324806 39.955295563 -2.925694466 39.957355499 2.986069679 39.958992004 2.312746048 39.988327026 -1.561432242 39.951820374 0.542034745
39.962375641 3.013865709 39.966110229 2.321609974 39.987979889 -1.556921482 39.953563690 0.525214314 39.916610718 -0.269053042 39.944774628 -1.026290178 39.960315704 -2.849560976 39.964473724 -2.912160635 39.961578369 3.017242432 39.954490662 2.317595243 39.984790802 -1.554145694 39.966426849 0.539988697 39.932544708 -0.270239353 39.951637268 -1.058484316 39.938297272 -2.839589834 39.956966400 -2.925504208 39.955688477 2.987525940 39.957473755 2.312811852 39.988258362 -1.561611533 39.950645447 0.545426488
39.963645935 3.015365124 39.966064453 2.322917461 39.988056183 -1.556784153 39.954254150 0.527129889 39.917293549 -0.266341060 39.948036194 -1.023389816 39.960235596 -2.848455667 39.964477539 -2.909987926 39.959449768 3.019411564 39.957149506 2.318543673 39.985137939 -1.554080963 39.968162537 0.542225242 39.926479340 -0.268079162 39.948265076 -1.055664897 39.940174103 -2.837851286 39.958633423 -2.925313950 39.954639435 2.989096642 39.956798553 2.312889576 39.988487244 -1.561825275 39.950222015 0.548903584
39.964618683 3.017126799 39.965526581 2.324667215 39.988391876 -1.556730747 39.954933167 0.529507756 39.918975830 -0.263576925 39.949062347 -1.020360947 39.960468292 -2.847196817 39.964748383 -2.908070803 39.958198547 3.021246672 39.959526062 2.319561720 39.985832214 -1.553955317 39.967815399 0.544558823 39.923301697 -0.265846431 39.943801880 -1.053053617 39.941818237 -2.836318493 39.959690094 -2.925265074 39.953590393 2.990887165 39.957317352 2.313592911 39.988689423 -1.562115312 39.949535370 0.552015305
39.965248108 3.019108295 39.963882446 2.326540470 39.988468170 -1.556597233 39.955871582 0.531796455 39.920627594 -0.260722280 39.950092316 -1.017434359 39.961189270 -2.846296310 39.965820312 -2.906216621 39.957283020 3.022911310 39.962280273 2.320342541 39.986774445 -1.553917527 39.966491699 0.546946228 39.922992706 -0.263803124 39.939601898 -1.050565004 39.944217682 -2.834835052 39.959926605 -2.925309420 39.953010559 2.992775679 39.957981110 2.314739466 39.988578796 -1.562432051 39.949703217 0.554580629
39.965126038 3.021340609 39.963027954 2.328219891 39.988574982 -1.556406498 39.956100464 0.534196317 39.920791626 -0.258324653 39.951175690 -1.014881134 39.961120605 -2.845253944 39.968158722 -2.904310465 39.956352234 3.024602413 39.963985443 2.321273327 39.987514496 -1.554177403 39.964252472 0.549360275 39.920654297 -0.261790365 39.936878204 -1.047731996 39.945793152 -2.833272457 39.960590363 -2.924984694 39.952255249 2.994664907 39.958824158 2.315810442 39.988742828 -1.562870860 39.950859070 0.556972623
39.962188721 3.023560286 39.962863922 2.329759359 39.988906860 -1.556364655 39.955856323 0.536775410 39.923995972 -0.256347179 39.951843262 -1.012542725 39.961387634 -2.843303204 39.971126556 -2.902580261 39.955104828 3.026386499 39.964591980 2.322565079 39.988166809 -1.554582119 39.962390900 0.551736534 39.919563293 -0.259641618 39.936134338 -1.044560432 39.948043823 -2.831915140 39.962825775 -2.924234390 39.951812744 2.996419668 39.959945679 2.316730499 39.988918304 -1.563290715 39.950977325 0.559357166
39.961273193 3.025652885 39.961559296 2.331676006 39.988464355 -1.556604862 39.955047607 0.539171159 39.928504944 -0.254601449 39.952869415 -1.010486126 39.961475372 -2.840734243 39.974151611 -2.901113510 39.954044342 3.027888536 39.964958191 2.324094296 39.988437653 -1.555112720 39.960563660 0.554250598 39.920436859 -0.257931679 39.937038422 -1.041176796 39.951763153 -2.830773830 39.965877533 -2.923606157 39.951972961 2.997931242 39.960945129 2.317612171 39.989135742 -1.563592196 39.950241089 0.561325610
39.962661743 3.027749777 39.961444855 2.333874464 39.987846375 -1.557161808 39.953403473 0.541226387 39.930149078 -0.253360897 39.950675964 -1.008592963 39.960220337 -2.838012695 39.977157593 -2.899720669 39.953338623 3.028718710 39.964515686 2.325476885 39.988689423 -1.555696726 39.957721710 0.556901634 39.922592163 -0.256634921 39.938583374 -1.037627578 39.954349518 -2.829550982 39.968418121 -2.922861576 39.952247620 2.999385118 39.961509705 2.318515301 39.989383698 -1.563794494 39.949539185 0.563160598
39.961318970 3.029536724 39.962215424 2.336013794 39.987438202 -1.557932615 39.951812744 0.543158770 39.932071686 -0.252355844 39.950393677 -1.006600976 39.958786011 -2.835379124 39.979515076 -2.898465395 39.952926636 3.028946161 39.963096619 2.326475143 39.989589691 -1.556235194 39.952915192 0.559218705 39.926452637 -0.255313843 39.939899445 -1.034565568 39.956211090 -2.828438282 39.970211029 -2.921537876 39.953208923 3.000786781 39.961406708 2.319455385 39.989967346 -1.563886166 39.949653625 0.564894199
39.960201263 3.031093597 39.963035583 2.338347197 39.987045288 -1.558722377 39.950271606 0.545101643 39.933654785 -0.250945032 39.953296661 -1.004774809 39.957572937 -2.833101749 39.980724335 -2.897615433 39.952533722 3.029100657 39.960098267 2.327564240 39.989925385 -1.556716084 39.949672699 0.561145127 39.929965973 -0.253952295 39.941493988 -1.032125473 39.957622528 -2.827586412 39.971912384 -2.919884443 39.953975677 3.002072096 39.960731506 2.320368052 39.990215302 -1.564103603 39.950153351 0.566424549
39.959743500 3.032943964 39.963478088 2.340588570 39.986400604 -1.559447289 39.949851990 0.546967268 39.934730530 -0.248763368 39.953472137 -1.002975702 39.957233429 -2.830922127 39.980781555 -2.897010088 39.952522278 3.029511929 39.954822540 2.328414202 39.988471985 -1.557139158 39.948127747 0.562875688 39.933032990 -0.252541035 39.943840027 -1.030138969 39.958465576 -2.826854467 39.972915649 -2.917804003 39.954498291 3.003136158 39.960311890 2.321275473 39.990417480 -1.564496756 39.950786591 0.567899823
39.959342957 3.034669399 39.962032318 2.342305422 39.985519409 -1.560057640 39.949573517 0.548994124 39.934978485 -0.246292725 39.953685760 -1.000812292 39.957637787 -2.828526020 39.980297089 -2.896460295 39.952953339 3.030101299 39.952804565 2.329071999 39.989135742 -1.557608724 39.945209503 0.564304590 39.937061310 -0.250785142 39.945224762 -1.028769135 39.958988190 -2.826099634 39.973361969 -2.915155411 39.955295563 3.004326582 39.960567474 2.322188854 39.991260529 -1.564794421 39.951622009 0.569110155
39.959800720 3.035930157 39.960037231 2.343633413 39.985694885 -1.560366869 39.948738098 0.551283181 39.934654236 -0.244309574 39.954174042 -0.998250484 39.957405090 -2.826122761 39.979679108 -2.895925283 39.952938080 3.030723810 39.953578949 2.329758644 39.991054535 -1.558025360 39.942272186 0.565472841 39.940391541 -0.248638660 39.946018219 -1.027523160 39.960155487 -2.825076580 39.973724365 -2.912210703 39.956691742 3.005755663 39.961666107 2.323302746 39.991554260 -1.564840317 39.952610016 0.570182741
39.960861206 3.037207603 39.957542419 2.344782829 39.986530304 -1.560565472 39.948490143 0.553602278 39.932430267 -0.242372602 39.953655243 -0.995358646 39.957115173 -2.823765755 39.978370667 -2.895303249 39.953086853 3.031521559 39.951801300 2.330222130 39.990871429 -1.558387756 39.938682556 0.566570997 39.944381714 -0.246351704 39.945823669 -1.025966644 39.961658478 -2.823811054 39.973937988 -2.909318209 39.958385468 3.007087231 39.963077545 2.324724674 39.991859436 -1.564840317 39.954181671 0.571219563
39.962200165 3.038656473 39.956218719 2.345841169 39.987609863 -1.560909271 39.949134827 0.555919886 39.931339264 -0.240535617 39.952323914 -0.992566705 39.957000732 -2.821339607 39.977062225 -2.894433022 39.954471588 3.032393694 39.950214386 2.330502033 39.990646362 -1.558849454 39.934921265 0.567944765 39.947669983 -0.244163409 39.945476532 -1.024155855 39.962173462 -2.822625160 39.974048615 -2.906536818 39.960323334 3.008502007 39.965049744 2.325925589 39.992485046 -1.564783216 39.954421997 0.572414577
39.963481903 3.040216208 39.955734253 2.347094059 39.988620758 -1.561458945 39.950195312 0.558144271 39.931678772 -0.239154726 39.947559357 -0.989987075 39.956333160 -2.819212914 39.975399017 -2.893383026 39.956100464 3.033004999 39.949676514 2.330820560 39.990726471 -1.559326410 39.931663513 0.569647670 39.948139191 -0.242243916 39.946605682 -1.021908998 39.963020325 -2.821152210 39.973411560 -2.903541088 39.962150574 3.010243416 39.967334747 2.326721430 39.992805481 -1.564718366 39.953433990 0.574094296
39.964256287 3.041772366 39.953960419 2.348519564 39.988983154 -1.562145948 39.951171875 0.560084283 39.929435730 -0.237953201 39.944511414 -0.987018943 39.954830170 -2.817138195 39.973289490 -2.891979218 39.958160400 3.033590794 39.949554443 2.331371546 39.991168976 -1.559700489 39.928676605 0.571639180 39.946189880 -0.240190774 39.947353363 -1.019321561 39.963905334 -2.819368839 39.972656250 -2.900593281 39.963516235 3.011919260 39.968444824 2.327440500 39.992824554 -1.564630628 39.952819824 0.576106846
39.965034485 3.043353319 39.953361511 2.349896908 39.989387512 -1.562771797 39.952663422 0.562081695 39.926975250 -0.236853436 39.943748474 -0.983715475 39.952850342 -2.815182686 39.970920563 -2.889993906 39.960956573 3.034222364 39.949523926 2.332290173 39.991294861 -1.560116410 39.928386688 0.574081361 39.945629120 -0.237874508 39.946754456 -1.016915679 39.963497162 -2.817331791 39.971446991 -2.897915840 39.965091705 3.013277769 39.969532013 2.328580856 39.992858887 -1.564504743 39.951030731 0.578515351
39.964942932 3.045025587 39.953220367 2.351522446 39.989814758 -1.563359499 39.954116821 0.564199686 39.923999786 -0.235564306 39.940216064 -0.980284572 39.950561523 -2.813711166 39.969188690 -2.888023376 39.962959290 3.034899712 39.947589874 2.333677530 39.988693237 -1.560497403 39.930198669 0.577085853 39.946292877 -0.235336080 39.948696136 -1.014662743 39.963157654 -2.815040112 39.970554352 -2.895454884 39.966758728 3.014632225 39.970596313 2.330207348 39.992877960 -1.564424634 39.949832916 0.581146538
39.963958740 3.046639919 39.953388214 2.353261709 39.990535736 -1.564054132 39.955261230 0.566098928 39.920043945 -0.233966902 39.936405182 -0.976812780 39.948768616 -2.812327862 39.967739105 -2.886191368 39.964942932 3.035657644 39.949230194 2.335531712 39.988578796 -1.560779691 39.931659698 0.580467224 39.945564270 -0.232954755 39.952362061 -1.011902332 39.962051392 -2.812772274 39.969463348 -2.893223286 39.968021393 3.016081333 39.970504761 2.331800461 39.992885590 -1.564401746 39.949180603 0.583691061
39.961254120 3.048332691 39.954113007 2.354882002 39.991245270 -1.564866900 39.956542969 0.567898452 39.916179657 -0.232168913 39.931537628 -0.973600686 39.947826385 -2.810935020 39.966064453 -2.884183168 39.966476440 3.036746502 39.953376770 2.337678432 39.990879059 -1.561135173 39.932666779 0.583744347 39.943977356 -0.230724946 39.954875946 -1.008884788 39.959991455 -2.810518742 39.967575073 -2.890965700 39.969169617 3.017631531 39.968799591 2.333613873 39.992874146 -1.564439893 39.948596954 0.586532176
39.960296631 3.050247669 39.954727173 2.356356621 39.991661072 -1.565737009 39.958526611 0.569960833 39.910316467 -0.229874566 39.927558899 -0.970451593 39.946891785 -2.809710979 39.964042664 -2.882222891 39.967247009 3.038178205 39.954719543 2.339769602 39.990451813 -1.561463237 39.933345795 0.586785972 39.942504883 -0.228148341 39.957302094 -1.006113768 39.957920074 -2.808000326 39.965671539 -2.888820648 39.970283508 3.019585371 39.965942383 2.335945368 39.992866516 -1.564474225 39.948089600 0.589460313
39.961048126 3.052411795 39.956062317 2.357609510 39.992103577 -1.566652775 39.960113525 0.571986794 39.906154633 -0.227402136 39.925056458 -0.967329919 39.946273804 -2.808562040 39.961151123 -2.880358458 39.967636108 3.039798975 39.956401825 2.341963291 39.990081787 -1.561627150 39.933631897 0.589702487 39.941474915 -0.225180581 39.958541870 -1.003273964 39.955139160 -2.805226326 39.963764191 -2.886966467 39.970874786 3.021806002 39.963283539 2.338606596 39.993106842 -1.564718485 39.946746826 0.592426717
39.959953308 3.054985285 39.956123352 2.358473539 39.992576599 -1.567591429 39.961154938 0.573760271 39.904434204 -0.225238264 39.923408508 -0.964271724 39.946006775 -2.807391405 39.957988739 -2.878443241 39.967285156 3.041781902 39.957862854 2.344102621 39.989723206 -1.561775923 39.933643341 0.592527807 39.938026428 -0.222390935 39.959339142 -1.000549078 39.952312469 -2.802546263 39.961448669 -2.885254383 39.971416473 3.023883581 39.960628510 2.341370583 39.993289948 -1.565245032 39.945777893 0.595762074
39.959018707 3.057407379 39.957061768 2.359186411 39.992801666 -1.568262935 39.962200165 0.575444579 39.902606964 -0.223456264 39.922531128 -0.961238921 39.946620941 -2.806300879 39.954677582 -2.876438856 39.965602875 3.044225454 39.958538055 2.345976830 39.989372253 -1.561901808 39.934585571 0.595416665 39.929790497 -0.219660610 39.960430145 -0.997824371 39.949005127 -2.799919605 39.958679199 -2.883565903 39.971500397 3.025897980 39.957996368 2.343832493 39.993167877 -1.565840125 39.945281982 0.599152565
39.958717346 3.059613943 39.959350586 2.360126019 39.993373871 -1.568686485 39.962131500 0.577221692 39.903038025 -0.221910983 39.922191620 -0.958732069 39.947307587 -2.805093050 39.951812744 -2.874234200 39.964786530 3.047067642 39.957908630 2.347661734 39.988784790 -1.561844468 39.933547974 0.598640740 39.924587250 -0.216458187 39.961036682 -0.994877636 39.945785522 -2.797396421 39.956550598 -2.882125854 39.970733643 3.027865171 39.955497742 2.346029997 39.993076324 -1.566313267 39.944221497 0.602384508
39.958343506 3.061906099 39.961494446 2.361243486 39.993644714 -1.569132805 39.961238861 0.579060018 39.905868530 -0.220413536 39.922870636 -0.956622303 39.947814941 -2.803717375 39.949455261 -2.872086763 39.964481354 3.050109625 39.956493378 2.349476099 39.987602234 -1.561737299 39.934806824 0.601906776 39.923183441 -0.213140786 39.961730957 -0.991689622 39.943397522 -2.794630527 39.954933167 -2.880941391 39.969188690 3.029835463 39.954483032 2.348227978 39.992996216 -1.566790223 39.942268372 0.605072558
39.957653046 3.064070940 39.963729858 2.362544537 39.993625641 -1.569468617 39.960090637 0.581078351 39.910755157 -0.218644887 39.923885345 -0.954440653 39.948146820 -2.802428484 39.946659088 -2.870251894 39.962997437 3.053242207 39.954929352 2.351619959 39.986354828 -1.561817169 39.938194275 0.605180264 39.920295715 -0.210110918 39.962467194 -0.988376796 39.940834045 -2.791607380 39.953807831 -2.879656792 39.967861176 3.032071114 39.954532623 2.350404739 39.992610931 -1.567320466 39.939868927 0.607466578
39.954898834 3.065967321 39.965644836 2.363964319 39.993618011 -1.569636464 39.958442688 0.583473802 39.916065216 -0.215984613 39.924797058 -0.952507019 39.947914124 -2.800955772 39.944358826 -2.868355989 39.962169647 3.056208849 39.954380035 2.354131222 39.985054016 -1.562030554 39.939254761 0.608501256 39.919231415 -0.207477227 39.962631226 -0.985157371 39.938262939 -2.788764000 39.952457428 -2.878164768 39.966873169 3.034345865 39.952606201 2.352645874 39.992244720 -1.567824125 39.938274384 0.609748185
39.954780579 3.067849398 39.968822479 2.365669966 39.993007660 -1.569640279 39.956668854 0.586049557 39.921504974 -0.212874174 39.926319122 -0.950478435 39.948013306 -2.799124241 39.943309784 -2.866277218 39.962486267 3.058935881 39.954948425 2.356804848 39.984344482 -1.562320471 39.939990997 0.611462116 39.919338226 -0.205026165 39.962192535 -0.982058764 39.935894012 -2.786082029 39.950832367 -2.876384974 39.965370178 3.036499739 39.951545715 2.354547024 39.992179871 -1.568404078 39.937202454 0.611735106
39.957386017 3.069684505 39.971576691 2.367618322 39.992717743 -1.569369316 39.955417633 0.588621140 39.923374176 -0.209592327 39.926425934 -0.948609829 39.947822571 -2.797276735 39.942104340 -2.864255428 39.962284088 3.061534882 39.955158234 2.359472752 39.984218597 -1.562705874 39.939384460 0.614097476 39.919151306 -0.202890068 39.960941315 -0.979031980 39.933471680 -2.783837080 39.949977875 -2.874257326 39.963851929 3.038628101 39.951923370 2.356502295 39.991832733 -1.568880916 39.936069489 0.613595009
39.957130432 3.071171284 39.973697662 2.369302034 39.992748260 -1.568896294 39.954658508 0.590995908 39.926139832 -0.206366912 39.927772522 -0.947278917 39.947414398 -2.795499325 39.941383362 -2.862676859 39.961845398 3.064199686 39.954963684 2.361984253 39.984069824 -1.563182950 39.937980652 0.616536498 39.920387268 -0.201442003 39.959148407 -0.976229429 39.931568146 -2.782048225 39.948143005 -2.871919155 39.962753296 3.040849447 39.951480865 2.359402895 39.990291595 -1.569090724 39.935035706 0.614950478
39.956535339 3.072590590 39.975326538 2.371056080 39.992191315 -1.568304896 39.953464508 0.593455613 39.931331635 -0.204066113 39.931304932 -0.946005225 39.946788788 -2.793678045 39.941600800 -2.861024857 39.961505890 3.067335367 39.954402924 2.364576817 39.983951569 -1.563575983 39.936809540 0.618487954 39.922275543 -0.200525448 39.956893921 -0.973699749 39.930629730 -2.780160904 39.946086884 -2.869677067 39.962524414 3.042901993 39.950923920 2.363075972 39.990287781 -1.569151759 39.933837891 0.616019964
39.956344604 3.074230433 39.974262238 2.372794867 39.991043091 -1.567644715 39.951881409 0.596055329 39.933860779 -0.202328637 39.932559967 -0.945047617 39.945194244 -2.792110920 39.941093445 -2.858869791 39.960834503 3.070942402 39.951866150 2.367456436 39.981449127 -1.563793063 39.936038971 0.620172203 39.924308777 -0.200008094 39.954269409 -0.971233130 39.929523468 -2.777992487 39.945056915 -2.867841244 39.961715698 3.044751167 39.950233459 2.366679192 39.991512299 -1.569144249 39.932746887 0.617500782
39.956798553 3.076014757 39.973545074 2.374549866 39.990524292 -1.566988349 39.949558258 0.598672509 39.936035156 -0.200609416 39.933189392 -0.944191277 39.943626404 -2.790770769 39.941143036 -2.856737137 39.958412170 3.074712276 39.950599670 2.370476484 39.981380463 -1.564041138 39.936817169 0.622103393 39.927913666 -0.200145751 39.950572968 -0.968854785 39.927238464 -2.775999069 39.943714142 -2.866129160 39.960464478 3.046591282 39.950363159 2.370055199 39.991519928 -1.568987727 39.932716370 0.619424164
39.957355499 3.077687979 39.973628998 2.376342535 39.990047455 -1.566194654 39.946674347 0.601313531 39.937870026 -0.198756263 39.933063507 -0.942867577 39.941730499 -2.789479733 39.942565918 -2.854665041 39.957214355 3.078586817 39.950420380 2.373906851 39.983787537 -1.564167500 39.938514709 0.624218225 39.929943085 -0.200472757 39.946319580 -0.966638863 39.926685333 -2.774094105 39.942470551 -2.863832951 39.958683014 3.048199892 39.950576782 2.373199224 39.991542816 -1.568701625 39.932933807 0.621232927
39.957935333 3.079152346 39.972171783 2.378443718 39.989601135 -1.565378070 39.944133759 0.603916764 39.939029694 -0.196566492 39.931324005 -0.940926850 39.938568115 -2.787683487 39.943363190 -2.852499485 39.958240509 3.082420111 39.948120117 2.377846718 39.984455109 -1.563953876 39.939922333 0.626134038 39.930191040 -0.200426638 39.942855835 -0.964535058 39.928108215 -2.771838427 39.941375732 -2.861210346 39.956584930 3.049756050 39.950737000 2.376056910 39.991565704 -1.568468809 39.932640076 0.622639298
39.958179474 3.080289125 39.970447540 2.381188154 39.989089966 -1.564942956 39.941581726 0.606376290 39.940807343 -0.194193721 39.929199219 -0.938758314 39.936199188 -2.785118818 39.944087982 -2.850356102 39.958141327 3.085785866 39.946083069 2.382062435 39.985221863 -1.563408256 39.941951752 0.627871096 39.929729462 -0.199908435 39.939598083 -0.962496638 39.929416656 -2.769476891 39.940589905 -2.858639240 39.954273224 3.051568508 39.951183319 2.378628254 39.990951538 -1.568480253 39.932701111 0.624002993
39.958312988 3.081111908 39.969078064 2.384175539 39.988471985 -1.564961910 39.939647675 0.608876228 39.943195343 -0.191630527 39.924419403 -0.936157584 39.934829712 -2.782352448 39.945072174 -2.847942114 39.958194733 3.088858843 39.944854736 2.386543512 39.986057281 -1.562679529 39.943656921 0.629748404 39.927940369 -0.198837548 39.935306549 -0.960380912 39.931686401 -2.767131329 39.940181732 -2.855814457 39.952041626 3.053135633 39.950622559 2.381222248 39.990310669 -1.568816066 39.933441162 0.625374556
39.958770752 3.081810713 39.967609406 2.387142181 39.988426208 -1.565164208 39.939189911 0.611420155 39.942985535 -0.188774124 39.921676636 -0.932751775 39.933761597 -2.779348850 39.946441650 -2.845201731 39.957984924 3.091793299 39.944789886 2.391283989 39.986331940 -1.561878204 39.945446014 0.631494045 39.924552917 -0.197014794 39.930938721 -0.958353579 39.934402466 -2.764771700 39.940349579 -2.852592707 39.950241089 3.054431438 39.953208923 2.383884192 39.989665985 -1.569357872 39.935493469 0.626723647
39.959190369 3.082664490 39.964595795 2.390304804 39.988391876 -1.565320611 39.938907623 0.614292800 39.943302155 -0.185613602 39.922290802 -0.928903580 39.932498932 -2.775889874 39.948604584 -2.842577219 39.957344055 3.094489813 39.945674896 2.395921469 39.987197876 -1.561187744 39.946746826 0.633089721 39.922920227 -0.194766819 39.926925659 -0.956955791 39.936779022 -2.762530088 39.940681458 -2.849285364 39.948589325 3.055792570 39.957820892 2.386377096 39.988418579 -1.569968343 39.937477112 0.628301919
39.958942413 3.083819151 39.961490631 2.393571138 39.987716675 -1.565618157 39.938194275 0.617666364 39.945423126 -0.182475775 39.921970367 -0.924509645 39.930160522 -2.772870302 39.950771332 -2.840103149 39.957294464 3.096844673 39.944915771 2.399993658 39.985569000 -1.560675979 39.946666718 0.634389997 39.922431946 -0.192159742 39.923923492 -0.955630481 39.938953400 -2.760560513 39.941482544 -2.846238136 39.947795868 3.057193995 39.960575104 2.388746738 39.987182617 -1.570624590 39.938072205 0.630256951
39.957389832 3.084897518 39.957412720 2.396909714 39.986972809 -1.566327810 39.937057495 0.621403337 39.945804596 -0.179728463 39.922088623 -0.919773221 39.928787231 -2.770717621 39.952949524 -2.837699413 39.957473755 3.098838091 39.946514130 2.403712273 39.985652924 -1.560473680 39.944770813 0.635459185 39.919944763 -0.189256057 39.922679901 -0.953941345 39.940593719 -2.758674860 39.942340851 -2.843424320 39.946834564 3.058853626 39.962772369 2.391327620 39.986576080 -1.571235180 39.937984467 0.632312596
39.953395844 3.085995436 39.953704834 2.400692225 39.986827850 -1.567228436 39.936149597 0.625259578 39.944656372 -0.176985517 39.922344208 -0.915099323 39.929000854 -2.768705606 39.954807281 -2.835187435 39.956623077 3.100624084 39.950656891 2.407238960 39.989234924 -1.560661554 39.944656372 0.636895537 39.917545319 -0.186236516 39.921630859 -0.951774955 39.942565918 -2.757022142 39.943153381 -2.840871811 39.946010590 3.060789347 39.964069366 2.393995762 39.985977173 -1.571681619 39.937595367 0.634158731
39.951423645 3.087591648 39.951351166 2.404988289 39.986717224 -1.568086982 39.935855865 0.628558040 39.942462921 -0.174050584 39.922340393 -0.910287499 39.930133820 -2.766269922 39.955749512 -2.832666397 39.955905914 3.102406263 39.952262878 2.410265684 39.989772797 -1.560841084 39.947631836 0.638561487 39.915592194 -0.183311492 39.920932770 -0.949103653 39.944717407 -2.755547523 39.944065094 -2.838486195 39.944904327 3.062764406 39.965286255 2.396301746 39.984771729 -1.572063208 39.937831879 0.635995746
39.952224731 3.089520216 39.949577332 2.409620285 39.986637115 -1.568972349 39.935138702 0.631607115 39.939884186 -0.171368554 39.921852112 -0.905409276 39.932128906 -2.763277531 39.956779480 -2.830084085 39.956047058 3.104311705 39.953575134 2.413001060 39.989715576 -1.560986042 39.949398041 0.640042126 39.914131165 -0.180832461 39.923133850 -0.946498334 39.944156647 -2.753759861 39.943363190 -2.836322784 39.943645477 3.064641476 39.967117310 2.398461580 39.984180450 -1.572372437 39.938388824 0.638095737
39.952037811 3.091558456 39.949432373 2.414116144 39.986591339 -1.569769859 39.933956146 0.634434521 39.936874390 -0.169307485 39.921482086 -0.900914371 39.933979034 -2.760173082 39.959262848 -2.827114105 39.955871582 3.106329203 39.955478668 2.415313721 39.989582062 -1.561337113 39.951259613 0.641369879 39.913555145 -0.178183317 39.927623749 -0.943901658 39.945045471 -2.751469612 39.942256927 -2.834206343 39.943805695 3.066601276 39.968250275 2.400611162 39.984191895 -1.572566986 39.938953400 0.640560865
39.952636719 3.093589544 39.949729919 2.418206692 39.987186432 -1.570304036 39.933208466 0.636366308 39.932281494 -0.167445362 39.922397614 -0.896429062 39.935638428 -2.756758213 39.960918427 -2.823989868 39.956157684 3.108121634 39.956851959 2.417324543 39.990013123 -1.561821818 39.952766418 0.642848790 39.910266876 -0.175461978 39.932060242 -0.940940320 39.947811127 -2.748898745 39.942066193 -2.831730843 39.944892883 3.068715811 39.968627930 2.402718544 39.984199524 -1.572670102 39.939147949 0.643476665
39.953090668 3.095626116 39.949634552 2.422304153 39.987182617 -1.570647478 39.932987213 0.637682319 39.928237915 -0.165366054 39.923980713 -0.891607344 39.938030243 -2.753045082 39.960979462 -2.820918083 39.956802368 3.109491825 39.957172394 2.419450521 39.990394592 -1.562478185 39.952903748 0.644546032 39.910942078 -0.172999740 39.937152863 -0.937388122 39.948894501 -2.746544123 39.942932129 -2.829093456 39.945945740 3.070690155 39.967300415 2.404968739 39.983612061 -1.572941065 39.938190460 0.646698177
39.953201294 3.097952366 39.949733734 2.426998138 39.987792969 -1.570990920 39.931957245 0.638814807 39.925346375 -0.163152546 39.924873352 -0.886920631 39.942012787 -2.749649048 39.961112976 -2.818157673 39.957389832 3.110724449 39.957359314 2.421458006 39.990100861 -1.563420653 39.951900482 0.645922542 39.915508270 -0.170166954 39.942298889 -0.933505356 39.949111938 -2.744550943 39.944206238 -2.826396704 39.947212219 3.072643280 39.966964722 2.407288313 39.984264374 -1.573368430 39.938632965 0.650179505
39.953079224 3.100924492 39.948642731 2.431939840 39.989021301 -1.571437359 39.930183411 0.639933467 39.923347473 -0.161332786 39.926631927 -0.882679582 39.945949554 -2.746641636 39.960575104 -2.815707684 39.957870483 3.111840487 39.957302094 2.423314571 39.989788055 -1.564576745 39.949966431 0.646657526 39.917442322 -0.166988716 39.946193695 -0.929417491 39.949695587 -2.742584705 39.944980621 -2.823613405 39.948314667 3.074371815 39.967250824 2.409596443 39.984909058 -1.573711872 39.939605713 0.653775275
39.950508118 3.104340792 39.948608398 2.436501980 39.989643097 -1.571776867 39.928783417 0.640922368 39.921405792 -0.159884825 39.930107117 -0.878935993 39.949226379 -2.743715286 39.959590912 -2.813308001 39.958374023 3.112711906 39.957653046 2.425267935 39.989509583 -1.565805316 39.945953369 0.647221625 39.919113159 -0.163709000 39.949077606 -0.925031006 39.950515747 -2.740868568 39.945018768 -2.821127415 39.949615479 3.076069832 39.965724945 2.412064552 39.984947205 -1.574017167 39.938476562 0.657373309
39.950759888 3.107818842 39.950820923 2.440844297 39.990261078 -1.571956277 39.928028107 0.641918957 39.919692993 -0.158072278 39.932868958 -0.875863314 39.952716827 -2.741227865 39.959175110 -2.811048508 39.959159851 3.113361835 39.958938599 2.427723646 39.989299774 -1.567014933 39.943210602 0.648308396 39.920608521 -0.160337150 39.951404572 -0.920562446 39.951305389 -2.739316702 39.945590973 -2.818740368 39.950069427 3.077905893 39.964370728 2.414867878 39.985610962 -1.574387193 39.936946869 0.661066592
39.953628540 3.111556530 39.952396393 2.445037365 39.990879059 -1.572055459 39.927436829 0.642970681 39.918724060 -0.156061754 39.932807922 -0.873481691 39.955192566 -2.739341497 39.959037781 -2.808830261 39.959136963 3.114207983 39.960479736 2.430330753 39.989158630 -1.568094730 39.942657471 0.649920583 39.923290253 -0.157080740 39.953861237 -0.916091263 39.952537537 -2.737278461 39.945476532 -2.816325665 39.949424744 3.079623222 39.963550568 2.417849779 39.985664368 -1.574749708 39.935894012 0.664460599
39.954216003 3.115379333 39.953372955 2.448706627 39.990871429 -1.571979165 39.926704407 0.644054532 39.917942047 -0.153855711 39.934764862 -0.871307731 39.957763672 -2.737749815 39.959140778 -2.806446314 39.958618164 3.115548372 39.961101532 2.432760954 39.989082336 -1.568926573 39.940361023 0.651673794 39.925540924 -0.153886124 39.954521179 -0.911966503 39.953308105 -2.735025883 39.944328308 -2.814384460 39.948799133 3.081634998 39.962463379 2.421092510 39.986312866 -1.574986219 39.936157227 0.667536199
39.954807281 3.119171381 39.953639984 2.451993704 39.990871429 -1.571963906 39.925678253 0.645508289 39.918796539 -0.151075646 39.938346863 -0.869174302 39.959911346 -2.736052990 39.958259583 -2.803687572 39.957881927 3.117505550 39.960506439 2.435210466 39.988430023 -1.569659233 39.937454224 0.653729975 39.926990509 -0.150288701 39.955615997 -0.908321619 39.952777863 -2.732648849 39.943050385 -2.812747240 39.947795868 3.083879709 39.961280823 2.424779892 39.986343384 -1.575158000 39.936927795 0.670394599
39.955650330 3.122982025 39.953670502 2.455168247 39.991489410 -1.572063088 39.925724030 0.647020221 39.922161102 -0.148457542 39.940109253 -0.867289364 39.960689545 -2.734423637 39.956645966 -2.800704956 39.957057953 3.119732141 39.956970215 2.437812805 39.985965729 -1.570418596 39.934658051 0.656636357 39.927665710 -0.146053180 39.958045959 -0.904935658 39.951236725 -2.729808092 39.941680908 -2.811124563 39.947959900 3.086104631 39.959655762 2.428274632 39.986961365 -1.575219035 39.937557220 0.673066616
39.956020355 3.126509428 39.954208374 2.457783461 39.991493225 -1.572154641 39.926258087 0.648380756 39.926532745 -0.146175176 39.941982269 -0.865664780 39.961872101 -2.732930660 39.955291748 -2.797887325 39.955989838 3.121744633 39.954460144 2.440511227 39.985965729 -1.571124434 39.931922913 0.660419166 39.927230835 -0.141388208 39.959342957 -0.901674330 39.949287415 -2.726383209 39.941062927 -2.809103251 39.948352814 3.088599205 39.956417084 2.431432247 39.987564087 -1.575173140 39.938613892 0.675608516
39.955440521 3.129872084 39.953067780 2.460191727 39.992095947 -1.572028637 39.926544189 0.650160134 39.930984497 -0.143764451 39.944038391 -0.864202797 39.963363647 -2.730965376 39.953529358 -2.795120001 39.954425812 3.123825550 39.953952789 2.443266153 39.987201691 -1.571750283 39.929424286 0.664315701 39.928489685 -0.136537164 39.960060120 -0.898383558 39.947536469 -2.722653866 39.941238403 -2.806897163 39.948093414 3.091543913 39.951183319 2.434448719 39.987522125 -1.574928880 39.941024780 0.678147733
39.954685211 3.133286238 39.951911926 2.463301659 39.992691040 -1.571715832 39.927772522 0.652520239 39.934482574 -0.141362369 39.945358276 -0.862894297 39.964790344 -2.728822708 39.951160431 -2.792214155 39.953208923 3.126118660 39.951946259 2.446242094 39.987236023 -1.572429538 39.925796509 0.668490529 39.928810120 -0.132261381 39.959915161 -0.895243168 39.946590424 -2.718742847 39.942054749 -2.804751635 39.948165894 3.094496250 39.947555542 2.437181473 39.988079071 -1.574585438 39.942741394 0.680499434
39.954746246 3.136476994 39.951183319 2.466715813 39.992076874 -1.571506023 39.930130005 0.654997587 39.936946869 -0.138513759 39.945716858 -0.861674488 39.965446472 -2.726961851 39.948780060 -2.789398193 39.952949524 3.128150702 39.950637817 2.449542999 39.987293243 -1.573150754 39.921958923 0.673299968 39.928062439 -0.128712088 39.959400177 -0.892126560 39.946533203 -2.714742661 39.942626953 -2.802452564 39.947860718 3.097512722 39.945369720 2.439738989 39.988647461 -1.574276328 39.944126129 0.682615995
39.955554962 3.139251709 39.948780060 2.470185041 39.991462708 -1.571341872 39.932464600 0.657653570 39.938156128 -0.135034725 39.943767548 -0.860675931 39.965156555 -2.725539923 39.946895599 -2.786811590 39.952758789 3.129741430 39.949375153 2.453024149 39.986774445 -1.573971152 39.919033051 0.678012311 39.928668976 -0.125576019 39.958225250 -0.889018059 39.946876526 -2.710974932 39.944065094 -2.799879789 39.947441101 3.100823164 39.942008972 2.442446232 39.988590240 -1.573845148 39.946144104 0.684673786
39.955749512 -3.141357899 39.946125031 2.473912716 39.992069244 -1.571154952 39.935508728 0.660397768 39.937828064 -0.131406561 39.943611145 -0.859755278 39.964328766 -2.724002600 39.944561005 -2.784185648 39.952095032 3.131238461 39.947097778 2.456563473 39.986915588 -1.574940443 39.916904449 0.682589173 39.927040100 -0.122656107 39.957221985 -0.886072814 39.947589874 -2.707272530 39.946468353 -2.797280788 39.947139740 3.104345322 39.937870026 2.445460320 39.988544464 -1.573459744 39.946762085 0.686635196
39.955314636 -3.138610125 39.943290710 2.477490425 39.992065430 -1.570922256 39.939472198 0.663148820 39.936992645 -0.128534824 39.944992065 -0.858685493 39.962398529 -2.721632242 39.940647125 -2.781509161 39.951774597 3.132878780 39.944370270 2.459926605 39.987087250 -1.575871468 39.916110992 0.686928570 39.927074432 -0.120138109 39.954883575 -0.882974148 39.948188782 -2.703461409 39.948036194 -2.795208454 39.946605682 3.107956886 39.934276581 2.448816299 39.988506317 -1.573055267 39.946868896 0.688768625
39.954288483 -3.135783911 39.940029144 2.480924845 39.991455078 -1.570677996 39.942687988 0.666026771 39.935012817 -0.126343578 39.942173004 -0.857867360 39.960281372 -2.718930721 39.938060760 -2.778699160 39.952083588 3.134844065 39.939304352 2.463145256 39.984798431 -1.576570153 39.915653229 0.690691471 39.931186676 -0.118039772 39.953060150 -0.879679561 39.947093964 -2.699699402 39.949356079 -2.793209553 39.945117950 3.111525297 39.932746887 2.452592373 39.988460541 -1.572490454 39.946754456 0.690949917
39.953792572 -3.133221149 39.937011719 2.484104156 39.990848541 -1.570433855 39.946315765 0.668980539 39.933109283 -0.124129392 39.938873291 -0.856795311 39.957618713 -2.716034651 39.937328339 -2.775617123 39.952457428 3.137282610 39.936645508 2.466571331 39.985507965 -1.576978326 39.914863586 0.694104910 39.933326721 -0.116404012 39.952018738 -0.876362205 39.945838928 -2.696436644 39.951259613 -2.790804148 39.943428040 3.115188837 39.931686401 2.456721783 39.988433838 -1.571998239 39.946861267 0.693299413
39.951034546 -3.130858183 39.932861328 2.487033129 39.990852356 -1.570170522 39.949222565 0.672121048 39.932575226 -0.122531220 39.936508179 -0.855114937 39.955085754 -2.712800026 39.936073303 -2.772296667 39.952468872 3.139642954 39.936214447 2.469954729 39.987998962 -1.577191710 39.914211273 0.697365761 39.932876587 -0.115382046 39.949409485 -0.873152196 39.944026947 -2.693577290 39.953338623 -2.788137674 39.942962646 3.118763447 39.930248260 2.461115360 39.987815857 -1.571818948 39.946594238 0.696298420
39.949550629 -3.128812313 39.929008484 2.489913464 39.990863800 -1.569815755 39.951240540 0.675453126 39.932250977 -0.121460058 39.934257507 -0.852795243 39.953781128 -2.709339142 39.935882568 -2.768600702 39.951477051 -3.141422749 39.933826447 2.473007679 39.987407684 -1.577256680 39.913642883 0.700153887 39.934143066 -0.114457168 39.946174622 -0.870209575 39.942111969 -2.690950155 39.956008911 -2.785144329 39.944171906 3.122021437 39.928810120 2.465630531 39.987812042 -1.571773171 39.944984436 0.699602842
39.949195862 -3.127221107 39.926231384 2.492732048 39.989669800 -1.569247127 39.953407288 0.678751469 39.930221558 -0.120280638 39.932788849 -0.849775791 39.952636719 -2.705713987 39.936161041 -2.764369965 39.949146271 -3.139249325 39.932064056 2.475842714 39.987998962 -1.577195525 39.913990021 0.702498436 39.935840607 -0.113754265 39.943496704 -0.867791951 39.941181183 -2.689019680 39.958427429 -2.782104969 39.945949554 3.125059605 39.928340912 2.470227242 39.987201691 -1.571845651 39.943668365 0.702820420
39.946445465 -3.125705481 39.923553467 2.495316744 39.989116669 -1.568518281 39.955318451 0.681955338 39.928577423 -0.118784502 39.932136536 -0.846143603 39.951267242 -2.702020884 39.935520172 -2.759912729 39.946399689 -3.137026072 39.931186676 2.478970289 39.988510132 -1.576790929 39.915637970 0.704639137 39.936195374 -0.113157190 39.941383362 -0.865882814 39.939975739 -2.687407017 39.959388733 -2.778885365 39.947158813 3.128139019 39.929252625 2.474708319 39.986606598 -1.572097540 39.943519592 0.705801249
39.945816040 -3.123919010 39.920295715 2.497522831 39.988582611 -1.567800879 39.956462860 0.685074449 39.927879333 -0.117208764 39.931339264 -0.842025280 39.949218750 -2.698498964 39.934360504 -2.755739212 39.943485260 -3.135043144 39.930385590 2.482507467 39.988342285 -1.576039195 39.918064117 0.706455350 39.934417725 -0.112220138 39.938655853 -0.864348948 39.938949585 -2.685599566 39.960189819 -2.775362015 39.947467804 3.131349802 39.930427551 2.479168653 39.986011505 -1.572387576 39.942897797 0.708417416
39.944255829 -3.121916294 39.917606354 2.499907970 39.988052368 -1.567186594 39.956455231 0.688086510 39.927341461 -0.115380801 39.930446625 -0.837436974 39.946083069 -2.695254326 39.933532715 -2.751788855 39.940650940 -3.133279324 39.929935455 2.486225128 39.988159180 -1.575085282 39.921348572 0.708316147 39.934078217 -0.111046478 39.936416626 -0.862803280 39.938072205 -2.683877468 39.960918427 -2.772213936 39.949794769 3.134299278 39.931999207 2.484229326 39.985431671 -1.572780609 39.942279816 0.710978985
39.942264557 -3.119892120 39.916088104 2.502454042 39.988098145 -1.566881299 39.955142975 0.691311598 39.928676605 -0.113124751 39.928993225 -0.832330883 39.942043304 -2.692323923 39.932815552 -2.747630358 39.938705444 -3.131143332 39.930797577 2.489678383 39.987983704 -1.573875666 39.924686432 0.710420430 39.934650421 -0.109649390 39.932796478 -0.860983908 39.936634064 -2.682172298 39.961051941 -2.769171000 39.953166962 3.136744261 39.933948517 2.489738703 39.984851837 -1.573162317 39.941627502 0.713718832
39.940853119 -3.118076324 39.915145874 2.504578114 39.987476349 -1.566969037 39.953460693 0.694632649 39.931453705 -0.111009575 39.927574158 -0.827782750 39.936908722 -2.689817190 39.932586670 -2.743681192 39.936191559 -3.128676176 39.932090759 2.492728233 39.988464355 -1.572513461 39.927585602 0.712365985 39.933853149 -0.107775860 39.930103302 -0.859140992 39.935813904 -2.679978371 39.961013794 -2.765954733 39.954097748 3.138579369 39.936729431 2.494866848 39.984294891 -1.573673725 39.940429688 0.716608942
39.937767029 -3.116234303 39.915493011 2.506381035 39.986816406 -1.567293286 39.951629639 0.697567701 39.933200836 -0.109318957 39.926856995 -0.824002564 39.931610107 -2.687296391 39.932910919 -2.740283251 39.934680939 -3.125970125 39.932456970 2.495389223 39.988403320 -1.571032882 39.928077698 0.714144230 39.932998657 -0.105566554 39.929141998 -0.857099950 39.935737610 -2.677364111 39.960254669 -2.762768269 39.954883575 3.140061140 39.939609528 2.499413490 39.983798981 -1.574528575 39.939250946 0.719617844
39.938320160 -3.114541531 39.914653778 2.508681059 39.986766815 -1.567671061 39.948917389 0.699909449 39.935142517 -0.107931867 39.926582336 -0.820438683 39.927146912 -2.684398651 39.931678772 -2.737042427 39.934967041 -3.122882366 39.932006836 2.497972250 39.987823486 -1.569582939 39.927047729 0.716049552 39.931247711 -0.102795288 39.927017212 -0.854736030 39.934711456 -2.674708605 39.959560394 -2.759685040 39.956054688 -3.141531467 39.940410614 2.503800869 39.982753754 -1.575566769 39.937976837 0.722636938
39.941314697 -3.112944126 39.915500641 2.511812687 39.986747742 -1.567838907 39.945568085 0.701729357 39.937023163 -0.106656708 39.924942017 -0.817271113 39.923801422 -2.681236982 39.929801941 -2.733940125 39.934772491 -3.119387388 39.932060242 2.501084328 39.988540649 -1.568186283 39.924575806 0.718304396 39.930217743 -0.099360280 39.925548553 -0.852371156 39.932395935 -2.672367334 39.958827972 -2.756383419 39.957340240 -3.139811277 39.940891266 2.508367062 39.981754303 -1.576597333 39.936237335 0.725552082
39.942687988 -3.110760927 39.918285370 2.515151501 39.986114502 -1.568045020 39.941413879 0.703439176 39.939857483 -0.104864538 39.925247192 -0.814507663 39.921543121 -2.678382635 39.926856995 -2.731150866 39.936088562 -3.115491629 39.932521820 2.504491329 39.989307404 -1.566961527 39.924064636 0.721049786 39.930221558 -0.095751032 39.924263000 -0.850157857 39.929847717 -2.670603275 39.957874298 -2.752678871 39.958442688 -3.138037443 39.943103790 2.513109922 39.980758667 -1.577509642 39.934917450 0.728148282
39.945175171 -3.107884884 39.920635223 2.518389225 39.984249115 -1.568365455 39.936229706 0.705304265 39.942401886 -0.102224991 39.927734375 -0.811683595 39.919330597 -2.675575733 39.922145844 -2.728784800 39.938442230 -3.111237288 39.932926178 2.507992983 39.989459991 -1.566068649 39.925487518 0.723922372 39.930213928 -0.092331097 39.924274445 -0.848040164 39.928340912 -2.668945074 39.955619812 -2.748806238 39.959053040 -3.136313438 39.944835663 2.517808437 39.979698181 -1.578082323 39.933498383 0.730516851
39.947711945 -3.104370832 39.925041199 2.521411657 39.983005524 -1.568605781 39.931903839 0.707425952 39.942256927 -0.099610493 39.927932739 -0.808607280 39.918556213 -2.672611475 39.918113708 -2.726619720 39.940288544 -3.106992006 39.932773590 2.511919975 39.987789154 -1.565293789 39.925441742 0.726732492 39.928710938 -0.089047953 39.925430298 -0.845964372 39.927951813 -2.667171001 39.951644897 -2.744755507 39.958786011 -3.134881258 39.945892334 2.522535086 39.979164124 -1.578338146 39.931327820 0.732835531
39.949577332 -3.100823402 39.929607391 2.524532795 39.982990265 -1.568773627 39.928951263 0.709723890 39.942012787 -0.097530432 39.927398682 -0.805493832 39.919605255 -2.669743061 39.915317535 -2.724319220 39.942234039 -3.103147984 39.935737610 2.516438723 39.988555908 -1.564618468 39.926105499 0.729461968 39.926227570 -0.085531726 39.925926208 -0.843992710 39.927909851 -2.665219069 39.948047638 -2.740485668 39.958003998 -3.133407116 39.947231293 2.527521610 39.978519440 -1.578219891 39.929382324 0.735040903
39.950542450 -3.097378016 39.933815002 2.528051376 39.982975006 -1.569002628 39.926799774 0.711968958 39.940002441 -0.095263116 39.926689148 -0.802185953 39.920619965 -2.667076588 39.913845062 -2.722068787 39.943576813 -3.099649191 39.941890717 2.521412373 39.990570068 -1.563924432 39.927421570 0.731823742 39.924507141 -0.082097016 39.925781250 -0.842054784 39.928966522 -2.663055420 39.943851471 -2.735788822 39.957550049 -3.131327629 39.947864532 2.532608509 39.978366852 -1.577697039 39.925498962 0.737346649
39.952671051 -3.093572378 39.937076569 2.531860828 39.982952118 -1.569338441 39.927078247 0.713963628 39.934886932 -0.092268459 39.925426483 -0.798640490 39.920627594 -2.664273024 39.913280487 -2.719666719 39.944290161 -3.096432447 39.947063446 2.526798725 39.990165710 -1.563199282 39.929531097 0.734223962 39.923748016 -0.079205476 39.926536560 -0.839763999 39.930492401 -2.660878658 39.939472198 -2.730846405 39.956886292 -3.128791571 39.947174072 2.537821293 39.979370117 -1.576841950 39.923332214 0.740011692
39.954994202 -3.089657784 39.937633514 2.536365509 39.982936859 -1.569609404 39.927951813 0.715959013 39.929775238 -0.088830724 39.923099518 -0.794949234 39.918800354 -2.661010265 39.912994385 -2.716816425 39.944305420 -3.093474388 39.951492310 2.532625198 39.989746094 -1.562600136 39.931816101 0.736872733 39.922950745 -0.077188581 39.928413391 -0.837185264 39.931194305 -2.658075809 39.936229706 -2.725704432 39.954776764 -3.126050472 39.947139740 2.543035984 39.980331421 -1.575654864 39.924697876 0.742799520
39.956520081 -3.085827589 39.939113617 2.541501522 39.982322693 -1.569716334 39.927135468 0.718156993 39.924919128 -0.084968761 39.919746399 -0.790993035 39.915771484 -2.657562017 39.914260864 -2.714341164 39.944210052 -3.090743303 39.954174042 2.538832426 39.988670349 -1.562168717 39.932689667 0.739383996 39.921585083 -0.075539060 39.930324554 -0.834488094 39.932224274 -2.654227018 39.933212280 -2.720309496 39.952438354 -3.123196363 39.944995880 2.548150778 39.980724335 -1.574372411 39.926151276 0.745592296
39.956600189 -3.081824780 39.940601349 2.547071457 39.981708527 -1.569796443 39.926265717 0.720116377 39.919406891 -0.080529392 39.920463562 -0.786927938 39.914299011 -2.653980255 39.914714813 -2.712144375 39.944679260 -3.088171482 39.955677032 2.545315742 39.988166809 -1.561863303 39.933872223 0.742360353 39.918491364 -0.074095964 39.932243347 -0.831640065 39.933708191 -2.650255203 39.928928375 -2.715121508 39.949466705 -3.120037317 39.945266724 2.552801847 39.981803894 -1.573181510 39.928199768 0.748482466
39.954193115 -3.077849388 39.940349579 2.553068638 39.981708527 -1.569804072 39.926246643 0.722315192 39.914352417 -0.075778969 39.923568726 -0.782830715 39.915351868 -2.650434017 39.916553497 -2.709918976 39.945037842 -3.085495949 39.956390381 2.552041531 39.986965179 -1.561809659 39.935695648 0.746110141 39.917533875 -0.072727479 39.934120178 -0.828327477 39.936340332 -2.646629572 39.925792694 -2.710147619 39.946033478 -3.116512775 39.947910309 2.556772470 39.982944489 -1.572093844 39.929969788 0.751187921
39.952041626 -3.074010611 39.941013336 2.559725046 39.981716156 -1.569632292 39.928230286 0.725014925 39.907676697 -0.071430594 39.923931122 -0.778582335 39.916961670 -2.647062540 39.919513702 -2.707317114 39.944675446 -3.082727194 39.954627991 2.558943272 39.983242035 -1.561980605 39.936176300 0.750290334 39.918689728 -0.071215414 39.935302734 -0.824156642 39.937946320 -2.643140078 39.923126221 -2.705635309 39.943149567 -3.112943411 39.948165894 2.560537577 39.984134674 -1.571143627 39.931537628 0.753600776
39.950206757 -3.070268869 39.941047668 2.566979170 39.981117249 -1.569426179 39.930904388 0.728012621 39.902091980 -0.067660950 39.924331665 -0.774414957 39.918884277 -2.643793821 39.920871735 -2.704238176 39.942615509 -3.079779148 39.955577850 2.565940380 39.982528687 -1.562278152 39.934997559 0.754987538 39.916904449 -0.069932908 39.935531616 -0.819571197 39.939399719 -2.639711618 39.920585632 -2.701625586 39.940429688 -3.109167099 39.948448181 2.564239025 39.985351562 -1.570483446 39.932609558 0.756083250
39.946193695 -3.066826105 39.941246033 2.574038982 39.981132507 -1.569170475 39.933017731 0.731133163 39.898460388 -0.064192742 39.926059723 -0.770637155 39.921463013 -2.640737772 39.923236847 -2.700731516 39.940254211 -3.076611519 39.959022522 2.572646379 39.984264374 -1.562564731 39.933113098 0.759754181 39.915107727 -0.068621680 39.934982300 -0.814895153 39.942134857 -2.636451721 39.918769836 -2.697895765 39.938514709 -3.105226278 39.947727203 2.567888021 39.985366821 -1.569964409 39.933185577 0.758856893
39.945350647 -3.063891888 39.941398621 2.580705404 39.981147766 -1.568930030 39.935424805 0.734193683 39.892482758 -0.060818311 39.929180145 -0.767508745 39.923923492 -2.637989521 39.926097870 -2.696691990 39.939605713 -3.073409557 39.959758759 2.578999996 39.983047485 -1.562553048 39.931861877 0.763829112 39.914093018 -0.067119479 39.934535980 -0.810527742 39.944061279 -2.633499146 39.917491913 -2.694661379 39.937297821 -3.101619482 39.945079803 2.571534157 39.985389709 -1.569430113 39.935302734 0.761696041
39.946640015 -3.061353922 39.939025879 2.587197065 39.979957581 -1.568548322 39.936687469 0.737370968 39.888305664 -0.057762828 39.932697296 -0.764888942 39.926006317 -2.635398388 39.928829193 -2.692482471 39.939559937 -3.069926262 39.960285187 2.584847927 39.981250763 -1.562449574 39.931167603 0.767142117 39.913124084 -0.065833732 39.935348511 -0.806754529 39.946617126 -2.630471706 39.916748047 -2.691632032 39.937179565 -3.098382473 39.942733765 2.575403214 39.986042023 -1.568800569 39.937038422 0.764339924
39.945384979 -3.058921576 39.938392639 2.593510866 39.980014801 -1.568002582 39.936710358 0.740740895 39.884738922 -0.055095300 39.935375214 -0.762782454 39.927001953 -2.633182287 39.931793213 -2.687949181 39.938583374 -3.066099167 39.960250854 2.590307474 39.980094910 -1.562254667 39.930191040 0.770227909 39.912536621 -0.064907543 39.936004639 -0.803176403 39.949157715 -2.627430439 39.915298462 -2.688657761 39.937088013 -3.095357180 39.941417694 2.579685688 39.985507965 -1.568018198 39.936286926 0.766933680
39.945598602 -3.056487799 39.938201904 2.599753857 39.980072021 -1.567521691 39.936721802 0.744131923 39.881126404 -0.052561846 39.936584473 -0.761031985 39.927631378 -2.631195068 39.935474396 -2.683248997 39.937820435 -3.062198639 39.959697723 2.595454693 39.978385925 -1.561899304 39.930072784 0.773205876 39.910392761 -0.064075828 39.934623718 -0.799664199 39.951686859 -2.624314070 39.914630890 -2.685522079 39.937271118 -3.092691183 39.938079834 2.584006548 39.985031128 -1.566980243 39.936023712 0.769522190
39.946815491 -3.054184198 39.935550690 2.605777264 39.979537964 -1.566987276 39.936328888 0.747094929 39.881343842 -0.049979415 39.936782837 -0.759129524 39.929477692 -2.629222870 39.939903259 -2.678590775 39.938190460 -3.058321953 39.957759857 2.600111008 39.976123810 -1.561421752 39.930473328 0.775751531 39.911926270 -0.063236319 39.933006287 -0.795973659 39.954074860 -2.621067047 39.913894653 -2.682065248 39.938331604 -3.090328455 39.936069489 2.588319302 39.985851288 -1.565789700 39.936038971 0.772089124
39.947029114 -3.051877975 39.934516907 2.611325026 39.979068756 -1.566147566 39.935531616 0.749981582 39.878974915 -0.047182072 39.937667847 -0.757130146 39.930053711 -2.626879215 39.944572449 -2.673998833 39.938064575 -3.054584980 39.954013824 2.604745388 39.975219727 -1.560608387 39.930995941 0.778021455 39.915561676 -0.062001031 39.932247162 -0.791828930 39.956600189 -2.618169308 39.913364410 -2.678861380 39.937576294 -3.087777615 39.935947418 2.592658520 39.986133575 -1.564553261 39.934074402 0.774849951
39.945411682 -3.049461842 39.933555603 2.616617918 39.978649139 -1.565223813 39.935054779 0.752879143 39.880043030 -0.044767767 39.938709259 -0.754952550 39.930488586 -2.624319792 39.947597504 -2.669294357 39.937656403 -3.051249027 39.950092316 2.609259129 39.975013733 -1.559653997 39.931701660 0.780421019 39.915435791 -0.060450096 39.931068420 -0.787386894 39.958351135 -2.615715027 39.912937164 -2.676115751 39.936805725 -3.085078716 39.935321808 2.596961021 39.985885620 -1.563236713 39.932407379 0.777643442
39.941658020 -3.047185421 39.932319641 2.621741295 39.978256226 -1.564319253 39.933986664 0.755830169 39.886169434 -0.043033887 39.939636230 -0.752677500 39.931480408 -2.622116566 39.948360443 -2.664610386 39.938385010 -3.048382521 39.946701050 2.613088131 39.974903107 -1.558588982 39.931552887 0.782825828 39.915981293 -0.058362201 39.929630280 -0.782658160 39.957923889 -2.613455534 39.912414551 -2.673694611 39.937705994 -3.082571507 39.935493469 2.601291180 39.985137939 -1.561805487 39.932582855 0.780323863
39.941516876 -3.044978380 39.931613922 2.626717091 39.977313995 -1.563318968 39.931961060 0.758791208 39.889282227 -0.041621558 39.941127777 -0.750456870 39.931991577 -2.619851112 39.947483063 -2.659816265 39.939888000 -3.045878410 39.943119049 2.616509438 39.975006104 -1.557207108 39.931213379 0.784765899 39.917354584 -0.055747017 39.927364349 -0.777907312 39.955577850 -2.611377239 39.911785126 -2.671256542 39.937690735 -3.080290079 39.936477661 2.605079889 39.984485626 -1.560343623 39.933258057 0.783042073
39.943454742 -3.042760611 39.928440094 2.631346703 39.976444244 -1.562219501 39.929962158 0.761411786 39.891868591 -0.040211979 39.940929413 -0.748342872 39.933048248 -2.617387772 39.945468903 -2.654662132 39.940711975 -3.043611765 39.940826416 2.620524645 39.975257874 -1.555699348 39.931030273 0.786846459 39.918395996 -0.052845746 39.923248291 -0.773041666 39.949775696 -2.609573364 39.910709381 -2.669019699 39.938083649 -3.078170061 39.938877106 2.608712196 39.983306885 -1.558877826 39.934017181 0.785884500
39.941631317 -3.040460110 39.926830292 2.635881662 39.975082397 -1.560955763 39.928291321 0.763713658 39.895133972 -0.038798172 39.941463470 -0.746288836 39.933246613 -2.614819765 39.943527222 -2.649294853 39.941589355 -3.041383505 39.938255310 2.624843597 39.975547791 -1.554275513 39.930446625 0.789397299 39.920387268 -0.049637724 39.919246674 -0.768131435 39.944347382 -2.607488632 39.910488129 -2.667152405 39.939399719 -3.075767756 39.941116333 2.612555265 39.981643677 -1.557346702 39.935077667 0.788607895
39.940532684 -3.038183689 39.927341461 2.640278101 39.973793030 -1.559661388 39.926673889 0.765945435 39.898880005 -0.037650209 39.944469452 -0.743756056 39.933265686 -2.612210035 39.941387177 -2.643765211 39.942527771 -3.039337158 39.934833527 2.628859758 39.975830078 -1.552977562 39.930305481 0.791823804 39.922702789 -0.046055183 39.915981293 -0.763723195 39.939785004 -2.604417801 39.911647797 -2.664858103 39.939739227 -3.073359966 39.942882538 2.616717815 39.980636597 -1.555892110 39.935363770 0.791347504
39.940044403 -3.035956383 39.925247192 2.644237041 39.973178864 -1.558367014 39.924423218 0.768133700 39.902641296 -0.036475711 39.944869995 -0.741009533 39.932819366 -2.609571934 39.939090729 -2.638329744 39.941635132 -3.037476063 39.930606842 2.632926464 39.974822998 -1.551854730 39.930179596 0.794245005 39.925029755 -0.041811869 39.911750793 -0.759534895 39.933673859 -2.600416899 39.913509369 -2.661678314 39.939689636 -3.070954800 39.944004059 2.621107578 39.979591370 -1.554624557 39.935768127 0.794189751
39.939723969 -3.033594370 39.925079346 2.647910118 39.972663879 -1.557026863 39.922588348 0.770306110 39.906383514 -0.035249848 39.942886353 -0.738892794 39.932163239 -2.606863976 39.937660217 -2.632876158 39.940208435 -3.035484314 39.928230286 2.637097597 39.975025177 -1.550808787 39.929275513 0.796812415 39.926719666 -0.037067499 39.907604218 -0.755686164 39.928047180 -2.596126556 39.916301727 -2.658177853 39.940647125 -3.068284750 39.945365906 2.625164270 39.977298737 -1.553493619 39.936218262 0.796896875
39.939476013 -3.030713081 39.926612854 2.651642084 39.972961426 -1.555457950 39.921703339 0.773111403 39.910556793 -0.033847932 39.940196991 -0.737342715 39.931732178 -2.604457855 39.936138153 -2.627790451 39.939483643 -3.033084631 39.927738190 2.641485929 39.977745056 -1.549729705 39.928550720 0.799228549 39.927318573 -0.032204803 39.906322479 -0.752233565 39.921218872 -2.592119217 39.920322418 -2.654838800 39.941970825 -3.065789461 39.946453094 2.628997326 39.974521637 -1.552255511 39.937629700 0.799641550
39.937828064 -3.027403831 39.927627563 2.655817509 39.972904205 -1.553667307 39.919475555 0.776311100 39.915390015 -0.031950522 39.936847687 -0.735520959 39.930324554 -2.601953030 39.935279846 -2.623398781 39.939456940 -3.030303717 39.926116943 2.645544291 39.978878021 -1.548424721 39.928344727 0.801417708 39.928127289 -0.027782520 39.906856537 -0.749198616 39.914543152 -2.588246822 39.923206329 -2.651444912 39.943515778 -3.063499451 39.946395874 2.633033037 39.973762512 -1.550861597 39.938713074 0.802413285
39.934696198 -3.023980856 39.928092957 2.660398960 39.973098755 -1.551716447 39.916496277 0.779862285 39.921295166 -0.029288109 39.934207916 -0.732801437 39.928150177 -2.599075794 39.935962677 -2.619555712 39.940570831 -3.027878761 39.924610138 2.649240017 39.979175568 -1.546787024 39.929149628 0.803244293 39.928630829 -0.024144771 39.906906128 -0.746568799 39.908809662 -2.584099054 39.925895691 -2.648081779 39.944091797 -3.061193705 39.947475433 2.637442112 39.974380493 -1.549376726 39.937362671 0.804715991
39.930255890 -3.020669222 39.928134918 2.665591717 39.973667145 -1.549494743 39.915294647 0.783716798 39.926181793 -0.025967889 39.929229736 -0.729709923 39.924942017 -2.596490622 39.935977936 -2.616162777 39.942428589 -3.025872946 39.923717499 2.653698683 39.979640961 -1.545088410 39.930305481 0.804800510 39.927467346 -0.021530800 39.907382965 -0.744372129 39.904655457 -2.580316544 39.928573608 -2.645125628 39.942966461 -3.058542728 39.949356079 2.642503738 39.973812103 -1.547948360 39.936058044 0.806824386
39.926292419 -3.017472744 39.927738190 2.671313763 39.974403381 -1.547311068 39.916378021 0.787182152 39.929759979 -0.022741247 39.926506042 -0.726739466 39.921020508 -2.594033241 39.934448242 -2.612855911 39.944652557 -3.023954391 39.922935486 2.658864975 39.980442047 -1.543191433 39.930896759 0.806594789 39.925270081 -0.019595815 39.908351898 -0.742884874 39.902172089 -2.577347755 39.930259705 -2.642582655 39.940261841 -3.055542707 39.950340271 2.648250341 39.972694397 -1.546542645 39.933830261 0.809371471
39.923809052 -3.014427423 39.927574158 2.676697493 39.975685120 -1.545376062 39.918445587 0.789895833 39.933406830 -0.019853614 39.926849365 -0.723984003 39.916896820 -2.591506004 39.933128357 -2.609709263 39.947021484 -3.022036076 39.921974182 2.664058208 39.981208801 -1.540931702 39.931694031 0.808707833 39.925472260 -0.018248282 39.910377502 -0.742080688 39.899055481 -2.574616432 39.931953430 -2.639892578 39.937419891 -3.052508593 39.950210571 2.654699087 39.972358704 -1.545045614 39.931247711 0.811946154
39.922214508 -3.011636019 39.927291870 2.681783676 39.976467133 -1.543475032 39.920654297 0.792057812 39.936855316 -0.017081399 39.925388336 -0.721376896 39.914112091 -2.588788033 39.931167603 -2.606396198 39.948814392 -3.019888878 39.919471741 2.668943167 39.978633881 -1.538577557 39.934108734 0.810960472 39.926719666 -0.017427830 39.913906097 -0.741543353 39.896530151 -2.571589947 39.932521820 -2.636729240 39.935985565 -3.049524307 39.947242737 2.661760569 39.972663879 -1.543606162 39.929100037 0.814104736
39.921760559 -3.008804560 39.926124573 2.686846256 39.976444244 -1.541344285 39.923038483 0.794197917 39.940746307 -0.014544610 39.923736572 -0.718617141 39.913917542 -2.585745811 39.928043365 -2.602435589 39.949382782 -3.017529488 39.920997620 2.673387766 39.978279114 -1.536102533 39.935420990 0.813202858 39.925006866 -0.016709961 39.917175293 -0.740794778 39.897117615 -2.568343401 39.932617188 -2.633291245 39.933673859 -3.046381474 39.946258545 2.668470860 39.972549438 -1.542067051 39.926567078 0.815977395
39.921504974 -3.005882025 39.925529480 2.691844463 39.976234436 -1.539022326 39.924198151 0.796559811 39.941917419 -0.012158228 39.922355652 -0.715250254 39.913509369 -2.582639933 39.925231934 -2.598634720 39.949226379 -3.015115261 39.925495148 2.677791119 39.980556488 -1.533259392 39.935085297 0.814981580 39.921512604 -0.016034802 39.919139862 -0.739942014 39.898178101 -2.565207243 39.932659149 -2.629626989 39.931613922 -3.042963505 39.946701050 2.674876928 39.972724915 -1.540371537 39.924812317 0.817844391
39.923900604 -3.002986908 39.925296783 2.696894169 39.976413727 -1.536570668 39.923702240 0.799046516 39.943893433 -0.009697363 39.920536041 -0.711014271 39.913124084 -2.579835653 39.922790527 -2.595165730 39.948738098 -3.013047695 39.928676605 2.682696104 39.979286194 -1.530164242 39.933944702 0.816361070 39.917076111 -0.014774971 39.920093536 -0.738720119 39.898384094 -2.561895370 39.932556152 -2.625373363 39.931747437 -3.039422989 39.944244385 2.680996180 39.972465515 -1.538625956 39.922828674 0.819911957
39.927391052 -3.000175953 39.921543121 2.701628447 39.975818634 -1.533980608 39.922687531 0.801684916 39.945709229 -0.007916788 39.917881012 -0.706308603 39.913703918 -2.577005625 39.920440674 -2.591273308 39.946983337 -3.011019707 39.932708740 2.687675476 39.977195740 -1.527060151 39.932689667 0.817924500 39.913372040 -0.012453669 39.920001984 -0.737172246 39.901256561 -2.558721542 39.932018280 -2.620371580 39.933208466 -3.036412716 39.941188812 2.686614037 39.971218109 -1.536799312 39.920627594 0.822158575
39.927989960 -2.997386694 39.920379639 2.706290483 39.975402832 -1.531447768 39.920459747 0.804626822 39.943592072 -0.006950700 39.914329529 -0.701810241 39.914234161 -2.574133396 39.918796539 -2.587579966 39.945205688 -3.008680582 39.936408997 2.692722321 39.976310730 -1.523841977 39.932109833 0.819752514 39.911960602 -0.009175598 39.919921875 -0.735667586 39.904933929 -2.556224346 39.931713104 -2.615128994 39.934509277 -3.034233570 39.937438965 2.692387104 39.970142365 -1.534945726 39.918617249 0.824259400
39.928260803 -2.994705439 39.921566010 2.710835218 39.975692749 -1.529010773 39.917930603 0.807574928 39.940967560 -0.006257751 39.910591125 -0.697471738 39.916213989 -2.571415424 39.917293549 -2.584798813 39.942882538 -3.006367683 39.939300537 2.698220491 39.974929810 -1.520469666 39.929866791 0.821831048 39.908535004 -0.005920631 39.919902802 -0.734070897 39.907848358 -2.554124594 39.931999207 -2.609998703 39.934860229 -3.032314777 39.932060242 2.698548794 39.968757629 -1.532980800 39.917137146 0.826576471
39.928974152 -2.992408991 39.921096802 2.714998722 39.975147247 -1.526488543 39.917278290 0.810538590 39.936477661 -0.005318529 39.909061432 -0.692913294 39.920001984 -2.568103790 39.916713715 -2.582627058 39.939743042 -3.003796339 39.941425323 2.703787088 39.972400665 -1.517274737 39.928005219 0.824601829 39.908039093 -0.003175412 39.919498444 -0.732094586 39.911605835 -2.552220106 39.933429718 -2.605163336 39.935131073 -3.030172348 39.927146912 2.704623699 39.968070984 -1.530680180 39.917461395 0.829676569
39.928874969 -2.990281105 39.920070648 2.719064236 39.973712921 -1.523922920 39.916996002 0.813902557 39.930683136 -0.003634083 39.909614563 -0.688200116 39.924785614 -2.564126730 39.916065216 -2.580609083 39.937004089 -3.000545979 39.943210602 2.709292650 39.969688416 -1.514338493 39.927021027 0.828091681 39.911499023 -0.000173954 39.919357300 -0.729387522 39.914482117 -2.550381660 39.934608459 -2.600734234 39.935852051 -3.027701855 39.922042847 2.710150719 39.967411041 -1.528126955 39.919380188 0.833300114
39.928321838 -2.988055706 39.918399811 2.723165751 39.973403931 -1.521541715 39.915935516 0.817489266 39.924373627 -0.001698846 39.910896301 -0.683312833 39.929733276 -2.560307503 39.915195465 -2.578634739 39.935268402 -2.996982813 39.945014954 2.714918375 39.967956543 -1.511651516 39.925128937 0.831880927 39.912261963 0.002752623 39.918148041 -0.726158559 39.916782379 -2.548706770 39.934162140 -2.596286535 39.935928345 -3.025157690 39.918407440 2.715664864 39.967201233 -1.525467038 39.921916962 0.836863577
39.925376892 -2.985947847 39.918186188 2.727526665 39.972953796 -1.519339561 39.915103912 0.821027637 39.913330078 0.000082194 39.912841797 -0.678392529 39.934677124 -2.557176352 39.916393280 -2.576984882 39.934650421 -2.993317127 39.947288513 2.720793962 39.966163635 -1.509353995 39.923622131 0.835789800 39.912639618 0.005157313 39.917545319 -0.722680569 39.918754578 -2.546775341 39.934768677 -2.591565132 39.935981750 -3.022287607 39.918052673 2.721270084 39.966720581 -1.522462368 39.923679352 0.840336323
39.924365997 -2.983368874 39.919971466 2.732334375 39.970607758 -1.516970277 39.913555145 0.824475348 39.904850006 0.001789536 39.915637970 -0.673983932 39.937808990 -2.554018259 39.918205261 -2.575429201 39.933776855 -2.989478350 39.949470520 2.726619005 39.963657379 -1.507177114 39.922908783 0.839785218 39.913249969 0.007560031 39.918483734 -0.719047189 39.919685364 -2.544398546 39.935176849 -2.586337090 39.937412262 -3.019203424 39.918128967 2.726732492 39.964668274 -1.519206643 39.924888611 0.844378710
39.927047729 -2.980166435 39.919246674 2.737536907 39.969005585 -1.514100552 39.911357880 0.827772975 39.901988983 0.003586983 39.915821075 -0.670355260 39.939529419 -2.550406933 39.921096802 -2.573408842 39.931819916 -2.985708237 39.950576782 2.732391834 39.961406708 -1.504977226 39.922336578 0.843380809 39.913101196 0.010524921 39.918285370 -0.715622425 39.922065735 -2.542302132 39.934440613 -2.580767393 39.938282013 -3.016306877 39.917881012 2.732378244 39.963405609 -1.515786648 39.927104950 0.848734319
39.927585602 -2.976696491 39.920944214 2.742994547 39.967735291 -1.510974288 39.910289764 0.830859005 39.899291992 0.005531915 39.917930603 -0.667117417 39.941352844 -2.546484709 39.923717499 -2.571009398 39.928886414 -2.982082605 39.950305939 2.738400936 39.960159302 -1.502927661 39.922191620 0.846586585 39.913837433 0.013355810 39.917751312 -0.712104082 39.924720764 -2.540661812 39.932437897 -2.575438499 39.939765930 -3.013355732 39.918003082 2.738330126 39.961845398 -1.512430429 39.929767609 0.852412820
39.927520752 -2.972657919 39.926822662 2.748589993 39.966804504 -1.507866859 39.910346985 0.833321810 39.895648956 0.007882738 39.921638489 -0.664711237 39.942237854 -2.542240143 39.925827026 -2.568216085 39.925994873 -2.978717804 39.948234558 2.744168997 39.959445953 -1.500748515 39.921638489 0.849896729 39.915000916 0.015381726 39.916919708 -0.708139479 39.926177979 -2.539231300 39.929885864 -2.570372820 39.942291260 -3.010156631 39.917819977 2.744305134 39.960109711 -1.509329319 39.931293488 0.855183661
39.929302216 -2.967916727 39.929683685 2.754041195 39.966625214 -1.504622340 39.910976410 0.835194051 39.892024994 0.011190336 39.921680450 -0.662478626 39.941982269 -2.538548231 39.928817749 -2.565204620 39.925086975 -2.975401640 39.942356110 2.749768257 39.956325531 -1.498197079 39.922050476 0.853319705 39.915290833 0.016784761 39.914081573 -0.704451561 39.927257538 -2.537198544 39.926837921 -2.565673828 39.942882538 -3.006708860 39.918968201 2.749724865 39.958881378 -1.506178498 39.932727814 0.857743621
39.931560516 -2.962975979 39.931922913 2.759398937 39.965538025 -1.501195550 39.912868500 0.837400377 39.890258789 0.014844202 39.921920776 -0.659597695 39.939937592 -2.535503864 39.931041718 -2.561846256 39.926197052 -2.971673250 39.938056946 2.755430222 39.956638336 -1.495406032 39.922546387 0.856835425 39.915462494 0.017912578 39.911186218 -0.701005995 39.927368164 -2.534643650 39.924362183 -2.561069489 39.942104340 -3.002927303 39.922191620 2.754946947 39.958168030 -1.502985477 39.935489655 0.860729516
39.933513641 -2.958292484 39.933647156 2.765027046 39.964668274 -1.497645617 39.916389465 0.840460062 39.888427734 0.018515836 39.922782898 -0.656576037 39.935794830 -2.532975197 39.932708740 -2.557583332 39.927352905 -2.967752934 39.938892365 2.761304855 39.959083557 -1.492423296 39.921257019 0.860241413 39.914848328 0.019541666 39.909564972 -0.697393477 39.926719666 -2.532285690 39.925102234 -2.556430817 39.941371918 -2.998915672 39.926998138 2.760485888 39.958511353 -1.499563932 39.938007355 0.864144266
39.935482025 -2.954132318 39.934570312 2.770872355 39.964241028 -1.493716359 39.918853760 0.844203472 39.883052826 0.022400504 39.922603607 -0.653533518 39.931659698 -2.530348301 39.935276031 -2.552846193 39.929428101 -2.964222431 39.939285278 2.767587662 39.960758209 -1.489411831 39.920597076 0.863631070 39.915279388 0.021558406 39.906822205 -0.693874717 39.924411774 -2.529595613 39.926189423 -2.551811457 39.940605164 -2.994913340 39.931514740 2.765786648 39.959503174 -1.496081591 39.939769745 0.867712915
39.937149048 -2.950905561 39.936210632 2.776588202 39.964332581 -1.489254475 39.920761108 0.848105311 39.881462097 0.026412280 39.923221588 -0.650934279 39.928180695 -2.527521849 39.937065125 -2.548035145 39.931205750 -2.961226940 39.938880920 2.773896694 39.963352203 -1.486597300 39.920146942 0.867276132 39.913948059 0.023471070 39.903663635 -0.690423906 39.920257568 -2.526371241 39.927593231 -2.547294140 39.939453125 -2.991080761 39.933071136 2.770800352 39.960407257 -1.492586732 39.942123413 0.871243000
39.939205170 -2.948317766 39.936725616 2.782247782 39.964088440 -1.484587073 39.923049927 0.852164090 39.884750366 0.030392371 39.920902252 -0.648760557 39.922992706 -2.524687052 39.937477112 -2.543065310 39.932060242 -2.958237171 39.936859131 2.779856205 39.965236664 -1.483727217 39.920547485 0.870888114 39.911087036 0.025539812 39.899730682 -0.687344491 39.915576935 -2.523364305 39.930259705 -2.542923450 39.936618805 -2.987314463 39.934345245 2.775555611 39.961368561 -1.488849878 39.943256378 0.874776542
39.939369202 -2.945845842 39.936038971 2.787810802 39.963943481 -1.479963899 39.924713135 0.856457591 39.886947632 0.033550270 39.919422150 -0.646430612 39.917659760 -2.521420479 39.938076019 -2.538016796 39.932991028 -2.955119848 39.933582306 2.785864830 39.966720581 -1.480380535 39.922050476 0.874053597 39.906497955 0.028097857 39.895870209 -0.684932470 39.912414551 -2.520762682 39.931568146 -2.538414955 39.934650421 -2.983500719 39.936225891 2.779768467 39.962043762 -1.484647751 39.943859100 0.878149450
39.939254761 -2.943439484 39.935592651 2.793308020 39.964057922 -1.475335598 39.927059174 0.860588253 39.890872955 0.035939123 39.921699524 -0.644167662 39.914691925 -2.518583536 39.937862396 -2.533141613 39.933052063 -2.952004671 39.928974152 2.792288303 39.967651367 -1.476648211 39.923709869 0.877154231 39.901607513 0.031188712 39.894378662 -0.682949603 39.909965515 -2.518328905 39.932186127 -2.533880711 39.932514191 -2.979706764 39.938228607 2.783453465 39.962615967 -1.479822874 39.944252014 0.881350160
39.938045502 -2.941196203 39.935165405 2.798843145 39.963104248 -1.470422506 39.930126190 0.864458025 39.897613525 0.037618876 39.920619965 -0.642372727 39.912452698 -2.516149521 39.937129974 -2.528371334 39.932888031 -2.948728561 39.920753479 2.798535824 39.965518951 -1.472746015 39.926616669 0.880252481 39.898742676 0.034143034 39.894992828 -0.681123972 39.907741547 -2.515790701 39.932468414 -2.529494286 39.929107666 -2.976189613 39.939270020 2.786447525 39.963077545 -1.474792480 39.942260742 0.884612024
39.934844971 -2.939144135 39.932067871 2.803963423 39.961170197 -1.465534806 39.933185577 0.868013918 39.905502319 0.038786177 39.919387817 -0.640363693 39.910720825 -2.513758183 39.935886383 -2.523519516 39.933185577 -2.945213318 39.914382935 2.804626226 39.965545654 -1.468314052 39.929149628 0.883156717 39.892238617 0.036462259 39.893985748 -0.679609299 39.907562256 -2.512774467 39.931167603 -2.524794817 39.927173615 -2.972708941 39.939506531 2.788812160 39.962795258 -1.469588995 39.939308167 0.887904882
39.929630280 -2.937279701 39.928215027 2.809028387 39.959529877 -1.461075306 39.935569763 0.871604264 39.913478851 0.039974026 39.918319702 -0.637764275 39.910789490 -2.511338711 39.934024811 -2.518931389 39.932830811 -2.941532373 39.910411835 2.810322046 39.968616486 -1.463500500 39.929237366 0.886339128 39.885734558 0.038642701 39.895172119 -0.678769290 39.908374786 -2.509400129 39.929813385 -2.519655228 39.924209595 -2.969357014 39.938194275 2.791209221 39.962139130 -1.464439273 39.936801910 0.891100407
39.925113678 -2.935124636 39.925117493 2.814398766 39.958003998 -1.456628799 39.935817719 0.875178456 39.918876648 0.041416615 39.916084290 -0.635656834 39.911746979 -2.508741379 39.931655884 -2.514233112 39.932529449 -2.938363791 39.903964996 2.815486431 39.968750000 -1.458726764 39.928836823 0.889464080 39.881534576 0.040997814 39.899700165 -0.677764237 39.909595490 -2.505872965 39.928802490 -2.514539957 39.921146393 -2.966433287 39.938026428 2.794216156 39.961555481 -1.459647894 39.934173584 0.893775880
39.923217773 -2.932386398 39.921154022 2.820211887 39.956157684 -1.452028871 39.935604095 0.878494322 39.920841217 0.043300640 39.914405823 -0.634310782 39.914604187 -2.506269455 39.928630829 -2.509250641 39.933288574 -2.935489655 39.899448395 2.820587158 39.967479706 -1.454053998 39.929016113 0.892278731 39.879238129 0.043966286 39.902519226 -0.676265061 39.910919189 -2.502205372 39.927150726 -2.509611845 39.917507172 -2.963549614 39.938831329 2.797723770 39.961025238 -1.455042362 39.932262421 0.895814300
39.921573639 -2.929653406 39.919258118 2.826217175 39.955291748 -1.447525144 39.935474396 0.881941378 39.921424866 0.045354549 39.913558960 -0.633197248 39.920303345 -2.503684521 39.924537659 -2.504543066 39.934719086 -2.932427883 39.897357941 2.825434446 39.965606689 -1.449557424 39.928379059 0.894933343 39.878490448 0.047573365 39.904766083 -0.674230933 39.911205292 -2.498795033 39.927043915 -2.505435467 39.913349152 -2.960867405 39.938251495 2.801684618 39.959468842 -1.450569510 39.931159973 0.897513926
39.919742584 -2.926903725 39.918197632 2.831969023 39.953792572 -1.443062901 39.935371399 0.885438323 39.920326233 0.048041988 39.912883759 -0.632346809 39.925872803 -2.500883102 39.920883179 -2.499644995 39.935585022 -2.929984808 39.897171021 2.829558849 39.964000702 -1.444923997 39.928108215 0.897511661 39.876365662 0.051445439 39.907100677 -0.671260774 39.911960602 -2.495892525 39.929229736 -2.502203465 39.911598206 -2.958569765 39.938255310 2.806066036 39.958389282 -1.446407199 39.930706024 0.899282813
39.918338776 -2.923927784 39.916378021 2.837784767 39.951896667 -1.438477039 39.935367584 0.888947189 39.920486450 0.051798061 39.912197113 -0.631080389 39.931030273 -2.498106956 39.919124603 -2.494639158 39.936332703 -2.928014994 39.898654938 2.833201408 39.961936951 -1.439954758 39.927528381 0.900058985 39.880516052 0.055948019 39.909080505 -0.668071151 39.914470673 -2.493247271 39.931491852 -2.499366283 39.909961700 -2.956450462 39.937152863 2.810819149 39.957984924 -1.442726016 39.931091309 0.901299953
39.918567657 -2.921087742 39.915061951 2.843618155 39.950531006 -1.434059381 39.933727264 0.892668247 39.921173096 0.056359939 39.912506104 -0.629456282 39.935543060 -2.495083809 39.916618347 -2.489917040 39.937450409 -2.925948620 39.901092529 2.837319851 39.959102631 -1.434855819 39.928115845 0.902799606 39.887035370 0.060841955 39.908821106 -0.665565491 39.916400909 -2.490403175 39.933029175 -2.496615171 39.908718109 -2.954302788 39.936313629 2.815953970 39.957225800 -1.439330697 39.931739807 0.903474569
39.919101715 -2.918526173 39.912410736 2.849463463 39.950065613 -1.429946661 39.932121277 0.896418214 39.921295166 0.061099853 39.912967682 -0.627755761 39.940032959 -2.491670132 39.913990021 -2.485628605 39.937583923 -2.923801422 39.904323578 2.841686964 39.957424164 -1.429953456 39.929763794 0.905652106 39.890316010 0.065534085 39.908035278 -0.663308084 39.917102814 -2.487057686 39.935523987 -2.493588924 39.908813477 -2.952004910 39.933261871 2.821383953 39.957027435 -1.435916305 39.933284760 0.905391097
39.915569305 -2.916232109 39.910434723 2.855097294 39.950130463 -1.425964594 39.931240082 0.900015652 39.922676086 0.065511532 39.913345337 -0.625474036 39.944072723 -2.488412857 39.912322998 -2.481731176 39.935947418 -2.921592474 39.907722473 2.846312523 39.956432343 -1.425308347 39.930606842 0.908055961 39.894187927 0.069464773 39.904563904 -0.660583735 39.917194366 -2.483121634 39.939315796 -2.490129471 39.908828735 -2.949502945 39.928993225 2.827542543 39.955757141 -1.432446480 39.935527802 0.906930149
39.913585663 -2.913860798 39.909347534 2.860378265 39.950313568 -1.421656370 39.930992126 0.903362513 39.922969818 0.070132986 39.913455963 -0.622363091 39.946144104 -2.485409260 39.910938263 -2.478166819 39.933311462 -2.918961525 39.911396027 2.851092339 39.955158234 -1.420851946 39.931571960 0.910263896 39.897922516 0.072717287 39.901237488 -0.657803893 39.915485382 -2.478517771 39.943058014 -2.486487389 39.909259796 -2.946980476 39.925090790 2.834398746 39.954254150 -1.428777218 39.936817169 0.908564866
39.915348053 -2.911313772 39.906505585 2.865464211 39.950454712 -1.417275548 39.932228088 0.906341434 39.924259186 0.075411335 39.911216736 -0.618681490 39.946254730 -2.482032299 39.909435272 -2.474745512 39.931179047 -2.915690422 39.916046143 2.855648518 39.954402924 -1.416738153 39.930751801 0.912723303 39.901287079 0.075911209 39.900894165 -0.655136049 39.912834167 -2.473303556 39.945354462 -2.482884645 39.910602570 -2.944297552 39.923210144 2.841089010 39.952640533 -1.425112963 39.936042786 0.910331547
39.914299011 -2.908958912 39.906398773 2.870340347 39.950431824 -1.413138747 39.933967590 0.908780634 39.926345825 0.080971636 39.910320282 -0.615425467 39.945499420 -2.479094744 39.908493042 -2.470730782 39.929367065 -2.912094593 39.921966553 2.860055685 39.954086304 -1.412855506 39.930622101 0.915268481 39.903694153 0.079059333 39.900638580 -0.652260184 39.909561157 -2.468191624 39.945835114 -2.479382277 39.913574219 -2.941372156 39.922321320 2.847054720 39.951114655 -1.421728849 39.934799194 0.912279904
39.912380219 -2.906784058 39.908416748 2.875747681 39.950759888 -1.408957958 39.935157776 0.910198152 39.928829193 0.085576005 39.911247253 -0.612565160 39.945308685 -2.477190495 39.907638550 -2.465901136 39.929283142 -2.908568621 39.927570343 2.864501476 39.952896118 -1.409009218 39.930641174 0.917465091 39.906589508 0.082421698 39.899707794 -0.649249792 39.906475067 -2.463081360 39.945396423 -2.475677490 39.916110992 -2.938314199 39.919445038 2.852556705 39.949886322 -1.418270469 39.934104919 0.914641261
39.912044525 -2.904464006 39.907569885 2.881831646 39.950222015 -1.405010939 39.936244965 0.910761178 39.932640076 0.089117818 39.909725189 -0.609231293 39.943374634 -2.475618362 39.906032562 -2.460929155 39.929725647 -2.905170679 39.929294586 2.869421005 39.949218750 -1.405068636 39.928852081 0.919412136 39.912624359 0.085852578 39.900432587 -0.645774245 39.905357361 -2.458038568 39.945102692 -2.472305775 39.917449951 -2.935221195 39.917419434 2.858144045 39.948249817 -1.414657593 39.932792664 0.917583346
39.912807465 -2.901860237 39.907817841 2.887526035 39.949089050 -1.401151657 39.937042236 0.911608279 39.936107635 0.092432551 39.907714844 -0.605541289 39.939197540 -2.473503351 39.905261993 -2.455864906 39.929546356 -2.901818991 39.930885315 2.874498844 39.948268890 -1.401090026 39.928703308 0.921272457 39.919162750 0.088775732 39.904010773 -0.641509593 39.904975891 -2.453871250 39.945121765 -2.469477892 39.920452118 -2.931977034 39.916225433 2.863824368 39.946170807 -1.411001801 39.931518555 0.920750141
39.913825989 -2.899130344 39.908508301 2.892496586 39.948642731 -1.397013426 39.937469482 0.912930489 39.938407898 0.094844766 39.906295776 -0.601933658 39.933959961 -2.470836639 39.906482697 -2.450483084 39.929866791 -2.898715973 39.933132172 2.879256964 39.949142456 -1.397383928 39.929428101 0.923108459 39.924900055 0.091385834 39.906604767 -0.637239516 39.905593872 -2.450246334 39.943748474 -2.466654778 39.923229218 -2.928663254 39.915172577 2.869607925 39.944400787 -1.406911135 39.930660248 0.923840761
39.915615082 -2.896039248 39.909145355 2.897507906 39.947429657 -1.392818093 39.936759949 0.913766325 39.940299988 0.096298665 39.905422211 -0.598788261 39.927474976 -2.468070507 39.908981323 -2.445074558 39.931133270 -2.895244122 39.932300568 2.883553505 39.948081970 -1.394113302 39.929058075 0.925035954 39.929622650 0.093326494 39.908573151 -0.633440733 39.907669067 -2.447118759 39.941967010 -2.464317322 39.923614502 -2.925316811 39.913429260 2.876043320 39.943653107 -1.402585387 39.930053711 0.927444994
39.917476654 -2.892295361 39.910198212 2.902837992 39.946044922 -1.388657451 39.935409546 0.914010406 39.943233490 0.097842194 39.905776978 -0.596136749 39.921703339 -2.464948654 39.912387848 -2.440171719 39.932285309 -2.890966177 39.930007935 2.887575626 39.947277069 -1.390779495 39.927986145 0.926699042 39.931934357 0.093942836 39.908348083 -0.629910588 39.910995483 -2.443989754 39.941181183 -2.462417603 39.923889160 -2.921752214 39.909942627 2.882203579 39.941795349 -1.398170114 39.930000305 0.931240439
39.918773651 -2.888661385 39.911781311 2.908297539 39.945419312 -1.384240389 39.934158325 0.914777339 39.945499420 0.099500649 39.902633667 -0.594001353 39.915874481 -2.461669683 39.916046143 -2.436068773 39.932754517 -2.886582613 39.927238464 2.891645908 39.946468353 -1.386670470 39.926158905 0.928059518 39.934196472 0.093402117 39.909282684 -0.626481712 39.913116455 -2.440837622 39.939647675 -2.459938765 39.924407959 -2.917941093 39.906352997 2.887484789 39.940425873 -1.393535733 39.929172516 0.935029924
39.918701172 -2.885208845 39.915802002 2.913418531 39.944412231 -1.379732013 39.931667328 0.916175187 39.948123932 0.101523012 39.901134491 -0.592495441 39.910789490 -2.458040953 39.920433044 -2.432199478 39.933956146 -2.882679224 39.924755096 2.896069050 39.945827484 -1.381893873 39.923561096 0.929499745 39.933891296 0.092662178 39.911842346 -0.622909844 39.913433075 -2.437939882 39.938076019 -2.456961155 39.924892426 -2.913857698 39.903228760 2.892644405 39.940406799 -1.388833523 39.928577423 0.938870072
39.919162750 -2.881691217 39.920234680 2.918401241 39.944648743 -1.375404716 39.928756714 0.917602181 39.948741913 0.104641423 39.903614044 -0.590942502 39.907161713 -2.454262495 39.926017761 -2.428313732 39.935592651 -2.878968954 39.920532227 2.900941372 39.944808960 -1.376647592 39.921226501 0.931343734 39.933753967 0.091962174 39.913070679 -0.619221091 39.913455963 -2.434566259 39.936561584 -2.453630924 39.925132751 -2.909804583 39.899772644 2.898072004 39.941234589 -1.383971810 39.929195404 0.942532778
39.920452118 -2.878554106 39.923149109 2.923807621 39.944885254 -1.370785475 39.925403595 0.919134796 39.947052002 0.108130090 39.904640198 -0.588863730 39.901622772 -2.450630426 39.931552887 -2.424587250 39.935222626 -2.875435352 39.914005280 2.906219959 39.941089630 -1.371023417 39.917049408 0.933588803 39.935417175 0.090908952 39.914203644 -0.615721881 39.912662506 -2.431346655 39.935249329 -2.449948311 39.926990509 -2.905912638 39.895931244 2.903986692 39.942119598 -1.378903747 39.929935455 0.946131229
39.921180725 -2.875272274 39.926116943 2.928690672 39.943683624 -1.365615964 39.921836853 0.920892239 39.946292877 0.111306414 39.906024933 -0.586515784 39.896022797 -2.446656704 39.935848236 -2.420751333 39.934131622 -2.871897459 39.911083221 2.911702871 39.940700531 -1.365299940 39.913726807 0.936302185 39.935207367 0.089835197 39.915283203 -0.612363219 39.908699036 -2.428908825 39.935222626 -2.446171522 39.930953979 -2.902254581 39.892780304 2.910110474 39.941696167 -1.373582840 39.929710388 0.949439824
39.920490265 -2.871469975 39.929786682 2.932641983 39.943138123 -1.360201955 39.918739319 0.922790766 39.944480896 0.114031382 39.909015656 -0.583943307 39.891616821 -2.443093061 39.938674927 -2.416605234 39.932388306 -2.868123055 39.910842896 2.917367697 39.943626404 -1.359415412 39.912399292 0.939501822 39.934741974 0.089535095 39.916175842 -0.608848214 39.905445099 -2.426713705 39.935684204 -2.441803932 39.933036804 -2.899158955 39.891086578 2.915897131 39.941810608 -1.367954731 39.929111481 0.952302456
39.922370911 -2.867433548 39.931949615 2.936323881 39.943710327 -1.354580283 39.916648865 0.924610198 39.940925598 0.116056755 39.912429810 -0.581432760 39.889007568 -2.439656496 39.941528320 -2.413120985 39.929344177 -2.864345074 39.908439636 2.923138618 39.943458557 -1.353401542 39.911026001 0.942769110 39.934860229 0.090587929 39.916191101 -0.605310619 39.903270721 -2.424050570 39.936115265 -2.437058449 39.933536530 -2.896764040 39.890556335 2.921212673 39.942756653 -1.362082481 39.929347992 0.954855919
39.926052094 -2.863296509 39.930137634 2.940177202 39.943611145 -1.348826647 39.914928436 0.926472545 39.933418274 0.117602192 39.915382385 -0.579007328 39.889873505 -2.435871601 39.944595337 -2.410216570 39.926651001 -2.860861301 39.906528473 2.929007053 39.942111969 -1.347263217 39.910881042 0.945956647 39.934810638 0.092579462 39.916599274 -0.601580143 39.900890350 -2.421447515 39.935329437 -2.432187319 39.933689117 -2.894614220 39.890968323 2.926621199 39.942272186 -1.356031060 39.929405212 0.957345426
39.927825928 -2.859109402 39.929157257 2.944390535 39.943161011 -1.343118429 39.912879944 0.928631783 39.927444458 0.118287563 39.918254852 -0.575812459 39.893749237 -2.432391405 39.947250366 -2.407264948 39.924755096 -2.857568741 39.907699585 2.935119152 39.941184998 -1.341106534 39.908168793 0.948959231 39.934494019 0.095425993 39.914859772 -0.597424209 39.899051666 -2.419553518 39.934646606 -2.427550554 39.933734894 -2.892803192 39.893157959 2.931884289 39.942836761 -1.349816918 39.928459167 0.959906340
39.929100037 -2.855133295 39.928138733 2.948779345 39.943134308 -1.337436438 39.912147522 0.931060195 39.923500061 0.117974080 39.918674469 -0.572054982 39.898357391 -2.428998232 39.948818207 -2.404012442 39.922645569 -2.854276657 39.910636902 2.941427231 39.940952301 -1.335035324 39.904392242 0.951880395 39.930610657 0.098685361 39.914001465 -0.593357086 39.899555206 -2.417851210 39.936061859 -2.423458576 39.934822083 -2.891396523 39.895698547 2.936259747 39.943901062 -1.343648195 39.926090240 0.962661505
39.928497314 -2.851581335 39.925292969 2.953428268 39.941711426 -1.331643820 39.911941528 0.934121847 39.918190002 0.116977550 39.917358398 -0.567781150 39.903347015 -2.425654888 39.948688507 -2.400297642 39.920021057 -2.851117134 39.916221619 2.948393822 39.940876007 -1.329097748 39.900966644 0.955251992 39.928405762 0.102103442 39.914871216 -0.590127349 39.903652191 -2.416604280 39.937065125 -2.419536591 39.935859680 -2.890125275 39.896835327 2.940748215 39.943965912 -1.337547421 39.922443390 0.965259373
39.927989960 -2.848115921 39.923793793 2.958515644 39.939220428 -1.325587869 39.911045074 0.937581301 39.913352966 0.115411796 39.916091919 -0.563680649 39.908634186 -2.422827482 39.947795868 -2.396438360 39.917648315 -2.848021746 39.922973633 2.955377817 39.941074371 -1.323397517 39.895172119 0.959097743 39.931144714 0.106142133 39.915626526 -0.587953866 39.908035278 -2.416180372 39.937541962 -2.416314602 39.936199188 -2.889111519 39.899044037 2.945830584 39.944305420 -1.331506371 39.921173096 0.967727065
39.928085327 -2.844483852 39.923408508 2.963937283 39.937126160 -1.319512606 39.910137177 0.941031992 39.908458710 0.113676801 39.915042877 -0.560137510 39.913341522 -2.420744419 39.946521759 -2.392941952 39.915870667 -2.844699860 39.929046631 2.961865664 39.940814972 -1.317867637 39.891014099 0.962906957 39.932601929 0.110437371 39.918045044 -0.586444139 39.912471771 -2.415410042 39.938030243 -2.413954020 39.937244415 -2.888155460 39.902088165 2.950615406 39.944549561 -1.325369239 39.920394897 0.970050752
39.925029755 -2.840839148 39.923049927 2.969167709 39.934978485 -1.313762784 39.907299042 0.945061922 39.905178070 0.112410463 39.914035797 -0.556286275 39.917575836 -2.419096231 39.945709229 -2.390072346 39.915279388 -2.840955496 39.936450958 2.968489170 39.940330505 -1.312474489 39.886619568 0.966665626 39.932163239 0.114828274 39.920856476 -0.585250616 39.916439056 -2.413963795 39.936981201 -2.412353516 39.938526154 -2.886815786 39.904132843 2.955405712 39.945060730 -1.319169283 39.918663025 0.971928954
39.925251007 -2.837535858 39.921649933 2.973613739 39.933536530 -1.308305025 39.903030396 0.949506640 39.902194977 0.111608863 39.913291931 -0.552188456 39.920303345 -2.416963577 39.944896698 -2.387456894 39.915378571 -2.837251902 39.942882538 2.975424051 39.940326691 -1.307203412 39.879661560 0.970593870 39.929832458 0.118790366 39.923091888 -0.583783627 39.919620514 -2.412128925 39.935314178 -2.411116600 39.938880920 -2.884908676 39.906829834 2.960062027 39.945266724 -1.313384175 39.918121338 0.973714232
39.928821564 -2.834913492 39.917503357 2.977565050 39.932186127 -1.302831650 39.900177002 0.953850806 39.898002625 0.111081891 39.912178040 -0.548106492 39.921875000 -2.413695812 39.942474365 -2.384891510 39.916179657 -2.834091187 39.948043823 2.981987476 39.940074921 -1.301998377 39.872722626 0.974790812 39.927078247 0.122663692 39.925357819 -0.581841946 39.922126770 -2.410019636 39.932315826 -2.409529686 39.939144135 -2.882367849 39.911525726 2.964124680 39.943645477 -1.307775736 39.918048859 0.975486934
39.929988861 -2.833457232 39.914131165 2.981781006 39.930538177 -1.297208786 39.897846222 0.958602786 39.897701263 0.111290522 39.912784576 -0.544097722 39.923923492 -2.409649134 39.939464569 -2.381926298 39.916141510 -2.831177711 39.951660156 2.987577915 39.940128326 -1.296918988 39.866355896 0.978747070 39.927036285 0.126590475 39.929405212 -0.579572201 39.921432495 -2.407844543 39.929584503 -2.407184601 39.939891815 -2.879039288 39.917945862 2.968299627 39.941104889 -1.301846981 39.917549133 0.977471530
39.929477692 -2.832340240 39.913093567 2.986429691 39.929286957 -1.291328669 39.894050598 0.963574827 39.899696350 0.112556823 39.915401459 -0.539818943 39.925117493 -2.405052662 39.937088013 -2.378312111 39.916564941 -2.828353643 39.953262329 2.992784262 39.939830780 -1.291960835 39.861965179 0.982653558 39.927192688 0.130084947 39.932170868 -0.577217817 39.919639587 -2.405454636 39.928409576 -2.403961182 39.940322876 -2.875489950 39.923885345 2.972646236 39.939178467 -1.295931935 39.916656494 0.979778469
39.926696777 -2.831104040 39.910663605 2.991247892 39.929397583 -1.285070181 39.888751984 0.968449056 39.900936127 0.114851177 39.918411255 -0.535946012 39.926109314 -2.399738312 39.934215546 -2.374481678 39.917057037 -2.825598001 39.952182770 2.998215675 39.937782288 -1.287018776 39.859741211 0.986751854 39.926486969 0.133211806 39.936222076 -0.574455023 39.919204712 -2.402511120 39.926486969 -2.399954319 39.939891815 -2.872581482 39.928077698 2.977275848 39.935977936 -1.290303469 39.915973663 0.982195735
39.924602509 -2.830617428 39.908535004 2.996172190 39.930030823 -1.278791904 39.884372711 0.972972274 39.904209137 0.117663652 39.922954559 -0.533106923 39.929775238 -2.394022703 39.930061340 -2.370786428 39.917526245 -2.822916031 39.951473236 3.004014492 39.937538147 -1.281898975 39.855468750 0.990842581 39.924678802 0.136291787 39.941661835 -0.570830643 39.918613434 -2.399151325 39.923927307 -2.395689011 39.939933777 -2.870343924 39.929897308 2.982502699 39.934986115 -1.285027504 39.915199280 0.984791219
39.922397614 -2.830539465 39.909008026 3.000917673 39.929775238 -1.272611141 39.882244110 0.976431131 39.905857086 0.121090107 39.928028107 -0.531062961 39.934764862 -2.388151407 39.925628662 -2.367177486 39.919567108 -2.820573330 39.952182770 3.009567022 39.938941956 -1.276360750 39.855701447 0.995489359 39.922851562 0.139850095 39.944557190 -0.566830575 39.918613434 -2.396554470 39.921974182 -2.391336441 39.940097809 -2.867887735 39.931678772 2.987314701 39.935977936 -1.280264616 39.913555145 0.987624466
39.920894623 -2.829758406 39.909122467 3.005442142 39.929527283 -1.266398668 39.881828308 0.979431987 39.905281067 0.125451520 39.932044983 -0.529542148 39.939975739 -2.382623196 39.921073914 -2.363583803 39.922481537 -2.818230391 39.950016022 3.014235973 39.939044952 -1.270407557 39.862525940 1.000592232 39.921165466 0.143773019 39.946350098 -0.562876701 39.918479919 -2.394688129 39.921607971 -2.386425972 39.939468384 -2.865074635 39.935150146 2.991588116 39.935363770 -1.275498986 39.910541534 0.990466714
39.919292450 -2.827696562 39.908306122 3.010647535 39.929630280 -1.260228872 39.884143829 0.982564569 39.904788971 0.130509347 39.935100555 -0.528249383 39.943187714 -2.378130436 39.914516449 -2.360444069 39.925628662 -2.815504551 39.947811127 3.018217325 39.938465118 -1.264265776 39.868980408 1.005634546 39.917125702 0.147819355 39.947414398 -0.559214711 39.916450500 -2.392607212 39.923049927 -2.381493568 39.938896179 -2.861951590 39.938613892 2.996514320 39.936012268 -1.270187974 39.907047272 0.993424118
39.916664124 -2.825234652 39.909309387 3.016440868 39.930595398 -1.254600883 39.889076233 0.985917151 39.904933929 0.135609001 39.934005737 -0.527716875 39.944805145 -2.374206543 39.906871796 -2.357773542 39.929054260 -2.812922478 39.944343567 3.021570206 39.938125610 -1.258221984 39.876712799 1.010607004 39.914379120 0.152072832 39.948169708 -0.556213796 39.911273956 -2.389674187 39.925830841 -2.376485586 39.939846039 -2.857965469 39.943824768 3.001959085 39.937866211 -1.264312983 39.903064728 0.996696234
39.914981842 -2.822621346 39.912242889 3.021981478 39.931625366 -1.249450564 39.894676208 0.989455581 39.905040741 0.139970854 39.933895111 -0.527621210 39.946922302 -2.370834351 39.898433685 -2.354977608 39.931690216 -2.810652971 39.939182281 3.024201870 39.938056946 -1.252317548 39.885356903 1.015522242 39.909542084 0.156272128 39.949172974 -0.554283381 39.906475067 -2.386226654 39.928230286 -2.371338367 39.941364288 -2.853231907 39.950046539 3.007548332 39.938556671 -1.258337975 39.899070740 1.000070930
39.911991119 -2.819111824 39.917209625 3.027077198 39.932701111 -1.244280100 39.900821686 0.992683232 39.906116486 0.143302187 39.935916901 -0.527556300 39.948501587 -2.368559361 39.890750885 -2.352126598 39.932437897 -2.808161259 39.933948517 3.025979042 39.936962128 -1.246497631 39.894187927 1.020028353 39.904556274 0.159956768 39.950626373 -0.553587198 39.903850555 -2.382755280 39.929588318 -2.366333246 39.941535950 -2.848420143 39.955291748 3.013567448 39.938014984 -1.252711415 39.896038055 1.003654122
39.909080505 -2.814964771 39.923831940 3.031611681 39.933216095 -1.239087820 39.908290863 0.995705962 39.910530090 0.145971417 39.934116364 -0.527600288 39.948795319 -2.366846800 39.884544373 -2.349009514 39.932682037 -2.805260420 39.925231934 3.027069330 39.932746887 -1.240627170 39.901855469 1.023642778 39.901153564 0.163893819 39.949871063 -0.553033233 39.901794434 -2.379148483 39.931091309 -2.361371517 39.941383362 -2.843866587 39.957439423 3.019132376 39.937664032 -1.247309685 39.895446777 1.007648230
39.907241821 -2.810411930 39.929882050 3.035602808 39.933845520 -1.233964205 39.917518616 0.998786330 39.915832520 0.148224205 39.931346893 -0.527693748 39.947452545 -2.365069866 39.878536224 -2.345317841 39.930850983 -2.801979780 39.917808533 3.028156042 39.932552338 -1.234519720 39.908271790 1.026442528 39.897377014 0.167317837 39.948875427 -0.551828146 39.900001526 -2.375481844 39.933147430 -2.356291771 39.941394806 -2.839007616 39.956619263 3.024283886 39.936870575 -1.242309928 39.895618439 1.011896968
39.903354645 -2.805787325 39.933979034 3.038879395 39.936138153 -1.229162812 39.927551270 1.001763344 39.918395996 0.150806516 39.928295135 -0.527623296 39.944255829 -2.363887548 39.875392914 -2.341717720 39.926624298 -2.798442364 39.914241791 3.029215574 39.935478210 -1.228252530 39.913799286 1.028402090 39.895118713 0.169449553 39.948577881 -0.550532460 39.896709442 -2.372351170 39.935401917 -2.351061106 39.939598083 -2.833860636 39.955108643 3.029415607 39.936546326 -1.237721920 39.894622803 1.015612364
39.901473999 -2.801033974 39.936706543 3.041989326 39.937046051 -1.224296570 39.937294006 1.004963756 39.921997070 0.154211268 39.925056458 -0.527210593 39.939510345 -2.363158941 39.875072479 -2.338210583 39.923606873 -2.794945002 39.910816193 3.030529261 39.935379028 -1.222078800 39.919830322 1.029010653 39.894332886 0.170960650 39.946884155 -0.549089015 39.892887115 -2.369923592 39.937210083 -2.345890284 39.935489655 -2.829322338 39.951244354 3.033769846 39.937770844 -1.233083725 39.895858765 1.018617153
39.901817322 -2.796007872 39.937084198 3.045491457 39.938186646 -1.218858480 39.946556091 1.008455753 39.925159454 0.158348441 39.920894623 -0.526484191 39.932754517 -2.362046957 39.875503540 -2.334654570 39.921600342 -2.792080641 39.908195496 3.031676054 39.934600830 -1.216186523 39.927295685 1.028463006 39.895465851 0.172021255 39.942913055 -0.547430992 39.891067505 -2.367581844 39.939140320 -2.340508938 39.931636810 -2.825072050 39.945709229 3.037089109 39.938140869 -1.228065372 39.897277832 1.021834254
39.900054932 -2.791106224 39.939281464 3.049295902 39.940746307 -1.213186502 39.952747345 1.012376785 39.924423218 0.163388759 39.917633057 -0.525338292 39.924663544 -2.360469818 39.877761841 -2.331067085 39.920215607 -2.790171385 39.906764984 3.032702923 39.932891846 -1.210447788 39.934055328 1.027797580 39.896968842 0.173039600 39.937950134 -0.546021760 39.890323639 -2.364606619 39.939952850 -2.334505558 39.927360535 -2.820616245 39.939083099 3.039729834 39.938461304 -1.222493052 39.899559021 1.025415897
39.898735046 -2.786107540 39.943885803 3.053449154 39.941101074 -1.207874417 39.957500458 1.016785741 39.923393250 0.169237271 39.916431427 -0.523606896 39.917758942 -2.358908176 39.883666992 -2.327574253 39.919731140 -2.788741589 39.907333374 3.034988880 39.930946350 -1.204468846 39.939437866 1.027396917 39.897037506 0.173670247 39.933525085 -0.544837534 39.888862610 -2.360592842 39.940250397 -2.328317642 39.922027588 -2.816297054 39.928424835 3.042529345 39.939521790 -1.216557980 39.904422760 1.029385328
39.898654938 -2.781309128 39.945346832 3.057830811 39.940418243 -1.203000426 39.962230682 1.020554185 39.924213409 0.175330207 39.915264130 -0.521779597 39.912014008 -2.357081175 39.893093109 -2.324577570 39.918819427 -2.787610769 39.910266876 3.038379908 39.928577423 -1.198188305 39.943637848 1.027282000 39.899971008 0.174441695 39.928543091 -0.543332040 39.887195587 -2.356925011 39.941074371 -2.322550535 39.917526245 -2.812395811 39.919570923 3.045741081 39.939907074 -1.210501790 39.906532288 1.033018231
39.898929596 -2.777148008 39.944393158 3.062635183 39.940502167 -1.198264003 39.963497162 1.023312688 39.926719666 0.180601925 39.915443420 -0.520005286 39.906860352 -2.354745388 39.904281616 -2.321821690 39.917434692 -2.786911249 39.915374756 3.042727470 39.927104950 -1.191990972 39.945560455 1.027882218 39.903934479 0.176229984 39.922218323 -0.541410625 39.885936737 -2.354663372 39.941108704 -2.317311764 39.913211823 -2.809133053 39.912017822 3.049209833 39.938785553 -1.204298615 39.906276703 1.035932422
39.900260925 -2.774068832 39.942291260 3.067933559 39.941322327 -1.193620682 39.963356018 1.025169730 39.929748535 0.184715062 39.917736053 -0.517824233 39.902141571 -2.352425098 39.914558411 -2.319011927 39.915645599 -2.785669327 39.920482635 3.047924042 39.926166534 -1.185692668 39.947235107 1.029352307 39.903335571 0.178917214 39.913063049 -0.539363921 39.884838104 -2.352704763 39.940319061 -2.312552452 39.908653259 -2.806149483 39.901393890 3.053163052 39.937351227 -1.197794199 39.906494141 1.038298368
39.900527954 -2.772013426 39.941291809 3.073240042 39.940238953 -1.188822150 39.962951660 1.026217341 39.929496765 0.187654123 39.922657013 -0.515503347 39.899562836 -2.350164175 39.922836304 -2.316028357 39.915092468 -2.783824205 39.924716949 3.053498745 39.925216675 -1.179410696 39.948696136 1.031191707 39.902519226 0.182633355 39.907035828 -0.536693573 39.882717133 -2.350215673 39.938636780 -2.308164120 39.904552460 -2.803020239 39.892856598 3.057229042 39.935394287 -1.191222191 39.907154083 1.040685177
39.904182434 -2.770087957 39.942363739 3.077690601 39.937465668 -1.183373928 39.961795807 1.026914001 39.927967072 0.189491898 39.927715302 -0.513210535 39.899848938 -2.348352432 39.928768158 -2.312859058 39.915679932 -2.782259941 39.926651001 3.059402227 39.924251556 -1.173302770 39.949542999 1.032913208 39.902317047 0.186606109 39.901748657 -0.532958746 39.881919861 -2.347120523 39.934234619 -2.304100990 39.901618958 -2.799972296 39.886112213 3.060754061 39.931392670 -1.185044646 39.908309937 1.043394566
39.912601471 -2.768245220 39.939853668 3.081667662 39.935161591 -1.177330136 39.960834503 1.027042270 39.928180695 0.190167993 39.929183960 -0.510498464 39.901077271 -2.346670628 39.931976318 -2.309514046 39.916492462 -2.781077147 39.926609039 3.066011429 39.922458649 -1.167369485 39.951118469 1.034519196 39.899547577 0.190405443 39.891857147 -0.528820038 39.881412506 -2.344220161 39.927776337 -2.299995422 39.900985718 -2.797513962 39.881290436 3.064613104 39.928218842 -1.178908467 39.910701752 1.045940638
39.918647766 -2.766353846 39.939922333 3.085869551 39.932819366 -1.170942545 39.958084106 1.026536465 39.928279877 0.190181121 39.932929993 -0.507435501 39.903541565 -2.345389366 39.934768677 -2.306168556 39.917797089 -2.780168056 39.924724579 3.073257685 39.920574188 -1.161906958 39.952014923 1.035918117 39.896549225 0.194577560 39.879581451 -0.525157273 39.880374908 -2.341319084 39.921421051 -2.296125889 39.900104523 -2.796262741 39.879558563 3.069298267 39.925086975 -1.172188044 39.912445068 1.048526168
39.923957825 -2.764228106 39.944026947 3.089937925 39.929798126 -1.164379716 39.955150604 1.025920510 39.929389954 0.190487102 39.936569214 -0.504414678 39.907741547 -2.345158100 39.937522888 -2.302444220 39.918792725 -2.779065609 39.920616150 3.080520391 39.919826508 -1.156522870 39.953231812 1.037427068 39.896831512 0.199226826 39.867839813 -0.521430492 39.880855560 -2.337390423 39.915023804 -2.292167425 39.898784637 -2.795722485 39.879611969 3.074100494 39.921241760 -1.165265083 39.914146423 1.051124811
39.930767059 -2.762392044 39.944911957 3.094115734 39.926078796 -1.157839656 39.953739166 1.025095105 39.931396484 0.190989196 39.935775757 -0.501111686 39.911853790 -2.344650984 39.939514160 -2.297890425 39.919620514 -2.777462482 39.913303375 3.086850882 39.919002533 -1.151057959 39.954605103 1.039415359 39.900054932 0.203068584 39.861373901 -0.517228842 39.883895874 -2.332526684 39.909774780 -2.288094997 39.899436951 -2.794955969 39.876377106 3.079118490 39.917617798 -1.158247471 39.919002533 1.053781867
39.938438416 -2.761209726 39.946254730 3.098789930 39.923320770 -1.151415944 39.950485229 1.024670243 39.932182312 0.191573098 39.934818268 -0.497364610 39.915248871 -2.343435287 39.942008972 -2.293120146 39.920833588 -2.775114775 39.907161713 3.091536522 39.921062469 -1.145536661 39.953269958 1.041556239 39.905120850 0.205115885 39.857803345 -0.513030112 39.887317657 -2.328161478 39.905220032 -2.285295486 39.901878357 -2.793977499 39.876049042 3.083840847 39.913425446 -1.151033282 39.923336029 1.056971073
39.944400787 -2.760384798 39.946590424 3.103897572 39.921920776 -1.145340800 39.945636749 1.025311470 39.933662415 0.192484558 39.934215546 -0.493446559 39.918354034 -2.341695547 39.944252014 -2.288700581 39.920989990 -2.772341013 39.904087067 3.095360994 39.925239563 -1.140186310 39.952640533 1.043492675 39.907627106 0.205567569 39.855171204 -0.509783387 39.889720917 -2.324342251 39.900764465 -2.283530712 39.904670715 -2.792396069 39.877696991 3.087767601 39.910049438 -1.143887520 39.926174164 1.061184049
39.948451996 -2.759680510 39.945617676 3.108934402 39.921249390 -1.139269471 39.940906525 1.026597738 39.938205719 0.193544626 39.932445526 -0.489119351 39.922069550 -2.338901997 39.945529938 -2.284662962 39.920623779 -2.769284248 39.899505615 3.098977089 39.925979614 -1.135011435 39.952827454 1.045491934 39.909008026 0.204607487 39.855865479 -0.507581949 39.891731262 -2.320148945 39.897594452 -2.282689810 39.907489777 -2.789975166 39.878360748 3.091577053 39.907691956 -1.137087226 39.929611206 1.065464616
39.951530457 -2.758711100 39.944496155 3.113917112 39.919891357 -1.133025289 39.936759949 1.027981281 39.944549561 0.194194764 39.930622101 -0.484491438 39.924747467 -2.335908413 39.944366455 -2.280289412 39.919837952 -2.765778065 39.894611359 3.102738380 39.924903870 -1.129667521 39.951446533 1.047871709 39.910163879 0.202553883 39.857578278 -0.505386591 39.893840790 -2.315928698 39.895690918 -2.281943321 39.911026001 -2.786992550 39.879440308 3.095807314 39.905124664 -1.130646825 39.932353973 1.069236755
39.953437805 -2.757449627 39.942695618 3.119403362 39.918731689 -1.127137065 39.931854248 1.029281139 39.951362610 0.194032758 39.926235199 -0.480062902 39.927253723 -2.333730936 39.941314697 -2.275731325 39.918640137 -2.762410879 39.889286041 3.107219458 39.924240112 -1.124255419 39.948322296 1.050276279 39.911666870 0.199522316 39.858413696 -0.502507091 39.899703979 -2.311577082 39.893039703 -2.280587673 39.915870667 -2.783554077 39.879241943 3.100877762 39.902584076 -1.124220252 39.935935974 1.072612047
39.953800201 -2.756002903 39.939392090 3.125286102 39.918777466 -1.121293306 39.927234650 1.031137109 39.955593109 0.193938002 39.922943115 -0.475715429 39.930324554 -2.331608295 39.936931610 -2.271298409 39.916351318 -2.759180307 39.880321503 3.112356663 39.922798157 -1.118768692 39.943294525 1.052281380 39.913078308 0.196824625 39.861637115 -0.498570740 39.908306122 -2.307759762 39.891033173 -2.278836727 39.922157288 -2.780051947 39.880222321 3.106706381 39.900295258 -1.118039846 39.939403534 1.075787902
39.953266144 -2.754009724 39.935989380 3.131818771 39.919540405 -1.114926696 39.924301147 1.033675075 39.958435059 0.194536999 39.922637939 -0.471510410 39.932216644 -2.328949928 39.931678772 -2.266600132 39.911712646 -2.755917072 39.870506287 3.118222237 39.921974182 -1.113103986 39.938514709 1.054376006 39.913364410 0.195369363 39.867252350 -0.494524121 39.918151855 -2.304772854 39.891220093 -2.276297569 39.928348541 -2.776889324 39.882183075 3.112335205 39.898159027 -1.111824751 39.941730499 1.078162074
39.951412201 -2.751865387 39.932998657 3.138986588 39.921154022 -1.108256340 39.921421051 1.036672354 39.961132050 0.195901603 39.919784546 -0.467483521 39.933528900 -2.326647758 39.926151276 -2.262381315 39.907352448 -2.753106356 39.862243652 3.124718666 39.919765472 -1.107470036 39.933570862 1.057045579 39.915122986 0.193932608 39.873649597 -0.491101742 39.927413940 -2.302322388 39.892677307 -2.273977757 39.934902191 -2.773985147 39.884960175 3.117786884 39.897842407 -1.105527282 39.942573547 1.079837680
39.949764252 -2.749679565 39.930801392 -3.137213469 39.922084808 -1.101302862 39.918014526 1.040100217 39.960578918 0.197707087 39.915397644 -0.463825405 39.934116364 -2.324577570 39.919849396 -2.258706570 39.903034210 -2.750391483 39.862033844 3.130583286 39.919364929 -1.101876855 39.925415039 1.060122371 39.918495178 0.192932501 39.880104065 -0.487824559 39.935909271 -2.300612926 39.895675659 -2.271650076 39.940170288 -2.771270990 39.890388489 3.122901678 39.899192810 -1.099630237 39.943634033 1.080891132
39.947170258 -2.747601986 39.930656433 -3.131420135 39.921726227 -1.094506145 39.916641235 1.044099927 39.957756042 0.199908555 39.910987854 -0.460241705 39.933914185 -2.322257996 39.914989471 -2.254755497 39.900062561 -2.747413397 39.868808746 3.135905266 39.920795441 -1.095887184 39.920009613 1.063093424 39.923278809 0.193226486 39.886077881 -0.484439433 39.943889618 -2.299655437 39.898094177 -2.268680334 39.943843842 -2.769056082 39.898284912 3.127648354 39.900749207 -1.094024062 39.945613861 1.081350446
39.944168091 -2.745915174 39.931446075 -3.127300739 39.922500610 -1.088106036 39.917350769 1.048649907 39.955120087 0.203020692 39.907527924 -0.457060903 39.934013367 -2.319435596 39.911800385 -2.250094175 39.898590088 -2.744247913 39.871845245 3.140643597 39.918739319 -1.089704514 39.916603088 1.065895796 39.930225372 0.194350988 39.889453888 -0.481371492 39.949523926 -2.299079180 39.900402069 -2.265899897 39.946777344 -2.767193556 39.905178070 3.132599115 39.901359558 -1.088721991 39.945766449 1.081733346
39.941722870 -2.744162560 39.931324005 -3.124564409 39.924762726 -1.081778049 39.917514801 1.053074479 39.951778412 0.206002370 39.902740479 -0.454871029 39.933773041 -2.315941811 39.908340454 -2.245102644 39.897792816 -2.741301298 39.874412537 -3.138913870 39.916103363 -1.083588719 39.910274506 1.068846226 39.939712524 0.196025550 39.894790649 -0.478679925 39.951484680 -2.298319101 39.901012421 -2.262843609 39.947151184 -2.765127897 39.911785126 3.137792349 39.902366638 -1.083388925 39.944480896 1.081923842
39.936679840 -2.742177725 39.930568695 -3.123050451 39.927406311 -1.075990438 39.916805267 1.057229996 39.948104858 0.209050626 39.897937775 -0.453159541 39.932071686 -2.312949181 39.904457092 -2.240040779 39.897914886 -2.738476992 39.880477905 -3.135600805 39.914611816 -1.077359080 39.904605865 1.072359085 39.950077057 0.197872713 39.902782440 -0.476870835 39.950942993 -2.296981812 39.899730682 -2.259140730 39.946807861 -2.762498617 39.918884277 -3.139826775 39.904716492 -1.078111291 39.942558289 1.082763433
39.932495117 -2.740033865 39.930824280 -3.121919394 39.930049896 -1.070742965 39.916240692 1.060939908 39.946464539 0.212582812 39.894683838 -0.451311260 39.929203033 -2.310549736 39.900333405 -2.234925270 39.897937775 -2.734903097 39.888103485 -3.132556915 39.913017273 -1.071141481 39.901309967 1.076558590 39.955505371 0.200245336 39.907169342 -0.476383686 39.950977325 -2.296061993 39.897438049 -2.255232573 39.947483063 -2.759740829 39.927280426 -3.134063959 39.907272339 -1.073100448 39.940025330 1.083992481
39.930038452 -2.737877131 39.931076050 -3.120849133 39.930923462 -1.065784097 39.915565491 1.064395905 39.948890686 0.216236427 39.891529083 -0.449531078 39.926357269 -2.308485031 39.897705078 -2.229548454 39.899093628 -2.730947971 39.898349762 -3.129920244 39.909915924 -1.065029860 39.898326874 1.081395149 39.960208893 0.203713804 39.910408020 -0.476840913 39.951923370 -2.295224667 39.894321442 -2.251097202 39.947792053 -2.757309914 39.935192108 -3.128257275 39.909099579 -1.067756772 39.936759949 1.085193753
39.928600311 -2.735400200 39.932861328 -3.120903730 39.930225372 -1.060877323 39.914566040 1.067666411 39.953361511 0.219147399 39.889259338 -0.448284715 39.925357819 -2.306773663 39.897823334 -2.224776745 39.901966095 -2.726817369 39.908100128 -3.127567768 39.907337189 -1.058710933 39.894519806 1.086053371 39.966373444 0.206926584 39.914104462 -0.477120101 39.954563141 -2.293372869 39.893478394 -2.246399879 39.946739197 -2.754895926 39.940921783 -3.122275829 39.909896851 -1.061945796 39.933753967 1.086812377
39.927825928 -2.732015610 39.935768127 -3.121837616 39.930454254 -1.055754900 39.912994385 1.070313334 39.956127167 0.220368475 39.886653900 -0.447229713 39.925498962 -2.304668903 39.899742126 -2.221159935 39.904472351 -2.722483158 39.918140411 -3.125109196 39.905059814 -1.052108884 39.888954163 1.089746237 39.969501495 0.208556592 39.917369843 -0.476578772 39.957195282 -2.291076899 39.894428253 -2.240844727 39.946056366 -2.751950741 39.945755005 -3.115591526 39.910831451 -1.056126833 39.930141449 1.089025855
39.926170349 -2.727831602 39.935634613 -3.122808218 39.930530548 -1.050315976 39.912353516 1.072482109 39.959262848 0.220857710 39.881973267 -0.446878701 39.924053192 -2.301679134 39.902835846 -2.217818737 39.906356812 -2.717890739 39.928264618 -3.122071028 39.902656555 -1.045403957 39.887645721 1.092661262 39.972259521 0.209250227 39.920707703 -0.475606650 39.959220886 -2.289489031 39.896072388 -2.235086679 39.946498871 -2.748798370 39.950279236 -3.109106302 39.912746429 -1.050170779 39.924564362 1.091642141
39.928375244 -2.723243475 39.933204651 -3.123625040 39.928485870 -1.044502139 39.912956238 1.074891210 39.961978912 0.222063571 39.877208710 -0.447479129 39.919956207 -2.298305988 39.905639648 -2.214453459 39.907730103 -2.713115215 39.934795380 -3.119360685 39.900032043 -1.038633466 39.890472412 1.095057368 39.976383209 0.210467383 39.923248291 -0.474593937 39.962120056 -2.288411617 39.899272919 -2.229711533 39.947013855 -2.746181011 39.954750061 -3.104157448 39.915039062 -1.044138432 39.921173096 1.093733311
39.930461884 -2.718821049 39.929481506 -3.124586344 39.925785065 -1.038472176 39.912757874 1.077025890 39.963436127 0.224500492 39.873332977 -0.447559714 39.915618896 -2.294600487 39.908782959 -2.211033821 39.909194946 -2.708785534 39.940708160 -3.116956472 39.898048401 -1.032031655 39.890876770 1.097247362 39.979774475 0.212824672 39.922931671 -0.473841906 39.963844299 -2.286915302 39.902828217 -2.224487782 39.945617676 -2.743772745 39.958068848 -3.099750519 39.917835236 -1.038328171 39.918754578 1.095284820
39.928535461 -2.714810371 39.922035217 -3.125699520 39.921783447 -1.032378078 39.912933350 1.078989506 39.963615417 0.226704970 39.875736237 -0.447225213 39.913471222 -2.290431261 39.913066864 -2.207830429 39.910644531 -2.705147982 39.946819305 -3.114025593 39.896804810 -1.025441170 39.892421722 1.099019885 39.980503082 0.216207311 39.923377991 -0.472891390 39.964565277 -2.285806894 39.905353546 -2.219017506 39.943210602 -2.741280556 39.959709167 -3.095020056 39.920631409 -1.032694697 39.914573669 1.096692443
39.926258087 -2.711183548 39.915054321 -3.126124859 39.918258667 -1.026678801 39.912963867 1.082040787 39.961776733 0.227387697 39.883613586 -0.447283208 39.914005280 -2.286947727 39.919845581 -2.205253601 39.910774231 -2.701716900 39.951271057 -3.110734940 39.896293640 -1.019095540 39.894042969 1.100997686 39.980987549 0.219370812 39.925785065 -0.471967906 39.964363098 -2.284658909 39.907367706 -2.213350773 39.941738129 -2.738787174 39.960105896 -3.090142250 39.922431946 -1.027362943 39.910770416 1.098052502
39.922580719 -2.707660437 39.909992218 -3.125434637 39.915454865 -1.021265864 39.914943695 1.085475922 39.961277008 0.226790980 39.889629364 -0.446854532 39.916492462 -2.283554077 39.928268433 -2.203410387 39.911125183 -2.698655367 39.955734253 -3.107307196 39.895317078 -1.012861848 39.894065857 1.103741407 39.980270386 0.222218513 39.927005768 -0.471523225 39.962680817 -2.282999277 39.909114838 -2.208017826 39.940265656 -2.735804319 39.960231781 -3.085263014 39.924468994 -1.021834254 39.909267426 1.099269629
39.919692993 -2.704156876 39.902580261 -3.123764277 39.912746429 -1.016127825 39.917903900 1.088589430 39.960693359 0.225501344 39.892158508 -0.445959121 39.918769836 -2.279812336 39.935974121 -2.202056885 39.912067413 -2.696363449 39.962276459 -3.103621960 39.896049500 -1.006250381 39.893840790 1.106546640 39.977153778 0.225998238 39.927539825 -0.471482098 39.959274292 -2.281157255 39.912422180 -2.203644753 39.938949585 -2.732794523 39.959068298 -3.081306219 39.925426483 -1.016108751 39.908649445 1.100445867
39.917388916 -2.700683594 39.893478394 -3.122053862 39.910625458 -1.011324883 39.922592163 1.091306329 39.958518982 0.223478973 39.893505096 -0.444857955 39.919811249 -2.275888681 39.943473816 -2.200330734 39.911571503 -2.694581747 39.968093872 -3.099600315 39.897575378 -0.999619663 39.895545959 1.109064460 39.971958160 0.229360819 39.928779602 -0.471071690 39.954685211 -2.278900623 39.917869568 -2.200268269 39.938323975 -2.730529785 39.958995819 -3.078849792 39.926052094 -1.010276794 39.904701233 1.102162123
39.914894104 -2.696676731 39.884525299 -3.120304585 39.908473969 -1.006044745 39.929233551 1.093975306 39.957550049 0.220317468 39.898117065 -0.442820996 39.921352386 -2.271167517 39.949920654 -2.198135853 39.910121918 -2.692468882 39.971076965 -3.095813036 39.896678925 -0.993318617 39.900749207 1.111417413 39.964923859 0.232349366 39.930263519 -0.469458133 39.949462891 -2.276159763 39.923938751 -2.198097706 39.937702179 -2.728504896 39.959232330 -3.078031540 39.928569794 -1.004082322 39.901638031 1.104282379
39.913177490 -2.692204475 39.878356934 -3.117668152 39.907180786 -1.000292301 39.934532166 1.096622467 39.957439423 0.216142520 39.904701233 -0.440306604 39.922302246 -2.266557455 39.953670502 -2.196558952 39.911430359 -2.689766645 39.972476959 -3.092810869 39.898319244 -0.987147927 39.905857086 1.113612652 39.957176208 0.236077845 39.928497314 -0.467339158 39.942787170 -2.273555279 39.930892944 -2.197009087 39.939331055 -2.726285934 39.956569672 -3.077636957 39.930122375 -0.997957706 39.900939941 1.106430411
39.912063599 -2.688265324 39.875156403 -3.114228725 39.906250000 -0.994296074 39.939846039 1.099248290 39.955844879 0.211713731 39.909530640 -0.437360764 39.923831940 -2.262191296 39.955944061 -2.195293427 39.914402008 -2.687273026 39.973533630 -3.090748310 39.901878357 -0.981265366 39.908828735 1.115369916 39.947448730 0.240190923 39.923336029 -0.464768887 39.934013367 -2.270820141 39.938919067 -2.196882725 39.942691803 -2.723603249 39.951732635 -3.076901913 39.930789948 -0.992260337 39.902870178 1.108386874
39.910060883 -2.685061455 39.874885559 -3.109802961 39.905883789 -0.987777054 39.944843292 1.102071524 39.951984406 0.207663730 39.919361115 -0.433940172 39.926906586 -2.257572412 39.956100464 -2.193559408 39.917015076 -2.685504675 39.972995758 -3.089524508 39.904129028 -0.975920260 39.913181305 1.116853118 39.932151794 0.243994430 39.913867950 -0.461281419 39.925971985 -2.267715931 39.946231842 -2.197617769 39.945125580 -2.720727682 39.944591522 -3.076354504 39.931621552 -0.986883581 39.908267975 1.110623240
39.909809113 -2.681686163 39.878494263 -3.104507208 39.906631470 -0.981087387 39.950397491 1.105392814 39.944869995 0.203818500 39.931949615 -0.431487560 39.931186676 -2.253183365 39.954708099 -2.191780090 39.920700073 -2.683999777 39.971210480 -3.089208603 39.905364990 -0.970654726 39.918468475 1.118397236 39.919261932 0.247795120 39.904609680 -0.457812846 39.919792175 -2.264738798 39.952442169 -2.198391914 39.947719574 -2.718047619 39.936206818 -3.075819969 39.931755066 -0.981301486 39.913516998 1.112530828
39.910964966 -2.678297281 39.886238098 -3.098518610 39.907905579 -0.974363029 39.955272675 1.108289599 39.936046600 0.200917378 39.938346863 -0.429345489 39.936511993 -2.249692678 39.953350067 -2.190865517 39.925067902 -2.682361603 39.969047546 -3.088494778 39.903827667 -0.965368986 39.921867371 1.119798064 39.912044525 0.251172662 39.897209167 -0.454308808 39.916133881 -2.261418343 39.957046509 -2.198836803 39.948768616 -2.715099573 39.927059174 -3.075115442 39.932891846 -0.975374103 39.914722443 1.114096761
39.910263062 -2.675465822 39.895866394 -3.092303514 39.909404755 -0.967454314 39.957839966 1.109737754 39.924930573 0.199236780 39.940990448 -0.427467257 39.940067291 -2.246914387 39.952964783 -2.190497160 39.927848816 -2.680843592 39.966026306 -3.086502552 39.906040192 -0.960068464 39.920017242 1.120947480 39.901885986 0.253066331 39.888191223 -0.450659096 39.913814545 -2.257702827 39.959064484 -2.198932409 39.949302673 -2.711465120 39.916259766 -3.075036287 39.933067322 -0.969290674 39.914474487 1.115915895
39.907093048 -2.672941685 39.906929016 -3.085861683 39.912158966 -0.960996807 39.959571838 1.110543609 39.912685394 0.198643535 39.943149567 -0.426552892 39.943077087 -2.244036198 39.953674316 -2.189640284 39.930389404 -2.679513931 39.960887909 -3.083374500 39.911720276 -0.954871178 39.919895172 1.122609258 39.889808655 0.253849983 39.882469177 -0.447364926 39.911952972 -2.253850937 39.959121704 -2.199233294 39.950092316 -2.707773209 39.906879425 -3.074882507 39.933429718 -0.963119984 39.916633606 1.117303610
39.904228210 -2.671190262 39.920463562 -3.079095602 39.914936066 -0.955101430 39.959712982 1.111465812 39.901935577 0.199474081 39.945243835 -0.425522268 39.946392059 -2.241022587 39.956100464 -2.188210011 39.932956696 -2.679042101 39.955131531 -3.079417706 39.914337158 -0.949793994 39.922801971 1.124933004 39.875072479 0.253400326 39.881175995 -0.443852663 39.912311554 -2.250024796 39.958450317 -2.199547768 39.950801849 -2.705161572 39.901729584 -3.073839188 39.935550690 -0.957047284 39.918403625 1.118855476
39.902236938 -2.669636965 39.933738708 -3.071986198 39.916603088 -0.949110627 39.960891724 1.113200665 39.890991211 0.201580763 39.945819855 -0.424442381 39.950763702 -2.238093138 39.958152771 -2.187424421 39.934597015 -2.679096699 39.949798584 -3.075536251 39.917942047 -0.944745243 39.923152924 1.127545118 39.856277466 0.251634479 39.883407593 -0.440896571 39.913341522 -2.245785713 39.957103729 -2.199345589 39.951557159 -2.703281641 39.899215698 -3.072079182 39.937751770 -0.951208591 39.919200897 1.120954633
39.899005890 -2.667511940 39.944438934 -3.064980030 39.918296814 -0.942726552 39.963417053 1.115358710 39.878993988 0.204822272 39.945381165 -0.423005819 39.955379486 -2.235049725 39.957237244 -2.186916351 39.935348511 -2.679059029 39.944171906 -3.071537256 39.922233582 -0.939890206 39.925010681 1.130306840 39.839473724 0.249244303 39.887321472 -0.439632475 39.916896820 -2.240730286 39.954360962 -2.198640347 39.950344086 -2.701334476 39.897583008 -3.069415331 39.939136505 -0.945863962 39.919048309 1.123006105
39.895099640 -2.665461779 39.953041077 -3.058460236 39.919479370 -0.936261117 39.964736938 1.117448449 39.863418579 0.209070891 39.943996429 -0.420726836 39.960311890 -2.231930733 39.957340240 -2.185305834 39.933834076 -2.678792715 39.940803528 -3.067402124 39.925552368 -0.934972525 39.930145264 1.133305788 39.824897766 0.246612310 39.891445160 -0.439888179 39.920307159 -2.235737801 39.950229645 -2.197847128 39.948059082 -2.699630737 39.897922516 -3.066593647 39.939037323 -0.940973103 39.916687012 1.125537634
39.889999390 -2.663875818 39.960788727 -3.052313566 39.919929504 -0.929851592 39.964481354 1.119313240 39.844451904 0.214218989 39.942504883 -0.418467909 39.964630127 -2.229179382 39.958679199 -2.182592869 39.930683136 -2.677992821 39.938255310 -3.063811064 39.928684235 -0.929481149 39.935646057 1.136303902 39.819244385 0.243199795 39.895198822 -0.440841705 39.923622131 -2.231483459 39.945251465 -2.197258234 39.944034576 -2.697739601 39.897106171 -3.063853264 39.940876007 -0.935920119 39.917392731 1.128813386
39.885536194 -2.662529469 39.966312408 -3.047149897 39.918567657 -0.923075199 39.961772919 1.121417999 39.826675415 0.220160201 39.942302704 -0.415929615 39.966430664 -2.227138042 39.961299896 -2.179341316 39.926551819 -2.676663160 39.938877106 -3.060723066 39.932529449 -0.923550487 39.939369202 1.139343858 39.819160461 0.239212617 39.899131775 -0.442267269 39.928501129 -2.227445364 39.939460754 -2.196457863 39.939430237 -2.695886135 39.896167755 -3.061818123 39.942653656 -0.930776179 39.919940948 1.131582022
39.882766724 -2.660806894 39.969432831 -3.042861462 39.917053223 -0.915961683 39.957008362 1.124665022 39.811790466 0.225447074 39.942474365 -0.412789285 39.967849731 -2.225242376 39.965133667 -2.175501108 39.920696259 -2.674403191 39.941547394 -3.057684898 39.935607910 -0.917642117 39.940139771 1.143117905 39.819110870 0.236082301 39.906131744 -0.443707734 39.933341980 -2.222844601 39.934478760 -2.195266485 39.935935974 -2.694475889 39.899402618 -3.060243845 39.941757202 -0.925782382 39.920433044 1.134187698
39.878189087 -2.659011364 39.971805573 -3.039230108 39.916843414 -0.908945501 39.951538086 1.127865434 39.799400330 0.228934109 39.943042755 -0.410415530 39.967685699 -2.223303080 39.967044830 -2.170705318 39.913536072 -2.671608925 39.944931030 -3.055253744 39.937026978 -0.911583781 39.944061279 1.146451473 39.825004578 0.234661773 39.914745331 -0.445298851 39.937248230 -2.217742205 39.931274414 -2.193610668 39.931465149 -2.692556858 39.906364441 -3.057948351 39.940536499 -0.920806646 39.921623230 1.137825727
39.877395630 -2.657501221 39.973621368 -3.035565615 39.916564941 -0.902561545 39.946510315 1.130526781 39.787761688 0.232185230 39.943687439 -0.409225643 39.964942932 -2.222433090 39.967292786 -2.166045904 39.907131195 -2.668724775 39.949531555 -3.054458618 39.937969208 -0.905167460 39.949977875 1.149249315 39.834247589 0.234775648 39.923122406 -0.447402000 39.940223694 -2.212906837 39.928730011 -2.191080570 39.926643372 -2.689611673 39.915664673 -3.055213213 39.939186096 -0.915616453 39.923431396 1.142120361
39.880199432 -2.656119823 39.977184296 -3.031766653 39.915538788 -0.896741927 39.939323425 1.132670760 39.771778107 0.236449510 39.941169739 -0.408503562 39.960578918 -2.222881556 39.967273712 -2.162454128 39.901752472 -2.665805817 39.954784393 -3.053833723 39.939521790 -0.898882389 39.952011108 1.151531219 39.842304230 0.235357359 39.930889130 -0.448970735 39.945518494 -2.208940506 39.925849915 -2.187829256 39.924411774 -2.686029673 39.926979065 -3.053204536 39.937259674 -0.910205185 39.925148010 1.146757483
39.880432129 -2.654209852 39.979648590 -3.028877735 39.916641235 -0.890874028 39.930908203 1.133770227 39.757106781 0.241612703 39.938613892 -0.407199442 39.957191467 -2.223311424 39.967597961 -2.159048796 39.899829865 -2.663633108 39.961299896 -3.052000284 39.939483643 -0.892769575 39.953731537 1.153239012 39.845005035 0.234982774 39.936847687 -0.450018734 39.952346802 -2.205868959 39.923690796 -2.184123516 39.922626495 -2.682450771 39.939235687 -3.051490307 39.934524536 -0.905128837 39.926895142 1.152003884
39.881305695 -2.652016163 39.979309082 -3.026932955 39.919391632 -0.885022163 39.923423767 1.134425044 39.743873596 0.247571021 39.935462952 -0.404654980 39.954093933 -2.223851442 39.968795776 -2.155783415 39.901969910 -2.662333965 39.967632294 -3.049752712 39.937808990 -0.886607945 39.955165863 1.154591441 39.846889496 0.234059989 39.943256378 -0.450280607 39.959541321 -2.203935146 39.922527313 -2.179645538 39.919700623 -2.678509235 39.948883057 -3.049517632 39.932277679 -0.900241077 39.929756165 1.157934189
39.882732391 -2.649870634 39.977928162 -3.026168346 39.920703888 -0.879519999 39.916133881 1.134997845 39.722370148 0.254245162 39.930068970 -0.401024103 39.949638367 -2.224321604 39.970447540 -2.153102636 39.906200409 -2.660673141 39.975006104 -3.047607660 39.934204102 -0.880622566 39.955093384 1.155125022 39.848930359 0.234010413 39.950798035 -0.449476868 39.965217590 -2.203509092 39.921627045 -2.174730539 39.916442871 -2.673664331 39.956577301 -3.048599720 39.930610657 -0.895120203 39.932029724 1.163708925
39.883953094 -2.647033453 39.976020813 -3.026846647 39.920894623 -0.874064267 39.909572601 1.134988666 39.698554993 0.260181963 39.925601959 -0.397139490 39.943466187 -2.224747896 39.972332001 -2.150587320 39.911930084 -2.657925844 39.981235504 -3.045015097 39.931652069 -0.874742925 39.952785492 1.156051159 39.846599579 0.233963326 39.957244873 -0.448720783 39.968597412 -2.204488754 39.923007965 -2.170107841 39.912670135 -2.668151617 39.963745117 -3.049145699 39.927185059 -0.889769971 39.934913635 1.168079972
39.885753632 -2.644056559 39.975917816 -3.027538061 39.919982910 -0.868179619 39.906349182 1.134546161 39.679695129 0.265459627 39.924564362 -0.393025994 39.934646606 -2.226053953 39.973709106 -2.148266792 39.917369843 -2.654488325 39.984809875 -3.042232275 39.929901123 -0.868785381 39.950447083 1.157894254 39.844520569 0.232550859 39.962234497 -0.447711647 39.969970703 -2.205733776 39.927104950 -2.166099787 39.908760071 -2.663068533 39.969547272 -3.050232410 39.923877716 -0.884378135 39.937839508 1.170684457
39.888225555 -2.641798973 39.977672577 -3.027289391 39.917675018 -0.862305641 39.903144836 1.133850336 39.659904480 0.270153552 39.925609589 -0.389360607 39.925369263 -2.227293491 39.972785950 -2.146059990 39.923198700 -2.650374413 39.985832214 -3.039550066 39.925521851 -0.862499177 39.947658539 1.159197807 39.842494965 0.229928747 39.966644287 -0.446811765 39.970901489 -2.205868244 39.931041718 -2.162419319 39.903347015 -2.658598900 39.974224091 -3.051814795 39.922519684 -0.879225254 39.938537598 1.171703815
39.888351440 -2.640549421 39.980758667 -3.026353359 39.915458679 -0.857005298 39.897968292 1.133080482 39.641986847 0.272949755 39.926372528 -0.387469798 39.915172577 -2.228089094 39.969718933 -2.143254995 39.929428101 -2.646371126 39.985931396 -3.036281586 39.921875000 -0.856142938 39.943950653 1.158990502 39.840297699 0.226235911 39.969795227 -0.446198404 39.970764160 -2.205567598 39.932731628 -2.159172058 39.896942139 -2.654147863 39.976993561 -3.053790569 39.920677185 -0.874094605 39.939804077 1.172297597
39.887531281 -2.640141249 39.983226776 -3.025031090 39.913719177 -0.851908803 39.894638062 1.133294821 39.625217438 0.274064124 39.926513672 -0.387154669 39.901950836 -2.228460789 39.965293884 -2.140766621 39.935619354 -2.642560005 39.985511780 -3.033371210 39.917633057 -0.850103617 39.938945770 1.158552170 39.842964172 0.222952068 39.970058441 -0.445822865 39.969207764 -2.205823660 39.933750153 -2.156658173 39.893493652 -2.650696278 39.978832245 -3.055549383 39.917930603 -0.868571699 39.940982819 1.173370957
39.887855530 -2.639521599 39.984390259 -3.023220778 39.911617279 -0.847036183 39.889209747 1.134598970 39.609687805 0.275058866 39.928039551 -0.386924475 39.886016846 -2.229194880 39.959621429 -2.139297962 39.940776825 -2.638126135 39.982295990 -3.031442881 39.913127899 -0.844526112 39.932201385 1.158861995 39.843666077 0.220031410 39.968650818 -0.445501208 39.969509125 -2.205666542 39.934501648 -2.154208183 39.893085480 -2.648933411 39.979648590 -3.056562424 39.917118073 -0.862862468 39.940689087 1.174693346
39.890399933 -2.638199091 39.984870911 -3.021707773 39.910583496 -0.842688441 39.880088806 1.136433482 39.603679657 0.275938481 39.928733826 -0.386521280 39.866725922 -2.231119156 39.952720642 -2.138502121 39.944076538 -2.633184433 39.977821350 -3.030240059 39.907974243 -0.839274883 39.926033020 1.159445047 19.921003342 0.218294665 39.968132019 -0.444729090 39.969432831 -2.205535173 39.934455872 -2.151829958 39.894683838 -2.648438215 39.979911804 -3.056126356 39.917396545 -0.856925964 39.942485809 1.176053405
39.895256042 -2.636300325 39.984725952 -3.021738052 39.909648895 -0.838541627 39.872596741 1.138589501 39.606510162 0.275341719 39.928142548 -0.385916740 39.848159790 -2.232839584 39.943855286 -2.137556553 39.947002411 -2.628614902 39.973518372 -3.029283047 39.900428772 -0.834005117 39.920486450 1.160184979 0.000000000 0.000000000 39.966335297 -0.443532825 39.967296600 -2.206067562 39.934154510 -2.149167776 39.897212982 -2.648611307 39.981239319 -3.055562258 39.918102264 -0.850368321 39.944053650 1.177790642
39.901832581 -2.634520054 39.984184265 -3.023135424 39.909683228 -0.834318578 39.869518280 1.141249776 19.805046082 0.274697751 39.927719116 -0.384914756 39.836345673 -2.233206749 39.933979034 -2.135342121 39.947971344 -2.625095844 39.969676971 -3.027827501 39.897506714 -0.828388572 39.914932251 1.160658002 0.000000000 0.000000000 39.964859009 -0.441100061 39.964637756 -2.206762075 39.933422089 -2.146407843 39.896839142 -2.649049044 39.983528137 -3.055965424 39.919666290 -0.843720376 39.942314148 1.179855943
39.907417297 -2.632602453 39.983276367 -3.025546074 39.910236359 -0.829987645 39.870567322 1.144660473 0.000000000 0.000000000 39.922874451 -0.383595169 39.830345154 -2.232352972 39.923034668 -2.132388115 39.945636749 -2.622112513 39.963359833 -3.026395082 39.898349762 -0.822861075 39.913337708 1.161440849 0.000000000 0.000000000 39.962821960 -0.437580287 39.960105896 -2.207225561 39.930713654 -2.144066572 39.897281647 -2.649740696 39.985561371 -3.056804657 39.919292450 -0.837267518 39.938682556 1.181322217
39.914611816 -2.629526377 39.984046936 -3.028314114 39.910640717 -0.825500906 39.874908447 1.148958564 0.000000000 0.000000000 39.917945862 -0.381568283 39.827705383 -2.231006861 39.910888672 -2.128951550 39.941375732 -2.619228125 39.955890656 -3.025489330 39.898303986 -0.817546725 39.914020538 1.163480997 0.000000000 0.000000000 39.960357666 -0.434373856 39.952598572 -2.207896471 39.927028656 -2.141126633 39.901546478 -2.649832487 39.985382080 -3.058129549 39.917350769 -0.831175625 39.932197571 1.181718111
39.922580719 -2.625504017 39.985401154 -3.031574249 39.912036896 -0.820538044 39.882442474 1.154136777 0.000000000 0.000000000 39.914642334 -0.380003780 39.826702118 -2.229223251 39.897312164 -2.125290394 39.935668945 -2.617151976 39.950084686 -3.025679827 39.899692535 -0.812113225 39.913673401 1.166639447 0.000000000 0.000000000 39.960342407 -0.431496739 39.942897797 -2.209864616 39.922573090 -2.138512135 39.905113220 -2.648921490 39.984954834 -3.060487270 39.916366577 -0.825435579 39.923278809 1.181296110
39.927982330 -2.620670319 39.986518860 -3.035131693 39.913326263 -0.815381765 39.893341064 1.159755111 0.000000000 0.000000000 39.910194397 -0.378402025 39.829013824 -2.226990938 39.884376526 -2.121500015 39.927597046 -2.616067648 39.944786072 -3.027225733 39.901576996 -0.807140410 39.915744781 1.170815587 0.000000000 0.000000000 39.960639954 -0.429022908 39.929767609 -2.212301254 39.917201996 -2.136278152 39.906238556 -2.647738457 39.984115601 -3.063241959 39.916378021 -0.819300890 39.911506653 1.180645943
39.935150146 -2.616137743 39.988170624 -3.038980722 39.914234161 -0.810086250 39.904289246 1.165440559 0.000000000 0.000000000 39.906612396 -0.376973242 39.836223602 -2.225730658 39.875473022 -2.117098570 39.918445587 -2.614940166 39.941017151 -3.028591394 39.902984619 -0.802866578 39.921073914 1.174520969 0.000000000 0.000000000 39.959968567 -0.426814586 39.914806366 -2.214988708 39.913097382 -2.133068562 39.907352448 -2.646880627 39.981723785 -3.064998150 39.915794373 -0.813021839 39.898227692 1.180691004
39.940784454 -2.611979485 39.989334106 -3.043723583 39.915584564 -0.804742754 39.913032532 1.171251774 0.000000000 0.000000000 39.902744293 -0.377060980 39.847221375 -2.224630833 39.866855621 -2.113238811 39.909465790 -2.613260746 39.938606262 -3.029807329 39.904544830 -0.799134135 39.926563263 1.177410364 0.000000000 0.000000000 39.957187653 -0.423475891 39.903129578 -2.218158245 39.909076691 -2.129412651 39.909763336 -2.646157265 39.977596283 -3.066559553 39.914138794 -0.807187676 39.885711670 1.182100296
39.943973541 -2.607234478 39.989891052 -3.047888041 39.917041779 -0.799492061 39.919200897 1.176340342 0.000000000 0.000000000 39.898738861 -0.378466755 39.856597900 -2.223640442 39.856990814 -2.110761642 39.901115417 -2.611437321 39.933898926 -3.032254457 39.907379150 -0.795580328 39.930999756 1.180945873 0.000000000 0.000000000 39.952541351 -0.419894904 39.893135071 -2.221093655 39.906566620 -2.126694679 39.912376404 -2.645136356 39.973140717 -3.069314718 39.913444519 -0.801737309 39.875350952 1.183382988
39.944904327 -2.603039742 39.990379333 -3.050234318 39.917411804 -0.794145107 39.922126770 1.180441260 0.000000000 0.000000000 39.897415161 -0.380077422 39.860435486 -2.222757578 39.849792480 -2.108175278 39.895172119 -2.610059261 39.926040649 -3.035784721 39.909805298 -0.791832507 39.934539795 1.184647799 0.000000000 0.000000000 39.947242737 -0.417077869 39.884887695 -2.222867012 39.905448914 -2.124660730 39.912925720 -2.644565344 39.968185425 -3.073025942 39.913681030 -0.796687126 39.870323181 1.183976293
39.943374634 -2.599894285 39.990203857 -3.050954103 39.918693542 -0.788695693 39.923042297 1.183490634 0.000000000 0.000000000 39.894721985 -0.381801844 39.861515045 -2.220619678 39.847743988 -2.105284214 39.892528534 -2.609447718 39.919013977 -3.039386272 39.911514282 -0.788247526 39.940979004 1.187466502 0.000000000 0.000000000 39.942646027 -0.415040612 39.876560211 -2.224433422 39.902812958 -2.122149706 39.914184570 -2.644443274 39.963890076 -3.076225281 39.914398193 -0.792064250 39.868595123 1.184570193
39.944259644 -2.597373486 39.989135742 -3.051587820 39.919849396 -0.783408880 39.925651550 1.184870720 0.000000000 0.000000000 39.890979767 -0.383208394 39.862918854 -2.217826843 39.847099304 -2.102786064 39.891853333 -2.609295845 39.912895203 -3.043043852 39.912654877 -0.784862876 39.950229645 1.189716816 0.000000000 0.000000000 39.936096191 -0.414060891 39.869415283 -2.227215290 39.899650574 -2.119811535 39.917182922 -2.643888235 39.959033966 -3.079079628 39.916015625 -0.787982285 39.869159698 1.184575915
39.945892334 -2.595508575 39.985889435 -3.053526640 39.921154022 -0.778489947 39.929092407 1.185796618 0.000000000 0.000000000 39.884571075 -0.384444982 39.863441467 -2.215669394 39.847480774 -2.100790977 39.891490936 -2.609401464 39.907363892 -3.047662735 39.913433075 -0.781175673 39.956039429 1.191535234 0.000000000 0.000000000 39.929622650 -0.413197309 39.863716125 -2.230634928 39.897312164 -2.117983341 39.921062469 -2.642909765 39.952156067 -3.081892729 39.918277740 -0.784419715 39.870693207 1.184806347
39.945644379 -2.593755960 39.981315613 -3.056611776 39.923603058 -0.773652554 39.932525635 1.186276674 0.000000000 0.000000000 39.878719330 -0.386849999 39.863773346 -2.213997364 39.851627350 -2.098601341 39.891399384 -2.610189915 39.900890350 -3.053131342 39.913658142 -0.776893675 39.958873749 1.193010092 0.000000000 0.000000000 39.922836304 -0.411052674 39.857471466 -2.234619617 39.893669128 -2.116302013 39.925449371 -2.641463280 39.943042755 -3.083953142 39.920131683 -0.781138539 39.869739532 1.185028076
39.944267273 -2.591849804 39.977497101 -3.060709476 39.924648285 -0.769085228 39.936557770 1.186597705 0.000000000 0.000000000 39.877441406 -0.390286505 39.868190765 -2.211563110 39.860378265 -2.096648693 39.893642426 -2.610879660 39.889446259 -3.059356213 39.914081573 -0.771984458 39.960449219 1.194569945 0.000000000 0.000000000 39.911056519 -0.409146845 39.853031158 -2.238172770 39.889537811 -2.114432812 39.929191589 -2.639732599 39.933753967 -3.085348129 39.922882080 -0.777738869 39.869991302 1.184402704
39.941917419 -2.589872599 39.972801208 -3.065716028 39.926425934 -0.764901936 39.939884186 1.187125921 0.000000000 0.000000000 39.877254486 -0.393600792 39.875598907 -2.209402561 39.872890472 -2.096289635 39.897602081 -2.611164093 39.876750946 -3.064895868 39.913700104 -0.766544700 39.961479187 1.196254611 0.000000000 0.000000000 39.899768829 -0.407452762 39.849426270 -2.239961386 39.888000488 -2.112472773 39.932876587 -2.638675690 39.925544739 -3.086844683 39.925781250 -0.774069428 39.874118805 1.183337331
39.938552856 -2.588582039 39.966403961 -3.070167780 39.928806305 -0.760383904 39.944881439 1.187060952 0.000000000 0.000000000 39.879554749 -0.396760762 39.885482788 -2.208837509 39.885917664 -2.097020149 39.902103424 -2.611425161 39.861518860 -3.069825888 39.915794373 -0.760884106 39.961135864 1.198285341 0.000000000 0.000000000 39.891063690 -0.404582381 39.848426819 -2.240176678 39.890117645 -2.111476898 39.936077118 -2.638118029 39.917675018 -3.089383364 39.925964355 -0.770074964 39.882202148 1.181750059
39.934555054 -2.588569641 39.960266113 -3.074137449 39.930370331 -0.755421937 39.949150085 1.186510921 0.000000000 0.000000000 39.885288239 -0.400885135 39.898612976 -2.209717274 39.898372650 -2.098697186 39.907028198 -2.610912323 39.845668793 -3.074211836 39.919109344 -0.755813718 39.957233429 1.200345516 0.000000000 0.000000000 39.884796143 -0.401522070 39.854007721 -2.240378380 39.892379761 -2.111942768 39.938541412 -2.637056828 39.913364410 -3.091490746 39.925533295 -0.765750229 39.893146515 1.179794788
39.930362701 -2.589730263 39.955513000 -3.079020500 39.931484222 -0.750096977 39.949623108 1.186400294 0.000000000 0.000000000 39.894428253 -0.404662788 39.910030365 -2.211869001 39.910892487 -2.100976467 39.910362244 -2.609080791 39.830009460 -3.078101397 39.918617249 -0.750961840 39.953716278 1.202391863 0.000000000 0.000000000 39.878868103 -0.399640501 39.864364624 -2.241618156 39.894954681 -2.113725424 39.939998627 -2.635727882 39.913379669 -3.093350887 39.925445557 -0.761392832 39.904621124 1.178457141
39.929592133 -2.591221333 39.950531006 -3.083359480 39.931671143 -0.744445801 39.948669434 1.186703801 0.000000000 0.000000000 39.904739380 -0.408165395 39.916641235 -2.215126276 39.923000336 -2.103228092 39.912925720 -2.606507540 39.815799713 -3.082931757 39.917835236 -0.745659709 39.950363159 1.205207467 0.000000000 0.000000000 39.872283936 -0.399328083 39.873306274 -2.242417574 39.899158478 -2.115717649 39.940177917 -2.633956432 39.913276672 -3.096351385 39.925277710 -0.757013261 39.915767670 1.178622365
39.930931091 -2.592044115 39.943016052 -3.086960316 39.930519104 -0.738689065 39.946689606 1.187112212 0.000000000 0.000000000 39.912765503 -0.412347406 39.922519684 -2.218039989 39.933883667 -2.104682446 39.916740417 -2.603833437 39.808074951 -3.088602304 39.918083191 -0.740049005 39.944984436 1.207919598 0.000000000 0.000000000 39.866977692 -0.399051934 39.881877899 -2.241777658 39.903640747 -2.116919994 39.938835144 -2.631194592 39.911800385 -3.100390673 39.924655914 -0.752411008 39.922939301 1.179308653
39.927276611 -2.593072414 39.936145782 -3.089904785 39.927242279 -0.732927620 39.945220947 1.188102245 0.000000000 0.000000000 39.924346924 -0.415743858 39.927436829 -2.220632315 39.945121765 -2.105847836 39.921783447 -2.601655483 39.806381226 -3.095001698 39.918106079 -0.733998239 39.937690735 1.210562468 0.000000000 0.000000000 39.863746643 -0.398820251 39.893016815 -2.239838600 39.910434723 -2.117729425 39.936817169 -2.628133297 39.913471222 -3.103988647 39.925369263 -0.747484684 39.928466797 1.180456996
39.921634674 -2.593890667 39.929309845 -3.091158628 39.923500061 -0.727287292 39.943572998 1.188942194 0.000000000 0.000000000 39.936805725 -0.418447793 39.931659698 -2.222915173 39.955448151 -2.107151031 39.926906586 -2.600105524 39.810146332 -3.102065325 39.918392181 -0.727626443 39.930030823 1.214211941 0.000000000 0.000000000 39.861553192 -0.398610830 39.903247833 -2.236753464 39.919582367 -2.119147778 39.935264587 -2.625842094 39.918048859 -3.107175350 39.926227570 -0.742411613 39.933139801 1.182669163
39.915363312 -2.593678236 39.922821045 -3.092267990 39.918754578 -0.721350014 39.941089630 1.188768983 0.000000000 0.000000000 39.942279816 -0.421901464 39.938121796 -2.223580122 39.963092804 -2.108726025 39.931598663 -2.598547935 39.812095642 -3.109714508 39.916564941 -0.721276045 39.923912048 1.218767881 0.000000000 0.000000000 39.857185364 -0.397045732 39.907413483 -2.234009743 39.927444458 -2.120963097 39.933486938 -2.623847961 39.922397614 -3.111378193 39.926113129 -0.737590909 39.936676025 1.185857058
39.907516479 -2.593589544 39.920886993 -3.093260527 39.915874481 -0.715401471 39.939514160 1.188621283 0.000000000 0.000000000 39.945926666 -0.426336646 39.942611694 -2.222821236 39.967594147 -2.110224485 39.934860229 -2.597083569 39.810386658 -3.117880344 39.916507721 -0.714638412 39.915264130 1.222839236 0.000000000 0.000000000 39.854610443 -0.395661712 39.910854340 -2.231557846 39.931011200 -2.121751308 39.930164337 -2.620913267 39.925495148 -3.115112066 39.926425934 -0.732802033 39.941841125 1.189912558
39.900543213 -2.593200684 39.918159485 -3.092775106 39.914760590 -0.709908366 39.936550140 1.188887954 0.000000000 0.000000000 39.951980591 -0.431626737 39.943984985 -2.222160816 39.968307495 -2.111175060 39.935623169 -2.596197128 19.904909134 -3.122089624 39.919540405 -0.707851768 39.907463074 1.226491570 0.000000000 0.000000000 39.856437683 -0.395493180 39.918731689 -2.229392052 39.933879852 -2.122101784 39.926670074 -2.617877960 39.928394318 -3.117063522 39.926246643 -0.727594495 39.945362091 1.194486380
39.894088745 -2.591882229 39.912887573 -3.092347622 39.912899017 -0.704818010 39.932445526 1.189472556 0.000000000 0.000000000 39.957603455 -0.436326325 39.946060181 -2.222908974 39.967224121 -2.112064362 39.934822083 -2.594964266 0.000000000 0.000000000 39.920272827 -0.701394081 39.900012970 1.230386972 0.000000000 0.000000000 39.857082367 -0.395054966 39.924724579 -2.227460384 39.938758850 -2.122475147 39.924045563 -2.614942312 39.931018829 -3.118808270 39.925502777 -0.722525239 39.947181702 1.198591828
39.893978119 -2.590453386 19.955059052 -3.092512608 39.912685394 -0.700054169 39.927223206 1.190786719 0.000000000 0.000000000 39.959636688 -0.439388961 39.950813293 -2.223567963 39.965583801 -2.112766266 39.933650970 -2.592489004 0.000000000 0.000000000 39.920494080 -0.695420504 39.891498566 1.234496236 0.000000000 0.000000000 39.858631134 -0.393314004 39.929519653 -2.224380016 39.944961548 -2.121823788 39.923244476 -2.611731052 39.933322906 -3.120353460 39.925029755 -0.717573762 39.948619843 1.201916814
39.898349762 -2.588962317 0.000000000 0.000000000 39.913002014 -0.695756376 39.922027588 1.191442609 0.000000000 0.000000000 39.958133698 -0.440993786 39.954956055 -2.224181175 39.962692261 -2.113327026 39.932258606 -2.588924885 0.000000000 0.000000000 39.920509338 -0.689758182 39.882606506 1.238824606 0.000000000 0.000000000 39.857879639 -0.391747326 19.966505051 -2.222581625 39.950584412 -2.121235371 39.923835754 -2.609230995 19.967119217 -3.120713234 39.923816681 -0.712619245 39.951316833 1.205658197
39.901538849 -2.586709738 0.000000000 0.000000000 39.913356781 -0.692049086 39.917644501 1.192007780 0.000000000 0.000000000 39.957809448 -0.441048265 39.954925537 -2.226087809 39.959205627 -2.113522291 39.931541443 -2.584543943 0.000000000 0.000000000 39.921321869 -0.684323013 39.873901367 1.243053198 0.000000000 0.000000000 39.858825684 -0.391323328 0.000000000 0.000000000 39.954887390 -2.121133327 39.923069000 -2.608150005 0.000000000 0.000000000 39.922512054 -0.708150387 39.953632355 1.210370064
39.904552460 -2.584356785 0.000000000 0.000000000 39.914535522 -0.688831329 39.914215088 1.193881989 0.000000000 0.000000000 39.960216522 -0.441104293 39.955696106 -2.229139805 39.955547333 -2.112971067 39.932819366 -2.580601931 0.000000000 0.000000000 39.923030853 -0.679208159 39.869644165 1.246523619 0.000000000 0.000000000 39.866119385 -0.391926944 0.000000000 0.000000000 39.957843781 -2.120801210 39.921283722 -2.607954979 0.000000000 0.000000000 39.921642303 -0.704190314 39.955165863 1.215896487
39.905857086 -2.582686901 0.000000000 0.000000000 39.916069031 -0.686227620 39.909866333 1.196074843 0.000000000 0.000000000 39.959079742 -0.441151470 19.978719711 -2.230941772 39.949832916 -2.111399174 39.934459686 -2.577642202 0.000000000 0.000000000 39.924827576 -0.674308836 39.864898682 1.248227596 0.000000000 0.000000000 39.874984741 -0.392464489 0.000000000 0.000000000 39.959636688 -2.121239424 39.920566559 -2.607504845 0.000000000 0.000000000 39.921741486 -0.700702846 39.956916809 1.222161055
39.905525208 -2.581115961 0.000000000 0.000000000 39.918037415 -0.683956027 39.905689240 1.198563576 0.000000000 0.000000000 39.957290649 -0.439838499 0.000000000 0.000000000 39.944725037 -2.110175610 39.936450958 -2.575764894 0.000000000 0.000000000 39.927307129 -0.670078397 39.858142853 1.249752760 0.000000000 0.000000000 39.883300781 -0.391566813 0.000000000 0.000000000 39.960910797 -2.122618437 39.920879364 -2.606621265 0.000000000 0.000000000 39.922180176 -0.697318256 39.958629608 1.228037477
39.905857086 -2.578862429 0.000000000 0.000000000 39.920188904 -0.681429207 39.902374268 1.202157497 0.000000000 0.000000000 39.959095001 -0.438281685 0.000000000 0.000000000 39.942695618 -2.109956741 39.939842224 -2.574890614 0.000000000 0.000000000 39.931026459 -0.666693807 39.857059479 1.251098990 0.000000000 0.000000000 39.886066437 -0.389403462 0.000000000 0.000000000 39.962223053 -2.124823570 39.922615051 -2.606398106 0.000000000 0.000000000 39.922626495 -0.693465948 39.959049225 1.233549833
39.905899048 -2.575486898 0.000000000 0.000000000 39.921390533 -0.679084241 39.896034241 1.205341458 0.000000000 0.000000000 39.960662842 -0.436526567 0.000000000 0.000000000 39.942466736 -2.109426022 39.943813324 -2.573654175 0.000000000 0.000000000 39.933776855 -0.663512349 39.860977173 1.251728296 0.000000000 0.000000000 39.888401031 -0.386106849 0.000000000 0.000000000 39.964759827 -2.127894163 39.924732208 -2.606638432 0.000000000 0.000000000 39.922939301 -0.689351320 39.957775116 1.238616824
39.902462006 -2.572293758 0.000000000 0.000000000 39.921115875 -0.677028418 39.890613556 1.207974792 0.000000000 0.000000000 19.980291367 -0.435364872 0.000000000 0.000000000 39.944370270 -2.109148264 39.946006775 -2.571526289 0.000000000 0.000000000 39.935409546 -0.660244942 39.861675262 1.252653122 0.000000000 0.000000000 39.890525818 -0.383180022 0.000000000 0.000000000 39.969539642 -2.130736828 39.926307678 -2.606541872 0.000000000 0.000000000 39.924949646 -0.684821129 39.955848694 1.241910934
39.898265839 -2.569258451 0.000000000 0.000000000 39.921966553 -0.674659729 39.886634827 1.210227489 0.000000000 0.000000000 0.000000000 0.000000000 0.000000000 0.000000000 39.946643829 -2.108900547 39.946781158 -2.568727493 0.000000000 0.000000000 39.936614990 -0.657438159 39.858036041 1.253960848 0.000000000 0.000000000 39.888725281 -0.381961167 0.000000000 0.000000000 39.974975586 -2.132274151 39.928791046 -2.605867624 0.000000000 0.000000000 39.927692413 -0.679899991 39.953540802 1.244311571
39.897670746 -2.565395117 0.000000000 0.000000000 39.923427582 -0.671775579 39.884010315 1.211314559 0.000000000 0.000000000 0.000000000 0.000000000 0.000000000 0.000000000 39.946506500 -2.108671427 39.947303772 -2.566484451 0.000000000 0.000000000 39.937721252 -0.655044317 39.854328156 1.254687786 0.000000000 0.000000000 19.943336487 -0.381750971 0.000000000 0.000000000 39.977817535 -2.133618593 39.930522919 -2.604986668 0.000000000 0.000000000 39.928638458 -0.675015450 39.949756622 1.246407866
39.901523590 -2.561663628 0.000000000 0.000000000 39.924068451 -0.668349445 39.885002136 1.211683512 0.000000000 0.000000000 0.000000000 0.000000000 0.000000000 0.000000000 39.946788788 -2.108489275 39.947967529 -2.564495564 0.000000000 0.000000000 39.936058044 -0.652477026 39.856105804 1.253961086 0.000000000 0.000000000 0.000000000 0.000000000 0.000000000 0.000000000 39.979091644 -2.136181831 39.931076050 -2.604634762 0.000000000 0.000000000 39.929424286 -0.670231462 39.944232941 1.248069763
39.904796600 -2.558197975 0.000000000 0.000000000 39.926013947 -0.664615631 39.888805389 1.211081862 0.000000000 0.000000000 0.000000000 0.000000000 0.000000000 0.000000000 39.947071075 -2.108307362 39.948104858 -2.561751604 0.000000000 0.000000000 39.936008453 -0.649941504 39.858879089 1.251936674 0.000000000 0.000000000 0.000000000 0.000000000 0.000000000 0.000000000 39.979442596 -2.139832735 39.929775238 -2.604868889 0.000000000 0.000000000 39.928688049 -0.665592790 39.940937042 1.249475837
39.907093048 -2.554429054 0.000000000 0.000000000 39.927581787 -0.660764992 39.893779755 1.210229635 0.000000000 0.000000000 0.000000000 0.000000000 0.000000000 0.000000000 39.946804047 -2.109503269 39.946170807 -2.559348106 0.000000000 0.000000000 39.939083099 -0.647754133 39.860836029 1.248774648 0.000000000 0.000000000 0.000000000 0.000000000 0.000000000 0.000000000 39.978992462 -2.143868446 39.927467346 -2.605025768 0.000000000 0.000000000 39.928089142 -0.660968065 39.940368652 1.249954224
39.910293579 -2.550702572 0.000000000 0.000000000 39.927474976 -0.656553090 39.899135590 1.210263848 0.000000000 0.000000000 0.000000000 0.000000000 0.000000000 0.000000000 39.949321747 -2.111941576 39.941364288 -2.558225632 0.000000000 0.000000000 39.939762115 -0.645290613 39.862758636 1.245980859 0.000000000 0.000000000 0.000000000 0.000000000 0.000000000 0.000000000 39.977294922 -2.146878719 39.926486969 -2.604379654 0.000000000 0.000000000 39.928230286 -0.656364799 39.941162109 1.250379562
39.916580200 -2.546692371 0.000000000 0.000000000 39.927658081 -0.651849091 39.907444000 1.211273909 0.000000000 0.000000000 0.000000000 0.000000000 0.000000000 0.000000000 39.953140259 -2.114113331 39.933307648 -2.558587074 0.000000000 0.000000000 39.939598083 -0.642370224 39.865043640 1.244853020 0.000000000 0.000000000 0.000000000 0.000000000 0.000000000 0.000000000 39.972953796 -2.149537086 39.925853729 -2.603898525 0.000000000 0.000000000 39.928249359 -0.651780248 39.943897247 1.250901222
39.925865173 -2.542325497 0.000000000 0.000000000 39.927711487 -0.646819830 39.918075562 1.212043524 0.000000000 0.000000000 0.000000000 0.000000000 0.000000000 0.000000000 39.957454681 -2.114690781 39.925361633 -2.559416771 0.000000000 0.000000000 39.939804077 -0.639297068 39.871162415 1.245211840 0.000000000 0.000000000 0.000000000 0.000000000 0.000000000 0.000000000 39.966430664 -2.151907682 39.926490784 -2.603454113 0.000000000 0.000000000 39.928546906 -0.647532046 39.948680878 1.250152111
39.935108185 -2.539014101 0.000000000 0.000000000 39.926826477 -0.641674340 39.929229736 1.212735891 0.000000000 0.000000000 0.000000000 0.000000000 0.000000000 0.000000000 39.961483002 -2.113809109 39.918560028 -2.559286356 0.000000000 0.000000000 39.940246582 -0.635884643 39.877292633 1.245522141 0.000000000 0.000000000 0.000000000 0.000000000 0.000000000 0.000000000 39.958065033 -2.154020309 39.928955078 -2.602427006 0.000000000 0.000000000 39.928955078 -0.643582106 39.953689575 1.248132706
39.942787170 -2.536259651 0.000000000 0.000000000 39.926208496 -0.636733532 39.941059113 1.213646054 0.000000000 0.000000000 0.000000000 0.000000000 0.000000000 0.000000000 39.963043213 -2.112216473 39.912609100 -2.558762312 0.000000000 0.000000000 39.939754486 -0.632592738 39.883625031 1.245817900 0.000000000 0.000000000 0.000000000 0.000000000 0.000000000 0.000000000 39.947498322 -2.157273293 39.929138184 -2.600665331 0.000000000 0.000000000 39.928916931 -0.639442682 39.955165863 1.244954109
39.947090149 -2.533558369 0.000000000 0.000000000 39.924896240 -0.631709576 39.952301025 1.214028239 0.000000000 0.000000000 0.000000000 0.000000000 0.000000000 0.000000000 39.963439941 -2.111372948 39.909683228 -2.558095694 0.000000000 0.000000000 39.936084747 -0.629423261 39.893051147 1.246075153 0.000000000 0.000000000 0.000000000 0.000000000 0.000000000 0.000000000 39.934116364 -2.160159588 39.926296234 -2.598472118 0.000000000 0.000000000 39.930599213 -0.634771585 39.954242706 1.242123246
39.949592590 -2.531972647 0.000000000 0.000000000 39.923263550 -0.626483083 39.962497711 1.213781118 0.000000000 0.000000000 0.000000000 0.000000000 0.000000000 0.000000000 39.964500427 -2.111980438 39.906791687 -2.557484150 0.000000000 0.000000000 39.934047699 -0.625891507 39.901897430 1.244939089 0.000000000 0.000000000 0.000000000 0.000000000 0.000000000 0.000000000 39.916774750 -2.161351919 39.920589447 -2.596817970 0.000000000 0.000000000 39.932605743 -0.629978478 39.951007843 1.239624858
39.950992584 -2.530776024 0.000000000 0.000000000 39.922470093 -0.621260762 39.971775055 1.213639498 0.000000000 0.000000000 0.000000000 0.000000000 0.000000000 0.000000000 39.962844849 -2.112504482 39.904289246 -2.557163000 0.000000000 0.000000000 39.934761047 -0.622149646 39.912818909 1.242560863 0.000000000 0.000000000 0.000000000 0.000000000 0.000000000 0.000000000 39.897438049 -2.162414074 39.912937164 -2.594894648 0.000000000 0.000000000 39.932010651 -0.625324965 39.945949554 1.237415433
39.948146820 -2.529041767 0.000000000 0.000000000 39.922561646 -0.616229415 39.978912354 1.213510513 0.000000000 0.000000000 0.000000000 0.000000000 0.000000000 0.000000000 39.960781097 -2.112981319 39.905750275 -2.555944443 0.000000000 0.000000000 39.934055328 -0.618311942 39.927436829 1.240213871 0.000000000 0.000000000 0.000000000 0.000000000 0.000000000 0.000000000 39.882526398 -2.163366079 39.904251099 -2.591934919 0.000000000 0.000000000 39.930751801 -0.620473385 39.939155579 1.236693382
39.946346283 -2.527884483 0.000000000 0.000000000 39.923671722 -0.611571372 39.983585358 1.212413311 0.000000000 0.000000000 0.000000000 0.000000000 0.000000000 0.000000000 39.961860657 -2.113410950 39.910224915 -2.554449081 0.000000000 0.000000000 39.932922363 -0.614716589 39.940319061 1.237916350 0.000000000 0.000000000 0.000000000 0.000000000 0.000000000 0.000000000 39.872108459 -2.162840843 39.892391205 -2.588272333 0.000000000 0.000000000 39.930030823 -0.616096854 39.930931091 1.237333655
39.948127747 -2.527714968 0.000000000 0.000000000 39.925605774 -0.607193649 39.987701416 1.210446358 0.000000000 0.000000000 0.000000000 0.000000000 0.000000000 0.000000000 39.965770721 -2.113780022 39.917491913 -2.553375959 0.000000000 0.000000000 39.931167603 -0.611439764 39.953491211 1.235475421 0.000000000 0.000000000 0.000000000 0.000000000 0.000000000 0.000000000 39.861206055 -2.162379026 39.881950378 -2.583877563 0.000000000 0.000000000 39.930049896 -0.612224877 39.920776367 1.238022089
39.949886322 -2.527652502 0.000000000 0.000000000 39.928028107 -0.603749335 39.992019653 1.208692551 0.000000000 0.000000000 0.000000000 0.000000000 0.000000000 0.000000000 39.968212128 -2.114117622 39.925010681 -2.551718235 0.000000000 0.000000000 39.930599213 -0.608056188 39.966560364 1.232968330 0.000000000 0.000000000 0.000000000 0.000000000 0.000000000 0.000000000 39.847553253 -2.162775278 39.873497009 -2.579834223 0.000000000 0.000000000 39.930427551 -0.608264089 39.907356262 1.238714933
39.950172424 -2.528199673 0.000000000 0.000000000 39.930667877 -0.600810111 39.995872498 1.208223104 0.000000000 0.000000000 0.000000000 0.000000000 0.000000000 0.000000000 39.970241547 -2.113462687 39.932277679 -2.549635887 0.000000000 0.000000000 39.930244446 -0.604435325 39.976455688 1.229379654 0.000000000 0.000000000 0.000000000 0.000000000 0.000000000 0.000000000 39.834655762 -2.162568331 39.865352631 -2.576259851 0.000000000 0.000000000 39.931083679 -0.604290843 39.893016815 1.239335299
39.948871613 -2.530053139 0.000000000 0.000000000 39.933185577 -0.597528040 39.997772217 1.207539201 0.000000000 0.000000000 0.000000000 0.000000000 0.000000000 0.000000000 39.972530365 -2.113321304 39.939922333 -2.547765493 0.000000000 0.000000000 39.929840088 -0.600509346 39.981628418 1.224804640 0.000000000 0.000000000 0.000000000 0.000000000 0.000000000 0.000000000 39.828208923 -2.161034584 39.862262726 -2.572534561 0.000000000 0.000000000 39.930999756 -0.600118935 39.881637573 1.239318132
39.948066711 -2.531973839 0.000000000 0.000000000 39.935859680 -0.594509244 39.999252319 1.206883907 0.000000000 0.000000000 0.000000000 0.000000000 0.000000000 0.000000000 19.986070633 -2.113630295 39.946952820 -2.546441078 0.000000000 0.000000000 39.930316925 -0.596375525 39.985160828 1.219379187 0.000000000 0.000000000 0.000000000 0.000000000 0.000000000 0.000000000 19.913560867 -2.159946442 39.863529205 -2.568519115 0.000000000 0.000000000 39.930839539 -0.595904827 39.872474670 1.240080714
39.946895599 -2.533378363 0.000000000 0.000000000 39.938106537 -0.591283262 40.000328064 1.207628727 0.000000000 0.000000000 0.000000000 0.000000000 0.000000000 0.000000000 0.000000000 0.000000000 39.952648163 -2.545005798 0.000000000 0.000000000 39.932060242 -0.592195213 39.989967346 1.213206410 0.000000000 0.000000000 0.000000000 0.000000000 0.000000000 0.000000000 0.000000000 0.000000000 39.868347168 -2.564168215 0.000000000 0.000000000 39.930156708 -0.591932535 39.864109039 1.242112398
39.940151215 -2.534531116 0.000000000 0.000000000 39.939838409 -0.587650836 40.000003815 1.208294868 0.000000000 0.000000000 0.000000000 0.000000000 0.000000000 0.000000000 0.000000000 0.000000000 39.958827972 -2.543420315 0.000000000 0.000000000 39.934841156 -0.587917805 39.993583679 1.206356287 0.000000000 0.000000000 0.000000000 0.000000000 0.000000000 0.000000000 0.000000000 0.000000000 39.876625061 -2.560160398 0.000000000 0.000000000 39.930614471 -0.588392615 39.861354828 1.243932605
39.935970306 -2.534681797 0.000000000 0.000000000 39.942028046 -0.583946705 40.000011444 1.208768129 0.000000000 0.000000000 0.000000000 0.000000000 0.000000000 0.000000000 0.000000000 0.000000000 39.966083527 -2.543072701 0.000000000 0.000000000 39.937824249 -0.583759725 39.996025085 1.198904753 0.000000000 0.000000000 0.000000000 0.000000000 0.000000000 0.000000000 0.000000000 0.000000000 39.885509491 -2.557236910 0.000000000 0.000000000 39.931186676 -0.585225880 39.859779358 1.245196223
39.938613892 -2.533462048 0.000000000 0.000000000 39.945213318 -0.579632759 39.999546051 1.209057450 0.000000000 0.000000000 0.000000000 0.000000000 0.000000000 0.000000000 0.000000000 0.000000000 39.971267700 -2.543858767 0.000000000 0.000000000 39.939670563 -0.579504490 39.997497559 1.190913439 0.000000000 0.000000000 0.000000000 0.000000000 0.000000000 0.000000000 0.000000000 0.000000000 39.896045685 -2.555176973 0.000000000 0.000000000 39.931076050 -0.582003891 39.853450775 1.246338606
39.938415527 -2.532373428 0.000000000 0.000000000 39.948177338 -0.574734509 39.999771118 1.207966328 0.000000000 0.000000000 0.000000000 0.000000000 0.000000000 0.000000000 0.000000000 0.000000000 39.973529816 -2.544372797 0.000000000 0.000000000 39.941249847 -0.575028956 39.998718262 1.182449341 0.000000000 0.000000000 0.000000000 0.000000000 0.000000000 0.000000000 0.000000000 0.000000000 39.906497955 -2.552824497 0.000000000 0.000000000 39.931629181 -0.579015255 39.848430634 1.246376991
39.935417175 -2.532614708 0.000000000 0.000000000 39.951427460 -0.570065677 40.000450134 1.206976891 0.000000000 0.000000000 0.000000000 0.000000000 0.000000000 0.000000000 0.000000000 0.000000000 39.974349976 -2.544913054 0.000000000 0.000000000 39.941349030 -0.570917428 39.999225616 1.173568487 0.000000000 0.000000000 0.000000000 0.000000000 0.000000000 0.000000000 0.000000000 0.000000000 39.913311005 -2.549685001 0.000000000 0.000000000 39.932388306 -0.576539576 39.849021912 1.246284962
39.929706573 -2.532659292 0.000000000 0.000000000 39.955467224 -0.565579891 39.999641418 1.207458973 0.000000000 0.000000000 0.000000000 0.000000000 0.000000000 0.000000000 0.000000000 0.000000000 39.973342896 -2.545384884 0.000000000 0.000000000 39.942104340 -0.567132413 19.999643326 1.169014215 0.000000000 0.000000000 0.000000000 0.000000000 0.000000000 0.000000000 0.000000000 0.000000000 39.916572571 -2.546719790 0.000000000 0.000000000 39.932636261 -0.574203670 39.849235535 1.246076703
39.924808502 -2.532247543 0.000000000 0.000000000 39.957004547 -0.561020792 39.999279022 1.207912683 0.000000000 0.000000000 0.000000000 0.000000000 0.000000000 0.000000000 0.000000000 0.000000000 39.970203400 -2.544440746 0.000000000 0.000000000 39.944664001 -0.563382208 0.000000000 0.000000000 0.000000000 0.000000000 0.000000000 0.000000000 0.000000000 0.000000000 0.000000000 0.000000000 39.919174194 -2.544879913 0.000000000 0.000000000 39.932254791 -0.571863294 19.924165726 1.245616436
39.921360016 -2.531436682 0.000000000 0.000000000 39.956802368 -0.557095885 39.999526978 1.206951857 0.000000000 0.000000000 0.000000000 0.000000000 0.000000000 0.000000000 0.000000000 0.000000000 39.965618134 -2.543171167 0.000000000 0.000000000 39.946449280 -0.560068309 0.000000000 0.000000000 0.000000000 0.000000000 0.000000000 0.000000000 0.000000000 0.000000000 0.000000000 0.000000000 39.920764923 -2.544222832 0.000000000 0.000000000 39.931930542 -0.569289505 0.000000000 0.000000000
39.919403076 -2.529348612 0.000000000 0.000000000 39.956195831 -0.553725481 39.998504639 1.206076503 0.000000000 0.000000000 0.000000000 0.000000000 0.000000000 0.000000000 0.000000000 0.000000000 39.960510254 -2.542843580 0.000000000 0.000000000 39.948005676 -0.557017028 0.000000000 0.000000000 0.000000000 0.000000000 0.000000000 0.000000000 0.000000000 0.000000000 0.000000000 0.000000000 39.922519684 -2.545001507 0.000000000 0.000000000 39.932601929 -0.566359937 0.000000000 0.000000000
39.921932220 -2.527504921 0.000000000 0.000000000 39.955204010 -0.550350010 39.996730804 1.206663847 0.000000000 0.000000000 0.000000000 0.000000000 0.000000000 0.000000000 0.000000000 0.000000000 39.957408905 -2.543798208 0.000000000 0.000000000 39.949493408 -0.554296374 0.000000000 0.000000000 0.000000000 0.000000000 0.000000000 0.000000000 0.000000000 0.000000000 0.000000000 0.000000000 39.927246094 -2.546379328 0.000000000 0.000000000 39.934097290 -0.563621640 0.000000000 0.000000000
39.925907135 -2.525853395 0.000000000 0.000000000 39.954505920 -0.547334611 19.998012543 1.207310438 0.000000000 0.000000000 0.000000000 0.000000000 0.000000000 0.000000000 0.000000000 0.000000000 39.957191467 -2.545871973 0.000000000 0.000000000 39.951572418 -0.551894188 0.000000000 0.000000000 0.000000000 0.000000000 0.000000000 0.000000000 0.000000000 0.000000000 0.000000000 0.000000000 39.930751801 -2.548269749 0.000000000 0.000000000 39.933246613 -0.560907185 0.000000000 0.000000000
39.928447723 -2.523016691 0.000000000 0.000000000 39.952381134 -0.544614077 0.000000000 0.000000000 0.000000000 0.000000000 0.000000000 0.000000000 0.000000000 0.000000000 0.000000000 0.000000000 39.956539154 -2.547640800 0.000000000 0.000000000 39.952960968 -0.549542248 0.000000000 0.000000000 0.000000000 0.000000000 0.000000000 0.000000000 0.000000000 0.000000000 0.000000000 0.000000000 39.931560516 -2.551308393 0.000000000 0.000000000 39.931411743 -0.557708204 0.000000000 0.000000000
39.928581238 -2.520512104 0.000000000 0.000000000 39.950439453 -0.541681051 0.000000000 0.000000000 0.000000000 0.000000000 0.000000000 0.000000000 0.000000000 0.000000000 0.000000000 0.000000000 39.956027985 -2.548424482 0.000000000 0.000000000 39.950561523 -0.547466278 0.000000000 0.000000000 0.000000000 0.000000000 0.000000000 0.000000000 0.000000000 0.000000000 0.000000000 0.000000000 39.929767609 -2.554017067 0.000000000 0.000000000 39.930934906 -0.554242551 0.000000000 0.000000000
39.928127289 -2.519032240 0.000000000 0.000000000 39.950351715 -0.538885415 0.000000000 0.000000000 0.000000000 0.000000000 0.000000000 0.000000000 0.000000000 0.000000000 0.000000000 0.000000000 39.957241058 -2.548297405 0.000000000 0.000000000 39.948955536 -0.545076966 0.000000000 0.000000000 0.000000000 0.000000000 0.000000000 0.000000000 0.000000000 0.000000000 0.000000000 0.000000000 39.924591064 -2.556422472 0.000000000 0.000000000 39.930957794 -0.550704658 0.000000000 0.000000000
39.927810669 -2.517106056 0.000000000 0.000000000 39.950176239 -0.536611140 0.000000000 0.000000000 0.000000000 0.000000000 0.000000000 0.000000000 0.000000000 0.000000000 0.000000000 0.000000000 39.958934784 -2.546869993 0.000000000 0.000000000 39.949386597 -0.542392492 0.000000000 0.000000000 0.000000000 0.000000000 0.000000000 0.000000000 0.000000000 0.000000000 0.000000000 0.000000000 39.919933319 -2.558567524 0.000000000 0.000000000 39.931106567 -0.547136784 0.000000000 0.000000000
39.925613403 -2.514519930 0.000000000 0.000000000 39.949001312 -0.534780800 0.000000000 0.000000000 0.000000000 0.000000000 0.000000000 0.000000000 0.000000000 0.000000000 0.000000000 0.000000000 39.959442139 -2.544239283 0.000000000 0.000000000 39.946079254 -0.539554775 0.000000000 0.000000000 0.000000000 0.000000000 0.000000000 0.000000000 0.000000000 0.000000000 0.000000000 0.000000000 39.915813446 -2.560476303 0.000000000 0.000000000 39.933494568 -0.543596387 0.000000000 0.000000000
39.925289154 -2.512709856 0.000000000 0.000000000 39.946983337 -0.533089042 0.000000000 0.000000000 0.000000000 0.000000000 0.000000000 0.000000000 0.000000000 0.000000000 0.000000000 0.000000000 39.958396912 -2.541892052 0.000000000 0.000000000 39.943656921 -0.536814928 0.000000000 0.000000000 0.000000000 0.000000000 0.000000000 0.000000000 0.000000000 0.000000000 0.000000000 0.000000000 39.907634735 -2.562463045 0.000000000 0.000000000 39.937591553 -0.540002763 0.000000000 0.000000000
39.923809052 -2.512475014 0.000000000 0.000000000 39.945209503 -0.531749606 0.000000000 0.000000000 0.000000000 0.000000000 0.000000000 0.000000000 0.000000000 0.000000000 0.000000000 0.000000000 39.956954956 -2.541025162 0.000000000 0.000000000 39.941696167 -0.534036815 0.000000000 0.000000000 0.000000000 0.000000000 0.000000000 0.000000000 0.000000000 0.000000000 0.000000000 0.000000000 39.896640778 -2.564424753 0.000000000 0.000000000 39.941349030 -0.536493659 0.000000000 0.000000000
39.920406342 -2.513632059 0.000000000 0.000000000 39.942996979 -0.530524015 0.000000000 0.000000000 0.000000000 0.000000000 0.000000000 0.000000000 0.000000000 0.000000000 0.000000000 0.000000000 39.955154419 -2.540739536 0.000000000 0.000000000 39.938774109 -0.530887246 0.000000000 0.000000000 0.000000000 0.000000000 0.000000000 0.000000000 0.000000000 0.000000000 0.000000000 0.000000000 39.885799408 -2.566050053 0.000000000 0.000000000 39.943367004 -0.533461809 0.000000000 0.000000000
39.921276093 -2.516026497 0.000000000 0.000000000 39.938846588 -0.528849423 0.000000000 0.000000000 0.000000000 0.000000000 0.000000000 0.000000000 0.000000000 0.000000000 0.000000000 0.000000000 39.954456329 -2.541116476 0.000000000 0.000000000 39.937034607 -0.527831912 0.000000000 0.000000000 0.000000000 0.000000000 0.000000000 0.000000000 0.000000000 0.000000000 0.000000000 0.000000000 39.878929138 -2.567160368 0.000000000 0.000000000 39.944614410 -0.531226695 0.000000000 0.000000000
39.925262451 -2.518293619 0.000000000 0.000000000 39.934898376 -0.527102470 0.000000000 0.000000000 0.000000000 0.000000000 0.000000000 0.000000000 0.000000000 0.000000000 0.000000000 0.000000000 39.954532623 -2.542385578 0.000000000 0.000000000 39.936588287 -0.525151491 0.000000000 0.000000000 0.000000000 0.000000000 0.000000000 0.000000000 0.000000000 0.000000000 0.000000000 0.000000000 39.873485565 -2.567878723 0.000000000 0.000000000 39.945545197 -0.529317796 0.000000000 0.000000000
39.928249359 -2.520444870 0.000000000 0.000000000 39.931922913 -0.525254548 0.000000000 0.000000000 0.000000000 0.000000000 0.000000000 0.000000000 0.000000000 0.000000000 0.000000000 0.000000000 39.952377319 -2.543060780 0.000000000 0.000000000 39.938476562 -0.522759020 0.000000000 0.000000000 0.000000000 0.000000000 0.000000000 0.000000000 0.000000000 0.000000000 0.000000000 0.000000000 39.864059448 -2.568413973 0.000000000 0.000000000 39.946220398 -0.527574003 0.000000000 0.000000000
39.927650452 -2.522359610 0.000000000 0.000000000 39.928833008 -0.523074627 0.000000000 0.000000000 0.000000000 0.000000000 0.000000000 0.000000000 0.000000000 0.000000000 0.000000000 0.000000000 39.946788788 -2.542290211 0.000000000 0.000000000 39.940845490 -0.520116568 0.000000000 0.000000000 0.000000000 0.000000000 0.000000000 0.000000000 0.000000000 0.000000000 0.000000000 0.000000000 39.855468750 -2.570105553 0.000000000 0.000000000 39.947177887 -0.526004612 0.000000000 0.000000000
39.924728394 -2.524071217 0.000000000 0.000000000 39.926551819 -0.520444930 0.000000000 0.000000000 0.000000000 0.000000000 0.000000000 0.000000000 0.000000000 0.000000000 0.000000000 0.000000000 39.942150116 -2.540673971 0.000000000 0.000000000 39.942981720 -0.517235637 0.000000000 0.000000000 0.000000000 0.000000000 0.000000000 0.000000000 0.000000000 0.000000000 0.000000000 0.000000000 39.852874756 -2.571624517 0.000000000 0.000000000 39.948551178 -0.524113059 0.000000000 0.000000000
39.927936554 -2.526947021 0.000000000 0.000000000 39.925018311 -0.517526805 0.000000000 0.000000000 0.000000000 0.000000000 0.000000000 0.000000000 0.000000000 0.000000000 0.000000000 0.000000000 39.937793732 -2.539644718 0.000000000 0.000000000 39.945449829 -0.514355004 0.000000000 0.000000000 0.000000000 0.000000000 0.000000000 0.000000000 0.000000000 0.000000000 0.000000000 0.000000000 39.855052948 -2.571595907 0.000000000 0.000000000 39.950443268 -0.521916568 0.000000000 0.000000000
39.934906006 -2.530871630 0.000000000 0.000000000 39.923629761 -0.514242411 0.000000000 0.000000000 0.000000000 0.000000000 0.000000000 0.000000000 0.000000000 0.000000000 0.000000000 0.000000000 39.930103302 -2.540086985 0.000000000 0.000000000 39.946922302 -0.511353254 0.000000000 0.000000000 0.000000000 0.000000000 0.000000000 0.000000000 0.000000000 0.000000000 0.000000000 0.000000000 39.861469269 -2.571571827 0.000000000 0.000000000 39.952220917 -0.519460678 0.000000000 0.000000000
19.968526840 -2.533090353 0.000000000 0.000000000 39.922039032 -0.510476053 0.000000000 0.000000000 0.000000000 0.000000000 0.000000000 0.000000000 0.000000000 0.000000000 0.000000000 0.000000000 39.923793793 -2.541859627 0.000000000 0.000000000 39.946212769 -0.508457184 0.000000000 0.000000000 0.000000000 0.000000000 0.000000000 0.000000000 0.000000000 0.000000000 0.000000000 0.000000000 39.871276855 -2.572919846 0.000000000 0.000000000 39.952503204 -0.516959429 0.000000000 0.000000000
0.000000000 0.000000000 0.000000000 0.000000000 39.921253204 -0.506531239 0.000000000 0.000000000 0.000000000 0.000000000 0.000000000 0.000000000 0.000000000 0.000000000 0.000000000 0.000000000 39.920726776 -2.544795275 0.000000000 0.000000000 39.943569183 -0.505836964 0.000000000 0.000000000 0.000000000 0.000000000 0.000000000 0.000000000 0.000000000 0.000000000 0.000000000 0.000000000 39.883029938 -2.575476170 0.000000000 0.000000000 39.952369690 -0.514397562 0.000000000 0.000000000
0.000000000 0.000000000 0.000000000 0.000000000 39.922588348 -0.502495885 0.000000000 0.000000000 0.000000000 0.000000000 0.000000000 0.000000000 0.000000000 0.000000000 0.000000000 0.000000000 39.921680450 -2.548770905 0.000000000 0.000000000 39.942428589 -0.503129721 0.000000000 0.000000000 0.000000000 0.000000000 0.000000000 0.000000000 0.000000000 0.000000000 0.000000000 0.000000000 39.896812439 -2.577760458 0.000000000 0.000000000 39.952430725 -0.511661291 0.000000000 0.000000000
0.000000000 0.000000000 0.000000000 0.000000000 39.925254822 -0.498556137 0.000000000 0.000000000 0.000000000 0.000000000 0.000000000 0.000000000 0.000000000 0.000000000 0.000000000 0.000000000 39.925785065 -2.553670645 0.000000000 0.000000000 39.942535400 -0.500513792 0.000000000 0.000000000 0.000000000 0.000000000 0.000000000 0.000000000 0.000000000 0.000000000 0.000000000 0.000000000 39.908664703 -2.579783440 0.000000000 0.000000000 39.951499939 -0.508663237 0.000000000 0.000000000
0.000000000 0.000000000 0.000000000 0.000000000 39.928325653 -0.494446069 0.000000000 0.000000000 0.000000000 0.000000000 0.000000000 0.000000000 0.000000000 0.000000000 0.000000000 0.000000000 39.931873322 -2.559391499 0.000000000 0.000000000 39.941413879 -0.498196661 0.000000000 0.000000000 0.000000000 0.000000000 0.000000000 0.000000000 0.000000000 0.000000000 0.000000000 0.000000000 39.914840698 -2.581578255 0.000000000 0.000000000 39.951427460 -0.505308926 0.000000000 0.000000000
0.000000000 0.000000000 0.000000000 0.000000000 39.932048798 -0.490822256 0.000000000 0.000000000 0.000000000 0.000000000 0.000000000 0.000000000 0.000000000 0.000000000 0.000000000 0.000000000 19.968162537 -2.562453508 0.000000000 0.000000000 39.940246582 -0.495674491 0.000000000 0.000000000 0.000000000 0.000000000 0.000000000 0.000000000 0.000000000 0.000000000 0.000000000 0.000000000 39.919555664 -2.583176613 0.000000000 0.000000000 39.951484680 -0.501924217 0.000000000 0.000000000
0.000000000 0.000000000 0.000000000 0.000000000 39.936847687 -0.488333732 0.000000000 0.000000000 0.000000000 0.000000000 0.000000000 0.000000000 0.000000000 0.000000000 0.000000000 0.000000000 0.000000000 0.000000000 0.000000000 0.000000000 39.940265656 -0.492549777 0.000000000 0.000000000 0.000000000 0.000000000 0.000000000 0.000000000 0.000000000 0.000000000 0.000000000 0.000000000 19.961380005 -2.584289789 0.000000000 0.000000000 39.950592041 -0.498315185 0.000000000 0.000000000
0.000000000 0.000000000 0.000000000 0.000000000 39.941738129 -0.485986024 0.000000000 0.000000000 0.000000000 0.000000000 0.000000000 0.000000000 0.000000000 0.000000000 0.000000000 0.000000000 0.000000000 0.000000000 0.000000000 0.000000000 39.939868927 -0.489435941 0.000000000 0.000000000 0.000000000 0.000000000 0.000000000 0.000000000 0.000000000 0.000000000 0.000000000 0.000000000 0.000000000 0.000000000 0.000000000 0.000000000 39.949234009 -0.494788855 0.000000000 0.000000000
0.000000000 0.000000000 0.000000000 0.000000000 39.945800781 -0.482997000 0.000000000 0.000000000 0.000000000 0.000000000 0.000000000 0.000000000 0.000000000 0.000000000 0.000000000 0.000000000 0.000000000 0.000000000 0.000000000 0.000000000 39.939487457 -0.486811042 0.000000000 0.000000000 0.000000000 0.000000000 0.000000000 0.000000000 0.000000000 0.000000000 0.000000000 0.000000000 0.000000000 0.000000000 0.000000000 0.000000000 39.946136475 -0.491708159 0.000000000 0.000000000
0.000000000 0.000000000 0.000000000 0.000000000 39.949394226 -0.479571640 0.000000000 0.000000000 0.000000000 0.000000000 0.000000000 0.000000000 0.000000000 0.000000000 0.000000000 0.000000000 0.000000000 0.000000000 0.000000000 0.000000000 39.936836243 -0.484081447 0.000000000 0.000000000 0.000000000 0.000000000 0.000000000 0.000000000 0.000000000 0.000000000 0.000000000 0.000000000 0.000000000 0.000000000 0.000000000 0.000000000 39.942707062 -0.488463402 0.000000000 0.000000000
0.000000000 0.000000000 0.000000000 0.000000000 39.952369690 -0.476160854 0.000000000 0.000000000 0.000000000 0.000000000 0.000000000 0.000000000 0.000000000 0.000000000 0.000000000 0.000000000 0.000000000 0.000000000 0.000000000 0.000000000 39.936504364 -0.481118232 0.000000000 0.000000000 0.000000000 0.000000000 0.000000000 0.000000000 0.000000000 0.000000000 0.000000000 0.000000000 0.000000000 0.000000000 0.000000000 0.000000000 39.940868378 -0.485306382 0.000000000 0.000000000
0.000000000 0.000000000 0.000000000 0.000000000 39.955368042 -0.473030895 0.000000000 0.000000000 0.000000000 0.000000000 0.000000000 0.000000000 0.000000000 0.000000000 0.000000000 0.000000000 0.000000000 0.000000000 0.000000000 0.000000000 39.939773560 -0.478112787 0.000000000 0.000000000 0.000000000 0.000000000 0.000000000 0.000000000 0.000000000 0.000000000 0.000000000 0.000000000 0.000000000 0.000000000 0.000000000 0.000000000 39.938678741 -0.482607424 0.000000000 0.000000000
0.000000000 0.000000000 0.000000000 0.000000000 39.958911896 -0.470482022 0.000000000 0.000000000 0.000000000 0.000000000 0.000000000 0.000000000 0.000000000 0.000000000 0.000000000 0.000000000 0.000000000 0.000000000 0.000000000 0.000000000 39.940898895 -0.475002617 0.000000000 0.000000000 0.000000000 0.000000000 0.000000000 0.000000000 0.000000000 0.000000000 0.000000000 0.000000000 0.000000000 0.000000000 0.000000000 0.000000000 39.936145782 -0.480192125 0.000000000 0.000000000
0.000000000 0.000000000 0.000000000 0.000000000 39.961696625 -0.468357235 0.000000000 0.000000000 0.000000000 0.000000000 0.000000000 0.000000000 0.000000000 0.000000000 0.000000000 0.000000000 0.000000000 0.000000000 0.000000000 0.000000000 39.941665649 -0.472108096 0.000000000 0.000000000 0.000000000 0.000000000 0.000000000 0.000000000 0.000000000 0.000000000 0.000000000 0.000000000 0.000000000 0.000000000 0.000000000 0.000000000 39.934585571 -0.477629304 0.000000000 0.000000000
0.000000000 0.000000000 0.000000000 0.000000000 39.963890076 -0.466652870 0.000000000 0.000000000 0.000000000 0.000000000 0.000000000 0.000000000 0.000000000 0.000000000 0.000000000 0.000000000 0.000000000 0.000000000 0.000000000 0.000000000 39.940681458 -0.469651401 0.000000000 0.000000000 0.000000000 0.000000000 0.000000000 0.000000000 0.000000000 0.000000000 0.000000000 0.000000000 0.000000000 0.000000000 0.000000000 0.000000000 39.934837341 -0.474874437 0.000000000 0.000000000
0.000000000 0.000000000 0.000000000 0.000000000 39.964839935 -0.464999944 0.000000000 0.000000000 0.000000000 0.000000000 0.000000000 0.000000000 0.000000000 0.000000000 0.000000000 0.000000000 0.000000000 0.000000000 0.000000000 0.000000000 39.938865662 -0.467310846 0.000000000 0.000000000 0.000000000 0.000000000 0.000000000 0.000000000 0.000000000 0.000000000 0.000000000 0.000000000 0.000000000 0.000000000 0.000000000 0.000000000 39.937164307 -0.472508878 0.000000000 0.000000000
0.000000000 0.000000000 0.000000000 0.000000000 39.965366364 -0.462670952 0.000000000 0.000000000 0.000000000 0.000000000 0.000000000 0.000000000 0.000000000 0.000000000 0.000000000 0.000000000 0.000000000 0.000000000 0.000000000 0.000000000 39.937831879 -0.465236634 0.000000000 0.000000000 0.000000000 0.000000000 0.000000000 0.000000000 0.000000000 0.000000000 0.000000000 0.000000000 0.000000000 0.000000000 0.000000000 0.000000000 39.940330505 -0.470410049 0.000000000 0.000000000
0.000000000 0.000000000 0.000000000 0.000000000 39.965621948 -0.459939003 0.000000000 0.000000000 0.000000000 0.000000000 0.000000000 0.000000000 0.000000000 0.000000000 0.000000000 0.000000000 0.000000000 0.000000000 0.000000000 0.000000000 39.936962128 -0.463606596 0.000000000 0.000000000 0.000000000 0.000000000 0.000000000 0.000000000 0.000000000 0.000000000 0.000000000 0.000000000 0.000000000 0.000000000 0.000000000 0.000000000 39.943679810 -0.468345702 0.000000000 0.000000000
0.000000000 0.000000000 0.000000000 0.000000000 39.965362549 -0.457183123 0.000000000 0.000000000 0.000000000 0.000000000 0.000000000 0.000000000 0.000000000 0.000000000 0.000000000 0.000000000 0.000000000 0.000000000 0.000000000 0.000000000 39.937282562 -0.462065369 0.000000000 0.000000000 0.000000000 0.000000000 0.000000000 0.000000000 0.000000000 0.000000000 0.000000000 0.000000000 0.000000000 0.000000000 0.000000000 0.000000000 39.946659088 -0.466356933 0.000000000 0.000000000
0.000000000 0.000000000 0.000000000 0.000000000 39.965095520 -0.454532981 0.000000000 0.000000000 0.000000000 0.000000000 0.000000000 0.000000000 0.000000000 0.000000000 0.000000000 0.000000000 0.000000000 0.000000000 0.000000000 0.000000000 39.938816071 -0.460339755 0.000000000 0.000000000 0.000000000 0.000000000 0.000000000 0.000000000 0.000000000 0.000000000 0.000000000 0.000000000 0.000000000 0.000000000 0.000000000 0.000000000 39.949802399 -0.464470923 0.000000000 0.000000000
0.000000000 0.000000000 0.000000000 0.000000000 39.964630127 -0.452330083 0.000000000 0.000000000 0.000000000 0.000000000 0.000000000 0.000000000 0.000000000 0.000000000 0.000000000 0.000000000 0.000000000 0.000000000 0.000000000 0.000000000 39.940525055 -0.458340913 0.000000000 0.000000000 0.000000000 0.000000000 0.000000000 0.000000000 0.000000000 0.000000000 0.000000000 0.000000000 0.000000000 0.000000000 0.000000000 0.000000000 39.952278137 -0.462356329 0.000000000 0.000000000
0.000000000 0.000000000 0.000000000 0.000000000 39.965003967 -0.450458676 0.000000000 0.000000000 0.000000000 0.000000000 0.000000000 0.000000000 0.000000000 0.000000000 0.000000000 0.000000000 0.000000000 0.000000000 0.000000000 0.000000000 39.940780640 -0.456259936 0.000000000 0.000000000 0.000000000 0.000000000 0.000000000 0.000000000 0.000000000 0.000000000 0.000000000 0.000000000 0.000000000 0.000000000 0.000000000 0.000000000 39.954914093 -0.460378677 0.000000000 0.000000000
0.000000000 0.000000000 0.000000000 0.000000000 39.964954376 -0.449068636 0.000000000 0.000000000 0.000000000 0.000000000 0.000000000 0.000000000 0.000000000 0.000000000 0.000000000 0.000000000 0.000000000 0.000000000 0.000000000 0.000000000 39.941196442 -0.454213142 0.000000000 0.000000000 0.000000000 0.000000000 0.000000000 0.000000000 0.000000000 0.000000000 0.000000000 0.000000000 0.000000000 0.000000000 0.000000000 0.000000000 39.957588196 -0.459016055 0.000000000 0.000000000
0.000000000 0.000000000 0.000000000 0.000000000 39.962993622 -0.448244750 0.000000000 0.000000000 0.000000000 0.000000000 0.000000000 0.000000000 0.000000000 0.000000000 0.000000000 0.000000000 0.000000000 0.000000000 0.000000000 0.000000000 39.942035675 -0.452197254 0.000000000 0.000000000 0.000000000 0.000000000 0.000000000 0.000000000 0.000000000 0.000000000 0.000000000 0.000000000 0.000000000 0.000000000 0.000000000 0.000000000 39.958415985 -0.457677245 0.000000000 0.000000000
0.000000000 0.000000000 0.000000000 0.000000000 39.961242676 -0.447554111 0.000000000 0.000000000 0.000000000 0.000000000 0.000000000 0.000000000 0.000000000 0.000000000 0.000000000 0.000000000 0.000000000 0.000000000 0.000000000 0.000000000 39.941699982 -0.450129747 0.000000000 0.000000000 0.000000000 0.000000000 0.000000000 0.000000000 0.000000000 0.000000000 0.000000000 0.000000000 0.000000000 0.000000000 0.000000000 0.000000000 39.958526611 -0.456246108 0.000000000 0.000000000
0.000000000 0.000000000 0.000000000 0.000000000 39.959903717 -0.446689367 0.000000000 0.000000000 0.000000000 0.000000000 0.000000000 0.000000000 0.000000000 0.000000000 0.000000000 0.000000000 0.000000000 0.000000000 0.000000000 0.000000000 39.944503784 -0.447687507 0.000000000 0.000000000 0.000000000 0.000000000 0.000000000 0.000000000 0.000000000 0.000000000 0.000000000 0.000000000 0.000000000 0.000000000 0.000000000 0.000000000 39.958717346 -0.454815030 0.000000000 0.000000000
0.000000000 0.000000000 0.000000000 0.000000000 39.957458496 -0.445499510 0.000000000 0.000000000 0.000000000 0.000000000 0.000000000 0.000000000 0.000000000 0.000000000 0.000000000 0.000000000 0.000000000 0.000000000 0.000000000 0.000000000 39.947334290 -0.444435626 0.000000000 0.000000000 0.000000000 0.000000000 0.000000000 0.000000000 0.000000000 0.000000000 0.000000000 0.000000000 0.000000000 0.000000000 0.000000000 0.000000000 39.959510803 -0.453445554 0.000000000 0.000000000
0.000000000 0.000000000 0.000000000 0.000000000 39.955955505 -0.444231391 0.000000000 0.000000000 0.000000000 0.000000000 0.000000000 0.000000000 0.000000000 0.000000000 0.000000000 0.000000000 0.000000000 0.000000000 0.000000000 0.000000000 39.947616577 -0.440847725 0.000000000 0.000000000 0.000000000 0.000000000 0.000000000 0.000000000 0.000000000 0.000000000 0.000000000 0.000000000 0.000000000 0.000000000 0.000000000 0.000000000 39.959880829 -0.451980352 0.000000000 0.000000000
0.000000000 0.000000000 0.000000000 0.000000000 39.954246521 -0.442628175 0.000000000 0.000000000 0.000000000 0.000000000 0.000000000 0.000000000 0.000000000 0.000000000 0.000000000 0.000000000 0.000000000 0.000000000 0.000000000 0.000000000 39.946876526 -0.437682658 0.000000000 0.000000000 0.000000000 0.000000000 0.000000000 0.000000000 0.000000000 0.000000000 0.000000000 0.000000000 0.000000000 0.000000000 0.000000000 0.000000000 39.959651947 -0.450251967 0.000000000 0.000000000
0.000000000 0.000000000 0.000000000 0.000000000 39.951385498 -0.440904528 0.000000000 0.000000000 0.000000000 0.000000000 0.000000000 0.000000000 0.000000000 0.000000000 0.000000000 0.000000000 0.000000000 0.000000000 0.000000000 0.000000000 39.946933746 -0.434883535 0.000000000 0.000000000 0.000000000 0.000000000 0.000000000 0.000000000 0.000000000 0.000000000 0.000000000 0.000000000 0.000000000 0.000000000 0.000000000 0.000000000 39.960094452 -0.448516905 0.000000000 0.000000000
0.000000000 0.000000000 0.000000000 0.000000000 39.949253082 -0.439679950 0.000000000 0.000000000 0.000000000 0.000000000 0.000000000 0.000000000 0.000000000 0.000000000 0.000000000 0.000000000 0.000000000 0.000000000 0.000000000 0.000000000 39.947986603 -0.431975603 0.000000000 0.000000000 0.000000000 0.000000000 0.000000000 0.000000000 0.000000000 0.000000000 0.000000000 0.000000000 0.000000000 0.000000000 0.000000000 0.000000000 39.960727692 -0.446679473 0.000000000 0.000000000
0.000000000 0.000000000 0.000000000 0.000000000 39.947559357 -0.438619524 0.000000000 0.000000000 0.000000000 0.000000000 0.000000000 0.000000000 0.000000000 0.000000000 0.000000000 0.000000000 0.000000000 0.000000000 0.000000000 0.000000000 39.949466705 -0.429201216 0.000000000 0.000000000 0.000000000 0.000000000 0.000000000 0.000000000 0.000000000 0.000000000 0.000000000 0.000000000 0.000000000 0.000000000 0.000000000 0.000000000 39.960903168 -0.444544643 0.000000000 0.000000000
0.000000000 0.000000000 0.000000000 0.000000000 39.944519043 -0.437069327 0.000000000 0.000000000 0.000000000 0.000000000 0.000000000 0.000000000 0.000000000 0.000000000 0.000000000 0.000000000 0.000000000 0.000000000 0.000000000 0.000000000 39.950168610 -0.426607251 0.000000000 0.000000000 0.000000000 0.000000000 0.000000000 0.000000000 0.000000000 0.000000000 0.000000000 0.000000000 0.000000000 0.000000000 0.000000000 0.000000000 39.961086273 -0.441972494 0.000000000 0.000000000
0.000000000 0.000000000 0.000000000 0.000000000 39.941005707 -0.435053617 0.000000000 0.000000000 0.000000000 0.000000000 0.000000000 0.000000000 0.000000000 0.000000000 0.000000000 0.000000000 0.000000000 0.000000000 0.000000000 0.000000000 39.954147339 -0.424012959 0.000000000 0.000000000 0.000000000 0.000000000 0.000000000 0.000000000 0.000000000 0.000000000 0.000000000 0.000000000 0.000000000 0.000000000 0.000000000 0.000000000 39.960136414 -0.438876808 0.000000000 0.000000000
0.000000000 0.000000000 0.000000000 0.000000000 39.937805176 -0.433136821 0.000000000 0.000000000 0.000000000 0.000000000 0.000000000 0.000000000 0.000000000 0.000000000 0.000000000 0.000000000 0.000000000 0.000000000 0.000000000 0.000000000 39.959770203 -0.421571076 0.000000000 0.000000000 0.000000000 0.000000000 0.000000000 0.000000000 0.000000000 0.000000000 0.000000000 0.000000000 0.000000000 0.000000000 0.000000000 0.000000000 39.958618164 -0.435657322 0.000000000 0.000000000
0.000000000 0.000000000 0.000000000 0.000000000 39.934375763 -0.431089461 0.000000000 0.000000000 0.000000000 0.000000000 0.000000000 0.000000000 0.000000000 0.000000000 0.000000000 0.000000000 0.000000000 0.000000000 0.000000000 0.000000000 39.962524414 -0.419499040 0.000000000 0.000000000 0.000000000 0.000000000 0.000000000 0.000000000 0.000000000 0.000000000 0.000000000 0.000000000 0.000000000 0.000000000 0.000000000 0.000000000 39.958759308 -0.433197230 0.000000000 0.000000000
0.000000000 0.000000000 0.000000000 0.000000000 39.932456970 -0.429060012 0.000000000 0.000000000 0.000000000 0.000000000 0.000000000 0.000000000 0.000000000 0.000000000 0.000000000 0.000000000 0.000000000 0.000000000 0.000000000 0.000000000 39.965744019 -0.418159187 0.000000000 0.000000000 0.000000000 0.000000000 0.000000000 0.000000000 0.000000000 0.000000000 0.000000000 0.000000000 0.000000000 0.000000000 0.000000000 0.000000000 39.958953857 -0.431512713 0.000000000 0.000000000
0.000000000 0.000000000 0.000000000 0.000000000 39.930103302 -0.427440286 0.000000000 0.000000000 0.000000000 0.000000000 0.000000000 0.000000000 0.000000000 0.000000000 0.000000000 0.000000000 0.000000000 0.000000000 0.000000000 0.000000000 39.968784332 -0.416956037 0.000000000 0.000000000 0.000000000 0.000000000 0.000000000 0.000000000 0.000000000 0.000000000 0.000000000 0.000000000 0.000000000 0.000000000 0.000000000 0.000000000 39.958431244 -0.429636151 0.000000000 0.000000000
0.000000000 0.000000000 0.000000000 0.000000000 39.927906036 -0.425786197 0.000000000 0.000000000 0.000000000 0.000000000 0.000000000 0.000000000 0.000000000 0.000000000 0.000000000 0.000000000 0.000000000 0.000000000 0.000000000 0.000000000 39.970779419 -0.415898681 0.000000000 0.000000000 0.000000000 0.000000000 0.000000000 0.000000000 0.000000000 0.000000000 0.000000000 0.000000000 0.000000000 0.000000000 0.000000000 0.000000000 39.957122803 -0.427266538 0.000000000 0.000000000
0.000000000 0.000000000 0.000000000 0.000000000 39.928592682 -0.423932880 0.000000000 0.000000000 0.000000000 0.000000000 0.000000000 0.000000000 0.000000000 0.000000000 0.000000000 0.000000000 0.000000000 0.000000000 0.000000000 0.000000000 39.970878601 -0.414996356 0.000000000 0.000000000 0.000000000 0.000000000 0.000000000 0.000000000 0.000000000 0.000000000 0.000000000 0.000000000 0.000000000 0.000000000 0.000000000 0.000000000 39.954860687 -0.424776018 0.000000000 0.000000000
0.000000000 0.000000000 0.000000000 0.000000000 39.931198120 -0.421992511 0.000000000 0.000000000 0.000000000 0.000000000 0.000000000 0.000000000 0.000000000 0.000000000 0.000000000 0.000000000 0.000000000 0.000000000 0.000000000 0.000000000 39.967826843 -0.414462715 0.000000000 0.000000000 0.000000000 0.000000000 0.000000000 0.000000000 0.000000000 0.000000000 0.000000000 0.000000000 0.000000000 0.000000000 0.000000000 0.000000000 39.952400208 -0.422223181 0.000000000 0.000000000
0.000000000 0.000000000 0.000000000 0.000000000 39.934993744 -0.420241684 0.000000000 0.000000000 0.000000000 0.000000000 0.000000000 0.000000000 0.000000000 0.000000000 0.000000000 0.000000000 0.000000000 0.000000000 0.000000000 0.000000000 39.968025208 -0.414360404 0.000000000 0.000000000 0.000000000 0.000000000 0.000000000 0.000000000 0.000000000 0.000000000 0.000000000 0.000000000 0.000000000 0.000000000 0.000000000 0.000000000 39.951541901 -0.419220179 0.000000000 0.000000000
0.000000000 0.000000000 0.000000000 0.000000000 39.938880920 -0.418056756 0.000000000 0.000000000 0.000000000 0.000000000 0.000000000 0.000000000 0.000000000 0.000000000 0.000000000 0.000000000 0.000000000 0.000000000 0.000000000 0.000000000 39.971080780 -0.414059907 0.000000000 0.000000000 0.000000000 0.000000000 0.000000000 0.000000000 0.000000000 0.000000000 0.000000000 0.000000000 0.000000000 0.000000000 0.000000000 0.000000000 39.951713562 -0.416009247 0.000000000 0.000000000
0.000000000 0.000000000 0.000000000 0.000000000 39.942626953 -0.415475041 0.000000000 0.000000000 0.000000000 0.000000000 0.000000000 0.000000000 0.000000000 0.000000000 0.000000000 0.000000000 0.000000000 0.000000000 0.000000000 0.000000000 39.971977234 -0.413883239 0.000000000 0.000000000 0.000000000 0.000000000 0.000000000 0.000000000 0.000000000 0.000000000 0.000000000 0.000000000 0.000000000 0.000000000 0.000000000 0.000000000 39.951457977 -0.412807614 0.000000000 0.000000000
0.000000000 0.000000000 0.000000000 0.000000000 39.946712494 -0.413126528 0.000000000 0.000000000 0.000000000 0.000000000 0.000000000 0.000000000 0.000000000 0.000000000 0.000000000 0.000000000 0.000000000 0.000000000 0.000000000 0.000000000 39.972824097 -0.414007366 0.000000000 0.000000000 0.000000000 0.000000000 0.000000000 0.000000000 0.000000000 0.000000000 0.000000000 0.000000000 0.000000000 0.000000000 0.000000000 0.000000000 39.952411652 -0.409364104 0.000000000 0.000000000
0.000000000 0.000000000 0.000000000 0.000000000 39.950954437 -0.410679221 0.000000000 0.000000000 0.000000000 0.000000000 0.000000000 0.000000000 0.000000000 0.000000000 0.000000000 0.000000000 0.000000000 0.000000000 0.000000000 0.000000000 39.973297119 -0.413768649 0.000000000 0.000000000 0.000000000 0.000000000 0.000000000 0.000000000 0.000000000 0.000000000 0.000000000 0.000000000 0.000000000 0.000000000 0.000000000 0.000000000 39.953922272 -0.406119406 0.000000000 0.000000000
0.000000000 0.000000000 0.000000000 0.000000000 39.954387665 -0.407844424 0.000000000 0.000000000 0.000000000 0.000000000 0.000000000 0.000000000 0.000000000 0.000000000 0.000000000 0.000000000 0.000000000 0.000000000 0.000000000 0.000000000 39.973903656 -0.413195133 0.000000000 0.000000000 0.000000000 0.000000000 0.000000000 0.000000000 0.000000000 0.000000000 0.000000000 0.000000000 0.000000000 0.000000000 0.000000000 0.000000000 39.954807281 -0.403650165 0.000000000 0.000000000
0.000000000 0.000000000 0.000000000 0.000000000 39.956459045 -0.404795498 0.000000000 0.000000000 0.000000000 0.000000000 0.000000000 0.000000000 0.000000000 0.000000000 0.000000000 0.000000000 0.000000000 0.000000000 0.000000000 0.000000000 39.973823547 -0.412562579 0.000000000 0.000000000 0.000000000 0.000000000 0.000000000 0.000000000 0.000000000 0.000000000 0.000000000 0.000000000 0.000000000 0.000000000 0.000000000 0.000000000 39.957977295 -0.401458025 0.000000000 0.000000000
0.000000000 0.000000000 0.000000000 0.000000000 39.957942963 -0.402022660 0.000000000 0.000000000 0.000000000 0.000000000 0.000000000 0.000000000 0.000000000 0.000000000 0.000000000 0.000000000 0.000000000 0.000000000 0.000000000 0.000000000 39.971469879 -0.411321908 0.000000000 0.000000000 0.000000000 0.000000000 0.000000000 0.000000000 0.000000000 0.000000000 0.000000000 0.000000000 0.000000000 0.000000000 0.000000000 0.000000000 39.963043213 -0.399347752 0.000000000 0.000000000
0.000000000 0.000000000 0.000000000 0.000000000 39.959339142 -0.399618983 0.000000000 0.000000000 0.000000000 0.000000000 0.000000000 0.000000000 0.000000000 0.000000000 0.000000000 0.000000000 0.000000000 0.000000000 0.000000000 0.000000000 39.971355438 -0.409957469 0.000000000 0.000000000 0.000000000 0.000000000 0.000000000 0.000000000 0.000000000 0.000000000 0.000000000 0.000000000 0.000000000 0.000000000 0.000000000 0.000000000 39.967823029 -0.397309095 0.000000000 0.000000000
0.000000000 0.000000000 0.000000000 0.000000000 39.960418701 -0.397419989 0.000000000 0.000000000 0.000000000 0.000000000 0.000000000 0.000000000 0.000000000 0.000000000 0.000000000 0.000000000 0.000000000 0.000000000 0.000000000 0.000000000 39.973949432 -0.408764213 0.000000000 0.000000000 0.000000000 0.000000000 0.000000000 0.000000000 0.000000000 0.000000000 0.000000000 0.000000000 0.000000000 0.000000000 0.000000000 0.000000000 39.972019196 -0.395146430 0.000000000 0.000000000
0.000000000 0.000000000 0.000000000 0.000000000 39.961036682 -0.395261079 0.000000000 0.000000000 0.000000000 0.000000000 0.000000000 0.000000000 0.000000000 0.000000000 0.000000000 0.000000000 0.000000000 0.000000000 0.000000000 0.000000000 39.974105835 -0.407099158 0.000000000 0.000000000 0.000000000 0.000000000 0.000000000 0.000000000 0.000000000 0.000000000 0.000000000 0.000000000 0.000000000 0.000000000 0.000000000 0.000000000 39.974960327 -0.393594325 0.000000000 0.000000000
0.000000000 0.000000000 0.000000000 0.000000000 39.961544037 -0.393303722 0.000000000 0.000000000 0.000000000 0.000000000 0.000000000 0.000000000 0.000000000 0.000000000 0.000000000 0.000000000 0.000000000 0.000000000 0.000000000 0.000000000 39.972969055 -0.404751450 0.000000000 0.000000000 0.000000000 0.000000000 0.000000000 0.000000000 0.000000000 0.000000000 0.000000000 0.000000000 0.000000000 0.000000000 0.000000000 0.000000000 39.976715088 -0.392584354 0.000000000 0.000000000
0.000000000 0.000000000 0.000000000 0.000000000 39.962181091 -0.391544938 0.000000000 0.000000000 0.000000000 0.000000000 0.000000000 0.000000000 0.000000000 0.000000000 0.000000000 0.000000000 0.000000000 0.000000000 0.000000000 0.000000000 39.972072601 -0.401839197 0.000000000 0.000000000 0.000000000 0.000000000 0.000000000 0.000000000 0.000000000 0.000000000 0.000000000 0.000000000 0.000000000 0.000000000 0.000000000 0.000000000 39.977867126 -0.391515106 0.000000000 0.000000000
0.000000000 0.000000000 0.000000000 0.000000000 39.963184357 -0.389981925 0.000000000 0.000000000 0.000000000 0.000000000 0.000000000 0.000000000 0.000000000 0.000000000 0.000000000 0.000000000 0.000000000 0.000000000 0.000000000 0.000000000 39.971275330 -0.398597986 0.000000000 0.000000000 0.000000000 0.000000000 0.000000000 0.000000000 0.000000000 0.000000000 0.000000000 0.000000000 0.000000000 0.000000000 0.000000000 0.000000000 39.977867126 -0.390854508 0.000000000 0.000000000
0.000000000 0.000000000 0.000000000 0.000000000 39.964771271 -0.388347954 0.000000000 0.000000000 0.000000000 0.000000000 0.000000000 0.000000000 0.000000000 0.000000000 0.000000000 0.000000000 0.000000000 0.000000000 0.000000000 0.000000000 39.970706940 -0.395226300 0.000000000 0.000000000 0.000000000 0.000000000 0.000000000 0.000000000 0.000000000 0.000000000 0.000000000 0.000000000 0.000000000 0.000000000 0.000000000 0.000000000 39.976856232 -0.390732855 0.000000000 0.000000000
0.000000000 0.000000000 0.000000000 0.000000000 39.965999603 -0.386422098 0.000000000 0.000000000 0.000000000 0.000000000 0.000000000 0.000000000 0.000000000 0.000000000 0.000000000 0.000000000 0.000000000 0.000000000 0.000000000 0.000000000 39.968349457 -0.391778648 0.000000000 0.000000000 0.000000000 0.000000000 0.000000000 0.000000000 0.000000000 0.000000000 0.000000000 0.000000000 0.000000000 0.000000000 0.000000000 0.000000000 39.975891113 -0.390313447 0.000000000 0.000000000
0.000000000 0.000000000 0.000000000 0.000000000 39.967292786 -0.384694874 0.000000000 0.000000000 0.000000000 0.000000000 0.000000000 0.000000000 0.000000000 0.000000000 0.000000000 0.000000000 0.000000000 0.000000000 0.000000000 0.000000000 39.966773987 -0.388228446 0.000000000 0.000000000 0.000000000 0.000000000 0.000000000 0.000000000 0.000000000 0.000000000 0.000000000 0.000000000 0.000000000 0.000000000 0.000000000 0.000000000 39.975078583 -0.389661521 0.000000000 0.000000000
0.000000000 0.000000000 0.000000000 0.000000000 39.968780518 -0.383625656 0.000000000 0.000000000 0.000000000 0.000000000 0.000000000 0.000000000 0.000000000 0.000000000 0.000000000 0.000000000 0.000000000 0.000000000 0.000000000 0.000000000 39.966514587 -0.384768695 0.000000000 0.000000000 0.000000000 0.000000000 0.000000000 0.000000000 0.000000000 0.000000000 0.000000000 0.000000000 0.000000000 0.000000000 0.000000000 0.000000000 39.974094391 -0.389440596 0.000000000 0.000000000
0.000000000 0.000000000 0.000000000 0.000000000 39.969509125 -0.383058459 0.000000000 0.000000000 0.000000000 0.000000000 0.000000000 0.000000000 0.000000000 0.000000000 0.000000000 0.000000000 0.000000000 0.000000000 0.000000000 0.000000000 39.963745117 -0.381799608 0.000000000 0.000000000 0.000000000 0.000000000 0.000000000 0.000000000 0.000000000 0.000000000 0.000000000 0.000000000 0.000000000 0.000000000 0.000000000 0.000000000 39.972881317 -0.389849186 0.000000000 0.000000000
0.000000000 0.000000000 0.000000000 0.000000000 39.970108032 -0.382789046 0.000000000 0.000000000 0.000000000 0.000000000 0.000000000 0.000000000 0.000000000 0.000000000 0.000000000 0.000000000 0.000000000 0.000000000 0.000000000 0.000000000 39.959941864 -0.379403055 0.000000000 0.000000000 0.000000000 0.000000000 0.000000000 0.000000000 0.000000000 0.000000000 0.000000000 0.000000000 0.000000000 0.000000000 0.000000000 0.000000000 39.972560883 -0.391173482 0.000000000 0.000000000
0.000000000 0.000000000 0.000000000 0.000000000 39.970924377 -0.383044183 0.000000000 0.000000000 0.000000000 0.000000000 0.000000000 0.000000000 0.000000000 0.000000000 0.000000000 0.000000000 0.000000000 0.000000000 0.000000000 0.000000000 39.955017090 -0.376920819 0.000000000 0.000000000 0.000000000 0.000000000 0.000000000 0.000000000 0.000000000 0.000000000 0.000000000 0.000000000 0.000000000 0.000000000 0.000000000 0.000000000 39.971416473 -0.393102050 0.000000000 0.000000000
0.000000000 0.000000000 0.000000000 0.000000000 39.971851349 -0.383693457 0.000000000 0.000000000 0.000000000 0.000000000 0.000000000 0.000000000 0.000000000 0.000000000 0.000000000 0.000000000 0.000000000 0.000000000 0.000000000 0.000000000 39.949611664 -0.373952717 0.000000000 0.000000000 0.000000000 0.000000000 0.000000000 0.000000000 0.000000000 0.000000000 0.000000000 0.000000000 0.000000000 0.000000000 0.000000000 0.000000000 39.971076965 -0.394693047 0.000000000 0.000000000
0.000000000 0.000000000 0.000000000 0.000000000 39.970916748 -0.384328693 0.000000000 0.000000000 0.000000000 0.000000000 0.000000000 0.000000000 0.000000000 0.000000000 0.000000000 0.000000000 0.000000000 0.000000000 0.000000000 0.000000000 39.945632935 -0.371137321 0.000000000 0.000000000 0.000000000 0.000000000 0.000000000 0.000000000 0.000000000 0.000000000 0.000000000 0.000000000 0.000000000 0.000000000 0.000000000 0.000000000 39.971099854 -0.395784825 0.000000000 0.000000000
0.000000000 0.000000000 0.000000000 0.000000000 39.969112396 -0.384379923 0.000000000 0.000000000 0.000000000 0.000000000 0.000000000 0.000000000 0.000000000 0.000000000 0.000000000 0.000000000 0.000000000 0.000000000 0.000000000 0.000000000 39.939456940 -0.368837148 0.000000000 0.000000000 0.000000000 0.000000000 0.000000000 0.000000000 0.000000000 0.000000000 0.000000000 0.000000000 0.000000000 0.000000000 0.000000000 0.000000000 39.970016479 -0.396590650 0.000000000 0.000000000
0.000000000 0.000000000 0.000000000 0.000000000 39.967868805 -0.383997232 0.000000000 0.000000000 0.000000000 0.000000000 0.000000000 0.000000000 0.000000000 0.000000000 0.000000000 0.000000000 0.000000000 0.000000000 0.000000000 0.000000000 39.935897827 -0.367331833 0.000000000 0.000000000 0.000000000 0.000000000 0.000000000 0.000000000 0.000000000 0.000000000 0.000000000 0.000000000 0.000000000 0.000000000 0.000000000 0.000000000 39.968334198 -0.396707624 0.000000000 0.000000000
0.000000000 0.000000000 0.000000000 0.000000000 39.965995789 -0.383983195 0.000000000 0.000000000 0.000000000 0.000000000 0.000000000 0.000000000 0.000000000 0.000000000 0.000000000 0.000000000 0.000000000 0.000000000 0.000000000 0.000000000 39.937179565 -0.366435379 0.000000000 0.000000000 0.000000000 0.000000000 0.000000000 0.000000000 0.000000000 0.000000000 0.000000000 0.000000000 0.000000000 0.000000000 0.000000000 0.000000000 39.967254639 -0.395990521 0.000000000 0.000000000
0.000000000 0.000000000 0.000000000 0.000000000 39.965408325 -0.383824438 0.000000000 0.000000000 0.000000000 0.000000000 0.000000000 0.000000000 0.000000000 0.000000000 0.000000000 0.000000000 0.000000000 0.000000000 0.000000000 0.000000000 39.938152313 -0.365345895 0.000000000 0.000000000 0.000000000 0.000000000 0.000000000 0.000000000 0.000000000 0.000000000 0.000000000 0.000000000 0.000000000 0.000000000 0.000000000 0.000000000 39.966571808 -0.394839287 0.000000000 0.000000000
0.000000000 0.000000000 0.000000000 0.000000000 39.965530396 -0.382933944 0.000000000 0.000000000 0.000000000 0.000000000 0.000000000 0.000000000 0.000000000 0.000000000 0.000000000 0.000000000 0.000000000 0.000000000 0.000000000 0.000000000 39.940948486 -0.364501208 0.000000000 0.000000000 0.000000000 0.000000000 0.000000000 0.000000000 0.000000000 0.000000000 0.000000000 0.000000000 0.000000000 0.000000000 0.000000000 0.000000000 39.965309143 -0.393132329 0.000000000 0.000000000
0.000000000 0.000000000 0.000000000 0.000000000 39.964767456 -0.381822288 0.000000000 0.000000000 0.000000000 0.000000000 0.000000000 0.000000000 0.000000000 0.000000000 0.000000000 0.000000000 0.000000000 0.000000000 0.000000000 0.000000000 39.944728851 -0.364792168 0.000000000 0.000000000 0.000000000 0.000000000 0.000000000 0.000000000 0.000000000 0.000000000 0.000000000 0.000000000 0.000000000 0.000000000 0.000000000 0.000000000 39.962329865 -0.390552223 0.000000000 0.000000000
0.000000000 0.000000000 0.000000000 0.000000000 39.965755463 -0.380529076 0.000000000 0.000000000 0.000000000 0.000000000 0.000000000 0.000000000 0.000000000 0.000000000 0.000000000 0.000000000 0.000000000 0.000000000 0.000000000 0.000000000 39.949371338 -0.366121918 0.000000000 0.000000000 0.000000000 0.000000000 0.000000000 0.000000000 0.000000000 0.000000000 0.000000000 0.000000000 0.000000000 0.000000000 0.000000000 0.000000000 39.958282471 -0.387688339 0.000000000 0.000000000
0.000000000 0.000000000 0.000000000 0.000000000 39.966804504 -0.379235923 0.000000000 0.000000000 0.000000000 0.000000000 0.000000000 0.000000000 0.000000000 0.000000000 0.000000000 0.000000000 0.000000000 0.000000000 0.000000000 0.000000000 39.953514099 -0.367456824 0.000000000 0.000000000 0.000000000 0.000000000 0.000000000 0.000000000 0.000000000 0.000000000 0.000000000 0.000000000 0.000000000 0.000000000 0.000000000 0.000000000 39.954994202 -0.384687662 0.000000000 0.000000000
0.000000000 0.000000000 0.000000000 0.000000000 39.968578339 -0.378232121 0.000000000 0.000000000 0.000000000 0.000000000 0.000000000 0.000000000 0.000000000 0.000000000 0.000000000 0.000000000 0.000000000 0.000000000 0.000000000 0.000000000 39.954029083 -0.368466914 0.000000000 0.000000000 0.000000000 0.000000000 0.000000000 0.000000000 0.000000000 0.000000000 0.000000000 0.000000000 0.000000000 0.000000000 0.000000000 0.000000000 39.952060699 -0.381521970 0.000000000 0.000000000
0.000000000 0.000000000 0.000000000 0.000000000 39.972702026 -0.376877010 0.000000000 0.000000000 0.000000000 0.000000000 0.000000000 0.000000000 0.000000000 0.000000000 0.000000000 0.000000000 0.000000000 0.000000000 0.000000000 0.000000000 39.957500458 -0.369284958 0.000000000 0.000000000 0.000000000 0.000000000 0.000000000 0.000000000 0.000000000 0.000000000 0.000000000 0.000000000 0.000000000 0.000000000 0.000000000 0.000000000 39.949089050 -0.378162920 0.000000000 0.000000000
0.000000000 0.000000000 0.000000000 0.000000000 39.975376129 -0.374716818 0.000000000 0.000000000 0.000000000 0.000000000 0.000000000 0.000000000 0.000000000 0.000000000 0.000000000 0.000000000 0.000000000 0.000000000 0.000000000 0.000000000 39.962093353 -0.369666308 0.000000000 0.000000000 0.000000000 0.000000000 0.000000000 0.000000000 0.000000000 0.000000000 0.000000000 0.000000000 0.000000000 0.000000000 0.000000000 0.000000000 39.947944641 -0.374724180 0.000000000 0.000000000
0.000000000 0.000000000 0.000000000 0.000000000 39.976192474 -0.372216254 0.000000000 0.000000000 0.000000000 0.000000000 0.000000000 0.000000000 0.000000000 0.000000000 0.000000000 0.000000000 0.000000000 0.000000000 0.000000000 0.000000000 39.962966919 -0.370018244 0.000000000 0.000000000 0.000000000 0.000000000 0.000000000 0.000000000 0.000000000 0.000000000 0.000000000 0.000000000 0.000000000 0.000000000 0.000000000 0.000000000 39.948112488 -0.371801853 0.000000000 0.000000000
0.000000000 0.000000000 0.000000000 0.000000000 39.976692200 -0.369721293 0.000000000 0.000000000 0.000000000 0.000000000 0.000000000 0.000000000 0.000000000 0.000000000 0.000000000 0.000000000 0.000000000 0.000000000 0.000000000 0.000000000 39.963455200 -0.370767146 0.000000000 0.000000000 0.000000000 0.000000000 0.000000000 0.000000000 0.000000000 0.000000000 0.000000000 0.000000000 0.000000000 0.000000000 0.000000000 0.000000000 39.947406769 -0.369055122 0.000000000 0.000000000
0.000000000 0.000000000 0.000000000 0.000000000 39.976913452 -0.367362350 0.000000000 0.000000000 0.000000000 0.000000000 0.000000000 0.000000000 0.000000000 0.000000000 0.000000000 0.000000000 0.000000000 0.000000000 0.000000000 0.000000000 39.962646484 -0.371725619 0.000000000 0.000000000 0.000000000 0.000000000 0.000000000 0.000000000 0.000000000 0.000000000 0.000000000 0.000000000 0.000000000 0.000000000 0.000000000 0.000000000 39.946121216 -0.366251260 0.000000000 0.000000000
0.000000000 0.000000000 0.000000000 0.000000000 39.975677490 -0.365150273 0.000000000 0.000000000 0.000000000 0.000000000 0.000000000 0.000000000 0.000000000 0.000000000 0.000000000 0.000000000 0.000000000 0.000000000 0.000000000 0.000000000 39.962123871 -0.372616053 0.000000000 0.000000000 0.000000000 0.000000000 0.000000000 0.000000000 0.000000000 0.000000000 0.000000000 0.000000000 0.000000000 0.000000000 0.000000000 0.000000000 39.943992615 -0.363327563 0.000000000 0.000000000
0.000000000 0.000000000 0.000000000 0.000000000 39.974002838 -0.363368809 0.000000000 0.000000000 0.000000000 0.000000000 0.000000000 0.000000000 0.000000000 0.000000000 0.000000000 0.000000000 0.000000000 0.000000000 0.000000000 0.000000000 39.962886810 -0.372706980 0.000000000 0.000000000 0.000000000 0.000000000 0.000000000 0.000000000 0.000000000 0.000000000 0.000000000 0.000000000 0.000000000 0.000000000 0.000000000 0.000000000 39.942615509 -0.360171050 0.000000000 0.000000000
0.000000000 0.000000000 0.000000000 0.000000000 39.972969055 -0.362268060 0.000000000 0.000000000 0.000000000 0.000000000 0.000000000 0.000000000 0.000000000 0.000000000 0.000000000 0.000000000 0.000000000 0.000000000 0.000000000 0.000000000 39.962409973 -0.372088581 0.000000000 0.000000000 0.000000000 0.000000000 0.000000000 0.000000000 0.000000000 0.000000000 0.000000000 0.000000000 0.000000000 0.000000000 0.000000000 0.000000000 39.942348480 -0.357105583 0.000000000 0.000000000
0.000000000 0.000000000 0.000000000 0.000000000 39.972007751 -0.361428171 0.000000000 0.000000000 0.000000000 0.000000000 0.000000000 0.000000000 0.000000000 0.000000000 0.000000000 0.000000000 0.000000000 0.000000000 0.000000000 0.000000000 39.961494446 -0.371146739 0.000000000 0.000000000 0.000000000 0.000000000 0.000000000 0.000000000 0.000000000 0.000000000 0.000000000 0.000000000 0.000000000 0.000000000 0.000000000 0.000000000 39.943252563 -0.354358554 0.000000000 0.000000000
0.000000000 0.000000000 0.000000000 0.000000000 39.970783234 -0.360525697 0.000000000 0.000000000 0.000000000 0.000000000 0.000000000 0.000000000 0.000000000 0.000000000 0.000000000 0.000000000 0.000000000 0.000000000 0.000000000 0.000000000 39.961597443 -0.369507343 0.000000000 0.000000000 0.000000000 0.000000000 0.000000000 0.000000000 0.000000000 0.000000000 0.000000000 0.000000000 0.000000000 0.000000000 0.000000000 0.000000000 39.945915222 -0.352021486 0.000000000 0.000000000
0.000000000 0.000000000 0.000000000 0.000000000 39.969161987 -0.359464139 0.000000000 0.000000000 0.000000000 0.000000000 0.000000000 0.000000000 0.000000000 0.000000000 0.000000000 0.000000000 0.000000000 0.000000000 0.000000000 0.000000000 39.961544037 -0.367935956 0.000000000 0.000000000 0.000000000 0.000000000 0.000000000 0.000000000 0.000000000 0.000000000 0.000000000 0.000000000 0.000000000 0.000000000 0.000000000 0.000000000 39.950244904 -0.350452185 0.000000000 0.000000000
0.000000000 0.000000000 0.000000000 0.000000000 39.968875885 -0.358096868 0.000000000 0.000000000 0.000000000 0.000000000 0.000000000 0.000000000 0.000000000 0.000000000 0.000000000 0.000000000 0.000000000 0.000000000 0.000000000 0.000000000 39.961139679 -0.366761535 0.000000000 0.000000000 0.000000000 0.000000000 0.000000000 0.000000000 0.000000000 0.000000000 0.000000000 0.000000000 0.000000000 0.000000000 0.000000000 0.000000000 39.954593658 -0.349859476 0.000000000 0.000000000
0.000000000 0.000000000 0.000000000 0.000000000 39.970233917 -0.356747508 0.000000000 0.000000000 0.000000000 0.000000000 0.000000000 0.000000000 0.000000000 0.000000000 0.000000000 0.000000000 0.000000000 0.000000000 0.000000000 0.000000000 39.960895538 -0.364866585 0.000000000 0.000000000 0.000000000 0.000000000 0.000000000 0.000000000 0.000000000 0.000000000 0.000000000 0.000000000 0.000000000 0.000000000 0.000000000 0.000000000 39.958160400 -0.350282222 0.000000000 0.000000000
0.000000000 0.000000000 0.000000000 0.000000000 39.972480774 -0.355716437 0.000000000 0.000000000 0.000000000 0.000000000 0.000000000 0.000000000 0.000000000 0.000000000 0.000000000 0.000000000 0.000000000 0.000000000 0.000000000 0.000000000 39.960929871 -0.361990243 0.000000000 0.000000000 0.000000000 0.000000000 0.000000000 0.000000000 0.000000000 0.000000000 0.000000000 0.000000000 0.000000000 0.000000000 0.000000000 0.000000000 39.964019775 -0.351171881 0.000000000 0.000000000
0.000000000 0.000000000 0.000000000 0.000000000 39.972866058 -0.354996264 0.000000000 0.000000000 0.000000000 0.000000000 0.000000000 0.000000000 0.000000000 0.000000000 0.000000000 0.000000000 0.000000000 0.000000000 0.000000000 0.000000000 39.960292816 -0.358699143 0.000000000 0.000000000 0.000000000 0.000000000 0.000000000 0.000000000 0.000000000 0.000000000 0.000000000 0.000000000 0.000000000 0.000000000 0.000000000 0.000000000 39.968799591 -0.351941347 0.000000000 0.000000000
0.000000000 0.000000000 0.000000000 0.000000000 39.972595215 -0.354054421 0.000000000 0.000000000 0.000000000 0.000000000 0.000000000 0.000000000 0.000000000 0.000000000 0.000000000 0.000000000 0.000000000 0.000000000 0.000000000 0.000000000 39.959682465 -0.355248898 0.000000000 0.000000000 0.000000000 0.000000000 0.000000000 0.000000000 0.000000000 0.000000000 0.000000000 0.000000000 0.000000000 0.000000000 0.000000000 0.000000000 39.972576141 -0.352817714 0.000000000 0.000000000
0.000000000 0.000000000 0.000000000 0.000000000 39.973663330 -0.352449715 0.000000000 0.000000000 0.000000000 0.000000000 0.000000000 0.000000000 0.000000000 0.000000000 0.000000000 0.000000000 0.000000000 0.000000000 0.000000000 0.000000000 39.960121155 -0.351793259 0.000000000 0.000000000 0.000000000 0.000000000 0.000000000 0.000000000 0.000000000 0.000000000 0.000000000 0.000000000 0.000000000 0.000000000 0.000000000 0.000000000 39.977897644 -0.353972852 0.000000000 0.000000000
0.000000000 0.000000000 0.000000000 0.000000000 39.975513458 -0.350091100 0.000000000 0.000000000 0.000000000 0.000000000 0.000000000 0.000000000 0.000000000 0.000000000 0.000000000 0.000000000 0.000000000 0.000000000 0.000000000 0.000000000 39.963123322 -0.348838836 0.000000000 0.000000000 0.000000000 0.000000000 0.000000000 0.000000000 0.000000000 0.000000000 0.000000000 0.000000000 0.000000000 0.000000000 0.000000000 0.000000000 39.981098175 -0.355375826 0.000000000 0.000000000
0.000000000 0.000000000 0.000000000 0.000000000 39.977153778 -0.347119659 0.000000000 0.000000000 0.000000000 0.000000000 0.000000000 0.000000000 0.000000000 0.000000000 0.000000000 0.000000000 0.000000000 0.000000000 0.000000000 0.000000000 39.967224121 -0.346657366 0.000000000 0.000000000 0.000000000 0.000000000 0.000000000 0.000000000 0.000000000 0.000000000 0.000000000 0.000000000 0.000000000 0.000000000 0.000000000 0.000000000 39.984512329 -0.356875092 0.000000000 0.000000000
0.000000000 0.000000000 0.000000000 0.000000000 39.978988647 -0.344409317 0.000000000 0.000000000 0.000000000 0.000000000 0.000000000 0.000000000 0.000000000 0.000000000 0.000000000 0.000000000 0.000000000 0.000000000 0.000000000 0.000000000 39.969707489 -0.345433742 0.000000000 0.000000000 0.000000000 0.000000000 0.000000000 0.000000000 0.000000000 0.000000000 0.000000000 0.000000000 0.000000000 0.000000000 0.000000000 0.000000000 39.987728119 -0.358441949 0.000000000 0.000000000
0.000000000 0.000000000 0.000000000 0.000000000 39.981170654 -0.342703551 0.000000000 0.000000000 0.000000000 0.000000000 0.000000000 0.000000000 0.000000000 0.000000000 0.000000000 0.000000000 0.000000000 0.000000000 0.000000000 0.000000000 39.972019196 -0.344601631 0.000000000 0.000000000 0.000000000 0.000000000 0.000000000 0.000000000 0.000000000 0.000000000 0.000000000 0.000000000 0.000000000 0.000000000 0.000000000 0.000000000 39.988914490 -0.360256940 0.000000000 0.000000000
0.000000000 0.000000000 0.000000000 0.000000000 39.982028961 -0.341626346 0.000000000 0.000000000 0.000000000 0.000000000 0.000000000 0.000000000 0.000000000 0.000000000 0.000000000 0.000000000 0.000000000 0.000000000 0.000000000 0.000000000 39.972629547 -0.342877060 0.000000000 0.000000000 0.000000000 0.000000000 0.000000000 0.000000000 0.000000000 0.000000000 0.000000000 0.000000000 0.000000000 0.000000000 0.000000000 0.000000000 39.989471436 -0.361719966 0.000000000 0.000000000
0.000000000 0.000000000 0.000000000 0.000000000 39.982093811 -0.340718597 0.000000000 0.000000000 0.000000000 0.000000000 0.000000000 0.000000000 0.000000000 0.000000000 0.000000000 0.000000000 0.000000000 0.000000000 0.000000000 0.000000000 39.972869873 -0.341027230 0.000000000 0.000000000 0.000000000 0.000000000 0.000000000 0.000000000 0.000000000 0.000000000 0.000000000 0.000000000 0.000000000 0.000000000 0.000000000 0.000000000 39.989536285 -0.362241596 0.000000000 0.000000000
0.000000000 0.000000000 0.000000000 0.000000000 39.981956482 -0.339748174 0.000000000 0.000000000 0.000000000 0.000000000 0.000000000 0.000000000 0.000000000 0.000000000 0.000000000 0.000000000 0.000000000 0.000000000 0.000000000 0.000000000 39.971954346 -0.340322554 0.000000000 0.000000000 0.000000000 0.000000000 0.000000000 0.000000000 0.000000000 0.000000000 0.000000000 0.000000000 0.000000000 0.000000000 0.000000000 0.000000000 39.989105225 -0.362213045 0.000000000 0.000000000
0.000000000 0.000000000 0.000000000 0.000000000 39.980682373 -0.338464439 0.000000000 0.000000000 0.000000000 0.000000000 0.000000000 0.000000000 0.000000000 0.000000000 0.000000000 0.000000000 0.000000000 0.000000000 0.000000000 0.000000000 39.970546722 -0.339719504 0.000000000 0.000000000 0.000000000 0.000000000 0.000000000 0.000000000 0.000000000 0.000000000 0.000000000 0.000000000 0.000000000 0.000000000 0.000000000 0.000000000 39.988101959 -0.362189889 0.000000000 0.000000000
0.000000000 0.000000000 0.000000000 0.000000000 39.978542328 -0.336929888 0.000000000 0.000000000 0.000000000 0.000000000 0.000000000 0.000000000 0.000000000 0.000000000 0.000000000 0.000000000 0.000000000 0.000000000 0.000000000 0.000000000 39.970508575 -0.339395940 0.000000000 0.000000000 0.000000000 0.000000000 0.000000000 0.000000000 0.000000000 0.000000000 0.000000000 0.000000000 0.000000000 0.000000000 0.000000000 0.000000000 39.986232758 -0.362109691 0.000000000 0.000000000
0.000000000 0.000000000 0.000000000 0.000000000 39.976696014 -0.335037798 0.000000000 0.000000000 0.000000000 0.000000000 0.000000000 0.000000000 0.000000000 0.000000000 0.000000000 0.000000000 0.000000000 0.000000000 0.000000000 0.000000000 39.968650818 -0.339768648 0.000000000 0.000000000 0.000000000 0.000000000 0.000000000 0.000000000 0.000000000 0.000000000 0.000000000 0.000000000 0.000000000 0.000000000 0.000000000 0.000000000 39.983932495 -0.362000912 0.000000000 0.000000000
0.000000000 0.000000000 0.000000000 0.000000000 39.974868774 -0.332435757 0.000000000 0.000000000 0.000000000 0.000000000 0.000000000 0.000000000 0.000000000 0.000000000 0.000000000 0.000000000 0.000000000 0.000000000 0.000000000 0.000000000 39.967182159 -0.340397239 0.000000000 0.000000000 0.000000000 0.000000000 0.000000000 0.000000000 0.000000000 0.000000000 0.000000000 0.000000000 0.000000000 0.000000000 0.000000000 0.000000000 39.981575012 -0.361370355 0.000000000 0.000000000
0.000000000 0.000000000 0.000000000 0.000000000 39.974952698 -0.329528987 0.000000000 0.000000000 0.000000000 0.000000000 0.000000000 0.000000000 0.000000000 0.000000000 0.000000000 0.000000000 0.000000000 0.000000000 0.000000000 0.000000000 39.967601776 -0.341203660 0.000000000 0.000000000 0.000000000 0.000000000 0.000000000 0.000000000 0.000000000 0.000000000 0.000000000 0.000000000 0.000000000 0.000000000 0.000000000 0.000000000 39.979026794 -0.359730214 0.000000000 0.000000000
0.000000000 0.000000000 0.000000000 0.000000000 39.974777222 -0.327433467 0.000000000 0.000000000 0.000000000 0.000000000 0.000000000 0.000000000 0.000000000 0.000000000 0.000000000 0.000000000 0.000000000 0.000000000 0.000000000 0.000000000 39.969524384 -0.342159033 0.000000000 0.000000000 0.000000000 0.000000000 0.000000000 0.000000000 0.000000000 0.000000000 0.000000000 0.000000000 0.000000000 0.000000000 0.000000000 0.000000000 39.975734711 -0.358032644 0.000000000 0.000000000
0.000000000 0.000000000 0.000000000 0.000000000 39.974491119 -0.325985014 0.000000000 0.000000000 0.000000000 0.000000000 0.000000000 0.000000000 0.000000000 0.000000000 0.000000000 0.000000000 0.000000000 0.000000000 0.000000000 0.000000000 39.971069336 -0.342631578 0.000000000 0.000000000 0.000000000 0.000000000 0.000000000 0.000000000 0.000000000 0.000000000 0.000000000 0.000000000 0.000000000 0.000000000 0.000000000 0.000000000 39.970561981 -0.356288224 0.000000000 0.000000000
0.000000000 0.000000000 0.000000000 0.000000000 39.974319458 -0.324826211 0.000000000 0.000000000 0.000000000 0.000000000 0.000000000 0.000000000 0.000000000 0.000000000 0.000000000 0.000000000 0.000000000 0.000000000 0.000000000 0.000000000 39.970336914 -0.342443585 0.000000000 0.000000000 0.000000000 0.000000000 0.000000000 0.000000000 0.000000000 0.000000000 0.000000000 0.000000000 0.000000000 0.000000000 0.000000000 0.000000000 39.966152191 -0.354146600 0.000000000 0.000000000
0.000000000 0.000000000 0.000000000 0.000000000 39.974464417 -0.324406147 0.000000000 0.000000000 0.000000000 0.000000000 0.000000000 0.000000000 0.000000000 0.000000000 0.000000000 0.000000000 0.000000000 0.000000000 0.000000000 0.000000000 39.970996857 -0.342308015 0.000000000 0.000000000 0.000000000 0.000000000 0.000000000 0.000000000 0.000000000 0.000000000 0.000000000 0.000000000 0.000000000 0.000000000 0.000000000 0.000000000 39.962379456 -0.351902694 0.000000000 0.000000000
0.000000000 0.000000000 0.000000000 0.000000000 39.974948883 -0.325207591 0.000000000 0.000000000 0.000000000 0.000000000 0.000000000 0.000000000 0.000000000 0.000000000 0.000000000 0.000000000 0.000000000 0.000000000 0.000000000 0.000000000 39.972930908 -0.341350764 0.000000000 0.000000000 0.000000000 0.000000000 0.000000000 0.000000000 0.000000000 0.000000000 0.000000000 0.000000000 0.000000000 0.000000000 0.000000000 0.000000000 39.958454132 -0.349856764 0.000000000 0.000000000
0.000000000 0.000000000 0.000000000 0.000000000 39.974819183 -0.326723725 0.000000000 0.000000000 0.000000000 0.000000000 0.000000000 0.000000000 0.000000000 0.000000000 0.000000000 0.000000000 0.000000000 0.000000000 0.000000000 0.000000000 39.972076416 -0.339965135 0.000000000 0.000000000 0.000000000 0.000000000 0.000000000 0.000000000 0.000000000 0.000000000 0.000000000 0.000000000 0.000000000 0.000000000 0.000000000 0.000000000 39.957336426 -0.348306417 0.000000000 0.000000000
0.000000000 0.000000000 0.000000000 0.000000000 39.976001740 -0.327713341 0.000000000 0.000000000 0.000000000 0.000000000 0.000000000 0.000000000 0.000000000 0.000000000 0.000000000 0.000000000 0.000000000 0.000000000 0.000000000 0.000000000 39.969913483 -0.338526875 0.000000000 0.000000000 0.000000000 0.000000000 0.000000000 0.000000000 0.000000000 0.000000000 0.000000000 0.000000000 0.000000000 0.000000000 0.000000000 0.000000000 39.957912445 -0.346416742 0.000000000 0.000000000
0.000000000 0.000000000 0.000000000 0.000000000 39.975284576 -0.327945203 0.000000000 0.000000000 0.000000000 0.000000000 0.000000000 0.000000000 0.000000000 0.000000000 0.000000000 0.000000000 0.000000000 0.000000000 0.000000000 0.000000000 39.967544556 -0.337252825 0.000000000 0.000000000 0.000000000 0.000000000 0.000000000 0.000000000 0.000000000 0.000000000 0.000000000 0.000000000 0.000000000 0.000000000 0.000000000 0.000000000 39.957622528 -0.344049394 0.000000000 0.000000000
0.000000000 0.000000000 0.000000000 0.000000000 39.974384308 -0.327404559 0.000000000 0.000000000 0.000000000 0.000000000 0.000000000 0.000000000 0.000000000 0.000000000 0.000000000 0.000000000 0.000000000 0.000000000 0.000000000 0.000000000 39.966682434 -0.336127818 0.000000000 0.000000000 0.000000000 0.000000000 0.000000000 0.000000000 0.000000000 0.000000000 0.000000000 0.000000000 0.000000000 0.000000000 0.000000000 0.000000000 39.957416534 -0.341261774 0.000000000 0.000000000
0.000000000 0.000000000 0.000000000 0.000000000 39.974071503 -0.326858997 0.000000000 0.000000000 0.000000000 0.000000000 0.000000000 0.000000000 0.000000000 0.000000000 0.000000000 0.000000000 0.000000000 0.000000000 0.000000000 0.000000000 39.964714050 -0.335012764 0.000000000 0.000000000 0.000000000 0.000000000 0.000000000 0.000000000 0.000000000 0.000000000 0.000000000 0.000000000 0.000000000 0.000000000 0.000000000 0.000000000 39.960506439 -0.338318288 0.000000000 0.000000000
0.000000000 0.000000000 0.000000000 0.000000000 39.972991943 -0.326255590 0.000000000 0.000000000 0.000000000 0.000000000 0.000000000 0.000000000 0.000000000 0.000000000 0.000000000 0.000000000 0.000000000 0.000000000 0.000000000 0.000000000 39.960491180 -0.333917677 0.000000000 0.000000000 0.000000000 0.000000000 0.000000000 0.000000000 0.000000000 0.000000000 0.000000000 0.000000000 0.000000000 0.000000000 0.000000000 0.000000000 39.964103699 -0.335665047 0.000000000 0.000000000
0.000000000 0.000000000 0.000000000 0.000000000 39.973175049 -0.324932545 0.000000000 0.000000000 0.000000000 0.000000000 0.000000000 0.000000000 0.000000000 0.000000000 0.000000000 0.000000000 0.000000000 0.000000000 0.000000000 0.000000000 39.958274841 -0.332449853 0.000000000 0.000000000 0.000000000 0.000000000 0.000000000 0.000000000 0.000000000 0.000000000 0.000000000 0.000000000 0.000000000 0.000000000 0.000000000 0.000000000 39.965850830 -0.332998395 0.000000000 0.000000000
0.000000000 0.000000000 0.000000000 0.000000000 39.973419189 -0.323512942 0.000000000 0.000000000 0.000000000 0.000000000 0.000000000 0.000000000 0.000000000 0.000000000 0.000000000 0.000000000 0.000000000 0.000000000 0.000000000 0.000000000 39.957012177 -0.331232846 0.000000000 0.000000000 0.000000000 0.000000000 0.000000000 0.000000000 0.000000000 0.000000000 0.000000000 0.000000000 0.000000000 0.000000000 0.000000000 0.000000000 39.967327118 -0.329820216 0.000000000 0.000000000
0.000000000 0.000000000 0.000000000 0.000000000 39.973167419 -0.321518779 0.000000000 0.000000000 0.000000000 0.000000000 0.000000000 0.000000000 0.000000000 0.000000000 0.000000000 0.000000000 0.000000000 0.000000000 0.000000000 0.000000000 39.957061768 -0.330295712 0.000000000 0.000000000 0.000000000 0.000000000 0.000000000 0.000000000 0.000000000 0.000000000 0.000000000 0.000000000 0.000000000 0.000000000 0.000000000 0.000000000 39.968196869 -0.326425135 0.000000000 0.000000000
0.000000000 0.000000000 0.000000000 0.000000000 39.971710205 -0.319664568 0.000000000 0.000000000 0.000000000 0.000000000 0.000000000 0.000000000 0.000000000 0.000000000 0.000000000 0.000000000 0.000000000 0.000000000 0.000000000 0.000000000 39.959945679 -0.329044074 0.000000000 0.000000000 0.000000000 0.000000000 0.000000000 0.000000000 0.000000000 0.000000000 0.000000000 0.000000000 0.000000000 0.000000000 0.000000000 0.000000000 39.969165802 -0.323387593 0.000000000 0.000000000
0.000000000 0.000000000 0.000000000 0.000000000 39.969524384 -0.318428218 0.000000000 0.000000000 0.000000000 0.000000000 0.000000000 0.000000000 0.000000000 0.000000000 0.000000000 0.000000000 0.000000000 0.000000000 0.000000000 0.000000000 39.964473724 -0.327101707 0.000000000 0.000000000 0.000000000 0.000000000 0.000000000 0.000000000 0.000000000 0.000000000 0.000000000 0.000000000 0.000000000 0.000000000 0.000000000 0.000000000 39.970680237 -0.320702702 0.000000000 0.000000000
0.000000000 0.000000000 0.000000000 0.000000000 39.965667725 -0.317206055 0.000000000 0.000000000 0.000000000 0.000000000 0.000000000 0.000000000 0.000000000 0.000000000 0.000000000 0.000000000 0.000000000 0.000000000 0.000000000 0.000000000 39.968879700 -0.324517578 0.000000000 0.000000000 0.000000000 0.000000000 0.000000000 0.000000000 0.000000000 0.000000000 0.000000000 0.000000000 0.000000000 0.000000000 0.000000000 0.000000000 39.971351624 -0.317834467 0.000000000 0.000000000
0.000000000 0.000000000 0.000000000 0.000000000 39.960437775 -0.316316754 0.000000000 0.000000000 0.000000000 0.000000000 0.000000000 0.000000000 0.000000000 0.000000000 0.000000000 0.000000000 0.000000000 0.000000000 0.000000000 0.000000000 39.972976685 -0.322131991 0.000000000 0.000000000 0.000000000 0.000000000 0.000000000 0.000000000 0.000000000 0.000000000 0.000000000 0.000000000 0.000000000 0.000000000 0.000000000 0.000000000 39.973297119 -0.314348429 0.000000000 0.000000000
0.000000000 0.000000000 0.000000000 0.000000000 39.956153870 -0.315644711 0.000000000 0.000000000 0.000000000 0.000000000 0.000000000 0.000000000 0.000000000 0.000000000 0.000000000 0.000000000 0.000000000 0.000000000 0.000000000 0.000000000 39.975914001 -0.320273161 0.000000000 0.000000000 0.000000000 0.000000000 0.000000000 0.000000000 0.000000000 0.000000000 0.000000000 0.000000000 0.000000000 0.000000000 0.000000000 0.000000000 39.977226257 -0.311428100 0.000000000 0.000000000
0.000000000 0.000000000 0.000000000 0.000000000 39.952644348 -0.315030634 0.000000000 0.000000000 0.000000000 0.000000000 0.000000000 0.000000000 0.000000000 0.000000000 0.000000000 0.000000000 0.000000000 0.000000000 0.000000000 0.000000000 39.978973389 -0.318511099 0.000000000 0.000000000 0.000000000 0.000000000 0.000000000 0.000000000 0.000000000 0.000000000 0.000000000 0.000000000 0.000000000 0.000000000 0.000000000 0.000000000 39.979816437 -0.309932083 0.000000000 0.000000000
0.000000000 0.000000000 0.000000000 0.000000000 39.949592590 -0.314894825 0.000000000 0.000000000 0.000000000 0.000000000 0.000000000 0.000000000 0.000000000 0.000000000 0.000000000 0.000000000 0.000000000 0.000000000 0.000000000 0.000000000 39.981819153 -0.316527247 0.000000000 0.000000000 0.000000000 0.000000000 0.000000000 0.000000000 0.000000000 0.000000000 0.000000000 0.000000000 0.000000000 0.000000000 0.000000000 0.000000000 39.982410431 -0.308981806 0.000000000 0.000000000
0.000000000 0.000000000 0.000000000 0.000000000 39.948352814 -0.315194190 0.000000000 0.000000000 0.000000000 0.000000000 0.000000000 0.000000000 0.000000000 0.000000000 0.000000000 0.000000000 0.000000000 0.000000000 0.000000000 0.000000000 39.982181549 -0.313698351 0.000000000 0.000000000 0.000000000 0.000000000 0.000000000 0.000000000 0.000000000 0.000000000 0.000000000 0.000000000 0.000000000 0.000000000 0.000000000 0.000000000 39.985885620 -0.307544351 0.000000000 0.000000000
0.000000000 0.000000000 0.000000000 0.000000000 39.949928284 -0.315856338 0.000000000 0.000000000 0.000000000 0.000000000 0.000000000 0.000000000 0.000000000 0.000000000 0.000000000 0.000000000 0.000000000 0.000000000 0.000000000 0.000000000 39.982307434 -0.309976280 0.000000000 0.000000000 0.000000000 0.000000000 0.000000000 0.000000000 0.000000000 0.000000000 0.000000000 0.000000000 0.000000000 0.000000000 0.000000000 0.000000000 39.987979889 -0.305382460 0.000000000 0.000000000
0.000000000 0.000000000 0.000000000 0.000000000 39.952293396 -0.317508906 0.000000000 0.000000000 0.000000000 0.000000000 0.000000000 0.000000000 0.000000000 0.000000000 0.000000000 0.000000000 0.000000000 0.000000000 0.000000000 0.000000000 39.983104706 -0.306061208 0.000000000 0.000000000 0.000000000 0.000000000 0.000000000 0.000000000 0.000000000 0.000000000 0.000000000 0.000000000 0.000000000 0.000000000 0.000000000 0.000000000 39.989761353 -0.303640574 0.000000000 0.000000000
0.000000000 0.000000000 0.000000000 0.000000000 39.953182220 -0.319624960 0.000000000 0.000000000 0.000000000 0.000000000 0.000000000 0.000000000 0.000000000 0.000000000 0.000000000 0.000000000 0.000000000 0.000000000 0.000000000 0.000000000 39.984161377 -0.301861346 0.000000000 0.000000000 0.000000000 0.000000000 0.000000000 0.000000000 0.000000000 0.000000000 0.000000000 0.000000000 0.000000000 0.000000000 0.000000000 0.000000000 39.991291046 -0.302125543 0.000000000 0.000000000
0.000000000 0.000000000 0.000000000 0.000000000 39.956577301 -0.320948690 0.000000000 0.000000000 0.000000000 0.000000000 0.000000000 0.000000000 0.000000000 0.000000000 0.000000000 0.000000000 0.000000000 0.000000000 0.000000000 0.000000000 39.985607147 -0.296802074 0.000000000 0.000000000 0.000000000 0.000000000 0.000000000 0.000000000 0.000000000 0.000000000 0.000000000 0.000000000 0.000000000 0.000000000 0.000000000 0.000000000 39.992385864 -0.300774485 0.000000000 0.000000000
0.000000000 0.000000000 0.000000000 0.000000000 39.962562561 -0.320963293 0.000000000 0.000000000 0.000000000 0.000000000 0.000000000 0.000000000 0.000000000 0.000000000 0.000000000 0.000000000 0.000000000 0.000000000 0.000000000 0.000000000 39.985507965 -0.291475803 0.000000000 0.000000000 0.000000000 0.000000000 0.000000000 0.000000000 0.000000000 0.000000000 0.000000000 0.000000000 0.000000000 0.000000000 0.000000000 0.000000000 39.993831635 -0.300891072 0.000000000 0.000000000
0.000000000 0.000000000 0.000000000 0.000000000 39.966503143 -0.319611192 0.000000000 0.000000000 0.000000000 0.000000000 0.000000000 0.000000000 0.000000000 0.000000000 0.000000000 0.000000000 0.000000000 0.000000000 0.000000000 0.000000000 39.981266022 -0.286188424 0.000000000 0.000000000 0.000000000 0.000000000 0.000000000 0.000000000 0.000000000 0.000000000 0.000000000 0.000000000 0.000000000 0.000000000 0.000000000 0.000000000 39.994918823 -0.300978541 0.000000000 0.000000000
0.000000000 0.000000000 0.000000000 0.000000000 39.968978882 -0.317018121 0.000000000 0.000000000 0.000000000 0.000000000 0.000000000 0.000000000 0.000000000 0.000000000 0.000000000 0.000000000 0.000000000 0.000000000 0.000000000 0.000000000 39.980262756 -0.281742930 0.000000000 0.000000000 0.000000000 0.000000000 0.000000000 0.000000000 0.000000000 0.000000000 0.000000000 0.000000000 0.000000000 0.000000000 0.000000000 0.000000000 39.995044708 -0.300370425 0.000000000 0.000000000
0.000000000 0.000000000 0.000000000 0.000000000 39.972049713 -0.314005375 0.000000000 0.000000000 0.000000000 0.000000000 0.000000000 0.000000000 0.000000000 0.000000000 0.000000000 0.000000000 0.000000000 0.000000000 0.000000000 0.000000000 39.982288361 -0.278106719 0.000000000 0.000000000 0.000000000 0.000000000 0.000000000 0.000000000 0.000000000 0.000000000 0.000000000 0.000000000 0.000000000 0.000000000 0.000000000 0.000000000 39.994411469 -0.299544632 0.000000000 0.000000000
0.000000000 0.000000000 0.000000000 0.000000000 39.974067688 -0.311132729 0.000000000 0.000000000 0.000000000 0.000000000 0.000000000 0.000000000 0.000000000 0.000000000 0.000000000 0.000000000 0.000000000 0.000000000 0.000000000 0.000000000 39.981647491 -0.274525195 0.000000000 0.000000000 0.000000000 0.000000000 0.000000000 0.000000000 0.000000000 0.000000000 0.000000000 0.000000000 0.000000000 0.000000000 0.000000000 0.000000000 39.993721008 -0.298815340 0.000000000 0.000000000
0.000000000 0.000000000 0.000000000 0.000000000 39.975833893 -0.307912588 0.000000000 0.000000000 0.000000000 0.000000000 0.000000000 0.000000000 0.000000000 0.000000000 0.000000000 0.000000000 0.000000000 0.000000000 0.000000000 0.000000000 39.980609894 -0.270633072 0.000000000 0.000000000 0.000000000 0.000000000 0.000000000 0.000000000 0.000000000 0.000000000 0.000000000 0.000000000 0.000000000 0.000000000 0.000000000 0.000000000 39.992691040 -0.298056841 0.000000000 0.000000000
0.000000000 0.000000000 0.000000000 0.000000000 39.978683472 -0.304847538 0.000000000 0.000000000 0.000000000 0.000000000 0.000000000 0.000000000 0.000000000 0.000000000 0.000000000 0.000000000 0.000000000 0.000000000 0.000000000 0.000000000 39.979064941 -0.267159879 0.000000000 0.000000000 0.000000000 0.000000000 0.000000000 0.000000000 0.000000000 0.000000000 0.000000000 0.000000000 0.000000000 0.000000000 0.000000000 0.000000000 39.990612030 -0.297210753 0.000000000 0.000000000
0.000000000 0.000000000 0.000000000 0.000000000 39.981666565 -0.303096145 0.000000000 0.000000000 0.000000000 0.000000000 0.000000000 0.000000000 0.000000000 0.000000000 0.000000000 0.000000000 0.000000000 0.000000000 0.000000000 0.000000000 39.977615356 -0.265460670 0.000000000 0.000000000 0.000000000 0.000000000 0.000000000 0.000000000 0.000000000 0.000000000 0.000000000 0.000000000 0.000000000 0.000000000 0.000000000 0.000000000 39.988052368 -0.297262281 0.000000000 0.000000000
0.000000000 0.000000000 0.000000000 0.000000000 39.984287262 -0.302691817 0.000000000 0.000000000 0.000000000 0.000000000 0.000000000 0.000000000 0.000000000 0.000000000 0.000000000 0.000000000 0.000000000 0.000000000 0.000000000 0.000000000 39.974262238 -0.264217883 0.000000000 0.000000000 0.000000000 0.000000000 0.000000000 0.000000000 0.000000000 0.000000000 0.000000000 0.000000000 0.000000000 0.000000000 0.000000000 0.000000000 39.983181000 -0.297906339 0.000000000 0.000000000
0.000000000 0.000000000 0.000000000 0.000000000 39.985683441 -0.302137285 0.000000000 0.000000000 0.000000000 0.000000000 0.000000000 0.000000000 0.000000000 0.000000000 0.000000000 0.000000000 0.000000000 0.000000000 0.000000000 0.000000000 39.968070984 -0.263468862 0.000000000 0.000000000 0.000000000 0.000000000 0.000000000 0.000000000 0.000000000 0.000000000 0.000000000 0.000000000 0.000000000 0.000000000 0.000000000 0.000000000 39.977348328 -0.297951162 0.000000000 0.000000000
0.000000000 0.000000000 0.000000000 0.000000000 39.987957001 -0.301703900 0.000000000 0.000000000 0.000000000 0.000000000 0.000000000 0.000000000 0.000000000 0.000000000 0.000000000 0.000000000 0.000000000 0.000000000 0.000000000 0.000000000 39.966442108 -0.263669670 0.000000000 0.000000000 0.000000000 0.000000000 0.000000000 0.000000000 0.000000000 0.000000000 0.000000000 0.000000000 0.000000000 0.000000000 0.000000000 0.000000000 39.973064423 -0.297185481 0.000000000 0.000000000
0.000000000 0.000000000 0.000000000 0.000000000 39.990600586 -0.301299721 0.000000000 0.000000000 0.000000000 0.000000000 0.000000000 0.000000000 0.000000000 0.000000000 0.000000000 0.000000000 0.000000000 0.000000000 0.000000000 0.000000000 39.966209412 -0.263354897 0.000000000 0.000000000 0.000000000 0.000000000 0.000000000 0.000000000 0.000000000 0.000000000 0.000000000 0.000000000 0.000000000 0.000000000 0.000000000 0.000000000 39.970291138 -0.295546263 0.000000000 0.000000000
0.000000000 0.000000000 0.000000000 0.000000000 39.991191864 -0.299697310 0.000000000 0.000000000 0.000000000 0.000000000 0.000000000 0.000000000 0.000000000 0.000000000 0.000000000 0.000000000 0.000000000 0.000000000 0.000000000 0.000000000 39.964199066 -0.261755407 0.000000000 0.000000000 0.000000000 0.000000000 0.000000000 0.000000000 0.000000000 0.000000000 0.000000000 0.000000000 0.000000000 0.000000000 0.000000000 0.000000000 39.970035553 -0.293473750 0.000000000 0.000000000
0.000000000 0.000000000 0.000000000 0.000000000 39.991352081 -0.297843605 0.000000000 0.000000000 0.000000000 0.000000000 0.000000000 0.000000000 0.000000000 0.000000000 0.000000000 0.000000000 0.000000000 0.000000000 0.000000000 0.000000000 39.962764740 -0.259962916 0.000000000 0.000000000 0.000000000 0.000000000 0.000000000 0.000000000 0.000000000 0.000000000 0.000000000 0.000000000 0.000000000 0.000000000 0.000000000 0.000000000 39.971126556 -0.291073591 0.000000000 0.000000000
0.000000000 0.000000000 0.000000000 0.000000000 39.990707397 -0.295965195 0.000000000 0.000000000 0.000000000 0.000000000 0.000000000 0.000000000 0.000000000 0.000000000 0.000000000 0.000000000 0.000000000 0.000000000 0.000000000 0.000000000 39.963058472 -0.259455264 0.000000000 0.000000000 0.000000000 0.000000000 0.000000000 0.000000000 0.000000000 0.000000000 0.000000000 0.000000000 0.000000000 0.000000000 0.000000000 0.000000000 39.971485138 -0.288967490 0.000000000 0.000000000
0.000000000 0.000000000 0.000000000 0.000000000 39.988746643 -0.293491811 0.000000000 0.000000000 0.000000000 0.000000000 0.000000000 0.000000000 0.000000000 0.000000000 0.000000000 0.000000000 0.000000000 0.000000000 0.000000000 0.000000000 39.966659546 -0.259020567 0.000000000 0.000000000 0.000000000 0.000000000 0.000000000 0.000000000 0.000000000 0.000000000 0.000000000 0.000000000 0.000000000 0.000000000 0.000000000 0.000000000 39.971504211 -0.287088096 0.000000000 0.000000000
0.000000000 0.000000000 0.000000000 0.000000000 39.986793518 -0.291051835 0.000000000 0.000000000 0.000000000 0.000000000 0.000000000 0.000000000 0.000000000 0.000000000 0.000000000 0.000000000 0.000000000 0.000000000 0.000000000 0.000000000 39.970455170 -0.257226557 0.000000000 0.000000000 0.000000000 0.000000000 0.000000000 0.000000000 0.000000000 0.000000000 0.000000000 0.000000000 0.000000000 0.000000000 0.000000000 0.000000000 39.972423553 -0.284566730 0.000000000 0.000000000
0.000000000 0.000000000 0.000000000 0.000000000 39.984516144 -0.288456589 0.000000000 0.000000000 0.000000000 0.000000000 0.000000000 0.000000000 0.000000000 0.000000000 0.000000000 0.000000000 0.000000000 0.000000000 0.000000000 0.000000000 39.972442627 -0.254277915 0.000000000 0.000000000 0.000000000 0.000000000 0.000000000 0.000000000 0.000000000 0.000000000 0.000000000 0.000000000 0.000000000 0.000000000 0.000000000 0.000000000 39.973350525 -0.282079101 0.000000000 0.000000000
0.000000000 0.000000000 0.000000000 0.000000000 39.981609344 -0.284754038 0.000000000 0.000000000 0.000000000 0.000000000 0.000000000 0.000000000 0.000000000 0.000000000 0.000000000 0.000000000 0.000000000 0.000000000 0.000000000 0.000000000 39.975131989 -0.250318557 0.000000000 0.000000000 0.000000000 0.000000000 0.000000000 0.000000000 0.000000000 0.000000000 0.000000000 0.000000000 0.000000000 0.000000000 0.000000000 0.000000000 39.973598480 -0.279566467 0.000000000 0.000000000
0.000000000 0.000000000 0.000000000 0.000000000 39.977268219 -0.280493289 0.000000000 0.000000000 0.000000000 0.000000000 0.000000000 0.000000000 0.000000000 0.000000000 0.000000000 0.000000000 0.000000000 0.000000000 0.000000000 0.000000000 39.978771210 -0.246767089 0.000000000 0.000000000 0.000000000 0.000000000 0.000000000 0.000000000 0.000000000 0.000000000 0.000000000 0.000000000 0.000000000 0.000000000 0.000000000 0.000000000 39.973487854 -0.277724981 0.000000000 0.000000000
0.000000000 0.000000000 0.000000000 0.000000000 39.972110748 -0.275703043 0.000000000 0.000000000 0.000000000 0.000000000 0.000000000 0.000000000 0.000000000 0.000000000 0.000000000 0.000000000 0.000000000 0.000000000 0.000000000 0.000000000 39.980484009 -0.244741708 0.000000000 0.000000000 0.000000000 0.000000000 0.000000000 0.000000000 0.000000000 0.000000000 0.000000000 0.000000000 0.000000000 0.000000000 0.000000000 0.000000000 39.972698212 -0.276651114 0.000000000 0.000000000
0.000000000 0.000000000 0.000000000 0.000000000 39.964210510 -0.271380931 0.000000000 0.000000000 0.000000000 0.000000000 0.000000000 0.000000000 0.000000000 0.000000000 0.000000000 0.000000000 0.000000000 0.000000000 0.000000000 0.000000000 39.980285645 -0.242760792 0.000000000 0.000000000 0.000000000 0.000000000 0.000000000 0.000000000 0.000000000 0.000000000 0.000000000 0.000000000 0.000000000 0.000000000 0.000000000 0.000000000 39.971324921 -0.276026011 0.000000000 0.000000000
0.000000000 0.000000000 0.000000000 0.000000000 39.954891205 -0.267610610 0.000000000 0.000000000 0.000000000 0.000000000 0.000000000 0.000000000 0.000000000 0.000000000 0.000000000 0.000000000 0.000000000 0.000000000 0.000000000 0.000000000 39.980308533 -0.240402207 0.000000000 0.000000000 0.000000000 0.000000000 0.000000000 0.000000000 0.000000000 0.000000000 0.000000000 0.000000000 0.000000000 0.000000000 0.000000000 0.000000000 39.970321655 -0.275207907 0.000000000 0.000000000
0.000000000 0.000000000 0.000000000 0.000000000 39.944900513 -0.263372093 0.000000000 0.000000000 0.000000000 0.000000000 0.000000000 0.000000000 0.000000000 0.000000000 0.000000000 0.000000000 0.000000000 0.000000000 0.000000000 0.000000000 39.982135773 -0.237688467 0.000000000 0.000000000 0.000000000 0.000000000 0.000000000 0.000000000 0.000000000 0.000000000 0.000000000 0.000000000 0.000000000 0.000000000 0.000000000 0.000000000 39.970005035 -0.274448574 0.000000000 0.000000000
0.000000000 0.000000000 0.000000000 0.000000000 39.935131073 -0.259799033 0.000000000 0.000000000 0.000000000 0.000000000 0.000000000 0.000000000 0.000000000 0.000000000 0.000000000 0.000000000 0.000000000 0.000000000 0.000000000 0.000000000 39.983524323 -0.233912185 0.000000000 0.000000000 0.000000000 0.000000000 0.000000000 0.000000000 0.000000000 0.000000000 0.000000000 0.000000000 0.000000000 0.000000000 0.000000000 0.000000000 39.972339630 -0.275161922 0.000000000 0.000000000
0.000000000 0.000000000 0.000000000 0.000000000 39.929183960 -0.256360531 0.000000000 0.000000000 0.000000000 0.000000000 0.000000000 0.000000000 0.000000000 0.000000000 0.000000000 0.000000000 0.000000000 0.000000000 0.000000000 0.000000000 39.982566833 -0.230560973 0.000000000 0.000000000 0.000000000 0.000000000 0.000000000 0.000000000 0.000000000 0.000000000 0.000000000 0.000000000 0.000000000 0.000000000 0.000000000 0.000000000 39.976276398 -0.277133614 0.000000000 0.000000000
0.000000000 0.000000000 0.000000000 0.000000000 39.924308777 -0.251938283 0.000000000 0.000000000 0.000000000 0.000000000 0.000000000 0.000000000 0.000000000 0.000000000 0.000000000 0.000000000 0.000000000 0.000000000 0.000000000 0.000000000 39.982372284 -0.228931636 0.000000000 0.000000000 0.000000000 0.000000000 0.000000000 0.000000000 0.000000000 0.000000000 0.000000000 0.000000000 0.000000000 0.000000000 0.000000000 0.000000000 39.979362488 -0.279016852 0.000000000 0.000000000
0.000000000 0.000000000 0.000000000 0.000000000 39.920207977 -0.247452021 0.000000000 0.000000000 0.000000000 0.000000000 0.000000000 0.000000000 0.000000000 0.000000000 0.000000000 0.000000000 0.000000000 0.000000000 0.000000000 0.000000000 39.983619690 -0.227513954 0.000000000 0.000000000 0.000000000 0.000000000 0.000000000 0.000000000 0.000000000 0.000000000 0.000000000 0.000000000 0.000000000 0.000000000 0.000000000 0.000000000 39.982398987 -0.279503256 0.000000000 0.000000000
0.000000000 0.000000000 0.000000000 0.000000000 39.916912079 -0.242901906 0.000000000 0.000000000 0.000000000 0.000000000 0.000000000 0.000000000 0.000000000 0.000000000 0.000000000 0.000000000 0.000000000 0.000000000 0.000000000 0.000000000 39.982952118 -0.224854887 0.000000000 0.000000000 0.000000000 0.000000000 0.000000000 0.000000000 0.000000000 0.000000000 0.000000000 0.000000000 0.000000000 0.000000000 0.000000000 0.000000000 39.986392975 -0.278521895 0.000000000 0.000000000
0.000000000 0.000000000 0.000000000 0.000000000 39.912250519 -0.238836616 0.000000000 0.000000000 0.000000000 0.000000000 0.000000000 0.000000000 0.000000000 0.000000000 0.000000000 0.000000000 0.000000000 0.000000000 0.000000000 0.000000000 39.983474731 -0.222503632 0.000000000 0.000000000 0.000000000 0.000000000 0.000000000 0.000000000 0.000000000 0.000000000 0.000000000 0.000000000 0.000000000 0.000000000 0.000000000 0.000000000 39.989154816 -0.276312172 0.000000000 0.000000000
0.000000000 0.000000000 0.000000000 0.000000000 39.906887054 -0.235218987 0.000000000 0.000000000 0.000000000 0.000000000 0.000000000 0.000000000 0.000000000 0.000000000 0.000000000 0.000000000 0.000000000 0.000000000 0.000000000 0.000000000 39.985427856 -0.220427245 0.000000000 0.000000000 0.000000000 0.000000000 0.000000000 0.000000000 0.000000000 0.000000000 0.000000000 0.000000000 0.000000000 0.000000000 0.000000000 0.000000000 39.989643097 -0.272978723 0.000000000 0.000000000
0.000000000 0.000000000 0.000000000 0.000000000 39.898128510 -0.230649188 0.000000000 0.000000000 0.000000000 0.000000000 0.000000000 0.000000000 0.000000000 0.000000000 0.000000000 0.000000000 0.000000000 0.000000000 0.000000000 0.000000000 39.986755371 -0.218543112 0.000000000 0.000000000 0.000000000 0.000000000 0.000000000 0.000000000 0.000000000 0.000000000 0.000000000 0.000000000 0.000000000 0.000000000 0.000000000 0.000000000 39.990287781 -0.269045740 0.000000000 0.000000000
0.000000000 0.000000000 0.000000000 0.000000000 39.889694214 -0.225201279 0.000000000 0.000000000 0.000000000 0.000000000 0.000000000 0.000000000 0.000000000 0.000000000 0.000000000 0.000000000 0.000000000 0.000000000 0.000000000 0.000000000 39.988216400 -0.218284860 0.000000000 0.000000000 0.000000000 0.000000000 0.000000000 0.000000000 0.000000000 0.000000000 0.000000000 0.000000000 0.000000000 0.000000000 0.000000000 0.000000000 39.989006042 -0.265984327 0.000000000 0.000000000
0.000000000 0.000000000 0.000000000 0.000000000 39.886463165 -0.219007537 0.000000000 0.000000000 0.000000000 0.000000000 0.000000000 0.000000000 0.000000000 0.000000000 0.000000000 0.000000000 0.000000000 0.000000000 0.000000000 0.000000000 39.987957001 -0.219380841 0.000000000 0.000000000 0.000000000 0.000000000 0.000000000 0.000000000 0.000000000 0.000000000 0.000000000 0.000000000 0.000000000 0.000000000 0.000000000 0.000000000 39.985385895 -0.263257205 0.000000000 0.000000000
0.000000000 0.000000000 0.000000000 0.000000000 39.887107849 -0.212142825 0.000000000 0.000000000 0.000000000 0.000000000 0.000000000 0.000000000 0.000000000 0.000000000 0.000000000 0.000000000 0.000000000 0.000000000 0.000000000 0.000000000 19.993402481 -0.220231831 0.000000000 0.000000000 0.000000000 0.000000000 0.000000000 0.000000000 0.000000000 0.000000000 0.000000000 0.000000000 0.000000000 0.000000000 0.000000000 0.000000000 39.982597351 -0.259451896 0.000000000 0.000000000
0.000000000 0.000000000 0.000000000 0.000000000 39.892284393 -0.206046328 0.000000000 0.000000000 0.000000000 0.000000000 0.000000000 0.000000000 0.000000000 0.000000000 0.000000000 0.000000000 0.000000000 0.000000000 0.000000000 0.000000000 0.000000000 0.000000000 0.000000000 0.000000000 0.000000000 0.000000000 0.000000000 0.000000000 0.000000000 0.000000000 0.000000000 0.000000000 0.000000000 0.000000000 0.000000000 0.000000000 39.980579376 -0.256086677 0.000000000 0.000000000
0.000000000 0.000000000 0.000000000 0.000000000 39.897464752 -0.200614765 0.000000000 0.000000000 0.000000000 0.000000000 0.000000000 0.000000000 0.000000000 0.000000000 0.000000000 0.000000000 0.000000000 0.000000000 0.000000000 0.000000000 0.000000000 0.000000000 0.000000000 0.000000000 0.000000000 0.000000000 0.000000000 0.000000000 0.000000000 0.000000000 0.000000000 0.000000000 0.000000000 0.000000000 0.000000000 0.000000000 39.976181030 -0.253117949 0.000000000 0.000000000
0.000000000 0.000000000 0.000000000 0.000000000 39.898273468 -0.194401428 0.000000000 0.000000000 0.000000000 0.000000000 0.000000000 0.000000000 0.000000000 0.000000000 0.000000000 0.000000000 0.000000000 0.000000000 0.000000000 0.000000000 0.000000000 0.000000000 0.000000000 0.000000000 0.000000000 0.000000000 0.000000000 0.000000000 0.000000000 0.000000000 0.000000000 0.000000000 0.000000000 0.000000000 0.000000000 0.000000000 39.971637726 -0.249048725 0.000000000 0.000000000
0.000000000 0.000000000 0.000000000 0.000000000 39.900032043 -0.187537432 0.000000000 0.000000000 0.000000000 0.000000000 0.000000000 0.000000000 0.000000000 0.000000000 0.000000000 0.000000000 0.000000000 0.000000000 0.000000000 0.000000000 0.000000000 0.000000000 0.000000000 0.000000000 0.000000000 0.000000000 0.000000000 0.000000000 0.000000000 0.000000000 0.000000000 0.000000000 0.000000000 0.000000000 0.000000000 0.000000000 19.985239029 -0.246756360 0.000000000 0.000000000
0.000000000 0.000000000 0.000000000 0.000000000 39.905517578 -0.180075124 0.000000000 0.000000000 0.000000000 0.000000000 0.000000000 0.000000000 0.000000000 0.000000000 0.000000000 0.000000000 0.000000000 0.000000000 0.000000000 0.000000000 0.000000000 0.000000000 0.000000000 0.000000000 0.000000000 0.000000000 0.000000000 0.000000000 0.000000000 0.000000000 0.000000000 0.000000000 0.000000000 0.000000000 0.000000000 0.000000000 0.000000000 0.000000000 0.000000000 0.000000000
0.000000000 0.000000000 0.000000000 0.000000000 39.908515930 -0.176176533 0.000000000 0.000000000 0.000000000 0.000000000 0.000000000 0.000000000 0.000000000 0.000000000 0.000000000 0.000000000 0.000000000 0.000000000 0.000000000 0.000000000 0.000000000 0.000000000 0.000000000 0.000000000 0.000000000 0.000000000 0.000000000 0.000000000 0.000000000 0.000000000 0.000000000 0.000000000 0.000000000 0.000000000 0.000000000 0.000000000 0.000000000 0.000000000 0.000000000 0.000000000
