reference_sample_id,data_status,reference_severity_class,source_difficulty_score,effective_failure_severity,source_E_co_time_s,source_E_n_g,source_E_miss_m,source_E_t_s,E_co_time_s,E_n_g,E_miss_m,E_t_s
1,synthetic_planning_reference_v5,moderate,0.3671884464574108,1.5746372371485367,0.0608333333333331,0.155815100959486,2.63173769256959,38.5,0.08451951951951953,0.25985474407730536,2.9583040233348625,39.400000000000006
2,synthetic_planning_reference_v5,low,0.46174450392625327,0.15141655749032848,0.0833333333333286,0.203024047438897,2.98428007862642,31.05,0.10857357357357357,0.21624078637375727,2.6797709705709307,33.6
3,synthetic_planning_reference_v5,moderate,0.43895718644078735,1.7366752237442618,0.0424999999999969,0.204024830714689,3.10306402262995,32.55,0.08980480480480481,0.24556037359003122,3.3325515683441993,38.400000000000006
4,synthetic_planning_reference_v5,low,0.8646572014663294,0.08075313205386213,0.158333333333366,0.130756801915058,3.23884582005335,34.85,0.1962124624624625,0.13937868081138716,2.994957824947424,36.6
5,synthetic_planning_reference_v5,moderate,0.33911443077896825,2.2293827041256904,0.0758333333333539,0.192856915758986,2.91049274758638,31.4,0.13898398398398398,0.39053600021311075,3.1793748025977946,39.25
6,synthetic_planning_reference_v5,mild,0.136040724794041,0.5505212062829736,0.0275000000000048,0.190270206697486,2.93597561130937,32.05,0.0415015015015015,0.22952073101942563,2.9487738206934657,35.45
7,synthetic_planning_reference_v5,low,0.4200484308829827,0.05246646390708103,0.0816666666666862,0.161208245386472,3.22786915206773,33.05,0.08055555555555555,0.17948048812143663,3.0138704308164246,35.45
8,synthetic_planning_reference_v5,moderate,0.5057462625677244,1.8843067985804585,0.120000000000027,0.145152308519479,3.32874309092452,29.35,0.18420045045045047,0.22054973380514115,3.6458926053722585,37.75
9,synthetic_planning_reference_v5,low,0.45573482109750346,0.13283006036070613,0.0875000000000199,0.216461839603344,3.03072047565314,34.7,0.09749249249249249,0.2352475674249679,2.7829895334154777,36.550000000000004
10,synthetic_planning_reference_v5,mild,0.45382065795070625,0.682922206845076,0.0625000000000171,0.224988895204547,2.98219293199097,32.45,0.07169044044044044,0.2808766542077482,3.1098565220634224,36.300000000000004
11,synthetic_planning_reference_v5,low,0.7501331222048798,0.15405728864808438,0.131666666666698,0.0947572724414859,2.92026057559567,32.75,0.16993618618618617,0.09496868936971409,2.6830244584501686,34.2
12,synthetic_planning_reference_v5,low,0.37631371143627124,0.07294854415822924,0.0741666666666845,0.160790074686905,3.24082729323248,34.55,0.06720095095095095,0.18335924199029804,3.0818907365041146,36.1
13,synthetic_planning_reference_v5,moderate,0.5375399983668102,1.4615753035399799,0.0550000000000097,0.208831216813965,3.24049785646734,32.0,0.06708583583583583,0.2393596187345196,3.401199153213539,37.85
14,synthetic_planning_reference_v5,mild,0.75383506172118,0.7310001783906745,0.107500000000022,0.110337509570215,3.35491200385582,35.65,0.13211711711711713,0.18143409354422685,3.4143145269677118,37.550000000000004
15,synthetic_planning_reference_v5,moderate,0.658192100099498,2.0791597551760423,0.0608333333333491,0.196237071328945,3.00902244858685,33.15,0.09785285285285285,0.28701983566147465,3.6142314094116794,38.800000000000004
16,synthetic_planning_reference_v5,mild,0.5637967760806473,1.4478244193319607,0.0374999999999659,0.198839002023672,3.12875944021243,30.9,0.05304179179179179,0.26224792197595287,3.3642458917745164,36.300000000000004
17,synthetic_planning_reference_v5,moderate,0.69752160975256,2.431477598737754,0.104166666666572,0.166242153564083,3.28962311488593,42.2,0.16618243243243241,0.28267208393413595,3.7775648531584274,41.300000000000004
18,synthetic_planning_reference_v5,moderate,0.3187723366045973,0.9164793710612916,0.0524999999999523,0.210760983619369,2.49234160475036,29.65,0.08331831831831832,0.27597862911749255,2.479082768244414,33.7
19,synthetic_planning_reference_v5,mild,0.4964259965668695,1.264408367998373,0.05499999999995,0.142954468577435,2.91393366323409,30.75,0.10633133133133132,0.24053465972307778,3.134591387219107,36.75
20,synthetic_planning_reference_v5,mild,0.4320055525176753,0.9568593720083342,0.137499999999875,0.211106056816091,3.12718295887678,35.7,0.17856981981981984,0.24381553667198022,3.3969392380947343,38.400000000000006
21,synthetic_planning_reference_v5,low,0.7477374975079922,0.13167288393681012,0.0566666666666265,0.187651970849092,3.52959210298463,31.65,0.07341716716716716,0.20134480828647613,3.336739928651123,34.35
22,synthetic_planning_reference_v5,moderate,0.763672662385195,1.6053989214682782,0.0958333333332291,0.207766163184493,3.36795365054132,31.7,0.12034534534534536,0.29630868341646827,3.4598230164960744,37.0
23,synthetic_planning_reference_v5,mild,0.924735328001348,1.0522248536909116,0.152499999999867,0.230383521333832,3.42701230666201,41.1,0.20371996996997,0.26663197431430885,3.4838291038278224,39.900000000000006
24,synthetic_planning_reference_v5,moderate,0.3580285756739244,0.7771656337023638,0.0683333333332655,0.144259108980993,2.73620780545206,31.75,0.08391891891891892,0.16857484201730374,2.6370292705112455,36.2
25,synthetic_planning_reference_v5,moderate,0.9566989189037672,3.4615743493108333,0.268333333333089,0.118761809541695,2.81475641812666,37.85,0.295,0.2093263694903202,3.746302810910636,40.1
26,synthetic_planning_reference_v5,mild,0.6436450175488778,1.7944562982318744,0.113333333333225,0.244620921204531,3.42544300909563,31.25,0.1361811811811812,0.36463295160808973,3.737059767226655,38.2
27,synthetic_planning_reference_v5,low,0.30616445614754934,0.08106298115351747,0.0524999999999579,0.138901184865284,3.01573135400676,30.0,0.0495563063063063,0.16744824816353598,2.6839135879345566,32.7
28,synthetic_planning_reference_v5,moderate,0.14591699708075792,1.2776375348903306,0.0708333333332746,0.0885570471846007,3.11110453669832,32.75,0.10181681681681681,0.15621116097765658,3.4028698134196818,38.300000000000004
29,synthetic_planning_reference_v5,mild,0.6301388835102364,0.9494866742603845,0.105833333333226,0.199981137690587,3.08726922182115,34.0,0.12356856856856857,0.2286279903786372,3.2602133839830123,37.95
30,synthetic_planning_reference_v5,low,0.3662113084674065,0.08032571207392096,0.0449999999999648,0.167118176600415,3.14416623254147,32.35,0.04868043043043043,0.19175176099839478,2.9597443694400054,34.15
31,synthetic_planning_reference_v5,moderate,0.7170850332358171,1.4813803280983417,0.060833333333278,0.121188842810906,3.45606200650544,34.6,0.09509009009009009,0.21065545329775742,3.697255684489259,38.75
32,synthetic_planning_reference_v5,mild,0.5231371883335432,0.7161092266913246,0.10666666666657,0.25276807475337,2.84809660171892,34.8,0.1284734734734735,0.2675631004094527,2.6228186658657124,37.050000000000004
33,synthetic_planning_reference_v5,moderate,0.4181370110658464,1.5071877225193697,0.0491666666666106,0.134997870534296,2.96141480593651,33.45,0.05638013013013013,0.23382436466085377,3.1902939664474568,38.400000000000006
34,synthetic_planning_reference_v5,mild,0.31284435867067634,0.7833586949171704,0.110833333333244,0.149002182998707,2.46154945640841,40.5,0.14516141141141142,0.21837107418501622,2.324810857453458,39.800000000000004
35,synthetic_planning_reference_v5,mild,0.3545617983623005,0.45710987308400836,0.0516666666666197,0.221791828554109,2.90241933713734,34.6,0.053617367367367365,0.2457306032406137,2.7545610039138864,37.0
36,synthetic_planning_reference_v5,moderate,0.49320703078635025,1.4403259866887608,0.0716666666666015,0.0991330985779559,3.08981852123906,31.6,0.1181031031031031,0.17973441204160273,3.4396060707648677,37.65
37,synthetic_planning_reference_v5,low,0.5165113032153733,0.08576019585088519,0.0658333333332735,0.160771424827282,3.09261815155988,36.0,0.06662537537537537,0.18990953062322843,2.8503226328643985,37.050000000000004
38,synthetic_planning_reference_v5,mild,0.5747793813133203,1.4642955940408853,0.0583333333332916,0.175177505338873,3.15729661694749,35.95,0.07599099099099099,0.2724219662567804,3.4366945559733386,39.6
39,synthetic_planning_reference_v5,mild,0.714954933494105,0.7807287088354941,0.120833333333223,0.190650594026042,3.1224924221541,36.35,0.15604729729729733,0.24621082684642304,3.2801153434849657,38.35
40,synthetic_planning_reference_v5,mild,0.07539051665357613,0.2879634015556014,0.0416666666666288,0.191375075674754,2.96994512640471,30.55,0.0445045045045045,0.19802681823663557,2.6716253679172035,33.65
41,synthetic_planning_reference_v5,mild,0.6442592956797203,1.3326590154275664,0.0974999999999113,0.114565797625668,3.48118171753788,38.4,0.1188038038038038,0.20440634480687023,3.580806808650103,39.550000000000004
42,synthetic_planning_reference_v5,moderate,0.5196567738802705,1.4706649397469724,0.0808333333332712,0.245928398829361,3.19183066394663,30.75,0.10445945945945945,0.33948036809486043,3.498132030859798,37.1
43,synthetic_planning_reference_v5,low,0.4589841567537872,0.08610198486562391,0.0499999999999432,0.198915411745271,3.44012649344909,31.25,0.049030780780780776,0.22014764698618977,3.301051745680655,33.4
44,synthetic_planning_reference_v5,mild,0.24018494789464873,0.6424359780464591,0.066666666666606,0.112891834734064,3.31150674251378,32.15,0.07755255255255254,0.13764053686210462,3.2955044867295302,36.95
45,synthetic_planning_reference_v5,low,0.4160631773195197,0.08523962917526645,0.0633333333332303,0.164442386241477,2.61076306651002,34.95,0.06167542542542542,0.1746369207948255,2.1809103618521535,36.6
46,synthetic_planning_reference_v5,mild,0.5478587113694104,0.9555416512959651,0.0508333333332871,0.227130857802304,3.29991472396129,30.35,0.10605105105105105,0.2621569282033864,3.3480938627606434,34.800000000000004
47,synthetic_planning_reference_v5,low,0.3174928825369895,0.08090334426745108,0.0533333333332735,0.177256937214462,2.99853170606918,33.6,0.05776151151151151,0.19945145931739008,2.6832407053086698,35.6
48,synthetic_planning_reference_v5,moderate,0.280880007096514,1.0056439661992376,0.0716666666666015,0.126071232999995,2.91786059042471,30.25,0.08175675675675675,0.18405782597412507,3.0991743283356614,35.5
49,synthetic_planning_reference_v5,moderate,0.44528585227455886,1.3675967664481055,0.107499999999914,0.186589202688216,3.11485387242571,32.65,0.13856356356356359,0.2370671890515224,3.2370027636575713,37.300000000000004
50,synthetic_planning_reference_v5,low,0.6872172447287594,0.10437065209680858,0.0583333333332916,0.261017704540549,3.00735471580301,32.05,0.06535910910910911,0.2665890986995313,2.788139114555846,34.35
51,synthetic_planning_reference_v5,moderate,0.20421138876473321,1.0629977809120292,0.0808333333332712,0.0950985303877874,3.03379766654494,31.85,0.1110960960960961,0.1158819150068774,3.112573142771411,36.65
52,synthetic_planning_reference_v5,severe,0.36042918660943307,3.1277776775084685,0.0741666666666106,0.114819088391281,3.05674478268038,28.6,0.1928340840840841,0.28912796678194214,3.5540191729182604,38.15
53,synthetic_planning_reference_v5,moderate,0.5854927566174657,1.036184312841497,0.070833333333303,0.226210083047484,3.43904121959225,33.5,0.07272647647647647,0.26630180842951856,3.645045628866269,37.2
54,synthetic_planning_reference_v5,moderate,0.42339369239026153,2.3467811917956998,0.0691666666666151,0.125859083896493,3.44245497266875,32.45,0.11530030030030029,0.2725342416170205,3.675388229417105,37.5
55,synthetic_planning_reference_v5,mild,0.6382165346307062,1.0297803357281166,0.113333333333219,0.108603403549747,3.36838707039277,39.95,0.1579241741741742,0.14044736303282904,3.435125804381244,39.300000000000004
56,synthetic_planning_reference_v5,mild,0.6155590851187119,0.6262912790652404,0.0583333333332803,0.239087994086964,2.73306828972563,31.45,0.0660497997997998,0.2760027052079074,2.5810176770577047,34.45
57,synthetic_planning_reference_v5,severe,0.6028834862451474,3.591948610560058,0.105833333333226,0.124684342422088,3.5007127435477,31.4,0.22295795795795795,0.3862110294816833,4.388549863749165,39.900000000000006
58,synthetic_planning_reference_v5,moderate,0.3248507197541869,1.7339588296740895,0.0716666666666015,0.0876492392052778,2.97916415388097,31.6,0.11712212212212213,0.12518354704681572,3.3609509830454165,37.75
59,synthetic_planning_reference_v5,low,0.5557015349037862,0.11288486883576829,0.0874999999999091,0.206411769473979,3.64114519586269,32.05,0.09196696696696696,0.2273175306719373,3.4853065907959535,34.4
60,synthetic_planning_reference_v5,severe,0.4511962295951991,2.8125593002407983,0.0683333333332712,0.194347835971634,3.26587289331933,31.1,0.1352002002002002,0.38974872125655885,3.9079906721652753,37.65
61,synthetic_planning_reference_v5,low,0.41566540074594205,0.06610031686687685,0.0741666666666219,0.120580416554798,3.63091418219778,31.05,0.08692192192192191,0.14418130823539121,3.389078408627345,33.1
62,synthetic_planning_reference_v5,moderate,0.6361148352338423,1.665938964828608,0.109166666667056,0.135606420729121,2.80616788233591,31.6,0.18532657657657658,0.22359809927047605,3.2463451855117547,37.85
63,synthetic_planning_reference_v5,moderate,0.423224470057035,2.3511797753069157,0.0591666666668971,0.178870197914363,3.24325436298689,33.75,0.09677177177177176,0.324720565130322,3.6853440141373164,39.85
64,synthetic_planning_reference_v5,mild,0.4619518844841667,0.4592497936402346,0.0550000000002001,0.198269681673262,3.12062165757581,33.4,0.0584522022022022,0.22900981950039287,3.079663968823721,36.6
65,synthetic_planning_reference_v5,moderate,0.32014372157177456,1.2027883244722912,0.0883333333336395,0.132734760603241,3.34804708237125,30.35,0.12090590590590591,0.14782899868684984,3.4558671901675115,35.65
66,synthetic_planning_reference_v5,mild,0.5081877777363997,0.31742144107876447,0.0741666666669289,0.182783003924133,2.96845721951895,32.15,0.07203578578578579,0.21113051060379412,2.797192401269914,35.35
67,synthetic_planning_reference_v5,moderate,0.14322589039985628,0.8171520089728632,0.0750000000002728,0.201039527730671,2.80961032297709,28.45,0.09605105105105105,0.23238133647607767,2.9960256143438486,33.15
68,synthetic_planning_reference_v5,moderate,0.41137688764341157,3.116958964349744,0.113333333333753,0.116333700242427,3.05116610781894,34.35,0.21160285285285285,0.24815315524391518,3.83881411335969,40.650000000000006
69,synthetic_planning_reference_v5,moderate,0.0907892855746251,0.8012986876418039,0.0508333333335258,0.0843347158540126,2.99141871016158,31.95,0.05396271271271271,0.1024786340910969,2.9655103837479655,35.95
70,synthetic_planning_reference_v5,mild,0.18150967920447036,0.8737121144156772,0.0391666666668016,0.187109018528063,2.91115647926769,33.55,0.05060735735735736,0.20748757588064803,2.9995982602976015,36.45
71,synthetic_planning_reference_v5,moderate,0.3586174422448251,1.1121452016941484,0.0466666666668516,0.138736009140844,3.40900944010872,32.55,0.06996371371371371,0.17914708505640553,3.382903722095087,36.75
72,synthetic_planning_reference_v5,low,0.2013581679883933,0.05868486431225675,0.0908333333336941,0.0823590778908487,3.07370103473895,31.9,0.10421921921921921,0.08121091460363503,2.867693814024092,34.0
73,synthetic_planning_reference_v5,low,0.6489022867848371,0.214521448704779,0.0958333333336668,0.173944132954045,3.20802573505451,31.75,0.11544044044044045,0.20979842793324474,3.0495808067567385,34.1
74,synthetic_planning_reference_v5,moderate,0.29716663452113684,2.5260553484332338,0.055833333333544,0.190345910699642,3.07952230092183,32.85,0.1305755755755756,0.2616585999642028,3.3545253541642985,38.6
75,synthetic_planning_reference_v5,severe,0.7246511811425107,2.728528558842306,0.0975000000003547,0.100819850506829,3.19817070213234,35.75,0.18832957957957958,0.2230945443468043,3.6501517876396705,40.7
76,synthetic_planning_reference_v5,mild,0.723054560649802,0.6891653681249009,0.105833333333749,0.24924219480061,2.76167508687376,32.4,0.11642142142142142,0.24789005944954398,2.6769911284377845,36.5
77,synthetic_planning_reference_v5,severe,0.4486670388790648,7.127914688054799,0.0308333333334531,0.182109050179749,3.44082615143554,32.0,0.11431931931931932,0.36297342968498164,4.455894219436577,41.35
78,synthetic_planning_reference_v5,low,0.8489819579786984,0.1166484842191908,0.140833333333853,0.13209571684204,3.27430387171979,36.15,0.18119744744744742,0.13551012213377006,3.0491869598475954,37.45
79,synthetic_planning_reference_v5,low,0.4157326136285526,0.03708513286448401,0.0850000000003092,0.19939608326071,2.87651977386976,33.25,0.09629129129129128,0.2132616374191887,2.5426715823003208,35.95
80,synthetic_planning_reference_v5,low,0.4935374916110289,0.10785780529031821,0.0700000000002547,0.134186732037583,3.01077975493291,32.45,0.07422297297297296,0.14847995890170385,2.789263172972466,34.6
81,synthetic_planning_reference_v5,low,0.8914252506322675,0.08011075868301226,0.165833333333944,0.127658438206748,2.94889825531361,43.45,0.20071696696696698,0.12373126086880455,2.690306466795698,40.0
82,synthetic_planning_reference_v5,mild,0.7252462337727706,1.3369268627156583,0.0916666666670153,0.212350951731776,3.22808190783639,34.25,0.10507007007007008,0.28153685196694445,3.3579683833692595,37.6
83,synthetic_planning_reference_v5,low,0.4585768100494851,0.07452028095405222,0.113333333333753,0.133579113293919,2.85711235239572,32.8,0.11894394394394395,0.14080480706979845,2.578924573733135,34.9
84,synthetic_planning_reference_v5,mild,0.4813111049049406,1.0228357112070385,0.0458333333335986,0.21621704347001,2.99321156856556,32.35,0.06674049049049048,0.24846750031723913,3.0740780216821793,37.4
85,synthetic_planning_reference_v5,moderate,0.7482806022643888,2.1951097520406995,0.0816666666669562,0.217114888469789,3.22813915201537,29.75,0.13141641641641644,0.26194754646392193,3.5894589860220085,38.1
86,synthetic_planning_reference_v5,mild,0.47790477521175345,0.8791097089193998,0.104166666667038,0.0940286962992389,3.25254075578304,36.0,0.1274924924924925,0.12075824437625628,3.3458090080075453,38.050000000000004
87,synthetic_planning_reference_v5,mild,0.5731766987118907,0.8062075665993698,0.0625000000002729,0.194248704835977,3.03339163451722,32.0,0.07791291291291291,0.2324022826772511,3.006614697520334,35.95
88,synthetic_planning_reference_v5,mild,0.4374759597536028,0.622081304928327,0.0625000000002274,0.225590448376553,2.93793304412364,34.35,0.06846721721721721,0.24071734536786582,2.9343703379741055,37.0
89,synthetic_planning_reference_v5,moderate,0.5259774564869452,3.0896742176527265,0.116666666667084,0.124725075531505,2.87905719661578,35.65,0.1988400900900901,0.37720805195229823,3.6346790963098554,39.150000000000006
90,synthetic_planning_reference_v5,moderate,0.5651268222002427,1.0038023945239203,0.0766666666669607,0.243120101992374,2.84186723961665,31.95,0.10217717717717717,0.27316803804729467,2.879775617291266,36.2
91,synthetic_planning_reference_v5,severe,0.6086748080824579,4.806866791445702,0.105000000000405,0.220792363279563,3.03465609328287,33.4,0.215950950950951,0.38986480949747426,4.324158893825882,41.400000000000006
92,synthetic_planning_reference_v5,mild,0.7863794525211305,0.6711867386688514,0.145833333333849,0.185536187617522,3.22598103082981,37.85,0.20972597597597598,0.2441325874256795,3.2536674700793435,39.0
93,synthetic_planning_reference_v5,moderate,0.6618945445668256,1.3982558210512872,0.0600000000002183,0.208969204139384,3.14893238388,31.05,0.12693193193193195,0.23821656529329005,3.2764007774056587,36.9
94,synthetic_planning_reference_v5,moderate,0.38789496960177305,2.5451529435195797,0.0508333333335486,0.137644788510875,3.55107812017026,29.5,0.06950325325325325,0.32866108754363343,4.054068556741457,36.95
95,synthetic_planning_reference_v5,moderate,0.771642718659885,2.0310404639703243,0.145833333333917,0.141735747816659,3.18322026637739,33.8,0.21010135135135136,0.2531139393993146,3.616011280428771,38.0
96,synthetic_planning_reference_v5,mild,0.5212299878591028,0.5042439941326693,0.0650000000002365,0.189521130781011,3.21189466820951,32.4,0.07226601601601601,0.22408345475387606,3.1593013143293973,36.15
97,synthetic_planning_reference_v5,low,0.505516922319108,0.0734171805545929,0.0616666666669062,0.199985756202264,2.75435348982716,32.4,0.06432307307307307,0.22645265193837585,2.4800224267858146,33.9
98,synthetic_planning_reference_v5,severe,0.27912057083796576,2.8199211924212952,0.106666666667047,0.0887534837601357,3.08277769448875,35.4,0.20522147147147146,0.22307406629091078,3.792933969407144,39.1
99,synthetic_planning_reference_v5,low,0.6694748274145447,0.11676996303031673,0.0941666666670244,0.247659198949646,2.83978284485074,33.4,0.1006156156156156,0.24664578056063968,2.610452115370641,35.15
100,synthetic_planning_reference_v5,severe,0.5852597286939623,3.0610641380239545,0.0666666666669016,0.124112121319979,3.04001127130041,31.45,0.09917417417417417,0.1853344725822071,3.6920557442920594,38.75
101,synthetic_planning_reference_v5,mild,0.7672208029548093,0.7449507134925603,0.104166666667015,0.101763460092862,3.06261723832721,34.05,0.13996496496496497,0.13082847276811596,3.1165721314144696,36.7
102,synthetic_planning_reference_v5,moderate,0.37406792245576453,1.4488278478365952,0.0691666666669562,0.191698443538943,3.08870756926491,31.9,0.11824324324324326,0.28198049280995074,3.2831427222344813,37.35
103,synthetic_planning_reference_v5,mild,0.44282435079745386,0.7142143511157654,0.0441666666668198,0.206747781202237,3.20908147990806,30.1,0.06029404404404404,0.23503765166782134,3.195531138629791,33.95
104,synthetic_planning_reference_v5,mild,0.6461871108655475,0.9647856069358333,0.138333333333821,0.0991644186446114,3.32439991183294,35.4,0.18720345345345346,0.12235740091964238,3.422120994269588,38.2
105,synthetic_planning_reference_v5,mild,0.7851929429120004,1.1316522241280271,0.130000000000496,0.214672721502811,3.17455585419854,36.95,0.18044669669669672,0.34171986420539363,3.32717177648821,38.95
106,synthetic_planning_reference_v5,moderate,0.5336127026649019,2.0642076249424623,0.0900000000003274,0.20851695821788,3.53451682490081,33.45,0.14816441441441444,0.29886444849368926,3.8766042013616246,38.95
107,synthetic_planning_reference_v5,moderate,0.7631940660700194,3.481293334316593,0.144166666667206,0.162556379287649,2.90970208821022,37.2,0.23597097097097097,0.32708403575541634,4.22720897083095,41.400000000000006
108,synthetic_planning_reference_v5,mild,0.392010974596137,0.4677266376197696,0.0508333333335713,0.235688463915828,2.77264352133298,30.8,0.06869744744744744,0.24851963071592925,2.599287139534757,34.050000000000004
109,synthetic_planning_reference_v5,moderate,0.4848338665881124,2.167002367067075,0.0725000000002638,0.14456218317002,3.18081470192083,34.95,0.12006506506506506,0.26728801363730526,3.4857769724320042,40.75
110,synthetic_planning_reference_v5,moderate,0.8445351383538864,1.869793920211429,0.145833333333849,0.166505814149996,3.33369487988698,36.3,0.19959084084084083,0.2999461084384973,3.58559066591187,39.35
111,synthetic_planning_reference_v5,low,0.21386514980327706,0.06127453062622251,0.0491666666668152,0.148220748040676,2.84579223910534,33.65,0.04850525525525525,0.18048030910614818,2.6058942334652113,35.95
112,synthetic_planning_reference_v5,moderate,0.5748638457881251,0.8305524622555605,0.105000000000359,0.11858954852494,3.32097905596008,35.85,0.1333783783783784,0.12839561360479534,3.3987854124387007,37.15
113,synthetic_planning_reference_v5,mild,0.3773962743824917,0.7499567380856768,0.0758333333336395,0.241327160374859,3.01733561637623,33.95,0.08524024024024024,0.27063564253774197,3.1303840667451865,37.5
114,synthetic_planning_reference_v5,moderate,0.2090825999171968,1.075892666812725,0.0441666666668652,0.123647863292222,2.81377118973152,33.1,0.04570245245245245,0.201581130139106,2.801917549699351,36.5
115,synthetic_planning_reference_v5,mild,0.6473713226573855,0.5579798535208284,0.15083333333389,0.126957151711656,3.15225013452568,36.45,0.1939602102102102,0.13704253506490455,3.1319691842263526,38.25
116,synthetic_planning_reference_v5,moderate,0.2655356923207818,2.1449248776788017,0.0600000000002638,0.230380075037511,3.13718244080404,33.6,0.08908408408408408,0.3246032558626306,3.5890045547670266,37.550000000000004
117,synthetic_planning_reference_v5,moderate,0.27512147461703806,1.7576284153941963,0.0808333333336577,0.0768507533838619,3.13024914383731,32.1,0.10591091091091091,0.1238348044997898,3.398933553156682,36.4
118,synthetic_planning_reference_v5,severe,0.7614417975079745,3.593044038705502,0.100833333333662,0.155156858606632,3.0347992999939,38.2,0.219954954954955,0.32703200587731496,3.8631237452704017,41.45
119,synthetic_planning_reference_v5,mild,0.4170357668356091,0.8437071910610817,0.0625000000002729,0.196817091592143,3.15710860951807,32.0,0.08355855855855855,0.23371229518859538,3.1385529029817203,36.35
120,synthetic_planning_reference_v5,low,0.7512515471877766,0.14422996034786079,0.158333333333894,0.145106987001393,3.44341940500092,33.9,0.1943355855855856,0.1644923396064519,3.2924478367739196,36.15
121,synthetic_planning_reference_v5,mild,0.3507178635066294,1.0990671840922155,0.0700000000003001,0.189524978863291,2.91605322164669,34.0,0.08572072072072072,0.24384862458536377,3.254057489025892,37.75
122,synthetic_planning_reference_v5,low,0.36475918187653694,0.09031826491074632,0.0516666666667788,0.166520719463039,2.94229254126569,35.4,0.057876626626626626,0.1832047002372147,2.7016833766063297,36.75
123,synthetic_planning_reference_v5,low,0.855462438294194,0.11306304548538244,0.128333333333785,0.19031427302745,3.3658578486441,39.0,0.15567192192192195,0.20541635377485573,3.2110244525482003,38.35
124,synthetic_planning_reference_v5,mild,0.3634799231731284,0.5332448918777243,0.0525000000001455,0.12768607680823,3.53419290971773,32.05,0.062251001001001,0.17631092179540664,3.4756960362047065,36.1
125,synthetic_planning_reference_v5,mild,0.43112552003693483,0.8079400198926269,0.0608333333335395,0.112728111668265,3.05720011121953,35.7,0.07238113113113112,0.15461289676730863,3.025508522136471,38.050000000000004
126,synthetic_planning_reference_v5,moderate,0.4259536763427405,1.6212446662578903,0.0816666666669789,0.236814407075463,3.0709228252922,33.1,0.09797297297297297,0.32576051651173976,3.3755582071170354,38.1
127,synthetic_planning_reference_v5,mild,0.4066112737006988,0.3863362725026206,0.0516666666668243,0.117931483201938,3.75164930247227,35.2,0.05281156156156156,0.12304482342933334,3.5806502810055125,37.1
128,synthetic_planning_reference_v5,mild,0.5423720635512985,0.7155326761360125,0.0950000000003001,0.153394884995258,2.74709062117621,35.85,0.10941441441441441,0.18680878252677588,2.6080529971810864,38.050000000000004
129,synthetic_planning_reference_v5,low,0.7284370890770729,0.13399485291330893,0.0575000000001637,0.235238128240702,3.45892705024491,30.1,0.05511386386386386,0.24440191375874648,3.312368117158443,33.0
130,synthetic_planning_reference_v5,mild,0.23881202150119657,0.8905098985954509,0.0658333333336032,0.116403569361759,3.04508047284736,30.8,0.088003003003003,0.1960841736057176,3.1322043778423425,34.550000000000004
131,synthetic_planning_reference_v5,low,0.8887210358865384,0.09207370121847262,0.0983333333336759,0.129170677009312,3.58608436786153,37.65,0.10787287287287288,0.1239465616119146,3.430570075659029,37.75
132,synthetic_planning_reference_v5,mild,0.5529754619131642,0.9048994389753932,0.0416666666668334,0.257025368960854,2.67133328674819,33.0,0.05833708708708708,0.31205534692930914,2.5913793560341776,36.75
133,synthetic_planning_reference_v5,severe,0.4417180367714986,2.5862259988397094,0.123333333333767,0.0901307502748821,3.64386947961953,34.05,0.20822447447447448,0.2275572278846311,4.296442345681007,39.1
134,synthetic_planning_reference_v5,moderate,0.5931421253077167,1.938003908272981,0.088333333333685,0.18038834432886,3.40527568035034,39.55,0.12048548548548549,0.25562615171563063,3.785898947307155,40.800000000000004
135,synthetic_planning_reference_v5,mild,0.3809646645102345,0.5184803189534148,0.0616666666669516,0.165102425479847,3.28867276090126,32.5,0.07284159159159159,0.21476175027193964,3.2159861413547235,36.050000000000004
136,synthetic_planning_reference_v5,moderate,0.48174062648273996,1.5571527423726823,0.0875000000002728,0.119762007553637,2.91602950341828,33.5,0.11838338338338339,0.19658044754541767,3.3536092295883164,38.0
137,synthetic_planning_reference_v5,mild,0.32237224535718206,0.5412587669297577,0.0575000000001637,0.190192695325023,3.06660181491203,28.65,0.05868243243243243,0.23139079888606076,3.0284675081771693,33.2
138,synthetic_planning_reference_v5,moderate,0.6552063564682619,0.9605265481189719,0.0716666666668971,0.208391174646969,3.04170278648878,32.05,0.0765915915915916,0.24330864005127006,3.123526973816774,36.2
139,synthetic_planning_reference_v5,moderate,0.6139573798551206,1.1985286650895002,0.170833333333985,0.107550464652582,3.50659279227078,35.8,0.229964964964965,0.14592048562690002,3.6606257283368064,38.75
140,synthetic_planning_reference_v5,mild,0.2850661013224555,0.46340415829251663,0.0850000000003092,0.212085267060363,3.26712175475113,34.1,0.10675175175175175,0.23133437128933598,3.18063202636087,36.45
141,synthetic_planning_reference_v5,mild,0.44031370505076844,0.665870744168924,0.0616666666668607,0.201783894541098,2.88328863347332,33.0,0.06443818818818818,0.23289440746123125,2.7278384080329743,36.95
142,synthetic_planning_reference_v5,low,0.6222746915770551,0.11258323246982536,0.0716666666669425,0.135604721322352,2.95599200755692,39.9,0.0721509009009009,0.15983606603304581,2.6260204045966726,38.650000000000006
143,synthetic_planning_reference_v5,mild,0.3154613694811401,1.3822892052998659,0.0658333333335577,0.159745931093298,2.990097789167,31.9,0.09725225225225226,0.21098869198045536,3.245565318570239,37.0
144,synthetic_planning_reference_v5,mild,0.4041561551533762,0.5864756016796688,0.0691666666669335,0.125153923547888,2.66658829352947,32.8,0.078993993993994,0.15054152637704615,2.5979286012043143,36.0
145,synthetic_planning_reference_v5,low,0.3833809006596593,0.1071402404655708,0.112500000000409,0.138403964955439,2.55761415652152,28.1,0.14929054054054053,0.14685364310976023,2.1158969331579502,32.300000000000004
146,synthetic_planning_reference_v5,moderate,0.4098077546408111,1.888583769722922,0.0791666666669244,0.175485310370212,3.06976302836067,33.6,0.10157657657657657,0.26889763604174427,3.426367182921588,38.5
147,synthetic_planning_reference_v5,severe,0.6299626352875618,3.6722523037493624,0.148333333333812,0.112848775017202,3.37431193575321,37.5,0.22495995995996002,0.3479468730064134,4.266134060348585,41.5
148,synthetic_planning_reference_v5,mild,0.2862227837526217,0.43336168034868305,0.0791666666669698,0.241109811217116,2.59980648689487,31.7,0.08788288288288287,0.25229554649231783,2.4853727300603294,34.9
149,synthetic_planning_reference_v5,mild,0.7180274339245415,0.9459580364034892,0.140833333333831,0.145636666853127,2.97529975973438,34.35,0.18607732732732735,0.16697386697423064,2.96399642970474,37.5
150,synthetic_planning_reference_v5,moderate,0.34204206269279,1.6279907087744783,0.0525000000001455,0.126017537826652,3.07640057887286,35.15,0.10409909909909909,0.21127517995155687,3.187619590857098,38.75
151,synthetic_planning_reference_v5,moderate,0.47551127831849066,2.2108378440823735,0.0708333333335759,0.220636669850483,2.505845177926,34.75,0.09665165165165165,0.3063466817777647,3.0530142479322797,39.35
152,synthetic_planning_reference_v5,moderate,0.3707884304664008,0.9156665107459498,0.125833333333821,0.0977023880612737,2.96545548105149,31.9,0.18082207207207207,0.1811829064223625,3.1139318255945443,36.4
153,synthetic_planning_reference_v5,mild,0.30254982190781854,0.44590616829242236,0.0458333333334849,0.148715847604939,2.86877689817279,35.7,0.0481549049049049,0.17972155611406404,2.7930559379747906,37.6
154,synthetic_planning_reference_v5,moderate,0.5208959824242322,1.0779673893260993,0.0808333333336122,0.223657234031324,3.1640451614018,33.15,0.11067567567567568,0.28901538643317914,3.230112389569023,38.050000000000004
155,synthetic_planning_reference_v5,low,0.6152505798283191,0.12887843142606095,0.164166666667325,0.100616151839565,3.1150742339526,34.7,0.19508633633633635,0.10055839684021232,2.987470613247054,36.25
156,synthetic_planning_reference_v5,mild,0.4502022759068163,0.4218870235656512,0.0583333333336213,0.186747313707867,3.59880168574431,33.2,0.055804554554554554,0.22276182423620575,3.4817812559767343,36.7
157,synthetic_planning_reference_v5,mild,0.8151986722125788,0.9371647252155048,0.131666666667115,0.200159679098995,3.39692704937669,35.0,0.1838250750750751,0.22846520674801643,3.572657074472444,37.7
158,synthetic_planning_reference_v5,moderate,0.8508257414691255,2.3573752219467976,0.144166666667206,0.182694567155987,3.21497598036958,39.6,0.18908033033033034,0.30006484030208275,3.702869691623329,41.550000000000004
159,synthetic_planning_reference_v5,moderate,0.4464562818037018,2.309445684854918,0.0491666666669971,0.188291130316043,3.241782558986,31.85,0.08403903903903903,0.2459516854898158,3.802340380135432,37.75
160,synthetic_planning_reference_v5,low,0.1223406135313994,0.08286024642476204,0.0758333333335941,0.0812878182229157,3.2322078375675,33.3,0.08103603603603603,0.08238222512358773,2.9879805276934577,35.45
161,synthetic_planning_reference_v5,moderate,0.4914157118687865,1.9215825960088302,0.103333333333603,0.211703284716939,2.90789869647184,32.65,0.11978478478478478,0.2680742533776274,3.225879119048872,38.300000000000004
162,synthetic_planning_reference_v5,mild,0.40233359564334104,0.9416490975506895,0.0500000000001364,0.20488617404763,3.06094606517963,30.15,0.07192067067067066,0.24968304295149107,3.1953787248360985,35.25
163,synthetic_planning_reference_v5,mild,0.6012755714790399,1.3051932728945679,0.0675000000002456,0.165578913044749,3.42521636771009,34.9,0.12721221221221224,0.24319538986814399,3.4946208928614957,38.800000000000004
164,synthetic_planning_reference_v5,low,0.9103674174383294,0.13349798949202762,0.132500000000528,0.27893158618029,3.0260441588094,36.45,0.15829954954954956,0.2815692656477645,2.8165280125262813,37.25
165,synthetic_planning_reference_v5,moderate,0.6883428669070656,1.496788191956318,0.0633333333335941,0.170063934252421,3.28123457785941,33.0,0.09172672672672672,0.20897677631322117,3.489243923275833,38.0
166,synthetic_planning_reference_v5,low,0.8946010931175273,0.1184116376788375,0.161666666667179,0.118313327101019,3.15754495265575,36.0,0.20259384384384385,0.13320249819120722,2.961374142841472,37.25
167,synthetic_planning_reference_v5,mild,0.7156507766229003,0.778871910259004,0.0808333333335668,0.228366367493423,3.49230551139873,33.5,0.09268768768768768,0.2528105288553632,3.4286249209771396,36.550000000000004
168,synthetic_planning_reference_v5,low,0.434268413812338,0.17242859126388937,0.0741666666669516,0.111822949701584,3.40551739038418,35.45,0.0736473973973974,0.1194948362389594,3.2973667381349565,37.2
169,synthetic_planning_reference_v5,mild,0.49166547053249987,0.7824394588570767,0.085833333333585,0.164368177914387,2.81574969869697,34.6,0.11053553553553552,0.20873621232996564,3.047551652586657,37.85
170,synthetic_planning_reference_v5,moderate,0.31067217228121424,2.1561886072934886,0.0450000000001637,0.193618787123258,2.53984054702404,29.95,0.07539039039039039,0.23973353201569003,3.0951910397201106,37.65
171,synthetic_planning_reference_v5,mild,0.6540211559624387,0.7348529314375147,0.0875000000002728,0.126336841222375,2.98522299142765,34.55,0.10983483483483483,0.15505084380808348,3.1009914412098234,37.75
172,synthetic_planning_reference_v5,mild,0.48735480035667367,0.6492537917944019,0.084166666667079,0.109023868725717,2.9764684623541,34.4,0.09316816816816817,0.13340008026654387,2.91343712375466,36.800000000000004
173,synthetic_planning_reference_v5,low,0.40567579736188863,0.1291174046599688,0.0683333333335668,0.221824088115939,2.90672049743791,32.7,0.06616491491491491,0.22603782245302936,2.630230016164013,34.5
174,synthetic_planning_reference_v5,moderate,0.5849964788227172,1.3786334894553325,0.111666666667043,0.0830001460211673,3.24233759691285,33.75,0.16055180180180179,0.18349752590627408,3.5046477270834493,38.15
175,synthetic_planning_reference_v5,low,0.42364638525865655,0.09333430819513096,0.0950000000003911,0.121614907393066,3.00936659747437,32.25,0.11165665665665665,0.13430005410829288,2.73015711209506,35.050000000000004
176,synthetic_planning_reference_v5,moderate,0.61564959819578,3.4761756085588558,0.0458333333335304,0.215345070516812,3.00432764018031,29.2,0.09388888888888888,0.3913929593341216,3.995784915033194,37.9
177,synthetic_planning_reference_v5,low,0.5657036835246629,0.09823440942499843,0.0566666666668425,0.190460976953141,2.99809478927527,31.5,0.054998748748748744,0.2158519215712196,2.692965852319248,33.7
178,synthetic_planning_reference_v5,mild,0.6693501683010488,0.9341159989676873,0.183333333334031,0.083728393444732,2.82304016687869,34.3,0.22796296296296295,0.18076754505014403,2.8598583471942827,37.6
179,synthetic_planning_reference_v5,low,0.3215999798291061,0.047053674586349944,0.0533333333336031,0.185330112082786,2.68160747418226,30.45,0.055689439439439437,0.20156260138051127,2.3099018738166137,32.7
180,synthetic_planning_reference_v5,mild,0.5224345993753744,0.9152902133608422,0.0658333333335122,0.199688916266514,3.50665221355155,32.55,0.06927302302302302,0.2437143347851894,3.4294812425275483,36.65
181,synthetic_planning_reference_v5,low,0.3877827249099017,0.09075685393977209,0.0675000000002456,0.154223320403782,3.33205783233802,32.6,0.06213588588588588,0.1807351478693373,3.111366329233056,34.35
182,synthetic_planning_reference_v5,mild,0.3642499095278325,0.7311710537804328,0.0783333333336032,0.157548182558613,3.14839301245463,30.2,0.11221721721721722,0.20750719165117584,3.1868098985287214,33.800000000000004
183,synthetic_planning_reference_v5,low,0.6033398528744804,0.08091823782344977,0.0808333333336577,0.1925037724258,3.14307343822615,32.85,0.08487987987987988,0.215008123077784,2.931165046336735,35.050000000000004
184,synthetic_planning_reference_v5,low,0.23587717388897678,0.044722246086032175,0.0558333333334758,0.175127346823929,3.13146714872985,30.5,0.058106856856856855,0.19087505320320164,2.866500231491596,32.800000000000004
185,synthetic_planning_reference_v5,mild,0.3752747042081847,0.9044606126452918,0.125833333333776,0.077321320407955,3.43209287703757,34.0,0.17068693693693696,0.11799487410701957,3.461273046432178,37.050000000000004
186,synthetic_planning_reference_v5,low,0.3866346191788933,0.04533353932137312,0.105833333333703,0.207962875083226,2.79565826738034,36.15,0.11768268268268268,0.22989622472624696,2.495539838510075,37.15
187,synthetic_planning_reference_v5,moderate,0.49644562633601896,1.0939302124875994,0.0416666666667879,0.182118908002986,3.16293952707345,31.95,0.05661036036036036,0.22504892060219836,3.4248256105568555,36.6
188,synthetic_planning_reference_v5,mild,0.5540502147618788,0.8281057484333103,0.121666666667079,0.104866468705588,3.05108621192983,34.3,0.15266891891891893,0.13614210346630365,3.1623685172245484,37.050000000000004
189,synthetic_planning_reference_v5,moderate,0.5286007918131822,2.4573142748852623,0.0583333333336213,0.215284812901632,2.82544657632759,31.5,0.10731231231231231,0.3411490253481448,3.2265582081011805,38.15
190,synthetic_planning_reference_v5,low,0.20346487728197307,0.07115240581736097,0.069166666666797,0.158343459070483,2.84014703809592,33.45,0.06973348348348349,0.17657767607431207,2.5738774451750035,35.75
191,synthetic_planning_reference_v5,mild,0.579571390596146,0.9718855820309372,0.0725000000002638,0.0865757421135513,3.45758296336221,34.0,0.11502002002002001,0.13551735409409074,3.4645215937392884,37.7
192,synthetic_planning_reference_v5,severe,0.4707036601877731,2.2928325313816864,0.0691666666668425,0.192460470402434,3.3705198288214,31.15,0.12454954954954955,0.3421309091284336,3.5115785968245214,37.85
193,synthetic_planning_reference_v5,moderate,0.5265921034461378,0.8672242201543648,0.0508333333335031,0.210023589123814,3.48255616467918,33.9,0.0531569069069069,0.27826542482287697,3.5287821900170706,37.45
194,synthetic_planning_reference_v5,mild,0.23956878332154694,1.3771118423488313,0.0975000000003092,0.111491362297412,3.0606325195633,29.0,0.12679179179179179,0.17485396730502137,3.235838916604434,36.0
195,synthetic_planning_reference_v5,mild,0.6247112215274253,0.7586372016742641,0.121666666667124,0.150740167548792,3.02274661290672,33.7,0.16430555555555554,0.2109171137186858,3.2071293854759917,36.95
196,synthetic_planning_reference_v5,mild,0.6095762121516348,0.9219195545826231,0.0591666666668971,0.187227728018535,3.1569374269367,34.55,0.06789164164164163,0.2315909180362669,3.206397918828417,37.65
197,synthetic_planning_reference_v5,mild,0.3663274027465262,0.7174743948702511,0.0691666666669335,0.164340957551386,2.72261531473057,34.8,0.09364864864864865,0.20527620935318644,2.737978406531719,37.15
198,synthetic_planning_reference_v5,moderate,0.6642796338116534,1.3846872198865465,0.105000000000473,0.186585708384524,3.0534711872858,32.65,0.16881006006006008,0.25236042430236555,3.396770148926047,37.550000000000004
199,synthetic_planning_reference_v5,moderate,0.4729932151952168,2.5724379579914682,0.0683333333336577,0.226498531566009,3.56024165734866,32.0,0.12525025025025027,0.37153030839415824,4.117481944393054,38.85
200,synthetic_planning_reference_v5,mild,0.5242275719524779,1.059546000767122,0.136666666667088,0.135411108589289,3.24562447259039,36.5,0.17781906906906908,0.18623456686032908,3.1785855896268136,38.35
201,synthetic_planning_reference_v5,low,0.6593783151136985,0.1431308181999861,0.130000000000382,0.197039541467329,3.39998502507793,30.7,0.15004129129129132,0.21074053011037186,3.173602538852838,33.35
202,synthetic_planning_reference_v5,severe,0.39567898935067,2.4796124156543957,0.0616666666668607,0.158348194325343,3.6145246088777,28.5,0.1519181681681682,0.22757606398729716,4.137798779808807,37.7
203,synthetic_planning_reference_v5,moderate,0.49712408749908554,1.747739739095857,0.0658333333336032,0.224522491568801,2.77503751326414,29.35,0.094009009009009,0.3046180132272303,3.2658146462342716,34.25
204,synthetic_planning_reference_v5,mild,0.17235813756914486,0.3074392323941241,0.0416666666669244,0.0929869400941464,2.48427965833632,31.45,0.04990665665665665,0.08888912363709502,2.100344999372991,34.1
205,synthetic_planning_reference_v5,mild,0.4213440553667814,0.6117146553434993,0.0858333333337669,0.107056295056374,3.02115627369192,34.25,0.10815315315315314,0.13442443005957758,2.9616779247497904,36.75
206,synthetic_planning_reference_v5,low,0.7913019243498377,0.1233796039404772,0.0866666666669516,0.256693487596715,3.30003472550349,32.95,0.08752252252252252,0.25548166285906054,3.1375217073698307,35.65
207,synthetic_planning_reference_v5,mild,0.5696804349455118,0.9517430816819498,0.137500000000591,0.127338918579646,2.71010356487304,31.5,0.20221846846846847,0.165851099592909,2.8189730557939923,36.0
208,synthetic_planning_reference_v5,low,0.7832368539290832,0.11703412251343043,0.0816666666669789,0.218160563740309,3.20395624475889,34.0,0.09653153153153152,0.2424562726849496,3.008313330496152,35.65
209,synthetic_planning_reference_v5,severe,0.5115709435266156,3.2097854351639037,0.0733333333336304,0.144270869364938,2.93174173191066,34.55,0.0916066066066066,0.3154550161218232,3.8807418423748397,39.400000000000006
210,synthetic_planning_reference_v5,mild,0.8296928190860872,0.6189019997956221,0.117500000000518,0.134830844649318,3.43100049258624,36.6,0.15492117117117116,0.1968049080677641,3.3602072384577135,37.95
211,synthetic_planning_reference_v5,low,0.679037837905288,0.16666254220081028,0.0775000000002819,0.253018979595746,3.29480200250373,34.0,0.0807957957957958,0.24778629492978985,3.1819141667726436,36.300000000000004
212,synthetic_planning_reference_v5,mild,0.47938598766860635,0.7161698265767042,0.0891666666669153,0.197351097711172,2.8634590232066,33.8,0.12342842842842844,0.24183691713054403,2.7685008211371245,36.4
213,synthetic_planning_reference_v5,mild,0.8499409328395149,1.4045378384439375,0.0975000000003547,0.170937370298063,3.36592694936718,39.2,0.15304429429429428,0.19676067485800766,3.6228095857445264,40.800000000000004
214,synthetic_planning_reference_v5,moderate,0.5800437582748151,0.7586437956719843,0.0800000000002001,0.157683240882773,3.10663131001079,35.95,0.11137637637637637,0.2048653500580213,3.172832260951364,37.95
215,synthetic_planning_reference_v5,moderate,0.47771712410581363,1.4625698158796987,0.0900000000002819,0.0992423247072081,2.76957247701024,34.55,0.13463963963963965,0.1767407078687018,2.739030680820729,38.45
216,synthetic_planning_reference_v5,mild,0.7758970271893564,0.958210372359434,0.0841666666669425,0.26118858898568,2.7136812020786,32.75,0.10337837837837838,0.2909755795301867,2.813965480325443,37.050000000000004
217,synthetic_planning_reference_v5,severe,0.49782082673075756,1.928373707291673,0.10083333333373,0.129737301146045,3.38630682993404,35.35,0.1759421921921922,0.20822613956694347,3.7209541312069856,39.050000000000004
218,synthetic_planning_reference_v5,mild,0.7711937994374045,1.3937618559272236,0.084166666666988,0.195423713818235,3.11479336682925,32.9,0.09569069069069068,0.2433418868764138,3.3528408868051782,36.95
219,synthetic_planning_reference_v5,mild,0.5573245389347289,0.5796509980627427,0.0466666666668516,0.217576914957072,2.83916969372538,31.0,0.05741616616616616,0.2627964431850255,2.7952303161013474,34.25
220,synthetic_planning_reference_v5,low,0.4972512542870719,0.1152832838367466,0.110833333333767,0.166074733823957,3.56438017804518,34.65,0.12735235235235237,0.1924958159159451,3.4066160407741863,36.7
221,synthetic_planning_reference_v5,moderate,0.5499307540495358,2.239103871383179,0.0975000000004002,0.174597672265002,3.10526314869299,37.6,0.1281931931931932,0.21133606888884673,3.6094348137299592,40.85
222,synthetic_planning_reference_v5,severe,0.30400354019210596,1.7812146385620569,0.0416666666667879,0.118120613843967,2.85795459797001,32.5,0.08019519519519519,0.21366960646824265,3.0498868936170864,37.4
223,synthetic_planning_reference_v5,mild,0.45389090730096127,0.45808588011947654,0.0650000000003274,0.098977311602998,2.76900942843682,33.1,0.06800675675675676,0.12035018648000002,2.556288406754463,36.1
224,synthetic_planning_reference_v5,mild,0.5905290529764169,0.7224516528764664,0.0708333333336213,0.232666382369132,2.99218132107622,35.55,0.0980930930930931,0.2572496704890303,3.007259464552406,37.9
225,synthetic_planning_reference_v5,severe,0.4208058708421916,2.260452805302809,0.048333333333585,0.162367528082253,3.37356424952305,28.75,0.09412912912912913,0.24481554998597274,3.7146628146330167,36.35
226,synthetic_planning_reference_v5,moderate,0.2224906520255965,1.121814665714864,0.0441666666668425,0.141679056309727,2.72856545332252,30.1,0.05971846846846846,0.20881602370387584,2.827463324951121,35.85
227,synthetic_planning_reference_v5,mild,0.27966432017366183,0.7280770724294805,0.109166666667079,0.135411132975939,2.55246440016569,33.4,0.13772272272272273,0.18531710604335336,2.5483630493554257,36.75
228,synthetic_planning_reference_v5,low,0.2791854471114505,0.1145862638105287,0.0483333333335395,0.173354305467379,2.73903968959688,33.65,0.056149899899899894,0.19307506437081545,2.371873457496985,36.15
229,synthetic_planning_reference_v5,moderate,0.4906427248993193,2.18511126296462,0.080000000000382,0.175292707382043,2.71935874095283,30.75,0.16505630630630633,0.2826319447172199,3.405392928071108,37.800000000000004
230,synthetic_planning_reference_v5,mild,0.6043972036523729,0.4628643485375172,0.0716666666656238,0.113704506507292,3.33772594624656,37.85,0.08475975975975976,0.12792445915073758,3.268194916371791,38.7
231,synthetic_planning_reference_v5,mild,0.4971311673036569,1.0945800445443292,0.0633333333324117,0.200900184737649,2.86293375199826,30.05,0.08668168168168168,0.2466700740495185,3.2217344648894133,36.25
232,synthetic_planning_reference_v5,mild,0.5752525204164305,0.5467043099524358,0.0341666666661695,0.209263996981806,3.53709796137935,31.95,0.04,0.23827822165796286,3.4349244061346473,34.550000000000004
233,synthetic_planning_reference_v5,moderate,0.38919553225696585,1.4049691630998549,0.0799999999988358,0.0936814262607312,2.99974257290957,36.05,0.12314814814814816,0.1872302391498281,3.026068848975459,39.25
234,synthetic_planning_reference_v5,moderate,0.267959470445553,0.8656050149904242,0.0508333333325936,0.198537441256567,2.7925171214969,35.1,0.06109984984984985,0.2635360402831409,2.7484260495617283,37.45
235,synthetic_planning_reference_v5,severe,0.40324571419785343,3.1271554273003135,0.0466666666659876,0.107207529855021,3.22785918277799,32.3,0.10193693693693694,0.24474178444387482,4.20353289931491,39.6
236,synthetic_planning_reference_v5,mild,0.5110699818009746,1.1943528302118405,0.0883333333320479,0.179980207224543,3.26977743705877,33.65,0.12230730730730732,0.24813023893624458,3.395615135619982,37.25
237,synthetic_planning_reference_v5,moderate,0.38751197064541565,2.1714018651225695,0.0433333333327027,0.191906001015784,2.915398383756,34.2,0.09701201201201201,0.30885148625603,3.635169054369266,38.550000000000004
238,synthetic_planning_reference_v5,mild,0.46122467798313793,0.8253702394890344,0.0933333333319752,0.132275810615193,2.82922728304151,32.45,0.12272772772772773,0.1806688247110151,2.9934935584401043,36.550000000000004
239,synthetic_planning_reference_v5,low,0.7380694209993752,0.0981788217771269,0.0733333333322662,0.25844385207632,3.09210744322687,32.45,0.07307182182182181,0.250978903251751,2.7514756582110587,34.9
240,synthetic_planning_reference_v5,low,0.6141650476801439,0.14145853118461138,0.0541666666658784,0.197791390004475,3.49105888730068,33.7,0.05350225225225225,0.21713348093734605,3.2562718270311533,35.85
241,synthetic_planning_reference_v5,low,0.17472604534375502,0.07992513681958678,0.0716666666656238,0.0814212885963275,2.63633863777389,27.85,0.07887387387387387,0.08299160890039937,2.3244824941352675,32.25
242,synthetic_planning_reference_v5,mild,0.45911090419652434,0.47951863721537885,0.0824999999987995,0.122905784235018,3.03669419780751,35.6,0.10843343343343342,0.14737692754875828,2.9823280115942574,37.300000000000004
243,synthetic_planning_reference_v5,mild,0.618731406345663,1.2903748861427247,0.0808333333321571,0.245263218401846,2.85241488121142,30.9,0.11081581581581582,0.2860393819094885,2.9224496958290467,34.6
244,synthetic_planning_reference_v5,mild,0.3902788335192843,0.3206225086738129,0.0649999999990541,0.104984086438334,3.26606238574497,36.7,0.06731606606606606,0.11410365486576268,3.1488104379142836,37.800000000000004
245,synthetic_planning_reference_v5,mild,0.6137198014123744,1.0114884697299513,0.104166666665151,0.236839037525422,3.13616413140858,34.7,0.13814314314314316,0.27945700179479227,3.223622474866814,38.550000000000004
246,synthetic_planning_reference_v5,moderate,0.2702082940375061,0.8866166411751002,0.0633333333324117,0.198463057494104,3.06701809481825,28.3,0.07959459459459459,0.22369830577985406,3.0119735039123476,33.1
247,synthetic_planning_reference_v5,mild,0.34246760373687557,0.8247718165673187,0.0916666666653327,0.0857254062257856,3.03135287947245,30.45,0.1312762762762763,0.1492919958572879,3.104637162996427,34.65
248,synthetic_planning_reference_v5,mild,0.20575038566743095,0.42828974461362307,0.0774999999988722,0.0807880213651998,2.55356570601354,29.65,0.08728228228228228,0.09506221749075813,2.390031213405215,33.25
249,synthetic_planning_reference_v5,mild,0.3510793461260568,0.7487950126673173,0.0716666666656238,0.200564407125397,2.55219155695287,35.9,0.09256756756756757,0.23983802395770895,2.4644070976706742,38.35
250,synthetic_planning_reference_v5,moderate,0.1923621542755999,1.064326009885155,0.0566666666658421,0.155226311763575,3.08920797002246,31.6,0.08596096096096097,0.18721490448126507,3.2577146654353184,35.95
251,synthetic_planning_reference_v5,mild,0.2542828879053335,0.5383396307689526,0.0874999999987267,0.105915338821857,2.77783690592121,31.75,0.10773273273273272,0.1257202291531884,2.716991140083792,35.550000000000004
252,synthetic_planning_reference_v5,severe,0.7230892178888891,4.3563381664642495,0.109166666665078,0.211760806064366,3.13834894050635,35.7,0.21795295295295294,0.33339964713564585,3.98251408739183,41.6
253,synthetic_planning_reference_v5,moderate,0.2518251289318274,1.1394741041092589,0.0691666666656602,0.198782919068784,2.6058180611535,31.4,0.0982132132132132,0.2757590527274621,2.637935227599052,36.45
254,synthetic_planning_reference_v5,moderate,0.9711096204127446,1.468837452061196,0.316666666662059,0.129062786511753,3.62355298629206,42.45,0.29249749749749754,0.16458983802026708,3.6830152575675505,41.6
255,synthetic_planning_reference_v5,moderate,0.30786987184327547,1.6823460526833853,0.0591666666658057,0.200198788846231,2.92542052430634,33.35,0.10397897897897897,0.2665883443352804,3.262331785558905,37.75
256,synthetic_planning_reference_v5,moderate,0.5715057189839812,1.6218951237504224,0.147499999997854,0.113618667894659,3.77060954559685,34.2,0.20672297297297298,0.21204332959769032,3.8190915996783836,38.1
257,synthetic_planning_reference_v5,moderate,0.6490143007762249,1.8147349807871214,0.0858333333320843,0.17463225929123,3.09628478526218,34.75,0.11572072072072072,0.24955885321923793,3.4326842604233727,38.85
258,synthetic_planning_reference_v5,low,0.6162547383376987,0.18785910256097732,0.044166666666024,0.222241002562436,3.25583187620409,32.7,0.05200575575575575,0.23763856200284847,3.0310294353406912,35.5
259,synthetic_planning_reference_v5,severe,0.683150488838838,4.432387531467629,0.132499999998072,0.110831479265626,3.22247888613242,35.8,0.26496996996996985,0.21370881815848145,4.396583440643241,41.650000000000006
260,synthetic_planning_reference_v5,moderate,0.2988870111606647,1.986343309398805,0.0674999999990177,0.192236079455564,3.12341715401185,28.45,0.12553053053053054,0.31202601698669524,3.467057989738443,36.85
261,synthetic_planning_reference_v5,severe,0.7176096398554553,2.947244256560057,0.0599999999991269,0.223227234387108,3.10573411816083,32.6,0.12258758758758759,0.31280832000427206,3.6822340785882166,39.1
262,synthetic_planning_reference_v5,low,0.07804164565306669,0.08219450212372448,0.0674999999990177,0.0996473930712736,2.75652854930888,36.1,0.05879754754754754,0.0904132019404917,2.4560269647785504,37.4
263,synthetic_planning_reference_v5,moderate,0.23943377186700676,1.22291719022263,0.0533333333325572,0.13523137721915,2.78725978336349,28.4,0.09244744744744744,0.16457578395273698,2.817203189652369,33.4
264,synthetic_planning_reference_v5,mild,0.4494419735796358,0.7760369023139785,0.0658333333323753,0.222606747078446,3.13019441400411,29.4,0.08007507507507508,0.24327863474273226,3.1751312112590773,33.300000000000004
265,synthetic_planning_reference_v5,mild,0.26059418158043646,0.4809150361680369,0.0591666666658057,0.205403678863414,2.76469029824111,30.75,0.06593468468468468,0.23105745864324953,2.658796289586223,34.0
266,synthetic_planning_reference_v5,mild,0.20548612801077282,0.9201989708964909,0.0633333333324117,0.137971066884169,3.31151285434172,31.75,0.08463963963963964,0.22568003655340393,3.4557166744039645,36.050000000000004
267,synthetic_planning_reference_v5,mild,0.5750771298088195,0.6873478192132365,0.0616666666657693,0.159493518232937,3.5790753994863,33.0,0.06881256256256256,0.1917601493917658,3.5843297409524015,36.9
268,synthetic_planning_reference_v5,low,0.5740015511738562,0.10118881283784834,0.0733333333322662,0.211567594609207,3.18061323946576,33.4,0.07635135135135135,0.22960469176092782,2.962953286151125,36.0
269,synthetic_planning_reference_v5,severe,0.8678053592645162,2.461585790671813,0.190833333330556,0.147029519752277,3.41703341901139,38.75,0.269974974974975,0.2958080356404421,3.8683753612498752,41.7
270,synthetic_planning_reference_v5,severe,0.6031646918141266,4.667318968358173,0.0716666666656238,0.226668028112873,2.76502679075672,34.0,0.21498123123123125,0.37748587381587734,4.180700926050095,41.75
271,synthetic_planning_reference_v5,severe,0.4885054045727629,2.526705848117676,0.0699999999989814,0.118932296276359,3.14922586773798,34.45,0.123988988988989,0.15797402993525425,3.662618375657451,39.35
272,synthetic_planning_reference_v5,low,0.39430288963285887,0.10911541596190678,0.139999999997963,0.0909360818401557,2.82106493546203,37.35,0.1823235735735736,0.09411493102076807,2.535440176680377,37.65
273,synthetic_planning_reference_v5,severe,0.6167584165196356,5.372855994891777,0.0624999999990905,0.225163986818588,3.57697186735637,32.05,0.20409534534534535,0.36494540170614204,4.441416328750017,40.400000000000006
274,synthetic_planning_reference_v5,mild,0.6735745670765357,0.7578965849115514,0.101666666665187,0.107533231686317,2.9933597101519,33.85,0.13744244244244244,0.1283667547733948,2.903132001277104,36.800000000000004
275,synthetic_planning_reference_v5,mild,0.8227095386060023,2.110673162569242,0.160833333330993,0.189576750503173,3.22151419158454,36.35,0.239974974974975,0.28063942390043994,3.8026975392146696,39.2
276,synthetic_planning_reference_v5,severe,0.300453150649748,2.01158224675323,0.0491666666659512,0.21721593785132,3.03518726151433,30.3,0.10241741741741742,0.37781509492811627,3.423149237744444,37.550000000000004
277,synthetic_planning_reference_v5,moderate,0.4986796235459728,1.8907269648836573,0.0774999999988722,0.0846623715307635,3.63501908546665,36.5,0.15642267267267268,0.1383142543747908,3.993993567544153,39.7
278,synthetic_planning_reference_v5,mild,0.37620024295773785,0.493681485965772,0.0466666666659876,0.17994909853953,3.26781727364507,32.85,0.053387137137137136,0.22560299627950542,3.1430900624227127,36.1
279,synthetic_planning_reference_v5,mild,0.2972062529850363,0.8648926792346942,0.0366666666661331,0.183452418308601,3.09086334440534,31.15,0.06397772772772772,0.2157468487689234,3.072711583155359,36.0
280,synthetic_planning_reference_v5,moderate,0.49243210582866975,1.8860696924735945,0.105833333331793,0.118011118967218,3.09012825912711,38.35,0.1789451951951952,0.22941255274543776,3.3766479018325097,39.5
281,synthetic_planning_reference_v5,low,0.323081844445045,0.06412042543511606,0.092499999998654,0.211836770601492,2.77803286358677,33.5,0.09905405405405406,0.22965913167954777,2.5188502526067498,35.65
282,synthetic_planning_reference_v5,low,0.49475227493445156,0.11010465213588899,0.076666666665551,0.179024311013544,3.15525889155721,30.3,0.08548048048048047,0.1942497459657052,2.975405057328258,33.25
283,synthetic_planning_reference_v5,severe,0.6314242951147251,1.7786345469826745,0.106666666665114,0.138845286544612,3.49033401733111,43.15,0.17181306306306304,0.22826848225726815,3.8536197409975133,41.800000000000004
284,synthetic_planning_reference_v5,moderate,0.18144751487847496,0.8484870191248242,0.0641666666657329,0.143267283548513,2.8896415821574,31.15,0.06478353353353353,0.22575526679877553,3.0365310703467254,36.050000000000004
285,synthetic_planning_reference_v5,low,0.4183906589535388,0.07807840838190974,0.106666666665114,0.104569814999688,3.02433413781947,33.2,0.12104604604604605,0.11016899762516158,2.764165307716484,35.4
286,synthetic_planning_reference_v5,low,0.7276244490785784,0.09391047713614277,0.0833333333321207,0.258087632017229,3.14800083123046,33.6,0.07803303303303304,0.24741317417755715,2.917559780502976,35.550000000000004
287,synthetic_planning_reference_v5,mild,0.4627912992088428,0.5579029396430444,0.0516666666659148,0.202181040593633,3.59851772433148,28.0,0.08836336336336337,0.2293636795988904,3.5749793865665676,32.800000000000004
288,synthetic_planning_reference_v5,low,0.5713676802509084,0.11788905528727209,0.142499999997926,0.199596945643723,3.03269155788923,33.7,0.1714376876876877,0.22397476356792378,2.81680386111771,35.300000000000004
289,synthetic_planning_reference_v5,severe,0.5704375876187727,4.250709766747218,0.0916666666653327,0.204267157429453,3.10145879308382,37.0,0.16580705705705706,0.3383031926414745,3.515986598740165,41.85
290,synthetic_planning_reference_v5,mild,0.623818582240424,0.691041172850888,0.052499999999236,0.178042418678184,3.36066953002145,31.1,0.05442317317317317,0.2033530450083273,3.3530099907519206,34.4
291,synthetic_planning_reference_v5,moderate,0.6046533570512792,1.9599009497315012,0.0641666666657329,0.156337975605058,2.89097906896558,31.95,0.11782282282282283,0.24247468238766434,3.447347118767661,38.2
292,synthetic_planning_reference_v5,mild,0.5972937799505091,0.8033274917779433,0.112499999998363,0.157824980419389,3.1485986321829,37.55,0.14628753753753757,0.20608892986732494,3.290792701153127,38.650000000000006
293,synthetic_planning_reference_v5,mild,0.27833429150447875,0.5902072808875288,0.052499999999236,0.149283024679036,3.22402079492271,30.4,0.060639389389389384,0.18670666829103635,3.1938748416357017,34.7
294,synthetic_planning_reference_v5,mild,0.7280999655031586,1.3031719985393417,0.146666666664532,0.164949864298965,3.89256392178558,39.9,0.20709834834834834,0.2106719924871398,3.9300777968399507,40.25
295,synthetic_planning_reference_v5,severe,0.44006725522858847,2.9922585898873084,0.0716666666656238,0.223374635020071,2.92650726922694,30.9,0.17331456456456457,0.3227719490142758,3.7247890888709674,38.5
296,synthetic_planning_reference_v5,mild,0.11683661069661529,0.6636503836022978,0.044166666666024,0.157150035195817,2.85956001876556,32.1,0.054653403403403404,0.1963198734988786,2.7155405523841507,35.9
297,synthetic_planning_reference_v5,moderate,0.3779471841189239,0.9948874782054634,0.108333333331757,0.082779529191521,3.29500530071769,29.15,0.17031156156156158,0.13948665280829592,3.433670242782156,33.5
298,synthetic_planning_reference_v5,moderate,0.6481011798872778,0.9640543198862677,0.0958333333319388,0.193756084452919,3.40251304806686,37.7,0.13071571571571572,0.2481524868345498,3.568310682776076,38.95
299,synthetic_planning_reference_v5,severe,0.4936659373488665,3.018720268452341,0.0599999999991269,0.173019913746774,3.03581757597008,31.95,0.10535035035035034,0.27681667807007554,4.014431199060387,39.6
300,synthetic_planning_reference_v5,mild,0.2951240308544381,0.7217593680543241,0.109999999998399,0.079443297269691,3.44019275591948,30.0,0.138003003003003,0.07844602079390729,3.368197562934068,33.45
301,synthetic_planning_reference_v5,mild,0.6121478029025411,0.7670335438769275,0.0833333333321207,0.178615164254378,2.38750888377867,37.7,0.10829329329329329,0.2225448324990949,2.153451579780055,38.7
302,synthetic_planning_reference_v5,low,0.25952719656613166,0.10417371875738297,0.0458333333326664,0.169515010795703,2.96999233140516,31.1,0.05043218218218218,0.18142789915879762,2.6748409761088077,33.300000000000004
303,synthetic_planning_reference_v5,low,0.31290140632019164,0.06465681209836825,0.0733333333322662,0.112427029991108,2.78298660243928,34.0,0.06628003003003002,0.11452132253248919,2.529420889235847,36.2
304,synthetic_planning_reference_v5,moderate,0.6599708606082927,2.058768708609336,0.106666666665114,0.214781314226194,2.99340665834989,33.05,0.17706831831831832,0.3165322226866578,3.375409051420757,38.800000000000004
305,synthetic_planning_reference_v5,moderate,0.526189744819894,2.7962055096097305,0.0458333333326664,0.185128045336981,3.02274992212328,33.4,0.14178303303303302,0.31894793267531146,3.587246288956763,39.150000000000006
306,synthetic_planning_reference_v5,low,0.679163344807533,0.16308864660918945,0.0799999999988358,0.137917377204284,3.76472491015369,39.1,0.08824324324324324,0.16013563736837047,3.4990381966461284,38.400000000000006
307,synthetic_planning_reference_v5,low,0.6233487768147303,0.2553719333375916,0.0783333333321934,0.233002865462945,3.60832496786756,31.65,0.08884384384384383,0.24269466056241132,3.463074028488393,33.800000000000004
308,synthetic_planning_reference_v5,severe,0.6996106000084462,3.891973253897089,0.119999999998254,0.104397871512026,2.56540158582896,32.95,0.2112274774774775,0.23664402520353675,3.9144271684865855,40.900000000000006
309,synthetic_planning_reference_v5,moderate,0.55479694824185,1.1854857240357655,0.156666666664387,0.0843980406681114,3.13876684459894,35.2,0.20296921921921923,0.15549994227916705,3.38013880003205,38.650000000000006
310,synthetic_planning_reference_v5,low,0.41854814380871924,0.054321794063857586,0.0708333333323026,0.257450580084642,3.12504532075437,32.1,0.06812187187187187,0.2606563824914728,2.9338204719416106,33.7
311,synthetic_planning_reference_v5,mild,0.3509691203906333,0.7139043423037962,0.0583333333324845,0.0975759619627023,3.31564977133673,34.7,0.06190565565565565,0.1229680695155916,3.4347753057392505,37.300000000000004
312,synthetic_planning_reference_v5,severe,0.47260772285685626,2.5784563901392064,0.0658333333323753,0.111390632672713,3.04158801107522,33.8,0.14140765765765767,0.2179862870055014,3.5658092945193167,38.75
313,synthetic_planning_reference_v5,low,0.26279759580516004,0.10519984439545597,0.0666666666656965,0.253519594396536,2.68571227132575,32.6,0.0691579079079079,0.24865291224137276,2.422355001728864,34.800000000000004
314,synthetic_planning_reference_v5,low,0.7780517157112272,0.08950563738791746,0.109166666665078,0.12129756391068,3.10630886886654,33.25,0.1295945945945946,0.1468042236421075,2.86604288820453,35.300000000000004
315,synthetic_planning_reference_v5,low,0.8888668755091166,0.07187521201788394,0.229999999996653,0.157465955631863,3.09519666618811,35.85,0.2624674674674674,0.18236293155584649,2.8597208738326274,37.1
316,synthetic_planning_reference_v5,low,0.4508725155284968,0.11759481452032347,0.0516666666659148,0.223818526535854,3.3701603972802,33.5,0.05684059059059059,0.2349957569324849,3.2519536603887023,35.7
317,synthetic_planning_reference_v5,low,0.25252841170509177,0.07939893127169842,0.105833333331793,0.0746606863693783,3.37422967427842,31.25,0.12651151151151152,0.0608312803218389,3.2408548069425382,34.15
318,synthetic_planning_reference_v5,moderate,0.5146916030834983,0.9645423035056975,0.0499999999992724,0.162056044970873,3.53917989187715,32.6,0.08163663663663663,0.18880857394893927,3.651846779004554,36.25
319,synthetic_planning_reference_v5,severe,0.3937428142284266,2.798934627703521,0.0691666666656602,0.167299723304702,2.99231260042907,31.1,0.1330980980980981,0.22657958999197753,3.675626177724008,37.9
320,synthetic_planning_reference_v5,severe,0.4894086149643584,2.217761210075909,0.0658333333323753,0.149813108517781,2.95706558502109,29.9,0.09136636636636636,0.2276172588265605,3.4287003789066217,36.85
321,synthetic_planning_reference_v5,mild,0.8179890244042071,0.6442832551025766,0.104166666665151,0.139520588476179,3.55845570306726,37.55,0.13365865865865867,0.17295523716445554,3.46385090681413,38.550000000000004
322,synthetic_planning_reference_v5,low,0.6084330759318712,0.10796865137279248,0.0733333333322662,0.221652078084814,2.62441294485149,32.6,0.06766141141141141,0.2319903455389854,2.362424293529333,34.95
323,synthetic_planning_reference_v5,moderate,0.8070971513431782,2.5071236317544705,0.133333333331393,0.190720993327616,3.23416361051267,36.9,0.19358483483483485,0.2858720310614255,3.5317372878366258,40.45
324,synthetic_planning_reference_v5,low,0.8767797531835911,0.11866008925690515,0.124999999998181,0.245072341792376,3.35381594507626,34.55,0.14103228228228232,0.24448101868350453,3.1768520587960856,36.2
325,synthetic_planning_reference_v5,low,0.2909566657678828,0.03342709625290606,0.0558333333325209,0.19759730486639,2.74573441325271,29.45,0.05407782782782782,0.22149229937625178,2.44398290972208,32.45
326,synthetic_planning_reference_v5,moderate,0.6199941762567539,0.9975892589319811,0.072499999998945,0.176655719131032,3.33424924028013,31.55,0.10385885885885886,0.21462628012481774,3.3899426611924937,36.65
327,synthetic_planning_reference_v5,mild,0.48099386795648325,1.60290374993261,0.130833333331429,0.128760349488,3.02827536662804,35.35,0.18269894894894895,0.20175030365806532,3.31354705286385,39.0
328,synthetic_planning_reference_v5,mild,0.5808299114774451,0.7857107263495243,0.076666666665551,0.229286724526501,3.09870765114421,29.55,0.1028978978978979,0.27551575900434405,3.09274304837303,34.2
329,synthetic_planning_reference_v5,moderate,0.49470568453823494,1.6047579376993397,0.0624999999990905,0.203654795825828,3.54391409146141,34.45,0.08367867867867868,0.2469798738483279,3.584591146339576,37.65
330,synthetic_planning_reference_v5,mild,0.8187490696492924,2.4069296444083452,0.167499999997563,0.184560862323228,3.07978984404294,36.85,0.25245745745745735,0.25559937842937286,3.651483008949173,40.25
331,synthetic_planning_reference_v5,moderate,0.49480645236577414,0.7925008695878353,0.0833333333321207,0.228261657616334,2.86295864425619,30.8,0.10661161161161162,0.2929651683076501,2.861904147952039,34.95
332,synthetic_planning_reference_v5,mild,0.32857435752914554,0.7618312524718306,0.0774999999988722,0.16360766494488,3.29603715368405,33.85,0.08956456456456456,0.21156898234703697,3.32341669394462,37.300000000000004
333,synthetic_planning_reference_v5,moderate,0.38302032762992444,1.4470773654073397,0.0791666666655146,0.123919415219045,2.95813640537594,32.15,0.1004954954954955,0.19009812375429025,3.28494310086003,37.45
334,synthetic_planning_reference_v5,moderate,0.29798992847572936,1.094668431250693,0.0299999999995634,0.170680246937535,3.52960372647703,28.75,0.0460528028028028,0.24354254735694453,3.4569082202578993,33.6
335,synthetic_planning_reference_v5,moderate,0.6625814836497187,2.0456131444097068,0.0716666666656238,0.225155546495296,2.78750138660533,32.05,0.14028153153153153,0.323594277234519,3.361079444214115,39.25
336,synthetic_planning_reference_v5,mild,0.8083444066932333,0.8767561900744343,0.148333333331175,0.0810587244284684,3.39746633160064,34.9,0.19658783783783784,0.11034715274630237,3.3874191337637947,37.6
337,synthetic_planning_reference_v5,severe,0.1972298223984155,1.0389436773216225,0.0949999999986176,0.140308919864768,3.00706731148977,31.05,0.1340790790790791,0.21909878118460074,3.2125358703408664,36.300000000000004
338,synthetic_planning_reference_v5,moderate,0.22383076094021387,1.5515989150069365,0.0433333333327027,0.212548041481756,2.20447206149837,31.65,0.09737237237237237,0.2636333393976159,2.3559369037143343,37.35
339,synthetic_planning_reference_v5,moderate,0.5698701003999779,1.1781333121731055,0.0658333333323753,0.138331822100443,2.91675031681053,29.6,0.12426926926926926,0.18304344156769958,3.0540943182070737,35.0
340,synthetic_planning_reference_v5,moderate,0.2634838486264213,1.7356512097303145,0.0983333333319024,0.114546963743553,2.84986031412785,30.65,0.13351851851851854,0.22859168576696126,3.393156258792732,36.2
341,synthetic_planning_reference_v5,moderate,0.48703998051662056,0.6136874460684972,0.104166666665151,0.152082492188911,3.28286495556438,32.05,0.12384884884884886,0.19097606990796898,3.2648540154299384,34.5
342,synthetic_planning_reference_v5,mild,0.5396755006049562,0.4433880165291547,0.0916666666653327,0.210305514551378,2.78902681642114,28.7,0.09989489489489489,0.23509763634423772,2.6594267543577614,32.6
343,synthetic_planning_reference_v5,low,0.4051099777558843,0.07803786540610899,0.0608333333324481,0.22029145835112,3.01864240008926,33.1,0.06259634634634634,0.2346375940837928,2.7691214466865026,34.800000000000004
344,synthetic_planning_reference_v5,mild,0.9429127470775833,1.0559445648402555,0.196666666663805,0.166127793802856,3.63981390008985,40.5,0.23897397397397402,0.19878847357841845,3.636121989301191,39.95
345,synthetic_planning_reference_v5,moderate,0.403953288154773,2.1756857473527007,0.0424999999993815,0.210698213950483,2.78603188082047,31.0,0.07330205205205205,0.3554970428162644,3.367101550668956,38.0
346,synthetic_planning_reference_v5,mild,0.6154109640874129,0.611540951389459,0.132499999998072,0.175459526629489,3.13925321718659,33.35,0.17969594594594596,0.21578277060027248,3.0910088181848083,36.25
347,synthetic_planning_reference_v5,mild,0.7748884397420838,1.4194230476050964,0.116666666664969,0.181856600036702,2.64761859758003,36.75,0.14891516516516518,0.24066016553602795,2.855703711707947,38.85
348,synthetic_planning_reference_v5,severe,0.5266510203420222,3.401638425465498,0.0624999999990905,0.208048664534338,3.37016615577254,32.3,0.1834496996996997,0.29125389683474,3.961321827033118,39.25
349,synthetic_planning_reference_v5,mild,0.24482270295289596,0.5011086293817963,0.0474999999993088,0.115833019307909,3.08789132939049,37.05,0.06823698698698698,0.14570762005994956,3.0573375938947045,38.300000000000004
350,synthetic_planning_reference_v5,moderate,0.39947289643931966,1.6671392067633843,0.108333333331757,0.239153005230972,3.38280190716518,30.65,0.1504166666666667,0.33712166448889613,3.74234993968402,36.050000000000004
351,synthetic_planning_reference_v5,low,0.4873111735132294,0.09283549134609312,0.0408333333327391,0.212885184264997,2.748584711465,30.25,0.043003003003003,0.22989525866378355,2.3806439633114542,32.95
352,synthetic_planning_reference_v5,moderate,0.22030510984455554,0.8137532332460821,0.0949999999986176,0.130217602542631,2.85341617762466,36.65,0.12945445445445447,0.1980211062254813,2.8173067425829035,38.5
353,synthetic_planning_reference_v5,low,0.7625231099639523,0.1253271136041654,0.072499999998945,0.236253899694326,3.42579744254486,34.4,0.07157532532532532,0.24234825161059512,3.1991304403356593,36.15
354,synthetic_planning_reference_v5,moderate,0.33600019419349186,1.4276840929250463,0.0408333333327391,0.174069542798009,3.06255322915405,33.95,0.05718593593593593,0.22228927943444246,3.4265101595272744,38.45
355,synthetic_planning_reference_v5,moderate,0.5684014617632113,2.384121371308342,0.0791666666655146,0.124513617009261,3.01171516580239,37.3,0.1590503003003003,0.19591085809152994,3.518313360611052,39.550000000000004
356,synthetic_planning_reference_v5,moderate,0.4757058851032777,2.63411730657983,0.076666666665551,0.261666565807863,2.79239755510925,32.8,0.12076576576576577,0.3329747456819803,3.5232853105747624,39.6
357,synthetic_planning_reference_v5,low,0.7997549313361758,0.12829337185091724,0.15916666666435,0.125755237461073,3.27972001562057,34.45,0.19808933933933937,0.14126426146342866,3.1921332284733137,36.550000000000004
358,synthetic_planning_reference_v5,mild,0.35129265000696475,0.5260881719284611,0.102499999998508,0.106384781246632,2.97502873030457,32.2,0.12020520520520522,0.13401060531558712,2.853161087524269,35.2
359,synthetic_planning_reference_v5,mild,0.6734021156762581,0.9507622410731071,0.11749999999829,0.264463786299372,2.98649316186903,32.2,0.1654316816816817,0.2971350916505483,3.2162533404949367,36.5
360,synthetic_planning_reference_v5,mild,0.497664457230001,0.7272963734133144,0.120833333331575,0.125296942573412,2.8981139553768,32.5,0.15754879879879882,0.18678158043342874,2.854822369334352,36.7
361,synthetic_planning_reference_v5,low,0.41992139837437115,0.08849413316845856,0.11083333333172,0.246764065536017,2.98874484080013,34.6,0.12286786786786787,0.24591519197952225,2.70087933078692,36.2
362,synthetic_planning_reference_v5,mild,0.3981731173837244,0.528571613916525,0.116666666664969,0.0908856087096355,2.69698181363114,30.6,0.12791291291291293,0.12901560858708927,2.549425657253862,34.45
363,synthetic_planning_reference_v5,severe,0.719672266238677,4.571213093838088,0.141666666664605,0.147641839658032,3.34442568509485,39.3,0.24497997997998,0.36100106311248553,4.433981778731794,41.900000000000006
364,synthetic_planning_reference_v5,low,0.3669192831346233,0.11225373195210037,0.0491666666659512,0.224225734670825,2.88157778735004,31.15,0.05292667667667667,0.23826426582205348,2.6167684268587372,33.0
365,synthetic_planning_reference_v5,mild,0.22865446165479178,0.4933052973061976,0.0933333333319752,0.0914009247847157,2.91663043412447,35.85,0.11558058058058059,0.12013606302511477,2.904445222138957,37.9
366,synthetic_planning_reference_v5,severe,0.4713188982680491,2.404653691742561,0.0999999999985448,0.216016750719049,2.81174338241354,31.05,0.1868280780780781,0.24703533316489226,3.3771388941092955,38.0
367,synthetic_planning_reference_v5,low,0.41041764719337914,0.05744051945333829,0.04833333333263,0.226159613843769,3.21771537850819,32.0,0.052581331331331325,0.23424843877535587,3.016857739893635,34.1
368,synthetic_planning_reference_v5,severe,0.8161177373057029,2.2444659769617314,0.194166666663841,0.1039740614631,2.80949885260694,35.1,0.28248748748748753,0.17465899157460998,3.423001928715291,39.1
369,synthetic_planning_reference_v5,mild,0.49664561533571666,1.0499878784293226,0.0658333333323753,0.185193262974523,2.64167671883082,35.95,0.07491366366366366,0.22657108830682934,2.579105474857249,38.25
370,synthetic_planning_reference_v5,moderate,0.5495240598956629,1.4892790144366774,0.0416666666660603,0.238644406470683,2.80304137225186,31.6,0.05983358358358358,0.31971882298143905,3.006405227048642,37.15
371,synthetic_planning_reference_v5,moderate,0.5222843816277827,1.3387826447536764,0.0899999999986903,0.0960615316774199,3.03786446811068,35.1,0.11852352352352352,0.15794404315804392,3.122914530402283,38.800000000000004
372,synthetic_planning_reference_v5,moderate,0.2351145898127855,1.3100717529096382,0.0633333333324117,0.155078938157848,2.94033525996792,31.8,0.07839339339339339,0.22764249160237063,3.2319498233567634,34.75
373,synthetic_planning_reference_v5,moderate,0.20602878078356351,1.4738224780828895,0.0374999999994543,0.200205922439002,2.76020399980306,32.7,0.0645533033033033,0.2668216266271103,3.0044851540056565,37.050000000000004
374,synthetic_planning_reference_v5,low,0.5607343695621807,0.06889003058606132,0.141666666664605,0.141743104937026,3.13451078831779,36.65,0.17406531531531533,0.16144401676863948,2.8844558265008535,37.2
375,synthetic_planning_reference_v5,moderate,0.4647556051251142,0.9880586564366652,0.0833333333321207,0.205315720666266,3.1067032520687,30.35,0.12174674674674675,0.24412691899649316,3.108293957844638,34.5
376,synthetic_planning_reference_v5,severe,0.6425959985232909,3.0040478902786116,0.0841666666654419,0.253721294988091,2.9500543586194,32.7,0.13842342342342345,0.3419444208415823,3.8433891521554564,39.550000000000004
377,synthetic_planning_reference_v5,low,0.9602067080661818,0.10894948310515484,0.194999999997162,0.137848653139279,3.47265575142168,36.1,0.22395895895895904,0.14760658045403616,3.307730779612656,37.4
378,synthetic_planning_reference_v5,mild,0.45648914943614566,2.0979254258308284,0.0624999999990905,0.220260459638644,2.95761906103754,35.3,0.1022972972972973,0.25116569047985304,3.459866437679293,39.7
379,synthetic_planning_reference_v5,mild,0.3406106708797982,0.716093640624602,0.0774999999988722,0.118459165959188,3.02896439441904,36.4,0.09208708708708709,0.13538474608599105,3.0810638397157826,38.050000000000004
380,synthetic_planning_reference_v5,severe,0.5517835783051805,3.0627269999031657,0.0883333333320479,0.215999346494062,3.22948173270651,33.35,0.13716216216216218,0.39385882985981113,3.8597039877436083,39.800000000000004
381,synthetic_planning_reference_v5,severe,0.27102193311891165,1.4327312594515638,0.052499999999236,0.178988721435398,2.50894473174539,30.85,0.07479854854854855,0.222612231144543,2.8878132983952067,37.25
382,synthetic_planning_reference_v5,mild,0.6523406103793602,0.6815241863995503,0.0841666666654419,0.132170599075132,3.49849068885334,37.8,0.09076576576576577,0.16853894889776325,3.519452031299797,38.550000000000004
383,synthetic_planning_reference_v5,mild,0.5293730428129176,1.0988366953575148,0.0591666666658057,0.218468739868936,3.25928458154719,32.05,0.09545045045045045,0.2369473443119573,3.267228862327242,36.550000000000004
384,synthetic_planning_reference_v5,moderate,0.6252055030666563,1.49760102783291,0.0424999999993815,0.22617926752826,2.61141029398206,32.55,0.07353228228228229,0.2525318718297647,2.805894067695169,38.1
385,synthetic_planning_reference_v5,low,0.5987787248530494,0.0961255115092213,0.163333333330957,0.110406521342571,3.16617546932932,34.5,0.20447072072072073,0.11385339896064108,2.920349633991567,36.45
386,synthetic_planning_reference_v5,mild,0.7633263254358188,0.32316992741172124,0.0949999999986176,0.214415943615281,3.27126258835129,30.8,0.11796296296296296,0.23273482737313328,3.220911610233324,33.65
387,synthetic_planning_reference_v5,moderate,0.63168940305381,1.8696517071932273,0.0641666666657329,0.218922528558381,3.0334705729086,33.25,0.11516016016016016,0.33393893046165024,3.243281073856208,39.150000000000006
388,synthetic_planning_reference_v5,mild,0.31533383976278095,0.47798076816126905,0.0649999999990541,0.135694517581149,2.81275546859458,33.3,0.06512887887887887,0.17848230193203074,2.57054127756522,36.15
389,synthetic_planning_reference_v5,mild,0.5938449220522609,1.3940092322614122,0.0708333333323026,0.178145707806652,3.12447421514204,35.5,0.1010960960960961,0.2347479598627107,3.360576217663466,38.900000000000006
390,synthetic_planning_reference_v5,moderate,0.3972756514549469,0.8768471702728663,0.0591666666658057,0.171736757605291,2.88885922423689,33.15,0.07719219219219219,0.23556345346580967,2.899167388744647,37.35
391,synthetic_planning_reference_v5,moderate,0.8397822192108977,2.142799171247127,0.203333333330374,0.0715224910828983,3.46396883053962,36.4,0.2749799799799799,0.23955908050154517,3.9336709252720574,39.85
392,synthetic_planning_reference_v5,moderate,0.32664059864309647,1.153080620879343,0.0741666666655874,0.189117843126415,2.62801987508809,31.9,0.07935435435435435,0.2354160461321379,2.5925087618628107,37.300000000000004
393,synthetic_planning_reference_v5,moderate,0.26126826187204105,1.3623763493085912,0.04833333333263,0.142889317726086,2.71502110830213,31.2,0.05914289289289289,0.21920346971560342,3.000072606492785,37.300000000000004
394,synthetic_planning_reference_v5,mild,0.39349490895452954,0.9449320944337878,0.102499999998508,0.0837432310538345,2.9128701971337,33.45,0.12931431431431434,0.12575543302310138,2.9001549362591907,37.550000000000004
395,synthetic_planning_reference_v5,mild,0.49263193272665384,0.5669267966843006,0.11083333333172,0.205056318208238,3.14200805880966,31.35,0.13113613613613614,0.242321591608679,3.1476812481854273,36.0
396,synthetic_planning_reference_v5,mild,0.4134949266096351,0.8074359641766394,0.0649999999990541,0.187243725537728,3.02119323136968,31.5,0.07111486486486486,0.23798568800974612,3.0003214591510385,35.95
397,synthetic_planning_reference_v5,low,0.6129152589367133,0.11123665334410578,0.107499999998436,0.145337763627041,3.09847320176352,35.55,0.12581081081081083,0.164630290328361,2.910936297872092,36.7
398,synthetic_planning_reference_v5,mild,0.6735160588193734,1.058863685818328,0.0991666666652236,0.190078947260108,3.39763009294699,31.65,0.14065690690690694,0.23284696107286418,3.532099657362964,36.550000000000004
399,synthetic_planning_reference_v5,low,0.222685735464542,0.04855159552671603,0.0491666666659512,0.199741172698121,2.8419432821193,30.9,0.05269644644644644,0.21168775793463435,2.5538301436571995,33.25
400,synthetic_planning_reference_v5,moderate,0.2589147584834417,1.0342114477786368,0.0533333333325572,0.185123256250893,3.20526236066018,29.1,0.06547422422422422,0.23882104138892873,3.34772950565744,33.75
401,synthetic_planning_reference_v5,moderate,0.5645114683597796,0.9337635040447171,0.106666666665114,0.0846246495741828,3.38476478066985,31.65,0.1436599099099099,0.1397305428498885,3.3681034810617874,36.050000000000004
402,synthetic_planning_reference_v5,low,0.5408252853428083,0.12932974123621582,0.0808333333321571,0.113860751640002,2.99530757294188,34.25,0.09448948948948949,0.10656501097901777,2.7371834975064084,36.35
403,synthetic_planning_reference_v5,low,0.5221892700203923,0.0667220274536935,0.0599999999991269,0.250861320256691,3.23996844773934,33.4,0.06351726726726727,0.24599847505948805,3.062157907456554,35.4
404,synthetic_planning_reference_v5,mild,0.3349422651986387,0.4024537967681157,0.0958333333319388,0.0959852741563075,3.45370417735508,35.6,0.11305805805805806,0.11759480557942296,3.4053338671410485,37.550000000000004
405,synthetic_planning_reference_v5,mild,0.6725053238216797,0.6288988152979051,0.122499999998217,0.215177854450137,3.35493628443256,35.1,0.1609271771771772,0.23510937296202258,3.299624238218939,37.15
406,synthetic_planning_reference_v5,mild,0.3056480760627536,0.740491390430152,0.0458333333326664,0.210815426723795,2.87111879547917,31.95,0.05522897897897898,0.2327798478023148,2.8889248535432865,36.800000000000004
407,synthetic_planning_reference_v5,mild,0.8007382414923576,1.1812371661368073,0.112499999998363,0.168126249637244,3.0304617336958,41.15,0.19320945945945947,0.20819869717963252,3.261921782973959,40.45
408,synthetic_planning_reference_v5,low,0.2874339442484071,0.052912984547577785,0.0633333333324117,0.160776055475045,3.03043169266992,32.0,0.06420795795795796,0.1820636266520298,2.718797857171485,33.85
409,synthetic_planning_reference_v5,mild,0.3712565297565251,1.1515516345860684,0.0466666666659876,0.106055249548884,3.34902128251,37.05,0.05534409409409409,0.1673893160896461,3.4028211877876933,38.15
410,synthetic_planning_reference_v5,mild,0.4651251928906726,0.6145803214571861,0.0791666666655146,0.221486137035942,2.9903179988583,33.9,0.09496996996996997,0.2423574133596517,3.021280992804032,37.1
411,synthetic_planning_reference_v5,low,0.3211841674533223,0.07573771397220241,0.0658333333323753,0.129808188381931,3.1529660947399,33.95,0.05822197197197197,0.14121505905006781,2.920356027313833,36.300000000000004
412,synthetic_planning_reference_v5,severe,0.7835458638619053,3.6982683318747083,0.107499999998436,0.182451551424788,3.11559609938825,40.45,0.19546171171171173,0.28621116949257247,3.715434420627269,41.95
413,synthetic_planning_reference_v5,mild,0.6510674710565093,1.447796235897731,0.0941666666652964,0.177439439261497,3.26385964162053,33.3,0.1253903903903904,0.23765354596884392,3.577038984740977,37.6
414,synthetic_planning_reference_v5,moderate,0.7657817898669481,1.8839382949075316,0.137499999997999,0.191919480100257,3.30891573845275,38.0,0.18795420420420422,0.34246869399302815,3.5319961338372288,39.650000000000006
415,synthetic_planning_reference_v5,low,0.5816712103302241,0.07422999553224462,0.0849999999987631,0.194663558798355,2.8514623245146,32.65,0.09352852852852853,0.21582724436733924,2.5563096418833395,34.4
416,synthetic_planning_reference_v5,mild,0.2646101303672579,0.5585354323395589,0.0458333333326664,0.122039540936827,3.18957018789475,28.65,0.047804554554554554,0.15683778922435088,3.0933468622148133,32.550000000000004
417,synthetic_planning_reference_v5,mild,0.7336078228930412,1.292100577448888,0.139166666664642,0.128946086561581,3.57342334491122,32.75,0.18457582582582582,0.2303436925259828,3.6580117838967396,36.7
418,synthetic_planning_reference_v5,moderate,0.26826315852385046,1.3500543430744,0.0791666666655146,0.233983891681943,2.92313153047315,32.65,0.12440940940940942,0.3157851561546812,3.13060012748153,37.75
419,synthetic_planning_reference_v5,moderate,0.17278869249829545,0.9961783729324032,0.0383333333327755,0.189943220602668,2.7521333553765,28.25,0.06961836836836836,0.24180716836980076,2.9653425650369534,33.300000000000004
420,synthetic_planning_reference_v5,moderate,0.24520825820789052,1.5263284954233027,0.102499999998508,0.115549093969191,3.07707636730814,36.2,0.1375825825825826,0.1843923258866627,3.276419579085725,39.150000000000006
421,synthetic_planning_reference_v5,mild,0.8497144461364152,0.950725441672079,0.0983333333319024,0.225976541331833,3.215653084929,35.8,0.1260910910910911,0.2519112083981367,3.322682031969228,38.25
422,synthetic_planning_reference_v5,low,0.5110841757523408,0.12092718376806573,0.0466666666659876,0.21450694067054,3.45743757969062,31.95,0.048855605605605604,0.2326390214133582,3.276741418469568,34.2
423,synthetic_planning_reference_v5,moderate,0.8813300336177091,1.7017853347129581,0.217499999996835,0.138843823489383,2.77856492177581,36.45,0.25495995995996007,0.2043389010764232,3.1435294155272944,38.900000000000006
424,synthetic_planning_reference_v5,low,0.4681393517298942,0.08561767301530777,0.0566666666658421,0.180012560993304,3.0458770145133,31.35,0.05545920920920921,0.19455657303360094,2.748024408106514,33.25
425,synthetic_planning_reference_v5,mild,0.22360749348583142,0.5983005452100815,0.0558333333325209,0.206414970799352,3.0338917938551,33.8,0.06892767767767767,0.2327953980568447,3.024523516860322,37.050000000000004
426,synthetic_planning_reference_v5,moderate,0.37719826165885634,1.2517086899713725,0.11083333333172,0.106685331135038,2.94301448824821,32.6,0.14328453453453455,0.1591654304064674,3.3331440516750304,38.0
427,synthetic_planning_reference_v5,mild,0.7198872361567976,0.9897776912596788,0.0716666666656238,0.177412756384784,2.91846423145688,33.2,0.09977477477477477,0.22242831404040986,2.8457234737866477,37.35
428,synthetic_planning_reference_v5,mild,0.2692687272030661,0.7285275341316142,0.0416666666660603,0.213701708527765,2.84073713092896,32.9,0.06409284284284283,0.24478204341040485,2.693083137645435,36.85
429,synthetic_planning_reference_v5,moderate,0.33820251885080177,1.1461265826026252,0.0783333333321934,0.172452214939739,2.91286482789674,39.75,0.13281781781781782,0.23309336360580485,3.0781858495464025,39.7
430,synthetic_planning_reference_v5,low,0.5694819114215436,0.08834690227686365,0.0433333333327027,0.194076666450506,3.12141448576242,31.8,0.04797972972972973,0.2068758817067066,2.969708366948173,34.15
431,synthetic_planning_reference_v5,mild,0.4169585581688482,0.6280204494150651,0.0633333333324117,0.124740245990642,2.93034217692442,31.3,0.07623123123123123,0.16438053448604342,2.9854921283829365,35.9
432,synthetic_planning_reference_v5,low,0.2295201264122888,0.08031091932154556,0.0599999999991269,0.166009194770813,2.78355371661146,35.6,0.06098473473473473,0.1819142154917392,2.6026935304569,36.9
433,synthetic_planning_reference_v5,moderate,0.44164423648128914,1.4582930590917427,0.0533333333325572,0.201391294033536,2.99529150307569,34.1,0.09893393393393393,0.29297480618036625,3.1674307325079427,38.15
434,synthetic_planning_reference_v5,moderate,0.6356853176265731,1.6430614307700713,0.104999999998472,0.104994552412924,3.41020482412947,36.15,0.17106231231231234,0.20128801672842156,3.6621031524432666,39.45
435,synthetic_planning_reference_v5,low,0.6706977553654554,0.1179635694870913,0.068333333332339,0.223905574886034,3.04805150803862,29.95,0.0683521021021021,0.23374226300860082,2.8172910171074736,32.6
436,synthetic_planning_reference_v5,moderate,0.2193247041692126,1.2884735994566672,0.0474999999993088,0.182898619273937,3.19493775805393,28.8,0.06777652652652652,0.24012597921566822,3.3466509509040967,33.9
437,synthetic_planning_reference_v5,mild,0.4377312530841297,1.0236093268268605,0.0566666666658421,0.16564121171057,3.01001070029645,33.3,0.05937312312312312,0.23432267177539617,3.110019651585278,38.15
438,synthetic_planning_reference_v5,low,0.8078867453728383,0.11708870689827841,0.156666666664387,0.12962626695798,2.67757236000689,33.3,0.1864527027027027,0.1412320344523851,2.3160436458996516,35.75
439,synthetic_planning_reference_v5,low,0.41835791000341493,0.06552640053143176,0.0749999999989086,0.188841150301334,2.96049076019302,30.25,0.08499999999999999,0.20071217064916533,2.6351278834502443,33.1
440,synthetic_planning_reference_v5,mild,0.5511693540799644,1.223731582248524,0.0908333333320115,0.231820798434098,2.89742785672616,32.65,0.1354804804804805,0.2723701455469806,2.8867645066187704,36.800000000000004
441,synthetic_planning_reference_v5,low,0.44292257532508694,0.13434456135556058,0.109166666665078,0.0911560847664873,3.16279954708413,35.25,0.11866366366366365,0.08976963256929459,2.9457404436051546,37.050000000000004
442,synthetic_planning_reference_v5,mild,0.8796350347175964,0.9536135416266789,0.134999999998035,0.180168316145823,3.20492729737623,35.5,0.19020645645645645,0.2398345534600696,3.3927259701781214,37.85
443,synthetic_planning_reference_v5,mild,0.2764877907207272,0.4881980666060436,0.072499999998945,0.0721750231970255,2.58851323138795,29.55,0.07575075075075074,0.06970452751580945,2.368821843580938,33.550000000000004
444,synthetic_planning_reference_v5,mild,0.612521975234397,0.7983449006112914,0.0816666666654783,0.0998130551540624,3.27326372258052,37.1,0.10097597597597596,0.11419884319510795,3.3232128545010453,38.800000000000004
445,synthetic_planning_reference_v5,low,0.516075758620487,0.06412146914723917,0.0616666666657693,0.199552646233174,3.13350047189181,32.05,0.0607545045045045,0.2094122114803716,2.9163531895440666,33.95
446,synthetic_planning_reference_v5,mild,0.39878820720084573,0.5717033524413648,0.13833333333132,0.084617126818508,2.99160635307436,30.6,0.19208333333333333,0.12148721969680797,2.870939892247661,34.75
447,synthetic_planning_reference_v5,mild,0.7378666495225626,0.649686703436692,0.0908333333320115,0.157400672351365,3.19903775260814,34.15,0.10349849849849849,0.18384231652730995,3.2881292989059814,37.25
448,synthetic_planning_reference_v5,mild,0.3214764485803079,0.5095927196519322,0.0624999999990905,0.203844012438746,2.86654035304653,34.45,0.08067567567567567,0.22889241481930217,2.7749644719558475,37.15
449,synthetic_planning_reference_v5,severe,0.5590967451657594,2.5176546796439294,0.0908333333320115,0.0978450645887438,2.82158185945748,35.65,0.15154279279279279,0.2273296503290433,3.3655766370255122,39.650000000000006
450,synthetic_planning_reference_v5,moderate,0.30746748207946967,1.6151161845834028,0.044166666666024,0.161305540035459,2.83891449275326,31.35,0.07563063063063064,0.24352966335037637,3.072716066879628,36.15
451,synthetic_planning_reference_v5,severe,0.4282794834415171,3.3627927089967233,0.0691666666656602,0.223541413873719,3.10099391042504,33.6,0.13477977977977978,0.3716534946605739,3.6955714733203666,39.5
452,synthetic_planning_reference_v5,moderate,0.5381166012442993,1.9492211654717935,0.0608333333324481,0.112888505981674,3.39736554538201,39.45,0.13491991991991992,0.15248503937511104,3.6743418062121544,42.050000000000004
453,synthetic_planning_reference_v5,mild,0.5783580243187274,1.3967663206765035,0.0658333333323753,0.241064339667935,2.89438398167383,31.55,0.08632132132132132,0.3783850489413388,3.158605170223352,36.800000000000004
454,synthetic_planning_reference_v5,mild,0.6632833081849923,0.7164600932566338,0.0799999999988358,0.167340988709377,2.94732719779478,33.95,0.10037537537537537,0.2224404894837532,2.9532657091806755,36.4
455,synthetic_planning_reference_v5,mild,0.7868941571406303,0.7439650311040605,0.16583333333092,0.224450170133042,3.16708851865164,34.7,0.21085210210210215,0.239509790296545,3.1418757283479075,37.1
456,synthetic_planning_reference_v5,mild,0.5322956544972277,0.9210869782115548,0.0658333333323753,0.197413145783711,3.52775747238569,33.65,0.08439939939939939,0.2394886896971093,3.5782875738580304,36.95
457,synthetic_planning_reference_v5,mild,0.37233964362618593,0.5947301184784796,0.0983333333319024,0.118007400494035,3.07436550425452,31.9,0.11361861861861862,0.15393494647514008,2.999283188433309,35.4
458,synthetic_planning_reference_v5,mild,0.8281140011463791,0.7049581847444535,0.11749999999829,0.190123629689464,3.42676044245097,34.85,0.1594256756756757,0.2271393220383902,3.582640508720698,37.800000000000004
459,synthetic_planning_reference_v5,severe,0.42601729265703503,2.570233024674917,0.0391666666660967,0.197365736438312,3.01450023795336,31.7,0.10433933933933934,0.3673227800589948,3.7874773475097894,39.0
460,synthetic_planning_reference_v5,moderate,0.4889035149933253,1.3445496963399937,0.0774999999988722,0.139285874137277,3.56654526394387,33.4,0.14553678678678678,0.19926566135545137,3.779119992221537,38.45
461,synthetic_planning_reference_v5,mild,0.5548356682007868,1.0782703905052127,0.114999999998327,0.161321057389313,3.21163625640888,31.7,0.16918543543543546,0.19699078659102573,3.4379148186614366,35.1
462,synthetic_planning_reference_v5,mild,0.5346657264589749,0.9442742577552939,0.0691666666656602,0.174086137689647,3.00524411196616,32.45,0.07551051051051051,0.19842242853916145,3.1657074826204177,36.35
463,synthetic_planning_reference_v5,moderate,0.6574159592152794,1.5403265299996063,0.102499999998508,0.170841788217867,3.09302586854037,35.6,0.18307432432432436,0.19588463171366485,3.3763965894518115,38.300000000000004
464,synthetic_planning_reference_v5,mild,0.4755494194919007,0.7799885297120654,0.0958333333319388,0.14940871560478,3.21106748687208,32.75,0.1302952952952953,0.18915855635154732,3.2211629039084677,36.050000000000004
465,synthetic_planning_reference_v5,severe,0.4312499441757871,1.7525063274479937,0.0758333333324117,0.205506109551185,3.31590012200737,33.4,0.11263763763763765,0.2915148201363893,3.4779391119141168,38.0
466,synthetic_planning_reference_v5,mild,0.6954325491457047,0.8281625092115459,0.123333333331539,0.148950773287515,3.07922668496338,33.0,0.14478603603603607,0.18813304845891035,3.0718625772497257,36.25
467,synthetic_planning_reference_v5,moderate,0.48175409882077946,1.7710889094310525,0.0716666666656238,0.170410876943761,3.14064918269205,32.5,0.09593093093093093,0.22976416832648985,3.5413260736475474,38.25
468,synthetic_planning_reference_v5,low,0.2749635866877844,0.057789898597639194,0.0433333333327027,0.20093294969201,3.07277705967715,32.1,0.04587762762762763,0.21884008891797252,2.906904460166618,34.25
469,synthetic_planning_reference_v5,severe,0.6132094393042741,4.662869053626477,0.0549999999990177,0.207771684081873,3.15272985774758,30.7,0.15980105105105108,0.3495804305443421,3.974359195636286,40.1
470,synthetic_planning_reference_v5,mild,0.13908797663538844,0.6095150289112518,0.0858333333324481,0.0762290399765763,2.70932842464543,32.6,0.12146646646646647,0.07300426718991206,2.601240610188584,36.800000000000004
471,synthetic_planning_reference_v5,mild,0.2724469738252315,0.6281774255009392,0.0849999999987631,0.153901134532882,3.1924576154678,30.35,0.09953453453453454,0.20298536115142882,3.1771262131634193,34.050000000000004
472,synthetic_planning_reference_v5,moderate,0.4553899313453282,1.3166131196546742,0.0691666666656602,0.230221448028036,2.90380952788452,29.9,0.10025525525525525,0.300899098270167,3.1820643595082454,35.95
473,synthetic_planning_reference_v5,moderate,0.33029869175676685,1.2387058227065717,0.0499999999990905,0.147725831606452,2.89855577162594,32.15,0.07779279279279279,0.21811365552649564,3.1045693334873143,36.1
474,synthetic_planning_reference_v5,low,0.7852749335385304,0.150255855360446,0.154999999997744,0.105608399281701,3.20109802256591,36.45,0.1973385885885886,0.12328356980687599,3.1007216141808205,37.75
475,synthetic_planning_reference_v5,low,0.6539898186979599,0.12035659542208393,0.0824999999987995,0.253552371912646,2.92296969194485,35.5,0.08848348348348348,0.2507606264222926,2.6174459437971067,37.15
476,synthetic_planning_reference_v5,severe,0.27377107986772564,1.6742608648292454,0.0783333333321934,0.0937356518090423,3.0479515811616,29.5,0.1337987987987988,0.14350758568377198,3.42650327287626,37.5
477,synthetic_planning_reference_v5,severe,0.7788186880675335,2.514347835980481,0.150833333331138,0.134752263487165,3.19733152841548,37.85,0.2799849849849851,0.2756571228954833,3.8530820176603298,40.25
478,synthetic_planning_reference_v5,moderate,0.48278902440794685,2.0186029891435724,0.0458333333326664,0.252769290079929,2.8730405483587,32.65,0.08187687687687688,0.34947831085151626,3.3075212581050244,38.2
479,synthetic_planning_reference_v5,low,0.4335682193025275,0.16121419496605027,0.092499999998654,0.0804110992915137,3.12818712360154,30.7,0.10277777777777777,0.07890883210605075,2.9349301156342666,33.550000000000004
480,synthetic_planning_reference_v5,low,0.40704855197701784,0.08747413831163567,0.118333333331429,0.0777380669495172,2.80802541561994,32.15,0.13435935935935936,0.0777976043249407,2.5468075882228223,33.95
481,synthetic_planning_reference_v5,severe,0.6479251315701486,2.515039378954234,0.0508333333327755,0.142004303899788,3.0748585250469,33.7,0.08776276276276276,0.27953848153726374,3.6095391584602248,39.2
482,synthetic_planning_reference_v5,mild,0.3797916869625529,0.3860877152435293,0.0949999999987995,0.0798465128879126,2.86681695813865,34.8,0.11025525525525526,0.1149819899481874,2.652997112628078,37.300000000000004
483,synthetic_planning_reference_v5,moderate,0.5740841074499234,0.9849769632581565,0.0899999999986903,0.223080178317078,2.77795060591701,31.6,0.1131981981981982,0.27107150296832955,2.8351067964005177,36.65
484,synthetic_planning_reference_v5,severe,0.4377239311144851,2.36801670161172,0.0808333333321571,0.141282511811133,3.46338209301375,33.35,0.131976976976977,0.21454733544990806,4.044487182036481,38.85
485,synthetic_planning_reference_v5,severe,0.23000584163554744,3.9311982271244714,0.0958333333319388,0.104042036696844,3.26424743477089,37.4,0.19245870870870874,0.28091935068313234,3.9583822310400434,42.1
486,synthetic_planning_reference_v5,mild,0.8355283676570243,0.8902730032821635,0.0899999999985084,0.263628402945144,2.86806654652869,33.95,0.11011511511511511,0.3460131398905629,2.999287799352415,37.5
487,synthetic_planning_reference_v5,moderate,0.4458826910608245,3.5501006976508815,0.109999999998763,0.0826520909127078,3.26734283728186,35.1,0.19471096096096097,0.16942010571587532,4.080473787752446,40.45
488,synthetic_planning_reference_v5,mild,0.4552504991858112,0.5268314623854734,0.10249999999869,0.157977978135713,3.10078491857143,34.9,0.12665165165165165,0.20429932724874694,3.0004416125511533,36.85
489,synthetic_planning_reference_v5,moderate,0.4128576725739179,1.1372155520325933,0.0466666666659876,0.197806575386406,2.64586626667429,34.45,0.06133008008008008,0.24694085697671547,2.7967757337335075,37.65
490,synthetic_planning_reference_v5,moderate,0.8360112885929398,1.521934986264692,0.132499999998254,0.157734048595057,2.68619090740977,38.85,0.19170795795795798,0.2204281043291448,2.9101658184163277,40.300000000000004
491,synthetic_planning_reference_v5,moderate,0.7208967080824793,2.438780965761013,0.0541666666658784,0.186828577817228,3.3159636055179,34.05,0.0886036036036036,0.2895221642416662,3.8494004178175345,39.050000000000004
492,synthetic_planning_reference_v5,mild,0.40542416982307944,1.0583106840045235,0.0941666666652964,0.173969286087832,3.39915875745731,31.7,0.1421584084084084,0.23680411000740795,3.492947240009259,36.5
493,synthetic_planning_reference_v5,low,0.49263267928125043,0.2502774986179479,0.0691666666654783,0.196770156031686,3.42008998541382,30.4,0.07515015015015014,0.2203461857065631,3.3185447519960727,33.5
494,synthetic_planning_reference_v5,mild,0.5998584783929065,1.2688080963310786,0.0716666666656238,0.234702250346094,3.1254688989069,30.2,0.0690427927927928,0.30566702244937594,3.4009125528946225,35.6
495,synthetic_planning_reference_v5,mild,0.8051246613487859,1.7244686378342413,0.101666666665369,0.0856302725353836,3.40239051232679,37.7,0.1620533033033033,0.12815084420181366,3.533202939328792,39.35
496,synthetic_planning_reference_v5,mild,0.49485583778797165,1.0809495071673536,0.0599999999991269,0.207405215011894,3.05470733674744,32.35,0.07647147147147147,0.3074085766947328,3.324984453585696,37.2
497,synthetic_planning_reference_v5,mild,0.5083578187364435,0.590567483695558,0.0833333333319388,0.183779954802831,2.96607688042835,33.25,0.09857357357357358,0.22563558810934176,2.9360646444616094,36.7
498,synthetic_planning_reference_v5,moderate,0.23650811233924388,0.7887554032177869,0.0974999999987631,0.102674364889931,3.1111291403585,30.05,0.11754254254254255,0.1734825810602469,3.1588307767749195,33.550000000000004
499,synthetic_planning_reference_v5,mild,0.3951232705748523,1.266190733250204,0.0716666666654419,0.159744576039883,3.04671631706492,35.0,0.11277777777777778,0.2303818043798535,3.2859486537792932,38.300000000000004
500,synthetic_planning_reference_v5,severe,0.36858558103221717,2.6623351452821447,0.0674999999988359,0.210654809353217,3.1971039818701,32.7,0.10133633633633633,0.3090965810486816,3.6925002091223327,38.300000000000004
501,synthetic_planning_reference_v5,moderate,0.720680134742638,3.3135559466578446,0.0783333333320115,0.196920681597211,3.3655759156855,30.8,0.13225725725725726,0.3494664698327444,3.8476129688585443,39.050000000000004
502,synthetic_planning_reference_v5,mild,0.6207859205749695,1.9839930755687925,0.0766666666653691,0.217604928038476,2.96042693948655,33.95,0.13926426426426428,0.24700380729847832,3.579573742654069,39.400000000000006
503,synthetic_planning_reference_v5,mild,0.5382589126523727,0.46007637949618624,0.17249999999749,0.149605101339444,3.18947992741722,35.3,0.21347972972972973,0.18757573762802351,3.1371937884160843,37.9
504,synthetic_planning_reference_v5,mild,0.6322682911845765,0.8109152609919656,0.0849999999987631,0.178566312799535,3.14654545228428,31.3,0.10577077077077077,0.21249735320886876,3.2960094614866193,34.300000000000004
505,synthetic_planning_reference_v5,moderate,0.4103646511211605,0.9342098481862336,0.0608333333324481,0.214558164563305,2.82728951038572,33.35,0.09941441441441441,0.2577239860354453,2.955028585196723,37.5
506,synthetic_planning_reference_v5,moderate,0.8830916422167124,1.8508378008566804,0.144166666664751,0.150305797563948,3.06474639686472,39.75,0.20747372372372375,0.23885474273735272,3.6175812713014124,40.95
507,synthetic_planning_reference_v5,severe,0.42919088144026174,2.174580908613045,0.0699999999991633,0.236652431467152,3.12598344487931,31.5,0.11095595595595595,0.30161794613862486,3.583781432225357,38.400000000000006
508,synthetic_planning_reference_v5,moderate,0.30393603378443695,1.635206714789843,0.092499999998654,0.147387158168208,3.01986012853938,35.4,0.14403528528528528,0.22618809958886887,3.5354869744679855,38.75
509,synthetic_planning_reference_v5,mild,0.6363596543996876,0.6469735824920075,0.0758333333324117,0.204399967597366,2.71843897019563,33.45,0.09328828828828828,0.24260337265487847,2.623964411585766,37.25
510,synthetic_planning_reference_v5,low,0.5647068773468005,0.08539721445547027,0.0508333333325936,0.200839424410583,3.17181817889766,32.85,0.05891266266266266,0.21449566798332823,2.9226023258533074,34.300000000000004
511,synthetic_planning_reference_v5,low,0.797526701629266,0.0991173490343035,0.184166666663987,0.141121661460065,3.38032183746635,36.8,0.21310435435435438,0.15712367373501301,3.158832017744025,37.800000000000004
512,synthetic_planning_reference_v5,mild,0.32119389957778127,0.47114818087115906,0.059999999998945,0.203084986035395,2.63717727684647,30.6,0.05384759759759759,0.2389428333614194,2.4627953965583296,33.5
513,synthetic_planning_reference_v5,mild,0.393790701307231,0.3701725101351858,0.0399999999994179,0.196151065674663,3.22637086279846,30.6,0.04517692692692692,0.2167678220964471,3.083386906886907,33.800000000000004
514,synthetic_planning_reference_v5,moderate,0.578303468696189,2.3518725834138534,0.104999999998472,0.128022446732738,3.13383643870114,37.35,0.16280405405405407,0.23311373202567598,3.6504235037364707,41.0
515,synthetic_planning_reference_v5,severe,0.3796903906712529,2.1027297541864227,0.0808333333321571,0.231607956422548,3.10507473707941,32.8,0.15717342342342341,0.25554624991465463,3.6391071029436475,38.5
516,synthetic_planning_reference_v5,moderate,0.2607029395511873,1.2010840773980975,0.0491666666659512,0.135255760872558,2.9331786424092,31.25,0.06363238238238238,0.20261819924849223,2.973677561162103,36.85
517,synthetic_planning_reference_v5,moderate,0.662317534382612,2.1815444490226032,0.105833333331793,0.118839885726682,3.6404744767913,37.25,0.18945570570570572,0.19814013399584954,4.019187131389797,41.0
518,synthetic_planning_reference_v5,low,0.49680212882973995,0.10162386659925704,0.0674999999991996,0.228942970160254,3.4249615044345,28.15,0.061560310310310305,0.23451013056258524,3.264488304659003,32.300000000000004
519,synthetic_planning_reference_v5,low,0.6434853496032957,0.06345397227363046,0.040833333332921,0.21153319209098,3.08151486577653,32.1,0.0453521021021021,0.2324739710724727,2.762907682567642,34.050000000000004
520,synthetic_planning_reference_v5,mild,0.46991640595550277,0.8485729725402659,0.0641666666657329,0.15963356419212,2.94899665557542,32.9,0.07947447447447448,0.19700286935256797,3.009367378673791,36.25
521,synthetic_planning_reference_v5,moderate,0.8561096177814649,1.7658176706512023,0.131666666664751,0.19549278814291,3.22516448463439,35.25,0.18495120120120123,0.2735855642836777,3.528628735828439,38.400000000000006
522,synthetic_planning_reference_v5,mild,0.41871662651949676,0.7864593362865832,0.0583333333324845,0.199357797438035,3.21330597864163,33.85,0.08812312312312312,0.24468378004605165,3.3163082876563488,37.25
523,synthetic_planning_reference_v5,severe,0.37498383286724196,2.0049484608498696,0.0916666666653327,0.110405361931036,3.14506407446361,32.95,0.20109234234234236,0.18553017724684845,3.604516183582635,38.7
524,synthetic_planning_reference_v5,low,0.551841476139832,0.16323418237981865,0.0749999999990905,0.175309325924928,3.27706191883084,34.1,0.08343843843843843,0.1983000146571772,3.1512130402912084,36.1
525,synthetic_planning_reference_v5,mild,0.13581397531672992,0.24130812670994597,0.0466666666659876,0.178376895629127,2.69840350483095,32.1,0.05373248248248248,0.20070909605076603,2.533342620439422,34.800000000000004
526,synthetic_planning_reference_v5,mild,0.34250823764971755,0.6294935690722595,0.0708333333323026,0.125049724387306,3.00421354584199,35.3,0.09845345345345345,0.1689736986802651,3.1024621094996343,37.9
527,synthetic_planning_reference_v5,mild,0.4077117023284313,0.5822876487974805,0.0858333333320843,0.217352128638795,2.78292556563605,35.6,0.09112612612612613,0.24277279611047017,2.6567027256020643,37.65
528,synthetic_planning_reference_v5,moderate,0.2744300546911842,1.8616915156834382,0.0424999999995634,0.150062479624865,2.95995181229607,31.45,0.055919669669669665,0.20200846054006305,3.430587582136666,37.4
529,synthetic_planning_reference_v5,moderate,0.31579642871391034,0.5205160755630963,0.0674999999988359,0.0878108065295655,3.05592955434566,33.35,0.0791141141141141,0.10191445888842315,2.950927753650542,36.550000000000004
530,synthetic_planning_reference_v5,moderate,0.4338295034315191,2.6262056092654222,0.0774999999988722,0.199219577171888,2.66484620412435,31.8,0.12496996996996997,0.346002056137617,3.376038668913954,39.45
531,synthetic_planning_reference_v5,low,0.5595283912587636,0.12024473384172596,0.0624999999989086,0.211616807001888,3.34836212174462,34.35,0.06328703703703703,0.2345538419927509,3.226184287457824,36.300000000000004
532,synthetic_planning_reference_v5,moderate,0.4697399039381109,1.5995344809782495,0.0599999999991269,0.220905537322766,2.96698738089905,31.05,0.10073573573573573,0.3011270997228668,3.3591440729179802,36.6
533,synthetic_planning_reference_v5,mild,0.2914072640036864,0.6741613587167454,0.04833333333263,0.16099682855732,3.20438658524122,29.25,0.052235985985985986,0.18662178754686357,3.1370888445505525,33.15
534,synthetic_planning_reference_v5,moderate,0.4750442084703035,1.6299041134490058,0.0591666666658057,0.172054279691085,3.20182795276477,31.95,0.06340215215215214,0.2568624517542191,3.658344728863231,36.45
535,synthetic_planning_reference_v5,low,0.4287632078957305,0.0535814119462419,0.0441666666662059,0.10815505621328,3.36498006302113,34.25,0.04622797797797797,0.10280812209916644,3.1467931082002427,35.95
536,synthetic_planning_reference_v5,mild,0.5150084708447146,0.5716003888576006,0.0558333333325209,0.249158389404705,3.02382934767017,32.8,0.05603478478478478,0.29001016369832305,2.9665252983830777,36.2
537,synthetic_planning_reference_v5,mild,0.2551023693773189,0.7396243765454766,0.04833333333263,0.141515909003008,2.88974951682797,37.1,0.059488238238238234,0.19022209984526076,3.054282769944302,38.35
538,synthetic_planning_reference_v5,low,0.4849472290912265,0.1320918002288589,0.0658333333323753,0.192946618088375,2.98776205930193,33.45,0.06282657657657657,0.2145491264242795,2.703777019567418,35.9
539,synthetic_planning_reference_v5,severe,0.34494632378346407,4.068848160182626,0.0516666666659148,0.18484224024216,3.05482338490705,33.95,0.16768393393393394,0.3501635674644437,3.887949203124077,42.150000000000006
540,synthetic_planning_reference_v5,mild,0.741312656014869,0.6848754632267557,0.122499999998217,0.102750001223591,3.05239064871617,37.3,0.1684346846846847,0.1519839352529977,3.1146121930436745,38.2
541,synthetic_planning_reference_v5,moderate,0.6075652537242483,1.705073676195718,0.10333333333183,0.209480214340137,2.71557082428562,32.85,0.13982482482482483,0.2765644327960025,3.0205073983585597,37.45
542,synthetic_planning_reference_v5,moderate,0.3549177654485488,0.8997443180355698,0.0608333333322662,0.106966168659919,3.37879862269253,31.6,0.08115615615615615,0.15332999404738892,3.483634898114014,36.050000000000004
543,synthetic_planning_reference_v5,mild,0.29541921020961737,0.48968244079289125,0.0649999999990541,0.0810515746932334,3.63637515714036,34.3,0.07019394394394393,0.08783206917128647,3.4888303099277724,37.0
544,synthetic_planning_reference_v5,severe,0.36696474339498464,1.9929861586191104,0.0758333333322298,0.203857945374549,2.94664065442482,33.0,0.12132632632632633,0.2714997114070703,3.464563586473524,37.75
545,synthetic_planning_reference_v5,low,0.6069922752345374,0.11875361009042543,0.092499999998654,0.148338058254852,3.52693974034101,34.5,0.10563063063063062,0.1757579434262367,3.392638393012204,36.5
546,synthetic_planning_reference_v5,moderate,0.4705787388052788,1.3510618017427865,0.068333333332339,0.115328773480577,2.8051413551207,32.05,0.10121621621621621,0.19849495165144024,2.978179071114687,37.2
547,synthetic_planning_reference_v5,mild,0.42861070685651603,1.1958268941298973,0.0774999999988722,0.206872941337115,3.24429657324624,30.1,0.10205705705705706,0.2956492196272799,3.497663876578692,35.4
548,synthetic_planning_reference_v5,mild,0.6507889207494,1.0625718790492737,0.0416666666660603,0.189539686336426,3.21424225531936,32.0,0.07587087087087087,0.2352463051045227,3.30559448645747,36.5
549,synthetic_planning_reference_v5,low,0.3963294334495351,0.08580777652775044,0.0674999999990177,0.115081787856341,3.53376463247989,33.35,0.06639514514514513,0.12131275925519273,3.3479912748309664,35.1
550,synthetic_planning_reference_v5,mild,0.6855628461994221,0.4619190096522311,0.0824999999987995,0.237951433218931,3.14646804006029,35.45,0.0892042042042042,0.2565958767603726,3.1560079158778005,37.45
551,synthetic_planning_reference_v5,moderate,0.4510529794886225,0.7882239804477643,0.0583333333326664,0.176759415966088,2.53420932286244,32.6,0.0856006006006006,0.21129553975802595,2.5313270687480616,35.95
552,synthetic_planning_reference_v5,mild,0.5578635062073962,0.6158125175404294,0.0699999999989814,0.15164969336474,2.97604066719379,41.1,0.08307807807807807,0.1986587075568712,2.918894759470597,40.050000000000004
553,synthetic_planning_reference_v5,mild,0.5632842354449147,0.6500683058918565,0.0649999999990541,0.241696984391161,3.10825702006067,29.95,0.07007882882882882,0.30073658758555066,3.1295080738796006,33.75
554,synthetic_planning_reference_v5,low,0.16604265635318324,0.08401475594051758,0.0666666666656965,0.117540992456816,2.89045950892014,31.05,0.07387762762762762,0.11079411837255616,2.617178318351785,33.300000000000004
555,synthetic_planning_reference_v5,mild,0.20700947873278677,0.6590677596676299,0.0458333333326664,0.0924476196897245,2.95671661712226,34.75,0.05113288288288288,0.11192720385743998,2.9435357296306477,37.5
556,synthetic_planning_reference_v5,mild,0.6986419980241596,0.6426365075078802,0.0916666666653327,0.233694472270564,2.92311392545005,32.6,0.10997497497497498,0.2500269607667069,2.8070329426755647,36.300000000000004
557,synthetic_planning_reference_v5,moderate,0.49387785649455496,2.057603492140847,0.0799999999991996,0.140987317587894,3.4979847884201,33.7,0.11235735735735736,0.2606176441795875,3.7846910354334655,38.75
558,synthetic_planning_reference_v5,mild,0.49857130025155444,0.9167795677241035,0.104166666665151,0.0782401326671116,2.70691821271056,29.8,0.1218868868868869,0.14768658661691556,2.779120863151166,34.65
559,synthetic_planning_reference_v5,severe,0.8118343534380301,3.2064545419055825,0.152499999997781,0.240729120309708,3.1697492246161,34.6,0.27247747747747747,0.3032141029755937,3.894668989808927,40.1
560,synthetic_planning_reference_v5,moderate,0.4782249569771909,2.1520425422413556,0.0533333333325572,0.164860287113391,2.81432545326642,31.2,0.07249624624624623,0.29213275408038153,3.279478509834943,37.65
561,synthetic_planning_reference_v5,moderate,0.5502540096861409,2.075627105046186,0.115833333331648,0.13888884917142,3.39490976889024,39.45,0.19696321321321322,0.24445877967998572,3.748584228340837,40.5
562,synthetic_planning_reference_v5,mild,0.5867206948809726,0.9761554581886486,0.0858333333320843,0.236459558995953,2.6744413089068,31.45,0.11207707707707708,0.2726434895375241,2.6396511043352358,36.15
563,synthetic_planning_reference_v5,severe,0.34108522978369815,2.7981770630859,0.0499999999992724,0.248204633797553,2.67927040641545,29.8,0.08211711711711711,0.3495546755223736,3.3637368684841573,38.7
564,synthetic_planning_reference_v5,mild,0.19254511165603846,0.43584822431728965,0.0599999999993088,0.0842290449216553,2.93437362236714,30.1,0.0714602102102102,0.0884010977890985,2.8132251910080766,33.45
565,synthetic_planning_reference_v5,severe,0.4634595470194232,4.221321905528596,0.0574999999991633,0.0935925593513387,2.81806472133375,38.8,0.2003415915915916,0.21984101767058659,3.998571197992216,42.2
566,synthetic_planning_reference_v5,mild,0.5160183003681807,1.2022714212918546,0.0583333333324845,0.257824015774366,3.09872929901459,31.45,0.06202077077077077,0.29680499907000724,3.3243505754359397,36.75
567,synthetic_planning_reference_v5,severe,0.47429160050961194,2.7442500172827966,0.134999999998217,0.129449665512676,3.06800926808155,30.8,0.2078490990990991,0.29314904274219106,3.7547270166999964,38.2
568,synthetic_planning_reference_v5,mild,0.47102475642297426,1.1746097427773965,0.0824999999987995,0.110307524277548,2.91927818917836,37.3,0.10169669669669669,0.18336424386997466,3.0630686894932504,39.050000000000004
569,synthetic_planning_reference_v5,moderate,0.32220763038404476,1.4017144752951356,0.0616666666657693,0.205514612325746,3.15407505621304,31.4,0.09472972972972972,0.278768523862089,3.487260672641577,37.2
570,synthetic_planning_reference_v5,moderate,0.6756213592448325,1.260483616351649,0.107499999998618,0.0874163005388576,3.64334396244804,34.6,0.13912412412412414,0.17139272921868726,3.7130807896420635,38.15
571,synthetic_planning_reference_v5,mild,0.4169005130564923,0.8064539768156768,0.0849999999987631,0.137498894567734,2.46297466638069,35.05,0.09124624624624623,0.1786401913597026,2.5563017695804433,38.1
572,synthetic_planning_reference_v5,moderate,0.4364423413401933,1.9110332353009842,0.0733333333324481,0.196083958245855,2.99349507733725,30.0,0.11487987987987988,0.24461359541944133,3.232287013924851,37.800000000000004
573,synthetic_planning_reference_v5,low,0.37818685677524316,0.07414026276922679,0.0849999999987631,0.109220116703632,2.79119592727327,35.9,0.08295795795795795,0.11688462365346108,2.567647325026167,37.050000000000004
574,synthetic_planning_reference_v5,mild,0.5814454825511891,0.8926598959302903,0.0849999999987631,0.143190920481691,3.1316807574207,34.95,0.10301801801801802,0.19175882452428186,3.317249193667042,37.95
575,synthetic_planning_reference_v5,moderate,0.24305491356224856,1.508566596791867,0.0774999999988722,0.235113526536835,2.58342041688097,32.3,0.12875375375375375,0.2879113021209563,2.854887964166715,38.25
576,synthetic_planning_reference_v5,moderate,0.35975546577368944,0.9118891473028037,0.0699999999989814,0.0800783143423921,3.32834176215597,35.0,0.09292792792792792,0.10783882940193197,3.3691032420932285,37.800000000000004
577,synthetic_planning_reference_v5,mild,0.2842084905117551,0.8676107036196562,0.0758333333324117,0.13391659735657,2.37154756765878,29.45,0.10871371371371372,0.19201828458518128,2.2585611122456037,34.15
578,synthetic_planning_reference_v5,mild,0.6820304600237305,0.9063671295089901,0.0774999999986903,0.260036006653993,2.86349416669682,31.8,0.10759259259259259,0.29043435207311896,2.9568340136725166,36.45
579,synthetic_planning_reference_v5,mild,0.7219860903714488,0.9609021403048549,0.134166666664714,0.149820061713807,3.57447172155179,39.05,0.1755668168168168,0.2059002553891205,3.5003153299680405,39.300000000000004
580,synthetic_planning_reference_v5,mild,0.3564078839686667,0.8012562064032365,0.0449999999995271,0.181701142197401,3.22291071795234,33.7,0.05626501501501501,0.22963580357990318,3.3149313020858444,37.1
581,synthetic_planning_reference_v5,severe,0.8528391061131708,4.516652019279596,0.149999999998181,0.133124324800059,3.66371216958665,34.15,0.24197697697697695,0.2681795789339323,4.41079233840213,41.050000000000004
582,synthetic_planning_reference_v5,low,0.5710760964832463,0.07818423962040029,0.0733333333320843,0.21839769132213,3.10373646661108,33.05,0.0698485985985986,0.23741932664486395,2.813376031290883,35.15
583,synthetic_planning_reference_v5,moderate,0.27571059862613423,0.870654321780851,0.0383333333327755,0.175574762180982,3.05750605812504,32.6,0.04973148148148148,0.23126055032196702,3.1502300485010717,36.7
584,synthetic_planning_reference_v5,mild,0.4843076402086963,0.5720683851124895,0.113333333331684,0.134184890045283,3.31451011875484,33.0,0.14666291291291295,0.17976556627160215,3.311103964960656,36.550000000000004
585,synthetic_planning_reference_v5,mild,0.6002489067176388,0.5778745799390272,0.0708333333324845,0.219104921217797,2.80441102276551,32.9,0.07527027027027026,0.24979884851022172,2.729001502477999,36.1
586,synthetic_planning_reference_v5,low,0.6880721944355211,0.10672343198883737,0.0583333333326664,0.192758345035587,3.40255006302619,36.45,0.06086961961961962,0.21001694866274187,3.280826109065671,37.25
587,synthetic_planning_reference_v5,moderate,0.4269688238645795,1.379922531253879,0.0733333333322662,0.136732065780098,3.21405175191241,29.45,0.0831981981981982,0.2113675648074241,3.4176124682154225,35.9
588,synthetic_planning_reference_v5,mild,0.23280398402350663,0.8743355338691915,0.0474999999993088,0.179102475212613,2.95612738694981,35.15,0.05327202202202202,0.21677944138310087,3.067050096631446,37.800000000000004
589,synthetic_planning_reference_v5,severe,0.2864505732900212,1.5782945851303654,0.0491666666659512,0.170650977051214,2.9772371857999,32.05,0.09641141141141141,0.2468932086718101,3.159728716288042,38.0
590,synthetic_planning_reference_v5,low,0.34477290146612705,0.07973745297600017,0.0849999999987631,0.117872261952571,3.41348280942715,35.45,0.09965465465465465,0.1297426696192264,3.208315516381786,36.85
591,synthetic_planning_reference_v5,moderate,0.4718455438877121,2.310126362395291,0.0549999999991996,0.215045025344014,3.03252684427438,33.0,0.09533033033033032,0.32777879129505827,3.7317615638902817,38.15
592,synthetic_planning_reference_v5,moderate,0.4829389054355743,1.8083481323214678,0.0733333333324481,0.161198280499472,2.73062156955545,33.35,0.12468968968968969,0.24435470810962934,3.257722911975161,38.2
593,synthetic_planning_reference_v5,severe,0.7042846632377364,2.118094506677248,0.0899999999988722,0.151344991598024,3.21979541912731,34.65,0.14741366366366365,0.22641287168959262,3.4665705811096226,40.050000000000004
594,synthetic_planning_reference_v5,low,0.347073510073921,0.0708410733211336,0.0849999999987631,0.198357931182807,3.06044173050186,29.75,0.08716216216216216,0.22525188153239684,2.766537930966103,32.75
595,synthetic_planning_reference_v5,moderate,0.3640664380992946,2.2641877431386446,0.0608333333324481,0.214663867072827,2.77875815829367,27.95,0.12300800800800801,0.29434897370158164,3.3710567376098015,37.5
596,synthetic_planning_reference_v5,low,0.28785715573474396,0.10222440013974894,0.119999999998072,0.117676904223785,3.03927637939083,32.7,0.1373023023023023,0.12605198672179002,2.8028039237590225,35.7
597,synthetic_planning_reference_v5,low,0.48962498715145386,0.12069360315471253,0.107499999998618,0.0842892957030811,3.07962958638517,31.65,0.12623123123123123,0.0993814625213445,2.81284783044961,33.75
598,synthetic_planning_reference_v5,severe,0.8184736320039895,4.466366789848049,0.0649999999986903,0.242437917684206,3.30703300217648,35.45,0.16655780780780782,0.3422211110710596,3.876350285450681,40.5
599,synthetic_planning_reference_v5,moderate,0.45439345833067396,1.8528993063163832,0.11583333333183,0.129299719276145,2.86095829071973,35.4,0.1729391891891892,0.2288701981139191,3.1032829748953734,38.6
600,synthetic_planning_reference_v5,mild,0.5324836915488462,0.9417144932307,0.0883333333322298,0.140123545122124,3.30084709185148,31.6,0.09713213213213212,0.19879267609966875,3.302477465138181,36.75
601,synthetic_planning_reference_v5,mild,0.8268765436920785,1.5723306721482957,0.0941666666651145,0.245937355983924,3.45129072080329,32.6,0.13253753753753755,0.290870250689647,3.6087860072726476,37.65
602,synthetic_planning_reference_v5,low,0.4719982342655664,0.11475276136483334,0.0783333333321934,0.100660254546467,2.90533572164622,30.05,0.07767267267267267,0.11519816250317422,2.608399435557798,32.800000000000004
603,synthetic_planning_reference_v5,mild,0.5399178286866756,1.8325583295904495,0.107499999998618,0.124344679378077,2.61623441367719,40.2,0.19996621621621624,0.19047341958720937,3.0735248243968436,41.1
604,synthetic_planning_reference_v5,moderate,0.3239719395552908,1.2662213136949345,0.0524999999990541,0.208772609046166,2.95119086413486,32.25,0.07983483483483483,0.23796441657799552,3.113311588847576,37.2
605,synthetic_planning_reference_v5,mild,0.5946372507625274,0.9574493012922151,0.134166666664532,0.100842062482432,3.44322430675237,35.2,0.17669294294294297,0.15069490068322,3.5057055587368544,37.85
606,synthetic_planning_reference_v5,low,0.5465263750693322,0.06951187638749648,0.109999999998399,0.202767625536488,3.33249665145739,31.8,0.12216716716716716,0.21143392556391555,3.1141090679464636,34.0
607,synthetic_planning_reference_v5,moderate,0.5448330018395213,1.2324810054092958,0.0674999999991996,0.230232674308672,3.37722396591542,34.45,0.07456831831831831,0.3028505229715488,3.470680550614148,38.15
608,synthetic_planning_reference_v5,moderate,0.7033519747489152,1.1566295682200416,0.104166666665151,0.121816686097865,3.51939340524506,36.25,0.13954454454454457,0.20607438000183492,3.694639169904676,38.5
609,synthetic_planning_reference_v5,low,0.32548457181930407,0.07675004630784939,0.0491666666657693,0.18024151442351,3.21048235867914,27.7,0.0523511011011011,0.19311176447655612,2.974181868900778,32.2
610,synthetic_planning_reference_v5,moderate,0.7096513912304865,1.940529793508816,0.0791666666653327,0.241240460944236,2.49062174028092,33.05,0.12370870870870872,0.3314656092447493,2.761990775548415,38.300000000000004
611,synthetic_planning_reference_v5,mild,0.24178245389691366,0.610223062437001,0.0499999999990905,0.107943489327297,3.01399557438916,33.95,0.059027777777777776,0.14094174826405076,2.8506926851634247,36.65
612,synthetic_planning_reference_v5,severe,0.3008628013873964,1.7101820334734619,0.101666666665369,0.0968748318184304,3.27442412118296,32.45,0.12777277277277277,0.18663740006845272,3.4993563104156005,38.050000000000004
613,synthetic_planning_reference_v5,low,0.6022220195703096,0.16087771458136774,0.0799999999988358,0.251429081810031,2.85709422662862,33.3,0.07827327327327327,0.2536512680502298,2.6021246972554017,35.5
614,synthetic_planning_reference_v5,severe,0.58563850898527,3.918690776516292,0.109999999998399,0.102571032252925,3.59132209667548,34.55,0.21895395395395403,0.18666644961917653,4.341693856002418,41.150000000000006
615,synthetic_planning_reference_v5,severe,0.4435836360209638,2.565502108932889,0.0983333333320843,0.168935332434331,3.22822701679029,36.0,0.18007132132132134,0.24941094490341048,3.7950753655548266,40.550000000000004
616,synthetic_planning_reference_v5,severe,0.24841756346880137,1.713001959149888,0.0408333333327391,0.226972469075188,2.99213676772797,31.3,0.06466841841841842,0.31554385787750877,3.416914746673443,37.300000000000004
617,synthetic_planning_reference_v5,moderate,0.5230922111620642,1.6023369860629397,0.0674999999991996,0.0706253514960304,3.24207427619008,29.6,0.11417917917917918,0.1458180178908905,3.502371489085754,36.550000000000004
618,synthetic_planning_reference_v5,low,0.7416635099256008,0.14252694825631512,0.088333333331866,0.123155973418377,3.29881242380472,35.15,0.09004504504504504,0.14598059277535497,3.176709915686979,36.95
619,synthetic_planning_reference_v5,moderate,0.5450108651402376,1.6711042943302719,0.0749999999989086,0.234813282297612,2.78985566067488,33.0,0.12412912912912913,0.3198176131489889,3.130772464798981,38.2
620,synthetic_planning_reference_v5,mild,0.27884231755019534,0.2814124185191929,0.0433333333327027,0.0915532416553593,3.14891752364826,35.1,0.0474542042042042,0.09297911538840987,3.004975143672242,36.85
621,synthetic_planning_reference_v5,mild,0.5496617709652498,0.9254541588256808,0.0983333333319024,0.20450222278669,3.64729016432909,31.65,0.11964464464464465,0.22974478731845982,3.668707727044209,36.800000000000004
622,synthetic_planning_reference_v5,mild,0.21384825066547325,1.1207162426955413,0.0466666666659876,0.209757266260514,2.3252465741785,32.6,0.08932432432432433,0.23247585967843912,2.3036579480282082,37.4
623,synthetic_planning_reference_v5,moderate,0.24012891451452673,1.2204154519534165,0.0524999999990541,0.113021379142797,2.95202679249643,30.25,0.0813963963963964,0.21429074942939574,3.102368770338924,35.800000000000004
624,synthetic_planning_reference_v5,mild,0.7970916819317385,1.9308737484602383,0.200833333330229,0.106312360870321,3.06740449335894,36.25,0.2574624624624625,0.1975001542104023,3.6692499623414556,39.2
625,synthetic_planning_reference_v5,mild,0.6035810988826407,1.1455043219133352,0.0733333333322662,0.231997405483332,2.86250825254178,31.1,0.12160660660660662,0.3016357124320891,2.9921308324461724,35.800000000000004
626,synthetic_planning_reference_v5,low,0.3519431053011292,0.04957217907067203,0.0666666666658784,0.152803194725217,2.68728326912744,29.2,0.05856731731731731,0.1657194811133502,2.5106710766700444,32.4
627,synthetic_planning_reference_v5,severe,0.4528586400933027,4.017574822523915,0.0974999999983993,0.109276957236891,2.98276933602067,32.45,0.1251101101101101,0.34199546546686904,3.58221764566608,39.95
628,synthetic_planning_reference_v5,mild,0.34066866213700325,0.6871939281010695,0.11083333333172,0.20516640476068,2.89074333667763,33.5,0.13562062062062064,0.23464530460025865,2.7234309798895513,37.35
629,synthetic_planning_reference_v5,moderate,0.4669403065418534,0.9540277815442739,0.0491666666661331,0.225314595788201,3.35040948958933,32.05,0.07053928928928928,0.3011095219313184,3.4215711372093462,37.25
630,synthetic_planning_reference_v5,severe,0.22426095853958047,1.9629886499780513,0.0591666666658057,0.164104176285989,3.31386134910915,29.8,0.08584084084084084,0.22954331114831739,3.7257508153170984,37.6
631,synthetic_planning_reference_v5,moderate,0.45289241747315945,1.3765184172884068,0.0783333333321934,0.117284321224181,3.4150335453989,32.8,0.09052552552552552,0.1659038012320283,3.5806544888526766,37.550000000000004
632,synthetic_planning_reference_v5,mild,0.19920688090133756,0.6701936191998472,0.0449999999995271,0.178207005328911,2.67459239253589,34.85,0.04692867867867868,0.23041985479786192,2.5892924251291425,37.6
633,synthetic_planning_reference_v5,severe,0.32047277472605334,2.2560646917813187,0.0349999999993088,0.16582721509072,3.17455698018294,31.15,0.05649524524524524,0.2488733954063602,3.5831498197145515,38.25
634,synthetic_planning_reference_v5,moderate,0.6496888627833973,4.599587082495313,0.150833333331502,0.132330235291388,3.21962878409079,35.8,0.25996496496496496,0.24931047196487693,4.371233825755809,42.25
635,synthetic_planning_reference_v5,severe,0.5804702661225787,4.286760806038338,0.0658333333323753,0.242168246484736,3.28589474725638,33.1,0.1394044044044044,0.28441191560965784,3.7824120843184628,42.25
636,synthetic_planning_reference_v5,low,0.4225182519038787,0.17978198689169525,0.0791666666655146,0.0892420156629148,2.58466824439654,32.7,0.09304804804804805,0.10529596037486408,2.27413167613347,35.2
637,synthetic_planning_reference_v5,mild,0.4043113855732399,0.6198586641040427,0.0858333333320843,0.211026286951225,2.72671992021897,32.9,0.10703203203203202,0.23816307333651074,2.593454308158081,36.35
638,synthetic_planning_reference_v5,mild,0.41787279857616383,0.36787124966359525,0.0624999999989086,0.113208345113408,3.41344468821704,32.0,0.06248123123123123,0.14312890405888382,3.2789536357253994,34.6
639,synthetic_planning_reference_v5,low,0.8728092446165653,0.20254604783097913,0.109166666665078,0.117794800908223,3.52373091899841,43.3,0.13576076076076077,0.12961754072746118,3.3693781196415755,40.150000000000006
640,synthetic_planning_reference_v5,moderate,0.36683856114756824,0.9368525346661101,0.0541666666658784,0.202320058197572,3.3465570948465,32.6,0.06489864864864865,0.2294026426900753,3.4438206025174156,37.050000000000004
641,synthetic_planning_reference_v5,moderate,0.5664182064633866,2.1252147069328573,0.0674999999990177,0.173142041312604,3.5150119234532,39.75,0.12903403403403405,0.20707487893121843,3.6974542538148985,42.300000000000004
642,synthetic_planning_reference_v5,mild,0.5257563190613705,0.5936538566620287,0.0416666666658784,0.19510939567002,2.83926258237729,30.9,0.05148323323323323,0.22640712368213664,2.717713745154309,33.95
643,synthetic_planning_reference_v5,severe,0.8199972243040249,7.168529123245174,0.125833333331502,0.223576395328438,3.36665202738881,32.35,0.19921546546546548,0.39560878355888773,4.4376387437240075,42.300000000000004
644,synthetic_planning_reference_v5,low,0.5504359928057106,0.14549351728009555,0.0524999999994179,0.195838687729529,2.94264067484272,32.8,0.054768518518518515,0.20206755364294565,2.7195641033951907,35.45
645,synthetic_planning_reference_v5,mild,0.9422731383977835,1.0091669806410233,0.28166666666275,0.111728678348237,3.56252183624648,38.0,0.28749249249249237,0.16254363399128086,3.806675251089713,38.6
646,synthetic_planning_reference_v5,severe,0.5807304210638758,4.454614321961866,0.111666666665224,0.231631405012455,2.57239564880966,34.45,0.21695195195195197,0.3948620711775349,3.642688735061332,42.35
647,synthetic_planning_reference_v5,low,0.37821172398587977,0.14539418372400748,0.0783333333321934,0.0902192809952708,2.98450602932094,30.8,0.08704204204204204,0.08886553143068368,2.7247448351190635,33.4
648,synthetic_planning_reference_v5,moderate,0.5937275420385252,1.815105914838279,0.0983333333315386,0.114879279231006,3.39947400736957,37.8,0.13267767767767769,0.2215615266269043,3.7964685235638806,40.300000000000004
649,synthetic_planning_reference_v5,moderate,0.3937907482643141,1.3562442850103646,0.0524999999994179,0.204569397346333,3.45045648300026,33.25,0.07875375375375375,0.24030541018101678,3.5392086044046214,38.050000000000004
650,synthetic_planning_reference_v5,low,0.5096595450964301,0.09630280087874436,0.106666666665296,0.105526975559317,3.47860395696984,34.9,0.11179679679679679,0.0942197716103217,3.311594936304469,36.6
651,synthetic_planning_reference_v5,moderate,0.7505523435254038,1.7170984920959806,0.119999999998618,0.260396966114191,3.24770665399797,36.25,0.17819444444444446,0.3388205320310822,3.478234023578896,39.6
652,synthetic_planning_reference_v5,moderate,0.6188652890315104,2.0091710286297584,0.0624999999992724,0.157344441821238,3.09755819303797,32.25,0.09016516516516516,0.22802969932483702,3.4601430913460223,37.85
653,synthetic_planning_reference_v5,low,0.5951121109749613,0.08040421057146536,0.0666666666658784,0.122653638155399,2.82007091460301,41.15,0.06938813813813813,0.13989878356357804,2.574164721651002,39.300000000000004
654,synthetic_planning_reference_v5,severe,0.6136820018475775,2.4400699561077013,0.0633333333324117,0.243834765850911,3.32839141044202,31.05,0.11740240240240239,0.3141032484611662,3.701192030254077,38.650000000000006
655,synthetic_planning_reference_v5,moderate,0.4453491705002352,1.884723553409893,0.0724999999993088,0.0811102690083004,3.71235230617433,33.3,0.10899399399399398,0.2347336484383481,3.815889260855083,38.45
656,synthetic_planning_reference_v5,low,0.460653463803534,0.10776086651949787,0.0691666666658421,0.240371037261933,3.57257345789218,33.5,0.06651026026026026,0.2431727634099137,3.3850774694981363,35.800000000000004
657,synthetic_planning_reference_v5,moderate,0.9066489493940861,3.09661158640099,0.151666666664642,0.120655915714926,3.14910028488243,34.75,0.21272897897897902,0.19383562719619324,3.6705617867390625,40.0
658,synthetic_planning_reference_v5,low,0.5317384878036278,0.10222856158150379,0.112499999998363,0.066408765446817,3.18442221787493,36.15,0.12973473473473474,0.06436398639292323,2.98726842500293,37.1
659,synthetic_planning_reference_v5,low,0.6981124207622397,0.12463110620201263,0.0849999999985812,0.234433126093866,3.22188095910697,31.65,0.10325825825825825,0.24117710049825258,3.035132339330472,33.85
660,synthetic_planning_reference_v5,mild,0.26654767032960186,0.2981203795560981,0.0724999999991269,0.120476122955703,3.3359418754564,34.0,0.07468343343343342,0.144480462047204,3.2309418731323785,36.2
661,synthetic_planning_reference_v5,moderate,0.6931348870286725,1.0356617780462216,0.112499999998181,0.14468088404743,2.88420568511682,39.3,0.1444106606606607,0.20707214313835465,3.0266200693230694,39.400000000000006
662,synthetic_planning_reference_v5,mild,0.9625662693064503,0.8590447479835145,0.238333333329865,0.22001473224206,3.14842815180825,35.4,0.27748248248248264,0.24545104910464174,3.1020229389777656,38.25
663,synthetic_planning_reference_v5,low,0.8249723222909754,0.1196989490494415,0.102499999998872,0.23198506609706,3.61760256180866,39.6,0.11614114114114114,0.2422154667993769,3.4175851575906333,38.95
664,synthetic_planning_reference_v5,moderate,0.6684093503131397,2.2394238317212296,0.0941666666654783,0.125991279670634,3.64055502791396,33.45,0.1396846846846847,0.2577076582467948,4.112054808888467,38.1
665,synthetic_planning_reference_v5,mild,0.5288501196154147,1.1166409588178712,0.114999999998327,0.0994435878121459,3.04127422540396,33.4,0.17744369369369367,0.11109889966416196,3.214138738241507,37.45
666,synthetic_planning_reference_v5,mild,0.49389882698112003,0.742531033983993,0.0874999999989086,0.228055689233021,2.77581289452627,32.7,0.11656156156156156,0.2338997084626477,2.7652850492564833,36.15
667,synthetic_planning_reference_v5,mild,0.5361681088327098,1.1249347631779751,0.0858333333322662,0.128128449840797,3.02617284770633,31.85,0.09929429429429429,0.1896217198151045,3.259947867316605,37.4
668,synthetic_planning_reference_v5,low,0.49939004375121554,0.05822632055398528,0.155833333330884,0.104690452838112,3.2517642576606,36.5,0.19583708708708708,0.11204681420675869,3.040220271717449,37.4
669,synthetic_planning_reference_v5,moderate,0.47738208210174893,4.207622509949867,0.0499999999992724,0.179423765413858,3.08034055090226,30.35,0.20597222222222222,0.33062656365036974,3.939690587314851,39.45
670,synthetic_planning_reference_v5,moderate,0.5156316367098712,1.42082774526594,0.122499999998217,0.139229110069047,2.87861846861119,33.1,0.15341966966966966,0.18496939382789837,3.033557088057467,38.25
671,synthetic_planning_reference_v5,low,0.4591482783880175,0.14379834423102708,0.0941666666651145,0.1916348374183,3.09751905003209,34.55,0.10265765765765765,0.22590089986891734,2.9666339131099635,36.4
672,synthetic_planning_reference_v5,low,0.514879052516933,0.09083886999048979,0.118333333331611,0.174226408450809,2.80160325334766,33.4,0.1382832832832833,0.1813888430688315,2.581670161277483,35.800000000000004
673,synthetic_planning_reference_v5,moderate,0.5552044825974842,1.7872191082337514,0.0533333333325572,0.151286870726443,3.15163130033093,31.65,0.07503003003003003,0.2310541974281707,3.577548616484992,38.050000000000004
674,synthetic_planning_reference_v5,moderate,0.8102859693060535,2.5836020467655434,0.142499999997744,0.13896151861339,3.30827916534392,36.1,0.2048460960960961,0.20737458553674173,3.928231796185166,40.2
675,synthetic_planning_reference_v5,low,0.6993510403683426,0.0894949150831082,0.100833333332048,0.230368415260997,2.92061750359017,32.75,0.11249749749749749,0.2368439866752529,2.6705745798958045,34.85
676,synthetic_planning_reference_v5,mild,0.5100399009939357,1.459633331905653,0.0774999999988722,0.151296419359828,3.35568012887961,33.55,0.10373873873873873,0.18241959718041373,3.5869128723932673,37.5
677,synthetic_planning_reference_v5,moderate,0.8631768836400336,2.1748007612520097,0.133333333331393,0.110138787111621,3.22487216164368,38.4,0.20184309309309312,0.22995570155047457,3.676444298761013,40.6
678,synthetic_planning_reference_v5,severe,0.3263694813875614,2.0282257789989555,0.0641666666660967,0.2230352206993,3.34235429631048,33.65,0.1323973973973974,0.2619501983717435,3.604282555552007,39.150000000000006
679,synthetic_planning_reference_v5,moderate,0.5487586367665668,2.513115226151658,0.137499999998181,0.0881293918030587,2.94660219144192,33.65,0.2142304804804805,0.17160044294158283,3.605239771716811,39.400000000000006
680,synthetic_planning_reference_v5,low,0.3190011333865806,0.077196744529147,0.0641666666657329,0.180780750428957,2.90155463222422,33.7,0.06524399399399398,0.19931019356712174,2.635692790784166,36.0
681,synthetic_planning_reference_v5,moderate,0.7550689451570909,1.9017933871811201,0.0691666666656602,0.218741138294436,3.04522844026653,29.8,0.12707207207207208,0.28340757771014635,3.2938201106220233,37.7
682,synthetic_planning_reference_v5,moderate,0.5036060104037581,1.8568699699270321,0.101666666665369,0.113109787455104,3.09839473259314,34.35,0.13674174174174175,0.19050666971620547,3.7488521832070236,39.85
683,synthetic_planning_reference_v5,moderate,0.7526255590821346,1.9525983383978098,0.114999999997781,0.190234232015365,3.41796636346797,35.85,0.2123536036036036,0.29471896090159005,3.5853371258922473,38.95
684,synthetic_planning_reference_v5,mild,0.36929945877832265,0.6912133967857437,0.0333333333328483,0.198996929347771,2.89763739399696,29.05,0.04640315315315315,0.2299803200309744,2.943303911888409,33.65
685,synthetic_planning_reference_v5,moderate,0.3364192658203979,1.7430317230144674,0.0608333333322662,0.0992960390770411,3.01863753124396,34.05,0.11684184184184185,0.19961968878824007,3.3544728859926622,38.45
686,synthetic_planning_reference_v5,low,0.4891113036496796,0.09314898099596357,0.0833333333323026,0.125422286286736,3.26677894101486,31.65,0.0904054054054054,0.15653292497216584,3.1048787086880094,33.75
687,synthetic_planning_reference_v5,mild,0.6804179825689836,0.7097495138809318,0.0916666666651508,0.209440176141782,2.69634821944844,33.25,0.11123623623623623,0.23783167912249914,2.709741116410684,36.45
688,synthetic_planning_reference_v5,low,0.5354257301348377,0.16709574235204044,0.0599999999994907,0.131275134962941,2.69805580317939,28.8,0.0637474974974975,0.1714736106950847,2.414679905952607,32.6
689,synthetic_planning_reference_v5,mild,0.45863195104873283,0.6045624372484614,0.0708333333324845,0.0916049025650686,3.11618119883968,34.35,0.07923423423423423,0.11645644737235623,3.1817178535798787,37.6
690,synthetic_planning_reference_v5,low,0.5021875185478949,0.0874765483525864,0.0474999999991269,0.247982539193296,3.09677384105945,36.6,0.05165840840840841,0.24695905017434475,2.897944964864457,37.35
691,synthetic_planning_reference_v5,mild,0.5075738328792411,0.6505401187922158,0.0874999999989086,0.105615918522267,3.63300755369895,34.3,0.12328828828828829,0.13613043105038464,3.536925171352273,36.800000000000004
692,synthetic_planning_reference_v5,mild,0.5084070500242094,0.7582474466819746,0.0899999999988722,0.0914388853497011,3.22286027879549,33.6,0.11922422422422423,0.15521422892739814,3.2489473780611244,36.7
693,synthetic_planning_reference_v5,mild,0.4876643145138046,0.3598887997762448,0.079999999998654,0.253472504372522,2.6912105142358,31.0,0.08644144144144143,0.25835693688510214,2.5849505804614394,33.800000000000004
694,synthetic_planning_reference_v5,low,0.268482023571396,0.09004398575130215,0.0891666666653691,0.107256982414765,2.77406254477116,32.95,0.100015015015015,0.10914411544764364,2.498286210300956,34.45
695,synthetic_planning_reference_v5,mild,0.3947281273352962,0.4028326999341178,0.110833333331357,0.123719204706671,3.11946756477833,38.75,0.12805305305305306,0.15143421239028235,3.0116192720356634,38.7
696,synthetic_planning_reference_v5,mild,0.2243645212741064,0.8438223583356141,0.118333333331429,0.0873821871304642,2.81864179478172,32.4,0.1364614614614615,0.08704622630104852,2.9686459090958754,36.050000000000004
697,synthetic_planning_reference_v5,low,0.35702707835776054,0.08418013898971302,0.0974999999985812,0.157569556481656,2.87133224259094,30.3,0.10481981981981982,0.1835875475443996,2.5732907855008236,33.050000000000004
698,synthetic_planning_reference_v5,moderate,0.406894520219842,1.8315023854895527,0.059999999998945,0.220144585190457,2.85147067949871,32.75,0.0675462962962963,0.25368207653432184,3.1688691118488967,37.4
699,synthetic_planning_reference_v5,mild,0.5671767350292739,1.0860178333330002,0.0991666666654055,0.0812618731237792,3.06844478014834,36.15,0.13085585585585585,0.11314065888529717,3.2342344129975844,38.900000000000006
700,synthetic_planning_reference_v5,mild,0.2932480632639812,0.7188973383703535,0.0458333333328483,0.168878838454796,2.96296069541425,31.65,0.06144519519519519,0.22756606996989268,2.931283316155985,36.050000000000004
701,synthetic_planning_reference_v5,moderate,0.3194618988239,1.0212013535358213,0.0558333333325209,0.230233944828837,2.74307556903604,32.15,0.0729567067067067,0.264929264284549,2.998613722979574,36.6
702,synthetic_planning_reference_v5,low,0.4118992252436223,0.1205040546060599,0.104166666665151,0.0912307130532607,3.20228886547367,34.4,0.11375875875875875,0.08771753356989731,2.9714220721407982,36.45
703,synthetic_planning_reference_v5,mild,0.6509875951540464,0.9210846536341826,0.0708333333324845,0.17225119010497,2.96581025089221,35.55,0.09436936936936936,0.22924915365936077,3.1268667240749304,38.35
704,synthetic_planning_reference_v5,low,0.235207138957708,0.05902031949997756,0.0549999999990177,0.205195770155617,2.85141283348364,34.4,0.051308058058058055,0.21156153620927093,2.541744179848829,35.95
705,synthetic_planning_reference_v5,mild,0.49014533746814937,0.7677739505689035,0.119999999998436,0.0959343868289424,3.32389514266744,32.55,0.15079204204204205,0.17100226018015943,3.3027158560524903,36.15
706,synthetic_planning_reference_v5,low,0.4723962210098244,0.06986158606246001,0.121666666664714,0.163676919740311,2.72036696256899,34.5,0.13786286286286287,0.183768363186857,2.374269740287912,36.6
707,synthetic_planning_reference_v5,moderate,0.4698344485831121,1.3066437150417896,0.059999999998945,0.20834449284198,3.05601943967906,32.7,0.08764264264264264,0.24447679059756386,3.3249784847458335,37.5
708,synthetic_planning_reference_v5,moderate,0.2572575746311721,0.9712474851738654,0.0641666666659148,0.0560304915930112,2.97979935589089,32.2,0.08608108108108108,0.10173221314416005,3.1199250283997264,36.9
709,synthetic_planning_reference_v5,mild,0.2539226428920667,0.8757586600762534,0.0866666666655874,0.12425212140495,2.62444573437231,31.4,0.11291791791791791,0.1875606946491425,2.65562051745446,35.25
710,synthetic_planning_reference_v5,mild,0.74306319299558,2.1673449066720445,0.0608333333324481,0.250702726551077,3.33743879864127,33.4,0.11151651651651652,0.37770172781533845,3.5907932805423313,39.5
711,synthetic_planning_reference_v5,mild,0.3040753566135574,0.7316689879074163,0.127499999997963,0.0764391734180034,2.98263214969506,34.45,0.16017642642642643,0.13215719301334639,3.008016610383761,37.15
712,synthetic_planning_reference_v5,low,0.17322661925782348,0.07165813244247175,0.0391666666660967,0.12423075427253,2.76400433442574,29.05,0.04500175175175175,0.13806224295833186,2.4602133226666982,32.4
713,synthetic_planning_reference_v5,severe,0.150145110032715,2.5698276639527897,0.0616666666657693,0.2069642609226,3.10566239596722,31.3,0.1190840840840841,0.3846414641704568,3.8104316491145793,39.300000000000004
714,synthetic_planning_reference_v5,mild,0.6362739293137853,0.815851573822503,0.0999999999987267,0.155238652211146,2.87867567400802,33.15,0.14591216216216216,0.21048200952469814,3.068850019924839,36.85
715,synthetic_planning_reference_v5,severe,0.6982419312579597,3.742176311644183,0.141666666664423,0.088623542851525,3.05034784973744,37.7,0.2674724724724726,0.25139321908783213,4.296681045033488,42.35
716,synthetic_planning_reference_v5,moderate,0.6024450680719936,1.870305047878836,0.0891666666653691,0.241932943731913,2.9451804107995,32.45,0.12244744744744746,0.3541609533770765,3.3373798592938884,38.25
717,synthetic_planning_reference_v5,moderate,0.822535863180211,4.254236675989172,0.129166666664787,0.115676360874906,3.11445978582323,37.75,0.2499549549549549,0.3047458320534437,4.238871587310625,42.400000000000006
718,synthetic_planning_reference_v5,severe,0.5599886374900952,2.309008505014582,0.0674999999991996,0.141502444833751,3.17982593355849,32.15,0.11586086086086086,0.2488425095003564,3.5537433450821503,38.800000000000004
719,synthetic_planning_reference_v5,mild,0.5665347441978053,0.5569135995043754,0.0733333333324481,0.225767639243131,2.97066747443901,33.45,0.08512012012012012,0.24827636448875323,2.8523323986564106,36.35
720,synthetic_planning_reference_v5,severe,0.4697828140761042,1.2888561215688288,0.123333333331721,0.0804847317454059,3.23190746922076,32.7,0.16167792792792796,0.1253944902689572,3.353620312752916,37.550000000000004
721,synthetic_planning_reference_v5,mild,0.23084154189789338,0.6696022025223614,0.0699999999993452,0.131596422904859,2.99898632472993,32.1,0.09881381381381381,0.18680175291609907,2.9138612483736774,36.95
722,synthetic_planning_reference_v5,low,0.5913866530750861,0.10132502073486815,0.0608333333322662,0.229298875995615,3.02326766166485,32.3,0.057070820820820815,0.23825756158217887,2.745442266151283,34.5
723,synthetic_planning_reference_v5,severe,0.7583830972665601,4.344979206729784,0.114999999998508,0.106410261605331,3.45450702686969,33.75,0.23496996996997,0.23830473643250694,4.14077767241537,41.2
724,synthetic_planning_reference_v5,mild,0.6772270991301549,0.9949160994121641,0.126666666664642,0.13479768212628,2.91053264539012,38.15,0.18870495495495498,0.18349584086640905,2.9427996673134573,39.45
725,synthetic_planning_reference_v5,severe,0.27107761812524095,1.6311021432269612,0.0516666666657329,0.167954941093983,2.88231451657398,35.65,0.0868018018018018,0.2282892156639343,3.1538305755029583,38.900000000000006
726,synthetic_planning_reference_v5,mild,0.42710249788684274,0.523752458832161,0.0674999999990177,0.144537353220177,3.14463688854727,34.75,0.07995495495495494,0.19381204938392943,2.999119071573606,37.1
727,synthetic_planning_reference_v5,low,0.3891044394169625,0.05230432926772529,0.0633333333327755,0.155423942601468,3.22156092867136,31.5,0.061214964964964966,0.1699876071803945,3.0751509684827356,33.65
728,synthetic_planning_reference_v5,low,0.8825632460016929,0.14772483466082842,0.13916666666446,0.177070860768727,2.66546796910304,40.7,0.16355480480480483,0.19747347257752326,2.348966249211816,39.25
729,synthetic_planning_reference_v5,moderate,0.4276796625589611,0.8585766772653264,0.052499999999236,0.145604777040045,3.16545383377326,33.15,0.07815315315315315,0.1927528083538069,3.312672174953387,36.9
730,synthetic_planning_reference_v5,mild,0.5258192916031424,0.9062273300191936,0.114999999998327,0.124306760975768,2.72346984108205,39.95,0.14853978978978982,0.1762779107217027,2.6931868826959118,39.550000000000004
731,synthetic_planning_reference_v5,severe,0.3536638920347657,2.8542458463544373,0.0858333333324481,0.220638048754146,2.72754780336367,29.7,0.1913325825825826,0.30586510567413516,3.1905517926730007,39.25
732,synthetic_planning_reference_v5,low,0.5579232721240038,0.1208375456023846,0.0899999999988722,0.0994163386233932,3.30742027733835,33.35,0.09088588588588588,0.1023737306965156,3.08036513091573,35.9
733,synthetic_planning_reference_v5,mild,0.9503874289728713,0.9105393592379064,0.199999999996908,0.149499719051248,3.18636369985351,37.0,0.23296796796796793,0.22622456386347925,3.321900522262534,38.7
734,synthetic_planning_reference_v5,moderate,0.3621333397976033,2.1175901243646735,0.0333333333328483,0.203966741618962,2.74189538179905,32.35,0.08259759759759759,0.2922918948691989,3.1986372088005663,36.9
735,synthetic_planning_reference_v5,mild,0.687760731166805,0.6098284746660775,0.076666666665551,0.0950585776473286,3.25965639620491,34.15,0.11445945945945946,0.1294892938428427,3.2554814373484415,36.4
736,synthetic_planning_reference_v5,moderate,0.3018482610409345,1.4438511041846607,0.0599999999991269,0.0817317927809975,3.46030571875462,29.3,0.11333833833833834,0.11825945758108074,3.7455516040824812,35.15
737,synthetic_planning_reference_v5,low,0.8526489634018912,0.11938731034780996,0.0749999999987267,0.245021444919974,3.52778848670124,34.75,0.07743243243243243,0.24915763717630574,3.354754156155884,36.300000000000004
738,synthetic_planning_reference_v5,mild,0.5712031111501745,1.0000104949318105,0.104166666665515,0.105988783624082,3.30771448876437,29.05,0.16242867867867866,0.15050296852992867,3.4247417890493685,34.4
739,synthetic_planning_reference_v5,mild,0.35587232903121374,0.5543644338471316,0.0983333333320843,0.0890011451990848,3.03081803032874,35.85,0.10457957957957958,0.10377778502196955,3.0979441858885637,38.0
740,synthetic_planning_reference_v5,moderate,0.40216519553786445,1.3732530844838122,0.0566666666662059,0.24355130635736,2.8434259731896,32.0,0.08223723723723723,0.2671107934860538,3.088934751982384,37.300000000000004
741,synthetic_planning_reference_v5,mild,0.45267272181224455,0.5159331291548417,0.0524999999994179,0.108375838348657,3.35280110845363,29.75,0.060178928928928926,0.12661143678965195,3.3265618446514726,33.85
742,synthetic_planning_reference_v5,moderate,0.7398820611470619,1.571112435328548,0.189999999997235,0.117926451267351,2.88550291270527,37.0,0.24745245245245245,0.16799991776708714,3.1834505556241592,39.150000000000006
743,synthetic_planning_reference_v5,severe,0.5170492094084592,5.036305923799686,0.0624999999994543,0.271337946650276,3.39850444334224,32.75,0.19058183183183186,0.3829018287233366,4.431913102779305,42.400000000000006
744,synthetic_planning_reference_v5,low,0.32196027596346216,0.09428712756942376,0.0358333333331757,0.139808594478327,2.93544432453313,33.8,0.044004004004004005,0.15767120594092382,2.6266438579376827,35.35
745,synthetic_planning_reference_v5,low,0.8442028379000956,0.0789747563848352,0.126666666665369,0.121478315462723,3.47151777324522,35.85,0.1496659159159159,0.13051718866188297,3.3233279966893163,36.9
746,synthetic_planning_reference_v5,mild,0.6324002934219444,0.7126595515042901,0.0849999999987631,0.22999653302273,3.22274256550293,32.15,0.0958108108108108,0.24398143428021557,3.223195675912141,36.35
747,synthetic_planning_reference_v5,mild,0.8226202533854335,1.240094080454514,0.119166666664933,0.128082117398657,3.42391562204654,34.65,0.1744406906906907,0.19127570899032198,3.593719344001157,37.6
748,synthetic_planning_reference_v5,low,0.5129623106236378,0.07677043020741162,0.126666666664642,0.121220826243521,3.10779133962265,33.4,0.14778903903903903,0.1426484202309592,2.832691490449821,35.300000000000004
749,synthetic_planning_reference_v5,mild,0.6926337945674308,0.6782467714820644,0.072499999998945,0.252059114287143,3.82680470014582,32.75,0.11347847847847849,0.2544994229161603,3.7044829589344648,36.4
750,synthetic_planning_reference_v5,low,0.6861784575323915,0.12812127329104622,0.16583333333092,0.11820539154175,3.24487289282635,36.8,0.2063475975975976,0.1261602277077095,3.0541566201290884,37.9
751,synthetic_planning_reference_v5,moderate,0.6608806630372477,0.6589810925735937,0.0766666666651872,0.186862142322916,2.85177629592153,32.7,0.08247747747747748,0.22183398148138622,2.6479606312851267,36.7
752,synthetic_planning_reference_v5,low,0.673117324823626,0.18950257885666058,0.0591666666656238,0.2297582284219,3.18970284351084,34.45,0.05753128128128128,0.24053062555137422,3.0736411631681455,36.65
753,synthetic_planning_reference_v5,severe,0.4083644012816272,3.0528189353276516,0.12416666666486,0.101529822707734,3.24936667453388,31.1,0.2138551051051051,0.24026735849658132,3.9677401902680347,38.6
754,synthetic_planning_reference_v5,severe,0.48601196939616526,4.6631985880622695,0.0983333333317205,0.134067862065675,3.38074461256727,36.75,0.20334459459459459,0.27333181665494805,4.106848669207774,42.45
755,synthetic_planning_reference_v5,low,0.3315514192033537,0.08865370125529604,0.0408333333325572,0.202132906250546,3.06271233429236,29.85,0.0435035035035035,0.2286730233087395,2.7835457310770226,32.7
756,synthetic_planning_reference_v5,low,0.4315079585771457,0.1287348000727809,0.09666666666526,0.0916288436406295,3.11994512705939,34.55,0.10913413413413413,0.08463822971909674,2.924100056662239,36.35
757,synthetic_planning_reference_v5,moderate,0.5994278665823969,1.4045661300480938,0.0874999999987267,0.152992415738125,2.94029538080857,31.3,0.13534034034034034,0.23087190000875835,3.247459833834225,36.6
758,synthetic_planning_reference_v5,low,0.4670755463632532,0.18459643991072042,0.0724999999983993,0.235158750019383,2.48472211055035,30.05,0.07318693693693692,0.23746569948779953,2.0796814411789297,32.9
759,synthetic_planning_reference_v5,mild,0.3887949887818132,1.2564123141565184,0.0774999999988722,0.115339696195962,3.21956539923579,29.9,0.10689189189189188,0.1481643819888958,3.26274104859868,34.7
760,synthetic_planning_reference_v5,moderate,0.2557986137098851,2.0104953268606445,0.0558333333327028,0.128739629762978,3.03211578925307,35.5,0.09833333333333333,0.2472458096427805,3.5509094401450363,39.550000000000004
761,synthetic_planning_reference_v5,low,0.6666375555512238,0.14508945517452,0.114166666665005,0.242416164039103,3.21883227586228,33.45,0.130995995995996,0.24323224273473873,2.9955244777575403,35.15
762,synthetic_planning_reference_v5,low,0.22590884486090904,0.11152986397330793,0.0716666666659876,0.185972379912368,2.88638859861181,31.85,0.06858233233233232,0.20134725692277336,2.625878183126965,34.300000000000004
763,synthetic_planning_reference_v5,moderate,0.24089224379672974,0.6347545290787466,0.0766666666653691,0.124850210825757,3.29510156339913,34.0,0.08427927927927928,0.1695547214125567,3.2120584554752627,36.4
764,synthetic_planning_reference_v5,moderate,0.4981016232621762,1.220742540775804,0.0516666666660967,0.202993614399385,3.0749239732375,33.15,0.07433808808808809,0.24145635100866686,3.206911630174375,37.25
765,synthetic_planning_reference_v5,moderate,0.26397311472231805,0.939077070124405,0.0616666666659512,0.137382115262114,2.92086780973453,30.65,0.08199699699699699,0.19772437505401724,3.031546495895301,35.85
766,synthetic_planning_reference_v5,mild,0.5011580175452426,0.7620019772246652,0.0341666666663514,0.0983797265082877,3.52095469059641,36.3,0.05488363363363363,0.10899436186317185,3.3809492756392494,38.300000000000004
767,synthetic_planning_reference_v5,moderate,0.4126630837132251,1.515064355056942,0.0758333333320479,0.212429768817551,2.79165616008391,30.7,0.10619119119119118,0.3565546275787238,3.0197696712248865,37.2
768,synthetic_planning_reference_v5,severe,0.4582267891815487,3.088953465214882,0.069166666666024,0.162150449763068,2.79328253581803,33.05,0.13870370370370372,0.23176024926393093,3.688687302109355,39.35
769,synthetic_planning_reference_v5,moderate,0.5340125690354863,0.9588933124855324,0.119999999998254,0.223114835405798,2.55762426466013,31.7,0.17519144144144144,0.24816552864544045,2.4170363335297576,35.5
770,synthetic_planning_reference_v5,mild,0.20349541701973428,0.4877174700751402,0.0508333333327755,0.170706657939883,2.85266286956826,26.7,0.057301051051051044,0.19634189493660278,2.6417152123430436,32.2
771,synthetic_planning_reference_v5,low,0.5560700816152874,0.03329508812260848,0.0758333333324117,0.212065490277517,2.9819004672774,33.8,0.07042417417417417,0.22884326570853408,2.763521245699381,35.6
772,synthetic_planning_reference_v5,mild,0.4030085120852114,1.424792288206118,0.0616666666659512,0.136258617261368,3.41387228802293,40.25,0.0952102102102102,0.229047576500901,3.5939119505517407,40.300000000000004
773,synthetic_planning_reference_v5,severe,0.6027570499045136,2.5672227208167495,0.129166666664605,0.0946023434557598,3.34284090398651,34.55,0.1748160660660661,0.19350592356779098,3.7864237267186422,39.0
774,synthetic_planning_reference_v5,low,0.6792636237782795,0.09256389902484528,0.115833333331466,0.169052571599418,3.06550718326111,37.7,0.1316966966966967,0.19302370725414186,2.8228528860787026,38.050000000000004
775,synthetic_planning_reference_v5,moderate,0.5109261746657052,1.960161938456092,0.0691666666652964,0.251627125750636,3.19137663776559,31.15,0.13183683683683683,0.3131802194844229,3.5825140039926504,37.5
776,synthetic_planning_reference_v5,low,0.37648452716264447,0.06193629266755981,0.0966666666650781,0.0930113600104101,3.13359763607448,32.8,0.10549049049049049,0.09467819986744776,2.8376101038262806,34.6
777,synthetic_planning_reference_v5,moderate,0.4112664684597918,1.7143368377261838,0.08416666666526,0.134188336379075,3.18670535106702,30.8,0.11992492492492493,0.20297115827689804,3.7315023259372557,36.95
778,synthetic_planning_reference_v5,low,0.2941098434881011,0.05149009761845339,0.0666666666656965,0.185045126342418,3.01797115072892,28.95,0.062366116116116116,0.1970061495303865,2.697214128770186,32.35
779,synthetic_planning_reference_v5,mild,0.3756894919813608,1.111558400418538,0.0499999999994543,0.159807690310314,2.62694020015089,29.2,0.06697072072072072,0.21304982063686254,2.717047519886738,34.25
780,synthetic_planning_reference_v5,low,0.5689352991174823,0.1649428908454099,0.0624999999989086,0.204046059473674,2.96599128547627,28.15,0.07683183183183183,0.21777916932894875,2.707591443668768,32.35
781,synthetic_planning_reference_v5,mild,0.38704313689518877,0.8565617365941033,0.0774999999983265,0.0880875496940404,3.66972058376434,35.1,0.08872372372372372,0.11934811951995014,3.62883763747518,37.65
782,synthetic_planning_reference_v5,low,0.5260485067531636,0.07720909421355934,0.0758333333324117,0.189152250046836,3.01638769433525,33.75,0.08031531531531531,0.20856953880263387,2.7044194687395975,36.050000000000004
783,synthetic_planning_reference_v5,moderate,0.5554241612707879,3.321314781135764,0.0666666666655146,0.246944978982564,3.42286254488079,33.35,0.11459959959959959,0.37334733805819265,3.897727734973643,42.45
784,synthetic_planning_reference_v5,moderate,0.44118642476396946,1.0830145638201276,0.0774999999988722,0.116153849312144,3.09445135335694,37.7,0.10013513513513513,0.1649104366944102,3.2210434607531995,39.5
785,synthetic_planning_reference_v5,severe,0.6700875818525207,2.029110466247277,0.0666666666658784,0.214412997542267,3.12320331029615,32.6,0.17218843843843845,0.29688386079480833,3.8283703456426155,37.95
786,synthetic_planning_reference_v5,mild,0.7509317302478178,2.065295373961222,0.184166666664169,0.20412801448591,3.16355450517231,32.35,0.24297797797797793,0.36044639775131404,3.536093788629731,37.9
787,synthetic_planning_reference_v5,moderate,0.6254858830581702,1.999586070297785,0.093333333332339,0.182897430196299,3.33905915214601,38.4,0.15417042042042045,0.2476898254782925,3.660298207523391,40.150000000000006
788,synthetic_planning_reference_v5,low,0.16827920465974783,0.08029702572332081,0.0483333333328119,0.18641718821708,3.26399371394446,29.6,0.05419294294294294,0.20957920671652772,3.0494514079255097,32.550000000000004
789,synthetic_planning_reference_v5,moderate,0.4380229282526231,1.7965356481843908,0.0708333333326664,0.195366862295271,3.47263870017647,34.45,0.11473973973973975,0.26937659990683865,3.662900495009179,39.1
790,synthetic_planning_reference_v5,moderate,0.7384534919504632,1.644585961192047,0.0849999999985812,0.179791239623851,2.86601924823554,36.7,0.13155655655655657,0.2956889184341313,3.079798256211689,39.2
791,synthetic_planning_reference_v5,mild,0.46330623275488736,0.4650980226004031,0.0416666666662422,0.187703895727077,2.88754339336924,32.95,0.04833008008008008,0.2219908381065712,2.6926080970515818,36.1
792,synthetic_planning_reference_v5,low,0.8026522954183632,0.09357151523672694,0.151666666664642,0.119435864010856,3.69321101114158,35.8,0.18757882882882884,0.12260386137243337,3.439160588893463,37.25
793,synthetic_planning_reference_v5,moderate,0.4405675861501418,1.9547899984744859,0.101666666665551,0.229175757944333,2.91573380598617,31.8,0.18157282282282283,0.2774732518248779,3.4663294525806476,39.0
794,synthetic_planning_reference_v5,moderate,0.2601451737245325,1.157984146512079,0.0499999999992724,0.158041413122343,2.8895299354823,33.1,0.08151651651651652,0.23300382740189826,2.9921864362279074,37.0
795,synthetic_planning_reference_v5,moderate,0.7847289566353695,4.708163772595477,0.114166666665005,0.14262977087719,3.54857099237041,36.35,0.2146058558558559,0.39590209614634536,4.425985291948477,40.150000000000006
796,synthetic_planning_reference_v5,mild,0.7204717946367492,0.937739393842687,0.0716666666654419,0.262977941243138,3.19906958082707,35.0,0.0767117117117117,0.3223625345052614,3.2957403048483367,37.75
797,synthetic_planning_reference_v5,mild,0.2720541063707794,0.6320641810241668,0.105833333331793,0.0886520974035909,3.01028738187869,33.6,0.10717217217217218,0.1175533623170668,2.9199619950025246,36.800000000000004
798,synthetic_planning_reference_v5,mild,0.49223863218212927,0.8593619722539193,0.0974999999983993,0.137466613129651,3.17855562883776,34.15,0.12889389389389388,0.19201071006686765,3.10798331286581,37.7
799,synthetic_planning_reference_v5,moderate,0.4849209348165596,1.3424550849602739,0.0474999999994907,0.223109501915462,3.16416116486869,29.05,0.0744532032032032,0.24566892499188625,3.436126497967012,34.95
800,synthetic_planning_reference_v5,low,0.5250244898767347,0.11384296927505624,0.134166666664896,0.144021588495948,3.18535866733393,34.6,0.15379504504504507,0.15735982312079888,2.976331652521806,36.45
801,synthetic_planning_reference_v5,moderate,0.6076621816487902,2.0569928383921865,0.0841666666654419,0.129255810966509,3.20753394898419,36.15,0.1298748748748749,0.1933135357993444,3.621951160467852,39.75
802,synthetic_planning_reference_v5,moderate,0.27699488667982897,1.1913907208332433,0.0641666666659148,0.232223879657442,2.67942194242561,29.15,0.09280780780780781,0.2903747583988758,2.9582198180065835,36.5
803,synthetic_planning_reference_v5,low,0.11856186147423559,0.0840268332616731,0.0391666666662786,0.146938675489432,2.93240395891219,29.0,0.040500500500500504,0.16107886765849505,2.6878389670999177,32.45
804,synthetic_planning_reference_v5,low,0.3828079289633114,0.04623318741998468,0.0866666666654055,0.12110575685109,3.22645976183986,34.95,0.09148648648648648,0.12518707653223154,3.015594155680965,36.300000000000004
805,synthetic_planning_reference_v5,mild,0.6265722945026088,1.0188303249435962,0.104166666665151,0.242027947767308,3.33989305622033,34.65,0.13688188188188188,0.26750918993286565,3.5488253439185162,38.35
806,synthetic_planning_reference_v5,low,0.46642654288708923,0.10482739035530961,0.0633333333324117,0.222348669145865,2.88138825025119,30.9,0.061790540540540534,0.23678769869651758,2.6388705733496844,33.2
807,synthetic_planning_reference_v5,moderate,0.33867848930622496,1.1757932276264074,0.0733333333322662,0.136847799091587,3.25227440878734,29.6,0.09617117117117116,0.19561816213886127,3.4288994096646577,35.0
808,synthetic_planning_reference_v5,severe,0.19667935095454625,1.2895424778368778,0.0858333333320843,0.139649121986923,3.15350563789077,36.3,0.16317942942942945,0.20883827659450097,3.2240639141438883,39.150000000000006
809,synthetic_planning_reference_v5,low,0.28914052630305215,0.1348996830428806,0.0308333333328846,0.218451434709113,2.84099081904012,32.6,0.041001001001001,0.2307818424647587,2.555551733692088,35.35
810,synthetic_planning_reference_v5,moderate,0.4718168171355786,1.3049090453098904,0.0591666666658057,0.12931988874433,3.02456100668147,32.1,0.0809159159159159,0.18913578493685926,3.373566726449235,37.2
811,synthetic_planning_reference_v5,moderate,0.48457312759609006,1.4834899362982092,0.0833333333321207,0.199579997161957,3.25533690494208,39.5,0.09689189189189189,0.2388304192694614,3.6616982348765164,40.6
812,synthetic_planning_reference_v5,mild,0.5097795085936913,0.5453533759208822,0.0983333333322662,0.115826066155555,2.85360671972688,34.8,0.11726226226226226,0.14694520271486625,2.700168002719094,36.9
813,synthetic_planning_reference_v5,low,0.8062669844453659,0.10634214482912599,0.192499999997381,0.101722105786649,3.24282416879464,35.25,0.22696196196196197,0.10039376436124753,3.0694735173614274,36.5
814,synthetic_planning_reference_v5,low,0.390798262321858,0.16777233812454112,0.0583333333323026,0.211729876954324,3.40334917044234,30.3,0.05994869869869869,0.22195765566010253,3.215935808163276,33.0
815,synthetic_planning_reference_v5,low,0.5064290013878906,0.14388494736796612,0.0449999999993452,0.140324234623427,3.53670256196118,35.05,0.04710385385385385,0.16986077253344062,3.3804867930089637,37.15
816,synthetic_planning_reference_v5,moderate,0.25368753522962567,1.9377082970866095,0.095833333331575,0.0491885310032788,3.11556813277424,29.6,0.12637137137137136,0.12692113897105553,3.6282714731178594,37.550000000000004
817,synthetic_planning_reference_v5,moderate,0.6651940348118152,2.184027286144239,0.144166666664569,0.248285239748822,2.97327808070016,34.2,0.20559684684684687,0.2872320374670074,3.660713004943993,39.050000000000004
818,synthetic_planning_reference_v5,mild,0.23966678915958614,0.42294997924021394,0.0399999999997817,0.161282641569695,3.09650828196864,32.05,0.04727902902902903,0.19544418665905355,2.9760453278675523,34.75
819,synthetic_planning_reference_v5,mild,0.5665127019324612,0.7559560241603157,0.139999999998145,0.0707551934799481,3.02452958908639,31.75,0.1819481981981982,0.11853194096692171,3.134237867332903,35.25
820,synthetic_planning_reference_v5,moderate,0.187031893699882,1.0216421655434778,0.0574999999991633,0.168843846647468,2.93736186843386,31.4,0.10361861861861861,0.2413311289904067,3.1715423251692023,35.6
821,synthetic_planning_reference_v5,moderate,0.720405588348116,2.1948642256397712,0.0441666666662059,0.213674345919714,3.26669043350888,34.0,0.08656156156156156,0.24859195761782488,3.763203216221868,39.5
822,synthetic_planning_reference_v5,mild,0.1703916942642815,0.4270815245938564,0.104999999998472,0.076380746227678,2.80394631991928,29.35,0.13043543543543543,0.07885606289740268,2.6705338638134437,32.9
823,synthetic_planning_reference_v5,mild,0.7208064586899617,1.480985649121187,0.089166666665551,0.205359532739061,3.70625867909344,35.5,0.11698198198198198,0.27870663299585513,3.9232031348759566,39.300000000000004
824,synthetic_planning_reference_v5,low,0.5231361137095326,0.20324456015511017,0.0708333333323026,0.191809433798862,2.94900125151234,30.05,0.07180555555555555,0.21767041438268975,2.6563896623637326,33.050000000000004
825,synthetic_planning_reference_v5,low,0.41452575785196993,0.09050519104632547,0.121666666664532,0.106390919237783,3.25541806897092,28.8,0.13660160160160162,0.1130042781789874,3.113270328107685,32.4
826,synthetic_planning_reference_v5,low,0.27056896660332524,0.13186726918364575,0.0858333333319024,0.104311803551939,3.16292567710778,27.7,0.09761261261261261,0.11173179138230532,2.9804954235507175,32.25
827,synthetic_planning_reference_v5,severe,0.5624547235452803,1.593545065761855,0.101666666664823,0.128129108680197,3.13361816015018,29.8,0.15229354354354357,0.22869071276892255,3.6072446722111944,36.85
828,synthetic_planning_reference_v5,moderate,0.8196051567920902,2.12686576543202,0.113333333331684,0.21464759361909,3.28577154243053,34.6,0.2014677177177177,0.2844233088506538,3.719640423831112,38.85
829,synthetic_planning_reference_v5,mild,0.5970197513937591,0.48310636734721,0.068333333332339,0.215099411512248,3.3329857816104,32.3,0.07707207207207206,0.22556915796048102,3.245775137046827,35.0
830,synthetic_planning_reference_v5,low,0.7979194145016077,0.16898300734137345,0.162499999997635,0.162280515450734,3.57722552627481,40.25,0.19846471471471472,0.19742367824148618,3.354859790391732,38.85
831,synthetic_planning_reference_v5,moderate,0.4299125987664887,1.4962779752756454,0.0516666666660967,0.213063503417992,3.19632234263734,31.6,0.07261136136136136,0.259215889296531,3.4353827565990684,37.95
832,synthetic_planning_reference_v5,severe,0.19595939985584654,2.0960680749453915,0.0424999999993815,0.146296060376401,3.79385586270798,30.4,0.07695195195195195,0.2322408461002651,4.017367861318131,37.85
833,synthetic_planning_reference_v5,low,0.6091315605642491,0.04677518062324119,0.0791666666656965,0.137033161942188,3.10391211415563,36.7,0.08536036036036035,0.1530358364358516,2.8641306716912234,37.45
834,synthetic_planning_reference_v5,mild,0.7468833958229262,0.5816639724161347,0.0758333333322298,0.241051012713122,3.08483297765855,31.2,0.0785135135135135,0.2527797661183148,3.0326670359860013,34.7
835,synthetic_planning_reference_v5,mild,0.12211190976280482,0.37441211359972437,0.056666666666024,0.154456627357438,2.80681001819497,36.05,0.05799174174174174,0.17891285341417093,2.601642794771873,37.800000000000004
836,synthetic_planning_reference_v5,moderate,0.5010551439721191,2.7187816384931933,0.138333333331502,0.181916674740741,2.63377767618462,33.55,0.20897522522522527,0.2845059635262501,3.197447577340794,39.1
837,synthetic_planning_reference_v5,moderate,0.48341506634924214,0.8841383550881353,0.0633333333320479,0.18269270352134,3.27643606125259,33.0,0.07731231231231231,0.23869829554673824,3.342358158312947,36.65
838,synthetic_planning_reference_v5,moderate,0.532583179953918,1.2684661348064914,0.0799999999988358,0.11929970293949,3.26955372992825,31.8,0.10745245245245245,0.16727812724885294,3.4002286199546674,36.45
839,synthetic_planning_reference_v5,mild,0.6697896371113843,0.7478504925423103,0.0908333333323753,0.200542099255837,2.74870659683531,37.75,0.12202702702702703,0.23226833705895736,2.6559772549990015,38.900000000000006
840,synthetic_planning_reference_v5,low,0.08768957429665951,0.043733906145984706,0.0466666666661695,0.137516991630179,3.0415747705614,34.3,0.052466216216216215,0.147253328899252,2.6832430493581994,36.35
841,synthetic_planning_reference_v5,severe,0.6379494247642457,4.913295445341765,0.107499999998618,0.0763038475234139,3.36910973802401,31.1,0.23096596596596597,0.3696369959672246,4.4416885454602,40.35
842,synthetic_planning_reference_v5,low,0.3526995015566102,0.1372563599661931,0.0691666666654783,0.212710932642353,3.2230913127592,32.85,0.06581956956956957,0.23140617661483645,3.0230489863211236,35.1
843,synthetic_planning_reference_v5,low,0.42995952820371963,0.07622278878596729,0.0458333333324845,0.185935858055261,3.50557458172505,32.8,0.046753503503503505,0.2164662214316336,3.314862704020243,34.75
844,synthetic_planning_reference_v5,low,0.8747129403083582,0.08533632666341479,0.200833333330229,0.0690729698124268,3.80132855048693,33.3,0.23697197197197195,0.06452015434585387,3.573004108244114,35.9
845,synthetic_planning_reference_v5,moderate,0.4776287768734105,1.36316262994293,0.100833333331866,0.158948113399577,3.10393023512773,28.3,0.13323823823823824,0.22504232837932567,3.2436247210414764,32.85
846,synthetic_planning_reference_v5,moderate,0.43810333351215164,0.807086513546959,0.0708333333321207,0.189258955001977,2.9269955980722,30.15,0.0862012012012012,0.21483217902255,2.911563960210555,34.550000000000004
847,synthetic_planning_reference_v5,moderate,0.6253650625809581,2.038377946566728,0.0916666666653327,0.23086871709008,3.22784900854873,32.85,0.1470382882882883,0.25756010255764156,3.6690176739270113,38.35
848,synthetic_planning_reference_v5,moderate,0.6451062754098178,2.28062534456884,0.160833333331175,0.0814062727480295,3.02792423594932,31.2,0.22896396396396404,0.18851935006724627,3.6706358520933544,37.9
849,synthetic_planning_reference_v5,severe,0.22828455300156308,2.641206024426629,0.0691666666654783,0.0854439917579556,2.91496724573015,31.15,0.13001501501501503,0.18514372409257476,3.4155791991944633,38.35
850,synthetic_planning_reference_v5,moderate,0.30736151278504065,1.382122450713454,0.0549999999993815,0.211774813995827,3.36966578496928,31.65,0.07376251251251251,0.26222325403838626,3.6191635465881125,35.550000000000004
851,synthetic_planning_reference_v5,low,0.27779334865971705,0.05626597396420415,0.045833333333394,0.134206671002336,2.85239683768224,33.55,0.045527277277277275,0.12882737987181714,2.5800764950585244,36.0
852,synthetic_planning_reference_v5,severe,0.30442402318931183,2.33699539681106,0.0749999999990905,0.111058202678555,2.87523807515719,37.1,0.10801301301301301,0.2326206287903247,3.5353244743852974,39.800000000000004
853,synthetic_planning_reference_v5,moderate,0.5479312217904987,1.9395250694400108,0.0633333333325936,0.227612371134404,3.19438055546921,30.65,0.1586749249249249,0.2930784187063116,3.5733450660411785,38.0
854,synthetic_planning_reference_v5,mild,0.8075437459883366,0.7216390931706449,0.131666666664387,0.120644332400812,3.09436052392228,35.65,0.16130255255255257,0.18554574006351698,2.9010379554479893,37.7
855,synthetic_planning_reference_v5,mild,0.21747688471394147,0.43873249640294093,0.0566666666658421,0.219629518822634,2.7611861724461,29.1,0.059258008008008005,0.24099174260813305,2.649592275447499,32.85
856,synthetic_planning_reference_v5,mild,0.6055865641217443,1.5568706684518863,0.064999999999236,0.168847402303682,3.18694523705078,33.75,0.08283783783783784,0.2184679188217581,3.3382185191711824,38.300000000000004
857,synthetic_planning_reference_v5,mild,0.31628100707890244,0.7765969720155664,0.114166666665005,0.0658442540810991,2.92435846104443,31.6,0.1359009009009009,0.16444426169284038,3.0063078518370006,34.9
858,synthetic_planning_reference_v5,severe,0.4671545771989461,1.518778727855982,0.072499999998945,0.182302899051984,3.05055413632382,32.85,0.09064564564564564,0.2787999095828599,3.4192397815865063,38.0
859,synthetic_planning_reference_v5,severe,0.29640599920837635,2.5675049079454917,0.0474999999991269,0.224346627864285,2.97694160401377,30.9,0.09184684684684684,0.35711616794718215,3.5161356219170417,38.300000000000004
860,synthetic_planning_reference_v5,mild,0.6511121791685719,1.1754654000915477,0.121666666664714,0.130923814075543,3.43085858342097,37.7,0.1680593093093093,0.17478394741810624,3.489223844247301,39.45
861,synthetic_planning_reference_v5,mild,0.5832907427470029,0.8109593336658482,0.0658333333325572,0.231321225510014,2.87291241332976,33.45,0.08896396396396396,0.2970648158150649,2.9285717967162204,37.35
862,synthetic_planning_reference_v5,low,0.2563343828185143,0.06719439427531047,0.04833333333263,0.169734787274289,2.63744202670265,31.65,0.050257007007007005,0.18849807182798764,2.203084692562574,33.35
863,synthetic_planning_reference_v5,mild,0.375132331374524,1.85351669554265,0.0433333333328847,0.116669141408021,3.56320061149444,38.05,0.09484984984984984,0.16238428454729384,3.7804075162370534,39.900000000000006
864,synthetic_planning_reference_v5,moderate,0.48904380038574247,2.060777540846101,0.0616666666659512,0.213522392052633,3.44135477305275,33.85,0.13393893893893893,0.24750609384356528,3.946479313683383,38.45
865,synthetic_planning_reference_v5,mild,0.5068822173664438,1.008598258855973,0.0766666666660967,0.123553770770203,2.5846008780026,37.0,0.08992492492492492,0.19168933332239552,2.631029357488253,38.95
866,synthetic_planning_reference_v5,moderate,0.3451742785960806,2.448838526485066,0.0508333333324117,0.166617200973719,3.00232842469107,33.25,0.10885385385385385,0.2697265954772886,3.362265195832512,39.0
867,synthetic_planning_reference_v5,mild,0.6368849869880115,0.5970288983791545,0.0541666666655146,0.213222712954543,2.91768306030887,32.1,0.06317192192192192,0.23445598619421296,2.728697255415272,34.85
868,synthetic_planning_reference_v5,low,0.4575896359639036,0.17658372446106185,0.0999999999985448,0.0762592961389849,3.70526554478695,34.25,0.11936436436436436,0.08357822633187141,3.460417841847913,36.300000000000004
869,synthetic_planning_reference_v5,moderate,0.679903237776123,1.3319541093984084,0.0724999999991269,0.168118495064876,3.07694417438571,34.1,0.09232732732732732,0.22918275095551544,3.3780843965202463,37.85
870,synthetic_planning_reference_v5,mild,0.3703612067254224,0.4738112924226252,0.0549999999993815,0.220667916224393,2.57305034232122,29.5,0.05960335335335335,0.25606726933713514,2.20961043612785,33.35
871,synthetic_planning_reference_v5,mild,0.5648780784600277,0.47881836316767507,0.106666666665478,0.0959269618715611,3.21577787823505,32.9,0.13015515515515516,0.12633685143429868,3.167785773036395,35.0
872,synthetic_planning_reference_v5,low,0.31489362322934245,0.08274327448860701,0.0916666666653327,0.132410637856921,2.98380115039396,33.15,0.09557057057057057,0.14270397085042416,2.763000082267899,34.65
873,synthetic_planning_reference_v5,moderate,0.265287218666523,1.9250520031565135,0.0491666666659512,0.229776438057928,3.01935666047358,30.6,0.08271771771771771,0.28246970363253926,3.329328149985306,37.7
874,synthetic_planning_reference_v5,mild,0.483694375529727,0.5117535436419178,0.068333333332339,0.140640215037883,3.05227283974515,35.3,0.07122997997997997,0.18692358403474701,3.0289144888803694,37.35
875,synthetic_planning_reference_v5,mild,0.16494616878531282,0.4982329251558385,0.0741666666654055,0.0842438151453733,2.98388593099408,28.6,0.08944444444444444,0.1095729345907446,2.9140834889924734,32.95
876,synthetic_planning_reference_v5,severe,0.4330207542591488,2.7424739592255625,0.0574999999993452,0.236846393872972,3.11932600004919,31.45,0.10955455455455455,0.39054056705269447,3.917859503637428,38.650000000000006
877,synthetic_planning_reference_v5,low,0.7195938402426895,0.12822838391333125,0.095833333331575,0.230411604237701,3.22719386028292,33.1,0.1138988988988989,0.23526322805801175,3.030372176698038,34.95
878,synthetic_planning_reference_v5,moderate,0.19478197333337546,0.9406434685835399,0.06083333333263,0.139094240490827,3.03035968897837,29.1,0.0761111111111111,0.20377522636345757,3.200266579888803,34.45
879,synthetic_planning_reference_v5,mild,0.8351328912632645,1.1309636397746432,0.149999999997635,0.141949305436451,3.29859109707511,36.15,0.18570195195195197,0.20556072999798766,3.4203496874587445,38.6
880,synthetic_planning_reference_v5,mild,0.5133244234477464,0.8477231164678865,0.109166666664896,0.211333482819652,2.83960817228467,33.5,0.1425337837837838,0.24627425277312656,2.769974238890378,36.9
881,synthetic_planning_reference_v5,mild,0.39823705128586623,0.7586339696913458,0.0449999999993452,0.160482544747152,3.25714855222225,30.6,0.06501376376376376,0.22202702296193372,3.2418266253728945,35.1
882,synthetic_planning_reference_v5,low,0.29562588788389094,0.08797705893227023,0.0383333333329574,0.186567766358903,2.96087647103006,29.25,0.0425025025025025,0.200886370731316,2.669070988216237,32.5
883,synthetic_planning_reference_v5,severe,0.903656350798474,2.8441847505162627,0.138333333331138,0.185512170509736,3.20571362446543,33.7,0.1898310810810811,0.3210314789384283,3.719292114693564,40.35
884,synthetic_planning_reference_v5,low,0.41044849587741605,0.06727863452293907,0.100833333332048,0.175725146468862,2.85640362620187,33.35,0.10647147147147147,0.20490647846127344,2.618566165977052,35.25
885,synthetic_planning_reference_v5,moderate,0.4928984868009832,2.1771192184112826,0.0458333333330302,0.170346325591518,3.38445390761781,31.75,0.0706544044044044,0.260851903919608,3.821841006047276,36.4
886,synthetic_planning_reference_v5,mild,0.35123014069521197,1.1713397578464748,0.0624999999990905,0.0955707148347758,3.00178246999141,34.15,0.09376876876876877,0.16458713020425225,3.1915919330720137,37.7
887,synthetic_planning_reference_v5,moderate,0.37408956506863666,2.441717295070182,0.0883333333322298,0.082932279846204,3.16882242577446,31.25,0.1669331831831832,0.20761274866831095,3.744554662197782,37.45
888,synthetic_planning_reference_v5,mild,0.8673862411278834,1.1767146159275792,0.115833333331466,0.244133557682837,2.78152291386731,32.8,0.1695608108108108,0.29068570442203145,2.944729953714634,36.65
889,synthetic_planning_reference_v5,mild,0.4496517157440452,1.326306724756081,0.0616666666659512,0.156055143883027,2.69355869861555,32.65,0.07399274274274274,0.19671837464540842,2.7598517739571746,37.95
890,synthetic_planning_reference_v5,low,0.7350703122617313,0.05119933028430939,0.140833333331102,0.108570710255257,3.13715516267041,35.25,0.17932057057057055,0.10628521567253549,2.877628271439376,36.95
891,synthetic_planning_reference_v5,mild,0.5382424113482988,0.6455601243193803,0.0441666666658421,0.24113315328556,3.04827914599516,34.15,0.07030905905905906,0.2498983008297368,3.0545550800625803,37.1
892,synthetic_planning_reference_v5,severe,0.38239202102918357,1.3869689411212056,0.04833333333263,0.115410107584221,2.96061571679513,32.3,0.06386261261261261,0.1978959762414659,3.3497173677808187,36.85
893,synthetic_planning_reference_v5,mild,0.172088679177285,0.3510591530153908,0.108333333331939,0.0884063790966257,2.87187369598328,29.85,0.1511674174174174,0.1032152415466751,2.6861301347671236,32.9
894,synthetic_planning_reference_v5,low,0.8029323218878988,0.06021787290775751,0.17666666666446,0.216596802560099,2.87492554019629,32.8,0.20935060060060062,0.2245093260325685,2.6228455165344053,35.7
895,synthetic_planning_reference_v5,low,0.24062779670688267,0.09912162398646618,0.040833333332921,0.212220386917823,3.27023821910387,29.55,0.046578328328328325,0.2251514529357905,3.102664140952574,32.65
896,synthetic_planning_reference_v5,mild,0.2539360975138701,0.5119856105920209,0.0508333333325936,0.184451283237455,3.06765958648057,30.9,0.06006381381381381,0.21350938748748263,2.944172537102758,34.300000000000004
897,synthetic_planning_reference_v5,mild,0.6355110040208752,0.8388523328575908,0.0949999999987995,0.15108563953571,3.26880144933879,39.0,0.12763263263263264,0.23253569073546965,3.323817543012662,39.300000000000004
898,synthetic_planning_reference_v5,severe,0.30554593695478466,6.2309827682943775,0.03583333333263,0.172454810453637,3.09525221757835,31.5,0.24397897897897902,0.39429126495892686,4.449134979103608,40.0
899,synthetic_planning_reference_v5,moderate,0.3915787682863719,2.2055397921247484,0.0508333333327755,0.134906096542578,2.85960793691213,32.25,0.11193693693693695,0.2455912684482678,3.2266554474002582,38.650000000000006
900,synthetic_planning_reference_v5,moderate,0.6187638073033458,1.483813358369014,0.119999999998618,0.218424294136675,3.16119206284601,38.45,0.17256381381381383,0.2687405264895892,3.4758689304977124,39.35
901,synthetic_planning_reference_v5,mild,0.24395965303526507,0.5728199868087254,0.0350000000000364,0.217274726648832,2.84835217334432,34.05,0.04938113113113113,0.24357951062178704,2.72789168081879,37.4
902,synthetic_planning_reference_v5,mild,0.4025634060099173,0.7869242147399755,0.10333333333183,0.109211791818016,2.78983005887943,35.05,0.13449949949949952,0.13472077589853554,2.8322188219512667,38.15
903,synthetic_planning_reference_v5,mild,0.5129312721562962,0.9061784200986726,0.0791666666655146,0.271270491711551,2.97719814051869,32.8,0.08127627627627627,0.28957470339052255,3.175432484293697,36.65
904,synthetic_planning_reference_v5,mild,0.27720505520533745,1.084723999786797,0.064999999999236,0.108472205847322,2.66362183391716,32.3,0.09424924924924925,0.1420933959865621,2.8201613830722705,36.5
905,synthetic_planning_reference_v5,low,0.2054013126073147,0.06726055735028841,0.0499999999989086,0.0938957089267637,2.64820691560845,33.6,0.0509577077077077,0.09294813235652366,2.3203939509192315,35.75
906,synthetic_planning_reference_v5,low,0.4201165185891725,0.13031111182104016,0.0708333333326664,0.255384239390553,2.6038180153543,32.4,0.06743118118118119,0.26326519571990864,2.3041558665308624,33.9
907,synthetic_planning_reference_v5,mild,0.21562431278380792,0.471579905146491,0.0416666666658784,0.120768192962812,3.29902546783871,36.5,0.042002002002002,0.16789577129369812,3.1194431143039734,37.800000000000004
908,synthetic_planning_reference_v5,low,0.38412139531620043,0.04080778804261997,0.0741666666657693,0.212686040315986,3.10496415757834,29.35,0.07410785785785785,0.2259735441032108,2.8238154994320133,32.5
909,synthetic_planning_reference_v5,mild,0.3726926332681529,0.7152187611466442,0.0408333333327391,0.175496376372009,3.14605264336528,32.35,0.05430805805805806,0.22720492946769602,3.0912295280570645,36.25
910,synthetic_planning_reference_v5,low,0.954107849049394,0.33062653314332724,0.199999999996908,0.137968212520982,3.20927529625413,41.85,0.24097597597597598,0.16195821187556667,3.095303906868228,39.75
911,synthetic_planning_reference_v5,severe,0.4662364072927958,1.1985030433549184,0.0483333333328119,0.232460425908779,2.68766608245046,31.0,0.0874024024024024,0.27033535517732143,2.962658673148906,34.85
912,synthetic_planning_reference_v5,mild,0.4046099383912698,0.7582153724700171,0.0766666666653691,0.115922286233056,3.28794880280382,35.45,0.09773273273273272,0.16116956006323183,3.351273917699411,37.95
913,synthetic_planning_reference_v5,mild,0.366208101640824,0.8324363186068082,0.0741666666652236,0.161075872575026,3.1246395225229,32.75,0.10927427427427427,0.21215197811014472,3.2173930825167427,37.300000000000004
914,synthetic_planning_reference_v5,mild,0.6470258770824149,0.7893856200802114,0.0708333333323026,0.213842374545461,3.38041846619621,34.15,0.1046996996996997,0.24473434426069823,3.5386170440049654,37.9
915,synthetic_planning_reference_v5,mild,0.7847000513043659,0.8797248123852092,0.173333333330811,0.139382189919988,2.9978547938309,39.2,0.20859984984984986,0.17305072872569063,2.9647961276708927,39.2
916,synthetic_planning_reference_v5,mild,0.7246789618433119,0.8437076471156855,0.0424999999990177,0.238031821298856,3.32850622730722,34.05,0.047629379379379375,0.2654244363314058,3.3798527083722956,37.35
917,synthetic_planning_reference_v5,moderate,0.4783706905685775,2.300253182103001,0.0824999999986176,0.163831636339323,3.18731252928324,30.6,0.16393018018018019,0.23230435165121627,3.656592487673235,38.1
918,synthetic_planning_reference_v5,severe,0.4552275842335148,2.0446326815316835,0.0716666666658057,0.147412014292729,2.602868243043,35.6,0.10313813813813813,0.29865231237271783,2.8280574606425013,38.550000000000004
919,synthetic_planning_reference_v5,moderate,0.24466501053287357,1.4831441555327434,0.0608333333324481,0.16873893517185,3.05654980773975,29.65,0.10145645645645646,0.21648923977815296,3.2345813206466567,35.300000000000004
920,synthetic_planning_reference_v5,mild,0.37773860256421116,0.4826691864880966,0.0424999999997453,0.204193280674504,2.62812403272902,28.35,0.054538288288288286,0.23120963956515297,2.3837132830228804,32.65
921,synthetic_planning_reference_v5,low,0.7454059669809447,0.07449198200551081,0.144166666664751,0.0918461905438957,3.1830413433204,34.45,0.17631756756756758,0.0904794862159094,2.9934941158650927,36.25
922,synthetic_planning_reference_v5,moderate,0.34904835433072423,1.3788906993128083,0.0791666666655146,0.163267146521846,3.1479833477888,35.1,0.1195045045045045,0.24118262175451746,3.33553779380597,37.7
923,synthetic_planning_reference_v5,moderate,0.4168381314942209,1.29992065808387,0.0474999999991269,0.23688890766949,3.00988800650848,32.05,0.06570445445445444,0.28493942166776626,3.257394762811295,35.2
924,synthetic_planning_reference_v5,low,0.2959395639613158,0.07259000960385016,0.0808333333321571,0.0738921283123373,3.3326190426293,31.6,0.08415915915915916,0.059712069805936435,3.09879862645016,33.45
925,synthetic_planning_reference_v5,moderate,0.8069579881470272,0.9622886300185589,0.18666666666395,0.191120745664038,3.25642387195748,36.35,0.220955955955956,0.24013871376991208,3.4104356725432883,38.400000000000006
926,synthetic_planning_reference_v5,mild,0.5635675671831448,0.8523189891916656,0.0483333333328119,0.213434042914121,2.89373339634826,29.65,0.05212087087087087,0.2612615848084026,2.984996717667718,33.550000000000004
927,synthetic_planning_reference_v5,severe,0.5199679803576613,3.52127707474511,0.21416666666355,0.106231796875788,3.2275935837632,36.55,0.2899949949949951,0.24929459082215516,3.8725072397384714,40.2
928,synthetic_planning_reference_v5,mild,0.22255180608065353,0.3323212572738055,0.0700000000037107,0.124759337826857,2.65417626525196,31.3,0.07863363363363363,0.15206785335897505,2.376461277508525,34.1
929,synthetic_planning_reference_v5,mild,0.7985431173030269,0.6940165921308411,0.0933333333388873,0.250987225048887,3.19979085261049,33.55,0.12062562562562562,0.27310156583328105,3.120500815989816,36.800000000000004
930,synthetic_planning_reference_v5,mild,0.7530770032110987,2.002565801379683,0.158333333342671,0.131461590704637,3.21732105853191,38.65,0.23196696696696695,0.19348520249234907,3.716954633814725,40.35
931,synthetic_planning_reference_v5,low,0.16513808921552497,0.07816458246742417,0.0616666666704987,0.184582200639696,2.8789392437565,28.9,0.0713450950950951,0.20283642976918698,2.5848259250923027,32.300000000000004
932,synthetic_planning_reference_v5,mild,0.40342678476186283,0.7336935497690379,0.0858333333384508,0.233185107035506,3.05763248535316,28.15,0.09028528528528529,0.261468404925369,3.11880967054373,33.6
933,synthetic_planning_reference_v5,low,0.24026751043087316,0.09200506675143595,0.0558333333363407,0.116565046319935,2.97826538362003,31.7,0.06271146146146146,0.12001847427281398,2.7322351149427115,33.9
934,synthetic_planning_reference_v5,low,0.7592767458759773,0.0938834052162362,0.0975000000056752,0.111202916553677,3.17949917882121,42.85,0.10085585585585585,0.13412992052010364,2.959732986297123,39.650000000000006
935,synthetic_planning_reference_v5,moderate,0.7299068592795558,0.8606273650699982,0.0441666666691162,0.184652111895315,3.49041828767016,35.75,0.0668556056056056,0.2408364977592076,3.465227924621609,38.550000000000004
936,synthetic_planning_reference_v5,mild,0.4658227185092348,0.9638080054519481,0.104166666672245,0.154097268722218,2.96334816951492,33.25,0.15679804804804803,0.20507324304612698,2.904951330437514,36.2
937,synthetic_planning_reference_v5,moderate,0.313583985750268,1.7443372808555209,0.0500000000025466,0.188181128845468,3.0177743613263,32.2,0.12567067067067067,0.2788415380000958,3.2421555313528,37.6
938,synthetic_planning_reference_v5,low,0.16372891419865968,0.11984902205403984,0.0416666666693345,0.16964916490977,2.77395006422806,30.8,0.049205955955955956,0.1905385195118554,2.4465234948676935,33.2
939,synthetic_planning_reference_v5,mild,0.6511256956747467,0.701564337669941,0.0983333333388146,0.183754780522825,2.99670411379288,44.65,0.12482982982982983,0.2235167381529045,2.910675933479747,42.5
940,synthetic_planning_reference_v5,severe,0.45180415808688884,2.3302404111194988,0.085833333338087,0.118408289161016,3.35599058537772,31.05,0.1167017017017017,0.19055864480533827,3.680111786387964,38.5
941,synthetic_planning_reference_v5,mild,0.3984834237979582,0.5543739435149545,0.0900000000056025,0.0776190597811294,3.07256085423922,35.5,0.116001001001001,0.09651676700426974,3.049698806327061,38.1
942,synthetic_planning_reference_v5,mild,0.36998020739479576,0.6129811329838996,0.0808333333381597,0.248468378587137,2.33180374984237,32.95,0.11039539539539539,0.25685907825497745,2.092024718129612,36.75
943,synthetic_planning_reference_v5,mild,0.28555597315042225,0.5152757347680403,0.0675000000042928,0.112799705965985,2.9929384991834,33.25,0.08043543543543544,0.15730459975922745,3.0136199015343554,36.15
944,synthetic_planning_reference_v5,mild,0.6639316342349059,0.7237571807470937,0.112500000006185,0.0931589605983003,2.84777587892395,34.95,0.13506006006006008,0.10451102026641458,2.801927654073135,37.95
945,synthetic_planning_reference_v5,mild,0.3968950920476001,0.8628123500096079,0.0525000000034197,0.211023227535063,2.9141612597905,31.3,0.06305680680680681,0.24514982232139645,2.7884168466279173,35.75
946,synthetic_planning_reference_v5,low,0.34322535380162095,0.18506418294343638,0.0775000000048749,0.15416503306672,3.06296262438189,35.85,0.08968468468468468,0.17921514453805537,2.8013489584620546,37.1
947,synthetic_planning_reference_v5,mild,0.5687655159032656,0.950207824084481,0.105833333339615,0.0994077986157122,3.47205527596213,32.95,0.13702202202202204,0.16349315502991224,3.5387878313237695,36.1
948,synthetic_planning_reference_v5,mild,0.34231795100359724,1.327276324396829,0.0883333333375049,0.22356586148458,2.74595196656076,32.2,0.10969469469469469,0.28443543850705477,3.053896281396176,38.35
949,synthetic_planning_reference_v5,low,0.33336904142461316,0.1324734178240943,0.107500000005894,0.0824662697763213,3.29727624236202,32.5,0.12861361361361362,0.07229329429917283,3.103520664841388,35.050000000000004
950,synthetic_planning_reference_v5,mild,0.4947406524682591,0.9584767251098395,0.10833333333976,0.0972855476173335,3.26792264323175,38.9,0.1429091591591592,0.1373523569658514,3.4294765591738807,39.35
951,synthetic_planning_reference_v5,moderate,0.5775667526747195,1.8527667303698583,0.0500000000029104,0.218715176121276,2.9075330200142,34.55,0.07076951951951951,0.3328064633414988,3.2633753363937608,38.25
952,synthetic_planning_reference_v5,moderate,0.6480345272278603,2.47244712189894,0.125000000007276,0.10971825745376,2.80669291714194,32.65,0.21047672672672674,0.24244482873486314,3.4850484105724573,38.900000000000006
953,synthetic_planning_reference_v5,moderate,0.5153212536146947,0.8902335872461832,0.0875000000050932,0.179994426673505,3.24112149135258,34.6,0.11403903903903904,0.22686327761886715,3.343871630132279,38.1
954,synthetic_planning_reference_v5,moderate,0.5134689159335551,1.4836047353143507,0.046666666668898,0.192116178101882,2.98728805183294,35.35,0.06052427427427427,0.23988383194859791,3.1592229169727215,38.1
955,synthetic_planning_reference_v5,moderate,0.8946104105390058,2.9738019486908263,0.184166666676902,0.255186629918138,2.62566853895753,41.4,0.2849899899899899,0.3326757910374901,3.2982392798154487,41.2
956,synthetic_planning_reference_v5,moderate,0.35029771433139856,1.8081936061545594,0.101666666672463,0.112899028848865,2.97950008682267,34.75,0.16468093093093095,0.2494980325711046,3.4128625046886514,38.95
957,synthetic_planning_reference_v5,low,0.8246135267533884,0.0738405075715332,0.130000000007931,0.145087622557128,3.6843506209189,32.65,0.16730855855855858,0.15521454501506865,3.4584959394870416,34.65
958,synthetic_planning_reference_v5,moderate,0.7055550001475658,1.2832022995516388,0.0666666666707897,0.240859472200975,3.11643917846888,33.5,0.07088463463463462,0.28318863207074163,3.2007095803129406,37.800000000000004
959,synthetic_planning_reference_v5,moderate,0.5080410468417232,1.2066217210641272,0.0566666666702076,0.10249322884346,2.99954570827626,31.05,0.060409159159159155,0.15092276917588515,3.2885010030461146,37.2
960,synthetic_planning_reference_v5,mild,0.803178717861126,0.5903203151908077,0.169166666676392,0.148308536498266,2.88181883486856,41.3,0.21197822822822823,0.18307812303280788,2.800917420073265,40.400000000000006
961,synthetic_planning_reference_v5,mild,0.5835392259396215,1.0567834636496742,0.0691666666705714,0.179251329054038,3.06389765613973,34.05,0.10521021021021021,0.21576857565404797,3.1121333362055843,37.95
962,synthetic_planning_reference_v5,mild,0.3890050191039656,0.5787799032876182,0.0808333333381597,0.147519974647714,3.28263774487793,34.9,0.0934084084084084,0.1888365302994146,3.268421654084782,37.9
963,synthetic_planning_reference_v5,moderate,0.5769030312947926,3.987590844594002,0.0691666666709352,0.228480766525327,3.02028204343931,31.4,0.13884384384384385,0.38505548504331555,3.592860895467055,40.050000000000004
964,synthetic_planning_reference_v5,mild,0.8901342133797405,1.220979160348456,0.182500000010987,0.20353568187279,2.98295754509227,36.65,0.23797297297297293,0.23229298388292985,3.20456584622569,39.2
965,synthetic_planning_reference_v5,moderate,0.6913259197972459,1.2558448865718663,0.0650000000034197,0.202236427353546,2.98944559175476,35.1,0.09869369369369368,0.27865298200262745,3.190006949321837,38.25
966,synthetic_planning_reference_v5,low,0.46588136976252,0.11903212652628961,0.05833333333685,0.211453918186877,3.17158889524611,33.3,0.05764639639639639,0.2270141677373987,2.9146580345011066,35.9
967,synthetic_planning_reference_v5,mild,0.6095888963196928,0.41263973804310616,0.062500000003638,0.123153040366797,3.05386542357168,36.55,0.07099974974974975,0.1448944422861752,2.9851174157191136,38.050000000000004
968,synthetic_planning_reference_v5,mild,0.4585479128615622,0.9431319583902025,0.0600000000034925,0.209079777373398,2.91753047311776,31.9,0.06558933933933933,0.2340712903730074,2.9391499448954974,36.0
969,synthetic_planning_reference_v5,severe,0.31853957731369653,2.4193699810607336,0.0625000000032742,0.167478400547831,2.88415981491963,32.1,0.12595095095095096,0.2772319376541224,3.3110983794474067,38.400000000000006
970,synthetic_planning_reference_v5,low,0.43465255004438647,0.11443458030249126,0.0550000000035652,0.138377173299698,2.69254115419449,37.0,0.056725475475475476,0.1499520193348757,2.344412026498353,37.550000000000004
971,synthetic_planning_reference_v5,mild,0.3086423952426417,0.5485254936683117,0.097500000006039,0.210397296175646,2.90416621750675,32.7,0.12118618618618619,0.2346086244413156,2.8038552670056376,36.35
972,synthetic_planning_reference_v5,moderate,0.8465988125835331,3.060738579556027,0.128333333340561,0.114962686720281,3.47064334418686,33.6,0.22195695695695697,0.18761605897471426,4.0460383322923645,39.45
973,synthetic_planning_reference_v5,mild,0.5891806683445275,0.6722148949001446,0.10250000000633,0.199133477473485,3.36065614376225,36.65,0.12917417417417418,0.23394198397289875,3.297765253882868,38.6
974,synthetic_planning_reference_v5,severe,0.3415428572018461,2.1951020446035794,0.0575000000026193,0.242665114211634,3.05429566013197,32.95,0.10493993993993994,0.38771515439938903,3.714753013308218,38.2
975,synthetic_planning_reference_v5,low,0.21743932150666595,0.05059862844558249,0.0766666666713718,0.0788820822265741,3.16336082135871,28.5,0.07971471471471471,0.07044730519306368,2.92624368760328,32.5
976,synthetic_planning_reference_v5,moderate,0.4371869336558992,1.5043852091648222,0.115833333339833,0.0613511073071975,3.09218935486177,32.45,0.1545457957957958,0.13160745358676906,3.443107510735269,37.4
977,synthetic_planning_reference_v5,moderate,0.32186526439293944,2.1059173097611943,0.0933333333388873,0.189424474782769,2.76442982518994,28.35,0.13604104104104103,0.288945071068482,3.266488032228807,37.35
978,synthetic_planning_reference_v5,moderate,0.41954846911397325,1.0725498490097536,0.0391666666688252,0.19687008795367,2.92440576507345,31.1,0.05183358358358358,0.24348339675824712,2.9579968982417397,36.25
979,synthetic_planning_reference_v5,mild,0.44426245681421034,0.835325094786591,0.0483333333366318,0.209840557541059,3.1486868390947,33.1,0.05008183183183183,0.2911691377693142,3.2721390798237304,37.0
980,synthetic_planning_reference_v5,mild,0.43885061944348475,0.574181544566017,0.105000000006476,0.115560092524154,3.57089198648587,33.4,0.12833333333333333,0.15827047577126024,3.4929377072568517,36.550000000000004
981,synthetic_planning_reference_v5,moderate,0.16844020980871635,1.3189937196138817,0.0558333333363407,0.166905981383195,2.95196832350217,28.85,0.0837987987987988,0.19901626233401554,3.1861035029787166,33.6
982,synthetic_planning_reference_v5,moderate,0.5361019368208152,2.4740103108315274,0.102500000005966,0.237758003920799,2.90583682936337,33.55,0.1909572072072072,0.3943573221686589,3.4490223486164817,38.2
983,synthetic_planning_reference_v5,moderate,0.5836068846266365,2.4352150710214633,0.170833333342671,0.116324594017753,2.8226771134949,35.95,0.23396896896896902,0.21074247699032533,3.1873884921949784,41.25
984,synthetic_planning_reference_v5,moderate,0.3545148170387993,0.8606860696957591,0.0700000000040745,0.196237367152414,2.55915563314442,34.4,0.09220720720720721,0.23719404130625932,2.580449138942485,37.45
985,synthetic_planning_reference_v5,mild,0.1687229902502613,0.5027494352604039,0.0525000000030559,0.142588797893841,3.13250381380279,28.4,0.056955705705705705,0.18198940657587243,3.1331464179330375,32.75
986,synthetic_planning_reference_v5,mild,0.26736152408350083,0.5616798736039963,0.0466666666696256,0.149513396416846,3.12836684979776,30.9,0.05557432432432432,0.17828310716757198,3.073247530325791,34.0
987,synthetic_planning_reference_v5,moderate,0.6170464106315823,1.1162506542535093,0.125833333340779,0.151177547269389,3.31272557461275,34.1,0.15529654654654654,0.22042646241782066,3.366560602801758,37.7
988,synthetic_planning_reference_v5,moderate,0.6274101571989084,1.956223973245273,0.0791666666711535,0.224180300754605,2.84389975513559,32.65,0.09460960960960961,0.3510988140318771,3.2014904578905887,38.550000000000004
989,synthetic_planning_reference_v5,moderate,0.7780589033606191,2.586059208284379,0.0925000000053842,0.214081725984659,3.44319051435644,30.7,0.17368993993993992,0.3238443882395938,3.7514390778344104,37.85
990,synthetic_planning_reference_v5,moderate,0.6108943966849927,2.37257320599935,0.138333333341507,0.110986941288591,3.16117981671144,35.35,0.19771396396396396,0.24565732240006796,3.8175374897440304,39.550000000000004
991,synthetic_planning_reference_v5,moderate,0.41252373501340356,3.8989716729061734,0.0350000000024011,0.14901880427621,2.86821674430138,30.6,0.13632132132132133,0.3176579690259763,3.9055886858115714,39.5
992,synthetic_planning_reference_v5,mild,0.6852968521540777,1.2193213577577988,0.0541666666696983,0.209488043382452,3.27000507196779,33.95,0.091006006006006,0.2697633288657676,3.2835081373884005,37.0
993,synthetic_planning_reference_v5,mild,0.8017265651505232,1.0500491984982792,0.178333333343835,0.13558638379919,3.28426915142372,38.65,0.225960960960961,0.20095275593346104,3.4078876205745696,39.400000000000006
994,synthetic_planning_reference_v5,mild,0.39380505278858075,0.665096353787256,0.048333333336268,0.194966492261566,2.87746555926767,30.5,0.06294169169169168,0.21960162909201703,2.9157950064610594,33.4
995,synthetic_planning_reference_v5,severe,0.32568667183159,2.0880226453626913,0.0541666666693345,0.150938000668792,2.88050964165732,34.65,0.11628128128128129,0.23802045643004693,3.1745371326944123,39.050000000000004
996,synthetic_planning_reference_v5,moderate,0.5527524154677408,1.067641693898695,0.0975000000056752,0.214557202257509,3.00899248294951,35.5,0.13295795795795798,0.25535373655977217,3.0850370076599343,38.1
997,synthetic_planning_reference_v5,mild,0.6261670139537927,0.9502367660230756,0.0541666666696983,0.204336804289579,3.0746458296954,32.25,0.08235735735735736,0.23847412106372778,3.018819213197724,37.0
998,synthetic_planning_reference_v5,moderate,0.08703060880487098,1.0606222944051744,0.037500000001819,0.133499475842704,2.4521815738857,29.1,0.05078253253253253,0.21780372244456436,2.5858207346945807,33.45
999,synthetic_planning_reference_v5,mild,0.664248844261264,0.862159880112559,0.0816666666716628,0.203975695373826,2.88152000278196,33.4,0.10253753753753754,0.2306099613674019,2.9477818181038487,36.6
1000,synthetic_planning_reference_v5,mild,0.544091264136826,0.984507866080853,0.111666666673045,0.140717997607119,3.3896173845222,36.65,0.13421921921921923,0.18684081670278238,3.4426490095638416,38.35
