episode,seed,defender_id,target_index,target_id,hit_time_s,min_distance_m,miss_at_arrival_m
1,74001,0,0,20,37.6,0.8892678269858568,0.8892678269858568
1,74001,1,0,20,37.65,0.45855245355917623,0.45855245355917623
1,74001,2,2,22,34.050000000000004,0.9670359059279892,0.9670359059279892
1,74001,3,3,23,33.0,0.9885318277130872,0.9885318277130872
1,74001,4,4,24,38.900000000000006,1.8043807984235873,1.8043807984235873
1,74001,5,4,24,38.900000000000006,1.6645213248806827,1.6645213248806827
1,74001,6,7,27,35.35,1.649133585655899,1.649133585655899
1,74001,7,1,21,34.6,2.6386539048877684,2.6386539048877684
1,74001,8,0,20,37.65,2.2748573842833477,2.2748573842833477
1,74001,9,1,21,34.550000000000004,0.3504292554632561,1.6603645423035613
1,74001,10,2,22,34.0,0.16021525536090345,0.16021525536090345
1,74001,11,3,23,32.95,0.07346706175769147,0.07346706175769147
1,74001,12,5,25,39.0,1.7902631715936486,1.7902631715936486
1,74001,13,5,25,39.0,0.5099367831681653,0.5099367831681653
1,74001,14,7,27,35.300000000000004,0.3776819727969948,2.3569635282698704
1,74001,15,7,27,35.35,0.2598471785862727,0.2598471785862727
1,74001,16,6,26,35.5,1.471264266349119,1.471264266349119
1,74001,17,1,21,34.6,1.68255254520286,1.68255254520286
1,74001,18,5,25,39.0,1.9287953475904012,1.9287953475904012
1,74001,19,3,23,32.95,0.45740085869776786,1.8078698558447066
2,74002,0,6,26,35.15,0.6269708370184757,1.7592054451427157
2,74002,1,6,26,35.2,2.528297611037539,2.528297611037539
2,74002,2,5,25,39.900000000000006,2.6349054566316696,2.6349054566316696
2,74002,3,3,23,32.65,2.3108099488544447,2.3108099488544447
2,74002,4,4,24,38.7,1.061949565349814,1.061949565349814
2,74002,5,4,24,38.7,0.887547489993671,0.887547489993671
2,74002,6,0,20,39.45,0.26789558311399236,0.26789558311399236
2,74002,7,7,27,34.6,0.017118483199906602,0.017118483199906602
2,74002,8,0,20,39.45,0.22699696990325124,0.22699696990325124
2,74002,9,1,21,35.0,0.8841297368184174,0.8841297368184174
2,74002,10,2,22,33.6,0.20658056813606035,2.1863894345084844
2,74002,11,3,23,32.6,0.8667000730853074,1.2246901538351267
2,74002,12,2,22,33.7,0.05107977754715247,0.05107977754715247
2,74002,13,5,25,39.85,0.41193309141472245,1.4892057692285383
2,74002,14,1,21,35.1,2.934801485022529,2.934801485022529
2,74002,15,7,27,34.6,0.4671742274562971,0.4671742274562971
2,74002,16,6,26,35.2,2.923289102004305,2.923289102004305
2,74002,17,1,21,35.050000000000004,0.8980884528922369,0.8980884528922369
2,74002,18,2,22,33.65,0.7204166211759689,0.7204166211759689
2,74002,19,3,23,32.65,0.11738556399356144,0.11738556399356144
3,74003,0,7,27,35.1,0.42088145421489415,0.42088145421489415
3,74003,1,7,27,35.1,0.5557842653511571,2.535577945273526
3,74003,2,5,25,38.050000000000004,0.3859964579866406,0.3859964579866406
3,74003,3,3,23,32.35,0.12224809987875648,0.12224809987875648
3,74003,4,4,24,38.75,1.6831626271985574,1.6831626271985574
3,74003,5,4,24,38.75,1.55524212220406,1.55524212220406
3,74003,6,6,26,35.85,0.9586539967746932,1.1801892068272102
3,74003,7,2,22,34.25,0.4900611498864974,0.4900611498864974
3,74003,8,1,21,36.35,1.0489718095893217,1.0489718095893217
3,74003,9,0,20,36.550000000000004,0.501978472933516,0.501978472933516
3,74003,10,6,26,36.050000000000004,1.2614708594505288,1.2614708594505288
3,74003,11,3,23,32.25,0.3937151685821146,1.9866209715648988
3,74003,12,5,25,38.0,0.8297935754322854,0.8297935754322854
3,74003,13,4,24,38.7,0.9141226169038394,2.9740466772080696
3,74003,14,6,26,35.800000000000004,0.9077769953399564,1.229038094128279
3,74003,15,0,20,36.6,0.6931368900852851,0.6931368900852851
3,74003,16,7,27,35.15,1.2647385132856996,1.2647385132856996
3,74003,17,1,21,36.300000000000004,0.9067385141618285,2.7908412338074555
3,74003,18,2,22,33.95,0.4612713124974047,2.4400406720314467
3,74003,19,2,22,34.25,0.34193168900042,0.34193168900042
4,74004,0,6,26,34.85,0.7307788131978964,0.7307788131978964
4,74004,1,1,21,35.45,0.33920091612081826,0.33920091612081826
4,74004,2,5,25,40.6,2.755570648065272,2.755570648065272
4,74004,3,3,23,34.0,0.8590865696688307,0.8590865696688307
4,74004,4,3,23,34.1,0.5240067576559614,0.5240067576559614
4,74004,5,5,25,40.550000000000004,0.9329994487778278,2.832710953821925
4,74004,6,1,21,35.5,1.9200505456104628,1.9200505456104628
4,74004,7,6,26,34.9,0.15514052888995908,0.15514052888995908
4,74004,8,7,27,35.45,0.2518638550885269,2.231846958060941
4,74004,9,0,20,36.7,0.8631055954272148,0.8631055954272148
4,74004,10,6,26,35.15,1.433579204929043,1.433579204929043
4,74004,11,7,27,36.6,0.04374407034878161,0.04374407034878161
4,74004,12,4,24,35.0,0.5416084402480167,0.5416084402480167
4,74004,13,2,22,35.6,0.5539791397020338,2.5250277361351396
4,74004,14,1,21,35.5,2.43690970136876,2.43690970136876
4,74004,15,0,20,36.75,1.058821569423329,1.058821569423329
4,74004,16,0,20,36.75,1.9418603485651356,1.9418603485651356
4,74004,17,7,27,35.45,0.7684797220562269,1.2119461733541095
4,74004,18,2,22,35.65,0.5142141084160671,0.5142141084160671
4,74004,19,4,24,34.95,1.027923392561394,1.027923392561394
5,74005,0,6,26,35.4,0.25177749311338565,0.25177749311338565
5,74005,1,1,21,34.7,1.8973596160717001,1.8973596160717001
5,74005,2,2,22,34.4,2.6830946694444355,2.6830946694444355
5,74005,3,3,23,32.65,0.5410281405194894,0.5410281405194894
5,74005,4,4,24,38.2,1.9592767638495225,1.9592767638495225
5,74005,5,4,24,38.2,1.7958861926870047,1.7958861926870047
5,74005,6,7,27,34.75,0.9670928142774967,0.9670928142774967
5,74005,7,0,20,38.15,0.5231199853502939,0.5231199853502939
5,74005,8,6,26,35.45,1.918502517113947,1.918502517113947
5,74005,9,1,21,34.65,0.39958114224141916,2.2492617107879167
5,74005,10,2,22,34.35,0.09265330900555584,1.9054422921987568
5,74005,11,3,23,32.550000000000004,0.8644914748000841,2.749649945753295
5,74005,12,5,25,38.5,0.6023684110488506,0.6023684110488506
5,74005,13,5,25,38.45,0.09565524219512755,1.9891046829993035
5,74005,14,0,20,38.15,1.7064695462090524,1.7064695462090524
5,74005,15,7,27,34.7,0.7050973178540153,2.68360910927731
5,74005,16,6,26,35.45,1.56681340565901,1.56681340565901
5,74005,17,1,21,34.7,2.33291977621879,2.33291977621879
5,74005,18,5,25,38.5,0.6702596596750939,0.6702596596750939
5,74005,19,3,23,32.6,0.6911666315279164,1.4297991957612701
6,74006,0,0,20,37.050000000000004,0.10532979058004763,1.8854701534972005
6,74006,1,7,27,35.75,0.6578600110923636,0.6578600110923636
6,74006,2,4,24,39.050000000000004,2.1042310158320308,2.1042310158320308
6,74006,3,7,27,36.7,2.5629180305724923,2.5629180305724923
6,74006,4,2,22,34.85,0.2764639952459022,0.2764639952459022
6,74006,5,2,22,34.85,0.049640636986404515,0.049640636986404515
6,74006,6,0,20,37.1,2.9545373109371758,2.9545373109371758
6,74006,7,0,20,37.1,0.5470217029288859,0.5470217029288859
6,74006,8,7,27,35.75,0.22665711468095862,2.2060032193123327
6,74006,9,6,26,35.4,1.3029842325105634,2.9622573096094587
6,74006,10,5,25,38.5,0.8029005837997988,0.8029005837997988
6,74006,11,3,23,32.75,0.6896902970186205,1.4405504850992057
6,74006,12,3,23,32.9,0.846493150444579,0.846493150444579
6,74006,13,1,21,38.6,1.1320181941731289,1.1320181941731289
6,74006,14,6,26,35.4,0.7601892149457413,1.4485222619273903
6,74006,15,5,25,39.0,0.47668626541380044,0.47668626541380044
6,74006,16,6,26,35.45,0.7357780870935122,0.7357780870935122
6,74006,17,1,21,37.75,0.9147322896372359,2.9963873591299
6,74006,18,2,22,34.800000000000004,0.5098920115235086,2.484080630609107
6,74006,19,3,23,32.800000000000004,0.06552980650639954,0.06552980650639954
7,74007,0,7,27,35.550000000000004,0.6593235034325088,0.6593235034325088
7,74007,1,1,21,34.75,1.7920559740353268,1.7920559740353268
7,74007,2,5,25,38.5,1.8874234305445166,1.8874234305445166
7,74007,3,3,23,32.5,0.2614347072391133,0.2614347072391133
7,74007,4,4,24,38.550000000000004,1.020351583969795,1.020351583969795
7,74007,5,4,24,38.550000000000004,0.8437290285805775,0.8437290285805775
7,74007,6,6,26,36.45,0.8026417708398279,2.3299744995683858
7,74007,7,0,20,37.15,0.5620209014682708,1.3422234421516916
7,74007,8,7,27,35.6,2.8263620643090532,2.8263620643090532
7,74007,9,1,21,34.7,0.297361175339329,2.08819243745448
7,74007,10,2,22,33.75,0.3133085838960501,1.6690801730618403
7,74007,11,3,23,32.4,0.6230816644171057,2.46458320745978
7,74007,12,5,25,38.45,0.35065764628867535,2.246884636176377
7,74007,13,6,26,37.300000000000004,0.17415573114107913,0.17415573114107913
7,74007,14,0,20,37.15,0.8414497333428641,2.730225577569315
7,74007,15,6,26,36.45,0.12014407268056616,0.12014407268056616
7,74007,16,0,20,37.2,1.2213899083144029,1.2213899083144029
7,74007,17,7,27,35.6,2.1492833036683745,2.1492833036683745
7,74007,18,2,22,33.800000000000004,0.37837261640429465,0.37837261640429465
7,74007,19,3,23,32.45,0.906704553435866,1.1764626030977572
8,74008,0,6,26,35.2,0.730463028553015,1.4892999943285994
8,74008,1,1,21,36.0,2.422377236151561,2.422377236151561
8,74008,2,2,22,33.800000000000004,1.0287926733434445,1.0287926733434445
8,74008,3,3,23,33.800000000000004,0.07822793962755879,0.07822793962755879
8,74008,4,2,22,33.75,0.6527759650448416,2.632174284666111
8,74008,5,5,25,38.900000000000006,1.2471265906184843,1.2471265906184843
8,74008,6,0,20,37.800000000000004,2.1255308275778924,2.1255308275778924
8,74008,7,0,20,37.75,0.843683236362639,2.738900455928739
8,74008,8,6,26,35.300000000000004,0.19551683005743126,0.19551683005743126
8,74008,9,6,26,35.25,0.9070955970970016,0.9070955970970016
8,74008,10,5,25,38.900000000000006,0.6420308995605734,0.6420308995605734
8,74008,11,3,23,33.7,0.4199243756076554,1.8569286765253221
8,74008,12,2,22,33.800000000000004,1.057976234755247,1.057976234755247
8,74008,13,4,24,36.4,0.8643021506654057,0.8643021506654057
8,74008,14,0,20,37.800000000000004,1.1480244231329604,1.1480244231329604
8,74008,15,3,23,35.25,2.7176881637563137,2.7176881637563137
8,74008,16,7,27,34.85,0.8600453251682418,0.8600453251682418
8,74008,17,1,21,36.0,2.678749729213857,2.678749729213857
8,74008,18,4,24,36.45,1.2364715283679444,1.2364715283679444
8,74008,19,4,24,36.35,0.3327607975642448,0.3327607975642448
9,74009,0,7,27,34.75,0.5645923727404808,0.5645923727404808
9,74009,1,0,20,37.9,0.2006626462943011,0.2006626462943011
9,74009,2,5,25,38.95,0.7411893892661564,0.7411893892661564
9,74009,3,3,23,32.300000000000004,0.16959904172285656,0.16959904172285656
9,74009,4,4,24,36.0,0.720860713871959,2.7808565079303484
9,74009,5,2,22,35.6,2.3673835311413938,2.3673835311413938
9,74009,6,6,26,35.9,1.0292250552917914,1.0292250552917914
9,74009,7,6,26,35.85,0.6617788494548881,1.916948373278022
9,74009,8,7,27,34.800000000000004,2.4486801729343837,2.4486801729343837
9,74009,9,1,21,34.550000000000004,0.6320712260189144,0.6320712260189144
9,74009,10,4,24,36.050000000000004,2.9568281822352485,2.9568281822352485
9,74009,11,3,23,32.2,0.3988321897915474,1.9258384978901313
9,74009,12,5,25,38.900000000000006,0.9234365853136292,0.9768625768505858
9,74009,13,2,22,35.6,0.6389847235005277,0.6389847235005277
9,74009,14,0,20,37.9,1.0693632752338529,1.0693632752338529
9,74009,15,7,27,34.800000000000004,0.7410494488007968,0.7410494488007968
9,74009,16,0,20,37.9,2.5534300485172525,2.5534300485172525
9,74009,17,1,21,34.6,0.4411307201378365,0.4411307201378365
9,74009,18,5,25,38.900000000000006,0.6892954433183388,1.210782260084621
9,74009,19,4,24,35.95,0.539123281218472,1.5209721632360844
10,74010,0,6,26,34.550000000000004,0.9308483538257818,2.6373868022196705
10,74010,1,0,20,37.300000000000004,0.2531970847907712,0.2531970847907712
10,74010,2,2,22,35.050000000000004,2.799149700231992,2.799149700231992
10,74010,3,3,23,32.45,2.661826101407707,2.661826101407707
10,74010,4,4,24,37.95,0.45219824225946476,0.45219824225946476
10,74010,5,4,24,37.95,0.37760516427011415,0.37760516427011415
10,74010,6,7,27,35.7,0.17041095310541993,0.17041095310541993
10,74010,7,7,27,35.65,0.6839361718883603,0.6839361718883603
10,74010,8,1,21,36.4,0.35505547352372985,1.673341290027165
10,74010,9,6,26,34.6,2.185523180509167,2.185523180509167
10,74010,10,4,24,38.0,0.7377924749559274,0.7377924749559274
10,74010,11,3,23,32.4,0.667019877693533,1.4557360410221551
10,74010,12,5,25,38.45,0.32309470741050383,0.32309470741050383
10,74010,13,2,22,35.0,0.7100580694737987,2.6842781879712794
10,74010,14,0,20,37.300000000000004,1.0153638216649858,1.0153638216649858
10,74010,15,6,26,34.6,2.072131041909937,2.072131041909937
10,74010,16,0,20,37.300000000000004,2.503328848593062,2.503328848593062
10,74010,17,1,21,36.4,0.540502970073192,0.540502970073192
10,74010,18,5,25,38.45,0.33308904296212655,0.33308904296212655
10,74010,19,1,21,36.65,2.390310140126934,2.390310140126934
11,74011,0,0,20,36.9,0.7151044740877235,0.7151044740877235
11,74011,1,7,27,35.4,0.2642736265496195,1.718002487793185
11,74011,2,2,22,34.15,2.7534026348848655,2.7534026348848655
11,74011,3,4,24,34.7,0.7201107126663225,0.7201107126663225
11,74011,4,5,25,39.650000000000006,1.830737770491136,1.830737770491136
11,74011,5,5,25,39.650000000000006,1.5744111200275055,1.5744111200275055
11,74011,6,7,27,35.45,0.03558661641464193,0.03558661641464193
11,74011,7,0,20,36.9,2.258217234576285,2.258217234576285
11,74011,8,6,26,37.1,2.3010597753093456,2.3010597753093456
11,74011,9,1,21,34.35,0.4740353014828937,0.4740353014828937
11,74011,10,2,22,34.1,0.0562837675481099,1.9475557797897924
11,74011,11,4,24,34.65,0.7723957586161677,0.7723957586161677
11,74011,12,3,23,33.4,0.8911449733583158,0.8911449733583158
11,74011,13,5,25,39.6,0.9198392352097894,2.8198316894423643
11,74011,14,6,26,37.050000000000004,0.7115505135643811,2.125485580390888
11,74011,15,1,21,34.5,0.2852751815621667,0.2852751815621667
11,74011,16,7,27,35.45,0.2764254794810607,0.2764254794810607
11,74011,17,1,21,34.4,0.17718425656879014,0.17718425656879014
11,74011,18,4,24,34.75,0.633921281217271,0.633921281217271
11,74011,19,3,23,33.300000000000004,0.6462739005176218,0.6462739005176218
12,74012,0,0,20,37.300000000000004,0.8594605236088172,2.7506739696988705
12,74012,1,0,20,37.35,2.015890881321767,2.015890881321767
12,74012,2,2,22,34.0,0.4718559056547562,0.4718559056547562
12,74012,3,3,23,32.65,0.3998250958464575,0.3998250958464575
12,74012,4,4,24,37.25,1.6029404875923619,1.6029404875923619
12,74012,5,5,25,39.85,2.4517350626625727,2.4517350626625727
12,74012,6,6,26,36.050000000000004,0.31170669798254763,0.31170669798254763
12,74012,7,6,26,36.0,0.9573688345049574,1.185953730099122
12,74012,8,1,21,35.050000000000004,0.5643443605897341,0.5643443605897341
12,74012,9,7,27,34.300000000000004,0.4840708413475749,0.4840708413475749
12,74012,10,2,22,33.9,0.6535767187496296,2.6330553651889157
12,74012,11,3,23,32.550000000000004,0.7386528676850048,2.60302492304634
12,74012,12,4,24,37.2,0.12630926706843607,1.9349293603240179
12,74012,13,4,24,37.25,0.42778553617066767,0.42778553617066767
12,74012,14,0,20,37.35,2.945951582092774,2.945951582092774
12,74012,15,1,21,35.1,1.9720095491469851,1.9720095491469851
12,74012,16,7,27,34.35,0.11108745823055081,0.11108745823055081
12,74012,17,1,21,35.0,0.37913348567322447,2.2246596717922955
12,74012,18,5,25,39.85,2.581356596267328,2.581356596267328
12,74012,19,3,23,32.6,0.8164635224560512,1.2806188355936141
13,74013,0,0,20,36.65,0.3394153880709691,1.581078106895206
13,74013,1,1,21,35.4,0.8860616576900112,2.761211968237624
13,74013,2,5,25,40.300000000000004,2.378547232665681,2.378547232665681
13,74013,3,4,24,36.15,0.5507225819329429,0.5507225819329429
13,74013,4,5,25,40.25,0.7448904515598053,2.6447993208295455
13,74013,5,5,25,40.25,0.49043512720755295,2.3901754324718554
13,74013,6,7,27,35.35,1.3372511058404022,1.3372511058404022
13,74013,7,0,20,36.7,0.3552106969880977,0.3552106969880977
13,74013,8,1,21,35.45,1.128691242594599,1.128691242594599
13,74013,9,1,21,35.35,0.5963423192911246,2.4563402735025153
13,74013,10,2,22,34.050000000000004,0.19473089470610344,1.7905400956543205
13,74013,11,3,23,32.25,0.7390310898372324,1.3680199264711734
13,74013,12,4,24,36.1,0.5332970178694239,2.5932804581719653
13,74013,13,4,24,36.15,0.5305034226168972,0.5305034226168972
13,74013,14,0,20,36.7,1.750769265313205,1.750769265313205
13,74013,15,6,26,35.550000000000004,1.09968960221778,2.77409765248504
13,74013,16,7,27,35.35,1.3440901138801897,1.3440901138801897
13,74013,17,6,26,35.6,1.389832977838475,1.389832977838475
13,74013,18,2,22,34.1,0.46782888686513746,0.46782888686513746
13,74013,19,3,23,32.300000000000004,0.05533620309790862,0.05533620309790862
14,74014,0,7,27,34.9,0.8377719593674628,0.8377719593674628
14,74014,1,6,26,36.2,0.14640294164891673,0.14640294164891673
14,74014,2,2,22,35.6,0.8013311196620091,0.8013311196620091
14,74014,3,5,25,37.7,1.0191162746568816,1.0191162746568816
14,74014,4,4,24,37.1,0.7018760872059975,2.7617946777978566
14,74014,5,3,23,33.6,1.853533797843601,1.853533797843601
14,74014,6,6,26,36.15,1.225151380305693,2.8865596546819927
14,74014,7,0,20,38.45,1.029296067457706,1.029296067457706
14,74014,8,7,27,34.95,2.7165458435170935,2.7165458435170935
14,74014,9,1,21,34.7,0.25652536463057624,0.25652536463057624
14,74014,10,4,24,37.2,0.32587378543611434,0.32587378543611434
14,74014,11,3,23,33.300000000000004,0.12055938012679579,0.12055938012679579
14,74014,12,5,25,37.550000000000004,0.6002782631205019,2.4951032793932213
14,74014,13,2,22,35.550000000000004,0.6869872963437389,0.6869872963437389
14,74014,14,0,20,38.45,2.231078573829382,2.231078573829382
14,74014,15,1,21,34.85,0.16581110129631815,0.16581110129631815
14,74014,16,7,27,34.95,2.7967354556586956,2.7967354556586956
14,74014,17,1,21,34.7,1.0142038373750009,2.973740511753796
14,74014,18,5,25,37.550000000000004,0.6049701328761525,2.498970646764769
14,74014,19,3,23,33.300000000000004,0.72960053779688,2.559287337473801
15,74015,0,1,21,34.65,0.14857633171517784,0.14857633171517784
15,74015,1,0,20,38.550000000000004,0.14816492433794382,2.0455817370868137
15,74015,2,5,25,40.300000000000004,1.5194786055915876,1.5194786055915876
15,74015,3,3,23,33.35,0.4535742262892489,1.9307699021158888
15,74015,4,4,24,34.65,1.4771587967258593,1.4771587967258593
15,74015,5,5,25,40.25,0.20309822189392057,1.6990931996217578
15,74015,6,0,20,38.6,0.8208963273021244,0.8208963273021244
15,74015,7,6,26,36.1,0.9630743597505681,0.9630743597505681
15,74015,8,0,20,38.6,0.8654780976341018,0.8654780976341018
15,74015,9,1,21,34.6,0.25552876856967005,1.9473996631611699
15,74015,10,2,22,34.7,0.9754243629489583,0.9754243629489583
15,74015,11,4,24,34.6,0.6428287442575276,0.6428287442575276
15,74015,12,3,23,33.4,2.596293735296797,2.596293735296797
15,74015,13,2,22,34.7,1.579694557291947,1.579694557291947
15,74015,14,6,26,36.1,0.2008417237102814,0.2008417237102814
15,74015,15,7,27,35.0,1.444058741024619,1.444058741024619
15,74015,16,7,27,35.0,2.851727977051966,2.851727977051966
15,74015,17,1,21,34.65,1.7327697530416697,1.7327697530416697
15,74015,18,5,25,40.25,0.03498227066542536,1.9240926842886352
15,74015,19,3,23,33.300000000000004,0.8094573287479743,2.6589603561854456
16,74016,0,0,20,37.15,0.09501655742814813,1.876841904396477
16,74016,1,1,21,34.95,0.9100808691818552,0.9100808691818552
16,74016,2,2,22,34.050000000000004,1.556259837274848,1.556259837274848
16,74016,3,4,24,36.550000000000004,0.6761877930952094,2.7361766413676962
16,74016,4,4,24,36.6,1.3399137422554264,1.3399137422554264
16,74016,5,4,24,36.6,1.2393078485832363,1.2393078485832363
16,74016,6,7,27,35.550000000000004,1.3228346747809145,1.3228346747809145
16,74016,7,7,27,35.5,0.18129945047952228,2.1612057357298307
16,74016,8,6,26,36.050000000000004,1.2259112487794188,1.2259112487794188
16,74016,9,1,21,34.9,0.724379744742951,1.2401363183168075
16,74016,10,5,25,38.800000000000004,0.99250496023962,2.8909583372778638
16,74016,11,3,23,32.35,1.032145170407849,1.032145170407849
16,74016,12,2,22,34.050000000000004,1.7120267282090351,1.7120267282090351
16,74016,13,2,22,34.0,0.45844126047288136,1.5242364072121082
16,74016,14,0,20,37.2,2.071086409856402,2.071086409856402
16,74016,15,0,20,37.2,2.4342745655537055,2.4342745655537055
16,74016,16,6,26,36.050000000000004,0.5620294229431814,0.5620294229431814
16,74016,17,1,21,34.95,1.230361713108609,1.230361713108609
16,74016,18,5,25,38.85,0.6531222924897603,0.6531222924897603
16,74016,19,3,23,32.35,2.9329086650558764,2.9329086650558764
17,74017,0,7,27,34.85,0.7841102086525837,1.196139601462458
17,74017,1,6,26,36.550000000000004,2.0306537176120516,2.0306537176120516
17,74017,2,4,24,36.35,2.455814682006897,2.455814682006897
17,74017,3,4,24,36.25,0.38609609780235743,2.4460722807767623
17,74017,4,3,23,34.95,0.570444287757926,2.403622707147644
17,74017,5,2,22,34.65,2.201543100059632,2.201543100059632
17,74017,6,7,27,34.9,2.61584231081612,2.61584231081612
17,74017,7,1,21,34.85,0.7434896330081882,2.6069996153980464
17,74017,8,6,26,36.550000000000004,2.3604647472523097,2.3604647472523097
17,74017,9,0,20,36.7,0.19191806562522068,2.012324234604916
17,74017,10,2,22,34.6,0.6310850939439367,2.6074146905158675
17,74017,11,1,21,35.15,2.115709508689372,2.115709508689372
17,74017,12,3,23,34.9,0.5087940590002663,2.3305277044319426
17,74017,13,5,25,38.1,0.6422320410227389,2.536650781835928
17,74017,14,3,23,35.95,2.1273061174661905,2.1273061174661905
17,74017,15,0,20,36.75,2.2016612246350116,2.2016612246350116
17,74017,16,1,21,34.9,0.4796745440423559,2.3007603257328855
17,74017,17,6,26,36.550000000000004,2.843146272279841,2.843146272279841
17,74017,18,2,22,34.65,1.4935577397561774,1.4935577397561774
17,74017,19,5,25,38.2,2.193243443033265,2.193243443033265
18,74018,0,6,26,35.550000000000004,0.8049774797747111,0.8049774797747111
18,74018,1,1,21,34.95,0.3477980555597772,1.669597108825832
18,74018,2,2,22,35.45,1.6089194296413913,1.6089194296413913
18,74018,3,1,21,35.2,2.8049499541137726,2.8049499541137726
18,74018,4,5,25,39.150000000000006,0.6553372895291917,0.6553372895291917
18,74018,5,2,22,35.4,0.9549676683450994,2.9295425542395863
18,74018,6,0,20,37.85,2.4448384139361297,2.4448384139361297
18,74018,7,6,26,35.6,0.4109934665101774,0.4109934665101774
18,74018,8,6,26,35.6,2.374254155996854,2.374254155996854
18,74018,9,1,21,34.9,0.24759557527404935,1.8305695091871563
18,74018,10,5,25,39.1,0.7665219759121539,2.6655060647576287
18,74018,11,3,23,32.300000000000004,0.40752293131719164,1.9019133405545254
18,74018,12,4,24,36.95,0.5666073317400988,0.5666073317400988
18,74018,13,5,25,39.1,0.17255320931186535,1.7274994483018826
18,74018,14,7,27,35.35,0.0640681477498726,2.0391276433079595
18,74018,15,0,20,37.85,2.1535036758202826,2.1535036758202826
18,74018,16,7,27,35.4,1.0738922592623577,1.0738922592623577
18,74018,17,0,20,37.85,1.885225312161898,1.885225312161898
18,74018,18,4,24,37.0,1.9278453825547983,1.9278453825547983
18,74018,19,3,23,32.35,0.49369531566204655,0.49369531566204655
19,74019,0,1,21,35.1,0.35433729984699947,0.35433729984699947
19,74019,1,1,21,35.1,1.5661841520065232,1.5661841520065232
19,74019,2,2,22,35.15,1.4533911062267673,1.4533911062267673
19,74019,3,3,23,33.0,0.3574790769051206,0.3574790769051206
19,74019,4,4,24,37.25,0.5317728299094993,0.5317728299094993
19,74019,5,5,25,38.650000000000006,2.6300386010860852,2.6300386010860852
19,74019,6,7,27,34.95,0.3814662295839746,0.3814662295839746
19,74019,7,0,20,38.15,0.1680719958518025,1.7344228265077473
19,74019,8,0,20,38.2,1.029060371214335,1.029060371214335
19,74019,9,7,27,34.85,0.9187178068352234,2.898523980075114
19,74019,10,5,25,38.650000000000006,1.9391912897613832,1.9391912897613832
19,74019,11,3,23,32.9,0.7571782537491443,2.611430938139275
19,74019,12,4,24,37.2,0.8835331379117302,0.8835331379117302
19,74019,13,4,24,37.2,0.03383580000420221,2.0312539630370714
19,74019,14,6,26,35.4,1.4570688420623832,1.4570688420623832
19,74019,15,6,26,35.4,2.151243305278203,2.151243305278203
19,74019,16,0,20,38.2,1.5519919553967418,1.5519919553967418
19,74019,17,1,21,35.1,1.9689030165220993,1.9689030165220993
19,74019,18,2,22,35.1,0.5356920714959655,2.5088015602010225
19,74019,19,3,23,32.95,0.8632322129555308,1.2335222062766527
20,74020,0,6,26,35.050000000000004,0.8738272402138769,0.8738272402138769
20,74020,1,1,21,35.7,1.2203410541534474,1.2203410541534474
20,74020,2,5,25,40.1,1.4080504378297567,1.4080504378297567
20,74020,3,4,24,35.300000000000004,0.7173764881734707,2.77737581633649
20,74020,4,4,24,35.35,0.713996173729794,0.713996173729794
20,74020,5,5,25,40.050000000000004,0.29222198621884016,1.6093060784352433
20,74020,6,0,20,36.65,1.8007595318359566,1.8007595318359566
20,74020,7,7,27,35.35,0.3623143544810989,0.3623143544810989
20,74020,8,6,26,35.1,2.6199487542362565,2.6199487542362565
20,74020,9,0,20,36.6,0.944776645058692,0.944776645058692
20,74020,10,2,22,34.4,0.885705531352343,0.885705531352343
20,74020,11,3,23,32.45,0.53857998069244,1.6323537891183297
20,74020,12,4,24,35.300000000000004,0.2581826201005587,1.801970261607093
20,74020,13,5,25,40.0,0.9388309111337988,2.838778887231844
20,74020,14,7,27,35.35,0.3470119578508368,0.3470119578508368
20,74020,15,0,20,36.65,1.2446311088449455,1.2446311088449455
20,74020,16,6,26,35.1,2.3048726830365247,2.3048726830365247
20,74020,17,1,21,35.7,1.5136822075623824,1.5136822075623824
20,74020,18,2,22,34.4,2.5389565091561175,2.5389565091561175
20,74020,19,3,23,32.5,0.20233614254400978,0.20233614254400978
21,74021,0,1,21,34.2,0.19472555762973212,0.19472555762973212
21,74021,1,1,21,34.2,1.4638959414562267,1.4638959414562267
21,74021,2,4,24,38.75,0.7233403870677821,0.7233403870677821
21,74021,3,3,23,32.800000000000004,1.343666490318429,1.343666490318429
21,74021,4,4,24,38.650000000000006,0.6948648381068651,1.3653627141576647
21,74021,5,4,24,38.650000000000006,0.8200634536609976,1.240140820270003
21,74021,6,0,20,38.900000000000006,0.7797844623753359,0.7797844623753359
21,74021,7,7,27,35.5,0.06672786665899838,0.06672786665899838
21,74021,8,7,27,35.5,1.9078297599012117,1.9078297599012117
21,74021,9,1,21,34.15,0.2406068792119934,1.9986670901362453
21,74021,10,2,22,34.45,0.8457061755179117,0.8457061755179117
21,74021,11,3,23,32.75,0.2800102543837427,0.2800102543837427
21,74021,12,5,25,38.800000000000004,2.4623079167328266,2.4623079167328266
21,74021,13,5,25,38.800000000000004,1.0087814155025705,1.0087814155025705
21,74021,14,0,20,38.85,1.0336192343849988,2.933521149542974
21,74021,15,6,26,35.1,1.100685429528975,2.802435244818778
21,74021,16,6,26,35.15,0.8567574252938107,0.8567574252938107
21,74021,17,0,20,38.900000000000006,0.28788875198454855,0.28788875198454855
21,74021,18,2,22,34.45,2.4971595981332317,2.4971595981332317
21,74021,19,3,23,32.75,0.4658048523514954,2.2027419037526004
22,74022,0,0,20,36.2,0.38819881301987624,1.5451309001429883
22,74022,1,1,21,34.800000000000004,1.1892272231249785,1.1892272231249785
22,74022,2,5,25,40.0,2.933655871119409,2.933655871119409
22,74022,3,4,24,34.0,0.7005157002880863,0.7005157002880863
22,74022,4,3,23,34.65,0.4978072740868258,2.202427150507928
22,74022,5,2,22,34.1,2.494533103875775,2.494533103875775
22,74022,6,7,27,36.050000000000004,0.23671122503939632,0.23671122503939632
22,74022,7,6,26,35.5,0.6937304299215481,0.6937304299215481
22,74022,8,1,21,34.800000000000004,2.597034089757244,2.597034089757244
22,74022,9,1,21,34.75,0.9602453521272872,0.9602453521272872
22,74022,10,2,22,34.050000000000004,0.9016729986538538,2.880984150693198
22,74022,11,4,24,33.95,0.9972224784679586,1.0629438555179898
22,74022,12,4,24,33.95,0.48204847927166683,2.5420406643877422
22,74022,13,3,23,34.75,1.7054275532214733,1.7054275532214733
22,74022,14,7,27,36.0,0.34824543633723337,0.34824543633723337
22,74022,15,6,26,35.5,0.9280802448635709,0.9280802448635709
22,74022,16,0,20,36.300000000000004,0.10559128460274303,0.10559128460274303
22,74022,17,6,26,35.5,2.9433767663353576,2.9433767663353576
22,74022,18,5,25,40.0,0.7488782164920915,0.7488782164920915
22,74022,19,3,23,34.5,0.9515625963426418,2.8157428241535816
23,74023,0,1,21,34.25,0.9513328710658687,1.0083006585118943
23,74023,1,4,24,38.2,2.661791610788897,2.661791610788897
23,74023,2,2,22,35.35,1.310094130469071,1.310094130469071
23,74023,3,3,23,32.7,0.49374515643626854,0.49374515643626854
23,74023,4,4,24,36.300000000000004,0.7128460640095503,1.3473397411375538
23,74023,5,7,27,37.25,0.25275566114016923,2.201154675188208
23,74023,6,0,20,37.550000000000004,2.188928833304522,2.188928833304522
23,74023,7,6,26,36.550000000000004,0.7224101596348348,2.116107200122064
23,74023,8,6,26,36.6,0.7290382088346156,0.7290382088346156
23,74023,9,1,21,34.2,1.0085754566222875,2.973701143126921
23,74023,10,5,25,38.1,0.9350790540365826,0.9350790540365826
23,74023,11,4,24,36.2,0.3888145567479849,2.4487620953296134
23,74023,12,5,25,38.1,1.325012518298045,1.325012518298045
23,74023,13,2,22,35.300000000000004,0.8073136821251613,1.1744814140216766
23,74023,14,7,27,36.35,0.32958319593685087,1.6505666972362774
23,74023,15,1,21,34.35,2.4214241705874704,2.4214241705874704
23,74023,16,0,20,37.550000000000004,2.9502093477535944,2.9502093477535944
23,74023,17,0,20,37.550000000000004,1.6439706656993964,1.6439706656993964
23,74023,18,5,25,38.1,1.2448472144616143,1.2448472144616143
23,74023,19,7,27,37.35,1.2242455085388249,1.2242455085388249
24,74024,0,0,20,36.75,0.9226425378100568,0.9226425378100568
24,74024,1,0,20,36.800000000000004,0.04216446532067652,0.04216446532067652
24,74024,2,4,24,35.6,0.3231924912220059,0.3231924912220059
24,74024,3,3,23,32.95,2.8548207930628378,2.8548207930628378
24,74024,4,5,25,39.25,2.280901143314417,2.280901143314417
24,74024,5,5,25,39.25,1.9787214810048364,1.9787214810048364
24,74024,6,6,26,36.800000000000004,0.9445877010519879,2.5027676166909187
24,74024,7,7,27,35.45,0.25644918292215163,0.25644918292215163
24,74024,8,7,27,35.45,2.165236020426473,2.165236020426473
24,74024,9,1,21,34.6,0.9108376557988468,1.043306456229181
24,74024,10,2,22,34.4,0.68177560824471,0.68177560824471
24,74024,11,4,24,35.45,0.9734050081107566,0.9734050081107566
24,74024,12,4,24,35.45,0.7742544821304024,2.8342498482975147
24,74024,13,2,22,34.4,1.3368373723927274,1.3368373723927274
24,74024,14,6,26,36.75,1.0660023432105143,2.6931293715434914
24,74024,15,7,27,35.45,0.36548485179390044,0.36548485179390044
24,74024,16,0,20,36.800000000000004,2.613573326061688,2.613573326061688
24,74024,17,1,21,34.65,0.9094689323858217,0.9094689323858217
24,74024,18,6,26,37.0,1.1655434054098608,1.1655434054098608
24,74024,19,3,23,32.95,0.5510600242272099,0.5510600242272099
25,74025,0,7,27,34.95,0.7607179743426351,2.7395967041598657
25,74025,1,1,21,35.2,0.34740597669046747,1.6745234227833805
25,74025,2,2,22,34.35,0.7945979059556846,0.7945979059556846
25,74025,3,4,24,36.4,0.06740770920861829,2.1269079975598344
25,74025,4,4,24,36.45,0.6052735987305078,0.6052735987305078
25,74025,5,5,25,38.800000000000004,1.4576148467651693,1.4576148467651693
25,74025,6,6,26,35.75,1.8956241167048784,1.8956241167048784
25,74025,7,7,27,35.0,1.9462308680462643,1.9462308680462643
25,74025,8,1,21,35.25,0.034049862272412745,0.034049862272412745
25,74025,9,0,20,37.550000000000004,0.4400806615468461,0.4400806615468461
25,74025,10,2,22,34.25,0.9866498428310881,2.976060665006514
25,74025,11,3,23,32.45,0.09830813967000374,0.09830813967000374
25,74025,12,5,25,38.800000000000004,1.0904675451776742,1.0904675451776742
25,74025,13,5,25,38.75,0.7433322238086781,2.641644245135192
25,74025,14,0,20,37.6,0.39422583863638594,0.39422583863638594
25,74025,15,1,21,35.300000000000004,1.455321646129965,1.455321646129965
25,74025,16,6,26,35.75,1.7876256300968847,1.7876256300968847
25,74025,17,0,20,37.6,0.6508779620115092,0.6508779620115092
25,74025,18,4,24,36.45,2.859659873452002,2.859659873452002
25,74025,19,3,23,32.45,1.9372832483362983,1.9372832483362983
26,74026,0,6,26,34.550000000000004,0.7187678567941165,2.3452184564012986
26,74026,1,0,20,38.1,0.0644612421924207,1.848639765257228
26,74026,2,2,22,35.300000000000004,0.4914934311091785,0.4914934311091785
26,74026,3,3,23,33.050000000000004,1.4843874169652662,1.4843874169652662
26,74026,4,4,24,37.2,0.39775734728523987,2.4575081758746857
26,74026,5,5,25,38.95,2.7488499444795353,2.7488499444795353
26,74026,6,0,20,38.15,0.4207078753809639,0.4207078753809639
26,74026,7,7,27,34.800000000000004,0.028000514380283614,1.9712801130543811
26,74026,8,1,21,36.050000000000004,1.0349777084071314,2.957771601101721
26,74026,9,0,20,38.050000000000004,0.6160850885372405,2.51301888098572
26,74026,10,5,25,38.95,2.116247543221842,2.116247543221842
26,74026,11,7,27,36.050000000000004,2.2262044206185543,2.2262044206185543
26,74026,12,4,24,37.2,0.3399954597545455,0.3399954597545455
26,74026,13,2,22,35.25,0.38899485705299036,0.38899485705299036
26,74026,14,1,21,36.15,1.0192734874830311,1.0192734874830311
26,74026,15,6,26,34.6,1.9082793324516403,1.9082793324516403
26,74026,16,7,27,34.85,0.5929261116338803,0.5929261116338803
26,74026,17,1,21,36.050000000000004,0.3122530058611757,1.7241873370344893
26,74026,18,4,24,37.25,2.036401126307822,2.036401126307822
26,74026,19,3,23,33.0,0.6189444622165633,2.427344997799289
27,74027,0,6,26,34.5,1.193096926542793,2.9505083115187505
27,74027,1,0,20,37.25,0.8867253032967739,0.8867253032967739
27,74027,2,2,22,34.550000000000004,2.5869574962089787,2.5869574962089787
27,74027,3,3,23,32.35,2.1733919552420207,2.1733919552420207
27,74027,4,4,24,36.75,2.194235743567256,2.194235743567256
27,74027,5,5,25,40.400000000000006,0.89385541633114,0.89385541633114
27,74027,6,7,27,36.0,0.18659126303184545,0.18659126303184545
27,74027,7,7,27,35.95,0.8848586916839871,1.0952844260544485
27,74027,8,7,27,35.95,1.0128350651175853,2.9926438117896375
27,74027,9,1,21,34.9,0.9414661982847983,1.0141404350267722
27,74027,10,2,22,34.5,0.1500441565698084,1.8427792657899196
27,74027,11,3,23,32.300000000000004,1.0283677676819578,1.0283677676819578
27,74027,12,4,24,36.75,0.39818820251918763,0.39818820251918763
27,74027,13,5,25,40.35,0.16938992804495567,2.0669412624717745
27,74027,14,0,20,37.25,0.20709795640561937,1.7099415012141699
27,74027,15,6,26,34.550000000000004,2.529474075527399,2.529474075527399
27,74027,16,0,20,37.300000000000004,0.2096308169406977,0.2096308169406977
27,74027,17,1,21,34.95,0.8476503480470452,0.8476503480470452
27,74027,18,2,22,34.550000000000004,0.6631596150938461,0.6631596150938461
27,74027,19,3,23,32.35,0.27206796217906964,0.27206796217906964
28,74028,0,0,20,37.0,0.6533088447600429,2.538605023740807
28,74028,1,1,21,34.9,0.7894259357175912,2.6638316849452166
28,74028,2,2,22,35.15,2.9910994328800773,2.9910994328800773
28,74028,3,4,24,35.300000000000004,0.946431504977183,0.946431504977183
28,74028,4,5,25,38.300000000000004,0.9533380827525343,2.8541814544412225
28,74028,5,2,22,35.15,1.40902851203267,1.40902851203267
28,74028,6,6,26,35.2,1.0907518528810074,1.0907518528810074
28,74028,7,1,21,34.95,0.6223757871297675,0.6223757871297675
28,74028,8,7,27,35.4,2.758508416381801,2.758508416381801
28,74028,9,1,21,34.85,0.8203460674414979,2.701122655386172
28,74028,10,4,24,35.35,2.0785874086223113,2.0785874086223113
28,74028,11,3,23,33.85,0.9842299561511052,0.9842299561511052
28,74028,12,4,24,35.25,0.67818754488466,2.7381859258708876
28,74028,13,3,23,34.15,0.178546659956118,0.178546659956118
28,74028,14,0,20,37.050000000000004,2.8622780362508426,2.8622780362508426
28,74028,15,6,26,35.15,0.8644640174649012,2.501529745519099
28,74028,16,7,27,35.4,2.653654569663511,2.653654569663511
28,74028,17,7,27,35.4,1.8157665516385086,1.8157665516385086
28,74028,18,5,25,38.300000000000004,0.8889315299128162,2.9201355023044417
28,74028,19,5,25,38.400000000000006,0.7790259976011307,0.7790259976011307
29,74029,0,7,27,34.2,0.9585853412316959,1.022803148988416
29,74029,1,1,21,35.550000000000004,2.461134733267386,2.461134733267386
29,74029,2,5,25,38.75,0.7153201341862546,0.7153201341862546
29,74029,3,3,23,33.800000000000004,0.4682362488229356,1.9030992827666562
29,74029,4,3,23,33.9,1.827448328740247,1.827448328740247
29,74029,5,4,24,35.2,2.646289208206947,2.646289208206947
29,74029,6,6,26,35.300000000000004,0.6440147983742013,0.6440147983742013
29,74029,7,0,20,39.150000000000006,0.5742222303681971,2.4741045392292844
29,74029,8,0,20,39.2,1.7543822473798631,1.7543822473798631
29,74029,9,7,27,34.2,0.9796408361284209,2.958775170499065
29,74029,10,5,25,38.7,0.5847635163066628,0.5847635163066628
29,74029,11,4,24,35.15,0.4555566651195311,1.6044814114690134
29,74029,12,4,24,35.2,0.8046287824736805,0.8046287824736805
29,74029,13,2,22,35.15,1.9472186390944026,1.9472186390944026
29,74029,14,0,20,39.2,0.6768871121898606,0.6768871121898606
29,74029,15,6,26,35.25,0.6395470554858668,2.065028099679412
29,74029,16,7,27,34.25,2.778704687180036,2.778704687180036
29,74029,17,1,21,35.550000000000004,2.7404584633759197,2.7404584633759197
29,74029,18,2,22,35.15,2.8576310384168426,2.8576310384168426
29,74029,19,3,23,33.75,0.7549711689957143,2.5792928912346698
30,74030,0,1,21,34.1,0.45878884162676686,0.45878884162676686
30,74030,1,0,20,37.6,1.6806076113293895,1.6806076113293895
30,74030,2,2,22,34.7,1.1842220957462146,1.1842220957462146
30,74030,3,3,23,32.9,1.220328275674308,1.220328275674308
30,74030,4,4,24,35.050000000000004,1.449191935511419,1.449191935511419
30,74030,5,5,25,40.900000000000006,2.567533092429804,2.567533092429804
30,74030,6,6,26,36.65,1.133608064173468,1.133608064173468
30,74030,7,6,26,36.6,0.7271315410360102,2.1101858694252567
30,74030,8,6,26,36.65,0.8089430450808344,0.8089430450808344
30,74030,9,1,21,34.050000000000004,0.4021322378239234,2.2494527415585517
30,74030,10,2,22,34.65,0.44799121374527295,0.44799121374527295
30,74030,11,4,24,35.0,0.6257372966427824,0.6257372966427824
30,74030,12,4,24,35.0,0.3853156153635762,2.4453051638557253
30,74030,13,5,25,40.900000000000006,1.1026592803856072,1.1026592803856072
30,74030,14,7,27,35.65,1.6783514356197824,1.6783514356197824
30,74030,15,0,20,37.6,2.9609539286696136,2.9609539286696136
30,74030,16,1,21,34.2,0.07626458659333418,0.07626458659333418
30,74030,17,0,20,37.6,2.815212613962732,2.815212613962732
30,74030,18,2,22,34.65,0.22993876107439967,2.199430726674308
30,74030,19,3,23,32.85,0.44933763944915894,2.1336647092343015
31,74031,0,7,27,34.95,0.2884025648346566,0.2884025648346566
31,74031,1,0,20,38.75,0.49187012568883415,2.39128361605829
31,74031,2,5,25,40.050000000000004,1.198644801513827,1.198644801513827
31,74031,3,3,23,32.2,1.4567995486193395,1.4567995486193395
31,74031,4,4,24,38.6,2.4366897824451264,2.4366897824451264
31,74031,5,2,22,33.85,0.27592433161297764,1.7060176112917176
31,74031,6,6,26,36.2,0.9942295319282395,0.9942295319282395
31,74031,7,0,20,38.75,0.01305603049898185,1.9036821986600156
31,74031,8,0,20,38.800000000000004,1.1052243414421772,1.1052243414421772
31,74031,9,1,21,34.7,1.045660702764601,2.9292298895504647
31,74031,10,2,22,33.800000000000004,0.291766260155967,2.271337005106635
31,74031,11,3,23,32.15,0.3323750855477885,0.3323750855477885
31,74031,12,2,22,33.9,0.1025670453303285,0.1025670453303285
31,74031,13,4,24,38.6,1.0704338122235193,1.0704338122235193
31,74031,14,6,26,36.15,0.9776803947988667,1.1440935549399809
31,74031,15,1,21,34.85,2.6815509353282194,2.6815509353282194
31,74031,16,1,21,34.85,0.3576104427291153,0.3576104427291153
31,74031,17,7,27,35.0,0.921039331555582,0.921039331555582
31,74031,18,5,25,40.0,0.23310157138057078,1.6683306644266156
31,74031,19,3,23,32.15,0.558444448207494,2.389472642642258
32,74032,0,5,25,39.75,2.5464445948328867,2.5464445948328867
32,74032,1,1,21,36.1,1.829222433589107,1.829222433589107
32,74032,2,5,25,38.6,0.5521962070421658,1.3479625565471745
32,74032,3,3,23,33.0,2.2565606335968598,2.2565606335968598
32,74032,4,5,25,38.550000000000004,0.18628341402630552,1.7137445442948127
32,74032,5,4,24,37.65,0.8259993783583572,1.2345006955337594
32,74032,6,0,20,38.1,1.4242796840650718,1.4242796840650718
32,74032,7,7,27,34.75,0.9210896367446614,0.9210896367446614
32,74032,8,0,20,38.1,1.4399514987228756,1.4399514987228756
32,74032,9,6,26,35.15,2.137826193117655,2.137826193117655
32,74032,10,2,22,34.4,1.0451564149750083,1.0451564149750083
32,74032,11,7,27,35.95,1.9194185613773715,1.9194185613773715
32,74032,12,4,24,37.6,0.4893033078223956,1.5712250243622634
32,74032,13,2,22,34.4,1.777949323925786,1.777949323925786
32,74032,14,7,27,34.75,0.14503071768304954,0.14503071768304954
32,74032,15,6,26,35.15,1.6167798092634138,1.6167798092634138
32,74032,16,0,20,38.1,1.8955993701621787,1.8955993701621787
32,74032,17,1,21,36.1,2.031364851059478,2.031364851059478
32,74032,18,4,24,37.7,0.7322783036750321,0.7322783036750321
32,74032,19,3,23,33.0,0.05543814268166616,0.05543814268166616
33,74033,0,1,21,34.6,0.8485004556892886,0.8485004556892886
33,74033,1,1,21,34.6,0.38670475294492374,2.2169568207119146
33,74033,2,5,25,40.35,0.5997363262156287,0.5997363262156287
33,74033,3,3,23,32.4,2.0069946453269636,2.0069946453269636
33,74033,4,4,24,36.6,2.8790962983988306,2.8790962983988306
33,74033,5,2,22,34.9,1.429505104663367,1.429505104663367
33,74033,6,6,26,36.2,0.6853634274436328,0.6853634274436328
33,74033,7,1,21,34.65,0.22964641030799737,0.22964641030799737
33,74033,8,7,27,35.4,0.33053180515541813,0.33053180515541813
33,74033,9,0,20,36.65,0.4504096663002947,0.4504096663002947
33,74033,10,2,22,34.85,0.12777266082114508,1.8734840936545705
33,74033,11,3,23,32.35,0.878539173372918,0.878539173372918
33,74033,12,4,24,36.6,1.107932394397547,1.107932394397547
33,74033,13,5,25,40.25,0.21947123417974504,2.118390574161632
33,74033,14,6,26,36.15,0.8657037849125482,0.8657037849125482
33,74033,15,0,20,36.7,0.6345166578898623,0.6345166578898623
33,74033,16,7,27,35.35,1.0005226392719802,2.9804880098829662
33,74033,17,7,27,35.35,0.21452438744308563,2.1921869714224873
33,74033,18,2,22,34.9,0.7331354734573889,0.7331354734573889
33,74033,19,3,23,32.35,0.9652793117233581,2.8714373717004382
34,74034,0,0,20,38.2,0.18481061398313034,1.7153458580521976
34,74034,1,4,24,38.550000000000004,0.13872517971618703,0.13872517971618703
34,74034,2,0,20,39.45,0.09530418582664058,0.09530418582664058
34,74034,3,1,21,35.7,1.6887025083802434,1.6887025083802434
34,74034,4,5,25,38.45,2.363700403111249,2.363700403111249
34,74034,5,7,27,37.300000000000004,0.07689580314414741,0.07689580314414741
34,74034,6,7,27,36.5,0.9339774365973125,2.9136805923264184
34,74034,7,1,21,35.45,0.3805347224584329,2.155264644293829
34,74034,8,6,26,36.15,1.4061319991848584,1.4061319991848584
34,74034,9,1,21,35.4,0.7984407231321485,1.164296175066789
34,74034,10,5,25,38.45,1.829091891829342,1.829091891829342
34,74034,11,3,23,31.700000000000003,0.5949218499518032,0.5949218499518032
34,74034,12,2,22,33.550000000000004,1.9036170446085696,1.9036170446085696
34,74034,13,2,22,33.5,0.36358473950212794,1.6174352250902169
34,74034,14,7,27,36.5,0.12792364384262092,0.12792364384262092
34,74034,15,0,20,38.25,0.34939283975345925,2.2488798788401856
34,74034,16,6,26,36.15,0.8332202982123503,0.8332202982123503
34,74034,17,6,26,36.15,1.500731740968523,1.500731740968523
34,74034,18,4,24,36.75,0.22151091316455043,2.281301417251336
34,74034,19,4,24,36.6,0.9158731521749242,2.975862444834329
35,74035,0,0,20,37.300000000000004,0.06644505329702548,0.06644505329702548
35,74035,1,7,27,36.050000000000004,0.28198301235019535,0.28198301235019535
35,74035,2,2,22,35.4,2.34727176097982,2.34727176097982
35,74035,3,3,23,32.65,1.7528606456538514,1.7528606456538514
35,74035,4,4,24,37.6,0.6511311756309824,0.6511311756309824
35,74035,5,5,25,39.050000000000004,0.7573442932175025,1.1433524024639352
35,74035,6,5,25,39.5,0.6241422320564296,0.6241422320564296
35,74035,7,0,20,37.300000000000004,0.12670957609131017,1.8088650407483948
35,74035,8,1,21,34.95,0.6843224601238791,2.5525304283820716
35,74035,9,1,21,34.9,0.8564965455406546,1.1012915063878885
35,74035,10,4,24,37.65,0.7195783390465297,0.7195783390465297
35,74035,11,3,23,32.6,0.6832750673945786,0.6832750673945786
35,74035,12,5,25,39.050000000000004,0.8778000281416299,0.8778000281416299
35,74035,13,2,22,35.35,0.2557277619406536,2.2206476583933505
35,74035,14,6,26,35.65,0.49124371010323953,0.49124371010323953
35,74035,15,1,21,35.050000000000004,0.8066177529932979,0.8066177529932979
35,74035,16,6,26,35.65,2.933495031998046,2.933495031998046
35,74035,17,0,20,37.35,0.6809548517044774,0.6809548517044774
35,74035,18,4,24,37.6,0.6088228045493761,2.6686570239871505
35,74035,19,3,23,32.6,0.7913572777735004,2.668163735104556
36,74036,0,7,27,34.4,0.5255351364732945,1.4573658913610037
36,74036,1,1,21,35.85,1.5735091624629414,1.5735091624629414
36,74036,2,2,22,34.300000000000004,0.6710998249587551,0.6710998249587551
36,74036,3,3,23,32.65,2.268753137962165,2.268753137962165
36,74036,4,4,24,36.25,1.9363366240281712,1.9363366240281712
36,74036,5,5,25,40.300000000000004,2.9789095063551336,2.9789095063551336
36,74036,6,0,20,37.550000000000004,1.7190948949053255,1.7190948949053255
36,74036,7,6,26,35.6,2.802230646683428,2.802230646683428
36,74036,8,1,21,35.85,2.9157956083253427,2.9157956083253427
36,74036,9,0,20,37.5,0.7898189478672787,0.7898189478672787
36,74036,10,2,22,34.2,0.8776781794978813,2.856437610088594
36,74036,11,3,23,32.6,0.9113510209338761,1.1738167713108292
36,74036,12,4,24,36.2,0.8103999646710742,2.870391066203824
36,74036,13,5,25,40.300000000000004,1.5109955265948731,1.5109955265948731
36,74036,14,6,26,35.6,1.7812060898745683,1.7812060898745683
36,74036,15,7,27,34.45,0.3528359900233271,1.6341497556049651
36,74036,16,7,27,34.5,0.3351959139433592,0.3351959139433592
36,74036,17,0,20,37.550000000000004,1.1371007652360712,1.1371007652360712
36,74036,18,2,22,34.25,0.30984299481034955,1.6749672091244707
36,74036,19,3,23,32.65,0.17178035988643522,0.17178035988643522
37,74037,0,1,21,35.050000000000004,0.31131235304953675,2.0971376036763814
37,74037,1,0,20,36.75,0.8591995961727205,2.735160346822862
37,74037,2,2,22,34.95,1.192365216746852,1.192365216746852
37,74037,3,3,23,32.1,0.07535170006742942,0.07535170006742942
37,74037,4,5,25,39.75,2.83627751704857,2.83627751704857
37,74037,5,2,22,34.9,0.7389112829009126,2.7136088850764972
37,74037,6,6,26,35.45,1.0742406374649125,1.0742406374649125
37,74037,7,7,27,35.45,1.2475045009683103,1.2475045009683103
37,74037,8,1,21,35.1,2.2705811058003933,2.2705811058003933
37,74037,9,0,20,36.75,0.8374862933425579,0.8374862933425579
37,74037,10,2,22,34.9,0.22449383804501566,0.22449383804501566
37,74037,11,3,23,32.0,0.39880375261247103,2.02682411847757
37,74037,12,4,24,35.800000000000004,1.0061543877263555,1.0540159058644647
37,74037,13,5,25,39.75,1.237108474736426,1.237108474736426
37,74037,14,7,27,35.45,0.5427030469999463,0.5427030469999463
37,74037,15,6,26,35.4,0.861427769603502,2.4700369883912234
37,74037,16,0,20,36.800000000000004,2.1705146111865394,2.1705146111865394
37,74037,17,1,21,35.1,1.0091858019980966,1.0091858019980966
37,74037,18,4,24,35.85,2.49336295042274,2.49336295042274
37,74037,19,4,24,35.75,0.7123829351683989,1.3476923853375051
38,74038,0,7,27,35.15,0.3180124787931325,1.66204337184871
38,74038,1,1,21,36.15,0.9003461603692582,0.9003461603692582
38,74038,2,4,24,39.550000000000004,0.5441481880710022,0.5441481880710022
38,74038,3,1,21,36.4,0.31749604434466516,1.724648012720173
38,74038,4,5,25,39.2,2.828699390025358,2.828699390025358
38,74038,5,4,24,39.45,0.8416280929452595,0.8416280929452595
38,74038,6,0,20,37.4,1.643458723372775,1.643458723372775
38,74038,7,6,26,35.550000000000004,0.7314966554251129,1.5442848728334448
38,74038,8,7,27,35.25,0.3209766219002707,0.3209766219002707
38,74038,9,0,20,37.35,0.6594390260593027,0.6594390260593027
38,74038,10,2,22,33.550000000000004,0.7192394266587457,2.699149242045532
38,74038,11,3,23,32.65,0.5931644839246446,2.410391624304085
38,74038,12,3,23,32.800000000000004,1.1058773797614359,1.1058773797614359
38,74038,13,4,24,39.400000000000006,0.17942409757757993,2.2388106842694526
38,74038,14,7,27,35.2,0.9819779354913204,0.9980943417086071
38,74038,15,2,22,33.75,2.2994491457689485,2.2994491457689485
38,74038,16,6,26,35.6,0.17204147270966771,0.17204147270966771
38,74038,17,0,20,37.4,1.0477392385779594,1.0477392385779594
38,74038,18,5,25,39.2,2.840882511591796,2.840882511591796
38,74038,19,1,21,36.45,2.2655253569403713,2.2655253569403713
39,74039,0,0,20,36.9,0.9252079524943213,0.9763780485418907
39,74039,1,1,21,36.2,0.28463234794144227,1.8098183634492953
39,74039,2,2,22,34.5,0.3341276898187104,0.3341276898187104
39,74039,3,3,23,32.65,0.8514985287023004,1.2443681564443372
39,74039,4,7,27,36.800000000000004,2.784484465912435,2.784484465912435
39,74039,5,5,25,40.2,1.7333324061950306,1.7333324061950306
39,74039,6,0,20,36.95,2.009414771177832,2.009414771177832
39,74039,7,0,20,36.9,0.7230851860958866,2.603436676348863
39,74039,8,1,21,36.25,0.2327397082387909,0.2327397082387909
39,74039,9,3,23,32.75,0.1672285462958249,0.1672285462958249
39,74039,10,2,22,34.4,0.5740289765261953,2.551246206944408
39,74039,11,3,23,32.6,0.09603191366368212,0.09603191366368212
39,74039,12,4,24,36.25,0.5514174944831621,2.6114002753535033
39,74039,13,5,25,40.150000000000006,0.9978708363735129,2.897787888219264
39,74039,14,6,26,35.6,0.637116583594416,1.9347383497592825
39,74039,15,7,27,35.9,0.6933336033073522,0.6933336033073522
39,74039,16,6,26,35.65,1.1359112883284577,1.1359112883284577
39,74039,17,1,21,36.2,0.29669012187187077,2.0517918127862504
39,74039,18,4,24,36.35,1.1034250597412623,1.1034250597412623
39,74039,19,4,24,36.2,0.7689138871412441,2.828912593568822
40,74040,0,7,27,34.9,0.2412566457861394,0.2412566457861394
40,74040,1,7,27,34.95,0.25250676413425455,0.25250676413425455
40,74040,2,2,22,34.800000000000004,2.2828418068771854,2.2828418068771854
40,74040,3,3,23,32.25,0.05083390562767752,0.05083390562767752
40,74040,4,4,24,39.1,2.720759372515682,2.720759372515682
40,74040,5,5,25,38.6,1.0532103973184013,1.0532103973184013
40,74040,6,0,20,39.050000000000004,2.043303056372586,2.043303056372586
40,74040,7,6,26,35.1,0.11812622313289023,0.11812622313289023
40,74040,8,0,20,39.050000000000004,2.0561023030992422,2.0561023030992422
40,74040,9,1,21,35.0,0.4832746927243243,1.5117660172197775
40,74040,10,5,25,38.6,0.6520256801696928,0.6520256801696928
40,74040,11,3,23,32.15,0.4262077108458801,2.1408733376961733
40,74040,12,5,25,38.6,0.9256435769151377,0.9256435769151377
40,74040,13,4,24,39.1,1.2778536904770432,1.2778536904770432
40,74040,14,0,20,39.050000000000004,0.9087330597555737,0.9087330597555737
40,74040,15,7,27,34.95,0.16739883758161822,0.16739883758161822
40,74040,16,6,26,35.1,1.8941100829091042,1.8941100829091042
40,74040,17,1,21,35.050000000000004,1.3319336306214573,1.3319336306214573
40,74040,18,2,22,34.800000000000004,0.41140315518191994,0.41140315518191994
40,74040,19,3,23,32.2,0.8846809987413775,0.8846809987413775
41,74041,0,7,27,34.1,0.393093145123815,1.5947945138718602
41,74041,1,1,21,35.75,1.098655568382865,1.098655568382865
41,74041,2,2,22,35.25,1.0961417134947646,1.0961417134947646
41,74041,3,3,23,32.65,0.5682960330744545,0.5682960330744545
41,74041,4,4,24,36.9,2.1526719572711333,2.1526719572711333
41,74041,5,2,22,35.2,0.5256030657843169,2.4980786771532
41,74041,6,6,26,35.65,1.13160138573499,2.813975060372108
41,74041,7,1,21,35.75,2.2299317564986976,2.2299317564986976
41,74041,8,1,21,35.75,2.2583569999336683,2.2583569999336683
41,74041,9,6,26,35.65,0.8731682414519334,1.3165199451298575
41,74041,10,5,25,38.85,0.8811457431407661,0.8811457431407661
41,74041,11,3,23,32.550000000000004,0.8306312587333335,2.7151849197648095
41,74041,12,4,24,36.9,0.4001376422825777,0.4001376422825777
41,74041,13,2,22,35.2,0.8366186765340607,0.8366186765340607
41,74041,14,0,20,37.25,0.659231733595323,2.548151857556244
41,74041,15,7,27,34.15,1.6363905758706978,1.6363905758706978
41,74041,16,0,20,37.300000000000004,1.010868406604854,1.010868406604854
41,74041,17,0,20,37.25,0.8398684471677974,2.7273168240725343
41,74041,18,5,25,38.85,1.34325073888333,1.34325073888333
41,74041,19,6,26,36.7,0.22049274903724952,0.22049274903724952
42,74042,0,7,27,35.1,0.5532676479431535,2.533070987731643
42,74042,1,1,21,34.7,2.436501645031355,2.436501645031355
42,74042,2,2,22,34.35,0.6863829798065247,0.6863829798065247
42,74042,3,5,25,38.050000000000004,2.543438872788898,2.543438872788898
42,74042,4,5,25,37.95,0.5483549376909562,1.3523383692836393
42,74042,5,4,24,37.2,0.2800883813974271,1.7805613483405736
42,74042,6,0,20,38.5,2.5709118382068676,2.5709118382068676
42,74042,7,2,22,34.550000000000004,2.7995046034171533,2.7995046034171533
42,74042,8,7,27,35.2,0.9905465783356143,0.9905465783356143
42,74042,9,1,21,34.65,0.8433956855375602,2.7292014587491953
42,74042,10,2,22,34.25,0.7578624111325545,2.735965226607136
42,74042,11,3,23,32.4,0.4144196206095179,2.0941731248742483
42,74042,12,4,24,37.15,0.03358016934039474,2.0302374391593085
42,74042,13,5,25,37.9,0.6830712618664047,2.579200399071967
42,74042,14,0,20,38.5,1.6811291956234504,1.6811291956234504
42,74042,15,6,26,35.25,1.294759410671607,1.294759410671607
42,74042,16,6,26,35.25,2.659879555420346,2.659879555420346
42,74042,17,0,20,38.5,2.0919946814921966,2.0919946814921966
42,74042,18,4,24,37.25,1.3233983397478775,1.3233983397478775
42,74042,19,3,23,32.45,0.6888595408615593,0.6888595408615593
43,74043,0,1,21,35.550000000000004,0.9325637957895524,1.0182819314129754
43,74043,1,0,20,37.75,0.8166418646833302,2.710798698368102
43,74043,2,4,24,38.0,0.016007162610519644,2.0679798288950693
43,74043,3,7,27,36.6,0.088780557450097,0.088780557450097
43,74043,4,2,22,33.85,0.04029712063361544,0.04029712063361544
43,74043,5,4,24,37.9,0.3813371816794765,2.4411564611151353
43,74043,6,7,27,35.550000000000004,0.4380750351997323,0.4380750351997323
43,74043,7,6,26,37.35,0.08916785952029228,0.08916785952029228
43,74043,8,6,26,37.35,0.6527587085542926,2.009463709855258
43,74043,9,1,21,35.5,0.7991983326035854,2.6849383476151094
43,74043,10,5,25,38.45,2.401613835268667,2.401613835268667
43,74043,11,3,23,31.85,1.3993856312503856,1.3993856312503856
43,74043,12,1,21,36.65,1.3662344649812308,1.3662344649812308
43,74043,13,6,26,38.050000000000004,1.688139107910483,1.688139107910483
43,74043,14,4,24,39.35,2.586223556203853,2.586223556203853
43,74043,15,0,20,37.800000000000004,1.109895580280418,1.109895580280418
43,74043,16,7,27,35.550000000000004,0.6478999524543299,0.6478999524543299
43,74043,17,0,20,37.800000000000004,0.8879032940186727,0.8879032940186727
43,74043,18,2,22,33.800000000000004,0.44260849027138477,2.422355124186643
43,74043,19,2,22,34.1,0.06674184069843159,0.06674184069843159
44,74044,0,0,20,38.0,0.2849967396252197,1.6163163809489665
44,74044,1,1,21,34.45,1.9996596082097513,1.9996596082097513
44,74044,2,2,22,34.85,1.5423713836146284,1.5423713836146284
44,74044,3,3,23,32.35,2.531930432978236,2.531930432978236
44,74044,4,4,24,39.1,0.8783537730411787,0.8783537730411787
44,74044,5,4,24,39.1,0.7276362521094187,0.7276362521094187
44,74044,6,7,27,35.9,0.15315103892855267,0.15315103892855267
44,74044,7,0,20,38.050000000000004,0.752210952832604,0.752210952832604
44,74044,8,0,20,38.050000000000004,2.906572304845599,2.906572304845599
44,74044,9,1,21,34.4,0.48426161687248725,2.351719489733263
44,74044,10,5,25,37.2,0.9564757689937694,0.9564757689937694
44,74044,11,3,23,32.300000000000004,0.6937929930682556,1.423500889543902
44,74044,12,5,25,37.2,1.2087908857524865,1.2087908857524865
44,74044,13,4,24,39.050000000000004,0.07469669478162093,2.1330844883511437
44,74044,14,7,27,35.85,0.8762798400967052,0.8762798400967052
44,74044,15,6,26,35.1,1.2859863105185312,1.2859863105185312
44,74044,16,6,26,35.1,2.6521124957839217,2.6521124957839217
44,74044,17,7,27,35.85,0.7293125072797603,2.7081235299785487
44,74044,18,2,22,34.800000000000004,0.6002231057990302,2.57520526461589
44,74044,19,3,23,32.35,0.16121146599118483,0.16121146599118483
45,74045,0,0,20,36.300000000000004,0.6181285401958937,2.4790654189059036
45,74045,1,0,20,36.35,0.3780343979546086,1.559690949616811
45,74045,2,2,22,35.050000000000004,0.8832394394908669,0.8832394394908669
45,74045,3,5,25,37.2,0.24645006052788332,0.24645006052788332
45,74045,4,5,25,37.050000000000004,0.7826854685365144,1.1182876292038104
45,74045,5,2,22,35.0,0.3683074350821808,2.3388230318942806
45,74045,6,7,27,35.85,0.6300411331940593,0.6300411331940593
45,74045,7,6,26,35.5,0.1724789292663487,0.1724789292663487
45,74045,8,1,21,35.4,2.4405958876432057,2.4405958876432057
45,74045,9,1,21,35.35,0.8575739806103707,0.8575739806103707
45,74045,10,4,24,35.25,2.095770602365268,2.095770602365268
45,74045,11,4,24,35.15,0.7004449436713205,0.7004449436713205
45,74045,12,5,25,37.050000000000004,0.7829242744567414,1.1180091720158618
45,74045,13,4,24,35.2,0.7252867827522813,0.7252867827522813
45,74045,14,7,27,35.800000000000004,0.786078487756768,1.193928756902459
45,74045,15,0,20,36.4,0.08442908237527132,0.08442908237527132
45,74045,16,6,26,35.5,1.7500292617174351,1.7500292617174351
45,74045,17,1,21,35.4,1.2501956208192055,1.2501956208192055
45,74045,18,2,22,35.0,0.1506347364577948,1.8472340244261112
45,74045,19,3,23,33.0,2.649035394964999,2.649035394964999
46,74046,0,0,20,37.45,0.9053149454600211,2.906624559714503
46,74046,1,1,21,34.9,0.6012741739158323,0.6012741739158323
46,74046,2,5,25,37.75,0.5285273409323734,2.4203618785494783
46,74046,3,5,25,37.85,1.6039244624506948,1.6039244624506948
46,74046,4,4,24,38.5,2.512456231852269,2.512456231852269
46,74046,5,4,24,38.5,2.3544231936400664,2.3544231936400664
46,74046,6,0,20,37.550000000000004,0.7965314365307432,0.7965314365307432
46,74046,7,7,27,35.6,0.034002151424465034,2.0139187412239417
46,74046,8,7,27,35.65,0.4769166719840185,0.4769166719840185
46,74046,9,1,21,34.85,0.9502684764023291,1.0032715013600098
46,74046,10,2,22,33.85,0.18287517939173747,2.1604226329529728
46,74046,11,3,23,32.6,0.29198369508832855,0.29198369508832855
46,74046,12,5,25,37.7,0.9288340899736892,2.881494458971997
46,74046,13,4,24,38.5,1.1215938866376276,1.1215938866376276
46,74046,14,6,26,35.65,1.0483243341638824,2.706527249157378
46,74046,15,7,27,35.6,0.16345349915723767,2.143255587243131
46,74046,16,6,26,35.7,1.915217242269272,1.915217242269272
46,74046,17,1,21,34.9,0.9930563330779463,0.9930563330779463
46,74046,18,2,22,33.9,0.8593067364162982,0.8593067364162982
46,74046,19,3,23,32.6,2.139037402744658,2.139037402744658
47,74047,0,5,25,39.5,0.23266693753987014,0.23266693753987014
47,74047,1,7,27,35.800000000000004,0.833072115228849,1.1481139426467701
47,74047,2,6,26,36.9,0.2599280476036021,0.2599280476036021
47,74047,3,3,23,33.0,0.4924546043553607,1.7607231471797793
47,74047,4,5,25,38.2,0.49246589685605,2.3916732205251288
47,74047,5,4,24,38.85,0.40549284075103337,1.6548133192282475
47,74047,6,1,21,35.35,2.5364444313435737,2.5364444313435737
47,74047,7,1,21,35.300000000000004,0.3369227607113453,1.716298234928753
47,74047,8,6,26,36.7,1.0695952611663924,2.6960213970573355
47,74047,9,2,22,34.050000000000004,1.5114833999750268,1.5114833999750268
47,74047,10,2,22,32.95,0.5212053466403025,1.4639792021775888
47,74047,11,2,22,33.35,0.9531482900008008,1.0295199844968954
47,74047,12,3,23,33.050000000000004,2.8776406354920816,2.8776406354920816
47,74047,13,4,24,38.85,0.41222336976806234,0.41222336976806234
47,74047,14,0,20,37.6,0.13137181244140567,0.13137181244140567
47,74047,15,0,20,37.6,0.4296975232458504,0.4296975232458504
47,74047,16,0,20,37.6,1.389308735810234,1.389308735810234
47,74047,17,6,26,36.75,0.11799219730000149,0.11799219730000149
47,74047,18,4,24,38.900000000000006,1.477081350716746,1.477081350716746
47,74047,19,7,27,36.85,0.8931454215742167,0.8931454215742167
48,74048,0,0,20,36.95,0.3149509411550225,2.1877521809573066
48,74048,1,1,21,35.6,0.6714075601535571,0.6714075601535571
48,74048,2,2,22,33.95,0.6144903841697229,0.6144903841697229
48,74048,3,4,24,36.85,1.420543058158471,1.420543058158471
48,74048,4,4,24,36.85,2.813396742506864,2.813396742506864
48,74048,5,4,24,36.85,2.7075288288923463,2.7075288288923463
48,74048,6,7,27,34.7,0.4727775987043975,0.4727775987043975
48,74048,7,6,26,35.7,0.6958619603582141,2.116715194108794
48,74048,8,6,26,35.75,0.8510775564002118,0.8510775564002118
48,74048,9,1,21,35.550000000000004,0.870014686473484,0.870014686473484
48,74048,10,5,25,39.150000000000006,0.8127908236954333,0.8127908236954333
48,74048,11,3,23,32.050000000000004,1.0743278917113535,2.992296987245959
48,74048,12,2,22,33.95,0.924178950829037,0.924178950829037
48,74048,13,5,25,39.1,0.8882955366418341,2.787033041689617
48,74048,14,0,20,37.0,2.4192547613445488,2.4192547613445488
48,74048,15,7,27,34.65,0.20092016892355333,2.176573928053472
48,74048,16,6,26,35.75,0.3828659231830443,0.3828659231830443
48,74048,17,1,21,35.6,0.8461449400334113,0.8461449400334113
48,74048,18,5,25,39.150000000000006,1.4900999965473867,1.4900999965473867
48,74048,19,3,23,32.1,1.6609407264733163,1.6609407264733163
49,74049,0,7,27,35.0,0.06286043189599025,2.041803695020969
49,74049,1,1,21,34.2,1.0323718013081615,1.0323718013081615
49,74049,2,5,25,40.2,0.03482642745957928,1.8825182912347713
49,74049,3,3,23,33.75,1.0746410365085004,2.9509403175172184
49,74049,4,4,24,36.5,0.45651793131645413,2.516441381779886
49,74049,5,2,22,33.4,0.6023966118819551,0.6023966118819551
49,74049,6,5,25,40.550000000000004,2.656431769593728,2.656431769593728
49,74049,7,0,20,36.45,0.34006546969140317,1.592521792333353
49,74049,8,7,27,35.1,0.7348517786064168,0.7348517786064168
49,74049,9,1,21,34.15,0.5110087935864668,1.4622848707602842
49,74049,10,3,23,34.2,2.4570576415193823,2.4570576415193823
49,74049,11,2,22,33.7,2.5136714885975437,2.5136714885975437
49,74049,12,3,23,33.85,0.15916604165991013,0.15916604165991013
49,74049,13,5,25,40.150000000000006,0.6230881622481463,0.6230881622481463
49,74049,14,7,27,35.050000000000004,0.5891181681366897,1.3911895272701482
49,74049,15,0,20,36.5,0.5135079271179076,0.5135079271179076
49,74049,16,0,20,36.5,1.4894469192318749,1.4894469192318749
49,74049,17,6,26,36.45,2.0797404091754057,2.0797404091754057
49,74049,18,4,24,36.550000000000004,2.2077879560195757,2.2077879560195757
49,74049,19,4,24,36.45,0.7684272528787827,0.7684272528787827
50,74050,0,6,26,35.4,0.8587704392191255,1.2679524351935898
50,74050,1,1,21,36.050000000000004,0.3709191992215555,2.1813230065555587
50,74050,2,4,24,39.150000000000006,0.5545237729028635,0.5545237729028635
50,74050,3,1,21,36.300000000000004,1.5954151406801542,1.5954151406801542
50,74050,4,2,22,34.050000000000004,0.4486304859808843,0.4486304859808843
50,74050,5,4,24,39.050000000000004,1.0080270101194941,1.0521199259740206
50,74050,6,2,22,34.2,0.3126388935070541,1.668870698002768
50,74050,7,7,27,35.050000000000004,0.899600548852452,2.8790590378389744
50,74050,8,1,21,36.1,0.4217738189652619,0.4217738189652619
50,74050,9,6,26,35.45,0.7953658150233874,1.4556794422922115
50,74050,10,5,25,39.0,2.208916820363057,2.208916820363057
50,74050,11,3,23,32.1,1.8383763835782942,1.8383763835782942
50,74050,12,6,26,36.550000000000004,0.4203408639261591,0.4203408639261591
50,74050,13,4,24,39.0,0.40244335317112845,2.4622071561275947
50,74050,14,0,20,37.7,0.853488564836289,2.749034176700579
50,74050,15,7,27,35.1,0.1567859816284912,0.1567859816284912
50,74050,16,0,20,37.75,1.3193731562499746,1.3193731562499746
50,74050,17,0,20,37.7,1.0893785927626012,2.983655970042739
50,74050,18,5,25,39.0,2.665902212905944,2.665902212905944
50,74050,19,2,22,34.300000000000004,0.6904261698982339,0.6904261698982339
51,74051,0,1,21,34.7,0.5901342363164839,0.5901342363164839
51,74051,1,1,21,34.7,1.90768975962393,1.90768975962393
51,74051,2,4,24,38.6,2.7972006828536102,2.7972006828536102
51,74051,3,2,22,33.0,1.2350284990274552,1.2350284990274552
51,74051,4,4,24,38.550000000000004,0.8240914748752581,0.8240914748752581
51,74051,5,2,22,32.7,0.1864830450466034,0.1864830450466034
51,74051,6,7,27,35.7,1.043903483260953,1.043903483260953
51,74051,7,1,21,34.7,2.9954173894296336,2.9954173894296336
51,74051,8,0,20,37.65,1.277069635961312,1.277069635961312
51,74051,9,0,20,37.6,0.15115904769788766,0.15115904769788766
51,74051,10,6,26,35.2,1.8208021660222553,1.8208021660222553
51,74051,11,2,22,33.0,2.23690116626569,2.23690116626569
51,74051,12,3,23,35.0,0.7364849420524896,0.7364849420524896
51,74051,13,5,25,40.300000000000004,0.141671672410618,1.761978438285654
51,74051,14,3,23,36.15,0.6753843432133009,0.6753843432133009
51,74051,15,0,20,37.65,0.6243623807910677,0.6243623807910677
51,74051,16,6,26,34.95,0.7895380828123599,2.4236431596663377
51,74051,17,7,27,35.7,0.3045003822453841,0.3045003822453841
51,74051,18,5,25,40.35,0.6182332730832811,0.6182332730832811
51,74051,19,3,23,34.9,0.9815011514233599,1.070820063496678
52,74052,0,1,21,34.9,0.10499596606902367,0.10499596606902367
52,74052,1,5,25,39.650000000000006,2.013265522571894,2.013265522571894
52,74052,2,4,24,36.45,1.2127169333197427,1.2127169333197427
52,74052,3,1,21,35.15,2.9799337869462654,2.9799337869462654
52,74052,4,4,24,36.35,0.4976791836017467,2.557632153242561
52,74052,5,2,22,33.85,0.5842501868081873,1.3978428251678525
52,74052,6,1,21,35.0,0.24865393727160054,0.24865393727160054
52,74052,7,2,22,34.1,1.451924140989738,1.451924140989738
52,74052,8,6,26,35.7,2.655395369094383,2.655395369094383
52,74052,9,7,27,34.800000000000004,1.4471354216646704,1.4471354216646704
52,74052,10,0,20,38.25,0.8324217591633987,2.979611008439245
52,74052,11,0,20,38.550000000000004,0.9520001832964788,0.9520001832964788
52,74052,12,2,22,33.85,0.7950610187782856,2.7736356911579545
52,74052,13,3,23,36.800000000000004,0.5333060696882698,0.5333060696882698
52,74052,14,7,27,34.800000000000004,1.85693466335691,1.85693466335691
52,74052,15,0,20,37.65,0.6120506048876494,0.6120506048876494
52,74052,16,6,26,35.7,1.9977594679478632,1.9977594679478632
52,74052,17,5,25,39.650000000000006,1.866224426924024,1.866224426924024
52,74052,18,5,25,38.800000000000004,0.023786607847950177,1.8845017639899662
52,74052,19,4,24,36.300000000000004,0.950287030464538,1.1098501838633963
53,74053,0,0,20,37.300000000000004,0.3704817527386201,1.5359545629484654
53,74053,1,0,20,37.35,0.7681461635325512,0.7681461635325512
53,74053,2,5,25,38.300000000000004,2.775395431659406,2.775395431659406
53,74053,3,3,23,32.2,0.7724179445880787,0.7724179445880787
53,74053,4,4,24,38.7,1.518809718030011,1.518809718030011
53,74053,5,4,24,38.7,1.403050086810126,1.403050086810126
53,74053,6,0,20,37.35,2.3729783245721343,2.3729783245721343
53,74053,7,6,26,36.050000000000004,2.399815113465437,2.399815113465437
53,74053,8,7,27,35.1,2.982376376127998,2.982376376127998
53,74053,9,7,27,35.050000000000004,0.6802680508864797,2.6595670456287306
53,74053,10,5,25,38.25,0.951838326097512,2.8482851647464096
53,74053,11,3,23,32.1,0.9498275349591992,2.8581404322107944
53,74053,12,5,25,38.300000000000004,0.4534657345976545,0.4534657345976545
53,74053,13,2,22,35.300000000000004,1.4776486476691209,1.4776486476691209
53,74053,14,6,26,36.050000000000004,1.26199213335423,1.26199213335423
53,74053,15,1,21,35.45,0.9381299726898742,2.801348554454225
53,74053,16,7,27,35.1,2.796506425437303,2.796506425437303
53,74053,17,1,21,35.35,0.7231744263097031,2.6015164275851257
53,74053,18,2,22,35.300000000000004,2.406080356887649,2.406080356887649
53,74053,19,1,21,35.65,2.7757740142990253,2.7757740142990253
54,74054,0,6,26,35.1,0.6194162843495149,0.6194162843495149
54,74054,1,1,21,34.5,1.0326416787305268,2.9251751633714793
54,74054,2,5,25,39.400000000000006,1.7663688852532111,1.7663688852532111
54,74054,3,4,24,36.65,0.0951794307710052,2.1546700826889302
54,74054,4,4,24,36.7,0.8294516584148912,0.8294516584148912
54,74054,5,4,24,36.7,0.7524554395707529,0.7524554395707529
54,74054,6,7,27,35.1,0.2610616741277386,0.2610616741277386
54,74054,7,0,20,38.95,0.3939406018962064,1.5062000316893323
54,74054,8,0,20,39.0,0.702044186254309,0.702044186254309
54,74054,9,1,21,34.5,0.3040881716565754,0.3040881716565754
54,74054,10,5,25,39.35,0.22625878550194267,1.6737764696274415
54,74054,11,3,23,32.050000000000004,1.0226412011587276,1.054554709506944
54,74054,12,2,22,34.45,2.41638495621706,2.41638495621706
54,74054,13,2,22,34.4,0.35056616614257113,2.3247394122931637
54,74054,14,6,26,35.1,2.422540645736652,2.422540645736652
54,74054,15,7,27,35.050000000000004,0.07856562791481926,2.056702226088737
54,74054,16,1,21,34.6,0.7427687471295824,0.7427687471295824
54,74054,17,7,27,35.050000000000004,0.8573575778090762,2.837168538716093
54,74054,18,2,22,34.45,0.24668496187601896,0.24668496187601896
54,74054,19,3,23,32.1,0.3228401691058101,0.3228401691058101
55,74055,0,0,20,37.4,0.5872604029300296,0.5872604029300296
55,74055,1,1,21,35.0,1.031136084359538,2.9090926718133634
55,74055,2,2,22,35.25,0.3361070567795526,0.3361070567795526
55,74055,3,3,23,34.050000000000004,0.6027456748302452,0.6027456748302452
55,74055,4,3,23,34.15,0.21994962247504316,0.21994962247504316
55,74055,5,2,22,35.2,0.2423010732164859,1.7491995492942174
55,74055,6,6,26,35.65,0.15329277020525767,0.15329277020525767
55,74055,7,0,20,37.4,0.4579687424563096,2.3455079318729823
55,74055,8,7,27,35.800000000000004,1.4902996224996694,1.4902996224996694
55,74055,9,1,21,35.0,0.3980929332309766,0.3980929332309766
55,74055,10,4,24,35.0,0.16154973493793975,0.16154973493793975
55,74055,11,4,24,34.85,0.09071765072679812,2.150668678116267
55,74055,12,5,25,38.800000000000004,2.4521740363089735,2.4521740363089735
55,74055,13,5,25,38.800000000000004,1.183560325747033,1.183560325747033
55,74055,14,7,27,35.75,0.025078748229077765,1.9631464892248216
55,74055,15,1,21,35.15,0.2898541617935758,0.2898541617935758
55,74055,16,6,26,35.65,0.24888470229392992,0.24888470229392992
55,74055,17,0,20,37.45,1.1226713785877904,1.1226713785877904
55,74055,18,5,25,38.800000000000004,2.615113275205346,2.615113275205346
55,74055,19,4,24,34.85,0.5401054443956219,1.5199641598460027
56,74056,0,6,26,35.6,1.0528614158252176,2.702863721500118
56,74056,1,0,20,38.1,0.40036600041437925,0.40036600041437925
56,74056,2,5,25,40.0,2.071347437114034,2.071347437114034
56,74056,3,3,23,34.0,0.8600853204295241,0.8600853204295241
56,74056,4,5,25,39.95,0.48427577315706966,2.3842237791842833
56,74056,5,3,23,34.2,2.5569624148621943,2.5569624148621943
56,74056,6,0,20,38.1,1.9719454271105297,1.9719454271105297
56,74056,7,7,27,34.75,0.5516789195386526,1.4288048490116045
56,74056,8,1,21,34.95,2.578408749689365,2.578408749689365
56,74056,9,1,21,34.9,0.853881813436787,0.853881813436787
56,74056,10,2,22,32.300000000000004,0.563206522534242,1.4344713782505443
56,74056,11,2,22,32.7,0.5019740747749527,0.5019740747749527
56,74056,12,4,24,36.9,0.5386443744012818,1.5217147417106245
56,74056,13,5,25,39.95,0.848556446396738,0.848556446396738
56,74056,14,6,26,35.65,0.7585722710798094,1.4725751665216846
56,74056,15,0,20,38.1,1.6313280142797313,1.6313280142797313
56,74056,16,7,27,34.800000000000004,0.2119554060873936,0.2119554060873936
56,74056,17,6,26,35.7,1.443168762508449,1.443168762508449
56,74056,18,4,24,37.0,0.4642126008140054,0.4642126008140054
56,74056,19,3,23,33.95,0.6369378839168832,1.5184885415713723
57,74057,0,6,26,35.050000000000004,0.7833745955554356,1.38221792576721
57,74057,1,6,26,35.1,2.1318517269122084,2.1318517269122084
57,74057,2,5,25,38.35,0.625243507288644,0.625243507288644
57,74057,3,4,24,36.25,0.7878387519618127,0.7878387519618127
57,74057,4,5,25,38.300000000000004,0.8609911760575957,1.0390139215325558
57,74057,5,4,24,36.25,0.08260289966822396,1.9781920906905233
57,74057,6,7,27,35.15,0.554317408257122,0.554317408257122
57,74057,7,6,26,35.1,0.3840212281625547,0.3840212281625547
57,74057,8,0,20,39.400000000000006,0.8436890036711842,0.8436890036711842
57,74057,9,1,21,34.7,0.2717058276012214,0.2717058276012214
57,74057,10,2,22,34.300000000000004,1.3612209457342637,1.3612209457342637
57,74057,11,3,23,32.45,0.5734434712640711,0.5734434712640711
57,74057,12,5,25,38.300000000000004,0.9064063502155836,0.9064063502155836
57,74057,13,2,22,34.300000000000004,2.0066502023922173,2.0066502023922173
57,74057,14,0,20,39.35,0.4658172141192649,2.3656087786052082
57,74057,15,7,27,35.1,0.3098476278724943,2.2885646212432467
57,74057,16,1,21,34.800000000000004,0.9775557286821615,0.9775557286821615
57,74057,17,1,21,34.7,1.0062175429823799,2.9837808987754375
57,74057,18,4,24,36.300000000000004,1.317205571206485,1.317205571206485
57,74057,19,3,23,32.45,2.4300313633970543,2.4300313633970543
58,74058,0,0,20,36.35,0.23656218778756716,1.7184270805351205
58,74058,1,1,21,35.25,2.2655205469203703,2.2655205469203703
58,74058,2,2,22,34.6,1.4170419424713092,1.4170419424713092
58,74058,3,5,25,38.050000000000004,0.5141437954727862,1.3865081375483737
58,74058,4,4,24,37.300000000000004,1.007181459819629,1.007181459819629
58,74058,5,5,25,37.9,0.36765079401356554,2.2634623965814136
58,74058,6,7,27,36.45,0.7898236795482356,0.7898236795482356
58,74058,7,6,26,36.15,0.4216687341697779,0.4216687341697779
58,74058,8,7,27,36.45,0.34380721769370615,0.34380721769370615
58,74058,9,1,21,35.2,0.7249592594531182,2.593077457527623
58,74058,10,2,22,34.550000000000004,0.6729644444820831,0.6729644444820831
58,74058,11,3,23,32.4,0.23272280483011346,0.23272280483011346
58,74058,12,4,24,37.25,0.7287901125516746,1.3315873367471638
58,74058,13,4,24,37.25,0.46351445041430556,2.523304041251262
58,74058,14,6,26,36.1,0.8928550067845644,2.47153086701074
58,74058,15,5,25,38.35,2.838544098813891,2.838544098813891
58,74058,16,0,20,36.45,0.4650361313468023,0.4650361313468023
58,74058,17,1,21,35.25,2.5487826825242577,2.5487826825242577
58,74058,18,2,22,34.550000000000004,0.466833103718372,2.4421815663921875
58,74058,19,3,23,32.4,1.650555314455305,1.650555314455305
59,74059,0,6,26,35.550000000000004,0.8105816074733151,0.8105816074733151
59,74059,1,1,21,35.0,0.8475749950907878,2.731305168199973
59,74059,2,5,25,40.550000000000004,1.302802704150301,1.302802704150301
59,74059,3,3,23,32.550000000000004,2.122092380381444,2.122092380381444
59,74059,4,2,22,34.65,2.9364976073965985,2.9364976073965985
59,74059,5,5,25,40.5,0.43826707564143425,1.4633513242881337
59,74059,6,7,27,35.1,2.87762515983163,2.87762515983163
59,74059,7,6,26,35.6,0.18453334563659055,0.18453334563659055
59,74059,8,1,21,35.050000000000004,1.1143430250246262,1.1143430250246262
59,74059,9,1,21,34.95,0.6239313684562983,2.499097669126476
59,74059,10,4,24,36.1,2.698482406661994,2.698482406661994
59,74059,11,3,23,32.5,0.9197261028768299,0.9197261028768299
59,74059,12,4,24,36.0,0.8625881039041708,2.9225840438290276
59,74059,13,5,25,40.45,0.8004642372294858,2.700133769625591
59,74059,14,0,20,37.4,1.2116049449999677,1.2116049449999677
59,74059,15,7,27,35.1,1.1570632160433973,1.1570632160433973
59,74059,16,0,20,37.4,2.5527060979872833,2.5527060979872833
59,74059,17,6,26,35.6,2.6929722807790677,2.6929722807790677
59,74059,18,2,22,34.65,2.2529276962056,2.2529276962056
59,74059,19,4,24,36.0,0.4621277148892346,0.4621277148892346
60,74060,0,0,20,37.0,0.2791390800358452,0.2791390800358452
60,74060,1,1,21,34.85,0.934283296435182,2.825264034494174
60,74060,2,4,24,36.5,1.1629295070151904,1.1629295070151904
60,74060,3,4,24,36.4,0.8442098502453645,1.215945733250214
60,74060,4,2,22,34.2,2.269913000119975,2.269913000119975
60,74060,5,5,25,40.650000000000006,1.4491201313877344,1.4491201313877344
60,74060,6,0,20,37.050000000000004,1.3646853258488136,1.3646853258488136
60,74060,7,6,26,35.35,0.5642373650486303,0.5642373650486303
60,74060,8,1,21,34.9,1.1646354477819185,1.1646354477819185
60,74060,9,1,21,34.800000000000004,0.8120350722441341,2.7025006397629294
60,74060,10,2,22,34.15,0.7107569821835904,2.689828399692386
60,74060,11,3,23,32.65,0.47627664714697654,1.7545483974406098
60,74060,12,3,23,32.800000000000004,0.7181122580442526,0.7181122580442526
60,74060,13,5,25,40.6,0.7364528467701521,2.6358170216623793
60,74060,14,0,20,37.050000000000004,0.49423866631963836,0.49423866631963836
60,74060,15,7,27,35.35,1.5390076394710777,1.5390076394710777
60,74060,16,6,26,35.35,2.422705341482775,2.422705341482775
60,74060,17,7,27,35.35,2.067525346835181,2.067525346835181
60,74060,18,4,24,36.45,0.1709237963243915,1.8897196247491874
60,74060,19,3,23,32.7,0.24866445773099297,0.24866445773099297
61,74061,0,0,20,35.9,0.6155123180828465,2.4613996303330796
61,74061,1,1,21,34.95,0.9967513787069212,0.9967513787069212
61,74061,2,2,22,34.1,0.6988161070168383,2.6778887985916806
61,74061,3,2,22,34.4,1.5635066974809662,1.5635066974809662
61,74061,4,3,23,34.300000000000004,0.5535546228271816,0.5535546228271816
61,74061,5,5,25,39.0,2.0862190110918704,2.0862190110918704
61,74061,6,7,27,35.0,1.4495177363053342,1.4495177363053342
61,74061,7,7,27,34.95,0.29860038947877965,2.2785810806863456
61,74061,8,6,26,35.9,2.600274575454464,2.600274575454464
61,74061,9,1,21,34.9,0.48905528422384825,1.5052947075899663
61,74061,10,5,25,39.0,1.366277352691533,1.366277352691533
61,74061,11,4,24,35.35,0.28733964163958625,2.3473359846437813
61,74061,12,3,23,34.25,0.6149755851289079,0.6149755851289079
61,74061,13,4,24,35.4,2.5285478816204803,2.5285478816204803
61,74061,14,2,22,34.25,0.675085583503766,1.3060764582861262
61,74061,15,6,26,35.9,0.38684341498730745,0.38684341498730745
61,74061,16,0,20,36.0,1.0654927804016487,1.0654927804016487
61,74061,17,6,26,35.9,2.654746503403541,2.654746503403541
61,74061,18,5,25,39.0,2.1358377940074744,2.1358377940074744
61,74061,19,3,23,34.15,0.7594369880482492,1.3579037524449753
62,74062,0,1,21,34.1,0.5367830742842828,1.4515052042548677
62,74062,1,4,24,39.95,0.9606000878236393,0.9606000878236393
62,74062,2,4,24,38.5,0.06199418850628717,2.0001963762001767
62,74062,3,3,23,32.85,2.309914973124456,2.309914973124456
62,74062,4,2,22,34.75,2.414077507501367,2.414077507501367
62,74062,5,2,22,34.75,2.2766185476313985,2.2766185476313985
62,74062,6,7,27,36.050000000000004,0.11382178578625395,0.11382178578625395
62,74062,7,6,26,35.300000000000004,1.2290642913310752,1.2290642913310752
62,74062,8,0,20,39.6,1.3504870413473793,1.3504870413473793
62,74062,9,1,21,34.1,0.06507730530887924,0.06507730530887924
62,74062,10,5,25,37.75,0.5071038632469695,0.5071038632469695
62,74062,11,3,23,32.800000000000004,0.8449489470446605,1.2532965725972378
62,74062,12,5,25,37.75,0.6696611310036774,0.6696611310036774
62,74062,13,4,24,38.400000000000006,0.7323203749011904,0.7323203749011904
62,74062,14,0,20,39.550000000000004,1.045813063072607,2.9456436097893857
62,74062,15,6,26,35.300000000000004,1.3616760363634313,1.3616760363634313
62,74062,16,1,21,34.2,0.8009730737594823,0.8009730737594823
62,74062,17,7,27,36.0,0.599719345178395,2.5782579247138506
62,74062,18,2,22,34.75,1.7893092300871167,1.7893092300871167
62,74062,19,3,23,32.85,0.11974089803799015,0.11974089803799015
63,74063,0,0,20,35.550000000000004,0.9436325355628591,0.970170411125642
63,74063,1,1,21,35.5,0.6566122314142323,2.5110160940386335
63,74063,2,5,25,38.5,2.4101429224633204,2.4101429224633204
63,74063,3,3,23,33.1,2.24460185893036,2.24460185893036
63,74063,4,4,24,38.550000000000004,1.191336249393314,1.191336249393314
63,74063,5,2,22,34.550000000000004,0.3050587019606491,0.3050587019606491
63,74063,6,6,26,35.800000000000004,2.4447206314130674,2.4447206314130674
63,74063,7,7,27,36.300000000000004,0.05420782013161514,2.0325693231040347
63,74063,8,7,27,36.35,0.4116803083172018,0.4116803083172018
63,74063,9,0,20,35.550000000000004,0.6956526091379432,1.2371129453401883
63,74063,10,2,22,34.5,0.7139916942900728,0.7139916942900728
63,74063,11,1,21,35.800000000000004,2.3562695646689016,2.3562695646689016
63,74063,12,5,25,38.45,0.9191054899532566,2.816944723656519
63,74063,13,4,24,38.5,0.43261882006562447,2.4924166133191137
63,74063,14,6,26,35.75,1.1472147322766737,2.823158372063427
63,74063,15,0,20,35.6,1.6733097398089716,1.6733097398089716
63,74063,16,6,26,35.800000000000004,2.148009501325236,2.148009501325236
63,74063,17,1,21,35.5,0.8712215773501741,2.7427443222236185
63,74063,18,5,25,38.45,0.9937586876340312,2.8912905626564447
63,74063,19,3,23,33.1,0.07603524948371831,0.07603524948371831
64,74064,0,0,20,37.1,0.8125779147902371,2.701496073696435
64,74064,1,1,21,34.800000000000004,2.5722890340068436,2.5722890340068436
64,74064,2,2,22,35.25,1.148155788861721,1.148155788861721
64,74064,3,5,25,37.800000000000004,1.5000196623773197,1.5000196623773197
64,74064,4,5,25,37.65,0.6722623250578125,2.566802797324013
64,74064,5,2,22,35.2,0.6449533906883589,2.6181439979072625
64,74064,6,0,20,37.2,0.5687479228703949,0.5687479228703949
64,74064,7,6,26,36.25,0.6779570071666582,2.004713603556109
64,74064,8,6,26,36.300000000000004,0.6480286955758086,0.6480286955758086
64,74064,9,1,21,34.75,0.9642795565095543,2.857260149247841
64,74064,10,5,25,37.65,0.17633236674290073,2.0607761676548018
64,74064,11,3,23,32.75,1.1837428867919149,1.1837428867919149
64,74064,12,4,24,36.25,0.10139337102586993,2.161023918472168
64,74064,13,4,24,36.300000000000004,0.4517367294444626,0.4517367294444626
64,74064,14,7,27,35.35,1.273216663475408,1.273216663475408
64,74064,15,7,27,35.35,2.0049483303890683,2.0049483303890683
64,74064,16,0,20,37.2,1.3776092120766588,1.3776092120766588
64,74064,17,1,21,34.800000000000004,2.8793757610204174,2.8793757610204174
64,74064,18,2,22,35.2,0.1608783764993998,2.1197714181822915
64,74064,19,3,23,32.75,2.9984478440890294,2.9984478440890294
65,74065,0,0,20,36.25,0.6523266514630784,2.516103162928745
65,74065,1,1,21,35.65,0.0986192889595204,0.0986192889595204
65,74065,2,6,26,36.15,2.3818669797892724,2.3818669797892724
65,74065,3,4,24,36.1,0.2824016782636158,2.3423297241440335
65,74065,4,2,22,34.95,0.7130585858960511,0.7130585858960511
65,74065,5,2,22,34.95,0.55786811727808,0.55786811727808
65,74065,6,6,26,36.0,0.19292178908563848,0.19292178908563848
65,74065,7,6,26,35.95,0.9532110569220946,1.1783112517256906
65,74065,8,7,27,35.6,0.03785579232209774,0.03785579232209774
65,74065,9,7,27,35.5,0.9387404889051957,2.917639350035244
65,74065,10,4,24,36.2,0.623461294479743,1.436736979888537
65,74065,11,3,23,32.1,0.6512659142998983,1.477908068121714
65,74065,12,5,25,38.050000000000004,1.6537812750216294,1.6537812750216294
65,74065,13,5,25,38.0,0.9382276654257714,2.835260675681434
65,74065,14,7,27,35.550000000000004,0.4525167354681049,0.4525167354681049
65,74065,15,0,20,36.35,0.15522782354682108,0.15522782354682108
65,74065,16,4,24,38.050000000000004,1.3440435378243563,1.3440435378243563
65,74065,17,1,21,35.65,0.3312827265531668,0.3312827265531668
65,74065,18,2,22,34.95,0.07032303305224241,0.07032303305224241
65,74065,19,3,23,32.15,0.12242887559109936,0.12242887559109936
66,74066,0,7,27,34.95,0.06795596554050036,2.041171743921346
66,74066,1,0,20,37.85,0.9415603638922815,2.836989664246805
66,74066,2,5,25,40.300000000000004,2.7753927016679274,2.7753927016679274
66,74066,3,3,23,32.800000000000004,1.389333786567033,1.389333786567033
66,74066,4,4,24,36.7,0.8232615115150427,0.8232615115150427
66,74066,5,5,25,40.25,1.0181436188858992,2.918092071262327
66,74066,6,6,26,35.75,0.7842005197042947,0.7842005197042947
66,74066,7,1,21,35.050000000000004,2.3238486706800994,2.3238486706800994
66,74066,8,1,21,35.050000000000004,2.486127286860638,2.486127286860638
66,74066,9,1,21,35.0,0.9102394471904791,0.9102394471904791
66,74066,10,4,24,36.75,1.3427180357927004,1.3427180357927004
66,74066,11,3,23,32.75,0.33622943462661986,0.33622943462661986
66,74066,12,4,24,36.65,0.3415630918576536,1.7188496245053062
66,74066,13,2,22,35.2,0.2382855928956159,2.201487268627267
66,74066,14,7,27,35.0,1.058408574418926,1.058408574418926
66,74066,15,0,20,37.9,1.181994177018522,1.181994177018522
66,74066,16,6,26,35.75,0.6957915137120314,0.6957915137120314
66,74066,17,0,20,37.9,1.002262924467186,1.002262924467186
66,74066,18,2,22,35.25,0.12586440887979272,0.12586440887979272
66,74066,19,3,23,32.75,0.5053929450540374,2.278169116927239
67,74067,0,0,20,36.1,0.6525787286159768,0.6525787286159768
67,74067,1,1,21,35.35,0.23090459642292044,0.23090459642292044
67,74067,2,2,22,35.45,0.13517091677143986,0.13517091677143986
67,74067,3,3,23,32.5,0.27637685405673973,0.27637685405673973
67,74067,4,4,24,36.300000000000004,1.9063307643430358,1.9063307643430358
67,74067,5,2,22,35.4,0.41394231803148185,1.5716186072501686
67,74067,6,6,26,35.35,2.529876709216765,2.529876709216765
67,74067,7,6,26,35.35,0.3124286757752027,0.3124286757752027
67,74067,8,7,27,36.15,1.351695961852801,1.351695961852801
67,74067,9,6,26,35.35,0.5043227068948806,0.5043227068948806
67,74067,10,5,25,39.0,1.7884383408139104,1.7884383408139104
67,74067,11,3,23,32.4,0.6438699659456554,2.491590785312877
67,74067,12,4,24,36.25,0.8152355916818317,2.875226798181933
67,74067,13,2,22,35.35,0.8531637128523754,2.827194715620955
67,74067,14,7,27,36.1,0.1343961224866832,1.8462642576906687
67,74067,15,1,21,35.45,0.5175895120699036,0.5175895120699036
67,74067,16,0,20,36.15,2.4425948915167526,2.4425948915167526
67,74067,17,1,21,35.35,0.5777880712885144,0.5777880712885144
67,74067,18,5,25,39.0,2.2305398309791404,2.2305398309791404
67,74067,19,3,23,32.45,0.8746865250864874,1.2125425906094978
68,74068,0,0,20,36.5,0.5613811602550374,2.4298338258940073
68,74068,1,1,21,35.65,2.222069612287746,2.222069612287746
68,74068,2,5,25,40.45,2.564656388475528,2.564656388475528
68,74068,3,3,23,33.1,1.6778967478942228,1.6778967478942228
68,74068,4,2,22,33.95,2.478377787544156,2.478377787544156
68,74068,5,4,24,35.4,1.0265680210578974,1.0265680210578974
68,74068,6,6,26,37.0,2.672524772776037,2.672524772776037
68,74068,7,7,27,34.75,1.4593581741695136,1.4593581741695136
68,74068,8,6,26,37.0,2.440201002461602,2.440201002461602
68,74068,9,7,27,34.75,0.14409003022880817,0.14409003022880817
68,74068,10,2,22,33.9,0.8176737500437785,2.797528187456679
68,74068,11,4,24,35.300000000000004,0.5739510676214763,2.633950806513303
68,74068,12,4,24,35.35,0.12360333088827773,1.9366088831169597
68,74068,13,5,25,40.400000000000006,0.5024402669378012,1.3990694818890266
68,74068,14,0,20,36.550000000000004,0.8963874321266725,2.773564280439002
68,74068,15,7,27,34.75,1.7478209548581614,1.7478209548581614
68,74068,16,0,20,36.6,1.0632032143794188,1.0632032143794188
68,74068,17,1,21,35.65,2.461572781534387,2.461572781534387
68,74068,18,5,25,40.400000000000006,1.057759168104879,2.9576231541374205
68,74068,19,3,23,33.050000000000004,0.801744150815797,2.65679990715462
69,74069,0,1,21,34.1,0.2688127981056661,1.79619250423222
69,74069,1,1,21,34.15,0.15876799921867338,0.15876799921867338
69,74069,2,2,22,34.15,0.14554134228110643,0.14554134228110643
69,74069,3,3,23,32.35,1.3329638265054964,1.3329638265054964
69,74069,4,4,24,38.35,2.5090446368493784,2.5090446368493784
69,74069,5,5,25,38.550000000000004,0.4774111969423666,0.4774111969423666
69,74069,6,6,26,36.7,1.6682115137185385,1.6682115137185385
69,74069,7,0,20,38.0,0.6770663215518847,1.223225619429609
69,74069,8,0,20,38.050000000000004,0.45305844399074024,0.45305844399074024
69,74069,9,0,20,37.95,0.285519108785802,2.1786422492033553
69,74069,10,2,22,34.050000000000004,0.2292743679240682,2.2052223748259174
69,74069,11,3,23,32.300000000000004,0.2296545162732593,0.2296545162732593
69,74069,12,5,25,38.550000000000004,0.3209596974732543,0.3209596974732543
69,74069,13,2,22,34.1,0.07770309662120296,0.07770309662120296
69,74069,14,7,27,34.85,0.2483062630562177,0.2483062630562177
69,74069,15,7,27,34.85,0.9216283710614503,0.9216283710614503
69,74069,16,1,21,34.2,1.237374884131498,1.237374884131498
69,74069,17,6,26,36.7,2.323337624470284,2.323337624470284
69,74069,18,5,25,38.550000000000004,0.4693843322255657,0.4693843322255657
69,74069,19,3,23,32.300000000000004,0.47560897051288253,2.2573810887156096
70,74070,0,6,26,35.2,0.892566902126665,2.5252650276301822
70,74070,1,1,21,36.25,0.9714685423553142,2.850612404939117
70,74070,2,2,22,35.0,0.3907547182037782,0.3907547182037782
70,74070,3,5,25,37.7,0.22913820546406655,0.22913820546406655
70,74070,4,2,22,34.95,0.2393541050802829,1.754973711721384
70,74070,5,5,25,37.550000000000004,0.634437348934617,1.266802742780433
70,74070,6,6,26,35.300000000000004,0.5198821521498689,0.5198821521498689
70,74070,7,6,26,35.25,0.7176670275163994,1.5361039560309209
70,74070,8,1,21,36.300000000000004,1.2217477772834684,1.2217477772834684
70,74070,9,0,20,36.5,0.5133707015481282,2.3715552750844164
70,74070,10,3,23,34.7,1.5220166333854517,1.5220166333854517
70,74070,11,7,27,36.1,0.39337257892656025,0.39337257892656025
70,74070,12,5,25,37.550000000000004,0.5932831629909238,1.3080974687788707
70,74070,13,4,24,39.35,0.45756568214290877,1.6027201516862584
70,74070,14,7,27,34.85,0.06016295962968278,0.06016295962968278
70,74070,15,0,20,36.550000000000004,2.5060734877009936,2.5060734877009936
70,74070,16,7,27,34.85,0.5090324488344571,2.4873234533180084
70,74070,17,3,23,34.4,1.011371343560923,1.011371343560923
70,74070,18,4,24,39.400000000000006,2.884257020665963,2.884257020665963
70,74070,19,3,23,34.25,0.9984500169283773,0.9984500169283773
71,74071,0,7,27,35.7,0.45082111446304607,1.5291878547409579
71,74071,1,1,21,35.1,0.8516067483289168,2.721920424189809
71,74071,2,2,22,35.25,1.056766488322497,1.056766488322497
71,74071,3,3,23,33.95,0.2312825284652266,0.2312825284652266
71,74071,4,3,23,34.050000000000004,0.07833236527046257,0.07833236527046257
71,74071,5,5,25,40.35,2.6408698999997164,2.6408698999997164
71,74071,6,7,27,35.800000000000004,0.38395263929686146,0.38395263929686146
71,74071,7,1,21,35.15,0.9231779888710242,0.9231779888710242
71,74071,8,0,20,38.650000000000006,0.710097534659854,0.710097534659854
71,74071,9,1,21,35.050000000000004,0.9753145418424233,2.856155267673779
71,74071,10,4,24,34.95,2.3152923195179436,2.3152923195179436
71,74071,11,4,24,34.85,0.8165903734292346,1.24346444964358
71,74071,12,4,24,34.85,0.7741880877191875,2.8341876376275486
71,74071,13,2,22,35.2,0.9259517489456217,1.0555667173179386
71,74071,14,6,26,35.6,0.43960095752186623,0.43960095752186623
71,74071,15,6,26,35.6,1.11847728320222,1.11847728320222
71,74071,16,0,20,38.650000000000006,1.179192095948934,1.179192095948934
71,74071,17,0,20,38.6,1.0323828683532792,2.93168889699788
71,74071,18,2,22,35.2,0.09630022065835882,2.036119930946135
71,74071,19,7,27,36.85,1.798549726592695,1.798549726592695
72,74072,0,7,27,34.65,0.31132565763441516,2.288493322095732
72,74072,1,1,21,34.7,2.233088597250179,2.233088597250179
72,74072,2,2,22,34.45,1.7773723073553263,1.7773723073553263
72,74072,3,3,23,32.800000000000004,0.15677263350101542,0.15677263350101542
72,74072,4,4,24,34.9,0.5758112350061229,0.5758112350061229
72,74072,5,2,22,34.45,0.31926736236562436,0.31926736236562436
72,74072,6,7,27,34.75,0.24704643230399476,0.24704643230399476
72,74072,7,6,26,36.0,1.67568952766975,1.67568952766975
72,74072,8,0,20,37.5,0.5000693342690271,0.5000693342690271
72,74072,9,1,21,34.65,0.6758892530628329,2.5584054266139105
72,74072,10,2,22,34.4,0.7645143506834633,0.7645143506834633
72,74072,11,4,24,34.800000000000004,0.549349470295775,2.609341128657229
72,74072,12,5,25,38.800000000000004,2.501650925169039,2.501650925169039
72,74072,13,5,25,38.800000000000004,1.2386364231030265,1.2386364231030265
72,74072,14,6,26,36.0,0.5621212425126978,0.5621212425126978
72,74072,15,0,20,37.45,0.950430083736981,2.84350284853354
72,74072,16,0,20,37.5,0.8545709913743369,0.8545709913743369
72,74072,17,1,21,34.7,2.5700654138222374,2.5700654138222374
72,74072,18,5,25,38.800000000000004,2.6725294547874188,2.6725294547874188
72,74072,19,3,23,32.75,0.9904019133449529,1.0875422138955269
73,74073,0,1,21,34.7,0.2887679004106781,1.9335005514396384
73,74073,1,3,23,33.25,1.4579878882971489,1.4579878882971489
73,74073,2,5,25,38.300000000000004,0.6698328165834632,2.5653994856333293
73,74073,3,5,25,38.400000000000006,1.288986300450765,1.288986300450765
73,74073,4,3,23,33.25,2.410690781961266,2.410690781961266
73,74073,5,4,24,35.95,1.765758683760199,1.765758683760199
73,74073,6,6,26,35.95,1.0836552713071572,1.0836552713071572
73,74073,7,1,21,34.75,1.6735445657972408,1.6735445657972408
73,74073,8,7,27,35.300000000000004,2.7071160855525203,2.7071160855525203
73,74073,9,1,21,34.7,0.5650510661418169,0.5650510661418169
73,74073,10,2,22,34.0,0.558204240032253,0.558204240032253
73,74073,11,3,23,33.1,0.11325059747237477,0.11325059747237477
73,74073,12,4,24,35.9,0.740807944806645,2.800806008205977
73,74073,13,5,25,38.25,0.37143106841677087,1.5296736844504206
73,74073,14,6,26,35.9,0.8624944133027489,1.293616152904449
73,74073,15,0,20,37.550000000000004,0.8344308336870067,0.8344308336870067
73,74073,16,7,27,35.300000000000004,2.4651069607960716,2.4651069607960716
73,74073,17,0,20,37.550000000000004,0.47209449165549056,0.47209449165549056
73,74073,18,2,22,34.0,2.236383271532341,2.236383271532341
73,74073,19,4,24,35.9,0.49429608724019514,0.49429608724019514
74,74074,0,1,21,34.75,0.5392508045402042,0.5392508045402042
74,74074,1,3,23,32.95,0.7875085189829255,0.7875085189829255
74,74074,2,2,22,35.5,1.3989853942667956,1.3989853942667956
74,74074,3,5,25,37.800000000000004,2.691198520615072,2.691198520615072
74,74074,4,4,24,37.35,0.5411676855682666,0.5411676855682666
74,74074,5,4,24,37.35,0.43946883636803286,0.43946883636803286
74,74074,6,6,26,36.0,2.4831602903454106,2.4831602903454106
74,74074,7,6,26,36.0,0.21224975210655123,0.21224975210655123
74,74074,8,0,20,39.35,0.6008970815184257,0.6008970815184257
74,74074,9,7,27,34.25,0.29429408623143843,0.29429408623143843
74,74074,10,5,25,37.7,0.648806761141762,0.648806761141762
74,74074,11,3,23,32.800000000000004,0.9119466271979997,0.9119466271979997
74,74074,12,4,24,37.300000000000004,0.9263431800767129,0.9263431800767129
74,74074,13,2,22,35.45,0.661709397758026,1.3210099477547155
74,74074,14,0,20,39.300000000000004,0.30662557164157855,2.2063384858748125
74,74074,15,7,27,34.25,1.0739840493498731,1.0739840493498731
74,74074,16,1,21,34.85,0.19115631884178472,0.19115631884178472
74,74074,17,1,21,34.75,0.4030521374788452,2.2267982011792475
74,74074,18,5,25,37.7,0.8308995420150177,1.0693932932335874
74,74074,19,3,23,32.85,0.2516899379149179,0.2516899379149179
75,74075,0,7,27,34.85,0.1256560882344017,1.8580887513330362
75,74075,1,1,21,35.050000000000004,0.04565371841739826,0.04565371841739826
75,74075,2,2,22,35.6,1.2839575597757111,1.2839575597757111
75,74075,3,3,23,32.5,1.6618573036614661,1.6618573036614661
75,74075,4,5,25,38.650000000000006,2.4993146539623274,2.4993146539623274
75,74075,5,4,24,36.800000000000004,1.7694278125123735,1.7694278125123735
75,74075,6,0,20,37.85,1.6627279566257767,1.6627279566257767
75,74075,7,6,26,35.25,1.3642848897304818,1.3642848897304818
75,74075,8,0,20,37.85,1.6887475406994354,1.6887475406994354
75,74075,9,1,21,35.0,0.26092406204003327,0.26092406204003327
75,74075,10,5,25,38.650000000000006,1.8700358010659566,1.8700358010659566
75,74075,11,3,23,32.45,0.5661771376018528,0.5661771376018528
75,74075,12,4,24,36.75,0.343731356691952,2.4035625310671187
75,74075,13,2,22,35.550000000000004,0.8292663486056684,1.1522312824695198
75,74075,14,7,27,34.9,0.8919556983778139,0.8919556983778139
75,74075,15,6,26,35.25,1.437186141365175,1.437186141365175
75,74075,16,0,20,37.85,2.116422518636602,2.116422518636602
75,74075,17,1,21,35.050000000000004,0.21872695725973365,0.21872695725973365
75,74075,18,5,25,38.650000000000006,2.4732167348412313,2.4732167348412313
75,74075,19,3,23,32.45,0.6981763014193141,2.562839889620651
76,74076,0,1,21,35.25,0.7871335788963187,0.7871335788963187
76,74076,1,0,20,38.1,0.35474585617439286,1.5466172508371911
76,74076,2,2,22,35.2,1.7028792915468225,1.7028792915468225
76,74076,3,5,25,38.1,0.8635965769014654,0.8635965769014654
76,74076,4,4,24,36.25,2.8730291219405464,2.8730291219405464
76,74076,5,2,22,35.2,0.25558950896680077,0.25558950896680077
76,74076,6,6,26,34.95,0.28084784796151263,0.28084784796151263
76,74076,7,6,26,34.9,0.759838140354371,0.759838140354371
76,74076,8,0,20,38.15,0.29743535862884046,0.29743535862884046
76,74076,9,6,26,34.9,0.6345356841559241,0.6345356841559241
76,74076,10,5,25,37.95,0.1878443208473642,1.7194198201683197
76,74076,11,3,23,31.35,1.8301789858758202,1.8301789858758202
76,74076,12,4,24,36.25,1.0390499077493065,1.0390499077493065
76,74076,13,5,25,37.95,0.631615795730943,0.631615795730943
76,74076,14,7,27,35.0,1.3599694624988052,1.3599694624988052
76,74076,15,7,27,35.0,2.061024764597846,2.061024764597846
76,74076,16,0,20,38.15,0.7733635910323003,0.7733635910323003
76,74076,17,1,21,35.25,0.8178976254186354,2.699296160495078
76,74076,18,2,22,35.15,0.7039657076310047,2.6782532398496928
76,74076,19,1,21,35.6,0.5285387309907594,0.5285387309907594
77,74077,0,1,21,34.2,1.3558024516986356,1.3558024516986356
77,74077,1,1,21,34.2,2.6157676545123447,2.6157676545123447
77,74077,2,2,22,33.85,2.436499770161618,2.436499770161618
77,74077,3,3,23,32.95,1.539006214785468,1.539006214785468
77,74077,4,4,24,35.800000000000004,0.7406278713453803,0.7406278713453803
77,74077,5,4,24,35.800000000000004,0.6395541069990038,0.6395541069990038
77,74077,6,0,20,39.35,2.147083520610619,2.147083520610619
77,74077,7,6,26,35.45,0.2954749049684313,0.2954749049684313
77,74077,8,0,20,39.35,2.1610821836187695,2.1610821836187695
77,74077,9,1,21,34.2,0.1598020270752367,0.1598020270752367
77,74077,10,5,25,39.1,0.5225506144745042,0.5225506144745042
77,74077,11,4,24,35.7,0.2972922284034556,1.7627686575106656
77,74077,12,2,22,33.85,2.804218597161733,2.804218597161733
77,74077,13,5,25,39.050000000000004,0.33340854293403493,2.232286101432221
77,74077,14,7,27,35.1,0.2733280683082771,1.707810665639117
77,74077,15,6,26,35.45,0.38571589131246603,0.38571589131246603
77,74077,16,7,27,35.15,0.7483636085073218,0.7483636085073218
77,74077,17,0,20,39.35,1.5662294970067894,1.5662294970067894
77,74077,18,2,22,33.85,0.4812500011536529,0.4812500011536529
77,74077,19,3,23,32.9,0.6536083434326696,2.478974351453821
78,74078,0,6,26,36.1,1.0391495905073995,2.6511335587070817
78,74078,1,1,21,34.75,0.31319098280367624,2.1134877682740036
78,74078,2,4,24,36.85,2.525520170344074,2.525520170344074
78,74078,3,3,23,32.95,0.4410034534484048,1.9640963215016392
78,74078,4,3,23,33.050000000000004,2.7428587741859944,2.7428587741859944
78,74078,5,2,22,35.65,2.9748590606687433,2.9748590606687433
78,74078,6,7,27,35.050000000000004,0.13074526365009367,0.13074526365009367
78,74078,7,0,20,37.300000000000004,0.8563897945292652,2.746013055086558
78,74078,8,6,26,36.2,1.0596169192955607,1.0596169192955607
78,74078,9,1,21,34.7,0.5007977948162293,2.363717014483712
78,74078,10,5,25,37.5,2.408208442701683,2.408208442701683
78,74078,11,3,23,32.9,0.2678393129014802,0.2678393129014802
78,74078,12,5,25,37.5,2.5826261029309863,2.5826261029309863
78,74078,13,2,22,35.65,1.2407321725600124,1.2407321725600124
78,74078,14,1,21,34.85,1.5294706547595731,1.5294706547595731
78,74078,15,7,27,35.0,0.10777731451897957,1.8754613383774075
78,74078,16,0,20,37.35,2.735018973387508,2.735018973387508
78,74078,17,0,20,37.35,1.4211794467526102,1.4211794467526102
78,74078,18,4,24,36.85,0.5423918533400381,0.5423918533400381
78,74078,19,4,24,36.7,0.33851643981920065,2.398401464837504
79,74079,0,3,23,35.75,0.5981506004337351,0.5981506004337351
79,74079,1,1,21,35.85,0.9467117013208253,2.831367188521938
79,74079,2,2,22,34.1,0.3989052267351569,2.3772766458808605
79,74079,3,2,22,34.4,0.5142678435259038,0.5142678435259038
79,74079,4,3,23,34.550000000000004,0.74945567073707,0.74945567073707
79,74079,5,2,22,34.1,0.7864308703851888,0.7864308703851888
79,74079,6,6,26,36.15,1.1290242069049514,1.1290242069049514
79,74079,7,0,20,36.800000000000004,2.166516562898267,2.166516562898267
79,74079,8,1,21,35.9,1.2398646672804603,1.2398646672804603
79,74079,9,0,20,36.800000000000004,0.5714708479801344,0.5714708479801344
79,74079,10,4,24,37.1,0.846995870626783,0.846995870626783
79,74079,11,5,25,37.1,1.3869776894949752,1.3869776894949752
79,74079,12,4,24,37.0,0.9085453140863385,0.9085453140863385
79,74079,13,4,24,37.0,0.262441019446584,1.7982346312399944
79,74079,14,6,26,36.1,0.859381624059346,1.3100574174300506
79,74079,15,7,27,34.15,0.23993857231553845,1.7537245963145613
79,74079,16,7,27,34.2,0.3583656869549382,0.3583656869549382
79,74079,17,1,21,35.9,0.17771831769007454,0.17771831769007454
79,74079,18,5,25,37.0,0.5808181220078452,0.5808181220078452
79,74079,19,3,23,34.4,0.8260661902043896,1.242510961087915
80,74080,0,2,22,34.4,2.5722980206909156,2.5722980206909156
80,74080,1,0,20,37.1,0.34391985911539097,0.34391985911539097
80,74080,2,2,22,34.050000000000004,0.36186060883339893,1.6219642934454221
80,74080,3,3,23,34.35,0.03888865235243285,0.03888865235243285
80,74080,4,3,23,34.45,0.14260396085657043,0.14260396085657043
80,74080,5,6,26,37.25,1.1405503893984452,1.1405503893984452
80,74080,6,7,27,36.050000000000004,2.2930811883329048,2.2930811883329048
80,74080,7,1,21,35.800000000000004,0.6689327144747794,1.3026391141182119
80,74080,8,7,27,36.050000000000004,1.8608891584961207,1.8608891584961207
80,74080,9,0,20,37.050000000000004,0.6814490124625904,1.2223781450238882
80,74080,10,5,25,38.400000000000006,1.8426920301687335,1.8426920301687335
80,74080,11,4,24,34.800000000000004,0.03491807486166919,2.0255147583684723
80,74080,12,5,25,38.400000000000006,2.0843284000353908,2.0843284000353908
80,74080,13,5,25,38.400000000000006,0.5890075527826496,0.5890075527826496
80,74080,14,0,20,37.1,1.093413776555226,1.093413776555226
80,74080,15,3,23,35.550000000000004,2.003468971438485,2.003468971438485
80,74080,16,6,26,36.4,1.2166781507695188,2.9180996578890754
80,74080,17,1,21,35.800000000000004,0.27091396778754584,0.27091396778754584
80,74080,18,4,24,34.9,2.2322248524949884,2.2322248524949884
80,74080,19,1,21,36.1,0.07147525246219918,0.07147525246219918
81,74081,0,0,20,37.2,0.9435132984424951,2.8333859045610956
81,74081,1,1,21,34.95,0.26370630274207923,0.26370630274207923
81,74081,2,5,25,40.45,1.2324648871794472,1.2324648871794472
81,74081,3,3,23,32.85,1.3366454926956899,1.3366454926956899
81,74081,4,4,24,35.5,1.7255103490645072,1.7255103490645072
81,74081,5,2,22,34.4,1.5198782745764394,1.5198782745764394
81,74081,6,6,26,35.65,2.81900309581383,2.81900309581383
81,74081,7,7,27,34.75,0.12377249908031115,0.12377249908031115
81,74081,8,0,20,37.300000000000004,1.3570432279783762,1.3570432279783762
81,74081,9,1,21,34.9,0.39969629147702596,0.39969629147702596
81,74081,10,2,22,34.35,0.07263193383270512,1.9344340027439615
81,74081,11,4,24,35.45,0.8786666409702867,0.8786666409702867
81,74081,12,4,24,35.45,0.6786388284600959,2.7386278422639085
81,74081,13,5,25,40.35,0.7606843432641708,2.6603607135621754
81,74081,14,6,26,35.65,0.12967841060684349,0.12967841060684349
81,74081,15,6,26,35.65,0.8050653346110475,0.8050653346110475
81,74081,16,7,27,34.75,2.1313356292883636,2.1313356292883636
81,74081,17,1,21,34.95,0.3972014864846885,0.3972014864846885
81,74081,18,2,22,34.4,0.8282970382338836,0.8282970382338836
81,74081,19,3,23,32.800000000000004,0.5212029548034912,2.289464135295243
82,74082,0,7,27,34.6,0.1304808014229535,2.095024732405056
82,74082,1,1,21,35.300000000000004,0.4550135423758973,2.299232373116377
82,74082,2,2,22,35.25,0.8361565361131628,0.8361565361131628
82,74082,3,3,23,32.65,0.8585348572997633,0.8585348572997633
82,74082,4,4,24,35.050000000000004,0.6039378712295759,0.6039378712295759
82,74082,5,2,22,35.2,0.3480368762277418,2.317003085674647
82,74082,6,0,20,37.800000000000004,1.3522403388969109,1.3522403388969109
82,74082,7,1,21,35.35,0.21451212132361888,0.21451212132361888
82,74082,8,6,26,36.45,2.887795240776387,2.887795240776387
82,74082,9,7,27,34.65,0.48637422725332063,0.48637422725332063
82,74082,10,5,25,38.95,1.1881369061039078,1.1881369061039078
82,74082,11,4,24,34.95,0.6525496024291728,2.7125470118839927
82,74082,12,4,24,35.0,0.42151421757313456,1.6386185175330275
82,74082,13,2,22,35.2,0.6711087868456688,0.6711087868456688
82,74082,14,6,26,36.4,1.064416817349991,2.7118083196802214
82,74082,15,0,20,37.800000000000004,1.0800684008419594,1.0800684008419594
82,74082,16,0,20,37.800000000000004,1.9482327472373115,1.9482327472373115
82,74082,17,1,21,35.300000000000004,0.6785150064717922,2.5511320222618625
82,74082,18,5,25,38.95,1.6001447821419132,1.6001447821419132
82,74082,19,3,23,32.6,0.43073173890865524,1.8717938446130764
83,74083,0,0,20,36.6,0.15509532377315927,0.15509532377315927
83,74083,1,1,21,35.4,0.05147856175800031,0.05147856175800031
83,74083,2,2,22,35.15,2.7475736472542693,2.7475736472542693
83,74083,3,3,23,33.1,1.557086774145946,1.557086774145946
83,74083,4,4,24,35.800000000000004,0.31639766035317235,0.31639766035317235
83,74083,5,5,25,38.550000000000004,1.7295106182613451,1.7295106182613451
83,74083,6,6,26,35.5,1.8147288825840142,1.8147288825840142
83,74083,7,7,27,35.35,0.13312258374718244,2.1126753491610124
83,74083,8,1,21,35.4,1.3964404050658377,1.3964404050658377
83,74083,9,1,21,35.300000000000004,1.0447819695693943,2.9466068145676383
83,74083,10,4,24,35.85,0.5000167403413441,0.5000167403413441
83,74083,11,4,24,35.7,0.031300564259605326,2.0289168574419016
83,74083,12,5,25,38.550000000000004,1.3993929955684183,1.3993929955684183
83,74083,13,5,25,38.5,1.0107824333101945,2.9088552477359833
83,74083,14,0,20,36.65,0.4757959636347397,0.4757959636347397
83,74083,15,0,20,36.65,0.7279124087325757,0.7279124087325757
83,74083,16,6,26,35.5,1.7376753909321443,1.7376753909321443
83,74083,17,7,27,35.4,0.12988602962806065,0.12988602962806065
83,74083,18,2,22,35.15,0.8828232652584582,0.8828232652584582
83,74083,19,3,23,33.050000000000004,0.6388737942599779,2.4537363241650807
84,74084,0,6,26,35.75,0.6830009896710793,2.0430816236781366
84,74084,1,1,21,34.65,1.4125338754025218,1.4125338754025218
84,74084,2,2,22,34.75,1.8136652399520123,1.8136652399520123
84,74084,3,3,23,32.6,0.9657346174605181,0.9657346174605181
84,74084,4,7,27,36.75,0.4113424450227381,0.4113424450227381
84,74084,5,5,25,40.150000000000006,2.6885124204278323,2.6885124204278323
84,74084,6,7,27,35.85,0.14246021963167255,0.14246021963167255
84,74084,7,6,26,35.800000000000004,0.8529733603655439,1.3502902497656868
84,74084,8,0,20,38.15,0.8327481231759138,0.8327481231759138
84,74084,9,1,21,34.6,0.2473494435874301,1.8699947730782494
84,74084,10,2,22,34.7,0.9172275788015526,1.064726813490087
84,74084,11,3,23,32.550000000000004,0.11498457223768989,0.11498457223768989
84,74084,12,4,24,36.7,0.9090519804441818,0.9090519804441818
84,74084,13,4,24,36.7,1.7604219293521786,1.7604219293521786
84,74084,14,0,20,38.1,0.7763946320551859,2.674607208547374
84,74084,15,0,20,38.1,1.0614466786395562,2.9596560256981683
84,74084,16,7,27,35.85,0.04924825744795399,0.04924825744795399
84,74084,17,6,26,35.85,0.6796350988554718,0.6796350988554718
84,74084,18,5,25,40.150000000000006,2.8479707096376328,2.8479707096376328
84,74084,19,3,23,32.550000000000004,0.4189122605601888,1.8796890227875696
85,74085,0,7,27,34.550000000000004,0.1608119762057168,1.8306461688908937
85,74085,1,1,21,35.85,0.5978671794511972,0.5978671794511972
85,74085,2,5,25,37.9,1.3253294889524307,1.3253294889524307
85,74085,3,3,23,33.5,0.859816247148136,0.859816247148136
85,74085,4,3,23,33.6,1.0466550038503246,1.0466550038503246
85,74085,5,4,24,36.0,0.6236995931906563,2.68369892580269
85,74085,6,6,26,35.45,2.459794218519208,2.459794218519208
85,74085,7,0,20,36.7,0.2317058740657355,0.2317058740657355
85,74085,8,1,21,35.85,1.982596461718259,1.982596461718259
85,74085,9,0,20,36.65,0.28614103671136687,1.6533620093986252
85,74085,10,2,22,34.45,0.23969474073586072,2.2116373098007833
85,74085,11,4,24,35.95,0.7592656619127216,0.7592656619127216
85,74085,12,5,25,37.85,0.11602104636722065,1.79076814658279
85,74085,13,2,22,34.45,0.9668948444472509,2.944229518665297
85,74085,14,2,22,34.65,1.0219147803956818,1.0219147803956818
85,74085,15,7,27,34.6,1.8723742871752544,1.8723742871752544
85,74085,16,6,26,35.45,2.385571307938572,2.385571307938572
85,74085,17,1,21,35.85,0.896712543346048,0.896712543346048
85,74085,18,4,24,36.050000000000004,2.001162339224468,2.001162339224468
85,74085,19,3,23,33.45,0.6049093387667224,1.567195028243471
86,74086,0,1,21,34.300000000000004,0.2887835309495072,1.784968336009505
86,74086,1,1,21,34.35,0.09164128671123394,0.09164128671123394
86,74086,2,4,24,35.9,0.7627231308483514,0.7627231308483514
86,74086,3,3,23,33.050000000000004,2.0808517682188366,2.0808517682188366
86,74086,4,5,25,38.550000000000004,0.31059403554062714,0.31059403554062714
86,74086,5,5,25,38.5,0.9173673078118748,2.814514967275258
86,74086,6,6,26,35.35,0.4512361125397019,0.4512361125397019
86,74086,7,0,20,37.25,0.4532943085063081,0.4532943085063081
86,74086,8,7,27,36.45,0.4403499004804245,0.4403499004804245
86,74086,9,1,21,34.300000000000004,0.5376941915420316,0.5376941915420316
86,74086,10,4,24,35.85,0.30932715545306744,2.3693191290702327
86,74086,11,4,24,35.75,0.9353098017414099,0.9353098017414099
86,74086,12,5,25,38.5,0.8057555967258175,2.703074440137386
86,74086,13,2,22,35.35,2.065544342956073,2.065544342956073
86,74086,14,7,27,36.4,0.9329057734788334,0.9329057734788334
86,74086,15,6,26,35.300000000000004,0.6179126974827935,1.84444989415925
86,74086,16,0,20,37.300000000000004,0.5142095478406147,0.5142095478406147
86,74086,17,0,20,37.25,0.20774709154739449,2.07194699426906
86,74086,18,2,22,35.35,2.9532740163057234,2.9532740163057234
86,74086,19,3,23,33.050000000000004,0.2438350084544197,0.2438350084544197
87,74087,0,6,26,35.15,0.12088657919962369,0.12088657919962369
87,74087,1,1,21,34.2,0.4291432397114807,1.5621646749350693
87,74087,2,2,22,34.550000000000004,2.2818061542593147,2.2818061542593147
87,74087,3,4,24,36.4,0.6813552207099329,1.378785950607119
87,74087,4,5,25,38.6,0.7782249482732648,0.7782249482732648
87,74087,5,4,24,36.45,0.2974564916836945,0.2974564916836945
87,74087,6,0,20,39.25,0.11784937356887296,0.11784937356887296
87,74087,7,7,27,34.65,1.817838072466781,1.817838072466781
87,74087,8,0,20,39.25,0.12024819391274168,0.12024819391274168
87,74087,9,1,21,34.15,0.26342205307946154,2.0714766841175556
87,74087,10,2,22,34.5,0.4665686524131661,1.5173002689203932
87,74087,11,3,23,32.6,0.9981453621177204,0.9981453621177204
87,74087,12,5,25,38.6,0.6393505450360036,0.6393505450360036
87,74087,13,4,24,36.4,0.19243177144913026,1.8680525561172194
87,74087,14,6,26,35.15,1.8015298299134435,1.8015298299134435
87,74087,15,7,27,34.65,2.258082491975399,2.258082491975399
87,74087,16,1,21,34.25,2.5159293081554828,2.5159293081554828
87,74087,17,0,20,39.2,0.5213480864210176,2.421211111703268
87,74087,18,5,25,38.6,0.7284306030148108,0.7284306030148108
87,74087,19,3,23,32.6,2.8512551136308066,2.8512551136308066
88,74088,0,0,20,37.95,0.7614258659169213,0.7614258659169213
88,74088,1,1,21,34.45,1.7486986362654935,1.7486986362654935
88,74088,2,4,24,38.800000000000004,1.7198033739312601,1.7198033739312601
88,74088,3,3,23,32.550000000000004,2.933054272705656,2.933054272705656
88,74088,4,4,24,38.7,0.3369175606586234,2.396622087383862
88,74088,5,5,25,38.15,2.113881316887819,2.113881316887819
88,74088,6,7,27,35.25,0.8880194731500143,2.8679886621243718
88,74088,7,1,21,34.45,2.7544814706563208,2.7544814706563208
88,74088,8,7,27,35.25,0.6862861521740159,2.666274848534507
88,74088,9,1,21,34.4,0.2369964982330169,1.8542346633198283
88,74088,10,2,22,34.4,0.24530872613887925,2.2187074945356318
88,74088,11,7,27,36.4,1.6078144517346264,1.6078144517346264
88,74088,12,5,25,38.15,1.9877500361519365,1.9877500361519365
88,74088,13,4,24,38.7,1.0186083620075668,1.0186083620075668
88,74088,14,0,20,38.0,1.165645992032553,1.165645992032553
88,74088,15,6,26,35.1,0.8768303373148504,0.8768303373148504
88,74088,16,6,26,35.1,2.2348565190825296,2.2348565190825296
88,74088,17,0,20,38.0,1.3618980130070684,1.3618980130070684
88,74088,18,2,22,34.45,0.879822498826227,0.879822498826227
88,74088,19,3,23,32.550000000000004,0.6817720898482527,0.6817720898482527
89,74089,0,7,27,34.4,0.7892306859364872,1.19235299644978
89,74089,1,0,20,37.15,2.6637310777203274,2.6637310777203274
89,74089,2,4,24,36.65,0.33716025071840433,0.33716025071840433
89,74089,3,3,23,32.1,1.1952453448654563,1.1952453448654563
89,74089,4,4,24,36.550000000000004,0.35459165095291867,1.7058159678438098
89,74089,5,2,22,34.35,1.6367867985406186,1.6367867985406186
89,74089,6,6,26,36.050000000000004,0.15255231678010683,0.15255231678010683
89,74089,7,0,20,37.15,1.9846044285188789,1.9846044285188789
89,74089,8,1,21,35.300000000000004,0.40210949229446635,1.604608195726346
89,74089,9,0,20,37.15,0.43849222168605245,0.43849222168605245
89,74089,10,2,22,34.300000000000004,0.05970971871709086,2.0073680521212043
89,74089,11,3,23,32.050000000000004,0.08939991116382094,0.08939991116382094
89,74089,12,5,25,38.7,1.8688701236578462,1.8688701236578462
89,74089,13,5,25,38.7,0.6034642099417945,0.6034642099417945
89,74089,14,6,26,36.0,0.32910226483919447,0.32910226483919447
89,74089,15,1,21,35.4,0.03827648184264916,0.03827648184264916
89,74089,16,7,27,34.5,0.46206635148989134,0.46206635148989134
89,74089,17,1,21,35.300000000000004,0.2935137986650426,0.2935137986650426
89,74089,18,5,25,38.7,2.0314976272688043,2.0314976272688043
89,74089,19,4,24,36.45,0.8796068358434785,2.93960096054674
90,74090,0,7,27,34.25,0.9266003559256187,0.9266003559256187
90,74090,1,1,21,34.300000000000004,0.6692063556958231,0.6692063556958231
90,74090,2,5,25,39.5,0.9427500656210963,0.9427500656210963
90,74090,3,2,22,34.1,1.2409752345373322,1.2409752345373322
90,74090,4,5,25,39.45,0.6273695717137825,1.273287524565885
90,74090,5,4,24,37.050000000000004,0.5582073900028751,0.5582073900028751
90,74090,6,0,20,37.25,1.2854911216700062,1.2854911216700062
90,74090,7,0,20,37.2,0.12416434942407698,1.8197881294513685
90,74090,8,6,26,36.800000000000004,1.565769702325386,1.565769702325386
90,74090,9,1,21,34.25,0.8706048075108719,1.0842602291802805
90,74090,10,2,22,33.75,0.2734911005090205,1.7078934454293337
90,74090,11,3,23,32.550000000000004,0.8843912413932551,1.2040206481407234
90,74090,12,4,24,37.0,1.0060683841552367,1.0060683841552367
90,74090,13,2,22,33.75,0.38477874864131434,2.3643226904928825
90,74090,14,6,26,36.75,0.7313742719165361,1.5446868745890554
90,74090,15,0,20,37.25,0.7684388752797217,0.7684388752797217
90,74090,16,1,21,34.35,1.4927166585532434,1.4927166585532434
90,74090,17,6,26,36.800000000000004,1.8218623061549468,1.8218623061549468
90,74090,18,5,25,39.45,0.5290461850778759,1.3715618141818753
90,74090,19,3,23,32.6,0.25157973972106734,0.25157973972106734
91,74091,0,7,27,35.15,0.6974230552507069,2.6771158964208515
91,74091,1,1,21,36.0,0.3545022309418889,0.3545022309418889
91,74091,2,5,25,38.5,0.5667941627364756,0.5667941627364756
91,74091,3,4,24,36.2,0.06869183535464848,2.1284089018777963
91,74091,4,4,24,36.2,0.9193334967717932,2.979333354480741
91,74091,5,2,22,34.85,2.1764501324736396,2.1764501324736396
91,74091,6,0,20,37.25,1.467079645941438,1.467079645941438
91,74091,7,6,26,36.75,1.249709353858794,2.93377501118965
91,74091,8,7,27,35.25,1.0118608378782863,1.0118608378782863
91,74091,9,0,20,37.2,0.6583621434125189,0.6583621434125189
91,74091,10,4,24,36.300000000000004,0.4641957571734884,0.4641957571734884
91,74091,11,3,23,32.25,0.8461435741780884,1.244389947996246
91,74091,12,5,25,38.45,0.8988655317306365,1.0011385637643306
91,74091,13,6,26,37.550000000000004,1.7887738071366615,1.7887738071366615
91,74091,14,6,26,36.75,0.6572659398798272,1.6540491911588853
91,74091,15,7,27,35.2,0.832933024002489,2.8122325972521023
91,74091,16,0,20,37.25,2.1274555371125206,2.1274555371125206
91,74091,17,1,21,36.0,0.654608138997943,0.654608138997943
91,74091,18,2,22,34.85,1.5998471034930977,1.5998471034930977
91,74091,19,3,23,32.300000000000004,0.14692629762703577,0.14692629762703577
92,74092,0,7,27,34.800000000000004,0.5135578462416258,0.5135578462416258
92,74092,1,6,26,35.550000000000004,0.9644975492431834,2.529850617507201
92,74092,2,5,25,39.150000000000006,0.11104935443199547,2.010220009930619
92,74092,3,4,24,36.4,0.06858097504950228,1.9920548271738632
92,74092,4,3,23,32.85,2.7146201418134774,2.7146201418134774
92,74092,5,5,25,39.1,0.33826526457415934,2.238143831591222
92,74092,6,7,27,34.85,1.9954666293301522,1.9954666293301522
92,74092,7,5,25,40.300000000000004,1.2570836705974553,1.2570836705974553
92,74092,8,1,21,35.15,0.33857492218202034,2.155450531764759
92,74092,9,6,26,35.550000000000004,1.019353107243257,1.133098168024321
92,74092,10,2,22,34.25,0.5982098634218372,0.5982098634218372
92,74092,11,3,23,32.7,0.1344750441801019,0.1344750441801019
92,74092,12,4,24,36.4,0.6995848212094552,1.3607740939337916
92,74092,13,2,22,34.25,1.2238155432398763,1.2238155432398763
92,74092,14,0,20,37.75,2.179218664908112,2.179218664908112
92,74092,15,0,20,37.75,2.4390197783619154,2.4390197783619154
92,74092,16,1,21,35.2,1.6875813506176849,1.6875813506176849
92,74092,17,6,26,35.6,0.14174717855338442,0.14174717855338442
92,74092,18,4,24,36.45,2.831808659034765,2.831808659034765
92,74092,19,3,23,32.7,0.4900206645986233,2.2315485643248003
93,74093,0,1,21,35.7,0.49144140735035996,0.49144140735035996
93,74093,1,0,20,39.300000000000004,0.656785312119945,0.656785312119945
93,74093,2,4,24,35.95,0.5810951741201538,0.5810951741201538
93,74093,3,1,21,35.95,2.2883300887614735,2.2883300887614735
93,74093,4,4,24,35.85,0.10876384446644666,1.9516167335709376
93,74093,5,2,22,35.95,1.3363041328321639,1.3363041328321639
93,74093,6,1,21,35.800000000000004,0.6996565573816981,0.6996565573816981
93,74093,7,7,27,35.45,2.958063611609706,2.958063611609706
93,74093,8,0,20,39.300000000000004,2.5602440219615987,2.5602440219615987
93,74093,9,3,23,32.95,0.6415190884504478,0.6415190884504478
93,74093,10,5,25,37.4,2.4398635462096796,2.4398635462096796
93,74093,11,4,24,35.800000000000004,0.4694182494234497,0.4694182494234497
93,74093,12,5,25,37.4,2.6371625424393956,2.6371625424393956
93,74093,13,2,22,35.9,0.6646219634550179,2.635752047031052
93,74093,14,7,27,35.45,2.2393060178580577,2.2393060178580577
93,74093,15,6,26,34.95,0.5943317703701344,1.8231666570155989
93,74093,16,6,26,35.0,0.16944136091061834,0.16944136091061834
93,74093,17,0,20,39.300000000000004,2.038868321063623,2.038868321063623
93,74093,18,2,22,35.95,0.6513518252383059,0.6513518252383059
93,74093,19,3,23,32.800000000000004,0.9087760051880163,2.7875089161806494
94,74094,0,3,23,35.4,0.5380550903633478,0.5380550903633478
94,74094,1,1,21,35.5,0.4781024590387342,1.5227089179130862
94,74094,2,5,25,39.5,2.6610338067054418,2.6610338067054418
94,74094,3,1,21,35.75,2.0925017299841437,2.0925017299841437
94,74094,4,5,25,39.45,1.043459582943056,2.9431048646825224
94,74094,5,4,24,36.85,1.9084480053135462,1.9084480053135462
94,74094,6,0,20,39.2,0.9630580137346542,0.9630580137346542
94,74094,7,6,26,35.800000000000004,0.6730419777502399,1.8489690645424472
94,74094,8,0,20,39.2,0.979028092839048,0.979028092839048
94,74094,9,1,21,35.45,0.3240413201471963,1.7247950089124542
94,74094,10,2,22,34.35,0.8830485645498406,0.8830485645498406
94,74094,11,3,23,33.7,0.6478501321519964,1.463289563598314
94,74094,12,4,24,36.800000000000004,0.035668278285802726,2.026717953609893
94,74094,13,4,24,36.85,0.7490836310813357,0.7490836310813357
94,74094,14,7,27,34.95,0.8651693427435302,0.8651693427435302
94,74094,15,7,27,34.95,1.606931730296666,1.606931730296666
94,74094,16,6,26,35.85,0.4119264246961863,0.4119264246961863
94,74094,17,0,20,39.2,0.4132676742652319,0.4132676742652319
94,74094,18,2,22,34.35,2.5186901207134524,2.5186901207134524
94,74094,19,3,23,33.75,0.2500360571504819,0.2500360571504819
95,74095,0,1,21,34.4,0.28698685562126836,1.8039376021379925
95,74095,1,1,21,34.45,0.03625764054552719,0.03625764054552719
95,74095,2,2,22,33.6,0.25556941213777934,2.2353812995998488
95,74095,3,2,22,33.9,0.8905517266714817,0.8905517266714817
95,74095,4,5,25,40.6,1.707513895085439,1.707513895085439
95,74095,5,4,24,37.45,0.3774793123492693,0.3774793123492693
95,74095,6,7,27,35.0,1.7200081074703994,1.7200081074703994
95,74095,7,6,26,35.4,0.6850396213109211,2.1358182429072112
95,74095,8,0,20,39.35,1.9430040616153292,1.9430040616153292
95,74095,9,1,21,34.4,0.47672498650129685,0.47672498650129685
95,74095,10,2,22,33.550000000000004,0.6038127920228017,1.3772516062855444
95,74095,11,3,23,32.45,0.2686477373948967,0.2686477373948967
95,74095,12,4,24,37.4,0.6364362202878754,0.6364362202878754
95,74095,13,5,25,40.550000000000004,0.8723817751608061,2.7721701536397227
95,74095,14,0,20,39.35,0.6724416916682258,0.6724416916682258
95,74095,15,6,26,35.4,0.8195027173956954,2.411440788579684
95,74095,16,7,27,35.0,1.7878123790560654,1.7878123790560654
95,74095,17,6,26,35.45,1.1267599041893388,1.1267599041893388
95,74095,18,4,24,37.45,2.6154635764232808,2.6154635764232808
95,74095,19,3,23,32.45,2.1854026906035138,2.1854026906035138
96,74096,0,7,27,34.800000000000004,0.9101065709115225,2.888805859549653
96,74096,1,1,21,34.5,0.017453268220952656,0.017453268220952656
96,74096,2,4,24,37.300000000000004,0.04683357741698704,2.1050625425649137
96,74096,3,3,23,33.25,0.7300627449952591,2.547420006190564
96,74096,4,3,23,33.35,2.973298582287804,2.973298582287804
96,74096,5,4,24,37.2,0.5846731924614926,2.644598700078593
96,74096,6,6,26,36.300000000000004,0.4294855714755876,0.4294855714755876
96,74096,7,7,27,34.85,2.130940302047684,2.130940302047684
96,74096,8,0,20,37.300000000000004,0.1927872038622341,0.1927872038622341
96,74096,9,0,20,37.2,0.24551368595565623,1.671508650403946
96,74096,10,2,22,34.6,1.0352077102971686,1.0352077102971686
96,74096,11,5,25,36.800000000000004,1.1667127616416977,1.1667127616416977
96,74096,12,5,25,36.65,0.94099967675995,2.8384676681547347
96,74096,13,2,22,34.6,1.644804191481122,1.644804191481122
96,74096,14,0,20,37.25,0.09871742455219502,1.8676215553078996
96,74096,15,1,21,34.550000000000004,2.9847264232481376,2.9847264232481376
96,74096,16,4,24,38.75,0.3492682689290228,0.3492682689290228
96,74096,17,6,26,36.300000000000004,1.0370614824108682,1.0370614824108682
96,74096,18,5,25,36.65,0.8476247818407757,2.7441247254936663
96,74096,19,3,23,33.25,0.1125550105557698,0.1125550105557698
97,74097,0,1,21,34.5,0.550156313502442,1.428084649642771
97,74097,1,1,21,34.5,0.8812070926279344,2.773010253023852
97,74097,2,2,22,34.5,2.7936637512794182,2.7936637512794182
97,74097,3,3,23,32.550000000000004,0.9327832514566746,0.9327832514566746
97,74097,4,4,24,38.95,1.1813454281260125,1.1813454281260125
97,74097,5,5,25,38.550000000000004,1.3643527230376506,1.3643527230376506
97,74097,6,6,26,34.85,1.1089158197667721,1.1089158197667721
97,74097,7,0,20,39.150000000000006,0.4641779884453379,2.364064550694812
97,74097,8,0,20,39.2,1.5767411905526614,1.5767411905526614
97,74097,9,6,26,34.800000000000004,0.8520127549351713,2.438019991980656
97,74097,10,2,22,34.45,0.07344455756960953,2.0238217677410466
97,74097,11,3,23,32.5,0.15145681027917293,0.15145681027917293
97,74097,12,5,25,38.550000000000004,1.1612504168650055,1.1612504168650055
97,74097,13,4,24,38.900000000000006,0.3869129150232082,2.4466378565181817
97,74097,14,7,27,35.050000000000004,1.165844329232951,1.165844329232951
97,74097,15,7,27,35.050000000000004,1.8879502559691865,1.8879502559691865
97,74097,16,6,26,34.85,0.9300260611688497,0.9300260611688497
97,74097,17,1,21,34.550000000000004,0.11959496492906911,0.11959496492906911
97,74097,18,5,25,38.550000000000004,1.4033858563198205,1.4033858563198205
97,74097,19,3,23,32.5,0.42527363496520937,1.8512113204822773
98,74098,0,6,26,35.2,0.1293227504518864,0.1293227504518864
98,74098,1,1,21,35.050000000000004,1.6276859056101638,1.6276859056101638
98,74098,2,2,22,33.6,2.312044339815785,2.312044339815785
98,74098,3,3,23,32.7,0.25831564362429654,0.25831564362429654
98,74098,4,4,24,38.800000000000004,0.5857010631506929,0.5857010631506929
98,74098,5,4,24,38.800000000000004,0.42347954137971544,0.42347954137971544
98,74098,6,6,26,35.25,1.6186026125587039,1.6186026125587039
98,74098,7,7,27,35.4,0.07345212499773204,0.07345212499773204
98,74098,8,6,26,35.25,1.6583611539677872,1.6583611539677872
98,74098,9,1,21,35.0,0.2681246685003495,1.8796695073241412
98,74098,10,2,22,33.550000000000004,0.3650859146276159,1.615594483245657
98,74098,11,3,23,32.6,0.41343697642359617,2.0112106184552423
98,74098,12,2,22,33.6,2.5063145048453754,2.5063145048453754
98,74098,13,5,25,39.75,1.3876073323947546,1.3876073323947546
98,74098,14,7,27,35.35,0.7932370744476319,2.7731393243935814
98,74098,15,0,20,37.2,1.2184109037656385,1.2184109037656385
98,74098,16,0,20,37.2,2.1764674152660826,2.1764674152660826
98,74098,17,0,20,37.2,0.7381815511918247,0.7381815511918247
98,74098,18,5,25,39.75,2.81957328308127,2.81957328308127
98,74098,19,3,23,32.65,0.7189674022720706,0.7189674022720706
99,74099,0,1,21,33.85,0.5918043472546188,2.4652251779559
99,74099,1,0,20,37.6,0.12873013987297988,0.12873013987297988
99,74099,2,5,25,39.800000000000004,2.3619005294108875,2.3619005294108875
99,74099,3,3,23,32.4,2.418304229037052,2.418304229037052
99,74099,4,5,25,39.75,0.7639494930909413,2.663914049638535
99,74099,5,2,22,33.75,0.34065634186535126,1.6408693343151088
99,74099,6,0,20,37.6,1.6806341300103644,1.6806341300103644
99,74099,7,7,27,35.85,0.030076236074735408,0.030076236074735408
99,74099,8,6,26,36.65,1.1994833153611593,1.1994833153611593
99,74099,9,1,21,33.85,0.5200662729497638,1.457074304598974
99,74099,10,2,22,33.7,0.26478177265582886,2.2444367424010143
99,74099,11,3,23,32.35,0.8905729699143783,1.1933969994646536
99,74099,12,4,24,36.6,0.8703892403774788,0.8703892403774788
99,74099,13,4,24,36.6,1.716124109398433,1.716124109398433
99,74099,14,7,27,35.800000000000004,0.7834282766529935,2.7633549980612324
99,74099,15,0,20,37.6,1.3656267535114688,1.3656267535114688
99,74099,16,1,21,33.95,2.022615637209853,2.022615637209853
99,74099,17,6,26,36.65,1.4732602646882804,1.4732602646882804
99,74099,18,5,25,39.75,0.8790695936647756,2.778999998180144
99,74099,19,2,22,34.0,1.5302067684870075,1.5302067684870075
100,74100,0,7,27,34.75,0.21024366921663923,1.7720365193813423
100,74100,1,1,21,35.6,0.8339723713026949,2.711732434003019
100,74100,2,2,22,34.2,0.04409465163284491,0.04409465163284491
100,74100,3,3,23,34.35,0.7369162667472517,1.3916195464866252
100,74100,4,3,23,34.45,0.7787089447940995,0.7787089447940995
100,74100,5,5,25,37.2,0.5526114328963523,2.4474897166416394
100,74100,6,7,27,34.85,0.21699919052550784,0.21699919052550784
100,74100,7,6,26,35.95,0.21033848459908827,0.21033848459908827
100,74100,8,6,26,35.95,1.7530311370963156,1.7530311370963156
100,74100,9,0,20,37.0,0.5579828952091074,0.5579828952091074
100,74100,10,2,22,34.1,0.24529944546654964,2.2217369090932197
100,74100,11,5,25,37.300000000000004,2.7813937385565937,2.7813937385565937
100,74100,12,4,24,36.050000000000004,0.017153929600553234,2.045536005660421
100,74100,13,5,25,37.2,0.8984024065884822,0.8984024065884822
100,74100,14,0,20,37.050000000000004,0.36265435190650025,0.36265435190650025
100,74100,15,6,26,35.9,1.165613316109309,2.834062055506612
100,74100,16,0,20,37.050000000000004,1.7459285816790193,1.7459285816790193
100,74100,17,1,21,35.65,0.1573000839724291,0.1573000839724291
100,74100,18,4,24,36.15,0.41012506411449856,0.41012506411449856
100,74100,19,4,24,36.0,0.2674759582813147,2.327440406020599
